ID,Data,channel_name,language,last_game_name,stream_title,stream_tags,classification_labels,is_branded_content
0,2025-03-20 18:41,alanzoka,pt,Assassin's Creed Shadows,acho que mais assassins creed e amanhã sexta feira 13 vou jogar asylum terrorzinho,"['Idoso', 'Gostoso', 'Português', 'DropsAtivados']",[],False
0,2025-03-20 18:41,Gaules,pt,Counter-Strike,Dia 2 Furia e Imperial em Campo Blast Open Lisboa 2025 - !socio - Siga @Gaules nas redes sociais! - #AGONBYAOCBR #AOCGaming @AgonByAOCBR,['Português'],['MatureGame'],True
0,2025-03-20 18:41,k13tv,pt,Dota 2,7x storms - SHOWMATCH 🔥  4n4log weedzao nsart skipnho elgato astini k13 tavo mun smzinho 🔥 !LOJA obg g4tts rampage zerbini,"['Português', 'Competitivo', 'English', 'Competitive', 'Ranked', 'Coach', 'music', 'gamer', 'Esports', 'Español']",[],False
0,2025-03-20 18:41,gabepeixe,pt,Grand Theft Auto V,?????????????? -  -> @GABEPEIXE !grupo !farm,['Português'],['MatureGame'],False
0,2025-03-20 18:41,guigzvlr,pt,VALORANT,SUBATHON - O RESGATE DO SOLDADO GUIGZ - DIA 11 !SUBATHON | !sub !parcerias !growth !tadala !soldado !bonoxs,['Português'],[],False
0,2025-03-20 18:41,f0rsakenwOw,pt,VALORANT,ANALISE DEEP WEB  !loco —!loco !pix !lojaeg !farmskins,['Português'],[],False
0,2025-03-20 18:41,SenhorPuuppy,pt,Minecraft,LIVE ON | BedWars Party Aberta no Mush!!  COLA AI!!   ❗️dc ❗️sr ❗️pix ❗️textura ❗️overlay,"['minecraft', 'mushmc', 'Português', 'madrugada', 'MADRUGADÃO', 'doutorbiscoito', 'RecompensasEspetadores']",[],False
0,2025-03-20 18:41,wesleyyjk,pt,Minecraft,LIVEZADA DE TODOS OS DIAS e.e - NERDZONE,"['Português', 'conversa', 'RecompensasEspetadores']",[],False
0,2025-03-20 18:41,uFyos,pt,Minecraft,[DROP DE CAPA] ESSA É A MINHA VIDA DE CLT 😭 | !OF !party,"['Português', 'entretenimiento', 'uFyos', 'RecompensasEspetadores']",[],False
1,2025-03-20 18:48,Gaules,pt,Counter-Strike,Dia 2 Furia e Imperial em Campo Blast Open Lisboa 2025 - !socio - Siga @Gaules nas redes sociais! - #AGONBYAOCBR #AOCGaming @AgonByAOCBR,['Português'],['MatureGame'],True
1,2025-03-20 18:48,alanzoka,pt,Assassin's Creed Shadows,acho que mais assassins creed e amanhã sexta feira 13 vou jogar asylum terrorzinho,"['Idoso', 'Gostoso', 'Português', 'DropsAtivados']",[],False
1,2025-03-20 18:48,f0rsakenwOw,pt,VALORANT,ANALISE DEEP WEB  !loco —!loco !pix !lojaeg !farmskins,['Português'],[],False
1,2025-03-20 18:49,Felps,pt,Contexto,39 | AFOTERA,"['Felps', 'Variedade', 'Português', 'FelpsFelps', 'FelpsFelpsFelps', 'FelpsFelpsFelpsFelps', 'FelpsFelpsFelpsFelpsFelps']",[],False
1,2025-03-20 18:49,sacy,pt,VALORANT,STELLAE x PEEK - #WATCHPARTYVCB,['Português'],[],False
1,2025-03-20 18:49,gabepeixe,pt,Grand Theft Auto V,?????????????? -  -> @GABEPEIXE !grupo !farm,['Português'],['MatureGame'],False
1,2025-03-20 18:49,enriquemachado_,pt,Counter-Strike,ALGUEM PARA TECLAR? | SORTEIO DE 3 FACAS >  !Sorteio | !topskin | !loja | !csgobig | !insane | !suaskin,['Português'],['MatureGame'],False
1,2025-03-20 18:49,max_lemos,pt,Counter-Strike,"🟢AOVIVO🟢SORTEIO DE FACA, LOBBY DO ABALO COM O CHAT @gamersclubcs 🤑(R$2,000 + na !LOJA)🤑 - SUB 2X !SORTEIO !ZAP !PIX !LOJA !COMANDOS(+18)","['FPS', 'JOGOSDETIROS', 'simulador', 'Português', 'AMA', 'Jogadoresiniciantes', 'counterstrike2', 'dropshabilidados', 'cs2counterstrike2', 'cassinoonline']",['MatureGame'],False
1,2025-03-20 18:49,LUCAS1,pt,Counter-Strike,🟢 QuéOta? ESTUDANDO OS GAMES !csgoskins,['Português'],['MatureGame'],False
2,2025-03-20 18:59,Gaules,pt,Counter-Strike,Dia 2 Furia e Imperial em Campo Blast Open Lisboa 2025 - !socio - Siga @Gaules nas redes sociais! - #AGONBYAOCBR #AOCGaming @AgonByAOCBR,['Português'],['MatureGame'],True
2,2025-03-20 18:59,alanzoka,pt,Assassin's Creed Shadows,acho que mais assassins creed e amanhã sexta feira 13 vou jogar asylum terrorzinho,"['Idoso', 'Gostoso', 'Português', 'DropsAtivados']",[],False
2,2025-03-20 18:59,gabepeixe,pt,Grand Theft Auto V,?????????????? -  -> @GABEPEIXE !grupo !farm,['Português'],['MatureGame'],False
2,2025-03-20 19:00,k13tv,pt,Dota 2,7x storms - SHOWMATCH 🔥  4n4log weedzao nsart skipnho elgato astini k13 tavo mun smzinho 🔥 !LOJA obg g4tts rampage zerbini,"['Português', 'Competitivo', 'English', 'Competitive', 'Ranked', 'Coach', 'music', 'gamer', 'Esports', 'Español']",[],False
2,2025-03-20 19:00,f0rsakenwOw,pt,VALORANT,ANALISE DEEP WEB  !loco —!loco !pix !lojaeg !farmskins,['Português'],[],False
2,2025-03-20 19:00,guigzvlr,pt,VALORANT,SUBATHON - O RESGATE DO SOLDADO GUIGZ - DIA 11 !SUBATHON | !sub !parcerias !growth !tadala !soldado !bonoxs,['Português'],[],False
2,2025-03-20 19:00,RdeCarvalho,pt,Minecraft,Carvalhistão 4.0 | ONLY SUB | #38 | !pix !bits !apoie,"['Português', 'RecompensasEspetadores']",[],False
2,2025-03-20 19:00,Taylon_TK,pt,Project Zomboid,🔥lol e PZ🔥 ❗pix ❗youtube ❗discord ❗insta ❗clip (+18) meta 520 seguidores.,"['Português', 'sonaconversa', 'batepapo', 'zomboid', 'zumbi', 'Sobrevivência']",[],False
2,2025-03-20 19:00,MatGomesz,pt,Cult of the Lamb,Parabéns SOT! Mas vamos pro culto orar (live mais curta) |❗olivia | Epic CODE: MatGomesz #ad |❗noping,"['PvP', 'PvE', 'Aventura', 'Survival', 'Português', 'Coop', 'Xbox', 'PS5', 'Trocação']",[],False
3,2025-03-20 19:08,Gaules,pt,Counter-Strike,Dia 2 Furia e Imperial em Campo Blast Open Lisboa 2025 - !socio - Siga @Gaules nas redes sociais! - #AGONBYAOCBR #AOCGaming @AgonByAOCBR,['Português'],['MatureGame'],True
3,2025-03-20 19:08,alanzoka,pt,Assassin's Creed Shadows,acho que mais assassins creed e amanhã sexta feira 13 vou jogar asylum terrorzinho,"['Idoso', 'Gostoso', 'Português', 'DropsAtivados']",[],False
3,2025-03-20 19:08,gabepeixe,pt,Grand Theft Auto V,?????????????? -  -> @GABEPEIXE !grupo !farm,['Português'],['MatureGame'],False
3,2025-03-20 19:08,k13tv,pt,Dota 2,7x storms - SHOWMATCH 🔥  4n4log weedzao nsart skipnho elgato astini k13 tavo mun smzinho 🔥 !LOJA obg g4tts rampage zerbini,"['Português', 'Competitivo', 'English', 'Competitive', 'Ranked', 'Coach', 'music', 'gamer', 'Esports', 'Español']",[],False
3,2025-03-20 19:08,f0rsakenwOw,pt,VALORANT,ANALISE DEEP WEB  !loco —!loco !pix !lojaeg !farmskins,['Português'],[],False
3,2025-03-20 19:08,guigzvlr,pt,VALORANT,SUBATHON - O RESGATE DO SOLDADO GUIGZ - DIA 11 !SUBATHON | !sub !parcerias !growth !tadala !soldado !bonoxs,['Português'],[],False
3,2025-03-20 19:08,pequenaeu,en,Call of Duty,POR hoje é só! Volto Amanha!,['English'],[],False
3,2025-03-20 19:08,hr7gameplay,pt,VALORANT,A PIOR MIRA DO LOW ELO😎 !salve !toaqui !nóia,"['gostoso', 'Idoso', 'Aíquediliça', 'Português']",[],False
3,2025-03-20 19:08,canalkats,pt,CRSED: Cuisine Royale,CRSED ROYALE ..sejam todos bem vindos...BORA CURTIR..,"['jogos', 'casual', 'gamer', 'soulslike', 'cooperativo', 'pvp', 'RPG', 'Português']",[],False
4,2025-03-20 20:01,Gaules,pt,Counter-Strike,O Plano fe vs Messitas fe ESL Impact Season 7 SA - !socio - Siga @Gaules nas redes sociais!,['Português'],['MatureGame'],True
4,2025-03-20 20:01,alanzoka,pt,Assassin's Creed Shadows,acho que mais assassins creed e amanhã sexta feira 13 vou jogar asylum terrorzinho,"['Idoso', 'Gostoso', 'Português', 'DropsAtivados']",[],False
4,2025-03-20 20:02,XAROLA_,pt,VALORANT,"O TROLLXASSO ESTÁ ONLINE, PODE COMEÇAR A BADERNA || SIGA O KING -> @xarola_","['humor', 'nordeste', 'yoru', 'lindo', 'Português', 'calvo']",[],False
4,2025-03-20 20:02,gabepeixe,pt,Grand Theft Auto V,?????????????? -  -> @GABEPEIXE !grupo !farm,['Português'],['MatureGame'],False
4,2025-03-20 20:02,Coreano,pt,VALORANT,Los Grandes 1x0 2G Academy - Gamersclub Valorant Challengers Brasil Split 1,['Português'],[],False
4,2025-03-20 20:02,sacy,pt,VALORANT,2G ACADEMY x LOS GRANDES - #WATCHPARTYVCB,['Português'],[],False
4,2025-03-20 20:02,biroPJL,pt,Grand Theft Auto V,ALO !OTG,['Português'],['MatureGame'],False
4,2025-03-20 20:02,BiaTsuuki,pt,Grand Theft Auto V,ANTES TARDE DO QUE NUNCA - GERENTE DA FRANÇA 🇫🇷🔥/ !sub / Redes Sociais: @biatsuuki,['Português'],['MatureGame'],False
4,2025-03-20 20:02,marifpss,pt,Grand Theft Auto V,DE VOLTA AO FOCO - LILAS DA NOISE  (: - cupom>marifps na growth,['Português'],['MatureGame'],False
5,2025-03-20 20:13,Gaules,pt,Counter-Strike,O Plano fe vs Messitas fe ESL Impact Season 7 SA - !socio - Siga @Gaules nas redes sociais!,['Português'],['MatureGame'],True
5,2025-03-20 20:13,gabepeixe,pt,Grand Theft Auto V,?????????????? -  -> @GABEPEIXE !grupo !farm,['Português'],['MatureGame'],False
5,2025-03-20 20:13,alanzoka,pt,Assassin's Creed Shadows,acho que mais assassins creed e amanhã sexta feira 13 vou jogar asylum terrorzinho,"['Idoso', 'Gostoso', 'Português', 'DropsAtivados']",[],False
5,2025-03-20 20:13,XAROLA_,pt,VALORANT,"O TROLLXASSO ESTÁ ONLINE, PODE COMEÇAR A BADERNA || SIGA O KING -> @xarola_","['humor', 'nordeste', 'yoru', 'lindo', 'Português', 'calvo']",[],False
5,2025-03-20 20:13,Coreano,pt,VALORANT,Los Grandes 1x0 2G Academy - Gamersclub Valorant Challengers Brasil Split 1,['Português'],[],False
5,2025-03-20 20:13,mount,pt,Neighbors: Suburban Warfare,47 / A ERA GAMER | !vlog !alura,['Português'],[],False
5,2025-03-20 20:14,LYRAFPS,pt,Counter-Strike,Live noturna rapidinha para o sorteio! @gamersclubcs ❗COMANDOS!,"['Português', 'gamestreaming', 'counterstrike2', 'CS2', 'gamersclub']",['MatureGame'],False
5,2025-03-20 20:14,fasconcelos_,pt,Counter-Strike,"GCZINHAAA COM OS RUINS❗❗  SORTEIO 5 SKINS DE R$ 200,00!!! , FARM 10X SUB!! LOJINHA ON❗LOJA ❗MSG❗SORTEIO❗WPP❗DISCORD","['Português', 'gaules', 'counterstrike2', 'neymar', 'g3x', 'sorteio', 'loja', 'gamersclub', 'faca', 'skins']","['MatureGame', 'ProfanityVulgarity']",False
5,2025-03-20 20:14,shadowsganjaking,pt,Counter-Strike,"🔞LEGALIZANDO O CS2 E A TWITCH🍁-RIFA DA FALCHION DO GANJA ACABANDO, PARTICIPE - !BITS| !PIX |!loja| !CUPOM|","['maconha', '420', 'CS2', 'Brasil', 'portugues', 'ganja', 'brasileiro', 'counterstrike', 'Cannabis', 'CannabisCommunity']",['MatureGame'],False
6,2025-03-20 20:23,Gaules,pt,Counter-Strike,O Plano fe vs Messitas fe ESL Impact Season 7 SA - !socio - Siga @Gaules nas redes sociais!,['Português'],['MatureGame'],True
6,2025-03-20 20:23,gabepeixe,pt,Grand Theft Auto V,?????????????? -  -> @GABEPEIXE !grupo !farm,['Português'],['MatureGame'],False
6,2025-03-20 20:23,alanzoka,pt,Assassin's Creed Shadows,acho que mais assassins creed e amanhã sexta feira 13 vou jogar asylum terrorzinho,"['Idoso', 'Gostoso', 'Português', 'DropsAtivados']",[],False
6,2025-03-20 20:23,Bisteconee,pt,Just Chatting,EU AINDA TO AQUI  | !discord !pix !emotes,"['entretenimento', 'Português', 'irl']",['ProfanityVulgarity'],False
6,2025-03-20 20:23,XAROLA_,pt,VALORANT,"O TROLLXASSO ESTÁ ONLINE, PODE COMEÇAR A BADERNA || SIGA O KING -> @xarola_","['humor', 'nordeste', 'yoru', 'lindo', 'Português', 'calvo']",[],False
6,2025-03-20 20:23,Coreano,pt,VALORANT,Los Grandes 1x0 2G Academy - Gamersclub Valorant Challengers Brasil Split 1,['Português'],[],False
6,2025-03-20 20:23,aXtLOL,pt,EA Sports FC 25,Fifa até o jogo do Brasil,"['Português', 'CBLOL', 'lol', 'leagueoflegeneds', 'LTA', 'IRL']",[],False
6,2025-03-20 20:23,gORDOx,pt,League of Legends,BRONZE 4 - DUO LUAN GAMEPLAYS  !pix !loja,"['gordox', 'cs', 'cs2', 'lol', 'leagueoflegends', 'Português']",[],False
6,2025-03-20 20:23,filipoppy1,pt,League of Legends,"🟠 KBM Filipoppy - porteiro do gm, pode passar 🔨 😁👍","['Português', 'Challenger', 'poppy', 'monochampion', 'twinkk']",[],False
7,2025-03-20 20:32,Gaules,pt,Counter-Strike,O Plano fe vs Messitas fe ESL Impact Season 7 SA - !socio - Siga @Gaules nas redes sociais!,['Português'],['MatureGame'],True
7,2025-03-20 20:32,gabepeixe,pt,Grand Theft Auto V,?????????????? -  -> @GABEPEIXE !grupo !farm,['Português'],['MatureGame'],False
7,2025-03-20 20:32,alanzoka,pt,Assassin's Creed Shadows,acho que mais assassins creed e amanhã sexta feira 13 vou jogar asylum terrorzinho,"['Idoso', 'Gostoso', 'Português', 'DropsAtivados']",[],False
7,2025-03-20 20:32,Bisteconee,pt,Just Chatting,EU AINDA TO AQUI  | !discord !pix !emotes,"['entretenimento', 'Português', 'irl']",['ProfanityVulgarity'],False
7,2025-03-20 20:32,XAROLA_,pt,VALORANT,"O TROLLXASSO ESTÁ ONLINE, PODE COMEÇAR A BADERNA || SIGA O KING -> @xarola_","['humor', 'nordeste', 'yoru', 'lindo', 'Português', 'calvo']",[],False
7,2025-03-20 20:33,Baiano,pt,League of Legends,🔴 CIRCUITÃO: KBM x SCCP 🔴 🌴 Próximo programa a confirmar !grupo !bb [RETRANSMISSÃO] !status !kbmidl,['Português'],[],False
7,2025-03-20 20:33,EiMine77,pt,Minecraft,✅ RECOMPENSAS ON! | ⭐ SEJA RÁPIDO E GANHE UMA CAPA DE GRAÇA: !CAPA | 💘 INSTAGRAM: @EIMINE77 | !ajuda !rerun !sub !subgratis !loja,"['Minecraft', 'EiMine', 'Português', 'RecompensasEspetadores']",[],False
7,2025-03-20 20:33,facemydemonss,pt,Minecraft,"LIVE INFINITA DIA 3 !PIX  !tabela 1 real = 3m, sub = 5m 100 bits = 3m","['Português', 'RecompensasEspetadores']",[],False
7,2025-03-20 20:33,SenhorPuuppy,pt,Minecraft,LIVE ON | BedWars Party Aberta no Mush!!  COLA AI!!   ❗️dc ❗️sr ❗️pix ❗️textura ❗️overlay,"['minecraft', 'mushmc', 'Português', 'madrugada', 'MADRUGADÃO', 'doutorbiscoito', 'RecompensasEspetadores']",[],False
8,2025-03-21 04:02,EiMine77,pt,Minecraft,✅ RECOMPENSAS ON! | ⭐ SEJA RÁPIDO E GANHE UMA CAPA DE GRAÇA: !CAPA | 💘 INSTAGRAM: @EIMINE77 | !ajuda !rerun !sub !subgratis !loja,"['Minecraft', 'EiMine', 'Português', 'RecompensasEspetadores']",[],False
8,2025-03-21 04:02,BobSiqueira,pt,Counter-Strike,QUINTA-FEIRA DOS CRIA❗FORMULÁRIO ❗FARM 5X❗TopSkins ❗ Insane gg❗Loja ❗XTSKINS,"['Português', 'Bobzao', 'BobSiqueira', 'CS2', 'cs2stream', 'cs2skin', 'cs2brasil', 'cs2memes', 'cs2gameplay', 'reacts']",['MatureGame'],True
8,2025-03-21 04:02,mathg,pt,Minecraft,BANCA PRA TODO MUNDO !drop !clash,"['Português', 'English', 'RecompensasEspetadores']",[],False
8,2025-03-21 04:02,oiTina_,pt,PowerWash Simulator,Dia de limpeza!! (tô jogando pelo Parsec) ❗dc❗comandos,"['Português', 'LGBT', 'Mulher']",[],False
8,2025-03-21 04:02,Saullo,pt,Counter-Strike,SORTEIO LUVA de R$7.300 HOJE + DEPÓSITO NA CONTA DE VOCÊS + SORTEIO 100 DÓLARES (AO VIVO),"['Português', 'skinscsgo', 'CSGO', 'SORTEIO', 'PIX', 'SKINS', 'FPS', 'Brasil', 'CS2', 'cs2beta']",['MatureGame'],True
8,2025-03-21 04:02,pinkrafa,pt,Counter-Strike,"Em ritmo de Blast, quase sextou!!! colaaaa  =) !ingresso para sorteio 1500 seguidores","['CS2', 'counterstrike', 'gaming', 'GamingLive', 'Esports', 'fps', 'CS2Live', 'gaules', 'TRIBONERA', 'Brasil']",['MatureGame'],False
8,2025-03-21 04:03,MandrakaMb,pt,Grand Theft Auto V,+18 [FLOW RP]  VIVENDO .....,"['flowrp', 'flowatos2', 'gtarp', 'rp', 'pvp', 'Português']",['MatureGame'],False
8,2025-03-21 04:03,zThoom,pt,Grand Theft Auto V,PRODIGY RP - O QUE EU TO FAZENDO,"['GTARP', 'CDA', 'CPX', 'P1', 'Português', 'gar', 'metropole', 'complexo', 'cpxxp']",['MatureGame'],False
8,2025-03-21 04:03,mcfanho_rp,pt,Grand Theft Auto V,CPX/metroville| Causando na metroville + Gar vida loka  (top 2 cpx awards mellhores p1 cpx),"['Português', 'Reposição']","['MatureGame', 'ProfanityVulgarity']",True
9,2025-03-21 04:15,EiMine77,pt,Minecraft,✅ RECOMPENSAS ON! | ⭐ SEJA RÁPIDO E GANHE UMA CAPA DE GRAÇA: !CAPA | 💘 INSTAGRAM: @EIMINE77 | !ajuda !rerun !sub !subgratis !loja,"['Minecraft', 'EiMine', 'Português', 'RecompensasEspetadores']",[],False
9,2025-03-21 04:15,BobSiqueira,pt,Counter-Strike,QUINTA-FEIRA DOS CRIA❗FORMULÁRIO ❗FARM 5X❗TopSkins ❗ Insane gg❗Loja ❗XTSKINS,"['Português', 'Bobzao', 'BobSiqueira', 'CS2', 'cs2stream', 'cs2skin', 'cs2brasil', 'cs2memes', 'cs2gameplay', 'reacts']",['MatureGame'],True
9,2025-03-21 04:15,mathg,pt,Minecraft,BANCA PRA TODO MUNDO !drop !clash,"['Português', 'English', 'RecompensasEspetadores']",[],False
9,2025-03-21 04:15,Bkinho,pt,Grand Theft Auto V,VOU COBRAR O FENIX HOJE?! BROOOTA,"['Português', 'Turquia', 'Hype', 'Bkinho']",['MatureGame'],False
9,2025-03-21 04:15,foguinhorj_,pt,Grand Theft Auto V,Aqui tem foco day 3 ❗pix    ❗insta 👉🏻 @foguinhorj_,['Português'],['MatureGame'],False
9,2025-03-21 04:15,pinkrafa,pt,Counter-Strike,"Em ritmo de Blast, quase sextou!!! colaaaa  =) !ingresso para sorteio 1500 seguidores","['CS2', 'counterstrike', 'gaming', 'GamingLive', 'Esports', 'fps', 'CS2Live', 'gaules', 'TRIBONERA', 'Brasil']",['MatureGame'],False
9,2025-03-21 04:15,EriclesSavio10,pt,Overwatch 2,"413 I (drops on) Bora meu time, sextou❗btag ❗addmarvel❗sorteio ❗comandos","['Português', 'fps', 'youtube', 'PlayStation', 'Overｗatch2', 'games', 'gameplay', 'marvelrivals', 'marvel', 'DropsAtivados']",[],False
9,2025-03-21 04:15,ShiandeGames,en,Streets of Rage Remake,MÊS DE ANIVERSÁRIO DO MACHO! ENTREM NA RIFA! Shianderu playing Streets of Rage Remake !rifa,"['Português', 'English']",[],True
9,2025-03-21 04:15,Faccolina,pt,Just Chatting,[+18] ROLETINHA DE ANIME E COMEMORAÇAO DE MIL INSCRITOS!!!! - !discord !insta !pix,"['Português', 'girlstreaming', 'repo']",['ProfanityVulgarity'],False
10,2025-03-21 08:02,EiMine77,pt,Minecraft,✅ RECOMPENSAS ON! | ⭐ SEJA RÁPIDO E GANHE UMA CAPA DE GRAÇA: !CAPA | 💘 INSTAGRAM: @EIMINE77 | !ajuda !rerun !sub !subgratis !loja,"['Minecraft', 'EiMine', 'Português', 'RecompensasEspetadores']",[],False
10,2025-03-21 08:02,yaasdishavaofc,pt,Grand Theft Auto V,(+18) Lado Leste / Todos pobres ? GERENTE ON / CODIGUIN ❗pix ❗cdd ❗dc ❗pc ❗hl ❗insta ❗ttk,"['GTARPLIVE', 'cpx', 'capitalcity', 'LadoLesteRP', 'ptbr', 'fivem', 'Português', 'desempregada', 'Desempregado', 'metropolegg']",['MatureGame'],False
10,2025-03-21 08:02,BLASTPremier,en,Counter-Strike,"BLAST Premier Open Spring 2025, Group Stage, Day 3: The Huns vs Falcons,  Astralis vs FaZe Clan, Spirit vs MOUZ, Vitality vs Virtus.pro","['Esports', 'English', 'BLAST', 'blastpremier', 'counterstrike', 'counterstrike2']",['MatureGame'],False
10,2025-03-21 08:02,EiMine24h,pt,Minecraft,✅ RECOMPENSAS ON! | ⭐ SEJA RÁPIDO E GANHE UMA CAPA DE GRAÇA: !CAPA | 💘 INSTAGRAM: @EIMINE77 | !ajuda !rerun !subgratis !loja,"['Português', 'Minecraft', 'EiMine', 'RecompensasEspetadores']",[],False
10,2025-03-21 08:02,Dede,pt,Just Chatting,PAPITHON DIA 34 - DEDSCINEEE,['Português'],[],False
10,2025-03-21 08:02,CarecaSincero,pt,Marvel Rivals,!LOJA Marvel Rivals? Sei nem com quem eu vou..,"['English', 'FARMPIX', 'PIX', 'loja', 'mechabreakplaytest', 'Português', 'DropsAtivados']",[],False
10,2025-03-21 08:02,PRECOCE_LENTO,pt,Just Chatting,MAIS TARDE ESTOU DE VOLTA - DEIXE NO LURK SE PUDER 🙏,['Português'],[],False
10,2025-03-21 08:02,nanda_w0w,pt,Fortnite,REPRISE 💚Modo raiz para os fortes 💖   fortnite 💚 insta💚 discord💚🔇,"['Português', 'Reposição']",[],True
10,2025-03-21 08:02,ASennan,pt,Teamfight Tactics,(+18) ✨Entao quer dizer que é sexta? :) || !subathon !loja !meta !desejos !pix !redes !asenna || @asennan,"['jogajunto', 'girls', 'rankeada', 'Português', 'mulher', 'lgbt', 'live', 'pedintevirtual']",['ProfanityVulgarity'],False
11,2025-03-21 08:14,EiMine77,pt,Minecraft,✅ RECOMPENSAS ON! | ⭐ SEJA RÁPIDO E GANHE UMA CAPA DE GRAÇA: !CAPA | 💘 INSTAGRAM: @EIMINE77 | !ajuda !rerun !sub !subgratis !loja,"['Minecraft', 'EiMine', 'Português', 'RecompensasEspetadores']",[],False
11,2025-03-21 08:14,BLASTPremier,en,Counter-Strike,"BLAST Premier Open Spring 2025, Group Stage, Day 3: The Huns vs Falcons,  Astralis vs FaZe Clan, Spirit vs MOUZ, Vitality vs Virtus.pro","['Esports', 'English', 'BLAST', 'blastpremier', 'counterstrike', 'counterstrike2']",['MatureGame'],False
11,2025-03-21 08:14,CarecaSincero,pt,Marvel Rivals,!LOJA Marvel Rivals? Sei nem com quem eu vou..,"['English', 'FARMPIX', 'PIX', 'loja', 'mechabreakplaytest', 'Português', 'DropsAtivados']",[],False
11,2025-03-21 08:14,EiMine24h,pt,Minecraft,✅ RECOMPENSAS ON! | ⭐ SEJA RÁPIDO E GANHE UMA CAPA DE GRAÇA: !CAPA | 💘 INSTAGRAM: @EIMINE77 | !ajuda !rerun !subgratis !loja,"['Português', 'Minecraft', 'EiMine', 'RecompensasEspetadores']",[],False
11,2025-03-21 08:15,BeatrizBottino,pt,Just Chatting,TREINO DE SEXTA COM @gaules e @sergioperesneto,"['brasil', 'irl', 'vidareal', 'Português', 'CoWorking', 'UXUI', 'English', 'mulher', 'react', 'InRealLifeChat']",[],False
11,2025-03-21 08:15,yaasdishavaofc,pt,Grand Theft Auto V,(+18) Lado Leste / Todos pobres ? GERENTE ON / CODIGUIN ❗pix ❗cdd ❗dc ❗pc ❗hl ❗insta ❗ttk,"['GTARPLIVE', 'cpx', 'capitalcity', 'LadoLesteRP', 'ptbr', 'fivem', 'Português', 'desempregada', 'Desempregado', 'metropolegg']",['MatureGame'],False
11,2025-03-21 08:15,LeoDark_tv,pt,RavenQuest,(LoboFM) Coé ajuda ai po | !mos | !donate,"['AMA', 'Portugues', 'Iniciante', 'Navegacao', 'Rock', 'Português', 'ConversaMusical']",[],False
11,2025-03-21 08:15,Capuz_IBr,pt,FPS Trainer,AFK - Valorant,"['FPS', 'GAME', 'Português', 'Reposição']",[],False
11,2025-03-21 08:15,Ronaldo_fenomenoo2,pt,Grand Theft Auto V,CAPITAL +18 - Ronaldo em uma nova facção NPN nóis por nóis - !pix !livepix !id !prime,['Português'],['MatureGame'],False
12,2025-03-21 12:02,EiMine77,pt,Minecraft,✅ RECOMPENSAS ON! | ⭐ SEJA RÁPIDO E GANHE UMA CAPA DE GRAÇA: !CAPA | 💘 INSTAGRAM: @EIMINE77 | !ajuda !rerun !sub !subgratis !loja,"['Minecraft', 'EiMine', 'Português', 'RecompensasEspetadores']",[],False
12,2025-03-21 12:02,FaelScamander,pt,Fortnite,🟢Sextouuu! - GAMEPLAY E ALEGRIA - JOGANDO COM O CHAT [ APOIE: FAELSCAMANDER #AD] 😃❗YOUTUBE❗TIKTOK ❗ARENA,"['DIVERSÃO', 'INTERAÇÃO', 'FazerAmigos', 'Jogandocomespectadores', 'Português', 'fps', 'battleroyale', 'survival', 'simulador']",[],False
12,2025-03-21 12:02,CarecaSincero,pt,Marvel Rivals,!LOJA Marvel Rivals? Sei nem com quem eu vou..,"['English', 'FARMPIX', 'PIX', 'loja', 'mechabreakplaytest', 'Português', 'DropsAtivados']",[],False
12,2025-03-21 12:03,yaasdishavaofc,pt,Grand Theft Auto V,(+18) Lado Leste / Todos pobres ? GERENTE ON / CODIGUIN ❗pix ❗cdd ❗dc ❗pc ❗hl ❗insta ❗ttk,"['GTARPLIVE', 'cpx', 'capitalcity', 'LadoLesteRP', 'ptbr', 'fivem', 'Português', 'desempregada', 'Desempregado', 'metropolegg']",['MatureGame'],False
12,2025-03-21 12:03,EiMine24h,pt,Minecraft,✅ RECOMPENSAS ON! | ⭐ SEJA RÁPIDO E GANHE UMA CAPA DE GRAÇA: !CAPA | 💘 INSTAGRAM: @EIMINE77 | !ajuda !rerun !subgratis !loja,"['Português', 'Minecraft', 'EiMine', 'RecompensasEspetadores']",[],False
12,2025-03-21 12:03,BLASTPremier,en,Counter-Strike,"BLAST Premier Open Spring 2025, Group Stage, Day 3: The Huns vs Falcons,  Astralis vs FaZe Clan, Spirit vs MOUZ, Vitality vs Virtus.pro","['Esports', 'English', 'BLAST', 'blastpremier', 'counterstrike', 'counterstrike2']",['MatureGame'],False
12,2025-03-21 12:03,Ralisco,pt,Arena Breakout: Infinite,🔥🔥🔥 !CAMPEONATO DOMINGO COM $1.300 TRUMPS DE PREMIAÇÂO ---> RALISCO SHOWDOWN 🔥🔥🔥,"['ModoSobrevivência', 'PvP', 'Brasil', 'Português', 'Tutorial']",[],False
12,2025-03-21 12:03,LilicaFreitas,pt,Just Chatting,SUBATHON  #DIA10  | !subathon !pix !epic !jogar #Exitlag #mos.gg,"['Português', 'pcgamepasspartner', 'Keymailer', 'Jogadoresiniciantes', 'splitfiction', 'Jogandocomespectadores', 'jogandocomochat', 'Fortnite', 'mosgg', 'vidareal']",[],True
12,2025-03-21 12:03,Soneca720x1080,pt,Fortnite,🔴AO VIVO🔴 FORTNITE ZB +18  @1privaz16_❤️,"['FortniteRanked', 'Português', 'Fortnite', 'ＦＯＲＴＮＩＴＥ', 'reloadzerobuild', 'Trocação', 'reloadfortnite', 'JogarComEspetadores', 'jogandocomochat']",[],False
13,2025-03-21 12:12,EiMine77,pt,Minecraft,✅ RECOMPENSAS ON! | ⭐ SEJA RÁPIDO E GANHE UMA CAPA DE GRAÇA: !CAPA | 💘 INSTAGRAM: @EIMINE77 | !ajuda !rerun !sub !subgratis !loja,"['Minecraft', 'EiMine', 'Português', 'RecompensasEspetadores']",[],False
13,2025-03-21 12:12,FaelScamander,pt,Fortnite,🟢Sextouuu! - GAMEPLAY E ALEGRIA - JOGANDO COM O CHAT [ APOIE: FAELSCAMANDER #AD] 😃❗YOUTUBE❗TIKTOK ❗ARENA,"['DIVERSÃO', 'INTERAÇÃO', 'FazerAmigos', 'Jogandocomespectadores', 'Português', 'fps', 'battleroyale', 'survival', 'simulador']",[],False
13,2025-03-21 12:12,CarecaSincero,pt,Marvel Rivals,!LOJA Marvel Rivals? Sei nem com quem eu vou..,"['English', 'FARMPIX', 'PIX', 'loja', 'mechabreakplaytest', 'Português', 'DropsAtivados']",[],False
13,2025-03-21 12:12,yaasdishavaofc,pt,Grand Theft Auto V,(+18) Lado Leste / Todos pobres ? GERENTE ON / CODIGUIN ❗pix ❗cdd ❗dc ❗pc ❗hl ❗insta ❗ttk,"['GTARPLIVE', 'cpx', 'capitalcity', 'LadoLesteRP', 'ptbr', 'fivem', 'Português', 'desempregada', 'Desempregado', 'metropolegg']",['MatureGame'],False
13,2025-03-21 12:12,EiMine24h,pt,Minecraft,✅ RECOMPENSAS ON! | ⭐ SEJA RÁPIDO E GANHE UMA CAPA DE GRAÇA: !CAPA | 💘 INSTAGRAM: @EIMINE77 | !ajuda !rerun !subgratis !loja,"['Português', 'Minecraft', 'EiMine', 'RecompensasEspetadores']",[],False
13,2025-03-21 12:13,BLASTPremier,en,Counter-Strike,"BLAST Premier Open Spring 2025, Group Stage, Day 3: The Huns vs Falcons,  Astralis vs FaZe Clan, Spirit vs MOUZ, Vitality vs Virtus.pro","['Esports', 'English', 'BLAST', 'blastpremier', 'counterstrike', 'counterstrike2']",['MatureGame'],False
13,2025-03-21 12:13,CoxtaDan,en,Just Chatting,🔴LOJA EM BREVE / LOFI - GIRLS,"['English', 'lofi', 'lofigirl', 'chillingstream', 'relaxing']",[],False
13,2025-03-21 12:13,balaperdidarj,pt,Just Chatting,Concentração e Diversão no Word on Stream,"['Português', 'English', 'wordsonstream']",[],False
13,2025-03-21 12:13,MichaelPearl_,en,Fortnite,fortnite - loja ta vindo ai,"['English', 'FarmVBucks']",[],False
14,2025-03-21 12:25,EiMine77,pt,Minecraft,✅ RECOMPENSAS ON! | ⭐ SEJA RÁPIDO E GANHE UMA CAPA DE GRAÇA: !CAPA | 💘 INSTAGRAM: @EIMINE77 | !ajuda !rerun !sub !subgratis !loja,"['Minecraft', 'EiMine', 'Português', 'RecompensasEspetadores']",[],False
14,2025-03-21 12:25,FaelScamander,pt,Fortnite,🟢Sextouuu! - GAMEPLAY E ALEGRIA - JOGANDO COM O CHAT [ APOIE: FAELSCAMANDER #AD] 😃❗YOUTUBE❗TIKTOK ❗ARENA,"['DIVERSÃO', 'INTERAÇÃO', 'FazerAmigos', 'Jogandocomespectadores', 'Português', 'fps', 'battleroyale', 'survival', 'simulador']",[],False
14,2025-03-21 12:25,CarecaSincero,pt,Marvel Rivals,!LOJA Marvel Rivals? Sei nem com quem eu vou..,"['English', 'FARMPIX', 'PIX', 'loja', 'mechabreakplaytest', 'Português', 'DropsAtivados']",[],False
14,2025-03-21 12:25,yaasdishavaofc,pt,Grand Theft Auto V,(+18) Lado Leste / Todos pobres ? GERENTE ON / CODIGUIN ❗pix ❗cdd ❗dc ❗pc ❗hl ❗insta ❗ttk,"['GTARPLIVE', 'cpx', 'capitalcity', 'LadoLesteRP', 'ptbr', 'fivem', 'Português', 'desempregada', 'Desempregado', 'metropolegg']",['MatureGame'],False
14,2025-03-21 12:26,EiMine24h,pt,Minecraft,✅ RECOMPENSAS ON! | ⭐ SEJA RÁPIDO E GANHE UMA CAPA DE GRAÇA: !CAPA | 💘 INSTAGRAM: @EIMINE77 | !ajuda !rerun !subgratis !loja,"['Português', 'Minecraft', 'EiMine', 'RecompensasEspetadores']",[],False
14,2025-03-21 12:26,BLASTPremier,en,Counter-Strike,"BLAST Premier Open Spring 2025, Group Stage, Day 3: The Huns vs Falcons,  Astralis vs FaZe Clan, Spirit vs MOUZ, Vitality vs Virtus.pro","['Esports', 'English', 'BLAST', 'blastpremier', 'counterstrike', 'counterstrike2']",['MatureGame'],False
14,2025-03-21 12:26,gabitriiste,pt,Dead by Daylight,[+18 ] 1 MES DE SUBATHON   - Jogando e Conversando com o Chat !pix !subathon !discord !comandos,"['Português', 'batepapo', 'jogos', 'deadbbydaylight', 'LGBTQIAPlus', 'subathon', 'English', 'Reposição']",['MatureGame'],True
14,2025-03-21 12:26,RickAfonso1,pt,Dead by Daylight,SEXTOU COM DBD E PHASMO | METAS ON | !COMANDOS,"['lgbt', 'diversão', 'Português', 'tdah', 'Gay', 'humor']",['MatureGame'],False
14,2025-03-21 12:26,Bluezinho2,pt,Dead by Daylight,[+18] 💙COMPETITIVO NO OW2 + MISTURA CAÓTICA NO DBD. VAMOS LÁ. Ajuda a bater 1k de seguidores <3,"['LGBTQIAPlus', 'Português', 'ＤBD', 'GamesAndChatting', 'Jogandocomespectadores', 'fallguys', 'Gostoso', 'Veganismos', 'Overｗatch2', 'deadbbydaylight']","['MatureGame', 'ProfanityVulgarity']",False
15,2025-03-21 16:04,EiMine77,pt,Minecraft,✅ RECOMPENSAS ON! | ⭐ SEJA RÁPIDO E GANHE UMA CAPA DE GRAÇA: !CAPA | 💘 INSTAGRAM: @EIMINE77 | !ajuda !rerun !sub !subgratis !loja,"['Minecraft', 'EiMine', 'Português', 'RecompensasEspetadores']",[],False
15,2025-03-21 16:04,ferraocx,pt,Grand Theft Auto V,VAI TOMANDO POR DE DENTRO,['Português'],['MatureGame'],False
15,2025-03-21 16:04,JessiePangaio,pt,VALORANT,"Ranqueadas mas só tem gente ruim, incluindo eu❗️nuuvem ❗️afiliado","['English', 'Português', 'Anime', 'NintendoSwitch', 'Vtuber', 'VtuberLatam', 'Pokémon', 'girlstreaming', 'catgirl', 'Gacha']",[],False
15,2025-03-21 16:04,shadowsganjaking,pt,Counter-Strike,"🔞LEGALIZANDO O CS2 E A TWITCH🍁-RIFA DA FALCHION DO GANJA ACABANDO, PARTICIPE - !BITS| !PIX |!loja| !CUPOM|","['maconha', '420', 'CS2', 'Brasil', 'portugues', 'ganja', 'brasileiro', 'counterstrike', 'Cannabis', 'CannabisCommunity']",['MatureGame'],False
15,2025-03-21 16:04,KaiCenat,en,Just Chatting,🇧🇷 IRL BRAZIL STREAM 🇧🇷,"['English', 'ADHD', 'LOUD', 'gaming', 'AMP']",[],False
15,2025-03-21 16:04,CarecaSincero,pt,Marvel Rivals,!LOJA Marvel Rivals? Sei nem com quem eu vou..,"['English', 'FARMPIX', 'PIX', 'loja', 'mechabreakplaytest', 'Português', 'DropsAtivados']",[],False
15,2025-03-21 16:04,CacadorCapixaba,pt,Red Dead Redemption 2,[+18] [ATLANTA RP] CAPIXABA TÁ DE VOLTA AO LAR! Cupom: CAPIXABA - 95% RESENHA E 5% GAMEPLAY,"['Português', 'Portugal', 'AMA', 'rdr2', 'Roleplay', 'Brasil', 'RPG']","['MatureGame', 'ProfanityVulgarity']",False
15,2025-03-21 16:04,BRUXAO_GAMER,pt,Call of Duty: Warzone,🎥rerun🎥 GANHE 2 RODADAS GRÁTIS NA ROLEITA !rerun,"['AMA', 'JogadoresIniciantes', 'ModoBattleRoyale', 'HypeTrain', 'Ação', 'Ansiedade', 'FPS', 'Jogodetiro', 'Português']",['MatureGame'],False
15,2025-03-21 16:04,SLKRETROZADA,pt,Counter-Strike,SEXTOUUUU GRINDS   ! !vaquinha !otimização @matazera @pezingamer @samagabrieru,"['mouse', 'teclado', 'portugues', 'competitivo', 'proplayerPortuguês', 'proplayer', 'proplayer', 'CS2', 'cs2counterstrike2', 'cs2major']",['MatureGame'],False
16,2025-03-21 16:12,EiMine24h,pt,Minecraft,✅ RECOMPENSAS ON! | ⭐ SEJA RÁPIDO E GANHE UMA CAPA DE GRAÇA: !CAPA | 💘 INSTAGRAM: @EIMINE77 | !ajuda !rerun !subgratis !loja,"['Português', 'Minecraft', 'EiMine', 'RecompensasEspetadores']",[],False
16,2025-03-21 16:12,Nogal,pt,inZOI,[DROPS ON] JOGANDO INZOI | BORA BATER A META DE !PARCEIROPLUS| !nuuvem !amazon !shopee,"['mulheresgamers', 'diversos', 'Português', 'DropsAtivados']",[],False
16,2025-03-21 16:12,mount,pt,Counter-Strike,48 / BEN STILLER.... NOIS VAI SE DESENTENDE | !vlog !alura,['Português'],['MatureGame'],False
16,2025-03-21 16:12,shadowsganjaking,pt,Counter-Strike,"🔞LEGALIZANDO O CS2 E A TWITCH🍁-RIFA DA FALCHION DO GANJA ACABANDO, PARTICIPE - !BITS| !PIX |!loja| !CUPOM|","['maconha', '420', 'CS2', 'Brasil', 'portugues', 'ganja', 'brasileiro', 'counterstrike', 'Cannabis', 'CannabisCommunity']",['MatureGame'],False
16,2025-03-21 16:12,yaasdishavaofc,pt,Grand Theft Auto V,(+18) Lado Leste / Todos pobres ? GERENTE ON / CODIGUIN ❗pix ❗cdd ❗dc ❗pc ❗hl ❗insta ❗ttk,"['GTARPLIVE', 'cpx', 'capitalcity', 'LadoLesteRP', 'ptbr', 'fivem', 'Português', 'desempregada', 'Desempregado', 'metropolegg']",['MatureGame'],False
16,2025-03-21 16:12,EiMine77,pt,Minecraft,✅ RECOMPENSAS ON! | ⭐ SEJA RÁPIDO E GANHE UMA CAPA DE GRAÇA: !CAPA | 💘 INSTAGRAM: @EIMINE77 | !ajuda !rerun !sub !subgratis !loja,"['Minecraft', 'EiMine', 'Português', 'RecompensasEspetadores']",[],False
16,2025-03-21 16:12,uFyos,pt,Minecraft,[DROP DE CAPA] JOGANDO COM O CHAT | !OF !PARTY,"['Português', 'entretenimiento', 'uFyos', 'RecompensasEspetadores']",[],False
16,2025-03-21 16:12,tigas_joga,pt,Minecraft,"0,1 % FOCO ❗PIX ❗DC ❗INSTA","['br', 'Português', 'jogos', 'suetam1v4', 'Fortnite', 'minecraft', 'RecompensasEspetadores']",[],False
16,2025-03-21 16:12,SenhorPuuppy,pt,Minecraft,LIVE ON | BedWars Party Aberta no Mush!!  COLA AI!!   ❗️dc ❗️sr ❗️pix ❗️textura ❗️overlay,"['minecraft', 'mushmc', 'Português', 'madrugada', 'MADRUGADÃO', 'doutorbiscoito', 'RecompensasEspetadores']",[],False
17,2025-03-21 16:24,EiMine77,pt,Minecraft,✅ RECOMPENSAS ON! | ⭐ SEJA RÁPIDO E GANHE UMA CAPA DE GRAÇA: !CAPA | 💘 INSTAGRAM: @EIMINE77 | !ajuda !rerun !sub !subgratis !loja,"['Minecraft', 'EiMine', 'Português', 'RecompensasEspetadores']",[],False
17,2025-03-21 16:24,ferraocx,pt,Grand Theft Auto V,VAI TOMANDO POR DE DENTRO,['Português'],['MatureGame'],False
17,2025-03-21 16:24,shadowsganjaking,pt,Counter-Strike,"🔞LEGALIZANDO O CS2 E A TWITCH🍁-RIFA DA FALCHION DO GANJA ACABANDO, PARTICIPE - !BITS| !PIX |!loja| !CUPOM|","['maconha', '420', 'CS2', 'Brasil', 'portugues', 'ganja', 'brasileiro', 'counterstrike', 'Cannabis', 'CannabisCommunity']",['MatureGame'],False
17,2025-03-21 16:24,KaiCenat,en,Just Chatting,🇧🇷 IRL BRAZIL STREAM 🇧🇷,"['English', 'ADHD', 'LOUD', 'gaming', 'AMP']",[],False
17,2025-03-21 16:24,CarecaSincero,pt,Marvel Rivals,!LOJA Marvel Rivals? Sei nem com quem eu vou..,"['English', 'FARMPIX', 'PIX', 'loja', 'mechabreakplaytest', 'Português', 'DropsAtivados']",[],False
17,2025-03-21 16:24,yaasdishavaofc,pt,Grand Theft Auto V,(+18) Lado Leste / Todos pobres ? GERENTE ON / CODIGUIN ❗pix ❗cdd ❗dc ❗pc ❗hl ❗insta ❗ttk,"['GTARPLIVE', 'cpx', 'capitalcity', 'LadoLesteRP', 'ptbr', 'fivem', 'Português', 'desempregada', 'Desempregado', 'metropolegg']",['MatureGame'],False
17,2025-03-21 16:24,MiyaTsuki,pt,Just Chatting,"ଘ(੭ˊ꒳ˋ)੭✧ Não fala comigo, eu tô emo ):","['vtuber', 'Casual', 'Português']",[],False
17,2025-03-21 16:24,VLuna31,pt,Zenless Zone Zero,SEXTOOOOOOOOOOOOOOOOOOOOOOOOOOOOOOOOOOOOOOOOOOOOOOOOOOOOOOOU,"['português', 'Brasil', 'Português', 'Vtuber', 'VTUBER', 'VtuberBR', 'GenshinnImpact', 'otakugirl', 'DropsAtivados']",[],False
17,2025-03-21 16:24,M4g0Kun,pt,inZOI,"[DROPS] TESTANDO O THE S...digo, INZOI |❕nuuvem | ❕mduck ❕kps ❕exitlag ❕rei","['Iniciantes', 'Cooperativo', 'Overclock', 'Brasil', 'Português', 'Conversa', 'Divertido', 'Genshin', 'OverwatchCreators', 'holidayhoopla']",[],False
18,2025-03-21 16:35,EiMine77,pt,Minecraft,✅ RECOMPENSAS ON! | ⭐ SEJA RÁPIDO E GANHE UMA CAPA DE GRAÇA: !CAPA | 💘 INSTAGRAM: @EIMINE77 | !ajuda !rerun !sub !subgratis !loja,"['Minecraft', 'EiMine', 'Português', 'RecompensasEspetadores']",[],False
18,2025-03-21 16:35,EiMine24h,pt,Minecraft,✅ RECOMPENSAS ON! | ⭐ SEJA RÁPIDO E GANHE UMA CAPA DE GRAÇA: !CAPA | 💘 INSTAGRAM: @EIMINE77 | !ajuda !rerun !subgratis !loja,"['Português', 'Minecraft', 'EiMine', 'RecompensasEspetadores']",[],False
18,2025-03-21 16:35,ferraocx,pt,Grand Theft Auto V,VAI TOMANDO POR DE DENTRO,['Português'],['MatureGame'],False
18,2025-03-21 16:35,yaasdishavaofc,pt,Grand Theft Auto V,(+18) Lado Leste / Todos pobres ? GERENTE ON / CODIGUIN ❗pix ❗cdd ❗dc ❗pc ❗hl ❗insta ❗ttk,"['GTARPLIVE', 'cpx', 'capitalcity', 'LadoLesteRP', 'ptbr', 'fivem', 'Português', 'desempregada', 'Desempregado', 'metropolegg']",['MatureGame'],False
18,2025-03-21 16:35,CarecaSincero,pt,Marvel Rivals,!LOJA Marvel Rivals? Sei nem com quem eu vou..,"['English', 'FARMPIX', 'PIX', 'loja', 'mechabreakplaytest', 'Português', 'DropsAtivados']",[],False
18,2025-03-21 16:36,shadowsganjaking,pt,Counter-Strike,"🔞LEGALIZANDO O CS2 E A TWITCH🍁-RIFA DA FALCHION DO GANJA ACABANDO, PARTICIPE - !BITS| !PIX |!loja| !CUPOM|","['maconha', '420', 'CS2', 'Brasil', 'portugues', 'ganja', 'brasileiro', 'counterstrike', 'Cannabis', 'CannabisCommunity']",['MatureGame'],False
18,2025-03-21 16:36,oimille,pt,Fortnite,SEXTAMOOOS❗JOGAR  ❗NICK ❗PRESENTE❗PRIME ❗PIX ❗INSTA ❗DISCORD,['Português'],[],True
18,2025-03-21 16:36,Pixzinha,pt,Fortnite,Live anti gente sonsa | Sem Cam | Use code PIXZINHA #ad |❗pix ❗desafios,"['Fortnite', 'GIRL', 'Português', 'BattleRoyale', 'epicpartner', 'fps', 'Phasmophobia', 'Ranked']",['ProfanityVulgarity'],False
18,2025-03-21 16:36,ViviAndrade,pt,Just Chatting,REACT: PESADELO NA COZINHA | USE CODE: V1VIANDRADE | ✨ FARM SKINS E V-BUCKS NA LOJA ✨,"['Vivi', 'Português', 'Fortnite', 'ZeroBuildFortnite', 'interação', 'Jogandocomespectadores', 'Mulher', 'subathon', 'reload']",['ProfanityVulgarity'],False
19,2025-03-21 20:03,iShadowWolf_,pt,It Takes Two,(+18) Livezinha Muito Doida!   ||   (❗comandos ❗metas ❗drops)   ||   (Epic Code: SHADOWOLF),['Português'],[],False
19,2025-03-21 20:03,EiMine77,pt,Minecraft,✅ RECOMPENSAS ON! | ⭐ SEJA RÁPIDO E GANHE UMA CAPA DE GRAÇA: !CAPA | 💘 INSTAGRAM: @EIMINE77 | !ajuda !rerun !sub !subgratis !loja,"['Minecraft', 'EiMine', 'Português', 'RecompensasEspetadores']",[],False
19,2025-03-21 20:03,shadowsganjaking,pt,Counter-Strike,"🔞LEGALIZANDO O CS2 E A TWITCH🍁-RIFA DA FALCHION DO GANJA ACABANDO, PARTICIPE - !BITS| !PIX |!loja| !CUPOM|","['maconha', '420', 'CS2', 'Brasil', 'portugues', 'ganja', 'brasileiro', 'counterstrike', 'Cannabis', 'CannabisCommunity']",['MatureGame'],False
19,2025-03-21 20:03,mae_joga45,pt,Overwatch 2,(+18) 🎮 {DROPS ON ]  me ajudem a bater a meta de 1 mil seguidores 🫂🫂🩷🩷 - !comandos,"['Português', 'jogodeterror', 'jogofps', 'diversãogarantida', 'DropsAtivados']",[],False
19,2025-03-21 20:03,ferraocx,pt,Grand Theft Auto V,VAI TOMANDO POR DE DENTRO,['Português'],['MatureGame'],False
19,2025-03-21 20:03,loud_coringa,pt,Just Chatting,IRL - FUTEBOL COM OS CRIAS DO CONDOMÍNIO,['Português'],[],False
19,2025-03-21 20:03,Lirivinii,pt,ARK: Survival Ascended,"2x?, 3x? O que teremos hoje? Nada? !Loja, SUB 3x","['Português', 'ARK']",[],False
19,2025-03-21 20:03,nosflamegaming,pt,ARK: Survival Ascended,🟢 Live ON  🟢Ark Ascended (+18),"['PortuguêsBR', 'games', 'Português', 'gameplay', 'PvE', 'batepapo', 'ArkSurvivalAcended', 'juatchatting']",[],False
19,2025-03-21 20:03,jorel993,it,ARK: Survival Ascended,Quello che non ti aspetti!!  [Family @dragonproject_hub] Codice creatore: jorel993 !reddit !telegram !ds #elegante,"['Italiano', 'Coop', 'battleroyale', 'OpenWorldGames', 'chilling', 'gotcha']",[],False
20,2025-03-21 20:15,EiMine77,pt,Minecraft,✅ RECOMPENSAS ON! | ⭐ SEJA RÁPIDO E GANHE UMA CAPA DE GRAÇA: !CAPA | 💘 INSTAGRAM: @EIMINE77 | !ajuda !rerun !sub !subgratis !loja,"['Minecraft', 'EiMine', 'Português', 'RecompensasEspetadores']",[],False
20,2025-03-21 20:15,iShadowWolf_,pt,It Takes Two,(+18) Livezinha Muito Doida!   ||   (❗comandos ❗metas ❗drops)   ||   (Epic Code: SHADOWOLF),['Português'],[],False
20,2025-03-21 20:15,shadowsganjaking,pt,Counter-Strike,"🔞LEGALIZANDO O CS2 E A TWITCH🍁-RIFA DA FALCHION DO GANJA ACABANDO, PARTICIPE - !BITS| !PIX |!loja| !CUPOM|","['maconha', '420', 'CS2', 'Brasil', 'portugues', 'ganja', 'brasileiro', 'counterstrike', 'Cannabis', 'CannabisCommunity']",['MatureGame'],False
20,2025-03-21 20:15,CarecaSincero,pt,Marvel Rivals,!LOJA Marvel Rivals? Sei nem com quem eu vou..,"['English', 'FARMPIX', 'PIX', 'loja', 'mechabreakplaytest', 'Português', 'DropsAtivados']",[],False
20,2025-03-21 20:15,ferraocx,pt,Grand Theft Auto V,VAI TOMANDO POR DE DENTRO,['Português'],['MatureGame'],False
20,2025-03-21 20:15,loud_coringa,pt,Just Chatting,IRL - FUTEBOL COM OS CRIAS DO CONDOMÍNIO,['Português'],[],False
21,2025-03-21 20:24,iShadowWolf_,pt,It Takes Two,(+18) Livezinha Muito Doida!   ||   (❗comandos ❗metas ❗drops)   ||   (Epic Code: SHADOWOLF),['Português'],[],False
21,2025-03-21 20:24,shadowsganjaking,pt,Counter-Strike,"🔞LEGALIZANDO O CS2 E A TWITCH🍁-RIFA DA FALCHION DO GANJA ACABANDO, PARTICIPE - !BITS| !PIX |!loja| !CUPOM|","['maconha', '420', 'CS2', 'Brasil', 'portugues', 'ganja', 'brasileiro', 'counterstrike', 'Cannabis', 'CannabisCommunity']",['MatureGame'],False
21,2025-03-21 20:24,CarecaSincero,pt,Marvel Rivals,!LOJA Marvel Rivals? Sei nem com quem eu vou..,"['English', 'FARMPIX', 'PIX', 'loja', 'mechabreakplaytest', 'Português', 'DropsAtivados']",[],False
21,2025-03-21 20:24,ferraocx,pt,Grand Theft Auto V,VAI TOMANDO POR DE DENTRO,['Português'],['MatureGame'],False
21,2025-03-21 20:24,loud_coringa,pt,Just Chatting,IRL - FUTEBOL DOS CRIAS DE CONDOMÍNIO,['Português'],[],False
21,2025-03-21 20:24,brino,pt,Just Chatting,AO VIVO > SEXTA-FEIRA > me segue no insta @brino !lives,['Português'],[],False
21,2025-03-21 20:24,Satturnni,pt,Minecraft,RUMO AO LVL 700 !loja !pix,"['Satturnni', 'Minecraft', 'Português', 'mushmc', 'Bedwars', 'mushmc', 'hypixel', 'hylex', 'RecompensasEspetadores']",[],False
21,2025-03-21 20:24,dangamer_ofc,pt,Minecraft,"oi gente, faz tempo  !pix","['minecraft', 'pvp', 'mush', 'Brasil', 'flame', 'flamemc', 'hg', 'mine', 'Português', 'RecompensasEspetadores']",[],False
21,2025-03-21 20:24,biel1fps,pt,VALORANT,neo !sens !pix,"['Português', 'drops', 'rankeds', 'hg', 'minecraft', 'pvp', 'minecraftsurivial', 'RecompensasEspetadores']",[],False
22,2025-03-22 00:03,EiMine77,pt,Minecraft,✅ RECOMPENSAS ON! | ⭐ SEJA RÁPIDO E GANHE UMA CAPA DE GRAÇA: !CAPA | 💘 INSTAGRAM: @EIMINE77 | !ajuda !rerun !sub !subgratis !loja,"['Minecraft', 'EiMine', 'Português', 'RecompensasEspetadores']",[],False
22,2025-03-22 00:03,iShadowWolf_,pt,Fortnite,(+18) Livezinha Muito Doida!   ||   (❗comandos ❗metas ❗drops)   ||   (Epic Code: SHADOWOLF),['Português'],[],False
22,2025-03-22 00:03,ferraocx,pt,Grand Theft Auto V,VAI TOMANDO POR DE DENTRO,['Português'],['MatureGame'],False
22,2025-03-22 00:03,CarecaSincero,pt,Marvel Rivals,!LOJA Marvel Rivals? Sei nem com quem eu vou..,"['English', 'FARMPIX', 'PIX', 'loja', 'mechabreakplaytest', 'Português', 'DropsAtivados']",[],False
22,2025-03-22 00:03,EiMine24h,pt,Minecraft,✅ RECOMPENSAS ON! | ⭐ SEJA RÁPIDO E GANHE UMA CAPA DE GRAÇA: !CAPA | 💘 INSTAGRAM: @EIMINE77 | !ajuda !rerun !subgratis !loja,"['Português', 'Minecraft', 'EiMine', 'RecompensasEspetadores']",[],False
22,2025-03-22 00:03,Luizknight,pt,Call of Duty: Black Ops 6,AO VIVO - Sextou no Codzinho! !epic !amazon !sub !comandos !loja,"['Português', 'dropshabilitados', 'AMA', 'jogadoresiniciantes', 'competitivo', 'FPS', 'RPG', 'Aventura', 'Xbox', 'Console']",['MatureGame'],False
22,2025-03-22 00:03,huguneneca,pt,Just Chatting,JOGOS COM O CHAT !pix !discord !sub,['Português'],[],False
22,2025-03-22 00:03,LetizaTV,pt,R.E.P.O.,R.e.p.o delas |  @mafiiosa62 @ravenawhite @letizatv @isagimenez | !pix,['Português'],[],False
22,2025-03-22 00:03,Lzindiario,pt,Just Chatting,SEXTOU!! DESAFIO DOS 50 DIAS! 5/50 !pix !patrocinio !filme,"['Português', 'react', 'conversa']",[],False
23,2025-03-22 00:15,CarecaSincero,pt,Marvel Rivals,!LOJA Marvel Rivals? Sei nem com quem eu vou..,"['English', 'FARMPIX', 'PIX', 'loja', 'mechabreakplaytest', 'Português', 'DropsAtivados']",[],False
23,2025-03-22 00:15,cst_ac,pt,Call of Duty: Black Ops 6,Nao é porque sextou que tu sextarás,['Português'],['MatureGame'],False
23,2025-03-22 00:15,ricardoquik,pt,Counter-Strike,"💸SORTEIO R$8.210,00 (5 SKINS) + VIP + DEPÓSITO PRA VCS + BITS + R$100 PIX + 30K LOJA->❗️sorteio ❗️VIP ❗️insane ❗️csgobig ❗️clash ❗️loja","['sorteios', 'CS2', 'Português', 'PIX', 'counterstrike2', 'sorteiodeskins', 'farm', 'skin', 'fps', 'dinheiroaovivo']",['MatureGame'],False
23,2025-03-22 00:15,Baiano,pt,League of Legends,🔴 FIRST STAND: TES x HLE 🔴 🌴 AMANHÃ LPL 5H !grupo !bb [RETRANSMISSÃO] !status !kbmidl,['Português'],[],False
23,2025-03-22 00:15,Miatinha,pt,League of Legends,[TERROR&DRUNK] só patakwada | !endacopia !discord !cronograma !hoje,['Português'],['ProfanityVulgarity'],False
23,2025-03-22 00:15,ataldaeclypse,pt,VALORANT,live resenhuda e miruda !PIX !ELO !PATROCINIO,"['Português', 'valorant', 'BR', 'gamergirl', 'Mulher']",[],False
23,2025-03-22 00:15,lanezzin,pt,EA Sports FC 25,CHEGOU A LIGA DOS CAMPEOLANEZZ!! | !discord !youtube !pix,"['Português', 'games', 'humor', 'entretenimento', 'Futebol', 'EAFC', 'ultimateam', 'ultimateteam', 'fc25', 'eafc25']",[],False
23,2025-03-22 00:15,JotaJogadasTV,pt,NBA 2K25,TAMPA GODS em 2021 - !resumo !subpix,"['Português', 'Esportes', 'gameplay', 'Futebol', 'NBA', 'react']",[],False
23,2025-03-22 00:16,Peu_MC,pt,EA Sports FC 25,SEXTA FEIRA DIA DE MALDADE !leon !coins !trade,"['batalha', 'batalhaderima', 'BATALHADAALDEIA', 'Rap', 'fifa', 'ultimateteam', 'Futebol', 'Português', 'EASPORTSFIFA', 'eafc25']",[],False
24,2025-03-22 00:28,iShadowWolf_,pt,Fortnite,(+18) Livezinha Muito Doida!   ||   (❗comandos ❗metas ❗drops)   ||   (Epic Code: SHADOWOLF),['Português'],[],False
24,2025-03-22 00:28,ferraocx,pt,Grand Theft Auto V,VAI TOMANDO POR DE DENTRO,['Português'],['MatureGame'],False
24,2025-03-22 00:28,CarecaSincero,pt,Marvel Rivals,!LOJA Marvel Rivals? Sei nem com quem eu vou..,"['English', 'FARMPIX', 'PIX', 'loja', 'mechabreakplaytest', 'Português', 'DropsAtivados']",[],False
24,2025-03-22 00:29,yTowak,pt,ROBLOX,🔴 O FIM! ITENS GRATIS FINAIS! EVENTO AO VIVO do FIM do THE HUNT MEGA EDITION do ROBLOX! ROBLOX LIVE,"['ytowak', 'ytowakgb', 'ytowaklive', 'Português', 'roblox']",[],False
24,2025-03-22 00:29,cst_ac,pt,Call of Duty: Black Ops 6,Nao é porque sextou que tu sextarás,['Português'],['MatureGame'],False
24,2025-03-22 00:29,euLukeLeo,pt,inZOI,❗DROP INZOI | inZoi Partner 🩵 SUBATHON ON | DIA 10 🩵 ❗SUBA,"['Português', 'gostoso', 'furry', 'pokemon', 'dbd', 'cozy', 'lgbt', 'marvelrivals', 'comfy', 'inzoi']",[],False
24,2025-03-22 00:29,camizlobato,pt,VALORANT,🔫☠️ JOGANDO DE SAGE E CURANDO SÓ COM GEMIDO 🔫☠️ (+18),"['Português', 'Mulher', 'Jogos', 'Competitivo', 'girl', 'fps']",['ProfanityVulgarity'],True
24,2025-03-22 00:29,m4_m4y,pt,Carry The Glass,e volta o cão arrependido || ❗tinder ❗pix  ❗elo  ❗discord,"['Português', 'valorant', 'girl', 'mulher', 'jogos', 'interação', 'sage', 'clove', 'Woman', 'ruiva']",[],False
24,2025-03-22 00:29,Ops_Ruiva_,pt,VALORANT,👑 Tentando pegar Radidi 💞 VAMOS FECHAR TIME NO R.E.P.O ? >  ❗vaga 💞 | ❗onlyfans  ❗pix  ❗redpass  -  @ops_ruiva_ em todas as redes!,"['Português', 'Mulher', 'valorant', 'ruiva', 'fps', 'radiante']",[],False
25,2025-03-22 04:02,EiMine77,pt,Minecraft,✅ RECOMPENSAS ON! | ⭐ SEJA RÁPIDO E GANHE UMA CAPA DE GRAÇA: !CAPA | 💘 INSTAGRAM: @EIMINE77 | !ajuda !rerun !sub !subgratis !loja,"['Minecraft', 'EiMine', 'Português', 'RecompensasEspetadores']",[],False
25,2025-03-22 04:03,iShadowWolf_,pt,Fortnite,(+18) Livezinha Muito Doida!   ||   (❗comandos ❗metas ❗drops)   ||   (Epic Code: SHADOWOLF),['Português'],[],False
25,2025-03-22 04:03,cst_ac,pt,VALORANT,Nao é porque sextou que tu sextarás,['Português'],[],False
25,2025-03-22 04:03,CarecaSincero,pt,Marvel Rivals,!LOJA Marvel Rivals? Sei nem com quem eu vou..,"['English', 'FARMPIX', 'PIX', 'loja', 'mechabreakplaytest', 'Português', 'DropsAtivados']",[],False
25,2025-03-22 04:03,euLukeLeo,pt,inZOI,❗DROP INZOI | inZoi Partner 🩵 SUBATHON ON | DIA 10 🩵 ❗SUBA,"['Português', 'gostoso', 'furry', 'pokemon', 'dbd', 'cozy', 'lgbt', 'marvelrivals', 'comfy', 'inzoi']",[],False
25,2025-03-22 04:03,pirangueirah,pt,Overwatch 2,[+18] Jogando de Freja ❤️,"['LGBTQIAMais', 'Português', 'kekel', 'Ele', 'Ela', 'deadbbydaylight', 'fortinite', 'DropsAtivados']",[],False
25,2025-03-22 04:03,ShiandeGames,en,Which Way Up: Galaxy Games,MÊS DE ANIVERSÁRIO DO MACHO! ENTREM NA RIFA! Shianderu playing Which Way Up: Galaxy Games !rifa,"['Português', 'English']",[],True
25,2025-03-22 04:03,MaePistolaa,pt,VALORANT,(+18) SUBATHON EXTRA P/ CAMPANHA #Patricínio !MUDE ❤ -> ❗LOJACINEMA ❗PIX ❗DESAFIO ❗CADEIA ❗SUBATHON ❗SORTEIO,"['Português', 'subathon', 'amigos', 'troll', 'playduvidosa']",['ProfanityVulgarity'],True
25,2025-03-22 04:03,meldeusx,pt,Kill It With Fire,live cedinho xdd,"['mulher', 'brasil', 'português', 'gamer', 'Português']",[],False
26,2025-03-22 04:11,EiMine77,pt,Minecraft,✅ RECOMPENSAS ON! | ⭐ SEJA RÁPIDO E GANHE UMA CAPA DE GRAÇA: !CAPA | 💘 INSTAGRAM: @EIMINE77 | !ajuda !rerun !sub !subgratis !loja,"['Minecraft', 'EiMine', 'Português', 'RecompensasEspetadores']",[],False
26,2025-03-22 04:11,iShadowWolf_,pt,Fortnite,(+18) Livezinha Muito Doida!   ||   (❗comandos ❗metas ❗drops)   ||   (Epic Code: SHADOWOLF),['Português'],[],False
26,2025-03-22 04:11,cst_ac,pt,VALORANT,Nao é porque sextou que tu sextarás,['Português'],[],False
26,2025-03-22 04:11,CarecaSincero,pt,Marvel Rivals,!LOJA Marvel Rivals? Sei nem com quem eu vou..,"['English', 'FARMPIX', 'PIX', 'loja', 'mechabreakplaytest', 'Português', 'DropsAtivados']",[],False
26,2025-03-22 04:12,euLukeLeo,pt,inZOI,❗DROP INZOI | inZoi Partner 🩵 SUBATHON ON | DIA 10 🩵 ❗SUBA,"['Português', 'gostoso', 'furry', 'pokemon', 'dbd', 'cozy', 'lgbt', 'marvelrivals', 'comfy', 'inzoi']",[],False
26,2025-03-22 04:12,pirangueirah,pt,Overwatch 2,[+18] Jogando de Freja ❤️,"['LGBTQIAMais', 'Português', 'kekel', 'Ele', 'Ela', 'deadbbydaylight', 'fortinite', 'DropsAtivados']",[],False
26,2025-03-22 04:12,DrarkoN_GM,pt,Monster Hunter Wilds,DROPS ON!!! Monster Hunter Wilds! Novos Eventos e Hunt com o chat @raiderscompany,"['RPG', 'MMORPG', 'rpgdemesa', 'InterpretaçãoPersonagens', 'DD5e', 'Retro', 'PokemonCommunity', 'soulslike', 'eldenring', 'Heroshooter']",[],False
26,2025-03-22 04:12,NANDA,pt,World of Warcraft,[DROPS] Uma live de PvP ~ !youtube !insta !tiktok,"['Português', 'DropsAtivados']",[],False
26,2025-03-22 04:12,vagajulia,pt,VALORANT,A páscoa ta chegando e onde estão seus ovos?  [+18],"['Chatty', 'LGBTQIAPlus', 'Ansiedade', 'iniciante', 'Português', 'mulher', 'English', 'Competitivo']",[],False
27,2025-03-22 04:23,iShadowWolf_,pt,Fortnite,(+18) Livezinha Muito Doida!   ||   (❗comandos ❗metas ❗drops)   ||   (Epic Code: SHADOWOLF),['Português'],[],False
27,2025-03-22 04:23,pirangueirah,pt,Overwatch 2,[+18] Jogando de Freja ❤️,"['LGBTQIAMais', 'Português', 'kekel', 'Ele', 'Ela', 'deadbbydaylight', 'fortinite', 'DropsAtivados']",[],False
27,2025-03-22 04:23,CarecaSincero,pt,Marvel Rivals,!LOJA Marvel Rivals? Sei nem com quem eu vou..,"['English', 'FARMPIX', 'PIX', 'loja', 'mechabreakplaytest', 'Português', 'DropsAtivados']",[],False
27,2025-03-22 04:23,cst_ac,pt,VALORANT,Nao é porque sextou que tu sextarás,['Português'],[],False
27,2025-03-22 04:23,euLukeLeo,pt,inZOI,❗DROP INZOI | inZoi Partner 🩵 SUBATHON ON | DIA 10 🩵 ❗SUBA,"['Português', 'gostoso', 'furry', 'pokemon', 'dbd', 'cozy', 'lgbt', 'marvelrivals', 'comfy', 'inzoi']",[],False
27,2025-03-22 04:23,exexeboy,pt,Overwatch 2,🦗,"['Portuguese', 'Português', 'DropsAtivados']",[],False
27,2025-03-22 04:23,morenageek,pt,Fortnite,Madrugando com meu novo amigo argentino,"['Fortnite', 'GirlPlayer', 'PS5LiveStream', 'ControlerGaming', 'Português']",[],False
27,2025-03-22 04:24,Y4SUG,pt,Overwatch 2,🔞 💢 (+18) [DROPS ON] FREJA DECIDIU APARECER HOJE,"['Português', 'LGBTQIAPlus', 'Brasil', 'DropsAtivados']",[],False
27,2025-03-22 04:24,Praxt_,pt,ROBLOX,ROBLOX | JOGANDO COM O CHAT  @praxt_ !sociais,"['Português', 'Fortnite', 'vbucks', 'AMA', 'PlayingwWithViewers', 'SeiosFartos', 'regras', 'LGBT', 'ＬＯＬ']",[],False
28,2025-03-22 04:32,iShadowWolf_,pt,Fortnite,(+18) Livezinha Muito Doida!   ||   (❗comandos ❗metas ❗drops)   ||   (Epic Code: SHADOWOLF),['Português'],[],False
28,2025-03-22 04:32,EiMine77,pt,Minecraft,✅ RECOMPENSAS ON! | ⭐ SEJA RÁPIDO E GANHE UMA CAPA DE GRAÇA: !CAPA | 💘 INSTAGRAM: @EIMINE77 | !ajuda !rerun !sub !subgratis !loja,"['Minecraft', 'EiMine', 'Português', 'RecompensasEspetadores']",[],False
28,2025-03-22 04:32,pirangueirah,pt,Overwatch 2,[+18] Jogando de Freja ❤️,"['LGBTQIAMais', 'Português', 'kekel', 'Ele', 'Ela', 'deadbbydaylight', 'fortinite', 'DropsAtivados']",[],False
28,2025-03-22 04:32,CarecaSincero,pt,Marvel Rivals,!LOJA Marvel Rivals? Sei nem com quem eu vou..,"['English', 'FARMPIX', 'PIX', 'loja', 'mechabreakplaytest', 'Português', 'DropsAtivados']",[],False
28,2025-03-22 04:32,cst_ac,pt,VALORANT,Nao é porque sextou que tu sextarás,['Português'],[],False
28,2025-03-22 04:32,euLukeLeo,pt,inZOI,❗DROP INZOI | inZoi Partner 🩵 SUBATHON ON | DIA 10 🩵 ❗SUBA,"['Português', 'gostoso', 'furry', 'pokemon', 'dbd', 'cozy', 'lgbt', 'marvelrivals', 'comfy', 'inzoi']",[],False
28,2025-03-22 04:32,iMarianaPit,pt,Grand Theft Auto V,"[ +18 ] LADO LESTE ❗️ 00 DA ALEMANHA,  !cidade !pix !sub !codiguin","['English', 'girlgamers', 'ＧTA5', 'Português', 'fivem', 'Alemanha', 'LadoLesteRP', 'ladolesteroleplay', 'ladolestept2', 'tropadaalemanha']",['MatureGame'],False
28,2025-03-22 04:32,Doiska_Rj,pt,Grand Theft Auto V,[FRONTEIRA LESTE] +18 DOISKATHON LIVE ATE DOMINGO SUL X NORTE ? O QUE TA ROLADO ? BAIRRO 13 !PIX !INSTA !DISCORD  @doiska_rj,['Português'],"['MatureGame', 'ProfanityVulgarity']",False
28,2025-03-22 04:32,fumbangarp,pt,Grand Theft Auto V,[+18] [CAPITAL/CATALENDAS] 🧙🏻‍♀️🧹 O ÚLTIMO ADEUS A BRUXA MADSSON 😭,"['Português', 'gta', 'ＧTA5', 'GTAⅤ', 'fivem', 'Roleplay', 'paulinhooloko', 'LGBTQPlus', 'humor', 'GTARP']",['MatureGame'],True
29,2025-03-22 08:02,EiMine77,pt,Minecraft,✅ RECOMPENSAS ON! | ⭐ SEJA RÁPIDO E GANHE UMA CAPA DE GRAÇA: !CAPA | 💘 INSTAGRAM: @EIMINE77 | !ajuda !rerun !sub !subgratis !loja,"['Minecraft', 'EiMine', 'Português', 'RecompensasEspetadores']",[],False
29,2025-03-22 08:02,CarecaSincero,pt,Marvel Rivals,!LOJA Marvel Rivals? Sei nem com quem eu vou..,"['English', 'FARMPIX', 'PIX', 'loja', 'mechabreakplaytest', 'Português', 'DropsAtivados']",[],False
29,2025-03-22 08:02,cst_ac,pt,VALORANT,Nao é porque sextou que tu sextarás,['Português'],[],False
29,2025-03-22 08:02,euLukeLeo,pt,inZOI,❗DROP INZOI | inZoi Partner 🩵 SUBATHON ON | DIA 10 🩵 ❗SUBA,"['Português', 'gostoso', 'furry', 'pokemon', 'dbd', 'cozy', 'lgbt', 'marvelrivals', 'comfy', 'inzoi']",[],False
29,2025-03-22 08:02,TomateDoMaU,pt,Overwatch 2,| Boneca nova ta meio esquisita | !pix !nada !Discord,"['Português', 'DropsAtivados']",[],False
29,2025-03-22 08:03,Baiano,pt,League of Legends,🟢LPL: WE x BLG 🟢 🌴 !bb !status !kbmidl #LPLCOSTREAM,['Português'],[],False
29,2025-03-22 08:03,yuuri22_a,pt,Just Chatting,SEXTOU DE LEVES | @yuuri22 | (RERUN),"['Português', 'yuuri22', 'yuri22', 'goti', 'dona']",[],False
29,2025-03-22 08:03,juaumoficial,pt,Virtual Casino,🔴 VEM FORRAR AO VIVO! +18 !casa,['Português'],[],False
29,2025-03-22 08:03,fontinnelerjvods,pt,Just Chatting,COZINHANDO COM A @YAMALB @fontinnelerj || RERUM ||,"['Português', 'fontinnelerj', 'loudcoringa', 'jonvlogs', 'yuuri22', 'dona']",[],False
30,2025-03-22 08:13,EiMine77,pt,Minecraft,✅ RECOMPENSAS ON! | ⭐ SEJA RÁPIDO E GANHE UMA CAPA DE GRAÇA: !CAPA | 💘 INSTAGRAM: @EIMINE77 | !ajuda !rerun !sub !subgratis !loja,"['Minecraft', 'EiMine', 'Português', 'RecompensasEspetadores']",[],False
30,2025-03-22 08:13,CarecaSincero,pt,Marvel Rivals,!LOJA Marvel Rivals? Sei nem com quem eu vou..,"['English', 'FARMPIX', 'PIX', 'loja', 'mechabreakplaytest', 'Português', 'DropsAtivados']",[],False
30,2025-03-22 08:14,cst_ac,pt,VALORANT,Nao é porque sextou que tu sextarás,['Português'],[],False
30,2025-03-22 08:14,euLukeLeo,pt,inZOI,❗DROP INZOI | inZoi Partner 🩵 SUBATHON ON | DIA 10 🩵 ❗SUBA,"['Português', 'gostoso', 'furry', 'pokemon', 'dbd', 'cozy', 'lgbt', 'marvelrivals', 'comfy', 'inzoi']",[],False
30,2025-03-22 08:14,TomateDoMaU,pt,Overwatch 2,| Boneca nova ta meio esquisita | !pix !nada !Discord,"['Português', 'DropsAtivados']",[],False
30,2025-03-22 08:14,Baiano,pt,League of Legends,🟢LPL: WBG x BLG 🟢 🌴 !bb !status !kbmidl #LPLCOSTREAM,['Português'],[],False
30,2025-03-22 08:14,CoxtaDan,en,Just Chatting,🔴LOJA EM BREVE / LOFI - GIRLS,"['English', 'lofi', 'lofigirl', 'chillingstream', 'relaxing']",[],False
30,2025-03-22 08:14,balaperdidarj,pt,Just Chatting,Concentração e Diversão no Word on Stream,"['Português', 'English', 'wordsonstream']",[],False
30,2025-03-22 08:14,Ronaldo_fenomenoo2,pt,Grand Theft Auto V,CAPITAL +18 - Ronaldo em uma nova facção NPN nóis por nóis - !pix !livepix !id !prime,['Português'],['MatureGame'],False
31,2025-03-22 08:26,EiMine77,pt,Minecraft,✅ RECOMPENSAS ON! | ⭐ SEJA RÁPIDO E GANHE UMA CAPA DE GRAÇA: !CAPA | 💘 INSTAGRAM: @EIMINE77 | !ajuda !rerun !sub !subgratis !loja,"['Minecraft', 'EiMine', 'Português', 'RecompensasEspetadores']",[],False
31,2025-03-22 08:26,CarecaSincero,pt,Marvel Rivals,!LOJA Marvel Rivals? Sei nem com quem eu vou..,"['English', 'FARMPIX', 'PIX', 'loja', 'mechabreakplaytest', 'Português', 'DropsAtivados']",[],False
31,2025-03-22 08:26,cst_ac,pt,VALORANT,Nao é porque sextou que tu sextarás,['Português'],[],False
31,2025-03-22 08:26,euLukeLeo,pt,inZOI,❗DROP INZOI | inZoi Partner 🩵 SUBATHON ON | DIA 10 🩵 ❗SUBA,"['Português', 'gostoso', 'furry', 'pokemon', 'dbd', 'cozy', 'lgbt', 'marvelrivals', 'comfy', 'inzoi']",[],False
31,2025-03-22 08:26,TomateDoMaU,pt,Overwatch 2,| Boneca nova ta meio esquisita | !pix !nada !Discord,"['Português', 'DropsAtivados']",[],False
31,2025-03-22 08:26,Baiano,pt,League of Legends,🟢LPL: WBG x BLG 🟢 🌴 !bb !status !kbmidl #LPLCOSTREAM,['Português'],[],False
31,2025-03-22 08:27,xou86,es,EA Sports FC 25,"SABADETE DE SOBRESITOS,FUT LLORICOS Y ICONITOS!!MANDA PLATILLA CRACK!!!ABRIMOS TODOO!!! @xou86 !tradeos","['Español', 'FIFA', 'DEPORTES', 'FUTBOL', 'subtember']",[],False
31,2025-03-22 08:27,GihPilotto,pt,Call of Duty: Warzone,JOGANDO COM OS SUBS !fila | @gihpilotto nas redes sociais ❗evzen ❗pix ❗YT,"['Português', 'Warzone', 'CallOfDuty', 'FPS', 'Ranked']",['MatureGame'],False
31,2025-03-22 08:27,maximocuevas,es,EA Sports FC 25,!PRIME 🚨🚨 LLEGÓ LA PALMERA 🌴 Y LOS DE LA CHAMPIONS ⭐️,"['Español', 'fc25', 'fifa', 'felicesfiestas']",[],False
32,2025-03-22 08:36,EiMine77,pt,Minecraft,✅ RECOMPENSAS ON! | ⭐ SEJA RÁPIDO E GANHE UMA CAPA DE GRAÇA: !CAPA | 💘 INSTAGRAM: @EIMINE77 | !ajuda !rerun !sub !subgratis !loja,"['Minecraft', 'EiMine', 'Português', 'RecompensasEspetadores']",[],False
32,2025-03-22 08:36,CarecaSincero,pt,Marvel Rivals,!LOJA Marvel Rivals? Sei nem com quem eu vou..,"['English', 'FARMPIX', 'PIX', 'loja', 'mechabreakplaytest', 'Português', 'DropsAtivados']",[],False
32,2025-03-22 08:36,cst_ac,pt,VALORANT,Nao é porque sextou que tu sextarás,['Português'],[],False
32,2025-03-22 08:36,euLukeLeo,pt,inZOI,❗DROP INZOI | inZoi Partner 🩵 SUBATHON ON | DIA 10 🩵 ❗SUBA,"['Português', 'gostoso', 'furry', 'pokemon', 'dbd', 'cozy', 'lgbt', 'marvelrivals', 'comfy', 'inzoi']",[],False
32,2025-03-22 08:36,Baiano,pt,League of Legends,🟢LPL: WBG x BLG 🟢 🌴 !bb !status !kbmidl #LPLCOSTREAM,['Português'],[],False
32,2025-03-22 08:36,TomateDoMaU,pt,Overwatch 2,| Boneca nova ta meio esquisita | !pix !nada !Discord,"['Português', 'DropsAtivados']",[],False
32,2025-03-22 08:36,maahmurollo,pt,Fortnite,fortnitezinho  🔥 ❤️ ❗JOGAR ❗LOJA  FARM V-BUCKS ASSISTINDO A LIVE   MUROLLO #ad,"['gamer', 'Português', 'Fortnite', 'ZeroBuild', 'battleroyale', 'Reposição']",[],True
32,2025-03-22 08:36,vanessynhaaaa,pt,Fortnite,😍🌈💕Me apoiem loja code: NESSYNHA,"['fps', 'amizades', 'diversão', 'AMA', 'ação', 'TDH', 'tiroteio', 'fortnite', 'mulheres', 'homens']",[],True
32,2025-03-22 08:37,biahgame10,pt,Fortnite,💥Jogando  com chat💥!Loja !Points ) (+18) ❗️epic - ❗️livepix - ❗️instagram - ❗️USE O CODE BIAHGAME_1993,"['fortnıte', 'hype', 'fortnitemega', 'epicgames', 'Positivity', 'battleroyale', 'Português', 'farlight84brasil', 'callofdragons', 'tiktok']",[],False
33,2025-03-22 12:02,EiMine77,pt,Minecraft,✅ RECOMPENSAS ON! | ⭐ SEJA RÁPIDO E GANHE UMA CAPA DE GRAÇA: !CAPA | 💘 INSTAGRAM: @EIMINE77 | !ajuda !rerun !sub !subgratis !loja,"['Minecraft', 'EiMine', 'Português', 'RecompensasEspetadores']",[],False
33,2025-03-22 12:03,mae_joga45,pt,Overwatch 2,(+18) 🎮 {DROPS ON ]  me ajudem a bater a meta de 1 mil seguidores 🫂🫂🩷🩷 - !comandos,"['Português', 'jogodeterror', 'jogofps', 'diversãogarantida', 'DropsAtivados']",[],False
33,2025-03-22 12:03,uFyos,pt,Minecraft,[DROP DE CAPA] CHAMANDO TODOS OS THUNDERCATS | !OF !PARTY,"['Português', 'entretenimiento', 'uFyos', 'RecompensasEspetadores']",[],False
33,2025-03-22 12:03,cst_ac,pt,VALORANT,Nao é porque sextou que tu sextarás,['Português'],[],False
33,2025-03-22 12:03,euLukeLeo,pt,inZOI,❗DROP INZOI | inZoi Partner 🩵 SUBATHON ON | DIA 10 🩵 ❗SUBA,"['Português', 'gostoso', 'furry', 'pokemon', 'dbd', 'cozy', 'lgbt', 'marvelrivals', 'comfy', 'inzoi']",[],False
33,2025-03-22 12:03,TomateDoMaU,pt,Overwatch 2,| Boneca nova ta meio esquisita | !pix !nada !Discord,"['Português', 'DropsAtivados']",[],False
33,2025-03-22 12:03,takeshi,pt,League of Legends,TAKINHAS FAZENDO SEU MELHOR PELO BEM DA CIÊNCIA 🧪🧪🧪 /// !loco !pix,['Português'],[],False
33,2025-03-22 12:03,JB_Sniper,pt,League of Legends,!PIX !PICK - SABADÃO É DIA DOS PICKS DO CHAT!,['Português'],[],False
33,2025-03-22 12:03,Gaules,pt,Counter-Strike,Dia 4 Furia e Imperial em Campo Blast Open Lisboa 2025 - !socio - Siga @Gaules nas redes sociais! #AGONBYAOCBR #AOCGaming @AgonByAOCBR,['Português'],['MatureGame'],True
34,2025-03-22 12:14,EiMine77,pt,Minecraft,✅ RECOMPENSAS ON! | ⭐ SEJA RÁPIDO E GANHE UMA CAPA DE GRAÇA: !CAPA | 💘 INSTAGRAM: @EIMINE77 | !ajuda !rerun !sub !subgratis !loja,"['Minecraft', 'EiMine', 'Português', 'RecompensasEspetadores']",[],False
34,2025-03-22 12:14,mae_joga45,pt,Overwatch 2,(+18) 🎮 {DROPS ON ]  me ajudem a bater a meta de 1 mil seguidores 🫂🫂🩷🩷 - !comandos,"['Português', 'jogodeterror', 'jogofps', 'diversãogarantida', 'DropsAtivados']",[],False
34,2025-03-22 12:15,uFyos,pt,Minecraft,[DROP DE CAPA] CHAMANDO TODOS OS THUNDERCATS | !OF !PARTY,"['Português', 'entretenimiento', 'uFyos', 'RecompensasEspetadores']",[],False
34,2025-03-22 12:15,Baiano,pt,League of Legends,🔴 LPL - BLG x WBG 🔴 🌴 EMEA MASTERS 13H !kbmidl !grupo !bb [RETRANSMISSÃO] !status,['Português'],[],False
34,2025-03-22 12:15,euLukeLeo,pt,inZOI,❗DROP INZOI | inZoi Partner 🩵 SUBATHON ON | DIA 10 🩵 ❗SUBA,"['Português', 'gostoso', 'furry', 'pokemon', 'dbd', 'cozy', 'lgbt', 'marvelrivals', 'comfy', 'inzoi']",[],False
34,2025-03-22 12:15,TomateDoMaU,pt,Overwatch 2,| Boneca nova ta meio esquisita | !pix !nada !Discord,"['Português', 'DropsAtivados']",[],False
34,2025-03-22 12:15,PaladinooSombrio,pt,League of Legends,[PT/EN] Bora de jogatina.  !Giveways.,"['game', 'RPG', 'MOBA', 'Português']",[],False
34,2025-03-22 12:15,DanZucaTV,pt,Assassin's Creed Shadows,Assassin's Creed Shadows #005 | ❗loja ❗bits ❗clip ❗ssub - #UbisoftPartner #ad,"['Português', 'Brasil', 'TDAH', 'JogadorCasual', 'PS5', 'Nintendo', 'XboxSeriesX', 'AMA', 'ModoHistória', 'Lançamentos']",['MatureGame'],False
34,2025-03-22 12:15,LuckDonw,pt,Call of Duty: Warzone,Luckdonw na area cola comigo  cola comigo  + 18,['Português'],['MatureGame'],True
35,2025-03-22 12:24,EiMine77,pt,Minecraft,✅ RECOMPENSAS ON! | ⭐ SEJA RÁPIDO E GANHE UMA CAPA DE GRAÇA: !CAPA | 💘 INSTAGRAM: @EIMINE77 | !ajuda !rerun !sub !subgratis !loja,"['Minecraft', 'EiMine', 'Português', 'RecompensasEspetadores']",[],False
35,2025-03-22 12:24,LoostRJ,pt,FragPunk,✅RERUN✅ REPRIZE ✅ RANK🏆!CODIGOS✅,"['Español', 'Inglês', 'Português', 'EstadosUnidos', 'US', 'Engels', 'skulllbunniee', 'Reposição']",[],False
35,2025-03-22 12:24,uFyos,pt,Minecraft,[DROP DE CAPA] CHAMANDO TODOS OS THUNDERCATS | !OF !PARTY,"['Português', 'entretenimiento', 'uFyos', 'RecompensasEspetadores']",[],False
35,2025-03-22 12:24,TonhoDLang,pt,Sea of Thieves,!drops | Ampulheta até 00h | Final de Semana da Comunidade 2x | Streamer parceiro do @lendasdomar e CSoTBR 🏴‍☠️ !lendas !csotbr !platina,"['Português', 'Zerandojogos', 'seaofthieves', 'DropsAtivados']",[],False
35,2025-03-22 12:24,Lemes,pt,R.E.P.O.,Sabadou no r.e.p.o vamos que vamos .... !discord !tag !drops !dicção  [+18],"['Português', 'seaofthieves', 'musica', 'PvP', 'PvE', 'overwatch2', 'ＦＰＳ', 'PerfectWorld', 'terror']",[],False
35,2025-03-22 12:25,mae_joga45,pt,Overwatch 2,(+18) 🎮 {DROPS ON ]  me ajudem a bater a meta de 1 mil seguidores 🫂🫂🩷🩷 - !comandos,"['Português', 'jogodeterror', 'jogofps', 'diversãogarantida', 'DropsAtivados']",[],False
35,2025-03-22 12:25,TioPedroJoga,pt,EA Sports FC 25,WIRTZ NA WL DA SEGUE O RUMO HOJE !cliente !camiseta,['Português'],[],False
35,2025-03-22 12:25,guneiva,pt,EA Sports FC 25,!GULLIT VALE? 10 WL EM CONTAS DE CLIENTE  -  JOGAMOS SUA WL -  !coins !cliente !coach !livepix !4213,['Português'],[],False
35,2025-03-22 12:25,patrick11ns,pt,EA Sports FC 25,+1 wL com Gullit e companhia + bora pega o rank1 e resolver a premiação! Bom dia vem pra resenha! | !curso !pix !dicas,"['Português', 'proplayer', 'top9', 'resenha', 'adolfz', 'fifalize']",[],False
36,2025-03-22 16:03,EiMine77,pt,Minecraft,✅ RECOMPENSAS ON! | ⭐ SEJA RÁPIDO E GANHE UMA CAPA DE GRAÇA: !CAPA | 💘 INSTAGRAM: @EIMINE77 | !ajuda !rerun !sub !subgratis !loja,"['Minecraft', 'EiMine', 'Português', 'RecompensasEspetadores']",[],False
36,2025-03-22 16:03,CarecaSincero,pt,Marvel Rivals,!LOJA Marvel Rivals? Sei nem com quem eu vou..,"['English', 'FARMPIX', 'PIX', 'loja', 'mechabreakplaytest', 'Português', 'DropsAtivados']",[],False
36,2025-03-22 16:03,Adriano_Louzada,pt,Fortnite,[+18] Esfriando a cabeça 😠,"['Português', 'PS5', 'Fortnite']",['ProfanityVulgarity'],False
36,2025-03-22 16:03,AdrianoxLive,pt,HELLDIVERS 2,🇧🇷 💚 SIGA O SEU CORAÇÃO | @adrianoxlive nas outras redes | ❗sociais ❗pix ❗dritinder ❗onlyfans,"['Português', 'Bigode', 'Fortnite', 'Casual', 'SafeSpace', 'FamilyFriendly', 'PlayingwWithViewers', 'Jogandocomespectadores', 'variedades', 'vbucks']",['MatureGame'],False
36,2025-03-22 16:03,F9Rezende,pt,Minecraft,❗ip DROP de CAPA + SORTEIO DE IP + NOVIDADE NO SERVIDOR + MINE LIVE ✅ VEM JOGAR COMIGO ✅✨ SERVER ABERTO JAVA E BEDROCK ✨,"['hardcore', 'server', 'servidor', 'jogandocomespectadores', 'servidoraberto', 'minecraft', 'desafio', 'Multiplayer', 'Português', 'modpack']",[],False
36,2025-03-22 16:03,oSinon,pt,Fortnite,+18 GOSTOSO @pscyrax !PIX,"['Português', 'ação', 'AMA', 'fortnite', 'gostosa', 'Keymailer', 'LURKIT', 'mulher']",[],False
36,2025-03-22 16:03,Cooruja,pt,Overwatch 2,[!DROP FASTER] 5 LOOTBOX e !LendariaFREE !Sorteio LE SSERAFIM pra GERAL !Eternus !Passefree,"['Autismo', 'TDAH', 'SafeSpace', 'Pai', 'Overwatch', 'Português', '4fun', 'OW2Season15', 'OW2Brasil', 'DropsAtivados']",[],False
36,2025-03-22 16:04,nottblackk,pt,Overwatch 2,que Deus perdoe essas pessoas ruins !pix !clip !lurk,"['Português', 'overwatch', 'Widowmaker', 'Competitivo', 'DropsAtivados']",[],False
36,2025-03-22 16:04,kaori_game,pt,Overwatch 2,Aqui estou mais um dia....  !pistola !clipe !discord !pix,"['overwatch', 'fortnite', 'minecrafit', 'minecraftsurvivor', 'girlgamers', 'sup', 'Português', 'DropsAtivados']",[],False
37,2025-03-22 16:13,EiMine77,pt,Minecraft,✅ RECOMPENSAS ON! | ⭐ SEJA RÁPIDO E GANHE UMA CAPA DE GRAÇA: !CAPA | 💘 INSTAGRAM: @EIMINE77 | !ajuda !rerun !sub !subgratis !loja,"['Minecraft', 'EiMine', 'Português', 'RecompensasEspetadores']",[],False
37,2025-03-22 16:13,CarecaSincero,pt,Marvel Rivals,!LOJA Marvel Rivals? Sei nem com quem eu vou..,"['English', 'FARMPIX', 'PIX', 'loja', 'mechabreakplaytest', 'Português', 'DropsAtivados']",[],False
37,2025-03-22 16:13,Adriano_Louzada,pt,Fortnite,[+18] Esfriando a cabeça 😠,"['Português', 'PS5', 'Fortnite']",['ProfanityVulgarity'],False
37,2025-03-22 16:13,AdrianoxLive,pt,HELLDIVERS 2,🇧🇷 💚 SIGA O SEU CORAÇÃO | @adrianoxlive nas outras redes | ❗sociais ❗pix ❗dritinder ❗onlyfans,"['Português', 'Bigode', 'Fortnite', 'Casual', 'SafeSpace', 'FamilyFriendly', 'PlayingwWithViewers', 'Jogandocomespectadores', 'variedades', 'vbucks']",['MatureGame'],False
37,2025-03-22 16:14,F9Rezende,pt,Minecraft,❗ip DROP de CAPA + SORTEIO DE IP + NOVIDADE NO SERVIDOR + MINE LIVE ✅ VEM JOGAR COMIGO ✅✨ SERVER ABERTO JAVA E BEDROCK ✨,"['hardcore', 'server', 'servidor', 'jogandocomespectadores', 'servidoraberto', 'minecraft', 'desafio', 'Multiplayer', 'Português', 'modpack']",[],False
37,2025-03-22 16:14,oSinon,pt,Fortnite,+18 GOSTOSO @pscyrax !PIX,"['Português', 'ação', 'AMA', 'fortnite', 'gostosa', 'Keymailer', 'LURKIT', 'mulher']",[],False
37,2025-03-22 16:14,LuanaTh,pt,Fortnite,SABADINHO JOGANDO COM O CHAT 💜✨ USE O CODE: LUANATH ❤ !pix,"['Português', 'ptbr', 'Mulher', 'meta', 'metadeseguidores', 'gamergirl', 'Fortnite']",[],False
37,2025-03-22 16:14,ViviAndrade,pt,Luma Island,⁎⁺✧ sabadinho com joguinhos diferentes ⁎⁺✧ | USE CODE: V1VIANDRADE | ✨ FARM SKINS E V-BUCKS NA LOJA ✨,"['Vivi', 'Português', 'Fortnite', 'ZeroBuildFortnite', 'interação', 'Jogandocomespectadores', 'Mulher', 'subathon', 'reload']",['ProfanityVulgarity'],False
37,2025-03-22 16:14,Nikao_s,pt,Fortnite,Live infinita lets bora ?  +18,"['Português', 'Fortnite', 'Português', 'Brasil', 'Inglês']",[],False
38,2025-03-22 16:23,EiMine77,pt,Minecraft,✅ RECOMPENSAS ON! | ⭐ SEJA RÁPIDO E GANHE UMA CAPA DE GRAÇA: !CAPA | 💘 INSTAGRAM: @EIMINE77 | !ajuda !rerun !sub !subgratis !loja,"['Minecraft', 'EiMine', 'Português', 'RecompensasEspetadores']",[],False
38,2025-03-22 16:23,Adriano_Louzada,pt,Fortnite,[+18] Esfriando a cabeça 😠,"['Português', 'PS5', 'Fortnite']",['ProfanityVulgarity'],False
38,2025-03-22 16:23,oSinon,pt,Fortnite,+18 GOSTOSO @pscyrax !PIX,"['Português', 'ação', 'AMA', 'fortnite', 'gostosa', 'Keymailer', 'LURKIT', 'mulher']",[],False
38,2025-03-22 16:23,CarecaSincero,pt,Marvel Rivals,!LOJA Marvel Rivals? Sei nem com quem eu vou..,"['English', 'FARMPIX', 'PIX', 'loja', 'mechabreakplaytest', 'Português', 'DropsAtivados']",[],False
38,2025-03-22 16:23,AdrianoxLive,pt,HELLDIVERS 2,🇧🇷 💚 SIGA O SEU CORAÇÃO | @adrianoxlive nas outras redes | ❗sociais ❗pix ❗dritinder ❗onlyfans,"['Português', 'Bigode', 'Fortnite', 'Casual', 'SafeSpace', 'FamilyFriendly', 'PlayingwWithViewers', 'Jogandocomespectadores', 'variedades', 'vbucks']",['MatureGame'],False
38,2025-03-22 16:23,F9Rezende,pt,Minecraft,❗ip DROP de CAPA + SORTEIO DE IP + NOVIDADE NO SERVIDOR + MINE LIVE ✅ VEM JOGAR COMIGO ✅✨ SERVER ABERTO JAVA E BEDROCK ✨,"['hardcore', 'server', 'servidor', 'jogandocomespectadores', 'servidoraberto', 'minecraft', 'desafio', 'Multiplayer', 'Português', 'modpack']",[],False
38,2025-03-22 16:24,leogovi,pt,Minecraft,"Bora jogar? Prazer, Leo - !ip !discord","['Português', 'English', 'JogarComEspetadores', 'Genteboa', 'survival', 'RecompensasEspetadores']",[],False
38,2025-03-22 16:24,authentic0202,pt,Rocket League,🚗🎇ATÉ PEGAR OURO 3!!!🚗🎇❗ !pix !dc !awards !yt ❗,"['Português', 'jogos']",[],False
38,2025-03-22 16:24,itzvini__,pt,Minecraft,SABADOU COM OS DE VERDADEEE!!! !pix !party !r msg,"['Minecraft', 'Bedwars', 'mush', 'mushmc', 'Português', 'RecompensasEspetadores']",[],False
39,2025-03-22 16:35,EiMine77,pt,Minecraft,✅ RECOMPENSAS ON! | ⭐ SEJA RÁPIDO E GANHE UMA CAPA DE GRAÇA: !CAPA | 💘 INSTAGRAM: @EIMINE77 | !ajuda !rerun !sub !subgratis !loja,"['Minecraft', 'EiMine', 'Português', 'RecompensasEspetadores']",[],False
39,2025-03-22 16:35,Adriano_Louzada,pt,Fortnite,[+18] Esfriando a cabeça 😠,"['Português', 'PS5', 'Fortnite']",['ProfanityVulgarity'],False
39,2025-03-22 16:35,oSinon,pt,Fortnite,+18 GOSTOSO @pscyrax !PIX,"['Português', 'ação', 'AMA', 'fortnite', 'gostosa', 'Keymailer', 'LURKIT', 'mulher']",[],False
39,2025-03-22 16:36,CarecaSincero,pt,Marvel Rivals,!LOJA Marvel Rivals? Sei nem com quem eu vou..,"['English', 'FARMPIX', 'PIX', 'loja', 'mechabreakplaytest', 'Português', 'DropsAtivados']",[],False
39,2025-03-22 16:36,AdrianoxLive,pt,HELLDIVERS 2,🇧🇷 💚 SIGA O SEU CORAÇÃO | @adrianoxlive nas outras redes | ❗sociais ❗pix ❗dritinder ❗onlyfans,"['Português', 'Bigode', 'Fortnite', 'Casual', 'SafeSpace', 'FamilyFriendly', 'PlayingwWithViewers', 'Jogandocomespectadores', 'variedades', 'vbucks']",['MatureGame'],False
39,2025-03-22 16:36,F9Rezende,pt,Minecraft,❗ip DROP de CAPA + SORTEIO DE IP + NOVIDADE NO SERVIDOR + MINE LIVE ✅ VEM JOGAR COMIGO ✅✨ SERVER ABERTO JAVA E BEDROCK ✨,"['hardcore', 'server', 'servidor', 'jogandocomespectadores', 'servidoraberto', 'minecraft', 'desafio', 'Multiplayer', 'Português', 'modpack']",[],False
39,2025-03-22 16:36,airinhojoga,pt,Call of Duty: Warzone,VERDANSK voltando,"['Português', 'interação', 'interactive', 'airinho']",['MatureGame'],False
39,2025-03-22 16:36,BRUXAO_GAMER,pt,Call of Duty: Warzone,"📦Loja aberta !kit⏰+1 HORA DE LIVE a cada meta batida de PIX, BITS ou SUB⏳ Me ajude a fazer live 🧙‍♂️ !pix","['AMA', 'JogadoresIniciantes', 'ModoBattleRoyale', 'HypeTrain', 'Ação', 'Ansiedade', 'FPS', 'Jogodetiro', 'Português']",['MatureGame'],False
39,2025-03-22 16:36,VampiraFPS,pt,Counter-Strike,LOBBY @gamersclubcs com as gatas @karolzzk @elencs com chat !MIMO !PRESENTE,"['CSGO', 'fps', 'GIRL', 'GAMERGIRL', 'GamersClub', 'GC', 'NovaGG', 'Português', 'faceit', 'Reposição']",['MatureGame'],False
40,2025-03-22 20:02,DoutorFakee,pt,Minecraft,DROPS CAPA DO MINE ON,"['Português', 'minecraft', 'bedwars', 'mushmc', 'PvP', 'hypixel', 'hylex', 'Español', 'English', 'drops']",[],False
40,2025-03-22 20:02,BobSiqueira,pt,Counter-Strike,BUTECÃO DO BOBZAO❗FORMULÁRIO ❗FARM 5X❗TopSkins ❗ Insane gg❗Loja ❗XTSKINS,"['Português', 'Bobzao', 'BobSiqueira', 'CS2', 'cs2stream', 'cs2skin', 'cs2brasil', 'cs2memes', 'cs2gameplay', 'reacts']",['MatureGame'],True
40,2025-03-22 20:02,EiMine77,pt,Minecraft,✅ RECOMPENSAS ON! | ⭐ SEJA RÁPIDO E GANHE UMA CAPA DE GRAÇA: !CAPA | 💘 INSTAGRAM: @EIMINE77 | !ajuda !rerun !sub !subgratis !loja,"['Minecraft', 'EiMine', 'Português', 'RecompensasEspetadores']",[],False
40,2025-03-22 20:02,oSinon,pt,Just Chatting,+18 GOSTOSO @pscyrax !PIX,"['Português', 'ação', 'AMA', 'fortnite', 'gostosa', 'Keymailer', 'LURKIT', 'mulher', 'DropsAtivados']",[],False
40,2025-03-22 20:02,CarecaSincero,pt,Marvel Rivals,!LOJA Marvel Rivals? Sei nem com quem eu vou..,"['English', 'FARMPIX', 'PIX', 'loja', 'mechabreakplaytest', 'Português', 'DropsAtivados']",[],False
40,2025-03-22 20:02,morenageek,pt,Fortnite,O único objetivo dessa live é te fazer sorrir,"['Fortnite', 'GirlPlayer', 'PS5LiveStream', 'ControlerGaming', 'Português']",[],False
40,2025-03-22 20:03,disneyjunior,pt,ELDEN RING,"MORGOTT FOI FÁCIL DEMAIS, DISNEYZITO PRECISA DE UM DESAFIO DE VERDADE ~ Primeira vez no Elden Ring ~ Emotes novos ~ Seja bem vindo :)","['Conversação', 'Hardmode', 'Interação', 'Indie', 'Therealgameplay', 'Português', 'chill', 'iniciante']",['MatureGame'],False
40,2025-03-22 20:03,Thats_Lyn,pt,Arcadegeddon,"Cé loko, mó sono #yoru #imortal",['Português'],[],False
40,2025-03-22 20:03,ChequerChequer,pt,Retro,FINAL de Ittle Dew 2 com o padrim master LeopSilva!!! !video !youtube !pokepiada !desafio,['Português'],[],True
41,2025-03-22 20:14,DoutorFakee,pt,Minecraft,DROPS CAPA DO MINE ON,"['Português', 'minecraft', 'bedwars', 'mushmc', 'PvP', 'hypixel', 'hylex', 'Español', 'English', 'drops']",[],False
41,2025-03-22 20:14,BobSiqueira,pt,Counter-Strike,BUTECÃO DO BOBZAO❗FORMULÁRIO ❗FARM 5X❗TopSkins ❗ Insane gg❗Loja ❗XTSKINS,"['Português', 'Bobzao', 'BobSiqueira', 'CS2', 'cs2stream', 'cs2skin', 'cs2brasil', 'cs2memes', 'cs2gameplay', 'reacts']",['MatureGame'],True
41,2025-03-22 20:14,EiMine77,pt,Minecraft,✅ RECOMPENSAS ON! | ⭐ SEJA RÁPIDO E GANHE UMA CAPA DE GRAÇA: !CAPA | 💘 INSTAGRAM: @EIMINE77 | !ajuda !rerun !sub !subgratis !loja,"['Minecraft', 'EiMine', 'Português', 'RecompensasEspetadores']",[],False
41,2025-03-22 20:14,oSinon,pt,Just Chatting,+18 GOSTOSO @pscyrax !PIX,"['Português', 'ação', 'AMA', 'fortnite', 'gostosa', 'Keymailer', 'LURKIT', 'mulher']",[],False
41,2025-03-22 20:14,CarecaSincero,pt,Marvel Rivals,!LOJA Marvel Rivals? Sei nem com quem eu vou..,"['English', 'FARMPIX', 'PIX', 'loja', 'mechabreakplaytest', 'Português', 'DropsAtivados']",[],False
41,2025-03-22 20:14,primbn,pt,Fall Guys,[DIA 9] SUBATHON ROLANDO! Obrigada a todos que estão ajudando com a meta <3,"['JogandoComOChat', 'Português']",[],False
41,2025-03-22 20:14,LariCogumela,pt,Dead by Daylight,°⋆ sábado animado ࿔* !sorteio,"['Português', 'GostosasQueJogam', 'AdaWongP100', 'TDAH', 'JogandoComEspectadores', 'LegendaryWomen', 'IntoTheFog']",['MatureGame'],False
41,2025-03-22 20:14,camiskatchauw,pt,Dead by Daylight,"Bom Diia, Já almuçô?  -  !lista !dbd | #TheFogCrew | EPIC CODE: CAMIS | #DBD #LGBT  #MainKiller #MainSurv","['Fortnite', 'dbd', 'Português', 'deadbydaylight', 'ShirtMySurvivor', 'English', 'MainKiller', 'MainSurvivor', 'LGBTQIAPlus', 'holidayhoopla']",['MatureGame'],False
41,2025-03-22 20:15,EbersonFarias,pt,The Outlast Trials,DBD! VEM PRA LIVE✨ -🔞🔹❗pix ❗clip ❗youtube ❗discord ❗insta 🔹,"['deadbydaylight', 'dbd', 'gay', 'lgbt', 'Português', 'LGBTQIA', 'TDAH', 'conversa', 'humor', 'Brasil']",['MatureGame'],False
42,2025-03-22 20:23,DoutorFakee,pt,Minecraft,DROPS CAPA DO MINE ON,"['Português', 'minecraft', 'bedwars', 'mushmc', 'PvP', 'hypixel', 'hylex', 'Español', 'English', 'drops']",[],False
42,2025-03-22 20:24,BobSiqueira,pt,Counter-Strike,BUTECÃO DO BOBZAO❗FORMULÁRIO ❗FARM 5X❗TopSkins ❗ Insane gg❗Loja ❗XTSKINS,"['Português', 'Bobzao', 'BobSiqueira', 'CS2', 'cs2stream', 'cs2skin', 'cs2brasil', 'cs2memes', 'cs2gameplay', 'reacts']",['MatureGame'],True
42,2025-03-22 20:24,EiMine77,pt,Minecraft,✅ RECOMPENSAS ON! | ⭐ SEJA RÁPIDO E GANHE UMA CAPA DE GRAÇA: !CAPA | 💘 INSTAGRAM: @EIMINE77 | !ajuda !rerun !sub !subgratis !loja,"['Minecraft', 'EiMine', 'Português', 'RecompensasEspetadores']",[],False
42,2025-03-22 20:24,museblossom,pt,Fortnite,Oii :)❗discord❗pix ❗fort ❗jogar ❗epic ❗redes,"['fortnite', 'girl', 'menina', 'mulher', 'jogar', 'overwatch', 'portugues', 'brasileira', 'latina', 'mercy']",[],False
42,2025-03-22 20:24,morenageek,pt,Fortnite,O único objetivo dessa live é te fazer sorrir,"['Fortnite', 'GirlPlayer', 'PS5LiveStream', 'ControlerGaming', 'Português']",[],False
42,2025-03-22 20:24,oSinon,pt,Overwatch 2,+18 GOSTOSO !PIX,"['Português', 'ação', 'AMA', 'fortnite', 'gostosa', 'Keymailer', 'LURKIT', 'mulher', 'DropsAtivados']",[],False
42,2025-03-22 20:24,ZAKl1k,pt,Minecraft,🟢 MINECRAFT | ⭐ GANHE ASSISTINDO | 🌟 REESTOQUE DIA 10 ou 16 às 18h | !loja !points !prime !sub,"['Português', 'Minecraft', 'RecompensasEspetadores']",[],False
42,2025-03-22 20:24,Xiteyy1_,pt,Just Chatting,🔴HOJE TEM JOGO DE TERROR FINALMENTE 😨 -❗pix,"['xiteyy', 'xiteyy1', 'Português']",[],False
42,2025-03-22 20:24,intro_111,pt,Minecraft,CORROMPIDOS DIA 1,"['ASMRauditivo', 'Vtuber', 'Anime', 'Competitivo', 'Português', 'desafio', 'RecompensasEspetadores']",[],False
43,2025-03-22 20:35,BobSiqueira,pt,Counter-Strike,BUTECÃO DO BOBZAO❗FORMULÁRIO ❗FARM 5X❗TopSkins ❗ Insane gg❗Loja ❗XTSKINS,"['Português', 'Bobzao', 'BobSiqueira', 'CS2', 'cs2stream', 'cs2skin', 'cs2brasil', 'cs2memes', 'cs2gameplay', 'reacts']",['MatureGame'],True
43,2025-03-22 20:35,DoutorFakee,pt,Minecraft,DROPS CAPA DO MINE ON,"['Português', 'minecraft', 'bedwars', 'mushmc', 'PvP', 'hypixel', 'hylex', 'Español', 'English', 'drops']",[],False
43,2025-03-22 20:35,EiMine77,pt,Minecraft,✅ RECOMPENSAS ON! | ⭐ SEJA RÁPIDO E GANHE UMA CAPA DE GRAÇA: !CAPA | 💘 INSTAGRAM: @EIMINE77 | !ajuda !rerun !sub !subgratis !loja,"['Minecraft', 'EiMine', 'Português', 'RecompensasEspetadores']",[],False
43,2025-03-22 20:35,museblossom,pt,Fortnite,Oii :)❗discord❗pix ❗fort ❗jogar ❗epic ❗redes,"['fortnite', 'girl', 'menina', 'mulher', 'jogar', 'overwatch', 'portugues', 'brasileira', 'latina', 'mercy']",[],False
43,2025-03-22 20:35,morenageek,pt,Fortnite,O único objetivo dessa live é te fazer sorrir,"['Fortnite', 'GirlPlayer', 'PS5LiveStream', 'ControlerGaming', 'Português']",[],False
43,2025-03-22 20:35,oSinon,pt,Overwatch 2,+18 GOSTOSO !PIX,"['Português', 'ação', 'AMA', 'fortnite', 'gostosa', 'Keymailer', 'LURKIT', 'mulher', 'DropsAtivados']",[],False
43,2025-03-22 20:35,CoxtaDan,en,Just Chatting,🔴LOJA EM BREVE / LOFI - GIRLS,"['English', 'lofi', 'lofigirl', 'chillingstream', 'relaxing']",[],False
43,2025-03-22 20:35,balaperdidarj,pt,Just Chatting,Concentração e Diversão no Word on Stream,"['Português', 'English', 'wordsonstream']",[],False
43,2025-03-22 20:35,FeL_BRSQUAD,pt,Fortnite,Código FELBRS na Loja de itens !ApoieUmCriador #ParceiroEpic !!! COLA com Nóix <3 @FeL_BRSQUAD [Live 640],"['GoodVibes', 'MOBA', 'FPS', 'Inglês', 'suavenanave', 'Jogadacasual', 'Papomusical', 'FirstPlaythrough', 'Jogandocomespectadores', 'jogandopelaprimeiravez']",[],False
44,2025-03-22 20:45,BobSiqueira,pt,Counter-Strike,BUTECÃO DO BOBZAO❗FORMULÁRIO ❗FARM 5X❗TopSkins ❗ Insane gg❗Loja ❗XTSKINS,"['Português', 'Bobzao', 'BobSiqueira', 'CS2', 'cs2stream', 'cs2skin', 'cs2brasil', 'cs2memes', 'cs2gameplay', 'reacts']",['MatureGame'],True
44,2025-03-22 20:45,DoutorFakee,pt,Minecraft,DROPS CAPA DO MINE ON,"['Português', 'minecraft', 'bedwars', 'mushmc', 'PvP', 'hypixel', 'hylex', 'Español', 'English', 'drops']",[],False
44,2025-03-22 20:46,EiMine77,pt,Minecraft,✅ RECOMPENSAS ON! | ⭐ SEJA RÁPIDO E GANHE UMA CAPA DE GRAÇA: !CAPA | 💘 INSTAGRAM: @EIMINE77 | !ajuda !rerun !sub !subgratis !loja,"['Minecraft', 'EiMine', 'Português', 'RecompensasEspetadores']",[],False
44,2025-03-22 20:46,morenageek,pt,Fortnite,O único objetivo dessa live é te fazer sorrir,"['Fortnite', 'GirlPlayer', 'PS5LiveStream', 'ControlerGaming', 'Português']",[],False
44,2025-03-22 20:46,museblossom,pt,Fortnite,Oii :)❗discord❗pix ❗fort ❗jogar ❗epic ❗redes,"['fortnite', 'girl', 'menina', 'mulher', 'jogar', 'overwatch', 'portugues', 'brasileira', 'latina', 'mercy']",[],False
44,2025-03-22 20:46,CarecaSincero,pt,Marvel Rivals,!LOJA Marvel Rivals? Sei nem com quem eu vou..,"['English', 'FARMPIX', 'PIX', 'loja', 'mechabreakplaytest', 'Português', 'DropsAtivados']",[],False
44,2025-03-22 20:46,Hornet,en,Fortnite,(Rerun) Old OG Fortnite Scrims/Moments (*New OG VoDs Coming Soon*),"['English', 'OGFortnite']",[],False
44,2025-03-22 20:46,OG_BIGDRE_TTV,en,Fortnite,BiG DRE,['English'],[],False
44,2025-03-22 20:46,SWAVYFUT,pt,EA Sports FC 25,"FEEDBACK COMPLETO DO GULLIT 94, VALE A PENA? + WL EM 13 CONTAS | !site !cliente",['Português'],[],True
45,2025-03-23 00:04,ataldaeclypse,pt,VALORANT,live resenhuda e miruda !PIX !ELO !PATROCINIO,"['Português', 'valorant', 'BR', 'gamergirl', 'Mulher']",[],False
45,2025-03-23 00:04,BobSiqueira,pt,Grand Theft Auto V,BUTECÃO DO BOBZAO❗FORMULÁRIO ❗FARM 5X❗TopSkins ❗ Insane gg❗Loja ❗XTSKINS,"['Português', 'Bobzao', 'BobSiqueira', 'CS2', 'cs2stream', 'cs2skin', 'cs2brasil', 'cs2memes', 'cs2gameplay', 'reacts']",['MatureGame'],True
45,2025-03-23 00:04,EiMine77,pt,Minecraft,✅ RECOMPENSAS ON! | ⭐ SEJA RÁPIDO E GANHE UMA CAPA DE GRAÇA: !CAPA | 💘 INSTAGRAM: @EIMINE77 | !ajuda !rerun !sub !subgratis !loja,"['Minecraft', 'EiMine', 'Português', 'RecompensasEspetadores']",[],False
45,2025-03-23 00:04,tonton_br,pt,The Quinfall,Nas profundezas das Masmorras  🌸  ❗Drops ❗sociais ❗Sub ✨ +18 #QuinfallDungeonHunt,"['Português', 'divertido', 'Rock', 'Overawatch', 'Mulher', 'TDAH', 'ConversandoComOChat', 'fofoca']",[],True
45,2025-03-23 00:04,pvar_,pt,Minecraft,[DROPS DE CAPA HOME ON] tardezinho no sabado ❗️dc ❗️mineverso ❗️youtube ❗️lunar,"['minecraft', 'Português', 'Brasil', 'brazil', 'mush', 'mushmc', 'lunarclient', 'Badlion', 'myllamaknowskungfu', 'RecompensasEspetadores']",[],False
45,2025-03-23 00:04,ttv_tiavanda,pt,Fortnite,Vemk jogar🔥!pix 🔥!CODE🔥!tiktok🔥 CODE Tia_Vanda 😍😍,"['Respeito', 'Diversão', 'Amizade', 'ZeroBuild', 'Mulher', 'Jogandocomochat', 'Fortnite', 'Brasil', 'Português', 'ps5']",[],False
46,2025-03-23 00:15,EiMine77,pt,Minecraft,✅ RECOMPENSAS ON! | ⭐ SEJA RÁPIDO E GANHE UMA CAPA DE GRAÇA: !CAPA | 💘 INSTAGRAM: @EIMINE77 | !ajuda !rerun !sub !subgratis !loja,"['Minecraft', 'EiMine', 'Português', 'RecompensasEspetadores']",[],False
46,2025-03-23 00:15,BobSiqueira,pt,Grand Theft Auto V,BUTECÃO DO BOBZAO❗FORMULÁRIO ❗FARM 5X❗TopSkins ❗ Insane gg❗Loja ❗XTSKINS,"['Português', 'Bobzao', 'BobSiqueira', 'CS2', 'cs2stream', 'cs2skin', 'cs2brasil', 'cs2memes', 'cs2gameplay', 'reacts']",['MatureGame'],True
46,2025-03-23 00:15,iShadowWolf_,pt,Overwatch 2,(+18) Livezinha Muito Doida!   ||   (❗comandos ❗metas ❗drops)   ||   (Epic Code: SHADOWOLF),"['Português', 'DropsAtivados']",[],False
46,2025-03-23 00:15,ataldaeclypse,pt,VALORANT,live resenhuda e miruda !PIX !ELO !PATROCINIO,"['Português', 'valorant', 'BR', 'gamergirl', 'Mulher']",[],False
46,2025-03-23 00:15,ttv_tiavanda,pt,Fortnite,Vemk jogar🔥!pix 🔥!CODE🔥!tiktok🔥 CODE Tia_Vanda 😍😍,"['Respeito', 'Diversão', 'Amizade', 'ZeroBuild', 'Mulher', 'Jogandocomochat', 'Fortnite', 'Brasil', 'Português', 'ps5']",[],False
46,2025-03-23 00:15,CarecaSincero,pt,Marvel Rivals,!LOJA Marvel Rivals? Sei nem com quem eu vou..,"['English', 'FARMPIX', 'PIX', 'loja', 'mechabreakplaytest', 'Português', 'DropsAtivados']",[],False
46,2025-03-23 00:15,CoxtaDan,en,Just Chatting,🔴LOJA EM BREVE / LOFI - GIRLS,"['English', 'lofi', 'lofigirl', 'chillingstream', 'relaxing']",[],False
46,2025-03-23 00:16,balaperdidarj,pt,Just Chatting,Concentração e Diversão no Word on Stream,"['Português', 'English', 'wordsonstream']",[],False
46,2025-03-23 00:16,pequenaeu,en,Call of Duty,POR hoje é só! Volto Amanha!,['English'],[],False
47,2025-03-23 00:24,EiMine77,pt,Minecraft,✅ RECOMPENSAS ON! | ⭐ SEJA RÁPIDO E GANHE UMA CAPA DE GRAÇA: !CAPA | 💘 INSTAGRAM: @EIMINE77 | !ajuda !rerun !sub !subgratis !loja,"['Minecraft', 'EiMine', 'Português', 'RecompensasEspetadores']",[],False
47,2025-03-23 00:24,BobSiqueira,pt,Grand Theft Auto V,BUTECÃO DO BOBZAO❗FORMULÁRIO ❗FARM 5X❗TopSkins ❗ Insane gg❗Loja ❗XTSKINS,"['Português', 'Bobzao', 'BobSiqueira', 'CS2', 'cs2stream', 'cs2skin', 'cs2brasil', 'cs2memes', 'cs2gameplay', 'reacts']",['MatureGame'],True
47,2025-03-23 00:24,iShadowWolf_,pt,Overwatch 2,(+18) Livezinha Muito Doida!   ||   (❗comandos ❗metas ❗drops)   ||   (Epic Code: SHADOWOLF),"['Português', 'DropsAtivados']",[],False
47,2025-03-23 00:25,ataldaeclypse,pt,VALORANT,live resenhuda e miruda !PIX !ELO !PATROCINIO,"['Português', 'valorant', 'BR', 'gamergirl', 'Mulher']",[],False
47,2025-03-23 00:25,CarecaSincero,pt,Marvel Rivals,!LOJA Marvel Rivals? Sei nem com quem eu vou..,"['English', 'FARMPIX', 'PIX', 'loja', 'mechabreakplaytest', 'Português', 'DropsAtivados']",[],False
47,2025-03-23 00:25,ttv_tiavanda,pt,Fortnite,Vemk jogar🔥!pix 🔥!CODE🔥!tiktok🔥 CODE Tia_Vanda 😍😍,"['Respeito', 'Diversão', 'Amizade', 'ZeroBuild', 'Mulher', 'Jogandocomochat', 'Fortnite', 'Brasil', 'Português', 'ps5']",[],False
47,2025-03-23 00:25,BeehNeto,pt,Just Chatting,VOCÊ QUER?❗vakinha❗videonovo ❗pix ❗zap ❗youtube ❗sons ❗sons2,['Português'],['ProfanityVulgarity'],False
47,2025-03-23 00:25,taldochico,pt,Grand Theft Auto V,RP E MAIS RP! // ❗pix ❗donate ❗bits ❗sons,['Português'],['MatureGame'],False
47,2025-03-23 00:25,syndrel,pt,Dead by Daylight,"DBD, VEM PRA LIVEE","['Português', 'Drag', 'LGBT', 'Syndra', 'mid', 'texas', 'dbd', 'leagueoflegends', 'ADC', 'ADCARRY']",['MatureGame'],False
48,2025-03-23 04:02,iShadowWolf_,pt,Fortnite,(+18) Livezinha Muito Doida!   ||   (❗comandos ❗metas ❗drops)   ||   (Epic Code: SHADOWOLF),['Português'],[],False
48,2025-03-23 04:02,EiMine77,pt,Minecraft,✅ RECOMPENSAS ON! | ⭐ SEJA RÁPIDO E GANHE UMA CAPA DE GRAÇA: !CAPA | 💘 INSTAGRAM: @EIMINE77 | !ajuda !rerun !sub !subgratis !loja,"['Minecraft', 'EiMine', 'Português', 'RecompensasEspetadores']",[],False
48,2025-03-23 04:02,CarecaSincero,pt,Marvel Rivals,!LOJA Marvel Rivals? Sei nem com quem eu vou..,"['English', 'FARMPIX', 'PIX', 'loja', 'mechabreakplaytest', 'Português', 'DropsAtivados']",[],False
48,2025-03-23 04:02,noobzinhavs,pt,Coconut Simulator,Voltamos segunda as 20h>Lives Seg a SAB às20h] - Drops on!,"['Português', 'dixlecia']",[],False
48,2025-03-23 04:02,Julin2,pt,Just Chatting,LIVE DA MADRUGADA! (+18) !PIX !DISCORD,"['Português', 'reacts', 'RealityShows', 'filme', 'terror', 'humor', 'IRL']",[],False
48,2025-03-23 04:02,10kitsune,en,Overwatch 2,Welcome to my Chaos!⭐️24 HR MULTI GAME STREAM⭐️WITH @chiefclappacheeky,"['FPS', 'MMO', 'Multiplayer', 'English', 'Shooter', 'girlgamer', 'Canadian', 'DropsEnabled']",['ProfanityVulgarity'],False
48,2025-03-23 04:02,SCO7T,pt,Grand Theft Auto V,RERUN | LARP - Skunky from BLP | !socials !mods !larp !codigo,"['GTA', 'Roleplay', 'RP', 'Gang', 'YBN', 'LA', 'FiveM', 'Português']",['MatureGame'],False
48,2025-03-23 04:03,dartab,pt,Grand Theft Auto V,+18 [ProdigyRP] DIA #5 dia de maudart  - !pix !mods !reshade !playlist !prodigy,['Português'],['MatureGame'],False
48,2025-03-23 04:03,CriaPlayer,pt,VALORANT,🎃GOTHAM RP🎃 #68 PAIZÃO LADRÃO?? TUBARÕES CAÇANDO? #VdgPraKrlh #TropaDosDodóis !gotham  !fancam,['Português'],['ProfanityVulgarity'],False
49,2025-03-23 04:14,iShadowWolf_,pt,Fortnite,(+18) Livezinha Muito Doida!   ||   (❗comandos ❗metas ❗drops)   ||   (Epic Code: SHADOWOLF),['Português'],[],False
49,2025-03-23 04:14,EiMine77,pt,Minecraft,✅ RECOMPENSAS ON! | ⭐ SEJA RÁPIDO E GANHE UMA CAPA DE GRAÇA: !CAPA | 💘 INSTAGRAM: @EIMINE77 | !ajuda !rerun !sub !subgratis !loja,"['Minecraft', 'EiMine', 'Português', 'RecompensasEspetadores']",[],False
49,2025-03-23 04:14,CarecaSincero,pt,Marvel Rivals,!LOJA Marvel Rivals? Sei nem com quem eu vou..,"['English', 'FARMPIX', 'PIX', 'loja', 'mechabreakplaytest', 'Português', 'DropsAtivados']",[],False
49,2025-03-23 04:14,noobzinhavs,pt,Coconut Simulator,Voltamos segunda as 20h>Lives Seg a SAB às20h] - Drops on!,"['Português', 'dixlecia']",[],False
49,2025-03-23 04:14,Julin2,pt,Just Chatting,LIVE DA MADRUGADA! (+18) !PIX !DISCORD,"['Português', 'reacts', 'RealityShows', 'filme', 'terror', 'humor', 'IRL']",[],False
49,2025-03-23 04:14,10kitsune,en,Overwatch 2,Welcome to my Chaos!⭐️24 HR MULTI GAME STREAM⭐️WITH @chiefclappacheeky,"['FPS', 'MMO', 'Multiplayer', 'English', 'Shooter', 'girlgamer', 'Canadian', 'DropsEnabled']",['ProfanityVulgarity'],False
49,2025-03-23 04:14,camizlobato,pt,VALORANT,🎮 vamos falar desse VCT 🎮 (+18),"['Português', 'Mulher', 'Jogos', 'Competitivo', 'girl', 'fps', 'Reposição']",['ProfanityVulgarity'],True
49,2025-03-23 04:14,naju_duarte,pt,VALORANT,Bora de vavazaun? comandos: !elo !periféricos  !pc !instagram !tiktok !sensi !nick !pix !designer !coach !discord / VALORANT,"['Português', 'fifine', 'valorantcompetetive', 'VALORANＴ', 'reacts', 'valorant']",[],False
49,2025-03-23 04:15,amandadetonatiii,pt,VALORANT,mibr hoje💙 giiira aspas 🌪️ !tiktok !exitlag !amazon !pix !video !discord !youtube,"['Português', 'miruda', 'troll', 'radianteumavez']",[],False
50,2025-03-23 08:02,EiMine77,pt,Minecraft,✅ RECOMPENSAS ON! | ⭐ SEJA RÁPIDO E GANHE UMA CAPA DE GRAÇA: !CAPA | 💘 INSTAGRAM: @EIMINE77 | !ajuda !rerun !sub !subgratis !loja,"['Minecraft', 'EiMine', 'Português', 'RecompensasEspetadores']",[],False
50,2025-03-23 08:03,iShadowWolf_,pt,Fortnite,(+18) Livezinha Muito Doida!   ||   (❗comandos ❗metas ❗drops)   ||   (Epic Code: SHADOWOLF),['Português'],[],False
50,2025-03-23 08:03,CarecaSincero,pt,Marvel Rivals,!LOJA Marvel Rivals? Sei nem com quem eu vou..,"['English', 'FARMPIX', 'PIX', 'loja', 'mechabreakplaytest', 'Português', 'DropsAtivados']",[],False
50,2025-03-23 08:03,Xerekiss,pt,Fortnite,DOMINGOU COM FORTNELSON! | RESGATE ITENS ASSISTINDO A LIVE (❗loja) | CODE: XEREKISS #ad,"['Português', 'Brasil', 'fps', 'Fortnite', 'Portugal', 'battleroyale']",[],False
50,2025-03-23 08:03,noobzinhavs,pt,Coconut Simulator,Voltamos segunda as 20h>Lives Seg a SAB às20h] - Drops on!,"['Português', 'dixlecia']",[],False
50,2025-03-23 08:03,Baiano,pt,League of Legends,🟢 LPL AO VIVO - JDG 0 x 0 IG 🟢 !kbmidl !bb !grupo !status #LPLCOSTREAM,['Português'],[],False
51,2025-03-23 08:15,iShadowWolf_,pt,Fortnite,(+18) Livezinha Muito Doida!   ||   (❗comandos ❗metas ❗drops)   ||   (Epic Code: SHADOWOLF),['Português'],[],False
51,2025-03-23 08:15,EiMine77,pt,Minecraft,✅ RECOMPENSAS ON! | ⭐ SEJA RÁPIDO E GANHE UMA CAPA DE GRAÇA: !CAPA | 💘 INSTAGRAM: @EIMINE77 | !ajuda !rerun !sub !subgratis !loja,"['Minecraft', 'EiMine', 'Português', 'RecompensasEspetadores']",[],False
51,2025-03-23 08:15,CarecaSincero,pt,Marvel Rivals,!LOJA Marvel Rivals? Sei nem com quem eu vou..,"['English', 'FARMPIX', 'PIX', 'loja', 'mechabreakplaytest', 'Português', 'DropsAtivados']",[],False
51,2025-03-23 08:15,Xerekiss,pt,Fortnite,DOMINGOU COM FORTNELSON! | RESGATE ITENS ASSISTINDO A LIVE (❗loja) | CODE: XEREKISS #ad,"['Português', 'Brasil', 'fps', 'Fortnite', 'Portugal', 'battleroyale']",[],False
51,2025-03-23 08:15,noobzinhavs,pt,Coconut Simulator,Voltamos segunda as 20h>Lives Seg a SAB às20h] - Drops on!,"['Português', 'dixlecia']",[],False
51,2025-03-23 08:15,Julin2,pt,Just Chatting,LIVE DA MADRUGADA! (+18) !PIX !DISCORD,"['Português', 'reacts', 'RealityShows', 'filme', 'terror', 'humor', 'IRL']",[],False
51,2025-03-23 08:15,Markyn11,pt,EA Sports FC 25,VAMOS DOMINGAO NOVA PROMO +WL  E PACKS AGORA  - /BRASIL/PORTUGAL,"['BRASIL', 'PORTUGUES', 'FUTEBOL', 'BRASILEIRO', 'ULTMATEAM', 'WL', 'futchampions', 'UFL', 'EAFC25', 'Português']",[],False
51,2025-03-23 08:15,Pestanatori,pt,EA Sports FC 25,FUT DA TOURADA - !YOUTUBE 💸 !Betano,"['Português', 'Futebol']",[],False
51,2025-03-23 08:16,MaatM,fr,EA Sports FC 25,FUT Champions avec Dembouz et PACK Opening - (!eneba !holy),['Français'],[],False
52,2025-03-23 08:26,iShadowWolf_,pt,Rocket League,(+18) Livezinha Muito Doida!   ||   (❗comandos ❗metas ❗drops)   ||   (Epic Code: SHADOWOLF),['Português'],[],False
52,2025-03-23 08:26,EiMine77,pt,Minecraft,✅ RECOMPENSAS ON! | ⭐ SEJA RÁPIDO E GANHE UMA CAPA DE GRAÇA: !CAPA | 💘 INSTAGRAM: @EIMINE77 | !ajuda !rerun !sub !subgratis !loja,"['Minecraft', 'EiMine', 'Português', 'RecompensasEspetadores']",[],False
52,2025-03-23 08:26,CarecaSincero,pt,Marvel Rivals,!LOJA Marvel Rivals? Sei nem com quem eu vou..,"['English', 'FARMPIX', 'PIX', 'loja', 'mechabreakplaytest', 'Português', 'DropsAtivados']",[],False
52,2025-03-23 08:26,Xerekiss,pt,Fortnite,DOMINGOU COM FORTNELSON! | RESGATE ITENS ASSISTINDO A LIVE (❗loja) | CODE: XEREKISS #ad,"['Português', 'Brasil', 'fps', 'Fortnite', 'Portugal', 'battleroyale']",[],False
52,2025-03-23 08:26,noobzinhavs,pt,Coconut Simulator,Voltamos segunda as 20h>Lives Seg a SAB às20h] - Drops on!,"['Português', 'dixlecia']",[],False
52,2025-03-23 08:26,Julin2,pt,Just Chatting,LIVE DA MADRUGADA! (+18) !PIX !DISCORD,"['Português', 'reacts', 'RealityShows', 'filme', 'terror', 'humor', 'IRL']",[],False
52,2025-03-23 08:26,JVaz8,pt,EA Sports FC 25,Weekend League (8-0) 🏆 DreamChasers 🏆 !coach 🎱,['Português'],[],False
52,2025-03-23 08:27,Alves,pt,Counter-Strike,DOMINGO É TAM9 + W 🔥| !site,"['Português', 'Faceits', 'CS2', 'stickers']",['MatureGame'],False
52,2025-03-23 08:27,oficialfaria,pt,Grand Theft Auto V,(+18) Manuel Circo 🔴Atlantic RP🔴 - A Fazer acontecer nas 🌊🌊 do Atlantic  | !Doar | !Discord |  | !Pc,"['gtavpt', 'gtavrppt', 'Portugal', 'Portugues', 'atlanticrp', 'gtavatlanticrp', 'gtavrppc', 'gtav', 'gtavportugal', 'atlantic']",['MatureGame'],False
53,2025-03-23 08:36,iShadowWolf_,pt,Rocket League,(+18) Livezinha Muito Doida!   ||   (❗comandos ❗metas ❗drops)   ||   (Epic Code: SHADOWOLF),['Português'],[],False
53,2025-03-23 08:37,EiMine77,pt,Minecraft,✅ RECOMPENSAS ON! | ⭐ SEJA RÁPIDO E GANHE UMA CAPA DE GRAÇA: !CAPA | 💘 INSTAGRAM: @EIMINE77 | !ajuda !rerun !sub !subgratis !loja,"['Minecraft', 'EiMine', 'Português', 'RecompensasEspetadores']",[],False
53,2025-03-23 08:37,CarecaSincero,pt,Marvel Rivals,!LOJA Marvel Rivals? Sei nem com quem eu vou..,"['English', 'FARMPIX', 'PIX', 'loja', 'mechabreakplaytest', 'Português', 'DropsAtivados']",[],False
53,2025-03-23 08:37,Xerekiss,pt,Fortnite,DOMINGOU COM FORTNELSON! | RESGATE ITENS ASSISTINDO A LIVE (❗loja) | CODE: XEREKISS #ad,"['Português', 'Brasil', 'fps', 'Fortnite', 'Portugal', 'battleroyale']",[],False
53,2025-03-23 08:37,noobzinhavs,pt,Coconut Simulator,Voltamos segunda as 20h>Lives Seg a SAB às20h] - Drops on!,"['Português', 'dixlecia']",[],False
53,2025-03-23 08:37,Julin2,pt,Just Chatting,LIVE DA MADRUGADA! (+18) !PIX !DISCORD,"['Português', 'reacts', 'RealityShows', 'filme', 'terror', 'humor', 'IRL']",[],False
53,2025-03-23 08:37,Surskity11,pt,Just Chatting,IRL,"['Português', 'English']",[],False
53,2025-03-23 08:37,takeshi,pt,League of Legends,TRETAS NO CENÁRIO. O TAKAS RESUME PRA VOCÊ /// !loco !pix,['Português'],[],False
53,2025-03-23 08:37,Samkz11,pt,League of Legends,JG CHALL SUBHATON DO FERRO AO MASTER COM CHAMP DE A até Z . 2 reais = 2min  sub =4 min  !youtube !savicore !pix !tiktok !social !videonovo,['Português'],[],False
54,2025-03-23 08:48,iShadowWolf_,pt,Rocket League,(+18) Livezinha Muito Doida!   ||   (❗comandos ❗metas ❗drops)   ||   (Epic Code: SHADOWOLF),['Português'],[],False
54,2025-03-23 08:48,EiMine77,pt,Minecraft,✅ RECOMPENSAS ON! | ⭐ SEJA RÁPIDO E GANHE UMA CAPA DE GRAÇA: !CAPA | 💘 INSTAGRAM: @EIMINE77 | !ajuda !rerun !sub !subgratis !loja,"['Minecraft', 'EiMine', 'Português', 'RecompensasEspetadores']",[],False
54,2025-03-23 08:48,CarecaSincero,pt,Marvel Rivals,!LOJA Marvel Rivals? Sei nem com quem eu vou..,"['English', 'FARMPIX', 'PIX', 'loja', 'mechabreakplaytest', 'Português', 'DropsAtivados']",[],False
54,2025-03-23 08:48,Xerekiss,pt,Fortnite,DOMINGOU COM FORTNELSON! | RESGATE ITENS ASSISTINDO A LIVE (❗loja) | CODE: XEREKISS #ad,"['Português', 'Brasil', 'fps', 'Fortnite', 'Portugal', 'battleroyale']",[],False
54,2025-03-23 08:48,noobzinhavs,pt,Coconut Simulator,Voltamos segunda as 20h>Lives Seg a SAB às20h] - Drops on!,"['Português', 'dixlecia']",[],False
54,2025-03-23 08:48,Baiano,pt,League of Legends,🟢 LPL AO VIVO - JDG 0 x 1 IG 🟢 !kbmidl !bb !grupo !status #LPLCOSTREAM,['Português'],[],False
54,2025-03-23 08:48,purodiol2,pt,Crypto,Segura o SPS. Gameplay altamente duvidosa... https://chat.whatsapp.com/DgA8TY1lSnklBxeETrQc31,"['PortuguêsBR', 'Português', 'Lineage2', 'LineageII', 'Lineage2Essence', 'l2']",[],False
54,2025-03-23 08:48,SHYGAMEPLAY,pt,Garena Free Fire,"SALVE, SEJA BEM VINDO A LIVIZINHA DO SHY #anúncio #patrocínio, !roblox","['Português', 'Brasil', 'jogos', 'fyp']",['MatureGame'],False
54,2025-03-23 08:48,TijolinhoPray,pt,Counter-Strike,[🔞] pAPOS pROFUNDOS ❗️pix ❗️susto - Siga @tijolinhopray,['Português'],['MatureGame'],False
55,2025-03-23 12:02,EiMine77,pt,Minecraft,✅ RECOMPENSAS ON! | ⭐ SEJA RÁPIDO E GANHE UMA CAPA DE GRAÇA: !CAPA | 💘 INSTAGRAM: @EIMINE77 | !ajuda !rerun !sub !subgratis !loja,"['Minecraft', 'EiMine', 'Português', 'RecompensasEspetadores']",[],False
55,2025-03-23 12:02,brunoamaraltm,pt,ARK: Survival Ascended,Bora de arkzinho hoje... Sorteio de chaves Sparky / Sparky mod keys giveaway. !ticket to participate,"['dinossauros', 'portugues', 'brasileiro', 'sobrevivencia', 'survival', 'ark', 'dinos', 'mods', 'Português']",[],False
55,2025-03-23 12:02,noobzinhavs,pt,Coconut Simulator,Voltamos segunda as 20h>Lives Seg a SAB às20h] - Drops on!,"['Português', 'dixlecia']",[],False
55,2025-03-23 12:02,CarecaSincero,pt,Marvel Rivals,!LOJA Marvel Rivals? Sei nem com quem eu vou..,"['English', 'FARMPIX', 'PIX', 'loja', 'mechabreakplaytest', 'Português', 'DropsAtivados']",[],False
55,2025-03-23 12:02,oSinon,pt,Overwatch 2,+18 Rank Personagem nova Kiriko é foda !PIX,"['Português', 'ação', 'AMA', 'fortnite', 'gostosa', 'Keymailer', 'LURKIT', 'mulher', 'DropsAtivados']",[],False
55,2025-03-23 12:02,EiMine24h,pt,Minecraft,✅ RECOMPENSAS ON! | ⭐ SEJA RÁPIDO E GANHE UMA CAPA DE GRAÇA: !CAPA | 💘 INSTAGRAM: @EIMINE77 | !ajuda !rerun !subgratis !loja,"['Português', 'Minecraft', 'EiMine', 'RecompensasEspetadores']",[],False
55,2025-03-23 12:02,mechamoluu,pt,League of Legends,✨DO PLATINA AO PRATA  !elo !discord !pix !comandos ✨,"['Português', 'gameplay', 'Ranked', 'foco', 'Mulher', 'monolux', 'jinx']",[],False
55,2025-03-23 12:02,mynluvsx,pt,Death Stranding,Live de 24 Horas de Joguinhos (PT/EN) . . ⋆౨ৎ˚⟡˖ ࣪ 🌸 |,"['Português', 'gamergirl', 'english', 'egirl', 'bonita', 'engraçadinha', 'legal', 'feliz', 'action']",['MatureGame'],True
55,2025-03-23 12:03,niponica,pt,Just Chatting,certamente é a nipônica -❕bits ❕pix❕comandos,['Português'],[],False
56,2025-03-23 12:14,EiMine77,pt,Minecraft,✅ RECOMPENSAS ON! | ⭐ SEJA RÁPIDO E GANHE UMA CAPA DE GRAÇA: !CAPA | 💘 INSTAGRAM: @EIMINE77 | !ajuda !rerun !sub !subgratis !loja,"['Minecraft', 'EiMine', 'Português', 'RecompensasEspetadores']",[],False
56,2025-03-23 12:14,brunoamaraltm,pt,ARK: Survival Ascended,Bora de arkzinho hoje... Sorteio de chaves Sparky / Sparky mod keys giveaway. !ticket to participate,"['dinossauros', 'portugues', 'brasileiro', 'sobrevivencia', 'survival', 'ark', 'dinos', 'mods', 'Português']",[],False
56,2025-03-23 12:14,CarecaSincero,pt,Marvel Rivals,!LOJA Marvel Rivals? Sei nem com quem eu vou..,"['English', 'FARMPIX', 'PIX', 'loja', 'mechabreakplaytest', 'Português', 'DropsAtivados']",[],False
56,2025-03-23 12:14,noobzinhavs,pt,Coconut Simulator,Voltamos segunda as 20h>Lives Seg a SAB às20h] - Drops on!,"['Português', 'dixlecia']",[],False
56,2025-03-23 12:14,oSinon,pt,Overwatch 2,+18 Rank Personagem nova Kiriko é foda !PIX,"['Português', 'ação', 'AMA', 'fortnite', 'gostosa', 'Keymailer', 'LURKIT', 'mulher', 'DropsAtivados']",[],False
56,2025-03-23 12:14,Baiano,pt,League of Legends,🔴 LPL: JDG x IG 🔴 🌴FINAL EMEA MASTERS 13:00 !kbmidl !grupo [RETRANSMISSÃO] !status,['Português'],[],False
56,2025-03-23 12:14,ViviAndrade,pt,inZOI,⁎⁺✧ dominguxo tranquiluxo  ⁎⁺✧ | USE CODE: V1VIANDRADE | ✨ FARM SKINS E V-BUCKS NA LOJA ✨,"['Vivi', 'Português', 'Fortnite', 'ZeroBuildFortnite', 'interação', 'Jogandocomespectadores', 'Mulher']",['ProfanityVulgarity'],False
56,2025-03-23 12:15,vanessynhaaaa,pt,Fortnite,😍🌈💕Me apoiem loja code: NESSYNHA,"['fps', 'amizades', 'diversão', 'AMA', 'ação', 'TDH', 'tiroteio', 'fortnite', 'mulheres', 'homens']",[],True
56,2025-03-23 12:15,BRUNAO1,pt,Fortnite,Domingão Do BRUNAO |   USE CODE BRUNAO1  !Pix !Discord !CODE  !Lurk,"['Fortnite', 'Valorant', 'Português']",[],True
57,2025-03-23 12:26,EiMine77,pt,Minecraft,✅ RECOMPENSAS ON! | ⭐ SEJA RÁPIDO E GANHE UMA CAPA DE GRAÇA: !CAPA | 💘 INSTAGRAM: @EIMINE77 | !ajuda !rerun !sub !subgratis !loja,"['Minecraft', 'EiMine', 'Português', 'RecompensasEspetadores']",[],False
57,2025-03-23 12:26,brunoamaraltm,pt,ARK: Survival Ascended,Bora de arkzinho hoje... Sorteio de chaves Sparky / Sparky mod keys giveaway. !ticket to participate,"['dinossauros', 'portugues', 'brasileiro', 'sobrevivencia', 'survival', 'ark', 'dinos', 'mods', 'Português']",[],False
57,2025-03-23 12:27,CarecaSincero,pt,Marvel Rivals,!LOJA Marvel Rivals? Sei nem com quem eu vou..,"['English', 'FARMPIX', 'PIX', 'loja', 'mechabreakplaytest', 'Português', 'DropsAtivados']",[],False
57,2025-03-23 12:27,noobzinhavs,pt,Coconut Simulator,Voltamos segunda as 20h>Lives Seg a SAB às20h] - Drops on!,"['Português', 'dixlecia']",[],False
57,2025-03-23 12:27,oSinon,pt,Overwatch 2,+18 Rank Personagem nova Kiriko é foda !PIX,"['Português', 'ação', 'AMA', 'fortnite', 'gostosa', 'Keymailer', 'LURKIT', 'mulher', 'DropsAtivados']",[],False
57,2025-03-23 12:27,SLKRETROZADA,pt,Counter-Strike,DOMINGOU SO BALINHA    !CSGO.NET !vaquinha !otimização @matazera @pezingamer   @betaozera @GabzeraWZ,"['mouse', 'teclado', 'portugues', 'competitivo', 'proplayerPortuguês', 'proplayer', 'proplayer', 'CS2', 'cs2counterstrike2', 'cs2major']",['MatureGame'],False
57,2025-03-23 12:27,TonhoDLang,pt,Sea of Thieves,!drops | Missão da Sorte dps PvP | Dobro de Xp ativo | Streamer parceiro do @lendasdomar e CSoTBR 🏴‍☠️ !lendas !csotbr !platina,"['Português', 'Zerandojogos', 'seaofthieves', 'DropsAtivados']",[],False
57,2025-03-23 12:27,PhuzzyBond,en,Sea of Thieves,!Drops | 12 Hours | Lucky Stacks | 🫖Good Vibes |  💚💜 Get SoT at 65% off !games,"['ClosedCaptions', 'LongSilkyHair', 'FamilyFriendly', 'SeaOfThievesPartner', 'ASMR', 'English', 'Chill', 'GoodVibes', 'DropsEnabled']",[],False
57,2025-03-23 12:27,ThaiSavarez,pt,Sea of Thieves,💚DROPS💚 Pega seus drops hj please? Não vacila || @MiguelAngelo_live ||  Sociais: @thaisavarez || !nuuvem !doar,"['Español', 'english', 'Português', 'Tutorial', 'divertido', 'engraçado', 'PvEPvP', 'SeaOfThievesPartner', 'seaofthieves', 'DropsAtivados']",[],False
58,2025-03-23 16:01,EiMine77,pt,Minecraft,✅ RECOMPENSAS ON! | ⭐ SEJA RÁPIDO E GANHE UMA CAPA DE GRAÇA: !CAPA | 💘 INSTAGRAM: @EIMINE77 | !ajuda !rerun !sub !subgratis !loja,"['Minecraft', 'EiMine', 'Português', 'RecompensasEspetadores']",[],False
58,2025-03-23 16:01,CarecaSincero,pt,Marvel Rivals,!LOJA Marvel Rivals? Sei nem com quem eu vou..,"['English', 'FARMPIX', 'PIX', 'loja', 'mechabreakplaytest', 'Português', 'DropsAtivados']",[],False
58,2025-03-23 16:01,noobzinhavs,pt,Coconut Simulator,Voltamos segunda as 20h>Lives Seg a SAB às20h] - Drops on!,"['Português', 'dixlecia']",[],False
58,2025-03-23 16:02,Baiano,pt,League of Legends,🟢 Los Ratones 3 x 0 ICI Japon Corp | Final Emea Masters 🟢🌴 !kbmidl !bb !grupo,['Português'],[],False
58,2025-03-23 16:02,SLKRETROZADA,pt,Counter-Strike,DOMINGOU SO BALINHA    !CSGO.NET !vaquinha !otimização @matazera @pezingamer   @betaozera @GabzeraWZ,"['mouse', 'teclado', 'portugues', 'competitivo', 'proplayerPortuguês', 'proplayer', 'proplayer', 'CS2', 'cs2counterstrike2', 'cs2major']",['MatureGame'],False
58,2025-03-23 16:02,tony_lvl,pt,Overwatch 2,éxi  - #OverwatchCreator #OWPartner,"['Português', 'DPS', 'Ranked', 'OverwatchCreators', 'Competitivo', 'Overwatch2', 'OW2Giveaway', 'Hitscan', 'Ashe', 'marvelrivals']",['ProfanityVulgarity'],False
58,2025-03-23 16:02,MatGomesz,pt,Sea of Thieves,🟡❗DROPS ON🟡 Scrim ❗LendasDoMar |❗olivia | Epic CODE: MatGomesz #ad |❗noping,"['PvP', 'PvE', 'Aventura', 'Survival', 'Português', 'Coop', 'Xbox', 'PS5', 'Trocação', 'DropsAtivados']",[],False
58,2025-03-23 16:02,LendasDoMar,pt,Sea of Thieves,"⭐Hoje tem SCRIM, quem leva? Drops ON | !Lendas","['seaofthieves', 'navalgame', 'streamers', 'brazil', 'community', 'seaofthievescommunity', 'seaofstars', 'lendasdomar', 'Português', 'DropsAtivados']",[],False
58,2025-03-23 16:02,playinghazel,pt,Sea of Thieves,"DROPS ON e um bom domingo, meus bacanos! | !redes !discord !lendasdomar","['SeaofThieves', 'Português', 'LGBTQIAPIus', 'PvP', 'PvE', 'DropsAtivados']",[],False
59,2025-03-23 16:11,EiMine77,pt,Minecraft,✅ RECOMPENSAS ON! | ⭐ SEJA RÁPIDO E GANHE UMA CAPA DE GRAÇA: !CAPA | 💘 INSTAGRAM: @EIMINE77 | !ajuda !rerun !sub !subgratis !loja,"['Minecraft', 'EiMine', 'Português', 'RecompensasEspetadores']",[],False
59,2025-03-23 16:11,CarecaSincero,pt,Marvel Rivals,!LOJA Marvel Rivals? Sei nem com quem eu vou..,"['English', 'FARMPIX', 'PIX', 'loja', 'mechabreakplaytest', 'Português', 'DropsAtivados']",[],False
59,2025-03-23 16:12,noobzinhavs,pt,Coconut Simulator,Voltamos segunda as 20h>Lives Seg a SAB às20h] - Drops on!,"['Português', 'dixlecia']",[],False
59,2025-03-23 16:12,Baiano,pt,League of Legends,🔴 LPL - JDG x LNG 🔴 🌴 Amanhã: LPL às 05:00 !grupo !bb [RETRANSMISSÃO] !status !kbmidl,['Português'],[],False
59,2025-03-23 16:12,SLKRETROZADA,pt,Counter-Strike,DOMINGOU SO BALINHA    !CSGO.NET !vaquinha !otimização @matazera @pezingamer   @betaozera @GabzeraWZ,"['mouse', 'teclado', 'portugues', 'competitivo', 'proplayerPortuguês', 'proplayer', 'proplayer', 'CS2', 'cs2counterstrike2', 'cs2major']",['MatureGame'],False
59,2025-03-23 16:12,tony_lvl,pt,Overwatch 2,éxi  - #OverwatchCreator #OWPartner,"['Português', 'DPS', 'Ranked', 'OverwatchCreators', 'Competitivo', 'Overwatch2', 'OW2Giveaway', 'Hitscan', 'Ashe', 'marvelrivals']",['ProfanityVulgarity'],False
59,2025-03-23 16:12,swagkzz,pt,Red Dead Redemption 2,[+18]DOWNTOWN RP OFICIAL//DEVERAS ne?! seja bem vindo!!!.,"['Poruguês', 'Português', 'English', 'RP', 'downtown']",['MatureGame'],False
59,2025-03-23 16:12,dknfps,pt,Grand Theft Auto V,01 Tropada15 +18 !pix !discord,['Português'],['MatureGame'],False
59,2025-03-23 16:12,BigBravoX,pt,Night Crows,[PT/EN] Vem com o pai -  Seeds Bravox#4272 -  🏝️❗social ❗livepix 🏝️,"['Aventura', 'MMO', 'RPG', 'MundoAberto', 'BatePapo', 'Português', 'PvP', 'mmorpg2024', 'mmorpg2024', 'paytowin']",[],False
60,2025-03-23 16:23,EiMine77,pt,Minecraft,✅ RECOMPENSAS ON! | ⭐ SEJA RÁPIDO E GANHE UMA CAPA DE GRAÇA: !CAPA | 💘 INSTAGRAM: @EIMINE77 | !ajuda !rerun !sub !subgratis !loja,"['Minecraft', 'EiMine', 'Português', 'RecompensasEspetadores']",[],False
60,2025-03-23 16:23,DaniKrautz,pt,Fortnite,Dominguinho jogando com o chat -  ❗nick ❗jogar ❗comandos,"['fortnite', 'jogandocomochat', 'Português', 'Mulher', 'personalizadadelas']",[],False
60,2025-03-23 16:23,CarecaSincero,pt,Marvel Rivals,!LOJA Marvel Rivals? Sei nem com quem eu vou..,"['English', 'FARMPIX', 'PIX', 'loja', 'mechabreakplaytest', 'Português', 'DropsAtivados']",[],False
60,2025-03-23 16:23,SLKRETROZADA,pt,Counter-Strike,DOMINGOU SO BALINHA    !CSGO.NET !vaquinha !otimização @matazera @pezingamer   @betaozera @GabzeraWZ,"['mouse', 'teclado', 'portugues', 'competitivo', 'proplayerPortuguês', 'proplayer', 'proplayer', 'CS2', 'cs2counterstrike2', 'cs2major']",['MatureGame'],False
60,2025-03-23 16:23,noobzinhavs,pt,Coconut Simulator,Voltamos segunda as 20h>Lives Seg a SAB às20h] - Drops on!,"['Português', 'dixlecia']",[],False
60,2025-03-23 16:24,tony_lvl,pt,Overwatch 2,éxi  - #OverwatchCreator #OWPartner,"['Português', 'DPS', 'Ranked', 'OverwatchCreators', 'Competitivo', 'Overwatch2', 'OW2Giveaway', 'Hitscan', 'Ashe', 'marvelrivals']",['ProfanityVulgarity'],False
60,2025-03-23 16:24,Vanilian,pt,Minecraft,"VANI X CHAT!! Use bits, subs ou pontos da loja para me impedir de finalizar o Minecraft!! | !metas | !PIX | !regras | !loja | !iox","['DIvertido', 'casual', 'Interativo', 'Amigáveis', 'Português', 'DicçãoRuim', 'caos', 'animado', 'RespondsToChat', 'conselhos']",[],False
60,2025-03-23 16:24,SalemPKz,pt,ELDEN RING,INICIANTE NO ELDEN RING !sub !sorteio (ME ASSUSTE NO !pix),"['Português', 'conversa', 'batepapo', 'cs', 'cs2', 'skyrim', 'jogo', 'gamer', 'eldenring', 'soulslike']",['MatureGame'],False
60,2025-03-23 16:24,Vitor_jbs,pt,Left 4 Dead 2,BORA APROVEITAR QUE AMANHA VOLTA TUDO AO NORMAL 🐉  |❗pix ❗dc ❗comandos,"['Português', 'minecraft', 'mine', 'pvp', 'bedwars', 'mush', 'mushmc', 'roblox']",['MatureGame'],False
61,2025-03-23 16:31,EiMine77,pt,Minecraft,✅ RECOMPENSAS ON! | ⭐ SEJA RÁPIDO E GANHE UMA CAPA DE GRAÇA: !CAPA | 💘 INSTAGRAM: @EIMINE77 | !ajuda !rerun !sub !subgratis !loja,"['Minecraft', 'EiMine', 'Português', 'RecompensasEspetadores']",[],False
61,2025-03-23 16:32,DaniKrautz,pt,Fortnite,Dominguinho jogando com o chat -  ❗nick ❗jogar ❗comandos,"['fortnite', 'jogandocomochat', 'Português', 'Mulher', 'personalizadadelas']",[],False
61,2025-03-23 16:32,noobzinhavs,pt,Coconut Simulator,Voltamos segunda as 20h>Lives Seg a SAB às20h] - Drops on!,"['Português', 'dixlecia']",[],False
61,2025-03-23 16:32,SLKRETROZADA,pt,Counter-Strike,DOMINGOU SO BALINHA    !CSGO.NET !vaquinha !otimização @matazera @pezingamer   @betaozera @GabzeraWZ,"['mouse', 'teclado', 'portugues', 'competitivo', 'proplayerPortuguês', 'proplayer', 'proplayer', 'CS2', 'cs2counterstrike2', 'cs2major']",['MatureGame'],False
61,2025-03-23 16:32,tony_lvl,pt,Overwatch 2,éxi  - #OverwatchCreator #OWPartner,"['Português', 'DPS', 'Ranked', 'OverwatchCreators', 'Competitivo', 'Overwatch2', 'OW2Giveaway', 'Hitscan', 'Ashe', 'marvelrivals']",['ProfanityVulgarity'],False
61,2025-03-23 16:32,DorSmiley,pt,Sea of Thieves,🟢Drops on|  Pulheta  | Parceiro do CSoTBR e @lendasdomar !Comandos !drops !tdm,"['Ação', 'Aventura', 'Comédia', 'Português', 'Xingamentos', 'seaofthieves', 'PvEPvP', 'SoTPvp', 'seaofthieveseason15', 'DropsAtivados']",['ProfanityVulgarity'],False
61,2025-03-23 16:32,TcK10,pt,VALORANT,BRASIL 18:00 NO VCT AMERICAS 🏆 !GROWTH 🏆 SIGA EM @TcK10 #VctWatchParty,"['melhordomundo', 'radiante', 'incrível', 'valorant', 'Português']",[],False
61,2025-03-23 16:32,1BladeZ,pt,VALORANT,SUBATHON SEM FECHAR - DIA 2  || THE ROCK || ❗ONLYPADS - ❗MIBR - ❗FRAMEX - ❗PIX,"['Português', 'FPS', 'Radiante', 'Ranked', 'TheRock']",[],False
61,2025-03-23 16:32,lulavlr,pt,VALORANT,MELHOR CHAMBER DO MUNDO RUMO AO TOP 1 |  ❗monitor❗saga❗pix,"['Português', 'valorant', 'chamber', 'TryhardGameplay', 'holidayhoopla']",[],False
62,2025-03-23 20:02,EiMine77,pt,Minecraft,✅ RECOMPENSAS ON! | ⭐ SEJA RÁPIDO E GANHE UMA CAPA DE GRAÇA: !CAPA | 💘 INSTAGRAM: @EIMINE77 | !ajuda !rerun !sub !subgratis !loja,"['Minecraft', 'EiMine', 'Português', 'RecompensasEspetadores']",[],False
62,2025-03-23 20:02,VALORANT_BR,pt,VALORANT,2G 0x2 EG | VCT Americas 2025 | Semana 1 - Dia 3 (MD3),['Português'],[],False
62,2025-03-23 20:03,morenageek,pt,Fortnite,O único objetivo dessa live é te fazer sorrir,"['Fortnite', 'GirlPlayer', 'PS5LiveStream', 'ControlerGaming', 'Português']",[],False
62,2025-03-23 20:03,CarecaSincero,pt,Marvel Rivals,!LOJA Marvel Rivals? Sei nem com quem eu vou..,"['English', 'FARMPIX', 'PIX', 'loja', 'mechabreakplaytest', 'Português', 'DropsAtivados']",[],False
62,2025-03-23 20:03,julinhazsz,pt,VALORANT,droga eh a julinhazsz | !pix !sustos !elo,"['Português', 'English', 'VALORANＴ']",[],False
62,2025-03-23 20:03,SLKRETROZADA,pt,Counter-Strike,DOMINGOU SO BALINHA    !CSGO.NET !vaquinha !otimização @matazera @pezingamer   @betaozera @GabzeraWZ,"['mouse', 'teclado', 'portugues', 'competitivo', 'proplayerPortuguês', 'proplayer', 'proplayer', 'CS2', 'cs2counterstrike2', 'cs2major']",['MatureGame'],False
62,2025-03-23 20:03,WiecGames,pt,Sea of Thieves,[🟢Drops ON🟢] Sea of Thieves - Primeira Mega aliança no @lendasdomar,"['Português', 'DropsAtivados']",[],False
62,2025-03-23 20:03,ofernandomaidana,pt,Sea of Thieves,🟢🟡DROPS🟡🟢 DOMINGÃO DO PIRATÃO  !cmd !playlist !coroa,"['Português', 'seaofthieves', 'pirata', 'SongRequests', 'songrequest', 'SeaOfThievesPartner', 'SeaofThievesgameplay', 'English', 'DropsAtivados']",[],False
62,2025-03-23 20:03,RdeCarvalho,pt,Grand Theft Auto V,Corrida Maluca | #41 | !pix !bits !apoie,['Português'],['MatureGame'],False
63,2025-03-23 20:10,EiMine77,pt,Minecraft,✅ RECOMPENSAS ON! | ⭐ SEJA RÁPIDO E GANHE UMA CAPA DE GRAÇA: !CAPA | 💘 INSTAGRAM: @EIMINE77 | !ajuda !rerun !sub !subgratis !loja,"['Minecraft', 'EiMine', 'Português', 'RecompensasEspetadores']",[],False
63,2025-03-23 20:10,VALORANT_BR,pt,VALORANT,SEN 0x0 100T | VCT Americas 2025 | Semana 1 - Dia 3 (MD3),['Português'],[],False
63,2025-03-23 20:10,CarecaSincero,pt,Marvel Rivals,!LOJA Marvel Rivals? Sei nem com quem eu vou..,"['English', 'FARMPIX', 'PIX', 'loja', 'mechabreakplaytest', 'Português', 'DropsAtivados']",[],False
63,2025-03-23 20:10,TenPlayer_,pt,Minecraft,ESTRAGARO MEU CABELO 🍄88% FOCO | ❗️pix ❗️dc ❗️sr ❗mineverso,"['Português', 'RecompensasEspetadores']",[],False
63,2025-03-23 20:10,SLKRETROZADA,pt,Counter-Strike,DOMINGOU SO BALINHA    !CSGO.NET !vaquinha !otimização @matazera @pezingamer   @betaozera @GabzeraWZ,"['mouse', 'teclado', 'portugues', 'competitivo', 'proplayerPortuguês', 'proplayer', 'proplayer', 'CS2', 'cs2counterstrike2', 'cs2major']",['MatureGame'],False
63,2025-03-23 20:10,EiMine24h,pt,Minecraft,✅ RECOMPENSAS ON! | ⭐ SEJA RÁPIDO E GANHE UMA CAPA DE GRAÇA: !CAPA | 💘 INSTAGRAM: @EIMINE77 | !ajuda !rerun !subgratis !loja,"['Português', 'Minecraft', 'EiMine', 'RecompensasEspetadores']",[],False
63,2025-03-23 20:10,p3drao1,pt,Grand Theft Auto V,Ultimo dia do cap da 4life - siga @p3drao1 nas redes sociais !cmd !4liferp,"['pobre', 'Português', 'fps', 'VALORONAT', 'vava', 'Corrida', 'p1']",['MatureGame'],False
63,2025-03-23 20:10,pedradaSTREAM,pt,Grand Theft Auto V,[SVRP] Robert Trump | 1° dia de patrulha !pix !sociais !pc,['Português'],['MatureGame'],False
63,2025-03-23 20:10,mufaking,pt,Grand Theft Auto V,[ LADO LESTE+ PLF] 82/ 365/muita risadaria /fofoca alheia/!comandos,"['gtav', 'rp', 'Português', 'complexo', 'cpx', 'paulinhooloko', 'p1', 'fivem', 'GTARP']",['MatureGame'],False
64,2025-03-23 20:22,EiMine77,pt,Minecraft,✅ RECOMPENSAS ON! | ⭐ SEJA RÁPIDO E GANHE UMA CAPA DE GRAÇA: !CAPA | 💘 INSTAGRAM: @EIMINE77 | !ajuda !rerun !sub !subgratis !loja,"['Minecraft', 'EiMine', 'Português', 'RecompensasEspetadores']",[],False
64,2025-03-23 20:22,VALORANT_BR,pt,VALORANT,SEN 0x0 100T | VCT Americas 2025 | Semana 1 - Dia 3 (MD3),['Português'],[],False
64,2025-03-23 20:22,CarecaSincero,pt,Marvel Rivals,!LOJA Marvel Rivals? Sei nem com quem eu vou..,"['English', 'FARMPIX', 'PIX', 'loja', 'mechabreakplaytest', 'Português', 'DropsAtivados']",[],False
64,2025-03-23 20:22,TenPlayer_,pt,Minecraft,ESTRAGARO MEU CABELO 🍄88% FOCO | ❗️pix ❗️dc ❗️sr ❗mineverso,"['Português', 'RecompensasEspetadores']",[],False
64,2025-03-23 20:22,SLKRETROZADA,pt,Counter-Strike,DOMINGOU SO BALINHA    !CSGO.NET !vaquinha !otimização @matazera @pezingamer   @betaozera @GabzeraWZ,"['mouse', 'teclado', 'portugues', 'competitivo', 'proplayerPortuguês', 'proplayer', 'proplayer', 'CS2', 'cs2counterstrike2', 'cs2major']",['MatureGame'],False
64,2025-03-23 20:22,felquinhas,pt,Just Chatting,LIVE NO MEU SOFÁ COM A KIKA,"['Português', 'felca', 'felcalives']",[],False
64,2025-03-23 20:22,ptr_7,pt,VALORANT,Valorant do Abalo com @gmk_09,"['Português', 'fps', 'VALORANＴ', 'valorantcompetetive', 'valorantgameplay', 'vavazinho', 'valorant']",['DebatedSocialIssuesAndPolitics'],True
64,2025-03-23 20:22,GamerDuBrasil,pt,Counter-Strike,SORTEIO DE 20 SKINS + GAMEPLAY❗sorteiovip❗bits❗rifa❗csgobig❗links by Siouf1 🔞,"['CS2', 'counterstrike2', 'fps', 'sorteios', 'Português', 'Brasil', 'counterstrike']",['MatureGame'],False
64,2025-03-23 20:22,The_GsT,pt,Counter-Strike,DOMINGO É DIA DE ACELERAR O RITMO! - Digite !ELEGANTE (sorteio de skin) -  ❗EXECFPSNIN,['Português'],['MatureGame'],False
65,2025-03-23 20:32,EiMine77,pt,Minecraft,✅ RECOMPENSAS ON! | ⭐ SEJA RÁPIDO E GANHE UMA CAPA DE GRAÇA: !CAPA | 💘 INSTAGRAM: @EIMINE77 | !ajuda !rerun !sub !subgratis !loja,"['Minecraft', 'EiMine', 'Português', 'RecompensasEspetadores']",[],False
65,2025-03-23 20:32,VALORANT_BR,pt,VALORANT,SEN 0x0 100T | VCT Americas 2025 | Semana 1 - Dia 3 (MD3),['Português'],[],False
65,2025-03-23 20:32,CarecaSincero,pt,Marvel Rivals,!LOJA Marvel Rivals? Sei nem com quem eu vou..,"['English', 'FARMPIX', 'PIX', 'loja', 'mechabreakplaytest', 'Português', 'DropsAtivados']",[],False
65,2025-03-23 20:32,TenPlayer_,pt,Minecraft,ESTRAGARO MEU CABELO 🍄88% FOCO | ❗️pix ❗️dc ❗️sr ❗mineverso,"['Português', 'RecompensasEspetadores']",[],False
65,2025-03-23 20:32,SLKRETROZADA,pt,Counter-Strike,DOMINGOU SO BALINHA    !CSGO.NET !vaquinha !otimização @matazera @pezingamer   @betaozera @GabzeraWZ,"['mouse', 'teclado', 'portugues', 'competitivo', 'proplayerPortuguês', 'proplayer', 'proplayer', 'CS2', 'cs2counterstrike2', 'cs2major']",['MatureGame'],False
65,2025-03-23 20:32,felquinhas,pt,Just Chatting,LIVE NO MEU SOFÁ COM A KIKA,"['Português', 'felca', 'felcalives']",[],False
65,2025-03-23 20:32,Luffex_,pt,Genshin Impact,2 dias... l ❗Bits ❗ExitLag l +18,"['Português', 'jdm', 'Ｖｔｕｂｅｒ', 'odeiocolica', 'ASMR', 'Sulista', 'TDAH', 'ａｎｉｍｅ']",[],False
65,2025-03-23 20:32,bennettarcontepyro,pt,Genshin Impact,SORTEIO DE BENÇÃO DA LUA (117) DIAS CITLALI C6 TA PODENDO USAR?CONSECUTIVOS(REQUISITOS 48H !WATCHTIME )-   !discord !zap !youtube !onfylans,"['BRASIL', 'EDUTIKTOK', 'Português', 'Português', 'GenshinnImpact', 'genshin', 'Brasil', 'GenshinImpactStream', 'BennetArconte']",[],False
65,2025-03-23 20:33,gold_aqui,pt,Just Chatting,[PT-BR](+18)DOMINGOLAAAAAAAAAAAAAAAAAS|!DC|!SR(para musicas),['Português'],[],False
66,2025-03-24 00:04,iShadowWolf_,pt,Overwatch 2,(+18) Livezinha Muito Doida!   ||   (❗comandos ❗metas ❗drops)   ||   (Epic Code: SHADOWOLF),"['Português', 'DropsAtivados']",[],False
66,2025-03-24 00:04,EiMine77,pt,Minecraft,✅ RECOMPENSAS ON! | ⭐ SEJA RÁPIDO E GANHE UMA CAPA DE GRAÇA: !CAPA | 💘 INSTAGRAM: @EIMINE77 | !ajuda !rerun !sub !subgratis !loja,"['Minecraft', 'EiMine', 'Português', 'RecompensasEspetadores']",[],False
66,2025-03-24 00:04,guisobrevivente_,pt,Minecraft,[CAPE] oi bora conversar ?,"['minecraft', 'guisobrevivente', 'tiktok', 'realista', 'shaders', 'construcao', 'conversa', 'amigavel', 'Português', 'RecompensasEspetadores']",[],False
66,2025-03-24 00:04,Julin2,pt,Just Chatting,DOMINGADAS (+18) !PIX !DISCORD,"['Português', 'reacts', 'RealityShows', 'filme', 'terror', 'humor', 'IRL']",[],False
66,2025-03-24 00:04,CarecaSincero,pt,Marvel Rivals,!LOJA Marvel Rivals? Sei nem com quem eu vou..,"['English', 'FARMPIX', 'PIX', 'loja', 'mechabreakplaytest', 'Português', 'DropsAtivados']",[],False
66,2025-03-24 00:04,jaozincosta,pt,Counter-Strike,[PT-BR] GC TRYHARD - JAOZIN NA PISTA - !loja !points - SUB X5,"['Português', 'Fortnite', 'gta', 'Competitive', 'Brasil', 'English', 'rpgta']",['MatureGame'],False
66,2025-03-24 00:04,ciaomah,pt,Fortnite,Let's BORA? 🔥🔥  | code: CIAOMAH,"['Português', 'Mulher']",['ProfanityVulgarity'],False
66,2025-03-24 00:04,Nikao_s,pt,Fortnite,Sera que o top 100 vem hoje ?  +18,"['Português', 'Fortnite', 'Português', 'Brasil', 'Inglês']",[],False
66,2025-03-24 00:04,Dark1st__,pt,Fortnite,seja bem vindo como vc esta !!! bora jogar !!!,['Português'],[],False
67,2025-03-24 00:15,iShadowWolf_,pt,Overwatch 2,(+18) Livezinha Muito Doida!   ||   (❗comandos ❗metas ❗drops)   ||   (Epic Code: SHADOWOLF),"['Português', 'DropsAtivados']",[],False
67,2025-03-24 00:15,beletz_,pt,Fortnite,SUBATHON DIA 2🔥JOGANDO FORTNITE COM O CHAT ♡ USE O CODE: BELETZ🩵❗sub❗pix ❗code,"['portugues', 'fortnite', 'fortnitetrocacao', 'stream', 'Português', 'girlgamers']",[],False
67,2025-03-24 00:15,EiMine77,pt,Minecraft,✅ RECOMPENSAS ON! | ⭐ SEJA RÁPIDO E GANHE UMA CAPA DE GRAÇA: !CAPA | 💘 INSTAGRAM: @EIMINE77 | !ajuda !rerun !sub !subgratis !loja,"['Minecraft', 'EiMine', 'Português', 'RecompensasEspetadores']",[],False
67,2025-03-24 00:15,Julin2,pt,La Madriguera,DOMINGADAS (+18) !PIX !DISCORD,"['Português', 'reacts', 'RealityShows', 'filme', 'terror', 'humor', 'IRL']",[],False
67,2025-03-24 00:15,guisobrevivente_,pt,Minecraft,[CAPE] oi bora conversar ?,"['minecraft', 'guisobrevivente', 'tiktok', 'realista', 'shaders', 'construcao', 'conversa', 'amigavel', 'Português', 'RecompensasEspetadores']",[],False
67,2025-03-24 00:16,dehprieto,pt,VALORANT,So sei que nada sei [+18]  ❗Donate ❗Pix ❗Comandos ❗redes,"['Português', 'valorant', 'fps', 'girls', 'gamer', 'aventura', 'mulheres']",[],False
67,2025-03-24 00:16,fifenzo_,pt,EA Sports FC 25,!curso Van Persie 5-5 vai chegar pra wl? !cliente !coins !coach !youtube,"['Português', 'fifenzo']",[],False
67,2025-03-24 00:16,guzzta23,pt,EA Sports FC 25,WL'S EM BUSCA DO RANK  1 E MITADA NESSE EVENTO ABSURDO!,['Português'],[],False
67,2025-03-24 00:16,Peu_MC,pt,EA Sports FC 25,HOJE VAMOS TESTAR  SUAREZ E R9 UPADOS  - VOCES ESCOLHEM POR QUAL EU COMEÇO!  !leon !coins !trade,"['batalha', 'batalhaderima', 'BATALHADAALDEIA', 'Rap', 'fifa', 'ultimateteam', 'Futebol', 'Português', 'EASPORTSFIFA', 'eafc25']",[],False
68,2025-03-24 00:25,iShadowWolf_,pt,Overwatch 2,(+18) Livezinha Muito Doida!   ||   (❗comandos ❗metas ❗drops)   ||   (Epic Code: SHADOWOLF),"['Português', 'DropsAtivados']",[],False
68,2025-03-24 00:25,EiMine77,pt,Minecraft,✅ RECOMPENSAS ON! | ⭐ SEJA RÁPIDO E GANHE UMA CAPA DE GRAÇA: !CAPA | 💘 INSTAGRAM: @EIMINE77 | !ajuda !rerun !sub !subgratis !loja,"['Minecraft', 'EiMine', 'Português', 'RecompensasEspetadores']",[],False
68,2025-03-24 00:25,morenageek,pt,Fortnite,Madrugando tiltando e pinando,"['Fortnite', 'GirlPlayer', 'PS5LiveStream', 'ControlerGaming', 'Português']",[],False
68,2025-03-24 00:25,guisobrevivente_,pt,Minecraft,[CAPE] oi bora conversar ?,"['minecraft', 'guisobrevivente', 'tiktok', 'realista', 'shaders', 'construcao', 'conversa', 'amigavel', 'Português', 'RecompensasEspetadores']",[],False
68,2025-03-24 00:25,Julin2,pt,La Madriguera,DOMINGADAS (+18) !PIX !DISCORD,"['Português', 'reacts', 'RealityShows', 'filme', 'terror', 'humor', 'IRL']",[],False
68,2025-03-24 00:25,beletz_,pt,Fortnite,SUBATHON DIA 2🔥JOGANDO FORTNITE COM O CHAT ♡ USE O CODE: BELETZ🩵❗sub❗pix ❗code,"['portugues', 'fortnite', 'fortnitetrocacao', 'stream', 'Português', 'girlgamers']",[],False
68,2025-03-24 00:25,cogu,pt,Counter-Strike,LEGACY COGU -  CSGO❗️cortes ❗️sociais ❗️nesha ❗️csgofast ❗️oração  @donkgord0  @ovitorvg @goiamo,"['cs', 'Português']",['MatureGame'],False
68,2025-03-24 00:25,pesafps,pt,Counter-Strike,domingou com os crias - !raingg !clashgg !csgoskins !livepix,['Português'],['MatureGame'],False
68,2025-03-24 00:25,waveigl,pt,Counter-Strike,"+18 🔞 WAVEIGL ❤️ POLITICAMENTE CORRETO, O MIMIMI VENCEU. !TESTEBLACKBELT !BLACKBELT",['Português'],"['MatureGame', 'ProfanityVulgarity']",False
69,2025-03-24 04:03,iShadowWolf_,pt,Fortnite,(+18) Livezinha Muito Doida!   ||   (❗comandos ❗metas ❗drops)   ||   (Epic Code: SHADOWOLF),['Português'],[],False
69,2025-03-24 04:03,EiMine77,pt,Minecraft,✅ RECOMPENSAS ON! | ⭐ SEJA RÁPIDO E GANHE UMA CAPA DE GRAÇA: !CAPA | 💘 INSTAGRAM: @EIMINE77 | !ajuda !rerun !sub !subgratis !loja,"['Minecraft', 'EiMine', 'Português', 'RecompensasEspetadores']",[],False
69,2025-03-24 04:03,guisobrevivente_,pt,Minecraft,[CAPE] oi bora conversar ?,"['minecraft', 'guisobrevivente', 'tiktok', 'realista', 'shaders', 'construcao', 'conversa', 'amigavel', 'Português', 'RecompensasEspetadores']",[],False
69,2025-03-24 04:03,morenageek,pt,Fortnite,Madrugando tiltando e pinando,"['Fortnite', 'GirlPlayer', 'PS5LiveStream', 'ControlerGaming', 'Português']",[],False
69,2025-03-24 04:03,CarecaSincero,pt,Marvel Rivals,!LOJA Marvel Rivals? Sei nem com quem eu vou..,"['English', 'FARMPIX', 'PIX', 'loja', 'mechabreakplaytest', 'Português', 'DropsAtivados']",[],False
69,2025-03-24 04:03,dehprieto,pt,R.E.P.O.,So sei que nada sei [+18]  ❗Donate ❗Pix ❗Comandos ❗redes,"['Português', 'valorant', 'fps', 'girls', 'gamer', 'aventura', 'mulheres']",[],False
69,2025-03-24 04:03,nanda_w0w,pt,Fortnite,REPRISE 💚Modo raiz para os fortes 💖   fortnite 💚 insta💚 discord💚🔇,"['Português', 'Reposição']",[],True
69,2025-03-24 04:04,AzllaPlay,pt,"Warhammer 40,000: Space Marine II",🔴RE RUN🔴 - Expurgando Hereges - Warhammer 40K: Space Marine II (SEM CAM),"['RPG', 'Português', 'lofi', 'Reposição', 'minecraftsurivial', 'minecraft', 'betterminecraft']","['MatureGame', 'ProfanityVulgarity']",False
69,2025-03-24 04:04,call_tortatv,pt,Dead by Daylight,[+18] Qual a call? So umas partidas p/ estressar.,"['Português', 'Resenha', 'Rages', 'loginhadocanal', 'retrô', 'dicas', 'fpsgames']",['MatureGame'],False
70,2025-03-24 04:15,iShadowWolf_,pt,Fortnite,(+18) Livezinha Muito Doida!   ||   (❗comandos ❗metas ❗drops)   ||   (Epic Code: SHADOWOLF),['Português'],[],False
70,2025-03-24 04:15,EiMine77,pt,Minecraft,✅ RECOMPENSAS ON! | ⭐ SEJA RÁPIDO E GANHE UMA CAPA DE GRAÇA: !CAPA | 💘 INSTAGRAM: @EIMINE77 | !ajuda !rerun !sub !subgratis !loja,"['Minecraft', 'EiMine', 'Português', 'RecompensasEspetadores']",[],False
70,2025-03-24 04:15,guisobrevivente_,pt,Minecraft,[CAPE] oi bora conversar ?,"['minecraft', 'guisobrevivente', 'tiktok', 'realista', 'shaders', 'construcao', 'conversa', 'amigavel', 'Português', 'RecompensasEspetadores']",[],False
70,2025-03-24 04:15,morenageek,pt,Fortnite,Madrugando tiltando e pinando,"['Fortnite', 'GirlPlayer', 'PS5LiveStream', 'ControlerGaming', 'Português']",[],False
70,2025-03-24 04:16,CarecaSincero,pt,Marvel Rivals,!LOJA Marvel Rivals? Sei nem com quem eu vou..,"['English', 'FARMPIX', 'PIX', 'loja', 'mechabreakplaytest', 'Português', 'DropsAtivados']",[],False
70,2025-03-24 04:16,dehprieto,pt,R.E.P.O.,So sei que nada sei [+18]  ❗Donate ❗Pix ❗Comandos ❗redes,"['Português', 'valorant', 'fps', 'girls', 'gamer', 'aventura', 'mulheres']",[],False
70,2025-03-24 04:16,neallia,ru,Just Chatting,День с бариста☕️,"['Русский', 'друзья', 'общениесчатом', 'общениесозрителями', 'работа', 'IRL']",[],False
70,2025-03-24 04:16,ArtOriane,ru,Art,рисуем,"['art', 'Русский', 'DigitalArt', 'illustration', 'руманга', '漫画']",[],False
70,2025-03-24 04:16,DetkaSseveraa,ru,Just Chatting,НЕРАВНЫЙ БРАК,"['общение', 'Чат', 'девушка', 'Русский']",['ProfanityVulgarity'],False
71,2025-03-24 04:25,iShadowWolf_,pt,Fortnite,(+18) Livezinha Muito Doida!   ||   (❗comandos ❗metas ❗drops)   ||   (Epic Code: SHADOWOLF),['Português'],[],False
71,2025-03-24 04:25,EiMine77,pt,Minecraft,✅ RECOMPENSAS ON! | ⭐ SEJA RÁPIDO E GANHE UMA CAPA DE GRAÇA: !CAPA | 💘 INSTAGRAM: @EIMINE77 | !ajuda !rerun !sub !subgratis !loja,"['Minecraft', 'EiMine', 'Português', 'RecompensasEspetadores']",[],False
71,2025-03-24 04:25,guisobrevivente_,pt,Minecraft,[CAPE] oi bora conversar ?,"['minecraft', 'guisobrevivente', 'tiktok', 'realista', 'shaders', 'construcao', 'conversa', 'amigavel', 'Português', 'RecompensasEspetadores']",[],False
71,2025-03-24 04:25,morenageek,pt,Fortnite,Madrugando tiltando e pinando,"['Fortnite', 'GirlPlayer', 'PS5LiveStream', 'ControlerGaming', 'Português']",[],False
71,2025-03-24 04:25,CarecaSincero,pt,Marvel Rivals,!LOJA Marvel Rivals? Sei nem com quem eu vou..,"['English', 'FARMPIX', 'PIX', 'loja', 'mechabreakplaytest', 'Português', 'DropsAtivados']",[],False
71,2025-03-24 04:25,jrodorfo,pt,Marvel Rivals,"(drops) chuvinha dps de 3232 decadas 😎, é em cidade pequena 💀","['Português', 'DropsAtivados']",[],False
71,2025-03-24 04:25,Smitthp1_,pt,Raft,EAI BORA?? @metropolegg,"['jogosonline', 'ＦＰＳ', 'GTA', 'RP', 'Roleplay', 'Português', 'smithp1', 'smiithp1', 'goiano']",[],False
71,2025-03-24 04:25,lucasfrom013,pt,League of Legends,lolzinho,['Português'],[],False
71,2025-03-24 04:25,TheYuzuroEffect,pt,Grand Theft Auto V,[+18] Jogando com os amigos | GTA V: Enhanced,"['Português', 'Mulher', 'Ultrawide', 'GTAⅤ']",['MatureGame'],False
72,2025-03-24 04:33,iShadowWolf_,pt,Fortnite,(+18) Livezinha Muito Doida!   ||   (❗comandos ❗metas ❗drops)   ||   (Epic Code: SHADOWOLF),['Português'],[],False
72,2025-03-24 04:33,guisobrevivente_,pt,Minecraft,[CAPE] oi bora conversar ?,"['minecraft', 'guisobrevivente', 'tiktok', 'realista', 'shaders', 'construcao', 'conversa', 'amigavel', 'Português', 'RecompensasEspetadores']",[],False
72,2025-03-24 04:33,EiMine77,pt,Minecraft,✅ RECOMPENSAS ON! | ⭐ SEJA RÁPIDO E GANHE UMA CAPA DE GRAÇA: !CAPA | 💘 INSTAGRAM: @EIMINE77 | !ajuda !rerun !sub !subgratis !loja,"['Minecraft', 'EiMine', 'Português', 'RecompensasEspetadores']",[],False
72,2025-03-24 04:33,CarecaSincero,pt,Marvel Rivals,!LOJA Marvel Rivals? Sei nem com quem eu vou..,"['English', 'FARMPIX', 'PIX', 'loja', 'mechabreakplaytest', 'Português', 'DropsAtivados']",[],False
72,2025-03-24 04:33,jrodorfo,pt,Marvel Rivals,"(drops) chuvinha dps de 3232 decadas 😎, é em cidade pequena 💀","['Português', 'DropsAtivados']",[],False
72,2025-03-24 04:33,EiMine24h,pt,Minecraft,✅ RECOMPENSAS ON! | ⭐ SEJA RÁPIDO E GANHE UMA CAPA DE GRAÇA: !CAPA | 💘 INSTAGRAM: @EIMINE77 | !ajuda !rerun !subgratis !loja,"['Português', 'Minecraft', 'EiMine', 'RecompensasEspetadores']",[],False
72,2025-03-24 04:33,Cibergun,es,Minecraft,🎁DROPS MINECRAFT🎁 🟥    Capa GRATIS || Free CAPE  - Java / Bedrock Edition - Con trucos y curiosidades de Minecraft !Cape !drop,"['Minecraft', 'drops', 'Drop', 'minecraft', 'DropsEnabled', 'DropsActivados', 'capa', 'drops', 'cape', 'Español']",[],False
72,2025-03-24 04:34,Grungiey,en,Minecraft,*DROPS* HARDCORE W/ VIEWERS SPEEDRUN // GOTTA TALK QUIET OR IMMA WAKE UP MY FAMILY,"['English', 'ViewerRewards']",[],False
72,2025-03-24 04:34,MrHugo,es,Minecraft,DROPS | CAPA ESPECIAL DE PELICULA DE MINECRAFT | VER DIRECTO 3 MINUTOS! |  Free CAPE | !drops !capa !cape,"['Español', 'minecraft', 'MINECRAFT', 'drops', 'Recompensasdeespectador']",[],False
73,2025-03-24 04:42,iShadowWolf_,pt,Fortnite,(+18) Livezinha Muito Doida!   ||   (❗comandos ❗metas ❗drops)   ||   (Epic Code: SHADOWOLF),['Português'],[],False
73,2025-03-24 04:42,EiMine77,pt,Minecraft,✅ RECOMPENSAS ON! | ⭐ SEJA RÁPIDO E GANHE UMA CAPA DE GRAÇA: !CAPA | 💘 INSTAGRAM: @EIMINE77 | !ajuda !rerun !sub !subgratis !loja,"['Minecraft', 'EiMine', 'Português', 'RecompensasEspetadores']",[],False
73,2025-03-24 04:43,guisobrevivente_,pt,Minecraft,[CAPE] oi bora conversar ?,"['minecraft', 'guisobrevivente', 'tiktok', 'realista', 'shaders', 'construcao', 'conversa', 'amigavel', 'Português', 'RecompensasEspetadores']",[],False
73,2025-03-24 04:43,morenageek,pt,Fortnite,Madrugando tiltando e pinando,"['Fortnite', 'GirlPlayer', 'PS5LiveStream', 'ControlerGaming', 'Português']",[],False
73,2025-03-24 04:43,CarecaSincero,pt,Marvel Rivals,!LOJA Marvel Rivals? Sei nem com quem eu vou..,"['English', 'FARMPIX', 'PIX', 'loja', 'mechabreakplaytest', 'Português', 'DropsAtivados']",[],False
73,2025-03-24 04:43,jrodorfo,pt,Marvel Rivals,"(drops) chuvinha dps de 3232 decadas 😎, é em cidade pequena 💀","['Português', 'DropsAtivados']",[],False
73,2025-03-24 04:43,MichelNishino_YT,pt,Dead by Daylight,Domingou 😉 23/03/2025,"['Brasil', 'Português', 'dbd', 'dbdsurvivor', 'DBDStreamer', 'deadbydaylight', 'souzasoul', 'IntoTheFog', 'BehaviorInteractive', 'holidayhoopla']",['MatureGame'],False
73,2025-03-24 04:43,sam_xtreme,pt,Just Chatting,⚡ O Subathon tá ON e a diversão tá só começando! Vem jogar e se divertir comigo. !Discord !Pix !Social !Sr,['Português'],[],False
73,2025-03-24 04:43,LobbydaAmanda,pt,Words On Stream,Meu aniversário <3 !pix !insiders,"['Gameplay', 'Justchating', 'DarksousIII', 'Fortnite', 'terror', 'campeonato', 'jogandocomochat', 'Overawatch', 'minecraftplay', 'EuroTruckSimulator']",[],False
74,2025-03-24 08:02,iShadowWolf_,pt,Fortnite,(+18) Livezinha Muito Doida!   ||   (❗comandos ❗metas ❗drops)   ||   (Epic Code: SHADOWOLF),['Português'],[],False
74,2025-03-24 08:02,EiMine77,pt,Minecraft,✅ RECOMPENSAS ON! | ⭐ SEJA RÁPIDO E GANHE UMA CAPA DE GRAÇA: !CAPA | 💘 INSTAGRAM: @EIMINE77 | !ajuda !rerun !sub !subgratis !loja,"['Minecraft', 'EiMine', 'Português', 'RecompensasEspetadores']",[],False
74,2025-03-24 08:03,morenageek,pt,Fortnite,Madrugando tiltando e pinando,"['Fortnite', 'GirlPlayer', 'PS5LiveStream', 'ControlerGaming', 'Português']",[],False
74,2025-03-24 08:03,miguelitodoarrocha,pt,EA Sports FC 25,💥segunda de RIVAIS tenta chega no rank 2 - bem vindos a live do Miguelito,"['Português', 'Portugal', 'Competitivo', 'resenha', 'Resenhando', 'ultimateteam', 'fifa', 'EAFC', 'eafc25', 'eafcsports']",[],False
74,2025-03-24 08:03,CarecaSincero,pt,Marvel Rivals,!LOJA Marvel Rivals? Sei nem com quem eu vou..,"['English', 'FARMPIX', 'PIX', 'loja', 'mechabreakplaytest', 'Português', 'DropsAtivados']",[],False
74,2025-03-24 08:03,r1gamertv,pt,Fortnite,Temporada Fora da lei🤘🤘|🕹️| PS5 |Código de apoiador: R1GAMERTV na loja Epic | @kolmeiastm,"['AMA', 'Português', 'ps5', 'fortnıte', 'FallGuys', 'COD', 'marvel', 'ＲＰＧ', 'ufl', 'rocketracing']",[],True
75,2025-03-24 08:12,MohamedSalahRp,pt,Red Dead Redemption 2,[+18]🔞[ATLANTA RP] 👨‍🌾Rancho LOPES👨‍🌾 👨‍🦳Nome: Mohamed👨‍🦳🎟️Cupom: Mohamed🎟️ 5% off Loja Atlanta  !grafico 💲!pix💲 !ticket,"['Português', 'atlantarp', 'fivem', 'geral', 'RedDeadRedempition2', 'RDOStreamer', 'Roleplay', 'RedM', 'RP', 'hellletloose']",['MatureGame'],False
75,2025-03-24 08:12,Stheffanifr1,pt,Genshin Impact,Ganhe 5.000 pontos fácil! Lojinha ON,"['diamantes', 'freefire', 'loja', 'lojinha', 'prêmios', 'codiguin', 'Português']",[],False
75,2025-03-24 08:12,LhamaInPijamas,pt,Marvel Rivals,CELESTIAL VEM HOJE???! !pix !elomarvel,"['rpg', 'casual', 'Português', 'marvelrivals', 'rivals', 'marvelrival', 'DropsAtivados']",[],False
75,2025-03-24 08:12,morenageek,pt,Fortnite,Madrugando tiltando e pinando,"['Fortnite', 'GirlPlayer', 'PS5LiveStream', 'ControlerGaming', 'Português']",[],False
75,2025-03-24 08:12,miguelitodoarrocha,pt,EA Sports FC 25,💥segunda de RIVAIS tenta chega no rank 2 - bem vindos a live do Miguelito,"['Português', 'Portugal', 'Competitivo', 'resenha', 'Resenhando', 'ultimateteam', 'fifa', 'EAFC', 'eafc25', 'eafcsports']",[],False
75,2025-03-24 08:12,iShadowWolf_,pt,Fortnite,(+18) Livezinha Muito Doida!   ||   (❗comandos ❗metas ❗drops)   ||   (Epic Code: SHADOWOLF),['Português'],[],False
75,2025-03-24 08:12,Ferthel,pt,Minecraft,|| 1.21.4 - HardCore 2.1 || 1278+Dias || Construindo e Coletando RSS no Hardcore,"['MinecraftJavaEditon', 'MinecraftHardcoreMode', 'minecrafthardcore', 'pngtuber', 'PNGtuberBR', '1vida', '1lifechallenge', 'hardcoreminecraftgirl', 'hardcorebuilds', 'capaminecraft']",[],False
75,2025-03-24 08:12,Cibergun,es,Minecraft,🎁DROPS MINECRAFT🎁 🟥    Capa GRATIS || Free CAPE  - Java / Bedrock Edition - Con trucos y curiosidades de Minecraft !Cape !drop,"['Minecraft', 'drops', 'Drop', 'minecraft', 'DropsEnabled', 'DropsActivados', 'capa', 'drops', 'cape', 'Español']",[],False
75,2025-03-24 08:13,mansoreact,pt,Just Chatting,O REACT MAIS MANSO DO BRASIL,['Português'],[],False
76,2025-03-24 08:23,iShadowWolf_,pt,Fortnite,(+18) Livezinha Muito Doida!   ||   (❗comandos ❗metas ❗drops)   ||   (Epic Code: SHADOWOLF),['Português'],[],False
76,2025-03-24 08:23,EiMine77,pt,Minecraft,✅ RECOMPENSAS ON! | ⭐ SEJA RÁPIDO E GANHE UMA CAPA DE GRAÇA: !CAPA | 💘 INSTAGRAM: @EIMINE77 | !ajuda !rerun !sub !subgratis !loja,"['Minecraft', 'EiMine', 'Português', 'RecompensasEspetadores']",[],False
76,2025-03-24 08:24,morenageek,pt,Fortnite,Madrugando tiltando e pinando,"['Fortnite', 'GirlPlayer', 'PS5LiveStream', 'ControlerGaming', 'Português']",[],False
76,2025-03-24 08:24,CarecaSincero,pt,Marvel Rivals,!LOJA Marvel Rivals? Sei nem com quem eu vou..,"['English', 'FARMPIX', 'PIX', 'loja', 'mechabreakplaytest', 'Português', 'DropsAtivados']",[],False
76,2025-03-24 08:24,Xerekiss,pt,Marvel Rivals,BORA VIRAR LORD? | RESGATE ITENS ASSISTINDO A LIVE (❗loja) | CODE: XEREKISS #ad,"['Português', 'Brasil', 'fps', 'Fortnite', 'Portugal', 'battleroyale', 'DropsAtivados']",[],False
76,2025-03-24 08:24,DaniloFariasFUT,pt,EA Sports FC 25,NOVA LOJA DO CANAL + WL EM BUSCA DO RANK 1  !LOJA @danilofariasfut,"['Português', 'ultimateteam', 'dicas', 'eafc25', 'gameplay', 'tutorials', 'livestreamers', 'resenha', 'frontpagetwitch', 'TOTY']",[],False
76,2025-03-24 08:24,nanda_w0w,pt,Fortnite,REPRISE 💚Modo raiz para os fortes 💖   fortnite 💚 insta💚 discord💚🔇,"['Português', 'Reposição']",[],True
76,2025-03-24 08:24,oPontifeX,pt,Alone in the Dark,ALONE IN THE DARK [2024] | !clipe !bits !nuuvem !donate !pix | Closed Caption,"['ClosedCaption', 'Português', 'LGBT', 'MarvelRivals', 'SuportMain', 'Competitivo', 'Drops', 'AloneInTheDark', 'Lurkit']",['MatureGame'],False
76,2025-03-24 08:24,digolives,pt,Just Chatting,+18 CAPITAL - LIVE ATÉ AMANHA - FLORINDA HERMINIA  ! ❗LOJA ❗DISCORD ❗PIX ❗IOX ❗,"['gta', 'Português', 'ETS2', 'ETS', 'simulação']",[],False
77,2025-03-24 08:31,iShadowWolf_,pt,Fortnite,(+18) Livezinha Muito Doida!   ||   (❗comandos ❗metas ❗drops)   ||   (Epic Code: SHADOWOLF),['Português'],[],False
77,2025-03-24 08:31,EiMine77,pt,Minecraft,✅ RECOMPENSAS ON! | ⭐ SEJA RÁPIDO E GANHE UMA CAPA DE GRAÇA: !CAPA | 💘 INSTAGRAM: @EIMINE77 | !ajuda !rerun !sub !subgratis !loja,"['Minecraft', 'EiMine', 'Português', 'RecompensasEspetadores']",[],False
77,2025-03-24 08:31,morenageek,pt,Fortnite,Madrugando tiltando e pinando,"['Fortnite', 'GirlPlayer', 'PS5LiveStream', 'ControlerGaming', 'Português']",[],False
77,2025-03-24 08:31,miguelitodoarrocha,pt,EA Sports FC 25,💥segunda de RIVAIS tenta chega no rank 2 - bem vindos a live do Miguelito,"['Português', 'Portugal', 'Competitivo', 'resenha', 'Resenhando', 'ultimateteam', 'fifa', 'EAFC', 'eafc25', 'eafcsports']",[],False
77,2025-03-24 08:31,CarecaSincero,pt,Marvel Rivals,!LOJA Marvel Rivals? Sei nem com quem eu vou..,"['English', 'FARMPIX', 'PIX', 'loja', 'mechabreakplaytest', 'Português', 'DropsAtivados']",[],False
77,2025-03-24 08:31,Xerekiss,pt,Marvel Rivals,BORA VIRAR LORD? | RESGATE ITENS ASSISTINDO A LIVE (❗loja) | CODE: XEREKISS #ad,"['Português', 'Brasil', 'fps', 'Fortnite', 'Portugal', 'battleroyale', 'DropsAtivados']",[],False
77,2025-03-24 08:32,naatfps,pt,VALORANT,não conto com a sorte     !livepix       @naatfps,"['FiveM', 'Português', 'Valorant', 'GTA', 'cpx', 'complexo', 'rp']",[],False
77,2025-03-24 08:32,oMeiaUm,pt,Just Chatting,DIA 332 SUBATHON - SUB = 3 MINUTOS; 1 REAL = 1 MIN (pix),['Português'],[],False
77,2025-03-24 08:32,PT900GAMER,pt,Grand Theft Auto V,[PRODIGY BRASIL] LIVE CEDO COMO PROMETIDO ❗️SR ❗️MERCADOLIVRE ❗️MUNIÇÃO ❗️PATENTES,['Português'],['MatureGame'],False
78,2025-03-24 12:04,EiMine77,pt,Minecraft,✅ RECOMPENSAS ON! | ⭐ SEJA RÁPIDO E GANHE UMA CAPA DE GRAÇA: !CAPA | 💘 INSTAGRAM: @EIMINE77 | !ajuda !rerun !sub !subgratis !loja,"['Minecraft', 'EiMine', 'Português', 'RecompensasEspetadores']",[],False
78,2025-03-24 12:04,CarecaSincero,pt,Marvel Rivals,!LOJA Marvel Rivals? Sei nem com quem eu vou..,"['English', 'FARMPIX', 'PIX', 'loja', 'mechabreakplaytest', 'Português', 'DropsAtivados']",[],False
78,2025-03-24 12:04,Lanafloweers,pt,Fortnite,"A MAMÃE VOLTOU , VAMOS DE FORTNITE , GOSTARIA DE JOGAR ?. Use code Lanas2 #ad .❗CINE ❗REDES","['Português', 'Mulher', 'SafeSpace']",[],False
78,2025-03-24 12:04,DaniloFariasFUT,pt,EA Sports FC 25,NOVA LOJA DO CANAL + WL EM BUSCA DO RANK 1  !LOJA @danilofariasfut,"['Português', 'ultimateteam', 'dicas', 'eafc25', 'gameplay', 'tutorials', 'livestreamers', 'resenha', 'frontpagetwitch', 'TOTY']",[],False
78,2025-03-24 12:04,mihzavati,pt,Overwatch 2,Segundou com (Drops on) bora de gameplay duvidosa  kkk 🙂❤️🎮 !comandos !lurk,"['Português', 'FortniteTV', 'mulhertrans', 'LGBTQ', 'girl', 'GamerRage', 'DropsAtivados']",[],False
78,2025-03-24 12:05,Nogal,pt,inZOI,FALTA POUCO PRO !PARCEIROPLUS | JOGANDO INZOI | !nuuvem !amazon !shopee,"['mulheresgamers', 'diversos', 'Português']",[],False
78,2025-03-24 12:05,maahmurollo,pt,Fortnite,fortnitezinho  🔥 ❤️ ❗JOGAR ❗LOJA  FARM V-BUCKS ASSISTINDO A LIVE   MUROLLO #ad,"['gamer', 'Português', 'Fortnite', 'ZeroBuild', 'battleroyale', 'Reposição']",[],True
78,2025-03-24 12:05,HenriqueOph,pt,Minecraft,DROP DE CAPA ATIVO DIGITE: !CAPA - HARDCORE +100 DIAS EP 07,"['Português', 'minecraft', 'Hardcore', 'HardMode', 'sobrevivencia', '1VIDA', 'hardcoregamer', 'Singlerplayer', 'MINEDROP', 'TIKTOKCAPA']",[],False
79,2025-03-24 12:16,EiMine77,pt,Minecraft,✅ RECOMPENSAS ON! | ⭐ SEJA RÁPIDO E GANHE UMA CAPA DE GRAÇA: !CAPA | 💘 INSTAGRAM: @EIMINE77 | !ajuda !rerun !sub !subgratis !loja,"['Minecraft', 'EiMine', 'Português', 'RecompensasEspetadores']",[],False
79,2025-03-24 12:16,f0rsakenwOw,pt,The First Berserker: Khazan,FIRST BERSERKER KHAZAN HOJE!!  —!loco !pix !lojaeg !farmskins,['Português'],['MatureGame'],False
79,2025-03-24 12:16,miguelitodoarrocha,pt,EA Sports FC 25,💥WL 2 AGORA !!! SERA QUE VOU PASSA VERGONHA ? - bem vindos a live do Miguelito,"['Português', 'Portugal', 'Competitivo', 'resenha', 'Resenhando', 'ultimateteam', 'fifa', 'EAFC', 'eafc25', 'eafcsports']",[],False
79,2025-03-24 12:16,CarecaSincero,pt,Marvel Rivals,!LOJA Marvel Rivals? Sei nem com quem eu vou..,"['English', 'FARMPIX', 'PIX', 'loja', 'mechabreakplaytest', 'Português', 'DropsAtivados']",[],False
79,2025-03-24 12:17,Edi_sccp,pt,Fortnite,+18 Estamos de volta mais sem fone ainda,['Português'],[],False
79,2025-03-24 12:17,yunizinhafps,pt,Grand Theft Auto V,"+18 [DIVISA RP]  - É NOIS NO COMANDO, COLA COM NOIS  EP 6","['Português', 'coringarp', 'GTARPLIVE', 'datenarp', 'gtavrproleplay', 'ＧTA5', 'gtandTheftAutoV', 'ComplexoRP', 'redbeiramar', 'paulinhooloko']",['MatureGame'],False
79,2025-03-24 12:17,y4s_,pt,Counter-Strike,segundou da resenha @steelegabr @xisterafps @bt0tv 🔥 !nesha !csgofast !forcedrop !clash,"['Português', 'y4s', 'GamersClub', 'csgo', 'lobby', 'faceit', 'farm', 'dicas', 'cs2', 'sorteio']",['MatureGame'],False
79,2025-03-24 12:17,LarinhaFPS_,pt,Counter-Strike,[AO VIVO] 🟢 IMPERIAL LARINHA 🔥✨SORTEIOS DIÁRIOS✨🔸!csgoskins 🔸!nesha 🔸 !exitlag🔸!onlyfans /Sigam @laramanarim nas redes,"['girl', 'cs', 'CS2', 'Brasil', 'sorteio', 'skins', 'counterstrike', 'faceit', 'Português', 'gamersclub']",['MatureGame'],False
79,2025-03-24 12:17,mwhs,pt,Counter-Strike,Seguna dos FELINOS com a !COMUNIDADE !SCORPION !KEYDROP !COACH,"['gameplay', 'competitivo', 'professor', 'Português', 'Reposição']",['MatureGame'],True
80,2025-03-24 12:24,EiMine77,pt,Minecraft,✅ RECOMPENSAS ON! | ⭐ SEJA RÁPIDO E GANHE UMA CAPA DE GRAÇA: !CAPA | 💘 INSTAGRAM: @EIMINE77 | !ajuda !rerun !sub !subgratis !loja,"['Minecraft', 'EiMine', 'Português', 'RecompensasEspetadores']",[],False
80,2025-03-24 12:24,miguelitodoarrocha,pt,EA Sports FC 25,💥WL 2 AGORA !!! SERA QUE VOU PASSA VERGONHA ? - bem vindos a live do Miguelito,"['Português', 'Portugal', 'Competitivo', 'resenha', 'Resenhando', 'ultimateteam', 'fifa', 'EAFC', 'eafc25', 'eafcsports']",[],False
80,2025-03-24 12:24,f0rsakenwOw,pt,The First Berserker: Khazan,FIRST BERSERKER KHAZAN HOJE!!  —!loco !pix !lojaeg !farmskins,['Português'],['MatureGame'],False
80,2025-03-24 12:24,CarecaSincero,pt,Marvel Rivals,!LOJA Marvel Rivals? Sei nem com quem eu vou..,"['English', 'FARMPIX', 'PIX', 'loja', 'mechabreakplaytest', 'Português', 'DropsAtivados']",[],False
80,2025-03-24 12:24,Edi_sccp,pt,Fortnite,+18 Estamos de volta mais sem fone ainda,['Português'],[],False
80,2025-03-24 12:25,yunizinhafps,pt,Grand Theft Auto V,"+18 [DIVISA RP]  - É NOIS NO COMANDO, COLA COM NOIS  EP 6","['Português', 'coringarp', 'GTARPLIVE', 'datenarp', 'gtavrproleplay', 'ＧTA5', 'gtandTheftAutoV', 'ComplexoRP', 'redbeiramar', 'paulinhooloko']",['MatureGame'],False
80,2025-03-24 12:25,guneiva,pt,EA Sports FC 25,(15/0) !GULLIT VALE? 10 WL EM CONTAS DE CLIENTE  -  JOGAMOS SUA WL -  !coins !cliente !coach !livepix !4213,['Português'],[],False
80,2025-03-24 12:25,TioPedroJoga,pt,EA Sports FC 25,"WL DE CLIENTE, HYPE DAS 15 E MUITO CONTEÚDO !cliente !coins !camiseta",['Português'],[],False
80,2025-03-24 12:25,patrick11ns,pt,EA Sports FC 25,Um dos piores times passando na sua tela! Vamos terminar essa wL | PAPIN brocador vai chegar ! Bom dia vem pra resenha! | !curso !pix !dicas,"['Português', 'proplayer', 'top9', 'resenha', 'adolfz', 'fifalize']",[],False
81,2025-03-24 16:02,DorSmiley,pt,Sea of Thieves,🟢Drops Obsidiana On | Pulheta | Parceiro do @lendasdomar e CSoTBr !Comandos !drops !tdm,"['Ação', 'Aventura', 'Comédia', 'Português', 'Xingamentos', 'seaofthieves', 'PvEPvP', 'SoTPvp', 'seaofthieveseason15', 'DropsAtivados']",['ProfanityVulgarity'],False
81,2025-03-24 16:02,beletz_,pt,Fortnite,SUBATHON DIA 3🔥JOGANDO FORTNITE COM O CHAT ♡ USE O CODE: BELETZ🩵❗sub❗pix ❗code,"['portugues', 'fortnite', 'fortnitetrocacao', 'stream', 'Português', 'girlgamers']",[],False
81,2025-03-24 16:02,EiMine77,pt,Minecraft,✅ RECOMPENSAS ON! | ⭐ SEJA RÁPIDO E GANHE UMA CAPA DE GRAÇA: !CAPA | 💘 INSTAGRAM: @EIMINE77 | !ajuda !rerun !sub !subgratis !loja,"['Minecraft', 'EiMine', 'Português', 'RecompensasEspetadores']",[],False
81,2025-03-24 16:02,CarecaSincero,pt,Marvel Rivals,!LOJA Marvel Rivals? Sei nem com quem eu vou..,"['English', 'FARMPIX', 'PIX', 'loja', 'mechabreakplaytest', 'Português', 'DropsAtivados']",[],False
81,2025-03-24 16:02,f0rsakenwOw,pt,The First Berserker: Khazan,FIRST BERSERKER KHAZAN HOJE!!  —!loco !pix !lojaeg !farmskins,['Português'],['MatureGame'],False
81,2025-03-24 16:02,Lanafloweers,pt,Fortnite,"A MAMÃE VOLTOU , VAMOS DE FORTNITE , GOSTARIA DE JOGAR ?. Use code Lanas2 #ad .❗CINE ❗REDES","['Português', 'Mulher', 'SafeSpace']",[],False
81,2025-03-24 16:02,akrom_ow,pt,Overwatch 2,Caixas... !lixo  - #OverwatchCreator #OW2Season15 !videonovo !pix !youtube !coach,"['Português', 'OverwatchCreators', 'OW2Brasil', 'sorteio', 'tankmain', 'top500overwatch2', 'DropsAtivados']",[],False
81,2025-03-24 16:02,Reunee,pt,Overwatch 2,🔴 Overwatch até ficar doido 😎,"['Português', 'DropsAtivados']",[],False
81,2025-03-24 16:02,milifazolo,pt,Overwatch 2,"(DROPS ON) ◟🌷੭ ₊˚  mais um dia passando raiva, será? ♡  | !comandos | °．•","['Português', 'girl', 'music', 'DropsAtivados']",[],False
82,2025-03-24 16:13,EiMine77,pt,Minecraft,✅ RECOMPENSAS ON! | ⭐ SEJA RÁPIDO E GANHE UMA CAPA DE GRAÇA: !CAPA | 💘 INSTAGRAM: @EIMINE77 | !ajuda !rerun !sub !subgratis !loja,"['Minecraft', 'EiMine', 'Português', 'RecompensasEspetadores']",[],False
82,2025-03-24 16:13,beletz_,pt,Fortnite,SUBATHON DIA 3🔥JOGANDO FORTNITE COM O CHAT ♡ USE O CODE: BELETZ🩵❗sub❗pix ❗code,"['portugues', 'fortnite', 'fortnitetrocacao', 'stream', 'Português', 'girlgamers']",[],False
82,2025-03-24 16:13,CarecaSincero,pt,Marvel Rivals,!LOJA Marvel Rivals? Sei nem com quem eu vou..,"['English', 'FARMPIX', 'PIX', 'loja', 'mechabreakplaytest', 'Português', 'DropsAtivados']",[],False
82,2025-03-24 16:14,Suhper85,pt,Minecraft,✷ [drops] [hardcore] Minecraft 🎧  ✷ ❗pix ❗amazon ❗steam ❗nuuvem ✷,"['oldfriendly', 'batepapo', 'mulheresgamers', 'LGBTQIAsafeplace', 'Português', 'JogosVariados', 'RecompensasEspetadores']",['ProfanityVulgarity'],False
82,2025-03-24 16:14,SLKRETROZADA,pt,Counter-Strike,SO TAPA DE QUALIDADE MONSTRA    !CSGO.NET !vaquinha !otimização @matazera @pezingamer   @betaozera @GabzeraWZ,"['mouse', 'teclado', 'portugues', 'competitivo', 'proplayerPortuguês', 'proplayer', 'proplayer', 'CS2', 'cs2counterstrike2', 'cs2major']",['MatureGame'],False
82,2025-03-24 16:14,Edi_sccp,pt,Fortnite,+18 Estamos de volta mais sem fone ainda,['Português'],[],False
82,2025-03-24 16:14,ogabsttv,pt,Marvel Rivals,[DROPS ON] NEM A PEDRA NO RIM PODE ME PARAR HOJE | !PIX !LIVE !ANALISE,"['Português', 'humor', 'engraçado', 'DropsAtivados']",[],False
82,2025-03-24 16:14,Reunee,pt,Overwatch 2,🔴 Overwatch até ficar doido 😎,"['Português', 'DropsAtivados']",[],False
82,2025-03-24 16:14,LuBuuu,pt,Marvel Rivals,DUO VENNOM/MIRANHA COM @dilascio_  !comando !youtube !tiktok,"['Português', 'Brasil', 'marvelrivals', 'LearningEnglish', 'Competitivo', 'English', 'DropsAtivados']",[],False
83,2025-03-24 16:25,EiMine77,pt,Minecraft,✅ RECOMPENSAS ON! | ⭐ SEJA RÁPIDO E GANHE UMA CAPA DE GRAÇA: !CAPA | 💘 INSTAGRAM: @EIMINE77 | !ajuda !rerun !sub !subgratis !loja,"['Minecraft', 'EiMine', 'Português', 'RecompensasEspetadores']",[],False
83,2025-03-24 16:25,beletz_,pt,Fortnite,SUBATHON DIA 3🔥JOGANDO FORTNITE COM O CHAT ♡ USE O CODE: BELETZ🩵❗sub❗pix ❗code,"['portugues', 'fortnite', 'fortnitetrocacao', 'stream', 'Português', 'girlgamers']",[],False
83,2025-03-24 16:26,CarecaSincero,pt,Marvel Rivals,!LOJA Marvel Rivals? Sei nem com quem eu vou..,"['English', 'FARMPIX', 'PIX', 'loja', 'mechabreakplaytest', 'Português', 'DropsAtivados']",[],False
83,2025-03-24 16:26,SLKRETROZADA,pt,Counter-Strike,SO TAPA DE QUALIDADE MONSTRA    !CSGO.NET !vaquinha !otimização @matazera @pezingamer   @betaozera @GabzeraWZ,"['mouse', 'teclado', 'portugues', 'competitivo', 'proplayerPortuguês', 'proplayer', 'proplayer', 'CS2', 'cs2counterstrike2', 'cs2major']",['MatureGame'],False
83,2025-03-24 16:26,Suhper85,pt,Minecraft,✷ [drops] [hardcore] Minecraft 🎧  ✷ ❗pix ❗amazon ❗steam ❗nuuvem ✷,"['oldfriendly', 'batepapo', 'mulheresgamers', 'LGBTQIAsafeplace', 'Português', 'JogosVariados', 'RecompensasEspetadores']",['ProfanityVulgarity'],False
83,2025-03-24 16:26,Edi_sccp,pt,Fortnite,+18 Estamos de volta mais sem fone ainda,['Português'],[],False
83,2025-03-24 16:26,Neszaah,pt,VALORANT,Vem passar a tarde comigo sz !comandos !pix,"['Português', 'valorant', 'gamergirl', 'Mulher', 'BR', 'fps']",[],False
83,2025-03-24 16:26,Dyen__,pt,Stardew Valley,oi !pwark !growth !clip !creators !olagg !elomarvel !solteira !clip,"['fps', 'mulher', 'LGBT', 'valorant', 'competitivo', 'Brasil', 'Português', 'batepapo', 'gatos']",[],False
83,2025-03-24 16:26,yulla,pt,VALORANT,ainda estou aqui na live 24hrs !sociais !pix !comando !vods !roblox !react,['Português'],[],False
84,2025-03-24 16:35,EiMine77,pt,Minecraft,✅ RECOMPENSAS ON! | ⭐ SEJA RÁPIDO E GANHE UMA CAPA DE GRAÇA: !CAPA | 💘 INSTAGRAM: @EIMINE77 | !ajuda !rerun !sub !subgratis !loja,"['Minecraft', 'EiMine', 'Português', 'RecompensasEspetadores']",[],False
84,2025-03-24 16:35,beletz_,pt,Fortnite,SUBATHON DIA 3🔥JOGANDO FORTNITE COM O CHAT ♡ USE O CODE: BELETZ🩵❗sub❗pix ❗code,"['portugues', 'fortnite', 'fortnitetrocacao', 'stream', 'Português', 'girlgamers']",[],False
84,2025-03-24 16:35,CarecaSincero,pt,Marvel Rivals,!LOJA Marvel Rivals? Sei nem com quem eu vou..,"['English', 'FARMPIX', 'PIX', 'loja', 'mechabreakplaytest', 'Português', 'DropsAtivados']",[],False
84,2025-03-24 16:35,DaniKrautz,pt,Fortnite,Me acorde quando março terminar  ❗nick ❗jogar ❗comandos,"['fortnite', 'jogandocomochat', 'Português', 'Mulher', 'personalizadadelas']",[],False
84,2025-03-24 16:35,Edi_sccp,pt,Fortnite,+18 Estamos de volta mais sem fone ainda,['Português'],[],False
84,2025-03-24 16:35,DorSmiley,pt,Sea of Thieves,🟢Drops Obsidiana On | Pulheta | Parceiro do @lendasdomar e CSoTBr !Comandos !drops !tdm,"['Ação', 'Aventura', 'Comédia', 'Português', 'Xingamentos', 'seaofthieves', 'PvEPvP', 'SoTPvp', 'seaofthieveseason15', 'DropsAtivados']",['ProfanityVulgarity'],False
84,2025-03-24 16:35,gabgol7,pt,EA Sports FC 25,CAMPEÃO MUNDIAL x2! Camp Basel Jafonso! + Gabgolcup (18e30h)  !COACH !CURSO !livepix,['Português'],[],False
84,2025-03-24 16:35,guneiva,pt,EA Sports FC 25,2x (15/0) !GULLIT VALE? 10 WL EM CONTAS DE CLIENTE  -  JOGAMOS SUA WL -  !coins !cliente !coach !livepix !4213,['Português'],[],False
84,2025-03-24 16:35,LeoBold_,pt,EA Sports FC 25,EAFC 25 - Projeto Gullitros !toty !curso !youtube !social !discord,"['Português', 'eafc24', 'gameplay']",[],False
85,2025-03-24 16:46,EiMine77,pt,Minecraft,✅ RECOMPENSAS ON! | ⭐ SEJA RÁPIDO E GANHE UMA CAPA DE GRAÇA: !CAPA | 💘 INSTAGRAM: @EIMINE77 | !ajuda !rerun !sub !subgratis !loja,"['Minecraft', 'EiMine', 'Português', 'RecompensasEspetadores']",[],False
85,2025-03-24 16:46,beletz_,pt,Fortnite,SUBATHON DIA 3🔥JOGANDO FORTNITE COM O CHAT ♡ USE O CODE: BELETZ🩵❗sub❗pix ❗code,"['portugues', 'fortnite', 'fortnitetrocacao', 'stream', 'Português', 'girlgamers']",[],False
85,2025-03-24 16:46,CarecaSincero,pt,Marvel Rivals,!LOJA Marvel Rivals? Sei nem com quem eu vou..,"['English', 'FARMPIX', 'PIX', 'loja', 'mechabreakplaytest', 'Português', 'DropsAtivados']",[],False
85,2025-03-24 16:46,SLKRETROZADA,pt,Counter-Strike,SO TAPA DE QUALIDADE MONSTRA    !CSGO.NET !vaquinha !otimização @matazera @pezingamer   @betaozera @GabzeraWZ,"['mouse', 'teclado', 'portugues', 'competitivo', 'proplayerPortuguês', 'proplayer', 'proplayer', 'CS2', 'cs2counterstrike2', 'cs2major']",['MatureGame'],False
85,2025-03-24 16:47,DaniKrautz,pt,Fortnite,Me acorde quando março terminar  ❗nick ❗jogar ❗comandos,"['fortnite', 'jogandocomochat', 'Português', 'Mulher', 'personalizadadelas']",[],False
85,2025-03-24 16:47,Edi_sccp,pt,Fortnite,+18 Estamos de volta mais sem fone ainda,['Português'],[],False
85,2025-03-24 16:47,KaiyuRX,pt,inZOI,₊˚ʚ inZOI - Construindo e decorando | SAI EM 3 DIAS ɞ˚₊❗Discord❗Donate,"['Português', 'DropsAtivados', 'LBGTAQplus', 'Cozy', 'thesims']",[],False
85,2025-03-24 16:47,Fusrobya,pt,inZOI,DIA 12 SUBATHON   | ❗subathon ❗pix,['Português'],[],False
85,2025-03-24 16:47,Nogal,pt,inZOI,FALTA POUCO PRO !PARCEIROPLUS | JOGANDO INZOI | !nuuvem !amazon !shopee,"['mulheresgamers', 'diversos', 'Português']",[],False
86,2025-03-24 20:02,vinny_smith3,pt,Grand Theft Auto V,Já pega a pipoca que hoje a live vai ser estilo cinema! GTA V de qualidade!,['Português'],['MatureGame'],False
86,2025-03-24 20:02,guisobrevivente_,pt,Minecraft,[CAPE] oi bora conversar ?,"['minecraft', 'guisobrevivente', 'tiktok', 'realista', 'shaders', 'construcao', 'conversa', 'amigavel', 'Português', 'RecompensasEspetadores']",[],False
86,2025-03-24 20:02,SLKRETROZADA,pt,Counter-Strike,SO TAPA DE QUALIDADE MONSTRA    !CSGO.NET !vaquinha !otimização @matazera @pezingamer   @betaozera @GabzeraWZ,"['mouse', 'teclado', 'portugues', 'competitivo', 'proplayerPortuguês', 'proplayer', 'proplayer', 'CS2', 'cs2counterstrike2', 'cs2major']",['MatureGame'],False
86,2025-03-24 20:02,CarecaSincero,pt,Marvel Rivals,!LOJA Marvel Rivals? Sei nem com quem eu vou..,"['English', 'FARMPIX', 'PIX', 'loja', 'mechabreakplaytest', 'Português', 'DropsAtivados']",[],False
86,2025-03-24 20:02,DaniKrautz,pt,Fortnite,Me acorde quando março terminar  ❗nick ❗jogar ❗comandos,"['fortnite', 'jogandocomochat', 'Português', 'Mulher', 'personalizadadelas']",[],False
86,2025-03-24 20:02,EiMine77,pt,Minecraft,✅ RECOMPENSAS ON! | ⭐ SEJA RÁPIDO E GANHE UMA CAPA DE GRAÇA: !CAPA | 💘 INSTAGRAM: @EIMINE77 | !ajuda !rerun !sub !subgratis !loja,"['Minecraft', 'EiMine', 'Português', 'RecompensasEspetadores']",[],False
86,2025-03-24 20:02,FalaComBia,pt,V Rising,[PT-BR/ENG] SEGUNDOU!,['Português'],['ProfanityVulgarity'],False
86,2025-03-24 20:02,Akalius,pt,World of Warcraft,DROPS ON - DIA MUNDIAL DE QUBRAR PEDRA - !pix !discord,"['Português', 'Grêmio', 'JogadeTudo', 'Acumulador', 'DropsAtivados']",['ProfanityVulgarity'],False
86,2025-03-24 20:03,Saduske,pt,Terraria,DIA DE PLATINAR TERRARIA - PESCA + PAGODE = PLATINA.,"['Speedrun', 'Lgbt', 'Português', 'Sonic', 'Megaman', 'ResidentEvil', 'Mario', 'Retro', 'RetroAchievements']",[],True
87,2025-03-24 20:13,vinny_smith3,pt,Grand Theft Auto V,Já pega a pipoca que hoje a live vai ser estilo cinema! GTA V de qualidade!,['Português'],['MatureGame'],False
87,2025-03-24 20:13,guisobrevivente_,pt,Minecraft,[CAPE] oi bora conversar ?,"['minecraft', 'guisobrevivente', 'tiktok', 'realista', 'shaders', 'construcao', 'conversa', 'amigavel', 'Português', 'RecompensasEspetadores']",[],False
87,2025-03-24 20:13,SLKRETROZADA,pt,Counter-Strike,SO TAPA DE QUALIDADE MONSTRA    !CSGO.NET !vaquinha !otimização @matazera @pezingamer   @betaozera @GabzeraWZ,"['mouse', 'teclado', 'portugues', 'competitivo', 'proplayerPortuguês', 'proplayer', 'proplayer', 'CS2', 'cs2counterstrike2', 'cs2major']",['MatureGame'],False
87,2025-03-24 20:13,CarecaSincero,pt,Marvel Rivals,!LOJA Marvel Rivals? Sei nem com quem eu vou..,"['English', 'FARMPIX', 'PIX', 'loja', 'mechabreakplaytest', 'Português', 'DropsAtivados']",[],False
87,2025-03-24 20:13,DaniKrautz,pt,Fortnite,Me acorde quando março terminar  ❗nick ❗jogar ❗comandos,"['fortnite', 'jogandocomochat', 'Português', 'Mulher', 'personalizadadelas']",[],False
87,2025-03-24 20:13,BobSiqueira,pt,Counter-Strike,SEGUNDA-FEIRA BRABA❗FORMULÁRIO ❗FARM 5X❗TopSkins ❗ Insane gg❗Loja ❗XTSKINS ❗CsgoNET,"['Português', 'Bobzao', 'BobSiqueira', 'CS2', 'cs2stream', 'cs2skin', 'cs2brasil', 'cs2memes', 'cs2gameplay', 'reacts']",['MatureGame'],True
87,2025-03-24 20:13,ritzyx_,pt,VALORANT,[PT/ENG] GRIND NO VALORANT! LET'S GOOO!,"['valorant', 'girl', 'gamer', 'portugal', 'cs', 'Português']",[],False
87,2025-03-24 20:13,TheMentalCraft,pt,VALORANT,CUSTOMS DE VALORANT C/ O CHAT [LISTA ABERTA] !lista !regrascustom !prioridade | 💰 !MBWAY 💰 | !socials !nameled,"['Riot', 'ValorantPT', 'VALORANTPT', 'valorantpt', 'ascendant', 'ASCENDANT', 'VALORANT', 'immortal', 'Português']",[],False
87,2025-03-24 20:13,MiitsuhaTV,pt,VALORANT,"mama, a mituxa behind you! | !discord",['Português'],[],False
88,2025-03-24 20:20,vinny_smith3,pt,Grand Theft Auto V,Já pega a pipoca que hoje a live vai ser estilo cinema! GTA V de qualidade!,['Português'],['MatureGame'],False
88,2025-03-24 20:20,guisobrevivente_,pt,Minecraft,[CAPE] oi bora conversar ?,"['minecraft', 'guisobrevivente', 'tiktok', 'realista', 'shaders', 'construcao', 'conversa', 'amigavel', 'Português', 'RecompensasEspetadores']",[],False
88,2025-03-24 20:21,SLKRETROZADA,pt,Counter-Strike,SO TAPA DE QUALIDADE MONSTRA    !CSGO.NET !vaquinha !otimização @matazera @pezingamer   @betaozera @GabzeraWZ,"['mouse', 'teclado', 'portugues', 'competitivo', 'proplayerPortuguês', 'proplayer', 'proplayer', 'CS2', 'cs2counterstrike2', 'cs2major']",['MatureGame'],False
88,2025-03-24 20:21,CarecaSincero,pt,Marvel Rivals,!LOJA Marvel Rivals? Sei nem com quem eu vou..,"['English', 'FARMPIX', 'PIX', 'loja', 'mechabreakplaytest', 'Português', 'DropsAtivados']",[],False
88,2025-03-24 20:21,DaniKrautz,pt,Fortnite,Me acorde quando março terminar  ❗nick ❗jogar ❗comandos,"['fortnite', 'jogandocomochat', 'Português', 'Mulher', 'personalizadadelas']",[],False
88,2025-03-24 20:21,BobSiqueira,pt,Counter-Strike,SEGUNDA-FEIRA BRABA❗FORMULÁRIO ❗FARM 5X❗TopSkins ❗ Insane gg❗Loja ❗XTSKINS ❗CsgoNET,"['Português', 'Bobzao', 'BobSiqueira', 'CS2', 'cs2stream', 'cs2skin', 'cs2brasil', 'cs2memes', 'cs2gameplay', 'reacts']",['MatureGame'],True
88,2025-03-24 20:21,afknaty,pt,VALORANT,AO VIVO>  megumin tiltando no VALORANT,"['VALORONAT', 'Palavrão', 'Português', 'conversando']",['ProfanityVulgarity'],True
88,2025-03-24 20:21,leletsantin,pt,VALORANT,quebrei a reyna e a riot teve que arrumar| +18 !pix,"['gameplayboa', 'proplayer', 'mulhergamer', 'PIX', 'Português']",['ProfanityVulgarity'],False
88,2025-03-24 20:21,BurrytA,pt,VALORANT,BORA VOLTAR PRO IMT !pix (+18),"['valorant', 'vava', 'girlgamer', 'ranked', 'engraçado', 'streamerpequeno', 'hype', 'Português', 'conversa', 'Mulher']",['ProfanityVulgarity'],False
89,2025-03-24 20:29,vinny_smith3,pt,Grand Theft Auto V,Já pega a pipoca que hoje a live vai ser estilo cinema! GTA V de qualidade!,['Português'],['MatureGame'],False
89,2025-03-24 20:29,guisobrevivente_,pt,Minecraft,[CAPE] oi bora conversar ?,"['minecraft', 'guisobrevivente', 'tiktok', 'realista', 'shaders', 'construcao', 'conversa', 'amigavel', 'Português', 'RecompensasEspetadores']",[],False
89,2025-03-24 20:29,SLKRETROZADA,pt,Counter-Strike,SO TAPA DE QUALIDADE MONSTRA    !CSGO.NET !vaquinha !otimização @matazera @pezingamer   @betaozera @GabzeraWZ,"['mouse', 'teclado', 'portugues', 'competitivo', 'proplayerPortuguês', 'proplayer', 'proplayer', 'CS2', 'cs2counterstrike2', 'cs2major']",['MatureGame'],False
89,2025-03-24 20:29,CarecaSincero,pt,Marvel Rivals,!LOJA Marvel Rivals? Sei nem com quem eu vou..,"['English', 'FARMPIX', 'PIX', 'loja', 'mechabreakplaytest', 'Português', 'DropsAtivados']",[],False
89,2025-03-24 20:29,DaniKrautz,pt,Fortnite,Me acorde quando março terminar  ❗nick ❗jogar ❗comandos,"['fortnite', 'jogandocomochat', 'Português', 'Mulher', 'personalizadadelas']",[],False
89,2025-03-24 20:29,BobSiqueira,pt,Counter-Strike,SEGUNDA-FEIRA BRABA❗FORMULÁRIO ❗FARM 5X❗TopSkins ❗ Insane gg❗Loja ❗XTSKINS ❗CsgoNET,"['Português', 'Bobzao', 'BobSiqueira', 'CS2', 'cs2stream', 'cs2skin', 'cs2brasil', 'cs2memes', 'cs2gameplay', 'reacts']",['MatureGame'],True
89,2025-03-24 20:29,LuanaTh,pt,Fortnite,JOGANDO COM O CHAT 💜✨ USE O CODE: LUANATH ❤ !pix,"['Português', 'ptbr', 'Mulher', 'meta', 'metadeseguidores', 'gamergirl', 'Fortnite']",[],False
89,2025-03-24 20:29,Fininhho,pt,Fortnite,NOITES DE JOGATINA COM O CHAT    | CODE: FININHHO ❗PIX ❗SUB ❗REDES,"['Português', 'Gay', 'Jogandocomespectadores', 'safezone', 'jogadorcasual', 'fortnitebr']",[],False
89,2025-03-24 20:29,1Reyko,pt,Fortnite,"🌸ᴜsᴇ ᴄᴏᴅᴇ ""ʀᴇʏᴋᴏ"" ɴᴀ ʟᴏᴊᴀ ᴅᴀ ᴇᴘɪᴄ🌸+𝟭𝟴","['Português', 'Leagueofleagends', 'Fortnite', 'valorant', 'NarakaBladePoint', 'ruiva', 'ZeroBuildFortnite', 'ballistic', 'Trocação']",[],False
90,2025-03-24 20:37,vinny_smith3,pt,Grand Theft Auto V,Já pega a pipoca que hoje a live vai ser estilo cinema! GTA V de qualidade!,['Português'],['MatureGame'],False
90,2025-03-24 20:37,DaniKrautz,pt,Fortnite,Me acorde quando março terminar  ❗nick ❗jogar ❗comandos,"['fortnite', 'jogandocomochat', 'Português', 'Mulher', 'personalizadadelas']",[],False
90,2025-03-24 20:37,guisobrevivente_,pt,Minecraft,[CAPE] oi bora conversar ?,"['minecraft', 'guisobrevivente', 'tiktok', 'realista', 'shaders', 'construcao', 'conversa', 'amigavel', 'Português', 'RecompensasEspetadores']",[],False
90,2025-03-24 20:37,CarecaSincero,pt,Marvel Rivals,!LOJA Marvel Rivals? Sei nem com quem eu vou..,"['English', 'FARMPIX', 'PIX', 'loja', 'mechabreakplaytest', 'Português', 'DropsAtivados']",[],False
90,2025-03-24 20:37,BobSiqueira,pt,Counter-Strike,SEGUNDA-FEIRA BRABA❗FORMULÁRIO ❗FARM 5X❗TopSkins ❗ Insane gg❗Loja ❗XTSKINS ❗CsgoNET,"['Português', 'Bobzao', 'BobSiqueira', 'CS2', 'cs2stream', 'cs2skin', 'cs2brasil', 'cs2memes', 'cs2gameplay', 'reacts']",['MatureGame'],True
90,2025-03-24 20:37,Sereiatt,pt,VALORANT,Otima semana pra perder TODAS - !pix,"['Português', 'gamergirl', 'game', 'gamestreaming', 'valorant']",[],False
90,2025-03-24 20:37,Praxt_,pt,Fortnite,FORTNITE  |  JOGANDO COM O CHAT @praxt_ !sociais,"['Português', 'Fortnite', 'vbucks', 'AMA', 'PlayingwWithViewers', 'SeiosFartos', 'regras', 'LGBT', 'ＬＯＬ']",[],False
90,2025-03-24 20:37,ManukiTanuki,pt,OMORI,[+18] Estão cuidando bem dos dentes de vocês?! || !amazon !clip !livepix,['Português'],['MatureGame'],False
90,2025-03-24 20:38,Foythtv,pt,33 Immortals,Go Sardonyx !!  Drops On  @eulleref @tsuggames,"['Português', 'OverwatchCreators', 'UbisoftPartner', 'overwatch2', 'Brasil', 'Casual', 'MarvelRivalsPartner', 'DropsAtivados']",[],False
91,2025-03-25 00:04,iShadowWolf_,pt,It Takes Two,(+18) Livezinha Muito Doida!   ||   (❗comandos ❗metas ❗drops)   ||   (Epic Code: SHADOWOLF),['Português'],[],False
91,2025-03-25 00:04,CarecaSincero,pt,Marvel Rivals,!LOJA Marvel Rivals? Sei nem com quem eu vou..,"['English', 'FARMPIX', 'PIX', 'loja', 'mechabreakplaytest', 'Português', 'DropsAtivados']",[],False
91,2025-03-25 00:04,BobSiqueira,pt,Among Us,SEGUNDA-FEIRA BRABA❗FORMULÁRIO ❗FARM 5X❗TopSkins ❗ Insane gg❗Loja ❗XTSKINS ❗CsgoNET,"['Português', 'Bobzao', 'BobSiqueira', 'CS2', 'cs2stream', 'cs2skin', 'cs2brasil', 'cs2memes', 'cs2gameplay', 'reacts']",[],True
91,2025-03-25 00:04,EiMine77,pt,Minecraft,✅ RECOMPENSAS ON! | ⭐ SEJA RÁPIDO E GANHE UMA CAPA DE GRAÇA: !CAPA | 💘 INSTAGRAM: @EIMINE77 | !ajuda !rerun !sub !subgratis !loja,"['Minecraft', 'EiMine', 'Português', 'RecompensasEspetadores']",[],False
91,2025-03-25 00:04,donkgord0,pt,Counter-Strike,🕺🏻💪🏻😎🦜+18 PEITO/TRÍCEPS +5KM CORRENDO @goiamo @cogu @pava ONLINE❗RAINGG  🤪 !!❗neshastore  ❗gamearena❗csgoskins,"['CSGO', 'FPS', 'GAMERSCLUB', 'GC', 'LVL20', 'Português', 'lol', 'leagueoflegends', 'moba']",['MatureGame'],False
91,2025-03-25 00:04,LetizaTV,pt,Just Chatting,mó sono parceiro | !pix,['Português'],[],False
91,2025-03-25 00:04,wlburnn,pt,Assassin's Creed Shadows,Gabi,"['Português', 'DropsAtivados']",['MatureGame'],False
91,2025-03-25 00:04,annadeneve,pt,Marvel Rivals,[DROPS ON] comunidade do orkut odeio segunda feira ♡ !clip !pix !discord !comandos,"['Mulher', 'bonita', 'engraçada', 'Português', 'ConversandoComOChat', 'DropsAtivados']",[],False
91,2025-03-25 00:04,marcusowl,pt,Overwatch 2,"oiii, sou ruim !pix","['Brasil', 'PvP', 'Português', 'Diversão', 'fps', 'Overｗatch2', 'Português', 'marvelrivals', 'DropsAtivados']",['ProfanityVulgarity'],False
92,2025-03-25 00:14,iShadowWolf_,pt,It Takes Two,(+18) Livezinha Muito Doida!   ||   (❗comandos ❗metas ❗drops)   ||   (Epic Code: SHADOWOLF),['Português'],[],False
92,2025-03-25 00:14,lizmunhoz,pt,Grand Theft Auto V,(Atlantis) Conhece a RUBY? ❗pix,"['Português', 'lizmunhoz', 'gta', 'RP', 'jogo', 'humor', 'GTARP', 'games']",['MatureGame'],False
92,2025-03-25 00:14,CarecaSincero,pt,Marvel Rivals,!LOJA Marvel Rivals? Sei nem com quem eu vou..,"['English', 'FARMPIX', 'PIX', 'loja', 'mechabreakplaytest', 'Português', 'DropsAtivados']",[],False
92,2025-03-25 00:14,loud_coringa,pt,Just Chatting,MADRUGADINHA CLANDESTINA COM CHAT,['Português'],[],False
92,2025-03-25 00:14,EiMine77,pt,Minecraft,✅ RECOMPENSAS ON! | ⭐ SEJA RÁPIDO E GANHE UMA CAPA DE GRAÇA: !CAPA | 💘 INSTAGRAM: @EIMINE77 | !ajuda !rerun !sub !subgratis !loja,"['Minecraft', 'EiMine', 'Português', 'RecompensasEspetadores']",[],False
92,2025-03-25 00:14,BobSiqueira,pt,Among Us,SEGUNDA-FEIRA BRABA❗FORMULÁRIO ❗FARM 5X❗TopSkins ❗ Insane gg❗Loja ❗XTSKINS ❗CsgoNET,"['Português', 'Bobzao', 'BobSiqueira', 'CS2', 'cs2stream', 'cs2skin', 'cs2brasil', 'cs2memes', 'cs2gameplay', 'reacts']",[],True
92,2025-03-25 00:14,peachy_yumi,pt,Overwatch 2,!DROPS - mestre sup 🍑 juno de peachy? peachy de juno? junachy? ⛩️ !campeachy dia 12/04,"['OW2LeSserafim', 'OW2Season15', 'OverwatchCreator', 'OW2Brasil', 'Português', 'English']",[],False
92,2025-03-25 00:14,GrandeGD_,pt,Marvel Rivals,[DROPS ON] Jogo ruim por jogo ruim ❗Sr ❗social ❗wishlist ❗discord | Siga nas redes sociais 👉 @grandegd_,"['Português', 'Gostoso', 'dropsativados', 'AMA', 'Mulher', 'marvelrivals', 'PC', 'meme', 'GenshinnImpact', 'Vtuber']",[],False
92,2025-03-25 00:15,GoldenGunnTV,pt,Overwatch 2,"DROPS - VEM QUE A COMPANHIA É BOA, JÁ A GAMEPLAY... !!# SejaSub #Ajudecomasmetas !pix - !youtube","['Português', 'fps', 'gameplay', 'marvelrivals', 'Overｗatch2', 'fragpunk', 'Portugal', 'Brasil', 'Reposição', 'DropsAtivados']",[],True
93,2025-03-25 00:25,CarecaSincero,pt,Marvel Rivals,!LOJA Marvel Rivals? Sei nem com quem eu vou..,"['English', 'FARMPIX', 'PIX', 'loja', 'mechabreakplaytest', 'Português', 'DropsAtivados']",[],False
93,2025-03-25 00:25,iShadowWolf_,pt,It Takes Two,(+18) Livezinha Muito Doida!   ||   (❗comandos ❗metas ❗drops)   ||   (Epic Code: SHADOWOLF),['Português'],[],False
93,2025-03-25 00:25,EiMine77,pt,Minecraft,✅ RECOMPENSAS ON! | ⭐ SEJA RÁPIDO E GANHE UMA CAPA DE GRAÇA: !CAPA | 💘 INSTAGRAM: @EIMINE77 | !ajuda !rerun !sub !subgratis !loja,"['Minecraft', 'EiMine', 'Português', 'RecompensasEspetadores']",[],False
93,2025-03-25 00:25,RayssaBel,pt,Overwatch 2,"✨ 33º Dia: cedinho, como nos velhos tempos | ❗pix ❗sub","['TDAH', 'LGBTFriendly', 'LGBTQSafeplace', 'Mulher', 'Variedades', 'DicçãoPessima', 'Português', 'DropsAtivados']",[],False
93,2025-03-25 00:25,LetizaTV,pt,Just Chatting,mó sono parceiro | !pix,['Português'],[],False
93,2025-03-25 00:25,donkgord0,pt,Counter-Strike,🕺🏻💪🏻😎🦜+18 PEITO/TRÍCEPS +5KM CORRENDO @goiamo @cogu @pava ONLINE❗RAINGG  🤪 !!❗neshastore  ❗gamearena❗csgoskins,"['CSGO', 'FPS', 'GAMERSCLUB', 'GC', 'LVL20', 'Português', 'lol', 'leagueoflegends', 'moba']",['MatureGame'],False
93,2025-03-25 00:26,miiih_macedo,pt,Tom Clancy's Rainbow Six Siege,(+18) RANKED,"['Português', 'UbisoftPartner', 'ad']",['MatureGame'],False
93,2025-03-25 00:26,kizir6s,pt,Tom Clancy's Rainbow Six Siege,Rankeds da madruga ┇ (!fila join) pra entrar na fila da ranked!,['Português'],['MatureGame'],False
93,2025-03-25 00:26,RazaH,pt,Tom Clancy's Rainbow Six Siege,LOBBY PREMIUM   - !SUPERBET 🟢,['Português'],['MatureGame'],False
94,2025-03-25 04:03,iShadowWolf_,pt,Fortnite,(+18) Livezinha Muito Doida!   ||   (❗comandos ❗metas ❗drops)   ||   (Epic Code: SHADOWOLF),['Português'],[],False
94,2025-03-25 04:03,LetizaTV,pt,Just Chatting,O Hobbit | Letflix !pix,['Português'],[],False
94,2025-03-25 04:03,EiMine77,pt,Minecraft,✅ RECOMPENSAS ON! | ⭐ SEJA RÁPIDO E GANHE UMA CAPA DE GRAÇA: !CAPA | 💘 INSTAGRAM: @EIMINE77 | !ajuda !rerun !sub !subgratis !loja,"['Minecraft', 'EiMine', 'Português', 'RecompensasEspetadores']",[],False
94,2025-03-25 04:03,CarecaSincero,pt,Marvel Rivals,!LOJA Marvel Rivals? Sei nem com quem eu vou..,"['English', 'FARMPIX', 'PIX', 'loja', 'mechabreakplaytest', 'Português', 'DropsAtivados']",[],False
94,2025-03-25 04:03,donkgord0,pt,Counter-Strike,🕺🏻💪🏻😎🦜+18 PEITO/TRÍCEPS +5KM CORRENDO @goiamo @cogu @pava ONLINE❗RAINGG  🤪 !!❗neshastore  ❗gamearena❗csgoskins,"['CSGO', 'FPS', 'GAMERSCLUB', 'GC', 'LVL20', 'Português', 'lol', 'leagueoflegends', 'moba']",['MatureGame'],False
94,2025-03-25 04:03,Sakura_Ikari,pt,Infinity Nikki,Delírios  da madrugada,"['conversa', 'Português', 'EspaçoSeguro', 'conselhos', 'LGBTQIAPIus', 'Casual', 'LGBT', 'interativa', 'InfinityNikki', 'PtBrasil']",[],False
94,2025-03-25 04:03,hazaprp,pt,Grand Theft Auto V,+18 PRODIGY RP - GUN LORD? pt 2 🥷🏿 - !LIVEPIX !PRODIGY,"['RP', 'Português', 'ProdigyRP']",['MatureGame'],False
94,2025-03-25 04:03,PilotoDG,pt,Virtual Casino,🔵 SLOTS DA MADRUGA 🔵 !PARIPESA,"['Português', 'Elements', 'BlackElements', 'Metropole']",[],False
94,2025-03-25 04:03,PallomaDiamond,pt,League of Legends,+18 [LUMOS] PALLOMA / DUNCAN  !pix,"['lgbtqiap', 'Português', 'gtarp', 'gta', 'GTARPLIVE', 'lumosrp', 'Lumos']",[],False
95,2025-03-25 04:13,iShadowWolf_,pt,Fortnite,(+18) Livezinha Muito Doida!   ||   (❗comandos ❗metas ❗drops)   ||   (Epic Code: SHADOWOLF),['Português'],[],False
95,2025-03-25 04:13,LetizaTV,pt,Just Chatting,O Hobbit | Letflix !pix,['Português'],[],False
95,2025-03-25 04:13,EiMine77,pt,Minecraft,✅ RECOMPENSAS ON! | ⭐ SEJA RÁPIDO E GANHE UMA CAPA DE GRAÇA: !CAPA | 💘 INSTAGRAM: @EIMINE77 | !ajuda !rerun !sub !subgratis !loja,"['Minecraft', 'EiMine', 'Português', 'RecompensasEspetadores']",[],False
95,2025-03-25 04:13,CarecaSincero,pt,Marvel Rivals,!LOJA Marvel Rivals? Sei nem com quem eu vou..,"['English', 'FARMPIX', 'PIX', 'loja', 'mechabreakplaytest', 'Português', 'DropsAtivados']",[],False
95,2025-03-25 04:14,donkgord0,pt,Counter-Strike,🕺🏻💪🏻😎🦜+18 PEITO/TRÍCEPS +5KM CORRENDO @goiamo @cogu @pava ONLINE❗RAINGG  🤪 !!❗neshastore  ❗gamearena❗csgoskins,"['CSGO', 'FPS', 'GAMERSCLUB', 'GC', 'LVL20', 'Português', 'lol', 'leagueoflegends', 'moba']",['MatureGame'],False
95,2025-03-25 04:14,Sakura_Ikari,pt,Infinity Nikki,Delírios  da madrugada,"['conversa', 'Português', 'EspaçoSeguro', 'conselhos', 'LGBTQIAPIus', 'Casual', 'LGBT', 'interativa', 'InfinityNikki', 'PtBrasil']",[],False
95,2025-03-25 04:14,EriclesSavio10,pt,Overwatch 2,417 I Se quiser sim mano❗btag ❗addmarvel❗sorteio ❗comandos,"['Português', 'fps', 'youtube', 'PlayStation', 'Overｗatch2', 'games', 'gameplay', 'marvelrivals', 'marvel', 'DropsAtivados']",[],False
95,2025-03-25 04:14,SophiaXavier0,pt,Just Chatting,💖 Subathon da Soso 💖|Ultimo dia de Subathon? | Dia-11 | Deixe seu Prime💖,"['Vtuber', 'Portugues', 'Social', 'LOL', 'LeagueOfLegends', 'gameplay', 'Português']",[],False
95,2025-03-25 04:14,Melizy7x,pt,Fortnite,ZONE WARS COM O CHAT !Map | 🏆 USE CODE MELIZY #ad !pix !dc,"['Português', 'FortniteRanked', '1v1', 'Fortnite']",[],False
96,2025-03-25 04:25,iShadowWolf_,pt,Fortnite,(+18) Livezinha Muito Doida!   ||   (❗comandos ❗metas ❗drops)   ||   (Epic Code: SHADOWOLF),['Português'],[],False
96,2025-03-25 04:25,LetizaTV,pt,Just Chatting,O Hobbit | Letflix !pix,['Português'],[],False
96,2025-03-25 04:25,EiMine77,pt,Minecraft,✅ RECOMPENSAS ON! | ⭐ SEJA RÁPIDO E GANHE UMA CAPA DE GRAÇA: !CAPA | 💘 INSTAGRAM: @EIMINE77 | !ajuda !rerun !sub !subgratis !loja,"['Minecraft', 'EiMine', 'Português', 'RecompensasEspetadores']",[],False
96,2025-03-25 04:25,CarecaSincero,pt,Marvel Rivals,!LOJA Marvel Rivals? Sei nem com quem eu vou..,"['English', 'FARMPIX', 'PIX', 'loja', 'mechabreakplaytest', 'Português', 'DropsAtivados']",[],False
96,2025-03-25 04:25,donkgord0,pt,Counter-Strike,🕺🏻💪🏻😎🦜+18 PEITO/TRÍCEPS +5KM CORRENDO @goiamo @cogu @pava ONLINE❗RAINGG  🤪 !!❗neshastore  ❗gamearena❗csgoskins,"['CSGO', 'FPS', 'GAMERSCLUB', 'GC', 'LVL20', 'Português', 'lol', 'leagueoflegends', 'moba']",['MatureGame'],False
96,2025-03-25 04:25,Sakura_Ikari,pt,Infinity Nikki,Delírios  da madrugada,"['conversa', 'Português', 'EspaçoSeguro', 'conselhos', 'LGBTQIAPIus', 'Casual', 'LGBT', 'interativa', 'InfinityNikki', 'PtBrasil']",[],False
97,2025-03-25 08:03,iShadowWolf_,pt,Fortnite,(+18) Livezinha Muito Doida!   ||   (❗comandos ❗metas ❗drops)   ||   (Epic Code: SHADOWOLF),['Português'],[],False
97,2025-03-25 08:03,EiMine77,pt,Minecraft,✅ RECOMPENSAS ON! | ⭐ SEJA RÁPIDO E GANHE UMA CAPA DE GRAÇA: !CAPA | 💘 INSTAGRAM: @EIMINE77 | !ajuda !rerun !sub !subgratis !loja,"['Minecraft', 'EiMine', 'Português', 'RecompensasEspetadores']",[],False
97,2025-03-25 08:03,CarecaSincero,pt,Marvel Rivals,!LOJA Marvel Rivals? Sei nem com quem eu vou..,"['English', 'FARMPIX', 'PIX', 'loja', 'mechabreakplaytest', 'Português', 'DropsAtivados']",[],False
97,2025-03-25 08:03,Xerekiss,pt,Fortnite,🔥ATUALIZAÇÃO🔥 | RESGATE ITENS ASSISTINDO A LIVE (❗loja) | CODE: XEREKISS #ad,"['Português', 'Brasil', 'fps', 'Fortnite', 'Portugal', 'battleroyale']",[],False
97,2025-03-25 08:03,DexterHQ,pt,Minecraft,>>DROP CAPA- HARDCORE 1.21.4 8100+ DIAS SEM TOTEM !capa !codigo !tiktok !insta,"['hardcore', 'hardmode', 'sobrevivencia', 'semtotem', 'construir', 'Farming', 'Português', 'minecraft', 'EventosEspeciales', 'minecraftlive']",[],False
97,2025-03-25 08:03,Baiano,pt,League of Legends,🟢LPL AO VIVO - TES x NIP 🟢 A SEGUIR: NIP x FPX🌴!kbmidl !bb !grupo !status #LPLCOSTREAM,['Português'],[],False
97,2025-03-25 08:04,AngrodTralari,es,Overwatch 2,!DROPS LOOTBOXES 🔴 SUBIENDO A TOP 500 de 6 VS 6 🔴 DESPUÉS PUGS !FACEIT 🔴 Sorteo PACK de LE SSERAFIM y 1000 Monedas,"['Español', 'charla', 'competitivo', 'Overwatch2', 'drops', 'ranked', 'Shooter', 'DropsActivados']",[],False
97,2025-03-25 08:04,YoDa,pt,League of Legends,TAMO SUBINDO,['Português'],[],False
97,2025-03-25 08:04,ClovaoBengala,pt,League of Legends,LIVE DIA 25/03 NA LOUCURA MENTAL !rag !pix !ad !social !youtube,"['Português', 'League', 'leagueoflegeneds', 'lol', 'jogos']",[],True
98,2025-03-25 08:13,iShadowWolf_,pt,Fortnite,(+18) Livezinha Muito Doida!   ||   (❗comandos ❗metas ❗drops)   ||   (Epic Code: SHADOWOLF),['Português'],[],False
98,2025-03-25 08:13,EiMine77,pt,Minecraft,✅ RECOMPENSAS ON! | ⭐ SEJA RÁPIDO E GANHE UMA CAPA DE GRAÇA: !CAPA | 💘 INSTAGRAM: @EIMINE77 | !ajuda !rerun !sub !subgratis !loja,"['Minecraft', 'EiMine', 'Português', 'RecompensasEspetadores']",[],False
98,2025-03-25 08:13,CarecaSincero,pt,Marvel Rivals,!LOJA Marvel Rivals? Sei nem com quem eu vou..,"['English', 'FARMPIX', 'PIX', 'loja', 'mechabreakplaytest', 'Português', 'DropsAtivados']",[],False
98,2025-03-25 08:14,Xerekiss,pt,Fortnite,🔥ATUALIZAÇÃO🔥 | RESGATE ITENS ASSISTINDO A LIVE (❗loja) | CODE: XEREKISS #ad,"['Português', 'Brasil', 'fps', 'Fortnite', 'Portugal', 'battleroyale']",[],False
98,2025-03-25 08:14,miguelitodoarrocha,pt,EA Sports FC 25,💥copinha UEFA e Rivais - bem vindos a live do Miguelito Do Arrocha,"['Português', 'Portugal', 'Competitivo', 'resenha', 'Resenhando', 'ultimateteam', 'fifa', 'EAFC', 'eafc25', 'eafcsports']",[],False
98,2025-03-25 08:14,mihzavati,pt,Overwatch 2,(Drops on) bora de gameplay duvidosa ? kkk Bom diaaa 🙂🙂❤️🎮🎮,"['Português', 'FortniteTV', 'mulhertrans', 'LGBTQ', 'girl', 'GamerRage', 'DropsAtivados']",[],False
98,2025-03-25 08:14,arch1vesfps,pt,Counter-Strike,🔥 TOP 1 MUNDIAL CS RANK 30K+ LEVEL 21 GC ( ͡° ͜ʖ ͡°) 🛒AO VIVOOOOO ➡️ !loja !config !mira,"['ptbr', 'en', 'pt', 'Português']",['MatureGame'],False
98,2025-03-25 08:14,wastzera,pt,Counter-Strike,"IRL ZERANDO ROMA, VEM BB!! [FARM10X] farmskins | !fallenstore | !neshastore | !noping","['wastzera', 'sorteio', 'dicas', 'farm', 'Português', 'skin', 'cs2', 'gamersclub', 'Imperial', 'neymar']",['MatureGame'],False
98,2025-03-25 08:14,LYRAFPS,pt,Counter-Strike,"Em busca do 21, NO-DELAY! @gamersclubcs ❗COMANDOS!","['Português', 'gamestreaming', 'counterstrike2', 'CS2', 'gamersclub']",['MatureGame'],False
99,2025-03-25 08:21,iShadowWolf_,pt,Fortnite,(+18) Livezinha Muito Doida!   ||   (❗comandos ❗metas ❗drops)   ||   (Epic Code: SHADOWOLF),['Português'],[],False
99,2025-03-25 08:21,EiMine77,pt,Minecraft,✅ RECOMPENSAS ON! | ⭐ SEJA RÁPIDO E GANHE UMA CAPA DE GRAÇA: !CAPA | 💘 INSTAGRAM: @EIMINE77 | !ajuda !rerun !sub !subgratis !loja,"['Minecraft', 'EiMine', 'Português', 'RecompensasEspetadores']",[],False
99,2025-03-25 08:21,CarecaSincero,pt,Marvel Rivals,!LOJA Marvel Rivals? Sei nem com quem eu vou..,"['English', 'FARMPIX', 'PIX', 'loja', 'mechabreakplaytest', 'Português', 'DropsAtivados']",[],False
99,2025-03-25 08:22,Xerekiss,pt,Fortnite,🔥ATUALIZAÇÃO🔥 | RESGATE ITENS ASSISTINDO A LIVE (❗loja) | CODE: XEREKISS #ad,"['Português', 'Brasil', 'fps', 'Fortnite', 'Portugal', 'battleroyale']",[],False
99,2025-03-25 08:22,miguelitodoarrocha,pt,EA Sports FC 25,💥copinha UEFA e Rivais - bem vindos a live do Miguelito Do Arrocha,"['Português', 'Portugal', 'Competitivo', 'resenha', 'Resenhando', 'ultimateteam', 'fifa', 'EAFC', 'eafc25', 'eafcsports']",[],False
99,2025-03-25 08:22,DexterHQ,pt,Minecraft,>>DROP CAPA- HARDCORE 1.21.4 8100+ DIAS SEM TOTEM !capa !codigo !tiktok !insta,"['hardcore', 'hardmode', 'sobrevivencia', 'semtotem', 'construir', 'Farming', 'Português', 'minecraft', 'EventosEspeciales', 'minecraftlive']",[],False
99,2025-03-25 08:22,sam_xtreme,pt,Just Chatting,⚡ O Subathon tá ON e a diversão tá só começando! Vem jogar e se divertir comigo. !Discord !Pix !Social !Sr,['Português'],[],False
99,2025-03-25 08:22,Teteia,pt,Just Chatting,grande variedade de jogos variados - !social,"['Português', 'English', 'Brasil', 'LGBT', 'Gato', 'fofoca', 'Rage', 'Chatting', 'games']",[],False
99,2025-03-25 08:22,katiabussmeyer,pt,Genshin Impact,Vamos? Genshin e Minecraft.,"['Português', 'Baterpapo', 'Suvival', 'Minecraft', 'Palia', 'mulherjogando', 'GenshinImpactStream', 'stardewvalley', 'friendlyfamilly']",[],False
100,2025-03-25 08:31,EiMine77,pt,Minecraft,✅ RECOMPENSAS ON! | ⭐ SEJA RÁPIDO E GANHE UMA CAPA DE GRAÇA: !CAPA | 💘 INSTAGRAM: @EIMINE77 | !ajuda !rerun !sub !subgratis !loja,"['Minecraft', 'EiMine', 'Português', 'RecompensasEspetadores']",[],False
100,2025-03-25 08:31,iShadowWolf_,pt,Fortnite,(+18) Livezinha Muito Doida!   ||   (❗comandos ❗metas ❗drops)   ||   (Epic Code: SHADOWOLF),['Português'],[],False
100,2025-03-25 08:31,CarecaSincero,pt,Marvel Rivals,!LOJA Marvel Rivals? Sei nem com quem eu vou..,"['English', 'FARMPIX', 'PIX', 'loja', 'mechabreakplaytest', 'Português', 'DropsAtivados']",[],False
100,2025-03-25 08:31,DexterHQ,pt,Minecraft,>>DROP CAPA- HARDCORE 1.21.4 8100+ DIAS SEM TOTEM !capa !codigo !tiktok !insta,"['hardcore', 'hardmode', 'sobrevivencia', 'semtotem', 'construir', 'Farming', 'Português', 'minecraft', 'EventosEspeciales', 'minecraftlive']",[],False
100,2025-03-25 08:31,mihzavati,pt,Overwatch 2,(Drops on) bora de gameplay duvidosa ? kkk Bom diaaa 🙂🙂❤️🎮🎮,"['Português', 'FortniteTV', 'mulhertrans', 'LGBTQ', 'girl', 'GamerRage', 'DropsAtivados']",[],False
100,2025-03-25 08:31,miguelitodoarrocha,pt,EA Sports FC 25,💥copinha UEFA e Rivais - bem vindos a live do Miguelito Do Arrocha,"['Português', 'Portugal', 'Competitivo', 'resenha', 'Resenhando', 'ultimateteam', 'fifa', 'EAFC', 'eafc25', 'eafcsports']",[],False
100,2025-03-25 08:31,oBruxoFut,pt,EA Sports FC 25,"✨ FAZENDO A EVO NO CRUYFF, TESTANDO A CATARINA E MUITO FARMING ❗️tatica ❗️st ❗️lurdinha","['Português', 'muitoelegante', 'charmoso', 'bonito', 'inteligente', 'carismático', 'educado', 'proplayer', 'futebol', 'fitness']",[],False
100,2025-03-25 08:32,CafecomEmersan,pt,Grand Theft Auto V,☕ Zerando o GTA V - 11 anos depois | dia 21 | !sub !youtube !cartola,"['futebol', 'reacts', 'games', 'Português', 'gta']",['MatureGame'],True
100,2025-03-25 08:32,ErnesInGame,es,EA Sports FC 25,Dia de copa y mejoritas varias !!,"['shareplay', 'recompensas', 'FUT', 'futchampions', 'Español', 'fc25', 'fc25utimateteam', 'fc25', 'fc25ultimateteam', 'fut25']",[],False
101,2025-03-25 08:42,EiMine77,pt,Minecraft,✅ RECOMPENSAS ON! | ⭐ SEJA RÁPIDO E GANHE UMA CAPA DE GRAÇA: !CAPA | 💘 INSTAGRAM: @EIMINE77 | !ajuda !rerun !sub !subgratis !loja,"['Minecraft', 'EiMine', 'Português', 'RecompensasEspetadores']",[],False
101,2025-03-25 08:43,iShadowWolf_,pt,Fortnite,(+18) Livezinha Muito Doida!   ||   (❗comandos ❗metas ❗drops)   ||   (Epic Code: SHADOWOLF),['Português'],[],False
101,2025-03-25 08:43,CarecaSincero,pt,Marvel Rivals,!LOJA Marvel Rivals? Sei nem com quem eu vou..,"['English', 'FARMPIX', 'PIX', 'loja', 'mechabreakplaytest', 'Português', 'DropsAtivados']",[],False
101,2025-03-25 08:43,mihzavati,pt,Overwatch 2,(Drops on) bora de gameplay duvidosa ? kkk Bom diaaa 🙂🙂❤️🎮🎮,"['Português', 'FortniteTV', 'mulhertrans', 'LGBTQ', 'girl', 'GamerRage', 'DropsAtivados']",[],False
101,2025-03-25 08:43,Xerekiss,pt,Marvel Rivals,[DROP ON] BORA DE LORD DE MIRANHA? | RESGATE ITENS ASSISTINDO A LIVE (❗loja) | CODE: XEREKISS #ad,"['Português', 'Brasil', 'fps', 'Fortnite', 'Portugal', 'battleroyale', 'DropsAtivados']",[],False
101,2025-03-25 08:43,Baiano,pt,League of Legends,🟢LPL AO VIVO - NIP x FPX 🟢 A SEGUIR: TES x OMG🌴!kbmidl !bb !grupo !status #LPLCOSTREAM,['Português'],[],False
101,2025-03-25 08:43,danizinhah_,pt,Fortnite,[DIA 8] SUBATHON só de SUBS! Vem Jogar e AUMENTAR NOSSO TEMPO DE LIVE! - ❗Sociais,"['Português', 'Jogandocomespectadores', 'Jogandocomespectadores', 'GameplayandChatting', 'gameplay']",[],False
101,2025-03-25 08:43,Pedro017Yt,pt,Fortnite,FORTNITE SEASON 3 UPDATE 🔥 RESGATE ITENS NA !LOJA ⭐ !RESGATE,"['Português', 'Fortnite', 'sorteio', 'VbucksGrátis', 'sorteios', 'vbucks', 'Jogandocomespectadores', 'Carismatico']",[],False
101,2025-03-25 08:43,EdigasZ,pt,Marvel Rivals,O PORTEIRO DO CELESTIAL 1? #2 | !tiktok !youtube,"['Português', 'DropsAtivados']",[],False
1,2025-03-25 16:53,beletz_,pt,Fortnite,SORTEIO PASSE DE BATALHA 🔥JOGANDO FORTNITE COM O CHAT ♡ USE O CODE: BELETZ🩵❗sub❗pix ❗code,"['portugues', 'fortnite', 'fortnitetrocacao', 'stream', 'Português', 'girlgamers']",[],False
1,2025-03-25 16:54,MegeraBruna,pt,Minecraft,oi [+18] / !discord / !elo / !regras / !pix / !instagram/ !nick/ !Sorteio/ !clip/ !Sr /  !subathon,"['Português', 'valorant', 'gamergirl', 'fps', 'gamer', 'RecompensasEspetadores']",[],False
1,2025-03-25 16:54,ofernandomaidana,pt,Sea of Thieves,🟢🟡DROPS🟡🟢 TERÇOU COM T DE TITANIC !cmd !playlist !pescar,"['Português', 'seaofthieves', 'pirata', 'SongRequests', 'songrequest', 'SeaOfThievesPartner', 'SeaofThievesgameplay', 'English', 'DropsAtivados']",[],False
1,2025-03-25 16:54,Vitor_jbs,pt,Left 4 Dead 2,TERÇOU HOJE TEM SELEÇÃO (SURVIVAL COM MODPACK)🐉   |❗pix ❗dc ❗comandos,"['Português', 'minecraft', 'mine', 'pvp', 'bedwars', 'mush', 'mushmc', 'roblox']",['MatureGame'],False
1,2025-03-25 16:54,DaniKrautz,pt,Fortnite,✨ Atualização chegou com surpresa pro chat! 🎁 - ❗nick ❗jogar ❗pix ❗comandos,"['fortnite', 'jogandocomochat', 'Português', 'Mulher', 'personalizadadelas']",[],False
1,2025-03-25 16:54,yunizinhafps,pt,Grand Theft Auto V,+18 DIVISA RP YUNIZADA,"['Português', 'coringarp', 'GTARPLIVE', 'datenarp', 'gtavrproleplay', 'ＧTA5', 'gtandTheftAutoV', 'ComplexoRP', 'redbeiramar', 'paulinhooloko']",['MatureGame'],False
1,2025-03-25 16:54,loma_sz,pt,VALORANT,valorant+18 !pix !comandos !clip !discord,"['gamer', 'VALORANＴ', 'Mulher', 'Português']",[],False
1,2025-03-25 16:54,julinhazsz,pt,VALORANT,oiiiiiiiiii | !pix !sustos !elo,"['Português', 'English', 'VALORANＴ']",[],False
1,2025-03-25 16:54,umaqlr,pt,Just Chatting,𓏲  ♡ nem eu sei  ༉‧₊˚ |  (+18) |  !elo !pix,"['English', 'Português', 'Mulher', 'Louca']",['ProfanityVulgarity'],False
2,2025-03-25 17:05,beletz_,pt,Fortnite,SORTEIO PASSE DE BATALHA 🔥JOGANDO FORTNITE COM O CHAT ♡ USE O CODE: BELETZ🩵❗sub❗pix ❗code,"['portugues', 'fortnite', 'fortnitetrocacao', 'stream', 'Português', 'girlgamers']",[],False
2,2025-03-25 17:06,MegeraBruna,pt,Minecraft,oi [+18] / !discord / !elo / !regras / !pix / !instagram/ !nick/ !Sorteio/ !clip/ !Sr /  !subathon,"['Português', 'valorant', 'gamergirl', 'fps', 'gamer', 'RecompensasEspetadores']",[],False
2,2025-03-25 17:06,ofernandomaidana,pt,Sea of Thieves,🟢🟡DROPS🟡🟢 TERÇOU COM T DE TITANIC !cmd !playlist !pescar,"['Português', 'seaofthieves', 'pirata', 'SongRequests', 'songrequest', 'SeaOfThievesPartner', 'SeaofThievesgameplay', 'English', 'DropsAtivados']",[],False
2,2025-03-25 17:06,Vitor_jbs,pt,Left 4 Dead 2,ERÇOU HOJE TEM SELEÇÃO (L4D2)🐉 |❗pix ❗dc ❗comandos,"['Português', 'minecraft', 'mine', 'pvp', 'bedwars', 'mush', 'mushmc', 'roblox']",['MatureGame'],False
2,2025-03-25 17:06,medbia_,pt,Fortnite,Tia Bia ta de volta!,"['FortniteGirl', 'Fortnite', 'FortniteBrasil', 'campfortnite', 'Português']",[],False
2,2025-03-25 17:06,TonhoDLang,pt,Sea of Thieves,Farmando chamado da Caça | !drops | !f | Streamer parceiro do @lendasdomar e CSoTBR 🏴‍☠️ !lendas !csotbr !platina,"['Português', 'Zerandojogos', 'seaofthieves', 'DropsAtivados']",[],False
2,2025-03-25 17:06,Pipozilla,pt,EA Sports FC 25,UMA TEMPESTADE ESTÁ CHEGANDO... !442 !HYPE,['Português'],[],False
2,2025-03-25 17:07,Sharkmacedo,pt,EA Sports FC 25,🔴[BR-PS5] [+18] ⚽MATA-MATA NA SHARKMACEDO + CINE SHARKÃO ⚽!LOJA @sharkmacedo nas redes sociais.,"['Português', 'shark', 'shark']",[],False
2,2025-03-25 17:07,TioSpeedy,pt,EA Sports FC 25,TIRAMOS R9 90 !! VAMOS EVOLUIR PARA 94 !! RETA FINAL DO GULLITÃO !!,"['Português', 'Coach', 'dicas', 'resenha', 'TIOSPEEDY', 'speed', 'EAFC']",[],False
3,2025-03-25 20:02,beletz_,pt,Fortnite,SORTEIO PASSE DE BATALHA 🔥JOGANDO FORTNITE COM O CHAT ♡ USE O CODE: BELETZ🩵❗sub❗pix ❗code,"['portugues', 'fortnite', 'fortnitetrocacao', 'stream', 'Português', 'girlgamers']",[],False
3,2025-03-25 20:02,guisobrevivente_,pt,Minecraft,[CAPE] oi bora conversar ?,"['minecraft', 'guisobrevivente', 'tiktok', 'realista', 'shaders', 'construcao', 'conversa', 'amigavel', 'Português', 'RecompensasEspetadores']",[],False
3,2025-03-25 20:02,vinny_smith3,pt,Just Chatting,E  a loucura vai continuar! Muita Doideira e GTA V nos aguardam senhoras e senhores!,['Português'],[],False
3,2025-03-25 20:03,MegeraBruna,pt,Minecraft,oi [+18] / !discord / !elo / !regras / !pix / !instagram/ !nick/ !Sorteio/ !clip/ !Sr /  !subathon,"['Português', 'valorant', 'gamergirl', 'fps', 'gamer', 'RecompensasEspetadores']",[],False
3,2025-03-25 20:03,Dilascio_,pt,Marvel Rivals,(DROPS ON) O AMIGO DA VIZINHANÇA,"['Português', 'Competitivo', 'Conversa', 'top500', 'overwatch', 'English', 'DropsAtivados']",[],False
3,2025-03-25 20:03,mae_joga45,pt,Overwatch 2,(+18) 🎮 {DROPS ON} Vem ver oque meu mod esta aprontando com a 📷,"['Português', 'jogodeterror', 'jogofps', 'diversãogarantida', 'DropsAtivados']",[],False
3,2025-03-25 20:03,afknaty,pt,VALORANT,AO VIVO>  smurfando no ferro,"['VALORONAT', 'Palavrão', 'Português', 'conversando']",['ProfanityVulgarity'],True
3,2025-03-25 20:03,leletsantin,pt,VALORANT,fase 3: aceitação| +18 !pix,"['gameplayboa', 'proplayer', 'mulhergamer', 'PIX', 'Português']",['ProfanityVulgarity'],False
3,2025-03-25 20:03,AnaSteinnn,pt,VALORANT,valor anta |🌸temos alerta de ❗bits personalizados 🌸,"['competitivo', 'jogos', 'Português', 'conversa', 'VALORANＴ', 'valorantgameplay']",[],False
4,2025-03-25 20:13,beletz_,pt,Fortnite,SORTEIO PASSE DE BATALHA 🔥JOGANDO FORTNITE COM O CHAT ♡ USE O CODE: BELETZ🩵❗sub❗pix ❗code,"['portugues', 'fortnite', 'fortnitetrocacao', 'stream', 'Português', 'girlgamers']",[],False
4,2025-03-25 20:13,guisobrevivente_,pt,Minecraft,[CAPE] oi bora conversar ?,"['minecraft', 'guisobrevivente', 'tiktok', 'realista', 'shaders', 'construcao', 'conversa', 'amigavel', 'Português', 'RecompensasEspetadores']",[],False
4,2025-03-25 20:13,vinny_smith3,pt,Just Chatting,E  a loucura vai continuar! Muita Doideira e GTA V nos aguardam senhoras e senhores!,['Português'],[],False
4,2025-03-25 20:13,MegeraBruna,pt,Minecraft,oi [+18] / !discord / !elo / !regras / !pix / !instagram/ !nick/ !Sorteio/ !clip/ !Sr /  !subathon,"['Português', 'valorant', 'gamergirl', 'fps', 'gamer', 'RecompensasEspetadores']",[],False
4,2025-03-25 20:13,Dilascio_,pt,Marvel Rivals,(DROPS ON) O AMIGO DA VIZINHANÇA,"['Português', 'Competitivo', 'Conversa', 'top500', 'overwatch', 'English', 'DropsAtivados']",[],False
4,2025-03-25 20:13,mae_joga45,pt,Overwatch 2,(+18) 🎮 {DROPS ON} Vem ver oque meu mod esta aprontando com a 📷,"['Português', 'jogodeterror', 'jogofps', 'diversãogarantida', 'DropsAtivados']",[],False
4,2025-03-25 20:13,Doiska_Rj,pt,Grand Theft Auto V,Froteira Leste - +18 BAIRRO 13 NA PISTA E SEM LEME  !PIX !DISCORD !INSTA !CODIGUINHO !FRONTEIRA @doiska_rj,['Português'],"['MatureGame', 'ProfanityVulgarity']",False
4,2025-03-25 20:14,CelsinRP,pt,Grand Theft Auto V,[+18]|| CPX ||  Celsin do Hospicio || @celsinrp !Pix !Sub  #90K #TDH,['Português'],['MatureGame'],False
4,2025-03-25 20:14,Facada,pt,Virtual Casino,BANCA REAL COM O CHAT ANTES DO JOGO💚 ❗insta ❗cashback,"['facadarp', 'facada', 'Português']",[],False
5,2025-03-25 20:23,beletz_,pt,Fortnite,SORTEIO PASSE DE BATALHA 🔥JOGANDO FORTNITE COM O CHAT ♡ USE O CODE: BELETZ🩵❗sub❗pix ❗code,"['portugues', 'fortnite', 'fortnitetrocacao', 'stream', 'Português', 'girlgamers']",[],False
5,2025-03-25 20:23,guisobrevivente_,pt,Minecraft,[CAPE] oi bora conversar ?,"['minecraft', 'guisobrevivente', 'tiktok', 'realista', 'shaders', 'construcao', 'conversa', 'amigavel', 'Português', 'RecompensasEspetadores']",[],False
5,2025-03-25 20:23,vinny_smith3,pt,Just Chatting,E  a loucura vai continuar! Muita Doideira e GTA V nos aguardam senhoras e senhores!,['Português'],[],False
5,2025-03-25 20:23,MegeraBruna,pt,Minecraft,oi [+18] / !discord / !elo / !regras / !pix / !instagram/ !nick/ !Sorteio/ !clip/ !Sr /  !subathon,"['Português', 'valorant', 'gamergirl', 'fps', 'gamer', 'RecompensasEspetadores']",[],False
5,2025-03-25 20:24,Dilascio_,pt,Marvel Rivals,(DROPS ON) O AMIGO DA VIZINHANÇA,"['Português', 'Competitivo', 'Conversa', 'top500', 'overwatch', 'English', 'DropsAtivados']",[],False
5,2025-03-25 20:24,mae_joga45,pt,Overwatch 2,(+18) 🎮 {DROPS ON} Vem ver oque meu mod esta aprontando com a 📷,"['Português', 'jogodeterror', 'jogofps', 'diversãogarantida', 'DropsAtivados']",[],False
5,2025-03-25 20:24,geofinho,pt,EA Sports FC 25,"+ de 100 pps na secundaria, bora! - Análise de times/EVOS- PT/ENG | !livepix",['Português'],[],False
5,2025-03-25 20:24,oparazim,pt,EA Sports FC 25,"🚨HACKEANDO O FARMING GULLIT ! Pack 10x85+, 14x83+ e dicas insanas!","['fifa', 'eafc', 'fc24', 'fc24livestream', 'Português', 'fc25', 'fc25livestream']",[],False
5,2025-03-25 20:24,dawgways,en,Madden NFL 25,"TOP 15 PLAYER IN RANKED UT ?!?!!!!!????YALL HERE FR?💥(3,900/4,500) FOLLOW ME","['English', '2k', '2k24', 'forninte', 'live', 'fun', 'webcam', 'top', 'funny', 'madden25']",[],True
6,2025-03-25 20:34,beletz_,pt,Fortnite,SORTEIO PASSE DE BATALHA 🔥JOGANDO FORTNITE COM O CHAT ♡ USE O CODE: BELETZ🩵❗sub❗pix ❗code,"['portugues', 'fortnite', 'fortnitetrocacao', 'stream', 'Português', 'girlgamers']",[],False
6,2025-03-25 20:34,guisobrevivente_,pt,Minecraft,[CAPE] oi bora conversar ?,"['minecraft', 'guisobrevivente', 'tiktok', 'realista', 'shaders', 'construcao', 'conversa', 'amigavel', 'Português', 'RecompensasEspetadores']",[],False
6,2025-03-25 20:34,vinny_smith3,pt,Just Chatting,E  a loucura vai continuar! Muita Doideira e GTA V nos aguardam senhoras e senhores!,['Português'],[],False
6,2025-03-25 20:35,MegeraBruna,pt,Minecraft,oi [+18] / !discord / !elo / !regras / !pix / !instagram/ !nick/ !Sorteio/ !clip/ !Sr /  !subathon,"['Português', 'valorant', 'gamergirl', 'fps', 'gamer', 'RecompensasEspetadores']",[],False
6,2025-03-25 20:35,Dilascio_,pt,Marvel Rivals,(DROPS ON) O AMIGO DA VIZINHANÇA,"['Português', 'Competitivo', 'Conversa', 'top500', 'overwatch', 'English', 'DropsAtivados']",[],False
6,2025-03-25 20:35,mae_joga45,pt,Overwatch 2,(+18) 🎮 {DROPS ON} Vem ver oque meu mod esta aprontando com a 📷,"['Português', 'jogodeterror', 'jogofps', 'diversãogarantida', 'DropsAtivados']",[],False
6,2025-03-25 20:35,LuBuuu,pt,Marvel Rivals,CAPITÃO BRASIL UPANDO SMURF !comando !youtube !tiktok,"['Português', 'Brasil', 'marvelrivals', 'LearningEnglish', 'Competitivo', 'English', 'DropsAtivados']",[],False
6,2025-03-25 20:35,Nitrao_,pt,Overwatch 2,Amanha video da FREYA!  testando GOATS no Overzin com sorteios no fim da live,"['Português', 'DropsAtivados']",[],False
6,2025-03-25 20:35,ogabsttv,pt,Marvel Rivals,LIVE INFINITA 1 REAL = +1 MINUTO | MELHOR LIVE DE MARVEL RIVALS | !PIX !ANALISE !FILA !PC,"['Português', 'humor', 'engraçado', 'DropsAtivados']",[],False
7,2025-03-25 20:46,beletz_,pt,Fortnite,SORTEIO PASSE DE BATALHA 🔥JOGANDO FORTNITE COM O CHAT ♡ USE O CODE: BELETZ🩵❗sub❗pix ❗code,"['portugues', 'fortnite', 'fortnitetrocacao', 'stream', 'Português', 'girlgamers']",[],False
7,2025-03-25 20:46,guisobrevivente_,pt,Minecraft,[CAPE] oi bora conversar ?,"['minecraft', 'guisobrevivente', 'tiktok', 'realista', 'shaders', 'construcao', 'conversa', 'amigavel', 'Português', 'RecompensasEspetadores']",[],False
7,2025-03-25 20:46,Dilascio_,pt,Marvel Rivals,(DROPS ON) O AMIGO DA VIZINHANÇA,"['Português', 'Competitivo', 'Conversa', 'top500', 'overwatch', 'English', 'DropsAtivados']",[],False
7,2025-03-25 20:46,vinny_smith3,pt,Just Chatting,E  a loucura vai continuar! Muita Doideira e GTA V nos aguardam senhoras e senhores!,['Português'],[],False
7,2025-03-25 20:46,MegeraBruna,pt,Minecraft,oi [+18] / !discord / !elo / !regras / !pix / !instagram/ !nick/ !Sorteio/ !clip/ !Sr /  !subathon,"['Português', 'valorant', 'gamergirl', 'fps', 'gamer', 'RecompensasEspetadores']",[],False
7,2025-03-25 20:46,mae_joga45,pt,Overwatch 2,(+18) 🎮 {DROPS ON} Vem ver oque meu mod esta aprontando com a 📷,"['Português', 'jogodeterror', 'jogofps', 'diversãogarantida', 'DropsAtivados']",[],False
7,2025-03-25 20:47,WiecGames,pt,Sea of Thieves,[🟢Drops ON🟢] Sea of Thieves - Jogando com a trip do barulho !comandos,"['Português', 'DropsAtivados']",[],False
7,2025-03-25 20:47,PatoPapao,pt,The Bazaar,Live 65 | debaza subindo de elo 🚀 | !pix !cronograma,['Português'],[],False
7,2025-03-25 20:47,SHSuperSonic,pt,Pokémon Trading Card Game,AGUARDANDO O TCGLIVE2 !!spab !sorteio !sub,"['trading', 'card', 'game', 'online', 'live', 'tcg', 'pokemon', 'rogue', 'meta', 'Brasil']",[],False
8,2025-03-26 00:02,beletz_,pt,Fortnite,SORTEIO PASSE DE BATALHA 🔥JOGANDO FORTNITE COM O CHAT ♡ USE O CODE: BELETZ🩵❗sub❗pix ❗code,"['portugues', 'fortnite', 'fortnitetrocacao', 'stream', 'Português', 'girlgamers']",[],False
8,2025-03-26 00:02,Lukitaagamer,pt,Assassin's Creed IV Black Flag,🔥AC CREED 4 BLACK FLAG: COMEÇO DE CAMPANHA ❗PRIME |❗LOJA |❗PIX | ❗SUB |,"['ação', 'Português', 'sorteio', 'residentevil4', 'residentevil4remake', 'residentevil', 'SurvivalHorror']",['MatureGame'],False
8,2025-03-26 00:02,iShadowWolf_,pt,It Takes Two,(+18) Livezinha Muito Doida!   ||   (❗comandos ❗metas ❗drops)   ||   (Epic Code: SHADOWOLF),['Português'],[],False
8,2025-03-26 00:02,LetizaTV,pt,VALORANT,Ad ad e pino | !pix,['Português'],[],False
8,2025-03-26 00:02,guisobrevivente_,pt,Minecraft,[CAPE] oi bora conversar ?,"['minecraft', 'guisobrevivente', 'tiktok', 'realista', 'shaders', 'construcao', 'conversa', 'amigavel', 'Português', 'RecompensasEspetadores']",[],False
8,2025-03-26 00:02,HWmalk,pt,Sea of Thieves,☕ DROPS OBSIDIANOS & CAFÉ ☕,"['Português', 'AMA', 'Brasil', 'RPG', 'música', 'Conversação', 'RockRoll', 'Ansiedade', 'Interativo', 'DropsAtivados']",[],False
8,2025-03-26 00:02,DaniLiu,pt,Overwatch 2,SUBATHON E COMEMORAÇÃO 5 ANOS DE LIVE❗cardápio❗regras ❗pix ❗redes ❗youtube ❗clip,"['Português', 'LGBT', 'Trans', 'DropsAtivados']",['ProfanityVulgarity'],False
8,2025-03-26 00:03,syndrel,pt,Dead by Daylight,"DBD KILLER, VEM PRA LIVEE","['Português', 'Drag', 'LGBT', 'Syndra', 'mid', 'texas', 'dbd', 'leagueoflegends', 'ADC', 'ADCARRY']",['MatureGame'],False
8,2025-03-26 00:03,MandyMess,pt,Dead by Daylight,VOLTEIIII❗sub❗pix❗insta,"['LGBT', 'DragQueen', 'Português']",['MatureGame'],False
9,2025-03-26 00:13,beletz_,pt,Fortnite,SORTEIO PASSE DE BATALHA 🔥JOGANDO FORTNITE COM O CHAT ♡ USE O CODE: BELETZ🩵❗sub❗pix ❗code,"['portugues', 'fortnite', 'fortnitetrocacao', 'stream', 'Português', 'girlgamers']",[],False
9,2025-03-26 00:13,Lukitaagamer,pt,Assassin's Creed IV Black Flag,🔥AC CREED 4 BLACK FLAG: COMEÇO DE CAMPANHA ❗PRIME |❗LOJA |❗PIX | ❗SUB |,"['ação', 'Português', 'sorteio', 'residentevil4', 'residentevil4remake', 'residentevil', 'SurvivalHorror']",['MatureGame'],False
9,2025-03-26 00:13,iShadowWolf_,pt,It Takes Two,(+18) Livezinha Muito Doida!   ||   (❗comandos ❗metas ❗drops)   ||   (Epic Code: SHADOWOLF),['Português'],[],False
9,2025-03-26 00:13,LetizaTV,pt,VALORANT,Ad ad e pino | !pix,['Português'],[],False
9,2025-03-26 00:13,guisobrevivente_,pt,Minecraft,[CAPE] oi bora conversar ?,"['minecraft', 'guisobrevivente', 'tiktok', 'realista', 'shaders', 'construcao', 'conversa', 'amigavel', 'Português', 'RecompensasEspetadores']",[],False
9,2025-03-26 00:13,annadeneve,pt,Marvel Rivals,[DROPS ON] esquece futebol mano hoje tem marvel ♡ !clip !pix !discord !comandos,"['Mulher', 'bonita', 'engraçada', 'Português', 'ConversandoComOChat', 'DropsAtivados']",[],False
9,2025-03-26 00:13,geofinho,pt,Anomaly Exit,"Luz caiu, voltei - Análise de times/EVOS- PT/ENG | !livepix",['Português'],[],False
9,2025-03-26 00:13,Peu_MC,pt,Sports,COMENTANDO SOBRE O BRASA + APOSTAS   !leon !coins !trade,"['batalha', 'batalhaderima', 'BATALHADAALDEIA', 'Rap', 'fifa', 'ultimateteam', 'Futebol', 'Português', 'EASPORTSFIFA', 'eafc25']",[],False
9,2025-03-26 00:13,JanjaoMachado,pt,EA Sports FC 25,"💥APAGAR O VEXAME DE ONTEM, NÉ?! CHAMEGAAAA, PAPAI!!","['eafc25', 'adolfz', 'paivinha29', 'fifenzo', 'WENDELLLIRA', 'pelegrino1993', 'sharkmacedo', 'Português', 'eafc25ultimateteam']",[],False
10,2025-03-26 00:25,beletz_,pt,Fortnite,SORTEIO PASSE DE BATALHA 🔥JOGANDO FORTNITE COM O CHAT ♡ USE O CODE: BELETZ🩵❗sub❗pix ❗code,"['portugues', 'fortnite', 'fortnitetrocacao', 'stream', 'Português', 'girlgamers']",[],False
10,2025-03-26 00:25,Lukitaagamer,pt,Assassin's Creed IV Black Flag,🔥AC CREED 4 BLACK FLAG: COMEÇO DE CAMPANHA ❗PRIME |❗LOJA |❗PIX | ❗SUB |,"['ação', 'Português', 'sorteio', 'residentevil4', 'residentevil4remake', 'residentevil', 'SurvivalHorror']",['MatureGame'],False
10,2025-03-26 00:25,iShadowWolf_,pt,It Takes Two,(+18) Livezinha Muito Doida!   ||   (❗comandos ❗metas ❗drops)   ||   (Epic Code: SHADOWOLF),['Português'],[],False
10,2025-03-26 00:25,LetizaTV,pt,VALORANT,Ad ad e pino | !pix,['Português'],[],False
10,2025-03-26 00:25,guisobrevivente_,pt,Minecraft,[CAPE] oi bora conversar ?,"['minecraft', 'guisobrevivente', 'tiktok', 'realista', 'shaders', 'construcao', 'conversa', 'amigavel', 'Português', 'RecompensasEspetadores']",[],False
10,2025-03-26 00:25,annadeneve,pt,R.E.P.O.,[DROPS ON] esquece futebol mano hoje tem marvel ♡ !clip !pix !discord !comandos,"['Mulher', 'bonita', 'engraçada', 'Português', 'ConversandoComOChat']",[],False
10,2025-03-26 00:25,will1zeraTV,pt,Counter-Strike,AO VIVO FPL SA  !projetinho !grupo !mira !res !sensi !viewmodel,['Português'],['MatureGame'],False
10,2025-03-26 00:25,torrefps,pt,Counter-Strike,🔥Assistindo pov e depois ranked🔥!sorteio !livepix,['Português'],['MatureGame'],False
10,2025-03-26 00:25,dokfps,pt,Counter-Strike,FPL FPL,"['Português', 'faceit']",['MatureGame'],False
11,2025-03-26 00:37,beletz_,pt,Fortnite,SORTEIO PASSE DE BATALHA 🔥JOGANDO FORTNITE COM O CHAT ♡ USE O CODE: BELETZ🩵❗sub❗pix ❗code,"['portugues', 'fortnite', 'fortnitetrocacao', 'stream', 'Português', 'girlgamers']",[],False
11,2025-03-26 00:37,Lukitaagamer,pt,Assassin's Creed IV Black Flag,🔥AC CREED 4 BLACK FLAG: COMEÇO DE CAMPANHA ❗PRIME |❗LOJA |❗PIX | ❗SUB |,"['ação', 'Português', 'sorteio', 'residentevil4', 'residentevil4remake', 'residentevil', 'SurvivalHorror']",['MatureGame'],False
11,2025-03-26 00:37,iShadowWolf_,pt,It Takes Two,(+18) Livezinha Muito Doida!   ||   (❗comandos ❗metas ❗drops)   ||   (Epic Code: SHADOWOLF),['Português'],[],False
11,2025-03-26 00:37,guisobrevivente_,pt,Minecraft,[CAPE] oi bora conversar ?,"['minecraft', 'guisobrevivente', 'tiktok', 'realista', 'shaders', 'construcao', 'conversa', 'amigavel', 'Português', 'RecompensasEspetadores']",[],False
11,2025-03-26 00:37,annadeneve,pt,R.E.P.O.,[DROPS ON] esquece futebol mano hoje tem marvel ♡ !clip !pix !discord !comandos,"['Mulher', 'bonita', 'engraçada', 'Português', 'ConversandoComOChat']",[],False
11,2025-03-26 00:37,LetizaTV,pt,VALORANT,Ad ad e pino | !pix,['Português'],[],False
11,2025-03-26 00:37,peachy_yumi,pt,Overwatch 2,!DROPS - mestre sup 🍑 boa noite vamos subir de elor? ⛩️ !campeachy dia 12/04,"['OW2LeSserafim', 'OW2Season15', 'OverwatchCreator', 'OW2Brasil', 'Português', 'English', 'DropsAtivados']",[],False
11,2025-03-26 00:37,melied,pt,VALORANT,live curta só pra mostrar que eu to viva | !bnet,['Português'],[],False
11,2025-03-26 00:37,scaryume,pt,VALORANT,oiii - ajudem o !shiro pf,"['conversa', 'competitivo', 'react', 'mulher', 'rock', 'musica', 'Caridade', 'emo', 'Português', 'subathon']",[],True
12,2025-03-26 00:45,beletz_,pt,Fortnite,SORTEIO PASSE DE BATALHA 🔥JOGANDO FORTNITE COM O CHAT ♡ USE O CODE: BELETZ🩵❗sub❗pix ❗code,"['portugues', 'fortnite', 'fortnitetrocacao', 'stream', 'Português', 'girlgamers']",[],False
12,2025-03-26 00:45,Lukitaagamer,pt,Assassin's Creed IV Black Flag,🔥AC CREED 4 BLACK FLAG: COMEÇO DE CAMPANHA ❗PRIME |❗LOJA |❗PIX | ❗SUB |,"['ação', 'Português', 'sorteio', 'residentevil4', 'residentevil4remake', 'residentevil', 'SurvivalHorror']",['MatureGame'],False
12,2025-03-26 00:45,iShadowWolf_,pt,It Takes Two,(+18) Livezinha Muito Doida!   ||   (❗comandos ❗metas ❗drops)   ||   (Epic Code: SHADOWOLF),['Português'],[],False
12,2025-03-26 00:45,annadeneve,pt,R.E.P.O.,[DROPS ON] esquece futebol mano hoje tem marvel ♡ !clip !pix !discord !comandos,"['Mulher', 'bonita', 'engraçada', 'Português', 'ConversandoComOChat']",[],False
12,2025-03-26 00:45,LetizaTV,pt,VALORANT,Ad ad e pino | !pix,['Português'],[],False
12,2025-03-26 00:46,museblossom,pt,Fortnite,Oii :)❗discord❗pix ❗fort ❗jogar ❗epic ❗redes,"['fortnite', 'girl', 'menina', 'mulher', 'jogar', 'overwatch', 'portugues', 'brasileira', 'latina', 'mercy']",[],False
12,2025-03-26 00:46,txgiovani10,pt,Paladins,Rerun: Tamo de volta (!Loja) - Paladins,['Português'],[],False
12,2025-03-26 00:46,kensou1709,es,Paladins,Rankeds NA,['Español'],[],False
12,2025-03-26 00:46,Riyuuka,pt,Assassin's Creed Shadows,♡ (DROPs) Rankeds e Assassins ♡ REDES: @riyuuka ♡ ~!hoje ~!loki ~!calendario,"['Português', 'DroppsEnabled', 'DropsAtivados']","['MatureGame', 'ProfanityVulgarity']",False
13,2025-03-26 04:03,iShadowWolf_,pt,Fortnite,(+18) Livezinha Muito Doida!   ||   (❗comandos ❗metas ❗drops)   ||   (Epic Code: SHADOWOLF),['Português'],[],False
13,2025-03-26 04:03,LetizaTV,pt,VALORANT,Ad ad e pino | !pix,['Português'],[],False
13,2025-03-26 04:03,Cooruja,pt,Overwatch 2,[ !DROP Faster] 5 Lootbox free! !Sorteio LESSERAFIM e !LendariaFree !eternus !Passefree,"['Autismo', 'TDAH', 'SafeSpace', 'Pai', 'Overwatch', 'Português', '4fun', 'OW2Season15', 'OW2Brasil', 'DropsAtivados']",[],False
13,2025-03-26 04:03,iMarianaPit,pt,Grand Theft Auto V,"[ +18 ] PLF + LADO LESTE ❗️ 00 DA ALEMANHA, !cidade !pix !sub !codiguin","['English', 'girlgamers', 'ＧTA5', 'Português', 'fivem', 'Alemanha', 'LadoLesteRP', 'ladolesteroleplay', 'ladolestept2', 'tropadaalemanha']",['MatureGame'],False
13,2025-03-26 04:03,museblossom,pt,Fortnite,Oii :)❗discord❗pix ❗fort ❗jogar ❗epic ❗redes,"['fortnite', 'girl', 'menina', 'mulher', 'jogar', 'overwatch', 'portugues', 'brasileira', 'latina', 'mercy']",[],False
13,2025-03-26 04:03,Jvnq,pt,Grand Theft Auto V,CDANJOS para virar fazendeiro | JVNQ [76ª Live],"['Português', 'jvnq', 'cdanjos']",['MatureGame'],False
13,2025-03-26 04:04,Fifandrade,pt,EA Sports FC 25,4 PPs de ICON E PACK DE 525K EM BUSCA DO R9 + KANE DO EVENTO NO RIVALS! !donate1 !donate2 !coins !sub !pix,"['Português', 'eaesports', 'EAFC', 'eafc25', 'ultimateteam', 'fc25', 'fc25gameplay']",[],False
13,2025-03-26 04:04,omoreira01,pt,Grand Theft Auto V,DIA DE GUERRA - LA SETIMA,['Português'],['MatureGame'],False
13,2025-03-26 04:04,donkgord0,pt,Counter-Strike,🕺🏻💪🏻😎🦜+18 COSTAS/BICEPS +30MIN BIKE @ckzao ONLINE❗RAINGG  🤪 !!❗neshastore  ❗gamearena❗csgoskins,"['CSGO', 'FPS', 'GAMERSCLUB', 'GC', 'LVL20', 'Português', 'lol', 'leagueoflegends', 'moba']",['MatureGame'],False
14,2025-03-26 04:11,iShadowWolf_,pt,Fortnite,(+18) Livezinha Muito Doida!   ||   (❗comandos ❗metas ❗drops)   ||   (Epic Code: SHADOWOLF),['Português'],[],False
14,2025-03-26 04:11,LetizaTV,pt,VALORANT,Ad ad e pino | !pix,['Português'],[],False
14,2025-03-26 04:11,Cooruja,pt,Overwatch 2,[ !DROP Faster] 5 Lootbox free! !Sorteio LESSERAFIM e !LendariaFree !eternus !Passefree,"['Autismo', 'TDAH', 'SafeSpace', 'Pai', 'Overwatch', 'Português', '4fun', 'OW2Season15', 'OW2Brasil', 'DropsAtivados']",[],False
14,2025-03-26 04:11,museblossom,pt,Fortnite,Oii :)❗discord❗pix ❗fort ❗jogar ❗epic ❗redes,"['fortnite', 'girl', 'menina', 'mulher', 'jogar', 'overwatch', 'portugues', 'brasileira', 'latina', 'mercy']",[],False
14,2025-03-26 04:11,Jvnq,pt,Grand Theft Auto V,CDANJOS para virar fazendeiro | JVNQ [76ª Live],"['Português', 'jvnq', 'cdanjos']",['MatureGame'],False
14,2025-03-26 04:11,EiMine24h,pt,Minecraft,✅ RECOMPENSAS ON! | ⭐ SEJA RÁPIDO E GANHE UMA CAPA DE GRAÇA: !CAPA | 💘 INSTAGRAM: @EIMINE77 | !ajuda !rerun !subgratis !loja,"['Português', 'Minecraft', 'EiMine', 'RecompensasEspetadores']",[],False
14,2025-03-26 04:12,looud_coringa_,pt,Just Chatting,E PACIENCIA E PACIENCIA NE MEU FI @loud_coringa,"['loudcoringa', 'LOUD', 'coringaloud', 'paulinhooloko', 'ocastrin', 'alanzoka', 'GTARP', 'metropole', 'metropolegg', 'Gabepeixe']",[],False
14,2025-03-26 04:12,Pedrodbr,pt,LEGO Pirates of the Caribbean: The Video Game,"🔳 MADRUGADA PRA FICAR CHILL 🔳 DBR ESTÁ ON 🔳 JOGOS, REACT E GIRINOS 🔳 [@Pedrodbr]","['English', 'Pedrodbr', 'DBR', 'Português', '7tv']",[],False
14,2025-03-26 04:12,Uma_famiilia_da_pesada_tv,pt,Just Chatting,🟣! (REACT ) Uma da   🟣 Melhor Qualidade  🟣  ULTRA HD 🟣 !pix 🟣 !canais,['Português'],['ProfanityVulgarity'],False
15,2025-03-26 04:22,iShadowWolf_,pt,Fortnite,(+18) Livezinha Muito Doida!   ||   (❗comandos ❗metas ❗drops)   ||   (Epic Code: SHADOWOLF),['Português'],[],False
15,2025-03-26 04:22,LetizaTV,pt,VALORANT,Ad ad e pino | !pix,['Português'],[],False
15,2025-03-26 04:22,Cooruja,pt,Overwatch 2,[ !DROP Faster] 5 Lootbox free! !Sorteio LESSERAFIM e !LendariaFree !eternus !Passefree,"['Autismo', 'TDAH', 'SafeSpace', 'Pai', 'Overwatch', 'Português', '4fun', 'OW2Season15', 'OW2Brasil', 'DropsAtivados']",[],False
15,2025-03-26 04:22,museblossom,pt,Fortnite,Oii :)❗discord❗pix ❗fort ❗jogar ❗epic ❗redes,"['fortnite', 'girl', 'menina', 'mulher', 'jogar', 'overwatch', 'portugues', 'brasileira', 'latina', 'mercy']",[],False
15,2025-03-26 04:22,EiMine24h,pt,Minecraft,✅ RECOMPENSAS ON! | ⭐ SEJA RÁPIDO E GANHE UMA CAPA DE GRAÇA: !CAPA | 💘 INSTAGRAM: @EIMINE77 | !ajuda !rerun !subgratis !loja,"['Português', 'Minecraft', 'EiMine', 'RecompensasEspetadores']",[],False
15,2025-03-26 04:22,Jvnq,pt,Grand Theft Auto V,CDANJOS para virar fazendeiro | JVNQ [76ª Live],"['Português', 'jvnq', 'cdanjos']",['MatureGame'],False
15,2025-03-26 04:22,estrelarp,pt,Grand Theft Auto V,+18 FIVEM - LADOLESTE RP❗️Privacy❗️Discord ❗️Comandos ❗️Cidade - Vamos pro ZARALHO! Vem que tem CODIGUINHO ON,['Português'],['MatureGame'],True
15,2025-03-26 04:23,jacarepereira,pt,Grand Theft Auto V,"+18 GTARP [CAPITAL] Mano a Mano  pra mim é esporte""",['Português'],['MatureGame'],False
15,2025-03-26 04:23,BiaTsuuki,pt,Grand Theft Auto V,rs - GERENTE DA FRANÇA 🇫🇷🔥/ !sub / Redes Sociais: @biatsuuki,['Português'],['MatureGame'],False
16,2025-03-26 04:34,iShadowWolf_,pt,Fortnite,(+18) Livezinha Muito Doida!   ||   (❗comandos ❗metas ❗drops)   ||   (Epic Code: SHADOWOLF),['Português'],[],False
16,2025-03-26 04:34,LetizaTV,pt,VALORANT,Ad ad e pino | !pix,['Português'],[],False
16,2025-03-26 04:34,Cooruja,pt,Overwatch 2,[ !DROP Faster] 5 Lootbox free! !Sorteio LESSERAFIM e !LendariaFree !eternus !Passefree,"['Autismo', 'TDAH', 'SafeSpace', 'Pai', 'Overwatch', 'Português', '4fun', 'OW2Season15', 'OW2Brasil', 'DropsAtivados']",[],False
16,2025-03-26 04:34,museblossom,pt,Fortnite,Oii :)❗discord❗pix ❗fort ❗jogar ❗epic ❗redes,"['fortnite', 'girl', 'menina', 'mulher', 'jogar', 'overwatch', 'portugues', 'brasileira', 'latina', 'mercy']",[],False
16,2025-03-26 04:34,Jvnq,pt,Grand Theft Auto V,CDANJOS para virar fazendeiro | JVNQ [76ª Live],"['Português', 'jvnq', 'cdanjos']",['MatureGame'],False
16,2025-03-26 04:34,EiMine24h,pt,Minecraft,✅ RECOMPENSAS ON! | ⭐ SEJA RÁPIDO E GANHE UMA CAPA DE GRAÇA: !CAPA | 💘 INSTAGRAM: @EIMINE77 | !ajuda !rerun !subgratis !loja,"['Português', 'Minecraft', 'EiMine', 'RecompensasEspetadores']",[],False
16,2025-03-26 04:34,22minha,pt,Call of Duty: Warzone,Boa noite! ♥  !comandos !pix  ♥,"['Português', 'Mulher', 'Brasil', 'calldofduty', 'fps', 'BR', 'girl', 'divertido', 'Jaguatirica', 'TeenGamer']",['MatureGame'],False
16,2025-03-26 04:35,FurySeiva,pt,Robin Hood: Sherwood Builders,🔥🎮 Terça! Testando Joguinhos!!! # o/ | @furyseiva 🎮🔥,"['eua', 'portugal', 'Brasil', 'aconchegante', 'Indie', 'primeiravez', 'fortnite', 'frontpage', 'Português']",['MatureGame'],False
16,2025-03-26 04:35,Burningameplay,pt,Call of Duty: Warzone,Novas Metas no Canal - Resenha na Madrugada - Ação Aventura - Fps  !pix !donate !sr  Pix com IA,"['Português', 'ação', 'Aventura', 'fps', 'cod', 'warzone', 'calldofduty']",['MatureGame'],True
17,2025-03-26 08:02,iShadowWolf_,pt,Fortnite,(+18) Livezinha Muito Doida!   ||   (❗comandos ❗metas ❗drops)   ||   (Epic Code: SHADOWOLF),['Português'],[],False
17,2025-03-26 08:02,DexterHQ,pt,Minecraft,>>DROP CAPA- HARDCORE 1.21.4 8100+ DIAS SEM TOTEM !capa !codigo !tiktok !insta,"['hardcore', 'hardmode', 'sobrevivencia', 'semtotem', 'construir', 'Farming', 'Português', 'minecraft', 'EventosEspeciales', 'minecraftlive']",[],False
17,2025-03-26 08:02,miguelitodoarrocha,pt,EA Sports FC 25,💥packs e Rivais em busca dos 35 pontos  - bem vindos a live do Miguelito Do Arrocha,"['Português', 'Portugal', 'Competitivo', 'resenha', 'Resenhando', 'ultimateteam', 'fifa', 'EAFC', 'eafc25', 'eafcsports']",[],False
17,2025-03-26 08:02,LetizaTV,pt,VALORANT,Ad ad e pino | !pix,['Português'],[],False
17,2025-03-26 08:02,Cooruja,pt,Overwatch 2,[ !DROP Faster] 5 Lootbox free! !Sorteio LESSERAFIM e !LendariaFree !eternus !Passefree,"['Autismo', 'TDAH', 'SafeSpace', 'Pai', 'Overwatch', 'Português', '4fun', 'OW2Season15', 'OW2Brasil', 'DropsAtivados']",[],False
17,2025-03-26 08:02,EiMine77,pt,Minecraft,✅ RECOMPENSAS ON! | ⭐ SEJA RÁPIDO E GANHE UMA CAPA DE GRAÇA: !CAPA | 💘 INSTAGRAM: @EIMINE77 | !ajuda !rerun !sub !subgratis !loja,"['Minecraft', 'EiMine', 'Português', 'RecompensasEspetadores']",[],False
17,2025-03-26 08:03,Neves_o_Loko,pt,Fortnite,+🔞[PT-BR]🔴Live On Fortnite Sorteio!🔴Vem assistir e jogar👋🏼  [Novos Emotes]❗TIKTOK❗INSTA,"['tiros', 'Playstaion5', 'Português', 'ConversandoComOChat', 'jogandocomochat', 'skins', 'ＦＯＲＴＮＩＴＥ', 'phsmophobia', 'VALORONAT', 'theforest']",['ProfanityVulgarity'],False
17,2025-03-26 08:03,sam_xtreme,pt,Just Chatting,⚡ O Subathon tá ON e a diversão tá só começando! Vem jogar e se divertir comigo. !Discord !Pix !Social !Sr,['Português'],[],False
17,2025-03-26 08:03,Spicinho,pt,Fortnite,aopa | !bits CODE SPICINHO #ad,"['Português', 'Pimenta', 'pngtuber', 'PNGtuberBR', 'daredrop', 'Vtuber', 'VtuberBR', 'keymailer', 'lurkit']",['ProfanityVulgarity'],False
18,2025-03-26 08:14,iShadowWolf_,pt,Fortnite,(+18) Livezinha Muito Doida!   ||   (❗comandos ❗metas ❗drops)   ||   (Epic Code: SHADOWOLF),['Português'],[],False
18,2025-03-26 08:14,Xerekiss,pt,Marvel Rivals,[DROP ON] BORA DE LORDE DE MIRANHA? | RESGATE ITENS ASSISTINDO A LIVE (❗loja) | CODE: XEREKISS #ad,"['Português', 'Brasil', 'fps', 'Fortnite', 'Portugal', 'battleroyale', 'DropsAtivados']",[],False
18,2025-03-26 08:14,miguelitodoarrocha,pt,EA Sports FC 25,💥packs e Rivais em busca dos 35 pontos  - bem vindos a live do Miguelito Do Arrocha,"['Português', 'Portugal', 'Competitivo', 'resenha', 'Resenhando', 'ultimateteam', 'fifa', 'EAFC', 'eafc25', 'eafcsports']",[],False
18,2025-03-26 08:14,LenaleTV,pt,Ravendawn,[✅DROPS]FIGHTER MEELE 86|BS 64|META: Journal 100%|,"['Português', 'DropsAtivados']",[],False
18,2025-03-26 08:14,aatonz,pt,Sea of Thieves,🟢🟡DROPS ON🟡🟢Todos os Drops meia hora antes!!Somente pra quem chegar 30 minutos mais cedo!! E ATUALIZAÇÃO S15.2 vem AMANHÃ!!! BOM DIA!!,"['casual', 'engraçado', 'pirata', 'English', 'Português', 'Yoda', 'Gaules', 'LigadoJorel', 'giveaway', 'DropsAtivados']",[],False
18,2025-03-26 08:14,DexterHQ,pt,Minecraft,>>DROP CAPA- HARDCORE 1.21.4 8100+ DIAS SEM TOTEM !capa !codigo !tiktok !insta,"['hardcore', 'hardmode', 'sobrevivencia', 'semtotem', 'construir', 'Farming', 'Português', 'minecraft', 'EventosEspeciales', 'minecraftlive']",[],False
18,2025-03-26 08:14,EdigasZ,pt,Marvel Rivals,GRIND ONE ABOVE ALL | !tiktok !youtube,"['Português', 'DropsAtivados']",[],False
18,2025-03-26 08:14,crozaoo,pt,The First Berserker: Khazan,RADIO AUTOBOTS (VAMOS RODAR),"['cross', 'gameplay', 'Português', 'podcast', 'entretenimento', 'portugal', 'Futebol', 'podcast', 'consoles', 'cardgames']",['MatureGame'],False
18,2025-03-26 08:14,cisinha,pt,VALORANT,"VOLTEI, PARECE QUE EU NEM FUI","['mulher', 'animada', 'Português', 'valorant']",['ProfanityVulgarity'],False
19,2025-03-26 08:23,iShadowWolf_,pt,Fortnite,(+18) Livezinha Muito Doida!   ||   (❗comandos ❗metas ❗drops)   ||   (Epic Code: SHADOWOLF),['Português'],[],False
19,2025-03-26 08:23,aatonz,pt,Sea of Thieves,🟢🟡DROPS ON🟡🟢Todos os Drops meia hora antes!!Somente pra quem chegar 30 minutos mais cedo!! E ATUALIZAÇÃO S15.2 vem AMANHÃ!!! BOM DIA!!,"['casual', 'engraçado', 'pirata', 'English', 'Português', 'Yoda', 'Gaules', 'LigadoJorel', 'giveaway', 'DropsAtivados']",[],False
19,2025-03-26 08:23,Xerekiss,pt,Marvel Rivals,[DROP ON] BORA DE LORDE DE MIRANHA? | RESGATE ITENS ASSISTINDO A LIVE (❗loja) | CODE: XEREKISS #ad,"['Português', 'Brasil', 'fps', 'Fortnite', 'Portugal', 'battleroyale', 'DropsAtivados']",[],False
19,2025-03-26 08:23,Cooruja,pt,Overwatch 2,[ !DROP Faster] 5 Lootbox free! !Sorteio LESSERAFIM e !LendariaFree !eternus !Passefree,"['Autismo', 'TDAH', 'SafeSpace', 'Pai', 'Overwatch', 'Português', '4fun', 'OW2Season15', 'OW2Brasil', 'DropsAtivados']",[],False
19,2025-03-26 08:24,miguelitodoarrocha,pt,EA Sports FC 25,💥packs e Rivais em busca dos 35 pontos  - bem vindos a live do Miguelito Do Arrocha,"['Português', 'Portugal', 'Competitivo', 'resenha', 'Resenhando', 'ultimateteam', 'fifa', 'EAFC', 'eafc25', 'eafcsports']",[],False
19,2025-03-26 08:24,LetizaTV,pt,VALORANT,Ad ad e pino | !pix,['Português'],[],False
19,2025-03-26 08:24,duffyfps,pt,Counter-Strike,EU VOLTEI! lives de segunda a sexta ás 8hrs,"['duffy', 'los', 'LosGrandes', 'CS2', 'Português']",['MatureGame'],False
19,2025-03-26 08:24,XISTERAfps,pt,Counter-Strike,F BRASIL =( VEM COM O PAPAI MAIS DAORA DA TWITCH! ENCOSTA MINHA TROPA. ❗APOSTAGANHA❗GGDROP❗NeshaStore ❗FORCEDROP,"['Português', 'counterstrike']",['MatureGame'],False
19,2025-03-26 08:24,s1nistru,pt,Counter-Strike,UM MERO MORTAL SEM AUXILIARES BUSCANDO O TOP1 PREMMIER !skinsvip,['Português'],['MatureGame'],False
20,2025-03-26 12:02,aatonz,pt,Sea of Thieves,🟢🟡DROPS ON🟡🟢Todos os Drops meia hora antes!!Somente pra quem chegar 30 minutos mais cedo!! E ATUALIZAÇÃO S15.2 vem AMANHÃ!!! BOM DIA!!,"['casual', 'engraçado', 'pirata', 'English', 'Português', 'Yoda', 'Gaules', 'LigadoJorel', 'giveaway', 'DropsAtivados']",[],False
20,2025-03-26 12:02,Cooruja,pt,Overwatch 2,[ !DROP Faster] 5 Lootbox free! !Sorteio LESSERAFIM e !LendariaFree !eternus !Passefree,"['Autismo', 'TDAH', 'SafeSpace', 'Pai', 'Overwatch', 'Português', '4fun', 'OW2Season15', 'OW2Brasil', 'DropsAtivados']",[],False
20,2025-03-26 12:02,brenotheodoro,pt,Counter-Strike,LOJINHA RENOVADA!!! SORTEIO > 4 FACAS | Sorteio basta interajar | !livepix | !csgoskins | !msg | !loja | !strive | !kaspersky,"['Português', 'CS2', 'fps']",['MatureGame'],False
20,2025-03-26 12:02,BichoBruto,pt,Minecraft,Em busca do time perfeito - Servidor de cobblemon do @danriquetw,"['ama', 'interagindo', 'epic', 'historic', 'curiosidade', 'retro', 'rpg', 'tdah', 'fps', 'Português']",[],False
20,2025-03-26 12:03,EiMine77,pt,Minecraft,✅ RECOMPENSAS ON! | ⭐ SEJA RÁPIDO E GANHE UMA CAPA DE GRAÇA: !CAPA | 💘 INSTAGRAM: @EIMINE77 | !ajuda !rerun !sub !subgratis !loja,"['Minecraft', 'EiMine', 'Português', 'RecompensasEspetadores']",[],False
20,2025-03-26 12:03,Nivyzera,pt,VALORANT,"Imortal - 100 bits ou R$10,00 = Nome no rosto !  Siga @nivyzera nas redes sociais❗️noping ❗️sociais ❗️pix","['Português', 'Conversação', 'Mulher', 'Ranked', 'VALORANＴ']",[],False
20,2025-03-26 12:03,Edi_sccp,pt,Fortnite,+18 Bom dia bora bora._.,['Português'],[],False
20,2025-03-26 12:03,Gojoouzin,pt,Fortnite,"🔥 Gojolas on família, bora playzinhas? 🔥 | ❗pix","['Português', 'Fortnite', 'ZeroBuild', 'jogandocomochat', 'surreal', 'marvelrivals']",[],False
20,2025-03-26 12:03,Soneca720x1080,pt,Fortnite,🔴AO VIVO🔴 TAMOS EM GUERRA MAN @oclenis 💀 FORTNITE ZB +18 @1PriVaz16_ 🤤,"['FortniteRanked', 'Português', 'Fortnite', 'ＦＯＲＴＮＩＴＥ', 'reloadzerobuild', 'Trocação', 'reloadfortnite', 'JogarComEspetadores', 'jogandocomochat']",[],False
21,2025-03-26 12:11,aatonz,pt,Sea of Thieves,🟢🟡DROPS ON🟡🟢Todos os Drops meia hora antes!!Somente pra quem chegar 30 minutos mais cedo!! E ATUALIZAÇÃO S15.2 vem AMANHÃ!!! BOM DIA!!,"['casual', 'engraçado', 'pirata', 'English', 'Português', 'Yoda', 'Gaules', 'LigadoJorel', 'giveaway', 'DropsAtivados']",[],False
21,2025-03-26 12:12,Cooruja,pt,Overwatch 2,[ !DROP Faster] 5 Lootbox free! !Sorteio LESSERAFIM e !LendariaFree !eternus !Passefree,"['Autismo', 'TDAH', 'SafeSpace', 'Pai', 'Overwatch', 'Português', '4fun', 'OW2Season15', 'OW2Brasil', 'DropsAtivados']",[],False
21,2025-03-26 12:12,brenotheodoro,pt,Counter-Strike,LOJINHA RENOVADA!!! SORTEIO > 4 FACAS | Sorteio basta interajar | !livepix | !csgoskins | !msg | !loja | !strive | !kaspersky,"['Português', 'CS2', 'fps']",['MatureGame'],False
21,2025-03-26 12:12,BichoBruto,pt,Minecraft,Em busca do time perfeito - Servidor de cobblemon do @danriquetw,"['ama', 'interagindo', 'epic', 'historic', 'curiosidade', 'retro', 'rpg', 'tdah', 'fps', 'Português']",[],False
21,2025-03-26 12:12,EiMine77,pt,Minecraft,✅ RECOMPENSAS ON! | ⭐ SEJA RÁPIDO E GANHE UMA CAPA DE GRAÇA: !CAPA | 💘 INSTAGRAM: @EIMINE77 | !ajuda !rerun !sub !subgratis !loja,"['Minecraft', 'EiMine', 'Português', 'RecompensasEspetadores']",[],False
21,2025-03-26 12:12,Nivyzera,pt,VALORANT,"Imortal - 100 bits ou R$10,00 = Nome no rosto !  Siga @nivyzera nas redes sociais❗️noping ❗️sociais ❗️pix","['Português', 'Conversação', 'Mulher', 'Ranked', 'VALORANＴ']",[],False
21,2025-03-26 12:12,yaasdishavaofc,pt,Grand Theft Auto V,Sessao da tarde !,"['GTARPLIVE', 'cpx', 'capitalcity', 'LadoLesteRP', 'ptbr', 'fivem', 'Português', 'desempregada', 'Desempregado', 'metropolegg']",['MatureGame'],False
21,2025-03-26 12:12,Benvinda,pt,Grand Theft Auto V,Olá tudo bem ?  ❗️Pix❗️Sociais ❗️Biascuit ❗️Complexo ❗️Youtube,"['Português', 'RS', 'holidayhoopla', 'BENVINDA', 'react', 'girl', 'games']",['MatureGame'],False
21,2025-03-26 12:12,CarlitoP1_,pt,Grand Theft Auto V,[CDA] SPEED EM QRV! Acompanhas pelo CIDADE ALTA -> Siga @carlitop1_,"['Português', 'CIDADEALTA', 'METROPOLE', 'GTARP', 'FIVEM', 'CarlitoP1', 'INTERCEPTOR', 'SPEED']",['MatureGame'],False
22,2025-03-26 12:21,aatonz,pt,Sea of Thieves,🟢🟡DROPS ON🟡🟢Todos os Drops meia hora antes!!Somente pra quem chegar 30 minutos mais cedo!! E ATUALIZAÇÃO S15.2 vem AMANHÃ!!! BOM DIA!!,"['casual', 'engraçado', 'pirata', 'English', 'Português', 'Yoda', 'Gaules', 'LigadoJorel', 'giveaway', 'DropsAtivados']",[],False
22,2025-03-26 12:21,brenotheodoro,pt,Counter-Strike,LOJINHA RENOVADA!!! SORTEIO > 4 FACAS | Sorteio basta interajar | !livepix | !csgoskins | !msg | !loja | !strive | !kaspersky,"['Português', 'CS2', 'fps']",['MatureGame'],False
22,2025-03-26 12:22,BichoBruto,pt,Minecraft,Em busca do time perfeito - Servidor de cobblemon do @danriquetw,"['ama', 'interagindo', 'epic', 'historic', 'curiosidade', 'retro', 'rpg', 'tdah', 'fps', 'Português']",[],False
22,2025-03-26 12:22,Nivyzera,pt,VALORANT,"Imortal - 100 bits ou R$10,00 = Nome no rosto !  Siga @nivyzera nas redes sociais❗️noping ❗️sociais ❗️pix","['Português', 'Conversação', 'Mulher', 'Ranked', 'VALORANＴ']",[],False
22,2025-03-26 12:22,EiMine77,pt,Minecraft,✅ RECOMPENSAS ON! | ⭐ SEJA RÁPIDO E GANHE UMA CAPA DE GRAÇA: !CAPA | 💘 INSTAGRAM: @EIMINE77 | !ajuda !rerun !sub !subgratis !loja,"['Minecraft', 'EiMine', 'Português', 'RecompensasEspetadores']",[],False
22,2025-03-26 12:22,CORALtv_,pt,Fortnite,SORTEIO NOVO PASSE OG PRA VCS ❤️  RESGATE ITENS NA !LOJA ✨ USE CODE: COORAL #AD ✨ !RESGATE,"['Português', 'Fortnite', 'sorteio', 'VbucksGrátis', 'sorteios', 'vbucks', 'jogandocomespectadores']",[],False
22,2025-03-26 12:22,TioPedroJoga,pt,EA Sports FC 25,"EM BUSCA DA PRIMEIRA DIVISÃO, MATA-MATA, FARM DO GULLIT, HYPE DAS 15 E MUITO MAIS !cliente !coins !camiseta",['Português'],[],False
22,2025-03-26 12:22,MGW_FC,pt,EA Sports FC 25,"JOGAMOS NA SUA CONTA , CHAMAAAA! !pix !grupo !trade",['Português'],[],False
22,2025-03-26 12:22,paivinha29,pt,EA Sports FC 25,EVO DO RONALDO NO BRASFUT+ CHUVA D ICONS EM BUSCA DOS BR ELITE+ HYPE  !CURSO  !COINS  !TRUST  !TRADE,"['Português', 'paivinha29', 'Futebol', 'entretenimiento']",[],False
23,2025-03-26 12:29,Nivyzera,pt,VALORANT,"Imortal - 100 bits ou R$10,00 = Nome no rosto !  Siga @nivyzera nas redes sociais❗️noping ❗️sociais ❗️pix","['Português', 'Conversação', 'Mulher', 'Ranked', 'VALORANＴ']",[],False
23,2025-03-26 12:29,aatonz,pt,Sea of Thieves,🟢🟡DROPS ON🟡🟢Todos os Drops meia hora antes!!Somente pra quem chegar 30 minutos mais cedo!! E ATUALIZAÇÃO S15.2 vem AMANHÃ!!! BOM DIA!!,"['casual', 'engraçado', 'pirata', 'English', 'Português', 'Yoda', 'Gaules', 'LigadoJorel', 'giveaway', 'DropsAtivados']",[],False
23,2025-03-26 12:29,brenotheodoro,pt,Counter-Strike,LOJINHA RENOVADA!!! SORTEIO > 4 FACAS | Sorteio basta interajar | !livepix | !csgoskins | !msg | !loja | !strive | !kaspersky,"['Português', 'CS2', 'fps']",['MatureGame'],False
23,2025-03-26 12:29,EiMine77,pt,Minecraft,✅ RECOMPENSAS ON! | ⭐ SEJA RÁPIDO E GANHE UMA CAPA DE GRAÇA: !CAPA | 💘 INSTAGRAM: @EIMINE77 | !ajuda !rerun !sub !subgratis !loja,"['Minecraft', 'EiMine', 'Português', 'RecompensasEspetadores']",[],False
23,2025-03-26 12:29,Cooruja,pt,Overwatch 2,[ !DROP Faster] 5 Lootbox free! !Sorteio LESSERAFIM e !LendariaFree !eternus !Passefree,"['Autismo', 'TDAH', 'SafeSpace', 'Pai', 'Overwatch', 'Português', '4fun', 'OW2Season15', 'OW2Brasil', 'DropsAtivados']",[],False
23,2025-03-26 12:30,CORALtv_,pt,Fortnite,SORTEIO NOVO PASSE OG PRA VCS ❤️  RESGATE ITENS NA !LOJA ✨ USE CODE: COORAL #AD ✨ !RESGATE,"['Português', 'Fortnite', 'sorteio', 'VbucksGrátis', 'sorteios', 'vbucks', 'jogandocomespectadores']",[],False
23,2025-03-26 12:30,EiMine24h,pt,Minecraft,✅ RECOMPENSAS ON! | ⭐ SEJA RÁPIDO E GANHE UMA CAPA DE GRAÇA: !CAPA | 💘 INSTAGRAM: @EIMINE77 | !ajuda !rerun !subgratis !loja,"['Português', 'Minecraft', 'EiMine', 'RecompensasEspetadores']",[],False
23,2025-03-26 12:30,ZAKl1k,pt,Minecraft,🟢 MINECRAFT | ⭐ GANHE ASSISTINDO | 🌟 REESTOQUE DIA 10 ou 16 às 18h | !loja !points !prime !sub,"['Português', 'Minecraft', 'RecompensasEspetadores']",[],False
23,2025-03-26 12:30,HenriqueOph,pt,Minecraft,DROP DE CAPA ATIVO DIGITE: !CAPA - HARDCORE +150 DIAS EP 08,"['Português', 'minecraft', 'Hardcore', 'HardMode', 'sobrevivencia', '1VIDA', 'hardcoregamer', 'Singlerplayer', 'MINEDROP', 'TIKTOKCAPA']",[],False
0,2025-03-26 19:31,miguelitodoarrocha,pt,EA Sports FC 25,💥Rivais em busca dos 35 pontos  - bem vindos a live do Miguelito Do Arrocha,"['Português', 'Portugal', 'Competitivo', 'resenha', 'Resenhando', 'ultimateteam', 'fifa', 'EAFC', 'eafc25', 'eafcsports']",[],False
0,2025-03-26 19:31,morenageek,pt,Fortnite,Entretenimentro gratuito,"['Fortnite', 'GirlPlayer', 'PS5LiveStream', 'ControlerGaming', 'Português']",[],False
0,2025-03-26 19:31,Cooruja,pt,Overwatch 2,[ !DROP Faster] 5 Lootbox free! !Sorteio LESSERAFIM e !LendariaFree !eternus !Passefree,"['Autismo', 'TDAH', 'SafeSpace', 'Pai', 'Overwatch', 'Português', '4fun', 'OW2Season15', 'OW2Brasil', 'DropsAtivados']",[],False
0,2025-03-26 19:32,BichoBruto,pt,Minecraft,Em busca do time perfeito - Servidor de cobblemon do @danriquetw,"['ama', 'interagindo', 'epic', 'historic', 'curiosidade', 'retro', 'rpg', 'tdah', 'fps', 'Português']",[],False
0,2025-03-26 19:32,Dilascio_,pt,Marvel Rivals,(DROPS ON) GRIND DO CONTEÚDO,"['Português', 'Competitivo', 'Conversa', 'top500', 'overwatch', 'English', 'DropsAtivados']",[],False
0,2025-03-26 19:32,yunizinhafps,pt,Grand Theft Auto V,+18 DIVISA RP YUNIZADA,"['Português', 'coringarp', 'GTARPLIVE', 'datenarp', 'gtavrproleplay', 'ＧTA5', 'gtandTheftAutoV', 'ComplexoRP', 'redbeiramar', 'paulinhooloko']",['MatureGame'],False
0,2025-03-26 19:32,geofinho,pt,EA Sports FC 25,terminando o Rivals - Análise de times/EVOS- PT/ENG | !livepix,['Português'],[],False
0,2025-03-26 19:32,oparazim,pt,EA Sports FC 25,"🚨HACKEANDO O FARMING GULLIT ! Pack 10x85+, 14x83+ e dicas insanas!","['fifa', 'eafc', 'fc24', 'fc24livestream', 'Português', 'fc25', 'fc25livestream']",[],False
0,2025-03-26 19:32,TioSpeedy,pt,EA Sports FC 25,JÁ CHEGA DROPANDO O SUB!!! TREINANDO NA NOVA FORMAÇÃO + EVO PEDRO NETO 99 PACE,"['Português', 'Coach', 'dicas', 'resenha', 'TIOSPEEDY', 'speed', 'EAFC']",[],False
1,2025-03-26 19:44,miguelitodoarrocha,pt,EA Sports FC 25,💥Rivais em busca dos 35 pontos  - bem vindos a live do Miguelito Do Arrocha,"['Português', 'Portugal', 'Competitivo', 'resenha', 'Resenhando', 'ultimateteam', 'fifa', 'EAFC', 'eafc25', 'eafcsports']",[],False
1,2025-03-26 19:44,morenageek,pt,Fortnite,Entretenimentro gratuito,"['Fortnite', 'GirlPlayer', 'PS5LiveStream', 'ControlerGaming', 'Português']",[],False
1,2025-03-26 19:44,Cooruja,pt,Overwatch 2,[ !DROP Faster] 5 Lootbox free! !Sorteio LESSERAFIM e !LendariaFree !eternus !Passefree,"['Autismo', 'TDAH', 'SafeSpace', 'Pai', 'Overwatch', 'Português', '4fun', 'OW2Season15', 'OW2Brasil', 'DropsAtivados']",[],False
1,2025-03-26 19:44,yunizinhafps,pt,Grand Theft Auto V,+18 DIVISA RP YUNIZADA,"['Português', 'coringarp', 'GTARPLIVE', 'datenarp', 'gtavrproleplay', 'ＧTA5', 'gtandTheftAutoV', 'ComplexoRP', 'redbeiramar', 'paulinhooloko']",['MatureGame'],False
1,2025-03-26 19:44,BichoBruto,pt,Minecraft,Em busca do time perfeito - Servidor de cobblemon do @danriquetw,"['ama', 'interagindo', 'epic', 'historic', 'curiosidade', 'retro', 'rpg', 'tdah', 'fps', 'Português']",[],False
1,2025-03-26 19:44,vinny_smith3,pt,Grand Theft Auto V,A Live se torna ainda melhor com esse Chat sensacional! GTA V e muita alegria! SIMBORAAAA,['Português'],['MatureGame'],False
1,2025-03-26 19:44,sheviiioficial,pt,Just Chatting,IRL COMPRANDO OS KITS PRA LIVE E DEPOIS ACAD,"['Português', 'IRL', 'SHEVI', 'shevii2k']",[],False
1,2025-03-26 19:44,alanzoka,pt,Atomfall,atomfall,"['Idoso', 'Gostoso', 'Português']",['MatureGame'],False
1,2025-03-26 19:44,gORDOx,pt,League of Legends,DEPOIS DA TEMPESTADE VEM A BONANÇA  !pix !loja,"['gordox', 'cs', 'cs2', 'lol', 'leagueoflegends', 'Português']",[],False
2,2025-03-26 19:53,miguelitodoarrocha,pt,EA Sports FC 25,💥Rivais em busca dos 35 pontos  - bem vindos a live do Miguelito Do Arrocha,"['Português', 'Portugal', 'Competitivo', 'resenha', 'Resenhando', 'ultimateteam', 'fifa', 'EAFC', 'eafc25', 'eafcsports']",[],False
2,2025-03-26 19:53,Cooruja,pt,Overwatch 2,[ !DROP Faster] 5 Lootbox free! !Sorteio LESSERAFIM e !LendariaFree !eternus !Passefree,"['Autismo', 'TDAH', 'SafeSpace', 'Pai', 'Overwatch', 'Português', '4fun', 'OW2Season15', 'OW2Brasil', 'DropsAtivados']",[],False
2,2025-03-26 19:53,DaniKrautz,pt,Fortnite,Boa noite pra quem ama reload - ❗nick ❗jogar ❗pix ❗comandos,"['fortnite', 'jogandocomochat', 'Português', 'Mulher', 'personalizadadelas']",[],False
2,2025-03-26 19:53,vinny_smith3,pt,Grand Theft Auto V,A Live se torna ainda melhor com esse Chat sensacional! GTA V e muita alegria! SIMBORAAAA,['Português'],['MatureGame'],False
2,2025-03-26 19:53,SLKRETROZADA,pt,Counter-Strike,EU VOLTEI SO NO TAP  !CSGO.NET !vaquinha !otimização @matazera @pezingamer   @betaozera @GabzeraWZ,"['mouse', 'teclado', 'portugues', 'competitivo', 'proplayerPortuguês', 'proplayer', 'proplayer', 'CS2', 'cs2counterstrike2', 'cs2major']",['MatureGame'],False
2,2025-03-26 19:54,morenageek,pt,Fortnite,Entretenimentro gratuito,"['Fortnite', 'GirlPlayer', 'PS5LiveStream', 'ControlerGaming', 'Português']",[],False
2,2025-03-26 19:54,Bruneqx,pt,Stardew Valley,Sonic no Stardew Valley #2 | !pix !loja !bits,"['LGBT', 'EleDele', 'Português', 'Bruneqx', 'stardewvalley', 'sonic']",[],True
2,2025-03-26 19:54,renatisses,pt,inZOI,Dia 2 | Bora de vilã no InZOI | !SORTEIO,"['Brasil', 'menina', 'Português', 'sorteio']",[],False
2,2025-03-26 19:54,Thatales_,pt,inZOI,UNBOXING CELULAR NOVO E DEPOIS INZOI | INZOI PARTNER | LIVE DO THATA,['Português'],[],False
3,2025-03-26 20:04,miguelitodoarrocha,pt,EA Sports FC 25,💥Rivais em busca dos 35 pontos  - bem vindos a live do Miguelito Do Arrocha,"['Português', 'Portugal', 'Competitivo', 'resenha', 'Resenhando', 'ultimateteam', 'fifa', 'EAFC', 'eafc25', 'eafcsports']",[],False
3,2025-03-26 20:04,Cooruja,pt,Overwatch 2,[ !DROP Faster] 5 Lootbox free! !Sorteio LESSERAFIM e !LendariaFree !eternus !Passefree,"['Autismo', 'TDAH', 'SafeSpace', 'Pai', 'Overwatch', 'Português', '4fun', 'OW2Season15', 'OW2Brasil', 'DropsAtivados']",[],False
3,2025-03-26 20:04,DaniKrautz,pt,Fortnite,Boa noite pra quem ama reload - ❗nick ❗jogar ❗pix ❗comandos,"['fortnite', 'jogandocomochat', 'Português', 'Mulher', 'personalizadadelas']",[],False
3,2025-03-26 20:04,vinny_smith3,pt,Grand Theft Auto V,A Live se torna ainda melhor com esse Chat sensacional! GTA V e muita alegria! SIMBORAAAA,['Português'],['MatureGame'],False
3,2025-03-26 20:04,SLKRETROZADA,pt,Counter-Strike,EU VOLTEI SO NO TAP  !CSGO.NET !vaquinha !otimização @matazera @pezingamer   @betaozera @GabzeraWZ,"['mouse', 'teclado', 'portugues', 'competitivo', 'proplayerPortuguês', 'proplayer', 'proplayer', 'CS2', 'cs2counterstrike2', 'cs2major']",['MatureGame'],False
3,2025-03-26 20:04,morenageek,pt,Fortnite,Entretenimentro gratuito,"['Fortnite', 'GirlPlayer', 'PS5LiveStream', 'ControlerGaming', 'Português']",[],False
3,2025-03-26 20:04,belamartiins,pt,Just Chatting,KKKKKKKKKKKKKKKKKKKKKKKKKKKKKKKKKKKKKKKKKKKKKKKK - !pix,"['Português', 'ASMR', 'Felicidade', 'Mulher', 'RPG', 'fps']",[],False
3,2025-03-26 20:04,pannshi,pt,The Outlast Trials,OUTLASTZIN COM PARCERIA NOVA ✨ !clash !instagram !youtube !sociais !grupo,"['girl', 'gamer', 'player', 'portuguese', 'otaku', 'Português']","['MatureGame', 'ProfanityVulgarity']",False
3,2025-03-26 20:04,sheviiioficial,pt,Just Chatting,IRL COMPRANDO OS KITS PRA LIVE E DEPOIS ACAD,"['Português', 'IRL', 'SHEVI', 'shevii2k']",[],False
4,2025-03-26 20:12,Cooruja,pt,Overwatch 2,[ !DROP Faster] 5 Lootbox free! !Sorteio LESSERAFIM e !LendariaFree !eternus !Passefree,"['Autismo', 'TDAH', 'SafeSpace', 'Pai', 'Overwatch', 'Português', '4fun', 'OW2Season15', 'OW2Brasil', 'DropsAtivados']",[],False
4,2025-03-26 20:12,morenageek,pt,Fortnite,Entretenimentro gratuito,"['Fortnite', 'GirlPlayer', 'PS5LiveStream', 'ControlerGaming', 'Português']",[],False
4,2025-03-26 20:12,baroniba_,pt,Counter-Strike,(+18) CS2: muita resenha e pouca jogatina,"['Português', 'girl', 'girlgamer', 'garotagamer', 'cs', 'CS2', 'leagueoflegeneds', 'hotgirl', 'cutegirlgaming', 'Reposição']",['MatureGame'],False
4,2025-03-26 20:12,guisobrevivente_,pt,Minecraft,[CAPE] oi bora conversar ?,"['minecraft', 'guisobrevivente', 'tiktok', 'realista', 'shaders', 'construcao', 'conversa', 'amigavel', 'Português', 'RecompensasEspetadores']",[],False
4,2025-03-26 20:13,SimsIndie,pt,inZOI,Bora de INZOI 🐾 | 1 Sub = 🎰,"['Português', 'Mulher', 'ElaDela']",[],False
4,2025-03-26 20:13,ofernandomaidana,pt,Sea of Thieves,DROPS 🟢 ALEGRIA E PIRATARIA !cmd !playlist,"['Português', 'seaofthieves', 'pirata', 'SongRequests', 'songrequest', 'SeaOfThievesPartner', 'SeaofThievesgameplay', 'English', 'DropsAtivados']",[],False
4,2025-03-26 20:13,LuanaTh,pt,Fortnite,JOGANDO COM O CHAT 💜✨ USE O CODE: LUANATH ❤ !pix,"['Português', 'ptbr', 'Mulher', 'meta', 'metadeseguidores', 'gamergirl', 'Fortnite']",[],False
4,2025-03-26 20:13,1Reyko,pt,Fortnite,"🌸 ғɪɴᴀʟᴍᴇɴᴛᴇ ✨ᴀʀᴍᴀs ɴᴏᴠᴀs✨! 🌸 ᴜsᴇ ᴄᴏᴅᴇ ""ʀᴇʏᴋᴏ"" ɴᴀ ʟᴏᴊᴀ ᴅᴀ ᴇᴘɪᴄ🌸+𝟭𝟴","['Português', 'Leagueofleagends', 'Fortnite', 'valorant', 'NarakaBladePoint', 'ruiva', 'ZeroBuildFortnite', 'ballistic', 'Trocação']",[],False
4,2025-03-26 20:13,maludauer,pt,Just Chatting,AJUDE ESSA STREAMER FALIDA,['Português'],['ProfanityVulgarity'],False
5,2025-03-26 20:24,miguelitodoarrocha,pt,EA Sports FC 25,💥Rivais em busca dos 35 pontos  - bem vindos a live do Miguelito Do Arrocha,"['Português', 'Portugal', 'Competitivo', 'resenha', 'Resenhando', 'ultimateteam', 'fifa', 'EAFC', 'eafc25', 'eafcsports']",[],False
5,2025-03-26 20:24,DaniKrautz,pt,Fortnite,Boa noite pra quem ama reload - ❗nick ❗jogar ❗pix ❗comandos,"['fortnite', 'jogandocomochat', 'Português', 'Mulher', 'personalizadadelas', 'Reposição']",[],False
5,2025-03-26 20:24,Cooruja,pt,Overwatch 2,[ !DROP Faster] 5 Lootbox free! !Sorteio LESSERAFIM e !LendariaFree !eternus !Passefree,"['Autismo', 'TDAH', 'SafeSpace', 'Pai', 'Overwatch', 'Português', '4fun', 'OW2Season15', 'OW2Brasil', 'DropsAtivados']",[],False
5,2025-03-26 20:24,SLKRETROZADA,pt,Counter-Strike,EU VOLTEI SO NO TAP  !CSGO.NET !vaquinha !otimização @matazera @pezingamer   @betaozera @GabzeraWZ,"['mouse', 'teclado', 'portugues', 'competitivo', 'proplayerPortuguês', 'proplayer', 'proplayer', 'CS2', 'cs2counterstrike2', 'cs2major']",['MatureGame'],False
5,2025-03-26 20:24,morenageek,pt,Fortnite,Entretenimentro gratuito,"['Fortnite', 'GirlPlayer', 'PS5LiveStream', 'ControlerGaming', 'Português']",[],False
5,2025-03-26 20:24,vinny_smith3,pt,Grand Theft Auto V,A Live se torna ainda melhor com esse Chat sensacional! GTA V e muita alegria! SIMBORAAAA,['Português'],['MatureGame'],False
5,2025-03-26 20:24,Satturnni,pt,Minecraft,RUMO AO LVL 700 !loja !pix,"['Satturnni', 'Minecraft', 'Português', 'mushmc', 'Bedwars', 'mushmc', 'hypixel', 'hylex', 'RecompensasEspetadores']",[],False
5,2025-03-26 20:25,uFyos,pt,Minecraft,DROP DE CAPA ATIVO❗ Use !CAPA | !Sub !Party,"['Português', 'entretenimiento', 'uFyos', 'RecompensasEspetadores']",[],False
5,2025-03-26 20:25,guisobrevivente_,pt,Minecraft,[CAPE] oi bora conversar ?,"['minecraft', 'guisobrevivente', 'tiktok', 'realista', 'shaders', 'construcao', 'conversa', 'amigavel', 'Português', 'RecompensasEspetadores']",[],False
6,2025-03-26 20:33,miguelitodoarrocha,pt,EA Sports FC 25,💥Rivais em busca dos 35 pontos  - bem vindos a live do Miguelito Do Arrocha,"['Português', 'Portugal', 'Competitivo', 'resenha', 'Resenhando', 'ultimateteam', 'fifa', 'EAFC', 'eafc25', 'eafcsports']",[],False
6,2025-03-26 20:33,DaniKrautz,pt,Fortnite,Boa noite pra quem ama reload - ❗nick ❗jogar ❗pix ❗comandos,"['fortnite', 'jogandocomochat', 'Português', 'Mulher', 'personalizadadelas', 'Reposição']",[],False
6,2025-03-26 20:33,Cooruja,pt,Overwatch 2,[ !DROP Faster] 5 Lootbox free! !Sorteio LESSERAFIM e !LendariaFree !eternus !Passefree,"['Autismo', 'TDAH', 'SafeSpace', 'Pai', 'Overwatch', 'Português', '4fun', 'OW2Season15', 'OW2Brasil', 'DropsAtivados']",[],False
6,2025-03-26 20:33,morenageek,pt,Fortnite,Entretenimentro gratuito,"['Fortnite', 'GirlPlayer', 'PS5LiveStream', 'ControlerGaming', 'Português']",[],False
6,2025-03-26 20:34,EiMine77,pt,Minecraft,✅ RECOMPENSAS ON! | ⭐ SEJA RÁPIDO E GANHE UMA CAPA DE GRAÇA: !CAPA | 💘 INSTAGRAM: @EIMINE77 | !ajuda !rerun !sub !subgratis !loja,"['Minecraft', 'EiMine', 'Português', 'RecompensasEspetadores']",[],False
6,2025-03-26 20:34,SLKRETROZADA,pt,Counter-Strike,EU VOLTEI SO NO TAP  !CSGO.NET !vaquinha !otimização @matazera @pezingamer   @betaozera @GabzeraWZ,"['mouse', 'teclado', 'portugues', 'competitivo', 'proplayerPortuguês', 'proplayer', 'proplayer', 'CS2', 'cs2counterstrike2', 'cs2major']",['MatureGame'],False
6,2025-03-26 20:34,jazaragamer,pt,Minecraft,LIVE DE ANIVERSÁRIO s2 - !servidor  - jogue junto dando SUB - !PIX !DONATE,"['Português', 'gameplay', 'survival', 'conversa', 'Sobrevivência', 'PortuguêsBR', 'ptbr', 'simulador', 'testandojogos', 'RecompensasEspetadores']",[],False
6,2025-03-26 20:34,lalobajogadora,pt,Just Chatting,#689 · Quartaleatória 🙃,"['Português', 'Aconchegante', 'Chill', 'Indie', 'Indiegame', 'Steam', 'Platina', 'Gameplay', 'JogoIndie']",[],False
6,2025-03-26 20:34,TerriKun,pt,Supermarket Together,Seguindo no Pega em 2 com o @tio_neno <3 ~ !pix !sons !loja,"['Português', 'pngtuber', 'Digimon', 'pokemon', 'LGBTQIA', 'Vtuber', 'Anime', 'arte', 'conversa', 'humor']",['ProfanityVulgarity'],False
7,2025-03-26 20:45,DaniKrautz,pt,Fortnite,Boa noite pra quem ama reload - ❗nick ❗jogar ❗pix ❗comandos,"['fortnite', 'jogandocomochat', 'Português', 'Mulher', 'personalizadadelas', 'Reposição']",[],False
7,2025-03-26 20:45,miguelitodoarrocha,pt,EA Sports FC 25,💥Rivais em busca dos 35 pontos  - bem vindos a live do Miguelito Do Arrocha,"['Português', 'Portugal', 'Competitivo', 'resenha', 'Resenhando', 'ultimateteam', 'fifa', 'EAFC', 'eafc25', 'eafcsports']",[],False
7,2025-03-26 20:45,EiMine77,pt,Minecraft,✅ RECOMPENSAS ON! | ⭐ SEJA RÁPIDO E GANHE UMA CAPA DE GRAÇA: !CAPA | 💘 INSTAGRAM: @EIMINE77 | !ajuda !rerun !sub !subgratis !loja,"['Minecraft', 'EiMine', 'Português', 'RecompensasEspetadores']",[],False
7,2025-03-26 20:45,morenageek,pt,Fortnite,Entretenimentro gratuito,"['Fortnite', 'GirlPlayer', 'PS5LiveStream', 'ControlerGaming', 'Português']",[],False
7,2025-03-26 20:45,Cooruja,pt,Overwatch 2,[ !DROP Faster] 5 Lootbox free! !Sorteio LESSERAFIM e !LendariaFree !eternus !Passefree,"['Autismo', 'TDAH', 'SafeSpace', 'Pai', 'Overwatch', 'Português', '4fun', 'OW2Season15', 'OW2Brasil', 'DropsAtivados']",[],False
7,2025-03-26 20:45,Oh_Queiroz,pt,Grand Theft Auto V,[🇧🇷 +18 GTA RP] RECRUTAMENTO PRA FAC!!! ✅🔥,"['Português', 'gta', 'GTARP', 'paulinhooloko', 'yuri22', 'GTARPLIVE']",['MatureGame'],False
7,2025-03-26 20:45,TonhoDLang,pt,Sea of Thieves,Chamadinho da Caça | !drops | Streamer parceiro do @lendasdomar e CSoTBR 🏴‍☠️ !lendas !csotbr !platina,"['Português', 'Zerandojogos', 'seaofthieves', 'DropsAtivados']",[],False
7,2025-03-26 20:45,HWmalk,pt,Sea of Thieves,☕ DROPS OBSIDIANOS & CAFÉ ☕,"['Português', 'AMA', 'Brasil', 'RPG', 'música', 'Conversação', 'RockRoll', 'Ansiedade', 'Interativo', 'DropsAtivados']",[],False
7,2025-03-26 20:46,iamcomH,pt,Sea of Thieves,[DROPS ON] AHOY!! Bora caçar o brabo dos mares!! Parceiro do @lendasdomar - !discord !pix !loja !comandos,"['Português', 'Español', 'game', 'conversa', 'seaofthieves', 'DropsAtivados']",[],False
8,2025-03-27 00:02,iShadowWolf_,pt,Sea of Thieves,(+18) Livezinha Muito Doida!   ||   (❗comandos ❗metas ❗drops)   ||   (Epic Code: SHADOWOLF),['Português'],[],False
8,2025-03-27 00:02,annadeneve,pt,Overwatch 2,[DROPS ON] bora bill la ele pro max ♡ !clip !pix !discord !comandos,"['Mulher', 'bonita', 'engraçada', 'Português', 'ConversandoComOChat', 'DropsAtivados']",[],False
8,2025-03-27 00:02,DaniKrautz,pt,Fortnite,Boa noite pra quem ama reload - ❗nick ❗jogar ❗pix ❗comandos,"['fortnite', 'jogandocomochat', 'Português', 'Mulher', 'personalizadadelas', 'Reposição']",[],False
8,2025-03-27 00:02,yunizinhafps,pt,Grand Theft Auto V,+18 DIVISA RP YUNIZADA,"['Português', 'coringarp', 'GTARPLIVE', 'datenarp', 'gtavrproleplay', 'ＧTA5', 'gtandTheftAutoV', 'ComplexoRP', 'redbeiramar', 'paulinhooloko']",['MatureGame'],False
8,2025-03-27 00:03,DuuDyys,pt,Sea of Thieves,🔴DROPS ON🔴 Atrás de Bandeiras - ❗livepix❗duelo❗meta❗sotbr❗lendas❗aposta - PTBR - ESP,"['Português', 'jogos', 'Xbox', 'sorteio', 'gaules', 'Yoda', 'Brasileiro', 'Español', 'alanzoka', 'divertido']",[],False
8,2025-03-27 00:03,Cooruja,pt,Split Fiction,ZERANDO COM MOZIM!!! ! ! LESSERAFIM SORTEIO HOJE! JA JA!,"['Autismo', 'TDAH', 'SafeSpace', 'Pai', 'Overwatch', 'Português', '4fun', 'OW2Season15', 'OW2Brasil']",[],False
8,2025-03-27 00:03,JanjaoMachado,pt,EA Sports FC 25,"💥BORA TREINAR, NÉ?! COPA DOS STREAMERS AÍIII","['eafc25', 'adolfz', 'paivinha29', 'fifenzo', 'WENDELLLIRA', 'pelegrino1993', 'sharkmacedo', 'Português', 'eafc25ultimateteam']",[],False
8,2025-03-27 00:03,GoldoRayoof,pt,Just Chatting,COPA DO NORDESTE COM O RAYO,['Português'],[],False
8,2025-03-27 00:03,DaniloFariasFUT,pt,EA Sports FC 25,PREMIAÇAO RANK 1 WL AGORA + RIVALS ATE A ELITE  !LOJA @danilofariasfut,"['Português', 'ultimateteam', 'dicas', 'eafc25', 'gameplay', 'tutorials', 'livestreamers', 'resenha', 'frontpagetwitch', 'TOTY']",[],False
9,2025-03-27 00:12,iShadowWolf_,pt,Sea of Thieves,(+18) Livezinha Muito Doida!   ||   (❗comandos ❗metas ❗drops)   ||   (Epic Code: SHADOWOLF),"['Português', 'DropsAtivados']",[],False
9,2025-03-27 00:12,annadeneve,pt,Overwatch 2,[DROPS ON] bora bill la ele pro max ♡ !clip !pix !discord !comandos,"['Mulher', 'bonita', 'engraçada', 'Português', 'ConversandoComOChat', 'DropsAtivados']",[],False
9,2025-03-27 00:12,DaniKrautz,pt,Fortnite,Boa noite pra quem ama reload - ❗nick ❗jogar ❗pix ❗comandos,"['fortnite', 'jogandocomochat', 'Português', 'Mulher', 'personalizadadelas', 'Reposição']",[],False
9,2025-03-27 00:12,Cooruja,pt,Split Fiction,ZERANDO COM MOZIM!!! ! ! LESSERAFIM SORTEIO HOJE! JA JA!,"['Autismo', 'TDAH', 'SafeSpace', 'Pai', 'Overwatch', 'Português', '4fun', 'OW2Season15', 'OW2Brasil']",[],False
9,2025-03-27 00:12,morenageek,pt,Fortnite,Entretenimentro gratuito,"['Fortnite', 'GirlPlayer', 'PS5LiveStream', 'ControlerGaming', 'Português']",[],False
9,2025-03-27 00:12,yunizinhafps,pt,Grand Theft Auto V,+18 DIVISA RP YUNIZADA,"['Português', 'coringarp', 'GTARPLIVE', 'datenarp', 'gtavrproleplay', 'ＧTA5', 'gtandTheftAutoV', 'ComplexoRP', 'redbeiramar', 'paulinhooloko']",['MatureGame'],False
9,2025-03-27 00:12,MandyMess,pt,Dead by Daylight,DBD + FINALE DO RE4❗sub❗pix❗insta,"['LGBT', 'DragQueen', 'Português']",['MatureGame'],False
9,2025-03-27 00:12,MdmDaiane,pt,Just Chatting,ANOTHER ONE THANK U❗️skinny❗️pix ❗️discord ❗️youtube ❗️zap ❗️sorteio,['Português'],['ProfanityVulgarity'],False
9,2025-03-27 00:12,syndrel,pt,Dead by Daylight,"DBD KILLER, VEM PRA LIVEE","['Português', 'Drag', 'LGBT', 'Syndra', 'mid', 'texas', 'dbd', 'leagueoflegends', 'ADC', 'ADCARRY']",['MatureGame'],False
10,2025-03-27 00:22,iShadowWolf_,pt,Sea of Thieves,(+18) Livezinha Muito Doida!   ||   (❗comandos ❗metas ❗drops)   ||   (Epic Code: SHADOWOLF),"['Português', 'DropsAtivados']",[],False
10,2025-03-27 00:22,annadeneve,pt,Overwatch 2,[DROPS ON] bora bill la ele pro max ♡ !clip !pix !discord !comandos,"['Mulher', 'bonita', 'engraçada', 'Português', 'ConversandoComOChat', 'DropsAtivados']",[],False
10,2025-03-27 00:22,DaniKrautz,pt,Fortnite,Boa noite pra quem ama reload - ❗nick ❗jogar ❗pix ❗comandos,"['fortnite', 'jogandocomochat', 'Português', 'Mulher', 'personalizadadelas', 'Reposição']",[],False
10,2025-03-27 00:22,morenageek,pt,Fortnite,Entretenimentro gratuito,"['Fortnite', 'GirlPlayer', 'PS5LiveStream', 'ControlerGaming', 'Português']",[],False
10,2025-03-27 00:22,yunizinhafps,pt,Grand Theft Auto V,+18 DIVISA RP YUNIZADA,"['Português', 'coringarp', 'GTARPLIVE', 'datenarp', 'gtavrproleplay', 'ＧTA5', 'gtandTheftAutoV', 'ComplexoRP', 'redbeiramar', 'paulinhooloko']",['MatureGame'],False
10,2025-03-27 00:22,Cooruja,pt,Split Fiction,ZERANDO COM MOZIM!!! ! ! LESSERAFIM SORTEIO HOJE! JA JA!,"['Autismo', 'TDAH', 'SafeSpace', 'Pai', 'Overwatch', 'Português', '4fun', 'OW2Season15', 'OW2Brasil']",[],False
10,2025-03-27 00:22,duhbolado,pt,Grand Theft Auto V,[PT/BR] +18 | Segue noix | 4Life | Bolatus | Harmony Repairs | !comandos,"['Gaming', 'Multiplayer', 'gameplay', 'GTARP', 'Roleplay', 'ＧTA5', 'gamer', 'Português', '4life', '4liferp']",['MatureGame'],False
10,2025-03-27 00:22,p3drao1,pt,Grand Theft Auto V,ProdigyRP - siga @p3drao1 nas redes sociais !cmd,"['pobre', 'Português', 'fps', 'VALORONAT', 'vava', 'Corrida', 'p1']",['MatureGame'],False
10,2025-03-27 00:22,MandrakaMb,pt,Grand Theft Auto V,LADO LESTE - RESENHANDO COM OS CRIA,"['LadoLesteRP', 'GTARP', 'fivem', 'jogos', 'Português']",['MatureGame'],False
11,2025-03-27 04:01,iShadowWolf_,pt,Fortnite,(+18) Livezinha Muito Doida!   ||   (❗comandos ❗metas ❗drops)   ||   (Epic Code: SHADOWOLF),['Português'],[],False
11,2025-03-27 04:01,EiMine77,pt,Minecraft,✅ RECOMPENSAS ON! | ⭐ SEJA RÁPIDO E GANHE UMA CAPA DE GRAÇA: !CAPA | 💘 INSTAGRAM: @EIMINE77 | !ajuda !rerun !sub !subgratis !loja,"['Minecraft', 'EiMine', 'Português', 'RecompensasEspetadores']",[],False
11,2025-03-27 04:01,BobSiqueira,pt,Phasmophobia,MADRUGADA DOS CRIA   ---  -> ->  !Formulario  !TopSkins  !Insane  !Loja  !XTSKINS,"['Português', 'Bobzao', 'CS2', 'reacts', 'Pc', 'csgo', 'topskins']",['MatureGame'],True
11,2025-03-27 04:02,Jvnq,pt,Grand Theft Auto V,CDANJOS GTA RP | JVNQ [77ª Live],"['Português', 'jvnq', 'cdanjos']",['MatureGame'],False
11,2025-03-27 04:02,Cooruja,pt,Overwatch 2,[ !DROP Faster] 5 Lootbox free! !Sorteio Widow ARMA MITICA !eternus !Passefree,"['Autismo', 'TDAH', 'SafeSpace', 'Pai', 'Overwatch', 'Português', '4fun', 'OW2Season15', 'OW2Brasil', 'DropsAtivados']",[],False
11,2025-03-27 04:02,Sakura_Ikari,pt,Just Chatting,Delírios  da madrugada,"['conversa', 'Português', 'EspaçoSeguro', 'conselhos', 'LGBTQIAPIus', 'Casual', 'LGBT', 'interativa', 'InfinityNikki', 'PtBrasil']",[],False
11,2025-03-27 04:02,Jaabriel,pt,Grand Theft Auto V,DEMENTADOR EM GTA RP - JAJA - CARTEL !pix !trace,['Português'],['MatureGame'],True
11,2025-03-27 04:02,v1xenbeast,pt,Grand Theft Auto V,ProdigyRP | Skull  💀 - Siga @v1xenbeast nas redes sociais.,"['Português', 'ProdigyRP', 'coderp']","['MatureGame', 'ProfanityVulgarity']",False
11,2025-03-27 04:02,hanna,pt,Grand Theft Auto V,Dia 12 Grind (Wipe) - [CDANJOS]︱Hanna clark︱!sociais !pix !discord,"['Português', 'gta', 'CDAnjos']",['MatureGame'],False
12,2025-03-27 04:10,iShadowWolf_,pt,Fortnite,(+18) Livezinha Muito Doida!   ||   (❗comandos ❗metas ❗drops)   ||   (Epic Code: SHADOWOLF),['Português'],[],False
12,2025-03-27 04:10,EiMine77,pt,Minecraft,✅ RECOMPENSAS ON! | ⭐ SEJA RÁPIDO E GANHE UMA CAPA DE GRAÇA: !CAPA | 💘 INSTAGRAM: @EIMINE77 | !ajuda !rerun !sub !subgratis !loja,"['Minecraft', 'EiMine', 'Português', 'RecompensasEspetadores']",[],False
12,2025-03-27 04:10,BobSiqueira,pt,Phasmophobia,MADRUGADA DOS CRIA   ---  -> ->  !Formulario  !TopSkins  !Insane  !Loja  !XTSKINS,"['Português', 'Bobzao', 'CS2', 'reacts', 'Pc', 'csgo', 'topskins']",['MatureGame'],True
12,2025-03-27 04:10,xGuuhGabrielx,pt,EA Sports FC 25,"Rivals Subindo pra Elite, Farm Diário, DMEs, Packs e Resenha | DIGITE !Livepix !cliente !grupo !sorteio !meta","['EASPORTS', 'EAFC', 'eafc25', 'ultimateteam', 'fc25', 'fc25gameplay', 'Português', 'Paivinha29', 'Carpentieri', 'Adolfz']",[],False
12,2025-03-27 04:10,Jvnq,pt,Grand Theft Auto V,CDANJOS GTA RP | JVNQ [77ª Live],"['Português', 'jvnq', 'cdanjos']",['MatureGame'],False
12,2025-03-27 04:10,Sakura_Ikari,pt,Just Chatting,Delírios  da madrugada,"['conversa', 'Português', 'EspaçoSeguro', 'conselhos', 'LGBTQIAPIus', 'Casual', 'LGBT', 'interativa', 'InfinityNikki', 'PtBrasil']",[],False
12,2025-03-27 04:10,waveigl,pt,VALORANT,+18 🔞 WAVEIGL ❤️,['Português'],['ProfanityVulgarity'],False
12,2025-03-27 04:11,Saullo,pt,Counter-Strike,SORTEIO de R$30.000 em SKINS HOJE + DIA CORINGA do SORTEIO ESPECIAL + DEPÓSITO NA CONTA DE VOCÊS + SORTEIO 100 DÓLARES (AO VIVO),"['Português', 'skinscsgo', 'CSGO', 'SORTEIO', 'PIX', 'SKINS', 'FPS', 'Brasil', 'CS2', 'cs2beta']",['MatureGame'],True
12,2025-03-27 04:11,GOIAMO,pt,Counter-Strike,"Ame sua família, respeite o próximo e sempre confie em Deus🙏🏻!msg !pix !clip !nesha @gamersclubcs",['Português'],['MatureGame'],False
13,2025-03-27 04:18,iShadowWolf_,pt,Fortnite,(+18) Livezinha Muito Doida!   ||   (❗comandos ❗metas ❗drops)   ||   (Epic Code: SHADOWOLF),['Português'],[],False
13,2025-03-27 04:18,EiMine77,pt,Minecraft,✅ RECOMPENSAS ON! | ⭐ SEJA RÁPIDO E GANHE UMA CAPA DE GRAÇA: !CAPA | 💘 INSTAGRAM: @EIMINE77 | !ajuda !rerun !sub !subgratis !loja,"['Minecraft', 'EiMine', 'Português', 'RecompensasEspetadores']",[],False
13,2025-03-27 04:18,Jvnq,pt,Grand Theft Auto V,CDANJOS GTA RP | JVNQ [77ª Live],"['Português', 'jvnq', 'cdanjos']",['MatureGame'],False
13,2025-03-27 04:18,xGuuhGabrielx,pt,EA Sports FC 25,"Rivals Subindo pra Elite, Farm Diário, DMEs, Packs e Resenha | DIGITE !Livepix !cliente !grupo !sorteio !meta","['EASPORTS', 'EAFC', 'eafc25', 'ultimateteam', 'fc25', 'fc25gameplay', 'Português', 'Paivinha29', 'Carpentieri', 'Adolfz']",[],False
13,2025-03-27 04:18,BobSiqueira,pt,Phasmophobia,MADRUGADA DOS CRIA   ---  -> ->  !Formulario  !TopSkins  !Insane  !Loja  !XTSKINS,"['Português', 'Bobzao', 'CS2', 'reacts', 'Pc', 'csgo', 'topskins']",['MatureGame'],True
13,2025-03-27 04:18,Cooruja,pt,Overwatch 2,[ !DROP Faster] 5 Lootbox free! !Sorteio Widow ARMA MITICA !eternus !Passefree,"['Autismo', 'TDAH', 'SafeSpace', 'Pai', 'Overwatch', 'Português', '4fun', 'OW2Season15', 'OW2Brasil', 'DropsAtivados']",[],False
13,2025-03-27 04:18,NYKAGAMER_,pt,Fortnite,chega aean❗️PIX ❗️Onlyfans ❗️Comandos ❗️Discord ❗️Clip,"['Fortnite', 'Português', 'Mulher', 'brasil', 'Español', '한국어', 'Русский', '漢語', 'ภาษาไทย', '日本語']",[],False
13,2025-03-27 04:18,EriclesSavio10,pt,Overwatch 2,419 I (drops on) E o goats ta de volta❗btag ❗addmarvel❗sorteio ❗comandos,"['Português', 'fps', 'youtube', 'PlayStation', 'Overｗatch2', 'games', 'gameplay', 'marvelrivals', 'marvel', 'DropsAtivados']",[],False
13,2025-03-27 04:18,Faccolina,pt,R.E.P.O.,[+18] REPO COM STREAMERS - !discord !insta !pix,"['Português', 'girlstreaming', 'repo']",['ProfanityVulgarity'],False
14,2025-03-27 04:29,iShadowWolf_,pt,Fortnite,(+18) Livezinha Muito Doida!   ||   (❗comandos ❗metas ❗drops)   ||   (Epic Code: SHADOWOLF),['Português'],[],False
14,2025-03-27 04:29,EiMine77,pt,Minecraft,✅ RECOMPENSAS ON! | ⭐ SEJA RÁPIDO E GANHE UMA CAPA DE GRAÇA: !CAPA | 💘 INSTAGRAM: @EIMINE77 | !ajuda !rerun !sub !subgratis !loja,"['Minecraft', 'EiMine', 'Português', 'RecompensasEspetadores']",[],False
14,2025-03-27 04:29,Jvnq,pt,Grand Theft Auto V,CDANJOS GTA RP | JVNQ [77ª Live],"['Português', 'jvnq', 'cdanjos']",['MatureGame'],False
14,2025-03-27 04:29,xGuuhGabrielx,pt,EA Sports FC 25,"Rivals Subindo pra Elite, Farm Diário, DMEs, Packs e Resenha | DIGITE !Livepix !cliente !grupo !sorteio !meta","['EASPORTS', 'EAFC', 'eafc25', 'ultimateteam', 'fc25', 'fc25gameplay', 'Português', 'Paivinha29', 'Carpentieri', 'Adolfz']",[],False
14,2025-03-27 04:29,BobSiqueira,pt,Phasmophobia,MADRUGADA DOS CRIA   ---  -> ->  !Formulario  !TopSkins  !Insane  !Loja  !XTSKINS,"['Português', 'Bobzao', 'CS2', 'reacts', 'Pc', 'csgo', 'topskins']",['MatureGame'],True
14,2025-03-27 04:29,Sakura_Ikari,pt,Just Chatting,Delírios  da madrugada,"['conversa', 'Português', 'EspaçoSeguro', 'conselhos', 'LGBTQIAPIus', 'Casual', 'LGBT', 'interativa', 'InfinityNikki', 'PtBrasil']",[],False
14,2025-03-27 04:29,Fifandrade,pt,EA Sports FC 25,"HYPE DAS 5H, FINALIZANDO AS VITÓRIAS RUMO A DIV ELITE! !donate1 !donate2 !coins !sub !pix","['Português', 'eaesports', 'EAFC', 'eafc25', 'ultimateteam', 'fc25', 'fc25gameplay']",[],False
14,2025-03-27 04:30,donkgord0,pt,Counter-Strike,"🕺🏻💪🏻😎🦜+18 OMBROS +32,73km de bike hoje BOOORA @ckzao ONLINE❗RAINGG  🤪 !!❗neshastore  ❗gamearena❗csgoskins","['CSGO', 'FPS', 'GAMERSCLUB', 'GC', 'LVL20', 'Português', 'lol', 'leagueoflegends', 'moba']",['MatureGame'],False
14,2025-03-27 04:30,ocamargoluiz,pt,Just Chatting,IRL POR SP  REGRAS !PIX !KTO,"['Português', 'justcchatting']",[],False
15,2025-03-27 08:02,EiMine77,pt,Minecraft,✅ RECOMPENSAS ON! | ⭐ SEJA RÁPIDO E GANHE UMA CAPA DE GRAÇA: !CAPA | 💘 INSTAGRAM: @EIMINE77 | !ajuda !rerun !sub !subgratis !loja,"['Minecraft', 'EiMine', 'Português', 'RecompensasEspetadores']",[],False
15,2025-03-27 08:02,Xerekiss,pt,Marvel Rivals,[DROP ON] BORA DE LORDE DE MIRANHA? | RESGATE ITENS ASSISTINDO A LIVE (❗loja) | CODE: XEREKISS #ad,"['Português', 'Brasil', 'fps', 'Fortnite', 'Portugal', 'battleroyale', 'DropsAtivados']",[],False
15,2025-03-27 08:02,mihzavati,pt,Overwatch 2,(♡ DROPS ON ) bora de gameplay duvidosa  kkk 🙂🙂❤️🎮🎮,"['Português', 'FortniteTV', 'mulhertrans', 'LGBTQ', 'girl', 'GamerRage', 'DropsAtivados']",[],False
15,2025-03-27 08:02,Cooruja,pt,Overwatch 2,[ !DROP Faster] 5 Lootbox free! !Sorteio Widow ARMA MITICA !eternus !Passefree,"['Autismo', 'TDAH', 'SafeSpace', 'Pai', 'Overwatch', 'Português', '4fun', 'OW2Season15', 'OW2Brasil', 'DropsAtivados']",[],False
15,2025-03-27 08:02,Stheffanifr1,pt,Fortnite,Dia 01 de Abril lojinha nova,"['diamantes', 'freefire', 'loja', 'lojinha', 'prêmios', 'codiguin', 'Português']",[],False
16,2025-03-27 08:12,EiMine77,pt,Minecraft,✅ RECOMPENSAS ON! | ⭐ SEJA RÁPIDO E GANHE UMA CAPA DE GRAÇA: !CAPA | 💘 INSTAGRAM: @EIMINE77 | !ajuda !rerun !sub !subgratis !loja,"['Minecraft', 'EiMine', 'Português', 'RecompensasEspetadores']",[],False
16,2025-03-27 08:12,aatonz,pt,Sea of Thieves,🟢🟡DROPS ON🟡🟢É HOJE!!Atualização Season 15.2 de Sea of Thieves !! ChAmA QUe VEM!! Twitch em PROMOÇAO!!  VAMOKERE!!! BOM DIA!!,"['casual', 'engraçado', 'pirata', 'English', 'Português', 'Yoda', 'Gaules', 'giveaway', 'DropsAtivados', 'alanzoka']",[],False
16,2025-03-27 08:12,DexterHQ,pt,Minecraft,>>DROP CAPA- HARDCORE 1.21.4 8100+ DIAS SEM TOTEM !capa !codigo !tiktok !insta,"['hardcore', 'hardmode', 'sobrevivencia', 'semtotem', 'construir', 'Farming', 'Português', 'minecraft', 'EventosEspeciales', 'minecraftlive']",[],False
16,2025-03-27 08:12,Xerekiss,pt,Marvel Rivals,[DROP ON] BORA DE LORDE DE MIRANHA? | RESGATE ITENS ASSISTINDO A LIVE (❗loja) | CODE: XEREKISS #ad,"['Português', 'Brasil', 'fps', 'Fortnite', 'Portugal', 'battleroyale', 'DropsAtivados']",[],False
16,2025-03-27 08:12,mihzavati,pt,Overwatch 2,(♡ DROPS ON ) bora de gameplay duvidosa  kkk 🙂🙂❤️🎮🎮,"['Português', 'FortniteTV', 'mulhertrans', 'LGBTQ', 'girl', 'GamerRage', 'DropsAtivados']",[],False
16,2025-03-27 08:12,Cooruja,pt,Overwatch 2,[ !DROP Faster] 5 Lootbox free! !Sorteio Widow ARMA MITICA !eternus !Passefree,"['Autismo', 'TDAH', 'SafeSpace', 'Pai', 'Overwatch', 'Português', '4fun', 'OW2Season15', 'OW2Brasil', 'DropsAtivados']",[],False
16,2025-03-27 08:12,KahTerto,pt,Night Crows,Farme da madrugada... Eu toô cochilando por ai kkkk !noping !gadometro !clip !torneios,"['LOL', 'LBGQTGAMER', 'Português', 'Brazilian', 'portugalstreamer', 'MOBA', 'repeatgg', 'mosgg', 'noping', 'MMORPPG']",['ProfanityVulgarity'],False
16,2025-03-27 08:12,canaldomonstro,pt,Grand Theft Auto V,"🔥🎮⚡E aí,guaxinim! Começando mais uma live INSANA com o MONSTRÃO!⚡ 🎮🔥❗️LIVE ❗️DISCORD ❗️SUB❗️ COMANDOS ❗️","['GTARP', 'CANALDOMONSTRO', 'INSANO', 'CHEFÃO', '01', 'roleplay', 'gameplay', 'live', 'monstro', 'Português']",['MatureGame'],False
16,2025-03-27 08:12,vaiseroultimo,pt,Fortnite,Domine o Combate: Fortnite TROCAÇÃO 🔴Ao Vivo,"['Português', 'Jogadoresiniciantes', 'jogandocomochat', 'Brasil', 'SKINSGRATISFORTNITE', 'Trocação', 'Keymailer', 'fortnite', 'construçãozero']",[],False
17,2025-03-27 12:01,EiMine77,pt,Minecraft,✅ RECOMPENSAS ON! | ⭐ SEJA RÁPIDO E GANHE UMA CAPA DE GRAÇA: !CAPA | 💘 INSTAGRAM: @EIMINE77 | !ajuda !rerun !sub !subgratis !loja,"['Minecraft', 'EiMine', 'Português', 'RecompensasEspetadores']",[],False
17,2025-03-27 12:01,aatonz,pt,Sea of Thieves,🟢🟡DROPS ON🟡🟢É HOJE!!Atualização Season 15.2 de Sea of Thieves !! ChAmA QUe VEM!! Twitch em PROMOÇAO!!  VAMOKERE!!! BOM DIA!!,"['casual', 'engraçado', 'pirata', 'English', 'Português', 'Yoda', 'Gaules', 'giveaway', 'DropsAtivados', 'alanzoka']",[],False
17,2025-03-27 12:02,miguelitodoarrocha,pt,EA Sports FC 25,💥quinta de packs e MT MT  da WL   - bem vindos a live do Miguelito Do Arrocha,"['Português', 'Portugal', 'Competitivo', 'resenha', 'Resenhando', 'ultimateteam', 'fifa', 'EAFC', 'eafc25', 'eafcsports']",[],False
17,2025-03-27 12:02,Vitor_jbs,pt,Minecraft,SURVIVAL COM MODS 🐉 |❗pix ❗dc ❗comandos,"['Português', 'minecraft', 'mine', 'pvp', 'bedwars', 'mush', 'mushmc', 'roblox', 'RecompensasEspetadores']",[],False
17,2025-03-27 12:02,Kowalski_gameplay,pt,Fortnite,BOM DIA E BORA DE JOGATINA!!! - CODE: KOWALSKIGAMEPLAY,"['AMA', 'Jogandocomespectadores', 'jogandocomamigos', 'Português', 'Jogandocomespectadores', 'jogandocomochat', 'fortnite', 'fortnitezerobuild', 'ZeroBuildFortnite']",[],False
17,2025-03-27 12:02,aFranzita,pt,Minecraft,Chegou o grande dia... BORA ENFRENTAR O DRAGÃO | DROP de Capa do Minecraft ATIVO,"['PortuguêsBR', 'Português', 'jogo', 'mulherjogando', 'localseguro', 'aventura', 'noobstreamer', 'survival', 'RecompensasEspetadores']",[],False
17,2025-03-27 12:02,taki_vlr,pt,VALORANT,jogando vava,"['Português', 'VALORANＴ', 'English', 'jett']",[],False
17,2025-03-27 12:02,veroneze,pt,VALORANT,RANKED RADIANTE | ESPANCANDO NEWBAS | @VERONEZEFPS,['Português'],[],False
17,2025-03-27 12:02,Dede,pt,Just Chatting,PAPITHON DIA 39 - DEDSCINE,['Português'],[],False
18,2025-03-27 12:11,EiMine77,pt,Minecraft,✅ RECOMPENSAS ON! | ⭐ SEJA RÁPIDO E GANHE UMA CAPA DE GRAÇA: !CAPA | 💘 INSTAGRAM: @EIMINE77 | !ajuda !rerun !sub !subgratis !loja,"['Minecraft', 'EiMine', 'Português', 'RecompensasEspetadores']",[],False
18,2025-03-27 12:11,aatonz,pt,Sea of Thieves,🟢🟡DROPS ON🟡🟢É HOJE!!Atualização Season 15.2 de Sea of Thieves !! ChAmA QUe VEM!! Twitch em PROMOÇAO!!  VAMOKERE!!! BOM DIA!!,"['casual', 'engraçado', 'pirata', 'English', 'Português', 'Yoda', 'Gaules', 'giveaway', 'DropsAtivados', 'alanzoka']",[],False
18,2025-03-27 12:11,Vitor_jbs,pt,Minecraft,SURVIVAL COM MODS 🐉 |❗pix ❗dc ❗comandos,"['Português', 'minecraft', 'mine', 'pvp', 'bedwars', 'mush', 'mushmc', 'roblox', 'RecompensasEspetadores']",[],False
18,2025-03-27 12:11,Kowalski_gameplay,pt,Fortnite,BOM DIA E BORA DE JOGATINA!!! - CODE: KOWALSKIGAMEPLAY,"['AMA', 'Jogandocomespectadores', 'jogandocomamigos', 'Português', 'Jogandocomespectadores', 'jogandocomochat', 'fortnite', 'fortnitezerobuild', 'ZeroBuildFortnite']",[],False
18,2025-03-27 12:11,CORALtv_,pt,Fortnite,BOM DIA ❤️  RESGATE ITENS NA !LOJA ✨ USE CODE: COORAL #AD ✨ !RESGATE,"['Português', 'Fortnite', 'sorteio', 'VbucksGrátis', 'sorteios', 'vbucks', 'jogandocomespectadores']",[],False
18,2025-03-27 12:11,aFranzita,pt,Minecraft,Chegou o grande dia... BORA ENFRENTAR O DRAGÃO | DROP de Capa do Minecraft ATIVO,"['PortuguêsBR', 'Português', 'jogo', 'mulherjogando', 'localseguro', 'aventura', 'noobstreamer', 'survival', 'RecompensasEspetadores']",[],False
18,2025-03-27 12:11,Bluezinho2,pt,Dead by Daylight,[+18] 💙LOOPS NO DBD + OW2 💙,"['LGBTQIAPlus', 'Português', 'ＤBD', 'GamesAndChatting', 'Jogandocomespectadores', 'fallguys', 'Gostoso', 'Veganismos', 'Overｗatch2', 'deadbbydaylight']","['MatureGame', 'ProfanityVulgarity']",False
18,2025-03-27 12:11,Elllandria,pt,Marvel Rivals,🔴 DROPS ON! Sorteio novo no arj!  #OverwatchCreator  #MarvelRivals  #marvelRivalsPartner #EternalNightFalls #FantasticFour !sorteio,"['Português', 'PC', 'Competitivo', 'Overwatch', 'marvelrivals', 'OverwatchCreators', 'EternalNightFalls', 'Overｗatch2', 'FantasticFour', 'MarvelRivalsPartner']",[],False
18,2025-03-27 12:11,wanessa021w,pt,Stardew Valley,"[+18] Bora de novo?, mas Bom diaaa. Subathon dia 45 !subathon !pudim !ticket !pix !discord !sr !clip","['Português', 'Aconchegante', 'TDH', 'Vtuber', 'DicçãoRuim', 'VtuberBR', 'subathon']",[],False
19,2025-03-27 12:20,EiMine77,pt,Minecraft,✅ RECOMPENSAS ON! | ⭐ SEJA RÁPIDO E GANHE UMA CAPA DE GRAÇA: !CAPA | 💘 INSTAGRAM: @EIMINE77 | !ajuda !rerun !sub !subgratis !loja,"['Minecraft', 'EiMine', 'Português', 'RecompensasEspetadores']",[],False
19,2025-03-27 12:20,aatonz,pt,Sea of Thieves,🟢🟡DROPS ON🟡🟢É HOJE!!Atualização Season 15.2 de Sea of Thieves !! ChAmA QUe VEM!! Twitch em PROMOÇAO!!  VAMOKERE!!! BOM DIA!!,"['casual', 'engraçado', 'pirata', 'English', 'Português', 'Yoda', 'Gaules', 'giveaway', 'DropsAtivados', 'alanzoka']",[],False
19,2025-03-27 12:20,mihzavati,pt,Overwatch 2,(♡ DROPS ON ) bora de gameplay duvidosa  kkk 🙂🙂❤️🎮🎮,"['Português', 'FortniteTV', 'mulhertrans', 'LGBTQ', 'girl', 'GamerRage', 'DropsAtivados']",[],False
19,2025-03-27 12:20,miguelitodoarrocha,pt,EA Sports FC 25,💥quinta de packs e MT MT  da WL   - bem vindos a live do Miguelito Do Arrocha,"['Português', 'Portugal', 'Competitivo', 'resenha', 'Resenhando', 'ultimateteam', 'fifa', 'EAFC', 'eafc25', 'eafcsports']",[],False
19,2025-03-27 12:20,Vitor_jbs,pt,Minecraft,SURVIVAL COM MODS 🐉 |❗pix ❗dc ❗comandos,"['Português', 'minecraft', 'mine', 'pvp', 'bedwars', 'mush', 'mushmc', 'roblox', 'RecompensasEspetadores']",[],False
19,2025-03-27 12:20,Kowalski_gameplay,pt,OUTLAWED,BOM DIA E BORA DE JOGATINA!!! - CODE: KOWALSKIGAMEPLAY #keymailer #OUTLAWED,"['AMA', 'Jogandocomespectadores', 'jogandocomamigos', 'Português', 'Jogandocomespectadores', 'jogandocomochat', 'otlawed']",[],False
19,2025-03-27 12:20,oBruxoFut,pt,EA Sports FC 25,✨ PREMIAÇÃO RIVALS + TERMINANDO O GULLIT E MATA-MATA ❗️tatica ❗️st ❗️lurdinha,"['Português', 'muitoelegante', 'charmoso', 'bonito', 'inteligente', 'carismático', 'educado', 'proplayer', 'futebol', 'fitness']",[],False
19,2025-03-27 12:20,TioPedroJoga,pt,EA Sports FC 25,"RECOMPENSAS DO RIVALS DIVISÃO 1, FARM EM BUSCA DO GULLIT E AQUELA GAMEPLAY  !cliente !coins !camiseta",['Português'],[],False
19,2025-03-27 12:20,MGW_FC,pt,EA Sports FC 25,"JOGAMOS NA SUA CONTA , CHAMAAAA! !pix !grupo !trade",['Português'],[],False
20,2025-03-27 12:31,EiMine77,pt,Minecraft,✅ RECOMPENSAS ON! | ⭐ SEJA RÁPIDO E GANHE UMA CAPA DE GRAÇA: !CAPA | 💘 INSTAGRAM: @EIMINE77 | !ajuda !rerun !sub !subgratis !loja,"['Minecraft', 'EiMine', 'Português', 'RecompensasEspetadores']",[],False
20,2025-03-27 12:32,aatonz,pt,Sea of Thieves,🟢🟡DROPS ON🟡🟢É HOJE!!Atualização Season 15.2 de Sea of Thieves !! ChAmA QUe VEM!! Twitch em PROMOÇAO!!  VAMOKERE!!! BOM DIA!!,"['casual', 'engraçado', 'pirata', 'English', 'Português', 'Yoda', 'Gaules', 'giveaway', 'DropsAtivados', 'alanzoka']",[],False
20,2025-03-27 12:32,miguelitodoarrocha,pt,EA Sports FC 25,💥quinta de packs e MT MT  da WL   - bem vindos a live do Miguelito Do Arrocha,"['Português', 'Portugal', 'Competitivo', 'resenha', 'Resenhando', 'ultimateteam', 'fifa', 'EAFC', 'eafc25', 'eafcsports']",[],False
20,2025-03-27 12:32,Vitor_jbs,pt,Minecraft,SURVIVAL COM MODS 🐉 |❗pix ❗dc ❗comandos,"['Português', 'minecraft', 'mine', 'pvp', 'bedwars', 'mush', 'mushmc', 'roblox', 'RecompensasEspetadores']",[],False
20,2025-03-27 12:32,aFranzita,pt,Minecraft,Chegou o grande dia... BORA ENFRENTAR O DRAGÃO | DROP de Capa do Minecraft ATIVO,"['PortuguêsBR', 'Português', 'jogo', 'mulherjogando', 'localseguro', 'aventura', 'noobstreamer', 'survival', 'RecompensasEspetadores']",[],False
20,2025-03-27 12:32,CORALtv_,pt,Fortnite,BOM DIA ❤️  RESGATE ITENS NA !LOJA ✨ USE CODE: COORAL #AD ✨ !RESGATE,"['Português', 'Fortnite', 'sorteio', 'VbucksGrátis', 'sorteios', 'vbucks', 'jogandocomespectadores']",[],False
20,2025-03-27 12:32,Alface085,pt,Grand Theft Auto V,[+18] CAPITAL - GERENTE DE RESENHA... MIDNIGHT! !livepix !comandos,"['RP', 'resenha', 'gta', 'GTARP', 'complexo', 'CPX', 'REACT', 'ALFACE', 'valorant', 'CAPITAL']",['MatureGame'],False
20,2025-03-27 12:32,Igor_Aurelio,pt,Counter-Strike,[ +18 ] Jogando e trocando uma ideia !  chega junto e aproveita ❗sorteio ❗musica ❗apoie ❗loja ❗instagram,"['Português', 'CounterStrike2', 'Skinsgratis', 'Sorteios', 'Giveaway', 'FPS', 'Competitive', 'eSports', 'Interactive', 'drops']",['MatureGame'],False
20,2025-03-27 12:32,pandox____,pt,The Bazaar,"SÓ DECK TORTO  . MUSICA BOA,  NO TOXIC, NO TILT [Lucas 1:37]",['Português'],[],False
26,2025-03-27 20:02,CarecaSincero,pt,Marvel Rivals,!LOJA Marvel Rivals? Sei nem com quem eu vou..,"['English', 'FARMPIX', 'PIX', 'loja', 'mechabreakplaytest', 'Português', 'DropsAtivados']",[],False
26,2025-03-27 20:02,EiMine77,pt,Minecraft,✅ RECOMPENSAS ON! | ⭐ SEJA RÁPIDO E GANHE UMA CAPA DE GRAÇA: !CAPA | 💘 INSTAGRAM: @EIMINE77 | !ajuda !rerun !sub !subgratis !loja,"['Minecraft', 'EiMine', 'Português']",[],False
26,2025-03-27 20:02,guisobrevivente_,pt,Minecraft,[CAPE] oi bora conversar ?,"['minecraft', 'guisobrevivente', 'tiktok', 'realista', 'shaders', 'construcao', 'conversa', 'amigavel', 'Português']",[],False
26,2025-03-27 20:02,yunizinhafps,pt,Grand Theft Auto V,"+18 DIVISA RP YUNIZADA (conta nova, ban fivem 14 dias)","['Português', 'coringarp', 'GTARPLIVE', 'datenarp', 'gtavrproleplay', 'ＧTA5', 'gtandTheftAutoV', 'ComplexoRP', 'redbeiramar', 'paulinhooloko']",['MatureGame'],False
26,2025-03-27 20:02,redinhocsgo,pt,Counter-Strike,(+18) -1 +1 CSzin | @lycinhaa <3 !atraz1na !skinsvip !louztech !7TV,['Português'],['MatureGame'],False
26,2025-03-27 20:02,uBuBble,pt,Fortnite,ZB PRO RELOAD | Use code ❝ uBuBble ❞ #ad !pix !rank !tabela !earnings !playlist,['Português'],['ProfanityVulgarity'],False
26,2025-03-27 20:02,Wanderwisp,en,Minecraft,[CAPE DROP] Minecraft Movie Event! Quest #2!,"['English', 'SafeSpace', 'LGBTQIAPlus', 'ADHD', 'minecraft', 'chill', 'bedrock', 'funny']",[],False
26,2025-03-27 20:02,uFyos,pt,Minecraft,DROP DE CAPA ATIVO❗ Use !CAPA | !Sub !Party,"['Português', 'entretenimiento', 'uFyos']",[],False
26,2025-03-27 20:02,Cibergun,es,Minecraft,🎁DROPS MINECRAFT  - [24/7]🎁 🟥    Capa GRATIS || Free CAPE  - Java / Bedrock Edition - Con trucos y curiosidades de Minecraft !Cape !drop,"['Minecraft', 'drops', 'Drop', 'minecraft', 'capa', 'drops', 'cape', 'Español']",[],False
27,2025-03-27 20:13,CarecaSincero,pt,Marvel Rivals,!LOJA Marvel Rivals? Sei nem com quem eu vou..,"['English', 'FARMPIX', 'PIX', 'loja', 'mechabreakplaytest', 'Português', 'DropsAtivados']",[],False
27,2025-03-27 20:14,EiMine77,pt,Minecraft,✅ RECOMPENSAS ON! | ⭐ SEJA RÁPIDO E GANHE UMA CAPA DE GRAÇA: !CAPA | 💘 INSTAGRAM: @EIMINE77 | !ajuda !rerun !sub !subgratis !loja,"['Minecraft', 'EiMine', 'Português']",[],False
27,2025-03-27 20:14,guisobrevivente_,pt,Minecraft,[CAPE] oi bora conversar ?,"['minecraft', 'guisobrevivente', 'tiktok', 'realista', 'shaders', 'construcao', 'conversa', 'amigavel', 'Português']",[],False
27,2025-03-27 20:14,yunizinhafps,pt,Grand Theft Auto V,"+18 DIVISA RP YUNIZADA (conta nova, ban fivem 14 dias)","['Português', 'coringarp', 'GTARPLIVE', 'datenarp', 'gtavrproleplay', 'ＧTA5', 'gtandTheftAutoV', 'ComplexoRP', 'redbeiramar', 'paulinhooloko']",['MatureGame'],False
27,2025-03-27 20:14,laisvampi,pt,Gears of War: Ultimate Edition,🔞 HELLOOOOO 🔞,"['Português', 'Reposição']","['MatureGame', 'ProfanityVulgarity']",False
27,2025-03-27 20:14,uBuBble,pt,Fortnite,ZB PRO RELOAD | Use code ❝ uBuBble ❞ #ad !pix !rank !tabela !earnings !playlist,['Português'],['ProfanityVulgarity'],False
27,2025-03-27 20:14,Nitrao_,pt,Marvel Rivals,"!Exitlag 50% OFF até dia 31, usa meu link pra ter acesso!","['Português', 'DropsAtivados']",[],False
27,2025-03-27 20:14,MORGANITA,pt,Overwatch 2,DROPS ON!!!!! AJUDA NA META?,"['Competitivo', 'Português', 'PlayingwithViewers', 'ConversandoComOChat', 'Casual', 'CasualPlaytrough', 'DropsAtivados']",[],False
27,2025-03-27 20:14,jessieziinha,pt,Overwatch 2,[DROPS ON]🗣️ QUINTOU SEM FREJA = AINDA BEM? +GOATS,"['Português', 'Mulher', 'overwatch', 'overwatch2', 'PlayingwithViewers', 'ConversandoComOChat', 'noobstreamer', 'lerdeza', 'TDAH', 'DropsAtivados']",['ProfanityVulgarity'],False
28,2025-03-27 20:24,EiMine77,pt,Minecraft,✅ RECOMPENSAS ON! | ⭐ SEJA RÁPIDO E GANHE UMA CAPA DE GRAÇA: !CAPA | 💘 INSTAGRAM: @EIMINE77 | !ajuda !rerun !sub !subgratis !loja,"['Minecraft', 'EiMine', 'Português']",[],False
28,2025-03-27 20:24,CarecaSincero,pt,Marvel Rivals,!LOJA Marvel Rivals? Sei nem com quem eu vou..,"['English', 'FARMPIX', 'PIX', 'loja', 'mechabreakplaytest', 'Português', 'DropsAtivados']",[],False
28,2025-03-27 20:24,OGALOJOGA,pt,Grand Theft Auto V,[CAPITAL CITY] - DIA 3 DO GENJI NA CAPITAL! - !pix !pc !ticket,"['Português', 'roleplayer', 'fivem', 'gta']",['MatureGame'],False
28,2025-03-27 20:24,guisobrevivente_,pt,Minecraft,[CAPE] oi bora conversar ?,"['minecraft', 'guisobrevivente', 'tiktok', 'realista', 'shaders', 'construcao', 'conversa', 'amigavel', 'Português']",[],False
28,2025-03-27 20:24,laisvampi,pt,Gears of War: Ultimate Edition,🔞 HELLOOOOO 🔞,"['Português', 'Reposição']","['MatureGame', 'ProfanityVulgarity']",False
28,2025-03-27 20:24,naatfps,pt,Grand Theft Auto V,[PLF/FLOW RP] qual o fundamento?     !livepix       @naatfps,"['FiveM', 'Português', 'Valorant', 'GTA', 'cpx', 'complexo', 'rp']",['MatureGame'],False
28,2025-03-27 20:24,EbersonFarias,pt,Dead by Daylight,BORA DE DBD! SUBATHON 11/04✨ -🔞🔹❗pix ❗clip ❗youtube ❗discord ❗insta 🔹,"['deadbydaylight', 'dbd', 'gay', 'lgbt', 'Português', 'LGBTQIA', 'TDAH', 'conversa', 'humor', 'Brasil']",['MatureGame'],False
28,2025-03-27 20:24,demuxa,pt,Schedule I,SUBATUXAA ❗pix ❗discord ❗demiflix,"['Português', 'Gay', 'peruca', 'passiva', 'LGBTQIAPIus', 'proplayer', 'terror', 'Horror', 'Cozy']",['ProfanityVulgarity'],True
28,2025-03-27 20:24,MdmDaiane,pt,Just Chatting,LIVE ESPECIAL FEAT MILLYZINHA BOBBYZINHA ELMO BROWN❗️skinny❗️pix ❗️discord ❗️youtube ❗️zap ❗️sorteio,['Português'],['ProfanityVulgarity'],False
29,2025-03-27 20:34,CarecaSincero,pt,Marvel Rivals,!LOJA Marvel Rivals? Sei nem com quem eu vou..,"['English', 'FARMPIX', 'PIX', 'loja', 'mechabreakplaytest', 'Português', 'DropsAtivados']",[],False
29,2025-03-27 20:34,Lukitaagamer,pt,Fortnite,🔥AMANHÃ FORTNITE X MORTAL KOMBAT | USE O COD: Lukitabola1 ♥ ❗PRIME |❗LOJA |❗PIX | ❗SUB |,"['ação', 'Português', 'sorteio', 'residentevil4', 'fortinitebattleroyale', 'fortnite', 'fortnitereload', 'FortniteRanked']",[],False
29,2025-03-27 20:34,EiMine77,pt,Minecraft,✅ RECOMPENSAS ON! | ⭐ SEJA RÁPIDO E GANHE UMA CAPA DE GRAÇA: !CAPA | 💘 INSTAGRAM: @EIMINE77 | !ajuda !rerun !sub !subgratis !loja,"['Minecraft', 'EiMine', 'Português']",[],False
29,2025-03-27 20:34,yunizinhafps,pt,Grand Theft Auto V,"+18 DIVISA RP YUNIZADA (conta nova, ban fivem 14 dias)","['Português', 'coringarp', 'GTARPLIVE', 'datenarp', 'gtavrproleplay', 'ＧTA5', 'gtandTheftAutoV', 'ComplexoRP', 'redbeiramar', 'paulinhooloko']",['MatureGame'],False
29,2025-03-27 20:34,laisvampi,pt,Gears of War: Ultimate Edition,🔞 HELLOOOOO 🔞,"['Português', 'Reposição']","['MatureGame', 'ProfanityVulgarity']",False
29,2025-03-27 20:34,redinhocsgo,pt,Counter-Strike,(+18) -1 +1 CSzin | @lycinhaa <3 !atraz1na !skinsvip !louztech !7TV,['Português'],['MatureGame'],False
29,2025-03-27 20:34,afknaty,pt,VALORANT,AO VIVO>  smurfando no prata,"['VALORONAT', 'Palavrão', 'Português', 'conversando']",['ProfanityVulgarity'],True
29,2025-03-27 20:35,loma_sz,pt,VALORANT,valorant +18 !pix !comandos !clip !discord,"['gamer', 'VALORANＴ', 'Mulher', 'Português']",[],False
29,2025-03-27 20:35,DonnaJapa,pt,VALORANT,oiiiiiiiiiiiiiiii  ♥ !elo !pix,"['Mulher', 'Valorant', 'Português', 'linda']",[],False
30,2025-03-27 20:45,CarecaSincero,pt,Marvel Rivals,!LOJA Marvel Rivals? Sei nem com quem eu vou..,"['English', 'FARMPIX', 'PIX', 'loja', 'mechabreakplaytest', 'Português', 'DropsAtivados']",[],False
30,2025-03-27 20:45,Lukitaagamer,pt,Fortnite,🔥AMANHÃ FORTNITE X MORTAL KOMBAT | USE O COD: Lukitabola1 ♥ ❗PRIME |❗LOJA |❗PIX | ❗SUB |,"['ação', 'Português', 'sorteio', 'residentevil4', 'fortinitebattleroyale', 'fortnite', 'fortnitereload', 'FortniteRanked']",[],False
30,2025-03-27 20:45,EiMine77,pt,Minecraft,✅ RECOMPENSAS ON! | ⭐ SEJA RÁPIDO E GANHE UMA CAPA DE GRAÇA: !CAPA | 💘 INSTAGRAM: @EIMINE77 | !ajuda !rerun !sub !subgratis !loja,"['Minecraft', 'EiMine', 'Português']",[],False
30,2025-03-27 20:45,tonton_br,pt,Just Chatting,"Eu e tu, tu e eu 🌸 ❗Drops ❗sociais ❗Sub ✨ +18","['Português', 'divertido', 'Rock', 'Mulher', 'TDAH', 'ConversandoComOChat', 'fofoca', 'Oevrwatch']",[],False
30,2025-03-27 20:45,guunnerz,pt,Sea of Thieves,DROPS ON! | ESTOU MELHOR E BORA DE LIVE! | Sea of Thieves | !PIX | !Comandos,"['Brasil', 'Português', 'seaofthieves', 'seaofthievescommunity', 'SeaofThievesgameplay', 'Gunnerz', 'SoTPvp', 'PvE', 'PvEPvP', 'Guunnerz']",[],False
30,2025-03-27 20:45,yunizinhafps,pt,Grand Theft Auto V,"+18 DIVISA RP YUNIZADA (conta nova, ban fivem 14 dias)","['Português', 'coringarp', 'GTARPLIVE', 'datenarp', 'gtavrproleplay', 'ＧTA5', 'gtandTheftAutoV', 'ComplexoRP', 'redbeiramar', 'paulinhooloko']",['MatureGame'],False
30,2025-03-27 20:45,ofernandomaidana,pt,Sea of Thieves,DROPS 🟢 DIA DE MEGA LAMBANÇA !cmd !playlist,"['Português', 'seaofthieves', 'pirata', 'SongRequests', 'songrequest', 'SeaOfThievesPartner', 'SeaofThievesgameplay', 'English', 'DropsAtivados']",[],False
30,2025-03-27 20:45,MixelPlx,en,Sea of Thieves,"!DROPS🔥 DESTINY 2 COLLAB, SPEARS, NEW COSMETICS, & MORE 🔥 !food !yt","['English', 'DropsEnabled']",[],False
30,2025-03-27 20:45,asteffani,pt,League of Legends,nortista jogando via cipó 🌸 (!sr OFF) ❗SHEREK  ❗WTLE,['Português'],[],False
31,2025-03-28 00:02,iShadowWolf_,pt,Fall Guys,(+18) Livezinha Muito Doida!   ||   (❗comandos ❗metas ❗drops)   ||   (Epic Code: SHADOWOLF),['Português'],[],False
31,2025-03-28 00:02,guisobrevivente_,pt,Minecraft,[CAPE] oi bora conversar ?,"['minecraft', 'guisobrevivente', 'tiktok', 'realista', 'shaders', 'construcao', 'conversa', 'amigavel', 'Português']",[],False
31,2025-03-28 00:02,EiMine77,pt,Minecraft,✅ RECOMPENSAS ON! | ⭐ SEJA RÁPIDO E GANHE UMA CAPA DE GRAÇA: !CAPA | 💘 INSTAGRAM: @EIMINE77 | !ajuda !rerun !sub !subgratis !loja,"['Minecraft', 'EiMine', 'Português']",[],False
31,2025-03-28 00:02,CarecaSincero,pt,Marvel Rivals,!LOJA Marvel Rivals? Sei nem com quem eu vou..,"['English', 'FARMPIX', 'PIX', 'loja', 'mechabreakplaytest', 'Português', 'DropsAtivados']",[],False
31,2025-03-28 00:02,Dilascio_,pt,Marvel Rivals,(DROPS ON) GRIND DO CONTEÚDO,"['Português', 'Competitivo', 'Conversa', 'top500', 'overwatch', 'English', 'DropsAtivados']",[],False
31,2025-03-28 00:03,beletz_,pt,Fortnite,RELOAD NO FORTNITE 🔥JOGANDO FORTNITE COM O CHAT ♡ USE O CODE: BELETZ🩵❗sub❗pix ❗code,"['portugues', 'fortnite', 'fortnitetrocacao', 'stream', 'Português', 'girlgamers']",[],False
31,2025-03-28 00:03,PraCaroles,pt,Hades,Não sabo jogar roguelike !pix !bits !nuuvem !amazon,"['AMA', 'Conversa', 'Português', 'Palpites', 'Dicas', 'Captions', 'Primeirajogada']",['ProfanityVulgarity'],False
31,2025-03-28 00:03,RizkalLulu,pt,R.E.P.O.,Oieeee ✨ REPO REPO💕  | !sociais !pix !parceiros !clip !nnayas,"['Girl', 'Valorant', 'emo', 'Português', 'mulher', 'leagueoflegends', 'gameplay', 'humor', 'LGBTQIAMais']",[],False
31,2025-03-28 00:03,oGroselhaTV,pt,Assassin's Creed Shadows,4x80 THE OFFICE É MT BOM,"['Português', 'jogos', 'conversa', 'LGBT', 'amigos', 'foryou', 'DropsAtivados']",['MatureGame'],False
32,2025-03-28 00:10,iShadowWolf_,pt,Overwatch 2,(+18) Livezinha Muito Doida!   ||   (❗comandos ❗metas ❗drops)   ||   (Epic Code: SHADOWOLF),['Português'],[],False
32,2025-03-28 00:10,guisobrevivente_,pt,Minecraft,[CAPE] oi bora conversar ?,"['minecraft', 'guisobrevivente', 'tiktok', 'realista', 'shaders', 'construcao', 'conversa', 'amigavel', 'Português']",[],False
32,2025-03-28 00:11,EiMine77,pt,Minecraft,✅ RECOMPENSAS ON! | ⭐ SEJA RÁPIDO E GANHE UMA CAPA DE GRAÇA: !CAPA | 💘 INSTAGRAM: @EIMINE77 | !ajuda !rerun !sub !subgratis !loja,"['Minecraft', 'EiMine', 'Português']",[],False
32,2025-03-28 00:11,CarecaSincero,pt,Marvel Rivals,!LOJA Marvel Rivals? Sei nem com quem eu vou..,"['English', 'FARMPIX', 'PIX', 'loja', 'mechabreakplaytest', 'Português', 'DropsAtivados']",[],False
32,2025-03-28 00:11,Dilascio_,pt,Marvel Rivals,(DROPS ON) GRIND DO CONTEÚDO,"['Português', 'Competitivo', 'Conversa', 'top500', 'overwatch', 'English', 'DropsAtivados']",[],False
32,2025-03-28 00:11,beletz_,pt,Fortnite,RELOAD NO FORTNITE 🔥JOGANDO FORTNITE COM O CHAT ♡ USE O CODE: BELETZ🩵❗sub❗pix ❗code,"['portugues', 'fortnite', 'fortnitetrocacao', 'stream', 'Português', 'girlgamers']",[],False
32,2025-03-28 00:11,loma_sz,pt,VALORANT,valorant +18 !pix !comandos !clip !discord,"['gamer', 'VALORANＴ', 'Mulher', 'Português']",[],False
32,2025-03-28 00:11,camizlobato,pt,VALORANT,Será que hoje chego no radiante? 🔫,"['Português', 'Mulher', 'Jogos', 'Competitivo', 'girl', 'fps']",['ProfanityVulgarity'],True
32,2025-03-28 00:11,maritwoo,pt,VALORANT,wiwiwi :3  ❗pix | ❗redes| ❗elo,"['Português', 'smoke', 'omen', 'ruim', 'radiante']",[],False
33,2025-03-28 00:19,iShadowWolf_,pt,Overwatch 2,(+18) Livezinha Muito Doida!   ||   (❗comandos ❗metas ❗drops)   ||   (Epic Code: SHADOWOLF),"['Português', 'DropsAtivados']",[],False
33,2025-03-28 00:19,guisobrevivente_,pt,Minecraft,[CAPE] oi bora conversar ?,"['minecraft', 'guisobrevivente', 'tiktok', 'realista', 'shaders', 'construcao', 'conversa', 'amigavel', 'Português']",[],False
33,2025-03-28 00:19,EiMine77,pt,Minecraft,✅ RECOMPENSAS ON! | ⭐ SEJA RÁPIDO E GANHE UMA CAPA DE GRAÇA: !CAPA | 💘 INSTAGRAM: @EIMINE77 | !ajuda !rerun !sub !subgratis !loja,"['Minecraft', 'EiMine', 'Português']",[],False
33,2025-03-28 00:19,Dilascio_,pt,Marvel Rivals,(DROPS ON) GRIND DO CONTEÚDO,"['Português', 'Competitivo', 'Conversa', 'top500', 'overwatch', 'English', 'DropsAtivados']",[],False
33,2025-03-28 00:20,beletz_,pt,Fortnite,RELOAD NO FORTNITE 🔥JOGANDO FORTNITE COM O CHAT ♡ USE O CODE: BELETZ🩵❗sub❗pix ❗code,"['portugues', 'fortnite', 'fortnitetrocacao', 'stream', 'Português', 'girlgamers']",[],False
33,2025-03-28 00:20,CarecaSincero,pt,Marvel Rivals,!LOJA Marvel Rivals? Sei nem com quem eu vou..,"['English', 'FARMPIX', 'PIX', 'loja', 'mechabreakplaytest', 'Português', 'DropsAtivados']",[],False
33,2025-03-28 00:20,Ayellol,pt,League of Legends,DUO 🐒MUCALOL🐒 | !t2 !discord !ragnarok !pix !cortes !youtube,['Português'],[],True
33,2025-03-28 00:20,Rodil,pt,League of Legends,SÓ VALE CAMPEÃO QUE NÃO É JUNGLE NA RANQUEADA! | !pix !paypal !loco !ytb,"['Português', 'proplayer', 'Idoso', 'Gostoso', 'LGBT', 'top1']",[],False
33,2025-03-28 00:20,ClovaoBengala,pt,League of Legends,VEM MUAMUANDO EUUUUU !loco !rag !pix !ad !social,"['Português', 'League', 'leagueoflegeneds', 'lol', 'jogos']",[],True
34,2025-03-28 00:29,TheYuzuroEffect,pt,Grand Theft Auto V,[+18] Jogando com amigos | GTA V: Enhanced,"['Português', 'Mulher', 'Ultrawide']",['MatureGame'],False
34,2025-03-28 00:29,iShadowWolf_,pt,Overwatch 2,(+18) Livezinha Muito Doida!   ||   (❗comandos ❗metas ❗drops)   ||   (Epic Code: SHADOWOLF),"['Português', 'DropsAtivados']",[],False
34,2025-03-28 00:29,beletz_,pt,Fortnite,RELOAD NO FORTNITE 🔥JOGANDO FORTNITE COM O CHAT ♡ USE O CODE: BELETZ🩵❗sub❗pix ❗code,"['portugues', 'fortnite', 'fortnitetrocacao', 'stream', 'Português', 'girlgamers']",[],False
34,2025-03-28 00:30,guisobrevivente_,pt,Minecraft,[CAPE] oi bora conversar ?,"['minecraft', 'guisobrevivente', 'tiktok', 'realista', 'shaders', 'construcao', 'conversa', 'amigavel', 'Português']",[],False
34,2025-03-28 00:30,CarecaSincero,pt,Marvel Rivals,!LOJA Marvel Rivals? Sei nem com quem eu vou..,"['English', 'FARMPIX', 'PIX', 'loja', 'mechabreakplaytest', 'Português', 'DropsAtivados']",[],False
34,2025-03-28 00:30,morenageek,pt,Fortnite,Bora pinar e tiltar junto comigo,"['Fortnite', 'GirlPlayer', 'PS5LiveStream', 'ControlerGaming', 'Português']",[],False
34,2025-03-28 00:30,demuxa,pt,inZOI,SUBATUXAA ❗pix ❗discord ❗demiflix,"['Português', 'Gay', 'peruca', 'passiva', 'LGBTQIAPIus', 'proplayer', 'terror', 'Horror', 'Cozy']",['ProfanityVulgarity'],True
34,2025-03-28 00:30,syndrel,pt,Dead by Daylight,"DBD KILLER, VEM PRA LIVEE","['Português', 'Drag', 'LGBT', 'Syndra', 'mid', 'texas', 'dbd', 'leagueoflegends', 'ADC', 'ADCARRY']",['MatureGame'],False
34,2025-03-28 00:30,MandyMess,pt,Split Fiction,SPLIT FICTION com @claritysnicket❗sub❗pix❗insta,"['LGBT', 'DragQueen', 'Português']",[],False
35,2025-03-28 00:39,iShadowWolf_,pt,Overwatch 2,(+18) Livezinha Muito Doida!   ||   (❗comandos ❗metas ❗drops)   ||   (Epic Code: SHADOWOLF),"['Português', 'DropsAtivados']",[],False
35,2025-03-28 00:39,guisobrevivente_,pt,Minecraft,[CAPE] oi bora conversar ?,"['minecraft', 'guisobrevivente', 'tiktok', 'realista', 'shaders', 'construcao', 'conversa', 'amigavel', 'Português']",[],False
35,2025-03-28 00:39,beletz_,pt,Fortnite,RELOAD NO FORTNITE 🔥JOGANDO FORTNITE COM O CHAT ♡ USE O CODE: BELETZ🩵❗sub❗pix ❗code,"['portugues', 'fortnite', 'fortnitetrocacao', 'stream', 'Português', 'girlgamers']",[],False
35,2025-03-28 00:39,EiMine77,pt,Minecraft,✅ RECOMPENSAS ON! | ⭐ SEJA RÁPIDO E GANHE UMA CAPA DE GRAÇA: !CAPA | 💘 INSTAGRAM: @EIMINE77 | !ajuda !rerun !sub !subgratis !loja,"['Minecraft', 'EiMine', 'Português']",[],False
35,2025-03-28 00:39,Dilascio_,pt,Marvel Rivals,(DROPS ON) GRIND DO CONTEÚDO,"['Português', 'Competitivo', 'Conversa', 'top500', 'overwatch', 'English', 'DropsAtivados']",[],False
35,2025-03-28 00:39,miinagames_,pt,Grand Theft Auto V,+18 [ HOLLYWOODRP ] 🔥 BROTA 🔥 SORTEIO DE AL?  - GERENTE DA FRANÇA  🇫🇷  !PIX !SUB,"['portugues', 'metropole', 'metropolegg', 'gtarp', 'CDA', 'RP', 'Português']",['MatureGame'],False
35,2025-03-28 00:39,nixye1,pt,Overwatch 2,Oi oi oi oi voltei aaaaaaaaaaaaaaa 🌸✨ discord !pix !clip,"['Português', 'BandaiNamcoCreator', 'suppmain', 'DropsAtivados']",[],False
35,2025-03-28 00:39,LariCogumela,pt,Dead by Daylight,°⋆ só os lindos podem ver esse texto ࿔* !sorteio,"['Português', 'GostosasQueJogam', 'AdaWongP100', 'TDAH', 'JogandoComEspectadores', 'LegendaryWomen', 'IntoTheFog']",['MatureGame'],False
35,2025-03-28 00:39,Catrolzynha,pt,Conan Exiles,ᴰᶦᵃ ⁷⁸ | Hoje não tem decote |+18| @kolmeia_stm @thegoldenteamofc,"['Português', 'Conversação', 'ＤBD', 'Fortnite', '7daystodie', 'Mulher', 'GostosasQueJogam', 'DropsAtivados']",['MatureGame'],False
36,2025-03-28 04:02,iShadowWolf_,pt,Fortnite,(+18) Livezinha Muito Doida!   ||   (❗comandos ❗metas ❗drops)   ||   (Epic Code: SHADOWOLF),['Português'],[],False
36,2025-03-28 04:02,EiMine77,pt,Minecraft,✅ RECOMPENSAS ON! | ⭐ SEJA RÁPIDO E GANHE UMA CAPA DE GRAÇA: !CAPA | 💘 INSTAGRAM: @EIMINE77 | !ajuda !rerun !sub !subgratis !loja,"['Minecraft', 'EiMine', 'Português']",[],False
36,2025-03-28 04:02,CarecaSincero,pt,Marvel Rivals,!LOJA Marvel Rivals? Sei nem com quem eu vou..,"['English', 'FARMPIX', 'PIX', 'loja', 'mechabreakplaytest', 'Português', 'DropsAtivados']",[],False
36,2025-03-28 04:02,xGuuhGabrielx,pt,EA Sports FC 25,"Premiação Div 1 Rivals, Farm Diário, Mata Mata da WL, DMEs, Packs e Resenha | DIGITE !Livepix !cliente !grupo !sorteio !meta","['EASPORTS', 'EAFC', 'eafc25', 'ultimateteam', 'fc25', 'fc25gameplay', 'Português', 'Paivinha29', 'Carpentieri', 'Adolfz']",[],False
36,2025-03-28 04:02,morenageek,pt,Fortnite,Bora pinar e tiltar junto comigo,"['Fortnite', 'GirlPlayer', 'PS5LiveStream', 'ControlerGaming', 'Português']",[],False
36,2025-03-28 04:02,Jvnq,pt,Grand Theft Auto V,CDANJOS GTA RP | JVNQ [78ª Live],"['Português', 'jvnq', 'cdanjos']",['MatureGame'],False
36,2025-03-28 04:02,camizlobato,pt,VALORANT,Será que hoje chego no radiante? 🔫,"['Português', 'Mulher', 'Jogos', 'Competitivo', 'girl', 'fps']",['ProfanityVulgarity'],True
36,2025-03-28 04:02,miw____,pt,VALORANT,rankeds tryhard duo @crocodilovlr | !jogos !susto !metas !wishlist !pix !sociais !especiais,"['Português', 'Mulher', 'fps', 'english']",[],False
36,2025-03-28 04:02,oBenee,pt,Just Chatting,🔥 INSONIA ON  🔥 -> ❗pix,['Português'],[],False
37,2025-03-28 04:11,iShadowWolf_,pt,Fortnite,(+18) Livezinha Muito Doida!   ||   (❗comandos ❗metas ❗drops)   ||   (Epic Code: SHADOWOLF),['Português'],[],False
37,2025-03-28 04:11,EiMine77,pt,Minecraft,✅ RECOMPENSAS ON! | ⭐ SEJA RÁPIDO E GANHE UMA CAPA DE GRAÇA: !CAPA | 💘 INSTAGRAM: @EIMINE77 | !ajuda !rerun !sub !subgratis !loja,"['Minecraft', 'EiMine', 'Português']",[],False
37,2025-03-28 04:11,CarecaSincero,pt,Marvel Rivals,!LOJA Marvel Rivals? Sei nem com quem eu vou..,"['English', 'FARMPIX', 'PIX', 'loja', 'mechabreakplaytest', 'Português', 'DropsAtivados']",[],False
37,2025-03-28 04:11,xGuuhGabrielx,pt,EA Sports FC 25,"Farm Diário, Mata Mata da WL, DMEs, Packs e Resenha | DIGITE !Livepix !cliente !grupo !sorteio !meta","['EASPORTS', 'EAFC', 'eafc25', 'ultimateteam', 'fc25', 'fc25gameplay', 'Português', 'Paivinha29', 'Carpentieri', 'Adolfz']",[],False
37,2025-03-28 04:11,morenageek,pt,Fortnite,Bora pinar e tiltar junto comigo,"['Fortnite', 'GirlPlayer', 'PS5LiveStream', 'ControlerGaming', 'Português']",[],False
37,2025-03-28 04:11,Jvnq,pt,Grand Theft Auto V,CDANJOS GTA RP | JVNQ [78ª Live],"['Português', 'jvnq', 'cdanjos']",['MatureGame'],False
38,2025-03-28 04:19,iShadowWolf_,pt,Fortnite,(+18) Livezinha Muito Doida!   ||   (❗comandos ❗metas ❗drops)   ||   (Epic Code: SHADOWOLF),['Português'],[],False
38,2025-03-28 04:19,EiMine77,pt,Minecraft,✅ RECOMPENSAS ON! | ⭐ SEJA RÁPIDO E GANHE UMA CAPA DE GRAÇA: !CAPA | 💘 INSTAGRAM: @EIMINE77 | !ajuda !rerun !sub !subgratis !loja,"['Minecraft', 'EiMine', 'Português']",[],False
38,2025-03-28 04:19,CarecaSincero,pt,Marvel Rivals,!LOJA Marvel Rivals? Sei nem com quem eu vou..,"['English', 'FARMPIX', 'PIX', 'loja', 'mechabreakplaytest', 'Português', 'DropsAtivados']",[],False
38,2025-03-28 04:19,xGuuhGabrielx,pt,EA Sports FC 25,"Farm Diário, Mata Mata da WL, DMEs, Packs e Resenha | DIGITE !Livepix !cliente !grupo !sorteio !meta","['EASPORTS', 'EAFC', 'eafc25', 'ultimateteam', 'fc25', 'fc25gameplay', 'Português', 'Paivinha29', 'Carpentieri', 'Adolfz']",[],False
38,2025-03-28 04:20,morenageek,pt,Fortnite,Bora pinar e tiltar junto comigo,"['Fortnite', 'GirlPlayer', 'PS5LiveStream', 'ControlerGaming', 'Português']",[],False
38,2025-03-28 04:20,Jvnq,pt,Grand Theft Auto V,CDANJOS GTA RP | JVNQ [78ª Live],"['Português', 'jvnq', 'cdanjos']",['MatureGame'],False
38,2025-03-28 04:20,NYKAGAMER_,pt,Fortnite,chega aean❗️PIX ❗️Onlyfans ❗️Comandos ❗️Discord ❗️Clip,"['Fortnite', 'Português', 'Mulher', 'brasil', 'Español', '한국어', 'Русский', '漢語', 'ภาษาไทย', '日本語']",[],False
38,2025-03-28 04:20,Stheffanifr1,pt,Garena Free Fire,Dia 01 de Abril Lojinha Nova,"['diamantes', 'freefire', 'loja', 'lojinha', 'prêmios', 'codiguin', 'Português']",['MatureGame'],False
38,2025-03-28 04:20,ataldaeclypse,pt,VALORANT,LIVE MIRUDA E RESENHUDAS !PIX !ELO !PATROCINIO,"['Português', 'valorant', 'BR', 'gamergirl', 'Mulher']",[],False
39,2025-03-28 08:02,EiMine77,pt,Minecraft,✅ RECOMPENSAS ON! | ⭐ SEJA RÁPIDO E GANHE UMA CAPA DE GRAÇA: !CAPA | 💘 INSTAGRAM: @EIMINE77 | !ajuda !rerun !sub !subgratis !loja,"['Minecraft', 'EiMine', 'Português']",[],False
39,2025-03-28 08:02,CarecaSincero,pt,Marvel Rivals,!LOJA Marvel Rivals? Sei nem com quem eu vou..,"['English', 'FARMPIX', 'PIX', 'loja', 'mechabreakplaytest', 'Português', 'DropsAtivados']",[],False
39,2025-03-28 08:02,GOIAMO,pt,Counter-Strike,"Ame sua família, respeite o próximo e sempre confie em Deus🙏🏻!msg !pix !clip !nesha @gamersclubcs",['Português'],['MatureGame'],False
39,2025-03-28 08:02,TheYuzuroEffect,pt,Just Chatting,[+18] Bora conversar?,"['Português', 'Mulher', 'Ultrawide']",[],False
39,2025-03-28 08:02,loud_coringa,pt,Call of Duty,estoy aqui,['Português'],[],False
39,2025-03-28 08:03,EiMine24h,pt,Minecraft,✅ RECOMPENSAS ON! | ⭐ SEJA RÁPIDO E GANHE UMA CAPA DE GRAÇA: !CAPA | 💘 INSTAGRAM: @EIMINE77 | !ajuda !rerun !subgratis !loja,"['Português', 'Minecraft', 'EiMine']",[],False
39,2025-03-28 08:03,PRECOCE_LENTO,pt,Just Chatting,papeando,['Português'],[],False
39,2025-03-28 08:03,ASennan,pt,Dying Light,(+18) ✨bom dia e vao bem ocês?   || !subathon !loja !meta !desejos !pix !redes !asenna || @asennan,"['jogajunto', 'girls', 'rankeada', 'Português', 'lgbt', 'live', 'pedintevirtual', 'mulhergamer', 'egirlgamer', 'mulheresnatwitch']","['MatureGame', 'ProfanityVulgarity']",False
39,2025-03-28 08:03,DARLIMR,pt,Garena Free Fire,LIVE | JOGOS| PC | !DROPS | @kolmeia_stm,['Português'],['MatureGame'],False
40,2025-03-28 08:13,EiMine77,pt,Minecraft,✅ RECOMPENSAS ON! | ⭐ SEJA RÁPIDO E GANHE UMA CAPA DE GRAÇA: !CAPA | 💘 INSTAGRAM: @EIMINE77 | !ajuda !rerun !sub !subgratis !loja,"['Minecraft', 'EiMine', 'Português']",[],False
40,2025-03-28 08:13,CarecaSincero,pt,Marvel Rivals,!LOJA Marvel Rivals? Sei nem com quem eu vou..,"['English', 'FARMPIX', 'PIX', 'loja', 'mechabreakplaytest', 'Português', 'DropsAtivados']",[],False
40,2025-03-28 08:13,aatonz,pt,Sea of Thieves,"🟢🟡DROPS ON🟡🟢SEXTOOUUU!!! com S do seu, do meu do nosso SEA OF THIEVES JOVENSS!!PROMOÇÃO na TWITCH CONTINUA!!Aproveita hoje !!! BOM DIA!!","['casual', 'engraçado', 'pirata', 'English', 'Português', 'Yoda', 'Gaules', 'giveaway', 'DropsAtivados', 'alanzoka']",[],False
40,2025-03-28 08:13,TheYuzuroEffect,pt,Just Chatting,[+18] Bora conversar?,"['Português', 'Mulher', 'Ultrawide']",[],False
40,2025-03-28 08:13,GOIAMO,pt,Counter-Strike,"Ame sua família, respeite o próximo e sempre confie em Deus🙏🏻!msg !pix !clip !nesha @gamersclubcs",['Português'],['MatureGame'],False
40,2025-03-28 08:13,MichaelS2,pt,VALORANT,[PT-BR] SEXTOU?! 🥳,"['JogandocomViewers', 'batepapo', 'AMA', 'Entretenimento', 'Jogadoresiniciantes', 'Jogadacasual', 'Conversação', 'Português', 'amigos', 'StreamGamer']",[],False
40,2025-03-28 08:13,Larissaorp,pt,Grand Theft Auto V,+18 [FRANÇA] SIM EU SOU 24H ON PART 2  @larissaorp !comandos !playlist !pix,"['Português', 'larissinha', 'metropolegg']",['MatureGame'],False
40,2025-03-28 08:13,Dede,pt,Just Chatting,PAPITHON DIA 40 - k k k k k k k k k k k k k k k k,['Português'],[],False
40,2025-03-28 08:13,gordinhoxs,pt,Grand Theft Auto V,ARRUMANDO O HORARIO - 19/31 !livepix !fac,['Português'],['MatureGame'],False
41,2025-03-28 08:21,EiMine77,pt,Minecraft,✅ RECOMPENSAS ON! | ⭐ SEJA RÁPIDO E GANHE UMA CAPA DE GRAÇA: !CAPA | 💘 INSTAGRAM: @EIMINE77 | !ajuda !rerun !sub !subgratis !loja,"['Minecraft', 'EiMine', 'Português']",[],False
41,2025-03-28 08:21,CarecaSincero,pt,Marvel Rivals,!LOJA Marvel Rivals? Sei nem com quem eu vou..,"['English', 'FARMPIX', 'PIX', 'loja', 'mechabreakplaytest', 'Português', 'DropsAtivados']",[],False
41,2025-03-28 08:21,aatonz,pt,Sea of Thieves,"🟢🟡DROPS ON🟡🟢SEXTOOUUU!!! com S do seu, do meu do nosso SEA OF THIEVES JOVENSS!!PROMOÇÃO na TWITCH CONTINUA!!Aproveita hoje !!! BOM DIA!!","['casual', 'engraçado', 'pirata', 'English', 'Português', 'Yoda', 'Gaules', 'giveaway', 'DropsAtivados', 'alanzoka']",[],False
41,2025-03-28 08:21,TheYuzuroEffect,pt,Just Chatting,[+18] Bora conversar?,"['Português', 'Mulher', 'Ultrawide']",[],False
41,2025-03-28 08:21,GOIAMO,pt,Counter-Strike,"Ame sua família, respeite o próximo e sempre confie em Deus🙏🏻!msg !pix !clip !nesha @gamersclubcs",['Português'],['MatureGame'],False
41,2025-03-28 08:21,MichaelS2,pt,VALORANT,[PT-BR] SEXTOU?! 🥳,"['JogandocomViewers', 'batepapo', 'AMA', 'Entretenimento', 'Jogadoresiniciantes', 'Jogadacasual', 'Conversação', 'Português', 'amigos', 'StreamGamer']",[],False
41,2025-03-28 08:21,ClovaoBengala,pt,League of Legends,VEM MUAMUANDO EUUUUU !loco !rag !pix !ad !social,"['Português', 'League', 'leagueoflegeneds', 'lol', 'jogos']",[],True
41,2025-03-28 08:21,takeshi,pt,League of Legends,TAKINHAS LIVE CURTINHA ATÉ 10H30 /// !loco !pix,['Português'],[],False
41,2025-03-28 08:22,Baiano,pt,League of Legends,🟢 LPL AO VIVO - UP x RNG 🟢 !grupo !kbmidl !status #LPLCOSTREAM,['Português'],[],False
42,2025-03-28 08:28,EiMine77,pt,Minecraft,✅ RECOMPENSAS ON! | ⭐ SEJA RÁPIDO E GANHE UMA CAPA DE GRAÇA: !CAPA | 💘 INSTAGRAM: @EIMINE77 | !ajuda !rerun !sub !subgratis !loja,"['Minecraft', 'EiMine', 'Português']",[],False
42,2025-03-28 08:28,miguelitodoarrocha,pt,EA Sports FC 25,💥SEXTA De MT MT  da WL   - bem vindos a live do Miguelito Do Arrocha,"['Português', 'Portugal', 'Competitivo', 'resenha', 'Resenhando', 'ultimateteam', 'fifa', 'EAFC', 'eafc25', 'eafcsports']",[],False
42,2025-03-28 08:28,CarecaSincero,pt,Marvel Rivals,!LOJA Marvel Rivals? Sei nem com quem eu vou..,"['English', 'FARMPIX', 'PIX', 'loja', 'mechabreakplaytest', 'Português', 'DropsAtivados']",[],False
42,2025-03-28 08:28,aatonz,pt,Sea of Thieves,"🟢🟡DROPS ON🟡🟢SEXTOOUUU!!! com S do seu, do meu do nosso SEA OF THIEVES JOVENSS!!PROMOÇÃO na TWITCH CONTINUA!!Aproveita hoje !!! BOM DIA!!","['casual', 'engraçado', 'pirata', 'English', 'Português', 'Yoda', 'Gaules', 'giveaway', 'DropsAtivados', 'alanzoka']",[],False
42,2025-03-28 08:28,TheYuzuroEffect,pt,Just Chatting,[+18] Bora conversar?,"['Português', 'Mulher', 'Ultrawide']",[],False
42,2025-03-28 08:28,GOIAMO,pt,Counter-Strike,"Ame sua família, respeite o próximo e sempre confie em Deus🙏🏻!msg !pix !clip !nesha @gamersclubcs",['Português'],['MatureGame'],False
42,2025-03-28 08:28,DayPiggy,pt,Red Dead Redemption 2,Atrapalhada no🔥  Red Dead Redemption 2🔥  - 🤠 #12 🐖🐖🐖🐖,"['Vtuber', 'VtuberBR', 'Português', 'anime', 'Dislexia', 'piggy', 'onk', 'cinetose', 'MMMORPG', 'stardewvalley']",['MatureGame'],False
42,2025-03-28 08:29,rehhdart,pt,Just Chatting,187º dia Calvathon | A espontaneidade e as surpresas da vida é o que a tornam interessante. @rehhdart !social !sorteio,"['retro', 'Português', 'Conversação', 'Espaçoseguro', 'Variedades', 'JogosDifíceis', 'BatePapo', 'AMA', 'Amigável', 'divertido']",[],False
42,2025-03-28 08:29,gabitriiste,pt,Dead by Daylight,[+18 ] 1 MES DE SUBATHON   - AULAS DE TROLLAGEM  !pix !subathon !discord !comandos,"['Português', 'batepapo', 'jogos', 'deadbbydaylight', 'LGBTQIAPlus', 'subathon', 'English', 'Reposição']",['MatureGame'],True
43,2025-03-28 12:01,EiMine77,pt,Minecraft,✅ RECOMPENSAS ON! | ⭐ SEJA RÁPIDO E GANHE UMA CAPA DE GRAÇA: !CAPA | 💘 INSTAGRAM: @EIMINE77 | !ajuda !rerun !sub !subgratis !loja,"['Minecraft', 'EiMine', 'Português']",[],False
43,2025-03-28 12:01,miguelitodoarrocha,pt,EA Sports FC 25,💥SEXTA De MT MT  da WL   - bem vindos a live do Miguelito Do Arrocha,"['Português', 'Portugal', 'Competitivo', 'resenha', 'Resenhando', 'ultimateteam', 'fifa', 'EAFC', 'eafc25', 'eafcsports']",[],False
43,2025-03-28 12:02,HenriqueOph,pt,Minecraft,DROP DE CAPA ATIVO DIGITE: !CAPA - HARDCORE +150 DIAS EP 09,"['Português', 'minecraft', 'Hardcore', 'HardMode', 'sobrevivencia', '1VIDA', 'hardcoregamer', 'Singlerplayer', 'MINEDROP', 'TIKTOKCAPA']",[],False
43,2025-03-28 12:02,CORALtv_,pt,Fortnite,DROPS ON ❤️  RESGATE ITENS NA !LOJA ✨ USE CODE: COORAL #AD ✨ !RESGATE,"['Português', 'Fortnite', 'sorteio', 'VbucksGrátis', 'sorteios', 'vbucks', 'jogandocomespectadores', 'DropsAtivados']",[],False
43,2025-03-28 12:02,aatonz,pt,Sea of Thieves,"🟢🟡DROPS ON🟡🟢SEXTOOUUU!!! com S do seu, do meu do nosso SEA OF THIEVES JOVENSS!!PROMOÇÃO na TWITCH CONTINUA!!Aproveita hoje !!! BOM DIA!!","['casual', 'engraçado', 'pirata', 'English', 'Português', 'Yoda', 'Gaules', 'giveaway', 'DropsAtivados', 'alanzoka']",[],False
43,2025-03-28 12:02,aspaszin,pt,VALORANT,BUY THE MIBR BUNDLE |  !atk,"['Português', 'proplayer', 'valorant', 'English']",[],False
44,2025-03-28 12:10,EiMine77,pt,Minecraft,✅ RECOMPENSAS ON! | ⭐ SEJA RÁPIDO E GANHE UMA CAPA DE GRAÇA: !CAPA | 💘 INSTAGRAM: @EIMINE77 | !ajuda !rerun !sub !subgratis !loja,"['Minecraft', 'EiMine', 'Português']",[],False
44,2025-03-28 12:10,miguelitodoarrocha,pt,EA Sports FC 25,💥SEXTA De MT MT  da WL   - bem vindos a live do Miguelito Do Arrocha,"['Português', 'Portugal', 'Competitivo', 'resenha', 'Resenhando', 'ultimateteam', 'fifa', 'EAFC', 'eafc25', 'eafcsports']",[],False
44,2025-03-28 12:10,HenriqueOph,pt,Minecraft,DROP DE CAPA ATIVO DIGITE: !CAPA - HARDCORE +150 DIAS EP 09,"['Português', 'minecraft', 'Hardcore', 'HardMode', 'sobrevivencia', '1VIDA', 'hardcoregamer', 'Singlerplayer', 'MINEDROP', 'TIKTOKCAPA']",[],False
44,2025-03-28 12:10,CORALtv_,pt,Fortnite,DROPS ON ❤️  RESGATE ITENS NA !LOJA ✨ USE CODE: COORAL #AD ✨ !RESGATE,"['Português', 'Fortnite', 'sorteio', 'VbucksGrátis', 'sorteios', 'vbucks', 'jogandocomespectadores', 'DropsAtivados']",[],False
44,2025-03-28 12:10,ZAKl1k,pt,Minecraft,🟢 MINECRAFT | ⭐ GANHE ASSISTINDO | 🌟 REESTOQUE DIA 10 ou 16 às 18h | !loja !points !prime !sub,"['Português', 'Minecraft']",[],False
44,2025-03-28 12:10,aatonz,pt,Sea of Thieves,"🟢🟡DROPS ON🟡🟢SEXTOOUUU!!! com S do seu, do meu do nosso SEA OF THIEVES JOVENSS!!PROMOÇÃO na TWITCH CONTINUA!!Aproveita hoje !!! BOM DIA!!","['casual', 'engraçado', 'pirata', 'English', 'Português', 'Yoda', 'Gaules', 'giveaway', 'DropsAtivados', 'alanzoka']",[],False
44,2025-03-28 12:10,EdigasZ,pt,Marvel Rivals,PORTEIRO DO ONE ABOVE ALL? #2 | !tiktok !youtube,"['Português', 'DropsAtivados']",[],False
44,2025-03-28 12:10,ca_rou,pt,IRL,Comprinhas com o chat pra casa nova 🐸,"['Português', 'variedades', 'LGBT']",[],False
44,2025-03-28 12:10,Xande,pt,Grand Theft Auto V,ProdigyRP - XANDECO E ISMAEL NO BAR !PIX,['Português'],['MatureGame'],False
45,2025-03-28 12:20,EiMine77,pt,Minecraft,✅ RECOMPENSAS ON! | ⭐ SEJA RÁPIDO E GANHE UMA CAPA DE GRAÇA: !CAPA | 💘 INSTAGRAM: @EIMINE77 | !ajuda !rerun !sub !subgratis !loja,"['Minecraft', 'EiMine', 'Português']",[],False
45,2025-03-28 12:20,miguelitodoarrocha,pt,EA Sports FC 25,💥SEXTA De MT MT  da WL   - bem vindos a live do Miguelito Do Arrocha,"['Português', 'Portugal', 'Competitivo', 'resenha', 'Resenhando', 'ultimateteam', 'fifa', 'EAFC', 'eafc25', 'eafcsports']",[],False
45,2025-03-28 12:20,HenriqueOph,pt,Minecraft,DROP DE CAPA ATIVO DIGITE: !CAPA - HARDCORE +150 DIAS EP 09,"['Português', 'minecraft', 'Hardcore', 'HardMode', 'sobrevivencia', '1VIDA', 'hardcoregamer', 'Singlerplayer', 'MINEDROP', 'TIKTOKCAPA']",[],False
45,2025-03-28 12:20,ZAKl1k,pt,Minecraft,🟢 MINECRAFT | ⭐ GANHE ASSISTINDO | 🌟 REESTOQUE DIA 10 ou 16 às 18h | !loja !points !prime !sub,"['Português', 'Minecraft']",[],False
45,2025-03-28 12:21,CORALtv_,pt,Fortnite,DROPS ON ❤️  RESGATE ITENS NA !LOJA ✨ USE CODE: COORAL #AD ✨ !RESGATE,"['Português', 'Fortnite', 'sorteio', 'VbucksGrátis', 'sorteios', 'vbucks', 'jogandocomespectadores', 'DropsAtivados']",[],False
45,2025-03-28 12:21,aatonz,pt,Sea of Thieves,"🟢🟡DROPS ON🟡🟢SEXTOOUUU!!! com S do seu, do meu do nosso SEA OF THIEVES JOVENSS!!PROMOÇÃO na TWITCH CONTINUA!!Aproveita hoje !!! BOM DIA!!","['casual', 'engraçado', 'pirata', 'English', 'Português', 'Yoda', 'Gaules', 'giveaway', 'DropsAtivados', 'alanzoka']",[],False
45,2025-03-28 12:21,SOUAJENNI,pt,VALORANT,DESAFIOS DO FILME E MOLDES DE FERRARIA 💃,"['Português', 'games', 'entretenimento']",[],True
45,2025-03-28 12:21,EiMine24h,pt,Minecraft,✅ RECOMPENSAS ON! | ⭐ SEJA RÁPIDO E GANHE UMA CAPA DE GRAÇA: !CAPA | 💘 INSTAGRAM: @EIMINE77 | !ajuda !rerun !subgratis !loja,"['Português', 'Minecraft', 'EiMine']",[],False
45,2025-03-28 12:21,NAROY,fr,Minecraft,⭐️ [ DROP CAPE ] CAPTURER LE WARDEN ? HARDCORE JOUR 11 000 IG ou 408 IRL  EN 1.21.4⭐️!REDUC !HOLZKERN  !SUB !PROJET !SUBGOAL #AD,"['Français', 'minecraft']",[],False
46,2025-03-28 12:28,EiMine77,pt,Minecraft,✅ RECOMPENSAS ON! | ⭐ SEJA RÁPIDO E GANHE UMA CAPA DE GRAÇA: !CAPA | 💘 INSTAGRAM: @EIMINE77 | !ajuda !rerun !sub !subgratis !loja,"['Minecraft', 'EiMine', 'Português']",[],False
46,2025-03-28 12:28,miguelitodoarrocha,pt,EA Sports FC 25,💥SEXTA De MT MT  da WL   - bem vindos a live do Miguelito Do Arrocha,"['Português', 'Portugal', 'Competitivo', 'resenha', 'Resenhando', 'ultimateteam', 'fifa', 'EAFC', 'eafc25', 'eafcsports']",[],False
46,2025-03-28 12:29,HenriqueOph,pt,Minecraft,DROP DE CAPA ATIVO DIGITE: !CAPA - HARDCORE +150 DIAS EP 09,"['Português', 'minecraft', 'Hardcore', 'HardMode', 'sobrevivencia', '1VIDA', 'hardcoregamer', 'Singlerplayer', 'MINEDROP', 'TIKTOKCAPA']",[],False
46,2025-03-28 12:29,ZAKl1k,pt,Minecraft,🟢 MINECRAFT | ⭐ GANHE ASSISTINDO | 🌟 REESTOQUE DIA 10 ou 16 às 18h | !loja !points !prime !sub,"['Português', 'Minecraft']",[],False
46,2025-03-28 12:29,CORALtv_,pt,Fortnite,DROPS ON ❤️  RESGATE ITENS NA !LOJA ✨ USE CODE: COORAL #AD ✨ !RESGATE,"['Português', 'Fortnite', 'sorteio', 'VbucksGrátis', 'sorteios', 'vbucks', 'jogandocomespectadores', 'DropsAtivados']",[],False
46,2025-03-28 12:29,aatonz,pt,Sea of Thieves,"🟢🟡DROPS ON🟡🟢SEXTOOUUU!!! com S do seu, do meu do nosso SEA OF THIEVES JOVENSS!!PROMOÇÃO na TWITCH CONTINUA!!Aproveita hoje !!! BOM DIA!!","['casual', 'engraçado', 'pirata', 'English', 'Português', 'Yoda', 'Gaules', 'giveaway', 'DropsAtivados', 'alanzoka']",[],False
46,2025-03-28 12:29,Gojoouzin,pt,Marvel Rivals,"🔥 Sextou com Gojolas, se perder no fortnite vou pro Marvel 🔥 | ❗pix","['Português', 'Fortnite', 'ZeroBuild', 'jogandocomochat', 'surreal', 'marvelrivals', 'DropsAtivados']",[],False
46,2025-03-28 12:29,dabliuking,pt,Grand Theft Auto V,+18 [ PLF & METROPOLE ] SEXTOOOOOOOU ❗PIX ❗PLF,"['Português', 'RP', 'GTARPLIVE', 'goat', 'metropole', 'metropolegg', 'metropolerp']",['MatureGame'],False
46,2025-03-28 12:29,zaikenfps,pt,Counter-Strike,GC LVL 21 🟢 CSzin e resenha na @gamersclubcs - SUB FARM 4X  - !lojinha !pix !sens,"['Português', 'CS2', 'games', 'gamer', 'GAMERPRO', 'fps']",['MatureGame'],False
47,2025-03-28 12:39,EiMine77,pt,Minecraft,✅ RECOMPENSAS ON! | ⭐ SEJA RÁPIDO E GANHE UMA CAPA DE GRAÇA: !CAPA | 💘 INSTAGRAM: @EIMINE77 | !ajuda !rerun !sub !subgratis !loja,"['Minecraft', 'EiMine', 'Português']",[],False
47,2025-03-28 12:39,miguelitodoarrocha,pt,EA Sports FC 25,💥SEXTA De MT MT  da WL   - bem vindos a live do Miguelito Do Arrocha,"['Português', 'Portugal', 'Competitivo', 'resenha', 'Resenhando', 'ultimateteam', 'fifa', 'EAFC', 'eafc25', 'eafcsports']",[],False
47,2025-03-28 12:39,HenriqueOph,pt,Minecraft,DROP DE CAPA ATIVO DIGITE: !CAPA - HARDCORE +150 DIAS EP 09,"['Português', 'minecraft', 'Hardcore', 'HardMode', 'sobrevivencia', '1VIDA', 'hardcoregamer', 'Singlerplayer', 'MINEDROP', 'TIKTOKCAPA']",[],False
47,2025-03-28 12:39,ZAKl1k,pt,Minecraft,🟢 MINECRAFT | ⭐ GANHE ASSISTINDO | 🌟 REESTOQUE DIA 10 ou 16 às 18h | !loja !points !prime !sub,"['Português', 'Minecraft']",[],False
47,2025-03-28 12:40,GarciaTV,pt,Counter-Strike,"✅ CAMPEONATO DE COUNTER-STRIKE PT  META DA SEMANA 5 SUBS E 1.000 BITS :  Quer skins insanas no CS? Use meu código ""GARCIA""  NA  farmskins","['ROBLOX', 'Português', 'Dropshabilitados', 'warzonecodcallofduty', 'ＦＰＳ', 'Shooter', 'ação', 'minecrafit', 'counterstrike2', 'CounterStrikeGlobal']",['MatureGame'],False
47,2025-03-28 12:40,CORALtv_,pt,Fortnite,DROPS ON ❤️  RESGATE ITENS NA !LOJA ✨ USE CODE: COORAL #AD ✨ !RESGATE,"['Português', 'Fortnite', 'sorteio', 'VbucksGrátis', 'sorteios', 'vbucks', 'jogandocomespectadores', 'DropsAtivados']",[],False
47,2025-03-28 12:40,ThaiSavarez,pt,Sea of Thieves,"💚Obisidian DROPS💚 não falhei, amém || Sociais: @thaisavarez || !nuuvem !doar","['Español', 'english', 'Português', 'Tutorial', 'divertido', 'engraçado', 'PvEPvP', 'SeaOfThievesPartner', 'seaofthieves', 'DropsAtivados']",[],False
47,2025-03-28 12:40,EdigasZ,pt,Marvel Rivals,PORTEIRO DO ONE ABOVE ALL? #2 | !tiktok !youtube,"['Português', 'DropsAtivados']",[],False
47,2025-03-28 12:40,Phaclock,pt,Genshin Impact,Bora bom dia!  !instagram !youtube !social !steam,"['Coop', 'Português', 'MMORPG', 'aventura', 'Multiplayer', 'online', 'Action', 'variedades', 'mago', 'DropsAtivados']",[],False
48,2025-03-28 16:02,beletz_,pt,Fortnite,DROPS ON 💚 RESGATE ITENS GRÁTIS NO FORTNITE ✨ USE CODE: BELETZ ✨!CODE !PIX,"['portugues', 'fortnite', 'fortnitetrocacao', 'stream', 'Português', 'girlgamers', 'DropsAtivados']",[],False
48,2025-03-28 16:02,EiMine77,pt,Minecraft,✅ RECOMPENSAS ON! | ⭐ SEJA RÁPIDO E GANHE UMA CAPA DE GRAÇA: !CAPA | 💘 INSTAGRAM: @EIMINE77 | !ajuda !rerun !sub !subgratis !loja,"['Minecraft', 'EiMine', 'Português']",[],False
48,2025-03-28 16:02,LendasDoMar,pt,Sea of Thieves,⭐DROPS⭐ Live curta -  Açaí nos mares| Farm intenso | Parceiro @matgomesz | !LendasDoMar,"['seaofthieves', 'navalgame', 'streamers', 'brazil', 'community', 'seaofthievescommunity', 'seaofstars', 'lendasdomar', 'Português', 'DropsAtivados']",[],False
48,2025-03-28 16:02,Dark1st__,pt,Fortnite,seja bem vindo como vc esta !!! bora jogar !!!,"['Português', 'DropsAtivados']",[],False
48,2025-03-28 16:02,jaozincosta,pt,Minecraft,[PT-BR] DROP CAPA- MINECRAFT FULGA IMPOSSIVEL - !loja !points - SUB X5,"['Português', 'Fortnite', 'gta', 'Competitive', 'Brasil', 'English', 'rpgta']",[],False
48,2025-03-28 16:02,DorSmiley,pt,Sea of Thieves,🟢Drops Obsidiana On | Pulheta  |  Parceiro do @lendasdomar e CSoTBr !Comandos !drops !tdm,"['Ação', 'Aventura', 'Comédia', 'Português', 'Xingamentos', 'seaofthieves', 'PvEPvP', 'SoTPvp', 'seaofthieveseason15', 'DropsAtivados']",['ProfanityVulgarity'],False
48,2025-03-28 16:02,RaffaTV,pt,Grand Theft Auto V,+18 [Summer RP] Cel. Beirah em QAP No Primeiro dia. 🔥❗️girou ❗️comandos ❗️discord ❗️morte ❗️insta,"['Português', 'GTARP', 'FiveM', 'RP', 'Fortnite']",['MatureGame'],False
48,2025-03-28 16:02,Re_paulin,pt,Grand Theft Auto V,Mira bamba on,"['Português', 'metropolegg', 'metrovillegg']","['MatureGame', 'ProfanityVulgarity']",False
48,2025-03-28 16:02,yaasdishavaofc,pt,Grand Theft Auto V,(+18) Lado Leste / Todos pobres ? Buxa da Nevaska ON / CODIGUIN ❗pix ❗cdd ❗dc ❗pc ❗hl ❗insta ❗ttk,"['GTARPLIVE', 'cpx', 'capitalcity', 'LadoLesteRP', 'ptbr', 'fivem', 'Português', 'desempregada', 'Desempregado', 'metropolegg']",['MatureGame'],False
49,2025-03-28 16:13,beletz_,pt,Fortnite,DROPS ON 💚 RESGATE ITENS GRÁTIS NO FORTNITE ✨ USE CODE: BELETZ ✨!CODE !PIX,"['portugues', 'fortnite', 'fortnitetrocacao', 'stream', 'Português', 'girlgamers', 'DropsAtivados']",[],False
49,2025-03-28 16:13,EiMine77,pt,Minecraft,✅ RECOMPENSAS ON! | ⭐ SEJA RÁPIDO E GANHE UMA CAPA DE GRAÇA: !CAPA | 💘 INSTAGRAM: @EIMINE77 | !ajuda !rerun !sub !subgratis !loja,"['Minecraft', 'EiMine', 'Português']",[],False
49,2025-03-28 16:13,Dark1st__,pt,Fortnite,seja bem vindo como vc esta !!! bora jogar !!!,"['Português', 'DropsAtivados']",[],False
49,2025-03-28 16:13,LendasDoMar,pt,Sea of Thieves,⭐DROPS⭐ Live curta -  Açaí nos mares| Farm intenso | Parceiro @matgomesz | !LendasDoMar,"['seaofthieves', 'navalgame', 'streamers', 'brazil', 'community', 'seaofthievescommunity', 'seaofstars', 'lendasdomar', 'Português', 'DropsAtivados']",[],False
49,2025-03-28 16:13,jaozincosta,pt,Minecraft,[PT-BR] DROP CAPA- MINECRAFT FULGA IMPOSSIVEL - !loja !points - SUB X5,"['Português', 'Fortnite', 'gta', 'Competitive', 'Brasil', 'English', 'rpgta']",[],False
49,2025-03-28 16:13,DorSmiley,pt,Sea of Thieves,🟢Drops Obsidiana On | Pulheta  |  Parceiro do @lendasdomar e CSoTBr !Comandos !drops !tdm,"['Ação', 'Aventura', 'Comédia', 'Português', 'Xingamentos', 'seaofthieves', 'PvEPvP', 'SoTPvp', 'seaofthieveseason15', 'DropsAtivados']",['ProfanityVulgarity'],False
49,2025-03-28 16:13,EiMine24h,pt,Minecraft,✅ RECOMPENSAS ON! | ⭐ SEJA RÁPIDO E GANHE UMA CAPA DE GRAÇA: !CAPA | 💘 INSTAGRAM: @EIMINE77 | !ajuda !rerun !subgratis !loja,"['Português', 'Minecraft', 'EiMine']",[],False
49,2025-03-28 16:13,Neexty,pt,Minecraft,SEXTINHA COM A PROMOÇÃO DE SUB E COM NOVA MÚSICA,"['Português', 'React', 'Gameplay']",[],False
49,2025-03-28 16:13,ElfoLives,pt,Minecraft,DROPS! | CHATSPAWN - Venha tiltar o Streamer｜ !discord !pix !tabela,"['Português', 'minecraft', 'meioelfo', 'elfo', 'justcchatting']",[],False
50,2025-03-28 16:21,beletz_,pt,Fortnite,DROPS ON 💚 RESGATE ITENS GRÁTIS NO FORTNITE ✨ USE CODE: BELETZ ✨!CODE !PIX,"['portugues', 'fortnite', 'fortnitetrocacao', 'stream', 'Português', 'girlgamers', 'DropsAtivados']",[],False
50,2025-03-28 16:21,EiMine77,pt,Minecraft,✅ RECOMPENSAS ON! | ⭐ SEJA RÁPIDO E GANHE UMA CAPA DE GRAÇA: !CAPA | 💘 INSTAGRAM: @EIMINE77 | !ajuda !rerun !sub !subgratis !loja,"['Minecraft', 'EiMine', 'Português']",[],False
50,2025-03-28 16:21,Dark1st__,pt,Fortnite,seja bem vindo como vc esta !!! bora jogar !!!,"['Português', 'DropsAtivados']",[],False
50,2025-03-28 16:21,jaozincosta,pt,Minecraft,[PT-BR] DROP CAPA- MINECRAFT FULGA IMPOSSIVEL - !loja !points - SUB X5,"['Português', 'Fortnite', 'gta', 'Competitive', 'Brasil', 'English', 'rpgta']",[],False
50,2025-03-28 16:21,LendasDoMar,pt,Sea of Thieves,⭐DROPS⭐ Live curta -  Açaí nos mares| Farm intenso | Parceiro @matgomesz | !LendasDoMar,"['seaofthieves', 'navalgame', 'streamers', 'brazil', 'community', 'seaofthievescommunity', 'seaofstars', 'lendasdomar', 'Português', 'DropsAtivados']",[],False
50,2025-03-28 16:21,DorSmiley,pt,Sea of Thieves,🟢Drops Obsidiana On | Pulheta  |  Parceiro do @lendasdomar e CSoTBr !Comandos !drops !tdm,"['Ação', 'Aventura', 'Comédia', 'Português', 'Xingamentos', 'seaofthieves', 'PvEPvP', 'SoTPvp', 'seaofthieveseason15', 'DropsAtivados']",['ProfanityVulgarity'],False
50,2025-03-28 16:21,Abacatemi,pt,Overwatch 2,Sorteio da ARMA MITICA DA WIDOWMAKER  #OverwatchCreator #OW2Brasil #OW2Season15,"['Português', 'girl', 'overwatch2', 'OverwatchCreators', 'chat', 'DropsAtivados', 'cosplayergirl', 'yk2']",[],False
50,2025-03-28 16:21,jessieziinha,pt,Overwatch 2,[DROPS ON]🗣️ SEXTOUU SEM FREJA = AINDA BEM? +GOATS,"['Português', 'Mulher', 'overwatch', 'overwatch2', 'PlayingwithViewers', 'ConversandoComOChat', 'noobstreamer', 'lerdeza', 'TDAH', 'DropsAtivados']",['ProfanityVulgarity'],False
50,2025-03-28 16:21,MajinOW2,pt,Overwatch 2,🟢 [ DROPS ] que o senhor abençoe o seu fim de semana >/////<,"['Português', 'Overｗatch2', 'Overwatch', 'Ana', 'Reinhardt', 'Lucio', 'Bastion', 'DropsAtivados']",[],False
51,2025-03-28 16:31,beletz_,pt,Fortnite,DROPS ON 💚 RESGATE ITENS GRÁTIS NO FORTNITE ✨ USE CODE: BELETZ ✨!CODE !PIX,"['portugues', 'fortnite', 'fortnitetrocacao', 'stream', 'Português', 'girlgamers', 'DropsAtivados']",[],False
51,2025-03-28 16:31,EiMine77,pt,Minecraft,✅ RECOMPENSAS ON! | ⭐ SEJA RÁPIDO E GANHE UMA CAPA DE GRAÇA: !CAPA | 💘 INSTAGRAM: @EIMINE77 | !ajuda !rerun !sub !subgratis !loja,"['Minecraft', 'EiMine', 'Português']",[],False
51,2025-03-28 16:31,LendasDoMar,pt,Sea of Thieves,⭐DROPS⭐ Live curta -  Açaí nos mares| Farm intenso | Parceiro @matgomesz | !LendasDoMar,"['seaofthieves', 'navalgame', 'streamers', 'brazil', 'community', 'seaofthievescommunity', 'seaofstars', 'lendasdomar', 'Português', 'DropsAtivados']",[],False
51,2025-03-28 16:31,jaozincosta,pt,Minecraft,[PT-BR] DROP CAPA- MINECRAFT FULGA IMPOSSIVEL - !loja !points - SUB X5,"['Português', 'Fortnite', 'gta', 'Competitive', 'Brasil', 'English', 'rpgta']",[],False
51,2025-03-28 16:31,tony_lvl,pt,Overwatch 2,sex de sexta nao de outra coisa - #OverwatchCreator #OWPartner,"['Português', 'DPS', 'Ranked', 'OverwatchCreators', 'Competitivo', 'Overwatch2', 'OW2Giveaway', 'Hitscan', 'Ashe', 'marvelrivals']",['ProfanityVulgarity'],False
51,2025-03-28 16:32,SLKRETROZADA,pt,Counter-Strike,LIVE ATE TARDE !CSGO.NET !vaquinha !otimização @matazera @pezingamer   @betaozera @GabzeraWZ,"['mouse', 'teclado', 'portugues', 'competitivo', 'proplayerPortuguês', 'proplayer', 'proplayer', 'CS2', 'cs2counterstrike2', 'cs2major']",['MatureGame'],False
51,2025-03-28 16:32,BRUXAO_GAMER,pt,Call of Duty: Warzone,🎥rerun🎥 GANHE 2 RODADAS GRÁTIS NA ROLEITA !rerun,"['AMA', 'JogadoresIniciantes', 'ModoBattleRoyale', 'HypeTrain', 'Ação', 'Ansiedade', 'FPS', 'Jogodetiro', 'Português']",['MatureGame'],False
51,2025-03-28 16:32,ZeTTaZeRa,pt,Grand Theft Auto V,💥BORA ZARALHAR NA CAPITAL💥!loja !live !sr,"['Português', 'FPS', 'BR', 'Loja', 'Store', 'Drops', 'MT', 'GTARP', 'CAPITAL', 'GALAXY']",['MatureGame'],False
51,2025-03-28 16:32,nahzinhaa,pt,Counter-Strike,LIVE DO FOFAO 🔥🔥  !clashgg !youtube !livepix !insta !sociais,"['react', 'csgo', 'Português', 'fps', 'justcchatting', 'calldofduty']",['MatureGame'],False
52,2025-03-28 16:42,beletz_,pt,Fortnite,DROPS ON 💚 RESGATE ITENS GRÁTIS NO FORTNITE ✨ USE CODE: BELETZ ✨!CODE !PIX,"['portugues', 'fortnite', 'fortnitetrocacao', 'stream', 'Português', 'girlgamers', 'DropsAtivados']",[],False
52,2025-03-28 16:42,EiMine77,pt,Minecraft,✅ RECOMPENSAS ON! | ⭐ SEJA RÁPIDO E GANHE UMA CAPA DE GRAÇA: !CAPA | 💘 INSTAGRAM: @EIMINE77 | !ajuda !rerun !sub !subgratis !loja,"['Minecraft', 'EiMine', 'Português']",[],False
52,2025-03-28 16:42,LendasDoMar,pt,Sea of Thieves,⭐DROPS⭐ Live curta -  Açaí nos mares| Farm intenso | Parceiro @matgomesz | !LendasDoMar,"['seaofthieves', 'navalgame', 'streamers', 'brazil', 'community', 'seaofthievescommunity', 'seaofstars', 'lendasdomar', 'Português', 'DropsAtivados']",[],False
52,2025-03-28 16:42,jaozincosta,pt,Minecraft,[PT-BR] DROP CAPA- MINECRAFT FULGA IMPOSSIVEL - !loja !points - SUB X5,"['Português', 'Fortnite', 'gta', 'Competitive', 'Brasil', 'English', 'rpgta']",[],False
52,2025-03-28 16:42,tony_lvl,pt,Overwatch 2,sex de sexta nao de outra coisa - #OverwatchCreator #OWPartner,"['Português', 'DPS', 'Ranked', 'OverwatchCreators', 'Competitivo', 'Overwatch2', 'OW2Giveaway', 'Hitscan', 'Ashe', 'marvelrivals']",['ProfanityVulgarity'],False
52,2025-03-28 16:42,SLKRETROZADA,pt,Counter-Strike,LIVE ATE TARDE !CSGO.NET !vaquinha !otimização @matazera @pezingamer   @betaozera @GabzeraWZ,"['mouse', 'teclado', 'portugues', 'competitivo', 'proplayerPortuguês', 'proplayer', 'proplayer', 'CS2', 'cs2counterstrike2', 'cs2major']",['MatureGame'],False
52,2025-03-28 16:42,ingridysant_,pt,VALORANT,SUBS COM 35% DE DESCONTO  🥳🥳🥳  ❕Meta ❕Bits ❕Pix ❕Loja  ❕Amazon   ❕Wishlist❕Zap    -> Siga @ingridysant_ nas redes sociais,"['fps', 'lgbtqia', 'DropsAtivos', 'Justchatting', 'mulher', 'Português', 'LGBTQIAAlly']",[],False
52,2025-03-28 16:42,Neszaah,pt,VALORANT,Vem passar a tarde comigo sz !comandos !pix,"['Português', 'valorant', 'gamergirl', 'Mulher', 'BR', 'fps']",[],False
52,2025-03-28 16:42,janafps_,pt,VALORANT,RANKEDS  | ABRI A META DO MONITOR | 🔥 Deixe no !lurk pra ajudar na média 🔥 !pix !social !monitor,"['Português', 'Mulher', 'fps', 'valorant', 'gamergirl', 'Ranked']",[],False
53,2025-03-28 20:03,SLKRETROZADA,pt,Counter-Strike,LIVE ATE TARDE !CSGO.NET !vaquinha !otimização @matazera @pezingamer   @betaozera @GabzeraWZ,"['mouse', 'teclado', 'portugues', 'competitivo', 'proplayerPortuguês', 'proplayer', 'proplayer', 'CS2', 'cs2counterstrike2', 'cs2major']",['MatureGame'],False
53,2025-03-28 20:03,EiMine77,pt,Minecraft,✅ RECOMPENSAS ON! | ⭐ SEJA RÁPIDO E GANHE UMA CAPA DE GRAÇA: !CAPA | 💘 INSTAGRAM: @EIMINE77 | !ajuda !rerun !sub !subgratis !loja,"['Minecraft', 'EiMine', 'Português']",[],False
53,2025-03-28 20:03,tony_lvl,pt,Overwatch 2,sex de sexta nao de outra coisa - #OverwatchCreator #OWPartner,"['Português', 'DPS', 'Ranked', 'OverwatchCreators', 'Competitivo', 'Overwatch2', 'OW2Giveaway', 'Hitscan', 'Ashe', 'marvelrivals']",['ProfanityVulgarity'],False
53,2025-03-28 20:03,DaniKrautz,pt,Fortnite,Boa noite pra quem ama reload - ❗nick ❗jogar ❗pix ❗comandos,"['fortnite', 'jogandocomochat', 'Português', 'Mulher', 'personalizadadelas', 'Reposição', 'DropsAtivados']",[],False
53,2025-03-28 20:03,Hairzinho,pt,EA Sports FC 25,TIME 2 DO EVENTO DREAMCHASERS + TENTANDO FAZER MAIS ELENCO DO GULLIT + HYPE DAS 15 E WL! + !GRUPO + !PARCERIA !REDES !TIKTOK,"['ULTIMATETEAM', 'RAGE', 'ENGRACADO', 'PACKS', 'COMPETITIVO', 'Português', 'Brasil', 'WeekendLeague', 'Portugal', 'Reposição']",[],False
53,2025-03-28 20:03,LendasDoMar,pt,Sea of Thieves,⭐DROPS⭐ Dessa vez é comigo | !lendas,"['seaofthieves', 'navalgame', 'streamers', 'brazil', 'community', 'seaofthievescommunity', 'seaofstars', 'lendasdomar', 'Português', 'DropsAtivados']",[],False
53,2025-03-28 20:04,nottblackk,pt,Overwatch 2,que Deus perdoe essas pessoas ruins !pix !clip !lurk,"['Português', 'overwatch', 'Widowmaker', 'Competitivo', 'DropsAtivados']",[],False
53,2025-03-28 20:04,jessieziinha,pt,Overwatch 2,[DROPS ON]🗣️ SEXTOUU SEM FREJA = AINDA BEM? +GOATS,"['Português', 'Mulher', 'overwatch', 'overwatch2', 'PlayingwithViewers', 'ConversandoComOChat', 'noobstreamer', 'lerdeza', 'TDAH', 'DropsAtivados']",['ProfanityVulgarity'],False
53,2025-03-28 20:04,willianmundi,pt,Overwatch 2,FACEIT League SA - 19h Elements vs DE (Playoffs) | 23h - Lua Cheia vs 505 Esports (Regular Season),"['overwatch2', 'Interação', 'Português', 'Dropshabilitados', 'Brasil', 'Rankeds', 'DropsAtivados']",[],False
54,2025-03-28 20:11,SLKRETROZADA,pt,Counter-Strike,LIVE ATE TARDE !CSGO.NET !vaquinha !otimização @matazera @pezingamer   @betaozera @GabzeraWZ,"['mouse', 'teclado', 'portugues', 'competitivo', 'proplayerPortuguês', 'proplayer', 'proplayer', 'CS2', 'cs2counterstrike2', 'cs2major']",['MatureGame'],False
54,2025-03-28 20:11,EiMine77,pt,Minecraft,✅ RECOMPENSAS ON! | ⭐ SEJA RÁPIDO E GANHE UMA CAPA DE GRAÇA: !CAPA | 💘 INSTAGRAM: @EIMINE77 | !ajuda !rerun !sub !subgratis !loja,"['Minecraft', 'EiMine', 'Português']",[],False
54,2025-03-28 20:11,tony_lvl,pt,Overwatch 2,sex de sexta nao de outra coisa - #OverwatchCreator #OWPartner,"['Português', 'DPS', 'Ranked', 'OverwatchCreators', 'Competitivo', 'Overwatch2', 'OW2Giveaway', 'Hitscan', 'Ashe', 'marvelrivals']",['ProfanityVulgarity'],False
54,2025-03-28 20:11,museblossom,pt,Overwatch 2,Carregando ekko para o platina❗discord❗pix ❗fort ❗jogar ❗epic ❗redes,"['fortnite', 'girl', 'menina', 'mulher', 'jogar', 'overwatch', 'portugues', 'brasileira', 'latina', 'mercy']",[],False
54,2025-03-28 20:11,MORGANITA,pt,Overwatch 2,DROPS ON!!!!! AJUDA NA META?,"['Competitivo', 'Português', 'PlayingwithViewers', 'ConversandoComOChat', 'Casual', 'CasualPlaytrough', 'DropsAtivados']",[],False
54,2025-03-28 20:12,DaniKrautz,pt,Fortnite,Boa noite pra quem ama reload - ❗nick ❗jogar ❗pix ❗comandos,"['fortnite', 'jogandocomochat', 'Português', 'Mulher', 'personalizadadelas', 'Reposição', 'DropsAtivados']",[],False
54,2025-03-28 20:12,aldeoes,pt,Minecraft,!CAPA- ESSA LIVE DROPA CAPA! VENEZUELA MONARKIKA + 100 DIAS NO APOCALIPSE ZUMBI (!IP),"['aldeao', 'minigames', 'Português', 'rp', 'argentinamonarkika', 'smp', '100dias']",[],False
54,2025-03-28 20:12,aFranzita,pt,Split Fiction,Mostrando minhas DESABILIDADES com parkour! SPLIT FICTION C/ @el_xandeko,"['PortuguêsBR', 'Português', 'jogo', 'mulherjogando', 'localseguro', 'aventura', 'noobstreamer', 'survival']",[],False
54,2025-03-28 20:12,Apuhzeetos,pt,PICO PARK 2,PICO PARK 2 COM A TURMINHA 😨,['Português'],[],False
55,2025-03-28 20:20,EiMine77,pt,Minecraft,✅ RECOMPENSAS ON! | ⭐ SEJA RÁPIDO E GANHE UMA CAPA DE GRAÇA: !CAPA | 💘 INSTAGRAM: @EIMINE77 | !ajuda !rerun !sub !subgratis !loja,"['Minecraft', 'EiMine', 'Português']",[],False
55,2025-03-28 20:20,SLKRETROZADA,pt,Counter-Strike,LIVE ATE TARDE !CSGO.NET !vaquinha !otimização @matazera @pezingamer   @betaozera @GabzeraWZ,"['mouse', 'teclado', 'portugues', 'competitivo', 'proplayerPortuguês', 'proplayer', 'proplayer', 'CS2', 'cs2counterstrike2', 'cs2major']",['MatureGame'],False
55,2025-03-28 20:20,tony_lvl,pt,Overwatch 2,sex de sexta nao de outra coisa - #OverwatchCreator #OWPartner,"['Português', 'DPS', 'Ranked', 'OverwatchCreators', 'Competitivo', 'Overwatch2', 'OW2Giveaway', 'Hitscan', 'Ashe', 'marvelrivals']",['ProfanityVulgarity'],False
55,2025-03-28 20:20,museblossom,pt,Just Chatting,Carregando ekko para o platina❗discord❗pix ❗fort ❗jogar ❗epic ❗redes,"['fortnite', 'girl', 'menina', 'mulher', 'jogar', 'overwatch', 'portugues', 'brasileira', 'latina', 'mercy']",[],False
55,2025-03-28 20:20,MORGANITA,pt,Overwatch 2,DROPS ON!!!!! AJUDA NA META?,"['Competitivo', 'Português', 'PlayingwithViewers', 'ConversandoComOChat', 'Casual', 'CasualPlaytrough', 'DropsAtivados']",[],False
55,2025-03-28 20:20,DaniKrautz,pt,Fortnite,[DROPS ON]  - ❗nick ❗jogar ❗pix ❗comandos,"['fortnite', 'jogandocomochat', 'Português', 'Mulher', 'personalizadadelas', 'Reposição', 'DropsAtivados']",[],False
55,2025-03-28 20:21,julinhazsz,pt,ROBLOX,jogando ROBLOX COM O CHAT + ALERTA DE BITS NOVOS <3  | !pix !sustos !elo !roblox #patrocínio,"['Português', 'English', 'VALORANＴ']",[],False
55,2025-03-28 20:21,zCerejiinha,pt,VALORANT,"Ops, é a Cherry 🍒✨",['Português'],[],False
55,2025-03-28 20:21,umaqlr,pt,Overwatch 2,𓏲  ♡ nem eu sei  ༉‧₊˚ |  (+18) | !meta !elo !pix,"['English', 'Português', 'Mulher', 'Louca', 'DropsAtivados']",['ProfanityVulgarity'],False
56,2025-03-28 20:28,DaniKrautz,pt,Fortnite,[DROPS ON]  - ❗nick ❗jogar ❗pix ❗comandos,"['fortnite', 'jogandocomochat', 'Português', 'Mulher', 'personalizadadelas', 'Reposição', 'DropsAtivados']",[],False
56,2025-03-28 20:28,EiMine77,pt,Minecraft,✅ RECOMPENSAS ON! | ⭐ SEJA RÁPIDO E GANHE UMA CAPA DE GRAÇA: !CAPA | 💘 INSTAGRAM: @EIMINE77 | !ajuda !rerun !sub !subgratis !loja,"['Minecraft', 'EiMine', 'Português']",[],False
56,2025-03-28 20:28,SLKRETROZADA,pt,Counter-Strike,LIVE ATE TARDE !CSGO.NET !vaquinha !otimização @matazera @pezingamer   @betaozera @GabzeraWZ,"['mouse', 'teclado', 'portugues', 'competitivo', 'proplayerPortuguês', 'proplayer', 'proplayer', 'CS2', 'cs2counterstrike2', 'cs2major']",['MatureGame'],False
56,2025-03-28 20:28,MORGANITA,pt,Overwatch 2,DROPS ON!!!!! AJUDA NA META?,"['Competitivo', 'Português', 'PlayingwithViewers', 'ConversandoComOChat', 'Casual', 'CasualPlaytrough', 'DropsAtivados']",[],False
56,2025-03-28 20:28,tony_lvl,pt,Overwatch 2,sex de sexta nao de outra coisa - #OverwatchCreator #OWPartner,"['Português', 'DPS', 'Ranked', 'OverwatchCreators', 'Competitivo', 'Overwatch2', 'OW2Giveaway', 'Hitscan', 'Ashe', 'marvelrivals']",['ProfanityVulgarity'],False
56,2025-03-28 20:28,LendasDoMar,pt,Sea of Thieves,⭐DROPS⭐ Dessa vez é comigo | !lendas,"['seaofthieves', 'navalgame', 'streamers', 'brazil', 'community', 'seaofthievescommunity', 'seaofstars', 'lendasdomar', 'Português', 'DropsAtivados']",[],False
56,2025-03-28 20:28,JujubaNeko,pt,Sea of Thieves,"[PT/BR +18] DROP ON, HOJE É DIA DE CONDECS (XBOX SERIES S) - Código Epic JUJUBANEKO !cmds","['Anime', 'MãeGamer', 'Brasil', 'Português', 'XboxSeriesS', 'PvP', 'Multiplayer', 'PvE', 'Aventura', 'Cooperativo']",['ProfanityVulgarity'],False
56,2025-03-28 20:28,MagnumOfSpades,pt,Overwatch 2,Partiu Overwatch 2!! Melhor D.Va do meu bairro!! #Livetododia 1653 !livepix,"['Português', 'LiveTodoDia', 'DontStarveTogether', 'gaming', 'gamer', 'nuuvem', 'DropsAtivados']",[],False
56,2025-03-28 20:29,sicko1,pt,Fortnite,🟣 DROPS 🟣 Boa noite a toldos ❗exitlag,"['Português', 'PvP', 'English', 'Calvo', 'Idoso', 'Lindo', 'Humilde', 'chill', 'Terror', 'DropsAtivados']",[],False
57,2025-03-29 00:03,EiMine77,pt,Minecraft,✅ RECOMPENSAS ON! | ⭐ SEJA RÁPIDO E GANHE UMA CAPA DE GRAÇA: !CAPA | 💘 INSTAGRAM: @EIMINE77 | !ajuda !rerun !sub !subgratis !loja,"['Minecraft', 'EiMine', 'Português', 'RecompensasEspetadores']",[],False
57,2025-03-29 00:03,LendasDoMar,pt,Sea of Thieves,⭐DROPS⭐ Dessa vez é comigo | !lendas,"['seaofthieves', 'navalgame', 'streamers', 'brazil', 'community', 'seaofthievescommunity', 'seaofstars', 'lendasdomar', 'Português', 'DropsAtivados']",[],False
57,2025-03-29 00:03,DaniKrautz,pt,Fortnite,[DROPS ON]  - ❗nick ❗jogar ❗pix ❗comandos,"['fortnite', 'jogandocomochat', 'Português', 'Mulher', 'personalizadadelas', 'Reposição', 'DropsAtivados']",[],False
57,2025-03-29 00:03,gijuba_,pt,Fortnite,[DROPS ON] GIFT SUBS COM 35% DE DESCONTO | Use Code Epic: GIJUBA | Resgate skins na !loja assistindo a live ♡ | !sr !social !pix !comandos,"['Português', 'DropsAtivados']",[],False
57,2025-03-29 00:03,ZAKl1k,pt,Minecraft,🟢 MINECRAFT | ⭐ GANHE ASSISTINDO | 🌟 REESTOQUE DIA 10 ou 16 às 18h | !loja !points !prime !sub,"['Português', 'Minecraft', 'RecompensasEspetadores']",[],False
57,2025-03-29 00:04,museblossom,pt,Just Chatting,Só conversando❗discord❗pix ❗fort ❗jogar ❗epic ❗redes,"['fortnite', 'girl', 'menina', 'mulher', 'jogar', 'overwatch', 'portugues', 'brasileira', 'latina', 'mercy']",[],False
57,2025-03-29 00:04,chattlor,pt,Wuthering Waves,finalmente estamos voltando 🌾,"['Português', 'vtuber', 'chill', 'confortável', 'anxiety', 'comfy', 'ASMRauditivo', 'English', 'DropsAtivados']",[],False
57,2025-03-29 00:04,UniBr2,pt,League of Legends,Entre e ganhe uma batata! @haruninha @NynnaMelo @shayrabkofc @LuluxEgirl,"['Português', 'leagueoflegends', 'deadbydaylight', 'girlgamers', 'CountersStrike', 'Brasil', 'Anime', 'arcane']",[],False
57,2025-03-29 00:04,KingSakimura,pt,R.E.P.O.,"EU ZOIO, TU ZOIS, ELES ZOIEM !mbway","['GTARP', 'ROLEPLAY', 'FPS', 'geoguesser', 'reacts', 'horror', 'PlayingWithViewers', 'PuertoEsperanza', 'Português', 'ETS2']",[],False
58,2025-03-29 00:11,iShadowWolf_,pt,Fall Guys,(+18) Livezinha Muito Doida!   ||   (❗comandos ❗metas ❗drops)   ||   (Epic Code: SHADOWOLF),['Português'],[],False
58,2025-03-29 00:11,EiMine77,pt,Minecraft,✅ RECOMPENSAS ON! | ⭐ SEJA RÁPIDO E GANHE UMA CAPA DE GRAÇA: !CAPA | 💘 INSTAGRAM: @EIMINE77 | !ajuda !rerun !sub !subgratis !loja,"['Minecraft', 'EiMine', 'Português', 'RecompensasEspetadores']",[],False
58,2025-03-29 00:11,LendasDoMar,pt,Sea of Thieves,⭐DROPS⭐ Dessa vez é comigo | !lendas,"['seaofthieves', 'navalgame', 'streamers', 'brazil', 'community', 'seaofthievescommunity', 'seaofstars', 'lendasdomar', 'Português', 'DropsAtivados']",[],False
58,2025-03-29 00:12,DaniKrautz,pt,Fortnite,[DROPS ON]  - ❗nick ❗jogar ❗pix ❗comandos,"['fortnite', 'jogandocomochat', 'Português', 'Mulher', 'personalizadadelas', 'Reposição', 'DropsAtivados']",[],False
58,2025-03-29 00:12,gijuba_,pt,Fortnite,[DROPS ON] GIFT SUBS COM 35% DE DESCONTO | Use Code Epic: GIJUBA | Resgate skins na !loja assistindo a live ♡ | !sr !social !pix !comandos,"['Português', 'DropsAtivados']",[],False
58,2025-03-29 00:12,museblossom,pt,Just Chatting,Só conversando❗discord❗pix ❗fort ❗jogar ❗epic ❗redes,"['fortnite', 'girl', 'menina', 'mulher', 'jogar', 'overwatch', 'portugues', 'brasileira', 'latina', 'mercy']",[],False
58,2025-03-29 00:12,WiecGames,pt,Sea of Thieves,[🟢Drops ON🟢] Sea of Thieves - Jogando com PVP Serviçais da chama (em busca do lv 250) !comandos,"['Português', 'DropsAtivados']",[],False
58,2025-03-29 00:12,res1st,pt,Mini Royale,"DROPS - ESTAMOS DE MUDANCAS, ULTIMA LIVE NESSE CENÁRIO ❗️youtube ❗️prime ❗️pix","['FPS', 'seaofThieves', 'Sea', 'funny', 'engraçado', 'Português', 'resist', 'DropsAtivados']",[],False
58,2025-03-29 00:12,Sigy,en,Sea of Thieves,🔴OBSIDIAN !DROPS🔴Subscribe to the SECOND CHANNEL!🔴19/100 days in a row🔴,"['English', 'DropsEnabled']",[],True
59,2025-03-29 00:23,iShadowWolf_,pt,Fall Guys,(+18) Livezinha Muito Doida!   ||   (❗comandos ❗metas ❗drops)   ||   (Epic Code: SHADOWOLF),['Português'],[],False
59,2025-03-29 00:24,LendasDoMar,pt,Sea of Thieves,⭐DROPS⭐ Dessa vez é comigo | !lendas,"['seaofthieves', 'navalgame', 'streamers', 'brazil', 'community', 'seaofthievescommunity', 'seaofstars', 'lendasdomar', 'Português', 'DropsAtivados']",[],False
59,2025-03-29 00:24,EiMine77,pt,Minecraft,✅ RECOMPENSAS ON! | ⭐ SEJA RÁPIDO E GANHE UMA CAPA DE GRAÇA: !CAPA | 💘 INSTAGRAM: @EIMINE77 | !ajuda !rerun !sub !subgratis !loja,"['Minecraft', 'EiMine', 'Português', 'RecompensasEspetadores']",[],False
59,2025-03-29 00:24,gijuba_,pt,Fortnite,[DROPS ON] GIFT SUBS COM 35% DE DESCONTO | Use Code Epic: GIJUBA | Resgate skins na !loja assistindo a live ♡ | !sr !social !pix !comandos,"['Português', 'DropsAtivados']",[],False
59,2025-03-29 00:24,DaniKrautz,pt,Fortnite,[DROPS ON]  - ❗nick ❗jogar ❗pix ❗comandos,"['fortnite', 'jogandocomochat', 'Português', 'Mulher', 'personalizadadelas', 'Reposição', 'DropsAtivados']",[],False
59,2025-03-29 00:24,MegeraBruna,pt,Sea of Thieves,[Drops ativos] Vamo pra alto mar!! [+18] / !discord / !elo / !regras / !pix / !instagram/ !nick/ !Sorteio/ !clip/ !Sr /  !subathon,"['Português', 'valorant', 'gamergirl', 'fps', 'gamer', 'DropsAtivados']",[],False
59,2025-03-29 00:24,txgiovani10,pt,Paladins,Voltei sexta continua  (!Loja) - Paladins,['Português'],[],False
59,2025-03-29 00:24,ruthis20,es,Paladins,TORNEO - SEMIFINALES!! ✨ !s !sr,['Español'],[],False
59,2025-03-29 00:24,Nitrao_,pt,Marvel Rivals,ESPANCANDO O CLT BRASILEIRO EDIÇÃO 1,"['Português', 'DropsAtivados']",[],False
60,2025-03-29 00:33,iShadowWolf_,pt,Fall Guys,(+18) Livezinha Muito Doida!   ||   (❗comandos ❗metas ❗drops)   ||   (Epic Code: SHADOWOLF),['Português'],[],False
60,2025-03-29 00:33,EiMine77,pt,Minecraft,✅ RECOMPENSAS ON! | ⭐ SEJA RÁPIDO E GANHE UMA CAPA DE GRAÇA: !CAPA | 💘 INSTAGRAM: @EIMINE77 | !ajuda !rerun !sub !subgratis !loja,"['Minecraft', 'EiMine', 'Português', 'RecompensasEspetadores']",[],False
60,2025-03-29 00:33,gijuba_,pt,Fortnite,[DROPS ON] GIFT SUBS COM 35% DE DESCONTO | Use Code Epic: GIJUBA | Resgate skins na !loja assistindo a live ♡ | !sr !social !pix !comandos,"['Português', 'DropsAtivados']",[],False
60,2025-03-29 00:33,DaniKrautz,pt,Fortnite,[DROPS ON]  - ❗nick ❗jogar ❗pix ❗comandos,"['fortnite', 'jogandocomochat', 'Português', 'Mulher', 'personalizadadelas', 'Reposição', 'DropsAtivados']",[],False
60,2025-03-29 00:33,MegeraBruna,pt,Sea of Thieves,[Drops ativos] Vamo pra alto mar!! [+18] / !discord / !elo / !regras / !pix / !instagram/ !nick/ !Sorteio/ !clip/ !Sr /  !subathon,"['Português', 'valorant', 'gamergirl', 'fps', 'gamer', 'DropsAtivados']",[],False
60,2025-03-29 00:34,museblossom,pt,Just Chatting,Só conversando❗discord❗pix ❗fort ❗jogar ❗epic ❗redes,"['fortnite', 'girl', 'menina', 'mulher', 'jogar', 'overwatch', 'portugues', 'brasileira', 'latina', 'mercy']",[],False
60,2025-03-29 00:34,miiih_macedo,pt,Tom Clancy's Rainbow Six Siege,(+18) RANKEDZZ DA DERROTA,"['Português', 'UbisoftPartner', 'ad']",['MatureGame'],False
60,2025-03-29 00:34,RDA_br,pt,Tom Clancy's Rainbow Six Siege,TREINANDO OS  ENZOS- !sensi !tts !youtube,"['jynxzi', 'Português', 'R6', 'Brasil', 'alanzoka']",['MatureGame'],False
60,2025-03-29 00:34,rafinhabr,pt,Tom Clancy's Rainbow Six Siege,R6: RANKED! ❗pix ❗sorteio ❗comandos ❗roxx,"['rafinhabr', 'gameplay', 'ranked', 'plat', 'R6', 'fps', 'Português']",['MatureGame'],False
61,2025-03-29 04:03,iShadowWolf_,pt,Sea of Thieves,(+18) Livezinha Muito Doida!   ||   (❗comandos ❗metas ❗drops)   ||   (Epic Code: SHADOWOLF),"['Português', 'DropsAtivados']",[],False
61,2025-03-29 04:03,DaniKrautz,pt,Fortnite,[DROPS ON]  - ❗nick ❗jogar ❗pix ❗comandos,"['fortnite', 'jogandocomochat', 'Português', 'Mulher', 'personalizadadelas', 'Reposição', 'DropsAtivados']",[],False
61,2025-03-29 04:03,EiMine77,pt,Minecraft,✅ RECOMPENSAS ON! | ⭐ SEJA RÁPIDO E GANHE UMA CAPA DE GRAÇA: !CAPA | 💘 INSTAGRAM: @EIMINE77 | !ajuda !rerun !sub !subgratis !loja,"['Minecraft', 'EiMine', 'Português', 'RecompensasEspetadores']",[],False
61,2025-03-29 04:03,Nivyzera,pt,VALORANT,Ranked ascendente | Siga @nivyzera nas redes sociais❗️noping ❗️sociais ❗️pix,"['Português', 'Conversação', 'Mulher', 'Ranked', 'VALORANＴ']",[],False
61,2025-03-29 04:03,xGuuhGabrielx,pt,EA Sports FC 25,"WL em Busca do Rank 1,Fizemos 5 Icons, Mata Mata da WL, DMEs, Packs e Resenha | DIGITE !Livepix !cliente !grupo !sorteio !meta","['EASPORTS', 'EAFC', 'eafc25', 'ultimateteam', 'fc25', 'fc25gameplay', 'Português', 'Paivinha29', 'Carpentieri', 'Adolfz']",[],False
61,2025-03-29 04:03,donkgord0,pt,Counter-Strike,🕺🏻💪🏻😎🦜+18 PERNA + 30MIN BIKE @ovitorvg @GOIAMO  ONLINE❗RAINGG  🤪 !!❗neshastore  ❗gamearena❗csgoskins,"['CSGO', 'FPS', 'GAMERSCLUB', 'GC', 'LVL20', 'Português', 'lol', 'leagueoflegends', 'moba']",['MatureGame'],False
61,2025-03-29 04:03,estrelarp,pt,Grand Theft Auto V,+18 FIVEM - LADOLESTE RP❗️Privacy❗️Discord ❗️Comandos ❗️Cidade - Vamos pro ZARALHO! Vem que tem CODIGUINHO ON,['Português'],['MatureGame'],True
61,2025-03-29 04:03,maionesers7,pt,Grand Theft Auto V,SEXTOU NAQUELES PIQUE PA CIMA,['Português'],['MatureGame'],False
61,2025-03-29 04:03,joaozin,en,VALORANT,RANKED RADIANTE | ESTOU DOENTE LIVE CURTA | ESTAMOS TOP 60 | !pix !ban,"['Português', 'English']",[],False
62,2025-03-29 04:12,iShadowWolf_,pt,Sea of Thieves,(+18) Livezinha Muito Doida!   ||   (❗comandos ❗metas ❗drops)   ||   (Epic Code: SHADOWOLF),"['Português', 'DropsAtivados']",[],False
62,2025-03-29 04:13,DaniKrautz,pt,Fortnite,[DROPS ON]  - ❗nick ❗jogar ❗pix ❗comandos,"['fortnite', 'jogandocomochat', 'Português', 'Mulher', 'personalizadadelas', 'Reposição', 'DropsAtivados']",[],False
62,2025-03-29 04:13,EiMine77,pt,Minecraft,✅ RECOMPENSAS ON! | ⭐ SEJA RÁPIDO E GANHE UMA CAPA DE GRAÇA: !CAPA | 💘 INSTAGRAM: @EIMINE77 | !ajuda !rerun !sub !subgratis !loja,"['Minecraft', 'EiMine', 'Português', 'RecompensasEspetadores']",[],False
62,2025-03-29 04:13,Nivyzera,pt,VALORANT,Ranked ascendente | Siga @nivyzera nas redes sociais❗️noping ❗️sociais ❗️pix,"['Português', 'Conversação', 'Mulher', 'Ranked', 'VALORANＴ']",[],False
62,2025-03-29 04:13,donkgord0,pt,Counter-Strike,🕺🏻💪🏻😎🦜+18 PERNA + 30MIN BIKE @ovitorvg @GOIAMO  ONLINE❗RAINGG  🤪 !!❗neshastore  ❗gamearena❗csgoskins,"['CSGO', 'FPS', 'GAMERSCLUB', 'GC', 'LVL20', 'Português', 'lol', 'leagueoflegends', 'moba']",['MatureGame'],False
62,2025-03-29 04:13,xGuuhGabrielx,pt,EA Sports FC 25,"WL em Busca do Rank 1,Fizemos 5 Icons, Mata Mata da WL, DMEs, Packs e Resenha | DIGITE !Livepix !cliente !grupo !sorteio !meta","['EASPORTS', 'EAFC', 'eafc25', 'ultimateteam', 'fc25', 'fc25gameplay', 'Português', 'Paivinha29', 'Carpentieri', 'Adolfz']",[],False
62,2025-03-29 04:13,Katachi_____,pt,Overwatch 2,| +18 | Only sofrência agora 🤓👍,"['Português', 'DropsAtivados']",['ProfanityVulgarity'],False
62,2025-03-29 04:13,oeebibi,pt,Fortnite,"[+18] Eii, veeeeeeem, bora papear e joga 💖","['Português', 'DropsAtivados', 'Fortnite']",[],False
62,2025-03-29 04:13,Sakura_Ikari,pt,Infinity Nikki,Delírios  da madrugada (Não prometo uma live longa),"['conversa', 'Português', 'EspaçoSeguro', 'conselhos', 'LGBTQIAPIus', 'Casual', 'LGBT', 'interativa', 'InfinityNikki', 'PtBrasil']",[],False
63,2025-03-29 04:25,iShadowWolf_,pt,Sea of Thieves,(+18) Livezinha Muito Doida!   ||   (❗comandos ❗metas ❗drops)   ||   (Epic Code: SHADOWOLF),"['Português', 'DropsAtivados']",[],False
63,2025-03-29 04:25,DaniKrautz,pt,Just Chatting,[DROPS ON]  - ❗nick ❗jogar ❗pix ❗comandos,"['fortnite', 'jogandocomochat', 'Português', 'Mulher', 'DropsAtivados', 'conversa', 'reality']",[],False
63,2025-03-29 04:26,EiMine77,pt,Minecraft,✅ RECOMPENSAS ON! | ⭐ SEJA RÁPIDO E GANHE UMA CAPA DE GRAÇA: !CAPA | 💘 INSTAGRAM: @EIMINE77 | !ajuda !rerun !sub !subgratis !loja,"['Minecraft', 'EiMine', 'Português', 'RecompensasEspetadores']",[],False
63,2025-03-29 04:26,Nivyzera,pt,VALORANT,Ranked ascendente | Siga @nivyzera nas redes sociais❗️noping ❗️sociais ❗️pix,"['Português', 'Conversação', 'Mulher', 'Ranked', 'VALORANＴ']",[],False
63,2025-03-29 04:26,donkgord0,pt,Counter-Strike,🕺🏻💪🏻😎🦜+18 PERNA + 30MIN BIKE @ovitorvg @GOIAMO  ONLINE❗RAINGG  🤪 !!❗neshastore  ❗gamearena❗csgoskins,"['CSGO', 'FPS', 'GAMERSCLUB', 'GC', 'LVL20', 'Português', 'lol', 'leagueoflegends', 'moba']",['MatureGame'],False
63,2025-03-29 04:26,xGuuhGabrielx,pt,EA Sports FC 25,"1/0 WL em Busca do Rank 1,Fizemos 5 Icons, Mata Mata da WL, DMEs, Packs e Resenha | DIGITE !Livepix !cliente !grupo !sorteio !meta","['EASPORTS', 'EAFC', 'eafc25', 'ultimateteam', 'fc25', 'fc25gameplay', 'Português', 'Paivinha29', 'Carpentieri', 'Adolfz']",[],False
63,2025-03-29 04:26,ShowZinN,pt,Fortnite,COLA AI =D  #USE CODE SHOWZIN #ad ❗️EARNINGS ❗️PIX ❗️Onlyfas ❗️Jogar ❗️Fila ❗️Sair ❗️msg,"['Português', 'AMA', 'JogarComEspetadores', 'Casual', 'DropsAtivados']",[],False
63,2025-03-29 04:26,buxudinho,pt,Fortnite,[+18] ✨PROMOÇÃO GIFT SUB ✨ DROP ON | CODE: BUXUDINHOO #AD #EpicPartner 🔥!Pix  !Wish !Amazon,"['Português', 'DropsAtivados']",['ProfanityVulgarity'],False
63,2025-03-29 04:26,oeebibi,pt,Fortnite,"[+18] Eii, veeeeeeem, bora papear e joga 💖","['Português', 'DropsAtivados', 'Fortnite']",[],False
64,2025-03-29 08:03,iShadowWolf_,pt,Fortnite,(+18) Livezinha Muito Doida!   ||   (❗comandos ❗metas ❗drops)   ||   (Epic Code: SHADOWOLF),"['Português', 'DropsAtivados']",[],False
64,2025-03-29 08:03,Nivyzera,pt,VALORANT,Rerun - Ranked ascendente | Siga @nivyzera nas redes sociais❗️noping ❗️sociais ❗️pix,"['Português', 'Conversação', 'Mulher', 'Ranked', 'VALORANＴ']",[],False
64,2025-03-29 08:03,xGuuhGabrielx,pt,EA Sports FC 25,"10/0 WL em Busca do Rank 1,Fizemos 5 Icons, Mata Mata da WL, DMEs, Packs e Resenha | DIGITE !Livepix !cliente !grupo !sorteio !meta","['EASPORTS', 'EAFC', 'eafc25', 'ultimateteam', 'fc25', 'fc25gameplay', 'Português', 'Paivinha29', 'Carpentieri', 'Adolfz']",[],False
64,2025-03-29 08:04,ZAKl1k,pt,Minecraft,🟢 MINECRAFT | ⭐ GANHE ASSISTINDO | 🌟 REESTOQUE DIA 10 ou 16 às 18h | !loja !points !prime !sub,"['Português', 'Minecraft', 'RecompensasEspetadores']",[],False
64,2025-03-29 08:04,miguelitodoarrocha,pt,EA Sports FC 25,💥sábado de wl se eu ganha 5v ta otimo!!! bem vindos a live do Miguelito,"['Português', 'Portugal', 'Competitivo', 'resenha', 'Resenhando', 'ultimateteam', 'fifa', 'EAFC', 'eafc25', 'eafcsports']",[],False
64,2025-03-29 08:04,EiMine77,pt,Minecraft,✅ RECOMPENSAS ON! | ⭐ SEJA RÁPIDO E GANHE UMA CAPA DE GRAÇA: !CAPA | 💘 INSTAGRAM: @EIMINE77 | !ajuda !rerun !sub !subgratis !loja,"['Minecraft', 'EiMine', 'Português', 'RecompensasEspetadores']",[],False
64,2025-03-29 08:04,vanessynhaaaa,pt,Fortnite,💕Me apoiem loja code: NESSYNHA,"['fps', 'amizades', 'diversão', 'AMA', 'ação', 'TDH', 'tiroteio', 'fortnite', 'mulheres', 'homens']",[],True
64,2025-03-29 08:04,GoldenGunnTV,pt,Marvel Rivals,FUI DESPEJADO AJUDE COM AS METAS ). UM SALVE GERAL !!,"['Português', 'fps', 'gameplay', 'Portugal', 'Brasil', 'DropsAtivados', '33immortals']",[],True
64,2025-03-29 08:04,Stheffanifr1,pt,Counter-Strike,RESGATE SEUS DIAMANTES E CODIGUIN NA LOJINHA,"['diamantes', 'freefire', 'loja', 'lojinha', 'prêmios', 'codiguin', 'Português']",['MatureGame'],False
65,2025-03-29 08:12,iShadowWolf_,pt,Fortnite,(+18) Livezinha Muito Doida!   ||   (❗comandos ❗metas ❗drops)   ||   (Epic Code: SHADOWOLF),"['Português', 'DropsAtivados']",[],False
65,2025-03-29 08:12,aatonz,pt,Sea of Thieves,🟢🟡DROPS ON🟡🟢Ae Kassinãão é SABADAAAÇO!! Pode até chover e relampejar HOJE EU VOU PIRATEAAR!!VAMOoO!! PROMOÇÃO na TWITCH!!! BOM DIA!!,"['casual', 'engraçado', 'pirata', 'English', 'Português', 'Yoda', 'Gaules', 'giveaway', 'alanzoka', 'DropsAtivados']",[],False
65,2025-03-29 08:12,Nivyzera,pt,VALORANT,Rerun - Ranked ascendente | Siga @nivyzera nas redes sociais❗️noping ❗️sociais ❗️pix,"['Português', 'Conversação', 'Mulher', 'Ranked', 'VALORANＴ']",[],False
65,2025-03-29 08:12,xGuuhGabrielx,pt,EA Sports FC 25,"11/0 WL em Busca do Rank 1,Fizemos 5 Icons, Mata Mata da WL, DMEs, Packs e Resenha | DIGITE !Livepix !cliente !grupo !sorteio !meta","['EASPORTS', 'EAFC', 'eafc25', 'ultimateteam', 'fc25', 'fc25gameplay', 'Português', 'Paivinha29', 'Carpentieri', 'Adolfz']",[],False
65,2025-03-29 08:12,iMarianaPit,pt,Grand Theft Auto V,"[ +18 ] PLF + LADO LESTE ❗️ 00 DA ALEMANHA, !cidade !pix !sub !codiguin","['English', 'girlgamers', 'ＧTA5', 'Português', 'fivem', 'Alemanha', 'LadoLesteRP', 'ladolesteroleplay', 'ladolestept2', 'tropadaalemanha']",['MatureGame'],False
65,2025-03-29 08:12,oBruxoFut,pt,EA Sports FC 25,"✨ WL COM GABRIEL MAGALHÃES, GULLIT E O ETERNO SONHO DO RANK 1 ❗️tatica ❗️st ❗️lurdinha","['Português', 'muitoelegante', 'charmoso', 'bonito', 'inteligente', 'carismático', 'educado', 'proplayer', 'futebol', 'fitness']",[],False
65,2025-03-29 08:13,GoldenGunnTV,pt,Marvel Rivals,FUI DESPEJADO AJUDE COM AS METAS ). UM SALVE GERAL !!,"['Português', 'fps', 'gameplay', 'Portugal', 'Brasil', 'DropsAtivados', '33immortals']",[],True
65,2025-03-29 08:13,wanessa021w,pt,Drop Duchy,[+18] O que iremos jogar? Mas Bom diaaa. Subathon dia 47 !subathon !pudim !ticket !pix !loja !discord !sr !clip,"['Português', 'Aconchegante', 'TDH', 'Vtuber', 'DicçãoRuim', 'VtuberBR', 'subathon']",[],False
65,2025-03-29 08:13,Vermenado,pt,Gartic Show,[SUBDAY] MULTIVERSO DOS SUBS,['Português'],[],False
66,2025-03-29 08:22,iShadowWolf_,pt,Fortnite,(+18) Livezinha Muito Doida!   ||   (❗comandos ❗metas ❗drops)   ||   (Epic Code: SHADOWOLF),"['Português', 'DropsAtivados']",[],False
66,2025-03-29 08:22,aatonz,pt,Sea of Thieves,🟢🟡DROPS ON🟡🟢Ae Kassinãão é SABADAAAÇO!! Pode até chover e relampejar HOJE EU VOU PIRATEAAR!!VAMOoO!! PROMOÇÃO na TWITCH!!! BOM DIA!!,"['casual', 'engraçado', 'pirata', 'English', 'Português', 'Yoda', 'Gaules', 'giveaway', 'alanzoka', 'DropsAtivados']",[],False
66,2025-03-29 08:22,Nivyzera,pt,VALORANT,Rerun - Ranked ascendente | Siga @nivyzera nas redes sociais❗️noping ❗️sociais ❗️pix,"['Português', 'Conversação', 'Mulher', 'Ranked', 'VALORANＴ']",[],False
66,2025-03-29 08:22,xGuuhGabrielx,pt,EA Sports FC 25,"11/0 WL em Busca do Rank 1,Fizemos 5 Icons, Mata Mata da WL, DMEs, Packs e Resenha | DIGITE !Livepix !cliente !grupo !sorteio !meta","['EASPORTS', 'EAFC', 'eafc25', 'ultimateteam', 'fc25', 'fc25gameplay', 'Português', 'Paivinha29', 'Carpentieri', 'Adolfz']",[],False
66,2025-03-29 08:22,miguelitodoarrocha,pt,EA Sports FC 25,💥sábado de wl se eu ganha 5v ta otimo!!! bem vindos a live do Miguelito,"['Português', 'Portugal', 'Competitivo', 'resenha', 'Resenhando', 'ultimateteam', 'fifa', 'EAFC', 'eafc25', 'eafcsports']",[],False
66,2025-03-29 08:22,EiMine77,pt,Minecraft,✅ RECOMPENSAS ON! | ⭐ SEJA RÁPIDO E GANHE UMA CAPA DE GRAÇA: !CAPA | 💘 INSTAGRAM: @EIMINE77 | !ajuda !rerun !sub !subgratis !loja,"['Minecraft', 'EiMine', 'Português', 'RecompensasEspetadores']",[],False
66,2025-03-29 08:22,swfps7,pt,VALORANT,CORINTHIANS SW | RANKEDS RADIANTE - MAIN CONTROLADOR | !time !vcb,"['Valorant', 'Radiante', 'Controlador', 'routine', 'rotina', 'TOP', 'Português']",[],False
66,2025-03-29 08:22,Tixinhadois,pt,VALORANT,NS RED FORCE 0x0 T1 - VCT Pacific - #VCTWatchParty !loco !adamantium !kaspersky,"['Português', 'valorant', 'Tixinha', 'cypher', 'valorantbr']",[],False
66,2025-03-29 08:22,joaozin,en,VALORANT,RANKED RADIANTE | ESTOU DOENTE LIVE CURTA | ESTAMOS TOP 60 | !pix !ban,"['Português', 'English']",[],False
67,2025-03-29 08:33,iShadowWolf_,pt,Fortnite,(+18) Livezinha Muito Doida!   ||   (❗comandos ❗metas ❗drops)   ||   (Epic Code: SHADOWOLF),"['Português', 'DropsAtivados']",[],False
67,2025-03-29 08:34,aatonz,pt,Sea of Thieves,🟢🟡DROPS ON🟡🟢Ae Kassinãão é SABADAAAÇO!! Pode até chover e relampejar HOJE EU VOU PIRATEAAR!!VAMOoO!! PROMOÇÃO na TWITCH!!! BOM DIA!!,"['casual', 'engraçado', 'pirata', 'English', 'Português', 'Yoda', 'Gaules', 'giveaway', 'alanzoka', 'DropsAtivados']",[],False
67,2025-03-29 08:34,Nivyzera,pt,VALORANT,Rerun - Ranked ascendente | Siga @nivyzera nas redes sociais❗️noping ❗️sociais ❗️pix,"['Português', 'Conversação', 'Mulher', 'Ranked', 'VALORANＴ']",[],False
67,2025-03-29 08:34,xGuuhGabrielx,pt,EA Sports FC 25,"11/0 WL em Busca do Rank 1,Fizemos 5 Icons, Mata Mata da WL, DMEs, Packs e Resenha | DIGITE !Livepix !cliente !grupo !sorteio !meta","['EASPORTS', 'EAFC', 'eafc25', 'ultimateteam', 'fc25', 'fc25gameplay', 'Português', 'Paivinha29', 'Carpentieri', 'Adolfz']",[],False
67,2025-03-29 08:34,EiMine77,pt,Minecraft,✅ RECOMPENSAS ON! | ⭐ SEJA RÁPIDO E GANHE UMA CAPA DE GRAÇA: !CAPA | 💘 INSTAGRAM: @EIMINE77 | !ajuda !rerun !sub !subgratis !loja,"['Minecraft', 'EiMine', 'Português', 'RecompensasEspetadores']",[],False
67,2025-03-29 08:34,oBruxoFut,pt,EA Sports FC 25,"✨ WL COM GABRIEL MAGALHÃES, GULLIT E O ETERNO SONHO DO RANK 1 ❗️tatica ❗️st ❗️lurdinha","['Português', 'muitoelegante', 'charmoso', 'bonito', 'inteligente', 'carismático', 'educado', 'proplayer', 'futebol', 'fitness']",[],False
67,2025-03-29 08:34,valorientezin,pt,ROBLOX,roblox follow me pls,"['roblox', 'Português']",[],False
67,2025-03-29 08:34,biel1fps,pt,VALORANT,RANKEDS !mousepad !mouse !sens !pix,"['Português', 'drops', 'rankeds', 'hg', 'minecraft', 'pvp', 'minecraftsurivial', 'valorant', 'rankeds', 'ascendente']",[],False
67,2025-03-29 08:34,karecarp,pt,Grand Theft Auto V,Circo Da Alegria !!Capital City  (+ 18)❗livepix❗PC❗ins,"['pix', 'donate', 'instagram', 'PC', 'Português']",['MatureGame'],False
68,2025-03-29 08:45,iShadowWolf_,pt,Fortnite,(+18) Livezinha Muito Doida!   ||   (❗comandos ❗metas ❗drops)   ||   (Epic Code: SHADOWOLF),"['Português', 'DropsAtivados']",[],False
68,2025-03-29 08:45,aatonz,pt,Sea of Thieves,🟢🟡DROPS ON🟡🟢Ae Kassinãão é SABADAAAÇO!! Pode até chover e relampejar HOJE EU VOU PIRATEAAR!!VAMOoO!! PROMOÇÃO na TWITCH!!! BOM DIA!!,"['casual', 'engraçado', 'pirata', 'English', 'Português', 'Yoda', 'Gaules', 'giveaway', 'alanzoka', 'DropsAtivados']",[],False
68,2025-03-29 08:45,Nivyzera,pt,VALORANT,Rerun - Ranked ascendente | Siga @nivyzera nas redes sociais❗️noping ❗️sociais ❗️pix,"['Português', 'Conversação', 'Mulher', 'Ranked', 'VALORANＴ']",[],False
68,2025-03-29 08:46,EiMine77,pt,Minecraft,✅ RECOMPENSAS ON! | ⭐ SEJA RÁPIDO E GANHE UMA CAPA DE GRAÇA: !CAPA | 💘 INSTAGRAM: @EIMINE77 | !ajuda !rerun !sub !subgratis !loja,"['Minecraft', 'EiMine', 'Português', 'RecompensasEspetadores']",[],False
68,2025-03-29 08:46,xGuuhGabrielx,pt,EA Sports FC 25,"12/1 WL em Busca do Rank 2,Fizemos 5 Icons, Mata Mata da WL, DMEs, Packs e Resenha | DIGITE !Livepix !cliente !grupo !sorteio !meta","['EASPORTS', 'EAFC', 'eafc25', 'ultimateteam', 'fc25', 'fc25gameplay', 'Português', 'Paivinha29', 'Carpentieri', 'Adolfz']",[],False
68,2025-03-29 08:46,miguelitodoarrocha,pt,EA Sports FC 25,💥sábado de wl se eu ganha 5v ta otimo!!! bem vindos a live do Miguelito,"['Português', 'Portugal', 'Competitivo', 'resenha', 'Resenhando', 'ultimateteam', 'fifa', 'EAFC', 'eafc25', 'eafcsports']",[],False
68,2025-03-29 08:46,s1nistru,pt,Counter-Strike,SEÑOR VAC returns !skinsvip,['Português'],['MatureGame'],False
68,2025-03-29 08:46,arch1vesfps,pt,Counter-Strike,🔥 TOP 1 MUNDIAL CS RANK 30K+ LEVEL 21 GC ( ͡° ͜ʖ ͡°) 🛒 RERUN ➡️ !loja !config !mira,"['ptbr', 'en', 'pt', 'Português']",['MatureGame'],False
68,2025-03-29 08:46,oGolfista,pt,Counter-Strike,+18  PLAYS DUVIDOSAS  @Donkgord0 @goiamo @cogu @pesafps -LVL20 GC !jakkal !sens  !pc !pix @gamersclubcs,"['Português', 'cs2brasil']",['MatureGame'],False
69,2025-03-29 12:02,aatonz,pt,Sea of Thieves,🟢🟡DROPS ON🟡🟢Ae Kassinãão é SABADAAAÇO!! Pode até chover e relampejar HOJE EU VOU PIRATEAAR!!VAMOoO!! PROMOÇÃO na TWITCH!!! BOM DIA!!,"['casual', 'engraçado', 'pirata', 'English', 'Português', 'Yoda', 'Gaules', 'giveaway', 'alanzoka', 'DropsAtivados']",[],False
69,2025-03-29 12:02,mae_joga45,pt,Overwatch 2,(+18) 🎮 {DROPS ON} Vem ver a play buscando a pro e a streamer 📷  que esse mod esta aprontando,"['Português', 'jogodeterror', 'jogofps', 'diversãogarantida', 'DropsAtivados']",[],False
69,2025-03-29 12:02,HenriqueOph,pt,Minecraft,DROP DE CAPA ATIVO DIGITE: !CAPA - ESPECIAL 10 HORAS ON SERVE BEDROCK & HARDCORE EP 10,"['Português', 'minecraft', 'Hardcore', 'HardMode', 'sobrevivencia', '1VIDA', 'hardcoregamer', 'Singlerplayer', 'MINEDROP', 'TIKTOKCAPA']",[],False
69,2025-03-29 12:02,Nivyzera,pt,VALORANT,AO VIVO🟢Ranked imortal | Siga @nivyzera nas redes sociais❗️noping ❗️sociais ❗️pix,"['Português', 'Conversação', 'Mulher', 'Ranked', 'VALORANＴ']",[],False
69,2025-03-29 12:02,miguelitodoarrocha,pt,EA Sports FC 25,💥sábado de wl se eu ganha 5v ta otimo!!! bem vindos a live do Miguelito,"['Português', 'Portugal', 'Competitivo', 'resenha', 'Resenhando', 'ultimateteam', 'fifa', 'EAFC', 'eafc25', 'eafcsports']",[],False
69,2025-03-29 12:02,EiMine77,pt,Minecraft,✅ RECOMPENSAS ON! | ⭐ SEJA RÁPIDO E GANHE UMA CAPA DE GRAÇA: !CAPA | 💘 INSTAGRAM: @EIMINE77 | !ajuda !rerun !sub !subgratis !loja,"['Minecraft', 'EiMine', 'Português', 'RecompensasEspetadores']",[],False
69,2025-03-29 12:02,MaskaraDoRP,pt,Grand Theft Auto V,SABADOU com O Máskara: configurando a COCOBONGO Roleplay.,['Português'],['MatureGame'],False
69,2025-03-29 12:02,TudopeloXP,pt,Granblue Fantasy: Relink,Granblue Fantasy Relink - (rejogando) continuação,"['mundoaberto', 'twitchstreamer', 'NASA', 'TwitchBrasil', 'Conversação', 'Português', 'gamergirlpower', 'animegame', 'games', 'gaming']",[],False
69,2025-03-29 12:02,gokugamerrj,pt,The First Berserker: Khazan,The First Berserker: Khazan  !!! PIX New Challenger Ep 149⚔️ 🎮 #pix 💲 PTBR,"['Xbox', 'XboxSeriesSX', 'gameplay', 'Multiplayer', 'Português']",['MatureGame'],False
70,2025-03-29 12:12,maahmurollo,pt,Overwatch 2,[DROPS ON] Jogando com o chat 🔥 ❤️ ❗JOGAR ❗LOJA    MUROLLO #ad,"['gamer', 'Português', 'Fortnite', 'ZeroBuild', 'battleroyale', 'Reposição', 'DropsAtivados']",[],True
70,2025-03-29 12:13,aatonz,pt,Sea of Thieves,🟢🟡DROPS ON🟡🟢Ae Kassinãão é SABADAAAÇO!! Pode até chover e relampejar HOJE EU VOU PIRATEAAR!!VAMOoO!! PROMOÇÃO na TWITCH!!! BOM DIA!!,"['casual', 'engraçado', 'pirata', 'English', 'Português', 'Yoda', 'Gaules', 'giveaway', 'alanzoka', 'DropsAtivados']",[],False
70,2025-03-29 12:13,lucaspierry1,pt,Counter-Strike,RERUN ON // RESGATE SUA SKIN GRATIS EM !LOJA // Siga @lucaspierry1 no Instagram // !sub !hellcase !loja,"['Português', 'Reposição']","['MatureGame', 'ProfanityVulgarity']",False
70,2025-03-29 12:13,Nivyzera,pt,VALORANT,AO VIVO🟢Ranked imortal | Siga @nivyzera nas redes sociais❗️noping ❗️sociais ❗️pix,"['Português', 'Conversação', 'Mulher', 'Ranked', 'VALORANＴ']",[],False
70,2025-03-29 12:13,YoDa,pt,League of Legends,LOL COM !VOICE  - OPERACAO LOL 2 - START 170 PDL - NO SABADAO,['Português'],[],False
70,2025-03-29 12:13,iMarianaPit,pt,Grand Theft Auto V,"[ +18 ] PLF + LADO LESTE ❗️ 00 DA ALEMANHA, !cidade !pix !sub !codiguin","['English', 'girlgamers', 'ＧTA5', 'Português', 'fivem', 'Alemanha', 'LadoLesteRP', 'ladolesteroleplay', 'ladolestept2', 'tropadaalemanha']",['MatureGame'],False
70,2025-03-29 12:13,CarlitoP1_,pt,Grand Theft Auto V,[CDA] SPEED EM QRV! Acompanhas pelo CIDADE ALTA -> Siga @carlitop1_,"['Português', 'CIDADEALTA', 'METROPOLE', 'GTARP', 'FIVEM', 'CarlitoP1', 'INTERCEPTOR', 'SPEED']",['MatureGame'],False
70,2025-03-29 12:13,SCO7T,pt,FragPunk,🟢AO VIVO🟢 FragPunk Ranked Platina+ | !socials !mods !loja,"['GTA', 'Roleplay', 'RP', 'Gang', 'YBN', 'LA', 'FiveM', 'Português']",[],False
70,2025-03-29 12:13,tvittfps,pt,Grand Theft Auto V,@metropolegg // GESTOR DELTA // Doug Judy em ACOMPANHAÇÃO - !delta !pix !playlist,"['metropole', 'metroville', 'cidadealta', 'CDA', 'complexo', 'cdavalley', 'fivem', 'counterstrike2', 'FarmingSimulator22', 'EuroTruckSimulator2']",['MatureGame'],False
71,2025-03-29 12:23,mae_joga45,pt,Overwatch 2,(+18) 🎮 {DROPS ON} Vem ver a play buscando a pro e a streamer 📷  que esse mod esta aprontando,"['Português', 'jogodeterror', 'jogofps', 'diversãogarantida', 'DropsAtivados']",[],False
71,2025-03-29 12:23,HenriqueOph,pt,Minecraft,DROP DE CAPA ATIVO DIGITE: !CAPA - ESPECIAL 10 HORAS ON SERVE BEDROCK & HARDCORE EP 10,"['Português', 'minecraft', 'Hardcore', 'HardMode', 'sobrevivencia', '1VIDA', 'hardcoregamer', 'Singlerplayer', 'MINEDROP', 'TIKTOKCAPA']",[],False
71,2025-03-29 12:23,Nivyzera,pt,VALORANT,AO VIVO🟢Ranked imortal | Siga @nivyzera nas redes sociais❗️noping ❗️sociais ❗️pix,"['Português', 'Conversação', 'Mulher', 'Ranked', 'VALORANＴ']",[],False
71,2025-03-29 12:24,EiMine77,pt,Minecraft,✅ RECOMPENSAS ON! | ⭐ SEJA RÁPIDO E GANHE UMA CAPA DE GRAÇA: !CAPA | 💘 INSTAGRAM: @EIMINE77 | !ajuda !rerun !sub !subgratis !loja,"['Minecraft', 'EiMine', 'Português', 'RecompensasEspetadores']",[],False
71,2025-03-29 12:24,ZAKl1k,pt,Minecraft,🟢 MINECRAFT | ⭐ GANHE ASSISTINDO | 🌟 REESTOQUE DIA 10 ou 16 às 18h | !loja !points !prime !sub,"['Português', 'Minecraft', 'RecompensasEspetadores']",[],False
71,2025-03-29 12:24,miguelitodoarrocha,pt,EA Sports FC 25,💥sábado de wl se eu ganha 5v ta otimo!!! bem vindos a live do Miguelito,"['Português', 'Portugal', 'Competitivo', 'resenha', 'Resenhando', 'ultimateteam', 'fifa', 'EAFC', 'eafc25', 'eafcsports']",[],False
71,2025-03-29 12:24,a_Saika,pt,inZOI,Stream surpresaa que nem sabia que ia fazer xD -- REPO e jogo surpresa? #31,"['fortnite', 'portugues', 'english', 'Português']",['ProfanityVulgarity'],False
71,2025-03-29 12:24,Joanagsg,pt,League of Legends,Main Supp -> RUMO A ALGO HELP🧚!giveaway 🎁 !giveaway2 🎁 !discord 👾 [PT/ING] 🌐,"['English', 'Português']",[],False
71,2025-03-29 12:24,0Fusa,pt,Cyberpunk 2077,[PT-PT] Cyber se...? !instant !discord  !commands @0Fusa,"['avec', 'portugues', 'portugal', 'brasil', 'pt', 'comedia', 'jogos', 'humor', 'cyberpunk', 'rpg']",['MatureGame'],False
72,2025-03-29 12:31,mae_joga45,pt,Overwatch 2,(+18) 🎮 {DROPS ON} Vem ver a play buscando a pro e a streamer 📷  que esse mod esta aprontando,"['Português', 'jogodeterror', 'jogofps', 'diversãogarantida', 'DropsAtivados']",[],False
72,2025-03-29 12:31,ZAKl1k,pt,Minecraft,🟢 MINECRAFT | ⭐ GANHE ASSISTINDO | 🌟 REESTOQUE DIA 10 ou 16 às 18h | !loja !points !prime !sub,"['Português', 'Minecraft', 'RecompensasEspetadores']",[],False
72,2025-03-29 12:31,HenriqueOph,pt,Minecraft,DROP DE CAPA ATIVO DIGITE: !CAPA - ESPECIAL 10 HORAS ON SERVE BEDROCK & HARDCORE EP 10,"['Português', 'minecraft', 'Hardcore', 'HardMode', 'sobrevivencia', '1VIDA', 'hardcoregamer', 'Singlerplayer', 'MINEDROP', 'TIKTOKCAPA']",[],False
72,2025-03-29 12:31,Nivyzera,pt,VALORANT,AO VIVO🟢Ranked imortal | Siga @nivyzera nas redes sociais❗️noping ❗️sociais ❗️pix,"['Português', 'Conversação', 'Mulher', 'Ranked', 'VALORANＴ']",[],False
72,2025-03-29 12:31,EiMine77,pt,Minecraft,✅ RECOMPENSAS ON! | ⭐ SEJA RÁPIDO E GANHE UMA CAPA DE GRAÇA: !CAPA | 💘 INSTAGRAM: @EIMINE77 | !ajuda !rerun !sub !subgratis !loja,"['Minecraft', 'EiMine', 'Português', 'RecompensasEspetadores']",[],False
72,2025-03-29 12:31,miguelitodoarrocha,pt,EA Sports FC 25,💥sábado de wl se eu ganha 5v ta otimo!!! bem vindos a live do Miguelito,"['Português', 'Portugal', 'Competitivo', 'resenha', 'Resenhando', 'ultimateteam', 'fifa', 'EAFC', 'eafc25', 'eafcsports']",[],False
72,2025-03-29 12:32,DEMENNTADOR,pt,League of Legends,🟢DEMENNTADOR (JULIÃO ANIMAL) - livepix.gg/demenntador - !livepix - !pix,"['Português', 'leagueoflegends', 'velkoz', 'challenger', 'botlane', 'midlane', 'humor', 'lolbr', 'leagueoflegendsbr', 'kogmaw']",[],False
72,2025-03-29 12:32,BexCullen,pt,League of Legends,"VOLTAMOSS SUBATHON DE CRIA 1 REAL= 3 MINUTOS, 1 SUB= 10 MINUTOS, 100 BITS= 15 MINUTOS  !bits !pix !clip !comandos","['mid', 'top', 'interação', 'mulher', 'feminino', 'Português', 'jungle', 'conversa', 'mono', 'GIRL']",[],False
72,2025-03-29 12:32,LivinhaSayuri,pt,League of Legends,SÓ CLICA QUEM É NEYMARZETE!,"['gameplay', 'soloq', 'Português', 'prata', 'bronze', 'Challenger', 'mulher', 'soraka', 'suporte', 'japonesa']",[],False
73,2025-03-29 12:41,mae_joga45,pt,Overwatch 2,(+18) 🎮 {DROPS ON} Vem ver a play buscando a pro e a streamer 📷  que esse mod esta aprontando,"['Português', 'jogodeterror', 'jogofps', 'diversãogarantida', 'DropsAtivados']",[],False
73,2025-03-29 12:41,tony_lvl,pt,Overwatch 2,Tank? - #OverwatchCreator #OWPartner,"['Português', 'DPS', 'Ranked', 'OverwatchCreators', 'Competitivo', 'Overwatch2', 'OW2Giveaway', 'Hitscan', 'Ashe', 'marvelrivals']",['ProfanityVulgarity'],False
73,2025-03-29 12:41,ZAKl1k,pt,Minecraft,🟢 MINECRAFT | ⭐ GANHE ASSISTINDO | 🌟 REESTOQUE DIA 10 ou 16 às 18h | !loja !points !prime !sub,"['Português', 'Minecraft', 'RecompensasEspetadores']",[],False
73,2025-03-29 12:41,HenriqueOph,pt,Minecraft,DROP DE CAPA ATIVO DIGITE: !CAPA - ESPECIAL 10 HORAS ON SERVE BEDROCK & HARDCORE EP 10,"['Português', 'minecraft', 'Hardcore', 'HardMode', 'sobrevivencia', '1VIDA', 'hardcoregamer', 'Singlerplayer', 'MINEDROP', 'TIKTOKCAPA']",[],False
73,2025-03-29 12:41,Nivyzera,pt,VALORANT,AO VIVO🟢Ranked imortal | Siga @nivyzera nas redes sociais❗️noping ❗️sociais ❗️pix,"['Português', 'Conversação', 'Mulher', 'Ranked', 'VALORANＴ']",[],False
73,2025-03-29 12:41,YoDa,pt,League of Legends,LOL COM !VOICE  - OPERACAO LOL 2 - START 170 PDL - NO SABADAO,['Português'],[],False
73,2025-03-29 12:41,gabgol7,pt,EA Sports FC 25,CAMPEÃO MUNDIAL x2! Young na liga de POrtugal (13h)  !COACH !CURSO !livepix,['Português'],[],False
73,2025-03-29 12:41,TioPedroJoga,pt,EA Sports FC 25,NEYMAR EVO E KAKÁ DREAMCHASER NA WL DA SEGUE O RUMO! !cliente !coins !camiseta,['Português'],[],False
73,2025-03-29 12:41,Fifandrade,pt,EA Sports FC 25,"WL NA SECUNDÁRIA DE CRIS TOTY, SUAREZ E PEDRO NETO! !donate1 !donate2 !coins !sub !pix","['Português', 'eaesports', 'EAFC', 'eafc25', 'ultimateteam', 'fc25', 'fc25gameplay']",[],False
74,2025-03-29 16:03,tony_lvl,pt,Overwatch 2,Tank? - #OverwatchCreator #OWPartner,"['Português', 'DPS', 'Ranked', 'OverwatchCreators', 'Competitivo', 'Overwatch2', 'OW2Giveaway', 'Hitscan', 'Ashe', 'marvelrivals']",['ProfanityVulgarity'],False
74,2025-03-29 16:03,ZAKl1k,pt,Minecraft,🟢 MINECRAFT | ⭐ GANHE ASSISTINDO | 🌟 REESTOQUE DIA 10 ou 16 às 18h | !loja !points !prime !sub,"['Português', 'Minecraft', 'RecompensasEspetadores']",[],False
74,2025-03-29 16:03,HWmalk,pt,Sea of Thieves,👑 CERCO À COROA 👑 !cerco !times !sotbr,"['Português', 'AMA', 'Brasil', 'RPG', 'música', 'Conversação', 'RockRoll', 'Ansiedade', 'Interativo', 'DropsAtivados']",[],False
74,2025-03-29 16:03,DorSmiley,pt,Sea of Thieves,🟢Evento Cerco à Coroa  | TDM | @hwmalk Parceiro do CSoTBr  e  @lendasdomar !Comandos !drops !tdm,"['Ação', 'Aventura', 'Comédia', 'Português', 'Xingamentos', 'seaofthieves', 'PvEPvP', 'SoTPvp', 'seaofthieveseason15', 'DropsAtivados']",['ProfanityVulgarity'],False
74,2025-03-29 16:04,morenageek,pt,Fortnite,Eu sai na Choquei?,"['Fortnite', 'GirlPlayer', 'PS5LiveStream', 'ControlerGaming', 'Português', 'DropsAtivados']",[],False
74,2025-03-29 16:04,Hairzinho,pt,EA Sports FC 25,COPA +  HYPE DAS 15 + FARMING DO GULLIT E WL! + !GRUPO + !PARCERIA !REDES !TIKTOK,"['ULTIMATETEAM', 'RAGE', 'ENGRACADO', 'PACKS', 'COMPETITIVO', 'Português', 'Brasil', 'WeekendLeague', 'Portugal', 'Reposição']",[],False
74,2025-03-29 16:04,JB_Sniper,pt,League of Legends,"!PIX !PICK - O QUE FALTA DE SKILL, SOBRA DE CARISMA",['Português'],[],False
74,2025-03-29 16:04,guiven,pt,League of Legends,🟣 󠀀 󠀀AO VIVO - YOUTUBE 0 X 1 TWITCH,"['Português', 'Irelia', 'Vampiro', 'Tubarão', 'Cabeção', 'Mbappe', 'EternoGrãoMestre', 'Desafio010', 'Pancada', 'Bizarro']",[],False
74,2025-03-29 16:04,filipoppy1,pt,League of Legends,🟠 KBM Filipoppy - mono pop charles 🔨 😁👍,"['Português', 'Challenger', 'poppy', 'monochampion']",[],False
75,2025-03-29 16:13,tony_lvl,pt,Overwatch 2,Tank? - #OverwatchCreator #OWPartner,"['Português', 'DPS', 'Ranked', 'OverwatchCreators', 'Competitivo', 'Overwatch2', 'OW2Giveaway', 'Hitscan', 'Ashe', 'marvelrivals']",['ProfanityVulgarity'],False
75,2025-03-29 16:13,HenriqueOph,pt,Minecraft,DROP DE CAPA ATIVO DIGITE: !CAPA - ESPECIAL 10 HORAS ON SERVE BEDROCK & HARDCORE EP 10,"['Português', 'minecraft', 'Hardcore', 'HardMode', 'sobrevivencia', '1VIDA', 'hardcoregamer', 'Singlerplayer', 'MINEDROP', 'TIKTOKCAPA']",[],False
75,2025-03-29 16:13,HWmalk,pt,Sea of Thieves,👑 CERCO À COROA 👑 !cerco !times !sotbr,"['Português', 'AMA', 'Brasil', 'RPG', 'música', 'Conversação', 'RockRoll', 'Ansiedade', 'Interativo', 'DropsAtivados']",[],False
75,2025-03-29 16:13,EiMine77,pt,Minecraft,✅ RECOMPENSAS ON! | ⭐ SEJA RÁPIDO E GANHE UMA CAPA DE GRAÇA: !CAPA | 💘 INSTAGRAM: @EIMINE77 | !ajuda !rerun !sub !subgratis !loja,"['Minecraft', 'EiMine', 'Português', 'RecompensasEspetadores']",[],False
75,2025-03-29 16:14,ZAKl1k,pt,Minecraft,🟢 MINECRAFT | ⭐ GANHE ASSISTINDO | 🌟 REESTOQUE DIA 10 ou 16 às 18h | !loja !points !prime !sub,"['Português', 'Minecraft', 'RecompensasEspetadores']",[],False
75,2025-03-29 16:14,DorSmiley,pt,Sea of Thieves,🟢Evento Cerco à Coroa  | TDM | @hwmalk Parceiro do CSoTBr  e  @lendasdomar !Comandos !drops !tdm,"['Ação', 'Aventura', 'Comédia', 'Português', 'Xingamentos', 'seaofthieves', 'PvEPvP', 'SoTPvp', 'seaofthieveseason15', 'DropsAtivados']",['ProfanityVulgarity'],False
75,2025-03-29 16:14,vilela022,pt,EA Sports FC 25,"!wlcliente - WL EM CONTA DE CLIENTE, HYPE DAS 15HS E PACKS! - !grupo","['Português', 'Futebol', 'EAFC']",[],False
75,2025-03-29 16:14,Sharkmacedo,pt,EA Sports FC 25,🔴[BR-PS5] [+18] ⚽CALMA! ⚽WL NA SHARKMACEDO ⚽!LOJA @sharkmacedo nas redes sociais.,"['Português', 'shark', 'shark']",[],False
75,2025-03-29 16:14,SWAVYFUT,pt,EA Sports FC 25,WL EM 11 CONTAS + DICAS DE GAMEPLAY | !cliente,['Português'],[],True
76,2025-03-29 16:22,tony_lvl,pt,Overwatch 2,Tank? - #OverwatchCreator #OWPartner,"['Português', 'DPS', 'Ranked', 'OverwatchCreators', 'Competitivo', 'Overwatch2', 'OW2Giveaway', 'Hitscan', 'Ashe', 'marvelrivals']",['ProfanityVulgarity'],False
76,2025-03-29 16:22,HenriqueOph,pt,Minecraft,DROP DE CAPA ATIVO DIGITE: !CAPA - ESPECIAL 10 HORAS ON SERVE BEDROCK & HARDCORE EP 10,"['Português', 'minecraft', 'Hardcore', 'HardMode', 'sobrevivencia', '1VIDA', 'hardcoregamer', 'Singlerplayer', 'MINEDROP', 'TIKTOKCAPA']",[],False
76,2025-03-29 16:22,HWmalk,pt,Sea of Thieves,👑 CERCO À COROA 👑 !cerco !times !sotbr,"['Português', 'AMA', 'Brasil', 'RPG', 'música', 'Conversação', 'RockRoll', 'Ansiedade', 'Interativo', 'DropsAtivados']",[],False
76,2025-03-29 16:22,EiMine77,pt,Minecraft,✅ RECOMPENSAS ON! | ⭐ SEJA RÁPIDO E GANHE UMA CAPA DE GRAÇA: !CAPA | 💘 INSTAGRAM: @EIMINE77 | !ajuda !rerun !sub !subgratis !loja,"['Minecraft', 'EiMine', 'Português', 'RecompensasEspetadores']",[],False
76,2025-03-29 16:22,ZAKl1k,pt,Minecraft,🟢 MINECRAFT | ⭐ GANHE ASSISTINDO | 🌟 REESTOQUE DIA 10 ou 16 às 18h | !loja !points !prime !sub,"['Português', 'Minecraft', 'RecompensasEspetadores']",[],False
76,2025-03-29 16:22,DorSmiley,pt,Sea of Thieves,🟢Evento Cerco à Coroa  | TDM | @hwmalk Parceiro do @csotbr  e  @lendasdomar !Comandos !drops !tdm,"['Ação', 'Aventura', 'Comédia', 'Português', 'Xingamentos', 'seaofthieves', 'PvEPvP', 'SoTPvp', 'seaofthieveseason15', 'DropsAtivados']",['ProfanityVulgarity'],False
76,2025-03-29 16:22,jessieziinha,pt,Overwatch 2,[DROPS ON]🗣️ SABADOU SORTEIO !ticket - PACOTAÇO LESSERAFIM E ARMA MÍTICA WIDOW,"['Português', 'Mulher', 'overwatch', 'overwatch2', 'PlayingwithViewers', 'ConversandoComOChat', 'noobstreamer', 'lerdeza', 'TDAH', 'DropsAtivados']",['ProfanityVulgarity'],False
76,2025-03-29 16:22,CosminhaS2,pt,Overwatch 2,[DROPS]AMANHÃ SORTEIO DE UM PACOTAÇO LE SSERAFIM   ❗PIX ❗MIRA ❗X #OverwatchCreator #OW2Season15,"['Português', 'OverwatchCreators', 'DropsAtivados']",[],False
76,2025-03-29 16:22,biiribinhaa_,pt,Overwatch 2,🟢DROPS ON! sabadou sem hora pra acabar🌸✨!amazon !pix !cpc #OverwatchCreator #OW2Brasil,"['streamer', 'portugues', 'jogandocomespectadores', 'overwatchcreator', 'DropsAtivados', 'Português']",[],False
77,2025-03-29 20:02,tthais,pt,Fortnite,DROPS ON! jogando com vcsss ✨ apoie TTHAIS na epic #EpicPartner !sociais,"['Português', 'Brasil', 'Mulher', 'DropsAtivados']",[],False
77,2025-03-29 20:02,naatfps,pt,Grand Theft Auto V,hi guys     !livepix       @naatfps,"['FiveM', 'Português', 'Valorant', 'GTA', 'cpx', 'complexo', 'rp']",['MatureGame'],False
77,2025-03-29 20:02,ZAKl1k,pt,Minecraft,🟢 MINECRAFT | ⭐ GANHE ASSISTINDO | 🌟 REESTOQUE DIA 10 ou 16 às 18h | !loja !points !prime !sub,"['Português', 'Minecraft', 'RecompensasEspetadores']",[],False
77,2025-03-29 20:02,tony_lvl,pt,Overwatch 2,Tank? - #OverwatchCreator #OWPartner,"['Português', 'DPS', 'Ranked', 'OverwatchCreators', 'Competitivo', 'Overwatch2', 'OW2Giveaway', 'Hitscan', 'Ashe', 'marvelrivals']",['ProfanityVulgarity'],False
77,2025-03-29 20:02,WiecGames,pt,Sea of Thieves,[🟢Drops ON🟢] Sea of Thieves - FINAL - 👑CERCO A COROA👑 @CSoTBR com o caster @HWmalk Time: @cmdsurfista e @srfucks,"['Português', 'DropsAtivados']",[],False
77,2025-03-29 20:02,morenageek,pt,Fortnite,Eu sai na Choquei?,"['Fortnite', 'GirlPlayer', 'PS5LiveStream', 'ControlerGaming', 'Português', 'DropsAtivados']",[],False
77,2025-03-29 20:02,Tixinhadois,pt,VALORANT,MIBR 0x0 G2 (BOTAnoTIXA) #VCTWatchParty !loco !adamantium !kaspersky,"['Português', 'valorant', 'Tixinha', 'cypher', 'valorantbr']",[],False
77,2025-03-29 20:03,f0rsakenwOw,pt,VALORANT,"G2 vs MIBR #VCTWATCHPARTY, SEM ADS NA !LOCO — !loco !pix !lojaeg",['Português'],[],False
77,2025-03-29 20:03,Coreano,pt,VALORANT,G2 x MIBR | VCT Americas 2025 | Semana 2 - Dia 2 (MD3),['Português'],[],False
78,2025-03-29 20:12,tony_lvl,pt,Overwatch 2,Tank? - #OverwatchCreator #OWPartner,"['Português', 'DPS', 'Ranked', 'OverwatchCreators', 'Competitivo', 'Overwatch2', 'OW2Giveaway', 'Hitscan', 'Ashe', 'marvelrivals']",['ProfanityVulgarity'],False
78,2025-03-29 20:12,yunizinhafps,pt,Grand Theft Auto V,+18 DIVISA RP A COBRA,"['Português', 'coringarp', 'GTARPLIVE', 'datenarp', 'gtavrproleplay', 'ＧTA5', 'gtandTheftAutoV', 'ComplexoRP', 'redbeiramar', 'paulinhooloko']",['MatureGame'],False
78,2025-03-29 20:12,gijuba_,pt,Just Chatting,GIFT SUBS COM 35% DE DESCONTO | Use Code Epic: GIJUBA | Resgate skins na !loja assistindo a live ♡ | !sr !social !pix !comandos,['Português'],[],False
78,2025-03-29 20:12,naatfps,pt,Grand Theft Auto V,hi guys     !livepix       @naatfps,"['FiveM', 'Português', 'Valorant', 'GTA', 'cpx', 'complexo', 'rp']",['MatureGame'],False
78,2025-03-29 20:12,EiMine77,pt,Minecraft,✅ RECOMPENSAS ON! | ⭐ SEJA RÁPIDO E GANHE UMA CAPA DE GRAÇA: !CAPA | 💘 INSTAGRAM: @EIMINE77 | !ajuda !rerun !sub !subgratis !loja,"['Minecraft', 'EiMine', 'Português', 'RecompensasEspetadores']",[],False
78,2025-03-29 20:13,museblossom,pt,Fortnite,Só conversando❗discord❗pix ❗fort ❗jogar ❗epic ❗redes,"['fortnite', 'girl', 'menina', 'mulher', 'jogar', 'overwatch', 'portugues', 'brasileira', 'latina', 'mercy']",[],False
78,2025-03-29 20:13,SWAVYFUT,pt,EA Sports FC 25,WL EM 11 CONTAS + DICAS DE GAMEPLAY | !cliente,['Português'],[],True
78,2025-03-29 20:13,Mateuuusao,pt,EA Sports FC 25,!livepix JOGATINA - FARM do GULLIT  E RESENHA- LERO COINS,"['ULTIMATE', 'FUTEBOL', 'Português']",[],False
78,2025-03-29 20:13,silvaofc1985,pt,EA Sports FC 25,EAFC 25 - JOGANDO WL E ABRINDO PACK !COPA !COINS !KICK !VOZ !LIVEPIX !VITROLA !CONTROLE - PS5,"['humor', 'risada', 'fairplay', 'Português']",[],False
79,2025-03-29 20:20,tony_lvl,pt,Overwatch 2,Tank? - #OverwatchCreator #OWPartner,"['Português', 'DPS', 'Ranked', 'OverwatchCreators', 'Competitivo', 'Overwatch2', 'OW2Giveaway', 'Hitscan', 'Ashe', 'marvelrivals']",['ProfanityVulgarity'],False
79,2025-03-29 20:20,yunizinhafps,pt,Grand Theft Auto V,+18 DIVISA RP A COBRA,"['Português', 'coringarp', 'GTARPLIVE', 'datenarp', 'gtavrproleplay', 'ＧTA5', 'gtandTheftAutoV', 'ComplexoRP', 'redbeiramar', 'paulinhooloko']",['MatureGame'],False
79,2025-03-29 20:20,gijuba_,pt,Fortnite,´DROPS ON] GIFT SUBS COM 35% DE DESCONTO | Use Code Epic: GIJUBA | Resgate skins na !loja assistindo a live ♡ | !sr !social !pix !comandos,['Português'],[],False
79,2025-03-29 20:20,naatfps,pt,Grand Theft Auto V,hi guys     !livepix       @naatfps,"['FiveM', 'Português', 'Valorant', 'GTA', 'cpx', 'complexo', 'rp']",['MatureGame'],False
79,2025-03-29 20:20,EiMine77,pt,Minecraft,✅ RECOMPENSAS ON! | ⭐ SEJA RÁPIDO E GANHE UMA CAPA DE GRAÇA: !CAPA | 💘 INSTAGRAM: @EIMINE77 | !ajuda !rerun !sub !subgratis !loja,"['Minecraft', 'EiMine', 'Português', 'RecompensasEspetadores']",[],False
79,2025-03-29 20:20,mae_joga45,pt,Dead by Daylight,(+18) 🎮 {DROPS ON} Vem ver a play buscando a pro e a streamer 📷  que esse mod esta aprontando,"['Português', 'jogodeterror', 'jogofps', 'diversãogarantida']",['MatureGame'],False
79,2025-03-29 20:20,Bruneqx,pt,The Sims 4,Reta final Stardew Valley Big Brother | KARAOKE amanhã e jogo novo !pix !loja !bits,"['LGBT', 'EleDele', 'Português', 'Bruneqx', 'stardewvalley', 'thesims4']",[],True
79,2025-03-29 20:20,cleopatra_,pt,R.E.P.O.,#66💜Vamos ajudar a 'Patinhas Sem Lar'?💜 !mbway !instagram,"['PC', 'Competitive', 'Playingwithviewers', 'girl', 'gamer', 'Variety', 'jogos', 'Friendly', 'Português']",[],False
79,2025-03-29 20:21,OnMadeirinho,pt,Tibia,Nova Aventura no Tibia - Precisa de um super host de Minecraft? Digite !enxada,"['Português', 'EspaçoSeguro', 'Aventura', 'Brasil', 'Gamer', 'Minecraft', 'HardcoreBedrock']",[],False
80,2025-03-30 00:03,gijuba_,pt,Fortnite,[DROPS ON] GIFT SUBS COM 35% DE DESCONTO | Use Code Epic: GIJUBA | Resgate skins na !loja assistindo a live ♡ | !sr !social !pix !comandos,"['Português', 'DropsAtivados']",[],False
80,2025-03-30 00:03,naatfps,pt,Grand Theft Auto V,hi guys     !livepix       @naatfps,"['FiveM', 'Português', 'Valorant', 'GTA', 'cpx', 'complexo', 'rp']",['MatureGame'],False
80,2025-03-30 00:03,HWmalk,pt,Sea of Thieves,Suave na 🛸 !drop,"['Português', 'AMA', 'Brasil', 'RPG', 'música', 'Conversação', 'RockRoll', 'Ansiedade', 'Interativo', 'DropsAtivados']",[],False
80,2025-03-30 00:03,guisobrevivente_,pt,Minecraft,[CAPE] oi bora conversar ?,"['minecraft', 'guisobrevivente', 'tiktok', 'realista', 'shaders', 'construcao', 'conversa', 'amigavel', 'Português', 'RecompensasEspetadores']",[],False
80,2025-03-30 00:04,gegekill_,pt,Counter-Strike,b noiteee !INSTA !PIX !YT,"['Português', 'Brasil', 'IRL', 'girlstreaming', 'girl', 'fps', 'girlgamers']",['MatureGame'],False
80,2025-03-30 00:04,Akrinuss,pt,League of Legends,!privacy - Dicas p subir d ELO l Mestre !cortes !duo !analise !abt !facinho,"['Português', 'Reposição']",[],False
80,2025-03-30 00:04,giovanecolognesi,pt,Minecraft,ALO - !pix !discord,"['Português', 'RecompensasEspetadores']",['ProfanityVulgarity'],False
80,2025-03-30 00:04,milyzinea_,pt,VALORANT,VOLTEI!!!!!!!! !pix,"['VALORANT', 'RANKEDS', 'MULHER', 'Português']",[],False
80,2025-03-30 00:04,Dann_Lives,pt,ROBLOX,💖🤩 QUER JOGAR ?? !jogar🤩💖#Ad #Sponsorship !roblox SABADAOOO,['Português'],[],False
81,2025-03-30 00:14,iShadowWolf_,pt,Sea of Thieves,(+18) Livezinha Muito Doida!   ||   (❗comandos ❗metas ❗drops)   ||   (Epic Code: SHADOWOLF),"['Português', 'DropsAtivados']",[],False
81,2025-03-30 00:15,gijuba_,pt,Fortnite,[DROPS ON] GIFT SUBS COM 35% DE DESCONTO | Use Code Epic: GIJUBA | Resgate skins na !loja assistindo a live ♡ | !sr !social !pix !comandos,"['Português', 'DropsAtivados']",[],False
81,2025-03-30 00:15,guisobrevivente_,pt,Minecraft,[CAPE] oi bora conversar ?,"['minecraft', 'guisobrevivente', 'tiktok', 'realista', 'shaders', 'construcao', 'conversa', 'amigavel', 'Português', 'RecompensasEspetadores']",[],False
81,2025-03-30 00:15,naatfps,pt,Grand Theft Auto V,hi guys     !livepix       @naatfps,"['FiveM', 'Português', 'Valorant', 'GTA', 'cpx', 'complexo', 'rp']",['MatureGame'],False
81,2025-03-30 00:15,gegekill_,pt,Counter-Strike,b noiteee !INSTA !PIX !YT,"['Português', 'Brasil', 'IRL', 'girlstreaming', 'girl', 'fps', 'girlgamers']",['MatureGame'],False
81,2025-03-30 00:15,EiMine77,pt,Minecraft,✅ RECOMPENSAS ON! | ⭐ SEJA RÁPIDO E GANHE UMA CAPA DE GRAÇA: !CAPA | 💘 INSTAGRAM: @EIMINE77 | !ajuda !rerun !sub !subgratis !loja,"['Minecraft', 'EiMine', 'Português', 'RecompensasEspetadores']",[],False
81,2025-03-30 00:15,Ayellol,pt,League of Legends,LIVE SEM ADS NA NOVA PLATAFORMA HOJE! RUSH TOP 1 DAY 12 | !loco !ragnarok !discord !pix !cortes,['Português'],[],True
81,2025-03-30 00:15,ClovaoBengala,pt,League of Legends,CLOVIS THE BENGS NA SOLOQ HIGH ELO !loco !EXITLAG !rag !pix !ad !social,"['Português', 'League', 'leagueoflegeneds', 'lol', 'jogos']",[],True
81,2025-03-30 00:15,ArthurMedina10,pt,League of Legends,Top1 Zeri - GM aos 13 Rumo ao Challenger !!!,"['zeri', 'leagueoflegends', 'lol', 'Português', 'Prodigio', 'Challenger']",[],False
82,2025-03-30 00:24,Akrinuss,pt,League of Legends,!privacy - Dicas p subir d ELO l Mestre !cortes !duo !analise !abt !facinho,"['Português', 'Reposição']",[],False
82,2025-03-30 00:25,EiMine77,pt,Minecraft,✅ RECOMPENSAS ON! | ⭐ SEJA RÁPIDO E GANHE UMA CAPA DE GRAÇA: !CAPA | 💘 INSTAGRAM: @EIMINE77 | !ajuda !rerun !sub !subgratis !loja,"['Minecraft', 'EiMine', 'Português', 'RecompensasEspetadores']",[],False
82,2025-03-30 00:25,museblossom,pt,Overwatch 2,Só conversando❗discord❗pix ❗fort ❗jogar ❗epic ❗redes,"['fortnite', 'girl', 'menina', 'mulher', 'jogar', 'overwatch', 'portugues', 'brasileira', 'latina', 'mercy']",[],False
82,2025-03-30 00:25,iShadowWolf_,pt,Sea of Thieves,(+18) Livezinha Muito Doida!   ||   (❗comandos ❗metas ❗drops)   ||   (Epic Code: SHADOWOLF),"['Português', 'DropsAtivados']",[],False
82,2025-03-30 00:25,guisobrevivente_,pt,Minecraft,[CAPE] oi bora conversar ?,"['minecraft', 'guisobrevivente', 'tiktok', 'realista', 'shaders', 'construcao', 'conversa', 'amigavel', 'Português', 'RecompensasEspetadores']",[],False
82,2025-03-30 00:25,DonnaJapa,pt,VALORANT,Live de 12h ♥ !elo !pix,"['Mulher', 'Valorant', 'Português', 'linda']",[],False
82,2025-03-30 00:25,Dann_Lives,pt,ROBLOX,💖🤩 QUER JOGAR ?? !jogar🤩💖#Ad #Sponsorship !roblox SABADAOOO,['Português'],[],False
82,2025-03-30 00:25,albedu0,pt,Just Chatting,DEFI NOTE,['Português'],[],False
82,2025-03-30 00:25,rufilinlive,pt,R.E.P.O.,[+18] PRIMEIRA LIVE INFINITA !pix !discord !sociais,"['Português', 'ptbr', 'interação', 'react', 'garticphone', 'desenhando']",[],False
83,2025-03-30 00:33,iShadowWolf_,pt,Sea of Thieves,(+18) Livezinha Muito Doida!   ||   (❗comandos ❗metas ❗drops)   ||   (Epic Code: SHADOWOLF),"['Português', 'DropsAtivados']",[],False
83,2025-03-30 00:33,gijuba_,pt,Fortnite,[DROPS ON] GIFT SUBS COM 35% DE DESCONTO | Use Code Epic: GIJUBA | Resgate skins na !loja assistindo a live ♡ | !sr !social !pix !comandos,"['Português', 'DropsAtivados']",[],False
83,2025-03-30 00:33,naatfps,pt,Grand Theft Auto V,hi guys     !livepix       @naatfps,"['FiveM', 'Português', 'Valorant', 'GTA', 'cpx', 'complexo', 'rp']",['MatureGame'],False
83,2025-03-30 00:33,Akrinuss,pt,League of Legends,!privacy - Dicas p subir d ELO l Mestre !cortes !duo !analise !abt !facinho,"['Português', 'Reposição']",[],False
83,2025-03-30 00:33,guisobrevivente_,pt,Minecraft,[CAPE] oi bora conversar ?,"['minecraft', 'guisobrevivente', 'tiktok', 'realista', 'shaders', 'construcao', 'conversa', 'amigavel', 'Português', 'RecompensasEspetadores']",[],False
83,2025-03-30 00:33,HWmalk,pt,Sea of Thieves,Suave na 🛸 !drop,"['Português', 'AMA', 'Brasil', 'RPG', 'música', 'Conversação', 'RockRoll', 'Ansiedade', 'Interativo', 'DropsAtivados']",[],False
83,2025-03-30 00:33,SWAVYFUT,pt,EA Sports FC 25,WL EM 11 CONTAS + DICAS DE GAMEPLAY | !cliente,['Português'],[],True
83,2025-03-30 00:33,Peu_MC,pt,EA Sports FC 25,5 ICONS NA CONTA PRINCIPAL + WL DA MALDADE COM TIME NOVO !coins !trade,"['batalha', 'batalhaderima', 'BATALHADAALDEIA', 'Rap', 'fifa', 'ultimateteam', 'Futebol', 'Português', 'EASPORTSFIFA', 'eafc25']",[],False
83,2025-03-30 00:33,JanjaoMachado,pt,EA Sports FC 25,💥!WL - MULLER CHEGOU P RESOLVER O CHAMEGAAAAA,"['eafc25', 'adolfz', 'paivinha29', 'fifenzo', 'WENDELLLIRA', 'pelegrino1993', 'sharkmacedo', 'Português', 'eafc25ultimateteam']",[],False
84,2025-03-30 04:02,iShadowWolf_,pt,Fortnite,(+18) Livezinha Muito Doida!   ||   (❗comandos ❗metas ❗drops)   ||   (Epic Code: SHADOWOLF),"['Português', 'DropsAtivados']",[],False
84,2025-03-30 04:02,Akrinuss,pt,League of Legends,!privacy - Dicas p subir d ELO l Mestre !cortes !duo !analise !abt !facinho,"['Português', 'Reposição']",[],False
84,2025-03-30 04:02,uFyos,pt,I'm Only Sleeping,TIRANDO O SONO DE BELEZA | !Sub !Fanty,"['Português', 'entretenimiento', 'uFyos']",[],False
84,2025-03-30 04:02,exexeboy,pt,Overwatch 2,aaaaaaaaaaaaaaaaaaaaaaaaaaaaaaaaaaaaaaaaaaaaaaaaaaaaaaaaaaaaaaaaaaaaa,"['Portuguese', 'Português', 'DropsAtivados']",[],False
84,2025-03-30 04:02,guzzta23,pt,EA Sports FC 25,WL'S EM BUSCA DO RANK  1 E MITADA NESSE EVENTO ABSURDO!,['Português'],[],False
84,2025-03-30 04:02,AnimeTvON,pt,Minecraft,RERUN🟢 MINECRAFT - CHUVA E TROVÕES🟢,"['Português', 'Brasil', 'minecrafit', 'Reposição', 'RecompensasEspetadores']",[],False
84,2025-03-30 04:03,EiMine77,pt,Minecraft,✅ RECOMPENSAS ON! | ⭐ SEJA RÁPIDO E GANHE UMA CAPA DE GRAÇA: !CAPA | 💘 INSTAGRAM: @EIMINE77 | !ajuda !rerun !sub !subgratis !loja,"['Minecraft', 'EiMine', 'Português', 'RecompensasEspetadores']",[],False
84,2025-03-30 04:03,mesquitalivee,pt,Fall Guys,+18 LIVEZINHA DE VAGABUNDO !Discord !Pix,"['Português', 'Reposição']",[],False
84,2025-03-30 04:03,HiProportion,en,Minecraft,DROPS ON! LATE NIGHT DUNGEON GRIND,"['English', 'minecraft', 'cape', 'homecape', 'homecape', 'minecraftmovie', 'hiproportion', 'ViewerRewards']",[],False
85,2025-03-30 04:14,iShadowWolf_,pt,Fortnite,(+18) Livezinha Muito Doida!   ||   (❗comandos ❗metas ❗drops)   ||   (Epic Code: SHADOWOLF),"['Português', 'DropsAtivados']",[],False
85,2025-03-30 04:14,naatfps,pt,Grand Theft Auto V,[FLOWRP-Beckham] niobio da bandidagem     !livepix       @naatfps,"['FiveM', 'Português', 'Valorant', 'GTA', 'cpx', 'complexo', 'rp']",['MatureGame'],False
85,2025-03-30 04:14,Akrinuss,pt,League of Legends,!privacy - Dicas p subir d ELO l Mestre !cortes !duo !analise !abt !facinho,"['Português', 'Reposição']",[],False
85,2025-03-30 04:14,EiMine77,pt,Minecraft,✅ RECOMPENSAS ON! | ⭐ SEJA RÁPIDO E GANHE UMA CAPA DE GRAÇA: !CAPA | 💘 INSTAGRAM: @EIMINE77 | !ajuda !rerun !sub !subgratis !loja,"['Minecraft', 'EiMine', 'Português', 'RecompensasEspetadores']",[],False
85,2025-03-30 04:14,HWmalk,pt,Sea of Thieves,Suave na 🛸 !drop,"['Português', 'AMA', 'Brasil', 'RPG', 'música', 'Conversação', 'RockRoll', 'Ansiedade', 'Interativo', 'DropsAtivados']",[],False
85,2025-03-30 04:14,morenageek,pt,Fortnite,Cheguei pra madrugar,"['Fortnite', 'GirlPlayer', 'PS5LiveStream', 'ControlerGaming', 'Português', 'DropsAtivados']",[],False
85,2025-03-30 04:14,Nitrao_,pt,Overwatch 2,"!DROPS SUBATHON COM MARVEL, OVER E MUITO MAIS !EXITLAG","['Português', 'DropsAtivados']",[],False
85,2025-03-30 04:14,yulla,pt,Just Chatting,MIBR Yulla 😈 FILMAÇO | !sociais !pix !comando !react !vods,['Português'],[],False
85,2025-03-30 04:15,LuBuuu,pt,I'm Only Sleeping,PRIMEIRO SUBATHON  !comando !youtube !tiktok,"['Português', 'Brasil', 'marvelrivals', 'LearningEnglish', 'Competitivo', 'English']",[],False
86,2025-03-30 08:02,iShadowWolf_,pt,Fortnite,(+18) Livezinha Muito Doida!   ||   (❗comandos ❗metas ❗drops)   ||   (Epic Code: SHADOWOLF),"['Português', 'DropsAtivados']",[],False
86,2025-03-30 08:02,morenageek,pt,Fortnite,Cheguei pra madrugar,"['Fortnite', 'GirlPlayer', 'PS5LiveStream', 'ControlerGaming', 'Português', 'DropsAtivados']",[],False
86,2025-03-30 08:02,NYKAGAMER_,pt,Fortnite,chega aean❗️LIVEPIX ❗️Onlyfans ❗️Comandos ❗️Discord ❗️Clip,"['Fortnite', 'Português', 'Mulher', 'brasil', 'Español', '한국어', 'Русский', '漢語', 'ภาษาไทย', '日本語']",[],False
86,2025-03-30 08:03,Akrinuss,pt,League of Legends,!privacy - Dicas p subir d ELO l Mestre !cortes !duo !analise !abt !facinho,"['Português', 'Reposição']",[],False
86,2025-03-30 08:03,ZAKl1k,pt,Minecraft,🟢 MINECRAFT | ⭐ GANHE ASSISTINDO | 🌟 REESTOQUE DIA 10 ou 16 às 18h | !loja !points !prime !sub,"['Português', 'Minecraft', 'RecompensasEspetadores']",[],False
86,2025-03-30 08:03,xGuuhGabrielx,pt,EA Sports FC 25,"1/0 na WL em Busca do Rank 2, Inicio de WL em 3 Contas, DMEs, Packs e Resenha | DIGITE !Livepix !cliente !grupo !sorteio !meta","['EASPORTS', 'EAFC', 'eafc25', 'ultimateteam', 'fc25', 'fc25gameplay', 'Português', 'Paivinha29', 'Carpentieri', 'Adolfz']",[],False
87,2025-03-30 08:13,iShadowWolf_,pt,Fortnite,(+18) Livezinha Muito Doida!   ||   (❗comandos ❗metas ❗drops)   ||   (Epic Code: SHADOWOLF),"['Português', 'DropsAtivados']",[],False
87,2025-03-30 08:13,morenageek,pt,Fortnite,Cheguei pra madrugar,"['Fortnite', 'GirlPlayer', 'PS5LiveStream', 'ControlerGaming', 'Português', 'DropsAtivados']",[],False
87,2025-03-30 08:13,NYKAGAMER_,pt,Fortnite,chega aean❗️LIVEPIX ❗️Onlyfans ❗️Comandos ❗️Discord ❗️Clip,"['Fortnite', 'Português', 'Mulher', 'brasil', 'Español', '한국어', 'Русский', '漢語', 'ภาษาไทย', '日本語']",[],False
87,2025-03-30 08:13,ZAKl1k,pt,Minecraft,🟢 MINECRAFT | ⭐ GANHE ASSISTINDO | 🌟 REESTOQUE DIA 10 ou 16 às 18h | !loja !points !prime !sub,"['Português', 'Minecraft', 'RecompensasEspetadores']",[],False
87,2025-03-30 08:13,xGuuhGabrielx,pt,EA Sports FC 25,"1/0 na WL em Busca do Rank 2, Inicio de WL em 3 Contas, DMEs, Packs e Resenha | DIGITE !Livepix !cliente !grupo !sorteio !meta","['EASPORTS', 'EAFC', 'eafc25', 'ultimateteam', 'fc25', 'fc25gameplay', 'Português', 'Paivinha29', 'Carpentieri', 'Adolfz']",[],False
87,2025-03-30 08:13,waveigl,pt,VALORANT,+18 🔞 WAVEIGL ❤️Digite !clashgg VALORANT OBRIGADO PELO F0RSA E CAFFEX7,['Português'],['ProfanityVulgarity'],False
87,2025-03-30 08:14,Baiano,pt,League of Legends,🟢 LPL AO VIVO - WE x UP 🟢 !grupo !kbmidl !status #LPLCOSTREAM,['Português'],[],False
87,2025-03-30 08:14,ClovaoBengala,pt,League of Legends,CLOVIS THE BENGS NA SOLOQ HIGH ELO !loco !EXITLAG !rag !pix !ad !social,"['Português', 'League', 'leagueoflegeneds', 'lol', 'jogos']",[],True
87,2025-03-30 08:14,takeshi,pt,League of Legends,TEIKAS NO DOMINGASSO COM LEGENDS /// !loco !pix,['Português'],[],False
88,2025-03-30 08:23,iShadowWolf_,pt,Fortnite,(+18) Livezinha Muito Doida!   ||   (❗comandos ❗metas ❗drops)   ||   (Epic Code: SHADOWOLF),"['Português', 'DropsAtivados']",[],False
88,2025-03-30 08:23,morenageek,pt,Fortnite,Cheguei pra madrugar,"['Fortnite', 'GirlPlayer', 'PS5LiveStream', 'ControlerGaming', 'Português', 'DropsAtivados']",[],False
88,2025-03-30 08:23,NYKAGAMER_,pt,Fortnite,chega aean❗️LIVEPIX ❗️Onlyfans ❗️Comandos ❗️Discord ❗️Clip,"['Fortnite', 'Português', 'Mulher', 'brasil', 'Español', '한국어', 'Русский', '漢語', 'ภาษาไทย', '日本語']",[],False
88,2025-03-30 08:23,ZAKl1k,pt,Minecraft,🟢 MINECRAFT | ⭐ GANHE ASSISTINDO | 🌟 REESTOQUE DIA 10 ou 16 às 18h | !loja !points !prime !sub,"['Português', 'Minecraft', 'RecompensasEspetadores']",[],False
88,2025-03-30 08:23,xGuuhGabrielx,pt,EA Sports FC 25,"2/0 na WL em Busca do Rank 2, Inicio de WL em 3 Contas, DMEs, Packs e Resenha | DIGITE !Livepix !cliente !grupo !sorteio !meta","['EASPORTS', 'EAFC', 'eafc25', 'ultimateteam', 'fc25', 'fc25gameplay', 'Português', 'Paivinha29', 'Carpentieri', 'Adolfz']",[],False
88,2025-03-30 08:23,waveigl,pt,VALORANT,+18 🔞 WAVEIGL ❤️Digite !clashgg VALORANT OBRIGADO PELO F0RSA E CAFFEX7,['Português'],['ProfanityVulgarity'],False
88,2025-03-30 08:23,ShowZinN,pt,Fortnite,COLA AI =D  #USE CODE SHOWZIN #ad ❗️EARNINGS ❗️PIX ❗️Onlyfas ❗️Jogar ❗️Fila ❗️Sair ❗️msg,"['Português', 'AMA', 'JogarComEspetadores', 'Casual', 'DropsAtivados']",[],False
88,2025-03-30 08:23,buxudinho,pt,Fortnite,[+18] ✨PROMOÇÃO GIFT SUB ✨ DROP ON | CODE: BUXUDINHOO #AD #EpicPartner 🔥!Pix  !Wish !Amazon,"['Português', 'DropsAtivados']",['ProfanityVulgarity'],False
88,2025-03-30 08:23,uBuBble,pt,Fortnite,LIVE ALCOÓLICA 🥂 | Use code ❝ uBuBble ❞ #ad !pix !rank !tabela !earnings !playlist,"['Português', 'DropsAtivados']",['ProfanityVulgarity'],False
89,2025-03-30 12:02,morenageek,pt,Fortnite,Cheguei pra madrugar,"['Fortnite', 'GirlPlayer', 'PS5LiveStream', 'ControlerGaming', 'Português', 'DropsAtivados']",[],False
89,2025-03-30 12:02,CORALtv_,pt,Fortnite,DROPS ON ✨ JOGANDO COM O CHAT ❤️ FARM VBUCKS ASSISTINDO A LIVE !LOJA✨ USE CODE: CORALTV #AD ✨!PIX !RESGATE !JOGAR,"['Português', 'Fortnite', 'sorteio', 'VbucksGrátis', 'sorteios', 'vbucks', 'jogandocomespectadores', 'DropsAtivados']",[],False
89,2025-03-30 12:02,miguelitodoarrocha,pt,EA Sports FC 25,💥DOMINGO DE WL SE EU GANHAR 5 TA BOM...,"['Português', 'Portugal', 'Competitivo', 'resenha', 'Resenhando', 'ultimateteam', 'fifa', 'EAFC', 'eafc25', 'eafcsports']",[],False
89,2025-03-30 12:02,Xerekiss,pt,Fortnite,[DROP ON] BORA DE FORTNELSON?! | RESGATE ITENS ASSISTINDO A LIVE (❗loja) | CODE: XEREKISS #ad,"['Português', 'Brasil', 'fps', 'Fortnite', 'Portugal', 'battleroyale', 'DropsAtivados']",[],False
89,2025-03-30 12:02,mae_joga45,pt,Overwatch 2,(+18) 🎮 {DROPS ON} Vem ver a play buscando a pro e a streamer 📷  que esse mod esta aprontando,"['Português', 'jogodeterror', 'jogofps', 'diversãogarantida', 'DropsAtivados']",[],False
89,2025-03-30 12:02,Sr_Zuzu,pt,Just Chatting,Preguiça cantando,"['chat', 'Fps', 'Português', 'overwactch2', 'indie']",[],False
89,2025-03-30 12:02,LupacImproprio,pt,IRL,INDO PRA AVENIDA EUROPA  (!PIX) ft. sonoplasta,"['Português', 'Reposição', 'squadmode', 'comédia']",[],False
89,2025-03-30 12:02,oMeiaUm,pt,Just Chatting,DIA 338 SUBATHON - SUB = 3 MINUTOS; 1 REAL = 1 MIN (pix),['Português'],[],False
89,2025-03-30 12:02,Satturnni,pt,Minecraft,RUMO AO LVL 700 !loja !pix,"['Satturnni', 'Minecraft', 'Português', 'mushmc', 'Bedwars', 'mushmc', 'hypixel', 'hylex', 'RecompensasEspetadores']",[],False
90,2025-03-30 12:13,morenageek,pt,Fortnite,Cheguei pra madrugar,"['Fortnite', 'GirlPlayer', 'PS5LiveStream', 'ControlerGaming', 'Português', 'DropsAtivados']",[],False
90,2025-03-30 12:13,CORALtv_,pt,Fortnite,DROPS ON ✨ JOGANDO COM O CHAT ❤️ FARM VBUCKS ASSISTINDO A LIVE !LOJA✨ USE CODE: CORALTV #AD ✨!PIX !RESGATE !JOGAR,"['Português', 'Fortnite', 'sorteio', 'VbucksGrátis', 'sorteios', 'vbucks', 'jogandocomespectadores', 'DropsAtivados']",[],False
90,2025-03-30 12:13,miguelitodoarrocha,pt,EA Sports FC 25,💥DOMINGO DE WL SE EU GANHAR 5 TA BOM...,"['Português', 'Portugal', 'Competitivo', 'resenha', 'Resenhando', 'ultimateteam', 'fifa', 'EAFC', 'eafc25', 'eafcsports']",[],False
90,2025-03-30 12:13,Xerekiss,pt,Fortnite,[DROP ON] BORA DE FORTNELSON?! | RESGATE ITENS ASSISTINDO A LIVE (❗loja) | CODE: XEREKISS #ad,"['Português', 'Brasil', 'fps', 'Fortnite', 'Portugal', 'battleroyale', 'DropsAtivados']",[],False
90,2025-03-30 12:13,Sr_Zuzu,pt,Just Chatting,Preguiça cantando,"['chat', 'Fps', 'Português', 'overwactch2', 'indie']",[],False
90,2025-03-30 12:13,mae_joga45,pt,Overwatch 2,(+18) 🎮 {DROPS ON} Vem ver a play buscando a pro e a streamer 📷  que esse mod esta aprontando,"['Português', 'jogodeterror', 'jogofps', 'diversãogarantida', 'DropsAtivados']",[],False
91,2025-03-30 16:02,SLKRETROZADA,pt,Counter-Strike,DOMINGOUU LOBBY INSANOS  !CSGO.NET !vaquinha !otimização @matazera @pezingamer   @betaozera @GabzeraWZ,"['mouse', 'teclado', 'portugues', 'competitivo', 'proplayerPortuguês', 'proplayer', 'proplayer', 'CS2', 'cs2counterstrike2', 'cs2major']",['MatureGame'],False
91,2025-03-30 16:02,ofernandomaidana,pt,Sea of Thieves,DROPS 🟢 DOMINGÃO DO PIRATÃO !cmd !playlist,"['Português', 'seaofthieves', 'pirata', 'SongRequests', 'songrequest', 'SeaOfThievesPartner', 'SeaofThievesgameplay', 'English', 'DropsAtivados']",[],False
91,2025-03-30 16:02,morenageek,pt,Fortnite,Cheguei pra madrugar,"['Fortnite', 'GirlPlayer', 'PS5LiveStream', 'ControlerGaming', 'Português', 'DropsAtivados']",[],False
91,2025-03-30 16:02,mihzavati,pt,Fortnite,(♡ DROPS ON ) bora de gameplay duvidosa  kkk 🙂🙂❤️🎮🎮,"['Português', 'DropsAtivados']",[],False
91,2025-03-30 16:02,DonnaJapa,pt,Just Chatting,!Ro le ta on até 17h ♥ !elo !pix,"['Mulher', 'Valorant', 'Português', 'linda']",[],False
91,2025-03-30 16:02,Cooruja,pt,Split Fiction,HOJE A GENTE ZERA!! !Sorteio Widow ARMA MITICA  !Passefree,"['Autismo', 'TDAH', 'SafeSpace', 'Pai', 'Overwatch', 'Português', '4fun', 'OW2Season15', 'OW2Brasil']",[],False
91,2025-03-30 16:02,bellanoobyt,pt,Fortnite,"[DROPS ON] SUBATHON DIA 3 + ITENS GRÁTIS: 1 SUB=10 MIN, 100 BITS=7 MIN, 10 SUBS= 1H40MIN, 1 REAL=1 MIN !pix !points CODE: BELLA-NOOB-YT","['Fortnite', 'Português', 'Mulher', 'Portugal', 'fps', 'reload', 'sorteio', 'Trocação', 'subathon', 'DropsAtivados']",[],False
91,2025-03-30 16:02,buxudinho,pt,Fortnite,[+18] ✨PROMOÇÃO GIFT SUB ✨ DROP ON | CODE: BUXUDINHOO #AD #EpicPartner 🔥!Pix  !Wish !Amazon,"['Português', 'DropsAtivados']",['ProfanityVulgarity'],False
91,2025-03-30 16:03,beletz_,pt,Fortnite,🏆 CAMPEONATO RELOAD DUO FORTNITE 🏆TRANSMISSÃO AO VIVO + SORTEIOS ✨ USE CODE: BELETZ ✨!CODE !PIX,"['portugues', 'fortnite', 'fortnitetrocacao', 'stream', 'Português', 'girlgamers', 'DropsAtivados']",[],False
92,2025-03-30 16:14,morenageek,pt,Fortnite,Cheguei pra madrugar,"['Fortnite', 'GirlPlayer', 'PS5LiveStream', 'ControlerGaming', 'Português', 'DropsAtivados']",[],False
92,2025-03-30 16:14,SLKRETROZADA,pt,Counter-Strike,DOMINGOUU LOBBY INSANOS  !CSGO.NET !vaquinha !otimização @matazera @pezingamer   @betaozera @GabzeraWZ,"['mouse', 'teclado', 'portugues', 'competitivo', 'proplayerPortuguês', 'proplayer', 'proplayer', 'CS2', 'cs2counterstrike2', 'cs2major']",['MatureGame'],False
92,2025-03-30 16:14,MiaSlv,pt,Fortnite,VEM JOGAR COMIGO !!! |USE CODE MIASLV NA LOJA!| !pix !jogar !tiktok !mapa,"['Português', 'Fortnite', 'Girl', 'Ranked', 'React', 'fps', 'battleroyale', 'Ruiva', 'DropsAtivados']",[],True
92,2025-03-30 16:14,ofernandomaidana,pt,Sea of Thieves,DROPS 🟢 DOMINGÃO DO PIRATÃO !cmd !playlist,"['Português', 'seaofthieves', 'pirata', 'SongRequests', 'songrequest', 'SeaOfThievesPartner', 'SeaofThievesgameplay', 'English', 'DropsAtivados']",[],False
92,2025-03-30 16:14,Sr_Zuzu,pt,Overwatch 2,Preguiça cantando,"['chat', 'Fps', 'Português', 'overwactch2', 'indie', 'DropsAtivados']",[],False
92,2025-03-30 16:14,iMarianaPit,pt,Grand Theft Auto V,"[ +18 ] PLF + LADO LESTE ❗️ 00 DA ALEMANHA, !cidade !pix !sub !codiguin","['English', 'girlgamers', 'ＧTA5', 'Português', 'fivem', 'Alemanha', 'LadoLesteRP', 'ladolesteroleplay', 'ladolestept2', 'tropadaalemanha']",['MatureGame'],False
92,2025-03-30 16:14,amandadetonatiii,pt,VALORANT,PRIMEIRA SUBATHON DA DETONATIIII - DIA 2 (TO COM MEDO) !tiktok !exitlag !amazon !pix !video !discord !youtube,"['Português', 'miruda', 'troll', 'radianteumavez']",[],False
92,2025-03-30 16:14,Larxfps,pt,VALORANT,🍒 FRENÉTICOS DE MILHÕES! 🍒 RESENHA E GAMEPLAY DUVIDOSA! 🍒 REPO MAIS TARDE COM O CHAT!  @larxfps !livepix !insta !steam !delay,"['Português', 'Mulher', 'fps', 'Español', 'Ranked', 'ragegirl']",['ProfanityVulgarity'],False
92,2025-03-30 16:14,naju_duarte,pt,VALORANT,Bora de vavazaun? comandos: !elo !periféricos  !pc !instagram !tiktok !sensi !nick !pix !designer !coach !discord / VALORANT,"['Português', 'fifine', 'valorantcompetetive', 'VALORANＴ', 'reacts', 'valorant']",[],False
93,2025-03-30 16:23,ZAKl1k,pt,Minecraft,🟢 MINECRAFT | ⭐ GANHE ASSISTINDO | 🌟 REESTOQUE DIA 10 ou 16 às 18h | !loja !points !prime !sub,"['Português', 'Minecraft', 'RecompensasEspetadores']",[],False
93,2025-03-30 16:24,morenageek,pt,Fortnite,🔥 A MORENA TÁ ON! 🔥,"['Fortnite', 'GirlPlayer', 'PS5LiveStream', 'ControlerGaming', 'Português', 'DropsAtivados']",[],False
93,2025-03-30 16:24,SLKRETROZADA,pt,Counter-Strike,DOMINGOUU LOBBY INSANOS  !CSGO.NET !vaquinha !otimização @matazera @pezingamer   @betaozera @GabzeraWZ,"['mouse', 'teclado', 'portugues', 'competitivo', 'proplayerPortuguês', 'proplayer', 'proplayer', 'CS2', 'cs2counterstrike2', 'cs2major']",['MatureGame'],False
93,2025-03-30 16:24,MiaSlv,pt,Fortnite,VEM JOGAR COMIGO !!! |USE CODE MIASLV NA LOJA!| !pix !jogar !tiktok !mapa,"['Português', 'Fortnite', 'Girl', 'Ranked', 'React', 'fps', 'battleroyale', 'Ruiva', 'DropsAtivados']",[],True
93,2025-03-30 16:24,ofernandomaidana,pt,Sea of Thieves,DROPS 🟢 DOMINGÃO DO PIRATÃO !cmd !playlist,"['Português', 'seaofthieves', 'pirata', 'SongRequests', 'songrequest', 'SeaOfThievesPartner', 'SeaofThievesgameplay', 'English', 'DropsAtivados']",[],False
93,2025-03-30 16:24,Sr_Zuzu,pt,Overwatch 2,Preguiça cantando,"['chat', 'Fps', 'Português', 'overwactch2', 'indie', 'DropsAtivados']",[],False
93,2025-03-30 16:24,Ballerinana,pt,Hades,Jogando e comendo lamen do Naruto com cherry-cola. QUE? | !lojinha,"['Português', 'hades', 'TDAH', 'indie']",[],False
93,2025-03-30 16:24,Galatiina,pt,Max Payne 3,tolete・!meta・!pix・!nuuvem,"['Português', '4fun', 'conversa', 'LGBTQFriendly', 'Jogadacasual', 'AMA']","['MatureGame', 'ProfanityVulgarity']",False
93,2025-03-30 16:24,naldinhof56,pt,Nioh,Bora ficar 1 mês juntinhos ❗first ❗sonoros ❗escondepix❗lurk ❗Wishlist ❗donate,['Português'],['MatureGame'],False
94,2025-03-30 16:31,ZAKl1k,pt,Minecraft,🟢 MINECRAFT | ⭐ GANHE ASSISTINDO | 🌟 REESTOQUE DIA 10 ou 16 às 18h | !loja !points !prime !sub,"['Português', 'Minecraft', 'RecompensasEspetadores']",[],False
94,2025-03-30 16:31,SLKRETROZADA,pt,Counter-Strike,DOMINGOUU LOBBY INSANOS  !CSGO.NET !vaquinha !otimização @matazera @pezingamer   @betaozera @GabzeraWZ,"['mouse', 'teclado', 'portugues', 'competitivo', 'proplayerPortuguês', 'proplayer', 'proplayer', 'CS2', 'cs2counterstrike2', 'cs2major']",['MatureGame'],False
94,2025-03-30 16:32,MiaSlv,pt,Fortnite,VEM JOGAR COMIGO !!! |USE CODE MIASLV NA LOJA!| !pix !jogar !tiktok !mapa,"['Português', 'Fortnite', 'Girl', 'Ranked', 'React', 'fps', 'battleroyale', 'Ruiva', 'DropsAtivados']",[],True
94,2025-03-30 16:32,ofernandomaidana,pt,Sea of Thieves,DROPS 🟢 DOMINGÃO DO PIRATÃO !cmd !playlist,"['Português', 'seaofthieves', 'pirata', 'SongRequests', 'songrequest', 'SeaOfThievesPartner', 'SeaofThievesgameplay', 'English', 'DropsAtivados']",[],False
94,2025-03-30 16:32,Sr_Zuzu,pt,Overwatch 2,Preguiça cantando,"['chat', 'Fps', 'Português', 'overwactch2', 'indie', 'DropsAtivados']",[],False
94,2025-03-30 16:32,iMarianaPit,pt,Grand Theft Auto V,"[ +18 ] PLF + LADO LESTE ❗️ 00 DA ALEMANHA, !cidade !pix !sub !codiguin","['English', 'girlgamers', 'ＧTA5', 'Português', 'fivem', 'Alemanha', 'LadoLesteRP', 'ladolesteroleplay', 'ladolestept2', 'tropadaalemanha']",['MatureGame'],False
94,2025-03-30 16:32,Samkz11,pt,League of Legends,"TOMEI GAP DO MINERVA E OLHA NO Q DEU, SOLOQ TRYHARD NA SMURF! !youtube !savicore !pix !tiktok !social !videonovo","['Português', 'Rank1', 'rank2', 'Rank3', 'jg', 'pro', 'top1']",[],False
94,2025-03-30 16:32,dududuelista,pt,League of Legends,RIVEN DE TRINDADE NOVA BUILD - 1471 pdl Top  21 da Soloq Tryhard Challenger Riven - !DISCORD !SOCIAIS !TUTORIAL !COACH !TRINDADE,['Português'],[],False
94,2025-03-30 16:32,Matsucake,pt,League of Legends,Showmatch IDL !sumido,"['LoL', 'leagueoflegends', 'adc', 'Português']",[],False
95,2025-03-30 20:02,ZAKl1k,pt,Minecraft,🟢 MINECRAFT | ⭐ GANHE ASSISTINDO | 🌟 REESTOQUE DIA 10 ou 16 às 18h | !loja !points !prime !sub,"['Português', 'Minecraft', 'RecompensasEspetadores']",[],False
95,2025-03-30 20:02,SLKRETROZADA,pt,Counter-Strike,DOMINGOUU LOBBY INSANOS  !CSGO.NET !vaquinha !otimização @matazera @pezingamer   @betaozera @GabzeraWZ,"['mouse', 'teclado', 'portugues', 'competitivo', 'proplayerPortuguês', 'proplayer', 'proplayer', 'CS2', 'cs2counterstrike2', 'cs2major']",['MatureGame'],False
95,2025-03-30 20:03,VALORANT_BR,pt,VALORANT,LOUD 0x1 2G | VCT Americas 2025 | Semana 2 - Dia 3 (MD3),['Português'],[],False
95,2025-03-30 20:03,tonton_br,pt,Overwatch 2,[ DROP ] Megathon  🌸 ❗ drop ❗ sociais ❗ sub ✨ +18   @tonton_br on socials,"['Português', 'divertido', 'Rock', 'Mulher', 'TDAH', 'ConversandoComOChat', 'fofoca', 'Comfy', 'MEGATHON', 'DropsAtivados']",[],False
95,2025-03-30 20:03,alienz1nha,pt,VALORANT,olar,"['Português', 'VALORANＴ', 'fps', 'subathon']",[],False
95,2025-03-30 20:03,iMarianaPit,pt,Grand Theft Auto V,"[ +18 ] PLF + LADO LESTE ❗️ 00 DA ALEMANHA, !cidade !pix !sub !codiguin","['English', 'girlgamers', 'ＧTA5', 'Português', 'fivem', 'Alemanha', 'LadoLesteRP', 'ladolesteroleplay', 'ladolestept2', 'tropadaalemanha']",['MatureGame'],False
95,2025-03-30 20:03,Jxness7,pt,Fortnite,CASH CUP SOLO FINALS | !PIX 💸| 🚨 CODE “JXNESS7” [DROPS ON],"['Português', 'DropsAtivados']",[],False
95,2025-03-30 20:03,suetam1v4,pt,Fortnite,[ DROPS ON ] CAMP SOLO FINALS | !PIX,"['Português', 'DropsAtivados']",[],False
95,2025-03-30 20:03,pulgaboy,pt,Fortnite,!DROPS ON / SOLO CASH CUP FINALS !pix !analise !wpp,"['Fortnite', 'Português', 'DropsAtivados']",[],False
96,2025-03-30 20:13,ZAKl1k,pt,Minecraft,🟢 MINECRAFT | ⭐ GANHE ASSISTINDO | 🌟 REESTOQUE DIA 10 ou 16 às 18h | !loja !points !prime !sub,"['Português', 'Minecraft', 'RecompensasEspetadores']",[],False
96,2025-03-30 20:13,SLKRETROZADA,pt,Counter-Strike,DOMINGOUU LOBBY INSANOS  !CSGO.NET !vaquinha !otimização @matazera @pezingamer   @betaozera @GabzeraWZ,"['mouse', 'teclado', 'portugues', 'competitivo', 'proplayerPortuguês', 'proplayer', 'proplayer', 'CS2', 'cs2counterstrike2', 'cs2major']",['MatureGame'],False
96,2025-03-30 20:13,VALORANT_BR,pt,VALORANT,LOUD 0x1 2G | VCT Americas 2025 | Semana 2 - Dia 3 (MD3),['Português'],[],False
96,2025-03-30 20:13,tonton_br,pt,Overwatch 2,[ DROP ] Megathon  🌸 ❗ drop ❗ sociais ❗ sub ✨ +18   @tonton_br on socials,"['Português', 'divertido', 'Rock', 'Mulher', 'TDAH', 'ConversandoComOChat', 'fofoca', 'Comfy', 'MEGATHON', 'DropsAtivados']",[],False
96,2025-03-30 20:13,alienz1nha,pt,VALORANT,olar,"['Português', 'VALORANＴ', 'fps', 'subathon']",[],False
96,2025-03-30 20:13,iMarianaPit,pt,Grand Theft Auto V,"[ +18 ] PLF + LADO LESTE ❗️ 00 DA ALEMANHA, !cidade !pix !sub !codiguin","['English', 'girlgamers', 'ＧTA5', 'Português', 'fivem', 'Alemanha', 'LadoLesteRP', 'ladolesteroleplay', 'ladolestept2', 'tropadaalemanha']",['MatureGame'],False
96,2025-03-30 20:13,sam_xtreme,pt,Minecraft,"⚡ Café, Games e Caos – O Combo Perfeito! Vem jogar e se divertir comigo. !Discord !Pix !Social !Sr","['Português', 'RecompensasEspetadores']",[],False
96,2025-03-30 20:13,Lari,pt,Art,Você sabia que girafas tem língua azul?,"['Chill', 'Calma', 'Português', 'English', 'AuDHD']",[],False
96,2025-03-30 20:13,Larxfps,pt,R.E.P.O.,🍒 RESENHA E GAMEPLAY DUVIDOSA! 🍒 AJUDA NA METINHA?! @larxfps !livepix !insta !steam !delay,"['Português', 'Mulher', 'fps', 'Español', 'Ranked', 'ragegirl']",['ProfanityVulgarity'],False
97,2025-03-30 20:22,ZAKl1k,pt,Minecraft,🟢 MINECRAFT | ⭐ GANHE ASSISTINDO | 🌟 REESTOQUE DIA 10 ou 16 às 18h | !loja !points !prime !sub,"['Português', 'Minecraft', 'RecompensasEspetadores']",[],False
97,2025-03-30 20:23,SLKRETROZADA,pt,Counter-Strike,DOMINGOUU LOBBY INSANOS  !CSGO.NET !vaquinha !otimização @matazera @pezingamer   @betaozera @GabzeraWZ,"['mouse', 'teclado', 'portugues', 'competitivo', 'proplayerPortuguês', 'proplayer', 'proplayer', 'CS2', 'cs2counterstrike2', 'cs2major']",['MatureGame'],False
97,2025-03-30 20:23,VALORANT_BR,pt,VALORANT,LOUD 0x2 2G | VCT Americas 2025 | Semana 2 - Dia 3 (MD3),['Português'],[],False
97,2025-03-30 20:23,tonton_br,pt,Overwatch 2,[ DROP ] Megathon  🌸 ❗ drop ❗ sociais ❗ sub ✨ +18   @tonton_br on socials,"['Português', 'divertido', 'Rock', 'Mulher', 'TDAH', 'ConversandoComOChat', 'fofoca', 'Comfy', 'MEGATHON', 'DropsAtivados']",[],False
97,2025-03-30 20:23,alienz1nha,pt,VALORANT,olar,"['Português', 'VALORANＴ', 'fps', 'subathon']",[],False
97,2025-03-30 20:23,iMarianaPit,pt,Grand Theft Auto V,"[ +18 ] PLF + LADO LESTE ❗️ 00 DA ALEMANHA, !cidade !pix !sub !codiguin","['English', 'girlgamers', 'ＧTA5', 'Português', 'fivem', 'Alemanha', 'LadoLesteRP', 'ladolesteroleplay', 'ladolestept2', 'tropadaalemanha']",['MatureGame'],False
98,2025-03-31 00:02,ZAKl1k,pt,Minecraft,🟢 MINECRAFT | ⭐ GANHE ASSISTINDO | 🌟 REESTOQUE DIA 10 ou 16 às 18h | !loja !points !prime !sub,"['Português', 'Minecraft', 'RecompensasEspetadores']",[],False
98,2025-03-31 00:02,naatfps,pt,Grand Theft Auto V,[FLOW/Beckham] TÔ FICANDO LOUCA  !livepix       @naatfps,"['FiveM', 'Português', 'Valorant', 'GTA', 'cpx', 'complexo', 'rp']",['MatureGame'],False
98,2025-03-31 00:02,Arkane,pt,Fortnite,🔥 DROPS ON 🔥 PICARETA GRÁTIS NO FORTNITE !drop - CODE: ARKANE #EpicPartner 🔥 !loja !pix !logitech !noping !youtube !cortes,"['Português', 'DropsAtivados']",[],True
98,2025-03-31 00:02,Akrinuss,pt,League of Legends,!privacy - Dicas p subir d ELO l Mestre !cortes !duo !analise !abt !facinho,"['Português', 'Reposição']",[],False
98,2025-03-31 00:02,EiMine77,pt,Minecraft,✅ RECOMPENSAS ON! | ⭐ SEJA RÁPIDO E GANHE UMA CAPA DE GRAÇA: !CAPA | 💘 INSTAGRAM: @EIMINE77 | !ajuda !rerun !sub !subgratis !loja,"['Minecraft', 'EiMine', 'Português', 'RecompensasEspetadores']",[],False
98,2025-03-31 00:02,peachy_yumi,pt,Overwatch 2,!DROPS - mestre sup 🍑SA- somos apaixonados ⛩️ !campeachy dia 12/04,"['OW2LeSserafim', 'OW2Season15', 'OverwatchCreator', 'OW2Brasil', 'Português', 'English', 'DropsAtivados']",[],False
98,2025-03-31 00:02,antonella_bassani_,pt,iRacing,Subindo carteira no iracing do zero !pix,['Português'],[],False
98,2025-03-31 00:02,fifenzo_,pt,EA Sports FC 25,DALGLISH EVOLUTION 5-5 NA WL  + WL CONTA PRINCIPAL !curso !cliente !coins !coach !tatica,"['Português', 'fifenzo']",[],False
98,2025-03-31 00:02,IcaroBH_,pt,EA Sports FC 25,WL COM UM TIME HORRIVEL 2/0! DICAS DE GAMEPLAY. !coach !taticas !mentoria !playlist,['Português'],[],False
99,2025-03-31 00:14,iShadowWolf_,pt,Fall Guys,(+18) Livezinha Muito Doida!   ||   (❗comandos ❗metas ❗drops)   ||   (Epic Code: SHADOWOLF),['Português'],[],False
99,2025-03-31 00:14,morenageek,pt,Fortnite,Tentando buildar modo rankeada feat BX de4d7z,"['Fortnite', 'GirlPlayer', 'PS5LiveStream', 'ControlerGaming', 'Português', 'DropsAtivados']",[],False
99,2025-03-31 00:14,ZAKl1k,pt,Minecraft,🟢 MINECRAFT | ⭐ GANHE ASSISTINDO | 🌟 REESTOQUE DIA 10 ou 16 às 18h | !loja !points !prime !sub,"['Português', 'Minecraft', 'RecompensasEspetadores']",[],False
99,2025-03-31 00:14,naatfps,pt,Grand Theft Auto V,[FLOW/Beckham] TÔ FICANDO LOUCA  !livepix       @naatfps,"['FiveM', 'Português', 'Valorant', 'GTA', 'cpx', 'complexo', 'rp']",['MatureGame'],False
99,2025-03-31 00:14,Arkane,pt,Fortnite,🔥 DROPS ON 🔥 PICARETA GRÁTIS NO FORTNITE !drop - CODE: ARKANE #EpicPartner 🔥 !loja !pix !logitech !noping !youtube !cortes,"['Português', 'DropsAtivados']",[],True
99,2025-03-31 00:14,EiMine77,pt,Minecraft,✅ RECOMPENSAS ON! | ⭐ SEJA RÁPIDO E GANHE UMA CAPA DE GRAÇA: !CAPA | 💘 INSTAGRAM: @EIMINE77 | !ajuda !rerun !sub !subgratis !loja,"['Minecraft', 'EiMine', 'Português', 'RecompensasEspetadores']",[],False
99,2025-03-31 00:14,itsLilii,pt,League of Legends,Kaisa de shopping,"['mulher', 'valorant', 'variedades', 'Português', 'TDAH']",['ProfanityVulgarity'],False
99,2025-03-31 00:14,Kah_Athena,pt,VALORANT,[+18]... Compzinho doloroso ...😈❗sorteio ...❗jogar❗pix❗epic❗uid❗social❗playlist ❗codiepic ❗valorant ❗whats ❗love ❗nick,"['Positividade', 'sorteio', 'Fortnite', 'Mulher', 'SafeSpace', 'justcchatting', 'VALORANＴ', 'ＦＰＳ', 'jogodetiro', 'Português']",[],False
99,2025-03-31 00:14,eihashi,pt,Fobia,"terrorzinho no domingo a noite, é poggers ou nada ve?","['Português', 'minecraft', 'twıtch', 'PCG', 'stardewvalley', 'menino', 'TDAH', 'Rock']",[],False
100,2025-03-31 00:21,iShadowWolf_,pt,Fall Guys,(+18) Livezinha Muito Doida!   ||   (❗comandos ❗metas ❗drops)   ||   (Epic Code: SHADOWOLF),['Português'],[],False
100,2025-03-31 00:21,morenageek,pt,Fortnite,Tentando buildar modo rankeada feat BX de4d7z,"['Fortnite', 'GirlPlayer', 'PS5LiveStream', 'ControlerGaming', 'Português', 'DropsAtivados']",[],False
100,2025-03-31 00:22,ZAKl1k,pt,Minecraft,🟢 MINECRAFT | ⭐ GANHE ASSISTINDO | 🌟 REESTOQUE DIA 10 ou 16 às 18h | !loja !points !prime !sub,"['Português', 'Minecraft', 'RecompensasEspetadores']",[],False
100,2025-03-31 00:22,naatfps,pt,Grand Theft Auto V,[FLOW/Beckham] TÔ FICANDO LOUCA  !livepix       @naatfps,"['FiveM', 'Português', 'Valorant', 'GTA', 'cpx', 'complexo', 'rp']",['MatureGame'],False
100,2025-03-31 00:22,Arkane,pt,Fortnite,🔥 DROPS ON 🔥 PICARETA GRÁTIS NO FORTNITE !drop - CODE: ARKANE #EpicPartner 🔥 !loja !pix !logitech !noping !youtube !cortes,"['Português', 'DropsAtivados']",[],True
100,2025-03-31 00:22,EiMine77,pt,Minecraft,✅ RECOMPENSAS ON! | ⭐ SEJA RÁPIDO E GANHE UMA CAPA DE GRAÇA: !CAPA | 💘 INSTAGRAM: @EIMINE77 | !ajuda !rerun !sub !subgratis !loja,"['Minecraft', 'EiMine', 'Português', 'RecompensasEspetadores']",[],False
100,2025-03-31 00:22,L9_Hikikomori,pt,Just Chatting,habilitando o passe de batalha,"['Português', 'L9', 'Kassadin', 'Qiyana', 'Vtuber']",[],False
100,2025-03-31 00:22,ApenasUmBr_,pt,League of Legends,GM yasuo SoloQ ou arena,"['Português', 'Yasuo', 'chill']",[],False
100,2025-03-31 00:22,crushlol11,pt,League of Legends,CHALLENGER. TRYHARD NA MAIN.!video,"['Português', 'APELAO', 'DE', 'SANTANA']",[],False
101,2025-03-31 00:31,iShadowWolf_,pt,Fall Guys,(+18) Livezinha Muito Doida!   ||   (❗comandos ❗metas ❗drops)   ||   (Epic Code: SHADOWOLF),['Português'],[],False
101,2025-03-31 00:31,ZAKl1k,pt,Minecraft,🟢 MINECRAFT | ⭐ GANHE ASSISTINDO | 🌟 REESTOQUE DIA 10 ou 16 às 18h | !loja !points !prime !sub,"['Português', 'Minecraft', 'RecompensasEspetadores']",[],False
101,2025-03-31 00:31,naatfps,pt,Grand Theft Auto V,[FLOW/Beckham] TÔ FICANDO LOUCA  !livepix       @naatfps,"['FiveM', 'Português', 'Valorant', 'GTA', 'cpx', 'complexo', 'rp']",['MatureGame'],False
101,2025-03-31 00:31,Arkane,pt,Fortnite,🔥 DROPS ON 🔥 PICARETA GRÁTIS NO FORTNITE !drop - CODE: ARKANE #EpicPartner 🔥 !loja !pix !logitech !noping !youtube !cortes,"['Português', 'DropsAtivados']",[],True
101,2025-03-31 00:31,EiMine77,pt,Minecraft,✅ RECOMPENSAS ON! | ⭐ SEJA RÁPIDO E GANHE UMA CAPA DE GRAÇA: !CAPA | 💘 INSTAGRAM: @EIMINE77 | !ajuda !rerun !sub !subgratis !loja,"['Minecraft', 'EiMine', 'Português', 'RecompensasEspetadores']",[],False
101,2025-03-31 00:31,piVini_,pt,Marvel Rivals,Sim ele mesmo,"['Português', 'English', 'Russian', 'espanhol', 'DropsAtivados']",[],False
101,2025-03-31 00:31,maionesers7,pt,Virtual Casino,DOMINGOU NA RAJADA,['Português'],[],False
101,2025-03-31 00:31,dabliuking,pt,Grand Theft Auto V,+18 [ PLF ] QUER VAGA NO TIME DA TROPA DO CHILE?  ❗PIX ❗PLF ❗TDC ❗SORTEIO,"['Português', 'RP', 'GTARPLIVE', 'goat', 'metropole', 'metropolegg', 'metropolerp']",['MatureGame'],False
101,2025-03-31 00:31,M4FEITOSA,pt,Grand Theft Auto V,ADEUS VIDA DO CRIME ? METROPOLE,['Português'],['MatureGame'],False
102,2025-03-31 04:02,iShadowWolf_,pt,Fortnite,(+18) Livezinha Muito Doida!   ||   (❗comandos ❗metas ❗drops)   ||   (Epic Code: SHADOWOLF),"['Português', 'DropsAtivados']",[],False
102,2025-03-31 04:02,museblossom,pt,Just Chatting,Jogando com meu amor (Mouzart)❗discord❗pix ❗fort ❗jogar ❗epic ❗redes,['Português'],[],False
102,2025-03-31 04:02,Akrinuss,pt,League of Legends,!privacy - Dicas p subir d ELO l Mestre !cortes !duo !analise !abt !facinho,"['Português', 'Reposição']",[],False
102,2025-03-31 04:02,ZAKl1k,pt,Minecraft,🟢 MINECRAFT | ⭐ GANHE ASSISTINDO | 🌟 REESTOQUE DIA 10 ou 16 às 18h | !loja !points !prime !sub,"['Português', 'Minecraft', 'RecompensasEspetadores']",[],False
102,2025-03-31 04:02,EiMine77,pt,Minecraft,✅ RECOMPENSAS ON! | ⭐ SEJA RÁPIDO E GANHE UMA CAPA DE GRAÇA: !CAPA | 💘 INSTAGRAM: @EIMINE77 | !ajuda !rerun !sub !subgratis !loja,"['Minecraft', 'EiMine', 'Português', 'RecompensasEspetadores']",[],False
102,2025-03-31 04:02,Arkane,pt,Fortnite,🔥 DROPS ON 🔥 NOVO DROP DE ENVELOPAMENTO MK NO FORTNITE !drop - CODE: ARKANE #EpicPartner 🔥 !loja !pix !logitech !noping !youtube !cortes,"['Português', 'DropsAtivados']",[],True
102,2025-03-31 04:03,dudanavarrooo,pt,Grand Theft Auto V,[Lumos RP] Sarinha ta ON | !pix | !insta | !dc | !ttk | !lumos,"['valorant', 'game', 'gameplay', 'riotgames', 'conversando', 'Português', 'RP', 'fivem']",['MatureGame'],False
102,2025-03-31 04:03,dedexzada,pt,Grand Theft Auto V,+18 - 48H LIVE!!!! LIVE INFINITA SEM FUNDO LUCRATIVOS! @metropolegg❗discord,"['Complexo', 'CidadeAlta', 'Capital', 'Luqu4ta', 'paulinhooloko', 'luan', 'locking', 'tiro', 'gta', 'HolidayHoopla']",['MatureGame'],False
102,2025-03-31 04:03,alinengamer,pt,Grand Theft Auto V,"[+18]   Let's Goo ,  Grand Theft Auto V-CAPITAL CITY  [COUNTDOWN-DOWNLOADING, NA CAPITAL]","['GTA', 'paulinhooloko', 'Português', 'RedDead2', 'Modohistoria', 'capitalcity', 'RepublicaRj', 'fortnite', 'GTARP']",['MatureGame'],False
103,2025-03-31 04:10,iShadowWolf_,pt,Fortnite,(+18) Livezinha Muito Doida!   ||   (❗comandos ❗metas ❗drops)   ||   (Epic Code: SHADOWOLF),"['Português', 'DropsAtivados']",[],False
103,2025-03-31 04:10,museblossom,pt,Just Chatting,Jogando com meu amor (Mouzart)❗discord❗pix ❗fort ❗jogar ❗epic ❗redes,['Português'],[],False
103,2025-03-31 04:10,ZAKl1k,pt,Minecraft,🟢 MINECRAFT | ⭐ GANHE ASSISTINDO | 🌟 REESTOQUE DIA 10 ou 16 às 18h | !loja !points !prime !sub,"['Português', 'Minecraft', 'RecompensasEspetadores']",[],False
103,2025-03-31 04:10,Arkane,pt,Fortnite,🔥 DROPS ON 🔥 NOVO DROP DE ENVELOPAMENTO MK NO FORTNITE !drop - CODE: ARKANE #EpicPartner 🔥 !loja !pix !logitech !noping !youtube !cortes,"['Português', 'DropsAtivados']",[],True
103,2025-03-31 04:10,EriclesSavio10,pt,Overwatch 2,422 I (drops on) Ultimo dia de março chegou❗btag ❗addmarvel❗sorteio ❗comandos,"['Português', 'fps', 'youtube', 'PlayStation', 'Overｗatch2', 'games', 'gameplay', 'marvelrivals', 'marvel']",[],False
103,2025-03-31 04:10,EiMine77,pt,Minecraft,✅ RECOMPENSAS ON! | ⭐ SEJA RÁPIDO E GANHE UMA CAPA DE GRAÇA: !CAPA | 💘 INSTAGRAM: @EIMINE77 | !ajuda !rerun !sub !subgratis !loja,"['Minecraft', 'EiMine', 'Português', 'RecompensasEspetadores']",[],False
103,2025-03-31 04:10,pro101misha,ru,Counter-Strike,ПРАЙМ и СКИНЫ за БAЛЛЫ ✅ Самые дешёвые скины за баллы 🚮👻 👌👍Прайм за🤩 баллы🤩/👌👍пропуск за 😎баллы😎. Мемы За  БАЛЛЫ!!!,"['Русский', 'общение', 'розыгрыши', 'розыгрыш', 'халява', 'скины', 'скинызабаллы', 'csgoбалы', 'repo', 'counterstrike2']",['MatureGame'],False
103,2025-03-31 04:10,pinkrafa,pt,Counter-Strike,Pra começar bem a semana!!! Cola =)   !ingresso para sorteio 1500 seguidores,"['CS2', 'counterstrike', 'gaming', 'GamingLive', 'Esports', 'fps', 'CS2Live', 'gaules', 'TRIBONERA', 'Brasil']",['MatureGame'],False
103,2025-03-31 04:10,arch1vesfps,pt,Fortnite,🔥 TOP 1 MUNDIAL CS RANK 30K+ LEVEL 21 GC ( ͡° ͜ʖ ͡°) 🛒 RERUNN➡️ !loja !config !mira,"['ptbr', 'en', 'pt', 'Português', 'DropsAtivados']",[],False
104,2025-03-31 04:20,iShadowWolf_,pt,Fortnite,(+18) Livezinha Muito Doida!   ||   (❗comandos ❗metas ❗drops)   ||   (Epic Code: SHADOWOLF),"['Português', 'DropsAtivados']",[],False
104,2025-03-31 04:20,museblossom,pt,Just Chatting,Jogando com meu amor (Mouzart)❗discord❗pix ❗fort ❗jogar ❗epic ❗redes,['Português'],[],False
104,2025-03-31 04:20,ZAKl1k,pt,Minecraft,🟢 MINECRAFT | ⭐ GANHE ASSISTINDO | 🌟 REESTOQUE DIA 10 ou 16 às 18h | !loja !points !prime !sub,"['Português', 'Minecraft', 'RecompensasEspetadores']",[],False
104,2025-03-31 04:20,Arkane,pt,Fortnite,🔥 DROPS ON 🔥 NOVO DROP DE ENVELOPAMENTO MK NO FORTNITE !drop - CODE: ARKANE #EpicPartner 🔥 !loja !pix !logitech !noping !youtube !cortes,"['Português', 'DropsAtivados']",[],True
104,2025-03-31 04:20,BrunoBalloni,pt,Counter-Strike,🔴RERUN!!!-> ❗csgocases ❗regraloja❗farm ❗sub ❗msg ❗loja,"['Português', 'fps', 'Brasil', 'counterstrike', 'cs', 'cs2', 'brazil']",['MatureGame'],False
104,2025-03-31 04:20,EiMine77,pt,Minecraft,✅ RECOMPENSAS ON! | ⭐ SEJA RÁPIDO E GANHE UMA CAPA DE GRAÇA: !CAPA | 💘 INSTAGRAM: @EIMINE77 | !ajuda !rerun !sub !subgratis !loja,"['Minecraft', 'EiMine', 'Português', 'RecompensasEspetadores']",[],False
104,2025-03-31 04:20,gordaof9,pt,Counter-Strike,Faceit cm os guri,"['Português', 'banido', 'Elements', 'CDA', 'BlackElements', 'Piuzinho']",['MatureGame'],False
104,2025-03-31 04:21,karecarp,pt,Grand Theft Auto V,Circo Da Alegria !!até as 7da manhã ? bora bate a meta(+ 18)❗livepix❗PC❗ins,"['pix', 'donate', 'instagram', 'PC', 'Português']",['MatureGame'],False
104,2025-03-31 04:21,Evilyn7x,pt,Grand Theft Auto V,+18 METRÓPOLE,['Português'],['MatureGame'],False
105,2025-03-31 08:01,iShadowWolf_,pt,Fortnite,(+18) Livezinha Muito Doida!   ||   (❗comandos ❗metas ❗drops)   ||   (Epic Code: SHADOWOLF),"['Português', 'DropsAtivados']",[],False
105,2025-03-31 08:02,yunizinhafps,pt,inZOI,YUNI INZOI PRIMEIRA LIVE EP 1 ( LIVE BONUS) DEPOIS RP,"['Português', 'coringarp', 'GTARPLIVE', 'datenarp', 'gtavrproleplay', 'ＧTA5', 'gtandTheftAutoV', 'ComplexoRP', 'redbeiramar', 'paulinhooloko']",[],False
105,2025-03-31 08:02,EiMine77,pt,Minecraft,✅ RECOMPENSAS ON! | ⭐ SEJA RÁPIDO E GANHE UMA CAPA DE GRAÇA: !CAPA | 💘 INSTAGRAM: @EIMINE77 | !ajuda !rerun !sub !subgratis !loja,"['Minecraft', 'EiMine', 'Português', 'RecompensasEspetadores']",[],False
105,2025-03-31 08:02,YoDa,pt,League of Legends,LOL COM !VOICE  - OPERACAO LOL 2 - START 260 PDL -,['Português'],[],False
105,2025-03-31 08:02,NYKAGAMER_,pt,Fortnite,chega aean❗️LIVEPIX ❗️Onlyfans ❗️Comandos ❗️Discord ❗️Clip,"['Fortnite', 'Português', 'Mulher', 'brasil', 'Español', '한국어', 'Русский', '漢語', 'ภาษาไทย', '日本語']",[],False
105,2025-03-31 08:02,ZAKl1k,pt,Minecraft,🟢 MINECRAFT | ⭐ GANHE ASSISTINDO | 🌟 REESTOQUE DIA 10 ou 16 às 18h | !loja !points !prime !sub,"['Português', 'Minecraft', 'RecompensasEspetadores']",[],False
105,2025-03-31 08:02,avndeus,pt,Counter-Strike,🟢 LOJA TOTALMENTE RENOVADA - (SUB FARM 4X) !skinsvip !ggdrop !loja !sorteio,"['CS2', 'cs2faceit', 'ga', 'gamersclubcs', 'Português']",['MatureGame'],False
105,2025-03-31 08:02,LYRAFPS,pt,Counter-Strike,Domingou com plays! @gamersclubcs ❗COMANDOS!,"['Português', 'gamestreaming', 'counterstrike2', 'CS2', 'gamersclub']",['MatureGame'],False
105,2025-03-31 08:02,arch1vesfps,pt,Fortnite,🔥 TOP 1 MUNDIAL CS RANK 30K+ LEVEL 21 GC ( ͡° ͜ʖ ͡°) 🛒 RERUNN➡️ !loja !config !mira,"['ptbr', 'en', 'pt', 'Português', 'DropsAtivados']",[],False
106,2025-03-31 08:10,iShadowWolf_,pt,Fortnite,(+18) Livezinha Muito Doida!   ||   (❗comandos ❗metas ❗drops)   ||   (Epic Code: SHADOWOLF),"['Português', 'DropsAtivados']",[],False
106,2025-03-31 08:10,yunizinhafps,pt,inZOI,YUNI INZOI PRIMEIRA LIVE EP 1 ( LIVE BONUS) DEPOIS RP,"['Português', 'coringarp', 'GTARPLIVE', 'datenarp', 'gtavrproleplay', 'ＧTA5', 'gtandTheftAutoV', 'ComplexoRP', 'redbeiramar', 'paulinhooloko']",[],False
106,2025-03-31 08:10,EiMine77,pt,Minecraft,✅ RECOMPENSAS ON! | ⭐ SEJA RÁPIDO E GANHE UMA CAPA DE GRAÇA: !CAPA | 💘 INSTAGRAM: @EIMINE77 | !ajuda !rerun !sub !subgratis !loja,"['Minecraft', 'EiMine', 'Português', 'RecompensasEspetadores']",[],False
106,2025-03-31 08:10,YoDa,pt,League of Legends,LOL COM !VOICE  - OPERACAO LOL 2 - START 260 PDL -,['Português'],[],False
106,2025-03-31 08:11,NYKAGAMER_,pt,Fortnite,chega aean❗️LIVEPIX ❗️Onlyfans ❗️Comandos ❗️Discord ❗️Clip,"['Fortnite', 'Português', 'Mulher', 'brasil', 'Español', '한국어', 'Русский', '漢語', 'ภาษาไทย', '日本語']",[],False
106,2025-03-31 08:11,ZAKl1k,pt,Minecraft,🟢 MINECRAFT | ⭐ GANHE ASSISTINDO | 🌟 REESTOQUE DIA 10 ou 16 às 18h | !loja !points !prime !sub,"['Português', 'Minecraft', 'RecompensasEspetadores']",[],False
106,2025-03-31 08:11,MrZacCas,en,Minecraft,🚨NEW MINECRAFT CAPE! 🚨 BEATING THE WITHER FOR THE FIRST TIME,"['English', 'Speedrun', 'gaming', 'IRL', 'Speedrunner', 'Australia', 'American', 'truck', 'ViewerRewards']",[],False
106,2025-03-31 08:11,GUU_YT,pt,Fortnite,DROP-ON FORTNITE ITENS GRATIS de MORTAL KOMBAT ITENS FORTNITE( APOIE GUU NA LOJA ) CONSTRUÇÃO,"['Fortnite', 'ＦＯＲＴＮＩＴＥ', 'lojadehojefortnite', 'LOJINHADOCANAL', 'Apoieumcriador', 'JOGOFORTNITE', 'VbucksGrátis', 'gratisvbucks', 'LOJADEITENS', 'Português']",[],False
106,2025-03-31 08:11,miexoo,de,Minecraft,⛏️[FREE MINECRAFT CAPE - !drops] - CHILL MINECRAFT ⛏️ [ @Verku @deledettv ],"['Deutsch', 'English', 'Español', 'LGBTQIAPIus', 'SafeSpace', 'EGirl', 'Chill', 'Russia', 'Zuschauerbelohnungen']",[],False
107,2025-03-31 08:22,iShadowWolf_,pt,Fortnite,(+18) Livezinha Muito Doida!   ||   (❗comandos ❗metas ❗drops)   ||   (Epic Code: SHADOWOLF),"['Português', 'DropsAtivados']",[],False
107,2025-03-31 08:22,maahmurollo,pt,Fortnite,[DROPS ON] Jogando com o chat 🔥 ❤️ ❗JOGAR ❗LOJA    MUROLLO #ad,"['gamer', 'Português', 'Fortnite', 'ZeroBuild', 'battleroyale', 'Reposição', 'DropsAtivados']",[],True
107,2025-03-31 08:22,ZAKl1k,pt,Minecraft,🟢 MINECRAFT | ⭐ GANHE ASSISTINDO | 🌟 REESTOQUE DIA 10 ou 16 às 18h | !loja !points !prime !sub,"['Português', 'Minecraft', 'RecompensasEspetadores']",[],False
107,2025-03-31 08:22,EiMine77,pt,Minecraft,✅ RECOMPENSAS ON! | ⭐ SEJA RÁPIDO E GANHE UMA CAPA DE GRAÇA: !CAPA | 💘 INSTAGRAM: @EIMINE77 | !ajuda !rerun !sub !subgratis !loja,"['Minecraft', 'EiMine', 'Português', 'RecompensasEspetadores']",[],False
107,2025-03-31 08:23,yunizinhafps,pt,inZOI,YUNI INZOI PRIMEIRA LIVE EP 1 ( LIVE BONUS) DEPOIS RP,"['Português', 'coringarp', 'GTARPLIVE', 'datenarp', 'gtavrproleplay', 'ＧTA5', 'gtandTheftAutoV', 'ComplexoRP', 'redbeiramar', 'paulinhooloko']",[],False
107,2025-03-31 08:23,DexterHQ,pt,Minecraft,>>DROP CAPA- HARDCORE 1.21.4 8100+ DIAS SEM TOTEM !capa !codigo !tiktok !insta,"['hardcore', 'hardmode', 'sobrevivencia', 'semtotem', 'construir', 'Farming', 'Português', 'minecraft', 'EventosEspeciales', 'minecraftlive']",[],False
107,2025-03-31 08:23,Rompe,pt,Fortnite,"[DROPS ON] De graça, até injeção na testa! !ExitLag !Code ROMPE #EpicPartner","['Português', 'Trocação', 'DropsAtivados']",[],False
107,2025-03-31 08:23,cisinha,pt,VALORANT,BOM DIA NENES,"['mulher', 'animada', 'Português', 'valorant']",['ProfanityVulgarity'],False
107,2025-03-31 08:23,GUU_YT,pt,Fortnite,DROP-ON FORTNITE ITENS GRATIS de MORTAL KOMBAT ITENS FORTNITE( APOIE GUU NA LOJA ) CONSTRUÇÃO,"['Fortnite', 'ＦＯＲＴＮＩＴＥ', 'lojadehojefortnite', 'LOJINHADOCANAL', 'Apoieumcriador', 'JOGOFORTNITE', 'VbucksGrátis', 'gratisvbucks', 'LOJADEITENS', 'Português']",[],False
108,2025-03-31 12:02,iShadowWolf_,pt,Fortnite,(+18) Livezinha Muito Doida!   ||   (❗comandos ❗metas ❗drops)   ||   (Epic Code: SHADOWOLF),"['Português', 'DropsAtivados']",[],False
108,2025-03-31 12:02,maahmurollo,pt,Fortnite,[DROPS ON] Jogando com o chat 🔥 ❤️ ❗JOGAR ❗LOJA    MUROLLO #ad,"['gamer', 'Português', 'Fortnite', 'ZeroBuild', 'battleroyale', 'Reposição', 'DropsAtivados']",[],True
108,2025-03-31 12:02,YoDa,pt,League of Legends,LOL COM !VOICE  - OPERACAO LOL 2 - START 260 PDL -,['Português'],[],False
108,2025-03-31 12:02,miguelitodoarrocha,pt,EA Sports FC 25,💥segunda de final de WL e Treinamento pra copastreamers !! bem vindos a Live Do Miguelito,"['Português', 'Portugal', 'Competitivo', 'resenha', 'Resenhando', 'ultimateteam', 'fifa', 'EAFC', 'eafc25', 'eafcsports']",[],False
108,2025-03-31 12:02,yunizinhafps,pt,Grand Theft Auto V,+18 DIVISA RP YUNI DO COMANDO / COBRA,"['Português', 'coringarp', 'GTARPLIVE', 'datenarp', 'gtavrproleplay', 'ＧTA5', 'gtandTheftAutoV', 'ComplexoRP', 'redbeiramar', 'paulinhooloko']",['MatureGame'],False
108,2025-03-31 12:02,Xerekiss,pt,Fortnite,[DROP ON] BORA DE FORTNELSON?! | RESGATE ITENS ASSISTINDO A LIVE (❗loja) | CODE: XEREKISS #ad,"['Português', 'Brasil', 'fps', 'Fortnite', 'Portugal', 'battleroyale', 'DropsAtivados']",[],False
108,2025-03-31 12:02,OldSann,pt,Counter-Strike,🟢AO VIVO➡️Voltamos...  NVIDIA GeForce RTX 5090 🤣🤣🤣---➡️❗CSGONET ❗INSANE  ❗LOJA ❗SORTEIOS,"['csgo', 'csgogiveaway', 'csgonet', 'CS2', 'csgocases', 'Português', 'English', 'insane', 'farm', 'freeskins']",['MatureGame'],True
108,2025-03-31 12:02,LYRAFPS,pt,Counter-Strike,Segundou com play na @gamersclubcs ❗COMANDOS!,"['Português', 'gamestreaming', 'counterstrike2', 'CS2', 'gamersclub']",['MatureGame'],False
108,2025-03-31 12:02,avndeus,pt,Counter-Strike,🔴 RERUN - NÃO ESTOU AO VIVO - FARM 4X PARA SUBS - LOJA RENOVADA,"['CS2', 'cs2faceit', 'ga', 'gamersclubcs', 'Português']",['MatureGame'],False
109,2025-03-31 12:10,iShadowWolf_,pt,Fortnite,(+18) Livezinha Muito Doida!   ||   (❗comandos ❗metas ❗drops)   ||   (Epic Code: SHADOWOLF),"['Português', 'DropsAtivados']",[],False
109,2025-03-31 12:10,YoDa,pt,League of Legends,LOL COM !VOICE  - OPERACAO LOL 2 - START 260 PDL -,['Português'],[],False
109,2025-03-31 12:10,miguelitodoarrocha,pt,EA Sports FC 25,💥segunda de final de WL e Treinamento pra copastreamers !! bem vindos a Live Do Miguelito,"['Português', 'Portugal', 'Competitivo', 'resenha', 'Resenhando', 'ultimateteam', 'fifa', 'EAFC', 'eafc25', 'eafcsports']",[],False
109,2025-03-31 12:10,yunizinhafps,pt,Grand Theft Auto V,+18 DIVISA RP YUNI DO COMANDO / COBRA,"['Português', 'coringarp', 'GTARPLIVE', 'datenarp', 'gtavrproleplay', 'ＧTA5', 'gtandTheftAutoV', 'ComplexoRP', 'redbeiramar', 'paulinhooloko']",['MatureGame'],False
109,2025-03-31 12:10,ZAKl1k,pt,Minecraft,🟢 MINECRAFT | ⭐ GANHE ASSISTINDO | 🌟 REESTOQUE DIA 10 ou 16 às 18h | !loja !points !prime !sub,"['Português', 'Minecraft', 'RecompensasEspetadores']",[],False
109,2025-03-31 12:10,EiMine77,pt,Minecraft,✅ RECOMPENSAS ON! | ⭐ SEJA RÁPIDO E GANHE UMA CAPA DE GRAÇA: !CAPA | 💘 INSTAGRAM: @EIMINE77 | !ajuda !rerun !sub !subgratis !loja,"['Minecraft', 'EiMine', 'Português', 'RecompensasEspetadores']",[],False
109,2025-03-31 12:10,mae_joga45,pt,Overwatch 2,"Hoje estou no PS5 , nada de resgates 🤗😜","['Português', 'jogodeterror', 'jogofps', 'diversãogarantida']",[],False
109,2025-03-31 12:10,jubisco_,pt,Dead by Daylight,Gripadissimo contamiando survivors  #OverwatchCreator  ❗diff ❗tinder Jubisco#1535,"['Português', 'overwatchcreator', 'OW2Brasil', 'ow2season15', 'Inglês', 'Brigitte', 'drops']",['MatureGame'],False
109,2025-03-31 12:10,Bluezinho2,pt,Dead by Daylight,[+18] 💙Despedida do CHAOS SHUFFLE💙,"['LGBTQIAPlus', 'Português', 'ＤBD', 'GamesAndChatting', 'Jogandocomespectadores', 'fallguys', 'Gostoso', 'Veganismos', 'Overｗatch2', 'deadbbydaylight']","['MatureGame', 'ProfanityVulgarity']",False
110,2025-03-31 12:19,iShadowWolf_,pt,Fortnite,(+18) Livezinha Muito Doida!   ||   (❗comandos ❗metas ❗drops)   ||   (Epic Code: SHADOWOLF),"['Português', 'DropsAtivados']",[],False
110,2025-03-31 12:20,YoDa,pt,League of Legends,LOL COM !VOICE  - OPERACAO LOL 2 - START 260 PDL -,['Português'],[],False
110,2025-03-31 12:20,EiMine77,pt,Minecraft,✅ RECOMPENSAS ON! | ⭐ SEJA RÁPIDO E GANHE UMA CAPA DE GRAÇA: !CAPA | 💘 INSTAGRAM: @EIMINE77 | !ajuda !rerun !sub !subgratis !loja,"['Minecraft', 'EiMine', 'Português', 'RecompensasEspetadores']",[],False
110,2025-03-31 12:20,miguelitodoarrocha,pt,EA Sports FC 25,💥segunda de final de WL e Treinamento pra copastreamers !! bem vindos a Live Do Miguelito,"['Português', 'Portugal', 'Competitivo', 'resenha', 'Resenhando', 'ultimateteam', 'fifa', 'EAFC', 'eafc25', 'eafcsports']",[],False
110,2025-03-31 12:20,yunizinhafps,pt,Grand Theft Auto V,+18 DIVISA RP YUNI DO COMANDO / COBRA,"['Português', 'coringarp', 'GTARPLIVE', 'datenarp', 'gtavrproleplay', 'ＧTA5', 'gtandTheftAutoV', 'ComplexoRP', 'redbeiramar', 'paulinhooloko']",['MatureGame'],False
110,2025-03-31 12:20,ZAKl1k,pt,Minecraft,🟢 MINECRAFT | ⭐ GANHE ASSISTINDO | 🌟 REESTOQUE DIA 10 ou 16 às 18h | !loja !points !prime !sub,"['Português', 'Minecraft', 'RecompensasEspetadores']",[],False
110,2025-03-31 12:20,juniorbituruna,pt,PUBG: BATTLEGROUNDS,2024,['Português'],[],False
110,2025-03-31 12:20,RISEgamesBR,pt,KARMA: The Dark World,Bora Gurizada! Bora,"['Português', 'Survival', 'pubg', 'DayZ', 'grayzonewarfare', 'exfil', 'PvEvP', 'tarkov']",['MatureGame'],False
110,2025-03-31 12:20,HqZao_fps,pt,Call of Duty: Warzone,"Solo x Quads e Muitas novidades do ricochet! !exitlag !Kaspersky !pro !verdansk !discord  #frontpag recorde Vondel 56, Area 99 53","['Português', 'frontpage', 'CALLOFFDUTYWARZONE']",['MatureGame'],True
111,2025-03-31 16:02,Hairzinho,pt,EA Sports FC 25,WL NA SECUNDÁRIA + HYPE DAS 15 + DME'S E WL DO BRO + !GRUPO + !PARCERIA !REDES !TIKTOK,"['ULTIMATETEAM', 'RAGE', 'ENGRACADO', 'PACKS', 'COMPETITIVO', 'Português', 'Brasil', 'WeekendLeague', 'Portugal', 'Reposição']",[],False
111,2025-03-31 16:02,DaniKrautz,pt,Fortnite,[DROPS ON]  Boa tarde! - ❗nick ❗jogar ❗pix ❗comandos,"['fortnite', 'jogandocomochat', 'Português', 'Mulher', 'conversa', 'reality', 'Reposição', 'DropsAtivados']",[],False
111,2025-03-31 16:02,tony_lvl,pt,ELDEN RING,CONTINUANDO ELDEN - #OverwatchCreator #banmercyseason16,"['Português', 'DPS', 'Ranked', 'OverwatchCreators', 'Competitivo', 'Overwatch2', 'OW2Giveaway', 'Hitscan', 'Ashe', 'marvelrivals']","['MatureGame', 'ProfanityVulgarity']",False
111,2025-03-31 16:02,ofernandomaidana,pt,Sea of Thieves,DIA DE CAÇAR MEGALODON 🦈 !cmd !playlist,"['Português', 'seaofthieves', 'pirata', 'SongRequests', 'songrequest', 'SeaOfThievesPartner', 'SeaofThievesgameplay', 'English']",[],False
111,2025-03-31 16:02,EiMine77,pt,Minecraft,✅ RECOMPENSAS ON! | ⭐ SEJA RÁPIDO E GANHE UMA CAPA DE GRAÇA: !CAPA | 💘 INSTAGRAM: @EIMINE77 | !ajuda !rerun !sub !subgratis !loja,"['Minecraft', 'EiMine', 'Português', 'RecompensasEspetadores']",[],False
111,2025-03-31 16:02,letiltz,pt,Fortnite,DROPS ON! ASSISTA E GANHE 3 ENVELOPAMENTOS! !drop | USE O CÓDIGO LETILTZ NA LOJA,"['Português', 'Fortnite', 'SafeSpace', 'Jogandocomespectadores', 'DropsAtivados']",[],False
111,2025-03-31 16:02,Larxfps,pt,R.E.P.O.,🍒 RESENHA E GAMEPLAY DUVIDOSA! 🍒 AJUDA NA METINHA?! @larxfps !livepix !insta !steam !delay,"['Português', 'Mulher', 'fps', 'Español', 'Ranked', 'ragegirl']",['ProfanityVulgarity'],False
111,2025-03-31 16:02,pannshi,pt,Counter-Strike,MAIS UMA SEMANA PRA GENTE IR ATRÁS DOS NOSSOS SONHOS ✨ !instagram !youtube !sociais !grupo,"['girl', 'gamer', 'player', 'portuguese', 'otaku', 'Português']","['MatureGame', 'ProfanityVulgarity']",False
111,2025-03-31 16:02,Neszaah,pt,VALORANT,Vem passar a tarde comigo sz !comandos !pix,"['Português', 'valorant', 'gamergirl', 'Mulher', 'BR', 'fps']",[],False
112,2025-03-31 16:10,Hairzinho,pt,EA Sports FC 25,WL NA SECUNDÁRIA + HYPE DAS 15 + DME'S E WL DO BRO + !GRUPO + !PARCERIA !REDES !TIKTOK,"['ULTIMATETEAM', 'RAGE', 'ENGRACADO', 'PACKS', 'COMPETITIVO', 'Português', 'Brasil', 'WeekendLeague', 'Portugal', 'Reposição']",[],False
112,2025-03-31 16:11,DaniKrautz,pt,Fortnite,[DROPS ON]  Boa tarde! - ❗nick ❗jogar ❗pix ❗comandos,"['fortnite', 'jogandocomochat', 'Português', 'Mulher', 'conversa', 'reality', 'Reposição', 'DropsAtivados']",[],False
112,2025-03-31 16:11,tony_lvl,pt,ELDEN RING,CONTINUANDO ELDEN - #OverwatchCreator #banmercyseason16,"['Português', 'DPS', 'Ranked', 'OverwatchCreators', 'Competitivo', 'Overwatch2', 'OW2Giveaway', 'Hitscan', 'Ashe', 'marvelrivals']","['MatureGame', 'ProfanityVulgarity']",False
112,2025-03-31 16:11,ofernandomaidana,pt,Sea of Thieves,DIA DE CAÇAR MEGALODON 🦈 !cmd !playlist,"['Português', 'seaofthieves', 'pirata', 'SongRequests', 'songrequest', 'SeaOfThievesPartner', 'SeaofThievesgameplay', 'English']",[],False
112,2025-03-31 16:11,EiMine77,pt,Minecraft,✅ RECOMPENSAS ON! | ⭐ SEJA RÁPIDO E GANHE UMA CAPA DE GRAÇA: !CAPA | 💘 INSTAGRAM: @EIMINE77 | !ajuda !rerun !sub !subgratis !loja,"['Minecraft', 'EiMine', 'Português', 'RecompensasEspetadores']",[],False
112,2025-03-31 16:11,letiltz,pt,Fortnite,DROPS ON! ASSISTA E GANHE 3 ENVELOPAMENTOS! !drop | USE O CÓDIGO LETILTZ NA LOJA,"['Português', 'Fortnite', 'SafeSpace', 'Jogandocomespectadores', 'DropsAtivados']",[],False
112,2025-03-31 16:11,renatisses,pt,inZOI,Sera que dá pra fazer um do lixo ao luxo no inZOI?,"['Brasil', 'Português', 'sorteio', 'thesims']",[],False
112,2025-03-31 16:11,maethe,pt,Just Chatting,OLÁAAA - !alura,['Português'],[],True
112,2025-03-31 16:11,vinivianna,pt,VALORANT,Olá! Valorant + Ori | !pix !comandos !louco,"['EspacoSeguro', 'conversa', 'Xuxa', 'Flex', 'subathon', 'popo', 'EditorDeVideo']",[],False
113,2025-03-31 16:20,Hairzinho,pt,EA Sports FC 25,WL NA SECUNDÁRIA + HYPE DAS 15 + DME'S E WL DO BRO + !GRUPO + !PARCERIA !REDES !TIKTOK,"['ULTIMATETEAM', 'RAGE', 'ENGRACADO', 'PACKS', 'COMPETITIVO', 'Português', 'Brasil', 'WeekendLeague', 'Portugal', 'Reposição']",[],False
113,2025-03-31 16:20,DaniKrautz,pt,Fortnite,[DROPS ON]  Boa tarde! - ❗nick ❗jogar ❗pix ❗comandos,"['fortnite', 'jogandocomochat', 'Português', 'Mulher', 'conversa', 'reality', 'Reposição', 'DropsAtivados']",[],False
113,2025-03-31 16:20,tony_lvl,pt,ELDEN RING,CONTINUANDO ELDEN - #OverwatchCreator #banmercyseason16,"['Português', 'DPS', 'Ranked', 'OverwatchCreators', 'Competitivo', 'Overwatch2', 'OW2Giveaway', 'Hitscan', 'Ashe', 'marvelrivals']","['MatureGame', 'ProfanityVulgarity']",False
113,2025-03-31 16:20,ofernandomaidana,pt,Sea of Thieves,DIA DE CAÇAR MEGALODON 🦈 !cmd !playlist,"['Português', 'seaofthieves', 'pirata', 'SongRequests', 'songrequest', 'SeaOfThievesPartner', 'SeaofThievesgameplay', 'English']",[],False
113,2025-03-31 16:20,letiltz,pt,Fortnite,DROPS ON! ASSISTA E GANHE 3 ENVELOPAMENTOS! !drop | USE O CÓDIGO LETILTZ NA LOJA,"['Português', 'Fortnite', 'SafeSpace', 'Jogandocomespectadores', 'DropsAtivados']",[],False
113,2025-03-31 16:20,EiMine77,pt,Minecraft,✅ RECOMPENSAS ON! | ⭐ SEJA RÁPIDO E GANHE UMA CAPA DE GRAÇA: !CAPA | 💘 INSTAGRAM: @EIMINE77 | !ajuda !rerun !sub !subgratis !loja,"['Minecraft', 'EiMine', 'Português', 'RecompensasEspetadores']",[],False
113,2025-03-31 16:20,mufaking,pt,Grand Theft Auto V,[ LADO LESTE+PLF] 90/ 365/HK TREM BALA / NAQUELEX PIQUE/!comandos,"['gtav', 'rp', 'Português', 'complexo', 'cpx', 'paulinhooloko', 'p1', 'fivem', 'GTARP']",['MatureGame'],False
113,2025-03-31 16:20,VenturaGTA,pt,Grand Theft Auto V,+18 CDA - Comando Geral Ventura 👮‍♂️ - (CDA) 𝘽𝙚𝙢-𝙫𝙞𝙣𝙙𝙤𝙨 @venturagta ❗️livepix ❗️pc ❗️cda,['Português'],['MatureGame'],False
113,2025-03-31 16:20,foxsmithrj,pt,Grand Theft Auto V,[+18 LADO LESTE] 00 VK - BORA,['Português'],['MatureGame'],False
114,2025-03-31 16:27,Hairzinho,pt,EA Sports FC 25,WL NA SECUNDÁRIA + HYPE DAS 15 + DME'S E WL DO BRO + !GRUPO + !PARCERIA !REDES !TIKTOK,"['ULTIMATETEAM', 'RAGE', 'ENGRACADO', 'PACKS', 'COMPETITIVO', 'Português', 'Brasil', 'WeekendLeague', 'Portugal', 'Reposição']",[],False
114,2025-03-31 16:27,DaniKrautz,pt,Fortnite,[DROPS ON]  Boa tarde! - ❗nick ❗jogar ❗pix ❗comandos,"['fortnite', 'jogandocomochat', 'Português', 'Mulher', 'conversa', 'reality', 'Reposição', 'DropsAtivados']",[],False
114,2025-03-31 16:27,tony_lvl,pt,ELDEN RING,CONTINUANDO ELDEN - #OverwatchCreator #banmercyseason16,"['Português', 'DPS', 'Ranked', 'OverwatchCreators', 'Competitivo', 'Overwatch2', 'OW2Giveaway', 'Hitscan', 'Ashe', 'marvelrivals']","['MatureGame', 'ProfanityVulgarity']",False
114,2025-03-31 16:27,ofernandomaidana,pt,Sea of Thieves,DIA DE CAÇAR MEGALODON 🦈 !cmd !playlist,"['Português', 'seaofthieves', 'pirata', 'SongRequests', 'songrequest', 'SeaOfThievesPartner', 'SeaofThievesgameplay', 'English']",[],False
114,2025-03-31 16:27,yunizinhafps,pt,Grand Theft Auto V,+18 DIVISA RP YUNI DO COMANDO / COBRA,"['Português', 'coringarp', 'GTARPLIVE', 'datenarp', 'gtavrproleplay', 'ＧTA5', 'gtandTheftAutoV', 'ComplexoRP', 'redbeiramar', 'paulinhooloko']",['MatureGame'],False
114,2025-03-31 16:27,EiMine77,pt,Minecraft,✅ RECOMPENSAS ON! | ⭐ SEJA RÁPIDO E GANHE UMA CAPA DE GRAÇA: !CAPA | 💘 INSTAGRAM: @EIMINE77 | !ajuda !rerun !sub !subgratis !loja,"['Minecraft', 'EiMine', 'Português', 'RecompensasEspetadores']",[],False
114,2025-03-31 16:28,MatGomesz,pt,Sea of Thieves,Em busca de emissários da caça |❗olivia | Epic CODE: MatGomesz #ad |❗noping ❗lendasdomar,"['PvP', 'PvE', 'Aventura', 'Survival', 'Português', 'Coop', 'Xbox', 'PS5', 'Trocação']",[],False
114,2025-03-31 16:28,Phaclock,pt,Genshin Impact,boa tarde! bora explorar! !instagram !youtube !social !steam,"['Coop', 'Português', 'MMORPG', 'aventura', 'Multiplayer', 'online', 'Action', 'variedades', 'mago', 'DropsAtivados']",[],False
114,2025-03-31 16:28,playinghazel,pt,Sea of Thieves,Amanhã é o grande dia! | !redes !discord !lendasdomar,"['SeaofThieves', 'Português', 'LGBTQIAPIus', 'PvP', 'PvE']",[],False
115,2025-03-31 20:02,EiMine77,pt,Minecraft,✅ RECOMPENSAS ON! | ⭐ SEJA RÁPIDO E GANHE UMA CAPA DE GRAÇA: !CAPA | 💘 INSTAGRAM: @EIMINE77 | !ajuda !rerun !sub !subgratis !loja,"['Minecraft', 'EiMine', 'Português', 'RecompensasEspetadores']",[],False
115,2025-03-31 20:02,Hairzinho,pt,EA Sports FC 25,WL NA SECUNDÁRIA + HYPE DAS 15 + DME'S E WL DO BRO + !GRUPO + !PARCERIA !REDES !TIKTOK,"['ULTIMATETEAM', 'RAGE', 'ENGRACADO', 'PACKS', 'COMPETITIVO', 'Português', 'Brasil', 'WeekendLeague', 'Portugal', 'Reposição']",[],False
115,2025-03-31 20:02,BrunoBalloni,pt,Counter-Strike,🟢FACEITZINHA-> ❗csgocases ❗regraloja❗farm ❗sub ❗msg ❗loja,"['Português', 'fps', 'Brasil', 'counterstrike', 'cs', 'cs2', 'brazil']",['MatureGame'],False
115,2025-03-31 20:02,MegeraBruna,pt,VALORANT,"Meu Limão, Meu Limoeiro. [+18] / !discord / !elo / !regras / !pix / !instagram/ !nick/ !Sorteio/ !clip/ !Sr /  !subathon","['Português', 'valorant', 'gamergirl', 'fps', 'gamer']",[],False
115,2025-03-31 20:02,Cherry_Enxaqueca,pt,Fortnite,[+18] Vem de drop e conversa - 💖 Fortnite e PCG ✨✨✨✨,"['FortniteStreamer', 'fortnıte', 'English', 'humor', '18plus', 'AsianGamer', 'girlstreamer', 'PCG', 'PokemonCommunityGame', 'TDAH']",[],False
115,2025-03-31 20:03,zCerejiinha,pt,VALORANT,"Ops, é a Cherry 🍒✨",['Português'],[],False
115,2025-03-31 20:03,HWmalk,pt,Schedule I,[+18] CLT DE DORGAS 🌱,"['Português', 'AMA', 'Brasil', 'RPG', 'música', 'Conversação', 'RockRoll', 'Ansiedade', 'Interativo']",[],False
115,2025-03-31 20:03,DorSmiley,pt,Sea of Thieves,"🟢Dia de caos, Segundou| PVP + tarde | Parceiro do @lendasdomar e @csotbr  !Comandos !drops !tdm","['Ação', 'Aventura', 'Comédia', 'Português', 'Xingamentos', 'seaofthieves', 'PvEPvP', 'SoTPvp', 'seaofthieveseason15']",['ProfanityVulgarity'],False
115,2025-03-31 20:03,DonnaJapa,pt,VALORANT,DIA DE SORTEIOOOO,"['Mulher', 'Valorant', 'Português', 'linda']",[],False
116,2025-03-31 20:13,EiMine77,pt,Minecraft,✅ RECOMPENSAS ON! | ⭐ SEJA RÁPIDO E GANHE UMA CAPA DE GRAÇA: !CAPA | 💘 INSTAGRAM: @EIMINE77 | !ajuda !rerun !sub !subgratis !loja,"['Minecraft', 'EiMine', 'Português', 'RecompensasEspetadores']",[],False
116,2025-03-31 20:13,MegeraBruna,pt,VALORANT,"Meu Limão, Meu Limoeiro. [+18] / !discord / !elo / !regras / !pix / !instagram/ !nick/ !Sorteio/ !clip/ !Sr /  !subathon","['Português', 'valorant', 'gamergirl', 'fps', 'gamer']",[],False
116,2025-03-31 20:13,Hairzinho,pt,EA Sports FC 25,WL NA SECUNDÁRIA + HYPE DAS 15 + DME'S E WL DO BRO + !GRUPO + !PARCERIA !REDES !TIKTOK,"['ULTIMATETEAM', 'RAGE', 'ENGRACADO', 'PACKS', 'COMPETITIVO', 'Português', 'Brasil', 'WeekendLeague', 'Portugal', 'Reposição']",[],False
116,2025-03-31 20:14,BrunoBalloni,pt,Counter-Strike,🟢FACEITZINHA-> ❗csgocases ❗regraloja❗farm ❗sub ❗msg ❗loja,"['Português', 'fps', 'Brasil', 'counterstrike', 'cs', 'cs2', 'brazil']",['MatureGame'],False
116,2025-03-31 20:14,kingsleague_br,pt,Kings League,👑Furia FC vs. Real Elite - Rodada 2 - Kings League Brazil ⚽,"['kingsleague', 'kingsworldcup', 'Português', 'kingsleaguebr']",[],False
116,2025-03-31 20:14,zCerejiinha,pt,VALORANT,"Ops, é a Cherry 🍒✨",['Português'],[],False
116,2025-03-31 20:14,geofinho,pt,EA Sports FC 25,WL na principal!!- PT/ENG | !livepix,['Português'],[],False
116,2025-03-31 20:14,VovinhoFUT,pt,EA Sports FC 25,💥GOLEIRO MUDA ALGO? OBLAK NA WL DO CALVISMO FC! !GRUPO !CURSO !TRADE !LIVEPIX,"['Português', 'ultimateteam', 'EAFC', 'EASportsFC', 'fifa', 'FC25', 'EAFC25']",[],False
116,2025-03-31 20:14,Peu_MC,pt,Kings League,REACT SEGUNDA RODADA KINGSLEAGUE BR!  !coins !trade,"['batalha', 'batalhaderima', 'BATALHADAALDEIA', 'Rap', 'fifa', 'ultimateteam', 'Futebol', 'Português', 'EASPORTSFIFA', 'eafc25']",[],False
117,2025-03-31 20:22,EiMine77,pt,Minecraft,✅ RECOMPENSAS ON! | ⭐ SEJA RÁPIDO E GANHE UMA CAPA DE GRAÇA: !CAPA | 💘 INSTAGRAM: @EIMINE77 | !ajuda !rerun !sub !subgratis !loja,"['Minecraft', 'EiMine', 'Português', 'RecompensasEspetadores']",[],False
117,2025-03-31 20:22,MegeraBruna,pt,VALORANT,"Meu Limão, Meu Limoeiro. [+18] / !discord / !elo / !regras / !pix / !instagram/ !nick/ !Sorteio/ !clip/ !Sr /  !subathon","['Português', 'valorant', 'gamergirl', 'fps', 'gamer']",[],False
117,2025-03-31 20:22,Hairzinho,pt,EA Sports FC 25,WL NA SECUNDÁRIA + HYPE DAS 15 + DME'S E WL DO BRO + !GRUPO + !PARCERIA !REDES !TIKTOK,"['ULTIMATETEAM', 'RAGE', 'ENGRACADO', 'PACKS', 'COMPETITIVO', 'Português', 'Brasil', 'WeekendLeague', 'Portugal', 'Reposição']",[],False
117,2025-03-31 20:22,BrunoBalloni,pt,Counter-Strike,🟢FACEITZINHA-> ❗csgocases ❗regraloja❗farm ❗sub ❗msg ❗loja,"['Português', 'fps', 'Brasil', 'counterstrike', 'cs', 'cs2', 'brazil']",['MatureGame'],False
117,2025-03-31 20:22,kingsleague_br,pt,Kings League,👑Furia FC vs. Real Elite - Rodada 2 - Kings League Brazil ⚽,"['kingsleague', 'kingsworldcup', 'Português', 'kingsleaguebr']",[],False
117,2025-03-31 20:22,zCerejiinha,pt,VALORANT,"Ops, é a Cherry 🍒✨",['Português'],[],False
117,2025-03-31 20:22,b0lean,pt,Overwatch 2,overwatch com o chat -> r6 com os crias,"['bolin', 'portugues', 'bolinho', 'PlayingwithViewers', 'Português', 'chillingstream', 'overwatchstreamer', 'R6livestream']",[],False
117,2025-03-31 20:22,Dilascio_,pt,Schedule I,PRAZER WALTER WHITE,"['Português', 'Competitivo', 'Conversa', 'top500', 'overwatch', 'English']",[],False
117,2025-03-31 20:23,Lariex,pt,Marvel Rivals,🔴 VAMBORA | obrigada keymailer pelos jogos :3,"['OverwatchCreators', 'FantasticFour', 'OW2SEASON15', 'OW2Brasil', 'Português', 'marvelrivals', 'EternalNightFalls', 'MarvelRivalsPartners', 'Keymailer', 'DropsAtivados']",[],False
118,2025-03-31 20:31,EiMine77,pt,Minecraft,✅ RECOMPENSAS ON! | ⭐ SEJA RÁPIDO E GANHE UMA CAPA DE GRAÇA: !CAPA | 💘 INSTAGRAM: @EIMINE77 | !ajuda !rerun !sub !subgratis !loja,"['Minecraft', 'EiMine', 'Português', 'RecompensasEspetadores']",[],False
118,2025-03-31 20:31,MegeraBruna,pt,VALORANT,"Meu Limão, Meu Limoeiro. [+18] / !discord / !elo / !regras / !pix / !instagram/ !nick/ !Sorteio/ !clip/ !Sr /  !subathon","['Português', 'valorant', 'gamergirl', 'fps', 'gamer']",[],False
118,2025-03-31 20:31,BrunoBalloni,pt,Counter-Strike,🟢FACEITZINHA-> ❗csgocases ❗regraloja❗farm ❗sub ❗msg ❗loja,"['Português', 'fps', 'Brasil', 'counterstrike', 'cs', 'cs2', 'brazil']",['MatureGame'],False
118,2025-03-31 20:31,Hairzinho,pt,EA Sports FC 25,WL NA SECUNDÁRIA + HYPE DAS 15 + DME'S E WL DO BRO + !GRUPO + !PARCERIA !REDES !TIKTOK,"['ULTIMATETEAM', 'RAGE', 'ENGRACADO', 'PACKS', 'COMPETITIVO', 'Português', 'Brasil', 'WeekendLeague', 'Portugal', 'Reposição']",[],False
118,2025-03-31 20:31,kingsleague_br,pt,Kings League,👑Furia FC vs. Real Elite - Rodada 2 - Kings League Brazil ⚽,"['kingsleague', 'kingsworldcup', 'Português', 'kingsleaguebr']",[],False
118,2025-03-31 20:32,zCerejiinha,pt,VALORANT,"Ops, é a Cherry 🍒✨",['Português'],[],False
118,2025-03-31 20:32,iMarianaPit,pt,Grand Theft Auto V,"[ +18 ]  LADO LESTE ❗️ 00 DA ALEMANHA, !cidade !pix !sub !codiguin","['English', 'girlgamers', 'ＧTA5', 'Português', 'fivem', 'Alemanha', 'LadoLesteRP', 'ladolesteroleplay', 'ladolestept2', 'tropadaalemanha']",['MatureGame'],False
118,2025-03-31 20:32,dona_jaque,pt,Grand Theft Auto V,(+18)  CDA/ SUNSET RP : HAVOC ON TOP E KALLY A NOVA COMANDO DE POLÍCIA...   #GTARP !comandos !DC,"['Português', 'RolePlayGTA', 'Phasmophobia', 'feartherapy', 'theforest', 'RP']",['MatureGame'],False
118,2025-03-31 20:32,Cafe_Barao,pt,Grand Theft Auto V,[CODE RP] Monkey man Dia a dia de um PP no Angels of Death Novidades & Game Play !!! So na conversa...❗livepix ❗Pix ❗discord ❗cidade,"['deltaforcecreatorhub', 'conterstrike2', 'drops', 'Drop', 'Português', 'gta', 'ＧTA5', 'gtavrproleplay', 'gtandTheftAutoV', 'coderp']",['MatureGame'],False
119,2025-04-01 00:02,EiMine77,pt,Minecraft,✅ RECOMPENSAS ON! | ⭐ SEJA RÁPIDO E GANHE UMA CAPA DE GRAÇA: !CAPA | 💘 INSTAGRAM: @EIMINE77 | !ajuda !rerun !sub !subgratis !loja,"['Minecraft', 'EiMine', 'Português', 'RecompensasEspetadores']",[],False
119,2025-04-01 00:02,BrunoBalloni,pt,Counter-Strike,🔴RERUN!!!-> ❗csgocases ❗regraloja❗farm ❗sub ❗msg ❗loja,"['Português', 'fps', 'Brasil', 'counterstrike', 'cs', 'cs2', 'brazil']",['MatureGame'],False
119,2025-04-01 00:02,annadeneve,pt,Marvel Rivals,[DROPS ON] em busca do suculento emote do venom 🔥 me ajuda na metinha por favor? 🥺 ♡ !clip !pix !discord !comandos,"['Mulher', 'bonita', 'engraçada', 'Português', 'ConversandoComOChat', 'DropsAtivados']",[],False
119,2025-04-01 00:02,loma_sz,pt,VALORANT,valorant +18 !pix !comandos !clip !discord,"['gamer', 'VALORANＴ', 'Mulher', 'Português']",[],False
119,2025-04-01 00:02,guisobrevivente_,pt,Minecraft,[CAPE] oi bora conversar ?,"['minecraft', 'games', 'conversa', 'construcao', 'shaders', 'capa', 'Português', 'Recompensasdeespectador']",[],False
119,2025-04-01 00:02,miinagames_,pt,Grand Theft Auto V,"+18 [ HOLLYWOODRP ] INICIAMOS A SEMANA, ESTOU DE VOLTA - GERENTE DA FRANÇA  🇫🇷  !PIX !SUB","['português', 'metropole', 'metropolegg', 'gtarp', 'CDA', 'RP', 'Português']",['MatureGame'],False
119,2025-04-01 00:02,catiaflaviaaa,pt,Just Chatting,React de vídeos 💜 !hj !pix !cinefy !videos,"['conversa', 'anime', 'filme', 'mulher', 'temporada', 'react', 'reaction', 'Português']",[],False
119,2025-04-01 00:03,LuisaFors,pt,Just Chatting,VEM CONVERSAR ♥  !pix !insta,"['Português', 'Conversação']",[],False
119,2025-04-01 00:03,Giklups,pt,Schedule I,livezita da gigizita 🌸 mais um dia de lojinha  | !roblox !video !sub !pix #ad,"['conversa', 'ranked', 'competitivo', 'Português']",['ProfanityVulgarity'],False
120,2025-04-01 00:14,EiMine77,pt,Minecraft,✅ RECOMPENSAS ON! | ⭐ SEJA RÁPIDO E GANHE UMA CAPA DE GRAÇA: !CAPA | 💘 INSTAGRAM: @EIMINE77 | !ajuda !rerun !sub !subgratis !loja,"['Minecraft', 'EiMine', 'Português', 'RecompensasEspetadores']",[],False
120,2025-04-01 00:14,BrunoBalloni,pt,Counter-Strike,🔴RERUN!!!-> ❗csgocases ❗regraloja❗farm ❗sub ❗msg ❗loja,"['Português', 'fps', 'Brasil', 'counterstrike', 'cs', 'cs2', 'brazil']",['MatureGame'],False
120,2025-04-01 00:14,annadeneve,pt,Marvel Rivals,[DROPS ON] em busca do suculento emote do venom 🔥 me ajuda na metinha por favor? 🥺 ♡ !clip !pix !discord !comandos,"['Mulher', 'bonita', 'engraçada', 'Português', 'ConversandoComOChat', 'DropsAtivados']",[],False
120,2025-04-01 00:14,loma_sz,pt,VALORANT,valorant +18 !pix !comandos !clip !discord,"['gamer', 'VALORANＴ', 'Mulher', 'Português']",[],False
120,2025-04-01 00:14,guisobrevivente_,pt,Minecraft,[CAPE] oi bora conversar ?,"['minecraft', 'games', 'conversa', 'construcao', 'shaders', 'capa', 'Português', 'Recompensasdeespectador']",[],False
120,2025-04-01 00:14,miinagames_,pt,Grand Theft Auto V,"+18 [ HOLLYWOODRP ] INICIAMOS A SEMANA, ESTOU DE VOLTA - GERENTE DA FRANÇA  🇫🇷  !PIX !SUB","['português', 'metropole', 'metropolegg', 'gtarp', 'CDA', 'RP', 'Português']",['MatureGame'],False
121,2025-04-01 00:24,EiMine77,pt,Minecraft,✅ RECOMPENSAS ON! | ⭐ SEJA RÁPIDO E GANHE UMA CAPA DE GRAÇA: !CAPA | 💘 INSTAGRAM: @EIMINE77 | !ajuda !rerun !sub !subgratis !loja,"['Minecraft', 'EiMine', 'Português', 'RecompensasEspetadores']",[],False
121,2025-04-01 00:24,BrunoBalloni,pt,Counter-Strike,🔴RERUN!!!-> ❗csgocases ❗regraloja❗farm ❗sub ❗msg ❗loja,"['Português', 'fps', 'Brasil', 'counterstrike', 'cs', 'cs2', 'brazil']",['MatureGame'],False
121,2025-04-01 00:24,annadeneve,pt,Marvel Rivals,[DROPS ON] em busca do suculento emote do venom 🔥 me ajuda na metinha por favor? 🥺 ♡ !clip !pix !discord !comandos,"['Mulher', 'bonita', 'engraçada', 'Português', 'ConversandoComOChat', 'DropsAtivados']",[],False
121,2025-04-01 00:24,loma_sz,pt,VALORANT,valorant +18 !pix !comandos !clip !discord,"['gamer', 'VALORANＴ', 'Mulher', 'Português']",[],False
121,2025-04-01 00:24,guisobrevivente_,pt,Minecraft,[CAPE] oi bora conversar ?,"['minecraft', 'games', 'conversa', 'construcao', 'shaders', 'capa', 'Português', 'Recompensasdeespectador']",[],False
121,2025-04-01 00:24,miinagames_,pt,Grand Theft Auto V,"+18 [ HOLLYWOODRP ] INICIAMOS A SEMANA, ESTOU DE VOLTA - GERENTE DA FRANÇA  🇫🇷  !PIX !SUB","['português', 'metropole', 'metropolegg', 'gtarp', 'CDA', 'RP', 'Português']",['MatureGame'],False
121,2025-04-01 00:25,fifenzo_,pt,EA Sports FC 25,WL CONTA PRINCIPAL 11-0 + CLIENTE 0-0 + RECOMPENSAS !curso !cliente !coins !coach !tatica,"['Português', 'fifenzo']",[],False
121,2025-04-01 00:25,GawdGusto,pt,EA Sports FC 25,🇺🇸/🇧🇷  GAWD FC ESTA DE VOLTA + RESENHA COM CHAT                                                                                 !SUB,"['English', 'PortuguêsBR', 'eafc25', 'Português']",[],False
121,2025-04-01 00:25,Peu_MC,pt,EA Sports FC 25,WL MAIS PREMIAÇÃO !coins !trade,"['batalha', 'batalhaderima', 'BATALHADAALDEIA', 'Rap', 'fifa', 'ultimateteam', 'Futebol', 'Português', 'EASPORTSFIFA', 'eafc25']",[],False
122,2025-04-01 00:31,EiMine77,pt,Minecraft,✅ RECOMPENSAS ON! | ⭐ SEJA RÁPIDO E GANHE UMA CAPA DE GRAÇA: !CAPA | 💘 INSTAGRAM: @EIMINE77 | !ajuda !rerun !sub !subgratis !loja,"['Minecraft', 'EiMine', 'Português', 'RecompensasEspetadores']",[],False
122,2025-04-01 00:31,BrunoBalloni,pt,Counter-Strike,🔴RERUN!!!-> ❗csgocases ❗regraloja❗farm ❗sub ❗msg ❗loja,"['Português', 'fps', 'Brasil', 'counterstrike', 'cs', 'cs2', 'brazil']",['MatureGame'],False
122,2025-04-01 00:32,annadeneve,pt,Marvel Rivals,[DROPS ON] em busca do suculento emote do venom 🔥 me ajuda na metinha por favor? 🥺 ♡ !clip !pix !discord !comandos,"['Mulher', 'bonita', 'engraçada', 'Português', 'ConversandoComOChat', 'DropsAtivados']",[],False
122,2025-04-01 00:32,loma_sz,pt,VALORANT,valorant +18 !pix !comandos !clip !discord,"['gamer', 'VALORANＴ', 'Mulher', 'Português']",[],False
122,2025-04-01 00:32,guisobrevivente_,pt,Minecraft,[CAPE] oi bora conversar ?,"['minecraft', 'games', 'conversa', 'construcao', 'shaders', 'capa', 'Português', 'Recompensasdeespectador']",[],False
122,2025-04-01 00:32,miinagames_,pt,Grand Theft Auto V,"+18 [ HOLLYWOODRP ] INICIAMOS A SEMANA, ESTOU DE VOLTA - GERENTE DA FRANÇA  🇫🇷  !PIX !SUB","['português', 'metropole', 'metropolegg', 'gtarp', 'CDA', 'RP', 'Português']",['MatureGame'],False
122,2025-04-01 00:32,ChronusAndy,pt,Bleach: Rebirth of Souls,"Jogo desse anime nostálgico | Muito obrigado #BandaiNamcoBrasil #CriadorBandai | Me ajude com seu SUB, BITS ou doação ❤️❗Pix - ❗Nuuvem","['SafeSpace', 'Português', 'LGBTFriendly', 'conversando', 'descontração', 'GamesAndChatting', 'English', 'Anime', 'Bleach', 'bandainamco']",[],False
122,2025-04-01 00:32,Dehnzy,pt,The First Berserker: Khazan,"Khazan, até zerar - !comandos !bits @dehnzy","['gameplays', 'humor', 'alien', 'acessibilidade', 'Português', 'jogador', 'justchatting', 'fps', 'resenha', 'khazancontentcreator']",['MatureGame'],False
122,2025-04-01 00:32,GrandeGD_,pt,Marvel Rivals,Quero que todo mundo se exploda ❗Sr ❗social ❗wishlist ❗discord | Siga nas redes sociais 👉 @grandegd_,"['Português', 'Gostoso', 'dropsativados', 'AMA', 'Mulher', 'marvelrivals', 'PC', 'meme', 'GenshinnImpact', 'Vtuber']",[],False
123,2025-04-01 04:02,iShadowWolf_,pt,Fortnite,(+18) Livezinha Muito Doida!   ||   (❗comandos ❗metas ❗drops)   ||   (Epic Code: SHADOWOLF),"['Português', 'DropsAtivados']",[],False
123,2025-04-01 04:02,EiMine77,pt,Minecraft,✅ RECOMPENSAS ON! | ⭐ SEJA RÁPIDO E GANHE UMA CAPA DE GRAÇA: !CAPA | 💘 INSTAGRAM: @EIMINE77 | !ajuda !rerun !sub !subgratis !loja,"['Minecraft', 'EiMine', 'Português', 'RecompensasEspetadores']",[],False
123,2025-04-01 04:02,BrunoBalloni,pt,Counter-Strike,🔴RERUN!!!-> ❗csgocases ❗regraloja❗farm ❗sub ❗msg ❗loja,"['Português', 'fps', 'Brasil', 'counterstrike', 'cs', 'cs2', 'brazil']",['MatureGame'],False
123,2025-04-01 04:02,miinagames_,pt,Grand Theft Auto V,"+18 [ HOLLYWOODRP ] INICIAMOS A SEMANA, ESTOU DE VOLTA - GERENTE DA FRANÇA  🇫🇷  !PIX !SUB","['português', 'metropole', 'metropolegg', 'gtarp', 'CDA', 'RP', 'Português']",['MatureGame'],False
123,2025-04-01 04:02,naatfps,pt,Grand Theft Auto V,[FLOW/Beckham] GUERRA CONTRA MARCONEX  !livepix       @naatfps,"['FiveM', 'Português', 'Valorant', 'GTA', 'cpx', 'complexo', 'rp']",['MatureGame'],False
123,2025-04-01 04:02,ZAKl1k,pt,Minecraft,🟢 MINECRAFT | ⭐ GANHE ASSISTINDO | 🌟 REESTOQUE DIA 10 ou 16 às 18h | !loja !points !prime !sub,"['Português', 'Minecraft', 'RecompensasEspetadores']",[],False
123,2025-04-01 04:02,nvmegumi,pt,Just Chatting,concordo,['Português'],[],False
123,2025-04-01 04:03,emilly,pt,League of Legends,mono taric mestre soloQ | !elo !pix !sociais,"['mestre', 'Português', 'highelo', 'gamer', 'support', 'Taric', 'monogamia', 'LGBT', 'girl', 'pobre']",[],False
123,2025-04-01 04:03,niponica,pt,Just Chatting,certamente é a nipônica 👽 -❕bits ❕pix❕comandos,['Português'],[],False
124,2025-04-01 04:14,iShadowWolf_,pt,Fortnite,(+18) Livezinha Muito Doida!   ||   (❗comandos ❗metas ❗drops)   ||   (Epic Code: SHADOWOLF),"['Português', 'DropsAtivados']",[],False
124,2025-04-01 04:14,EiMine77,pt,Minecraft,✅ RECOMPENSAS ON! | ⭐ SEJA RÁPIDO E GANHE UMA CAPA DE GRAÇA: !CAPA | 💘 INSTAGRAM: @EIMINE77 | !ajuda !rerun !sub !subgratis !loja,"['Minecraft', 'EiMine', 'Português', 'RecompensasEspetadores']",[],False
124,2025-04-01 04:14,BrunoBalloni,pt,Counter-Strike,🔴RERUN!!!-> ❗csgocases ❗regraloja❗farm ❗sub ❗msg ❗loja,"['Português', 'fps', 'Brasil', 'counterstrike', 'cs', 'cs2', 'brazil']",['MatureGame'],False
124,2025-04-01 04:14,Faccolina,pt,Minecraft,[+18] Última Live & Server Novo de Minecraft (exclusivo pra subs) - !discord !insta !pix,"['Português', 'girlstreaming', 'repo', 'RecompensasEspetadores']",['ProfanityVulgarity'],False
124,2025-04-01 04:14,miinagames_,pt,Grand Theft Auto V,"+18 [ HOLLYWOODRP ] INICIAMOS A SEMANA, ESTOU DE VOLTA - GERENTE DA FRANÇA  🇫🇷  !PIX !SUB","['português', 'metropole', 'metropolegg', 'gtarp', 'CDA', 'RP', 'Português']",['MatureGame'],False
124,2025-04-01 04:14,naatfps,pt,Grand Theft Auto V,[FLOW/Beckham] GUERRA CONTRA MARCONEX  !livepix       @naatfps,"['FiveM', 'Português', 'Valorant', 'GTA', 'cpx', 'complexo', 'rp']",['MatureGame'],False
124,2025-04-01 04:14,estrelarp,pt,Grand Theft Auto V,+18 FIVEM - LADOLESTE RP + RISE RP❗️Privacy❗️Discord ❗️Comandos ❗️Cidade - Vamos pro ZARALHO! Vem que tem CODIGUINHO ON,['Português'],['MatureGame'],True
124,2025-04-01 04:14,BiaTsuuki,pt,Grand Theft Auto V,Estou de volta! - GERENTE DA FRANÇA 🇫🇷🔥/ !sub / Redes Sociais: @biatsuuki,['Português'],['MatureGame'],False
124,2025-04-01 04:15,brunablince,pt,Grand Theft Auto V,METRÓPOLE  - Dragona ( EP 1 )  Conhecendo Facções.,"['Português', 'GTARP', 'Dragona', 'GTAV', 'teatro']",['MatureGame'],False
125,2025-04-01 08:02,iShadowWolf_,pt,Sea of Thieves,(+18) Livezinha Muito Doida!   ||   (❗comandos ❗metas ❗drops)   ||   (Epic Code: SHADOWOLF),['Português'],[],False
125,2025-04-01 08:02,Xerekiss,pt,Fortnite,[DROP ON]🔥ATUALIZAÇÃO 🔥| RESGATE ITENS ASSISTINDO A LIVE (❗loja) | CODE: XEREKISS #ad,"['Português', 'Brasil', 'fps', 'Fortnite', 'Portugal', 'battleroyale', 'DropsAtivados']",[],False
125,2025-04-01 08:02,YoDa,pt,League of Legends,LOL COM !VOICE  - A REDENCAO START 120 PDL -,['Português'],[],False
125,2025-04-01 08:02,BrunoBalloni,pt,Counter-Strike,🔴RERUN!!!-> ❗csgocases ❗regraloja❗farm ❗sub ❗msg ❗loja,"['Português', 'fps', 'Brasil', 'counterstrike', 'cs', 'cs2', 'brazil']",['MatureGame'],False
125,2025-04-01 08:02,EiMine77,pt,Minecraft,✅ RECOMPENSAS ON! | ⭐ SEJA RÁPIDO E GANHE UMA CAPA DE GRAÇA: !CAPA | 💘 INSTAGRAM: @EIMINE77 | !ajuda !rerun !sub !subgratis !loja,"['Minecraft', 'EiMine', 'Português', 'RecompensasEspetadores']",[],False
125,2025-04-01 08:02,cisinha,pt,VALORANT,ta frio ai???,"['mulher', 'animada', 'Português', 'valorant']",['ProfanityVulgarity'],False
125,2025-04-01 08:02,danizinhah_,pt,Fortnite,✅ DROPS DISPONIVEL -  REPRISE ON (DORMINDO) + ATUALIZAÇÃO MAIS TARDE ❗subathon,"['Português', 'drops', 'DropsEnable', 'DropsAtivados']",[],False
125,2025-04-01 08:02,SypherPK,en,Fortnite,(!DROPS ON) NEW UPDATE! FREE GUN WRAPS - Watch for 90 minutes to claim! | !giveaway !rocketwars,"['PvP', 'Multiplayer', 'English', 'battleroyale', 'Fortnite', 'DropsEnabled']",[],False
125,2025-04-01 08:03,MARTEX,it,Fortnite,🔴 DROPS ATTIVI & MORTAL KOMBAT UPDATE - CODICE MARTEX,"['Fortnite', 'martex', 'Italiano', 'fortniteita', 'fortniteog', 'DropAbilitati']",[],False
126,2025-04-01 08:12,iShadowWolf_,pt,Sea of Thieves,(+18) Livezinha Muito Doida!   ||   (❗comandos ❗metas ❗drops)   ||   (Epic Code: SHADOWOLF),['Português'],[],False
126,2025-04-01 08:12,Xerekiss,pt,Fortnite,[DROP ON]🔥ATUALIZAÇÃO 🔥| RESGATE ITENS ASSISTINDO A LIVE (❗loja) | CODE: XEREKISS #ad,"['Português', 'Brasil', 'fps', 'Fortnite', 'Portugal', 'battleroyale', 'DropsAtivados']",[],False
126,2025-04-01 08:12,cgplaytv,pt,Fortnite,[DROPS ON] Fortnite Nova Atualização & Modo do Mortal Kombat!,"['Português', 'DropsAtivados']",[],False
126,2025-04-01 08:12,YoDa,pt,League of Legends,LOL COM !VOICE  - A REDENCAO START 120 PDL -,['Português'],[],False
126,2025-04-01 08:12,BrunoBalloni,pt,Counter-Strike,🔴RERUN!!!-> ❗csgocases ❗regraloja❗farm ❗sub ❗msg ❗loja,"['Português', 'fps', 'Brasil', 'counterstrike', 'cs', 'cs2', 'brazil']",['MatureGame'],False
126,2025-04-01 08:12,EiMine77,pt,Minecraft,✅ RECOMPENSAS ON! | ⭐ SEJA RÁPIDO E GANHE UMA CAPA DE GRAÇA: !CAPA | 💘 INSTAGRAM: @EIMINE77 | !ajuda !rerun !sub !subgratis !loja,"['Minecraft', 'EiMine', 'Português', 'RecompensasEspetadores']",[],False
126,2025-04-01 08:12,locjesus20,pt,The Evil Within 2,O Mal Interior 2 #12. GANHE 50 REAIS ASSISTINDO AS MINHAS LIVES,"['Português', 'casualplay']",['MatureGame'],False
126,2025-04-01 08:12,naoeobala,pt,Dota 2,Live de baixo orçamento,"['Português', 'FPS', 'MOBA', 'English']",[],False
126,2025-04-01 08:13,MK9xw,pt,Wuthering Waves,Live todos os Dias! | !pix !instagram !discord @mk9xw,"['português', 'multiplayer', 'Brasil', 'Português', 'holidayhoopla', 'DropsAtivados']",[],False
127,2025-04-01 08:20,iShadowWolf_,pt,Sea of Thieves,(+18) Livezinha Muito Doida!   ||   (❗comandos ❗metas ❗drops)   ||   (Epic Code: SHADOWOLF),['Português'],[],False
127,2025-04-01 08:20,Xerekiss,pt,Fortnite,[DROP ON]🔥ATUALIZAÇÃO 🔥| RESGATE ITENS ASSISTINDO A LIVE (❗loja) | CODE: XEREKISS #ad,"['Português', 'Brasil', 'fps', 'Fortnite', 'Portugal', 'battleroyale', 'DropsAtivados']",[],False
127,2025-04-01 08:21,Pedro017Yt,pt,Fortnite,NOVA ATT 🍉(2ºDROPS ON) FORTNITE + RESGATE ITENS ASSISTINDO A LIVE (❗loja,"['Português', 'Fortnite', 'Jogandocomespectadores', 'DropsEnable', 'DropsAtivados']",[],False
127,2025-04-01 08:21,YoDa,pt,League of Legends,LOL COM !VOICE  - A REDENCAO START 120 PDL -,['Português'],[],False
127,2025-04-01 08:21,EiMine77,pt,Minecraft,✅ RECOMPENSAS ON! | ⭐ SEJA RÁPIDO E GANHE UMA CAPA DE GRAÇA: !CAPA | 💘 INSTAGRAM: @EIMINE77 | !ajuda !rerun !sub !subgratis !loja,"['Minecraft', 'EiMine', 'Português', 'RecompensasEspetadores']",[],False
127,2025-04-01 08:21,BrunoBalloni,pt,Counter-Strike,🔴RERUN!!!-> ❗csgocases ❗regraloja❗farm ❗sub ❗msg ❗loja,"['Português', 'fps', 'Brasil', 'counterstrike', 'cs', 'cs2', 'brazil']",['MatureGame'],False
128,2025-04-01 12:02,iShadowWolf_,pt,Fortnite,(+18) Livezinha Muito Doida!   ||   (❗comandos ❗metas ❗drops)   ||   (Epic Code: SHADOWOLF),"['Português', 'DropsAtivados']",[],False
128,2025-04-01 12:02,Hairzinho,pt,EA Sports FC 25,FINALIZANDO WL NA SECUNDÁRIA + HYPE DAS 15 + DME'S E WL DO BRO + !GRUPO + !PARCERIA !REDES !TIKTOK,"['ULTIMATETEAM', 'RAGE', 'ENGRACADO', 'PACKS', 'COMPETITIVO', 'Português', 'Brasil', 'WeekendLeague', 'Portugal', 'Reposição']",[],False
128,2025-04-01 12:02,Pedro017Yt,pt,Fortnite,(DROPS ON) FORTNITE + RESGATE ITENS ASSISTINDO A LIVE (❗loja)  🍉!PIX 🍉,"['Português', 'Fortnite', 'Jogandocomespectadores', 'DropsEnable', 'DropsAtivados']",[],False
128,2025-04-01 12:02,MegeraBruna,pt,VALORANT,Jogando sem passar raiva [+18] / !discord / !elo / !regras / !pix / !instagram/ !nick/ !Sorteio/ !clip/ !Sr /  !subathon,"['Português', 'valorant', 'gamergirl', 'fps', 'gamer']",[],False
128,2025-04-01 12:02,yunizinhafps,pt,Grand Theft Auto V,+18 DIVISA RP YUNI DO COMANDO / COBRA,"['Português', 'coringarp', 'GTARPLIVE', 'datenarp', 'gtavrproleplay', 'ＧTA5', 'gtandTheftAutoV', 'ComplexoRP', 'redbeiramar', 'paulinhooloko']",['MatureGame'],False
128,2025-04-01 12:02,Xerekiss,pt,Fortnite,[DROP ON]🔥ATUALIZAÇÃO 🔥| RESGATE ITENS ASSISTINDO A LIVE (❗loja) | CODE: XEREKISS #ad,"['Português', 'Brasil', 'fps', 'Fortnite', 'Portugal', 'battleroyale', 'DropsAtivados']",[],False
128,2025-04-01 12:02,L9_Hikikomori,pt,League of Legends,APENAS 2 HORAS E 40 MINUTOS DE SONO EU TIVE HAHAHAHAHAHA EU TO BEM MURRAY SÓ TOMAR UM MONSTER E DAR FILA NA SOLOQ,"['Português', 'L9', 'Kassadin', 'Qiyana', 'Vtuber']",[],False
128,2025-04-01 12:02,Flapjacklol1,pt,League of Legends,lolzinho do estudo 🕮 !pix !regras !pobre,"['Drmundo', 'Flapjack', 'Sion', 'lol', 'leagueoflegends', 'Português']",['ProfanityVulgarity'],False
128,2025-04-01 12:02,randomgap,pt,League of Legends,random voltando pro top 1 só pelo esporte,['Português'],[],False
129,2025-04-01 12:13,iShadowWolf_,pt,Fortnite,(+18) Livezinha Muito Doida!   ||   (❗comandos ❗metas ❗drops)   ||   (Epic Code: SHADOWOLF),"['Português', 'DropsAtivados']",[],False
129,2025-04-01 12:13,Hairzinho,pt,EA Sports FC 25,FINALIZANDO WL NA SECUNDÁRIA + HYPE DAS 15 + DME'S E WL DO BRO + !GRUPO + !PARCERIA !REDES !TIKTOK,"['ULTIMATETEAM', 'RAGE', 'ENGRACADO', 'PACKS', 'COMPETITIVO', 'Português', 'Brasil', 'WeekendLeague', 'Portugal', 'Reposição']",[],False
129,2025-04-01 12:13,MegeraBruna,pt,VALORANT,Jogando sem passar raiva [+18] / !discord / !elo / !regras / !pix / !instagram/ !nick/ !Sorteio/ !clip/ !Sr /  !subathon,"['Português', 'valorant', 'gamergirl', 'fps', 'gamer']",[],False
129,2025-04-01 12:13,Pedro017Yt,pt,Fortnite,(DROPS ON) FORTNITE + RESGATE ITENS ASSISTINDO A LIVE (❗loja)  🍉!PIX 🍉,"['Português', 'Fortnite', 'Jogandocomespectadores', 'DropsEnable', 'DropsAtivados']",[],False
129,2025-04-01 12:13,yunizinhafps,pt,Grand Theft Auto V,+18 DIVISA RP YUNI DO COMANDO / COBRA,"['Português', 'coringarp', 'GTARPLIVE', 'datenarp', 'gtavrproleplay', 'ＧTA5', 'gtandTheftAutoV', 'ComplexoRP', 'redbeiramar', 'paulinhooloko']",['MatureGame'],False
129,2025-04-01 12:13,Xerekiss,pt,Fortnite,[DROP ON]🔥ATUALIZAÇÃO 🔥| RESGATE ITENS ASSISTINDO A LIVE (❗loja) | CODE: XEREKISS #ad,"['Português', 'Brasil', 'fps', 'Fortnite', 'Portugal', 'battleroyale', 'DropsAtivados']",[],False
129,2025-04-01 12:13,oBruxoFut,pt,EA Sports FC 25,"✨ FINALIZANDO AS WLS, REACT COPA DOS STREAMERS E FARMING ❗️tatica ❗️st ❗️lurdinha","['Português', 'muitoelegante', 'charmoso', 'bonito', 'inteligente', 'carismático', 'educado', 'proplayer', 'futebol', 'fitness']",[],False
129,2025-04-01 12:13,TioPedroJoga,pt,EA Sports FC 25,ESTREIA NA COPA DOS STREAMERS x @janjaomachado + COPINHA E RIVALS !horario !cliente !coins !camiseta,['Português'],[],False
129,2025-04-01 12:13,miguelitodoarrocha,pt,EA Sports FC 25,💥copastreamers Miguelito x thata 11h - vamos Preparar o Time pra estreia !! - bem vindos a Live Do Migueltito,"['Português', 'Portugal', 'Competitivo', 'resenha', 'Resenhando', 'ultimateteam', 'fifa', 'EAFC', 'eafc25', 'eafcsports']",[],False
130,2025-04-01 12:25,iShadowWolf_,pt,Fortnite,(+18) Livezinha Muito Doida!   ||   (❗comandos ❗metas ❗drops)   ||   (Epic Code: SHADOWOLF),"['Português', 'DropsAtivados']",[],False
130,2025-04-01 12:25,Pedro017Yt,pt,Fortnite,(DROPS ON) FORTNITE + RESGATE ITENS ASSISTINDO A LIVE (❗loja)  🍉!PIX 🍉,"['Português', 'Fortnite', 'Jogandocomespectadores', 'DropsEnable', 'DropsAtivados']",[],False
130,2025-04-01 12:25,Hairzinho,pt,EA Sports FC 25,FINALIZANDO WL NA SECUNDÁRIA + HYPE DAS 15 + DME'S E WL DO BRO + !GRUPO + !PARCERIA !REDES !TIKTOK,"['ULTIMATETEAM', 'RAGE', 'ENGRACADO', 'PACKS', 'COMPETITIVO', 'Português', 'Brasil', 'WeekendLeague', 'Portugal', 'Reposição']",[],False
130,2025-04-01 12:25,MegeraBruna,pt,VALORANT,Jogando sem passar raiva [+18] / !discord / !elo / !regras / !pix / !instagram/ !nick/ !Sorteio/ !clip/ !Sr /  !subathon,"['Português', 'valorant', 'gamergirl', 'fps', 'gamer']",[],False
130,2025-04-01 12:25,Xerekiss,pt,Fortnite,[DROP ON]🔥ATUALIZAÇÃO 🔥| RESGATE ITENS ASSISTINDO A LIVE (❗loja) | CODE: XEREKISS #ad,"['Português', 'Brasil', 'fps', 'Fortnite', 'Portugal', 'battleroyale', 'DropsAtivados']",[],False
130,2025-04-01 12:25,BrunoBalloni,pt,Counter-Strike,🔴RERUN!!!-> ❗csgocases ❗regraloja❗farm ❗sub ❗msg ❗loja,"['Português', 'fps', 'Brasil', 'counterstrike', 'cs', 'cs2', 'brazil']",['MatureGame'],False
130,2025-04-01 12:25,jubisco_,pt,Dead by Daylight,Ultima Live do Ano  #OverwatchCreator  ❗diff ❗tinder Jubisco#1535,"['Português', 'overwatchcreator', 'OW2Brasil', 'ow2season15', 'Inglês', 'Brigitte', 'drops']",['MatureGame'],False
130,2025-04-01 12:25,Lemes,pt,Overwatch 2,Boa sexta pra geral meus queridos(as) .... !discord !tag !drops !dicção  [+18],"['Português', 'seaofthieves', 'musica', 'PvP', 'PvE', 'overwatch2', 'ＦＰＳ', 'PerfectWorld', 'terror']",[],False
130,2025-04-01 12:26,RageCaique,pt,Monster Hunter Wilds,PT-BR | Arrow - Ajudo a todos  | LIVE - 42/285,"['AMA', 'TDAH', 'editando', 'PortuguêsBR', 'Português', 'FortniteTournement', 'MMORPG', 'fps']",[],False
131,2025-04-01 12:33,iShadowWolf_,pt,Fortnite,(+18) Livezinha Muito Doida!   ||   (❗comandos ❗metas ❗drops)   ||   (Epic Code: SHADOWOLF),"['Português', 'DropsAtivados']",[],False
131,2025-04-01 12:33,Pedro017Yt,pt,Fortnite,(DROPS ON) FORTNITE + RESGATE ITENS ASSISTINDO A LIVE (❗loja)  🍉!PIX 🍉,"['Português', 'Fortnite', 'Jogandocomespectadores', 'DropsEnable', 'DropsAtivados']",[],False
131,2025-04-01 12:33,Hairzinho,pt,EA Sports FC 25,FINALIZANDO WL NA SECUNDÁRIA + HYPE DAS 15 + DME'S E WL DO BRO + !GRUPO + !PARCERIA !REDES !TIKTOK,"['ULTIMATETEAM', 'RAGE', 'ENGRACADO', 'PACKS', 'COMPETITIVO', 'Português', 'Brasil', 'WeekendLeague', 'Portugal', 'Reposição']",[],False
131,2025-04-01 12:33,MegeraBruna,pt,VALORANT,Jogando sem passar raiva [+18] / !discord / !elo / !regras / !pix / !instagram/ !nick/ !Sorteio/ !clip/ !Sr /  !subathon,"['Português', 'valorant', 'gamergirl', 'fps', 'gamer']",[],False
131,2025-04-01 12:33,Xerekiss,pt,Fortnite,[DROP ON]🔥ATUALIZAÇÃO 🔥| RESGATE ITENS ASSISTINDO A LIVE (❗loja) | CODE: XEREKISS #ad,"['Português', 'Brasil', 'fps', 'Fortnite', 'Portugal', 'battleroyale', 'DropsAtivados']",[],False
131,2025-04-01 12:33,CORALtv_,pt,Fortnite,DROPS NOVOS ON ✨ ATUALIZAÇÃO 🔥 FARM VBUCKS ASSISTINDO A LIVE !LOJA ❤️ USE CODE: CORALTV #AD ✨!PIX !RESGATE !JOGAR !DROPS,"['Português', 'Fortnite', 'sorteio', 'VbucksGrátis', 'sorteios', 'vbucks', 'jogandocomespectadores', 'DropsAtivados']",[],False
131,2025-04-01 12:33,Dilascio_,pt,Marvel Rivals,(drops on) ACABANDO COM A FILA - DUO BAKZERA,"['Português', 'Competitivo', 'Conversa', 'top500', 'overwatch', 'English', 'DropsAtivados']",[],False
131,2025-04-01 12:33,Bastet,pt,Marvel Rivals,SUBASTETON DIA 220 !sub !pix !sociais,"['Português', 'DropsAtivados']",[],False
131,2025-04-01 12:33,Sasazinhaw,pt,SMITE 2,vendo o que tem por aqui - !Nuuvem  !ExitLag !Kaspersky,"['Dropshabilitados', 'MMORPG', 'chill', 'Português', 'ptbr', 'OverwatchCreators', 'marvelrivals', 'Variedade', 'MarvelRivalsCreator', 'DropsAtivados']",[],True
132,2025-04-01 12:41,iShadowWolf_,pt,Fortnite,(+18) Livezinha Muito Doida!   ||   (❗comandos ❗metas ❗drops)   ||   (Epic Code: SHADOWOLF),"['Português', 'DropsAtivados']",[],False
132,2025-04-01 12:41,Hairzinho,pt,EA Sports FC 25,FINALIZANDO WL NA SECUNDÁRIA + HYPE DAS 15 + DME'S E WL DO BRO + !GRUPO + !PARCERIA !REDES !TIKTOK,"['ULTIMATETEAM', 'RAGE', 'ENGRACADO', 'PACKS', 'COMPETITIVO', 'Português', 'Brasil', 'WeekendLeague', 'Portugal', 'Reposição']",[],False
132,2025-04-01 12:41,Pedro017Yt,pt,Fortnite,(DROPS ON) FORTNITE + RESGATE ITENS ASSISTINDO A LIVE (❗loja)  🍉!PIX 🍉,"['Português', 'Fortnite', 'Jogandocomespectadores', 'DropsEnable', 'DropsAtivados']",[],False
132,2025-04-01 12:41,MegeraBruna,pt,VALORANT,Jogando sem passar raiva [+18] / !discord / !elo / !regras / !pix / !instagram/ !nick/ !Sorteio/ !clip/ !Sr /  !subathon,"['Português', 'valorant', 'gamergirl', 'fps', 'gamer']",[],False
132,2025-04-01 12:41,Xerekiss,pt,Fortnite,[DROP ON]🔥ATUALIZAÇÃO 🔥| RESGATE ITENS ASSISTINDO A LIVE (❗loja) | CODE: XEREKISS #ad,"['Português', 'Brasil', 'fps', 'Fortnite', 'Portugal', 'battleroyale', 'DropsAtivados']",[],False
132,2025-04-01 12:41,BrunoBalloni,pt,Counter-Strike,🔴RERUN!!!-> ❗csgocases ❗regraloja❗farm ❗sub ❗msg ❗loja,"['Português', 'fps', 'Brasil', 'counterstrike', 'cs', 'cs2', 'brazil']",['MatureGame'],False
132,2025-04-01 12:41,EiMine77,pt,Minecraft,✅ RECOMPENSAS ON! | ⭐ SEJA RÁPIDO E GANHE UMA CAPA DE GRAÇA: !CAPA | 💘 INSTAGRAM: @EIMINE77 | !ajuda !rerun !sub !subgratis !loja,"['Minecraft', 'EiMine', 'Português', 'RecompensasEspetadores']",[],False
132,2025-04-01 12:42,Maslova_Lovy,pt,Minecraft,Bora jogar de boas,"['Português', 'English', 'Autistic', 'TEAPlayer', 'PCD', 'RecompensasEspetadores']",[],False
132,2025-04-01 12:42,Vitor_jbs,pt,Minecraft,[DROP DE CAPA] COMEÇAR O MÊS BEM  |❗pix ❗dc ❗comandos,"['Português', 'minecraft', 'mine', 'pvp', 'bedwars', 'mush', 'mushmc', 'roblox', 'RecompensasEspetadores']",[],False
133,2025-04-01 16:02,SLKRETROZADA,pt,Counter-Strike,SUBATHON  LIVE INFINITA SERA  !CSGO.NET !vaquinha !otimização @matazera @pezingamer   @betaozera @GabzeraWZ,"['portugues', 'competitivo', 'proplayerPortuguês', 'proplayer', 'proplayer', 'CS2', 'cs2counterstrike2', 'cs2major', 'luqueta', 'subathon']",['MatureGame'],False
133,2025-04-01 16:02,aFranzita,pt,Minecraft,MINEZITO NO SERVIDOR DO @el_xandeko! | Drops de capa ativo | !capa !servidor,"['PortuguêsBR', 'Português', 'jogo', 'mulherjogando', 'localseguro', 'aventura', 'noobstreamer', 'survival', 'RecompensasEspetadores']",[],False
133,2025-04-01 16:02,MegeraBruna,pt,VALORANT,Jogando sem passar raiva [+18] / !discord / !elo / !regras / !pix / !instagram/ !nick/ !Sorteio/ !clip/ !Sr /  !subathon,"['Português', 'valorant', 'gamergirl', 'fps', 'gamer']",[],False
133,2025-04-01 16:02,Hairzinho,pt,EA Sports FC 25,FINALIZANDO WL NA SECUNDÁRIA + HYPE DAS 15 + DME'S E WL DO BRO + !GRUPO + !PARCERIA !REDES !TIKTOK,"['ULTIMATETEAM', 'RAGE', 'ENGRACADO', 'PACKS', 'COMPETITIVO', 'Português', 'Brasil', 'WeekendLeague', 'Portugal', 'Reposição']",[],False
133,2025-04-01 16:02,EiMine77,pt,Minecraft,✅ RECOMPENSAS ON! | ⭐ SEJA RÁPIDO E GANHE UMA CAPA DE GRAÇA: !CAPA | 💘 INSTAGRAM: @EIMINE77 | !ajuda !rerun !sub !subgratis !loja,"['Minecraft', 'EiMine', 'Português', 'RecompensasEspetadores']",[],False
133,2025-04-01 16:02,morenageek,pt,Fortnite,"(+18) Os drops estão on, e a moreninha também!","['Fortnite', 'GirlPlayer', 'PS5LiveStream', 'ControlerGaming', 'Português', 'DropsAtivados']",[],False
133,2025-04-01 16:03,Abacatemi,pt,Overwatch 2,QUE SAUDADEEE #OverwatchCreator,"['Português', 'girl', 'overwatch2', 'OverwatchCreators', 'chat', 'cosplayergirl', 'yk2']",[],False
133,2025-04-01 16:03,Elllandria,pt,Overwatch 2,🔴 Sorteio HOJE!  #OverwatchCreator  #MarvelRivals  #marvelRivalsPartner #EternalNightFalls #FantasticFour !sorteio,"['Português', 'PC', 'Competitivo', 'Overwatch', 'marvelrivals', 'OverwatchCreators', 'EternalNightFalls', 'Overｗatch2', 'FantasticFour', 'MarvelRivalsPartner']",[],False
133,2025-04-01 16:03,Reunee,pt,Overwatch 2,🔴 Recuperar o elo perdido | Outlast 2 às 17h,['Português'],[],False
134,2025-04-01 16:11,SLKRETROZADA,pt,Counter-Strike,SUBATHON  LIVE INFINITA SERA  !CSGO.NET !vaquinha !otimização @matazera @pezingamer   @betaozera @GabzeraWZ,"['portugues', 'competitivo', 'proplayerPortuguês', 'proplayer', 'proplayer', 'CS2', 'cs2counterstrike2', 'cs2major', 'luqueta', 'subathon']",['MatureGame'],False
134,2025-04-01 16:11,Hairzinho,pt,EA Sports FC 25,FINALIZANDO WL NA SECUNDÁRIA + HYPE DAS 15 + DME'S E WL DO BRO + !GRUPO + !PARCERIA !REDES !TIKTOK,"['ULTIMATETEAM', 'RAGE', 'ENGRACADO', 'PACKS', 'COMPETITIVO', 'Português', 'Brasil', 'WeekendLeague', 'Portugal', 'Reposição']",[],False
134,2025-04-01 16:11,MegeraBruna,pt,VALORANT,Jogando sem passar raiva [+18] / !discord / !elo / !regras / !pix / !instagram/ !nick/ !Sorteio/ !clip/ !Sr /  !subathon,"['Português', 'valorant', 'gamergirl', 'fps', 'gamer']",[],False
134,2025-04-01 16:11,aFranzita,pt,Minecraft,MINEZITO NO SERVIDOR DO @el_xandeko! | Drops de capa ativo | !capa !servidor,"['PortuguêsBR', 'Português', 'jogo', 'mulherjogando', 'localseguro', 'aventura', 'noobstreamer', 'survival', 'RecompensasEspetadores']",[],False
134,2025-04-01 16:12,EiMine77,pt,Minecraft,✅ RECOMPENSAS ON! | ⭐ SEJA RÁPIDO E GANHE UMA CAPA DE GRAÇA: !CAPA | 💘 INSTAGRAM: @EIMINE77 | !ajuda !rerun !sub !subgratis !loja,"['Minecraft', 'EiMine', 'Português', 'RecompensasEspetadores']",[],False
134,2025-04-01 16:12,morenageek,pt,Fortnite,"(+18) Os drops estão on, e a moreninha também!","['Fortnite', 'GirlPlayer', 'PS5LiveStream', 'ControlerGaming', 'Português', 'DropsAtivados']",[],False
134,2025-04-01 16:12,WesleyCaribe,pt,Sea of Thieves,🇧🇷🇵🇹🏴‍☠️Campanha: Hazel Plus Massacration Advanced Tramontina Macetando Passatempo Enzo Lorenzoni,"['Português', 'bemorepirate']",[],False
134,2025-04-01 16:12,Larxfps,pt,VALORANT,🍒 RESENHA E GAMEPLAY DUVIDOSA! 🍒 AJUDA NA METINHA?! @larxfps !livepix !insta !steam !delay,"['Português', 'Mulher', 'fps', 'Español', 'Ranked', 'ragegirl']",['ProfanityVulgarity'],False
134,2025-04-01 16:12,DorSmiley,pt,Sea of Thieves,🟢Prozeando até ir PVP  | Parceiro do @lendasdomar e @csotbr  !Comandos !drops !tdm,"['Ação', 'Aventura', 'Comédia', 'Português', 'Xingamentos', 'seaofthieves', 'PvEPvP', 'SoTPvp', 'seaofthieveseason15']",['ProfanityVulgarity'],False
135,2025-04-01 16:19,SLKRETROZADA,pt,Counter-Strike,SUBATHON  LIVE INFINITA SERA  !CSGO.NET !vaquinha !otimização @matazera @pezingamer   @betaozera @GabzeraWZ,"['portugues', 'competitivo', 'proplayerPortuguês', 'proplayer', 'proplayer', 'CS2', 'cs2counterstrike2', 'cs2major', 'luqueta', 'subathon']",['MatureGame'],False
135,2025-04-01 16:19,MegeraBruna,pt,VALORANT,Jogando sem passar raiva [+18] / !discord / !elo / !regras / !pix / !instagram/ !nick/ !Sorteio/ !clip/ !Sr /  !subathon,"['Português', 'valorant', 'gamergirl', 'fps', 'gamer']",[],False
135,2025-04-01 16:19,Hairzinho,pt,EA Sports FC 25,FINALIZANDO WL NA SECUNDÁRIA + HYPE DAS 15 + DME'S E WL DO BRO + !GRUPO + !PARCERIA !REDES !TIKTOK,"['ULTIMATETEAM', 'RAGE', 'ENGRACADO', 'PACKS', 'COMPETITIVO', 'Português', 'Brasil', 'WeekendLeague', 'Portugal', 'Reposição']",[],False
135,2025-04-01 16:19,aFranzita,pt,Minecraft,MINEZITO NO SERVIDOR DO @el_xandeko! | Drops de capa ativo | !capa !servidor,"['PortuguêsBR', 'Português', 'jogo', 'mulherjogando', 'localseguro', 'aventura', 'noobstreamer', 'survival', 'RecompensasEspetadores']",[],False
135,2025-04-01 16:19,EiMine77,pt,Minecraft,✅ RECOMPENSAS ON! | ⭐ SEJA RÁPIDO E GANHE UMA CAPA DE GRAÇA: !CAPA | 💘 INSTAGRAM: @EIMINE77 | !ajuda !rerun !sub !subgratis !loja,"['Minecraft', 'EiMine', 'Português', 'RecompensasEspetadores']",[],False
135,2025-04-01 16:19,BrunoBalloni,pt,Counter-Strike,🔴RERUN!!!-> ❗csgocases ❗regraloja❗farm ❗sub ❗msg ❗loja,"['Português', 'fps', 'Brasil', 'counterstrike', 'cs', 'cs2', 'brazil']",['MatureGame'],False
135,2025-04-01 16:19,isafaracco,pt,Just Chatting,FELIZ ANIVERSÁRIO PRA MIM!!!!,"['fortnite', 'battleroyale', 'Português', 'forninte', 'criativo']",[],False
135,2025-04-01 16:19,Larxfps,pt,VALORANT,🍒 RESENHA E GAMEPLAY DUVIDOSA! 🍒 AJUDA NA METINHA?! @larxfps !livepix !insta !steam !delay,"['Português', 'Mulher', 'fps', 'Español', 'Ranked', 'ragegirl']",['ProfanityVulgarity'],False
135,2025-04-01 16:19,AiNando1,pt,Fortnite,[DROPS ON - ENVELOPAMENTOS] VEM JOGAR COM NOS ❗JOGAR ❗NICK ❗ USE CODE: Ainando1 #AD❗PIX ❗Livepix❗JOGAR  ❗Comandos ❗instagram ❗apoie,"['Português', 'Fortnite', 'comedia', 'engraçado', 'live', 'Phasmophobia', 'liarsbar', 'StreamGamer', 'francais', 'tiktok']",[],False
136,2025-04-01 16:31,SLKRETROZADA,pt,Counter-Strike,SUBATHON  LIVE INFINITA SERA  !CSGO.NET !vaquinha !otimização @matazera @pezingamer   @betaozera @GabzeraWZ,"['portugues', 'competitivo', 'proplayerPortuguês', 'proplayer', 'proplayer', 'CS2', 'cs2counterstrike2', 'cs2major', 'luqueta', 'subathon']",['MatureGame'],False
136,2025-04-01 16:31,MegeraBruna,pt,VALORANT,Jogando sem passar raiva [+18] / !discord / !elo / !regras / !pix / !instagram/ !nick/ !Sorteio/ !clip/ !Sr /  !subathon,"['Português', 'valorant', 'gamergirl', 'fps', 'gamer']",[],False
136,2025-04-01 16:31,Hairzinho,pt,EA Sports FC 25,FINALIZANDO WL NA SECUNDÁRIA + HYPE DAS 15 + DME'S E WL DO BRO + !GRUPO + !PARCERIA !REDES !TIKTOK,"['ULTIMATETEAM', 'RAGE', 'ENGRACADO', 'PACKS', 'COMPETITIVO', 'Português', 'Brasil', 'WeekendLeague', 'Portugal', 'Reposição']",[],False
136,2025-04-01 16:31,morenageek,pt,Fortnite,"(+18) Os drops estão on, e a moreninha também!","['Fortnite', 'GirlPlayer', 'PS5LiveStream', 'ControlerGaming', 'Português', 'DropsAtivados']",[],False
136,2025-04-01 16:31,EiMine77,pt,Minecraft,✅ RECOMPENSAS ON! | ⭐ SEJA RÁPIDO E GANHE UMA CAPA DE GRAÇA: !CAPA | 💘 INSTAGRAM: @EIMINE77 | !ajuda !rerun !sub !subgratis !loja,"['Minecraft', 'EiMine', 'Português', 'RecompensasEspetadores']",[],False
136,2025-04-01 16:31,CORALtv_,pt,Marvel Rivals,DROPS ON  🔥 FARM VBUCKS ASSISTINDO A LIVE !LOJA ❤️ USE CODE: CORALTV #AD ✨!PIX !RESGATE !JOGAR !DROPS,"['Português', 'Fortnite', 'sorteio', 'VbucksGrátis', 'sorteios', 'vbucks', 'jogandocomespectadores', 'DropsAtivados']",[],False
136,2025-04-01 16:31,thzinnxl1,pt,FragPunk,🔴 RR - High elo gameplays - (PT/BR] (+18) !sens !mira !codigos !elo !res,['Português'],[],False
136,2025-04-01 16:31,BELKY,pt,FragPunk,MESTREPUNK | MAIN JAGUNCO | !FP !YOUTUBE,"['Português', 'fps', 'PvP', 'valorant']",[],False
136,2025-04-01 16:31,iaeMaximus,pt,FragPunk,"MESTRE NO FRAGPUNK hoje? achei a sensi roubada, to quebrando - !pix para mandar mensagem na tela","['Português', 'fragpunk', 'fps']",[],False
137,2025-04-01 20:03,BrunoBalloni,pt,Counter-Strike,🔴RERUN!!!-> ❗csgocases ❗regraloja❗farm ❗sub ❗msg ❗loja,"['Português', 'fps', 'Brasil', 'counterstrike', 'cs', 'cs2', 'brazil']",['MatureGame'],False
137,2025-04-01 20:03,SLKRETROZADA,pt,Counter-Strike,SUBATHON  LIVE INFINITA SERA  !CSGO.NET !vaquinha !otimização @matazera @pezingamer   @betaozera @GabzeraWZ,"['portugues', 'competitivo', 'proplayerPortuguês', 'proplayer', 'proplayer', 'CS2', 'cs2counterstrike2', 'cs2major', 'luqueta', 'subathon']",['MatureGame'],False
137,2025-04-01 20:03,DanriqueTW,pt,Minecraft,VOU BURLAR O SISTEMA E FICAR RICO! !host !cobblemon,"['Português', 'RecompensasEspetadores']",[],False
137,2025-04-01 20:03,MegeraBruna,pt,Sea of Thieves,Megera afunda ta on [+18] / !discord / !elo / !regras / !pix / !instagram/ !nick/ !Sorteio/ !clip/ !Sr /  !subathon,"['Português', 'valorant', 'gamergirl', 'fps', 'gamer']",[],False
137,2025-04-01 20:03,miinagames_,pt,Grand Theft Auto V,+18 [ HOLLYWOODRP ] CONSTÂNCIA E 100% FOCO - GERENTE DA FRANÇA  🇫🇷  !PIX !SUB,"['português', 'metropole', 'metropolegg', 'gtarp', 'CDA', 'RP', 'Português']",['MatureGame'],False
137,2025-04-01 20:03,JujubaNeko,pt,Sea of Thieves,[PT/BR +18] QUERO CHOCOLATE 🍫 (XBOX SERIES S) - Código Epic JUJUBANEKO !cmds,"['Anime', 'MãeGamer', 'Brasil', 'Português', 'XboxSeriesS', 'PvP', 'Multiplayer', 'PvE', 'Aventura', 'Cooperativo']",['ProfanityVulgarity'],False
137,2025-04-01 20:03,oparazim,pt,EA Sports FC 25,‼️3X PPS DE ICON 88+ E PACK DA LOJA  ! 40 PPs 81+ e Packs 7x84+,"['fifa', 'eafc', 'fc24', 'fc24livestream', 'Português', 'fc25', 'fc25livestream']",[],False
137,2025-04-01 20:03,Mateuuusao,pt,EA Sports FC 25,"!livepix  WL COM OS 3 RONALDOS, GULLIT E CRUYFF - LERO COINS","['ULTIMATE', 'FUTEBOL', 'Português']",[],False
137,2025-04-01 20:03,guialvess__,pt,EA Sports FC 25,HOJE É GUERRA! ESTREIA NA COPA ÀS 20h30 X @vovinhofut! COPINHA E MUITA RESENHA!,['Português'],[],False
138,2025-04-01 20:12,SLKRETROZADA,pt,Counter-Strike,SUBATHON  LIVE INFINITA SERA  !CSGO.NET !vaquinha !otimização @matazera @pezingamer   @betaozera @GabzeraWZ,"['portugues', 'competitivo', 'proplayerPortuguês', 'proplayer', 'proplayer', 'CS2', 'cs2counterstrike2', 'cs2major', 'luqueta', 'subathon']",['MatureGame'],False
138,2025-04-01 20:12,BrunoBalloni,pt,Counter-Strike,🔴RERUN!!!-> ❗csgocases ❗regraloja❗farm ❗sub ❗msg ❗loja,"['Português', 'fps', 'Brasil', 'counterstrike', 'cs', 'cs2', 'brazil']",['MatureGame'],False
138,2025-04-01 20:12,EiMine77,pt,Minecraft,✅ RECOMPENSAS ON! | ⭐ SEJA RÁPIDO E GANHE UMA CAPA DE GRAÇA: !CAPA | 💘 INSTAGRAM: @EIMINE77 | !ajuda !rerun !sub !subgratis !loja,"['Minecraft', 'EiMine', 'Português', 'RecompensasEspetadores']",[],False
138,2025-04-01 20:12,MegeraBruna,pt,Sea of Thieves,Megera afunda ta on [+18] / !discord / !elo / !regras / !pix / !instagram/ !nick/ !Sorteio/ !clip/ !Sr /  !subathon,"['Português', 'valorant', 'gamergirl', 'fps', 'gamer']",[],False
138,2025-04-01 20:13,zCerejiinha,pt,VALORANT,"Ops, é a Cherry 🍒✨",['Português'],[],False
138,2025-04-01 20:13,ZAKl1k,pt,Minecraft,🟢 MINECRAFT | ⭐ GANHE ASSISTINDO | 🌟 REESTOQUE DIA 10 ou 16 às 18h | !loja !points !prime !sub,"['Português', 'Minecraft', 'RecompensasEspetadores']",[],False
138,2025-04-01 20:13,TonhoDLang,pt,Sea of Thieves,"PvP solo, só perco 😎| Streamer parceiro do @lendasdomar e CSoTBR 🏴‍☠️ !lendas !csotbr !platina","['Português', 'seaofthieves', 'PvP']",[],False
138,2025-04-01 20:13,Ishiro_Oninawa,pt,Titanfall 2,FPS DE QUALIDADE! Campanha de Titanfall 2!,['Português'],"['MatureGame', 'ProfanityVulgarity']",False
138,2025-04-01 20:13,sushikage__,pt,VALORANT,Boa noite com a Mariah,"['cozy', 'GAMERGIRL', 'VALORANT', 'HOLLOWKNIGHT', 'Português']",[],False
139,2025-04-01 20:22,SLKRETROZADA,pt,Counter-Strike,SUBATHON  LIVE INFINITA SERA  !CSGO.NET !vaquinha !otimização @matazera @pezingamer   @betaozera @GabzeraWZ,"['portugues', 'competitivo', 'proplayerPortuguês', 'proplayer', 'proplayer', 'CS2', 'cs2counterstrike2', 'cs2major', 'luqueta', 'subathon']",['MatureGame'],False
139,2025-04-01 20:22,MegeraBruna,pt,Sea of Thieves,Megera afunda ta on [+18] / !discord / !elo / !regras / !pix / !instagram/ !nick/ !Sorteio/ !clip/ !Sr /  !subathon,"['Português', 'valorant', 'gamergirl', 'fps', 'gamer']",[],False
139,2025-04-01 20:22,BrunoBalloni,pt,Counter-Strike,🔴RERUN!!!-> ❗csgocases ❗regraloja❗farm ❗sub ❗msg ❗loja,"['Português', 'fps', 'Brasil', 'counterstrike', 'cs', 'cs2', 'brazil']",['MatureGame'],False
139,2025-04-01 20:22,EiMine77,pt,Minecraft,✅ RECOMPENSAS ON! | ⭐ SEJA RÁPIDO E GANHE UMA CAPA DE GRAÇA: !CAPA | 💘 INSTAGRAM: @EIMINE77 | !ajuda !rerun !sub !subgratis !loja,"['Minecraft', 'EiMine', 'Português', 'RecompensasEspetadores']",[],False
139,2025-04-01 20:22,JujubaNeko,pt,Sea of Thieves,[PT/BR +18] QUERO CHOCOLATE 🍫 (XBOX SERIES S) - Código Epic JUJUBANEKO !cmds,"['Anime', 'MãeGamer', 'Brasil', 'Português', 'XboxSeriesS', 'PvP', 'Multiplayer', 'PvE', 'Aventura', 'Cooperativo']",['ProfanityVulgarity'],False
139,2025-04-01 20:22,zCerejiinha,pt,VALORANT,"Ops, é a Cherry 🍒✨",['Português'],[],False
139,2025-04-01 20:22,amoedohz,pt,Marvel Rivals,Rankeds Eternity - !pix !passegratis !discord,"['Português', 'DropsAtivados']",[],False
139,2025-04-01 20:22,Bastet,pt,Marvel Rivals,SUBASTETON DIA 220 !sub !pix !sociais,"['Português', 'DropsAtivados']",[],False
139,2025-04-01 20:23,Nitrao_,pt,Marvel Rivals,!DROPS  ESPANCANDO CLT 3? RANK DIAMANTE DPS TRy hard na ranked,"['Português', 'DropsAtivados']",[],False
140,2025-04-01 20:29,SLKRETROZADA,pt,Counter-Strike,SUBATHON  LIVE INFINITA SERA  !CSGO.NET !vaquinha !otimização @matazera @pezingamer   @betaozera @GabzeraWZ,"['portugues', 'competitivo', 'proplayerPortuguês', 'proplayer', 'proplayer', 'CS2', 'cs2counterstrike2', 'cs2major', 'luqueta', 'subathon']",['MatureGame'],False
140,2025-04-01 20:30,MegeraBruna,pt,Sea of Thieves,Megera afunda ta on [+18] / !discord / !elo / !regras / !pix / !instagram/ !nick/ !Sorteio/ !clip/ !Sr /  !subathon,"['Português', 'valorant', 'gamergirl', 'fps', 'gamer']",[],False
140,2025-04-01 20:30,BrunoBalloni,pt,Counter-Strike,🔴RERUN!!!-> ❗csgocases ❗regraloja❗farm ❗sub ❗msg ❗loja,"['Português', 'fps', 'Brasil', 'counterstrike', 'cs', 'cs2', 'brazil']",['MatureGame'],False
140,2025-04-01 20:30,EiMine77,pt,Minecraft,✅ RECOMPENSAS ON! | ⭐ SEJA RÁPIDO E GANHE UMA CAPA DE GRAÇA: !CAPA | 💘 INSTAGRAM: @EIMINE77 | !ajuda !rerun !sub !subgratis !loja,"['Minecraft', 'EiMine', 'Português', 'RecompensasEspetadores']",[],False
140,2025-04-01 20:30,JujubaNeko,pt,Sea of Thieves,[PT/BR +18] QUERO CHOCOLATE 🍫 (XBOX SERIES S) - Código Epic JUJUBANEKO !cmds,"['Anime', 'MãeGamer', 'Brasil', 'Português', 'XboxSeriesS', 'PvP', 'Multiplayer', 'PvE', 'Aventura', 'Cooperativo']",['ProfanityVulgarity'],False
140,2025-04-01 20:30,zCerejiinha,pt,VALORANT,"Ops, é a Cherry 🍒✨",['Português'],[],False
140,2025-04-01 20:30,JAQUEGEEK,pt,Call of Duty: Warzone,Rainha da Ressurgência/Fênix de Verdansk 👑 / Siga @JAQUEGEEK nas redes sociais !pix !armas,"['warzone', 'cod', 'fps', 'Português', 'espanhol']",['MatureGame'],False
140,2025-04-01 20:30,22minha,pt,Call of Duty: Warzone,Em Verdansk não VAI TER hackers.  !comandos !pix  ♥,"['Português', 'Mulher', 'Brasil', 'calldofduty', 'fps', 'BR', 'girl', 'divertido', 'Jaguatirica', 'TeenGamer']",['MatureGame'],False
140,2025-04-01 20:30,2t_tarta,pt,Call of Duty: Warzone,"Live Rápida....Vamos resenhar e trocar aquela ideia, pq a gameplay é horrível..","['Português', 'warzone', 'conversando', 'fps', 'calldofduty', 'Resenhando', 'bo6campaign', 'bo6campanha', 'Reposição']",['MatureGame'],True
141,2025-04-01 20:39,nasdas_off,fr,Just Chatting,CHIENNETE TV : LIVE A LA VILLA,"['Français', 'NASDAS', 'chiente', 'teamnasdas', 'fr', 'humour', 'nasdasoff']",[],False
141,2025-04-01 20:39,Lacy,en,Just Chatting,💗 LOVE IS IN THE EAR 💗 MARLON EDITION 💗 !com !po,['English'],[],False
141,2025-04-01 20:39,Mar3lg,en,Just Chatting,20v1 BUT LACY TELLS ME WHAT TO SAY!,['English'],[],False
141,2025-04-01 20:39,Agent00,en,Just Chatting,WAR TIME + AMP GET BACK + -1 HOUSE + AGENCY 23K SUBS,['English'],[],False
141,2025-04-01 20:39,zackrawrr,en,Schedule I,[DROPS ON] BIG DAY MORE SCHEDULE 1 HUGE DRAMA BIG NEWS+GAMES+REACTS AND MORE JOIN MY DISCORD !discord,['English'],['DebatedSocialIssuesAndPolitics'],False
141,2025-04-01 20:39,HasanAbi,en,Just Chatting,🚨LUIGI MANGIONE DEATH PENALTY?!🚨RIGHT WING DRAMA!!!!🚨TARIFF TIME TOMORROW!🚨🚨MARINE LE BAN LMAO!🚨,"['news', 'politics', 'adhd', 'English', 'GamerRage']",['DebatedSocialIssuesAndPolitics'],False
142,2025-04-02 00:04,EiMine77,pt,Minecraft,✅ RECOMPENSAS ON! | ⭐ SEJA RÁPIDO E GANHE UMA CAPA DE GRAÇA: !CAPA | 💘 INSTAGRAM: @EIMINE77 | !ajuda !rerun !sub !subgratis !loja,"['Minecraft', 'EiMine', 'Português', 'RecompensasEspetadores']",[],False
142,2025-04-02 00:04,guisobrevivente_,pt,Minecraft,[CAPE] jogando no mundo dos subs,"['minecraft', 'games', 'conversa', 'construcao', 'shaders', 'capa', 'Português', 'RecompensasEspetadores']",[],False
142,2025-04-02 00:04,BrunoBalloni,pt,Counter-Strike,🔴RERUN!!!-> ❗csgocases ❗regraloja❗farm ❗sub ❗msg ❗loja,"['Português', 'fps', 'Brasil', 'counterstrike', 'cs', 'cs2', 'brazil']",['MatureGame'],False
142,2025-04-02 00:04,ZAKl1k,pt,Minecraft,🟢 MINECRAFT | ⭐ GANHE ASSISTINDO | 🌟 REESTOQUE DIA 10 ou 16 às 18h | !loja !points !prime !sub,"['Português', 'Minecraft', 'RecompensasEspetadores']",[],False
142,2025-04-02 00:04,annadeneve,pt,R.E.P.O.,[DROPS ON] me conta uma mentira ai ♡ !clip !pix !discord !comandos,"['Mulher', 'bonita', 'engraçada', 'Português', 'ConversandoComOChat']",[],False
142,2025-04-02 00:04,Arkane,pt,Fortnite,🔥 DROPS ON 🔥  GRÁTIS ENVELOPAMENTO MK NO FORTNITE !drop - CODE: ARKANE #EpicPartner 🔥 !loja !pix !logitech !noping !youtube !cortes,"['Português', 'DropsAtivados']",[],True
142,2025-04-02 00:04,CamisLima77,pt,Minecraft,Hardcore diferenciado (+18),"['Português', 'minecraftmodpack', 'streameriniciante', 'girlgamer', 'girlstreaming', 'girlgamerontwitch', 'PIX', 'Pixelive', 'VALORANＴ', 'RecompensasEspetadores']",[],False
142,2025-04-02 00:04,Douglassola,pt,Just Chatting,É O BREKIIIIIII BOA NOITE REAGINO AS TRETA DOS MOTOBOY E NAO SEI MAIS OQ,"['Português', 'Douglassola']",[],False
142,2025-04-02 00:05,RenanPelisson,pt,Just Chatting,MARRAPAIZ❗️pix ❗️regras ❗️discord ❗️a,"['renan', 'alanzoka', 'Português', 'gostoso', 'tesudu', 'intelectual', 'English']",[],False
143,2025-04-02 00:12,EiMine77,pt,Minecraft,✅ RECOMPENSAS ON! | ⭐ SEJA RÁPIDO E GANHE UMA CAPA DE GRAÇA: !CAPA | 💘 INSTAGRAM: @EIMINE77 | !ajuda !rerun !sub !subgratis !loja,"['Minecraft', 'EiMine', 'Português', 'RecompensasEspetadores']",[],False
143,2025-04-02 00:12,guisobrevivente_,pt,Minecraft,[CAPE] jogando no mundo dos subs,"['minecraft', 'games', 'conversa', 'construcao', 'shaders', 'capa', 'Português', 'RecompensasEspetadores']",[],False
143,2025-04-02 00:12,BrunoBalloni,pt,Counter-Strike,🔴RERUN!!!-> ❗csgocases ❗regraloja❗farm ❗sub ❗msg ❗loja,"['Português', 'fps', 'Brasil', 'counterstrike', 'cs', 'cs2', 'brazil']",['MatureGame'],False
143,2025-04-02 00:12,ZAKl1k,pt,Minecraft,🟢 MINECRAFT | ⭐ GANHE ASSISTINDO | 🌟 REESTOQUE DIA 10 ou 16 às 18h | !loja !points !prime !sub,"['Português', 'Minecraft', 'RecompensasEspetadores']",[],False
143,2025-04-02 00:12,annadeneve,pt,R.E.P.O.,[DROPS ON] me conta uma mentira ai ♡ !clip !pix !discord !comandos,"['Mulher', 'bonita', 'engraçada', 'Português', 'ConversandoComOChat']",[],False
143,2025-04-02 00:12,Arkane,pt,Fortnite,🔥 DROPS ON 🔥  GRÁTIS ENVELOPAMENTO MK NO FORTNITE !drop - CODE: ARKANE #EpicPartner 🔥 !loja !pix !logitech !noping !youtube !cortes,"['Português', 'DropsAtivados']",[],True
143,2025-04-02 00:12,titanravena_,pt,Overwatch 2,Antes tarde do que nunca! Bora pra mais um dia! 💖 -❕pix ❕social❕ravenao❕lurk❕discord,"['Português', 'overwatch2', 'Competitive', 'PvP', 'XboxSeriesS', 'overwatchlivestream', 'overwatchwithfriends', 'overwatchgirl', 'girlgamers']",[],False
143,2025-04-02 00:12,Lilihenrii,pt,Overwatch 2,PRIMEIRO DE ABRILL !social,"['overwatch', 'Jogadoresiniciantes', 'LGBT', 'lifeisstrange', 'AMA', 'gamergirl', 'Mulher', 'Jogadacasual', 'Português', 'overwatch2']",[],False
143,2025-04-02 00:13,h1poison,pt,VALORANT,atualização no vava?,"['Português', 'valorant', 'fps', 'girl', 'leagueoflegends', 'lol', 'conversa', 'aventura', 'Poison']",[],False
144,2025-04-02 00:22,EiMine77,pt,Minecraft,✅ RECOMPENSAS ON! | ⭐ SEJA RÁPIDO E GANHE UMA CAPA DE GRAÇA: !CAPA | 💘 INSTAGRAM: @EIMINE77 | !ajuda !rerun !sub !subgratis !loja,"['Minecraft', 'EiMine', 'Português', 'RecompensasEspetadores']",[],False
144,2025-04-02 00:22,guisobrevivente_,pt,Minecraft,[CAPE] jogando no mundo dos subs,"['minecraft', 'games', 'conversa', 'construcao', 'shaders', 'capa', 'Português', 'RecompensasEspetadores']",[],False
144,2025-04-02 00:22,BrunoBalloni,pt,Counter-Strike,🔴RERUN!!!-> ❗csgocases ❗regraloja❗farm ❗sub ❗msg ❗loja,"['Português', 'fps', 'Brasil', 'counterstrike', 'cs', 'cs2', 'brazil']",['MatureGame'],False
144,2025-04-02 00:22,ZAKl1k,pt,Minecraft,🟢 MINECRAFT | ⭐ GANHE ASSISTINDO | 🌟 REESTOQUE DIA 10 ou 16 às 18h | !loja !points !prime !sub,"['Português', 'Minecraft', 'RecompensasEspetadores']",[],False
144,2025-04-02 00:23,annadeneve,pt,R.E.P.O.,[DROPS ON] me conta uma mentira ai ♡ !clip !pix !discord !comandos,"['Mulher', 'bonita', 'engraçada', 'Português', 'ConversandoComOChat']",[],False
144,2025-04-02 00:23,Arkane,pt,Fortnite,🔥 DROPS ON 🔥  GRÁTIS ENVELOPAMENTO MK NO FORTNITE !drop - CODE: ARKANE #EpicPartner 🔥 !loja !pix !logitech !noping !youtube !cortes,"['Português', 'DropsAtivados']",[],True
144,2025-04-02 00:23,guzzta23,pt,EA Sports FC 25,WL'S EM BUSCA DO RANK  1 E MITADA NESSE EVENTO ABSURDO!,['Português'],[],False
144,2025-04-02 00:23,LeoBold_,pt,EA Sports FC 25,EAFC 25 - Weekend League com Gullit e cia! !curso !youtube !social !discord,"['Português', 'eafc24', 'gameplay']",[],False
144,2025-04-02 00:23,andrecaveiragamer,pt,EA Sports FC 25,[PS5] TERMINANDO A WL E CUMPRINDO OBJETIVOS !PIX,"['Português', 'esportes', 'futebol', 'modocarreira', 'eafc24', 'EAFC', 'ultimateteam', 'WeekendLeague', 'proclubs', 'FC24PROCLUBS']",[],False
145,2025-04-02 00:34,EiMine77,pt,Minecraft,✅ RECOMPENSAS ON! | ⭐ SEJA RÁPIDO E GANHE UMA CAPA DE GRAÇA: !CAPA | 💘 INSTAGRAM: @EIMINE77 | !ajuda !rerun !sub !subgratis !loja,"['Minecraft', 'EiMine', 'Português', 'RecompensasEspetadores']",[],False
145,2025-04-02 00:34,BrunoBalloni,pt,Counter-Strike,🔴RERUN!!!-> ❗csgocases ❗regraloja❗farm ❗sub ❗msg ❗loja,"['Português', 'fps', 'Brasil', 'counterstrike', 'cs', 'cs2', 'brazil']",['MatureGame'],False
145,2025-04-02 00:34,guisobrevivente_,pt,Minecraft,[CAPE] jogando no mundo dos subs,"['minecraft', 'games', 'conversa', 'construcao', 'shaders', 'capa', 'Português', 'RecompensasEspetadores']",[],False
145,2025-04-02 00:34,naatfps,pt,Grand Theft Auto V,[FLOW/Beckham] dia de cobranças  !livepix       @naatfps,"['FiveM', 'Português', 'Valorant', 'GTA', 'cpx', 'complexo', 'rp']",['MatureGame'],False
145,2025-04-02 00:34,annadeneve,pt,R.E.P.O.,[DROPS ON] me conta uma mentira ai ♡ !clip !pix !discord !comandos,"['Mulher', 'bonita', 'engraçada', 'Português', 'ConversandoComOChat']",[],False
145,2025-04-02 00:35,ZAKl1k,pt,Minecraft,🟢 MINECRAFT | ⭐ GANHE ASSISTINDO | 🌟 REESTOQUE DIA 10 ou 16 às 18h | !loja !points !prime !sub,"['Português', 'Minecraft', 'RecompensasEspetadores']",[],False
145,2025-04-02 00:35,ClovaoRP,pt,Counter-Strike,"(+18)🍀 SORTEIO MENSAL🍀 MAIS DE R$ 5000,00 EM SKINS !loja, !topskin, !insane, !mira, !sensi, !bomba","['jogos', 'Português', 'CS2', 'skins', 'sorteio', 'giveaway']",['MatureGame'],False
145,2025-04-02 00:35,JapaDaMydiSkins,pt,Counter-Strike,É grátis os 20 sorteios por live mais de R$16.000 em skins !play para participar,"['Português', 'CounterStriker2', 'risada', 'engraçado', 'skinscsgo', 'skinsgratis', 'sorteiodeskins']",['MatureGame'],False
145,2025-04-02 00:35,Saullo,pt,Counter-Strike,ABRINDO 300x CAIXAS NOVAS no CS:2 + DIA CORINGA DE 331 MIL REAIS + DEPÓSITO NA CONTA DE VOCÊS + SORTEIO 100 DÓLARES (AO VIVO),"['Português', 'skinscsgo', 'CSGO', 'SORTEIO', 'PIX', 'SKINS', 'FPS', 'Brasil', 'CS2', 'cs2beta']",['MatureGame'],True
146,2025-04-02 04:03,iShadowWolf_,pt,Sea of Thieves,(+18) Livezinha Muito Doida!   ||   (❗comandos ❗metas ❗drops)   ||   (Epic Code: SHADOWOLF),['Português'],[],False
146,2025-04-02 04:03,EiMine77,pt,Minecraft,✅ RECOMPENSAS ON! | ⭐ SEJA RÁPIDO E GANHE UMA CAPA DE GRAÇA: !CAPA | 💘 INSTAGRAM: @EIMINE77 | !ajuda !rerun !sub !subgratis !loja,"['Minecraft', 'EiMine', 'Português', 'RecompensasEspetadores']",[],False
146,2025-04-02 04:03,BrunoBalloni,pt,Counter-Strike,🔴RERUN!!!-> ❗csgocases ❗regraloja❗farm ❗sub ❗msg ❗loja,"['Português', 'fps', 'Brasil', 'counterstrike', 'cs', 'cs2', 'brazil']",['MatureGame'],False
146,2025-04-02 04:03,naatfps,pt,Grand Theft Auto V,[FLOW/Beckham] dia de cobranças  !livepix       @naatfps,"['FiveM', 'Português', 'Valorant', 'GTA', 'cpx', 'complexo', 'rp']",['MatureGame'],False
146,2025-04-02 04:03,morenageek,pt,Fortnite,"(+18) Dormi, acordei, vamos até amanhecer!","['Fortnite', 'GirlPlayer', 'PS5LiveStream', 'ControlerGaming', 'Português', 'DropsAtivados']",[],False
146,2025-04-02 04:03,ZAKl1k,pt,Minecraft,🟢 MINECRAFT | ⭐ GANHE ASSISTINDO | 🌟 REESTOQUE DIA 10 ou 16 às 18h | !loja !points !prime !sub,"['Português', 'Minecraft', 'RecompensasEspetadores']",[],False
146,2025-04-02 04:04,CuecaDoAvesso,pt,Marvel Rivals,Marvel Rivals sem chat!!!,['Português'],[],False
146,2025-04-02 04:04,xsunreyx,es,Fortnite,☀️Primer stream de ABRIL ☀️ Cenamos Jugamos y platicamos,"['Español', 'LGBTQIAPIus', 'everyonewelcome', 'marvelrivals', 'overwatch2', 'LatamStreamer', 'Mexico', 'Overｗatch2', 'Fortnite', 'PlayingwWithViewers']",[],False
146,2025-04-02 04:04,Katachi_____,pt,Overwatch 2,| +18 | Será que terei paz hoje? Se pa?,['Português'],['ProfanityVulgarity'],False
147,2025-04-02 04:15,iShadowWolf_,pt,Sea of Thieves,(+18) Livezinha Muito Doida!   ||   (❗comandos ❗metas ❗drops)   ||   (Epic Code: SHADOWOLF),['Português'],[],False
147,2025-04-02 04:15,EiMine77,pt,Minecraft,✅ RECOMPENSAS ON! | ⭐ SEJA RÁPIDO E GANHE UMA CAPA DE GRAÇA: !CAPA | 💘 INSTAGRAM: @EIMINE77 | !ajuda !rerun !sub !subgratis !loja,"['Minecraft', 'EiMine', 'Português', 'RecompensasEspetadores']",[],False
147,2025-04-02 04:15,BrunoBalloni,pt,Counter-Strike,🔴RERUN!!!-> ❗csgocases ❗regraloja❗farm ❗sub ❗msg ❗loja,"['Português', 'fps', 'Brasil', 'counterstrike', 'cs', 'cs2', 'brazil']",['MatureGame'],False
147,2025-04-02 04:15,naatfps,pt,Grand Theft Auto V,[FLOW/Beckham] dia de cobranças  !livepix       @naatfps,"['FiveM', 'Português', 'Valorant', 'GTA', 'cpx', 'complexo', 'rp']",['MatureGame'],False
147,2025-04-02 04:15,SLKRETROZADA,pt,Counter-Strike,SUBATHON  LIVE INFINITA SERA  !CSGO.NET !vaquinha !otimização @matazera @pezingamer   @betaozera @GabzeraWZ,"['portugues', 'competitivo', 'proplayerPortuguês', 'proplayer', 'proplayer', 'CS2', 'cs2counterstrike2', 'cs2major', 'luqueta', 'subathon']",['MatureGame'],False
147,2025-04-02 04:16,morenageek,pt,Fortnite,"(+18) Dormi, acordei, vamos até amanhecer!","['Fortnite', 'GirlPlayer', 'PS5LiveStream', 'ControlerGaming', 'Português', 'DropsAtivados']",[],False
147,2025-04-02 04:16,Liiamxt,pt,Grand Theft Auto V,"+18  CHEFE DOS MORADORES DA FRANÇA, ONLINE E ROTEANDO !!! EP. 45 (METROPOLE)","['Português', 'liam', 'GrandTheftAutoV', 'GTARP', 'metropolegg', 'metropole', 'frança', 'françapkrl', 'francapkrlh', 'franca']",['MatureGame'],False
147,2025-04-02 04:16,Dede,pt,Just Chatting,PAPITHON DIA 42 -  cuuuuuuuuida,['Português'],[],False
147,2025-04-02 04:16,joaozin,pt,VALORANT,RANKED RADIANTE | SUBATHON INEDITO DIA 05/04 | ESTAMOS TOP 60 | !pix !ban,"['Português', 'English']",[],False
148,2025-04-02 04:25,iShadowWolf_,pt,Sea of Thieves,(+18) Livezinha Muito Doida!   ||   (❗comandos ❗metas ❗drops)   ||   (Epic Code: SHADOWOLF),['Português'],[],False
148,2025-04-02 04:25,EiMine77,pt,Minecraft,✅ RECOMPENSAS ON! | ⭐ SEJA RÁPIDO E GANHE UMA CAPA DE GRAÇA: !CAPA | 💘 INSTAGRAM: @EIMINE77 | !ajuda !rerun !sub !subgratis !loja,"['Minecraft', 'EiMine', 'Português', 'RecompensasEspetadores']",[],False
148,2025-04-02 04:25,naatfps,pt,Grand Theft Auto V,[FLOW/Beckham] dia de cobranças  !livepix       @naatfps,"['FiveM', 'Português', 'Valorant', 'GTA', 'cpx', 'complexo', 'rp']",['MatureGame'],False
148,2025-04-02 04:25,BrunoBalloni,pt,Counter-Strike,🔴RERUN!!!-> ❗csgocases ❗regraloja❗farm ❗sub ❗msg ❗loja,"['Português', 'fps', 'Brasil', 'counterstrike', 'cs', 'cs2', 'brazil']",['MatureGame'],False
148,2025-04-02 04:25,miinagames_,pt,Grand Theft Auto V,+18 [ HOLLYWOODRP ] CONSTÂNCIA E 100% FOCO - GERENTE DA FRANÇA  🇫🇷  !PIX !SUB,"['português', 'metropole', 'metropolegg', 'gtarp', 'CDA', 'RP', 'Português']",['MatureGame'],False
148,2025-04-02 04:25,SLKRETROZADA,pt,Counter-Strike,SUBATHON  LIVE INFINITA SERA  !CSGO.NET !vaquinha !otimização @matazera @pezingamer   @betaozera @GabzeraWZ,"['portugues', 'competitivo', 'proplayerPortuguês', 'proplayer', 'proplayer', 'CS2', 'cs2counterstrike2', 'cs2major', 'luqueta', 'subathon']",['MatureGame'],False
149,2025-04-02 08:01,iShadowWolf_,pt,Fortnite,(+18) Livezinha Muito Doida!   ||   (❗comandos ❗metas ❗drops)   ||   (Epic Code: SHADOWOLF),"['Português', 'DropsAtivados']",[],False
149,2025-04-02 08:01,cisinha,pt,VALORANT,ta frio ai???,"['mulher', 'animada', 'Português', 'valorant']",['ProfanityVulgarity'],False
149,2025-04-02 08:02,EiMine77,pt,Minecraft,✅ RECOMPENSAS ON! | ⭐ SEJA RÁPIDO E GANHE UMA CAPA DE GRAÇA: !CAPA | 💘 INSTAGRAM: @EIMINE77 | !ajuda !rerun !sub !subgratis !loja,"['Minecraft', 'EiMine', 'Português', 'RecompensasEspetadores']",[],False
149,2025-04-02 08:02,anj0_d0_infern0,pt,Call of Duty,🔞🍄Warzonou🍄🔞,"['guerra', 'fps', 'vaga', 'Português']",[],False
149,2025-04-02 08:02,morenageek,pt,Fortnite,"(+18) Dormi, acordei, vamos até amanhecer!","['Fortnite', 'GirlPlayer', 'PS5LiveStream', 'ControlerGaming', 'Português', 'DropsAtivados']",[],False
149,2025-04-02 08:02,NYKAGAMER_,pt,Fortnite,bora ou num bora❗️LIVEPIX ❗️Onlyfans ❗️Comandos ❗️Discord ❗️Clip,"['Fortnite', 'Português', 'Mulher', 'brasil', 'Español', '한국어', 'Русский', '漢語', 'ภาษาไทย', '日本語']",[],False
149,2025-04-02 08:02,GoldenGunnTV,pt,33 Immortals,"BORA GRINDAR O 33 IMMORTALS, RUMO AO PURGATÓRIO - !DONATE - !PIX - !YOUTUBE - #SEJASUB.","['Português', 'fps', 'gameplay', 'Portugal', 'Brasil', 'Reposição', 'DropsAtivados']",[],True
149,2025-04-02 08:02,CarecaSincero,pt,R.E.P.O.,"!LOJA R.E.P.O Pegar dinheiro e tomar susto, coisa boa!","['English', 'FARMPIX', 'PIX', 'loja', 'Português', 'DropsAtivados', 'monsterhunterwilds']",[],False
149,2025-04-02 08:02,gabitriiste,pt,Dead by Daylight,[+18 ] 2 MES DE SUBATHON   - AULAS DE TROLLAGEM  !pix !subathon !discord !comandos,"['Português', 'batepapo', 'jogos', 'deadbbydaylight', 'LGBTQIAPlus', 'subathon', 'English', 'Reposição', 'IntoTheFog', 'LOUD']",['MatureGame'],True
150,2025-04-02 08:09,iShadowWolf_,pt,Fortnite,(+18) Livezinha Muito Doida!   ||   (❗comandos ❗metas ❗drops)   ||   (Epic Code: SHADOWOLF),"['Português', 'DropsAtivados']",[],False
150,2025-04-02 08:09,SLKRETROZADA,pt,Counter-Strike,SUBATHON  LIVE INFINITA SERA  !CSGO.NET !vaquinha !otimização @matazera @pezingamer   @betaozera @GabzeraWZ,"['portugues', 'competitivo', 'proplayerPortuguês', 'proplayer', 'proplayer', 'CS2', 'cs2counterstrike2', 'cs2major', 'luqueta', 'subathon']",['MatureGame'],False
150,2025-04-02 08:09,BrunoBalloni,pt,Counter-Strike,🔴RERUN!!!-> ❗csgocases ❗regraloja❗farm ❗sub ❗msg ❗loja,"['Português', 'fps', 'Brasil', 'counterstrike', 'cs', 'cs2', 'brazil']",['MatureGame'],False
150,2025-04-02 08:09,EiMine77,pt,Minecraft,✅ RECOMPENSAS ON! | ⭐ SEJA RÁPIDO E GANHE UMA CAPA DE GRAÇA: !CAPA | 💘 INSTAGRAM: @EIMINE77 | !ajuda !rerun !sub !subgratis !loja,"['Minecraft', 'EiMine', 'Português', 'RecompensasEspetadores']",[],False
150,2025-04-02 08:09,aatonz,pt,Sea of Thieves,🟢🟡DROPS ON🟡🟢Ae Kassinãão é SABADAAAÇO!! Pode até chover e relampejar HOJE EU VOU PIRATEAAR!!VAMOoO!! PROMOÇÃO na TWITCH!!! BOM DIA!!,"['casual', 'engraçado', 'pirata', 'English', 'Português', 'Yoda', 'Gaules', 'giveaway', 'alanzoka']",[],False
150,2025-04-02 08:09,NYKAGAMER_,pt,Fortnite,bora ou num bora❗️LIVEPIX ❗️Onlyfans ❗️Comandos ❗️Discord ❗️Clip,"['Fortnite', 'Português', 'Mulher', 'brasil', 'Español', '한국어', 'Русский', '漢語', 'ภาษาไทย', '日本語']",[],False
151,2025-04-02 08:17,iShadowWolf_,pt,Fortnite,(+18) Livezinha Muito Doida!   ||   (❗comandos ❗metas ❗drops)   ||   (Epic Code: SHADOWOLF),"['Português', 'DropsAtivados']",[],False
151,2025-04-02 08:17,EiMine77,pt,Minecraft,✅ RECOMPENSAS ON! | ⭐ SEJA RÁPIDO E GANHE UMA CAPA DE GRAÇA: !CAPA | 💘 INSTAGRAM: @EIMINE77 | !ajuda !rerun !sub !subgratis !loja,"['Minecraft', 'EiMine', 'Português', 'RecompensasEspetadores']",[],False
151,2025-04-02 08:17,BrunoBalloni,pt,Counter-Strike,🔴RERUN!!!-> ❗csgocases ❗regraloja❗farm ❗sub ❗msg ❗loja,"['Português', 'fps', 'Brasil', 'counterstrike', 'cs', 'cs2', 'brazil']",['MatureGame'],False
151,2025-04-02 08:17,aatonz,pt,Sea of Thieves,🟢🟡DROPS ON🟡🟢Ae Kassinãão é SABADAAAÇO!! Pode até chover e relampejar HOJE EU VOU PIRATEAAR!!VAMOoO!! PROMOÇÃO na TWITCH!!! BOM DIA!!,"['casual', 'engraçado', 'pirata', 'English', 'Português', 'Yoda', 'Gaules', 'giveaway', 'alanzoka']",[],False
151,2025-04-02 08:17,NYKAGAMER_,pt,Fortnite,bora ou num bora❗️LIVEPIX ❗️Onlyfans ❗️Comandos ❗️Discord ❗️Clip,"['Fortnite', 'Português', 'Mulher', 'brasil', 'Español', '한국어', 'Русский', '漢語', 'ภาษาไทย', '日本語']",[],False
151,2025-04-02 08:17,morenageek,pt,Fortnite,"(+18) Dormi, acordei, vamos até amanhecer!","['Fortnite', 'GirlPlayer', 'PS5LiveStream', 'ControlerGaming', 'Português', 'DropsAtivados']",[],False
151,2025-04-02 08:17,gargalhadarj,pt,Just Chatting,IRL DORMINDO NO BAR  @vGuizao @Marcove @diegogelio_ !pixgg,['Português'],[],False
151,2025-04-02 08:17,velhovamp,pt,Kings League,👑 Kings League BRASIL! ⚽ - RR -  !livepix !youtube !neshastore !ggdrop !planilha,['Português'],[],False
151,2025-04-02 08:18,duffyfps,pt,Counter-Strike,LIVE TODOS OS DIAS às 8 da manhã. !csgobig !clashgg,"['duffy', 'los', 'LosGrandes', 'CS2', 'Português']",['MatureGame'],False
152,2025-04-02 12:02,SLKRETROZADA,pt,Counter-Strike,SUBATHON  LIVE INFINITA SERA  !CSGO.NET !vaquinha !otimização @matazera @pezingamer   @betaozera,"['portugues', 'competitivo', 'proplayerPortuguês', 'proplayer', 'proplayer', 'CS2', 'cs2counterstrike2', 'cs2major', 'luqueta', 'subathon']",['MatureGame'],False
152,2025-04-02 12:02,BrunoBalloni,pt,Counter-Strike,🔴RERUN!!!-> ❗csgocases ❗regraloja❗farm ❗sub ❗msg ❗loja,"['Português', 'fps', 'Brasil', 'counterstrike', 'cs', 'cs2', 'brazil']",['MatureGame'],False
152,2025-04-02 12:02,EiMine77,pt,Minecraft,✅ RECOMPENSAS ON! | ⭐ SEJA RÁPIDO E GANHE UMA CAPA DE GRAÇA: !CAPA | 💘 INSTAGRAM: @EIMINE77 | !ajuda !rerun !sub !subgratis !loja,"['Minecraft', 'EiMine', 'Português', 'RecompensasEspetadores']",[],False
152,2025-04-02 12:02,MegeraBruna,pt,VALORANT,"Meu Limão, Meu Limoeiro [+18] / !discord / !elo / !regras / !pix / !instagram/ !nick/ !Sorteio/ !clip/ !Sr /  !subathon","['Português', 'valorant', 'gamergirl', 'fps', 'gamer']",[],False
152,2025-04-02 12:02,CORALtv_,pt,Fortnite,DROPS ON 🔥 JOGANDO COM O CHAT ✨ FARM VBUCKS ASSISTINDO A LIVE !LOJA ❤️ USE CODE: CORALTV #AD ✨!PIX !RESGATE !JOGAR !DROPS,"['Português', 'Fortnite', 'sorteio', 'VbucksGrátis', 'sorteios', 'vbucks', 'jogandocomespectadores', 'DropsAtivados']",[],False
152,2025-04-02 12:02,NYKAGAMER_,pt,Fortnite,bora ou num bora❗️LIVEPIX ❗️Onlyfans ❗️Comandos ❗️Discord ❗️Clip,"['Fortnite', 'Português', 'Mulher', 'brasil', 'Español', '한국어', 'Русский', '漢語', 'ภาษาไทย', '日本語']",[],False
152,2025-04-02 12:02,f0rsakenwOw,pt,VALORANT,"DEMONIO , SEM ADS NA !LOCO — !loco !pix !lojaeg",['Português'],[],False
152,2025-04-02 12:03,guigzvlr,pt,VALORANT,IFOOD NO VALORANT. ENTREGANDO A MARMITA PRO TIME!  !EXITLAG --- | !sub !parcerias !growth !tadala !soldado !bonoxs,['Português'],[],False
152,2025-04-02 12:03,furq,pt,VALORANT,DIFERENTE DOS IGUAIS ➡️ !farmskins !pix !tapamassagem !bonoxs,"['FPS', 'Português', 'valorant', 'radiante']",[],False
153,2025-04-02 12:13,SLKRETROZADA,pt,Counter-Strike,SUBATHON  LIVE INFINITA SERA  !CSGO.NET !vaquinha !otimização @matazera @pezingamer   @betaozera,"['portugues', 'competitivo', 'proplayerPortuguês', 'proplayer', 'proplayer', 'CS2', 'cs2counterstrike2', 'cs2major', 'luqueta', 'subathon']",['MatureGame'],False
153,2025-04-02 12:14,MegeraBruna,pt,VALORANT,"Meu Limão, Meu Limoeiro [+18] / !discord / !elo / !regras / !pix / !instagram/ !nick/ !Sorteio/ !clip/ !Sr /  !subathon","['Português', 'valorant', 'gamergirl', 'fps', 'gamer']",[],False
153,2025-04-02 12:14,BrunoBalloni,pt,Counter-Strike,🔴RERUN!!!-> ❗csgocases ❗regraloja❗farm ❗sub ❗msg ❗loja,"['Português', 'fps', 'Brasil', 'counterstrike', 'cs', 'cs2', 'brazil']",['MatureGame'],False
153,2025-04-02 12:14,EiMine77,pt,Minecraft,✅ RECOMPENSAS ON! | ⭐ SEJA RÁPIDO E GANHE UMA CAPA DE GRAÇA: !CAPA | 💘 INSTAGRAM: @EIMINE77 | !ajuda !rerun !sub !subgratis !loja,"['Minecraft', 'EiMine', 'Português', 'RecompensasEspetadores']",[],False
153,2025-04-02 12:14,CORALtv_,pt,Fortnite,DROPS ON 🔥 JOGANDO COM O CHAT ✨ FARM VBUCKS ASSISTINDO A LIVE !LOJA ❤️ USE CODE: CORALTV #AD ✨!PIX !RESGATE !JOGAR !DROPS,"['Português', 'Fortnite', 'sorteio', 'VbucksGrátis', 'sorteios', 'vbucks', 'jogandocomespectadores', 'DropsAtivados']",[],False
153,2025-04-02 12:14,NYKAGAMER_,pt,Fortnite,bora ou num bora❗️LIVEPIX ❗️Onlyfans ❗️Comandos ❗️Discord ❗️Clip,"['Fortnite', 'Português', 'Mulher', 'brasil', 'Español', '한국어', 'Русский', '漢語', 'ภาษาไทย', '日本語']",[],False
153,2025-04-02 12:14,SKMVAN,pt,Fortnite,👑VEM JOGAR COMIGO👑SE INSCREVA PARA O CAMP👑SAVE THE DATE 12/04💲APOIE O CODE SKMVAN💲GANHE VBUCKS E PERIFÉRICOS NA MINHA LOJINHA💲,"['AMA', 'fairplay', 'Competitivo', 'gamergirl', 'InclusiveSpace', 'LojinhaON', 'subathon', 'FarmVBucks', 'Jogandocomespectadores', 'campeonato']",[],False
153,2025-04-02 12:14,Kowalski_gameplay,pt,Fortnite,BOM DIA E BORA DE JOGATINA!!! - LIVE +18 - CODE: KOWALSKIGAMEPLAY,"['AMA', 'Jogandocomespectadores', 'jogandocomamigos', 'Português', 'Jogandocomespectadores', 'jogandocomochat', 'fortnite', 'fortnitezerobuild', 'ZeroBuildFortnite']",[],False
153,2025-04-02 12:14,Pedro017Yt,pt,Fortnite,(❗DROPS ON) FORTNITE + RESGATE ITENS ASSISTINDO A LIVE (loja) 🍉!PIX 🍉,"['Português', 'Fortnite', 'Jogandocomespectadores', 'DropsEnable', 'DropsAtivados']",[],False
154,2025-04-02 12:22,MegeraBruna,pt,VALORANT,"Meu Limão, Meu Limoeiro [+18] / !discord / !elo / !regras / !pix / !instagram/ !nick/ !Sorteio/ !clip/ !Sr /  !subathon","['Português', 'valorant', 'gamergirl', 'fps', 'gamer']",[],False
154,2025-04-02 12:22,NYKAGAMER_,pt,Fortnite,bora ou num bora❗️LIVEPIX ❗️Onlyfans ❗️Comandos ❗️Discord ❗️Clip,"['Fortnite', 'Português', 'Mulher', 'brasil', 'Español', '한국어', 'Русский', '漢語', 'ภาษาไทย', '日本語']",[],False
154,2025-04-02 12:22,CORALtv_,pt,Fortnite,DROPS ON 🔥 JOGANDO COM O CHAT ✨ FARM VBUCKS ASSISTINDO A LIVE !LOJA ❤️ USE CODE: CORALTV #AD ✨!PIX !RESGATE !JOGAR !DROPS,"['Português', 'Fortnite', 'sorteio', 'VbucksGrátis', 'sorteios', 'vbucks', 'jogandocomespectadores', 'DropsAtivados']",[],False
154,2025-04-02 12:22,morenageek,pt,Fortnite,"(+18) Dormi, acordei, vamos até amanhecer!","['Fortnite', 'GirlPlayer', 'PS5LiveStream', 'ControlerGaming', 'Português', 'DropsAtivados']",[],False
154,2025-04-02 12:22,BrunoBalloni,pt,Counter-Strike,🔴RERUN!!!-> ❗csgocases ❗regraloja❗farm ❗sub ❗msg ❗loja,"['Português', 'fps', 'Brasil', 'counterstrike', 'cs', 'cs2', 'brazil']",['MatureGame'],False
154,2025-04-02 12:22,aatonz,pt,Sea of Thieves,!!HEY PIRATE!! Enquanto tem bambu tem flecha!! Casamento amanha! despedida de solteiro hoje!! VAMOKERE!!! BOM DIA!!,"['casual', 'engraçado', 'pirata', 'English', 'Português', 'Yoda', 'Gaules', 'giveaway', 'alanzoka']",[],False
154,2025-04-02 12:23,ApenasUmBr_,pt,League of Legends,GM yasuo SoloQ ou arena,"['Português', 'Yasuo', 'chill']",[],False
154,2025-04-02 12:23,Inefavel1,pt,League of Legends,PROJETO CAMILLE INICIADO ✅🤠🕹 !projeto  !7TV -  !pix !coach !rank1 !build !comandos !duo,"['leagueofflegends', 'LOL', 'AATROX', 'CHALLENGER', 'CAMILLE', 'Português']",[],False
154,2025-04-02 12:23,revysesh,pt,League of Legends,"se eles tira onda, eu tiro tsunami 🌊","['LOL', 'Português', 'yuumi', 'leagueoflegends', 'zed', 'Talon', 'Katarina', 'peel', 'Janna', 'Assassin']",[],False
155,2025-04-02 12:32,MegeraBruna,pt,VALORANT,"Meu Limão, Meu Limoeiro [+18] / !discord / !elo / !regras / !pix / !instagram/ !nick/ !Sorteio/ !clip/ !Sr /  !subathon","['Português', 'valorant', 'gamergirl', 'fps', 'gamer']",[],False
155,2025-04-02 12:32,CORALtv_,pt,Fortnite,DROPS ON 🔥 JOGANDO COM O CHAT ✨ FARM VBUCKS ASSISTINDO A LIVE !LOJA ❤️ USE CODE: CORALTV #AD ✨!PIX !RESGATE !JOGAR !DROPS,"['Português', 'Fortnite', 'sorteio', 'VbucksGrátis', 'sorteios', 'vbucks', 'jogandocomespectadores', 'DropsAtivados']",[],False
155,2025-04-02 12:32,morenageek,pt,Fortnite,"(+18) Dormi, acordei, vamos até amanhecer!","['Fortnite', 'GirlPlayer', 'PS5LiveStream', 'ControlerGaming', 'Português', 'DropsAtivados']",[],False
155,2025-04-02 12:32,BrunoBalloni,pt,Counter-Strike,🔴RERUN!!!-> ❗csgocases ❗regraloja❗farm ❗sub ❗msg ❗loja,"['Português', 'fps', 'Brasil', 'counterstrike', 'cs', 'cs2', 'brazil']",['MatureGame'],False
155,2025-04-02 12:32,yunizinhafps,pt,Grand Theft Auto V,+18 DIVISA RP YUNI EM BUSCA DA VERDADE / COBRA,"['Português', 'coringarp', 'GTARPLIVE', 'datenarp', 'gtavrproleplay', 'ＧTA5', 'gtandTheftAutoV', 'ComplexoRP', 'redbeiramar', 'paulinhooloko']",['MatureGame'],False
155,2025-04-02 12:32,aatonz,pt,Sea of Thieves,!!HEY PIRATE!! Enquanto tem bambu tem flecha!! Casamento amanha! despedida de solteiro hoje!! VAMOKERE!!! BOM DIA!!,"['casual', 'engraçado', 'pirata', 'English', 'Português', 'Yoda', 'Gaules', 'giveaway', 'alanzoka']",[],False
155,2025-04-02 12:32,RaffaTV,pt,Grand Theft Auto V,+18 [Summer RP] COMANDO Beirah em QAP No Primeiro dia. 🔥❗️girou ❗️comandos ❗️discord ❗️morte ❗️insta,"['Português', 'GTARP', 'FiveM', 'RP', 'Fortnite']",['MatureGame'],False
155,2025-04-02 12:33,rubytv__,pt,Just Chatting,+18 | IRL hora de almoco quero conversar,"['diversão', 'Português', 'valorant', 'METROPOLE', 'RP', 'GTARPFIVEM']",[],True
155,2025-04-02 12:33,marcobc,pt,Grand Theft Auto V,[Code RP] Presidente Angels of Death ❗livepix ❗Pix ❗meta ❗code,['Português'],['MatureGame'],False
156,2025-04-02 16:02,MegeraBruna,pt,VALORANT,"Meu Limão, Meu Limoeiro [+18] / !discord / !elo / !regras / !pix / !instagram/ !nick/ !Sorteio/ !clip/ !Sr /  !subathon","['Português', 'valorant', 'gamergirl', 'fps', 'gamer']",[],False
156,2025-04-02 16:02,yunizinhafps,pt,Grand Theft Auto V,+18 DIVISA RP YUNI EM BUSCA DA VERDADE / COBRA,"['Português', 'coringarp', 'GTARPLIVE', 'datenarp', 'gtavrproleplay', 'ＧTA5', 'gtandTheftAutoV', 'ComplexoRP', 'redbeiramar', 'paulinhooloko']",['MatureGame'],False
156,2025-04-02 16:02,Hairzinho,pt,EA Sports FC 25,RIVALS NA SEC EM BUSCA DA DIV ELITE + DME'S E PRO CLUBS DOS BRO! + !GRUPO + !PARCERIA !REDES !TIKTOK,"['ULTIMATETEAM', 'RAGE', 'ENGRACADO', 'PACKS', 'COMPETITIVO', 'Português', 'Brasil', 'WeekendLeague', 'Portugal', 'Reposição']",[],False
156,2025-04-02 16:02,BrunoBalloni,pt,Counter-Strike,🔴RERUN!!!-> ❗csgocases ❗regraloja❗farm ❗sub ❗msg ❗loja,"['Português', 'fps', 'Brasil', 'counterstrike', 'cs', 'cs2', 'brazil']",['MatureGame'],False
156,2025-04-02 16:02,morenageek,pt,Fortnite,"(+18) Dormi, acordei, vamos até amanhecer!","['Fortnite', 'GirlPlayer', 'PS5LiveStream', 'ControlerGaming', 'Português', 'DropsAtivados']",[],False
156,2025-04-02 16:02,CORALtv_,pt,Marvel Rivals,DROPS ON 🔥 JOGANDO COM O CHAT ✨ FARM VBUCKS ASSISTINDO A LIVE !LOJA ❤️ USE CODE: CORALTV #AD ✨!PIX !RESGATE !JOGAR !DROPS,"['Português', 'Fortnite', 'sorteio', 'VbucksGrátis', 'sorteios', 'vbucks', 'jogandocomespectadores', 'DropsAtivados']",[],False
156,2025-04-02 16:02,catarina_vbr,pt,Stardew Valley,Live #34 ✦ PLATINANDO STARDEW ✦ ❗pix ❗discord ✦ (+18) ✦,"['Brasil', 'Conversação', 'PC', 'Mulher', 'Português', 'tiktok', 'fofoca', 'tiktok', 'instagram']",['ProfanityVulgarity'],False
156,2025-04-02 16:02,WesleyCaribe,pt,Sea of Thieves,🇧🇷🇵🇹🏴‍☠️Porque SoT não é caótico o suficiente...,"['Português', 'bemorepirate']",[],False
156,2025-04-02 16:02,alienz1nha,pt,VALORANT,pré treino,"['Português', 'VALORANＴ', 'fps', 'subathon']",[],False
157,2025-04-02 16:13,MegeraBruna,pt,VALORANT,"Meu Limão, Meu Limoeiro [+18] / !discord / !elo / !regras / !pix / !instagram/ !nick/ !Sorteio/ !clip/ !Sr /  !subathon","['Português', 'valorant', 'gamergirl', 'fps', 'gamer']",[],False
157,2025-04-02 16:13,Hairzinho,pt,EA Sports FC 25,RIVALS NA SEC EM BUSCA DA DIV ELITE + DME'S E PRO CLUBS DOS BRO! + !GRUPO + !PARCERIA !REDES !TIKTOK,"['ULTIMATETEAM', 'RAGE', 'ENGRACADO', 'PACKS', 'COMPETITIVO', 'Português', 'Brasil', 'WeekendLeague', 'Portugal', 'Reposição']",[],False
157,2025-04-02 16:13,yunizinhafps,pt,Grand Theft Auto V,+18 DIVISA RP YUNI EM BUSCA DA VERDADE / COBRA,"['Português', 'coringarp', 'GTARPLIVE', 'datenarp', 'gtavrproleplay', 'ＧTA5', 'gtandTheftAutoV', 'ComplexoRP', 'redbeiramar', 'paulinhooloko']",['MatureGame'],False
157,2025-04-02 16:13,BrunoBalloni,pt,Counter-Strike,🔴RERUN!!!-> ❗csgocases ❗regraloja❗farm ❗sub ❗msg ❗loja,"['Português', 'fps', 'Brasil', 'counterstrike', 'cs', 'cs2', 'brazil']",['MatureGame'],False
157,2025-04-02 16:13,aatonz,pt,Fortnite,!!🟢🟡DROPS ON🟡🟢!! Enquanto tem bambu tem flecha!! Casamento amanha! despedida de solteiro hoje!! VAMOKERE!!! BOM DIA!!,"['casual', 'engraçado', 'pirata', 'English', 'Português', 'Yoda', 'Gaules', 'giveaway', 'alanzoka', 'DropsAtivados']",[],False
157,2025-04-02 16:13,CORALtv_,pt,Marvel Rivals,DROPS ON 🔥 JOGANDO COM O CHAT ✨ FARM VBUCKS ASSISTINDO A LIVE !LOJA ❤️ USE CODE: CORALTV #AD ✨!PIX !RESGATE !JOGAR !DROPS,"['Português', 'Fortnite', 'sorteio', 'VbucksGrátis', 'sorteios', 'vbucks', 'jogandocomespectadores', 'DropsAtivados']",[],False
157,2025-04-02 16:13,uaimarilia,pt,Grand Theft Auto V,[PRODIGYRP] Bonnie | Striper e Ladra de carrinhos (mais tarde tem cop) | Live rapidinha  ➜ Comandos: ❗comandos,"['nopixel', 'nopixelsa', 'np', 'GTA', 'roleplay', '4life', 'rp', 'complexo', 'cda', 'pubg']",['MatureGame'],False
157,2025-04-02 16:13,Teteia,pt,inZOI,Cheguei chegando bagunçando a zorra toda - !social,"['Português', 'English', 'Brasil', 'LGBT', 'Gato', 'fofoca', 'Rage', 'Chatting', 'games']",[],False
157,2025-04-02 16:13,BugaJohn,pt,Grand Theft Auto V,"TO ON, poderoso??? | 2025 ❤ | ❗youtube ❗tiktok","['Português', 'react', 'games', 'Bomba', 'terror', 'roça', 'vivokeydstars']",['MatureGame'],False
158,2025-04-02 16:21,MegeraBruna,pt,VALORANT,"Meu Limão, Meu Limoeiro [+18] / !discord / !elo / !regras / !pix / !instagram/ !nick/ !Sorteio/ !clip/ !Sr /  !subathon","['Português', 'valorant', 'gamergirl', 'fps', 'gamer']",[],False
158,2025-04-02 16:21,Hairzinho,pt,EA Sports FC 25,RIVALS NA SEC EM BUSCA DA DIV ELITE + DME'S E PRO CLUBS DOS BRO! + !GRUPO + !PARCERIA !REDES !TIKTOK,"['ULTIMATETEAM', 'RAGE', 'ENGRACADO', 'PACKS', 'COMPETITIVO', 'Português', 'Brasil', 'WeekendLeague', 'Portugal', 'Reposição']",[],False
158,2025-04-02 16:21,yunizinhafps,pt,Grand Theft Auto V,+18 DIVISA RP YUNI EM BUSCA DA VERDADE / COBRA,"['Português', 'coringarp', 'GTARPLIVE', 'datenarp', 'gtavrproleplay', 'ＧTA5', 'gtandTheftAutoV', 'ComplexoRP', 'redbeiramar', 'paulinhooloko']",['MatureGame'],False
158,2025-04-02 16:21,BrunoBalloni,pt,Counter-Strike,🔴RERUN!!!-> ❗csgocases ❗regraloja❗farm ❗sub ❗msg ❗loja,"['Português', 'fps', 'Brasil', 'counterstrike', 'cs', 'cs2', 'brazil']",['MatureGame'],False
158,2025-04-02 16:22,CORALtv_,pt,Marvel Rivals,DROPS ON 🔥 JOGANDO COM O CHAT ✨ FARM VBUCKS ASSISTINDO A LIVE !LOJA ❤️ USE CODE: CORALTV #AD ✨!PIX !RESGATE !JOGAR !DROPS,"['Português', 'Fortnite', 'sorteio', 'VbucksGrátis', 'sorteios', 'vbucks', 'jogandocomespectadores', 'DropsAtivados']",[],False
158,2025-04-02 16:22,EiMine77,pt,Minecraft,✅ RECOMPENSAS ON! | ⭐ SEJA RÁPIDO E GANHE UMA CAPA DE GRAÇA: !CAPA | 💘 INSTAGRAM: @EIMINE77 | !ajuda !rerun !sub !subgratis !loja,"['Minecraft', 'EiMine', 'Português', 'RecompensasEspetadores']",[],False
159,2025-04-02 20:01,Hairzinho,pt,EA Sports FC 25,RIVALS NA SEC EM BUSCA DA DIV ELITE + DME'S E PRO CLUBS DOS BRO! + !GRUPO + !PARCERIA !REDES !TIKTOK,"['ULTIMATETEAM', 'RAGE', 'ENGRACADO', 'PACKS', 'COMPETITIVO', 'Português', 'Brasil', 'WeekendLeague', 'Portugal', 'Reposição']",[],False
159,2025-04-02 20:01,MegeraBruna,pt,VALORANT,"Meu Limão, Meu Limoeiro [+18] / !discord / !elo / !regras / !pix / !instagram/ !nick/ !Sorteio/ !clip/ !Sr /  !subathon","['Português', 'valorant', 'gamergirl', 'fps', 'gamer']",[],False
159,2025-04-02 20:01,JujubaNeko,pt,Sea of Thieves,[PT/BR +18] DEMOREI... MAS CHEGUEI (XBOX SERIES S) - Código Epic JUJUBANEKO !cmds,"['Anime', 'MãeGamer', 'Brasil', 'Português', 'XboxSeriesS', 'PvP', 'Multiplayer', 'PvE', 'Aventura', 'Cooperativo']",['ProfanityVulgarity'],False
159,2025-04-02 20:02,BrunoBalloni,pt,Counter-Strike,🔴RERUN!!!-> ❗csgocases ❗regraloja❗farm ❗sub ❗msg ❗loja,"['Português', 'fps', 'Brasil', 'counterstrike', 'cs', 'cs2', 'brazil']",['MatureGame'],False
159,2025-04-02 20:02,Cherry_Enxaqueca,pt,Fortnite,[+18] DROP ativo na feijoquarta - 💖 Fortnite e PCG ✨✨✨✨,"['FortniteStreamer', 'fortnıte', 'English', 'humor', '18plus', 'AsianGamer', 'girlstreamer', 'PCG', 'PokemonCommunityGame', 'TDAH']",[],False
159,2025-04-02 20:02,EiMine77,pt,Minecraft,✅ RECOMPENSAS ON! | ⭐ SEJA RÁPIDO E GANHE UMA CAPA DE GRAÇA: !CAPA | 💘 INSTAGRAM: @EIMINE77 | !ajuda !rerun !sub !subgratis !loja,"['Minecraft', 'EiMine', 'Português', 'RecompensasEspetadores']",[],False
159,2025-04-02 20:02,sushikage__,pt,VALORANT,Boa noite com a Mariah,"['cozy', 'GAMERGIRL', 'VALORANT', 'HOLLOWKNIGHT', 'Português']",[],False
159,2025-04-02 20:02,sam_xtreme,pt,Just Chatting,"⚡ Café, Games e Caos – O Combo Perfeito! Vem jogar e se divertir comigo. !Discord !Pix !Social !Sr",['Português'],[],False
159,2025-04-02 20:02,Ghousxt,pt,VALORANT,❗META| INIMIGO DAS RANKEADAS!👻APOIADORES ESCOLHEM PERSONAGENS!!,"['Português', 'crossfire', 'Vtuber', 'VtuberBR', 'bloodstrike', 'Cosplay', 'VALORANＴ', 'subathon', 'Competitivo']",[],False
160,2025-04-02 20:11,MegeraBruna,pt,VALORANT,"Meu Limão, Meu Limoeiro [+18] / !discord / !elo / !regras / !pix / !instagram/ !nick/ !Sorteio/ !clip/ !Sr /  !subathon","['Português', 'valorant', 'gamergirl', 'fps', 'gamer']",[],False
160,2025-04-02 20:11,Hairzinho,pt,EA Sports FC 25,RIVALS NA SEC EM BUSCA DA DIV ELITE + DME'S E PRO CLUBS DOS BRO! + !GRUPO + !PARCERIA !REDES !TIKTOK,"['ULTIMATETEAM', 'RAGE', 'ENGRACADO', 'PACKS', 'COMPETITIVO', 'Português', 'Brasil', 'WeekendLeague', 'Portugal', 'Reposição']",[],False
160,2025-04-02 20:11,JujubaNeko,pt,Sea of Thieves,[PT/BR +18] DEMOREI... MAS CHEGUEI (XBOX SERIES S) - Código Epic JUJUBANEKO !cmds,"['Anime', 'MãeGamer', 'Brasil', 'Português', 'XboxSeriesS', 'PvP', 'Multiplayer', 'PvE', 'Aventura', 'Cooperativo']",['ProfanityVulgarity'],False
160,2025-04-02 20:11,BrunoBalloni,pt,Counter-Strike,🔴RERUN!!!-> ❗csgocases ❗regraloja❗farm ❗sub ❗msg ❗loja,"['Português', 'fps', 'Brasil', 'counterstrike', 'cs', 'cs2', 'brazil']",['MatureGame'],False
160,2025-04-02 20:11,Cherry_Enxaqueca,pt,Fortnite,[+18] DROP ativo na feijoquarta - 💖 Fortnite e PCG ✨✨✨✨,"['FortniteStreamer', 'fortnıte', 'English', 'humor', '18plus', 'AsianGamer', 'girlstreamer', 'PCG', 'PokemonCommunityGame', 'TDAH']",[],False
160,2025-04-02 20:11,Tianegamer,pt,Grand Theft Auto V,[FLOW RP] Hp on e reunião >.<  CODIGUIM,['Português'],['MatureGame'],False
160,2025-04-02 20:11,Dilascio_,pt,Marvel Rivals,(drops on) o famoso grind,"['Português', 'Competitivo', 'Conversa', 'top500', 'overwatch', 'English', 'DropsAtivados']",[],False
160,2025-04-02 20:11,thzinnxl1,pt,Counter-Strike,🟢AO VIVO - cszin de cria - (PT/BR] (+18) !sens !mira !codigos !elo !res,['Português'],['MatureGame'],False
160,2025-04-02 20:11,amoedohz,pt,Marvel Rivals,Rankeds Eternity - !pix !passegratis !discord,"['Português', 'DropsAtivados']",[],False
161,2025-04-02 20:22,MegeraBruna,pt,VALORANT,"Meu Limão, Meu Limoeiro [+18] / !discord / !elo / !regras / !pix / !instagram/ !nick/ !Sorteio/ !clip/ !Sr /  !subathon","['Português', 'valorant', 'gamergirl', 'fps', 'gamer']",[],False
161,2025-04-02 20:22,Hairzinho,pt,EA Sports FC 25,RIVALS NA SEC EM BUSCA DA DIV ELITE + DME'S E PRO CLUBS DOS BRO! + !GRUPO + !PARCERIA !REDES !TIKTOK,"['ULTIMATETEAM', 'RAGE', 'ENGRACADO', 'PACKS', 'COMPETITIVO', 'Português', 'Brasil', 'WeekendLeague', 'Portugal', 'Reposição']",[],False
161,2025-04-02 20:22,JujubaNeko,pt,Sea of Thieves,[PT/BR +18] DEMOREI... MAS CHEGUEI (XBOX SERIES S) - Código Epic JUJUBANEKO !cmds,"['Anime', 'MãeGamer', 'Brasil', 'Português', 'XboxSeriesS', 'PvP', 'Multiplayer', 'PvE', 'Aventura', 'Cooperativo']",['ProfanityVulgarity'],False
161,2025-04-02 20:22,hyoba,pt,VALORANT,DEPRESSAO ????❗COMANDOS ❗PIX ❗PINOU,"['Português', 'leagueoflegeneds', 'valorant']",['ProfanityVulgarity'],False
161,2025-04-02 20:22,Cherry_Enxaqueca,pt,Fortnite,[+18] DROP ativo na feijoquarta - 💖 Fortnite e PCG ✨✨✨✨,"['FortniteStreamer', 'fortnıte', 'English', 'humor', '18plus', 'AsianGamer', 'girlstreamer', 'PCG', 'PokemonCommunityGame', 'TDAH']",[],False
161,2025-04-02 20:23,BrunoBalloni,pt,Counter-Strike,🔴RERUN!!!-> ❗csgocases ❗regraloja❗farm ❗sub ❗msg ❗loja,"['Português', 'fps', 'Brasil', 'counterstrike', 'cs', 'cs2', 'brazil']",['MatureGame'],False
161,2025-04-02 20:23,suuckmydragon,pt,League of Legends,Dia 7 aprendendo a jogar lol. Dia 4 de ranqueada,['Português'],[],False
161,2025-04-02 20:23,jeeystormborn,pt,League of Legends,SE INSCREVA NO CAMP DE X1 COM PREMIAÇÃO |  !rifa | !pix,"['JogandoComOsEspectadores', 'Rock', 'Emo', 'Geek', 'Bipolar', 'LGBT', 'Português']",['ProfanityVulgarity'],True
161,2025-04-02 20:23,sushikage__,pt,VALORANT,Boa noite com a Mariah,"['cozy', 'GAMERGIRL', 'VALORANT', 'HOLLOWKNIGHT', 'Português']",[],False
162,2025-04-02 20:31,MegeraBruna,pt,VALORANT,"Meu Limão, Meu Limoeiro [+18] / !discord / !elo / !regras / !pix / !instagram/ !nick/ !Sorteio/ !clip/ !Sr /  !subathon","['Português', 'valorant', 'gamergirl', 'fps', 'gamer']",[],False
162,2025-04-02 20:31,Hairzinho,pt,EA Sports FC 25,RIVALS NA SEC EM BUSCA DA DIV ELITE + DME'S E PRO CLUBS DOS BRO! + !GRUPO + !PARCERIA !REDES !TIKTOK,"['ULTIMATETEAM', 'RAGE', 'ENGRACADO', 'PACKS', 'COMPETITIVO', 'Português', 'Brasil', 'WeekendLeague', 'Portugal', 'Reposição']",[],False
162,2025-04-02 20:32,JujubaNeko,pt,Sea of Thieves,[PT/BR +18] DEMOREI... MAS CHEGUEI (XBOX SERIES S) - Código Epic JUJUBANEKO !cmds,"['Anime', 'MãeGamer', 'Brasil', 'Português', 'XboxSeriesS', 'PvP', 'Multiplayer', 'PvE', 'Aventura', 'Cooperativo']",['ProfanityVulgarity'],False
162,2025-04-02 20:32,miguelitodoarrocha,pt,EA Sports FC 25,💥copa dos streamers Rodada 2 - Miguelito x Brit 21h30 !! - bem vindos a live Do Miguelito,"['Português', 'Portugal', 'Competitivo', 'resenha', 'Resenhando', 'ultimateteam', 'fifa', 'EAFC', 'eafc25', 'eafcsports']",[],False
162,2025-04-02 20:32,hyoba,pt,VALORANT,DEPRESSAO ????❗COMANDOS ❗PIX ❗PINOU,"['Português', 'leagueoflegeneds', 'valorant']",['ProfanityVulgarity'],False
162,2025-04-02 20:32,Cherry_Enxaqueca,pt,Fortnite,[+18] DROP ativo na feijoquarta - 💖 Fortnite e PCG ✨✨✨✨,"['FortniteStreamer', 'fortnıte', 'English', 'humor', '18plus', 'AsianGamer', 'girlstreamer', 'PCG', 'PokemonCommunityGame', 'TDAH']",[],False
162,2025-04-02 20:32,alanzoka,pt,Games + Demos,jogos eletronicos - jogo: the movies,"['Idoso', 'Gostoso', 'Português']",['MatureGame'],False
162,2025-04-02 20:32,mount,pt,Schedule I,56 / NAR CO LE GAS! | !alura | !vlog,['Português'],['MatureGame'],False
162,2025-04-02 20:32,brino,pt,Just Chatting,AO VIVO > STRAY KIDS NO BRASIL  > me segue no insta @brino !lives,['Português'],[],False
163,2025-04-02 20:39,loud_coringa,pt,Just Chatting,estamos pra jogo,['Português'],[],False
163,2025-04-02 20:40,miguelitodoarrocha,pt,EA Sports FC 25,💥copa dos streamers Rodada 2 - Miguelito x Brit 21h30 !! - bem vindos a live Do Miguelito,"['Português', 'Portugal', 'Competitivo', 'resenha', 'Resenhando', 'ultimateteam', 'fifa', 'EAFC', 'eafc25', 'eafcsports']",[],False
163,2025-04-02 20:40,Cherry_Enxaqueca,pt,Fortnite,[+18] DROP ativo na feijoquarta - 💖 Fortnite e PCG ✨✨✨✨,"['FortniteStreamer', 'fortnıte', 'English', 'humor', '18plus', 'AsianGamer', 'girlstreamer', 'PCG', 'PokemonCommunityGame', 'TDAH']",[],False
163,2025-04-02 20:40,Lollbits,pt,Marvel Rivals,GRIND ABOVE ALL,"['Português', 'DropsAtivados']",['ProfanityVulgarity'],False
163,2025-04-02 20:40,MegeraBruna,pt,VALORANT,"Meu Limão, Meu Limoeiro [+18] / !discord / !elo / !regras / !pix / !instagram/ !nick/ !Sorteio/ !clip/ !Sr /  !subathon","['Português', 'valorant', 'gamergirl', 'fps', 'gamer']",[],False
163,2025-04-02 20:40,JujubaNeko,pt,Sea of Thieves,[PT/BR +18] DEMOREI... MAS CHEGUEI (XBOX SERIES S) - Código Epic JUJUBANEKO !cmds,"['Anime', 'MãeGamer', 'Brasil', 'Português', 'XboxSeriesS', 'PvP', 'Multiplayer', 'PvE', 'Aventura', 'Cooperativo']",['ProfanityVulgarity'],False
163,2025-04-02 20:40,jessventurinelives,pt,Grand Theft Auto V,SEM RUMO E SEM DIREÇÃO !PIX !DISCORD !INSTA,"['GTARP', 'gta', 'fivem', 'girl', 'OasisRP', 'Português']",['MatureGame'],False
163,2025-04-02 20:40,NatanXL16,pt,Grand Theft Auto V,[FLOW RP] GUERRAAAAAAAAAA  !! || 01 DA REAL BECKS  || LIVE DA GRITARIA  +18 || ❗ PIX ❗ INSTA ❗ CODIGUINHO SUB ❗,['Português'],['MatureGame'],False
163,2025-04-02 20:40,LudiFps,pt,Grand Theft Auto V,{+18 OASISRP} Mika on  !pix !discord,"['Português', 'GTARP']",['MatureGame'],False
164,2025-04-03 00:02,EiMine77,pt,Minecraft,✅ RECOMPENSAS ON! | ⭐ SEJA RÁPIDO E GANHE UMA CAPA DE GRAÇA: !CAPA | 💘 INSTAGRAM: @EIMINE77 | !ajuda !rerun !sub !subgratis !loja,"['Minecraft', 'EiMine', 'Português', 'RecompensasEspetadores']",[],False
164,2025-04-03 00:02,BrunoBalloni,pt,Counter-Strike,🔴RERUN!!!-> ❗csgocases ❗regraloja❗farm ❗sub ❗msg ❗loja,"['Português', 'fps', 'Brasil', 'counterstrike', 'cs', 'cs2', 'brazil']",['MatureGame'],False
164,2025-04-03 00:02,Lollbits,pt,Marvel Rivals,ME DIVERTINDO NA SMURF,"['Português', 'DropsAtivados']",['ProfanityVulgarity'],False
164,2025-04-03 00:02,LevithTheZ,pt,Grand Theft Auto V,"Prodigy Brasil  | K. ast,  dia 13 | Live Parte 02 | !kick !pix !social !youtube","['Português', 'fps', 'marvelrivals']",['MatureGame'],False
164,2025-04-03 00:02,loud_coringa,pt,Grand Theft Auto V,estamos pra jogo,['Português'],['MatureGame'],False
164,2025-04-03 00:02,guisobrevivente_,pt,Minecraft,[CAPE] jogando mine survival raiz,"['minecraft', 'games', 'conversa', 'construcao', 'shaders', 'capa', 'Português', 'RecompensasEspetadores']",[],False
164,2025-04-03 00:02,amoedohz,pt,Marvel Rivals,Rankeds Eternity - !pix !passegratis !discord,"['Português', 'DropsAtivados']",[],False
164,2025-04-03 00:02,patrickcam,en,Marvel Rivals,TOP 1 BR -  1# SPIDER-MAN GLOBAL (PC TA D VOLTA!),"['English', 'portuguêsptbr', 'DropsEnabled']",[],False
164,2025-04-03 00:02,Riyuuka,pt,Honkai: Star Rail,♡ React e Jogos ♡ REDES: @riyuuka ♡ ~!hoje ~!loki ~!calendario,"['Português', 'DroppsEnabled']",['ProfanityVulgarity'],False
165,2025-04-03 00:11,EiMine77,pt,Minecraft,✅ RECOMPENSAS ON! | ⭐ SEJA RÁPIDO E GANHE UMA CAPA DE GRAÇA: !CAPA | 💘 INSTAGRAM: @EIMINE77 | !ajuda !rerun !sub !subgratis !loja,"['Minecraft', 'EiMine', 'Português', 'RecompensasEspetadores']",[],False
165,2025-04-03 00:12,BrunoBalloni,pt,Counter-Strike,🔴RERUN!!!-> ❗csgocases ❗regraloja❗farm ❗sub ❗msg ❗loja,"['Português', 'fps', 'Brasil', 'counterstrike', 'cs', 'cs2', 'brazil']",['MatureGame'],False
165,2025-04-03 00:12,guisobrevivente_,pt,Minecraft,[CAPE] jogando mine survival raiz,"['minecraft', 'games', 'conversa', 'construcao', 'shaders', 'capa', 'Português', 'RecompensasEspetadores']",[],False
165,2025-04-03 00:12,LevithTheZ,pt,Grand Theft Auto V,"Prodigy Brasil  | K. ast,  dia 13 | Live Parte 02 | !kick !pix !social !youtube","['Português', 'fps', 'marvelrivals']",['MatureGame'],False
165,2025-04-03 00:12,h1poison,pt,VALORANT,vavazildo e depois joguinho diff novamente (inmost),"['Português', 'valorant', 'fps', 'girl', 'leagueoflegends', 'lol', 'conversa', 'aventura', 'Poison']",[],False
165,2025-04-03 00:12,oeebibi,pt,Fortnite,"[+18] Eii, veeeeeeem, bora papear e joga 💖","['Português', 'wildirift', 'riotgames', 'DropsAtivados']",[],False
165,2025-04-03 00:12,unitycryan,en,Z-Pilot,not now,['English'],[],False
165,2025-04-03 00:12,Cabelo182,pt,League of Legends,ELOQUEENS FECHADO COM CABELISMO AS 23:30!! cabelo337+10% rops na doação!! Mande mensagem em livepix.gg/cabelo182 !youtube !livepix,"['Português', 'Reposição', 'Ragnarök', 'TDAH', '182', 'MMORPG']",[],False
165,2025-04-03 00:12,akinorifly,en,Grand Theft Auto V,✅GTA 5 MISSION GAMEPLAY✅Rerun,['English'],['MatureGame'],False
166,2025-04-03 00:22,EiMine77,pt,Minecraft,✅ RECOMPENSAS ON! | ⭐ SEJA RÁPIDO E GANHE UMA CAPA DE GRAÇA: !CAPA | 💘 INSTAGRAM: @EIMINE77 | !ajuda !rerun !sub !subgratis !loja,"['Minecraft', 'EiMine', 'Português', 'RecompensasEspetadores']",[],False
166,2025-04-03 00:22,BrunoBalloni,pt,Counter-Strike,🔴RERUN!!!-> ❗csgocases ❗regraloja❗farm ❗sub ❗msg ❗loja,"['Português', 'fps', 'Brasil', 'counterstrike', 'cs', 'cs2', 'brazil']",['MatureGame'],False
166,2025-04-03 00:22,guisobrevivente_,pt,Minecraft,[CAPE] jogando mine survival raiz,"['minecraft', 'games', 'conversa', 'construcao', 'shaders', 'capa', 'Português', 'RecompensasEspetadores']",[],False
166,2025-04-03 00:22,LevithTheZ,pt,Grand Theft Auto V,"Prodigy Brasil  | K. ast,  dia 13 | Live Parte 02 | !kick !pix !social !youtube","['Português', 'fps', 'marvelrivals']",['MatureGame'],False
166,2025-04-03 00:22,h1poison,pt,VALORANT,vavazildo e depois joguinho diff novamente (inmost),"['Português', 'valorant', 'fps', 'girl', 'leagueoflegends', 'lol', 'conversa', 'aventura', 'Poison']",[],False
166,2025-04-03 00:22,VioletKill,pt,Overwatch 2,!DROPS || MINI LITTLE BABY DVA || !SORTEIO,"['LGBT', 'mulher', 'gamergirl', 'FPs', 'LGBTQIA', 'TDAH', 'Português', 'giveaway', 'DropsEnabeled', 'drops']",[],False
166,2025-04-03 00:22,oclenis,pt,Grand Theft Auto V,+18 RPZADA,"['Português', 'Reposição']",['MatureGame'],True
166,2025-04-03 00:22,LuquEt4,pt,Grand Theft Auto V,🔥RED BEIRAMAR🔥TAMO ON! REVOLTADO COM TUDO! BROTA,"['Português', 'luqueta', 'gta', 'luquet4']",['MatureGame'],True
166,2025-04-03 00:22,mesquitalivee,pt,League of Legends,+18 VEM PRA LIVE DO YUYU !discord !pix,"['Reposição', 'Português']",[],False
167,2025-04-03 00:31,EiMine77,pt,Minecraft,✅ RECOMPENSAS ON! | ⭐ SEJA RÁPIDO E GANHE UMA CAPA DE GRAÇA: !CAPA | 💘 INSTAGRAM: @EIMINE77 | !ajuda !rerun !sub !subgratis !loja,"['Minecraft', 'EiMine', 'Português', 'RecompensasEspetadores']",[],False
167,2025-04-03 00:31,BrunoBalloni,pt,Counter-Strike,🔴RERUN!!!-> ❗csgocases ❗regraloja❗farm ❗sub ❗msg ❗loja,"['Português', 'fps', 'Brasil', 'counterstrike', 'cs', 'cs2', 'brazil']",['MatureGame'],False
167,2025-04-03 00:31,guisobrevivente_,pt,Minecraft,[CAPE] jogando mine survival raiz,"['minecraft', 'games', 'conversa', 'construcao', 'shaders', 'capa', 'Português', 'RecompensasEspetadores']",[],False
167,2025-04-03 00:31,LevithTheZ,pt,Grand Theft Auto V,"Prodigy Brasil  | K. ast,  dia 13 | Live Parte 02 | !kick !pix !social !youtube","['Português', 'fps', 'marvelrivals']",['MatureGame'],False
167,2025-04-03 00:31,loud_coringa,pt,Grand Theft Auto V,estamos pra jogo,['Português'],['MatureGame'],False
167,2025-04-03 00:32,h1poison,pt,VALORANT,vavazildo e depois joguinho diff novamente (inmost),"['Português', 'valorant', 'fps', 'girl', 'leagueoflegends', 'lol', 'conversa', 'aventura', 'Poison']",[],False
167,2025-04-03 00:32,GUAXILOL1,pt,League of Legends: Wild Rift,BOA NOITE A TODYS !mu !eneba !smurfs,"['Português', 'VLAD', 'rank1', 'top1', 'Vladimir', 'Challenger', 'chall', 'celulol', 'wildirift']",['ProfanityVulgarity'],False
167,2025-04-03 00:32,gomeszeraaa,pt,League of Legends,unranked soloq,"['nidalee', 'talon', 'chad', 'jungle', 'challenger', 'esquizofrenia', 'depressao', 'leesin', 'Português', 'ekko']",[],False
167,2025-04-03 00:32,L9_Hikikomori,pt,Just Chatting,pegando mestre final de season,"['Português', 'L9', 'Kassadin', 'Qiyana', 'Vtuber']",[],False
168,2025-04-03 04:01,iShadowWolf_,pt,Sea of Thieves,(+18) Livezinha Muito Doida!   ||   (❗comandos ❗metas ❗drops)   ||   (Epic Code: SHADOWOLF),['Português'],[],False
168,2025-04-03 04:01,BrunoBalloni,pt,Counter-Strike,🔴RERUN!!!-> ❗csgocases ❗regraloja❗farm ❗sub ❗msg ❗loja,"['Português', 'fps', 'Brasil', 'counterstrike', 'cs', 'cs2', 'brazil']",['MatureGame'],False
168,2025-04-03 04:01,EiMine77,pt,Minecraft,✅ RECOMPENSAS ON! | ⭐ SEJA RÁPIDO E GANHE UMA CAPA DE GRAÇA: !CAPA | 💘 INSTAGRAM: @EIMINE77 | !ajuda !rerun !sub !subgratis !loja,"['Minecraft', 'EiMine', 'Português', 'RecompensasEspetadores']",[],False
168,2025-04-03 04:02,LevithTheZ,pt,Grand Theft Auto V,"Prodigy Brasil  | K. ast,  dia 13 | Live Parte 02 | !kick !pix !social !youtube","['Português', 'fps', 'marvelrivals']",['MatureGame'],False
168,2025-04-03 04:02,Saullo,pt,Counter-Strike,SORTEIO MENSAL 150 MIL REAIS EM SKINS HOJE + DEPÓSITO NA CONTA DE VOCÊS + SORTEIO 100 DÓLARES (AO VIVO),"['Português', 'skinscsgo', 'CSGO', 'SORTEIO', 'PIX', 'SKINS', 'FPS', 'Brasil', 'CS2', 'cs2beta']",['MatureGame'],True
168,2025-04-03 04:02,LetizaTV,pt,Just Chatting,Sinais | !pix,['Português'],[],False
168,2025-04-03 04:02,Naflava,pt,League of Legends,SoloQ sem tilt  🖤  !meta !pix !nnayas,"['Português', 'Mulher', 'girl', 'TDAH', 'drepressao', 'emo', 'fps']",[],False
168,2025-04-03 04:02,ASennan,pt,VALORANT,(+18) ✨Quintou com muito amor || !verificado !subathon !loja !meta !desejos !pix !redes !asenna || @asennan,"['jogajunto', 'girls', 'rankeada', 'Português', 'lgbt', 'live', 'pedintevirtual', 'mulhergamer', 'egirlgamer', 'mulheresnatwitch']",['ProfanityVulgarity'],False
168,2025-04-03 04:02,secgamers,pt,The Texas Chain Saw Massacre,@secgamers: Ei?! ta de bobeira? Deixa o Lurk ai po...,"['batepapo', 'gameplay', 'Português', 'Retro', 'fps', 'ASMR', 'Retro']",['MatureGame'],False
169,2025-04-03 04:13,iShadowWolf_,pt,Sea of Thieves,(+18) Livezinha Muito Doida!   ||   (❗comandos ❗metas ❗drops)   ||   (Epic Code: SHADOWOLF),['Português'],[],False
169,2025-04-03 04:13,BrunoBalloni,pt,Counter-Strike,🔴RERUN!!!-> ❗csgocases ❗regraloja❗farm ❗sub ❗msg ❗loja,"['Português', 'fps', 'Brasil', 'counterstrike', 'cs', 'cs2', 'brazil']",['MatureGame'],False
169,2025-04-03 04:13,EiMine77,pt,Minecraft,✅ RECOMPENSAS ON! | ⭐ SEJA RÁPIDO E GANHE UMA CAPA DE GRAÇA: !CAPA | 💘 INSTAGRAM: @EIMINE77 | !ajuda !rerun !sub !subgratis !loja,"['Minecraft', 'EiMine', 'Português', 'RecompensasEspetadores']",[],False
169,2025-04-03 04:13,LevithTheZ,pt,Grand Theft Auto V,"Prodigy Brasil  | K. ast,  dia 13 | Live Parte 02 | !kick !pix !social !youtube","['Português', 'fps', 'marvelrivals']",['MatureGame'],False
169,2025-04-03 04:13,Saullo,pt,Counter-Strike,SORTEIO MENSAL 150 MIL REAIS EM SKINS HOJE + DEPÓSITO NA CONTA DE VOCÊS + SORTEIO 100 DÓLARES (AO VIVO),"['Português', 'skinscsgo', 'CSGO', 'SORTEIO', 'PIX', 'SKINS', 'FPS', 'Brasil', 'CS2', 'cs2beta']",['MatureGame'],True
169,2025-04-03 04:14,LetizaTV,pt,Just Chatting,Sinais | !pix,['Português'],[],False
170,2025-04-03 04:25,iShadowWolf_,pt,Sea of Thieves,(+18) Livezinha Muito Doida!   ||   (❗comandos ❗metas ❗drops)   ||   (Epic Code: SHADOWOLF),['Português'],[],False
170,2025-04-03 04:25,BrunoBalloni,pt,Counter-Strike,🔴RERUN!!!-> ❗csgocases ❗regraloja❗farm ❗sub ❗msg ❗loja,"['Português', 'fps', 'Brasil', 'counterstrike', 'cs', 'cs2', 'brazil']",['MatureGame'],False
170,2025-04-03 04:25,EiMine77,pt,Minecraft,✅ RECOMPENSAS ON! | ⭐ SEJA RÁPIDO E GANHE UMA CAPA DE GRAÇA: !CAPA | 💘 INSTAGRAM: @EIMINE77 | !ajuda !rerun !sub !subgratis !loja,"['Minecraft', 'EiMine', 'Português', 'RecompensasEspetadores']",[],False
170,2025-04-03 04:25,Saullo,pt,Counter-Strike,SORTEIO MENSAL 150 MIL REAIS EM SKINS HOJE + DEPÓSITO NA CONTA DE VOCÊS + SORTEIO 100 DÓLARES (AO VIVO),"['Português', 'skinscsgo', 'CSGO', 'SORTEIO', 'PIX', 'SKINS', 'FPS', 'Brasil', 'CS2', 'cs2beta']",['MatureGame'],True
170,2025-04-03 04:25,LetizaTV,pt,Just Chatting,Sinais | !pix,['Português'],[],False
170,2025-04-03 04:25,Teiedo,pt,EA Sports FC 25,"BRASILEIRÃO MODO CARREIRA, SERIE C AO TOPO!! DIA 1 !PIX","['Português', 'brasil', 'carioca', 'react', 'reagindo', 'rio', 'rj', 'FIFA', 'EAFC25', 'fifa25']",[],False
170,2025-04-03 04:25,ClovaoBengala,pt,League of Legends,BASICAMENTE É ISSO QUE TA PRA JOGO !loco !rag !pix !ad !social,"['Português', 'League', 'leagueoflegeneds', 'lol', 'jogos']",[],True
170,2025-04-03 04:25,Ayellol,pt,League of Legends,🟠LIVE SEM AD NA !loco 🟠 | !loco !ragnarok !discord !pix !cortes !multi,['Português'],[],True
171,2025-04-03 04:34,iShadowWolf_,pt,Sea of Thieves,(+18) Livezinha Muito Doida!   ||   (❗comandos ❗metas ❗drops)   ||   (Epic Code: SHADOWOLF),['Português'],[],False
171,2025-04-03 04:34,BrunoBalloni,pt,Counter-Strike,🔴RERUN!!!-> ❗csgocases ❗regraloja❗farm ❗sub ❗msg ❗loja,"['Português', 'fps', 'Brasil', 'counterstrike', 'cs', 'cs2', 'brazil']",['MatureGame'],False
171,2025-04-03 04:34,EiMine77,pt,Minecraft,✅ RECOMPENSAS ON! | ⭐ SEJA RÁPIDO E GANHE UMA CAPA DE GRAÇA: !CAPA | 💘 INSTAGRAM: @EIMINE77 | !ajuda !rerun !sub !subgratis !loja,"['Minecraft', 'EiMine', 'Português', 'RecompensasEspetadores']",[],False
171,2025-04-03 04:34,Saullo,pt,Counter-Strike,SORTEIO MENSAL 150 MIL REAIS EM SKINS HOJE + DEPÓSITO NA CONTA DE VOCÊS + SORTEIO 100 DÓLARES (AO VIVO),"['Português', 'skinscsgo', 'CSGO', 'SORTEIO', 'PIX', 'SKINS', 'FPS', 'Brasil', 'CS2', 'cs2beta']",['MatureGame'],True
171,2025-04-03 04:34,GUU_YT,pt,Fortnite,DROP ATIVO AGORA GRATIS. ENVELOPAMENTO FREE  FORTNITE ITENS GRATIS de MORTAL KOMBAT ITENS FORTNITE( APOIE GUU NA LOJA ) CONSTRUÇÃO,"['Fortnite', 'lojadehojefortnite', 'Apoieumcriador', 'JOGOFORTNITE', 'VbucksGrátis', 'gratisvbucks', 'LOJADEITENS', 'Português', 'dropsfortnite']",[],False
171,2025-04-03 04:34,LetizaTV,pt,Just Chatting,Sinais | !pix,['Português'],[],False
171,2025-04-03 04:34,Umaruzinho,pt,Genshin Impact,🔴RERUN🔴,"['Português', 'Drops', 'RPG', 'Aventura', 'Ação', 'Terror', 'MMO', 'Battle', 'Puzzles', 'JogandoComOChat']",[],False
171,2025-04-03 04:34,SodomaPS,pt,Death Stranding,>>>RERUN<<< sei la,"['Português', 'fps', 'jogoindie', 'ação', 'terror', 'SafeSpace']",['MatureGame'],False
171,2025-04-03 04:34,RTGAMERSC,pt,Hellblade: Senua's Sacrifice,+18 | 🎮 TODA ESCOLHA UMA CONSEQUÊNCIA✨ | ❗Setup  ❗Loja ❗discord  ❗Instagram ❗pix ❗comandos ❗,"['TwitchStream', 'GamerLife', 'gameplay', 'streamer', 'LetsPlay', 'Português', 'LiveGameplay', 'StreamingLive']","['MatureGame', 'ProfanityVulgarity']",False
172,2025-04-03 08:01,iShadowWolf_,pt,Fortnite,(+18) Livezinha Muito Doida!   ||   (❗comandos ❗metas ❗drops)   ||   (Epic Code: SHADOWOLF),"['Português', 'DropsAtivados']",[],False
172,2025-04-03 08:01,NYKAGAMER_,pt,Fortnite,bora ou num bora❗️LIVEPIX ❗️Onlyfans ❗️Comandos ❗️Discord ❗️Clip,"['Fortnite', 'Português', 'Mulher', 'brasil', 'Español', '한국어', 'Русский', '漢語', 'ภาษาไทย', '日本語']",[],False
172,2025-04-03 08:02,BrunoBalloni,pt,Counter-Strike,🔴RERUN!!!-> ❗csgocases ❗regraloja❗farm ❗sub ❗msg ❗loja,"['Português', 'fps', 'Brasil', 'counterstrike', 'cs', 'cs2', 'brazil']",['MatureGame'],False
172,2025-04-03 08:02,morenageek,pt,Fortnite,Quem faz o dia ser bonito é você. Bom dia!,"['Fortnite', 'GirlPlayer', 'PS5LiveStream', 'ControlerGaming', 'Português', 'DropsAtivados']",[],False
172,2025-04-03 08:02,EiMine77,pt,Minecraft,✅ RECOMPENSAS ON! | ⭐ SEJA RÁPIDO E GANHE UMA CAPA DE GRAÇA: !CAPA | 💘 INSTAGRAM: @EIMINE77 | !ajuda !rerun !sub !subgratis !loja,"['Minecraft', 'EiMine', 'Português', 'RecompensasEspetadores']",[],False
172,2025-04-03 08:02,YoDa,pt,League of Legends,"LOL COM VOICE dia 7  - START 265 PDL - TO MEIO GRIPADO, FALANDO MENOS",['Português'],[],False
172,2025-04-03 08:02,DieguitoPotter,pt,EA Sports FC 25,🔥 ABRIR RECOMPENSAS ÉPICAS DO RIVALS! 🎁⚽ | Vem ver os packs! 🎮💥 !Mbway !Prozis !Divoom !Switch !Social ✅,"['Português', 'eafc25', 'packopening', 'ultimateteam', 'futbirthday', 'rage']",[],False
172,2025-04-03 08:02,rafaelacamisa10,pt,VALORANT,coração RADIANTE | SIGA  @rafaelacamisa10 |❗pix❗️elo❗️Riot ❗️donate,"['CAMISA10', 'VALORANT', 'Português', 'Brasil']",[],False
172,2025-04-03 08:02,D4ntera,pt,Call of Duty: Warzone,VERDANSK HOJE !SORTEIO - Solo x Quads - @D4ntera nas redes sociais,['Português'],['MatureGame'],False
173,2025-04-03 08:13,iShadowWolf_,pt,Fortnite,(+18) Livezinha Muito Doida!   ||   (❗comandos ❗metas ❗drops)   ||   (Epic Code: SHADOWOLF),"['Português', 'DropsAtivados']",[],False
173,2025-04-03 08:13,NYKAGAMER_,pt,Fortnite,bora ou num bora❗️LIVEPIX ❗️Onlyfans ❗️Comandos ❗️Discord ❗️Clip,"['Fortnite', 'Português', 'Mulher', 'brasil', 'Español', '한국어', 'Русский', '漢語', 'ภาษาไทย', '日本語']",[],False
173,2025-04-03 08:13,BrunoBalloni,pt,Counter-Strike,🔴RERUN!!!-> ❗csgocases ❗regraloja❗farm ❗sub ❗msg ❗loja,"['Português', 'fps', 'Brasil', 'counterstrike', 'cs', 'cs2', 'brazil']",['MatureGame'],False
173,2025-04-03 08:13,morenageek,pt,Fortnite,Quem faz o dia ser bonito é você. Bom dia!,"['Fortnite', 'GirlPlayer', 'PS5LiveStream', 'ControlerGaming', 'Português', 'DropsAtivados']",[],False
173,2025-04-03 08:13,EiMine77,pt,Minecraft,✅ RECOMPENSAS ON! | ⭐ SEJA RÁPIDO E GANHE UMA CAPA DE GRAÇA: !CAPA | 💘 INSTAGRAM: @EIMINE77 | !ajuda !rerun !sub !subgratis !loja,"['Minecraft', 'EiMine', 'Português', 'RecompensasEspetadores']",[],False
173,2025-04-03 08:13,maahmurollo,pt,Fortnite,[DROPS ON] Fortnite +100 👑 ❗JOGAR ❗LOJA    MUROLLO #ad,"['gamer', 'Português', 'Fortnite', 'ZeroBuild', 'battleroyale', 'Reposição', 'DropsAtivados']",[],True
173,2025-04-03 08:13,brenotheodoro,pt,Counter-Strike,É HOJE!! SORTEIO > 4 FACAS | Sorteio basta interajar | !livepix | !csgoskins | !msg | !loja | !strive | !kaspersky,"['Português', 'CS2', 'fps']",['MatureGame'],False
173,2025-04-03 08:13,arch1vesfps,pt,Fortnite,🔥 TOP 1 MUNDIAL CS RANK 30K+ LEVEL 21 GC ( ͡° ͜ʖ ͡°) 🛒RERUN ➡️ !loja !config !mira,"['ptbr', 'en', 'pt', 'Português', 'DropsAtivados']",[],False
173,2025-04-03 08:13,duffyfps,pt,Counter-Strike,LIVE TODOS OS DIAS às 8 da manhã. !csgobig !clashgg,"['duffy', 'los', 'LosGrandes', 'CS2', 'Português']",['MatureGame'],False
174,2025-04-03 08:22,iShadowWolf_,pt,Fortnite,(+18) Livezinha Muito Doida!   ||   (❗comandos ❗metas ❗drops)   ||   (Epic Code: SHADOWOLF),"['Português', 'DropsAtivados']",[],False
174,2025-04-03 08:22,NYKAGAMER_,pt,Fortnite,bora ou num bora❗️LIVEPIX ❗️Onlyfans ❗️Comandos ❗️Discord ❗️Clip,"['Fortnite', 'Português', 'Mulher', 'brasil', 'Español', '한국어', 'Русский', '漢語', 'ภาษาไทย', '日本語']",[],False
174,2025-04-03 08:22,miguelitodoarrocha,pt,EA Sports FC 25,💥quinta de Packs + mata mata da wl - bem vindos a live Do Miguelito,"['Português', 'Portugal', 'Competitivo', 'resenha', 'Resenhando', 'ultimateteam', 'fifa', 'EAFC', 'eafc25', 'eafcsports']",[],False
174,2025-04-03 08:22,morenageek,pt,Fortnite,Quem faz o dia ser bonito é você. Bom dia!,"['Fortnite', 'GirlPlayer', 'PS5LiveStream', 'ControlerGaming', 'Português', 'DropsAtivados']",[],False
174,2025-04-03 08:22,BrunoBalloni,pt,Counter-Strike,🔴RERUN!!!-> ❗csgocases ❗regraloja❗farm ❗sub ❗msg ❗loja,"['Português', 'fps', 'Brasil', 'counterstrike', 'cs', 'cs2', 'brazil']",['MatureGame'],False
174,2025-04-03 08:23,EiMine77,pt,Minecraft,✅ RECOMPENSAS ON! | ⭐ SEJA RÁPIDO E GANHE UMA CAPA DE GRAÇA: !CAPA | 💘 INSTAGRAM: @EIMINE77 | !ajuda !rerun !sub !subgratis !loja,"['Minecraft', 'EiMine', 'Português', 'RecompensasEspetadores']",[],False
174,2025-04-03 08:23,guigzvlr,pt,VALORANT,RECUPERANDO PONTOS QUE PERDI SENDO MOTOBOY DENTRO DO VAVA- !EXITLAG | !sub !parcerias !growth !tadala !soldado,['Português'],[],False
174,2025-04-03 08:23,Tixinhadois,pt,VALORANT,FPX 0x0 DRG - VCT CHINA // #vctwatchparty - !loco !kaspersky,"['Português', 'valorant', 'Tixinha', 'cypher', 'valorantbr']",[],False
174,2025-04-03 08:23,rdoofps,pt,VALORANT,LIVES BENEFICENTES PASCOA SOLIDARIA! !PASCOA !cassino !namoro !natal,['Português'],[],False
175,2025-04-03 12:02,AmanditaGamesTV,pt,Terminator: Resistance,[PT/BR -PS4] Rumo a platina de nº 19,"['Português', 'LGBTQIA', 'mulher', 'historia', 'platina', '1000g', 'tendencia', 'games', 'gameplay', 'fyp']",['MatureGame'],False
175,2025-04-03 12:02,ZAKl1k,pt,Minecraft,🟢 MINECRAFT | ⭐ GANHE ASSISTINDO | 🌟 REESTOQUE DIA 10 ou 16 às 18h | !loja !points !prime !sub,"['Português', 'Minecraft', 'RecompensasEspetadores']",[],False
175,2025-04-03 12:02,maahmurollo,pt,League of Legends,OMG Q Q ISSO ? ❗JOGAR ❗LOJA    MUROLLO #ad,"['gamer', 'Português', 'Fortnite', 'ZeroBuild', 'battleroyale', 'Reposição']",[],True
175,2025-04-03 12:02,MegeraBruna,pt,VALORANT,Vamo passar raiva? [+18] / !discord / !elo / !regras / !pix / !instagram/ !nick/ !Sorteio/ !clip/ !Sr /  !subathon,"['Português', 'valorant', 'gamergirl', 'fps', 'gamer']",[],False
175,2025-04-03 12:02,morenageek,pt,Fortnite,Quem faz o dia ser bonito é você. Bom dia!,"['Fortnite', 'GirlPlayer', 'PS5LiveStream', 'ControlerGaming', 'Português', 'DropsAtivados']",[],False
175,2025-04-03 12:02,iShadowWolf_,pt,Fortnite,(+18) Livezinha Muito Doida!   ||   (❗comandos ❗metas ❗drops)   ||   (Epic Code: SHADOWOLF),"['Português', 'DropsAtivados']",[],False
175,2025-04-03 12:02,ZorahAganoke,pt,New World: Aeternum,🔥NovataON🔥 @donzeladferro [BR] Twitch/ZorahAganoke - SUBS FULL Gameplay - Rushadão e Diversão 🔞,"['diversão', 'Português', 'sobrevivencia', 'SurvivaI', 'Exploração', 'Exploration', 'sobrevicência']",[],False
175,2025-04-03 12:02,SanoLeonhart,pt,Assassin's Creed Shadows,[🇧🇷/🇺🇲][+18] ~ •051• ~|  Assassinos da sombrinha | - !pix !discord !loja  - @thegoldenteamofc,"['Variedade', 'Interações', 'RPG', 'Keymailer', 'gamestreaming', 'retrogames', 'Português', 'MMORPG', 'fightinggames', 'fps']",['MatureGame'],False
175,2025-04-03 12:02,H3llrazz3r,pt,Valheim,[PT] Boss Ashland // Escolha de MODS para Valheim moded,"['Português', 'diversão', 'descontrair', 'Streaming4Fun', 'Nostalgia', 'nostalgiagames', 'História', 'survival', 'valheim']",[],False
176,2025-04-03 12:11,MegeraBruna,pt,VALORANT,Vamo passar raiva? [+18] / !discord / !elo / !regras / !pix / !instagram/ !nick/ !Sorteio/ !clip/ !Sr /  !subathon,"['Português', 'valorant', 'gamergirl', 'fps', 'gamer']",[],False
176,2025-04-03 12:11,AmanditaGamesTV,pt,Terminator: Resistance,[PT/BR -PS4] Rumo a platina de nº 19,"['Português', 'LGBTQIA', 'mulher', 'historia', 'platina', '1000g', 'tendencia', 'games', 'gameplay', 'fyp']",['MatureGame'],False
176,2025-04-03 12:11,iShadowWolf_,pt,Fortnite,(+18) Livezinha Muito Doida!   ||   (❗comandos ❗metas ❗drops)   ||   (Epic Code: SHADOWOLF),"['Português', 'DropsAtivados']",[],False
176,2025-04-03 12:11,CORALtv_,pt,Fortnite,DROPS ON 🔥 JOGANDO COM O CHAT ✨ FARM VBUCKS ASSISTINDO A LIVE !LOJA ❤️ USE CODE: CORALTV #AD ✨!PIX !RESGATE !JOGAR !DROPS,"['Português', 'Fortnite', 'sorteio', 'VbucksGrátis', 'sorteios', 'vbucks', 'jogandocomespectadores', 'DropsAtivados']",[],False
176,2025-04-03 12:11,BrunoBalloni,pt,Counter-Strike,🔴RERUN!!!-> ❗csgocases ❗regraloja❗farm ❗sub ❗msg ❗loja,"['Português', 'fps', 'Brasil', 'counterstrike', 'cs', 'cs2', 'brazil']",['MatureGame'],False
176,2025-04-03 12:11,morenageek,pt,Fortnite,Quem faz o dia ser bonito é você. Bom dia!,"['Fortnite', 'GirlPlayer', 'PS5LiveStream', 'ControlerGaming', 'Português', 'DropsAtivados']",[],False
176,2025-04-03 12:12,mae_joga45,pt,Overwatch 2,volteeiiiiiiii 🤗😜,"['Português', 'jogodeterror', 'jogofps', 'diversãogarantida']",[],False
176,2025-04-03 12:12,gabitriiste,pt,Dead by Daylight,[+18 ] [DROPS ON] 2 MESES DE SUBATHON  !pix !subathon !discord !comandos,"['Português', 'batepapo', 'jogos', 'deadbbydaylight', 'LGBTQIAPlus', 'subathon', 'English', 'Reposição', 'IntoTheFog', 'LOUD']",['MatureGame'],True
176,2025-04-03 12:12,AiNando1,pt,Fortnite,[DROPS ON] ASSISTA A LIVE E RESGATE ITENS NO FORTNITE ❗JOGAR ❗NICK ❗ USE CODE: Ainando1 #AD❗PIX ❗Livepix❗JOGAR  ❗Comandos ❗instagram ❗apoie,"['Português', 'Fortnite', 'comedia', 'engraçado', 'live', 'Phasmophobia', 'liarsbar', 'StreamGamer', 'francais', 'tiktok']",[],False
177,2025-04-03 12:19,iShadowWolf_,pt,Fortnite,(+18) Livezinha Muito Doida!   ||   (❗comandos ❗metas ❗drops)   ||   (Epic Code: SHADOWOLF),"['Português', 'DropsAtivados']",[],False
177,2025-04-03 12:19,MegeraBruna,pt,VALORANT,Vamo passar raiva? [+18] / !discord / !elo / !regras / !pix / !instagram/ !nick/ !Sorteio/ !clip/ !Sr /  !subathon,"['Português', 'valorant', 'gamergirl', 'fps', 'gamer']",[],False
177,2025-04-03 12:20,CORALtv_,pt,Fortnite,DROPS ON 🔥 JOGANDO COM O CHAT ✨ FARM VBUCKS ASSISTINDO A LIVE !LOJA ❤️ USE CODE: CORALTV #AD ✨!PIX !RESGATE !JOGAR !DROPS,"['Português', 'Fortnite', 'sorteio', 'VbucksGrátis', 'sorteios', 'vbucks', 'jogandocomespectadores', 'DropsAtivados']",[],False
177,2025-04-03 12:20,AmanditaGamesTV,pt,Terminator: Resistance,[PT/BR -PS4] Rumo a platina de nº 19,"['Português', 'LGBTQIA', 'mulher', 'historia', 'platina', '1000g', 'tendencia', 'games', 'gameplay', 'fyp']",['MatureGame'],False
177,2025-04-03 12:20,BrunoBalloni,pt,Counter-Strike,🔴RERUN!!!-> ❗csgocases ❗regraloja❗farm ❗sub ❗msg ❗loja,"['Português', 'fps', 'Brasil', 'counterstrike', 'cs', 'cs2', 'brazil']",['MatureGame'],False
177,2025-04-03 12:20,EdigasZ,pt,Marvel Rivals,GRINDAS ONE ABOVE ALL? ETERNIDADE? | !tiktok !youtube,"['Português', 'DropsAtivados']",[],False
177,2025-04-03 12:20,Roonald,pt,Grand Theft Auto V,[ CPX / NORDESTE RP ] HOJE É DIA DA CORRUPÇÃO  !PIX !SORTEIO !SUB,"['Português', 'cpx', 'CAPITAL', 'Brasil', 'IRL']",['MatureGame'],False
177,2025-04-03 12:20,PegasusP1,pt,Grand Theft Auto V,[+18 METROPOLE / CDA ] VOLTEI PRO FOCO!! | ❗PIX ❗SR ATIVO | EP.50  | ME SIGA NAS REDES SOCIAIS -> @PegasusP1,['Português'],['MatureGame'],False
177,2025-04-03 12:20,Benvinda,pt,Grand Theft Auto V,OLÁ     ❗️Pix❗️Sociais ❗️Biascuit ❗️Complexo ❗️Youtube,"['Português', 'RS', 'holidayhoopla', 'BENVINDA', 'react', 'girl', 'games']",['MatureGame'],False
178,2025-04-03 12:27,MegeraBruna,pt,VALORANT,Vamo passar raiva? [+18] / !discord / !elo / !regras / !pix / !instagram/ !nick/ !Sorteio/ !clip/ !Sr /  !subathon,"['Português', 'valorant', 'gamergirl', 'fps', 'gamer']",[],False
178,2025-04-03 12:27,iShadowWolf_,pt,Fortnite,(+18) Livezinha Muito Doida!   ||   (❗comandos ❗metas ❗drops)   ||   (Epic Code: SHADOWOLF),"['Português', 'DropsAtivados']",[],False
178,2025-04-03 12:28,CORALtv_,pt,Fortnite,DROPS ON 🔥 JOGANDO COM O CHAT ✨ FARM VBUCKS ASSISTINDO A LIVE !LOJA ❤️ USE CODE: CORALTV #AD ✨!PIX !RESGATE !JOGAR !DROPS,"['Português', 'Fortnite', 'sorteio', 'VbucksGrátis', 'sorteios', 'vbucks', 'jogandocomespectadores', 'DropsAtivados']",[],False
178,2025-04-03 12:28,AmanditaGamesTV,pt,Terminator: Resistance,[PT/BR -PS4] Rumo a platina de nº 19,"['Português', 'LGBTQIA', 'mulher', 'historia', 'platina', '1000g', 'tendencia', 'games', 'gameplay', 'fyp']",['MatureGame'],False
178,2025-04-03 12:28,BrunoBalloni,pt,Counter-Strike,🔴RERUN!!!-> ❗csgocases ❗regraloja❗farm ❗sub ❗msg ❗loja,"['Português', 'fps', 'Brasil', 'counterstrike', 'cs', 'cs2', 'brazil']",['MatureGame'],False
178,2025-04-03 12:28,EdigasZ,pt,Marvel Rivals,GRINDAS ONE ABOVE ALL? ETERNIDADE? | !tiktok !youtube,"['Português', 'DropsAtivados']",[],False
178,2025-04-03 12:28,menega18,pt,Delta Force,BORA COLAR. !comandos | DROPS ATIVOS |,"['brasil', 'GTARP', 'SOBREVIVENCIA', 'Português', 'jogoscasuais', 'AMA', 'músicaspararelaxar', 'DAYZBRASILIA', 'conexaoroleplay', 'HolidayHoopla']",[],False
178,2025-04-03 12:28,kidsmigalha,pt,Hell Let Loose,ATUALIZADO HELL LET LOOSE E  VALE A PENA ??? CONVERSA  E DICAS    com o   @kidsmigalha & @donamigalha | ❗canal,"['Português', 'conversa', 'memes', 'battlefield', 'musica']",['MatureGame'],False
178,2025-04-03 12:28,basilhorp,pt,Grand Theft Auto V,[CAPITAL +18]   AJUDA COM O PIX PRA COMPRAR O SEGUNDO MONITOR  ! ( QUALQUER AJUDA E BEM VINDA ),"['GTARP', 'Português', 'CAPITAL', 'BASILHO', 'capitalcity', 'PaulinhoLoko', 'basilio', 'GTARPLIVE', 'bagual', 'poderosobagual']",['MatureGame'],False
179,2025-04-03 12:37,MegeraBruna,pt,VALORANT,Vamo passar raiva? [+18] / !discord / !elo / !regras / !pix / !instagram/ !nick/ !Sorteio/ !clip/ !Sr /  !subathon,"['Português', 'valorant', 'gamergirl', 'fps', 'gamer']",[],False
179,2025-04-03 12:37,iShadowWolf_,pt,Fortnite,(+18) Livezinha Muito Doida!   ||   (❗comandos ❗metas ❗drops)   ||   (Epic Code: SHADOWOLF),"['Português', 'DropsAtivados']",[],False
179,2025-04-03 12:37,CORALtv_,pt,Fortnite,DROPS ON 🔥 JOGANDO COM O CHAT ✨ FARM VBUCKS ASSISTINDO A LIVE !LOJA ❤️ USE CODE: CORALTV #AD ✨!PIX !RESGATE !JOGAR !DROPS,"['Português', 'Fortnite', 'sorteio', 'VbucksGrátis', 'sorteios', 'vbucks', 'jogandocomespectadores', 'DropsAtivados']",[],False
179,2025-04-03 12:37,AmanditaGamesTV,pt,Terminator: Resistance,[PT/BR -PS4] Rumo a platina de nº 19,"['Português', 'LGBTQIA', 'mulher', 'historia', 'platina', '1000g', 'tendencia', 'games', 'gameplay', 'fyp']",['MatureGame'],False
179,2025-04-03 12:37,BrunoBalloni,pt,Counter-Strike,🔴RERUN!!!-> ❗csgocases ❗regraloja❗farm ❗sub ❗msg ❗loja,"['Português', 'fps', 'Brasil', 'counterstrike', 'cs', 'cs2', 'brazil']",['MatureGame'],False
179,2025-04-03 12:37,EdigasZ,pt,Marvel Rivals,GRINDAS ONE ABOVE ALL? ETERNIDADE? | !tiktok !youtube,"['Português', 'DropsAtivados']",[],False
179,2025-04-03 12:37,furq,pt,VALORANT,O PRÍNCIPE DO HS 👑  ➡️ !farmskins !pix !tapamassagem !bonoxs,"['FPS', 'Português', 'valorant', 'radiante']",[],False
179,2025-04-03 12:37,Coreano,pt,VALORANT,"valorant, em breve schedule e vcb 17h",['Português'],[],False
179,2025-04-03 12:37,Tixinhadois,pt,VALORANT,FUT 0x0 GM8 - BOTAnoTIXA #VCTWatchParty - !loco !kaspersky,"['Português', 'valorant', 'Tixinha', 'cypher', 'valorantbr']",[],False
180,2025-04-03 16:02,MegeraBruna,pt,VALORANT,Vamo passar raiva? [+18] / !discord / !elo / !regras / !pix / !instagram/ !nick/ !Sorteio/ !clip/ !Sr /  !subathon,"['Português', 'valorant', 'gamergirl', 'fps', 'gamer']",[],False
180,2025-04-03 16:02,yunizinhafps,pt,Grand Theft Auto V,+18 DIVISA RP [COMANDO] 💥🐍YUNI OU É TUDO OU NADA,"['Português', 'coringarp', 'GTARPLIVE', 'datenarp', 'gtavrproleplay', 'ＧTA5', 'gtandTheftAutoV', 'ComplexoRP', 'redbeiramar', 'paulinhooloko']",['MatureGame'],False
180,2025-04-03 16:02,BrunoBalloni,pt,Counter-Strike,🔴RERUN!!!-> ❗csgocases ❗regraloja❗farm ❗sub ❗msg ❗loja,"['Português', 'fps', 'Brasil', 'counterstrike', 'cs', 'cs2', 'brazil']",['MatureGame'],False
180,2025-04-03 16:02,morenageek,pt,Fortnite,Quem faz o dia ser bonito é você. Bom dia!,"['Fortnite', 'GirlPlayer', 'PS5LiveStream', 'ControlerGaming', 'Português', 'DropsAtivados']",[],False
180,2025-04-03 16:02,letiltz,pt,Fortnite,[DROPS ON] LEPIPINO w/ @isafaracco | USE O CÓDIGO LETILTZ NA LOJA,"['Português', 'Fortnite', 'SafeSpace', 'Jogandocomespectadores', 'DropsAtivados']",[],False
180,2025-04-03 16:02,Tianegamer,pt,Grand Theft Auto V,[FLOW RP] Bora Farmar?! CODIGUIM,['Português'],['MatureGame'],False
181,2025-04-03 16:12,MegeraBruna,pt,VALORANT,Vamo passar raiva? [+18] / !discord / !elo / !regras / !pix / !instagram/ !nick/ !Sorteio/ !clip/ !Sr /  !subathon,"['Português', 'valorant', 'gamergirl', 'fps', 'gamer']",[],False
181,2025-04-03 16:12,yunizinhafps,pt,Grand Theft Auto V,+18 DIVISA RP [COMANDO] 💥🐍YUNI OU É TUDO OU NADA,"['Português', 'coringarp', 'GTARPLIVE', 'datenarp', 'gtavrproleplay', 'ＧTA5', 'gtandTheftAutoV', 'ComplexoRP', 'redbeiramar', 'paulinhooloko']",['MatureGame'],False
181,2025-04-03 16:12,BrunoBalloni,pt,Counter-Strike,🔴RERUN!!!-> ❗csgocases ❗regraloja❗farm ❗sub ❗msg ❗loja,"['Português', 'fps', 'Brasil', 'counterstrike', 'cs', 'cs2', 'brazil']",['MatureGame'],False
181,2025-04-03 16:12,morenageek,pt,Fortnite,Quem faz o dia ser bonito é você. Bom dia!,"['Fortnite', 'GirlPlayer', 'PS5LiveStream', 'ControlerGaming', 'Português', 'DropsAtivados']",[],False
181,2025-04-03 16:12,Tianegamer,pt,Grand Theft Auto V,[FLOW RP] Bora Farmar?! CODIGUIM,['Português'],['MatureGame'],False
181,2025-04-03 16:13,letiltz,pt,Fortnite,[DROPS ON] LEPIPINO w/ @isafaracco | USE O CÓDIGO LETILTZ NA LOJA,"['Português', 'Fortnite', 'SafeSpace', 'Jogandocomespectadores', 'DropsAtivados']",[],False
181,2025-04-03 16:13,RenanSaleff,pt,Grand Theft Auto V,"+18  Penal do Complexo 🤙🏼 Menos FOCO, Mais Ansiedade 🤟🏻 ❤️ ❤️ @renansaleff !clip ❗LIVEPIX ❗INSTA","['Português', 'GTARP', 'DISTRITORP', 'GTAⅤ', 'fivem', 'RP', 'Medico']",['MatureGame'],False
181,2025-04-03 16:13,jeanmegalive,pt,Mobile Legends: Bang Bang,"BOM DIA PESSOAL, PARTIU JOGAR RANQUEADAS !!!!","['Português', 'estrategia', 'MOBAGaming', 'moba5v5', 'mobilelegends']",[],False
181,2025-04-03 16:13,O_B4RB4,pt,Grand Theft Auto V,[ +18 CPX ] Mais um dia na puliça!,"['ＧTA5', 'luquet4', 'delegarp', 'luanz7', 'ovotz', 'PaulinhoLOKObr', 'anúncio', 'patrocínio', 'Português']",['MatureGame'],True
182,2025-04-03 16:24,yunizinhafps,pt,Grand Theft Auto V,+18 DIVISA RP [COMANDO] 💥🐍YUNI OU É TUDO OU NADA,"['Português', 'coringarp', 'GTARPLIVE', 'datenarp', 'gtavrproleplay', 'ＧTA5', 'gtandTheftAutoV', 'ComplexoRP', 'redbeiramar', 'paulinhooloko']",['MatureGame'],False
182,2025-04-03 16:24,MegeraBruna,pt,VALORANT,Vamo passar raiva? [+18] / !discord / !elo / !regras / !pix / !instagram/ !nick/ !Sorteio/ !clip/ !Sr /  !subathon,"['Português', 'valorant', 'gamergirl', 'fps', 'gamer']",[],False
182,2025-04-03 16:24,BrunoBalloni,pt,Counter-Strike,🔴RERUN!!!-> ❗csgocases ❗regraloja❗farm ❗sub ❗msg ❗loja,"['Português', 'fps', 'Brasil', 'counterstrike', 'cs', 'cs2', 'brazil']",['MatureGame'],False
182,2025-04-03 16:24,morenageek,pt,Fortnite,Quem faz o dia ser bonito é você. Bom dia!,"['Fortnite', 'GirlPlayer', 'PS5LiveStream', 'ControlerGaming', 'Português', 'DropsAtivados']",[],False
182,2025-04-03 16:24,letiltz,pt,Fortnite,[DROPS ON] LEPIPINO w/ @isafaracco | USE O CÓDIGO LETILTZ NA LOJA,"['Português', 'Fortnite', 'SafeSpace', 'Jogandocomespectadores', 'DropsAtivados']",[],False
182,2025-04-03 16:24,Tianegamer,pt,Grand Theft Auto V,[FLOW RP] Bora Farmar?! CODIGUIM,['Português'],['MatureGame'],False
182,2025-04-03 16:24,enriquemachado_,pt,The Last of Us Part II: Remastered,🟢 THE LAST OF US NO PC!!🟢 SORTEIO DE 4 FACAS >❗ Sorteio  ❗topskin ❗loja ❗csgobig  ❗insane  ❗suaskin +18,['Português'],['MatureGame'],False
182,2025-04-03 16:24,Fomynha,pt,Counter-Strike,#Sorteio MENSAL CSGONET - 10 Facas Freehand ❗️CSGONET ❗️INSANE ❗️SORTEIOS ❗️RIFAS ❗️SITE ❗️EXTENSAO #Siga nas redes sociais,"['Português', 'csgonet', 'lojinha', 'sorteio', 'skins', 'csgo', 'farmskins', 'giveway']",['MatureGame'],False
182,2025-04-03 16:25,CSRfps,pt,Counter-Strike,🟢 AMANHÃ TEM FACA PRA SUBS - FARM 10x SUBS - !sorteiofaca | Siga @CSRfps | !segredo !dash !pirate !keydrop !csgoskins !csgofast,"['Português', 'csgo', 'cs2', 'counterstrike', 'counterstrike2', 'cs2gameplay', 'fps']",['MatureGame'],False
183,2025-04-03 16:35,yunizinhafps,pt,Grand Theft Auto V,+18 DIVISA RP [COMANDO] 💥🐍YUNI OU É TUDO OU NADA,"['Português', 'coringarp', 'GTARPLIVE', 'datenarp', 'gtavrproleplay', 'ＧTA5', 'gtandTheftAutoV', 'ComplexoRP', 'redbeiramar', 'paulinhooloko']",['MatureGame'],False
183,2025-04-03 16:35,MegeraBruna,pt,VALORANT,Vamo passar raiva? [+18] / !discord / !elo / !regras / !pix / !instagram/ !nick/ !Sorteio/ !clip/ !Sr /  !subathon,"['Português', 'valorant', 'gamergirl', 'fps', 'gamer']",[],False
183,2025-04-03 16:35,BrunoBalloni,pt,Counter-Strike,🔴RERUN!!!-> ❗csgocases ❗regraloja❗farm ❗sub ❗msg ❗loja,"['Português', 'fps', 'Brasil', 'counterstrike', 'cs', 'cs2', 'brazil']",['MatureGame'],False
183,2025-04-03 16:35,morenageek,pt,Fortnite,Quem faz o dia ser bonito é você. Bom dia!,"['Fortnite', 'GirlPlayer', 'PS5LiveStream', 'ControlerGaming', 'Português', 'DropsAtivados']",[],False
183,2025-04-03 16:35,Tianegamer,pt,Grand Theft Auto V,[FLOW RP] Bora Farmar?! CODIGUIM,['Português'],['MatureGame'],False
183,2025-04-03 16:36,Hairzinho,pt,EA Sports FC 25,DIA DE RECOMPENSAS DO DR DA DIV ELITE +  HYPE DAS 14 + DME'S E PRO CLUBS DOS BRO! + !GRUPO + !PARCERIA !REDES !TIKTOK,"['ULTIMATETEAM', 'RAGE', 'ENGRACADO', 'PACKS', 'COMPETITIVO', 'Português', 'Brasil', 'WeekendLeague', 'Portugal', 'Reposição']",[],False
183,2025-04-03 16:36,plepuu,pt,Overwatch 2,voltando pro mestre pra ganhar chaveiro | !pix !caixas !insta !disc,"['Português', 'MarvelRivals', 'Support', 'overwatch', 'chill', 'Relax']",[],False
183,2025-04-03 16:36,Reunee,pt,Overwatch 2,🔴 Só o bagaço hoje,['Português'],[],False
183,2025-04-03 16:36,nottblackk,pt,Overwatch 2,que Deus perdoe essas pessoas ruins !pix !clip !lurk,"['Português', 'overwatch', 'Widowmaker', 'Competitivo']",[],False
184,2025-04-03 20:02,Hairzinho,pt,EA Sports FC 25,DIA DE RECOMPENSAS DO DR DA DIV ELITE +  HYPE DAS 14 + DME'S E PRO CLUBS DOS BRO! + !GRUPO + !PARCERIA !REDES !TIKTOK,"['ULTIMATETEAM', 'RAGE', 'ENGRACADO', 'PACKS', 'COMPETITIVO', 'Português', 'Brasil', 'WeekendLeague', 'Portugal', 'Reposição']",[],False
184,2025-04-03 20:02,Tianegamer,pt,Grand Theft Auto V,[METACITY] Bora ?! CODIGUIM,['Português'],['MatureGame'],False
184,2025-04-03 20:02,oLui,pt,Fortnite,FNCS SEMANAL DIA 2 – WATCH PARTY 😈,"['Brazil', 'Multiplayer', 'PC', 'BattleRoyaleMode', 'Português', 'DropsAtivados']",[],False
184,2025-04-03 20:03,Cherry_Enxaqueca,pt,Fortnite,[+18] DROP ativo e muitas risadas- 💖 Fortnite e PCG ✨✨✨✨,"['FortniteStreamer', 'fortnıte', 'English', 'humor', '18plus', 'AsianGamer', 'girlstreamer', 'PCG', 'PokemonCommunityGame', 'TDAH']",[],False
184,2025-04-03 20:03,PavaoPVP,pt,Just Chatting,apenas 5% conseguem ver essa live,"['JogandoComOChat', 'jogos', 'Português', 'garota']",[],False
184,2025-04-03 20:03,blackoutz,pt,Fortnite,FNCS TRIO SEMANA 5 DIA 2 | !react | !EXITLAG | CODE: blackoutz #ad,"['Português', 'English', 'DropsAtivados']",[],False
185,2025-04-03 20:10,Cherry_Enxaqueca,pt,Fortnite,[+18] DROP ativo e muitas risadas- 💖 Fortnite e PCG ✨✨✨✨,"['FortniteStreamer', 'fortnıte', 'English', 'humor', '18plus', 'AsianGamer', 'girlstreamer', 'PCG', 'PokemonCommunityGame', 'TDAH']",[],False
185,2025-04-03 20:10,Tianegamer,pt,Grand Theft Auto V,[METACITY] Bora ?! CODIGUIM,['Português'],['MatureGame'],False
185,2025-04-03 20:10,oLui,pt,Fortnite,FNCS SEMANAL DIA 2 – WATCH PARTY 😈,"['Brazil', 'Multiplayer', 'PC', 'BattleRoyaleMode', 'Português', 'DropsAtivados']",[],False
185,2025-04-03 20:10,PavaoPVP,pt,Death by AI,apenas 5% conseguem ver essa live,"['JogandoComOChat', 'jogos', 'Português', 'garota']",[],False
185,2025-04-03 20:10,BrunoBalloni,pt,Counter-Strike,🔴RERUN!!!-> ❗csgocases ❗regraloja❗farm ❗sub ❗msg ❗loja,"['Português', 'fps', 'Brasil', 'counterstrike', 'cs', 'cs2', 'brazil']",['MatureGame'],False
185,2025-04-03 20:10,ZAKl1k,pt,Minecraft,🟢 MINECRAFT | ⭐ GANHE ASSISTINDO | 🌟 REESTOQUE DIA 10 ou 16 às 18h | !loja !points !prime !sub,"['Português', 'Minecraft', 'RecompensasEspetadores']",[],False
185,2025-04-03 20:11,CarreriTV,pt,Counter-Strike,🟢 Sorteios de SKINS PARA O CHAT - (SUBs 4X) | SKINS NA ❗️LOJA - [❗️CSGOBIG ❗️livepix ❗️redes ❗️whatsapp ❗️sorteio ❗️pular],"['sorteio', 'skin', 'counterstrike', 'Português', 'cs', 'csgo', 'foryou', 'CS2']",['MatureGame'],False
185,2025-04-03 20:11,Cafefps_,pt,Counter-Strike,(+18)  Livezinha na good ! @fancambrasil // !sorteio !skins !discord !livepix !pix !steam !duo,"['CSGO', 'Português', 'fps']",['MatureGame'],False
185,2025-04-03 20:11,shadowsganjaking,pt,Counter-Strike,"🔞VEM F1 COM NOIX, LEGALIZANDO O CS2 E A TWITCH🍁-RIFA DA FALCHION DO GANJA ACABANDO, PARTICIPE - !BITS| !PIX |!loja| !CUPOM|","['maconha', '420', 'CS2', 'Brasil', 'portugues', 'ganja', 'brasileiro', 'counterstrike', 'Cannabis', 'CannabisCommunity']",['MatureGame'],False
186,2025-04-03 20:23,Cherry_Enxaqueca,pt,Fortnite,[+18] DROP ativo e muitas risadas- 💖 Fortnite e PCG ✨✨✨✨,"['FortniteStreamer', 'fortnıte', 'English', 'humor', '18plus', 'AsianGamer', 'girlstreamer', 'PCG', 'PokemonCommunityGame', 'TDAH']",[],False
186,2025-04-03 20:23,Tianegamer,pt,Grand Theft Auto V,[METACITY] Bora ?! CODIGUIM,['Português'],['MatureGame'],False
186,2025-04-03 20:23,PavaoPVP,pt,Death by AI,apenas 5% conseguem ver essa live,"['JogandoComOChat', 'jogos', 'Português', 'garota']",[],False
186,2025-04-03 20:23,oLui,pt,Fortnite,FNCS SEMANAL DIA 2 – WATCH PARTY 😈,"['Brazil', 'Multiplayer', 'PC', 'BattleRoyaleMode', 'Português', 'DropsAtivados']",[],False
186,2025-04-03 20:23,BrunoBalloni,pt,Counter-Strike,🔴RERUN!!!-> ❗csgocases ❗regraloja❗farm ❗sub ❗msg ❗loja,"['Português', 'fps', 'Brasil', 'counterstrike', 'cs', 'cs2', 'brazil']",['MatureGame'],False
186,2025-04-03 20:23,ZAKl1k,pt,Minecraft,🟢 MINECRAFT | ⭐ GANHE ASSISTINDO | 🌟 REESTOQUE DIA 10 ou 16 às 18h | !loja !points !prime !sub,"['Português', 'Minecraft', 'RecompensasEspetadores']",[],False
186,2025-04-03 20:23,AhhhDaniii,pt,Fortnite,[+18] Jogando igual toco sanfona: não sei tocar safona! *35% de desconto no SUBGIFT!* | !comandos | CODIGO EPIC: AHHHDANIII |,"['Jogadacasual', 'Brasil', 'Português', 'ação', 'simulação', 'Estratégia', 'aventura', 'fps', 'vbucks', 'Fortnite']",[],False
186,2025-04-03 20:23,buxudinho,pt,Fortnite,[+18] ✨ AJUDE A BATER AS METAS ✨ DROP ON   | CODE: BUXUDINHOO #AD #EpicPartner 🔥!Pix  !Wish !Amazon,"['Português', 'DropsAtivados']",['ProfanityVulgarity'],False
186,2025-04-03 20:23,Fininhho,pt,Fortnite,DUOZINHO COM A @linahall   | VEM JOGAR 🎮  | CODE: FININHHO ❗PIX ❗SUB ❗REDES,"['Português', 'Gay', 'Jogandocomespectadores', 'safezone', 'jogadorcasual', 'fortnitebr', 'DropsAtivados']",[],False
187,2025-04-04 00:04,yunizinhafps,pt,Grand Theft Auto V,+18 DIVISA RP [COMANDO] 💥🐍GUERRA ?,"['Português', 'coringarp', 'GTARPLIVE', 'datenarp', 'gtavrproleplay', 'ＧTA5', 'gtandTheftAutoV', 'ComplexoRP', 'redbeiramar', 'paulinhooloko']",['MatureGame'],False
187,2025-04-04 00:04,Arkane,pt,Fortnite,🔥 DROPS ON 🔥 GRÁTIS EMOTE CARRINHO-FORTE HOJE !drop - CODE: ARKANE #EpicPartner 🔥 !loja !pix !logitech !noping !youtube !cortes,"['Português', 'DropsAtivados']",[],True
187,2025-04-04 00:04,oclenis,pt,Grand Theft Auto V,+18 LIVEZADA DE RP,"['Português', 'Reposição']",['MatureGame'],True
187,2025-04-04 00:04,gijuba_,pt,Fortnite,[!DROPS ON] semana acaba nunca? | Use Code Epic: GIJUBA | Resgate skins na !loja assistindo a live ♡ | !sr !social !pix !comandos,"['Português', 'DropsAtivados']",[],False
187,2025-04-04 00:04,BrunoBalloni,pt,Counter-Strike,🔴RERUN!!!-> ❗csgocases ❗regraloja❗farm ❗sub ❗msg ❗loja,"['Português', 'fps', 'Brasil', 'counterstrike', 'cs', 'cs2', 'brazil']",['MatureGame'],False
187,2025-04-04 00:04,Praxt_,pt,Fortnite,DROPS ON! ASSISTA E GANHE ITENS GRÁTIS! !drop,"['Português', 'Fortnite', 'vbucks', 'AMA', 'PlayingwWithViewers', 'SeiosFartos', 'regras', 'LGBT', 'ＬＯＬ', 'LiveFamilia']",[],False
187,2025-04-04 00:04,DaniloFariasFUT,pt,EA Sports FC 25,ACERTANDO TIME . COPA DOS STREAMERS DANILO X PATRIKAO AS 21HRS    !LOJA @danilofariasfut,"['Português', 'ultimateteam', 'dicas', 'eafc25', 'tutorials', 'livestreamers', 'resenha', 'frontpagetwitch', 'TOTY', 'KingsLeague']",[],False
187,2025-04-04 00:04,Junninho_2021,pt,EA Sports FC 25,JUNNINHO X DANILO (22:30) -  !SUPERRIFA !PREÇOS !LIVEPIX,"['FUTEBOL', 'FUTEBOLAOVIVO', 'JOGADASMETA', 'EASPORTS', 'Português', 'JOGODEFUTEBOL']",[],False
187,2025-04-04 00:04,Peu_MC,pt,Call of Duty: Warzone,PEU X MILK AGORA PELA COPA DOS STREAMERS !coins !trade,"['batalha', 'batalhaderima', 'BATALHADAALDEIA', 'Rap', 'fifa', 'ultimateteam', 'Futebol', 'Português', 'EASPORTSFIFA', 'eafc25']",['MatureGame'],False
188,2025-04-04 00:14,annadeneve,pt,Marvel Rivals,[DROPS ON] não case! mais um dia sendo trocada por overwatch ♡ !clip !pix !discord !comandos,"['Mulher', 'bonita', 'engraçada', 'Português', 'ConversandoComOChat', 'DropsAtivados']",[],False
188,2025-04-04 00:14,BrunoBalloni,pt,Counter-Strike,🔴RERUN!!!-> ❗csgocases ❗regraloja❗farm ❗sub ❗msg ❗loja,"['Português', 'fps', 'Brasil', 'counterstrike', 'cs', 'cs2', 'brazil']",['MatureGame'],False
188,2025-04-04 00:14,h1poison,pt,VALORANT,Vava com @faladelasgg @dehprieto e depois um jogo diferenciado,"['Português', 'valorant', 'fps', 'girl', 'leagueoflegends', 'lol', 'conversa', 'aventura', 'Poison']",[],False
188,2025-04-04 00:14,ZAKl1k,pt,Minecraft,🟢 MINECRAFT | ⭐ GANHE ASSISTINDO | 🌟 REESTOQUE DIA 10 ou 16 às 18h | !loja !points !prime !sub,"['Português', 'Minecraft', 'RecompensasEspetadores']",[],False
188,2025-04-04 00:14,TheYuzuroEffect,pt,Grand Theft Auto V,[+18] Jogando com os amigos | GTA V: Enhanced,"['Português', 'Mulher', 'Ultrawide', 'GTAⅤ', 'gtaonline']",['MatureGame'],False
188,2025-04-04 00:14,denielz_,pt,Marvel Rivals,"""Jovem"" Emo curtindo musguinhas e jogando jogos [+18]","['justchatting', 'games', 'LGBTQIAPlus', 'TDAH', 'Português', 'English', 'LurkFriendly', 'SafeSpace', 'DropsAtivados']",[],False
188,2025-04-04 00:14,MandyMess,pt,Dead by Daylight,MAIN RIZE KAMISHIRO 🩸❗sub❗pix❗insta,"['LGBT', 'DragQueen', 'Português', 'IntoTheFog', 'DropsAtivados']",['MatureGame'],False
188,2025-04-04 00:14,wanessawolf,pt,Just Chatting,RAPIDINHA❗pix ❗discord ❗sorteio ❗reacts ❗patreon,['Português'],[],False
188,2025-04-04 00:14,MdmDaiane,pt,Just Chatting,JOGOW NOVOW #SouthofMidnight❗️skinny❗️pix ❗️discord ❗️youtube ❗️zap ❗️sorteio,"['Português', 'burra', 'slay', 'TDAH', 'ruiva', 'beiracinza', 'merendeira', 'upcycling']",['ProfanityVulgarity'],False
189,2025-04-04 00:24,yunizinhafps,pt,Grand Theft Auto V,+18 DIVISA RP [COMANDO] 💥🐍GUERRA ?,"['Português', 'coringarp', 'GTARPLIVE', 'datenarp', 'gtavrproleplay', 'ＧTA5', 'gtandTheftAutoV', 'ComplexoRP', 'redbeiramar', 'paulinhooloko']",['MatureGame'],False
189,2025-04-04 00:24,ZAKl1k,pt,Minecraft,🟢 MINECRAFT | ⭐ GANHE ASSISTINDO | 🌟 REESTOQUE DIA 10 ou 16 às 18h | !loja !points !prime !sub,"['Português', 'Minecraft', 'RecompensasEspetadores']",[],False
189,2025-04-04 00:24,annadeneve,pt,R.E.P.O.,[DROPS ON] não case! mais um dia sendo trocada por overwatch ♡ !clip !pix !discord !comandos,"['Mulher', 'bonita', 'engraçada', 'Português', 'ConversandoComOChat', 'DropsAtivados']",[],False
189,2025-04-04 00:24,Pedro017Yt,pt,Fortnite,(3º !DROPS ON) 1h da manhã + RESGATE VB ASSISTINDO (!loja),"['Português', 'Fortnite', 'Jogandocomespectadores', 'DropsEnable', 'DropsAtivados']",[],False
189,2025-04-04 00:24,BrunoBalloni,pt,Counter-Strike,🔴RERUN!!!-> ❗csgocases ❗regraloja❗farm ❗sub ❗msg ❗loja,"['Português', 'fps', 'Brasil', 'counterstrike', 'cs', 'cs2', 'brazil']",['MatureGame'],False
189,2025-04-04 00:24,h1poison,pt,VALORANT,Vava com @faladelasgg @dehprieto e depois um jogo diferenciado,"['Português', 'valorant', 'fps', 'girl', 'leagueoflegends', 'lol', 'conversa', 'aventura', 'Poison']",[],False
189,2025-04-04 00:24,MajinOW2,pt,Stardew Valley,🟢 [ DROPS ] dormi demais mas estou renovado >/////<,"['Português', 'Overｗatch2', 'Overwatch', 'Ana', 'Reinhardt', 'Lucio', 'Bastion']",[],False
189,2025-04-04 00:24,Leahh_s2,pt,Marvel Rivals,DEU TUDO ERRADO NO OW E fui pro marvel pokas,"['girl', 'marvelrivals', 'marvel', 'overwatch2', 'overwatch', 'Português', 'terror', 'OW2', 'homemaranha', 'support']",[],False
189,2025-04-04 00:24,Katachi_____,pt,Intruder,| +18 | Eu também num sei não sabe,['Português'],['ProfanityVulgarity'],False
190,2025-04-04 04:02,iShadowWolf_,pt,Sea of Thieves,(+18) Livezinha Muito Doida!   ||   (❗comandos ❗metas ❗drops)   ||   (Epic Code: SHADOWOLF),['Português'],[],False
190,2025-04-04 04:02,EriclesSavio10,pt,Overwatch 2,427 I Sexta cheira❗btag ❗addmarvel❗sorteio ❗comandos,"['Português', 'fps', 'youtube', 'PlayStation', 'Overｗatch2', 'games', 'gameplay', 'marvelrivals', 'marvel']",[],False
190,2025-04-04 04:02,BrunoBalloni,pt,Counter-Strike,🔴RERUN!!!-> ❗csgocases ❗regraloja❗farm ❗sub ❗msg ❗loja,"['Português', 'fps', 'Brasil', 'counterstrike', 'cs', 'cs2', 'brazil']",['MatureGame'],False
190,2025-04-04 04:02,Pedro017Yt,pt,Fortnite,(3º !DROPS ON) + RESGATE ITENS ASSISTINDO (!loja),"['Português', 'Fortnite', 'Jogandocomespectadores', 'DropsEnable', 'DropsAtivados']",[],False
190,2025-04-04 04:02,VeNavas,pt,Counter-Strike,+18🟥RERUN🟥 CSZADA - LOJA ATUALIZADÍSSIMA ➡  AO VIVO FARMA MAIS!!!!⬅ ❗csgocases ❗loja ❗livepix ❗discord ❗donate,"['Português', 'Reposição']","['MatureGame', 'ProfanityVulgarity']",True
190,2025-04-04 04:02,piVini_,pt,Marvel Rivals,Como sempre de madrugada,"['Português', 'English', 'Russian', 'espanhol', 'DropsAtivados']",[],False
190,2025-04-04 04:02,Jeremy_GoneWild,en,inZOI,I can turn off aging now!,"['lgbtqia', 'gay', 'neurodivergent', 'autism', 'lgbt', 'English']",[],False
190,2025-04-04 04:02,kittysalty,en,Sticky Business,fun friday! sticky business! ★ Saving for my wedding! 18+ [AUS] !yay !love !discord,"['English', 'Australian', 'LGBTQIAPIus', '18OVER', 'Casual', 'LGBTQFriendly', 'FREEPALESTINE', 'cozycult']",[],False
190,2025-04-04 04:02,Tinycoffeecups,en,The Sims 4,Vibe City: 💰⚜️ 𝕆𝕃𝔻 𝕄𝕆ℕ𝔼𝕐 ⚜️💰 | Aesthetic Legacy Challenge Gen 5 !giveaway !legacy !eacode,"['LGBTQIAplus', 'bisexual', 'BLACK', 'chatty', 'english', 'vibe', 'AfricanAmerican', 'CasualPlayThrough', 'TheyThem', 'RP']",['ProfanityVulgarity'],False
191,2025-04-04 04:14,iShadowWolf_,pt,Sea of Thieves,(+18) Livezinha Muito Doida!   ||   (❗comandos ❗metas ❗drops)   ||   (Epic Code: SHADOWOLF),['Português'],[],False
191,2025-04-04 04:14,BrunoBalloni,pt,Counter-Strike,🔴RERUN!!!-> ❗csgocases ❗regraloja❗farm ❗sub ❗msg ❗loja,"['Português', 'fps', 'Brasil', 'counterstrike', 'cs', 'cs2', 'brazil']",['MatureGame'],False
191,2025-04-04 04:14,Pedro017Yt,pt,Fortnite,(3º !DROPS ON) + RESGATE ITENS ASSISTINDO (!loja),"['Português', 'Fortnite', 'Jogandocomespectadores', 'DropsEnable', 'DropsAtivados']",[],False
191,2025-04-04 04:14,VeNavas,pt,Counter-Strike,+18🟥RERUN🟥 CSZADA - LOJA ATUALIZADÍSSIMA ➡  AO VIVO FARMA MAIS!!!!⬅ ❗csgocases ❗loja ❗livepix ❗discord ❗donate,"['Português', 'Reposição']","['MatureGame', 'ProfanityVulgarity']",True
191,2025-04-04 04:14,EriclesSavio10,pt,Overwatch 2,427 I Sexta cheira❗btag ❗addmarvel❗sorteio ❗comandos,"['Português', 'fps', 'youtube', 'PlayStation', 'Overｗatch2', 'games', 'gameplay', 'marvelrivals', 'marvel']",[],False
191,2025-04-04 04:14,ZAKl1k,pt,Minecraft,🟢 MINECRAFT | ⭐ GANHE ASSISTINDO | 🌟 REESTOQUE DIA 10 ou 16 às 18h | !loja !points !prime !sub,"['Português', 'Minecraft', 'RecompensasEspetadores']",[],False
191,2025-04-04 04:14,bombombela,pt,League of Legends,+18🔞[LOL] Moanoite💤 ❗pix❗gf ❗sub ❗insta ❗youtube ❗BA ❗+18 ❗LOL ❗Valorant  ❗patrocinador,['Português'],['ProfanityVulgarity'],True
191,2025-04-04 04:15,SeergioRP,pt,Grand Theft Auto V,🔞 🔴 VOVO DO CR$ME 🔴OBRIGADO PELA PRESSENÇA DE VOÇES,"['Português', 'Reposição']",['MatureGame'],False
191,2025-04-04 04:15,BiaTsuuki,pt,Grand Theft Auto V,PLACA DE VÍDEO E WATER COOLER NOVOS! - GERENTE DA FRANÇA 🇫🇷🔥/ !sub / Redes Sociais: @biatsuuki,['Português'],['MatureGame'],False
192,2025-04-04 04:22,iShadowWolf_,pt,Sea of Thieves,(+18) Livezinha Muito Doida!   ||   (❗comandos ❗metas ❗drops)   ||   (Epic Code: SHADOWOLF),['Português'],[],False
192,2025-04-04 04:22,BrunoBalloni,pt,Counter-Strike,🔴RERUN!!!-> ❗csgocases ❗regraloja❗farm ❗sub ❗msg ❗loja,"['Português', 'fps', 'Brasil', 'counterstrike', 'cs', 'cs2', 'brazil']",['MatureGame'],False
192,2025-04-04 04:22,Pedro017Yt,pt,Fortnite,(!DROPS ON) FORTNITE + RESGATE ITENS ASSISTINDO A LIVE (❗loja) 🍉!PIX 🍉,"['Português', 'Fortnite', 'Jogandocomespectadores', 'DropsEnable', 'DropsAtivados']",[],False
192,2025-04-04 04:22,VeNavas,pt,Counter-Strike,+18🟥RERUN🟥 CSZADA - LOJA ATUALIZADÍSSIMA ➡  AO VIVO FARMA MAIS!!!!⬅ ❗csgocases ❗loja ❗livepix ❗discord ❗donate,"['Português', 'Reposição']","['MatureGame', 'ProfanityVulgarity']",True
192,2025-04-04 04:22,ZAKl1k,pt,Minecraft,🟢 MINECRAFT | ⭐ GANHE ASSISTINDO | 🌟 REESTOQUE DIA 10 ou 16 às 18h | !loja !points !prime !sub,"['Português', 'Minecraft', 'RecompensasEspetadores']",[],False
192,2025-04-04 04:22,EriclesSavio10,pt,Overwatch 2,427 I Sexta cheira❗btag ❗addmarvel❗sorteio ❗comandos,"['Português', 'fps', 'youtube', 'PlayStation', 'Overｗatch2', 'games', 'gameplay', 'marvelrivals', 'marvel']",[],False
192,2025-04-04 04:22,thayzinhag,pt,VALORANT,+18  alguém me tira desse elo    !pix !elo,"['gtarp', 'pvp', 'Português', 'valorant']",['ProfanityVulgarity'],False
192,2025-04-04 04:22,nvmegumi,pt,Just Chatting,conversinhas hahaha concordo,['Português'],[],False
192,2025-04-04 04:22,yungyro,pt,inZOI,jogando inzoi pela primeira vez 🌼  !prêmio !react !amazon 🌼5% charme 15% colaboração e 80% autoritarismo🌼,"['Português', 'chill', 'filme', 'ASMR', 'gato', 'Cosplay']",[],False
193,2025-04-04 04:33,iShadowWolf_,pt,Sea of Thieves,(+18) Livezinha Muito Doida!   ||   (❗comandos ❗metas ❗drops)   ||   (Epic Code: SHADOWOLF),['Português'],[],False
193,2025-04-04 04:33,BrunoBalloni,pt,Counter-Strike,🔴RERUN!!!-> ❗csgocases ❗regraloja❗farm ❗sub ❗msg ❗loja,"['Português', 'fps', 'Brasil', 'counterstrike', 'cs', 'cs2', 'brazil']",['MatureGame'],False
193,2025-04-04 04:33,Pedro017Yt,pt,Fortnite,(!DROPS ON) FORTNITE + RESGATE ITENS ASSISTINDO A LIVE (❗loja) 🍉!PIX 🍉,"['Português', 'Fortnite', 'Jogandocomespectadores', 'DropsEnable', 'DropsAtivados']",[],False
193,2025-04-04 04:33,VeNavas,pt,Counter-Strike,+18🟥RERUN🟥 CSZADA - LOJA ATUALIZADÍSSIMA ➡  AO VIVO FARMA MAIS!!!!⬅ ❗csgocases ❗loja ❗livepix ❗discord ❗donate,"['Português', 'Reposição']","['MatureGame', 'ProfanityVulgarity']",True
193,2025-04-04 04:34,ZAKl1k,pt,Minecraft,🟢 MINECRAFT | ⭐ GANHE ASSISTINDO | 🌟 REESTOQUE DIA 10 ou 16 às 18h | !loja !points !prime !sub,"['Português', 'Minecraft', 'RecompensasEspetadores']",[],False
193,2025-04-04 04:34,CriaPlayer,pt,VALORANT,🎃GOTHAM RP🎃 #79 ZERO CRIATIVIDADE...  #VdgPraKrlh #TropaDosDodóis !gotham  !fancam,['Português'],['ProfanityVulgarity'],False
193,2025-04-04 04:34,guitolive,pt,Grand Theft Auto V,eu vou enlouquecer (mais) • !guitoeguto !sorteio • ✳️ !pix !apoie ☁️ !nuuvem 🛍️ !amazon 🔫 !fortnite,"['Português', 'Caricata', 'Gay', 'Beyoncé', 'Mãe', 'Discreta', 'TDAH', 'Gostosa']",['MatureGame'],False
193,2025-04-04 04:34,NickyMitravam,pt,Grand Theft Auto V,missoes trans com as trans +18 RISE !pix !sub !discord !zap !rise,"['nickymitrava', 'LGBTQ', 'Português', 'pinkdemons', 'GTARP']",['MatureGame'],True
193,2025-04-04 04:34,sabrinoca,pt,League of Legends,live secreta de tft / SUBATHON DIA 05/04!!  !odyssey !odysseycup,"['Português', 'MãeDePrimeiraViagem', 'BaratinhaDeFogão', 'Concubina', 'Melões', 'MulherDePreso', 'LeagueofLegends', 'Aliada', 'GíriasRegionais', 'Simples']",[],True
194,2025-04-04 04:45,iShadowWolf_,pt,Sea of Thieves,(+18) Livezinha Muito Doida!   ||   (❗comandos ❗metas ❗drops)   ||   (Epic Code: SHADOWOLF),['Português'],[],False
194,2025-04-04 04:45,BrunoBalloni,pt,Counter-Strike,🔴RERUN!!!-> ❗csgocases ❗regraloja❗farm ❗sub ❗msg ❗loja,"['Português', 'fps', 'Brasil', 'counterstrike', 'cs', 'cs2', 'brazil']",['MatureGame'],False
194,2025-04-04 04:45,NYKAGAMER_,pt,Fortnite,bora ou num bora❗️LIVEPIX ❗️Onlyfans ❗️Comandos ❗️Discord ❗️Clip,"['Fortnite', 'Português', 'Mulher', 'brasil', 'Español', '한국어', 'Русский', '漢語', 'ภาษาไทย', '日本語']",[],False
194,2025-04-04 04:45,ZAKl1k,pt,Minecraft,🟢 MINECRAFT | ⭐ GANHE ASSISTINDO | 🌟 REESTOQUE DIA 10 ou 16 às 18h | !loja !points !prime !sub,"['Português', 'Minecraft', 'RecompensasEspetadores']",[],False
194,2025-04-04 04:45,Pedro017Yt,pt,Fortnite,(!DROPS ON) FORTNITE + RESGATE ITENS ASSISTINDO A LIVE (❗loja) 🍉!PIX 🍉,"['Português', 'Fortnite', 'Jogandocomespectadores', 'DropsEnable', 'DropsAtivados']",[],False
194,2025-04-04 04:45,EriclesSavio10,pt,Overwatch 2,427 I Sexta cheira❗btag ❗addmarvel❗sorteio ❗comandos,"['Português', 'fps', 'youtube', 'PlayStation', 'Overｗatch2', 'games', 'gameplay', 'marvelrivals', 'marvel']",[],False
194,2025-04-04 04:45,eLyzao,pt,VALORANT,LIVE DE ANIVERSÁRIO !TICKET ( SORTEIO DE 35 REAIS PARA OS SUBS )      ❗Nesha ❗iox +18,['Português'],[],False
194,2025-04-04 04:46,BobSiqueira,pt,Counter-Strike,BUTECO DE QUINTA COM O BOBZAO ---  -> ->  !Formulario  !TopSkins  !Insane  !Loja  !XTSKINS,"['Português', 'Bobzao', 'CS2', 'reacts', 'Pc', 'csgo', 'topskins']",['MatureGame'],True
194,2025-04-04 04:46,lucaspierry1,pt,Counter-Strike,RERUN ON // RESGATE SUA SKIN GRATIS EM !LOJA // Siga @lucaspierry1 no Instagram // !sub !hellcase !loja,"['Português', 'Reposição']","['MatureGame', 'ProfanityVulgarity']",False
195,2025-04-04 08:04,iShadowWolf_,pt,Fortnite,(+18) Livezinha Muito Doida!   ||   (❗comandos ❗metas ❗drops)   ||   (Epic Code: SHADOWOLF),"['Português', 'DropsAtivados']",[],False
195,2025-04-04 08:04,morenageek,pt,Fortnite,Que o seu dia seja tão especial quanto você.,"['Fortnite', 'GirlPlayer', 'PS5LiveStream', 'ControlerGaming', 'Português', 'DropsAtivados']",[],False
195,2025-04-04 08:05,BrunoBalloni,pt,Counter-Strike,🔴RERUN!!!-> ❗csgocases ❗regraloja❗farm ❗sub ❗msg ❗loja,"['Português', 'fps', 'Brasil', 'counterstrike', 'cs', 'cs2', 'brazil']",['MatureGame'],False
195,2025-04-04 08:05,VeNavas,pt,Counter-Strike,+18🟥RERUN🟥 CSZADA - LOJA ATUALIZADÍSSIMA ➡  AO VIVO FARMA MAIS!!!!⬅ ❗csgocases ❗loja ❗livepix ❗discord ❗donate,"['Português', 'Reposição']","['MatureGame', 'ProfanityVulgarity']",True
195,2025-04-04 08:05,ZAKl1k,pt,Minecraft,🟢 MINECRAFT | ⭐ GANHE ASSISTINDO | 🌟 REESTOQUE DIA 10 ou 16 às 18h | !loja !points !prime !sub,"['Português', 'Minecraft', 'RecompensasEspetadores']",[],False
195,2025-04-04 08:05,Xerekiss,pt,Fortnite,[DROP ON] JOGANDO COM O CHAT | RESGATE ITENS ASSISTINDO A LIVE (❗loja) | CODE: XEREKISS #ad,"['Português', 'Brasil', 'fps', 'Fortnite', 'Portugal', 'battleroyale', 'DropsAtivados']",[],False
195,2025-04-04 08:05,Tixinhadois,pt,VALORANT,BILIBILI 0x0 WOLVES (MD3) #vctwatchparty - !loco !kaspersky,"['Português', 'valorant', 'Tixinha', 'cypher', 'valorantbr']",[],False
195,2025-04-04 08:05,oantunesz,pt,VALORANT,GAMEPLAY EXPLICATIVA RADIANT / 8 R$ = Análise Tracker | !analise | @oantunesz on socials | !tipspace |!otimizacao | SUB = GRUPO NO WPP,"['Valorant', 'Radiante', 'Português', 'fps', 'Competitivo', 'Ranked', 'English', 'viper', 'nerd', 'holidayhoopla']",[],False
195,2025-04-04 08:05,Baiano,pt,League of Legends,🟢 LCK AO VIVO: DRX x T1 🟢 🌴 !kbmidl !grupo !bb  !status #LCKWATCHPARTY,['Português'],[],False
196,2025-04-04 08:15,iShadowWolf_,pt,Fortnite,(+18) Livezinha Muito Doida!   ||   (❗comandos ❗metas ❗drops)   ||   (Epic Code: SHADOWOLF),"['Português', 'DropsAtivados']",[],False
196,2025-04-04 08:15,morenageek,pt,Fortnite,Que o seu dia seja tão especial quanto você.,"['Fortnite', 'GirlPlayer', 'PS5LiveStream', 'ControlerGaming', 'Português', 'DropsAtivados']",[],False
196,2025-04-04 08:16,BrunoBalloni,pt,Counter-Strike,🔴RERUN!!!-> ❗csgocases ❗regraloja❗farm ❗sub ❗msg ❗loja,"['Português', 'fps', 'Brasil', 'counterstrike', 'cs', 'cs2', 'brazil']",['MatureGame'],False
196,2025-04-04 08:16,ZAKl1k,pt,Minecraft,🟢 MINECRAFT | ⭐ GANHE ASSISTINDO | 🌟 REESTOQUE DIA 10 ou 16 às 18h | !loja !points !prime !sub,"['Português', 'Minecraft', 'RecompensasEspetadores']",[],False
196,2025-04-04 08:16,NYKAGAMER_,pt,Fortnite,bora ou num bora❗️LIVEPIX ❗️Onlyfans ❗️Comandos ❗️Discord ❗️Clip,"['Fortnite', 'Português', 'Mulher', 'brasil', 'Español', '한국어', 'Русский', '漢語', 'ภาษาไทย', '日本語']",[],False
196,2025-04-04 08:16,ckgeek,pt,Marvel Rivals,FINALMENTE PEGAMOS DIAMANTE ALEGRIA ✅RERUN✅,"['Português', 'DropsAtivados']",[],False
196,2025-04-04 08:16,Beardageddon,en,Sea of Thieves,Beardageddon247 is the other guy !247 !GS !prime !mobile,"['English', 'Casual', 'Interactive', 'ChatInteraction', 'PvP', 'PvE', 'chill', 'moderated', 'NoPolitics']",[],True
196,2025-04-04 08:16,RocketManKian,en,Assassin's Creed Shadows,🟢Assassin in the Shadows🟢| !merch - !kofi - !discord,"['English', 'FamilyFriendly', 'ducks', 'SoggyCereal', 'SoTPartner', 'UbisoftCreator']",['MatureGame'],False
196,2025-04-04 08:16,ShockwaveZ3R0,en,Sea of Thieves,🏴OG🟣Solo🟣PvP🏴 ~ One-Quarter-BILLION Gold Stolen ~ 1.9k+ HG ~ 1325+ Commendations ~,"['Solo', 'PvP', 'NoCam', 'English']",['ProfanityVulgarity'],False
197,2025-04-04 08:24,iShadowWolf_,pt,Fortnite,(+18) Livezinha Muito Doida!   ||   (❗comandos ❗metas ❗drops)   ||   (Epic Code: SHADOWOLF),"['Português', 'DropsAtivados']",[],False
197,2025-04-04 08:24,morenageek,pt,Fortnite,Que o seu dia seja tão especial quanto você.,"['Fortnite', 'GirlPlayer', 'PS5LiveStream', 'ControlerGaming', 'Português', 'DropsAtivados']",[],False
197,2025-04-04 08:24,BrunoBalloni,pt,Counter-Strike,🔴RERUN!!!-> ❗csgocases ❗regraloja❗farm ❗sub ❗msg ❗loja,"['Português', 'fps', 'Brasil', 'counterstrike', 'cs', 'cs2', 'brazil']",['MatureGame'],False
197,2025-04-04 08:24,NYKAGAMER_,pt,Fortnite,bora ou num bora❗️LIVEPIX ❗️Onlyfans ❗️Comandos ❗️Discord ❗️Clip,"['Fortnite', 'Português', 'Mulher', 'brasil', 'Español', '한국어', 'Русский', '漢語', 'ภาษาไทย', '日本語']",[],False
197,2025-04-04 08:25,ZAKl1k,pt,Minecraft,🟢 MINECRAFT | ⭐ GANHE ASSISTINDO | 🌟 REESTOQUE DIA 10 ou 16 às 18h | !loja !points !prime !sub,"['Português', 'Minecraft', 'RecompensasEspetadores']",[],False
197,2025-04-04 08:25,ckgeek,pt,Marvel Rivals,FINALMENTE PEGAMOS DIAMANTE ALEGRIA ✅RERUN✅,"['Português', 'DropsAtivados']",[],False
197,2025-04-04 08:25,SouLilu,pt,VALORANT,✨BOM DIAAAA ✨ 🎮 !meta . !wishlist,"['Português', 'mulher', 'ruiva', 'gamer', 'leagueoflegeneds']",[],False
197,2025-04-04 08:25,MichaelS2,pt,VALORANT,[PT-BR] É POSSÍVEL SAIR DO PRATA? 🤔,"['JogandocomViewers', 'batepapo', 'AMA', 'Entretenimento', 'Jogadoresiniciantes', 'Jogadacasual', 'Conversação', 'Português', 'amigos', 'StreamGamer']",[],False
197,2025-04-04 08:25,CenourinhaRadical,pt,Minecraft,[NO MIC]  MINECRAFT PARKOUR LOFI,"['Conversa', 'Chat', 'jogar', 'English', 'Português', 'RecompensasEspetadores']",[],False
198,2025-04-04 08:34,iShadowWolf_,pt,Fortnite,(+18) Livezinha Muito Doida!   ||   (❗comandos ❗metas ❗drops)   ||   (Epic Code: SHADOWOLF),"['Português', 'DropsAtivados']",[],False
198,2025-04-04 08:34,morenageek,pt,Fortnite,Que o seu dia seja tão especial quanto você.,"['Fortnite', 'GirlPlayer', 'PS5LiveStream', 'ControlerGaming', 'Português', 'DropsAtivados']",[],False
198,2025-04-04 08:34,ZAKl1k,pt,Minecraft,🟢 MINECRAFT | ⭐ GANHE ASSISTINDO | 🌟 REESTOQUE DIA 10 ou 16 às 18h | !loja !points !prime !sub,"['Português', 'Minecraft', 'RecompensasEspetadores']",[],False
198,2025-04-04 08:34,BrunoBalloni,pt,Counter-Strike,🔴RERUN!!!-> ❗csgocases ❗regraloja❗farm ❗sub ❗msg ❗loja,"['Português', 'fps', 'Brasil', 'counterstrike', 'cs', 'cs2', 'brazil']",['MatureGame'],False
198,2025-04-04 08:34,NYKAGAMER_,pt,Fortnite,bora ou num bora❗️LIVEPIX ❗️Onlyfans ❗️Comandos ❗️Discord ❗️Clip,"['Fortnite', 'Português', 'Mulher', 'brasil', 'Español', '한국어', 'Русский', '漢語', 'ภาษาไทย', '日本語']",[],False
198,2025-04-04 08:34,ckgeek,pt,Marvel Rivals,FINALMENTE PEGAMOS DIAMANTE ALEGRIA ✅RERUN✅,"['Português', 'DropsAtivados']",[],False
198,2025-04-04 08:34,DanZucaTV,pt,Autopsy Simulator,Autopsy Simulator + The First Berserker: Khazan #004 | ❗loja ❗bits ❗clip ❗ssub - Thanks @team17,"['Português', 'Brasil', 'TDAH', 'JogadorCasual', 'PS5', 'Nintendo', 'XboxSeriesX', 'AMA', 'ModoHistória', 'Lançamentos']",['MatureGame'],False
198,2025-04-04 08:34,TkAnGels,pt,Dead by Daylight,"[DROPS ON] 5000h Bom dia, oq acharam do killer novo? !PIX !DISCORD !YOUTUBE","['competitivo', 'casual', 'Português', 'marvelrivals', 'suport', 'DropsAtivados']",['MatureGame'],False
198,2025-04-04 08:34,Jeffinho,pt,Dead by Daylight,🌈[DROPS ON] DBD: TESTANDO KEN KANEKI DEPOIS JOGO DE TERROR LANÇAMENTO! #ExitLag #Overdose #keymailer,"['portugues', 'brasileiro', 'sobrevivencia', 'justchatting', 'LGBTQGAMER', 'deadbydaylight', 'dbd', 'Overdose', 'Português', 'DropsAtivados']",['MatureGame'],False
0,2025-04-07 20:04,BrunoBalloni,pt,Counter-Strike,🟢HOJE TEM SORTEIO DOS SUBS! -> ❗csgocases ❗regraloja❗farm ❗sub ❗msg ❗loja,"['Português', 'fps', 'Brasil', 'counterstrike', 'cs', 'cs2', 'brazil']",['MatureGame'],False
0,2025-04-07 20:04,loud_coringa,pt,Kings League,LIVE 7 DIAS - DIA 1,['Português'],[],False
0,2025-04-07 20:04,Tianegamer,pt,Grand Theft Auto V,[METACITY] Bora D Guerra! CODIGUIM,['Português'],['MatureGame'],False
0,2025-04-07 20:04,yunizinhafps,pt,Grand Theft Auto V,+18 DIVISA RP [COMANDO] 💥🐍 SEGUNDOU  ? VOLTEI MUITO BOM DIA KK,"['Português', 'coringarp', 'GTARPLIVE', 'datenarp', 'gtavrproleplay', 'ＧTA5', 'gtandTheftAutoV', 'ComplexoRP', 'redbeiramar', 'paulinhooloko']",['MatureGame'],False
0,2025-04-07 20:04,iShadowWolf_,pt,Fall Guys,(+18) Livezinha Muito Doida!   ||   (❗comandos ❗metas ❗drops)   ||   (Epic Code: SHADOWOLF),['Português'],[],False
0,2025-04-07 20:04,EiMine77,pt,Minecraft,✅ RECOMPENSAS ON! | ⭐ SEJA RÁPIDO E GANHE UMA CAPA DE GRAÇA: !CAPA | 💘 INSTAGRAM: @EIMINE77 | !ajuda !rerun !sub !subgratis !loja,"['Minecraft', 'EiMine', 'Português']",[],False
0,2025-04-07 20:04,Mateuuusao,pt,EA Sports FC 25,!livepix - Na busca pelo cascão e jogatina - LERO COINS,"['ULTIMATE', 'FUTEBOL', 'Português']",[],False
0,2025-04-07 20:05,JotaJogadasTV,pt,Just Chatting,dia de felicidade - !resumo !subpix,"['Português', 'Esportes', 'gameplay', 'Futebol', 'NBA', 'react']",[],False
0,2025-04-07 20:05,JonVlogs,pt,Kings League,🟢 AO VIVO - KINGS LEAGUE - HOJE É DIA DE CAPIM FC x DENDELE FC,"['Português', 'bdj', 'jonvlogs']",[],False
1,2025-04-07 20:14,BrunoBalloni,pt,Counter-Strike,🟢HOJE TEM SORTEIO DOS SUBS! -> ❗csgocases ❗regraloja❗farm ❗sub ❗msg ❗loja,"['Português', 'fps', 'Brasil', 'counterstrike', 'cs', 'cs2', 'brazil']",['MatureGame'],False
1,2025-04-07 20:14,guisobrevivente_,pt,Just Chatting,lore do minecraft,"['minecraft', 'games', 'conversa', 'construcao', 'shaders', 'capa', 'Português']",[],False
1,2025-04-07 20:14,kingsleague_br,pt,Kings League,Desimpedidos Goti vs. Fluxo FC 👑 RODADA 3 - Kings League Brazil⚽,"['kingsleague', 'kingsworldcup', 'Português', 'kingsleaguebr']",[],False
1,2025-04-07 20:14,sicko1,pt,Fortnite,🟣 DROPS 🟣 👑 203902 COROAS 👑 CODE SICKO #ad ❗exitlag,"['Português', 'PvP', 'English', 'Calvo', 'Idoso', 'Lindo', 'Humilde', 'chill', 'Terror', 'DropsAtivados']",[],False
1,2025-04-07 20:14,ocontagia,pt,Gartic Phone,PALHAÇO CONTAGIA e sua live de segunda... PALHAÇO PICAÇO e seus aprendizes !comandos,"['lol', 'tft', 'alegria', 'portugues', 'YoDa', 'Brino', 'palhaco', 'Português']",[],False
1,2025-04-07 20:15,DennisRii,pt,Counter-Strike,segundou br de cs |❗pix❗dc❗comandos | faço parte da @tiltgameteam,"['Reposição', 'Português', 'fortinte', 'Bi', 'Brasill', 'minecraftsurivial']",['MatureGame'],False
1,2025-04-07 20:15,maethe,pt,Just Chatting,Joguinhos e fofoquinhas!,['Português'],[],True
1,2025-04-07 20:15,Thatales_,pt,PICO PARK,GAMEPLAYS COM O CHAT ENQUANTO TOU NA ACAD | LIVE INFINITA DO THATA,['Português'],[],False
1,2025-04-07 20:15,ChratosGameplay,pt,RimWorld,SEGUNDOU COM SOFRIMENTO NO ATOL E ALAVANCANDO O CARTEL A CAMINHO DO PÓ!  *SUB NÃO VÊ AD* | !doomsday | !pix | !sociais | !marco,"['estratégia', 'chratosgameplay', 'grandstrategy', 'citybuilder', 'projectzomboid', 'rimworld', 'thesims', 'citiesskylines', 'simulação', 'victoria3']",['MatureGame'],False
2,2025-04-07 20:22,yunizinhafps,pt,Grand Theft Auto V,+18 DIVISA RP [COMANDO] 💥🐍 SEGUNDOU  ? VOLTEI MUITO BOM DIA KK,"['Português', 'coringarp', 'GTARPLIVE', 'datenarp', 'gtavrproleplay', 'ＧTA5', 'gtandTheftAutoV', 'ComplexoRP', 'redbeiramar', 'paulinhooloko']",['MatureGame'],False
2,2025-04-07 20:22,iShadowWolf_,pt,Fall Guys,(+18) Livezinha Muito Doida!   ||   (❗comandos ❗metas ❗drops)   ||   (Epic Code: SHADOWOLF),['Português'],[],False
2,2025-04-07 20:22,BrunoBalloni,pt,Counter-Strike,🟢HOJE TEM SORTEIO DOS SUBS! -> ❗csgocases ❗regraloja❗farm ❗sub ❗msg ❗loja,"['Português', 'fps', 'Brasil', 'counterstrike', 'cs', 'cs2', 'brazil']",['MatureGame'],False
2,2025-04-07 20:23,oimille,pt,Fortnite,"[DROPS ON] GESTO GRÁTIS DO FORTNITE, VEM GARANTIR O SEU! - ❗JOGAR  ❗NICK ❗PRESENTE❗PRIME ❗PIX ❗INSTA ❗DISCORD","['Português', 'fornite', 'fortnitebrasil', 'garotagamer', 'Brasil', 'fortnitegaminglive']",[],True
2,2025-04-07 20:23,Hairzinho,pt,EA Sports FC 25,ALGUMA COISA PRA FAZER E PRO CLUBS MORAL DOS BRO! + !GRUPO + !PARCERIA !REDES !TIKTOK,"['ULTIMATETEAM', 'RAGE', 'ENGRACADO', 'PACKS', 'COMPETITIVO', 'Português', 'Brasil', 'WeekendLeague', 'Portugal', 'Reposição']",[],False
2,2025-04-07 20:23,GUU_YT,pt,Fortnite,DROP GESTO GRATIS AQUI !DROP E VEJA TUDO CERTINHO FREE  FORTNITE ITENS GRATIS de MORTAL KOMBAT ITENS FORTNITE( APOIE GUU NA LOJA ),"['Fortnite', 'lojadehojefortnite', 'Apoieumcriador', 'JOGOFORTNITE', 'VbucksGrátis', 'gratisvbucks', 'LOJADEITENS', 'Português', 'dropsfortnite']",[],False
2,2025-04-07 20:23,guisobrevivente_,pt,Schedule I,vendendo consumindo e fabricando,"['minecraft', 'games', 'conversa', 'construcao', 'shaders', 'capa', 'Português']",['MatureGame'],False
2,2025-04-07 20:23,DanriqueTW,pt,Minecraft,VIREI EMPRESÁRIO + DESAFIO AO SURGE! !host !cobblemon,['Português'],[],False
2,2025-04-07 20:23,EiMine24h,pt,Minecraft,✅ RECOMPENSAS ON! | ⭐ SEJA RÁPIDO E GANHE UMA CAPA DE GRAÇA: !CAPA | 💘 INSTAGRAM: @EIMINE77 | !ajuda !rerun !subgratis !loja,"['Português', 'Minecraft', 'EiMine']",[],False
3,2025-04-08 00:02,BrunoBalloni,pt,Project Zomboid,🔴RERUN!!!  -> ❗csgocases ❗regraloja❗farm ❗sub ❗msg ❗loja,"['Português', 'fps', 'Brasil', 'counterstrike', 'cs', 'cs2', 'brazil']",[],False
3,2025-04-08 00:02,iShadowWolf_,pt,Fortnite,(+18) Livezinha Muito Doida!   ||   (❗comandos ❗metas ❗drops)   ||   (Epic Code: SHADOWOLF),"['Português', 'DropsAtivados']",[],False
3,2025-04-08 00:02,enriquemachado_,pt,The Last of Us Part II: Remastered,🟢 #4 THE LAST OF US NO PC!!🟢 SORTEIO DE 4 FACAS >❗ Sorteio  ❗topskin ❗loja ❗csgobig  ❗insane  ❗suaskin +18,['Português'],['MatureGame'],False
3,2025-04-08 00:02,EiMine77,pt,Minecraft,✅ RECOMPENSAS ON! | ⭐ SEJA RÁPIDO E GANHE UMA CAPA DE GRAÇA: !CAPA | 💘 INSTAGRAM: @EIMINE77 | !ajuda !rerun !sub !subgratis !loja,"['Minecraft', 'EiMine', 'Português']",[],False
3,2025-04-08 00:02,lulinha__,pt,Overwatch 2,Brincando de brincadeira,"['Depressão', 'naoseifalar', 'Português']",[],False
3,2025-04-08 00:02,oimille,pt,Fortnite,"[DROPS ON] GESTO GRÁTIS DO FORTNITE, VEM GARANTIR O SEU! - ❗JOGAR  ❗NICK ❗PRESENTE❗PRIME ❗PIX ❗INSTA ❗DISCORD","['Português', 'fornite', 'fortnitebrasil', 'garotagamer', 'Brasil', 'fortnitegaminglive']",[],True
3,2025-04-08 00:02,amoedo_,pt,Marvel Rivals,Rankeds Eternity !pix !passegratis !discord,['Português'],[],False
3,2025-04-08 00:02,piVini_,pt,Paladins,Paladins,"['Português', 'English', 'Russian', 'espanhol']",[],False
3,2025-04-08 00:02,Rodrigos_br,pt,Marvel Rivals,PERDI A MINHA VOZ JOGANDO RANKED | Celestial 2 |,"['Português', 'marvelrivals']",[],False
4,2025-04-08 00:14,iShadowWolf_,pt,Fortnite,(+18) Livezinha Muito Doida!   ||   (❗comandos ❗metas ❗drops)   ||   (Epic Code: SHADOWOLF),"['Português', 'DropsAtivados']",[],False
4,2025-04-08 00:14,BrunoBalloni,pt,Project Zomboid,🔴RERUN!!!  -> ❗csgocases ❗regraloja❗farm ❗sub ❗msg ❗loja,"['Português', 'fps', 'Brasil', 'counterstrike', 'cs', 'cs2', 'brazil']",[],False
4,2025-04-08 00:14,anakxb,pt,Grand Theft Auto V,[+ 18 LADO LESTE ] - SEGUNDOU MAIS MORTA DOQ VIVA !CIDADE !LADOLESTE !PIX !SUB !CODIGUIN,"['LadoLesteRP', 'LADOLESTE', 'GTARP', 'Mulher', 'Português', 'goat', 'RP', 'gta']",['MatureGame'],False
4,2025-04-08 00:14,EiMine77,pt,Minecraft,✅ RECOMPENSAS ON! | ⭐ SEJA RÁPIDO E GANHE UMA CAPA DE GRAÇA: !CAPA | 💘 INSTAGRAM: @EIMINE77 | !ajuda !rerun !sub !subgratis !loja,"['Minecraft', 'EiMine', 'Português']",[],False
4,2025-04-08 00:14,bocaorj,pt,Grand Theft Auto V,"[+18 ]:BORA RAPAZIADA HJ VAMOS DAR CONTINUAÇÃO NA NOSSA HISTORIA,TENHO Q CONFRONTAR MEU EU DO PASSADO PRA MELHORAR MEU FUTURO!!!!","['Português', 'fps', 'PMSP', 'ROTA', 'choque']",['MatureGame'],False
4,2025-04-08 00:14,medbia_,pt,Fortnite,Médica no fortnelson? [DROPS ON] USE CODE MEDBIA // JOGANDO COM CHAT S2,"['FortniteGirl', 'Fortnite', 'FortniteBrasil', 'reload', 'trocação', 'dropson', 'Português', 'DropsAtivados', 'jogandocomchat']",[],False
4,2025-04-08 00:14,DrarkoN_GM,pt,Marvel Rivals,Drops On! Marvel Rivals e Overwatch (Main Winter Soldier! Confia!) @raiderscompany,"['RPG', 'MMORPG', 'rpgdemesa', 'InterpretaçãoPersonagens', 'DD5e', 'Retro', 'PokemonCommunity', 'soulslike', 'eldenring', 'Heroshooter']",[],False
4,2025-04-08 00:14,Paschoalin,pt,Overwatch 2,SEGUNDA BRABA | ❗sr ❗sociais ❗pix,"['Português', 'Español', 'Maromba', 'Bigode', 'vasco', 'indie', 'Brasil', 'English', 'Portugal', 'Coop']",['ProfanityVulgarity'],False
4,2025-04-08 00:14,SamaraBss,pt,Marvel Rivals,🔞Dando oi ja falando tchau  (live curtinha)... ajuda nas metinhas favôzin 💜| @RaidersCompany ❗comandos | CÓD EPIC: samarabss,['Português'],['ProfanityVulgarity'],True
5,2025-04-08 00:24,iShadowWolf_,pt,Fortnite,(+18) Livezinha Muito Doida!   ||   (❗comandos ❗metas ❗drops)   ||   (Epic Code: SHADOWOLF),"['Português', 'DropsAtivados']",[],False
5,2025-04-08 00:24,BrunoBalloni,pt,Project Zomboid,🔴RERUN!!!  -> ❗csgocases ❗regraloja❗farm ❗sub ❗msg ❗loja,"['Português', 'fps', 'Brasil', 'counterstrike', 'cs', 'cs2', 'brazil']",[],False
5,2025-04-08 00:25,oimille,pt,Fortnite,"[DROPS ON] GESTO GRÁTIS DO FORTNITE, VEM GARANTIR O SEU! - ❗JOGAR  ❗NICK ❗PRESENTE❗PRIME ❗PIX ❗INSTA ❗DISCORD","['Português', 'fornite', 'fortnitebrasil', 'garotagamer', 'Brasil', 'fortnitegaminglive']",[],True
5,2025-04-08 00:25,anakxb,pt,Grand Theft Auto V,[+ 18 LADO LESTE ] - SEGUNDOU MAIS MORTA DOQ VIVA !CIDADE !LADOLESTE !PIX !SUB !CODIGUIN,"['LadoLesteRP', 'LADOLESTE', 'GTARP', 'Mulher', 'Português', 'goat', 'RP', 'gta']",['MatureGame'],False
5,2025-04-08 00:25,EiMine77,pt,Minecraft,✅ RECOMPENSAS ON! | ⭐ SEJA RÁPIDO E GANHE UMA CAPA DE GRAÇA: !CAPA | 💘 INSTAGRAM: @EIMINE77 | !ajuda !rerun !sub !subgratis !loja,"['Minecraft', 'EiMine', 'Português']",[],False
5,2025-04-08 00:25,lulinha__,pt,Overwatch 2,Brincando de brincadeira,"['Depressão', 'naoseifalar', 'Português']",[],False
5,2025-04-08 00:25,exexeboy,pt,Overwatch 2,bits? 🙌 sub? 🙌 lurk? 🙌 (me ajuda na meta por favorzinho),"['Portuguese', 'Português']",[],False
5,2025-04-08 00:25,EriclesSavio10,pt,Marvel Rivals,431 I E lá vamos nós mais uma vez❗btag ❗addmarvel❗sorteio ❗comandos,"['Português', 'fps', 'youtube', 'PlayStation', 'Overｗatch2', 'games', 'gameplay', 'marvelrivals', 'marvel']",[],False
5,2025-04-08 00:25,mihzavati,pt,Overwatch 2,bora jogar CMG? !comandos !pix,['Português'],[],False
6,2025-04-08 00:35,iShadowWolf_,pt,Fortnite,(+18) Livezinha Muito Doida!   ||   (❗comandos ❗metas ❗drops)   ||   (Epic Code: SHADOWOLF),"['Português', 'DropsAtivados']",[],False
6,2025-04-08 00:35,BrunoBalloni,pt,Project Zomboid,🔴RERUN!!!  -> ❗csgocases ❗regraloja❗farm ❗sub ❗msg ❗loja,"['Português', 'fps', 'Brasil', 'counterstrike', 'cs', 'cs2', 'brazil']",[],False
6,2025-04-08 00:35,lulinha__,pt,Overwatch 2,Brincando de brincadeira,"['Depressão', 'naoseifalar', 'Português']",[],False
6,2025-04-08 00:35,oimille,pt,Fortnite,"[DROPS ON] GESTO GRÁTIS DO FORTNITE, VEM GARANTIR O SEU! - ❗JOGAR  ❗NICK ❗PRESENTE❗PRIME ❗PIX ❗INSTA ❗DISCORD","['Português', 'fornite', 'fortnitebrasil', 'garotagamer', 'Brasil', 'fortnitegaminglive']",[],True
6,2025-04-08 00:35,EiMine77,pt,Minecraft,✅ RECOMPENSAS ON! | ⭐ SEJA RÁPIDO E GANHE UMA CAPA DE GRAÇA: !CAPA | 💘 INSTAGRAM: @EIMINE77 | !ajuda !rerun !sub !subgratis !loja,"['Minecraft', 'EiMine', 'Português']",[],False
6,2025-04-08 00:35,loud_coringa,pt,Just Chatting,LIVE 7 DIAS - DIA 2,['Português'],[],False
6,2025-04-08 00:35,GoianoRP8,pt,Grand Theft Auto V,+18 CAPITAL | GERENTE DA I.M.A ❗PIX❗CLIP❗SUB,"['ＧTA5', 'Português', 'goianorp', 'capitalcity', 'capitalcityrp', 'capitalcityrp', 'paulinhooloko', 'gothamcity', 'gothamcityrp', 'PaulinhoLOKObr']",['MatureGame'],False
6,2025-04-08 00:36,jacarepereira,pt,Grand Theft Auto V,"+18 GTARP [CAPITAL] Mano a Mano  pra mim é esporte""",['Português'],['MatureGame'],False
6,2025-04-08 00:36,bia_nacena,pt,Grand Theft Auto V,[CAPITAL CITY / GOTHAM] [+18]  O TERROR AÉREO DA CAPITAL ESTÁ DE VOLTA E INSPIRADO!! (PRIME BIA NACENA IS BACK!!!),"['Português', 'GTARP', 'fivem', 'GTARPLIVE', 'CAPITAL', 'paulinhooloko', 'complexo', 'gothamcity', 'Gotham']",['MatureGame'],False
7,2025-04-08 04:02,estrelarp,pt,Grand Theft Auto V,+18 FIVEM - LADOLESTE RP❗️Privacy❗️Discord ❗️Comandos ❗️Cidade - Vamos pro ZARALHO!,['Português'],['MatureGame'],True
7,2025-04-08 04:02,GUU_YT,pt,Fortnite,DROP GESTO GRATIS AQUI !DROP E VEJA TUDO CERTINHO FREE  FORTNITE ITENS GRATIS de MORTAL KOMBAT ITENS FORTNITE( APOIE GUU NA LOJA ),"['Fortnite', 'lojadehojefortnite', 'Apoieumcriador', 'JOGOFORTNITE', 'VbucksGrátis', 'gratisvbucks', 'LOJADEITENS', 'Português', 'dropsfortnite']",[],False
7,2025-04-08 04:02,LetizaTV,pt,Just Chatting,LETFLIX | Guardiões da Galáxia  | !pix,['Português'],[],False
7,2025-04-08 04:02,BrunoBalloni,pt,Project Zomboid,🔴RERUN!!!  -> ❗csgocases ❗regraloja❗farm ❗sub ❗msg ❗loja,"['Português', 'fps', 'Brasil', 'counterstrike', 'cs', 'cs2', 'brazil']",[],False
7,2025-04-08 04:02,loud_coringa,pt,Just Chatting,LIVE 7 DIAS - DIA 2,['Português'],[],False
7,2025-04-08 04:02,EiMine77,pt,Minecraft,✅ RECOMPENSAS ON! | ⭐ SEJA RÁPIDO E GANHE UMA CAPA DE GRAÇA: !CAPA | 💘 INSTAGRAM: @EIMINE77 | !ajuda !rerun !sub !subgratis !loja,"['Minecraft', 'EiMine', 'Português']",[],False
7,2025-04-08 04:02,bombombela,pt,League of Legends,+18🔞[LOL] Papinho e Terror💀 ❗pix❗gf ❗sub ❗insta ❗youtube ❗BA ❗+18 ❗LOL ❗Valorant  ❗patrocinador,['Português'],['ProfanityVulgarity'],True
7,2025-04-08 04:03,jxpinhx,pt,Grand Theft Auto V,+18 VOLTEI RSRS @metropolegg | !sociais - !pix - !frança,"['Português', 'ＧTA5', 'GTARP', 'CidadeAltaRP', 'metropolerp', 'Maeve', 'frança']",['MatureGame'],False
7,2025-04-08 04:03,Maellen,pt,Grand Theft Auto V,(MIRAGE) ZERO CODE - UMA LUZ NO FIM DO TÚNEL,"['metropolegg', 'Portugues', 'GTA', '2D', 'GTARP', 'Português']",['MatureGame'],False
8,2025-04-08 04:13,GUU_YT,pt,Fortnite,DROP GESTO GRATIS AQUI !DROP E VEJA TUDO CERTINHO FREE  FORTNITE ITENS GRATIS de MORTAL KOMBAT ITENS FORTNITE( APOIE GUU NA LOJA ),"['Fortnite', 'lojadehojefortnite', 'Apoieumcriador', 'JOGOFORTNITE', 'VbucksGrátis', 'gratisvbucks', 'LOJADEITENS', 'Português', 'dropsfortnite']",[],False
8,2025-04-08 04:13,estrelarp,pt,Grand Theft Auto V,+18 FIVEM - LADOLESTE RP❗️Privacy❗️Discord ❗️Comandos ❗️Cidade - Vamos pro ZARALHO!,['Português'],['MatureGame'],True
8,2025-04-08 04:13,LetizaTV,pt,Just Chatting,LETFLIX | Guardiões da Galáxia  | !pix,['Português'],[],False
8,2025-04-08 04:13,BrunoBalloni,pt,Project Zomboid,🔴RERUN!!!  -> ❗csgocases ❗regraloja❗farm ❗sub ❗msg ❗loja,"['Português', 'fps', 'Brasil', 'counterstrike', 'cs', 'cs2', 'brazil']",[],False
8,2025-04-08 04:14,loud_coringa,pt,Just Chatting,LIVE 7 DIAS - DIA 2,['Português'],[],False
8,2025-04-08 04:14,EiMine77,pt,Minecraft,✅ RECOMPENSAS ON! | ⭐ SEJA RÁPIDO E GANHE UMA CAPA DE GRAÇA: !CAPA | 💘 INSTAGRAM: @EIMINE77 | !ajuda !rerun !sub !subgratis !loja,"['Minecraft', 'EiMine', 'Português']",[],False
8,2025-04-08 04:14,ZAKl1k,pt,Minecraft,🟢 MINECRAFT | ⭐ GANHE ASSISTINDO | 🌟 REESTOQUE DIA 10 ou 16 às 18h | !loja !points !prime !sub,"['Português', 'Minecraft']",[],False
8,2025-04-08 04:14,EiMine24h,pt,Minecraft,✅ RECOMPENSAS ON! | ⭐ SEJA RÁPIDO E GANHE UMA CAPA DE GRAÇA: !CAPA | 💘 INSTAGRAM: @EIMINE77 | !ajuda !rerun !subgratis !loja,"['Português', 'Minecraft', 'EiMine']",[],False
8,2025-04-08 04:14,DexGGxp,pt,Minecraft,✨Como que Joga Isso - Minecraft: Legends ✨ EP 02 ✨ ❗bits ❗sons ✨,"['Brasil', 'Português', 'Brazil', 'Minecraft', 'MinecraftBedrock', 'HardCore', 'MinecraftHardcore', 'BedrockHardCore', 'dexggxp', 'Drop']",[],False
9,2025-04-08 04:25,GUU_YT,pt,Fortnite,DROP GESTO GRATIS AQUI !DROP E VEJA TUDO CERTINHO FREE  FORTNITE ITENS GRATIS de MORTAL KOMBAT ITENS FORTNITE( APOIE GUU NA LOJA ),"['Fortnite', 'lojadehojefortnite', 'Apoieumcriador', 'JOGOFORTNITE', 'VbucksGrátis', 'gratisvbucks', 'LOJADEITENS', 'Português', 'dropsfortnite']",[],False
9,2025-04-08 04:25,estrelarp,pt,Grand Theft Auto V,+18 FIVEM - LADOLESTE RP❗️Privacy❗️Discord ❗️Comandos ❗️Cidade - Vamos pro ZARALHO!,['Português'],['MatureGame'],True
9,2025-04-08 04:25,LetizaTV,pt,Just Chatting,LETFLIX | Guardiões da Galáxia  | !pix,['Português'],[],False
9,2025-04-08 04:25,BrunoBalloni,pt,Project Zomboid,🔴RERUN!!!  -> ❗csgocases ❗regraloja❗farm ❗sub ❗msg ❗loja,"['Português', 'fps', 'Brasil', 'counterstrike', 'cs', 'cs2', 'brazil']",[],False
9,2025-04-08 04:26,loud_coringa,pt,Just Chatting,LIVE 7 DIAS - DIA 2,['Português'],[],False
9,2025-04-08 04:26,EiMine77,pt,Minecraft,✅ RECOMPENSAS ON! | ⭐ SEJA RÁPIDO E GANHE UMA CAPA DE GRAÇA: !CAPA | 💘 INSTAGRAM: @EIMINE77 | !ajuda !rerun !sub !subgratis !loja,"['Minecraft', 'EiMine', 'Português']",[],False
9,2025-04-08 04:26,duhbolado,pt,Grand Theft Auto V,[PT/BR] +18 | Segue noix ... | 4Life RP | Bolatus | Harmony Repairs | !comandos,"['Gaming', 'Multiplayer', 'gameplay', 'GTARP', 'Roleplay', 'ＧTA5', 'gamer', 'Português', '4life', '4liferp']",['MatureGame'],False
9,2025-04-08 04:26,alinengamer,pt,Grand Theft Auto V,"[+18]   Let's Goo ,  Grand Theft Auto V-CAPITAL CITY  [-CAPITAL CITY -]","['GTA', 'paulinhooloko', 'Português', 'RedDead2', 'Modohistoria', 'capitalcity', 'RepublicaRj', 'fortnite', 'GTARP']",['MatureGame'],False
9,2025-04-08 04:26,thuggrp,pt,Grand Theft Auto V,+18 RP SUBATHON!!!! RANKS E ! RESETADOS!! 1$ + 3MIN 20$ +1HR !pix !codiguin !pc,"['Thug', 'Português', 'fivem', 'fivemrp', 'RP', 'GranTheftAutoV', 'ＧTA5', 'GTAⅤ']",['MatureGame'],False
10,2025-04-08 04:36,GUU_YT,pt,Fortnite,DROP GESTO GRATIS AQUI !DROP E VEJA TUDO CERTINHO FREE  FORTNITE ITENS GRATIS de MORTAL KOMBAT ITENS FORTNITE( APOIE GUU NA LOJA ),"['Fortnite', 'lojadehojefortnite', 'Apoieumcriador', 'JOGOFORTNITE', 'VbucksGrátis', 'gratisvbucks', 'LOJADEITENS', 'Português', 'dropsfortnite']",[],False
10,2025-04-08 04:36,estrelarp,pt,Grand Theft Auto V,+18 FIVEM - LADOLESTE RP❗️Privacy❗️Discord ❗️Comandos ❗️Cidade - Vamos pro ZARALHO!,['Português'],['MatureGame'],True
10,2025-04-08 04:36,LetizaTV,pt,Just Chatting,LETFLIX | Guardiões da Galáxia  | !pix,['Português'],[],False
10,2025-04-08 04:36,BrunoBalloni,pt,Project Zomboid,🔴RERUN!!!  -> ❗csgocases ❗regraloja❗farm ❗sub ❗msg ❗loja,"['Português', 'fps', 'Brasil', 'counterstrike', 'cs', 'cs2', 'brazil']",[],False
10,2025-04-08 04:36,loud_coringa,pt,Just Chatting,LIVE 7 DIAS - DIA 2,['Português'],[],False
10,2025-04-08 04:37,EiMine77,pt,Minecraft,✅ RECOMPENSAS ON! | ⭐ SEJA RÁPIDO E GANHE UMA CAPA DE GRAÇA: !CAPA | 💘 INSTAGRAM: @EIMINE77 | !ajuda !rerun !sub !subgratis !loja,"['Minecraft', 'EiMine', 'Português']",[],False
10,2025-04-08 04:37,EriclesSavio10,pt,Overwatch 2,431 I E lá vamos nós mais uma vez❗btag ❗addmarvel❗sorteio ❗comandos,"['Português', 'fps', 'youtube', 'PlayStation', 'Overｗatch2', 'games', 'gameplay', 'marvelrivals', 'marvel']",[],False
10,2025-04-08 04:37,exexeboy,pt,Overwatch 2,bits? 🙌 sub? 🙌 lurk? 🙌 (me ajuda na meta por favorzinho),"['Portuguese', 'Português']",[],False
10,2025-04-08 04:37,aizen_xs,pt,Overwatch 2,0 skill / Meta: 500 inscritos no yt - (Ajuda la no yt !Youtube !Pix),"['Português', 'Brasil', 'Pc', 'DropsAtivos', 'Ranked', 'Casual', 'console', 'Reposição']",[],True
11,2025-04-08 08:02,GUU_YT,pt,Fortnite,DROP GESTO GRATIS AQUI !DROP E VEJA TUDO CERTINHO FREE  FORTNITE ITENS GRATIS de MORTAL KOMBAT ITENS FORTNITE( APOIE GUU NA LOJA ),"['Fortnite', 'lojadehojefortnite', 'Apoieumcriador', 'JOGOFORTNITE', 'VbucksGrátis', 'gratisvbucks', 'LOJADEITENS', 'Português', 'dropsfortnite']",[],False
11,2025-04-08 08:02,Xerekiss,pt,Fortnite,🔥ATUALIZAÇÃO🔥SABRINA CARPENTER NO FORTNELSON! | LOJINHA RENOVADA (❗loja) | CODE: XEREKISS #ad,"['Português', 'Brasil', 'fps', 'Fortnite', 'Portugal', 'battleroyale']",[],False
11,2025-04-08 08:02,BrunoBalloni,pt,Project Zomboid,🔴RERUN!!!  -> ❗csgocases ❗regraloja❗farm ❗sub ❗msg ❗loja,"['Português', 'fps', 'Brasil', 'counterstrike', 'cs', 'cs2', 'brazil']",[],False
11,2025-04-08 08:02,loud_coringa,pt,Just Chatting,LIVE 7 DIAS - DIA 2,['Português'],[],False
11,2025-04-08 08:02,CriaPlayer,pt,Grand Theft Auto V,🎃GOTHAM RP🎃 #83 TROPA DO VIDIGAL NÃO PERDE GUERRA!!! #VdgPraKrlh #TropaDosDodóis !gotham  !fancam,['Português'],"['MatureGame', 'ProfanityVulgarity']",False
11,2025-04-08 08:02,LhamaInPijamas,pt,Marvel Rivals,ESTMOS DE VOLTA NA GRIND! !pix !elomarvel !discord,"['rpg', 'casual', 'Português', 'marvelrivals', 'rivals', 'marvelrival']",[],False
11,2025-04-08 08:02,mihzavati,pt,Overwatch 2,bora jogar CMG? !comandos !pix,['Português'],[],False
11,2025-04-08 08:02,gabitriiste,pt,Dead by Daylight,[+18 ] [DROPS ON] BLOODMON - Com o Chat !pix !subathon !discord !comandos,"['Português', 'batepapo', 'jogos', 'deadbbydaylight', 'LGBTQIAPlus', 'subathon', 'English', 'Reposição', 'IntoTheFog', 'LOUD']",['MatureGame'],True
11,2025-04-08 08:02,ckgeek,pt,Marvel Rivals,DIAMANTE 2 ATRAS DO GRÃO MESTRE! BORA! ✅RERUN✅,"['Português', 'DropsAtivados']",[],False
12,2025-04-08 08:11,Xerekiss,pt,Fortnite,🔥ATUALIZAÇÃO🔥SABRINA CARPENTER NO FORTNELSON! | LOJINHA RENOVADA (❗loja) | CODE: XEREKISS #ad,"['Português', 'Brasil', 'fps', 'Fortnite', 'Portugal', 'battleroyale']",[],False
12,2025-04-08 08:11,GUU_YT,pt,Fortnite,DROP GESTO GRATIS AQUI !DROP E VEJA TUDO CERTINHO FREE  FORTNITE ITENS GRATIS de MORTAL KOMBAT ITENS FORTNITE( APOIE GUU NA LOJA ),"['Fortnite', 'lojadehojefortnite', 'Apoieumcriador', 'JOGOFORTNITE', 'VbucksGrátis', 'gratisvbucks', 'LOJADEITENS', 'Português', 'dropsfortnite']",[],False
12,2025-04-08 08:11,LhamaInPijamas,pt,Marvel Rivals,ESTMOS DE VOLTA NA GRIND! !pix !elomarvel !discord,"['rpg', 'casual', 'Português', 'marvelrivals', 'rivals', 'marvelrival']",[],False
12,2025-04-08 08:11,BrunoBalloni,pt,Project Zomboid,🔴RERUN!!!  -> ❗csgocases ❗regraloja❗farm ❗sub ❗msg ❗loja,"['Português', 'fps', 'Brasil', 'counterstrike', 'cs', 'cs2', 'brazil']",[],False
12,2025-04-08 08:11,miguelitodoarrocha,pt,EA Sports FC 25,💥copinha e Rivais e hoje tem jogo da copa streamers - bem vindos a live do Miguelito,"['Português', 'Portugal', 'Competitivo', 'resenha', 'Resenhando', 'ultimateteam', 'fifa', 'EAFC', 'eafc25', 'eafcsports']",[],False
12,2025-04-08 08:11,loud_coringa,pt,Just Chatting,LIVE 7 DIAS - DIA 2,['Português'],[],False
12,2025-04-08 08:11,alinengamer,pt,Grand Theft Auto V,"[+18]   Let's Goo ,  Grand Theft Auto V-CAPITAL CITY  [-CAPITAL CITY -]","['GTA', 'paulinhooloko', 'Português', 'RedDead2', 'Modohistoria', 'capitalcity', 'RepublicaRj', 'fortnite', 'GTARP']",['MatureGame'],False
12,2025-04-08 08:12,Ronaldo_fenomenoo2,pt,Grand Theft Auto V,CAPITAL +18 - Ronaldo Gerente da NPN  - Sorteio da NPN + Farm insano !pix !livepix !id !prime,['Português'],['MatureGame'],False
12,2025-04-08 08:12,bia_nacena,pt,Grand Theft Auto V,[CAPITAL CITY / GOTHAM] [+18]  O TERROR AÉREO DA CAPITAL ESTÁ DE VOLTA E INSPIRADO!! (PRIME BIA NACENA IS BACK!!!),"['Português', 'GTARP', 'fivem', 'GTARPLIVE', 'CAPITAL', 'paulinhooloko', 'complexo', 'gothamcity', 'Gotham']",['MatureGame'],False
13,2025-04-08 08:23,Xerekiss,pt,Fortnite,🔥ATUALIZAÇÃO🔥SABRINA CARPENTER NO FORTNELSON! | LOJINHA RENOVADA (❗loja) | CODE: XEREKISS #ad,"['Português', 'Brasil', 'fps', 'Fortnite', 'Portugal', 'battleroyale']",[],False
13,2025-04-08 08:23,GUU_YT,pt,Fortnite,DROP GESTO GRATIS AQUI !DROP E VEJA TUDO CERTINHO FREE  FORTNITE ITENS GRATIS de MORTAL KOMBAT ITENS FORTNITE( APOIE GUU NA LOJA ),"['Fortnite', 'lojadehojefortnite', 'Apoieumcriador', 'JOGOFORTNITE', 'VbucksGrátis', 'gratisvbucks', 'LOJADEITENS', 'Português', 'dropsfortnite']",[],False
13,2025-04-08 08:23,LhamaInPijamas,pt,Marvel Rivals,ESTMOS DE VOLTA NA GRIND! !pix !elomarvel !discord,"['rpg', 'casual', 'Português', 'marvelrivals', 'rivals', 'marvelrival']",[],False
13,2025-04-08 08:23,CriaPlayer,pt,Grand Theft Auto V,🎃GOTHAM RP🎃 #83 TROPA DO VIDIGAL NÃO PERDE GUERRA!!! #VdgPraKrlh #TropaDosDodóis !gotham  !fancam,['Português'],"['MatureGame', 'ProfanityVulgarity']",False
13,2025-04-08 08:23,BrunoBalloni,pt,Project Zomboid,🔴RERUN!!!  -> ❗csgocases ❗regraloja❗farm ❗sub ❗msg ❗loja,"['Português', 'fps', 'Brasil', 'counterstrike', 'cs', 'cs2', 'brazil']",[],False
13,2025-04-08 08:23,loud_coringa,pt,Just Chatting,LIVE 7 DIAS - DIA 2,['Português'],[],False
13,2025-04-08 08:23,kiyumexz_,pt,VALORANT,😳Newba Jogando no JAPA1🔥 🥹 !pix ♥ subs 55/80☻,"['Português', 'lol', 'zed', 'Elise', 'Burro']",['ProfanityVulgarity'],False
13,2025-04-08 08:23,Mihira_a,pt,League of Legends,Livezinha curta??| !comandos !sonoros !pix,"['soloq', 'lolzinho', 'girlgamer', 'Português', 'jungler']",['ProfanityVulgarity'],False
13,2025-04-08 08:23,Majuzinhalol1,pt,League of Legends,soraka,"['chillsstream', 'Português', 'chill', 'soraka', 'monosup', 'livedeamiga']",[],False
14,2025-04-08 08:33,Xerekiss,pt,Fortnite,🔥ATUALIZAÇÃO🔥SABRINA CARPENTER NO FORTNELSON! | LOJINHA RENOVADA (❗loja) | CODE: XEREKISS #ad,"['Português', 'Brasil', 'fps', 'Fortnite', 'Portugal', 'battleroyale']",[],False
14,2025-04-08 08:33,GUU_YT,pt,Fortnite,DROP GESTO GRATIS AQUI !DROP E VEJA TUDO CERTINHO FREE  FORTNITE ITENS GRATIS de MORTAL KOMBAT ITENS FORTNITE( APOIE GUU NA LOJA ),"['Fortnite', 'lojadehojefortnite', 'Apoieumcriador', 'JOGOFORTNITE', 'VbucksGrátis', 'gratisvbucks', 'LOJADEITENS', 'Português', 'dropsfortnite']",[],False
14,2025-04-08 08:33,LhamaInPijamas,pt,Marvel Rivals,ESTMOS DE VOLTA NA GRIND! !pix !elomarvel !discord,"['rpg', 'casual', 'Português', 'marvelrivals', 'rivals', 'marvelrival']",[],False
14,2025-04-08 08:33,CriaPlayer,pt,Grand Theft Auto V,🎃GOTHAM RP🎃 #83 TROPA DO VIDIGAL NÃO PERDE GUERRA!!! #VdgPraKrlh #TropaDosDodóis !gotham  !fancam,['Português'],"['MatureGame', 'ProfanityVulgarity']",False
14,2025-04-08 08:33,BrunoBalloni,pt,Project Zomboid,🔴RERUN!!!  -> ❗csgocases ❗regraloja❗farm ❗sub ❗msg ❗loja,"['Português', 'fps', 'Brasil', 'counterstrike', 'cs', 'cs2', 'brazil']",[],False
14,2025-04-08 08:33,loud_coringa,pt,Just Chatting,LIVE 7 DIAS - DIA 2,['Português'],[],False
14,2025-04-08 08:33,D4ntera,pt,Call of Duty: Warzone,(DROPS ON) Na busca do lobby BR !sorteio !pix - Solo x Quads - @D4ntera nas redes sociais,"['Português', 'DropsAtivados']",['MatureGame'],False
14,2025-04-08 08:33,SaVyTzZ,pt,Call of Duty: Warzone,+35h SUBATHOM -> !controle !otimização !amazon !meta !grupo !analisesub <-,"['Português', 'DropsAtivados']",['MatureGame'],False
14,2025-04-08 08:33,ale_apoka,pt,Kings League,AO VIVO: CENTRAL KINGS LEAGUE - ANDREAS MONITORAMENTO!keydrop !pirate - Me siga @ale_apoka,"['tribo', 'Português']",[],False
16,2025-04-08 16:01,letiltz,pt,Fortnite,SABRINA CARPENTER NO FORTNITE!!! 💋 | USE O CÓDIGO LETILTZ NA LOJA,"['Português', 'Fortnite', 'letiltz', 'FamilyFrendly', 'SafeSpace', 'Jogandocomespectadores']",[],False
16,2025-04-08 16:01,MegeraBruna,pt,VALORANT,Vava na força do ódio [+18] / !discord / !elo / !regras / !pix / !instagram/ !nick/ !Sorteio/ !clip/ !Sr /  !subathon,"['Português', 'valorant', 'gamergirl', 'fps', 'gamer']",[],False
16,2025-04-08 16:01,shadowsganjaking,pt,Counter-Strike,🔞VEM F1 COM NOIX! 🍁AMANHÃ TEM SUBATHON E SORTEIO DA FALCHION - !BITS| !PIX |!loja| !CUPOM|,"['maconha', '420', 'CS2', 'Brasil', 'portugues', 'ganja', 'brasileiro', 'counterstrike', 'Cannabis', 'CannabisCommunity']",['MatureGame'],False
16,2025-04-08 16:01,BrunoBalloni,pt,Project Zomboid,🔴RERUN!!!  -> ❗csgocases ❗regraloja❗farm ❗sub ❗msg ❗loja,"['Português', 'fps', 'Brasil', 'counterstrike', 'cs', 'cs2', 'brazil']",[],False
16,2025-04-08 16:02,Hairzinho,pt,EA Sports FC 25,HYPE DAS 14 + COPINHA NA ACC SEC E PRO CLUBS MORAL DOS BRO! + !GRUPO + !PARCERIA !REDES !TIKTOK,"['ULTIMATETEAM', 'RAGE', 'ENGRACADO', 'PACKS', 'COMPETITIVO', 'Português', 'Brasil', 'WeekendLeague', 'Portugal', 'Reposição']",[],False
16,2025-04-08 16:02,loud_coringa,pt,Just Chatting,LIVE 7 DIAS - DIA 2,['Português'],[],False
16,2025-04-08 16:02,franguerato,pt,VALORANT,A maior azarada do Valorant BR !discord !donate !pix,"['Português', 'fps', 'Competitivo', 'valorant']",[],False
16,2025-04-08 16:02,alexaaaaaaaaaa_,pt,Just Chatting,[+18] 24H EU NÃO TÔ DE MOCHILA | !metas !metaspix !bits !cosplay !pix,"['brazil', 'Português', 'pobre', 'horrivel', 'Pesadelo', 'react']",[],False
16,2025-04-08 16:02,GabiPedrada,pt,R.E.P.O.,Bom dia. 🙌✨💋 ❗LIVEPIX,"['Português', 'valorant', 'leagueoflegeneds', 'ferro', 'Mulher', 'sage', 'gekko', 'baiana', 'Vtuber']",['ProfanityVulgarity'],False
17,2025-04-08 16:10,MegeraBruna,pt,VALORANT,Vava na força do ódio [+18] / !discord / !elo / !regras / !pix / !instagram/ !nick/ !Sorteio/ !clip/ !Sr /  !subathon,"['Português', 'valorant', 'gamergirl', 'fps', 'gamer']",[],False
17,2025-04-08 16:11,letiltz,pt,Fortnite,SABRINA CARPENTER NO FORTNITE!!! 💋 | USE O CÓDIGO LETILTZ NA LOJA,"['Português', 'Fortnite', 'letiltz', 'FamilyFrendly', 'SafeSpace', 'Jogandocomespectadores']",[],False
17,2025-04-08 16:11,Hairzinho,pt,EA Sports FC 25,HYPE DAS 14 + COPINHA NA ACC SEC E PRO CLUBS MORAL DOS BRO! + !GRUPO + !PARCERIA !REDES !TIKTOK,"['ULTIMATETEAM', 'RAGE', 'ENGRACADO', 'PACKS', 'COMPETITIVO', 'Português', 'Brasil', 'WeekendLeague', 'Portugal', 'Reposição']",[],False
17,2025-04-08 16:11,shadowsganjaking,pt,Counter-Strike,🔞VEM F1 COM NOIX! 🍁AMANHÃ TEM SUBATHON E SORTEIO DA FALCHION - !BITS| !PIX |!loja| !CUPOM|,"['maconha', '420', 'CS2', 'Brasil', 'portugues', 'ganja', 'brasileiro', 'counterstrike', 'Cannabis', 'CannabisCommunity']",['MatureGame'],False
17,2025-04-08 16:11,BrunoBalloni,pt,Project Zomboid,🔴RERUN!!!  -> ❗csgocases ❗regraloja❗farm ❗sub ❗msg ❗loja,"['Português', 'fps', 'Brasil', 'counterstrike', 'cs', 'cs2', 'brazil']",[],False
17,2025-04-08 16:11,loud_coringa,pt,Just Chatting,LIVE 7 DIAS - DIA 2,['Português'],[],False
17,2025-04-08 16:11,Choke7,pt,Kukoro: Stream Chat Games,"DIA 2 SUBATHON ; R$1=1min, SUB=3min, 100Bits=5min - !subathon !pix !sociais",['Português'],[],True
17,2025-04-08 16:11,celinettpb,pt,Split Fiction,!subathon (dia 4) SPLIT FICTION PARTE 3,['Português'],[],False
17,2025-04-08 16:11,mount,pt,Just Chatting,59 / LERO LERO LERO LERO LERO LERO LERO | !alura | !vlog,['Português'],[],False
18,2025-04-08 16:23,MegeraBruna,pt,VALORANT,Vava na força do ódio [+18] / !discord / !elo / !regras / !pix / !instagram/ !nick/ !Sorteio/ !clip/ !Sr /  !subathon,"['Português', 'valorant', 'gamergirl', 'fps', 'gamer']",[],False
18,2025-04-08 16:23,letiltz,pt,Fortnite,SABRINA CARPENTER NO FORTNITE!!! 💋 | USE O CÓDIGO LETILTZ NA LOJA,"['Português', 'Fortnite', 'letiltz', 'FamilyFrendly', 'SafeSpace', 'Jogandocomespectadores']",[],False
18,2025-04-08 16:23,shadowsganjaking,pt,Counter-Strike,🔞VEM F1 COM NOIX! 🍁AMANHÃ TEM SUBATHON E SORTEIO DA FALCHION - !BITS| !PIX |!loja| !CUPOM|,"['maconha', '420', 'CS2', 'Brasil', 'portugues', 'ganja', 'brasileiro', 'counterstrike', 'Cannabis', 'CannabisCommunity']",['MatureGame'],False
18,2025-04-08 16:23,BrunoBalloni,pt,Project Zomboid,🔴RERUN!!!  -> ❗csgocases ❗regraloja❗farm ❗sub ❗msg ❗loja,"['Português', 'fps', 'Brasil', 'counterstrike', 'cs', 'cs2', 'brazil']",[],False
18,2025-04-08 16:23,Hairzinho,pt,EA Sports FC 25,HYPE DAS 14 + COPINHA NA ACC SEC E PRO CLUBS MORAL DOS BRO! + !GRUPO + !PARCERIA !REDES !TIKTOK,"['ULTIMATETEAM', 'RAGE', 'ENGRACADO', 'PACKS', 'COMPETITIVO', 'Português', 'Brasil', 'WeekendLeague', 'Portugal', 'Reposição']",[],False
18,2025-04-08 16:23,loud_coringa,pt,Just Chatting,LIVE 7 DIAS - DIA 2,['Português'],[],False
18,2025-04-08 16:23,TonhoDLang,pt,Sea of Thieves,Ampulhetinha | Streamer parceiro do @lendasdomar e CSoTBR 🏴‍☠️ !lendas !csotbr !platina,"['Português', 'seaofthieves', 'PvP']",[],False
18,2025-04-08 16:23,DorSmiley,pt,Sea of Thieves,|Pulheta| Depois Desafio Parceiros @lendasdomar @csotbr !Comandos !tdm,"['Ação', 'Aventura', 'Comédia', 'Português', 'Xingamentos', 'seaofthieves', 'PvEPvP', 'SoTPvp', 'seaofthieveseason15']",['ProfanityVulgarity'],False
18,2025-04-08 16:23,WesleyCaribe,pt,Sea of Thieves,🇧🇷🇵🇹🏴‍☠️Não se pode mais confiar nas companhias de comércio,"['Português', 'bemorepirate']",[],False
19,2025-04-08 16:32,MegeraBruna,pt,VALORANT,Vava na força do ódio [+18] / !discord / !elo / !regras / !pix / !instagram/ !nick/ !Sorteio/ !clip/ !Sr /  !subathon,"['Português', 'valorant', 'gamergirl', 'fps', 'gamer']",[],False
19,2025-04-08 16:33,letiltz,pt,Fortnite,SABRINA CARPENTER NO FORTNITE!!! 💋 | USE O CÓDIGO LETILTZ NA LOJA,"['Português', 'Fortnite', 'letiltz', 'FamilyFrendly', 'SafeSpace', 'Jogandocomespectadores']",[],False
19,2025-04-08 16:33,shadowsganjaking,pt,Counter-Strike,🔞VEM F1 COM NOIX! 🍁AMANHÃ TEM SUBATHON E SORTEIO DA FALCHION - !BITS| !PIX |!loja| !CUPOM|,"['maconha', '420', 'CS2', 'Brasil', 'portugues', 'ganja', 'brasileiro', 'counterstrike', 'Cannabis', 'CannabisCommunity']",['MatureGame'],False
19,2025-04-08 16:33,BrunoBalloni,pt,Project Zomboid,🔴RERUN!!!  -> ❗csgocases ❗regraloja❗farm ❗sub ❗msg ❗loja,"['Português', 'fps', 'Brasil', 'counterstrike', 'cs', 'cs2', 'brazil']",[],False
19,2025-04-08 16:33,Hairzinho,pt,EA Sports FC 25,HYPE DAS 14 + COPINHA NA ACC SEC E PRO CLUBS MORAL DOS BRO! + !GRUPO + !PARCERIA !REDES !TIKTOK,"['ULTIMATETEAM', 'RAGE', 'ENGRACADO', 'PACKS', 'COMPETITIVO', 'Português', 'Brasil', 'WeekendLeague', 'Portugal', 'Reposição']",[],False
19,2025-04-08 16:33,loud_coringa,pt,Just Chatting,LIVE 7 DIAS - DIA 2,['Português'],[],False
19,2025-04-08 16:33,MeniinaMa1,pt,League of Legends,SOLOQ ADC CHILLING! ANÁLISE 20 REAIS! DUO COMIGO 30 REAIS! !DRIVE !COACH !GB,"['highelo', 'Mulher', 'LGBT', 'Competitivo', 'Português']",[],False
19,2025-04-08 16:33,mytkazip,pt,Just Chatting,💥 SUBATHON 4° DIA 💥 ESTUDANDO E TRABALHANDO ASSISTINDO ANIME !SUBATHON !PIX !SOCIAIS,"['FirstPlayThrough', 'Português', 'subathon', 'sub']",[],False
19,2025-04-08 16:33,eojosh,pt,League of Legends,ᵣₑAprendendo a jogar de Lucian! | !amazon,"['ADC', 'Português', 'TDAH', 'English', 'garsa', 'varus', 'tristana', 'HIPERFOCO', 'Ashe', 'Vayne']",['ProfanityVulgarity'],False
20,2025-04-08 16:43,MegeraBruna,pt,VALORANT,Vava na força do ódio [+18] / !discord / !elo / !regras / !pix / !instagram/ !nick/ !Sorteio/ !clip/ !Sr /  !subathon,"['Português', 'valorant', 'gamergirl', 'fps', 'gamer']",[],False
20,2025-04-08 16:43,BrunoBalloni,pt,Project Zomboid,🔴RERUN!!!  -> ❗csgocases ❗regraloja❗farm ❗sub ❗msg ❗loja,"['Português', 'fps', 'Brasil', 'counterstrike', 'cs', 'cs2', 'brazil']",[],False
20,2025-04-08 16:43,Hairzinho,pt,EA Sports FC 25,HYPE DAS 14 + COPINHA NA ACC SEC E PRO CLUBS MORAL DOS BRO! + !GRUPO + !PARCERIA !REDES !TIKTOK,"['ULTIMATETEAM', 'RAGE', 'ENGRACADO', 'PACKS', 'COMPETITIVO', 'Português', 'Brasil', 'WeekendLeague', 'Portugal', 'Reposição']",[],False
20,2025-04-08 16:43,shadowsganjaking,pt,Counter-Strike,🔞VEM F1 COM NOIX! 🍁AMANHÃ TEM SUBATHON E SORTEIO DA FALCHION - !BITS| !PIX |!loja| !CUPOM|,"['maconha', '420', 'CS2', 'Brasil', 'portugues', 'ganja', 'brasileiro', 'counterstrike', 'Cannabis', 'CannabisCommunity']",['MatureGame'],False
20,2025-04-08 16:43,loud_coringa,pt,Just Chatting,LIVE 7 DIAS - DIA 2,['Português'],[],False
20,2025-04-08 16:43,beletz_,pt,Fortnite,SORTEIO SABRINA CARPENTER ✨ NEW UPDATE FORTNITE | USE CODE: BELETZ 💚 !CODE !PIX,"['portugues', 'fortnite', 'fortnitetrocacao', 'stream', 'Português', 'girlgamers']",[],False
20,2025-04-08 16:44,igol7,pt,EA Sports FC 25,"PESADELO NA COZINHA + PAPINHO FURADO E CLUBS DA GALERA  |  futebol, bingol e resenha | !comandos !pix","['Português', 'Brasil', 'Esportes', 'Futebol', 'FPS', 'VidaReal', 'eafc24', 'react', 'reagindo', 'HolidayHoopla']",[],False
20,2025-04-08 16:44,TGL_Gabriel,pt,ROBLOX,(TGL) Jogando ROBLOX ( BLOX FRUITS ),"['TwitchStreamer', 'Jogabilidade', 'TwitchBrasil', 'Vamosjogar', 'Transmissãoaovivo', 'TwitchGaming', 'JogosIndie', 'gameplay', 'anúncio', 'patrocínio']",[],False
20,2025-04-08 16:44,BRUXAO_GAMER,pt,Call of Duty: Warzone,🎥rerun🎥 GANHE 2 RODADAS GRÁTIS NA ROLEITA !rerun,"['AMA', 'JogadoresIniciantes', 'ModoBattleRoyale', 'HypeTrain', 'Ação', 'Ansiedade', 'FPS', 'Jogodetiro', 'Português', 'DropsAtivados']",['MatureGame'],False
21,2025-04-08 20:02,iShadowWolf_,pt,Fall Guys,(+18) Livezinha Muito Doida!   ||   (❗comandos ❗metas ❗drops)   ||   (Epic Code: SHADOWOLF),['Português'],[],False
21,2025-04-08 20:02,shadowsganjaking,pt,Counter-Strike,🔞VEM F1 COM NOIX! 🍁AMANHÃ TEM SUBATHON E SORTEIO DA FALCHION - !BITS| !PIX |!loja| !CUPOM|,"['maconha', '420', 'CS2', 'Brasil', 'portugues', 'ganja', 'brasileiro', 'counterstrike', 'Cannabis', 'CannabisCommunity']",['MatureGame'],False
21,2025-04-08 20:02,MegeraBruna,pt,VALORANT,Vava na força do ódio [+18] / !discord / !elo / !regras / !pix / !instagram/ !nick/ !Sorteio/ !clip/ !Sr /  !subathon,"['Português', 'valorant', 'gamergirl', 'fps', 'gamer']",[],False
21,2025-04-08 20:02,BrunoBalloni,pt,Project Zomboid,🔴RERUN!!!  -> ❗csgocases ❗regraloja❗farm ❗sub ❗msg ❗loja,"['Português', 'fps', 'Brasil', 'counterstrike', 'cs', 'cs2', 'brazil']",[],False
21,2025-04-08 20:02,loud_coringa,pt,Just Chatting,LIVE 7 DIAS - DIA 2,['Português'],[],False
21,2025-04-08 20:02,Hairzinho,pt,EA Sports FC 25,HYPE DAS 14 + COPINHA NA ACC SEC E PRO CLUBS MORAL DOS BRO! + !GRUPO + !PARCERIA !REDES !TIKTOK,"['ULTIMATETEAM', 'RAGE', 'ENGRACADO', 'PACKS', 'COMPETITIVO', 'Português', 'Brasil', 'WeekendLeague', 'Portugal', 'Reposição']",[],False
21,2025-04-08 20:02,LendasDoMar,pt,Sea of Thieves,⭐Dos mortos voltamos | acabou as férias e o mine | !lendas,"['seaofthieves', 'navalgame', 'streamers', 'brazil', 'community', 'seaofthievescommunity', 'seaofstars', 'lendasdomar', 'Português']",[],False
21,2025-04-08 20:02,MatGomesz,pt,Sea of Thieves,Guli guli guli ligan gu ligan gu |❗olivia | Epic CODE: MatGomesz #ad |❗noping ❗lendasdomar,"['PvP', 'PvE', 'Aventura', 'Survival', 'Português', 'Coop', 'Xbox', 'PS5', 'Trocação', 'Heroshooter']",[],False
21,2025-04-08 20:03,MagnumOfSpades,pt,Overwatch 2,Partiu Overwatch 2 com a Galera! Subgifts em promoção!! Vem jogar #Livetododia 1656 !livepix,"['Português', 'LiveTodoDia', 'DontStarveTogether', 'gaming', 'gamer', 'nuuvem', 'exitlag']",[],False
22,2025-04-08 20:09,iShadowWolf_,pt,Overwatch 2,(+18) Livezinha Muito Doida!   ||   (❗comandos ❗metas ❗drops)   ||   (Epic Code: SHADOWOLF),['Português'],[],False
22,2025-04-08 20:09,shadowsganjaking,pt,Counter-Strike,🔞VEM F1 COM NOIX! 🍁AMANHÃ TEM SUBATHON E SORTEIO DA FALCHION - !BITS| !PIX |!loja| !CUPOM|,"['maconha', '420', 'CS2', 'Brasil', 'portugues', 'ganja', 'brasileiro', 'counterstrike', 'Cannabis', 'CannabisCommunity']",['MatureGame'],False
22,2025-04-08 20:10,MegeraBruna,pt,VALORANT,Vava na força do ódio [+18] / !discord / !elo / !regras / !pix / !instagram/ !nick/ !Sorteio/ !clip/ !Sr /  !subathon,"['Português', 'valorant', 'gamergirl', 'fps', 'gamer']",[],False
22,2025-04-08 20:10,Hairzinho,pt,EA Sports FC 25,HYPE DAS 14 + COPINHA NA ACC SEC E PRO CLUBS MORAL DOS BRO! + !GRUPO + !PARCERIA !REDES !TIKTOK,"['ULTIMATETEAM', 'RAGE', 'ENGRACADO', 'PACKS', 'COMPETITIVO', 'Português', 'Brasil', 'WeekendLeague', 'Portugal', 'Reposição']",[],False
22,2025-04-08 20:10,BrunoBalloni,pt,Project Zomboid,🔴RERUN!!!  -> ❗csgocases ❗regraloja❗farm ❗sub ❗msg ❗loja,"['Português', 'fps', 'Brasil', 'counterstrike', 'cs', 'cs2', 'brazil']",[],False
22,2025-04-08 20:10,loud_coringa,pt,Just Chatting,LIVE 7 DIAS - DIA 2,['Português'],[],False
22,2025-04-08 20:10,AmanditaGamesTV,pt,Overwatch 2,[Ps4/PT-BR] Inhai pessoinhas,"['Português', 'LGBTQIA', 'mulher', 'games', 'gameplay', 'fyp', 'ow2', '1000g', 'platina', 'Multiplayer']",[],False
22,2025-04-08 20:10,ASennan,pt,VALORANT,(+18) ✨PYNAS e PERDE || !verificado !subathon !loja !meta !desejos !pix !redes !asenna || @asennan,"['jogajunto', 'girls', 'rankeada', 'Português', 'lgbt', 'live', 'pedintevirtual', 'mulhergamer', 'egirlgamer', 'mulheresnatwitch']",['ProfanityVulgarity'],False
22,2025-04-08 20:10,DennisRii,pt,Fortnite,fortzim de lei|❗pix❗dc❗comandos | faço parte da @tiltgameteam,"['Reposição', 'Português', 'fortinte', 'Bi', 'Brasill', 'minecraftsurivial']",[],False
23,2025-04-08 20:20,iShadowWolf_,pt,Overwatch 2,(+18) Livezinha Muito Doida!   ||   (❗comandos ❗metas ❗drops)   ||   (Epic Code: SHADOWOLF),['Português'],[],False
23,2025-04-08 20:20,shadowsganjaking,pt,Counter-Strike,🔞VEM F1 COM NOIX! 🍁AMANHÃ TEM SUBATHON E SORTEIO DA FALCHION - !BITS| !PIX |!loja| !CUPOM|,"['maconha', '420', 'CS2', 'Brasil', 'portugues', 'ganja', 'brasileiro', 'counterstrike', 'Cannabis', 'CannabisCommunity']",['MatureGame'],False
23,2025-04-08 20:20,MegeraBruna,pt,VALORANT,Vava na força do ódio [+18] / !discord / !elo / !regras / !pix / !instagram/ !nick/ !Sorteio/ !clip/ !Sr /  !subathon,"['Português', 'valorant', 'gamergirl', 'fps', 'gamer']",[],False
23,2025-04-08 20:20,BrunoBalloni,pt,Project Zomboid,🔴RERUN!!!  -> ❗csgocases ❗regraloja❗farm ❗sub ❗msg ❗loja,"['Português', 'fps', 'Brasil', 'counterstrike', 'cs', 'cs2', 'brazil']",[],False
23,2025-04-08 20:20,Hairzinho,pt,EA Sports FC 25,HYPE DAS 14 + COPINHA NA ACC SEC E PRO CLUBS MORAL DOS BRO! + !GRUPO + !PARCERIA !REDES !TIKTOK,"['ULTIMATETEAM', 'RAGE', 'ENGRACADO', 'PACKS', 'COMPETITIVO', 'Português', 'Brasil', 'WeekendLeague', 'Portugal', 'Reposição']",[],False
23,2025-04-08 20:20,loud_coringa,pt,Just Chatting,LIVE 7 DIAS - DIA 2,['Português'],[],False
23,2025-04-08 20:21,miguelitodoarrocha,pt,EA Sports FC 25,💥Miguelito x @robfortes copa dos streamers!! ultima rodada da fase de Grupos - Bem Vindos a live do Miguelito,"['Português', 'Portugal', 'Competitivo', 'resenha', 'Resenhando', 'ultimateteam', 'fifa', 'EAFC', 'eafc25', 'eafcsports']",[],False
23,2025-04-08 20:21,oparazim,pt,EA Sports FC 25,"‼️50 PPS 80+, 3xPP ICON E COPA DOS STREAMERS! Farming e packs insanos","['fifa', 'eafc', 'fc24', 'fc24livestream', 'Português', 'fc25', 'fc25livestream']",[],False
23,2025-04-08 20:21,Peu_MC,pt,EA Sports FC 25,EVOS DIFERENCIADASSSSSSS !roblox !coins !trade,"['batalha', 'batalhaderima', 'BATALHADAALDEIA', 'Rap', 'fifa', 'ultimateteam', 'Futebol', 'Português', 'EASPORTSFIFA', 'eafc25']",[],False
24,2025-04-08 20:30,iShadowWolf_,pt,Overwatch 2,(+18) Livezinha Muito Doida!   ||   (❗comandos ❗metas ❗drops)   ||   (Epic Code: SHADOWOLF),['Português'],[],False
24,2025-04-08 20:30,shadowsganjaking,pt,Counter-Strike,🔞VEM F1 COM NOIX! 🍁AMANHÃ TEM SUBATHON E SORTEIO DA FALCHION - !BITS| !PIX |!loja| !CUPOM|,"['maconha', '420', 'CS2', 'Brasil', 'portugues', 'ganja', 'brasileiro', 'counterstrike', 'Cannabis', 'CannabisCommunity']",['MatureGame'],False
24,2025-04-08 20:30,MegeraBruna,pt,VALORANT,Vava na força do ódio [+18] / !discord / !elo / !regras / !pix / !instagram/ !nick/ !Sorteio/ !clip/ !Sr /  !subathon,"['Português', 'valorant', 'gamergirl', 'fps', 'gamer']",[],False
24,2025-04-08 20:30,BrunoBalloni,pt,Project Zomboid,🔴RERUN!!!  -> ❗csgocases ❗regraloja❗farm ❗sub ❗msg ❗loja,"['Português', 'fps', 'Brasil', 'counterstrike', 'cs', 'cs2', 'brazil']",[],False
24,2025-04-08 20:31,loud_coringa,pt,Just Chatting,LIVE 7 DIAS - DIA 2,['Português'],[],False
24,2025-04-08 20:31,SLKRETROZADA,pt,Counter-Strike,JOGANDO PREMIER BORA BUSCAR TOP 1   !CSGO.NET !vaquinha !otimização @matazera @pezingamer @G44bsMDK   @betaozera,"['portugues', 'competitivo', 'proplayerPortuguês', 'proplayer', 'proplayer', 'CS2', 'cs2counterstrike2', 'cs2major', 'luqueta', 'subathon']",['MatureGame'],False
24,2025-04-08 20:31,vinny_smith3,pt,Just Chatting,Vamos começar a semana com muita qualidade!,['Português'],[],False
24,2025-04-08 20:31,tigas_joga,pt,Minecraft,SIM GENTE O @nicoolasss ME SETOU A MEDAL DELE!! 👊🤬❗PIX ❗DC,"['br', 'Português', 'jogos', 'suetam1v4', 'Fortnite', 'minecraft']",[],False
24,2025-04-08 20:31,RenanPelisson,pt,Minecraft,CHIBIRINAUABIA ❗️pix ❗️regras ❗️discord ❗️a,"['renan', 'alanzoka', 'Português', 'gostoso', 'tesudu', 'intelectual', 'English']",[],False
25,2025-04-08 20:40,iShadowWolf_,pt,Overwatch 2,(+18) Livezinha Muito Doida!   ||   (❗comandos ❗metas ❗drops)   ||   (Epic Code: SHADOWOLF),['Português'],[],False
25,2025-04-08 20:40,BrunoBalloni,pt,Project Zomboid,🔴RERUN!!!  -> ❗csgocases ❗regraloja❗farm ❗sub ❗msg ❗loja,"['Português', 'fps', 'Brasil', 'counterstrike', 'cs', 'cs2', 'brazil']",[],False
25,2025-04-08 20:40,shadowsganjaking,pt,Counter-Strike,🔞VEM F1 COM NOIX! 🍁AMANHÃ TEM SUBATHON E SORTEIO DA FALCHION - !BITS| !PIX |!loja| !CUPOM|,"['maconha', '420', 'CS2', 'Brasil', 'portugues', 'ganja', 'brasileiro', 'counterstrike', 'Cannabis', 'CannabisCommunity']",['MatureGame'],False
25,2025-04-08 20:40,Hairzinho,pt,EA Sports FC 25,HYPE DAS 14 + COPINHA NA ACC SEC E PRO CLUBS MORAL DOS BRO! + !GRUPO + !PARCERIA !REDES !TIKTOK,"['ULTIMATETEAM', 'RAGE', 'ENGRACADO', 'PACKS', 'COMPETITIVO', 'Português', 'Brasil', 'WeekendLeague', 'Portugal', 'Reposição']",[],False
25,2025-04-08 20:40,loud_coringa,pt,Just Chatting,LIVE 7 DIAS - DIA 2,['Português'],[],False
25,2025-04-08 20:41,SLKRETROZADA,pt,Counter-Strike,JOGANDO PREMIER BORA BUSCAR TOP 1   !CSGO.NET !vaquinha !otimização @matazera @pezingamer @G44bsMDK   @betaozera,"['portugues', 'competitivo', 'proplayerPortuguês', 'proplayer', 'proplayer', 'CS2', 'cs2counterstrike2', 'cs2major', 'luqueta', 'subathon']",['MatureGame'],False
25,2025-04-08 20:41,raposo0072,pt,Just Chatting,demoro por culpa de vicio,['Português'],[],False
25,2025-04-08 20:41,naky_nk,pt,Just Chatting,"⚡Receba!, tome mais uma live pra vocês. ""O hoje constrói o amanhã."" #somos400","['Português', 'paladins', 'roblox', 'jogos', 'rocketleague', 'tierlist', 'lethalcompany']",[],False
25,2025-04-08 20:41,keillerb,pt,Dead by Daylight,SUBATHON | SUB 1 = 15 MIN | R$ 1 = 3 MIN | R$ 10 = 30 MIN + ROLETA DESAFIO | !pix !discord !steam,"['Português', 'Mulher', 'girlgamers', 'MinecraftTwitch', 'minecraft', 'DropsAtivados']",['MatureGame'],False
26,2025-04-09 00:01,iShadowWolf_,pt,Fortnite,(+18) Livezinha Muito Doida!   ||   (❗comandos ❗metas ❗drops)   ||   (Epic Code: SHADOWOLF),['Português'],[],False
26,2025-04-09 00:02,BrunoBalloni,pt,Project Zomboid,🔴RERUN!!!  -> ❗csgocases ❗regraloja❗farm ❗sub ❗msg ❗loja,"['Português', 'fps', 'Brasil', 'counterstrike', 'cs', 'cs2', 'brazil']",[],False
26,2025-04-09 00:02,Lemes,pt,Overwatch 2,Bora overzin com os brodis? ... !discord !tag !drops !dicção  [+18],"['Português', 'seaofthieves', 'musica', 'PvP', 'PvE', 'overwatch2', 'ＦＰＳ', 'PerfectWorld', 'terror']",[],False
26,2025-04-09 00:02,loud_coringa,pt,Just Chatting,LIVE 7 DIAS - DIA 3,['Português'],[],False
26,2025-04-09 00:02,CriaPlayer,pt,Grand Theft Auto V,🎃GOTHAM RP🎃 #83 CADA DIA SE FORTALECENDO SEM PISAR EM NINGUÉM!  #VdgPraKrlh #TropaDosDodóis !gotham  !fancam,['Português'],"['MatureGame', 'ProfanityVulgarity']",False
26,2025-04-09 00:02,Dilascio_,pt,Marvel Rivals,SÓ HERÓI MELEE ATÉ O ETERNIDADE,"['Português', 'Competitivo', 'Conversa', 'top500', 'overwatch', 'English']",[],False
27,2025-04-09 00:12,iShadowWolf_,pt,Fortnite,(+18) Livezinha Muito Doida!   ||   (❗comandos ❗metas ❗drops)   ||   (Epic Code: SHADOWOLF),['Português'],[],False
27,2025-04-09 00:12,BrunoBalloni,pt,Project Zomboid,🔴RERUN!!!  -> ❗csgocases ❗regraloja❗farm ❗sub ❗msg ❗loja,"['Português', 'fps', 'Brasil', 'counterstrike', 'cs', 'cs2', 'brazil']",[],False
27,2025-04-09 00:12,Lemes,pt,Overwatch 2,Bora overzin com os brodis? ... !discord !tag !drops !dicção  [+18],"['Português', 'seaofthieves', 'musica', 'PvP', 'PvE', 'overwatch2', 'ＦＰＳ', 'PerfectWorld', 'terror']",[],False
27,2025-04-09 00:13,loud_coringa,pt,Just Chatting,LIVE 7 DIAS - DIA 3,['Português'],[],False
27,2025-04-09 00:13,CriaPlayer,pt,Grand Theft Auto V,🎃GOTHAM RP🎃 #83 CADA DIA SE FORTALECENDO SEM PISAR EM NINGUÉM!  #VdgPraKrlh #TropaDosDodóis !gotham  !fancam,['Português'],"['MatureGame', 'ProfanityVulgarity']",False
27,2025-04-09 00:13,Dilascio_,pt,Marvel Rivals,SÓ HERÓI MELEE ATÉ O ETERNIDADE,"['Português', 'Competitivo', 'Conversa', 'top500', 'overwatch', 'English']",[],False
27,2025-04-09 00:13,Bodinhax,pt,League of Legends,🌸 Mono Nami 🌸 Flex com a galera do chat / Batendo a meta de (0/20) Subs = 24H !pix !sociais !pes,"['Português', 'Brasil', 'Nami', 'monochamp', 'mono', 'lol', 'leagueoflegeneds']",[],False
27,2025-04-09 00:13,emilly,pt,League of Legends,MONO TARIC CHALLENGER TOP 1 MUNDO | !sociais !pix,"['mestre', 'Português', 'highelo', 'gamer', 'support', 'Taric', 'monogamia', 'LGBT', 'girl', 'pobre']",[],False
27,2025-04-09 00:13,LiandryKitty,pt,League of Legends,live seduzindo seu pai sou sua madrasta agora oi filinho,"['MulherDePreso', 'transgirl', 'Português', 'Borderline', 'desempregada', 'MÃEAOS15ANOS', 'ExPresidiaria', 'travestilactante', 'TranstornoPsicossomático', 'periodofértil']",[],False
28,2025-04-09 00:20,iShadowWolf_,pt,Fortnite,(+18) Livezinha Muito Doida!   ||   (❗comandos ❗metas ❗drops)   ||   (Epic Code: SHADOWOLF),['Português'],[],False
28,2025-04-09 00:20,BrunoBalloni,pt,Project Zomboid,🔴RERUN!!!  -> ❗csgocases ❗regraloja❗farm ❗sub ❗msg ❗loja,"['Português', 'fps', 'Brasil', 'counterstrike', 'cs', 'cs2', 'brazil']",[],False
28,2025-04-09 00:21,Lemes,pt,Overwatch 2,Bora overzin com os brodis? ... !discord !tag !drops !dicção  [+18],"['Português', 'seaofthieves', 'musica', 'PvP', 'PvE', 'overwatch2', 'ＦＰＳ', 'PerfectWorld', 'terror']",[],False
28,2025-04-09 00:21,eulilpas,pt,EA Sports FC 25,PROCLUBS DA TROPA DO ZAZA,['Português'],[],False
28,2025-04-09 00:21,Dilascio_,pt,Marvel Rivals,SÓ HERÓI MELEE ATÉ O ETERNIDADE,"['Português', 'Competitivo', 'Conversa', 'top500', 'overwatch', 'English']",[],False
28,2025-04-09 00:21,CriaPlayer,pt,Grand Theft Auto V,🎃GOTHAM RP🎃 #83 CADA DIA SE FORTALECENDO SEM PISAR EM NINGUÉM!  #VdgPraKrlh #TropaDosDodóis !gotham  !fancam,['Português'],"['MatureGame', 'ProfanityVulgarity']",False
28,2025-04-09 00:21,LetizaTV,pt,Just Chatting,live de gue? | !pix,['Português'],[],False
28,2025-04-09 00:21,haruninha,pt,League of Legends,+ 18:  pior bronze do servidor br❗musica ❗comandos ❗livespix❗SR (off),['Português'],['ProfanityVulgarity'],False
28,2025-04-09 00:21,sushikage__,pt,R.E.P.O.,Thats Mariah From Brazil (ty) - !livepix !discord !social !followage,"['cozy', 'GAMERGIRL', 'VALORANT', 'HOLLOWKNIGHT', 'Português']",[],False
29,2025-04-09 04:02,BrunoBalloni,pt,Project Zomboid,🔴RERUN!!!  -> ❗csgocases ❗regraloja❗farm ❗sub ❗msg ❗loja,"['Português', 'fps', 'Brasil', 'counterstrike', 'cs', 'cs2', 'brazil']",[],False
29,2025-04-09 04:02,loud_coringa,pt,Just Chatting,LIVE 7 DIAS - DIA 3,['Português'],[],False
29,2025-04-09 04:02,LetizaTV,pt,Just Chatting,LETFLIX | Capitão América  | !pix,['Português'],[],False
29,2025-04-09 04:02,ASennan,pt,VALORANT,(+18) ✨PYNA e PERDE || !verificado !subathon !loja !meta !desejos !pix !redes !asenna || @asennan,"['jogajunto', 'girls', 'rankeada', 'Português', 'lgbt', 'live', 'pedintevirtual', 'mulhergamer', 'egirlgamer', 'mulheresnatwitch']",['ProfanityVulgarity'],False
29,2025-04-09 04:02,VioletKill,pt,Overwatch 2,!DROPS || DIA DE CAIXINHA É DIA FELIZ || !SORTEIO,"['LGBT', 'mulher', 'gamergirl', 'FPs', 'LGBTQIA', 'TDAH', 'Português', 'giveaway', 'DropsEnabeled', 'drops']",[],False
29,2025-04-09 04:02,EiMine77,pt,Minecraft,✅ RECOMPENSAS ON! | ⭐ SEJA RÁPIDO E GANHE UMA CAPA DE GRAÇA: !CAPA | 💘 INSTAGRAM: @EIMINE77 | !ajuda !rerun !sub !subgratis !loja,"['Minecraft', 'EiMine', 'Português']",[],False
29,2025-04-09 04:02,Spar,en,Sea of Thieves,🌯🛥️yachts to chalupas🛥️🌯| !zach !giveaway !madrinas,"['PVP', 'PVE', 'English', 'coolin', 'SeaOfThievesPartner', 'TacoBellEnthusiast']",[],False
29,2025-04-09 04:02,Fi1es,en,Sea of Thieves,Duo Divin w/ @Tatotunes | 5.7K+ HG 🏴‍☠️!partnerplus,"['PvP', 'English', 'ControllerPlayer', 'TTS100', 'SoTPartner']",[],False
29,2025-04-09 04:02,shwockatv,en,Sea of Thieves,evil ramming,"['NerdKing', 'gamergirl', 'professionalplayer', 'nerd', 'seaofthieves', 'hourglasspvp', 'English']",[],False
30,2025-04-09 04:14,BrunoBalloni,pt,Project Zomboid,🔴RERUN!!!  -> ❗csgocases ❗regraloja❗farm ❗sub ❗msg ❗loja,"['Português', 'fps', 'Brasil', 'counterstrike', 'cs', 'cs2', 'brazil']",[],False
30,2025-04-09 04:14,eulilpas,pt,EA Sports FC 25,🔴 RERUN🔴 - PROCLUBS DA TROPA DO ZAZA,['Português'],[],False
30,2025-04-09 04:14,LetizaTV,pt,Just Chatting,LETFLIX | Capitão América  | !pix,['Português'],[],False
30,2025-04-09 04:14,loud_coringa,pt,Just Chatting,LIVE 7 DIAS - DIA 3,['Português'],[],False
30,2025-04-09 04:14,ASennan,pt,VALORANT,(+18) ✨PYNA e PERDE || !verificado !subathon !loja !meta !desejos !pix !redes !asenna || @asennan,"['jogajunto', 'girls', 'rankeada', 'Português', 'lgbt', 'live', 'pedintevirtual', 'mulhergamer', 'egirlgamer', 'mulheresnatwitch']",['ProfanityVulgarity'],False
30,2025-04-09 04:14,EiMine77,pt,Minecraft,✅ RECOMPENSAS ON! | ⭐ SEJA RÁPIDO E GANHE UMA CAPA DE GRAÇA: !CAPA | 💘 INSTAGRAM: @EIMINE77 | !ajuda !rerun !sub !subgratis !loja,"['Minecraft', 'EiMine', 'Português']",[],False
30,2025-04-09 04:15,digolives,pt,Just Chatting,+18 CAPITAL -  ---CUPINS  - FLORINDA HERMINIA  ! ❗LOJA ❗DISCORD ❗PIX ❗IOX ❗,"['gta', 'Português', 'ETS2', 'ETS', 'simulação']",[],False
30,2025-04-09 04:15,eikebr00,pt,Just Chatting,Vem assistir!,['Português'],[],False
30,2025-04-09 04:15,DeiwidGamer,pt,ROBLOX,Rerun: ROBLOX RIVALS | !sub !pix Siga @deiwidgamer,"['Português', 'English', 'Reposição', 'roblox']",[],False
31,2025-04-09 08:02,BrunoBalloni,pt,Project Zomboid,🔴RERUN!!!  -> ❗csgocases ❗regraloja❗farm ❗sub ❗msg ❗loja,"['Português', 'fps', 'Brasil', 'counterstrike', 'cs', 'cs2', 'brazil']",[],False
31,2025-04-09 08:02,NYKAGAMER_,pt,Fortnite,tu xera ❗️code ❗️LIVEPIX ❗️Onlyfans ❗️Comandos ❗️Discord ❗️Clip,"['Fortnite', 'Português', 'Mulher', 'brasil', 'Español', '한국어', 'Русский', '漢語', 'ภาษาไทย', '日本語']",[],False
31,2025-04-09 08:02,LhamaInPijamas,pt,Marvel Rivals,ESTMOS DE VOLTA NA GRIND! !pix !elomarvel !discord,"['rpg', 'casual', 'Português', 'marvelrivals', 'rivals', 'marvelrival']",[],False
31,2025-04-09 08:02,loud_coringa,pt,Just Chatting,LIVE 7 DIAS - DIA 3,['Português'],[],False
31,2025-04-09 08:02,Xerekiss,pt,Marvel Rivals,🔥ATUALIZAÇÃO ESTÁ CHEGANDO🔥| LOJINHA RENOVADA (❗loja) | CODE: XEREKISS #ad,"['Português', 'Brasil', 'fps', 'Fortnite', 'Portugal', 'battleroyale']",[],False
31,2025-04-09 08:02,ASennan,pt,League of Legends,(+18) ✨PYNA e PERDE || !verificado !subathon !loja !meta !desejos !pix !redes !asenna || @asennan,"['jogajunto', 'girls', 'rankeada', 'Português', 'lgbt', 'live', 'pedintevirtual', 'mulhergamer', 'egirlgamer', 'mulheresnatwitch']",['ProfanityVulgarity'],False
31,2025-04-09 08:02,swissi,de,IRL,"!whatsapp / IRL-🌸 Wandern am Chriesiwäg – Kirschblüten, Hügel & Live-Abenteuer! 🍒🥾 | 8,8km | #Suisse #Schweiz","['BaselAbenteuer', 'SchweizErleben', 'IRLStreaming', 'StadtEntdeckung', 'BaselerHighlights', 'AbenteuerLeben', 'ReiseVlog', 'Deutsch', 'Wanderung']",[],False
31,2025-04-09 08:02,FizzordGames,ru,DayZ,Shadow of the Zone. DayZ PVE,"['Русский', 'Russia', 'rus', 'pve']","['MatureGame', 'ProfanityVulgarity']",False
31,2025-04-09 08:02,HOROSHl,ru,IRL,1000р/час? VladTaxi LETO !инфо🔴Live 2915 ?!б !gps !info !аук,"['Русский', 'Moscow', 'Москва', 'Taxi', 'Такси', 'Music', 'Доставка', 'Общение', 'IRL', 'Яндекс']",[],False
32,2025-04-09 08:11,BrunoBalloni,pt,Project Zomboid,🔴RERUN!!!  -> ❗csgocases ❗regraloja❗farm ❗sub ❗msg ❗loja,"['Português', 'fps', 'Brasil', 'counterstrike', 'cs', 'cs2', 'brazil']",[],False
32,2025-04-09 08:11,aatonz,pt,Sea of Thieves,!!HEY PIRATA!! 2 reais ou um Sorteio misterioso? VAMOKERE que hoje é QUARTA-FEEEIRA e metade da semana ja foi!! !!BOM DIA!!,"['casual', 'engraçado', 'pirata', 'English', 'Português', 'Yoda', 'Gaules', 'giveaway', 'alanzoka']",[],False
32,2025-04-09 08:11,NYKAGAMER_,pt,Fortnite,tu xera ❗️code ❗️LIVEPIX ❗️Onlyfans ❗️Comandos ❗️Discord ❗️Clip,"['Fortnite', 'Português', 'Mulher', 'brasil', 'Español', '한국어', 'Русский', '漢語', 'ภาษาไทย', '日本語']",[],False
32,2025-04-09 08:11,loud_coringa,pt,Just Chatting,LIVE 7 DIAS - DIA 3,['Português'],[],False
32,2025-04-09 08:11,Rompe,pt,Fortnite,Jogando com o melhor chat !ExitLag !Code ROMPE #EpicPartner !loja,"['Português', 'Trocação']",[],False
32,2025-04-09 08:11,maahmurollo,pt,Fortnite,Fortnite bb 🔥 ❗JOGAR ❗LOJA    MUROLLO #ad,"['gamer', 'Português', 'Fortnite', 'ZeroBuild', 'battleroyale', 'Reposição']",[],True
32,2025-04-09 08:11,DieguitoPotter,pt,EA Sports FC 25,"🎮 EAFC 25 | A Rota da Glória: Taça, Emoções e o Projeto EVO Imortal 🌟⚽️ !Mbway !Prozis !Divoom !Switch ✅","['Português', 'eafc25', 'packopening', 'ultimateteam', 'futbirthday', 'rage']",[],False
32,2025-04-09 08:12,impakt,pt,South of Midnight,✅ O FINAL de SOUTH OF MIDNIGHT - DIA 3 ✅ NOVAS DEMOS! ℹ️ !instant !corsair !GiveawayAbril !jogos,['Português'],['MatureGame'],False
32,2025-04-09 08:12,Boj9,pt,Just Chatting,DIA 21 IRONBOJ  | PowerPoint QUINTA FEIRA (AMANHÃ) | Rate My Peido Sexta Feira,"['Português', 'fgc', 'comédia', 'humor', 'ADD', 'gaming', 'loud', 'ADHD', 'jorge', 'narcolepsia']",[],False
33,2025-04-09 08:20,BrunoBalloni,pt,Project Zomboid,🔴RERUN!!!  -> ❗csgocases ❗regraloja❗farm ❗sub ❗msg ❗loja,"['Português', 'fps', 'Brasil', 'counterstrike', 'cs', 'cs2', 'brazil']",[],False
33,2025-04-09 08:21,Rompe,pt,Fortnite,Jogando com o melhor chat !ExitLag !Code ROMPE #EpicPartner !loja,"['Português', 'Trocação']",[],False
33,2025-04-09 08:21,NYKAGAMER_,pt,Fortnite,tu xera ❗️code ❗️LIVEPIX ❗️Onlyfans ❗️Comandos ❗️Discord ❗️Clip,"['Fortnite', 'Português', 'Mulher', 'brasil', 'Español', '한국어', 'Русский', '漢語', 'ภาษาไทย', '日本語']",[],False
33,2025-04-09 08:21,LhamaInPijamas,pt,Marvel Rivals,ESTMOS DE VOLTA NA GRIND! !pix !elomarvel !discord,"['rpg', 'casual', 'Português', 'marvelrivals', 'rivals', 'marvelrival']",[],False
33,2025-04-09 08:21,loud_coringa,pt,Just Chatting,LIVE 7 DIAS - DIA 3,['Português'],[],False
33,2025-04-09 08:21,Xerekiss,pt,Marvel Rivals,🔥ATUALIZAÇÃO ESTÁ CHEGANDO🔥| LOJINHA RENOVADA (❗loja) | CODE: XEREKISS #ad,"['Português', 'Brasil', 'fps', 'Fortnite', 'Portugal', 'battleroyale']",[],False
33,2025-04-09 08:21,Kowalski_gameplay,pt,Room 54: Horde Survival,BOM DIA E BORA TESTAR JOGOS!! - LIVE +18 - CODE: KOWALSKIGAMEPLAY #keymailer #Room54hs https://www.keymailer.co,"['AMA', 'Jogandocomespectadores', 'jogandocomamigos', 'Português', 'Jogandocomespectadores', 'jogandocomochat', 'indiegame', 'keymailer', 'room54']",[],False
33,2025-04-09 08:21,Stheffanifr1,pt,Garena Free Fire,Chegou os Novos CODIGUIN de Abril,"['diamantes', 'freefire', 'loja', 'lojinha', 'prêmios', 'codiguin', 'Português']",['MatureGame'],False
33,2025-04-09 08:21,SKMVAN,pt,Fortnite,👑MULHER GAMER VIRTUOSA ON👑CAMPEONATO SÁBADO 12/04👑SE INSCREVA👑💲APOIE O CODE SKMVAN💲GANHE VBUCKS E PERIFÉRICOS NA MINHA LOJINHA💲,"['AMA', 'fairplay', 'Competitivo', 'gamergirl', 'InclusiveSpace', 'LojinhaON', 'subathon', 'FarmVBucks', 'Jogandocomespectadores', 'campeonato']",[],False
34,2025-04-09 08:31,BrunoBalloni,pt,Project Zomboid,🔴RERUN!!!  -> ❗csgocases ❗regraloja❗farm ❗sub ❗msg ❗loja,"['Português', 'fps', 'Brasil', 'counterstrike', 'cs', 'cs2', 'brazil']",[],False
34,2025-04-09 08:31,Rompe,pt,Fortnite,Jogando com o melhor chat !ExitLag !Code ROMPE #EpicPartner !loja,"['Português', 'Trocação']",[],False
34,2025-04-09 08:31,NYKAGAMER_,pt,Fortnite,tu xera ❗️code ❗️LIVEPIX ❗️Onlyfans ❗️Comandos ❗️Discord ❗️Clip,"['Fortnite', 'Português', 'Mulher', 'brasil', 'Español', '한국어', 'Русский', '漢語', 'ภาษาไทย', '日本語']",[],False
34,2025-04-09 08:31,LhamaInPijamas,pt,Marvel Rivals,ESTMOS DE VOLTA NA GRIND! !pix !elomarvel !discord,"['rpg', 'casual', 'Português', 'marvelrivals', 'rivals', 'marvelrival']",[],False
34,2025-04-09 08:31,loud_coringa,pt,Just Chatting,LIVE 7 DIAS - DIA 3,['Português'],[],False
34,2025-04-09 08:31,maahmurollo,pt,Fortnite,Fortnite bb 🔥 ❗JOGAR ❗LOJA    MUROLLO #ad,"['gamer', 'Português', 'Fortnite', 'ZeroBuild', 'battleroyale', 'Reposição']",[],True
34,2025-04-09 08:31,danizinhah_,pt,Fortnite,BOM DIAAA ✨ANSIOSA PARA NOVO MAPA DO RELOAD !!!,"['Português', 'drops', 'DropsEnable']",[],False
34,2025-04-09 08:31,cisinha,pt,VALORANT,bom dia nenes,['Português'],['ProfanityVulgarity'],False
34,2025-04-09 08:31,Kowalski_gameplay,pt,Blood Purge: Releaseburg,BOM DIA E BORA TESTAR JOGOS!! - LIVE +18 - CODE: KOWALSKIGAMEPLAY #keymailer #Bloodpurge https://www.keymailer.co,"['AMA', 'Jogandocomespectadores', 'jogandocomamigos', 'Português', 'Jogandocomespectadores', 'jogandocomochat', 'indiegame', 'keymailer', 'room54']",[],False
35,2025-04-09 08:41,BrunoBalloni,pt,Project Zomboid,🔴RERUN!!!  -> ❗csgocases ❗regraloja❗farm ❗sub ❗msg ❗loja,"['Português', 'fps', 'Brasil', 'counterstrike', 'cs', 'cs2', 'brazil']",[],False
35,2025-04-09 08:42,Rompe,pt,Fortnite,Jogando com o melhor chat !ExitLag !Code ROMPE #EpicPartner !loja,"['Português', 'Trocação']",[],False
35,2025-04-09 08:42,Xerekiss,pt,Marvel Rivals,🔥ATUALIZAÇÃO ESTÁ CHEGANDO🔥| LOJINHA RENOVADA (❗loja) | CODE: XEREKISS #ad,"['Português', 'Brasil', 'fps', 'Fortnite', 'Portugal', 'battleroyale']",[],False
35,2025-04-09 08:42,NYKAGAMER_,pt,Fortnite,tu xera ❗️code ❗️LIVEPIX ❗️Onlyfans ❗️Comandos ❗️Discord ❗️Clip,"['Fortnite', 'Português', 'Mulher', 'brasil', 'Español', '한국어', 'Русский', '漢語', 'ภาษาไทย', '日本語']",[],False
35,2025-04-09 08:42,LhamaInPijamas,pt,Marvel Rivals,ESTMOS DE VOLTA NA GRIND! !pix !elomarvel !discord,"['rpg', 'casual', 'Português', 'marvelrivals', 'rivals', 'marvelrival']",[],False
35,2025-04-09 08:42,loud_coringa,pt,Just Chatting,LIVE 7 DIAS - DIA 3,['Português'],[],False
35,2025-04-09 08:42,guigzvlr,pt,VALORANT,PROFESSOR DE LA CASA DE PAPEL. SOMENTE CALLS.  - !EXITLAG | !sub !parcerias !growth !tadala !soldado,['Português'],[],False
35,2025-04-09 08:42,rdoofps,pt,VALORANT,SUBATHON BENEFICENTE PASCOA SOLIDARIA DIA 3 // !PASCOA !cassino !namoro !natal,['Português'],[],False
35,2025-04-09 08:42,joaozin,pt,VALORANT,SUBATHON INFINITO DO TOP 1 |  JA SE FORAM 40 HORAS DE LIVE SEM DORMIR  | !tabela !pix,['Português'],[],False
36,2025-04-09 12:02,BrunoBalloni,pt,Counter-Strike,🔴RERUN!!!  -> ❗csgocases ❗regraloja❗farm ❗sub ❗msg ❗loja,"['Português', 'fps', 'Brasil', 'counterstrike', 'cs', 'cs2', 'brazil']",['MatureGame'],False
36,2025-04-09 12:02,MegeraBruna,pt,The Last of Us Part II,The Last of Us 2 vamo sofrer [+18] / !discord / !elo / !regras / !pix / !instagram/ !nick/ !Sorteio/ !clip/ !Sr /  !subathon,"['Português', 'valorant', 'gamergirl', 'fps', 'gamer']",['MatureGame'],False
36,2025-04-09 12:02,Rompe,pt,Fortnite,Jogando com o melhor chat !ExitLag !Code ROMPE #EpicPartner !loja,"['Português', 'Trocação']",[],False
36,2025-04-09 12:02,A7X1HERO,pt,Overwatch 2,Cód.: A7X1Hero !yt !pix !kwai !mih !tatoo !clip,"['Português', 'gamepass']",[],False
36,2025-04-09 12:02,loud_coringa,pt,Just Chatting,LIVE 7 DIAS - DIA 3,['Português'],[],False
36,2025-04-09 12:02,NYKAGAMER_,pt,Fortnite,Pinas e perde (em homenagem ao Carioca) ❗️code ❗️LIVEPIX ❗️Onlyfans ❗️Comandos ❗️Discord ❗️Clip,"['Fortnite', 'Português', 'Mulher', 'brasil', 'Español', '한국어', 'Русский', '漢語', 'ภาษาไทย', '日本語']",[],False
36,2025-04-09 12:02,celinettpb,pt,Just Chatting,"!subathon (dia 5) HOJE É DIA DE TLOU, BEBÊ! 🎮",['Português'],[],False
36,2025-04-09 12:02,Choke7,pt,Teamfight Tactics,"a streamer acordou | DIA 3 SUBATHON ; R$1=1min, SUB=3min, 100Bits=5min - !subathon !pix !sociais",['Português'],[],True
36,2025-04-09 12:02,Quel,pt,Stardew Valley,⁎⁺✧ stardew totalmente modificado + sims 4 ✧⁺⁎,"['Brasil', 'Mulher', 'girl', 'jovem', 'SubtitlesOn', 'subtitles', 'chill', 'Cozy', 'wholesome', 'Português']",[],False
37,2025-04-09 12:09,morenageek,pt,Fortnite,Tryhardando até o surreal | Ballistic ranked,"['Fortnite', 'GirlPlayer', 'PS5LiveStream', 'ControlerGaming', 'Português']",[],False
37,2025-04-09 12:09,loud_coringa,pt,Just Chatting,LIVE 7 DIAS - DIA 3,['Português'],[],False
37,2025-04-09 12:09,NYKAGAMER_,pt,Fortnite,Pinas e perde (em homenagem ao Carioca) ❗️code ❗️LIVEPIX ❗️Onlyfans ❗️Comandos ❗️Discord ❗️Clip,"['Fortnite', 'Português', 'Mulher', 'brasil', 'Español', '한국어', 'Русский', '漢語', 'ภาษาไทย', '日本語']",[],False
37,2025-04-09 12:09,MegeraBruna,pt,The Last of Us Part II,The Last of Us 2 vamo sofrer [+18] / !discord / !elo / !regras / !pix / !instagram/ !nick/ !Sorteio/ !clip/ !Sr /  !subathon,"['Português', 'valorant', 'gamergirl', 'fps', 'gamer']",['MatureGame'],False
37,2025-04-09 12:09,BrunoBalloni,pt,Counter-Strike,🔴RERUN!!!  -> ❗csgocases ❗regraloja❗farm ❗sub ❗msg ❗loja,"['Português', 'fps', 'Brasil', 'counterstrike', 'cs', 'cs2', 'brazil']",['MatureGame'],False
37,2025-04-09 12:10,Yonerai,pt,League of Legends,"Melhor yone da rua, talvez até do bairro! - Profundezas do prata","['Português', 'Mulher']",[],False
37,2025-04-09 12:10,marcolaalmeida,pt,Until Dawn,UNTIL DAWN,"['conversa', 'batepapo', 'Drop', 'Português', 'discord', 'conversa', 'Aniversario']",['MatureGame'],False
37,2025-04-09 12:10,ZeTTaZeRa,pt,Call of Duty: Warzone,💥BORA ATRÁS DO OPERADOR MISTERIOSO💥!loja !live !sr,"['Português', 'FPS', 'BR', 'Loja', 'Store', 'Drops', 'MT', 'GTARP', 'CAPITAL', 'GALAXY']",['MatureGame'],False
37,2025-04-09 12:10,realMAGGOO,pt,Minecraft,!zap Quarta Craft -,"['Português', 'English']",[],False
38,2025-04-09 12:19,BrunoBalloni,pt,Counter-Strike,🔴RERUN!!!  -> ❗csgocases ❗regraloja❗farm ❗sub ❗msg ❗loja,"['Português', 'fps', 'Brasil', 'counterstrike', 'cs', 'cs2', 'brazil']",['MatureGame'],False
38,2025-04-09 12:19,MegeraBruna,pt,The Last of Us Part II,The Last of Us 2 vamo sofrer [+18] / !discord / !elo / !regras / !pix / !instagram/ !nick/ !Sorteio/ !clip/ !Sr /  !subathon,"['Português', 'valorant', 'gamergirl', 'fps', 'gamer']",['MatureGame'],False
38,2025-04-09 12:20,Rompe,pt,Fortnite,Jogando com o melhor chat !ExitLag !Code ROMPE #EpicPartner !loja,"['Português', 'Trocação']",[],False
38,2025-04-09 12:20,Yonerai,pt,League of Legends,"Melhor yone da rua, talvez até do bairro! - Profundezas do prata","['Português', 'Mulher']",[],False
38,2025-04-09 12:20,loud_coringa,pt,Just Chatting,LIVE 7 DIAS - DIA 3,['Português'],[],False
38,2025-04-09 12:20,NYKAGAMER_,pt,Fortnite,Pinas e perde (em homenagem ao Carioca) ❗️code ❗️LIVEPIX ❗️Onlyfans ❗️Comandos ❗️Discord ❗️Clip,"['Fortnite', 'Português', 'Mulher', 'brasil', 'Español', '한국어', 'Русский', '漢語', 'ภาษาไทย', '日本語']",[],False
38,2025-04-09 12:20,Quel,pt,Stardew Valley,⁎⁺✧ stardew totalmente modificado + sims 4 ✧⁺⁎,"['Brasil', 'Mulher', 'girl', 'jovem', 'SubtitlesOn', 'subtitles', 'chill', 'Cozy', 'wholesome', 'Português']",[],False
38,2025-04-09 12:20,VeronikaVolt,pt,IRL,subathon dia 3 - dormindo,"['Português', 'gay', 'nordeste', 'hemorroida']",['ProfanityVulgarity'],True
38,2025-04-09 12:20,Tiozao_TV,pt,inZOI,TERMINANDO A CASA DO CAMPO (KCN CREATOR) !SOCIAL !FREESUB,"['BatendoPapo', 'Português', 'stardewvalley', 'fazendinha', 'Jogandocomespectadores', 'Cozy', 'simulador', 'cozygame', 'inzoi']",[],False
39,2025-04-09 16:02,loud_coringa,pt,Just Chatting,LIVE 7 DIAS - DIA 3,['Português'],[],False
39,2025-04-09 16:02,Hairzinho,pt,EA Sports FC 25,HYPE DAS 14 + QUAL A BOA PRA HOJE? E PRO CLUBS MORAL DOS BRO! + !GRUPO + !PARCERIA !REDES !TIKTOK,"['ULTIMATETEAM', 'RAGE', 'ENGRACADO', 'PACKS', 'COMPETITIVO', 'Português', 'Brasil', 'WeekendLeague', 'Portugal', 'Reposição']",[],False
39,2025-04-09 16:02,Faccolina,pt,Just Chatting,[+18] PRIMEIRA LIVE DE TARDE - !discord !insta !pix,"['Português', 'girlstreaming', 'repo']",['ProfanityVulgarity'],False
39,2025-04-09 16:02,Pedro017Yt,pt,Fortnite,🍉LIVE do !DESAFIO🍉+RESGATE SKIN ASSISTINDO A LIVE (❗loja),"['Português', 'Fortnite', 'Jogandocomespectadores', 'DropsEnable']",[],False
39,2025-04-09 16:02,MegeraBruna,pt,VALORANT,VAVAZIN [+18] / !discord / !elo / !regras / !pix / !instagram/ !nick/ !Sorteio/ !clip/ !Sr /  !subathon,"['Português', 'valorant', 'gamergirl', 'fps', 'gamer']",[],False
39,2025-04-09 16:02,shadowsganjaking,pt,Counter-Strike,"🔞VEM F1 COM NOIX NO SUBATHON  SUBATHON/LIVE INFINITA - SUB OU GIFT SUBS , BITS OU PIX AUMENTAM O TEMPO DA LIVE- !BITS| !PIX |!loja| !CUPOM|","['maconha', '420', 'CS2', 'Brasil', 'portugues', 'ganja', 'brasileiro', 'counterstrike', 'Cannabis', 'CannabisCommunity']",['MatureGame'],False
39,2025-04-09 16:02,Phaclock,pt,Deadside,+18 boa tarde. vamos de raft depois deadside? !instagram !comandos !youtube !social !steam,"['Coop', 'Português', 'MMORPG', 'aventura', 'Multiplayer', 'online', 'Action', 'variedades', 'mago']",[],False
39,2025-04-09 16:02,WesleyCaribe,pt,Sea of Thieves,🇧🇷🇵🇹🏴‍☠️Quantos mares um(a) pirata precisa navegar até que ele(a) se torne uma lenda?,"['Português', 'bemorepirate']",[],False
39,2025-04-09 16:02,Juliee,pt,League of Legends,🌸 (PT/JP)🌸 konnichiha onisan ...   !pix !elo !social !yt .,"['garota', 'gamer', 'react', 'japonês', 'japão', 'portugês', '日本語', 'english', 's', 'Português']",[],False
40,2025-04-09 16:13,loud_coringa,pt,Just Chatting,LIVE 7 DIAS - DIA 3,['Português'],[],False
40,2025-04-09 16:13,Hairzinho,pt,EA Sports FC 25,HYPE DAS 14 + QUAL A BOA PRA HOJE? E PRO CLUBS MORAL DOS BRO! + !GRUPO + !PARCERIA !REDES !TIKTOK,"['ULTIMATETEAM', 'RAGE', 'ENGRACADO', 'PACKS', 'COMPETITIVO', 'Português', 'Brasil', 'WeekendLeague', 'Portugal', 'Reposição']",[],False
40,2025-04-09 16:13,EiMine77,pt,Minecraft,✅ RECOMPENSAS ON! | ⭐ SEJA RÁPIDO E GANHE UMA CAPA DE GRAÇA: !CAPA | 💘 INSTAGRAM: @EIMINE77 | !ajuda !rerun !sub !subgratis !loja,"['Minecraft', 'EiMine', 'Português']",[],False
40,2025-04-09 16:13,Pedro017Yt,pt,Fortnite,🍉LIVE do !DESAFIO🍉+RESGATE SKIN ASSISTINDO A LIVE (❗loja),"['Português', 'Fortnite', 'Jogandocomespectadores', 'DropsEnable']",[],False
40,2025-04-09 16:13,Faccolina,pt,Just Chatting,[+18] PRIMEIRA LIVE DE TARDE - !discord !insta !pix,"['Português', 'girlstreaming', 'repo']",['ProfanityVulgarity'],False
40,2025-04-09 16:13,shadowsganjaking,pt,Counter-Strike,"🔞VEM F1 COM NOIX NO SUBATHON  SUBATHON/LIVE INFINITA - SUB OU GIFT SUBS , BITS OU PIX AUMENTAM O TEMPO DA LIVE- !BITS| !PIX |!loja| !CUPOM|","['maconha', '420', 'CS2', 'Brasil', 'portugues', 'ganja', 'brasileiro', 'counterstrike', 'Cannabis', 'CannabisCommunity']",['MatureGame'],False
40,2025-04-09 16:13,DigoIsMyName,pt,Vaultbreakers,🔴AO VIVO🔴 VAULTBREAKERS PT-BR,"['diversão', 'Português', 'DropsAtivados']",[],False
40,2025-04-09 16:13,xandykawai,pt,Dead by Daylight,Rushando pontos  !comandos,"['Português', 'LGBTQIA', 'Idoso', 'Gay', 'drops', 'Fortnite', 'dbd', 'DropsAtivados']","['MatureGame', 'ProfanityVulgarity']",False
40,2025-04-09 16:13,Chiimbax,pt,League of Legends,Platina eterno (74 - 365) !jogo !pix,"['Forfun', 'Pc', 'Brasil', 'gritos', 'tilted', 'Português', 'BR', 'lol', 'HolidayHoopla']",[],False
41,2025-04-09 16:24,loud_coringa,pt,Just Chatting,LIVE 7 DIAS - DIA 3,['Português'],[],False
41,2025-04-09 16:24,Pedro017Yt,pt,Fortnite,🍉LIVE do !DESAFIO🍉+RESGATE SKIN ASSISTINDO A LIVE (❗loja),"['Português', 'Fortnite', 'Jogandocomespectadores', 'DropsEnable']",[],False
41,2025-04-09 16:24,jessieziinha,pt,Overwatch 2,🗣️QUARTOUU DE OVERZIN E PAPEAMENTO ♥,"['Português', 'Mulher', 'overwatch', 'overwatch2', 'PlayingwithViewers', 'ConversandoComOChat', 'noobstreamer', 'lerdeza', 'TDAH']",['ProfanityVulgarity'],False
41,2025-04-09 16:24,Faccolina,pt,Just Chatting,[+18] PRIMEIRA LIVE DE TARDE - !discord !insta !pix,"['Português', 'girlstreaming', 'repo']",['ProfanityVulgarity'],False
41,2025-04-09 16:24,EiMine77,pt,Minecraft,✅ RECOMPENSAS ON! | ⭐ SEJA RÁPIDO E GANHE UMA CAPA DE GRAÇA: !CAPA | 💘 INSTAGRAM: @EIMINE77 | !ajuda !rerun !sub !subgratis !loja,"['Minecraft', 'EiMine', 'Português']",[],False
41,2025-04-09 16:24,Hairzinho,pt,EA Sports FC 25,HYPE DAS 14 + QUAL A BOA PRA HOJE? E PRO CLUBS MORAL DOS BRO! + !GRUPO + !PARCERIA !REDES !TIKTOK,"['ULTIMATETEAM', 'RAGE', 'ENGRACADO', 'PACKS', 'COMPETITIVO', 'Português', 'Brasil', 'WeekendLeague', 'Portugal', 'Reposição']",[],False
41,2025-04-09 16:24,Inefavel1,pt,League of Legends,SAGA ATÉ O TOP 1 (DIA 7/27) 887/2000K PDL  ✅🤠🕹 !META !projeto  !7TV -  !pix !coach !rank1 !build !comandos !duo !tierlist,"['leagueofflegends', 'LOL', 'AATROX', 'CHALLENGER', 'CAMILLE', 'Português']",[],False
41,2025-04-09 16:24,filipoppy1,pt,League of Legends,🟠 KBM Filipoppy - MONO POP CHARLES 🔨🤓☝️,"['Português', 'Challenger', 'poppy', 'monochampion']",[],False
41,2025-04-09 16:24,GigiDeusa,pt,League of Legends,MONO VAYNE HYPE E FUNK 💪🏻💪🏻💪🏻,['Português'],[],False
42,2025-04-09 16:34,loud_coringa,pt,Just Chatting,LIVE 7 DIAS - DIA 3,['Português'],[],False
42,2025-04-09 16:34,jessieziinha,pt,Overwatch 2,🗣️QUARTOUU DE OVERZIN E PAPEAMENTO ♥,"['Português', 'Mulher', 'overwatch', 'overwatch2', 'PlayingwithViewers', 'ConversandoComOChat', 'noobstreamer', 'lerdeza', 'TDAH']",['ProfanityVulgarity'],False
42,2025-04-09 16:34,Hairzinho,pt,EA Sports FC 25,HYPE DAS 14 + QUAL A BOA PRA HOJE? E PRO CLUBS MORAL DOS BRO! + !GRUPO + !PARCERIA !REDES !TIKTOK,"['ULTIMATETEAM', 'RAGE', 'ENGRACADO', 'PACKS', 'COMPETITIVO', 'Português', 'Brasil', 'WeekendLeague', 'Portugal', 'Reposição']",[],False
42,2025-04-09 16:34,Faccolina,pt,Just Chatting,[+18] PRIMEIRA LIVE DE TARDE - !discord !insta !pix,"['Português', 'girlstreaming', 'repo']",['ProfanityVulgarity'],False
42,2025-04-09 16:34,EiMine77,pt,Minecraft,✅ RECOMPENSAS ON! | ⭐ SEJA RÁPIDO E GANHE UMA CAPA DE GRAÇA: !CAPA | 💘 INSTAGRAM: @EIMINE77 | !ajuda !rerun !sub !subgratis !loja,"['Minecraft', 'EiMine', 'Português']",[],False
42,2025-04-09 16:35,Dilascio_,pt,Marvel Rivals,GRIND ONE ABOVE ALL NA MAIN,"['Português', 'Competitivo', 'Conversa', 'top500', 'overwatch', 'English']",[],False
42,2025-04-09 16:35,GihPilotto,pt,Call of Duty: Warzone,SUBATHON LIVE INIFINITA !pix | @gihpilotto nas redes sociais ❗evzen ❗pix ❗YT,"['Português', 'Warzone', 'CallOfDuty', 'FPS', 'Ranked', 'DropsAtivados']",['MatureGame'],False
42,2025-04-09 16:35,igol7,pt,EA Sports FC 25,"COLA NA MAIOR RESENHA DO MUNDO / CLUBS DA GALERA  |  futebol, bingol e resenha | !comandos !pix","['Português', 'Brasil', 'Esportes', 'Futebol', 'FPS', 'VidaReal', 'eafc24', 'react', 'reagindo', 'HolidayHoopla']",[],False
42,2025-04-09 16:35,BRUXAO_GAMER,pt,Call of Duty: Warzone,🎥rerun🎥 GANHE 2 RODADAS GRÁTIS NA ROLEITA !rerun,"['AMA', 'JogadoresIniciantes', 'ModoBattleRoyale', 'HypeTrain', 'Ação', 'Ansiedade', 'FPS', 'Jogodetiro', 'Português', 'DropsAtivados']",['MatureGame'],False
43,2025-04-09 16:43,loud_coringa,pt,Just Chatting,LIVE 7 DIAS - DIA 3,['Português'],[],False
43,2025-04-09 16:43,guguole,pt,League of Legends,+18(SR ON) Vamos jogar? !pix,"['JogandocomEspectadores', 'Lux', 'LeagueOfLegends', 'LGBTQIA', 'Português', 'mestre', 'holidayhoopla', 'chill', 'Milio']",[],False
43,2025-04-09 16:43,jessieziinha,pt,Overwatch 2,🗣️QUARTOUU DE OVERZIN E PAPEAMENTO ♥,"['Português', 'Mulher', 'overwatch', 'overwatch2', 'PlayingwithViewers', 'ConversandoComOChat', 'noobstreamer', 'lerdeza', 'TDAH']",['ProfanityVulgarity'],False
43,2025-04-09 16:43,Hairzinho,pt,EA Sports FC 25,HYPE DAS 14 + QUAL A BOA PRA HOJE? E PRO CLUBS MORAL DOS BRO! + !GRUPO + !PARCERIA !REDES !TIKTOK,"['ULTIMATETEAM', 'RAGE', 'ENGRACADO', 'PACKS', 'COMPETITIVO', 'Português', 'Brasil', 'WeekendLeague', 'Portugal', 'Reposição']",[],False
43,2025-04-09 16:44,Faccolina,pt,Just Chatting,[+18] PRIMEIRA LIVE DE TARDE - !discord !insta !pix,"['Português', 'girlstreaming', 'repo']",['ProfanityVulgarity'],False
43,2025-04-09 16:44,shadowsganjaking,pt,Counter-Strike,"🔞VEM F1 COM NOIX NO SUBATHON  SUBATHON/LIVE INFINITA - SUB OU GIFT SUBS , BITS OU PIX AUMENTAM O TEMPO DA LIVE- !BITS| !PIX |!loja| !CUPOM|","['maconha', '420', 'CS2', 'Brasil', 'portugues', 'ganja', 'brasileiro', 'counterstrike', 'Cannabis', 'CannabisCommunity']",['MatureGame'],False
43,2025-04-09 16:44,WesleyCaribe,pt,Sea of Thieves,🇧🇷🇵🇹🏴‍☠️Quantos mares um(a) pirata precisa navegar até que ele(a) se torne uma lenda?,"['Português', 'bemorepirate']",[],False
43,2025-04-09 16:44,CahNepo,pt,Overwatch 2,BOA TARDE AMIGUINHOS :D !PIX !AMAZON !EPIC !SOCIAIS #MarvelRivalsPartner #CriadorOverwatch,"['Português', 'Brasil', 'react', 'conversa', 'Competitivo', 'IRL']",[],False
43,2025-04-09 16:44,JujubaNeko,pt,Sea of Thieves,[PT/BR +18] ESTOU DE VOLTAAAAA! (XBOX SERIES S) - Código Epic JUJUBANEKO !cmds,"['Anime', 'MãeGamer', 'Brasil', 'Português', 'XboxSeriesS', 'PvP', 'Multiplayer', 'PvE', 'Aventura', 'Cooperativo']",['ProfanityVulgarity'],False
