ID,Data,channel_name,language,last_game_name,stream_title,stream_tags,classification_labels,is_branded_content
0,2025-03-20 19:24,alanzoka,pt,Assassin's Creed Shadows,acho que mais assassins creed e amanhã sexta feira 13 vou jogar asylum terrorzinho,"['Idoso', 'Gostoso', 'Português', 'DropsAtivados']",[],False
0,2025-03-20 19:24,Gaules,pt,Counter-Strike,O Plano fe vs Messitas fe ESL Impact Season 7 SA - !socio - Siga @Gaules nas redes sociais!,['Português'],['MatureGame'],True
0,2025-03-20 19:25,gabepeixe,pt,Grand Theft Auto V,?????????????? -  -> @GABEPEIXE !grupo !farm,['Português'],['MatureGame'],False
0,2025-03-20 19:25,f0rsakenwOw,pt,VALORANT,ANALISE DEEP WEB  !loco —!loco !pix !lojaeg !farmskins,['Português'],[],False
0,2025-03-20 19:25,Baiano,pt,League of Legends,🔴 CIRCUITÃO: RED x VKS🔴 🌴 Próximo programa a confirmar !grupo !bb [RETRANSMISSÃO] !status !kbmidl,['Português'],[],False
0,2025-03-20 19:25,guigzvlr,pt,VALORANT,SUBATHON - O RESGATE DO SOLDADO GUIGZ - DIA 11 !SUBATHON | !sub !parcerias !growth !tadala !soldado !bonoxs,['Português'],[],False
0,2025-03-20 19:25,EiMine77,pt,Minecraft,✅ RECOMPENSAS ON! | ⭐ SEJA RÁPIDO E GANHE UMA CAPA DE GRAÇA: !CAPA | 💘 INSTAGRAM: @EIMINE77 | !ajuda !rerun !sub !subgratis !loja,"['Minecraft', 'EiMine', 'Português', 'RecompensasEspetadores']",[],False
0,2025-03-20 19:25,aFranzita,pt,Minecraft,DIA DE SOBREVIER ♥ | DROP de Capa do Minecraft,"['PortuguêsBR', 'Português', 'jogo', 'mulherjogando', 'localseguro', 'aventura', 'noobstreamer', 'survival', 'RecompensasEspetadores']",[],False
0,2025-03-20 19:25,SenhorPuuppy,pt,Minecraft,LIVE ON | BedWars Party Aberta no Mush!!  COLA AI!!   ❗️dc ❗️sr ❗️pix ❗️textura ❗️overlay,"['minecraft', 'mushmc', 'Português', 'madrugada', 'MADRUGADÃO', 'doutorbiscoito', 'RecompensasEspetadores']",[],False
1,2025-03-20 19:35,Gaules,pt,Counter-Strike,O Plano fe vs Messitas fe ESL Impact Season 7 SA - !socio - Siga @Gaules nas redes sociais!,['Português'],['MatureGame'],True
1,2025-03-20 19:35,alanzoka,pt,Assassin's Creed Shadows,acho que mais assassins creed e amanhã sexta feira 13 vou jogar asylum terrorzinho,"['Idoso', 'Gostoso', 'Português', 'DropsAtivados']",[],False
1,2025-03-20 19:35,dona,pt,Virtual Casino,+18 FORRINHA PADRÃO (banca inicial 6k ft @Xinofril) | !pix !yt,['Português'],['Gambling'],False
1,2025-03-20 19:35,XAROLA_,pt,VALORANT,"O TROLLXASSO ESTÁ ONLINE, PODE COMEÇAR A BADERNA || SIGA O KING -> @xarola_","['humor', 'nordeste', 'yoru', 'lindo', 'Português', 'calvo']",[],False
1,2025-03-20 19:36,Baiano,pt,League of Legends,🔴 CIRCUITÃO: KBM x SCCP 🔴 🌴 Próximo programa a confirmar !grupo !bb [RETRANSMISSÃO] !status !kbmidl,['Português'],[],False
1,2025-03-20 19:36,sacy,pt,VALORANT,2G ACADEMY x LOS GRANDES - #WATCHPARTYVCB,['Português'],[],False
1,2025-03-20 19:36,frttt,pt,VALORANT,🟢AO VIVO - RADIDI GAMEPLAYS DE VOLTA - !curso !aulas,['Português'],[],False
1,2025-03-20 19:36,guigzvlr,pt,VALORANT,SUBATHON - O RESGATE DO SOLDADO GUIGZ - DIA 11 !SUBATHON | !sub !parcerias !growth !tadala !soldado !bonoxs,['Português'],[],False
1,2025-03-20 19:36,gabepeixe,pt,Grand Theft Auto V,?????????????? -  -> @GABEPEIXE !grupo !farm,['Português'],['MatureGame'],False
2,2025-03-20 19:44,Gaules,pt,Counter-Strike,O Plano fe vs Messitas fe ESL Impact Season 7 SA - !socio - Siga @Gaules nas redes sociais!,['Português'],['MatureGame'],True
2,2025-03-20 19:44,alanzoka,pt,Assassin's Creed Shadows,acho que mais assassins creed e amanhã sexta feira 13 vou jogar asylum terrorzinho,"['Idoso', 'Gostoso', 'Português', 'DropsAtivados']",[],False
2,2025-03-20 19:44,dona,pt,Virtual Casino,+18 FORRINHA PADRÃO (banca inicial 6k ft @Xinofril) | !pix !yt,['Português'],['Gambling'],False
2,2025-03-20 19:44,sacy,pt,VALORANT,2G ACADEMY x LOS GRANDES - #WATCHPARTYVCB,['Português'],[],False
2,2025-03-20 19:44,XAROLA_,pt,VALORANT,"O TROLLXASSO ESTÁ ONLINE, PODE COMEÇAR A BADERNA || SIGA O KING -> @xarola_","['humor', 'nordeste', 'yoru', 'lindo', 'Português', 'calvo']",[],False
2,2025-03-20 19:44,Coreano,pt,VALORANT,Los Grandes 0x0 2G Academy - Gamersclub Valorant Challengers Brasil Split 1,['Português'],[],False
3,2025-03-20 19:54,Gaules,pt,Counter-Strike,O Plano fe vs Messitas fe ESL Impact Season 7 SA - !socio - Siga @Gaules nas redes sociais!,['Português'],['MatureGame'],True
3,2025-03-20 19:54,alanzoka,pt,Assassin's Creed Shadows,acho que mais assassins creed e amanhã sexta feira 13 vou jogar asylum terrorzinho,"['Idoso', 'Gostoso', 'Português', 'DropsAtivados']",[],False
3,2025-03-20 19:54,dona,pt,Virtual Casino,+18 FORRINHA PADRÃO (banca inicial 6k ft @Xinofril) | !pix !yt,['Português'],['Gambling'],False
3,2025-03-20 19:54,sacy,pt,VALORANT,2G ACADEMY x LOS GRANDES - #WATCHPARTYVCB,['Português'],[],False
3,2025-03-20 19:54,Coreano,pt,VALORANT,Los Grandes 0x0 2G Academy - Gamersclub Valorant Challengers Brasil Split 1,['Português'],[],False
3,2025-03-20 19:54,gabepeixe,pt,Grand Theft Auto V,?????????????? -  -> @GABEPEIXE !grupo !farm,['Português'],['MatureGame'],False
3,2025-03-20 19:54,ale_apoka,pt,Counter-Strike,AO VIVO: APOKÃO NIGHT NIGHT !keydrop !pirate - Me siga @ale_apoka,"['tribo', 'Português']",['MatureGame'],True
3,2025-03-20 19:54,XAROLA_,pt,VALORANT,"O TROLLXASSO ESTÁ ONLINE, PODE COMEÇAR A BADERNA || SIGA O KING -> @xarola_","['humor', 'nordeste', 'yoru', 'lindo', 'Português', 'calvo']",[],False
3,2025-03-20 19:54,LUCAS1,pt,Counter-Strike,🟢 QuéOta? ESTUDANDO OS GAMES !csgoskins,['Português'],['MatureGame'],False
4,2025-03-20 20:02,Gaules,pt,Counter-Strike,O Plano fe vs Messitas fe ESL Impact Season 7 SA - !socio - Siga @Gaules nas redes sociais!,['Português'],['MatureGame'],True
4,2025-03-20 20:02,alanzoka,pt,Assassin's Creed Shadows,acho que mais assassins creed e amanhã sexta feira 13 vou jogar asylum terrorzinho,"['Idoso', 'Gostoso', 'Português', 'DropsAtivados']",[],False
4,2025-03-20 20:02,dona,pt,Virtual Casino,+18 FORRINHA PADRÃO (banca inicial 6k ft @Xinofril) | !pix !yt,['Português'],['Gambling'],False
4,2025-03-20 20:02,sacy,pt,VALORANT,2G ACADEMY x LOS GRANDES - #WATCHPARTYVCB,['Português'],[],False
4,2025-03-20 20:02,XAROLA_,pt,VALORANT,"O TROLLXASSO ESTÁ ONLINE, PODE COMEÇAR A BADERNA || SIGA O KING -> @xarola_","['humor', 'nordeste', 'yoru', 'lindo', 'Português', 'calvo']",[],False
4,2025-03-20 20:02,Coreano,pt,VALORANT,Los Grandes 1x0 2G Academy - Gamersclub Valorant Challengers Brasil Split 1,['Português'],[],False
4,2025-03-20 20:02,guguole,pt,League of Legends,+18(SR ON) Vamos jogar? !pix,"['JogandocomEspectadores', 'Lux', 'LeagueOfLegends', 'LGBTQIA', 'Português', 'mestre', 'holidayhoopla', 'chill', 'Milio']",[],False
4,2025-03-20 20:02,sk4ravelho,pt,League of Legends,🔥 Desafio do ferro 3 ao prata em uma semana (valendo prenda) 🔥 A pior MF de João Pessoa 🔥!pix !discord !emotes 🔥,"['Veio', 'Bebo', 'Português', 'Broxa', 'flordelotus18', 'vocorvo', 'jardaslano', 'MissFortune']",['ProfanityVulgarity'],False
4,2025-03-20 20:03,tranks3000,pt,League of Legends,Resenha do Tranks,"['Valorant', 'vava', 'tranks', 'malu', 'conversando', 'casal', 'do', 'tiktok', 'Português']",[],False
5,2025-03-20 20:13,Gaules,pt,Counter-Strike,O Plano fe vs Messitas fe ESL Impact Season 7 SA - !socio - Siga @Gaules nas redes sociais!,['Português'],['MatureGame'],True
5,2025-03-20 20:13,alanzoka,pt,Assassin's Creed Shadows,acho que mais assassins creed e amanhã sexta feira 13 vou jogar asylum terrorzinho,"['Idoso', 'Gostoso', 'Português', 'DropsAtivados']",[],False
5,2025-03-20 20:13,dona,pt,Virtual Casino,+18 FORRINHA PADRÃO (banca inicial 6k ft @Xinofril) | !pix !yt,['Português'],['Gambling'],False
5,2025-03-20 20:13,sacy,pt,VALORANT,2G ACADEMY x LOS GRANDES - #WATCHPARTYVCB,['Português'],[],False
5,2025-03-20 20:13,XAROLA_,pt,VALORANT,"O TROLLXASSO ESTÁ ONLINE, PODE COMEÇAR A BADERNA || SIGA O KING -> @xarola_","['humor', 'nordeste', 'yoru', 'lindo', 'Português', 'calvo']",[],False
5,2025-03-20 20:13,Coreano,pt,VALORANT,Los Grandes 1x0 2G Academy - Gamersclub Valorant Challengers Brasil Split 1,['Português'],[],False
5,2025-03-20 20:13,frttt,pt,VALORANT,🟢AO VIVO - RADIDI GAMEPLAYS DE VOLTA - !curso !aulas,['Português'],[],False
5,2025-03-20 20:13,guigzvlr,pt,VALORANT,SUBATHON - O RESGATE DO SOLDADO GUIGZ - DIA 11 !SUBATHON | !sub !parcerias !growth !tadala !soldado !bonoxs,['Português'],[],False
5,2025-03-20 20:13,1BladeZ,pt,VALORANT,RANKEDS ABENÇOADAS || THE ROCK || ❗ONLYPADS - ❗MIBR - ❗FRAMEX - ❗PIX,"['Português', 'FPS', 'Radiante', 'Ranked', 'TheRock']",[],False
6,2025-03-20 20:23,Gaules,pt,Counter-Strike,O Plano fe vs Messitas fe ESL Impact Season 7 SA - !socio - Siga @Gaules nas redes sociais!,['Português'],['MatureGame'],True
6,2025-03-20 20:23,Bisteconee,pt,Just Chatting,EU AINDA TO AQUI  | !discord !pix !emotes,"['entretenimento', 'Português', 'irl']",['ProfanityVulgarity'],False
6,2025-03-20 20:23,alanzoka,pt,Assassin's Creed Shadows,acho que mais assassins creed e amanhã sexta feira 13 vou jogar asylum terrorzinho,"['Idoso', 'Gostoso', 'Português', 'DropsAtivados']",[],False
6,2025-03-20 20:23,sacy,pt,VALORANT,2G ACADEMY x LOS GRANDES - #WATCHPARTYVCB,['Português'],[],False
6,2025-03-20 20:23,dona,pt,Virtual Casino,+18 FORRINHA PADRÃO (banca inicial 6k ft @Xinofril) | !pix !yt,['Português'],['Gambling'],False
6,2025-03-20 20:23,Coreano,pt,VALORANT,Los Grandes 1x0 2G Academy - Gamersclub Valorant Challengers Brasil Split 1,['Português'],[],False
6,2025-03-20 20:23,owlnhira,pt,Overwatch 2,[DROPS] SORTEIO de um pacotaço LE SSERAFIN !sorteio #OverwatchCreator,"['Português', 'DropsAtivados']",[],False
6,2025-03-20 20:23,TiaDaMerenda,pt,Overwatch 2,DROPS ON -  já pegou suas  ❗lootbox da semana??  ❗ow ❗alt ❗amigo ❗pix ❗juiz,"['Português', 'conversação', 'Dentrodoslimites', 'iniciante', 'Brasil', 'DDA', 'LGBTQIAsafeplace', 'DropsAtivados']",['SexualThemes'],False
6,2025-03-20 20:23,jessieziinha,pt,Overwatch 2,[DROPS ON]🗣️ QUINTOUU DE OWZIN ♥,"['Português', 'Mulher', 'overwatch', 'overwatch2', 'PlayingwithViewers', 'ConversandoComOChat', 'noobstreamer', 'lerdeza', 'TDAH', 'DropsAtivados']",['ProfanityVulgarity'],False
7,2025-03-20 20:32,Gaules,pt,Counter-Strike,O Plano fe vs Messitas fe ESL Impact Season 7 SA - !socio - Siga @Gaules nas redes sociais!,['Português'],['MatureGame'],True
7,2025-03-20 20:32,Bisteconee,pt,Just Chatting,EU AINDA TO AQUI  | !discord !pix !emotes,"['entretenimento', 'Português', 'irl']",['ProfanityVulgarity'],False
7,2025-03-20 20:32,alanzoka,pt,Assassin's Creed Shadows,acho que mais assassins creed e amanhã sexta feira 13 vou jogar asylum terrorzinho,"['Idoso', 'Gostoso', 'Português', 'DropsAtivados']",[],False
7,2025-03-20 20:32,sacy,pt,VALORANT,2G ACADEMY x LOS GRANDES - #WATCHPARTYVCB,['Português'],[],False
7,2025-03-20 20:32,dona,pt,Virtual Casino,+18 FORRINHA PADRÃO (banca inicial 6k ft @Xinofril) | !pix !yt,['Português'],['Gambling'],False
7,2025-03-20 20:32,Coreano,pt,VALORANT,Los Grandes 1x0 2G Academy - Gamersclub Valorant Challengers Brasil Split 1,['Português'],[],False
7,2025-03-20 20:32,EiMine77,pt,Minecraft,✅ RECOMPENSAS ON! | ⭐ SEJA RÁPIDO E GANHE UMA CAPA DE GRAÇA: !CAPA | 💘 INSTAGRAM: @EIMINE77 | !ajuda !rerun !sub !subgratis !loja,"['Minecraft', 'EiMine', 'Português', 'RecompensasEspetadores']",[],False
7,2025-03-20 20:32,TH4LL3Sm,pt,Minecraft,"AOBA - jogando minecraft SURVIVAL com seguidores, servidor ABERTO - !prime !pix !ip","['Português', 'Brasil', 'ama', 'RecompensasEspetadores', 'minecraft', 'Jogandocomespectadores', 'jogandocomochat', 'jogandocomseguidores', 'ip', 'survival']",[],False
7,2025-03-20 20:32,wesleyyjk,pt,Minecraft,LIVEZADA DE TODOS OS DIAS e.e - NERDZONE,"['Português', 'conversa', 'RecompensasEspetadores']",[],False
8,2025-03-21 00:01,LuquEt4,pt,Grand Theft Auto V,🔥RED BEIRAMAR🔥 🔥DIA QUE O ZIGO CHORA E A MAE NAO VER🔥,"['Português', 'luqueta', 'gta', 'luquet4']",['MatureGame'],True
8,2025-03-21 00:01,Saullo,pt,Counter-Strike,SORTEIO LUVA de R$7.300 HOJE + DEPÓSITO NA CONTA DE VOCÊS + SORTEIO 100 DÓLARES (AO VIVO),"['Português', 'skinscsgo', 'CSGO', 'SORTEIO', 'PIX', 'SKINS', 'FPS', 'Brasil', 'CS2', 'cs2beta']",['MatureGame'],True
8,2025-03-21 00:01,Gaules,pt,S.T.A.L.K.E.R. 2: Heart of Chornobyl,RERUN: Stalker 2 - !socio - Siga @Gaules nas redes sociais!,['Português'],[],True
8,2025-03-21 00:01,RazaH,pt,Tom Clancy's Rainbow Six Siege,RANKEDZ RUMO AO TOP100  - !SUPERBET 🟢,['Português'],['MatureGame'],False
8,2025-03-21 00:01,JotaJogadasTV,pt,NBA 2K25,MyCAREER em 2003 - !resumo !subpix,"['Português', 'Esportes', 'gameplay', 'Futebol', 'NBA', 'react']",[],False
8,2025-03-21 00:01,chorumedogremio,pt,Just Chatting,hoje joga o ronaldo?,['Português'],[],False
8,2025-03-21 00:01,Oozyzk,pt,Just Chatting,91/312 | ❌ @OOZYPLUS ❌ @OOZYPLUS2 ❌ @OOZYPLUS3 ❌ @OOZYPLUS4 ❌ @OOZYPLUS5 ❌ !REDES❌ !MALUF❌!LGBT,['Português'],[],False
8,2025-03-21 00:01,nioqd,pt,Just Chatting,TIPO COLÔMBIA,"['PALMEIRAS', 'INSTAVERDE', 'FUTEBOL', 'Português']",[],False
8,2025-03-21 00:01,DG00018,pt,Sports,BRASIL X COLÔMBIA AO VIVO ELIMINATÓRIAS DIRETO DO MANÉ GARRINCHA | RODADA 13 - NARRAÇÃO,"['Português', 'flamengo', 'palmeiras', 'Futebol', 'Flamengo', 'baianinho', 'sinuca', 'Pernambuco', 'Bahia', 'Ronaldinho']",[],False
9,2025-03-21 00:11,LuquEt4,pt,Grand Theft Auto V,🔥RED BEIRAMAR🔥 🔥DIA QUE O ZIGO CHORA E A MAE NAO VER🔥,"['Português', 'luqueta', 'gta', 'luquet4']",['MatureGame'],True
9,2025-03-21 00:11,Saullo,pt,Counter-Strike,SORTEIO LUVA de R$7.300 HOJE + DEPÓSITO NA CONTA DE VOCÊS + SORTEIO 100 DÓLARES (AO VIVO),"['Português', 'skinscsgo', 'CSGO', 'SORTEIO', 'PIX', 'SKINS', 'FPS', 'Brasil', 'CS2', 'cs2beta']",['MatureGame'],True
9,2025-03-21 00:11,Gaules,pt,S.T.A.L.K.E.R. 2: Heart of Chornobyl,RERUN: Stalker 2 - !socio - Siga @Gaules nas redes sociais!,['Português'],[],True
9,2025-03-21 00:12,RazaH,pt,Tom Clancy's Rainbow Six Siege,RANKEDZ RUMO AO TOP100  - !SUPERBET 🟢,['Português'],['MatureGame'],False
9,2025-03-21 00:12,JotaJogadasTV,pt,NBA 2K25,MyCAREER em 2003 - !resumo !subpix,"['Português', 'Esportes', 'gameplay', 'Futebol', 'NBA', 'react']",[],False
9,2025-03-21 00:12,chorumedogremio,pt,Just Chatting,hoje joga o ronaldo?,['Português'],[],False
9,2025-03-21 00:12,EiMine77,pt,Minecraft,✅ RECOMPENSAS ON! | ⭐ SEJA RÁPIDO E GANHE UMA CAPA DE GRAÇA: !CAPA | 💘 INSTAGRAM: @EIMINE77 | !ajuda !rerun !sub !subgratis !loja,"['Minecraft', 'EiMine', 'Português', 'RecompensasEspetadores']",[],False
9,2025-03-21 00:12,EiMine24h,pt,Minecraft,✅ RECOMPENSAS ON! | ⭐ SEJA RÁPIDO E GANHE UMA CAPA DE GRAÇA: !CAPA | 💘 INSTAGRAM: @EIMINE77 | !ajuda !rerun !subgratis !loja,"['Português', 'Minecraft', 'EiMine', 'RecompensasEspetadores']",[],False
9,2025-03-21 00:12,JapaDaMydiSkins,pt,Counter-Strike,É grátis os 20 sorteios por live mais de R$11.000 em skins !play para participar !CSGOBIG SORTEIO DE R$100 de banca,"['Português', 'CounterStriker2', 'risada', 'engraçado', 'skinscsgo', 'skinsgratis', 'sorteiodeskins']",['MatureGame'],False
10,2025-03-21 00:22,LuquEt4,pt,Grand Theft Auto V,🔥RED BEIRAMAR🔥 🔥DIA QUE O ZIGO CHORA E A MAE NAO VER🔥,"['Português', 'luqueta', 'gta', 'luquet4']",['MatureGame'],True
10,2025-03-21 00:22,JotaJogadasTV,pt,NBA 2K25,MyCAREER em 2003 - !resumo !subpix,"['Português', 'Esportes', 'gameplay', 'Futebol', 'NBA', 'react']",[],False
10,2025-03-21 00:23,TenZ,en,Counter-Strike,EXCITING STUFF COMING SOON!!!,"['English', 'Anime', 'FPS']",['MatureGame'],False
10,2025-03-21 00:23,boltz,pt,Counter-Strike,🟢 BOA NOITE 🟢 ❗csgobig ❗csgoskins❗pirateswap❗skinplace ❗odysseycup,['Português'],['MatureGame'],False
10,2025-03-21 00:23,Gaules,pt,S.T.A.L.K.E.R. 2: Heart of Chornobyl,RERUN: Stalker 2 - !socio - Siga @Gaules nas redes sociais!,['Português'],[],True
10,2025-03-21 00:23,Saullo,pt,Counter-Strike,SORTEIO LUVA de R$7.300 HOJE + DEPÓSITO NA CONTA DE VOCÊS + SORTEIO 100 DÓLARES (AO VIVO),"['Português', 'skinscsgo', 'CSGO', 'SORTEIO', 'PIX', 'SKINS', 'FPS', 'Brasil', 'CS2', 'cs2beta']",['MatureGame'],True
10,2025-03-21 00:23,Yoaninha,pt,Just Chatting,cachorro e eu tristeza depressao :( - !bits !pix !wishlist !2game,"['Português', 'Mulher', 'TDAH', 'Mimosinha']",[],False
10,2025-03-21 00:23,isaroza_,pt,Just Chatting,bora de mais um dia de live (infelizmente)  | !hoje !vods !patrocinio !discord !comandos,"['Português', 'conversa', 'react']",[],False
10,2025-03-21 00:23,Hayashii,pt,Unboxing the Cryptic Killer,"PENSE, PENSE, PENSE! | !Imersão !Kaspersky !Monster !Pix | !SIMULTANEO","['Português', 'Brasil', 'PvP', 'fps', 'cod', 'variedades']",[],False
11,2025-03-21 00:32,aspaszin,pt,VALORANT,BUY THE MIBR BUNDLE |  !atk,"['Português', 'proplayer', 'valorant', 'English']",[],False
11,2025-03-21 00:33,LuquEt4,pt,Grand Theft Auto V,🔥RED BEIRAMAR🔥 🔥DIA QUE O ZIGO CHORA E A MAE NAO VER🔥,"['Português', 'luqueta', 'gta', 'luquet4']",['MatureGame'],True
11,2025-03-21 00:33,Gaules,pt,S.T.A.L.K.E.R. 2: Heart of Chornobyl,RERUN: Stalker 2 - !socio - Siga @Gaules nas redes sociais!,['Português'],[],True
11,2025-03-21 00:33,oclenis,pt,Call of Duty,CODZADA DE GANG,"['Português', 'Reposição']",[],True
11,2025-03-21 00:33,RazaH,pt,Tom Clancy's Rainbow Six Siege,RANKEDZ RUMO AO TOP100  - !SUPERBET 🟢,['Português'],['MatureGame'],False
11,2025-03-21 00:33,TiaDaMerenda,pt,Overwatch 2,DROPS ON -  já pegou suas  ❗lootbox da semana??  ❗ow ❗alt ❗amigo ❗pix ❗juiz,"['Português', 'conversação', 'Dentrodoslimites', 'iniciante', 'Brasil', 'DDA', 'LGBTQIAsafeplace', 'DropsAtivados']",['SexualThemes'],False
11,2025-03-21 00:33,jrodorfo,pt,Marvel Rivals,(drops) !fpsboost GUIA DE FPS NOVO! BORA DE RANKEDS NA MAIN E DPS COM O CHAT!,"['Português', 'DropsAtivados']",[],False
11,2025-03-21 00:33,jessieziinha,pt,Overwatch 2,[DROPS ON]🗣️ QUINTOUU DE OWZIN ♥,"['Português', 'Mulher', 'overwatch', 'overwatch2', 'PlayingwithViewers', 'ConversandoComOChat', 'noobstreamer', 'lerdeza', 'TDAH', 'DropsAtivados']",['ProfanityVulgarity'],False
12,2025-03-21 04:01,mathg,pt,Minecraft,BANCA PRA TODO MUNDO !drop !clash,"['Português', 'English', 'RecompensasEspetadores']",[],False
12,2025-03-21 04:01,Cooruja,pt,Overwatch 2,[!DROP FASTER] 5 LOOTBOX e !LendariaFREE !Sorteio LE SSERAFIM pra GERAL !Passefree,"['Autismo', 'TDAH', 'SafeSpace', 'Pai', 'Overwatch', 'Português', '4fun', 'DropsAtivados', 'OW2Season15', 'OW2Brasil']",[],False
12,2025-03-21 04:01,Saullo,pt,Counter-Strike,SORTEIO LUVA de R$7.300 HOJE + DEPÓSITO NA CONTA DE VOCÊS + SORTEIO 100 DÓLARES (AO VIVO),"['Português', 'skinscsgo', 'CSGO', 'SORTEIO', 'PIX', 'SKINS', 'FPS', 'Brasil', 'CS2', 'cs2beta']",['MatureGame'],True
12,2025-03-21 04:01,MadrinhaLi,pt,Wuthering Waves,Saudades de um bom MMORPG • +18 !ler !amazon !comandos !acervo !teyvat,"['gay', 'lgbtqia', 'lgbtqiaplus', 'lgbtqiamais', 'Português', 'DoisEspíritos']",[],False
12,2025-03-21 04:01,Gaules,pt,The Quarry,RERUN: The Quarry! - !socio - Siga @Gaules nas redes sociais!,['Português'],['MatureGame'],True
12,2025-03-21 04:01,saiozera,pt,League of Legends,OIIIII COELHINHOSSSSSS  |  !comandos !sr,"['LGBT', 'Conversa', 'Ingles', 'Portugues', 'Português']",[],False
12,2025-03-21 04:01,estranhutralha,pt,Grand Theft Auto V,+18 [ENERGY] GTA RP Estranhu Tralha Pegamos Favela,['Português'],['MatureGame'],False
12,2025-03-21 04:01,FenixxRP,pt,Grand Theft Auto V,+18 [ HYPE RP ] 01 DA LACOSTE - VOU DA PD NO BIGODE? | Ep.051 | #LacostePKrl | Siga o @fenixxrp ❗pix ❗lacoste❗comandos,"['hyperp', 'fenixturco', 'gtarp', 'fivem', 'fenix', 'bkinho', 'pvp', 'lacoste', 'lacostehype', 'tropadalacoste']",['MatureGame'],False
12,2025-03-21 04:01,LILFLUTOGOOD,en,Fortnite,Fortnite ranked and zone wars,"['competive', 'ranked', 'Highkills', 'fortnite', 'asmr', 'ASMR', 'Fortnite', 'unreal', 'english', 'carry']",[],True
13,2025-03-21 04:12,mathg,pt,Minecraft,BANCA PRA TODO MUNDO !drop !clash,"['Português', 'English', 'RecompensasEspetadores']",[],False
13,2025-03-21 04:12,MadrinhaLi,pt,Wuthering Waves,Saudades de um bom MMORPG • +18 !ler !amazon !comandos !acervo !teyvat,"['gay', 'lgbtqia', 'lgbtqiaplus', 'lgbtqiamais', 'Português', 'DoisEspíritos']",[],False
13,2025-03-21 04:13,Gaules,pt,The Quarry,RERUN: The Quarry! - !socio - Siga @Gaules nas redes sociais!,['Português'],['MatureGame'],True
13,2025-03-21 04:13,Cooruja,pt,Overwatch 2,[!DROP FASTER] 5 LOOTBOX e !LendariaFREE !Sorteio LE SSERAFIM pra GERAL !Passefree,"['Autismo', 'TDAH', 'SafeSpace', 'Pai', 'Overwatch', 'Português', '4fun', 'DropsAtivados', 'OW2Season15', 'OW2Brasil']",[],False
13,2025-03-21 04:13,saiozera,pt,League of Legends,OIIIII COELHINHOSSSSSS  |  !comandos !sr,"['LGBT', 'Conversa', 'Ingles', 'Portugues', 'Português']",[],False
13,2025-03-21 04:13,Baiano,pt,League of Legends,🔴 CIRCUITÃO: KBM x SCCP 🔴 🌴 Próximo programa a confirmar !grupo !bb [RETRANSMISSÃO] !status !kbmidl,['Português'],[],False
13,2025-03-21 04:13,LetizaTV,pt,VALORANT,a maior do vava | !pix,['Português'],[],False
13,2025-03-21 04:13,mvrj7,pt,Just Chatting,⚠️FILME⚠️ ❗️pix ❗️insta,['Português'],['ViolentGraphic'],True
13,2025-03-21 04:13,caaioz,pt,Red Dead Redemption 2,!SUBATHON - DIA 0 - R$1 = 4Min | Sub = 7Min | 100Bits = 8Min,"['Português', 'cavanhaque', 'IRL', 'lindo', 'proplayer']",['MatureGame'],False
14,2025-03-21 04:19,Gaules,pt,The Quarry,RERUN: The Quarry! - !socio - Siga @Gaules nas redes sociais!,['Português'],['MatureGame'],True
14,2025-03-21 04:19,mathg,pt,Minecraft,BANCA PRA TODO MUNDO !drop !clash,"['Português', 'English', 'RecompensasEspetadores']",[],False
14,2025-03-21 04:20,Retalha,pt,Assassin's Creed Shadows,🚨Testando o Brinquedinho novo !livepix  ✨57/365✨ #ubisoftpartner,"['rainbowsixsiege', 'R6SPORTSBR', 'rainbow6', 'Português', 'English', 'DCSWorld', 'DCS', 'UbisoftPartner', 'DropsAtivados']",[],False
14,2025-03-21 04:20,MadrinhaLi,pt,Wuthering Waves,Saudades de um bom MMORPG • +18 !ler !amazon !comandos !acervo !teyvat,"['gay', 'lgbtqia', 'lgbtqiaplus', 'lgbtqiamais', 'Português', 'DoisEspíritos']",[],False
14,2025-03-21 04:20,guigzvlr,pt,I'm Only Sleeping,SUBATHON - O RESGATE DO SOLDADO GUIGZ - DIA 12 !SUBATHON | !sub !parcerias !growth !tadala !soldado !bonoxs,['Português'],[],False
14,2025-03-21 04:20,crushlol11,pt,League of Legends,DEAD. END. MESTRE DOS GRÃOS.,"['Português', 'APELAO', 'DE', 'SANTANA']",[],False
14,2025-03-21 04:20,guitolive,pt,Just Chatting,quero gritar | karmesin rp • !guitoeguto !sorteio • ✳️ !pix !apoie ☁️ !nuuvem 🛍️ !amazon 🔫 !fortnite,"['Português', 'Caricata', 'Gay', 'Beyoncé', 'Mãe', 'Discreta', 'TDAH', 'Gostosa']",[],False
14,2025-03-21 04:20,taldochico,pt,Dead by Daylight,SUBATHON DE 4 ANOS DE CANAL! //  ❗pix ❗donate ❗bits ❗sons,['Português'],['MatureGame'],False
14,2025-03-21 04:20,yulla,pt,VALORANT,MIBR Yulla 😈 | !sociais !pix !comandos !roblox,['Português'],[],False
15,2025-03-21 08:01,Cooruja,pt,Overwatch 2,[!DROP FASTER] 5 LOOTBOX e !LendariaFREE !Sorteio LE SSERAFIM pra GERAL !Passefree,"['Autismo', 'TDAH', 'SafeSpace', 'Pai', 'Overwatch', 'Português', '4fun', 'DropsAtivados', 'OW2Season15', 'OW2Brasil']",[],False
15,2025-03-21 08:01,Gaules,pt,Counter-Strike,Dia 3 Falcons vs The Huns BLAST Open Lisboa 2025 - !socio - Siga @Gaules nas redes sociais! - #AGONBYAOCBR #AOCGaming @AgonByAOCBR,['Português'],['MatureGame'],True
15,2025-03-21 08:01,sheron_schultz,pt,R.E.P.O.,Caçando Recompensas em R.E.P.O – Bora Faturar!,"['conversadetudo', 'sheronnow', 'fps', 'mulher', 'Português', 'brasil', 'cristao', 'JesusSalva', 'thesims', 'inzoi']",[],False
15,2025-03-21 08:01,crushlol11,pt,League of Legends,DEAD. END. MESTRE DOS GRÃOS.,"['Português', 'APELAO', 'DE', 'SANTANA']",[],False
15,2025-03-21 08:01,YoDa,pt,League of Legends,"Focado em melhorar, daremos a volta por cima.",['Português'],[],False
15,2025-03-21 08:01,rafaelacamisa10,pt,VALORANT,WAYLAY | SIGA  @rafaelacamisa10 |❗pix❗️elo❗️Riot ❗️donate,"['CAMISA10', 'VALORANT', 'Português', 'Brasil']",[],False
15,2025-03-21 08:01,Xerekiss,pt,Marvel Rivals,[DROP ON] BORA DE MARVEL RIVALS? | RESGATE ITENS ASSISTINDO A LIVE (❗loja) | CODE: XEREKISS #ad,"['Português', 'Brasil', 'fps', 'Fortnite', 'Portugal', 'battleroyale', 'DropsAtivados']",[],False
15,2025-03-21 08:01,EriclesSavio10,pt,Overwatch 2,"413 I (drops on) Bora meu time, sextou❗btag ❗addmarvel❗sorteio ❗comandos","['Português', 'fps', 'youtube', 'PlayStation', 'Overｗatch2', 'games', 'gameplay', 'marvelrivals', 'marvel', 'DropsAtivados']",[],False
15,2025-03-21 08:01,DanteVaderTV,pt,Red Dead Redemption 2,Fortnitezin - Subathon Especial de Aniversario (dia 28) [ +18 / !sr on / !loja / !pokecatch],['Português'],"['MatureGame', 'ProfanityVulgarity', 'ViolentGraphic']",False
16,2025-03-21 08:11,Cooruja,pt,Overwatch 2,[!DROP FASTER] 5 LOOTBOX e !LendariaFREE !Sorteio LE SSERAFIM pra GERAL !Passefree,"['Autismo', 'TDAH', 'SafeSpace', 'Pai', 'Overwatch', 'Português', '4fun', 'DropsAtivados', 'OW2Season15', 'OW2Brasil']",[],False
16,2025-03-21 08:11,Gaules,pt,Counter-Strike,Dia 3 Falcons vs The Huns BLAST Open Lisboa 2025 - !socio - Siga @Gaules nas redes sociais! - #AGONBYAOCBR #AOCGaming @AgonByAOCBR,['Português'],['MatureGame'],True
16,2025-03-21 08:11,sheron_schultz,pt,R.E.P.O.,Caçando Recompensas em R.E.P.O – Bora Faturar!,"['conversadetudo', 'sheronnow', 'fps', 'mulher', 'Português', 'brasil', 'cristao', 'JesusSalva', 'thesims', 'inzoi']",[],False
16,2025-03-21 08:11,MichaelS2,pt,VALORANT,"[PT-BR] GRAÇAS A DEUS É SEXTA, HEIN?! 🥳🥳🥳","['JogandocomViewers', 'batepapo', 'AMA', 'Entretenimento', 'Jogadoresiniciantes', 'Jogadacasual', 'Conversação', 'Português', 'amigos', 'StreamGamer']",[],False
16,2025-03-21 08:11,rafaelacamisa10,pt,VALORANT,WAYLAY | SIGA  @rafaelacamisa10 |❗pix❗️elo❗️Riot ❗️donate,"['CAMISA10', 'VALORANT', 'Português', 'Brasil']",[],False
16,2025-03-21 08:11,DayPiggy,pt,Red Dead Redemption 2,Bom dia! 🔥  Red Dead Redemption 2🔥  - 🤠 #9  🐖🐖🐖🐖,"['Vtuber', 'VtuberBR', 'Português', 'anime', 'Dislexia', 'piggy', 'onk', 'cinetose', 'MMMORPG', 'stardewvalley']",['MatureGame'],False
16,2025-03-21 08:11,La_Chritz,de,Fortnite,Wir ballern das Wochenende ein - !cc - Creator Code: La_Chritz - Music: spirationmusic auf Spotify,"['Deutsch', 'epicpartner', 'CreatorCode', 'spirationmusic']",[],False
16,2025-03-21 08:11,DasNikk,de,Supermarket Simulator,"#415: ICH CHILL, DU CHILLST, ER/SIE/ES CHINCHILLAT | !wwt !bs !wzg !topscene","['Safespace', 'Deutsch', 'Deutschland', 'Entspannt', 'Gemütlich', 'Kaffee', 'Events']",[],False
16,2025-03-21 08:11,nervenausstehl,de,Co-working & Studying,"Co-Working: schreiben, schreiben, schreiben ♥️ | !vorbestellen","['gemütlich', 'Deutsch', 'Ally', 'pomodoro', 'coworking', 'schreiben', 'produktiv']",[],False
17,2025-03-21 08:20,BeatrizBottino,pt,Just Chatting,TREINO DE SEXTA COM @gaules e @sergioperesneto,"['brasil', 'irl', 'vidareal', 'Português', 'CoWorking', 'UXUI', 'English', 'mulher', 'react', 'InRealLifeChat']",[],False
17,2025-03-21 08:20,Cooruja,pt,Overwatch 2,[!DROP FASTER] 5 LOOTBOX e !LendariaFREE !Sorteio LE SSERAFIM pra GERAL !Passefree,"['Autismo', 'TDAH', 'SafeSpace', 'Pai', 'Overwatch', 'Português', '4fun', 'DropsAtivados', 'OW2Season15', 'OW2Brasil']",[],False
17,2025-03-21 08:21,sheron_schultz,pt,R.E.P.O.,Caçando Recompensas em R.E.P.O – Bora Faturar!,"['conversadetudo', 'sheronnow', 'fps', 'mulher', 'Português', 'brasil', 'cristao', 'JesusSalva', 'thesims', 'inzoi']",[],False
17,2025-03-21 08:21,Gaules,pt,Counter-Strike,Dia 3 Falcons vs The Huns BLAST Open Lisboa 2025 - !socio - Siga @Gaules nas redes sociais! - #AGONBYAOCBR #AOCGaming @AgonByAOCBR,['Português'],['MatureGame'],True
17,2025-03-21 08:21,MichaelS2,pt,VALORANT,"[PT-BR] GRAÇAS A DEUS É SEXTA, HEIN?! 🥳🥳🥳","['JogandocomViewers', 'batepapo', 'AMA', 'Entretenimento', 'Jogadoresiniciantes', 'Jogadacasual', 'Conversação', 'Português', 'amigos', 'StreamGamer']",[],False
17,2025-03-21 08:21,Baiano,pt,League of Legends,🔴 CIRCUITÃO: KBM x SCCP 🔴 🌴 Próximo programa a confirmar !grupo !bb [RETRANSMISSÃO] !status !kbmidl,['Português'],[],False
17,2025-03-21 08:21,vovo_grobau,pt,Counter-Strike,"🔥Sorteio de skins na live do vovô! 🎮 Entre na bagunça participe: ❗cupom, ❗sorteio, ❗musica ❗gruporifa ❗luva","['Português', 'CS2', 'counterstrike', 'fps', 'jogosdetiros', 'cs', 'sorteio', 'resenha', 'skins', 'sorteiodeskins']","['DrugsIntoxication', 'Gambling', 'MatureGame', 'ProfanityVulgarity', 'SexualThemes', 'ViolentGraphic']",False
17,2025-03-21 08:21,s1nistru,pt,Counter-Strike,lvl20gc ~ 10faceit ❗️skinsvip ❗️loja ❗️jakkal ❗️boost ❗️tatto,"['Gamersclub', 'Português']",['MatureGame'],False
17,2025-03-21 08:21,brenotheodoro,pt,Counter-Strike,LOBBY FACEIT!! SORTEIO > 4 FACAS | Sorteio basta interajar | !livepix | !csgoskins | !msg | !loja | !strive | !kaspersky,"['Português', 'CS2', 'fps']",['MatureGame'],False
18,2025-03-21 12:01,Mylonzete,pt,League of Legends,SoloQ 🔥 Naafiri rework + novidades do patch 😍 !PIX !BETBOOM !DISCORD !LOJA 2x pra subs,['Português'],[],False
18,2025-03-21 12:01,Cooruja,pt,Overwatch 2,[!DROP FASTER] 5 LOOTBOX e !LendariaFREE !Sorteio LE SSERAFIM pra GERAL !Passefree,"['Autismo', 'TDAH', 'SafeSpace', 'Pai', 'Overwatch', 'Português', '4fun', 'DropsAtivados', 'OW2Season15', 'OW2Brasil']",[],False
18,2025-03-21 12:01,furq,pt,VALORANT,Tryhard até pegar o Radiante !farmskins !pix !tapamassagem !sorteio !bonoxs,"['FPS', 'Português', 'valorant', 'radiante']",[],False
18,2025-03-21 12:01,Gaules,pt,Counter-Strike,Dia 3 BLAST Open Lisboa 2025 - !socio - Siga @Gaules nas redes sociais! - #AGONBYAOCBR #AOCGaming @AgonByAOCBR,['Português'],['MatureGame'],True
18,2025-03-21 12:01,larimarinhoo,pt,Neva,Jogo fofinho 💙 #48,"['Português', 'conversa', 'deadbbydaylight', 'babykillerdbd', 'stardewvalley']",[],False
18,2025-03-21 12:01,SkipNhO,pt,Delta Force,⭐Fazendo QUEST no GARENA_DELTA_FORCE ⭐ ❗TDH❗Delta❗Pristontale❗msg,"['Português', 'DropsAtivados']",[],False
18,2025-03-21 12:01,MaricotaFER,pt,inZOI,DROP ON ✅ | Finalmente a demo do InZOI e depois a ninja SHADOWS mais atrapalhada - Ep. 02 | 🛒 !amazon | 😱 !susto,"['Português', 'Mulher', 'SurvivaI', 'Simulator', 'fps', 'DropsAtivados']",[],False
18,2025-03-21 12:01,AfroditeD13,pt,Core Keeper,✨ Show da deusa ✨👾📢👽🛸 !amazon,"['Mulher', 'multiplayer', 'Português', 'simulation', 'indie', 'Adventure', 'sobrevivencia', 'conversa', 'fps']",[],False
18,2025-03-21 12:01,ZeusGhostz,pt,Tibia,EM DIREÇÃO AO LEVEL **??**❗TIBIA❗REACT❗CAMISA❗PIX  ❗KAS ❗EXITLAG,['Português'],[],False
19,2025-03-21 12:09,Gaules,pt,Counter-Strike,Dia 3 BLAST Open Lisboa 2025 - !socio - Siga @Gaules nas redes sociais! - #AGONBYAOCBR #AOCGaming @AgonByAOCBR,['Português'],['MatureGame'],True
19,2025-03-21 12:10,furq,pt,VALORANT,Tryhard até pegar o Radiante !farmskins !pix !tapamassagem !sorteio !bonoxs,"['FPS', 'Português', 'valorant', 'radiante']",[],False
19,2025-03-21 12:10,Cooruja,pt,Overwatch 2,[!DROP FASTER] 5 LOOTBOX e !LendariaFREE !Sorteio LE SSERAFIM pra GERAL !Passefree,"['Autismo', 'TDAH', 'SafeSpace', 'Pai', 'Overwatch', 'Português', '4fun', 'DropsAtivados', 'OW2Season15', 'OW2Brasil']",[],False
19,2025-03-21 12:10,Mylonzete,pt,League of Legends,SoloQ 🔥 Naafiri rework + novidades do patch 😍 !PIX !BETBOOM !DISCORD !LOJA 2x pra subs,['Português'],[],False
19,2025-03-21 12:10,Coreano,pt,Grounded,"grounded, vct 18h e LOUD umas 20h ><",['Português'],[],False
19,2025-03-21 12:10,larimarinhoo,pt,Neva,Jogo fofinho 💙 #48,"['Português', 'conversa', 'deadbbydaylight', 'babykillerdbd', 'stardewvalley']",[],False
19,2025-03-21 12:10,TioPedroJoga,pt,EA Sports FC 25,"DREAMCHASERS NOVA PROMO! RIVALS, VAZAMENTOS E MUITO CONTEÚDO !cliente !camiseta",['Português'],[],False
19,2025-03-21 12:10,cecilia_1707,pt,EA Sports FC 25,EVENTO NOVO + PACKS E GAMEPLAY | Toca Pra Elas | !yt !comandos !pix !grupo,"['MULHER', 'FUTEBOL', 'RESENHA', 'Português', 'Portugal', 'Brasil', 'Benfica']",[],False
19,2025-03-21 12:10,YoDa,pt,League of Legends,"Focado em melhorar, daremos a volta por cima.",['Português'],[],False
20,2025-03-21 12:19,Mylonzete,pt,League of Legends,SoloQ 🔥 Naafiri rework + novidades do patch 😍 !PIX !BETBOOM !DISCORD !LOJA 2x pra subs,['Português'],[],False
20,2025-03-21 12:19,Cooruja,pt,Overwatch 2,[!DROP FASTER] 5 LOOTBOX e !LendariaFREE !Sorteio LE SSERAFIM pra GERAL !Passefree,"['Autismo', 'TDAH', 'SafeSpace', 'Pai', 'Overwatch', 'Português', '4fun', 'DropsAtivados', 'OW2Season15', 'OW2Brasil']",[],False
20,2025-03-21 12:19,Gaules,pt,Counter-Strike,Dia 3 BLAST Open Lisboa 2025 - !socio - Siga @Gaules nas redes sociais! - #AGONBYAOCBR #AOCGaming @AgonByAOCBR,['Português'],['MatureGame'],True
20,2025-03-21 12:20,furq,pt,VALORANT,Tryhard até pegar o Radiante !farmskins !pix !tapamassagem !sorteio !bonoxs,"['FPS', 'Português', 'valorant', 'radiante']",[],False
20,2025-03-21 12:20,sacy,pt,VALORANT,MIBR Sacy / DIA DE VCT AMERICAS 18H / RANKEDS  REACTS ETC - !mibr !noping !pix,['Português'],[],False
20,2025-03-21 12:20,SkipNhO,pt,Delta Force,⭐Fazendo QUEST no GARENA_DELTA_FORCE ⭐ ❗TDH❗Delta❗Pristontale❗msg,"['Português', 'DropsAtivados']",[],False
20,2025-03-21 12:20,aatonz,pt,Star Citizen,!!Hey UNIVERSO !!SeXtoU!! VAMOKERE !! starcitzen tunaaaaado!!BOM DIA!!,"['casual', 'engraçado', 'pirata', 'English', 'Português', 'Yoda', 'Gaules', 'LigadoJorel', 'giveaway']",[],False
20,2025-03-21 12:20,erinzinho,pt,Just Chatting,#1267 - se a internet der problema hoje eu volto pra farmácia,['Português'],[],False
20,2025-03-21 12:20,Saduske,pt,Retro,MAID DA GUERRA 2 - A MAID AGORA É OUTRA?!,"['Speedrun', 'Lgbt', 'Português', 'Sonic', 'Megaman', 'ResidentEvil', 'Mario', 'Retro', 'RetroAchievements']",[],True
21,2025-03-21 12:31,Gaules,pt,Counter-Strike,Dia 3 BLAST Open Lisboa 2025 - !socio - Siga @Gaules nas redes sociais! - #AGONBYAOCBR #AOCGaming @AgonByAOCBR,['Português'],['MatureGame'],True
21,2025-03-21 12:31,sacy,pt,VALORANT,MIBR Sacy / DIA DE VCT AMERICAS 18H / RANKEDS  REACTS ETC - !mibr !noping !pix,['Português'],[],False
21,2025-03-21 12:31,furq,pt,VALORANT,Tryhard até pegar o Radiante !farmskins !pix !tapamassagem !sorteio !bonoxs,"['FPS', 'Português', 'valorant', 'radiante']",[],False
21,2025-03-21 12:31,Coreano,pt,Grounded,"grounded, vct 18h e LOUD umas 20h ><",['Português'],[],False
21,2025-03-21 12:31,Cooruja,pt,Overwatch 2,[!DROP FASTER] 5 LOOTBOX e !LendariaFREE !Sorteio LE SSERAFIM pra GERAL !Passefree,"['Autismo', 'TDAH', 'SafeSpace', 'Pai', 'Overwatch', 'Português', '4fun', 'DropsAtivados', 'OW2Season15', 'OW2Brasil']",[],False
21,2025-03-21 12:31,Mylonzete,pt,League of Legends,SoloQ 🔥 Naafiri rework + novidades do patch 😍 !PIX !BETBOOM !DISCORD !LOJA 2x pra subs,['Português'],[],False
21,2025-03-21 12:31,souuthy,pt,Fortnite,SEXTOUUUU - Siga @souuthy nas redes sociais,['Português'],[],False
21,2025-03-21 12:32,carlinfn,pt,Fortnite,1ST FNCS DIV 1 🏆 | !DISCORD !TWITTER !TIKTOK,"['Português', 'commpetitive', 'fortinte', 'Rankeds', 'Portugal']",[],False
21,2025-03-21 12:32,confortavell,pt,Just Chatting,Dormindo ZZZ - PIXATHON DO MOTO-MOTO ON (DIA 2)🔴!Pix !redes !youtube !tropa,"['Português', 'resenha', 'dona', 'thimagroo', 'snopey', 'kaicenat', 'yuri22']",[],False
0,2025-03-21 17:32,sacy,pt,VALORANT,MIBR SACY - CHUTANDO O BALD PRÉ CAMP!!!! DIA DE VCT AMERICAS 18H - !mibr !noping !pix,['Português'],[],False
0,2025-03-21 17:32,Gaules,pt,Counter-Strike,Dia 3 BLAST Open Lisboa 2025 - !socio - Siga @Gaules nas redes sociais! - #AGONBYAOCBR #AOCGaming @AgonByAOCBR,['Português'],['MatureGame'],True
0,2025-03-21 17:32,TcK10,pt,Grounded,🔵CLOUD9 E 🟢LOUD JOGAM HOJE🏆!SUPERBET 🏆 !GROWTH 🏆 SIGA EM @TcK10,"['melhordomundo', 'radiante', 'incrível', 'valorant', 'Português']",[],False
0,2025-03-21 17:32,MirianCosplay,pt,ROBLOX,ULTIMA LIVE ANTES DO MINI RECESSO DO CANAL! VOLTAREMOS DIA 14/04!,['Português'],[],False
0,2025-03-21 17:32,alanzoka,pt,Asylum,ASYLUM terrorzinho (assassins creed volta segunda),"['Idoso', 'Gostoso', 'Português']",[],False
0,2025-03-21 17:32,paka_fc,pt,Overwatch 2,DROPS ON FREJA!💙 TESTANDO PERSONAGEM NOVA !insta !discord !pix !loja,"['Português', 'Mulher', 'DropsAtivados']",[],False
0,2025-03-21 17:32,Michel,pt,Counter-Strike,LIVE: Vitality vs Virtus.pro - BLAST Open Lisbon 2025 - Seja SUB para o !SORTEIO - !CSGOSKINS !DASHSKINS !LIVEPIX,['Português'],['MatureGame'],False
0,2025-03-21 17:33,casimito,pt,Sports,sextou srsrsr,['Português'],[],False
0,2025-03-21 17:33,bt0tv,pt,PUBG: BATTLEGROUNDS,CASUAL FRIDAY DA MELHOR FORMA. SE NAO TEM ESTILO NEM ENTRA  // !sorteio !hellcase !skinplace !regra,"['Português', 'Japan']",[],False
1,2025-03-21 17:40,ocontagia,pt,League of Legends,PALHAÇO CONTAGIA e a sexta-feira da ALEGRIA !comandos !desafio,"['lol', 'gameplay', 'jogando', 'conversando', 'palhaco', 'Brino', 'YoDa', 'leagueoflegends', 'portugues', 'ingles']",[],False
1,2025-03-21 17:40,sacy,pt,VALORANT,MIBR SACY - CHUTANDO O BALD PRÉ CAMP!!!! DIA DE VCT AMERICAS 18H - !mibr !noping !pix,['Português'],[],False
1,2025-03-21 17:40,FroggerOW,en,Overwatch 2,"[DROPS ON!] 6V6 COMPETITIVE, FREJA AND LOOT BOX DROPS!! OMG!!!","['Australian', 'English', 'DropsEnabled']",[],False
1,2025-03-21 17:40,miistyyca,pt,Just Chatting,BOAAA TARDEEEE,"['Português', 'Reposição']",[],False
1,2025-03-21 17:40,Gaules,pt,Counter-Strike,Dia 3 BLAST Open Lisboa 2025 - !socio - Siga @Gaules nas redes sociais! - #AGONBYAOCBR #AOCGaming @AgonByAOCBR,['Português'],['MatureGame'],True
1,2025-03-21 17:40,f0rsakenwOw,pt,VALORANT,CLOUD 9 vs NRG #VCTWATCHPARTY  !loco —!loco !pix !lojaeg !farmskins,['Português'],[],False
1,2025-03-21 17:40,Nitrao_,pt,Marvel Rivals,DROPS 100% AQUI @lubuuu,"['Português', 'English', 'DropsAtivados']",[],False
1,2025-03-21 17:41,LuBuuu,pt,Marvel Rivals,GRIND COM SANGUE NO TECLADO DUO @nitrao_ !comando !youtube !tiktok,"['Português', 'Brasil', 'marvelrivals', 'LearningEnglish', 'Competitivo', 'English', 'DropsAtivados']",[],False
1,2025-03-21 17:41,Riyuuka,pt,Marvel Rivals,♡ (DROPs) Emotes novos! ♡ REDES: @riyuuka ♡ ~!hoje ~!loki ~!calendario,"['Português', 'DroppsEnabled', 'DropsAtivados']",['ProfanityVulgarity'],False
2,2025-03-21 17:50,ocontagia,pt,League of Legends,PALHAÇO CONTAGIA e a sexta-feira da ALEGRIA !comandos !desafio,"['lol', 'gameplay', 'jogando', 'conversando', 'palhaco', 'Brino', 'YoDa', 'leagueoflegends', 'portugues', 'ingles']",[],False
2,2025-03-21 17:50,sacy,pt,VALORANT,CLOUD9 0x0 NRG - #VCTWatchParty,['Português'],[],False
2,2025-03-21 17:51,Gaules,pt,Counter-Strike,Dia 3 BLAST Open Lisboa 2025 - !socio - Siga @Gaules nas redes sociais! - #AGONBYAOCBR #AOCGaming @AgonByAOCBR,['Português'],['MatureGame'],True
2,2025-03-21 17:51,TcK10,pt,VALORANT,ESTREIA CLOUD9 vs NRG 🏆 !GROWTH 🏆 SIGA EM @TcK10 #VCTWatchParty,"['melhordomundo', 'radiante', 'incrível', 'valorant', 'Português']",[],False
2,2025-03-21 17:51,MirianCosplay,pt,ROBLOX,ULTIMA LIVE ANTES DO MINI RECESSO DO CANAL! VOLTAREMOS DIA 14/04!,['Português'],[],False
2,2025-03-21 17:51,brino,pt,Just Chatting,AO VIVO > SEXTA-FEIRA > me segue no insta @brino !lives,['Português'],[],False
2,2025-03-21 17:51,plepuu,pt,Overwatch 2,drops~💜 ranked 6v6 e teste da Freja (alguma hora ai) | !pix !caixas,"['Português', 'MarvelRivals', 'Support', 'overwatch', 'chill', 'Relax', 'DropsAtivados']",[],False
2,2025-03-21 17:51,Nitrao_,pt,Marvel Rivals,DROPS 100% AQUI @lubuuu,"['Português', 'English', 'DropsAtivados']",[],False
2,2025-03-21 17:51,Guzitawo,pt,Overwatch 2,// DROPS // FREJA CHEGA HOJE!!! !sorteio #OW2LeSserafim #OW2Season15 #OverwatchCreator #OW2Brasil,"['overwatch', 'ptbr', 'suporte', 'Educational', 'chill', 'LGBTQIAFriendlySpace', 'Português', 'DropsAtivados']",[],False
3,2025-03-21 18:01,ocontagia,pt,League of Legends,PALHAÇO CONTAGIA e a sexta-feira da ALEGRIA !comandos !desafio,"['lol', 'gameplay', 'jogando', 'conversando', 'palhaco', 'Brino', 'YoDa', 'leagueoflegends', 'portugues', 'ingles']",[],False
3,2025-03-21 18:01,sacy,pt,VALORANT,CLOUD9 0x0 NRG - #VCTWatchParty,['Português'],[],False
3,2025-03-21 18:01,Gaules,pt,Counter-Strike,Dia 3 BLAST Open Lisboa 2025 - !socio - Siga @Gaules nas redes sociais! - #AGONBYAOCBR #AOCGaming @AgonByAOCBR,['Português'],['MatureGame'],True
3,2025-03-21 18:01,FroggerOW,en,Overwatch 2,"[DROPS ON!] 6V6 COMPETITIVE, FREJA AND LOOT BOX DROPS!! OMG!!!","['Australian', 'English', 'DropsEnabled']",[],False
3,2025-03-21 18:01,TcK10,pt,VALORANT,ESTREIA CLOUD9 vs NRG 🏆 !GROWTH 🏆 SIGA EM @TcK10 #VCTWatchParty,"['melhordomundo', 'radiante', 'incrível', 'valorant', 'Português']",[],False
3,2025-03-21 18:01,Flats,en,Marvel Rivals,[!DROPS ENABLED] RIVALS SCRIMS + MATCH LATER !gamersupps !newYT !tiktok2,"['English', 'DropsEnabled']",[],False
3,2025-03-21 18:01,Pixzinha,pt,Fortnite,Live anti gente sonsa | Sem Cam | Use code PIXZINHA #ad |❗pix ❗desafios,"['Fortnite', 'GIRL', 'Português', 'BattleRoyale', 'epicpartner', 'fps', 'Phasmophobia', 'Ranked']",['ProfanityVulgarity'],False
3,2025-03-21 18:01,belaagomz,pt,Fortnite,Jogue comigo enquanto farma pontos na !LOJA,"['Fortnite', 'Português', 'sembuild', 'squad', 'AMA', 'reload']",[],False
3,2025-03-21 18:01,AnySthe,pt,Fortnite,ᴊᴏɢᴀᴛɪɴᴀ ᴄᴏᴍ ᴏs ᴀᴍɪɢᴏs !ᴊᴏɢᴀʀ ᴜsᴇ ᴄᴏᴅᴇ: ᴀɴʏsᴛʜᴇ ɴᴀ ᴇᴘɪᴄ ɢᴀᴍᴇs #ᴀᴅ +18,"['fortnite', 'Português', 'marvelrivals', 'TheMortuaryAssistant', 'morena', 'Portugal', 'fps']",[],False
4,2025-03-21 20:01,ocontagia,pt,League of Legends,PALHAÇO CONTAGIA e a sexta-feira da ALEGRIA !comandos !desafio,"['lol', 'gameplay', 'jogando', 'conversando', 'palhaco', 'Brino', 'YoDa', 'leagueoflegends', 'portugues', 'ingles']",[],False
4,2025-03-21 20:01,sacy,pt,VALORANT,CLOUD9 0x1 NRG - #VCTWatchParty,['Português'],[],False
4,2025-03-21 20:01,mathg,pt,Minecraft,meu amigo negueba !clash,"['Português', 'English', 'RecompensasEspetadores']",[],False
4,2025-03-21 20:01,MORGANITA,pt,Overwatch 2,DROPS ONNNNNNNN,"['Competitivo', 'Português', 'PlayingwithViewers', 'ConversandoComOChat', 'Casual', 'CasualPlaytrough', 'DropsAtivados']",[],False
4,2025-03-21 20:01,TcK10,pt,VALORANT,ESTREIA CLOUD9 vs NRG 🏆 !GROWTH 🏆 SIGA EM @TcK10 #VCTWatchParty,"['melhordomundo', 'radiante', 'incrível', 'valorant', 'Português']",[],False
4,2025-03-21 20:01,MiMoretz,pt,Overwatch 2,dia 20 jogando com mouse e teclado invertidos,"['Português', 'DropsAtivados']",[],False
4,2025-03-21 20:01,avndeus,pt,Counter-Strike,SORTEIO DE SKINS DIRETO!! COLA !skinsvip !ggdrop,"['CS2', 'cs2faceit', 'ga', 'gamersclubcs', 'Português']",['MatureGame'],False
4,2025-03-21 20:01,VovoSkins,pt,Counter-Strike,🟢 SORTEIO DE SKINS PARA O CHAT --> VEM BUSCAR A SUA!,['Português'],['MatureGame'],True
4,2025-03-21 20:02,LevyARJ,pt,Counter-Strike,🟢 LIVE ON!! ANTES TARDE DO QUE NUNCA - JOGANDO LOBBYS  @gamersclubcs 🔥LOJINHA ATUALIZADA🔥 ❗pix ❗comandos ❗sorteio ❗loja,['Português'],['MatureGame'],False
5,2025-03-21 20:12,ocontagia,pt,League of Legends,PALHAÇO CONTAGIA e a sexta-feira da ALEGRIA !comandos !desafio,"['lol', 'gameplay', 'jogando', 'conversando', 'palhaco', 'Brino', 'YoDa', 'leagueoflegends', 'portugues', 'ingles']",[],False
5,2025-03-21 20:12,sacy,pt,VALORANT,CLOUD9 1x1 NRG - #VCTWatchParty,['Português'],[],False
5,2025-03-21 20:12,mathg,pt,Minecraft,meu amigo negueba !clash,"['Português', 'English', 'RecompensasEspetadores']",[],False
5,2025-03-21 20:12,MORGANITA,pt,Overwatch 2,DROPS ONNNNNNNN,"['Competitivo', 'Português', 'PlayingwithViewers', 'ConversandoComOChat', 'Casual', 'CasualPlaytrough', 'DropsAtivados']",[],False
5,2025-03-21 20:12,TcK10,pt,VALORANT,ESTREIA CLOUD9 vs NRG 🏆 !GROWTH 🏆 SIGA EM @TcK10 #VCTWatchParty,"['melhordomundo', 'radiante', 'incrível', 'valorant', 'Português']",[],False
5,2025-03-21 20:12,MiMoretz,pt,Overwatch 2,dia 20 jogando com mouse e teclado invertidos,"['Português', 'DropsAtivados']",[],False
5,2025-03-21 20:12,gigiosf,pt,League of Legends,TO DE VOLTA COMETENDO VARIOS CRIME... NO LOLZINHO...,"['Português', 'LEAGUEOFELGENDS', 'MMORPG', 'Mordekaiser', 'comedia', 'roblóx', 'roblox']",[],False
5,2025-03-21 20:12,sk4ravelho,pt,League of Legends,🔥 Desafio do ferro 3 ao prata em uma semana (valendo prenda) 🔥 A pior MF de João Pessoa 🔥!pix !discord !emotes 🔥,"['Veio', 'Bebo', 'Português', 'Broxa', 'flordelotus18', 'vocorvo', 'jardaslano', 'MissFortune']",['ProfanityVulgarity'],False
5,2025-03-21 20:12,mechamoluu,pt,League of Legends,✨RANKED DAS LOW ELO !elo !discord !pix !comandos ✨,"['Português', 'gameplay', 'Ranked', 'foco', 'Mulher', 'monolux', 'jinx']",[],False
6,2025-03-21 20:22,ocontagia,pt,League of Legends,PALHAÇO CONTAGIA e a sexta-feira da ALEGRIA !comandos !desafio,"['lol', 'gameplay', 'jogando', 'conversando', 'palhaco', 'Brino', 'YoDa', 'leagueoflegends', 'portugues', 'ingles']",[],False
6,2025-03-21 20:22,sacy,pt,VALORANT,CLOUD9 1x1 NRG - #VCTWatchParty,['Português'],[],False
6,2025-03-21 20:22,loud_coringa,pt,Just Chatting,IRL - FUTEBOL DOS CRIAS DE CONDOMÍNIO,['Português'],[],False
6,2025-03-21 20:22,paivinha29,pt,EA Sports FC 25,WL COM GULLIT NOVO+ SUPER PREMIAÇÃO E RESENHA  !CURSO  !COINS  !TRUST  !TRADE,"['Português', 'paivinha29', 'Futebol', 'entretenimiento']",[],False
6,2025-03-21 20:22,MORGANITA,pt,Overwatch 2,DROPS ONNNNNNNN,"['Competitivo', 'Português', 'PlayingwithViewers', 'ConversandoComOChat', 'Casual', 'CasualPlaytrough', 'DropsAtivados']",[],False
6,2025-03-21 20:23,MiMoretz,pt,Overwatch 2,dia 20 jogando com mouse e teclado invertidos,"['Português', 'DropsAtivados']",[],False
6,2025-03-21 20:23,f0rsakenwOw,pt,VALORANT,CLOUD 9 vs NRG #VCTWATCHPARTY  !loco —!loco !pix !lojaeg !farmskins,['Português'],[],False
6,2025-03-21 20:23,Tixinhadois,pt,VALORANT,CLOUD9 1x1 NRG #VCTWatchParty - !adamantiun !loco !kaspersky,"['Português', 'valorant', 'Tixinha', 'cypher', 'valorantbr']",[],False
6,2025-03-21 20:23,DannyJones,pt,VALORANT,CLOUD9 1x1 NRG - #VCTWatchParty !analise !pix,['Português'],[],False
7,2025-03-22 00:01,sacy,pt,VALORANT,LOUD 1x1 KRU - #VCTWatchParty,['Português'],[],False
7,2025-03-22 00:01,huguneneca,pt,Just Chatting,JOGOS COM O CHAT !pix !discord !sub,['Português'],[],False
7,2025-03-22 00:01,TcK10,pt,VALORANT,ESTREIA LOUD vs KRU 🏆 !GROWTH 🏆 SIGA EM @TcK10 #VCTWatchParty,"['melhordomundo', 'radiante', 'incrível', 'valorant', 'Português']",[],False
7,2025-03-22 00:01,sabrinoca,pt,League of Legends,sextou?,"['Português', 'MãeDePrimeiraViagem', 'BaratinhaDeFogão', 'Concubina', 'Melões', 'MulherDePreso', 'LeagueofLegends', 'Aliada', 'GíriasRegionais', 'Simples']",[],True
7,2025-03-22 00:01,f0rsakenwOw,pt,VALORANT,LOUD 1 X 1 KRU #VCTWATCHPARTY !loco —!loco !pix !lojaeg !farmskins,['Português'],[],False
7,2025-03-22 00:01,Coreano,pt,VALORANT,KRU 1x1 LOUD | VCT Americas 2025 | Semana 1 - Dia 1 (MD3) #VCTWatchparty,['Português'],[],False
7,2025-03-22 00:01,Zanfas_Cenegal,pt,Until Dawn,Final de Until Dawn! !superbet !links (+18),['Português'],['MatureGame'],False
7,2025-03-22 00:01,oabeljoga,pt,ARK: Survival Ascended,ESTOU DE VOLTA! PREPARATIVOS PARA FAZER OS BOSSES - ARK: SURVIVAL ASCENDED  #18 !MEMBRO !PIX,"['oabeljoga', 'Português', 'survival', 'Jogosdesobrevivência', 'pve', 'ARK', 'ArkSurvivalAcended', 'pve', 'arkunoficial']",[],False
7,2025-03-22 00:02,AlissonONN1,pt,Halo Infinite,🔫 HALO INFINITE🔫- SÓ PQ VI O SERIADO E QUERO SER O MASTER CHIEF... CAMPANHA ROBLOX... 5X LOJA - ❗️CAMPANHA ❗️loja ❗️pix ❗️discord,['Português'],[],False
8,2025-03-22 00:11,sacy,pt,VALORANT,LOUD 1x1 KRU - #VCTWatchParty,['Português'],[],False
8,2025-03-22 00:11,huguneneca,pt,Just Chatting,JOGOS COM O CHAT !pix !discord !sub,['Português'],[],False
8,2025-03-22 00:11,sabrinoca,pt,League of Legends,sextou?,"['Português', 'MãeDePrimeiraViagem', 'BaratinhaDeFogão', 'Concubina', 'Melões', 'MulherDePreso', 'LeagueofLegends', 'Aliada', 'GíriasRegionais', 'Simples']",[],True
8,2025-03-22 00:11,TcK10,pt,VALORANT,ESTREIA LOUD vs KRU 🏆 !GROWTH 🏆 SIGA EM @TcK10 #VCTWatchParty,"['melhordomundo', 'radiante', 'incrível', 'valorant', 'Português']",[],False
8,2025-03-22 00:11,exexeboy,pt,Overwatch 2,🦗,"['Portuguese', 'Português', 'DropsAtivados']",[],False
8,2025-03-22 00:11,Gaules,pt,Raft,RERUN: Mulas ao mar!! - !socio - Siga @Gaules nas redes sociais!,['Português'],[],True
8,2025-03-22 00:11,donkgord0,pt,Counter-Strike,🕺🏻💪🏻😎🦜+18 30SEC DELAY BALADA GAMERSCLUB  PERNAS + 30MIN DE BIKE ❗RAINGG  🤪 !!❗neshastore  ❗gamearena❗csgoskins,"['CSGO', 'FPS', 'GAMERSCLUB', 'GC', 'LVL20', 'Português', 'lol', 'leagueoflegends', 'moba']",['MatureGame'],False
8,2025-03-22 00:11,LUCAS1,pt,Counter-Strike,🟢 Q u é O t a? T R Y H A R D. !csgoskins,['Português'],['MatureGame'],False
8,2025-03-22 00:12,deercheerup,pt,Carry The Glass,Oiiie! [!csgobig !pix !sorteios !vídeo !lindinho],"['Português', 'Reposição']",[],False
9,2025-03-22 00:19,sacy,pt,VALORANT,LOUD 1x2 KRU - #VCTWatchParty,['Português'],[],False
9,2025-03-22 00:19,exexeboy,pt,Overwatch 2,🦗,"['Portuguese', 'Português', 'DropsAtivados']",[],False
9,2025-03-22 00:19,sabrinoca,pt,League of Legends,sextou?,"['Português', 'MãeDePrimeiraViagem', 'BaratinhaDeFogão', 'Concubina', 'Melões', 'MulherDePreso', 'LeagueofLegends', 'Aliada', 'GíriasRegionais', 'Simples']",[],True
9,2025-03-22 00:19,Cooruja,pt,Overwatch 2,[!DROP FASTER] 5 LOOTBOX e !LendariaFREE !Sorteio LE SSERAFIM pra GERAL !Passefree,"['Autismo', 'TDAH', 'SafeSpace', 'Pai', 'Overwatch', 'Português', '4fun', 'OW2Season15', 'OW2Brasil', 'DropsAtivados']",[],False
9,2025-03-22 00:19,marcusowl,pt,Overwatch 2,"Homem ser triste, homem obedecer mulher, homem ser feliz !pix","['Brasil', 'PvP', 'Português', 'Diversão', 'fps', 'Overｗatch2', 'Português', 'marvelrivals', 'DropsAtivados']",['ProfanityVulgarity'],False
9,2025-03-22 00:19,FroggerOW,en,Overwatch 2,"[DROPS ON!] 6V6 COMPETITIVE, FREJA AND LOOT BOX DROPS!! OMG!!!","['Australian', 'English', 'DropsEnabled']",[],False
9,2025-03-22 00:19,Ramonsphere,pt,Grand Theft Auto V,[Obliviate RP] Idol Yukirin em: Cecil e a Horcrux | !pix !discord,"['Português', 'Idol', 'Roleplay', 'Yukirin', 'Karmesin', 'karmesinrp', 'obliviate', 'obliviaterp']",['MatureGame'],False
9,2025-03-22 00:20,VeronikaVolt,pt,Just Chatting,rupaulol  !NOVO | !programama !novo !waveclear,"['Português', 'gay', 'nordeste', 'hemorroida']","['Gambling', 'ProfanityVulgarity']",True
9,2025-03-22 00:20,PamzinhX,pt,Grand Theft Auto V,SEXTOU [BH RP]❗PIX,['Português'],['MatureGame'],False
10,2025-03-22 00:30,huguneneca,pt,Just Chatting,JOGOS COM O CHAT !pix !discord !sub,['Português'],[],False
10,2025-03-22 00:30,Cooruja,pt,Overwatch 2,[!DROP FASTER] 5 LOOTBOX e !LendariaFREE !Sorteio LE SSERAFIM pra GERAL !Passefree,"['Autismo', 'TDAH', 'SafeSpace', 'Pai', 'Overwatch', 'Português', '4fun', 'OW2Season15', 'OW2Brasil', 'DropsAtivados']",[],False
10,2025-03-22 00:31,exexeboy,pt,Overwatch 2,🦗,"['Portuguese', 'Português', 'DropsAtivados']",[],False
10,2025-03-22 00:31,sabrinoca,pt,League of Legends,sextou?,"['Português', 'MãeDePrimeiraViagem', 'BaratinhaDeFogão', 'Concubina', 'Melões', 'MulherDePreso', 'LeagueofLegends', 'Aliada', 'GíriasRegionais', 'Simples']",[],True
10,2025-03-22 00:31,marcusowl,pt,Overwatch 2,"Homem ser triste, homem obedecer mulher, homem ser feliz !pix","['Brasil', 'PvP', 'Português', 'Diversão', 'fps', 'Overｗatch2', 'Português', 'marvelrivals', 'DropsAtivados']",['ProfanityVulgarity'],False
10,2025-03-22 00:31,Gaules,pt,Raft,RERUN: Mulas ao mar!! - !socio - Siga @Gaules nas redes sociais!,['Português'],[],True
10,2025-03-22 00:31,Pal4din_,pt,League of Legends,#031 | Flex com as meninas | !ticket !youtube,"['Burégio', 'Paladino', 'Buregio', 'Português', 'Paladin', 'Pal4din', 'Pitangames', 'Pitang', 'leagueoflegends']",[],False
10,2025-03-22 00:31,FEARnando,pt,Overwatch 2,🗣 SURTOS no ow2 + SUSTOS no phasmophobia 👻 flores ao fundo pra amenizar 🌹✨🏳️‍🌈🎮 EN/PT,"['lgbt', 'English', 'Português', 'Horror', 'PsychologicalHorror', 'HardMode', 'DropsAtivados']",[],False
10,2025-03-22 00:31,kojjlul,pt,Just Chatting,2. na sexta os rato sai do esgoto☂️🐀 LIVE CRINGE☂️🐀pix !emotes !discord !7tv,"['furry', 'PTBR', 'ANALFABETO', 'VTuber', 'Português', 'rato', 'kojj', 'LGBT', 'FSMP']",[],False
11,2025-03-22 04:01,huguneneca,pt,Codenames,JOGOS COM O CHAT !pix !discord !sub,['Português'],[],False
11,2025-03-22 04:01,Cooruja,pt,Overwatch 2,[!DROP FASTER] 5 LOOTBOX e !LendariaFREE !Sorteio LE SSERAFIM pra GERAL !Eternus !Passefree,"['Autismo', 'TDAH', 'SafeSpace', 'Pai', 'Overwatch', 'Português', '4fun', 'OW2Season15', 'OW2Brasil', 'DropsAtivados']",[],False
11,2025-03-22 04:01,exexeboy,pt,Overwatch 2,🦗,"['Portuguese', 'Português', 'DropsAtivados']",[],False
11,2025-03-22 04:01,sabrinoca,pt,League of Legends,sextou?,"['Português', 'MãeDePrimeiraViagem', 'BaratinhaDeFogão', 'Concubina', 'Melões', 'MulherDePreso', 'LeagueofLegends', 'Aliada', 'GíriasRegionais', 'Simples']",[],True
11,2025-03-22 04:01,Gaules,pt,The Last of Us Part I,RERUN: The Last of Mulas! - !socio - Siga @Gaules nas redes sociais!,['Português'],['MatureGame'],True
11,2025-03-22 04:01,euLukeLeo,pt,inZOI,❗DROP INZOI | inZoi Partner 🩵 SUBATHON ON | DIA 10 🩵 ❗SUBA,"['Português', 'gostoso', 'furry', 'pokemon', 'dbd', 'cozy', 'lgbt', 'marvelrivals', 'comfy', 'inzoi']",[],False
11,2025-03-22 04:01,EiMine24h,pt,Minecraft,✅ RECOMPENSAS ON! | ⭐ SEJA RÁPIDO E GANHE UMA CAPA DE GRAÇA: !CAPA | 💘 INSTAGRAM: @EIMINE77 | !ajuda !rerun !subgratis !loja,"['Português', 'Minecraft', 'EiMine', 'RecompensasEspetadores']",[],False
11,2025-03-22 04:01,Tio__Itachii,pt,Just Chatting,ANIME JAPAN  hunter x hunter  !top3 !programação !pausa !instagram !pix !grupo +18,"['Blackclover', 'Onepiece', 'slimetensei', 'dororo', 'dragonball', 'onepunchman', 'frieren', 'spyxfamily', 'Português']",[],False
11,2025-03-22 04:02,ZAKl1k,pt,Minecraft,🟢 MINECRAFT | ⭐ GANHE ASSISTINDO | 🌟 REESTOQUE DIA 10 ou 16 às 18h | !loja !points !prime !sub,"['Português', 'Minecraft', 'RecompensasEspetadores']",[],False
12,2025-03-22 04:11,huguneneca,pt,Codenames,JOGOS COM O CHAT !pix !discord !sub,['Português'],[],False
12,2025-03-22 04:11,Cooruja,pt,Overwatch 2,[!DROP FASTER] 5 LOOTBOX e !LendariaFREE !Sorteio LE SSERAFIM pra GERAL !Eternus !Passefree,"['Autismo', 'TDAH', 'SafeSpace', 'Pai', 'Overwatch', 'Português', '4fun', 'OW2Season15', 'OW2Brasil', 'DropsAtivados']",[],False
12,2025-03-22 04:11,exexeboy,pt,Overwatch 2,🦗,"['Portuguese', 'Português', 'DropsAtivados']",[],False
12,2025-03-22 04:11,sabrinoca,pt,League of Legends,sextou?,"['Português', 'MãeDePrimeiraViagem', 'BaratinhaDeFogão', 'Concubina', 'Melões', 'MulherDePreso', 'LeagueofLegends', 'Aliada', 'GíriasRegionais', 'Simples']",[],True
12,2025-03-22 04:11,Gaules,pt,The Last of Us Part I,RERUN: The Last of Mulas! - !socio - Siga @Gaules nas redes sociais!,['Português'],['MatureGame'],True
12,2025-03-22 04:12,euLukeLeo,pt,inZOI,❗DROP INZOI | inZoi Partner 🩵 SUBATHON ON | DIA 10 🩵 ❗SUBA,"['Português', 'gostoso', 'furry', 'pokemon', 'dbd', 'cozy', 'lgbt', 'marvelrivals', 'comfy', 'inzoi']",[],False
12,2025-03-22 04:12,naju_duarte,pt,VALORANT,Bora de vavazaun? comandos: !elo !periféricos  !pc !instagram !tiktok !sensi !nick !pix !designer !coach !discord / VALORANT,"['Português', 'fifine', 'valorantcompetetive', 'VALORANＴ', 'reacts', 'valorant']",[],False
12,2025-03-22 04:12,Faccolina,pt,R.E.P.O.,[+18] REPO DOS CRIA COMO TODO DIA - !discord !insta !pix,"['Português', 'girlstreaming', 'repo']",['ProfanityVulgarity'],False
12,2025-03-22 04:12,m4zzinho,pt,VALORANT,[+18] Falando besteiras enquanto tenta pegar radiante. Bora? - !pix !social,"['fps', 'valorant', 'radiante', 'Português']",[],False
13,2025-03-22 04:20,huguneneca,pt,Codenames,JOGOS COM O CHAT !pix !discord !sub,['Português'],[],False
13,2025-03-22 04:20,Cooruja,pt,Overwatch 2,[!DROP FASTER] 5 LOOTBOX e !LendariaFREE !Sorteio LE SSERAFIM pra GERAL !Eternus !Passefree,"['Autismo', 'TDAH', 'SafeSpace', 'Pai', 'Overwatch', 'Português', '4fun', 'OW2Season15', 'OW2Brasil', 'DropsAtivados']",[],False
13,2025-03-22 04:20,exexeboy,pt,Overwatch 2,🦗,"['Portuguese', 'Português', 'DropsAtivados']",[],False
13,2025-03-22 04:20,sabrinoca,pt,League of Legends,sextou?,"['Português', 'MãeDePrimeiraViagem', 'BaratinhaDeFogão', 'Concubina', 'Melões', 'MulherDePreso', 'LeagueofLegends', 'Aliada', 'GíriasRegionais', 'Simples']",[],True
13,2025-03-22 04:20,Gaules,pt,The Last of Us Part I,RERUN: The Last of Mulas! - !socio - Siga @Gaules nas redes sociais!,['Português'],['MatureGame'],True
13,2025-03-22 04:20,euLukeLeo,pt,inZOI,❗DROP INZOI | inZoi Partner 🩵 SUBATHON ON | DIA 10 🩵 ❗SUBA,"['Português', 'gostoso', 'furry', 'pokemon', 'dbd', 'cozy', 'lgbt', 'marvelrivals', 'comfy', 'inzoi']",[],False
13,2025-03-22 04:20,Spicinho,pt,Netherworld Covenant,Xo preguiça #lurkit | !bits CODE SPICINHO #ad,"['Português', 'Pimenta', 'pngtuber', 'PNGtuberBR', 'daredrop', 'Vtuber', 'VtuberBR', 'keymailer', 'lurkit']",['ProfanityVulgarity'],False
13,2025-03-22 04:20,morenageek,pt,Fortnite,Madrugando com meu novo amigo argentino,"['Fortnite', 'GirlPlayer', 'PS5LiveStream', 'ControlerGaming', 'Português']",[],False
13,2025-03-22 04:20,FatJokerDBD,pt,Dead by Daylight,DEAD BY DAYLIGHT - TORRE DOS DESAFIOS! | 4.700 Horas | !pix !nick !discord,"['Português', 'DeadbyDaylight', 'DbdBrasil', 'dbdsurvivor', 'dbd', 'killerdbd', 'terror']",['MatureGame'],False
14,2025-03-22 08:01,huguneneca,pt,League of Legends,JOGOS COM O CHAT !pix !discord !sub,['Português'],[],False
14,2025-03-22 08:01,Cooruja,pt,Overwatch 2,[!DROP FASTER] 5 LOOTBOX e !LendariaFREE !Sorteio LE SSERAFIM pra GERAL !Eternus !Passefree,"['Autismo', 'TDAH', 'SafeSpace', 'Pai', 'Overwatch', 'Português', '4fun', 'OW2Season15', 'OW2Brasil', 'DropsAtivados']",[],False
14,2025-03-22 08:01,Gaules,pt,Counter-Strike,Dia 4 Furia e Imperial em Campo Blast Open Lisboa 2025 - !socio - Siga @Gaules nas redes sociais! #AGONBYAOCBR #AOCGaming @AgonByAOCBR,['Português'],['MatureGame'],True
14,2025-03-22 08:01,BauschiFlauschi,de,Minecraft,Minecraft-Samstag! Was bauen wir wohl Heute? mit @schokicchino I !dc !buchclub !youtube,"['entspannt', 'Deutsch', 'cozy', 'gemütlich', 'SafeSpace', 'Chatty', 'EGirl', 'Zuschauerbelohnungen']",[],False
14,2025-03-22 08:01,euLukeLeo,pt,inZOI,❗DROP INZOI | inZoi Partner 🩵 SUBATHON ON | DIA 10 🩵 ❗SUBA,"['Português', 'gostoso', 'furry', 'pokemon', 'dbd', 'cozy', 'lgbt', 'marvelrivals', 'comfy', 'inzoi']",[],False
14,2025-03-22 08:01,gugahell,pt,Minecraft,⏰LIVE DE 24 HORAS⏰ ❗agenda ❗pix ❗insta,"['Português', 'conversa', 'humor', 'comédia', 'Casual', 'Brasil', 'drops', 'Dropshabilitados', 'RecompensasEspetadores']",[],True
14,2025-03-22 08:01,naju_duarte,pt,VALORANT,Bora de vavazaun? comandos: !elo !periféricos  !pc !instagram !tiktok !sensi !nick !pix !designer !coach !discord / VALORANT,"['Português', 'fifine', 'valorantcompetetive', 'VALORANＴ', 'reacts', 'valorant']",[],False
14,2025-03-22 08:01,Tixinhadois,pt,VALORANT,T1 0x0 ZETA - #VCTWatchParty - !adamantiun !loco !kaspersky,"['Português', 'valorant', 'Tixinha', 'cypher', 'valorantbr']",[],False
14,2025-03-22 08:02,oantunesz,pt,VALORANT,DIA DE SOLO LEVELING IRMAO,"['Valorant', 'Radiante', 'Português', 'fps', 'Competitivo', 'Ranked', 'English', 'viper', 'nerd', 'holidayhoopla']",[],False
15,2025-03-22 08:12,huguneneca,pt,League of Legends,JOGOS COM O CHAT !pix !discord !sub,['Português'],[],False
15,2025-03-22 08:12,Cooruja,pt,Overwatch 2,[!DROP FASTER] 5 LOOTBOX e !LendariaFREE !Sorteio LE SSERAFIM pra GERAL !Eternus !Passefree,"['Autismo', 'TDAH', 'SafeSpace', 'Pai', 'Overwatch', 'Português', '4fun', 'OW2Season15', 'OW2Brasil', 'DropsAtivados']",[],False
15,2025-03-22 08:12,Gaules,pt,Counter-Strike,Dia 4 Furia e Imperial em Campo Blast Open Lisboa 2025 - !socio - Siga @Gaules nas redes sociais! #AGONBYAOCBR #AOCGaming @AgonByAOCBR,['Português'],['MatureGame'],True
15,2025-03-22 08:12,euLukeLeo,pt,inZOI,❗DROP INZOI | inZoi Partner 🩵 SUBATHON ON | DIA 10 🩵 ❗SUBA,"['Português', 'gostoso', 'furry', 'pokemon', 'dbd', 'cozy', 'lgbt', 'marvelrivals', 'comfy', 'inzoi']",[],False
15,2025-03-22 08:12,gugahell,pt,Minecraft,⏰LIVE DE 24 HORAS⏰ ❗agenda ❗pix ❗insta,"['Português', 'conversa', 'humor', 'comédia', 'Casual', 'Brasil', 'drops', 'Dropshabilitados', 'RecompensasEspetadores']",[],True
15,2025-03-22 08:12,pirangueirah,pt,Overwatch 2,[+18] Jogando de Freja ❤️,"['LGBTQIAMais', 'Português', 'kekel', 'Ele', 'Ela', 'deadbbydaylight', 'fortinite', 'DropsAtivados']",[],False
15,2025-03-22 08:12,Gata_Amaldicoada,pt,Genshin Impact,"[+18] [PT/BR]: [#1150] "" Qual a boa para o final de semana?! """,['Português'],[],False
15,2025-03-22 08:12,maahmurollo,pt,Fortnite,fortnitezinho  🔥 ❤️ ❗JOGAR ❗LOJA  FARM V-BUCKS ASSISTINDO A LIVE   MUROLLO #ad,"['gamer', 'Português', 'Fortnite', 'ZeroBuild', 'battleroyale', 'Reposição']",[],True
15,2025-03-22 08:12,DanteVaderTV,pt,ROBLOX,fiquem com picapau! - descansando - Subathon Especial de Aniversario (dia 30) [ +18 / !sr on / !loja / !pokecatch],['Português'],"['ProfanityVulgarity', 'ViolentGraphic']",False
16,2025-03-22 08:21,huguneneca,pt,League of Legends,JOGOS COM O CHAT !pix !discord !sub,['Português'],[],False
16,2025-03-22 08:21,Cooruja,pt,Overwatch 2,[!DROP FASTER] 5 LOOTBOX e !LendariaFREE !Sorteio LE SSERAFIM pra GERAL !Eternus !Passefree,"['Autismo', 'TDAH', 'SafeSpace', 'Pai', 'Overwatch', 'Português', '4fun', 'OW2Season15', 'OW2Brasil', 'DropsAtivados']",[],False
16,2025-03-22 08:21,Gaules,pt,Counter-Strike,Dia 4 Furia e Imperial em Campo Blast Open Lisboa 2025 - !socio - Siga @Gaules nas redes sociais! #AGONBYAOCBR #AOCGaming @AgonByAOCBR,['Português'],['MatureGame'],True
16,2025-03-22 08:21,mihzavati,pt,Overwatch 2,(Drops on) bora de gameplay duvidosa  kkk 🙂🙂❤️🎮🎮,"['Português', 'FortniteTV', 'mulhertrans', 'LGBTQ', 'girl', 'GamerRage', 'DropsAtivados']",[],False
16,2025-03-22 08:22,TomateDoMaU,pt,Overwatch 2,| Boneca nova ta meio esquisita | !pix !nada !Discord,"['Português', 'DropsAtivados']",[],False
16,2025-03-22 08:22,mL7support,en,Overwatch 2,🔴!FREJA PLAYTEST LIVE NOW 🔴 OW2 LOOT BOXES DROPS 10HRS=5 LOOTBOXES 🔴,"['English', 'gaming', 'marvelrivals', 'strategist', 'Overｗatch2', 'SupportMain', 'DropsEnabled']",[],False
16,2025-03-22 08:22,EiMine24h,pt,Minecraft,✅ RECOMPENSAS ON! | ⭐ SEJA RÁPIDO E GANHE UMA CAPA DE GRAÇA: !CAPA | 💘 INSTAGRAM: @EIMINE77 | !ajuda !rerun !subgratis !loja,"['Português', 'Minecraft', 'EiMine', 'RecompensasEspetadores']",[],False
16,2025-03-22 08:22,ZAKl1k,pt,Minecraft,🟢 MINECRAFT | ⭐ GANHE ASSISTINDO | 🌟 REESTOQUE DIA 10 ou 16 às 18h | !loja !points !prime !sub,"['Português', 'Minecraft', 'RecompensasEspetadores']",[],False
16,2025-03-22 08:22,sam_xtreme,pt,Just Chatting,⚡ O Subathon tá ON e a diversão tá só começando! Vem jogar e se divertir comigo. !Discord !Pix !Social !Sr,['Português'],[],False
17,2025-03-22 08:30,huguneneca,pt,League of Legends,JOGOS COM O CHAT !pix !discord !sub,['Português'],[],False
17,2025-03-22 08:30,Cooruja,pt,Overwatch 2,[!DROP FASTER] 5 LOOTBOX e !LendariaFREE !Sorteio LE SSERAFIM pra GERAL !Eternus !Passefree,"['Autismo', 'TDAH', 'SafeSpace', 'Pai', 'Overwatch', 'Português', '4fun', 'OW2Season15', 'OW2Brasil', 'DropsAtivados']",[],False
17,2025-03-22 08:30,Gaules,pt,Counter-Strike,Dia 4 Furia e Imperial em Campo Blast Open Lisboa 2025 - !socio - Siga @Gaules nas redes sociais! #AGONBYAOCBR #AOCGaming @AgonByAOCBR,['Português'],['MatureGame'],True
17,2025-03-22 08:30,mihzavati,pt,Overwatch 2,(Drops on) bora de gameplay duvidosa  kkk 🙂🙂❤️🎮🎮,"['Português', 'FortniteTV', 'mulhertrans', 'LGBTQ', 'girl', 'GamerRage', 'DropsAtivados']",[],False
17,2025-03-22 08:30,TomateDoMaU,pt,Overwatch 2,| Boneca nova ta meio esquisita | !pix !nada !Discord,"['Português', 'DropsAtivados']",[],False
17,2025-03-22 08:30,mL7support,en,Overwatch 2,🔴!FREJA PLAYTEST LIVE NOW 🔴 OW2 LOOT BOXES DROPS 10HRS=5 LOOTBOXES 🔴,"['English', 'gaming', 'marvelrivals', 'strategist', 'Overｗatch2', 'SupportMain', 'DropsEnabled']",[],False
17,2025-03-22 08:30,Jhenerff,pt,VALORANT,Antes tarde do que mais tarde #PCGamePassPartner -  !pix !elo !tinder,"['interação', 'conversa', 'português', 'ruiva', 'Português', 'fps']",[],False
17,2025-03-22 08:31,morenageek,pt,Fortnite,Tiltando e pinando com vocês,"['Fortnite', 'GirlPlayer', 'PS5LiveStream', 'ControlerGaming', 'Português']",[],False
17,2025-03-22 08:31,naju_duarte,pt,VALORANT,Bora de vavazaun? comandos: !elo !periféricos  !pc !instagram !tiktok !sensi !nick !pix !designer !coach !discord / VALORANT,"['Português', 'fifine', 'valorantcompetetive', 'VALORANＴ', 'reacts', 'valorant']",[],False
18,2025-03-22 08:38,mihzavati,pt,Overwatch 2,(Drops on) bora de gameplay duvidosa  kkk 🙂🙂❤️🎮🎮,"['Português', 'FortniteTV', 'mulhertrans', 'LGBTQ', 'girl', 'GamerRage', 'DropsAtivados']",[],False
18,2025-03-22 08:38,Cooruja,pt,Overwatch 2,[!DROP FASTER] 5 LOOTBOX e !LendariaFREE !Sorteio LE SSERAFIM pra GERAL !Eternus !Passefree,"['Autismo', 'TDAH', 'SafeSpace', 'Pai', 'Overwatch', 'Português', '4fun', 'OW2Season15', 'OW2Brasil', 'DropsAtivados']",[],False
18,2025-03-22 08:38,mL7support,en,Overwatch 2,🔴!FREJA PLAYTEST LIVE NOW 🔴 OW2 LOOT BOXES DROPS 10HRS=5 LOOTBOXES 🔴,"['English', 'gaming', 'marvelrivals', 'strategist', 'Overｗatch2', 'SupportMain', 'DropsEnabled']",[],False
18,2025-03-22 08:38,spawncs2,pt,Counter-Strike,[+18] MADRUGADAO DE CSZIN RR ( Looking for CS2 partnerships ),"['Português', 'Inglês', 'Español']",['MatureGame'],False
18,2025-03-22 08:38,Gaules,pt,Counter-Strike,Dia 4 Furia e Imperial em Campo Blast Open Lisboa 2025 - !socio - Siga @Gaules nas redes sociais! #AGONBYAOCBR #AOCGaming @AgonByAOCBR,['Português'],['MatureGame'],True
18,2025-03-22 08:38,huguneneca,pt,League of Legends,JOGOS COM O CHAT !pix !discord !sub,['Português'],[],False
18,2025-03-22 08:38,Michel,pt,Counter-Strike,LIVE: Imperial vs Liquid - BLAST Open Lisbon 2025 - Seja SUB para o !SORTEIO - !CSGOSKINS !DASHSKINS !LIVEPIX,['Português'],['MatureGame'],False
18,2025-03-22 08:38,Tixinhadois,pt,VALORANT,T1 0x0 ZETA - #VCTWatchParty - !adamantiun !loco !kaspersky,"['Português', 'valorant', 'Tixinha', 'cypher', 'valorantbr']",[],False
18,2025-03-22 08:38,LLauqSTV,pt,Project Zomboid,rerun: sexta de 10 horas - (SEM IMAGENS) - PT/EN,"['zomboid', 'survival', 'NBA', 'F1', 'tribo', 'CSGO', 'project', 'zombies', 'Português', 'lethalcompany']",[],False
19,2025-03-22 12:01,paivinha29,pt,EA Sports FC 25,RONALDO CHEGOU PRA WL DO BRASFUT+ HYPE DAS 15   PACKS  !CURSO  !COINS  !TRUST  !TRADE,"['Português', 'paivinha29', 'Futebol', 'entretenimiento']",[],False
19,2025-03-22 12:01,Cooruja,pt,Overwatch 2,[!DROP FASTER] 5 LOOTBOX e !LendariaFREE !Sorteio LE SSERAFIM pra GERAL !Eternus !Passefree,"['Autismo', 'TDAH', 'SafeSpace', 'Pai', 'Overwatch', 'Português', '4fun', 'OW2Season15', 'OW2Brasil', 'DropsAtivados']",[],False
19,2025-03-22 12:01,Gaules,pt,Counter-Strike,Dia 4 Furia e Imperial em Campo Blast Open Lisboa 2025 - !socio - Siga @Gaules nas redes sociais! #AGONBYAOCBR #AOCGaming @AgonByAOCBR,['Português'],['MatureGame'],True
19,2025-03-22 12:01,HenriqueOph,pt,Minecraft,DROP DE CAPA ATIVO DIGITE: !CAPA COBERTURA ESPECIAL MINECRAFT LIVE COM @dexterhq @dexggxp - HARDCORE +100 DIAS EP 06,"['Português', 'minecraft', 'Hardcore', 'HardMode', 'sobrevivencia', '1VIDA', 'hardcoregamer', 'Singlerplayer', 'MINEDROP', 'TIKTOKCAPA']",[],False
19,2025-03-22 12:01,MiMoretz,pt,Overwatch 2,dia 21 jogando com mouse e teclado invertidos,"['Português', 'DropsAtivados']",[],False
19,2025-03-22 12:01,EdigasZ,pt,Marvel Rivals,EH O MIRANHA??? | !tiktok !youtube,"['Português', 'DropsAtivados']",[],False
19,2025-03-22 12:01,Conde_BR,pt,Assassin's Creed Shadows,[PC] Vai um cafezinho? !discord,"['ptbr', 'casual', 'primeirajogada', 'semdicas', 'semspoilers', 'Português', 'DropsAtivados']",['MatureGame'],False
19,2025-03-22 12:01,CarolineDurso,pt,VALORANT,MELHOR DIA DA SEMANA  ❗VP ❗Loja ❗Meta ❗Contato ❗Wishlist ❗Comandos ❗sociais,"['Português', 'VALORANT', 'DROPSATIVOS', 'MULHER', 'LGBTQFriendly', 'AllyLGBTQIA']",[],False
19,2025-03-22 12:01,haikila,pt,VALORANT,LIVE DE 24 HORAS ON! Sally + Vava + R.E.P.O + sla oq !discord !sub !sr,"['Português', 'Español', 'gamer', 'Mulher', 'legal']",[],False
20,2025-03-22 12:12,Cooruja,pt,Overwatch 2,[!DROP FASTER] 5 LOOTBOX e !LendariaFREE !Sorteio LE SSERAFIM pra GERAL !Eternus !Passefree,"['Autismo', 'TDAH', 'SafeSpace', 'Pai', 'Overwatch', 'Português', '4fun', 'OW2Season15', 'OW2Brasil', 'DropsAtivados']",[],False
20,2025-03-22 12:12,Gaules,pt,Counter-Strike,Dia 4 Furia e Imperial em Campo Blast Open Lisboa 2025 - !socio - Siga @Gaules nas redes sociais! #AGONBYAOCBR #AOCGaming @AgonByAOCBR,['Português'],['MatureGame'],True
20,2025-03-22 12:12,paivinha29,pt,EA Sports FC 25,RONALDO CHEGOU PRA WL DO BRASFUT+ HYPE DAS 15   PACKS  !CURSO  !COINS  !TRUST  !TRADE,"['Português', 'paivinha29', 'Futebol', 'entretenimiento']",[],False
20,2025-03-22 12:12,HenriqueOph,pt,Minecraft,DROP DE CAPA ATIVO DIGITE: !CAPA COBERTURA ESPECIAL MINECRAFT LIVE COM @dexterhq @dexggxp - HARDCORE +100 DIAS EP 06,"['Português', 'minecraft', 'Hardcore', 'HardMode', 'sobrevivencia', '1VIDA', 'hardcoregamer', 'Singlerplayer', 'MINEDROP', 'TIKTOKCAPA']",[],False
20,2025-03-22 12:12,MiMoretz,pt,Overwatch 2,dia 21 jogando com mouse e teclado invertidos,"['Português', 'DropsAtivados']",[],False
20,2025-03-22 12:12,EdigasZ,pt,Marvel Rivals,EH O MIRANHA??? | !tiktok !youtube,"['Português', 'DropsAtivados']",[],False
20,2025-03-22 12:12,PHCWB,pt,33 Immortals,!ferias Bom dia Calabreso,"['Português', 'Casual', 'Gameplay', 'Brasil', 'Engraçado', 'DropsAtivados']",[],False
20,2025-03-22 12:12,Jill_Sandwiich,pt,Just Chatting,ʚ Bão diaa ~ 💖,"['anime', 'cosplay', 'mulher', 'Português']",[],False
20,2025-03-22 12:12,CanalTaticaDS,pt,ELDEN RING,NG+7 PREPAÇÃO PARA A DLC COM BUILD DE PULO MARTELO [ELDEN RING],"['Brasil', 'Português']",['MatureGame'],False
21,2025-03-22 12:21,Cooruja,pt,Overwatch 2,[!DROP FASTER] 5 LOOTBOX e !LendariaFREE !Sorteio LE SSERAFIM pra GERAL !Eternus !Passefree,"['Autismo', 'TDAH', 'SafeSpace', 'Pai', 'Overwatch', 'Português', '4fun', 'OW2Season15', 'OW2Brasil', 'DropsAtivados']",[],False
21,2025-03-22 12:21,paivinha29,pt,EA Sports FC 25,RONALDO CHEGOU PRA WL DO BRASFUT+ HYPE DAS 15   PACKS  !CURSO  !COINS  !TRUST  !TRADE,"['Português', 'paivinha29', 'Futebol', 'entretenimiento']",[],False
21,2025-03-22 12:21,Gaules,pt,Counter-Strike,Dia 4 Furia e Imperial em Campo Blast Open Lisboa 2025 - !socio - Siga @Gaules nas redes sociais! #AGONBYAOCBR #AOCGaming @AgonByAOCBR,['Português'],['MatureGame'],True
21,2025-03-22 12:21,EdigasZ,pt,Marvel Rivals,EH O MIRANHA??? | !tiktok !youtube,"['Português', 'DropsAtivados']",[],False
21,2025-03-22 12:21,HenriqueOph,pt,Minecraft,DROP DE CAPA ATIVO DIGITE: !CAPA COBERTURA ESPECIAL MINECRAFT LIVE COM @dexterhq @dexggxp - HARDCORE +100 DIAS EP 06,"['Português', 'minecraft', 'Hardcore', 'HardMode', 'sobrevivencia', '1VIDA', 'hardcoregamer', 'Singlerplayer', 'MINEDROP', 'TIKTOKCAPA']",[],False
21,2025-03-22 12:21,Necros,en,Marvel Rivals,[DROPS ENABLED] TOURNEY DAY. SURELY NO CRASHES. WATCHING MRI LATER! !drops !newemotes,"['English', 'spiderman', 'blackpanther', 'DropsEnabled']",[],False
21,2025-03-22 12:21,TioPedroJoga,pt,EA Sports FC 25,WIRTZ NA WL DA SEGUE O RUMO HOJE !cliente !camiseta,['Português'],[],False
21,2025-03-22 12:21,patrick11ns,pt,EA Sports FC 25,+1 wL com Gullit e companhia + bora pega o rank1 e resolver a premiação! Bom dia vem pra resenha! | !curso !pix !dicas,"['Português', 'proplayer', 'top9', 'resenha', 'adolfz', 'fifalize']",[],False
21,2025-03-22 12:22,guneiva,pt,EA Sports FC 25,!GULLIT VALE? 10 WL EM CONTAS DE CLIENTE  -  JOGAMOS SUA WL -  !coins !cliente !coach !livepix !4213,['Português'],[],False
22,2025-03-22 16:01,paivinha29,pt,EA Sports FC 25,RONALDO CHEGOU PRA WL DO BRASFUT+ HYPE DAS 15   PACKS  !CURSO  !COINS  !TRUST  !TRADE,"['Português', 'paivinha29', 'Futebol', 'entretenimiento']",[],False
22,2025-03-22 16:01,Cooruja,pt,Overwatch 2,[!DROP FASTER] 5 LOOTBOX e !LendariaFREE !Sorteio LE SSERAFIM pra GERAL !Eternus !Passefree,"['Autismo', 'TDAH', 'SafeSpace', 'Pai', 'Overwatch', 'Português', '4fun', 'OW2Season15', 'OW2Brasil', 'DropsAtivados']",[],False
22,2025-03-22 16:01,Gaules,pt,Counter-Strike,Dia 4 Furia e Imperial em Campo Blast Open Lisboa 2025 - !socio - Siga @Gaules nas redes sociais! #AGONBYAOCBR #AOCGaming @AgonByAOCBR,['Português'],['MatureGame'],True
22,2025-03-22 16:01,MORGANITA,pt,Overwatch 2,DROPS ONNNNNNNN,"['Competitivo', 'Português', 'PlayingwithViewers', 'ConversandoComOChat', 'Casual', 'CasualPlaytrough', 'DropsAtivados']",[],False
22,2025-03-22 16:01,EiMine77,pt,Minecraft,✅ RECOMPENSAS ON! | ⭐ SEJA RÁPIDO E GANHE UMA CAPA DE GRAÇA: !CAPA | 💘 INSTAGRAM: @EIMINE77 | !ajuda !rerun !sub !subgratis !loja,"['Minecraft', 'EiMine', 'Português', 'RecompensasEspetadores']",[],False
22,2025-03-22 16:01,LenhadorGameplay,pt,For Honor,Venha sorrir e se emocionar!,"['pve', 'rpg', 'Português', 'ubisfotpartner', 'Singleplayer', 'EarlyAccess']","['MatureGame', 'ProfanityVulgarity', 'SexualThemes']",False
22,2025-03-22 16:01,guiven,pt,League of Legends,🟣 󠀀 󠀀AO VIVO - CIENCIA DA IRELIA DE GUINSOO 🦈😋,"['Português', 'Irelia', 'Vampiro', 'Tubarão', 'Cabeção', 'Mbappe', 'EternoGrãoMestre', 'Desafio010', 'Pancada', 'Bizarro']",[],False
22,2025-03-22 16:01,luluapenas,pt,League of Legends,Sábado de Summoner e muito mais!,"['Português', 'leagueoflegends']",[],False
22,2025-03-22 16:02,filipoppy1,pt,League of Legends,"🟠 KBM Filipoppy - porteiro do GM, pode passar  🔨 😁👍","['Português', 'Challenger', 'poppy', 'monochampion', 'Solteiro', 'feministo']",[],False
23,2025-03-22 16:13,Cooruja,pt,Overwatch 2,[!DROP FASTER] 5 LOOTBOX e !LendariaFREE !Sorteio LE SSERAFIM pra GERAL !Eternus !Passefree,"['Autismo', 'TDAH', 'SafeSpace', 'Pai', 'Overwatch', 'Português', '4fun', 'OW2Season15', 'OW2Brasil', 'DropsAtivados']",[],False
23,2025-03-22 16:13,paivinha29,pt,EA Sports FC 25,RONALDO CHEGOU PRA WL DO BRASFUT+ HYPE DAS 15   PACKS  !CURSO  !COINS  !TRUST  !TRADE,"['Português', 'paivinha29', 'Futebol', 'entretenimiento']",[],False
23,2025-03-22 16:13,Gaules,pt,Counter-Strike,Dia 4 Furia e Imperial em Campo Blast Open Lisboa 2025 - !socio - Siga @Gaules nas redes sociais! #AGONBYAOCBR #AOCGaming @AgonByAOCBR,['Português'],['MatureGame'],True
23,2025-03-22 16:13,TcK10,pt,VALORANT,FURIA E MIBR JOGAM HOJE - VCT AMÉRICAS🏆 !SUPERBET🏆 !GROWTH 🏆 SIGA EM @TcK10 !PLACAR,"['melhordomundo', 'radiante', 'incrível', 'valorant', 'Português']",[],False
23,2025-03-22 16:13,MORGANITA,pt,Overwatch 2,DROPS ONNNNNNNN,"['Competitivo', 'Português', 'PlayingwithViewers', 'ConversandoComOChat', 'Casual', 'CasualPlaytrough', 'DropsAtivados']",[],False
23,2025-03-22 16:13,EiMine77,pt,Minecraft,✅ RECOMPENSAS ON! | ⭐ SEJA RÁPIDO E GANHE UMA CAPA DE GRAÇA: !CAPA | 💘 INSTAGRAM: @EIMINE77 | !ajuda !rerun !sub !subgratis !loja,"['Minecraft', 'EiMine', 'Português', 'RecompensasEspetadores']",[],False
23,2025-03-22 16:13,MatGomesz,pt,Sea of Thieves,🟡❗DROPS ON🟡Live de Fim de semana da comunidade! ft. @Sr_Platino |❗olivia | Epic CODE: MatGomesz #ad |❗noping,"['PvP', 'PvE', 'Aventura', 'Survival', 'Português', 'Coop', 'Xbox', 'PS5', 'Trocação', 'DropsAtivados']",[],False
23,2025-03-22 16:13,HWmalk,pt,Sea of Thieves,Diversão 🎈🐇 #userepelente !drop !free !sumido,"['Português', 'AMA', 'Brasil', 'RPG', 'música', 'Conversação', 'RockRoll', 'Ansiedade', 'Interativo', 'DropsAtivados']",[],False
23,2025-03-22 16:13,CMDSurfista,pt,Sea of Thieves,⚠️DROPS ON⚠️ Caçando Megalodons #026,"['seaofthieves', 'Português', 'Español', 'pirataria', 'ampulheta', 'hourglasspvp', 'DropsAtivados']",[],False
24,2025-03-22 16:22,Cooruja,pt,Overwatch 2,[!DROP FASTER] 5 LOOTBOX e !LendariaFREE !Sorteio LE SSERAFIM pra GERAL !Eternus !Passefree,"['Autismo', 'TDAH', 'SafeSpace', 'Pai', 'Overwatch', 'Português', '4fun', 'OW2Season15', 'OW2Brasil', 'DropsAtivados']",[],False
24,2025-03-22 16:22,paivinha29,pt,EA Sports FC 25,RONALDO CHEGOU PRA WL DO BRASFUT+ HYPE DAS 15   PACKS  !CURSO  !COINS  !TRUST  !TRADE,"['Português', 'paivinha29', 'Futebol', 'entretenimiento']",[],False
24,2025-03-22 16:22,MORGANITA,pt,Overwatch 2,DROPS ONNNNNNNN,"['Competitivo', 'Português', 'PlayingwithViewers', 'ConversandoComOChat', 'Casual', 'CasualPlaytrough', 'DropsAtivados']",[],False
24,2025-03-22 16:22,EiMine77,pt,Minecraft,✅ RECOMPENSAS ON! | ⭐ SEJA RÁPIDO E GANHE UMA CAPA DE GRAÇA: !CAPA | 💘 INSTAGRAM: @EIMINE77 | !ajuda !rerun !sub !subgratis !loja,"['Minecraft', 'EiMine', 'Português', 'RecompensasEspetadores']",[],False
24,2025-03-22 16:22,sasaxit,pt,VALORANT,(+18) ♡ sabadou com muito vava + a way out ♡ !pix,"['Mulher', 'Games', 'Diversão', 'Resenha', 'Português', 'GTARP']",[],False
24,2025-03-22 16:22,TcK10,pt,VALORANT,FURIA E MIBR JOGAM HOJE - VCT AMÉRICAS🏆 !SUPERBET🏆 !GROWTH 🏆 SIGA EM @TcK10 !PLACAR,"['melhordomundo', 'radiante', 'incrível', 'valorant', 'Português']",[],False
25,2025-03-22 20:01,waveigl,pt,Counter-Strike,"+18 🔞 WAVEIGL ❤️ POLITICAMENTE CORRETO, O MIMIMI VENCEU.",['Português'],"['MatureGame', 'ProfanityVulgarity']",False
25,2025-03-22 20:01,Cooruja,pt,Overwatch 2,[!DROP FASTER] 5 LOOTBOX e !LendariaFREE !Sorteio LE SSERAFIM pra GERAL !Eternus !Passefree,"['Autismo', 'TDAH', 'SafeSpace', 'Pai', 'Overwatch', 'Português', '4fun', 'OW2Season15', 'OW2Brasil', 'DropsAtivados']",[],False
25,2025-03-22 20:01,sacy,pt,VALORANT,G2 1x0 FUR - #VCTWATCHPARTY,['Português'],[],False
25,2025-03-22 20:01,Gaules,pt,Counter-Strike,Dia 4 Furia e Imperial em Campo Blast Open Lisboa 2025 - !socio - Siga @Gaules nas redes sociais! #AGONBYAOCBR #AOCGaming @AgonByAOCBR,['Português'],['MatureGame'],True
25,2025-03-22 20:01,TcK10,pt,VALORANT,🏆 ASPAS x LEV 🏆| VCT AMERICAS 🏆 !GROWTH 🏆 SIGA EM @TcK10 #VctWatchParty,"['melhordomundo', 'radiante', 'incrível', 'valorant', 'Português']",[],False
25,2025-03-22 20:01,MarvelRivalsBrazuka,pt,Marvel Rivals,Jogando competitivo e trocando ideia | Marvel Rivals Brasil | 🔥 !loja,"['ConversaFiada', 'Português', 'marvel', 'marvelrivals', 'MarvelRivalsPartner', 'Ranked', 'Competitivo', 'DropsAtivados']",[],False
25,2025-03-22 20:01,peachy_yumi,pt,Overwatch 2,!DROPS - mestre sup - sorteio pacotaço lesserafim e arma mítica widow no sábado! !campeachy,"['OW2LeSserafim', 'OW2Season15', 'OverwatchCreator', 'OW2Brasil', 'Português', 'English', 'DropsAtivados']",[],False
25,2025-03-22 20:01,Riyuuka,pt,Marvel Rivals,♡ (DROPs) Olá ♡ REDES: @riyuuka ♡ ~!hoje ~!loki ~!calendario,"['Português', 'DroppsEnabled', 'DropsAtivados']",['ProfanityVulgarity'],False
25,2025-03-22 20:02,nandoida,pt,Just Chatting,Animes e jogos #Overwatch2 #MarvelRivals #OverwatchCreator #MarvelRivalsPartner,"['Português', 'overwatchstreamer', 'overwatch', 'marvelrivals', 'pngtuber', 'jogosdeterror', 'JogaComEspectadores']",[],False
26,2025-03-22 20:10,Cooruja,pt,Overwatch 2,[!DROP FASTER] 5 LOOTBOX e !LendariaFREE !Sorteio LE SSERAFIM pra GERAL !Eternus !Passefree,"['Autismo', 'TDAH', 'SafeSpace', 'Pai', 'Overwatch', 'Português', '4fun', 'OW2Season15', 'OW2Brasil', 'DropsAtivados']",[],False
26,2025-03-22 20:11,waveigl,pt,Counter-Strike,"+18 🔞 WAVEIGL ❤️ POLITICAMENTE CORRETO, O MIMIMI VENCEU.",['Português'],"['MatureGame', 'ProfanityVulgarity']",False
26,2025-03-22 20:11,sacy,pt,VALORANT,MIBR 0 x 0 LEV - #VCTWATCHPARTY,['Português'],[],False
26,2025-03-22 20:11,Gaules,pt,Counter-Strike,Dia 4 Furia e Imperial em Campo Blast Open Lisboa 2025 - !socio - Siga @Gaules nas redes sociais! #AGONBYAOCBR #AOCGaming @AgonByAOCBR,['Português'],['MatureGame'],True
26,2025-03-22 20:11,TcK10,pt,VALORANT,🏆 ASPAS x LEV 🏆| VCT AMERICAS 🏆 !GROWTH 🏆 SIGA EM @TcK10 #VctWatchParty,"['melhordomundo', 'radiante', 'incrível', 'valorant', 'Português']",[],False
26,2025-03-22 20:11,marcusowl,pt,Marvel Rivals,sou o melhor main sup da minha casa !pix,"['Brasil', 'PvP', 'Português', 'Diversão', 'fps', 'Overｗatch2', 'Português', 'marvelrivals', 'DropsAtivados']",['ProfanityVulgarity'],False
26,2025-03-22 20:11,LendasDoMar,pt,Sea of Thieves,"⭐Hoje pega 500 se Deus quiser, DROPS On | !Lendas","['seaofthieves', 'navalgame', 'streamers', 'brazil', 'community', 'seaofthievescommunity', 'seaofstars', 'lendasdomar', 'Português', 'DropsAtivados']",[],False
26,2025-03-22 20:11,TonhoDLang,pt,Sea of Thieves,!drops | Ampulheta até 00h | Final de Semana da Comunidade 2x | Streamer parceiro do @lendasdomar e CSoTBR 🏴‍☠️ !lendas !csotbr !platina,"['Português', 'Zerandojogos', 'seaofthieves', 'DropsAtivados']",[],False
26,2025-03-22 20:11,INyx_Moon,pt,Overwatch 2,Overwatchizinho agora,"['Português', 'JogosVariados', 'Mulher', 'divertido', 'Coop', 'DropsAtivados']",[],False
27,2025-03-22 20:19,Cooruja,pt,Overwatch 2,[!DROP FASTER] 5 LOOTBOX e !LendariaFREE !Sorteio LE SSERAFIM pra GERAL !Eternus !Passefree,"['Autismo', 'TDAH', 'SafeSpace', 'Pai', 'Overwatch', 'Português', '4fun', 'OW2Season15', 'OW2Brasil', 'DropsAtivados']",[],False
27,2025-03-22 20:19,waveigl,pt,Counter-Strike,"+18 🔞 WAVEIGL ❤️ POLITICAMENTE CORRETO, O MIMIMI VENCEU.",['Português'],"['MatureGame', 'ProfanityVulgarity']",False
27,2025-03-22 20:19,huguneneca,pt,Garena Free Fire,CAMPEONATO DE FREE FIRE COM O CHAT !pix !discord !sub,['Português'],['MatureGame'],False
27,2025-03-22 20:19,sacy,pt,VALORANT,MIBR 0 x 0 LEV - #VCTWATCHPARTY,['Português'],[],False
27,2025-03-22 20:19,Gaules,pt,Counter-Strike,Dia 4 Furia e Imperial em Campo Blast Open Lisboa 2025 - !socio - Siga @Gaules nas redes sociais! #AGONBYAOCBR #AOCGaming @AgonByAOCBR,['Português'],['MatureGame'],True
27,2025-03-22 20:19,TcK10,pt,VALORANT,🏆 ASPAS x LEV 🏆| VCT AMERICAS 🏆 !GROWTH 🏆 SIGA EM @TcK10 #VctWatchParty,"['melhordomundo', 'radiante', 'incrível', 'valorant', 'Português']",[],False
27,2025-03-22 20:19,nixye1,pt,Overwatch 2,[DROPS] ✨🌸 Hii guys! tudo bom? 🌸✨ !discord !pix !clip,"['Português', 'BandaiNamcoCreator', 'suppmain', 'DropsAtivados']",[],False
27,2025-03-22 20:19,peachy_yumi,pt,Overwatch 2,!DROPS - mestre sup - sorteio pacotaço lesserafim e arma mítica widow no sábado! !campeachy,"['OW2LeSserafim', 'OW2Season15', 'OverwatchCreator', 'OW2Brasil', 'Português', 'English', 'DropsAtivados']",[],False
27,2025-03-22 20:19,akrom_ow,pt,Overwatch 2,dia de Caixinhas!  - #OverwatchCreator #OW2Season15 !videonovo !pix !youtube !coach,"['Português', 'OverwatchCreators', 'OW2Brasil', 'sorteio', 'tankmain', 'top500overwatch2', 'DropsAtivados']",[],False
0,2025-03-24 16:58,sacy,pt,VALORANT,mibr Sacy - RANKEDS DUO @fpsBAO - !pix !noping !mibr !csgoskins,['Português'],[],False
0,2025-03-24 16:58,Cooruja,pt,Overwatch 2,[ !DROP Faster] 5 Lootbox free! !Sorteio LESSERAFIM e !LendariaFree !eternus !Passefree,"['Autismo', 'TDAH', 'SafeSpace', 'Pai', 'Overwatch', 'Português', '4fun', 'OW2Season15', 'OW2Brasil', 'DropsAtivados']",[],False
0,2025-03-24 16:58,Gaules,pt,Counter-Strike,Dia 6 Blast Open Lisboa 2025 - !socio - Siga @Gaules nas redes sociais! #AGONBYAOCBR #AOCGaming @AgonByAOCBR,['Português'],['MatureGame'],True
0,2025-03-24 16:58,pirangueirah,pt,Overwatch 2,[+18] Ranked 6x6 ❤️,"['LGBTQIAMais', 'Português', 'kekel', 'Ele', 'Ela', 'deadbbydaylight', 'fortinite', 'DropsAtivados']",[],False
0,2025-03-24 16:58,ocontagia,pt,Teamfight Tactics,PALHAÇO CONTAGIA E SUA LIVE DE SEGUNDA! !comandos !desafio,"['lol', 'leagueoflegends', 'conversando', 'jogando', 'palhaco', 'YoDa', 'Brino', 'Fortnite', 'gtav', 'Português']",[],False
0,2025-03-24 16:58,Dilascio_,pt,Marvel Rivals,(DROPS ON) O AMIGO DA VIZINHANÇA,"['Português', 'Competitivo', 'Conversa', 'top500', 'overwatch', 'English', 'DropsAtivados']",[],False
0,2025-03-24 16:58,liminhag0d,pt,Split Fiction,AOVIVO Bom dia Liminha  !farmskins !skinplace,['Português'],[],False
0,2025-03-24 16:58,alanzoka,pt,The First Berserker: Khazan,3 jogos e 1 homem,"['Idoso', 'Gostoso', 'Português']",['MatureGame'],False
0,2025-03-24 16:58,waveigl,pt,Counter-Strike,"+18 🔞 WAVEIGL ❤️POLITICAMENTE CORRETO, O MIMIMI VENCEU.",['Português'],"['MatureGame', 'ProfanityVulgarity']",False
1,2025-03-24 17:08,ocontagia,pt,Teamfight Tactics,PALHAÇO CONTAGIA E SUA LIVE DE SEGUNDA! !comandos !desafio,"['lol', 'leagueoflegends', 'conversando', 'jogando', 'palhaco', 'YoDa', 'Brino', 'Fortnite', 'gtav', 'Português']",[],False
1,2025-03-24 17:08,sacy,pt,VALORANT,mibr Sacy - RANKEDS DUO @fpsBAO - !pix !noping !mibr !csgoskins,['Português'],[],False
1,2025-03-24 17:08,Gaules,pt,Counter-Strike,RERUN: Dia 6 Blast Open Lisboa 2025 - !socio - Siga @Gaules nas redes sociais!,['Português'],['MatureGame'],True
1,2025-03-24 17:08,Cooruja,pt,Overwatch 2,[ !DROP Faster] 5 Lootbox free! !Sorteio LESSERAFIM e !LendariaFree !eternus !Passefree,"['Autismo', 'TDAH', 'SafeSpace', 'Pai', 'Overwatch', 'Português', '4fun', 'OW2Season15', 'OW2Brasil', 'DropsAtivados']",[],False
1,2025-03-24 17:08,pirangueirah,pt,Overwatch 2,[+18] Ranked 6x6 ❤️,"['LGBTQIAMais', 'Português', 'kekel', 'Ele', 'Ela', 'deadbbydaylight', 'fortinite', 'DropsAtivados']",[],False
1,2025-03-24 17:08,Dilascio_,pt,Marvel Rivals,(DROPS ON) O AMIGO DA VIZINHANÇA,"['Português', 'Competitivo', 'Conversa', 'top500', 'overwatch', 'English', 'DropsAtivados']",[],False
1,2025-03-24 17:08,f0rsakenwOw,pt,The First Berserker: Khazan,FIRST BERSERKER KHAZAN HOJE!!  —!loco !pix !lojaeg !farmskins,['Português'],['MatureGame'],False
1,2025-03-24 17:09,guigzvlr,pt,VALORANT,GUIGZTROLL VOLTOU? CAINDO DO RADIANTE? QUAL PROXIMO CONTEUDO? | !sub !parcerias !growth !tadala !soldado !bonoxs,['Português'],[],False
1,2025-03-24 17:09,XAROLA_,pt,VALORANT,"O PREDESTINADO RUMO AO RADIDI, UNCHARTED MAIS TARDE  || SIGA O KING -> @xarola_","['humor', 'nordeste', 'yoru', 'lindo', 'Português', 'calvo']",[],False
2,2025-03-24 17:19,ocontagia,pt,Teamfight Tactics,PALHAÇO CONTAGIA E SUA LIVE DE SEGUNDA! !comandos !desafio,"['lol', 'leagueoflegends', 'conversando', 'jogando', 'palhaco', 'YoDa', 'Brino', 'Fortnite', 'gtav', 'Português']",[],False
2,2025-03-24 17:19,sacy,pt,VALORANT,mibr Sacy - RANKEDS DUO @fpsBAO - !pix !noping !mibr !csgoskins,['Português'],[],False
2,2025-03-24 17:19,Cooruja,pt,Overwatch 2,[ !DROP Faster] 5 Lootbox free! !Sorteio LESSERAFIM e !LendariaFree !eternus !Passefree,"['Autismo', 'TDAH', 'SafeSpace', 'Pai', 'Overwatch', 'Português', '4fun', 'OW2Season15', 'OW2Brasil', 'DropsAtivados']",[],False
2,2025-03-24 17:19,Gaules,pt,Counter-Strike,RERUN: Dia 6 Blast Open Lisboa 2025 - !socio - Siga @Gaules nas redes sociais!,['Português'],['MatureGame'],True
2,2025-03-24 17:19,pirangueirah,pt,Overwatch 2,[+18] Ranked 6x6 ❤️,"['LGBTQIAMais', 'Português', 'kekel', 'Ele', 'Ela', 'deadbbydaylight', 'fortinite', 'DropsAtivados']",[],False
2,2025-03-24 17:19,Dilascio_,pt,Marvel Rivals,(DROPS ON) O AMIGO DA VIZINHANÇA,"['Português', 'Competitivo', 'Conversa', 'top500', 'overwatch', 'English', 'DropsAtivados']",[],False
2,2025-03-24 17:19,PSMISSX,pt,Fortnite,"AOBA, ESTAVA COM SAUDADES POVO","['FPS', 'Portugal', 'Brasil', 'zerobuild', 'Fortnite', 'legenda', 'ClosedCaptions', 'SemConstrução', 'Português']",[],False
2,2025-03-24 17:19,medbia_,pt,Fortnite,Bom dia com Fortnite e a Tia Bia!,"['FortniteGirl', 'Fortnite', 'FortniteBrasil', 'campfortnite', 'Português']",[],False
2,2025-03-24 17:19,Abakatynha,pt,Fortnite,[+18] LIVE DA ALEGRIA > CODE ABAKATYNHA - !LIVEPIX PARA AJUDAR NA META,"['NoBuildFortnite', 'resenha', 'Fortnite', 'holidayhoopla', 'holidayhoopla', 'HolidayHoopla', 'HolidayHoopla', 'holidayhoopla', 'holidayhoopla', 'Português']",[],False
3,2025-03-24 20:01,leoreis_cs,pt,Counter-Strike,em busca dele... 20 GC !PIX !venderskin,"['Português', 'counterstrike2', 'CS2']",['MatureGame'],False
3,2025-03-24 20:01,ocontagia,pt,League of Legends,PALHAÇO CONTAGIA E SUA LIVE DE SEGUNDA! !comandos !desafio,"['lol', 'leagueoflegends', 'conversando', 'jogando', 'palhaco', 'YoDa', 'Brino', 'Fortnite', 'gtav', 'Português']",[],False
3,2025-03-24 20:01,Gaules,pt,Counter-Strike,RERUN: Dia 6 Blast Open Lisboa 2025 - !socio - Siga @Gaules nas redes sociais!,['Português'],['MatureGame'],True
3,2025-03-24 20:01,guisobrevivente_,pt,Minecraft,[CAPE] oi bora conversar ?,"['minecraft', 'guisobrevivente', 'tiktok', 'realista', 'shaders', 'construcao', 'conversa', 'amigavel', 'Português', 'RecompensasEspetadores']",[],False
3,2025-03-24 20:01,EiMine77,pt,Minecraft,✅ RECOMPENSAS ON! | ⭐ SEJA RÁPIDO E GANHE UMA CAPA DE GRAÇA: !CAPA | 💘 INSTAGRAM: @EIMINE77 | !ajuda !rerun !sub !subgratis !loja,"['Minecraft', 'EiMine', 'Português', 'RecompensasEspetadores']",[],False
3,2025-03-24 20:01,Cooruja,pt,Overwatch 2,[ !DROP Faster] 5 Lootbox free! !Sorteio LESSERAFIM e !LendariaFree !eternus !Passefree,"['Autismo', 'TDAH', 'SafeSpace', 'Pai', 'Overwatch', 'Português', '4fun', 'OW2Season15', 'OW2Brasil', 'DropsAtivados']",[],False
3,2025-03-24 20:01,ManukiTanuki,pt,OMORI,[+18] Estão cuidando bem dos dentes de vocês?! || !amazon !clip !livepix,['Português'],['MatureGame'],False
3,2025-03-24 20:01,Foythtv,pt,The First Berserker: Khazan,Khazan !! #khazancontentcreator,"['Português', 'OverwatchCreators', 'UbisoftPartner', 'overwatch2', 'Brasil', 'Casual', 'MarvelRivalsPartner']",['MatureGame'],False
3,2025-03-24 20:02,xandykawai,pt,Last Half of Darkness,Começando a semana  !comandos,"['Português', 'LGBTQIA', 'Idoso', 'Gay', 'drops', 'Fortnite', 'dbd']",['ProfanityVulgarity'],False
4,2025-03-24 20:10,leoreis_cs,pt,Counter-Strike,em busca dele... 20 GC !PIX !venderskin,"['Português', 'counterstrike2', 'CS2']",['MatureGame'],False
4,2025-03-24 20:10,ocontagia,pt,League of Legends,PALHAÇO CONTAGIA E SUA LIVE DE SEGUNDA! !comandos !desafio,"['lol', 'leagueoflegends', 'conversando', 'jogando', 'palhaco', 'YoDa', 'Brino', 'Fortnite', 'gtav', 'Português']",[],False
4,2025-03-24 20:10,Gaules,pt,Counter-Strike,RERUN: Dia 6 Blast Open Lisboa 2025 - !socio - Siga @Gaules nas redes sociais!,['Português'],['MatureGame'],True
4,2025-03-24 20:10,mathg,pt,R.E.P.O.,Eu sou Matheus Negreira !CLASH,"['Português', 'English']",[],False
4,2025-03-24 20:10,guisobrevivente_,pt,Minecraft,[CAPE] oi bora conversar ?,"['minecraft', 'guisobrevivente', 'tiktok', 'realista', 'shaders', 'construcao', 'conversa', 'amigavel', 'Português', 'RecompensasEspetadores']",[],False
4,2025-03-24 20:10,Cooruja,pt,Overwatch 2,[ !DROP Faster] 5 Lootbox free! !Sorteio LESSERAFIM e !LendariaFree !eternus !Passefree,"['Autismo', 'TDAH', 'SafeSpace', 'Pai', 'Overwatch', 'Português', '4fun', 'OW2Season15', 'OW2Brasil', 'DropsAtivados']",[],False
4,2025-03-24 20:10,bellanoobyt,pt,Fortnite,LANÇOU O TRAILER DA TEMPORADA 3 OG RAIZ !pix !loja !points CODE: BELLA-NOOB-YT,"['Fortnite', 'Português', 'Mulher', 'Portugal', 'fps', 'VbucksGrátis', 'battleroyale', 'reload', 'sorteio', 'Trocação']",[],False
4,2025-03-24 20:10,LuanaTh,pt,Fortnite,JOGANDO COM O CHAT 💜✨ USE O CODE: LUANATH ❤ !pix,"['Português', 'ptbr', 'Mulher', 'meta', 'metadeseguidores', 'gamergirl', 'Fortnite']",[],False
4,2025-03-24 20:11,arizinhatv,pt,Just Chatting,SEGUNDOU <3 !epic !pix,"['mulher', 'Resenha', 'conversa', 'Português']",[],False
5,2025-03-24 20:19,leoreis_cs,pt,Counter-Strike,em busca dele... 20 GC !PIX !venderskin,"['Português', 'counterstrike2', 'CS2']",['MatureGame'],False
5,2025-03-24 20:19,ocontagia,pt,League of Legends,PALHAÇO CONTAGIA E SUA LIVE DE SEGUNDA! !comandos !desafio,"['lol', 'leagueoflegends', 'conversando', 'jogando', 'palhaco', 'YoDa', 'Brino', 'Fortnite', 'gtav', 'Português']",[],False
5,2025-03-24 20:19,Gaules,pt,Counter-Strike,RERUN: Dia 6 Blast Open Lisboa 2025 - !socio - Siga @Gaules nas redes sociais!,['Português'],['MatureGame'],True
5,2025-03-24 20:19,mathg,pt,R.E.P.O.,Eu sou Matheus Negreira !CLASH,"['Português', 'English']",[],False
5,2025-03-24 20:20,guisobrevivente_,pt,Minecraft,[CAPE] oi bora conversar ?,"['minecraft', 'guisobrevivente', 'tiktok', 'realista', 'shaders', 'construcao', 'conversa', 'amigavel', 'Português', 'RecompensasEspetadores']",[],False
5,2025-03-24 20:20,Cooruja,pt,Overwatch 2,[ !DROP Faster] 5 Lootbox free! !Sorteio LESSERAFIM e !LendariaFree !eternus !Passefree,"['Autismo', 'TDAH', 'SafeSpace', 'Pai', 'Overwatch', 'Português', '4fun', 'OW2Season15', 'OW2Brasil', 'DropsAtivados']",[],False
5,2025-03-24 20:20,TigraoLT,pt,Crypto,Dia de Aula e Gravação. Go Novatos !pix,['Português'],[],False
5,2025-03-24 20:20,SARAMEGUMI,pt,Minecraft,JOGANDO  MINECRAFT COM O CHAT ( meta 10 mil 🥺seguidores ),"['Português', 'Woman', 'girl', 'conversa', 'Mulher', 'gameplay', 'justcchatting', 'minecraftsurivial', 'minecraftJava', 'minecraftbedrock']",[],False
5,2025-03-24 20:20,Kamayeru_,pt,Just Chatting,memesis ❗Pix❗SR❗Comando❗Social,"['VtuberBR', 'Vtuber', 'Brasil', 'Portugal', 'Jogando', 'Brasileiro', 'seguidores', 'Português', 'Jogandocomespectadores']","['DrugsIntoxication', 'ProfanityVulgarity', 'SexualThemes', 'ViolentGraphic']",False
6,2025-03-24 20:29,leoreis_cs,pt,Counter-Strike,em busca dele... 20 GC !PIX !venderskin,"['Português', 'counterstrike2', 'CS2']",['MatureGame'],False
6,2025-03-24 20:29,ocontagia,pt,League of Legends,PALHAÇO CONTAGIA E SUA LIVE DE SEGUNDA! !comandos !desafio,"['lol', 'leagueoflegends', 'conversando', 'jogando', 'palhaco', 'YoDa', 'Brino', 'Fortnite', 'gtav', 'Português']",[],False
6,2025-03-24 20:29,Gaules,pt,Counter-Strike,RERUN: Dia 6 Blast Open Lisboa 2025 - !socio - Siga @Gaules nas redes sociais!,['Português'],['MatureGame'],True
6,2025-03-24 20:29,guisobrevivente_,pt,Minecraft,[CAPE] oi bora conversar ?,"['minecraft', 'guisobrevivente', 'tiktok', 'realista', 'shaders', 'construcao', 'conversa', 'amigavel', 'Português', 'RecompensasEspetadores']",[],False
6,2025-03-24 20:30,mathg,pt,R.E.P.O.,Eu sou Matheus Negreira !CLASH,"['Português', 'English']",[],False
6,2025-03-24 20:30,Cooruja,pt,Overwatch 2,[ !DROP Faster] 5 Lootbox free! !Sorteio LESSERAFIM e !LendariaFree !eternus !Passefree,"['Autismo', 'TDAH', 'SafeSpace', 'Pai', 'Overwatch', 'Português', '4fun', 'OW2Season15', 'OW2Brasil', 'DropsAtivados']",[],False
6,2025-03-24 20:30,Saduske,pt,Terraria,DIA DE PLATINAR TERRARIA - PESCA + PAGODE = PLATINA.,"['Speedrun', 'Lgbt', 'Português', 'Sonic', 'Megaman', 'ResidentEvil', 'Mario', 'Retro', 'RetroAchievements']",[],True
6,2025-03-24 20:30,FalaComBia,pt,V Rising,[PT-BR/ENG] SEGUNDOU!,['Português'],['ProfanityVulgarity'],False
6,2025-03-24 20:30,Akalius,pt,World of Warcraft,DROPS ON - DIA MUNDIAL DE QUBRAR PEDRA - !pix !discord,"['Português', 'Grêmio', 'JogadeTudo', 'Acumulador', 'DropsAtivados']",['ProfanityVulgarity'],False
7,2025-03-25 00:01,Gaules,pt,Counter-Strike,RERUN: Dia 6 Blast Open Lisboa 2025 - !socio - Siga @Gaules nas redes sociais!,['Português'],['MatureGame'],True
7,2025-03-25 00:01,mathg,pt,Minecraft,Eu sou Matheus Negreira !CLASH,"['Português', 'English', 'RecompensasEspetadores']",[],False
7,2025-03-25 00:01,guitolive,pt,Grand Theft Auto V,ISSSSSSSSSSSSS |  karmesin rp • !guitoeguto !sorteio • ✳️ !pix !apoie ☁️ !nuuvem 🛍️ !amazon 🔫 !fortnite,"['Português', 'Caricata', 'Gay', 'Beyoncé', 'Mãe', 'Discreta', 'TDAH', 'Gostosa']",['MatureGame'],False
7,2025-03-25 00:01,Cooruja,pt,Overwatch 2,[ !DROP Faster] 5 Lootbox free! !Sorteio LESSERAFIM e !LendariaFree !eternus !Passefree,"['Autismo', 'TDAH', 'SafeSpace', 'Pai', 'Overwatch', 'Português', '4fun', 'OW2Season15', 'OW2Brasil', 'DropsAtivados']",[],False
7,2025-03-25 00:01,carlos_resende8,pt,VALORANT,RANKEDS BROTA XD !PIX,"['Português', 'game', 'conversa', 'valorant']",[],False
7,2025-03-25 00:01,EiMine77,pt,Minecraft,✅ RECOMPENSAS ON! | ⭐ SEJA RÁPIDO E GANHE UMA CAPA DE GRAÇA: !CAPA | 💘 INSTAGRAM: @EIMINE77 | !ajuda !rerun !sub !subgratis !loja,"['Minecraft', 'EiMine', 'Português', 'RecompensasEspetadores']",[],False
7,2025-03-25 00:01,DanriqueTW,pt,Minecraft,GRAVANDO CIDADE MECÂNICA EP 9 COM @nofaxu !host !cobblemon,"['Português', 'RecompensasEspetadores']",[],False
7,2025-03-25 00:02,EiMine24h,pt,Minecraft,✅ RECOMPENSAS ON! | ⭐ SEJA RÁPIDO E GANHE UMA CAPA DE GRAÇA: !CAPA | 💘 INSTAGRAM: @EIMINE77 | !ajuda !rerun !subgratis !loja,"['Português', 'Minecraft', 'EiMine', 'RecompensasEspetadores']",[],False
7,2025-03-25 00:02,nobriell,pt,Just Chatting,🟢 SEGUNDA É DIA DE CORRE 🟢 ❗PIX ❗CUPOM,"['Português', 'mush', 'minecraft', 'capaminecraft', 'minecraftcape', 'RecompensasEspetadores']",[],False
8,2025-03-25 00:12,mathg,pt,Minecraft,Eu sou Matheus Negreira !CLASH,"['Português', 'English', 'RecompensasEspetadores']",[],False
8,2025-03-25 00:12,loma_sz,pt,VALORANT,valorant+18 !pix !comandos !clip !discord,"['gamer', 'VALORANＴ', 'Mulher', 'Português']",[],False
8,2025-03-25 00:13,EiMine77,pt,Minecraft,✅ RECOMPENSAS ON! | ⭐ SEJA RÁPIDO E GANHE UMA CAPA DE GRAÇA: !CAPA | 💘 INSTAGRAM: @EIMINE77 | !ajuda !rerun !sub !subgratis !loja,"['Minecraft', 'EiMine', 'Português', 'RecompensasEspetadores']",[],False
8,2025-03-25 00:13,Cooruja,pt,Overwatch 2,[ !DROP Faster] 5 Lootbox free! !Sorteio LESSERAFIM e !LendariaFree !eternus !Passefree,"['Autismo', 'TDAH', 'SafeSpace', 'Pai', 'Overwatch', 'Português', '4fun', 'OW2Season15', 'OW2Brasil', 'DropsAtivados']",[],False
8,2025-03-25 00:13,sabrinoca,pt,INDIKA,freira por um dia,"['Português', 'MãeDePrimeiraViagem', 'BaratinhaDeFogão', 'Concubina', 'Melões', 'MulherDePreso', 'LeagueofLegends', 'Aliada', 'GíriasRegionais', 'Simples']",['MatureGame'],True
8,2025-03-25 00:13,carlos_resende8,pt,VALORANT,RANKEDS BROTA XD !PIX,"['Português', 'game', 'conversa', 'valorant']",[],False
8,2025-03-25 00:13,domorro_,pt,Dead by Daylight,FULL DBD <3  {{ DBD 3500 HORAS }]] #DOMORROPARTNER / / @DOMORRO nas redes !comandos !sub,"['bissexual', 'jogandocomespectadores', 'multijogador', 'online', 'Drops', 'competitivo', 'Português', 'LGBTQ', 'TDAH']","['DrugsIntoxication', 'MatureGame', 'ProfanityVulgarity']",True
8,2025-03-25 00:13,NerrdGamer,pt,Cult of the Lamb,[+18] 🔞Cuidando de vcs no culto da lambida -❗comandos ❗clip,"['Drops', 'Conversa', 'Variedades', 'Portugues', 'Gamer', 'Brasil', 'Sup', 'LGBTQIAPlus', 'LGBT', 'Gay']",['ProfanityVulgarity'],False
8,2025-03-25 00:13,GoldenGunnTV,pt,Overwatch 2,"DROPS - VEM QUE A COMPANHIA É BOA, JÁ A GAMEPLAY... !!# SejaSub #Ajudecomasmetas !pix - !youtube","['Português', 'fps', 'gameplay', 'marvelrivals', 'Overｗatch2', 'fragpunk', 'Portugal', 'Brasil', 'Reposição', 'DropsAtivados']",[],True
9,2025-03-25 00:24,Gaules,pt,Counter-Strike,RERUN: Dia 6 Blast Open Lisboa 2025 - !socio - Siga @Gaules nas redes sociais!,['Português'],['MatureGame'],True
9,2025-03-25 00:24,EiMine77,pt,Minecraft,✅ RECOMPENSAS ON! | ⭐ SEJA RÁPIDO E GANHE UMA CAPA DE GRAÇA: !CAPA | 💘 INSTAGRAM: @EIMINE77 | !ajuda !rerun !sub !subgratis !loja,"['Minecraft', 'EiMine', 'Português', 'RecompensasEspetadores']",[],False
9,2025-03-25 00:24,pirangueirah,pt,League of Legends,[+18] Arena  ❤️,"['LGBTQIAMais', 'Português', 'kekel', 'Ele', 'Ela', 'deadbbydaylight', 'fortinite']",[],False
9,2025-03-25 00:24,carlos_resende8,pt,VALORANT,RANKEDS BROTA XD !PIX,"['Português', 'game', 'conversa', 'valorant']",[],False
9,2025-03-25 00:24,Cooruja,pt,Overwatch 2,[ !DROP Faster] 5 Lootbox free! !Sorteio LESSERAFIM e !LendariaFree !eternus !Passefree,"['Autismo', 'TDAH', 'SafeSpace', 'Pai', 'Overwatch', 'Português', '4fun', 'OW2Season15', 'OW2Brasil', 'DropsAtivados']",[],False
9,2025-03-25 00:24,loud_coringa,pt,Just Chatting,MADRUGADINHA CLANDESTINA COM CHAT,['Português'],[],False
10,2025-03-25 00:33,Gaules,pt,Counter-Strike,RERUN: Dia 6 Blast Open Lisboa 2025 - !socio - Siga @Gaules nas redes sociais!,['Português'],['MatureGame'],True
10,2025-03-25 00:33,EiMine77,pt,Minecraft,✅ RECOMPENSAS ON! | ⭐ SEJA RÁPIDO E GANHE UMA CAPA DE GRAÇA: !CAPA | 💘 INSTAGRAM: @EIMINE77 | !ajuda !rerun !sub !subgratis !loja,"['Minecraft', 'EiMine', 'Português', 'RecompensasEspetadores']",[],False
10,2025-03-25 00:33,pirangueirah,pt,League of Legends,[+18] Arena  ❤️,"['LGBTQIAMais', 'Português', 'kekel', 'Ele', 'Ela', 'deadbbydaylight', 'fortinite']",[],False
10,2025-03-25 00:33,Cooruja,pt,Overwatch 2,[ !DROP Faster] 5 Lootbox free! !Sorteio LESSERAFIM e !LendariaFree !eternus !Passefree,"['Autismo', 'TDAH', 'SafeSpace', 'Pai', 'Overwatch', 'Português', '4fun', 'OW2Season15', 'OW2Brasil', 'DropsAtivados']",[],False
10,2025-03-25 00:33,carlos_resende8,pt,VALORANT,RANKEDS BROTA XD !PIX,"['Português', 'game', 'conversa', 'valorant']",[],False
10,2025-03-25 00:33,guisobrevivente_,pt,Minecraft,[CAPE] oi bora conversar ?,"['minecraft', 'guisobrevivente', 'tiktok', 'realista', 'shaders', 'construcao', 'conversa', 'amigavel', 'Português', 'RecompensasEspetadores']",[],False
10,2025-03-25 00:33,Ayellol,pt,League of Legends,JOGO STREAMADO AMANHÃ 20H CONTRA LOS GRANDES | !discord !ragnarok !pix !cortes !youtube,['Português'],[],True
10,2025-03-25 00:33,Minerva,pt,Red Dead Redemption 2,🐴 RETA FINAL DO RED DEAD GAYDEMPTION   !pix !cortes !youtube !lives !mortes,['Português'],['MatureGame'],False
10,2025-03-25 00:33,ClovaoBengala,pt,League of Legends,LIVE DIA 25/03 NA LOUCURA MENTAL !rag !pix !ad !social !youtube,"['Português', 'League', 'leagueoflegeneds', 'lol', 'jogos']",[],True
11,2025-03-25 00:44,Gaules,pt,Counter-Strike,RERUN: Dia 6 Blast Open Lisboa 2025 - !socio - Siga @Gaules nas redes sociais!,['Português'],['MatureGame'],True
11,2025-03-25 00:44,EiMine77,pt,Minecraft,✅ RECOMPENSAS ON! | ⭐ SEJA RÁPIDO E GANHE UMA CAPA DE GRAÇA: !CAPA | 💘 INSTAGRAM: @EIMINE77 | !ajuda !rerun !sub !subgratis !loja,"['Minecraft', 'EiMine', 'Português', 'RecompensasEspetadores']",[],False
11,2025-03-25 00:44,Cooruja,pt,Overwatch 2,[ !DROP Faster] 5 Lootbox free! !Sorteio LESSERAFIM e !LendariaFree !eternus !Passefree,"['Autismo', 'TDAH', 'SafeSpace', 'Pai', 'Overwatch', 'Português', '4fun', 'OW2Season15', 'OW2Brasil', 'DropsAtivados']",[],False
11,2025-03-25 00:45,carlos_resende8,pt,VALORANT,RANKEDS BROTA XD !PIX,"['Português', 'game', 'conversa', 'valorant']",[],False
11,2025-03-25 00:45,loud_coringa,pt,Just Chatting,MADRUGADINHA CLANDESTINA COM CHAT,['Português'],[],False
11,2025-03-25 00:45,sabrinoca,pt,INDIKA,freira por um dia,"['Português', 'MãeDePrimeiraViagem', 'BaratinhaDeFogão', 'Concubina', 'Melões', 'MulherDePreso', 'LeagueofLegends', 'Aliada', 'GíriasRegionais', 'Simples']",['MatureGame'],True
11,2025-03-25 00:45,MarquinhosMDA,pt,Call of Duty: Warzone,QUER SER FELIZ? PERGUNTE-ME COMO... ESQUEÇA TUDO!!!,"['fps', 'COD', 'CallOfDuty', 'callofdutyWarzone', 'bo6', 'blackops6', 'callofdutybattlesroyales', 'bo6multiplayer', 'bo6zombies', 'CALLOFFDUTYWARZONE']",['MatureGame'],False
11,2025-03-25 00:45,wissamdon,pt,Counter-Strike,WissamDon,"['Português', 'Espàñol', 'Reposição']","['DrugsIntoxication', 'Gambling', 'MatureGame', 'ProfanityVulgarity', 'SexualThemes', 'ViolentGraphic']",True
11,2025-03-25 00:45,PRECOCE_LENTO,pt,VALORANT,MELHOR YORU DO 011 🥷🏻,['Português'],[],False
12,2025-03-25 04:01,Gaules,pt,Counter-Strike,RERUN: ESL Pro League Season 21 - !socio - Siga @Gaules nas redes sociais!,['Português'],['MatureGame'],True
12,2025-03-25 04:01,EiMine77,pt,Minecraft,✅ RECOMPENSAS ON! | ⭐ SEJA RÁPIDO E GANHE UMA CAPA DE GRAÇA: !CAPA | 💘 INSTAGRAM: @EIMINE77 | !ajuda !rerun !sub !subgratis !loja,"['Minecraft', 'EiMine', 'Português', 'RecompensasEspetadores']",[],False
12,2025-03-25 04:01,iShadowWolf_,pt,Fortnite,(+18) Livezinha Muito Doida!   ||   (❗comandos ❗metas ❗drops)   ||   (Epic Code: SHADOWOLF),['Português'],[],False
12,2025-03-25 04:01,carlos_resende8,pt,VALORANT,RANKEDS BROTA XD !PIX,"['Português', 'game', 'conversa', 'valorant']",[],False
12,2025-03-25 04:01,Cooruja,pt,Overwatch 2,[ !DROP Faster] 5 Lootbox free! !Sorteio LESSERAFIM e !LendariaFree !eternus !Passefree,"['Autismo', 'TDAH', 'SafeSpace', 'Pai', 'Overwatch', 'Português', '4fun', 'OW2Season15', 'OW2Brasil', 'DropsAtivados']",[],False
12,2025-03-25 04:01,loud_coringa,pt,Grand Theft Auto V,MADRUGADINHA CLANDESTINA COM CHAT,['Português'],['MatureGame'],False
12,2025-03-25 04:01,Sr_Kasai,pt,I'm Only Sleeping,vendo vídeos aleatórios (streamer está dormindo) - Subathon dia 92,['Português'],[],False
12,2025-03-25 04:02,oeebibi,pt,Fortnite,[+18] Fortzinho com a nenem @faccolina 💖,"['Português', 'diversão', 'risadas', 'Fortnite', 'FortniteTV']",[],False
12,2025-03-25 04:02,Dehnzy,pt,The First Berserker: Khazan,Khazan - O loiro porradeiro - !comandos !bits @dehnzy,"['gameplays', 'humor', 'alien', 'acessibilidade', 'Português', 'jogador', 'justchatting', 'fps', 'tps', 'resenha']",['MatureGame'],False
13,2025-03-25 04:12,Gaules,pt,Counter-Strike,RERUN: ESL Pro League Season 21 - !socio - Siga @Gaules nas redes sociais!,['Português'],['MatureGame'],True
13,2025-03-25 04:12,loud_coringa,pt,Grand Theft Auto V,MADRUGADINHA CLANDESTINA COM CHAT,['Português'],['MatureGame'],False
13,2025-03-25 04:12,carlos_resende8,pt,VALORANT,RANKEDS BROTA XD !PIX,"['Português', 'game', 'conversa', 'valorant']",[],False
13,2025-03-25 04:12,EiMine77,pt,Minecraft,✅ RECOMPENSAS ON! | ⭐ SEJA RÁPIDO E GANHE UMA CAPA DE GRAÇA: !CAPA | 💘 INSTAGRAM: @EIMINE77 | !ajuda !rerun !sub !subgratis !loja,"['Minecraft', 'EiMine', 'Português', 'RecompensasEspetadores']",[],False
13,2025-03-25 04:13,iShadowWolf_,pt,Fortnite,(+18) Livezinha Muito Doida!   ||   (❗comandos ❗metas ❗drops)   ||   (Epic Code: SHADOWOLF),['Português'],[],False
13,2025-03-25 04:13,Cooruja,pt,Overwatch 2,[ !DROP Faster] 5 Lootbox free! !Sorteio LESSERAFIM e !LendariaFree !eternus !Passefree,"['Autismo', 'TDAH', 'SafeSpace', 'Pai', 'Overwatch', 'Português', '4fun', 'OW2Season15', 'OW2Brasil', 'DropsAtivados']",[],False
13,2025-03-25 04:13,locking,pt,Grand Theft Auto V,+18 HORARIO TA UMA MERD4! VAMOS ARRUMAR JUNTO #400k !banca !insta !pix !void,"['fps', 'locking', 'grota', 'grotarp', 'Português', 'gta', 'cpx', 'frança', 'frança']",['MatureGame'],False
13,2025-03-25 04:13,gratis150ml,pt,RavenQuest,bom dia familia !!! .   !ravenquest,"['Gratis', 'Português', 'Ravendawn', 'ravenquest', 'MMORPG', 'DropsAtivados']",[],False
13,2025-03-25 04:13,Dede,pt,Grand Theft Auto V,PAPITHON DIA 37 - SEGUNDOOOOU,['Português'],['MatureGame'],False
14,2025-03-25 04:23,Gaules,pt,Counter-Strike,RERUN: ESL Pro League Season 21 - !socio - Siga @Gaules nas redes sociais!,['Português'],['MatureGame'],True
14,2025-03-25 04:23,loud_coringa,pt,Grand Theft Auto V,MADRUGADINHA CLANDESTINA COM CHAT,['Português'],['MatureGame'],False
14,2025-03-25 04:23,carlos_resende8,pt,VALORANT,RANKEDS BROTA XD !PIX,"['Português', 'game', 'conversa', 'valorant']",[],False
14,2025-03-25 04:23,EiMine77,pt,Minecraft,✅ RECOMPENSAS ON! | ⭐ SEJA RÁPIDO E GANHE UMA CAPA DE GRAÇA: !CAPA | 💘 INSTAGRAM: @EIMINE77 | !ajuda !rerun !sub !subgratis !loja,"['Minecraft', 'EiMine', 'Português', 'RecompensasEspetadores']",[],False
14,2025-03-25 04:23,iShadowWolf_,pt,Fortnite,(+18) Livezinha Muito Doida!   ||   (❗comandos ❗metas ❗drops)   ||   (Epic Code: SHADOWOLF),['Português'],[],False
14,2025-03-25 04:23,Cooruja,pt,Overwatch 2,[ !DROP Faster] 5 Lootbox free! !Sorteio LESSERAFIM e !LendariaFree !eternus !Passefree,"['Autismo', 'TDAH', 'SafeSpace', 'Pai', 'Overwatch', 'Português', '4fun', 'OW2Season15', 'OW2Brasil', 'DropsAtivados']",[],False
14,2025-03-25 04:23,joaozin,en,VALORANT,RANKED RADIANTE | ESTOU DOENTE LIVE CURTA | ESTAMOS TOP 60 | !pix !ban,"['Português', 'English']",[],False
14,2025-03-25 04:24,Saullo,pt,Counter-Strike,SORTEIO FACA de R$6.700 HOJE + DIA CORINGA do SORTEIO ESPECIAL + DEPÓSITO NA CONTA DE VOCÊS + SORTEIO 100 DÓLARES (AO VIVO),"['Português', 'skinscsgo', 'CSGO', 'SORTEIO', 'PIX', 'SKINS', 'FPS', 'Brasil', 'CS2', 'cs2beta']",['MatureGame'],True
14,2025-03-25 04:24,Akrinuss,pt,League of Legends,!privacy - Dicas p subir d ELO l Mestre !cortes !duo !analise !abt !facinho,"['Português', 'Reposição']",[],False
15,2025-03-25 08:02,iShadowWolf_,pt,Fortnite,(+18) Livezinha Muito Doida!   ||   (❗comandos ❗metas ❗drops)   ||   (Epic Code: SHADOWOLF),['Português'],[],False
15,2025-03-25 08:02,Gaules,pt,Counter-Strike,RERUN: ESL Pro League Season 21 - !socio - Siga @Gaules nas redes sociais!,['Português'],['MatureGame'],True
15,2025-03-25 08:02,EiMine77,pt,Minecraft,✅ RECOMPENSAS ON! | ⭐ SEJA RÁPIDO E GANHE UMA CAPA DE GRAÇA: !CAPA | 💘 INSTAGRAM: @EIMINE77 | !ajuda !rerun !sub !subgratis !loja,"['Minecraft', 'EiMine', 'Português', 'RecompensasEspetadores']",[],False
15,2025-03-25 08:02,Cooruja,pt,Overwatch 2,[ !DROP Faster] 5 Lootbox free! !Sorteio LESSERAFIM e !LendariaFree !eternus !Passefree,"['Autismo', 'TDAH', 'SafeSpace', 'Pai', 'Overwatch', 'Português', '4fun', 'OW2Season15', 'OW2Brasil', 'DropsAtivados']",[],False
15,2025-03-25 08:02,loud_coringa,pt,Just Chatting,MADRUGADINHA CLANDESTINA COM CHAT,['Português'],['Gambling'],False
15,2025-03-25 08:03,Xerekiss,pt,Fortnite,🔥ATUALIZAÇÃO🔥 | RESGATE ITENS ASSISTINDO A LIVE (❗loja) | CODE: XEREKISS #ad,"['Português', 'Brasil', 'fps', 'Fortnite', 'Portugal', 'battleroyale']",[],False
15,2025-03-25 08:03,CarlitoP1_,pt,Grand Theft Auto V,[CDA] SPEED EM QRV! Acompanhas pelo CIDADE ALTA -> Siga @carlitop1_,"['Português', 'CIDADEALTA', 'METROPOLE', 'GTARP', 'FIVEM', 'CarlitoP1', 'INTERCEPTOR', 'SPEED']",['MatureGame'],False
15,2025-03-25 08:03,RyanFeer,pt,Grand Theft Auto V,"(CDA/PRODIGY) Um Grande Dia,Pra alguém","['Português', 'CDA', 'gta', 'fivem', 'RP', 'PvP', 'metropole', 'cpx', 'CAPITAL', 'ProdigyRP']",['MatureGame'],False
15,2025-03-25 08:03,Oliveirawp,pt,League of Legends,+18 [CONNECT HYPE] 05 DIA DE OLIVATHON !Pix,"['gtaonline', 'PaulinhoLoko', 'Português', 'subathon', 'ConnectHype', 'ppg', 'Hype', 'Metropole', 'Bkinho', 'loudcoringa']",['ProfanityVulgarity'],True
16,2025-03-25 08:10,iShadowWolf_,pt,Fortnite,(+18) Livezinha Muito Doida!   ||   (❗comandos ❗metas ❗drops)   ||   (Epic Code: SHADOWOLF),['Português'],[],False
16,2025-03-25 08:10,Gaules,pt,Counter-Strike,RERUN: ESL Pro League Season 21 - !socio - Siga @Gaules nas redes sociais!,['Português'],['MatureGame'],True
16,2025-03-25 08:10,EiMine77,pt,Minecraft,✅ RECOMPENSAS ON! | ⭐ SEJA RÁPIDO E GANHE UMA CAPA DE GRAÇA: !CAPA | 💘 INSTAGRAM: @EIMINE77 | !ajuda !rerun !sub !subgratis !loja,"['Minecraft', 'EiMine', 'Português', 'RecompensasEspetadores']",[],False
16,2025-03-25 08:10,Cooruja,pt,Overwatch 2,[ !DROP Faster] 5 Lootbox free! !Sorteio LESSERAFIM e !LendariaFree !eternus !Passefree,"['Autismo', 'TDAH', 'SafeSpace', 'Pai', 'Overwatch', 'Português', '4fun', 'OW2Season15', 'OW2Brasil', 'DropsAtivados']",[],False
16,2025-03-25 08:10,loud_coringa,pt,Just Chatting,MADRUGADINHA CLANDESTINA COM CHAT,['Português'],['Gambling'],False
16,2025-03-25 08:10,DexterHQ,pt,Minecraft,>>DROP CAPA- HARDCORE 1.21.4 8100+ DIAS SEM TOTEM !capa !codigo !tiktok !insta,"['hardcore', 'hardmode', 'sobrevivencia', 'semtotem', 'construir', 'Farming', 'Português', 'minecraft', 'EventosEspeciales', 'minecraftlive']",[],False
16,2025-03-25 08:10,EiMine24h,pt,Minecraft,✅ RECOMPENSAS ON! | ⭐ SEJA RÁPIDO E GANHE UMA CAPA DE GRAÇA: !CAPA | 💘 INSTAGRAM: @EIMINE77 | !ajuda !rerun !subgratis !loja,"['Português', 'Minecraft', 'EiMine', 'RecompensasEspetadores']",[],False
16,2025-03-25 08:11,sam_xtreme,pt,Just Chatting,⚡ O Subathon tá ON e a diversão tá só começando! Vem jogar e se divertir comigo. !Discord !Pix !Social !Sr,['Português'],[],False
16,2025-03-25 08:11,liminhag0d,pt,GeoGuessr,AOVIVO Bom dia Liminha  !farmskins !skinplace,['Português'],[],False
17,2025-03-25 08:20,iShadowWolf_,pt,Fortnite,(+18) Livezinha Muito Doida!   ||   (❗comandos ❗metas ❗drops)   ||   (Epic Code: SHADOWOLF),['Português'],[],False
17,2025-03-25 08:20,EiMine77,pt,Minecraft,✅ RECOMPENSAS ON! | ⭐ SEJA RÁPIDO E GANHE UMA CAPA DE GRAÇA: !CAPA | 💘 INSTAGRAM: @EIMINE77 | !ajuda !rerun !sub !subgratis !loja,"['Minecraft', 'EiMine', 'Português', 'RecompensasEspetadores']",[],False
17,2025-03-25 08:20,DexterHQ,pt,Minecraft,>>DROP CAPA- HARDCORE 1.21.4 8100+ DIAS SEM TOTEM !capa !codigo !tiktok !insta,"['hardcore', 'hardmode', 'sobrevivencia', 'semtotem', 'construir', 'Farming', 'Português', 'minecraft', 'EventosEspeciales', 'minecraftlive']",[],False
17,2025-03-25 08:20,Gaules,pt,Counter-Strike,RERUN: ESL Pro League Season 21 - !socio - Siga @Gaules nas redes sociais!,['Português'],['MatureGame'],True
17,2025-03-25 08:20,Cooruja,pt,Overwatch 2,[ !DROP Faster] 5 Lootbox free! !Sorteio LESSERAFIM e !LendariaFree !eternus !Passefree,"['Autismo', 'TDAH', 'SafeSpace', 'Pai', 'Overwatch', 'Português', '4fun', 'OW2Season15', 'OW2Brasil', 'DropsAtivados']",[],False
17,2025-03-25 08:20,loud_coringa,pt,Just Chatting,MADRUGADINHA CLANDESTINA COM CHAT,['Português'],['Gambling'],False
18,2025-03-25 12:01,jokidias,pt,Fortnite,"A inimiga dos clthanos ta on! Meta de Donate live secreta para a Gamescon  - !comandos, !pix","['Português', 'LGBTQ', 'mulhergamer']",[],False
18,2025-03-25 12:01,Xerekiss,pt,Marvel Rivals,[DROP ON] BORA DE LORD DE MIRANHA? | RESGATE ITENS ASSISTINDO A LIVE (❗loja) | CODE: XEREKISS #ad,"['Português', 'Brasil', 'fps', 'Fortnite', 'Portugal', 'battleroyale', 'DropsAtivados']",[],False
18,2025-03-25 12:01,Tiozao_TV,pt,inZOI,MEU PRIMEIRO FILHO! SOMOS KCN CREATOR!!!! !SOCIAL !FREESUB,"['BatendoPapo', 'Português', 'stardewvalley', 'fazendinha', 'Jogandocomespectadores', 'Cozy', 'simulador', 'cozygame', 'inzoi']",[],False
18,2025-03-25 12:01,Gaules,pt,Counter-Strike,RERUN: Lobbys do Alastro!!  - !socio - Siga @Gaules nas redes sociais!,['Português'],['MatureGame'],True
18,2025-03-25 12:01,Cooruja,pt,Overwatch 2,[ !DROP Faster] 5 Lootbox free! !Sorteio LESSERAFIM e !LendariaFree !eternus !Passefree,"['Autismo', 'TDAH', 'SafeSpace', 'Pai', 'Overwatch', 'Português', '4fun', 'OW2Season15', 'OW2Brasil', 'DropsAtivados']",[],False
18,2025-03-25 12:01,EllasInGame,pt,Fortnite,Atualizou ai?? Fortnitezinho 😉❤🤗,"['fortnite', 'Português']",[],False
18,2025-03-25 12:02,MochiiYuki,pt,FINAL FANTASY XIV ONLINE,Bodia: Dia de patch 7.2 e muita vigarice~  !comandos !sr !clip !s (+18) 🦈,"['vtuberbr', 'vtuber', 'PortuguêsBR', 'TDAHStream', 'Português', 'ComfyChaotic']",['ProfanityVulgarity'],False
18,2025-03-25 12:02,AliceAkroma,pt,Co-working & Studying,Trabalho matinal Cozy com @colettemilky ~!comandos,"['Português', 'VtuberBR', 'Vtuber', 'Anime', 'TDAH', 'confy', 'Cozy', 'conversa', 'art', 'CLT']",[],False
18,2025-03-25 12:02,ItsCreammy,pt,Grand Theft Auto V,"Virei dona da sorveteria, e agora? - VTCITY #02","['VTuber', 'BRVtuber', 'cute', 'Português', 'Comfy', 'Celtic', 'VCity']",['MatureGame'],False
19,2025-03-25 12:09,Gaules,pt,Counter-Strike,RERUN: Lobbys do Alastro!!  - !socio - Siga @Gaules nas redes sociais!,['Português'],['MatureGame'],True
19,2025-03-25 12:09,EiMine24h,pt,Minecraft,✅ RECOMPENSAS ON! | ⭐ SEJA RÁPIDO E GANHE UMA CAPA DE GRAÇA: !CAPA | 💘 INSTAGRAM: @EIMINE77 | !ajuda !rerun !subgratis !loja,"['Português', 'Minecraft', 'EiMine', 'RecompensasEspetadores']",[],False
19,2025-03-25 12:09,jokidias,pt,Fortnite,"A inimiga dos clthanos ta on! Meta de Donate live secreta para a Gamescon  - !comandos, !pix","['Português', 'LGBTQ', 'mulhergamer']",[],False
19,2025-03-25 12:09,EllasInGame,pt,Fortnite,Atualizou ai?? Fortnitezinho 😉❤🤗,"['fortnite', 'Português']",[],False
19,2025-03-25 12:09,Tiozao_TV,pt,inZOI,MEU PRIMEIRO FILHO! SOMOS KCN CREATOR!!!! !SOCIAL !FREESUB,"['BatendoPapo', 'Português', 'stardewvalley', 'fazendinha', 'Jogandocomespectadores', 'Cozy', 'simulador', 'cozygame', 'inzoi']",[],False
19,2025-03-25 12:09,loud_coringa,pt,Call of Duty: Warzone,MADRUGADINHA CLANDESTINA COM CHAT,['Português'],"['Gambling', 'MatureGame']",False
19,2025-03-25 12:09,Kennzy,pt,League of Legends,YOKENNZY EM AÇÃO E ANALISE DO GORDOX HJ DPS DO ALMOÇO 🙏🌹 | !alura | !growth | !pix | !roblox,['Português'],[],False
19,2025-03-25 12:09,yeTz,pt,League of Legends,doente mas rumo ao challenger !LOCO !livepix,"['Português', 'leagueoflegeneds', 'CBLOL']",[],False
19,2025-03-25 12:09,Buerinho,pt,League of Legends,"UNRANKED AO TOPO DUO ELKAS 20-2, LIVE TODOS OS DIAS AS 09:00.","['Português', 'ADCARRY', 'Vayne', 'kogmaw', 'jinx', 'MissFortune', 'ADC']",[],False
0,2025-03-25 16:02,Cooruja,pt,Overwatch 2,[ !DROP Faster] 5 Lootbox free! !Sorteio LESSERAFIM e !LendariaFree !eternus !Passefree,"['Autismo', 'TDAH', 'SafeSpace', 'Pai', 'Overwatch', 'Português', '4fun', 'OW2Season15', 'OW2Brasil', 'DropsAtivados']",[],False
0,2025-03-25 16:02,sacy,pt,VALORANT,mibr Sacy - RANKEDS DUO @fpsBAO - !pix !noping !mibr !csgoskins,['Português'],[],False
0,2025-03-25 16:02,beletz_,pt,Fortnite,SORTEIO PASSE DE BATALHA 🔥JOGANDO FORTNITE COM O CHAT ♡ USE O CODE: BELETZ🩵❗sub❗pix ❗code,"['portugues', 'fortnite', 'fortnitetrocacao', 'stream', 'Português', 'girlgamers']",[],False
0,2025-03-25 16:02,ofernandomaidana,pt,Sea of Thieves,🟢🟡DROPS🟡🟢 TERÇOU COM T DE TITANIC !cmd !playlist !pescar,"['Português', 'seaofthieves', 'pirata', 'SongRequests', 'songrequest', 'SeaOfThievesPartner', 'SeaofThievesgameplay', 'English', 'DropsAtivados']",[],False
0,2025-03-25 16:02,Gaules,pt,Just Chatting,RERUN: Casa da Tribo! - !socio - Siga @Gaules nas redes sociais!,['Português'],[],True
0,2025-03-25 16:02,saverdaaa,pt,VALORANT,(+18) RANKED ASCENDENTE TENTANDO VOLTAR PRO IMORTAL !discord !elo !clip,"['Portugues', 'afundada', 'jojofag', 'nseifazelive', 'depressao', 'colica', 'valorant', 'mulher', 'maconha', 'gato']","['DrugsIntoxication', 'ProfanityVulgarity', 'SexualThemes']",False
0,2025-03-25 16:02,CSRfps,pt,Counter-Strike,🟢 TAPS E SKINS - FARM 10x SUBS - !sorteiofaca | Siga @CSRfps | !segredo !dash !pirate !keydrop !csgofast !martians,"['Português', 'csgo', 'cs2', 'counterstrike', 'counterstrike2', 'cs2gameplay', 'fps']",['MatureGame'],False
0,2025-03-25 16:02,fbzfps,pt,Just Chatting,HOJE SÓ RESENHA | ❗csgofast ❗hellcase ❗clash ❗dm ❗pix +18,['Português'],['Gambling'],False
0,2025-03-25 16:03,VampiraFPS,pt,Counter-Strike,SORTEIO > LOBBY @faceittv !MIMO !PRESENTE,"['CSGO', 'fps', 'GIRL', 'GAMERGIRL', 'GamersClub', 'GC', 'NovaGG', 'Português', 'faceit', 'Reposição']",['MatureGame'],False
1,2025-03-25 16:14,Cooruja,pt,Overwatch 2,[ !DROP Faster] 5 Lootbox free! !Sorteio LESSERAFIM e !LendariaFree !eternus !Passefree,"['Autismo', 'TDAH', 'SafeSpace', 'Pai', 'Overwatch', 'Português', '4fun', 'OW2Season15', 'OW2Brasil', 'DropsAtivados']",[],False
1,2025-03-25 16:14,sacy,pt,VALORANT,mibr Sacy - RANKEDS DUO @fpsBAO - !pix !noping !mibr !csgoskins,['Português'],[],False
1,2025-03-25 16:14,beletz_,pt,Fortnite,SORTEIO PASSE DE BATALHA 🔥JOGANDO FORTNITE COM O CHAT ♡ USE O CODE: BELETZ🩵❗sub❗pix ❗code,"['portugues', 'fortnite', 'fortnitetrocacao', 'stream', 'Português', 'girlgamers']",[],False
1,2025-03-25 16:14,ofernandomaidana,pt,Sea of Thieves,🟢🟡DROPS🟡🟢 TERÇOU COM T DE TITANIC !cmd !playlist !pescar,"['Português', 'seaofthieves', 'pirata', 'SongRequests', 'songrequest', 'SeaOfThievesPartner', 'SeaofThievesgameplay', 'English', 'DropsAtivados']",[],False
1,2025-03-25 16:14,Gaules,pt,Just Chatting,RERUN: Casa da Tribo! - !socio - Siga @Gaules nas redes sociais!,['Português'],[],True
1,2025-03-25 16:14,saverdaaa,pt,VRChat,vr charrada,"['Portugues', 'afundada', 'jojofag', 'nseifazelive', 'depressao', 'colica', 'valorant', 'mulher', 'maconha', 'gato']","['DrugsIntoxication', 'ProfanityVulgarity', 'SexualThemes']",False
1,2025-03-25 16:14,XAROLA_,pt,VALORANT,RANKEDS SÓ LEVANDO FUMO || SIGA O KING -> @xarola_,"['humor', 'nordeste', 'yoru', 'lindo', 'Português', 'calvo']",[],False
1,2025-03-25 16:15,Tixinhadois,pt,VALORANT,Liquid vs Corinthians (GC) - !loco !adamantium !kaspersky,"['Português', 'valorant', 'Tixinha', 'cypher', 'valorantbr']",[],False
1,2025-03-25 16:15,gabepeixe,pt,Just Chatting,COISAS ACONTECERAM > @GABEPEIXE !grupo !farm,['Português'],[],False
2,2025-03-25 16:26,Cooruja,pt,Overwatch 2,[ !DROP Faster] 5 Lootbox free! !Sorteio LESSERAFIM e !LendariaFree !eternus !Passefree,"['Autismo', 'TDAH', 'SafeSpace', 'Pai', 'Overwatch', 'Português', '4fun', 'OW2Season15', 'OW2Brasil', 'DropsAtivados']",[],False
2,2025-03-25 16:26,sacy,pt,VALORANT,mibr Sacy - RANKEDS DUO @fpsBAO - !pix !noping !mibr !csgoskins,['Português'],[],False
2,2025-03-25 16:26,beletz_,pt,Fortnite,SORTEIO PASSE DE BATALHA 🔥JOGANDO FORTNITE COM O CHAT ♡ USE O CODE: BELETZ🩵❗sub❗pix ❗code,"['portugues', 'fortnite', 'fortnitetrocacao', 'stream', 'Português', 'girlgamers']",[],False
2,2025-03-25 16:26,ofernandomaidana,pt,Sea of Thieves,🟢🟡DROPS🟡🟢 TERÇOU COM T DE TITANIC !cmd !playlist !pescar,"['Português', 'seaofthieves', 'pirata', 'SongRequests', 'songrequest', 'SeaOfThievesPartner', 'SeaofThievesgameplay', 'English', 'DropsAtivados']",[],False
2,2025-03-25 16:26,Gaules,pt,Just Chatting,RERUN: Casa da Tribo! - !socio - Siga @Gaules nas redes sociais!,['Português'],[],True
2,2025-03-25 16:26,TcK10,pt,VALORANT,C9 TCKU HOJE É UM DIA DE SURPRESAS 🏆 !SUPERBET 🏆 !GROWTH 🏆 SIGA EM @TcK10,"['melhordomundo', 'radiante', 'incrível', 'valorant', 'Português']",[],False
2,2025-03-25 16:26,arthurlanches,pt,League of Legends,PT/EN | TENTANDO VOLTAR PRO TOP 1 !GUIA | !pix #LeaguePartner,"['Português', 'English', 'teemo', 'challenger']",[],False
2,2025-03-25 16:26,Kennzy,pt,League of Legends,COACH E ANÁLISE DE UM FIEL DA LIVE  🙏🌹 | !alura | !growth | !pix | !roblox,['Português'],[],False
2,2025-03-25 16:27,ArthurMedina10,pt,League of Legends,13y GM Rumo ao Challenger,"['zeri', 'leagueoflegends', 'lol', 'Português', 'Prodigio', 'Challenger']",[],False
3,2025-03-25 16:37,Cooruja,pt,Overwatch 2,[ !DROP Faster] 5 Lootbox free! !Sorteio LESSERAFIM e !LendariaFree !eternus !Passefree,"['Autismo', 'TDAH', 'SafeSpace', 'Pai', 'Overwatch', 'Português', '4fun', 'OW2Season15', 'OW2Brasil', 'DropsAtivados']",[],False
3,2025-03-25 16:37,sacy,pt,VALORANT,mibr Sacy - RANKEDS DUO @fpsBAO - !pix !noping !mibr !csgoskins,['Português'],[],False
3,2025-03-25 16:37,beletz_,pt,Fortnite,SORTEIO PASSE DE BATALHA 🔥JOGANDO FORTNITE COM O CHAT ♡ USE O CODE: BELETZ🩵❗sub❗pix ❗code,"['portugues', 'fortnite', 'fortnitetrocacao', 'stream', 'Português', 'girlgamers']",[],False
3,2025-03-25 16:37,ofernandomaidana,pt,Sea of Thieves,🟢🟡DROPS🟡🟢 TERÇOU COM T DE TITANIC !cmd !playlist !pescar,"['Português', 'seaofthieves', 'pirata', 'SongRequests', 'songrequest', 'SeaOfThievesPartner', 'SeaofThievesgameplay', 'English', 'DropsAtivados']",[],False
3,2025-03-25 16:38,Gaules,pt,Just Chatting,RERUN: Casa da Tribo! - !socio - Siga @Gaules nas redes sociais!,['Português'],[],True
3,2025-03-25 16:38,TcK10,pt,VALORANT,C9 TCKU HOJE É UM DIA DE SURPRESAS 🏆 !SUPERBET 🏆 !GROWTH 🏆 SIGA EM @TcK10,"['melhordomundo', 'radiante', 'incrível', 'valorant', 'Português']",[],False
3,2025-03-25 16:38,KeehMonteiro,pt,VALORANT,[+18] 46 ✵ ESTAMOS DE VOLTA ✵ @raiderscompany,"['GIRL', 'WOMEN', 'BRAZIL', 'FPS', 'PTBR', 'AMIGOS', 'Português']","['ProfanityVulgarity', 'ViolentGraphic']",True
3,2025-03-25 16:38,StormWalker05,pt,Twitch Plays,52 - BLUB BLUB !discord,['Português'],[],False
3,2025-03-25 16:38,rKambeto,pt,Remnant II,SALVATEVI RAGAZZI! !comandos !sr,"['Português', '3DModeling', 'Platina', 'LGBTQIAFriendlySpace', 'SemDicção', 'Idoso']","['MatureGame', 'ProfanityVulgarity', 'SexualThemes']",False
4,2025-03-25 20:02,Cooruja,pt,Overwatch 2,[ !DROP Faster] 5 Lootbox free! !Sorteio LESSERAFIM e !LendariaFree !eternus !Passefree,"['Autismo', 'TDAH', 'SafeSpace', 'Pai', 'Overwatch', 'Português', '4fun', 'OW2Season15', 'OW2Brasil', 'DropsAtivados']",[],False
4,2025-03-25 20:02,HWmalk,pt,Sea of Thieves,☕ DROPS OBSIDIANOS & CAFÉ ☕,"['Português', 'AMA', 'Brasil', 'RPG', 'música', 'Conversação', 'RockRoll', 'Ansiedade', 'Interativo', 'DropsAtivados']",[],False
4,2025-03-25 20:02,ocontagia,pt,Goose Goose Duck,PALHAÇO CONTAGIA e a Live que atrasou !comandos !desafio !balao,"['conversando', 'jogando', 'palhaco', 'alegria', 'diversao', 'Brino', 'YoDa', 'lol', 'leagueoflegends', 'fortnite']",[],False
4,2025-03-25 20:02,sacy,pt,VALORANT,mibr Sacy - RANKEDS DUO @fpsBAO - !pix !noping !mibr !csgoskins,['Português'],[],False
4,2025-03-25 20:02,mathg,pt,Just Chatting,Jogos e Brasil x Argentina,"['Português', 'English']",[],False
4,2025-03-25 20:02,beletz_,pt,Fortnite,SORTEIO PASSE DE BATALHA 🔥JOGANDO FORTNITE COM O CHAT ♡ USE O CODE: BELETZ🩵❗sub❗pix ❗code,"['portugues', 'fortnite', 'fortnitetrocacao', 'stream', 'Português', 'girlgamers']",[],False
4,2025-03-25 20:02,YumiFenix,pt,Fortnite,TERÇAMOS no Fortnite! Vem jogar Ranked com a gente! Ou pelo menos tentar! KKK! #fortnite #fortnitebr,"['GAMER', 'CONVERSADOR', 'Português', 'Mulher', 'Brasil', 'nerd', 'psicologia', 'Friendly', 'LGBTQIAFriendly', 'Jogandocomespectadores']",[],False
4,2025-03-25 20:02,AnnoreAngel,pt,Overwatch 2,🌸 𝐁𝐨𝐚 𝐍𝐨𝐢𝐭𝐞 🌸❗ꜱʀ❗ꜱɴᴀᴘᴄʜᴀᴛ❗ᴛɪᴋᴛᴏᴋ❗ʏᴏᴜᴛᴜʙᴇ❗ᴅɪꜱᴄᴏʀᴅ❗ᴘɪx,"['ANGEL', 'CUTE', 'GIRL', 'BRASILEIRA', 'PORTUGUÊS', 'ESPANHOL', 'DROPSATIVADOS', 'OVERWATCH2', 'OVERWATCH2CREATOR', 'Português']",[],False
4,2025-03-25 20:03,BrehCouto__,pt,VALORANT,✅Meu Pé Ainda Está Doendo!   🐼🐞🌺. #Shurtmysurv !pix !sr(oN) !zap,"['Mulher', 'Valorant', 'ChatPriority', 'terror', 'deadbydaylightsurvivour', 'Brasill', 'fps', 'Português', 'shurtmysurvivor']",['ProfanityVulgarity'],False
5,2025-03-25 20:11,Cooruja,pt,Overwatch 2,[ !DROP Faster] 5 Lootbox free! !Sorteio LESSERAFIM e !LendariaFree !eternus !Passefree,"['Autismo', 'TDAH', 'SafeSpace', 'Pai', 'Overwatch', 'Português', '4fun', 'OW2Season15', 'OW2Brasil', 'DropsAtivados']",[],False
5,2025-03-25 20:12,Dilascio_,pt,Marvel Rivals,(DROPS ON) O AMIGO DA VIZINHANÇA,"['Português', 'Competitivo', 'Conversa', 'top500', 'overwatch', 'English', 'DropsAtivados']",[],False
5,2025-03-25 20:12,mathg,pt,Just Chatting,Jogos e Brasil x Argentina,"['Português', 'English']",[],False
5,2025-03-25 20:12,ocontagia,pt,Goose Goose Duck,PALHAÇO CONTAGIA e a Live que atrasou !comandos !desafio !balao,"['conversando', 'jogando', 'palhaco', 'alegria', 'diversao', 'Brino', 'YoDa', 'lol', 'leagueoflegends', 'fortnite']",[],False
5,2025-03-25 20:12,yulla,pt,VALORANT,MIBR Yulla 😈 | !sociais !pix !comando !react !roblox !vods,['Português'],[],False
5,2025-03-25 20:12,pirangueirah,pt,Overwatch 2,[+18] Ai caixinha porfavor  ❤️,"['LGBTQIAMais', 'Português', 'kekel', 'Ele', 'Ela', 'deadbbydaylight', 'fortinite', 'DropsAtivados']",[],False
5,2025-03-25 20:12,LUCAS1,pt,Counter-Strike,🟢 #1 Q u é O t a? !csgoskins,['Português'],['MatureGame'],False
5,2025-03-25 20:12,LevyARJ,pt,Counter-Strike,🟢 GC LVL 20 -  JOGANDO E TROCANDO IDEIA @gamersclubcs 🔥LOJINHA ATUALIZADA🔥 ❗pix ❗comandos ❗sorteio ❗loja,['Português'],['MatureGame'],False
5,2025-03-25 20:12,JapaDaMydiSkins,pt,Counter-Strike,É grátis os 20 sorteios por live mais de R$11.000 em skins !play para participar,"['Português', 'CounterStriker2', 'risada', 'engraçado', 'skinscsgo', 'skinsgratis', 'sorteiodeskins']",['MatureGame'],False
6,2025-03-25 20:23,HWmalk,pt,Sea of Thieves,☕ DROPS OBSIDIANOS & CAFÉ ☕,"['Português', 'AMA', 'Brasil', 'RPG', 'música', 'Conversação', 'RockRoll', 'Ansiedade', 'Interativo', 'DropsAtivados']",[],False
6,2025-03-25 20:24,Cooruja,pt,Overwatch 2,[ !DROP Faster] 5 Lootbox free! !Sorteio LESSERAFIM e !LendariaFree !eternus !Passefree,"['Autismo', 'TDAH', 'SafeSpace', 'Pai', 'Overwatch', 'Português', '4fun', 'OW2Season15', 'OW2Brasil', 'DropsAtivados']",[],False
6,2025-03-25 20:24,mathg,pt,Just Chatting,Jogos e Brasil x Argentina,"['Português', 'English']",[],False
6,2025-03-25 20:24,ocontagia,pt,Goose Goose Duck,PALHAÇO CONTAGIA e a Live que atrasou !comandos !desafio !balao,"['conversando', 'jogando', 'palhaco', 'alegria', 'diversao', 'Brino', 'YoDa', 'lol', 'leagueoflegends', 'fortnite']",[],False
6,2025-03-25 20:24,frttt,pt,Apex Legends,🟢💚AO VIVO - LIVELIVELIVE - !curso !aulas,['Português'],[],False
6,2025-03-25 20:24,pirangueirah,pt,Overwatch 2,[+18] Ai caixinha porfavor  ❤️,"['LGBTQIAMais', 'Português', 'kekel', 'Ele', 'Ela', 'deadbbydaylight', 'fortinite', 'DropsAtivados']",[],False
6,2025-03-25 20:24,Kamayeru_,pt,Just Chatting,Termo ❗Pix❗SR❗Comando❗Social,"['VtuberBR', 'Vtuber', 'Brasil', 'Portugal', 'Jogando', 'Brasileiro', 'seguidores', 'Português', 'Jogandocomespectadores']","['DrugsIntoxication', 'ProfanityVulgarity', 'SexualThemes', 'ViolentGraphic']",False
6,2025-03-25 20:24,maatheusiinn,pt,Just Chatting,HOJE É MEU ANIVERSÁRIUUU,['Português'],['ProfanityVulgarity'],False
6,2025-03-25 20:24,taylinn_,pt,Fortnite,JOGANDO FORTNITE SERA QUE EU CONSIGO FICAR EM 1 LUGAR???,"['Português', 'taylinn', 'Vtuber', 'Ｖｔｕｂｅｒ', 'VtuberBR']",[],False
7,2025-03-25 20:35,Cooruja,pt,Overwatch 2,[ !DROP Faster] 5 Lootbox free! !Sorteio LESSERAFIM e !LendariaFree !eternus !Passefree,"['Autismo', 'TDAH', 'SafeSpace', 'Pai', 'Overwatch', 'Português', '4fun', 'OW2Season15', 'OW2Brasil', 'DropsAtivados']",[],False
7,2025-03-25 20:35,ocontagia,pt,Goose Goose Duck,PALHAÇO CONTAGIA e a Live que atrasou !comandos !desafio !balao,"['conversando', 'jogando', 'palhaco', 'alegria', 'diversao', 'Brino', 'YoDa', 'lol', 'leagueoflegends', 'fortnite']",[],False
7,2025-03-25 20:35,giovanewonka,pt,Fortnite,Entrego apenas belas skins. Às vezes nem isso. |❗sub ❗sr ❗donate ❗sorteio ❗clip ❗comandos,"['lgbt', 'gay', 'qiyana', 'vex', 'emo', 'Português', 'gaymer', 'SafeSpace']",[],False
7,2025-03-25 20:35,mathg,pt,Just Chatting,Jogos e Brasil x Argentina,"['Português', 'English']",[],False
7,2025-03-25 20:35,guisobrevivente_,pt,Minecraft,[CAPE] oi bora conversar ?,"['minecraft', 'guisobrevivente', 'tiktok', 'realista', 'shaders', 'construcao', 'conversa', 'amigavel', 'Português', 'RecompensasEspetadores']",[],False
7,2025-03-25 20:35,beletz_,pt,Fortnite,SORTEIO PASSE DE BATALHA 🔥JOGANDO FORTNITE COM O CHAT ♡ USE O CODE: BELETZ🩵❗sub❗pix ❗code,"['portugues', 'fortnite', 'fortnitetrocacao', 'stream', 'Português', 'girlgamers']",[],False
7,2025-03-25 20:36,Lerigoo_,pt,Marvel Rivals,[+18] CAMPZIN DE DBD MÊS QUE VEM: !JDT 🤍✨ - !DC !CMD !PIX !CLIP,"['Português', 'marvelrivals', 'overwatch2', 'Campeonatos', 'Competitive', 'AMA', 'Jogandocomespectadores', 'LGBTQIAPlus', 'DropsAtivados']",['ProfanityVulgarity'],False
7,2025-03-25 20:36,xandykawai,pt,Just Chatting,TEMPORADA NOVA e Reacts a noite  !comandos,"['Português', 'LGBTQIA', 'Idoso', 'Gay', 'drops', 'Fortnite', 'dbd']",['ProfanityVulgarity'],False
7,2025-03-25 20:36,Bluezinho2,pt,Dead by Daylight,[+18] 💙Será que dá lives noturnas? testando no dbd. VAMOS LÁ.,"['LGBTQIAPlus', 'Português', 'ＤBD', 'GamesAndChatting', 'Jogandocomespectadores', 'fallguys', 'Gostoso', 'Veganismos', 'Overｗatch2', 'deadbbydaylight']","['MatureGame', 'ProfanityVulgarity']",False
8,2025-03-26 00:01,Cooruja,pt,Overwatch 2,[ !DROP Faster] 5 Lootbox free! !Sorteio LESSERAFIM e !LendariaFree !eternus !Passefree,"['Autismo', 'TDAH', 'SafeSpace', 'Pai', 'Overwatch', 'Português', '4fun', 'OW2Season15', 'OW2Brasil', 'DropsAtivados']",[],False
8,2025-03-26 00:01,HWmalk,pt,Sea of Thieves,☕ DROPS OBSIDIANOS & CAFÉ ☕,"['Português', 'AMA', 'Brasil', 'RPG', 'música', 'Conversação', 'RockRoll', 'Ansiedade', 'Interativo', 'DropsAtivados']",[],False
8,2025-03-26 00:01,mathg,pt,Just Chatting,Pesadelo na cozinha,"['Português', 'English']",[],False
8,2025-03-26 00:01,KamiKat,pt,League of Legends,LEAGUE OF LEGENDS BR CHALLEnGER - !pix !elo !pro !runa,"['Português', 'LGBT', 'gaymer', 'Gay', 'Aposentado', 'leagueoflegends', 'twinkativo', 'Smolder']",[],False
8,2025-03-26 00:01,beletz_,pt,Fortnite,SORTEIO PASSE DE BATALHA 🔥JOGANDO FORTNITE COM O CHAT ♡ USE O CODE: BELETZ🩵❗sub❗pix ❗code,"['portugues', 'fortnite', 'fortnitetrocacao', 'stream', 'Português', 'girlgamers']",[],False
8,2025-03-26 00:02,Gaules,pt,IRL,RERUN: Casa da Tribo! - !socio - Siga @Gaules nas redes sociais!,['Português'],[],True
8,2025-03-26 00:02,NerrdGamer,pt,Marvel Rivals,[+18] 🔞Marvelzinho!!! -❗comandos ❗clip,"['Drops', 'Conversa', 'Variedades', 'Portugues', 'Gamer', 'Brasil', 'Sup', 'LGBTQIAPlus', 'LGBT', 'Gay']",['ProfanityVulgarity'],False
8,2025-03-26 00:02,domorro_,pt,Dead by Daylight,DBD + MARVEL <3  {{ DBD 3500 HORAS }]] #DOMORROPARTNER / / @DOMORRO nas redes !comandos !sub,"['bissexual', 'jogandocomespectadores', 'multijogador', 'online', 'Drops', 'competitivo', 'Português', 'LGBTQ', 'TDAH']","['DrugsIntoxication', 'MatureGame', 'ProfanityVulgarity']",True
8,2025-03-26 00:02,DanteVaderTV,pt,Supermarket Together,Vem pro Biroska!  - Especial de Aniversario (dia 33) [ +18 / !sr on / !loja / !pokecatch],['Português'],"['ProfanityVulgarity', 'ViolentGraphic']",False
9,2025-03-26 00:11,Cooruja,pt,Overwatch 2,[ !DROP Faster] 5 Lootbox free! !Sorteio LESSERAFIM e !LendariaFree !eternus !Passefree,"['Autismo', 'TDAH', 'SafeSpace', 'Pai', 'Overwatch', 'Português', '4fun', 'OW2Season15', 'OW2Brasil', 'DropsAtivados']",[],False
9,2025-03-26 00:11,mathg,pt,Just Chatting,Pesadelo na cozinha,"['Português', 'English']",[],False
9,2025-03-26 00:11,beletz_,pt,Fortnite,SORTEIO PASSE DE BATALHA 🔥JOGANDO FORTNITE COM O CHAT ♡ USE O CODE: BELETZ🩵❗sub❗pix ❗code,"['portugues', 'fortnite', 'fortnitetrocacao', 'stream', 'Português', 'girlgamers']",[],False
9,2025-03-26 00:11,KamiKat,pt,League of Legends,LEAGUE OF LEGENDS BR CHALLEnGER - !pix !elo !pro !runa,"['Português', 'LGBT', 'gaymer', 'Gay', 'Aposentado', 'leagueoflegends', 'twinkativo', 'Smolder']",[],False
9,2025-03-26 00:11,Gaules,pt,IRL,RERUN: Casa da Tribo! - !socio - Siga @Gaules nas redes sociais!,['Português'],[],True
9,2025-03-26 00:11,guisobrevivente_,pt,Minecraft,[CAPE] oi bora conversar ?,"['minecraft', 'guisobrevivente', 'tiktok', 'realista', 'shaders', 'construcao', 'conversa', 'amigavel', 'Português', 'RecompensasEspetadores']",[],False
9,2025-03-26 00:11,Nofaxu,pt,Minecraft,Minecraft Create Cidade Mecanica - Planejando o Projeto do Video de Amanha,"['Português', 'survíval', 'Engineering', 'engineer', 'factory', 'RecompensasEspetadores']",[],True
9,2025-03-26 00:11,TioVedson,pt,Minecraft,VirtuCraft: servidor aberto - !f9 !bença #OTB @donnadeh @teeckot,"['Rock', 'OTB', 'Tiozão', 'PiadadeTiozão', 'SlowRun', 'Português', 'GamerCasual', 'Grêmio', 'EuroTruckSimulator2', 'minecraft']",[],False
9,2025-03-26 00:11,Felps,pt,CoinBlock Clicker,42 | QUEM?! ████ 🚨 𝗔𝗩𝗜𝗦𝗢: [05/04 - 16:00] Live de 24 Horas INVERTIDAS (e divertidas).,"['Felps', 'Variedade', 'Português', 'FelpsFelps', 'FelpsFelpsFelps', 'FelpsFelpsFelpsFelps', 'FelpsFelpsFelpsFelpsFelps']",[],False
10,2025-03-26 00:19,Cooruja,pt,Overwatch 2,[ !DROP Faster] 5 Lootbox free! !Sorteio LESSERAFIM e !LendariaFree !eternus !Passefree,"['Autismo', 'TDAH', 'SafeSpace', 'Pai', 'Overwatch', 'Português', '4fun', 'OW2Season15', 'OW2Brasil', 'DropsAtivados']",[],False
10,2025-03-26 00:19,KamiKat,pt,League of Legends,LEAGUE OF LEGENDS BR CHALLEnGER - !pix !elo !pro !runa,"['Português', 'LGBT', 'gaymer', 'Gay', 'Aposentado', 'leagueoflegends', 'twinkativo', 'Smolder']",[],False
10,2025-03-26 00:19,mathg,pt,Just Chatting,Pesadelo na cozinha,"['Português', 'English']",[],False
10,2025-03-26 00:19,beletz_,pt,Fortnite,SORTEIO PASSE DE BATALHA 🔥JOGANDO FORTNITE COM O CHAT ♡ USE O CODE: BELETZ🩵❗sub❗pix ❗code,"['portugues', 'fortnite', 'fortnitetrocacao', 'stream', 'Português', 'girlgamers']",[],False
10,2025-03-26 00:19,guisobrevivente_,pt,Minecraft,[CAPE] oi bora conversar ?,"['minecraft', 'guisobrevivente', 'tiktok', 'realista', 'shaders', 'construcao', 'conversa', 'amigavel', 'Português', 'RecompensasEspetadores']",[],False
10,2025-03-26 00:19,Gaules,pt,IRL,RERUN: Casa da Tribo! - !socio - Siga @Gaules nas redes sociais!,['Português'],[],True
10,2025-03-26 00:19,Brederodess,pt,Tibia,!ABRIL VAI SER DOIDO NO RÂBIIII!   - !BAG  !RUBINOT  !Dracoins !Discord !GRUPO,"['Tibia', 'rubinot', 'Português']",[],False
10,2025-03-26 00:19,Rubini,pt,Grand Theft Auto V,@Rubini [18+] (57/300) Prodigy Brazil - B.Komarov -  WWW.RUBINOT.COM - !loja !rubinot !transfer !reidoscoins,"['Português', 'NoPixel', 'NoPixelSA', 'GTA', 'Medivia', 'MMORPG', 'Tibia', 'Rubinot', 'CDA', 'HolidayHoopla']","['MatureGame', 'ProfanityVulgarity']",True
10,2025-03-26 00:19,Sativobr,pt,Tibia,⚔️ SERVICE EK 425 FULL SET 🔥 MAIS TARDE O MS 🏹,"['gameplay', 'Português', 'Tibia', 'tibiaglobal', 'TibiaAovivo', 'tíbia', 'tibiagameplay', 'TibiaEK']",[],False
11,2025-03-26 00:30,Cooruja,pt,Overwatch 2,[ !DROP Faster] 5 Lootbox free! !Sorteio LESSERAFIM e !LendariaFree !eternus !Passefree,"['Autismo', 'TDAH', 'SafeSpace', 'Pai', 'Overwatch', 'Português', '4fun', 'OW2Season15', 'OW2Brasil', 'DropsAtivados']",[],False
11,2025-03-26 00:30,beletz_,pt,Fortnite,SORTEIO PASSE DE BATALHA 🔥JOGANDO FORTNITE COM O CHAT ♡ USE O CODE: BELETZ🩵❗sub❗pix ❗code,"['portugues', 'fortnite', 'fortnitetrocacao', 'stream', 'Português', 'girlgamers']",[],False
11,2025-03-26 00:30,KamiKat,pt,League of Legends,LEAGUE OF LEGENDS BR CHALLEnGER - !pix !elo !pro !runa,"['Português', 'LGBT', 'gaymer', 'Gay', 'Aposentado', 'leagueoflegends', 'twinkativo', 'Smolder']",[],False
11,2025-03-26 00:30,mathg,pt,Just Chatting,Pesadelo na cozinha,"['Português', 'English']",[],False
11,2025-03-26 00:30,guisobrevivente_,pt,Minecraft,[CAPE] oi bora conversar ?,"['minecraft', 'guisobrevivente', 'tiktok', 'realista', 'shaders', 'construcao', 'conversa', 'amigavel', 'Português', 'RecompensasEspetadores']",[],False
11,2025-03-26 00:30,Gaules,pt,IRL,RERUN: Casa da Tribo! - !socio - Siga @Gaules nas redes sociais!,['Português'],[],True
11,2025-03-26 00:30,jukes,pt,Virtual Casino,CIRCUITAO BIG CONFRONTOS HJ --- LEAGUE OF LEGENDS CIENCIA MODE YES YES --- RAVENQUESTUS  --- CASSINEBAS?? HMM xdd   !loco !pix !ravenquest,['Português'],['Gambling'],False
11,2025-03-26 00:30,gORDOx,pt,League of Legends,7 DERROTAS SEGUIDAS RESETANDO O MENTAL -  CORRENDO DE SMURFS  !pix !loja,"['gordox', 'cs', 'cs2', 'lol', 'leagueoflegends', 'Português']",[],False
11,2025-03-26 00:30,NicoleDiretora,pt,League of Legends,MONO LEBLANC ❤️ Sala de espera pro REWORK ❗pix ❗overclock,['Português'],[],False
12,2025-03-26 04:01,Cooruja,pt,Overwatch 2,[ !DROP Faster] 5 Lootbox free! !Sorteio LESSERAFIM e !LendariaFree !eternus !Passefree,"['Autismo', 'TDAH', 'SafeSpace', 'Pai', 'Overwatch', 'Português', '4fun', 'OW2Season15', 'OW2Brasil', 'DropsAtivados']",[],False
12,2025-03-26 04:01,Gaules,pt,IRL,RERUN: Casa da Tribo - !socio - Siga @Gaules nas redes sociais!,['Português'],[],True
12,2025-03-26 04:01,avndeus,pt,Counter-Strike,🔴 RERUN - LOJA TOTALMENTE RENOVADA - SÓ VEM FARMAR (SUB 4X) !LOJA NO CHAT,"['CS2', 'cs2faceit', 'ga', 'gamersclubcs', 'Português']",['MatureGame'],False
12,2025-03-26 04:01,loud_coringa,pt,Grand Theft Auto V,E PACIENCIA E PACIENCIA NE MEU FI,['Português'],"['Gambling', 'MatureGame']",False
12,2025-03-26 04:02,iShadowWolf_,pt,Fortnite,(+18) Livezinha Muito Doida!   ||   (❗comandos ❗metas ❗drops)   ||   (Epic Code: SHADOWOLF),['Português'],[],False
12,2025-03-26 04:02,waveigl,pt,VALORANT,+18 🔞 WAVEIGL ❤️ VELHO TILTADO SEM SKILL NO JOGO DE FADA,['Português'],['ProfanityVulgarity'],False
12,2025-03-26 04:02,procedural_,en,Sea of Thieves,OBSIDIAN DROPS! + Solo Sloop PVP,"['PVP', 'Pirate', 'SeaOfThieves', 'Chill', 'English', 'Piano', 'SeaOfThievesPartner', 'Drops', 'DropsEnabled']",[],False
12,2025-03-26 04:02,CJSHIZ,en,Sea of Thieves,🟢OBSIDIAN !DROPS 🟢 #1 RANKED ADVENTURE PRO SOTER 🟢 !yt !merch !gfuel !giveaway 🟢,"['PvP', 'SeaOfThievesPartner', 'Giveaway', 'English', 'GFUEL', 'DropsEnabled']",[],False
12,2025-03-26 04:02,theb,en,Sea of Thieves,🟨OBSIDIAN DROPS🟨 EVIL PVP PIRATE STREAM RAHHH 🏴‍☠️🏴‍☠️🏴‍☠️💥💥💥 @crud,"['pvp', 'pirategame', 'lootswindling', 'English', 'DropsEnabled']",[],False
13,2025-03-26 04:10,Cooruja,pt,Overwatch 2,[ !DROP Faster] 5 Lootbox free! !Sorteio LESSERAFIM e !LendariaFree !eternus !Passefree,"['Autismo', 'TDAH', 'SafeSpace', 'Pai', 'Overwatch', 'Português', '4fun', 'OW2Season15', 'OW2Brasil', 'DropsAtivados']",[],False
13,2025-03-26 04:10,Gaules,pt,IRL,RERUN: Casa da Tribo - !socio - Siga @Gaules nas redes sociais!,['Português'],[],True
13,2025-03-26 04:10,avndeus,pt,Counter-Strike,🔴 RERUN - LOJA TOTALMENTE RENOVADA - SÓ VEM FARMAR (SUB 4X) !LOJA NO CHAT,"['CS2', 'cs2faceit', 'ga', 'gamersclubcs', 'Português']",['MatureGame'],False
13,2025-03-26 04:10,loud_coringa,pt,Grand Theft Auto V,E PACIENCIA E PACIENCIA NE MEU FI,['Português'],"['Gambling', 'MatureGame']",False
13,2025-03-26 04:10,iShadowWolf_,pt,Fortnite,(+18) Livezinha Muito Doida!   ||   (❗comandos ❗metas ❗drops)   ||   (Epic Code: SHADOWOLF),['Português'],[],False
13,2025-03-26 04:10,waveigl,pt,VALORANT,+18 🔞 WAVEIGL ❤️ VELHO TILTADO SEM SKILL NO JOGO DE FADA,['Português'],['ProfanityVulgarity'],False
13,2025-03-26 04:11,donkgord0,pt,Counter-Strike,🕺🏻💪🏻😎🦜+18 COSTAS/BICEPS +30MIN BIKE @ckzao ONLINE❗RAINGG  🤪 !!❗neshastore  ❗gamearena❗csgoskins,"['CSGO', 'FPS', 'GAMERSCLUB', 'GC', 'LVL20', 'Português', 'lol', 'leagueoflegends', 'moba']",['MatureGame'],False
13,2025-03-26 04:11,cogu,pt,Counter-Strike,LEGACY COGU -  Cade meu cssss??❗️cortes ❗️sociais ❗️nesha ❗️csgofast ❗️oração,"['cs', 'Português']",['MatureGame'],False
13,2025-03-26 04:11,ale_apoka,pt,Assassin's Creed Shadows,ASSASSINS CREED DO APOKÃO VINDO QUENTE !RERUN! !keydrop !pirate - Me siga @ale_apoka,"['tribo', 'Português', 'DropsAtivados']",['MatureGame'],False
14,2025-03-26 04:21,Cooruja,pt,Overwatch 2,[ !DROP Faster] 5 Lootbox free! !Sorteio LESSERAFIM e !LendariaFree !eternus !Passefree,"['Autismo', 'TDAH', 'SafeSpace', 'Pai', 'Overwatch', 'Português', '4fun', 'OW2Season15', 'OW2Brasil', 'DropsAtivados']",[],False
14,2025-03-26 04:21,Gaules,pt,IRL,RERUN: Casa da Tribo - !socio - Siga @Gaules nas redes sociais!,['Português'],[],True
14,2025-03-26 04:21,avndeus,pt,Counter-Strike,🔴 RERUN - LOJA TOTALMENTE RENOVADA - SÓ VEM FARMAR (SUB 4X) !LOJA NO CHAT,"['CS2', 'cs2faceit', 'ga', 'gamersclubcs', 'Português']",['MatureGame'],False
14,2025-03-26 04:21,theb,en,Sea of Thieves,🟨OBSIDIAN DROPS🟨 EVIL PVP PIRATE STREAM RAHHH 🏴‍☠️🏴‍☠️🏴‍☠️💥💥💥 @crud,"['pvp', 'pirategame', 'lootswindling', 'English', 'DropsEnabled']",[],False
14,2025-03-26 04:21,loud_coringa,pt,Grand Theft Auto V,E PACIENCIA E PACIENCIA NE MEU FI,['Português'],"['Gambling', 'MatureGame']",False
14,2025-03-26 04:21,waveigl,pt,VALORANT,+18 🔞 WAVEIGL ❤️ VELHO TILTADO SEM SKILL NO JOGO DE FADA,['Português'],['ProfanityVulgarity'],False
14,2025-03-26 04:21,boraic0,pt,Minecraft,"GTA RP-TAMO COM MAIS UM PENTE DE 16GB ! ""vamo ve se vai travar"" 🙏 !pix","['boraic', 'portugués', 'GTARP', 'Português', 'Reposição', 'RecompensasEspetadores']","['DrugsIntoxication', 'ProfanityVulgarity', 'ViolentGraphic']",False
14,2025-03-26 04:21,jacarepereira,pt,Grand Theft Auto V,"+18 GTARP [CAPITAL] Mano a Mano  pra mim é esporte""",['Português'],['MatureGame'],False
14,2025-03-26 04:21,Oliveirawp,pt,League of Legends,+18 [CONNECT HYPE] 06 DIA DE OLIVATHON !Pix,"['gtaonline', 'PaulinhoLoko', 'Português', 'subathon', 'ConnectHype', 'ppg', 'Hype', 'Metropole', 'Bkinho', 'loudcoringa']",['ProfanityVulgarity'],True
15,2025-03-26 08:01,Cooruja,pt,Overwatch 2,[ !DROP Faster] 5 Lootbox free! !Sorteio LESSERAFIM e !LendariaFree !eternus !Passefree,"['Autismo', 'TDAH', 'SafeSpace', 'Pai', 'Overwatch', 'Português', '4fun', 'OW2Season15', 'OW2Brasil', 'DropsAtivados']",[],False
15,2025-03-26 08:01,avndeus,pt,Counter-Strike,🔴 RERUN - LOJA TOTALMENTE RENOVADA - SÓ VEM FARMAR (SUB 4X) !LOJA NO CHAT,"['CS2', 'cs2faceit', 'ga', 'gamersclubcs', 'Português']",['MatureGame'],False
15,2025-03-26 08:01,DexterHQ,pt,Minecraft,>>DROP CAPA- HARDCORE 1.21.4 8100+ DIAS SEM TOTEM !capa !codigo !tiktok !insta,"['hardcore', 'hardmode', 'sobrevivencia', 'semtotem', 'construir', 'Farming', 'Português', 'minecraft', 'EventosEspeciales', 'minecraftlive']",[],False
15,2025-03-26 08:01,Gaules,pt,IRL,RERUN: Casa da Tribo - !socio - Siga @Gaules nas redes sociais!,['Português'],[],True
15,2025-03-26 08:01,loud_coringa,pt,Just Chatting,É PACIENCIA E PACIENCIA NÉ MEU FI,['Português'],['Gambling'],False
15,2025-03-26 08:01,EiMine77,pt,Minecraft,✅ RECOMPENSAS ON! | ⭐ SEJA RÁPIDO E GANHE UMA CAPA DE GRAÇA: !CAPA | 💘 INSTAGRAM: @EIMINE77 | !ajuda !rerun !sub !subgratis !loja,"['Minecraft', 'EiMine', 'Português', 'RecompensasEspetadores']",[],False
15,2025-03-26 08:01,RyanFeer,pt,Grand Theft Auto V,"(CDA/PRODIGY) Um Grande Dia,Pra alguém","['Português', 'CDA', 'gta', 'fivem', 'RP', 'PvP', 'metropole', 'cpx', 'CAPITAL', 'ProdigyRP']",['MatureGame'],False
15,2025-03-26 08:02,todo_mundo_love_chris,pt,Just Chatting,🛑![REACT] 🛑Todo mundo o chris [Otima qualidade][Ultra HD],['Português'],[],False
15,2025-03-26 08:02,GihPilotto,pt,Call of Duty: Warzone,NAS QUARTAS USAMOS ROSA - SQUAD FEMININO🌸 | @gihpilotto nas redes sociais ❗evzen ❗pix ❗YT,"['Português', 'Warzone', 'CallOfDuty', 'FPS', 'Ranked']",['MatureGame'],False
16,2025-03-26 08:12,Cooruja,pt,Overwatch 2,[ !DROP Faster] 5 Lootbox free! !Sorteio LESSERAFIM e !LendariaFree !eternus !Passefree,"['Autismo', 'TDAH', 'SafeSpace', 'Pai', 'Overwatch', 'Português', '4fun', 'OW2Season15', 'OW2Brasil', 'DropsAtivados']",[],False
16,2025-03-26 08:12,avndeus,pt,Counter-Strike,🔴 RERUN - LOJA TOTALMENTE RENOVADA - SÓ VEM FARMAR (SUB 4X) !LOJA NO CHAT,"['CS2', 'cs2faceit', 'ga', 'gamersclubcs', 'Português']",['MatureGame'],False
16,2025-03-26 08:12,DexterHQ,pt,Minecraft,>>DROP CAPA- HARDCORE 1.21.4 8100+ DIAS SEM TOTEM !capa !codigo !tiktok !insta,"['hardcore', 'hardmode', 'sobrevivencia', 'semtotem', 'construir', 'Farming', 'Português', 'minecraft', 'EventosEspeciales', 'minecraftlive']",[],False
16,2025-03-26 08:12,Gaules,pt,IRL,RERUN: Casa da Tribo - !socio - Siga @Gaules nas redes sociais!,['Português'],[],True
16,2025-03-26 08:12,loud_coringa,pt,Just Chatting,É PACIENCIA E PACIENCIA NÉ MEU FI,['Português'],['Gambling'],False
16,2025-03-26 08:13,aatonz,pt,Sea of Thieves,🟢🟡DROPS ON🟡🟢Todos os Drops meia hora antes!!Somente pra quem chegar 30 minutos mais cedo!! E ATUALIZAÇÃO S15.2 vem AMANHÃ!!! BOM DIA!!,"['casual', 'engraçado', 'pirata', 'English', 'Português', 'Yoda', 'Gaules', 'LigadoJorel', 'giveaway', 'DropsAtivados']",[],False
16,2025-03-26 08:13,s1nistru,pt,Counter-Strike,UM MERO MORTAL SEM AUXILIARES BUSCANDO O TOP1 PREMMIER !skinsvip,['Português'],['MatureGame'],False
16,2025-03-26 08:13,annarainha,pt,Counter-Strike,me ajude a ficar bonita kakaka go cs2 ate amanha,['Português'],"['DrugsIntoxication', 'MatureGame']",False
16,2025-03-26 08:13,BrunoBalloni,pt,Counter-Strike,🔴RERUN!!! -> ❗csgocases ❗regraloja❗farm ❗sub ❗msg ❗loja,"['Português', 'fps', 'Brasil', 'counterstrike', 'cs', 'cs2', 'brazil']",['MatureGame'],False
17,2025-03-26 08:22,Cooruja,pt,Overwatch 2,[ !DROP Faster] 5 Lootbox free! !Sorteio LESSERAFIM e !LendariaFree !eternus !Passefree,"['Autismo', 'TDAH', 'SafeSpace', 'Pai', 'Overwatch', 'Português', '4fun', 'OW2Season15', 'OW2Brasil', 'DropsAtivados']",[],False
17,2025-03-26 08:23,Gaules,pt,IRL,RERUN: Casa da Tribo - !socio - Siga @Gaules nas redes sociais!,['Português'],[],True
17,2025-03-26 08:23,avndeus,pt,Counter-Strike,🔴 RERUN - LOJA TOTALMENTE RENOVADA - SÓ VEM FARMAR (SUB 4X) !LOJA NO CHAT,"['CS2', 'cs2faceit', 'ga', 'gamersclubcs', 'Português']",['MatureGame'],False
17,2025-03-26 08:23,loud_coringa,pt,Call of Duty,É PACIENCIA E PACIENCIA NÉ MEU FI,['Português'],['Gambling'],False
17,2025-03-26 08:23,hazaprp,pt,Grand Theft Auto V,+18 PRODIGY RP -  Em busca do progresso🥷🏿 - !LIVEPIX !PRODIGY,"['RP', 'Português', 'ProdigyRP']",['MatureGame'],False
17,2025-03-26 08:23,aatonz,pt,Sea of Thieves,🟢🟡DROPS ON🟡🟢Todos os Drops meia hora antes!!Somente pra quem chegar 30 minutos mais cedo!! E ATUALIZAÇÃO S15.2 vem AMANHÃ!!! BOM DIA!!,"['casual', 'engraçado', 'pirata', 'English', 'Português', 'Yoda', 'Gaules', 'LigadoJorel', 'giveaway', 'DropsAtivados']",[],False
17,2025-03-26 08:23,miguelitodoarrocha,pt,EA Sports FC 25,💥packs e Rivais em busca dos 35 pontos  - bem vindos a live do Miguelito Do Arrocha,"['Português', 'Portugal', 'Competitivo', 'resenha', 'Resenhando', 'ultimateteam', 'fifa', 'EAFC', 'eafc25', 'eafcsports']",[],False
17,2025-03-26 08:23,Fifandrade,pt,EA Sports FC 25,4 PPs de ICON E PACK DE 525K EM BUSCA DO R9 + KANE DO EVENTO NO RIVALS! !donate1 !donate2 !coins !sub !pix,"['Português', 'eaesports', 'EAFC', 'eafc25', 'ultimateteam', 'fc25', 'fc25gameplay']",[],False
17,2025-03-26 08:23,xGuuhGabrielx,pt,EA Sports FC 25,"Rivals Subindo pra Elite em 3 Contas, DMEs, Packs e Resenha | DIGITE !Livepix !cliente !grupo !sorteio !meta","['EASPORTS', 'EAFC', 'eafc25', 'ultimateteam', 'fc25', 'fc25gameplay', 'Português', 'Paivinha29', 'Carpentieri', 'Adolfz']",[],False
18,2025-03-26 12:01,paivinha29,pt,EA Sports FC 25,EVO DO RONALDO NO BRASFUT+ CHUVA D ICONS EM BUSCA DOS BR ELITE+ HYPE  !CURSO  !COINS  !TRUST  !TRADE,"['Português', 'paivinha29', 'Futebol', 'entretenimiento']",[],False
18,2025-03-26 12:01,Galubel,pt,Genshin Impact,[+18] [DROPS ON!] A 5.5 está entre nós!,"['Português', 'Gacha', 'GachaGaming', 'LGTBQFriendly', 'PngVtuber', 'variados', 'DropsAtivados']",['ProfanityVulgarity'],True
18,2025-03-26 12:01,Cooruja,pt,Overwatch 2,[ !DROP Faster] 5 Lootbox free! !Sorteio LESSERAFIM e !LendariaFree !eternus !Passefree,"['Autismo', 'TDAH', 'SafeSpace', 'Pai', 'Overwatch', 'Português', '4fun', 'OW2Season15', 'OW2Brasil', 'DropsAtivados']",[],False
18,2025-03-26 12:01,loud_coringa,pt,Call of Duty,É PACIENCIA E PACIENCIA NÉ MEU FI,['Português'],['Gambling'],False
18,2025-03-26 12:01,aatonz,pt,Sea of Thieves,🟢🟡DROPS ON🟡🟢Todos os Drops meia hora antes!!Somente pra quem chegar 30 minutos mais cedo!! E ATUALIZAÇÃO S15.2 vem AMANHÃ!!! BOM DIA!!,"['casual', 'engraçado', 'pirata', 'English', 'Português', 'Yoda', 'Gaules', 'LigadoJorel', 'giveaway', 'DropsAtivados']",[],False
18,2025-03-26 12:01,EiMine77,pt,Minecraft,✅ RECOMPENSAS ON! | ⭐ SEJA RÁPIDO E GANHE UMA CAPA DE GRAÇA: !CAPA | 💘 INSTAGRAM: @EIMINE77 | !ajuda !rerun !sub !subgratis !loja,"['Minecraft', 'EiMine', 'Português', 'RecompensasEspetadores']",[],False
18,2025-03-26 12:01,y4s_,pt,Counter-Strike,LOBBETINHA HJ 🔥 !nesha !csgofast !forcedrop !clash,"['Português', 'y4s', 'GamersClub', 'csgo', 'lobby', 'faceit', 'farm', 'dicas', 'cs2', 'sorteio']",['MatureGame'],False
18,2025-03-26 12:01,mwhs,pt,Counter-Strike,Quarta OPEN dos guri !COMUNIDADE !SCORPION !KEYDROP !COACH,"['gameplay', 'competitivo', 'professor', 'Português', 'Reposição']",['MatureGame'],True
18,2025-03-26 12:01,Fomynha,pt,Counter-Strike,#Sorteio MENSAL CSGONET - 10 Facas Freehand ❗️CSGONET ❗️INSANE ❗️SORTEIOS ❗️RIFAS ❗️SITE ❗️EXTENSAO #Siga nas redes sociais,"['Português', 'csgonet', 'lojinha', 'sorteio', 'skins', 'csgo', 'farmskins', 'giveway']",['MatureGame'],False
19,2025-03-26 12:12,Galubel,pt,Genshin Impact,[+18] [DROPS ON!] A 5.5 está entre nós!,"['Português', 'Gacha', 'GachaGaming', 'LGTBQFriendly', 'PngVtuber', 'variados', 'DropsAtivados']",['ProfanityVulgarity'],True
19,2025-03-26 12:12,Cooruja,pt,Overwatch 2,[ !DROP Faster] 5 Lootbox free! !Sorteio LESSERAFIM e !LendariaFree !eternus !Passefree,"['Autismo', 'TDAH', 'SafeSpace', 'Pai', 'Overwatch', 'Português', '4fun', 'OW2Season15', 'OW2Brasil', 'DropsAtivados']",[],False
19,2025-03-26 12:12,paivinha29,pt,EA Sports FC 25,EVO DO RONALDO NO BRASFUT+ CHUVA D ICONS EM BUSCA DOS BR ELITE+ HYPE  !CURSO  !COINS  !TRUST  !TRADE,"['Português', 'paivinha29', 'Futebol', 'entretenimiento']",[],False
19,2025-03-26 12:12,loud_coringa,pt,Call of Duty,É PACIENCIA E PACIENCIA NÉ MEU FI,['Português'],['Gambling'],False
19,2025-03-26 12:12,aatonz,pt,Sea of Thieves,🟢🟡DROPS ON🟡🟢Todos os Drops meia hora antes!!Somente pra quem chegar 30 minutos mais cedo!! E ATUALIZAÇÃO S15.2 vem AMANHÃ!!! BOM DIA!!,"['casual', 'engraçado', 'pirata', 'English', 'Português', 'Yoda', 'Gaules', 'LigadoJorel', 'giveaway', 'DropsAtivados']",[],False
19,2025-03-26 12:12,EiMine77,pt,Minecraft,✅ RECOMPENSAS ON! | ⭐ SEJA RÁPIDO E GANHE UMA CAPA DE GRAÇA: !CAPA | 💘 INSTAGRAM: @EIMINE77 | !ajuda !rerun !sub !subgratis !loja,"['Minecraft', 'EiMine', 'Português', 'RecompensasEspetadores']",[],False
19,2025-03-26 12:12,bonilhinha,pt,Dead by Daylight,☀️Bom dia...Venha me fazer companhia!,"['aconchegante', 'relaxante', 'iniciante', 'calmo', 'acolhedor', 'pngtuber', 'Português']",['MatureGame'],False
19,2025-03-26 12:12,gshiba,pt,Call of Boba,Batendo em carro e fazendo bubble tea |❗️points❗️loja❗️sorteio❗️camiseta,"['DicçãoRuim', 'Conversação', 'Assustado', 'JogadorCasual', 'Português', 'EspaçoSeguro', 'PrimeiraJogada', 'LGBTQIAPFriendly', 'callofboba', 'Wreckfest2']",[],False
19,2025-03-26 12:12,lily_soad_,pt,Fortnite,fortnite com os amigos,"['seguidores', 'salvegalera', 'bemvindos', 'Clip', 'Português']",[],True
20,2025-03-26 12:19,Galubel,pt,Genshin Impact,[+18] [DROPS ON!] A 5.5 está entre nós!,"['Português', 'Gacha', 'GachaGaming', 'LGTBQFriendly', 'PngVtuber', 'variados', 'DropsAtivados']",['ProfanityVulgarity'],True
20,2025-03-26 12:19,paivinha29,pt,EA Sports FC 25,EVO DO RONALDO NO BRASFUT+ CHUVA D ICONS EM BUSCA DOS BR ELITE+ HYPE  !CURSO  !COINS  !TRUST  !TRADE,"['Português', 'paivinha29', 'Futebol', 'entretenimiento']",[],False
20,2025-03-26 12:19,loud_coringa,pt,Call of Duty,É PACIENCIA E PACIENCIA NÉ MEU FI,['Português'],['Gambling'],False
20,2025-03-26 12:19,aatonz,pt,Sea of Thieves,🟢🟡DROPS ON🟡🟢Todos os Drops meia hora antes!!Somente pra quem chegar 30 minutos mais cedo!! E ATUALIZAÇÃO S15.2 vem AMANHÃ!!! BOM DIA!!,"['casual', 'engraçado', 'pirata', 'English', 'Português', 'Yoda', 'Gaules', 'LigadoJorel', 'giveaway', 'DropsAtivados']",[],False
20,2025-03-26 12:19,EiMine77,pt,Minecraft,✅ RECOMPENSAS ON! | ⭐ SEJA RÁPIDO E GANHE UMA CAPA DE GRAÇA: !CAPA | 💘 INSTAGRAM: @EIMINE77 | !ajuda !rerun !sub !subgratis !loja,"['Minecraft', 'EiMine', 'Português', 'RecompensasEspetadores']",[],False
20,2025-03-26 12:19,Nofaxu,pt,Minecraft,Minecraft Create Cidade Mecanica - Gravação Ep. 09 - Powerplant,"['Português', 'survíval', 'Engineering', 'engineer', 'factory', 'RecompensasEspetadores']",[],True
20,2025-03-26 12:19,Sanry,pt,Dead by Daylight,KILLER PRO  - !PIX !COMOLOOPAR !COMOJOGAR !APRENDADBD,"['Bopezera', 'Português', 'JopaDBD', 'terror', 'ShirtMySurvivor', 'IntoTheFog', 'jogodeterror', 'jogosdeterror']",['MatureGame'],False
20,2025-03-26 12:19,ThatMauroo,pt,Dead by Daylight,[+18] Acordando pronta pra T-Dormir,"['Português', 'LGBT', 'LGBTQIAPIus', 'English', 'Español', 'holidayhoopla']",['MatureGame'],False
20,2025-03-26 12:19,Joaozinhown,pt,The Last of Us Part I,Sem DBD até zerar TLOU !morreu !pix,"['Português', 'Desumilde']",['MatureGame'],False
0,2025-03-26 18:55,sacy,pt,VALORANT,MIBR ACADEMY 1x1 AGROPESCA JACARE - #VCBWATCHPARTY,['Português'],[],False
0,2025-03-26 18:56,waveigl,pt,Counter-Strike,+18 🔞 WAVEIGL ❤️,['Português'],"['MatureGame', 'ProfanityVulgarity']",False
0,2025-03-26 18:56,ofernandomaidana,pt,Sea of Thieves,DROPS 🟢 ALEGRIA E PIRATARIA !cmd !playlist,"['Português', 'seaofthieves', 'pirata', 'SongRequests', 'songrequest', 'SeaOfThievesPartner', 'SeaofThievesgameplay', 'English', 'DropsAtivados']",[],False
0,2025-03-26 18:56,Cooruja,pt,Overwatch 2,[ !DROP Faster] 5 Lootbox free! !Sorteio LESSERAFIM e !LendariaFree !eternus !Passefree,"['Autismo', 'TDAH', 'SafeSpace', 'Pai', 'Overwatch', 'Português', '4fun', 'OW2Season15', 'OW2Brasil', 'DropsAtivados']",[],False
0,2025-03-26 18:56,MORGANITA,pt,Overwatch 2,DROPS ON!!!!! AJUDA NA META?,"['Competitivo', 'Português', 'PlayingwithViewers', 'ConversandoComOChat', 'Casual', 'CasualPlaytrough', 'DropsAtivados']",[],False
0,2025-03-26 18:56,EiMine77,pt,Minecraft,✅ RECOMPENSAS ON! | ⭐ SEJA RÁPIDO E GANHE UMA CAPA DE GRAÇA: !CAPA | 💘 INSTAGRAM: @EIMINE77 | !ajuda !rerun !sub !subgratis !loja,"['Minecraft', 'EiMine', 'Português', 'RecompensasEspetadores']",[],False
0,2025-03-26 18:56,guhzjnnn,pt,Counter-Strike,(Série B GAMERSCLUB) BURN vs CTRLGAMING ❗cfg ❗pc ❗livepix ❗melbet,"['Português', 'cs2faceit', 'FPL', 'cs2player']",['MatureGame'],False
0,2025-03-26 18:56,ferdepre,pt,Counter-Strike,Watchparty da SERIE A da @gamersclubcs!  FLAMENGO 1 x 1 BESTIA AC,"['Português', 'VALORANＴ', 'CS2', 'fps', 'fifa', 'eafc24', 'proclubs', 'FC24PROCLUBS', 'fifa']",['MatureGame'],False
0,2025-03-26 18:56,barr4k,pt,Counter-Strike,"🟢 !PLAY = R$250,00 SORTEIOS TODA PARTIDA -> MEGA !SORTEIO !MENSAL !CSGOBIG R$4.114,52 -> COMPRO SUAS !SKINS NOVIDADES EM BREVE!","['Português', 'Compre', 'Na', 'Zenith', 'Clothing']",['MatureGame'],True
0,2025-03-26 19:03,sacy,pt,VALORANT,MIBR ACADEMY 1x1 AGROPESCA JACARE - #VCBWATCHPARTY,['Português'],[],False
0,2025-03-26 19:03,waveigl,pt,Counter-Strike,+18 🔞 WAVEIGL ❤️,['Português'],"['MatureGame', 'ProfanityVulgarity']",False
0,2025-03-26 19:03,ofernandomaidana,pt,Sea of Thieves,DROPS 🟢 ALEGRIA E PIRATARIA !cmd !playlist,"['Português', 'seaofthieves', 'pirata', 'SongRequests', 'songrequest', 'SeaOfThievesPartner', 'SeaofThievesgameplay', 'English', 'DropsAtivados']",[],False
0,2025-03-26 19:04,EiMine77,pt,Minecraft,✅ RECOMPENSAS ON! | ⭐ SEJA RÁPIDO E GANHE UMA CAPA DE GRAÇA: !CAPA | 💘 INSTAGRAM: @EIMINE77 | !ajuda !rerun !sub !subgratis !loja,"['Minecraft', 'EiMine', 'Português', 'RecompensasEspetadores']",[],False
0,2025-03-26 19:04,DorSmiley,pt,The Backrooms 1998,🟢Me assustando atoa  Parceiro do @lendasdomar e CSoTBr !Comandos !drops !tdm,"['Ação', 'Aventura', 'Comédia', 'Português', 'Xingamentos', 'seaofthieves', 'PvEPvP', 'SoTPvp', 'seaofthieveseason15']","['MatureGame', 'ProfanityVulgarity']",False
0,2025-03-26 19:04,guisobrevivente_,pt,Minecraft,[CAPE] oi bora conversar ?,"['minecraft', 'guisobrevivente', 'tiktok', 'realista', 'shaders', 'construcao', 'conversa', 'amigavel', 'Português', 'RecompensasEspetadores']",[],False
0,2025-03-26 19:04,HWmalk,pt,Sea of Thieves,☕ DROPS OBSIDIANOS & CAFÉ ☕,"['Português', 'AMA', 'Brasil', 'RPG', 'música', 'Conversação', 'RockRoll', 'Ansiedade', 'Interativo', 'DropsAtivados']",[],False
0,2025-03-26 19:04,RdeCarvalho,pt,Counter-Strike,RJ Simulator | W/L: 0/3 | #2 | !pix !bits !apoie,['Português'],['MatureGame'],False
0,2025-03-26 19:04,Explorador_Preguicoso,pt,Don't Starve Together,Passando 100 dias com o NOVO WALTER - Dont starve together,"['portugués', 'DontStarveTogether', 'DONTSTARVE', 'palworlds', 'Português']",[],False
0,2025-03-26 20:01,pirangueirah,pt,Overwatch 2,[+18] Boa noite  ❤️,"['LGBTQIAMais', 'Português', 'kekel', 'Ele', 'Ela', 'deadbbydaylight', 'fortinite', 'DropsAtivados']",[],False
0,2025-03-26 20:01,leoreis_cs,pt,Counter-Strike,jogando CSGO em 2025 !PIX !venderskin,"['Português', 'counterstrike2', 'CS2']",['MatureGame'],False
0,2025-03-26 20:01,sacy,pt,VALORANT,MIBR SACY - BOA NOITE!!!!!! - !pix !mibr !noping !csgoskins,['Português'],[],False
0,2025-03-26 20:01,waveigl,pt,Counter-Strike,+18 🔞 WAVEIGL ❤️,['Português'],"['MatureGame', 'ProfanityVulgarity']",False
0,2025-03-26 20:01,ofernandomaidana,pt,Sea of Thieves,DROPS 🟢 ALEGRIA E PIRATARIA !cmd !playlist,"['Português', 'seaofthieves', 'pirata', 'SongRequests', 'songrequest', 'SeaOfThievesPartner', 'SeaofThievesgameplay', 'English', 'DropsAtivados']",[],False
0,2025-03-26 20:01,loma_sz,pt,VALORANT,valorant+18 !pix !comandos !clip !discord,"['gamer', 'VALORANＴ', 'Mulher', 'Português']",[],False
0,2025-03-26 20:01,HWmalk,pt,Sea of Thieves,☕ DROPS OBSIDIANOS & CAFÉ ☕,"['Português', 'AMA', 'Brasil', 'RPG', 'música', 'Conversação', 'RockRoll', 'Ansiedade', 'Interativo', 'DropsAtivados']",[],False
0,2025-03-26 20:02,RdeCarvalho,pt,Minecraft,Carvalhistão 4.0 | ONLY SUB | #2 | !pix !bits !apoie,"['Português', 'RecompensasEspetadores']",[],False
0,2025-03-26 20:02,iamcomH,pt,Sea of Thieves,[DROPS ON] AHOY!! Bora caçar o brabo dos mares!! Parceiro do @lendasdomar - !discord !pix !loja !comandos,"['Português', 'Español', 'game', 'conversa', 'seaofthieves', 'DropsAtivados']",[],False
1,2025-03-26 20:11,pirangueirah,pt,Overwatch 2,[+18] Boa noite  ❤️,"['LGBTQIAMais', 'Português', 'kekel', 'Ele', 'Ela', 'deadbbydaylight', 'fortinite', 'DropsAtivados']",[],False
1,2025-03-26 20:11,leoreis_cs,pt,Counter-Strike,jogando CSGO em 2025 !PIX !venderskin,"['Português', 'counterstrike2', 'CS2']",['MatureGame'],False
1,2025-03-26 20:11,sacy,pt,VALORANT,MIBR SACY - BOA NOITE!!!!!! - !pix !mibr !noping !csgoskins,['Português'],[],False
1,2025-03-26 20:11,ofernandomaidana,pt,Sea of Thieves,DROPS 🟢 ALEGRIA E PIRATARIA !cmd !playlist,"['Português', 'seaofthieves', 'pirata', 'SongRequests', 'songrequest', 'SeaOfThievesPartner', 'SeaofThievesgameplay', 'English', 'DropsAtivados']",[],False
1,2025-03-26 20:12,waveigl,pt,Counter-Strike,+18 🔞 WAVEIGL ❤️,['Português'],"['MatureGame', 'ProfanityVulgarity']",False
1,2025-03-26 20:12,loma_sz,pt,VALORANT,valorant+18 !pix !comandos !clip !discord,"['gamer', 'VALORANＴ', 'Mulher', 'Português']",[],False
1,2025-03-26 20:12,LUCAS1,pt,Counter-Strike,🟢 #1 Q u é O t a? !csgoskins !raingg,['Português'],['MatureGame'],False
1,2025-03-26 20:12,sheviiioficial,pt,Just Chatting,IRL COMPRANDO OS KITS PRA LIVE E DEPOIS ACAD,"['Português', 'IRL', 'SHEVI', 'shevii2k']",[],False
1,2025-03-26 20:12,Gaules,pt,Counter-Strike,O PLANO fe vs MIBR fe ESL Impact League S7 SA  - !socio - Siga @Gaules nas redes sociais!,['Português'],['MatureGame'],True
2,2025-03-26 20:19,pirangueirah,pt,Overwatch 2,[+18] Boa noite  ❤️,"['LGBTQIAMais', 'Português', 'kekel', 'Ele', 'Ela', 'deadbbydaylight', 'fortinite', 'DropsAtivados']",[],False
2,2025-03-26 20:19,leoreis_cs,pt,Counter-Strike,jogando CSGO em 2025 !PIX !venderskin,"['Português', 'counterstrike2', 'CS2']",['MatureGame'],False
2,2025-03-26 20:19,sacy,pt,VALORANT,MIBR SACY - BOA NOITE!!!!!! - !pix !mibr !noping !csgoskins,['Português'],[],False
2,2025-03-26 20:19,waveigl,pt,Counter-Strike,+18 🔞 WAVEIGL ❤️,['Português'],"['MatureGame', 'ProfanityVulgarity']",False
2,2025-03-26 20:19,ofernandomaidana,pt,Sea of Thieves,DROPS 🟢 ALEGRIA E PIRATARIA !cmd !playlist,"['Português', 'seaofthieves', 'pirata', 'SongRequests', 'songrequest', 'SeaOfThievesPartner', 'SeaofThievesgameplay', 'English', 'DropsAtivados']",[],False
2,2025-03-26 20:19,loma_sz,pt,VALORANT,valorant+18 !pix !comandos !clip !discord,"['gamer', 'VALORANＴ', 'Mulher', 'Português']",[],False
2,2025-03-26 20:19,Nitrao_,pt,Marvel Rivals,DROPS 100% -  sorteios DE SKINS!!,"['Português', 'DropsAtivados']",[],False
2,2025-03-26 20:19,ClaritySnicket,pt,League of Legends,BOLSONARO PRESOOOO 🎉🎉❗️comandos ❗️pix ❗️Hoje,"['Português', 'rato', 'an4lfabeta', 'locais', 'de', 'fala', 'nordestina', 'patrocínio']",['ProfanityVulgarity'],False
2,2025-03-26 20:19,titanravena_,pt,Overwatch 2,{DROPS!} Mais um dia farmando! 💖✨ -❕pix ❕social❕ravenao❕lurk❕discord,"['Português', 'overwatch2', 'Competitive', 'PvP', 'XboxSeriesS', 'overwatchlivestream', 'overwatchwithfriends', 'overwatchgirl', 'girlgamers', 'DropsAtivados']",[],False
3,2025-03-26 20:29,pirangueirah,pt,Overwatch 2,[+18] Boa noite  ❤️,"['LGBTQIAMais', 'Português', 'kekel', 'Ele', 'Ela', 'deadbbydaylight', 'fortinite', 'DropsAtivados']",[],False
3,2025-03-26 20:29,leoreis_cs,pt,Counter-Strike,jogando CSGO em 2025 !PIX !venderskin,"['Português', 'counterstrike2', 'CS2']",['MatureGame'],False
3,2025-03-26 20:29,sacy,pt,VALORANT,MIBR SACY - BOA NOITE!!!!!! - !pix !mibr !noping !csgoskins,['Português'],[],False
3,2025-03-26 20:29,ofernandomaidana,pt,Sea of Thieves,DROPS 🟢 ALEGRIA E PIRATARIA !cmd !playlist,"['Português', 'seaofthieves', 'pirata', 'SongRequests', 'songrequest', 'SeaOfThievesPartner', 'SeaofThievesgameplay', 'English', 'DropsAtivados']",[],False
3,2025-03-26 20:29,waveigl,pt,Counter-Strike,+18 🔞 WAVEIGL ❤️,['Português'],"['MatureGame', 'ProfanityVulgarity']",False
3,2025-03-26 20:29,Cooruja,pt,Overwatch 2,[ !DROP Faster] 5 Lootbox free! !Sorteio LESSERAFIM e !LendariaFree !eternus !Passefree,"['Autismo', 'TDAH', 'SafeSpace', 'Pai', 'Overwatch', 'Português', '4fun', 'OW2Season15', 'OW2Brasil', 'DropsAtivados']",[],False
3,2025-03-26 20:29,hate_pubgmobile,ru,PUBG Mobile,ИГРАЮ КЛАССИКУ❗РОЗЫГРЫШ 9ШТ БУГАТТИ❗IPAD PRO 11 M4❗ОБНОВЛЕНИЕ - 3.7 - ХЕЙТ C ВЕБКОЙ В ПАБГ МОБАЙЛ❗PUBG MOBILE !tg !donate !yt,['Русский'],[],False
3,2025-03-26 20:29,BLACKXXLP,pt,Garena Free Fire,"AO VIVO🔴APOSTADO ,RANK , SALINHAS 4v4 ❗Pix ❗Sub ❗Bits ❗loja ❗points","['ff', 'Português', '4v4', 'freefire', 'codiguin', 'gamestream', 'GarenaFreeFireLive', 'AMA', 'xtreinoff', 'salinha']",['MatureGame'],False
3,2025-03-26 20:29,m7sv_rosi,es,Call of Duty: Mobile,Volviendo al Codsito,"['ElSalvador', 'JuegosImprovisados', 'Español', 'Freeefire', 'México', 'paimon', 'clashofclans', 'LEGO', 'mariokart', 'bloodstrikegameplay']",['MatureGame'],False
4,2025-03-27 00:01,iShadowWolf_,pt,Sea of Thieves,(+18) Livezinha Muito Doida!   ||   (❗comandos ❗metas ❗drops)   ||   (Epic Code: SHADOWOLF),['Português'],[],False
4,2025-03-27 00:01,waveigl,pt,VALORANT,+18 🔞 WAVEIGL ❤️,['Português'],['ProfanityVulgarity'],False
4,2025-03-27 00:01,EiMine77,pt,Minecraft,✅ RECOMPENSAS ON! | ⭐ SEJA RÁPIDO E GANHE UMA CAPA DE GRAÇA: !CAPA | 💘 INSTAGRAM: @EIMINE77 | !ajuda !rerun !sub !subgratis !loja,"['Minecraft', 'EiMine', 'Português', 'RecompensasEspetadores']",[],False
4,2025-03-27 00:01,loma_sz,pt,VALORANT,valorant+18 !pix !comandos !clip !discord,"['gamer', 'VALORANＴ', 'Mulher', 'Português']",[],False
4,2025-03-27 00:01,guisobrevivente_,pt,Minecraft,[CAPE] oi bora conversar ?,"['minecraft', 'guisobrevivente', 'tiktok', 'realista', 'shaders', 'construcao', 'conversa', 'amigavel', 'Português', 'RecompensasEspetadores']",[],False
4,2025-03-27 00:02,TheYuzuroEffect,pt,Grand Theft Auto V,[+18] Jogando com amigos | GTA V: Enhanced,"['Português', 'Mulher', 'Ultrawide', 'GTAⅤ']",['MatureGame'],False
4,2025-03-27 00:02,LUCAS1,pt,Counter-Strike,🟢 #1 Q u é O t a? !csgoskins !raingg,['Português'],['MatureGame'],False
4,2025-03-27 00:02,JapaDaMydiSkins,pt,Counter-Strike,É grátis os 20 sorteios por live mais de R$11.000 em skins !play para participar,"['Português', 'CounterStriker2', 'risada', 'engraçado', 'skinscsgo', 'skinsgratis', 'sorteiodeskins']",['MatureGame'],False
4,2025-03-27 00:02,will1zeraTV,pt,Counter-Strike,AO VIVO FPL SA  !projetinho !grupo !mira !res !sensi !viewmodel,['Português'],['MatureGame'],False
5,2025-03-27 00:09,iShadowWolf_,pt,Sea of Thieves,(+18) Livezinha Muito Doida!   ||   (❗comandos ❗metas ❗drops)   ||   (Epic Code: SHADOWOLF),"['Português', 'DropsAtivados']",[],False
5,2025-03-27 00:09,mathg,pt,Minecraft,jogos e videos,"['Português', 'English', 'RecompensasEspetadores']",[],False
5,2025-03-27 00:10,waveigl,pt,VALORANT,+18 🔞 WAVEIGL ❤️,['Português'],['ProfanityVulgarity'],False
5,2025-03-27 00:10,loma_sz,pt,VALORANT,valorant+18 !pix !comandos !clip !discord,"['gamer', 'VALORANＴ', 'Mulher', 'Português']",[],False
5,2025-03-27 00:10,EiMine77,pt,Minecraft,✅ RECOMPENSAS ON! | ⭐ SEJA RÁPIDO E GANHE UMA CAPA DE GRAÇA: !CAPA | 💘 INSTAGRAM: @EIMINE77 | !ajuda !rerun !sub !subgratis !loja,"['Minecraft', 'EiMine', 'Português', 'RecompensasEspetadores']",[],False
5,2025-03-27 00:10,guisobrevivente_,pt,Minecraft,[CAPE] oi bora conversar ?,"['minecraft', 'guisobrevivente', 'tiktok', 'realista', 'shaders', 'construcao', 'conversa', 'amigavel', 'Português', 'RecompensasEspetadores']",[],False
5,2025-03-27 00:10,BarvsBrain,en,Talk Shows & Podcasts,BRAIN VS BAR: Movie Masters,['English'],[],False
5,2025-03-27 00:10,wokelanwoke,en,Fortnite,LATEST FORTNITE SEASON DROPS! #hellofreshpartner,['English'],[],False
5,2025-03-27 00:10,popupdave,en,Call of Duty: Warzone,Warzone w/x777Defiance! Come hang out!,"['CallOfDuty', 'Warzone', 'COD', 'CODWarzone', 'activision', 'xbox', 'gaming', 'videogames', 'chillstream', 'English']",['MatureGame'],False
6,2025-03-27 00:20,iShadowWolf_,pt,Sea of Thieves,(+18) Livezinha Muito Doida!   ||   (❗comandos ❗metas ❗drops)   ||   (Epic Code: SHADOWOLF),"['Português', 'DropsAtivados']",[],False
6,2025-03-27 00:20,mathg,pt,Minecraft,jogos e videos,"['Português', 'English', 'RecompensasEspetadores']",[],False
6,2025-03-27 00:20,waveigl,pt,VALORANT,+18 🔞 WAVEIGL ❤️,['Português'],['ProfanityVulgarity'],False
6,2025-03-27 00:20,loma_sz,pt,VALORANT,valorant+18 !pix !comandos !clip !discord,"['gamer', 'VALORANＴ', 'Mulher', 'Português']",[],False
6,2025-03-27 00:20,EiMine77,pt,Minecraft,✅ RECOMPENSAS ON! | ⭐ SEJA RÁPIDO E GANHE UMA CAPA DE GRAÇA: !CAPA | 💘 INSTAGRAM: @EIMINE77 | !ajuda !rerun !sub !subgratis !loja,"['Minecraft', 'EiMine', 'Português', 'RecompensasEspetadores']",[],False
6,2025-03-27 00:20,TheYuzuroEffect,pt,Grand Theft Auto V,[+18] Jogando com amigos | GTA V: Enhanced,"['Português', 'Mulher', 'Ultrawide', 'GTAⅤ']",['MatureGame'],False
6,2025-03-27 00:20,balerothehonest,pt,Counter-Strike,FPL !twitchnova !SCORPION !STARBOOST !pix !donate,"['FPL', 'fplsa', 'fplcs2', 'spray', 'SprayAndPray', 'fyp', 'fy', 'fypシ', 'Português']",['MatureGame'],True
6,2025-03-27 00:20,GOIAMO,pt,Counter-Strike,"Ame sua família, respeite o próximo e sempre confie em Deus🙏🏻!msg !pix !clip !nesha @gamersclubcs",['Português'],['MatureGame'],False
6,2025-03-27 00:20,fer,pt,Counter-Strike,LOBBY DA PANELA MONSTRA @boltz @coldzin @lucas1 @tacocs❗csgoskins ❗keydrop ❗pirateswap 🔥FERFLIX 🔥 +18,['Português'],['MatureGame'],False
7,2025-03-27 00:29,iShadowWolf_,pt,Sea of Thieves,(+18) Livezinha Muito Doida!   ||   (❗comandos ❗metas ❗drops)   ||   (Epic Code: SHADOWOLF),"['Português', 'DropsAtivados']",[],False
7,2025-03-27 00:29,mathg,pt,Minecraft,jogos e videos,"['Português', 'English', 'RecompensasEspetadores']",[],False
7,2025-03-27 00:29,waveigl,pt,VALORANT,+18 🔞 WAVEIGL ❤️,['Português'],['ProfanityVulgarity'],False
7,2025-03-27 00:29,loma_sz,pt,VALORANT,valorant+18 !pix !comandos !clip !discord,"['gamer', 'VALORANＴ', 'Mulher', 'Português']",[],False
7,2025-03-27 00:29,guisobrevivente_,pt,Minecraft,[CAPE] oi bora conversar ?,"['minecraft', 'guisobrevivente', 'tiktok', 'realista', 'shaders', 'construcao', 'conversa', 'amigavel', 'Português', 'RecompensasEspetadores']",[],False
7,2025-03-27 00:29,LipinhOr,pt,Grand Theft Auto V,"RAPAZ, QUASE QUE O PC NÃO LIGA HOJE, DEU 3 TELA AZUL E DEPOIS NÃO INICIAVA MAIS O WINDOWS!","['Português', 'gta', 'roleplay']",['MatureGame'],False
7,2025-03-27 00:29,KUROHANElives,pt,The Legend of Zelda: The Wind Waker,React + Zerando Zelda Wind Waker!!! ✨❗game❗site ❗youtube ❗clip ❗discord ❗zap ❗sorteio❗nimbus,['Português'],[],False
7,2025-03-27 00:29,TiaDaMerenda,pt,Overwatch 2,DROPS ON -  já pegou suas  ❗lootbox da semana??  ❗ow ❗bjoka ❗amigo ❗pix ❗juiz,"['Português', 'conversação', 'Dentrodoslimites', 'iniciante', 'Brasil', 'DDA', 'LGBTQIAsafeplace', 'DropsAtivados']",['SexualThemes'],False
7,2025-03-27 00:29,Cooruja,pt,Split Fiction,ZERANDO COM MOZIM!!! ! ! LESSERAFIM SORTEIO HOJE! JA JA!,"['Autismo', 'TDAH', 'SafeSpace', 'Pai', 'Overwatch', 'Português', '4fun', 'OW2Season15', 'OW2Brasil']",[],False
8,2025-03-27 00:38,iShadowWolf_,pt,Sea of Thieves,(+18) Livezinha Muito Doida!   ||   (❗comandos ❗metas ❗drops)   ||   (Epic Code: SHADOWOLF),"['Português', 'DropsAtivados']",[],False
8,2025-03-27 00:38,mathg,pt,Minecraft,jogos e videos,"['Português', 'English', 'RecompensasEspetadores']",[],False
8,2025-03-27 00:38,waveigl,pt,VALORANT,+18 🔞 WAVEIGL ❤️,['Português'],['ProfanityVulgarity'],False
8,2025-03-27 00:38,annadeneve,pt,R.E.P.O.,[DROPS ON] bora bill la ele pro max ♡ !clip !pix !discord !comandos,"['Mulher', 'bonita', 'engraçada', 'Português', 'ConversandoComOChat', 'DropsAtivados']",[],False
8,2025-03-27 00:38,guisobrevivente_,pt,Minecraft,[CAPE] oi bora conversar ?,"['minecraft', 'guisobrevivente', 'tiktok', 'realista', 'shaders', 'construcao', 'conversa', 'amigavel', 'Português', 'RecompensasEspetadores']",[],False
8,2025-03-27 00:38,zonagaminz,es,7 Days to Die,SERVIDORES ARK ZONAGAMINZ,"['ARK', 'granja', 'campo', 'mate', 'Chile', 'zonagaminz', 'evento', 'juego', 'Peru', 'CONAN']",['MatureGame'],True
8,2025-03-27 00:38,res1st,pt,League of Legends,LOL COM OS PODRES ❗️youtube ❗️prime ❗️pix,"['FPS', 'seaofThieves', 'Sea', 'funny', 'engraçado', 'Português', 'resist']",[],False
8,2025-03-27 00:38,say_zinha,pt,Stardew Valley,"#MAINSURV #DBD SOU UM GODZILLA BOMBADÃO, VENHA JOGAR COMIGO MINI DINOSSAUROS! 😎 #RUMOAOTOPO","['livegamestream', 'Português', 'diversão', 'dbd', 'DBDSurvivorMain', 'JogosVariados', 'amigos', 'MainSurvivor']",['ProfanityVulgarity'],False
9,2025-03-27 04:01,waveigl,pt,VALORANT,+18 🔞 WAVEIGL ❤️,['Português'],['ProfanityVulgarity'],False
9,2025-03-27 04:01,KamiKat,pt,League of Legends,LEAGUE OF LEGENDS BR CHALLEnGER - !pix !elo !pro !runa,"['Português', 'LGBT', 'gaymer', 'Gay', 'Aposentado', 'leagueoflegends', 'twinkativo', 'Smolder']",[],False
9,2025-03-27 04:01,loud_coringa,pt,Just Chatting,alo meu chat da madruga,['Português'],['Gambling'],False
9,2025-03-27 04:01,LipinhOr,pt,Minecraft,"RAPAZ, QUASE QUE O PC NÃO LIGA HOJE, DEU 3 TELA AZUL E DEPOIS NÃO INICIAVA MAIS O WINDOWS!","['Português', 'gta', 'roleplay', 'RecompensasEspetadores']",[],False
9,2025-03-27 04:01,iShadowWolf_,pt,Fortnite,(+18) Livezinha Muito Doida!   ||   (❗comandos ❗metas ❗drops)   ||   (Epic Code: SHADOWOLF),['Português'],[],False
9,2025-03-27 04:01,Gaules,pt,The Quarry,RERUN: The Quarry! - !socio - Siga @Gaules nas redes sociais!,['Português'],['MatureGame'],True
10,2025-03-27 04:09,waveigl,pt,VALORANT,+18 🔞 WAVEIGL ❤️,['Português'],['ProfanityVulgarity'],False
10,2025-03-27 04:09,KamiKat,pt,League of Legends,LEAGUE OF LEGENDS BR CHALLEnGER - !pix !elo !pro !runa,"['Português', 'LGBT', 'gaymer', 'Gay', 'Aposentado', 'leagueoflegends', 'twinkativo', 'Smolder']",[],False
10,2025-03-27 04:10,loud_coringa,pt,Just Chatting,alo meu chat da madruga,['Português'],['Gambling'],False
10,2025-03-27 04:10,LipinhOr,pt,Minecraft,"RAPAZ, QUASE QUE O PC NÃO LIGA HOJE, DEU 3 TELA AZUL E DEPOIS NÃO INICIAVA MAIS O WINDOWS!","['Português', 'gta', 'roleplay', 'RecompensasEspetadores']",[],False
10,2025-03-27 04:10,iShadowWolf_,pt,Fortnite,(+18) Livezinha Muito Doida!   ||   (❗comandos ❗metas ❗drops)   ||   (Epic Code: SHADOWOLF),['Português'],[],False
10,2025-03-27 04:10,Gaules,pt,The Quarry,RERUN: The Quarry! - !socio - Siga @Gaules nas redes sociais!,['Português'],['MatureGame'],True
10,2025-03-27 04:10,Dede,pt,Grand Theft Auto V,PAPITHON DIA 38- DEDSCINE NA SUA TELINHA,['Português'],['MatureGame'],False
10,2025-03-27 04:10,Larissaorp,pt,Grand Theft Auto V,+18 [FRANÇA] SIM EU SOU 24H ON PART 2  @larissaorp !comandos !playlist !pix,"['Português', 'larissinha', 'metropolegg']",['MatureGame'],False
10,2025-03-27 04:10,Oliveirawp,pt,League of Legends,+18 [CONNECT HYPE] 07 DIA DE OLIVATHON !Pix,"['gtaonline', 'PaulinhoLoko', 'Português', 'subathon', 'ConnectHype', 'ppg', 'Hype', 'Metropole', 'Bkinho', 'loudcoringa']",['ProfanityVulgarity'],True
11,2025-03-27 04:20,waveigl,pt,VALORANT,+18 🔞 WAVEIGL ❤️,['Português'],['ProfanityVulgarity'],False
11,2025-03-27 04:20,KamiKat,pt,League of Legends,LEAGUE OF LEGENDS BR CHALLEnGER - !pix !elo !pro !runa,"['Português', 'LGBT', 'gaymer', 'Gay', 'Aposentado', 'leagueoflegends', 'twinkativo', 'Smolder']",[],False
11,2025-03-27 04:20,loud_coringa,pt,Just Chatting,alo meu chat da madruga,['Português'],['Gambling'],False
11,2025-03-27 04:20,LipinhOr,pt,Just Chatting,"RAPAZ, QUASE QUE O PC NÃO LIGA HOJE, DEU 3 TELA AZUL E DEPOIS NÃO INICIAVA MAIS O WINDOWS!","['Português', 'gta', 'roleplay', 'RecompensasEspetadores']",[],False
11,2025-03-27 04:20,iShadowWolf_,pt,Fortnite,(+18) Livezinha Muito Doida!   ||   (❗comandos ❗metas ❗drops)   ||   (Epic Code: SHADOWOLF),['Português'],[],False
11,2025-03-27 04:20,Gaules,pt,The Quarry,RERUN: The Quarry! - !socio - Siga @Gaules nas redes sociais!,['Português'],['MatureGame'],True
11,2025-03-27 04:20,VivsM,pt,Dead by Daylight,"oi, vcs n me odeiam, né? +18 !pix","['valorant', 'game', 'Português', 'humor', 'Acolhedor']",['MatureGame'],False
11,2025-03-27 04:20,Jhenerff,pt,VALORANT,Antes tarde do que mais tarde  -  !pix !elo !tinder,"['interação', 'conversa', 'português', 'ruiva', 'Português', 'fps']",[],False
11,2025-03-27 04:20,ValenteLive,pt,Remnant: From the Ashes,🟢[PTBR] 🎮ฅ/ᐠ｡ꞈ｡ᐟ\ฅ AAAAIIIIII YUUUKIIITTTOOOOO ฅ/ᐠ｡ꞈ｡ᐟ\ฅ🎮🟢❗efeitos❗pix ❗oby #BDTEAM,"['Valente', 'Conversacomochat', 'jogosaleatorios', 'carismatico', 'Trocandoideiasincera', 'Português', 'lugarseguroparaconversar', 'Saúdemental', 'gamestreaming']","['MatureGame', 'ProfanityVulgarity', 'ViolentGraphic']",False
12,2025-03-27 04:27,waveigl,pt,VALORANT,+18 🔞 WAVEIGL ❤️,['Português'],['ProfanityVulgarity'],False
12,2025-03-27 04:27,KamiKat,pt,League of Legends,LEAGUE OF LEGENDS BR CHALLEnGER - !pix !elo !pro !runa,"['Português', 'LGBT', 'gaymer', 'Gay', 'Aposentado', 'leagueoflegends', 'twinkativo', 'Smolder']",[],False
12,2025-03-27 04:27,loud_coringa,pt,Just Chatting,alo meu chat da madruga,['Português'],['Gambling'],False
12,2025-03-27 04:27,iShadowWolf_,pt,Fortnite,(+18) Livezinha Muito Doida!   ||   (❗comandos ❗metas ❗drops)   ||   (Epic Code: SHADOWOLF),['Português'],[],False
12,2025-03-27 04:27,LipinhOr,pt,Just Chatting,"RAPAZ, QUASE QUE O PC NÃO LIGA HOJE, DEU 3 TELA AZUL E DEPOIS NÃO INICIAVA MAIS O WINDOWS!","['Português', 'gta', 'roleplay']",[],False
12,2025-03-27 04:28,Gaules,pt,The Quarry,RERUN: The Quarry! - !socio - Siga @Gaules nas redes sociais!,['Português'],['MatureGame'],True
12,2025-03-27 04:28,EiMine24h,pt,Minecraft,✅ RECOMPENSAS ON! | ⭐ SEJA RÁPIDO E GANHE UMA CAPA DE GRAÇA: !CAPA | 💘 INSTAGRAM: @EIMINE77 | !ajuda !rerun !subgratis !loja,"['Português', 'Minecraft', 'EiMine', 'RecompensasEspetadores']",[],False
12,2025-03-27 04:28,Cooruja,pt,Overwatch 2,[ !DROP Faster] 5 Lootbox free! !Sorteio Widow ARMA MITICA !eternus !Passefree,"['Autismo', 'TDAH', 'SafeSpace', 'Pai', 'Overwatch', 'Português', '4fun', 'OW2Season15', 'OW2Brasil', 'DropsAtivados']",[],False
12,2025-03-27 04:28,ImLeXx15,es,Minecraft,⚡DOMINANDO GENS CON MI CLAN L15⚡Colombia / !discord !tiktok !bits,"['Español', 'Recompensasdeespectador']",[],False
13,2025-03-27 08:01,waveigl,pt,VALORANT,+18 🔞 WAVEIGL ❤️,['Português'],['ProfanityVulgarity'],False
13,2025-03-27 08:01,DexterHQ,pt,Minecraft,>>DROP CAPA- HARDCORE 1.21.4 8100+ DIAS SEM TOTEM !capa !codigo !tiktok !insta,"['hardcore', 'hardmode', 'sobrevivencia', 'semtotem', 'construir', 'Farming', 'Português', 'minecraft', 'EventosEspeciales', 'minecraftlive']",[],False
13,2025-03-27 08:01,Gaules,pt,Sports,RERUN: Supercopa Desimpedidos - !socio - Siga @Gaules nas redes sociais!,['Português'],[],True
13,2025-03-27 08:01,loud_coringa,pt,Call of Duty: Warzone,alo meu chat da madruga,['Português'],"['Gambling', 'MatureGame']",False
13,2025-03-27 08:01,EiMine77,pt,Minecraft,✅ RECOMPENSAS ON! | ⭐ SEJA RÁPIDO E GANHE UMA CAPA DE GRAÇA: !CAPA | 💘 INSTAGRAM: @EIMINE77 | !ajuda !rerun !sub !subgratis !loja,"['Minecraft', 'EiMine', 'Português', 'RecompensasEspetadores']",[],False
13,2025-03-27 08:01,YoDa,pt,League of Legends,LOL COM !VOICE  - OPERACAO LOL 2,['Português'],[],False
13,2025-03-27 08:01,Souto27,pt,EA Sports FC 25,📦 REWARDS RIVALS 📦 || 🇳🇱 FARM PARA O SOUTULLIT 🇳🇱 || !tip !kits !flashfutties,"['Português', 'WL', 'rivals', 'packs', 'futchampions', 'ultimateteam', 'fifa', 'Futebol', 'FutebolVirtual']",[],False
13,2025-03-27 08:02,micael__almeida_,pt,Counter-Strike,(+18) PT-EN❗LOJA❗DONATE ❗4 GIVEAWAYS 1400€ ❗MBWAY MÊS MARÇ: @buuudaaa,"['Português', 'Reposição', 'csgo', 'cs', 'csgofunny', 'faceit', 'Singer']",['MatureGame'],True
13,2025-03-27 08:02,Pedrotavares12,pt,Counter-Strike,Nip vs Passion Ua | QF Pgl Astana| !mbway !loja !parceria,"['Português', 'couterstrike2', 'Caster']",['MatureGame'],False
14,2025-03-27 08:11,aatonz,pt,Sea of Thieves,🟢🟡DROPS ON🟡🟢É HOJE!!Atualização Season 15.2 de Sea of Thieves !! ChAmA QUe VEM!! Twitch em PROMOÇAO!!  VAMOKERE!!! BOM DIA!!,"['casual', 'engraçado', 'pirata', 'English', 'Português', 'Yoda', 'Gaules', 'giveaway', 'DropsAtivados', 'alanzoka']",[],False
14,2025-03-27 08:11,waveigl,pt,VALORANT,+18 🔞 WAVEIGL ❤️,['Português'],['ProfanityVulgarity'],False
14,2025-03-27 08:11,loud_coringa,pt,Call of Duty: Warzone,alo meu chat da madruga,['Português'],"['Gambling', 'MatureGame']",False
14,2025-03-27 08:11,Gaules,pt,Sports,RERUN: Supercopa Desimpedidos - !socio - Siga @Gaules nas redes sociais!,['Português'],[],True
14,2025-03-27 08:11,LYRAFPS,pt,Counter-Strike,Sorteio hoje ''USP BLACK LOTUS''! @gamersclubcs ❗COMANDOS!,"['Português', 'gamestreaming', 'counterstrike2', 'CS2', 'gamersclub']",['MatureGame'],False
14,2025-03-27 08:11,DexterHQ,pt,Minecraft,>>DROP CAPA- HARDCORE 1.21.4 8100+ DIAS SEM TOTEM !capa !codigo !tiktok !insta,"['hardcore', 'hardmode', 'sobrevivencia', 'semtotem', 'construir', 'Farming', 'Português', 'minecraft', 'EventosEspeciales', 'minecraftlive']",[],False
14,2025-03-27 08:11,mayumivlr,en,VALORANT,| 🔴 𝐑𝐄𝐑𝐔𝐍 | 𝐆𝐑𝐈𝐍𝐃 𝐒𝐎𝐋𝐎 𝐖/𝐎 𝐌𝐈𝐂 ⭐,"['English', 'VALORANＴ']",[],False
14,2025-03-27 08:11,maggietedszij,en,Garena Free Fire,🚀👑Felicidade Garantida 🎮💣,"['English', 'portugués', 'fps', 'Battleroayale']",['MatureGame'],False
14,2025-03-27 08:11,ferrysfps_,en,Counter-Strike,Have fun guys ^^,['English'],['MatureGame'],False
15,2025-03-27 08:18,aatonz,pt,Sea of Thieves,🟢🟡DROPS ON🟡🟢É HOJE!!Atualização Season 15.2 de Sea of Thieves !! ChAmA QUe VEM!! Twitch em PROMOÇAO!!  VAMOKERE!!! BOM DIA!!,"['casual', 'engraçado', 'pirata', 'English', 'Português', 'Yoda', 'Gaules', 'giveaway', 'DropsAtivados', 'alanzoka']",[],False
15,2025-03-27 08:18,waveigl,pt,VALORANT,+18 🔞 WAVEIGL ❤️,['Português'],['ProfanityVulgarity'],False
15,2025-03-27 08:18,loud_coringa,pt,Call of Duty: Warzone,alo meu chat da madruga,['Português'],"['Gambling', 'MatureGame']",False
15,2025-03-27 08:18,Gaules,pt,Sports,RERUN: Supercopa Desimpedidos - !socio - Siga @Gaules nas redes sociais!,['Português'],[],True
15,2025-03-27 08:18,LYRAFPS,pt,Counter-Strike,Sorteio hoje ''USP BLACK LOTUS''! @gamersclubcs ❗COMANDOS!,"['Português', 'gamestreaming', 'counterstrike2', 'CS2', 'gamersclub']",['MatureGame'],False
15,2025-03-27 08:19,DexterHQ,pt,Minecraft,>>DROP CAPA- HARDCORE 1.21.4 8100+ DIAS SEM TOTEM !capa !codigo !tiktok !insta,"['hardcore', 'hardmode', 'sobrevivencia', 'semtotem', 'construir', 'Farming', 'Português', 'minecraft', 'EventosEspeciales', 'minecraftlive']",[],False
16,2025-03-27 08:26,waveigl,pt,VALORANT,+18 🔞 WAVEIGL ❤️,['Português'],['ProfanityVulgarity'],False
16,2025-03-27 08:26,aatonz,pt,Sea of Thieves,🟢🟡DROPS ON🟡🟢É HOJE!!Atualização Season 15.2 de Sea of Thieves !! ChAmA QUe VEM!! Twitch em PROMOÇAO!!  VAMOKERE!!! BOM DIA!!,"['casual', 'engraçado', 'pirata', 'English', 'Português', 'Yoda', 'Gaules', 'giveaway', 'DropsAtivados', 'alanzoka']",[],False
16,2025-03-27 08:26,loud_coringa,pt,Call of Duty: Warzone,alo meu chat da madruga,['Português'],"['Gambling', 'MatureGame']",False
16,2025-03-27 08:26,LYRAFPS,pt,Counter-Strike,Sorteio hoje ''USP BLACK LOTUS''! @gamersclubcs ❗COMANDOS!,"['Português', 'gamestreaming', 'counterstrike2', 'CS2', 'gamersclub']",['MatureGame'],False
16,2025-03-27 08:26,Gaules,pt,Sports,RERUN: Supercopa Desimpedidos - !socio - Siga @Gaules nas redes sociais!,['Português'],[],True
16,2025-03-27 08:26,EiMine77,pt,Minecraft,✅ RECOMPENSAS ON! | ⭐ SEJA RÁPIDO E GANHE UMA CAPA DE GRAÇA: !CAPA | 💘 INSTAGRAM: @EIMINE77 | !ajuda !rerun !sub !subgratis !loja,"['Minecraft', 'EiMine', 'Português', 'RecompensasEspetadores']",[],False
17,2025-03-27 12:01,waveigl,pt,VALORANT,+18 🔞 WAVEIGL ❤️,['Português'],['ProfanityVulgarity'],False
17,2025-03-27 12:01,Gaules,pt,Counter-Strike,Imperial eSports vs Martians PGL Astana 2025 SA Closed Qualifier - !socio - Siga @Gaules nas redes sociais!,['Português'],['MatureGame'],True
17,2025-03-27 12:01,aFranzita,pt,Minecraft,Chegou o grande dia... BORA ENFRENTAR O DRAGÃO | DROP de Capa do Minecraft ATIVO,"['PortuguêsBR', 'Português', 'jogo', 'mulherjogando', 'localseguro', 'aventura', 'noobstreamer', 'survival', 'RecompensasEspetadores']",[],False
17,2025-03-27 12:01,aatonz,pt,Sea of Thieves,🟢🟡DROPS ON🟡🟢É HOJE!!Atualização Season 15.2 de Sea of Thieves !! ChAmA QUe VEM!! Twitch em PROMOÇAO!!  VAMOKERE!!! BOM DIA!!,"['casual', 'engraçado', 'pirata', 'English', 'Português', 'Yoda', 'Gaules', 'giveaway', 'DropsAtivados', 'alanzoka']",[],False
17,2025-03-27 12:01,Bluezinho2,pt,Dead by Daylight,[+18] 💙LOOPS NO DBD + OW2 💙,"['LGBTQIAPlus', 'Português', 'ＤBD', 'GamesAndChatting', 'Jogandocomespectadores', 'fallguys', 'Gostoso', 'Veganismos', 'Overｗatch2', 'deadbbydaylight']","['MatureGame', 'ProfanityVulgarity']",False
17,2025-03-27 12:01,DorSmiley,pt,Sea of Thieves,🟢Drops Obsidiana On | Atualização nova  |  Parceiro do @lendasdomar e CSoTBr !Comandos !drops !tdm,"['Ação', 'Aventura', 'Comédia', 'Português', 'Xingamentos', 'seaofthieves', 'PvEPvP', 'SoTPvp', 'seaofthieveseason15', 'DropsAtivados']",['ProfanityVulgarity'],False
17,2025-03-27 12:01,BeehNeto,pt,Assassin's Creed Shadows,bom dia❗vakinha❗videonovo ❗pix ❗zap ❗youtube ❗sons ❗sons2,"['Português', 'DropsAtivados']","['MatureGame', 'ProfanityVulgarity']",False
17,2025-03-27 12:01,CarlitoP1_,pt,Grand Theft Auto V,[CDA] Litinha Reborn - Fugas e roubos pelo CIDADE ALTA -> Siga @carlitop1_,"['Português', 'CIDADEALTA', 'METROPOLE', 'GTARP', 'FIVEM', 'CarlitoP1', 'INTERCEPTOR', 'SPEED']",['MatureGame'],False
17,2025-03-27 12:01,iMarianaPit,pt,Grand Theft Auto V,"[ +18 ] PLF + LADO LESTE ❗️ 00 DA ALEMANHA, !cidade !pix !sub !codiguin","['English', 'girlgamers', 'ＧTA5', 'Português', 'fivem', 'Alemanha', 'LadoLesteRP', 'ladolesteroleplay', 'ladolestept2', 'tropadaalemanha']",['MatureGame'],False
18,2025-03-27 12:11,waveigl,pt,VALORANT,+18 🔞 WAVEIGL ❤️,['Português'],['ProfanityVulgarity'],False
18,2025-03-27 12:11,Gaules,pt,Counter-Strike,Imperial eSports vs Martians PGL Astana 2025 SA Closed Qualifier - !socio - Siga @Gaules nas redes sociais!,['Português'],['MatureGame'],True
18,2025-03-27 12:11,aFranzita,pt,Minecraft,Chegou o grande dia... BORA ENFRENTAR O DRAGÃO | DROP de Capa do Minecraft ATIVO,"['PortuguêsBR', 'Português', 'jogo', 'mulherjogando', 'localseguro', 'aventura', 'noobstreamer', 'survival', 'RecompensasEspetadores']",[],False
18,2025-03-27 12:12,aatonz,pt,Sea of Thieves,🟢🟡DROPS ON🟡🟢É HOJE!!Atualização Season 15.2 de Sea of Thieves !! ChAmA QUe VEM!! Twitch em PROMOÇAO!!  VAMOKERE!!! BOM DIA!!,"['casual', 'engraçado', 'pirata', 'English', 'Português', 'Yoda', 'Gaules', 'giveaway', 'DropsAtivados', 'alanzoka']",[],False
18,2025-03-27 12:12,Bluezinho2,pt,Dead by Daylight,[+18] 💙LOOPS NO DBD + OW2 💙,"['LGBTQIAPlus', 'Português', 'ＤBD', 'GamesAndChatting', 'Jogandocomespectadores', 'fallguys', 'Gostoso', 'Veganismos', 'Overｗatch2', 'deadbbydaylight']","['MatureGame', 'ProfanityVulgarity']",False
18,2025-03-27 12:12,DorSmiley,pt,Sea of Thieves,🟢Drops Obsidiana On | Atualização nova  |  Parceiro do @lendasdomar e CSoTBr !Comandos !drops !tdm,"['Ação', 'Aventura', 'Comédia', 'Português', 'Xingamentos', 'seaofthieves', 'PvEPvP', 'SoTPvp', 'seaofthieveseason15', 'DropsAtivados']",['ProfanityVulgarity'],False
18,2025-03-27 12:12,TioPedroJoga,pt,EA Sports FC 25,"RECOMPENSAS DO RIVALS DIVISÃO 1, FARM EM BUSCA DO GULLIT E AQUELA GAMEPLAY  !cliente !coins !camiseta",['Português'],[],False
18,2025-03-27 12:12,oBruxoFut,pt,EA Sports FC 25,✨ PREMIAÇÃO RIVALS + TERMINANDO O GULLIT E MATA-MATA ❗️tatica ❗️st ❗️lurdinha,"['Português', 'muitoelegante', 'charmoso', 'bonito', 'inteligente', 'carismático', 'educado', 'proplayer', 'futebol', 'fitness']",[],False
18,2025-03-27 12:12,mesquitalivee,pt,Just Chatting,+18  BROTA PRA LIVE DE BANDIDO !Discord !pix,"['Português', 'Reposição']",[],False
19,2025-03-27 12:21,Gaules,pt,Counter-Strike,Imperial eSports vs Martians PGL Astana 2025 SA Closed Qualifier - !socio - Siga @Gaules nas redes sociais!,['Português'],['MatureGame'],True
19,2025-03-27 12:21,aFranzita,pt,Minecraft,Chegou o grande dia... BORA ENFRENTAR O DRAGÃO | DROP de Capa do Minecraft ATIVO,"['PortuguêsBR', 'Português', 'jogo', 'mulherjogando', 'localseguro', 'aventura', 'noobstreamer', 'survival', 'RecompensasEspetadores']",[],False
19,2025-03-27 12:21,Bluezinho2,pt,Dead by Daylight,[+18] 💙LOOPS NO DBD + OW2 💙,"['LGBTQIAPlus', 'Português', 'ＤBD', 'GamesAndChatting', 'Jogandocomespectadores', 'fallguys', 'Gostoso', 'Veganismos', 'Overｗatch2', 'deadbbydaylight']","['MatureGame', 'ProfanityVulgarity']",False
19,2025-03-27 12:21,aatonz,pt,Sea of Thieves,🟢🟡DROPS ON🟡🟢É HOJE!!Atualização Season 15.2 de Sea of Thieves !! ChAmA QUe VEM!! Twitch em PROMOÇAO!!  VAMOKERE!!! BOM DIA!!,"['casual', 'engraçado', 'pirata', 'English', 'Português', 'Yoda', 'Gaules', 'giveaway', 'DropsAtivados', 'alanzoka']",[],False
19,2025-03-27 12:21,DorSmiley,pt,Sea of Thieves,🟢Drops Obsidiana On | Atualização nova  |  Parceiro do @lendasdomar e CSoTBr !Comandos !drops !tdm,"['Ação', 'Aventura', 'Comédia', 'Português', 'Xingamentos', 'seaofthieves', 'PvEPvP', 'SoTPvp', 'seaofthieveseason15', 'DropsAtivados']",['ProfanityVulgarity'],False
19,2025-03-27 12:21,LYRAFPS,pt,Counter-Strike,Sorteio hoje ''USP BLACK LOTUS''! @gamersclubcs ❗COMANDOS!,"['Português', 'gamestreaming', 'counterstrike2', 'CS2', 'gamersclub']",['MatureGame'],False
19,2025-03-27 12:21,EiMine24h,pt,Minecraft,✅ RECOMPENSAS ON! | ⭐ SEJA RÁPIDO E GANHE UMA CAPA DE GRAÇA: !CAPA | 💘 INSTAGRAM: @EIMINE77 | !ajuda !rerun !subgratis !loja,"['Português', 'Minecraft', 'EiMine', 'RecompensasEspetadores']",[],False
19,2025-03-27 12:21,Vitor_jbs,pt,Minecraft,SURVIVAL COM MODS 🐉 |❗pix ❗dc ❗comandos,"['Português', 'minecraft', 'mine', 'pvp', 'bedwars', 'mush', 'mushmc', 'roblox', 'RecompensasEspetadores']",[],False
19,2025-03-27 12:21,Cibergun,es,Minecraft,🎁DROPS MINECRAFT  - [24/7]🎁 🟥    Capa GRATIS || Free CAPE  - Java / Bedrock Edition - Con trucos y curiosidades de Minecraft !Cape !drop,"['Minecraft', 'drops', 'Drop', 'minecraft', 'capa', 'drops', 'cape', 'Español', 'Recompensasdeespectador']",[],False
20,2025-03-27 12:29,Gaules,pt,Counter-Strike,Imperial eSports vs Martians PGL Astana 2025 SA Closed Qualifier - !socio - Siga @Gaules nas redes sociais!,['Português'],['MatureGame'],True
20,2025-03-27 12:29,aFranzita,pt,Minecraft,Chegou o grande dia... BORA ENFRENTAR O DRAGÃO | DROP de Capa do Minecraft ATIVO,"['PortuguêsBR', 'Português', 'jogo', 'mulherjogando', 'localseguro', 'aventura', 'noobstreamer', 'survival', 'RecompensasEspetadores']",[],False
20,2025-03-27 12:29,aatonz,pt,Sea of Thieves,🟢🟡DROPS ON🟡🟢É HOJE!!Atualização Season 15.2 de Sea of Thieves !! ChAmA QUe VEM!! Twitch em PROMOÇAO!!  VAMOKERE!!! BOM DIA!!,"['casual', 'engraçado', 'pirata', 'English', 'Português', 'Yoda', 'Gaules', 'giveaway', 'DropsAtivados', 'alanzoka']",[],False
20,2025-03-27 12:29,Bluezinho2,pt,Dead by Daylight,[+18] 💙LOOPS NO DBD + OW2 💙,"['LGBTQIAPlus', 'Português', 'ＤBD', 'GamesAndChatting', 'Jogandocomespectadores', 'fallguys', 'Gostoso', 'Veganismos', 'Overｗatch2', 'deadbbydaylight']","['MatureGame', 'ProfanityVulgarity']",False
20,2025-03-27 12:29,LYRAFPS,pt,Counter-Strike,Sorteio hoje ''USP BLACK LOTUS''! @gamersclubcs ❗COMANDOS!,"['Português', 'gamestreaming', 'counterstrike2', 'CS2', 'gamersclub']",['MatureGame'],False
20,2025-03-27 12:29,guigzvlr,pt,VALORANT,"QUAL SERÁ O PROXIMO CONTEUDO? RANKEDS WAYLAY, COLA | !sub !parcerias !growth !tadala !soldado !bonoxs",['Português'],[],False
20,2025-03-27 12:29,furq,pt,VALORANT,REYNA COM PODER DE +8000 !farmskins !pix !tapamassagem !bonoxs,"['FPS', 'Português', 'valorant', 'radiante']",[],False
20,2025-03-27 12:29,fnzyn_,pt,VALORANT,MIRA? POR AQUI NÃO TEMOS... (mais tarde jogo diferente) // !GROWTH !Z3 !Delay !Elo !Sub !Donate !Comandos,"['Português', 'valorant', 'fnzyn', 'Valorantplayer', 'calvoarapucas', 'maincypher', 'gostoso', 'lindohumildegostoso', 'atleta', 'musculoso']",[],False
21,2025-03-27 12:38,Gaules,pt,Counter-Strike,Imperial eSports vs Martians PGL Astana 2025 SA Closed Qualifier - !socio - Siga @Gaules nas redes sociais!,['Português'],['MatureGame'],True
21,2025-03-27 12:38,aFranzita,pt,Minecraft,Chegou o grande dia... BORA ENFRENTAR O DRAGÃO | DROP de Capa do Minecraft ATIVO,"['PortuguêsBR', 'Português', 'jogo', 'mulherjogando', 'localseguro', 'aventura', 'noobstreamer', 'survival', 'RecompensasEspetadores']",[],False
21,2025-03-27 12:38,aatonz,pt,Sea of Thieves,🟢🟡DROPS ON🟡🟢É HOJE!!Atualização Season 15.2 de Sea of Thieves !! ChAmA QUe VEM!! Twitch em PROMOÇAO!!  VAMOKERE!!! BOM DIA!!,"['casual', 'engraçado', 'pirata', 'English', 'Português', 'Yoda', 'Gaules', 'giveaway', 'DropsAtivados', 'alanzoka']",[],False
21,2025-03-27 12:38,Bluezinho2,pt,Dead by Daylight,[+18] 💙LOOPS NO DBD + OW2 💙,"['LGBTQIAPlus', 'Português', 'ＤBD', 'GamesAndChatting', 'Jogandocomespectadores', 'fallguys', 'Gostoso', 'Veganismos', 'Overｗatch2', 'deadbbydaylight']","['MatureGame', 'ProfanityVulgarity']",False
21,2025-03-27 12:39,DorSmiley,pt,Sea of Thieves,🟢Drops Obsidiana On | Atualização nova  |  Parceiro do @lendasdomar e CSoTBr !Comandos !drops !tdm,"['Ação', 'Aventura', 'Comédia', 'Português', 'Xingamentos', 'seaofthieves', 'PvEPvP', 'SoTPvp', 'seaofthieveseason15', 'DropsAtivados']",['ProfanityVulgarity'],False
21,2025-03-27 12:39,EiMine77,pt,Minecraft,✅ RECOMPENSAS ON! | ⭐ SEJA RÁPIDO E GANHE UMA CAPA DE GRAÇA: !CAPA | 💘 INSTAGRAM: @EIMINE77 | !ajuda !rerun !sub !subgratis !loja,"['Minecraft', 'EiMine', 'Português', 'RecompensasEspetadores']",[],False
21,2025-03-27 12:39,DanteVaderTV,pt,Supermarket Together,Super Mercadim Do Dante -Subathon Especial de Aniversario (dia 33) [ +18 / !sr on / !loja / !pokecatch],['Português'],"['ProfanityVulgarity', 'ViolentGraphic']",False
21,2025-03-27 12:39,Only_HITO,pt,Ghost of Tsushima,"Buenas pessoal, Jogando só de boas! @raiderscompany",['Português'],['MatureGame'],False
21,2025-03-27 12:39,TonhoDLang,pt,Sea of Thieves,Chamadinho da Caça | !drops | Streamer parceiro do @lendasdomar e CSoTBR 🏴‍☠️ !lendas !csotbr !platina,"['Português', 'Zerandojogos', 'seaofthieves', 'DropsAtivados']",[],False
25,2025-03-27 20:01,ofernandomaidana,pt,Sea of Thieves,DROPS 🟢 DIA DE MEGA LAMBANÇA !cmd !playlist,"['Português', 'seaofthieves', 'pirata', 'SongRequests', 'songrequest', 'SeaOfThievesPartner', 'SeaofThievesgameplay', 'English', 'DropsAtivados']",[],False
25,2025-03-27 20:01,frttt,pt,VALORANT,🟢💚AO VIVO - RADIANTE GAMEPLAYS - !curso !aulas,['Português'],[],False
25,2025-03-27 20:01,taruhgg,pt,Counter-Strike,Premier de alto nivel ❗curso ❗csgobig ❗neshastore ❗skinclub,['Português'],['MatureGame'],False
25,2025-03-27 20:01,eLyzao,pt,EA Sports FC 25,Terminar o rivals    ❗Nesha ❗iox +18,['Português'],[],False
25,2025-03-27 20:01,pirangueirah,pt,Overwatch 2,[+18] Boa noite  ❤️,"['LGBTQIAMais', 'Português', 'kekel', 'Ele', 'Ela', 'deadbbydaylight', 'fortinite', 'DropsAtivados']",[],False
25,2025-03-27 20:01,mathg,pt,Minecraft,salve bonecos e bonecas,"['Português', 'English']",[],False
25,2025-03-27 20:01,xandykawai,pt,Marvel Rivals,E vamos de plays  !comandos,"['Português', 'LGBTQIA', 'Idoso', 'Gay', 'drops', 'Fortnite', 'dbd', 'DropsAtivados']",['ProfanityVulgarity'],False
25,2025-03-27 20:01,Dilascio_,pt,Marvel Rivals,(DROPS ON) GRIND DO CONTEÚDO,"['Português', 'Competitivo', 'Conversa', 'top500', 'overwatch', 'English', 'DropsAtivados']",[],False
25,2025-03-27 20:01,Luscaau,pt,Dead by Daylight,DBDzy✨❗redes ❗pix ❗discord,['Português'],['MatureGame'],False
26,2025-03-27 20:13,ofernandomaidana,pt,Sea of Thieves,DROPS 🟢 DIA DE MEGA LAMBANÇA !cmd !playlist,"['Português', 'seaofthieves', 'pirata', 'SongRequests', 'songrequest', 'SeaOfThievesPartner', 'SeaofThievesgameplay', 'English', 'DropsAtivados']",[],False
26,2025-03-27 20:13,frttt,pt,VALORANT,🟢💚AO VIVO - RADIANTE GAMEPLAYS - !curso !aulas,['Português'],[],False
26,2025-03-27 20:13,pirangueirah,pt,Overwatch 2,[+18] Boa noite  ❤️,"['LGBTQIAMais', 'Português', 'kekel', 'Ele', 'Ela', 'deadbbydaylight', 'fortinite', 'DropsAtivados']",[],False
26,2025-03-27 20:13,eLyzao,pt,Just Chatting,Terminar o rivals    ❗Nesha ❗iox +18,['Português'],[],False
26,2025-03-27 20:13,mathg,pt,Minecraft,salve bonecos e bonecas,"['Português', 'English']",[],False
26,2025-03-27 20:13,Gaules,pt,Counter-Strike,FURIA Fe vs QSE ESL Impact League S7 SA - !socio - Siga @Gaules nas redes sociais!,['Português'],['MatureGame'],True
26,2025-03-27 20:13,Dilascio_,pt,Marvel Rivals,(DROPS ON) GRIND DO CONTEÚDO,"['Português', 'Competitivo', 'Conversa', 'top500', 'overwatch', 'English', 'DropsAtivados']",[],False
26,2025-03-27 20:13,Cooruja,pt,Overwatch 2,[ !DROP Faster] 5 Lootbox free! !Sorteio Widow ARMA MITICA !eternus !Passefree,"['Autismo', 'TDAH', 'SafeSpace', 'Pai', 'Overwatch', 'Português', '4fun', 'OW2Season15', 'OW2Brasil', 'DropsAtivados']",[],False
26,2025-03-27 20:13,ogabsttv,pt,Marvel Rivals,LIVE INFINITA 1 REAL = +1 MINUTO | PEGANDO LORD DE BUCKY HOJE? | !PIX !ANALISE !FILA !PC,"['Português', 'humor', 'engraçado', 'DropsAtivados']",[],False
27,2025-03-27 20:24,ofernandomaidana,pt,Sea of Thieves,DROPS 🟢 DIA DE MEGA LAMBANÇA !cmd !playlist,"['Português', 'seaofthieves', 'pirata', 'SongRequests', 'songrequest', 'SeaOfThievesPartner', 'SeaofThievesgameplay', 'English', 'DropsAtivados']",[],False
27,2025-03-27 20:24,frttt,pt,VALORANT,🟢💚AO VIVO - RADIANTE GAMEPLAYS - !curso !aulas,['Português'],[],False
27,2025-03-27 20:24,pirangueirah,pt,Overwatch 2,[+18] Boa noite  ❤️,"['LGBTQIAMais', 'Português', 'kekel', 'Ele', 'Ela', 'deadbbydaylight', 'fortinite', 'DropsAtivados']",[],False
27,2025-03-27 20:24,eLyzao,pt,Just Chatting,Terminar o rivals    ❗Nesha ❗iox +18,['Português'],[],False
27,2025-03-27 20:24,mathg,pt,Just Chatting,salve bonecos e bonecas,"['Português', 'English']",[],False
27,2025-03-27 20:24,Gaules,pt,Counter-Strike,FURIA Fe vs QSE ESL Impact League S7 SA - !socio - Siga @Gaules nas redes sociais!,['Português'],['MatureGame'],True
27,2025-03-27 20:24,madruga_gamer01,pt,Grand Theft Auto V,+18 4LIFE -  Damazzo´s ! !4life !dc !pix !insta,"['Português', 'MMO', 'rdr2', 'Estratégia', 'aventuras', 'simulação', 'Estratégia', 'ＦＰＳ', 'jogos', 'jogodetiro']","['MatureGame', 'ViolentGraphic']",True
27,2025-03-27 20:24,FUBUKERA_,pt,Grand Theft Auto V,[SVRP] DIA DE MESA DO AOD É SEMPRE LOUCO - !pix !insta !discord,"['GAME', 'GAMEPLAY', 'Português', 'AMA', 'Conversação', 'Multijogador', 'Multiplayer', 'multijogos', 'GTARP', 'gta']",['MatureGame'],False
27,2025-03-27 20:24,marcobc,pt,Grand Theft Auto V,[Code RP] Presidente Angels of Death  ❗livepix ❗Pix ❗meta ❗code,['Português'],['MatureGame'],False
28,2025-03-27 20:32,ofernandomaidana,pt,Sea of Thieves,DROPS 🟢 DIA DE MEGA LAMBANÇA !cmd !playlist,"['Português', 'seaofthieves', 'pirata', 'SongRequests', 'songrequest', 'SeaOfThievesPartner', 'SeaofThievesgameplay', 'English', 'DropsAtivados']",[],False
28,2025-03-27 20:32,frttt,pt,VALORANT,🟢💚AO VIVO - RADIANTE GAMEPLAYS - !curso !aulas,['Português'],[],False
28,2025-03-27 20:32,pirangueirah,pt,Overwatch 2,[+18] Boa noite  ❤️,"['LGBTQIAMais', 'Português', 'kekel', 'Ele', 'Ela', 'deadbbydaylight', 'fortinite', 'DropsAtivados']",[],False
28,2025-03-27 20:32,eLyzao,pt,Just Chatting,Terminar o rivals    ❗Nesha ❗iox +18,['Português'],[],False
28,2025-03-27 20:32,mathg,pt,Just Chatting,salve bonecos e bonecas,"['Português', 'English']",[],False
28,2025-03-27 20:32,Gaules,pt,Counter-Strike,FURIA Fe vs QSE ESL Impact League S7 SA - !socio - Siga @Gaules nas redes sociais!,['Português'],['MatureGame'],True
28,2025-03-27 20:33,TheMarySimmer,pt,inZOI,✨SALA DE ESPERA PARA O INZOI!!!!!!!!!! COM A @xip4_twitch ✨,"['Portugal', 'Português', 'inzoi', 'drop']",[],False
28,2025-03-27 20:33,LisaTsukimi,pt,R.E.P.O.,R.E.P.O. night with friends! 💜 @Xhemyd @rotzila @wickedsoda 💜 !discord !Instagram !kofi !shop,"['Português', 'justchatting', 'catgirl', 'English', 'JustChilling', 'Crafting', 'Cosplay', 'cosplayer', 'cosmaker']",['ProfanityVulgarity'],False
28,2025-03-27 20:33,Xip4_Twitch,pt,inZOI,✨ PIJAMA PARTY | LANÇAMENTO INZOI COM A @themarysimmer ✨🟠!IG 🟠!Giveaway 📱!socials,"['JogosVariados', 'InstantGaming', 'humor', 'sarcasmo', 'jogos', 'InstantGamingPartner', 'Português', 'inzoi', 'inzoigameplay']",['ProfanityVulgarity'],False
30,2025-03-28 00:13,EiMine77,pt,Minecraft,✅ RECOMPENSAS ON! | ⭐ SEJA RÁPIDO E GANHE UMA CAPA DE GRAÇA: !CAPA | 💘 INSTAGRAM: @EIMINE77 | !ajuda !rerun !sub !subgratis !loja,"['Minecraft', 'EiMine', 'Português']",[],False
30,2025-03-28 00:13,iShadowWolf_,pt,Overwatch 2,(+18) Livezinha Muito Doida!   ||   (❗comandos ❗metas ❗drops)   ||   (Epic Code: SHADOWOLF),"['Português', 'DropsAtivados']",[],False
30,2025-03-28 00:13,guisobrevivente_,pt,Minecraft,[CAPE] oi bora conversar ?,"['minecraft', 'guisobrevivente', 'tiktok', 'realista', 'shaders', 'construcao', 'conversa', 'amigavel', 'Português']",[],False
30,2025-03-28 00:13,frttt,pt,VALORANT,🟢💚AO VIVO - RADIANTE GAMEPLAYS - !curso !aulas,['Português'],[],False
30,2025-03-28 00:14,loud_coringa,pt,Grand Theft Auto V,estoy aqui,['Português'],['MatureGame'],False
30,2025-03-28 00:14,waveigl,pt,VALORANT,+18 🔞 WAVEIGL ❤️ o jenzz me obrigou a jogar o joguinho de magia,['Português'],['ProfanityVulgarity'],False
30,2025-03-28 00:14,moraismta,pt,Grand Theft Auto V,[LADO LESTE] UM DIA DE FELICIDADE E NA PAZ DE CRISTO❗️TADA ❗️SUPERBET (+18),['Português'],['MatureGame'],False
30,2025-03-28 00:14,boraic0,pt,Grand Theft Auto V,"- GTA RP- SE A LIVE DESLIGAR EH POR CONTA DO MONITOR "" me ajudem a comprar um novo"" 🙏 !pix","['boraic', 'portugués', 'GTARP', 'Português', 'Reposição']","['DrugsIntoxication', 'MatureGame', 'ProfanityVulgarity', 'ViolentGraphic']",False
30,2025-03-28 00:14,indiokj,pt,Grand Theft Auto V,+18 💥 TRANQUILIDADE HOJE 💥 DE RESENHA 💥 !livepix,['Português'],['MatureGame'],False
32,2025-03-28 04:01,EiMine77,pt,Minecraft,✅ RECOMPENSAS ON! | ⭐ SEJA RÁPIDO E GANHE UMA CAPA DE GRAÇA: !CAPA | 💘 INSTAGRAM: @EIMINE77 | !ajuda !rerun !sub !subgratis !loja,"['Minecraft', 'EiMine', 'Português']",[],False
32,2025-03-28 04:01,waveigl,pt,VALORANT,+18 🔞 WAVEIGL ❤️ Digite !metaadmin e ajude-o nos estudos,['Português'],['ProfanityVulgarity'],False
32,2025-03-28 04:01,iShadowWolf_,pt,Fortnite,(+18) Livezinha Muito Doida!   ||   (❗comandos ❗metas ❗drops)   ||   (Epic Code: SHADOWOLF),['Português'],[],False
32,2025-03-28 04:01,frttt,pt,League of Legends,🟢💚AO VIVO - LOLOLOLOLOL - !curso !aulas,['Português'],[],False
32,2025-03-28 04:01,loud_coringa,pt,Grand Theft Auto V,estoy aqui,['Português'],['MatureGame'],False
32,2025-03-28 04:01,Ivachuk,pt,League of Legends,[Vtuber] Rumo ao top 1!! Se inscreve aí familia! !comandos,"['Português', 'fps', 'Portugues', 'Strinova', 'valorant', 'HuntShowdown', 'Vtuber', 'VtuberBR', 'strinovagameplay', 'Anime']",[],False
32,2025-03-28 04:01,MichelNishino_YT,pt,Dead by Daylight,Corinthians campeão 😉 27/03/2025,"['Brasil', 'Português', 'dbd', 'dbdsurvivor', 'DBDStreamer', 'deadbydaylight', 'souzasoul', 'IntoTheFog', 'BehaviorInteractive', 'holidayhoopla']",['MatureGame'],False
32,2025-03-28 04:02,Dehnzy,pt,The First Berserker: Khazan,"Quem tem mais, tem 31 - !comandos !bits @dehnzy","['gameplays', 'humor', 'alien', 'acessibilidade', 'Português', 'jogador', 'justchatting', 'fps', 'resenha', 'khazancontentcreator']",['MatureGame'],False
32,2025-03-28 04:02,rehhdart,pt,KARMA: The Dark World,187º dia Calvathon | A espontaneidade e as surpresas da vida é o que a tornam interessante. @rehhdart !social !sorteio,"['retro', 'Português', 'Conversação', 'Espaçoseguro', 'Variedades', 'JogosDifíceis', 'BatePapo', 'AMA', 'Amigável', 'divertido']",['MatureGame'],False
33,2025-03-28 04:10,iShadowWolf_,pt,Fortnite,(+18) Livezinha Muito Doida!   ||   (❗comandos ❗metas ❗drops)   ||   (Epic Code: SHADOWOLF),['Português'],[],False
33,2025-03-28 04:10,EiMine77,pt,Minecraft,✅ RECOMPENSAS ON! | ⭐ SEJA RÁPIDO E GANHE UMA CAPA DE GRAÇA: !CAPA | 💘 INSTAGRAM: @EIMINE77 | !ajuda !rerun !sub !subgratis !loja,"['Minecraft', 'EiMine', 'Português']",[],False
33,2025-03-28 04:10,waveigl,pt,VALORANT,+18 🔞 WAVEIGL ❤️ Digite !metaadmin e ajude-o nos estudos,['Português'],['ProfanityVulgarity'],False
33,2025-03-28 04:10,frttt,pt,League of Legends,🟢💚AO VIVO - LOLOLOLOLOL - !curso !aulas,['Português'],[],False
33,2025-03-28 04:10,loud_coringa,pt,Grand Theft Auto V,estoy aqui,['Português'],['MatureGame'],False
33,2025-03-28 04:10,Ivachuk,pt,League of Legends,[Vtuber] Rumo ao top 1!! Se inscreve aí familia! !comandos,"['Português', 'fps', 'Portugues', 'Strinova', 'valorant', 'HuntShowdown', 'Vtuber', 'VtuberBR', 'strinovagameplay', 'Anime']",[],False
33,2025-03-28 04:10,Sr_Kasai,pt,I'm Only Sleeping,Toddy ou Nescau?? - Subathon dia 95,['Português'],[],False
33,2025-03-28 04:10,rehhdart,pt,KARMA: The Dark World,187º dia Calvathon | A espontaneidade e as surpresas da vida é o que a tornam interessante. @rehhdart !social !sorteio,"['retro', 'Português', 'Conversação', 'Espaçoseguro', 'Variedades', 'JogosDifíceis', 'BatePapo', 'AMA', 'Amigável', 'divertido']",['MatureGame'],False
33,2025-03-28 04:11,alexaaaaaaaaaa_,pt,Just Chatting,[+18]CONVOCANDO TODOS OS MADRUGADORES | !metas !metaspix !bits !cosplay !pix,"['brazil', 'Português', 'pobre', 'horrivel', 'Pesadelo', 'react']",[],False
34,2025-03-28 04:18,iShadowWolf_,pt,Fortnite,(+18) Livezinha Muito Doida!   ||   (❗comandos ❗metas ❗drops)   ||   (Epic Code: SHADOWOLF),['Português'],[],False
34,2025-03-28 04:18,EiMine77,pt,Minecraft,✅ RECOMPENSAS ON! | ⭐ SEJA RÁPIDO E GANHE UMA CAPA DE GRAÇA: !CAPA | 💘 INSTAGRAM: @EIMINE77 | !ajuda !rerun !sub !subgratis !loja,"['Minecraft', 'EiMine', 'Português']",[],False
34,2025-03-28 04:18,waveigl,pt,VALORANT,+18 🔞 WAVEIGL ❤️ Digite !metaadmin e ajude-o nos estudos,['Português'],['ProfanityVulgarity'],False
34,2025-03-28 04:18,frttt,pt,League of Legends,🟢💚AO VIVO - LOLOLOLOLOL - !curso !aulas,['Português'],[],False
34,2025-03-28 04:18,loud_coringa,pt,Grand Theft Auto V,estoy aqui,['Português'],['MatureGame'],False
34,2025-03-28 04:18,Ivachuk,pt,League of Legends,[Vtuber] Rumo ao top 1!! Se inscreve aí familia! !comandos,"['Português', 'fps', 'Portugues', 'Strinova', 'valorant', 'HuntShowdown', 'Vtuber', 'VtuberBR', 'strinovagameplay', 'Anime']",[],False
34,2025-03-28 04:18,donkgord0,pt,R.E.P.O.,🕺🏻💪🏻😎🦜+18 PEITO/TRÍCEPS +5KM CORRENDO @ckzao @ovitorvg @ogolfista ONLINE❗RAINGG  🤪 !!❗neshastore  ❗gamearena❗csgoskins,"['CSGO', 'FPS', 'GAMERSCLUB', 'GC', 'LVL20', 'Português', 'lol', 'leagueoflegends', 'moba']",[],False
34,2025-03-28 04:18,cogu,pt,Counter-Strike,LEGACY COGU -  aprendendo na ancient ❗️cortes ❗️sociais ❗️nesha ❗️csgofast ❗️oração,"['cs', 'Português']",['MatureGame'],False
34,2025-03-28 04:19,GOIAMO,pt,Counter-Strike,"Ame sua família, respeite o próximo e sempre confie em Deus🙏🏻!msg !pix !clip !nesha @gamersclubcs",['Português'],['MatureGame'],False
35,2025-03-28 08:01,YoDa,pt,League of Legends,LOL COM !VOICE  - OPERACAO LOL 2 - START 120 PDL,['Português'],[],False
35,2025-03-28 08:01,waveigl,pt,Manor Lords,+18 🔞 WAVEIGL ❤️ BAIXANDO A ADRENALINA COM UM MANOR LODS INUTIL,['Português'],['ProfanityVulgarity'],False
35,2025-03-28 08:01,loud_coringa,pt,Call of Duty,estoy aqui,['Português'],[],False
35,2025-03-28 08:01,EiMine77,pt,Minecraft,✅ RECOMPENSAS ON! | ⭐ SEJA RÁPIDO E GANHE UMA CAPA DE GRAÇA: !CAPA | 💘 INSTAGRAM: @EIMINE77 | !ajuda !rerun !sub !subgratis !loja,"['Minecraft', 'EiMine', 'Português']",[],False
35,2025-03-28 08:01,avndeus,pt,Counter-Strike,🔴 RERUN - NÃO ESTOU AO VIVO - FARM 4X PARA SUBS - LOJA RENOVADA,"['CS2', 'cs2faceit', 'ga', 'gamersclubcs', 'Português']",['MatureGame'],False
35,2025-03-28 08:01,Gaules,pt,Indiana Jones and the Great Circle,RERUN: Indiana Lanches! - !socio - Siga @Gaules nas redes sociais!,['Português'],[],True
35,2025-03-28 08:01,cisinha,pt,VALORANT,VOCE ACREDITA?,"['mulher', 'animada', 'Português', 'valorant']",['ProfanityVulgarity'],False
35,2025-03-28 08:01,MahBaum,pt,VALORANT,INSONIAAAA❗nick❗livepix ❗pix ❗insta❗tiktok,['Português'],[],False
35,2025-03-28 08:02,alexaaaaaaaaaa_,pt,VALORANT,[+18]CONVOCANDO TODOS OS MADRUGADORES | !metas !metaspix !bits !cosplay !pix,"['brazil', 'Português', 'pobre', 'horrivel', 'Pesadelo', 'react']",[],False
36,2025-03-28 08:11,EiMine77,pt,Minecraft,✅ RECOMPENSAS ON! | ⭐ SEJA RÁPIDO E GANHE UMA CAPA DE GRAÇA: !CAPA | 💘 INSTAGRAM: @EIMINE77 | !ajuda !rerun !sub !subgratis !loja,"['Minecraft', 'EiMine', 'Português']",[],False
36,2025-03-28 08:11,aatonz,pt,Sea of Thieves,"🟢🟡DROPS ON🟡🟢SEXTOOUUU!!! com S do seu, do meu do nosso SEA OF THIEVES JOVENSS!!PROMOÇÃO na TWITCH CONTINUA!!Aproveita hoje !!! BOM DIA!!","['casual', 'engraçado', 'pirata', 'English', 'Português', 'Yoda', 'Gaules', 'giveaway', 'DropsAtivados', 'alanzoka']",[],False
36,2025-03-28 08:11,YoDa,pt,League of Legends,LOL COM !VOICE  - OPERACAO LOL 2 - START 120 PDL,['Português'],[],False
36,2025-03-28 08:11,avndeus,pt,Counter-Strike,🔴 RERUN - NÃO ESTOU AO VIVO - FARM 4X PARA SUBS - LOJA RENOVADA,"['CS2', 'cs2faceit', 'ga', 'gamersclubcs', 'Português']",['MatureGame'],False
36,2025-03-28 08:11,MichaelS2,pt,VALORANT,[PT-BR] SEXTOU?! 🥳,"['JogandocomViewers', 'batepapo', 'AMA', 'Entretenimento', 'Jogadoresiniciantes', 'Jogadacasual', 'Conversação', 'Português', 'amigos', 'StreamGamer']",[],False
36,2025-03-28 08:12,flotsam,en,Sea of Thieves,✅OBSIDIAN DROPS✅ Solo Sloop PvP,"['DropsEnabled', 'Solo', 'PvP', 'English']",[],False
36,2025-03-28 08:12,just4youbby,en,Call of Duty: Black Ops 6,Core S&D,"['English', 'blackops6', 'FFA', 'Sniping', 'new', 'bad', 'multiplayer']",['MatureGame'],False
36,2025-03-28 08:12,h1twave,ru,Counter-Strike,TOP1000BY road to top500 2027elo. prem faceit | !donate !elo,"['Русский', 'cs', 'CS2', 'csgostreamer', 'кс2']",['MatureGame'],False
36,2025-03-28 08:12,cdubviral,en,Just Chatting,Good Times and Good Music,['English'],[],False
37,2025-03-28 08:19,EiMine77,pt,Minecraft,✅ RECOMPENSAS ON! | ⭐ SEJA RÁPIDO E GANHE UMA CAPA DE GRAÇA: !CAPA | 💘 INSTAGRAM: @EIMINE77 | !ajuda !rerun !sub !subgratis !loja,"['Minecraft', 'EiMine', 'Português']",[],False
37,2025-03-28 08:19,aatonz,pt,Sea of Thieves,"🟢🟡DROPS ON🟡🟢SEXTOOUUU!!! com S do seu, do meu do nosso SEA OF THIEVES JOVENSS!!PROMOÇÃO na TWITCH CONTINUA!!Aproveita hoje !!! BOM DIA!!","['casual', 'engraçado', 'pirata', 'English', 'Português', 'Yoda', 'Gaules', 'giveaway', 'DropsAtivados', 'alanzoka']",[],False
37,2025-03-28 08:19,YoDa,pt,League of Legends,LOL COM !VOICE  - OPERACAO LOL 2 - START 120 PDL,['Português'],[],False
37,2025-03-28 08:19,avndeus,pt,Counter-Strike,🔴 RERUN - NÃO ESTOU AO VIVO - FARM 4X PARA SUBS - LOJA RENOVADA,"['CS2', 'cs2faceit', 'ga', 'gamersclubcs', 'Português']",['MatureGame'],False
37,2025-03-28 08:20,flotsam,en,Sea of Thieves,✅OBSIDIAN DROPS✅ Solo Sloop PvP,"['DropsEnabled', 'Solo', 'PvP', 'English']",[],False
37,2025-03-28 08:20,MichaelS2,pt,VALORANT,[PT-BR] SEXTOU?! 🥳,"['JogandocomViewers', 'batepapo', 'AMA', 'Entretenimento', 'Jogadoresiniciantes', 'Jogadacasual', 'Conversação', 'Português', 'amigos', 'StreamGamer']",[],False
37,2025-03-28 08:20,takeshi,pt,League of Legends,TAKINHAS LIVE CURTINHA ATÉ 10H30 /// !loco !pix,['Português'],[],False
37,2025-03-28 08:20,wilianbonnerlol,pt,League of Legends,BOTANDO A 3 CONTA CHALLENGER MONO YASUO,"['yasuo', 'challenger', 'yone', 'zed', 'portugues', 'portugal', 'brasil', 'Português']",[],True
37,2025-03-28 08:20,CasalSkills,pt,League of Legends,"Bom Dia!  League of Legends !Cavalo, !Sorteio, !Pc.","['Casal', 'Gamer', 'lol', 'Português', 'LeagueaofLegends', 'CasalSkills', 'IRL', 'Ciclismo', 'pedalada', 'pedal']",[],False
38,2025-03-28 08:30,EiMine77,pt,Minecraft,✅ RECOMPENSAS ON! | ⭐ SEJA RÁPIDO E GANHE UMA CAPA DE GRAÇA: !CAPA | 💘 INSTAGRAM: @EIMINE77 | !ajuda !rerun !sub !subgratis !loja,"['Minecraft', 'EiMine', 'Português']",[],False
38,2025-03-28 08:30,aatonz,pt,Sea of Thieves,"🟢🟡DROPS ON🟡🟢SEXTOOUUU!!! com S do seu, do meu do nosso SEA OF THIEVES JOVENSS!!PROMOÇÃO na TWITCH CONTINUA!!Aproveita hoje !!! BOM DIA!!","['casual', 'engraçado', 'pirata', 'English', 'Português', 'Yoda', 'Gaules', 'giveaway', 'DropsAtivados', 'alanzoka']",[],False
38,2025-03-28 08:30,YoDa,pt,League of Legends,LOL COM !VOICE  - OPERACAO LOL 2 - START 120 PDL,['Português'],[],False
38,2025-03-28 08:30,avndeus,pt,Counter-Strike,🔴 RERUN - NÃO ESTOU AO VIVO - FARM 4X PARA SUBS - LOJA RENOVADA,"['CS2', 'cs2faceit', 'ga', 'gamersclubcs', 'Português']",['MatureGame'],False
38,2025-03-28 08:30,flotsam,en,Sea of Thieves,✅OBSIDIAN DROPS✅ Solo Sloop PvP,"['DropsEnabled', 'Solo', 'PvP', 'English']",[],False
38,2025-03-28 08:30,MichaelS2,pt,VALORANT,[PT-BR] SEXTOU?! 🥳,"['JogandocomViewers', 'batepapo', 'AMA', 'Entretenimento', 'Jogadoresiniciantes', 'Jogadacasual', 'Conversação', 'Português', 'amigos', 'StreamGamer']",[],False
38,2025-03-28 08:30,alexaaaaaaaaaa_,pt,VALORANT,[+18]CONVOCANDO TODOS OS MADRUGADORES | !metas !metaspix !bits !cosplay !pix,"['brazil', 'Português', 'pobre', 'horrivel', 'Pesadelo', 'react']",[],False
38,2025-03-28 08:30,Giwhiteblack,pt,NSG,Bom diaa - Cont... nossos jojinhos ♡ | ❗loja ❗clipe ❗sorteio  | #ZNTProductions  #StudioKraken,"['Ação', 'Português', 'Aventura', 'Estratégia', 'Sobrevivência', 'jogadacasual', 'AMA', 'PrimeiraJogada', 'JogosVariados']",[],False
38,2025-03-28 08:30,Sr_Kasai,pt,I'm Only Sleeping,Toddy ou Nescau?? - Subathon dia 95,['Português'],[],False
0,2025-03-28 17:26,DorSmiley,pt,Sea of Thieves,🟢Drops Obsidiana On | Pulheta  |  Parceiro do @lendasdomar e CSoTBr !Comandos !drops !tdm,"['Ação', 'Aventura', 'Comédia', 'Português', 'Xingamentos', 'seaofthieves', 'PvEPvP', 'SoTPvp', 'seaofthieveseason15', 'DropsAtivados']",['ProfanityVulgarity'],False
0,2025-03-28 17:26,TaisRozaa,pt,Blood Strike,+18 blood strike e oque mais hj? e bate papo,"['Português', 'farlight84', 'fortinte', 'VALORONAT', 'bloodstrike', 'minecraft', 'fps']",[],False
0,2025-03-28 17:26,MatGomesz,pt,Sea of Thieves,"🟡❗DROPS ON🟡 Acabe, acabe semana |ft. @LendasDoMar ❗olivia | Epic CODE: MatGomesz #ad |❗noping","['PvP', 'PvE', 'Aventura', 'Survival', 'Português', 'Coop', 'Xbox', 'PS5', 'Trocação', 'DropsAtivados']",[],False
0,2025-03-28 17:26,taruhgg,pt,Counter-Strike,Eu vou pegar tudo ❗curso ❗csgobig ❗neshastore ❗skinclub,['Português'],['MatureGame'],False
0,2025-03-28 17:27,HWmalk,pt,Sea of Thieves,☕ DROPS OBSIDIANOS & CAFÉ ☕ !cerco !patch,"['Português', 'AMA', 'Brasil', 'RPG', 'música', 'Conversação', 'RockRoll', 'Ansiedade', 'Interativo', 'DropsAtivados']",[],False
0,2025-03-28 17:27,eLyzao,pt,VALORANT,Terminar o rivals    ❗Nesha ❗iox +18,['Português'],[],False
0,2025-03-28 17:27,yeTz,pt,League of Legends,apenas conversas !LOCO !livepix,"['Português', 'leagueoflegeneds', 'CBLOL']",[],False
0,2025-03-28 17:27,brtt,pt,Dota 2,GAMER. !Instagram !rexpeita !livepix,['Português'],[],False
0,2025-03-28 17:27,filipoppy1,pt,League of Legends,🟠 KBM Filipoppy - mono pop desafiante top 1 pelotas 🔨 😁👍,"['Português', 'Challenger', 'poppy', 'monochampion']",[],False
1,2025-03-28 17:36,DorSmiley,pt,Sea of Thieves,🟢Drops Obsidiana On | Pulheta  |  Parceiro do @lendasdomar e CSoTBr !Comandos !drops !tdm,"['Ação', 'Aventura', 'Comédia', 'Português', 'Xingamentos', 'seaofthieves', 'PvEPvP', 'SoTPvp', 'seaofthieveseason15', 'DropsAtivados']",['ProfanityVulgarity'],False
1,2025-03-28 17:36,TaisRozaa,pt,Blood Strike,+18 blood strike e oque mais hj? e bate papo,"['Português', 'farlight84', 'fortinte', 'VALORONAT', 'bloodstrike', 'minecraft', 'fps']",[],False
1,2025-03-28 17:36,MatGomesz,pt,Sea of Thieves,"🟡❗DROPS ON🟡 Acabe, acabe semana |ft. @LendasDoMar ❗olivia | Epic CODE: MatGomesz #ad |❗noping","['PvP', 'PvE', 'Aventura', 'Survival', 'Português', 'Coop', 'Xbox', 'PS5', 'Trocação', 'DropsAtivados']",[],False
1,2025-03-28 17:36,taruhgg,pt,Counter-Strike,Eu vou pegar tudo ❗curso ❗csgobig ❗neshastore ❗skinclub,['Português'],['MatureGame'],False
1,2025-03-28 17:36,HWmalk,pt,Sea of Thieves,☕ DROPS OBSIDIANOS & CAFÉ ☕ !cerco !patch,"['Português', 'AMA', 'Brasil', 'RPG', 'música', 'Conversação', 'RockRoll', 'Ansiedade', 'Interativo', 'DropsAtivados']",[],False
1,2025-03-28 17:36,EiMine77,pt,Minecraft,✅ RECOMPENSAS ON! | ⭐ SEJA RÁPIDO E GANHE UMA CAPA DE GRAÇA: !CAPA | 💘 INSTAGRAM: @EIMINE77 | !ajuda !rerun !sub !subgratis !loja,"['Minecraft', 'EiMine', 'Português']",[],False
1,2025-03-28 17:36,ZAKl1k,pt,Minecraft,🟢 MINECRAFT | ⭐ GANHE ASSISTINDO | 🌟 REESTOQUE DIA 10 ou 16 às 18h | !loja !points !prime !sub,"['Português', 'Minecraft']",[],False
1,2025-03-28 17:36,soydanielpiedra,es,Fortnite,Drops de Fortnite: Pico Command Executor,"['gamepass', 'español', 'xbox', 'Español', 'pvp', 'fortnite', 'pico', 'commandexecutor', 'drops', 'DropsActivados']",[],False
1,2025-03-28 17:37,Satturnni,pt,Minecraft,RUMO AO LVL 700 !loja !pix,"['Satturnni', 'Minecraft', 'Português', 'mushmc', 'Bedwars', 'mushmc', 'hypixel', 'hylex']",[],False
2,2025-03-28 17:45,DorSmiley,pt,Sea of Thieves,🟢Drops Obsidiana On | Pulheta  |  Parceiro do @lendasdomar e CSoTBr !Comandos !drops !tdm,"['Ação', 'Aventura', 'Comédia', 'Português', 'Xingamentos', 'seaofthieves', 'PvEPvP', 'SoTPvp', 'seaofthieveseason15', 'DropsAtivados']",['ProfanityVulgarity'],False
2,2025-03-28 17:45,TaisRozaa,pt,Blood Strike,+18 blood strike e oque mais hj? e bate papo,"['Português', 'farlight84', 'fortinte', 'VALORONAT', 'bloodstrike', 'minecraft', 'fps']",[],False
2,2025-03-28 17:45,MatGomesz,pt,Sea of Thieves,"🟡❗DROPS ON🟡 Acabe, acabe semana |ft. @LendasDoMar ❗olivia | Epic CODE: MatGomesz #ad |❗noping","['PvP', 'PvE', 'Aventura', 'Survival', 'Português', 'Coop', 'Xbox', 'PS5', 'Trocação', 'DropsAtivados']",[],False
2,2025-03-28 17:45,EiMine77,pt,Minecraft,✅ RECOMPENSAS ON! | ⭐ SEJA RÁPIDO E GANHE UMA CAPA DE GRAÇA: !CAPA | 💘 INSTAGRAM: @EIMINE77 | !ajuda !rerun !sub !subgratis !loja,"['Minecraft', 'EiMine', 'Português']",[],False
2,2025-03-28 17:45,taruhgg,pt,Counter-Strike,Eu vou pegar tudo ❗curso ❗csgobig ❗neshastore ❗skinclub,['Português'],['MatureGame'],False
2,2025-03-28 17:45,HWmalk,pt,Sea of Thieves,☕ DROPS OBSIDIANOS & CAFÉ ☕ !cerco !patch,"['Português', 'AMA', 'Brasil', 'RPG', 'música', 'Conversação', 'RockRoll', 'Ansiedade', 'Interativo', 'DropsAtivados']",[],False
2,2025-03-28 17:45,vitinho_zr1,pt,Just Chatting,"to invicto, bota no alto. !loja","['Português', 'Inglês', 'fypシ', 'gtavrproleplay', 'metropolegg', 'metropolerp']",[],False
2,2025-03-28 17:45,turlet4,en,VALORANT,RR! Live tests to see if you will watch to farm points in the !store (God is not dead),['English'],[],False
2,2025-03-28 17:45,garvinbyrdieaanp,en,League of Legends,The Best Player Solo !,"['English', 'Português', 'fpsgames']",[],False
3,2025-03-28 17:52,DorSmiley,pt,Sea of Thieves,🟢Drops Obsidiana On | Pulheta  |  Parceiro do @lendasdomar e CSoTBr !Comandos !drops !tdm,"['Ação', 'Aventura', 'Comédia', 'Português', 'Xingamentos', 'seaofthieves', 'PvEPvP', 'SoTPvp', 'seaofthieveseason15', 'DropsAtivados']",['ProfanityVulgarity'],False
3,2025-03-28 17:53,TaisRozaa,pt,Blood Strike,+18 blood strike e oque mais hj? e bate papo,"['Português', 'farlight84', 'fortinte', 'VALORONAT', 'bloodstrike', 'minecraft', 'fps']",[],False
3,2025-03-28 17:53,MatGomesz,pt,Sea of Thieves,"🟡❗DROPS ON🟡 Acabe, acabe semana |ft. @LendasDoMar ❗olivia | Epic CODE: MatGomesz #ad |❗noping","['PvP', 'PvE', 'Aventura', 'Survival', 'Português', 'Coop', 'Xbox', 'PS5', 'Trocação', 'DropsAtivados']",[],False
3,2025-03-28 17:53,EiMine77,pt,Minecraft,✅ RECOMPENSAS ON! | ⭐ SEJA RÁPIDO E GANHE UMA CAPA DE GRAÇA: !CAPA | 💘 INSTAGRAM: @EIMINE77 | !ajuda !rerun !sub !subgratis !loja,"['Minecraft', 'EiMine', 'Português']",[],False
3,2025-03-28 17:53,HWmalk,pt,Sea of Thieves,☕ DROPS OBSIDIANOS & CAFÉ ☕ !cerco !patch,"['Português', 'AMA', 'Brasil', 'RPG', 'música', 'Conversação', 'RockRoll', 'Ansiedade', 'Interativo', 'DropsAtivados']",[],False
3,2025-03-28 17:53,taruhgg,pt,Counter-Strike,Eu vou pegar tudo ❗curso ❗csgobig ❗neshastore ❗skinclub,['Português'],['MatureGame'],False
3,2025-03-28 17:53,LendasDoMar,pt,Sea of Thieves,⭐DROPS⭐ Live curta -  Açaí nos mares| Farm intenso | Parceiro @matgomesz | !LendasDoMar,"['seaofthieves', 'navalgame', 'streamers', 'brazil', 'community', 'seaofthievescommunity', 'seaofstars', 'lendasdomar', 'Português', 'DropsAtivados']",[],False
3,2025-03-28 17:53,Taylon_TK,pt,League of Legends,🔥mono ADCARRY🔥 ❗pix ❗youtube ❗discord ❗insta ❗clip (+18) meta 540 seguidores.,"['Português', 'sonaconversa', 'batepapo', 'leagueoflegends', 'lol', 'ADC', 'ADCARRY']",[],False
3,2025-03-28 17:53,EsquadraoMAV,pt,Assassin's Creed Shadows,Maverick em Assassin's Creed Shadows (Parte 11) PC - NO HUD,"['campanha', 'hard', 'RTX', 'RTX4080', 'raytracing', 'HardestDifficulty', 'Português', 'DropsAtivados']",['MatureGame'],False
4,2025-03-28 20:01,MatGomesz,pt,Sea of Thieves,"🟡❗DROPS ON🟡 Acabe, acabe semana |❗olivia | Epic CODE: MatGomesz #ad |❗noping","['PvP', 'PvE', 'Aventura', 'Survival', 'Português', 'Coop', 'Xbox', 'PS5', 'Trocação', 'DropsAtivados']",[],False
4,2025-03-28 20:01,HWmalk,pt,Sea of Thieves,☕ DROPS OBSIDIANOS & CAFÉ ☕ !cerco !patch,"['Português', 'AMA', 'Brasil', 'RPG', 'música', 'Conversação', 'RockRoll', 'Ansiedade', 'Interativo', 'DropsAtivados']",[],False
4,2025-03-28 20:01,EiMine77,pt,Minecraft,✅ RECOMPENSAS ON! | ⭐ SEJA RÁPIDO E GANHE UMA CAPA DE GRAÇA: !CAPA | 💘 INSTAGRAM: @EIMINE77 | !ajuda !rerun !sub !subgratis !loja,"['Minecraft', 'EiMine', 'Português']",[],False
4,2025-03-28 20:01,taruhgg,pt,VALORANT,Eu vou pegar tudo ❗curso ❗csgobig ❗neshastore ❗skinclub,['Português'],[],False
4,2025-03-28 20:01,TaisRozaa,pt,ROBLOX,+18 blood strike e oque mais hj? e bate papo,"['Português', 'farlight84', 'fortinte', 'VALORONAT', 'bloodstrike', 'minecraft', 'fps']",[],False
4,2025-03-28 20:01,sicko1,pt,Fortnite,🟣 DROPS 🟣 Boa noite a toldos ❗exitlag,"['Português', 'PvP', 'English', 'Calvo', 'Idoso', 'Lindo', 'Humilde', 'chill', 'Terror', 'DropsAtivados']",[],False
4,2025-03-28 20:01,SimsIndie,pt,inZOI,Participe do desafio #InzoiDayBR valendo R$1000 😮 | 1 Sub = 🎰,"['Português', 'Mulher', 'ElaDela', 'DropsAtivados']",[],False
4,2025-03-28 20:02,Thatales_,pt,inZOI,Streamathon inZOI - Desafio valendo MIL reais #inZOIDAYBR #inZOIDAYBRThatales | LIVE DO THATA,"['Português', 'DropsAtivados']",[],False
4,2025-03-28 20:02,PamzinhX,pt,Grand Theft Auto V,EVENTO DE LORE [BH RP]❗PIX,"['Português', 'GTAVFiveM', 'gta', 'FiveMRolePlay', 'fivem', 'gtaroleplay', 'LGBTQA', 'gta6rp', 'Brasil', 'Portugal']",['MatureGame'],False
5,2025-03-28 20:14,MatGomesz,pt,Sea of Thieves,"🟡❗DROPS ON🟡 Acabe, acabe semana |❗olivia | Epic CODE: MatGomesz #ad |❗noping","['PvP', 'PvE', 'Aventura', 'Survival', 'Português', 'Coop', 'Xbox', 'PS5', 'Trocação', 'DropsAtivados']",[],False
5,2025-03-28 20:14,EiMine77,pt,Minecraft,✅ RECOMPENSAS ON! | ⭐ SEJA RÁPIDO E GANHE UMA CAPA DE GRAÇA: !CAPA | 💘 INSTAGRAM: @EIMINE77 | !ajuda !rerun !sub !subgratis !loja,"['Minecraft', 'EiMine', 'Português']",[],False
5,2025-03-28 20:14,taruhgg,pt,VALORANT,Eu vou pegar tudo ❗curso ❗csgobig ❗neshastore ❗skinclub,['Português'],[],False
5,2025-03-28 20:14,TaisRozaa,pt,ROBLOX,+18 blood strike e oque mais hj? e bate papo,"['Português', 'farlight84', 'fortinte', 'VALORONAT', 'bloodstrike', 'minecraft', 'fps']",[],False
5,2025-03-28 20:14,eLyzao,pt,VALORANT,Terminar o rivals    ❗Nesha ❗iox +18,['Português'],[],False
5,2025-03-28 20:14,sicko1,pt,Fortnite,🟣 DROPS 🟣 Boa noite a toldos ❗exitlag,"['Português', 'PvP', 'English', 'Calvo', 'Idoso', 'Lindo', 'Humilde', 'chill', 'Terror', 'DropsAtivados']",[],False
5,2025-03-28 20:14,bellanoobyt,pt,Fortnite,"[DROPS ON] SUBATHON DIA 1+SORTEIO: 1 SUB=10 MIN, 100 BITS=5 MIN, 10 SUBS= 1H40MIN, 1 REAL=1 MIN !pix !loja !points CODE: BELLA-NOOB-YT","['Fortnite', 'Português', 'Mulher', 'Portugal', 'fps', 'reload', 'sorteio', 'Trocação', 'subathon', 'DropsAtivados']",[],False
5,2025-03-28 20:14,morenageek,pt,Fortnite,Pinando até cansar o dedo,"['Fortnite', 'GirlPlayer', 'PS5LiveStream', 'ControlerGaming', 'Português', 'DropsAtivados']",[],False
5,2025-03-28 20:14,oimille,pt,Fortnite,[DROPS ON] LIVE MAIS RAPIDINHA HOJE❗JOGAR  ❗NICK ❗PRESENTE❗PRIME ❗PIX ❗INSTA ❗DISCORD,"['Português', 'DropsAtivados']",[],True
6,2025-03-29 00:01,iShadowWolf_,pt,Fall Guys,(+18) Livezinha Muito Doida!   ||   (❗comandos ❗metas ❗drops)   ||   (Epic Code: SHADOWOLF),['Português'],[],False
6,2025-03-29 00:01,waveigl,pt,Counter-Strike,+18 🔞 WAVEIGL ❤️ !AULA DE CS2 !TESTEBLACKBELT !COMANDOS !VALORANT,['Português'],"['MatureGame', 'ProfanityVulgarity']",False
6,2025-03-29 00:01,taruhgg,pt,VALORANT,Eu vou pegar tudo ❗curso ❗csgobig ❗neshastore ❗skinclub,['Português'],[],False
6,2025-03-29 00:01,Bkinho,pt,Grand Theft Auto V,O GRANDE FIM É HOJE?! DIA DE WIPE?,"['Português', 'Turquia', 'Hype', 'Bkinho']",['MatureGame'],False
6,2025-03-29 00:01,EiMine77,pt,Minecraft,✅ RECOMPENSAS ON! | ⭐ SEJA RÁPIDO E GANHE UMA CAPA DE GRAÇA: !CAPA | 💘 INSTAGRAM: @EIMINE77 | !ajuda !rerun !sub !subgratis !loja,"['Minecraft', 'EiMine', 'Português', 'RecompensasEspetadores']",[],False
6,2025-03-29 00:01,pirangueirah,pt,Pummel Party,[+18] Pummel das amigas ❤️,"['LGBTQIAMais', 'Português', 'kekel', 'Ele', 'Ela', 'deadbbydaylight', 'fortinite']",['MatureGame'],False
6,2025-03-29 00:02,Robfortes,pt,EA Sports FC 25,"MUUUITOS Packs, DMEs, EVOs, FutChampions e muito mais! | siga me os bons @robfortes | ❕analise ❕pix ❕insta",['Português'],[],False
6,2025-03-29 00:02,JanjaoMachado,pt,EA Sports FC 25,💥NOVO XERIFÃO PARA COMANDAR O CHAMEGA FC!!,"['eafc25', 'adolfz', 'paivinha29', 'fifenzo', 'WENDELLLIRA', 'pelegrino1993', 'sharkmacedo', 'Português', 'eafc25ultimateteam']",[],False
6,2025-03-29 00:02,SWAVYFUT,pt,EA Sports FC 25,WL EM 10 CONTAS + DICAS DE GAMEPLAY | !cliente !site,['Português'],[],True
7,2025-03-29 00:10,iShadowWolf_,pt,Fall Guys,(+18) Livezinha Muito Doida!   ||   (❗comandos ❗metas ❗drops)   ||   (Epic Code: SHADOWOLF),['Português'],[],False
7,2025-03-29 00:10,waveigl,pt,Counter-Strike,+18 🔞 WAVEIGL ❤️ !AULA DE CS2 !TESTEBLACKBELT !COMANDOS !VALORANT,['Português'],"['MatureGame', 'ProfanityVulgarity']",False
7,2025-03-29 00:10,taruhgg,pt,VALORANT,Eu vou pegar tudo ❗curso ❗csgobig ❗neshastore ❗skinclub,['Português'],[],False
7,2025-03-29 00:11,Bkinho,pt,Grand Theft Auto V,O GRANDE FIM É HOJE?! DIA DE WIPE?,"['Português', 'Turquia', 'Hype', 'Bkinho']",['MatureGame'],False
7,2025-03-29 00:11,EiMine77,pt,Minecraft,✅ RECOMPENSAS ON! | ⭐ SEJA RÁPIDO E GANHE UMA CAPA DE GRAÇA: !CAPA | 💘 INSTAGRAM: @EIMINE77 | !ajuda !rerun !sub !subgratis !loja,"['Minecraft', 'EiMine', 'Português', 'RecompensasEspetadores']",[],False
7,2025-03-29 00:11,Praxt_,pt,Fortnite,DROPS ON! ASSISTA E GANHE ITENS GRÁTIS! !drop,"['Português', 'Fortnite', 'vbucks', 'AMA', 'PlayingwWithViewers', 'SeiosFartos', 'regras', 'LGBT', 'ＬＯＬ', 'LiveFamilia']",[],False
7,2025-03-29 00:11,Riyuuka,pt,Marvel Rivals,♡ (DROPs) Reacts e Jogos ♡ REDES: @riyuuka ♡ ~!hoje ~!loki ~!calendario,"['Português', 'DroppsEnabled', 'DropsAtivados']",['ProfanityVulgarity'],False
7,2025-03-29 00:11,Alynne_fs,pt,Marvel Rivals,DROPS ON (Celestial gameplay Suporte) Marvel Rivals e VALORANT!,"['Português', 'DropsAtivados']",[],False
7,2025-03-29 00:11,cak3s,pt,Call of Duty: Black Ops 6,balas balas balassssssssssssss !instant !video,['Português'],"['MatureGame', 'ProfanityVulgarity']",False
8,2025-03-29 00:17,iShadowWolf_,pt,Fall Guys,(+18) Livezinha Muito Doida!   ||   (❗comandos ❗metas ❗drops)   ||   (Epic Code: SHADOWOLF),['Português'],[],False
8,2025-03-29 00:17,waveigl,pt,Counter-Strike,+18 🔞 WAVEIGL ❤️ !AULA DE CS2 !TESTEBLACKBELT !COMANDOS !VALORANT,['Português'],"['MatureGame', 'ProfanityVulgarity']",False
8,2025-03-29 00:18,EiMine77,pt,Minecraft,✅ RECOMPENSAS ON! | ⭐ SEJA RÁPIDO E GANHE UMA CAPA DE GRAÇA: !CAPA | 💘 INSTAGRAM: @EIMINE77 | !ajuda !rerun !sub !subgratis !loja,"['Minecraft', 'EiMine', 'Português', 'RecompensasEspetadores']",[],False
8,2025-03-29 00:18,exexeboy,pt,Overwatch 2,aaaaaaaaaaaaaaaaaaaaaaaaaaaaaaaaaaaaaaaaaaaaaaaaaaaaaaaaaaaaaaaaaaaaa,"['Portuguese', 'Português', 'DropsAtivados']",[],False
8,2025-03-29 00:18,Bkinho,pt,Grand Theft Auto V,O GRANDE FIM É HOJE?! DIA DE WIPE?,"['Português', 'Turquia', 'Hype', 'Bkinho']",['MatureGame'],False
8,2025-03-29 00:18,Nitrao_,pt,Marvel Rivals,ESPANCANDO O CLT BRASILEIRO EDIÇÃO 1,"['Português', 'DropsAtivados']",[],False
8,2025-03-29 00:18,chattlor,pt,Wuthering Waves,finalmente estamos voltando 🌾,"['Português', 'vtuber', 'chill', 'confortável', 'anxiety', 'comfy', 'ASMRauditivo', 'English', 'DropsAtivados']",[],False
8,2025-03-29 00:18,UniBr2,pt,League of Legends,Entre e ganhe uma batata! @haruninha @NynnaMelo @shayrabkofc @LuluxEgirl,"['Português', 'leagueoflegends', 'deadbydaylight', 'girlgamers', 'CountersStrike', 'Brasil', 'Anime', 'arcane']",[],False
8,2025-03-29 00:18,DanteVaderTV,pt,Supermarket Together,Vem pra birosca! - Subathon Especial de Aniversario (dia 35) [ +18 / !sr on / !loja / !pokecatch],['Português'],"['ProfanityVulgarity', 'ViolentGraphic']",False
9,2025-03-29 04:01,iShadowWolf_,pt,Sea of Thieves,(+18) Livezinha Muito Doida!   ||   (❗comandos ❗metas ❗drops)   ||   (Epic Code: SHADOWOLF),"['Português', 'DropsAtivados']",[],False
9,2025-03-29 04:01,TakashiTS09,pt,League of Legends,gamegamegame,['Português'],['ProfanityVulgarity'],False
9,2025-03-29 04:01,waveigl,pt,Counter-Strike,+18 🔞 WAVEIGL ❤️ !AULA DE CS2 !TESTEBLACKBELT !COMANDOS !VALORANT,['Português'],"['MatureGame', 'ProfanityVulgarity']",False
9,2025-03-29 04:01,pirangueirah,pt,Grand Theft Auto V,[+18] Rpzin ❤️,"['LGBTQIAMais', 'Português', 'kekel', 'Ele', 'Ela', 'deadbbydaylight', 'fortinite']",['MatureGame'],False
9,2025-03-29 04:02,Bkinho,pt,Grand Theft Auto V,O GRANDE FIM É HOJE?! DIA DE WIPE?,"['Português', 'Turquia', 'Hype', 'Bkinho']",['MatureGame'],False
9,2025-03-29 04:02,LipinhOr,pt,Deadside,"COMPREI O PS5 PRO NOVAMENTE, E DESSA VEZ FOI LOGO NA SHOPEE 🤣 | ❗Eneba","['Português', 'gta', 'roleplay']",[],False
9,2025-03-29 04:02,bibitzinha,pt,VALORANT,🎀 TODAS AS ESTRELAS BRILHAM POR VOCÊ [VTUBER BR (+18)] ✨ ❗comandos,"['Português', 'VtuberBR', 'MulherDePreso', 'submissa', 'gore', 'fofa', 'doida']",['ProfanityVulgarity'],False
9,2025-03-29 04:02,Vaquinhu,pt,VALORANT,Vavazinho da madruga,"['Português', 'Vaquinhu', 'Vtuber', 'English', 'Vaquinho', 'VtuberBR', 'valorant']",['ProfanityVulgarity'],False
9,2025-03-29 04:02,BaniNanaVT,pt,VALORANT,Eu só paro de jogar quando sair do ferro >:)) @fewdan,"['Vtuber', 'Português', 'vtuberbr', 'vtuberfemale', 'gameplay', 'songrequest', 'collab', 'valorant']","['ProfanityVulgarity', 'ViolentGraphic']",False
10,2025-03-29 04:09,iShadowWolf_,pt,Sea of Thieves,(+18) Livezinha Muito Doida!   ||   (❗comandos ❗metas ❗drops)   ||   (Epic Code: SHADOWOLF),"['Português', 'DropsAtivados']",[],False
10,2025-03-29 04:10,TakashiTS09,pt,League of Legends,gamegamegame,['Português'],['ProfanityVulgarity'],False
10,2025-03-29 04:10,waveigl,pt,Counter-Strike,+18 🔞 WAVEIGL ❤️ !AULA DE CS2 !TESTEBLACKBELT !COMANDOS !VALORANT,['Português'],"['MatureGame', 'ProfanityVulgarity']",False
10,2025-03-29 04:10,pirangueirah,pt,Grand Theft Auto V,[+18] Rpzin ❤️,"['LGBTQIAMais', 'Português', 'kekel', 'Ele', 'Ela', 'deadbbydaylight', 'fortinite']",['MatureGame'],False
10,2025-03-29 04:10,Bkinho,pt,Grand Theft Auto V,O GRANDE FIM É HOJE?! DIA DE WIPE?,"['Português', 'Turquia', 'Hype', 'Bkinho']",['MatureGame'],False
10,2025-03-29 04:10,LipinhOr,pt,Deadside,"COMPREI O PS5 PRO NOVAMENTE, E DESSA VEZ FOI LOGO NA SHOPEE 🤣 | ❗Eneba","['Português', 'gta', 'roleplay']",[],False
10,2025-03-29 04:10,camizlobato,pt,VALORANT,MUITA MIRA E POUCA VERDADE ☠️🔫,"['Português', 'Mulher', 'Jogos', 'Competitivo', 'girl', 'fps']",['ProfanityVulgarity'],True
10,2025-03-29 04:10,naju_duarte,pt,VALORANT,Bora de vavazaun? comandos: !elo !periféricos  !pc !instagram !tiktok !sensi !nick !pix !designer !coach !discord / VALORANT,"['Português', 'fifine', 'valorantcompetetive', 'VALORANＴ', 'reacts', 'valorant']",[],False
10,2025-03-29 04:10,loma_sz,pt,VALORANT,valorant +18 !pix !comandos !clip !discord,"['gamer', 'VALORANＴ', 'Mulher', 'Português']",[],False
11,2025-03-29 04:17,iShadowWolf_,pt,Sea of Thieves,(+18) Livezinha Muito Doida!   ||   (❗comandos ❗metas ❗drops)   ||   (Epic Code: SHADOWOLF),"['Português', 'DropsAtivados']",[],False
11,2025-03-29 04:17,TakashiTS09,pt,League of Legends,gamegamegame,['Português'],['ProfanityVulgarity'],False
11,2025-03-29 04:17,waveigl,pt,Counter-Strike,+18 🔞 WAVEIGL ❤️ !AULA DE CS2 !TESTEBLACKBELT !COMANDOS !VALORANT,['Português'],"['MatureGame', 'ProfanityVulgarity']",False
11,2025-03-29 04:17,pirangueirah,pt,Grand Theft Auto V,[+18] Rpzin ❤️,"['LGBTQIAMais', 'Português', 'kekel', 'Ele', 'Ela', 'deadbbydaylight', 'fortinite']",['MatureGame'],False
11,2025-03-29 04:17,Bkinho,pt,Grand Theft Auto V,O GRANDE FIM É HOJE?! DIA DE WIPE?,"['Português', 'Turquia', 'Hype', 'Bkinho']",['MatureGame'],False
11,2025-03-29 04:18,LipinhOr,pt,Deadside,"COMPREI O PS5 PRO NOVAMENTE, E DESSA VEZ FOI LOGO NA SHOPEE 🤣 | ❗Eneba","['Português', 'gta', 'roleplay']",[],False
11,2025-03-29 04:18,sabrinoca,pt,Schedule I,inhai sabryfazendeira !odyssey !odysseycup,"['Português', 'MãeDePrimeiraViagem', 'BaratinhaDeFogão', 'Concubina', 'Melões', 'MulherDePreso', 'LeagueofLegends', 'Aliada', 'GíriasRegionais', 'Simples']",[],True
11,2025-03-29 04:18,Aquazuxa_,pt,VALORANT,HEHEHEHEHEHE ❗️fizhistoria ❗️lista ❗️pix ❗️acervo ❗️amazon ❗️jogo,"['Português', 'LGBT', 'Trans', 'mulherdebandido', 'mamainmamaintocomfome', 'soutransvaiveropé', 'valeu']",[],False
11,2025-03-29 04:18,srEly,pt,VALORANT,"low elo da madrugada, boa dia | -> !metas !pix !alertas !yt #ShirtMySurvivor",['Português'],[],False
12,2025-03-29 04:24,iShadowWolf_,pt,Sea of Thieves,(+18) Livezinha Muito Doida!   ||   (❗comandos ❗metas ❗drops)   ||   (Epic Code: SHADOWOLF),"['Português', 'DropsAtivados']",[],False
12,2025-03-29 04:24,waveigl,pt,Counter-Strike,+18 🔞 WAVEIGL ❤️ !AULA DE CS2 !TESTEBLACKBELT !COMANDOS !VALORANT,['Português'],"['MatureGame', 'ProfanityVulgarity']",False
12,2025-03-29 04:24,pirangueirah,pt,Grand Theft Auto V,[+18] Rpzin ❤️,"['LGBTQIAMais', 'Português', 'kekel', 'Ele', 'Ela', 'deadbbydaylight', 'fortinite']",['MatureGame'],False
12,2025-03-29 04:25,Bkinho,pt,Grand Theft Auto V,O GRANDE FIM É HOJE?! DIA DE WIPE?,"['Português', 'Turquia', 'Hype', 'Bkinho']",['MatureGame'],False
12,2025-03-29 04:25,LipinhOr,pt,Deadside,"COMPREI O PS5 PRO NOVAMENTE, E DESSA VEZ FOI LOGO NA SHOPEE 🤣 | ❗Eneba","['Português', 'gta', 'roleplay']",[],False
12,2025-03-29 04:25,exexeboy,pt,Overwatch 2,aaaaaaaaaaaaaaaaaaaaaaaaaaaaaaaaaaaaaaaaaaaaaaaaaaaaaaaaaaaaaaaaaaaaa,"['Portuguese', 'Português', 'DropsAtivados']",[],False
12,2025-03-29 04:25,ZAKl1k,pt,Minecraft,🟢 MINECRAFT | ⭐ GANHE ASSISTINDO | 🌟 REESTOQUE DIA 10 ou 16 às 18h | !loja !points !prime !sub,"['Português', 'Minecraft', 'RecompensasEspetadores']",[],False
12,2025-03-29 04:25,DoleDeDole,pt,Minecraft,"DOLETONA: DIA 63 / SUB + 7 MIN, 100 BITS + 7 MIN, 1 REAL + 2 MIN - !doletona !pix !canal2 !audios !youtube !bluesky","['Português', 'RecompensasEspetadores']",[],False
12,2025-03-29 04:25,mesquitalivee,pt,Counter-Strike,+18 SUBATHON DE VAGABUNDO !Discord !Pix,"['Português', 'Reposição']",['MatureGame'],False
13,2025-03-29 08:02,iShadowWolf_,pt,Fortnite,(+18) Livezinha Muito Doida!   ||   (❗comandos ❗metas ❗drops)   ||   (Epic Code: SHADOWOLF),"['Português', 'DropsAtivados']",[],False
13,2025-03-29 08:02,YoDa,pt,League of Legends,LOL COM !VOICE  - OPERACAO LOL 2 - START 170 PDL - NO SABADAO,['Português'],[],False
13,2025-03-29 08:02,EiMine77,pt,Minecraft,✅ RECOMPENSAS ON! | ⭐ SEJA RÁPIDO E GANHE UMA CAPA DE GRAÇA: !CAPA | 💘 INSTAGRAM: @EIMINE77 | !ajuda !rerun !sub !subgratis !loja,"['Minecraft', 'EiMine', 'Português', 'RecompensasEspetadores']",[],False
13,2025-03-29 08:02,flotsam,en,Sea of Thieves,✅OBSIDIAN DROPS✅ Bully PvP w/ @cjshiz,"['DropsEnabled', 'Solo', 'PvP', 'English']",[],False
13,2025-03-29 08:02,waveigl,pt,Manor Lords,+18 🔞 WAVEIGL ❤️ JOGUINHO DE LORD ANTI STRESS,['Português'],['ProfanityVulgarity'],False
13,2025-03-29 08:02,NTV_Games,pt,Grand Theft Auto V,🔞 🟢RERUN🟢 🔫liberty🔫 ❗Comandos ❗Pix ❗Instagram ❗tiktok ❗Rs pedir musica..,['Português'],['MatureGame'],False
13,2025-03-29 08:02,vovo_grobau,pt,Counter-Strike,"🔥Sorteio de skins na live do vovô! 🎮 Entre na bagunça participe: ❗cupom, ❗sorteio, ❗musica ❗gruporifa ❗luva","['Português', 'CS2', 'counterstrike', 'fps', 'jogosdetiros', 'cs', 'sorteio', 'resenha', 'skins', 'sorteiodeskins']","['DrugsIntoxication', 'Gambling', 'MatureGame', 'ProfanityVulgarity', 'SexualThemes', 'ViolentGraphic']",False
13,2025-03-29 08:02,giulianrbs,pt,Teamfight Tactics,L I V E !spotify  !livepix,"['Português', 'Musica', 'AMA', 'drops', 'maratona']",[],False
13,2025-03-29 08:02,BrunoBalloni,pt,Counter-Strike,🔴RERUN!!!-> ❗csgocases ❗regraloja❗farm ❗sub ❗msg ❗loja,"['Português', 'fps', 'Brasil', 'counterstrike', 'cs', 'cs2', 'brazil']",['MatureGame'],False
14,2025-03-29 08:09,iShadowWolf_,pt,Fortnite,(+18) Livezinha Muito Doida!   ||   (❗comandos ❗metas ❗drops)   ||   (Epic Code: SHADOWOLF),"['Português', 'DropsAtivados']",[],False
14,2025-03-29 08:09,maahmurollo,pt,Fortnite,[DROPS ON] Jogando com o chat 🔥 ❤️ ❗JOGAR ❗LOJA    MUROLLO #ad,"['gamer', 'Português', 'Fortnite', 'ZeroBuild', 'battleroyale', 'Reposição', 'DropsAtivados']",[],True
14,2025-03-29 08:09,waveigl,pt,Manor Lords,+18 🔞 WAVEIGL ❤️ JOGUINHO DE LORD ANTI STRESS,['Português'],['ProfanityVulgarity'],False
14,2025-03-29 08:09,aatonz,pt,Sea of Thieves,🟢🟡DROPS ON🟡🟢Ae Kassinãão é SABADAAAÇO!! Pode até chover e relampejar HOJE EU VOU PIRATEAAR!!VAMOoO!! PROMOÇÃO na TWITCH!!! BOM DIA!!,"['casual', 'engraçado', 'pirata', 'English', 'Português', 'Yoda', 'Gaules', 'giveaway', 'alanzoka', 'DropsAtivados']",[],False
14,2025-03-29 08:09,flotsam,en,Sea of Thieves,✅OBSIDIAN DROPS✅ Bully PvP w/ @cjshiz,"['DropsEnabled', 'Solo', 'PvP', 'English']",[],False
14,2025-03-29 08:09,YoDa,pt,League of Legends,LOL COM !VOICE  - OPERACAO LOL 2 - START 170 PDL - NO SABADAO,['Português'],[],False
14,2025-03-29 08:09,CZSBrasil,pt,Just Chatting,[🟢 ONLINE] CZSBrasil | Bom Dia Família - Organizando a Comunidade :: FARM 2X [SUBS EM DOBRO]❗️PIX❗️DISCORD❗️YT  🚫 +18,"['Português', 'ARKSurvivalEvolved', 'ArkSurvivalAcended', 'Resenha', 'Multiplayer', 'Building', 'CZSBrasil', 'LivePIX']",[],True
14,2025-03-29 08:09,ptpequeno,pt,ARK: Survival Ascended,𝙇𝙄𝙑𝙀 𝙊𝙉!! 🦖𝐏𝐕𝐄 𝐎𝐟𝐟𝐢𝐜𝐢𝐚𝐥🦖  ❗Follow=400 pontos❗ LOJA ❗PONTOS❗DISCORD,"['English', 'portugués', 'ARK', 'ASA', 'PvE', 'Português', 'official', 'SurvivaI', 'SurvivaI']",[],False
14,2025-03-29 08:09,oTioZero,pt,Assassin's Creed Shadows,ASSASSIN'S CREED SHADOWS Platina PS5 (DROPS ON) #ubisoftpartner !creators !youtube !liveyoutube !canalnovo !nuuvem,"['Brasil', 'gamer', 'variedade', 'Conquistas', 'Português', 'playstation', 'Portugal', 'gta6', 'pt', 'reacts']",['MatureGame'],False
15,2025-03-29 12:01,EiMine77,pt,Minecraft,✅ RECOMPENSAS ON! | ⭐ SEJA RÁPIDO E GANHE UMA CAPA DE GRAÇA: !CAPA | 💘 INSTAGRAM: @EIMINE77 | !ajuda !rerun !sub !subgratis !loja,"['Minecraft', 'EiMine', 'Português', 'RecompensasEspetadores']",[],False
15,2025-03-29 12:01,paivinha29,pt,EA Sports FC 25,SUPER ANUNCIO 14HR- WL DO BRASFUT COM KAKA E RONALDO+ HYPE DAS 15HR !CURSO  !COINS  !TRUST  !TRADE,"['Português', 'paivinha29', 'Futebol', 'entretenimiento']",[],False
15,2025-03-29 12:01,maahmurollo,pt,Overwatch 2,[DROPS ON] Jogando com o chat 🔥 ❤️ ❗JOGAR ❗LOJA    MUROLLO #ad,"['gamer', 'Português', 'Fortnite', 'ZeroBuild', 'battleroyale', 'Reposição', 'DropsAtivados']",[],True
15,2025-03-29 12:01,frttt,pt,VALORANT,🟢💚AO VIVO - COPA CAVAVALO BY VISA,['Português'],[],False
15,2025-03-29 12:01,eLyzao,pt,Counter-Strike,SORTEIO DOS SUBS DIA 31 5 SKINS ( 500 REAIS EM SKINS )     ❗Nesha ❗iox +18,['Português'],['MatureGame'],False
15,2025-03-29 12:01,aatonz,pt,Sea of Thieves,🟢🟡DROPS ON🟡🟢Ae Kassinãão é SABADAAAÇO!! Pode até chover e relampejar HOJE EU VOU PIRATEAAR!!VAMOoO!! PROMOÇÃO na TWITCH!!! BOM DIA!!,"['casual', 'engraçado', 'pirata', 'English', 'Português', 'Yoda', 'Gaules', 'giveaway', 'alanzoka', 'DropsAtivados']",[],False
16,2025-03-29 12:11,EiMine77,pt,Minecraft,✅ RECOMPENSAS ON! | ⭐ SEJA RÁPIDO E GANHE UMA CAPA DE GRAÇA: !CAPA | 💘 INSTAGRAM: @EIMINE77 | !ajuda !rerun !sub !subgratis !loja,"['Minecraft', 'EiMine', 'Português', 'RecompensasEspetadores']",[],False
16,2025-03-29 12:11,paivinha29,pt,EA Sports FC 25,SUPER ANUNCIO 14HR- WL DO BRASFUT COM KAKA E RONALDO+ HYPE DAS 15HR !CURSO  !COINS  !TRUST  !TRADE,"['Português', 'paivinha29', 'Futebol', 'entretenimiento']",[],False
16,2025-03-29 12:12,maahmurollo,pt,Overwatch 2,[DROPS ON] Jogando com o chat 🔥 ❤️ ❗JOGAR ❗LOJA    MUROLLO #ad,"['gamer', 'Português', 'Fortnite', 'ZeroBuild', 'battleroyale', 'Reposição', 'DropsAtivados']",[],True
16,2025-03-29 12:12,frttt,pt,VALORANT,🟢💚AO VIVO - COPA CAVAVALO BY VISA,['Português'],[],False
16,2025-03-29 12:12,eLyzao,pt,Counter-Strike,SORTEIO DOS SUBS DIA 31 5 SKINS ( 500 REAIS EM SKINS )     ❗Nesha ❗iox +18,['Português'],['MatureGame'],False
16,2025-03-29 12:12,aatonz,pt,Sea of Thieves,🟢🟡DROPS ON🟡🟢Ae Kassinãão é SABADAAAÇO!! Pode até chover e relampejar HOJE EU VOU PIRATEAAR!!VAMOoO!! PROMOÇÃO na TWITCH!!! BOM DIA!!,"['casual', 'engraçado', 'pirata', 'English', 'Português', 'Yoda', 'Gaules', 'giveaway', 'alanzoka', 'DropsAtivados']",[],False
16,2025-03-29 12:12,TioPedroJoga,pt,EA Sports FC 25,NEYMAR EVO E KAKÁ DREAMCHASER NA WL DA SEGUE O RUMO! !cliente !coins !camiseta,['Português'],[],False
16,2025-03-29 12:12,Fifandrade,pt,EA Sports FC 25,"WL NA SECUNDÁRIA DE CRIS TOTY, SUAREZ E PEDRO NETO! !donate1 !donate2 !coins !sub !pix","['Português', 'eaesports', 'EAFC', 'eafc25', 'ultimateteam', 'fc25', 'fc25gameplay']",[],False
16,2025-03-29 12:12,oBruxoFut,pt,EA Sports FC 25,"✨ WL COM KAKA E GABRIEL MAGALHÃES, GULLIT E O ETERNO SONHO DO RANK 1 ❗️tatica ❗️st ❗️lurdinha","['Português', 'muitoelegante', 'charmoso', 'bonito', 'inteligente', 'carismático', 'educado', 'proplayer', 'futebol', 'fitness']",[],False
17,2025-03-29 12:22,paivinha29,pt,EA Sports FC 25,SUPER ANUNCIO 14HR- WL DO BRASFUT COM KAKA E RONALDO+ HYPE DAS 15HR !CURSO  !COINS  !TRUST  !TRADE,"['Português', 'paivinha29', 'Futebol', 'entretenimiento']",[],False
17,2025-03-29 12:23,EiMine77,pt,Minecraft,✅ RECOMPENSAS ON! | ⭐ SEJA RÁPIDO E GANHE UMA CAPA DE GRAÇA: !CAPA | 💘 INSTAGRAM: @EIMINE77 | !ajuda !rerun !sub !subgratis !loja,"['Minecraft', 'EiMine', 'Português', 'RecompensasEspetadores']",[],False
17,2025-03-29 12:23,frttt,pt,VALORANT,🟢💚AO VIVO - COPA CAVAVALO BY VISA,['Português'],[],False
17,2025-03-29 12:23,eLyzao,pt,Counter-Strike,SORTEIO DOS SUBS DIA 31 5 SKINS ( 500 REAIS EM SKINS )     ❗Nesha ❗iox +18,['Português'],['MatureGame'],False
17,2025-03-29 12:23,Gaules,pt,Counter-Strike,UNO MILLE vs Bounty Hunters - PGL Astana Closed Qualify SA  - !socio - Siga @Gaules nas redes sociais!,['Português'],['MatureGame'],True
17,2025-03-29 12:23,YoDa,pt,League of Legends,LOL COM !VOICE  - OPERACAO LOL 2 - START 170 PDL - NO SABADAO,['Português'],[],False
17,2025-03-29 12:23,Larissaorp,pt,Grand Theft Auto V,+18 [FRANÇA] SEXTOUUU  @larissaorp !comandos !playlist !pix,"['Português', 'larissinha', 'metropolegg']",['MatureGame'],False
17,2025-03-29 12:23,dabliuking,pt,Grand Theft Auto V,+18 [ PLF & METROPOLE ] BORA DOMINAR UNS LUGARES?  ❗PIX ❗PLF ❗TDC,"['Português', 'RP', 'GTARPLIVE', 'goat', 'metropole', 'metropolegg', 'metropolerp']",['MatureGame'],False
17,2025-03-29 12:23,ratinharp,pt,Grand Theft Auto V,🔞 CAPITAL - RATINHA LÍDER DA I.M.A. 🐭🎀,"['CAPITAL', 'capitalcity', 'complexo', 'capitalrp', 'RatinhaRP', 'RP', 'Roleplay', 'PaulinhoLOKObr', 'loudcoringa', 'Português']",['MatureGame'],True
18,2025-03-29 16:01,HWmalk,pt,Sea of Thieves,👑 CERCO À COROA 👑 !cerco !times !sotbr,"['Português', 'AMA', 'Brasil', 'RPG', 'música', 'Conversação', 'RockRoll', 'Ansiedade', 'Interativo', 'DropsAtivados']",[],False
18,2025-03-29 16:01,DorSmiley,pt,Sea of Thieves,🟢Evento Cerco à Coroa  | TDM | @hwmalk Parceiro do CSoTBr  e  @lendasdomar !Comandos !drops !tdm,"['Ação', 'Aventura', 'Comédia', 'Português', 'Xingamentos', 'seaofthieves', 'PvEPvP', 'SoTPvp', 'seaofthieveseason15', 'DropsAtivados']",['ProfanityVulgarity'],False
18,2025-03-29 16:01,frttt,pt,VALORANT,🟢💚AO VIVO - COPA CAVAVALO BY VISA,['Português'],[],False
18,2025-03-29 16:01,playinghazel,pt,Sea of Thieves,✅ OBSIDIAN DROPS ✅ Sábado com S de SEM folga! | !redes !discord !lendasdomar,"['SeaofThieves', 'Português', 'LGBTQIAPIus', 'PvP', 'PvE', 'DropsAtivados']",[],False
18,2025-03-29 16:01,paivinha29,pt,EA Sports FC 25,SUPER ANUNCIO 14HR- WL DO BRASFUT COM KAKA E RONALDO+ HYPE DAS 15HR !CURSO  !COINS  !TRUST  !TRADE,"['Português', 'paivinha29', 'Futebol', 'entretenimiento']",[],False
18,2025-03-29 16:01,eusamanta,pt,VALORANT,SÁBADOU! Bora pra live.,['Português'],[],False
18,2025-03-29 16:02,CORALtv_,pt,Fortnite,DROPS ON ✨JOGANDO COM O CHAT  ❤️  RESGATE ITENS NA !LOJA ✨ USE CODE: COORAL #AD ✨ !RESGATE,"['Português', 'Fortnite', 'sorteio', 'VbucksGrátis', 'sorteios', 'vbucks', 'jogandocomespectadores', 'DropsAtivados']",[],False
18,2025-03-29 16:02,pulgaboy,pt,Fortnite,!DROPS ON / FNCS DIV 1 FINALS,"['Fortnite', 'Português', 'DropsAtivados']",[],False
18,2025-03-29 16:02,PSMISSX,pt,Fortnite,🔴[DROP ON] 🔴DIA 3 - SUBATHON DA TIA MISS 🔴 AJUDE A SUBIR O TIMER🔴,"['FPS', 'Portugal', 'Brasil', 'zerobuild', 'Fortnite', 'legenda', 'ClosedCaptions', 'SemConstrução', 'Português', 'DropsAtivados']",[],False
19,2025-03-29 16:10,HWmalk,pt,Sea of Thieves,👑 CERCO À COROA 👑 !cerco !times !sotbr,"['Português', 'AMA', 'Brasil', 'RPG', 'música', 'Conversação', 'RockRoll', 'Ansiedade', 'Interativo', 'DropsAtivados']",[],False
19,2025-03-29 16:10,DorSmiley,pt,Sea of Thieves,🟢Evento Cerco à Coroa  | TDM | @hwmalk Parceiro do CSoTBr  e  @lendasdomar !Comandos !drops !tdm,"['Ação', 'Aventura', 'Comédia', 'Português', 'Xingamentos', 'seaofthieves', 'PvEPvP', 'SoTPvp', 'seaofthieveseason15', 'DropsAtivados']",['ProfanityVulgarity'],False
19,2025-03-29 16:10,frttt,pt,VALORANT,🟢💚AO VIVO - COPA CAVAVALO BY VISA,['Português'],[],False
19,2025-03-29 16:10,playinghazel,pt,Sea of Thieves,✅ OBSIDIAN DROPS ✅ Sábado com S de SEM folga! | !redes !discord !lendasdomar,"['SeaofThieves', 'Português', 'LGBTQIAPIus', 'PvP', 'PvE', 'DropsAtivados']",[],False
19,2025-03-29 16:10,paivinha29,pt,EA Sports FC 25,SUPER ANUNCIO 14HR- WL DO BRASFUT COM KAKA E RONALDO+ HYPE DAS 15HR !CURSO  !COINS  !TRUST  !TRADE,"['Português', 'paivinha29', 'Futebol', 'entretenimiento']",[],False
19,2025-03-29 16:10,eusamanta,pt,VALORANT,SÁBADOU! Bora pra live.,['Português'],[],False
19,2025-03-29 16:10,HenriqueOph,pt,Minecraft,DROP DE CAPA ATIVO DIGITE: !CAPA - ESPECIAL 10 HORAS ON SERVE BEDROCK & HARDCORE EP 10,"['Português', 'minecraft', 'Hardcore', 'HardMode', 'sobrevivencia', '1VIDA', 'hardcoregamer', 'Singlerplayer', 'MINEDROP', 'TIKTOKCAPA']",[],False
19,2025-03-29 16:10,ZAKl1k,pt,Minecraft,🟢 MINECRAFT | ⭐ GANHE ASSISTINDO | 🌟 REESTOQUE DIA 10 ou 16 às 18h | !loja !points !prime !sub,"['Português', 'Minecraft', 'RecompensasEspetadores']",[],False
19,2025-03-29 16:11,aldeoes,pt,Minecraft,!CAPA- ESSA LIVE DROPA CAPA! VENEZUELA MONARKIKA + 100 DIAS NO APOCALIPSE ZUMBI (!IP),"['aldeao', 'minigames', 'Português', 'rp', 'argentinamonarkika', 'smp', '100dias', 'RecompensasEspetadores']",[],False
20,2025-03-29 16:21,HWmalk,pt,Sea of Thieves,👑 CERCO À COROA 👑 !cerco !times !sotbr,"['Português', 'AMA', 'Brasil', 'RPG', 'música', 'Conversação', 'RockRoll', 'Ansiedade', 'Interativo', 'DropsAtivados']",[],False
20,2025-03-29 16:21,DorSmiley,pt,Sea of Thieves,🟢Evento Cerco à Coroa  | TDM | @hwmalk Parceiro do @csotbr  e  @lendasdomar !Comandos !drops !tdm,"['Ação', 'Aventura', 'Comédia', 'Português', 'Xingamentos', 'seaofthieves', 'PvEPvP', 'SoTPvp', 'seaofthieveseason15', 'DropsAtivados']",['ProfanityVulgarity'],False
20,2025-03-29 16:21,TcK10,pt,VALORANT,ASPAS JOGA HOJE - VCT AMERICAS !SUPERBET 🏆 !GROWTH 🏆 SIGA EM @TcK10,"['melhordomundo', 'radiante', 'incrível', 'valorant', 'Português']",[],False
20,2025-03-29 16:21,frttt,pt,VALORANT,🟢💚AO VIVO - COPA CAVAVALO BY VISA,['Português'],[],False
20,2025-03-29 16:21,paivinha29,pt,EA Sports FC 25,SUPER ANUNCIO 14HR- WL DO BRASFUT COM KAKA E RONALDO+ HYPE DAS 15HR !CURSO  !COINS  !TRUST  !TRADE,"['Português', 'paivinha29', 'Futebol', 'entretenimiento']",[],False
20,2025-03-29 16:21,playinghazel,pt,Sea of Thieves,✅ OBSIDIAN DROPS ✅ Sábado com S de SEM folga! | !redes !discord !lendasdomar,"['SeaofThieves', 'Português', 'LGBTQIAPIus', 'PvP', 'PvE', 'DropsAtivados']",[],False
20,2025-03-29 16:21,CMDSurfista,pt,Sea of Thieves,👑CERCO A COROA👑Evento da Comunidade Sea Of Thieves Brasil @CSoTBR com o caster @HWmalk #030,"['seaofthieves', 'Português', 'Español', 'pirataria', 'ampulheta', 'hourglasspvp', 'DropsAtivados']",[],False
20,2025-03-29 16:22,Taylon_TK,pt,League of Legends,🔥mono ADCARRY🔥 ❗pix ❗youtube ❗discord ❗insta ❗clip (+18) meta 540 seguidores.,"['Português', 'sonaconversa', 'batepapo', 'leagueoflegends', 'lol', 'ADC', 'ADCARRY']",[],False
20,2025-03-29 16:22,WesleyCaribe,pt,Sea of Thieves,🇧🇷🇵🇹🏴‍☠️O dia em Sea of Thieves possui 24 minutos,"['Português', 'bemorepirate', 'DropsAtivados']",[],False
21,2025-03-29 16:31,HWmalk,pt,Sea of Thieves,👑 CERCO À COROA 👑 !cerco !times !sotbr,"['Português', 'AMA', 'Brasil', 'RPG', 'música', 'Conversação', 'RockRoll', 'Ansiedade', 'Interativo', 'DropsAtivados']",[],False
21,2025-03-29 16:31,DorSmiley,pt,Sea of Thieves,🟢Evento Cerco à Coroa  | TDM | @hwmalk Parceiro do @csotbr  e  @lendasdomar !Comandos !drops !tdm,"['Ação', 'Aventura', 'Comédia', 'Português', 'Xingamentos', 'seaofthieves', 'PvEPvP', 'SoTPvp', 'seaofthieveseason15', 'DropsAtivados']",['ProfanityVulgarity'],False
21,2025-03-29 16:31,TcK10,pt,VALORANT,ASPAS JOGA HOJE - VCT AMERICAS !SUPERBET 🏆 !GROWTH 🏆 SIGA EM @TcK10,"['melhordomundo', 'radiante', 'incrível', 'valorant', 'Português']",[],False
21,2025-03-29 16:31,frttt,pt,VALORANT,🟢💚AO VIVO - COPA CAVAVALO BY VISA,['Português'],[],False
21,2025-03-29 16:31,WiecGames,pt,Sea of Thieves,[🟢Drops ON🟢] Sea of Thieves - 👑CERCO A COROA👑 @CSoTBR com o caster @HWmalk Time: @cmdsurfista e @srfucks,"['Português', 'DropsAtivados']",[],False
21,2025-03-29 16:31,paivinha29,pt,EA Sports FC 25,SUPER ANUNCIO 14HR- WL DO BRASFUT COM KAKA E RONALDO+ HYPE DAS 15HR !CURSO  !COINS  !TRUST  !TRADE,"['Português', 'paivinha29', 'Futebol', 'entretenimiento']",[],False
21,2025-03-29 16:31,CORALtv_,pt,Fortnite,DROPS ON ✨JOGANDO COM O CHAT  ❤️  RESGATE ITENS NA !LOJA ✨ USE CODE: COORAL #AD ✨ !RESGATE,"['Português', 'Fortnite', 'sorteio', 'VbucksGrátis', 'sorteios', 'vbucks', 'jogandocomespectadores', 'DropsAtivados']",[],False
21,2025-03-29 16:31,LuBuuu,pt,Marvel Rivals,PRIMEIRO SUBATHON -> !regras | !comando !youtube !tiktok,"['Português', 'Brasil', 'marvelrivals', 'LearningEnglish', 'Competitivo', 'English', 'DropsAtivados']",[],False
21,2025-03-29 16:31,biiribinhaa_,pt,Overwatch 2,🟢DROPS ON! sabadou sem hora pra acabar🌸✨!amazon !pix !cpc #OverwatchCreator #OW2Brasil,"['streamer', 'portugues', 'jogandocomespectadores', 'overwatchcreator', 'DropsAtivados', 'Português']",[],False
22,2025-03-29 16:39,DorSmiley,pt,Sea of Thieves,🟢Evento Cerco à Coroa  | TDM | @hwmalk Parceiro do @csotbr  e  @lendasdomar !Comandos !drops !tdm,"['Ação', 'Aventura', 'Comédia', 'Português', 'Xingamentos', 'seaofthieves', 'PvEPvP', 'SoTPvp', 'seaofthieveseason15', 'DropsAtivados']",['ProfanityVulgarity'],False
22,2025-03-29 16:39,HWmalk,pt,Sea of Thieves,👑 CERCO À COROA 👑 !cerco !times !sotbr,"['Português', 'AMA', 'Brasil', 'RPG', 'música', 'Conversação', 'RockRoll', 'Ansiedade', 'Interativo', 'DropsAtivados']",[],False
22,2025-03-29 16:39,frttt,pt,VALORANT,🟢💚AO VIVO - COPA CAVAVALO BY VISA,['Português'],[],False
22,2025-03-29 16:39,beletz_,pt,Fortnite,DROPS ON 💚 RESGATE ITENS GRÁTIS NO FORTNITE ✨ USE CODE: BELETZ ✨!CODE !PIX,"['portugues', 'fortnite', 'fortnitetrocacao', 'stream', 'Português', 'girlgamers', 'DropsAtivados']",[],False
22,2025-03-29 16:39,WiecGames,pt,Sea of Thieves,[🟢Drops ON🟢] Sea of Thieves - 👑CERCO A COROA👑 @CSoTBR com o caster @HWmalk Time: @cmdsurfista e @srfucks,"['Português', 'DropsAtivados']",[],False
22,2025-03-29 16:39,EiMine77,pt,Minecraft,✅ RECOMPENSAS ON! | ⭐ SEJA RÁPIDO E GANHE UMA CAPA DE GRAÇA: !CAPA | 💘 INSTAGRAM: @EIMINE77 | !ajuda !rerun !sub !subgratis !loja,"['Minecraft', 'EiMine', 'Português', 'RecompensasEspetadores']",[],False
22,2025-03-29 16:39,jessieziinha,pt,Overwatch 2,[DROPS ON]🗣️ SABADOU SORTEIO !ticket - PACOTAÇO LESSERAFIM E ARMA MÍTICA WIDOW,"['Português', 'Mulher', 'overwatch', 'overwatch2', 'PlayingwithViewers', 'ConversandoComOChat', 'noobstreamer', 'lerdeza', 'TDAH', 'DropsAtivados']",['ProfanityVulgarity'],False
22,2025-03-29 16:39,CosminhaS2,pt,Overwatch 2,[DROPS]AMANHÃ SORTEIO DE UM PACOTAÇO LE SSERAFIM   ❗PIX ❗MIRA ❗X #OverwatchCreator #OW2Season15,"['Português', 'OverwatchCreators', 'DropsAtivados']",[],False
22,2025-03-29 16:40,biiribinhaa_,pt,Overwatch 2,🟢DROPS ON! sabadou sem hora pra acabar🌸✨!amazon !pix !cpc #OverwatchCreator #OW2Brasil,"['streamer', 'portugues', 'jogandocomespectadores', 'overwatchcreator', 'DropsAtivados', 'Português']",[],False
23,2025-03-29 20:01,TcK10,pt,VALORANT,🌪️ASPAS x G2🌪️ | VCT AMERICAS 🏆 !GROWTH 🏆 SIGA EM @TcK10 #VCTWatchParty,"['melhordomundo', 'radiante', 'incrível', 'valorant', 'Português']",[],False
23,2025-03-29 20:01,Dilascio_,pt,Marvel Rivals,(DROPS ON) LIVE RÁPIDA HOJE,"['Português', 'Competitivo', 'Conversa', 'top500', 'overwatch', 'English', 'DropsAtivados']",[],False
23,2025-03-29 20:01,WiecGames,pt,Sea of Thieves,[🟢Drops ON🟢] Sea of Thieves - FINAL - 👑CERCO A COROA👑 @CSoTBR com o caster @HWmalk Time: @cmdsurfista e @srfucks,"['Português', 'DropsAtivados']",[],False
23,2025-03-29 20:01,taruhgg,pt,Counter-Strike,RUMO AOS 30K NA PREMIER ❗curso ❗csgobig ❗neshastore ❗skinclub,['Português'],['MatureGame'],False
23,2025-03-29 20:01,loud_coringa,pt,Kings League,LOUD EM CAMPO! ESTRÉIA KINGS LEAGUE BRAZIL,['Português'],[],False
23,2025-03-29 20:01,joohn_garcia,pt,Overwatch 2,NOSSO LUGAR ESPECIAL - 🔵COD APOIADOR: JOHNZ,"['Gay', 'gameplay', 'nerd', 'playstation', 'inglês', 'Português', 'fortnite', 'Overawatch', 'terror', 'LGBTQIA']",[],False
23,2025-03-29 20:01,GABUCS,pt,Counter-Strike,jogando gc até cansar,['Português'],['MatureGame'],False
23,2025-03-29 20:02,carolccastilho,pt,VALORANT,dia 95 querendo sub pra comprar coca-cola ⸜(｡˃ ᵕ ˂ )⸝♡ | !comandos !sub !pix,"['PTBR', 'PresidenteHelloKitty', 'Português', 'Sobrevivência', 'Gore', 'VALORANT', 'Riot', 'RiotGames', 'FPS']",['ProfanityVulgarity'],False
23,2025-03-29 20:02,degams,pt,VALORANT,dias de luta (todo dia) - ❗discord ❗rank,"['Português', 'Mulher', 'Brasil', 'LBGTQAfriendly']",[],False
24,2025-03-29 20:11,TcK10,pt,VALORANT,🌪️ASPAS x G2🌪️ | VCT AMERICAS 🏆 !GROWTH 🏆 SIGA EM @TcK10 #VCTWatchParty,"['melhordomundo', 'radiante', 'incrível', 'valorant', 'Português']",[],False
24,2025-03-29 20:12,Dilascio_,pt,Marvel Rivals,(DROPS ON) LIVE RÁPIDA HOJE,"['Português', 'Competitivo', 'Conversa', 'top500', 'overwatch', 'English', 'DropsAtivados']",[],False
24,2025-03-29 20:12,taruhgg,pt,Counter-Strike,RUMO AOS 30K NA PREMIER ❗curso ❗csgobig ❗neshastore ❗skinclub,['Português'],['MatureGame'],False
24,2025-03-29 20:12,loud_coringa,pt,Kings League,LOUD EM CAMPO! ESTRÉIA KINGS LEAGUE BRAZIL,['Português'],[],False
24,2025-03-29 20:12,Nitrao_,pt,Marvel Rivals,"SUBATHON COM MARVEL, OVER E MUITO MAIS !EXITLAG","['Português', 'DropsAtivados']",[],False
24,2025-03-29 20:12,joohn_garcia,pt,Overwatch 2,NOSSO LUGAR ESPECIAL - 🔵COD APOIADOR: JOHNZ,"['Gay', 'gameplay', 'nerd', 'playstation', 'inglês', 'Português', 'fortnite', 'Overawatch', 'terror', 'LGBTQIA']",[],False
24,2025-03-29 20:12,ConejoPsycho,es,Fortnite,"Drops, sorteo de skins scorpion!, barra de bits para nueva ram! @conejopsycho","['Español', 'bloxfruits', 'latino', 'mexico', 'conejo', 'Fortnite', 'familia', 'DropsActivados']",[],False
24,2025-03-29 20:12,GUU_YT,pt,Fortnite,DROP-ON FORTNITE ITENS GRATIS de MORTAL KOMBAT ITENS FORTNITE( APOIE GUU NA LOJA ) CONSTRUÇÃO,"['Fortnite', 'ＦＯＲＴＮＩＴＥ', 'lojadehojefortnite', 'LOJINHADOCANAL', 'Apoieumcriador', 'JOGOFORTNITE', 'VbucksGrátis', 'gratisvbucks', 'LOJADEITENS', 'Português']",[],False
24,2025-03-29 20:12,UltrajohnLM,es,ROBLOX,JUGANDO TSB CON SEGUIDORES!! | Redes: @ultrajohnlm | !sr !discord !tiktok !ig !alertas,['Español'],[],False
25,2025-03-29 20:22,TcK10,pt,VALORANT,🌪️ASPAS x G2🌪️ | VCT AMERICAS 🏆 !GROWTH 🏆 SIGA EM @TcK10 #VCTWatchParty,"['melhordomundo', 'radiante', 'incrível', 'valorant', 'Português']",[],False
25,2025-03-29 20:22,Dilascio_,pt,Marvel Rivals,(DROPS ON) LIVE RÁPIDA HOJE,"['Português', 'Competitivo', 'Conversa', 'top500', 'overwatch', 'English', 'DropsAtivados']",[],False
25,2025-03-29 20:22,WiecGames,pt,Sea of Thieves,[🟢Drops ON🟢] Sea of Thieves - FINAL - 👑CERCO A COROA👑 @CSoTBR com o caster @HWmalk Time: @cmdsurfista e @srfucks,"['Português', 'DropsAtivados']",[],False
25,2025-03-29 20:22,loud_coringa,pt,Kings League,LOUD EM CAMPO! ESTRÉIA KINGS LEAGUE BRAZIL,['Português'],[],False
25,2025-03-29 20:22,taruhgg,pt,Counter-Strike,RUMO AOS 30K NA PREMIER ❗curso ❗csgobig ❗neshastore ❗skinclub,['Português'],['MatureGame'],False
25,2025-03-29 20:22,Nitrao_,pt,Marvel Rivals,"SUBATHON COM MARVEL, OVER E MUITO MAIS !EXITLAG","['Português', 'DropsAtivados']",[],False
25,2025-03-29 20:22,vitinho_zr1,pt,Kings League,"Kings league na relikia,  ô neyma!!!  !loja","['Português', 'Inglês', 'fypシ', 'gtavrproleplay', 'metropolegg', 'metropolerp']",[],False
25,2025-03-29 20:22,mayumivlr,en,VALORANT,| 🔴 𝐑𝐄𝐑𝐔𝐍 | 𝐆𝐑𝐈𝐍𝐃 𝐒𝐎𝐋𝐎 𝐖/𝐎 𝐌𝐈𝐂 ⭐,"['English', 'VALORANＴ']",[],False
25,2025-03-29 20:22,turlet4,en,Just Chatting,RR! Live tests to see if you will watch to farm points in the !store (God is not dead),['English'],[],False
26,2025-03-29 20:32,TcK10,pt,VALORANT,🌪️ASPAS x G2🌪️ | VCT AMERICAS 🏆 !GROWTH 🏆 SIGA EM @TcK10 #VCTWatchParty,"['melhordomundo', 'radiante', 'incrível', 'valorant', 'Português']",[],False
26,2025-03-29 20:32,taruhgg,pt,Counter-Strike,RUMO AOS 30K NA PREMIER ❗curso ❗csgobig ❗neshastore ❗skinclub,['Português'],['MatureGame'],False
26,2025-03-29 20:33,WiecGames,pt,Sea of Thieves,[🟢Drops ON🟢] Sea of Thieves - FINAL - 👑CERCO A COROA👑 @CSoTBR com o caster @HWmalk Time: @cmdsurfista e @srfucks,"['Português', 'DropsAtivados']",[],False
26,2025-03-29 20:33,loud_coringa,pt,Kings League,LOUD EM CAMPO! ESTRÉIA KINGS LEAGUE BRAZIL,['Português'],[],False
26,2025-03-29 20:33,Nitrao_,pt,Marvel Rivals,"SUBATHON COM MARVEL, OVER E MUITO MAIS !EXITLAG","['Português', 'DropsAtivados']",[],False
26,2025-03-29 20:33,joohn_garcia,pt,Overwatch 2,NOSSO LUGAR ESPECIAL - 🔵COD APOIADOR: JOHNZ,"['Gay', 'gameplay', 'nerd', 'playstation', 'inglês', 'Português', 'fortnite', 'Overawatch', 'terror', 'LGBTQIA']",[],False
26,2025-03-29 20:33,uFyos,pt,Minecraft,DROP DE CAPA ATIVO❗ Use !CAPA | !Sub !Party,"['Português', 'entretenimiento', 'uFyos', 'RecompensasEspetadores']",[],False
26,2025-03-29 20:33,CraftLandia,pt,Minecraft,🟢 CRAFTLANDIA┃Noobando no Survival e conversando┃💎 DIMAS EM DOBRO P/ SUB-TWITCH! 💎┃!loja !dimas !vip !discord,"['PvP', 'Craftlandia', 'Gladiador', 'Minecraft', 'Português', 'creftlandia', 'survival', 'survive', 'RecompensasEspectadores', 'DropsAtivados']",[],True
26,2025-03-29 20:33,ZAKl1k,pt,Minecraft,🟢 MINECRAFT | ⭐ GANHE ASSISTINDO | 🌟 REESTOQUE DIA 10 ou 16 às 18h | !loja !points !prime !sub,"['Português', 'Minecraft', 'RecompensasEspetadores']",[],False
27,2025-03-30 00:01,HWmalk,pt,Sea of Thieves,Suave na 🛸 !drop,"['Português', 'AMA', 'Brasil', 'RPG', 'música', 'Conversação', 'RockRoll', 'Ansiedade', 'Interativo', 'DropsAtivados']",[],False
27,2025-03-30 00:01,waveigl,pt,Counter-Strike,"+18 🔞 WAVEIGL ❤️   PACIENCIA, FOCO E FE   !LIVEPIX",['Português'],"['MatureGame', 'ProfanityVulgarity']",False
27,2025-03-30 00:01,taruhgg,pt,Counter-Strike,RUMO AOS 30K NA PREMIER ❗curso ❗csgobig ❗neshastore ❗skinclub,['Português'],['MatureGame'],False
27,2025-03-30 00:01,Nitrao_,pt,Marvel Rivals,"SUBATHON COM MARVEL, OVER E MUITO MAIS !EXITLAG","['Português', 'DropsAtivados']",[],False
27,2025-03-30 00:01,LipinhOr,pt,Grand Theft Auto V,SABADÃO DOS JOGOS! | ❗Eneba,"['Português', 'gta', 'roleplay']",['MatureGame'],False
27,2025-03-30 00:01,joohn_garcia,pt,Overwatch 2,NOSSO LUGAR ESPECIAL - 🔵COD APOIADOR: JOHNZ,"['Gay', 'gameplay', 'nerd', 'playstation', 'inglês', 'Português', 'fortnite', 'Overawatch', 'terror', 'LGBTQIA']",[],False
28,2025-03-30 00:09,HWmalk,pt,Sea of Thieves,Suave na 🛸 !drop,"['Português', 'AMA', 'Brasil', 'RPG', 'música', 'Conversação', 'RockRoll', 'Ansiedade', 'Interativo', 'DropsAtivados']",[],False
28,2025-03-30 00:09,waveigl,pt,Counter-Strike,"+18 🔞 WAVEIGL ❤️   PACIENCIA, FOCO E FE   !LIVEPIX",['Português'],"['MatureGame', 'ProfanityVulgarity']",False
28,2025-03-30 00:09,taruhgg,pt,Counter-Strike,RUMO AOS 30K NA PREMIER ❗curso ❗csgobig ❗neshastore ❗skinclub,['Português'],['MatureGame'],False
28,2025-03-30 00:09,LipinhOr,pt,Grand Theft Auto V,SABADÃO DOS JOGOS! | ❗Eneba,"['Português', 'gta', 'roleplay']",['MatureGame'],False
28,2025-03-30 00:09,Nitrao_,pt,Marvel Rivals,"SUBATHON COM MARVEL, OVER E MUITO MAIS !EXITLAG","['Português', 'DropsAtivados']",[],False
28,2025-03-30 00:09,exexeboy,pt,Overwatch 2,aaaaaaaaaaaaaaaaaaaaaaaaaaaaaaaaaaaaaaaaaaaaaaaaaaaaaaaaaaaaaaaaaaaaa,"['Portuguese', 'Português', 'DropsAtivados']",[],False
28,2025-03-30 00:09,moraismta,pt,Slots,FIM DE SEMANA DO AMOR❗️TADA ❗️SUPERBET (+18),['Português'],['MatureGame'],False
28,2025-03-30 00:09,LupacImproprio,pt,R.E.P.O.,⚠️ R.E.P.O COM OS SQUAD MANOS⚠️ !PIXTHON,"['Português', 'Reposição', 'squadmode', 'comédia']",[],False
28,2025-03-30 00:09,indiokj,pt,Just Chatting,+18 💥 TRANQUILIDADE HOJE 💥 DE RESENHA 💥 !livepix,['Português'],[],False
29,2025-03-30 00:20,iShadowWolf_,pt,Sea of Thieves,(+18) Livezinha Muito Doida!   ||   (❗comandos ❗metas ❗drops)   ||   (Epic Code: SHADOWOLF),"['Português', 'DropsAtivados']",[],False
29,2025-03-30 00:20,HWmalk,pt,Sea of Thieves,Suave na 🛸 !drop,"['Português', 'AMA', 'Brasil', 'RPG', 'música', 'Conversação', 'RockRoll', 'Ansiedade', 'Interativo', 'DropsAtivados']",[],False
29,2025-03-30 00:20,waveigl,pt,Counter-Strike,"+18 🔞 WAVEIGL ❤️   PACIENCIA, FOCO E FE   !LIVEPIX",['Português'],"['MatureGame', 'ProfanityVulgarity']",False
29,2025-03-30 00:20,LipinhOr,pt,Grand Theft Auto V,SABADÃO DOS JOGOS! | ❗Eneba,"['Português', 'gta', 'roleplay']",['MatureGame'],False
29,2025-03-30 00:20,taruhgg,pt,Counter-Strike,RUMO AOS 30K NA PREMIER ❗curso ❗csgobig ❗neshastore ❗skinclub,['Português'],['MatureGame'],False
29,2025-03-30 00:21,Nitrao_,pt,Marvel Rivals,"SUBATHON COM MARVEL, OVER E MUITO MAIS !EXITLAG","['Português', 'DropsAtivados']",[],False
29,2025-03-30 00:21,letixiasims,pt,The Sims 4,【Vtuber Simmer】#195 - ⭐ desafio dos signos / star sign ⭐ ep. 29 - gen 2 ⭐ !desafio !mods !bttv,"['Acolhedor', 'Português', 'pngtuber', 'PNGtuberBR', 'cozyvibes', 'LGBTQIAFriendly', 'cozygaming', 'Comfy', 'modded', 'conteudopersonalizado']","['DrugsIntoxication', 'ProfanityVulgarity']",False
29,2025-03-30 00:21,LinaHall,pt,Euro Truck Simulator 2,DIA 24-SUBATHON DE 4 ANOS DE PARTNER! -  ROXO DO VERIFICADO,"['Português', 'games', 'gamer', 'Cosplay', 'cosplayer']",[],False
29,2025-03-30 00:21,JessyBerthi,pt,Dota 2,Tem café? 🤔 | !meta !pix !alerta,"['AMA', 'PTBR', 'ENG', 'DOTA2', 'OVERWATCH2', 'MARVELRIVALS', 'DOTA', 'MOBA', 'Português']",[],False
30,2025-03-30 00:28,iShadowWolf_,pt,Sea of Thieves,(+18) Livezinha Muito Doida!   ||   (❗comandos ❗metas ❗drops)   ||   (Epic Code: SHADOWOLF),"['Português', 'DropsAtivados']",[],False
30,2025-03-30 00:28,HWmalk,pt,Sea of Thieves,Suave na 🛸 !drop,"['Português', 'AMA', 'Brasil', 'RPG', 'música', 'Conversação', 'RockRoll', 'Ansiedade', 'Interativo', 'DropsAtivados']",[],False
30,2025-03-30 00:28,waveigl,pt,Counter-Strike,"+18 🔞 WAVEIGL ❤️   PACIENCIA, FOCO E FE   !LIVEPIX",['Português'],"['MatureGame', 'ProfanityVulgarity']",False
30,2025-03-30 00:28,LipinhOr,pt,Grand Theft Auto V,SABADÃO DOS JOGOS! | ❗Eneba,"['Português', 'gta', 'roleplay']",['MatureGame'],False
30,2025-03-30 00:28,taruhgg,pt,Counter-Strike,RUMO AOS 30K NA PREMIER ❗curso ❗csgobig ❗neshastore ❗skinclub,['Português'],['MatureGame'],False
30,2025-03-30 00:28,Nitrao_,pt,Marvel Rivals,"SUBATHON COM MARVEL, OVER E MUITO MAIS !EXITLAG","['Português', 'DropsAtivados']",[],False
30,2025-03-30 00:28,LuBuuu,pt,Marvel Rivals,PRIMEIRO SUBATHON  !comando !youtube !tiktok,"['Português', 'Brasil', 'marvelrivals', 'LearningEnglish', 'Competitivo', 'English', 'DropsAtivados']",[],False
30,2025-03-30 00:29,Shalalaka,pt,Retro,que dia legal - !dropeme !amazon !RPG,['Português'],[],False
30,2025-03-30 00:29,Riyuuka,pt,Honkai: Star Rail,♡ (DROPs) Sabadinhooo ♡ REDES: @riyuuka ♡ ~!hoje ~!loki ~!calendario,"['Português', 'DroppsEnabled']",['ProfanityVulgarity'],False
31,2025-03-30 00:35,iShadowWolf_,pt,Sea of Thieves,(+18) Livezinha Muito Doida!   ||   (❗comandos ❗metas ❗drops)   ||   (Epic Code: SHADOWOLF),"['Português', 'DropsAtivados']",[],False
31,2025-03-30 00:35,HWmalk,pt,Sea of Thieves,Suave na 🛸 !drop,"['Português', 'AMA', 'Brasil', 'RPG', 'música', 'Conversação', 'RockRoll', 'Ansiedade', 'Interativo', 'DropsAtivados']",[],False
31,2025-03-30 00:35,waveigl,pt,Counter-Strike,"+18 🔞 WAVEIGL ❤️   PACIENCIA, FOCO E FE   !LIVEPIX",['Português'],"['MatureGame', 'ProfanityVulgarity']",False
31,2025-03-30 00:35,Nitrao_,pt,Marvel Rivals,"SUBATHON COM MARVEL, OVER E MUITO MAIS !EXITLAG","['Português', 'DropsAtivados']",[],False
31,2025-03-30 00:36,LipinhOr,pt,Grand Theft Auto V,SABADÃO DOS JOGOS! | ❗Eneba,"['Português', 'gta', 'roleplay']",['MatureGame'],False
31,2025-03-30 00:36,taruhgg,pt,Counter-Strike,RUMO AOS 30K NA PREMIER ❗curso ❗csgobig ❗neshastore ❗skinclub,['Português'],['MatureGame'],False
31,2025-03-30 00:36,mesquitalivee,pt,Grand Theft Auto V,+18 LIVEZINHA DE VAGABUNDO !Discord !Pix,"['Português', 'Reposição']",['MatureGame'],False
31,2025-03-30 00:36,liminhag0d,pt,GeoGuessr,Geoguers com Liminha Reprise farmskins !skinplace,['Português'],[],False
31,2025-03-30 00:36,cogu,pt,Counter-Strike,LEGACY COGU -  just another day ❗️cortes ❗️sociais ❗️nesha ❗️csgofast ❗️oração,"['cs', 'Português']",['MatureGame'],False
32,2025-03-30 04:01,iShadowWolf_,pt,Fortnite,(+18) Livezinha Muito Doida!   ||   (❗comandos ❗metas ❗drops)   ||   (Epic Code: SHADOWOLF),"['Português', 'DropsAtivados']",[],False
32,2025-03-30 04:01,HWmalk,pt,Sea of Thieves,Suave na 🛸 !drop,"['Português', 'AMA', 'Brasil', 'RPG', 'música', 'Conversação', 'RockRoll', 'Ansiedade', 'Interativo', 'DropsAtivados']",[],False
32,2025-03-30 04:02,waveigl,pt,VALORANT,+18 🔞 WAVEIGL ❤️Digite !clashgg VALORANT OBRIGADO PELO F0RSA E CAFFEX7,['Português'],['ProfanityVulgarity'],False
32,2025-03-30 04:02,Nitrao_,pt,Overwatch 2,"!DROPS SUBATHON COM MARVEL, OVER E MUITO MAIS !EXITLAG","['Português', 'DropsAtivados']",[],False
32,2025-03-30 04:02,exexeboy,pt,Overwatch 2,aaaaaaaaaaaaaaaaaaaaaaaaaaaaaaaaaaaaaaaaaaaaaaaaaaaaaaaaaaaaaaaaaaaaa,"['Portuguese', 'Português', 'DropsAtivados']",[],False
32,2025-03-30 04:02,NTV_Games,pt,Grand Theft Auto V,🔞 🟢RERUN🟢 🔫liberty🔫 ❗Comandos ❗Pix ❗Instagram ❗tiktok ❗Rs pedir musica..,['Português'],['MatureGame'],False
32,2025-03-30 04:02,Akrinuss,pt,League of Legends,!privacy - Dicas p subir d ELO l Mestre !cortes !duo !analise !abt !facinho,"['Português', 'Reposição']",[],False
32,2025-03-30 04:02,courtesy,pt,Just Chatting,radio 600x !pix !abt !skin,"['yasuo', 'yone', 'challenger', 'chill', 'bonner', 'courtesy', 'leagueoflegends', 'kataki', 'ingles', 'Português']",[],False
32,2025-03-30 04:02,Baiano,pt,League of Legends,🔴 LPL - LNG x IG 🔴 🌴 Hoje: LPL às 06:00 !grupo !bb [RETRANSMISSÃO] !status !kbmidl,['Português'],[],False
33,2025-03-30 04:11,iShadowWolf_,pt,Fortnite,(+18) Livezinha Muito Doida!   ||   (❗comandos ❗metas ❗drops)   ||   (Epic Code: SHADOWOLF),"['Português', 'DropsAtivados']",[],False
33,2025-03-30 04:11,HWmalk,pt,Sea of Thieves,Suave na 🛸 !drop,"['Português', 'AMA', 'Brasil', 'RPG', 'música', 'Conversação', 'RockRoll', 'Ansiedade', 'Interativo', 'DropsAtivados']",[],False
33,2025-03-30 04:11,waveigl,pt,VALORANT,+18 🔞 WAVEIGL ❤️Digite !clashgg VALORANT OBRIGADO PELO F0RSA E CAFFEX7,['Português'],['ProfanityVulgarity'],False
33,2025-03-30 04:11,Nitrao_,pt,Overwatch 2,"!DROPS SUBATHON COM MARVEL, OVER E MUITO MAIS !EXITLAG","['Português', 'DropsAtivados']",[],False
33,2025-03-30 04:11,exexeboy,pt,Overwatch 2,aaaaaaaaaaaaaaaaaaaaaaaaaaaaaaaaaaaaaaaaaaaaaaaaaaaaaaaaaaaaaaaaaaaaa,"['Portuguese', 'Português', 'DropsAtivados']",[],False
33,2025-03-30 04:11,NTV_Games,pt,Grand Theft Auto V,🔞 🟢RERUN🟢 🔫liberty🔫 ❗Comandos ❗Pix ❗Instagram ❗tiktok ❗Rs pedir musica..,['Português'],['MatureGame'],False
33,2025-03-30 04:11,SeergioRP,pt,Grand Theft Auto V,🔞 🔴 VOVO DO CR$ME 🔴OBRIGADO PELA PRESSENÇA DE VOÇES,"['Português', 'Reposição']",['MatureGame'],False
33,2025-03-30 04:11,darkmoonknit,pt,Nightmare of Decay,DARKLUA SABADOU DE KILLAH ANIVERSARIANTE GODDAMN LIVE POUQUINHO MAIS LONG !pix !youtube !discord,"['gamer', 'darklua', 'Português']",[],False
33,2025-03-30 04:11,Catrolzynha,pt,Dead by Daylight,ᴰᶦᵃ ⁸⁰ | To aqui o pq eu não sei |+18| @kolmeia_stm @thegoldenteamofc,"['Português', 'Conversação', 'ＤBD', 'Fortnite', '7daystodie', 'Mulher', 'GostosasQueJogam']",['MatureGame'],False
34,2025-03-30 04:23,NTV_Games,pt,Grand Theft Auto V,🔞 🟢RERUN🟢 🔫liberty🔫 ❗Comandos ❗Pix ❗Instagram ❗tiktok ❗Rs pedir musica..,['Português'],['MatureGame'],False
34,2025-03-30 04:23,ClovaoBengala,pt,League of Legends,CLOVIS THE BENGS NA SOLOQ HIGH ELO !loco !EXITLAG !rag !pix !ad !social,"['Português', 'League', 'leagueoflegeneds', 'lol', 'jogos']",[],True
34,2025-03-30 04:23,iShadowWolf_,pt,Fortnite,(+18) Livezinha Muito Doida!   ||   (❗comandos ❗metas ❗drops)   ||   (Epic Code: SHADOWOLF),"['Português', 'DropsAtivados']",[],False
34,2025-03-30 04:23,HWmalk,pt,Sea of Thieves,Suave na 🛸 !drop,"['Português', 'AMA', 'Brasil', 'RPG', 'música', 'Conversação', 'RockRoll', 'Ansiedade', 'Interativo', 'DropsAtivados']",[],False
34,2025-03-30 04:23,saverdaaa,pt,Minecraft,Servidor de mine para subs - FEDOLISMO DIA 01 - !mine !clip !historia,"['Portugues', 'jojofag', 'nseifazelive', 'depressao', 'colica', 'valorant', 'mulher', 'maconha', 'gato', 'sorteio']","['DrugsIntoxication', 'ProfanityVulgarity', 'SexualThemes']",False
34,2025-03-30 04:23,Nitrao_,pt,Overwatch 2,"!DROPS SUBATHON COM MARVEL, OVER E MUITO MAIS !EXITLAG","['Português', 'DropsAtivados']",[],False
34,2025-03-30 04:24,HiProportion,en,Minecraft,DROPS ON! LATE NIGHT DUNGEON GRIND,"['English', 'minecraft', 'cape', 'homecape', 'homecape', 'minecraftmovie', 'hiproportion', 'ViewerRewards']",[],False
34,2025-03-30 04:24,DoleDeDole,pt,I'm Only Sleeping,"DOLETONA: DIA 64 / SUB + 7 MIN, 100 BITS + 7 MIN, 1 REAL + 2 MIN - !doletona !pix !canal2 !audios !youtube !bluesky",['Português'],[],False
34,2025-03-30 04:24,uFyos,pt,I'm Only Sleeping,TIRANDO O SONO DE BELEZA | !Sub !Fanty,"['Português', 'entretenimiento', 'uFyos']",[],False
35,2025-03-30 08:01,iShadowWolf_,pt,Fortnite,(+18) Livezinha Muito Doida!   ||   (❗comandos ❗metas ❗drops)   ||   (Epic Code: SHADOWOLF),"['Português', 'DropsAtivados']",[],False
35,2025-03-30 08:01,waveigl,pt,VALORANT,+18 🔞 WAVEIGL ❤️Digite !clashgg VALORANT OBRIGADO PELO F0RSA E CAFFEX7,['Português'],['ProfanityVulgarity'],False
35,2025-03-30 08:01,Nitrao_,pt,Marvel Rivals,"!DROPS SUBATHON COM MARVEL, OVER E MUITO MAIS !EXITLAG","['Português', 'DropsAtivados']",[],False
35,2025-03-30 08:01,NTV_Games,pt,Grand Theft Auto V,🔞 🟢RERUN🟢 🔫liberty🔫 ❗Comandos ❗Pix ❗Instagram ❗tiktok ❗Rs pedir musica..,['Português'],['MatureGame'],False
35,2025-03-30 08:01,leoschiavi,pt,Albion Online,✅DROPS ON✅ PT-BR - SORTEIO MAMUTE DIA 26/05 | MAMOTH GIVEWAY | Albion Online (NA) OBG MEU DEUS !noping !pix !discord !redes,"['Português', 'AMA', 'player', 'gamer', 'MMORPG', 'PvP', 'DropsAtivados']",[],False
35,2025-03-30 08:01,OldManSurvivor,pt,Red Dead Redemption 2,"🔴 REPRISE 🔴 NOSSA FAZENDA SAI HOJE? HISTÓRIAS, RESENHA E NOVOS AMIGOS!  ❗PIX ❗OESTE ❗PAYPAL ❗F13 ❗NITRADO","['singleplay', 'multplayer', 'building', 'Nitrado', 'Português', 'RDR2RP', 'Roleplay', 'Sobrevivência']",['MatureGame'],False
35,2025-03-30 08:01,ferrysfps_,en,Counter-Strike,Have fun guys ^^,['English'],['MatureGame'],False
35,2025-03-30 08:01,turlet4,en,Just Chatting,RR! Live tests to see if you will watch to farm points in the !store (God is not dead),['English'],[],False
35,2025-03-30 08:01,btt_ghost1,pt,Call of Duty: Warzone,[+18] Lobby OLD!,"['Competitivo', 'Português']",['MatureGame'],False
36,2025-03-30 08:12,iShadowWolf_,pt,Fortnite,(+18) Livezinha Muito Doida!   ||   (❗comandos ❗metas ❗drops)   ||   (Epic Code: SHADOWOLF),"['Português', 'DropsAtivados']",[],False
36,2025-03-30 08:12,waveigl,pt,VALORANT,+18 🔞 WAVEIGL ❤️Digite !clashgg VALORANT OBRIGADO PELO F0RSA E CAFFEX7,['Português'],['ProfanityVulgarity'],False
36,2025-03-30 08:12,Nitrao_,pt,Marvel Rivals,"!DROPS SUBATHON COM MARVEL, OVER E MUITO MAIS !EXITLAG","['Português', 'DropsAtivados']",[],False
36,2025-03-30 08:12,NTV_Games,pt,Grand Theft Auto V,🔞 🟢RERUN🟢 🔫liberty🔫 ❗Comandos ❗Pix ❗Instagram ❗tiktok ❗Rs pedir musica..,['Português'],['MatureGame'],False
36,2025-03-30 08:12,leoschiavi,pt,Albion Online,✅DROPS ON✅ PT-BR - SORTEIO MAMUTE DIA 26/05 | MAMOTH GIVEWAY | Albion Online (NA) OBG MEU DEUS !noping !pix !discord !redes,"['Português', 'AMA', 'player', 'gamer', 'MMORPG', 'PvP', 'DropsAtivados']",[],False
36,2025-03-30 08:12,SeergioRP,pt,Grand Theft Auto V,🔞 🔴 VOVO DO CR$ME 🔴OBRIGADO PELA PRESSENÇA DE VOÇES,"['Português', 'Reposição']",['MatureGame'],False
36,2025-03-30 08:12,Tixinhadois,pt,VALORANT,DFM 0x0 DRX (BOTAnoTIXA) #VCTWatchParty !loco !adamantium !kaspersky,"['Português', 'valorant', 'Tixinha', 'cypher', 'valorantbr']",[],False
36,2025-03-30 08:12,oantunesz,pt,VALORANT,GAMEPLAY EXPLICATIVA RADIANT / 8$ = Análise Tracker | !analise | @oantunesz on socials | !otimizacao | !exitlag | SUB = GRUPO NO WPP,"['Valorant', 'Radiante', 'Português', 'fps', 'Competitivo', 'Ranked', 'English', 'viper', 'nerd', 'holidayhoopla']",[],False
36,2025-03-30 08:12,CesarXisde,pt,Monopoly Plus,Live bebendo de cria   (!insta !pix !dc),"['Português', 'valorant', 'gostoso', 'radiante']",[],False
37,2025-03-30 08:20,iShadowWolf_,pt,Fortnite,(+18) Livezinha Muito Doida!   ||   (❗comandos ❗metas ❗drops)   ||   (Epic Code: SHADOWOLF),"['Português', 'DropsAtivados']",[],False
37,2025-03-30 08:20,waveigl,pt,VALORANT,+18 🔞 WAVEIGL ❤️Digite !clashgg VALORANT OBRIGADO PELO F0RSA E CAFFEX7,['Português'],['ProfanityVulgarity'],False
37,2025-03-30 08:20,Nitrao_,pt,Marvel Rivals,"!DROPS SUBATHON COM MARVEL, OVER E MUITO MAIS !EXITLAG","['Português', 'DropsAtivados']",[],False
37,2025-03-30 08:20,NTV_Games,pt,Grand Theft Auto V,🔞 🟢RERUN🟢 🔫liberty🔫 ❗Comandos ❗Pix ❗Instagram ❗tiktok ❗Rs pedir musica..,['Português'],['MatureGame'],False
37,2025-03-30 08:20,leoschiavi,pt,Albion Online,✅DROPS ON✅ PT-BR - SORTEIO MAMUTE DIA 26/05 | MAMOTH GIVEWAY | Albion Online (NA) OBG MEU DEUS !noping !pix !discord !redes,"['Português', 'AMA', 'player', 'gamer', 'MMORPG', 'PvP', 'DropsAtivados']",[],False
37,2025-03-30 08:20,SeergioRP,pt,Grand Theft Auto V,🔞 🔴 VOVO DO CR$ME 🔴OBRIGADO PELA PRESSENÇA DE VOÇES,"['Português', 'Reposição']",['MatureGame'],False
37,2025-03-30 08:21,ramontraderdout,pt,EA Sports FC 25,💥100KK DE COINS FEITOS✔️ BOM DOMINGÃO MUITOS PACKS + OUTROS JOGOS  | MUITAS DICAS DE TRADE!💸|SIGA @ramontraderdout| !TRADE !LIVEPIX,"['Português', 'eafc25', 'ultimateteam']",[],False
37,2025-03-30 08:21,xGuuhGabrielx,pt,EA Sports FC 25,"2/0 na WL em Busca do Rank 2, Inicio de WL em 3 Contas, DMEs, Packs e Resenha | DIGITE !Livepix !cliente !grupo !sorteio !meta","['EASPORTS', 'EAFC', 'eafc25', 'ultimateteam', 'fc25', 'fc25gameplay', 'Português', 'Paivinha29', 'Carpentieri', 'Adolfz']",[],False
37,2025-03-30 08:21,DieguitoPotter,pt,EA Sports FC 25,🔴 DieGULLIT Potter no FUT-CHAMPIONS ⚽🔥!Mbway !Prozis !Divoom !Switch !Social ✅,"['Português', 'eafc25', 'packopening', 'ultimateteam', 'futbirthday', 'rage']",[],False
38,2025-03-30 12:01,waveigl,pt,VALORANT,+18 🔞 WAVEIGL ❤️Digite !clashgg VALORANT OBRIGADO PELO F0RSA E CAFFEX7,['Português'],['ProfanityVulgarity'],False
38,2025-03-30 12:01,Nitrao_,pt,I'm Only Sleeping,"!DROPS SUBATHON COM MARVEL, OVER E MUITO MAIS !EXITLAG",['Português'],[],False
38,2025-03-30 12:01,paivinha29,pt,EA Sports FC 25,ETERNO NA WL COM BECKENBAUER/ HYPE DAS 14HR HOJE E RESENHA  !CURSO  !COINS  !TRUST  !TRADE,"['Português', 'paivinha29', 'Futebol', 'entretenimiento']",[],False
38,2025-03-30 12:01,NTV_Games,pt,Grand Theft Auto V,🔞 🟢RERUN🟢 🔫liberty🔫 ❗Comandos ❗Pix ❗Instagram ❗tiktok ❗Rs pedir musica..,['Português'],['MatureGame'],False
38,2025-03-30 12:01,Xerekiss,pt,Fortnite,[DROP ON] BORA DE FORTNELSON?! | RESGATE ITENS ASSISTINDO A LIVE (❗loja) | CODE: XEREKISS #ad,"['Português', 'Brasil', 'fps', 'Fortnite', 'Portugal', 'battleroyale', 'DropsAtivados']",[],False
38,2025-03-30 12:01,EdigasZ,pt,Marvel Rivals,GRIND ONE ABOVE ALL? NA? EU? | !tiktok !youtube,"['Português', 'DropsAtivados']",[],False
38,2025-03-30 12:01,lePardal_,pt,Overwatch 2,Goats,"['Lúcio', 'Top500', 'Competitivo', 'W', 'Português', 'English', 'Rogue', 'Monk', 'Baptiste', 'DropsAtivados']",[],False
38,2025-03-30 12:02,EgoCarina,pt,Just Chatting,BOM DIAAA! DOMINGOU COM EGO E YAMI!! ❤️ Me ajude a mobiliar minha casinha ❤️ !pix 💸,"['Português', 'terror', 'gameplay', 'Chatting']","['DebatedSocialIssuesAndPolitics', 'DrugsIntoxication', 'ProfanityVulgarity', 'SexualThemes', 'ViolentGraphic']",False
38,2025-03-30 12:02,suuckmydragon,pt,League of Legends,Dia 4 aprendendo a jogar lol. Dia 1 de ranqueada,['Português'],[],False
39,2025-03-30 12:09,waveigl,pt,VALORANT,+18 🔞 WAVEIGL ❤️Digite !clashgg VALORANT OBRIGADO PELO F0RSA E CAFFEX7,['Português'],['ProfanityVulgarity'],False
39,2025-03-30 12:10,Xerekiss,pt,Fortnite,[DROP ON] BORA DE FORTNELSON?! | RESGATE ITENS ASSISTINDO A LIVE (❗loja) | CODE: XEREKISS #ad,"['Português', 'Brasil', 'fps', 'Fortnite', 'Portugal', 'battleroyale', 'DropsAtivados']",[],False
39,2025-03-30 12:10,Nitrao_,pt,I'm Only Sleeping,"!DROPS SUBATHON COM MARVEL, OVER E MUITO MAIS !EXITLAG",['Português'],[],False
39,2025-03-30 12:10,NTV_Games,pt,Grand Theft Auto V,🔞 🟢RERUN🟢 🔫liberty🔫 ❗Comandos ❗Pix ❗Instagram ❗tiktok ❗Rs pedir musica..,['Português'],['MatureGame'],False
39,2025-03-30 12:10,EdigasZ,pt,Marvel Rivals,GRIND ONE ABOVE ALL? NA? EU? | !tiktok !youtube,"['Português', 'DropsAtivados']",[],False
39,2025-03-30 12:10,mae_joga45,pt,Overwatch 2,(+18) 🎮 {DROPS ON} Vem ver a play buscando a pro e a streamer 📷  que esse mod esta aprontando,"['Português', 'jogodeterror', 'jogofps', 'diversãogarantida', 'DropsAtivados']",[],False
39,2025-03-30 12:10,GUU_YT,pt,Fortnite,DROP-ON FORTNITE ITENS GRATIS de MORTAL KOMBAT ITENS FORTNITE( APOIE GUU NA LOJA ) CONSTRUÇÃO,"['Fortnite', 'ＦＯＲＴＮＩＴＥ', 'lojadehojefortnite', 'LOJINHADOCANAL', 'Apoieumcriador', 'JOGOFORTNITE', 'VbucksGrátis', 'gratisvbucks', 'LOJADEITENS', 'Português']",[],False
39,2025-03-30 12:10,Demet_vrs,es,Fortnite,Dia tranquilo - Drops,"['Español', 'asmr', 'roblox', 'Fortnite', 'Vtuber', 'minecraft', 'garticphone', 'amongus', 'justcchatting', 'DropsActivados']",[],False
39,2025-03-30 12:10,eoTeux,pt,ROBLOX,!loja | AQUI ESTOU MAIS UM DIA! 🦇❤,"['EoTeux', 'Jogos', 'português', 'Português', 'roblox', 'bloxfruits', 'Brasil', 'brazil', 'Brasileiro', 'teux']",[],False
40,2025-03-30 12:21,Nitrao_,pt,I'm Only Sleeping,"!DROPS SUBATHON COM MARVEL, OVER E MUITO MAIS !EXITLAG",['Português'],[],False
40,2025-03-30 12:21,EdigasZ,pt,Marvel Rivals,GRIND ONE ABOVE ALL? NA? EU? | !tiktok !youtube,"['Português', 'DropsAtivados']",[],False
41,2025-03-30 12:30,waveigl,pt,VALORANT,+18 🔞 WAVEIGL ❤️Digite !clashgg VALORANT OBRIGADO PELO F0RSA E CAFFEX7,['Português'],['ProfanityVulgarity'],False
41,2025-03-30 12:30,Xerekiss,pt,Fortnite,[DROP ON] BORA DE FORTNELSON?! | RESGATE ITENS ASSISTINDO A LIVE (❗loja) | CODE: XEREKISS #ad,"['Português', 'Brasil', 'fps', 'Fortnite', 'Portugal', 'battleroyale', 'DropsAtivados']",[],False
41,2025-03-30 12:30,CORALtv_,pt,Fortnite,DROPS ON ✨ JOGANDO COM O CHAT ❤️ FARM VBUCKS ASSISTINDO A LIVE !LOJA✨ USE CODE: CORALTV #AD ✨!PIX !RESGATE !JOGAR,"['Português', 'Fortnite', 'sorteio', 'VbucksGrátis', 'sorteios', 'vbucks', 'jogandocomespectadores', 'DropsAtivados']",[],False
41,2025-03-30 12:30,NTV_Games,pt,Grand Theft Auto V,🔞 🟢RERUN🟢 🔫liberty🔫 ❗Comandos ❗Pix ❗Instagram ❗tiktok ❗Rs pedir musica..,['Português'],['MatureGame'],False
41,2025-03-30 12:30,Nitrao_,pt,I'm Only Sleeping,"!DROPS SUBATHON COM MARVEL, OVER E MUITO MAIS !EXITLAG",['Português'],[],False
41,2025-03-30 12:30,mae_joga45,pt,Overwatch 2,(+18) 🎮 {DROPS ON} Vem ver a play buscando a pro e a streamer 📷  que esse mod esta aprontando,"['Português', 'jogodeterror', 'jogofps', 'diversãogarantida', 'DropsAtivados']",[],False
41,2025-03-30 12:30,moraismta,pt,Minecraft,FIM DE SEMANA DO AMOR❗️TADA ❗️SUPERBET (+18),"['Português', 'RecompensasEspetadores']",[],False
41,2025-03-30 12:31,LupacImproprio,pt,IRL,INDO PRA AVENIDA EUROPA  (!PIX) ft. sonoplasta,"['Português', 'Reposição', 'squadmode', 'comédia']",[],False
41,2025-03-30 12:31,gabepeixe,pt,Just Chatting,DOMINGAO!!! LOUD EM CAMPO!!!  > @GABEPEIXE !grupo !farm,['Português'],[],False
42,2025-03-30 12:38,waveigl,pt,VALORANT,+18 🔞 WAVEIGL ❤️Digite !clashgg VALORANT OBRIGADO PELO F0RSA E CAFFEX7,['Português'],['ProfanityVulgarity'],False
42,2025-03-30 12:39,owlnhira,pt,Overwatch 2,[DROPS] Sorteio HOJE !sorteio #OverwatchCreator #OW2LeSserafim,"['Português', 'DropsAtivados']",[],False
42,2025-03-30 12:39,CORALtv_,pt,Fortnite,DROPS ON ✨ JOGANDO COM O CHAT ❤️ FARM VBUCKS ASSISTINDO A LIVE !LOJA✨ USE CODE: CORALTV #AD ✨!PIX !RESGATE !JOGAR,"['Português', 'Fortnite', 'sorteio', 'VbucksGrátis', 'sorteios', 'vbucks', 'jogandocomespectadores', 'DropsAtivados']",[],False
42,2025-03-30 12:39,Xerekiss,pt,Fortnite,[DROP ON] BORA DE FORTNELSON?! | RESGATE ITENS ASSISTINDO A LIVE (❗loja) | CODE: XEREKISS #ad,"['Português', 'Brasil', 'fps', 'Fortnite', 'Portugal', 'battleroyale', 'DropsAtivados']",[],False
42,2025-03-30 12:39,Nitrao_,pt,I'm Only Sleeping,"!DROPS SUBATHON COM MARVEL, OVER E MUITO MAIS !EXITLAG",['Português'],[],False
42,2025-03-30 12:39,NTV_Games,pt,Grand Theft Auto V,🔞 🟢RERUN🟢 🔫liberty🔫 ❗Comandos ❗Pix ❗Instagram ❗tiktok ❗Rs pedir musica..,['Português'],['MatureGame'],False
42,2025-03-30 12:39,MeniinaMa1,pt,League of Legends,UNRANKED AO MESTRE! GAMEPLAY EXPLICATIVA!! DEIXE SEU PRIME! !DRIVE !COACH !ANÁLISE,"['highelo', 'Mulher', 'LGBT', 'Competitivo', 'Português']",[],False
42,2025-03-30 12:39,courtesy,pt,Just Chatting,radio 600x !pix !abt !skin,"['yasuo', 'yone', 'challenger', 'chill', 'bonner', 'courtesy', 'leagueoflegends', 'kataki', 'ingles', 'Português']",[],False
42,2025-03-30 12:39,Bolacxha,pt,League of Legends,👑 EKKO NO DOMINGÃO MATINAL COM ELES🍀| !youtube | !sociais | !pix |,"['Bolaxa', 'Interativo', 'Challenger', 'Vi', 'Português', 'Ekko', 'lol', 'jungler', 'darksouls']",[],False
43,2025-03-30 16:01,waveigl,pt,VALORANT,+18 🔞 WAVEIGL ❤️Digite !clashgg VALORANT OBRIGADO PELO F0RSA E CAFFEX7,['Português'],['ProfanityVulgarity'],False
43,2025-03-30 16:01,ofernandomaidana,pt,Sea of Thieves,DROPS 🟢 DOMINGÃO DO PIRATÃO !cmd !playlist,"['Português', 'seaofthieves', 'pirata', 'SongRequests', 'songrequest', 'SeaOfThievesPartner', 'SeaofThievesgameplay', 'English', 'DropsAtivados']",[],False
43,2025-03-30 16:01,eLyzao,pt,Counter-Strike,!TICKET SORTEIO 25 REAIS FINAL DA LIVE  !!!! SORTEIO DOS SUBS DIA 31 5 SKINS ( 500 REAIS EM SKINS )     ❗Nesha ❗iox +18,['Português'],['MatureGame'],False
43,2025-03-30 16:01,playinghazel,pt,Sea of Thieves,NOVIDADES chegando AMANHÃ! Bom domingo! | !redes !discord !lendasdomar,"['SeaofThieves', 'Português', 'LGBTQIAPIus', 'PvP', 'PvE', 'DropsAtivados']",[],False
43,2025-03-30 16:01,Nitrao_,pt,Marvel Rivals,!DROPS SUBATHON - ESPANCANDO CLT dia 2,"['Português', 'DropsAtivados']",[],False
43,2025-03-30 16:01,paivinha29,pt,EA Sports FC 25,SUAREZ 94 EVO NA WL E RESENHA COM PAIVUDO  !CURSO  !COINS  !TRUST  !TRADE,"['Português', 'paivinha29', 'Futebol', 'entretenimiento']",[],False
43,2025-03-30 16:02,LYRAFPS,pt,Counter-Strike,Domingou com plays! @gamersclubcs ❗COMANDOS!,"['Português', 'gamestreaming', 'counterstrike2', 'CS2', 'gamersclub']",['MatureGame'],False
43,2025-03-30 16:02,torrefps,pt,Counter-Strike,Domingou🔥Jogando lobby/ranked🔥!sorteio !livepix,['Português'],['MatureGame'],False
43,2025-03-30 16:02,SLKRETROZADA,pt,Counter-Strike,DOMINGOUU LOBBY INSANOS  !CSGO.NET !vaquinha !otimização @matazera @pezingamer   @betaozera @GabzeraWZ,"['mouse', 'teclado', 'portugues', 'competitivo', 'proplayerPortuguês', 'proplayer', 'proplayer', 'CS2', 'cs2counterstrike2', 'cs2major']",['MatureGame'],False
44,2025-03-30 16:10,waveigl,pt,VALORANT,+18 🔞 WAVEIGL ❤️Digite !clashgg VALORANT OBRIGADO PELO F0RSA E CAFFEX7,['Português'],['ProfanityVulgarity'],False
44,2025-03-30 16:10,ofernandomaidana,pt,Sea of Thieves,DROPS 🟢 DOMINGÃO DO PIRATÃO !cmd !playlist,"['Português', 'seaofthieves', 'pirata', 'SongRequests', 'songrequest', 'SeaOfThievesPartner', 'SeaofThievesgameplay', 'English', 'DropsAtivados']",[],False
44,2025-03-30 16:10,eLyzao,pt,Counter-Strike,!TICKET SORTEIO 25 REAIS FINAL DA LIVE  !!!! SORTEIO DOS SUBS DIA 31 5 SKINS ( 500 REAIS EM SKINS )     ❗Nesha ❗iox +18,['Português'],['MatureGame'],False
44,2025-03-30 16:10,playinghazel,pt,Sea of Thieves,NOVIDADES chegando AMANHÃ! Bom domingo! | !redes !discord !lendasdomar,"['SeaofThieves', 'Português', 'LGBTQIAPIus', 'PvP', 'PvE', 'DropsAtivados']",[],False
44,2025-03-30 16:10,Nitrao_,pt,Marvel Rivals,!DROPS SUBATHON - ESPANCANDO CLT dia 2,"['Português', 'DropsAtivados']",[],False
44,2025-03-30 16:10,paivinha29,pt,EA Sports FC 25,SUAREZ 94 EVO NA WL E RESENHA COM PAIVUDO  !CURSO  !COINS  !TRUST  !TRADE,"['Português', 'paivinha29', 'Futebol', 'entretenimiento']",[],False
44,2025-03-30 16:11,PSMISSX,pt,Fortnite,🔴[DROP ON] 🔴DIA 4 - SUBATHON DA TIA MISS 🔴 AJUDE A SUBIR O TIMER🔴,"['FPS', 'Portugal', 'Brasil', 'zerobuild', 'Fortnite', 'legenda', 'ClosedCaptions', 'SemConstrução', 'Português', 'DropsAtivados']",[],False
44,2025-03-30 16:11,buxudinho,pt,Fortnite,[+18] ✨PROMOÇÃO GIFT SUB ✨ DROP ON | CODE: BUXUDINHOO #AD #EpicPartner 🔥!Pix  !Wish !Amazon,"['Português', 'DropsAtivados']",['ProfanityVulgarity'],False
44,2025-03-30 16:11,bellanoobyt,pt,Fortnite,"[DROPS ON] SUBATHON DIA 3 + ITENS GRÁTIS: 1 SUB=10 MIN, 100 BITS=7 MIN, 10 SUBS= 1H40MIN, 1 REAL=1 MIN !pix !points CODE: BELLA-NOOB-YT","['Fortnite', 'Português', 'Mulher', 'Portugal', 'fps', 'reload', 'sorteio', 'Trocação', 'subathon', 'DropsAtivados']",[],False
45,2025-03-30 16:22,waveigl,pt,VALORANT,+18 🔞 WAVEIGL ❤️Digite !clashgg VALORANT OBRIGADO PELO F0RSA E CAFFEX7,['Português'],['ProfanityVulgarity'],False
45,2025-03-30 16:22,ofernandomaidana,pt,Sea of Thieves,DROPS 🟢 DOMINGÃO DO PIRATÃO !cmd !playlist,"['Português', 'seaofthieves', 'pirata', 'SongRequests', 'songrequest', 'SeaOfThievesPartner', 'SeaofThievesgameplay', 'English', 'DropsAtivados']",[],False
45,2025-03-30 16:22,eLyzao,pt,Counter-Strike,!TICKET SORTEIO 25 REAIS FINAL DA LIVE  !!!! SORTEIO DOS SUBS DIA 31 5 SKINS ( 500 REAIS EM SKINS )     ❗Nesha ❗iox +18,['Português'],['MatureGame'],False
45,2025-03-30 16:22,playinghazel,pt,Sea of Thieves,NOVIDADES chegando AMANHÃ! Bom domingo! | !redes !discord !lendasdomar,"['SeaofThieves', 'Português', 'LGBTQIAPIus', 'PvP', 'PvE', 'DropsAtivados']",[],False
45,2025-03-30 16:22,Nitrao_,pt,Marvel Rivals,!DROPS SUBATHON - ESPANCANDO CLT dia 2,"['Português', 'DropsAtivados']",[],False
45,2025-03-30 16:22,Gaules,pt,Counter-Strike,Vitality vs Mouz Grande Final Blast Open Lisboa - !socio - Siga @Gaules nas redes - #AGONBYAOCBR #AOCGaming @AgonByAOCBR,['Português'],['MatureGame'],True
45,2025-03-30 16:22,guneiva,pt,EA Sports FC 25,TIRE SUAS DUVIDAS! 11 WL EM CONTAS DE CLIENTE  -  JOGAMOS SUA WL -  !coins !cliente !coach !livepix !4213 !4411,['Português'],[],False
45,2025-03-30 16:22,ThataGamerX,pt,EA Sports FC 25,🎮 EAFC25: Mata mata WL | Clubs com subs as 19:00🚀  ❗PIX ❗AcademiaFC | @ThataGamerX nas redes,"['Português', 'girl', 'futebol', 'batepapo', 'videogame', 'EAFC', 'eafc25', 'variedades']",[],False
45,2025-03-30 16:22,Kant,pt,Just Chatting,KANTOSHI E LINO PRONTOS PARA GUERRA NA BDN [SPARTA] !ALBUM2 !KILL !LIVEPIX,"['fifa', 'Português', 'Batalhadaaldeia', 'HipHop', 'Rap']",[],False
46,2025-03-30 20:01,waveigl,pt,VALORANT,+18 🔞 WAVEIGL ❤️Digite !clashgg VALORANT OBRIGADO PELO F0RSA E CAFFEX7,['Português'],['ProfanityVulgarity'],False
46,2025-03-30 20:01,Nitrao_,pt,Marvel Rivals,!DROPS SUBATHON - ESPANCANDO CLT dia 2,"['Português', 'DropsAtivados']",[],False
46,2025-03-30 20:01,EiMine77,pt,Minecraft,✅ RECOMPENSAS ON! | ⭐ SEJA RÁPIDO E GANHE UMA CAPA DE GRAÇA: !CAPA | 💘 INSTAGRAM: @EIMINE77 | !ajuda !rerun !sub !subgratis !loja,"['Minecraft', 'EiMine', 'Português', 'RecompensasEspetadores']",[],False
46,2025-03-30 20:01,NTV_Games,pt,Grand Theft Auto V,🔞 🟢RERUN🟢 🔫liberty🔫 ❗Comandos ❗Pix ❗Instagram ❗tiktok ❗Rs pedir musica..,['Português'],['MatureGame'],False
46,2025-03-30 20:01,TcK10,pt,VALORANT,LOUD x 2G | SUPER C9 x LEV 21H | VCT AMERICAS 🏆 !GROWTH 🏆 SIGA EM @TcK10 #VCTWatchParty,"['melhordomundo', 'radiante', 'incrível', 'valorant', 'Português']",[],False
46,2025-03-30 20:01,sacy,pt,VALORANT,2G vs LOUD / VCT AMERICAS - #VCTWATCHPARTY,['Português'],[],False
46,2025-03-30 20:01,Tixinhadois,pt,VALORANT,LOUD 0x1 2GAME (BOTAnoTIXA) #VCTWatchParty !loco !adamantium !kaspersky,"['Português', 'valorant', 'Tixinha', 'cypher', 'valorantbr']",[],False
46,2025-03-30 20:02,XAROLA_,pt,VALORANT,LOUD 0x1 2GAME - #VCTWATCHPARTY || SIGA O KING -> @xarola_,"['humor', 'nordeste', 'yoru', 'lindo', 'Português', 'calvo']",[],False
46,2025-03-30 20:02,mwzera,pt,VALORANT,WATCHPARTY VCT AMERICAS / LOUD vs 2G  - !recuperação !sorteio !videonovo !noping,['Português'],[],False
47,2025-03-30 20:13,HWmalk,pt,Pilgrim,Um pouquinho de Pilgrim (só um pouquinho) 😶,"['Português', 'AMA', 'Brasil', 'RPG', 'música', 'Conversação', 'RockRoll', 'Ansiedade', 'Interativo']",[],False
47,2025-03-30 20:13,waveigl,pt,VALORANT,+18 🔞 WAVEIGL ❤️Digite !clashgg VALORANT OBRIGADO PELO F0RSA E CAFFEX7,['Português'],['ProfanityVulgarity'],False
47,2025-03-30 20:13,Nitrao_,pt,Marvel Rivals,!DROPS SUBATHON - ESPANCANDO CLT dia 2,"['Português', 'DropsAtivados']",[],False
47,2025-03-30 20:13,NTV_Games,pt,Grand Theft Auto V,🔞 🟢RERUN🟢 🔫liberty🔫 ❗Comandos ❗Pix ❗Instagram ❗tiktok ❗Rs pedir musica..,['Português'],['MatureGame'],False
47,2025-03-30 20:13,TcK10,pt,VALORANT,LOUD x 2G | SUPER C9 x LEV 21H | VCT AMERICAS 🏆 !GROWTH 🏆 SIGA EM @TcK10 #VCTWatchParty,"['melhordomundo', 'radiante', 'incrível', 'valorant', 'Português']",[],False
47,2025-03-30 20:13,EiMine77,pt,Minecraft,✅ RECOMPENSAS ON! | ⭐ SEJA RÁPIDO E GANHE UMA CAPA DE GRAÇA: !CAPA | 💘 INSTAGRAM: @EIMINE77 | !ajuda !rerun !sub !subgratis !loja,"['Minecraft', 'EiMine', 'Português', 'RecompensasEspetadores']",[],False
47,2025-03-30 20:13,ferrysfps_,en,Counter-Strike,Have fun guys ^^,['English'],['MatureGame'],False
47,2025-03-30 20:13,joohn_garcia,pt,Overwatch 2,NOSSO LUGAR ESPECIAL - 🔵COD APOIADOR: JOHNZ,"['Gay', 'gameplay', 'nerd', 'playstation', 'inglês', 'Português', 'fortnite', 'Overawatch', 'terror', 'LGBTQIA']",[],False
47,2025-03-30 20:14,garvinbyrdieaanp,en,VALORANT,reflection in day !,"['English', 'Português', 'fpsgames']",[],False
48,2025-03-30 20:21,HWmalk,pt,Pilgrim,Um pouquinho de Pilgrim (só um pouquinho) 😶,"['Português', 'AMA', 'Brasil', 'RPG', 'música', 'Conversação', 'RockRoll', 'Ansiedade', 'Interativo']",[],False
48,2025-03-30 20:21,waveigl,pt,VALORANT,+18 🔞 WAVEIGL ❤️Digite !clashgg VALORANT OBRIGADO PELO F0RSA E CAFFEX7,['Português'],['ProfanityVulgarity'],False
48,2025-03-30 20:21,Nitrao_,pt,Marvel Rivals,!DROPS SUBATHON - ESPANCANDO CLT dia 2,"['Português', 'DropsAtivados']",[],False
48,2025-03-30 20:21,NTV_Games,pt,Grand Theft Auto V,🔞 🟢RERUN🟢 🔫liberty🔫 ❗Comandos ❗Pix ❗Instagram ❗tiktok ❗Rs pedir musica..,['Português'],['MatureGame'],False
48,2025-03-30 20:21,TcK10,pt,VALORANT,LOUD x 2G | SUPER C9 x LEV 21H | VCT AMERICAS 🏆 !GROWTH 🏆 SIGA EM @TcK10 #VCTWatchParty,"['melhordomundo', 'radiante', 'incrível', 'valorant', 'Português']",[],False
48,2025-03-30 20:21,EiMine77,pt,Minecraft,✅ RECOMPENSAS ON! | ⭐ SEJA RÁPIDO E GANHE UMA CAPA DE GRAÇA: !CAPA | 💘 INSTAGRAM: @EIMINE77 | !ajuda !rerun !sub !subgratis !loja,"['Minecraft', 'EiMine', 'Português', 'RecompensasEspetadores']",[],False
48,2025-03-30 20:21,imoonelfa,pt,Fortnite,Bora JOGAR ou passar RAIVA? | USE o código ELFA na loja EPIC 🎮🤍❗discord ❗insta ❗comandos 🤍,"['Português', 'Fortnite', 'jogandocomochat', 'Brasil', 'Brasileira', 'DropsAtivados']",[],False
48,2025-03-30 20:21,Kah_Athena,pt,VALORANT,[+18]... Compzinho doloroso ...😈❗sorteio ...❗jogar❗pix❗epic❗uid❗social❗playlist ❗codiepic ❗valorant ❗whats ❗love ❗nick,"['Positividade', 'sorteio', 'Fortnite', 'Mulher', 'SafeSpace', 'justcchatting', 'VALORANＴ', 'ＦＰＳ', 'jogodetiro', 'Português']",[],False
48,2025-03-30 20:21,beletz_,pt,Fortnite,🏆 CAMPEONATO RELOAD DUO FORTNITE 🏆TRANSMISSÃO AO VIVO + SORTEIOS ✨ USE CODE: BELETZ ✨!CODE !PIX,"['portugues', 'fortnite', 'fortnitetrocacao', 'stream', 'Português', 'girlgamers', 'DropsAtivados']",[],False
49,2025-03-30 20:29,HWmalk,pt,Pilgrim,Um pouquinho de Pilgrim (só um pouquinho) 😶,"['Português', 'AMA', 'Brasil', 'RPG', 'música', 'Conversação', 'RockRoll', 'Ansiedade', 'Interativo']",[],False
49,2025-03-30 20:29,waveigl,pt,VALORANT,+18 🔞 WAVEIGL ❤️Digite !clashgg VALORANT OBRIGADO PELO F0RSA E CAFFEX7,['Português'],['ProfanityVulgarity'],False
49,2025-03-30 20:29,Praxt_,pt,Fortnite,DROPS ON! ASSISTA E GANHE ITENS GRÁTIS! !drop,"['Português', 'Fortnite', 'vbucks', 'AMA', 'PlayingwWithViewers', 'SeiosFartos', 'regras', 'LGBT', 'ＬＯＬ', 'LiveFamilia']",[],False
49,2025-03-30 20:29,Nitrao_,pt,Marvel Rivals,!DROPS SUBATHON - ESPANCANDO CLT dia 2,"['Português', 'DropsAtivados']",[],False
49,2025-03-30 20:30,EdQuest,pt,Mini Royale,🟢DROPS ON!! SERVER PRIVADO MAIS TARDE !!  BORA JOGAR!!! !  !YOUTUBE !INSTAGRAM !REDES,"['Português', 'foundation', 'Build', 'BuildCrafting', 'DropsAtivados']",[],False
49,2025-03-30 20:30,NTV_Games,pt,Grand Theft Auto V,🔞 🟢RERUN🟢 🔫liberty🔫 ❗Comandos ❗Pix ❗Instagram ❗tiktok ❗Rs pedir musica..,['Português'],['MatureGame'],False
49,2025-03-30 20:30,Yoaninha,pt,Just Chatting,oi - !bits !pix !wishlist !2game,"['Português', 'Mulher', 'TDAH', 'Mimosinha']",[],False
49,2025-03-30 20:30,desprezar,pt,League of Legends,dia da vitoria.,"['Português', 'MulherDePreso', 'femcel', 'XIQUEXIQUEBAHIA', 'porcoassado']",[],False
49,2025-03-30 20:30,yayahuz,pt,Just Chatting,EXPERIMENTANDO PEÇAS DE LEGO,"['Português', 'LOUD']",[],False
0,2025-03-31 19:25,ofernandomaidana,pt,Sea of Thieves,DIA DE CAÇAR MEGALODON 🦈 !cmd !playlist,"['Português', 'seaofthieves', 'pirata', 'SongRequests', 'songrequest', 'SeaOfThievesPartner', 'SeaofThievesgameplay', 'English']",[],False
0,2025-03-31 19:25,DorSmiley,pt,Sea of Thieves,"🟢Dia de caos, Segundou| PVP + tarde | Parceiro do @lendasdomar e @csotbr  !Comandos !drops !tdm","['Ação', 'Aventura', 'Comédia', 'Português', 'Xingamentos', 'seaofthieves', 'PvEPvP', 'SoTPvp', 'seaofthieveseason15']",['ProfanityVulgarity'],False
0,2025-03-31 19:25,MegeraBruna,pt,VALORANT,"Meu Limão, Meu Limoeiro. [+18] / !discord / !elo / !regras / !pix / !instagram/ !nick/ !Sorteio/ !clip/ !Sr /  !subathon","['Português', 'valorant', 'gamergirl', 'fps', 'gamer']",[],False
0,2025-03-31 19:25,eLyzao,pt,EA Sports FC 25,W.L SPEED ( SORTEIO DOS SUBS AS 22 )    ❗Nesha ❗iox +18,['Português'],[],False
0,2025-03-31 19:25,waveigl,pt,Counter-Strike,+18 🔞 WAVEIGL ❤️ !ASSINATURA !AULA DE CS2 !TESTEBLACKBELT !COMANDOS !VALORANT,['Português'],"['MatureGame', 'ProfanityVulgarity']",False
0,2025-03-31 19:25,EiMine77,pt,Minecraft,✅ RECOMPENSAS ON! | ⭐ SEJA RÁPIDO E GANHE UMA CAPA DE GRAÇA: !CAPA | 💘 INSTAGRAM: @EIMINE77 | !ajuda !rerun !sub !subgratis !loja,"['Minecraft', 'EiMine', 'Português', 'RecompensasEspetadores']",[],False
0,2025-03-31 19:25,mechamoluu,pt,League of Legends,✨DO PLATINA AO PRATA (continuando a sequencia de vitórias)  !elo !discord !pix !comandos ✨,"['Português', 'gameplay', 'Ranked', 'foco', 'Mulher', 'monolux', 'jinx']",[],False
0,2025-03-31 19:25,ReveLAHCasters,pt,League of Legends,#CIRCUITÃO - WatchParty - STE 1 x 1 LOS (MD3) | !casters !circuitao,"['casters', 'projetosocial', 'mulheres', 'pessoasnb', 'Português', 'circuitao', 'leagueoflegends', 'lol', 'ltasul']",[],False
0,2025-03-31 19:25,mytkazip,pt,Just Chatting,pf n me deixem jogar lol (live estudando e trabalhando),"['FirstPlayThrough', 'Português']",[],False
1,2025-03-31 19:36,DorSmiley,pt,Sea of Thieves,"🟢Dia de caos, Segundou| PVP + tarde | Parceiro do @lendasdomar e @csotbr  !Comandos !drops !tdm","['Ação', 'Aventura', 'Comédia', 'Português', 'Xingamentos', 'seaofthieves', 'PvEPvP', 'SoTPvp', 'seaofthieveseason15']",['ProfanityVulgarity'],False
1,2025-03-31 19:36,MegeraBruna,pt,VALORANT,"Meu Limão, Meu Limoeiro. [+18] / !discord / !elo / !regras / !pix / !instagram/ !nick/ !Sorteio/ !clip/ !Sr /  !subathon","['Português', 'valorant', 'gamergirl', 'fps', 'gamer']",[],False
1,2025-03-31 19:36,eLyzao,pt,EA Sports FC 25,W.L SPEED ( SORTEIO DOS SUBS AS 22 )    ❗Nesha ❗iox +18,['Português'],[],False
1,2025-03-31 19:36,waveigl,pt,Counter-Strike,+18 🔞 WAVEIGL ❤️ !ASSINATURA !AULA DE CS2 !TESTEBLACKBELT !COMANDOS !VALORANT,['Português'],"['MatureGame', 'ProfanityVulgarity']",False
1,2025-03-31 19:36,EiMine77,pt,Minecraft,✅ RECOMPENSAS ON! | ⭐ SEJA RÁPIDO E GANHE UMA CAPA DE GRAÇA: !CAPA | 💘 INSTAGRAM: @EIMINE77 | !ajuda !rerun !sub !subgratis !loja,"['Minecraft', 'EiMine', 'Português', 'RecompensasEspetadores']",[],False
1,2025-03-31 19:36,NTV_Games,pt,Grand Theft Auto V,🔞 🟢RERUN🟢 🔫liberty🔫 ❗Comandos ❗Pix ❗Instagram ❗tiktok ❗Rs pedir musica..,['Português'],['MatureGame'],False
1,2025-03-31 19:37,Cafe_Barao,pt,Grand Theft Auto V,[CODE RP] Monkey man Dia a dia de um PP no Angels of Death Novidades & Game Play !!! So na conversa...❗livepix ❗Pix ❗discord ❗cidade,"['deltaforcecreatorhub', 'conterstrike2', 'drops', 'Drop', 'Português', 'gta', 'ＧTA5', 'gtavrproleplay', 'gtandTheftAutoV', 'coderp']",['MatureGame'],False
1,2025-03-31 19:37,madruga_gamer01,pt,Grand Theft Auto V,+18 4LIFE - O Veio ta Orlini  _Damazzo´s ! !4life !dc !pix !insta,"['Português', 'MMO', 'rdr2', 'Estratégia', 'aventuras', 'simulação', 'Estratégia', 'ＦＰＳ', 'jogos', 'jogodetiro']","['MatureGame', 'ViolentGraphic']",True
1,2025-03-31 19:37,matheusbezerra_,pt,Ready or Not,🔥MELHOR SIMULADOR E TENSÃO!🔥 SURPRESA IMPRESSIONANTE! O B4CHO VAI PEGAR! ... :O  >>!lojinha !sorteio,"['bezerra', 'sorteio', 'arma', 'tiro', 'jogo', 'militar', 'Português', 'GTARP', 'fivem', 'gtaroleplay']",[],False
2,2025-03-31 19:44,DorSmiley,pt,Sea of Thieves,"🟢Dia de caos, Segundou| PVP + tarde | Parceiro do @lendasdomar e @csotbr  !Comandos !drops !tdm","['Ação', 'Aventura', 'Comédia', 'Português', 'Xingamentos', 'seaofthieves', 'PvEPvP', 'SoTPvp', 'seaofthieveseason15']",['ProfanityVulgarity'],False
2,2025-03-31 19:44,MegeraBruna,pt,VALORANT,"Meu Limão, Meu Limoeiro. [+18] / !discord / !elo / !regras / !pix / !instagram/ !nick/ !Sorteio/ !clip/ !Sr /  !subathon","['Português', 'valorant', 'gamergirl', 'fps', 'gamer']",[],False
2,2025-03-31 19:44,eLyzao,pt,EA Sports FC 25,W.L SPEED ( SORTEIO DOS SUBS AS 22 )    ❗Nesha ❗iox +18,['Português'],[],False
2,2025-03-31 19:44,waveigl,pt,Counter-Strike,+18 🔞 WAVEIGL ❤️ !ASSINATURA !AULA DE CS2 !TESTEBLACKBELT !COMANDOS !VALORANT,['Português'],"['MatureGame', 'ProfanityVulgarity']",False
2,2025-03-31 19:44,EiMine77,pt,Minecraft,✅ RECOMPENSAS ON! | ⭐ SEJA RÁPIDO E GANHE UMA CAPA DE GRAÇA: !CAPA | 💘 INSTAGRAM: @EIMINE77 | !ajuda !rerun !sub !subgratis !loja,"['Minecraft', 'EiMine', 'Português', 'RecompensasEspetadores']",[],False
2,2025-03-31 19:44,NTV_Games,pt,Grand Theft Auto V,🔞 🟢RERUN🟢 🔫liberty🔫 ❗Comandos ❗Pix ❗Instagram ❗tiktok ❗Rs pedir musica..,['Português'],['MatureGame'],False
2,2025-03-31 19:44,mechamoluu,pt,League of Legends,✨ARAM DOS CRIA  !elo !discord !pix !comandos ✨,"['Português', 'gameplay', 'Ranked', 'foco', 'Mulher', 'monolux', 'jinx', 'ARAM']",[],False
2,2025-03-31 19:45,hayschii,pt,VALORANT,FELIZ ANIVERSARIO PRA MIM 🌷  | LIVE DE ANIVERSÁRIO 1 SUB / 100 BITS = 1 ADESIVO NA CARA | ► ❗exitlag ❗pcnovo ❗pv ❗elo,"['Português', 'Competitivo', 'garotagamer', 'girl', 'conversa', 'valorant', 'Linda', 'Inglês']",[],False
2,2025-03-31 19:45,lalyzinhax,pt,VALORANT,"volteiii, vem de vava !elo !odete !voz","['Português', 'valorant', 'JogandoComSubs', 'pina']","['DrugsIntoxication', 'ProfanityVulgarity', 'SexualThemes']",False
3,2025-03-31 19:55,ocontagia,pt,League of Legends,PALHAÇO CONTAGIA a live de segunda (categoria)  !comandos !desafio,"['jogando', 'lol', 'fortnite', 'seaofthieves', 'conversando', 'portugues', 'palhaco', 'YoDa', 'Brino', 'Português']",[],False
3,2025-03-31 19:55,waveigl,pt,Counter-Strike,+18 🔞 WAVEIGL ❤️ !ASSINATURA !AULA DE CS2 !TESTEBLACKBELT !COMANDOS !VALORANT,['Português'],"['MatureGame', 'ProfanityVulgarity']",False
3,2025-03-31 19:55,kingsleague_br,pt,Kings League,👑Furia FC vs. Real Elite - Rodada 2 - Kings League Brazil ⚽,"['kingsleague', 'kingsworldcup', 'Português', 'kingsleaguebr']",[],False
3,2025-03-31 19:55,OGALOJOGA,pt,Grand Theft Auto V,[DANAVERSO RP] - PRIMEIRO DIA DO GENJI NA CIDADE! - !pix !pc !ticket,"['Português', 'roleplayer', 'fivem', 'gta']",['MatureGame'],False
3,2025-03-31 19:55,joohn_garcia,pt,Overwatch 2,NOSSO LUGAR ESPECIAL - 🔵COD APOIADOR: JOHNZ,"['Gay', 'gameplay', 'nerd', 'playstation', 'inglês', 'Português', 'fortnite', 'Overawatch', 'terror', 'LGBTQIA']",[],False
3,2025-03-31 19:55,Dilascio_,pt,Marvel Rivals,(DROPS ON) GRIND E DEPOIS JOGO DE COISAS ILÍCITAS,"['Português', 'Competitivo', 'Conversa', 'top500', 'overwatch', 'English', 'DropsAtivados']",[],False
3,2025-03-31 19:55,Koni,pt,VALORANT,[25] !cc || Novos Emotes!! || Oie! // 안녕하세요~ !!! Me ajuda a mudança de casa? !meta #konitus 🐽,"['Português', 'girl', 'Brasil', 'Mulher', 'CatsLover', 'dropinsweek']",['ProfanityVulgarity'],False
3,2025-03-31 19:55,Lariex,pt,Marvel Rivals,🔴 VAMBORA | obrigada keymailer pelos jogos :3,"['OverwatchCreators', 'FantasticFour', 'OW2SEASON15', 'OW2Brasil', 'Português', 'marvelrivals', 'EternalNightFalls', 'MarvelRivalsPartners', 'Keymailer', 'DropsAtivados']",[],False
3,2025-03-31 19:55,Gordnho,pt,Marvel Rivals,"LIVE DE Schrödinger, PODE SER CURTA OU NAO!","['Português', 'fps', 'marvelrivals', 'overwatch', 'Ranked', 'RPG', 'Fragpunk', 'o', 'DropsAtivados']",['ProfanityVulgarity'],False
4,2025-03-31 20:03,HWmalk,pt,Schedule I,[+18] CLT DE DORGAS 🌱,"['Português', 'AMA', 'Brasil', 'RPG', 'música', 'Conversação', 'RockRoll', 'Ansiedade', 'Interativo']",[],False
4,2025-03-31 20:03,ocontagia,pt,League of Legends,PALHAÇO CONTAGIA a live de segunda (categoria)  !comandos !desafio,"['jogando', 'lol', 'fortnite', 'seaofthieves', 'conversando', 'portugues', 'palhaco', 'YoDa', 'Brino', 'Português']",[],False
4,2025-03-31 20:03,waveigl,pt,Counter-Strike,+18 🔞 WAVEIGL ❤️ !ASSINATURA !AULA DE CS2 !TESTEBLACKBELT !COMANDOS !VALORANT,['Português'],"['MatureGame', 'ProfanityVulgarity']",False
4,2025-03-31 20:03,eLyzao,pt,EA Sports FC 25,W.L SPEED ( SORTEIO DOS SUBS AS 22 )    ❗Nesha ❗iox +18,['Português'],[],False
4,2025-03-31 20:04,loud_coringa,pt,Kings League,LOUD SPORTS CLUB! KINGS LEAGUE BRAZIL: 2ª RODADA,['Português'],[],False
4,2025-03-31 20:04,Gaules,pt,Kings League,G3X VS CapimFC 2* Rodada KingsLeague Brasil #SejaSuper - !socio - Siga @Gaules nas redes sociais!,['Português'],[],True
4,2025-03-31 20:04,MatGomesz,pt,Fortnite,🟡DROPS ON🟡 Tentando reaprender a jogar forinai |❗olivia | Epic CODE: MatGomesz #ad |❗noping ❗lendasdomar,"['PvP', 'PvE', 'Aventura', 'Survival', 'Português', 'Coop', 'Xbox', 'PS5', 'Trocação', 'DropsAtivados']",[],False
4,2025-03-31 20:04,Ishiro_Oninawa,pt,HELLDIVERS 2,MALEVELON CREEK PRECISA DE NÓS!,['Português'],"['MatureGame', 'ProfanityVulgarity']",False
4,2025-03-31 20:04,CapitaoSerket,pt,Sea of Thieves,UPANDO A REPUTAÇÃO NOVA - !NEBULA JOGUE SEA PELO GAME PASS!!,"['Português', 'JogosVariados', 'Inglês', 'seaofthieves', 'SeaOfThievesPartner', 'SeaofThievesgameplay']",[],False
5,2025-03-31 20:11,HWmalk,pt,Schedule I,[+18] CLT DE DORGAS 🌱,"['Português', 'AMA', 'Brasil', 'RPG', 'música', 'Conversação', 'RockRoll', 'Ansiedade', 'Interativo']",[],False
5,2025-03-31 20:11,ocontagia,pt,League of Legends,PALHAÇO CONTAGIA a live de segunda (categoria)  !comandos !desafio,"['jogando', 'lol', 'fortnite', 'seaofthieves', 'conversando', 'portugues', 'palhaco', 'YoDa', 'Brino', 'Português']",[],False
5,2025-03-31 20:12,waveigl,pt,Counter-Strike,+18 🔞 WAVEIGL ❤️ !ASSINATURA !AULA DE CS2 !TESTEBLACKBELT !COMANDOS !VALORANT,['Português'],"['MatureGame', 'ProfanityVulgarity']",False
5,2025-03-31 20:12,eLyzao,pt,EA Sports FC 25,W.L SPEED ( SORTEIO DOS SUBS AS 22 )    ❗Nesha ❗iox +18,['Português'],[],False
5,2025-03-31 20:12,loud_coringa,pt,Kings League,LOUD SPORTS CLUB! KINGS LEAGUE BRAZIL: 2ª RODADA,['Português'],[],False
5,2025-03-31 20:12,Gaules,pt,Kings League,G3X VS CapimFC 2* Rodada KingsLeague Brasil #SejaSuper - !socio - Siga @Gaules nas redes sociais!,['Português'],[],True
5,2025-03-31 20:12,conteudotizando,pt,Project Zomboid,"🧟‍♂️🔥 Hoje tem Project Zomboid com @King_Khauz , @ChutaSapo e @Fabits04  | #ProjectZomboid #02 |❗msn ❗sons ❗patamon","['Português', 'Casual', 'Conversa', 'Acolhedor', 'Survival', 'Coop', 'Zumbi', 'Sobrevivência', 'Multiplayer', 'Aventura']",[],False
5,2025-03-31 20:12,Anudorak,pt,Fortnite,✨DROPS ON VEM PEGAR NA PICARETA E +✨  0/50 !souls #Desafio50Jogos,"['LGBTQIAPlus', 'LGBTQIAMais', 'LgbtqGamer', 'LGTBTQFriendly', 'Epilepsy', 'EpilepsyGamer', 'Português', 'DropsAtivados']",[],True
5,2025-03-31 20:12,WallBavaria,pt,Red Dead Redemption 2,"Agora sim, passou voando o mês - Contagem de Live (57/145) - (18+) !insta !musicas","['Português', 'Arte', 'Música', 'Wall', 'JogosVariados', 'conversa']",['MatureGame'],False
0,2025-04-01 16:21,MegeraBruna,pt,VALORANT,Jogando sem passar raiva [+18] / !discord / !elo / !regras / !pix / !instagram/ !nick/ !Sorteio/ !clip/ !Sr /  !subathon,"['Português', 'valorant', 'gamergirl', 'fps', 'gamer']",[],False
0,2025-04-01 16:21,Pedro017Yt,pt,Fortnite,(DROPS ON) FORTNITE + RESGATE ITENS ASSISTINDO A LIVE (❗loja)  🍉!PIX 🍉,"['Português', 'Fortnite', 'Jogandocomespectadores', 'DropsEnable', 'DropsAtivados']",[],False
0,2025-04-01 16:21,iamcomH,pt,Sea of Thieves,AHOY!! Bora fazer uns SotShot??!! Parceiro do @lendasdomar e @csotbr - !discord !pix !lendas !csotbr !comandos,"['Português', 'Español', 'game', 'conversa', 'seaofthieves']",[],False
0,2025-04-01 16:21,playinghazel,pt,Sea of Thieves,ESTAMOS EM CAMPANHA! Toda ajuda é bem vinda! Mais informações -> !plus | !redes !discord !lendasdomar,"['SeaofThieves', 'Português', 'LGBTQIAPIus', 'PvP', 'PvE']",[],False
0,2025-04-01 16:21,EiMine77,pt,Minecraft,✅ RECOMPENSAS ON! | ⭐ SEJA RÁPIDO E GANHE UMA CAPA DE GRAÇA: !CAPA | 💘 INSTAGRAM: @EIMINE77 | !ajuda !rerun !sub !subgratis !loja,"['Minecraft', 'EiMine', 'Português', 'RecompensasEspetadores']",[],False
0,2025-04-01 16:22,CORALtv_,pt,Marvel Rivals,DROPS ON  🔥 FARM VBUCKS ASSISTINDO A LIVE !LOJA ❤️ USE CODE: CORALTV #AD ✨!PIX !RESGATE !JOGAR !DROPS,"['Português', 'Fortnite', 'sorteio', 'VbucksGrátis', 'sorteios', 'vbucks', 'jogandocomespectadores', 'DropsAtivados']",[],False
0,2025-04-01 16:22,DorSmiley,pt,Sea of Thieves,🟢Prozeando até ir PVP  | Parceiro do @lendasdomar e @csotbr  !Comandos !drops !tdm,"['Ação', 'Aventura', 'Comédia', 'Português', 'Xingamentos', 'seaofthieves', 'PvEPvP', 'SoTPvp', 'seaofthieveseason15']",['ProfanityVulgarity'],False
0,2025-04-01 16:22,WesleyCaribe,pt,Sea of Thieves,🇧🇷🇵🇹🏴‍☠️Campanha: Hazel Plus Massacration Advanced Tramontina Macetando Passatempo Enzo Lorenzoni,"['Português', 'bemorepirate']",[],False
0,2025-04-01 16:22,INyx_Moon,pt,Baldur's Gate 3,"""HE'S WAS A BOY, SHE'S WAS A GIRL""","['Português', 'JogosVariados', 'Mulher', 'divertido', 'Coop']",['MatureGame'],False
1,2025-04-01 16:30,MegeraBruna,pt,VALORANT,Jogando sem passar raiva [+18] / !discord / !elo / !regras / !pix / !instagram/ !nick/ !Sorteio/ !clip/ !Sr /  !subathon,"['Português', 'valorant', 'gamergirl', 'fps', 'gamer']",[],False
1,2025-04-01 16:30,Pedro017Yt,pt,Fortnite,(DROPS ON) FORTNITE + RESGATE ITENS ASSISTINDO A LIVE (❗loja)  🍉!PIX 🍉,"['Português', 'Fortnite', 'Jogandocomespectadores', 'DropsEnable', 'DropsAtivados']",[],False
1,2025-04-01 16:31,iamcomH,pt,Sea of Thieves,AHOY!! Bora fazer uns SotShot??!! Parceiro do @lendasdomar e @csotbr - !discord !pix !lendas !csotbr !comandos,"['Português', 'Español', 'game', 'conversa', 'seaofthieves']",[],False
1,2025-04-01 16:31,playinghazel,pt,Sea of Thieves,ESTAMOS EM CAMPANHA! Toda ajuda é bem vinda! Mais informações -> !plus | !redes !discord !lendasdomar,"['SeaofThieves', 'Português', 'LGBTQIAPIus', 'PvP', 'PvE']",[],False
1,2025-04-01 16:31,EiMine77,pt,Minecraft,✅ RECOMPENSAS ON! | ⭐ SEJA RÁPIDO E GANHE UMA CAPA DE GRAÇA: !CAPA | 💘 INSTAGRAM: @EIMINE77 | !ajuda !rerun !sub !subgratis !loja,"['Minecraft', 'EiMine', 'Português', 'RecompensasEspetadores']",[],False
1,2025-04-01 16:31,rextk12,pt,Fortnite,DROPS DE LIVE DE FORTNITE BATTLEROYAL,"['vtuber', 'portugues', 'bloxfruits', 'robloxgames', 'liveroblox', 'Português', 'terror', 'ROBUX', 'DropsAtivados', 'drops']",[],False
1,2025-04-01 16:31,joelwalker00,pt,Call of Duty: Black Ops 6,⚡ A LIVE MAIS BRABA ESTÁ ON! COLA AÍ! 🔥 #RumoAoTopo#BORAQUEBORA #ALIVE  [+18],"['fps', 'csgo', 'gameplay', 'sonaconversa', 'iniciante', 'rumoaoglobal', 'Aulas', 'Português', 'ação', 'NPC']",['MatureGame'],False
1,2025-04-01 16:31,tiagoingamer,pt,Red Dead Redemption 2,RERUN: Red Dead Redemption 2 Siga para ver mais Live !!!!!,['Português'],['MatureGame'],False
1,2025-04-01 16:31,LEOBEAST019,pt,Street Fighter 6,MAIN: KEN E JAMIE - EAE SUMIDO,"['competitivo', 'fgc', 'portguês', 'Português']",[],False
0,2025-04-01 18:39,simoesgm,pt,Fortnite,(DROPS ON)  MEU PRIMEIRO MAPA NO FORTNITE / ENVELOPAMENTO DO KOMBATE ON.  !PIX !drop,"['Português', 'DropsAtivados']",[],False
0,2025-04-01 18:39,EiMine77,pt,Minecraft,✅ RECOMPENSAS ON! | ⭐ SEJA RÁPIDO E GANHE UMA CAPA DE GRAÇA: !CAPA | 💘 INSTAGRAM: @EIMINE77 | !ajuda !rerun !sub !subgratis !loja,"['Minecraft', 'EiMine', 'Português', 'RecompensasEspetadores']",[],False
0,2025-04-01 18:39,eLyzao,pt,EA Sports FC 25,W.L SPEED ( SORTEIO DOS SUBS AS 22 )    ❗Nesha ❗iox +18,['Português'],[],False
0,2025-04-01 18:40,MegeraBruna,pt,Sea of Thieves,Megera afunda ta on [+18] / !discord / !elo / !regras / !pix / !instagram/ !nick/ !Sorteio/ !clip/ !Sr /  !subathon,"['Português', 'valorant', 'gamergirl', 'fps', 'gamer']",[],False
0,2025-04-01 18:40,Nitrao_,pt,Marvel Rivals,!DROPS  ESPANCANDO CLT 3? RANK DIAMANTE DPS TRy hard na ranked,"['Português', 'DropsAtivados']",[],False
0,2025-04-01 18:40,sacy,pt,VALORANT,LOS GRANDES 0x1 FURIA ACADEMY - WATCHPARTY VCB,['Português'],[],False
0,2025-04-01 18:40,BeaYaasu,pt,League of Legends,oioioioiii | ❗mod ❗social ❗amazon ❗lojapc ❗donate ❗shopee  (ignora isso aq oh: #anúncio #patrocínio !MUDE),['Português'],[],False
0,2025-04-01 18:40,mechamoluu,pt,League of Legends,✨DO PLATINA AO PRATA !elo !discord !pix !comandos ✨,"['Português', 'gameplay', 'Ranked', 'foco', 'Mulher', 'monolux', 'jinx', 'ARAM']",[],False
0,2025-04-01 18:40,sany_sah,pt,League of Legends,Solo duo do ferro sz     ❗ ponto 🩷❗pix  on ❗Tinder🩷,"['Português', 'Leageflegends', 'garotagamer', 'Brasil', 'conversa', 'lol', 'MainSupport', 'sarah', 'Anime']",[],False
1,2025-04-01 18:49,MegeraBruna,pt,Sea of Thieves,Megera afunda ta on [+18] / !discord / !elo / !regras / !pix / !instagram/ !nick/ !Sorteio/ !clip/ !Sr /  !subathon,"['Português', 'valorant', 'gamergirl', 'fps', 'gamer']",[],False
1,2025-04-01 18:49,EiMine77,pt,Minecraft,✅ RECOMPENSAS ON! | ⭐ SEJA RÁPIDO E GANHE UMA CAPA DE GRAÇA: !CAPA | 💘 INSTAGRAM: @EIMINE77 | !ajuda !rerun !sub !subgratis !loja,"['Minecraft', 'EiMine', 'Português', 'RecompensasEspetadores']",[],False
1,2025-04-01 18:49,Nitrao_,pt,Marvel Rivals,!DROPS  ESPANCANDO CLT 3? RANK DIAMANTE DPS TRy hard na ranked,"['Português', 'DropsAtivados']",[],False
1,2025-04-01 18:49,sacy,pt,VALORANT,LOS GRANDES 0x1 FURIA ACADEMY - WATCHPARTY VCB,['Português'],[],False
1,2025-04-01 18:49,eLyzao,pt,EA Sports FC 25,W.L SPEED ( SORTEIO DOS SUBS AS 22 )    ❗Nesha ❗iox +18,['Português'],[],False
1,2025-04-01 18:49,ofernandomaidana,pt,Sea of Thieves,🚨 24HRS DE GTA RP 🚓 !cmd !playlist,"['Português', 'seaofthieves', 'pirata', 'SongRequests', 'songrequest', 'SeaOfThievesPartner', 'SeaofThievesgameplay', 'English']",[],False
1,2025-04-01 18:49,Scott,pt,R.E.P.O.,🔴 R.E.P.O ft. @umildlive @carrasquera @kojjlul @yumematsu @ameliebluie (DIA 03) DONATHON ATÉ 72H - 1 REAL = 1MIN !pix,['Português'],[],False
1,2025-04-01 18:49,rshuugo,pt,Minecraft,EVENTO EM TENEBRIS. — SHUGATUM #23+1!pix - 1 real 2 minuto 1 sub 20 min e 10 reais ou sub = um pool,"['Português', 'games', 'gamer', 'Inglês', 'Fortnite', 'battleroyal', 'overwatch2', 'Competitivo', 'RecompensasEspetadores']",['ViolentGraphic'],False
1,2025-04-01 18:49,thepecanha,pt,Minecraft,INVADINDO TENÉBRIS + 1 DE ABRIL,"['Português', 'corrompidos', 'Multijogador', 'RecompensasEspetadores']",[],False
2,2025-04-01 18:57,simoesgm,pt,Fortnite,(DROPS ON)  MEU PRIMEIRO MAPA NO FORTNITE / ENVELOPAMENTO DO KOMBATE ON.  !PIX !drop,"['Português', 'DropsAtivados']",[],False
2,2025-04-01 18:57,EiMine77,pt,Minecraft,✅ RECOMPENSAS ON! | ⭐ SEJA RÁPIDO E GANHE UMA CAPA DE GRAÇA: !CAPA | 💘 INSTAGRAM: @EIMINE77 | !ajuda !rerun !sub !subgratis !loja,"['Minecraft', 'EiMine', 'Português', 'RecompensasEspetadores']",[],False
2,2025-04-01 18:57,MegeraBruna,pt,Sea of Thieves,Megera afunda ta on [+18] / !discord / !elo / !regras / !pix / !instagram/ !nick/ !Sorteio/ !clip/ !Sr /  !subathon,"['Português', 'valorant', 'gamergirl', 'fps', 'gamer']",[],False
2,2025-04-01 18:57,sacy,pt,VALORANT,LOS GRANDES 1x1 FURIA ACADEMY - WATCHPARTY VCB,['Português'],[],False
2,2025-04-01 18:57,eLyzao,pt,EA Sports FC 25,W.L SPEED ( SORTEIO DOS SUBS AS 22 )    ❗Nesha ❗iox +18,['Português'],[],False
2,2025-04-01 18:57,Nitrao_,pt,Marvel Rivals,!DROPS  ESPANCANDO CLT 3? RANK DIAMANTE DPS TRy hard na ranked,"['Português', 'DropsAtivados']",[],False
2,2025-04-01 18:57,xandykawai,pt,Carry The Glass,3 DROPS ON  !comandos,"['Português', 'LGBTQIA', 'Idoso', 'Gay', 'drops', 'Fortnite', 'dbd']",['ProfanityVulgarity'],False
2,2025-04-01 18:57,CarecaSincero,pt,R.E.P.O.,"!LOJA R.E.P.O Pegar dinheiro e tomar susto, coisa boa!","['English', 'FARMPIX', 'PIX', 'loja', 'Português', 'DropsAtivados', 'monsterhunterwilds']",[],False
2,2025-04-01 18:57,DaniLiu,pt,Dead by Daylight,SUBATHON DAS PRIMAS ❗cardápio❗regras ❗pix ❗redes ❗youtube ❗clip,"['Português', 'English', 'Trans', 'LGBT', 'Mothering']","['MatureGame', 'ProfanityVulgarity']",False
3,2025-04-01 19:08,simoesgm,pt,Fortnite,(DROPS ON)  MEU PRIMEIRO MAPA NO FORTNITE / ENVELOPAMENTO DO KOMBATE ON.  !PIX !drop,"['Português', 'DropsAtivados']",[],False
3,2025-04-01 19:08,EiMine77,pt,Minecraft,✅ RECOMPENSAS ON! | ⭐ SEJA RÁPIDO E GANHE UMA CAPA DE GRAÇA: !CAPA | 💘 INSTAGRAM: @EIMINE77 | !ajuda !rerun !sub !subgratis !loja,"['Minecraft', 'EiMine', 'Português', 'RecompensasEspetadores']",[],False
3,2025-04-01 19:08,MegeraBruna,pt,Sea of Thieves,Megera afunda ta on [+18] / !discord / !elo / !regras / !pix / !instagram/ !nick/ !Sorteio/ !clip/ !Sr /  !subathon,"['Português', 'valorant', 'gamergirl', 'fps', 'gamer']",[],False
3,2025-04-01 19:09,sacy,pt,VALORANT,LOS GRANDES 1x1 FURIA ACADEMY - WATCHPARTY VCB,['Português'],[],False
3,2025-04-01 19:09,eLyzao,pt,EA Sports FC 25,W.L SPEED ( SORTEIO DOS SUBS AS 22 )    ❗Nesha ❗iox +18,['Português'],[],False
3,2025-04-01 19:09,Nitrao_,pt,Marvel Rivals,!DROPS  ESPANCANDO CLT 3? RANK DIAMANTE DPS TRy hard na ranked,"['Português', 'DropsAtivados']",[],False
3,2025-04-01 19:09,1BladeZ,pt,VALORANT,RANKEDS RADIANTE || THE ROCK || ❗ONLYPADS - ❗MIBR - ❗FRAMEX - ❗PIX,"['Português', 'FPS', 'Radiante', 'Ranked', 'TheRock']",[],False
3,2025-04-01 19:09,XAROLA_,pt,VALORANT,RANKEDS TROLLANDO TUDO E DEPOIS UNCHARTED 2 || !LOCO !FURIA !INSTA || SIGA O KING -> @xarola_,"['humor', 'nordeste', 'yoru', 'lindo', 'Português', 'calvo']",[],False
3,2025-04-01 19:09,CREMOSA,pt,VALORANT,VOLTAMOSSSS ❗NUUVEM ❗OVERCLOCK,['Português'],[],True
4,2025-04-01 20:01,simoesgm,pt,Fortnite,(DROPS ON)  MEU PRIMEIRO MAPA NO FORTNITE / ENVELOPAMENTO DO KOMBATE ON.  !PIX !drop,"['Português', 'DropsAtivados']",[],False
4,2025-04-01 20:01,DanriqueTW,pt,Minecraft,VOU BURLAR O SISTEMA E FICAR RICO! !host !cobblemon,"['Português', 'RecompensasEspetadores']",[],False
4,2025-04-01 20:01,EiMine77,pt,Minecraft,✅ RECOMPENSAS ON! | ⭐ SEJA RÁPIDO E GANHE UMA CAPA DE GRAÇA: !CAPA | 💘 INSTAGRAM: @EIMINE77 | !ajuda !rerun !sub !subgratis !loja,"['Minecraft', 'EiMine', 'Português', 'RecompensasEspetadores']",[],False
4,2025-04-01 20:01,MegeraBruna,pt,Sea of Thieves,Megera afunda ta on [+18] / !discord / !elo / !regras / !pix / !instagram/ !nick/ !Sorteio/ !clip/ !Sr /  !subathon,"['Português', 'valorant', 'gamergirl', 'fps', 'gamer']",[],False
4,2025-04-01 20:01,sacy,pt,VALORANT,LOS GRANDES 2x1 FURIA ACADEMY - WATCHPARTY VCB,['Português'],[],False
4,2025-04-01 20:01,eLyzao,pt,EA Sports FC 25,W.L SPEED ( SORTEIO DOS SUBS AS 22 )    ❗Nesha ❗iox +18,['Português'],[],False
4,2025-04-01 20:02,eubabidiniz,pt,Grand Theft Auto V,HOLLYWOODRP - TA DIFICIL PRA CRL TA? - AYRA 01 AKS #16 - me siga no instagram: @eubabidiniz ❗️pix ❗️hollywood,"['LGBT', 'ayra', 'GTARP', 'GTARP', 'Português', 'fivem', 'metagroup', 'HollywoodRp', 'metropolegg', 'aks']","['DrugsIntoxication', 'MatureGame']",False
4,2025-04-01 20:02,XarutinhoRP,pt,Grand Theft Auto V,MÊS DO MEU ANIVERSÁRIO E EU QUERO UMA NAMORADA DE PRESENTE - !pix !meta,['Português'],['MatureGame'],False
4,2025-04-01 20:02,Lucas_Chipra,pt,Red Dead Redemption 2,[+18] [ATLANTA RP - MENDIGO REI DO CRIME - DIA 12 - DIA DE NEGOCIAÇÕES,"['Português', 'RedDeadRedempition2', 'warzone', 'pontosdocanal', 'Roleplay', 'atlantarp', 'gta', 'complexo', 'cpx', 'mendigo']",['MatureGame'],False
5,2025-04-01 20:12,DanriqueTW,pt,Minecraft,VOU BURLAR O SISTEMA E FICAR RICO! !host !cobblemon,"['Português', 'RecompensasEspetadores']",[],False
5,2025-04-01 20:12,EiMine77,pt,Minecraft,✅ RECOMPENSAS ON! | ⭐ SEJA RÁPIDO E GANHE UMA CAPA DE GRAÇA: !CAPA | 💘 INSTAGRAM: @EIMINE77 | !ajuda !rerun !sub !subgratis !loja,"['Minecraft', 'EiMine', 'Português', 'RecompensasEspetadores']",[],False
5,2025-04-01 20:12,MegeraBruna,pt,Sea of Thieves,Megera afunda ta on [+18] / !discord / !elo / !regras / !pix / !instagram/ !nick/ !Sorteio/ !clip/ !Sr /  !subathon,"['Português', 'valorant', 'gamergirl', 'fps', 'gamer']",[],False
5,2025-04-01 20:12,sacy,pt,Counter-Strike,ABRINDO CAIXINHAS - !mibr !csgoskins !pix !noping,['Português'],['MatureGame'],False
5,2025-04-01 20:12,eLyzao,pt,VALORANT,W.L SPEED ( SORTEIO DOS SUBS AS 22 )    ❗Nesha ❗iox +18,['Português'],[],False
5,2025-04-01 20:12,HWmalk,pt,Schedule I,(+18) CLT DE DORGAS parte 2🌱,"['Português', 'AMA', 'Brasil', 'RPG', 'música', 'Conversação', 'RockRoll', 'Ansiedade', 'Interativo']",[],False
5,2025-04-01 20:12,sk4ravelho,pt,League of Legends,🔥 🎉 Live de aniversário do coroa. 🎂 🔥!pix !discord !emotes 🔥,"['Veio', 'Bebo', 'Português', 'Broxa', 'flordelotus18', 'vocorvo', 'jardaslano', 'MissFortune']",['ProfanityVulgarity'],False
5,2025-04-01 20:12,GiHartz,pt,League of Legends,mono sup afundado no mestre | !DROPS | segue: @gihartz,"['portugues', 'leagueoflegends', 'brasil', 'english', 'girls', 'meninas', 'riotgames', 'ruiva', 'valorant', 'onlyfans']",[],False
5,2025-04-01 20:12,Ivachuk,pt,Chained Together,[Vtuber] Rumo ao top 1!! Se inscreve aí familia! !comandos,"['Português', 'fps', 'Portugues', 'Strinova', 'valorant', 'HuntShowdown', 'Vtuber', 'VtuberBR', 'strinovagameplay', 'Anime']",[],False
6,2025-04-01 20:20,DanriqueTW,pt,Minecraft,VOU BURLAR O SISTEMA E FICAR RICO! !host !cobblemon,"['Português', 'RecompensasEspetadores']",[],False
6,2025-04-01 20:20,MegeraBruna,pt,Sea of Thieves,Megera afunda ta on [+18] / !discord / !elo / !regras / !pix / !instagram/ !nick/ !Sorteio/ !clip/ !Sr /  !subathon,"['Português', 'valorant', 'gamergirl', 'fps', 'gamer']",[],False
6,2025-04-01 20:20,EiMine77,pt,Minecraft,✅ RECOMPENSAS ON! | ⭐ SEJA RÁPIDO E GANHE UMA CAPA DE GRAÇA: !CAPA | 💘 INSTAGRAM: @EIMINE77 | !ajuda !rerun !sub !subgratis !loja,"['Minecraft', 'EiMine', 'Português', 'RecompensasEspetadores']",[],False
6,2025-04-01 20:20,eLyzao,pt,VALORANT,W.L SPEED ( SORTEIO DOS SUBS AS 22 )    ❗Nesha ❗iox +18,['Português'],[],False
6,2025-04-01 20:20,sacy,pt,Counter-Strike,ABRINDO CAIXINHAS - !mibr !csgoskins !pix !noping,['Português'],['MatureGame'],False
6,2025-04-01 20:20,HWmalk,pt,Schedule I,(+18) CLT DE DORGAS parte 2🌱,"['Português', 'AMA', 'Brasil', 'RPG', 'música', 'Conversação', 'RockRoll', 'Ansiedade', 'Interativo']",[],False
6,2025-04-01 20:20,iMartynFox,pt,Overwatch 2,[DROP ON | EN/PT-BR] | ULTIMA LIVEZINHA✨ #OverwatchCreator #OW2Brasil #OW2Season15 | CÓDIGO DE CRIADOR EPIC GAMES @imartynfox,['Português'],[],True
6,2025-04-01 20:20,Praxt_,pt,Fortnite,DROPS ON! ASSISTA E GANHE ITENS GRÁTIS! !drop,"['Português', 'Fortnite', 'vbucks', 'AMA', 'PlayingwWithViewers', 'SeiosFartos', 'regras', 'LGBT', 'ＬＯＬ', 'LiveFamilia']",[],False
6,2025-04-01 20:20,xandykawai,pt,Just Chatting,3 DROPS ON  !comandos,"['Português', 'LGBTQIA', 'Idoso', 'Gay', 'drops', 'Fortnite', 'dbd']",['ProfanityVulgarity'],False
7,2025-04-02 00:01,waveigl,pt,Counter-Strike,"+18 🔞 WAVEIGL ❤️ isso é uma aula de CS2 para adultos, chat apenas !alunos |   !valorant",['Português'],"['MatureGame', 'ProfanityVulgarity']",False
7,2025-04-02 00:01,DanriqueTW,pt,Minecraft,VOU BURLAR O SISTEMA E FICAR RICO! !host !cobblemon,"['Português', 'RecompensasEspetadores']",[],False
7,2025-04-02 00:01,EiMine77,pt,Minecraft,✅ RECOMPENSAS ON! | ⭐ SEJA RÁPIDO E GANHE UMA CAPA DE GRAÇA: !CAPA | 💘 INSTAGRAM: @EIMINE77 | !ajuda !rerun !sub !subgratis !loja,"['Minecraft', 'EiMine', 'Português', 'RecompensasEspetadores']",[],False
7,2025-04-02 00:01,eLyzao,pt,VALORANT,W.L SPEED ( SORTEIO DOS SUBS AS 22 )    ❗Nesha ❗iox +18,['Português'],[],False
7,2025-04-02 00:01,HWmalk,pt,Schedule I,(+18) CLT DE DORGAS parte 2🌱,"['Português', 'AMA', 'Brasil', 'RPG', 'música', 'Conversação', 'RockRoll', 'Ansiedade', 'Interativo']",[],False
7,2025-04-02 00:02,Praxt_,pt,Fortnite,DROPS ON! ASSISTA E GANHE ITENS GRÁTIS! !drop,"['Português', 'Fortnite', 'vbucks', 'AMA', 'PlayingwWithViewers', 'SeiosFartos', 'regras', 'LGBT', 'ＬＯＬ', 'LiveFamilia']",[],False
7,2025-04-02 00:02,Minerva,pt,League of Legends,😈 SOLOQ TRYHARD + GAMES VARIADOS MAIS TARDE  !pix !cortes !youtube !lives !mortes,['Português'],[],False
7,2025-04-02 00:02,Ayellol,pt,League of Legends,RUSH TOP 1  🟠 LIVE SEM AD NA !LOCO 🟠 | !loco !ragnarok !discord !pix !cortes !multi,['Português'],[],True
7,2025-04-02 00:02,gORDOx,pt,League of Legends,SE PERDER ESSA EU VOU PRO FERRO !pix !loja,"['gordox', 'cs', 'cs2', 'lol', 'leagueoflegends', 'Português']",[],False
8,2025-04-02 00:10,waveigl,pt,Counter-Strike,"+18 🔞 WAVEIGL ❤️ isso é uma aula de CS2 para adultos, chat apenas !alunos |   !valorant",['Português'],"['MatureGame', 'ProfanityVulgarity']",False
8,2025-04-02 00:10,DanriqueTW,pt,Minecraft,VOU BURLAR O SISTEMA E FICAR RICO! !host !cobblemon,"['Português', 'RecompensasEspetadores']",[],False
8,2025-04-02 00:10,EiMine77,pt,Minecraft,✅ RECOMPENSAS ON! | ⭐ SEJA RÁPIDO E GANHE UMA CAPA DE GRAÇA: !CAPA | 💘 INSTAGRAM: @EIMINE77 | !ajuda !rerun !sub !subgratis !loja,"['Minecraft', 'EiMine', 'Português', 'RecompensasEspetadores']",[],False
8,2025-04-02 00:10,eLyzao,pt,VALORANT,W.L SPEED ( SORTEIO DOS SUBS AS 22 )    ❗Nesha ❗iox +18,['Português'],[],False
8,2025-04-02 00:11,HWmalk,pt,Schedule I,(+18) CLT DE DORGAS parte 2🌱,"['Português', 'AMA', 'Brasil', 'RPG', 'música', 'Conversação', 'RockRoll', 'Ansiedade', 'Interativo']",[],False
8,2025-04-02 00:11,Praxt_,pt,Fortnite,DROPS ON! ASSISTA E GANHE ITENS GRÁTIS! !drop,"['Português', 'Fortnite', 'vbucks', 'AMA', 'PlayingwWithViewers', 'SeiosFartos', 'regras', 'LGBT', 'ＬＯＬ', 'LiveFamilia']",[],False
8,2025-04-02 00:11,diogolingua,pt,Fortnite,BORA DE PLAY?👅 #DROPS ON!,"['Português', 'dropson', 'DropsAtivados']",[],False
8,2025-04-02 00:11,Arkane,pt,Fortnite,🔥 DROPS ON 🔥  GRÁTIS ENVELOPAMENTO MK NO FORTNITE !drop - CODE: ARKANE #EpicPartner 🔥 !loja !pix !logitech !noping !youtube !cortes,"['Português', 'DropsAtivados']",[],True
8,2025-04-02 00:11,acreanolive,pt,Fortnite,Dia de stress ❗pix ❗discord ❗grupo ❗pc ❗monitor ❗nick,"['epicgames', 'Acre', 'Fortnite', 'SaveTheWord', 'Português', 'battleroyale', 'Brasil', 'Salveomundo', 'DropsAtivados']",[],False
9,2025-04-02 00:20,waveigl,pt,Counter-Strike,"+18 🔞 WAVEIGL ❤️ isso é uma aula de CS2 para adultos, chat apenas !alunos |   !valorant",['Português'],"['MatureGame', 'ProfanityVulgarity']",False
9,2025-04-02 00:20,DanriqueTW,pt,Minecraft,VOU BURLAR O SISTEMA E FICAR RICO! !host !cobblemon,"['Português', 'RecompensasEspetadores']",[],False
9,2025-04-02 00:20,EiMine77,pt,Minecraft,✅ RECOMPENSAS ON! | ⭐ SEJA RÁPIDO E GANHE UMA CAPA DE GRAÇA: !CAPA | 💘 INSTAGRAM: @EIMINE77 | !ajuda !rerun !sub !subgratis !loja,"['Minecraft', 'EiMine', 'Português', 'RecompensasEspetadores']",[],False
9,2025-04-02 00:20,Arkane,pt,Fortnite,🔥 DROPS ON 🔥  GRÁTIS ENVELOPAMENTO MK NO FORTNITE !drop - CODE: ARKANE #EpicPartner 🔥 !loja !pix !logitech !noping !youtube !cortes,"['Português', 'DropsAtivados']",[],True
9,2025-04-02 00:21,eLyzao,pt,VALORANT,W.L SPEED ( SORTEIO DOS SUBS AS 22 )    ❗Nesha ❗iox +18,['Português'],[],False
9,2025-04-02 00:21,HWmalk,pt,Schedule I,(+18) CLT DE DORGAS parte 2🌱,"['Português', 'AMA', 'Brasil', 'RPG', 'música', 'Conversação', 'RockRoll', 'Ansiedade', 'Interativo']",[],False
9,2025-04-02 00:21,fer,pt,Counter-Strike,MM FARMANDO CAIXA E PERDENDO DINHEIRO @boltz  @lucas1 @pesafps @tacocs❗csgoskins ❗keydrop ❗pirateswap 🔥FERFLIX 🔥 +18,['Português'],['MatureGame'],False
9,2025-04-02 00:21,donkgord0,pt,Counter-Strike,🕺🏻💪🏻😎🦜+18 NOVO PASSE NO CS2 VEM ONLINE❗RAINGG  🤪 !!❗neshastore  ❗gamearena❗csgoskins,"['CSGO', 'FPS', 'GAMERSCLUB', 'GC', 'LVL20', 'Português', 'lol', 'leagueoflegends', 'moba']",['MatureGame'],False
9,2025-04-02 00:21,LUCAS1,pt,Counter-Strike,🟢 #1 Q u é O t a? !csgoskins !raingg,['Português'],['MatureGame'],False
10,2025-04-02 00:29,waveigl,pt,Counter-Strike,"+18 🔞 WAVEIGL ❤️ isso é uma aula de CS2 para adultos, chat apenas !alunos |   !valorant",['Português'],"['MatureGame', 'ProfanityVulgarity']",False
10,2025-04-02 00:29,Arkane,pt,Fortnite,🔥 DROPS ON 🔥  GRÁTIS ENVELOPAMENTO MK NO FORTNITE !drop - CODE: ARKANE #EpicPartner 🔥 !loja !pix !logitech !noping !youtube !cortes,"['Português', 'DropsAtivados']",[],True
10,2025-04-02 00:29,DanriqueTW,pt,Minecraft,VOU BURLAR O SISTEMA E FICAR RICO! !host !cobblemon,"['Português', 'RecompensasEspetadores']",[],False
10,2025-04-02 00:29,EiMine77,pt,Minecraft,✅ RECOMPENSAS ON! | ⭐ SEJA RÁPIDO E GANHE UMA CAPA DE GRAÇA: !CAPA | 💘 INSTAGRAM: @EIMINE77 | !ajuda !rerun !sub !subgratis !loja,"['Minecraft', 'EiMine', 'Português', 'RecompensasEspetadores']",[],False
10,2025-04-02 00:29,taruhgg,pt,Counter-Strike,Do PRATA ao GLOBAL ❗curso ❗csgobig ❗neshastore ❗skinclub,['Português'],['MatureGame'],False
10,2025-04-02 00:29,eLyzao,pt,Counter-Strike,W.L SPEED ( SORTEIO DOS SUBS AS 22 )    ❗Nesha ❗iox +18,['Português'],['MatureGame'],False
10,2025-04-02 00:29,TiaDaMerenda,pt,Overwatch 2,1 de abril é dia de que??? abrir 100 ❗lootbox 🤞🤡  ❗ow  ❗amigo ❗pix ❗juiz,"['Português', 'conversação', 'Dentrodoslimites', 'iniciante', 'Brasil', 'DDA', 'LGBTQIAsafeplace']",['SexualThemes'],False
10,2025-04-02 00:29,denielz_,pt,Fortnite,E bora para mais um dia [quente] de derrotas u.u [+18],"['justchatting', 'games', 'LGBTQIAPlus', 'TDAH', 'Português', 'English', 'LurkFriendly', 'SafeSpace', 'DropsAtivados']",[],False
10,2025-04-02 00:29,annadeneve,pt,R.E.P.O.,[DROPS ON] me conta uma mentira ai ♡ !clip !pix !discord !comandos,"['Mulher', 'bonita', 'engraçada', 'Português', 'ConversandoComOChat']",[],False
11,2025-04-02 04:01,iShadowWolf_,pt,Sea of Thieves,(+18) Livezinha Muito Doida!   ||   (❗comandos ❗metas ❗drops)   ||   (Epic Code: SHADOWOLF),['Português'],[],False
11,2025-04-02 04:01,waveigl,pt,Counter-Strike,"+18 🔞 WAVEIGL ❤️ isso é uma aula de CS2 para adultos, chat apenas !alunos |   !valorant",['Português'],"['MatureGame', 'ProfanityVulgarity']",False
11,2025-04-02 04:01,Saullo,pt,Counter-Strike,ABRINDO 300x CAIXAS NOVAS no CS:2 + DIA CORINGA DE 331 MIL REAIS + DEPÓSITO NA CONTA DE VOCÊS + SORTEIO 100 DÓLARES (AO VIVO),"['Português', 'skinscsgo', 'CSGO', 'SORTEIO', 'PIX', 'SKINS', 'FPS', 'Brasil', 'CS2', 'cs2beta']",['MatureGame'],True
11,2025-04-02 04:01,taruhgg,pt,Counter-Strike,Do PRATA ao GLOBAL ❗curso ❗csgobig ❗neshastore ❗skinclub,['Português'],['MatureGame'],False
11,2025-04-02 04:02,MISTICA_GAMER,pt,Just Chatting,🛑ISSO É REAL - LIVE INFINITA? 🔥😲 00H FAÇO 16 ANINHOS 🎉👀  @mistica_gamer AO VIVO 💚,['Português'],[],False
11,2025-04-02 04:02,Ivachuk,pt,League of Legends,[Vtuber] Rumo ao top 1!! Se inscreve aí familia! !comandos,"['Português', 'fps', 'Portugues', 'Strinova', 'valorant', 'HuntShowdown', 'Vtuber', 'VtuberBR', 'strinovagameplay', 'Anime']",[],False
11,2025-04-02 04:02,SoldadoTL,pt,Grand Theft Auto V,🔴(+18) Thug Life | Tropa do Tedi,"['Fivem', 'GTARP', 'GTaRP', 'trocadetiro', 'FIVE', 'FUGA', 'Português', '021', 'factualrj', 'FactualRJ']",[],False
11,2025-04-02 04:03,Dehh_uza,pt,League of Legends,LIVE alcoolica hihi RankedZinha pra tiltar de leve.  !instagram !livepix,"['girlgamers', 'girl', 'gamer', 'leagueoflegends', 'fortnitegaminglive', 'valorant', 'subathon', 'LGBTQIAPlus', 'Português', 'BR']",['ProfanityVulgarity'],False
11,2025-04-02 04:03,ramster698,pt,Counter-Strike,[+18] | AMASSANDO EM CS | !contato,"['English', 'Português', 'cassino', 'Cooperação', 'plataformas']",['MatureGame'],False
12,2025-04-02 04:10,iShadowWolf_,pt,Sea of Thieves,(+18) Livezinha Muito Doida!   ||   (❗comandos ❗metas ❗drops)   ||   (Epic Code: SHADOWOLF),['Português'],[],False
12,2025-04-02 04:10,waveigl,pt,Counter-Strike,"+18 🔞 WAVEIGL ❤️ isso é uma aula de CS2 para adultos, chat apenas !alunos |   !valorant",['Português'],"['MatureGame', 'ProfanityVulgarity']",False
12,2025-04-02 04:10,Saullo,pt,Counter-Strike,ABRINDO 300x CAIXAS NOVAS no CS:2 + DIA CORINGA DE 331 MIL REAIS + DEPÓSITO NA CONTA DE VOCÊS + SORTEIO 100 DÓLARES (AO VIVO),"['Português', 'skinscsgo', 'CSGO', 'SORTEIO', 'PIX', 'SKINS', 'FPS', 'Brasil', 'CS2', 'cs2beta']",['MatureGame'],True
12,2025-04-02 04:10,taruhgg,pt,Counter-Strike,Do PRATA ao GLOBAL ❗curso ❗csgobig ❗neshastore ❗skinclub,['Português'],['MatureGame'],False
12,2025-04-02 04:10,MISTICA_GAMER,pt,Just Chatting,🛑ISSO É REAL - LIVE INFINITA? 🔥😲 00H FAÇO 16 ANINHOS 🎉👀  @mistica_gamer AO VIVO 💚,['Português'],[],False
12,2025-04-02 04:10,Ivachuk,pt,VALORANT,[Vtuber] Rumo ao top 1!! Se inscreve aí familia! !comandos,"['Português', 'fps', 'Portugues', 'Strinova', 'valorant', 'HuntShowdown', 'Vtuber', 'VtuberBR', 'strinovagameplay', 'Anime']",[],False
12,2025-04-02 04:10,AsakoXD,pt,Black Myth: Wukong,Sera que zera hoje? | Subathon DIA 35 | Live #68 | !Youtube !Discord !PIX !Lurk,"['Burro', 'Vtuber', 'Português', 'Nordestino', 'PNGtuberBR']",['ProfanityVulgarity'],False
12,2025-04-02 04:10,nattsuki_san,pt,SnowRunner,[18+] VTBR ~ CUIDANDO DAQUILO !pix !lurk,['Português'],['ProfanityVulgarity'],False
12,2025-04-02 04:10,InariShino,pt,I'm Only Sleeping,₊˚⊹ Subathon infinito ⊹ ࣪ ˖ R$1 = 2 min ˖ Sub tier 1 = 5 min ˖ 100 bits = 7 min | Dia 7 ˖ !pix !sub !wishlist !subathon ✿,"['Português', 'Vtuber', 'Raposa', 'VtuberBR', 'Brasil', 'IRL', 'Mulher', 'Comfy', 'subathon', 'Idol']",[],False
13,2025-04-02 04:20,iShadowWolf_,pt,Sea of Thieves,(+18) Livezinha Muito Doida!   ||   (❗comandos ❗metas ❗drops)   ||   (Epic Code: SHADOWOLF),['Português'],[],False
13,2025-04-02 04:20,waveigl,pt,Counter-Strike,"+18 🔞 WAVEIGL ❤️ isso é uma aula de CS2 para adultos, chat apenas !alunos |   !valorant",['Português'],"['MatureGame', 'ProfanityVulgarity']",False
13,2025-04-02 04:20,Ivachuk,pt,VALORANT,[Vtuber] Rumo ao top 1!! Se inscreve aí familia! !comandos,"['Português', 'fps', 'Portugues', 'Strinova', 'valorant', 'HuntShowdown', 'Vtuber', 'VtuberBR', 'strinovagameplay', 'Anime']",[],False
13,2025-04-02 04:20,taruhgg,pt,Counter-Strike,Do PRATA ao GLOBAL ❗curso ❗csgobig ❗neshastore ❗skinclub,['Português'],['MatureGame'],False
13,2025-04-02 04:20,MISTICA_GAMER,pt,Just Chatting,🛑ISSO É REAL - LIVE INFINITA? 🔥😲 00H FAÇO 16 ANINHOS 🎉👀  @mistica_gamer AO VIVO 💚,['Português'],[],False
13,2025-04-02 04:20,trevinsz,pt,Fortnite,TOP #38 MUNDO - DROPS [ ON ]  - AKA PROSTIBUILDER - CODE: TREVINSZ  -   +SUB = LOBBY       !pix !discord,"['Português', 'Englsih', 'spanish', 'fps', 'DropsAtivados']",[],False
14,2025-04-02 08:01,iShadowWolf_,pt,Fortnite,(+18) Livezinha Muito Doida!   ||   (❗comandos ❗metas ❗drops)   ||   (Epic Code: SHADOWOLF),"['Português', 'DropsAtivados']",[],False
14,2025-04-02 08:01,EiMine77,pt,Minecraft,✅ RECOMPENSAS ON! | ⭐ SEJA RÁPIDO E GANHE UMA CAPA DE GRAÇA: !CAPA | 💘 INSTAGRAM: @EIMINE77 | !ajuda !rerun !sub !subgratis !loja,"['Minecraft', 'EiMine', 'Português', 'RecompensasEspetadores']",[],False
14,2025-04-02 08:01,MISTICA_GAMER,pt,Just Chatting,🛑ISSO É REAL - LIVE INFINITA? 🔥😲 00H FAÇO 16 ANINHOS 🎉👀  @mistica_gamer AO VIVO 💚,['Português'],[],False
14,2025-04-02 08:01,NTV_Games,pt,Grand Theft Auto V,🔞 🟢RERUN🟢 🔫liberty🔫 ❗Comandos ❗Pix ❗Instagram ❗tiktok ❗Rs pedir musica..,['Português'],['MatureGame'],False
14,2025-04-02 08:01,raeVosa,pt,VALORANT,MUITA RAIVA E POUCA MIRA | !discord !raiva !pix !errou para ults,['Português'],[],False
14,2025-04-02 08:01,Xerekiss,pt,Fortnite,[DROP ON] JOGANDO COM O CHAT | RESGATE ITENS ASSISTINDO A LIVE (❗loja) | CODE: XEREKISS #ad,"['Português', 'Brasil', 'fps', 'Fortnite', 'Portugal', 'battleroyale', 'DropsAtivados']",[],False
14,2025-04-02 08:01,Verlico,fr,Minecraft,LIVE 12H // Jour 11 724 Survie Solo //  Projet Maya (24e Village) ! // !worldtour !youtube !discord !projet,"['solo', 'build', 'builder', 'village', 'construction', 'survie', 'chill', 'Français']",[],False
14,2025-04-02 08:01,streameruniversitario,es,Minecraft,DROP DE CAPA🎁 SORTEO DE MINECRAFT !VERDE🥵RR / RP @aris_sinpausa,"['Español', 'English', 'Recompensasdeespectador']",[],False
14,2025-04-02 08:02,yuuri22aa,pt,Just Chatting,QUARTINHA DE LEVES VAMO PRA CIMA @yuuri22 (RERUN),"['yuuri22', 'yuri22', 'Yuuri', 'Português', 'loudcoringa', 'bistecone', 'bisteconee']",['Gambling'],False
15,2025-04-02 08:08,iShadowWolf_,pt,Fortnite,(+18) Livezinha Muito Doida!   ||   (❗comandos ❗metas ❗drops)   ||   (Epic Code: SHADOWOLF),"['Português', 'DropsAtivados']",[],False
15,2025-04-02 08:08,aatonz,pt,Sea of Thieves,🟢🟡DROPS ON🟡🟢Ae Kassinãão é SABADAAAÇO!! Pode até chover e relampejar HOJE EU VOU PIRATEAAR!!VAMOoO!! PROMOÇÃO na TWITCH!!! BOM DIA!!,"['casual', 'engraçado', 'pirata', 'English', 'Português', 'Yoda', 'Gaules', 'giveaway', 'alanzoka']",[],False
15,2025-04-02 08:08,EiMine77,pt,Minecraft,✅ RECOMPENSAS ON! | ⭐ SEJA RÁPIDO E GANHE UMA CAPA DE GRAÇA: !CAPA | 💘 INSTAGRAM: @EIMINE77 | !ajuda !rerun !sub !subgratis !loja,"['Minecraft', 'EiMine', 'Português', 'RecompensasEspetadores']",[],False
15,2025-04-02 08:08,oBruxoFut,pt,EA Sports FC 25,✨ ESTRÉIA NA COPA DOS STREAMERS + FARMING + RIVALS ❗️tatica ❗️st ❗️lurdinha,"['Português', 'muitoelegante', 'charmoso', 'bonito', 'inteligente', 'carismático', 'educado', 'proplayer', 'futebol', 'fitness']",[],False
15,2025-04-02 08:09,DexterHQ,pt,Minecraft,>>DROP CAPA- HARDCORE 1.21.4 8150+ DIAS SEM TOTEM !capa !codigo !tiktok !insta,"['hardcore', 'hardmode', 'sobrevivencia', 'semtotem', 'construir', 'Farming', 'Português', 'minecraft', 'EventosEspeciales', 'minecraftlive']",[],False
15,2025-04-02 08:09,AngelNaomi,en,Minecraft,[DROPS] Join me on EpicWorld ♡ !epic !discord !throne ♡ Trying out a new friendly server today!,"['Cozy', 'Australian', 'ADHD', 'English', 'FamilyFriendly', 'SMP', 'PlayingwithViewers', 'LGBTQIAPlus', 'Asian', 'chill']",[],True
15,2025-04-02 08:09,bellabeignet,en,Stardew Valley,₊⁺✧ 32% perfection grind year 3 | !fish !youtube !throne !discord,"['English', 'wholesome', 'TwitchUnityGuilds', 'Cozy', 'TwitchWomensGuild', 'twitchlatinguild', 'FamilyFriendly', 'chill', 'ClosedCaptioning']",[],False
15,2025-04-02 08:09,fancitycentral,en,Animal Crossing: New Horizons,Sabrina Carpenter vs Damon Salvatore ♡ !marchmadness | villager hunt + direct ♡ ˙⟡ !twitchcon !duck !feral,"['LurkerFriendly', 'LGBTQIAFriendly', 'Canadian', 'acnh', 'CozyChaos', 'English', 'ClosedCaptions', 'Twitchconrotterdam']",[],False
16,2025-04-02 08:17,iShadowWolf_,pt,Fortnite,(+18) Livezinha Muito Doida!   ||   (❗comandos ❗metas ❗drops)   ||   (Epic Code: SHADOWOLF),"['Português', 'DropsAtivados']",[],False
16,2025-04-02 08:17,EiMine77,pt,Minecraft,✅ RECOMPENSAS ON! | ⭐ SEJA RÁPIDO E GANHE UMA CAPA DE GRAÇA: !CAPA | 💘 INSTAGRAM: @EIMINE77 | !ajuda !rerun !sub !subgratis !loja,"['Minecraft', 'EiMine', 'Português', 'RecompensasEspetadores']",[],False
16,2025-04-02 08:17,aatonz,pt,Sea of Thieves,🟢🟡DROPS ON🟡🟢Ae Kassinãão é SABADAAAÇO!! Pode até chover e relampejar HOJE EU VOU PIRATEAAR!!VAMOoO!! PROMOÇÃO na TWITCH!!! BOM DIA!!,"['casual', 'engraçado', 'pirata', 'English', 'Português', 'Yoda', 'Gaules', 'giveaway', 'alanzoka']",[],False
16,2025-04-02 08:17,MISTICA_GAMER,pt,Just Chatting,🛑ISSO É REAL - LIVE INFINITA? 🔥😲 00H FAÇO 16 ANINHOS 🎉👀  @mistica_gamer AO VIVO 💚,['Português'],[],False
16,2025-04-02 08:17,DexterHQ,pt,Minecraft,>>DROP CAPA- HARDCORE 1.21.4 8150+ DIAS SEM TOTEM !capa !codigo !tiktok !insta,"['hardcore', 'hardmode', 'sobrevivencia', 'semtotem', 'construir', 'Farming', 'Português', 'minecraft', 'EventosEspeciales', 'minecraftlive']",[],False
16,2025-04-02 08:17,oBruxoFut,pt,EA Sports FC 25,✨ ESTRÉIA NA COPA DOS STREAMERS + FARMING + RIVALS ❗️tatica ❗️st ❗️lurdinha,"['Português', 'muitoelegante', 'charmoso', 'bonito', 'inteligente', 'carismático', 'educado', 'proplayer', 'futebol', 'fitness']",[],False
17,2025-04-02 08:28,iShadowWolf_,pt,Fortnite,(+18) Livezinha Muito Doida!   ||   (❗comandos ❗metas ❗drops)   ||   (Epic Code: SHADOWOLF),"['Português', 'DropsAtivados']",[],False
17,2025-04-02 08:28,EiMine77,pt,Minecraft,✅ RECOMPENSAS ON! | ⭐ SEJA RÁPIDO E GANHE UMA CAPA DE GRAÇA: !CAPA | 💘 INSTAGRAM: @EIMINE77 | !ajuda !rerun !sub !subgratis !loja,"['Minecraft', 'EiMine', 'Português', 'RecompensasEspetadores']",[],False
17,2025-04-02 08:28,aatonz,pt,Sea of Thieves,!!HEY PIRATE!! Amanhã tem casamento então hoje é despedida de solteiro.. VAMOKERE!!! BOM DIA!!,"['casual', 'engraçado', 'pirata', 'English', 'Português', 'Yoda', 'Gaules', 'giveaway', 'alanzoka']",[],False
17,2025-04-02 08:28,MISTICA_GAMER,pt,Just Chatting,🛑ISSO É REAL - LIVE INFINITA? 🔥😲 00H FAÇO 16 ANINHOS 🎉👀  @mistica_gamer AO VIVO 💚,['Português'],[],False
17,2025-04-02 08:29,DexterHQ,pt,Minecraft,>>DROP CAPA- HARDCORE 1.21.4 8150+ DIAS SEM TOTEM !capa !codigo !tiktok !insta,"['hardcore', 'hardmode', 'sobrevivencia', 'semtotem', 'construir', 'Farming', 'Português', 'minecraft', 'EventosEspeciales', 'minecraftlive']",[],False
17,2025-04-02 08:29,raeVosa,pt,VALORANT,MUITA RAIVA E POUCA MIRA | !discord !raiva !pix !errou para ults,['Português'],[],False
17,2025-04-02 08:29,TFTRiki,pt,Teamfight Tactics,BR |  EX CHALLENGER  | SET 14 RUSH CHALLENGER | !livepix para apoiar o streamer e !coach para aulas de tft.,"['highelo', 'rankeds', 'teamfighttactics', 'tft', 'conversa', 'proplayer', 'TDAH', 'leagueoflegends', 'ptbr', 'songrequest']",[],False
17,2025-04-02 08:29,jezamluska,pt,VALORANT,GAMEPLAY dps EDIÇÃO DE VIDEO @f0rsakenwow// !editor !pc !elo !sens !mira !social !programas !pix,['Português'],[],False
17,2025-04-02 08:29,waand1,pt,Lost Ark,"Reset, raids e mais raids!",['Português'],['MatureGame'],False
18,2025-04-02 12:01,MegeraBruna,pt,VALORANT,"Meu Limão, Meu Limoeiro [+18] / !discord / !elo / !regras / !pix / !instagram/ !nick/ !Sorteio/ !clip/ !Sr /  !subathon","['Português', 'valorant', 'gamergirl', 'fps', 'gamer']",[],False
18,2025-04-02 12:01,Pedro017Yt,pt,Fortnite,(❗DROPS ON) FORTNITE + RESGATE ITENS ASSISTINDO A LIVE (loja) 🍉!PIX 🍉,"['Português', 'Fortnite', 'Jogandocomespectadores', 'DropsEnable', 'DropsAtivados']",[],False
18,2025-04-02 12:01,EiMine77,pt,Minecraft,✅ RECOMPENSAS ON! | ⭐ SEJA RÁPIDO E GANHE UMA CAPA DE GRAÇA: !CAPA | 💘 INSTAGRAM: @EIMINE77 | !ajuda !rerun !sub !subgratis !loja,"['Minecraft', 'EiMine', 'Português', 'RecompensasEspetadores']",[],False
18,2025-04-02 12:01,eLyzao,pt,Counter-Strike,PUGS PUGS PUGS PUGS     ❗Nesha ❗iox +18,['Português'],['MatureGame'],False
18,2025-04-02 12:01,TcK10,pt,VALORANT,C9 TCKU INSTALOCK REYNA TODOS OS JOGOS + JOGOS DIFERENTES DEPOIS 🏆 !SUPERBET 🏆 !GROWTH 🏆 SIGA EM @tck10,"['melhordomundo', 'radiante', 'incrível', 'valorant', 'Português']",[],False
18,2025-04-02 12:01,paivinha29,pt,EA Sports FC 25,ESTRÉIA NA COPA DOS STREAMERS! VAMOS DECIDIR O TIME QUE VAI A CAMPO+ HYPE DAS 14H E RESENHA !CURSO  !COINS  !TRUST  !TRADE,"['Português', 'paivinha29', 'Futebol', 'entretenimiento']",[],False
18,2025-04-02 12:01,y4s_,pt,Counter-Strike,LOBBYZINHA E SORTEIOS🔥  !clash !nesha !csgofast,"['Português', 'y4s', 'GamersClub', 'csgo', 'lobby', 'faceit', 'farm', 'dicas', 'cs2', 'sorteio']",['MatureGame'],False
18,2025-04-02 12:02,mwhs,pt,Counter-Strike,OPEN lobby da !COMUNIDADE !SCORPION !KEYDROP !COACH,"['gameplay', 'competitivo', 'professor', 'Português', 'Reposição']",['MatureGame'],True
18,2025-04-02 12:02,LYRAFPS,pt,Counter-Strike,Gc player level 20! @gamersclubcs ❗COMANDOS!,"['Português', 'gamestreaming', 'counterstrike2', 'CS2', 'gamersclub']",['MatureGame'],False
19,2025-04-02 12:10,Pedro017Yt,pt,Fortnite,(❗DROPS ON) FORTNITE + RESGATE ITENS ASSISTINDO A LIVE (loja) 🍉!PIX 🍉,"['Português', 'Fortnite', 'Jogandocomespectadores', 'DropsEnable', 'DropsAtivados']",[],False
19,2025-04-02 12:10,MegeraBruna,pt,VALORANT,"Meu Limão, Meu Limoeiro [+18] / !discord / !elo / !regras / !pix / !instagram/ !nick/ !Sorteio/ !clip/ !Sr /  !subathon","['Português', 'valorant', 'gamergirl', 'fps', 'gamer']",[],False
19,2025-04-02 12:10,EiMine77,pt,Minecraft,✅ RECOMPENSAS ON! | ⭐ SEJA RÁPIDO E GANHE UMA CAPA DE GRAÇA: !CAPA | 💘 INSTAGRAM: @EIMINE77 | !ajuda !rerun !sub !subgratis !loja,"['Minecraft', 'EiMine', 'Português', 'RecompensasEspetadores']",[],False
19,2025-04-02 12:10,paivinha29,pt,EA Sports FC 25,ESTRÉIA NA COPA DOS STREAMERS! VAMOS DECIDIR O TIME QUE VAI A CAMPO+ HYPE DAS 14H E RESENHA !CURSO  !COINS  !TRUST  !TRADE,"['Português', 'paivinha29', 'Futebol', 'entretenimiento']",[],False
19,2025-04-02 12:10,TcK10,pt,VALORANT,C9 TCKU INSTALOCK REYNA TODOS OS JOGOS + JOGOS DIFERENTES DEPOIS 🏆 !SUPERBET 🏆 !GROWTH 🏆 SIGA EM @tck10,"['melhordomundo', 'radiante', 'incrível', 'valorant', 'Português']",[],False
19,2025-04-02 12:10,aatonz,pt,Sea of Thieves,!!HEY PIRATE!! Enquanto tem bambu tem flecha!! Casamento amanha! despedida de solteiro hoje!! VAMOKERE!!! BOM DIA!!,"['casual', 'engraçado', 'pirata', 'English', 'Português', 'Yoda', 'Gaules', 'giveaway', 'alanzoka']",[],False
19,2025-04-02 12:10,HipperBT,pt,Minecraft,QUARTINHA DOS MENOR CORRUPTO ❗️pix❗️donate❗️dc ❗️drop,"['Português', 'RecompensasEspetadores']",[],False
19,2025-04-02 12:10,Vitor_jbs,pt,Minecraft,[DROP DE CAPA] QUARTA DIVERTIDA  |❗pix ❗dc ❗comandos,"['Português', 'minecraft', 'mine', 'pvp', 'bedwars', 'mush', 'mushmc', 'roblox', 'RecompensasEspetadores']",[],False
19,2025-04-02 12:10,HenriqueOph,pt,Minecraft,DROP DE CAPA ATIVO DIGITE: !CAPA HARDCORE +200 DIAS EP 13,"['Português', 'minecraft', 'Hardcore', 'HardMode', 'sobrevivencia', '1VIDA', 'hardcoregamer', 'Singlerplayer', 'MINEDROP', 'TIKTOKCAPA']",[],False
20,2025-04-02 12:19,NTV_Games,pt,Grand Theft Auto V,🔞 🟢RERUN🟢 🔫liberty🔫 ❗Comandos ❗Pix ❗Instagram ❗tiktok ❗Rs pedir musica..,['Português'],['MatureGame'],False
20,2025-04-02 12:19,aatonz,pt,Sea of Thieves,!!HEY PIRATE!! Enquanto tem bambu tem flecha!! Casamento amanha! despedida de solteiro hoje!! VAMOKERE!!! BOM DIA!!,"['casual', 'engraçado', 'pirata', 'English', 'Português', 'Yoda', 'Gaules', 'giveaway', 'alanzoka']",[],False
20,2025-04-02 12:19,EdigasZ,pt,Marvel Rivals,PRESO NA ETERNIDADE #3 | !tiktok !youtube,['Português'],[],False
20,2025-04-02 12:19,paivinha29,pt,EA Sports FC 25,ESTRÉIA NA COPA DOS STREAMERS! VAMOS DECIDIR O TIME QUE VAI A CAMPO+ HYPE DAS 14H E RESENHA !CURSO  !COINS  !TRUST  !TRADE,"['Português', 'paivinha29', 'Futebol', 'entretenimiento']",[],False
20,2025-04-02 12:19,Hirose10,pt,Fortnite,🚨 !DROPS ON | AS MELHORES ARMAS VOLTARAM 🔥 | JOGUE MEU MAPA --> !X1 | code Hirose #AD,"['fortnite', 'Português', 'Ranked', 'game', 'chat', 'DropsAtivados']",[],False
20,2025-04-02 12:19,duffyfps,pt,Counter-Strike,LIVE TODOS OS DIAS às 8 da manhã. !csgobig !clashgg,"['duffy', 'los', 'LosGrandes', 'CS2', 'Português']",['MatureGame'],False
20,2025-04-02 12:19,Larxfps,pt,VALORANT,🍒 RESENHA E GAMEPLAY DUVIDOSA! 🍒 AJUDA NA METINHA?! @larxfps !livepix !insta !steam !delay,"['Português', 'Mulher', 'fps', 'Español', 'Ranked', 'ragegirl']",['ProfanityVulgarity'],False
20,2025-04-02 12:19,RataeIa,pt,VALORANT,👺 só alegriakkkkkkkkk - vava rankeds | !noping - !elo - !duo - !commands - !pix - !discord - !giromba - !gado - !tinder,"['Competitivo', 'DropsON', 'Rataela', 'Português', 'Mulher', 'VALORANＴ', 'OW2', 'TFT']",[],False
20,2025-04-02 12:20,suuckmydragon,pt,League of Legends,Dia 7 aprendendo a jogar lol. Dia 4 de ranqueada,['Português'],[],False
21,2025-04-02 16:01,MegeraBruna,pt,VALORANT,"Meu Limão, Meu Limoeiro [+18] / !discord / !elo / !regras / !pix / !instagram/ !nick/ !Sorteio/ !clip/ !Sr /  !subathon","['Português', 'valorant', 'gamergirl', 'fps', 'gamer']",[],False
21,2025-04-02 16:01,EiMine77,pt,Minecraft,✅ RECOMPENSAS ON! | ⭐ SEJA RÁPIDO E GANHE UMA CAPA DE GRAÇA: !CAPA | 💘 INSTAGRAM: @EIMINE77 | !ajuda !rerun !sub !subgratis !loja,"['Minecraft', 'EiMine', 'Português', 'RecompensasEspetadores']",[],False
21,2025-04-02 16:01,aatonz,pt,Fortnite,!!🟢🟡DROPS ON🟡🟢!! Enquanto tem bambu tem flecha!! Casamento amanha! despedida de solteiro hoje!! VAMOKERE!!! BOM DIA!!,"['casual', 'engraçado', 'pirata', 'English', 'Português', 'Yoda', 'Gaules', 'giveaway', 'alanzoka', 'DropsAtivados']",[],False
21,2025-04-02 16:01,oimille,pt,Fortnite,[DROPS ON] VEM PEGAR SEUS ENVELOPAMENTOS GRATIS DO FORTNITE ❗JOGAR  ❗NICK ❗PRESENTE❗PRIME ❗PIX ❗INSTA ❗DISCORD,"['Português', 'DropsAtivados']",[],True
21,2025-04-02 16:01,GUU_YT,pt,Fortnite,DROP ATIVO AGORA GRATIS. ENVELOPAMENTO FREE  FORTNITE ITENS GRATIS de MORTAL KOMBAT ITENS FORTNITE( APOIE GUU NA LOJA ) CONSTRUÇÃO,"['Fortnite', 'lojadehojefortnite', 'Apoieumcriador', 'JOGOFORTNITE', 'VbucksGrátis', 'gratisvbucks', 'LOJADEITENS', 'Português', 'dropsfortnite']",[],False
21,2025-04-02 16:01,NTV_Games,pt,Grand Theft Auto V,🔞 🟢RERUN🟢 🔫liberty🔫 ❗Comandos ❗Pix ❗Instagram ❗tiktok ❗Rs pedir musica..,['Português'],['MatureGame'],False
21,2025-04-02 16:01,MatGomesz,pt,Sea of Thieves,Aoba pessoal  |❗olivia | Epic CODE: MatGomesz #ad |❗noping ❗lendasdomar,"['PvP', 'PvE', 'Aventura', 'Survival', 'Português', 'Coop', 'Xbox', 'PS5', 'Trocação']",[],False
21,2025-04-02 16:01,WesleyCaribe,pt,Sea of Thieves,🇧🇷🇵🇹🏴‍☠️Porque SoT não é caótico o suficiente...,"['Português', 'bemorepirate']",[],False
21,2025-04-02 16:02,playinghazel,pt,Sea of Thieves,Campanha Plus - Dia 2. Como ajudar? -> !plus | !redes !discord !lendasdomar,"['SeaofThieves', 'Português', 'LGBTQIAPIus', 'PvP', 'PvE']",[],False
22,2025-04-02 16:08,iamcomH,pt,Sea of Thieves,AHOY!! Bora de desafio hoje?!! Parceiro do @lendasdomar e @csotbr - !sotshot !discord !pix !lendas !csotbr !comandos,"['Português', 'Español', 'game', 'conversa', 'seaofthieves']",[],False
22,2025-04-02 16:08,MegeraBruna,pt,VALORANT,"Meu Limão, Meu Limoeiro [+18] / !discord / !elo / !regras / !pix / !instagram/ !nick/ !Sorteio/ !clip/ !Sr /  !subathon","['Português', 'valorant', 'gamergirl', 'fps', 'gamer']",[],False
22,2025-04-02 16:08,NTV_Games,pt,Grand Theft Auto V,🔞 🟢RERUN🟢 🔫liberty🔫 ❗Comandos ❗Pix ❗Instagram ❗tiktok ❗Rs pedir musica..,['Português'],['MatureGame'],False
22,2025-04-02 16:08,beletz_,pt,Fortnite,DROP ON 💚 FARM PONTOS E TROQUE POR ITENS DA LOJA! JOGANDO FORTNITE COM O CHAT ✨ USE CODE: BELETZ ✨!CODE !PIX,"['portugues', 'fortnite', 'fortnitetrocacao', 'stream', 'Português', 'girlgamers', 'DropsAtivados']",[],False
22,2025-04-02 16:08,HWmalk,pt,Sea of Thieves,Naquelas de platinar o jogo 🥇⛵!sorteio,"['Português', 'AMA', 'Brasil', 'RPG', 'música', 'Conversação', 'RockRoll', 'Ansiedade', 'Interativo']",[],False
22,2025-04-02 16:08,ThataBigmom,pt,Teamfight Tactics,NOVO TFT: SET 14 !roblox ❗lojinha ❗ insta ❗ pix,['Português'],[],True
22,2025-04-02 16:08,SteLinS2,pt,Just Chatting,[Vtuber] assistindo umas coisitas. | !comandos,"['Português', 'Vtuber', 'VtuberBR', 'girl', 'Waifu', 'BR', 'chill', 'conversa', 'Mulher', 'subathon']",[],False
22,2025-04-02 16:08,Pipuzinha,pt,Just Chatting,AMANHÃ TEM THE LAST OF US 2 YAEEEEEEEA,['Português'],[],False
22,2025-04-02 16:09,MiekoVT,pt,Grounded,Platinando Grounded! 3,"['gostosa', 'Vtuber', 'VtuberBR', 'Mieko', 'Dividas', 'Processada', 'Português']",[],False
23,2025-04-02 16:15,iamcomH,pt,Sea of Thieves,AHOY!! Bora de desafio hoje?!! Parceiro do @lendasdomar e @csotbr - !sotshot !discord !pix !lendas !csotbr !comandos,"['Português', 'Español', 'game', 'conversa', 'seaofthieves']",[],False
23,2025-04-02 16:15,MegeraBruna,pt,VALORANT,"Meu Limão, Meu Limoeiro [+18] / !discord / !elo / !regras / !pix / !instagram/ !nick/ !Sorteio/ !clip/ !Sr /  !subathon","['Português', 'valorant', 'gamergirl', 'fps', 'gamer']",[],False
23,2025-04-02 16:15,NTV_Games,pt,Grand Theft Auto V,🔞 🟢RERUN🟢 🔫liberty🔫 ❗Comandos ❗Pix ❗Instagram ❗tiktok ❗Rs pedir musica..,['Português'],['MatureGame'],False
23,2025-04-02 16:15,beletz_,pt,Fortnite,DROP ON 💚 FARM PONTOS E TROQUE POR ITENS DA LOJA! JOGANDO FORTNITE COM O CHAT ✨ USE CODE: BELETZ ✨!CODE !PIX,"['portugues', 'fortnite', 'fortnitetrocacao', 'stream', 'Português', 'girlgamers', 'DropsAtivados']",[],False
23,2025-04-02 16:15,HWmalk,pt,Sea of Thieves,Naquelas de platinar o jogo 🥇⛵!sorteio,"['Português', 'AMA', 'Brasil', 'RPG', 'música', 'Conversação', 'RockRoll', 'Ansiedade', 'Interativo']",[],False
23,2025-04-02 16:15,ThataBigmom,pt,Teamfight Tactics,NOVO TFT: SET 14 !roblox ❗lojinha ❗ insta ❗ pix,['Português'],[],True
23,2025-04-02 16:16,HANAIfps,pt,Counter-Strike,!ticket free hoje! sorteio rolandoooo,"['sorteiodeskins', 'CS2', 'csgoskins', 'skins', 'keydrop', 'Português']",['MatureGame'],False
23,2025-04-02 16:16,Simplex3k,pt,Counter-Strike,livezinha de cria,"['Reposição', 'Português']","['MatureGame', 'ProfanityVulgarity']",True
23,2025-04-02 16:16,killersowns,pt,Counter-Strike,BR - Cola com NOIS!,"['prata', 'global', 'csgo', 'Português', 'mm', 'CS2', 'lvl20', 'major']",['MatureGame'],False
24,2025-04-02 16:25,MegeraBruna,pt,VALORANT,"Meu Limão, Meu Limoeiro [+18] / !discord / !elo / !regras / !pix / !instagram/ !nick/ !Sorteio/ !clip/ !Sr /  !subathon","['Português', 'valorant', 'gamergirl', 'fps', 'gamer']",[],False
24,2025-04-02 16:25,NTV_Games,pt,Grand Theft Auto V,🔞 🟢RERUN🟢 🔫liberty🔫 ❗Comandos ❗Pix ❗Instagram ❗tiktok ❗Rs pedir musica..,[],['MatureGame'],False
24,2025-04-02 16:25,beletz_,pt,Fortnite,DROP ON 💚 FARM PONTOS E TROQUE POR ITENS DA LOJA! JOGANDO FORTNITE COM O CHAT ✨ USE CODE: BELETZ ✨!CODE !PIX,"['portugues', 'fortnite', 'fortnitetrocacao', 'stream', 'Português', 'girlgamers', 'DropsAtivados']",[],False
24,2025-04-02 16:25,Pedro017Yt,pt,Fortnite,(2º❗DROPS ON) FORTNITE + RESGATE ITENS ASSISTINDO A LIVE (loja) 🍉!PIX 🍉,"['Português', 'Fortnite', 'Jogandocomespectadores', 'DropsEnable', 'DropsAtivados']",[],False
24,2025-04-02 16:25,HWmalk,pt,Sea of Thieves,Naquelas de platinar o jogo 🥇⛵!sorteio,"['Português', 'AMA', 'Brasil', 'RPG', 'música', 'Conversação', 'RockRoll', 'Ansiedade', 'Interativo']",[],False
24,2025-04-02 16:25,ThataBigmom,pt,Teamfight Tactics,NOVO TFT: SET 14 !roblox ❗lojinha ❗ insta ❗ pix,['Português'],[],True
24,2025-04-02 16:25,rKambeto,pt,Remnant II,FRAUDE FISCAL! !comandos !sr,"['Português', '3DModeling', 'Platina', 'LGBTQIAFriendlySpace', 'SemDicção', 'Idoso']","['MatureGame', 'ProfanityVulgarity', 'SexualThemes']",False
24,2025-04-02 16:26,bolinhodelua,pt,Overwatch 2,♥ BOA TARDEEEE - live rapidinha ♥,['Português'],[],False
24,2025-04-02 16:26,Teteia,pt,inZOI,Cheguei chegando bagunçando a zorra toda - !social,"['Português', 'English', 'Brasil', 'LGBT', 'Gato', 'fofoca', 'Rage', 'Chatting', 'games']",[],False
25,2025-04-02 16:34,MegeraBruna,pt,VALORANT,"Meu Limão, Meu Limoeiro [+18] / !discord / !elo / !regras / !pix / !instagram/ !nick/ !Sorteio/ !clip/ !Sr /  !subathon","['Português', 'valorant', 'gamergirl', 'fps', 'gamer']",[],False
25,2025-04-02 16:34,NTV_Games,pt,Grand Theft Auto V,🔞 🟢RERUN🟢 🔫liberty🔫 ❗Comandos ❗Pix ❗Instagram ❗tiktok ❗Rs pedir musica..,['Português'],['MatureGame'],False
25,2025-04-02 16:34,beletz_,pt,Fortnite,DROP ON 💚 FARM PONTOS E TROQUE POR ITENS DA LOJA! JOGANDO FORTNITE COM O CHAT ✨ USE CODE: BELETZ ✨!CODE !PIX,"['portugues', 'fortnite', 'fortnitetrocacao', 'stream', 'Português', 'girlgamers', 'DropsAtivados']",[],False
25,2025-04-02 16:34,Pedro017Yt,pt,Fortnite,(2º !DROPS ON) FORTNITE + RESGATE ITENS ASSISTINDO A LIVE (loja) 🍉!PIX 🍉,"['Português', 'Fortnite', 'Jogandocomespectadores', 'DropsEnable', 'DropsAtivados']",[],False
25,2025-04-02 16:34,HWmalk,pt,Sea of Thieves,Naquelas de platinar o jogo 🥇⛵!sorteio,"['Português', 'AMA', 'Brasil', 'RPG', 'música', 'Conversação', 'RockRoll', 'Ansiedade', 'Interativo']",[],False
25,2025-04-02 16:34,ThataBigmom,pt,Teamfight Tactics,NOVO TFT: SET 14 !roblox ❗lojinha ❗ insta ❗ pix,['Português'],[],True
26,2025-04-02 20:01,simoesgm,pt,Fortnite,(DROPS ON)MEU PRIMEIRO MAPA NO FORTNITE / ENVELOPAMENTO DO KOMBATE ON.  !PIX !drop,"['Português', 'DropsAtivados']",[],False
26,2025-04-02 20:01,iamcomH,pt,Sea of Thieves,AHOY!! Bora de desafio hoje?!! Parceiro do @lendasdomar e @csotbr - !sotshot !discord !pix !lendas !csotbr !comandos,"['Português', 'Español', 'game', 'conversa', 'seaofthieves']",[],False
26,2025-04-02 20:01,waveigl,pt,Counter-Strike,"+18 🔞 WAVEIGL ❤️ isso é uma aula de CS2 para adultos, chat apenas !alunos |   !valorant",['Português'],"['MatureGame', 'ProfanityVulgarity']",False
26,2025-04-02 20:01,NTV_Games,pt,Grand Theft Auto V,🔞 🟢RERUN🟢 🔫liberty🔫 ❗Comandos ❗Pix ❗Instagram ❗tiktok ❗Rs pedir musica..,['Português'],['MatureGame'],False
26,2025-04-02 20:01,MegeraBruna,pt,VALORANT,"Meu Limão, Meu Limoeiro [+18] / !discord / !elo / !regras / !pix / !instagram/ !nick/ !Sorteio/ !clip/ !Sr /  !subathon","['Português', 'valorant', 'gamergirl', 'fps', 'gamer']",[],False
26,2025-04-02 20:01,beletz_,pt,Fortnite,DROP ON 💚 FARM PONTOS E TROQUE POR ITENS DA LOJA! JOGANDO FORTNITE COM O CHAT ✨ USE CODE: BELETZ ✨!CODE !PIX,"['portugues', 'fortnite', 'fortnitetrocacao', 'stream', 'Português', 'girlgamers', 'DropsAtivados']",[],False
26,2025-04-02 20:01,CriaPlayer,pt,Grand Theft Auto V,🎃GOTHAM RP🎃 #78 FAZENDO O MALORTE!!  #VdgPraKrlh #TropaDosDodóis !gotham  !fancam,['Português'],"['MatureGame', 'ProfanityVulgarity']",False
26,2025-04-02 20:01,XarutinhoRP,pt,Grand Theft Auto V,+6 HORAS DE LIVE HJ FIQUEM TRANQUILOS! - !pix !meta,['Português'],['MatureGame'],False
26,2025-04-02 20:02,danadasso,pt,Grand Theft Auto V,[DanaVerso RP] Ganhe R$ jogando GTA RP! discord.gg/danaversorp,"['Português', 'capitalrp', 'capitalvalley', 'brasilcapitalrp', 'capitalcity', 'capitalcityrp', 'danaversorp', 'danaverso']",['MatureGame'],False
27,2025-04-02 20:12,iamcomH,pt,Sea of Thieves,AHOY!! Bora de desafio hoje?!! Parceiro do @lendasdomar e @csotbr - !sotshot !discord !pix !lendas !csotbr !comandos,"['Português', 'Español', 'game', 'conversa', 'seaofthieves']",[],False
27,2025-04-02 20:12,MegeraBruna,pt,VALORANT,"Meu Limão, Meu Limoeiro [+18] / !discord / !elo / !regras / !pix / !instagram/ !nick/ !Sorteio/ !clip/ !Sr /  !subathon","['Português', 'valorant', 'gamergirl', 'fps', 'gamer']",[],False
27,2025-04-02 20:12,NTV_Games,pt,Grand Theft Auto V,🔞 🟢RERUN🟢 🔫liberty🔫 ❗Comandos ❗Pix ❗Instagram ❗tiktok ❗Rs pedir musica..,['Português'],['MatureGame'],False
27,2025-04-02 20:12,simoesgm,pt,Fortnite,(DROPS ON)MEU PRIMEIRO MAPA NO FORTNITE / ENVELOPAMENTO DO KOMBATE ON.  !PIX !drop,"['Português', 'DropsAtivados']",[],False
27,2025-04-02 20:12,DanriqueTW,pt,Minecraft,"GRAVANDO BACK ON TRACK, TUNELADORA INTELIGENTE! !host !cobblemon","['Português', 'RecompensasEspetadores']",[],False
27,2025-04-02 20:12,AkamePNG,pt,Just Chatting,Dia de teste - !elo !pix !loja,"['Português', 'gamegirl']",['ProfanityVulgarity'],False
27,2025-04-02 20:12,DgVelozo,pt,NBA 2K25,🔥 KOEEEEEEEE 🔥 !PIX !JUMP !DISC !GRUPOZAP,"['Portugues', 'Português']",[],False
27,2025-04-02 20:12,GILGAMES10,pt,EA Sports FC 25,"LIVE DE QUARTA FEIRA, ,SEJAM TODOS BEM VINDOS,  BOA NOITE A TODOS ....","['Português', 'FC24Live', 'fc24ultimate', 'FC24champions', 'fc25']",[],False
27,2025-04-02 20:12,TioSpeedy,pt,EA Sports FC 25,JOGAMOS CONTRA O @paivinha29 NA WL - VÍDEO NO NOSSO CANAL - PONTOS DO RIVALS,"['Português', 'Coach', 'dicas', 'TIOSPEEDY', 'eafc25', 'sharkmacedo', 'paivinha29', 'fifenzo', 'Gaules', 'adolfz']",[],False
28,2025-04-02 20:20,iamcomH,pt,Sea of Thieves,AHOY!! Bora de desafio hoje?!! Parceiro do @lendasdomar e @csotbr - !sotshot !discord !pix !lendas !csotbr !comandos,"['Português', 'Español', 'game', 'conversa', 'seaofthieves']",[],False
28,2025-04-02 20:20,MegeraBruna,pt,VALORANT,"Meu Limão, Meu Limoeiro [+18] / !discord / !elo / !regras / !pix / !instagram/ !nick/ !Sorteio/ !clip/ !Sr /  !subathon","['Português', 'valorant', 'gamergirl', 'fps', 'gamer']",[],False
28,2025-04-02 20:20,NTV_Games,pt,Grand Theft Auto V,🔞 🟢RERUN🟢 🔫liberty🔫 ❗Comandos ❗Pix ❗Instagram ❗tiktok ❗Rs pedir musica..,['Português'],['MatureGame'],False
28,2025-04-02 20:20,simoesgm,pt,Fortnite,(DROPS ON)MEU PRIMEIRO MAPA NO FORTNITE / ENVELOPAMENTO DO KOMBATE ON.  !PIX !drop,"['Português', 'DropsAtivados']",[],False
28,2025-04-02 20:20,DanriqueTW,pt,Minecraft,"GRAVANDO BACK ON TRACK, TUNELADORA INTELIGENTE! !host !cobblemon","['Português', 'RecompensasEspetadores']",[],False
28,2025-04-02 20:20,AkamePNG,pt,Just Chatting,Dia de teste - !elo !pix !loja,"['Português', 'gamegirl']",['ProfanityVulgarity'],False
28,2025-04-02 20:21,MatGomesz,pt,Sea of Thieves,Aoba pessoal  |❗olivia | Epic CODE: MatGomesz #ad |❗noping ❗lendasdomar,"['PvP', 'PvE', 'Aventura', 'Survival', 'Português', 'Coop', 'Xbox', 'PS5', 'Trocação']",[],False
28,2025-04-02 20:21,Ishiro_Oninawa,pt,GTFO,Quarta dos multiplayer!,['Português'],"['MatureGame', 'ProfanityVulgarity']",False
28,2025-04-02 20:21,Ferfurento,pt,League of Legends,DIA 25 Ferfuthon 🎉🎉🎉🥳 | Eu amo quando você me ignora 💢| !pix |!discord | !insta | !SR ON (ONLY SUBS/VIPS),"['adulto', 'aram', 'entretenimento', 'conversa', 'ferfurento', 'ARAM', 'Português', 'songrequest', 'leagueoflegends', 'valorant']",[],False
29,2025-04-02 20:28,iamcomH,pt,Sea of Thieves,AHOY!! Bora de desafio hoje?!! Parceiro do @lendasdomar e @csotbr - !sotshot !discord !pix !lendas !csotbr !comandos,"['Português', 'Español', 'game', 'conversa', 'seaofthieves']",[],False
29,2025-04-02 20:28,NTV_Games,pt,Grand Theft Auto V,🔞 🟢RERUN🟢 🔫liberty🔫 ❗Comandos ❗Pix ❗Instagram ❗tiktok ❗Rs pedir musica..,['Português'],['MatureGame'],False
29,2025-04-02 20:28,MegeraBruna,pt,VALORANT,"Meu Limão, Meu Limoeiro [+18] / !discord / !elo / !regras / !pix / !instagram/ !nick/ !Sorteio/ !clip/ !Sr /  !subathon","['Português', 'valorant', 'gamergirl', 'fps', 'gamer']",[],False
29,2025-04-02 20:28,simoesgm,pt,Fortnite,(DROPS ON)MEU PRIMEIRO MAPA NO FORTNITE / ENVELOPAMENTO DO KOMBATE ON.  !PIX !drop,"['Português', 'DropsAtivados']",[],False
29,2025-04-02 20:28,DanriqueTW,pt,Minecraft,"GRAVANDO BACK ON TRACK, TUNELADORA INTELIGENTE! !host !cobblemon","['Português', 'RecompensasEspetadores']",[],False
29,2025-04-02 20:28,AkamePNG,pt,Just Chatting,Dia de teste - !elo !pix !loja,"['Português', 'gamegirl']",['ProfanityVulgarity'],False
29,2025-04-02 20:28,LupacImproprio,pt,Terror,⚠️ TERROR SOLO E DEPOIS REACT ⚠️ !Pix,"['Português', 'Reposição', 'squadmode', 'comédia']",[],False
29,2025-04-02 20:28,luq47,pt,Mini Royale,(DROP ON 🍏) W! MINI ROYALE E RESENHA  🔫🔫   // streamer oficial @vasco // ❗lurk ❗pix ❗apoio ❗VASCO,['Português'],[],False
29,2025-04-02 20:29,ielMayan,pt,VALORANT,TESTE LIVE SUBATHON | DONATE 10 REAIS =+30 MINUTOS! !social !pix !jogarjunto !lurk !steam,['Português'],[],False
30,2025-04-02 20:37,iamcomH,pt,Sea of Thieves,AHOY!! Bora de desafio hoje?!! Parceiro do @lendasdomar e @csotbr - !sotshot !discord !pix !lendas !csotbr !comandos,"['Português', 'Español', 'game', 'conversa', 'seaofthieves']",[],False
30,2025-04-02 20:37,MegeraBruna,pt,VALORANT,"Meu Limão, Meu Limoeiro [+18] / !discord / !elo / !regras / !pix / !instagram/ !nick/ !Sorteio/ !clip/ !Sr /  !subathon","['Português', 'valorant', 'gamergirl', 'fps', 'gamer']",[],False
30,2025-04-02 20:38,NTV_Games,pt,Grand Theft Auto V,🔞 🟢RERUN🟢 🔫liberty🔫 ❗Comandos ❗Pix ❗Instagram ❗tiktok ❗Rs pedir musica..,['Português'],['MatureGame'],False
30,2025-04-02 20:38,simoesgm,pt,Fortnite,(DROPS ON)MEU PRIMEIRO MAPA NO FORTNITE / ENVELOPAMENTO DO KOMBATE ON.  !PIX !drop,"['Português', 'DropsAtivados']",[],False
30,2025-04-02 20:38,AkamePNG,pt,Just Chatting,Dia de teste - !elo !pix !loja,"['Português', 'gamegirl']",['ProfanityVulgarity'],False
30,2025-04-02 20:38,loud_coringa,pt,Just Chatting,estamos pra jogo,['Português'],[],False
30,2025-04-02 20:38,viiiprado,pt,VALORANT,BAUM DIAAA❗pix ❗exitlag❗points  |❗jogar ❗comandos ❗clip,"['Português', 'JogandoComExpectadores']",[],False
30,2025-04-02 20:38,renatisses,pt,inZOI,#03 Do lixo ao luxo no inZOI,"['Brasil', 'Português', 'sorteio', 'thesims']",[],False
30,2025-04-02 20:38,KosmicHippie,en,The Sims 4,Explore Legacy 🌎 Prepping for Pre-Teens,['English'],['SexualThemes'],False
31,2025-04-03 00:01,NTV_Games,pt,Grand Theft Auto V,🔞 🟢RERUN🟢 🔫liberty🔫 ❗Comandos ❗Pix ❗Instagram ❗tiktok ❗Rs pedir musica..,['Português'],['MatureGame'],False
31,2025-04-03 00:01,AkamePNG,pt,League of Legends,Dia de teste - !elo !pix !loja,"['Português', 'gamegirl']",['ProfanityVulgarity'],False
31,2025-04-03 00:01,DanriqueTW,pt,Minecraft,"GRAVANDO BACK ON TRACK, TUNELADORA INTELIGENTE! !host !cobblemon","['Português', 'RecompensasEspetadores']",[],False
31,2025-04-03 00:01,MamuteLIVE,pt,Bubble Ghost Remake,[DROP ON] 🟢AO VIVO🟢 🔥VEM FARMAR OS DROPS GRATIS🔥  8856-6162-7739 !MAPA !LOJA !NUUVEM,"['FORTNITE', 'gordo', 'Português', 'Dropshabilitados', 'conversando', 'fps', 'react', 'Sobrevivência', 'PokemonCommunityGame', 'PCG']",[],False
31,2025-04-03 00:01,waveigl,pt,Counter-Strike,"+18 🔞 WAVEIGL ❤️ isso é uma aula de CS2 para adultos, chat apenas !alunos |   !valorant",['Português'],"['MatureGame', 'ProfanityVulgarity']",False
31,2025-04-03 00:01,EiMine77,pt,Minecraft,✅ RECOMPENSAS ON! | ⭐ SEJA RÁPIDO E GANHE UMA CAPA DE GRAÇA: !CAPA | 💘 INSTAGRAM: @EIMINE77 | !ajuda !rerun !sub !subgratis !loja,"['Minecraft', 'EiMine', 'Português', 'RecompensasEspetadores']",[],False
31,2025-04-03 00:01,LumeiFei,pt,DYNASTY WARRIORS: ORIGINS,"ZANI está incrivel, demonuda  !mude !pix !acabaton !youtube",['Português'],[],False
31,2025-04-03 00:02,Capitiones,pt,Just Chatting,Aniversárioooooo,['Português'],[],False
31,2025-04-03 00:02,tiagominos,pt,Tibia,"🔴(18+)PXG - Mystic o lendário treinador > !PPRO !reidoscoins !pix de R$1,00 há R$120,00 da aquela help nas live","['MMORPG', 'AMA', 'JogadoresIniciantes', 'RPG', 'Aventura', 'LGBTQIA', 'Português', 'ARPG', 'MMO', 'blockfruit']",[],True
32,2025-04-03 00:09,NTV_Games,pt,Grand Theft Auto V,🔞 🟢RERUN🟢 🔫liberty🔫 ❗Comandos ❗Pix ❗Instagram ❗tiktok ❗Rs pedir musica..,['Português'],['MatureGame'],False
32,2025-04-03 00:09,AkamePNG,pt,League of Legends,Dia de teste - !elo !pix !loja,"['Português', 'gamegirl']",['ProfanityVulgarity'],False
32,2025-04-03 00:09,DanriqueTW,pt,Minecraft,"GRAVANDO BACK ON TRACK, TUNELADORA INTELIGENTE! !host !cobblemon","['Português', 'RecompensasEspetadores']",[],False
32,2025-04-03 00:09,waveigl,pt,Counter-Strike,"+18 🔞 WAVEIGL ❤️ isso é uma aula de CS2 para adultos, chat apenas !alunos |   !valorant",['Português'],"['MatureGame', 'ProfanityVulgarity']",False
32,2025-04-03 00:09,loud_coringa,pt,Grand Theft Auto V,estamos pra jogo,['Português'],['MatureGame'],False
32,2025-04-03 00:09,Arkane,pt,Fortnite,🔥 DROPS ON 🔥  GRÁTIS ENVELOPAMENTO MK NO FORTNITE !drop - CODE: ARKANE #EpicPartner 🔥 !loja !pix !logitech !noping !youtube !cortes,"['Português', 'DropsAtivados']",[],True
32,2025-04-03 00:10,tiemis,pt,Marvel Rivals,boa noiteee!!! <3 !insta !pix,"['Portugues', 'games', 'portuguese', 'Português', 'DropsAtivados']",[],False
32,2025-04-03 00:10,loma_sz,pt,VALORANT,valorant +18 !pix !comandos !clip !discord,"['gamer', 'VALORANＴ', 'Mulher', 'Português']",[],False
32,2025-04-03 00:10,leletsantin,pt,VALORANT,endoidaro-me | +18 !pix,"['gameplayboa', 'proplayer', 'mulhergamer', 'PIX', 'Português']",['ProfanityVulgarity'],False
33,2025-04-03 00:18,AkamePNG,pt,League of Legends,Flex dos malucos- !elo !pix !loja,"['Português', 'gamegirl']",['ProfanityVulgarity'],False
33,2025-04-03 00:18,exexeboy,pt,Overwatch 2,ao vivásso,"['Portuguese', 'Português']",[],False
33,2025-04-03 00:18,NTV_Games,pt,Grand Theft Auto V,🔞 🟢RERUN🟢 🔫liberty🔫 ❗Comandos ❗Pix ❗Instagram ❗tiktok ❗Rs pedir musica..,['Português'],['MatureGame'],False
33,2025-04-03 00:18,DanriqueTW,pt,Minecraft,"GRAVANDO BACK ON TRACK, TUNELADORA INTELIGENTE! !host !cobblemon","['Português', 'RecompensasEspetadores']",[],False
33,2025-04-03 00:18,loud_coringa,pt,Grand Theft Auto V,estamos pra jogo,['Português'],['MatureGame'],False
33,2025-04-03 00:18,waveigl,pt,Counter-Strike,"+18 🔞 WAVEIGL ❤️ isso é uma aula de CS2 para adultos, chat apenas !alunos |   !valorant",['Português'],"['MatureGame', 'ProfanityVulgarity']",False
33,2025-04-03 00:18,Leahh_s2,pt,Overwatch 2,se der td errado vo pro marvel kkkkkkkkkkkkkkk,"['girl', 'marvelrivals', 'marvel', 'overwatch2', 'overwatch', 'Português', 'terror', 'OW2', 'homemaranha', 'support']",[],False
33,2025-04-03 00:18,TiaDaMerenda,pt,Overwatch 2,""" Eu queria que chovesse uma chuva bem fininha para molhar sua cama e você dormir na minha "". ❗bjoka ❗ow  ❗amigo ❗pix ❗juiz","['Português', 'conversação', 'Dentrodoslimites', 'iniciante', 'Brasil', 'DDA', 'LGBTQIAsafeplace']",['SexualThemes'],False
33,2025-04-03 00:18,KUROHANElives,pt,Atomfall,REACT + ATOMFALL LIVE 2 ✨❗game❗site ❗youtube ❗clip ❗discord ❗zap ❗sorteio❗nimbus,['Português'],['MatureGame'],False
34,2025-04-03 04:01,taldochico,pt,Conan Exiles,SUSTINHOS ENGRAÇADOS COM O REPO E DEPOIS RP NO CONAN! UHUUUUU // ❗pix ❗donate ❗bits ❗sons,"['Português', 'DropsAtivados']",['MatureGame'],False
34,2025-04-03 04:01,iShadowWolf_,pt,Sea of Thieves,(+18) Livezinha Muito Doida!   ||   (❗comandos ❗metas ❗drops)   ||   (Epic Code: SHADOWOLF),['Português'],[],False
34,2025-04-03 04:01,loud_coringa,pt,Grand Theft Auto V,estamos pra jogo,['Português'],['MatureGame'],False
34,2025-04-03 04:01,exexeboy,pt,Overwatch 2,ao vivásso,"['Portuguese', 'Português']",[],False
34,2025-04-03 04:01,Saullo,pt,Counter-Strike,SORTEIO MENSAL 150 MIL REAIS EM SKINS HOJE + DEPÓSITO NA CONTA DE VOCÊS + SORTEIO 100 DÓLARES (AO VIVO),"['Português', 'skinscsgo', 'CSGO', 'SORTEIO', 'PIX', 'SKINS', 'FPS', 'Brasil', 'CS2', 'cs2beta']",['MatureGame'],True
34,2025-04-03 04:01,ZAKl1k,pt,Minecraft,🟢 MINECRAFT | ⭐ GANHE ASSISTINDO | 🌟 REESTOQUE DIA 10 ou 16 às 18h | !loja !points !prime !sub,"['Português', 'Minecraft', 'RecompensasEspetadores']",[],False
34,2025-04-03 04:01,Trollzinha,pt,Black Desert,LEITURA DO PATCH🐬LOJA DE ABRIL INICIADA🐬!kharazad !t10🐬EM BUSCA DO ULTIMO DEC 20bi/100bi GOGOGO Grind Honesto🐬,"['Português', 'Vtuber', 'Shai', 'English', 'Русский', 'Español', 'Ｖｔｕｂｅｒ', 'Lahn', 'PIX', 'VtuberBR']",[],False
34,2025-04-03 04:01,HBFUSCA,pt,VALORANT,jOGANDO COM 4 LOKO E TREINANDO MIRA,['Português'],[],False
34,2025-04-03 04:02,LvYeti,en,Black Desert,[ENG]💧Drops💧JAM PACKED CONTENT | PARTNER PUSH | 🟪731 MYSTIC🟪 | ✅ Official BDO CC NA/PC | !socials !latest,"['English', 'MixedRace', 'Yeti', 'MMORPG', 'Anime', 'pngtuber', 'BlackDesert', 'BlackDesertOnline', 'BDO', 'DropsEnabled']",[],False
35,2025-04-03 04:09,iShadowWolf_,pt,Sea of Thieves,(+18) Livezinha Muito Doida!   ||   (❗comandos ❗metas ❗drops)   ||   (Epic Code: SHADOWOLF),['Português'],[],False
35,2025-04-03 04:09,exexeboy,pt,Overwatch 2,ao vivásso,"['Portuguese', 'Português']",[],False
35,2025-04-03 04:09,NTV_Games,pt,Grand Theft Auto V,🔞 🟢RERUN🟢 🔫liberty🔫 ❗Comandos ❗Pix ❗Instagram ❗tiktok ❗Rs pedir musica..,['Português'],['MatureGame'],False
35,2025-04-03 04:09,loud_coringa,pt,Grand Theft Auto V,estamos pra jogo,['Português'],['MatureGame'],False
35,2025-04-03 04:09,Saullo,pt,Counter-Strike,SORTEIO MENSAL 150 MIL REAIS EM SKINS HOJE + DEPÓSITO NA CONTA DE VOCÊS + SORTEIO 100 DÓLARES (AO VIVO),"['Português', 'skinscsgo', 'CSGO', 'SORTEIO', 'PIX', 'SKINS', 'FPS', 'Brasil', 'CS2', 'cs2beta']",['MatureGame'],True
35,2025-04-03 04:09,EiMine77,pt,Minecraft,✅ RECOMPENSAS ON! | ⭐ SEJA RÁPIDO E GANHE UMA CAPA DE GRAÇA: !CAPA | 💘 INSTAGRAM: @EIMINE77 | !ajuda !rerun !sub !subgratis !loja,"['Minecraft', 'EiMine', 'Português', 'RecompensasEspetadores']",[],False
36,2025-04-03 04:16,iShadowWolf_,pt,Sea of Thieves,(+18) Livezinha Muito Doida!   ||   (❗comandos ❗metas ❗drops)   ||   (Epic Code: SHADOWOLF),['Português'],[],False
36,2025-04-03 04:16,exexeboy,pt,Overwatch 2,ao vivásso,"['Portuguese', 'Português']",[],False
36,2025-04-03 04:16,NTV_Games,pt,Grand Theft Auto V,🔞 🟢RERUN🟢 🔫liberty🔫 ❗Comandos ❗Pix ❗Instagram ❗tiktok ❗Rs pedir musica..,['Português'],['MatureGame'],False
36,2025-04-03 04:16,loud_coringa,pt,Grand Theft Auto V,estamos pra jogo,['Português'],['MatureGame'],False
36,2025-04-03 04:16,Saullo,pt,Counter-Strike,SORTEIO MENSAL 150 MIL REAIS EM SKINS HOJE + DEPÓSITO NA CONTA DE VOCÊS + SORTEIO 100 DÓLARES (AO VIVO),"['Português', 'skinscsgo', 'CSGO', 'SORTEIO', 'PIX', 'SKINS', 'FPS', 'Brasil', 'CS2', 'cs2beta']",['MatureGame'],True
36,2025-04-03 04:16,EiMine77,pt,Minecraft,✅ RECOMPENSAS ON! | ⭐ SEJA RÁPIDO E GANHE UMA CAPA DE GRAÇA: !CAPA | 💘 INSTAGRAM: @EIMINE77 | !ajuda !rerun !sub !subgratis !loja,"['Minecraft', 'EiMine', 'Português', 'RecompensasEspetadores']",[],False
36,2025-04-03 04:16,frttt,pt,VALORANT,🟢💚AO VIVO - ENSINANDO A GRINDAR DE DUELISTA - DIA 1 - !curso !aulas,['Português'],[],False
36,2025-04-03 04:16,crocodilovlr,pt,VALORANT,RANKEDS RADIANT   - | !pix | !duo,"['radiante', 'Português', 'VALORANＴ', 'Nordeste']",['ProfanityVulgarity'],False
36,2025-04-03 04:16,camizlobato,pt,VALORANT,"opa, cola aqui meu querido 💜","['Português', 'Mulher', 'Jogos', 'Competitivo', 'girl', 'fps']",['ProfanityVulgarity'],True
37,2025-04-03 04:28,Saullo,pt,Counter-Strike,SORTEIO MENSAL 150 MIL REAIS EM SKINS HOJE + DEPÓSITO NA CONTA DE VOCÊS + SORTEIO 100 DÓLARES (AO VIVO),"['Português', 'skinscsgo', 'CSGO', 'SORTEIO', 'PIX', 'SKINS', 'FPS', 'Brasil', 'CS2', 'cs2beta']",['MatureGame'],True
37,2025-04-03 04:28,loud_coringa,pt,Grand Theft Auto V,estamos pra jogo,['Português'],['MatureGame'],False
37,2025-04-03 04:28,Gaules,pt,Icarus,RERUN: Icarus das Mulas! - !socio - Siga @Gaules nas redes sociais!,['Português'],[],True
37,2025-04-03 04:28,NTV_Games,pt,Grand Theft Auto V,🔞 🟢RERUN🟢 🔫liberty🔫 ❗Comandos ❗Pix ❗Instagram ❗tiktok ❗Rs pedir musica..,['Português'],['MatureGame'],False
37,2025-04-03 04:28,iShadowWolf_,pt,Sea of Thieves,(+18) Livezinha Muito Doida!   ||   (❗comandos ❗metas ❗drops)   ||   (Epic Code: SHADOWOLF),['Português'],[],False
37,2025-04-03 04:28,exexeboy,pt,Overwatch 2,ao vivásso,"['Portuguese', 'Português']",[],False
37,2025-04-03 04:28,mbo71,pt,Music,Replay da live!!!!,"['Português', 'eldenring', 'DyingLight2StayHuman', 'StateofDecay2', 'Reposição', 'Música', 'StarTrek']",[],False
37,2025-04-03 04:28,ASennan,pt,VALORANT,(+18) ✨Quintou com muito amor || !verificado !subathon !loja !meta !desejos !pix !redes !asenna || @asennan,"['jogajunto', 'girls', 'rankeada', 'Português', 'lgbt', 'live', 'pedintevirtual', 'mulhergamer', 'egirlgamer', 'mulheresnatwitch']",['ProfanityVulgarity'],False
37,2025-04-03 04:28,menega18,pt,Delta Force,BORA COLAR. !comandos | DROPS ATIVOS |,"['brasil', 'GTARP', 'SOBREVIVENCIA', 'Português', 'jogoscasuais', 'AMA', 'músicaspararelaxar', 'DAYZBRASILIA', 'conexaoroleplay', 'HolidayHoopla']",[],False
38,2025-04-03 08:01,ZAKl1k,pt,Minecraft,🟢 MINECRAFT | ⭐ GANHE ASSISTINDO | 🌟 REESTOQUE DIA 10 ou 16 às 18h | !loja !points !prime !sub,"['Português', 'Minecraft', 'RecompensasEspetadores']",[],False
38,2025-04-03 08:01,iShadowWolf_,pt,Fortnite,(+18) Livezinha Muito Doida!   ||   (❗comandos ❗metas ❗drops)   ||   (Epic Code: SHADOWOLF),"['Português', 'DropsAtivados']",[],False
38,2025-04-03 08:01,NTV_Games,pt,Grand Theft Auto V,🔞 🟢RERUN🟢 🔫liberty🔫 ❗Comandos ❗Pix ❗Instagram ❗tiktok ❗Rs pedir musica..,['Português'],['MatureGame'],False
38,2025-04-03 08:01,EiMine77,pt,Minecraft,✅ RECOMPENSAS ON! | ⭐ SEJA RÁPIDO E GANHE UMA CAPA DE GRAÇA: !CAPA | 💘 INSTAGRAM: @EIMINE77 | !ajuda !rerun !sub !subgratis !loja,"['Minecraft', 'EiMine', 'Português', 'RecompensasEspetadores']",[],False
38,2025-04-03 08:01,DexterHQ,pt,Minecraft,>>DROP CAPA- CONGUISTANDO CAPA DO FILME BEDROCK DIAS SEM TOTEM !capa !codigo !tiktok !insta,"['hardcore', 'hardmode', 'sobrevivencia', 'semtotem', 'construir', 'Farming', 'Português', 'minecraft', 'EventosEspeciales', 'minecraftlive']",[],False
38,2025-04-03 08:01,ClovaoBengala,pt,Ragnarok Online,BASICAMENTE É ISSO QUE TA PRA JOGO !loco !rag !pix !ad !social,"['Português', 'League', 'leagueoflegeneds', 'lol', 'jogos']",[],True
38,2025-04-03 08:01,LYRAFPS,pt,Counter-Strike,Rumo ao 21 - @gamersclubcs ❗COMANDOS!,"['Português', 'gamestreaming', 'counterstrike2', 'CS2', 'gamersclub']",['MatureGame'],False
38,2025-04-03 08:01,taruhgg,pt,Counter-Strike,PREMIER RUMO aos 30K ❗curso ❗csgobig ❗neshastore ❗skinclub,['Português'],['MatureGame'],False
38,2025-04-03 08:01,vovo_grobau,pt,Counter-Strike,"🔥Sorteio de skins na live do vovô! 🎮 Entre na bagunça participe: ❗cupom, ❗sorteio, ❗musica ❗gruporifa ❗luva","['Português', 'CS2', 'counterstrike', 'fps', 'jogosdetiros', 'cs', 'sorteio', 'resenha', 'skins', 'sorteiodeskins']","['DrugsIntoxication', 'Gambling', 'MatureGame', 'ProfanityVulgarity', 'SexualThemes', 'ViolentGraphic']",False
39,2025-04-03 08:11,iShadowWolf_,pt,Fortnite,(+18) Livezinha Muito Doida!   ||   (❗comandos ❗metas ❗drops)   ||   (Epic Code: SHADOWOLF),"['Português', 'DropsAtivados']",[],False
39,2025-04-03 08:12,maahmurollo,pt,Fortnite,[DROPS ON] Fortnite +100 👑 ❗JOGAR ❗LOJA    MUROLLO #ad,"['gamer', 'Português', 'Fortnite', 'ZeroBuild', 'battleroyale', 'Reposição']",[],True
39,2025-04-03 08:12,NTV_Games,pt,Grand Theft Auto V,🔞 🟢RERUN🟢 🔫liberty🔫 ❗Comandos ❗Pix ❗Instagram ❗tiktok ❗Rs pedir musica..,['Português'],['MatureGame'],False
39,2025-04-03 08:12,DexterHQ,pt,Minecraft,>>DROP CAPA- CONGUISTANDO CAPA DO FILME BEDROCK DIAS SEM TOTEM !capa !codigo !tiktok !insta,"['hardcore', 'hardmode', 'sobrevivencia', 'semtotem', 'construir', 'Farming', 'Português', 'minecraft', 'EventosEspeciales', 'minecraftlive']",[],False
39,2025-04-03 08:12,EiMine77,pt,Minecraft,✅ RECOMPENSAS ON! | ⭐ SEJA RÁPIDO E GANHE UMA CAPA DE GRAÇA: !CAPA | 💘 INSTAGRAM: @EIMINE77 | !ajuda !rerun !sub !subgratis !loja,"['Minecraft', 'EiMine', 'Português', 'RecompensasEspetadores']",[],False
39,2025-04-03 08:12,ZAKl1k,pt,Minecraft,🟢 MINECRAFT | ⭐ GANHE ASSISTINDO | 🌟 REESTOQUE DIA 10 ou 16 às 18h | !loja !points !prime !sub,"['Português', 'Minecraft', 'RecompensasEspetadores']",[],False
40,2025-04-03 08:23,iShadowWolf_,pt,Fortnite,(+18) Livezinha Muito Doida!   ||   (❗comandos ❗metas ❗drops)   ||   (Epic Code: SHADOWOLF),"['Português', 'DropsAtivados']",[],False
40,2025-04-03 08:23,Pedro017Yt,pt,Fortnite,(2º !DROPS ON) FORTNITE + RESGATE ITENS ASSISTINDO A LIVE (!loja) 🍉!PIX 🍉,"['Português', 'Fortnite', 'Jogandocomespectadores', 'DropsEnable', 'DropsAtivados']",[],False
40,2025-04-03 08:23,NTV_Games,pt,Grand Theft Auto V,🔞 🟢RERUN🟢 🔫liberty🔫 ❗Comandos ❗Pix ❗Instagram ❗tiktok ❗Rs pedir musica..,['Português'],['MatureGame'],False
40,2025-04-03 08:23,DexterHQ,pt,Minecraft,>>DROP CAPA- CONGUISTANDO CAPA DO FILME BEDROCK DIAS SEM TOTEM !capa !codigo !tiktok !insta,"['hardcore', 'hardmode', 'sobrevivencia', 'semtotem', 'construir', 'Farming', 'Português', 'minecraft', 'EventosEspeciales', 'minecraftlive']",[],False
40,2025-04-03 08:23,maahmurollo,pt,Fortnite,[DROPS ON] Fortnite +100 👑 ❗JOGAR ❗LOJA    MUROLLO #ad,"['gamer', 'Português', 'Fortnite', 'ZeroBuild', 'battleroyale', 'Reposição', 'DropsAtivados']",[],True
40,2025-04-03 08:23,EiMine77,pt,Minecraft,✅ RECOMPENSAS ON! | ⭐ SEJA RÁPIDO E GANHE UMA CAPA DE GRAÇA: !CAPA | 💘 INSTAGRAM: @EIMINE77 | !ajuda !rerun !sub !subgratis !loja,"['Minecraft', 'EiMine', 'Português', 'RecompensasEspetadores']",[],False
40,2025-04-03 08:23,NoiaVAL,en,VALORANT,"need 10% luck, 20% skill, 15% concentrated power of will to win my ranked games | !french !socials",['English'],[],False
40,2025-04-03 08:23,jingggxd,en,VALORANT,HI RANKED WITH METEOR :d !jjmerch !tiktok !prxbundle,['English'],[],False
40,2025-04-03 08:23,nAts,en,VALORANT,Liquid nAts | On the way to Radiant | !Alienware !match !where !tg !social [RU/ENG],"['English', 'Русский', 'VALORANT']",[],False
41,2025-04-03 12:01,MegeraBruna,pt,VALORANT,Vamo passar raiva? [+18] / !discord / !elo / !regras / !pix / !instagram/ !nick/ !Sorteio/ !clip/ !Sr /  !subathon,"['Português', 'valorant', 'gamergirl', 'fps', 'gamer']",[],False
41,2025-04-03 12:01,iShadowWolf_,pt,Fortnite,(+18) Livezinha Muito Doida!   ||   (❗comandos ❗metas ❗drops)   ||   (Epic Code: SHADOWOLF),"['Português', 'DropsAtivados']",[],False
41,2025-04-03 12:01,Pedro017Yt,pt,Fortnite,(2º !DROPS ON) FORTNITE + RESGATE ITENS ASSISTINDO A LIVE (!loja) 🍉!PIX 🍉,"['Português', 'Fortnite', 'Jogandocomespectadores', 'DropsEnable', 'DropsAtivados']",[],False
41,2025-04-03 12:01,joohn_garcia,pt,Overwatch 2,NOSSO LUGAR ESPECIAL - 🔵COD APOIADOR: JOHNZ,"['Gay', 'gameplay', 'nerd', 'playstation', 'inglês', 'Português', 'fortnite', 'Overawatch', 'terror', 'LGBTQIA']",[],False
41,2025-04-03 12:01,aFranzita,pt,Minecraft,BORA VER O QUE SAI HOJE (zumbizisse) | Drops de capa ativo | !capa,"['PortuguêsBR', 'Português', 'jogo', 'mulherjogando', 'localseguro', 'aventura', 'noobstreamer', 'survival', 'RecompensasEspetadores']",[],False
41,2025-04-03 12:01,maahmurollo,pt,League of Legends,OMG Q Q ISSO ? ❗JOGAR ❗LOJA    MUROLLO #ad,"['gamer', 'Português', 'Fortnite', 'ZeroBuild', 'battleroyale', 'Reposição']",[],True
41,2025-04-03 12:01,HANAIfps,pt,Counter-Strike,especial com amigos especiais 25k. sorteio free rolandoooo !ticket,"['sorteiodeskins', 'CS2', 'csgoskins', 'skins', 'keydrop', 'Português']",['MatureGame'],False
41,2025-04-03 12:02,emikafpss,pt,VALORANT,A VOLTA DO QUE NUNCA FOI (+18),"['fivem', 'Português', 'VALORANＴ']",[],False
41,2025-04-03 12:02,TorressGamePlay,pt,Grand Theft Auto V,🔴 Ao Vivo 🔴 Força Tatica   Jaguaré RolePlay - !loja !mod !insta !tiktok,"['fivem', 'gtarp', 'Português', 'gta', 'RP', 'ComplexoRP', 'jaguareroleplay']",['MatureGame'],True
42,2025-04-03 12:11,MegeraBruna,pt,VALORANT,Vamo passar raiva? [+18] / !discord / !elo / !regras / !pix / !instagram/ !nick/ !Sorteio/ !clip/ !Sr /  !subathon,"['Português', 'valorant', 'gamergirl', 'fps', 'gamer']",[],False
42,2025-04-03 12:11,iShadowWolf_,pt,Fortnite,(+18) Livezinha Muito Doida!   ||   (❗comandos ❗metas ❗drops)   ||   (Epic Code: SHADOWOLF),"['Português', 'DropsAtivados']",[],False
42,2025-04-03 12:11,joohn_garcia,pt,Overwatch 2,NOSSO LUGAR ESPECIAL - 🔵COD APOIADOR: JOHNZ,"['Gay', 'gameplay', 'nerd', 'playstation', 'inglês', 'Português', 'fortnite', 'Overawatch', 'terror', 'LGBTQIA']",[],False
42,2025-04-03 12:11,Pedro017Yt,pt,Fortnite,(2º !DROPS ON) FORTNITE + RESGATE ITENS ASSISTINDO A LIVE (!loja) 🍉!PIX 🍉,"['Português', 'Fortnite', 'Jogandocomespectadores', 'DropsEnable', 'DropsAtivados']",[],False
42,2025-04-03 12:11,aFranzita,pt,Minecraft,BORA VER O QUE SAI HOJE (zumbizisse) | Drops de capa ativo | !capa,"['PortuguêsBR', 'Português', 'jogo', 'mulherjogando', 'localseguro', 'aventura', 'noobstreamer', 'survival', 'RecompensasEspetadores']",[],False
42,2025-04-03 12:12,NTV_Games,pt,Grand Theft Auto V,🔞 🟢RERUN🟢 🔫liberty🔫 ❗Comandos ❗Pix ❗Instagram ❗tiktok ❗Rs pedir musica..,['Português'],['MatureGame'],False
42,2025-04-03 12:12,LilicaFreitas,pt,Just Chatting,"BOM DIA, GENTE LINDA! | #pcgamepasspartner #keymailer #Exitlag #mos.gg #EpicPartner @lilicafreitas","['Português', 'Jogandocomespectadores', 'jogandocomochat', 'Fortnite', 'mosgg', 'fortnitewithchat', 'pcgamepasspartner', 'Keymailer']",[],True
42,2025-04-03 12:12,AiNando1,pt,Fortnite,[DROPS ON] ASSISTA A LIVE E RESGATE ITENS NO FORTNITE ❗JOGAR ❗NICK ❗ USE CODE: Ainando1 #AD❗PIX ❗Livepix❗JOGAR  ❗Comandos ❗instagram ❗apoie,"['Português', 'Fortnite', 'comedia', 'engraçado', 'live', 'Phasmophobia', 'liarsbar', 'StreamGamer', 'francais', 'tiktok']",[],False
42,2025-04-03 12:12,Fael_Cruz,pt,The First Berserker: Khazan,FINALMENTE VAMO PLAYAR,['Português'],['MatureGame'],False
43,2025-04-03 12:18,MegeraBruna,pt,VALORANT,Vamo passar raiva? [+18] / !discord / !elo / !regras / !pix / !instagram/ !nick/ !Sorteio/ !clip/ !Sr /  !subathon,"['Português', 'valorant', 'gamergirl', 'fps', 'gamer']",[],False
43,2025-04-03 12:18,iShadowWolf_,pt,Fortnite,(+18) Livezinha Muito Doida!   ||   (❗comandos ❗metas ❗drops)   ||   (Epic Code: SHADOWOLF),"['Português', 'DropsAtivados']",[],False
43,2025-04-03 12:18,joohn_garcia,pt,Overwatch 2,NOSSO LUGAR ESPECIAL - 🔵COD APOIADOR: JOHNZ,"['Gay', 'gameplay', 'nerd', 'playstation', 'inglês', 'Português', 'fortnite', 'Overawatch', 'terror', 'LGBTQIA']",[],False
43,2025-04-03 12:18,Pedro017Yt,pt,Fortnite,(2º !DROPS ON) FORTNITE + RESGATE ITENS ASSISTINDO A LIVE (!loja) 🍉!PIX 🍉,"['Português', 'Fortnite', 'Jogandocomespectadores', 'DropsEnable', 'DropsAtivados']",[],False
43,2025-04-03 12:18,aFranzita,pt,Minecraft,BORA VER O QUE SAI HOJE (zumbizisse) | Drops de capa ativo | !capa,"['PortuguêsBR', 'Português', 'jogo', 'mulherjogando', 'localseguro', 'aventura', 'noobstreamer', 'survival', 'RecompensasEspetadores']",[],False
43,2025-04-03 12:18,NTV_Games,pt,Grand Theft Auto V,🔞 🟢RERUN🟢 🔫liberty🔫 ❗Comandos ❗Pix ❗Instagram ❗tiktok ❗Rs pedir musica..,['Português'],['MatureGame'],False
43,2025-04-03 12:18,TioPedroJoga,pt,EA Sports FC 25,"SEGUNDA RODADA COPA DOS STREAMERS x @pipozilla 13H  + COPINHA, MATA-MATA E MUITO MAIS !horario !cliente !coins !camiseta",['Português'],[],False
43,2025-04-03 12:19,paivinha29,pt,EA Sports FC 25,PAIVINHA X FIFENZO 15HR O CLASSICO VAI PEGAR FOGO+ HYPE DAS 14 COM 5 ICONS NO BRASFUT !CURSO  !COINS  !TRUST  !TRADE,"['Português', 'paivinha29', 'Futebol', 'entretenimiento']",[],False
43,2025-04-03 12:19,JAQUEGEEK,pt,Call of Duty: Warzone,SORTEEEEEEEIO!!! RAINHA DE VERDANSK / Siga @JAQUEGEEK nas redes sociais !pix !armas,"['warzone', 'cod', 'fps', 'Português', 'espanhol']",['MatureGame'],False
44,2025-04-03 12:28,MegeraBruna,pt,VALORANT,Vamo passar raiva? [+18] / !discord / !elo / !regras / !pix / !instagram/ !nick/ !Sorteio/ !clip/ !Sr /  !subathon,"['Português', 'valorant', 'gamergirl', 'fps', 'gamer']",[],False
44,2025-04-03 12:29,iShadowWolf_,pt,Fortnite,(+18) Livezinha Muito Doida!   ||   (❗comandos ❗metas ❗drops)   ||   (Epic Code: SHADOWOLF),"['Português', 'DropsAtivados']",[],False
44,2025-04-03 12:29,joohn_garcia,pt,Overwatch 2,NOSSO LUGAR ESPECIAL - 🔵COD APOIADOR: JOHNZ,"['Gay', 'gameplay', 'nerd', 'playstation', 'inglês', 'Português', 'fortnite', 'Overawatch', 'terror', 'LGBTQIA']",[],False
44,2025-04-03 12:29,Pedro017Yt,pt,Fortnite,(2º !DROPS ON) FORTNITE + RESGATE ITENS ASSISTINDO A LIVE (!loja) 🍉!PIX 🍉,"['Português', 'Fortnite', 'Jogandocomespectadores', 'DropsEnable', 'DropsAtivados']",[],False
44,2025-04-03 12:29,aFranzita,pt,Minecraft,BORA VER O QUE SAI HOJE (zumbizisse) | Drops de capa ativo | !capa,"['PortuguêsBR', 'Português', 'jogo', 'mulherjogando', 'localseguro', 'aventura', 'noobstreamer', 'survival', 'RecompensasEspetadores']",[],False
44,2025-04-03 12:29,NTV_Games,pt,Grand Theft Auto V,🔞 🟢RERUN🟢 🔫liberty🔫 ❗Comandos ❗Pix ❗Instagram ❗tiktok ❗Rs pedir musica..,['Português'],['MatureGame'],False
44,2025-04-03 12:29,Vitor_jbs,pt,Minecraft,VEM QUE HOJE PROMETE  |❗pix ❗dc ❗comandos,"['Português', 'minecraft', 'mine', 'pvp', 'bedwars', 'mush', 'mushmc', 'roblox', 'RecompensasEspetadores']",[],False
44,2025-04-03 12:29,brenotheodoro,pt,Counter-Strike,É HOJE!! SORTEIO > 4 FACAS | Sorteio basta interajar | !livepix | !csgoskins | !msg | !loja | !strive | !kaspersky,"['Português', 'CS2', 'fps']",['MatureGame'],False
44,2025-04-03 12:29,HenriqueOph,pt,Minecraft,DROP DE CAPA ATIVO DIGITE: !CAPA =HARDCORE 250 DIAS EP 14,"['Português', 'minecraft', 'Hardcore', 'HardMode', 'sobrevivencia', '1VIDA', 'hardcoregamer', 'Singlerplayer', 'MINEDROP', 'TIKTOKCAPA']",[],False
45,2025-04-03 16:01,MegeraBruna,pt,VALORANT,Vamo passar raiva? [+18] / !discord / !elo / !regras / !pix / !instagram/ !nick/ !Sorteio/ !clip/ !Sr /  !subathon,"['Português', 'valorant', 'gamergirl', 'fps', 'gamer']",[],False
45,2025-04-03 16:01,HWmalk,pt,Sea of Thieves,FERRADOS 💀,"['Português', 'AMA', 'Brasil', 'RPG', 'música', 'Conversação', 'RockRoll', 'Ansiedade', 'Interativo']",[],False
45,2025-04-03 16:01,letiltz,pt,Fortnite,[DROPS ON] LEPIPINO w/ @isafaracco | USE O CÓDIGO LETILTZ NA LOJA,"['Português', 'Fortnite', 'SafeSpace', 'Jogandocomespectadores', 'DropsAtivados']",[],False
45,2025-04-03 16:01,Pedro017Yt,pt,Fortnite,(2º !DROPS ON) FORTNITE + RESGATE ITENS ASSISTINDO A LIVE (!loja) 🍉!PIX 🍉,"['Português', 'Fortnite', 'Jogandocomespectadores', 'DropsEnable', 'DropsAtivados']",[],False
45,2025-04-03 16:01,beletz_,pt,Fortnite,PERSONALIZADA NO FORTNITE | JOGANDO FORTNITE COM O CHAT ✨ USE CODE: BELETZ ✨!CODE !PIX,"['portugues', 'fortnite', 'fortnitetrocacao', 'stream', 'Português', 'girlgamers', 'DropsAtivados']",[],False
45,2025-04-03 16:01,sicko1,pt,Sea of Thieves,Plunder Pass pra vcs + estol com muito soninho ❗exitlag,"['Português', 'PvP', 'English', 'Calvo', 'Idoso', 'Lindo', 'Humilde', 'chill', 'Terror']",[],False
45,2025-04-03 16:01,plepuu,pt,Overwatch 2,voltando pro mestre pra ganhar chaveiro | !pix !caixas !insta !disc,"['Português', 'MarvelRivals', 'Support', 'overwatch', 'chill', 'Relax']",[],False
45,2025-04-03 16:02,Reunee,pt,Overwatch 2,🔴 Só o bagaço hoje,['Português'],[],False
45,2025-04-03 16:02,summerpie_e,pt,Overwatch 2,Competitivo de suporte ✨❗store❗Amazon #OW2Season15 #OW2Brasil #OverwatchCreator,"['Overwatch2', 'Competitivo', 'FPS', 'RankedPlayer', 'OverwatchCreators', 'PTBR', 'Portugues', 'Português', 'English']",[],False
46,2025-04-03 16:10,HWmalk,pt,Sea of Thieves,FERRADOS 💀,"['Português', 'AMA', 'Brasil', 'RPG', 'música', 'Conversação', 'RockRoll', 'Ansiedade', 'Interativo']",[],False
46,2025-04-03 16:10,MegeraBruna,pt,VALORANT,Vamo passar raiva? [+18] / !discord / !elo / !regras / !pix / !instagram/ !nick/ !Sorteio/ !clip/ !Sr /  !subathon,"['Português', 'valorant', 'gamergirl', 'fps', 'gamer']",[],False
46,2025-04-03 16:10,bocaorj,pt,Just Chatting,"[+18 ]:BORA RAPAZIADA HJ VAMOS DAR CONTINUAÇÃO NA NOSSA HISTORIA, THE END IS NEAR I NEED TO STAY STRONG!!!!!","['Português', 'fps', 'PMSP', 'ROTA', 'choque']",[],False
46,2025-04-03 16:10,letiltz,pt,Fortnite,[DROPS ON] LEPIPINO w/ @isafaracco | USE O CÓDIGO LETILTZ NA LOJA,"['Português', 'Fortnite', 'SafeSpace', 'Jogandocomespectadores', 'DropsAtivados']",[],False
46,2025-04-03 16:11,Pedro017Yt,pt,Fortnite,(2º !DROPS ON) FORTNITE + RESGATE ITENS ASSISTINDO A LIVE (!loja) 🍉!PIX 🍉,"['Português', 'Fortnite', 'Jogandocomespectadores', 'DropsEnable', 'DropsAtivados']",[],False
46,2025-04-03 16:11,sicko1,pt,Sea of Thieves,Plunder Pass pra vcs + estol com muito soninho ❗exitlag,"['Português', 'PvP', 'English', 'Calvo', 'Idoso', 'Lindo', 'Humilde', 'chill', 'Terror']",[],False
46,2025-04-03 16:11,Phaclock,pt,V Rising,Bom dia! seu follow faz diferença S2. !instagram !youtube !social !steam,"['Coop', 'Português', 'MMORPG', 'aventura', 'Multiplayer', 'online', 'Action', 'variedades', 'mago']",[],False
46,2025-04-03 16:11,rkrutzmann,pt,Just Chatting,vamos continuar esse jogo incrível que é Karma? | Thanks @wiredp 💜,"['Conversa', 'Comunidade', 'Variedades', 'SemSpoiler', 'cc', 'Aliado', 'Português', 'drops']",[],False
46,2025-04-03 16:11,WesleyCaribe,pt,Sea of Thieves,🇧🇷🇵🇹🏴‍☠️Como vamos nos encrencar hoje?,"['Português', 'bemorepirate']",[],False
47,2025-04-03 16:19,MegeraBruna,pt,VALORANT,Vamo passar raiva? [+18] / !discord / !elo / !regras / !pix / !instagram/ !nick/ !Sorteio/ !clip/ !Sr /  !subathon,"['Português', 'valorant', 'gamergirl', 'fps', 'gamer']",[],False
47,2025-04-03 16:19,barr4k,pt,Counter-Strike,"🟢 SORTEIO R$4.114,52 AMANHÃ -> PARTICIPE AGORA !MENSAL !CSGOBIG -> !ASTRO COMPRE E VENDA SKINS | !PLAY = R$250,00 SORTEIOS TODA PARTIDA","['Português', 'Compre', 'Na', 'Zenith', 'Clothing']",['MatureGame'],True
47,2025-04-03 16:19,HWmalk,pt,Sea of Thieves,FERRADOS 💀,"['Português', 'AMA', 'Brasil', 'RPG', 'música', 'Conversação', 'RockRoll', 'Ansiedade', 'Interativo']",[],False
47,2025-04-03 16:19,ZAKl1k,pt,Minecraft,🟢 MINECRAFT | ⭐ GANHE ASSISTINDO | 🌟 REESTOQUE DIA 10 ou 16 às 18h | !loja !points !prime !sub,"['Português', 'Minecraft', 'RecompensasEspetadores']",[],False
47,2025-04-03 16:19,Pedro017Yt,pt,Fortnite,(2º !DROPS ON) FORTNITE + RESGATE ITENS ASSISTINDO A LIVE (!loja) 🍉!PIX 🍉,"['Português', 'Fortnite', 'Jogandocomespectadores', 'DropsEnable', 'DropsAtivados']",[],False
47,2025-04-03 16:20,sicko1,pt,Sea of Thieves,Plunder Pass pra vcs + estol com muito soninho ❗exitlag,"['Português', 'PvP', 'English', 'Calvo', 'Idoso', 'Lindo', 'Humilde', 'chill', 'Terror']",[],False
47,2025-04-03 16:20,RenanSaleff,pt,Grand Theft Auto V,"+18  Penal do Complexo 🤙🏼 Menos FOCO, Mais Ansiedade 🤟🏻 ❤️ ❤️ @renansaleff !clip ❗LIVEPIX ❗INSTA","['Português', 'GTARP', 'DISTRITORP', 'GTAⅤ', 'fivem', 'RP', 'Medico']",['MatureGame'],False
47,2025-04-03 16:20,O_B4RB4,pt,Grand Theft Auto V,[ +18 CPX ] Mais um dia na puliça!,"['ＧTA5', 'luquet4', 'delegarp', 'luanz7', 'ovotz', 'PaulinhoLOKObr', 'anúncio', 'patrocínio', 'Português']",['MatureGame'],True
47,2025-04-03 16:20,Stormyzinha,pt,Fortnite,🟢 DROPS ON 🟢 JOGANDO FORTNITE COM O CHAT !JOGAR ✨FARM V-BUCKS ASSISTINDO E JOGANDO NA LIVE✨❗pix ❗loja ❗comandos ❗mapas ❗resgates,"['fortnite', 'Português', 'girl', 'mulher', 'br', 'Portugal', 'brasil', 'gamergirl', 'DropsAtivados', 'drops']",[],False
48,2025-04-03 16:27,HWmalk,pt,Sea of Thieves,FERRADOS 💀,"['Português', 'AMA', 'Brasil', 'RPG', 'música', 'Conversação', 'RockRoll', 'Ansiedade', 'Interativo']",[],False
48,2025-04-03 16:27,MegeraBruna,pt,VALORANT,Vamo passar raiva? [+18] / !discord / !elo / !regras / !pix / !instagram/ !nick/ !Sorteio/ !clip/ !Sr /  !subathon,"['Português', 'valorant', 'gamergirl', 'fps', 'gamer']",[],False
48,2025-04-03 16:27,bocaorj,pt,Just Chatting,"[+18 ]:BORA RAPAZIADA HJ VAMOS DAR CONTINUAÇÃO NA NOSSA HISTORIA, THE END IS NEAR I NEED TO STAY STRONG!!!!!","['Português', 'fps', 'PMSP', 'ROTA', 'choque']",[],False
48,2025-04-03 16:27,letiltz,pt,Fortnite,[DROPS ON] LEPIPINO w/ @isafaracco | USE O CÓDIGO LETILTZ NA LOJA,"['Português', 'Fortnite', 'SafeSpace', 'Jogandocomespectadores', 'DropsAtivados']",[],False
48,2025-04-03 16:27,Pedro017Yt,pt,Fortnite,(2º !DROPS ON) FORTNITE + RESGATE ITENS ASSISTINDO A LIVE (!loja) 🍉!PIX 🍉,"['Português', 'Fortnite', 'Jogandocomespectadores', 'DropsEnable', 'DropsAtivados']",[],False
48,2025-04-03 16:27,sicko1,pt,Sea of Thieves,Plunder Pass pra vcs + estol com muito soninho ❗exitlag,"['Português', 'PvP', 'English', 'Calvo', 'Idoso', 'Lindo', 'Humilde', 'chill', 'Terror']",[],False
48,2025-04-03 16:28,renatisses,pt,inZOI,#04 Do lixo ao luxo no inZOI e + tarde The sims!,"['Brasil', 'Português', 'sorteio', 'thesims']",[],False
48,2025-04-03 16:28,Lillythh,en,The Sims 4,ANOTHER WICKED CHAPTER BEGINS... | CURSED: GEN. 2 🤎[SACRIFICIAL LAMB] 💀 | !discord !song !tree !cc !reshade !cursed,"['Chatty', 'Chill', 'English', 'SheHer', 'Anxiety', 'RPG', 'Storytelling', 'Cozy', 'NOBACKSEATING', 'LurkerFriendly']","['DrugsIntoxication', 'ProfanityVulgarity', 'SexualThemes']",False
48,2025-04-03 16:28,StormWalker05,pt,KARMA: The Dark World,"59 - MAVIS DAY HOJE, MARATONA AMANHÃ !discord",['Português'],['MatureGame'],False
49,2025-04-03 16:35,HWmalk,pt,Sea of Thieves,FERRADOS 💀,"['Português', 'AMA', 'Brasil', 'RPG', 'música', 'Conversação', 'RockRoll', 'Ansiedade', 'Interativo']",[],False
49,2025-04-03 16:35,MegeraBruna,pt,VALORANT,Vamo passar raiva? [+18] / !discord / !elo / !regras / !pix / !instagram/ !nick/ !Sorteio/ !clip/ !Sr /  !subathon,"['Português', 'valorant', 'gamergirl', 'fps', 'gamer']",[],False
49,2025-04-03 16:35,bocaorj,pt,Just Chatting,"[+18 ]:BORA RAPAZIADA HJ VAMOS DAR CONTINUAÇÃO NA NOSSA HISTORIA, THE END IS NEAR I NEED TO STAY STRONG!!!!!","['Português', 'fps', 'PMSP', 'ROTA', 'choque']",[],False
49,2025-04-03 16:35,letiltz,pt,Fortnite,[DROPS ON] LEPIPINO w/ @isafaracco | USE O CÓDIGO LETILTZ NA LOJA,"['Português', 'Fortnite', 'SafeSpace', 'Jogandocomespectadores', 'DropsAtivados']",[],False
49,2025-04-03 16:35,Pedro017Yt,pt,Fortnite,(2º !DROPS ON) FORTNITE + RESGATE ITENS ASSISTINDO A LIVE (!loja) 🍉!PIX 🍉,"['Português', 'Fortnite', 'Jogandocomespectadores', 'DropsEnable', 'DropsAtivados']",[],False
49,2025-04-03 16:36,sicko1,pt,Sea of Thieves,Plunder Pass pra vcs + estol com muito soninho ❗exitlag,"['Português', 'PvP', 'English', 'Calvo', 'Idoso', 'Lindo', 'Humilde', 'chill', 'Terror']",[],False
49,2025-04-03 16:36,Sharkmacedo,pt,EA Sports FC 25,🔴[BR-PS5] [+18] ⚽ESTRÉIA NA COPA DOS STREAMERS SHARKMACEDO X @jennimaiaad ⚽!LOJA @sharkmacedo nas redes sociais.,"['Português', 'shark', 'shark']",[],False
49,2025-04-03 16:36,TioPedroJoga,pt,EA Sports FC 25,"SEGUNDA RODADA COPA DOS STREAMERS x @pipozilla 13H  + COPINHA, MATA-MATA E MUITO MAIS !horario !cliente !coins !camiseta",['Português'],[],False
49,2025-04-03 16:36,oparazim,pt,EA Sports FC 25,"‼️COPA DOS STREAMERS NA COBERTURA OFICIAL ! Hype, vazamentos e packs!","['fifa', 'eafc', 'fc24', 'fc24livestream', 'Português', 'fc25', 'fc25livestream']",[],False
50,2025-04-03 20:01,HWmalk,pt,Sea of Thieves,FERRADOS 💀,"['Português', 'AMA', 'Brasil', 'RPG', 'música', 'Conversação', 'RockRoll', 'Ansiedade', 'Interativo']",[],False
50,2025-04-03 20:01,Pedro017Yt,pt,Fortnite,(2º !DROPS ON) FORTNITE + RESGATE ITENS ASSISTINDO A LIVE (!loja) 🍉!PIX 🍉,"['Português', 'Fortnite', 'Jogandocomespectadores', 'DropsEnable', 'DropsAtivados']",[],False
50,2025-04-03 20:01,eLyzao,pt,Counter-Strike,LIVE DE ANIVERSÁRIO !TICKET ( SORTEIO DE 35 REAIS PARA OS SUBS )      ❗Nesha ❗iox +18,['Português'],['MatureGame'],False
50,2025-04-03 20:01,RdeCarvalho,pt,Grand Theft Auto V,Corrida Maluca | #6 | !pix !bits !apoie,['Português'],['MatureGame'],False
50,2025-04-03 20:01,sicko1,pt,Fortnite,🟣 DROPS 🟣 CODE SICKO #ad ❗exitlag,"['Português', 'PvP', 'English', 'Calvo', 'Idoso', 'Lindo', 'Humilde', 'chill', 'Terror', 'DropsAtivados']",[],False
50,2025-04-03 20:01,waveigl,pt,Counter-Strike,+18 🔞 WAVEIGL ❤️lecionando um CS2 de qualidade para newbassos !aula !testeblackbelt !jogarcomigo !valorant,['Português'],"['MatureGame', 'ProfanityVulgarity']",False
50,2025-04-03 20:01,Dilascio_,pt,Marvel Rivals,LEAKS DA SEASON 2?? SCHEDULE AS 20H,"['Português', 'Competitivo', 'Conversa', 'top500', 'overwatch', 'English', 'DropsAtivados']",[],False
50,2025-04-03 20:01,Nitrao_,pt,Marvel Rivals,Grind fim de Season e Novidades | !COMUNIDADE !Lords,"['Português', 'DropsAtivados']",[],False
50,2025-04-03 20:01,marcusoceifeiro,pt,Just Chatting,MEU TIO TÁ CHEGANDO NO MARVEL RIVALS! EMMA TOTOSA CHEGANDO TBM!,['Português'],[],False
51,2025-04-03 20:10,HWmalk,pt,Sea of Thieves,FERRADOS 💀,"['Português', 'AMA', 'Brasil', 'RPG', 'música', 'Conversação', 'RockRoll', 'Ansiedade', 'Interativo']",[],False
51,2025-04-03 20:10,Pedro017Yt,pt,Fortnite,(2º !DROPS ON) FORTNITE + RESGATE ITENS ASSISTINDO A LIVE (!loja) 🍉!PIX 🍉,"['Português', 'Fortnite', 'Jogandocomespectadores', 'DropsEnable', 'DropsAtivados']",[],False
51,2025-04-03 20:10,eLyzao,pt,Counter-Strike,LIVE DE ANIVERSÁRIO !TICKET ( SORTEIO DE 35 REAIS PARA OS SUBS )      ❗Nesha ❗iox +18,['Português'],['MatureGame'],False
51,2025-04-03 20:10,RdeCarvalho,pt,Grand Theft Auto V,Corrida Maluca | #6 | !pix !bits !apoie,['Português'],['MatureGame'],False
51,2025-04-03 20:10,sicko1,pt,Fortnite,🟣 DROPS 🟣 CODE SICKO #ad ❗exitlag,"['Português', 'PvP', 'English', 'Calvo', 'Idoso', 'Lindo', 'Humilde', 'chill', 'Terror', 'DropsAtivados']",[],False
51,2025-04-03 20:11,waveigl,pt,Counter-Strike,+18 🔞 WAVEIGL ❤️lecionando um CS2 de qualidade para newbassos !aula !testeblackbelt !jogarcomigo !valorant,['Português'],"['MatureGame', 'ProfanityVulgarity']",False
51,2025-04-03 20:11,f0rsakenwOw,pt,VALORANT,"SEM ZIKA HOJE, SEM ADS NA !LOCO — !loco !pix !lojaeg",['Português'],[],False
51,2025-04-03 20:11,frttt,pt,VALORANT,🟢💚AO VIVO - ENSINANDO A GRINDAR DE DUELISTA - DIA 2 - !curso !aulas,['Português'],[],False
51,2025-04-03 20:11,awapsps,pt,VALORANT,1 de abril ❗pix ❗elo ❗meta,"['awa', 'Português', 'justchatting', 'valorant', 'fps']",[],False
52,2025-04-03 20:18,HWmalk,pt,Sea of Thieves,FERRADOS 💀,"['Português', 'AMA', 'Brasil', 'RPG', 'música', 'Conversação', 'RockRoll', 'Ansiedade', 'Interativo']",[],False
52,2025-04-03 20:18,Pedro017Yt,pt,Fortnite,(2º !DROPS ON) FORTNITE + RESGATE ITENS ASSISTINDO A LIVE (!loja) 🍉!PIX 🍉,"['Português', 'Fortnite', 'Jogandocomespectadores', 'DropsEnable', 'DropsAtivados']",[],False
52,2025-04-03 20:18,eLyzao,pt,Counter-Strike,LIVE DE ANIVERSÁRIO !TICKET ( SORTEIO DE 35 REAIS PARA OS SUBS )      ❗Nesha ❗iox +18,['Português'],['MatureGame'],False
52,2025-04-03 20:18,RdeCarvalho,pt,Grand Theft Auto V,Corrida Maluca | #6 | !pix !bits !apoie,['Português'],['MatureGame'],False
52,2025-04-03 20:18,sicko1,pt,Fortnite,🟣 DROPS 🟣 CODE SICKO #ad ❗exitlag,"['Português', 'PvP', 'English', 'Calvo', 'Idoso', 'Lindo', 'Humilde', 'chill', 'Terror', 'DropsAtivados']",[],False
52,2025-04-03 20:18,waveigl,pt,Counter-Strike,+18 🔞 WAVEIGL ❤️lecionando um CS2 de qualidade para newbassos !aula !testeblackbelt !jogarcomigo !valorant,['Português'],"['MatureGame', 'ProfanityVulgarity']",False
52,2025-04-03 20:18,th_Eazyboy,pt,Just Chatting,3 DIAS PARA O BIZARRO DAY !PIX,"['Português', 'terror', 'gameplay', 'cringe', 'Brasil', 'roblox', 'NoobGameplayALERT', 'minecraft', 'gta']",[],False
52,2025-04-03 20:18,AmaruC2,pt,Grand Theft Auto V,🔞 NOBRE ROLEPLAY 🔥 FIVE M ⚔️ ❗ 🔫 PM INSPETOR CIVIL  ❗ 🤪 NOVO NA CDD ❗ 💭 RESENHA COM CHAT  !pix !sub,"['tiro', 'fps', 'jogo', 'gta', 'fivem', 'nobre', 'roleplay', 'fac', '5m', 'POLICIA']",['MatureGame'],False
52,2025-04-03 20:19,excambaw,pt,Minecraft,🚩 CLAN TAGS LANÇADAS 🚩 COLOCANDO MUITA OBSIDIAN 🚩 VENDO AS SUGESTÕES DO DISCORD 🚩,"['excambaw', 'Português', 'RecompensasEspetadores']",[],False
53,2025-04-03 20:25,HWmalk,pt,Sea of Thieves,FERRADOS 💀,"['Português', 'AMA', 'Brasil', 'RPG', 'música', 'Conversação', 'RockRoll', 'Ansiedade', 'Interativo']",[],False
53,2025-04-03 20:25,Pedro017Yt,pt,Fortnite,(3º !DROPS ON) RESGATE VB ASSISTINDO (!loja),"['Português', 'Fortnite', 'Jogandocomespectadores', 'DropsEnable', 'DropsAtivados']",[],False
53,2025-04-03 20:25,eLyzao,pt,Counter-Strike,LIVE DE ANIVERSÁRIO !TICKET ( SORTEIO DE 35 REAIS PARA OS SUBS )      ❗Nesha ❗iox +18,['Português'],['MatureGame'],False
53,2025-04-03 20:25,RdeCarvalho,pt,Grand Theft Auto V,Corrida Maluca | #6 | !pix !bits !apoie,['Português'],['MatureGame'],False
53,2025-04-03 20:25,sicko1,pt,Fortnite,🟣 DROPS 🟣 CODE SICKO #ad ❗exitlag,"['Português', 'PvP', 'English', 'Calvo', 'Idoso', 'Lindo', 'Humilde', 'chill', 'Terror', 'DropsAtivados']",[],False
53,2025-04-03 20:26,waveigl,pt,Counter-Strike,+18 🔞 WAVEIGL ❤️lecionando um CS2 de qualidade para newbassos !aula !testeblackbelt !jogarcomigo !valorant,['Português'],"['MatureGame', 'ProfanityVulgarity']",False
53,2025-04-03 20:26,oimille,pt,Fortnite,[DROPS ON] VEM PEGAR SEUS ENVELOPAMENTOS GRATIS DO FORTNITE ❗JOGAR  ❗NICK ❗PRESENTE❗PRIME ❗PIX ❗INSTA ❗DISCORD,"['Português', 'DropsAtivados']",[],True
53,2025-04-03 20:26,CherryTiltada,pt,Just Chatting,[DROPS ON] ✨EU NÃO SEI✨!Discord ! Pix !Zap !Instagram,"['gamergirl', 'Borderline', 'SaúdeMental', 'Português', 'games', 'PTBR', 'Tiltada']",[],False
53,2025-04-03 20:26,AhhhDaniii,pt,Fortnite,[+18] Jogando igual toco sanfona: não sei tocar safona! *35% de desconto no SUBGIFT!* | !comandos | CODIGO EPIC: AHHHDANIII |,"['Jogadacasual', 'Brasil', 'Português', 'ação', 'simulação', 'Estratégia', 'aventura', 'fps', 'vbucks', 'Fortnite']",[],False
54,2025-04-04 00:01,Arkane,pt,Fortnite,🔥 DROPS ON 🔥 GRÁTIS EMOTE CARRINHO-FORTE HOJE !drop - CODE: ARKANE #EpicPartner 🔥 !loja !pix !logitech !noping !youtube !cortes,"['Português', 'DropsAtivados']",[],True
54,2025-04-04 00:02,eLyzao,pt,Counter-Strike,LIVE DE ANIVERSÁRIO !TICKET ( SORTEIO DE 35 REAIS PARA OS SUBS )      ❗Nesha ❗iox +18,['Português'],['MatureGame'],False
54,2025-04-04 00:02,bocaorj,pt,Grand Theft Auto V,"[+18 ]:BORA RAPAZIADA HJ VAMOS DAR CONTINUAÇÃO NA NOSSA HISTORIA, THE END IS NEAR I NEED TO STAY STRONG!!!!!","['Português', 'fps', 'PMSP', 'ROTA', 'choque']",['MatureGame'],False
54,2025-04-04 00:02,Pedro017Yt,pt,Fortnite,(3º !DROPS ON) 1h da manhã + RESGATE VB ASSISTINDO (!loja),"['Português', 'Fortnite', 'Jogandocomespectadores', 'DropsEnable', 'DropsAtivados']",[],False
54,2025-04-04 00:02,HWmalk,pt,Schedule I,CLT de Dorgas (parte 3) 🌱,"['Português', 'AMA', 'Brasil', 'RPG', 'música', 'Conversação', 'RockRoll', 'Ansiedade', 'Interativo']",['MatureGame'],False
54,2025-04-04 00:02,ZAKl1k,pt,Minecraft,🟢 MINECRAFT | ⭐ GANHE ASSISTINDO | 🌟 REESTOQUE DIA 10 ou 16 às 18h | !loja !points !prime !sub,"['Português', 'Minecraft', 'RecompensasEspetadores']",[],False
54,2025-04-04 00:02,MandyMess,pt,Dead by Daylight,MAIN RIZE KAMISHIRO 🩸❗sub❗pix❗insta,"['LGBT', 'DragQueen', 'Português', 'IntoTheFog', 'DropsAtivados']",['MatureGame'],False
54,2025-04-04 00:02,wanessawolf,pt,Just Chatting,RAPIDINHA❗pix ❗discord ❗sorteio ❗reacts ❗patreon,['Português'],[],False
54,2025-04-04 00:02,VeronikaVolt,pt,Marvel Rivals,SUBATON DIA 7 !NOVO | !programama,"['Português', 'gay', 'nordeste', 'hemorroida', 'DropsAtivados']",['ProfanityVulgarity'],True
55,2025-04-04 00:10,NTV_Games,pt,Grand Theft Auto V,🔞 🟢RERUN🟢 🔫liberty🔫 ❗Comandos ❗Pix ❗Instagram ❗tiktok ❗Rs pedir musica..,['Português'],['MatureGame'],False
55,2025-04-04 00:10,denielz_,pt,Marvel Rivals,"""Jovem"" Emo curtindo musguinhas e jogando jogos [+18]","['justchatting', 'games', 'LGBTQIAPlus', 'TDAH', 'Português', 'English', 'LurkFriendly', 'SafeSpace', 'DropsAtivados']",[],False
55,2025-04-04 00:10,TheYuzuroEffect,pt,Grand Theft Auto V,[+18] Jogando com os amigos | GTA V: Enhanced,"['Português', 'Mulher', 'Ultrawide', 'GTAⅤ', 'gtaonline']",['MatureGame'],False
55,2025-04-04 00:10,Nitrao_,pt,Marvel Rivals,Grind fim de Season e Novidades | !COMUNIDADE !Lords,"['Português', 'DropsAtivados']",[],False
55,2025-04-04 00:10,guisobrevivente_,pt,Minecraft,mine calminho e conversa,"['minecraft', 'games', 'conversa', 'construcao', 'shaders', 'capa', 'Português', 'RecompensasEspetadores']",[],False
55,2025-04-04 00:10,eubabidiniz,pt,Grand Theft Auto V,HOLLYWOODRP - AYRA APRENDENDO SER MAE - AYRA 01 AKS #17 - me siga no instagram: @eubabidiniz ❗️pix ❗️hollywood - CUPOM: BABI15,"['LGBT', 'ayra', 'GTARP', 'GTARP', 'Português', 'fivem', 'metagroup', 'HollywoodRp', 'metropolegg', 'aks']","['DrugsIntoxication', 'MatureGame']",False
55,2025-04-04 00:10,DaniloFariasFUT,pt,EA Sports FC 25,ACERTANDO TIME . COPA DOS STREAMERS DANILO X PATRIKAO AS 21HRS    !LOJA @danilofariasfut,"['Português', 'ultimateteam', 'dicas', 'eafc25', 'tutorials', 'livestreamers', 'resenha', 'frontpagetwitch', 'TOTY', 'KingsLeague']",[],False
55,2025-04-04 00:10,JanjaoMachado,pt,EA Sports FC 25,💥COPA DOS STREAMERS | 23H30 contra @geofinho,"['eafc25', 'adolfz', 'paivinha29', 'fifenzo', 'WENDELLLIRA', 'pelegrino1993', 'sharkmacedo', 'Português', 'eafc25ultimateteam']",[],False
55,2025-04-04 00:10,Peu_MC,pt,Call of Duty: Warzone,PEU X MILK AGORA PELA COPA DOS STREAMERS !coins !trade,"['batalha', 'batalhaderima', 'BATALHADAALDEIA', 'Rap', 'fifa', 'ultimateteam', 'Futebol', 'Português', 'EASPORTSFIFA', 'eafc25']",['MatureGame'],False
56,2025-04-04 00:21,frttt,pt,VALORANT,🟢💚AO VIVO - ENSINANDO A GRINDAR DE DUELISTA - DIA 2 - !curso !aulas,['Português'],[],False
56,2025-04-04 00:21,Arkane,pt,Fortnite,🔥 DROPS ON 🔥 GRÁTIS EMOTE CARRINHO-FORTE HOJE !drop - CODE: ARKANE #EpicPartner 🔥 !loja !pix !logitech !noping !youtube !cortes,"['Português', 'DropsAtivados']",[],True
56,2025-04-04 00:21,eLyzao,pt,VALORANT,LIVE DE ANIVERSÁRIO !TICKET ( SORTEIO DE 35 REAIS PARA OS SUBS )      ❗Nesha ❗iox +18,['Português'],[],False
56,2025-04-04 00:21,NTV_Games,pt,Grand Theft Auto V,🔞 🟢RERUN🟢 🔫liberty🔫 ❗Comandos ❗Pix ❗Instagram ❗tiktok ❗Rs pedir musica..,['Português'],['MatureGame'],False
56,2025-04-04 00:21,denielz_,pt,Marvel Rivals,"""Jovem"" Emo curtindo musguinhas e jogando jogos [+18]","['justchatting', 'games', 'LGBTQIAPlus', 'TDAH', 'Português', 'English', 'LurkFriendly', 'SafeSpace', 'DropsAtivados']",[],False
56,2025-04-04 00:21,KamiKat,pt,League of Legends,LEAGUE OF LEGENDS BR CHALLEnGER SETUP COM CORSAIR BR - !pix !elo !pro !runa,"['Português', 'LGBT', 'gaymer', 'Gay', 'Aposentado', 'leagueoflegends', 'twinkativo', 'Smolder']",[],False
56,2025-04-04 00:21,enriquemachado_,pt,The Last of Us Part II: Remastered,🟢 THE LAST OF US NO PC!!🟢 SORTEIO DE 4 FACAS >❗ Sorteio  ❗topskin ❗loja ❗csgobig  ❗insane  ❗suaskin +18,['Português'],['MatureGame'],False
56,2025-04-04 00:21,LUCAS1,pt,Counter-Strike,🟢 #1 Q u é O t a? !csgoskins !raingg !VIDEONOVO,['Português'],['MatureGame'],False
56,2025-04-04 00:21,vsmzin,pt,Counter-Strike,FARMANDO PASSE + ABRINDO CAIXA *EM BUSCA DO DOURADO* ->❗Rifa FACA 3.500R$ +PIX DE 500 A 1000R$ ❗keydrop❗Neshastore❗pirateswap❗kaspersky,['Português'],['MatureGame'],False
57,2025-04-04 04:01,eLyzao,pt,VALORANT,LIVE DE ANIVERSÁRIO !TICKET ( SORTEIO DE 35 REAIS PARA OS SUBS )      ❗Nesha ❗iox +18,['Português'],[],False
57,2025-04-04 04:01,iShadowWolf_,pt,Sea of Thieves,(+18) Livezinha Muito Doida!   ||   (❗comandos ❗metas ❗drops)   ||   (Epic Code: SHADOWOLF),['Português'],[],False
57,2025-04-04 04:01,Pedro017Yt,pt,Fortnite,(3º !DROPS ON) + RESGATE ITENS ASSISTINDO (!loja),"['Português', 'Fortnite', 'Jogandocomespectadores', 'DropsEnable', 'DropsAtivados']",[],False
57,2025-04-04 04:01,NTV_Games,pt,Grand Theft Auto V,🔞 🟢RERUN🟢 🔫liberty🔫 ❗Comandos ❗Pix ❗Instagram ❗tiktok ❗Rs pedir musica..,['Português'],['MatureGame'],False
57,2025-04-04 04:01,KamiKat,pt,League of Legends,LEAGUE OF LEGENDS BR CHALLENGER SETUP COM CORSAIR BR - !pix !elo !pro !runa,"['Português', 'LGBT', 'gaymer', 'Gay', 'Aposentado', 'leagueoflegends', 'twinkativo', 'Smolder']",[],False
57,2025-04-04 04:01,Arkane,pt,Fortnite,🔥 DROPS ON 🔥 GRÁTIS EMOTE CARRINHO-FORTE HOJE !drop - CODE: ARKANE #EpicPartner 🔥 !loja !pix !logitech !noping !youtube !cortes,"['Português', 'DropsAtivados']",[],True
57,2025-04-04 04:01,LetizaTV,pt,VALORANT,É o tal do pinas e perdes | !pix,['Português'],[],False
57,2025-04-04 04:01,nvmegumi,pt,Just Chatting,conversinhas hahaha concordo,['Português'],[],False
57,2025-04-04 04:02,yungyro,pt,inZOI,jogando inzoi pela primeira vez 🌼  !prêmio !react !amazon 🌼5% charme 15% colaboração e 80% autoritarismo🌼,"['Português', 'chill', 'filme', 'ASMR', 'gato', 'Cosplay']",[],False
58,2025-04-04 04:12,eLyzao,pt,VALORANT,LIVE DE ANIVERSÁRIO !TICKET ( SORTEIO DE 35 REAIS PARA OS SUBS )      ❗Nesha ❗iox +18,['Português'],[],False
58,2025-04-04 04:12,iShadowWolf_,pt,Sea of Thieves,(+18) Livezinha Muito Doida!   ||   (❗comandos ❗metas ❗drops)   ||   (Epic Code: SHADOWOLF),['Português'],[],False
58,2025-04-04 04:12,Pedro017Yt,pt,Fortnite,(3º !DROPS ON) + RESGATE ITENS ASSISTINDO (!loja),"['Português', 'Fortnite', 'Jogandocomespectadores', 'DropsEnable', 'DropsAtivados']",[],False
58,2025-04-04 04:12,ZAKl1k,pt,Minecraft,🟢 MINECRAFT | ⭐ GANHE ASSISTINDO | 🌟 REESTOQUE DIA 10 ou 16 às 18h | !loja !points !prime !sub,"['Português', 'Minecraft', 'RecompensasEspetadores']",[],False
58,2025-04-04 04:13,KamiKat,pt,League of Legends,LEAGUE OF LEGENDS BR CHALLENGER SETUP COM CORSAIR BR - !pix !elo !pro !runa,"['Português', 'LGBT', 'gaymer', 'Gay', 'Aposentado', 'leagueoflegends', 'twinkativo', 'Smolder']",[],False
58,2025-04-04 04:13,NTV_Games,pt,Grand Theft Auto V,🔞 🟢RERUN🟢 🔫liberty🔫 ❗Comandos ❗Pix ❗Instagram ❗tiktok ❗Rs pedir musica..,['Português'],['MatureGame'],False
58,2025-04-04 04:13,caiozeralol,pt,League of Legends,challenger soloq kayn !livepix,"['Português', 'challenger', 'kayn']",[],False
58,2025-04-04 04:13,ClovaoBengala,pt,League of Legends,BASICAMENTE É ISSO QUE TA PRA JOGO !loco !rag !pix !ad !social,"['Português', 'League', 'leagueoflegeneds', 'lol', 'jogos']",[],True
58,2025-04-04 04:13,iucen2,pt,League of Legends,ha\sud9821a,"['FamilyFriendly', 'SafeSpace', 'LGBTQIAPlus', 'FAMILIA', 'SemPreconceitos', 'Português']",[],False
59,2025-04-04 04:20,eLyzao,pt,VALORANT,LIVE DE ANIVERSÁRIO !TICKET ( SORTEIO DE 35 REAIS PARA OS SUBS )      ❗Nesha ❗iox +18,['Português'],[],False
59,2025-04-04 04:20,iShadowWolf_,pt,Sea of Thieves,(+18) Livezinha Muito Doida!   ||   (❗comandos ❗metas ❗drops)   ||   (Epic Code: SHADOWOLF),['Português'],[],False
59,2025-04-04 04:20,Pedro017Yt,pt,Fortnite,(NOVO !DROPS ON) + RESGATE ITENS ASSISTINDO (!loja),"['Português', 'Fortnite', 'Jogandocomespectadores', 'DropsEnable', 'DropsAtivados']",[],False
59,2025-04-04 04:20,KamiKat,pt,League of Legends,LEAGUE OF LEGENDS BR CHALLENGER SETUP COM CORSAIR BR - !pix !elo !pro !runa,"['Português', 'LGBT', 'gaymer', 'Gay', 'Aposentado', 'leagueoflegends', 'twinkativo', 'Smolder']",[],False
59,2025-04-04 04:20,NTV_Games,pt,Grand Theft Auto V,🔞 🟢RERUN🟢 🔫liberty🔫 ❗Comandos ❗Pix ❗Instagram ❗tiktok ❗Rs pedir musica..,['Português'],['MatureGame'],False
59,2025-04-04 04:20,ZAKl1k,pt,Minecraft,🟢 MINECRAFT | ⭐ GANHE ASSISTINDO | 🌟 REESTOQUE DIA 10 ou 16 às 18h | !loja !points !prime !sub,"['Português', 'Minecraft', 'RecompensasEspetadores']",[],False
59,2025-04-04 04:20,BobSiqueira,pt,Counter-Strike,BUTECO DE QUINTA COM O BOBZAO ---  -> ->  !Formulario  !TopSkins  !Insane  !Loja  !XTSKINS,"['Português', 'Bobzao', 'CS2', 'reacts', 'Pc', 'csgo', 'topskins']",['MatureGame'],True
59,2025-04-04 04:20,Saullo,pt,Counter-Strike,SORTEIO TALON TIGER TOOTH AGORA + DEPÓSITO NA CONTA DE VOCÊS + SORTEIO 100 DÓLARES (AO VIVO),"['Português', 'skinscsgo', 'CSGO', 'SORTEIO', 'PIX', 'SKINS', 'FPS', 'Brasil', 'CS2', 'cs2beta']",['MatureGame'],True
59,2025-04-04 04:20,ratoel_,pt,League of Legends,lolzinho e sololeving !pix !dogasso,"['Português', 'react', 'EuroTruck', 'engraçado', 'RJ', 'lol', 'cs', 'FAVELA', 'gta', 'GTARPLIVE']",[],False
60,2025-04-04 04:30,eLyzao,pt,VALORANT,LIVE DE ANIVERSÁRIO !TICKET ( SORTEIO DE 35 REAIS PARA OS SUBS )      ❗Nesha ❗iox +18,['Português'],[],False
60,2025-04-04 04:31,iShadowWolf_,pt,Sea of Thieves,(+18) Livezinha Muito Doida!   ||   (❗comandos ❗metas ❗drops)   ||   (Epic Code: SHADOWOLF),['Português'],[],False
60,2025-04-04 04:31,Pedro017Yt,pt,Fortnite,(!DROPS ON) FORTNITE + RESGATE ITENS ASSISTINDO A LIVE (❗loja) 🍉!PIX 🍉,"['Português', 'Fortnite', 'Jogandocomespectadores', 'DropsEnable', 'DropsAtivados']",[],False
60,2025-04-04 04:31,ZAKl1k,pt,Minecraft,🟢 MINECRAFT | ⭐ GANHE ASSISTINDO | 🌟 REESTOQUE DIA 10 ou 16 às 18h | !loja !points !prime !sub,"['Português', 'Minecraft', 'RecompensasEspetadores']",[],False
60,2025-04-04 04:31,NTV_Games,pt,Grand Theft Auto V,🔞 🟢RERUN🟢 🔫liberty🔫 ❗Comandos ❗Pix ❗Instagram ❗tiktok ❗Rs pedir musica..,['Português'],['MatureGame'],False
60,2025-04-04 04:31,Arkane,pt,Fortnite,🔥 DROPS ON 🔥 GRÁTIS EMOTE CARRINHO-FORTE HOJE !drop - CODE: ARKANE #EpicPartner 🔥 !loja !pix !logitech !noping !youtube !cortes,"['Português', 'DropsAtivados']",[],True
62,2025-04-04 08:08,iShadowWolf_,pt,Fortnite,(+18) Livezinha Muito Doida!   ||   (❗comandos ❗metas ❗drops)   ||   (Epic Code: SHADOWOLF),"['Português', 'DropsAtivados']",[],False
62,2025-04-04 08:08,Pedro017Yt,pt,Fortnite,🍉!DROPS ON - GRÁTIS EMOTE HOJE 🔥 RESGATE ITENS ASSISTINDO A LIVE (❗loja) 🍉!PIX 🍉,"['Português', 'Fortnite', 'Jogandocomespectadores', 'DropsEnable', 'DropsAtivados']",[],False
62,2025-04-04 08:09,aatonz,pt,Fortnite,!!🟢🟡DROPS ON🟡🟢!! EMOTE DE CARRO FORTE!! Ou ganha a partida ou fica forte ! cada morte um !set de exercícios!VAMOKERE!!! BOM DIA!!,"['casual', 'engraçado', 'pirata', 'English', 'Português', 'Yoda', 'Gaules', 'giveaway', 'alanzoka', 'DropsAtivados']",[],False
62,2025-04-04 08:09,NTV_Games,pt,Grand Theft Auto V,🔞 🟢RERUN🟢 🔫liberty🔫 ❗Comandos ❗Pix ❗Instagram ❗tiktok ❗Rs pedir musica..,['Português'],['MatureGame'],False
62,2025-04-04 08:09,ZAKl1k,pt,Minecraft,🟢 MINECRAFT | ⭐ GANHE ASSISTINDO | 🌟 REESTOQUE DIA 10 ou 16 às 18h | !loja !points !prime !sub,"['Português', 'Minecraft', 'RecompensasEspetadores']",[],False
62,2025-04-04 08:09,raeVosa,pt,VALORANT,Ainda sei jogar de Iso? | !discord !raiva !pix !errou para ults,['Português'],[],False
62,2025-04-04 08:09,tatazincs,pt,Counter-Strike,🟢 FACEIT SUPERMATCH - COLA PRA RESENHA 💪🏻😎❗️clash.gg❗️insanegg❗️investimento❗️sorteio❗️dedeskins,['Português'],['MatureGame'],False
62,2025-04-04 08:09,vovo_grobau,pt,Counter-Strike,"🔥Sorteio de skins na live do vovô! 🎮 Entre na bagunça participe: ❗cupom, ❗sorteio, ❗musica ❗gruporifa ❗luva","['Português', 'CS2', 'counterstrike', 'fps', 'jogosdetiros', 'cs', 'sorteio', 'resenha', 'skins', 'sorteiodeskins']","['DrugsIntoxication', 'Gambling', 'MatureGame', 'ProfanityVulgarity', 'SexualThemes', 'ViolentGraphic']",False
62,2025-04-04 08:09,arch1vesfps,pt,Counter-Strike,🔥 TOP 1 MUNDIAL CS RANK 30K+ LEVEL 21 GC ( ͡° ͜ʖ ͡°) 🛒RERUN ➡️ !loja !config !mira !sorteio,"['en', 'pt', 'gamersclub', 'faceit', 'premier', 'pix', 'Português']",['MatureGame'],False
63,2025-04-04 08:18,iShadowWolf_,pt,Fortnite,(+18) Livezinha Muito Doida!   ||   (❗comandos ❗metas ❗drops)   ||   (Epic Code: SHADOWOLF),"['Português', 'DropsAtivados']",[],False
63,2025-04-04 08:18,Pedro017Yt,pt,Fortnite,🍉!DROPS ON - GRÁTIS EMOTE HOJE 🔥 RESGATE ITENS ASSISTINDO A LIVE (❗loja) 🍉!PIX 🍉,"['Português', 'Fortnite', 'Jogandocomespectadores', 'DropsEnable', 'DropsAtivados']",[],False
63,2025-04-04 08:19,aatonz,pt,Fortnite,!!🟢🟡DROPS ON🟡🟢!! EMOTE DE CARRO FORTE!! Ou ganha a partida ou fica forte ! cada morte um !set de exercícios!VAMOKERE!!! BOM DIA!!,"['casual', 'engraçado', 'pirata', 'English', 'Português', 'Yoda', 'Gaules', 'giveaway', 'alanzoka', 'DropsAtivados']",[],False
63,2025-04-04 08:19,NTV_Games,pt,Grand Theft Auto V,🔞 🟢RERUN🟢 🔫liberty🔫 ❗Comandos ❗Pix ❗Instagram ❗tiktok ❗Rs pedir musica..,['Português'],['MatureGame'],False
63,2025-04-04 08:19,ZAKl1k,pt,Minecraft,🟢 MINECRAFT | ⭐ GANHE ASSISTINDO | 🌟 REESTOQUE DIA 10 ou 16 às 18h | !loja !points !prime !sub,"['Português', 'Minecraft', 'RecompensasEspetadores']",[],False
63,2025-04-04 08:19,raeVosa,pt,VALORANT,Ainda sei jogar de Iso? | !discord !raiva !pix !errou para ults,['Português'],[],False
63,2025-04-04 08:19,chronuus,pt,Dead by Daylight,"vc por aqui?... • +18 •  ❗pix,❗discord, ❗comandos❗add","['Acolhedor', 'Ansiedade', 'Português', 'Depressão', 'risadas', 'Português', 'Idoso', 'DropsAtivados']",['MatureGame'],False
63,2025-04-04 08:19,hiirozinhaa,pt,Genshin Impact,✨Entre risadas e aventuras✨ [PT-BR] ❕DISCORD ❕TIKTOK ❕INSTAGRAM ✨,"['Português', 'GenshinnImpact', 'RPG', 'DropsAtivados']",[],False
63,2025-04-04 08:19,gabitriiste,pt,Dead by Daylight,[+18 ] [DROPS ON] 2 MESES DE SUBATHON  !pix !subathon !discord !comandos,"['Português', 'batepapo', 'jogos', 'deadbbydaylight', 'LGBTQIAPlus', 'subathon', 'English', 'Reposição', 'IntoTheFog', 'LOUD']",['MatureGame'],True
64,2025-04-04 12:01,MegeraBruna,pt,VALORANT,Vamo passar raiva? [+18] / !discord / !elo / !regras / !pix / !instagram/ !nick/ !Sorteio/ !clip/ !Sr /  !subathon,"['Português', 'valorant', 'gamergirl', 'fps', 'gamer']",[],False
64,2025-04-04 12:02,Pedro017Yt,pt,Fortnite,🍉!DROPS ON - GRÁTIS EMOTE HOJE 🔥 RESGATE ITENS ASSISTINDO A LIVE (❗loja) 🍉!PIX 🍉,"['Português', 'Fortnite', 'Jogandocomespectadores', 'DropsEnable', 'DropsAtivados']",[],False
64,2025-04-04 12:02,BrunoBalloni,pt,Counter-Strike,🔴RERUN!!!-> ❗csgocases ❗regraloja❗farm ❗sub ❗msg ❗loja,"['Português', 'fps', 'Brasil', 'counterstrike', 'cs', 'cs2', 'brazil']",['MatureGame'],False
64,2025-04-04 12:02,miguelitodoarrocha,pt,EA Sports FC 25,💥vamos tenta classificar para a wl agora !! bem vindos a live do Miguelito,"['Português', 'Portugal', 'Competitivo', 'resenha', 'Resenhando', 'ultimateteam', 'fifa', 'EAFC', 'eafc25', 'eafcsports']",[],False
64,2025-04-04 12:02,aatonz,pt,Fortnite,!!🟢🟡DROPS ON🟡🟢!! EMOTE DE CARRO FORTE!! Ou ganha a partida ou fica forte ! cada morte um !set de exercícios!VAMOKERE!!! BOM DIA!!,"['casual', 'engraçado', 'pirata', 'English', 'Português', 'Yoda', 'Gaules', 'giveaway', 'alanzoka', 'DropsAtivados']",[],False
64,2025-04-04 12:02,ZAKl1k,pt,Minecraft,🟢 MINECRAFT | ⭐ GANHE ASSISTINDO | 🌟 REESTOQUE DIA 10 ou 16 às 18h | !loja !points !prime !sub,"['Português', 'Minecraft', 'RecompensasEspetadores']",[],False
64,2025-04-04 12:02,iBlusa,pt,That's Not My Neighbor,[+18] [PT-BR/ESP] Sextou !!,"['Brasil', 'Português', 'español', 'kpop', 'LGBT', 'ValíriaRoleplay', 'valiriabeta']",[],False
64,2025-04-04 12:02,mihzavati,pt,The Texas Chain Saw Massacre,bora jogar um pouco né,['Português'],['MatureGame'],False
64,2025-04-04 12:02,LoboDeBotas,pt,Palworld,Contagem de pals.,"['Português', 'vtuber', 'VtuberBR', 'LGBT', 'rogelike']",[],False
65,2025-04-04 12:09,Pedro017Yt,pt,Fortnite,🍉!DROPS ON - GRÁTIS EMOTE HOJE 🔥 RESGATE ITENS ASSISTINDO A LIVE (❗loja) 🍉!PIX 🍉,"['Português', 'Fortnite', 'Jogandocomespectadores', 'DropsEnable', 'DropsAtivados']",[],False
65,2025-04-04 12:09,MegeraBruna,pt,VALORANT,Vamo passar raiva? [+18] / !discord / !elo / !regras / !pix / !instagram/ !nick/ !Sorteio/ !clip/ !Sr /  !subathon,"['Português', 'valorant', 'gamergirl', 'fps', 'gamer']",[],False
65,2025-04-04 12:09,BrunoBalloni,pt,Counter-Strike,🔴RERUN!!!-> ❗csgocases ❗regraloja❗farm ❗sub ❗msg ❗loja,"['Português', 'fps', 'Brasil', 'counterstrike', 'cs', 'cs2', 'brazil']",['MatureGame'],False
65,2025-04-04 12:10,miguelitodoarrocha,pt,EA Sports FC 25,💥vamos tenta classificar para a wl agora !! bem vindos a live do Miguelito,"['Português', 'Portugal', 'Competitivo', 'resenha', 'Resenhando', 'ultimateteam', 'fifa', 'EAFC', 'eafc25', 'eafcsports']",[],False
65,2025-04-04 12:10,aatonz,pt,Fortnite,!!🟢🟡DROPS ON🟡🟢!! EMOTE DE CARRO FORTE!! Ou ganha a partida ou fica forte ! cada morte um !set de exercícios!VAMOKERE!!! BOM DIA!!,"['casual', 'engraçado', 'pirata', 'English', 'Português', 'Yoda', 'Gaules', 'giveaway', 'alanzoka', 'DropsAtivados']",[],False
65,2025-04-04 12:10,ZAKl1k,pt,Minecraft,🟢 MINECRAFT | ⭐ GANHE ASSISTINDO | 🌟 REESTOQUE DIA 10 ou 16 às 18h | !loja !points !prime !sub,"['Português', 'Minecraft', 'RecompensasEspetadores']",[],False
65,2025-04-04 12:10,TioPedroJoga,pt,EA Sports FC 25,"DIA DE GUERRA NA COPA DOS STREAMERS, PROMOÇÃO IMORTAIS, MATA-MATA E MUITO MAIS !horario !cliente !coins !camiseta",['Português'],[],False
65,2025-04-04 12:10,vilela022,pt,EA Sports FC 25,"!wlcliente - COPA DOS STREAMERS VS PAIVINHA, EVENTO NOVO E HYPE DAS 14HS! - !grupo","['Português', 'Futebol', 'EAFC']",[],False
65,2025-04-04 12:10,LuKinas,pt,Call of Duty: Warzone,SUBATHON da SORTE em VERDANSK 🍀 | !evzen | @LuKinas,"['Português', 'DropsAtivados']",['MatureGame'],False
66,2025-04-04 12:17,Pedro017Yt,pt,Fortnite,🍉!DROPS ON - GRÁTIS EMOTE HOJE 🔥 RESGATE ITENS ASSISTINDO A LIVE (❗loja) 🍉!PIX 🍉,"['Português', 'Fortnite', 'Jogandocomespectadores', 'DropsEnable', 'DropsAtivados']",[],False
66,2025-04-04 12:17,MegeraBruna,pt,VALORANT,Vamo passar raiva? [+18] / !discord / !elo / !regras / !pix / !instagram/ !nick/ !Sorteio/ !clip/ !Sr /  !subathon,"['Português', 'valorant', 'gamergirl', 'fps', 'gamer']",[],False
66,2025-04-04 12:17,miguelitodoarrocha,pt,EA Sports FC 25,💥vamos tenta classificar para a wl agora !! bem vindos a live do Miguelito,"['Português', 'Portugal', 'Competitivo', 'resenha', 'Resenhando', 'ultimateteam', 'fifa', 'EAFC', 'eafc25', 'eafcsports']",[],False
66,2025-04-04 12:17,BrunoBalloni,pt,Counter-Strike,🔴RERUN!!!-> ❗csgocases ❗regraloja❗farm ❗sub ❗msg ❗loja,"['Português', 'fps', 'Brasil', 'counterstrike', 'cs', 'cs2', 'brazil']",['MatureGame'],False
66,2025-04-04 12:17,aatonz,pt,Fortnite,!!🟢🟡DROPS ON🟡🟢!! EMOTE DE CARRO FORTE!! Ou ganha a partida ou fica forte ! cada morte um !set de exercícios!VAMOKERE!!! BOM DIA!!,"['casual', 'engraçado', 'pirata', 'English', 'Português', 'Yoda', 'Gaules', 'giveaway', 'alanzoka', 'DropsAtivados']",[],False
66,2025-04-04 12:17,ZAKl1k,pt,Minecraft,🟢 MINECRAFT | ⭐ GANHE ASSISTINDO | 🌟 REESTOQUE DIA 10 ou 16 às 18h | !loja !points !prime !sub,"['Português', 'Minecraft', 'RecompensasEspetadores']",[],False
66,2025-04-04 12:17,HipperBT,pt,Minecraft,SEXTOU COM OS VILÃO❗️pix❗️donate❗️dc ❗️drop,"['Português', 'RecompensasEspetadores']",[],False
66,2025-04-04 12:17,Guinas,pt,Phasmophobia,● 695 -> SUBATHON DIA 3: METAS NOVAS!!! -> !PIX !SUBATHON,['Português'],['MatureGame'],False
66,2025-04-04 12:17,Vitor_jbs,pt,Minecraft,SEXTOU BB's COLA QUE HOJE VAI SER BOM  |❗pix ❗dc ❗comandos,"['Português', 'minecraft', 'mine', 'pvp', 'bedwars', 'mush', 'mushmc', 'RecompensasEspetadores']",[],False
67,2025-04-04 12:26,Pedro017Yt,pt,Fortnite,🍉!DROPS ON - GRÁTIS EMOTE HOJE 🔥 RESGATE ITENS ASSISTINDO A LIVE (❗loja) 🍉!PIX 🍉,"['Português', 'Fortnite', 'Jogandocomespectadores', 'DropsEnable', 'DropsAtivados']",[],False
67,2025-04-04 12:26,miguelitodoarrocha,pt,EA Sports FC 25,💥vamos tenta classificar para a wl agora !! bem vindos a live do Miguelito,"['Português', 'Portugal', 'Competitivo', 'resenha', 'Resenhando', 'ultimateteam', 'fifa', 'EAFC', 'eafc25', 'eafcsports']",[],False
67,2025-04-04 12:26,MegeraBruna,pt,VALORANT,Vamo passar raiva? [+18] / !discord / !elo / !regras / !pix / !instagram/ !nick/ !Sorteio/ !clip/ !Sr /  !subathon,"['Português', 'valorant', 'gamergirl', 'fps', 'gamer']",[],False
67,2025-04-04 12:26,BrunoBalloni,pt,Counter-Strike,🔴RERUN!!!-> ❗csgocases ❗regraloja❗farm ❗sub ❗msg ❗loja,"['Português', 'fps', 'Brasil', 'counterstrike', 'cs', 'cs2', 'brazil']",['MatureGame'],False
67,2025-04-04 12:26,ZAKl1k,pt,Minecraft,🟢 MINECRAFT | ⭐ GANHE ASSISTINDO | 🌟 REESTOQUE DIA 10 ou 16 às 18h | !loja !points !prime !sub,"['Português', 'Minecraft', 'RecompensasEspetadores']",[],False
67,2025-04-04 12:26,aatonz,pt,Fortnite,!!🟢🟡DROPS ON🟡🟢!! EMOTE DE CARRO FORTE!! Ou ganha a partida ou fica forte ! cada morte um !set de exercícios!VAMOKERE!!! BOM DIA!!,"['casual', 'engraçado', 'pirata', 'English', 'Português', 'Yoda', 'Gaules', 'giveaway', 'alanzoka', 'DropsAtivados']",[],False
67,2025-04-04 12:27,剎藍,zh,Teamfight Tactics,【剎藍】4/4 卡普空在搞 /圖奇千追努力中! 請順手追隨可憐剎剎/掛台記得開5%音量喔,"['多人同樂', '台V', 'VTuber', '正太', '台灣', '觀眾同樂', '博弈', '中文', '喝水型實況主', 'trickortreat']",[],False
67,2025-04-04 12:27,七音教主,zh,Mahjong Soul,新手食物學打麻將,"['中文', '聊天', 'Vtuber', '海天使', '雜談']",[],False
67,2025-04-04 12:27,藍貓主人,zh,Monster Hunter Wilds,4/4  挺忙的•ʚ•  /衝刺150訂閱! 開啟表情格!  @blue17_cat /    感謝揪團:,"['中文', '聊天', 'INFJ']",[],False
