ID,Data,channel_name,language,last_game_name,stream_title,stream_tags,classification_labels,is_branded_content
0,2025-03-20 19:21,Joe_Bartolozzi,en,Just Chatting,REACT THURSDAY?!?! JOIN JOIN JOIN,['English'],[],False
0,2025-03-20 19:22,HasanAbi,en,Just Chatting,IN VEGAS! BERNIE+AOC INTERVIEW / RALLY!  DEPT OF EDUCATION MIGHT GET DESTROYED?!?,"['news', 'politics', 'adhd', 'English', 'GamerRage']",['DebatedSocialIssuesAndPolitics'],False
0,2025-03-20 19:22,AussieAntics,en,Fortnite,PETE'S TRIO SPLITTING? - WATCHING FNCS TRIO CASH CUP,['English'],[],False
0,2025-03-20 19:22,Zentreya,en,Human: Fall Flat,COLLAB TIME w/ @HarukaKaribu @HeavenlyFather @Meicha @BeepersVT @Baddaboom_ + WESTERN OUTFIT | !gs !plushie !merch !viteramen | #VSHOJO,"['GoodMusicTaste', 'gamer', 'VSHOJO', 'music', 'PositiveVibes', 'ENVtuber', 'ForkliftCertified', 'Vtuber', 'Mindbreak', 'vtuber']",[],True
0,2025-03-20 19:22,jasontheween,en,Just Chatting,🔴NETFLIX STAR🔴INSIDE SLEEPOVER PLANNING w/PK HUMBLE🔴EPICNESS AND AWESOMENESS🔴!vod !socials,['English'],[],False
0,2025-03-20 19:22,FroggerOW,en,Overwatch 2,[DROPS ON!] I LOVE OVERWATCH SO MUCH ^_^,"['Australian', 'English', 'DropsEnabled']",[],False
0,2025-03-20 19:22,BunkerGamerMx,es,Overwatch 2,JUEVEVES | VALENTINA GILABERT SALE A HABLAR | TODOS VS SHEINBAUM | EL CLIMA | MONTERREY CONTINUA EMPAPNIZADO | OW Y MUCHO MAS,"['Español', 'Army', 'Swiftie', '420friendly', 'prietofriendly', 'overwatchstreamer', 'ageofmythologygameplay', 'PodcastStreamer', 'DropsActivados']",['ProfanityVulgarity'],False
0,2025-03-20 19:22,umaritooo,es,Overwatch 2,jugando con los panas overwacho !drops,"['Chile', 'TDAH', 'Mujer', 'kpop', 'Español', 'gaming', 'Latino', 'drops', 'DropsActivados']",[],False
0,2025-03-20 19:22,ElPekeTonyTTV,es,Minecraft,CONSTRUIMOS UN RING DE PELEAS🖤MINECRAFT CON SEGUIDORES🔥TÚ ELIGES LA MÚSICA 🔥!musica !sorteo !redes !clip🔥,"['Español', 'chill', 'casual', 'gaming', 'minecraft', 'musica', 'charla', 'pokemon', 'pixelmon', 'Recompensasdeespectador']",[],False
1,2025-03-20 19:30,Joe_Bartolozzi,en,Just Chatting,REACT THURSDAY?!?! JOIN JOIN JOIN,['English'],[],False
1,2025-03-20 19:30,HasanAbi,en,Just Chatting,IN VEGAS! BERNIE+AOC INTERVIEW / RALLY!  DEPT OF EDUCATION MIGHT GET DESTROYED?!?,"['news', 'politics', 'adhd', 'English', 'GamerRage']",['DebatedSocialIssuesAndPolitics'],False
1,2025-03-20 19:30,AussieAntics,en,Fortnite,PETE'S TRIO SPLITTING? - WATCHING FNCS TRIO CASH CUP,['English'],[],False
1,2025-03-20 19:30,Zentreya,en,Human: Fall Flat,COLLAB TIME w/ @HarukaKaribu @HeavenlyFather @Meicha @BeepersVT @Baddaboom_ + WESTERN OUTFIT | !gs !plushie !merch !viteramen | #VSHOJO,"['GoodMusicTaste', 'gamer', 'VSHOJO', 'music', 'PositiveVibes', 'ENVtuber', 'ForkliftCertified', 'Vtuber', 'Mindbreak', 'vtuber']",[],True
1,2025-03-20 19:30,jasontheween,en,Just Chatting,🔴NETFLIX STAR🔴INSIDE SLEEPOVER PLANNING w/PK HUMBLE🔴EPICNESS AND AWESOMENESS🔴!vod !socials,['English'],[],False
1,2025-03-20 19:30,FroggerOW,en,Overwatch 2,[DROPS ON!] I LOVE OVERWATCH SO MUCH ^_^,"['Australian', 'English', 'DropsEnabled']",[],False
1,2025-03-20 19:30,Saggi_us,es,World of Warcraft,CLASSIC WOW ROGUE 1 TO INMORTAL | G4NG_US🃏| !dc !ig !yt !tt !tw,"['Español', 'MMORPG', 'roleplayer', 'English', 'DropsActivados']",[],False
1,2025-03-20 19:30,Lozaanoo_,es,Grand Theft Auto V,Pues ya he llegao❗redes ❗cofres ❗horario,"['Español', 'España', 'LATAM', 'marvel', 'chill', 'madrid', 'PC', 'Variedad', 'PequeñaGranComunidad', 'Español']",['MatureGame'],False
1,2025-03-20 19:30,dyrka9,ru,Just Chatting,"Реальный разговоры о важном, обсасываем вс1","['Русский', 'Умный', 'тупой', 'Игровой', 'Развлекательныйконтент', 'вайб', 'вайбовыйстрим']",[],False
2,2025-03-20 19:38,HasanAbi,en,Just Chatting,IN VEGAS! BERNIE+AOC INTERVIEW / RALLY!  DEPT OF EDUCATION MIGHT GET DESTROYED?!?,"['news', 'politics', 'adhd', 'English', 'GamerRage']",['DebatedSocialIssuesAndPolitics'],False
2,2025-03-20 19:38,jasontheween,en,Just Chatting,🔴NETFLIX STAR🔴INSIDE SLEEPOVER PLANNING w/PK HUMBLE🔴EPICNESS AND AWESOMENESS🔴!vod !socials,['English'],[],False
2,2025-03-20 19:38,Adapt,en,Just Chatting,🔴 IRL DRIVING MY GOLF CART 🔴 VIBES 🔴 GTA IRL 🔴,"['English', 'FaZe', 'FaZeClan']",[],False
2,2025-03-20 19:38,Clix,en,Fortnite,🏆 GIVING AWAY CLIX ICON BUNDLES | WINNING FNCS DIV 1 CUP | NEW CLIX TYCOON MAP | OMG MASSIVE DAY 🏆,['English'],[],False
2,2025-03-20 19:38,summit1g,en,PUBG: BATTLEGROUNDS,pubg chillin @summit1g !starforge @starforgesystems,['English'],[],True
2,2025-03-20 19:38,Grubby,en,Warcraft III,"In this situation, every head must bow, every tongue must confess, this is the greatest game of all time - Q&A review show me ur w3c replays",['English'],[],False
2,2025-03-20 19:38,Smartiekid1984,en,Minecraft,LEGO Done now for some Techopolopolopolopolis 3 Continued. Again. Again.,"['casual', 'brickbuilding', 'English', 'ViewerRewards']",[],False
2,2025-03-20 19:38,Thistledroyd,en,Train Simulator Classic,KONICHIWA!!!!   Thursday Train Time!!!!,['English'],[],False
2,2025-03-20 19:39,MrTerminat0r,en,Fortnite,Batting Practice with Mrterminat0r- Elimination Edition!,"['English', 'funandjustchill', 'funnymoments', 'goodvibes', 'playswithsubs', 'ZeroBuild']",[],False
3,2025-03-20 20:01,HasanAbi,en,Just Chatting,IN VEGAS! BERNIE+AOC INTERVIEW / RALLY!  DEPT OF EDUCATION MIGHT GET DESTROYED?!?,"['news', 'politics', 'adhd', 'English', 'GamerRage']",['DebatedSocialIssuesAndPolitics'],False
3,2025-03-20 20:01,TimTheTatman,en,Marvel Rivals,DROPS ON - fat,"['English', 'DropsEnabled']",[],False
3,2025-03-20 20:01,Clix,en,Fortnite,🏆 WINNING FNCS DIV 1 CUP | NEW CLIX TYCOON MAP !tycoon 🏆 !code,['English'],[],False
3,2025-03-20 20:01,MarvelRivals,en,Marvel Rivals,(REPLAY)Marvel Rivals Invitational 2025 NA Day 3 (UTC-5）,"['TPS', 'English', 'superhero', 'Shooter', '6v6', 'marvelrivals', 'Action', 'DropsEnabled']",[],False
3,2025-03-20 20:01,jasontheween,en,Just Chatting,🔴NETFLIX STAR🔴INSIDE SLEEPOVER PLANNING w/PK HUMBLE🔴EPICNESS AND AWESOMENESS🔴!vod !socials,['English'],[],False
3,2025-03-20 20:01,mclaratvs,en,Counter-Strike,GAME PLAY CSZIN,['English'],['MatureGame'],False
3,2025-03-20 20:01,SakuraaaGaming,en,Animal Crossing: New Horizons,61X TREASURE ISLANDS! | 26 SUB ISLANDS! | ALL ITEMS! | !commands !rules !map !dodo !maxbells !order !find !sub !discord,"['TreasureIslands', 'TreasureIsland', 'FamilyFriendly', 'Free', 'English']",[],False
3,2025-03-20 20:01,jimmywhetzel,en,Animal Crossing: New Horizons,NEW HORIZONS TURNS 5 TODAY 👴 !clip,"['Annoying', '500IQ', 'Muscle', '18andUpOnlyPlz', 'wellyes', 'LadyGaga', 'English']",[],False
3,2025-03-20 20:01,Larongjebok,en,Animal Crossing: New Horizons,📌24/7 STREAM WITH 21x ANIMAL CROSSING TREASURE ISLANDS AVAILABLE📌,"['animalcrossing', 'newhorizons', 'treasureislands', 'English']",[],False
4,2025-03-20 20:08,HasanAbi,en,Just Chatting,IN VEGAS! BERNIE+AOC INTERVIEW / RALLY!  DEPT OF EDUCATION MIGHT GET DESTROYED?!?,"['news', 'politics', 'adhd', 'English', 'GamerRage']",['DebatedSocialIssuesAndPolitics'],False
4,2025-03-20 20:08,jasontheween,en,Just Chatting,🔴NETFLIX STAR🔴INSIDE SLEEPOVER PLANNING w/PK HUMBLE🔴EPICNESS AND AWESOMENESS🔴!vod !socials,['English'],[],False
4,2025-03-20 20:08,funnymike,en,IRL,⭐️IRL STREAM DAY IN THE LIFE OF FUNNYMIKE⭐️DONT WANNA MISS THIS⭐️THANKS FOR 100K FOLLOWER⭐️DAY 10,"['English', 'HAG']",['ProfanityVulgarity'],False
4,2025-03-20 20:08,xQc,en,Just Chatting,🛑LIVE🛑CLICK🛑LIVE🛑DRAMA🛑VIDEOS🛑GAMES🛑STUFF🛑REACT🛑IDK🛑T349879587🛑59875048390345HF🛑0598540698340568🛑09806🛑565477767643252345🛑,"['English', 'vtuber', 'depression', 'adhd', 'psychosis', 'xqc', 'femboy', 'anime', 'reaction', 'IRL']",[],False
4,2025-03-20 20:08,Clix,en,Fortnite,🏆 WINNING FNCS DIV 1 CUP | NEW CLIX TYCOON MAP !tycoon 🏆 !code,['English'],[],False
4,2025-03-20 20:08,Adapt,en,Just Chatting,🔴 IRL DRIVING MY GOLF CART 🔴 VIBES 🔴 GTA IRL 🔴,"['English', 'FaZe', 'FaZeClan']",[],False
4,2025-03-20 20:08,Rel_istic,en,Shin Megami Tensei V: Vengeance,SMTV: vengeance (Hard Mode) how my demons look?,"['black', 'chill', 'jrpg', 'English']",['MatureGame'],False
4,2025-03-20 20:09,zapsterrrr,en,Planet Coaster 2,tried out inzoi creative studio! now doing planet coaster!,"['Canada', 'LGBTQIAPlus', 'Gay', 'Girlboss', 'English', 'DropsEnabled']",[],False
4,2025-03-20 20:09,farrahrized,en,Just Chatting,[18+] Farrah Moan sits pretty for 3 hours,"['rpdr', 'English', 'LGBTQIAPlus', 'LGBT', 'ADHD', 'transgirl', 'Transgender', 'gamergirl', 'Trans', 'farrahmoan']",[],False
5,2025-03-20 20:17,HasanAbi,en,Just Chatting,IN VEGAS! BERNIE+AOC INTERVIEW / RALLY!  DEPT OF EDUCATION MIGHT GET DESTROYED?!?,"['news', 'politics', 'adhd', 'English', 'GamerRage']",['DebatedSocialIssuesAndPolitics'],False
5,2025-03-20 20:18,jasontheween,en,Just Chatting,🔴NETFLIX STAR🔴LONDON CHILLIN w/PK HUMBLE🔴EPICNESS AND AWESOMENESS🔴!vod !socials,['English'],[],False
5,2025-03-20 20:18,TeamLiquid,en,World of Warcraft,[REBROADCAST] Liquid RWF - Liberation of Undermine,"['English', 'WorldofWarcaft', 'DropsEnabled']",[],True
5,2025-03-20 20:18,TimTheTatman,en,Marvel Rivals,DROPS ON - fat,"['English', 'DropsEnabled']",[],False
5,2025-03-20 20:18,summit1g,en,PUBG: BATTLEGROUNDS,pubg chillin @summit1g !starforge @starforgesystems,['English'],[],True
5,2025-03-20 20:18,Clix,en,Fortnite,🏆 WINNING FNCS DIV 1 CUP | NEW CLIX TYCOON MAP !tycoon 🏆 !code,['English'],[],False
5,2025-03-20 20:18,osakabean,en,Art,March Paint-a-thon Day 13! OH HECK I'M LATE | Art Stream | Chill Vibes,"['DnD', 'Cozy', 'Vtuber', 'Redpanda', 'InclusiveCommunity', 'ChillVibes', 'ConfettiBrains', 'LGBTQIAFriendly', 'artstream', 'Bisexual']",[],False
5,2025-03-20 20:18,Grimreaper1800,en,Overcooked! All You Can Eat,W AIM BEATS OVERCOOKED 2 OR CRIES TRYING @calliebob @fufewaxe NEW GIVEAWAY 🩸🖤SUB INCENTIVES 🖤🤞🏽🩸FULL TIME STREAMER🖤🤞🏽🩸,"['WAimSquad', 'Networking', 'fulltimestreamer', 'Yapper', 'LurkersWelcome', 'facecamstreamer', 'VarietyStreamer', 'English', 'giveaway', 'Charity']","['ProfanityVulgarity', 'ViolentGraphic']",False
5,2025-03-20 20:18,CornerQueenOwl,en,Fields of Mistria,Chill Vibes - Smol Brain Owl Night,"['Vtuber', 'English', '18plus', 'GremlinEnergy', 'Mature']",[],False
6,2025-03-21 00:01,ELninzo,en,ROBLOX,"DUNGEON QUEST: ITS OFFICIAL, I NEED NEW MOUSE AND KEYBOARD! NOLIFE GRIND NEEDS TO KEEP GOING! !discord !NOLIFE !COL !onesie","['Svenska', 'English', 'gaming']",[],False
6,2025-03-21 00:01,santicokun,es,Just Chatting,Reaccionando a tiktoks riko riko,"['Español', 'Santi', 'Nabi', 'NabixSanti', 'Tiktok', 'ElSanti', 'SANTICO']",[],False
6,2025-03-21 00:01,Luisardito,es,Games + Demos,🙉HOY ES 20 DE MARZO🙉ESTE 20 DE MARZO MERECE 2 PULGARES 👍👍,['Español'],['MatureGame'],False
6,2025-03-21 00:01,Fanum,en,Just Chatting,fanum 🧪,"['AMP', 'oversized', 'D10', 'fanumtax', 'Español', 'English', 'ADHD', 'ADD', 'gamer']",[],False
6,2025-03-21 00:01,MrHugo,es,Minecraft,DROPS | CAPA ESPECIAL DE PELICULA DE MINECRAFT | VER DIRECTO 3 MINUTOS! | !drops,"['Español', 'minecraft', 'MINECRAFT', 'drops', 'Recompensasdeespectador']",[],False
6,2025-03-21 00:01,Meica05,es,Marvel Rivals,🟢  【ES/JP】 Practicando para el torneo de Marvel Rivals!,"['VtuberES', 'Vtuber', 'VtuberJP', 'Meica', 'Japanese日本語', 'japonés', 'Español', 'CharlaLibre', '日本語', 'DropsActivados']",[],False
6,2025-03-21 00:01,maxzheng17,en,Just Chatting,ROAD TO 1000 FOLLOWERS // DEBFRIEF // CHILL STREAM? // KARAOKE,"['English', 'IRLlivestream', 'Asian', 'AsianStreamer', 'asianguy', 'hangout', 'karaoke', 'AsianGamer', 'IRL', 'music']",[],False
6,2025-03-21 00:01,Craftshaft33,en,VALORANT,WAH WAH,"['shooter', 'chaos', 'men', 'masculine', 'funny', 'feminine', 'competitive', 'coop', 'comedy', 'women']",[],False
6,2025-03-21 00:01,のこと申します,ja,VALORANT,【初見さん〇雑談〇】 クローヴotp雑談コンペinイモ3,"['雑談', '古参歓迎', '初見さん〇', 'クローヴOTP', '日本語']",[],False
7,2025-03-21 00:10,ELninzo,en,ROBLOX,"DUNGEON QUEST: ITS OFFICIAL, I NEED NEW MOUSE AND KEYBOARD! NOLIFE GRIND NEEDS TO KEEP GOING! !discord !NOLIFE !COL !onesie","['Svenska', 'English', 'gaming']",[],False
7,2025-03-21 00:10,santicokun,es,Just Chatting,Reaccionando a tiktoks riko riko,"['Español', 'Santi', 'Nabi', 'NabixSanti', 'Tiktok', 'ElSanti', 'SANTICO']",[],False
7,2025-03-21 00:10,Luisardito,es,Games + Demos,🙉HOY ES 20 DE MARZO🙉ESTE 20 DE MARZO MERECE 2 PULGARES 👍👍,['Español'],['MatureGame'],False
7,2025-03-21 00:10,Kenji,en,Just Chatting,CHILLING THEN REACT! JOIN DISCORD TO RECOMMEND !DISCORD,"['Kenji', 'Vtuber', 'English']",[],False
7,2025-03-21 00:10,Fanum,en,Just Chatting,fanum 🧪,"['AMP', 'oversized', 'D10', 'fanumtax', 'Español', 'English', 'ADHD', 'ADD', 'gamer']",[],False
7,2025-03-21 00:10,MrHugo,es,Minecraft,DROPS | CAPA ESPECIAL DE PELICULA DE MINECRAFT | VER DIRECTO 3 MINUTOS! | !drops,"['Español', 'minecraft', 'MINECRAFT', 'drops', 'Recompensasdeespectador']",[],False
7,2025-03-21 00:10,Josmar_133,es,Minecraft,"🟥SOBREVIVIENDO A UN APOCALIPSIS ZOMBIE MINECRAFT , UNETE💀","['esp', 'espanol', 'seguidores', 'chat', 'server', 'minecraft', 'Español', 'Recompensasdeespectador']",[],False
7,2025-03-21 00:10,crayne1,es,ROBLOX,SALUDAME SOY NUEVO,"['Español', 'robux', 'bloxfruits']",[],False
7,2025-03-21 00:10,Froxday810,es,Just Chatting,✈️🧉 PORQUE HACE CALOR EN MARZO? CHARLAMOS y CAPAZ JUEGO RANDOM!🧉👘 | FROXDAY810,['Español'],[],False
8,2025-03-21 00:19,ELninzo,en,ROBLOX,"DUNGEON QUEST: ITS OFFICIAL, I NEED NEW MOUSE AND KEYBOARD! NOLIFE GRIND NEEDS TO KEEP GOING! !discord !NOLIFE !COL !onesie","['Svenska', 'English', 'gaming']",[],False
8,2025-03-21 00:19,santicokun,es,Just Chatting,Reaccionando a tiktoks riko riko,"['Español', 'Santi', 'Nabi', 'NabixSanti', 'Tiktok', 'ElSanti', 'SANTICO']",[],False
8,2025-03-21 00:19,Luisardito,es,Games + Demos,🙉HOY ES 20 DE MARZO🙉ESTE 20 DE MARZO MERECE 2 PULGARES 👍👍,['Español'],['MatureGame'],False
8,2025-03-21 00:19,Kenji,en,Just Chatting,CHILLING THEN REACT! JOIN DISCORD TO RECOMMEND !DISCORD,"['Kenji', 'Vtuber', 'English']",[],False
8,2025-03-21 00:20,Fanum,en,Just Chatting,fanum 🧪,"['AMP', 'oversized', 'D10', 'fanumtax', 'Español', 'English', 'ADHD', 'ADD', 'gamer']",[],False
8,2025-03-21 00:20,MrHugo,es,Minecraft,DROPS | CAPA ESPECIAL DE PELICULA DE MINECRAFT | VER DIRECTO 3 MINUTOS! | !drops,"['Español', 'minecraft', 'MINECRAFT', 'drops', 'Recompensasdeespectador']",[],False
8,2025-03-21 00:20,Josmar_133,es,Minecraft,"🟥SOBREVIVIENDO A UN APOCALIPSIS ZOMBIE MINECRAFT , UNETE💀","['esp', 'espanol', 'seguidores', 'chat', 'server', 'minecraft', 'Español', 'Recompensasdeespectador']",[],False
8,2025-03-21 00:20,MugiwaraNoRen,es,Brawl Stars,STREAM hecho DIFERENTE 🥵🙏 | BODRIOSTARS🔥,"['Español', 'brawlstars', 'poto', 'POTOLOVERS', 'hechodiferente', 'game', 'gaming']",[],False
8,2025-03-21 00:20,dastrogg,es,Fears to Fathom: Ironbark Lookout,👋 ¡JUGANDO CON SEGUIDORES! ❤️ | @dastrogg | 📢 !redes !cofres,"['Español', 'Dastro', 'minecraft', 'jugandoconseguidores', 'méxico', 'servidordeminecraft', 'espectadores', 'MinecraftEnEspañol', 'jugarconseguidores', 'Roblox']",[],False
9,2025-03-21 04:01,TheSlayKay,en,Minecraft,✨ Happy first day of Spring!!! ✨good vibes only ✨Hope your day was as fabulous as you are ✨,"['ENGLISH', 'DISCORD', 'egirl', 'primesub', 'emotes', 'subgoal', 'followgoal', 'pathtopartner', 'chat', 'ADHD']",[],False
9,2025-03-21 04:01,6Cyx,en,Overwatch 2,[DROPS] COMPETITIVE 6V6 WOOHOO !6v6,"['English', 'DropsEnabled']",[],False
9,2025-03-21 04:01,demolitiondaisy,en,Art,SLEEPY OVERNIGHT DRAWPILE ➽➽ ✨BUBBATHON NIGHT 6!,"['Cozy', 'Woman', 'wholesome', 'Neurodivergent', 'LGBTQIAPIus', 'Chaotic', 'subathon', 'drawpile', 'DrawingStream', 'PlayingWithViewers']",[],False
9,2025-03-21 04:01,LeooKnightus,en,Minecraft,[CAPE] Just Mining on play.blossomcraft.org,"['Minecraft', 'BlossomCraft', 'English', 'drops', 'Variety', 'SMP', 'ViewerRewards']",[],True
9,2025-03-21 04:01,Jerma985,en,Chrono Trigger,"Cars, Laundry, Chrono, typical Thursday","['English', 'Retired', 'ExtrovertedIntrovert', 'BroadcastArc']",[],False
9,2025-03-21 04:01,vulture_ow,en,Overwatch 2,[!DROPS] 6V6ING?? - LEVEL 433 JUNKRAT RUNS IT DOWN !discord !onion !newvid,"['English', 'Competitive', 'fps', 'junkrat', 'SewerRat', 'overwatch', 'hashtagawesome', 'DropsEnabled']",[],False
9,2025-03-21 04:01,eljosecilloo,es,Pacify,Se me sube el muerto en el Pacify. 👹👻👽😱,['Español'],[],False
9,2025-03-21 04:01,DarckMx1,es,Grand Theft Auto V,Día 79 Y Los Mod's No Ponen Título 🫠,"['GTA5Onlline', 'ActividadesGTA5', 'Jugandoaconamigos', 'playstation4', 'PequeñaGranComunidad', 'streamerpequeño', 'momentosdivertidos', 'EspañolLatinoamerica', 'Español', 'PS4']",['MatureGame'],True
9,2025-03-21 04:01,kokaagames,es,Grand Theft Auto V,Dominico Toreka - CHAPIN RP,"['gtaonline', 'GTAⅤ', 'gtaroleplay', 'Español']",['MatureGame'],False
10,2025-03-21 04:09,demolitiondaisy,en,Art,SLEEPY OVERNIGHT DRAWPILE ➽➽ ✨BUBBATHON NIGHT 6!,"['Cozy', 'Woman', 'wholesome', 'Neurodivergent', 'LGBTQIAPIus', 'Chaotic', 'subathon', 'drawpile', 'DrawingStream', 'PlayingWithViewers']",[],False
10,2025-03-21 04:09,LeooKnightus,en,Minecraft,[CAPE] Just Mining on play.blossomcraft.org,"['Minecraft', 'BlossomCraft', 'English', 'drops', 'Variety', 'SMP', 'ViewerRewards']",[],True
10,2025-03-21 04:09,TheSlayKay,en,Minecraft,✨ Happy first day of Spring!!! ✨good vibes only ✨Hope your day was as fabulous as you are ✨,"['ENGLISH', 'DISCORD', 'egirl', 'primesub', 'emotes', 'subgoal', 'followgoal', 'pathtopartner', 'chat', 'ADHD']",[],False
10,2025-03-21 04:09,MrHugo,es,Minecraft,DROPS | CAPA ESPECIAL DE PELICULA DE MINECRAFT | VER DIRECTO 3 MINUTOS! | !drops,"['Español', 'minecraft', 'MINECRAFT', 'drops', 'Recompensasdeespectador']",[],False
10,2025-03-21 04:09,OccultAndee,en,Overwatch 2,🌈 drops 🌈 mfw all of the girls are girling 💅✨,"['meow', 'slay', 'fishnetfreyas', 'darksouls2', '420', 'widowmaker', 'girl', 'squishmallows', 'drops', 'English']",[],False
10,2025-03-21 04:10,vulture_ow,en,Overwatch 2,[!DROPS] 6V6ING?? - LEVEL 433 JUNKRAT RUNS IT DOWN !discord !onion !newvid,"['English', 'Competitive', 'fps', 'junkrat', 'SewerRat', 'overwatch', 'hashtagawesome', 'DropsEnabled']",[],False
10,2025-03-21 04:10,sydabean,en,R.E.P.O.,HEADPHONE WARNING | flying firrrrst claaaass ~up in the sky~,"['chat', 'english', 'newzealand', 'varietystreamer', 'adhd', 'mature', 'fergie', 'English']",[],False
10,2025-03-21 04:10,avian_xo,en,Call of Duty: Black Ops 6,"(18+) MP ranked, how's my aim today? | !commands","['canadian', 'facecam', 'valorant', 'drunk', 'English', 'Canada', 'Unhinged']",['MatureGame'],False
10,2025-03-21 04:10,AddyAddyO,en,Art,EMOTE THURSDAY!!,"['cozy', 'PoopCoven', 'GraphicDesign', 'EmoteArtist', '18plus', 'Emotes', 'CozyNDA', 'English']","['ProfanityVulgarity', 'SexualThemes']",False
11,2025-03-21 04:18,KarQ,en,Marvel Rivals,[DROPS ENABLED] LOKI ranked gaming.,"['English', 'DropsEnabled']",[],False
11,2025-03-21 04:18,TheSlayKay,en,Minecraft,✨ Happy first day of Spring!!! ✨good vibes only ✨Hope your day was as fabulous as you are ✨,"['ENGLISH', 'DISCORD', 'egirl', 'primesub', 'emotes', 'subgoal', 'followgoal', 'pathtopartner', 'chat', 'ADHD']",[],False
11,2025-03-21 04:18,demolitiondaisy,en,Art,SLEEPY OVERNIGHT DRAWPILE ➽➽ ✨BUBBATHON NIGHT 6!,"['Cozy', 'Woman', 'wholesome', 'Neurodivergent', 'LGBTQIAPIus', 'Chaotic', 'subathon', 'drawpile', 'DrawingStream', 'PlayingWithViewers']",[],False
11,2025-03-21 04:18,QTCinderella,en,The Sims 4,TWITCH TOWN STREAMER EDITION!!!!! | !deco !youtube !podcast,['English'],[],True
11,2025-03-21 04:18,TenZ,en,Kingdom Come: Deliverance II,EXCITING STUFF COMING SOON!!!,"['English', 'Anime', 'FPS']",['MatureGame'],False
11,2025-03-21 04:18,LeooKnightus,en,Minecraft,[CAPE] Just Mining on play.blossomcraft.org,"['Minecraft', 'BlossomCraft', 'English', 'drops', 'Variety', 'SMP', 'ViewerRewards']",[],True
11,2025-03-21 04:18,MauLZ03,es,Just Chatting,HOY SOLAMENTE REACCIONAMOS ASI QUE VENTE DE UNA,"['fc25', 'Español', 'EAFC', 'fifaultimateteam', 'eafc25ultimateteam', 'eafc25live', 'fc25divisionrivals', 'fc25Live']",[],False
11,2025-03-21 04:18,randyxito,es,R.E.P.O.,"ASI ES, YO SOY EL PAPA DEL BEBE DE LUPITA TIKTOK|| !discord !redes !club !redes","['Español', 'clubespro', 'eafc25', 'proclubs', 'Inglés', 'Español', 'marvelrivals']",[],False
11,2025-03-21 04:18,julioox99fc,es,EA Sports FC 25,ROMPIENDO CINTURITAS EN EL FC25 | FINAL DE TORNEO DE LA JULIONETA,"['Español', 'fc25', 'fifa25', 'fútbol', 'futbol']",[],False
12,2025-03-21 04:25,demolitiondaisy,en,Art,SLEEPY OVERNIGHT DRAWPILE ➽➽ ✨BUBBATHON NIGHT 6!,"['Cozy', 'Woman', 'wholesome', 'Neurodivergent', 'LGBTQIAPIus', 'Chaotic', 'subathon', 'drawpile', 'DrawingStream', 'PlayingWithViewers']",[],False
12,2025-03-21 04:26,LeooKnightus,en,Minecraft,[CAPE] Just Mining on play.blossomcraft.org,"['Minecraft', 'BlossomCraft', 'English', 'drops', 'Variety', 'SMP', 'ViewerRewards']",[],True
12,2025-03-21 04:26,TheSlayKay,en,Minecraft,✨ Happy first day of Spring!!! ✨good vibes only ✨Hope your day was as fabulous as you are ✨,"['ENGLISH', 'DISCORD', 'egirl', 'primesub', 'emotes', 'subgoal', 'followgoal', 'pathtopartner', 'chat', 'ADHD']",[],False
12,2025-03-21 04:26,Maximilian_DOOD,en,Monster Hunter Generations Ultimate,We've Ascended to G-RANK - Monster Hunter Generations Ultimate !PC (3-20),"['marvel', 'mortal', 'kombat', 'killerinstinct', 'capcom', 'finalfantasyvii', 'streetfighter', 'max', 'maximilian', 'dood']",[],False
12,2025-03-21 04:26,MrHugo,es,Minecraft,DROPS | CAPA ESPECIAL DE PELICULA DE MINECRAFT | VER DIRECTO 3 MINUTOS! | !drops,"['Español', 'minecraft', 'MINECRAFT', 'drops', 'Recompensasdeespectador']",[],False
12,2025-03-21 04:26,koko,en,Fortnite,[!drops] [oce/au] 💛 not ending stream till i reach unreal >:) 🔒 the game expo tomorrow! 🩷,"['Woman', 'OCE', 'DachshundMother', 'DogMum', 'Australian', 'LurkerFriendly', 'kokodownunder', 'CosyGaming', 'Variety', 'English']",[],False
12,2025-03-21 04:26,ovarianbarbarian30,en,FragPunk,Some more FRAG PUNK!  Happy Thursday everyone!! @craz3chick,"['chill', 'femalegamer', 'English', 'CanadianStreamer', 'chillstreamer', 'fragpunk', 'fragpunkgameplay', 'DropsEnabled']","['ProfanityVulgarity', 'SexualThemes', 'ViolentGraphic']",False
12,2025-03-21 04:26,OLLYROBZ,en,Get To Work,[18+ EN] 🛼 MAYBE the end of Get To Work!? (Wrongtown Simulator) 🛼 // !gaggl !tts !commands,"['British', 'LGBTQIAPlus', 'Gay', 'English', '18plus', 'Friendly', 'ADHD', 'Chatty', 'Comedy', 'ProductionValue']",[],False
12,2025-03-21 04:26,Wakeyyx,en,I'm Only Sleeping,[DROP]🔴4 YEAR STREAMING (I have partnered with Ubisoft to produce this content) | socials @Wakeyyx | !team #TheRatPack #ubisoftpartner #ad,"['Welcoming', 'Chatty', 'NoBackseating', 'Ratking', 'Fleshtuber', 'English', 'NoSpoilers']",['ProfanityVulgarity'],False
13,2025-03-21 04:34,demolitiondaisy,en,Art,SLEEPY OVERNIGHT DRAWPILE ➽➽ ✨BUBBATHON NIGHT 6!,"['Cozy', 'Woman', 'wholesome', 'Neurodivergent', 'LGBTQIAPIus', 'Chaotic', 'subathon', 'drawpile', 'DrawingStream', 'PlayingWithViewers']",[],False
13,2025-03-21 04:34,LeooKnightus,en,Minecraft,[CAPE] Just Mining on play.blossomcraft.org,"['Minecraft', 'BlossomCraft', 'English', 'drops', 'Variety', 'SMP', 'ViewerRewards']",[],True
13,2025-03-21 04:34,TheSlayKay,en,Minecraft,✨ Happy first day of Spring!!! ✨good vibes only ✨Hope your day was as fabulous as you are ✨,"['ENGLISH', 'DISCORD', 'egirl', 'primesub', 'emotes', 'subgoal', 'followgoal', 'pathtopartner', 'chat', 'ADHD']",[],False
13,2025-03-21 04:34,Maximilian_DOOD,en,Monster Hunter Generations Ultimate,We've Ascended to G-RANK - Monster Hunter Generations Ultimate !PC (3-20),"['marvel', 'mortal', 'kombat', 'killerinstinct', 'capcom', 'finalfantasyvii', 'streetfighter', 'max', 'maximilian', 'dood']",[],False
13,2025-03-21 04:34,MrHugo,es,Minecraft,DROPS | CAPA ESPECIAL DE PELICULA DE MINECRAFT | VER DIRECTO 3 MINUTOS! | !drops,"['Español', 'minecraft', 'MINECRAFT', 'drops', 'Recompensasdeespectador']",[],False
13,2025-03-21 04:34,koko,en,Fortnite,[!drops] [oce/au] 💛 not ending stream till i reach unreal >:) 🔒 the game expo tomorrow! 🩷,"['Woman', 'OCE', 'DachshundMother', 'DogMum', 'Australian', 'LurkerFriendly', 'kokodownunder', 'CosyGaming', 'Variety', 'English']",[],False
13,2025-03-21 04:34,BrunoBalloni,pt,Counter-Strike,🔴RERUN!!! -> ❗csgocases ❗farm ❗sub ❗msg ❗loja,"['Português', 'fps', 'Brasil', 'counterstrike', 'cs', 'cs2', 'brazil']",['MatureGame'],False
13,2025-03-21 04:34,caaioz,pt,Red Dead Redemption 2,!SUBATHON - DIA 0 - R$1 = 4Min | Sub = 7Min | 100Bits = 8Min,"['Português', 'cavanhaque', 'IRL', 'lindo', 'proplayer']",['MatureGame'],False
13,2025-03-21 04:34,Gerotto,pt,Counter-Strike,É O G NÉ VIDA !skinsvip,['Português'],['MatureGame'],False
14,2025-03-21 08:01,KD_KatieVT,en,Assassin's Creed Shadows,💙Destiny Calls: The Rise of an Assassin in Feudal Japan! 💙,"['Anime', 'English', 'ENVtuber', 'Vtuber', 'British', '18pluschannel', 'Variety', 'LGBT', 'FirstPlaythrough', 'DropsEnabled']",[],False
14,2025-03-21 08:01,demolitiondaisy,en,Art,SLEEPY OVERNIGHT DRAWPILE ➽➽ ✨BUBBATHON NIGHT 6!,"['Cozy', 'Woman', 'wholesome', 'Neurodivergent', 'LGBTQIAPIus', 'Chaotic', 'subathon', 'drawpile', 'DrawingStream', 'PlayingWithViewers']",[],False
14,2025-03-21 08:01,Putupau,es,Wuthering Waves,🔥 ESPECIAL PREVIA 2.2 WUTHERING WAVES 🔥 CANTARELAAA!! LA MOMMY DEFINITIVA!! SE VIENEN COSITAS! !Lootbar !Merch #WutheringWaves #WuwaRALLY,"['Español', 'Genshin', 'GenshinnImpact']",[],False
14,2025-03-21 08:01,Sonia3dith,es,Just Chatting,strim antes de irme a mimir :u,"['Español', 'justcchatting', 'manca', 'DIBUJANDOENVIVO', 'tareaenstream']",[],False
14,2025-03-21 08:01,Emongg,en,Overwatch 2,[!DROPS ENABLED] FREJA PLAYTEST TODAY   !gamersupps,"['English', 'DropsEnabled']",[],False
14,2025-03-21 08:01,vulture_ow,en,Overwatch 2,[!DROPS] 6V6ING?? - LEVEL 434 JUNKRAT RUNS IT DOWN !discord !onion !newvid,"['English', 'Competitive', 'fps', 'junkrat', 'SewerRat', 'overwatch', 'hashtagawesome', 'DropsEnabled']",[],False
14,2025-03-21 08:01,JohnFutUniverse,it,EA Sports FC 25,NUOVA PROMO SOGNATORI UEFA e GULLIT SBC STASERA + EVO e QUALIFICHE WL | !instagram !youtube,"['Italiano', 'fifa', 'esport', 'sport', 'gaming', 'trading']",[],False
14,2025-03-21 08:01,kinggm95_,it,EA Sports FC 25,!MBAPPE POTM & !GULLIT SBC IN ARRIVO + SUPER EVENTO ORE 19:00 @kinggm95_ !prime,"['PackOpening', 'KingGM95', 'Italiano', 'WeekendLeague', 'eafc25', 'futchamps', 'fc25', 'fc25gameplay', 'fifa']",[],False
14,2025-03-21 08:01,CapitanBarbanera,it,EA Sports FC 25,SCALATA RIVALS CON LE !TATTICHE SUPREME 🎂AVE ESPORTS🎂!KAZE🎂,"['Inglese', 'tutorial', 'EaSportsFC', 'Esports', 'fifa', 'Italiano']",[],False
15,2025-03-21 08:08,KD_KatieVT,en,Assassin's Creed Shadows,💙Destiny Calls: The Rise of an Assassin in Feudal Japan! 💙,"['Anime', 'English', 'ENVtuber', 'Vtuber', 'British', '18pluschannel', 'Variety', 'LGBT', 'FirstPlaythrough', 'DropsEnabled']",[],False
15,2025-03-21 08:08,demolitiondaisy,en,Art,SLEEPY OVERNIGHT DRAWPILE ➽➽ ✨BUBBATHON NIGHT 6!,"['Cozy', 'Woman', 'wholesome', 'Neurodivergent', 'LGBTQIAPIus', 'Chaotic', 'subathon', 'drawpile', 'DrawingStream', 'PlayingWithViewers']",[],False
15,2025-03-21 08:08,azulado_simplemente,es,Pokémon UNITE,💙¿Cuál es tu pokémon favorito?💙Ven a jugar💙,"['Español', 'Minecraft', 'Roblox', 'BrawlStars', 'English', 'Fortnite', 'latinoespañol', 'SpanishAndEnglish', 'Anime']",[],False
15,2025-03-21 08:09,Putupau,es,Wuthering Waves,🔥 ESPECIAL PREVIA 2.2 WUTHERING WAVES 🔥 CANTARELAAA!! LA MOMMY DEFINITIVA!! SE VIENEN COSITAS! !Lootbar !Merch #WutheringWaves #WuwaRALLY,"['Español', 'Genshin', 'GenshinnImpact']",[],False
15,2025-03-21 08:09,Emongg,en,Overwatch 2,[!DROPS ENABLED] FREJA PLAYTEST TODAY   !gamersupps,"['English', 'DropsEnabled']",[],False
15,2025-03-21 08:09,vulture_ow,en,Overwatch 2,[!DROPS] 6V6ING?? - LEVEL 434 JUNKRAT RUNS IT DOWN !discord !onion !newvid,"['English', 'Competitive', 'fps', 'junkrat', 'SewerRat', 'overwatch', 'hashtagawesome', 'DropsEnabled']",[],False
15,2025-03-21 08:09,福木とくわ,ja,Just Chatting,鳴潮生放送同時市長,"['日本語', '大陸版の話NG', 'ネダバレ注意']",[],False
15,2025-03-21 08:09,わにゃぷ,ja,Detroit: Become Human,絵描く,['日本語'],['MatureGame'],False
15,2025-03-21 08:09,ぴょむ,ja,A Game About Digging A Hole,【A Game About Digging A Hole】たまには犬らしく、ここ掘れわんわん,"['女性', '日本語', 'Japanese', 'Vtuber', 'Woman']",[],False
16,2025-03-21 08:18,KD_KatieVT,en,Assassin's Creed Shadows,💙Destiny Calls: The Rise of an Assassin in Feudal Japan! 💙,"['Anime', 'English', 'ENVtuber', 'Vtuber', 'British', '18pluschannel', 'Variety', 'LGBT', 'FirstPlaythrough', 'DropsEnabled']",[],False
16,2025-03-21 08:18,demolitiondaisy,en,Art,SLEEPY OVERNIGHT DRAWPILE ➽➽ ✨BUBBATHON NIGHT 6!,"['Cozy', 'Woman', 'wholesome', 'Neurodivergent', 'LGBTQIAPIus', 'Chaotic', 'subathon', 'drawpile', 'DrawingStream', 'PlayingWithViewers']",[],False
16,2025-03-21 08:18,azulado_simplemente,es,Pokémon UNITE,💙¿Cuál es tu pokémon favorito?💙Ven a jugar💙,"['Español', 'Minecraft', 'Roblox', 'BrawlStars', 'English', 'Fortnite', 'latinoespañol', 'SpanishAndEnglish', 'Anime']",[],False
16,2025-03-21 08:18,Putupau,es,Wuthering Waves,🔥 ESPECIAL PREVIA 2.2 WUTHERING WAVES 🔥 CANTARELAAA!! LA MOMMY DEFINITIVA!! SE VIENEN COSITAS! !Lootbar !Merch #WutheringWaves #WuwaRALLY,"['Español', 'Genshin', 'GenshinnImpact']",[],False
16,2025-03-21 08:18,Emongg,en,Overwatch 2,[!DROPS ENABLED] FREJA PLAYTEST TODAY   !gamersupps,"['English', 'DropsEnabled']",[],False
16,2025-03-21 08:18,vulture_ow,en,Overwatch 2,[!DROPS] 6V6ING?? - LEVEL 434 JUNKRAT RUNS IT DOWN !discord !newvid,"['English', 'Competitive', 'fps', 'junkrat', 'SewerRat', 'overwatch', 'hashtagawesome', 'DropsEnabled']",[],False
16,2025-03-21 08:18,412ちゃん,ja,VALORANT,【VALORANT】すごいねぇ！！！【配信191回目】,"['お絵描き', 'twitch初心者', 'VALORANT', '再配信', 'GarticPhone', 'HandSimulator', 'art', 'ストリートファイター6', '女性Vtuber', 'Vtuber準備中']",[],False
16,2025-03-21 08:19,PurpleGroundTTV,en,Fortnite,STREAM ENDS WHEN I WIN 3 GAMES IN A ROW,"['English', 'minecraft', 'PlayingwithViewers', 'imnotskeppy', 'subathon', 'meowformommy']",[],False
16,2025-03-21 08:19,Tubbo,en,Just Chatting,BOOTCAMP: Downtime - DAY 2 - TUBBATHON,"['English', 'tubtime', 'qsmp', 'TubNet', 'sussexgamer', 'subathon']",[],False
17,2025-03-21 08:25,KD_KatieVT,en,Assassin's Creed Shadows,💙Destiny Calls: The Rise of an Assassin in Feudal Japan! 💙,"['Anime', 'English', 'ENVtuber', 'Vtuber', 'British', '18pluschannel', 'Variety', 'LGBT', 'FirstPlaythrough', 'DropsEnabled']",[],False
17,2025-03-21 08:25,demolitiondaisy,en,Art,SLEEPY OVERNIGHT DRAWPILE ➽➽ ✨BUBBATHON NIGHT 6!,"['Cozy', 'Woman', 'wholesome', 'Neurodivergent', 'LGBTQIAPIus', 'Chaotic', 'subathon', 'drawpile', 'DrawingStream', 'PlayingWithViewers']",[],False
17,2025-03-21 08:26,azulado_simplemente,es,Pokémon UNITE,💙¿Cuál es tu pokémon favorito?💙Ven a jugar💙,"['Español', 'Minecraft', 'Roblox', 'BrawlStars', 'English', 'Fortnite', 'latinoespañol', 'SpanishAndEnglish', 'Anime']",[],False
17,2025-03-21 08:26,Putupau,es,Wuthering Waves,🔥 ESPECIAL PREVIA 2.2 WUTHERING WAVES 🔥 CANTARELAAA!! LA MOMMY DEFINITIVA!! SE VIENEN COSITAS! !Lootbar !Merch #WutheringWaves #WuwaRALLY,"['Español', 'Genshin', 'GenshinnImpact']",[],False
17,2025-03-21 08:26,Emongg,en,Overwatch 2,[!DROPS ENABLED] FREJA PLAYTEST TODAY   !gamersupps,"['English', 'DropsEnabled']",[],False
17,2025-03-21 08:26,vulture_ow,en,Overwatch 2,[!DROPS] 6V6ING?? - LEVEL 434 JUNKRAT RUNS IT DOWN !discord !newvid,"['English', 'Competitive', 'fps', 'junkrat', 'SewerRat', 'overwatch', 'hashtagawesome', 'DropsEnabled']",[],False
17,2025-03-21 08:26,ひいらぎちゃん,ja,VALORANT,24時間耐久配信゛ スイフトぶんまわし部,"['推して', '日本語', '推し不在さんおいで', 'ぽんこつゲーマー', '新人Vtuber', 'かわいいだけじゃだめですか']",['SexualThemes'],True
17,2025-03-21 08:26,猫林,ja,VALORANT,【初見さん大歓迎🌟】やあ,"['まったり配信', 'VALORANT女子', '寝落ち歓迎', '寝落ち配信', '初心者さん歓迎', 'フォロー・コメント大歓迎', '日本語']",[],False
17,2025-03-21 08:26,白乃羽いと,ja,VALORANT,ちょっとだけ,['日本語'],[],False
18,2025-03-21 08:37,KD_KatieVT,en,Assassin's Creed Shadows,💙Destiny Calls: The Rise of an Assassin in Feudal Japan! 💙,"['Anime', 'English', 'ENVtuber', 'Vtuber', 'British', '18pluschannel', 'Variety', 'LGBT', 'FirstPlaythrough', 'DropsEnabled']",[],False
18,2025-03-21 08:37,demolitiondaisy,en,Art,SLEEPY OVERNIGHT DRAWPILE ➽➽ ✨BUBBATHON NIGHT 6!,"['Cozy', 'Woman', 'wholesome', 'Neurodivergent', 'LGBTQIAPIus', 'Chaotic', 'subathon', 'drawpile', 'DrawingStream', 'PlayingWithViewers']",[],False
18,2025-03-21 08:37,azulado_simplemente,es,Pokémon UNITE,💙¿Cuál es tu pokémon favorito?💙Ven a jugar💙,"['Español', 'Minecraft', 'Roblox', 'BrawlStars', 'English', 'Fortnite', 'latinoespañol', 'SpanishAndEnglish', 'Anime']",[],False
18,2025-03-21 08:37,Putupau,es,Wuthering Waves,🔥 ESPECIAL PREVIA 2.2 WUTHERING WAVES 🔥 CANTARELAAA!! LA MOMMY DEFINITIVA!! SE VIENEN COSITAS! !Lootbar !Merch #WutheringWaves #WuwaRALLY,"['Español', 'Genshin', 'GenshinnImpact']",[],False
18,2025-03-21 08:37,Emongg,en,Overwatch 2,[!DROPS ENABLED] FREJA PLAYTEST TODAY   !gamersupps,"['English', 'DropsEnabled']",[],False
18,2025-03-21 08:37,vulture_ow,en,Overwatch 2,[!DROPS] 6V6ING?? - LEVEL 434 JUNKRAT RUNS IT DOWN !discord !newvid,"['English', 'Competitive', 'fps', 'junkrat', 'SewerRat', 'overwatch', 'hashtagawesome', 'DropsEnabled']",[],False
18,2025-03-21 08:37,皮癢鴦,zh,League of Legends,終於退燒ㄌ== 中文/日本語 !IG !DC !YT,"['English', '日本語', '中文', '搞耍', '女玩家']",[],False
18,2025-03-21 08:37,小碗泡麵,zh,Just Chatting,3/21 早安wawa,['中文'],[],False
18,2025-03-21 08:38,ろっくさんは人狼,ja,Marvel Rivals,【参加型】クイック参加型どなたでも 【誰でも参加OK】,"['日本語', '初見さん歓迎', 'アドバイス歓迎', '雑談歓迎', 'コメント大歓迎', 'Drops有効', '参加型']",[],False
19,2025-03-21 12:01,ELninzo,en,ROBLOX,DUNGEON QUEST: ITS FRIDAY! WEEEKEND GRIND HAS BEGUN! LETS HAVE SOME FUN TEAM! !discord !NOLIFE !COL !onesie,"['Svenska', 'English', 'gaming']",[],False
19,2025-03-21 12:01,rachlzx,es,Just Chatting,24 HORAS PASANDO PENA | 🐸 !id 🐸 !redes 🐸 !wishlist,"['Español', 'DominicanStreamer', 'LATAM', 'Shooter', 'TerrorGames', 'valorant', 'Repetir']",[],False
19,2025-03-21 12:01,demolitiondaisy,en,Art,SLEEPY OVERNIGHT DRAWPILE ➽➽ ✨BUBBATHON NIGHT 6!,"['Cozy', 'Woman', 'wholesome', 'Neurodivergent', 'LGBTQIAPIus', 'Chaotic', 'subathon', 'drawpile', 'DrawingStream', 'PlayingWithViewers']",[],False
19,2025-03-21 12:01,Toxicmatt565,en,Minecraft,Playing Cobblemon,"['English', 'pokemoncontent', 'cobblemon', 'ViewerRewards']",[],False
19,2025-03-21 12:01,LowkeiLoky,en,VALORANT,C[h]at controls the Game ฅᨐฅ  | !riot !qsnipe,"['English', 'LGBTQIAPlus', 'HeHim', 'Vtuber', 'ChillwithChat', 'nodelay', 'VtuberEN', 'Yapper', 'catboy']",[],False
19,2025-03-21 12:01,Batsito_,es,Fortnite,Fort un ratito,['Español'],[],False
19,2025-03-21 12:01,PequePey,es,Grand Theft Auto V,Enseñando AutenticoRP  /  https://discord.gg/eYtExFT68z,"['Español', 'GTAV', 'RP', 'Roleplay', 'live', 'EliteRP', 'gta5rp', 'gtavrproleplay', 'SpainRP', 'edmundo']",['MatureGame'],True
19,2025-03-21 12:01,klash2k,es,Fortnite,⚡ Fortnite RECARGA con seguidores 🔥| !comandos !ig !id,['Español'],[],False
19,2025-03-21 12:01,sbarcci,es,Fortnite,"💥JUGANDO Y CHARLANDO, VENTEEEE!💥 / Sub o Francés","['Español', 'Jugarconespectadores', 'chica', 'charlando', 'chicagamer']",[],False
20,2025-03-21 12:08,ELninzo,en,ROBLOX,DUNGEON QUEST: ITS FRIDAY! WEEEKEND GRIND HAS BEGUN! LETS HAVE SOME FUN TEAM! !discord !NOLIFE !COL !onesie,"['Svenska', 'English', 'gaming']",[],False
20,2025-03-21 12:08,rachlzx,es,Just Chatting,24 HORAS PASANDO PENA | 🐸 !id 🐸 !redes 🐸 !wishlist,"['Español', 'DominicanStreamer', 'LATAM', 'Shooter', 'TerrorGames', 'valorant', 'Repetir']",[],False
20,2025-03-21 12:08,demolitiondaisy,en,Art,SLEEPY OVERNIGHT DRAWPILE ➽➽ ✨BUBBATHON NIGHT 6!,"['Cozy', 'Woman', 'wholesome', 'Neurodivergent', 'LGBTQIAPIus', 'Chaotic', 'subathon', 'drawpile', 'DrawingStream', 'PlayingWithViewers']",[],False
20,2025-03-21 12:08,Toxicmatt565,en,Minecraft,Playing Cobblemon,"['English', 'pokemoncontent', 'cobblemon', 'ViewerRewards']",[],False
20,2025-03-21 12:08,LowkeiLoky,en,VALORANT,C[h]at controls the Game ฅᨐฅ  | !riot !qsnipe,"['English', 'LGBTQIAPlus', 'HeHim', 'Vtuber', 'ChillwithChat', 'nodelay', 'VtuberEN', 'Yapper', 'catboy']",[],False
20,2025-03-21 12:08,Batsito_,es,Fortnite,Fort un ratito,['Español'],[],False
20,2025-03-21 12:08,Cissouryne,fr,inZOI,🎁DROPS INZOI | Elle est enceinte et accouche - INZOI en avant première : C'EST FOU 🩵 !drops !inzoi !jeu,"['ModeCréatif', 'Jeuxsolo', 'créationdepersonnage', 'partieavecdéfi', 'letsplay', 'challenge', 'sims', 'allié', 'Français', 'sims4']",[],True
20,2025-03-21 12:08,Coaen_,fr,Animal Crossing: New Horizons,[Objectif 70/30] ✨ ACNH • Acomoon : Nouveau coin de l'île ! #34 ⋆˚₊‧♡,"['SafePlace', 'ACNH', 'Alliée', 'Français', 'AnimalCrossing', 'France']",[],False
20,2025-03-21 12:08,Harvendore,fr,Animal Crossing: New Horizons,RIP MA SWITCH QUI VIENT DE MOURIR DONC DRESS TO IMPRESS POUR LA FIN DU LIVE !,"['acnh', 'nintendo', 'animalcrossing', 'chillgaming', 'Français', 'cozygaming', 'Cozy', 'Bienveillance', 'animalcrossingnewhorizons']",[],False
21,2025-03-21 12:17,ELninzo,en,ROBLOX,DUNGEON QUEST: ITS FRIDAY! WEEEKEND GRIND HAS BEGUN! LETS HAVE SOME FUN TEAM! !discord !NOLIFE !COL !onesie,"['Svenska', 'English', 'gaming']",[],False
21,2025-03-21 12:17,demolitiondaisy,en,Art,SLEEPY OVERNIGHT DRAWPILE ➽➽ ✨BUBBATHON NIGHT 6!,"['Cozy', 'Woman', 'wholesome', 'Neurodivergent', 'LGBTQIAPIus', 'Chaotic', 'subathon', 'drawpile', 'DrawingStream', 'PlayingWithViewers']",[],False
21,2025-03-21 12:17,Toxicmatt565,en,Minecraft,Playing Cobblemon,"['English', 'pokemoncontent', 'cobblemon', 'ViewerRewards']",[],False
21,2025-03-21 12:17,LowkeiLoky,en,VALORANT,C[h]at controls the Game ฅᨐฅ  | !riot !qsnipe,"['English', 'LGBTQIAPlus', 'HeHim', 'Vtuber', 'ChillwithChat', 'nodelay', 'VtuberEN', 'Yapper', 'catboy']",[],False
21,2025-03-21 12:17,Batsito_,es,Fortnite,Fort un ratito,['Español'],[],False
21,2025-03-21 12:18,Emongg,en,Overwatch 2,[!DROPS ENABLED] FREJA PLAYTEST TODAY   !gamersupps,"['English', 'DropsEnabled']",[],False
21,2025-03-21 12:18,avatariaclub,ru,Just Chatting,🏠 POLKOVNIK 🏛  Тематический стрим | Общение 💬| Промокоды! 🎁,"['Русский', 'Аватария', 'игра', 'играйиобщайся', 'avataria', 'avatariya', 'онлайнигра', 'симуляторжизни', 'симулятор', 'подарки']",[],False
21,2025-03-21 12:18,ankohu,ru,R.E.P.O.,продолжаем соло траить P.E.P.O. | !тг !бусти !буква,"['Русский', 'АнтиФурри', 'pngtuber', 'Vtuber', 'Бытоваятехника']","['ProfanityVulgarity', 'SexualThemes', 'ViolentGraphic']",False
21,2025-03-21 12:18,gamelifeow,ru,R.E.P.O.,Надеюсь мне не забанят стрим | Telegram: @gamelifeow,"['Овервочер', 'Кошкодевочка', 'Гамелифе', 'Русский', 'Ткачжизниимба', 'самыйдобрыйстример', 'БезНытья', 'отпторблегенда']",[],False
22,2025-03-21 12:26,ELninzo,en,ROBLOX,DUNGEON QUEST: ITS FRIDAY! WEEEKEND GRIND HAS BEGUN! LETS HAVE SOME FUN TEAM! !discord !NOLIFE !COL !onesie,"['Svenska', 'English', 'gaming']",[],False
22,2025-03-21 12:26,demolitiondaisy,en,Art,SLEEPY OVERNIGHT DRAWPILE ➽➽ ✨BUBBATHON NIGHT 6!,"['Cozy', 'Woman', 'wholesome', 'Neurodivergent', 'LGBTQIAPIus', 'Chaotic', 'subathon', 'drawpile', 'DrawingStream']",[],False
22,2025-03-21 12:26,Toxicmatt565,en,Minecraft,Playing Cobblemon,"['English', 'pokemoncontent', 'cobblemon', 'ViewerRewards']",[],False
22,2025-03-21 12:26,LowkeiLoky,en,VALORANT,C[h]at controls the Game ฅᨐฅ  | !riot !qsnipe,"['English', 'LGBTQIAPlus', 'HeHim', 'Vtuber', 'ChillwithChat', 'nodelay', 'VtuberEN', 'Yapper', 'catboy']",[],False
22,2025-03-21 12:26,Batsito_,es,Fortnite,Fort un ratito,['Español'],[],False
22,2025-03-21 12:26,Toniki,es,Overwatch 2,🟢DROPS CAJAS DE BOTÍN🟢RANKEDS 6VS6 Y 5VS5 TOP500 MÁXIMA EMOCIÓN🔴,"['Español', 'competitivo', 'ranked', 'DPS', 'Top500', 'overwatch2', 'DropsActivados']",[],False
22,2025-03-21 12:26,luvra1n,ru,Silent Hill 2,ОХ ДОЛЖНО БЫТЬ СТРАШНО 🤑,"['вайб', 'общение', 'позитив', 'Русский', 'лучшийчат', 'музыка']",['MatureGame'],False
22,2025-03-21 12:26,Red_MantisMLG,ru,ROBLOX,Обычный стрим по роблоксу,"['roblox', 'юмор', 'чилл', 'ТЯЖЕЛО', 'Русский']",[],False
22,2025-03-21 12:26,amakute_,ru,Mir Tankov,Потненький и вонюченький стрим ^^!  Спидраним игры с аукциона День 2,['Русский'],[],False
0,2025-03-21 17:32,Toxicmatt565,en,Minecraft,Playing Cobblemon,"['English', 'pokemoncontent', 'cobblemon', 'ViewerRewards']",[],False
0,2025-03-21 17:32,ELninzo,en,ROBLOX,DUNGEON QUEST: ITS FRIDAY! WEEEKEND GRIND HAS BEGUN! LETS HAVE SOME FUN TEAM! !discord !NOLIFE !COL !onesie,"['Svenska', 'English', 'gaming']",[],False
0,2025-03-21 17:32,chekeloco,es,Grand Theft Auto V,[GTA 5] SORTEO ACTIVO!! SE LLEGA A 1k FOLLOWERS HOY? |  !id !discord,"['Español', 'gta', 'gta5', 'GrandTheftAutoV', 'grandtheftauto', 'GrandTheftAuto5', 'PS4', 'PS4streaming', 'minecraft', 'Ⅿinecraft']",['MatureGame'],False
0,2025-03-21 17:32,KaiCenat,en,Just Chatting,🇧🇷 IRL BRAZIL STREAM 🇧🇷,"['English', 'ADHD', 'LOUD', 'gaming', 'AMP']",[],False
0,2025-03-21 17:32,alexx__margall,es,Minecraft,Jugando en un servidor de Aternos porque no hay dinero,"['Español', 'minecraftsurivial', 'LATAMyEspaña', 'Uruguay', 'MinecraftTwitch', 'Recompensasdeespectador']",[],False
0,2025-03-21 17:32,Toniki,es,Overwatch 2,🟢DROPS CAJAS DE BOTÍN🟢JUGAMOS FREJA!!🔴,"['Español', 'competitivo', 'ranked', 'DPS', 'Top500', 'overwatch2', 'DropsActivados']",[],False
0,2025-03-21 17:32,Gr3atScotty,en,Pokémon Scarlet/Violet,<insert creative joke about Shiny Arceus here>,"['English', 'FamilyFrendly', 'CommunityEngagement', 'yapping', 'pokemon', 'AllyToAll', 'subathon', 'shinyhunting', 'ChikoritaMain', 'PLZAChikorita']",[],False
0,2025-03-21 17:33,JaayMC,en,Minecraft,✨ Get the NEW Cape here! | ❤️ Minecraft Hardcore! | 🌎 building & chilling 🌎 | how are you? 🌈 | !cape !lurking,"['Survival', 'Building', 'LGBTQ', 'SafeSpace', 'Chatting', 'Cape', 'Drops', 'Hardcore', 'PlayingWithViewers', 'Chill']",[],False
0,2025-03-21 17:33,Modii101,en,Minecraft,Dino Time! | Prehistoric World! | Minecraft!,"['English', 'Minccraft', 'smallstrreamer', 'minecraft', 'ViewerRewards']",[],False
1,2025-03-21 17:43,ELninzo,en,ROBLOX,DUNGEON QUEST: ITS FRIDAY! WEEEKEND GRIND HAS BEGUN! LETS HAVE SOME FUN TEAM! !discord !NOLIFE !COL !onesie,"['Svenska', 'English', 'gaming']",[],False
1,2025-03-21 17:43,Toxicmatt565,en,Minecraft,Playing Cobblemon,"['English', 'pokemoncontent', 'cobblemon', 'ViewerRewards']",[],False
1,2025-03-21 17:43,alexx__margall,es,Minecraft,Jugando en un servidor de Aternos porque no hay dinero,"['Español', 'minecraftsurivial', 'LATAMyEspaña', 'Uruguay', 'MinecraftTwitch', 'Recompensasdeespectador']",[],False
1,2025-03-21 17:44,chekeloco,es,Grand Theft Auto V,[GTA 5] SORTEO ACTIVO!! SE LLEGA A 1k FOLLOWERS HOY? |  !id !discord,"['Español', 'gta', 'gta5', 'GrandTheftAutoV', 'grandtheftauto', 'GrandTheftAuto5', 'PS4', 'PS4streaming', 'minecraft', 'Ⅿinecraft']",['MatureGame'],False
1,2025-03-21 17:44,MrHugo,es,Minecraft,DROPS | CAPA ESPECIAL DE PELICULA DE MINECRAFT | VER DIRECTO 3 MINUTOS! | !drops,"['Español', 'minecraft', 'MINECRAFT', 'drops', 'Recompensasdeespectador']",[],False
1,2025-03-21 17:44,Toniki,es,Overwatch 2,🟢DROPS CAJAS DE BOTÍN🟢JUGAMOS FREJA!!🔴,"['Español', 'competitivo', 'ranked', 'DPS', 'Top500', 'overwatch2', 'DropsActivados']",[],False
1,2025-03-21 17:44,elcucuale,es,Fortnite,✨Hoy es el Torneo de Clix en Fortnite✨| !whats | CÓDIGO DE CREADOR: ELCUCUALE | !comandos @elcucuale,"['Español', 'Fortnite', 'LATAM', 'PlayingWtihViewers']",[],False
1,2025-03-21 17:44,joss_jrjr,es,Fortnite,Farmeando pavos +  Aviso,"['Español', 'Charlandoconelchat', 'RegalandoArmas130']",[],False
1,2025-03-21 17:44,SoyAndyAlan,es,Fortnite,Fortnite o queso?? !redes !discord !CODE,"['Español', 'México', 'soyandy', 'Fortnite']",['ProfanityVulgarity'],False
2,2025-03-21 17:52,ELninzo,en,ROBLOX,DUNGEON QUEST: ITS FRIDAY! WEEEKEND GRIND HAS BEGUN! LETS HAVE SOME FUN TEAM! !discord !NOLIFE !COL !onesie,"['Svenska', 'English', 'gaming']",[],False
2,2025-03-21 17:52,Toxicmatt565,en,Minecraft,Playing Cobblemon,"['English', 'pokemoncontent', 'cobblemon', 'ViewerRewards']",[],False
2,2025-03-21 17:53,alexx__margall,es,Minecraft,Jugando en un servidor de Aternos porque no hay dinero,"['Español', 'minecraftsurivial', 'LATAMyEspaña', 'Uruguay', 'MinecraftTwitch', 'Recompensasdeespectador']",[],False
2,2025-03-21 17:53,chekeloco,es,Grand Theft Auto V,[GTA 5] SORTEO ACTIVO!! SE LLEGA A 1k FOLLOWERS HOY? |  !id !discord,"['Español', 'gta', 'gta5', 'GrandTheftAutoV', 'grandtheftauto', 'GrandTheftAuto5', 'PS4', 'PS4streaming', 'minecraft', 'Ⅿinecraft']",['MatureGame'],False
2,2025-03-21 17:53,MrHugo,es,Minecraft,DROPS | CAPA ESPECIAL DE PELICULA DE MINECRAFT | VER DIRECTO 3 MINUTOS! | !drops,"['Español', 'minecraft', 'MINECRAFT', 'drops', 'Recompensasdeespectador']",[],False
2,2025-03-21 17:53,Toniki,es,Overwatch 2,🟢DROPS CAJAS DE BOTÍN🟢JUGAMOS FREJA!!🔴,"['Español', 'competitivo', 'ranked', 'DPS', 'Top500', 'overwatch2', 'DropsActivados']",[],False
2,2025-03-21 17:53,cacho01,es,EA Sports FC 25,EN BUSCA DEL KANE DEFINITIVO!! DREAMCHASERS EN FC 25!! !prime !monedas !giftsy,['Español'],[],False
2,2025-03-21 17:53,Alanalarana,es,IRL,IRL EN URUGUAY 🇺🇾 ARREGLANDOME Y YENDO A LA PLAYA 🙂🤍🩵,"['México', 'Locura', 'Drama', 'Minion', 'INSANO', 'Español', 'Barrio']",[],False
2,2025-03-21 17:53,Roxasorg13th,es,EA Sports FC 25,ARRRRANCA DREAMCHASERS: GULLIT Y DEMBELE SBC Y CARTAS ROTISIMAS!!,['Español'],[],False
3,2025-03-21 18:02,Toxicmatt565,en,Minecraft,Playing Cobblemon,"['English', 'pokemoncontent', 'cobblemon', 'ViewerRewards']",[],False
3,2025-03-21 18:02,Alexander_r55,es,Just Chatting,⚽REACCIÓN⚽ AL PARTIDO 🇪🇨 ECUADOR VS VENEZUELA 🇻🇪,"['Ecuador', 'Anime', 'Futbol', 'Español', 'México']",[],False
3,2025-03-21 18:02,ELninzo,en,ROBLOX,DUNGEON QUEST: ITS FRIDAY! WEEEKEND GRIND HAS BEGUN! LETS HAVE SOME FUN TEAM! !discord !NOLIFE !COL !onesie,"['Svenska', 'English', 'gaming']",[],False
3,2025-03-21 18:02,chekeloco,es,Grand Theft Auto V,[GTA 5] SORTEO ACTIVO!! SE LLEGA A 1k FOLLOWERS HOY? |  !id !discord,"['Español', 'gta', 'gta5', 'GrandTheftAutoV', 'grandtheftauto', 'GrandTheftAuto5', 'PS4', 'PS4streaming', 'minecraft', 'Ⅿinecraft']",['MatureGame'],False
3,2025-03-21 18:02,MrHugo,es,Minecraft,DROPS | CAPA ESPECIAL DE PELICULA DE MINECRAFT | VER DIRECTO 3 MINUTOS! | !drops,"['Español', 'minecraft', 'MINECRAFT', 'drops', 'Recompensasdeespectador']",[],False
3,2025-03-21 18:02,Toniki,es,Overwatch 2,🟢DROPS CAJAS DE BOTÍN🟢JUGAMOS FREJA!!🔴,"['Español', 'competitivo', 'ranked', 'DPS', 'Top500', 'overwatch2', 'DropsActivados']",[],False
3,2025-03-21 18:02,helenaaxo,en,Minecraft,[NL / EN] Building a barbie house | !team !ig !dc !music,"['English', 'dutch', 'EU', 'Female', 'Valorant', 'Ranked', 'ViewerRewards']",[],False
3,2025-03-21 18:02,ave0_,en,VALORANT,ღ how has your day been? !discord !twitter,"['English', 'I', 'Am', 'Hungry', 'art', 'asian']",[],False
3,2025-03-21 18:02,GipTB,en,VALORANT,HAPPY FRIDAY! WE HAVE CUSTOM SUB EMOTES! | @GipTB | !song !lurk !sub,"['English', 'ADHD', 'Anime', 'Yapper', 'Handcam', 'Cozy', 'Smallstreamer', 'chat']",[],False
4,2025-03-21 20:01,Toxicmatt565,en,Minecraft,Playing Cobblemon,"['English', 'pokemoncontent', 'cobblemon', 'ViewerRewards']",[],False
4,2025-03-21 20:01,MrHugo,es,Minecraft,DROPS | CAPA ESPECIAL DE PELICULA DE MINECRAFT | VER DIRECTO 3 MINUTOS! | !drops,"['Español', 'minecraft', 'MINECRAFT', 'drops', 'Recompensasdeespectador']",[],False
4,2025-03-21 20:01,Fetreeee,es,Minecraft,🔴SERVIDOR PARA SEGUIDORES 100% JAVA 🔴|| 🔴⚔️ Fetre Medieval Server ⚔️🔴|| 🔥🔥🔥,"['elmariana', 'Español', 'Spreen', 'Java', 'bedrock', 'server', 'minecraft', 'jugandoconseguidores', 'Recompensasdeespectador']",[],False
4,2025-03-21 20:01,FroggerOW,en,Overwatch 2,"[DROPS ON!] 6V6 COMPETITIVE, FREJA AND LOOT BOX DROPS!! OMG!!!","['Australian', 'English', 'DropsEnabled']",[],False
4,2025-03-21 20:01,lady_jugadas,es,Overwatch 2,"drops ✅   // PROBANDO HEROE NUEVO, un ratito y a mimir!!!","['CLIPSOVERWATCH', 'Español', 'MARVELRIVALS', 'marvelrivals', 'lunasnow', 'jefftheshark', 'DropsActivados']",['ProfanityVulgarity'],False
4,2025-03-21 20:01,AvendaVT,es,R.E.P.O.,[💫VTUBER Mexicano💫] //Fin de semanaaaaaaaaaa// !comandos !discord !redes !donacion !reglas !clip !a ||💙 @avendavt 💙||,"['VT', 'Vtuber', 'mexico', 'AvendaVT', 'Español', 'LATAM', 'FamilyFriendly', 'VtuberES', 'chill']",[],False
4,2025-03-21 20:01,mclaratvs,en,Counter-Strike,GAME PLAY CSZIN,['English'],['MatureGame'],False
4,2025-03-21 20:01,galego_pvs,pt,Counter-Strike,🟢 CSZIN NA RESENHA COLA! 🟢,"['English', 'Português']",['MatureGame'],False
4,2025-03-21 20:01,avndeus,pt,Counter-Strike,SORTEIO DE SKINS DIRETO!! COLA !skinsvip !ggdrop,"['CS2', 'cs2faceit', 'ga', 'gamersclubcs', 'Português']",['MatureGame'],False
5,2025-03-21 20:11,Toxicmatt565,en,Minecraft,Playing Cobblemon,"['English', 'pokemoncontent', 'cobblemon', 'ViewerRewards']",[],False
5,2025-03-21 20:12,MrHugo,es,Minecraft,DROPS | CAPA ESPECIAL DE PELICULA DE MINECRAFT | VER DIRECTO 3 MINUTOS! | !drops,"['Español', 'minecraft', 'MINECRAFT', 'drops', 'Recompensasdeespectador']",[],False
5,2025-03-21 20:12,Fetreeee,es,Minecraft,🔴SERVIDOR PARA SEGUIDORES 100% JAVA 🔴|| 🔴⚔️ Fetre Medieval Server ⚔️🔴|| 🔥🔥🔥,"['elmariana', 'Español', 'Spreen', 'Java', 'bedrock', 'server', 'minecraft', 'jugandoconseguidores', 'Recompensasdeespectador']",[],False
5,2025-03-21 20:12,FroggerOW,en,Overwatch 2,"[DROPS ON!] 6V6 COMPETITIVE, FREJA AND LOOT BOX DROPS!! OMG!!!","['Australian', 'English', 'DropsEnabled']",[],False
5,2025-03-21 20:12,xZONEGGx,es,Tom Clancy's Rainbow Six Siege,"🔴 [ESP] RANKZZZZZ SIEGE X, TIPS, AYUDA, CONSEJOS! REDES: @xZONEGGx #UbisoftPartner !COMANDOS","['Español', 'rainbowsixsiege', 'rainbow6', 'rainbowsix', 'R6', 'r6siege', 'siege', 'UbisoftPartner']",['MatureGame'],False
5,2025-03-21 20:12,lady_jugadas,es,Overwatch 2,"drops ✅   // PROBANDO HEROE NUEVO, un ratito y a mimir!!!","['CLIPSOVERWATCH', 'Español', 'MARVELRIVALS', 'marvelrivals', 'lunasnow', 'jefftheshark', 'DropsActivados']",['ProfanityVulgarity'],False
5,2025-03-21 20:12,Nita1808,es,Fortnite,FORTNITE CON EL CHAT uwu   + FARMEO DE PUNTOS X PREMIOS,['Español'],[],False
5,2025-03-21 20:12,Aylincita_OuO,es,Fortnite,🎀✨️🚀 JUGANDO RECARGA CON SEGUIDORES || !id !jugar !ig,"['México', 'proplayer', 'Español', 'Shooter', 'MujerGamer', 'jugandoconviewers', 'Fortnite', 'torneofortnite', 'Torneo']",[],False
5,2025-03-21 20:12,ThomiHair,es,ROBLOX,📢SE ACABA EL EXTENSIBLE📢DIA 12 EN STREAM📢SI LEES ESTO PON * PIPSHAS*📢 ✨!roblox✨!amor✨!tiktok✨!mecabe✨!memide✨!canicas✨,"['roblox', 'gameplay', 'Argentina', 'Español', 'México', 'robloxgames', 'Robloxgamming', 'Vtuber', 'Ｖｔｕｂｅｒ', 'extensible']",[],False
6,2025-03-21 20:22,Toxicmatt565,en,Minecraft,Playing Cobblemon,"['English', 'pokemoncontent', 'cobblemon', 'ViewerRewards']",[],False
6,2025-03-21 20:22,MrHugo,es,Minecraft,DROPS | CAPA ESPECIAL DE PELICULA DE MINECRAFT | VER DIRECTO 3 MINUTOS! | !drops,"['Español', 'minecraft', 'MINECRAFT', 'drops', 'Recompensasdeespectador']",[],False
6,2025-03-21 20:22,Fetreeee,es,Minecraft,🔴SERVIDOR PARA SEGUIDORES 100% JAVA 🔴|| 🔴⚔️ Fetre Medieval Server ⚔️🔴|| 🔥🔥🔥,"['elmariana', 'Español', 'Spreen', 'Java', 'bedrock', 'server', 'minecraft', 'jugandoconseguidores', 'Recompensasdeespectador']",[],False
6,2025-03-21 20:22,FroggerOW,en,Overwatch 2,"[DROPS ON!] 6V6 COMPETITIVE, FREJA AND LOOT BOX DROPS!! OMG!!!","['Australian', 'English', 'DropsEnabled']",[],False
6,2025-03-21 20:22,lady_jugadas,es,Overwatch 2,"drops ✅   // PROBANDO HEROE NUEVO, un ratito y a mimir!!!","['CLIPSOVERWATCH', 'Español', 'MARVELRIVALS', 'marvelrivals', 'lunasnow', 'jefftheshark', 'DropsActivados']",['ProfanityVulgarity'],False
6,2025-03-21 20:22,xZONEGGx,es,Tom Clancy's Rainbow Six Siege,"🔴 [ESP] RANKZZZZZ SIEGE X, TIPS, AYUDA, CONSEJOS! REDES: @xZONEGGx #UbisoftPartner !COMANDOS","['Español', 'rainbowsixsiege', 'rainbow6', 'rainbowsix', 'R6', 'r6siege', 'siege', 'UbisoftPartner']",['MatureGame'],False
6,2025-03-21 20:23,ConanGW,es,EA Sports FC 25,🔴[CONAN]🌃LLEGAN LOS DREAMCHASERS!😁PACK OPENING😁MEJORAS😁SHAREPLAYS😁FUT CHAMPIONS➡️!horarios !id,"['fc25', 'fc25livestream', 'fc25gameplay', 'fc25Live', 'futchampions', 'divisionrivals', 'fc25packopening', 'FC25stream', 'ConanGW', 'ultimateteam']",[],False
6,2025-03-21 20:23,elrazishura,es,EA Sports FC 25,EVOLUCIONANDO A ADAMA TRAORÉ EN FUT CHAMPIONS + RECOMPENSAS 🤩,"['Español', 'Colombia', 'México', 'EA', 'FIFA', 'fc25', 'eafc25']",[],False
6,2025-03-21 20:23,TonitoNora,es,EA Sports FC 25,última jornada de la lcs vamoooo espartanos,['Español'],[],False
7,2025-03-21 20:30,Toxicmatt565,en,Minecraft,Playing Cobblemon,"['English', 'pokemoncontent', 'cobblemon', 'ViewerRewards']",[],False
7,2025-03-21 20:30,MrHugo,es,Minecraft,DROPS | CAPA ESPECIAL DE PELICULA DE MINECRAFT | VER DIRECTO 3 MINUTOS! | !drops,"['Español', 'minecraft', 'MINECRAFT', 'drops', 'Recompensasdeespectador']",[],False
7,2025-03-21 20:30,Fetreeee,es,Minecraft,🔴SERVIDOR PARA SEGUIDORES 100% JAVA 🔴|| 🔴⚔️ Fetre Medieval Server ⚔️🔴|| 🔥🔥🔥,"['elmariana', 'Español', 'Spreen', 'Java', 'bedrock', 'server', 'minecraft', 'jugandoconseguidores', 'Recompensasdeespectador']",[],False
7,2025-03-21 20:30,FroggerOW,en,Overwatch 2,"[DROPS ON!] 6V6 COMPETITIVE, FREJA AND LOOT BOX DROPS!! OMG!!!","['Australian', 'English', 'DropsEnabled']",[],False
7,2025-03-21 20:30,xZONEGGx,es,Tom Clancy's Rainbow Six Siege,"🔴 [ESP] RANKZZZZZ SIEGE X, TIPS, AYUDA, CONSEJOS! REDES: @xZONEGGx #UbisoftPartner !COMANDOS","['Español', 'rainbowsixsiege', 'rainbow6', 'rainbowsix', 'R6', 'r6siege', 'siege', 'UbisoftPartner']",['MatureGame'],False
7,2025-03-21 20:31,xAnnQueen,es,Just Chatting,RRRR| !redes  !donar | +18,"['Español', 'PuertoRico', 'Boricua']",[],False
7,2025-03-21 20:31,KreekCraft,en,ROBLOX,"THE END // FINAL STAGE 🚨 ROBLOX THE HUNT MEGA EDITION 🚨 $1,000,000 🚨 ROBUX GIVEAWAY 🚨 ROBLOX LIVE","['roblox', 'robux', 'ADHD', 'chill', 'LOUD', 'gaming', 'funny', 'Chatty', 'Cozy', 'gamer']",[],False
7,2025-03-21 20:31,mr0ok,en,Marvel Rivals,[ENG]🟦LOTS OF DIFF GAMES TODAY🥓BE&C🧀GAMING W's😱YAPPING+REACTING🟥DAY 448 OF STREAMING EVERYDAY🔥!tiktok !discord📲,"['English', 'loud', 'Anime', 'LowTaperFade', 'ninja', 'ItsMassive', 'stableronaldo', 'insane', 'clipfarming', 'marvelrivals']",[],False
7,2025-03-21 20:31,thisk1d_victor,es,ROBLOX,🎉💸 100 ROBUX ELIMINATION WHEEL! Pls Donate! 💸🎉 Road to 2M! !roblox,"['English', 'PlsDonate', 'Roblox', 'Giveaways', 'Español']",[],False
8,2025-03-21 20:42,Toxicmatt565,en,Minecraft,Playing Cobblemon,"['English', 'pokemoncontent', 'cobblemon', 'ViewerRewards']",[],False
8,2025-03-21 20:42,MrHugo,es,Minecraft,DROPS | CAPA ESPECIAL DE PELICULA DE MINECRAFT | VER DIRECTO 3 MINUTOS! | !drops,"['Español', 'minecraft', 'MINECRAFT', 'drops', 'Recompensasdeespectador']",[],False
8,2025-03-21 20:42,FroggerOW,en,Overwatch 2,"[DROPS ON!] 6V6 COMPETITIVE, FREJA AND LOOT BOX DROPS!! OMG!!!","['Australian', 'English', 'DropsEnabled']",[],False
8,2025-03-21 20:42,Fetreeee,es,Minecraft,🔴SERVIDOR PARA SEGUIDORES 100% JAVA 🔴|| 🔴⚔️ Fetre Medieval Server ⚔️🔴|| 🔥🔥🔥,"['elmariana', 'Español', 'Spreen', 'Java', 'bedrock', 'server', 'minecraft', 'jugandoconseguidores', 'Recompensasdeespectador']",[],False
8,2025-03-21 20:42,karl_demayosc,es,Apex Legends,🌻🌻Él la estaba esperando con una flor amarilla🌻🌻,"['PigGirl', 'juegando', 'Español', 'mas18', 'llegaronlaspipzzas', 'DropsActivados']",[],False
8,2025-03-21 20:42,lady_jugadas,es,Overwatch 2,"drops ✅   // PROBANDO HEROE NUEVO, un ratito y a mimir!!!","['CLIPSOVERWATCH', 'Español', 'MARVELRIVALS', 'marvelrivals', 'lunasnow', 'jefftheshark', 'DropsActivados']",['ProfanityVulgarity'],False
8,2025-03-21 20:42,madrilesjavier,es,Grand Theft Auto V,LARGAS MINI JUEGOS Y MAS VAMOS A JUGAR  CON  MADRILESJAVIER CREATOR 🍺🔔🍸 !ext !redes,"['Español', 'comunidad', 'charlando', 'reaccionando', 'gtaonline', 'creador', 'actividades', 'divertido', 'gta5', 'jugandoconespoectadores']",['MatureGame'],False
8,2025-03-21 20:42,Junior_Exokb7,es,Grand Theft Auto V,PS5 - GTA ONLINE ACTIVIDADES Y MAS,"['ＧTA5', 'gta6', 'gtaonline', 'PS4', 'empezamosdirecto', 'actividades', 'DaniRep', 'PS5', 'Español', 'directo']",['MatureGame'],False
8,2025-03-21 20:42,ShamiiPlay,es,Grand Theft Auto V,(CHILE - PC) CARRERAS CON SEGUIDORES 🛑 OLD GEN 🛑 | GTA V | !video |!redes !ds,"['Chile', 'Español', 'gaming']",['MatureGame'],False
9,2025-03-22 00:01,Toxicmatt565,en,Minecraft,Playing Cobblemon,"['English', 'pokemoncontent', 'cobblemon', 'ViewerRewards']",[],False
9,2025-03-22 00:01,AndriK4T,es,EA Sports FC 24,vengan! yo les doy su ramo de flores amarillas 🌻  Unanse |!Comandos !drops,"['hablandoconelchat', 'HablandoConEspectadores', 'storytimes', 'Español']",[],False
9,2025-03-22 00:01,mapimeips,es,Gartic Phone,¡Juguemos Gartic Phone juntos! 💙Primer mes en Twitch💙,"['Anime', 'Vtuber', 'justcchatting', 'girl', 'hololive', 'ASMR', 'Español', 'minecraft']",[],False
9,2025-03-22 00:01,xSunittie,es,Minecraft,"💪🏼VOY A HACER UN GLOW UP, TU ERES MI VIBE CHECK🔥 | @xSunittie","['México', 'Fortnite', 'roblox', 'minecraft', 'Español', 'VtuberES', 'Vtuber', 'Xbox', 'LATAM', 'Recompensasdeespectador']",[],False
9,2025-03-22 00:01,MrHugo,es,Minecraft,DROPS | CAPA ESPECIAL DE PELICULA DE MINECRAFT | VER DIRECTO 3 MINUTOS! | !drops,"['Español', 'minecraft', 'MINECRAFT', 'drops', 'Recompensasdeespectador']",[],False
9,2025-03-22 00:01,CHIGO_23,es,EA Sports FC 25,Iniciamos Dreamchasers team 1 | Road to Gullit y Dembele SBC? | Stream chill | !TIKTOK !redes chigo_23,"['FIFA', 'Competitivo', 'Creadordecontenido', 'Chigo', 'Español', 'futbol']",[],False
9,2025-03-22 00:01,YoPopeie,es,Marvel Rivals,💜DROPS💜 🎁!SORTEO🎁 JUGANDO CON SEGUIDORES🐐🔥 / Redes: @yopopeie_,"['Español', 'DropsActivados']",[],False
9,2025-03-22 00:01,T3chnopanda,en,Marvel Rivals,(TWITCH DROPS ENABLED) WE ARE HITTING CELSTIAL! New Song THis Friday! I Applied.. ! POWER THROUGH POSITIVITY!,"['positive', 'chatty', 'love', 'English', 'DropsEnabled']",[],False
9,2025-03-22 00:01,CelesteCdJ,es,Rise of the Tomb Raider,LARA CROFT VS LA TRINI,"['Gaming', 'Español', 'drops']",[],False
10,2025-03-22 00:08,Toxicmatt565,en,Minecraft,Playing Cobblemon,"['English', 'pokemoncontent', 'cobblemon', 'ViewerRewards']",[],False
10,2025-03-22 00:08,AndriK4T,es,EA Sports FC 24,vengan! yo les doy su ramo de flores amarillas 🌻  Unanse |!Comandos !drops,"['hablandoconelchat', 'HablandoConEspectadores', 'storytimes', 'Español']",[],False
10,2025-03-22 00:08,the_darkwitchh,en,Marvel Rivals,UR FAVORITE CRASHOUT QUEEN IS LIVE!!! | 18+ | !basement !spooky !wicked,"['18pluschannel', 'gamergirl', 'gothgirl', 'egirl', 'vibe', 'smallstrreamer', 'Chatty', 'Drinking', 'English', 'DropsEnabled']",[],False
10,2025-03-22 00:08,mapimeips,es,Gartic Phone,¡Juguemos Gartic Phone juntos! 💙Primer mes en Twitch💙,"['Anime', 'Vtuber', 'justcchatting', 'girl', 'hololive', 'ASMR', 'Español', 'minecraft']",[],False
10,2025-03-22 00:09,xSunittie,es,Minecraft,"💪🏼VOY A HACER UN GLOW UP, TU ERES MI VIBE CHECK🔥 | @xSunittie","['México', 'Fortnite', 'roblox', 'minecraft', 'Español', 'VtuberES', 'Vtuber', 'Xbox', 'LATAM', 'Recompensasdeespectador']",[],False
10,2025-03-22 00:09,MrHugo,es,Minecraft,DROPS | CAPA ESPECIAL DE PELICULA DE MINECRAFT | VER DIRECTO 3 MINUTOS! | !drops,"['Español', 'minecraft', 'MINECRAFT', 'drops', 'Recompensasdeespectador']",[],False
10,2025-03-22 00:09,ladystoneoficial,es,Call of Duty: Black Ops 6,VENTE A PASAR UN RATIN UNICO....RNIAL,"['leagueoflegeneds', 'Mujer', 'mujergamer', 'wildrift', 'leagueoflegendsespañol', 'lolwr', 'LeageoflegendsWildRift', 'Español', 'fortnitegaminglive', 'Fortnite']",['MatureGame'],False
10,2025-03-22 00:09,Gumi_Zushi,es,ROBLOX,🩷JUGUEMOS SUS JUEGUITOS RECOMENDADOS🫧┆!d para hablar! ♡┆!discord ♡┆!roblox ♡┆@Gumi_Zushi,"['Español', 'Vtuber', 'Anime', 'Chancla']",[],False
10,2025-03-22 00:09,salchipapexx,es,ROBLOX,Viernes en busca de views potenciales 😱 🔥 🥶,"['Español', 'arte', 'HumorNegrito', 'roblox', 'minecraft', 'fornite', 'dota2', 'MayoresDe18', 'Vtuber']",[],False
11,2025-03-22 00:17,Toxicmatt565,en,Minecraft,Playing Cobblemon,"['English', 'pokemoncontent', 'cobblemon', 'ViewerRewards']",[],False
11,2025-03-22 00:17,RichRG,es,Marvel Rivals,Bronce a GM con Spidey (Diamante 3) | EXTENSIBLE SIN LIMITE Dia 56 !redes,"['Español', 'DropsActivados']",[],False
11,2025-03-22 00:17,sr_erickmc,es,Minecraft,30Usd de eventos ABRE LA TIENDA e hipocresía | !redes !discord,"['English', 'Español', 'Recompensasdeespectador']",[],False
11,2025-03-22 00:17,GGetzyh,es,Fortnite,Se nota que me queme en el balneario 😂😂Ven juguemos 👀AUN NO HAY CANJES💖Ya volviiii  (+18),"['chill', 'multijugador', 'español', 'shooter', 'mexico', 'multieplayer', 'Español', 'adultos']",['ViolentGraphic'],False
11,2025-03-22 00:17,CHIGO_23,es,EA Sports FC 25,Iniciamos Dreamchasers team 1 | Road to Gullit y Dembele SBC? | Stream chill | !TIKTOK !redes chigo_23,"['FIFA', 'Competitivo', 'Creadordecontenido', 'Chigo', 'Español', 'futbol']",[],False
11,2025-03-22 00:17,yorenmx,es,Fortnite,"!horario |VIERNES CON LOS REALES, UNANSE AL GANG DEL FORTNITE owo CHISME O QUE | CC: @uN_eSports_Gow(SUBGOAL:25/65) !discord !ig","['zac', 'Gragas', 'dibujo', 'Español', 'México', 'Colombia', 'Chile', 'CDMX', 'Perú', '18plusstream']",[],False
11,2025-03-22 00:17,julianadayz,pt,Sea of Thieves,Navegando os 7 mares [pt/eng] !pix !yt !discord,"['Portugues', 'Português', 'English', 'batepapo']",[],False
11,2025-03-22 00:17,INyx_Moon,pt,World of Warcraft,Wowzinho,"['Português', 'JogosVariados', 'Mulher', 'divertido', 'Coop', 'DropsAtivados']",[],False
11,2025-03-22 00:17,DanriqueTW,pt,Minecraft,GRAVANDO CIDADE MECÂNICA COM @nofaxu ! !host !cobblemon,"['Português', 'RecompensasEspetadores']",[],False
12,2025-03-22 00:28,Toxicmatt565,en,Minecraft,Playing Cobblemon,"['English', 'pokemoncontent', 'cobblemon', 'ViewerRewards']",[],False
12,2025-03-22 00:28,AndriK4T,es,Minecraft,vengan! yo les doy su ramo de flores amarillas 🌻  Unanse |!Comandos !drops,"['hablandoconelchat', 'HablandoConEspectadores', 'storytimes', 'Español']",[],False
12,2025-03-22 00:28,Rinnastarr,es,Overwatch 2,🔴 DROPS 🔥 TOCA SALIR DE BRONCE !ow !dc,"['Español', 'gamestreaming', 'Shooter', '18maturelanguage', 'English', 'JugamosConSeguidores', 'fortnitegaminglive', 'torneofortnite', 'Fortnite', 'FortniteFestival']",[],False
12,2025-03-22 00:28,RichRG,es,Marvel Rivals,Bronce a GM con Spidey (Diamante 3) | EXTENSIBLE SIN LIMITE Dia 56 !redes,"['Español', 'DropsActivados']",[],False
12,2025-03-22 00:29,SmileMiel,es,VALORANT,🌸| vtuber|🌸| EXTENSIBLE DÍA 6 y ¿ULTIMO? 🌸 !s !discord,"['Vtuber', 'LATAM', 'VtuberMx', 'gamer', 'VTuber2D', 'Chıll', 'Español']",[],False
12,2025-03-22 00:29,sr_erickmc,es,Minecraft,30Usd de eventos ABRE LA TIENDA e hipocresía | !redes !discord,"['English', 'Español', 'Recompensasdeespectador']",[],False
12,2025-03-22 00:29,1904lando,en,Grand Theft Auto V,GTA WITH VIEWERS 🔥🎮,"['PLAYINWITHCHAT', 'CARMEET', '420', 'gta', 'ps5', 'English']",['MatureGame'],False
12,2025-03-22 00:29,sh_id,en,Fortnite,fourghtnight alone,"['English', 'shid', 'GTA', 'GTAV', 'GTA5', 'furry', 'Drops']",[],False
12,2025-03-22 00:29,Jefe,en,Grand Theft Auto V,ITS FRIDAY!!!!!!!!!| FULLTIME STREAMER! | GTA MERCHANT!! | !socials !discord !sub !server,['English'],['MatureGame'],False
13,2025-03-22 00:35,Toxicmatt565,en,Minecraft,Playing Cobblemon,"['English', 'pokemoncontent', 'cobblemon', 'ViewerRewards']",[],False
13,2025-03-22 00:35,AndriK4T,es,Minecraft,vengan! yo les doy su ramo de flores amarillas  🌻  Realm. Unanse |!Comandos !drops,"['hablandoconelchat', 'HablandoConEspectadores', 'storytimes', 'Español', 'Recompensasdeespectador']",[],False
13,2025-03-22 00:35,Rinnastarr,es,Overwatch 2,🔴 DROPS 🔥 TOCA SALIR DE BRONCE !ow !dc,"['Español', 'gamestreaming', 'Shooter', '18maturelanguage', 'English', 'JugamosConSeguidores', 'fortnitegaminglive', 'torneofortnite', 'Fortnite', 'FortniteFestival']",[],False
13,2025-03-22 00:35,RichRG,es,Marvel Rivals,Bronce a GM con Spidey (Diamante 3) | EXTENSIBLE SIN LIMITE Dia 56 !redes,"['Español', 'DropsActivados']",[],False
13,2025-03-22 00:35,SmileMiel,es,VALORANT,🌸| vtuber|🌸| EXTENSIBLE DÍA 6 y ¿ULTIMO? 🌸 !s !discord,"['Vtuber', 'LATAM', 'VtuberMx', 'gamer', 'VTuber2D', 'Chıll', 'Español']",[],False
13,2025-03-22 00:36,sr_erickmc,es,Minecraft,30Usd de eventos ABRE LA TIENDA e hipocresía | !redes !discord,"['English', 'Español', 'Recompensasdeespectador']",[],False
13,2025-03-22 00:36,hausplantgirl,en,The Sims 4,420 sesh + personal save LP | !feralcheck !merch,"['420friendly', 'English', 'stoner', '420', 'chatty', 'adhd', 'feral', 'girlypop', 'missemployed']",[],False
13,2025-03-22 00:36,queenakilahh,en,The Sims 4,business and hobbies ✨,"['English', 'queenakilah', 'blackgamer', 'sims4', '420friendly', 'plussize', 'queer', 'BodyPositive', '18plusstream', 'Rerun']","['DrugsIntoxication', 'Gambling', 'ProfanityVulgarity', 'SexualThemes', 'ViolentGraphic']",True
13,2025-03-22 00:36,curvy_nazzy,en,The Sims 4,♒Signs of the Zodiac♒: Gen 3 Aquarius: Alora picking up the pieces #Factor75,"['femalegamer', 'blackexellence', 'blacksimmer', 'English', 'Mature', '18OVER', 'Storytelling', 'thesims4']",[],False
14,2025-03-22 04:01,AndriK4T,es,Minecraft,Addon de terror ultimo en pie gana | !Comandos !drops,"['hablandoconelchat', 'HablandoConEspectadores', 'storytimes', 'Español', 'Recompensasdeespectador']",[],False
14,2025-03-22 04:01,sr_erickmc,es,Minecraft,30Usd de eventos ABRE LA TIENDA e hipocresía | !redes !discord,"['English', 'Español', 'Recompensasdeespectador']",[],False
14,2025-03-22 04:01,SmileMiel,es,VALORANT,🌸| vtuber|🌸| EXTENSIBLE DÍA 6 y ¿ULTIMO? 🌸 !s !discord,"['Vtuber', 'LATAM', 'VtuberMx', 'gamer', 'VTuber2D', 'Chıll', 'Español']",[],False
14,2025-03-22 04:01,MDL_Pablitoo,es,Grand Theft Auto V,CR || CARRERITAAAAAS || !ig !redes 🏎,"['CR', 'Español', 'argentína', 'Mèxico', 'Colombia']",['MatureGame'],False
14,2025-03-22 04:01,CHIGO_23,es,EA Sports FC 25,Iniciamos Dreamchasers team 1 | Road to Gullit y Dembele SBC? | Stream chill | !TIKTOK !redes chigo_23,"['FIFA', 'Competitivo', 'Creadordecontenido', 'Chigo', 'Español', 'futbol']",[],False
14,2025-03-22 04:01,petu_04,es,Fortnite,💗 jJUGANDO GARTIC FORNITE CON EL CHAT <3 SALUDEN CARAS DE COLA  ✨!jugar !discord !redes,"['UnitedStates', 'EnglishFriendly', 'gamergirl', 'Fortnite', 'justchattıng', 'chillingstream', 'chiil', 'funnystream', 'English', 'kpopstan']",[],False
14,2025-03-22 04:01,Coffeay,en,Minecraft,Bed breaking time!!! with viewers...come chill :),"['chill', 'goodvibes', 'gaming', 'English', 'minecraft', 'bedwars', 'BedwarsHypixel', 'ViewerRewards']",[],False
14,2025-03-22 04:01,shinjystays,en,Just Chatting,We listen… We do not judge!🍠Day 19/31🍠FREE TEXT TO SPEECH🍠!clip !discord !sub !dono 🍠,"['English', 'shinjy', 'funny', 'FurryLover']",[],False
14,2025-03-22 04:01,tshmovement,en,Just Chatting,YURPPPPPP LONG STREAM HOW YALL FEELING,"['funny', 'fyp', 'kai', 'English']",[],False
15,2025-03-22 04:10,AndriK4T,es,Minecraft,Addon de terror ultimo en pie gana | !Comandos !drops,"['hablandoconelchat', 'HablandoConEspectadores', 'storytimes', 'Español', 'Recompensasdeespectador']",[],False
15,2025-03-22 04:10,sr_erickmc,es,Minecraft,30Usd de eventos ABRE LA TIENDA e hipocresía | !redes !discord,"['English', 'Español', 'Recompensasdeespectador']",[],False
15,2025-03-22 04:10,SmileMiel,es,VALORANT,🌸| vtuber|🌸| EXTENSIBLE DÍA 6 y ¿ULTIMO? 🌸 !s !discord,"['Vtuber', 'LATAM', 'VtuberMx', 'gamer', 'VTuber2D', 'Chıll', 'Español']",[],False
15,2025-03-22 04:10,MDL_Pablitoo,es,Grand Theft Auto V,CR || CARRERITAAAAAS || !ig !redes 🏎,"['CR', 'Español', 'argentína', 'Mèxico', 'Colombia']",['MatureGame'],False
15,2025-03-22 04:11,CHIGO_23,es,EA Sports FC 25,Iniciamos Dreamchasers team 1 | Road to Gullit y Dembele SBC? | Stream chill | !TIKTOK !redes chigo_23,"['FIFA', 'Competitivo', 'Creadordecontenido', 'Chigo', 'Español', 'futbol']",[],False
15,2025-03-22 04:11,petu_04,es,Fortnite,💗 jJUGANDO GARTIC FORNITE CON EL CHAT <3 SALUDEN CARAS DE COLA  ✨!jugar !discord !redes,"['UnitedStates', 'EnglishFriendly', 'gamergirl', 'Fortnite', 'justchattıng', 'chillingstream', 'chiil', 'funnystream', 'English', 'kpopstan']",[],False
15,2025-03-22 04:11,FerNasus145,es,League of Legends,💀🐶 OTP NASUS TOP 1 🐶💀 | LAS | 🔥 GRAND MASTER 🔥 | +6.800.000pts | ❗ SONGS ON !sr | CUSTOMSKIN 🢚 !custom,"['Español', 'Argentina', 'Chile', 'English', 'España', 'Uruguay', 'charlando', 'teamfighttactics', 'Português', 'extensible']",[],False
15,2025-03-22 04:11,krishnasty,es,League of Legends,HOLA CHAVALES ONLY WINS ONLY ACTITUD POSITIVA ONLY SUBIR ELO SI SE CAE ME LEVANTO (F5) !memide,['Español'],[],False
15,2025-03-22 04:11,Queenxus,es,Just Chatting,"🌸🦝EXTENSIBLE // NOCHE DE PELIS 🦝🌸 !comandos // 3 sentadillas = 111 bits, 5 sentadillas = 1 sub","['Español', 'latinagamergirl', 'lol', 'leagueoflegendsespañol', 'CharlaConmigo', 'chicagamer', 'ChicaStreamer', 'sologenteconbits']","['DebatedSocialIssuesAndPolitics', 'DrugsIntoxication', 'ProfanityVulgarity', 'SexualThemes', 'ViolentGraphic']",False
16,2025-03-22 04:19,SmileMiel,es,VALORANT,🌸| vtuber|🌸| EXTENSIBLE DÍA 6 y ¿ULTIMO? 🌸 !s !discord,"['Vtuber', 'LATAM', 'VtuberMx', 'gamer', 'VTuber2D', 'Chıll', 'Español']",[],False
16,2025-03-22 04:19,poolislive,es,VALORANT,❗5 SENTADILLAS POR FOLLOW ❗500 BITS = 100 SENTADILLAS ❗CÓDIGO: POOL98 ❗@PoolisLive !redes :0,"['Español', 'Venezuela', 'Fortnite', 'minecraft', 'Colombia', 'Argentina', 'Chile', 'LATAM', 'España', 'sorteo']",[],False
16,2025-03-22 04:19,CHIGO_23,es,EA Sports FC 25,Iniciamos Dreamchasers team 1 | Road to Gullit y Dembele SBC? | Stream chill | !TIKTOK !redes chigo_23,"['FIFA', 'Competitivo', 'Creadordecontenido', 'Chigo', 'Español', 'futbol']",[],False
16,2025-03-22 04:19,AndriK4T,es,Minecraft,Addon de terror ultimo en pie gana | !Comandos !drops,"['hablandoconelchat', 'HablandoConEspectadores', 'storytimes', 'Español', 'Recompensasdeespectador']",[],False
16,2025-03-22 04:19,MDL_Pablitoo,es,Grand Theft Auto V,CR || CARRERITAAAAAS || !ig !redes 🏎,"['CR', 'Español', 'argentína', 'Mèxico', 'Colombia']",['MatureGame'],False
16,2025-03-22 04:19,LordMoon98,es,Fortnite,𝐘𝐀 𝐒𝐄 𝐐𝐔𝐄 𝐏𝐑𝐄𝐍𝐃𝐈 𝐓𝐀𝐑𝐃𝐄𝐄𝐄𝐄𝐄|10:00 A 02:00| @lordmoon98,"['asmr', 'platica', 'juegos', 'Multiplayer', 'Mèxico', 'Español', 'diversion']",[],False
16,2025-03-22 04:19,oLaffy_,en,DARK SOULS III,12 HOUR STREAM INBOUND,"['tall', 'young', 'handsome', 'entertaining', 'hispanic', 'strong', 'man', 'English']",['MatureGame'],False
16,2025-03-22 04:19,ynm_dj,en,ROBLOX,Yapping,['English'],[],False
16,2025-03-22 04:19,PlayBoi_Kobe,en,Minecraft,VIEWER SMP,"['English', 'ViewerRewards']",[],False
17,2025-03-22 08:01,FrederiiickJr,es,ROBLOX,[Blox fruits] Entra lentamente al stream y pide tu beso!!! 😼😼😼 !roblox !dc EPICGAMES: Frederiiickjr,"['mexico', 'argentina', 'roblox', 'multijugador', 'colombia', 'spreen', 'Guadalajara', 'Español', 'Frederickjr', 'Frederick']",[],False
17,2025-03-22 08:01,SherryVill,es,Just Chatting,ME COMPRAS MIS HUEVOS? NUEVA DINAMICA?,"['México', 'Español', 'mexicana', 'justcchatting', 'Plática', 'latinoamerica', 'chupistream', 'terror']",[],False
17,2025-03-22 08:01,SienDo_ivyy,es,ROBLOX,🧃🩵 JUGANDO CON SEGUIDORES🧃🩵,"['Español', 'Vtuber', 'roblox', 'spanish', 'otaku', 'doors', 'México', 'Argentina', 'evade', 'robux']",[],False
17,2025-03-22 08:01,文拉,zh,Marvel Rivals,今天要不要遲到OuO,"['English', '中文', 'Singing', 'girlstreaming', 'girlgamers', 'chattingwithviewers', 'trickortreat', '启用掉宝']",[],False
17,2025-03-22 08:01,MishellGomez,es,R.E.P.O.,CHUPISTREAAAAM DE LOCURITAAA EN R.E.P.O🥳 GTA EXILIUM RP +18 🥳 !redes !sr ESTAMOS EN TIKTOK,"['Español', 'Repetir']",[],False
17,2025-03-22 08:01,elroyalmx,es,Just Chatting,Photoshop EXTENSIBLE Consiguiendole novi@ a Emiy o me pinto el pelo🔥,"['streamer', 'España', 'Fortnite', 'Español', 'ExtensibleStream', 'photoshoptutorial']",[],False
17,2025-03-22 08:01,わななきれろ,ja,VALORANT,【#VALORANT 】ちょっとだけソロコンペ,"['VTuberJP', 'わななきれろ', '戦慄木れろ', '日本語', '雑談', 'Vtuber', '女の子', 'English', 'Japanese']",[],False
17,2025-03-22 08:01,はしゅっ,ja,VALORANT,コンペ！ブロンズ1崖っぷち！アイアンに落ちるかも兵庫のおっちゃんがやるド下手糞ゲーミング！,"['おっちゃん', '日本語', '顔出し配信', '初心者']",[],False
17,2025-03-22 08:01,くまをぱいせん,ja,Just Chatting,くまお誕生日むかえた,"['日本語', '動物系vtuber', 'Vtuber']",[],False
18,2025-03-22 08:08,belflower_,en,VALORANT,PREMIER! and its demolishing me </3 !discord !gyatt !rank,"['English', 'PlayingwithViewers', 'Australia', 'OCE', 'LOUD', 'Woman', 'Female', 'Yapper', 'LGBT', 'valorant']",[],False
18,2025-03-22 08:08,Rhaego161,es,Fortnite,🎁RP GRATIS | PAVOS GRATIS | ROBUX GRATIS🎁 | BEST STREAM STORE🎁 | RERUN PARA FARMEAR,"['English', 'streamstore', 'tienda', 'brawlhalla', 'Español', 'store', 'gratisvbucks', 'cosasgratis', 'gamerstore', 'progameplay']",[],False
18,2025-03-22 08:08,Fanum,en,Just Chatting,[DROPS ENABLED] ASSASSIN'S CREED: SHADOWS MARATHON ⛩️ WANUM ⛩️GLAZE ME⛩️ !discord !socials !pobox !D10,"['AMP', 'oversized', 'D10', 'fanumtax', 'Español', 'English', 'ADHD', 'ADD', 'gamer']",[],False
18,2025-03-22 08:08,kodana90,de,Atelier Yumia: The Alchemist of Memories & the Envisioned Land,Endlich ist es soweit. Wir starten in Atelier Yumia rein und genießen die weite Welt mit @konradematv 😈🔞FSK 18 🔞,"['chatting', 'Deutsch', 'Familienmensch', 'monsterhunterworld', 'Sephiroth', 'PS5', 'godofwar', 'Rythm']","['DrugsIntoxication', 'Gambling', 'ProfanityVulgarity', 'ViolentGraphic']",False
18,2025-03-22 08:08,pulpand,es,Stardew Valley,Ocupamos el vicio || @pulpand || ESP,"['Español', 'Pulpand', 'charla', 'chismesito', 'JuegoConMods', 'juegosrandom', 'Vtuber']",[],False
18,2025-03-22 08:08,BatemanL9,en,League of Legends,i SiMPLY AM NOT THERE | !avalon | TROLLVERN iS BACK DERANKiNG ACCOUNTS TROLLiNG JUNGLER | iNTSHALLAH WE GO 0/30 | JOiN !dorsia,"['English', 'girl', 'Female', 'booba', 'girlgamers', 'girlstreaming', 'Woman', 'Charity', 'Comedy', 'Rerun']",[],True
18,2025-03-22 08:08,HoneyImHomeYT_,en,Minecraft,💥 [DROPS] Minecraft Live TONIGHT!! | !donate !discord !yt,"['Australia', 'English', 'AUS', 'FirstPlaythrough', 'Chatty', 'Hardcore', 'chill', 'playingwithviewers', 'fortnite', 'ViewerRewards']",[],False
18,2025-03-22 08:08,jesslolliepop,en,Just Chatting,🍭 POPMART UNBOXING!! | minecraft vibing later :D | !discord !socials 🍭,"['ChillVibes', 'English', 'Australia', 'Chatty', 'Chilled', 'Cozy', 'Hardcore']",[],False
18,2025-03-22 08:08,PurpleGroundTTV,en,Fortnite,STREAM ENDS WHEN I WIN 3 GAMES IN A ROW,"['English', 'minecraft', 'PlayingwithViewers', 'imnotskeppy', 'meowformommy']",[],False
19,2025-03-22 08:16,FrederiiickJr,es,ROBLOX,[Blox fruits] Entra lentamente al stream y pide tu beso!!! 😼😼😼 !roblox !dc EPICGAMES: Frederiiickjr,"['mexico', 'argentina', 'roblox', 'multijugador', 'colombia', 'spreen', 'Guadalajara', 'Español', 'Frederickjr', 'Frederick']",[],False
19,2025-03-22 08:16,Cibergun,es,Minecraft,🎁DROPS MINECRAFT🎁 🟥    Capa GRATIS || Free CAPE  - Java / Bedrock Edition - Con trucos y curiosidades de Minecraft !Cape !drop,"['Minecraft', 'drops', 'Drop', 'minecraft', 'DropsEnabled', 'DropsActivados', 'capa', 'drops', 'cape', 'Español']",[],False
19,2025-03-22 08:16,SherryVill,es,Just Chatting,ME COMPRAS MIS HUEVOS? NUEVA DINAMICA?,"['México', 'Español', 'mexicana', 'justcchatting', 'Plática', 'latinoamerica', 'chupistream', 'terror']",[],False
19,2025-03-22 08:16,SienDo_ivyy,es,ROBLOX,🧃🩵 JUGANDO CON SEGUIDORES🧃🩵,"['Español', 'Vtuber', 'roblox', 'spanish', 'otaku', 'doors', 'México', 'Argentina', 'evade', 'robux']",[],False
19,2025-03-22 08:16,MrHugo,es,Minecraft,DROPS | CAPA ESPECIAL DE PELICULA DE MINECRAFT | VER DIRECTO 3 MINUTOS! | !drops,"['Español', 'minecraft', 'MINECRAFT', 'drops', 'Recompensasdeespectador']",[],False
19,2025-03-22 08:16,文拉,zh,Marvel Rivals,今天要不要遲到OuO,"['English', '中文', 'Singing', 'girlstreaming', 'girlgamers', 'chattingwithviewers', 'trickortreat', '启用掉宝']",[],False
19,2025-03-22 08:16,pistache777,fr,Fortnite,"[FR] LE RETOUUUURR!! {!discord, !epic,!tiktok}/{Objectif 7,5K}!!","['chill', 'francais', 'fortnite', 'Français']",[],False
19,2025-03-22 08:16,lolocn33,fr,Dead by Daylight,Live Dead by Daylight😁,"['Rediffusion', 'Français']",['MatureGame'],False
19,2025-03-22 08:16,CarpetchO,fr,Call of Duty: Warzone,TON DJ PREF EN RESU  !commande objectif 1500 follow ! ^^,"['france', 'warzone', 'iledelareunion', 'Français', 'Ranked', 'goodvibes', 'pourtoi', 'fr', 'WZ3', 'warzone3']",['MatureGame'],False
20,2025-03-22 08:26,carla_green,es,VALORANT,✨Buenos días solecitos ✨,"['multijugador', 'Español', 'valorant', 'Tijuana', 'Vtuber', 'LGBT', 'Mujer']",[],False
20,2025-03-22 08:27,SherryVill,es,Just Chatting,ME COMPRAS MIS HUEVOS? NUEVA DINAMICA?,"['México', 'Español', 'mexicana', 'justcchatting', 'Plática', 'latinoamerica', 'chupistream', 'terror']",[],False
20,2025-03-22 08:27,Cibergun,es,Minecraft,🎁DROPS MINECRAFT🎁 🟥    Capa GRATIS || Free CAPE  - Java / Bedrock Edition - Con trucos y curiosidades de Minecraft !Cape !drop,"['Minecraft', 'drops', 'Drop', 'minecraft', 'DropsEnabled', 'DropsActivados', 'capa', 'drops', 'cape', 'Español']",[],False
20,2025-03-22 08:27,MrHugo,es,Minecraft,DROPS | CAPA ESPECIAL DE PELICULA DE MINECRAFT | VER DIRECTO 3 MINUTOS! | !drops,"['Español', 'minecraft', 'MINECRAFT', 'drops', 'Recompensasdeespectador']",[],False
20,2025-03-22 08:27,SienDo_ivyy,es,ROBLOX,🧃🩵 JUGANDO CON SEGUIDORES🧃🩵,"['Español', 'Vtuber', 'roblox', 'spanish', 'otaku', 'doors', 'México', 'Argentina', 'evade', 'robux']",[],False
20,2025-03-22 08:27,文拉,zh,Marvel Rivals,今天要不要遲到OuO,"['English', '中文', 'Singing', 'girlstreaming', 'girlgamers', 'chattingwithviewers', 'trickortreat', '启用掉宝']",[],False
20,2025-03-22 08:27,palomita__,es,Overwatch 2,♡ drops on! bien tardeeee. ♡ | !speak para gritarme,"['Español', 'México', 'Rankeds', 'Competitive', 'DropsActivados']",[],False
20,2025-03-22 08:27,yaroko,es,Minecraft,minecraft pq perdí el control de mi vida,"['Español', 'capybara', 'México', 'Vtuber', 'Camionero', 'trapouwu', 'nuggets', 'Mujer', 'TDAH', 'Recompensasdeespectador']",[],False
20,2025-03-22 08:27,Pachuu13,es,VALORANT,🚨💥Atención 💥🚨   Gracias por su atención 💀 YA ANDO BIEN PEDO,"['Español', 'Monterrey', 'Casino', 'Slots']",['Gambling'],False
21,2025-03-22 12:01,Toxicmatt565,en,Minecraft,Playing Cobblemon,"['English', 'pokemoncontent', 'cobblemon', 'ViewerRewards']",[],False
21,2025-03-22 12:01,SrVnthony,es,Grand Theft Auto V,💎 GTA ONLINE PS4 💎 Cheteo y venta de cuentas | KDD | CarMeets | LS | Rutas | Carreras | Tradeos y Mucho más...,"['Español', 'PS5', 'PS4']",['MatureGame'],False
21,2025-03-22 12:01,Lozaanoo_,es,Just Chatting,Sábado para pecar😈❗redes ❗cofres ❗horario,"['Español', 'España', 'LATAM', 'marvel', 'chill', 'madrid', 'PC', 'Variedad', 'PequeñaGranComunidad', 'Español']",[],False
21,2025-03-22 12:01,lily_sweetsoul,en,VALORANT,❤️MY JOURNEY TO IMMORTAL/RADIANT😊JOIN MY !DISCORD 👈,"['English', 'Hebrew', 'funny', 'valorant', 'Competitive', 'repo']",[],False
21,2025-03-22 12:01,Cibergun,es,Minecraft,🎁DROPS MINECRAFT🎁 🟥    Capa GRATIS || Free CAPE  - Java / Bedrock Edition - Con trucos y curiosidades de Minecraft !Cape !drop,"['Minecraft', 'drops', 'Drop', 'minecraft', 'DropsEnabled', 'DropsActivados', 'capa', 'drops', 'cape', 'Español']",[],False
21,2025-03-22 12:01,DjMaRiiO,es,Kings League,HOY JUEGA LA MOSTOLETA !! ULTIMATE MOSTOLES - xBUYER,"['DJMARIO', 'DJMARIIO', 'FIFA', 'FC', 'Español', 'KINGSLEAGUE', 'FINALFOUR', 'KINGDOM', 'ULTIMATEMOSTOLES', 'FC25']",[],False
21,2025-03-22 12:01,Slidhane,es,Just Chatting,DESAYUNANDO CON SLID :D  ||!redes || !wishlist,"['leagueoflegends', 'Español', 'Lol', 'girl', 'chicagamer', 'valorant']",[],False
21,2025-03-22 12:01,tizianabj_,es,League of Legends,seguimos con el EXTENSIBLE :PP | !extensible !redes !ds !alias !reglas,['Español'],[],False
21,2025-03-22 12:01,Charrlote,es,League of Legends,sabes cual es la diferencia entre tu y yo? +18🖤 SUB=MEJOR A. EN IG !discord !tiktok !ig,"['Clasificatorias', 'juegoconespectadores', 'argentína', 'ARG', 'Español']",[],False
22,2025-03-22 12:09,Toxicmatt565,en,Minecraft,Playing Cobblemon,"['English', 'pokemoncontent', 'cobblemon', 'ViewerRewards']",[],False
22,2025-03-22 12:09,SrVnthony,es,Grand Theft Auto V,💎 GTA ONLINE PS4 💎 Cheteo y venta de cuentas | KDD | CarMeets | LS | Rutas | Carreras | Tradeos y Mucho más...,"['Español', 'PS5', 'PS4']",['MatureGame'],False
22,2025-03-22 12:09,Lozaanoo_,es,Just Chatting,Sábado para pecar😈❗redes ❗cofres ❗horario,"['Español', 'España', 'LATAM', 'marvel', 'chill', 'madrid', 'PC', 'Variedad', 'PequeñaGranComunidad', 'Español']",[],False
22,2025-03-22 12:09,lily_sweetsoul,en,VALORANT,❤️MY JOURNEY TO IMMORTAL/RADIANT😊JOIN MY !DISCORD 👈,"['English', 'Hebrew', 'funny', 'valorant', 'Competitive', 'repo']",[],False
22,2025-03-22 12:10,Cibergun,es,Minecraft,🎁DROPS MINECRAFT🎁 🟥    Capa GRATIS || Free CAPE  - Java / Bedrock Edition - Con trucos y curiosidades de Minecraft !Cape !drop,"['Minecraft', 'drops', 'Drop', 'minecraft', 'DropsEnabled', 'DropsActivados', 'capa', 'drops', 'cape', 'Español']",[],False
22,2025-03-22 12:10,DjMaRiiO,es,Kings League,HOY JUEGA LA MOSTOLETA !! ULTIMATE MOSTOLES - xBUYER,"['DJMARIO', 'DJMARIIO', 'FIFA', 'FC', 'Español', 'KINGSLEAGUE', 'FINALFOUR', 'KINGDOM', 'ULTIMATEMOSTOLES', 'FC25']",[],False
22,2025-03-22 12:10,carlzplayz,en,Call of Duty: Warzone,[UK] happy saturday⚡,"['English', 'ADHD', 'gamergirl', 'ArsenalFC', 'British', 'UK', 'egirl', 'burping', 'burp']",['MatureGame'],False
22,2025-03-22 12:10,Nati,en,Apex Legends,Solo q to MASTERS before new split... !hacked !socials  | !AMD Radeon™ 9000-Series,"['English', 'egirl', 'ADHD', 'Swag', 'DropsEnabled']",[],False
22,2025-03-22 12:10,AlexxLikeStitch,en,Just Chatting,"[18+] Feral Saturday Morningggg Vibes, Chapter 11 FF7 Rebirth First Playthrough! !gay | !feral | !spoons","['ADHD', 'LGBTQFriendly', 'MentalHealth', 'neurodivergent', 'English', 'CCenabled', 'LurkerFriendly', 'AnonymousFollows', 'FirstPlaythrough', 'FF7Rebirth']",[],False
23,2025-03-22 12:16,soydanielpiedra,es,Minecraft,Capa de la Pelicula de Minecraft,"['gamepass', 'español', 'xbox', 'xboxone', 'Español', 'capa', 'realm', 'pvp', 'minecraft', 'Recompensasdeespectador']",[],False
23,2025-03-22 12:16,Toxicmatt565,en,Minecraft,Playing Cobblemon,"['English', 'pokemoncontent', 'cobblemon', 'ViewerRewards']",[],False
23,2025-03-22 12:16,Aleexia,es,Overwatch 2,✨ DROPS CAJITAS - TOP 500 PARA VARIAR ✨ !tip,"['Español', 'Rankeds', 'Top500', 'DropsActivados']",[],False
23,2025-03-22 12:16,Toniki,es,Overwatch 2,🟢DROPS CAJAS DE BOTÍN🟢JUGAMOS FREJA!! Y LUEGO !FACEIT PUGS🔴,"['Español', 'competitivo', 'ranked', 'DPS', 'Top500', 'overwatch2', 'DropsActivados']",[],False
23,2025-03-22 12:16,MrHugo,es,Minecraft,DROPS | CAPA ESPECIAL DE PELICULA DE MINECRAFT | VER DIRECTO 3 MINUTOS! | !drops,"['Español', 'minecraft', 'MINECRAFT', 'drops', 'Recompensasdeespectador']",[],False
23,2025-03-22 12:16,DjMaRiiO,es,Kings League,HOY JUEGA LA MOSTOLETA !! ULTIMATE MOSTOLES - xBUYER,"['DJMARIO', 'DJMARIIO', 'FIFA', 'FC', 'Español', 'KINGSLEAGUE', 'FINALFOUR', 'KINGDOM', 'ULTIMATEMOSTOLES', 'FC25']",[],False
23,2025-03-22 12:17,ry1zze_,ru,Counter-Strike,"вау (без женщин, но ищет милфу)","['Русский', 'Shooter', 'counetstrike2', 'faceit', 'roblox', 'Богатый', 'вырос', 'CS2', 'афкстример', 'fragpunk']",['MatureGame'],False
23,2025-03-22 12:17,blllIIIz,ru,Standoff 2,"наводим суету lvl upp + открытие кейсов , дуэли , мм , кастом !донат !тг !мем !баллы !прайс","['общение', 'донат', 'мемы', 'рек', 'рекомендации', 'фарм', 'стандофф2', 'cs', 'имбастрим', 'Русский']",['MatureGame'],False
23,2025-03-22 12:17,Red_MantisMLG,ru,ROBLOX,Почти выспанный стрим),"['roblox', 'юмор', 'чилл', 'ТЯЖЕЛО', 'Русский']",[],False
24,2025-03-22 12:26,Toxicmatt565,en,Minecraft,Playing Cobblemon,"['English', 'pokemoncontent', 'cobblemon', 'ViewerRewards']",[],False
24,2025-03-22 12:26,SrVnthony,es,Grand Theft Auto V,💎 GTA ONLINE PS4 💎 Cheteo y venta de cuentas | KDD | CarMeets | LS | Rutas | Carreras | Tradeos y Mucho más...,"['Español', 'PS5', 'PS4']",['MatureGame'],False
24,2025-03-22 12:26,Gast0nsito,es,Just Chatting,STREAM ESPECIAL 12 HORAS  | !redes !steam !musica,['Español'],[],True
24,2025-03-22 12:26,Lozaanoo_,es,Just Chatting,Sábado para pecar😈❗redes ❗cofres ❗horario,"['Español', 'España', 'LATAM', 'marvel', 'chill', 'madrid', 'PC', 'Variedad', 'PequeñaGranComunidad', 'Español']",[],False
24,2025-03-22 12:26,lily_sweetsoul,en,VALORANT,❤️MY JOURNEY TO IMMORTAL/RADIANT😊JOIN MY !DISCORD 👈,"['English', 'Hebrew', 'funny', 'valorant', 'Competitive', 'repo']",[],False
24,2025-03-22 12:26,DjMaRiiO,es,Kings League,HOY JUEGA LA MOSTOLETA !! ULTIMATE MOSTOLES - xBUYER,"['DJMARIO', 'DJMARIIO', 'FIFA', 'FC', 'Español', 'KINGSLEAGUE', 'FINALFOUR', 'KINGDOM', 'ULTIMATEMOSTOLES', 'FC25']",[],False
24,2025-03-22 12:26,iamKnooby,es,Fortnite,PRIVADAS con PREMIO | !agregar | !wsp | CODIGO KNOOBY | !redes👾,"['Español', 'knooby', 'iamknooby', 'Shooter', 'privadas']",[],False
24,2025-03-22 12:26,DEEELAROSA,es,Fortnite,SUB = REGALO 🟥 PARTIDAS PRIVADAS de FORTNITE con PREMIO 🟥 - ❗ventajas ❗regalo ❗raid,"['Español', 'Jugarconespectadores', 'privadas', 'customs', 'partidasprivadas', 'outfit', 'jugandoconseguidores', 'jugandoconespectadores', 'sorteo', 'premio']",[],False
24,2025-03-22 12:27,adriiaan_13,es,Fortnite,Rankeds!!✨💯,"['jugandoconseguidores', 'disfrutando', 'Español']",[],False
25,2025-03-22 12:34,Toxicmatt565,en,Minecraft,Playing Cobblemon,"['English', 'pokemoncontent', 'cobblemon', 'ViewerRewards']",[],False
25,2025-03-22 12:34,SrVnthony,es,Grand Theft Auto V,💎 GTA ONLINE PS4 💎 Cheteo y venta de cuentas | KDD | CarMeets | LS | Rutas | Carreras | Tradeos y Mucho más...,"['Español', 'PS5', 'PS4']",['MatureGame'],False
25,2025-03-22 12:34,Lozaanoo_,es,Just Chatting,Sábado para pecar😈❗redes ❗cofres ❗horario,"['Español', 'España', 'LATAM', 'marvel', 'chill', 'madrid', 'PC', 'Variedad', 'PequeñaGranComunidad', 'Español']",[],False
25,2025-03-22 12:34,lily_sweetsoul,en,VALORANT,❤️MY JOURNEY TO IMMORTAL/RADIANT😊JOIN MY !DISCORD 👈,"['English', 'Hebrew', 'funny', 'valorant', 'Competitive', 'repo']",[],False
25,2025-03-22 12:34,DjMaRiiO,es,Kings League,HOY JUEGA LA MOSTOLETA !! ULTIMATE MOSTOLES - xBUYER,"['DJMARIO', 'DJMARIIO', 'FIFA', 'FC', 'Español', 'KINGSLEAGUE', 'FINALFOUR', 'KINGDOM', 'ULTIMATEMOSTOLES', 'FC25']",[],False
25,2025-03-22 12:34,brightahri,es,Fortnite,+18 [ARG]Stream corto en fornite✨💜,"['Argentina', 'LeagueOfLegends', 'Español', 'Latam', 'Phasmophobia', 'Español']",[],False
25,2025-03-22 12:34,まぽべえ,ja,VALORANT,突然のふるぱ,['日本語'],[],False
25,2025-03-22 12:34,もかさかな,ja,VALORANT,1000人記念配信！たくさん発表ある ！今参加型中です,"['日本語', '女性配信者', '博多弁', '新人Vtuber']",[],False
25,2025-03-22 12:34,ちゅなち,ja,VALORANT,プラチナ耐久パート２いきます！フォローコメントうれしいです！,"['ゲーム発狂', 'VALOARANT', 'ADHD', '日本語', 'ゲーム雑談', 'ゆるゆる配信', '初心者', 'VALORANTおともだち募集', '初見さん大歓迎', '参加型']",[],False
26,2025-03-22 16:01,HHhover,es,Fortnite,🏆TORNEO 5K DE PAVOS con SEGUIDORES  💰 nueva lara croft| !id | Fashion Show - Escondidas - Minijuegos - Outfits,"['Español', 'HoverHH', 'fashionshow', 'outfits', 'jugandoconseguidores', 'partidasprivadas', 'JugandoChill', 'privadasfortnite']",[],False
26,2025-03-22 16:01,abcjaybay,en,ROBLOX,CARRYING VIEWERS IN WARBRINGER AOTR JOIN UP || FACE REVEAL AT 50 SUBS!!!,"['English', 'funnystream', 'chill', 'roblox', 'aotr', 'aotrevolution', 'attackontitanrevolution']",[],False
26,2025-03-22 16:01,lily_sweetsoul,en,R.E.P.O.,❤️MY JOURNEY TO IMMORTAL/RADIANT😊JOIN MY !DISCORD 👈,"['English', 'Hebrew', 'funny', 'valorant', 'Competitive', 'repo']",[],False
26,2025-03-22 16:01,Toxicmatt565,en,Minecraft,Playing Cobblemon,"['English', 'pokemoncontent', 'cobblemon', 'ViewerRewards']",[],False
26,2025-03-22 16:01,Gast0nsito,es,Fortnite,STREAM ESPECIAL 12 HORAS  | !redes !steam !musica,['Español'],[],True
26,2025-03-22 16:01,Toniki,es,Overwatch 2,🟢DROPS CAJAS DE BOTÍN🟢JUGAMOS FREJA!! Y LUEGO !FACEIT PUGS🔴,"['Español', 'competitivo', 'ranked', 'DPS', 'Top500', 'overwatch2', 'DropsActivados']",[],False
26,2025-03-22 16:01,whoisrazer,ru,Grand Theft Auto V,🔥GRAPESEED🔥NO ZAZA 30/30🔥PROMO RAZER,['Русский'],['MatureGame'],False
26,2025-03-22 16:01,night1world,ru,Grand Theft Auto V,ЛИДЕРКА LSPD В GTA5 RP Grapeseed!!!,"['Русский', 'ＧTA5', 'gta5rp']",['MatureGame'],False
26,2025-03-22 16:01,drago_0o,ru,Grand Theft Auto V,Тут гив на маджы )  | ALLEGRI ФАМИЛИЯ   | /promo flory | Подписывайся на - TG |,"['Русский', 'FLORY', 'GTAⅤ', 'Majestic', 'AG', 'Allegri', 'мусорныймассив']",['MatureGame'],False
27,2025-03-22 16:08,HHhover,es,Fortnite,🏆TORNEO 5K DE PAVOS con SEGUIDORES  💰 nueva lara croft| !id | Fashion Show - Escondidas - Minijuegos - Outfits,"['Español', 'HoverHH', 'fashionshow', 'outfits', 'jugandoconseguidores', 'partidasprivadas', 'JugandoChill', 'privadasfortnite']",[],False
27,2025-03-22 16:08,Toxicmatt565,en,Minecraft,Playing Cobblemon,"['English', 'pokemoncontent', 'cobblemon', 'ViewerRewards']",[],False
27,2025-03-22 16:08,jr2312_xd,es,Just Chatting,🟨DANDOLE DURO RACHAA 🗣🔥🟨 SI ME SIGUES TE REGALO UNA MANZANA ;).,"['minecraft', 'elmariana', 'ibai', 'elrubius', 'roblox', 'Español', 'LATAM', 'charlando', 'justchatting']",[],False
27,2025-03-22 16:08,abcjaybay,en,ROBLOX,CARRYING VIEWERS IN WARBRINGER AOTR JOIN UP || FACE REVEAL AT 50 SUBS!!!,"['English', 'funnystream', 'chill', 'roblox', 'aotr', 'aotrevolution', 'attackontitanrevolution']",[],False
27,2025-03-22 16:08,Gast0nsito,es,Fortnite,STREAM ESPECIAL 12 HORAS  | !redes !steam !musica,['Español'],[],True
27,2025-03-22 16:08,lily_sweetsoul,en,R.E.P.O.,❤️MY JOURNEY TO IMMORTAL/RADIANT😊JOIN MY !DISCORD 👈,"['English', 'Hebrew', 'funny', 'valorant', 'Competitive', 'repo']",[],False
27,2025-03-22 16:08,b0rja,es,VALORANT,NO CIERRO STREAM HASTA RADIANT 🍃 RADIANT DISIPLIN 🍃 Día 10. - !pesca !pescar !redes !sorteo pack de skins,"['España', 'Valorant', 'Español', 'canarias', 'b0rja', 'b0rjacs', 'SpainRP', 'josecherno', 'duoq', 'KRÜ']",[],False
27,2025-03-22 16:08,Mixwell,es,VALORANT,[ES] OTAKAR JUEGA PREMIER - WATCHPARTY con @StarWraith y luego VCT Americas // !opgg !redes,"['Español', 'valorant', 'watchparty', 'pro']",[],False
27,2025-03-22 16:09,Grimm,en,VALORANT,RADIANT SAGE GAMING,['English'],[],False
28,2025-03-22 16:20,HHhover,es,Fortnite,🏆TORNEO 5K DE PAVOS con SEGUIDORES  💰 nueva lara croft| !id | Fashion Show - Escondidas - Minijuegos - Outfits,"['Español', 'HoverHH', 'fashionshow', 'outfits', 'jugandoconseguidores', 'partidasprivadas', 'JugandoChill', 'privadasfortnite']",[],False
28,2025-03-22 16:20,abcjaybay,en,ROBLOX,CARRYING VIEWERS IN WARBRINGER AOTR JOIN UP || FACE REVEAL AT 50 SUBS!!!,"['English', 'funnystream', 'chill', 'roblox', 'aotr', 'aotrevolution', 'attackontitanrevolution']",[],False
28,2025-03-22 16:20,kingsleague,es,Kings League,Porcinas FC vs. Aniquiladoras FC 👑 JORNADA 6 - Queens League Oysho Spain ⚽ #QUEENSLEAGUEJ6,"['KingsLeague', 'Español', 'QueensLeague', 'KingsWorldCup']",[],False
28,2025-03-22 16:20,ibai,es,League of Legends,7 Días Siendo Jugador Profesional - Día 6 - Jugamos vs ElMillor y MOVISTAR KOI LEC.,"['Español', 'IRL', 'Chatting', 'KOI']",[],False
28,2025-03-22 16:20,soydanielpiedra,es,Minecraft,Capa de la Pelicula de Minecraft,"['gamepass', 'español', 'xbox', 'xboxone', 'Español', 'capa', 'realm', 'pvp', 'minecraft', 'Recompensasdeespectador']",[],False
28,2025-03-22 16:20,Rinnastarr,es,Fortnite,🙌🏻 Torneito x skins en DUOS 🔥 !id !dc,"['Español', 'gamestreaming', 'Shooter', '18maturelanguage', 'English', 'JugamosConSeguidores', 'fortnitegaminglive', 'torneofortnite', 'Fortnite', 'FortniteFestival']",[],False
28,2025-03-22 16:20,dobrynin_,ru,Counter-Strike,День 36. Учимся играть CS 2 (мм-ки) -> День 3. Катаем в FACEIT,"['CS2', 'warzone', 'newstreamer', 'Multiplayer', 'Русский', 'SIGMA']",['MatureGame'],False
28,2025-03-22 16:20,jac_mush,ru,Counter-Strike,"СКИН ЗА ФОЛОВ, ИГРАЮ РЕЙТИНГ КС2 , СКИНЫ ЗА БАЛЛЫ, ОБЩЕНИЕ, CS2 , КОНКУРС НА СКИН","['СкиныЗаПодписку', 'СтримCS2', 'халявныескины', 'раздачаскиновкс2', 'скинызабаллы', 'скинызафолов', 'csgoскины', 'раздачаскиновкс2', '10lvlфейсита', 'рейтингкс2']",['MatureGame'],False
28,2025-03-22 16:20,f0rmalina,ru,Counter-Strike,ХАЛЯВА БУДЕТ !tg,['Русский'],['MatureGame'],False
29,2025-03-22 20:01,HHhover,es,Fortnite,🏆TORNEO 5K DE PAVOS con SEGUIDORES  💰 nueva lara croft| !id | Fashion Show - Escondidas - Minijuegos - Outfits,"['Español', 'HoverHH', 'fashionshow', 'outfits', 'jugandoconseguidores', 'partidasprivadas', 'JugandoChill', 'privadasfortnite']",[],False
29,2025-03-22 20:01,famel19,pt,Counter-Strike,#chill,"['portugues', 'premier', 'Português']",['MatureGame'],False
29,2025-03-22 20:01,oscarpainz_,es,Grand Theft Auto V,[PS4]🔥ÚNETE A JUGAR CARRERAS🔥|❗id |❗unirse|❗ds,"['Español', 'gta', 'LGBT', 'carreras', 'PS4', 'jugandoconseguidores']",['MatureGame'],False
29,2025-03-22 20:01,koswaal,es,Minecraft,sábado chill | DROPS | !ip !dc !pagomovil,"['Español', 'venezuela', 'Latam', 'drops', 'Recompensasdeespectador']",[],False
29,2025-03-22 20:01,Gast0nsito,es,Fortnite,STREAM ESPECIAL 12 HORAS  | !redes !steam !musica,['Español'],[],True
29,2025-03-22 20:01,Toxicmatt565,en,Minecraft,Playing Cobblemon,"['English', 'pokemoncontent', 'cobblemon', 'ViewerRewards']",[],False
29,2025-03-22 20:01,WillJinkies,en,Just Chatting,Day 2 of The Year of the Doll! !SUBATHON [18+] !throne !socials !youtube,"['English', 'Transgender', 'findom', 'Queer', 'communist', 'Boston', 'puppygirl', 'Queer', 'Trans', 'CrowdControl']",[],False
29,2025-03-22 20:01,HarleenDoesStuff,en,Fortnite,Saturday is for Slurs!! | !light !throne,"['LGBTQIAPlus', 'nonbinanry', 'Disabled', '18pluschannel', 'Drag', 'English', 'AuDHD']",[],False
29,2025-03-22 20:01,thundergunn7,en,Marvel Rivals,It's Tournament Dayyyyyyy UwU @zack_ariah @earlhere @matchafierce @catnipthegreat @visioninlilac / Try !hug !sniff !spoon !tacklehug !star,"['English', 'DropsEnabled']",[],False
30,2025-03-22 20:11,HHhover,es,Fortnite,🏆TORNEO 5K DE PAVOS con SEGUIDORES  💰 nueva lara croft| !id | Fashion Show - Escondidas - Minijuegos - Outfits,"['Español', 'HoverHH', 'fashionshow', 'outfits', 'jugandoconseguidores', 'partidasprivadas', 'JugandoChill', 'privadasfortnite']",[],False
30,2025-03-22 20:11,famel19,pt,Counter-Strike,#chill,"['portugues', 'premier', 'Português']",['MatureGame'],False
30,2025-03-22 20:11,oscarpainz_,es,Grand Theft Auto V,[PS4]🔥ÚNETE A JUGAR CARRERAS🔥|❗id |❗unirse|❗ds,"['Español', 'gta', 'LGBT', 'carreras', 'PS4', 'jugandoconseguidores']",['MatureGame'],False
30,2025-03-22 20:11,lilfishbro,es,Bleach: Rebirth of Souls,🗿 🥵EMPEZAMOS EL NUEVO BLEACH PAPUS🥵 🗿 !discord !tula,"['humor', 'español', 'risa', 'chatting', 'Chattingwtihviewers', 'Español', 'StreamGamer']",[],False
30,2025-03-22 20:11,koswaal,es,Minecraft,sábado chill | DROPS | !ip !dc !pagomovil,"['Español', 'venezuela', 'Latam', 'drops', 'Recompensasdeespectador']",[],False
30,2025-03-22 20:11,Gast0nsito,es,Fortnite,STREAM ESPECIAL 12 HORAS  | !redes !steam !musica,['Español'],[],True
30,2025-03-22 20:12,chekeloco,es,Grand Theft Auto V,[Ps4/5] SORTEO ESPECIAL 1K DE SEGUIDORES!! |  !id !discord,"['Español', 'gta', 'gta5', 'GrandTheftAutoV', 'grandtheftauto', 'GrandTheftAuto5', 'PS4', 'PS4streaming', 'minecraft', 'Ⅿinecraft']",['MatureGame'],False
30,2025-03-22 20:12,jesuusquiiros,es,Grand Theft Auto V,(Ps4) Jugando actividades y lista de largas🩼📸🇸🇧👉🏼👈🏼,['Español'],['MatureGame'],False
30,2025-03-22 20:12,madrilesjavier,es,Grand Theft Auto V,LARGAS MINI JUEGOS Y MAS VAMOS A JUGAR  CON  MADRILESJAVIER CREATOR 🍺🔔🍸 !ext !redes,"['Español', 'comunidad', 'charlando', 'reaccionando', 'gtaonline', 'creador', 'actividades', 'divertido', 'gta5', 'jugandoconespoectadores']",['MatureGame'],False
31,2025-03-22 20:18,HHhover,es,Fortnite,🏆TORNEO 5K DE PAVOS con SEGUIDORES  💰 nueva lara croft| !id | Fashion Show - Escondidas - Minijuegos - Outfits,"['Español', 'HoverHH', 'fashionshow', 'outfits', 'jugandoconseguidores', 'partidasprivadas', 'JugandoChill', 'privadasfortnite']",[],False
31,2025-03-22 20:19,famel19,pt,Counter-Strike,#chill,"['portugues', 'premier', 'Português']",['MatureGame'],False
31,2025-03-22 20:19,oscarpainz_,es,Grand Theft Auto V,[PS4]🔥ÚNETE A JUGAR CARRERAS🔥|❗id |❗unirse|❗ds,"['Español', 'gta', 'LGBT', 'carreras', 'PS4', 'jugandoconseguidores']",['MatureGame'],False
31,2025-03-22 20:19,lilfishbro,es,Bleach: Rebirth of Souls,🗿 🥵EMPEZAMOS EL NUEVO BLEACH PAPUS🥵 🗿 !discord !tula,"['humor', 'español', 'risa', 'chatting', 'Chattingwtihviewers', 'Español', 'StreamGamer']",[],False
31,2025-03-22 20:19,koswaal,es,Minecraft,sábado chill | DROPS | !ip !dc !pagomovil,"['Español', 'venezuela', 'Latam', 'drops', 'Recompensasdeespectador']",[],False
31,2025-03-22 20:19,Gast0nsito,es,Just Chatting,STREAM ESPECIAL 12 HORAS  | !redes !steam !musica,['Español'],[],True
31,2025-03-22 20:19,MatGomesz,pt,Sea of Thieves,🟡❗DROPS ON🟡Live de Fim de semana da comunidade! ft. @Sr_Platino |❗olivia | Epic CODE: MatGomesz #ad |❗noping,"['PvP', 'PvE', 'Aventura', 'Survival', 'Português', 'Coop', 'Xbox', 'PS5', 'Trocação', 'DropsAtivados']",[],False
31,2025-03-22 20:19,DorSmiley,pt,Sea of Thieves,🟢Drops on|  Pulheta  | Parceiro do @lendasdomar e CSoTBR !Comandos !drops !tdm,"['Ação', 'Aventura', 'Comédia', 'Português', 'Xingamentos', 'seaofthieves', 'PvEPvP', 'SoTPvp', 'seaofthieveseason15', 'aloneinthedark']",['ProfanityVulgarity'],False
31,2025-03-22 20:19,Spuleta,pt,Just Chatting,🟢 DROPS ON 🟢 DIA DA COMUNIDADE! #PCGamePassPartner ❗️pix ❗️café ❗️meta - S05E11,"['musicas', 'Português']",[],False
32,2025-03-22 20:27,famel19,pt,Counter-Strike,#chill,"['portugues', 'premier', 'Português']",['MatureGame'],False
32,2025-03-22 20:27,lilfishbro,es,Bleach: Rebirth of Souls,🗿 🥵EMPEZAMOS EL NUEVO BLEACH PAPUS🥵 🗿 !discord !tula,"['humor', 'español', 'risa', 'chatting', 'Chattingwtihviewers', 'Español', 'StreamGamer']",[],False
32,2025-03-22 20:28,oscarpainz_,es,Grand Theft Auto V,[PS4]🔥ÚNETE A JUGAR CARRERAS🔥|❗id |❗unirse|❗ds,"['Español', 'gta', 'LGBT', 'carreras', 'PS4', 'jugandoconseguidores']",['MatureGame'],False
32,2025-03-22 20:28,koswaal,es,Minecraft,sábado chill | DROPS | !ip !dc !pagomovil,"['Español', 'venezuela', 'Latam', 'drops', 'Recompensasdeespectador']",[],False
32,2025-03-22 20:28,Gast0nsito,es,Just Chatting,STREAM ESPECIAL 12 HORAS  | !redes !steam !musica,['Español'],[],True
32,2025-03-22 20:28,Toxicmatt565,en,Minecraft,Playing Cobblemon,"['English', 'pokemoncontent', 'cobblemon', 'ViewerRewards']",[],False
32,2025-03-22 20:28,TeamCaptain001,en,Marvel Rivals,[DROPS]FIRST ****SHOW SATURDAY😎WHEEL OF DOOM TODAY😤 ONE ABOVE ALL GAMING | !video !guide !cosplay !TTS !rules,"['Scottish', 'GInger', 'ｖtuber', 'Sexyboy', 'forsen', 'English', 'wolverine', 'ADHD', 'top500', 'DropsEnabled']",[],False
32,2025-03-22 20:28,MarvelRivals,en,Marvel Rivals,Marvel Rivals Invitational 2025 NA Day 5 (UTC-5）,"['TPS', 'English', 'superhero', 'Shooter', '6v6', 'marvelrivals', 'Action', 'DropsEnabled']",[],False
32,2025-03-22 20:28,NoDamageRocket,en,Marvel Rivals,"(Eternity) NoDmgRocket's Awesome climb to OAA with friends 🦝 ! [!banned, !elo, !discord, !7tv, !graphics]","['English', 'marvelrivals', 'nomic', 'nodmgrocket', 'NoDamageRocket', 'RocketRaccoon', 'DropsEnabled']",[],False
33,2025-03-22 20:38,famel19,pt,Counter-Strike,#chill,"['portugues', 'premier', 'Português']",['MatureGame'],False
33,2025-03-22 20:38,oscarpainz_,es,Grand Theft Auto V,[PS4]🔥ÚNETE A JUGAR CARRERAS🔥|❗id |❗unirse|❗ds,"['Español', 'gta', 'LGBT', 'carreras', 'PS4', 'jugandoconseguidores']",['MatureGame'],False
33,2025-03-22 20:38,lilfishbro,es,Bleach: Rebirth of Souls,🗿 🥵EMPEZAMOS EL NUEVO BLEACH PAPUS🥵 🗿 !discord !tula,"['humor', 'español', 'risa', 'chatting', 'Chattingwtihviewers', 'Español', 'StreamGamer']",[],False
33,2025-03-22 20:38,koswaal,es,Minecraft,sábado chill | DROPS | !ip !dc !pagomovil,"['Español', 'venezuela', 'Latam', 'drops', 'Recompensasdeespectador']",[],False
33,2025-03-22 20:38,Gast0nsito,es,Just Chatting,STREAM ESPECIAL 12 HORAS  | !redes !steam !musica,['Español'],[],True
33,2025-03-22 20:38,Toxicmatt565,en,Minecraft,Playing Cobblemon,"['English', 'pokemoncontent', 'cobblemon', 'ViewerRewards']",[],False
33,2025-03-22 20:38,angelitoss_,es,Minecraft,SE CANCELÓ EL POPPY PLAY TIME DE KARMA😱 | !whats !txt !capa !donoclips,"['Español', 'Repetir', 'Recompensasdeespectador']",['ProfanityVulgarity'],True
33,2025-03-22 20:38,RektStev,es,Haxball,JUGANDO CON SEGUIDORES EN UNIVERSOCRAFT MINECRAFT🙉  /!discord donoclips 100 bits 20 m mas y 1 sub 30m,"['Español', 'minecraft']",[],False
33,2025-03-22 20:38,YuwiinVT,es,Minecraft,"☠️⋆˚࿔ 🖤 💟 [ATAPADA POKEMON] DIA 2 ""YUWIIN Y SU TEAM EN BUSCA DE POKES"" 🖤࿔˚⋆ ☠️ | !redes🌸 | !discord🍄 | !steam🍓| !donacion💌| @YuwiinVT","['LGBT', 'Español', 'femboy', 'Vtuber', 'VtuberES', 'Peru', 'Perú', 'gotica', 'minecraft', 'pokemon']",['ProfanityVulgarity'],False
34,2025-03-23 00:01,NaraWho,es,Fortnite,Haciendo misiones en el fornai para escapar de la realidad🧡🐭 | Estoy emo #ClarenceEmo ✨,"['ElSalvador', 'Español', 'Fortnite', 'CEROWARS', 'cerowarsminecraft', 'minecraft', 'Vtuber', 'roblox']",[],False
34,2025-03-23 00:01,SainJimmy,es,Marvel Rivals,[ DROPS ACTIVOS  ] 🔴NO APAGO HASTA LLEGAR A DIAMANTE FR FR  💀💀💀💀🐀 | !sr !redes !7tv,"['Español', 'DropsActivados']",[],False
34,2025-03-23 00:01,Liam_Gameplay,es,ROBLOX,ME ENTREVISTAN EN ROBLOX ♥️ MINECRAFT LUEGO ROBLOX,"['roblox', 'español', 'doors', 'minecraft', 'Brookhaven', 'plsdonate', 'bloxburg', 'thehunt', 'liam', 'gamer']",[],False
34,2025-03-23 00:01,Zhaelem,es,Overwatch 2,OW CLOUT !sr,"['Español', 'DropsActivados']","['ProfanityVulgarity', 'ViolentGraphic']",False
34,2025-03-23 00:01,HHhover,es,Fortnite,🏆TORNEO 5K DE PAVOS con SEGUIDORES  💰 nueva lara croft| !id | Fashion Show - Escondidas - Minijuegos - Outfits,"['Español', 'HoverHH', 'fashionshow', 'outfits', 'jugandoconseguidores', 'partidasprivadas', 'JugandoChill', 'privadasfortnite']",[],False
34,2025-03-23 00:01,jason260121,es,ROBLOX,🫂♥️Dead rails con ustedes 🫂♥️ (siganme para unirse) !user !discord! yt !tiktok (no acepto solis)🌊🐬,"['Español', 'hablandoconelchat', 'jugandoconseguidores']",['ProfanityVulgarity'],False
34,2025-03-23 00:01,ismielsita_kitsune,es,Overwatch 2,🌸 [18+] FELIZ SABADO DE OVERWATCH2 JUGANDO Y CHARLANDO CON MIS KITSUNES,"['argentina', 'charla', 'Español', 'alegre', 'overwatch2', 'fornite', 'vtuberargentina', 'Repetir', 'DropsActivados']",[],False
34,2025-03-23 00:01,Konirah,es,VALORANT,✿✧(ɔ◔‿◔)ɔ ♥ Oa✧ ﾟ✿ !𝙘𝙤𝙢𝙖𝙣𝙙𝙤𝙨 !𝙙𝙞𝙨𝙘𝙤𝙧𝙙 !𝙫𝙖𝙡𝙤,"['Español', 'Perú', 'Argentina', 'Bolivia', 'Colombia', 'lima', 'Chile', 'ＧＡＭＥ', 'Vtuber', 'ASMR']",[],False
34,2025-03-23 00:01,DPipeC,es,VALORANT,Sabaduuu CON s De Son dos strim hoy?? 2 de 2 cumpliendo y subiendo en valorant - SOY EPAL🗣️- entre mas amistad mas respeto!!👻🥶🔥🫵🥵💥☝️,"['colombia', 'pipe', 'Español', 'valorant', 'RankedValorant', 'VALORAN', 'SUBIENDODEHIERROARADIANTE', 'dehierroaradiante', 'hierroaradianteen30dias', 'DPIPEC']",[],False
35,2025-03-23 00:12,HHhover,es,Fortnite,🏆TORNEO 5K DE PAVOS con SEGUIDORES  💰 nueva lara croft| !id | Fashion Show - Escondidas - Minijuegos - Outfits,"['Español', 'HoverHH', 'fashionshow', 'outfits', 'jugandoconseguidores', 'partidasprivadas', 'JugandoChill', 'privadasfortnite']",[],False
35,2025-03-23 00:12,jason260121,es,ROBLOX,🫂♥️Dead rails con ustedes 🫂♥️ (siganme para unirse) !user !discord! yt !tiktok (no acepto solis)🌊🐬,"['Español', 'hablandoconelchat', 'jugandoconseguidores']",['ProfanityVulgarity'],False
35,2025-03-23 00:12,RealKiRRol,es,Banjo-Tooie,El Loco y el Afro inician su viaje con el Oso y el Pajaro en BANJO-TOOIE,"['chill', 'relax', 'reacciones', 'videos', 'gameplay', 'nintendo', 'xbox', 'reaccion', 'meme', 'fortnite']",[],False
35,2025-03-23 00:12,Gast0nsito,es,Just Chatting,STREAM ESPECIAL 12 HORAS  | !redes !steam !musica,['Español'],[],True
35,2025-03-23 00:12,SainJimmy,es,Marvel Rivals,[ DROPS ACTIVOS  ] 🔴NO APAGO HASTA LLEGAR A DIAMANTE FR FR  💀💀💀💀🐀 | !sr !redes !7tv,"['Español', 'DropsActivados']",[],False
35,2025-03-23 00:12,Liam_Gameplay,es,ROBLOX,ME ENTREVISTAN EN ROBLOX ♥️ MINECRAFT LUEGO ROBLOX,"['roblox', 'español', 'doors', 'minecraft', 'Brookhaven', 'plsdonate', 'bloxburg', 'thehunt', 'liam', 'gamer']",[],False
35,2025-03-23 00:12,MurakamiVT,es,Just Chatting,🖤 Sabado de saborear a tu Gótico ¿Queri mimos? ¿Quieres amor? 🌕,"['Español', 'Vtuber', 'VtuberES', 'Argentina', 'Perú', 'Mèxico', 'Chile', 'Preguntaloquequieras', 'Gothic', 'Colombia']",[],False
35,2025-03-23 00:12,ale_vale,es,Fortnite,💙 Día 75 de extensible 💙⋆˚࿔ | Lurk porfis ♡,"['vtuber', 'Español', 'leagueoflegends', 'vstreamer', 'anime', 'LurkFriendly', 'mujer']",[],False
35,2025-03-23 00:12,ElCoffeeVT,es,Overwatch 2,ESTABA PARALIZADO CON MUCHO MIEDO Y NO ME PODIA MOVER | !cofre !memide !dc !ruleta,"['Español', 'roblox', 'minecraft', 'extensible', 'Vtuber', 'Fortnite', 'Latam', 'amongus', 'Peru', 'overwatch']",[],False
36,2025-03-23 00:19,HHhover,es,Fortnite,🏆TORNEO 5K DE PAVOS con SEGUIDORES  💰 nueva lara croft| !id | Fashion Show - Escondidas - Minijuegos - Outfits,"['Español', 'HoverHH', 'fashionshow', 'outfits', 'jugandoconseguidores', 'partidasprivadas', 'JugandoChill', 'privadasfortnite']",[],False
36,2025-03-23 00:19,jason260121,es,ROBLOX,🫂♥️Dead rails con ustedes 🫂♥️ (siganme para unirse) !user !discord! yt !tiktok (no acepto solis)🌊🐬,"['Español', 'hablandoconelchat', 'jugandoconseguidores']",['ProfanityVulgarity'],False
36,2025-03-23 00:19,RealKiRRol,es,Banjo-Tooie,El Loco y el Afro inician su viaje con el Oso y el Pajaro en BANJO-TOOIE,"['chill', 'relax', 'reacciones', 'videos', 'gameplay', 'nintendo', 'xbox', 'reaccion', 'meme', 'fortnite']",[],False
36,2025-03-23 00:19,Gast0nsito,es,Just Chatting,STREAM ESPECIAL 12 HORAS  | !redes !steam !musica,['Español'],[],True
36,2025-03-23 00:19,SainJimmy,es,Marvel Rivals,[ DROPS ACTIVOS  ] 🔴NO APAGO HASTA LLEGAR A DIAMANTE FR FR  💀💀💀💀🐀 | !sr !redes !7tv,"['Español', 'DropsActivados']",[],False
36,2025-03-23 00:19,Ivanadaba,es,VALORANT,🤍SUBIENDO? EN VALORANT🤍,"['Español', 'Queerfriendly', 'chattingwithviewers', 'English', 'fornite', 'playingwithhviewers', 'Latina', 'México', 'LGBTAQIASafeSpace']",[],False
36,2025-03-23 00:19,Cibergun,es,Minecraft,🎁DROPS MINECRAFT🎁 🟥    Capa GRATIS || Free CAPE  - Java / Bedrock Edition - Con trucos y curiosidades de Minecraft !Cape !drop,"['Minecraft', 'drops', 'Drop', 'minecraft', 'DropsEnabled', 'DropsActivados', 'capa', 'drops', 'cape', 'Español']",[],False
36,2025-03-23 00:19,soydanielpiedra,es,Minecraft,Capa de la Pelicula de Minecraft,"['gamepass', 'español', 'xbox', 'xboxone', 'Español', 'capa', 'realm', 'pvp', 'minecraft', 'Recompensasdeespectador']",[],False
36,2025-03-23 00:20,AjaxBuilds,es,Minecraft,⛔CAPA GRATIS⛔VOLVIÓ LA CHAMBA!!⛔8/320 LINEAS!⛔SURVIVAL PERFECTO +3900 DIAS!⛔/ S.P. 296,"['Español', 'minecraft', 'builds', 'ajax', 'ajaxbuild', 'chill', 'Recompensasdeespectador']",[],False
37,2025-03-23 04:01,SmileMiel,es,VALORANT,🌸| vtuber|🌸| EXTENSIBLE DÍA 7 y ¿ULTIMO? 🌸 !s !discord,"['Vtuber', 'LATAM', 'VtuberMx', 'gamer', 'VTuber2D', 'Chıll', 'Español']",[],False
37,2025-03-23 04:01,Cibergun,es,Minecraft,🎁DROPS MINECRAFT🎁 🟥    Capa GRATIS || Free CAPE  - Java / Bedrock Edition - Con trucos y curiosidades de Minecraft !Cape !drop,"['Minecraft', 'drops', 'Drop', 'minecraft', 'DropsEnabled', 'DropsActivados', 'capa', 'drops', 'cape', 'Español']",[],False
37,2025-03-23 04:01,Lucyuuwu,es,League of Legends,HOLAAAAAAAAAAAAAAAAAAA,"['uwu', 'lol', 'Español', 'Mujer']",['ProfanityVulgarity'],False
37,2025-03-23 04:01,SainJimmy,es,Marvel Rivals,[ DROPS ACTIVOS  ] 🔴NO APAGO HASTA LLEGAR A DIAMANTE FR FR  💀💀💀💀🐀 | !sr !redes !7tv,"['Español', 'DropsActivados']",[],False
37,2025-03-23 04:01,MrHugo,es,Minecraft,DROPS | CAPA ESPECIAL DE PELICULA DE MINECRAFT | VER DIRECTO 3 MINUTOS! | !drops,"['Español', 'minecraft', 'MINECRAFT', 'drops', 'Recompensasdeespectador']",[],False
37,2025-03-23 04:01,Caslynj,es,Fortnite,"Estaba aburrida, me acompañas?","['Repetir', 'Español', 'chicagamer', 'fortnitegaminglive']",[],False
38,2025-03-23 04:09,Cibergun,es,Minecraft,🎁DROPS MINECRAFT🎁 🟥    Capa GRATIS || Free CAPE  - Java / Bedrock Edition - Con trucos y curiosidades de Minecraft !Cape !drop,"['Minecraft', 'drops', 'Drop', 'minecraft', 'DropsEnabled', 'DropsActivados', 'capa', 'drops', 'cape', 'Español']",[],False
38,2025-03-23 04:09,Lucyuuwu,es,League of Legends,HOLAAAAAAAAAAAAAAAAAAA,"['uwu', 'lol', 'Español', 'Mujer']",['ProfanityVulgarity'],False
38,2025-03-23 04:09,SmileMiel,es,VALORANT,🌸| vtuber|🌸| EXTENSIBLE DÍA 7 y ¿ULTIMO? 🌸 !s !discord,"['Vtuber', 'LATAM', 'VtuberMx', 'gamer', 'VTuber2D', 'Chıll', 'Español']",[],False
38,2025-03-23 04:09,SainJimmy,es,Marvel Rivals,[ DROPS ACTIVOS  ] 🔴NO APAGO HASTA LLEGAR A DIAMANTE FR FR  💀💀💀💀🐀 | !sr !redes !7tv,"['Español', 'DropsActivados']",[],False
38,2025-03-23 04:09,Caslynj,es,Fortnite,"Estaba aburrida, me acompañas?","['Repetir', 'Español', 'chicagamer', 'fortnitegaminglive']",[],False
38,2025-03-23 04:09,ivaneliz0507,es,The Forest,+16 (EN/ES) Mirada de las mil yardas 😵‍💫,"['Español', 'ｖtuber', 'chilll', 'Mature']",['MatureGame'],False
38,2025-03-23 04:09,DuarteJI,es,R.E.P.O.,🔴JUGANDO CON UNOS REPUUU🔴1 --- IREDES !ID | Codigo De Epic : DUARTECIN,"['Español', 'México', 'minecrafit', 'chismesito', 'divertido', 'Rocketleaguegamer', 'Mx', 'RocketlLeague', 'fútbol']",['ProfanityVulgarity'],False
38,2025-03-23 04:09,TheRaizon,es,Just Chatting,AYUDAME A LLEGAR A LOS 700!- JUGANDO CON USTEDES Y HABLANDO :),"['Español', 'roblox', 'minecraft', 'Peru', 'charlando', 'backrooms']",[],False
38,2025-03-23 04:09,Cr00n00x,es,Fortnite,⚠️🔴🇲🇽🥵👉¡¡ SALSABADITOU PICOSITOOU !!👈🥵🇲🇽🔴¡¿Cuántas cabras se requieren para pilotear un taco de lengua !?⚠️🔴|❗Redes,"['Multijugador', 'Actividades', 'JugandoConSeguidores', 'Variedad', 'Chatting', 'Multiplayer', 'Español', 'carreras', 'Carreras']",[],False
39,2025-03-23 04:17,SmileMiel,es,VALORANT,🌸| vtuber|🌸| EXTENSIBLE DÍA 7 y ¿ULTIMO? 🌸 !s !discord,"['Vtuber', 'LATAM', 'VtuberMx', 'gamer', 'VTuber2D', 'Chıll', 'Español']",[],False
39,2025-03-23 04:17,Lucyuuwu,es,League of Legends,HOLAAAAAAAAAAAAAAAAAAA,"['uwu', 'lol', 'Español', 'Mujer']",['ProfanityVulgarity'],False
39,2025-03-23 04:17,Cibergun,es,Minecraft,🎁DROPS MINECRAFT🎁 🟥    Capa GRATIS || Free CAPE  - Java / Bedrock Edition - Con trucos y curiosidades de Minecraft !Cape !drop,"['Minecraft', 'drops', 'Drop', 'minecraft', 'DropsEnabled', 'DropsActivados', 'capa', 'drops', 'cape', 'Español']",[],False
39,2025-03-23 04:17,SainJimmy,es,Marvel Rivals,[ DROPS ACTIVOS  ] 🔴NO APAGO HASTA LLEGAR A DIAMANTE FR FR  💀💀💀💀🐀 | !sr !redes !7tv,"['Español', 'DropsActivados']",[],False
39,2025-03-23 04:17,Caslynj,es,Fortnite,"Estaba aburrida, me acompañas?","['Repetir', 'Español', 'chicagamer', 'fortnitegaminglive']",[],False
39,2025-03-23 04:18,Suwew,es,VALORANT,RANKS CHILL,"['México', 'Español', 'Gorylover']",[],False
39,2025-03-23 04:18,TeteTwitch21,es,Just Chatting,PIJAMADA REAL / @tetetwitch21 en todas mis redes,"['Español', 'Fortnite', 'girl', 'México', 'Latino', 'Michoacan']",[],False
39,2025-03-23 04:18,peluchesenpai,es,Just Chatting,"Estamos viendo ""SAO: Alicization""",['Español'],['SexualThemes'],False
39,2025-03-23 04:18,SoyJoel14,es,Fortnite,Twitch aceptame los emotes 🥺🥺|| Usa !streamloots,['Español'],[],False
40,2025-03-23 04:26,SmileMiel,es,VALORANT,🌸| vtuber|🌸| EXTENSIBLE DÍA 7 y ¿ULTIMO? 🌸 !s !discord,"['Vtuber', 'LATAM', 'VtuberMx', 'gamer', 'VTuber2D', 'Chıll', 'Español']",[],False
40,2025-03-23 04:26,Lucyuuwu,es,League of Legends,HOLAAAAAAAAAAAAAAAAAAA,"['uwu', 'lol', 'Español', 'Mujer']",['ProfanityVulgarity'],False
40,2025-03-23 04:26,Cibergun,es,Minecraft,🎁DROPS MINECRAFT🎁 🟥    Capa GRATIS || Free CAPE  - Java / Bedrock Edition - Con trucos y curiosidades de Minecraft !Cape !drop,"['Minecraft', 'drops', 'Drop', 'minecraft', 'DropsEnabled', 'DropsActivados', 'capa', 'drops', 'cape', 'Español']",[],False
40,2025-03-23 04:26,SainJimmy,es,Marvel Rivals,[ DROPS ACTIVOS  ] 🔴NO APAGO HASTA LLEGAR A DIAMANTE FR FR  💀💀💀💀🐀 | !sr !redes !7tv,"['Español', 'DropsActivados']",[],False
40,2025-03-23 04:26,Caslynj,es,Fortnite,"Estaba aburrida, me acompañas?","['Repetir', 'Español', 'chicagamer', 'fortnitegaminglive']",[],False
40,2025-03-23 04:26,Suwew,es,VALORANT,RANKS CHILL,"['México', 'Español', 'Gorylover']",[],False
40,2025-03-23 04:27,GeishaMonroe,en,Overwatch 2,* Evil Laugh* I'm sick again chat♥,"['LGBTQIA', 'Ally', 'chill', 'Anxiety', 'chatty', 'cozy', 'safespace', 'English', 'goth', 'DropsEnabled']","['ProfanityVulgarity', 'SexualThemes']",False
40,2025-03-23 04:27,Stitchy_Chaos,en,Marvel Rivals,{18+} Pop up stream cuz why not?✨🩷PURE CHAOSSSSS😏😈,"['English', 'DropsEnabled']",['ProfanityVulgarity'],False
40,2025-03-23 04:27,catbakeneko,en,ORDER 13,where can I give my resignation letter? !bnet !kofi !sus !discord,"['Vtuber', 'catgirl', 'Filipino', 'ChattingandPlaying', 'English', 'Gremlin', 'Vsinger', 'playingnwithviewers', 'PHVtuber', 'CuteVibes']",[],False
41,2025-03-23 08:01,Cibergun,es,Minecraft,🎁DROPS MINECRAFT🎁 🟥    Capa GRATIS || Free CAPE  - Java / Bedrock Edition - Con trucos y curiosidades de Minecraft !Cape !drop,"['Minecraft', 'drops', 'Drop', 'minecraft', 'DropsEnabled', 'DropsActivados', 'capa', 'drops', 'cape', 'Español']",[],False
41,2025-03-23 08:01,MrHugo,es,Minecraft,DROPS | CAPA ESPECIAL DE PELICULA DE MINECRAFT | VER DIRECTO 3 MINUTOS! | !drops,"['Español', 'minecraft', 'MINECRAFT', 'drops', 'Recompensasdeespectador']",[],False
41,2025-03-23 08:01,yerastian,es,Resident Evil 4,"24 HORAS, o eso espero","['chat', 'humor', 'REACTION', 'reaction', 'reacciones', 'a', 'Español']",['MatureGame'],False
41,2025-03-23 08:01,r0m493,es,Fortnite,TU SINVERGUENZA FAVORITO🙈FORNITE  🎮A POR LAS VICTORIAS 🥇EMOTES🐼/ESP +18,"['Español', 'gamer', 'live', 'shootergamer', 'RPG']",[],False
41,2025-03-23 08:01,Vaturox,es,Fortnite,[TJ] [VtuberES] STREAM CORTO COMO TU TU... @rosmay_ [1589/1600] !speak !discord !codigo,['Español'],[],False
41,2025-03-23 08:01,OficialJuanX,es,VALORANT,【VTUBER】 ¡JUGANDO THE FOREST Y CONTINUANDO MI INUNDADO MUNDO!,"['vtuber', 'Vtuber', 'Ｖｔｕｂｅｒ', 'vtubers', 'VtuberES', 'VtuberESP', 'ᴠᴛᴜʙᴇʀ', 'Colombia', 'Vtubercolombia', 'vtuberespañol']",[],False
41,2025-03-23 08:01,baronlu,ru,PUBG: BATTLEGROUNDS,-_- Впервые тут,"['Русский', 'IRL', 'CS2']",[],False
41,2025-03-23 08:01,ssora_gg,ru,Among Us,|||🦜 !розыгрыш ||| 18+ 🦜 !тг,"['Русский', 'Аниме', 'чилл', 'обзор', 'ＥＮＧＬＩＳＨ', 'хардкор']",[],False
41,2025-03-23 08:01,jac_mush,ru,Counter-Strike,"СКИН ЗА ФОЛОВ, ИГРАЮ РЕЙТИНГ КС2 , СКИНЫ ЗА БАЛЛЫ, ОБЩЕНИЕ, CS2 , КОНКУРС НА СКИН","['СкиныЗаПодписку', 'СтримCS2', 'халявныескины', 'раздачаскиновкс2', 'скинызабаллы', 'скинызафолов', 'csgoскины', 'раздачаскиновкс2', '10lvlфейсита', 'рейтингкс2']",['MatureGame'],False
42,2025-03-23 08:08,Cibergun,es,Minecraft,🎁DROPS MINECRAFT🎁 🟥    Capa GRATIS || Free CAPE  - Java / Bedrock Edition - Con trucos y curiosidades de Minecraft !Cape !drop,"['Minecraft', 'drops', 'Drop', 'minecraft', 'DropsEnabled', 'DropsActivados', 'capa', 'drops', 'cape', 'Español']",[],False
42,2025-03-23 08:08,MrHugo,es,Minecraft,DROPS | CAPA ESPECIAL DE PELICULA DE MINECRAFT | VER DIRECTO 3 MINUTOS! | !drops,"['Español', 'minecraft', 'MINECRAFT', 'drops', 'Recompensasdeespectador']",[],False
42,2025-03-23 08:08,r0m493,es,Fortnite,TU SINVERGUENZA FAVORITO🙈FORNITE  🎮A POR LAS VICTORIAS 🥇EMOTES🐼/ESP +18,"['Español', 'gamer', 'live', 'shootergamer', 'RPG']",[],False
42,2025-03-23 08:08,yerastian,es,Resident Evil 4,"24 HORAS, o eso espero","['chat', 'humor', 'REACTION', 'reaction', 'reacciones', 'a', 'Español']",['MatureGame'],False
42,2025-03-23 08:08,luansunshine,es,Just Chatting,"UN TRAGO, DOS TRAGOS, TRES TRAGOOS…. 🥃 EXTENSIBLE 🥃 DÍA 2 🥃 !redes !discord !roblox","['Español', 'mexico', 'mexicano', 'justchatting', 'minecraft', 'cdmx', 'Argentina', 'Chile', 'hola', 'amigos']",[],False
42,2025-03-23 08:08,Vaturox,es,Fortnite,[TJ] [VtuberES] STREAM CORTO COMO TU TU... @rosmay_ [1589/1600] !speak !discord !codigo,['Español'],[],False
42,2025-03-23 08:08,ElToniOficial,es,Minecraft,🌎Chill-Stream || konixhiwa 🍜 | Dando clases de como jugar bien pro player🫰🏼 | Gaming Slow☁️,"['Español', 'Multijugador', 'SoloChateando', 'StreamGamer', 'Recompensasdeespectador']",[],False
42,2025-03-23 08:08,jr2312_xd,es,I'm Only Sleeping,🟨PIJAMADA PA LA RACHAA!🗣️🔥🟨 SI ME SIGUES TE REGALO UNA MANZANA ;).,"['minecraft', 'elmariana', 'ibai', 'elrubius', 'roblox', 'Español', 'LATAM', 'charlando', 'justchatting']",[],False
42,2025-03-23 08:08,gabrielcal17,es,VALORANT,BUENAS MADRUGADAS PARA TODA LA PLEBADA 🐒  | !redes | !sr | !dc,"['Español', 'Mexico', 'Ecuador', 'chico', 'jugando']",[],False
43,2025-03-23 08:15,Cibergun,es,Minecraft,🎁DROPS MINECRAFT🎁 🟥    Capa GRATIS || Free CAPE  - Java / Bedrock Edition - Con trucos y curiosidades de Minecraft !Cape !drop,"['Minecraft', 'drops', 'Drop', 'minecraft', 'DropsEnabled', 'DropsActivados', 'capa', 'drops', 'cape', 'Español']",[],False
43,2025-03-23 08:15,MrHugo,es,Minecraft,DROPS | CAPA ESPECIAL DE PELICULA DE MINECRAFT | VER DIRECTO 3 MINUTOS! | !drops,"['Español', 'minecraft', 'MINECRAFT', 'drops', 'Recompensasdeespectador']",[],False
43,2025-03-23 08:15,yerastian,es,Resident Evil 4,"24 HORAS, o eso espero","['chat', 'humor', 'REACTION', 'reaction', 'reacciones', 'a', 'Español']",['MatureGame'],False
43,2025-03-23 08:15,r0m493,es,Fortnite,TU SINVERGUENZA FAVORITO🙈FORNITE  🎮A POR LAS VICTORIAS 🥇EMOTES🐼/ESP +18,"['Español', 'gamer', 'live', 'shootergamer', 'RPG']",[],False
43,2025-03-23 08:15,OficialJuanX,es,VALORANT,【VTUBER】 ¡JUGANDO THE FOREST Y CONTINUANDO MI INUNDADO MUNDO!,"['vtuber', 'Vtuber', 'Ｖｔｕｂｅｒ', 'vtubers', 'VtuberES', 'VtuberESP', 'ᴠᴛᴜʙᴇʀ', 'Colombia', 'Vtubercolombia', 'vtuberespañol']",[],False
43,2025-03-23 08:15,Vaturox,es,Fortnite,[TJ] [VtuberES] STREAM CORTO COMO TU TU... @rosmay_ [1589/1600] !speak !discord !codigo,['Español'],[],False
43,2025-03-23 08:15,Chap_GG,fr,League of Legends,🚨SOLOQ DOMINICALE🚨!Holzkern !OperaGX !Holy !Mf,['Français'],[],False
43,2025-03-23 08:15,Peaxy,fr,League of Legends,[Rush !70/30🔥~ 254/300] Master rush mel mid ft @otaahh // ⚡!HOLY 📺!OTP 🖥️!CONFIG 💪!PROZIS,"['Français', 'galions', 'pearl', 'soloq', 'diamant', 'leagueoflegends', 'midlane', 'mid', 'OTP']",[],True
43,2025-03-23 08:15,Alderiate,fr,League of Legends,MEGA GAMING AVEC PANDORE INTO DECOUVERTE DU NOUVEL ASSASSIN'S CREED !Holy !Prozis !Hellofresh,['Français'],[],True
44,2025-03-23 12:01,MrHugo,es,Minecraft,DROPS | CAPA ESPECIAL DE PELICULA DE MINECRAFT | VER DIRECTO 3 MINUTOS! | !drops,"['Español', 'minecraft', 'MINECRAFT', 'drops', 'Recompensasdeespectador']",[],False
44,2025-03-23 12:01,Cibergun,es,Minecraft,🎁DROPS MINECRAFT🎁 🟥    Capa GRATIS || Free CAPE  - Java / Bedrock Edition - Con trucos y curiosidades de Minecraft !Cape !drop,"['Minecraft', 'drops', 'Drop', 'minecraft', 'DropsEnabled', 'DropsActivados', 'capa', 'drops', 'cape', 'Español']",[],False
44,2025-03-23 12:01,Necros,en,Marvel Rivals,[DROPS ENABLED] BSOD enjoyer. TOURNEY TODAY.,"['English', 'spiderman', 'blackpanther', 'DropsEnabled']",[],False
44,2025-03-23 12:01,elyeti988,es,Fortnite,🔥¡¡ENTRA Y JUEGA PARA LLEGAR A UNREAL!! AQUI JUGAMOS TODOS Y ENTRA PORQUE NO TIENE DESPERDICIO ESTO☠️|| ||ESTAMOS LOCOS|| PÁSATE Y TE BESO,"['Español', 'DIVERSION', 'STREAMER', 'RANKEDS']",[],False
44,2025-03-23 12:01,EsportsDraftLeague,es,Rocket League,Final four EDL-Preseason tournament,"['Español', 'Rocketeleague', 'rocketleague']",[],False
44,2025-03-23 12:01,luansunshine,es,Just Chatting,"UN TRAGO, DOS TRAGOS, TRES TRAGOOS…. 🥃 EXTENSIBLE 🥃 DÍA 2 🥃 !redes !discord !roblox","['Español', 'mexico', 'mexicano', 'justchatting', 'minecraft', 'cdmx', 'Argentina', 'Chile', 'hola', 'amigos']",[],False
44,2025-03-23 12:01,CzRansei,en,ROBLOX,Pls donate Giving robux  | english |,"['English', 'roblox', 'PlsDonateLive', 'plsdonateroblox']",[],False
44,2025-03-23 12:01,mistern0nny,en,ROBLOX,🔴 FISCHING WITH VIEWERS - Roblox Fisch!,"['roblox', 'PlayingWithViewers', 'Viewers', 'fisch', 'fishing', 'fish', 'fisching', 'English']",[],False
44,2025-03-23 12:01,kishhlive,fr,Just Chatting,JUSTE UN GARS SIMPLE EN LIVE ! !discord,"['Français', 'fun', 'chill', 'Divertissement', '2emedegres']",[],False
45,2025-03-23 12:12,MrHugo,es,Minecraft,DROPS | CAPA ESPECIAL DE PELICULA DE MINECRAFT | VER DIRECTO 3 MINUTOS! | !drops,"['Español', 'minecraft', 'MINECRAFT', 'drops', 'Recompensasdeespectador']",[],False
45,2025-03-23 12:12,Cibergun,es,Minecraft,🎁DROPS MINECRAFT🎁 🟥    Capa GRATIS || Free CAPE  - Java / Bedrock Edition - Con trucos y curiosidades de Minecraft !Cape !drop,"['Minecraft', 'drops', 'Drop', 'minecraft', 'DropsEnabled', 'DropsActivados', 'capa', 'drops', 'cape', 'Español']",[],False
45,2025-03-23 12:12,Necros,en,Marvel Rivals,[DROPS ENABLED] BSOD enjoyer. TOURNEY TODAY.,"['English', 'spiderman', 'blackpanther', 'DropsEnabled']",[],False
45,2025-03-23 12:12,elyeti988,es,Fortnite,🔥¡¡ENTRA Y JUEGA PARA LLEGAR A UNREAL!! AQUI JUGAMOS TODOS Y ENTRA PORQUE NO TIENE DESPERDICIO ESTO☠️|| ||ESTAMOS LOCOS|| PÁSATE Y TE BESO,"['Español', 'DIVERSION', 'STREAMER', 'RANKEDS']",[],False
45,2025-03-23 12:12,EsportsDraftLeague,es,Rocket League,Final four EDL-Preseason tournament,"['Español', 'Rocketeleague', 'rocketleague']",[],False
45,2025-03-23 12:12,luansunshine,es,Just Chatting,"UN TRAGO, DOS TRAGOS, TRES TRAGOOS…. 🥃 EXTENSIBLE 🥃 DÍA 2 🥃 !redes !discord !roblox","['Español', 'mexico', 'mexicano', 'justchatting', 'minecraft', 'cdmx', 'Argentina', 'Chile', 'hola', 'amigos']",[],False
45,2025-03-23 12:12,SnappingTurtle,en,Dota 2,EUW/SEA inhouses with viewers today~ (ㅅ´ ˘ `)⸝♡ no need to be subbed!!!,"['English', 'Dubai', 'Filipino', 'Girl', 'SEA', 'EU']",['ProfanityVulgarity'],False
45,2025-03-23 12:12,LX_ying,en,Counter-Strike,[AUS/MY/EN/中文] Finding 10man cs,"['English', 'Malaysia', 'Chinese', '中文', 'Australia', 'Asian', 'fps', 'CS2', '女生', 'girlgamers']",['MatureGame'],False
45,2025-03-23 12:13,HimesamaTV,en,Just Chatting,Working on Assignment | !rank !himecomfy !where !cover !merch,"['nobackseat', 'comfy', 'English', 'Asian']",[],False
46,2025-03-23 12:20,Necros,en,Marvel Rivals,[DROPS ENABLED] BSOD enjoyer. TOURNEY TODAY.,"['English', 'spiderman', 'blackpanther', 'DropsEnabled']",[],False
46,2025-03-23 12:20,MrHugo,es,Minecraft,DROPS | CAPA ESPECIAL DE PELICULA DE MINECRAFT | VER DIRECTO 3 MINUTOS! | !drops,"['Español', 'minecraft', 'MINECRAFT', 'drops', 'Recompensasdeespectador']",[],False
46,2025-03-23 12:20,Cibergun,es,Minecraft,🎁DROPS MINECRAFT🎁 🟥    Capa GRATIS || Free CAPE  - Java / Bedrock Edition - Con trucos y curiosidades de Minecraft !Cape !drop,"['Minecraft', 'drops', 'Drop', 'minecraft', 'DropsEnabled', 'DropsActivados', 'capa', 'drops', 'cape', 'Español']",[],False
46,2025-03-23 12:20,elyeti988,es,Fortnite,🔥¡¡ENTRA Y JUEGA PARA LLEGAR A UNREAL!! AQUI JUGAMOS TODOS Y ENTRA PORQUE NO TIENE DESPERDICIO ESTO☠️|| ||ESTAMOS LOCOS|| PÁSATE Y TE BESO,"['Español', 'DIVERSION', 'STREAMER', 'RANKEDS']",[],False
46,2025-03-23 12:20,EsportsDraftLeague,es,Rocket League,Final four EDL-Preseason tournament,"['Español', 'Rocketeleague', 'rocketleague']",[],False
46,2025-03-23 12:20,luansunshine,es,Just Chatting,"UN TRAGO, DOS TRAGOS, TRES TRAGOOS…. 🥃 EXTENSIBLE 🥃 DÍA 2 🥃 !redes !discord !roblox","['Español', 'mexico', 'mexicano', 'justchatting', 'minecraft', 'cdmx', 'Argentina', 'Chile', 'hola', 'amigos']",[],False
46,2025-03-23 12:20,pyka97,pl,Food & Drink,🔥 PIECZEMY KOPIEC KRETA Z KINIULĄ 🔥| !g4 !fortuna !pirateswap !steel !linki !dzik #ad,"['Polski', 'ADHD']",[],True
46,2025-03-23 12:20,Taazy_,pl,IRL,🚗❤️🔥Jedziemy Do Szczecinka na zapoznanie z Teściami xD🔥❤️🚗,"['IRL', 'Polski', 'Polish', 'Polska', 'Taazy', 'Kickboxing']",[],True
46,2025-03-23 12:20,martynkalandrynka,pl,Counter-Strike,HALO POBUDKA NIE MA SPANKA |12H stream| !ig !dc +18,"['Polski', 'Powtórka']",['MatureGame'],True
47,2025-03-23 12:31,dasha_adison,ru,Just Chatting,🌃 смотрим Персонаж(2006)🌃 !uid🌃 !telega,"['Chill', 'LGBTQPlus', 'Ukraine', 'Female', 'DROPS', 'laugh', 'Mature', 'Русский']",['ProfanityVulgarity'],False
47,2025-03-23 12:31,Necros,en,Marvel Rivals,[DROPS ENABLED] BSOD enjoyer. TOURNEY TODAY.,"['English', 'spiderman', 'blackpanther', 'DropsEnabled']",[],False
47,2025-03-23 12:31,MrHugo,es,Minecraft,DROPS | CAPA ESPECIAL DE PELICULA DE MINECRAFT | VER DIRECTO 3 MINUTOS! | !drops,"['Español', 'minecraft', 'MINECRAFT', 'drops', 'Recompensasdeespectador']",[],False
47,2025-03-23 12:31,Cibergun,es,Minecraft,🎁DROPS MINECRAFT🎁 🟥    Capa GRATIS || Free CAPE  - Java / Bedrock Edition - Con trucos y curiosidades de Minecraft !Cape !drop,"['Minecraft', 'drops', 'Drop', 'minecraft', 'DropsEnabled', 'DropsActivados', 'capa', 'drops', 'cape', 'Español']",[],False
47,2025-03-23 12:31,elyeti988,es,Fortnite,🔥¡¡ENTRA Y JUEGA PARA LLEGAR A UNREAL!! AQUI JUGAMOS TODOS Y ENTRA PORQUE NO TIENE DESPERDICIO ESTO☠️|| ||ESTAMOS LOCOS|| PÁSATE Y TE BESO,"['Español', 'DIVERSION', 'STREAMER', 'RANKEDS']",[],False
47,2025-03-23 12:31,EsportsDraftLeague,es,Rocket League,Final four EDL-Preseason tournament,"['Español', 'Rocketeleague', 'rocketleague']",[],False
47,2025-03-23 12:31,KATAs_CardShop,de,Pokémon Trading Card Game,🔥PSA-Grading Giveaway und viele weitere Giveaways! !shop / Heat Wave Arena Restock!🔥,"['deutsch', 'unboxing', 'pokemon', 'sammelkarten', 'tcg', 'boxbreak', 'autismus', 'sprecher', 'Deutsch']",[],False
47,2025-03-23 12:31,LeFourbeTV,fr,Rust,TITRE EN MAJUSCULE 🍌 !herbocbd !tiktok !yt,"['Français', 'Rust', 'SurvivalMode', 'Chıll', 'Belgique']",['MatureGame'],True
47,2025-03-23 12:31,vachief,en,League of Legends,"Yknow, maybe it isnt so bad after all  [Day 542] (!Discord)",['English'],[],False
48,2025-03-23 12:40,dasha_adison,ru,Just Chatting,🌃 смотрим Персонаж(2006)🌃 !uid🌃 !telega,"['Chill', 'LGBTQPlus', 'Ukraine', 'Female', 'DROPS', 'laugh', 'Mature', 'Русский']",['ProfanityVulgarity'],False
48,2025-03-23 12:41,Necros,en,Marvel Rivals,[DROPS ENABLED] BSOD enjoyer. TOURNEY TODAY.,"['English', 'spiderman', 'blackpanther', 'DropsEnabled']",[],False
48,2025-03-23 12:41,MrHugo,es,Minecraft,DROPS | CAPA ESPECIAL DE PELICULA DE MINECRAFT | VER DIRECTO 3 MINUTOS! | !drops,"['Español', 'minecraft', 'MINECRAFT', 'drops', 'Recompensasdeespectador']",[],False
48,2025-03-23 12:41,Cibergun,es,Minecraft,🎁DROPS MINECRAFT🎁 🟥    Capa GRATIS || Free CAPE  - Java / Bedrock Edition - Con trucos y curiosidades de Minecraft !Cape !drop,"['Minecraft', 'drops', 'Drop', 'minecraft', 'DropsEnabled', 'DropsActivados', 'capa', 'drops', 'cape', 'Español']",[],False
48,2025-03-23 12:41,elyeti988,es,Fortnite,🔥¡¡ENTRA Y JUEGA PARA LLEGAR A UNREAL!! AQUI JUGAMOS TODOS Y ENTRA PORQUE NO TIENE DESPERDICIO ESTO☠️|| ||ESTAMOS LOCOS|| PÁSATE Y TE BESO,"['Español', 'DIVERSION', 'STREAMER', 'RANKEDS']",[],False
48,2025-03-23 12:41,EsportsDraftLeague,es,Rocket League,Final four EDL-Preseason tournament,"['Español', 'Rocketeleague', 'rocketleague']",[],False
48,2025-03-23 12:41,DEEELAROSA,es,Fortnite,SUB = REGALO 🟥 PARTIDAS PRIVADAS de FORTNITE con PREMIO 🟥 - ❗ventajas ❗regalo ❗raid,"['Español', 'Jugarconespectadores', 'privadas', 'customs', 'partidasprivadas', 'outfit', 'jugandoconseguidores', 'jugandoconespectadores', 'sorteo', 'premio']",[],False
48,2025-03-23 12:41,Canuteiro_,es,Fortnite,✅PARTIDAS PRIVADAS con PREMIOS✅ ¡¡ESTA TARDE!! 🔥SORTEO 1000 PAVOS🔥 EN DIRECTO 🔴❗requisitos ❗premios ❗redes ❗discord,"['jugandoconespectadores', 'Español', 'sorteos', 'Fortnite', 'drops', 'PavosGratisFortnite', 'zonewars', 'sorteo', 'PartidasPrivadasFortnite', 'fortnitedirecto']",[],False
48,2025-03-23 12:41,adriiaan_13,es,Fortnite,TORNEO OG + SORTEO✨💯,"['jugandoconseguidores', 'disfrutando', 'Español']",[],False
49,2025-03-23 16:01,HHhover,es,Fortnite,🏆TORNEO 5K DE PAVOS con SEGUIDORES  💰 nueva lara croft| !id | Fashion Show - Escondidas - Minijuegos - Outfits,"['Español', 'HoverHH', 'fashionshow', 'outfits', 'jugandoconseguidores', 'partidasprivadas', 'JugandoChill', 'privadasfortnite']",[],False
49,2025-03-23 16:01,Horcus,es,VALORANT,🏆RADIANT RANKEDS DUOQ🏆 !aim @Horcus,"['Español', 'España', 'Valorant', 'Radiant', 'Spanish', 'English', 'Competitive', 'Drops', 'Competitivo', 'asmr']",[],False
49,2025-03-23 16:01,Cibergun,es,Minecraft,🎁DROPS MINECRAFT🎁 🟥    Capa GRATIS || Free CAPE  - Java / Bedrock Edition - Con trucos y curiosidades de Minecraft !Cape !drop,"['Minecraft', 'drops', 'Drop', 'minecraft', 'DropsEnabled', 'DropsActivados', 'capa', 'drops', 'cape', 'Español']",[],False
49,2025-03-23 16:01,DjMaRiiO,es,Kings League,MAFFEO Y SANTORO EN LA KINGS LEAGUE !! 6ª JORNADA | ULTIMATE MOSTOLES vs PIO,"['DJMARIO', 'DJMARIIO', 'FIFA', 'FC', 'Español', 'KINGSLEAGUE', 'FINALFOUR', 'KINGDOM', 'ULTIMATEMOSTOLES', 'FC25']",[],False
49,2025-03-23 16:01,Sarahoria__,es,VALORANT,TORNEO DE VALORANT de Ballesdur 🔫 con RESACA (no ome) // !redes !discord RETO SUBS: 1/3 🦩,"['Español', 'spanish', 'charlando', 'Italiano', 'AquíTuHablasEspañol']",[],False
49,2025-03-23 16:01,MrTomatito123,es,Fortnite,🔴🔥CHICAS💥 SUPERCARIÑOSAS😈 REPARTIENDO AMOR❤️ A TODO AQUEL🫂 QUE LO NECESITE✨,"['Español', 'chill', 'Casual', 'LATAM', 'Vtuber', 'Jugarconespectadores', 'juegos', 'Colombia', 'España']",[],False
49,2025-03-23 16:01,KatrishaSSS,ru,Overwatch 2,🦇💤🥛[DROPS] МЕНЯ УНИЖАЮТ В ПРЯМОМ ЭФИРЕ + ДЕПРЕССЕД !тг !баллы 🦇💤🥛,"['общение', 'геймплей', 'Витубер', 'Vtuber', 'Русский', 'English', 'Женщина', 'вампир', 'Аниме', 'шок']",[],False
49,2025-03-23 16:01,roryshiyo,ru,LEGO Marvel Super Heroes,лего человечек,"['Русский', 'Cozy', 'VTuber', 'PNGTuber']",[],False
49,2025-03-23 16:01,bl00ming,ru,VALORANT,что такое аим ⟡ !тг,"['ruvtuber', 'втубер', 'Vtuber', 'Русский', 'girl', 'Russian', 'gold']",[],False
50,2025-03-23 16:12,HHhover,es,Fortnite,🏆TORNEO 5K DE PAVOS con SEGUIDORES  💰 nueva lara croft| !id | Fashion Show - Escondidas - Minijuegos - Outfits,"['Español', 'HoverHH', 'fashionshow', 'outfits', 'jugandoconseguidores', 'partidasprivadas', 'JugandoChill', 'privadasfortnite']",[],False
50,2025-03-23 16:12,PanConMango_1,es,Marvel Rivals,Marvel Rivals porque no me decidí que hacer | !discord !redes,"['Descuidovengalaalegria', 'selevetodo', 'EspañolLatinoamerica', 'Español', 'marvelrivals', 'DropsActivados']",[],False
50,2025-03-23 16:12,Horcus,es,VALORANT,🏆RADIANT RANKEDS DUOQ🏆 !aim @Horcus,"['Español', 'España', 'Valorant', 'Radiant', 'Spanish', 'English', 'Competitive', 'Drops', 'Competitivo', 'asmr']",[],False
50,2025-03-23 16:12,abcjaybay,en,ROBLOX,CARRYING VIEWERS IN WARBRINGER AOTR JOIN UP || FACE REVEAL AT 50 SUBS!!!,"['English', 'funnystream', 'chill', 'roblox', 'aotr', 'aotrevolution', 'attackontitanrevolution']",[],False
50,2025-03-23 16:12,Cibergun,es,Minecraft,🎁DROPS MINECRAFT🎁 🟥    Capa GRATIS || Free CAPE  - Java / Bedrock Edition - Con trucos y curiosidades de Minecraft !Cape !drop,"['Minecraft', 'drops', 'Drop', 'minecraft', 'DropsEnabled', 'DropsActivados', 'capa', 'drops', 'cape', 'Español']",[],False
50,2025-03-23 16:12,DjMaRiiO,es,Kings League,MAFFEO Y SANTORO EN LA KINGS LEAGUE !! 6ª JORNADA | ULTIMATE MOSTOLES vs PIO,"['DJMARIO', 'DJMARIIO', 'FIFA', 'FC', 'Español', 'KINGSLEAGUE', 'FINALFOUR', 'KINGDOM', 'ULTIMATEMOSTOLES', 'FC25']",[],False
50,2025-03-23 16:12,KingSaucyRBLX,en,ROBLOX,WOULD YOU RATHER?! 🟥🟦 CLICK ME! VIBES! REACTING! RAISING! TTS - 10RBX! 💵 !discord / !ugc,"['English', 'plsdonate', 'funny', 'chill', 'Lithuania', 'random', 'Rerun']",[],True
50,2025-03-23 16:12,Je_remy_,en,ROBLOX,Donating Robux & Giveaways! 🤑,"['English', 'Robux']",[],False
50,2025-03-23 16:12,CaptFluffs,en,R.E.P.O.,"48 hour Stream // Watch me struggle to get over 20 pieces of art done, while having ADHD. FINAL HOURS 8 remain","['English', 'Vtuber', 'FurryVtuber', 'ENVtuber', 'bear', 'frogblink', 'randomgames', 'StreamAvatars', 'furryart', '48hoursstream']",[],False
51,2025-03-23 16:23,HHhover,es,Fortnite,🏆TORNEO 5K DE PAVOS con SEGUIDORES  💰 nueva lara croft| !id | Fashion Show - Escondidas - Minijuegos - Outfits,"['Español', 'HoverHH', 'fashionshow', 'outfits', 'jugandoconseguidores', 'partidasprivadas', 'JugandoChill', 'privadasfortnite']",[],False
51,2025-03-23 16:23,abcjaybay,en,ROBLOX,CARRYING VIEWERS IN WARBRINGER AOTR JOIN UP || FACE REVEAL AT 50 SUBS!!!,"['English', 'funnystream', 'chill', 'roblox', 'aotr', 'aotrevolution', 'attackontitanrevolution']",[],False
51,2025-03-23 16:23,nixkunu,es,ROBLOX,BUSCANDO ISLA PREHISTORICA Y EVENTOS MARINOS LEVIATHAN JUGANDO BLOX FRUITS CON SEGUIDORES DEAD RAILS,"['bloxfruits', 'brookhaven', 'tsb', 'dragonrework', 'thestrongestbattlegrounds', 'update24', 'Español']",[],False
51,2025-03-23 16:23,Horcus,es,VALORANT,🏆RADIANT RANKEDS DUOQ🏆 !aim @Horcus,"['Español', 'España', 'Valorant', 'Radiant', 'Spanish', 'English', 'Competitive', 'Drops', 'Competitivo', 'asmr']",[],False
51,2025-03-23 16:23,Cibergun,es,Minecraft,🎁DROPS MINECRAFT🎁 🟥    Capa GRATIS || Free CAPE  - Java / Bedrock Edition - Con trucos y curiosidades de Minecraft !Cape !drop,"['Minecraft', 'drops', 'Drop', 'minecraft', 'DropsEnabled', 'DropsActivados', 'capa', 'drops', 'cape', 'Español']",[],False
51,2025-03-23 16:23,DjMaRiiO,es,Kings League,MAFFEO Y SANTORO EN LA KINGS LEAGUE !! 6ª JORNADA | ULTIMATE MOSTOLES vs PIO,"['DJMARIO', 'DJMARIIO', 'FIFA', 'FC', 'Español', 'KINGSLEAGUE', 'FINALFOUR', 'KINGDOM', 'ULTIMATEMOSTOLES', 'FC25']",[],False
51,2025-03-23 16:24,camiibby,es,League of Legends,HULA 👋🏼 RANKEDS VOLVEMOS A ESMERALDA | OTP MAOKAI 🌳| !redes !ds,['Español'],[],False
51,2025-03-23 16:24,hella_tv,es,VALORANT,Chilleando porque amasar no me sale. ✧˚₊‧ !ds !rank !puedojugar,"['Argentina', 'valorant', 'Español', 'Espanglish', 'LATAM', 'English', 'uwu', 'gamer']",[],False
51,2025-03-23 16:24,kleos,es,Marvel's Spider-Man 2,HOY JUST CHATTING ♱ HOY SPIDERMAN 2 :P ♱ 22 usd para cobrar twitch ni idea,['Español'],[],False
52,2025-03-23 16:31,HHhover,es,Fortnite,🏆TORNEO 5K DE PAVOS con SEGUIDORES  💰 nueva lara croft| !id | Fashion Show - Escondidas - Minijuegos - Outfits,"['Español', 'HoverHH', 'fashionshow', 'outfits', 'jugandoconseguidores', 'partidasprivadas', 'JugandoChill', 'privadasfortnite']",[],False
52,2025-03-23 16:31,nixkunu,es,ROBLOX,BUSCANDO ISLA PREHISTORICA Y EVENTOS MARINOS LEVIATHAN JUGANDO BLOX FRUITS CON SEGUIDORES DEAD RAILS,"['bloxfruits', 'brookhaven', 'tsb', 'dragonrework', 'thestrongestbattlegrounds', 'update24', 'Español']",[],False
52,2025-03-23 16:31,abcjaybay,en,ROBLOX,CARRYING VIEWERS IN WARBRINGER AOTR JOIN UP || FACE REVEAL AT 50 SUBS!!!,"['English', 'funnystream', 'chill', 'roblox', 'aotr', 'aotrevolution', 'attackontitanrevolution']",[],False
52,2025-03-23 16:31,Horcus,es,VALORANT,🏆RADIANT RANKEDS DUOQ🏆 !aim @Horcus,"['Español', 'España', 'Valorant', 'Radiant', 'Spanish', 'English', 'Competitive', 'Drops', 'Competitivo', 'asmr']",[],False
52,2025-03-23 16:32,Sarahoria__,es,VALORANT,TORNEO DE VALORANT de Ballesdur 🔫 con RESACA (no ome) // !redes !discord RETO SUBS: 1/3 🦩,"['Español', 'spanish', 'charlando', 'Italiano', 'AquíTuHablasEspañol']",[],False
52,2025-03-23 16:32,Cibergun,es,Minecraft,🎁DROPS MINECRAFT🎁 🟥    Capa GRATIS || Free CAPE  - Java / Bedrock Edition - Con trucos y curiosidades de Minecraft !Cape !drop,"['Minecraft', 'drops', 'Drop', 'minecraft', 'DropsEnabled', 'DropsActivados', 'capa', 'drops', 'cape', 'Español']",[],False
52,2025-03-23 16:32,cartanyaaa,es,Grand Theft Auto V,"(PS4) DOMINGO DE CHILL, JUGAMOS GTA ONLINE UNETE! Quedadas , rutas y actividades en GTA 5 ONLINE | !bits !redes !discord !id","['Español', 'gta', 'gta5online', 'gtaonline', 'LATAM', 'gtavoline', 'Jugarconespectadores', 'jugandoconseguidores']",['MatureGame'],False
52,2025-03-23 16:32,jesuusquiiros,es,Grand Theft Auto V,(Ps4) Jugando actividades y lista de gp domingo chill🩼📸🇸🇧👉🏼👈🏼,['Español'],['MatureGame'],False
52,2025-03-23 16:32,agustinlolsas,es,Grand Theft Auto V,PS4 X8 ACTIVADO!!! // EXTENSIBLE SIN LIMITES DIA 59! ~,"['Español', 'CHILE', 'ARGENTINA', 'URUGUAY', 'MEXICO', 'USA', 'Canadian', 'EXTENSIBLE', 'ExtensibleStream']",['MatureGame'],False
53,2025-03-23 20:01,HHhover,es,Among Us,🏆TORNEO 5K DE PAVOS con SEGUIDORES  💰 nueva lara croft| !id | Fashion Show - Escondidas - Minijuegos - Outfits,"['Español', 'HoverHH', 'fashionshow', 'outfits', 'jugandoconseguidores', 'partidasprivadas', 'JugandoChill', 'privadasfortnite']",[],False
53,2025-03-23 20:01,abcjaybay,en,VALORANT,Noob to Pro in Valorant || FACE REVEAL AT 50 SUBS!!!,"['Valorant', 'FunnyContent', 'English']",[],False
53,2025-03-23 20:01,Cibergun,es,Minecraft,🎁DROPS MINECRAFT🎁 🟥    Capa GRATIS || Free CAPE  - Java / Bedrock Edition - Con trucos y curiosidades de Minecraft !Cape !drop,"['Minecraft', 'drops', 'Drop', 'minecraft', 'DropsEnabled', 'DropsActivados', 'capa', 'drops', 'cape', 'Español']",[],False
53,2025-03-23 20:01,MrHugo,es,Minecraft,DROPS | CAPA ESPECIAL DE PELICULA DE MINECRAFT | VER DIRECTO 3 MINUTOS! |  Free CAPE | !drops !capa !cape,"['Español', 'minecraft', 'MINECRAFT', 'drops', 'Recompensasdeespectador']",[],False
53,2025-03-23 20:01,SkeletalMax,es,Minecraft,SERVIDOR DE PARASITOS / REACCIONANDO A VIDEOS / GARTTIC PHONE Y MÁS!!!❗️clip ❗️pc ❗️command,"['Marvel', 'Anime', 'Youtuber', 'Tiktoker', 'servidor', 'cinefilo', 'Español', 'dedsafio', 'minecraft', 'Recompensasdeespectador']",[],False
53,2025-03-23 20:01,emmede3,es,R.E.P.O.,Los ladrones atacan de nuevo |R.E.P.O|,"['españa', 'Español']",[],False
53,2025-03-23 20:01,TigreSoto1,es,Minecraft,-DROPS- holaaaaaa,"['Español', 'Recompensasdeespectador', 'minecraft']",[],False
53,2025-03-23 20:01,angelitoss_,es,Minecraft,EVENTO: ANGELITOS DICE 😱 | !whats !txt !capa !donoclips,"['Español', 'Repetir', 'Recompensasdeespectador']",['ProfanityVulgarity'],True
53,2025-03-23 20:01,Spyro,en,Minecraft,[DROPS ON - NEW CAPE] IRONMAN BAL PET GRIND |⛏️Hypixel Skyblock | !youtube !guild !discord !cape !drops,"['FamilyFriendly', 'English', 'Gaming', 'Epic', 'Awesome', 'Minecraft', 'ViewerRewards']",[],False
54,2025-03-23 20:12,HHhover,es,Among Us,🏆TORNEO 5K DE PAVOS con SEGUIDORES  💰 nueva lara croft| !id | Fashion Show - Escondidas - Minijuegos - Outfits,"['Español', 'HoverHH', 'fashionshow', 'outfits', 'jugandoconseguidores', 'partidasprivadas', 'JugandoChill', 'privadasfortnite']",[],False
54,2025-03-23 20:12,Cibergun,es,Minecraft,🎁DROPS MINECRAFT🎁 🟥    Capa GRATIS || Free CAPE  - Java / Bedrock Edition - Con trucos y curiosidades de Minecraft !Cape !drop,"['Minecraft', 'drops', 'Drop', 'minecraft', 'DropsEnabled', 'DropsActivados', 'capa', 'drops', 'cape', 'Español']",[],False
54,2025-03-23 20:12,MrHugo,es,Minecraft,DROPS | CAPA ESPECIAL DE PELICULA DE MINECRAFT | VER DIRECTO 3 MINUTOS! |  Free CAPE | !drops !capa !cape,"['Español', 'minecraft', 'MINECRAFT', 'drops', 'Recompensasdeespectador']",[],False
54,2025-03-23 20:12,SkeletalMax,es,Minecraft,SERVIDOR DE PARASITOS / REACCIONANDO A VIDEOS / GARTTIC PHONE Y MÁS!!!❗️clip ❗️pc ❗️command,"['Marvel', 'Anime', 'Youtuber', 'Tiktoker', 'servidor', 'cinefilo', 'Español', 'dedsafio', 'minecraft', 'Recompensasdeespectador']",[],False
54,2025-03-23 20:12,emmede3,es,R.E.P.O.,Los ladrones atacan de nuevo |R.E.P.O|,"['españa', 'Español']",[],False
54,2025-03-23 20:12,sopita_li,es,League of Legends,1 sub = comida para mis gatos | LAS | !redes !elo,"['Chile', 'Español', 'chat', 'Redragon', 'leagueoflegends', 'minecraft']",[],False
54,2025-03-23 20:12,RDekuh,es,Minecraft,GANA 10$🤑Squid Craft CON EL CHAT | @rdekuh | !redes | !patrocinadores,"['Español', 'zelda', 'humor', 'vtuber', 'dibujante', 'tiktoker', 'youtuber', 'variedad', 'insano', 'spiderman']",[],False
54,2025-03-23 20:12,TomasElVacio,es,Haxball,🐣Holi TE UNES UN RATO CONMIGO SI 🐣 TE ESPERO !comandos,"['TomasElVacio', 'Español', 'Argentina', 'IRL', 'UNETEEEE']",[],False
54,2025-03-23 20:12,crayne1,es,ROBLOX,SALUDAME SOY NUEVO,"['Español', 'robux', 'bloxfruits']",[],False
55,2025-03-23 20:19,HHhover,es,Among Us,🏆TORNEO 5K DE PAVOS con SEGUIDORES  💰 nueva lara croft| !id | Fashion Show - Escondidas - Minijuegos - Outfits,"['Español', 'HoverHH', 'fashionshow', 'outfits', 'jugandoconseguidores', 'partidasprivadas', 'JugandoChill', 'privadasfortnite']",[],False
55,2025-03-23 20:19,MrHugo,es,Minecraft,DROPS | CAPA ESPECIAL DE PELICULA DE MINECRAFT | VER DIRECTO 3 MINUTOS! |  Free CAPE | !drops !capa !cape,"['Español', 'minecraft', 'MINECRAFT', 'drops', 'Recompensasdeespectador']",[],False
55,2025-03-23 20:19,SkeletalMax,es,Minecraft,SERVIDOR DE PARASITOS / REACCIONANDO A VIDEOS / GARTTIC PHONE Y MÁS!!!❗️clip ❗️pc ❗️command,"['Marvel', 'Anime', 'Youtuber', 'Tiktoker', 'servidor', 'cinefilo', 'Español', 'dedsafio', 'minecraft', 'Recompensasdeespectador']",[],False
55,2025-03-23 20:19,Cibergun,es,Minecraft,🎁DROPS MINECRAFT🎁 🟥    Capa GRATIS || Free CAPE  - Java / Bedrock Edition - Con trucos y curiosidades de Minecraft !Cape !drop,"['Minecraft', 'drops', 'Drop', 'minecraft', 'DropsEnabled', 'DropsActivados', 'capa', 'drops', 'cape', 'Español']",[],False
55,2025-03-23 20:19,emmede3,es,R.E.P.O.,Los ladrones atacan de nuevo |R.E.P.O|,"['españa', 'Español']",[],False
55,2025-03-23 20:19,sopita_li,es,League of Legends,1 sub = comida para mis gatos | LAS | !redes !elo,"['Chile', 'Español', 'chat', 'Redragon', 'leagueoflegends', 'minecraft']",[],False
55,2025-03-23 20:19,vM1sery,es,VALORANT,HOY SE GANA EL TORNEO (asc) | @vM1sery,"['ESPAÑOL', 'Valorant', 'chicagamer', 'proplayer', 'Español']",[],False
55,2025-03-23 20:19,pelona_69_,es,VALORANT,🎀DIA 1 INTENTANDO CONSEGUIR EL PARTNER🎀 !redes !IDV,"['mainreyna', 'mexicana', 'espanol', 'minita', 'Latina', 'Español']",[],False
55,2025-03-23 20:19,Hiary13,es,VALORANT,🧡HYPERION CHRONICLES Dia 2🧡por @DeepCoolMx @hyperiongg_ | #GoHYG🐺 #HYGChronicles #DeepCool | !redes !id !commands !discord !pc,"['Plática', 'valorant', 'shooter', 'gamergirl', 'PEQUEÑAGRANCOMUNIDAD', 'Español']",[],False
56,2025-03-24 00:01,HHhover,es,Fortnite,🏆TORNEO 5K DE PAVOS con SEGUIDORES  💰 nueva lara croft| !id | Fashion Show - Escondidas - Minijuegos - Outfits,"['Español', 'HoverHH', 'fashionshow', 'outfits', 'jugandoconseguidores', 'partidasprivadas', 'JugandoChill', 'privadasfortnite']",[],False
56,2025-03-24 00:01,LeanBk,es,VALORANT,🔥SOY PLATA PERO ME IDENTIFICO COMO RADIANTE!  !speak !mp !donacion,"['argentina', 'shooter', 'goat', 'humor', 'Español', 'valorant', 'VALORANＴ']",['ProfanityVulgarity'],False
56,2025-03-24 00:01,CursedFiber78,es,Overwatch 2,🎁DROPS 5 LOOTBOXES🎁🏹FREJA🏹💥🕊️SE ME CHINGO EL MICRO🕊️👴👴NO SON TANTOS ANUCIOS NO MAME💎REDES:@CursedFiber78,"['Español', 'malabarista', 'drops', 'tupapá', 'Elmejorstreamerdelmundo', 'OverwatchRanked', 'ElmejorREAPER', 'tortilla', 'DropsActivados']",[],False
56,2025-03-24 00:01,MrHugo,es,Minecraft,DROPS | CAPA ESPECIAL DE PELICULA DE MINECRAFT | VER DIRECTO 3 MINUTOS! |  Free CAPE | !drops !capa !cape,"['Español', 'minecraft', 'MINECRAFT', 'drops', 'Recompensasdeespectador']",[],False
56,2025-03-24 00:01,Cibergun,es,Minecraft,🎁DROPS MINECRAFT🎁 🟥    Capa GRATIS || Free CAPE  - Java / Bedrock Edition - Con trucos y curiosidades de Minecraft !Cape !drop,"['Minecraft', 'drops', 'Drop', 'minecraft', 'DropsEnabled', 'DropsActivados', 'capa', 'drops', 'cape', 'Español']",[],False
56,2025-03-24 00:01,Gumi_Zushi,es,ROBLOX,🩷SIGAMOS JUGANDO LAS COSITAS QUE QUIERAN🫧┆!d para hablar! ♡┆!discord ♡┆!roblox ♡┆@Gumi_Zushi,"['Español', 'Vtuber', 'Anime', 'Chancla']",[],False
56,2025-03-24 00:01,Redo89_,es,EA Sports FC 25,😨🧐UN POQUITO DE SUFRIDERA POR AQUÍ !!!!!😨🧐,"['Español', 'futchampions', 'Latino', 'FUTLLORROS', 'fifa', 'deportes', 'fc25ultimateteam', 'fc25futchampions', 'fc25', 'fifa25']",[],False
56,2025-03-24 00:01,el_gerbo,es,EA Sports FC 25,[10-1] FUT CHAMPS PROBANDO A LLORENTE DREAMCHASER🔥ANALIZANDO PLANTILLAS✅GULLIT SI O SIIIIIII💰,"['Español', 'EAFC', 'eafc25', 'ultimateteam', 'charlando']",[],False
56,2025-03-24 00:01,elrazishura,es,EA Sports FC 25,ICONO PICK 88+ O SUÁREZ FLASHBACK AL FINALIZAR LA FUT CHAMPIONS CON MI EQUIPO 😇,"['Español', 'Colombia', 'México', 'EA', 'FIFA', 'fc25', 'eafc25']",[],False
57,2025-03-24 00:12,HHhover,es,Fortnite,🏆TORNEO 5K DE PAVOS con SEGUIDORES  💰 nueva lara croft| !id | Fashion Show - Escondidas - Minijuegos - Outfits,"['Español', 'HoverHH', 'fashionshow', 'outfits', 'jugandoconseguidores', 'partidasprivadas', 'JugandoChill', 'privadasfortnite']",[],False
57,2025-03-24 00:12,LeanBk,es,VALORANT,🔥SOY PLATA PERO ME IDENTIFICO COMO RADIANTE!  !speak !mp !donacion,"['argentina', 'shooter', 'goat', 'humor', 'Español', 'valorant', 'VALORANＴ']",['ProfanityVulgarity'],False
57,2025-03-24 00:12,CursedFiber78,es,Overwatch 2,🎁DROPS 5 LOOTBOXES🎁🏹FREJA🏹💥🕊️SE ME CHINGO EL MICRO🕊️👴👴NO SON TANTOS ANUCIOS NO MAME💎REDES:@CursedFiber78,"['Español', 'malabarista', 'drops', 'tupapá', 'Elmejorstreamerdelmundo', 'OverwatchRanked', 'ElmejorREAPER', 'tortilla', 'DropsActivados']",[],False
57,2025-03-24 00:12,MrHugo,es,Minecraft,DROPS | CAPA ESPECIAL DE PELICULA DE MINECRAFT | VER DIRECTO 3 MINUTOS! |  Free CAPE | !drops !capa !cape,"['Español', 'minecraft', 'MINECRAFT', 'drops', 'Recompensasdeespectador']",[],False
57,2025-03-24 00:12,Cibergun,es,Minecraft,🎁DROPS MINECRAFT🎁 🟥    Capa GRATIS || Free CAPE  - Java / Bedrock Edition - Con trucos y curiosidades de Minecraft !Cape !drop,"['Minecraft', 'drops', 'Drop', 'minecraft', 'DropsEnabled', 'DropsActivados', 'capa', 'drops', 'cape', 'Español']",[],False
57,2025-03-24 00:12,wilierbanja,es,ROBLOX,🌸 HOLA GENTE BONITA 🌸  / !redes,"['vtuber', 'vt', 'mexico', 'Español', 'jugandoconseguidores']",[],False
57,2025-03-24 00:12,azrazk,es,Grand Theft Auto V,DANDOLE DURO AL GTA | JUGANDO CON SEGUIDORES,"['Español', 'GTAⅤ', 'ＧTA5', 'GTA5Onlline', 'gaming']",['MatureGame'],False
57,2025-03-24 00:13,orlandogames_7,es,Grand Theft Auto V,sábado de carreritas en versión ps4 lets go - drops activados 🎮 lets go 👊😎,"['Español', 'PS4', 'Chile', 'listadeactividades', 'GTAⅤ', 'GTA5Onlline', 'GTAVONLINE', 'amigos', 'seguidores', 'PS5']","['MatureGame', 'ViolentGraphic']",False
57,2025-03-24 00:13,2kpc22,es,Grand Theft Auto V,Ven y Juguemos,"['Español', 'Arabia', 'Lationoamerica', 'Europa', 'EEUU', 'Inglés']",['MatureGame'],False
58,2025-03-24 00:19,HHhover,es,Fortnite,🏆TORNEO 5K DE PAVOS con SEGUIDORES  💰 nueva lara croft| !id | Fashion Show - Escondidas - Minijuegos - Outfits,"['Español', 'HoverHH', 'fashionshow', 'outfits', 'jugandoconseguidores', 'partidasprivadas', 'JugandoChill', 'privadasfortnite']",[],False
58,2025-03-24 00:19,CursedFiber78,es,Overwatch 2,🎁DROPS 5 LOOTBOXES🎁🏹FREJA🏹💥🕊️SE ME CHINGO EL MICRO🕊️👴👴NO SON TANTOS ANUCIOS NO MAME💎REDES:@CursedFiber78,"['Español', 'malabarista', 'drops', 'tupapá', 'Elmejorstreamerdelmundo', 'OverwatchRanked', 'ElmejorREAPER', 'tortilla', 'DropsActivados']",[],False
58,2025-03-24 00:19,LeanBk,es,VALORANT,🔥SOY PLATA PERO ME IDENTIFICO COMO RADIANTE!  !speak !mp !donacion,"['argentina', 'shooter', 'goat', 'humor', 'Español', 'valorant', 'VALORANＴ']",['ProfanityVulgarity'],False
58,2025-03-24 00:19,MrHugo,es,Minecraft,DROPS | CAPA ESPECIAL DE PELICULA DE MINECRAFT | VER DIRECTO 3 MINUTOS! |  Free CAPE | !drops !capa !cape,"['Español', 'minecraft', 'MINECRAFT', 'drops', 'Recompensasdeespectador']",[],False
58,2025-03-24 00:19,Cibergun,es,Minecraft,🎁DROPS MINECRAFT🎁 🟥    Capa GRATIS || Free CAPE  - Java / Bedrock Edition - Con trucos y curiosidades de Minecraft !Cape !drop,"['Minecraft', 'drops', 'Drop', 'minecraft', 'DropsEnabled', 'DropsActivados', 'capa', 'drops', 'cape', 'Español']",[],False
58,2025-03-24 00:19,wilierbanja,es,ROBLOX,🌸 HOLA GENTE BONITA 🌸  / !redes,"['vtuber', 'vt', 'mexico', 'Español', 'jugandoconseguidores']",[],False
58,2025-03-24 00:19,kymade502,en,Grand Theft Auto V,Here We Go Again!!!!!,"['English', 'fyp', 'shootinggames', 'newstreamerShowLove', 'gtavpRP', 'gamingandvibing', 'readingchat', 'gtavpRP']","['DebatedSocialIssuesAndPolitics', 'DrugsIntoxication', 'Gambling', 'MatureGame', 'ProfanityVulgarity', 'SexualThemes', 'ViolentGraphic']",False
58,2025-03-24 00:19,RealYoungRuss,en,Grand Theft Auto V,We On The Run! 🔥🔥 187 Ghost 🔥🔥 Ascend RP,"['English', 'Multiplayer', 'Roleplay', 'FiveMRolePlay', 'fivem', 'gta5', 'GTAⅤ']",['MatureGame'],False
58,2025-03-24 00:19,linskayaa,en,Grand Theft Auto V,Chief Justice Eva Specter | Avoiding Chaos | LunacyRP GTA RP,"['Justchatting', 'English', 'GTAⅤ', 'RP', 'Roleplay', 'LunacyRP', 'Comedy']",['MatureGame'],False
59,2025-03-24 00:30,HHhover,es,Fortnite,🏆TORNEO 5K DE PAVOS con SEGUIDORES  💰 nueva lara croft| !id | Fashion Show - Escondidas - Minijuegos - Outfits,"['Español', 'HoverHH', 'fashionshow', 'outfits', 'jugandoconseguidores', 'partidasprivadas', 'JugandoChill', 'privadasfortnite']",[],False
59,2025-03-24 00:30,LeanBk,es,VALORANT,🔥SOY PLATA PERO ME IDENTIFICO COMO RADIANTE!  !speak !mp !donacion,"['argentina', 'shooter', 'goat', 'humor', 'Español', 'valorant', 'VALORANＴ']",['ProfanityVulgarity'],False
59,2025-03-24 00:30,CursedFiber78,es,Overwatch 2,🎁DROPS 5 LOOTBOXES🎁🏹FREJA🏹💥🕊️SE ME CHINGO EL MICRO🕊️👴👴NO SON TANTOS ANUCIOS NO MAME💎REDES:@CursedFiber78,"['Español', 'malabarista', 'drops', 'tupapá', 'Elmejorstreamerdelmundo', 'OverwatchRanked', 'ElmejorREAPER', 'tortilla', 'DropsActivados']",[],False
59,2025-03-24 00:30,MrHugo,es,Minecraft,DROPS | CAPA ESPECIAL DE PELICULA DE MINECRAFT | VER DIRECTO 3 MINUTOS! |  Free CAPE | !drops !capa !cape,"['Español', 'minecraft', 'MINECRAFT', 'drops', 'Recompensasdeespectador']",[],False
59,2025-03-24 00:31,Cibergun,es,Minecraft,🎁DROPS MINECRAFT🎁 🟥    Capa GRATIS || Free CAPE  - Java / Bedrock Edition - Con trucos y curiosidades de Minecraft !Cape !drop,"['Minecraft', 'drops', 'Drop', 'minecraft', 'DropsEnabled', 'DropsActivados', 'capa', 'drops', 'cape', 'Español']",[],False
59,2025-03-24 00:31,wilierbanja,es,ROBLOX,🌸 HOLA GENTE BONITA 🌸  / !redes,"['vtuber', 'vt', 'mexico', 'Español', 'jugandoconseguidores']",[],False
59,2025-03-24 00:31,thewillmers,es,Among Us,"👻Domingo de Chilll, vamos a Jugar WaZaaa👻                                 🐸 (charlas, Juegos, Anime y mas)🐸",['Español'],[],False
59,2025-03-24 00:31,mftyphon,es,Just Chatting,😭🔥PONGAN OTRO DIA A LA SEMANA PARA SEGUIR CHAMBEANDO😭🔥!redes,"['México', 'MFtyphon', 'Gótica', 'Español', 'LGBT', 'Bisexual', 'ADHD', 'TDAH', 'femboy']",[],False
59,2025-03-24 00:31,ema0227,es,Garena Free Fire,UN RATO DE FREE PERROS!,"['freeefireaovivo', 'Freeefire', 'freefireaovivo', 'freefirebooyah', 'FreeFireLatam', 'FREEFIRERANKED', 'Español']",['MatureGame'],False
60,2025-03-24 04:01,lecatzx,es,Overwatch 2,Momazos LeCat🗣️ | !discord !reglas,"['Español', 'latino', 'vtuber', 'zx', 'esVtuber', 'VtuberESP', 'DropsActivados']",['ProfanityVulgarity'],False
60,2025-03-24 04:01,Suwew,es,Marvel Rivals,RANKS CHILL,"['México', 'Español', 'Gorylover', 'DropsActivados']",[],False
60,2025-03-24 04:01,MrHugo,es,Minecraft,DROPS | CAPA ESPECIAL DE PELICULA DE MINECRAFT | VER DIRECTO 3 MINUTOS! |  Free CAPE | !drops !capa !cape,"['Español', 'minecraft', 'MINECRAFT', 'drops', 'Recompensasdeespectador']",[],False
60,2025-03-24 04:01,Facha,es,Minecraft,DROPS MINECRAFT 🎁 Capa GRATIS | Free CAPE - Java / Bedrock - !drops !canjearcapa 👑,"['Español', 'Inglés', 'English']",[],False
60,2025-03-24 04:01,Cibergun,es,Minecraft,🎁DROPS MINECRAFT🎁 🟥    Capa GRATIS || Free CAPE  - Java / Bedrock Edition - Con trucos y curiosidades de Minecraft !Cape !drop,"['Minecraft', 'drops', 'Drop', 'minecraft', 'DropsEnabled', 'DropsActivados', 'capa', 'drops', 'cape', 'Español']",[],False
60,2025-03-24 04:01,ShiroganeKuroba,es,Overwatch 2,"Buenas noches/madrugadas, AHH","['Español', 'DropsActivados']",[],False
60,2025-03-24 04:01,CoronadosGaming,es,R.E.P.O.,👽🚀LA VENGANZA DEL R.E.P.O CON VALIENTES |MÉXICO| ❗️speak,"['mexico', 'latino', 'charla', 'Argentina', 'Español', 'México', 'Retro', 'Colombia', 'repo', 'repogame']",[],False
60,2025-03-24 04:01,deonidass,es,League of Legends,"LAS MOCS ESCOGEN LAS ACTIVIDADES, TODO VALE MENOS LA ABSTINENCIA","['Ama', 'Español']",[],False
60,2025-03-24 04:01,Jom4in,es,Pokémon Trading Card Game Pocket,¡BUENAS LAS TENGAS! Hoy es noché de R.E.P.O. 🎶 | !2k,"['Conversación', 'Consejos', 'Platica', 'Chismesito', 'JuegosConEspectadores', 'English', 'Español']",[],False
61,2025-03-24 04:11,MrHugo,es,Minecraft,DROPS | CAPA ESPECIAL DE PELICULA DE MINECRAFT | VER DIRECTO 3 MINUTOS! |  Free CAPE | !drops !capa !cape,"['Español', 'minecraft', 'MINECRAFT', 'drops', 'Recompensasdeespectador']",[],False
61,2025-03-24 04:11,Suwew,es,Marvel Rivals,RANKS CHILL,"['México', 'Español', 'Gorylover', 'DropsActivados']",[],False
61,2025-03-24 04:11,Cibergun,es,Minecraft,🎁DROPS MINECRAFT🎁 🟥    Capa GRATIS || Free CAPE  - Java / Bedrock Edition - Con trucos y curiosidades de Minecraft !Cape !drop,"['Minecraft', 'drops', 'Drop', 'minecraft', 'DropsEnabled', 'DropsActivados', 'capa', 'drops', 'cape', 'Español']",[],False
61,2025-03-24 04:11,PepeDonas_,es,Just Chatting,STREAM BIG NACO!!!! 🗣️🔥 || !s para hablaR || !redes !discord !user,"['Español', 'Platicandodecualquiercosa', 'Esquizofrenia', 'Autismo', 'Bebeton', 'naco', 'Estupidez', 'Tonton', 'VALORES']",[],False
61,2025-03-24 04:11,lecatzx,es,Overwatch 2,Momazos LeCat🗣️ | !discord !reglas,"['Español', 'latino', 'vtuber', 'zx', 'esVtuber', 'VtuberESP', 'DropsActivados']",['ProfanityVulgarity'],False
61,2025-03-24 04:11,ShiroganeKuroba,es,Overwatch 2,"Buenas noches/madrugadas, AHH","['Español', 'DropsActivados']",[],False
61,2025-03-24 04:11,pepedms,es,Pokémon Ultra Sun/Ultra Moon,La serie numero #1 de MONTERREY y Perú !perfil !discord !tiktok !s (Subs)✨🐽,"['mexico', 'México', 'nochedejuegos', 'rainbowfriends', 'Español', 'doors', 'LATAM', 'roblox', 'robux', 'robuxgratis']",[],False
61,2025-03-24 04:11,droid_sg,es,ROBLOX,😎🐱‍👤pasa aplaticar un rato  jugando  con seguidores  😎charlas😎 😎raza😎 😎en pc😎,"['Español', 'México', 'Charlas', 'Minccraft', 'mortalkombat11', 'Gears5', 'warzonecodcallofduty', 'terrorextremo', 'robloxgamers', 'TerrorGamer']",[],False
61,2025-03-24 04:11,Z_EduK,es,Terraria,🐶VENDO PERRITOS GENTEEEE🐶|| !comandos,"['Mexico', 'Hablemos', 'Charla', 'Español', 'robloxgames', 'Battlegrounds', 'pngtuber', 'Preguntaloquequieras']",[],False
62,2025-03-24 04:18,MrHugo,es,Minecraft,DROPS | CAPA ESPECIAL DE PELICULA DE MINECRAFT | VER DIRECTO 3 MINUTOS! |  Free CAPE | !drops !capa !cape,"['Español', 'minecraft', 'MINECRAFT', 'drops', 'Recompensasdeespectador']",[],False
62,2025-03-24 04:18,Cibergun,es,Minecraft,🎁DROPS MINECRAFT🎁 🟥    Capa GRATIS || Free CAPE  - Java / Bedrock Edition - Con trucos y curiosidades de Minecraft !Cape !drop,"['Minecraft', 'drops', 'Drop', 'minecraft', 'DropsEnabled', 'DropsActivados', 'capa', 'drops', 'cape', 'Español']",[],False
62,2025-03-24 04:18,Suwew,es,Marvel Rivals,RANKS CHILL,"['México', 'Español', 'Gorylover', 'DropsActivados']",[],False
62,2025-03-24 04:18,PepeDonas_,es,Just Chatting,STREAM BIG NACO!!!! 🗣️🔥 || !s para hablaR || !redes !discord !user,"['Español', 'Platicandodecualquiercosa', 'Esquizofrenia', 'Autismo', 'Bebeton', 'naco', 'Estupidez', 'Tonton', 'VALORES']",[],False
62,2025-03-24 04:18,lecatzx,es,Overwatch 2,Momazos LeCat🗣️ | !discord !reglas,"['Español', 'latino', 'vtuber', 'zx', 'esVtuber', 'VtuberESP', 'DropsActivados']",['ProfanityVulgarity'],False
62,2025-03-24 04:18,ShiroganeKuroba,es,Overwatch 2,"Buenas noches/madrugadas, AHH","['Español', 'DropsActivados']",[],False
62,2025-03-24 04:18,T3rrakosai,de,Luma Island,❣️ Hüpf rein zu den Plauderbärchen 🐼 | Mo | 24.03.2025,"['Gesprächig', 'Cozy', 'Bayern', 'Lustig', 'Freundlich', 'LoFi', 'Österreich', 'Kanalpunkte', 'PC', 'Gemütlich']",[],False
62,2025-03-24 04:18,chrizzzl89,de,Just Chatting,(GER) ✨Frühstücksstream + INZOI Demo✨ !giveaway !instagram !yt !dc,"['cozy', 'gemütlich', 'Chatting', 'deutsch', 'Quatschen', 'FrühstückStream', 'Deutsch']",['ProfanityVulgarity'],False
62,2025-03-24 04:19,FrauUrsula_,de,Spirit City: Lofi Sessions,💜💙 How to organisier eine Beerdigung 💙💜 Co-Working 💜💙 !slots !beats !hüpe,"['urselig', 'rumurseln', 'savespace', 'Deutsch', 'humor', 'verpeilt', 'VarietyStreamer', 'DropsActivated']",[],False
63,2025-03-24 04:28,MrHugo,es,Minecraft,DROPS | CAPA ESPECIAL DE PELICULA DE MINECRAFT | VER DIRECTO 3 MINUTOS! |  Free CAPE | !drops !capa !cape,"['Español', 'minecraft', 'MINECRAFT', 'drops', 'Recompensasdeespectador']",[],False
63,2025-03-24 04:28,Suwew,es,Marvel Rivals,RANKS CHILL,"['México', 'Español', 'Gorylover', 'DropsActivados']",[],False
63,2025-03-24 04:28,Cibergun,es,Minecraft,🎁DROPS MINECRAFT🎁 🟥    Capa GRATIS || Free CAPE  - Java / Bedrock Edition - Con trucos y curiosidades de Minecraft !Cape !drop,"['Minecraft', 'drops', 'Drop', 'minecraft', 'DropsEnabled', 'DropsActivados', 'capa', 'drops', 'cape', 'Español']",[],False
63,2025-03-24 04:28,PepeDonas_,es,Just Chatting,STREAM BIG NACO!!!! 🗣️🔥 || !s para hablaR || !redes !discord !user,"['Español', 'Platicandodecualquiercosa', 'Esquizofrenia', 'Autismo', 'Bebeton', 'naco', 'Estupidez', 'Tonton', 'VALORES']",[],False
63,2025-03-24 04:28,lecatzx,es,Overwatch 2,Momazos LeCat🗣️ | !discord !reglas,"['Español', 'latino', 'vtuber', 'zx', 'esVtuber', 'VtuberESP', 'DropsActivados']",['ProfanityVulgarity'],False
63,2025-03-24 04:28,ShiroganeKuroba,es,Overwatch 2,"Buenas noches/madrugadas, AHH","['Español', 'DropsActivados']",[],False
63,2025-03-24 04:28,Pyci_,es,VALORANT,6horas MINIMO 🌚 !sinner !redes !mujer !win,"['México', 'VALORANＴ', 'Español', 'Mexico', 'LATAM', 'radiant', 'radiante', 'Mexicali', 'English']",[],False
63,2025-03-24 04:29,LordMoon98,es,League of Legends,𝐏𝐄𝐑𝐎 𝐒𝐈 𝐌𝐄𝐙𝐂𝐋𝐀𝐌𝐎𝐒 𝐏𝐑𝐄 𝐂𝐎𝐍 𝐌𝐎𝐍𝐒𝐓𝐄𝐑? |10:00 A 02:00| @lordmoon98,"['asmr', 'platica', 'juegos', 'Multiplayer', 'Mèxico', 'Español', 'diversion']",[],False
63,2025-03-24 04:29,Malenidd,es,VALORANT,un ratito pq me voy levantando,"['Español', 'México', 'PC']",[],False
64,2025-03-24 04:39,MrHugo,es,Minecraft,DROPS | CAPA ESPECIAL DE PELICULA DE MINECRAFT | VER DIRECTO 3 MINUTOS! |  Free CAPE | !drops !capa !cape,"['Español', 'minecraft', 'MINECRAFT', 'drops', 'Recompensasdeespectador']",[],False
64,2025-03-24 04:39,Suwew,es,Marvel Rivals,RANKS CHILL,"['México', 'Español', 'Gorylover', 'DropsActivados']",[],False
64,2025-03-24 04:39,Cibergun,es,Minecraft,🎁DROPS MINECRAFT🎁 🟥    Capa GRATIS || Free CAPE  - Java / Bedrock Edition - Con trucos y curiosidades de Minecraft !Cape !drop,"['Minecraft', 'drops', 'Drop', 'minecraft', 'DropsEnabled', 'DropsActivados', 'capa', 'drops', 'cape', 'Español']",[],False
64,2025-03-24 04:39,PepeDonas_,es,Just Chatting,STREAM BIG NACO!!!! 🗣️🔥 || !s para hablaR || !redes !discord !user,"['Español', 'Platicandodecualquiercosa', 'Esquizofrenia', 'Autismo', 'Bebeton', 'naco', 'Estupidez', 'Tonton', 'VALORES']",[],False
64,2025-03-24 04:39,meliwiis,es,League of Legends,✨🌺 Jugando con seguidores 🌺✨ | !ip !nick !dc !party 📌,"['Español', 'minecraftplay', 'EcuadorGaming', 'Ecuador', 'hycraft', 'HyCraftNW', 'Universocarft', 'universocraft', 'UniversocraftBedWars', 'UniversocraftEspañol']",[],False
64,2025-03-24 04:39,lecatzx,es,Overwatch 2,Momazos LeCat🗣️ | !discord !reglas,"['Español', 'latino', 'vtuber', 'zx', 'esVtuber', 'VtuberESP', 'DropsActivados']",['ProfanityVulgarity'],False
64,2025-03-24 04:39,TheRag1ng,en,Just Chatting,🟥🟦 I LOVE VIDEO GAMES  || !discord  🟦🟥,"['English', 'ADHD', 'MentalHealthAware', 'LGBTQFriendly', 'LoudStreamer', 'TheRaging', 'Raging', 'Rage', 'caseoh']",[],False
64,2025-03-24 04:39,umjee,en,Marvel Rivals,[!DROPS] GM 3 UNCJEE IS HERE! come play with me :D !drops !discord !lurk,"['English', 'DropsEnabled']",[],False
64,2025-03-24 04:40,DayShot,en,Marvel Rivals,Grandmaster Gameplay | Comp,"['English', 'DropsEnabled']",[],False
65,2025-03-24 08:01,Eijtrooper,en,Minecraft,WANT A FREE CAPE?? !cape,"['Gamer', 'Funny', 'Comedy', 'Chaos', 'TOS', 'English', 'ANZ', 'minecraft', 'valorant', 'egirl']",[],False
65,2025-03-24 08:01,Cibergun,es,Minecraft,🎁DROPS MINECRAFT🎁 🟥    Capa GRATIS || Free CAPE  - Java / Bedrock Edition - Con trucos y curiosidades de Minecraft !Cape !drop,"['Minecraft', 'drops', 'Drop', 'minecraft', 'DropsEnabled', 'DropsActivados', 'capa', 'drops', 'cape', 'Español']",[],False
65,2025-03-24 08:01,MrHugo,es,Minecraft,DROPS | CAPA ESPECIAL DE PELICULA DE MINECRAFT | VER DIRECTO 3 MINUTOS! |  Free CAPE | !drops !capa !cape,"['Español', 'minecraft', 'MINECRAFT', 'drops', 'Recompensasdeespectador']",[],False
65,2025-03-24 08:01,jsmoctezuma,es,Just Chatting,🗓️ Día 08 |⏱️ MoctExtensible! Pasale a cotorrear! | 🔴 MCSQ Representando! | 🎯 !comandos | 🖥️ !redes | ☢️ !discord,"['Español', 'aventura', 'Supervivencia', 'shooters', 'Construcción']",[],False
65,2025-03-24 08:01,TheRag1ng,en,Marvel Rivals,🟥🟦 [!DROPS ON] CAPPIN ONLY TO CELESTIAL CONTINUES DAY 18 || !discord  🟦🟥,"['English', 'ADHD', 'MentalHealthAware', 'LGBTQFriendly', 'LoudStreamer', 'TheRaging', 'Raging', 'Rage', 'caseoh', 'DropsEnabled']",[],False
65,2025-03-24 08:01,fillern_,en,I'm Only Sleeping,CRAZY BIRTHDAY SUBATHON!! | 1K FOLLOWERS MILESTONE!!!! | (disclaimer: i will be DOXXED),"['autism', 'Hispanic', 'Penguin', 'English', 'Cosplay', 'chill', 'wholesome', 'drops', 'Español']",[],False
65,2025-03-24 08:01,BersGamer,es,Marvel Rivals,🌠DROPS ON 🌠 | NO micro - MAIN LOKI ( HEALER ) - DERANKING TODAY :(,"['Español', 'deadbbydaylight', 'marvelrivals', 'DropsActivados']",[],False
65,2025-03-24 08:01,palomita__,es,Overwatch 2,♡ drops on! DOMINGUITO CHILL. ♡ | !speak para gritarme,"['Español', 'México', 'Rankeds', 'Competitive', 'DropsActivados']",[],False
65,2025-03-24 08:01,MaSaCr3_,es,Overwatch 2,✅DROPS 🔇NO MIC 💰!sorteo DIARIO de 10€ o 1k de mOWnedas 🎁!ganadores 😈 TOP103 Supreme Flex deity,"['PersonajesMalvados', 'Competitivo', 'Vicio', 'Perversión', 'PecadosCapitales', 'SufreConEspectadores', 'DepravaciónAbsoluta', 'SerialKiller', 'Español', 'DropsActivados']",[],True
66,2025-03-24 08:10,Eijtrooper,en,Minecraft,WANT A FREE CAPE?? !cape,"['Gamer', 'Funny', 'Comedy', 'Chaos', 'TOS', 'English', 'ANZ', 'minecraft', 'valorant', 'egirl']",[],False
66,2025-03-24 08:10,MrHugo,es,Minecraft,DROPS | CAPA ESPECIAL DE PELICULA DE MINECRAFT | VER DIRECTO 3 MINUTOS! |  Free CAPE | !drops !capa !cape,"['Español', 'minecraft', 'MINECRAFT', 'drops', 'Recompensasdeespectador']",[],False
66,2025-03-24 08:10,Cibergun,es,Minecraft,🎁DROPS MINECRAFT🎁 🟥    Capa GRATIS || Free CAPE  - Java / Bedrock Edition - Con trucos y curiosidades de Minecraft !Cape !drop,"['Minecraft', 'drops', 'Drop', 'minecraft', 'DropsEnabled', 'DropsActivados', 'capa', 'drops', 'cape', 'Español']",[],False
66,2025-03-24 08:10,jsmoctezuma,es,Just Chatting,🗓️ Día 08 |⏱️ MoctExtensible! Pasale a cotorrear! | 🔴 MCSQ Representando! | 🎯 !comandos | 🖥️ !redes | ☢️ !discord,"['Español', 'aventura', 'Supervivencia', 'shooters', 'Construcción']",[],False
66,2025-03-24 08:10,TheRag1ng,en,Marvel Rivals,🟥🟦 [!DROPS ON] CAPPIN ONLY TO CELESTIAL CONTINUES DAY 18 || !discord  🟦🟥,"['English', 'ADHD', 'MentalHealthAware', 'LGBTQFriendly', 'LoudStreamer', 'TheRaging', 'Raging', 'Rage', 'caseoh', 'DropsEnabled']",[],False
66,2025-03-24 08:10,meryendame,es,Just Chatting,EXTENSIBLE SIN LÍMITES ⋆｡‧˚ʚ🍓ɞ˚‧｡⋆ DÍA 7 !extensible,"['Cozy', 'Chill', 'Malaga', 'Español', 'English', 'SafeSpace', 'LGTBQFriendly']",['ProfanityVulgarity'],False
66,2025-03-24 08:10,karvicio,ru,Standoff 2,🔴 ГОЛДА ЗА БАЛЛЫ! ИСПОЛНЯЕМ (ГЛАВНОЕ БЕЗ ПИРУЭТОВ),"['Русский', 'стандофф2', 'стандофф', 'so2', 'standoff2', 'standoff', 'голдазабаллы']",['MatureGame'],False
66,2025-03-24 08:10,ser015,ru,Minecraft,жестка в маинкрафт все кто хочкт к нам !сервер !тг !дс !ютуб,"['Русский', 'ser', 'угарлютяйпрям', 'Minccraft', 'minecraftsurivial', 'ванила', 'Майнкрафт', 'ВЕБКАМ', 'НаградыДляЗрителей']",[],False
66,2025-03-24 08:10,Red_MantisMLG,ru,ROBLOX,Очевидное и невероятное),"['roblox', 'юмор', 'чилл', 'ТЯЖЕЛО', 'Русский']",[],False
67,2025-03-24 08:17,Eijtrooper,en,Minecraft,WANT A FREE CAPE?? !cape,"['Gamer', 'Funny', 'Comedy', 'Chaos', 'TOS', 'English', 'ANZ', 'minecraft', 'valorant', 'egirl']",[],False
67,2025-03-24 08:17,MrHugo,es,Minecraft,DROPS | CAPA ESPECIAL DE PELICULA DE MINECRAFT | VER DIRECTO 3 MINUTOS! |  Free CAPE | !drops !capa !cape,"['Español', 'minecraft', 'MINECRAFT', 'drops', 'Recompensasdeespectador']",[],False
67,2025-03-24 08:17,Cibergun,es,Minecraft,🎁DROPS MINECRAFT🎁 🟥    Capa GRATIS || Free CAPE  - Java / Bedrock Edition - Con trucos y curiosidades de Minecraft !Cape !drop,"['Minecraft', 'drops', 'Drop', 'minecraft', 'DropsEnabled', 'DropsActivados', 'capa', 'drops', 'cape', 'Español']",[],False
67,2025-03-24 08:17,jsmoctezuma,es,Just Chatting,🗓️ Día 08 |⏱️ MoctExtensible! Pasale a cotorrear! | 🔴 MCSQ Representando! | 🎯 !comandos | 🖥️ !redes | ☢️ !discord,"['Español', 'aventura', 'Supervivencia', 'shooters', 'Construcción']",[],False
67,2025-03-24 08:18,TheRag1ng,en,Marvel Rivals,🟥🟦 [!DROPS ON] CAPPIN ONLY TO CELESTIAL CONTINUES DAY 18 || !discord  🟦🟥,"['English', 'ADHD', 'MentalHealthAware', 'LGBTQFriendly', 'LoudStreamer', 'TheRaging', 'Raging', 'Rage', 'caseoh', 'DropsEnabled']",[],False
67,2025-03-24 08:18,meryendame,es,Just Chatting,EXTENSIBLE SIN LÍMITES ⋆｡‧˚ʚ🍓ɞ˚‧｡⋆ DÍA 7 !extensible,"['Cozy', 'Chill', 'Malaga', 'Español', 'English', 'SafeSpace', 'LGTBQFriendly']",['ProfanityVulgarity'],False
67,2025-03-24 08:18,LaGradaOnline,es,Sports,🎙¿Qué te parece el perfil de los fichajes que estan sonando? | LaGradaSports,"['Fútbol', 'RCDEspanyol', 'Español']",[],True
67,2025-03-24 08:18,ErnesInGame,es,EA Sports FC 25,Fut Champions con el Nuevo Luis Suarez !!,"['shareplay', 'recompensas', 'FUT', 'futchampions', 'Español', 'fc25', 'fc25utimateteam', 'fc25', 'fc25ultimateteam', 'fut25']",[],False
67,2025-03-24 08:18,cone1996fc,es,EA Sports FC 25,¿NOS HACEMOS A GULLIT SBC?,['Español'],[],False
68,2025-03-24 12:01,ELninzo,en,ROBLOX,DUNGEON QUEST: WE BACK AT MONDAY! NEW WEEK NEW GRIND! DO WE GO BACK DOWN?? !discord !NOLIFE !COL !onesie,"['Svenska', 'English', 'gaming']",[],False
68,2025-03-24 12:01,MrHugo,es,Minecraft,DROPS | CAPA ESPECIAL DE PELICULA DE MINECRAFT | VER DIRECTO 3 MINUTOS! |  Free CAPE | !drops !capa !cape,"['Español', 'minecraft', 'MINECRAFT', 'drops', 'Recompensasdeespectador']",[],False
68,2025-03-24 12:01,Cibergun,es,Minecraft,🎁DROPS MINECRAFT🎁 🟥    Capa GRATIS || Free CAPE  - Java / Bedrock Edition - Con trucos y curiosidades de Minecraft !Cape !drop,"['Minecraft', 'drops', 'Drop', 'minecraft', 'DropsEnabled', 'DropsActivados', 'capa', 'drops', 'cape', 'Español']",[],False
68,2025-03-24 12:01,jsmoctezuma,es,I'm Only Sleeping,🗓️ Día 08 |⏱️ MoctExtensible! Pasale a cotorrear! | 🔴 MCSQ Representando! | 🎯 !comandos | 🖥️ !redes | ☢️ !discord,"['Español', 'aventura', 'Supervivencia', 'shooters', 'Construcción']",[],False
68,2025-03-24 12:01,Nerween_,es,inZOI,!Canvas EL JUEGO COMPLETO  / Eneba !redes @nerween_ CREANDO UNA COMUNIDAD INZOI,"['games', 'hablamos', 'charla', 'juegos', 'spain', 'MMORPG', 'pcgamepasspartner', 'eapartner', 'ubisoftpartner', 'inzoi']",[],False
68,2025-03-24 12:01,PurpTheTurtle,en,Dead by Daylight,RUNNIN FROM CHEEK SNATCHERS! with @suecette @dat_brew @mylesjai,"['English', 'rivals', 'PlayingwithViewers', 'Phasmophobia', 'BackseatGamingAllowed', 'marvelrivals']","['MatureGame', 'ProfanityVulgarity']",False
68,2025-03-24 12:01,gianlucaitalia1,es,Minecraft,ABRIENDO UN SERVIDOR PARA USTEDES | MINECRAFT,"['Español', 'Recompensasdeespectador']",[],False
68,2025-03-24 12:01,yamp_y,es,Minecraft,GO SURVIVAL VANILLA Y LA QUESO,"['universocraft', 'Perú', 'minecraft', 'Español', 'PvP', 'bloxfruits', 'Recompensasdeespectador']",[],False
68,2025-03-24 12:01,rivers_gg_offline,es,Just Chatting,👑SALA DE ESPERA OFICIAL DE RIVERS_GG👑,"['Español', 'riversgg']",[],False
69,2025-03-24 12:09,ELninzo,en,ROBLOX,DUNGEON QUEST: WE BACK AT MONDAY! NEW WEEK NEW GRIND! DO WE GO BACK DOWN?? !discord !NOLIFE !COL !onesie,"['Svenska', 'English', 'gaming']",[],False
69,2025-03-24 12:09,Cindorr,es,VALORANT,Está fresquito y eso significa una cosa| !ds !roll !memide !facha,"['Español', 'Argentina', 'Uruguay', 'Chile', 'Paraguay', 'Español', 'música', 'chill']",[],False
69,2025-03-24 12:09,Cibergun,es,Minecraft,🎁DROPS MINECRAFT🎁 🟥    Capa GRATIS || Free CAPE  - Java / Bedrock Edition - Con trucos y curiosidades de Minecraft !Cape !drop,"['Minecraft', 'drops', 'Drop', 'minecraft', 'DropsEnabled', 'DropsActivados', 'capa', 'drops', 'cape', 'Español']",[],False
69,2025-03-24 12:09,MrHugo,es,Minecraft,DROPS | CAPA ESPECIAL DE PELICULA DE MINECRAFT | VER DIRECTO 3 MINUTOS! |  Free CAPE | !drops !capa !cape,"['Español', 'minecraft', 'MINECRAFT', 'drops', 'Recompensasdeespectador']",[],False
69,2025-03-24 12:10,meryendame,es,Persona 4 Golden,EXTENSIBLE SIN LÍMITES ⋆｡‧˚ʚ🍓ɞ˚‧｡⋆ DÍA 8 !extensible,"['Cozy', 'Chill', 'Malaga', 'Español', 'English', 'SafeSpace', 'LGTBQFriendly']","['MatureGame', 'ProfanityVulgarity']",False
69,2025-03-24 12:10,elyeti988,es,Fortnite,🔥¡¡ENTRA Y JUEGA PARA LLEGAR A UNREAL Y ENTRA PORQUE NO TIENE DESPERDICIO ESTO☠️|| ||ESTAMOS LOCOS|| PÁSATE Y TE BESO,"['Español', 'DIVERSION', 'STREAMER', 'RANKEDS']",[],False
70,2025-03-24 12:19,Toxicmatt565,en,Minecraft,Playing Cobblemon,"['English', 'pokemoncontent', 'cobblemon', 'ViewerRewards']",[],False
70,2025-03-24 12:19,ELninzo,en,ROBLOX,DUNGEON QUEST: WE BACK AT MONDAY! NEW WEEK NEW GRIND! DO WE GO BACK DOWN?? !discord !NOLIFE !COL !onesie,"['Svenska', 'English', 'gaming']",[],False
70,2025-03-24 12:19,elyeti988,es,Fortnite,🔥¡¡ENTRA Y JUEGA PARA LLEGAR A UNREAL Y ENTRA PORQUE NO TIENE DESPERDICIO ESTO☠️|| ||ESTAMOS LOCOS|| PÁSATE Y TE BESO,"['Español', 'DIVERSION', 'STREAMER', 'RANKEDS']",[],False
70,2025-03-24 12:19,MrHugo,es,Minecraft,DROPS | CAPA ESPECIAL DE PELICULA DE MINECRAFT | VER DIRECTO 3 MINUTOS! |  Free CAPE | !drops !capa !cape,"['Español', 'minecraft', 'MINECRAFT', 'drops', 'Recompensasdeespectador']",[],False
70,2025-03-24 12:19,Cibergun,es,Minecraft,🎁DROPS MINECRAFT🎁 🟥    Capa GRATIS || Free CAPE  - Java / Bedrock Edition - Con trucos y curiosidades de Minecraft !Cape !drop,"['Minecraft', 'drops', 'Drop', 'minecraft', 'DropsEnabled', 'DropsActivados', 'capa', 'drops', 'cape', 'Español']",[],False
70,2025-03-24 12:19,PurpTheTurtle,en,Dead by Daylight,RUNNIN FROM CHEEK SNATCHERS! with @suecette @dat_brew @mylesjai,"['English', 'rivals', 'PlayingwithViewers', 'Phasmophobia', 'BackseatGamingAllowed', 'marvelrivals']","['MatureGame', 'ProfanityVulgarity']",False
70,2025-03-24 12:19,uniwolker,ru,Standoff 2,СЛАБОСТЬ КАЛЕБРУЕТСЯ В СО 2,"['Русский', 'общение']",['MatureGame'],False
70,2025-03-24 12:19,SOLOVEY_TV,ru,Dota 2,ЗАВОЗЫ В РЕЙТИНГЕ!tg,['Русский'],[],False
70,2025-03-24 12:19,khori_mc,ru,Counter-Strike,🤍💢Смотрим Spirit (0:0) Virtus.pro 💢🤍!elo! !elo !tg !steam !faceit !trade,"['Русский', 'cs', 'общение', 'Cozy', 'faceit']",['MatureGame'],False
71,2025-03-24 12:28,Toxicmatt565,en,Minecraft,Playing Cobblemon,"['English', 'pokemoncontent', 'cobblemon', 'ViewerRewards']",[],False
71,2025-03-24 12:28,ELninzo,en,ROBLOX,DUNGEON QUEST: WE BACK AT MONDAY! NEW WEEK NEW GRIND! DO WE GO BACK DOWN?? !discord !NOLIFE !COL !onesie,"['Svenska', 'English', 'gaming']",[],False
71,2025-03-24 12:28,elyeti988,es,Fortnite,🔥¡¡ENTRA Y JUEGA PARA LLEGAR A UNREAL Y ENTRA PORQUE NO TIENE DESPERDICIO ESTO☠️|| ||ESTAMOS LOCOS|| PÁSATE Y TE BESO,"['Español', 'DIVERSION', 'STREAMER', 'RANKEDS']",[],False
71,2025-03-24 12:28,MrHugo,es,Minecraft,DROPS | CAPA ESPECIAL DE PELICULA DE MINECRAFT | VER DIRECTO 3 MINUTOS! |  Free CAPE | !drops !capa !cape,"['Español', 'minecraft', 'MINECRAFT', 'drops', 'Recompensasdeespectador']",[],False
71,2025-03-24 12:28,Cibergun,es,Minecraft,🎁DROPS MINECRAFT🎁 🟥    Capa GRATIS || Free CAPE  - Java / Bedrock Edition - Con trucos y curiosidades de Minecraft !Cape !drop,"['Minecraft', 'drops', 'Drop', 'minecraft', 'DropsEnabled', 'DropsActivados', 'capa', 'drops', 'cape', 'Español']",[],False
71,2025-03-24 12:28,PurpTheTurtle,en,Dead by Daylight,RUNNIN FROM CHEEK SNATCHERS! with @suecette @dat_brew @mylesjai,"['English', 'rivals', 'PlayingwithViewers', 'Phasmophobia', 'BackseatGamingAllowed', 'marvelrivals']","['MatureGame', 'ProfanityVulgarity']",False
71,2025-03-24 12:28,xoJirachii,en,Marvel Rivals,[DROPS ENABLED] #1 INVISIBLE WOMAN ON CONSOLE PLAYS PC,"['English', 'DropsEnabled']",[],False
71,2025-03-24 12:28,Toniki,es,Overwatch 2,🟢DROPS CAJAS DE BOTÍN🟢HOY SE LLEGA A TOP500 6VS6? LUEGO !FACEIT RANKS🔴,"['Español', 'competitivo', 'ranked', 'DPS', 'Top500', 'overwatch2', 'DropsActivados']",[],False
71,2025-03-24 12:28,FerreRlzYT,es,SMITE 2,✅DROPS ON⚡️PARCHE MERLIN!!!⚡️!drops !creador !builds @ferrerlzyt,"['Dropsactivados', 'Español', 'DropsActivados']",[],False
72,2025-03-24 16:01,Toxicmatt565,en,Minecraft,Playing Cobblemon,"['English', 'pokemoncontent', 'cobblemon', 'ViewerRewards']",[],False
72,2025-03-24 16:01,MrHugo,es,Minecraft,DROPS | CAPA ESPECIAL DE PELICULA DE MINECRAFT | VER DIRECTO 3 MINUTOS! |  Free CAPE | !drops !capa !cape,"['Español', 'minecraft', 'MINECRAFT', 'drops', 'Recompensasdeespectador']",[],False
72,2025-03-24 16:01,Cibergun,es,Minecraft,🎁DROPS MINECRAFT🎁 🟥    Capa GRATIS || Free CAPE  - Java / Bedrock Edition - Con trucos y curiosidades de Minecraft !Cape !drop,"['Minecraft', 'drops', 'Drop', 'minecraft', 'DropsEnabled', 'DropsActivados', 'capa', 'drops', 'cape', 'Español']",[],False
72,2025-03-24 16:01,alvarosapoo,es,Just Chatting,🔴MOD DE FIMOSIS en DIRECTO de MINECRAFT | COMO NO ENCUENTRE MI CASA ME PEGO UN TIRO 🎮 !redes !social !tiktok!yt,"['Español', 'humilde', 'atentoalchat', 'auron', 'rubius', 'xokas', 'illojuan', 'ibai', 'minecraft', 'Fortnite']",[],False
72,2025-03-24 16:01,ArturoBlocks,es,Minecraft,"PLAZA DE LA LUNA, TEOTIHUACAN","['Español', 'Recompensasdeespectador']",[],False
72,2025-03-24 16:01,Horcus,es,VALORANT,🏆TOP 1 RADIANT CHALLENGE🏆 !aim @Horcus,"['Español', 'España', 'Valorant', 'Radiant', 'Spanish', 'English', 'Competitive', 'Drops', 'Competitivo', 'asmr']",[],False
72,2025-03-24 16:01,jesuusquiiros,es,Grand Theft Auto V,(Ps4) Jugando actividades y lista compe para gente proo🩼📸🇸🇧👉🏼👈🏼,['Español'],['MatureGame'],False
72,2025-03-24 16:01,limonerosb,es,Grand Theft Auto V,WOND PROYECT+18💙ROBO A JOYERIA💯BANDA MS13💙@limonerosb ❗gratis ❗ Aim ❗memide ❗ventajas❗prime❗followage,"['Español', 'FiveMRolePlay', 'gta', 'Roleplay', 'fivem', 'GTARP', 'PvP', 'FivemRolplay', 'fivempvp']",['MatureGame'],False
72,2025-03-24 16:01,adrity355,es,Liar's Bar,🍞 ME PASO MINECRAFT🍞 Juegos de terror y demás marranadas🥵🥵,"['Español', 'España', 'humor', 'Hispano', 'juegos']",[],False
73,2025-03-24 16:11,Toxicmatt565,en,Minecraft,Playing Cobblemon,"['English', 'pokemoncontent', 'cobblemon', 'ViewerRewards']",[],False
73,2025-03-24 16:11,MrHugo,es,Minecraft,DROPS | CAPA ESPECIAL DE PELICULA DE MINECRAFT | VER DIRECTO 3 MINUTOS! |  Free CAPE | !drops !capa !cape,"['Español', 'minecraft', 'MINECRAFT', 'drops', 'Recompensasdeespectador']",[],False
73,2025-03-24 16:11,Cibergun,es,Minecraft,🎁DROPS MINECRAFT🎁 🟥    Capa GRATIS || Free CAPE  - Java / Bedrock Edition - Con trucos y curiosidades de Minecraft !Cape !drop,"['Minecraft', 'drops', 'Drop', 'minecraft', 'DropsEnabled', 'DropsActivados', 'capa', 'drops', 'cape', 'Español']",[],False
73,2025-03-24 16:11,alvarosapoo,es,Just Chatting,🔴MOD DE FIMOSIS en DIRECTO de MINECRAFT | COMO NO ENCUENTRE MI CASA ME PEGO UN TIRO 🎮 !redes !social !tiktok!yt,"['Español', 'humilde', 'atentoalchat', 'auron', 'rubius', 'xokas', 'illojuan', 'ibai', 'minecraft', 'Fortnite']",[],False
73,2025-03-24 16:11,ArturoBlocks,es,Minecraft,"PLAZA DE LA LUNA, TEOTIHUACAN","['Español', 'Recompensasdeespectador']",[],False
73,2025-03-24 16:11,Horcus,es,VALORANT,🏆TOP 1 RADIANT CHALLENGE🏆 !aim @Horcus,"['Español', 'España', 'Valorant', 'Radiant', 'Spanish', 'English', 'Competitive', 'Drops', 'Competitivo', 'asmr']",[],False
73,2025-03-24 16:11,b0o0tje,nl,Golf With Your Friends,🔴 Avondje minigames met WHTrans| !discord | NL / EN,"['stardewvalley', 'Nederlands', 'FarmingSimulator', 'wreckfest', 'ETS2', 'sims4', 'Snowrunner', 'SafeSpace', 'MentalHealth']",[],False
73,2025-03-24 16:11,DJkurtlemmens,nl,Music,#The Weekend in the mix   #The Hits #The Classics,"['Nederlands', 'feelgood', 'Dj', 'Dancemuziek', 'Radio', 'Pop', 'Eighties', 'Top40', 'Ninethie']",[],False
73,2025-03-24 16:11,db_gaming_db,nl,Farming Simulator 25,|DB-Gaming is live| |FS25| |2 x Giveaway| |Op naar de 500 volgers|,"['Nederlands', 'FarmingSimulator22', 'streaming', 'gaming', 'twıtch', 'FS22', 'FS25']",['ProfanityVulgarity'],False
74,2025-03-24 16:19,Toxicmatt565,en,Minecraft,Playing Cobblemon,"['English', 'pokemoncontent', 'cobblemon', 'ViewerRewards']",[],False
74,2025-03-24 16:19,MrHugo,es,Minecraft,DROPS | CAPA ESPECIAL DE PELICULA DE MINECRAFT | VER DIRECTO 3 MINUTOS! |  Free CAPE | !drops !capa !cape,"['Español', 'minecraft', 'MINECRAFT', 'drops', 'Recompensasdeespectador']",[],False
74,2025-03-24 16:20,Cibergun,es,Minecraft,🎁DROPS MINECRAFT🎁 🟥    Capa GRATIS || Free CAPE  - Java / Bedrock Edition - Con trucos y curiosidades de Minecraft !Cape !drop,"['Minecraft', 'drops', 'Drop', 'minecraft', 'DropsEnabled', 'DropsActivados', 'capa', 'drops', 'cape', 'Español']",[],False
74,2025-03-24 16:20,alvarosapoo,es,Minecraft,🔴MOD DE FIMOSIS en DIRECTO de MINECRAFT | COMO NO ENCUENTRE MI CASA ME PEGO UN TIRO 🎮 !redes !social !tiktok!yt,"['Español', 'humilde', 'atentoalchat', 'auron', 'rubius', 'xokas', 'illojuan', 'ibai', 'minecraft', 'Fortnite']",[],False
74,2025-03-24 16:20,Horcus,es,VALORANT,🏆TOP 1 RADIANT CHALLENGE🏆 !aim @Horcus,"['Español', 'España', 'Valorant', 'Radiant', 'Spanish', 'English', 'Competitive', 'Drops', 'Competitivo', 'asmr']",[],False
74,2025-03-24 16:20,victoriarodrgzz,es,Just Chatting,INZOI EARLY ACCESS | The Last Of Us Inzoi 🧟‍♂️ #3 | !redes,"['Español', 'LGTBQFriendly', 'Andalucía', 'Mujer', 'Cozy', 'humor', 'aesthetic', 'inzoi']",[],False
74,2025-03-24 16:20,xalimy,en,Marvel Rivals,[DROPS ] ☠️Superpowered Monday Madness☠️,"['Vtuber', 'VarietyStreamer', 'NewStreamer', 'alternativegirl', 'English', 'scarygames', 'DropsEnabled']",[],False
74,2025-03-24 16:20,bludzyyy,en,Fortnite,|Customs and Yapping|Murder Mystery|Simon Says|🕹️Minigames🕹️| 🚨Custom Reload Games🚨|✨I Follow Back✨raid! #sponsorship,"['English', 'Fortnite', 'funnystream', 'followforfollow', 'USA', 'interactiveStreamer', 'giveaway', 'Fashionshows', 'gaming', 'Interactive']",[],True
74,2025-03-24 16:20,NotKinja,en,Fortnite,CUSTOMS WITH VIEWERS !GIVEAWAY 🔴 Use Code: Kinja 🔴 !join !discord,"['Adhd', 'vbucks', 'FamillyFriendly', 'discover', 'Kinja', 'English', 'reaction', 'IRL', 'PlayingwithViewers', 'drops']",[],False
0,2025-03-24 17:00,Toxicmatt565,en,Minecraft,Playing Cobblemon,"['English', 'pokemoncontent', 'cobblemon', 'ViewerRewards']",[],False
0,2025-03-24 17:00,MrHugo,es,Minecraft,DROPS | CAPA ESPECIAL DE PELICULA DE MINECRAFT | VER DIRECTO 3 MINUTOS! |  Free CAPE | !drops !capa !cape,"['Español', 'minecraft', 'MINECRAFT', 'drops', 'Recompensasdeespectador']",[],False
0,2025-03-24 17:00,Cibergun,es,Minecraft,🎁DROPS MINECRAFT🎁 🟥    Capa GRATIS || Free CAPE  - Java / Bedrock Edition - Con trucos y curiosidades de Minecraft !Cape !drop,"['Minecraft', 'drops', 'Drop', 'minecraft', 'DropsEnabled', 'DropsActivados', 'capa', 'drops', 'cape', 'Español']",[],False
0,2025-03-24 17:00,alvarosapoo,es,Minecraft,🔴MOD DE FIMOSIS en DIRECTO de MINECRAFT | COMO NO ENCUENTRE MI CASA ME PEGO UN TIRO 🎮 !redes !social !tiktok!yt,"['Español', 'humilde', 'atentoalchat', 'auron', 'rubius', 'xokas', 'illojuan', 'ibai', 'minecraft', 'Fortnite']",[],False
0,2025-03-24 17:00,HHhover,es,Fortnite,🏆TORNEO 5K DE PAVOS con SEGUIDORES  💰 nueva lara croft| !id | Fashion Show - Escondidas - Minijuegos - Outfits,"['Español', 'HoverHH', 'fashionshow', 'outfits', 'jugandoconseguidores', 'partidasprivadas', 'JugandoChill', 'privadasfortnite']",[],False
0,2025-03-24 17:00,Horcus,es,VALORANT,🏆TOP 1 RADIANT CHALLENGE🏆 !aim @Horcus,"['Español', 'España', 'Valorant', 'Radiant', 'Spanish', 'English', 'Competitive', 'Drops', 'Competitivo', 'asmr']",[],False
0,2025-03-24 17:00,NitrixGamingMC,en,Minecraft,NYT WORD GAMES EMOTES ONLY BOIS,"['HypixelSkyBlock', 'SkyBlock', 'English', 'Hypixel', 'ViewerRewards']",[],False
0,2025-03-24 17:00,Modii101,en,Minecraft,Chance Cubes & Cooking! | Cooking with Modii! | Minecraft!,"['English', 'Minccraft', 'smallstrreamer', 'minecraft', 'ViewerRewards']",[],False
0,2025-03-24 17:00,ayofil2,en,Minecraft,JOIN FOR MINECRAFT CAPE! | Come hang out and play minecraft,"['English', 'viewersmp', 'PlayingwithViewers', 'minecraftserver', 'bedrocksmp', 'hypixel', 'minecraft', 'bedwars', 'LifestealSMP', 'LifestealPublic']",[],False
1,2025-03-24 17:08,Toxicmatt565,en,Minecraft,Playing Cobblemon,"['English', 'pokemoncontent', 'cobblemon', 'ViewerRewards']",[],False
1,2025-03-24 17:08,MrHugo,es,Minecraft,DROPS | CAPA ESPECIAL DE PELICULA DE MINECRAFT | VER DIRECTO 3 MINUTOS! |  Free CAPE | !drops !capa !cape,"['Español', 'minecraft', 'MINECRAFT', 'drops', 'Recompensasdeespectador']",[],False
1,2025-03-24 17:08,HHhover,es,Fortnite,🏆TORNEO 5K DE PAVOS con SEGUIDORES  💰 nueva lara croft| !id | Fashion Show - Escondidas - Minijuegos - Outfits,"['Español', 'HoverHH', 'fashionshow', 'outfits', 'jugandoconseguidores', 'partidasprivadas', 'JugandoChill', 'privadasfortnite']",[],False
1,2025-03-24 17:08,alvarosapoo,es,Minecraft,🔴MOD DE FIMOSIS en DIRECTO de MINECRAFT | COMO NO ENCUENTRE MI CASA ME PEGO UN TIRO 🎮 !redes !social !tiktok!yt,"['Español', 'humilde', 'atentoalchat', 'auron', 'rubius', 'xokas', 'illojuan', 'ibai', 'minecraft', 'Fortnite']",[],False
1,2025-03-24 17:08,Cibergun,es,Minecraft,🎁DROPS MINECRAFT🎁 🟥    Capa GRATIS || Free CAPE  - Java / Bedrock Edition - Con trucos y curiosidades de Minecraft !Cape !drop,"['Minecraft', 'drops', 'Drop', 'minecraft', 'DropsEnabled', 'DropsActivados', 'capa', 'drops', 'cape', 'Español']",[],False
1,2025-03-24 17:08,Horcus,es,VALORANT,🏆TOP 1 RADIANT CHALLENGE🏆 !aim @Horcus,"['Español', 'España', 'Valorant', 'Radiant', 'Spanish', 'English', 'Competitive', 'Drops', 'Competitivo', 'asmr']",[],False
1,2025-03-24 17:08,adrity355,es,Just Chatting,🍞 ME PASO MINECRAFT🍞 Juegos de terror y demás marranadas🥵🥵,"['Español', 'España', 'humor', 'Hispano', 'juegos']",[],False
1,2025-03-24 17:08,IlloJuan,es,Just Chatting,👑 EL REY DEL ENTRETENIMIENTO VACÍO E INSULSO 👑,['Español'],[],False
1,2025-03-24 17:08,babycocreta,es,Just Chatting,LA MEJOR STREAMER ESTA EN DIRECTO// ✨!donation✨!redes !musica,['Español'],[],False
2,2025-03-24 17:15,Toxicmatt565,en,Minecraft,Playing Cobblemon,"['English', 'pokemoncontent', 'cobblemon', 'ViewerRewards']",[],False
2,2025-03-24 17:15,MrHugo,es,Minecraft,DROPS | CAPA ESPECIAL DE PELICULA DE MINECRAFT | VER DIRECTO 3 MINUTOS! |  Free CAPE | !drops !capa !cape,"['Español', 'minecraft', 'MINECRAFT', 'drops', 'Recompensasdeespectador']",[],False
2,2025-03-24 17:16,HHhover,es,Fortnite,🏆TORNEO 5K DE PAVOS con SEGUIDORES  💰 nueva lara croft| !id | Fashion Show - Escondidas - Minijuegos - Outfits,"['Español', 'HoverHH', 'fashionshow', 'outfits', 'jugandoconseguidores', 'partidasprivadas', 'JugandoChill', 'privadasfortnite']",[],False
2,2025-03-24 17:16,alvarosapoo,es,Minecraft,🔴MOD DE FIMOSIS en DIRECTO de MINECRAFT | COMO NO ENCUENTRE MI CASA ME PEGO UN TIRO 🎮 !redes !social !tiktok!yt,"['Español', 'humilde', 'atentoalchat', 'auron', 'rubius', 'xokas', 'illojuan', 'ibai', 'minecraft', 'Fortnite']",[],False
2,2025-03-24 17:16,Cibergun,es,Minecraft,🎁DROPS MINECRAFT🎁 🟥    Capa GRATIS || Free CAPE  - Java / Bedrock Edition - Con trucos y curiosidades de Minecraft !Cape !drop,"['Minecraft', 'drops', 'Drop', 'minecraft', 'DropsEnabled', 'DropsActivados', 'capa', 'drops', 'cape', 'Español']",[],False
2,2025-03-24 17:16,Horcus,es,VALORANT,🏆TOP 1 RADIANT CHALLENGE🏆 !aim @Horcus,"['Español', 'España', 'Valorant', 'Radiant', 'Spanish', 'English', 'Competitive', 'Drops', 'Competitivo', 'asmr']",[],False
2,2025-03-24 17:16,Leel_Tsuki,fr,Grand Theft Auto V,Ravitaillement de cocktail lundi✨ !insta !tiktok,"['Chill', 'Français', 'ＦＰＳ', 'Multijoueur', 'PS5', 'Streamrunners', 'Coop']",['MatureGame'],False
2,2025-03-24 17:16,Superwill1972,fr,Marbles on Stream,"🏁MARBLES on STREAM🏁-✨PCG ""Recommended Streamer""✨-🐟LurkBait Fishing🐟-🎱The Bingo Room🎱","['Francais', 'PCG', 'Bingo', 'Fishing', 'CommunityGame', 'LGBT', 'Music', 'Pokemon', 'Français']",[],False
2,2025-03-24 17:16,maupuru,fr,VALORANT,on grind encore ! | !discord !streamloots !loops !reseaux,['Français'],[],False
3,2025-03-24 20:01,Alexander_r55,es,Overwatch 2,🎁DROPS🎁🚨 ALGO DIFERENTE EN EL CANAL?!🚨👽EL MEJOR STREAMER DE OVERWATCH EN ECUADOR👽🥵 ANDO QUEMADO🥵,"['Ecuador', 'Anime', 'Futbol', 'Español', 'México', 'DropsActivados']",[],False
3,2025-03-24 20:01,MrHugo,es,Minecraft,DROPS | CAPA ESPECIAL DE PELICULA DE MINECRAFT | VER DIRECTO 3 MINUTOS! |  Free CAPE | !drops !capa !cape,"['Español', 'minecraft', 'MINECRAFT', 'drops', 'Recompensasdeespectador']",[],False
3,2025-03-24 20:01,Cibergun,es,Minecraft,🎁DROPS MINECRAFT🎁 🟥    Capa GRATIS || Free CAPE  - Java / Bedrock Edition - Con trucos y curiosidades de Minecraft !Cape !drop,"['Minecraft', 'drops', 'Drop', 'minecraft', 'DropsEnabled', 'DropsActivados', 'capa', 'drops', 'cape', 'Español']",[],False
3,2025-03-24 20:01,HHhover,es,Fortnite,🏆TORNEO 5K DE PAVOS con SEGUIDORES  💰 nueva lara croft| !id | Fashion Show - Escondidas - Minijuegos - Outfits,"['Español', 'HoverHH', 'fashionshow', 'outfits', 'jugandoconseguidores', 'partidasprivadas', 'JugandoChill', 'privadasfortnite']",[],False
3,2025-03-24 20:01,Caslynj,es,VALORANT,Ganaré en vlrnt?,"['Español', 'chicagamer', 'fortnitegaminglive']",[],False
3,2025-03-24 20:01,lilfishbro,es,Marvel Rivals,EL 🌟JUGADOR DEFINITIVO🌟 DE MARVEL RIVALS !discord !tula,"['Español', 'Anime', 'RPG', 'PC', 'Gaming', 'Gacha', 'DropsActivados']",[],False
3,2025-03-24 20:01,aliiserra,es,VALORANT,⛔HOY NO SOMOS FUNKOS⛔ // !redes // !rango // !comandos,"['Español', 'valorant']",[],False
3,2025-03-24 20:01,eidergioco,es,VALORANT,MARVEL RIVALS con las bebas + ¿Valorant? // !Ruleta !Sorteo,"['valorant', 'LGTBQFriendly', 'Pequenosstreamer', 'Fortnite', 'Español', 'diamante', 'Charlandoconelchat', 'chicagamer', 'gamer', 'EspacioSeguro']",[],False
3,2025-03-24 20:02,xinesco,es,VALORANT,INMORTAL RANKEDSSS *grrrr* ❌ villain mode baby . FIN 🤬 !yt !mira !sens !color !skins,"['Español', 'Inmortal', 'valorant']",[],False
4,2025-03-24 20:12,puumii_,es,Minecraft,[ARG/ES] CHARLA EMOTIVA... !ds !s !followdance,"['HUMOR', 'Español', 'psicologia', 'jugandoconseguidores', 'meme', 'bailemos', 'hopecore', 'tilteandogente', 'molestandogente', 'terror']",[],False
4,2025-03-24 20:12,MrHugo,es,Minecraft,DROPS | CAPA ESPECIAL DE PELICULA DE MINECRAFT | VER DIRECTO 3 MINUTOS! |  Free CAPE | !drops !capa !cape,"['Español', 'minecraft', 'MINECRAFT', 'drops', 'Recompensasdeespectador']",[],False
4,2025-03-24 20:12,Alexander_r55,es,Overwatch 2,🎁DROPS🎁🚨 ALGO DIFERENTE EN EL CANAL?!🚨👽EL MEJOR STREAMER DE OVERWATCH EN ECUADOR👽🥵 ANDO QUEMADO🥵,"['Ecuador', 'Anime', 'Futbol', 'Español', 'México', 'DropsActivados']",[],False
4,2025-03-24 20:12,aitannnita,es,VALORANT,01101000 01101111 01101100 01100001 | !discord !redes !comandos |  @aitannnita,"['Español', 'safespace', 'LGBTQIAsafeplace', 'Asturias', 'makkapakka', 'valorant']",[],False
4,2025-03-24 20:13,Cibergun,es,Minecraft,🎁DROPS MINECRAFT🎁 🟥    Capa GRATIS || Free CAPE  - Java / Bedrock Edition - Con trucos y curiosidades de Minecraft !Cape !drop,"['Minecraft', 'drops', 'Drop', 'minecraft', 'DropsEnabled', 'DropsActivados', 'capa', 'drops', 'cape', 'Español']",[],False
4,2025-03-24 20:13,Caslynj,es,VALORANT,Ganaré en vlrnt?,"['Español', 'chicagamer', 'fortnitegaminglive']",[],False
4,2025-03-24 20:13,ZerstGaming,es,Sea of Thieves,DROPS! Pirateando andamos! | !short !video !sorteo,"['latam', 'Español', 'PVP', 'SeaOfThievesPartner', 'sorteos', 'FamilyFriendly', 'Portugues', 'drops', 'English', 'DropsActivados']",[],False
4,2025-03-24 20:13,Sandromeda,en,Sea of Thieves,[DROPS] MERCH STORE IS HERE-> Sandromeda.ca <-👀 !merch 10% OFF for subs!🌠!madrinas +20% OFF w/ code 'SANDROMEDA'🌠,"['English', 'StJudePlayLive', 'Madrinas', 'SoTPartner', 'HotTubStreamWithoutTheTub', 'DropsEnabled']",[],True
4,2025-03-24 20:13,NateaCuiki,es,Assassin's Creed Shadows,🩷DROPS🩷 Un rato de sigilos en Assassin's Creed Shadows,"['Español', 'Mujer', 'RPGs', 'IndieGames', 'SeaOfThievesPartner', 'DropsActivados']",['MatureGame'],False
5,2025-03-24 20:24,MrHugo,es,Minecraft,DROPS | CAPA ESPECIAL DE PELICULA DE MINECRAFT | VER DIRECTO 3 MINUTOS! |  Free CAPE | !drops !capa !cape,"['Español', 'minecraft', 'MINECRAFT', 'drops', 'Recompensasdeespectador']",[],False
5,2025-03-24 20:24,Alexander_r55,es,Overwatch 2,🎁DROPS🎁🚨 ALGO DIFERENTE EN EL CANAL?!🚨👽EL MEJOR STREAMER DE OVERWATCH EN ECUADOR👽🥵 ANDO QUEMADO🥵,"['Ecuador', 'Anime', 'Futbol', 'Español', 'México', 'DropsActivados']",[],False
5,2025-03-24 20:24,puumii_,es,Just Chatting,[ARG/ES] CHARLA EMOTIVA... !ds !s !followdance,"['HUMOR', 'Español', 'psicologia', 'jugandoconseguidores', 'meme', 'bailemos', 'hopecore', 'tilteandogente', 'molestandogente', 'terror']",[],False
5,2025-03-24 20:24,aitannnita,es,VALORANT,01101000 01101111 01101100 01100001 | !discord !redes !comandos |  @aitannnita,"['Español', 'safespace', 'LGBTQIAsafeplace', 'Asturias', 'makkapakka', 'valorant']",[],False
5,2025-03-24 20:24,Cibergun,es,Minecraft,🎁DROPS MINECRAFT🎁 🟥    Capa GRATIS || Free CAPE  - Java / Bedrock Edition - Con trucos y curiosidades de Minecraft !Cape !drop,"['Minecraft', 'drops', 'Drop', 'minecraft', 'DropsEnabled', 'DropsActivados', 'capa', 'drops', 'cape', 'Español']",[],False
5,2025-03-24 20:24,HHhover,es,Fortnite,🏆TORNEO 5K DE PAVOS con SEGUIDORES  💰 nueva lara croft| !id | Fashion Show - Escondidas - Minijuegos - Outfits,"['Español', 'HoverHH', 'fashionshow', 'outfits', 'jugandoconseguidores', 'partidasprivadas', 'JugandoChill', 'privadasfortnite']",[],False
5,2025-03-24 20:24,crayne1,es,ROBLOX,SALUDAME SOY NUEVO,"['Español', 'robux', 'bloxfruits']",[],False
5,2025-03-24 20:25,ZeerooTV,es,Minecraft,🍉COMENZANDO LA SEMANITA JUGANDO DE CHILL🍉@zeerootv | ❗ds ❗roblox ❗redes ❗fortnite ❗reglas,"['Argentina', 'Español', 'pngtuber', 'VtuberES', 'Vtuber', 'Perú', 'Chile', 'Mexico', 'España', 'extensible']",[],False
5,2025-03-24 20:25,ThomiHair,es,ROBLOX,📢SE ACABA EL EXTENSIBLE?EL FINAL?📢DIA 15 EN STREAM📢SI LEES ESTO PON * PIPSHAS* ✨!roblox✨!amor✨!tiktok✨!mecabe✨!memide✨!canicas✨,"['roblox', 'gameplay', 'Argentina', 'Español', 'México', 'robloxgames', 'Robloxgamming', 'Vtuber', 'Ｖｔｕｂｅｒ', 'extensible']",[],False
6,2025-03-24 20:33,aitannnita,es,VALORANT,01101000 01101111 01101100 01100001 | !discord !redes !comandos |  @aitannnita,"['Español', 'safespace', 'LGBTQIAsafeplace', 'Asturias', 'makkapakka', 'valorant']",[],False
6,2025-03-24 20:34,javipasal,es,ROBLOX,🚂Tren Destino 80k con Zombies 🤢 y diversion 🔥,"['Español', 'roblox', 'bloxfruits', 'Fisch', 'rielesmuertos', 'deadrails']",[],False
6,2025-03-24 20:34,MrHugo,es,Minecraft,DROPS | CAPA ESPECIAL DE PELICULA DE MINECRAFT | VER DIRECTO 3 MINUTOS! |  Free CAPE | !drops !capa !cape,"['Español', 'minecraft', 'MINECRAFT', 'drops', 'Recompensasdeespectador']",[],False
6,2025-03-24 20:34,Caslynj,es,VALORANT,Ganaré en vlrnt?,"['Español', 'chicagamer', 'fortnitegaminglive']",[],False
6,2025-03-24 20:34,Alexander_r55,es,Overwatch 2,🎁DROPS🎁🚨 ALGO DIFERENTE EN EL CANAL?!🚨👽EL MEJOR STREAMER DE OVERWATCH EN ECUADOR👽🥵 ANDO QUEMADO🥵,"['Ecuador', 'Anime', 'Futbol', 'Español', 'México', 'DropsActivados']",[],False
6,2025-03-24 20:34,victoriarodrgzz,es,inZOI,INZOI EARLY ACCESS | The Last Of Us Inzoi 🧟‍♂️ #3 | !redes,"['Español', 'LGTBQFriendly', 'Andalucía', 'Mujer', 'Cozy', 'humor', 'aesthetic', 'inzoi']",[],False
6,2025-03-24 20:34,Toxicmatt565,en,Minecraft,Playing Cobblemon,"['English', 'pokemoncontent', 'cobblemon', 'ViewerRewards']",[],False
6,2025-03-24 20:34,JaayMC,en,Minecraft,✨ Get the NEW Cape! | 🌎 Minecraft Viewer SMP! | 🌠 Partner Grind Streamathon (Day 2) 🌈 how are you?! | !subathon !lurking,"['Survival', 'LGBTQ', 'SafeSpace', 'Cape', 'Drops', 'PlayingWithViewers', 'Chill', 'SMP', 'subathon', 'Minecraft']",[],False
6,2025-03-24 20:34,bundun,en,ROBLOX,BLOX FRUITS with BUNDUN & TIM (Noob To Pro DAY 3),"['Austrailan', 'youtube', 'bundun', 'shorts', 'English']",[],False
7,2025-03-25 00:01,MrHugo,es,Minecraft,DROPS | CAPA ESPECIAL DE PELICULA DE MINECRAFT | VER DIRECTO 3 MINUTOS! |  Free CAPE | !drops !capa !cape,"['Español', 'minecraft', 'MINECRAFT', 'drops', 'Recompensasdeespectador']",[],False
7,2025-03-25 00:01,jason260121,es,ROBLOX,Anomaly Watch💀 !user  (no acepto solis siganme para unirse)  !discord !yt !tiktok,"['Español', 'hablandoconelchat', 'jugandoconseguidores']",['ProfanityVulgarity'],False
7,2025-03-25 00:01,CursedFiber78,es,Overwatch 2,🎁DROPS 5 LOOTBOXES🎁🏹FREJA🏹💥🕊️SE ME CHINGO EL MICRO🕊️👴👴NO SON TANTOS ANUCIOS NO MAME💎REDES:@CursedFiber78,"['Español', 'malabarista', 'drops', 'tupapá', 'Elmejorstreamerdelmundo', 'OverwatchRanked', 'ElmejorREAPER', 'tortilla', 'DropsActivados']",[],False
7,2025-03-25 00:01,Cibergun,es,Minecraft,🎁DROPS MINECRAFT🎁 🟥    Capa GRATIS || Free CAPE  - Java / Bedrock Edition - Con trucos y curiosidades de Minecraft !Cape !drop,"['Minecraft', 'drops', 'Drop', 'minecraft', 'DropsEnabled', 'DropsActivados', 'capa', 'drops', 'cape', 'Español']",[],False
7,2025-03-25 00:01,LeanBk,es,VALORANT,🔥LUNES DE BAJAR?  !speak !mp !donacion,"['argentina', 'shooter', 'goat', 'humor', 'Español', 'valorant', 'VALORANＴ']",['ProfanityVulgarity'],False
7,2025-03-25 00:01,SainJimmy,es,Fortnite,FINALMENTE VARIEDAD💀DON POIO??🔴RCKET??👀MARVEL RIVALS🔴,['Español'],[],False
7,2025-03-25 00:01,Miffoo,en,Sea of Thieves,*DROPS* 💀 [12Hr] Flu - No Comms - Only Gaming 💀 !drops,"['English', 'DropsEnabled']",[],False
7,2025-03-25 00:01,MixelPlx,en,Sea of Thieves,!DROPS🔥 Solo Pirate Hunting For Fortune🔥 !food !yt,"['English', 'DropsEnabled']",[],False
7,2025-03-25 00:02,crud,en,Sea of Thieves,[CRUDSIDIAN !DROPS] crudstream ft @theb,"['English', 'crudgoblin', 'crudfest', 'chatreader', 'seaofthieves', 'Completionist', 'OCE', 'Australia', 'SeaofThievesgameplay', 'Tall']",[],False
8,2025-03-25 00:11,MrHugo,es,Minecraft,DROPS | CAPA ESPECIAL DE PELICULA DE MINECRAFT | VER DIRECTO 3 MINUTOS! |  Free CAPE | !drops !capa !cape,"['Español', 'minecraft', 'MINECRAFT', 'drops', 'Recompensasdeespectador']",[],False
8,2025-03-25 00:11,jason260121,es,ROBLOX,Anomaly Watch💀 !user  (no acepto solis siganme para unirse)  !discord !yt !tiktok,"['Español', 'hablandoconelchat', 'jugandoconseguidores']",['ProfanityVulgarity'],False
8,2025-03-25 00:11,CursedFiber78,es,Overwatch 2,🎁DROPS 5 LOOTBOXES🎁🏹FREJA🏹💥🕊️SE ME CHINGO EL MICRO🕊️👴👴NO SON TANTOS ANUCIOS NO MAME💎REDES:@CursedFiber78,"['Español', 'malabarista', 'drops', 'tupapá', 'Elmejorstreamerdelmundo', 'OverwatchRanked', 'ElmejorREAPER', 'tortilla', 'DropsActivados']",[],False
8,2025-03-25 00:11,Cibergun,es,Minecraft,🎁DROPS MINECRAFT🎁 🟥    Capa GRATIS || Free CAPE  - Java / Bedrock Edition - Con trucos y curiosidades de Minecraft !Cape !drop,"['Minecraft', 'drops', 'Drop', 'minecraft', 'DropsEnabled', 'DropsActivados', 'capa', 'drops', 'cape', 'Español']",[],False
8,2025-03-25 00:11,LeanBk,es,VALORANT,🔥LUNES DE BAJAR?  !speak !mp !donacion,"['argentina', 'shooter', 'goat', 'humor', 'Español', 'valorant', 'VALORANＴ']",['ProfanityVulgarity'],False
8,2025-03-25 00:11,SainJimmy,es,Fortnite,FINALMENTE VARIEDAD💀DON POIO??🔴RCKET??👀MARVEL RIVALS🔴,['Español'],[],False
8,2025-03-25 00:11,Guajolocombo_plus,es,VALORANT,[Ztatiko] El diablooooo que corte  😈😈😈 || Vivan los qlos 💜,['Español'],['ProfanityVulgarity'],False
8,2025-03-25 00:11,byjacquez,es,Overwatch 2,🔴DROPS: 5 LOOTBOXES GRATIS🔴JUGANDO CON SEGUIDORES🔴 |  !REDES @BYJACQUEZ,"['Español', 'Overwatsch2', 'Español', 'chill', 'México', 'marvelrivals', 'Lucio', 'English', 'drops', 'DropsActivados']",[],False
8,2025-03-25 00:11,MainNova,es,Resident Evil: Revelations,#2 DONDE VRGAS ESTAS CHRIS? (FINAL?),"['Perú', 'latino', 'fypシ', 'LATAM', 'girlstreaming', 'Español', 'overwatch', 'deadbbydaylight', 'ResidentEvill']",['MatureGame'],False
9,2025-03-25 00:18,MrHugo,es,Minecraft,DROPS | CAPA ESPECIAL DE PELICULA DE MINECRAFT | VER DIRECTO 3 MINUTOS! |  Free CAPE | !drops !capa !cape,"['Español', 'minecraft', 'MINECRAFT', 'drops', 'Recompensasdeespectador']",[],False
9,2025-03-25 00:18,CursedFiber78,es,Overwatch 2,🎁DROPS 5 LOOTBOXES🎁🏹FREJA🏹💥🕊️SE ME CHINGO EL MICRO🕊️👴👴NO SON TANTOS ANUCIOS NO MAME💎REDES:@CursedFiber78,"['Español', 'malabarista', 'drops', 'tupapá', 'Elmejorstreamerdelmundo', 'OverwatchRanked', 'ElmejorREAPER', 'tortilla', 'DropsActivados']",[],False
9,2025-03-25 00:18,jason260121,es,ROBLOX,Anomaly Watch💀 !user  (no acepto solis siganme para unirse)  !discord !yt !tiktok,"['Español', 'hablandoconelchat', 'jugandoconseguidores']",['ProfanityVulgarity'],False
9,2025-03-25 00:19,Cibergun,es,Minecraft,🎁DROPS MINECRAFT🎁 🟥    Capa GRATIS || Free CAPE  - Java / Bedrock Edition - Con trucos y curiosidades de Minecraft !Cape !drop,"['Minecraft', 'drops', 'Drop', 'minecraft', 'DropsEnabled', 'DropsActivados', 'capa', 'drops', 'cape', 'Español']",[],False
9,2025-03-25 00:19,Saturnnv,es,Overwatch 2,🌸 DROPS ON 🌸 Jugando OW  !host !redes┋ [VTuber],"['Charlas', 'VTuber', 'Preguntaloquequieras', 'conversaciones', 'Español', 'gamer', 'DropsActivados']",[],False
9,2025-03-25 00:19,LhyaVT,es,Overwatch 2,TITULOMAXINGSINPEROPEROSINPAUSASAQUIDEBUENASAPRIMERASJUGANDOOVERWATCH-DROPSACTIVOS--!S !DISC 🍜🥙🧀🥩🥠🎭🎞🎍🎏🎑🚊🛴🚛😑😘😎📷🖤✈🚄🚟🚘,"['Vtuber', 'trans', 'Español', 'LGBTQIAPlus', 'SexyHot', 'femboy', 'DropsActivados']",[],False
10,2025-03-25 00:25,CursedFiber78,es,Overwatch 2,🎁DROPS 5 LOOTBOXES🎁🏹FREJA🏹💥🕊️SE ME CHINGO EL MICRO🕊️👴👴NO SON TANTOS ANUCIOS NO MAME💎REDES:@CursedFiber78,"['Español', 'malabarista', 'drops', 'tupapá', 'Elmejorstreamerdelmundo', 'OverwatchRanked', 'ElmejorREAPER', 'tortilla', 'DropsActivados']",[],False
10,2025-03-25 00:25,MrHugo,es,Minecraft,DROPS | CAPA ESPECIAL DE PELICULA DE MINECRAFT | VER DIRECTO 3 MINUTOS! |  Free CAPE | !drops !capa !cape,"['Español', 'minecraft', 'MINECRAFT', 'drops', 'Recompensasdeespectador']",[],False
10,2025-03-25 00:25,jason260121,es,ROBLOX,Anomaly Watch💀 !user  (no acepto solis siganme para unirse)  !discord !yt !tiktok,"['Español', 'hablandoconelchat', 'jugandoconseguidores']",['ProfanityVulgarity'],False
10,2025-03-25 00:26,Cibergun,es,Minecraft,🎁DROPS MINECRAFT🎁 🟥    Capa GRATIS || Free CAPE  - Java / Bedrock Edition - Con trucos y curiosidades de Minecraft !Cape !drop,"['Minecraft', 'drops', 'Drop', 'minecraft', 'DropsEnabled', 'DropsActivados', 'capa', 'drops', 'cape', 'Español']",[],False
10,2025-03-25 00:26,Saturnnv,es,Overwatch 2,🌸 DROPS ON 🌸 Jugando OW  !host !redes┋ [VTuber],"['Charlas', 'VTuber', 'Preguntaloquequieras', 'conversaciones', 'Español', 'gamer', 'DropsActivados']",[],False
10,2025-03-25 00:26,LhyaVT,es,Overwatch 2,TITULOMAXINGSINPEROPEROSINPAUSASAQUIDEBUENASAPRIMERASJUGANDOOVERWATCH-DROPSACTIVOS--!S !DISC 🍜🥙🧀🥩🥠🎭🎞🎍🎏🎑🚊🛴🚛😑😘😎📷🖤✈🚄🚟🚘,"['Vtuber', 'trans', 'Español', 'LGBTQIAPlus', 'SexyHot', 'femboy', 'DropsActivados']",[],False
10,2025-03-25 00:26,switchcat_,es,Fortnite,SOLOS? PRIVS? SQUAD? ₊˚ ✧ ‿︵‿୨୧‿︵‿ ✧ ₊˚ !redes !dono !FN,"['Fortnite', 'Gamergirl', 'Espanol', 'Ingles', 'Recargafortnite', 'animalcrossing', 'nintendoswitch', 'Español']",[],False
10,2025-03-25 00:26,Rikochain,es,Fortnite,PAPEANDO EN PUBLICAS🗣️🍫 | FARMEA PUNTOS 🎁 |  EL MEJOR DE PUENTE PIEDRA,"['Español', 'Perú', 'Peru', 'Latino', 'USA', 'trickortreat']",[],False
10,2025-03-25 00:26,tomatitagg_,es,Fortnite,💜  jugando gentita con mis invitados Rosita y Calichi💜 🤡 una colombiana en Peruvian,"['Español', 'Perú', 'Colombia', 'Argentina', 'replay', 'Ecuador', 'Fortnite']",[],False
11,2025-03-25 00:37,CursedFiber78,es,Overwatch 2,🎁DROPS 5 LOOTBOXES🎁🏹FREJA🏹💥🕊️SE ME CHINGO EL MICRO🕊️👴👴NO SON TANTOS ANUCIOS NO MAME💎REDES:@CursedFiber78,"['Español', 'malabarista', 'drops', 'tupapá', 'Elmejorstreamerdelmundo', 'OverwatchRanked', 'ElmejorREAPER', 'tortilla', 'DropsActivados']",[],False
11,2025-03-25 00:37,MrHugo,es,Minecraft,DROPS | CAPA ESPECIAL DE PELICULA DE MINECRAFT | VER DIRECTO 3 MINUTOS! |  Free CAPE | !drops !capa !cape,"['Español', 'minecraft', 'MINECRAFT', 'drops', 'Recompensasdeespectador']",[],False
11,2025-03-25 00:37,jason260121,es,ROBLOX,Anomaly Watch💀 !user  (no acepto solis siganme para unirse)  !discord !yt !tiktok,"['Español', 'hablandoconelchat', 'jugandoconseguidores']",['ProfanityVulgarity'],False
11,2025-03-25 00:37,Cibergun,es,Minecraft,🎁DROPS MINECRAFT🎁 🟥    Capa GRATIS || Free CAPE  - Java / Bedrock Edition - Con trucos y curiosidades de Minecraft !Cape !drop,"['Minecraft', 'drops', 'Drop', 'minecraft', 'DropsEnabled', 'DropsActivados', 'capa', 'drops', 'cape', 'Español']",[],False
11,2025-03-25 00:37,Saturnnv,es,Overwatch 2,🌸 DROPS ON 🌸 Jugando OW  !host !redes┋ [VTuber],"['Charlas', 'VTuber', 'Preguntaloquequieras', 'conversaciones', 'Español', 'gamer', 'DropsActivados']",[],False
11,2025-03-25 00:37,LhyaVT,es,Overwatch 2,TITULOMAXINGSINPEROPEROSINPAUSASAQUIDEBUENASAPRIMERASJUGANDOOVERWATCH-DROPSACTIVOS--!S !DISC 🍜🥙🧀🥩🥠🎭🎞🎍🎏🎑🚊🛴🚛😑😘😎📷🖤✈🚄🚟🚘,"['Vtuber', 'trans', 'Español', 'LGBTQIAPlus', 'SexyHot', 'femboy', 'DropsActivados']",[],False
11,2025-03-25 00:37,DayGameTTV,es,Grand Theft Auto V,UN VIAJECITO EXPRESS😍😘 / LA SANTA RP🦋+18 IG: Dayosorio__  !donación.,"['Español', 'roleplayer', 'rolplay', 'IRL']","['DrugsIntoxication', 'MatureGame']",False
11,2025-03-25 00:37,sashitab,es,Grand Theft Auto V,"REPO DE CHILL, Y ROLEAR DE CHILL","['Español', 'Chile', 'LATAM', 'RolplayEspañol', 'RP']",['MatureGame'],False
11,2025-03-25 00:38,qtEvo,es,Call of Duty: Warzone,DONDE ESTAN MIS BOTS - MOVIE FOREVER - SN,"['roleplay', 'gtav', 'pilon', 'Español']",['MatureGame'],False
12,2025-03-25 04:01,MrHugo,es,Minecraft,DROPS | CAPA ESPECIAL DE PELICULA DE MINECRAFT | VER DIRECTO 3 MINUTOS! |  Free CAPE | !drops !capa !cape,"['Español', 'minecraft', 'MINECRAFT', 'drops', 'Recompensasdeespectador']",[],False
12,2025-03-25 04:01,Cibergun,es,Minecraft,🎁DROPS MINECRAFT🎁 🟥    Capa GRATIS || Free CAPE  - Java / Bedrock Edition - Con trucos y curiosidades de Minecraft !Cape !drop,"['Minecraft', 'drops', 'Drop', 'minecraft', 'DropsEnabled', 'DropsActivados', 'capa', 'drops', 'cape', 'Español']",[],False
12,2025-03-25 04:01,elphantomlol,es,League of Legends,Nuevo Outfit fokinchet (Quitenme el VtubeStudio) | !sr activo,"['gamer', 'Vtuber', 'Español', 'México', 'VtuberESP', 'VtuberHombre', 'VtuberEN', 'leagueoflegends']",[],False
12,2025-03-25 04:01,PepeDonas_,es,Minecraft,STREAM NACO!!!! 🗣️🔥 || !s para hablaR || !redes !discord !user,"['Español', 'Platicandodecualquiercosa', 'Esquizofrenia', 'Autismo', 'Bebeton', 'naco', 'Estupidez', 'Tonton', 'VALORES', 'Recompensasdeespectador']",[],False
12,2025-03-25 04:01,GoldRokie,es,EA Sports FC 25,🔴Maratón Champions 43 Partidos Seguidos / Gullit SBC 🔴,"['futchampions', 'latam', 'futbol', 'goldrokie', 'packopening', 'platica', 'deportes', 'Español', 'fc25']",[],False
12,2025-03-25 04:01,T3chnopanda,en,Marvel Rivals,(TWITCH DROPS ENABLED) WE HIT CELESTIAL! NOW WE PLAY TANK! New Song OUT! POWER THROUGH POSITIVITY!,"['positive', 'chatty', 'love', 'English', 'DropsEnabled']",[],False
12,2025-03-25 04:01,BlakkChannel,en,The First Berserker: Khazan,UWU Khazan You Slaaaaay Me ( ͝° ͜ʖ͡°)=o==[]::::::::::> ( ◞≼◉ื≽◟ ;益;◞≼◉ื≽◟)Ψ | !info | #Gay #IndieSupporter #Horror #WAP,"['LGBTQIAPlus', 'Noob2life', 'GayPlus', 'CC', 'Not4YoKids', 'Chatty', 'DaddyStreamer', 'DeadInside', 'HawkTuah', 'ThroatGoat']","['MatureGame', 'ProfanityVulgarity']",False
12,2025-03-25 04:01,CJSHIZ,en,Sea of Thieves,🟢OBSIDIAN !DROPS + !GIVEAWAY 🟢 ANOTHER DAY AT SEA 🟢 W/ @idbz @miffoo !yt !merch !gfuel !giveaway 🟢,"['PvP', 'SeaOfThievesPartner', 'Giveaway', 'English', 'GFUEL', 'DropsEnabled']",[],False
12,2025-03-25 04:02,ValoraPlays,en,Miniatures & Models,painting awful things while being assaulted with 40k lore  [ !merch ][ !gdc ] [18+],"['adhd', 'chatty', 'sorryIonlyknowEnglish', 'gremlinchat', 'mostlynotacult', 'chaoticwholesome', 'IdontKnowWhatIamDoing', 'English', 'FirstPlaythrough', 'warhammer']",[],False
13,2025-03-25 04:11,MrHugo,es,Minecraft,DROPS | CAPA ESPECIAL DE PELICULA DE MINECRAFT | VER DIRECTO 3 MINUTOS! |  Free CAPE | !drops !capa !cape,"['Español', 'minecraft', 'MINECRAFT', 'drops', 'Recompensasdeespectador']",[],False
13,2025-03-25 04:11,Cibergun,es,Minecraft,🎁DROPS MINECRAFT🎁 🟥    Capa GRATIS || Free CAPE  - Java / Bedrock Edition - Con trucos y curiosidades de Minecraft !Cape !drop,"['Minecraft', 'drops', 'Drop', 'minecraft', 'DropsEnabled', 'DropsActivados', 'capa', 'drops', 'cape', 'Español']",[],False
13,2025-03-25 04:11,elphantomlol,es,League of Legends,Nuevo Outfit fokinchet (Quitenme el VtubeStudio) | !sr activo,"['gamer', 'Vtuber', 'Español', 'México', 'VtuberESP', 'VtuberHombre', 'VtuberEN', 'leagueoflegends']",[],False
13,2025-03-25 04:11,PepeDonas_,es,Minecraft,STREAM NACO!!!! 🗣️🔥 || !s para hablaR || !redes !discord !user,"['Español', 'Platicandodecualquiercosa', 'Esquizofrenia', 'Autismo', 'Bebeton', 'naco', 'Estupidez', 'Tonton', 'VALORES', 'Recompensasdeespectador']",[],False
13,2025-03-25 04:11,GoldRokie,es,EA Sports FC 25,🔴Maratón Champions 43 Partidos Seguidos / Gullit SBC 🔴,"['futchampions', 'latam', 'futbol', 'goldrokie', 'packopening', 'platica', 'deportes', 'Español', 'fc25']",[],False
13,2025-03-25 04:11,T3chnopanda,en,Marvel Rivals,(TWITCH DROPS ENABLED) WE HIT CELESTIAL! NOW WE PLAY TANK! New Song OUT! POWER THROUGH POSITIVITY!,"['positive', 'chatty', 'love', 'English', 'DropsEnabled']",[],False
13,2025-03-25 04:11,lualessyvt,es,R.E.P.O.,"【🔞||🦊|| ENG/ESP】Estoy obsesionado con este juego, ayuda ≪Bienvenidos al cuchitril del zorro≫","['Vtuber', 'femboy', 'Kemonomimi', 'Español', 'EngEsp', 'English', 'Kitsune', 'Español']","['DebatedSocialIssuesAndPolitics', 'DrugsIntoxication', 'ProfanityVulgarity', 'SexualThemes', 'ViolentGraphic']",False
13,2025-03-25 04:11,yinyue_pines,es,ROBLOX,✅ ❥MINI EXTENSIBLE || +18 || Pagando las 24hrs que les debos☀️ Hoy full bully y obscure || ᵁʷᵁ|| 🌺 || COMISIONES ABIERTAS ✅,"['Firsttime', 'Primeravez', 'vtuber', 'Latino', 'Esp', 'Mom', 'mamá', 'Diseñador', 'Ilustrador', 'artista']","['DrugsIntoxication', 'ProfanityVulgarity', 'SexualThemes', 'ViolentGraphic']",False
13,2025-03-25 04:11,ivaneliz0507,es,The Forest,+16 (EN/ES) Holiiii ❤️ buenas noches,"['Español', 'ｖtuber', 'chilll', 'Mature']",['MatureGame'],False
14,2025-03-25 04:19,MrHugo,es,Minecraft,DROPS | CAPA ESPECIAL DE PELICULA DE MINECRAFT | VER DIRECTO 3 MINUTOS! |  Free CAPE | !drops !capa !cape,"['Español', 'minecraft', 'MINECRAFT', 'drops', 'Recompensasdeespectador']",[],False
14,2025-03-25 04:19,Cibergun,es,Minecraft,🎁DROPS MINECRAFT🎁 🟥    Capa GRATIS || Free CAPE  - Java / Bedrock Edition - Con trucos y curiosidades de Minecraft !Cape !drop,"['Minecraft', 'drops', 'Drop', 'minecraft', 'DropsEnabled', 'DropsActivados', 'capa', 'drops', 'cape', 'Español']",[],False
14,2025-03-25 04:20,elphantomlol,es,League of Legends,Nuevo Outfit fokinchet (Quitenme el VtubeStudio) | !sr activo,"['gamer', 'Vtuber', 'Español', 'México', 'VtuberESP', 'VtuberHombre', 'VtuberEN', 'leagueoflegends']",[],False
14,2025-03-25 04:20,PepeDonas_,es,Minecraft,STREAM NACO!!!! 🗣️🔥 || !s para hablaR || !redes !discord !user,"['Español', 'Platicandodecualquiercosa', 'Esquizofrenia', 'Autismo', 'Bebeton', 'naco', 'Estupidez', 'Tonton', 'VALORES', 'Recompensasdeespectador']",[],False
14,2025-03-25 04:20,GoldRokie,es,EA Sports FC 25,🔴Maratón Champions 43 Partidos Seguidos / Gullit SBC 🔴,"['futchampions', 'latam', 'futbol', 'goldrokie', 'packopening', 'platica', 'deportes', 'Español', 'fc25']",[],False
14,2025-03-25 04:20,T3chnopanda,en,Marvel Rivals,(TWITCH DROPS ENABLED) WE HIT CELESTIAL! NOW WE PLAY TANK! New Song OUT! POWER THROUGH POSITIVITY!,"['positive', 'chatty', 'love', 'English', 'DropsEnabled']",[],False
14,2025-03-25 04:20,BirdieSimsGames,en,inZOI,Inzoi Early Access Gameplay - The new life sim?!,"['Chatty', 'CasualPlaythrough', 'English', 'English', 'AllAreWelcomeHere', 'ChaoticCozy', 'Nostalgia']",[],False
14,2025-03-25 04:20,Jeremy_GoneWild,en,The Sims 4,Rebirth Legacy Challenge Gen 7,"['lgbtqia', 'gay', 'neurodivergent', 'autism', 'lgbt', 'EAPartner', 'English']",[],False
14,2025-03-25 04:20,canyoupassthepie,en,inZOI,☁️💭18+ | COZY VIBES | CREATING BEDROOMS FOR CHILDZOIS | CREATING ZOI'S ☁️💭,"['inzoi', 'inzoigameplay', 'indiegame', 'lifesimulation', 'building', 'cozy', 'English', 'charactercreation', 'canvas']",[],False
15,2025-03-25 04:30,MrHugo,es,Minecraft,DROPS | CAPA ESPECIAL DE PELICULA DE MINECRAFT | VER DIRECTO 3 MINUTOS! |  Free CAPE | !drops !capa !cape,"['Español', 'minecraft', 'MINECRAFT', 'drops', 'Recompensasdeespectador']",[],False
15,2025-03-25 04:30,elphantomlol,es,League of Legends,Nuevo Outfit fokinchet (Quitenme el VtubeStudio) | !sr activo,"['gamer', 'Vtuber', 'Español', 'México', 'VtuberESP', 'VtuberHombre', 'VtuberEN', 'leagueoflegends']",[],False
15,2025-03-25 04:30,MaSaCr3_,es,Overwatch 2,✅DROPS 🔇NO MIC 💰!sorteo DIARIO de 10€ o 1k de mOWnedas 🎁!ganadores 😈 TOP103 Supreme Flex deity,"['PersonajesMalvados', 'Competitivo', 'Vicio', 'Perversión', 'PecadosCapitales', 'SufreConEspectadores', 'DepravaciónAbsoluta', 'SerialKiller', 'Español', 'DropsActivados']",[],True
15,2025-03-25 04:30,T3chnopanda,en,Marvel Rivals,(TWITCH DROPS ENABLED) WE HIT CELESTIAL! NOW WE PLAY TANK! New Song OUT! POWER THROUGH POSITIVITY!,"['positive', 'chatty', 'love', 'English', 'DropsEnabled']",[],False
15,2025-03-25 04:30,GoldRokie,es,EA Sports FC 25,🔴Maratón Champions 43 Partidos Seguidos / Gullit SBC 🔴,"['futchampions', 'latam', 'futbol', 'goldrokie', 'packopening', 'platica', 'deportes', 'Español', 'fc25']",[],False
15,2025-03-25 04:30,adhdgaming94,en,Overwatch 2,🌸[DROPS ENABLED]🌸 TWITCH PARTNER PUSH!! RANK 1 TIME!! 291/350 SUB GOAL! 🔥♥️,"['English', 'ADHD', 'overwatch', 'ProfessionalGamer', 'top500overwatch2', 'Grandmaster', 'MentalHealthFriendly', 'ChronicIllness', 'BirthdayStream', 'DropsEnanbled']",[],False
15,2025-03-25 04:30,mud_flaps123,en,Minecraft,Skyblock but stream ends when im done or when i die !whatsthis !subgoal !megasubgoal !YTvsTwitch !quests !quests2,"['English', 'WorldsUgliestStreamer', 'IDontKnowHowToCook', 'IBoilMySteak', 'ViewerRewards']",[],False
15,2025-03-25 04:30,EiMine77,pt,Minecraft,✅ RECOMPENSAS ON! | ⭐ SEJA RÁPIDO E GANHE UMA CAPA DE GRAÇA: !CAPA | 💘 INSTAGRAM: @EIMINE77 | !ajuda !rerun !sub !subgratis !loja,"['Minecraft', 'EiMine', 'Português', 'RecompensasEspetadores']",[],False
15,2025-03-25 04:30,LeooKnightus,en,Minecraft,CAPE TEMP DISABLED play.blossomcraft.org,"['Minecraft', 'BlossomCraft', 'English', 'drops', 'Variety', 'SMP', 'ViewerRewards']",[],True
16,2025-03-25 04:41,MrHugo,es,Minecraft,DROPS | CAPA ESPECIAL DE PELICULA DE MINECRAFT | VER DIRECTO 3 MINUTOS! |  Free CAPE | !drops !capa !cape,"['Español', 'minecraft', 'MINECRAFT', 'drops', 'Recompensasdeespectador']",[],False
16,2025-03-25 04:41,Cibergun,es,Minecraft,🎁DROPS MINECRAFT🎁 🟥    Capa GRATIS || Free CAPE  - Java / Bedrock Edition - Con trucos y curiosidades de Minecraft !Cape !drop,"['Minecraft', 'drops', 'Drop', 'minecraft', 'capa', 'drops', 'cape', 'Español', 'Recompensasdeespectador']",[],False
16,2025-03-25 04:41,elphantomlol,es,League of Legends,Nuevo Outfit fokinchet (Quitenme el VtubeStudio) | !sr activo,"['gamer', 'Vtuber', 'Español', 'México', 'VtuberESP', 'VtuberHombre', 'VtuberEN', 'leagueoflegends']",[],False
16,2025-03-25 04:41,PepeDonas_,es,Minecraft,STREAM NACO!!!! 🗣️🔥 || !s para hablaR || !redes !discord !user,"['Español', 'Platicandodecualquiercosa', 'Esquizofrenia', 'Autismo', 'Bebeton', 'naco', 'Estupidez', 'Tonton', 'VALORES', 'Recompensasdeespectador']",[],False
16,2025-03-25 04:42,GoldRokie,es,EA Sports FC 25,🔴Maratón Champions 43 Partidos Seguidos / Gullit SBC 🔴,"['futchampions', 'latam', 'futbol', 'goldrokie', 'packopening', 'platica', 'deportes', 'Español', 'fc25']",[],False
16,2025-03-25 04:42,Ronin_ms,es,Minecraft,Haciendo de Tomb Raiders con @sora_s0 y @mrponcho345 #PonchAction | SaikoroVt's,"['Español', 'Retro', 'SaikoroVts', 'legofortnite', 'Recompensasdeespectador']",[],False
16,2025-03-25 04:42,SkyshockTV,es,Just Chatting,💥DIRECTO💥EXPLOSIVO💥MANIATICO💥BRUTAL💥HOY💥PRESENTAMOS💥LAS BRUJAS💥DE SALEM💥Y AL💥TERMINAR💥HOTEL💥HER💥TICA💥,"['Español', 'Inglés', 'Português', 'Tijuana', 'cripto', 'Finance']",[],False
16,2025-03-25 04:42,Wesos,es,Just Chatting,STRIM PAPOY!!🗣️🗣️🗣️🔥🔥🔥 !yt !!!😈😈 || REDES: @wesos 💀🧢,"['Autismo', 'México', 'Preguntaloquequieras', 'Latino', 'Cringe', 'MEMES', 'Español', 'charlando', 'LATAM']",[],False
16,2025-03-25 04:42,MYM_ALKAPONE,es,The First Berserker: Khazan,El Wukong de Kaazan Nueva Campaña,"['viejito', 'pasosekiro', 'Español', 'NoJuegoBaldurs', 'expulidordediscos', 'SpeedRunnerdeOutlast', 'FinalBuenodelChango', 'Nierenproceso', 'Maleniamelapelo']",['MatureGame'],False
17,2025-03-25 08:01,MrHugo,es,Minecraft,DROPS | CAPA ESPECIAL DE PELICULA DE MINECRAFT | VER DIRECTO 3 MINUTOS! |  Free CAPE | !drops !capa !cape,"['Español', 'minecraft', 'MINECRAFT', 'drops', 'Recompensasdeespectador']",[],False
17,2025-03-25 08:01,Cibergun,es,Minecraft,🎁DROPS MINECRAFT🎁 🟥    Capa GRATIS || Free CAPE  - Java / Bedrock Edition - Con trucos y curiosidades de Minecraft !Cape !drop,"['Minecraft', 'drops', 'Drop', 'minecraft', 'capa', 'drops', 'cape', 'Español', 'Recompensasdeespectador']",[],False
17,2025-03-25 08:01,SrVnthony,es,Grand Theft Auto V,💎 GTA ONLINE PS4 💎 Cheteo y venta de cuentas | KDD | CarMeets | LS | Rutas | Carreras | Tradeos y Mucho más...,"['Español', 'PS5', 'PS4']",['MatureGame'],False
17,2025-03-25 08:01,Necros,en,Marvel Rivals,[DROPS ENABLED] NO CRASHING ANYMORE SURELY.,"['English', 'spiderman', 'blackpanther', 'DropsEnabled']",[],False
17,2025-03-25 08:01,JoseteAlm,es,Sea of Thieves,🟢OBSIDIAN DROPS🐔Logro de la animalada🐔ES|EN !discord !josetazo !redes,"['Español', 'English', 'aventura', 'PvP', 'JvJ', 'seaofthieves', 'drops', 'DropsActivados']",[],False
17,2025-03-25 08:01,LadyPi89,es,Rocket League,RL - Rankeds!!! // !repodc !partner !redes !lista,"['nontoxic', 'Español', 'rocketaleague', 'rocketleaguecommunity', 'snowday', 'snowdaygrandchampion']",[],False
17,2025-03-25 08:01,m3ycs,ru,Counter-Strike,😈 В соло в  ТОП750 - Я проклят 😈 | 3550elo | !tg,"['Русский', 'CS2', '3000elo']",['MatureGame'],False
17,2025-03-25 08:01,Landstop,ru,Counter-Strike,10 ДЕНЬ ИГРЫ БЕЗ ТИЛЬТА !tg !нож !колесо,"['высокийскилл', 'киберспорт', 'фейсит', 'Русский']",['MatureGame'],False
17,2025-03-25 08:01,INS1DE1337,ru,Counter-Strike,🔴13 AVG MONSTER НАВОДИТ МРАК НА FACEIT,['Русский'],['MatureGame'],False
18,2025-03-25 08:10,Necros,en,Marvel Rivals,[DROPS ENABLED] NO CRASHING ANYMORE SURELY.,"['English', 'spiderman', 'blackpanther', 'DropsEnabled']",[],False
18,2025-03-25 08:10,Wesos,es,Just Chatting,STRIM PAPOY!!🗣️🗣️🗣️🔥🔥🔥 !yt !!!😈😈 || REDES: @wesos 💀🧢,"['Autismo', 'México', 'Preguntaloquequieras', 'Latino', 'Cringe', 'MEMES', 'Español', 'charlando', 'LATAM']",[],False
18,2025-03-25 08:10,BotLui,es,Fortnite,NUEVO MODO DE JUEGO EN FORTNITE,"['Español', 'drops']",[],False
18,2025-03-25 08:11,b0rja,es,VALORANT,[ VOD / RE RUN ] NO CIERRO STREAM HASTA RADIANT 🍃 RADIANT DISIPLIN 🍃 Día 12. - !pesca !pescar !redes !sorteo pack de skins,"['España', 'Valorant', 'Español', 'canarias', 'b0rja', 'b0rjacs', 'SpainRP', 'josecherno', 'duoq', 'KRÜ']",[],False
18,2025-03-25 08:11,Adyk,es,Just Chatting,"🔴REACCIONAMOS AL COMBATE DE MAEB VS FALETE Y LO QUE SURJA,LOL? [ !DISCORD !KS !BYAKKOS✨]🎀 CC de @byakkosbreeders","['Español', 'VarietyStreamer', 'game', 'chatingstream', 'leagueoflegendsespañol', 'leagueoflegeneds']",[],False
18,2025-03-25 08:11,TristanBlocker,es,Ancient Dungeon VR,ZOMBIS🧟‍♂️💀🧟‍♂️💀🧟‍♂️VR🧟‍♂️💀🧟‍♂️💀🧟‍♂️R-E-P-O🧟‍♂️💀🧟‍♂️💀🧟‍♂️VARIEDAD🧟‍♂️💀🧟‍♂️💀🧟‍♂️ | !redes !plan !fortnite,['Español'],[],False
18,2025-03-25 08:11,NessieDoes,en,Sea of Thieves,🟩OBSIDIAN DROPS🟩SEA OF THIEVES🟢w/ @sponge,"['PVP', 'English', 'SeaOfThievesPartner', 'seaofthieves', 'SeaofThievesgameplay', 'DropsEnabled']",[],True
18,2025-03-25 08:11,Beardageddon,en,Sea of Thieves,OBSIDIAN DROPS NOW !td !247 !GS !prime !mobile,"['English', 'Casual', 'Interactive', 'ChatInteraction', 'PvP', 'PvE', 'chill', 'moderated', 'NoPolitics', 'DropsEnabled']",[],True
18,2025-03-25 08:11,BleurpAmandine,fr,Sea of Thieves,Fin de la maxi moula mais il nous en faut encore ! Avec @blackfenrirgaming,"['Français', 'DropsActivés']",[],False
19,2025-03-25 08:19,MrHugo,es,Minecraft,DROPS | CAPA ESPECIAL DE PELICULA DE MINECRAFT | VER DIRECTO 3 MINUTOS! |  Free CAPE | !drops !capa !cape,"['Español', 'minecraft', 'MINECRAFT', 'drops', 'Recompensasdeespectador']",[],False
19,2025-03-25 08:19,Cibergun,es,Minecraft,🎁DROPS MINECRAFT🎁 🟥    Capa GRATIS || Free CAPE  - Java / Bedrock Edition - Con trucos y curiosidades de Minecraft !Cape !drop,"['Minecraft', 'drops', 'Drop', 'minecraft', 'capa', 'drops', 'cape', 'Español', 'Recompensasdeespectador']",[],False
19,2025-03-25 08:19,SrVnthony,es,Grand Theft Auto V,💎 GTA ONLINE PS4 💎 Cheteo y venta de cuentas | KDD | CarMeets | LS | Rutas | Carreras | Tradeos y Mucho más...,"['Español', 'PS5', 'PS4']",['MatureGame'],False
19,2025-03-25 08:19,JoseteAlm,es,Sea of Thieves,🟢OBSIDIAN DROPS🐔Logro de la animalada🐔ES|EN !discord !josetazo !redes,"['Español', 'English', 'aventura', 'PvP', 'JvJ', 'seaofthieves', 'drops', 'DropsActivados']",[],False
19,2025-03-25 08:20,Necros,en,Marvel Rivals,[DROPS ENABLED] NO CRASHING ANYMORE SURELY.,"['English', 'spiderman', 'blackpanther', 'DropsEnabled']",[],False
19,2025-03-25 08:20,LadyPi89,es,Rocket League,RL - Rankeds!!! // !repodc !partner !redes !lista,"['nontoxic', 'Español', 'rocketaleague', 'rocketleaguecommunity', 'snowday', 'snowdaygrandchampion']",[],False
19,2025-03-25 08:20,DarckMx1,es,Grand Theft Auto V,Día 84 Y Los Mod's No Ponen Título 🫠,"['GTA5Onlline', 'ActividadesGTA5', 'Jugandoaconamigos', 'playstation4', 'PequeñaGranComunidad', 'streamerpequeño', 'momentosdivertidos', 'EspañolLatinoamerica', 'Español', 'PS4']",['MatureGame'],True
19,2025-03-25 08:20,thedanirep,es,Grand Theft Auto V,MARATÓN DE DANIREP - DÍA 594,"['Español', 'Repetir']",['MatureGame'],False
19,2025-03-25 08:20,edxnpc,es,Grand Theft Auto V,+18 / TAMOO READYYY,['Español'],['MatureGame'],False
20,2025-03-25 08:30,MrHugo,es,Minecraft,DROPS | CAPA ESPECIAL DE PELICULA DE MINECRAFT | VER DIRECTO 3 MINUTOS! |  Free CAPE | !drops !capa !cape,"['Español', 'minecraft', 'MINECRAFT', 'drops', 'Recompensasdeespectador']",[],False
20,2025-03-25 08:30,SrVnthony,es,Grand Theft Auto V,💎 GTA ONLINE PS4 💎 Cheteo y venta de cuentas | KDD | CarMeets | LS | Rutas | Carreras | Tradeos y Mucho más...,"['Español', 'PS5', 'PS4']",['MatureGame'],False
20,2025-03-25 08:30,Cibergun,es,Minecraft,🎁DROPS MINECRAFT🎁 🟥    Capa GRATIS || Free CAPE  - Java / Bedrock Edition - Con trucos y curiosidades de Minecraft !Cape !drop,"['Minecraft', 'drops', 'Drop', 'minecraft', 'capa', 'drops', 'cape', 'Español', 'Recompensasdeespectador']",[],False
20,2025-03-25 08:30,JoseteAlm,es,Sea of Thieves,🟢OBSIDIAN DROPS🐔Logro de la animalada🐔ES|EN !discord !josetazo !redes,"['Español', 'English', 'aventura', 'PvP', 'JvJ', 'seaofthieves', 'drops', 'DropsActivados']",[],False
20,2025-03-25 08:30,Necros,en,Marvel Rivals,[DROPS ENABLED] NO CRASHING ANYMORE SURELY.,"['English', 'spiderman', 'blackpanther', 'DropsEnabled']",[],False
20,2025-03-25 08:30,LadyPi89,es,Rocket League,RL - Rankeds!!! // !repodc !partner !redes !lista,"['nontoxic', 'Español', 'rocketaleague', 'rocketleaguecommunity', 'snowday', 'snowdaygrandchampion']",[],False
20,2025-03-25 08:30,levilaingarc0n,fr,Fortnite,👑160🔥LA NOUVELLE MàJ CE MATIN ?? BONNE OU PIRE IDEE ?🔥 Code Créateur : LVG 🔥 !arozzi #EpicPartner,"['Tir', 'Loot', 'Friend', 'FriendTalk', 'GameplayTryhard', 'FPS', 'GIVEWAY', 'Français', 'nobuild']",[],False
20,2025-03-25 08:31,Recuerd0p,es,Fortnite,✅!update DIA DE ACTUALIZACION NUEVAS MITICAS Y EXOTICAS 😱 CÓDIGO: RECU #EPICPARTNER | ROAD TO 1000 SUBS FORTNITE,"['Español', 'fortnite', 'fortnitees', 'epicpartner', 'nuevatemporada', 'fortinitebattleroyale', 'fortnitelawless', 'fortnitebandidos']",[],False
20,2025-03-25 08:31,thedanirep,es,Grand Theft Auto V,MARATÓN DE DANIREP - DÍA 594,"['Español', 'Repetir']",['MatureGame'],False
21,2025-03-25 12:01,MrHugo,es,Minecraft,DROPS | CAPA ESPECIAL DE PELICULA DE MINECRAFT | VER DIRECTO 3 MINUTOS! |  Free CAPE | !drops !capa !cape,"['Español', 'minecraft', 'MINECRAFT', 'drops', 'Recompensasdeespectador']",[],False
21,2025-03-25 12:01,Cibergun,es,Minecraft,🎁DROPS MINECRAFT  - [24/7]🎁 🟥    Capa GRATIS || Free CAPE  - Java / Bedrock Edition - Con trucos y curiosidades de Minecraft !Cape !drop,"['Minecraft', 'drops', 'Drop', 'minecraft', 'capa', 'drops', 'cape', 'Español', 'Recompensasdeespectador']",[],False
21,2025-03-25 12:01,DEEELAROSA,es,Fortnite,SUB = REGALO 🟥 PARTIDAS PRIVADAS de FORTNITE con PREMIO 🟥 - ❗ventajas ❗regalo ❗raid,"['Español', 'Jugarconespectadores', 'privadas', 'customs', 'partidasprivadas', 'outfit', 'jugandoconseguidores', 'jugandoconespectadores', 'sorteo', 'premio']",[],False
21,2025-03-25 12:01,Necros,en,Marvel Rivals,[DROPS ENABLED] NO CRASHING ANYMORE SURELY.,"['English', 'spiderman', 'blackpanther', 'DropsEnabled']",[],False
21,2025-03-25 12:01,Nerween_,es,inZOI,!Canvas EL JUEGO COMPLETO  / Eneba !redes @nerween_ CREANDO UNA COMUNIDAD INZOI,"['games', 'hablamos', 'charla', 'juegos', 'spain', 'MMORPG', 'pcgamepasspartner', 'eapartner', 'ubisoftpartner', 'inzoi']",[],False
21,2025-03-25 12:01,RobertGameplaysOfficial,es,ROBLOX,¡Bonito Martes!  🔴👑Jugando ROBLOX con seguidores👑🔴  ¿Te unes?,"['Español', 'IRL', 'IRLchatting', 'IRLlivestream', 'roblox', 'robloxlive', 'robloxgames', 'irlstream', 'bloxfruits']",[],False
21,2025-03-25 12:01,YetrTV,en,Minecraft,DROPS: Minecraft Home CAPE - Minecraft Menace Cape !drop !cape,"['English', 'Minecraft', 'trial', 'drops', 'mask', 'cape', 'minecraft', 'homecape', 'menacecape', 'ViewerRewards']",[],False
21,2025-03-25 12:01,thefreddymc,en,Minecraft,🚨 MINECRAFT YAPRUNS 🚨 TRYING TO BEAT 1:15:00 🚨,"['English', 'ViewerRewards']",[],False
21,2025-03-25 12:02,taunthdz,en,Fortnite,New Fortnite OG Season,"['English', 'fortnite', 'fortniteog', 'fortnitelive', 'fortniteproplayer']",[],False
22,2025-03-25 12:09,MrHugo,es,Minecraft,DROPS | CAPA ESPECIAL DE PELICULA DE MINECRAFT | VER DIRECTO 3 MINUTOS! |  Free CAPE | !drops !capa !cape,"['Español', 'minecraft', 'MINECRAFT', 'drops', 'Recompensasdeespectador']",[],False
22,2025-03-25 12:09,Cibergun,es,Minecraft,🎁DROPS MINECRAFT  - [24/7]🎁 🟥    Capa GRATIS || Free CAPE  - Java / Bedrock Edition - Con trucos y curiosidades de Minecraft !Cape !drop,"['Minecraft', 'drops', 'Drop', 'minecraft', 'capa', 'drops', 'cape', 'Español', 'Recompensasdeespectador']",[],False
22,2025-03-25 12:09,DEEELAROSA,es,Fortnite,SUB = REGALO 🟥 PARTIDAS PRIVADAS de FORTNITE con PREMIO 🟥 - ❗ventajas ❗regalo ❗raid,"['Español', 'Jugarconespectadores', 'privadas', 'customs', 'partidasprivadas', 'outfit', 'jugandoconseguidores', 'jugandoconespectadores', 'sorteo', 'premio']",[],False
22,2025-03-25 12:09,Necros,en,Marvel Rivals,[DROPS ENABLED] NO CRASHING ANYMORE SURELY.,"['English', 'spiderman', 'blackpanther', 'DropsEnabled']",[],False
22,2025-03-25 12:09,Nerween_,es,inZOI,!Canvas EL JUEGO COMPLETO  / Eneba !redes @nerween_ CREANDO UNA COMUNIDAD INZOI,"['games', 'hablamos', 'charla', 'juegos', 'spain', 'MMORPG', 'pcgamepasspartner', 'eapartner', 'ubisoftpartner', 'inzoi']",[],False
22,2025-03-25 12:09,RobertGameplaysOfficial,es,ROBLOX,¡Bonito Martes!  🔴👑Jugando ROBLOX con seguidores👑🔴  ¿Te unes?,"['Español', 'IRL', 'IRLchatting', 'IRLlivestream', 'roblox', 'robloxlive', 'robloxgames', 'irlstream', 'bloxfruits']",[],False
22,2025-03-25 12:10,SirMaza,es,VALORANT,🙏WINNINQ POR FAVOR🙏 🔥BACK TO RADIANT🔥DUOQ ALPAX🔥 !blitz//Follow: @SirMaza,"['valorant', 'radiant', 'Español']",[],False
22,2025-03-25 12:10,viizzzm,es,VALORANT,VOLVIMOS DURO DUO VITYSHOW MIAUU ROAD TO RADIANT O HIEROO,"['Español', 'shooters', 'Competitivo', 'valorant', 'Esports']",[],False
22,2025-03-25 12:10,AlpaX,es,VALORANT,🥵DIBUJANDO LA WINNINGQ CON TUS LABIOS (POESIA DURA) 🥵,['Español'],[],False
23,2025-03-25 12:20,MrHugo,es,Minecraft,DROPS | CAPA ESPECIAL DE PELICULA DE MINECRAFT | VER DIRECTO 3 MINUTOS! |  Free CAPE | !drops !capa !cape,"['Español', 'minecraft', 'MINECRAFT', 'drops', 'Recompensasdeespectador']",[],False
23,2025-03-25 12:20,Cibergun,es,Minecraft,🎁DROPS MINECRAFT  - [24/7]🎁 🟥    Capa GRATIS || Free CAPE  - Java / Bedrock Edition - Con trucos y curiosidades de Minecraft !Cape !drop,"['Minecraft', 'drops', 'Drop', 'minecraft', 'capa', 'drops', 'cape', 'Español', 'Recompensasdeespectador']",[],False
23,2025-03-25 12:20,DEEELAROSA,es,Fortnite,SUB = REGALO 🟥 PARTIDAS PRIVADAS de FORTNITE con PREMIO 🟥 - ❗ventajas ❗regalo ❗raid,"['Español', 'Jugarconespectadores', 'privadas', 'customs', 'partidasprivadas', 'outfit', 'jugandoconseguidores', 'jugandoconespectadores', 'sorteo', 'premio']",[],False
23,2025-03-25 12:20,Nerween_,es,inZOI,!Canvas EL JUEGO COMPLETO  / Eneba !redes @nerween_ CREANDO UNA COMUNIDAD INZOI,"['games', 'hablamos', 'charla', 'juegos', 'spain', 'MMORPG', 'pcgamepasspartner', 'eapartner', 'ubisoftpartner', 'inzoi']",[],False
23,2025-03-25 12:20,Necros,en,Marvel Rivals,[DROPS ENABLED] NO CRASHING ANYMORE SURELY.,"['English', 'spiderman', 'blackpanther', 'DropsEnabled']",[],False
23,2025-03-25 12:20,RobertGameplaysOfficial,es,ROBLOX,¡Bonito Martes!  🔴👑Jugando ROBLOX con seguidores👑🔴  ¿Te unes?,"['Español', 'IRL', 'IRLchatting', 'IRLlivestream', 'roblox', 'robloxlive', 'robloxgames', 'irlstream', 'bloxfruits']",[],False
23,2025-03-25 12:20,CzRansei,en,ROBLOX,Playing random roblox games on alt couse i got banned  | english |,"['English', 'roblox', 'PlsDonateLive', 'plsdonateroblox']",[],False
23,2025-03-25 12:20,okiitos,en,ROBLOX,🍀 ITZ CHEWSDAY INNIT☘️ / MORNING LIVE STREAM | 🍀 LETS  PLAY SOME LIT FUN GAMES W☘️ OKIITOS CREW / AND CHILL!!!☘️,"['English', 'roblox', 'playingwithchat', 'gaming', 'fun']",[],False
23,2025-03-25 12:20,mr_jface,en,ROBLOX,FISCHLIFE(SCYLLA HUNT)!!!(CODE JFACE) !roblox !discord,"['fortnite', 'engagement', 'roblox', 'funny', 'English', 'Fisch', 'spanish', 'FischRoblox', 'playingwithhviewers', 'Multiplayer']",[],False
24,2025-03-25 12:27,MrHugo,es,Minecraft,DROPS | CAPA ESPECIAL DE PELICULA DE MINECRAFT | VER DIRECTO 3 MINUTOS! |  Free CAPE | !drops !capa !cape,"['Español', 'minecraft', 'MINECRAFT', 'drops', 'Recompensasdeespectador']",[],False
24,2025-03-25 12:27,Cibergun,es,Minecraft,🎁DROPS MINECRAFT  - [24/7]🎁 🟥    Capa GRATIS || Free CAPE  - Java / Bedrock Edition - Con trucos y curiosidades de Minecraft !Cape !drop,"['Minecraft', 'drops', 'Drop', 'minecraft', 'capa', 'drops', 'cape', 'Español', 'Recompensasdeespectador']",[],False
24,2025-03-25 12:27,DEEELAROSA,es,Fortnite,SUB = REGALO 🟥 PARTIDAS PRIVADAS de FORTNITE con PREMIO 🟥 - ❗ventajas ❗regalo ❗raid,"['Español', 'Jugarconespectadores', 'privadas', 'customs', 'partidasprivadas', 'outfit', 'jugandoconseguidores', 'jugandoconespectadores', 'sorteo', 'premio']",[],False
24,2025-03-25 12:27,Nerween_,es,inZOI,!Canvas EL JUEGO COMPLETO  / Eneba !redes @nerween_ CREANDO UNA COMUNIDAD INZOI,"['games', 'hablamos', 'charla', 'juegos', 'spain', 'MMORPG', 'pcgamepasspartner', 'eapartner', 'ubisoftpartner', 'inzoi']",[],False
24,2025-03-25 12:27,Necros,en,Marvel Rivals,[DROPS ENABLED] NO CRASHING ANYMORE SURELY.,"['English', 'spiderman', 'blackpanther', 'DropsEnabled']",[],False
24,2025-03-25 12:27,RobertGameplaysOfficial,es,ROBLOX,¡Bonito Martes!  🔴👑Jugando ROBLOX con seguidores👑🔴  ¿Te unes?,"['Español', 'IRL', 'IRLchatting', 'IRLlivestream', 'roblox', 'robloxlive', 'robloxgames', 'irlstream', 'bloxfruits']",[],False
24,2025-03-25 12:27,Vaalerin_Vzz,es,Minecraft,(+18)✨No pregunten✨!io (Chat de voz) ✦ !sr (nombre de la canción) ✦ !comandos,"['colombia', 'mujer', 'jugandoconSeguidores', 'Latinoamérica', 'Español', 'valorant', 'English', 'StreamGames', 'Recompensasdeespectador']",['ProfanityVulgarity'],False
24,2025-03-25 12:28,angie__h,es,VALORANT,⋅˚₊‧ ୨୧ ‧₊˚ ⋅ rankeds las,"['valorant', 'Español']",[],False
24,2025-03-25 12:28,hella_tv,es,VALORANT,"Hoy bajo, porque subir ya no creo ✧˚₊‧ !ds !rank !puedojugar","['Argentina', 'valorant', 'Español', 'Espanglish', 'LATAM', 'English', 'uwu', 'gamer']",[],False
25,2025-03-25 16:01,MrHugo,es,Minecraft,DROPS | CAPA ESPECIAL DE PELICULA DE MINECRAFT | VER DIRECTO 3 MINUTOS! |  Free CAPE | !drops !capa !cape,"['Español', 'minecraft', 'MINECRAFT', 'drops', 'Recompensasdeespectador']",[],False
25,2025-03-25 16:01,Cibergun,es,Minecraft,🎁DROPS MINECRAFT  - [24/7]🎁 🟥    Capa GRATIS || Free CAPE  - Java / Bedrock Edition - Con trucos y curiosidades de Minecraft !Cape !drop,"['Minecraft', 'drops', 'Drop', 'minecraft', 'capa', 'drops', 'cape', 'Español', 'Recompensasdeespectador']",[],False
25,2025-03-25 16:01,pepinillofachero,es,ROBLOX,NUEVAS RECOMPENSAS Y REGALANDO SUSCRIPCIONES EN JUEGOS INTERACTIVOS Y EN ROBLOX | Cofres de STREEMLOOTS y demas | De chill xd,"['charlando', 'primerStream', 'primerdirecto', 'xd', 'Español', 'random', 'primerdirecto', 'roblox', 'minecraft', 'Fortnite']",[],False
25,2025-03-25 16:01,Horcus,es,VALORANT,🏆RADIANT FULL TRYHARD🏆 !aim @Horcus,"['Español', 'España', 'Valorant', 'Radiant', 'Spanish', 'English', 'Competitive', 'Drops', 'Competitivo', 'asmr']",[],False
25,2025-03-25 16:01,Francolico,es,Sea of Thieves,DROPS ON!! A seguir sumando niveles en el  PvP!!| Comando !voz !sr,"['Español', 'manqueando', 'paliqueo', 'SeaofThievesgameplay', 'DropsActivados']",[],False
25,2025-03-25 16:01,auronplay,es,R.E.P.O.,REPOOO CON PAYASOS,"['Auron', 'Español']",[],False
25,2025-03-25 16:01,cartanyaaa,es,Grand Theft Auto V,"(PS4) Unete a jugar GTA ONLINE CON NOSOTROS! Quedadas , rutas y actividades en GTA 5 ONLINE | !bits !redes !discord !id","['Español', 'gta', 'gta5online', 'gtaonline', 'LATAM', 'gtavoline', 'Jugarconespectadores', 'jugandoconseguidores']",['MatureGame'],False
25,2025-03-25 16:01,imantado,es,R.E.P.O.,SpainRP + REPO,"['tortillaland', 'español', 'reaccionando', 'tortillaland2', 'Español', 'SpainRP']",[],False
25,2025-03-25 16:01,PNKFacil,es,Grand Theft Auto V,EXTENSIBLE DIARIO 👁️ GTAHUB #KKPW ⭐ SORTEO HUBCOINS !sorteo ⭐ !prozis !drope !sorteosub !steam,"['Español', 'España', 'Málaga', 'Roleplay', 'GTAHUB', 'Sorteo', 'Prozis', 'GTA', 'Extensible']",['MatureGame'],True
26,2025-03-25 16:08,MrHugo,es,Minecraft,DROPS | CAPA ESPECIAL DE PELICULA DE MINECRAFT | VER DIRECTO 3 MINUTOS! |  Free CAPE | !drops !capa !cape,"['Español', 'minecraft', 'MINECRAFT', 'drops', 'Recompensasdeespectador']",[],False
26,2025-03-25 16:08,Cibergun,es,Minecraft,🎁DROPS MINECRAFT  - [24/7]🎁 🟥    Capa GRATIS || Free CAPE  - Java / Bedrock Edition - Con trucos y curiosidades de Minecraft !Cape !drop,"['Minecraft', 'drops', 'Drop', 'minecraft', 'capa', 'drops', 'cape', 'Español', 'Recompensasdeespectador']",[],False
26,2025-03-25 16:08,pepinillofachero,es,ROBLOX,NUEVAS RECOMPENSAS Y REGALANDO SUSCRIPCIONES EN JUEGOS INTERACTIVOS Y EN ROBLOX | Cofres de STREEMLOOTS y demas | De chill xd,"['charlando', 'primerStream', 'primerdirecto', 'xd', 'Español', 'random', 'primerdirecto', 'roblox', 'minecraft', 'Fortnite']",[],False
26,2025-03-25 16:08,Francolico,es,Sea of Thieves,DROPS ON!! A seguir sumando niveles en el  PvP!!| Comando !voz !sr,"['Español', 'manqueando', 'paliqueo', 'SeaofThievesgameplay', 'DropsActivados']",[],False
26,2025-03-25 16:08,Horcus,es,VALORANT,🏆RADIANT FULL TRYHARD🏆 !aim @Horcus,"['Español', 'España', 'Valorant', 'Radiant', 'Spanish', 'English', 'Competitive', 'Drops', 'Competitivo', 'asmr']",[],False
26,2025-03-25 16:08,auronplay,es,R.E.P.O.,REPOOO CON PAYASOS,"['Auron', 'Español']",[],False
26,2025-03-25 16:08,Aurigas,es,Minecraft,🔴 DROPS ACTIVOS | PICANDO WITCH HUT !salem | Día 24 | El Survival Técnico de Aurigas | Minecraft 1.21.0,"['Español', 'Recompensasdeespectador']",[],False
26,2025-03-25 16:08,YetrTV,en,Minecraft,DROPS: Minecraft Home CAPE - Minecraft Menace Cape !drop !cape,"['English', 'Minecraft', 'trial', 'drops', 'mask', 'cape', 'minecraft', 'homecape', 'menacecape', 'ViewerRewards']",[],False
26,2025-03-25 16:08,ayofil2,en,Minecraft,JOIN FOR MINECRAFT CAPE! | JOINABLE VIEWER SMP | DROPS ENABLED!,"['English', 'viewersmp', 'PlayingwithViewers', 'minecraftserver', 'bedrocksmp', 'hypixel', 'minecraft', 'bedwars', 'LifestealSMP', 'LifestealPublic']",[],False
27,2025-03-25 16:16,MrHugo,es,Minecraft,DROPS | CAPA ESPECIAL DE PELICULA DE MINECRAFT | VER DIRECTO 3 MINUTOS! |  Free CAPE | !drops !capa !cape,"['Español', 'minecraft', 'MINECRAFT', 'drops', 'Recompensasdeespectador']",[],False
27,2025-03-25 16:16,Cibergun,es,Minecraft,🎁DROPS MINECRAFT  - [24/7]🎁 🟥    Capa GRATIS || Free CAPE  - Java / Bedrock Edition - Con trucos y curiosidades de Minecraft !Cape !drop,"['Minecraft', 'drops', 'Drop', 'minecraft', 'capa', 'drops', 'cape', 'Español', 'Recompensasdeespectador']",[],False
27,2025-03-25 16:16,pepinillofachero,es,ROBLOX,NUEVAS RECOMPENSAS Y REGALANDO SUSCRIPCIONES EN JUEGOS INTERACTIVOS Y EN ROBLOX | Cofres de STREEMLOOTS y demas | De chill xd,"['charlando', 'primerStream', 'primerdirecto', 'xd', 'Español', 'random', 'primerdirecto', 'roblox', 'minecraft', 'Fortnite']",[],False
27,2025-03-25 16:16,Francolico,es,Sea of Thieves,DROPS ON!! A seguir sumando niveles en el  PvP!!| Comando !voz !sr,"['Español', 'manqueando', 'paliqueo', 'SeaofThievesgameplay', 'DropsActivados']",[],False
27,2025-03-25 16:16,Horcus,es,VALORANT,🏆RADIANT FULL TRYHARD🏆 !aim @Horcus,"['Español', 'España', 'Valorant', 'Radiant', 'Spanish', 'English', 'Competitive', 'Drops', 'Competitivo', 'asmr']",[],False
27,2025-03-25 16:16,victoriarodrgzz,es,Just Chatting,INZOI EARLY ACCESS | Princesas y príncipes Disney 🏰 | !redes,"['Español', 'LGTBQFriendly', 'Andalucía', 'Mujer', 'Cozy', 'humor', 'aesthetic', 'inzoi']",[],False
27,2025-03-25 16:17,michiii17_,es,Just Chatting,hablamos y si hay gente swifts de chill !comandos !discord,['Español'],[],False
27,2025-03-25 16:17,eidergioco,es,VALORANT,¿Bajaré a ORO de nuevo? 😭😭 // !Ruleta !Sorteo,"['valorant', 'LGTBQFriendly', 'Pequenosstreamer', 'Fortnite', 'Español', 'diamante', 'Charlandoconelchat', 'chicagamer', 'gamer', 'EspacioSeguro']",[],False
27,2025-03-25 16:17,Stefy9414,es,VALORANT,Otro día mas en este maravilloso juego 😎👿,"['Multijugador', 'Individuales', 'PrimeraPartida', 'Fortnite', 'juegoconseguidores', 'Español', 'LATAM', 'latino', 'Perú', 'gamerlatina']",['ProfanityVulgarity'],False
28,2025-03-25 16:28,MrHugo,es,Minecraft,DROPS | CAPA ESPECIAL DE PELICULA DE MINECRAFT | VER DIRECTO 3 MINUTOS! |  Free CAPE | !drops !capa !cape,"['Español', 'minecraft', 'MINECRAFT', 'drops', 'Recompensasdeespectador']",[],False
28,2025-03-25 16:28,Cibergun,es,Minecraft,🎁DROPS MINECRAFT  - [24/7]🎁 🟥    Capa GRATIS || Free CAPE  - Java / Bedrock Edition - Con trucos y curiosidades de Minecraft !Cape !drop,"['Minecraft', 'drops', 'Drop', 'minecraft', 'capa', 'drops', 'cape', 'Español', 'Recompensasdeespectador']",[],False
28,2025-03-25 16:28,pepinillofachero,es,Stream Racer,NUEVAS RECOMPENSAS Y REGALANDO SUSCRIPCIONES EN JUEGOS INTERACTIVOS Y EN ROBLOX | Cofres de STREEMLOOTS y demas | De chill xd,"['charlando', 'primerStream', 'primerdirecto', 'xd', 'Español', 'random', 'primerdirecto', 'roblox', 'minecraft', 'Fortnite']",[],False
28,2025-03-25 16:28,Horcus,es,VALORANT,🏆RADIANT FULL TRYHARD🏆 !aim @Horcus,"['Español', 'España', 'Valorant', 'Radiant', 'Spanish', 'English', 'Competitive', 'Drops', 'Competitivo', 'asmr']",[],False
28,2025-03-25 16:28,Francolico,es,Sea of Thieves,DROPS ON!! A seguir sumando niveles en el  PvP!!| Comando !voz !sr,"['Español', 'manqueando', 'paliqueo', 'SeaofThievesgameplay', 'DropsActivados']",[],False
28,2025-03-25 16:28,victoriarodrgzz,es,Just Chatting,INZOI EARLY ACCESS | Princesas y príncipes Disney 🏰 | !redes,"['Español', 'LGTBQFriendly', 'Andalucía', 'Mujer', 'Cozy', 'humor', 'aesthetic', 'inzoi']",[],False
28,2025-03-25 16:28,PepospoLOL,es,League of Legends,🟢 Master OTP Elise te enseña a jugar el macro 🟢 ||  !comandos,"['Español', 'EUW', 'LOL', 'Master']",[],False
28,2025-03-25 16:28,Duvanprofe,es,League of Legends,🔴Profe en Colegio  Subiendo a Diamante - Ex Rank 1 Diana,['Español'],[],False
28,2025-03-25 16:28,OTP_Renekton_1v9,es,League of Legends,COCODRILO Rank #1 LAN | +7.9 Millones de Maestria🐊| 75.5% WR | ARRECHO MATANDO MANCOS Y CARREANDO MOCHOS IZI🐊| OTP SOLO Renekton | …,"['Español', 'BlasfemiasoVulgaridades', 'Vulgar', 'NoaptoparaNoobs', 'NoAptoparagentesensible', 'noaptoparamenores', 'noaptoparaningunpublico', 'noaptoparamancoszzz', 'Repetir']",['ProfanityVulgarity'],True
29,2025-03-25 16:39,MrHugo,es,Minecraft,DROPS | CAPA ESPECIAL DE PELICULA DE MINECRAFT | VER DIRECTO 3 MINUTOS! |  Free CAPE | !drops !capa !cape,"['Español', 'minecraft', 'MINECRAFT', 'drops', 'Recompensasdeespectador']",[],False
29,2025-03-25 16:39,Cibergun,es,Minecraft,🎁DROPS MINECRAFT  - [24/7]🎁 🟥    Capa GRATIS || Free CAPE  - Java / Bedrock Edition - Con trucos y curiosidades de Minecraft !Cape !drop,"['Minecraft', 'drops', 'Drop', 'minecraft', 'capa', 'drops', 'cape', 'Español', 'Recompensasdeespectador']",[],False
29,2025-03-25 16:39,Horcus,es,VALORANT,🏆RADIANT FULL TRYHARD🏆 !aim @Horcus,"['Español', 'España', 'Valorant', 'Radiant', 'Spanish', 'English', 'Competitive', 'Drops', 'Competitivo', 'asmr']",[],False
29,2025-03-25 16:39,HHhover,es,Fortnite,🏆TORNEO 5K DE PAVOS con SEGUIDORES  💰 nueva lara croft| !id | Fashion Show - Escondidas - Minijuegos - Outfits,"['Español', 'HoverHH', 'fashionshow', 'outfits', 'jugandoconseguidores', 'partidasprivadas', 'JugandoChill', 'privadasfortnite']",[],False
29,2025-03-25 16:40,pepinillofachero,es,Stream Racer,NUEVAS RECOMPENSAS Y REGALANDO SUSCRIPCIONES EN JUEGOS INTERACTIVOS Y EN ROBLOX | Cofres de STREEMLOOTS y demas | De chill xd,"['charlando', 'primerStream', 'primerdirecto', 'xd', 'Español', 'random', 'primerdirecto', 'roblox', 'minecraft', 'Fortnite']",[],False
29,2025-03-25 16:40,Francolico,es,Sea of Thieves,DROPS ON!! A seguir sumando niveles en el  PvP!!| Comando !voz !sr,"['Español', 'manqueando', 'paliqueo', 'SeaofThievesgameplay', 'DropsActivados']",[],False
29,2025-03-25 16:40,neikoohh_,fr,EA Sports FC 25,"CHOIX ICONES & CHOIX TOTY (!tiktok, !insta)",['Français'],[],False
29,2025-03-25 16:40,AmslowTW,fr,EA Sports FC 25,🌟 Dreamchasers Packs Opening & Évolutions de PARTOUT 🔸 !tac !eneba,"['Français', 'FUT', 'fifa', 'skill', 'ultimateteam', 'efootball', 'FC']",[],True
29,2025-03-25 16:40,WilfriedRozay,fr,EA Sports FC 25,🏆⚽️ COUPE DREAMCHASERS | PACK OPENING | SBC & EVO DU JOUR - (!Discord) (!Eneba),['Français'],[],False
30,2025-03-25 20:01,Facha,es,Minecraft,DROPS MINECRAFT 🎁 Capa GRATIS | Free CAPE - Java / Bedrock - !drops !canjearcapa 👑,"['Español', 'Inglés', 'English']",[],False
30,2025-03-25 20:01,Cibergun,es,Minecraft,🎁DROPS MINECRAFT  - [24/7]🎁 🟥    Capa GRATIS || Free CAPE  - Java / Bedrock Edition - Con trucos y curiosidades de Minecraft !Cape !drop,"['Minecraft', 'drops', 'Drop', 'minecraft', 'capa', 'drops', 'cape', 'Español', 'Recompensasdeespectador']",[],False
30,2025-03-25 20:01,mijaeluwu,es,ROBLOX,me leiste ya unete we😈💙 !Youtube | !roblox :3,"['vtuber', 'juegocondinero', 'insano', 'waza', 'calidad', 'AmAPreguntameloquequieras', 'Español', 'mijaeluwu']",[],False
30,2025-03-25 20:01,koswaal,es,Minecraft,30K DE SEGUIDORES HOY?? | !ip !dc !pagomovil,"['Español', 'venezuela', 'Latam', 'drops', 'Recompensasdeespectador']",[],False
30,2025-03-25 20:01,MrHugo,es,Minecraft,DROPS | CAPA ESPECIAL DE PELICULA DE MINECRAFT | VER DIRECTO 3 MINUTOS! |  Free CAPE | !drops !capa !cape,"['Español', 'minecraft', 'MINECRAFT', 'drops', 'Recompensasdeespectador']",[],False
30,2025-03-25 20:01,HHhover,es,Fortnite,🏆TORNEO 5K DE PAVOS con SEGUIDORES  💰 nueva lara croft| !id | Fashion Show - Escondidas - Minijuegos - Outfits,"['Español', 'HoverHH', 'fashionshow', 'outfits', 'jugandoconseguidores', 'partidasprivadas', 'JugandoChill', 'privadasfortnite']",[],False
30,2025-03-25 20:01,MikiThomas,es,VALORANT,🧉SOLO DORMI DOS HORAS 🧉 !jugarperso !infoperso !popurri !redes !piña,"['valorant', 'arg', 'argentina', 'irl', 'riot', 'shooter', 'riotgames', 'Español', 'personalizadas']",[],False
30,2025-03-25 20:01,fakercita1,es,VALORANT,Practicando para ser la MEJOR INICIADORA💋DIA 2 // LLEGAMOS A LOS 1K?👀👀🤞 !redes !memide !vibrar !donar,"['gamer', 'Español', 'legueofleguends', 'midlaner', 'ＶＡＬＯＲＡＮＴ', 'Português', 'girl']",[],False
30,2025-03-25 20:01,Betomin,es,League of Legends,[🟠ARG] 🔸OTP Akali🔸LF > Duo climbing to the moon🔸 !redes !ds,"['Argentina', 'LeagueOflegends', 'LAS', 'Akali', 'OTP', 'Español', 'musica', 'chill', 'Yone', 'LATAM']",[],False
31,2025-03-25 20:10,koswaal,es,Minecraft,30K DE SEGUIDORES HOY?? | !ip !dc !pagomovil,"['Español', 'venezuela', 'Latam', 'drops', 'Recompensasdeespectador']",[],False
31,2025-03-25 20:10,mijaeluwu,es,ROBLOX,me leiste ya unete we😈💙 !Youtube | !roblox :3,"['vtuber', 'juegocondinero', 'insano', 'waza', 'calidad', 'AmAPreguntameloquequieras', 'Español', 'mijaeluwu']",[],False
31,2025-03-25 20:10,Cibergun,es,Minecraft,🎁DROPS MINECRAFT  - [24/7]🎁 🟥    Capa GRATIS || Free CAPE  - Java / Bedrock Edition - Con trucos y curiosidades de Minecraft !Cape !drop,"['Minecraft', 'drops', 'Drop', 'minecraft', 'capa', 'drops', 'cape', 'Español', 'Recompensasdeespectador']",[],False
31,2025-03-25 20:10,MrHugo,es,Minecraft,DROPS | CAPA ESPECIAL DE PELICULA DE MINECRAFT | VER DIRECTO 3 MINUTOS! |  Free CAPE | !drops !capa !cape,"['Español', 'minecraft', 'MINECRAFT', 'drops', 'Recompensasdeespectador']",[],False
31,2025-03-25 20:10,Sujeto17,es,ROBLOX,😁,[],[],False
31,2025-03-25 20:10,Alexander_r55,es,Overwatch 2,🎁DROPS🎁🚨 SUBIMOS DE RANGO?🚨👽EL MEJOR STREAMER DE OVERWATCH EN ECUADOR👽 !eneba !redes,"['Ecuador', 'Anime', 'Futbol', 'Español', 'México', 'DropsActivados']",[],False
31,2025-03-25 20:10,Gothikalove,en,R.E.P.O.,Slay Day 2 !kill !walk12 !run5 !joking !gagged13 | Iron Repo !! | !partnerplus !merch [114/300],"['English', 'LGBTQIA', 'LGBTQIAPlus', 'Gay', 'Drag', 'dragqueen', 'MonsterLover', 'Genderfluid', 'LAHEE']",['ProfanityVulgarity'],False
31,2025-03-25 20:10,afrantt56,en,Just Chatting,ʏɒbꙅɘuƚ ʏqqɒʜ bᴎɒ o||ɘʜ | !4year | item shop code :afrantt56,"['EpicPartner', 'RatCommunity', 'English']",['ProfanityVulgarity'],False
31,2025-03-25 20:10,negaoryx,en,The Sims 4,🌻 grim and I have BEEF | !Alphabet Legacy Gen B | Ep. 31 | !creatorcode | Black Lives Matter <3,"['LGBTQIA', 'SheHer', 'Queer', 'Asexual', 'English', 'ChatInteraction', 'Casual', 'ADHD', 'alcohol']",[],False
32,2025-03-25 20:18,mijaeluwu,es,ROBLOX,me leiste ya unete we😈💙 !Youtube | !roblox :3,"['vtuber', 'juegocondinero', 'insano', 'waza', 'calidad', 'AmAPreguntameloquequieras', 'Español', 'mijaeluwu']",[],False
32,2025-03-25 20:18,koswaal,es,Minecraft,30K DE SEGUIDORES HOY?? | !ip !dc !pagomovil,"['Español', 'venezuela', 'Latam', 'drops', 'Recompensasdeespectador']",[],False
32,2025-03-25 20:18,Cibergun,es,Minecraft,🎁DROPS MINECRAFT  - [24/7]🎁 🟥    Capa GRATIS || Free CAPE  - Java / Bedrock Edition - Con trucos y curiosidades de Minecraft !Cape !drop,"['Minecraft', 'drops', 'Drop', 'minecraft', 'capa', 'drops', 'cape', 'Español', 'Recompensasdeespectador']",[],False
32,2025-03-25 20:18,MrHugo,es,Minecraft,DROPS | CAPA ESPECIAL DE PELICULA DE MINECRAFT | VER DIRECTO 3 MINUTOS! |  Free CAPE | !drops !capa !cape,"['Español', 'minecraft', 'MINECRAFT', 'drops', 'Recompensasdeespectador']",[],False
32,2025-03-25 20:18,Sujeto17,es,ROBLOX,😁,"['Español', 'Charlas', 'JugandoConSeguidores', 'Argentina', 'Perú', 'México', 'España', 'Multijugador', 'Roblox', 'navidad']",[],False
32,2025-03-25 20:18,Alexander_r55,es,Overwatch 2,🎁DROPS🎁🚨 SUBIMOS DE RANGO?🚨👽EL MEJOR STREAMER DE OVERWATCH EN ECUADOR👽 !eneba !redes,"['Ecuador', 'Anime', 'Futbol', 'Español', 'México', 'DropsActivados']",[],False
32,2025-03-25 20:18,Sumichita,es,Overwatch 2,Cómo arruinar una entrevista laboral en 5 minutos,"['Español', 'México', 'Competitivo', 'drops', 'ow', 'chill', 'apex', 'DropsActivados']",[],False
32,2025-03-25 20:18,xTeaBae,es,Overwatch 2,A ver si ahora si no se caen los servers! |ES/ENG| !Discord !Nick |,"['PC', 'Español', 'PvE', 'Paraguay', 'mexicano', 'LAS', 'DropsActivados']",[],False
32,2025-03-25 20:18,alfreci9,es,The Walking Dead: The Final Season,holaaa 🥸✨,"['conversando', 'divertido', 'mujerstreamer', 'Español', 'Preguntaloquequieras', 'jugandoconseguidores']",['MatureGame'],False
33,2025-03-25 20:28,mijaeluwu,es,ROBLOX,me leiste ya unete we😈💙 !Youtube | !roblox :3,"['vtuber', 'juegocondinero', 'insano', 'waza', 'calidad', 'AmAPreguntameloquequieras', 'Español', 'mijaeluwu']",[],False
33,2025-03-25 20:28,koswaal,es,Minecraft,30K DE SEGUIDORES HOY?? | !ip !dc !pagomovil,"['Español', 'venezuela', 'Latam', 'drops', 'Recompensasdeespectador']",[],False
33,2025-03-25 20:28,Cibergun,es,Minecraft,🎁DROPS MINECRAFT  - [24/7]🎁 🟥    Capa GRATIS || Free CAPE  - Java / Bedrock Edition - Con trucos y curiosidades de Minecraft !Cape !drop,"['Minecraft', 'drops', 'Drop', 'minecraft', 'capa', 'drops', 'cape', 'Español', 'Recompensasdeespectador']",[],False
33,2025-03-25 20:28,MrHugo,es,Minecraft,DROPS | CAPA ESPECIAL DE PELICULA DE MINECRAFT | VER DIRECTO 3 MINUTOS! |  Free CAPE | !drops !capa !cape,"['Español', 'minecraft', 'MINECRAFT', 'drops', 'Recompensasdeespectador']",[],False
33,2025-03-25 20:28,Sujeto17,es,ROBLOX,😁,"['Español', 'Charlas', 'JugandoConSeguidores', 'Argentina', 'Perú', 'México', 'España', 'Multijugador', 'Roblox', 'navidad']",[],False
33,2025-03-25 20:28,Alexander_r55,es,Overwatch 2,🎁DROPS🎁🚨 SUBIMOS DE RANGO?🚨👽EL MEJOR STREAMER DE OVERWATCH EN ECUADOR👽 !eneba !redes,"['Ecuador', 'Anime', 'Futbol', 'Español', 'México', 'DropsActivados']",[],False
33,2025-03-25 20:29,SRTANNER_,es,Minecraft,🟣 MAINKRA PARA CURAR EL ALMA 🟣 ¿ME EXTRAÑARON? | COLOMBIA 🟣,"['Colombia', 'Latino', 'Latinoamérica', 'Español', 'charlando', 'extensible', 'ZeroBuild', 'donations', 'Recompensasdeespectador']",[],False
33,2025-03-25 20:29,caivo002,es,R.E.P.O.,🔞REPO HOLLI🔞 !pc ! discord !comandos,"['Español', 'ExtensibleStream']",[],False
33,2025-03-25 20:29,Jorllinio_11,es,Fortnite,SKINS GRATIS SI GANAS OH YES,"['Español', 'Fortnite', 'English', 'México', 'UnitedStates', 'videojuegos', 'PlayingwithViewers', 'Argentina', 'Fortnite', 'fortnitewithchat']",[],False
34,2025-03-26 00:01,chiquetemx,es,Minecraft,✅SERVER BEDROCK✅📌𝗗𝗜𝗔 𝟯📌 servidor para todos,"['Español', 'Tijuana', 'minecraftlivestremaing', 'Repetir', 'Mexico', 'Recompensasdeespectador']",[],True
34,2025-03-26 00:01,CursedFiber78,es,Overwatch 2,🎁DROPS 5 LOOTBOXES🎁🏹FREJA🏹💥🕊️🟠!FACEIT PARA UNIRTE AL CLUB🟠🕊️👴👴NO SON TANTOS ANUCIOS NO MAME💎REDES:@CursedFiber78,"['Español', 'malabarista', 'drops', 'tupapá', 'Elmejorstreamerdelmundo', 'OverwatchRanked', 'ElmejorREAPER', 'tortilla', 'DropsActivados']",[],False
34,2025-03-26 00:01,MrHugo,es,Minecraft,DROPS | CAPA ESPECIAL DE PELICULA DE MINECRAFT | VER DIRECTO 3 MINUTOS! |  Free CAPE | !drops !capa !cape,"['Español', 'minecraft', 'MINECRAFT', 'drops', 'Recompensasdeespectador']",[],False
34,2025-03-26 00:01,VanishedTwo,es,Minecraft,Sobreviviendo 100 Dias con Subs en Minecraft Hardcore Dia 8,"['MinecraftUltrahardcore', 'Español', 'minecraftbedrock', 'minecraftbedrock', 'minecrfattecnico', 'minecraftsurvival', 'Recompensasdeespectador']",[],False
34,2025-03-26 00:01,BersGamer,es,Marvel Rivals,🌠DROPS ON 🌠 | NO micro - MAIN LOKI ( HEALER ) - back to heaven !,"['Español', 'deadbbydaylight', 'marvelrivals', 'DropsActivados']",[],False
34,2025-03-26 00:01,elphantomlol,es,League of Legends,oh oh de nuevo en ligoleyens oh oh | !sr activo,"['gamer', 'Vtuber', 'Español', 'México', 'VtuberESP', 'VtuberHombre', 'VtuberEN', 'leagueoflegends']",[],False
34,2025-03-26 00:01,diegozombi,es,Counter-Strike,"CS POR PRIMERA VEZ 🏁Carreras , Face To Face🏁!memide !discord",['Español'],['MatureGame'],False
34,2025-03-26 00:02,chekeloco,es,Grand Theft Auto V,[Ps4/5] GTA5 CON SEGUIDORES!! |  !id !discord,"['Español', 'gta', 'gta5', 'GrandTheftAutoV', 'grandtheftauto', 'GrandTheftAuto5', 'PS4', 'PS4streaming', 'minecraft', 'Ⅿinecraft']",['MatureGame'],False
34,2025-03-26 00:02,WeariestBarrel,es,Grand Theft Auto V,SABADO de GTA en OLD GEN de GTA! Me QUITE el bigote! Soy Juan o Joji? Velada del año,"['WEARIESTBARREL', 'GTAONLINE', 'Español', 'HolidayHoopla', 'Chuba', 'chuva']",['MatureGame'],False
35,2025-03-26 00:10,chiquetemx,es,Minecraft,✅SERVER BEDROCK✅📌𝗗𝗜𝗔 𝟯📌 servidor para todos,"['Español', 'Tijuana', 'minecraftlivestremaing', 'Repetir', 'Mexico', 'Recompensasdeespectador']",[],True
35,2025-03-26 00:11,CursedFiber78,es,Overwatch 2,🎁DROPS 5 LOOTBOXES🎁🏹FREJA🏹💥🕊️🟠!FACEIT PARA UNIRTE AL CLUB🟠🕊️👴👴NO SON TANTOS ANUCIOS NO MAME💎REDES:@CursedFiber78,"['Español', 'malabarista', 'drops', 'tupapá', 'Elmejorstreamerdelmundo', 'OverwatchRanked', 'ElmejorREAPER', 'tortilla', 'DropsActivados']",[],False
35,2025-03-26 00:11,MrHugo,es,Minecraft,DROPS | CAPA ESPECIAL DE PELICULA DE MINECRAFT | VER DIRECTO 3 MINUTOS! |  Free CAPE | !drops !capa !cape,"['Español', 'minecraft', 'MINECRAFT', 'drops', 'Recompensasdeespectador']",[],False
35,2025-03-26 00:11,VanishedTwo,es,Minecraft,Sobreviviendo 100 Dias con Subs en Minecraft Hardcore Dia 8,"['MinecraftUltrahardcore', 'Español', 'minecraftbedrock', 'minecraftbedrock', 'minecrfattecnico', 'minecraftsurvival', 'Recompensasdeespectador']",[],False
35,2025-03-26 00:11,BersGamer,es,Marvel Rivals,🌠DROPS ON 🌠 | NO micro - MAIN LOKI ( HEALER ) - back to heaven !,"['Español', 'deadbbydaylight', 'marvelrivals', 'DropsActivados']",[],False
35,2025-03-26 00:11,elphantomlol,es,League of Legends,oh oh de nuevo en ligoleyens oh oh | !sr activo,"['gamer', 'Vtuber', 'Español', 'México', 'VtuberESP', 'VtuberHombre', 'VtuberEN', 'leagueoflegends']",[],False
35,2025-03-26 00:11,chekeloco,es,Grand Theft Auto V,[Ps4/5] GTA5 CON SEGUIDORES!! |  !id !discord,"['Español', 'gta', 'gta5', 'GrandTheftAutoV', 'grandtheftauto', 'GrandTheftAuto5', 'PS4', 'PS4streaming', 'minecraft', 'Ⅿinecraft']",['MatureGame'],False
35,2025-03-26 00:11,ConejoPsycho,es,R.E.P.O.,"noche de chicas tran, barra de bits para nueva ram! @conejopsycho","['Español', 'bloxfruits', 'latino', 'mexico', 'conejo', 'Fortnite', 'familia']",[],False
35,2025-03-26 00:11,iPaoliss,es,Just Chatting,Stream aburrido ! NO ENTRAR⚠️💀 | !redes !discord !trabajo !nacionalidad,"['Español', 'Inglés', 'gaming', 'Rankeds', 'chattingwithviewers', 'EngEsp', 'ragestream']",[],False
36,2025-03-26 00:18,chiquetemx,es,Minecraft,✅SERVER BEDROCK✅📌𝗗𝗜𝗔 𝟯📌 servidor para todos,"['Español', 'Tijuana', 'minecraftlivestremaing', 'Repetir', 'Mexico', 'Recompensasdeespectador']",[],True
36,2025-03-26 00:18,CursedFiber78,es,Overwatch 2,🎁DROPS 5 LOOTBOXES🎁🏹FREJA🏹💥🕊️🟠!FACEIT PARA UNIRTE AL CLUB🟠🕊️👴👴NO SON TANTOS ANUCIOS NO MAME💎REDES:@CursedFiber78,"['Español', 'malabarista', 'drops', 'tupapá', 'Elmejorstreamerdelmundo', 'OverwatchRanked', 'ElmejorREAPER', 'tortilla', 'DropsActivados']",[],False
36,2025-03-26 00:18,MrHugo,es,Minecraft,DROPS | CAPA ESPECIAL DE PELICULA DE MINECRAFT | VER DIRECTO 3 MINUTOS! |  Free CAPE | !drops !capa !cape,"['Español', 'minecraft', 'MINECRAFT', 'drops', 'Recompensasdeespectador']",[],False
36,2025-03-26 00:18,BersGamer,es,Marvel Rivals,🌠DROPS ON 🌠 | NO micro - MAIN LOKI ( HEALER ) - back to heaven !,"['Español', 'deadbbydaylight', 'marvelrivals', 'DropsActivados']",[],False
36,2025-03-26 00:18,elphantomlol,es,League of Legends,oh oh de nuevo en ligoleyens oh oh | !sr activo,"['gamer', 'Vtuber', 'Español', 'México', 'VtuberESP', 'VtuberHombre', 'VtuberEN', 'leagueoflegends']",[],False
36,2025-03-26 00:18,Cibergun,es,Minecraft,🎁DROPS MINECRAFT  - [24/7]🎁 🟥    Capa GRATIS || Free CAPE  - Java / Bedrock Edition - Con trucos y curiosidades de Minecraft !Cape !drop,"['Minecraft', 'drops', 'Drop', 'minecraft', 'capa', 'drops', 'cape', 'Español', 'Recompensasdeespectador']",[],False
36,2025-03-26 00:18,ttvgamelounge,en,Fortnite,!!! WESTSIDE!!!,"['English', 'westside', 'networking', 'Gamelounge', '18pluschannel', 'live', 'kaicenatlive', 'crazygamer', 'AdultsOnly']",[],False
36,2025-03-26 00:18,ItsMeZ0E,en,Always On,⛄️ NONSTOP 24/7 SUPPORTING LIVE ⛄️,"['English', 'SupportMain', 'AlwaysOn', '24HourStream', 'LurkerFriendlyStream', 'lurk', 'LurkersWelcome']",[],False
36,2025-03-26 00:18,Juicyto22,en,Grand Theft Auto: Vice City,"""Vice City Throwback, Come Kick it""","['GTA', 'ViceCity', 'shorts', 'twitchstreamer', 'gamergirl', 'English']","['MatureGame', 'ProfanityVulgarity', 'ViolentGraphic']",True
37,2025-03-26 04:01,theb,en,Sea of Thieves,🟨OBSIDIAN DROPS🟨 EVIL PVP PIRATE STREAM RAHHH 🏴‍☠️🏴‍☠️🏴‍☠️💥💥💥 @crud,"['pvp', 'pirategame', 'lootswindling', 'English', 'DropsEnabled']",[],False
37,2025-03-26 04:01,BersGamer,es,Marvel Rivals,🌠DROPS ON 🌠 | NO micro - MAIN LOKI ( HEALER ) - back to heaven !,"['Español', 'deadbbydaylight', 'marvelrivals', 'DropsActivados']",[],False
37,2025-03-26 04:01,FrederiiickJr,es,ROBLOX,[Blox fruits] Entra lentamente al stream y pide tu beso!!! 😼😼😼 !roblox !dc EPICGAMES: Frederiiickjr,"['mexico', 'argentina', 'roblox', 'multijugador', 'colombia', 'spreen', 'Guadalajara', 'Español', 'Frederickjr', 'Frederick']",[],False
37,2025-03-26 04:01,MrHugo,es,Minecraft,DROPS | CAPA ESPECIAL DE PELICULA DE MINECRAFT | VER DIRECTO 3 MINUTOS! |  Free CAPE | !drops !capa !cape,"['Español', 'minecraft', 'MINECRAFT', 'drops', 'Recompensasdeespectador']",[],False
37,2025-03-26 04:01,Cibergun,es,Minecraft,🎁DROPS MINECRAFT  - [24/7]🎁 🟥    Capa GRATIS || Free CAPE  - Java / Bedrock Edition - Con trucos y curiosidades de Minecraft !Cape !drop,"['Minecraft', 'drops', 'Drop', 'minecraft', 'capa', 'drops', 'cape', 'Español', 'Recompensasdeespectador']",[],False
37,2025-03-26 04:01,Ache,es,Fortnite,NUEVO REGALO de FORTNITE y NUEVAS ARMAS EXÓTICAS 🤩,"['Español', 'Shooter', 'Fortnite', 'ache']",[],False
37,2025-03-26 04:01,ann_6u9,es,ROBLOX,oi sanandreas ouh yeah,"['Español', 'México', 'SafeSpace', 'Vtuber', 'pngtuber', 'onecoin', 'momos', 'Inglés', 'LGTB']",[],False
37,2025-03-26 04:01,srcuervo777,es,Fortnite,"HACIENDO COCA CASERA  🥶3SUBS=150 lagartijas, 150 sentadillas, 150 abdominales✌️😎)🔥🔥🔥","['reaccionando', 'Quackity', 'rubius', 'charlando', 'elmariana', 'ishowspeed', 'aldogeo', 'missasinfonia', 'xokas', 'kaicenat']",[],False
37,2025-03-26 04:01,AmaDeeuz,es,Just Chatting,TE VIENES O TE HAGO VENIR 🥵,"['Español', 'elmariana', 'rivers', 'crystalmolly', 'roblox', 'Anime', 'humor', 'Fortnite', 'minecraft', 'elded']",[],False
38,2025-03-26 04:08,theb,en,Sea of Thieves,🟨OBSIDIAN DROPS🟨 EVIL PVP PIRATE STREAM RAHHH 🏴‍☠️🏴‍☠️🏴‍☠️💥💥💥 @crud,"['pvp', 'pirategame', 'lootswindling', 'English', 'DropsEnabled']",[],False
38,2025-03-26 04:08,BersGamer,es,Marvel Rivals,🌠DROPS ON 🌠 | NO micro - MAIN LOKI ( HEALER ) - back to heaven !,"['Español', 'deadbbydaylight', 'marvelrivals', 'DropsActivados']",[],False
38,2025-03-26 04:08,FrederiiickJr,es,Just Chatting,[Blox fruits] Entra lentamente al stream y pide tu beso!!! 😼😼😼 !roblox !dc EPICGAMES: Frederiiickjr,"['mexico', 'argentina', 'roblox', 'multijugador', 'colombia', 'spreen', 'Guadalajara', 'Español', 'Frederickjr', 'Frederick']",[],False
38,2025-03-26 04:08,MrHugo,es,Minecraft,DROPS | CAPA ESPECIAL DE PELICULA DE MINECRAFT | VER DIRECTO 3 MINUTOS! |  Free CAPE | !drops !capa !cape,"['Español', 'minecraft', 'MINECRAFT', 'drops', 'Recompensasdeespectador']",[],False
38,2025-03-26 04:09,elphantomlol,es,ROBLOX,"Me quede sin cama por unas horas, asi que toca stream x,d | !sr activo (500 bits o sub sale modelo de Gwen)","['gamer', 'Vtuber', 'Español', 'México', 'VtuberESP', 'VtuberHombre', 'VtuberEN', 'leagueoflegends']",[],False
38,2025-03-26 04:09,Cibergun,es,Minecraft,🎁DROPS MINECRAFT  - [24/7]🎁 🟥    Capa GRATIS || Free CAPE  - Java / Bedrock Edition - Con trucos y curiosidades de Minecraft !Cape !drop,"['Minecraft', 'drops', 'Drop', 'minecraft', 'capa', 'drops', 'cape', 'Español', 'Recompensasdeespectador']",[],False
38,2025-03-26 04:09,flotsam,en,Sea of Thieves,✅OBSIDIAN DROPS✅ Solo Sloop PvP | !SAND WAITING ROOM,"['Solo', 'PvP', 'English', 'DropsEnabled']",[],False
38,2025-03-26 04:09,procedural_,en,Sea of Thieves,OBSIDIAN DROPS! + Solo Sloop PVP,"['PVP', 'Pirate', 'SeaOfThieves', 'Chill', 'English', 'Piano', 'SeaOfThievesPartner', 'Drops', 'DropsEnabled']",[],False
38,2025-03-26 04:09,Spar,en,Sea of Thieves,✅DROPS✅🎮yuppers🎮| !zach !giveaway !madrinas,"['PVP', 'PVE', 'English', 'coolin', 'SeaOfThievesPartner', 'TacoBellEnthusiast', 'DropsEnabled']",[],False
39,2025-03-26 04:16,theb,en,Sea of Thieves,🟨OBSIDIAN DROPS🟨 EVIL PVP PIRATE STREAM RAHHH 🏴‍☠️🏴‍☠️🏴‍☠️💥💥💥 @crud,"['pvp', 'pirategame', 'lootswindling', 'English', 'DropsEnabled']",[],False
39,2025-03-26 04:17,BersGamer,es,Marvel Rivals,🌠DROPS ON 🌠 | NO micro - MAIN LOKI ( HEALER ) - back to heaven !,"['Español', 'deadbbydaylight', 'marvelrivals', 'DropsActivados']",[],False
39,2025-03-26 04:17,FrederiiickJr,es,Just Chatting,[Blox fruits] Entra lentamente al stream y pide tu beso!!! 😼😼😼 !roblox !dc EPICGAMES: Frederiiickjr,"['mexico', 'argentina', 'roblox', 'multijugador', 'colombia', 'spreen', 'Guadalajara', 'Español', 'Frederickjr', 'Frederick']",[],False
39,2025-03-26 04:17,MrHugo,es,Minecraft,DROPS | CAPA ESPECIAL DE PELICULA DE MINECRAFT | VER DIRECTO 3 MINUTOS! |  Free CAPE | !drops !capa !cape,"['Español', 'minecraft', 'MINECRAFT', 'drops', 'Recompensasdeespectador']",[],False
39,2025-03-26 04:17,elphantomlol,es,ROBLOX,"Me quede sin cama por unas horas, asi que toca stream x,d | !sr activo (500 bits o sub sale modelo de Gwen)","['gamer', 'Vtuber', 'Español', 'México', 'VtuberESP', 'VtuberHombre', 'VtuberEN', 'leagueoflegends']",[],False
39,2025-03-26 04:17,Cibergun,es,Minecraft,🎁DROPS MINECRAFT  - [24/7]🎁 🟥    Capa GRATIS || Free CAPE  - Java / Bedrock Edition - Con trucos y curiosidades de Minecraft !Cape !drop,"['Minecraft', 'drops', 'Drop', 'minecraft', 'capa', 'drops', 'cape', 'Español', 'Recompensasdeespectador']",[],False
39,2025-03-26 04:17,JamrockTTV,en,EA Sports FC 25,Lock in Fight for our lives  for Rank 3 Rivals+Champs stream@@!!!EAFC25  Ep33 Absolutely no Chill vibes just rage Rewards  Rivals,"['English', 'UKStreamers', 'UK', 'Jamaican', 'EASPORTSFIFA', '876stream']",[],False
39,2025-03-26 04:17,PrimeTimePrimos,en,EA Sports FC 25,🛑LIVE 🎞️🎥 ANOTHER DAY IN THE OFFICE 🎮🕹️👾,"['Playstation', 'Multiplayer', 'playwithViewers', 'Chatty', 'casualplaythrough', 'PrimeTimePrimos', 'English']",[],False
39,2025-03-26 04:17,HURDLExTHExDEAD,en,Fortnite,21+ | Tuesdee Fortnite Update Pop Up w/ @igotkilos | I Love You More Than You'll Ever Know | 🍻 The Afterhours 🍻 | !ssr !discord,"['English', 'Dubstep', 'Metal', '420', 'Interactive', 'Networking', 'Hispanic', 'EDM', 'spanish']","['DrugsIntoxication', 'ProfanityVulgarity', 'SexualThemes', 'ViolentGraphic']",False
40,2025-03-26 08:01,theb,en,Sea of Thieves,🟨OBSIDIAN DROPS🟨 EVIL PVP PIRATE STREAM RAHHH 🏴‍☠️🏴‍☠️🏴‍☠️💥💥💥 @crud,"['pvp', 'pirategame', 'lootswindling', 'English', 'DropsEnabled']",[],False
40,2025-03-26 08:01,Cibergun,es,Minecraft,🎁DROPS MINECRAFT  - [24/7]🎁 🟥    Capa GRATIS || Free CAPE  - Java / Bedrock Edition - Con trucos y curiosidades de Minecraft !Cape !drop,"['Minecraft', 'drops', 'Drop', 'minecraft', 'capa', 'drops', 'cape', 'Español', 'Recompensasdeespectador']",[],False
40,2025-03-26 08:01,MrHugo,es,Minecraft,DROPS | CAPA ESPECIAL DE PELICULA DE MINECRAFT | VER DIRECTO 3 MINUTOS! |  Free CAPE | !drops !capa !cape,"['Español', 'minecraft', 'MINECRAFT', 'drops', 'Recompensasdeespectador']",[],False
40,2025-03-26 08:01,Ache,es,Fortnite,NUEVO REGALO de FORTNITE y NUEVAS ARMAS EXÓTICAS 🤩,"['Español', 'Shooter', 'Fortnite', 'ache']",[],False
40,2025-03-26 08:01,AngrodTralari,es,Overwatch 2,!DROPS LOOTBOXES 🔴 SUBIENDO A TOP 500 EN 6 VS 6 🔴 YA ESTA LA GOATS PERO NO SE SI QUIERO VISITARLA 🔴 Sorteo 1000 Monedas,"['Español', 'charla', 'competitivo', 'Overwatch2', 'drops', 'ranked', 'Shooter', 'DropsActivados']",[],False
40,2025-03-26 08:01,JoseteAlm,es,Sea of Thieves,🟢OBSIDIAN DROPS🐔Shrouded Ghost x20🐔ES|EN !discord !josetazo !redes,"['Español', 'English', 'aventura', 'PvP', 'JvJ', 'seaofthieves', 'drops', 'DropsActivados']",[],False
40,2025-03-26 08:01,Hana_Nanami,es,Marvel Rivals,[+18 VTUBER]🌸EL REDEBUT DE UNA MONJA 🌸🔥EXTENSIBLE SIN LIMITE🔥🌸💕Lurk plis💕❤,"['Español', 'Vtuber', 'chill', 'lurk', 'VampireVtuber', 'Inglés', 'DropsActivados']",[],False
40,2025-03-26 08:01,SonGus18,es,League of Legends,"💜  HABLEMOS DE LA VIDA, ¿EN DONDE ESTA LA HERIDA?| !sr | !speak","['México', 'Latino', 'JuegoGrupal', 'amigos', 'latinoamarica', 'Español', 'MancoJugando', 'Argentina', 'Colombia']",[],False
40,2025-03-26 08:02,Merumeyy,es,Dead by Daylight,"Hola, no puedo dormir otra vezzz !metas","['Paraguay', 'Argentina', 'Español', 'Inglés', 'ＤBD']","['MatureGame', 'ProfanityVulgarity']",False
41,2025-03-26 08:10,theb,en,Sea of Thieves,🟨OBSIDIAN DROPS🟨 EVIL PVP PIRATE STREAM RAHHH 🏴‍☠️🏴‍☠️🏴‍☠️💥💥💥 @crud,"['pvp', 'pirategame', 'lootswindling', 'English', 'DropsEnabled']",[],False
41,2025-03-26 08:11,Cibergun,es,Minecraft,🎁DROPS MINECRAFT  - [24/7]🎁 🟥    Capa GRATIS || Free CAPE  - Java / Bedrock Edition - Con trucos y curiosidades de Minecraft !Cape !drop,"['Minecraft', 'drops', 'Drop', 'minecraft', 'capa', 'drops', 'cape', 'Español', 'Recompensasdeespectador']",[],False
41,2025-03-26 08:11,SrVnthony,es,Grand Theft Auto V,💎 GTA ONLINE PS4 💎 Cheteo y venta de cuentas | KDD | CarMeets | LS | Rutas | Carreras | Tradeos y Mucho más...,"['Español', 'PS5', 'PS4']",['MatureGame'],False
41,2025-03-26 08:11,MrHugo,es,Minecraft,DROPS | CAPA ESPECIAL DE PELICULA DE MINECRAFT | VER DIRECTO 3 MINUTOS! |  Free CAPE | !drops !capa !cape,"['Español', 'minecraft', 'MINECRAFT', 'drops', 'Recompensasdeespectador']",[],False
41,2025-03-26 08:11,AngrodTralari,es,Overwatch 2,!DROPS LOOTBOXES 🔴 SUBIENDO A TOP 500 EN 6 VS 6 🔴 YA ESTA LA GOATS PERO NO SE SI QUIERO VISITARLA 🔴 Sorteo 1000 Monedas,"['Español', 'charla', 'competitivo', 'Overwatch2', 'drops', 'ranked', 'Shooter', 'DropsActivados']",[],False
41,2025-03-26 08:11,Ache,es,Fortnite,NUEVO REGALO de FORTNITE y NUEVAS ARMAS EXÓTICAS 🤩,"['Español', 'Shooter', 'Fortnite', 'ache']",[],False
41,2025-03-26 08:11,SirKizzler,en,VALORANT,IT'S TIME TO LOSE SOME BRAINCELLS ON VALORANT  !discord !socials,"['English', 'gamer', 'Australia', 'chillguy', 'JustAChillGuy', 'Australian', 'ADHD']",[],False
41,2025-03-26 08:11,shanalele,en,Marvel Rivals,[DROPS] QP grind !socials !cosplay !music !rizz !makeout !fmk !love !hate !pp @ |🥰| 18+ |,"['English', 'Filipina', 'Australian', 'OCE', 'AUS', 'valorant', 'DropsEnabled']",[],False
41,2025-03-26 08:11,cambohau,en,VALORANT,oh we RANKING UP...| !TIKTOK !SPECS !RANK,"['kaicenat', 'lacy', 'clix', 'mrsavage', 'jynxzi', 'ASMR', 'fortnite', 'peterbot', 'English', 'jasontheween']",[],False
42,2025-03-26 08:21,theb,en,Sea of Thieves,🟨OBSIDIAN DROPS🟨 EVIL PVP PIRATE STREAM RAHHH 🏴‍☠️🏴‍☠️🏴‍☠️💥💥💥 @crud,"['pvp', 'pirategame', 'lootswindling', 'English', 'DropsEnabled']",[],False
42,2025-03-26 08:21,Cibergun,es,Minecraft,🎁DROPS MINECRAFT  - [24/7]🎁 🟥    Capa GRATIS || Free CAPE  - Java / Bedrock Edition - Con trucos y curiosidades de Minecraft !Cape !drop,"['Minecraft', 'drops', 'Drop', 'minecraft', 'capa', 'drops', 'cape', 'Español', 'Recompensasdeespectador']",[],False
42,2025-03-26 08:21,SrVnthony,es,Grand Theft Auto V,💎 GTA ONLINE PS4 💎 Cheteo y venta de cuentas | KDD | CarMeets | LS | Rutas | Carreras | Tradeos y Mucho más...,"['Español', 'PS5', 'PS4']",['MatureGame'],False
42,2025-03-26 08:21,marhatake,es,VALORANT,holaaaaa tanto tiempo !IG !Discord !tikitiki 💖,"['Español', 'LatamStreamer', 'Mèxico', 'juegos', 'CharlaConmigo', 'ＶＡＬＯＲＡＮＴ', 'girlstreaming']",[],False
42,2025-03-26 08:21,MrHugo,es,Minecraft,DROPS | CAPA ESPECIAL DE PELICULA DE MINECRAFT | VER DIRECTO 3 MINUTOS! |  Free CAPE | !drops !capa !cape,"['Español', 'minecraft', 'MINECRAFT', 'drops', 'Recompensasdeespectador']",[],False
42,2025-03-26 08:21,xTeaBae,es,Overwatch 2,No idea....|ES/ENG| !Discord !Nick |,"['PC', 'Español', 'PvE', 'Paraguay', 'mexicano', 'LAS', 'DropsActivados']",[],False
42,2025-03-26 08:22,miguez01,es,EA Sports FC 25,🚨 MÉTODO de CRAFTEO en DIRECTO 🎁 PICKS ICONO y +80 🤑 REVISIÓN de PLANTILLAS 👀 | !sorteo !ventajas !sub 👈,"['eafc25', 'ultimateteam', 'packopening', 'plantillas', 'Sobres', 'futchampions', 'rivals', 'miguez01', 'Español', 'fc25']",[],False
42,2025-03-26 08:22,JotiK04,es,EA Sports FC 25,👉🏼Rivals con la 4231 (de MCO) 🚄🚄🚄,"['Competitivo', 'Charlando', 'deporte', 'FUTBOL', 'Español']",[],False
42,2025-03-26 08:22,Odiox,es,The First Berserker: Khazan,De los mejores Soulslike hasta la fecha 🥸🥸 @odiox,"['Español', 'soulslike']",['MatureGame'],False
43,2025-03-26 08:31,theb,en,Sea of Thieves,🟨OBSIDIAN DROPS🟨 EVIL PVP PIRATE STREAM RAHHH 🏴‍☠️🏴‍☠️🏴‍☠️💥💥💥 @crud,"['pvp', 'pirategame', 'lootswindling', 'English', 'DropsEnabled']",[],False
43,2025-03-26 08:31,SrVnthony,es,Grand Theft Auto V,💎 GTA ONLINE PS4 💎 Cheteo y venta de cuentas | KDD | CarMeets | LS | Rutas | Carreras | Tradeos y Mucho más...,"['Español', 'PS5', 'PS4']",['MatureGame'],False
43,2025-03-26 08:31,Cibergun,es,Minecraft,🎁DROPS MINECRAFT  - [24/7]🎁 🟥    Capa GRATIS || Free CAPE  - Java / Bedrock Edition - Con trucos y curiosidades de Minecraft !Cape !drop,"['Minecraft', 'drops', 'Drop', 'minecraft', 'capa', 'drops', 'cape', 'Español', 'Recompensasdeespectador']",[],False
43,2025-03-26 08:31,MrHugo,es,Minecraft,DROPS | CAPA ESPECIAL DE PELICULA DE MINECRAFT | VER DIRECTO 3 MINUTOS! |  Free CAPE | !drops !capa !cape,"['Español', 'minecraft', 'MINECRAFT', 'drops', 'Recompensasdeespectador']",[],False
43,2025-03-26 08:31,marhatake,es,VALORANT,holaaaaa tanto tiempo !IG !Discord !tikitiki 💖,"['Español', 'LatamStreamer', 'Mèxico', 'juegos', 'CharlaConmigo', 'ＶＡＬＯＲＡＮＴ', 'girlstreaming']",[],False
43,2025-03-26 08:31,xTeaBae,es,Overwatch 2,No idea....|ES/ENG| !Discord !Nick |,"['PC', 'Español', 'PvE', 'Paraguay', 'mexicano', 'LAS', 'DropsActivados']",[],False
43,2025-03-26 08:31,nitrojose33,es,EA Sports UFC 5,ufc 5 de mediodia o mama mia,"['Español', 'españa', 'spain', 'fc25', 'eafc25', 'easportsfc25']",['MatureGame'],False
43,2025-03-26 08:31,thedanirep,es,Grand Theft Auto V,MARATÓN DE DANIREP - DÍA 594,"['Español', 'Repetir']",['MatureGame'],False
43,2025-03-26 08:31,edxnpc,es,Grand Theft Auto V,+18 / TAMOO READYYY,['Español'],['MatureGame'],False
44,2025-03-26 08:42,theb,en,Sea of Thieves,🟨OBSIDIAN DROPS🟨 EVIL PVP PIRATE STREAM RAHHH 🏴‍☠️🏴‍☠️🏴‍☠️💥💥💥 @crud,"['pvp', 'pirategame', 'lootswindling', 'English', 'DropsEnabled']",[],False
44,2025-03-26 08:42,Cibergun,es,Minecraft,🎁DROPS MINECRAFT  - [24/7]🎁 🟥    Capa GRATIS || Free CAPE  - Java / Bedrock Edition - Con trucos y curiosidades de Minecraft !Cape !drop,"['Minecraft', 'drops', 'Drop', 'minecraft', 'capa', 'drops', 'cape', 'Español', 'Recompensasdeespectador']",[],False
44,2025-03-26 08:42,SrVnthony,es,Grand Theft Auto V,💎 GTA ONLINE PS4 💎 Cheteo y venta de cuentas | KDD | CarMeets | LS | Rutas | Carreras | Tradeos y Mucho más...,"['Español', 'PS5', 'PS4']",['MatureGame'],False
44,2025-03-26 08:42,xTeaBae,es,Overwatch 2,No idea....|ES/ENG| !Discord !Nick |,"['PC', 'Español', 'PvE', 'Paraguay', 'mexicano', 'LAS', 'DropsActivados']",[],False
44,2025-03-26 08:42,MrHugo,es,Minecraft,DROPS | CAPA ESPECIAL DE PELICULA DE MINECRAFT | VER DIRECTO 3 MINUTOS! |  Free CAPE | !drops !capa !cape,"['Español', 'minecraft', 'MINECRAFT', 'drops', 'Recompensasdeespectador']",[],False
44,2025-03-26 08:42,marhatake,es,VALORANT,holaaaaa tanto tiempo !IG !Discord !tikitiki 💖,"['Español', 'LatamStreamer', 'Mèxico', 'juegos', 'CharlaConmigo', 'ＶＡＬＯＲＡＮＴ', 'girlstreaming']",[],False
44,2025-03-26 08:42,PatiMiVida,es,Just Chatting,"[SPOILER[] Dr. Stone parte 5444, reccion..","['Juegodegrupo', 'Español', 'roblox']",[],False
44,2025-03-26 08:42,JairMcr,es,Minecraft,titulo épico aquí!,"['halo', 'Español', 'minecraft', 'México', 'Mexico', 'Recompensasdeespectador']",[],False
44,2025-03-26 08:42,ThomiHair,es,I'm Only Sleeping,📢SE ACABA EL EXTENSIBLE?EL FINAL?📢DIA 16 EN STREAM📢SI LEES ESTO PON * PIPSHAS* ✨!roblox✨!amor✨!tiktok✨!mecabe✨!memide✨!canicas✨,"['roblox', 'gameplay', 'Argentina', 'Español', 'México', 'robloxgames', 'Robloxgamming', 'Vtuber', 'Ｖｔｕｂｅｒ', 'extensible']",[],False
45,2025-03-26 12:01,JoseteAlm,es,Sea of Thieves,🟢OBSIDIAN DROPS🐔Shrouded Ghost x20🐔ES|EN !discord !josetazo !redes,"['Español', 'English', 'aventura', 'PvP', 'JvJ', 'seaofthieves', 'drops', 'DropsActivados']",[],False
45,2025-03-26 12:01,Cibergun,es,Minecraft,🎁DROPS MINECRAFT  - [24/7]🎁 🟥    Capa GRATIS || Free CAPE  - Java / Bedrock Edition - Con trucos y curiosidades de Minecraft !Cape !drop,"['Minecraft', 'drops', 'Drop', 'minecraft', 'capa', 'drops', 'cape', 'Español', 'Recompensasdeespectador']",[],False
45,2025-03-26 12:01,MrHugo,es,Minecraft,DROPS | CAPA ESPECIAL DE PELICULA DE MINECRAFT | VER DIRECTO 3 MINUTOS! |  Free CAPE | !drops !capa !cape,"['Español', 'minecraft', 'MINECRAFT', 'drops', 'Recompensasdeespectador']",[],False
45,2025-03-26 12:01,AlatreusTV,es,ROBLOX,ATRAPADO EN DEAD RAILS Y NO TENGO ESCAPATORIA... ESTE DIRECTO SE VA A DESCONTROLAR,"['Español', 'roblox']",[],False
45,2025-03-26 12:01,sbarcci,es,Fortnite,"💥JUGANDO Y CHARLANDO UN RATO, VENTE!💥Sub o Francés !descuentos","['Español', 'Jugarconespectadores', 'chica', 'charlando', 'chicagamer']",[],False
45,2025-03-26 12:01,ExpCaseros,es,Co-working & Studying,Estudia con Natalia 💛 Técnica Pomodoro 25'/5' ⏳ SWM ✍️ ✨ !presente · !task · !done ✨,['Español'],[],False
45,2025-03-26 12:01,aatonz,pt,Sea of Thieves,🟢🟡DROPS ON🟡🟢Todos os Drops meia hora antes!!Somente pra quem chegar 30 minutos mais cedo!! E ATUALIZAÇÃO S15.2 vem AMANHÃ!!! BOM DIA!!,"['casual', 'engraçado', 'pirata', 'English', 'Português', 'Yoda', 'Gaules', 'LigadoJorel', 'giveaway', 'DropsAtivados']",[],False
45,2025-03-26 12:01,BehavingBeardly,en,Sea of Thieves,OBSIDIAN !DROPS & !SPRINGBEARD // 1440p STREAM,"['English', 'GreatBigBushyBeard', 'NoPreRolls', 'drops', 'DropsEnabled', '1440p60fps']",[],True
45,2025-03-26 12:01,MizterLucas,en,Sea of Thieves,🍍DROPS🍍 Solo Sloop Rotten Pineapple Sailing | !drops !discord,"['English', 'PineappleParkour', 'PvP', 'SoTPartner', 'seaofthieves', 'Adventure', 'Cooking', 'DropsEnabled']",[],False
46,2025-03-26 12:08,Necros,en,Marvel Rivals,[DROPS ENABLED] CRASHING FIXED LETS GO,"['English', 'spiderman', 'blackpanther', 'DropsEnabled']",[],False
46,2025-03-26 12:08,AngrodTralari,es,Overwatch 2,!DROPS LOOTBOXES 🔴 SUBIENDO A TOP 500 EN 6 VS 6 🔴 YA ESTA LA GOATS PERO NO SE SI QUIERO VISITARLA 🔴 Sorteo 1000 Monedas,"['Español', 'charla', 'competitivo', 'Overwatch2', 'drops', 'ranked', 'Shooter', 'DropsActivados']",[],False
46,2025-03-26 12:08,Toxicmatt565,en,Minecraft,Playing Cobblemon,"['English', 'pokemoncontent', 'cobblemon', 'ViewerRewards']",[],False
46,2025-03-26 12:08,JoseteAlm,es,Sea of Thieves,🟢OBSIDIAN DROPS🐔Shrouded Ghost x20🐔ES|EN !discord !josetazo !redes,"['Español', 'English', 'aventura', 'PvP', 'JvJ', 'seaofthieves', 'drops', 'DropsActivados']",[],False
46,2025-03-26 12:08,PhuzzyBond,en,Sea of Thieves,!Drops | 8 Hours | 🫖Good Vibes | 💚💜 Get SoT at 65% off !games,"['ClosedCaptions', 'LongSilkyHair', 'FamilyFriendly', 'SeaOfThievesPartner', 'ASMR', 'English', 'Chill', 'GoodVibes', 'DropsEnabled']",[],False
46,2025-03-26 12:09,Cibergun,es,Minecraft,🎁DROPS MINECRAFT  - [24/7]🎁 🟥    Capa GRATIS || Free CAPE  - Java / Bedrock Edition - Con trucos y curiosidades de Minecraft !Cape !drop,"['Minecraft', 'drops', 'Drop', 'minecraft', 'capa', 'drops', 'cape', 'Español', 'Recompensasdeespectador']",[],False
46,2025-03-26 12:09,DEEELAROSA,es,Fortnite,SUB = REGALO 🟥 PARTIDAS PRIVADAS de FORTNITE con PREMIO 🟥 - ❗ventajas ❗regalo ❗raid,"['Español', 'Jugarconespectadores', 'privadas', 'customs', 'partidasprivadas', 'outfit', 'jugandoconseguidores', 'jugandoconespectadores', 'sorteo', 'premio']",[],False
46,2025-03-26 12:09,Panamera28_,es,Brawl Stars,CODE: XWH9YP7B | JUGANDO UN RATELE CON VOSOTROS,['Español'],[],False
46,2025-03-26 12:09,ThomiHair,es,I'm Only Sleeping,📢SE ACABA EL EXTENSIBLE?EL FINAL?📢DIA 16 EN STREAM📢SI LEES ESTO PON * PIPSHAS* ✨!roblox✨!amor✨!tiktok✨!mecabe✨!memide✨!canicas✨,"['roblox', 'gameplay', 'Argentina', 'Español', 'México', 'robloxgames', 'Robloxgamming', 'Vtuber', 'Ｖｔｕｂｅｒ', 'extensible']",[],False
47,2025-03-26 12:17,Toxicmatt565,en,Minecraft,Playing Cobblemon,"['English', 'pokemoncontent', 'cobblemon', 'ViewerRewards']",[],False
47,2025-03-26 12:17,JoseteAlm,es,Sea of Thieves,🟢OBSIDIAN DROPS🐔Shrouded Ghost x20🐔ES|EN !discord !josetazo !redes,"['Español', 'English', 'aventura', 'PvP', 'JvJ', 'seaofthieves', 'drops', 'DropsActivados']",[],False
47,2025-03-26 12:17,Cibergun,es,Minecraft,🎁DROPS MINECRAFT  - [24/7]🎁 🟥    Capa GRATIS || Free CAPE  - Java / Bedrock Edition - Con trucos y curiosidades de Minecraft !Cape !drop,"['Minecraft', 'drops', 'Drop', 'minecraft', 'capa', 'drops', 'cape', 'Español', 'Recompensasdeespectador']",[],False
47,2025-03-26 12:17,MrHugo,es,Minecraft,DROPS | CAPA ESPECIAL DE PELICULA DE MINECRAFT | VER DIRECTO 3 MINUTOS! |  Free CAPE | !drops !capa !cape,"['Español', 'minecraft', 'MINECRAFT', 'drops', 'Recompensasdeespectador']",[],False
47,2025-03-26 12:17,AlatreusTV,es,ROBLOX,ATRAPADO EN DEAD RAILS Y NO TENGO ESCAPATORIA... ESTE DIRECTO SE VA A DESCONTROLAR,"['Español', 'roblox']",[],False
47,2025-03-26 12:17,PhuzzyBond,en,Sea of Thieves,!Drops | 8 Hours | 🫖Good Vibes | 💚💜 Get SoT at 65% off !games,"['ClosedCaptions', 'LongSilkyHair', 'FamilyFriendly', 'SeaOfThievesPartner', 'ASMR', 'English', 'Chill', 'GoodVibes', 'DropsEnabled']",[],False
47,2025-03-26 12:17,ElSequillo_,es,League of Legends,🐭 VOLVIENDO AL PRIME 🐭,"['Español', 'Master', 'ADC', 'Kalista']",[],False
47,2025-03-26 12:17,iamcarbono,es,League of Legends,Master solo Q jungle 620lps,['Español'],[],False
47,2025-03-26 12:17,Garmy,es,League of Legends,MIERDÓN DE STREAM,['Español'],[],False
48,2025-03-26 12:24,Toxicmatt565,en,Minecraft,Playing Cobblemon,"['English', 'pokemoncontent', 'cobblemon', 'ViewerRewards']",[],False
48,2025-03-26 12:25,JoseteAlm,es,Sea of Thieves,🟢OBSIDIAN DROPS🐔Shrouded Ghost x20🐔ES|EN !discord !josetazo !redes,"['Español', 'English', 'aventura', 'PvP', 'JvJ', 'seaofthieves', 'drops', 'DropsActivados']",[],False
48,2025-03-26 12:25,Cibergun,es,Minecraft,🎁DROPS MINECRAFT  - [24/7]🎁 🟥    Capa GRATIS || Free CAPE  - Java / Bedrock Edition - Con trucos y curiosidades de Minecraft !Cape !drop,"['Minecraft', 'drops', 'Drop', 'minecraft', 'capa', 'drops', 'cape', 'Español', 'Recompensasdeespectador']",[],False
48,2025-03-26 12:25,MrHugo,es,Minecraft,DROPS | CAPA ESPECIAL DE PELICULA DE MINECRAFT | VER DIRECTO 3 MINUTOS! |  Free CAPE | !drops !capa !cape,"['Español', 'minecraft', 'MINECRAFT', 'drops', 'Recompensasdeespectador']",[],False
48,2025-03-26 12:25,AlatreusTV,es,ROBLOX,ATRAPADO EN DEAD RAILS Y NO TENGO ESCAPATORIA... ESTE DIRECTO SE VA A DESCONTROLAR,"['Español', 'roblox']",[],False
48,2025-03-26 12:25,PhuzzyBond,en,Sea of Thieves,!Drops | 8 Hours | 🫖Good Vibes | 💚💜 Get SoT at 65% off !games,"['ClosedCaptions', 'LongSilkyHair', 'FamilyFriendly', 'SeaOfThievesPartner', 'ASMR', 'English', 'Chill', 'GoodVibes', 'DropsEnabled']",[],False
48,2025-03-26 12:25,nonnisita,es,Fortnite,MAÑANERO 🔥,"['colombiana', 'cosplay', 'fortnite', 'justchatting', 'Español', 'manca', 'México', 'Latina', 'fortinte']",['ProfanityVulgarity'],False
48,2025-03-26 12:25,DEEELAROSA,es,Fortnite,SUB = REGALO 🟥 PARTIDAS PRIVADAS de FORTNITE con PREMIO 🟥 - ❗ventajas ❗regalo ❗raid,"['Español', 'Jugarconespectadores', 'privadas', 'customs', 'partidasprivadas', 'outfit', 'jugandoconseguidores', 'jugandoconespectadores', 'sorteo', 'premio']",[],False
48,2025-03-26 12:25,ImNattaly,es,Fortnite,💕✨SOMOS MI CORAZóN DE POLLITO🐣Y YO CONTRA EL MUNDO ✨💕,"['Español', 'Dechillxd', 'LATAM', 'SoloPorDiversion', 'botsita']",[],False
49,2025-03-26 12:36,Toxicmatt565,en,Minecraft,Playing Cobblemon,"['English', 'pokemoncontent', 'cobblemon', 'ViewerRewards']",[],False
49,2025-03-26 12:36,JoseteAlm,es,Sea of Thieves,🟢OBSIDIAN DROPS🐔Shrouded Ghost x20🐔ES|EN !discord !josetazo !redes,"['Español', 'English', 'aventura', 'PvP', 'JvJ', 'seaofthieves', 'drops', 'DropsActivados']",[],False
49,2025-03-26 12:36,Cibergun,es,Minecraft,🎁DROPS MINECRAFT  - [24/7]🎁 🟥    Capa GRATIS || Free CAPE  - Java / Bedrock Edition - Con trucos y curiosidades de Minecraft !Cape !drop,"['Minecraft', 'drops', 'Drop', 'minecraft', 'capa', 'drops', 'cape', 'Español', 'Recompensasdeespectador']",[],False
49,2025-03-26 12:36,MrHugo,es,Minecraft,DROPS | CAPA ESPECIAL DE PELICULA DE MINECRAFT | VER DIRECTO 3 MINUTOS! |  Free CAPE | !drops !capa !cape,"['Español', 'minecraft', 'MINECRAFT', 'drops', 'Recompensasdeespectador']",[],False
49,2025-03-26 12:36,AlatreusTV,es,ROBLOX,ATRAPADO EN DEAD RAILS Y NO TENGO ESCAPATORIA... ESTE DIRECTO SE VA A DESCONTROLAR,"['Español', 'roblox']",[],False
49,2025-03-26 12:36,PhuzzyBond,en,Sea of Thieves,!Drops | 8 Hours | 🫖Good Vibes | 💚💜 Get SoT at 65% off !games,"['ClosedCaptions', 'LongSilkyHair', 'FamilyFriendly', 'SeaOfThievesPartner', 'ASMR', 'English', 'Chill', 'GoodVibes', 'DropsEnabled']",[],False
49,2025-03-26 12:36,why_malysh,ru,Grand Theft Auto V,ЗАЯВКИ В СЕМЬЮ ОТКРЫЛИСЬ оО GTA 5 RP 🖤 CURSED 🖤 grapeseed,"['общение', 'розыгрыш', 'Русский', 'gta', 'gta5rp']",['MatureGame'],False
49,2025-03-26 12:36,ademilove,ru,Grand Theft Auto V,"РОЗЫГРЫШ девайсов | !тг, !redux | Majestic | Uzi famq ❤️","['Русский', 'gta', 'gtavpRP', 'MajesticRolePlay', 'Majestic', 'MajesticRP']",['MatureGame'],False
49,2025-03-26 12:36,Val_kirr,ru,Apex Legends,Альтушка - имба патча,"['Русский', 'общение', 'музыка', 'смех', 'вайб', 'апекс', 'apex', 'рейтинг', 'шутер']",[],False
0,2025-03-26 18:55,Cibergun,es,Minecraft,🎁DROPS MINECRAFT  - [24/7]🎁 🟥    Capa GRATIS || Free CAPE  - Java / Bedrock Edition - Con trucos y curiosidades de Minecraft !Cape !drop,"['Minecraft', 'drops', 'Drop', 'minecraft', 'capa', 'drops', 'cape', 'Español', 'Recompensasdeespectador']",[],False
0,2025-03-26 18:55,CzarB__,es,FC MOBILE,JUEGO/VEO LO QUE QUIERAS 100BITS/1SUB |🕶️👑| SORTEO 50 DÓLARES 29/03 ❗❗ | 439#,['Español'],[],False
0,2025-03-26 18:55,oscarpainz_,es,Grand Theft Auto V,[PS4]🥰VOLVÍ. RECUPERÁNDOME DE LA OPERACIÓN🥰|❗id |❗unirse|❗ds,"['Español', 'gta', 'LGBT', 'carreras', 'PS4', 'jugandoconseguidores']",['MatureGame'],False
0,2025-03-26 18:55,MrHugo,es,Minecraft,DROPS | CAPA ESPECIAL DE PELICULA DE MINECRAFT | VER DIRECTO 3 MINUTOS! |  Free CAPE | !drops !capa !cape,"['Español', 'minecraft', 'MINECRAFT', 'drops', 'Recompensasdeespectador']",[],False
0,2025-03-26 18:55,Dokimoi,es,Minecraft,Drops! Ignorar: Jugador de LoL Entrar: Ser Normal ❤️ Jugando con Viewers!,"['Espàñol', 'English', 'Venezuela', 'LATAM', 'Español', 'Recompensasdeespectador']",[],False
0,2025-03-26 18:55,HHhover,es,Fortnite,🏆TORNEO 5K DE PAVOS con SEGUIDORES  💰 nueva lara croft| !id | Fashion Show - Escondidas - Minijuegos - Outfits,"['Español', 'HoverHH', 'fashionshow', 'outfits', 'jugandoconseguidores', 'partidasprivadas', 'JugandoChill', 'privadasfortnite']",[],False
0,2025-03-26 18:55,kristianconlakappa,it,Cuphead,🥕MAI IN ORARIO | !YT !discord !Mancia !Sub !Tiktok !Twitter,"['Italiano', 'Depression', 'chiacchiere', 'gdr', 'reaction', 'justchatting', 'ADHDStreamer', 'comfort', 'minecraft', 'chill']",[],False
0,2025-03-26 18:55,MarcoErCarrozza,it,Minecraft,SPUTO C..AZZI O FORSE GIOCHI BRUTTI,"['ita', 'italiano', 'Italiano']",[],False
0,2025-03-26 18:55,thinknerd,it,inZOI,SONO STEMPIATO?🔴TORNEO DELLE VOSTRE CANZONI PREFERITE🔴MI CREO SU INZOI🔴RITORNO SU FORTNITE🔴!discord !telegram,"['Italiano', 'lollo', 'blur', 'zano', 'femboy', 'manuxo', 'dariomoccia', 'meme', 'stempiato', 'lollolacustre']",[],False
1,2025-03-26 19:03,CzarB__,es,FC MOBILE,JUEGO/VEO LO QUE QUIERAS 100BITS/1SUB |🕶️👑| SORTEO 50 DÓLARES 29/03 ❗❗ | 439#,['Español'],[],False
1,2025-03-26 19:03,oscarpainz_,es,Grand Theft Auto V,[PS4]🥰VOLVÍ. RECUPERÁNDOME DE LA OPERACIÓN🥰|❗id |❗unirse|❗ds,"['Español', 'gta', 'LGBT', 'carreras', 'PS4', 'jugandoconseguidores']",['MatureGame'],False
1,2025-03-26 19:03,Cibergun,es,Minecraft,🎁DROPS MINECRAFT  - [24/7]🎁 🟥    Capa GRATIS || Free CAPE  - Java / Bedrock Edition - Con trucos y curiosidades de Minecraft !Cape !drop,"['Minecraft', 'drops', 'Drop', 'minecraft', 'capa', 'drops', 'cape', 'Español', 'Recompensasdeespectador']",[],False
1,2025-03-26 19:04,MrHugo,es,Minecraft,DROPS | CAPA ESPECIAL DE PELICULA DE MINECRAFT | VER DIRECTO 3 MINUTOS! |  Free CAPE | !drops !capa !cape,"['Español', 'minecraft', 'MINECRAFT', 'drops', 'Recompensasdeespectador']",[],False
1,2025-03-26 19:04,MarcusGreenm,es,VALORANT,ser valoplayer dificulta las relaciones amorosas? | !video !discord !playlist,"['preguntaloquequieras', 'Español', 'Roleplay', 'humor', 'valorant', 'vivan', 'los', 'gatitos']",[],False
1,2025-03-26 19:04,xBOOSE100x,es,Sea of Thieves,drops obsidiana especiales 🎁 Trifulca en los mares  👒sorteo seguidores barco fenix y velas serpen !horas !velas,"['PVP', 'PVE', 'Jugandoconlosespectadores', 'español', 'latam', 'DropOn', 'charlando', 'PC', 'Multijugador', 'SeaOfThievesPartner']",[],False
1,2025-03-26 19:04,domthunderstreams,en,Overwatch 2,oh... that's nerfs of my comfort character YIKES !discord,"['Gay', 'Furry', 'smart', 'funny', 'English', 'silly', 'Yapper', 'Chandelure', 'music', 'DropsEnabled']",['ProfanityVulgarity'],False
1,2025-03-26 19:04,StudioConCat,en,Overwatch 2,(DROPS)🎩Mei Day + memes🎩 (We draw doodles for cool noodles) !7tv !cc,"['English', 'based', 'CommunityEngagement', 'kind', 'VarietyGaming', 'goodvibes', 'art', 'games', 'interactiveStreamer', 'raftwithfriends']",[],False
1,2025-03-26 19:04,YAWN100,en,Overwatch 2,!DROPS // DRINKING WATER // BREATHING AIR // DOMINATING OVERWATCH RANKED LADDER // TOP 500 THIS SEASON?? // WE'LL SEE // !discord !tts !7tv,"['English', 'YAN', 'junkrat', 'reinhardt', 'Ranked', 'gamer', 'degen', 'Ramattra', 'zarya', 'Masters']",[],False
2,2025-03-26 19:13,Dokimoi,es,Minecraft,Drops! Ignorar: Jugador de LoL Entrar: Ser Normal ❤️ Jugando con Viewers!,"['Espàñol', 'English', 'Venezuela', 'LATAM', 'Español', 'Recompensasdeespectador']",[],False
2,2025-03-26 19:14,CzarB__,es,Blood Strike,JUEGO/VEO LO QUE QUIERAS 100BITS/1SUB |🕶️👑| SORTEO 50 DÓLARES 29/03 ❗❗ | 439#,['Español'],[],False
2,2025-03-26 19:14,mijaeluwu,es,ROBLOX,ando rebelde unete😈💙 !Youtube | !roblox :3,"['vtuber', 'juegocondinero', 'insano', 'waza', 'calidad', 'AmAPreguntameloquequieras', 'Español', 'mijaeluwu']",[],False
2,2025-03-26 19:14,MrHugo,es,Minecraft,DROPS | CAPA ESPECIAL DE PELICULA DE MINECRAFT | VER DIRECTO 3 MINUTOS! |  Free CAPE | !drops !capa !cape,"['Español', 'minecraft', 'MINECRAFT', 'drops', 'Recompensasdeespectador']",[],False
2,2025-03-26 19:14,Cibergun,es,Minecraft,🎁DROPS MINECRAFT  - [24/7]🎁 🟥    Capa GRATIS || Free CAPE  - Java / Bedrock Edition - Con trucos y curiosidades de Minecraft !Cape !drop,"['Minecraft', 'drops', 'Drop', 'minecraft', 'capa', 'drops', 'cape', 'Español', 'Recompensasdeespectador']",[],False
2,2025-03-26 19:14,MarcusGreenm,es,VALORANT,ser valoplayer dificulta las relaciones amorosas? | !video !discord !playlist,"['preguntaloquequieras', 'Español', 'Roleplay', 'humor', 'valorant', 'vivan', 'los', 'gatitos']",[],False
2,2025-03-26 19:14,ikiimartin,es,VALORANT,"ESCUCHAME MIXWELL, ORO ES MAS DIFICIL QUE RADIANT || !ELO !SENS !CAMISETAS","['seguidores', 'Jugar', 'Andaluz', 'andalucía', 'Iki', 'Español', 'ikifurbo', 'IKIMARTIN', 'humor']",[],False
2,2025-03-26 19:14,TonitoNora,es,EA Sports FC 25,Abónate al 0-0 y evita el sufrimiento. | Competitivo TRANSFORMERS,['Español'],[],False
2,2025-03-26 19:14,ertristoni,es,EA Sports FC 25,𝐕𝐈𝐂𝐓𝐎𝐑𝐈𝐀𝐒 𝐄𝐍 𝐑𝐈𝐕𝐀𝐋𝐒 𝐂𝐎𝐍 𝐍𝐀𝐙𝐀𝐑𝐈𝐎 𝐄𝐕𝐎 + 𝐒𝐇𝐀𝐑𝐄 𝐏𝐋𝐀𝐘 💥𝙍𝙀𝘿𝙀𝙎: @ertristoni ❗Paypal ❗Cofres ❗Ventajas,"['Español', 'andaluz', 'EAsportsFC25', 'EASPORTS', 'fc25', 'eafc25', 'ultimateteam']",[],False
3,2025-03-26 20:01,Cibergun,es,Minecraft,🎁DROPS MINECRAFT  - [24/7]🎁 🟥    Capa GRATIS || Free CAPE  - Java / Bedrock Edition - Con trucos y curiosidades de Minecraft !Cape !drop,"['Minecraft', 'drops', 'Drop', 'minecraft', 'capa', 'drops', 'cape', 'Español', 'Recompensasdeespectador']",[],False
3,2025-03-26 20:01,mijaeluwu,es,ROBLOX,ando rebelde unete😈💙 !Youtube | !roblox :3,"['vtuber', 'juegocondinero', 'insano', 'waza', 'calidad', 'AmAPreguntameloquequieras', 'Español', 'mijaeluwu']",[],False
3,2025-03-26 20:01,crayne1,es,ROBLOX,SALUDAME SOY NUEVO,"['Español', 'robux', 'bloxfruits']",[],False
3,2025-03-26 20:01,CzarB__,es,Blood Strike,JUEGO/VEO LO QUE QUIERAS 100BITS/1SUB |🕶️👑| SORTEO 50 DÓLARES 29/03 ❗❗ | 439#,['Español'],[],False
3,2025-03-26 20:01,MrHugo,es,Minecraft,DROPS | CAPA ESPECIAL DE PELICULA DE MINECRAFT | VER DIRECTO 3 MINUTOS! |  Free CAPE | !drops !capa !cape,"['Español', 'minecraft', 'MINECRAFT', 'drops', 'Recompensasdeespectador']",[],False
3,2025-03-26 20:01,ViviVoxLive,es,Overwatch 2,"Furros unidos, jamas seran vencidos ( ๑ ˃̵ᴗ˂̵)و ♡","['Vtuber', 'Español', 'Perú', 'chicagamer', 'VTuberEnVivo', 'juegoespañol', 'VtuberLatina', 'VtuberenEspañol', 'overwatch', 'Fortnite']",[],False
3,2025-03-26 20:01,GeorgieRican,es,Marvel Rivals,(DROPS ACTIVADOS) RANK ETERNITY + TIPS DEL JUEGO 🗣️⚔️,"['Español', 'LatamStreamer', 'PuertoRican', 'LATAM', 'PuertoRico', 'latinoamerica', 'MarvelRivalsEspañol', 'MarvelRivalsGrandmaster', 'MarvelRivalsCelestial', 'DropsActivados']",[],False
3,2025-03-26 20:01,umaritooo,es,Overwatch 2,overwacho,"['Chile', 'TDAH', 'Mujer', 'kpop', 'Español', 'gaming', 'Latino', 'valorant', 'DropsActivados']",[],False
3,2025-03-26 20:01,JesuezSan130,es,Fortnite,¡Sorteo!||Código de EpicGames: JesuezSan||¿3.4K Yisuners?,['Español'],[],False
4,2025-03-26 20:11,Cibergun,es,Minecraft,🎁DROPS MINECRAFT  - [24/7]🎁 🟥    Capa GRATIS || Free CAPE  - Java / Bedrock Edition - Con trucos y curiosidades de Minecraft !Cape !drop,"['Minecraft', 'drops', 'Drop', 'minecraft', 'capa', 'drops', 'cape', 'Español', 'Recompensasdeespectador']",[],False
4,2025-03-26 20:11,mijaeluwu,es,ROBLOX,ando rebelde unete😈💙 !Youtube | !roblox :3,"['vtuber', 'juegocondinero', 'insano', 'waza', 'calidad', 'AmAPreguntameloquequieras', 'Español', 'mijaeluwu']",[],False
4,2025-03-26 20:11,CzarB__,es,Blood Strike,JUEGO/VEO LO QUE QUIERAS 100BITS/1SUB |🕶️👑| SORTEO 50 DÓLARES 29/03 ❗❗ | 439#,['Español'],[],False
4,2025-03-26 20:11,crayne1,es,ROBLOX,SALUDAME SOY NUEVO,"['Español', 'robux', 'bloxfruits']",[],False
4,2025-03-26 20:11,MrHugo,es,Minecraft,DROPS | CAPA ESPECIAL DE PELICULA DE MINECRAFT | VER DIRECTO 3 MINUTOS! |  Free CAPE | !drops !capa !cape,"['Español', 'minecraft', 'MINECRAFT', 'drops', 'Recompensasdeespectador']",[],False
4,2025-03-26 20:11,GutNun,es,League of Legends,¡Miércoles de Lolcito! Cáiganle a jugar mientras echamos chismecito <3 | !paypal !redes !discord,"['Español', 'LGBT', 'NIntendo', 'Mariokartplaying', 'SmashBrothersUltimate', 'portuguÊs', 'Nintendero', 'Chismecitos', 'ZeldaOcarinaofTime']",[],False
4,2025-03-26 20:11,empanadiita,es,League of Legends,6 horas para subir a CHALLENGER o me calveo,"['Español', 'Challenger', 'empanada', 'Jungla', 'ADC']",[],False
4,2025-03-26 20:11,jackygayming,es,League of Legends,acabando el pase de tft mas noche total war warhammer,"['trans', 'lgbtqa', 'androsexual', 'lgbtqai', 'Español']","['DebatedSocialIssuesAndPolitics', 'DrugsIntoxication', 'Gambling', 'ProfanityVulgarity', 'SexualThemes', 'ViolentGraphic']",False
4,2025-03-26 20:11,Fallen_IV4,es,League of Legends,RANKEDS GM UN RATO :D,"['LeagueOfLegends', 'Valorant', 'Colombia', 'Variedad', 'Perris', 'FallenIV', 'tactico', 'Español', 'Ranked']",[],False
5,2025-03-26 20:19,mijaeluwu,es,ROBLOX,ando rebelde unete😈💙 !Youtube | !roblox :3,"['vtuber', 'juegocondinero', 'insano', 'waza', 'calidad', 'AmAPreguntameloquequieras', 'Español', 'mijaeluwu']",[],False
5,2025-03-26 20:19,NoraKF_,es,Just Chatting,RAMADÁN DÍA 26 | !ramadan !discord !links,"['Español', 'girlgamers', 'muslimgirl', 'IRL', 'CharityStream', 'Ramadan', 'InclusiveCommunity']",[],False
5,2025-03-26 20:19,MrHugo,es,Minecraft,DROPS | CAPA ESPECIAL DE PELICULA DE MINECRAFT | VER DIRECTO 3 MINUTOS! |  Free CAPE | !drops !capa !cape,"['Español', 'minecraft', 'MINECRAFT', 'drops', 'Recompensasdeespectador']",[],False
5,2025-03-26 20:19,GutNun,es,League of Legends,¡Miércoles de Lolcito! Cáiganle a jugar mientras echamos chismecito <3 | !paypal !redes !discord,"['Español', 'LGBT', 'NIntendo', 'Mariokartplaying', 'SmashBrothersUltimate', 'portuguÊs', 'Nintendero', 'Chismecitos', 'ZeldaOcarinaofTime']",[],False
5,2025-03-26 20:19,xBOOSE100x,es,Sea of Thieves,drops obsidiana especiales 🎁 Trifulca en los mares  👒sorteo seguidores barco fenix y velas serpen !horas !velas,"['PVP', 'PVE', 'Jugandoconlosespectadores', 'español', 'latam', 'DropOn', 'charlando', 'PC', 'Multijugador', 'SeaOfThievesPartner']",[],False
5,2025-03-26 20:19,cilleke,es,League of Legends,SEGUIMOS INTENTANDO NO MORIR DEL ABURRIMIENTO EN NUESTRO PRIMER AÑO DE INVIERNO. STARDEW VALLEY Y LUEGO LOLSITO | !yt !redes,"['Español', 'LGTBQ', 'EspacioSeguro', 'Vegan', 'LGBT']",[],False
5,2025-03-26 20:19,BabzBMT,en,EA Sports FC 25,Jet2hoildays,['English'],[],False
5,2025-03-26 20:19,KyandSkyGaming,en,Fortnite,"$200 GIVEAWAY NOW OPEN TO ENTER!! 1,000 VBUCKS OR $15 EVERY 60K LIKES ON TIKTOK","['CoupleStreamer', 'Fortnite', 'Duos', 'FamilyFriendly', 'battleroyale', 'giveaway', 'tiktok', 'WinnerWinnerChickenDinner', 'PS5', 'calldofduty']",[],False
5,2025-03-26 20:19,ZayanJinn,en,Baldur's Gate 3,【HONOR】CHAT PICKS CHOICES EXTENSION🔥FIRE SORCERER 🔥 | !giveaway | RAMADAN KAREEM 🌙 | NO SPOILERS,"['Vtuber', 'English', 'ENVtuber', 'Ramadan', 'giveaway', 'MaleVtuber', 'InteractiveStream']",['MatureGame'],False
6,2025-03-26 20:30,Cibergun,es,Minecraft,🎁DROPS MINECRAFT  - [24/7]🎁 🟥    Capa GRATIS || Free CAPE  - Java / Bedrock Edition - Con trucos y curiosidades de Minecraft !Cape !drop,"['Minecraft', 'drops', 'Drop', 'minecraft', 'capa', 'drops', 'cape', 'Español', 'Recompensasdeespectador']",[],False
6,2025-03-26 20:30,NoraKF_,es,Just Chatting,RAMADÁN DÍA 26 | !ramadan !discord !links,"['Español', 'girlgamers', 'muslimgirl', 'IRL', 'CharityStream', 'Ramadan', 'InclusiveCommunity']",[],False
6,2025-03-26 20:30,mijaeluwu,es,ROBLOX,ando rebelde unete😈💙 !Youtube | !roblox :3,"['vtuber', 'juegocondinero', 'insano', 'waza', 'calidad', 'AmAPreguntameloquequieras', 'Español', 'mijaeluwu']",[],False
6,2025-03-26 20:30,CzarB__,es,VALORANT,JUEGO/VEO LO QUE QUIERAS 100BITS/1SUB |🕶️👑| SORTEO 50 DÓLARES 29/03 ❗❗ | 439#,['Español'],[],False
6,2025-03-26 20:30,crayne1,es,ROBLOX,SALUDAME SOY NUEVO,"['Español', 'robux', 'bloxfruits']",[],False
6,2025-03-26 20:30,MrHugo,es,Minecraft,DROPS | CAPA ESPECIAL DE PELICULA DE MINECRAFT | VER DIRECTO 3 MINUTOS! |  Free CAPE | !drops !capa !cape,"['Español', 'minecraft', 'MINECRAFT', 'drops', 'Recompensasdeespectador']",[],False
6,2025-03-26 20:30,MikiThomas,es,VALORANT,🧉MATES 🧉 RANKEDS 🧉POPURRI 🧉 R.E.P.O 🧉 !jugarperso !infoperso !popurri !redes !piña,"['valorant', 'arg', 'argentina', 'irl', 'riot', 'shooter', 'riotgames', 'Español', 'personalizadas']",[],False
6,2025-03-26 20:30,camiibby,es,League of Legends,HULA 👋🏼 OTP MAOKAI 🌳 | RANKEDS VOLVEMOS A ESMERALDA | !redes !ds,"['Español', 'leagueoflegends', 'lol', 'leagueoflegendsespañol']",[],False
6,2025-03-26 20:30,Vaalerin_Vzz,es,VALORANT,(+18)✨No quería ser esa mujer✨!io (Chat de voz) ✦ !sr (nombre de la canción) ✦ !comandos,"['colombia', 'mujer', 'jugandoconSeguidores', 'Latinoamérica', 'Español', 'valorant', 'English', 'StreamGames']",['ProfanityVulgarity'],False
7,2025-03-26 20:39,Cibergun,es,Minecraft,🎁DROPS MINECRAFT  - [24/7]🎁 🟥    Capa GRATIS || Free CAPE  - Java / Bedrock Edition - Con trucos y curiosidades de Minecraft !Cape !drop,"['Minecraft', 'drops', 'Drop', 'minecraft', 'capa', 'drops', 'cape', 'Español', 'Recompensasdeespectador']",[],False
7,2025-03-26 20:39,NoraKF_,es,Just Chatting,RAMADÁN DÍA 26 | !ramadan !discord !links,"['Español', 'girlgamers', 'muslimgirl', 'IRL', 'CharityStream', 'Ramadan', 'InclusiveCommunity']",[],False
7,2025-03-26 20:39,mijaeluwu,es,ROBLOX,ando rebelde unete😈💙 !Youtube | !roblox :3,"['vtuber', 'juegocondinero', 'insano', 'waza', 'calidad', 'AmAPreguntameloquequieras', 'Español', 'mijaeluwu']",[],False
7,2025-03-26 20:39,CzarB__,es,VALORANT,JUEGO/VEO LO QUE QUIERAS 100BITS/1SUB |🕶️👑| SORTEO 50 DÓLARES 29/03 ❗❗ | 439#,['Español'],[],False
7,2025-03-26 20:39,crayne1,es,ROBLOX,SALUDAME SOY NUEVO,"['Español', 'robux', 'bloxfruits']",[],False
7,2025-03-26 20:39,MrHugo,es,Minecraft,DROPS | CAPA ESPECIAL DE PELICULA DE MINECRAFT | VER DIRECTO 3 MINUTOS! |  Free CAPE | !drops !capa !cape,"['Español', 'minecraft', 'MINECRAFT', 'drops', 'Recompensasdeespectador']",[],False
7,2025-03-26 20:39,KyriotLive,es,Minecraft,El hombre tilteado en stream  - Buscando la doble diaria,"['Español', 'Recompensasdeespectador']",[],False
7,2025-03-26 20:39,danie_ct9,es,Minecraft,👑👑JUGANDO CON MI PC LIMPIA DE VIRUS👑👑| @danie_ct9 !ip !speak !jugar,"['Español', 'streamerpequeño', 'Minecraft', 'jugandoconseguidores', 'Survival', 'Chile', 'Argentina', 'Perú', 'universocraft', 'videojuegos']",[],False
7,2025-03-26 20:39,xbela_22,es,Just Chatting,Tarde de reacciones en compañíaaa I !reglas !discord !playlist,"['Colombia', 'Español', 'videojuegos', 'Multijugador', 'valorant', 'genshinimpact', 'roblox', 'marvelrivals', 'Fortnite', 'repo']",['ProfanityVulgarity'],False
8,2025-03-27 00:01,Cibergun,es,Minecraft,🎁DROPS MINECRAFT  - [24/7]🎁 🟥    Capa GRATIS || Free CAPE  - Java / Bedrock Edition - Con trucos y curiosidades de Minecraft !Cape !drop,"['Minecraft', 'drops', 'Drop', 'minecraft', 'capa', 'drops', 'cape', 'Español', 'Recompensasdeespectador']",[],False
8,2025-03-27 00:01,NoraKF_,es,EA Sports FC 25,RAMADÁN DÍA 26 | !ramadan !discord !links,"['Español', 'girlgamers', 'muslimgirl', 'IRL', 'CharityStream', 'Ramadan', 'InclusiveCommunity']",[],False
8,2025-03-27 00:01,crayne1,es,ROBLOX,SALUDAME SOY NUEVO,"['Español', 'robux', 'bloxfruits']",[],False
8,2025-03-27 00:01,GraveMortem,en,Sea of Thieves,Avast Ye Land Lubbers!,"['Ally', 'BeardedStreamer', 'VoiceActing', 'DarkHumour', 'English', 'SameBatTimeSame', 'FirstPlayThrough', 'DropsEnabled']",[],False
8,2025-03-27 00:01,chiquetemx,es,Minecraft,‼️DROPS‼️ 🚨CAPA GRATIS🚨 📌DIA 4📌 metimos a jennys mod al server🔥,"['Español', 'Tijuana', 'minecraftlivestremaing', 'Repetir', 'Mexico', 'Recompensasdeespectador']",[],True
8,2025-03-27 00:01,YoPopeie,es,Marvel Rivals,💜DROPS💜 🎁!SORTEO🎁 HOY SORTEAMOS SKINS🐐🔥 / Redes: @yopopeie_,"['Español', 'DropsActivados']",[],False
8,2025-03-27 00:01,ozkargm88,es,Gears 5,"Actitud nivel God, Hbilidad nivel Bot - Escuadron Sin Dedos","['Español', 'mancos', 'fondodebikini', 'México', 'Gears5', 'juegoconseguidores', 'juegos', 'juegos', 'juegosenespañol']",['MatureGame'],False
8,2025-03-27 00:01,Dozzma,es,Call of Duty: Warzone,"😎Ombliguito sin peluche, ¡ya te quiero tener Amax mailob!😎 ¡Jálate! | Rumbo al partner | !comandos !camos !amor !gamble",['Español'],['MatureGame'],False
8,2025-03-27 00:02,sei_sann,es,Just Chatting,"Ánimo gente, ya empezamos lo más difícil de la semana, sigue lo más cabrn y después lo más culro","['Español', 'justcchatting', 'charlando', 'Charlandoconelchat', 'México', 'Latinoamérica', 'chill']",[],False
9,2025-03-27 00:10,NoraKF_,es,EA Sports FC 25,RAMADÁN DÍA 26 | !ramadan !discord !links,"['Español', 'girlgamers', 'muslimgirl', 'IRL', 'CharityStream', 'Ramadan', 'InclusiveCommunity']",[],False
9,2025-03-27 00:10,Cibergun,es,Minecraft,🎁DROPS MINECRAFT  - [24/7]🎁 🟥    Capa GRATIS || Free CAPE  - Java / Bedrock Edition - Con trucos y curiosidades de Minecraft !Cape !drop,"['Minecraft', 'drops', 'Drop', 'minecraft', 'capa', 'drops', 'cape', 'Español', 'Recompensasdeespectador']",[],False
9,2025-03-27 00:11,crayne1,es,ROBLOX,SALUDAME SOY NUEVO,"['Español', 'robux', 'bloxfruits']",[],False
9,2025-03-27 00:11,GraveMortem,en,Sea of Thieves,Avast Ye Land Lubbers!,"['Ally', 'BeardedStreamer', 'VoiceActing', 'DarkHumour', 'English', 'SameBatTimeSame', 'FirstPlayThrough', 'DropsEnabled']",[],False
9,2025-03-27 00:11,chiquetemx,es,Minecraft,‼️DROPS‼️ 🚨CAPA GRATIS🚨 📌DIA 4📌 metimos a jennys mod al server🔥,"['Español', 'Tijuana', 'minecraftlivestremaing', 'Repetir', 'Mexico', 'Recompensasdeespectador']",[],True
9,2025-03-27 00:11,QueenGiii,es,Marvel Rivals,👑Se sube o no se subee? 7w7👑❗𝙧𝙚𝙙𝙚𝙨 / ❗𝙙𝙞𝙨𝙘𝙤𝙧𝙙 / ❗bt | (+18),"['Anime', 'Cosplay', 'Competitivo', 'Español', 'Argentina', 'México', 'Chile', 'Multiplayer', 'Drop', 'MarvelRivals']",['ProfanityVulgarity'],False
9,2025-03-27 00:11,TheMagmaBoi,es,Granny,Minecraft Saga #12 💀🌙 Secuestro Premeditado + STRP,['Español'],['ProfanityVulgarity'],False
9,2025-03-27 00:11,VanishedTwo,es,Minecraft,Sobreviviendo 100 Dias con Subs en Minecraft Hardcore Dia 9,"['MinecraftUltrahardcore', 'Español', 'minecraftbedrock', 'minecraftbedrock', 'minecrfattecnico', 'minecraftsurvival', 'Recompensasdeespectador']",[],False
9,2025-03-27 00:11,Larzock,es,Minecraft,CONSIGUIENDO LA MEJOR ARMADURA DE MINECRAFT HARDCORE | @larzock !tiktok !youtube !discord,"['Español', 'justcchatting', 'larzock', 'minecraftstream', 'minecraftJava', 'minecrafthardcore', 'Hardcore', 'Recompensasdeespectador']",[],False
10,2025-03-27 00:19,NoraKF_,es,EA Sports FC 25,RAMADÁN DÍA 26 | !ramadan !discord !links,"['Español', 'girlgamers', 'muslimgirl', 'IRL', 'CharityStream', 'Ramadan', 'InclusiveCommunity']",[],False
10,2025-03-27 00:19,Cibergun,es,Minecraft,🎁DROPS MINECRAFT  - [24/7]🎁 🟥    Capa GRATIS || Free CAPE  - Java / Bedrock Edition - Con trucos y curiosidades de Minecraft !Cape !drop,"['Minecraft', 'drops', 'Drop', 'minecraft', 'capa', 'drops', 'cape', 'Español', 'Recompensasdeespectador']",[],False
10,2025-03-27 00:19,crayne1,es,ROBLOX,SALUDAME SOY NUEVO,"['Español', 'robux', 'bloxfruits']",[],False
10,2025-03-27 00:19,GraveMortem,en,Sea of Thieves,Avast Ye Land Lubbers!,"['Ally', 'BeardedStreamer', 'VoiceActing', 'DarkHumour', 'English', 'SameBatTimeSame', 'FirstPlayThrough', 'DropsEnabled']",[],False
10,2025-03-27 00:19,chiquetemx,es,Minecraft,‼️DROPS‼️ 🚨CAPA GRATIS🚨 📌DIA 4📌 metimos a jennys mod al server🔥,"['Español', 'Tijuana', 'minecraftlivestremaing', 'Repetir', 'Mexico', 'Recompensasdeespectador']",[],True
10,2025-03-27 00:19,PhannySatoru,es,Call of Duty: Warzone,"Ya regresé, para irme otra vez (?)/ SUG GOAL: 13/50 / !wishlist, !speak, !ds, !id","['risa', 'mexicana', 'gamer', 'gamergirl', 'chicagamer', 'xbox', 'playstation', 'CDMX', 'Español']",['MatureGame'],False
10,2025-03-27 00:19,soybriixxz,es,Blood Strike,[EEUU] GALLITOS? | PVP Y COMPES | !Redes | !voz | !DC | CHILL 👽🤍,"['mujer', 'Latina', 'pvp', 'español', 'soybrixxz', 'compe', 'freefire', 'chill', 'Charlandoconelchat', 'Preguntaloquequieras']",['ProfanityVulgarity'],False
10,2025-03-27 00:19,Agustin736_,es,Standoff 2,HOY CONSIGO RANGO ¿me daran Elite? | !ds !miembros,['Español'],['MatureGame'],False
10,2025-03-27 00:19,Paulha_,es,Garena Free Fire,"💜Hazme llegar a Gran Maestro en DECLA antes de que termine la temporada  / Consejo del día: Ninguno, porque ya es de noche. 😂💜","['Español', 'FreeFireLatam', 'FREEFIRERANKED', 'freefirebooyah', 'freefiregamer', 'freefiremexico', 'FREEFIREDIVERTIDO', 'salas4vs4', 'Salasconseguidores', 'EEUU']",['MatureGame'],False
11,2025-03-27 00:31,Cibergun,es,Minecraft,🎁DROPS MINECRAFT  - [24/7]🎁 🟥    Capa GRATIS || Free CAPE  - Java / Bedrock Edition - Con trucos y curiosidades de Minecraft !Cape !drop,"['Minecraft', 'drops', 'Drop', 'minecraft', 'capa', 'drops', 'cape', 'Español', 'Recompensasdeespectador']",[],False
11,2025-03-27 00:31,CzarB__,es,R.E.P.O.,JUEGO/VEO LO QUE QUIERAS 100BITS/1SUB |🕶️👑| SORTEO 50 DÓLARES 29/03 ❗❗ | 440#,['Español'],[],False
11,2025-03-27 00:31,crayne1,es,ROBLOX,SALUDAME SOY NUEVO,"['Español', 'robux', 'bloxfruits']",[],False
11,2025-03-27 00:31,GraveMortem,en,Sea of Thieves,Avast Ye Land Lubbers!,"['Ally', 'BeardedStreamer', 'VoiceActing', 'DarkHumour', 'English', 'SameBatTimeSame', 'FirstPlayThrough', 'DropsEnabled']",[],False
11,2025-03-27 00:31,chiquetemx,es,Minecraft,‼️DROPS‼️ 🚨CAPA GRATIS🚨 📌DIA 4📌 metimos a jennys mod al server🔥,"['Español', 'Tijuana', 'minecraftlivestremaing', 'Repetir', 'Mexico', 'Recompensasdeespectador']",[],True
11,2025-03-27 00:31,PhannySatoru,es,Call of Duty: Warzone,"Ya regresé, para irme otra vez (?)/ SUG GOAL: 13/50 / !wishlist, !speak, !ds, !id","['risa', 'mexicana', 'gamer', 'gamergirl', 'chicagamer', 'xbox', 'playstation', 'CDMX', 'Español']",['MatureGame'],False
11,2025-03-27 00:31,tshmovement,en,Just Chatting,YURPPPPPP DAYS BE MOVING AND MOVING,"['funny', 'fyp', 'kai', 'English']",[],False
11,2025-03-27 00:31,WhosGregg_,en,Fortnite,A Lil Quickie,"['Jamaican', 'Gamer', 'Music', 'Funny', 'dinosaur', 'English']",['ProfanityVulgarity'],False
11,2025-03-27 00:31,chopkuya,en,Minecraft,⚠️ BRAIN ROT ASIAN! ⚠️ JOIN UP! ⚠️ MAD CONTENT! ⚠️ IM 6'4 ⚠️ SO MUCH TO DO! ⚠️ !tiktok !youtube !!discord,"['English', 'funny', 'Filipino', 'Asian', 'LOUD', 'gamer', 'Comedy', 'athlete', 'egirl', 'gamergirl']",['ProfanityVulgarity'],False
12,2025-03-27 04:02,Cibergun,es,Minecraft,🎁DROPS MINECRAFT  - [24/7]🎁 🟥    Capa GRATIS || Free CAPE  - Java / Bedrock Edition - Con trucos y curiosidades de Minecraft !Cape !drop,"['Minecraft', 'drops', 'Drop', 'minecraft', 'capa', 'drops', 'cape', 'Español', 'Recompensasdeespectador']",[],False
12,2025-03-27 04:02,MrHugo,es,Minecraft,DROPS | CAPA ESPECIAL DE PELICULA DE MINECRAFT | VER DIRECTO 3 MINUTOS! |  Free CAPE | !drops !capa !cape,"['Español', 'minecraft', 'MINECRAFT', 'drops', 'Recompensasdeespectador']",[],False
12,2025-03-27 04:02,Ache,es,Fortnite,FORTNITE HOY ME REGALA una COLABORACIÓN MUY GRANDE 😱,"['Español', 'Shooter', 'Fortnite', 'ache']",[],False
12,2025-03-27 04:02,10kitsune,en,Overwatch 2,Welcome to my Chaos! Sweaty Fortnite then we throw heals in OW XD,"['FPS', 'MMO', 'Multiplayer', 'English', 'Shooter', 'girlgamer', 'Canadian', 'DropsEnabled']",['ProfanityVulgarity'],False
12,2025-03-27 04:02,T3chnopanda,en,Marvel Rivals,(TWITCH DROPS ENABLED) WE GETTING BACK TO CELESTIAL! NEW BIT SOUND! 100 BITS ACTIVATES! POWER THROUGH POSITIVITY!,"['positive', 'chatty', 'love', 'English', 'DropsEnabled']",[],False
12,2025-03-27 04:02,jetblackbeat,es,Fortnite,pilín,"['Español', 'Latinoamérica', 'AnimeEnjoyer', 'ｖtuber', 'musiclover', 'felicesfiestas', 'naca', 'chistesmalosbeat']",[],False
12,2025-03-27 04:02,Nautilifts,en,Marvel Rivals,[!DROPS] MAUGA plays MARVEL RIVALS - NEW STREAM EMOTES!! // CELEST GRIND w/ @basimzb || long stream! - !discord !tiktok,"['English', 'chill', 'aura', 'mauga', 'Marvel', 'marvelrivals', 'DropsEnabled']",[],False
12,2025-03-27 04:02,umjee,en,Marvel Rivals,"[DROPS!] unc cooks on rivals, playing with viewers >:D come say hi !discord !lurk","['English', 'repo', 'Yapper', 'ADHD', 'Horror', 'cozy', 'eboy', 'DropsEnabled', 'marvelrivals', 'PlayingwithViewers']",[],False
12,2025-03-27 04:02,BasimZB,en,Marvel Rivals,[Drops] 🔴 #1 Bald DPS in the World 🔴#1 Starlord and #1 Hela 🔴  !rank !tts !commands,"['Competitive', 'English', 'DropsEnabled', 'educacional']",[],False
13,2025-03-27 04:13,Cibergun,es,Minecraft,🎁DROPS MINECRAFT  - [24/7]🎁 🟥    Capa GRATIS || Free CAPE  - Java / Bedrock Edition - Con trucos y curiosidades de Minecraft !Cape !drop,"['Minecraft', 'drops', 'Drop', 'minecraft', 'capa', 'drops', 'cape', 'Español', 'Recompensasdeespectador']",[],False
13,2025-03-27 04:13,MrHugo,es,Minecraft,DROPS | CAPA ESPECIAL DE PELICULA DE MINECRAFT | VER DIRECTO 3 MINUTOS! |  Free CAPE | !drops !capa !cape,"['Español', 'minecraft', 'MINECRAFT', 'drops', 'Recompensasdeespectador']",[],False
13,2025-03-27 04:13,Ache,es,Fortnite,FORTNITE HOY ME REGALA una COLABORACIÓN MUY GRANDE 😱,"['Español', 'Shooter', 'Fortnite', 'ache']",[],False
13,2025-03-27 04:13,10kitsune,en,Overwatch 2,Welcome to my Chaos! Sweaty Fortnite then we throw heals in OW XD,"['FPS', 'MMO', 'Multiplayer', 'English', 'Shooter', 'girlgamer', 'Canadian', 'DropsEnabled']",['ProfanityVulgarity'],False
13,2025-03-27 04:13,jetblackbeat,es,Fortnite,pilín,"['Español', 'Latinoamérica', 'AnimeEnjoyer', 'ｖtuber', 'musiclover', 'felicesfiestas', 'naca', 'chistesmalosbeat']",[],False
13,2025-03-27 04:13,Ikarogatari8B,es,ELDEN RING,"Un poco de Shadows, luego toca despedida vacacional del ieio",['Español'],['MatureGame'],False
13,2025-03-27 04:13,WolfneM,es,VALORANT,Dando el rol con Tokio || Cuenten su chisme || Pidan sus rolitas || Cuenten su chisme || Pidan sus rolitas,"['Español', 'eNgLiSh']",[],False
13,2025-03-27 04:13,Cr00n00x,es,Fortnite,⚠️🔴🇲🇽🥵👉¡¡ MIÉRCOLES DE TACOS  !!👈🥵🇲🇽🔴¡¿Cuántas cabras se requieren para pilotear un taco de lengua !?⚠️🔴|❗Redes,"['Multijugador', 'Actividades', 'JugandoConSeguidores', 'Variedad', 'Chatting', 'Multiplayer', 'Español', 'carreras', 'Carreras']",[],False
13,2025-03-27 04:13,PanPann2,es,Just Chatting,"Nc q hago || !dc, !voz para hablar. || Roleplay","['México', 'España', 'Perú', 'Chile', 'España', 'Español', 'USA', 'Colombia', 'Roleplay', 'ComplexCommunity']",[],False
14,2025-03-27 04:24,Cibergun,es,Minecraft,🎁DROPS MINECRAFT  - [24/7]🎁 🟥    Capa GRATIS || Free CAPE  - Java / Bedrock Edition - Con trucos y curiosidades de Minecraft !Cape !drop,"['Minecraft', 'drops', 'Drop', 'minecraft', 'capa', 'drops', 'cape', 'Español', 'Recompensasdeespectador']",[],False
14,2025-03-27 04:24,MrHugo,es,Minecraft,DROPS | CAPA ESPECIAL DE PELICULA DE MINECRAFT | VER DIRECTO 3 MINUTOS! |  Free CAPE | !drops !capa !cape,"['Español', 'minecraft', 'MINECRAFT', 'drops', 'Recompensasdeespectador']",[],False
14,2025-03-27 04:24,Ache,es,Fortnite,FORTNITE HOY ME REGALA una COLABORACIÓN MUY GRANDE 😱,"['Español', 'Shooter', 'Fortnite', 'ache']",[],False
14,2025-03-27 04:24,10kitsune,en,Overwatch 2,Welcome to my Chaos! Sweaty Fortnite then we throw heals in OW XD,"['FPS', 'MMO', 'Multiplayer', 'English', 'Shooter', 'girlgamer', 'Canadian', 'DropsEnabled']",['ProfanityVulgarity'],False
14,2025-03-27 04:24,jetblackbeat,es,Fortnite,pilín,"['Español', 'Latinoamérica', 'AnimeEnjoyer', 'ｖtuber', 'musiclover', 'felicesfiestas', 'naca', 'chistesmalosbeat']",[],False
14,2025-03-27 04:25,Ikarogatari8B,es,ELDEN RING,"Un poco de Shadows, luego toca despedida vacacional del ieio",['Español'],['MatureGame'],False
14,2025-03-27 04:25,0carolvega0,es,R.E.P.O.,y ese perro?,"['Español', 'Inglés', 'girl']",[],False
14,2025-03-27 04:25,des1tructor,es,Hollow Knight,"Siguiendo la historia de este bonito juego ""Hollow Knight"" en el Miercoles de Variedad :D !s para hablar","['Español', 'México', 'dbd', 'lol', 'ADC', 'chill', 'deadbbydaylight']",[],False
14,2025-03-27 04:25,ElOzzy_,es,FragPunk,VALO 2.0 xD !code !cofres !discord,"['insano', 'uwu', 'Español', 'mexicano', 'Vtuber']",[],False
15,2025-03-27 08:01,Cibergun,es,Minecraft,🎁DROPS MINECRAFT  - [24/7]🎁 🟥    Capa GRATIS || Free CAPE  - Java / Bedrock Edition - Con trucos y curiosidades de Minecraft !Cape !drop,"['Minecraft', 'drops', 'Drop', 'minecraft', 'capa', 'drops', 'cape', 'Español', 'Recompensasdeespectador']",[],False
15,2025-03-27 08:01,SrVnthony,es,Grand Theft Auto V,💎 GTA ONLINE PS4 💎 Cheteo y venta de cuentas | KDD | CarMeets | LS | Rutas | Carreras | Tradeos y Mucho más...,"['Español', 'PS5', 'PS4']",['MatureGame'],False
15,2025-03-27 08:01,Ache,es,Fortnite,FORTNITE HOY ME REGALA una COLABORACIÓN MUY GRANDE 😱,"['Español', 'Shooter', 'Fortnite', 'ache']",[],False
15,2025-03-27 08:01,MrHugo,es,Minecraft,DROPS | CAPA ESPECIAL DE PELICULA DE MINECRAFT | VER DIRECTO 3 MINUTOS! |  Free CAPE | !drops !capa !cape,"['Español', 'minecraft', 'MINECRAFT', 'drops', 'Recompensasdeespectador']",[],False
15,2025-03-27 08:01,EkoVT_,es,I'm Only Sleeping,Extensible 02/?? +18| !extensible !discord !redes !bits !cofres !ID,"['México', 'Español', 'Amistoso']",[],False
15,2025-03-27 08:01,LuToruVT,es,I'm Only Sleeping,"✨🍑EXTENSIBLE INFINITO, DIA 25✨🍑","['español', 'Monachina', 'Mexicana', 'mujer', 'Español', 'Cosplay', 'IRL']",['ProfanityVulgarity'],False
15,2025-03-27 08:01,DamSheik,es,Just Chatting,🗣️🚫 Pndejo Afonico En Stream 🗣️🚫l !ig !ssr !onlyfans @damsheik,"['Español', 'Mèxico', 'chill', 'Argentina', 'musica', 'nsqk', 'Jalisco', 'GDL', 'choucha', 'charlando']",[],False
15,2025-03-27 08:01,yaroko,es,Minecraft,La que busca encuentra ijuesushingadamadre,"['Español', 'capybara', 'México', 'Vtuber', 'Camionero', 'trapouwu', 'nuggets', 'Mujer', 'TDAH', 'Recompensasdeespectador']",[],False
15,2025-03-27 08:01,Daniloneano,es,VALORANT,Muevo la colacha por bits,['Español'],[],False
16,2025-03-27 08:12,Cibergun,es,Minecraft,🎁DROPS MINECRAFT  - [24/7]🎁 🟥    Capa GRATIS || Free CAPE  - Java / Bedrock Edition - Con trucos y curiosidades de Minecraft !Cape !drop,"['Minecraft', 'drops', 'Drop', 'minecraft', 'capa', 'drops', 'cape', 'Español', 'Recompensasdeespectador']",[],False
16,2025-03-27 08:12,SrVnthony,es,Grand Theft Auto V,💎 GTA ONLINE PS4 💎 Cheteo y venta de cuentas | KDD | CarMeets | LS | Rutas | Carreras | Tradeos y Mucho más...,"['Español', 'PS5', 'PS4']",['MatureGame'],False
16,2025-03-27 08:12,Ache,es,Fortnite,FORTNITE HOY ME REGALA una COLABORACIÓN MUY GRANDE 😱,"['Español', 'Shooter', 'Fortnite', 'ache']",[],False
16,2025-03-27 08:12,MrHugo,es,Minecraft,DROPS | CAPA ESPECIAL DE PELICULA DE MINECRAFT | VER DIRECTO 3 MINUTOS! |  Free CAPE | !drops !capa !cape,"['Español', 'minecraft', 'MINECRAFT', 'drops', 'Recompensasdeespectador']",[],False
16,2025-03-27 08:12,justylloret,es,League of Legends,Master 183LP pero en platino.,"['Español', 'de', 'España', 'Valheim', 'boy', 'Leaguesoflegends', 'maincraft', 'lol', 'fragpunk', 'repo']",[],False
16,2025-03-27 08:13,EkoVT_,es,I'm Only Sleeping,Extensible 02/?? +18| !extensible !discord !redes !bits !cofres !ID,"['México', 'Español', 'Amistoso']",[],False
16,2025-03-27 08:13,cone1996fc,es,EA Sports FC 25,RECOMPENSAS RIVALS + SEGUIMOS SUBIENDO CUENTAS,['Español'],[],False
16,2025-03-27 08:13,JoseCarrasco_98,es,Sports,EL NOTICIERO FANTASY | PREVIA DEL BARCELONA - OSASUNA DE LA JORNADA 27 | ME TOCA PEGAR CLAUSULAZOS EN MIS LIGAS,"['LaLiga', 'Fantasy', 'LaLigaFantasy', 'Noticiero', 'Informativo', 'Futbol', 'Juegos', 'Deportes', 'Noticias', 'Español']",[],False
16,2025-03-27 08:13,JuaniniLV,es,EA Sports FC 25,DIVISION ÉLITE RECOMPENSAS + COPA DREAMCHASERS !prime !camisetas !id | MONTAMOS EQUIPO FUT CHAMPIONS,"['charlando', 'español', 'deportes', 'Competitivo', 'fifa', 'futbol', 'Esports', 'Español', 'eafc25', 'FCPro']",[],False
17,2025-03-27 08:23,Cibergun,es,Minecraft,🎁DROPS MINECRAFT  - [24/7]🎁 🟥    Capa GRATIS || Free CAPE  - Java / Bedrock Edition - Con trucos y curiosidades de Minecraft !Cape !drop,"['Minecraft', 'drops', 'Drop', 'minecraft', 'capa', 'drops', 'cape', 'Español', 'Recompensasdeespectador']",[],False
17,2025-03-27 08:23,SrVnthony,es,Grand Theft Auto V,💎 GTA ONLINE PS4 💎 Cheteo y venta de cuentas | KDD | CarMeets | LS | Rutas | Carreras | Tradeos y Mucho más...,"['Español', 'PS5', 'PS4']",['MatureGame'],False
17,2025-03-27 08:23,Ache,es,Fortnite,FORTNITE HOY ME REGALA una COLABORACIÓN MUY GRANDE 😱,"['Español', 'Shooter', 'Fortnite', 'ache']",[],False
17,2025-03-27 08:23,MrHugo,es,Minecraft,DROPS | CAPA ESPECIAL DE PELICULA DE MINECRAFT | VER DIRECTO 3 MINUTOS! |  Free CAPE | !drops !capa !cape,"['Español', 'minecraft', 'MINECRAFT', 'drops', 'Recompensasdeespectador']",[],False
17,2025-03-27 08:23,justylloret,es,League of Legends,Master 183LP pero en platino.,"['Español', 'de', 'España', 'Valheim', 'boy', 'Leaguesoflegends', 'maincraft', 'lol', 'fragpunk', 'repo']",[],False
17,2025-03-27 08:23,EkoVT_,es,I'm Only Sleeping,Extensible 02/?? +18| !extensible !discord !redes !bits !cofres !ID,"['México', 'Español', 'Amistoso']",[],False
17,2025-03-27 08:23,JoJo954RR,ja,TEKKEN 8,【鉄拳8】三島カズヤは殴らない！第32話 新たな三島,"['鉄拳8', '対戦', '日本語', '雑談', 'English', '相互フォロー', '三島一八', '手元配信', 'レバレス', '誕生日']",[],True
17,2025-03-27 08:23,鬼塚やくも,ja,Street Fighter 6,Cラシード 今日も練とさせていただく,['日本語'],[],False
17,2025-03-27 08:23,るてん__,ja,Tom Clancy's Rainbow Six Siege,【R6S】Y10S1！SoloRank🦍シルバー昇格戦！,"['Vtuber', 'るてん', '日本語', '雑談', 'ad', 'ubisoftpartner']",['MatureGame'],False
18,2025-03-27 08:34,Cibergun,es,Minecraft,🎁DROPS MINECRAFT  - [24/7]🎁 🟥    Capa GRATIS || Free CAPE  - Java / Bedrock Edition - Con trucos y curiosidades de Minecraft !Cape !drop,"['Minecraft', 'drops', 'Drop', 'minecraft', 'capa', 'drops', 'cape', 'Español', 'Recompensasdeespectador']",[],False
18,2025-03-27 08:34,MrHugo,es,Minecraft,DROPS | CAPA ESPECIAL DE PELICULA DE MINECRAFT | VER DIRECTO 3 MINUTOS! |  Free CAPE | !drops !capa !cape,"['Español', 'minecraft', 'MINECRAFT', 'drops', 'Recompensasdeespectador']",[],False
18,2025-03-27 08:34,Ache,es,Fortnite,FORTNITE HOY ME REGALA una COLABORACIÓN MUY GRANDE 😱,"['Español', 'Shooter', 'Fortnite', 'ache']",[],False
18,2025-03-27 08:34,Andaluchino,es,VALORANT,La Sage más odiada de VALORANT - Inmortal - Luego CS2 | 3 CAJAS GRATIS Y SORTEO DE 200€ EN !CS2BIG | !redes,"['Asiático', 'Español', 'España', 'espanol', 'Rankeds', 'Coaching', 'Competitivo', 'didáctico', 'Asian']",[],False
18,2025-03-27 08:34,azulado_simplemente,es,ROBLOX,💙¿Nos hacemos amigos?💙Ven a jugar💙,"['Español', 'Minecraft', 'Roblox', 'BrawlStars', 'English', 'Fortnite', 'latinoespañol', 'SpanishAndEnglish', 'Anime']",[],False
18,2025-03-27 08:35,LaOsaa_,es,Fortnite,🐻✨FORTNITE✨🐻,['Español'],[],False
18,2025-03-27 08:35,293Project,ja,Minecraft,おうちがほしい【Minecraftマルチ】,"['棒人間', '日本語', '視聴者向け報酬']",[],False
18,2025-03-27 08:35,streameruniversitario,es,Minecraft,SORTEOS + 🍀DROPS🍀 | RECLAMA LA CAPA DE MINECRAFT + OTROS DROPS EN LOS PUNTOS @aris_sinpausa,"['Español', 'English', 'Recompensasdeespectador']",[],False
18,2025-03-27 08:35,EiMine77,pt,Minecraft,✅ RECOMPENSAS ON! | ⭐ SEJA RÁPIDO E GANHE UMA CAPA DE GRAÇA: !CAPA | 💘 INSTAGRAM: @EIMINE77 | !ajuda !rerun !sub !subgratis !loja,"['Minecraft', 'EiMine', 'Português', 'RecompensasEspetadores']",[],False
19,2025-03-27 12:01,Cibergun,es,Minecraft,🎁DROPS MINECRAFT  - [24/7]🎁 🟥    Capa GRATIS || Free CAPE  - Java / Bedrock Edition - Con trucos y curiosidades de Minecraft !Cape !drop,"['Minecraft', 'drops', 'Drop', 'minecraft', 'capa', 'drops', 'cape', 'Español', 'Recompensasdeespectador']",[],False
19,2025-03-27 12:01,SrVnthony,es,Grand Theft Auto V,💎 GTA ONLINE PS4 💎 Cheteo y venta de cuentas | KDD | CarMeets | LS | Rutas | Carreras | Tradeos y Mucho más...,"['Español', 'PS5', 'PS4']",['MatureGame'],False
19,2025-03-27 12:01,JoseteAlm,es,Sea of Thieves,🟢OBSIDIAN DROPS🐔Lanceros en la mar🐔ES|EN !discord !josetazo !redes,"['Español', 'English', 'aventura', 'PvP', 'JvJ', 'seaofthieves', 'drops', 'DropsActivados']",[],False
19,2025-03-27 12:01,MrHugo,es,Minecraft,DROPS | CAPA ESPECIAL DE PELICULA DE MINECRAFT | VER DIRECTO 3 MINUTOS! |  Free CAPE | !drops !capa !cape,"['Español', 'minecraft', 'MINECRAFT', 'drops', 'Recompensasdeespectador']",[],False
19,2025-03-27 12:01,MKimada,es,Overwatch 2,"[DROPS] Competitivas Support, aprende de mis errores | Día 346 sin ser baneado | !torneo !redes !socials @mkimada","['Español', 'autoconocimiento', 'drops', 'DropsActivados']",[],False
19,2025-03-27 12:01,AlatreusTV,es,ROBLOX,HOY EN DEAD RAILS: ESTOY ATRAPADO EN EL PEOR TREN DE ROBLOX Y NADIE VA A SALIR VIVO DE AQUÍ,"['Español', 'roblox']",[],False
19,2025-03-27 12:01,TresorArt,fr,League of Legends,[FR]- Games Viewer 💖 !discord !lovecheck pseudo !fish !top !elo !rs !smite !hype !gift,"['francais', 'dessin', 'tattoo', 'Evelynn', 'Fortnite', 'girl', 'gameuse', 'Français', 'sniper', 'Cosplay']",[],False
19,2025-03-27 12:01,Nelyaphe,fr,League of Legends,ça part en ARAM ! 🫧 | !social !tiktok,"['france', 'fr', 'leagueoflegends', 'french', 'chill', 'discussion', 'valorant', 'Français']",[],False
19,2025-03-27 12:01,Shinryna_,fr,Just Chatting,Coucou on discute et on va sur lol | Viens c'est chill par ici ! ✨,"['Français', 'streameuse', 'ARAM', 'girl', 'SoloQ', 'flex', 'duoq', 'waven', 'leagueoflegeneds', 'lol']",[],False
20,2025-03-27 12:12,Cibergun,es,Minecraft,🎁DROPS MINECRAFT  - [24/7]🎁 🟥    Capa GRATIS || Free CAPE  - Java / Bedrock Edition - Con trucos y curiosidades de Minecraft !Cape !drop,"['Minecraft', 'drops', 'Drop', 'minecraft', 'capa', 'drops', 'cape', 'Español', 'Recompensasdeespectador']",[],False
20,2025-03-27 12:12,SrVnthony,es,Grand Theft Auto V,💎 GTA ONLINE PS4 💎 Cheteo y venta de cuentas | KDD | CarMeets | LS | Rutas | Carreras | Tradeos y Mucho más...,"['Español', 'PS5', 'PS4']",['MatureGame'],False
20,2025-03-27 12:12,JoseteAlm,es,Sea of Thieves,🟢OBSIDIAN DROPS🐔Lanceros en la mar🐔ES|EN !discord !josetazo !redes,"['Español', 'English', 'aventura', 'PvP', 'JvJ', 'seaofthieves', 'drops', 'DropsActivados']",[],False
20,2025-03-27 12:12,MrHugo,es,Minecraft,DROPS | CAPA ESPECIAL DE PELICULA DE MINECRAFT | VER DIRECTO 3 MINUTOS! |  Free CAPE | !drops !capa !cape,"['Español', 'minecraft', 'MINECRAFT', 'drops', 'Recompensasdeespectador']",[],False
20,2025-03-27 12:12,elyeti988,es,Fortnite,🔥¡¡PAYASOS JUEGAN FORTNITE OG☠️|| ENTRA Y JUEGA CON NOSOTROS ||ESTAMOS LOCOS|| PÁSATE Y TE SACUDO,"['Español', 'DIVERSION', 'STREAMER', 'RANKEDS', 'fortniteog']",[],False
20,2025-03-27 12:12,MKimada,es,Overwatch 2,"[DROPS] Competitivas Support, aprende de mis errores | Día 346 sin ser baneado | !torneo !redes !socials @mkimada","['Español', 'autoconocimiento', 'drops', 'DropsActivados']",[],False
20,2025-03-27 12:12,lady_jugadas,es,Overwatch 2,"Jugando un ratillo a ow2, luego quizás REPO","['Español', 'DropsActivados']",['ProfanityVulgarity'],False
20,2025-03-27 12:12,DingoVerde,es,Overwatch 2,[Dropss Activos] // Dispuestos a perder ^^,"['Charlandoconelchat', 'MainSupport', 'Español', 'Overｗatch2', 'Castellano', 'PrimerJuego', 'Jugarconespectadores', 'drops', 'DropsActivados']",['ProfanityVulgarity'],False
20,2025-03-27 12:13,Voisse_,es,Overwatch 2,[EN/ES] 💉 Main supp | THE PRA-TA-TA 🥔| @Voisse_ !song !redes !streamloots,"['Voisse', 'Patata', 'Español', 'Shooter', 'FPS', 'Support', 'Overwatch', 'Overwatch2', 'Healer', 'DropsActivados']",[],False
21,2025-03-27 12:20,Cibergun,es,Minecraft,🎁DROPS MINECRAFT  - [24/7]🎁 🟥    Capa GRATIS || Free CAPE  - Java / Bedrock Edition - Con trucos y curiosidades de Minecraft !Cape !drop,"['Minecraft', 'drops', 'Drop', 'minecraft', 'capa', 'drops', 'cape', 'Español', 'Recompensasdeespectador']",[],False
21,2025-03-27 12:21,SrVnthony,es,Grand Theft Auto V,💎 GTA ONLINE PS4 💎 Cheteo y venta de cuentas | KDD | CarMeets | LS | Rutas | Carreras | Tradeos y Mucho más...,"['Español', 'PS5', 'PS4']",['MatureGame'],False
21,2025-03-27 12:21,JoseteAlm,es,Sea of Thieves,🟢OBSIDIAN DROPS🐔Lanceros en la mar🐔ES|EN !discord !josetazo !redes,"['Español', 'English', 'aventura', 'PvP', 'JvJ', 'seaofthieves', 'drops', 'DropsActivados']",[],False
21,2025-03-27 12:21,MrHugo,es,Minecraft,DROPS | CAPA ESPECIAL DE PELICULA DE MINECRAFT | VER DIRECTO 3 MINUTOS! |  Free CAPE | !drops !capa !cape,"['Español', 'minecraft', 'MINECRAFT', 'drops', 'Recompensasdeespectador']",[],False
21,2025-03-27 12:21,elyeti988,es,Fortnite,🔥¡¡PAYASOS JUEGAN FORTNITE OG☠️|| ENTRA Y JUEGA CON NOSOTROS ||ESTAMOS LOCOS|| PÁSATE Y TE SACUDO,"['Español', 'DIVERSION', 'STREAMER', 'RANKEDS', 'fortniteog']",[],False
21,2025-03-27 12:21,MKimada,es,Overwatch 2,"[DROPS] Competitivas Support, aprende de mis errores | Día 346 sin ser baneado | !torneo !redes !socials @mkimada","['Español', 'autoconocimiento', 'drops', 'DropsActivados']",[],False
21,2025-03-27 12:21,viizzzm,es,VALORANT,DUO VITYSHOW ROAD TO RADIANT O HIEROO y luego RUST EVENTO GOD,"['Español', 'shooters', 'Competitivo', 'valorant', 'Esports']",[],False
21,2025-03-27 12:21,elcapuchass,es,Just Chatting,WALK IN WARDROBE !discord,"['Español', 'valorant', 'elcapuchas', 'capu', 'Guapo']",[],False
21,2025-03-27 12:21,LaOsaa_,es,Fortnite,🐻✨FORTNITE✨🐻,['Español'],[],False
22,2025-03-27 12:31,Cibergun,es,Minecraft,🎁DROPS MINECRAFT  - [24/7]🎁 🟥    Capa GRATIS || Free CAPE  - Java / Bedrock Edition - Con trucos y curiosidades de Minecraft !Cape !drop,"['Minecraft', 'drops', 'Drop', 'minecraft', 'capa', 'drops', 'cape', 'Español', 'Recompensasdeespectador']",[],False
22,2025-03-27 12:31,SrVnthony,es,Grand Theft Auto V,💎 GTA ONLINE PS4 💎 Cheteo y venta de cuentas | KDD | CarMeets | LS | Rutas | Carreras | Tradeos y Mucho más...,"['Español', 'PS5', 'PS4']",['MatureGame'],False
22,2025-03-27 12:31,JoseteAlm,es,Sea of Thieves,🟢OBSIDIAN DROPS🐔Lanceros en la mar🐔ES|EN !discord !josetazo !redes,"['Español', 'English', 'aventura', 'PvP', 'JvJ', 'seaofthieves', 'drops', 'DropsActivados']",[],False
22,2025-03-27 12:31,MrHugo,es,Minecraft,DROPS | CAPA ESPECIAL DE PELICULA DE MINECRAFT | VER DIRECTO 3 MINUTOS! |  Free CAPE | !drops !capa !cape,"['Español', 'minecraft', 'MINECRAFT', 'drops', 'Recompensasdeespectador']",[],False
22,2025-03-27 12:32,elyeti988,es,Fortnite,🔥¡¡PAYASOS JUEGAN FORTNITE OG☠️|| ENTRA Y JUEGA CON NOSOTROS ||ESTAMOS LOCOS|| PÁSATE Y TE SACUDO,"['Español', 'DIVERSION', 'STREAMER', 'RANKEDS', 'fortniteog']",[],False
22,2025-03-27 12:32,MKimada,es,Overwatch 2,"[DROPS] Competitivas Support, aprende de mis errores | Día 346 sin ser baneado | !torneo !redes !socials @mkimada","['Español', 'autoconocimiento', 'drops', 'DropsActivados']",[],False
22,2025-03-27 12:32,AdamG157,en,Miniatures & Models,Chilled Painting Stream. Grab your chimichanga and join me for more work on Deadpool !spotlight !discord !pcg,"['LGBTQIA', 'Bisexual', 'English', 'Chilled', 'NoBackseating']",[],False
22,2025-03-27 12:32,jeany_bean,en,Co-working & Studying,[18+] ✨Study with meee✨working on my thesis‼️🌸🤠,"['chill', 'girl', 'Nederlands', 'English', 'Chatty', 'Shrek', 'European', 'studywithme']",['ProfanityVulgarity'],False
22,2025-03-27 12:32,xbeeebs,en,Art,We gonna try some art today chile | !daily !commission !hi,"['English', 'Casual', 'Caribbean', 'artist', 'SafeSpace', 'Black', 'Cozy', 'cozystreamer', 'LurkerFriendly']",[],False
23,2025-03-27 12:42,Cibergun,es,Minecraft,🎁DROPS MINECRAFT  - [24/7]🎁 🟥    Capa GRATIS || Free CAPE  - Java / Bedrock Edition - Con trucos y curiosidades de Minecraft !Cape !drop,"['Minecraft', 'drops', 'Drop', 'minecraft', 'capa', 'drops', 'cape', 'Español', 'Recompensasdeespectador']",[],False
23,2025-03-27 12:42,SrVnthony,es,Grand Theft Auto V,💎 GTA ONLINE PS4 💎 Cheteo y venta de cuentas | KDD | CarMeets | LS | Rutas | Carreras | Tradeos y Mucho más...,"['Español', 'PS5', 'PS4']",['MatureGame'],False
23,2025-03-27 12:42,JoseteAlm,es,Sea of Thieves,🟢OBSIDIAN DROPS🐔Lanceros en la mar🐔ES|EN !discord !josetazo !redes,"['Español', 'English', 'aventura', 'PvP', 'JvJ', 'seaofthieves', 'drops', 'DropsActivados']",[],False
23,2025-03-27 12:42,MrHugo,es,Minecraft,DROPS | CAPA ESPECIAL DE PELICULA DE MINECRAFT | VER DIRECTO 3 MINUTOS! |  Free CAPE | !drops !capa !cape,"['Español', 'minecraft', 'MINECRAFT', 'drops', 'Recompensasdeespectador']",[],False
23,2025-03-27 12:42,elyeti988,es,Fortnite,🔥¡¡PAYASOS JUEGAN FORTNITE OG☠️|| ENTRA Y JUEGA CON NOSOTROS ||ESTAMOS LOCOS|| PÁSATE Y TE SACUDO,"['Español', 'DIVERSION', 'STREAMER', 'RANKEDS', 'fortniteog']",[],False
23,2025-03-27 12:43,MKimada,es,Overwatch 2,"[DROPS] Competitivas Support, aprende de mis errores | Día 346 sin ser baneado | !torneo !redes !socials @mkimada","['Español', 'autoconocimiento', 'drops', 'DropsActivados']",[],False
23,2025-03-27 12:43,iskall85,en,Minecraft,[DROPS] UNIQUE SHOWCASE & BOSS VAULT! | !bisect !vh,"['English', 'minecraft', 'iskall85', 'vaulthunters', 'drops', 'ViewerRewards']",[],False
23,2025-03-27 12:43,ChosenArchitect,en,Minecraft,TCG SMP | Day 17 | This Will Be FOR AE2 !tcg,"['Chosen', 'BackseatingAllowed', 'English', 'technology', 'Automation', 'development', 'building', 'survival', 'smp', 'TCGSMP']",[],False
23,2025-03-27 12:43,NAROY,fr,Minecraft,⭐️ [ DROP CAPE ] CAPTURER LE WARDEN ? HARDCORE JOUR 11 000 IG ou 407 IRL  EN 1.21.4⭐️ !HOLZKERN  !SUB !PROJET !SUBGOAL #AD,"['Français', 'minecraft', 'Récompensesspectateur']",[],False
28,2025-03-27 20:01,NoraKF_,es,Kahoot!,RAMADÁN DÍA 27 | !ramadan !discord !links,"['Español', 'girlgamers', 'muslimgirl', 'IRL', 'CharityStream', 'Ramadan', 'InclusiveCommunity']",[],False
28,2025-03-27 20:01,Cibergun,es,Minecraft,🎁DROPS MINECRAFT  - [24/7]🎁 🟥    Capa GRATIS || Free CAPE  - Java / Bedrock Edition - Con trucos y curiosidades de Minecraft !Cape !drop,"['Minecraft', 'drops', 'Drop', 'minecraft', 'capa', 'drops', 'cape', 'Español']",[],False
28,2025-03-27 20:01,xZieds,es,Marvel Rivals,Eternity Strategist Ranks -  !rank !s,"['FPS', 'Español', 'Competitivo', 'Pro', 'eternity', 'OnesAboveAll', 'marvelrivals', 'DropsEnabled', 'support', 'strategist']",[],False
28,2025-03-27 20:01,PlanetaTaranis,es,War Robots: Frontiers,¡APOYA A UN CREADOR! WAR ROBOTS FRONTIERS☝🏼️😌  //  Gracias My.games Content Creator Program @planetataranis,"['Español', 'Juegos', 'Noticias', 'Estrenos', 'Drops']",[],False
28,2025-03-27 20:01,ZeerooTV,es,ROBLOX,🍉🌞FELIIIZZZ JUEVES PARA TODOS🎮 / ANDO ENFERMO🤒🍉@zeerootv | ❗ds ❗roblox ❗redes ❗fortnite ❗reglas,"['Argentina', 'Español', 'pngtuber', 'VtuberES', 'Vtuber', 'Perú', 'Chile', 'Mexico', 'España', 'extensible']",[],False
28,2025-03-27 20:01,J_perseverance,es,Rust,🌵 #RUSTWESTERN CON 200 STREAMERS 🤠¿ SERÉ EL MÁS RAPIDO DEL VIEJO OESTE? JOHN WELLS #1,"['Español', 'mallorca', 'jperseverance', 'rustwestern']",['MatureGame'],False
28,2025-03-27 20:01,AsunaKib,es,Fortnite,Privadas contigo🍭/Champ❤️/Khal🧸 Kibu el mejor ❤️ Deva la naca,"['warzone', 'videogames', 'forninte', 'justcchatting', 'Español']",[],False
28,2025-03-27 20:01,mijaeluwu,es,ROBLOX,aprendí a usar mi capacidad intelectual😈quieres ver?🔥 !Youtube | !roblox :3,"['vtuber', 'juegocondinero', 'insano', 'waza', 'calidad', 'AmAPreguntameloquequieras', 'Español', 'mijaeluwu']",[],False
28,2025-03-27 20:01,SAUSHOCK,es,ROBLOX,TRALALERO TRALALA !roblox🐵🐹,"['Español', 'roblox', 'capibara', 'mexico', 'capybara', 'minecraft', 'fortnite', 'carpincho', 'bautista', 'jeje']",[],False
29,2025-03-27 20:10,NoraKF_,es,Kahoot!,RAMADÁN DÍA 27 | !ramadan !discord !links,"['Español', 'girlgamers', 'muslimgirl', 'IRL', 'CharityStream', 'Ramadan', 'InclusiveCommunity']",[],False
29,2025-03-27 20:10,xZieds,es,Marvel Rivals,Eternity Strategist Ranks -  !rank !s,"['FPS', 'Español', 'Competitivo', 'Pro', 'eternity', 'OnesAboveAll', 'marvelrivals', 'DropsEnabled', 'support', 'strategist']",[],False
29,2025-03-27 20:10,PlanetaTaranis,es,War Robots: Frontiers,¡APOYA A UN CREADOR! WAR ROBOTS FRONTIERS☝🏼️😌  //  Gracias My.games Content Creator Program @planetataranis,"['Español', 'Juegos', 'Noticias', 'Estrenos', 'Drops']",[],False
29,2025-03-27 20:10,ZeerooTV,es,ROBLOX,🍉🌞FELIIIZZZ JUEVES PARA TODOS🎮 / ANDO ENFERMO🤒🍉@zeerootv | ❗ds ❗roblox ❗redes ❗fortnite ❗reglas,"['Argentina', 'Español', 'pngtuber', 'VtuberES', 'Vtuber', 'Perú', 'Chile', 'Mexico', 'España', 'extensible']",[],False
29,2025-03-27 20:11,J_perseverance,es,Rust,🌵 #RUSTWESTERN CON 200 STREAMERS 🤠¿ SERÉ EL MÁS RAPIDO DEL VIEJO OESTE? JOHN WELLS #1,"['Español', 'mallorca', 'jperseverance', 'rustwestern']",['MatureGame'],False
29,2025-03-27 20:11,IkiLive_,es,Marvel Rivals,🌺DROPS ON🌺PRÓXIMAMENTE MINI PASE  EN MARVEL RIVALS 🚨CÓDIGO DE CREADOR IKILIVE 🚨 | !Suerte !sorteo !redes,"['Español', 'Repetir', 'marvelrivals', 'marvel', 'Español', 'DropsActivados']",[],False
29,2025-03-27 20:11,lorraynee__,es,Just Chatting,telecentro te odio,"['Español', 'porro', 'Argentina', 'Mujer', 'Repetir', 'MayoresDe18']","['DebatedSocialIssuesAndPolitics', 'DrugsIntoxication', 'SexualThemes', 'ViolentGraphic']",True
29,2025-03-27 20:11,pela_dego,es,Counter-Strike,"UN TIRO, UN PELO !redes !ds !pc","['Español', 'Argentina', 'chill', '1v1', 'Competitivo', 'Latinoamérica']",['MatureGame'],False
29,2025-03-27 20:11,todocs2,es,Counter-Strike,✅DESERT EAGLE ENJOYER POR LAS CALLES DE PREMIER✅ !SORTEO !SORTEOKEY !KEYDROP,"['España', 'Español', 'CS2']",['MatureGame'],False
30,2025-03-27 20:18,xZieds,es,Marvel Rivals,Eternity Strategist Ranks -  !rank !s,"['FPS', 'Español', 'Competitivo', 'Pro', 'eternity', 'OnesAboveAll', 'marvelrivals', 'DropsEnabled', 'support', 'strategist']",[],False
30,2025-03-27 20:18,MrHugo,es,Minecraft,DROPS | CAPA ESPECIAL DE PELICULA DE MINECRAFT | VER DIRECTO 3 MINUTOS! |  Free CAPE | !drops !capa !cape,"['Español', 'minecraft', 'MINECRAFT', 'drops']",[],False
30,2025-03-27 20:18,YoPopeie,es,Marvel Rivals,💜DROPS💜 🎁!SORTEO🎁 HOY SORTEAMOS SKINS🐐🔥 / Redes: @yopopeie_,"['Español', 'DropsActivados']",[],False
30,2025-03-27 20:18,PlanetaTaranis,es,War Robots: Frontiers,¡APOYA A UN CREADOR! // WAR ROBOTS FRONTIERS☝🏼️😌  //  Gracias My.games Content Creator Program @planetataranis,"['Español', 'Juegos', 'Noticias', 'Estrenos', 'Drops', 'Códigospromocionales', 'Shooter']",[],False
30,2025-03-27 20:18,J_perseverance,es,Rust,🌵 #RUSTWESTERN CON 200 STREAMERS 🤠¿ SERÉ EL MÁS RAPIDO DEL VIEJO OESTE? JOHN WELLS #1,"['Español', 'mallorca', 'jperseverance', 'rustwestern']",['MatureGame'],False
30,2025-03-27 20:18,ZeerooTV,es,ROBLOX,🍉🌞FELIIIZZZ JUEVES PARA TODOS🎮 / ANDO ENFERMO🤒🍉@zeerootv | ❗ds ❗roblox ❗redes ❗fortnite ❗reglas,"['Argentina', 'Español', 'pngtuber', 'VtuberES', 'Vtuber', 'Perú', 'Chile', 'Mexico', 'España', 'extensible']",[],False
30,2025-03-27 20:19,JalensWorld_,en,Just Chatting,✿𝐃𝐎𝐋𝐋𝐀𝐙 𝐀𝐋𝐋 𝐓𝐇𝐄 𝐖𝐀𝐘 𝐋𝐈𝐕𝐄📣|𝐓𝐘𝐏𝐄 𝐆𝐈𝐆 𝐒𝐙𝐍' 𝟐𝟓|જ⁀➴ ♡𝐕𝐀𝐑𝐈𝐄𝐓𝐘 𝐎𝐅 𝐆𝐀𝐌𝐄𝐒 + 𝐑𝐄𝐀𝐂𝐓𝐈𝐎𝐍𝐒🎧|𝐌𝐀𝐑𝐂𝐇 𝐒𝐔𝐁 𝐆𝐎𝐀𝐋-𝟐𝟓𝟎𝟎🐣!𝐬𝐮𝐛𝐬 !𝐫𝐞𝐝𝐝𝐢𝐭,"['English', 'JalensWorld', 'Funny', 'Pretty', 'BabyDollaz']","['DrugsIntoxication', 'ProfanityVulgarity', 'ViolentGraphic']",False
30,2025-03-27 20:19,carmen,en,inZOI,🎀INZOI RELEASE DAY!🎀 GIRL MOM ERA,"['English', 'rp', 'cringe', 'woman', 'toxic']",[],False
30,2025-03-27 20:19,Xmiramira,en,inZOI,[EARLY ACCESS GAMEPLAY] BABY TIME! Family (I'll Try) Gameplay !canvas !zoi 👶🏾,"['English', 'Black', 'AfricanAmerican', 'Variety', 'simulation']",[],False
31,2025-03-28 00:01,puumii_,es,Just Chatting,[ARG/ES] ¿HOY LLEGAMOS A LOS 1600 SEGUIDORES? !ds !s !followage FOLLOW = BAILE,"['HUMOR', 'Español', 'psicologia', 'jugandoconseguidores', 'meme', 'bailemos', 'hopecore', 'tilteandogente', 'molestandogente', 'terror']",[],False
31,2025-03-28 00:01,chrixs_11,es,Just Chatting,|| EXTENSIBLE DÍA 5 RAID=7 FOLLOW=10 SUB=20 100BITS=25 || !raid !ig !canal,"['Latam', 'Español', 'guatamala', 'argentína', 'Paraguay', 'CostaRica', 'Panamá', 'México', 'España', 'Colombia']",[],False
31,2025-03-28 00:01,Vaturox,es,Stray,[TJ] [VtuberES] MICHITUROX EN UNA NUEVA AVENTURA [1613/1800] !speak !discord !codigo,['Español'],[],False
31,2025-03-28 00:01,hondusa86,es,Fortnite,privadas si ganamos 4 consecutivas,"['fortnitegaminglive', 'hondurasstream', 'España', 'Español', 'ForniteLatinoamerica', 'ForniteLivestream', 'forniteenespañol', 'FORTNITEMEXICO', 'Honduras']",[],False
31,2025-03-28 00:01,MistyyVT,es,R.E.P.O.,EP. 56 ❀  Modo SUPER CUTE  |𓆩❤️𓆪 TyM @MistyyVT | !discord 🍰♡ ༘*.ﾟ🧸🎀,"['valorant', 'vtuber', 'mexico', 'Español', 'gamergirl', 'Ｖｔｕｂｅｒ']",['ViolentGraphic'],False
31,2025-03-28 00:01,Chovistyle,es,Fortnite,🔥 YA LLEGARON LOS FEMBOYS 🔥 !Followers 1376/1380 !Onlyfans !MeCabe !MeMide !MePesa !Sr,"['Español', 'Mexico', 'VTuber', 'NecoArc', 'Furry', 'Femboy', 'Ella', 'LGBT', 'LGBTQIA', 'Fortnite']",[],False
31,2025-03-28 00:01,iDrakho,es,Grand Theft Auto V,Ola papa asaltando bancos uwu,['Español'],['MatureGame'],False
31,2025-03-28 00:01,AmaDeeuz,es,Just Chatting,TE VIENES O TE HAGO VENIR 👻,"['Español', 'elmariana', 'rivers', 'crystalmolly', 'roblox', 'Anime', 'humor', 'Fortnite', 'minecraft', 'elded']",[],False
31,2025-03-28 00:02,droid_sg,es,Just Chatting,😎🐱‍👤pasa aplaticar un rato  jugando  con seguidores  😎charlas😎 😎raza😎 😎en pc😎,"['Español', 'México', 'Charlas', 'Minccraft', 'mortalkombat11', 'Gears5', 'warzonecodcallofduty', 'terrorextremo', 'robloxgamers', 'TerrorGamer']",[],False
32,2025-03-28 00:09,puumii_,es,Just Chatting,[ARG/ES] ¿HOY LLEGAMOS A LOS 1600 SEGUIDORES? !ds !s !followage FOLLOW = BAILE,"['HUMOR', 'Español', 'psicologia', 'jugandoconseguidores', 'meme', 'bailemos', 'hopecore', 'tilteandogente', 'molestandogente', 'terror']",[],False
32,2025-03-28 00:09,Javiert76,es,Fortnite,❤️‍🔥🌚NOCHE DE FORTINAITI FORTNITE Y OVER XD🌚 !DISCORD💋,"['Español', 'México', 'jugandoconseguidores', 'overwatch2', 'roblox', 'Vtuber', 'justcchatting', 'Repetir', 'fortinte', 'HonkaiStarRail']",[],False
32,2025-03-28 00:09,OliverEBC,es,VALORANT,DUOQ CON RUBEN | !onlyfans !redes !discord !ig !id !yt !inf,"['Argentina', 'OliverEBC', 'Valorant', 'Mexico', 'Latinoamerica', 'Español', 'Inglés', 'English', 'valorant', 'Colombia']",[],False
32,2025-03-28 00:10,LuToruVT,es,Fortnite,"✨🍑EXTENSIBLE INFINITO, DIA 24✨🍑","['español', 'Monachina', 'Mexicana', 'mujer', 'Español', 'Cosplay', 'IRL']",['ProfanityVulgarity'],False
32,2025-03-28 00:10,CursedFiber78,es,Overwatch 2,🎁DROPS 5 LOOTBOXES🎁🏹FREJA🏹💥🕊️🟠!FACEIT PARA UNIRTE AL CLUB🟠🕊️👴👴NO SON TANTOS ANUCIOS NO MAME💎REDES:@CursedFiber78,"['Español', 'malabarista', 'drops', 'tupapá', 'Elmejorstreamerdelmundo', 'OverwatchRanked', 'ElmejorREAPER', 'tortilla', 'DropsActivados']",[],False
32,2025-03-28 00:10,chrixs_11,es,Just Chatting,|| EXTENSIBLE DÍA 5 RAID=7 FOLLOW=10 SUB=20 100BITS=25 || !raid !ig !canal,"['Latam', 'Español', 'guatamala', 'argentína', 'Paraguay', 'CostaRica', 'Panamá', 'México', 'España', 'Colombia']",[],False
32,2025-03-28 00:10,PippaGo,es,Marvel Rivals,👠DR0PS ACTIVADOS!!👠 TARDE DE CHICAS EN MARVEL RIVALS 💅👄,"['Español', 'marvelrivals', 'marvelrivalsgameplay', 'México', 'streamenespañol', 'mujergamer', 'mexicana', 'marvel', 'chicagamer', 'DropsActivados']",[],False
32,2025-03-28 00:10,NektaGG,es,Forgotten Playland,[DROPS✅] HOY SALE FORGOTTEN PLAYLAND !ad 🔥 MARVEL RIVALS COACHING ACÁ !patreon --> Nekta Marvel Rivals en YT | VISITÁ nekta.gg !,"['Overwatch', 'FPS', 'Español']",[],False
32,2025-03-28 00:10,T3chnopanda,en,Marvel Rivals,(TWITCH DROPS ENABLED) WE GETTING BACK TO CELESTIAL! NEW BIT SOUND! 100 BITS ACTIVATES! POWER THROUGH POSITIVITY!,"['positive', 'chatty', 'love', 'English', 'DropsEnabled']",[],False
33,2025-03-28 00:19,puumii_,es,Just Chatting,[ARG/ES] ¿HOY LLEGAMOS A LOS 1600 SEGUIDORES? !ds !s !followage FOLLOW = BAILE,"['HUMOR', 'Español', 'psicologia', 'jugandoconseguidores', 'meme', 'bailemos', 'hopecore', 'tilteandogente', 'molestandogente', 'terror']",[],False
33,2025-03-28 00:19,Javiert76,es,Fortnite,❤️‍🔥🌚NOCHE DE FORTINAITI FORTNITE Y OVER XD🌚 !DISCORD💋,"['Español', 'México', 'jugandoconseguidores', 'overwatch2', 'roblox', 'Vtuber', 'justcchatting', 'Repetir', 'fortinte', 'HonkaiStarRail']",[],False
33,2025-03-28 00:19,alexcrasherss,es,Just Chatting,NO TENÍA LUZ u.u WHATSAPPS DE SEGUIDORES + FORTNITE + ROSITA + SIMULADOR DE MARIAJUANA Y JUEGO DE TERROR | redes : @alexcrasherss,"['Español', 'justchattingandgaming', 'rosadeguadalupe', 'hagandecuentachat', 'fornite', 'historias', 'anecdotas']",[],False
33,2025-03-28 00:19,CursedFiber78,es,Overwatch 2,🎁DROPS 5 LOOTBOXES🎁🏹FREJA🏹💥🕊️🟠!FACEIT PARA UNIRTE AL CLUB🟠🕊️👴👴NO SON TANTOS ANUCIOS NO MAME💎REDES:@CursedFiber78,"['Español', 'malabarista', 'drops', 'tupapá', 'Elmejorstreamerdelmundo', 'OverwatchRanked', 'ElmejorREAPER', 'tortilla', 'DropsActivados']",[],False
33,2025-03-28 00:19,MistyyVT,es,R.E.P.O.,EP. 56 ❀  Modo SUPER CUTE  |𓆩❤️𓆪 TyM @MistyyVT | !discord 🍰♡ ༘*.ﾟ🧸🎀,"['valorant', 'vtuber', 'mexico', 'Español', 'gamergirl', 'Ｖｔｕｂｅｒ']",['ViolentGraphic'],False
33,2025-03-28 00:19,JimVT,es,ELDEN RING,N0CHE DE MACHOS OE KHI,"['español', 'Perú', 'vtuber', 'Latino', 'Español']",['MatureGame'],False
33,2025-03-28 00:19,Warn,en,Overwatch 2,[!DROPS] #1 ASHE 🔴 6V6 RANKED 🔴 LOOTBOX DROPS 🔴 POKEMON PACKS (PRISMATIC EVO) 🔴 NEW 6V6 ASHE !VIDEO 🔴 USA birthday !pobox 🎉🎉🎉,"['Overwatch', 'Competitive', 'ADHD', 'Drops', 'English', 'DropsEnabled']",[],False
33,2025-03-28 00:19,vulture_ow,en,Overwatch 2,[DROPS] RANKING UP TODAY ^_^ 0 EXCUSES. AND THEN FINISHING TWD :D !discord !newvid,"['English', 'Competitive', 'fps', 'junkrat', 'SewerRat', 'overwatch', 'hashtagawesome', 'DropsEnabled']",[],False
33,2025-03-28 00:20,pge4,en,Overwatch 2,[DROPS] Early Party Rocking,"['English', 'DropsEnabled']",[],False
34,2025-03-28 00:30,puumii_,es,Just Chatting,[ARG/ES] ¿HOY LLEGAMOS A LOS 1600 SEGUIDORES? !ds !s !followage FOLLOW = BAILE,"['HUMOR', 'Español', 'psicologia', 'jugandoconseguidores', 'meme', 'bailemos', 'hopecore', 'tilteandogente', 'molestandogente', 'terror']",[],False
34,2025-03-28 00:30,CursedFiber78,es,Overwatch 2,🎁DROPS 5 LOOTBOXES🎁🏹FREJA🏹💥🕊️🟠!FACEIT PARA UNIRTE AL CLUB🟠🕊️👴👴NO SON TANTOS ANUCIOS NO MAME💎REDES:@CursedFiber78,"['Español', 'malabarista', 'drops', 'tupapá', 'Elmejorstreamerdelmundo', 'OverwatchRanked', 'ElmejorREAPER', 'tortilla', 'DropsActivados']",[],False
34,2025-03-28 00:30,luchiverso,es,Marvel Rivals,(des) ánimo gente bonita del internet // la mejor chica invis de mi cuarto :3,"['chill', 'gaming', 'english', 'mx', 'gamergirl', 'espanol', 'perritos', 'marvel', 'rivals', 'Español']",[],False
34,2025-03-28 00:30,alexcrasherss,es,Just Chatting,NO TENÍA LUZ u.u WHATSAPPS DE SEGUIDORES + FORTNITE + ROSITA + SIMULADOR DE MARIAJUANA Y JUEGO DE TERROR | redes : @alexcrasherss,"['Español', 'justchattingandgaming', 'rosadeguadalupe', 'hagandecuentachat', 'fornite', 'historias', 'anecdotas']",[],False
34,2025-03-28 00:30,Javiert76,es,Fortnite,❤️‍🔥🌚NOCHE DE FORTINAITI FORTNITE Y OVER XD🌚 !DISCORD💋,"['Español', 'México', 'jugandoconseguidores', 'overwatch2', 'roblox', 'Vtuber', 'justcchatting', 'Repetir', 'fortinte', 'HonkaiStarRail']",[],False
34,2025-03-28 00:30,LuToruVT,es,Fortnite,"✨🍑EXTENSIBLE INFINITO, DIA 24✨🍑","['español', 'Monachina', 'Mexicana', 'mujer', 'Español', 'Cosplay', 'IRL']",['ProfanityVulgarity'],False
34,2025-03-28 00:30,Crazymic10,en,R.E.P.O.,finishing avowed before the sibs attack. !pride !dono #REPO @willowtreeneccromancy @wyreflames @ambrosiahoneypot,"['dyslexia', 'safespace', 'pridefriendly', 'Neurodivergent', 'varietystreamer', 'musictalk', 'fleshtuber', 'English', 'repo']",[],False
34,2025-03-28 00:30,CriticLog,en,Art,[EN] Art time! Trying to finish the sleepover piece! | !socials !commissions !lurk,"['vtuber', 'English', '18andUpOnlyPlz', 'SelfMadeVTuber', 'Cozy', 'singingtomyself', 'CoWorking', 'Ace', 'LGTBQFriendly']",[],False
34,2025-03-28 00:31,ellibehr,en,Aloft,Stealing all the cute animals (for REAL this time) with @xoPEACHI | !cozy • !aloft • !multi,"['English', 'Woman', 'CozyChaos', 'ADHD', 'Neurospicy', 'LurkerFriendly', 'Chatty']",[],True
35,2025-03-28 00:40,puumii_,es,Just Chatting,[ARG/ES] ¿HOY LLEGAMOS A LOS 1600 SEGUIDORES? !ds !s !followage FOLLOW = BAILE,"['HUMOR', 'Español', 'psicologia', 'jugandoconseguidores', 'meme', 'bailemos', 'hopecore', 'tilteandogente', 'molestandogente', 'terror']",[],False
35,2025-03-28 00:40,CursedFiber78,es,Overwatch 2,🎁DROPS 5 LOOTBOXES🎁🏹FREJA🏹💥🕊️🟠!FACEIT PARA UNIRTE AL CLUB🟠🕊️👴👴NO SON TANTOS ANUCIOS NO MAME💎REDES:@CursedFiber78,"['Español', 'malabarista', 'drops', 'tupapá', 'Elmejorstreamerdelmundo', 'OverwatchRanked', 'ElmejorREAPER', 'tortilla', 'DropsActivados']",[],False
35,2025-03-28 00:40,luchiverso,es,Marvel Rivals,(des) ánimo gente bonita del internet // la mejor chica invis de mi cuarto :3,"['chill', 'gaming', 'english', 'mx', 'gamergirl', 'espanol', 'perritos', 'marvel', 'rivals', 'Español']",[],False
35,2025-03-28 00:40,alexcrasherss,es,Just Chatting,NO TENÍA LUZ u.u WHATSAPPS DE SEGUIDORES + FORTNITE + ROSITA + SIMULADOR DE MARIAJUANA Y JUEGO DE TERROR | redes : @alexcrasherss,"['Español', 'justchattingandgaming', 'rosadeguadalupe', 'hagandecuentachat', 'fornite', 'historias', 'anecdotas']",[],False
35,2025-03-28 00:40,Javiert76,es,Fortnite,❤️‍🔥🌚NOCHE DE FORTINAITI FORTNITE Y OVER XD🌚 !DISCORD💋,"['Español', 'México', 'jugandoconseguidores', 'overwatch2', 'roblox', 'Vtuber', 'justcchatting', 'Repetir', 'fortinte', 'HonkaiStarRail']",[],False
35,2025-03-28 00:40,LuToruVT,es,Fortnite,"✨🍑EXTENSIBLE INFINITO, DIA 24✨🍑","['español', 'Monachina', 'Mexicana', 'mujer', 'Español', 'Cosplay', 'IRL']",['ProfanityVulgarity'],False
35,2025-03-28 00:40,ShamiiPlay,es,Grand Theft Auto V,(CHILE - PC) CARRERAS CON SEGUIDORES 🛑 OLD GEN 🛑 | GTA V | !video |!redes !ds,"['Chile', 'Español', 'gaming']",['MatureGame'],False
35,2025-03-28 00:40,Joshune,es,Overwatch 2,Holaaa ya llego su rojita <3 !redes,"['Mexico', 'justichatting', 'egirl', 'fornite', 'warzone', 'reacciones', 'videojuegos', 'girl', 'drops', 'blackops6']",['DrugsIntoxication'],False
35,2025-03-28 00:40,orlandogames_7,es,Grand Theft Auto V,¡¡Hemos vuelto!! carreritas en versión ps4 lets go - drops activados 🎮 lets go 👊😎,"['Español', 'PS4', 'Chile', 'listadeactividades', 'GTAⅤ', 'GTA5Onlline', 'GTAVONLINE', 'amigos', 'seguidores', 'PS5']","['MatureGame', 'ViolentGraphic']",False
36,2025-03-28 04:01,SoyPan,es,VALORANT,HOLA PAPUSSSS HOLAAAAAA,['Español'],[],False
36,2025-03-28 04:01,Ache,es,Fortnite,FORTNITE me ha REGALADO las SKINS de MORTAL KOMBAT ANTES DE QUE SALGAN 😱,"['Español', 'Shooter', 'Fortnite', 'ache']",[],False
36,2025-03-28 04:01,nikkiepagan,es,R.E.P.O.,Streamcito de chill en REPO,"['PC', 'Latina', 'ADHD', 'LATAM', 'Boricua', 'Español', 'TDAH', 'puertorico', 'repo', 'Horror']",['ProfanityVulgarity'],False
36,2025-03-28 04:01,iKeyla635,es,Fortnite,Jugando un RATO ♡ #ROADTOPARTNER | !dc !ig !ext,"['Chill', 'ADHD', 'Anime', 'Español', 'English', 'girl', 'hycraft', 'roblox', 'vtuber']",[],False
36,2025-03-28 04:01,ann_6u9,es,Just Chatting,DIRECTO DE VARIEDAD!!! 🤪🤪🤪🤪,"['Español', 'México', 'SafeSpace', 'Vtuber', 'pngtuber', 'onecoin', 'momos', 'Inglés', 'LGTB']",[],False
36,2025-03-28 04:01,xlalomaniax,es,Grand Theft Auto V,"Chapin RP, Cap 32,  Jugando Heavenly Bodies, luegoElpa Todaz... , reto de decir menos malas palabras día 6 (+18)","['Español', 'estupidecesvarias', 'rolplayer', 'RolplayEspañol', 'Guatemala', 'ChapinRP', 'ElpaTodaz']",['MatureGame'],False
36,2025-03-28 04:01,MarRivotril,es,Overwatch 2,❤️Nuevo set up UwU❤️,"['mujer', 'lgbt', 'mexico', 'espanol', 'ingles', 'latina', 'chisme', 'chill', 'extensible', 'Español']",[],False
36,2025-03-28 04:01,padrunk,es,Marvel Rivals,(+18) RANKS INSANAS | TTS +5 BITS | 🔛SR,"['Español', 'DropsActivados']",[],False
36,2025-03-28 04:01,Tor_Licorne,es,R.E.P.O.,+18 COSPLAY DE KIRI // RAAAAAAAAANKS ❤️ | !sr !redes !wishlist !manosear,"['Español', 'shooters', 'gamergirl', 'girlstreaming', 'overwatch2', 'Cosplay']",[],False
37,2025-03-28 04:09,ann_6u9,es,Just Chatting,DIRECTO DE VARIEDAD!!! 🤪🤪🤪🤪,"['Español', 'México', 'SafeSpace', 'Vtuber', 'pngtuber', 'onecoin', 'momos', 'Inglés', 'LGTB']",[],False
37,2025-03-28 04:09,Ache,es,Fortnite,FORTNITE me ha REGALADO las SKINS de MORTAL KOMBAT ANTES DE QUE SALGAN 😱,"['Español', 'Shooter', 'Fortnite', 'ache']",[],False
37,2025-03-28 04:09,chrixs_11,es,Just Chatting,|| EXTENSIBLE DÍA 5 RAID=7 FOLLOW=10 SUB=20 100BITS=25 || !raid !ig !canal,"['Latam', 'Español', 'guatamala', 'argentína', 'Paraguay', 'CostaRica', 'Panamá', 'México', 'España', 'Colombia']",[],False
37,2025-03-28 04:09,Larzock,es,Minecraft,Seguimos avanzando en nuestro mundit... ¿Que hacemos? | @larzock !tiktok !youtube !discord,"['Español', 'justcchatting', 'larzock', 'minecraftstream', 'Ⅿinecraft', 'minecraftlive']",[],False
37,2025-03-28 04:09,jetblackbeat,es,South Park: The Stick of Truth,haciendo cositas,"['Español', 'Latinoamérica', 'AnimeEnjoyer', 'ｖtuber', 'musiclover', 'felicesfiestas', 'naca', 'chistesmalosbeat']",['MatureGame'],False
37,2025-03-28 04:09,iKeyla635,es,Fortnite,Jugando un RATO ♡ #ROADTOPARTNER | !dc !ig !ext,"['Chill', 'ADHD', 'Anime', 'Español', 'English', 'girl', 'hycraft', 'roblox', 'vtuber']",[],False
38,2025-03-28 08:01,Suwew,es,VALORANT,clove con ezquisofrenia en accion,"['México', 'Español', 'Gorylover']",[],False
38,2025-03-28 08:01,AngrodTralari,es,Overwatch 2,!DROPS LOOTBOXES 🔴 SUBIENDO A TOP 500 EN 6 VS 6 🔴 DESPUÉS PUGS DE !FACEIT y DROPS 🔴 Sorteo 1000 Monedas,"['Español', 'charla', 'competitivo', 'Overwatch2', 'drops', 'ranked', 'Shooter', 'DropsActivados']",[],False
38,2025-03-28 08:01,LuToruVT,es,I'm Only Sleeping,"✨🍑EXTENSIBLE INFINITO, DIA 24✨🍑","['español', 'Monachina', 'Mexicana', 'mujer', 'Español', 'Cosplay', 'IRL']",['ProfanityVulgarity'],False
38,2025-03-28 08:01,madi,en,Minecraft,🚨NEW MINECRAFT CAPE! 🚨 DROPS ENABLED!🔴MINECRAFT MANHUNT WITH VIEWERS!!! 🎁 🌷!cape for MC movie cape,"['viewerSMP', 'playingwithviewers', 'minecraft', 'English', 'hypixel', 'youtuberank', 'bedwars', 'Australia', 'bedrocksmp', 'minecraftserver']",[],False
38,2025-03-28 08:01,chrixs_11,es,Just Chatting,|| EXTENSIBLE DÍA 6 RAID=7 FOLLOW=10 SUB=20 100BITS=25 || !raid !ig !canal,"['Latam', 'Español', 'guatamala', 'argentína', 'Paraguay', 'CostaRica', 'Panamá', 'México', 'España', 'Colombia']",[],False
38,2025-03-28 08:01,iKeyla635,es,Counter-Strike,Jugando un RATO ♡ #ROADTOPARTNER | !dc !ig !ext,"['Chill', 'ADHD', 'Anime', 'Español', 'English', 'girl', 'hycraft', 'roblox', 'vtuber']",['MatureGame'],False
38,2025-03-28 08:01,Velycie,es,Fran Bow,"No se que hago, son las 5 am / !MIDE !OF !Discord  !canon !Lol !sr","['Latina', 'Venezolana', 'argentina', 'chile', 'colombia', 'peru', 'Mexico', 'Mujer', 'Chicagamer', 'RepúblicaDominicana']","['MatureGame', 'ProfanityVulgarity', 'SexualThemes']",False
38,2025-03-28 08:01,chiarilla,es,League of Legends,?,"['lol', 'leagueoflegends', 'ELDENRING', '420', 'Español']",[],False
38,2025-03-28 08:01,VladSuo,es,League of Legends,no dormi,"['LAS', 'Yasuo', 'Yone', 'Uruguay', 'Argentina', 'Chile', 'México', 'Español', 'cr7']",[],False
39,2025-03-28 08:11,chrixs_11,es,Just Chatting,|| EXTENSIBLE DÍA 6 RAID=7 FOLLOW=10 SUB=20 100BITS=25 || !raid !ig !canal,"['Latam', 'Español', 'guatamala', 'argentína', 'Paraguay', 'CostaRica', 'Panamá', 'México', 'España', 'Colombia']",[],False
39,2025-03-28 08:11,AngrodTralari,es,Overwatch 2,!DROPS LOOTBOXES 🔴 SUBIENDO A TOP 500 EN 6 VS 6 🔴 DESPUÉS PUGS DE !FACEIT y DROPS 🔴 Sorteo 1000 Monedas,"['Español', 'charla', 'competitivo', 'Overwatch2', 'drops', 'ranked', 'Shooter', 'DropsActivados']",[],False
39,2025-03-28 08:11,Ache,es,Fortnite,FORTNITE me ha REGALADO las SKINS de MORTAL KOMBAT ANTES DE QUE SALGAN 😱,"['Español', 'Shooter', 'Fortnite', 'ache']",[],False
39,2025-03-28 08:11,iKeyla635,es,R.E.P.O.,Jugando un RATO ♡ #ROADTOPARTNER | !dc !ig !ext,"['Chill', 'ADHD', 'Anime', 'Español', 'English', 'girl', 'hycraft', 'roblox', 'vtuber']",[],False
39,2025-03-28 08:11,LuToruVT,es,I'm Only Sleeping,"✨🍑EXTENSIBLE INFINITO, DIA 24✨🍑","['español', 'Monachina', 'Mexicana', 'mujer', 'Español', 'Cosplay', 'IRL']",['ProfanityVulgarity'],False
39,2025-03-28 08:12,Hiary13,es,VALORANT,🎀Ranks un ratito🎀 | !redes !id !commands !discord !pc,"['Plática', 'valorant', 'shooter', 'gamergirl', 'PEQUEÑAGRANCOMUNIDAD', 'Español']",[],False
39,2025-03-28 08:12,xKisekii,en,League of Legends,i fell down the stairs yest oops !socials !dc,"['English', 'Australia', 'Vtuber', 'OCE', 'youtaite', 'pngtuber']",[],False
39,2025-03-28 08:12,Brawlhalla365,en,Brawlhalla,Rikka vs Saphir - Elimination Top 8 - Trial of Freya - EU 1v1,['English'],[],False
39,2025-03-28 08:12,ItzJuzKay,en,Stream Raiders,TESTING OUT CHAT INTERACTIVE GAMES ! NEW NEXT CHAPTER VIDEO ! REPO ! FUN STREAM! STREAM RAIDERS!,"['English', 'DropsEnabled']",[],True
40,2025-03-28 08:22,chrixs_11,es,Just Chatting,|| EXTENSIBLE DÍA 6 RAID=7 FOLLOW=10 SUB=20 100BITS=25 || !raid !ig !canal,"['Latam', 'Español', 'guatamala', 'argentína', 'Paraguay', 'CostaRica', 'Panamá', 'México', 'España', 'Colombia']",[],False
40,2025-03-28 08:22,AngrodTralari,es,Overwatch 2,!DROPS LOOTBOXES 🔴 SUBIENDO A TOP 500 EN 6 VS 6 🔴 DESPUÉS PUGS DE !FACEIT y DROPS 🔴 Sorteo 1000 Monedas,"['Español', 'charla', 'competitivo', 'Overwatch2', 'drops', 'ranked', 'Shooter', 'DropsActivados']",[],False
40,2025-03-28 08:22,Ache,es,Fortnite,FORTNITE me ha REGALADO las SKINS de MORTAL KOMBAT ANTES DE QUE SALGAN 😱,"['Español', 'Shooter', 'Fortnite', 'ache']",[],False
40,2025-03-28 08:22,LuToruVT,es,I'm Only Sleeping,"✨🍑EXTENSIBLE INFINITO, DIA 24✨🍑","['español', 'Monachina', 'Mexicana', 'mujer', 'Español', 'Cosplay', 'IRL']",['ProfanityVulgarity'],False
40,2025-03-28 08:22,TheFarrelTV,es,Assassin's Creed Shadows,🟣DROPS: ON | 🐱‍👤😍ASSASSIN´S CREED SHADOWS😍 🐱‍👤| ¡A POR OTRO OBJETIVO PRINCIPAL! | CAPITULO 10 | ¡35% DE DESCUENTO EN SUBS DE REGALO!,"['Español', 'gaming', 'InteraccionEnVivo', 'Twitchlatino', 'gameplay', 'GameplayandChatting', 'gameplayenespañol', 'assassinscreed', 'UbisoftPartner', 'assassinscreedshadows']",['MatureGame'],False
40,2025-03-28 08:22,Mordex,es,Honkai: Star Rail,"🔥 LIVESTREAM 3.2 WATCH PARTY 🔥 CASTORICE, ANAXA, ANIVERSARIO, RECOMPENSAS Y SORPRESAS! !yt !discord","['Anime', 'Español', 'HonkaiStarRail']",[],False
40,2025-03-28 08:23,AmsterdaMary,en,Co-working & Studying,✏️40/10 ✏️ there's room for you too 🌼 !task,"['safespace', 'english', 'chatterbox', 'English', 'pomodoro', 'supersweetbot', 'studywithme', 'CoWorking', 'Rerun']",[],False
40,2025-03-28 08:23,Jammyd0o,en,The Sims 4,Building my DREAM 100 Baby Challenge Family Home | The Sims 4 - 100 Baby Challenge | !subs4beanz,"['English', 'gaming', 'Cosygaming', 'Chatting']",[],False
40,2025-03-28 08:23,LifeandBeth,en,The Sims 4,Cottage Petting zoo continues! | No CC |!Merch !shop !bestie !coffee,"['UK', 'Woman', 'sims', 'English', 'AMA', 'British']",[],False
41,2025-03-28 08:30,chrixs_11,es,Just Chatting,|| EXTENSIBLE DÍA 6 RAID=7 FOLLOW=10 SUB=20 100BITS=25 || !raid !ig !canal,"['Latam', 'Español', 'guatamala', 'argentína', 'Paraguay', 'CostaRica', 'Panamá', 'México', 'España', 'Colombia']",[],False
41,2025-03-28 08:30,LuToruVT,es,I'm Only Sleeping,"✨🍑EXTENSIBLE INFINITO, DIA 24✨🍑","['español', 'Monachina', 'Mexicana', 'mujer', 'Español', 'Cosplay', 'IRL']",['ProfanityVulgarity'],False
41,2025-03-28 08:30,Sagrio,es,League of Legends,ª | !comandos  !redes !sorteo |,"['Español', 'lol', 'SoloQ', 'Ranked', 'leagueoflegeneds', 'leagueoflegendsespañol']","['DrugsIntoxication', 'ProfanityVulgarity']",False
41,2025-03-28 08:30,Ache,es,Fortnite,FORTNITE me ha REGALADO las SKINS de MORTAL KOMBAT ANTES DE QUE SALGAN 😱,"['Español', 'Shooter', 'Fortnite', 'ache']",[],False
41,2025-03-28 08:30,AngrodTralari,es,Overwatch 2,!DROPS LOOTBOXES 🔴 SUBIENDO A TOP 500 EN 6 VS 6 🔴 DESPUÉS PUGS DE !FACEIT y DROPS 🔴 Sorteo 1000 Monedas,"['Español', 'charla', 'competitivo', 'Overwatch2', 'drops', 'ranked', 'Shooter', 'DropsActivados']",[],False
41,2025-03-28 08:30,iKeyla635,es,R.E.P.O.,Jugando un RATO ♡ #ROADTOPARTNER | !dc !ig !ext,"['Chill', 'ADHD', 'Anime', 'Español', 'English', 'girl', 'hycraft', 'roblox', 'vtuber']",[],False
41,2025-03-28 08:31,StarWraith,es,VALORANT,🔥 DUO RADIANT WITH @moberaim🔥,['Español'],[],False
41,2025-03-28 08:31,IreneFields,es,VALORANT,JUGAMOS CON INVENTARIO ALEATORIOOOO !youtube,"['valorant', 'español', 'trolleadme', 'Inmortal', 'rankeds', 'soloq', 'lgtb', 'Español', 'extensible']",[],False
41,2025-03-28 08:31,PochiPoom,es,League of Legends,El Hombre del Shaco - !skillgap,"['Español', 'Didáctico', 'profesional', 'Educativo']",[],False
42,2025-03-28 12:01,sbarcci,es,Fortnite,💥DESCUENTOS SUBS DE REGALO - JUGANDO Y CHARLANDO💥 !descuentos,"['Español', 'Jugarconespectadores', 'chica', 'charlando', 'chicagamer', 'DropsActivados']",[],False
42,2025-03-28 12:01,KenetG,es,IRL,🔴 PASEITO POR TOLEDO :D |  !SORTEO !PAMPLING !MKT,['Español'],[],False
42,2025-03-28 12:01,MKimada,es,Overwatch 2,[DROPS] Miramos vuestras repeticiones 👀  | Día 347 sin ser baneado | !torneo !redes !socials @mkimada,"['Español', 'autoconocimiento', 'drops', 'DropsActivados']",[],False
42,2025-03-28 12:01,Ninja,en,Fortnite,[DROPS ON] FORTNITE FAMILY FRIDAY PRAY FOR MY PATIENCE,"['English', 'Ninja', 'BattleRoyale', 'Chapter6', 'YouKnowWhatsCrazy', 'LowTaperFade', 'ItsMassive', 'StillDraggingIt', 'DropsEnabled', 'SaveYourSkin']",[],False
42,2025-03-28 12:01,chrixs_11,es,I'm Only Sleeping,|| EXTENSIBLE DÍA 6 RAID=7 FOLLOW=10 SUB=20 100BITS=25 || !raid !ig !canal,"['Latam', 'Español', 'guatamala', 'argentína', 'Paraguay', 'CostaRica', 'Panamá', 'México', 'España', 'Colombia']",[],False
42,2025-03-28 12:01,LuToruVT,es,I'm Only Sleeping,"✨🍑EXTENSIBLE INFINITO, DIA 24✨🍑","['español', 'Monachina', 'Mexicana', 'mujer', 'Español', 'Cosplay', 'IRL']",['ProfanityVulgarity'],False
42,2025-03-28 12:01,KassieKalico,en,Marvel Rivals,[DROPS ENABLED] just a lil kat trying her best | 18+ no minors |,"['English', 'vtuber', 'VisualASMR', 'LGBT', 'Autistic', 'DropsEnabled']",[],False
42,2025-03-28 12:01,LizzieShmizzy,en,Marvel Rivals,🌻500 bits or $5 dollar Dono - you get to choose my marvel character for a match 🌻| !dono|,"['latina', 'Anime', 'LurkerFriendly', 'English', 'Vtuber', 'HighEnergyLoud', 'marvelrivals', 'DropsEnabled']",[],False
42,2025-03-28 12:01,oopsieVT,en,UNDERTALE,[18+] 💗PARTNER PUSH💗 Undertale: the game that makes you hate flowers and love skeletons!┃!advgg ⋅ !merch ⋅ !throne ⋅ !clip ⋅ !partnerpush,"['Girl', 'British', 'English', 'Woman', 'feet', 'Vtuber', 'ENVtuber', 'Over18s', 'booba', 'ADHD']",[],False
43,2025-03-28 12:11,sbarcci,es,Fortnite,💥DESCUENTOS SUBS DE REGALO - JUGANDO Y CHARLANDO💥 !descuentos,"['Español', 'Jugarconespectadores', 'chica', 'charlando', 'chicagamer', 'DropsActivados']",[],False
43,2025-03-28 12:11,MKimada,es,Overwatch 2,[DROPS] Overwatch Cinematográfico(Classic) | Día 347 sin ser baneado | !torneo !redes !socials @mkimada,"['Español', 'autoconocimiento', 'drops', 'DropsActivados']",[],False
43,2025-03-28 12:11,JonBams,en,Minecraft,MadPack 5: Salty Shores,['English'],['ProfanityVulgarity'],False
43,2025-03-28 12:11,LuToruVT,es,I'm Only Sleeping,"✨🍑EXTENSIBLE INFINITO, DIA 24✨🍑","['español', 'Monachina', 'Mexicana', 'mujer', 'Español', 'Cosplay', 'IRL']",['ProfanityVulgarity'],False
43,2025-03-28 12:11,chrixs_11,es,I'm Only Sleeping,|| EXTENSIBLE DÍA 6 RAID=7 FOLLOW=10 SUB=20 100BITS=25 || !raid !ig !canal,"['Latam', 'Español', 'guatamala', 'argentína', 'Paraguay', 'CostaRica', 'Panamá', 'México', 'España', 'Colombia']",[],False
43,2025-03-28 12:11,Ninja,en,Fortnite,[DROPS ON] FORTNITE FAMILY FRIDAY PRAY FOR MY PATIENCE,"['English', 'Ninja', 'BattleRoyale', 'Chapter6', 'YouKnowWhatsCrazy', 'LowTaperFade', 'ItsMassive', 'StillDraggingIt', 'DropsEnabled', 'SaveYourSkin']",[],False
43,2025-03-28 12:12,Linvi_chan,ru,Just Chatting,Мяв ‹𝟹,"['Русский', 'ASMR', 'Vtuber', 'neko']",[],False
43,2025-03-28 12:12,valentine_41,ru,Just Chatting,🍷🩸Опять этот населённый вампирами Лондон🩸🍷,"['Русский', 'недосейсо', 'вампыр', 'втубер', 'pngtuber', 'забывашкавампирмилашка']",[],False
43,2025-03-28 12:12,Lindenval_VT,ru,Art,Арт   ≽^•⩊•^≼ ₊˚⊹♡,"['Русский', 'Витубер', 'риггер', 'Live2D', 'CommissionOPEN', 'art']",[],False
44,2025-03-28 12:19,sbarcci,es,Fortnite,💥DESCUENTOS SUBS DE REGALO - JUGANDO Y CHARLANDO💥 !descuentos,"['Español', 'Jugarconespectadores', 'chica', 'charlando', 'chicagamer', 'DropsActivados']",[],False
44,2025-03-28 12:19,MKimada,es,Overwatch 2,[DROPS] Overwatch Cinematográfico(Classic) | Día 347 sin ser baneado | !torneo !redes !socials @mkimada,"['Español', 'autoconocimiento', 'drops', 'DropsActivados']",[],False
44,2025-03-28 12:19,JonBams,en,Minecraft,MadPack 5: Salty Shores,['English'],['ProfanityVulgarity'],False
44,2025-03-28 12:19,LuToruVT,es,I'm Only Sleeping,"✨🍑EXTENSIBLE INFINITO, DIA 24✨🍑","['español', 'Monachina', 'Mexicana', 'mujer', 'Español', 'Cosplay', 'IRL']",['ProfanityVulgarity'],False
44,2025-03-28 12:19,chrixs_11,es,I'm Only Sleeping,|| EXTENSIBLE DÍA 6 RAID=7 FOLLOW=10 SUB=20 100BITS=25 || !raid !ig !canal,"['Latam', 'Español', 'guatamala', 'argentína', 'Paraguay', 'CostaRica', 'Panamá', 'México', 'España', 'Colombia']",[],False
44,2025-03-28 12:19,Ninja,en,Fortnite,[DROPS ON] FORTNITE FAMILY FRIDAY PRAY FOR MY PATIENCE,"['English', 'Ninja', 'BattleRoyale', 'Chapter6', 'YouKnowWhatsCrazy', 'LowTaperFade', 'ItsMassive', 'StillDraggingIt', 'DropsEnabled', 'SaveYourSkin']",[],False
44,2025-03-28 12:19,potok_flow,ru,Minecraft,ЗАХОДИ! ИГРАЕМ С ВАМИ! С ФОЛЛОВЕРАМИ!| !ТГК,"['Русский', 'роблокс', 'Майнкрафт', 'гартикфон', 'roblox', 'minecraft']",[],False
44,2025-03-28 12:19,TIKTONIK_BAR,ru,ROBLOX,Зафолловься и играй с нами !ник !тг,"['дорс', 'roblox', 'русский', 'роблокс', 'рб', 'Русский', 'Рельсы']",[],False
44,2025-03-28 12:20,CorNidze,ru,Gartic Phone,"🔴 Опять мультики??? Спирит, начало 16:15  (Общение, Аукцион, Gartic Phone) /  !tg !ds !скам","['СовместныеИгры', 'Русский', 'Рисование', 'gartic', 'art', 'games', 'Keymailer']",[],False
45,2025-03-28 12:27,sbarcci,es,Fortnite,💥DESCUENTOS SUBS DE REGALO - JUGANDO Y CHARLANDO💥 !descuentos,"['Español', 'Jugarconespectadores', 'chica', 'charlando', 'chicagamer', 'DropsActivados']",[],False
45,2025-03-28 12:27,MKimada,es,Overwatch 2,[DROPS] Overwatch Cinematográfico(Classic) | Día 347 sin ser baneado | !torneo !redes !socials @mkimada,"['Español', 'autoconocimiento', 'drops', 'DropsActivados']",[],False
45,2025-03-28 12:27,JonBams,en,Minecraft,MadPack 5: Salty Shores,['English'],['ProfanityVulgarity'],False
45,2025-03-28 12:27,LuToruVT,es,I'm Only Sleeping,"✨🍑EXTENSIBLE INFINITO, DIA 24✨🍑","['español', 'Monachina', 'Mexicana', 'mujer', 'Español', 'Cosplay', 'IRL']",['ProfanityVulgarity'],False
45,2025-03-28 12:27,Ninja,en,Fortnite,[DROPS ON] FORTNITE FAMILY FRIDAY PRAY FOR MY PATIENCE,"['English', 'Ninja', 'BattleRoyale', 'Chapter6', 'YouKnowWhatsCrazy', 'LowTaperFade', 'ItsMassive', 'StillDraggingIt', 'DropsEnabled', 'SaveYourSkin']",[],False
45,2025-03-28 12:27,chrixs_11,es,I'm Only Sleeping,|| EXTENSIBLE DÍA 6 RAID=7 FOLLOW=10 SUB=20 100BITS=25 || !raid !ig !canal,"['Latam', 'Español', 'guatamala', 'argentína', 'Paraguay', 'CostaRica', 'Panamá', 'México', 'España', 'Colombia']",[],False
45,2025-03-28 12:27,zdarovvv,ru,Gartic Show,(⊙_(⊙_⊙)_⊙) !тг !донат !мемы,"['Русский', 'сынФермера', 'мемы', 'тикток', 'zdarovvv', 'общениесчатом', 'кринж']",[],False
45,2025-03-28 12:27,jopoystreams,ru,ROBLOX,"ПУЗАТАЯ ГЕНГА НА СВЯЗИ 😎 | !дс, !тгк, !ник","['Русский', '42', '52', 'роблокс', 'общение', 'игры', 'сосал']",[],False
45,2025-03-28 12:27,Red_MantisMLG,ru,ROBLOX,Пятничный полуафк чилл,"['roblox', 'юмор', 'чилл', 'ТЯЖЕЛО', 'Русский']",[],False
46,2025-03-28 12:36,sbarcci,es,Fortnite,💥DESCUENTOS SUBS DE REGALO - JUGANDO Y CHARLANDO💥 !descuentos,"['Español', 'Jugarconespectadores', 'chica', 'charlando', 'chicagamer', 'DropsActivados']",[],False
46,2025-03-28 12:37,MKimada,es,Overwatch 2,[DROPS] Overwatch Cinematográfico(Classic) | Día 347 sin ser baneado | !torneo !redes !socials @mkimada,"['Español', 'autoconocimiento', 'drops', 'DropsActivados']",[],False
46,2025-03-28 12:37,JonBams,en,Minecraft,MadPack 5: Salty Shores,['English'],['ProfanityVulgarity'],False
46,2025-03-28 12:37,RobertGameplaysOfficial,es,ROBLOX,¡FELIZ VIERNES!  🔴👑Jugando ROBLOX con seguidores👑🔴  ¿Te unes?,"['Español', 'IRL', 'roblox', 'robloxlive', 'robloxgames', 'bloxfruits', 'IRLchatting']",[],False
46,2025-03-28 12:37,Ninja,en,Fortnite,[DROPS ON] FORTNITE FAMILY FRIDAY PRAY FOR MY PATIENCE,"['English', 'Ninja', 'BattleRoyale', 'Chapter6', 'YouKnowWhatsCrazy', 'LowTaperFade', 'ItsMassive', 'StillDraggingIt', 'DropsEnabled', 'SaveYourSkin']",[],False
46,2025-03-28 12:37,chrixs_11,es,I'm Only Sleeping,|| EXTENSIBLE DÍA 6 RAID=7 FOLLOW=10 SUB=20 100BITS=25 || !raid !ig !canal,"['Latam', 'Español', 'guatamala', 'argentína', 'Paraguay', 'CostaRica', 'Panamá', 'México', 'España', 'Colombia']",[],False
46,2025-03-28 12:37,Raccoonlamundo,en,Sea of Thieves,OBSIDIAN DROPS 🩷 SUPER EFFICIENT 🩷 MOMMYLAMUNDO 🩷 !sub !merch !gdc TTS200 🩷w/ @Shotz,"['English', 'Airtight', 'FatEarther', 'IncreasedMarketValue', 'ProdigyRP', 'GTARP', 'SeaofThievesPartner', 'drops', 'DropsEnanbled', 'DropsEnabled']",[],False
46,2025-03-28 12:37,Captain_Falcore,en,Sea of Thieves,"🟢OBSIDIAN ITEMS🟢 Chair and Crest, i'm 'ere all day!","['PvP', 'Friendly', 'English', 'humble', 'English', 'memes', 'KaleSmoothie', 'Sneaky', 'DropsEnabled']",[],False
46,2025-03-28 12:37,Wudjer,ru,Sea of Thieves,✅ Drops ✅ | 9.000ч. Раздача Скинов в !тг,"['Русский', 'DropsEnable', 'Pvp', 'Красивыймужчина', 'гений', 'Киберспортсмем', 'Сильнейший', 'вайб', 'позитивныйвайб', 'DropsВключены']",[],False
47,2025-03-28 16:01,MYSTICenTWITCH,es,Grand Theft Auto V,PARTNER DE TWITCH!!!! GTA5 ONLINE (PS5 HOY9 PROX DIRECTO PS5 Y PC!,"['gta5online', 'jugando', 'Español']",['MatureGame'],False
47,2025-03-28 16:01,Miguelink,es,Sea of Thieves,🟢DROPS OBSIDIANA🟢NUEVO ARMA LAS LANZAS! Sorteo Velas y Barco Phoenix | !discord !info,"['PｖP', 'miguelink', 'SeatofThieves', 'seasofthieves', 'SeaOfThievesPartner', 'Español', 'Drop', 'DropsActivados']",[],False
47,2025-03-28 16:01,Rapsor,es,Marvel Rivals,🔴 Hoy sorteo de PICK UP BUNDLE| GM2 | I 💖 Marvel Rivals🥰😍 | REDES: @Rapsor 👹⠀,"['competitivo', 'Rankeds', 'Memes', 'Español', 'Heroshooter', 'marvelrivals', 'DropsActivados']",[],False
47,2025-03-28 16:01,iKeyla635,es,Fortnite,DROPS ACTIVOS! ♡ #ROADTOPARTNER | !dc !ig !drops,"['Chill', 'ADHD', 'Anime', 'Español', 'English', 'girl', 'hycraft', 'roblox', 'vtuber', 'DropsActivados']",[],False
47,2025-03-28 16:01,strawmadevt,es,Fortnite,💚VTuber | hoy jugamos con el chat uwu🍀✨,"['Vtuber', 'Mujer', 'chica', 'Chile', 'Español', 'Fortnite', 'minecraft', 'justcchatting', 'leagueoflegendsespañol', 'AmAPreguntameloquequieras']",[],False
47,2025-03-28 16:01,Francolico,es,Sea of Thieves,DROPS ON!! A seguir sumando niveles en el  PvP!!| Comando !voz !sr,"['Español', 'manqueando', 'paliqueo', 'SeaofThievesgameplay', 'DropsActivados']",[],False
47,2025-03-28 16:01,ZerstGaming,es,Sea of Thieves,DROPS! Hoy SORTEO! | !short !video !sorteo,"['latam', 'Español', 'PVP', 'SeaOfThievesPartner', 'sorteos', 'FamilyFriendly', 'Portugues', 'drops', 'English', 'DropsActivados']",[],False
47,2025-03-28 16:01,AlterTimeSK,es,World of Warcraft,OTRA PISTA PARA LEGION REMIX !video🎂 DIEZ AÑOS DE ALTERTIME 🎂 TERMINANDO DE REVENTAR MINAHONDA,"['Español', 'blizzard', 'chatting', 'ayuda']",[],False
47,2025-03-28 16:01,REVENANT,es,The First Berserker: Khazan,KHAZAN Día 4 | Vamos a pushear que me está encantando y quiero acabarlo,"['Español', 'Revenant', 'Anthrax', 'Yoplait', 'ElPolloDiablo', 'G4G']",['MatureGame'],False
48,2025-03-28 16:11,MYSTICenTWITCH,es,Grand Theft Auto V,PARTNER DE TWITCH!!!! GTA5 ONLINE (PS5 HOY9 PROX DIRECTO PS5 Y PC!,"['gta5online', 'jugando', 'Español']",['MatureGame'],False
48,2025-03-28 16:12,Miguelink,es,Sea of Thieves,🟢DROPS OBSIDIANA🟢NUEVO ARMA LAS LANZAS! Sorteo Velas y Barco Phoenix | !discord !info,"['PｖP', 'miguelink', 'SeatofThieves', 'seasofthieves', 'SeaOfThievesPartner', 'Español', 'Drop', 'DropsActivados']",[],False
48,2025-03-28 16:12,Rapsor,es,Marvel Rivals,🔴 Hoy sorteo de PICK UP BUNDLE| GM2 | I 💖 Marvel Rivals🥰😍 | REDES: @Rapsor 👹⠀,"['competitivo', 'Rankeds', 'Memes', 'Español', 'Heroshooter', 'marvelrivals', 'DropsActivados']",[],False
48,2025-03-28 16:12,iKeyla635,es,Fortnite,DROPS ACTIVOS! ♡ #ROADTOPARTNER | !dc !ig !drops,"['Chill', 'ADHD', 'Anime', 'Español', 'English', 'girl', 'hycraft', 'roblox', 'vtuber', 'DropsActivados']",[],False
48,2025-03-28 16:12,Francolico,es,Sea of Thieves,DROPS ON!! A seguir sumando niveles en el  PvP!!| Comando !voz !sr,"['Español', 'manqueando', 'paliqueo', 'SeaofThievesgameplay', 'DropsActivados']",[],False
48,2025-03-28 16:12,strawmadevt,es,Fortnite,💚VTuber | hoy jugamos con el chat uwu🍀✨,"['Vtuber', 'Mujer', 'chica', 'Chile', 'Español', 'Fortnite', 'minecraft', 'justcchatting', 'leagueoflegendsespañol', 'AmAPreguntameloquequieras']",[],False
48,2025-03-28 16:12,JeyRuiz,es,EA Sports FC 25,🔥EVOLUCION SUPER TOP para MI 👉SBC GABRIEL y  MULLER HOY?,"['Español', 'EAFC', 'eafc24', 'fútbol']",[],False
48,2025-03-28 16:12,ByZapi,es,EA Sports FC 25,IYO QUE ABRAN EL GRIFO QUE ESTO ESTA MAS SECO QUE EL OJO UN TUERTO 🆎🆎🆎🆎 VIERNES DE CAZASUEÑOS EQUIPO 2 Y ASUNTOS VARIOS🔥🔥🔥🔥,"['español', 'byzapi', 'futbol', 'byvacaciones', 'diversion', 'risas', 'Español', 'fc', 'fc25', 'fifa']",[],False
48,2025-03-28 16:12,supertradeos,es,EA Sports FC 25,"🤑!vip EQUIPO 2, EVO FILTRADA Y NUEVOS SBC HOY👉🤑GRUPO VIP DE TRADEOS AL SUSCRIBIRTE, cada mes de 2m a 4m en el VIP✅","['Español', 'vip', 'tradeos', 'sbc', 'fc25', 'fc25', 'eafc25']",[],False
49,2025-03-28 16:21,MYSTICenTWITCH,es,Grand Theft Auto V,PARTNER DE TWITCH!!!! GTA5 ONLINE (PS5 HOY9 PROX DIRECTO PS5 Y PC!,"['gta5online', 'jugando', 'Español']",['MatureGame'],False
49,2025-03-28 16:21,FROSTFAR,es,Gartic Phone,"JUGANDO GARTIC PHONE CON SEGUIDORES, PASATE!‼️","['Hispano', 'Minecraft', 'Humor', 'REPO', 'RocketLeague', 'Español']",[],False
49,2025-03-28 16:22,IkiLive_,es,Marvel Rivals,🟠DR0PS ON🟠 DOMINANDO LOS DPS EN MARVEL RIVALS 🚨CÓDIGO DE CREADOR IKILIVE 🚨 | !Suerte !sorteo !redes,"['Español', 'Repetir', 'marvelrivals', 'marvel', 'Español', 'DropsActivados']",[],False
49,2025-03-28 16:22,Rapsor,es,Marvel Rivals,🔴 Hoy sorteo de PICK UP BUNDLE| GM2 | I 💖 Marvel Rivals🥰😍 | REDES: @Rapsor 👹⠀,"['competitivo', 'Rankeds', 'Memes', 'Español', 'Heroshooter', 'marvelrivals', 'DropsActivados']",[],False
49,2025-03-28 16:22,Miguelink,es,Sea of Thieves,🟢DROPS OBSIDIANA🟢NUEVO ARMA LAS LANZAS! Sorteo Velas y Barco Phoenix | !discord !info,"['PｖP', 'miguelink', 'SeatofThieves', 'seasofthieves', 'SeaOfThievesPartner', 'Español', 'Drop', 'DropsActivados']",[],False
49,2025-03-28 16:22,strawmadevt,es,Fortnite,💚VTuber | hoy jugamos con el chat uwu🍀✨,"['Vtuber', 'Mujer', 'chica', 'Chile', 'Español', 'Fortnite', 'minecraft', 'justcchatting', 'leagueoflegendsespañol', 'AmAPreguntameloquequieras']",[],False
49,2025-03-28 16:22,snaccdaddysims,en,The Sims 4,The secret speakeasy🥃||!daddy !merch !kofi !javy,['English'],[],False
49,2025-03-28 16:22,Soulfulrecord24,en,The Sims 4,19+ | MightyFinch Tarot Legacy Gen 0! | !merch !mightyfinch !newfiecheck !howdy,"['SafeSpace', 'Canada', 'Chatty', 'ChaoticCozy', 'LurkerFriendly', 'English', 'Newfie', 'SuperSweetBot']",['ProfanityVulgarity'],False
49,2025-03-28 16:22,Xaazon_Gaymes,en,The Sims 4,Shell Challenge Tours PT.2!! !buildchallenge !discord !commands,"['gaymer', 'LGBTＱ', 'thesims4', 'sims4', 'VarietyGaymer', 'VarietyGamer', 'Fortnite', 'LGBTQIA', 'LosAngelesCA', 'gaymer']",['ProfanityVulgarity'],False
50,2025-03-28 16:31,MYSTICenTWITCH,es,Grand Theft Auto V,PARTNER DE TWITCH!!!! GTA5 ONLINE (PS5 HOY9 PROX DIRECTO PS5 Y PC!,"['gta5online', 'jugando', 'Español']",['MatureGame'],False
50,2025-03-28 16:31,FROSTFAR,es,Gartic,"DIBUJANDO EN GARTIC CON SEGUIDORES, PASATE A JUGAR!!👩🏼‍🎨🎨","['Hispano', 'Minecraft', 'Humor', 'REPO', 'RocketLeague', 'Español']",[],False
50,2025-03-28 16:31,IkiLive_,es,Marvel Rivals,🟠DR0PS ON🟠 DOMINANDO LOS DPS EN MARVEL RIVALS 🚨CÓDIGO DE CREADOR IKILIVE 🚨 | !Suerte !sorteo !redes,"['Español', 'Repetir', 'marvelrivals', 'marvel', 'Español', 'DropsActivados']",[],False
50,2025-03-28 16:31,Rapsor,es,Marvel Rivals,🔴 Hoy sorteo de PICK UP BUNDLE| GM2 | I 💖 Marvel Rivals🥰😍 | REDES: @Rapsor 👹⠀,"['competitivo', 'Rankeds', 'Memes', 'Español', 'Heroshooter', 'marvelrivals', 'DropsActivados']",[],False
50,2025-03-28 16:31,Miguelink,es,Sea of Thieves,🟢DROPS OBSIDIANA🟢NUEVO ARMA LAS LANZAS! Sorteo Velas y Barco Phoenix | !discord !info,"['PｖP', 'miguelink', 'SeatofThieves', 'seasofthieves', 'SeaOfThievesPartner', 'Español', 'Drop', 'DropsActivados']",[],False
50,2025-03-28 16:31,strawmadevt,es,Fortnite,💚VTuber | hoy jugamos con el chat uwu🍀✨,"['Vtuber', 'Mujer', 'chica', 'Chile', 'Español', 'Fortnite', 'minecraft', 'justcchatting', 'leagueoflegendsespañol', 'AmAPreguntameloquequieras']",[],False
50,2025-03-28 16:31,ayofil2,en,Minecraft,JOINABLE VIEWER SMP | DROPS ENABLED!,"['English', 'viewersmp', 'PlayingwithViewers', 'minecraftserver', 'bedrocksmp', 'hypixel', 'minecraft', 'bedwars', 'LifestealSMP', 'LifestealPublic']",[],False
50,2025-03-28 16:31,oCxmboo,en,Minecraft,🎁 FREE CAPE DROPS ON 🎁| HYPIXEL BEDWARS | Road to 2000⭐ | !code !discord,"['Bedwars', 'Minecraft', 'egirl', 'smp', 'eboy', 'HYPIXEL', 'SKYWARS', 'SKYBLOCK', 'SMP', 'English']",[],False
50,2025-03-28 16:31,thefreddymc,en,Minecraft,🚨 MINECRAFT YAPRUNNING 🚨 TRYING TO BEAT 1:00:00 (1.21.4) 🚨 YAPLIENS UNITE 👽🖖,['English'],[],False
51,2025-03-28 20:01,xBOOSE100x,es,Sea of Thieves,drops obsidiana🎁Testeando la nueva arma en pvp y pve 👒Gran sorteo  pase 15 seguidores  !horas !velas,"['PVP', 'PVE', 'Jugandoconlosespectadores', 'español', 'latam', 'DropOn', 'charlando', 'PC', 'Multijugador', 'SeaOfThievesPartner']",[],False
51,2025-03-28 20:01,azrazk,es,Grand Theft Auto V,PRIMER DIA DE ROLEPLAY (ELMURORP) || DIRECTO DE 12 HORAS,"['Español', 'GTAⅤ', 'ＧTA5', 'GTA5Onlline', 'gaming']",['MatureGame'],False
51,2025-03-28 20:01,puumii_,es,Minecraft,"[ARG/ES] ""EL AMULETO PERDIDO"" DIA 1...","['HUMOR', 'Español', 'psicologia', 'jugandoconseguidores', 'meme', 'bailemos', 'hopecore', 'tilteandogente', 'molestandogente', 'terror']",[],False
51,2025-03-28 20:01,ConejoPsycho,es,Fortnite,"sorteo de skins omaga!, barra de bits para nueva ram! @conejopsycho","['Español', 'bloxfruits', 'latino', 'mexico', 'conejo', 'Fortnite', 'familia', 'DropsActivados']",[],False
51,2025-03-28 20:01,carmenr87,es,Fortnite,🔞 👑45 JUGANDO CON SUBS Y SEGUIDORES !jugar !discord / CÓDIGO EPIC: CARMENR87 !codigo @carmenr87 🔞,"['Fortnite', 'workout', 'sorteofortnite', 'Español', 'fortniteconseguidores', 'Almería', 'juegoconseguidores', 'zombie', 'DropsActivados']",['ProfanityVulgarity'],False
51,2025-03-28 20:01,Katan_Alex,es,EA Sports FC 25,FUT CHAMP SEGUIDOR!! - MÁS [[!SORTEO]]⚽️ !CAMISETAS⚽️ !voz !tradeos !cofres !juegoporti !prime ⚽️,"['Espanol', 'Chatting', 'Just', 'Streamloots', 'Drops', 'Español', 'fútbol', 'futbol', 'deporte', 'sports']",[],False
51,2025-03-28 20:01,JaayMC,en,Minecraft,✨ NEW Capes! | 🌎 Minecraft Viewer SMPl! | 🌠 Partner Grind Streamathon (Day 5) 🌈 how are you?! | !join !partner,"['Survival', 'LGBTQ', 'SafeSpace', 'Cape', 'Drops', 'PlayingWithViewers', 'Chill', 'SMP', 'subathon', 'Minecraft']",[],False
51,2025-03-28 20:01,EiMine77,pt,Minecraft,✅ RECOMPENSAS ON! | ⭐ SEJA RÁPIDO E GANHE UMA CAPA DE GRAÇA: !CAPA | 💘 INSTAGRAM: @EIMINE77 | !ajuda !rerun !sub !subgratis !loja,"['Minecraft', 'EiMine', 'Português']",[],False
51,2025-03-28 20:01,BushCampDad,en,Fortnite,[DROPS ON] FISHING CC AND AIRCAMPING | USE CODE BUSHCAMPDAD #AD,"['camping', 'Bushcamper', 'treecamper', 'nokills', 'BadPlayerAlert', 'cantbuild', 'FamilyFriendly', 'English', 'wordsonstream', 'DropsEnabled']",[],False
52,2025-03-28 20:12,carmenr87,es,Fortnite,🔞 👑45 JUGANDO CON SUBS Y SEGUIDORES !jugar !discord / CÓDIGO EPIC: CARMENR87 !codigo @carmenr87 🔞,"['Fortnite', 'workout', 'sorteofortnite', 'Español', 'fortniteconseguidores', 'Almería', 'juegoconseguidores', 'zombie', 'DropsActivados']",['ProfanityVulgarity'],False
52,2025-03-28 20:12,xBOOSE100x,es,Sea of Thieves,drops obsidiana🎁Testeando la nueva arma en pvp y pve 👒Gran sorteo  pase 15 seguidores  !horas !velas,"['PVP', 'PVE', 'Jugandoconlosespectadores', 'español', 'latam', 'DropOn', 'charlando', 'PC', 'Multijugador', 'SeaOfThievesPartner']",[],False
52,2025-03-28 20:12,azrazk,es,Grand Theft Auto V,PRIMER DIA DE ROLEPLAY (ELMURORP) || DIRECTO DE 12 HORAS,"['Español', 'GTAⅤ', 'ＧTA5', 'GTA5Onlline', 'gaming']",['MatureGame'],False
52,2025-03-28 20:12,ConejoPsycho,es,Fortnite,"Dropp! sorteo de skins omaga!, barra de bits para nueva ram! @conejopsycho","['Español', 'bloxfruits', 'latino', 'mexico', 'conejo', 'Fortnite', 'familia', 'DropsActivados']",[],False
52,2025-03-28 20:12,puumii_,es,Minecraft,"[ARG/ES] ""EL AMULETO PERDIDO"" DIA 1...","['HUMOR', 'Español', 'psicologia', 'jugandoconseguidores', 'meme', 'bailemos', 'hopecore', 'tilteandogente', 'molestandogente', 'terror']",[],False
52,2025-03-28 20:12,Katan_Alex,es,EA Sports FC 25,FUT CHAMP SEGUIDOR!! - MÁS [[!SORTEO]]⚽️ !CAMISETAS⚽️ !voz !tradeos !cofres !juegoporti !prime ⚽️,"['Espanol', 'Chatting', 'Just', 'Streamloots', 'Drops', 'Español', 'fútbol', 'futbol', 'deporte', 'sports']",[],False
52,2025-03-28 20:13,ConanGW,es,EA Sports FC 25,☀️LAS 12🔥CONTENIDO DIARIO🎆EQUIPO 2 DREAMCHASERS😁PACK OPENING➡️!horarios !id,"['fc25', 'fc25livestream', 'fc25gameplay', 'fc25Live', 'futchampions', 'divisionrivals', 'fc25packopening', 'FC25stream', 'ConanGW', 'ultimateteam']",[],False
52,2025-03-28 20:13,Roxasorg13th,es,EA Sports FC 25,"EQUIPO 2 DREAMCHASERS!! MULLER SBC Y GABRIEL SBC, FUT CHAMPIONS, SOBRES Y EVOS!!",['Español'],[],False
52,2025-03-28 20:13,ertristoni,es,EA Sports FC 25,𝐅𝐔𝐓 𝐂𝐇𝐀𝐌𝐏𝐒 𝐒𝐄𝐂𝐔𝐍𝐃𝐀𝐑𝐈𝐎 | 𝐒𝐇𝐀𝐑𝐄 𝐏𝐋𝐀𝐘 𝐈𝐂𝐎𝐍𝐎𝐒/𝐑𝐄𝐂𝐎𝐌𝐏 💥𝙍𝙀𝘿𝙀𝙎: @ertristoni ❗Paypal ❗Cofres ❗Ventajas,"['Español', 'andaluz', 'EAsportsFC25', 'EASPORTS', 'fc25', 'eafc25', 'ultimateteam']",[],False
53,2025-03-28 20:19,carmenr87,es,Fortnite,🔞 👑45 JUGANDO CON SUBS Y SEGUIDORES !jugar !discord / CÓDIGO EPIC: CARMENR87 !codigo @carmenr87 🔞,"['Fortnite', 'workout', 'sorteofortnite', 'Español', 'fortniteconseguidores', 'Almería', 'juegoconseguidores', 'zombie', 'DropsActivados']",['ProfanityVulgarity'],False
53,2025-03-28 20:20,Katan_Alex,es,EA Sports FC 25,FUT CHAMP SEGUIDOR!! - MÁS [[!SORTEO]]⚽️ !CAMISETAS⚽️ !voz !tradeos !cofres !juegoporti !prime ⚽️,"['Espanol', 'Chatting', 'Just', 'Streamloots', 'Drops', 'Español', 'fútbol', 'futbol', 'deporte', 'sports']",[],False
53,2025-03-28 20:20,xBOOSE100x,es,Sea of Thieves,drops obsidiana🎁Testeando la nueva arma en pvp y pve 👒Gran sorteo  pase 15 seguidores  !horas !velas,"['PVP', 'PVE', 'Jugandoconlosespectadores', 'español', 'latam', 'DropOn', 'charlando', 'PC', 'Multijugador', 'SeaOfThievesPartner']",[],False
53,2025-03-28 20:20,azrazk,es,Grand Theft Auto V,PRIMER DIA DE ROLEPLAY (ELMURORP) || DIRECTO DE 12 HORAS,"['Español', 'GTAⅤ', 'ＧTA5', 'GTA5Onlline', 'gaming']",['MatureGame'],False
53,2025-03-28 20:20,puumii_,es,Minecraft,"[ARG/ES] ""EL AMULETO PERDIDO"" DIA 1...","['HUMOR', 'Español', 'psicologia', 'jugandoconseguidores', 'meme', 'bailemos', 'hopecore', 'tilteandogente', 'molestandogente', 'terror']",[],False
53,2025-03-28 20:20,IkiLive_,es,Marvel Rivals,🟠DR0PS ON🟠 DOMINANDO LOS DPS EN MARVEL RIVALS 🚨CÓDIGO DE CREADOR IKILIVE 🚨 | !Suerte !sorteo !redes,"['Español', 'Repetir', 'marvelrivals', 'marvel', 'Español', 'DropsActivados']",[],False
53,2025-03-28 20:20,CrumbGamingUk,en,The Sims 4,100 Modded Baby: Episode 4,"['Kindness', 'Chatty', 'English']",[],False
53,2025-03-28 20:20,ChickadeeSims,en,The Sims 4,♡ Joy of Life ~ Gen 1 ♡,"['English', 'LGBTAQIAplus', 'Chatty', 'NeuroSpicy', 'CozyChaos']",['ProfanityVulgarity'],False
53,2025-03-28 20:20,SBerryGames,en,The Sims 4,GRWM then furnish magic school | #eacreator #ad || #discord #merch | 03/28/2025 |,"['LGBTQIA', 'BISEXUAL', 'WOMAN', 'CHATTY', 'NOBACKSEATING', 'DISABLED', 'EA', 'EAPartner', 'ENGLISH', 'English']","['ProfanityVulgarity', 'SexualThemes']",True
54,2025-03-29 00:01,Rinnastarr,es,Fortnite,🏆HOY TORNEO EN DUOS y Sorteo SUBS🤩 !torneo !requisitos !sorteo,"['Español', 'gamestreaming', 'Shooter', '18maturelanguage', 'English', 'JugamosConSeguidores', 'fortnitegaminglive', 'torneofortnite', 'Fortnite', 'FortniteFestival']",[],False
54,2025-03-29 00:01,CursedFiber78,es,Overwatch 2,🎁DROPS 5 LOOTBOXES🎁🏹FREJA🏹💥🕊️🟠!FACEIT PARA UNIRTE AL CLUB🟠🕊️👴👴NO SON TANTOS ANUCIOS NO MAME💎REDES:@CursedFiber78,"['Español', 'malabarista', 'drops', 'tupapá', 'Elmejorstreamerdelmundo', 'OverwatchRanked', 'ElmejorREAPER', 'tortilla', 'DropsActivados']",[],False
54,2025-03-29 00:01,puumii_,es,World of Warcraft,[ARG/ES] WARMANE POR PRIMERA VEZ,"['HUMOR', 'Español', 'psicologia', 'jugandoconseguidores', 'meme', 'bailemos', 'hopecore', 'tilteandogente', 'molestandogente', 'terror']",[],False
54,2025-03-29 00:01,Luich404,es,Minecraft,AQUI HAY CAPAS!  LA CAPA! EVENTO ESPECIAL DE MINECRAFT BEDROCK PARA GANAR UNA CAPA EDICION ESPECIAL DE LA PELICULA - DROPS ACTIVADOS,"['Español', 'Recompensasdeespectador']",[],False
54,2025-03-29 00:01,IkiLive_,es,Marvel Rivals,🟠DR0PS ON🟠 DOMINANDO LOS DPS EN MARVEL RIVALS 🚨CÓDIGO DE CREADOR IKILIVE 🚨 | !Suerte !sorteo !redes,"['Español', 'Repetir', 'marvelrivals', 'marvel', 'Español', 'DropsActivados']",[],False
54,2025-03-29 00:01,Katan_Alex,es,EA Sports FC 25,FUT CHAMP SEGUIDOR!! - MÁS [[!SORTEO]]⚽️ !CAMISETAS⚽️ !voz !tradeos !cofres !juegoporti !prime ⚽️,"['Espanol', 'Chatting', 'Just', 'Streamloots', 'Drops', 'Español', 'fútbol', 'futbol', 'deporte', 'sports']",[],False
54,2025-03-29 00:01,LendasDoMar,pt,Sea of Thieves,⭐DROPS⭐ Dessa vez é comigo | !lendas,"['seaofthieves', 'navalgame', 'streamers', 'brazil', 'community', 'seaofthievescommunity', 'seaofstars', 'lendasdomar', 'Português', 'DropsAtivados']",[],False
54,2025-03-29 00:02,iamcomH,pt,Sea of Thieves,[DROPS ON] AHOY!! Bora caçar!! Parceiro do @lendasdomar - !discord !pix !lendas !comandos,"['Português', 'Español', 'game', 'conversa', 'seaofthieves', 'DropsAtivados']",[],False
54,2025-03-29 00:02,Sigy,en,Sea of Thieves,🔴OBSIDIAN !DROPS🔴Subscribe to the SECOND CHANNEL!🔴19/100 days in a row🔴,"['English', 'DropsEnabled']",[],True
55,2025-03-29 00:09,Rinnastarr,es,Fortnite,🏆HOY TORNEO EN DUOS y Sorteo SUBS🤩 !torneo !requisitos !sorteo,"['Español', 'gamestreaming', 'Shooter', '18maturelanguage', 'English', 'JugamosConSeguidores', 'fortnitegaminglive', 'torneofortnite', 'Fortnite', 'FortniteFestival']",[],False
55,2025-03-29 00:09,CursedFiber78,es,Overwatch 2,🎁DROPS 5 LOOTBOXES🎁🏹FREJA🏹💥🕊️🟠!FACEIT PARA UNIRTE AL CLUB🟠🕊️👴👴NO SON TANTOS ANUCIOS NO MAME💎REDES:@CursedFiber78,"['Español', 'malabarista', 'drops', 'tupapá', 'Elmejorstreamerdelmundo', 'OverwatchRanked', 'ElmejorREAPER', 'tortilla', 'DropsActivados']",[],False
55,2025-03-29 00:09,puumii_,es,World of Warcraft,[ARG/ES] WARMANE POR PRIMERA VEZ,"['HUMOR', 'Español', 'psicologia', 'jugandoconseguidores', 'meme', 'bailemos', 'hopecore', 'tilteandogente', 'molestandogente', 'terror']",[],False
55,2025-03-29 00:09,Luich404,es,Minecraft,AQUI HAY CAPAS!  LA CAPA! EVENTO ESPECIAL DE MINECRAFT BEDROCK PARA GANAR UNA CAPA EDICION ESPECIAL DE LA PELICULA - DROPS ACTIVADOS,"['Español', 'Recompensasdeespectador']",[],False
55,2025-03-29 00:10,IkiLive_,es,Marvel Rivals,🟠DR0PS ON🟠 DOMINANDO LOS DPS EN MARVEL RIVALS 🚨CÓDIGO DE CREADOR IKILIVE 🚨 | !Suerte !sorteo !redes,"['Español', 'Repetir', 'marvelrivals', 'marvel', 'Español', 'DropsActivados']",[],False
55,2025-03-29 00:10,Katan_Alex,es,PUBG: BATTLEGROUNDS,FUT CHAMP SEGUIDOR!! - MÁS [[!SORTEO]]⚽️ !CAMISETAS⚽️ !voz !tradeos !cofres !juegoporti !prime ⚽️,"['Espanol', 'Chatting', 'Just', 'Streamloots', 'Drops', 'Español', 'fútbol', 'futbol', 'deporte', 'sports']",[],False
55,2025-03-29 00:10,diegozombi,es,R.E.P.O.,"REPO REPO REPO REPO 🏁Carreras , Face To Face🏁!memide !discord",['Español'],[],False
55,2025-03-29 00:10,AndriK4T,es,Schedule I,mi pc no aguanta | !Comandos,"['hablandoconelchat', 'HablandoConEspectadores', 'storytimes', 'Español']",[],False
55,2025-03-29 00:10,ShamiiPlay,es,Grand Theft Auto V,(PC - OLD GEN) CARRERAS CON SEGUIDORES 😳 | GTA | !video |!redes !ds,"['Chile', 'Español', 'gaming']",['MatureGame'],False
56,2025-03-29 00:17,CursedFiber78,es,Overwatch 2,🎁DROPS 5 LOOTBOXES🎁🏹FREJA🏹💥🕊️🟠!FACEIT PARA UNIRTE AL CLUB🟠🕊️👴👴NO SON TANTOS ANUCIOS NO MAME💎REDES:@CursedFiber78,"['Español', 'malabarista', 'drops', 'tupapá', 'Elmejorstreamerdelmundo', 'OverwatchRanked', 'ElmejorREAPER', 'tortilla', 'DropsActivados']",[],False
56,2025-03-29 00:17,Rinnastarr,es,Fortnite,🏆HOY TORNEO EN DUOS y Sorteo SUBS🤩 !torneo !requisitos !sorteo,"['Español', 'gamestreaming', 'Shooter', '18maturelanguage', 'English', 'JugamosConSeguidores', 'fortnitegaminglive', 'torneofortnite', 'Fortnite', 'FortniteFestival']",[],False
56,2025-03-29 00:17,puumii_,es,World of Warcraft,[ARG/ES] WARMANE POR PRIMERA VEZ,"['HUMOR', 'Español', 'psicologia', 'jugandoconseguidores', 'meme', 'bailemos', 'hopecore', 'tilteandogente', 'molestandogente', 'terror']",[],False
56,2025-03-29 00:17,Luich404,es,Minecraft,AQUI HAY CAPAS!  LA CAPA! EVENTO ESPECIAL DE MINECRAFT BEDROCK PARA GANAR UNA CAPA EDICION ESPECIAL DE LA PELICULA - DROPS ACTIVADOS,"['Español', 'Recompensasdeespectador']",[],False
56,2025-03-29 00:17,Katan_Alex,es,PUBG: BATTLEGROUNDS,FUT CHAMP SEGUIDOR!! - MÁS [[!SORTEO]]⚽️ !CAMISETAS⚽️ !voz !tradeos !cofres !juegoporti !prime ⚽️,"['Espanol', 'Chatting', 'Just', 'Streamloots', 'Drops', 'Español', 'fútbol', 'futbol', 'deporte', 'sports']",[],False
56,2025-03-29 00:17,IkiLive_,es,Marvel Rivals,🟠DR0PS ON🟠 DOMINANDO LOS DPS EN MARVEL RIVALS 🚨CÓDIGO DE CREADOR IKILIVE 🚨 | !Suerte !sorteo !redes,"['Español', 'Repetir', 'marvelrivals', 'marvel', 'Español', 'DropsActivados']",[],False
56,2025-03-29 00:17,scotteh,en,Minecraft,(DROPS) Get ya Free Minecraft Cape Here! - !cape !drop !delay,"['Minecraft', 'English', 'ViewerRewards']",[],False
56,2025-03-29 00:17,tgolden1456,en,Minecraft,Playing Minecraft With Viewers! Bedrock Edition,"['PlayingwWithViewers', 'PlayingwithViewers', 'cozy', 'English', 'Birthday', 'Minecraft', 'Realm', 'bedrock', 'bedrockedition', 'ViewerRewards']",[],False
56,2025-03-29 00:17,MrJashon,en,Fortnite,{PICKAXE DROPS HERE}🌎PLAYING SOME FORT THEN FINISHING SPLIT FICTION🌎 !discord !instagram !drops,"['English', 'ADHD', 'skinny', 'mukbang', 'gamer', '6feet2', 'drops', 'event', 'DropsEnabled']",['ProfanityVulgarity'],False
57,2025-03-29 04:01,jetblackbeat,es,South Park: The Stick of Truth,fornique,"['Español', 'Latinoamérica', 'AnimeEnjoyer', 'ｖtuber', 'musiclover', 'felicesfiestas', 'naca', 'chistesmalosbeat']",['MatureGame'],False
57,2025-03-29 04:01,ConejoPsycho,es,R.E.P.O.,"noche de chicas trans!, barra de bits para nueva ram! @conejopsycho","['Español', 'bloxfruits', 'latino', 'mexico', 'conejo', 'Fortnite', 'familia']",[],False
57,2025-03-29 04:01,GameFermx,es,Overwatch 2,VENTE A JUGAR,"['Español', 'DropsActivados']",[],False
57,2025-03-29 04:01,Ache,es,Fortnite,[Drops Activos] HAN VUELTO las SKINS de DUNE a la TIENDA 🤩,"['Español', 'Shooter', 'Fortnite', 'ache', 'DropsActivados']",[],False
57,2025-03-29 04:01,vlakmorrison,es,Overwatch 2,PSEUDO STREAMER SE CREE BONITA Y GRACIOSA HACIENDO 2 3 TRUCOS!!,"['FURRY', 'EMO', 'ESPAÑOL', 'LGBT', 'FEMBOY', 'Español']",['ProfanityVulgarity'],False
57,2025-03-29 04:01,SainJimmy,es,VALORANT,💎 EXTENSIBLE 💎 CUSTOMS CON VIEWERS 🔥🔥,['Español'],[],False
57,2025-03-29 04:01,daleruiva,pt,Red Dead Redemption 2,[+18] [ATLANTA RP] DIA DE CUIDAR DA FAZENDA! !Atlanta !insta !pix !tiktok !discord #liveon 🟢,"['Português', 'liveon', 'livegamestream', 'RedDeadRedempition2', 'reddeadrp', 'atlantarp']","['DrugsIntoxication', 'MatureGame', 'ProfanityVulgarity', 'ViolentGraphic']",False
57,2025-03-29 04:01,XakaBR,pt,Grand Theft Auto V,[+18] SCC - SEXTOUUUUUUUUUUUUUUUUUUUUUUUUUUUUUU com drift HUHUHUHUHU,"['PORTUGUESE', 'PORTUGUES', 'BRAZILIAN', 'automobile', 'pcgames', 'racing', 'Brasil', 'rpbrasil', 'gta5', 'gta5rp']",['MatureGame'],False
57,2025-03-29 04:01,Bkinho,pt,Grand Theft Auto V,O GRANDE FIM É HOJE?! DIA DE WIPE?,"['Português', 'Turquia', 'Hype', 'Bkinho']",['MatureGame'],False
58,2025-03-29 04:11,Ache,es,Fortnite,[Drops Activos] HAN VUELTO las SKINS de DUNE a la TIENDA 🤩,"['Español', 'Shooter', 'Fortnite', 'ache', 'DropsActivados']",[],False
58,2025-03-29 04:11,ConejoPsycho,es,R.E.P.O.,"noche de chicas trans!, barra de bits para nueva ram! @conejopsycho","['Español', 'bloxfruits', 'latino', 'mexico', 'conejo', 'Fortnite', 'familia']",[],False
58,2025-03-29 04:11,GameFermx,es,Overwatch 2,VENTE A JUGAR,"['Español', 'DropsActivados']",[],False
58,2025-03-29 04:11,vocdante,es,Sea of Thieves,¡Navegando en aguas bugeadónicas! - Completando los elogios infinitos y otras cositas 😎,"['English', 'Español', 'LATAM', 'PvEPvP', 'DropsActivados']",[],False
58,2025-03-29 04:11,SainJimmy,es,VALORANT,💎 EXTENSIBLE 💎 CUSTOMS CON VIEWERS 🔥🔥,['Español'],[],False
58,2025-03-29 04:11,Suwew,es,Overwatch 2,RANKS CHILL,"['México', 'Español', 'Gorylover']",[],False
58,2025-03-29 04:11,uwurachi_,es,Warzone,El fortnite nos baneó,"['girl', 'gameplay', 'callofdutymobile', 'pokemongames', 'Maquillaje', 'girlystreamer', 'Repetir', 'Español', 'NBA', 'deportes']",[],False
58,2025-03-29 04:12,iSathari,es,VALORANT,(ESP/ENG) VOLVIO SU INSTALOCK REYNA FAVORITA!!! ଘ(੭ˊ꒳ˋ)੭✧,['Español'],[],False
58,2025-03-29 04:12,GelisGelita,es,Fortnite,🚨DROPS ON🚨 1V1 CONTRA FANS ⛔️☄️🤯 | ven a PLATICAR CONMIGO 🌸🐥🦄 | !redes !tiktok 🚨🚨🚨,"['jugarconmigo', 'Preguntameloquegustes', 'Español', 'English', 'Mexico', 'Mujer', 'EstadosUnidos', 'DropsActivados']",[],False
59,2025-03-29 04:22,Ache,es,Fortnite,[Drops Activos] HAN VUELTO las SKINS de DUNE a la TIENDA 🤩,"['Español', 'Shooter', 'Fortnite', 'ache', 'DropsActivados']",[],False
59,2025-03-29 04:22,GameFermx,es,Overwatch 2,VENTE A JUGAR,"['Español', 'DropsActivados']",[],False
59,2025-03-29 04:22,SainJimmy,es,Just Chatting,💎 EXTENSIBLE 💎 CUSTOMS CON VIEWERS 🔥🔥,['Español'],[],False
59,2025-03-29 04:22,Suwew,es,Overwatch 2,RANKS CHILL,"['México', 'Español', 'Gorylover', 'DropsActivados']",[],False
59,2025-03-29 04:22,ConejoPsycho,es,R.E.P.O.,"noche de chicas trans!, barra de bits para nueva ram! @conejopsycho","['Español', 'bloxfruits', 'latino', 'mexico', 'conejo', 'Fortnite', 'familia']",[],False
59,2025-03-29 04:22,PikAHiMoViC,es,Marvel Rivals,🎁 !DROPS 24/7 🎁 RANKEDS PLATINO! 😈 SKIN ADAM WARLOCK! 🙋🏻‍♂️ !jugar !horario,"['dropsactivados', 'dropsactivos', 'drops', 'callofduty', 'blackops6', 'bo6', 'fc25', 'fifa', 'marvelrivals', 'español']",[],False
59,2025-03-29 04:22,rene8808,es,American Truck Simulator,🐸JUGANDO Y PLATICANDO CON USTEDES gg🐸,['Español'],[],False
59,2025-03-29 04:22,vonhayden1703,es,Tom Clancy's Rainbow Six Siege,ranks champ/cam on / afris on? 😈😈 //toxicidad//racismo=ban,"['chile', 'pc', 'spanish', 'rainbow', 'Español']","['DrugsIntoxication', 'MatureGame']",False
59,2025-03-29 04:22,ixhemaa,es,Tom Clancy's Rainbow Six Siege,Cansado de perder🥲 | CHAMPION DE PAPEL🌺 | #UBISOFTPARTNER,"['Español', 'México', 'conversando', 'cotorreando', 'Xbox']",['MatureGame'],False
60,2025-03-29 04:33,elphantomlol,es,League of Legends,Fokinchet regrese oa| !sr activo,"['gamer', 'Vtuber', 'Español', 'México', 'VtuberESP', 'VtuberHombre', 'VtuberEN', 'leagueoflegends']",[],False
60,2025-03-29 04:33,vocdante,es,Sea of Thieves,¡Navegando en aguas bugeadónicas! - Completando los elogios infinitos y otras cositas 😎,"['English', 'Español', 'LATAM', 'PvEPvP', 'DropsActivados']",[],False
60,2025-03-29 04:33,T3chnopanda,en,Marvel Rivals,(TWITCH DROPS ENABLED) GETTING BACK TO CELESTIAL!POWER THROUGH POSITIVITY!,"['positive', 'chatty', 'love', 'English', 'DropsEnabled']",[],False
60,2025-03-29 04:33,Ache,es,Fortnite,[Drops Activos] HAN VUELTO las SKINS de DUNE a la TIENDA 🤩,"['Español', 'Shooter', 'Fortnite', 'ache', 'DropsActivados']",[],False
60,2025-03-29 04:33,AndriK4T,es,Just Chatting,Chismeando de tranqui | !Comandos,"['hablandoconelchat', 'HablandoConEspectadores', 'storytimes', 'Español']",[],False
60,2025-03-29 04:33,PikAHiMoViC,es,Marvel Rivals,🎁 !DROPS 24/7 🎁 RANKEDS PLATINO! 😈 SKIN ADAM WARLOCK! 🙋🏻‍♂️ !jugar !horario,"['dropsactivados', 'dropsactivos', 'drops', 'callofduty', 'blackops6', 'bo6', 'fc25', 'fifa', 'marvelrivals', 'español']",[],False
60,2025-03-29 04:33,Hypoxifyy,en,Call of Duty,HEHE,"['Horror', 'Toronto', 'callofduty', 'playwithviewers', 'ChillingWithChat', 'marvelrivals', 'Destiny2', '18plusstream', 'outlast', 'evilwithin']",[],False
60,2025-03-29 04:33,kxTRASH,en,Fortnite,TrashBot activated | !contest (March 29th),"['English', 'chill', 'Fortnite', '420friendly', 'Female', 'Trash', '420', 'DropsEnabled']",['DrugsIntoxication'],False
60,2025-03-29 04:33,LEDtheGOAT,en,Minecraft,❤️ LOVE SHACK ❤️ TURBO GANG,"['English', 'ViewerRewards']",[],False
61,2025-03-29 04:39,Ache,es,Fortnite,[Drops Activos] HAN VUELTO las SKINS de DUNE a la TIENDA 🤩,"['Español', 'Shooter', 'Fortnite', 'ache', 'DropsActivados']",[],False
61,2025-03-29 04:39,AndriK4T,es,Just Chatting,Chismeando de tranqui | !Comandos,"['hablandoconelchat', 'HablandoConEspectadores', 'storytimes', 'Español']",[],False
61,2025-03-29 04:40,ConejoPsycho,es,R.E.P.O.,"noche de chicas trans!, barra de bits para nueva ram! @conejopsycho","['Español', 'bloxfruits', 'latino', 'mexico', 'conejo', 'Fortnite', 'familia']",[],False
61,2025-03-29 04:40,GameFermx,es,Overwatch 2,VENTE A JUGAR,"['Español', 'DropsActivados']",[],False
61,2025-03-29 04:40,T3chnopanda,en,Marvel Rivals,(TWITCH DROPS ENABLED) GETTING BACK TO CELESTIAL!POWER THROUGH POSITIVITY!,"['positive', 'chatty', 'love', 'English', 'DropsEnabled']",[],False
61,2025-03-29 04:40,vocdante,es,Sea of Thieves,¡Navegando en aguas bugeadónicas! - Completando los elogios infinitos y otras cositas 😎,"['English', 'Español', 'LATAM', 'PvEPvP', 'DropsActivados']",[],False
61,2025-03-29 04:40,K4hhny,en,Minecraft,[DROPS] 🔥 Comfy Craft Season 7 Final touches! | SMP With Viewers!⭐!discord,"['English', 'Chilled', 'PlayingwithViewers', 'subathon', 'SMP', 'SafeSpace', 'Comfy', 'ADHD', 'Java', 'minecraft']",[],False
61,2025-03-29 04:40,VODQAAA,en,Marvel Rivals,Hour stream (LATE NIGHT),"['English', 'DropsEnabled']","['DrugsIntoxication', 'ProfanityVulgarity', 'SexualThemes', 'ViolentGraphic']",False
61,2025-03-29 04:40,EiMine77,pt,Minecraft,✅ RECOMPENSAS ON! | ⭐ SEJA RÁPIDO E GANHE UMA CAPA DE GRAÇA: !CAPA | 💘 INSTAGRAM: @EIMINE77 | !ajuda !rerun !sub !subgratis !loja,"['Minecraft', 'EiMine', 'Português', 'RecompensasEspetadores']",[],False
62,2025-03-29 08:01,JoseteAlm,es,Sea of Thieves,🟢OBSIDIAN DROPS🐔Un variadito🐔ES|EN !discord !josetazo !redes,"['Español', 'English', 'aventura', 'PvP', 'JvJ', 'seaofthieves', 'drops', 'DropsActivados']",[],False
62,2025-03-29 08:01,Ache,es,Fortnite,[Drops Activos] HAN VUELTO las SKINS de DUNE a la TIENDA 🤩,"['Español', 'Shooter', 'Fortnite', 'ache', 'DropsActivados']",[],False
62,2025-03-29 08:01,Francolico,es,Sea of Thieves,DROPS ON!! A seguir sumando niveles en el  PvP!!| Comando !voz !sr,"['Español', 'manqueando', 'paliqueo', 'SeaofThievesgameplay', 'DropsActivados']",[],False
62,2025-03-29 08:01,GameFermx,es,I'm Only Sleeping,EXTENSIBLE !!!  VIDEOS,['Español'],[],False
62,2025-03-29 08:01,AngrodTralari,es,Overwatch 2,!DROPS LOOTBOXES 🔴 EXPERIMENTANDO EN EL 6 VS 6 🔴 RANKEDS PERFORMANDO AL MÁXIMO 🔴 Sorteo 1000 Monedas,"['Español', 'charla', 'competitivo', 'Overwatch2', 'drops', 'ranked', 'Shooter', 'DropsActivados']",[],False
62,2025-03-29 08:01,pelayogl,es,Fortnite,🎁1V1 SI ME GANAS = 1500PAVOS | LUEGO LATES WIN=2€💸| !SUB= NUEVAS !ventajas + NUEVA !ruleta + NUEVOS !cofres💜// !pc !horario,"['Español', 'Fortnite', 'jugandoconseguidores', 'DropsActivados']",[],False
62,2025-03-29 08:01,flotsam,en,Sea of Thieves,✅OBSIDIAN DROPS✅ Bully PvP w/ @cjshiz,"['DropsEnabled', 'Solo', 'PvP', 'English']",[],False
62,2025-03-29 08:01,CJSHIZ,en,Sea of Thieves,🟢OBSIDIAN !DROPS 🟢 35% OFF GIFTED SUBS 🟢 !yt !merch !gfuel !giveaway 🟢 W/ @flotsam,"['PvP', 'SeaOfThievesPartner', 'Giveaway', 'English', 'GFUEL', 'DropsEnabled']",[],False
62,2025-03-29 08:01,RocketManKian,en,Sea of Thieves,🟢OBSIDIAN !DROPS DAY 6🟢| !merch - !kofi - !discord,"['English', 'FamilyFriendly', 'ducks', 'SoggyCereal', 'SoTPartner', 'UbisoftCreator', 'DropsEnabled']",[],False
63,2025-03-29 08:09,JoseteAlm,es,Sea of Thieves,🟢OBSIDIAN DROPS🐔Un variadito🐔ES|EN !discord !josetazo !redes,"['Español', 'English', 'aventura', 'PvP', 'JvJ', 'seaofthieves', 'drops', 'DropsActivados']",[],False
63,2025-03-29 08:09,Francolico,es,Sea of Thieves,DROPS ON!! A seguir sumando niveles en el  PvP!!| Comando !voz !sr,"['Español', 'manqueando', 'paliqueo', 'SeaofThievesgameplay', 'DropsActivados']",[],False
63,2025-03-29 08:09,Ache,es,Fortnite,[Drops Activos] HAN VUELTO las SKINS de DUNE a la TIENDA 🤩,"['Español', 'Shooter', 'Fortnite', 'ache', 'DropsActivados']",[],False
63,2025-03-29 08:09,GameFermx,es,I'm Only Sleeping,EXTENSIBLE !!!  VIDEOS,['Español'],[],False
63,2025-03-29 08:09,AngrodTralari,es,Overwatch 2,!DROPS LOOTBOXES 🔴 EXPERIMENTANDO EN EL 6 VS 6 🔴 RANKEDS PERFORMANDO AL MÁXIMO 🔴 Sorteo 1000 Monedas,"['Español', 'charla', 'competitivo', 'Overwatch2', 'drops', 'ranked', 'Shooter', 'DropsActivados']",[],False
63,2025-03-29 08:09,LuToruVT,es,I'm Only Sleeping,"✨🍑EXTENSIBLE INFINITO, DIA 26✨🍑","['español', 'Monachina', 'Mexicana', 'mujer', 'Español', 'Cosplay', 'IRL']",['ProfanityVulgarity'],False
63,2025-03-29 08:09,dakrox7,es,Grand Theft Auto V,ROLAS ACADEMY🔫 + NUEVO SERVER🔥|❗raid❗discord ❗redes❗g2a ❗prozis,['Español'],['MatureGame'],False
63,2025-03-29 08:09,thedanirep,es,Grand Theft Auto V,MARATÓN DE DANIREP - DÍA 600,"['Español', 'Repetir']",['MatureGame'],False
63,2025-03-29 08:09,gerardromero,es,Sports,JIJANTES | PREVIA BARÇA - GIRONA. LOS 10 ÚLTIMOS 10 PARTIDOS. RDP DE HANSI + MICHEL. CONEXIÓN NIL SOLÀ. AGORA FUTBOL,"['Español', 'felicesfiestas']",[],False
64,2025-03-29 08:19,JoseteAlm,es,Sea of Thieves,🟢OBSIDIAN DROPS🐔Un variadito🐔ES|EN !discord !josetazo !redes,"['Español', 'English', 'aventura', 'PvP', 'JvJ', 'seaofthieves', 'drops', 'DropsActivados']",[],False
64,2025-03-29 08:19,Francolico,es,Sea of Thieves,DROPS ON!! A seguir sumando niveles en el  PvP!!| Comando !voz !sr,"['Español', 'manqueando', 'paliqueo', 'SeaofThievesgameplay', 'DropsActivados']",[],False
64,2025-03-29 08:19,iKeyla635,es,Fortnite,!Drops + subiendo el PASE ♡ #ROADTOPARTNER | !dc !ig !drops,"['Chill', 'ADHD', 'Anime', 'Español', 'English', 'girl', 'hycraft', 'roblox', 'vtuber', 'DropsActivados']",[],False
64,2025-03-29 08:20,GameFermx,es,I'm Only Sleeping,EXTENSIBLE !!!  VIDEOS,['Español'],[],False
64,2025-03-29 08:20,Ache,es,Fortnite,[Drops Activos] HAN VUELTO las SKINS de DUNE a la TIENDA 🤩,"['Español', 'Shooter', 'Fortnite', 'ache', 'DropsActivados']",[],False
64,2025-03-29 08:20,AngrodTralari,es,Overwatch 2,!DROPS LOOTBOXES 🔴 EXPERIMENTANDO EN EL 6 VS 6 🔴 RANKEDS PERFORMANDO AL MÁXIMO 🔴 Sorteo 1000 Monedas,"['Español', 'charla', 'competitivo', 'Overwatch2', 'drops', 'ranked', 'Shooter', 'DropsActivados']",[],False
64,2025-03-29 08:20,Fluffy,fr,Disney Dreamlight Valley,╰>Farm & chill sur disney dreamlight ▌DLV ▌〖10H-?? → !holy 〗,"['Français', 'cosy', 'safeplace', 'acnh', 'animalcrossing', 'coralisland', 'disney', 'coloriage']",[],True
64,2025-03-29 08:20,Sheldask,fr,Just Chatting,Live 12H : les 4 ans de la chaîne ! | !rs !discord,"['EpicPartner', 'Français']",[],False
64,2025-03-29 08:20,Carosimsunivers,fr,inZOI,🇫🇷 | L'aventure inZOI commence maintenant. |❗lurk❗bs,"['TeamEnCarton', 'Français', 'EAPartner', 'SafePlaceForAll', 'Alliée', 'LurkersWelcome', 'LurkerFriendly']",[],False
65,2025-03-29 12:01,Francolico,es,Sea of Thieves,DROPS ON!! A seguir sumando niveles en el  PvP!!| Comando !voz !sr,"['Español', 'manqueando', 'paliqueo', 'SeaofThievesgameplay', 'DropsActivados']",[],False
65,2025-03-29 12:01,Horcus,es,VALORANT,🏆TOP 1 RADIANT CHALLENGE🏆 !aim @Horcus,"['Español', 'España', 'Valorant', 'Radiant', 'Spanish', 'English', 'Competitive', 'Drops', 'Competitivo', 'asmr']",[],False
65,2025-03-29 12:01,MKimada,es,Overwatch 2,"[DROPS] Miro vuestras jugadas, luego classic y después normales 👀 | Día 348 sin ser baneado | !torneo !redes !socials @mkimada","['Español', 'autoconocimiento', 'drops', 'DropsActivados']",[],False
65,2025-03-29 12:01,GameFermx,es,I'm Only Sleeping,EXTENSIBLE !!!  VIDEOS,['Español'],[],False
65,2025-03-29 12:01,vkingantiquera,es,Minecraft,HOY SE JUEGA CON MANCOS,"['CHILE', 'ARGENTINA', 'COLOMBIA', 'ESPAÑOL', 'ESPAÑA', 'CHARLANDO', 'PERU', 'MEXICO', 'Español', 'Recompensasdeespectador']",['ProfanityVulgarity'],False
65,2025-03-29 12:01,AlatreusTV,es,ROBLOX,DEAD RAILS SE ESTÁ VOLVIENDO INCONTROLABLE Y NO PUEDO ESCAPAR,"['Español', 'roblox']",[],False
65,2025-03-29 12:01,thedanirep,es,Grand Theft Auto V,MARATÓN DE DANIREP - DÍA 600,"['Español', 'Repetir']",['MatureGame'],False
65,2025-03-29 12:01,dakrox7,es,Grand Theft Auto V,PLANETARIUM RP🔞| 🟢DAKROX GANG🟢|🔥ATRACO A YATE🔥|❗raid❗discord❗redes❗g2a ❗prozis,['Español'],['MatureGame'],False
65,2025-03-29 12:01,RobertGameplaysOfficial,es,ROBLOX,¡SABADO DE COMIDA Y RUMBEITO!  🔴👑Jugando ROBLOX con seguidores👑🔴  ¿Te unes?,"['Español', 'IRL', 'roblox', 'robloxlive', 'robloxgames', 'bloxfruits', 'IRLchatting']",[],False
66,2025-03-29 12:13,Francolico,es,Sea of Thieves,DROPS ON!! A seguir sumando niveles en el  PvP!!| Comando !voz !sr,"['Español', 'manqueando', 'paliqueo', 'SeaofThievesgameplay', 'DropsActivados']",[],False
66,2025-03-29 12:13,Horcus,es,VALORANT,🏆TOP 1 RADIANT CHALLENGE🏆 !aim @Horcus,"['Español', 'España', 'Valorant', 'Radiant', 'Spanish', 'English', 'Competitive', 'Drops', 'Competitivo', 'asmr']",[],False
66,2025-03-29 12:13,MKimada,es,Overwatch 2,"[DROPS] Miro vuestras jugadas, luego classic y después normales 👀 | Día 348 sin ser baneado | !torneo !redes !socials @mkimada","['Español', 'autoconocimiento', 'drops', 'DropsActivados']",[],False
66,2025-03-29 12:13,vkingantiquera,es,Minecraft,HOY SE JUEGA CON MANCOS,"['CHILE', 'ARGENTINA', 'COLOMBIA', 'ESPAÑOL', 'ESPAÑA', 'CHARLANDO', 'PERU', 'MEXICO', 'Español', 'Recompensasdeespectador']",['ProfanityVulgarity'],False
66,2025-03-29 12:13,AlatreusTV,es,ROBLOX,DEAD RAILS SE ESTÁ VOLVIENDO INCONTROLABLE Y NO PUEDO ESCAPAR,"['Español', 'roblox']",[],False
66,2025-03-29 12:13,iKeyla635,es,Fortnite,!Drops + subiendo el PASE ♡ #ROADTOPARTNER | !dc !ig !drops,"['Chill', 'ADHD', 'Anime', 'Español', 'English', 'girl', 'hycraft', 'roblox', 'vtuber', 'DropsActivados']",[],False
66,2025-03-29 12:13,elsolet,es,League of Legends,Paz mental 😇 smurf gaming prefurbo || !redes !elo || 🧘‍♂️,"['esp', 'LoL', 'Jungla', 'Viego', 'Elise', 'Skarner', 'Valorant', 'Valo', 'Español']",[],False
66,2025-03-29 12:13,cartanyaaa,es,Grand Theft Auto V,"(PS4) SABADO DE JUGAR GTA ONLINE UNETE!! Quedadas , rutas y actividades en GTA 5 ONLINE | !bits !redes !discord !id","['Español', 'gta', 'gta5online', 'gtaonline', 'LATAM', 'gtavoline', 'Jugarconespectadores', 'jugandoconseguidores']",['MatureGame'],False
66,2025-03-29 12:13,i_pinger,ru,The Forest,Играем в The Forest!!! Залетай к нам скорее:),"['Русский', 'forest', 'форест']",['MatureGame'],False
67,2025-03-29 12:20,Francolico,es,Sea of Thieves,DROPS ON!! A seguir sumando niveles en el  PvP!!| Comando !voz !sr,"['Español', 'manqueando', 'paliqueo', 'SeaofThievesgameplay', 'DropsActivados']",[],False
67,2025-03-29 12:20,Horcus,es,VALORANT,🏆TOP 1 RADIANT CHALLENGE🏆 !aim @Horcus,"['Español', 'España', 'Valorant', 'Radiant', 'Spanish', 'English', 'Competitive', 'Drops', 'Competitivo', 'asmr']",[],False
67,2025-03-29 12:20,MKimada,es,Overwatch 2,"[DROPS] Miro vuestras jugadas, luego classic y después normales 👀 | Día 348 sin ser baneado | !torneo !redes !socials @mkimada","['Español', 'autoconocimiento', 'drops', 'DropsActivados']",[],False
67,2025-03-29 12:20,GameFermx,es,I'm Only Sleeping,EXTENSIBLE !!!  VIDEOS,['Español'],[],False
67,2025-03-29 12:20,vkingantiquera,es,Minecraft,HOY SE JUEGA CON MANCOS,"['CHILE', 'ARGENTINA', 'COLOMBIA', 'ESPAÑOL', 'ESPAÑA', 'CHARLANDO', 'PERU', 'MEXICO', 'Español', 'Recompensasdeespectador']",['ProfanityVulgarity'],False
67,2025-03-29 12:20,AlatreusTV,es,ROBLOX,DEAD RAILS SE ESTÁ VOLVIENDO INCONTROLABLE Y NO PUEDO ESCAPAR,"['Español', 'roblox']",[],False
67,2025-03-29 12:21,ByZapi,es,EA Sports FC 25,"+ 100 SOBRES,+ 100 MEJORAS +77,UNOS CUANTOS ICONOS,TORPEDO MULLER,TU Y YO🔥🔥🔥🔥🔥🔥 VAYA SABADO TE TENGO PREPARAO 🆎🆎🆎🆎","['español', 'byzapi', 'futbol', 'byvacaciones', 'diversion', 'risas', 'Español', 'fc', 'fc25', 'fifa']",[],False
67,2025-03-29 12:21,IlloJuan,es,Just Chatting,🔥 TARDE DE GILIPOLLAS PERDÍO 🔥 - R.E.P.O. ft. Andrés y Guille #2,['Español'],[],False
67,2025-03-29 12:21,SinSangre_,es,Fortnite,[DROPS AQUI] EL PICO SI LO PODEIS CONSEGUIR AUNQUE FORTNITE NO FUNCIONE,"['Español', 'sinsangre', 'Fortnite', 'holidayhoopla', 'DropsActivados']",[],False
68,2025-03-29 12:29,Francolico,es,Sea of Thieves,DROPS ON!! A seguir sumando niveles en el  PvP!!| Comando !voz !sr,"['Español', 'manqueando', 'paliqueo', 'SeaofThievesgameplay', 'DropsActivados']",[],False
68,2025-03-29 12:29,Horcus,es,VALORANT,🏆TOP 1 RADIANT CHALLENGE🏆 !aim @Horcus,"['Español', 'España', 'Valorant', 'Radiant', 'Spanish', 'English', 'Competitive', 'Drops', 'Competitivo', 'asmr']",[],False
68,2025-03-29 12:29,MKimada,es,Overwatch 2,[DROPS] Rápidas con la nutria 👀 | Día 348 sin ser baneado | !torneo !redes !socials @mkimada,"['Español', 'autoconocimiento', 'drops', 'DropsActivados']",[],False
68,2025-03-29 12:30,vkingantiquera,es,Minecraft,HOY SE JUEGA CON MANCOS,"['CHILE', 'ARGENTINA', 'COLOMBIA', 'ESPAÑOL', 'ESPAÑA', 'CHARLANDO', 'PERU', 'MEXICO', 'Español', 'Recompensasdeespectador']",['ProfanityVulgarity'],False
68,2025-03-29 12:30,AlatreusTV,es,ROBLOX,DEAD RAILS SE ESTÁ VOLVIENDO INCONTROLABLE Y NO PUEDO ESCAPAR,"['Español', 'roblox']",[],False
68,2025-03-29 12:30,iKeyla635,es,Fortnite,!Drops + subiendo el PASE ♡ #ROADTOPARTNER | !dc !ig !drops,"['Chill', 'ADHD', 'Anime', 'Español', 'English', 'girl', 'hycraft', 'roblox', 'vtuber', 'DropsActivados']",[],False
68,2025-03-29 12:30,PaytonsCorner,en,Special Events,"10 Hours of Cozy Games, GIVEAWAYS and MORE for Charity! 💛!donate !charity !milestones !incentives","['Cozy', 'cozygaming', 'LurkerFriendly', 'cozygamer', 'casual', 'English', 'cc', 'chill', 'womensguild', 'ChronicallyIll']",[],False
68,2025-03-29 12:30,Coaen_,fr,Just Chatting,[Objectif 70/30] ✨ ACNH • Acomoon : Détail & décoration ! #36 ⋆˚₊‧♡,"['SafePlace', 'ACNH', 'Alliée', 'Français', 'AnimalCrossing', 'France']",[],False
68,2025-03-29 12:30,JoyAileen,en,Just Chatting,"cats are better than people, Chat, don't you think that's truuueee 🌻","['cosy', 'lgbtqiaplus', 'donttellmewhattodo', 'closedcaption', 'cozy', 'English', 'LGBTQ', 'LurkFriendly', 'chill', 'Relaxed']",[],False
69,2025-03-29 12:40,Francolico,es,Sea of Thieves,DROPS ON!! A seguir sumando niveles en el  PvP!!| Comando !voz !sr,"['Español', 'manqueando', 'paliqueo', 'SeaofThievesgameplay', 'DropsActivados']",[],False
69,2025-03-29 12:40,Horcus,es,VALORANT,🏆TOP 1 RADIANT CHALLENGE🏆 !aim @Horcus,"['Español', 'España', 'Valorant', 'Radiant', 'Spanish', 'English', 'Competitive', 'Drops', 'Competitivo', 'asmr']",[],False
69,2025-03-29 12:40,MKimada,es,Overwatch 2,[DROPS] Rápidas con la nutria 👀 | Día 348 sin ser baneado | !torneo !redes !socials @mkimada,"['Español', 'autoconocimiento', 'drops', 'DropsActivados']",[],False
69,2025-03-29 12:41,vkingantiquera,es,Minecraft,HOY SE JUEGA CON MANCOS,"['CHILE', 'ARGENTINA', 'COLOMBIA', 'ESPAÑOL', 'ESPAÑA', 'CHARLANDO', 'PERU', 'MEXICO', 'Español', 'Recompensasdeespectador']",['ProfanityVulgarity'],False
69,2025-03-29 12:41,AlatreusTV,es,ROBLOX,DEAD RAILS SE ESTÁ VOLVIENDO INCONTROLABLE Y NO PUEDO ESCAPAR,"['Español', 'roblox']",[],False
69,2025-03-29 12:41,iKeyla635,es,Fortnite,!Drops + subiendo el PASE ♡ #ROADTOPARTNER | !dc !ig !drops,"['Chill', 'ADHD', 'Anime', 'Español', 'English', 'girl', 'hycraft', 'roblox', 'vtuber', 'DropsActivados']",[],False
69,2025-03-29 12:41,Tyyrone,es,EA Sports FC 25,10-2🚨SOBRE de 550K⁉️ RECOMPENSAS💰y PICKS de ICONO🤩,['Español'],[],False
69,2025-03-29 12:41,franduran_twitch,es,EA Sports FC 25,🚨RECOMPENSAS FUTCHAMPIONS🚨2+90 Y UEFA ASEGURADO GRATIS🔁ABRO 3+85 Y DOBLE+82🔁PICK ICONO+88🌟GABRIEL Y MULLER SBC🌟❗monedas- FranDuran,"['Español', 'eafc25', 'fc25', 'EAsportsFC25', 'fifa25', 'recompensas', 'futchampions', 'picks', 'DREAMCHASERS', 'icono']",[],False
69,2025-03-29 12:41,ByZapi,es,EA Sports FC 25,"+ 100 SOBRES,+ 100 MEJORAS +77,UNOS CUANTOS ICONOS,TORPEDO MULLER,TU Y YO🔥🔥🔥🔥🔥🔥 VAYA SABADO TE TENGO PREPARAO 🆎🆎🆎🆎","['español', 'byzapi', 'futbol', 'byvacaciones', 'diversion', 'risas', 'Español', 'fc', 'fc25', 'fifa']",[],False
70,2025-03-29 16:01,iKeyla635,es,Fortnite,!Drops + subiendo el PASE ♡ #ROADTOPARTNER | !dc !ig !drops,"['Chill', 'ADHD', 'Anime', 'Español', 'English', 'girl', 'hycraft', 'roblox', 'vtuber', 'DropsActivados']",[],False
70,2025-03-29 16:01,Horcus,es,VALORANT,🏆TOP 1 RADIANT CHALLENGE🏆 !aim @Horcus,"['Español', 'España', 'Valorant', 'Radiant', 'Spanish', 'English', 'Competitive', 'Drops', 'Competitivo', 'asmr']",[],False
70,2025-03-29 16:01,kaseyph,en,Fortnite,New Fortnite drops ??? Servers are back up lmao (playing with viewers),"['English', 'UK', 'spiderman', 'British', 'sidemen', 'Invincible', 'BritishStreamer', 'activewithchat', 'DropsEnabled', 'fortnitedrops']",[],False
70,2025-03-29 16:01,cartanyaaa,es,Grand Theft Auto V,"(PS4) SABADO DE JUGAR GTA ONLINE UNETE!! Quedadas , rutas y actividades en GTA 5 ONLINE | !bits !redes !discord !id","['Español', 'gta', 'gta5online', 'gtaonline', 'LATAM', 'gtavoline', 'Jugarconespectadores', 'jugandoconseguidores']",['MatureGame'],False
70,2025-03-29 16:01,Francolico,es,Sea of Thieves,DROPS ON!! A seguir sumando niveles en el  PvP!!| Comando !voz !sr,"['Español', 'manqueando', 'paliqueo', 'SeaofThievesgameplay', 'DropsActivados']",[],False
70,2025-03-29 16:01,AlatreusTV,es,ROBLOX,DEAD RAILS SE ESTÁ VOLVIENDO INCONTROLABLE Y NO PUEDO ESCAPAR,"['Español', 'roblox']",[],False
70,2025-03-29 16:01,CallMeTylerr,en,Schedule I,Don't do drugs | JOIN THE DISCORD,['English'],[],False
70,2025-03-29 16:01,iiKou_,en,Overwatch 2,عيدكم مبارك وكل عام وانتوا بخير 🤍🎉✨,"['Arabic', 'English', 'Kuwait', 'Oman', 'Qatar', 'UAE', 'KSA', 'Competitive', 'DropsEnabled']",[],False
70,2025-03-29 16:01,Rayfe64,en,Overwatch 2,🐢 Playing With Viewers 🐢 Playing Overwatch🐢 Casual 🐢Wholesome VIbes 🐢{ !Join !discord } 🐢,"['English', 'Vtuber', 'Gaming', 'Wholesome', 'Casual', 'Silly', 'PlayingWithViewers', 'PWV']",[],False
71,2025-03-29 16:08,iKeyla635,es,Fortnite,!Drops + subiendo el PASE ♡ #ROADTOPARTNER | !dc !ig !drops,"['Chill', 'ADHD', 'Anime', 'Español', 'English', 'girl', 'hycraft', 'roblox', 'vtuber', 'DropsActivados']",[],False
71,2025-03-29 16:08,kaseyph,en,Fortnite,New Fortnite drops ??? Servers are back up lmao (playing with viewers),"['English', 'UK', 'spiderman', 'British', 'sidemen', 'Invincible', 'BritishStreamer', 'activewithchat', 'DropsEnabled', 'fortnitedrops']",[],False
71,2025-03-29 16:08,Horcus,es,VALORANT,🏆TOP 1 RADIANT CHALLENGE🏆 !aim @Horcus,"['Español', 'España', 'Valorant', 'Radiant', 'Spanish', 'English', 'Competitive', 'Drops', 'Competitivo', 'asmr']",[],False
71,2025-03-29 16:08,cartanyaaa,es,Grand Theft Auto V,"(PS4) SABADO DE JUGAR GTA ONLINE UNETE!! Quedadas , rutas y actividades en GTA 5 ONLINE | !bits !redes !discord !id","['Español', 'gta', 'gta5online', 'gtaonline', 'LATAM', 'gtavoline', 'Jugarconespectadores', 'jugandoconseguidores']",['MatureGame'],False
71,2025-03-29 16:08,Missmeidy,es,Overwatch 2,❤︎ DROPSSSS ❤︎ SI TE ABURRES ES PORQUE QUIERES UWU ❤︎❤︎,"['Español', 'overwatch', 'CharlaConmigo', 'DropsActivados']",[],False
71,2025-03-29 16:08,SainJimmy,es,Just Chatting,[DIA DOS EXTENSIBLE ] QUE SE HACE  HOY?? 👀 !redes ❤️,['Español'],[],False
71,2025-03-29 16:08,chekeloco,es,Grand Theft Auto V,[Ps4/5] GTA5 CON SEGUIDORES!! |  !id !discord,"['Español', 'gta', 'gta5', 'GrandTheftAutoV', 'grandtheftauto', 'GrandTheftAuto5', 'PS4', 'PS4streaming', 'minecraft', 'Ⅿinecraft']",['MatureGame'],False
71,2025-03-29 16:08,DarckMx1,es,Games + Demos,Día 88 Y Los Mod's No Ponen Título 🫠,"['GTA5Onlline', 'ActividadesGTA5', 'Jugandoaconamigos', 'playstation4', 'PequeñaGranComunidad', 'streamerpequeño', 'momentosdivertidos', 'EspañolLatinoamerica', 'Español', 'PS4']",['MatureGame'],True
71,2025-03-29 16:09,gustavocsgoyt,es,Rust,| 👑 Rust Western 👑 | 🔫HACIENDO COSAS DE CAMPEON DE RUST🔫 ❗Zetadrinks ❗Redes ❗sagarp,"['roleplay', 'gustavocsgo', 'Gustavo', 'RP', 'GTAV', 'serversrp', 'Español', 'Bellum']",['MatureGame'],False
72,2025-03-29 16:18,iKeyla635,es,Fortnite,!Drops + subiendo el PASE ♡ #ROADTOPARTNER | !dc !ig !drops,"['Chill', 'ADHD', 'Anime', 'Español', 'English', 'girl', 'hycraft', 'roblox', 'vtuber', 'DropsActivados']",[],False
72,2025-03-29 16:18,Horcus,es,VALORANT,🏆TOP 1 RADIANT CHALLENGE🏆 !aim @Horcus,"['Español', 'España', 'Valorant', 'Radiant', 'Spanish', 'English', 'Competitive', 'Drops', 'Competitivo', 'asmr']",[],False
72,2025-03-29 16:18,Missmeidy,es,Overwatch 2,❤︎ DROPSSSS ❤︎ SI TE ABURRES ES PORQUE QUIERES UWU ❤︎❤︎,"['Español', 'overwatch', 'CharlaConmigo', 'DropsActivados']",[],False
72,2025-03-29 16:18,cartanyaaa,es,Grand Theft Auto V,"(PS4) SABADO DE JUGAR GTA ONLINE UNETE!! Quedadas , rutas y actividades en GTA 5 ONLINE | !bits !redes !discord !id","['Español', 'gta', 'gta5online', 'gtaonline', 'LATAM', 'gtavoline', 'Jugarconespectadores', 'jugandoconseguidores']",['MatureGame'],False
72,2025-03-29 16:18,JaayMC,en,Minecraft,✨ Get the NEW Cape! | 🌎 Minecraft Survival! | 🌠 Partner Grind Streamathon (Day 6) 🌈 how are you?! | !cape !partner,"['Survival', 'LGBTQ', 'SafeSpace', 'Cape', 'Drops', 'PlayingWithViewers', 'Chill', 'SMP', 'subathon', 'Minecraft']",[],False
72,2025-03-29 16:18,Francolico,es,Sea of Thieves,DROPS ON!! A seguir sumando niveles en el  PvP!!| Comando !voz !sr,"['Español', 'manqueando', 'paliqueo', 'SeaofThievesgameplay', 'DropsActivados']",[],False
72,2025-03-29 16:18,AreoORIGINAL,de,Minecraft,!ip 🦝 Bald 200Follower 🦝 Community Server 🦝 Chillen 🦝 🔥!dc !pc !server !tastatur🔥,"['AreoORIGINAL', 'Minecraft', 'clipfarmer', 'Waschbär', 'racoon', 'Deutsch', 'Zuschauerbelohnungen']",[],False
72,2025-03-29 16:18,giugiu_ttv,de,World of Warcraft,Ich bin ZURÜCK !Discord !instagram !youtube,"['LeagueofLegends', 'Deutsch', 'spielen']",[],False
72,2025-03-29 16:18,druster1989,de,Phasmophobia,Druster will Grusel? Das nennt man wohl Drusel!,"['zusammenspielen', 'playtogether', 'Deutsch']",['MatureGame'],False
73,2025-03-29 16:27,iKeyla635,es,Fortnite,!Drops + subiendo el PASE ♡ #ROADTOPARTNER | !dc !ig !drops,"['Chill', 'ADHD', 'Anime', 'Español', 'English', 'girl', 'hycraft', 'roblox', 'vtuber', 'DropsActivados']",[],False
73,2025-03-29 16:27,kaseyph,en,Fortnite,New Fortnite drops ??? Servers are back up lmao (playing with viewers),"['English', 'UK', 'spiderman', 'British', 'sidemen', 'Invincible', 'BritishStreamer', 'activewithchat', 'DropsEnabled', 'fortnitedrops']",[],False
73,2025-03-29 16:27,Horcus,es,VALORANT,🏆TOP 1 RADIANT CHALLENGE🏆 !aim @Horcus,"['Español', 'España', 'Valorant', 'Radiant', 'Spanish', 'English', 'Competitive', 'Drops', 'Competitivo', 'asmr']",[],False
73,2025-03-29 16:27,Missmeidy,es,Overwatch 2,❤︎ DROPSSSS ❤︎ SI TE ABURRES ES PORQUE QUIERES UWU ❤︎❤︎,"['Español', 'overwatch', 'CharlaConmigo', 'DropsActivados']",[],False
73,2025-03-29 16:27,JaayMC,en,Minecraft,✨ Get the NEW Cape! | 🌎 Minecraft Survival! | 🌠 Partner Grind Streamathon (Day 6) 🌈 how are you?! | !cape !partner,"['Survival', 'LGBTQ', 'SafeSpace', 'Cape', 'Drops', 'PlayingWithViewers', 'Chill', 'SMP', 'subathon', 'Minecraft']",[],False
73,2025-03-29 16:27,Francolico,es,Sea of Thieves,DROPS ON!! A seguir sumando niveles en el  PvP!!| Comando !voz !sr,"['Español', 'manqueando', 'paliqueo', 'SeaofThievesgameplay', 'DropsActivados']",[],False
73,2025-03-29 16:27,momian13,es,Overwatch 2,buenas las tardee directo cortito hoy,"['EspañolLatinoamerica', 'Español', 'DropsActivados']","['Gambling', 'ViolentGraphic']",False
73,2025-03-29 16:27,elsmitherss,es,Rocket League,😎 SABADO 😎 || !ds !mp !ig,['Español'],[],False
73,2025-03-29 16:27,AgustinaUy,es,VALORANT,Disparar en este canal es un delito 🥵🥵🚬,"['Español', 'Uruguay', 'IRL', 'uruguaytwitch', 'chatting', 'girlstream', 'Argentina', 'terror']",[],False
74,2025-03-29 20:01,puumii_,es,Just Chatting,[ARG/ES] ME TEÑI EL PELO...,"['HUMOR', 'Español', 'psicologia', 'jugandoconseguidores', 'meme', 'bailemos', 'hopecore', 'tilteandogente', 'molestandogente', 'terror']",[],False
74,2025-03-29 20:01,kaseyph,en,Fortnite,New Fortnite drops ??? Servers are back up lmao (playing with viewers),"['English', 'UK', 'spiderman', 'British', 'sidemen', 'Invincible', 'BritishStreamer', 'activewithchat', 'DropsEnabled', 'fortnitedrops']",[],False
74,2025-03-29 20:01,JaayMC,en,Minecraft,✨ Get the NEW Cape! | 🌎 Minecraft Survival! | 🌠 Partner Grind Streamathon (Day 6) 🌈 how are you?! | !cape !partner,"['Survival', 'LGBTQ', 'SafeSpace', 'Cape', 'Drops', 'PlayingWithViewers', 'Chill', 'SMP', 'subathon', 'Minecraft']",[],False
74,2025-03-29 20:01,Tavovizard_,es,Minecraft,"[VT | Esp] Chupi | TacoCraft 3 #4, un poco de todo para que esto aguante  | !s o !speak | !ip","['vtuber', 'LATAM', 'México', 'Chill', 'vt', 'vstreamer', 'Español', 'supervivencia', 'indie', 'Recompensasdeespectador']",[],False
74,2025-03-29 20:01,Alexander_r55,es,Overwatch 2,🎁DROPS🎁☠️EL MEJOR JUGADOR DE OVERWATCH EN ECUADOR☠️☘️🎮VARIEDAD EXTREMA☘️🎮 !eneba !redes,"['Ecuador', 'Anime', 'Futbol', 'Español', 'México', 'DropsActivados']",[],False
74,2025-03-29 20:01,oscarpainz_,es,Grand Theft Auto V,[PS4]🔥CARRERAS CHULAS🔥|❗id |❗unirse|❗ds,"['Español', 'gta', 'LGBT', 'carreras', 'PS4', 'jugandoconseguidores']",['MatureGame'],False
74,2025-03-29 20:01,cachai6,es,Counter-Strike,A ver si hoy se portan bien los servers de Twitch 😯 2$ pa la coca po favo !donar🥤 Sub Goal: 1/15,"['Argentina', 'ARG', 'ES', 'AR', 'NoCarry', 'Español', 'EN', 'English', 'EnhancedBroadcast', 'Spanish']","['MatureGame', 'ProfanityVulgarity']",False
74,2025-03-29 20:01,4gustyna3,es,Just Chatting,Sábado de cs | subs 41/45 | !redes !tiktok !linktree !sorteo,['Español'],['Gambling'],False
74,2025-03-29 20:02,rmszin,pt,Counter-Strike,🟢 tamo por ai | ❗insta ❗faceit ❗pix ❗twitter +18,['Português'],['MatureGame'],False
75,2025-03-29 20:09,puumii_,es,Just Chatting,[ARG/ES] ME TEÑI EL PELO...,"['HUMOR', 'Español', 'psicologia', 'jugandoconseguidores', 'meme', 'bailemos', 'hopecore', 'tilteandogente', 'molestandogente', 'terror']",[],False
75,2025-03-29 20:09,kaseyph,en,Fortnite,New Fortnite drops ??? Servers are back up lmao (playing with viewers),"['English', 'UK', 'spiderman', 'British', 'sidemen', 'Invincible', 'BritishStreamer', 'activewithchat', 'DropsEnabled', 'fortnitedrops']",[],False
75,2025-03-29 20:09,JaayMC,en,Minecraft,✨ Get the NEW Cape! | 🌎 Minecraft Survival! | 🌠 Partner Grind Streamathon (Day 6) 🌈 how are you?! | !cape !partner,"['Survival', 'LGBTQ', 'SafeSpace', 'Cape', 'Drops', 'PlayingWithViewers', 'Chill', 'SMP', 'subathon', 'Minecraft']",[],False
75,2025-03-29 20:09,Tavovizard_,es,Minecraft,"[VT | Esp] Chupi | TacoCraft 3 #4, un poco de todo para que esto aguante  | !s o !speak | !ip","['vtuber', 'LATAM', 'México', 'Chill', 'vt', 'vstreamer', 'Español', 'supervivencia', 'indie', 'Recompensasdeespectador']",[],False
75,2025-03-29 20:09,Alexander_r55,es,Overwatch 2,🎁DROPS🎁☠️EL MEJOR JUGADOR DE OVERWATCH EN ECUADOR☠️☘️🎮VARIEDAD EXTREMA☘️🎮 !eneba !redes,"['Ecuador', 'Anime', 'Futbol', 'Español', 'México', 'DropsActivados']",[],False
75,2025-03-29 20:09,EZ_CLAPS09,en,Minecraft,GET THE CAPE HERE. TRYING NOT TO SCREAM AS YOU JOIN MY STREAM. Use these commands: !rewardsprogram !discord !yt !tiktok !venmo.,"['chill', 'LOUD', 'PlayingwithViewers', 'English', 'minecraft', 'FamilyFriendly', 'underratedstreamer', 'Interactive', 'justchatting', 'ViewerRewards']",[],False
75,2025-03-29 20:09,RonnieKrazy,en,Hollow Knight,Hollow Knight Revisited continues! -> The First Bersker: Khazan later! | !GFUEL,"['English', 'Bald', 'Positive', 'SpreadKindness', 'Community', 'Interactive', 'Soulslike', 'Metroidvania']",[],False
75,2025-03-29 20:09,cherriholicxx,en,Makers & Crafting,n u g g i e s | Makers & Crafting [ !sr | !talrank  ],"['Vtuber', 'Comfy', 'ENVtuber', 'English', 'Fox', 'Chatty', 'Cantonese', 'Canto']",[],False
75,2025-03-29 20:09,NikbyNight,en,It Takes Two,24HR ANNIVERSARY STREAM AND ALSO MY B DAY YAYYYYYYYYY,"['English', 'chattingwithviewers', 'Chattingstream', 'PlayingwWithViewers', 'NewViewersWelcomed', '24HourStream', 'AnniversaryStream', 'BirthdayStream', '23yearsold', '24h']",[],False
76,2025-03-29 20:20,kaseyph,en,Fortnite,New Fortnite drops ??? Servers are back up lmao (playing with viewers),"['English', 'UK', 'spiderman', 'British', 'sidemen', 'Invincible', 'BritishStreamer', 'activewithchat', 'DropsEnabled', 'fortnitedrops']",[],False
76,2025-03-29 20:20,puumii_,es,Just Chatting,[ARG/ES] ME TEÑI EL PELO...,"['HUMOR', 'Español', 'psicologia', 'jugandoconseguidores', 'meme', 'bailemos', 'hopecore', 'tilteandogente', 'molestandogente', 'terror']",[],False
76,2025-03-29 20:20,JaayMC,en,Minecraft,✨ Get the NEW Cape! | 🌎 Minecraft Survival! | 🌠 Partner Grind Streamathon (Day 6) 🌈 how are you?! | !cape !partner,"['Survival', 'LGBTQ', 'SafeSpace', 'Cape', 'Drops', 'PlayingWithViewers', 'Chill', 'SMP', 'subathon', 'Minecraft']",[],False
76,2025-03-29 20:21,Tavovizard_,es,Minecraft,"[VT | Esp] Chupi | TacoCraft 3 #4, un poco de todo para que esto aguante  | !s o !speak | !ip","['vtuber', 'LATAM', 'México', 'Chill', 'vt', 'vstreamer', 'Español', 'supervivencia', 'indie', 'Recompensasdeespectador']",[],False
76,2025-03-29 20:21,Alexander_r55,es,Overwatch 2,🎁DROPS🎁☠️EL MEJOR JUGADOR DE OVERWATCH EN ECUADOR☠️☘️🎮VARIEDAD EXTREMA☘️🎮 !eneba !redes,"['Ecuador', 'Anime', 'Futbol', 'Español', 'México', 'DropsActivados']",[],False
76,2025-03-29 20:21,EZ_CLAPS09,en,Minecraft,THE CAPE FINALLY WORKS! TRYING NOT TO SCREAM AS YOU JOIN MY STREAM. Use these commands: !rewardsprogram !discord !yt !tiktok !venmo.,"['chill', 'LOUD', 'PlayingwithViewers', 'English', 'minecraft', 'FamilyFriendly', 'underratedstreamer', 'Interactive', 'justchatting', 'ViewerRewards']",[],False
76,2025-03-29 20:21,ElHacheMC,es,VALORANT,HOY FULL CHOW + VALITO + GOOGLE MAPS PARA VER COMO ES MI CERRU | !discord !ig,['Español'],[],False
76,2025-03-29 20:21,Pauwiwi,es,VALORANT,SABADO DE ZING HUMORISTICOS POR 100 BITS Y DE SUBIR A HIERRO  !sorteo !tip !deseos,"['Colombia', 'Español', 'VALORANT', 'ranked', 'LATAM', 'Mujer']",[],False
76,2025-03-29 20:21,flyin_free,es,VALORANT,😡OFFICIALMENTE ME RETIRO DE VALORANT COMPETITVO😡 | ❌ED SHEERAN = BAN❌ | !dc !prime !tiktok !rank !raid,"['Español', 'España', 'valorant', 'spanish', 'English', 'drops', 'ValorantEspaña', 'ChatReader', 'humor', 'meme']",[],False
77,2025-03-30 00:01,puumii_,es,Just Chatting,[ARG/ES] ME TEÑI EL PELO... FOLLOW = EMOTE,"['HUMOR', 'Español', 'psicologia', 'jugandoconseguidores', 'meme', 'bailemos', 'hopecore', 'tilteandogente', 'molestandogente', 'terror']",[],False
77,2025-03-30 00:01,SainJimmy,es,Overwatch 2,🔥 DROPS ACTIVADOS 🔥| [DIA DOS EXTENSIBLE] MARVEL CELESTIAL LOSING QUEUE POV 🔥🔥👀 !redes ❤️,"['Español', 'DropsActivados']",[],False
77,2025-03-30 00:01,necotlalou,es,Tom Clancy's Rainbow Six Siege,👾😈EL DIA QUE ME DIGAS QUE ME AMAS SIN RODEOS ESE DIA ME TENDRAS A TU LADO👾😈CONSTRUYENDO COMUNIDAD👾😈NO TE SIENTAS SOLO👾😈!sr !puntos,"['otakus', 'latino', 'comunidad', 'amigos', 'Juegaconmigo', 'Hispano', 'Variedad', 'España', 'Español']",['MatureGame'],False
77,2025-03-30 00:01,CursedFiber78,es,Overwatch 2,🎁DROPS 5 LOOTBOXES🎁💥🕊️🟠!FACEIT PARA UNIRTE AL CLUB🟠👴NO SON TANTOS ANUCIOS NO MAME💎REDES:@CursedFiber78,"['Español', 'malabarista', 'drops', 'tupapá', 'Elmejorstreamerdelmundo', 'OverwatchRanked', 'ElmejorREAPER', 'tortilla', 'DropsActivados']",[],False
77,2025-03-30 00:01,Regina_aj,es,Just Chatting,🔥COMO SUBIR DE RANGO EN 2 PARTIDAS 🔥|| !redes !tiktok,"['english', 'CONVIVENCIA', 'MÉXICO', 'conversando', 'Español', 'Competitivo', 'valorant', 'roblox']",[],False
77,2025-03-30 00:01,WeariestBarrel,es,Minecraft,DIA de Jugar GTA en *** GEN & jugamos OTRO JUEGO! ME FUNARON AYER! Soy Juan o Joji? Velada del año,"['WEARIESTBARREL', 'GTAONLINE', 'Español', 'HolidayHoopla', 'Chuba', 'chuva', 'Recompensasdeespectador']",[],False
77,2025-03-30 00:01,BrittBrittTTV,en,Grand Theft Auto V,"₁₈₊ 𝙎𝙫𝙚𝙩𝙡𝙖𝙣𝙖 𝙋𝙚𝙩𝙧𝙤𝙫𝙨𝙠𝙞™ 𝐒𝐞𝐚𝐬𝐨𝐧 𝟑, 𝐄𝐩𝐢𝐬𝐨𝐝𝐞 𝟑: ""𝐂𝐚𝐲𝐨?"" ♡  !SAVRP","['LGBTQ', 'English', 'chill', 'Everybodyiswelcomehere', 'vibesandchill', 'commands', 'W', 'Roleplay', 'fivem', 'savrp']","['MatureGame', 'ViolentGraphic']",False
77,2025-03-30 00:02,STEEVIE1D3R,en,Grand Theft Auto V,Time to take some criminals to jail!,"['GTA', 'RP', 'English']",['MatureGame'],False
77,2025-03-30 00:02,ZaysiaPie,en,Grand Theft Auto V,Stellar RP // Feeling like a trash night in SSD // FIVEM,"['Multiplayer', 'grinding', 'chill', 'chat', 'friends', 'worstshooter', 'hunting', 'money', 'jobs', 'gang']","['MatureGame', 'ProfanityVulgarity', 'ViolentGraphic']",False
78,2025-03-30 00:13,puumii_,es,Just Chatting,[ARG/ES] ME TEÑI EL PELO... FOLLOW = EMOTE,"['HUMOR', 'Español', 'psicologia', 'jugandoconseguidores', 'meme', 'bailemos', 'hopecore', 'tilteandogente', 'molestandogente', 'terror']",[],False
78,2025-03-30 00:13,azrazk,es,Grand Theft Auto V,JUGANDO CARRERITAS GTA || JUGANDO CON SEGUIDORES,"['Español', 'GTAⅤ', 'ＧTA5', 'GTA5Onlline', 'gaming']",['MatureGame'],False
78,2025-03-30 00:13,Tavovizard_,es,Gartic Phone,"[VT | Esp] Chupi Extensible| TacoCraft 3 #4, un poco de todo para que esto aguante  | !s o !speak | !ip","['vtuber', 'LATAM', 'México', 'Chill', 'vt', 'vstreamer', 'Español', 'supervivencia', 'indie', 'Extensible']",[],False
78,2025-03-30 00:13,CursedFiber78,es,Overwatch 2,🎁DROPS 5 LOOTBOXES🎁💥🕊️🟠!FACEIT PARA UNIRTE AL CLUB🟠👴NO SON TANTOS ANUCIOS NO MAME💎REDES:@CursedFiber78,"['Español', 'malabarista', 'drops', 'tupapá', 'Elmejorstreamerdelmundo', 'OverwatchRanked', 'ElmejorREAPER', 'tortilla', 'DropsActivados']",[],False
78,2025-03-30 00:13,CzarB__,es,Blood Strike,TORNEO BLOOD STRIKE🔫🏆|🕶️👑| SORTEO 50 DÓLARES 29/03 ❗❗ | 443#,['Español'],[],False
78,2025-03-30 00:13,IkiLive_,es,Marvel Rivals,🌻 DR0PS ON 🌻 PARTIDAS NORMALES CON EL CHAT EN MARVEL RIVALS 🚨CÓDIGO DE CREADOR IKILIVE 🚨 | !Suerte !sorteo !redes,"['Español', 'Repetir', 'marvelrivals', 'marvel', 'Español', 'DropsActivados']",[],False
78,2025-03-30 00:13,Warn,en,Overwatch 2,[!DROPS] #1 ASHE 🔴 100K SUBS 🎉 🔴 TRIO WITH ASPEN AND FROGGER  🔴 POKEMON PACKS + OVERWATCH 🔴 NEW 6V6 ASHE !VIDEO 🔴 USA birthday !pobox,"['Overwatch', 'Competitive', 'ADHD', 'Drops', 'English', 'DropsEnabled']",[],False
78,2025-03-30 00:13,sunshinebread,en,Overwatch 2,[DAY ????] real life has turned into idiocracy 😔😔😔😔(i am very smart) !MASTERS,"['English', 'Doomfist', 'unemployed', 'LOUD', 'obnoxious', 'SISYPHUS', 'NEET', 'hitscan', 'tracer', 'altfashion']",[],True
78,2025-03-30 00:13,xeno_ow2,en,Overwatch 2,HIT AFFILIATE!! GOBLIN HITS THE QS AGAIN + SOME POKEMON PACKS IN Q...,"['English', 'overwatch', 'marvelrivals', 'DropsEnabled']",[],False
79,2025-03-30 00:22,puumii_,es,Just Chatting,[ARG/ES] ME TEÑI EL PELO... FOLLOW = EMOTE,"['HUMOR', 'Español', 'psicologia', 'jugandoconseguidores', 'meme', 'bailemos', 'hopecore', 'tilteandogente', 'molestandogente', 'terror']",[],False
79,2025-03-30 00:22,azrazk,es,Grand Theft Auto V,JUGANDO CARRERITAS GTA || JUGANDO CON SEGUIDORES,"['Español', 'GTAⅤ', 'ＧTA5', 'GTA5Onlline', 'gaming']",['MatureGame'],False
79,2025-03-30 00:22,CursedFiber78,es,Overwatch 2,🎁DROPS 5 LOOTBOXES🎁💥🕊️🟠!FACEIT PARA UNIRTE AL CLUB🟠👴NO SON TANTOS ANUCIOS NO MAME💎REDES:@CursedFiber78,"['Español', 'malabarista', 'drops', 'tupapá', 'Elmejorstreamerdelmundo', 'OverwatchRanked', 'ElmejorREAPER', 'tortilla', 'DropsActivados']",[],False
79,2025-03-30 00:22,IkiLive_,es,Marvel Rivals,🌻 DR0PS ON 🌻 PARTIDAS NORMALES CON EL CHAT EN MARVEL RIVALS 🚨CÓDIGO DE CREADOR IKILIVE 🚨 | !Suerte !sorteo !redes,"['Español', 'Repetir', 'marvelrivals', 'marvel', 'Español', 'DropsActivados']",[],False
79,2025-03-30 00:22,WeariestBarrel,es,Minecraft,DIA de Jugar GTA en *** GEN & jugamos OTRO JUEGO! ME FUNARON AYER! Soy Juan o Joji? Velada del año,"['WEARIESTBARREL', 'GTAONLINE', 'Español', 'HolidayHoopla', 'Chuba', 'chuva', 'Recompensasdeespectador']",[],False
79,2025-03-30 00:22,necotlalou,es,Tom Clancy's Rainbow Six Siege,👾😈EL DIA QUE ME DIGAS QUE ME AMAS SIN RODEOS ESE DIA ME TENDRAS A TU LADO👾😈CONSTRUYENDO COMUNIDAD👾😈NO TE SIENTAS SOLO👾😈!sr !puntos,"['otakus', 'latino', 'comunidad', 'amigos', 'Juegaconmigo', 'Hispano', 'Variedad', 'España', 'Español']",['MatureGame'],False
79,2025-03-30 00:22,big_astar9,en,EA Sports FC 25,🔥Clubs W/viewers 🔥 2 TEAM DRAFTS,"['littycommittee', 'English']",[],False
79,2025-03-30 00:23,stellaraura_,en,R.E.P.O.,R.E.P.O - Were Making It Past Lvl 6 !!!!!,['English'],[],False
79,2025-03-30 00:23,ExploitedAce,en,Escape from Tarkov,Carrying the DINGUS| TANGIA| DUO |,"['English', 'notPlayingWithViewers', 'OffensiveHumor', 'NoBackseating', 'Tangia', 'NewPlayerFriendly', 'yapping']",['MatureGame'],False
80,2025-03-30 00:29,IkiLive_,es,Marvel Rivals,🌻 DR0PS ON 🌻 PARTIDAS NORMALES CON EL CHAT EN MARVEL RIVALS 🚨CÓDIGO DE CREADOR IKILIVE 🚨 | !Suerte !sorteo !redes,"['Español', 'Repetir', 'marvelrivals', 'marvel', 'Español', 'DropsActivados']",[],False
80,2025-03-30 00:29,SainJimmy,es,R.E.P.O.,🔥 DROPS ACTIVADOS 🔥| [DIA DOS EXTENSIBLE] MARVEL CELESTIAL LOSING QUEUE POV 🔥🔥👀 !redes ❤️,['Español'],[],False
80,2025-03-30 00:29,CursedFiber78,es,Overwatch 2,🎁DROPS 5 LOOTBOXES🎁💥🕊️🟠!FACEIT PARA UNIRTE AL CLUB🟠👴NO SON TANTOS ANUCIOS NO MAME💎REDES:@CursedFiber78,"['Español', 'malabarista', 'drops', 'tupapá', 'Elmejorstreamerdelmundo', 'OverwatchRanked', 'ElmejorREAPER', 'tortilla', 'DropsActivados']",[],False
80,2025-03-30 00:29,itsMsCute,es,inZOI,"[ENG/ES] Continua la historia, Hoy boda?  inZOI EARLY ACCESS IS HERE! !nuevo !nordvpn !starforge","['Español', 'english', 'PC', 'inzoi', 'simulador']",[],False
80,2025-03-30 00:29,puumii_,es,Just Chatting,[ARG/ES] ME TEÑI EL PELO... FOLLOW = EMOTE,"['HUMOR', 'Español', 'psicologia', 'jugandoconseguidores', 'meme', 'bailemos', 'hopecore', 'tilteandogente', 'molestandogente', 'terror']",[],False
80,2025-03-30 00:29,CzarB__,es,Just Chatting,SORTEO 50 DÓLARES SOLO SUBS 💸💸 |🕶️👑| SORTEO 50 DÓLARES 29/03 ❗❗ | 443#,['Español'],[],False
80,2025-03-30 00:29,serz_d,ru,R.E.P.O.,116 LVL / МЫ ПОСТАВИЛИ (RU) РЕКОРД В REPO!?  | !music - !pain  | !music - !pain,"['Русский', 'общение', 'видосы', 'музыка', 'смех', 'стрим', 'музыка', 'поём', 'общаемся']",[],False
80,2025-03-30 00:29,Kirice,ru,Baldur's Gate 3,/ УЧИМСЯ ИГРАТЬ В ИГРУ / !сервер !донат !тг !дс,"['Русский', 'minecraft', 'играемвместесозрителями', 'CS2', 'Minecraft', 'играемвместе']",['MatureGame'],False
80,2025-03-30 00:29,mihas_35,ru,Counter-Strike,"стрим пр сну, розыгрыш скинов и депов в тгк ,также в мае провожу турик с призовым фондом 3500руб","['общение', 'Россия', 'CS2', 'conterstrike2', 'розыгрыш', 'розыгрыши', 'Русский']",['MatureGame'],False
81,2025-03-30 04:01,ConejoPsycho,es,ROBLOX,jugando roblox con robloxianos! barra de bits para nueva ram! @conejopsycho,"['Español', 'bloxfruits', 'latino', 'mexico', 'conejo', 'Fortnite', 'familia']",[],False
81,2025-03-30 04:01,NandiCosplay,es,Dead by Daylight,Platicamos y un poco de DBD 🤍 !redes !discord !alerts,"['gaming', 'mexican', 'spanish', 'juegos', 'platicando', 'english', 'playingwithfriends', 'Español']",['MatureGame'],False
81,2025-03-30 04:01,SainJimmy,es,Just Chatting,[ DIA DOS EXTENSIBLE ] 🔥 SALVEN LA NAVIDAD 😭😭 | !redes ❤️👻,['Español'],[],False
81,2025-03-30 04:01,jetblackbeat,es,Marvel Rivals,esquizofrenia colectiva,"['Español', 'Latinoamérica', 'AnimeEnjoyer', 'ｖtuber', 'musiclover', 'felicesfiestas', 'naca', 'chistesmalosbeat', 'DropsActivados']",[],False
81,2025-03-30 04:01,Caslynj,es,Fortnite,"Ven, juguemos","['Español', 'chicagamer', 'fortnitegaminglive', 'Repetir', 'DropsActivados']",[],False
81,2025-03-30 04:01,daniminionfeliz,es,Minecraft,(+18) NO ROBUSTAS !redes,"['Español', 'Recompensasdeespectador']",[],True
81,2025-03-30 04:01,nuvemdie,es,VALORANT,Es sabado y el cuerpo lo sabe ahre  // CODE EPICGAMES: nuvemdie @nuvemdie,"['ordiedie', 'Español', 'Português']",[],False
81,2025-03-30 04:01,hecatexz,es,Marvel Rivals,[UY] Celestial I road to Eternity [SOLO Q],"['Uruguay', 'Español', 'Argentina', 'UY', 'Brasil', 'English', 'ENG', 'DropsActivados']",[],False
81,2025-03-30 04:01,jaimeleef,pt,VALORANT,Que a internet não esteja trollllllllllll,"['Português', 'Anime']",[],False
82,2025-03-30 04:10,ConejoPsycho,es,ROBLOX,jugando roblox con robloxianos! barra de bits para nueva ram! @conejopsycho,"['Español', 'bloxfruits', 'latino', 'mexico', 'conejo', 'Fortnite', 'familia']",[],False
82,2025-03-30 04:10,NandiCosplay,es,Dead by Daylight,Platicamos y un poco de DBD 🤍 !redes !discord !alerts,"['gaming', 'mexican', 'spanish', 'juegos', 'platicando', 'english', 'playingwithfriends', 'Español']",['MatureGame'],False
82,2025-03-30 04:10,SainJimmy,es,Just Chatting,[ DIA DOS EXTENSIBLE ] 🔥 SALVEN LA NAVIDAD 😭😭 | !redes ❤️👻,['Español'],[],False
82,2025-03-30 04:10,jetblackbeat,es,Marvel Rivals,esquizofrenia colectiva,"['Español', 'Latinoamérica', 'AnimeEnjoyer', 'ｖtuber', 'musiclover', 'felicesfiestas', 'naca', 'chistesmalosbeat', 'DropsActivados']",[],False
82,2025-03-30 04:10,daniminionfeliz,es,Minecraft,(+18) NO ROBUSTAS !redes,"['Español', 'Recompensasdeespectador']",[],True
82,2025-03-30 04:10,seebun,es,Fortnite,Ya volvio el fornite ! ven por tus drops,"['argentina', 'gamer', 'directo', 'latam', 'Español', 'vtuber', '2DVtuber', 'Fortnite', 'fornite', 'DropsActivados']",[],False
82,2025-03-30 04:11,BarriGG,es,Fortnite,Jugando con Seguidores || Jugando con Seguidores,"['Español', 'DropsActivados']",[],False
82,2025-03-30 04:11,droid_sg,es,Among Us,😎🐱‍👤pasa aplaticar un rato  jugando  con seguidores  😎charlas😎 😎raza😎 😎en pc😎,"['Español', 'México', 'Charlas', 'Minccraft', 'mortalkombat11', 'Gears5', 'warzonecodcallofduty', 'terrorextremo', 'robloxgamers', 'TerrorGamer']",[],False
82,2025-03-30 04:11,iDrakho,es,Grounded,Grounded en directo 🕷💗,['Español'],[],False
83,2025-03-30 04:20,ConejoPsycho,es,ROBLOX,jugando roblox con robloxianos! barra de bits para nueva ram! @conejopsycho,"['Español', 'bloxfruits', 'latino', 'mexico', 'conejo', 'Fortnite', 'familia']",[],False
83,2025-03-30 04:20,NandiCosplay,es,Dead by Daylight,Platicamos y un poco de DBD 🤍 !redes !discord !alerts,"['gaming', 'mexican', 'spanish', 'juegos', 'platicando', 'english', 'playingwithfriends', 'Español']",['MatureGame'],False
83,2025-03-30 04:20,jetblackbeat,es,Marvel Rivals,esquizofrenia colectiva,"['Español', 'Latinoamérica', 'AnimeEnjoyer', 'ｖtuber', 'musiclover', 'felicesfiestas', 'naca', 'chistesmalosbeat', 'DropsActivados']",[],False
83,2025-03-30 04:20,seebun,es,Fortnite,Ya volvio el fornite ! ven por tus drops,"['argentina', 'gamer', 'directo', 'latam', 'Español', 'vtuber', '2DVtuber', 'Fortnite', 'fornite', 'DropsActivados']",[],False
83,2025-03-30 04:20,Danxka,es,Fortnite,Fortnite con seguidroes  // !ip ♡  || ♡ !meta !redes ♡,"['Español', 'DropsActivados']",[],False
83,2025-03-30 04:20,LuToruVT,es,Fortnite,"✨🍑EXTENSIBLE INFINITO, DIA 26✨🍑","['español', 'Monachina', 'Mexicana', 'mujer', 'Español', 'Cosplay', 'IRL', 'DropsActivados']",['ProfanityVulgarity'],False
83,2025-03-30 04:21,guishorro,es,Counter-Strike,Faceit level ten || !redes !video !wsp,"['Español', 'valorant', '420', 'allnighter', 'gordo', 'counter']",['MatureGame'],False
83,2025-03-30 04:21,abichulas,es,Schedule I,holaaa no se q hacer con mi vida :p < !ig !steam !discord,"['Español', 'Mujer', 'Argentina', 'English', 'España', 'Cuba', 'México', 'Rusia', 'Uruguay']",[],False
83,2025-03-30 04:21,BOLASERO,es,Days Gone,NOS VAMOS DE LOS BULLS?,"['Argentina', 'IRL', 'JustChatting', 'Español', 'EntreRios', 'Gualeguaychú']",['MatureGame'],False
84,2025-03-30 04:29,ConejoPsycho,es,ROBLOX,jugando roblox con robloxianos! barra de bits para nueva ram! @conejopsycho,"['Español', 'bloxfruits', 'latino', 'mexico', 'conejo', 'Fortnite', 'familia']",[],False
84,2025-03-30 04:29,NandiCosplay,es,Dead by Daylight,Platicamos y un poco de DBD 🤍 !redes !discord !alerts,"['gaming', 'mexican', 'spanish', 'juegos', 'platicando', 'english', 'playingwithfriends', 'Español']",['MatureGame'],False
84,2025-03-30 04:29,jetblackbeat,es,Marvel Rivals,esquizofrenia colectiva,"['Español', 'Latinoamérica', 'AnimeEnjoyer', 'ｖtuber', 'musiclover', 'felicesfiestas', 'naca', 'chistesmalosbeat', 'DropsActivados']",[],False
84,2025-03-30 04:29,seebun,es,Fortnite,Ya volvio el fornite ! ven por tus drops,"['argentina', 'gamer', 'directo', 'latam', 'Español', 'vtuber', '2DVtuber', 'Fortnite', 'fornite', 'DropsActivados']",[],False
84,2025-03-30 04:30,Danxka,es,Fortnite,Fortnite con seguidroes  // !ip ♡  || ♡ !meta !redes ♡,"['Español', 'DropsActivados']",[],False
84,2025-03-30 04:30,LuToruVT,es,Fortnite,"✨🍑EXTENSIBLE INFINITO, DIA 26✨🍑","['español', 'Monachina', 'Mexicana', 'mujer', 'Español', 'Cosplay', 'IRL', 'DropsActivados']",['ProfanityVulgarity'],False
84,2025-03-30 04:30,Melebu,es,VALORANT,🤍 Es una pijamada real 🎵 la pijamada real 🗣️ 🤍 ღ !redes,['Español'],[],False
84,2025-03-30 04:30,iSathari,es,VALORANT,(ESP/ENG) VOLVIO SU INSTALOCK REYNA FAVORITA!!! ଘ(੭ˊ꒳ˋ)੭✧,['Español'],[],False
84,2025-03-30 04:30,uwurachi_,es,Fortnite,el fornais nos desbaneo?,"['girl', 'gameplay', 'callofdutymobile', 'pokemongames', 'Maquillaje', 'girlystreamer', 'Repetir', 'Español', 'NBA', 'deportes']",[],False
85,2025-03-30 04:41,ConejoPsycho,es,ROBLOX,jugando roblox con robloxianos! barra de bits para nueva ram! @conejopsycho,"['Español', 'bloxfruits', 'latino', 'mexico', 'conejo', 'Fortnite', 'familia']",[],False
85,2025-03-30 04:41,Baby_Abyy,es,Minecraft,"🎀🌸MI CASHITA EN MAICRA, DIA#4🌸🎀","['Español', 'Recompensasdeespectador']",[],False
85,2025-03-30 04:41,jetblackbeat,es,Marvel Rivals,esquizofrenia colectiva,"['Español', 'Latinoamérica', 'AnimeEnjoyer', 'ｖtuber', 'musiclover', 'felicesfiestas', 'naca', 'chistesmalosbeat', 'DropsActivados']",[],False
85,2025-03-30 04:41,seebun,es,Fortnite,Ya volvio el fornite ! ven por tus drops,"['argentina', 'gamer', 'directo', 'latam', 'Español', 'vtuber', '2DVtuber', 'Fortnite', 'fornite', 'DropsActivados']",[],False
85,2025-03-30 04:41,Danxka,es,Fortnite,Fortnite con seguidroes  // !ip ♡  || ♡ !meta !redes ♡,"['Español', 'DropsActivados']",[],False
85,2025-03-30 04:41,LuToruVT,es,Fortnite,"✨🍑EXTENSIBLE INFINITO, DIA 26✨🍑","['español', 'Monachina', 'Mexicana', 'mujer', 'Español', 'Cosplay', 'IRL', 'DropsActivados']",['ProfanityVulgarity'],False
85,2025-03-30 04:41,pastor_899,es,EA Sports FC 25,[0-1] --- Extensible899 MARZO DIA 2 - Fut champs - Pastiligaaaa - FORT - CLUBES Y MAS SIUUUU,['Español'],[],False
85,2025-03-30 04:41,julioox99fc,es,EA Sports FC 25,ROMPIENDOME LA CINTURITA | FUT CHAMPIÑONS,"['futbol', 'fc25', 'jugandoconseguidores', 'ultimateteam', 'Español']",[],False
85,2025-03-30 04:41,CRACKHEBER,es,EA Sports FC 25,"[10-1] BALOTELLI 94 EN FUTCHAMPS, HOY VUELVO A SER FELIZ","['Español', 'fútbol', 'fifa']",[],False
86,2025-03-30 08:01,JoseteAlm,es,Sea of Thieves,🟢OBSIDIAN DROPS🐔Domingueroooooo🐔ES|EN !discord !josetazo !redes,"['Español', 'English', 'aventura', 'PvP', 'JvJ', 'seaofthieves', 'drops', 'DropsActivados']",[],False
86,2025-03-30 08:01,Gumi_Zushi,es,Minecraft,🩷POR FIN LLEGÓ EL EXTENSIBLE! MOMENTO MINECRAFT🫧┆!d para hablar! ♡┆!discord ♡┆!minecraft ♡┆@Gumi_Zushi,"['Español', 'Vtuber', 'Anime', 'Chancla', 'Recompensasdeespectador']",[],False
86,2025-03-30 08:01,JotiK04,es,EA Sports FC 25,"👉🏼Fut champions temático, Only Woman con.. JOTIKA 👗 // descuento en subs 💸","['Competitivo', 'Charlando', 'deporte', 'FUTBOL', 'Español']",[],False
86,2025-03-30 08:01,ratita_asustada,es,Minecraft,Campamento de primavera Día 2 💕 / CC de @sportiariders,"['españa', 'español', 'charlando', 'jugandoconseguidores', 'extensible', 'relax', 'especial', 'Español', 'Recompensasdeespectador']",[],False
86,2025-03-30 08:01,Francolico,es,Sea of Thieves,DROPS ON!! A seguir sumando niveles en el  PvP!!| Comando !voz !sr,"['Español', 'manqueando', 'paliqueo', 'SeaofThievesgameplay', 'DropsActivados']",[],False
86,2025-03-30 08:01,Eijtrooper,en,Minecraft,FREE CAPE + AND I LOVE uh not toes📠,"['Gamer', 'Funny', 'Comedy', 'Chaos', 'TOS', 'English', 'ANZ', 'minecraft', 'valorant', 'egirl']",[],False
86,2025-03-30 08:01,Tinycoffeecups,en,The Sims 4,Vibe City: 💰⚜️ 𝕆𝕃𝔻 𝕄𝕆ℕ𝔼𝕐 ⚜️💰 |Save File Maintenance,"['LGBTQIAplus', 'bisexual', 'BLACK', 'chatty', 'english', 'vibe', 'AfricanAmerican', 'CasualPlayThrough', 'TheyThem', 'RP']",['ProfanityVulgarity'],False
86,2025-03-30 08:01,T1nksy,en,The Sims 4,April Shell challenge begins! 🏡 !shell | !discord | !oodie | !adv,"['Cosy', 'English', 'MentalHealth', 'NewPlayerFriendly', 'TwitchPartner', 'LurkerFriendly']",[],False
86,2025-03-30 08:01,insanedra,de,The Sims 2,"Sims""🌷 Abenteuer des Lebens🚀 !sims2  || !simscode !website !KoFi | ᵂᴱᴿᴮᵁᴺᴳ","['Deutsch', 'safeplace']",[],True
87,2025-03-30 08:12,JoseteAlm,es,Sea of Thieves,🟢OBSIDIAN DROPS🐔Domingueroooooo🐔ES|EN !discord !josetazo !redes,"['Español', 'English', 'aventura', 'PvP', 'JvJ', 'seaofthieves', 'drops', 'DropsActivados']",[],False
87,2025-03-30 08:12,Gumi_Zushi,es,Minecraft,🩷POR FIN LLEGÓ EL EXTENSIBLE! MOMENTO MINECRAFT🫧┆!d para hablar! ♡┆!discord ♡┆!minecraft ♡┆@Gumi_Zushi,"['Español', 'Vtuber', 'Anime', 'Chancla', 'Recompensasdeespectador']",[],False
87,2025-03-30 08:12,ratita_asustada,es,Minecraft,Campamento de primavera Día 2 💕 / CC de @sportiariders,"['españa', 'español', 'charlando', 'jugandoconseguidores', 'extensible', 'relax', 'especial', 'Español', 'Recompensasdeespectador']",[],False
87,2025-03-30 08:12,JotiK04,es,EA Sports FC 25,"👉🏼Fut champions temático, Only Woman con.. JOTIKA 👗 // descuento en subs 💸","['Competitivo', 'Charlando', 'deporte', 'FUTBOL', 'Español']",[],False
87,2025-03-30 08:12,Francolico,es,Sea of Thieves,DROPS ON!! A seguir sumando niveles en el  PvP!!| Comando !voz !sr,"['Español', 'manqueando', 'paliqueo', 'SeaofThievesgameplay', 'DropsActivados']",[],False
87,2025-03-30 08:13,Eijtrooper,en,Minecraft,FREE CAPE + AND I LOVE uh not toes📠,"['Gamer', 'Funny', 'Comedy', 'Chaos', 'TOS', 'English', 'ANZ', 'minecraft', 'valorant', 'egirl']",[],False
87,2025-03-30 08:13,GgSanTomE,es,Nordhold,"Tower Defense, Holdeo el norte, y pal tarkov o north","['Español', 'Variety', 'English']",[],False
87,2025-03-30 08:13,Winghaven,es,Delta Force,✅ NUEVOS !DROPS FIN DE SEMANA DELTA FORCE. SOLO ME FALTA EL DIAMANTE,"['Español', 'DropsActivados']",[],False
87,2025-03-30 08:13,maximocuevas,es,EA Sports FC 25,"!PRIME 🚨🚨(5-0) MEJORAS, SOBRES Y FUT CHAMPIONS CON EQUIPAZO, VAMOS A POR GULLIT LA PALMERA!","['Español', 'fc25', 'fifa', 'felicesfiestas']",[],False
88,2025-03-30 08:22,JoseteAlm,es,Sea of Thieves,🟢OBSIDIAN DROPS🐔Domingueroooooo🐔ES|EN !discord !josetazo !redes,"['Español', 'English', 'aventura', 'PvP', 'JvJ', 'seaofthieves', 'drops', 'DropsActivados']",[],False
88,2025-03-30 08:22,Gumi_Zushi,es,Minecraft,🩷POR FIN LLEGÓ EL EXTENSIBLE! MOMENTO MINECRAFT🫧┆!d para hablar! ♡┆!discord ♡┆!minecraft ♡┆@Gumi_Zushi,"['Español', 'Vtuber', 'Anime', 'Chancla', 'Recompensasdeespectador']",[],False
88,2025-03-30 08:22,PikAHiMoViC,es,Marvel Rivals,🎁 !DROPS 24/7 🎁 RANKEDS CASI DIAMANTE! 😈 SKIN ADAM WARLOCK! 🙋🏻‍♂️ !jugar !horario,"['dropsactivados', 'dropsactivos', 'drops', 'callofduty', 'blackops6', 'bo6', 'fc25', 'fifa', 'marvelrivals', 'español']",[],False
88,2025-03-30 08:22,ratita_asustada,es,Minecraft,Campamento de primavera Día 2 💕 / CC de @sportiariders,"['españa', 'español', 'charlando', 'jugandoconseguidores', 'extensible', 'relax', 'especial', 'Español', 'Recompensasdeespectador']",[],False
88,2025-03-30 08:22,JotiK04,es,EA Sports FC 25,"👉🏼Fut champions temático, Only Woman con.. JOTIKA 👗 // descuento en subs 💸","['Competitivo', 'Charlando', 'deporte', 'FUTBOL', 'Español']",[],False
88,2025-03-30 08:22,Francolico,es,Sea of Thieves,DROPS ON!! A seguir sumando niveles en el  PvP!!| Comando !voz !sr,"['Español', 'manqueando', 'paliqueo', 'SeaofThievesgameplay', 'DropsActivados']",[],False
88,2025-03-30 08:22,altrumi,ru,League of Legends,ʚ DONATHON DAY: 8 КООП ДЕНЬ СО ЗРИТЕЛЯМИ + дроп мерча✦ !tg,"['русский', 'vtuber', 'втубер', 'ruvtuber', 'витубер', 'витьюбер', 'chatting', 'English', 'хорни', 'ASMR']","['ProfanityVulgarity', 'SexualThemes']",False
88,2025-03-30 08:22,whocatz,ru,Overwatch 2,кто прочитал тот МИЛЫЙ КОТИК,"['Русский', 'ｖtuber', 'втубер', 'DropsВключены']",['ViolentGraphic'],False
88,2025-03-30 08:22,KETWl_,ru,Art,Рисую свою ос || беру заказы на арт,"['Русский', 'Vtuber', 'Уют', 'втубер', 'общение', 'art']",[],False
89,2025-03-30 12:01,cartanyaaa,es,Grand Theft Auto V,"(PS4) DOMINGO DE JUGAR GTA ONLINE UNETE!! Quedadas , rutas y actividades en GTA 5 ONLINE | !bits !redes !discord !id","['Español', 'gta', 'gta5online', 'gtaonline', 'LATAM', 'gtavoline', 'Jugarconespectadores', 'jugandoconseguidores']",['MatureGame'],False
89,2025-03-30 12:01,J_perseverance,es,VALORANT,ULTIMO DIA DE VACACIONES🐦‍🔥-ULTIMO DIA DE 10 HORAS DE STREAM💥- ULTIMO DIA DE RUST WESTERN🤠,"['Español', 'mallorca', 'jperseverance', 'rustwestern']",[],False
89,2025-03-30 12:01,Francolico,es,Sea of Thieves,DROPS ON!! A seguir sumando niveles en el  PvP!!| Comando !voz !sr,"['Español', 'manqueando', 'paliqueo', 'SeaofThievesgameplay', 'DropsActivados']",[],False
89,2025-03-30 12:01,franmr110,es,Minecraft,!capa !drops | AVANZAMOS EN ONEBLOCK | 🔶『❕DC』🔸『❕IP』🔸『❕CODIGO』🟠,"['Español', 'Recompensasdeespectador']",[],False
89,2025-03-30 12:01,Horcus,es,VALORANT,🏆TOP 1 RADIANT CHALLENGE🏆 !aim @Horcus,"['Español', 'España', 'Valorant', 'Radiant', 'Spanish', 'English', 'Competitive', 'Drops', 'Competitivo', 'asmr']",[],False
89,2025-03-30 12:01,MKimada,es,Overwatch 2,[DROPS] ¿Rápidas de aprendizaje? 👀 | Día 349 sin ser baneado | !redes !socials @mkimada,"['Español', 'autoconocimiento', 'drops', 'DropsActivados']",[],False
89,2025-03-30 12:01,RavshanN,ru,Counter-Strike,🛑Открытие кейсов с Аргеном на 500к рублей  !тг !winline,['Русский'],['MatureGame'],False
89,2025-03-30 12:01,leva2k,ru,Just Chatting,ФИНАЛ Турнира Бласт скоро… | !пари !tg,['Русский'],['DrugsIntoxication'],False
89,2025-03-30 12:01,morphe_ya,ru,Counter-Strike,🦊🦊🦊(донаты лагают) | !tg !winline,['Русский'],['MatureGame'],False
90,2025-03-30 12:12,cartanyaaa,es,Grand Theft Auto V,"(PS4) DOMINGO DE JUGAR GTA ONLINE UNETE!! Quedadas , rutas y actividades en GTA 5 ONLINE | !bits !redes !discord !id","['Español', 'gta', 'gta5online', 'gtaonline', 'LATAM', 'gtavoline', 'Jugarconespectadores', 'jugandoconseguidores']",['MatureGame'],False
90,2025-03-30 12:12,J_perseverance,es,VALORANT,ULTIMO DIA DE VACACIONES🐦‍🔥-ULTIMO DIA DE 10 HORAS DE STREAM💥- ULTIMO DIA DE RUST WESTERN🤠,"['Español', 'mallorca', 'jperseverance', 'rustwestern']",[],False
90,2025-03-30 12:12,Francolico,es,Sea of Thieves,DROPS ON!! A seguir sumando niveles en el  PvP!!| Comando !voz !sr,"['Español', 'manqueando', 'paliqueo', 'SeaofThievesgameplay', 'DropsActivados']",[],False
90,2025-03-30 12:12,franmr110,es,Minecraft,!capa !drops | AVANZAMOS EN ONEBLOCK | 🔶『❕DC』🔸『❕IP』🔸『❕CODIGO』🟠,"['Español', 'Recompensasdeespectador']",[],False
90,2025-03-30 12:12,iKeyla635,es,Fortnite,!DROPS y subiendo el PASE DE BATALLA ♡ #ROADTOPARTNER | !dc !ig !drops,"['Chill', 'ADHD', 'Anime', 'Español', 'English', 'girl', 'hycraft', 'roblox', 'vtuber', 'DropsActivados']",[],False
90,2025-03-30 12:12,Horcus,es,VALORANT,🏆TOP 1 RADIANT CHALLENGE🏆 !aim @Horcus,"['Español', 'España', 'Valorant', 'Radiant', 'Spanish', 'English', 'Competitive', 'Drops', 'Competitivo', 'asmr']",[],False
90,2025-03-30 12:12,la_kitty_lol,es,League of Legends,"🍓 (+18) Kitty psicologa, trae un problema y te llevas 2 -valido para gente enferma de aram- 🍓 Llego la mas mejor !! 🍓 F x la Kitty 🍓","['Español', 'Argentina', 'amigos', 'NoHate', 'leagueoflegendsespañol', 'ARAM', 'cine', 'lol', 'Vtuber', 'arcane']",[],False
90,2025-03-30 12:12,elyeti988,es,R.E.P.O.,"🔥¡¡DOS CANARIOS, UN VALENCIANO Y UNO QUE DICE ILLO ILLO ILLO JUEGAN A REPO☠️||LOS WACHUFLEIBA AL ATAQUE ||ESTAMOS LOCOS|| PÁSATE Y TE BESO","['Español', 'DIVERSION', 'STREAMER', 'RANKEDS', 'fortniteog']",[],False
90,2025-03-30 12:12,xDrako98,es,VALORANT,Que onda buenos dias! :D,['Español'],[],False
91,2025-03-30 12:21,J_perseverance,es,VALORANT,ULTIMO DIA DE VACACIONES🐦‍🔥-ULTIMO DIA DE 10 HORAS DE STREAM💥- ULTIMO DIA DE RUST WESTERN🤠,"['Español', 'mallorca', 'jperseverance', 'rustwestern']",[],False
91,2025-03-30 12:21,cartanyaaa,es,Grand Theft Auto V,"(PS4) DOMINGO DE JUGAR GTA ONLINE UNETE!! Quedadas , rutas y actividades en GTA 5 ONLINE | !bits !redes !discord !id","['Español', 'gta', 'gta5online', 'gtaonline', 'LATAM', 'gtavoline', 'Jugarconespectadores', 'jugandoconseguidores']",['MatureGame'],False
91,2025-03-30 12:21,Francolico,es,Sea of Thieves,DROPS ON!! A seguir sumando niveles en el  PvP!!| Comando !voz !sr,"['Español', 'manqueando', 'paliqueo', 'SeaofThievesgameplay', 'DropsActivados']",[],False
91,2025-03-30 12:22,franmr110,es,Minecraft,!capa !drops | AVANZAMOS EN ONEBLOCK | 🔶『❕DC』🔸『❕IP』🔸『❕CODIGO』🟠,"['Español', 'Recompensasdeespectador']",[],False
91,2025-03-30 12:22,Horcus,es,VALORANT,🏆TOP 1 RADIANT CHALLENGE🏆 !aim @Horcus,"['Español', 'España', 'Valorant', 'Radiant', 'Spanish', 'English', 'Competitive', 'Drops', 'Competitivo', 'asmr']",[],False
91,2025-03-30 12:22,iKeyla635,es,Fortnite,!DROPS y subiendo el PASE DE BATALLA ♡ #ROADTOPARTNER | !dc !ig !drops,"['Chill', 'ADHD', 'Anime', 'Español', 'English', 'girl', 'hycraft', 'roblox', 'vtuber', 'DropsActivados']",[],False
91,2025-03-30 12:22,nedorem1x,ru,ROBLOX,ИГРАЕМ С ЧАТИКОМ | ROBLOX | MEMES: ON,"['общение', 'Русский', 'роблокс', 'roblox']",[],False
91,2025-03-30 12:22,AlatreusTV,es,ROBLOX,ESTO SE ESTÁ SALIENDO DE CONTROL EN DEAD RAILS Y YA NO SÉ SI ESTO ES UN JUEGO O UNA PESADILLA,"['Español', 'roblox']",[],False
91,2025-03-30 12:22,Melioplay,es,Resident Evil 4,"Resident Evil 4 capitulo 3 ufff 😏👌, sigamoss stream sorpresa 🥴",['Español'],['MatureGame'],False
92,2025-03-30 16:01,chiquetemx,es,Minecraft,⚡️DROPS ACTIVOS⚡️ ‼️CAPA GRATIS MC‼️ HOY EVENTO EN EL SERVER🔥,"['Español', 'Tijuana', 'minecraftlivestremaing', 'Repetir', 'Mexico', 'Recompensasdeespectador']",[],True
92,2025-03-30 16:01,cartanyaaa,es,Grand Theft Auto V,"(PS4) DOMINGO DE JUGAR GTA ONLINE UNETE!! Quedadas , rutas y actividades en GTA 5 ONLINE | !bits !redes !discord !id","['Español', 'gta', 'gta5online', 'gtaonline', 'LATAM', 'gtavoline', 'Jugarconespectadores', 'jugandoconseguidores']",['MatureGame'],False
92,2025-03-30 16:01,Doble,es,Fortnite,(!DROPS ACTIVOS) MORTAL KOMBAT X FORTNITE🤩 !MAPA🎁 // Código DOBLE // #EpicPartner,"['trickshots', 'relax', 'Español', 'Fortnite', 'FortniteEspaña', 'battleroyale', 'shooter', 'DropsActivados']",[],False
92,2025-03-30 16:01,Hiperop,es,Fortnite,[DROPS ON] QUIZ MORTAL KOMBAT⭐| Código Hiper-Youtube 💗👊🏼 #EpicPartner,"['Español', 'DropsActivados']",[],False
92,2025-03-30 16:01,Francolico,es,Sea of Thieves,DROPS ON!! A seguir sumando niveles en el  PvP!!| Comando !voz !sr,"['Español', 'manqueando', 'paliqueo', 'SeaofThievesgameplay', 'DropsActivados']",[],False
92,2025-03-30 16:01,alexx__margall,es,Minecraft,Jugando en un servidor de aternos #Explota,"['Español', 'minecraftsurivial', 'LATAMyEspaña', 'Uruguay', 'MinecraftTwitch', 'Recompensasdeespectador']",[],False
92,2025-03-30 16:01,chekeloco,es,Grand Theft Auto V,[Ps5/4] GTA5 CON SEGUIDORES!! |  !id !discord,"['Español', 'gta', 'gta5', 'GrandTheftAutoV', 'grandtheftauto', 'GrandTheftAuto5', 'PS4', 'PS4streaming', 'minecraft', 'Ⅿinecraft']",['MatureGame'],False
92,2025-03-30 16:01,Realjimmysdad,en,ROBLOX,Roblox | Pls Donate | Marbles | do !join to win robux | Playing with Viewers!! |Join Discord for Future Giveaways!,"['roblox', 'robux', 'giveaway', 'talking', 'plsdonate', 'northamerica', 'english', 'Facecam', 'marbles', 'English']",[],False
92,2025-03-30 16:02,danmanplayz,en,Overwatch 2,NEW PC NEW ME HOT EGIRLS ONLY!,"['English', 'gamer', 'backseatgamingalllowed', 'SongRequests', 'DROPS', 'DropsEnabled']",[],False
93,2025-03-30 16:12,chiquetemx,es,Minecraft,⚡️DROPS ACTIVOS⚡️ ‼️CAPA GRATIS MC‼️ HOY EVENTO EN EL SERVER🔥,"['Español', 'Tijuana', 'minecraftlivestremaing', 'Repetir', 'Mexico', 'Recompensasdeespectador']",[],True
93,2025-03-30 16:12,cartanyaaa,es,Grand Theft Auto V,"(PS4) DOMINGO DE JUGAR GTA ONLINE UNETE!! Quedadas , rutas y actividades en GTA 5 ONLINE | !bits !redes !discord !id","['Español', 'gta', 'gta5online', 'gtaonline', 'LATAM', 'gtavoline', 'Jugarconespectadores', 'jugandoconseguidores']",['MatureGame'],False
93,2025-03-30 16:12,Doble,es,Fortnite,(!DROPS ACTIVOS) MORTAL KOMBAT X FORTNITE🤩 !MAPA🎁 // Código DOBLE // #EpicPartner,"['trickshots', 'relax', 'Español', 'Fortnite', 'FortniteEspaña', 'battleroyale', 'shooter', 'DropsActivados']",[],False
93,2025-03-30 16:12,Francolico,es,Sea of Thieves,DROPS ON!! A seguir sumando niveles en el  PvP!!| Comando !voz !sr,"['Español', 'manqueando', 'paliqueo', 'SeaofThievesgameplay', 'DropsActivados']",[],False
93,2025-03-30 16:12,Hiperop,es,Fortnite,[DROPS ON] QUIZ MORTAL KOMBAT⭐| Código Hiper-Youtube 💗👊🏼 #EpicPartner,"['Español', 'DropsActivados']",[],False
93,2025-03-30 16:12,alexx__margall,es,Minecraft,Jugando en un servidor de aternos #Explota,"['Español', 'minecraftsurivial', 'LATAMyEspaña', 'Uruguay', 'MinecraftTwitch', 'Recompensasdeespectador']",[],False
93,2025-03-30 16:13,BehavingBeardly,en,Sea of Thieves,!DROPS !SPRINGBEARD // 1440p STREAM,"['English', 'GreatBigBushyBeard', 'NoPreRolls', '1440p60fps', 'drops', 'DropsEnabled']",[],True
93,2025-03-30 16:13,WorldofChap,en,Sea of Thieves,LAST DAY OF DROPS! Birthday Stream 🎉 Sloop PVP | (!discord) (!youtube) (!tts),"['English', 'roastedsweetpotato', 'Canadian', 'NightmareModeChampion', 'DoubleGoldCurse', 'DropsEnabled']",[],False
93,2025-03-30 16:13,Pufferson,en,Sea of Thieves,🧡 35% OFF SUBS 🧡 !DROPS & !GIVEAWAY 🧡  Saying good bye to GOOBERCRAFT 🧡 | !socials !TTS !fractal !gift,"['English', 'Swedish', 'Pufferson', 'Puff', 'helloitspuff', 'SeaOfThievesPartner', 'SoTPartner', 'giveaway', 'DropsEnabled']",[],True
94,2025-03-30 16:21,chiquetemx,es,Minecraft,⚡️DROPS ACTIVOS⚡️ ‼️CAPA GRATIS MC‼️ HOY EVENTO EN EL SERVER🔥,"['Español', 'Tijuana', 'minecraftlivestremaing', 'Repetir', 'Mexico', 'Recompensasdeespectador']",[],True
94,2025-03-30 16:21,Francolico,es,Sea of Thieves,DROPS ON!! A seguir sumando niveles en el  PvP!!| Comando !voz !sr,"['Español', 'manqueando', 'paliqueo', 'SeaofThievesgameplay', 'DropsActivados']",[],False
94,2025-03-30 16:21,cartanyaaa,es,Grand Theft Auto V,"(PS4) DOMINGO DE JUGAR GTA ONLINE UNETE!! Quedadas , rutas y actividades en GTA 5 ONLINE | !bits !redes !discord !id","['Español', 'gta', 'gta5online', 'gtaonline', 'LATAM', 'gtavoline', 'Jugarconespectadores', 'jugandoconseguidores']",['MatureGame'],False
94,2025-03-30 16:21,Doble,es,Fortnite,(!DROPS ACTIVOS) MORTAL KOMBAT X FORTNITE🤩 !MAPA🎁 // Código DOBLE // #EpicPartner,"['trickshots', 'relax', 'Español', 'Fortnite', 'FortniteEspaña', 'battleroyale', 'shooter', 'DropsActivados']",[],False
94,2025-03-30 16:22,Hiperop,es,Fortnite,[DROPS ON] QUIZ MORTAL KOMBAT⭐| Código Hiper-Youtube 💗👊🏼 #EpicPartner,"['Español', 'DropsActivados']",[],False
94,2025-03-30 16:22,alexx__margall,es,Minecraft,Jugando en un servidor de aternos #Explota,"['Español', 'minecraftsurivial', 'LATAMyEspaña', 'Uruguay', 'MinecraftTwitch', 'Recompensasdeespectador']",[],False
94,2025-03-30 16:22,chekeloco,es,Grand Theft Auto V,[Ps5/4] GTA5 CON SEGUIDORES!! |  !id !discord,"['Español', 'gta', 'gta5', 'GrandTheftAutoV', 'grandtheftauto', 'GrandTheftAuto5', 'PS4', 'PS4streaming', 'minecraft', 'Ⅿinecraft']",['MatureGame'],False
94,2025-03-30 16:22,jesuusquiiros,es,Grand Theft Auto V,ps4 actividades y lisca compe para pros metetee,['Español'],['MatureGame'],False
94,2025-03-30 16:22,unaiiitm_,es,EA Sports FC 25,💜 MI FUT CHAMPIONS 🏆 NUEVOS ICONOS 😱 RECOMPENSAS & MEJORAS 🎁 | ❗comandos ❗vc,"['Español', 'fc25', 'deportes', 'eafc25', 'opening', 'fc25gameplay', 'fifa', 'FC', 'Simulación']",[],False
95,2025-03-30 16:33,nixkunu,es,ROBLOX,BUSCANDO ISLA PREHISTORICA Y EVENTOS MARINOS LEVIATHAN JUGANDO BLOX FRUITS CON SEGUIDORES DEAD RAILS,"['bloxfruits', 'brookhaven', 'tsb', 'dragonrework', 'thestrongestbattlegrounds', 'update24', 'Español']",[],False
95,2025-03-30 16:33,cartanyaaa,es,Grand Theft Auto V,"(PS4) DOMINGO DE JUGAR GTA ONLINE UNETE!! Quedadas , rutas y actividades en GTA 5 ONLINE | !bits !redes !discord !id","['Español', 'gta', 'gta5online', 'gtaonline', 'LATAM', 'gtavoline', 'Jugarconespectadores', 'jugandoconseguidores']",['MatureGame'],False
95,2025-03-30 16:33,soydanielpiedra,es,Fortnite,"DROPS: Pico Command Executor por ver 1 hora, Papel Mortal Kombat 10 pm mx","['gamepass', 'español', 'xbox', 'Español', 'pvp', 'fortnite', 'pico', 'commandexecutor', 'drop', 'DropsActivados']",[],False
95,2025-03-30 16:33,chiquetemx,es,Minecraft,⚡️DROPS ACTIVOS⚡️ ‼️CAPA GRATIS MC‼️ HOY EVENTO EN EL SERVER🔥,"['Español', 'Tijuana', 'minecraftlivestremaing', 'Repetir', 'Mexico', 'Recompensasdeespectador']",[],True
95,2025-03-30 16:33,Facha,es,Minecraft,DROPS | HOY ES MI CUMPLEAÑOS 😎,"['Español', 'Recompensasdeespectador']",[],False
95,2025-03-30 16:33,Doble,es,Fortnite,(!DROPS ACTIVOS) MORTAL KOMBAT X FORTNITE🤩 !MAPA🎁 // Código DOBLE // #EpicPartner,"['trickshots', 'relax', 'Español', 'Fortnite', 'FortniteEspaña', 'battleroyale', 'shooter', 'DropsActivados']",[],False
95,2025-03-30 16:33,Canuteiro_,es,Fortnite,✅DROPS ON✅🏆PRIVADAS con PREMIOS🏆 + 🔥SORTEO 1000 PAVOS🔥 ❗requisitos ❗premios ❗redes ❗discord,"['jugandoconespectadores', 'Español', 'sorteos', 'Fortnite', 'drops', 'PavosGratisFortnite', 'zonewars', 'sorteo', 'PartidasPrivadasFortnite', 'fortnitedirecto']",[],False
95,2025-03-30 16:34,Pepitako,es,Fortnite,DROPS ACTIVOS ¿QUIERES CONSEGUIR UN PICO GRATIS ? QUEDATE A VER EL DIRECTO . !DISCORD !REDES !PC,"['shooter', 'Risas', 'VideoJuego', 'Español', 'humor', 'armas', 'fornite', 'disparosyshooter', 'DropsActivados']",[],False
95,2025-03-30 16:34,valentina_riios,es,Call of Duty: Warzone,Manca pero peligrosa🔥🔥🔥🔥,"['Fortnite', 'warzone', 'argentína', 'Chile', 'TheFirstDescendant', 'MancaProfesional', 'Español']",['MatureGame'],False
96,2025-03-30 16:41,Hiperop,es,Fortnite,[DROPS ON] QUIZ MORTAL KOMBAT⭐| Código Hiper-Youtube 💗👊🏼 #EpicPartner,"['Español', 'DropsActivados']",[],False
96,2025-03-30 16:41,Doble,es,Fortnite,(!DROPS ACTIVOS) MORTAL KOMBAT X FORTNITE🤩 !MAPA🎁 // Código DOBLE // #EpicPartner,"['trickshots', 'relax', 'Español', 'Fortnite', 'FortniteEspaña', 'battleroyale', 'shooter', 'DropsActivados']",[],False
96,2025-03-30 16:41,chiquetemx,es,Minecraft,⚡️DROPS ACTIVOS⚡️ ‼️CAPA GRATIS MC‼️ HOY EVENTO EN EL SERVER🔥,"['Español', 'Tijuana', 'minecraftlivestremaing', 'Repetir', 'Mexico', 'Recompensasdeespectador']",[],True
96,2025-03-30 16:41,soydanielpiedra,es,Fortnite,"DROPS: Pico Command Executor por ver 1 hora, Papel Mortal Kombat 10 pm mx","['gamepass', 'español', 'xbox', 'Español', 'pvp', 'fortnite', 'pico', 'commandexecutor', 'drop', 'DropsActivados']",[],False
96,2025-03-30 16:41,IkiLive_,es,Marvel Rivals,🌸  DR0PS ON 🌸 PARTIDAS NORMALES CON EL CHAT EN MARVEL RIVALS 🚨CÓDIGO DE CREADOR IKILIVE 🚨 | !Suerte !sorteo !redes,"['Español', 'Repetir', 'marvelrivals', 'marvel', 'Español', 'DropsActivados']",[],False
96,2025-03-30 16:42,alexx__margall,es,Minecraft,Jugando en un servidor de aternos #Explota,"['Español', 'minecraftsurivial', 'LATAMyEspaña', 'Uruguay', 'MinecraftTwitch', 'Recompensasdeespectador']",[],False
96,2025-03-30 16:42,scarlett_soy,es,League of Legends,HERMANA DEL TAL FEIKERRR JUEGA EN LAS- estoy re esquizo,"['leagueoflegends', 'argentina', 'mexico', 'las', 'lol', 'gamer', 'gamergirl', 'girl', 'Español']",[],False
96,2025-03-30 16:42,Enleeh,es,League of Legends,❄️Lo que surja❄️Intentamos subir elo ❄️ @enleeh !redes !elo,['Español'],[],False
96,2025-03-30 16:42,Protegod,es,League of Legends,🌈 HOY CONTINUAMOS EL RETO DEL PATO AZUL CON 2 NUEVOS COMPETIDORES 🦆💙 | !discord !guias !cajas,"['Español', 'LGBT', 'MOBA', 'LoL', 'SafeSpace', 'Prote', 'PlayingWithViewers', 'Variedad']",[],False
97,2025-03-30 20:01,mijaeluwu,es,Minecraft,me das una oportunidad? di que si 💙🍥!Youtube | !roblox :3,"['vtuber', 'juegocondinero', 'insano', 'waza', 'calidad', 'AmAPreguntameloquequieras', 'Español', 'mijaeluwu', 'hot', 'Recompensasdeespectador']",[],False
97,2025-03-30 20:01,iKeyla635,es,League of Legends,Smurf en LAS | Challeger 1200LP+ NA ♡ #ROADTOPARTNER | !dc !ig !drops,"['Chill', 'ADHD', 'Anime', 'Español', 'English', 'girl', 'hycraft', 'roblox', 'vtuber']",[],False
97,2025-03-30 20:01,Sujeto17,es,ROBLOX,🥂,"['Español', 'Charlas', 'JugandoConSeguidores', 'Argentina', 'Perú', 'México', 'España', 'Multijugador', 'Roblox', 'navidad']",[],False
97,2025-03-30 20:01,HHhover,es,Fortnite,🏆DROPS ACTIVOS Jugando con SEGUIDORES  💰 nueva lara croft| !id | Fashion Show - Escondidas - Minijuegos - Outfits,"['Español', 'HoverHH', 'fashionshow', 'outfits', 'jugandoconseguidores', 'partidasprivadas', 'JugandoChill', 'privadasfortnite', 'DropsActivados']",[],False
97,2025-03-30 20:01,TacoReguus,es,Overwatch 2,COYEYEEEE VEN A VERME MI AMOR ❤🥵 // 𝐂𝐎𝐃𝐄 𝐑𝐄𝐆𝐔𝐔𝐒 𝐄𝐍 𝐅𝐎𝐑𝐓𝐍𝐈𝐓𝐄 🥵🥵,"['SPANISH', 'Español', 'LGBTQ', 'México', 'USA', 'latinoamerica', 'Premiosysorteos', 'Latino', 'DropsActivados']",[],True
97,2025-03-30 20:01,aminematue,en,Red Dead Redemption 2,Presentation équipe Kings League avec Samir Nasri + RP,"['Français', 'English']",['MatureGame'],False
97,2025-03-30 20:01,Warn,en,Overwatch 2,[!DROPS] #133 ASHE 🔴 100K SUBSS 🎉 🔴 POKEMON 151 PACKS + OVERWATCH -> CHAMPION 🔴 NEW !VIDEO 🔴 USA birthday !pobox .. SEND STUFF NOW!!,"['Overwatch', 'Competitive', 'ADHD', 'Drops', 'English', 'DropsEnabled']",[],False
97,2025-03-30 20:01,FroggerOW,en,Overwatch 2,[DROPS ON!] TERRIBLE DAY 🔴 WILL BE WORSE THAN YESTERDAY 🔴,"['Australian', 'English', 'DropsEnabled']",[],False
97,2025-03-30 20:01,findveil,en,Overwatch 2,!DROPS❇️ Grind Time❇️ Best Hardstuck POV,"['DPS', 'English', 'FlexPlayer', 'TikTokCreator', 'NA', 'LGPTQIAplus', 'ChatInteraction', 'Community', 'LurkerFriendly', 'DropsEnabled']",[],False
98,2025-03-30 20:10,iKeyla635,es,League of Legends,Smurf en LAS | Challeger 1200LP+ NA ♡ #ROADTOPARTNER | !dc !ig !drops,"['Chill', 'ADHD', 'Anime', 'Español', 'English', 'girl', 'hycraft', 'roblox', 'vtuber']",[],False
98,2025-03-30 20:11,mijaeluwu,es,Minecraft,me das una oportunidad? di que si 💙🍥!Youtube | !roblox :3,"['vtuber', 'juegocondinero', 'insano', 'waza', 'calidad', 'AmAPreguntameloquequieras', 'Español', 'mijaeluwu', 'hot', 'Recompensasdeespectador']",[],False
98,2025-03-30 20:11,HHhover,es,Fortnite,🏆DROPS ACTIVOS Jugando con SEGUIDORES  💰 nueva lara croft| !id | Fashion Show - Escondidas - Minijuegos - Outfits,"['Español', 'HoverHH', 'fashionshow', 'outfits', 'jugandoconseguidores', 'partidasprivadas', 'JugandoChill', 'privadasfortnite', 'DropsActivados']",[],False
98,2025-03-30 20:11,SAUSHOCK,es,Fortnite,CAPY FORNAITERO !id🐵🐹 drops jeje,"['Español', 'roblox', 'capibara', 'mexico', 'capybara', 'minecraft', 'fortnite', 'carpincho', 'bautista', 'jeje']",[],False
98,2025-03-30 20:11,IkiLive_,es,Marvel Rivals,🌸  DR0PS ON 🌸 PARTIDAS NORMALES CON EL CHAT EN MARVEL RIVALS 🚨CÓDIGO DE CREADOR IKILIVE 🚨 | !Suerte !sorteo !redes,"['Español', 'Repetir', 'marvelrivals', 'marvel', 'Español', 'DropsActivados']",[],False
98,2025-03-30 20:11,soydanielpiedra,es,Fortnite,"DROPS: Pico Command Executor por ver 1 hora, Papel Mortal Kombat 10 pm mx","['gamepass', 'español', 'xbox', 'Español', 'pvp', 'fortnite', 'pico', 'commandexecutor', 'drop', 'DropsActivados']",[],False
98,2025-03-30 20:11,Pufferson,en,Sea of Thieves,🧡 35% OFF SUBS 🧡 !DROPS & !GIVEAWAY 🧡  Saying good bye to GOOBERCRAFT 🧡 | !socials !TTS !fractal !gift,"['English', 'Swedish', 'Pufferson', 'Puff', 'helloitspuff', 'SeaOfThievesPartner', 'SoTPartner', 'giveaway', 'DropsEnabled']",[],True
98,2025-03-30 20:11,LeVraiDoffy,fr,Sea of Thieves,🔴DROPS & GIVEAWAY🔴DUO SLOOP VIEWERS🔴-35% SUBGIFT🔴❗youtube ❗tuto ❗sub,"['Français', 'DropsActivés']",[],False
98,2025-03-30 20:11,OphieIRL,en,Sea of Thieves,"DROPS, DISCOUNT SUBS, GIVEAWAYS, AND GALLY GOOBERY !coffee","['18plus', 'English', 'DropsEnabled']",[],False
99,2025-03-30 20:22,iKeyla635,es,League of Legends,Smurf en LAS | Challeger 1200LP+ NA ♡ #ROADTOPARTNER | !dc !ig !drops,"['Chill', 'ADHD', 'Anime', 'Español', 'English', 'girl', 'hycraft', 'roblox', 'vtuber']",[],False
99,2025-03-30 20:22,mijaeluwu,es,Minecraft,me das una oportunidad? di que si 💙🍥!Youtube | !roblox :3,"['vtuber', 'juegocondinero', 'insano', 'waza', 'calidad', 'AmAPreguntameloquequieras', 'Español', 'mijaeluwu', 'hot', 'Recompensasdeespectador']",[],False
99,2025-03-30 20:22,puumii_,es,Just Chatting,[ARG/ES] PENULTIMO STREAM DEL MES (SUBIMOS VIDEO EN DIRECTO),"['HUMOR', 'Español', 'psicologia', 'jugandoconseguidores', 'meme', 'bailemos', 'hopecore', 'tilteandogente', 'molestandogente', 'terror']",[],False
99,2025-03-30 20:22,HHhover,es,Fortnite,🏆DROPS ACTIVOS Jugando con SEGUIDORES  💰 nueva lara croft| !id | Fashion Show - Escondidas - Minijuegos - Outfits,"['Español', 'HoverHH', 'fashionshow', 'outfits', 'jugandoconseguidores', 'partidasprivadas', 'JugandoChill', 'privadasfortnite', 'DropsActivados']",[],False
99,2025-03-30 20:22,IkiLive_,es,Marvel Rivals,🌸  DR0PS ON 🌸 PARTIDAS NORMALES CON EL CHAT EN MARVEL RIVALS 🚨CÓDIGO DE CREADOR IKILIVE 🚨 | !Suerte !sorteo !redes,"['Español', 'Repetir', 'marvelrivals', 'marvel', 'Español', 'DropsActivados']",[],False
99,2025-03-30 20:22,soydanielpiedra,es,Fortnite,"DROPS: Pico Command Executor por ver 1 hora, Papel Mortal Kombat 10 pm mx","['gamepass', 'español', 'xbox', 'Español', 'pvp', 'fortnite', 'pico', 'commandexecutor', 'drop', 'DropsActivados']",[],False
99,2025-03-30 20:22,ludmiit,es,VALORANT,holitaaaaaa vengan a ver como NO amaso en este juego d mierda,"['Español', 'Argentina', 'valorant']",[],False
99,2025-03-30 20:22,meryendame,es,Just Chatting,DÍA 14 ♡ྀི EXTENSIBLE SIN LÍMITES ⋆｡‧˚ʚ🍓ɞ˚‧｡⋆  !extensible !ssr ON,"['Cozy', 'Chill', 'Malaga', 'Español', 'English', 'SafeSpace', 'LGTBQFriendly']",['ProfanityVulgarity'],False
99,2025-03-30 20:23,markkets,es,VALORANT,🤑 rankeds de las que dan miedo (por lo malo que soy) 🤑,"['Español', 'España', 'Competitivo', 'Valencia']",[],False
100,2025-03-30 20:32,HHhover,es,Overwatch 2,🏆DROPS ACTIVOS Jugando con SEGUIDORES  💰 nueva lara croft| !id | Fashion Show - Escondidas - Minijuegos - Outfits,"['Español', 'HoverHH', 'fashionshow', 'outfits', 'jugandoconseguidores', 'partidasprivadas', 'JugandoChill', 'privadasfortnite', 'DropsActivados']",[],False
100,2025-03-30 20:32,iKeyla635,es,League of Legends,Smurf en LAS | Challeger 1200LP+ NA ♡ #ROADTOPARTNER | !dc !ig !drops,"['Chill', 'ADHD', 'Anime', 'Español', 'English', 'girl', 'hycraft', 'roblox', 'vtuber']",[],False
100,2025-03-30 20:32,mijaeluwu,es,Minecraft,me das una oportunidad? di que si 💙🍥!Youtube | !roblox :3,"['vtuber', 'juegocondinero', 'insano', 'waza', 'calidad', 'AmAPreguntameloquequieras', 'Español', 'mijaeluwu', 'hot', 'Recompensasdeespectador']",[],False
100,2025-03-30 20:32,puumii_,es,Just Chatting,[ARG/ES] PENULTIMO STREAM DEL MES (SUBIMOS VIDEO EN DIRECTO),"['HUMOR', 'Español', 'psicologia', 'jugandoconseguidores', 'meme', 'bailemos', 'hopecore', 'tilteandogente', 'molestandogente', 'terror']",[],False
100,2025-03-30 20:32,SAUSHOCK,es,Fortnite,CAPY FORNAITERO !id🐵🐹 drops jeje,"['Español', 'roblox', 'capibara', 'mexico', 'capybara', 'minecraft', 'fortnite', 'carpincho', 'bautista', 'jeje']",[],False
100,2025-03-30 20:32,IkiLive_,es,Marvel Rivals,🌸  DR0PS ON 🌸 PARTIDAS NORMALES CON EL CHAT EN MARVEL RIVALS 🚨CÓDIGO DE CREADOR IKILIVE 🚨 | !Suerte !sorteo !redes,"['Español', 'Repetir', 'marvelrivals', 'marvel', 'Español', 'DropsActivados']",[],False
100,2025-03-30 20:32,Safiro01,es,VALORANT,🚨 LEV 0x0 C9 🚨 | VCT Americas Stage 1 | #VCTWATCHPARTY | !sorteo !ig !drmouse,"['VALORANT', 'FPS', 'Esports', 'Español', 'España', 'Champagne']",[],True
100,2025-03-30 20:32,b0rja,es,VALORANT,LEVIATAN vs C9 - VCT AMERICA WATCHPARTY CARA 🍃 RADIANT DISIPLIN 🍃 Día 17. - !pesca !pescar !redes !sorteo pack de skins,"['España', 'Valorant', 'Español', 'canarias', 'b0rja', 'b0rjacs', 'SpainRP', 'josecherno', 'duoq', 'KRÜ']",[],False
100,2025-03-30 20:32,keznit1,es,VALORANT,2G vs LOUD / C9 vs LEV — VCT Americas Stage 1  — Semana 2 Día #VCTWatchParty #2SANTIX100PRE❤️,['Español'],[],False
101,2025-03-30 20:43,HHhover,es,Overwatch 2,🏆DROPS ACTIVOS Jugando con SEGUIDORES  💰 nueva lara croft| !id | Fashion Show - Escondidas - Minijuegos - Outfits,"['Español', 'HoverHH', 'fashionshow', 'outfits', 'jugandoconseguidores', 'partidasprivadas', 'JugandoChill', 'privadasfortnite', 'DropsActivados']",[],False
101,2025-03-30 20:43,iKeyla635,es,League of Legends,Smurf en LAS | Challeger 1200LP+ NA ♡ #ROADTOPARTNER | !dc !ig !drops,"['Chill', 'ADHD', 'Anime', 'Español', 'English', 'girl', 'hycraft', 'roblox', 'vtuber']",[],False
101,2025-03-30 20:43,mijaeluwu,es,Minecraft,me das una oportunidad? di que si 💙🍥!Youtube | !roblox :3,"['vtuber', 'juegocondinero', 'insano', 'waza', 'calidad', 'AmAPreguntameloquequieras', 'Español', 'mijaeluwu', 'hot', 'Recompensasdeespectador']",[],False
101,2025-03-30 20:43,puumii_,es,Just Chatting,[ARG/ES] FOLLOW = BAILE (SUBIMOS VIDEO EN DIRECTO),"['HUMOR', 'Español', 'psicologia', 'jugandoconseguidores', 'meme', 'bailemos', 'hopecore', 'tilteandogente', 'molestandogente', 'terror']",[],False
101,2025-03-30 20:43,IkiLive_,es,Marvel Rivals,🌸  DR0PS ON 🌸 PARTIDAS NORMALES CON EL CHAT EN MARVEL RIVALS 🚨CÓDIGO DE CREADOR IKILIVE 🚨 | !Suerte !sorteo !redes,"['Español', 'Repetir', 'marvelrivals', 'marvel', 'Español', 'DropsActivados']",[],False
101,2025-03-30 20:43,TacoReguus,es,Overwatch 2,COYEYEEEE VEN A VERME MI AMOR ❤🥵 // 𝐂𝐎𝐃𝐄 𝐑𝐄𝐆𝐔𝐔𝐒 𝐄𝐍 𝐅𝐎𝐑𝐓𝐍𝐈𝐓𝐄 🥵🥵,"['SPANISH', 'Español', 'LGBTQ', 'México', 'USA', 'latinoamerica', 'Premiosysorteos', 'Latino', 'DropsActivados']",[],True
101,2025-03-30 20:43,AkuMaick,es,My Hero Ultra Rumble,hoy vamos al end PESCOLAND #7,"['blackpink', 'blink', 'Español', 'Anime', 'MINECRAFT', 'GTAⅤ', 'VALORANT']",['ProfanityVulgarity'],False
101,2025-03-30 20:43,ludmiit,es,VALORANT,holitaaaaaa vengan a ver como NO amaso en este juego d mierda,"['Español', 'Argentina', 'valorant']",[],False
101,2025-03-30 20:44,GamerDuBrasil,pt,Counter-Strike,SORTEIO DE FACAS HOJE! MEGA LIVE. MEGA SORTEIOS❗sorteiovip❗bits❗rifa❗csgobig❗links by Siouf1 🔞,"['CS2', 'counterstrike2', 'fps', 'sorteios', 'Português', 'Brasil', 'counterstrike']",['MatureGame'],False
102,2025-03-31 00:01,MrEmmy_,es,Just Chatting,[@MrEmmy_ 🤓] REACCION MASTER CHEF 👩🏽‍🍳🐀 | !discord !electrocutar | Emmy el team Rafa,"['MrEmmy', 'AguaDeHorchata', 'FresasConCrema', 'Perritos', 'ClubPenwinLover', 'PuffleNaranja', 'RaccAttack', 'emmmmmmmyouo', 'MazapanDeChocolate', 'Español']",[],False
102,2025-03-31 00:01,IkiLive_,es,Marvel Rivals,🌸  DR0PS ON 🌸 PARTIDAS NORMALES CON EL CHAT EN MARVEL RIVALS 🚨CÓDIGO DE CREADOR IKILIVE 🚨 | !Suerte !sorteo !redes,"['Español', 'Repetir', 'marvelrivals', 'marvel', 'Español', 'DropsActivados']",[],False
102,2025-03-31 00:01,CrimiUwU,es,VALORANT,🌸┊al fin shueve┊!reglas !comandos,"['Español', 'Vtuber', 'CuteStreamer', 'SafeSpace', 'argentina', 'VtuberESP', 'PNGTuberES', 'mancaperobuenagente', 'uwu']","['ProfanityVulgarity', 'SexualThemes']",False
102,2025-03-31 00:01,LeanBk,es,VALORANT,🔥HOY JUEGA LA DOÑA! @xmajocita (se me parte la cabeza)  !speak !mp !donacion,"['argentina', 'shooter', 'goat', 'humor', 'Español', 'valorant', 'VALORANＴ']",['ProfanityVulgarity'],False
102,2025-03-31 00:01,soydanielpiedra,es,Fortnite,"DROPS: Pico Command Executor por ver 1 hora, Papel Mortal Kombat 10 pm mx","['gamepass', 'español', 'xbox', 'Español', 'pvp', 'fortnite', 'pico', 'commandexecutor', 'drop', 'DropsActivados']",[],False
102,2025-03-31 00:01,seebun,es,Fortnite,Ultima dia del pico ! asi que vamos a consguirlo juntos!,"['argentina', 'gamer', 'directo', 'latam', 'Español', 'vtuber', '2DVtuber', 'Fortnite', 'fornite', 'DropsActivados']",[],False
102,2025-03-31 00:01,KanoVT,es,Grand Theft Auto V,robamos un banco!🦇✨ | KanoVT ✨🦇 | Vtuber,"['Vtuber', 'Espàñol', 'México', 'kanovt', 'Español', 'ｖtuber', 'mods', 'gta', 'Ｖｔｕｂｅｒ']",['MatureGame'],False
102,2025-03-31 00:01,Dianicornio,es,League of Legends,[VTUBER] 🦄 12 horas! 🌈 Si dejas lurk tqm💜 @Dianicornio,"['Vtuber', 'Español', 'Gamergirl', 'VtuberES', 'justcchatting']",[],False
102,2025-03-31 00:01,Solidtrapi,es,VRChat,Domingooo porfinnnn aaaa,"['Español', 'vtuber', 'femboy', 'Tsundere', 'shy', 'Trapitoo', 'culón', 'PE']",[],False
103,2025-03-31 00:08,MrEmmy_,es,Just Chatting,[@MrEmmy_ 🤓] REACCION MASTER CHEF 👩🏽‍🍳🐀 | !discord !electrocutar | Emmy el team Rafa,"['MrEmmy', 'AguaDeHorchata', 'FresasConCrema', 'Perritos', 'ClubPenwinLover', 'PuffleNaranja', 'RaccAttack', 'emmmmmmmyouo', 'MazapanDeChocolate', 'Español']",[],False
103,2025-03-31 00:08,IkiLive_,es,Marvel Rivals,🌸  DR0PS ON 🌸 PARTIDAS NORMALES CON EL CHAT EN MARVEL RIVALS 🚨CÓDIGO DE CREADOR IKILIVE 🚨 | !Suerte !sorteo !redes,"['Español', 'Repetir', 'marvelrivals', 'marvel', 'Español', 'DropsActivados']",[],False
103,2025-03-31 00:08,CrimiUwU,es,VALORANT,🌸┊al fin shueve┊!reglas !comandos,"['Español', 'Vtuber', 'CuteStreamer', 'SafeSpace', 'argentina', 'VtuberESP', 'PNGTuberES', 'mancaperobuenagente', 'uwu']","['ProfanityVulgarity', 'SexualThemes']",False
103,2025-03-31 00:08,soydanielpiedra,es,Fortnite,"DROPS: Pico Command Executor por ver 1 hora, Papel Mortal Kombat 10 pm mx","['gamepass', 'español', 'xbox', 'Español', 'pvp', 'fortnite', 'pico', 'commandexecutor', 'drop', 'DropsActivados']",[],False
103,2025-03-31 00:08,LeanBk,es,VALORANT,🔥HOY JUEGA LA DOÑA! @xmajocita (se me parte la cabeza)  !speak !mp !donacion,"['argentina', 'shooter', 'goat', 'humor', 'Español', 'valorant', 'VALORANＴ']",['ProfanityVulgarity'],False
103,2025-03-31 00:09,Mizuki_Meii,es,Overwatch 2,🩵 ✨Improvisando stream para jugar REPO en colab ✨🩵 | Código:  MIZUKIMEI  🩵 | !reglas !love !dinero !redes !gato | @mizuki_meii,"['cosplayer', 'Español', 'Latino', 'México', 'Anime', 'Cosplay', 'proplayer', 'Repetir', 'DropsActivados']",[],False
103,2025-03-31 00:09,GeraALV,es,Fortnite,[DROPS ACTIVADOS] ÚLTIMO DÍA del Pico | Usa código GeraALV |❗SORTEO,"['Español', 'México', 'Guapo', 'AmAPreguntameloquequieras', 'Culiacán', 'Sinaloa', 'AMLOVER', 'CMMP', 'GeraALV', 'ALV']",[],False
103,2025-03-31 00:09,PikAHiMoViC,es,Marvel Rivals,🎁 !DROPS 24/7 🎁 RANKEDS PLATINO! 😈 SKIN ADAM WARLOCK! 🙋🏻‍♂️ !jugar !horario,"['dropsactivados', 'dropsactivos', 'drops', 'callofduty', 'blackops6', 'bo6', 'fc25', 'fifa', 'marvelrivals', 'español']",[],False
103,2025-03-31 00:09,kravidtv,es,Fortnite,Regalando skins en fortnite partidas privadas #fortnite #skin #gratis,"['Español', 'fortnite', 'privadasfortnite', 'pavosgratis', 'PavosGratisFortnite', 'pavos', 'Colombia', 'pavosgratis', 'pvp', 'premios']",[],False
104,2025-03-31 00:19,IkiLive_,es,Marvel Rivals,🌸  DR0PS ON 🌸 PARTIDAS NORMALES CON EL CHAT EN MARVEL RIVALS 🚨CÓDIGO DE CREADOR IKILIVE 🚨 | !Suerte !sorteo !redes,"['Español', 'Repetir', 'marvelrivals', 'marvel', 'Español', 'DropsActivados']",[],False
104,2025-03-31 00:19,MrEmmy_,es,Just Chatting,[@MrEmmy_ 🤓] REACCION MASTER CHEF 👩🏽‍🍳🐀 | !discord !electrocutar | Emmy el team Rafa,"['MrEmmy', 'AguaDeHorchata', 'FresasConCrema', 'Perritos', 'ClubPenwinLover', 'PuffleNaranja', 'RaccAttack', 'emmmmmmmyouo', 'MazapanDeChocolate', 'Español']",[],False
104,2025-03-31 00:19,CrimiUwU,es,VALORANT,🌸┊al fin shueve┊!reglas !comandos,"['Español', 'Vtuber', 'CuteStreamer', 'SafeSpace', 'argentina', 'VtuberESP', 'PNGTuberES', 'mancaperobuenagente', 'uwu']","['ProfanityVulgarity', 'SexualThemes']",False
104,2025-03-31 00:19,LeanBk,es,VALORANT,🔥HOY JUEGA LA DOÑA! @xmajocita (se me parte la cabeza)  !speak !mp !donacion,"['argentina', 'shooter', 'goat', 'humor', 'Español', 'valorant', 'VALORANＴ']",['ProfanityVulgarity'],False
104,2025-03-31 00:19,luchiverso,es,Marvel Rivals,(des) ánimo gente bonita del internet // la mejor chica invis de mi cuarto :3,"['chill', 'gaming', 'english', 'mx', 'gamergirl', 'espanol', 'perritos', 'marvel', 'rivals', 'Español']",[],False
104,2025-03-31 00:19,soydanielpiedra,es,Fortnite,"DROPS: Pico Command Executor por ver 1 hora, Papel Mortal Kombat 10 pm mx","['gamepass', 'español', 'xbox', 'Español', 'pvp', 'fortnite', 'pico', 'commandexecutor', 'drop', 'DropsActivados']",[],False
104,2025-03-31 00:19,eliasspaa,es,ROBLOX,JUGANDO AL PROJECTO ZOMBI (project zomboid nene),"['Español', 'PlsDonateLive', 'fyp', 'roblox', 'justcchatting', 'ProjectZomboid']",[],False
104,2025-03-31 00:19,ggcrescent,en,Music,Reacting to your music! Producer - (Prod. Cres) UCI Collective.,"['Music', 'Review', 'React', 'feedback', 'producer', 'artist', 'vibes', 'allgenres', 'English']",[],False
104,2025-03-31 00:20,SkeIltor,en,ROBLOX,🔴ROBLOX PLS DONATE🤑RAISING + MUSIC/VIBES  24+ HOUR STREAM 💸AFK,"['English', 'chattingwithviewers', 'micon', 'music', 'facecam', 'robux', 'robuxgiveaway', 'plsdonate']",[],False
105,2025-03-31 04:01,SinSangre_,es,Fortnite,[!DROPS AQUI] CONSIGUE 3 ENVOLTORIOS YA!,"['Español', 'sinsangre', 'Fortnite', 'holidayhoopla', 'DropsActivados']",[],False
105,2025-03-31 04:01,chrixs_11,es,Just Chatting,|| EXTENSIBLE DÍA 6 RAID=7 FOLLOW=10 SUB=20 100BITS=25 || !raid !ig !canal +18,"['Español', 'latinoamerica', 'Argentina', 'Venezuela', 'Mexico', 'Panamá', 'Colombia', 'Uruguay', 'salvador', 'CostaRica']",[],False
105,2025-03-31 04:01,BotLui,es,Fortnite,Drops de Fortnite activados - Info !Drop - Como vincular cuenta !Vin,"['Español', 'drops', 'DropsActivados']",[],False
105,2025-03-31 04:01,abuelo_fb,es,Fortnite,🔴[ !DROPS ACTIVADO] PRIVADAS POR SKINS DE MORTAL KOMBAT !DROPS 🔴 [ENG/ESP] | !GANAR !SKINS !CODIGO !YOUTUBE !IG,"['Español', 'Fortnite', 'DropsActivados']",[],False
105,2025-03-31 04:01,iMelanySD,es,VALORANT,RISAS CON GRITOS 💜✨,"['Español', 'latinoamerica', 'Guatemala', 'Engisih']",[],False
105,2025-03-31 04:01,Ache,es,Fortnite,[Drops Activos] MAÑANA NUEVA ACTUALIZACIÓN de MORTAL KOMBAT 🤩,"['Español', 'Shooter', 'Fortnite', 'ache', 'DropsActivados']",[],False
105,2025-03-31 04:01,jera_dabaeh,es,Resident Evil 4,una dosis de los últimos 3 meses | +18 | !items !commands,"['Español', 'Casual', 'chill']",['MatureGame'],False
105,2025-03-31 04:01,sweetvenush,es,Project Zomboid,Domingo melancólico para hacernos compañía| Código VENUSH en Fortnite ❤ | !wishlist,['Español'],[],False
105,2025-03-31 04:01,SantiOnDelay,es,Just Chatting,starbucks gracias por todo caw || !ip !server !7tv !ig || gracias x todo elded y soypan,"['Español', 'justcchatting', 'chill', 'random', 'minecraft']",[],False
106,2025-03-31 04:12,SinSangre_,es,Fortnite,[!DROPS AQUI] CONSIGUE 3 ENVOLTORIOS YA!,"['Español', 'sinsangre', 'Fortnite', 'holidayhoopla', 'DropsActivados']",[],False
106,2025-03-31 04:13,chrixs_11,es,Just Chatting,|| EXTENSIBLE DÍA 6 RAID=7 FOLLOW=10 SUB=20 100BITS=25 || !raid !ig !canal +18,"['Español', 'latinoamerica', 'Argentina', 'Venezuela', 'Mexico', 'Panamá', 'Colombia', 'Uruguay', 'salvador', 'CostaRica']",[],False
106,2025-03-31 04:13,BotLui,es,Fortnite,Drops de Fortnite activados - Info !Drop - Como vincular cuenta !Vin,"['Español', 'drops', 'DropsActivados']",[],False
106,2025-03-31 04:13,abuelo_fb,es,Fortnite,🔴[ !DROPS ACTIVADO] PRIVADAS POR SKINS DE MORTAL KOMBAT !DROPS 🔴 [ENG/ESP] | !GANAR !SKINS !CODIGO !YOUTUBE !IG,"['Español', 'Fortnite', 'DropsActivados']",[],False
106,2025-03-31 04:13,iMelanySD,es,VALORANT,RISAS CON GRITOS 💜✨,"['Español', 'latinoamerica', 'Guatemala', 'Engisih']",[],False
106,2025-03-31 04:13,Ache,es,Fortnite,[Drops Activos] MAÑANA NUEVA ACTUALIZACIÓN de MORTAL KOMBAT 🤩,"['Español', 'Shooter', 'Fortnite', 'ache', 'DropsActivados']",[],False
106,2025-03-31 04:13,ssora_gg,ru,Counter-Strike,☯︎ solo prem ☯︎ !тг !розыгрыш,"['Русский', 'Аниме', 'чилл', 'обзор', 'ＥＮＧＬＩＳＨ', 'хардкор']",['MatureGame'],False
106,2025-03-31 04:13,emel9l,ru,Counter-Strike,🔥 СКИНЫ И ПРАЙМ ЗА БАЛЛЫ🔥 Дроп за фоллоу пиши в чате !халява,"['Русский', 'Повтор']",['MatureGame'],False
106,2025-03-31 04:13,CHIVERDNA,ru,Poppy Playtime,"от 30 руб скример, меня невозможно напугать. Няк в чат🐇🐇🐇","['Русский', 'шоу', 'развлечение', 'спорт', 'контент', 'общение', 'Повтор', 'игры', 'кино', 'челендж']",[],False
107,2025-03-31 04:22,BotLui,es,Fortnite,Drops de Fortnite activados - Info !Drop - Como vincular cuenta !Vin,"['Español', 'drops', 'DropsActivados']",[],False
107,2025-03-31 04:22,SinSangre_,es,Fortnite,[!DROPS AQUI] CONSIGUE 3 ENVOLTORIOS YA!,"['Español', 'sinsangre', 'Fortnite', 'holidayhoopla', 'DropsActivados']",[],False
107,2025-03-31 04:22,maaluup,es,Overwatch 2,✅ DROPS ✅ | 🔴 JUGANDO con SEGUIDORES 🔴 | @thechris2112 🐰 Comandos: !join !donacion !wishlist !speak 🌙,"['Español', 'drops', 'sponsorship', 'ad']",[],False
107,2025-03-31 04:22,soydanielpiedra,es,Fortnite,"DROPS: Pico Command Executor por ver 1 hora, Papel Mortal Kombat 10 pm mx","['gamepass', 'español', 'xbox', 'Español', 'pvp', 'fortnite', 'pico', 'commandexecutor', 'drop', 'DropsActivados']",[],False
107,2025-03-31 04:22,abuelo_fb,es,Fortnite,🔴[ !DROPS ACTIVADO] PRIVADAS POR SKINS DE MORTAL KOMBAT !DROPS 🔴 [ENG/ESP] | !GANAR !SKINS !CODIGO !YOUTUBE !IG,"['Español', 'Fortnite', 'DropsActivados']",[],False
107,2025-03-31 04:22,iMelanySD,es,Marvel Rivals,RISAS CON GRITOS 💜✨,"['Español', 'latinoamerica', 'Guatemala', 'Engisih']",[],False
107,2025-03-31 04:22,Sandromeda,en,Sea of Thieves,[DROPS] BRIG PVP -> Sandromeda.ca <-👀 !merch 10% OFF for subs!🌠40% FLASH SALE RN @ !madrinas +20% OFF w/ code 'SANDROMEDA'🌠,"['English', 'StJudePlayLive', 'Madrinas', 'SoTPartner', 'HotTubStreamWithoutTheTub', 'DropsEnabled']",[],True
107,2025-03-31 04:22,procedural_,en,Sea of Thieves,(Last Chance) OBSIDIAN DROPS! + Solo Sloop PVP,"['PVP', 'Pirate', 'SeaOfThieves', 'Chill', 'English', 'Piano', 'SeaOfThievesPartner', 'Drops', 'DropsEnabled']",[],False
107,2025-03-31 04:22,River,en,Sea of Thieves,🟢DROPS🟢  BUNNY CHEF RIVER EATS HABANERO PEPPERO AND IS NICE TO CHAT (IMPOSSIBLE),"['PvP', 'PvE', 'English', 'soundalertsenabled', 'DropsEnabled']",[],True
108,2025-03-31 08:01,SinSangre_,es,Fortnite,[!DROPS AQUI] CONSIGUE 3 ENVOLTORIOS YA!,"['Español', 'sinsangre', 'Fortnite', 'holidayhoopla', 'DropsActivados']",[],False
108,2025-03-31 08:01,chrixs_11,es,I'm Only Sleeping,|| EXTENSIBLE DÍA 7 RAID=7 FOLLOW=10 SUB=20 100BITS=25 || !raid !ig !canal,"['Español', 'latinoamerica', 'Argentina', 'Venezuela', 'Mexico', 'Panamá', 'Colombia', 'Uruguay', 'salvador', 'CostaRica']",[],False
108,2025-03-31 08:01,LaOsaa_,es,Fortnite,FOORTNITE🔫🐻,"['Español', 'DropsActivados']",[],False
108,2025-03-31 08:01,TheFarrelTV,es,Assassin's Creed Shadows,🟣DROPS: ON | 🐱‍👤😍ASSASSIN´S CREED SHADOWS😍 🐱‍👤| PROFUNDIZAMOS EN LA HISTORIA DEL CREDO Y VICIADA MÁXIMA  | CAPITULO 11,"['Español', 'gaming', 'InteraccionEnVivo', 'Twitchlatino', 'gameplay', 'GameplayandChatting', 'gameplayenespañol', 'assassinscreed', 'UbisoftPartner', 'assassinscreedshadows']",['MatureGame'],False
108,2025-03-31 08:01,ratita_asustada,es,Co-working & Studying,Vamo a hacer deberes. Campamento de primavera Día 3 💕 / CC de @sportiariders,"['españa', 'español', 'charlando', 'jugandoconseguidores', 'extensible', 'relax', 'especial', 'Español']",[],False
108,2025-03-31 08:01,Andaluchino,es,VALORANT,La Sage más odiada de VALORANT - Inmortal - Luego CS2 | 3 CAJAS GRATIS Y SORTEO DE 200€ EN !CS2BIG | !redes,"['Asiático', 'Español', 'España', 'espanol', 'Rankeds', 'Coaching', 'Competitivo', 'didáctico', 'Asian']",[],False
108,2025-03-31 08:01,eldelabarrapan,es,League of Legends,RANK 1 ALISTAR TOP LANE,['Español'],[],False
108,2025-03-31 08:01,Send0o,es,League of Legends,PARTY ANNIVERSARY (es mi cumple o asi?) 14.30 SCRIMS • ❗TEAM ❗VIDEO • S6-S15 Challenger 👑,"['Parent', 'Challenger', 'Toplane', 'Gallego', 'Español', 'Interactive', 'English']",[],False
108,2025-03-31 08:01,Esportmaniacos,es,League of Legends,"DURO INICIO para MOVISTAR KOI, DEBUTA NISQY SUPPORT, ¿CUMPLE EL TOP 3? - Todo Esports",['Español'],[],False
109,2025-03-31 08:09,SinSangre_,es,Fortnite,[!DROPS AQUI] CONSIGUE 3 ENVOLTORIOS YA!,"['Español', 'sinsangre', 'Fortnite', 'holidayhoopla', 'DropsActivados']",[],False
109,2025-03-31 08:09,chrixs_11,es,I'm Only Sleeping,|| EXTENSIBLE DÍA 7 RAID=7 FOLLOW=10 SUB=20 100BITS=25 || !raid !ig !canal,"['Español', 'latinoamerica', 'Argentina', 'Venezuela', 'Mexico', 'Panamá', 'Colombia', 'Uruguay', 'salvador', 'CostaRica']",[],False
109,2025-03-31 08:09,LaOsaa_,es,Fortnite,FOORTNITE🔫🐻,"['Español', 'DropsActivados']",[],False
109,2025-03-31 08:10,TheFarrelTV,es,Assassin's Creed Shadows,🟣DROPS: ON | 🐱‍👤😍ASSASSIN´S CREED SHADOWS😍 🐱‍👤| PROFUNDIZAMOS EN LA HISTORIA DEL CREDO Y VICIADA MÁXIMA  | CAPITULO 11,"['Español', 'gaming', 'InteraccionEnVivo', 'Twitchlatino', 'gameplay', 'GameplayandChatting', 'gameplayenespañol', 'assassinscreed', 'UbisoftPartner', 'assassinscreedshadows']",['MatureGame'],False
109,2025-03-31 08:10,ratita_asustada,es,Co-working & Studying,Vamo a hacer deberes. Campamento de primavera Día 3 💕 / CC de @sportiariders,"['españa', 'español', 'charlando', 'jugandoconseguidores', 'extensible', 'relax', 'especial', 'Español']",[],False
109,2025-03-31 08:10,Andaluchino,es,VALORANT,La Sage más odiada de VALORANT - Inmortal - Luego CS2 | 3 CAJAS GRATIS Y SORTEO DE 200€ EN !CS2BIG | !redes,"['Asiático', 'Español', 'España', 'espanol', 'Rankeds', 'Coaching', 'Competitivo', 'didáctico', 'Asian']",[],False
109,2025-03-31 08:10,TimTheTatmanVODs,en,Marvel Rivals,24/7 MARVEL RIVALS (TIMTHETATMAN FUNNIEST MOMENTS),['English'],[],False
109,2025-03-31 08:10,sinatraa,en,Schedule I,THANOS LEADS CARTEL,['English'],[],False
109,2025-03-31 08:10,Kephrii,en,Marvel Rivals,[!DROPS] DPS PUSH // 35% OFF GIFTED!,"['English', 'Widowmaker', 'ClosedCaptions', 'DPS', 'Top500', 'Overwatch', 'BlackWidow', 'Marvel', 'Eternity', 'DropsEnabled']",[],False
110,2025-03-31 08:20,SinSangre_,es,Fortnite,[!DROPS AQUI] CONSIGUE 3 ENVOLTORIOS YA!,"['Español', 'sinsangre', 'Fortnite', 'holidayhoopla', 'DropsActivados']",[],False
110,2025-03-31 08:20,chrixs_11,es,I'm Only Sleeping,|| EXTENSIBLE DÍA 7 RAID=7 FOLLOW=10 SUB=20 100BITS=25 || !raid !ig !canal,"['Español', 'latinoamerica', 'Argentina', 'Venezuela', 'Mexico', 'Panamá', 'Colombia', 'Uruguay', 'salvador', 'CostaRica']",[],False
110,2025-03-31 08:20,LaOsaa_,es,Fortnite,FOORTNITE🔫🐻,"['Español', 'DropsActivados']",[],False
110,2025-03-31 08:20,ratita_asustada,es,Co-working & Studying,Vamo a hacer deberes. Campamento de primavera Día 3 💕 / CC de @sportiariders,"['españa', 'español', 'charlando', 'jugandoconseguidores', 'extensible', 'relax', 'especial', 'Español']",[],False
110,2025-03-31 08:20,TheFarrelTV,es,Assassin's Creed Shadows,🟣DROPS: ON | 🐱‍👤😍ASSASSIN´S CREED SHADOWS😍 🐱‍👤| PROFUNDIZAMOS EN LA HISTORIA DEL CREDO Y VICIADA MÁXIMA  | CAPITULO 11,"['Español', 'gaming', 'InteraccionEnVivo', 'Twitchlatino', 'gameplay', 'GameplayandChatting', 'gameplayenespañol', 'assassinscreed', 'UbisoftPartner', 'assassinscreedshadows']",['MatureGame'],False
110,2025-03-31 08:20,Ache,es,Fortnite,[Drops Activos] MAÑANA NUEVA ACTUALIZACIÓN de MORTAL KOMBAT 🤩,"['Español', 'Shooter', 'Fortnite', 'ache', 'DropsActivados']",[],False
110,2025-03-31 08:20,SypherPKVODS,en,Fortnite,DROPS ON | OFFICIAL 24/7 SYPHERPK CHANNEL,"['English', 'Rerun', 'BattlelRoyale', 'sypherpk', 'Fortnite', 'DropsEnabled']",[],False
110,2025-03-31 08:20,TypicalGamer,en,Fortnite,[DROPS ON] New Free x3 Weapon Wraps! 👑 CLASSIC TG PLAYS! (I'm Sleeping) 👑,"['English', 'PC', 'Multiplayer', 'PvP', 'Fortnite', 'DropsEnabled']",[],False
110,2025-03-31 08:20,ClixOffline,en,Fortnite,🔴OFFICIAL CLIX WAITING ROOM🔴,"['English', 'Fortnite', 'Clix', 'Lacy', 'StableRonaldo', 'XSET', 'FaZe', 'Vtuber', 'DropsEnabled']",[],False
111,2025-03-31 08:30,SinSangre_,es,Fortnite,[!DROPS AQUI] CONSIGUE 3 ENVOLTORIOS YA!,"['Español', 'sinsangre', 'Fortnite', 'holidayhoopla', 'DropsActivados']",[],False
111,2025-03-31 08:30,LaOsaa_,es,Fortnite,FOORTNITE🔫🐻,"['Español', 'DropsActivados']",[],False
111,2025-03-31 08:31,chrixs_11,es,I'm Only Sleeping,|| EXTENSIBLE DÍA 7 RAID=7 FOLLOW=10 SUB=20 100BITS=25 || !raid !ig !canal,"['Español', 'latinoamerica', 'Argentina', 'Venezuela', 'Mexico', 'Panamá', 'Colombia', 'Uruguay', 'salvador', 'CostaRica']",[],False
111,2025-03-31 08:31,azulado_simplemente,es,ROBLOX,💙¿Nos hacemos amigos?💙Ven a jugar💙,"['Español', 'Minecraft', 'Roblox', 'BrawlStars', 'English', 'Fortnite', 'latinoespañol', 'SpanishAndEnglish', 'Anime']",[],False
111,2025-03-31 08:31,TheFarrelTV,es,Assassin's Creed Shadows,🟣DROPS: ON | 🐱‍👤😍ASSASSIN´S CREED SHADOWS😍 🐱‍👤| PROFUNDIZAMOS EN LA HISTORIA DEL CREDO Y VICIADA MÁXIMA  | CAPITULO 11,"['Español', 'gaming', 'InteraccionEnVivo', 'Twitchlatino', 'gameplay', 'GameplayandChatting', 'gameplayenespañol', 'assassinscreed', 'UbisoftPartner', 'assassinscreedshadows']",['MatureGame'],False
111,2025-03-31 08:31,Ache,es,Fortnite,[Drops Activos] MAÑANA NUEVA ACTUALIZACIÓN de MORTAL KOMBAT 🤩,"['Español', 'Shooter', 'Fortnite', 'ache', 'DropsActivados']",[],False
111,2025-03-31 08:31,Nightfire255,en,Sea of Thieves,🌟 Drops 🌟 Vibing Adventure Style  🌟 TTS 100 🌟 !discord w/   @Schwangdoodler  @Hager_420,"['English', 'PCG', 'CutlassQueen']",['ProfanityVulgarity'],False
111,2025-03-31 08:31,hager_420,en,Sea of Thieves,Gally Sailing!!!✨PCG✨ !pokestart,"['English', 'Xbox', 'gaming', '420friendly', 'PCG', 'chill', 'pvp', 'pokemon']",[],False
111,2025-03-31 08:31,m1nesan,ru,VALORANT,"Больной стример, угроза громкого кашля","['общение', 'Русский', 'Женщина']",['ProfanityVulgarity'],False
112,2025-03-31 08:37,SinSangre_,es,Fortnite,[!DROPS AQUI] CONSIGUE 3 ENVOLTORIOS YA!,"['Español', 'sinsangre', 'Fortnite', 'holidayhoopla', 'DropsActivados']",[],False
112,2025-03-31 08:38,LaOsaa_,es,Fortnite,FOORTNITE🔫🐻,"['Español', 'DropsActivados']",[],False
112,2025-03-31 08:38,chrixs_11,es,I'm Only Sleeping,|| EXTENSIBLE DÍA 7 RAID=7 FOLLOW=10 SUB=20 100BITS=25 || !raid !ig !canal,"['Español', 'latinoamerica', 'Argentina', 'Venezuela', 'Mexico', 'Panamá', 'Colombia', 'Uruguay', 'salvador', 'CostaRica']",[],False
112,2025-03-31 08:38,azulado_simplemente,es,ROBLOX,💙¿Nos hacemos amigos?💙Ven a jugar💙,"['Español', 'Minecraft', 'Roblox', 'BrawlStars', 'English', 'Fortnite', 'latinoespañol', 'SpanishAndEnglish', 'Anime']",[],False
112,2025-03-31 08:38,TheFarrelTV,es,Assassin's Creed Shadows,🟣DROPS: ON | 🐱‍👤😍ASSASSIN´S CREED SHADOWS😍 🐱‍👤| PROFUNDIZAMOS EN LA HISTORIA DEL CREDO Y VICIADA MÁXIMA  | CAPITULO 11,"['Español', 'gaming', 'InteraccionEnVivo', 'Twitchlatino', 'gameplay', 'GameplayandChatting', 'gameplayenespañol', 'assassinscreed', 'UbisoftPartner', 'assassinscreedshadows']",['MatureGame'],False
112,2025-03-31 08:38,Ache,es,Fortnite,[Drops Activos] MAÑANA NUEVA ACTUALIZACIÓN de MORTAL KOMBAT 🤩,"['Español', 'Shooter', 'Fortnite', 'ache', 'DropsActivados']",[],False
112,2025-03-31 08:38,x6FlipiN,es,Counter-Strike,HOY RECUPERO LO QUE ES MÍO | 🎁 !sorteo (sorteo de 6000€),"['flipin', 'faceit', 'TGD', 'Español', 'source2', 'counterstrike2', 'cs2', 'premier']",['MatureGame'],False
112,2025-03-31 08:38,saritalarubia,es,Counter-Strike,(ESP)+18 buenos dias  sub mas baratas+ !Redes -> @saritalarubia,"['Español', 'Female', 'csgo', 'CajasCSGO', 'girlgamers', 'lvl7', 'CS2']",['MatureGame'],False
112,2025-03-31 08:38,GgSanTomE,es,Escape from Tarkov,"Nosotros abrimos directo y au, no se de que lunes me hablas","['Español', 'Variety', 'English']",['MatureGame'],False
113,2025-03-31 12:01,AlatreusTV,es,ROBLOX,ESTAMOS DENTRO DEL TREN MALDITO DE DEAD RAILS Y CADA SEGUNDO QUE PASA SE VUELVE MÁS IMPOSIBLE SALIR CON VIDA,"['Español', 'roblox']",[],False
113,2025-03-31 12:01,Blueeye099,es,Fortnite,¡¡DROPS ACTIVOS!!  Lunes con L de la que se va a liar en fornite !𝗺𝗲𝗿𝗰𝗵 !redes // Código BLUEEYE099 #EpicPartner 💙,"['Fortnite', 'España', 'Español', 'girl', 'DropsActivados']",[],False
113,2025-03-31 12:01,RobertGameplaysOfficial,es,ROBLOX,¡DESPIDIENDO MARZO!  🔴👑Jugando ROBLOX con seguidores👑🔴  ¿Te unes?,"['Español', 'IRL', 'roblox', 'robloxlive', 'robloxgames', 'bloxfruits', 'IRLchatting']",[],False
113,2025-03-31 12:01,ivanjrmoficial,es,Fortnite,[DROPS AHORA]  MORTAL KOMBAT TE AYUDO A CONSEGUIRLO *UNETE* PARTIDAS PRIVADAS CON PREMIOS 🎁 |  - 🛒Codigo: ivanjrm🛒,"['Español', 'DropsAtivados', 'jugandoconespectadores', 'jugandoconseguidores', 'PartidasPrivadasFortnite', 'PavosGratisFortnite', 'fortniteog', 'fortniteconseguidores', 'fortinitebattleroyale', 'DropsEnable']",[],False
113,2025-03-31 12:01,VEGETTA777,es,Inside the Backrooms,Los SECRETOS de INSIDE THE BACKROOMS,"['Español', 'vegetta777']",[],True
113,2025-03-31 12:01,Francolico,es,Sea of Thieves,DROPS ON!! A seguir sumando niveles en el  PvP!!| Comando !voz !sr,"['Español', 'manqueando', 'paliqueo', 'SeaofThievesgameplay']",[],False
113,2025-03-31 12:01,SapuetElVerdee,es,Forgotten Runiverse,[🔴FACEIT LVL10🔴] ❗SORTEO 🔥USP-S - Cyrex🔥 | 🎁SORTEOS SKINS CS + UN JUEGO RNDM DE STEAM🎁 ❗RULETA | Redes-> @SapuetElVerdee,"['Español', 'CS', 'CS2', 'Torneo', 'Tournament', 'CounterStrike', 'CSGO', 'FaceIt', 'Sorteos', 'Giveaways']",[],False
113,2025-03-31 12:01,LaMor0cha,es,Counter-Strike,lunes lluvioso? | subs 0/3 | !sorteosubs | !redes | !tiktok | !discord | !raingg,['Español'],['MatureGame'],False
113,2025-03-31 12:02,AkaMask,es,Slots,🔴STREAM TEMPRANO🔴| !skinclub !keydrop !skinrave !spyro !chicken !shock !skinflow,"['csgo', 'CS2', 'skins', 'skinscsgo', 'counterstrike', 'Español']",['MatureGame'],False
114,2025-03-31 12:11,AlatreusTV,es,ROBLOX,ESTAMOS DENTRO DEL TREN MALDITO DE DEAD RAILS Y CADA SEGUNDO QUE PASA SE VUELVE MÁS IMPOSIBLE SALIR CON VIDA,"['Español', 'roblox']",[],False
114,2025-03-31 12:11,Blueeye099,es,Fortnite,¡¡DROPS ACTIVOS!!  Lunes con L de la que se va a liar en fornite !𝗺𝗲𝗿𝗰𝗵 !redes // Código BLUEEYE099 #EpicPartner 💙,"['Fortnite', 'España', 'Español', 'girl', 'DropsActivados']",[],False
114,2025-03-31 12:11,RobertGameplaysOfficial,es,ROBLOX,¡DESPIDIENDO MARZO!  🔴👑Jugando ROBLOX con seguidores👑🔴  ¿Te unes?,"['Español', 'IRL', 'roblox', 'robloxlive', 'robloxgames', 'bloxfruits', 'IRLchatting']",[],False
114,2025-03-31 12:11,ivanjrmoficial,es,Fortnite,[DROPS AHORA]  MORTAL KOMBAT TE AYUDO A CONSEGUIRLO *UNETE* PARTIDAS PRIVADAS CON PREMIOS 🎁 |  - 🛒Codigo: ivanjrm🛒,"['Español', 'DropsAtivados', 'jugandoconespectadores', 'jugandoconseguidores', 'PartidasPrivadasFortnite', 'PavosGratisFortnite', 'fortniteog', 'fortniteconseguidores', 'fortinitebattleroyale', 'DropsEnable']",[],False
114,2025-03-31 12:12,Francolico,es,Sea of Thieves,DROPS ON!! A seguir sumando niveles en el  PvP!!| Comando !voz !sr,"['Español', 'manqueando', 'paliqueo', 'SeaofThievesgameplay']",[],False
114,2025-03-31 12:12,MYSTICenTWITCH,es,Grand Theft Auto V,GTA5 ONLINE (PS5 y PC) !id,"['gta5online', 'jugando', 'Español']",['MatureGame'],False
114,2025-03-31 12:12,Beardageddon247,en,Sea of Thieves,Rerun - No Drops | 24/7 Beardageddon Watch Party | Sea of Thieves,"['English', 'Rerun', 'NoDrops', 'hangout', 'NotLive', 'catchup', 'lotsofads']",[],False
114,2025-03-31 12:12,Spar,en,Sea of Thieves,🔱DEGEN BALL Z (35% off gifted subs)🔱| !zach !giveaway !madrinas,"['PVP', 'PVE', 'English', 'coolin', 'SeaOfThievesPartner', 'TacoBellEnthusiast']",[],False
114,2025-03-31 12:12,HitboTC,en,Sea of Thieves,Just Pirate Things  ⚔️ TTS 500 ⚔️ (!nordvpn) (!banana),"['SeaofThievesPartner', 'English', 'Dad', 'PvP', 'Memes', 'NewPlayersWelcome', 'Gaslighting', 'FamilyFriendly']",[],True
115,2025-03-31 12:22,AlatreusTV,es,ROBLOX,ESTAMOS DENTRO DEL TREN MALDITO DE DEAD RAILS Y CADA SEGUNDO QUE PASA SE VUELVE MÁS IMPOSIBLE SALIR CON VIDA,"['Español', 'roblox']",[],False
115,2025-03-31 12:22,Francolico,es,Sea of Thieves,DROPS ON!! A seguir sumando niveles en el  PvP!!| Comando !voz !sr,"['Español', 'manqueando', 'paliqueo', 'SeaofThievesgameplay']",[],False
115,2025-03-31 12:22,RobertGameplaysOfficial,es,ROBLOX,¡DESPIDIENDO MARZO!  🔴👑Jugando ROBLOX con seguidores👑🔴  ¿Te unes?,"['Español', 'IRL', 'roblox', 'robloxlive', 'robloxgames', 'bloxfruits', 'IRLchatting']",[],False
115,2025-03-31 12:22,ivanjrmoficial,es,Fortnite,[DROPS AHORA]  MORTAL KOMBAT TE AYUDO A CONSEGUIRLO *UNETE* PARTIDAS PRIVADAS CON PREMIOS 🎁 |  - 🛒Codigo: ivanjrm🛒,"['Español', 'DropsAtivados', 'jugandoconespectadores', 'jugandoconseguidores', 'PartidasPrivadasFortnite', 'PavosGratisFortnite', 'fortniteog', 'fortniteconseguidores', 'fortinitebattleroyale', 'DropsEnable']",[],False
115,2025-03-31 12:22,VEGETTA777,es,Inside the Backrooms,Los SECRETOS de INSIDE THE BACKROOMS,"['Español', 'vegetta777']",[],True
115,2025-03-31 12:22,MYSTICenTWITCH,es,Grand Theft Auto V,GTA5 ONLINE (PS5 y PC) !id,"['gta5online', 'jugando', 'Español']",['MatureGame'],False
115,2025-03-31 12:23,madamenordica777,en,The Sims 4,Rags to 100 Babies #77: Babies with Trippie?   !alien !hippie !saxy !woohoo,"['English', 'chill', 'Neurodivergent', 'cozy', 'LurkerFriendly', 'Autisticstreamer', 'RagsToRiches', '100babychallenge', 'viewerchoicepoll']",[],False
115,2025-03-31 12:23,KelsSims,en,The Sims 4,🍦 Extreme 100 Ice Cream Babies 🍦 🍼 Pistachio Era: 32/100 🍼 !donors,['English'],['ProfanityVulgarity'],False
115,2025-03-31 12:23,IceTalks,en,Minecraft,[ GIRLYPOP SMP ]  zesty bestie monday morning shenanigans 🍊🍌,"['LGBTQIA', 'Queer', 'Gay', 'cozygamer', 'slaying', 'English', 'ADHD', 'LGBTQPlus', 'MentalHealth', 'chaos']",[],False
116,2025-03-31 12:33,AlatreusTV,es,ROBLOX,ESTAMOS DENTRO DEL TREN MALDITO DE DEAD RAILS Y CADA SEGUNDO QUE PASA SE VUELVE MÁS IMPOSIBLE SALIR CON VIDA,"['Español', 'roblox']",[],False
116,2025-03-31 12:33,BotLui,es,Fortnite,Drops de Fortnite activados - Info !Drop - Como vincular cuenta !Vin,"['Español', 'drops', 'DropsActivados']",[],False
116,2025-03-31 12:33,Francolico,es,Sea of Thieves,DROPS ON!! A seguir sumando niveles en el  PvP!!| Comando !voz !sr,"['Español', 'manqueando', 'paliqueo', 'SeaofThievesgameplay']",[],False
116,2025-03-31 12:33,ivanjrmoficial,es,Fortnite,[DROPS AHORA]  MORTAL KOMBAT TE AYUDO A CONSEGUIRLO *UNETE* PARTIDAS PRIVADAS CON PREMIOS 🎁 |  - 🛒Codigo: ivanjrm🛒,"['Español', 'DropsAtivados', 'jugandoconespectadores', 'jugandoconseguidores', 'PartidasPrivadasFortnite', 'PavosGratisFortnite', 'fortniteog', 'fortniteconseguidores', 'fortinitebattleroyale', 'DropsEnable']",[],False
116,2025-03-31 12:33,RobertGameplaysOfficial,es,ROBLOX,¡DESPIDIENDO MARZO!  🔴👑Jugando ROBLOX con seguidores👑🔴  ¿Te unes?,"['Español', 'IRL', 'roblox', 'robloxlive', 'robloxgames', 'bloxfruits', 'IRLchatting']",[],False
116,2025-03-31 12:33,chrixs_11,es,I'm Only Sleeping,|| EXTENSIBLE DÍA 7 RAID=7 FOLLOW=10 SUB=20 100BITS=25 || !raid !ig !canal,"['Español', 'latinoamerica', 'Argentina', 'Venezuela', 'Mexico', 'Panamá', 'Colombia', 'Uruguay', 'salvador', 'CostaRica']",[],False
116,2025-03-31 12:33,OnlyFye,en,ROBLOX,❄️BLUE LOCK RIVALS❄️SO MUCH CONTENT❄️KAI CENAT GET ME IN YOUR STREAMING UNIVERSITY❄️ !sub !links,['English'],[],False
116,2025-03-31 12:34,VoidMagnet,en,ROBLOX,ROBLOX WITH VIEWERS [FORSAKEN],"['English', 'Fisch']",[],True
116,2025-03-31 12:34,trueflamingo,en,R.E.P.O.,12 HOUR STREAM BOIS. New game every hour | !discord !lurk,"['English', 'LurkerFriendly', 'Affiliated', 'Horror']",[],False
117,2025-03-31 12:45,AlatreusTV,es,ROBLOX,ESTAMOS DENTRO DEL TREN MALDITO DE DEAD RAILS Y CADA SEGUNDO QUE PASA SE VUELVE MÁS IMPOSIBLE SALIR CON VIDA,"['Español', 'roblox']",[],False
117,2025-03-31 12:45,BoxyFresh,en,Sea of Thieves,🏴‍☠️HOWDY🏴‍☠️  TTS 500  !latest !merch !art,"['English', 'LordofFrenziedFlame', 'OnlyUpChampion', 'SubnauticaFirefighter', 'ProLegoBuilder', 'PuzzleMaster', 'AmateurAstronomer']",[],False
117,2025-03-31 12:45,Francolico,es,Sea of Thieves,A seguir sumando niveles en el  PvP!!| Comando !voz !sr,"['Español', 'manqueando', 'paliqueo', 'SeaofThievesgameplay']",[],False
117,2025-03-31 12:45,RobertGameplaysOfficial,es,ROBLOX,¡DESPIDIENDO MARZO!  🔴👑Jugando ROBLOX con seguidores👑🔴  ¿Te unes?,"['Español', 'IRL', 'roblox', 'robloxlive', 'robloxgames', 'bloxfruits', 'IRLchatting']",[],False
117,2025-03-31 12:45,ivanjrmoficial,es,Fortnite,[DROPS AHORA]  MORTAL KOMBAT TE AYUDO A CONSEGUIRLO *UNETE* PARTIDAS PRIVADAS CON PREMIOS 🎁 |  - 🛒Codigo: ivanjrm🛒,"['Español', 'DropsAtivados', 'jugandoconespectadores', 'jugandoconseguidores', 'PartidasPrivadasFortnite', 'PavosGratisFortnite', 'fortniteog', 'fortniteconseguidores', 'fortinitebattleroyale', 'DropsEnable']",[],False
117,2025-03-31 12:45,VEGETTA777,es,Inside the Backrooms,Los SECRETOS de INSIDE THE BACKROOMS,"['Español', 'vegetta777']",[],True
117,2025-03-31 12:45,MaSaCr3_,es,Overwatch 2,✅DROPS 🔇 NO MIC  💰!sorteo DIARIO de 10€ o 1k de mOWnedas 🎁!ganadores 😈 TOP103 Supreme Flex deity,"['PersonajesMalvados', 'Competitivo', 'Vicio', 'Perversión', 'PecadosCapitales', 'SufreConEspectadores', 'DepravaciónAbsoluta', 'SerialKiller', 'Español']",[],True
117,2025-03-31 12:45,zuler015,es,Fortnite,¿FELIZ LUNES? PUES CLARO QUE SÍ !! !SORTEOSUBS !PLANDEHOY🌴Código: zuler015_tw🌴,"['Español', 'Multijugador', 'jugarconespectadores', 'jugarconseguidores', 'Creativo', 'Battleroyal', 'privadas', 'España', 'variedad', 'juegocontigo']",[],False
117,2025-03-31 12:45,seebun,es,Fortnite,Vamos ! ya llego lo nuevo,"['argentina', 'gamer', 'directo', 'latam', 'Español', 'vtuber', '2DVtuber', 'Fortnite', 'fornite', 'DropsActivados']",[],False
118,2025-03-31 16:01,kaseyph,en,Fortnite,New fortnite wrap drops! - Playing with viewers,"['English', 'UK', 'spiderman', 'British', 'sidemen', 'Invincible', 'BritishStreamer', 'activewithchat', 'DropsEnabled', 'fortnitedrops']",[],False
118,2025-03-31 16:01,cartanyaaa,es,Grand Theft Auto V,"(PS4) CON ESTE CALOR UNO NO PUEDE JUGAR! Quedadas , rutas y actividades en GTA 5 ONLINE | !bits !redes !discord !id","['Español', 'gta', 'gta5online', 'gtaonline', 'LATAM', 'gtavoline', 'Jugarconespectadores', 'jugandoconseguidores']",['MatureGame'],False
118,2025-03-31 16:01,ratita_asustada,es,League of Legends,Carritos gratis! Campamento de primavera Día 3 💕 / CC de @sportiariders,"['españa', 'español', 'charlando', 'jugandoconseguidores', 'extensible', 'especial', 'Español', 'jungler', 'lol']",[],False
118,2025-03-31 16:01,franmr110,es,VALORANT,Nos vamos para valorant de locos | 🔶『❕DC』🔸『❕IP』🔸『❕CODIGO』🟠,['Español'],[],False
118,2025-03-31 16:01,BoxyFresh,en,Sea of Thieves,🏴‍☠️HOWDY🏴‍☠️  TTS 500  !latest !merch !art,"['English', 'LordofFrenziedFlame', 'OnlyUpChampion', 'SubnauticaFirefighter', 'ProLegoBuilder', 'PuzzleMaster', 'AmateurAstronomer']",[],False
118,2025-03-31 16:01,Doble,es,Fortnite,!DROPS ACTIVOS✅ 3 CAMUFLAJES DE MORTAL KOMBAT🤩 !MAPA🎁 // Código DOBLE // #EpicPartner,"['trickshots', 'relax', 'Español', 'Fortnite', 'FortniteEspaña', 'battleroyale', 'shooter', 'DropsActivados']",[],False
118,2025-03-31 16:01,kravidtv,es,Fortnite,Regalando skins en fortnite partidas privadas #fortnite #skin #gratis,"['Español', 'fortnite', 'privadasfortnite', 'pavosgratis', 'PavosGratisFortnite', 'pavos', 'Colombia', 'pavosgratis', 'pvp', 'premios']",[],False
118,2025-03-31 16:01,Forastero,es,Rocket League,MAÑANA ABRIL🔥SE VIENE MI CUMPLE🔥VAMO A TRYHARDEAR🔥EXTENSIBLE DIA 5🔥CODE: FORA EN LA TIENDA🎉 !REDES !DS !TIKTOK !IG !REGLAS,['Español'],[],False
118,2025-03-31 16:02,unitis_unitis,es,Fortnite,partidas privadas de fortnite y jugando con seguidores | RANKEDS CON ESPECTADORES | CERO/SIN CONSTRUCCION | FORTNITE CON EL CHAT | ESPAÑOL.,"['jugandoconespectadores', 'privadas', 'jugandoconseguidores', 'españa', 'español', 'sorteo', 'pavos', 'fortnite', 'Latam', 'torneo']",[],False
119,2025-03-31 16:10,IkiLive_,es,Marvel Rivals,🌸  DR0PS ON 🌸PUBLICAS CON EL CHAT Y PROBANDO PERSONAJES  EN MARVEL RIVALS 🚨CÓDIGO DE CREADOR IKILIVE 🚨 | !Suerte !sorteo !redes,"['Español', 'Repetir', 'marvelrivals', 'marvel', 'Español', 'DropsActivados']",[],False
119,2025-03-31 16:10,ivanjrmoficial,es,Fortnite,[DROPS AHORA]  MORTAL KOMBAT TE AYUDO A CONSEGUIRLO *UNETE* PARTIDAS PRIVADAS CON PREMIOS 🎁 |  - 🛒Codigo: ivanjrm🛒,"['Español', 'DropsAtivados', 'jugandoconespectadores', 'jugandoconseguidores', 'PartidasPrivadasFortnite', 'PavosGratisFortnite', 'fortniteog', 'fortniteconseguidores', 'fortinitebattleroyale', 'DropsEnable']",[],False
119,2025-03-31 16:10,cartanyaaa,es,Grand Theft Auto V,"(PS4) CON ESTE CALOR UNO NO PUEDE JUGAR! Quedadas , rutas y actividades en GTA 5 ONLINE | !bits !redes !discord !id","['Español', 'gta', 'gta5online', 'gtaonline', 'LATAM', 'gtavoline', 'Jugarconespectadores', 'jugandoconseguidores']",['MatureGame'],False
119,2025-03-31 16:10,Doble,es,Fortnite,!DROPS ACTIVOS✅ 3 CAMUFLAJES DE MORTAL KOMBAT🤩 !MAPA🎁 // Código DOBLE // #EpicPartner,"['trickshots', 'relax', 'Español', 'Fortnite', 'FortniteEspaña', 'battleroyale', 'shooter', 'DropsActivados']",[],False
119,2025-03-31 16:10,ratita_asustada,es,League of Legends,Carritos gratis! Campamento de primavera Día 3 💕 / CC de @sportiariders,"['españa', 'español', 'charlando', 'jugandoconseguidores', 'extensible', 'especial', 'Español', 'jungler', 'lol']",[],False
119,2025-03-31 16:10,WildSantiago,es,Fortnite,ROAD TO 5000 (DROPS ACTIVOS) de FORTNITE! jUGANDO HASTA QUE TODOS CONSIGAN LOS DROPS! - RAID ME PLEASE,"['wildsantiago', 'ecuador', 'quito', 'uio', 'fortnite', 'humor', 'justchatting', 'babyyoda', 'Español', 'Fortnite']",[],False
119,2025-03-31 16:10,tikiinowa,es,Fortnite,pásate un ratito y charlamos! 😊,"['Español', 'DropsActivados']",[],False
119,2025-03-31 16:10,AlexLevel9_,es,Just Chatting,🗣️HOY SÍ: ROBLOX CON SEGUIDORES !jugar + DESPUÉS STREAM ANIMALS/CANICAS/KUKORO CON EL CHAT🗿,"['Español', 'jugandoconseguidores']",[],False
119,2025-03-31 16:10,23_leonelll,es,Minecraft,MINECRAFT HARDCORE!! !discord !torneo,"['Español', 'maincraft', 'roblox', 'valorant', 'pc', 'latam', 'Recompensasdeespectador']",[],True
120,2025-03-31 16:20,kaseyph,en,Fortnite,New fortnite wrap drops! - Playing with viewers,"['English', 'UK', 'spiderman', 'British', 'sidemen', 'Invincible', 'BritishStreamer', 'activewithchat', 'DropsEnabled', 'fortnitedrops']",[],False
120,2025-03-31 16:20,xBOOSE100x,es,Sea of Thieves,Combates en  mares poco amigables 👒Gran sorteo  pase 15 para seguidores  !horas !velas,"['PVP', 'PVE', 'Jugandoconlosespectadores', 'español', 'latam', 'DropOn', 'charlando', 'PC', 'Multijugador', 'SeaOfThievesPartner']",[],False
120,2025-03-31 16:20,ivanjrmoficial,es,Fortnite,[DROPS AHORA]  MORTAL KOMBAT TE AYUDO A CONSEGUIRLO *UNETE* PARTIDAS PRIVADAS CON PREMIOS 🎁 |  - 🛒Codigo: ivanjrm🛒,"['Español', 'DropsAtivados', 'jugandoconespectadores', 'jugandoconseguidores', 'PartidasPrivadasFortnite', 'PavosGratisFortnite', 'fortniteog', 'fortniteconseguidores', 'fortinitebattleroyale', 'DropsEnable']",[],False
120,2025-03-31 16:20,ratita_asustada,es,League of Legends,Carritos gratis! Campamento de primavera Día 3 💕 / CC de @sportiariders,"['españa', 'español', 'charlando', 'jugandoconseguidores', 'extensible', 'especial', 'Español', 'jungler', 'lol']",[],False
120,2025-03-31 16:20,BotLui,es,Fortnite,Drops de Fortnite activados - Info !Drop - Como vincular cuenta !Vin,"['Español', 'drops', 'DropsActivados']",[],False
120,2025-03-31 16:20,IkiLive_,es,Marvel Rivals,🌸  DR0PS ON 🌸PUBLICAS CON EL CHAT Y PROBANDO PERSONAJES  EN MARVEL RIVALS 🚨CÓDIGO DE CREADOR IKILIVE 🚨 | !Suerte !sorteo !redes,"['Español', 'Repetir', 'marvelrivals', 'marvel', 'Español', 'DropsActivados']",[],False
120,2025-03-31 16:20,cartanyaaa,es,Grand Theft Auto V,"(PS4) CON ESTE CALOR UNO NO PUEDE JUGAR! Quedadas , rutas y actividades en GTA 5 ONLINE | !bits !redes !discord !id","['Español', 'gta', 'gta5online', 'gtaonline', 'LATAM', 'gtavoline', 'Jugarconespectadores', 'jugandoconseguidores']",['MatureGame'],False
120,2025-03-31 16:20,chicoreturn,es,Call of Duty: Warzone,Solo with randoms! Suscríbete ya bro hahaha,"['English', 'Español', 'warzone', 'trading', 'trade', 'traders', 'chillingstream', 'Español']",['MatureGame'],False
120,2025-03-31 16:20,DessT3,es,Grand Theft Auto V,HARRY DAM | TENEMOS GRAFICOS Y MODS SUPERMEGA ULTRA 8K | SPAIN RP,"['conducción', 'música', 'Gta', 'Español', 'desst3', 'Dess', 'Rolplay', 'SpainRP']",['MatureGame'],False
121,2025-03-31 20:01,IkiLive_,es,Marvel Rivals,🌸  DR0PS ON 🌸PUBLICAS CON EL CHAT Y PROBANDO PERSONAJES  EN MARVEL RIVALS 🚨CÓDIGO DE CREADOR IKILIVE 🚨 | !Suerte !sorteo !redes,"['Español', 'Repetir', 'marvelrivals', 'marvel', 'Español', 'DropsActivados']",[],False
121,2025-03-31 20:01,Alexander_r55,es,Overwatch 2,☘️INICIO DE SEMANA☘️💥 YA VARIEDAD POR FIN?! 🙏VOY A SER HEALER🙏💥!eneba !redes,"['Ecuador', 'Anime', 'Futbol', 'Español', 'México']",[],False
121,2025-03-31 20:01,xBOOSE100x,es,Sea of Thieves,Combates en  mares poco amigables 👒Gran sorteo  pase 15 para seguidores  !horas !velas,"['PVP', 'PVE', 'Jugandoconlosespectadores', 'español', 'latam', 'DropOn', 'charlando', 'PC', 'Multijugador', 'SeaOfThievesPartner']",[],False
121,2025-03-31 20:01,seebun,es,Fortnite,Vamos ! ya llego lo nuevo,"['argentina', 'gamer', 'directo', 'latam', 'Español', 'vtuber', '2DVtuber', 'Fortnite', 'fornite', 'DropsActivados']",[],False
121,2025-03-31 20:01,Mordinna,es,R.E.P.O.,"¡Torneo! |⭐Virtual Stars R.E.P.O. 🤖| Grupo ""La Papupandiya"" | 01 | POV @mordinna |","['Mordinna', 'Canarias', 'ZonaSegura', 'LGBTQA', 'Español', 'VT', 'VtuberES', 'Multijugador', 'repo']",['ProfanityVulgarity'],False
121,2025-03-31 20:01,cirowhites,es,Just Chatting,PIJAMIADA DIA 12 ALV  YA DEJEN QUE ME VAYA JEJEJE,"['Latino', 'VTuber', 'humor', 'Español']",[],False
121,2025-03-31 20:01,CrumbGamingUk,en,The Sims 4,100 Modded Baby: Episode 6,"['Kindness', 'Chatty', 'English']",[],False
121,2025-03-31 20:01,SimmerSwig,en,The Sims 4,Not So Berry 🖤 (Gen 13: Black) // Episode #7,"['sims', 'sims4', 'petcam', 'smallstreamer', 'thesims4', 'English', 'cozyvibes', 'thesims']",[],False
121,2025-03-31 20:02,DoodleFae,en,Phasmophobia,SPOOKY NIGHT WITH @itslunaloo @fwostytv 🤍,"['18plus', 'English', 'discord', 'sims4', 'Sims4Gameplay', 'cozy', 'Storytelling', 'MatureAudiences']",['MatureGame'],False
122,2025-03-31 20:12,IkiLive_,es,Marvel Rivals,🌸  DR0PS ON 🌸PUBLICAS CON EL CHAT Y PROBANDO PERSONAJES  EN MARVEL RIVALS 🚨CÓDIGO DE CREADOR IKILIVE 🚨 | !Suerte !sorteo !redes,"['Español', 'Repetir', 'marvelrivals', 'marvel', 'Español', 'DropsActivados']",[],False
122,2025-03-31 20:12,seebun,es,Fortnite,Vamos ! ya llego lo nuevo,"['argentina', 'gamer', 'directo', 'latam', 'Español', 'vtuber', '2DVtuber', 'Fortnite', 'fornite', 'DropsActivados']",[],False
122,2025-03-31 20:12,alossito,es,Minecraft,[DROPS ACTIVADOS]🟩PANCEBLOCK🟫esto se empieza a blockear jajajajaj || Minecraft || EP 11,"['Español', 'humor', 'minecraft', 'minecraftespañol', 'minecraftcontent', 'MinecraftJavaEditon', 'minecraftmods', 'minecraftsurivial', 'Recompensasdeespectador']",[],False
122,2025-03-31 20:12,KillerQueentw,es,Minecraft,⭐ Lunes de Minecraft⭐ Un Trading Hall como la gente | MC 1.21.5 !server,"['Argentina', 'Uruguay', 'España', 'Español', 'SeaOfThieves', 'aventura', 'kpop', 'StrayKidsFan', 'minecraft', 'Recompensasdeespectador']",[],False
122,2025-03-31 20:12,Liam_Gameplay,es,Minecraft,CONSTRUYENDO MI CASITA MODERNA 🏡 #1 ✨😂♥️ MINECRAFT LUEGO ROBLOX,"['minecraft', 'español', 'bedrock', 'liam', 'cubecraft', 'hycraft', 'universocraft', 'cape', 'capa', 'capaminecraft']",[],False
122,2025-03-31 20:13,Alexander_r55,es,Overwatch 2,☘️INICIO DE SEMANA☘️💥 YA VARIEDAD POR FIN?! 🙏VOY A SER HEALER🙏💥!eneba !redes,"['Ecuador', 'Anime', 'Futbol', 'Español', 'México']",[],False
122,2025-03-31 20:13,enkaos,es,Fortnite,DROPS ACTIVOS (ENVOLTORIOS GRATIS) DEL 31 AL 4 DE ABRIL,"['Chile', 'chileno', 'live', 'game', 'Español', 'fortnite', 'Shooter', 'game', 'drops', 'DropsEnable']",[],False
122,2025-03-31 20:13,superprofe87,es,Fortnite,🎁 AHORA Drops Activados Mortal Kombat Fortnite Super Profe,"['méxico', 'España', 'Argentina', 'Español', 'Colombia', 'Chile', 'Uruguay', 'ecuador', 'EstadosUnidos', 'DropsActivados']",[],False
122,2025-03-31 20:13,WENALEX,es,Fortnite,DROPS ACTIVOS FORTNITE (CAMUFLAJES GRATIS) - RANKED CON MI HIJO - JUGANDO CON SEGUIDORES    !tip !sorteo !drops,"['Español', 'latino', 'charla', 'mexico', 'españa', 'LATAM', 'humor', 'comedia', 'mas18', 'fortnite']",[],False
123,2025-03-31 20:22,seebun,es,Fortnite,Vamos ! ya llego lo nuevo,"['argentina', 'gamer', 'directo', 'latam', 'Español', 'vtuber', '2DVtuber', 'Fortnite', 'fornite', 'DropsActivados']",[],False
123,2025-03-31 20:22,IkiLive_,es,Marvel Rivals,🌸  DR0PS ON 🌸PUBLICAS CON EL CHAT Y PROBANDO PERSONAJES  EN MARVEL RIVALS 🚨CÓDIGO DE CREADOR IKILIVE 🚨 | !Suerte !sorteo !redes,"['Español', 'Repetir', 'marvelrivals', 'marvel', 'Español', 'DropsActivados']",[],False
123,2025-03-31 20:22,alossito,es,Minecraft,[DROPS ACTIVADOS]🟩PANCEBLOCK🟫esto se empieza a blockear jajajajaj || Minecraft || EP 11,"['Español', 'humor', 'minecraft', 'minecraftespañol', 'minecraftcontent', 'MinecraftJavaEditon', 'minecraftmods', 'minecraftsurivial', 'Recompensasdeespectador']",[],False
123,2025-03-31 20:22,SypherPK,en,Fortnite,(!DROPS ON) NEW FREE GUN WRAPS - Watch for 90 minutes to claim! | !giveaway !rocketwars,"['PvP', 'Multiplayer', 'English', 'battleroyale', 'Fortnite', 'DropsEnabled']",[],False
123,2025-03-31 20:22,katta_22,es,Fortnite,(+18) LUNES EN MODO TRYHARD,"['Español', 'FORTINE', 'LATAM', 'LatamStreamer', 'LATAMXD', 'LATAMyEspaña', 'girlsgamers', 'Español', 'BatttleRoyal', 'TeamGameplay']",[],False
123,2025-03-31 20:22,KillerQueentw,es,Minecraft,⭐ Lunes de Minecraft⭐ Un Trading Hall como la gente | MC 1.21.5 !server,"['Argentina', 'Uruguay', 'España', 'Español', 'SeaOfThieves', 'aventura', 'kpop', 'StrayKidsFan', 'minecraft', 'Recompensasdeespectador']",[],False
123,2025-03-31 20:22,CatSaladTV,es,ROBLOX,"🍀〔Roblox〕Buscando obbys chidos, natural disaster y juegos Spoopy aca 💀 ❗Discord ❗Redes","['Español', 'México', 'Vtuber', 'pngtuber', 'PixelArt', 'uwu', 'IRL', 'LATAM', 'roblox']",[],False
123,2025-03-31 20:22,TomasElVacio,es,Minecraft,🐣Holi TE UNES UN RATO CONMIGO SI 🐣 TE ESPERO !comandos,"['TomasElVacio', 'Español', 'Argentina', 'IRL', 'UNETEEEE']",[],False
123,2025-03-31 20:23,Weirdbruh_,es,ROBLOX,🚨 BLOX FRUITS TRADEOS 🚨 SORTEO INFINITO 🔥🤡🔥,"['Español', 'Peru']",[],False
124,2025-04-01 00:01,YoPopeie,es,Marvel Rivals,💜DROPS💜 🎁!SORTEO🎁 HOY SORTEAMOS SKINS🐐🔥 / Redes: @yopopeie_,"['Español', 'DropsActivados']",[],False
124,2025-04-01 00:01,seebun,es,Fortnite,Vamos ! ya llego lo nuevo,"['argentina', 'gamer', 'directo', 'latam', 'Español', 'vtuber', '2DVtuber', 'Fortnite', 'fornite', 'DropsActivados']",[],False
124,2025-04-01 00:01,Luich404,es,Minecraft,AQUI HAY CAPAS!  LA CAPA! EVENTO ESPECIAL DE MINECRAFT BEDROCK PARA GANAR UNA CAPA EDICION ESPECIAL DE LA PELICULA - DROPS ACTIVADOS,"['Español', 'Recompensasdeespectador']",[],False
124,2025-04-01 00:01,PikAHiMoViC,es,Marvel Rivals,🎁 !DROPS 24/7 🎁 RANKEDS PLATINO! 😈 SKIN ADAM WARLOCK! 🙋🏻‍♂️ !jugar !horario,"['dropsactivados', 'dropsactivos', 'drops', 'callofduty', 'blackops6', 'bo6', 'fc25', 'fifa', 'marvelrivals', 'español']",[],False
124,2025-04-01 00:01,CursedFiber78,es,Overwatch 2,🎁DROPS 5 LOOTBOXES🎁💥🕊️🟠!FACEIT PARA UNIRTE AL CLUB🟠👴NO SON TANTOS ANUCIOS NO MAME💎REDES:@CursedFiber78,"['Español', 'malabarista', 'drops', 'tupapá', 'Elmejorstreamerdelmundo', 'OverwatchRanked', 'ElmejorREAPER', 'tortilla']",[],False
124,2025-04-01 00:02,edoobrpc,es,Just Chatting,"GOLEO RANGERS EN LA PINTANA, VEN QUE REVISAMOS LA FECHA 5 DE LA PRIMERA B","['CHILE', 'FUTBOL', 'ASCENSOCHILENO', 'TDAH', 'ESPANOL', 'IRL', 'CASUAL', 'SPANISH', 'Español']",[],False
124,2025-04-01 00:02,ElKiroLS,es,Minecraft,SUPER BASE EPICA EN PROCESO - Estamos en un APOCALIPSIS ZOMBIE con kiro #4 (Cursed Walking),"['elkirols', 'ElKiroLS', 'Mèxico', 'Español', 'minecraft', 'Recompensasdeespectador']",[],False
124,2025-04-01 00:02,HellG__,es,Just Chatting,Minecraft Hardcore +3200 Días | +2 Años,"['Argentina', 'minecraft', 'HellG', 'Español', 'futbol']",[],False
124,2025-04-01 00:02,holadarkmaster,es,Just Chatting,Ahora empieza lo bueno...,"['English', 'Español', 'miecraft', 'servidorminecraft', 'juegoespañol', 'juegos']",[],False
125,2025-04-01 00:11,Luich404,es,Minecraft,AQUI HAY CAPAS!  LA CAPA! EVENTO ESPECIAL DE MINECRAFT BEDROCK PARA GANAR UNA CAPA EDICION ESPECIAL DE LA PELICULA - DROPS ACTIVADOS,"['Español', 'Recompensasdeespectador']",[],False
125,2025-04-01 00:11,seebun,es,Fortnite,Vamos ! ya llego lo nuevo,"['argentina', 'gamer', 'directo', 'latam', 'Español', 'vtuber', '2DVtuber', 'Fortnite', 'fornite', 'DropsActivados']",[],False
125,2025-04-01 00:11,PikAHiMoViC,es,Marvel Rivals,🎁 !DROPS 24/7 🎁 RANKEDS PLATINO! 😈 SKIN ADAM WARLOCK! 🙋🏻‍♂️ !jugar !horario,"['dropsactivados', 'dropsactivos', 'drops', 'callofduty', 'blackops6', 'bo6', 'fc25', 'fifa', 'marvelrivals', 'español']",[],False
125,2025-04-01 00:11,CursedFiber78,es,Overwatch 2,🎁DROPS 5 LOOTBOXES🎁💥🕊️🟠!FACEIT PARA UNIRTE AL CLUB🟠👴NO SON TANTOS ANUCIOS NO MAME💎REDES:@CursedFiber78,"['Español', 'malabarista', 'drops', 'tupapá', 'Elmejorstreamerdelmundo', 'OverwatchRanked', 'ElmejorREAPER', 'tortilla']",[],False
125,2025-04-01 00:11,BotLui,es,Fortnite,Drops de Fortnite activados - Info !Drop - Como vincular cuenta !Vin,"['Español', 'drops', 'DropsActivados']",[],False
125,2025-04-01 00:11,edoobrpc,es,Just Chatting,"GOLEO RANGERS EN LA PINTANA, VEN QUE REVISAMOS LA FECHA 5 DE LA PRIMERA B","['CHILE', 'FUTBOL', 'ASCENSOCHILENO', 'TDAH', 'ESPANOL', 'IRL', 'CASUAL', 'SPANISH', 'Español']",[],False
125,2025-04-01 00:11,h4v0c_gaming,en,ROBLOX,Chillin on Pls Donate! Saving up to do a HUGE DONATION STREAM! 15k+!!! (joins are open on account!),"['Grind', 'Chill', 'PlsDonate', 'Donate', 'Roblox', 'English']",[],False
125,2025-04-01 00:11,ElMelchy,es,Minecraft,!mc AQUÍ SE CONSIGUE CAPA🔥,"['Español', 'Recompensasdeespectador']",[],False
125,2025-04-01 00:11,Vaturox,es,Sons of the Forest,[TJ] [VtuberES] 3 VTUBERS EN EL BOSQUE (TERMINA MAL) @Anini_chu @ladarlingplay [1617/1800] !speak !discord !codigo,['Español'],[],False
126,2025-04-01 00:20,Luich404,es,Minecraft,AQUI HAY CAPAS!  LA CAPA! EVENTO ESPECIAL DE MINECRAFT BEDROCK PARA GANAR UNA CAPA EDICION ESPECIAL DE LA PELICULA - DROPS ACTIVADOS,"['Español', 'Recompensasdeespectador']",[],False
126,2025-04-01 00:20,seebun,es,Fortnite,Vamos ! ya llego lo nuevo,"['argentina', 'gamer', 'directo', 'latam', 'Español', 'vtuber', '2DVtuber', 'Fortnite', 'fornite', 'DropsActivados']",[],False
126,2025-04-01 00:20,PikAHiMoViC,es,Marvel Rivals,🎁 !DROPS 24/7 🎁 RANKEDS PLATINO! 😈 SKIN ADAM WARLOCK! 🙋🏻‍♂️ !jugar !horario,"['dropsactivados', 'dropsactivos', 'drops', 'callofduty', 'blackops6', 'bo6', 'fc25', 'fifa', 'marvelrivals', 'español']",[],False
126,2025-04-01 00:21,CursedFiber78,es,Overwatch 2,🎁DROPS 5 LOOTBOXES🎁💥🕊️🟠!FACEIT PARA UNIRTE AL CLUB🟠👴NO SON TANTOS ANUCIOS NO MAME💎REDES:@CursedFiber78,"['Español', 'malabarista', 'drops', 'tupapá', 'Elmejorstreamerdelmundo', 'OverwatchRanked', 'ElmejorREAPER', 'tortilla']",[],False
126,2025-04-01 00:21,edoobrpc,es,VALORANT,"GOLEO RANGERS EN LA PINTANA, VEN QUE REVISAMOS LA FECHA 5 DE LA PRIMERA B","['CHILE', 'FUTBOL', 'ASCENSOCHILENO', 'TDAH', 'ESPANOL', 'IRL', 'CASUAL', 'SPANISH', 'Español']",[],False
126,2025-04-01 00:21,BotLui,es,Fortnite,Drops de Fortnite activados - Info !Drop - Como vincular cuenta !Vin,"['Español', 'drops', 'DropsActivados']",[],False
126,2025-04-01 00:21,Alexa_CCR,es,Grand Theft Auto V,ps4 noches ¡¡,"['Español', 'gta', 'gtavoline', 'ps4playstation', 'PS4', 'PS4', 'PS5']",['MatureGame'],False
126,2025-04-01 00:21,ChichoGame1,es,Minecraft,| MI PRIMERA VEZ EN MINECRAFT |despues WARZONE - ya TOP #9999 RESURGIMIENTO | !redes !raid !donaciones !risas !diversion,"['ESPAÑOL', 'Español', 'warzone', 'CallaOfDuty', 'callofdutyranked', 'callofdutyWarzone', 'GTAV', 'gtaonline', 'fortinte', 'roblox']",[],False
126,2025-04-01 00:21,2kpc22,es,Fortnite,Ven y Juguemos,"['Español', 'Arabia', 'Lationoamerica', 'Europa', 'EEUU', 'Inglés', 'DropsActivados']",[],False
127,2025-04-01 00:31,Luich404,es,Minecraft,AQUI HAY CAPAS!  LA CAPA! EVENTO ESPECIAL DE MINECRAFT BEDROCK PARA GANAR UNA CAPA EDICION ESPECIAL DE LA PELICULA - DROPS ACTIVADOS,"['Español', 'Recompensasdeespectador']",[],False
127,2025-04-01 00:31,seebun,es,Fortnite,Vamos ! ya llego lo nuevo,"['argentina', 'gamer', 'directo', 'latam', 'Español', 'vtuber', '2DVtuber', 'Fortnite', 'fornite', 'DropsActivados']",[],False
127,2025-04-01 00:32,PikAHiMoViC,es,Marvel Rivals,🎁 !DROPS 24/7 🎁 RANKEDS PLATINO! 😈 SKIN ADAM WARLOCK! 🙋🏻‍♂️ !jugar !horario,"['dropsactivados', 'dropsactivos', 'drops', 'callofduty', 'blackops6', 'bo6', 'fc25', 'fifa', 'marvelrivals', 'español']",[],False
127,2025-04-01 00:32,CursedFiber78,es,Overwatch 2,🎁DROPS 5 LOOTBOXES🎁💥🕊️🟠!FACEIT PARA UNIRTE AL CLUB🟠👴NO SON TANTOS ANUCIOS NO MAME💎REDES:@CursedFiber78,"['Español', 'malabarista', 'drops', 'tupapá', 'Elmejorstreamerdelmundo', 'OverwatchRanked', 'ElmejorREAPER', 'tortilla']",[],False
127,2025-04-01 00:32,BotLui,es,Fortnite,Drops de Fortnite activados - Info !Drop - Como vincular cuenta !Vin,"['Español', 'drops', 'DropsActivados']",[],False
127,2025-04-01 00:32,edoobrpc,es,VALORANT,"GOLEO RANGERS EN LA PINTANA, VEN QUE REVISAMOS LA FECHA 5 DE LA PRIMERA B","['CHILE', 'FUTBOL', 'ASCENSOCHILENO', 'TDAH', 'ESPANOL', 'IRL', 'CASUAL', 'SPANISH', 'Español']",[],False
127,2025-04-01 00:32,inazauru,es,R.E.P.O.,♡₊˚ 🔴 | debo mantenerme sereno para no caer en la locura  ₍ᐢ. .ᐢ₎,"['Venezuela', 'Chill', 'SafePlaceForEveryone', 'spanish', 'Español']",['ProfanityVulgarity'],False
127,2025-04-01 00:32,nayecutee,es,VALORANT,🤭🫣NUEVO VIDEO EN YT🤭🫣 | !redes !discord,"['Español', 'LATAM', 'valorant', 'gamingstreaming', 'Mexico', 'otakar', 'España', 'cutegirl']",[],False
127,2025-04-01 00:32,BlasEscamilla,es,Just Chatting,Ahora vendo mercancia ilegal | !redes !discord !clip,['Español'],[],False
128,2025-04-01 00:43,Luich404,es,Minecraft,AQUI HAY CAPAS!  LA CAPA! EVENTO ESPECIAL DE MINECRAFT BEDROCK PARA GANAR UNA CAPA EDICION ESPECIAL DE LA PELICULA - DROPS ACTIVADOS,"['Español', 'Recompensasdeespectador']",[],False
128,2025-04-01 00:43,seebun,es,Fortnite,Vamos ! ya llego lo nuevo,"['argentina', 'gamer', 'directo', 'latam', 'Español', 'vtuber', '2DVtuber', 'Fortnite', 'fornite', 'DropsActivados']",[],False
128,2025-04-01 00:43,CursedFiber78,es,Overwatch 2,🎁DROPS 5 LOOTBOXES🎁💥🕊️🟠!FACEIT PARA UNIRTE AL CLUB🟠👴NO SON TANTOS ANUCIOS NO MAME💎REDES:@CursedFiber78,"['Español', 'malabarista', 'drops', 'tupapá', 'Elmejorstreamerdelmundo', 'OverwatchRanked', 'ElmejorREAPER', 'tortilla']",[],False
128,2025-04-01 00:43,PikAHiMoViC,es,Marvel Rivals,🎁 !DROPS 24/7 🎁 RANKEDS PLATINO! 😈 SKIN ADAM WARLOCK! 🙋🏻‍♂️ !jugar !horario,"['dropsactivados', 'dropsactivos', 'drops', 'callofduty', 'blackops6', 'bo6', 'fc25', 'fifa', 'marvelrivals', 'español']",[],False
128,2025-04-01 00:43,edoobrpc,es,VALORANT,"GOLEO RANGERS EN LA PINTANA, VEN QUE REVISAMOS LA FECHA 5 DE LA PRIMERA B","['CHILE', 'FUTBOL', 'ASCENSOCHILENO', 'TDAH', 'ESPANOL', 'IRL', 'CASUAL', 'SPANISH', 'Español']",[],False
128,2025-04-01 00:43,BotLui,es,Fortnite,Drops de Fortnite activados - Info !Drop - Como vincular cuenta !Vin,"['Español', 'drops', 'DropsActivados']",[],False
128,2025-04-01 00:43,CheAnD_TV,ru,Counter-Strike,🔴 Утренний CS2 🔥,"['Русский', 'ченд', 'cheand', 'обзор', 'реакция', 'чехменок']",['MatureGame'],False
128,2025-04-01 00:43,emel9l,ru,Counter-Strike,🔥 СКИНЫ И ПРАЙМ ЗА БАЛЛЫ🔥 Дроп за фоллоу пиши в чате !халява,"['Русский', 'Повтор']",['MatureGame'],False
128,2025-04-01 00:43,mops__69,ru,Minecraft,ВАЙП ВЫЖИВАНИЕ 1.21.4 играю с подписчиками,"['mops', 'Русский', 'мопс', 'мопс69', '69', '55', 'общение', 'Minecraft', 'маинкрафт', 'Маинкрафтвыживание']",[],False
129,2025-04-01 04:01,iKeyla635,es,League of Legends,Pasando el rato ♡ #ROADTOPARTNER | !dc !ig !drops,"['Chill', 'ADHD', 'Anime', 'Español', 'English', 'girl', 'hycraft', 'roblox', 'vtuber']",[],False
129,2025-04-01 04:01,GeraALV,es,Fortnite,[DROPS ACTIVADOS] WRAPS GRATIS VIENDO EL STREAM | Usa código GeraALV |❗DROP,"['Español', 'México', 'Guapo', 'AmAPreguntameloquequieras', 'Culiacán', 'Sinaloa', 'AMLOVER', 'CMMP', 'GeraALV', 'ALV']",[],False
129,2025-04-01 04:01,Ache,es,Fortnite,[Drops Activos] NUEVA ACTUALIZACIÓN v34.21 😱,"['Español', 'Shooter', 'Fortnite', 'ache', 'DropsActivados']",[],False
129,2025-04-01 04:01,PikAHiMoViC,es,Marvel Rivals,🎁 !DROPS 24/7 🎁 RANKEDS PLATINO! 😈 SKIN ADAM WARLOCK! 🙋🏻‍♂️ !jugar !horario,"['dropsactivados', 'dropsactivos', 'drops', 'callofduty', 'blackops6', 'bo6', 'fc25', 'fifa', 'marvelrivals', 'español']",[],False
129,2025-04-01 04:01,blessedfnk,es,VALORANT,FULL RANKEDS // &LURK // !boost !ds !canjes,"['Español', 'lima', 'Perú', 'Preguntaloquequieras', 'LATAM', 'ASMR', 'streamer', 'México', 'EstadosUnidos', 'USA']",[],False
129,2025-04-01 04:01,chilltv,es,League of Legends,LA VACCA SATURNO SATURNITA 🐄🪐,"['Español', 'Speedrunner', 'IRL']",[],False
129,2025-04-01 04:01,Supireee,es,Minecraft,🌹NO EMPIEZO LA UNI Y YA ME QUIERO SALIR🌹| Tw:Supiree,"['potaxie', 'LGBTQIAPIus', 'LGTBQ', 'Español', 'owo', 'Recompensasdeespectador']",[],False
129,2025-04-01 04:01,SoyPan,es,VALORANT,UN VIDEO MA MI GENTE !YT !IG !FB || Twitter/Ig: SoyPan__,['Español'],[],False
129,2025-04-01 04:02,pelona_69_,es,VALORANT,🎀 Extensible sin limites dia 4 🎀 ven a jugaaarr!!!!,"['mainreyna', 'mexicana', 'espanol', 'minita', 'Latina', 'Español']",[],False
130,2025-04-01 04:10,iKeyla635,es,League of Legends,Pasando el rato ♡ #ROADTOPARTNER | !dc !ig !drops,"['Chill', 'ADHD', 'Anime', 'Español', 'English', 'girl', 'hycraft', 'roblox', 'vtuber']",[],False
130,2025-04-01 04:10,GeraALV,es,Fortnite,[DROPS ACTIVADOS] WRAPS GRATIS VIENDO EL STREAM | Usa código GeraALV |❗DROP,"['Español', 'México', 'Guapo', 'AmAPreguntameloquequieras', 'Culiacán', 'Sinaloa', 'AMLOVER', 'CMMP', 'GeraALV', 'ALV']",[],False
130,2025-04-01 04:10,Ache,es,Fortnite,[Drops Activos] NUEVA ACTUALIZACIÓN v34.21 😱,"['Español', 'Shooter', 'Fortnite', 'ache', 'DropsActivados']",[],False
130,2025-04-01 04:10,PikAHiMoViC,es,Marvel Rivals,🎁 !DROPS 24/7 🎁 RANKEDS PLATINO! 😈 SKIN ADAM WARLOCK! 🙋🏻‍♂️ !jugar !horario,"['dropsactivados', 'dropsactivos', 'drops', 'callofduty', 'blackops6', 'bo6', 'fc25', 'fifa', 'marvelrivals', 'español']",[],False
130,2025-04-01 04:10,blessedfnk,es,VALORANT,FULL RANKEDS // &LURK // !boost !ds !canjes,"['Español', 'lima', 'Perú', 'Preguntaloquequieras', 'LATAM', 'ASMR', 'streamer', 'México', 'EstadosUnidos', 'USA']",[],False
130,2025-04-01 04:10,chilltv,es,League of Legends,LA VACCA SATURNO SATURNITA 🐄🪐,"['Español', 'Speedrunner', 'IRL']",[],False
130,2025-04-01 04:10,Namilih,es,Just Chatting,Puro chavito fresco fresco aquí | 🌙 Redes: Namilih,"['Español', 'Namilih', 'Nami', 'México']",[],False
130,2025-04-01 04:10,danoninoplay,es,Minecraft,👌😈 Probando Ideas xd 🗣🔥,"['México', 'spanish', 'minecraft', 'chilll', 'Latino', 'coitorreo', 'Español', 'Recompensasdeespectador']",[],False
130,2025-04-01 04:10,LosLordLlama,es,R.E.P.O.,"🏄HOMOEXTENSIBLE DÍA 8: LUNES DE ""YA QUIERO QUE DEN VACACIONES""🏄 | MÚSICA Y CHISMESITO | 🚨LOS LORD LLAMA EN VIVO🚨","['Stream', 'ConversandoConElChat', 'JustChatting', 'Latinoamerica', 'Comedia', 'Musica', 'SoungRequest', 'Videojuegos', 'Mexico', 'Fortnite']",['ProfanityVulgarity'],False
131,2025-04-01 04:22,iKeyla635,es,League of Legends,Pasando el rato ♡ #ROADTOPARTNER | !dc !ig !drops,"['Chill', 'ADHD', 'Anime', 'Español', 'English', 'girl', 'hycraft', 'roblox', 'vtuber']",[],False
131,2025-04-01 04:22,GeraALV,es,Fortnite,[DROPS ACTIVADOS] WRAPS GRATIS VIENDO EL STREAM | Usa código GeraALV |❗DROP,"['Español', 'México', 'Guapo', 'AmAPreguntameloquequieras', 'Culiacán', 'Sinaloa', 'AMLOVER', 'CMMP', 'GeraALV', 'ALV']",[],False
131,2025-04-01 04:22,Ache,es,Fortnite,[Drops Activos] NUEVA ACTUALIZACIÓN v34.21 😱,"['Español', 'Shooter', 'Fortnite', 'ache', 'DropsActivados']",[],False
131,2025-04-01 04:22,PikAHiMoViC,es,Marvel Rivals,🎁 !DROPS 24/7 🎁 RANKEDS PLATINO! 😈 SKIN ADAM WARLOCK! 🙋🏻‍♂️ !jugar !horario,"['dropsactivados', 'dropsactivos', 'drops', 'callofduty', 'blackops6', 'bo6', 'fc25', 'fifa', 'marvelrivals', 'español']",[],False
131,2025-04-01 04:22,blessedfnk,es,VALORANT,FULL RANKEDS // &LURK // !boost !ds !canjes,"['Español', 'lima', 'Perú', 'Preguntaloquequieras', 'LATAM', 'ASMR', 'streamer', 'México', 'EstadosUnidos', 'USA']",[],False
131,2025-04-01 04:22,chilltv,es,League of Legends,LA VACCA SATURNO SATURNITA 🐄🪐,"['Español', 'Speedrunner', 'IRL']",[],False
131,2025-04-01 04:22,Kvensis,ru,Counter-Strike,❤️Update CS2🛑Скины за Баллы🛑Игра с фолловерами.,"['скинызабаллы', 'розыгрыш', 'скины', 'Украина', 'Русский', 'кс', 'CS2', 'реакция', 'общение', 'Узбекистан']",['MatureGame'],False
131,2025-04-01 04:22,kaitocs,ru,Genshin Impact,🔴 НЕ ОФФНУ ПОКА НЕ ЗАКРОЮ КРЕДИТ,"['Русский', 'kaito', 'РОЗЫГРЫШ', 'DropsВключены']",[],False
131,2025-04-01 04:22,theturch1k,ru,I'm Only Sleeping,🔴24 ЧАСА СТРИМ|🔫СКИННЫ ЗА БАЛЛЫ|🏆СКИН ЗА ФОЛОУ|🎁РОЗЫГРЫШ В ТГ|!тг,"['CS2', 'скинызабаллы', 'cs', 'Украинский', 'Україна', 'Русский']","['DrugsIntoxication', 'ProfanityVulgarity']",False
132,2025-04-01 04:32,iKeyla635,es,League of Legends,Pasando el rato ♡ #ROADTOPARTNER | !dc !ig !drops,"['Chill', 'ADHD', 'Anime', 'Español', 'English', 'girl', 'hycraft', 'roblox', 'vtuber']",[],False
132,2025-04-01 04:32,GeraALV,es,Fortnite,[DROPS ACTIVADOS] WRAPS GRATIS VIENDO EL STREAM | Usa código GeraALV |❗DROP,"['Español', 'México', 'Guapo', 'AmAPreguntameloquequieras', 'Culiacán', 'Sinaloa', 'AMLOVER', 'CMMP', 'GeraALV', 'ALV']",[],False
132,2025-04-01 04:32,Ache,es,Fortnite,[Drops Activos] NUEVA ACTUALIZACIÓN v34.21 😱,"['Español', 'Shooter', 'Fortnite', 'ache', 'DropsActivados']",[],False
132,2025-04-01 04:32,PikAHiMoViC,es,Marvel Rivals,🎁 !DROPS 24/7 🎁 RANKEDS PLATINO! 😈 SKIN ADAM WARLOCK! 🙋🏻‍♂️ !jugar !horario,"['dropsactivados', 'dropsactivos', 'drops', 'callofduty', 'blackops6', 'bo6', 'fc25', 'fifa', 'marvelrivals', 'español']",[],False
132,2025-04-01 04:32,blessedfnk,es,VALORANT,FULL RANKEDS // &LURK // !boost !ds !canjes,"['Español', 'lima', 'Perú', 'Preguntaloquequieras', 'LATAM', 'ASMR', 'streamer', 'México', 'EstadosUnidos', 'USA']",[],False
132,2025-04-01 04:32,chilltv,es,League of Legends,LA VACCA SATURNO SATURNITA 🐄🪐,"['Español', 'Speedrunner', 'IRL']",[],False
132,2025-04-01 04:32,crud,en,Sea of Thieves,crudstream,"['English', 'crudgoblin', 'crudfest', 'chatreader', 'seaofthieves', 'Completionist', 'OCE', 'Australia', 'SeaofThievesgameplay', 'Tall']",[],False
132,2025-04-01 04:32,FatTallGuy,en,Sea of Thieves,🚨!PARTNERPUSH🚨LATE NIGHT PRO PVP 🚨,"['English', 'PvP', 'NewPlayersWelcome', 'FurryFriendly', 'Shenanigans', 'Musician', 'NosleepGaming', 'Tomfoolery', 'seaofthieves', 'Furry']",[],False
132,2025-04-01 04:32,shwockatv,en,Phasmophobia,spooky time,"['english', 'controller', 'gamergirl', 'English', 'seaofthieveshourglass', 'seaofthievespvp']",['MatureGame'],False
133,2025-04-01 04:40,iKeyla635,es,League of Legends,Pasando el rato ♡ #ROADTOPARTNER | !dc !ig,"['Chill', 'ADHD', 'Anime', 'Español', 'English', 'girl', 'hycraft', 'roblox', 'vtuber']",[],False
133,2025-04-01 04:40,GeraALV,es,Fortnite,[DROPS ACTIVADOS] WRAPS GRATIS VIENDO EL STREAM | Usa código GeraALV |❗DROP,"['Español', 'México', 'Guapo', 'AmAPreguntameloquequieras', 'Culiacán', 'Sinaloa', 'AMLOVER', 'CMMP', 'GeraALV', 'ALV']",[],False
133,2025-04-01 04:40,Ache,es,Fortnite,[Drops Activos] NUEVA ACTUALIZACIÓN v34.21 😱,"['Español', 'Shooter', 'Fortnite', 'ache', 'DropsActivados']",[],False
133,2025-04-01 04:40,PikAHiMoViC,es,Marvel Rivals,🎁 !DROPS 24/7 🎁 RANKEDS PLATINO! 😈 SKIN ADAM WARLOCK! 🙋🏻‍♂️ !jugar !horario,"['dropsactivados', 'dropsactivos', 'drops', 'callofduty', 'blackops6', 'bo6', 'fc25', 'fifa', 'marvelrivals', 'español']",[],False
133,2025-04-01 04:40,blessedfnk,es,VALORANT,FULL RANKEDS // &LURK // !boost !ds !canjes,"['Español', 'lima', 'Perú', 'Preguntaloquequieras', 'LATAM', 'ASMR', 'streamer', 'México', 'EstadosUnidos', 'USA']",[],False
133,2025-04-01 04:40,chilltv,es,League of Legends,LA VACCA SATURNO SATURNITA 🐄🪐,"['Español', 'Speedrunner', 'IRL']",[],False
133,2025-04-01 04:40,Nautilifts,en,Marvel Rivals,[!DROPS] BRUCE BANNER MAIN plays MARVEL RIVALS - COSTUME COIN // NEW VENOM EMOTE || long stream! - !discord !TikTok,"['English', 'chill', 'aura', 'mauga', 'Marvel', 'marvelrivals', 'DropsEnabled']",[],True
133,2025-04-01 04:40,snuggleamuggle,en,Marvel Rivals,🔴DROPS🔴 GM/CELESTIAL GETTING SILLY | HELP W PARTNER | !throne !newvid,"['English', 'Vtuber', 'ENVtuber', 'PartnerPush', 'EternalNightFalls', 'marvelrivals', 'DropsEnabled']",[],False
133,2025-04-01 04:40,peach,en,Marvel Rivals,[DROPS] ✨ the push to celestial begins NOW ✨ just kidding.. unless?? ♡ !merch !discord !socials ♡ @peach,"['English', 'Vtuber', 'ENVtuber', 'LGBTQ', 'ADHD', 'Chatty', 'Loud', 'Dyslexic', 'Woman', 'DropsEnabled']",[],False
134,2025-04-01 08:01,PikAHiMoViC,es,Marvel Rivals,🎁 !DROPS 24/7 🎁 RANKEDS PLATINO! 😈 SKIN ADAM WARLOCK! 🙋🏻‍♂️ !jugar !horario,"['dropsactivados', 'dropsactivos', 'drops', 'callofduty', 'blackops6', 'bo6', 'fc25', 'fifa', 'marvelrivals', 'español']",[],False
134,2025-04-01 08:01,iKeyla635,es,Fortnite,!DROPS Pasando el rato ♡ #ROADTOPARTNER | !dc !ig,"['Chill', 'ADHD', 'Anime', 'Español', 'English', 'girl', 'hycraft', 'roblox', 'vtuber', 'DropsActivados']",[],False
134,2025-04-01 08:01,Ache,es,Fortnite,[Drops Activos] NUEVA ACTUALIZACIÓN v34.21 😱,"['Español', 'Shooter', 'Fortnite', 'ache', 'DropsActivados']",[],False
134,2025-04-01 08:01,TheFarrelTV,es,Assassin's Creed Shadows,🟣DROPS: ON | 🐱‍👤😍ASSASSIN´S CREED SHADOWS😍 🐱‍👤| CADA VEZ MAS CERCA DEL FINAL..  | CAPITULO 13,"['Español', 'gaming', 'InteraccionEnVivo', 'Twitchlatino', 'gameplay', 'GameplayandChatting', 'gameplayenespañol', 'assassinscreed', 'UbisoftPartner', 'assassinscreedshadows']",['MatureGame'],False
134,2025-04-01 08:01,blessedfnk,es,VALORANT,FULL RANKEDS // &LURK // !boost !ds !canjes,"['Español', 'lima', 'Perú', 'Preguntaloquequieras', 'LATAM', 'ASMR', 'streamer', 'México', 'EstadosUnidos', 'USA']",[],False
134,2025-04-01 08:01,Hiperop,es,Fortnite,[DROPS ON] MITOS MORTAL KOMBAT⭐| Código Hiper-Youtube 💗👊🏼 #EpicPartner,"['Español', 'DropsActivados']",[],False
134,2025-04-01 08:01,IreneFields,es,VALORANT,MARTES CON M DE ME DUELE EL CUELLO AYUDA | RANKEAMOS 😎,"['valorant', 'español', 'trolleadme', 'Inmortal', 'rankeds', 'soloq', 'lgtb', 'Español', 'extensible']",[],False
134,2025-04-01 08:01,paulitaadiaz,es,VALORANT,OTP Astra Ranks 💜 @paulitaadiaz | CC @FALKE_EC,['Español'],['ProfanityVulgarity'],False
134,2025-04-01 08:01,b0rja,es,VALORANT,[VOD / RE RUN] 🍃 RADIANT DISIPLIN 🍃 NO CIERRO STREAM HASTA RADIANT - Día 17. - !redes !sorteo,"['España', 'Valorant', 'Español', 'canarias', 'b0rja', 'b0rjacs', 'SpainRP', 'josecherno', 'duoq', 'KRÜ']",[],False
135,2025-04-01 08:08,PikAHiMoViC,es,Marvel Rivals,🎁 !DROPS 24/7 🎁 RANKEDS PLATINO! 😈 SKIN ADAM WARLOCK! 🙋🏻‍♂️ !jugar !horario,"['dropsactivados', 'dropsactivos', 'drops', 'callofduty', 'blackops6', 'bo6', 'fc25', 'fifa', 'marvelrivals', 'español']",[],False
135,2025-04-01 08:08,iKeyla635,es,Fortnite,!DROPS Pasando el rato ♡ #ROADTOPARTNER | !dc !ig,"['Chill', 'ADHD', 'Anime', 'Español', 'English', 'girl', 'hycraft', 'roblox', 'vtuber', 'DropsActivados']",[],False
135,2025-04-01 08:08,Ache,es,Fortnite,[Drops Activos] NUEVA ACTUALIZACIÓN v34.21 😱,"['Español', 'Shooter', 'Fortnite', 'ache', 'DropsActivados']",[],False
135,2025-04-01 08:08,blessedfnk,es,VALORANT,FULL RANKEDS // &LURK // !boost !ds !canjes,"['Español', 'lima', 'Perú', 'Preguntaloquequieras', 'LATAM', 'ASMR', 'streamer', 'México', 'EstadosUnidos', 'USA']",[],False
135,2025-04-01 08:08,TheFarrelTV,es,Assassin's Creed Shadows,🟣DROPS: ON | 🐱‍👤😍ASSASSIN´S CREED SHADOWS😍 🐱‍👤| CADA VEZ MAS CERCA DEL FINAL..  | CAPITULO 13,"['Español', 'gaming', 'InteraccionEnVivo', 'Twitchlatino', 'gameplay', 'GameplayandChatting', 'gameplayenespañol', 'assassinscreed', 'UbisoftPartner', 'assassinscreedshadows']",['MatureGame'],False
135,2025-04-01 08:09,Hiperop,es,Fortnite,[DROPS ON] MITOS MORTAL KOMBAT⭐| Código Hiper-Youtube 💗👊🏼 #EpicPartner,"['Español', 'DropsActivados']",[],False
135,2025-04-01 08:09,Beardageddon247,en,Sea of Thieves,Rerun - No Drops | 24/7 Beardageddon Watch Party | Sea of Thieves,"['English', 'Rerun', 'NoDrops', 'hangout', 'NotLive', 'catchup', 'lotsofads']",[],False
135,2025-04-01 08:09,QueenofShebasCat,en,Sea of Thieves,Silly Goose Activities: Throwing pointy sticks at stuff!!! | !crew !lurk !goose,"['JustaSillyGoose', 'Jazz', 'SoundAlertsEnabled', 'StuffAndThings', 'Chill', 'English', 'QUACK']",[],False
135,2025-04-01 08:09,Le_Suns,fr,Sea of Thieves,🏴‍☠️YAARRR🏴‍☠️ !pompes !jus !hotsauce [FR/ENG],"['Français', 'seaofthieves', 'PvP', 'pompes', 'jus', 'English', 'fun', 'sport', 'FartFriendly', 'Rediffusion']",[],False
136,2025-04-01 08:20,PikAHiMoViC,es,Marvel Rivals,🎁 !DROPS 24/7 🎁 RANKEDS PLATINO! 😈 SKIN ADAM WARLOCK! 🙋🏻‍♂️ !jugar !horario,"['dropsactivados', 'dropsactivos', 'drops', 'callofduty', 'blackops6', 'bo6', 'fc25', 'fifa', 'marvelrivals', 'español']",[],False
136,2025-04-01 08:20,iKeyla635,es,Fortnite,!DROPS Pasando el rato ♡ #ROADTOPARTNER | !dc !ig,"['Chill', 'ADHD', 'Anime', 'Español', 'English', 'girl', 'hycraft', 'roblox', 'vtuber', 'DropsActivados']",[],False
136,2025-04-01 08:20,Ache,es,Fortnite,[Drops Activos] NUEVA ACTUALIZACIÓN v34.21 😱,"['Español', 'Shooter', 'Fortnite', 'ache', 'DropsActivados']",[],False
136,2025-04-01 08:20,blessedfnk,es,VALORANT,FULL RANKEDS // &LURK // !boost !ds !canjes,"['Español', 'lima', 'Perú', 'Preguntaloquequieras', 'LATAM', 'ASMR', 'streamer', 'México', 'EstadosUnidos', 'USA']",[],False
136,2025-04-01 08:20,TheFarrelTV,es,Assassin's Creed Shadows,🟣DROPS: ON | 🐱‍👤😍ASSASSIN´S CREED SHADOWS😍 🐱‍👤| CADA VEZ MAS CERCA DEL FINAL..  | CAPITULO 13,"['Español', 'gaming', 'InteraccionEnVivo', 'Twitchlatino', 'gameplay', 'GameplayandChatting', 'gameplayenespañol', 'assassinscreed', 'UbisoftPartner', 'assassinscreedshadows']",['MatureGame'],False
136,2025-04-01 08:20,Hiperop,es,Fortnite,[DROPS ON] MITOS MORTAL KOMBAT⭐| Código Hiper-Youtube 💗👊🏼 #EpicPartner,"['Español', 'DropsActivados']",[],False
136,2025-04-01 08:20,MaSaCr3_,es,Overwatch 2,🔇NO MIC 💰!sorteo DIARIO de 10€ o 1k de mOWnedas 🎁!ganadores 😈 TOP103 Supreme Flex deity,"['PersonajesMalvados', 'Competitivo', 'Vicio', 'Perversión', 'PecadosCapitales', 'SufreConEspectadores', 'DepravaciónAbsoluta', 'SerialKiller', 'Español']",[],True
136,2025-04-01 08:20,DingoVerde,es,The Sims 4,Mama dijo que no sabía hacer a un gato mauuullar...,"['Charlandoconelchat', 'MainSupport', 'Español', 'Overｗatch2', 'Castellano', 'PrimerJuego', 'Jugarconespectadores', 'drops']",['ProfanityVulgarity'],False
136,2025-04-01 08:20,anarcocapitalista12,es,Dead by Daylight,Buenas tardes,['Español'],"['MatureGame', 'ProfanityVulgarity', 'ViolentGraphic']",True
137,2025-04-01 08:28,PikAHiMoViC,es,Marvel Rivals,🎁 !DROPS 24/7 🎁 RANKEDS PLATINO! 😈 SKIN ADAM WARLOCK! 🙋🏻‍♂️ !jugar !horario,"['dropsactivados', 'dropsactivos', 'drops', 'callofduty', 'blackops6', 'bo6', 'fc25', 'fifa', 'marvelrivals', 'español']",[],False
137,2025-04-01 08:28,iKeyla635,es,Fortnite,!DROPS Pasando el rato ♡ #ROADTOPARTNER | !dc !ig,"['Chill', 'ADHD', 'Anime', 'Español', 'English', 'girl', 'hycraft', 'roblox', 'vtuber', 'DropsActivados']",[],False
137,2025-04-01 08:28,Ache,es,Fortnite,[Drops Activos] NUEVA ACTUALIZACIÓN v34.21 😱,"['Español', 'Shooter', 'Fortnite', 'ache', 'DropsActivados']",[],False
137,2025-04-01 08:28,Galletaa,es,Grand Theft Auto V,🔎 CAZANDO HACKERS 🔫 SUB = !VENTAJAS | !banda !yt !napse,"['Español', 'juegoderol', 'gta', 'roleplay', 'server', 'fivem', 'pvp', 'humor', 'GTARP']",['MatureGame'],False
137,2025-04-01 08:28,blessedfnk,es,VALORANT,FULL RANKEDS // &LURK // !boost !ds !canjes,"['Español', 'lima', 'Perú', 'Preguntaloquequieras', 'LATAM', 'ASMR', 'streamer', 'México', 'EstadosUnidos', 'USA']",[],False
137,2025-04-01 08:28,TheFarrelTV,es,Assassin's Creed Shadows,🟣DROPS: ON | 🐱‍👤😍ASSASSIN´S CREED SHADOWS😍 🐱‍👤| CADA VEZ MAS CERCA DEL FINAL..  | CAPITULO 13,"['Español', 'gaming', 'InteraccionEnVivo', 'Twitchlatino', 'gameplay', 'GameplayandChatting', 'gameplayenespañol', 'assassinscreed', 'UbisoftPartner', 'assassinscreedshadows']",['MatureGame'],False
137,2025-04-01 08:28,eldelabarrapan,es,League of Legends,RANK 1 ALISTAR TOP LANE,['Español'],[],False
137,2025-04-01 08:28,ReventXz,es,Fitness & Health,"GYM IRL, HOY EMPUJES.⚔️14:00 FLEXQ/RANKEDS LEAGUE OF LEGENDS🏆15:00 ANUNCIO","['Español', 'goagain']",[],False
137,2025-04-01 08:28,Send0o,es,League of Legends,hoy.. *sonrisa malévola* PARTIDO a las 18.00 • ❗TEAM ❗VIDEO • S6-S15 Challenger 👑,"['Parent', 'Challenger', 'Toplane', 'Gallego', 'Español', 'Interactive', 'English']",[],False
138,2025-04-01 08:37,PikAHiMoViC,es,Marvel Rivals,🎁 !DROPS 24/7 🎁 RANKEDS PLATINO! 😈 SKIN ADAM WARLOCK! 🙋🏻‍♂️ !jugar !horario,"['dropsactivados', 'dropsactivos', 'drops', 'callofduty', 'blackops6', 'bo6', 'fc25', 'fifa', 'marvelrivals', 'español']",[],False
138,2025-04-01 08:37,iKeyla635,es,Fortnite,!DROPS Pasando el rato ♡ #ROADTOPARTNER | !dc !ig,"['Chill', 'ADHD', 'Anime', 'Español', 'English', 'girl', 'hycraft', 'roblox', 'vtuber', 'DropsActivados']",[],False
138,2025-04-01 08:37,Galletaa,es,Grand Theft Auto V,🔎 CAZANDO HACKERS 🔫 SUB = !VENTAJAS | !banda !yt !napse,"['Español', 'juegoderol', 'gta', 'roleplay', 'server', 'fivem', 'pvp', 'humor', 'GTARP']",['MatureGame'],False
138,2025-04-01 08:37,Ache,es,Fortnite,[Drops Activos] NUEVA ACTUALIZACIÓN v34.21 😱,"['Español', 'Shooter', 'Fortnite', 'ache', 'DropsActivados']",[],False
138,2025-04-01 08:37,blessedfnk,es,VALORANT,FULL RANKEDS // &LURK // !boost !ds !canjes,"['Español', 'lima', 'Perú', 'Preguntaloquequieras', 'LATAM', 'ASMR', 'streamer', 'México', 'EstadosUnidos', 'USA']",[],False
138,2025-04-01 08:37,LaOsaa_,es,Fortnite,FOORTNITE🔫🐻,"['Español', 'DropsActivados']",[],False
138,2025-04-01 08:37,miexoo,de,Minecraft,🔴 FREE MINECRAFT CAPE - !drops 🔴 SUB = NO ADS 🔴 [ @Verku @deledettv ],"['Deutsch', 'English', 'Español', 'Zuschauerbelohnungen', 'Русский', 'Polski', '日本語', '中国人', 'DropsEnabled']",[],False
138,2025-04-01 08:37,EiMine77,pt,Minecraft,✅ RECOMPENSAS ON! | ⭐ SEJA RÁPIDO E GANHE UMA CAPA DE GRAÇA: !CAPA | 💘 INSTAGRAM: @EIMINE77 | !ajuda !rerun !sub !subgratis !loja,"['Minecraft', 'EiMine', 'Português', 'RecompensasEspetadores']",[],False
138,2025-04-01 08:37,streameruniversitario,es,Minecraft,DROP DE CAPA🎁 RECLAMA TU CODIGO AQUI 100% SEGURO 🤩VOLVIERON LAS CAPAS DE MINECRAFT🥵RR / RP @aris_sinpausa,"['Español', 'English', 'Recompensasdeespectador']",[],False
139,2025-04-01 12:01,JoseteAlm,es,Sea of Thieves,⚔️A levelear HG⚔️ ES|EN !discord !josetazo !redes,"['Español', 'English', 'aventura', 'PvP', 'JvJ', 'seaofthieves', 'drops']",[],False
139,2025-04-01 12:01,SoloQTilted,es,Minecraft,[DROP CAPA MINECRAFT ON] SERVIDOR COMUNTIARIO | HYPE PELÍCULA MINECRAFT !ip | !guia !redes,"['jugandoconviewers', 'jugandoconespectadores', 'leagueoflegends', 'Diana', 'OTPDiana', 'dianaotp', 'Español', 'English', 'OTP', 'lolespañol']",[],False
139,2025-04-01 12:01,Blueeye099,es,Fortnite,¡¡DROPS ACTIVOS!!  Consigue cositas viendo el directoo + Probando nueva actuu  !𝗺𝗲𝗿𝗰𝗵 !redes // Código BLUEEYE099 #EpicPartner 💙,"['Fortnite', 'España', 'Español', 'girl', 'DropsActivados']",[],False
139,2025-04-01 12:01,seebun,es,Fortnite,Gran Actulizacion ! Mortal kumbia!!!!,"['argentina', 'gamer', 'directo', 'latam', 'Español', 'vtuber', '2DVtuber', 'Fortnite', 'fornite', 'DropsActivados']",[],False
139,2025-04-01 12:01,AlatreusTV,es,ROBLOX,EL DIRECTO DE HOY EN DEAD RAILS ESTÁ SIENDO UNA LOCURA TOTAL… Y APENAS ESTAMOS EMPEZANDO,"['Español', 'roblox']",[],False
139,2025-04-01 12:01,PikAHiMoViC,es,Marvel Rivals,🎁 !DROPS 24/7 🎁 RANKEDS PLATINO! 😈 SKIN ADAM WARLOCK! 🙋🏻‍♂️ !jugar !horario,"['dropsactivados', 'dropsactivos', 'drops', 'callofduty', 'blackops6', 'bo6', 'fc25', 'fifa', 'marvelrivals', 'español']",[],False
139,2025-04-01 12:01,SapuetElVerdee,es,Counter-Strike,[🔴FACEIT LVL10🔴] 🔥VAMOH A DARLE DURO CS🔥 | 🎁SORTEOS SKINS CS + UN JUEGO RNDM DE STEAM🎁 ❗RULETA | Redes-> @SapuetElVerdee,"['Español', 'CS', 'CS2', 'Torneo', 'Tournament', 'CounterStrike', 'CSGO', 'FaceIt', 'Sorteos', 'Giveaways']",['MatureGame'],False
139,2025-04-01 12:01,MamaTopo,es,Counter-Strike,NUEVO PASEEEE VAMO A FARMEAR,['Español'],['MatureGame'],False
139,2025-04-01 12:01,LaMor0cha,es,Counter-Strike,marteesiuli | subs 0/3 | !sorteosubs | !redes | !tiktok | !discord | !raingg,['Español'],['MatureGame'],False
140,2025-04-01 12:10,SoloQTilted,es,Minecraft,[DROP CAPA MINECRAFT ON] SERVIDOR COMUNTIARIO | HYPE PELÍCULA MINECRAFT !ip | !guia !redes,"['jugandoconviewers', 'jugandoconespectadores', 'leagueoflegends', 'Diana', 'OTPDiana', 'dianaotp', 'Español', 'English', 'OTP', 'lolespañol']",[],False
140,2025-04-01 12:10,Blueeye099,es,Fortnite,¡¡DROPS ACTIVOS!!  Consigue cositas viendo el directoo + Probando nueva actuu  !𝗺𝗲𝗿𝗰𝗵 !redes // Código BLUEEYE099 #EpicPartner 💙,"['Fortnite', 'España', 'Español', 'girl', 'DropsActivados']",[],False
140,2025-04-01 12:10,seebun,es,Fortnite,Gran Actulizacion ! Mortal kumbia!!!!,"['argentina', 'gamer', 'directo', 'latam', 'Español', 'vtuber', '2DVtuber', 'Fortnite', 'fornite', 'DropsActivados']",[],False
140,2025-04-01 12:10,AlatreusTV,es,ROBLOX,EL DIRECTO DE HOY EN DEAD RAILS ESTÁ SIENDO UNA LOCURA TOTAL… Y APENAS ESTAMOS EMPEZANDO,"['Español', 'roblox']",[],False
140,2025-04-01 12:10,PikAHiMoViC,es,Marvel Rivals,🎁 !DROPS 24/7 🎁 RANKEDS PLATINO! 😈 SKIN ADAM WARLOCK! 🙋🏻‍♂️ !jugar !horario,"['dropsactivados', 'dropsactivos', 'drops', 'callofduty', 'blackops6', 'bo6', 'fc25', 'fifa', 'marvelrivals', 'español']",[],False
140,2025-04-01 12:10,chigre,es,EA Sports FC 25,"NUEVO PARCHE, GRINDEO COPA Y VIENEN SBC Y EVO TOP!! PROXIMA TEMPORADA: TOTS!! !SORTEO !MONEDAS !SUB !PRIME !REDES","['Español', 'CHIGRE', 'fifa', 'fc25', 'fifa25', 'EASPORTSFC']",[],False
140,2025-04-01 12:10,supertradeos,es,EA Sports FC 25,"🤑!vip MEJORA 20x82? EVO FILTRADA Y CANJEO DREAMCHASERS? EMPIEZA EL👉🤑GRUPO VIP DE TRADEOS AL SUSCRIBIRTE, cada mes de 2m a 4m en el VIP✅","['Español', 'vip', 'tradeos', 'sbc', 'fc25', 'fc25', 'eafc25', 'ut', 'fifa']",[],False
140,2025-04-01 12:10,rubenuria_,es,Sports,PREVIA ATLETI-BARÇA | RDP SIMEONE | JUGARÁ MUSSO | #ClubUria485,"['futbol', 'periodismo', 'debate', 'Español', 'Atleticodemadrid', 'realmadrid', 'FCBarcelone', 'deportes']",[],False
141,2025-04-01 12:20,JoseteAlm,es,Sea of Thieves,⚔️A levelear HG⚔️ ES|EN !discord !josetazo !redes,"['Español', 'English', 'aventura', 'PvP', 'JvJ', 'seaofthieves', 'drops']",[],False
141,2025-04-01 12:20,SoloQTilted,es,Minecraft,[DROP CAPA MINECRAFT ON] SERVIDOR COMUNTIARIO | HYPE PELÍCULA MINECRAFT !ip | !guia !redes,"['jugandoconviewers', 'jugandoconespectadores', 'leagueoflegends', 'Diana', 'OTPDiana', 'dianaotp', 'Español', 'English', 'OTP', 'lolespañol']",[],False
141,2025-04-01 12:20,Blueeye099,es,Fortnite,¡¡DROPS ACTIVOS!!  Consigue cositas viendo el directoo + Probando nueva actuu  !𝗺𝗲𝗿𝗰𝗵 !redes // Código BLUEEYE099 #EpicPartner 💙,"['Fortnite', 'España', 'Español', 'girl', 'DropsActivados']",[],False
141,2025-04-01 12:20,seebun,es,Fortnite,Gran Actulizacion ! Mortal kumbia!!!!,"['argentina', 'gamer', 'directo', 'latam', 'Español', 'vtuber', '2DVtuber', 'Fortnite', 'fornite', 'DropsActivados']",[],False
141,2025-04-01 12:21,franmr110,es,Minecraft,DROPS ACTIVOS | DANDOLE DURO AL UNICO BLOQUE DE MI ISLA  🔶『❕DC』🔸『❕IP』🔸『❕CODIGO』🟠,"['Español', 'Recompensasdeespectador']",[],False
141,2025-04-01 12:21,AlatreusTV,es,ROBLOX,EL DIRECTO DE HOY EN DEAD RAILS ESTÁ SIENDO UNA LOCURA TOTAL… Y APENAS ESTAMOS EMPEZANDO,"['Español', 'roblox']",[],False
141,2025-04-01 12:21,nedorem1x,ru,ROBLOX,У ТЕБЯ СПИНА БЕЛАЯ | ROBLOX | MEMES: ON,"['общение', 'Русский', 'роблокс', 'roblox']",[],False
141,2025-04-01 12:21,Kengusaro,ru,Minecraft,#КоверКрутой | Стрим обычный |,"['Русский', 'общениесчатом', 'Повтор', 'kengusaro', 'minecraftplay', 'НаградыДляЗрителей']",[],False
141,2025-04-01 12:21,okiitos,en,ROBLOX,🐰 ITZ APRIL | APRIL FOOLZ |🐇 CHEWSDAY MORNING BREATH LIVE STREAM | 🥚 LETS  PLAY SOME LIT FUN GAMES W🐣 OKIITOS CREW🌷 / AND CHILL!!!🥚,"['English', 'roblox', 'playingwithchat', 'gaming', 'fun']",[],False
142,2025-04-01 16:01,JoseteAlm,es,Sea of Thieves,⚔️A levelear HG⚔️ ES|EN !discord !josetazo !redes,"['Español', 'English', 'aventura', 'PvP', 'JvJ', 'seaofthieves', 'drops']",[],False
142,2025-04-01 16:01,torrantogamer,es,CryoFall,🔥CRYOFALL🔥| ¡El juego de supervivencia definitivo!,"['game', 'Español', 'DOMINICANO', 'gta', 'GTAⅤ', 'ＧTA5', 'gtavrproleplay', 'gtandTheftAutoV', 'gtastream', 'Roleplay']",[],False
142,2025-04-01 16:01,BoxyFresh,en,Sea of Thieves,🏴‍☠️HOWDY🏴‍☠️  TTS 500  !latest !merch !art,"['English', 'LordofFrenziedFlame', 'OnlyUpChampion', 'SubnauticaFirefighter', 'ProLegoBuilder', 'PuzzleMaster', 'AmateurAstronomer']",[],False
142,2025-04-01 16:01,PikAHiMoViC,es,Marvel Rivals,🎁 !DROPS 24/7 🎁 RANKEDS PLATINO! 😈 SKIN ADAM WARLOCK! 🙋🏻‍♂️ !jugar,"['dropsactivados', 'dropsactivos', 'drops', 'callofduty', 'blackops6', 'bo6', 'fc25', 'fifa', 'marvelrivals', 'español']",[],False
142,2025-04-01 16:01,SypherPK,en,Fortnite,(!DROPS ON) NEW UPDATE! FREE GUN WRAPS - Watch for 90 minutes to claim! | !giveaway !rocketwars,"['PvP', 'Multiplayer', 'English', 'battleroyale', 'Fortnite', 'DropsEnabled']",[],False
142,2025-04-01 16:01,iKeyla635,es,Fortnite,!DROPS Pasando el rato ♡ #ROADTOPARTNER | !dc !ig,"['Chill', 'ADHD', 'Anime', 'Español', 'English', 'girl', 'hycraft', 'roblox', 'vtuber', 'DropsActivados']",[],False
142,2025-04-01 16:01,ACE670_,es,Overwatch 2,🔴APRIL FOOLS SOLO HOY!!! 🔴(O NO),['Español'],['ProfanityVulgarity'],False
142,2025-04-01 16:02,lady_jugadas,es,Overwatch 2,overmankis // !info c.d,['Español'],['ProfanityVulgarity'],False
142,2025-04-01 16:02,Ade_OW,es,Overwatch 2,🟩DROPS FACEIT (づ￣ ³￣)づ TOP 10 PEAK TANK🔴6VS6 Y 5V5 RANKEDS // FACEIT A LO MEJOR // APRIL'S FOOL (MI VIDA DIARIA PORQUE ES UNA BROMA),['Español'],[],False
143,2025-04-01 16:12,torrantogamer,es,CryoFall,🔥CRYOFALL🔥| ¡El juego de supervivencia definitivo!,"['game', 'Español', 'DOMINICANO', 'gta', 'GTAⅤ', 'ＧTA5', 'gtavrproleplay', 'gtandTheftAutoV', 'gtastream', 'Roleplay']",[],False
143,2025-04-01 16:12,seebun,es,Fortnite,Gran Actulizacion ! Mortal kumbia!!!!,"['argentina', 'gamer', 'directo', 'latam', 'Español', 'vtuber', '2DVtuber', 'Fortnite', 'fornite', 'DropsActivados']",[],False
143,2025-04-01 16:12,BoxyFresh,en,Sea of Thieves,🏴‍☠️HOWDY🏴‍☠️  TTS 500  !latest !merch !art,"['English', 'LordofFrenziedFlame', 'OnlyUpChampion', 'SubnauticaFirefighter', 'ProLegoBuilder', 'PuzzleMaster', 'AmateurAstronomer']",[],False
143,2025-04-01 16:12,PikAHiMoViC,es,Marvel Rivals,🎁 !DROPS 24/7 🎁 RANKEDS PLATINO! 😈 SKIN ADAM WARLOCK! 🙋🏻‍♂️ !jugar !horario,"['dropsactivados', 'dropsactivos', 'drops', 'callofduty', 'blackops6', 'bo6', 'fc25', 'fifa', 'marvelrivals', 'español']",[],False
143,2025-04-01 16:12,iKeyla635,es,Fortnite,!DROPS Pasando el rato ♡ #ROADTOPARTNER | !dc !ig,"['Chill', 'ADHD', 'Anime', 'Español', 'English', 'girl', 'hycraft', 'roblox', 'vtuber', 'DropsActivados']",[],False
143,2025-04-01 16:12,JoseteAlm,es,Sea of Thieves,⚔️A levelear HG⚔️ ES|EN !discord !josetazo !redes,"['Español', 'English', 'aventura', 'PvP', 'JvJ', 'seaofthieves', 'drops']",[],False
143,2025-04-01 16:12,JuananPb10,es,VALORANT,[ESP] ❤️ VANDAL LEGACY  ❤️VCup DUO❤️RES & RYT VS RCN & PRK ❤️,"['españa', 'comedia', 'ENTRETENIMIENTO', 'Variedad', 'PequeñaGranComunidad', 'drops', 'dropsactivos', 'Español']",[],False
143,2025-04-01 16:12,tizianabj_,es,VALORANT,farmeando el pase :pp |  !redes !ds !alias !reglas,['Español'],[],False
143,2025-04-01 16:12,CzarB__,es,VALORANT,JUEGO/VEO LO QUE QUIERAS 100BITS/1SUB |🕶️👑| SORTEO 30 DÓLARES 19/04 ❗❗ | 445#,['Español'],[],False
144,2025-04-01 16:22,Cibergun,es,Minecraft,EPICRAFTIA DIA 1,"['minecraft', 'Permadeath', 'Epicraftia', 'Español', 'Recompensasdeespectador']",[],False
144,2025-04-01 16:22,torrantogamer,es,CryoFall,🔥CRYOFALL🔥| ¡El juego de supervivencia definitivo!,"['game', 'Español', 'DOMINICANO', 'gta', 'GTAⅤ', 'ＧTA5', 'gtavrproleplay', 'gtandTheftAutoV', 'gtastream', 'Roleplay']",[],False
144,2025-04-01 16:22,IkiLive_,es,Marvel Rivals,🟠DR0PS ON🟠 SUBIENDO EN RANKED CON SEGUIDORES 🚨CÓDIGO DE CREADOR IKILIVE 🚨 | !Suerte !sorteo !redes,"['Español', 'Repetir', 'marvelrivals', 'marvel', 'Español', 'DropsActivados']",[],False
144,2025-04-01 16:22,BoxyFresh,en,Sea of Thieves,🏴‍☠️HOWDY🏴‍☠️  TTS 500  !latest !merch !art,"['English', 'LordofFrenziedFlame', 'OnlyUpChampion', 'SubnauticaFirefighter', 'ProLegoBuilder', 'PuzzleMaster', 'AmateurAstronomer']",[],False
144,2025-04-01 16:22,PikAHiMoViC,es,Marvel Rivals,🎁 !DROPS 24/7 🎁 RANKEDS PLATINO! 😈 SKIN ADAM WARLOCK! 🙋🏻‍♂️ !jugar !horario,"['dropsactivados', 'dropsactivos', 'drops', 'callofduty', 'blackops6', 'bo6', 'fc25', 'fifa', 'marvelrivals', 'español']",[],False
144,2025-04-01 16:22,SypherPK,en,Fortnite,(!DROPS ON) NEW UPDATE! FREE GUN WRAPS - Watch for 90 minutes to claim! | !giveaway !rocketwars,"['PvP', 'Multiplayer', 'English', 'battleroyale', 'Fortnite', 'DropsEnabled']",[],False
144,2025-04-01 16:22,cartanyaaa,es,Grand Theft Auto V,"(PS4) Estamos ya en ABRIL? Unete a jugar GTA ONLINE! Quedadas , rutas y actividades en GTA 5 ONLINE | !bits !redes !discord !id","['Español', 'gta', 'gta5online', 'gtaonline', 'LATAM', 'gtavoline', 'Jugarconespectadores', 'jugandoconseguidores']",['MatureGame'],False
144,2025-04-01 16:22,MYSTICenTWITCH,es,Grand Theft Auto V,GTA5 ONLINE (PS5) !id,"['gta5online', 'jugando', 'Español']",['MatureGame'],False
144,2025-04-01 16:22,JesuusQuiiros,es,Grand Theft Auto V,ps4 actividades y lista de gp para pros,['Español'],['MatureGame'],False
145,2025-04-01 20:01,Cibergun,es,Minecraft,EPICRAFTIA DIA 1,"['minecraft', 'Permadeath', 'Epicraftia', 'Español', 'Recompensasdeespectador']",[],False
145,2025-04-01 20:01,SoloQTilted,es,Minecraft,[DROP CAPA MINECRAFT ON] SERVIDOR COMUNTIARIO | NOCHE CHILL !ip | !guia !redes,"['jugandoconviewers', 'jugandoconespectadores', 'leagueoflegends', 'Diana', 'OTPDiana', 'dianaotp', 'Español', 'English', 'OTP', 'lolespañol']",[],False
145,2025-04-01 20:01,AtozSanAri,es,Fortnite,✅DROPS ACTIVOS !drops [Skins de armas de MK] 🌸FORTNITEEEEEE🌸[Stream 63/365],"['Cosplay', 'Español', 'Cosplayer', 'Otaku', 'Charlar', 'Mexicana', 'Cute', 'DropsActivados']",[],False
145,2025-04-01 20:01,PikAHiMoViC,es,Marvel Rivals,🎁 !DROPS 24/7 🎁 RANKEDS PLATINO! 😈 SKIN ADAM WARLOCK! 🙋🏻‍♂️ !jugar !horario,"['dropsactivados', 'dropsactivos', 'drops', 'callofduty', 'blackops6', 'bo6', 'fc25', 'fifa', 'marvelrivals', 'español']",[],False
145,2025-04-01 20:01,IkiLive_,es,Marvel Rivals,🟠DR0PS ON🟠 SUBIENDO EN RANKED CON SEGUIDORES 🚨CÓDIGO DE CREADOR IKILIVE 🚨 | !Suerte !sorteo !redes,"['Español', 'Repetir', 'marvelrivals', 'marvel', 'Español', 'DropsActivados']",[],False
145,2025-04-01 20:01,MrZacCas,en,Minecraft,🚨NEW MINECRAFT CAPE! 🚨 HARDCORE  BUILDING MY HOUSE RERUN,"['English', 'Speedrun', 'gaming', 'IRL', 'Speedrunner', 'Australia', 'American', 'drops', 'cape', 'ViewerRewards']",[],False
145,2025-04-01 20:01,abcjaybay,en,Minecraft,BEATING MINECRAFT HARDCORE|| ROAD TO 50 SUBS!!!,"['FunnyContent', 'English', 'Mineceaft', 'minecraftstream', 'minecrafthardcoresurvival', 'minecraftsurivial', 'minecrafthardcore', 'ViewerRewards']",[],False
145,2025-04-01 20:01,EZ_CLAPS09,en,Minecraft,ILL BE BACK AT 4:10 PST. Use these commands: !rewardsprogram !discord !yt !tiktok !venmo.,"['chill', 'LOUD', 'PlayingwithViewers', 'English', 'minecraft', 'FamilyFriendly', 'underratedstreamer', 'Interactive', 'justchatting', 'ViewerRewards']",[],False
145,2025-04-01 20:02,ItsMiearz,en,Minecraft,BRAND NEW HARDCORE COBBLEMON WORLD | NEW YOUTUBE VIDEO OUT!!!!!,"['English', 'ADHD', 'LOUD', 'ViewerRewards']",['ProfanityVulgarity'],False
146,2025-04-01 20:11,soydanielpiedra,es,Fortnite,"DROPS: Papeles de Mortal Kombat Raiden, Scorpion, Kitana por 1.5 horas. !drop !p !redes","['gamepass', 'español', 'xbox', 'Español', 'pvp', 'drops', 'fortnite', 'papeles']",[],False
146,2025-04-01 20:11,xBOOSE100x,es,Sea of Thieves,Noche de travesuras con el trio calavera👒Gran sorteo  pase 15 para seguidores  !horas !velas,"['PVP', 'PVE', 'Jugandoconlosespectadores', 'español', 'latam', 'DropOn', 'charlando', 'PC', 'Multijugador', 'SeaOfThievesPartner']",[],False
146,2025-04-01 20:11,JaayMC,en,Minecraft,✨ Get the NEW Cape! | 🌎 Minecraft Survival! | 🌠 Partner Grind Streamathon (Day 8) 🌈 how are you?! | !join !partner,"['Survival', 'LGBTQ', 'SafeSpace', 'Cape', 'Drops', 'PlayingWithViewers', 'Chill', 'SMP', 'subathon', 'Minecraft']",[],False
146,2025-04-01 20:11,PikAHiMoViC,es,Marvel Rivals,🎁 !DROPS 24/7 🎁 RANKEDS PLATINO! 😈 SKIN ADAM WARLOCK! 🙋🏻‍♂️ !jugar !horario,"['dropsactivados', 'dropsactivos', 'drops', 'callofduty', 'blackops6', 'bo6', 'fc25', 'fifa', 'marvelrivals', 'español']",[],False
146,2025-04-01 20:11,MrZacCas,en,Minecraft,🚨NEW MINECRAFT CAPE! 🚨 HARDCORE  BUILDING MY HOUSE RERUN,"['English', 'Speedrun', 'gaming', 'IRL', 'Speedrunner', 'Australia', 'American', 'drops', 'cape', 'ViewerRewards']",[],False
146,2025-04-01 20:11,SoloQTilted,es,Minecraft,[DROP CAPA MINECRAFT ON] SERVIDOR COMUNTIARIO | NOCHE CHILL !ip | !guia !redes,"['jugandoconviewers', 'jugandoconespectadores', 'leagueoflegends', 'Diana', 'OTPDiana', 'dianaotp', 'Español', 'English', 'OTP', 'lolespañol']",[],False
146,2025-04-01 20:11,JoanCCA,es,EA Sports FC 25,🔥 COPA AMISTAD Y RIVALS A ÉLITE??  | !id !redes,"['Español', 'Argentina', 'Chile', 'Mexico', 'España', 'fifa', 'futchampions']",[],False
146,2025-04-01 20:11,MOCTE_TV,es,EA Sports FC 25,🔴 [5-1] FUT CHAMPIONS CON KAKA Y SUS AMIGOS | ❗comandos,"['Espàñol', 'eafc25', 'fútbol', 'Español']",[],False
146,2025-04-01 20:11,Redo89_,es,EA Sports FC 25,"😨🧐ULTIMO FUT, VAMOS A SUFRIR UN POQUITO MAS !!!!!😨🧐","['Español', 'futchampions', 'Latino', 'FUTLLORROS', 'fifa', 'deportes', 'fc25ultimateteam', 'fc25futchampions', 'fc25', 'fifa25']",[],False
147,2025-04-01 20:21,SoloQTilted,es,Minecraft,[DROP CAPA MINECRAFT ON] SERVIDOR COMUNTIARIO | NOCHE CHILL !ip | !guia !redes,"['jugandoconviewers', 'jugandoconespectadores', 'leagueoflegends', 'Diana', 'OTPDiana', 'dianaotp', 'Español', 'English', 'OTP', 'lolespañol']",[],False
147,2025-04-01 20:21,PikAHiMoViC,es,Marvel Rivals,🎁 !DROPS 24/7 🎁 RANKEDS PLATINO! 😈 SKIN ADAM WARLOCK! 🙋🏻‍♂️ !jugar !horario,"['dropsactivados', 'dropsactivos', 'drops', 'callofduty', 'blackops6', 'bo6', 'fc25', 'fifa', 'marvelrivals', 'español']",[],False
147,2025-04-01 20:21,AtozSanAri,es,Fortnite,✅DROPS ACTIVOS !drops [Skins de armas de MK] 🌸FORTNITEEEEEE🌸[Stream 63/365],"['Cosplay', 'Español', 'Cosplayer', 'Otaku', 'Charlar', 'Mexicana', 'Cute', 'DropsActivados']",[],False
147,2025-04-01 20:21,JaayMC,en,Minecraft,✨ Get the NEW Cape! | 🌎 Minecraft Survival! | 🌠 Partner Grind Streamathon (Day 8) 🌈 how are you?! | !join !partner,"['Survival', 'LGBTQ', 'SafeSpace', 'Cape', 'Drops', 'PlayingWithViewers', 'Chill', 'SMP', 'subathon', 'Minecraft']",[],False
147,2025-04-01 20:21,IkiLive_,es,Marvel Rivals,🟠DR0PS ON🟠 SUBIENDO EN RANKED CON SEGUIDORES 🚨CÓDIGO DE CREADOR IKILIVE 🚨 | !Suerte !sorteo !redes,"['Español', 'Repetir', 'marvelrivals', 'marvel', 'Español', 'DropsActivados']",[],False
147,2025-04-01 20:21,MrZacCas,en,Minecraft,🚨NEW MINECRAFT CAPE! 🚨 HARDCORE  BUILDING MY HOUSE RERUN,"['English', 'Speedrun', 'gaming', 'IRL', 'Speedrunner', 'Australia', 'American', 'drops', 'cape', 'ViewerRewards']",[],False
147,2025-04-01 20:21,Kidrackz,en,Marvel Rivals,TWERKIN' 2 CELESTIAL??,"['shooter', 'competitive', 'funny', 'detroit', 'michigan', 'rivals', 'marvelrivals', 'marvel', 'English']",['ProfanityVulgarity'],False
147,2025-04-01 20:22,itsmenicksmithy,en,Marvel Rivals,DROPS ON! I WILL NOT GET TILTED | !discord | !sub | !tip | !youtube,"['English', 'marvelrivals', 'Heroshooter', 'itsmenicksmithy', 'DropsEnabled']",[],False
147,2025-04-01 20:22,MattGupps,en,Minecraft,MINECRAFT HARDCORE CHILL RUN | !socials,"['speedrunning', 'trivia', 'playingwithviewers', 'cosplay', 'English', 'ViewerRewards']",[],False
148,2025-04-01 20:30,PikAHiMoViC,es,Marvel Rivals,🎁 !DROPS 24/7 🎁 RANKEDS PLATINO! 😈 SKIN ADAM WARLOCK! 🙋🏻‍♂️ !jugar !horario,"['dropsactivados', 'dropsactivos', 'drops', 'callofduty', 'blackops6', 'bo6', 'fc25', 'fifa', 'marvelrivals', 'español']",[],False
148,2025-04-01 20:30,SoloQTilted,es,Minecraft,[DROP CAPA MINECRAFT ON] SERVIDOR COMUNTIARIO | NOCHE CHILL !ip | !guia !redes,"['jugandoconviewers', 'jugandoconespectadores', 'leagueoflegends', 'Diana', 'OTPDiana', 'dianaotp', 'Español', 'English', 'OTP', 'lolespañol']",[],False
148,2025-04-01 20:30,AtozSanAri,es,Fortnite,✅DROPS ACTIVOS !drops [Skins de armas de MK] 🌸FORTNITEEEEEE🌸[Stream 63/365],"['Cosplay', 'Español', 'Cosplayer', 'Otaku', 'Charlar', 'Mexicana', 'Cute', 'DropsActivados']",[],False
148,2025-04-01 20:30,IkiLive_,es,Marvel Rivals,🟠DR0PS ON🟠 SUBIENDO EN RANKED CON SEGUIDORES 🚨CÓDIGO DE CREADOR IKILIVE 🚨 | !Suerte !sorteo !redes,"['Español', 'Repetir', 'marvelrivals', 'marvel', 'Español', 'DropsActivados']",[],False
148,2025-04-01 20:30,JaayMC,en,Minecraft,✨ Get the NEW Cape! | 🌎 Minecraft Survival! | 🌠 Partner Grind Streamathon (Day 8) 🌈 how are you?! | !join !partner,"['Survival', 'LGBTQ', 'SafeSpace', 'Cape', 'Drops', 'PlayingWithViewers', 'Chill', 'SMP', 'subathon', 'Minecraft']",[],False
148,2025-04-01 20:30,MrZacCas,en,Minecraft,🚨NEW MINECRAFT CAPE! 🚨 HARDCORE  BUILDING MY HOUSE RERUN,"['English', 'Speedrun', 'gaming', 'IRL', 'Speedrunner', 'Australia', 'American', 'drops', 'cape', 'ViewerRewards']",[],False
148,2025-04-01 20:30,mijaeluwu,es,ROBLOX,dale unete!💙🍥me das una oportunidad? owo🍥!Youtube | !roblox :3,"['vtuber', 'juegocondinero', 'insano', 'waza', 'calidad', 'AmAPreguntameloquequieras', 'Español', 'mijaeluwu', 'hot']",[],False
148,2025-04-01 20:30,suki_nel,es,Fortnite,(VtuberCH💖💖💖(+18)como dia martes T_T quier mimir me acompañas?💖💖💖 sustox100bits,"['Español', 'vtuberchilena', 'CharlandoYJugando', 'EspañolLatinoamerica', 'streamerchile', 'jugandoycharlando', 'jugandoconseguidores', 'ayudamebits', 'charlandomientrasjuego', 'robloxhorror']",[],False
148,2025-04-01 20:30,KishyMishi,es,Fortnite,piu iu fornai | @KishyMishi |【Vtuber】!redes !discord !cofres,"['Vtuber', 'Anime', 'Español', 'Mèxico', 'Vstreamer', 'ASMR']",['ProfanityVulgarity'],False
149,2025-04-01 20:39,PikAHiMoViC,es,Marvel Rivals,🎁 !DROPS 24/7 🎁 RANKEDS PLATINO! 😈 SKIN ADAM WARLOCK! 🙋🏻‍♂️ !jugar !horario,"['dropsactivados', 'dropsactivos', 'drops', 'callofduty', 'blackops6', 'bo6', 'fc25', 'fifa', 'marvelrivals', 'español']",[],False
149,2025-04-01 20:39,SoloQTilted,es,Minecraft,[DROP CAPA MINECRAFT ON] SERVIDOR COMUNTIARIO | NOCHE CHILL !ip | !guia !redes,"['jugandoconviewers', 'jugandoconespectadores', 'leagueoflegends', 'Diana', 'OTPDiana', 'dianaotp', 'Español', 'English', 'OTP', 'lolespañol']",[],False
149,2025-04-01 20:39,AtozSanAri,es,Fortnite,✅DROPS ACTIVOS !drops [Skins de armas de MK] 🌸FORTNITEEEEEE🌸[Stream 63/365],"['Cosplay', 'Español', 'Cosplayer', 'Otaku', 'Charlar', 'Mexicana', 'Cute', 'DropsActivados']",[],False
149,2025-04-01 20:40,IkiLive_,es,Marvel Rivals,🟠DR0PS ON🟠 SUBIENDO EN RANKED CON SEGUIDORES 🚨CÓDIGO DE CREADOR IKILIVE 🚨 | !Suerte !sorteo !redes,"['Español', 'Repetir', 'marvelrivals', 'marvel', 'Español', 'DropsActivados']",[],False
149,2025-04-01 20:40,JaayMC,en,Minecraft,✨ Get the NEW Cape! | 🌎 Minecraft Survival! | 🌠 Partner Grind Streamathon (Day 8) 🌈 how are you?! | !join !partner,"['Survival', 'LGBTQ', 'SafeSpace', 'Cape', 'Drops', 'PlayingWithViewers', 'Chill', 'SMP', 'subathon', 'Minecraft']",[],False
149,2025-04-01 20:40,MrZacCas,en,Minecraft,🚨NEW MINECRAFT CAPE! 🚨 HARDCORE  BUILDING MY HOUSE RERUN,"['English', 'Speedrun', 'gaming', 'IRL', 'Speedrunner', 'Australia', 'American', 'drops', 'cape', 'ViewerRewards']",[],False
149,2025-04-01 20:40,CORASSPE,es,The Sims,CORASSPE EN VIVO 🌟,"['Español', 'ESPAÑA', 'Mexico', 'Chile', 'puertorico', 'EstadosUnidos']",[],False
149,2025-04-01 20:40,LaCasaFamosa_Col,es,Just Chatting,LA CASA FAMOSA_ COL EN VIVO✨️🔥💥,"['Español', 'EstadosUnidos', 'Colombia', 'Venezuela', 'Chile', 'Panamá', 'puertorican', 'lacasadelosfamososenvivo', 'lacasadelosfamososlive', 'lacasadelosfamosos']",[],False
149,2025-04-01 20:40,eldreamsttv,es,Call of Duty: Warzone,⚠️ULTIMO STREAM DE WARZONE 6.⚠️,['Español'],['MatureGame'],False
150,2025-04-02 00:01,chiquetemx,es,Minecraft,🔥DROPS ACTIVOS🔥‼️RECLAMA TU CAPA‼️ Dia #8 del servidor de bedrock🏡,"['Español', 'Tijuana', 'minecraftlivestremaing', 'Repetir', 'Mexico', 'Recompensasdeespectador']",[],True
150,2025-04-02 00:01,PikAHiMoViC,es,Marvel Rivals,🎁 !DROPS 24/7 🎁 RANKEDS PLATINO! 😈 SKIN ADAM WARLOCK! 🙋🏻‍♂️ !jugar !horario,"['dropsactivados', 'dropsactivos', 'drops', 'callofduty', 'blackops6', 'bo6', 'fc25', 'fifa', 'marvelrivals', 'español']",[],False
150,2025-04-02 00:01,GeraALV,es,Fortnite,[DROPS ACTIVADOS]✅ ENVOLTORIOS GRATIS + Nueva actualización Mortal Kombat |🎴Usa código GeraALV🎴|❗drops ❗prime ❗whatsapp,"['Español', 'México', 'Guapo', 'AmAPreguntameloquequieras', 'Culiacán', 'Sinaloa', 'AMLOVER', 'CMMP', 'GeraALV', 'ALV']",[],False
150,2025-04-02 00:01,LeooKnightus,en,Minecraft,[DROPS] Anarchy is here... Play.Blossomcraft.Org,"['Minecraft', 'BlossomCraft', 'English', 'drops', 'Variety', 'SMP', 'ViewerRewards']",[],True
150,2025-04-02 00:01,AtozSanAri,es,Fortnite,✅DROPS ACTIVOS !drops [Skins de armas de MK] 🌸PRIVADASH🌸[Stream 63/365],"['Cosplay', 'Español', 'Cosplayer', 'Otaku', 'Charlar', 'Mexicana', 'Cute', 'DropsActivados']",[],False
150,2025-04-02 00:01,MrZacCas,en,Minecraft,🚨NEW MINECRAFT CAPE! 🚨 HARDCORE  BUILDING MY HOUSE RERUN,"['English', 'Speedrun', 'gaming', 'IRL', 'Speedrunner', 'Australia', 'American', 'drops', 'cape', 'ViewerRewards']",[],False
150,2025-04-02 00:01,hager_420,en,Sea of Thieves,BOAT VIOLENCE!!! @Nightfire255 @Tibipsy @Fezzik1983✨PCG✨ !pokestart,"['English', 'Xbox', 'gaming', '420friendly', 'PCG', 'chill', 'pvp', 'pokemon']",[],False
150,2025-04-02 00:01,Tibipsy,en,Sea of Thieves,Boat Violence and Shenanigans w/ @nightfire255 @hager_420 and @fezzik1983 !merch !shanties !moreshanties !trolling,"['English', 'ShantySinger', 'Wholesome', 'FriendlyCommunity', 'FullTimeCreator', 'Thepiratebard', 'funny', 'trolling', 'GoodvibesOnly', 'Galleon']",[],False
150,2025-04-02 00:01,GreatGrantsby_,en,Sea of Thieves,NEW !Giveaway Open💰HC Levels 🏴‍☠️🌴,"['PathToPartner', 'Drops', 'Gaming', 'ADHD', 'Controller', 'VTuber', 'PlayingwWithViewers', 'FPS', 'AMA', 'Giveaway']",[],False
151,2025-04-02 00:10,GeraALV,es,Fortnite,[DROPS ACTIVADOS]✅ ENVOLTORIOS GRATIS + Nueva actualización Mortal Kombat |🎴Usa código GeraALV🎴|❗drops ❗prime ❗whatsapp,"['Español', 'México', 'Guapo', 'AmAPreguntameloquequieras', 'Culiacán', 'Sinaloa', 'AMLOVER', 'CMMP', 'GeraALV', 'ALV']",[],False
151,2025-04-02 00:10,PikAHiMoViC,es,Marvel Rivals,🎁 !DROPS 24/7 🎁 RANKEDS PLATINO! 😈 SKIN ADAM WARLOCK! 🙋🏻‍♂️ !jugar !horario,"['dropsactivados', 'dropsactivos', 'drops', 'callofduty', 'blackops6', 'bo6', 'fc25', 'fifa', 'marvelrivals', 'español']",[],False
151,2025-04-02 00:10,YoPopeie,es,Marvel Rivals,💜DROPS💜 🎁!SORTEO🎁 HOY SORTEAMOS SKINS🐐🔥 / Redes: @yopopeie_,['Español'],[],False
151,2025-04-02 00:10,AtozSanAri,es,Fortnite,✅DROPS ACTIVOS !drops [Skins de armas de MK] 🌸PRIVADASH🌸[Stream 63/365],"['Cosplay', 'Español', 'Cosplayer', 'Otaku', 'Charlar', 'Mexicana', 'Cute', 'DropsActivados']",[],False
151,2025-04-02 00:10,CursedFiber78,es,Overwatch 2,"💥💎TORNEO MAÑANA 💵10,000 Pesos💵💎💥🕊️🟠!FACEIT PARA UNIRTE AL CLUB🟠👴NO SON TANTOS ANUCIOS NO MAME💎REDES:@CursedFiber78","['Español', 'malabarista', 'drops', 'tupapá', 'Elmejorstreamerdelmundo', 'OverwatchRanked', 'ElmejorREAPER', 'tortilla']",[],False
151,2025-04-02 00:10,MrZacCas,en,Minecraft,🚨NEW MINECRAFT CAPE! 🚨 HARDCORE  BUILDING MY HOUSE RERUN,"['English', 'Speedrun', 'gaming', 'IRL', 'Speedrunner', 'Australia', 'American', 'drops', 'cape', 'ViewerRewards']",[],False
151,2025-04-02 00:10,jadenhannahh,en,Fortnite,🎶ONNNNNNNN GAWDDDDDDD 💯🎶!Socials !Discord🎶,"['English', 'DropsEnabled']",[],False
151,2025-04-02 00:10,TypicalGamer,en,Fortnite,[DROPS ON] FREE x3 GUN WRAPS!! Watch 90 minutes to get them! 👑 TRIO CASH CUP FINALS! 👑,"['English', 'PC', 'Multiplayer', 'PvP', 'Fortnite', 'DropsEnabled']",[],False
151,2025-04-02 00:10,griffbobb,en,Minecraft,{CAPE} APRIL FOOLS UPDATE!,"['ryangosling', 'typeinchatforgoodluck', 'followmeforevenbetterluck', 'English', 'ViewerRewards']",[],False
152,2025-04-02 00:19,GeraALV,es,Fortnite,[DROPS ACTIVADOS]✅ ENVOLTORIOS GRATIS + Nueva actualización Mortal Kombat |🎴Usa código GeraALV🎴|❗drops ❗prime ❗whatsapp,"['Español', 'México', 'Guapo', 'AmAPreguntameloquequieras', 'Culiacán', 'Sinaloa', 'AMLOVER', 'CMMP', 'GeraALV', 'ALV']",[],False
152,2025-04-02 00:19,PikAHiMoViC,es,Marvel Rivals,🎁 !DROPS 24/7 🎁 RANKEDS PLATINO! 😈 SKIN ADAM WARLOCK! 🙋🏻‍♂️ !jugar !horario,"['dropsactivados', 'dropsactivos', 'drops', 'callofduty', 'blackops6', 'bo6', 'fc25', 'fifa', 'marvelrivals', 'español']",[],False
152,2025-04-02 00:19,AtozSanAri,es,Fortnite,✅DROPS ACTIVOS !drops [Skins de armas de MK] 🌸PRIVADASH🌸[Stream 63/365],"['Cosplay', 'Español', 'Cosplayer', 'Otaku', 'Charlar', 'Mexicana', 'Cute', 'DropsActivados']",[],False
152,2025-04-02 00:19,citlaliconc,es,Fortnite,jugando con subs💕,"['Español', 'Fortnite', 'girlgamers', 'girl', 'girlsplaying', 'DropsActivados']",[],False
152,2025-04-02 00:19,MrZacCas,en,Minecraft,🚨NEW MINECRAFT CAPE! 🚨 HARDCORE  BUILDING MY HOUSE RERUN,"['English', 'Speedrun', 'gaming', 'IRL', 'Speedrunner', 'Australia', 'American', 'drops', 'cape', 'ViewerRewards']",[],False
152,2025-04-02 00:19,CursedFiber78,es,Overwatch 2,"💥💎TORNEO MAÑANA 💵10,000 Pesos💵💎💥🕊️🟠!FACEIT PARA UNIRTE AL CLUB🟠👴NO SON TANTOS ANUCIOS NO MAME💎REDES:@CursedFiber78","['Español', 'malabarista', 'drops', 'tupapá', 'Elmejorstreamerdelmundo', 'OverwatchRanked', 'ElmejorREAPER', 'tortilla']",[],False
152,2025-04-02 00:19,NektaGG,es,Marvel Rivals,[DROPS✅] YA CASI ESTAMOS EN SEASON 2🔥 MARVEL RIVALS COACHING ACÁ !patreon --> Nekta Marvel Rivals en YT | VISITÁ nekta.gg !,"['Overwatch', 'FPS', 'Español']",[],False
152,2025-04-02 00:19,SpiderEmilioDirect,es,Talk Shows & Podcasts,EXTENDIBLE AC Día 41 | Assassins Creed 4,['Español'],[],False
152,2025-04-02 00:19,WaloMEX,es,Tom Clancy's Rainbow Six Siege,SUBIENDO A DIAMANTE CON EL CHAT 💎 | REDES: @WaloMEX - !CODIGO 🔴 - #ubisoftpartner,['Español'],['MatureGame'],False
153,2025-04-02 04:01,Zelev_by_cv,es,Fortnite,🦊🦊🦊🦊🦊,"['Español', 'Christophervelez', 'spanish', 'Latino', 'Fortnite', 'cool', 'pro', 'proplayer', 'Zelev', 'DropsActivados']",[],False
153,2025-04-02 04:01,PikAHiMoViC,es,Marvel Rivals,🎁 !DROPS 24/7 🎁 RANKEDS PLATINO! 😈 SKIN ADAM WARLOCK! 🙋🏻‍♂️ !jugar !horario,"['dropsactivados', 'dropsactivos', 'drops', 'callofduty', 'blackops6', 'bo6', 'fc25', 'fifa', 'marvelrivals', 'español']",[],False
153,2025-04-02 04:01,Ache,es,Fortnite,[Drops Activos] NUEVO MEDALLÓN de SCORPION 🤩,"['Español', 'Shooter', 'Fortnite', 'ache', 'DropsActivados']",[],False
153,2025-04-02 04:01,MrZacCas,en,Minecraft,🚨NEW MINECRAFT CAPE! 🚨 HARDCORE  BUILDING MY HOUSE RERUN,"['English', 'Speedrun', 'gaming', 'IRL', 'Speedrunner', 'Australia', 'American', 'drops', 'cape', 'ViewerRewards']",[],False
153,2025-04-02 04:01,Baby_Abyy,es,Minecraft,"🎀🌸MI CASHITA EN MAICRA, DIA#7🌸🎀","['Español', 'Recompensasdeespectador']",[],False
153,2025-04-02 04:02,Tor_Licorne,es,R.E.P.O.,+18 // RAAAAAAAAANKS ❤️ | !sr !redes !wishlist !manosear,"['Español', 'shooters', 'gamergirl', 'girlstreaming', 'overwatch2', 'Cosplay']",[],False
153,2025-04-02 04:02,joseriofrio2,es,Fortnite,hoy actualizacion de for pilas amanecida,"['Español', 'DropsActivados']",[],False
153,2025-04-02 04:02,alondrissa_offline,es,Just Chatting,SALA DE ESPERA OFICIAL DE ALONDRISSA,"['Alondrissa', 'Español']",[],False
153,2025-04-02 04:02,davidpnce,es,Fortnite,Holi boli,"['jugando', 'charlando', 'viralstreams', 'chistes', 'Español', 'conversando', 'Preguntaloquequieras', 'fortnite', 'clonehero', 'relaxing']",[],False
154,2025-04-02 04:10,Zelev_by_cv,es,Fortnite,🦊🦊🦊🦊🦊,"['Español', 'Christophervelez', 'spanish', 'Latino', 'Fortnite', 'cool', 'pro', 'proplayer', 'Zelev', 'DropsActivados']",[],False
154,2025-04-02 04:10,Ache,es,Fortnite,[Drops Activos] NUEVO MEDALLÓN de SCORPION 🤩,"['Español', 'Shooter', 'Fortnite', 'ache', 'DropsActivados']",[],False
154,2025-04-02 04:10,PikAHiMoViC,es,Marvel Rivals,🎁 !DROPS 24/7 🎁 RANKEDS PLATINO! 😈 SKIN ADAM WARLOCK! 🙋🏻‍♂️ !jugar !horario,"['dropsactivados', 'dropsactivos', 'drops', 'callofduty', 'blackops6', 'bo6', 'fc25', 'fifa', 'marvelrivals', 'español']",[],False
154,2025-04-02 04:10,MrZacCas,en,Minecraft,🚨NEW MINECRAFT CAPE! 🚨 HARDCORE  BUILDING MY HOUSE RERUN,"['English', 'Speedrun', 'gaming', 'IRL', 'Speedrunner', 'Australia', 'American', 'drops', 'cape', 'ViewerRewards']",[],False
154,2025-04-02 04:10,Baby_Abyy,es,Minecraft,"🎀🌸MI CASHITA EN MAICRA, DIA#7🌸🎀","['Español', 'Recompensasdeespectador']",[],False
154,2025-04-02 04:10,LuToruVT,es,I'm Only Sleeping,"✨acompañame a ARREGLARME🍑EXTENSIBLE INFINITO, DIA 31✨🍑","['español', 'Monachina', 'Mexicana', 'mujer', 'Español', 'Cosplay', 'IRL']",['ProfanityVulgarity'],False
154,2025-04-02 04:10,procedural_,en,Sea of Thieves,Solo Sloop PVP,"['PVP', 'Pirate', 'SeaOfThieves', 'Chill', 'English', 'Piano', 'SeaOfThievesPartner']",[],False
154,2025-04-02 04:10,crud,en,Sea of Thieves,crudstream,"['English', 'crudgoblin', 'crudfest', 'chatreader', 'seaofthieves', 'Completionist', 'OCE', 'Australia', 'SeaofThievesgameplay', 'Tall']",[],False
154,2025-04-02 04:10,GigglingGhosty,en,Fortnite,Drops OwO 💛💅✨I be out here manifesting slaying ✨💅💛 @tomkylive,"['English', 'goofy', 'Vtuber', 'Chatty', 'happyvibes', 'CatCam', 'CatCamSometimes', 'cozygaming', 'relaxing', 'everyonewelcome']",[],False
155,2025-04-02 04:19,Zelev_by_cv,es,Fortnite,🦊🦊🦊🦊🦊,"['Español', 'Christophervelez', 'spanish', 'Latino', 'Fortnite', 'cool', 'pro', 'proplayer', 'Zelev', 'DropsActivados']",[],False
155,2025-04-02 04:19,Ache,es,Fortnite,[Drops Activos] NUEVO MEDALLÓN de SCORPION 🤩,"['Español', 'Shooter', 'Fortnite', 'ache', 'DropsActivados']",[],False
155,2025-04-02 04:19,PikAHiMoViC,es,Marvel Rivals,🎁 !DROPS 24/7 🎁 RANKEDS PLATINO! 😈 SKIN ADAM WARLOCK! 🙋🏻‍♂️ !jugar !horario,"['dropsactivados', 'dropsactivos', 'drops', 'callofduty', 'blackops6', 'bo6', 'fc25', 'fifa', 'marvelrivals', 'español']",[],False
155,2025-04-02 04:19,MrZacCas,en,Minecraft,🚨NEW MINECRAFT CAPE! 🚨 HARDCORE  BUILDING MY HOUSE RERUN,"['English', 'Speedrun', 'gaming', 'IRL', 'Speedrunner', 'Australia', 'American', 'drops', 'cape', 'ViewerRewards']",[],False
155,2025-04-02 04:19,Baby_Abyy,es,Minecraft,"🎀🌸MI CASHITA EN MAICRA, DIA#7🌸🎀","['Español', 'Recompensasdeespectador']",[],False
155,2025-04-02 04:19,WildSantiago,es,Fortnite,ROAD TO 5000 (DROPS ACTIVOS) de FORTNITE! jUGANDO HASTA QUE TODOS CONSIGAN LOS DROPS! - RAID ME PLEASE,"['wildsantiago', 'ecuador', 'quito', 'uio', 'fortnite', 'humor', 'justchatting', 'babyyoda', 'Español', 'Fortnite']",[],False
155,2025-04-02 04:19,おねんね_すやり,ja,Overwatch 2,【OW2】いっしょにあそぼう(必死)【参加型】,"['日本語', 'OW2', 'Overｗatch2', 'monsterhunterwilds']",[],False
155,2025-04-02 04:19,貞子やで,ja,Overwatch 2,お気楽貞子のおゲーム日記,"['楽しかったらそれでいい', 'Japanese', '見に来てくれてありがとうございます', '日本語', 'ADHD']",[],False
155,2025-04-02 04:19,kaaaabonn2,ja,Street Fighter 6,トレモしながら雑談,['日本語'],[],False
156,2025-04-02 08:01,Ache,es,Fortnite,[Drops Activos] NUEVO MEDALLÓN de SCORPION 🤩,"['Español', 'Shooter', 'Fortnite', 'ache', 'DropsActivados']",[],False
156,2025-04-02 08:01,PikAHiMoViC,es,Marvel Rivals,🎁 !DROPS 24/7 🎁 RANKEDS PLATINO! 😈 !jugar !horario,"['dropsactivados', 'dropsactivos', 'drops', 'callofduty', 'blackops6', 'bo6', 'fc25', 'fifa', 'marvelrivals', 'español']",[],False
156,2025-04-02 08:01,Andaluchino,es,VALORANT,La Sage más odiada de VALORANT - Inmortal - Luego CS2 | 3 CAJAS GRATIS Y SORTEO DE 200€ EN !CS2BIG | !redes,"['Asiático', 'Español', 'España', 'espanol', 'Rankeds', 'Coaching', 'Competitivo', 'didáctico', 'Asian']",[],False
156,2025-04-02 08:01,MrZacCas,en,Minecraft,🚨NEW MINECRAFT CAPE! 🚨 HARDCORE  BUILDING MY HOUSE RERUN,"['English', 'Speedrun', 'gaming', 'IRL', 'Speedrunner', 'Australia', 'American', 'drops', 'cape', 'ViewerRewards']",[],False
156,2025-04-02 08:01,rickyedit,es,Counter-Strike,cositas hoy,['Español'],['MatureGame'],False
156,2025-04-02 08:01,TheFarrelTV,es,Assassin's Creed Shadows,🟣DROPS: ON | 🐱‍👤😍ASSASSIN´S CREED SHADOWS😍 🐱‍👤| ULTIMOS PASOS POR JAPÓN.. POR EL MOMENTO | CAPITULO 15,"['Español', 'gaming', 'InteraccionEnVivo', 'Twitchlatino', 'gameplay', 'GameplayandChatting', 'gameplayenespañol', 'assassinscreed', 'UbisoftPartner', 'assassinscreedshadows']",['MatureGame'],False
156,2025-04-02 08:01,Alldayanyday1,en,Game of Thrones: Kingsroad,"ASSASSIN NERFED, time to be a SS main","['Multiplayer', 'PvE', 'Cooperative', 'Healer', 'DPS', 'Tank', 'English', 'EarlyAccessPlay']",[],False
156,2025-04-02 08:01,Frote7,en,HITMAN World of Assassination,NEW TATTOO - Chill Hardcore Freelancer,"['Speedrun', 'English', 'Worldrecord', 'Clown', 'Headshots', 'WR', 'GamesDoneQuick', 'Freelancer']",['MatureGame'],False
156,2025-04-02 08:02,AmirAuxin,en,TEKKEN 8,🔴 Victor Scrub Gameplay ❤️ RM2 = 1 squats with !sociabuzz,"['Malaysia', 'Horror', 'Scary', 'English', 'Speedrun']",[],False
157,2025-04-02 08:09,Ache,es,Fortnite,[Drops Activos] NUEVO MEDALLÓN de SCORPION 🤩,"['Español', 'Shooter', 'Fortnite', 'ache', 'DropsActivados']",[],False
157,2025-04-02 08:09,PikAHiMoViC,es,Marvel Rivals,🎁 !DROPS 24/7 🎁 RANKEDS PLATINO! 😈 !jugar !horario,"['dropsactivados', 'dropsactivos', 'drops', 'callofduty', 'blackops6', 'bo6', 'fc25', 'fifa', 'marvelrivals', 'español']",[],False
157,2025-04-02 08:09,Andaluchino,es,VALORANT,La Sage más odiada de VALORANT - Inmortal - Luego CS2 | 3 CAJAS GRATIS Y SORTEO DE 200€ EN !CS2BIG | !redes,"['Asiático', 'Español', 'España', 'espanol', 'Rankeds', 'Coaching', 'Competitivo', 'didáctico', 'Asian']",[],False
157,2025-04-02 08:09,MrZacCas,en,Minecraft,🚨NEW MINECRAFT CAPE! 🚨 HARDCORE  BUILDING MY HOUSE RERUN,"['English', 'Speedrun', 'gaming', 'IRL', 'Speedrunner', 'Australia', 'American', 'drops', 'cape', 'ViewerRewards']",[],False
157,2025-04-02 08:09,TheFarrelTV,es,Assassin's Creed Shadows,🟣DROPS: ON | 🐱‍👤😍ASSASSIN´S CREED SHADOWS😍 🐱‍👤| ULTIMOS PASOS POR JAPÓN.. POR EL MOMENTO | CAPITULO 15,"['Español', 'gaming', 'InteraccionEnVivo', 'Twitchlatino', 'gameplay', 'GameplayandChatting', 'gameplayenespañol', 'assassinscreed', 'UbisoftPartner', 'assassinscreedshadows']",['MatureGame'],False
157,2025-04-02 08:10,JotiK04,es,EA Sports FC 25,👉🏼Miercoles de Rivals intenso 💨💥 / Reto fut x bits 🌑👨‍🦳,"['Competitivo', 'Charlando', 'deporte', 'FUTBOL', 'Español']",[],False
157,2025-04-02 08:10,SenyorBishop,en,League of Legends,"Chaos is mandatory, sanity is optional♟️Bitbot On♟️HudFX On♟️!d20 !use info @senyorbishop","['nøøb', 'English', 'Australian', '18maturelanguage']",[],False
157,2025-04-02 08:10,SirKizzler,en,VALORANT,"I WILL BE RADIANT, BUT BACKWARDS !discord !socials","['English', 'gamer', 'Australia', 'chillguy', 'JustAChillGuy', 'Australian', 'ADHD']",[],False
157,2025-04-02 08:10,SleepyMonoVT,en,Palia,SLEEPYTHON DAY 2 - Come join the fun <3 [62nd stream] !discord !lurk !snore !commands,"['Vtuber', 'chill', 'gaming', 'Cozy', 'DeepVoice', 'Australia', 'English', 'ASMR', 'chill', 'chattingwithviewers']",[],False
158,2025-04-02 08:17,Ache,es,Fortnite,[Drops Activos] NUEVO MEDALLÓN de SCORPION 🤩,"['Español', 'Shooter', 'Fortnite', 'ache', 'DropsActivados']",[],False
158,2025-04-02 08:17,PikAHiMoViC,es,Marvel Rivals,🎁 !DROPS 24/7 🎁 RANKEDS PLATINO! 😈 !jugar !horario,"['dropsactivados', 'dropsactivos', 'drops', 'callofduty', 'blackops6', 'bo6', 'fc25', 'fifa', 'marvelrivals', 'español']",[],False
158,2025-04-02 08:17,Andaluchino,es,VALORANT,La Sage más odiada de VALORANT - Inmortal - Luego CS2 | 3 CAJAS GRATIS Y SORTEO DE 200€ EN !CS2BIG | !redes,"['Asiático', 'Español', 'España', 'espanol', 'Rankeds', 'Coaching', 'Competitivo', 'didáctico', 'Asian']",[],False
158,2025-04-02 08:17,MrZacCas,en,Minecraft,🚨NEW MINECRAFT CAPE! 🚨 HARDCORE  BUILDING MY HOUSE RERUN,"['English', 'Speedrun', 'gaming', 'IRL', 'Speedrunner', 'Australia', 'American', 'drops', 'cape', 'ViewerRewards']",[],False
158,2025-04-02 08:17,TheFarrelTV,es,Assassin's Creed Shadows,🟣DROPS: ON | 🐱‍👤😍ASSASSIN´S CREED SHADOWS😍 🐱‍👤| ULTIMOS PASOS POR JAPÓN.. POR EL MOMENTO | CAPITULO 15,"['Español', 'gaming', 'InteraccionEnVivo', 'Twitchlatino', 'gameplay', 'GameplayandChatting', 'gameplayenespañol', 'assassinscreed', 'UbisoftPartner', 'assassinscreedshadows']",['MatureGame'],False
158,2025-04-02 08:17,JotiK04,es,EA Sports FC 25,👉🏼Miercoles de Rivals intenso 💨💥 / Reto fut x bits 🌑👨‍🦳,"['Competitivo', 'Charlando', 'deporte', 'FUTBOL', 'Español']",[],False
158,2025-04-02 08:17,thefreddymc,en,Minecraft,🚨 24 HOUR STREAM 🚨 TRYING TO BEAT 35:00 MINUTES (1.16.1) 🚨 YAPLIENS UNITE 👽🖖,"['English', 'ViewerRewards']",[],False
158,2025-04-02 08:17,Vordyanskiy_,ru,R.E.P.O.,Р.Е.П.К.А вместе с вами! Играю с подписчиками | !tg !donate !server,"['Русский', 'Общение', 'Красивый', 'Умный', 'Крутой', 'Комфортик', 'Смешной', 'Українська', 'МайнкрафтСервер']",[],False
158,2025-04-02 08:17,miexoo,de,Minecraft,🔴 FREE MINECRAFT CAPE - !drops 🔴 SUB = NO ADS 🔴 [ @Verku @deledettv ],"['Deutsch', 'English', 'Español', 'Zuschauerbelohnungen', 'Русский', 'Polski', '日本語', '中国人', 'DropsEnabled']",[],False
159,2025-04-02 12:01,SinSangre_,es,Fortnite,[!DROPS AQUI] SE VAN PRONTO LOS 3 ENVOLTORIOS CONSIGUELOS YA!,"['Español', 'sinsangre', 'Fortnite', 'holidayhoopla', 'DropsActivados']",[],False
159,2025-04-02 12:01,PikAHiMoViC,es,EA Sports FC 25,"CLUBES PRO CON AR7, ANGELILLO Y MINIWAINE! 😈 !jugar !monedas","['dropsactivados', 'dropsactivos', 'drops', 'callofduty', 'blackops6', 'bo6', 'fc25', 'fifa', 'marvelrivals', 'español']",[],False
159,2025-04-02 12:01,MKimada,es,Overwatch 2,Competitivas SUP | Día 351 sin ser baneado | !redes !socials @mkimada,"['Español', 'autoconocimiento']",[],False
159,2025-04-02 12:01,Blueeye099,es,Fortnite,¡¡DROPS ACTIVOS!!  Consigue cositas viendo el directoo + Probando nueva actuu  !𝗺𝗲𝗿𝗰𝗵 !redes // Código BLUEEYE099 #EpicPartner 💙,"['Fortnite', 'España', 'Español', 'girl', 'DropsActivados']",[],False
159,2025-04-02 12:01,DistortedEmerald,es,Special Events,🔴 REACCIÓN al Nintendo Direct SWITCH 2 | !metadonar !metasubs,"['videojuegos', 'nintendo', 'Español', 'memes', 'retro', 'english', 'reseña', 'reaccion', 'reaccionando']",[],False
159,2025-04-02 12:01,soydanielpiedra,es,Minecraft,Capa Home Azul de Minecraft  La Película,"['gamepass', 'español', 'xbox', 'Español', 'drops', 'minecraft', 'Minecraft', 'capa', 'capas', 'Recompensasdeespectador']",[],False
159,2025-04-02 12:01,MadnessaTV,fr,League of Legends,𓆩♡𓆪 C'est l'heure des SoloQ  | Elo : Emeraude |  !60/40 : 3/100 Points ( !SUBGOAL • !HOLY  ),"['Femme', 'girl', 'Français', 'cozystream', 'chill', 'leagueoflegends', 'lol', 'SoloQ', 'MainSupport', 'EmeraldElo']",[],False
159,2025-04-02 12:02,Dye_Live,fr,League of Legends,@Dye_live GM / KLAXONNEZ QUAND VOUS ETES DEVANT LE STREAM QUE JE VOUS OUVRE / 300LP (!patreon),"['Français', 'mid', 'support', 'leagueoflegends', 'mectropbeau']",[],False
159,2025-04-02 12:02,YouCanCallMeFriend,fr,VALORANT,ENRAGED AGAIN,"['Français', 'GodessYoru', 'TuturneLife', 'Chill', 'Anglais', 'Valorant', 'sunglasses', 'Kawainé', 'immortal', 'RebeuDistingué']",[],False
160,2025-04-02 12:11,SinSangre_,es,Fortnite,[!DROPS AQUI] SE VAN PRONTO LOS 3 ENVOLTORIOS CONSIGUELOS YA!,"['Español', 'sinsangre', 'Fortnite', 'holidayhoopla', 'DropsActivados']",[],False
160,2025-04-02 12:11,PikAHiMoViC,es,EA Sports FC 25,"CLUBES PRO CON AR7, ANGELILLO Y MINIWAINE! 😈 !jugar !monedas","['dropsactivados', 'dropsactivos', 'drops', 'callofduty', 'blackops6', 'bo6', 'fc25', 'fifa', 'marvelrivals', 'español']",[],False
160,2025-04-02 12:11,Blueeye099,es,Fortnite,¡¡DROPS ACTIVOS!!  Consigue cositas viendo el directoo + Probando nueva actuu  !𝗺𝗲𝗿𝗰𝗵 !redes // Código BLUEEYE099 #EpicPartner 💙,"['Fortnite', 'España', 'Español', 'girl', 'DropsActivados']",[],False
160,2025-04-02 12:11,MKimada,es,Overwatch 2,Competitivas SUP | Día 351 sin ser baneado | !redes !socials @mkimada,"['Español', 'autoconocimiento']",[],False
160,2025-04-02 12:11,Toniki,es,Overwatch 2,HOY PUGS RANKEDS EVENTO de !FACEIT 🔴 LUEGO JUGAMOS Call of Dragons !COD #ad,"['Español', 'competitivo', 'ranked', 'DPS', 'Top500', 'overwatch2']",[],False
160,2025-04-02 12:11,superprofe87,es,Fortnite,AQUÍ 🎁  DROPS ACTIVADOS  Gratis Mortal Kombat Fortnite Super Profe Scorpion,"['méxico', 'España', 'Argentina', 'Español', 'Colombia', 'Chile', 'Uruguay', 'ecuador', 'EstadosUnidos', 'DropsActivados']",[],False
160,2025-04-02 12:11,nedorem1x,ru,ROBLOX,ДОРЕЛИМПИЙСКИЕ ИГРЫ: КАЛЬМАР | ROBLOX | MEMES: ON,"['общение', 'Русский', 'роблокс', 'roblox']",[],False
160,2025-04-02 12:12,tayisclip,en,ROBLOX,ROBLOX ANIME GAMES,"['plaqueboymax', 'clix', 'faze', 'stableronaldo', 'kai', 'cenat', 'kaicenat', 'ishowspeed', 'dukedennis', 'lacy']",[],False
160,2025-04-02 12:12,OnlyFye,en,ROBLOX,❄️ANIME VANGUARDS❄️ SO MUCH CONTENT❄️KAI CENAT GET ME IN YOUR STREAMING UNIVERSITY❄️!sub !links,['English'],[],False
161,2025-04-02 12:20,SinSangre_,es,Fortnite,[!DROPS AQUI] SE VAN PRONTO LOS 3 ENVOLTORIOS CONSIGUELOS YA!,"['Español', 'sinsangre', 'Fortnite', 'holidayhoopla', 'DropsActivados']",[],False
161,2025-04-02 12:20,MKimada,es,Overwatch 2,Competitivas SUP | Día 351 sin ser baneado | !redes !socials @mkimada,"['Español', 'autoconocimiento']",[],False
161,2025-04-02 12:20,Flopick3,es,Just Chatting,🚨NINTENDO DIRECTO🚨luego seguimos entrenando para el Regional de Pokémon😤💪,['Español'],[],False
161,2025-04-02 12:20,AlatreusTV,es,ROBLOX,ESTAMOS EN DIRECTO JUGANDO DEAD RAILS Y LO QUE ESTÁ PASANDO HOY ES UNA ABSOLUTA LOCURA,"['Español', 'roblox']",[],False
161,2025-04-02 12:20,PhuzzyBond,en,No Man's Sky,Expedition Time | 🫖Good Vibes | 💚💜 Real Life Content on !KOFI,"['ClosedCaptions', 'LongSilkyHair', 'FamilyFriendly', 'SeaOfThievesPartner', 'ASMR', 'English', 'Chill', 'GoodVibes']",[],False
161,2025-04-02 12:20,MrZacCas,en,Minecraft,🚨NEW MINECRAFT CAPE! 🚨 HARDCORE  BUILDING MY HOUSE RERUN,"['English', 'Speedrun', 'gaming', 'IRL', 'Speedrunner', 'Australia', 'American', 'drops', 'cape', 'ViewerRewards']",[],False
161,2025-04-02 12:20,NAROY,fr,Minecraft,⭐️ [ DROP CAPE ] CAPTURER DES WARDENS ? HARDCORE JOUR 11 000 IG ou 413 IRL  EN 1.21.4⭐️!MINESTRATOR !HOLZKERN  !SUB !PROJET !SUBGOAL #AD,"['Français', 'minecraft', 'Récompensesspectateur']",[],False
161,2025-04-02 12:20,soydanielpiedra,es,Minecraft,Capa Home Azul de Minecraft  La Película,"['gamepass', 'español', 'xbox', 'Español', 'drops', 'minecraft', 'Minecraft', 'capa', 'capas', 'Recompensasdeespectador']",[],False
161,2025-04-02 12:20,JonBams,en,Minecraft,DROPS! | MadPack 5: Salty Shores,"['English', 'ViewerRewards']",['ProfanityVulgarity'],False
162,2025-04-02 16:01,benjafit9,es,Fortnite,!!DROPS ACTIVOS!! Y JUGANDO CON SEGUIDORES!!,"['Español', 'Chile', 'LATAM', 'Latinoamérica', 'México', 'privadas', 'Argentina', 'valorant', 'Valo', 'DropsActivados']",[],False
162,2025-04-02 16:01,Doble,es,Fortnite,!DROPS ACTIVOS✅ MÍTICA Y MEDALLÓN DE SCORPION🤩 !MAPA🎁 // Código DOBLE // #EpicPartner,"['trickshots', 'relax', 'Español', 'Fortnite', 'FortniteEspaña', 'battleroyale', 'shooter', 'DropsActivados']",[],False
162,2025-04-02 16:01,kravidtv,es,Fortnite,Regalando skins en fortnite partidas privadas #fortnite #skin #gratis,"['Español', 'fortnite', 'privadasfortnite', 'pavosgratis', 'PavosGratisFortnite', 'pavos', 'Colombia', 'pavosgratis', 'pvp', 'premios']",[],False
162,2025-04-02 16:01,Larzock,es,Minecraft,ME PASO MINECRAFT... PERO LAS ESTRUCTURAS SON OP | @larzock !tiktok !youtube !discord,"['Español', 'justcchatting', 'larzock', 'fortnitegaminglive', 'ＦＯＲＴＮＩＴＥ', 'fortnıte', 'Recompensasdeespectador']",[],False
162,2025-04-02 16:01,kaseyph,en,Fortnite,If this crashes I kms,"['English', 'UK', 'spiderman', 'British', 'sidemen', 'Invincible', 'BritishStreamer', 'activewithchat', 'fortnitedrops', 'DropsEnabled']",[],False
162,2025-04-02 16:01,PikAHiMoViC,es,Marvel Rivals,🎁 MARVEL RIVALS 24/7 🎁 RANKEDS PLATINO! 😈 !jugar !horario,"['dropsactivados', 'dropsactivos', 'drops', 'callofduty', 'blackops6', 'bo6', 'fc25', 'fifa', 'marvelrivals', 'español']",[],False
162,2025-04-02 16:01,YuraAndTatik,ru,Jackbox Party Packs,Jackbox и другие игры,['Русский'],[],False
162,2025-04-02 16:01,yami_naoto,ru,Gartic Phone,Герой не тот кто носит доспехи а тот кто пришёл на стрим!,"['треш', 'стример', 'Русский', 'ванпанчмен', 'гартик', 'Рисование']",[],False
162,2025-04-02 16:01,gluppi_yrod,ru,Minecraft,недомайнкрафтер! and недокаэсер! !tg !ds,"['Русский', 'майнкрафт', 'аниме', 'НаградыДляЗрителей']",[],False
163,2025-04-02 16:12,benjafit9,es,Fortnite,!!DROPS ACTIVOS!! Y JUGANDO CON SEGUIDORES!!,"['Español', 'Chile', 'LATAM', 'Latinoamérica', 'México', 'privadas', 'Argentina', 'valorant', 'Valo', 'DropsActivados']",[],False
163,2025-04-02 16:12,IkiLive_,es,Marvel Rivals,🌺DROPS ON 🌺 PUBLICAS CON SEGUIDORES  🚨CÓDIGO DE CREADOR IKILIVE 🚨 | !Suerte !sorteo !redes,"['Español', 'Repetir', 'marvelrivals', 'marvel', 'Español', 'DropsActivados']",[],False
163,2025-04-02 16:12,kravidtv,es,Fortnite,Regalando skins en fortnite partidas privadas #fortnite #skin #gratis,"['Español', 'fortnite', 'privadasfortnite', 'pavosgratis', 'PavosGratisFortnite', 'pavos', 'Colombia', 'pavosgratis', 'pvp', 'premios']",[],False
163,2025-04-02 16:12,kaseyph,en,Fortnite,If this crashes I kms,"['English', 'UK', 'spiderman', 'British', 'sidemen', 'Invincible', 'BritishStreamer', 'activewithchat', 'fortnitedrops', 'DropsEnabled']",[],False
163,2025-04-02 16:12,Doble,es,Fortnite,!DROPS ACTIVOS✅ MÍTICA Y MEDALLÓN DE SCORPION🤩 !MAPA🎁 // Código DOBLE // #EpicPartner,"['trickshots', 'relax', 'Español', 'Fortnite', 'FortniteEspaña', 'battleroyale', 'shooter', 'DropsActivados']",[],False
163,2025-04-02 16:12,CampsJunior,es,Fortnite,✅ DROPS ACTIVADOS | MÍTICA Y MEDALLÓN *NEW* (soy trilingüe) | 🎁SORTEO x WIN🎁 | CODIGO CAMPSJUNIOR🫶,"['Español', 'Fortnite', 'fortnitedirecto', 'fortnitesorteo', 'fortniteespaña', 'DropsActivados', 'shooter']",[],False
163,2025-04-02 16:13,AngrodTralari,es,Overwatch 2,🔴 DÍA MASÓNICO 🔴 SE VIENE ANUNCIO Y PUGS DE !FACEIT CON GIGADROPS 🔴 Sorteo 1000 Monedas,"['Español', 'charla', 'competitivo', 'Overwatch2', 'drops', 'ranked', 'Shooter']",[],False
163,2025-04-02 16:13,Toniki,es,Overwatch 2,HOY PUGS RANKEDS EVENTO de !FACEIT 🔴 LUEGO JUGAMOS Call of Dragons !COD #ad,"['Español', 'competitivo', 'ranked', 'DPS', 'Top500', 'overwatch2']",[],False
163,2025-04-02 16:13,lady_jugadas,es,R.E.P.O.,!info para jugar  (próximamente pngtuber repo lady),['Español'],['ProfanityVulgarity'],False
164,2025-04-02 16:24,Cibergun,es,Minecraft,EPICRAFTIA DIA 2  - Roger Smith [Cape Drops ON; Drop de la CAPA],"['minecraft', 'Permadeath', 'Epicraftia', 'Español', 'Recompensasdeespectador', 'drops']",[],False
164,2025-04-02 16:24,benjafit9,es,Fortnite,!!DROPS ACTIVOS!! Y JUGANDO CON SEGUIDORES!!,"['Español', 'Chile', 'LATAM', 'Latinoamérica', 'México', 'privadas', 'Argentina', 'valorant', 'Valo', 'DropsActivados']",[],False
164,2025-04-02 16:24,SoloQTilted,es,Minecraft,[CONSIGUE TU CAPA MINECRAFT] SERVIDOR COMUNTIARIO | !ip | !guia !redes,"['jugandoconviewers', 'jugandoconespectadores', 'leagueoflegends', 'Diana', 'OTPDiana', 'dianaotp', 'Español', 'English', 'OTP', 'lolespañol']",[],False
164,2025-04-02 16:24,KurisuCat,es,Overwatch 2,✿🌸..•´¯`☆ºJugando un ratoº☆..•´¯`🌸✿,"['Español', 'Vtuber', 'latinoamerica', 'Michis', '3DVtuber', 'overwactch2']",[],False
164,2025-04-02 16:24,IkiLive_,es,Marvel Rivals,🌺DROPS ON 🌺 PUBLICAS CON SEGUIDORES  🚨CÓDIGO DE CREADOR IKILIVE 🚨 | !Suerte !sorteo !redes,"['Español', 'Repetir', 'marvelrivals', 'marvel', 'Español', 'DropsActivados']",[],False
164,2025-04-02 16:24,CampsJunior,es,Fortnite,✅ DROPS ACTIVADOS | MÍTICA Y MEDALLÓN *NEW* (soy trilingüe) | 🎁SORTEO x WIN🎁 | CODIGO CAMPSJUNIOR🫶,"['Español', 'Fortnite', 'fortnitedirecto', 'fortnitesorteo', 'fortniteespaña', 'DropsActivados', 'shooter']",[],False
164,2025-04-02 16:24,TimTheTatman,en,Marvel Rivals,750LBS & BALD,"['English', 'DropsEnabled']",[],False
164,2025-04-02 16:24,TimTheTatmanVODs,en,Call of Duty: Warzone,24/7 VERDANSK (TIMTHETATMAN FUNNIEST MOMENTS),['English'],['MatureGame'],False
164,2025-04-02 16:24,Lassiz,en,Marvel Rivals,LET'S HAVE ONLY SMILES TODAY GUYS! <3 :D,"['English', 'Tankmain', 'iamgroot', 'Grootisgod', 'marvelrivals', 'DropsEnabled']",[],False
165,2025-04-02 16:31,CampsJunior,es,Fortnite,✅ DROPS ACTIVADOS | MÍTICA Y MEDALLÓN *NEW* (soy trilingüe) | 🎁SORTEO x WIN🎁 | CODIGO CAMPSJUNIOR🫶,"['Español', 'Fortnite', 'fortnitedirecto', 'fortnitesorteo', 'fortniteespaña', 'DropsActivados', 'shooter']",[],False
165,2025-04-02 16:31,IkiLive_,es,Marvel Rivals,🌺DROPS ON 🌺 PUBLICAS CON SEGUIDORES  🚨CÓDIGO DE CREADOR IKILIVE 🚨 | !Suerte !sorteo !redes,"['Español', 'Repetir', 'marvelrivals', 'marvel', 'Español', 'DropsActivados']",[],False
165,2025-04-02 16:32,SoloQTilted,es,Minecraft,[CONSIGUE TU CAPA MINECRAFT] SERVIDOR COMUNTIARIO | !ip | !guia !redes,"['jugandoconviewers', 'jugandoconespectadores', 'leagueoflegends', 'Diana', 'OTPDiana', 'dianaotp', 'Español', 'English', 'OTP', 'lolespañol']",[],False
165,2025-04-02 16:32,Cibergun,es,Minecraft,EPICRAFTIA DIA 2  - Roger Smith [Cape Drops ON; Drop de la CAPA],"['minecraft', 'Permadeath', 'Epicraftia', 'Español', 'Recompensasdeespectador', 'drops']",[],False
165,2025-04-02 16:32,KurisuCat,es,Overwatch 2,✿🌸..•´¯`☆ºJugando un ratoº☆..•´¯`🌸✿,"['Español', 'Vtuber', 'latinoamerica', 'Michis', '3DVtuber', 'overwactch2']",[],False
165,2025-04-02 16:32,JaayMC,en,Minecraft,✨ Get the NEW Cape! | 🌎 Minecraft Survival! | 🌠 Partner Grind Streamathon (Day 9) 🌈 how are you?! | !cape !partner,"['Survival', 'LGBTQ', 'SafeSpace', 'Cape', 'Drops', 'PlayingWithViewers', 'Chill', 'SMP', 'subathon', 'Minecraft']",[],False
165,2025-04-02 16:32,Elbat_,fr,Sea of Thieves,🟠 SLOOP PVP/CHASSE 🎯 | !youtube !tiktok,['Français'],[],False
165,2025-04-02 16:32,PhuzzyBond,en,No Man's Sky,Expedition Time | 🫖Good Vibes | 💚💜 Real Life Content on !KOFI,"['ClosedCaptions', 'LongSilkyHair', 'FamilyFriendly', 'SeaOfThievesPartner', 'ASMR', 'English', 'Chill', 'GoodVibes']",[],False
165,2025-04-02 16:32,Garryschool,fr,R.E.P.O.,🔥 RIRE AVEC LES MODOS puis DARKRP 🔥!sub !3000 !serv,"['Français', 'gta', 'gmod', 'rp', 'roleplay']",[],False
166,2025-04-02 16:40,Cibergun,es,Minecraft,EPICRAFTIA DIA 2  - Roger Smith [Cape Drops ON; Drop de la CAPA],"['minecraft', 'Permadeath', 'Epicraftia', 'Español', 'Recompensasdeespectador', 'drops']",[],False
166,2025-04-02 16:40,benjafit9,es,Fortnite,!!DROPS ACTIVOS!! Y JUGANDO CON SEGUIDORES!!,"['Español', 'Chile', 'LATAM', 'Latinoamérica', 'México', 'privadas', 'Argentina', 'valorant', 'Valo', 'DropsActivados']",[],False
166,2025-04-02 16:40,SoloQTilted,es,Minecraft,[CONSIGUE TU CAPA MINECRAFT] SERVIDOR COMUNTIARIO | !ip | !guia !redes,"['jugandoconviewers', 'jugandoconespectadores', 'leagueoflegends', 'Diana', 'OTPDiana', 'dianaotp', 'Español', 'English', 'OTP', 'lolespañol']",[],False
166,2025-04-02 16:40,IkiLive_,es,Marvel Rivals,🌺DROPS ON 🌺 PUBLICAS CON SEGUIDORES  🚨CÓDIGO DE CREADOR IKILIVE 🚨 | !Suerte !sorteo !redes,"['Español', 'Repetir', 'marvelrivals', 'marvel', 'Español', 'DropsActivados']",[],False
166,2025-04-02 16:40,KurisuCat,es,Overwatch 2,✿🌸..•´¯`☆ºJugando un ratoº☆..•´¯`🌸✿,"['Español', 'Vtuber', 'latinoamerica', 'Michis', '3DVtuber', 'overwactch2']",[],False
166,2025-04-02 16:40,PikAHiMoViC,es,Marvel Rivals,🎁 MARVEL RIVALS 24/7 🎁 RANKEDS PLATINO! 😈 !jugar !horario,"['dropsactivados', 'dropsactivos', 'drops', 'callofduty', 'blackops6', 'bo6', 'fc25', 'fifa', 'marvelrivals', 'español']",[],False
166,2025-04-02 16:40,oscarpainz_,es,Grand Theft Auto V,[PS4]😇CARRERAS CON VOSOTROS😇|❗id |❗unirse|❗ds,"['Español', 'gta', 'LGBT', 'carreras', 'PS4', 'jugandoconseguidores']",['MatureGame'],False
166,2025-04-02 16:40,Canuteiro_,es,Fortnite,✅DROPS ACTIVOS✅ 🏆PRIVADAS con PREMIOS🏆 + 🔥SORTEO 1000 PAVOS🔥 ❗requisitos ❗premios ❗redes ❗discord,"['jugandoconespectadores', 'Español', 'sorteos', 'Fortnite', 'drops', 'PavosGratisFortnite', 'zonewars', 'sorteo', 'PartidasPrivadasFortnite', 'fortnitedirecto']",[],False
166,2025-04-02 16:40,DessT3,es,Grand Theft Auto V,HARRY DAM |  HOY ES EL DIA... NO QUEDA OTRA QUE TENER QUE HACERLO |  SPAIN RP,"['conducción', 'música', 'Gta', 'Español', 'desst3', 'Dess', 'Rolplay', 'SpainRP']",['MatureGame'],False
167,2025-04-02 20:01,Luich404,es,Minecraft,AQUI HAY CAPAS!  LA CAPA! EVENTO ESPECIAL DE MINECRAFT BEDROCK PARA GANAR UNA CAPA EDICION ESPECIAL DE LA PELICULA - DROPS ACTIVADOS,"['Español', 'Recompensasdeespectador']",[],False
167,2025-04-02 20:01,IkiLive_,es,Marvel Rivals,🌺DROPS ON 🌺 PUBLICAS CON SEGUIDORES  🚨CÓDIGO DE CREADOR IKILIVE 🚨 | !Suerte !sorteo !redes,"['Español', 'Repetir', 'marvelrivals', 'marvel', 'Español', 'DropsActivados']",[],False
167,2025-04-02 20:01,ElSmileyGG,es,Fortnite,"🤑FORTNITE REGALANDO DROPS, PASES, BAILES Y MAS🤑","['Español', 'Fortnite', 'fortinte', 'DropsActivados', 'México']",[],False
167,2025-04-02 20:01,SoloQTilted,es,Minecraft,[CONSIGUE TU CAPA MINECRAFT] SERVIDOR COMUNTIARIO | !ip | !guia !redes,"['jugandoconviewers', 'jugandoconespectadores', 'leagueoflegends', 'Diana', 'OTPDiana', 'dianaotp', 'Español', 'English', 'OTP', 'lolespañol']",[],False
167,2025-04-02 20:01,AtozSanAri,es,Fortnite,✅DROPS ACTIVOS !drops [Skins de armas de MK] 🌸FORTNITEEEEEE 🌸[Stream 64/365],"['Cosplay', 'Español', 'Cosplayer', 'Otaku', 'Charlar', 'Mexicana', 'Cute', 'DropsActivados']",[],False
167,2025-04-02 20:01,JaayMC,en,Minecraft,✨ Get the NEW Cape! | 🌎Hypixel Bedwars + more! | 🌠 Partner Grind Streamathon (Day 9) 🌈 how are you?! | !cape !partner,"['Survival', 'LGBTQ', 'SafeSpace', 'Cape', 'Drops', 'PlayingWithViewers', 'Chill', 'SMP', 'subathon', 'Minecraft']",[],False
167,2025-04-02 20:01,abcjaybay,en,Minecraft,BEATING MINECRAFT HARDCORE|| ROAD TO 50 SUBS!!!,"['FunnyContent', 'English', 'Mineceaft', 'minecraftstream', 'minecrafthardcoresurvival', 'minecraftsurivial', 'minecrafthardcore', 'ViewerRewards']",[],False
167,2025-04-02 20:01,fryboi4268,en,ROBLOX,dead rails HATES me,"['English', 'TalksToChat', 'Everyoneiswelcome']",[],False
167,2025-04-02 20:02,Benjermane0,en,Overwatch 2,🔴APRIL FOOLS EVENT + COMP GRIND🔴 !discord,"['multiplayer', 'chill', 'English', 'Johnpork', 'hotgirl']",[],False
168,2025-04-02 20:09,Luich404,es,Minecraft,AQUI HAY CAPAS!  LA CAPA! EVENTO ESPECIAL DE MINECRAFT BEDROCK PARA GANAR UNA CAPA EDICION ESPECIAL DE LA PELICULA - DROPS ACTIVADOS,"['Español', 'Recompensasdeespectador']",[],False
168,2025-04-02 20:09,ElSmileyGG,es,Fortnite,"🤑FORTNITE REGALANDO DROPS, PASES, BAILES Y MAS🤑","['Español', 'Fortnite', 'fortinte', 'DropsActivados', 'México']",[],False
168,2025-04-02 20:09,IkiLive_,es,Marvel Rivals,🌺DROPS ON 🌺 PUBLICAS CON SEGUIDORES  🚨CÓDIGO DE CREADOR IKILIVE 🚨 | !Suerte !sorteo !redes,"['Español', 'Repetir', 'marvelrivals', 'marvel', 'Español', 'DropsActivados']",[],False
168,2025-04-02 20:09,SoloQTilted,es,Minecraft,[CONSIGUE TU CAPA MINECRAFT] SERVIDOR COMUNTIARIO | !ip | !guia !redes,"['jugandoconviewers', 'jugandoconespectadores', 'leagueoflegends', 'Diana', 'OTPDiana', 'dianaotp', 'Español', 'English', 'OTP', 'lolespañol']",[],False
168,2025-04-02 20:09,AtozSanAri,es,Fortnite,✅DROPS ACTIVOS !drops [Skins de armas de MK] 🌸FORTNITEEEEEE 🌸[Stream 64/365],"['Cosplay', 'Español', 'Cosplayer', 'Otaku', 'Charlar', 'Mexicana', 'Cute', 'DropsActivados']",[],False
168,2025-04-02 20:09,JaayMC,en,Minecraft,✨ Get the NEW Cape! | 🌎Hypixel Bedwars + more! | 🌠 Partner Grind Streamathon (Day 9) 🌈 how are you?! | !cape !partner,"['Survival', 'LGBTQ', 'SafeSpace', 'Cape', 'Drops', 'PlayingWithViewers', 'Chill', 'SMP', 'subathon', 'Minecraft']",[],False
168,2025-04-02 20:10,Wepop_,ru,VALORANT,Ищу Альтушку  / Уже не смешно. !tg !rank,"['Общение', 'Донат', 'Дискорд', 'Русский', 'meme']",[],False
168,2025-04-02 20:10,rcvf_tv,ru,Counter-Strike,🔥9 LVL FACEIT🔥 💥НОЖ - ПРАЙМ ЗА БАЛЛЫ КАНАЛА💥,['Русский'],['MatureGame'],False
168,2025-04-02 20:10,k4t4n4,ru,Casino Simulator 2024,Угадай слот - получи накид l !tg,['Русский'],[],False
169,2025-04-02 20:20,SoloQTilted,es,Minecraft,[CONSIGUE TU CAPA MINECRAFT] SERVIDOR COMUNTIARIO | !ip | !guia !redes,"['jugandoconviewers', 'jugandoconespectadores', 'leagueoflegends', 'Diana', 'OTPDiana', 'dianaotp', 'Español', 'English', 'OTP', 'lolespañol']",[],False
169,2025-04-02 20:20,AtozSanAri,es,Fortnite,✅DROPS ACTIVOS !drops [Skins de armas de MK] 🌸FORTNITEEEEEE 🌸[Stream 64/365],"['Cosplay', 'Español', 'Cosplayer', 'Otaku', 'Charlar', 'Mexicana', 'Cute', 'DropsActivados']",[],False
169,2025-04-02 20:20,Luich404,es,Minecraft,AQUI HAY CAPAS!  LA CAPA! EVENTO ESPECIAL DE MINECRAFT BEDROCK PARA GANAR UNA CAPA EDICION ESPECIAL DE LA PELICULA - DROPS ACTIVADOS,"['Español', 'Recompensasdeespectador']",[],False
169,2025-04-02 20:20,ElSmileyGG,es,Fortnite,"🤑FORTNITE REGALANDO DROPS, PASES, BAILES Y MAS🤑","['Español', 'Fortnite', 'fortinte', 'DropsActivados', 'México']",[],False
169,2025-04-02 20:20,JaayMC,en,Minecraft,✨ Get the NEW Cape! | 🌎Hypixel Bedwars + more! | 🌠 Partner Grind Streamathon (Day 9) 🌈 how are you?! | !cape !partner,"['Survival', 'LGBTQ', 'SafeSpace', 'Cape', 'Drops', 'PlayingWithViewers', 'Chill', 'SMP', 'subathon', 'Minecraft']",[],False
169,2025-04-02 20:20,Alexander_r55,es,Overwatch 2,🔥 Ranks OTP Bastión 🤖 Hoy se gana si o si🔥 !eneba !redes,"['Ecuador', 'Anime', 'Futbol', 'Español', 'México']",[],False
169,2025-04-02 20:20,ttvluisfer,es,Call of Duty: Black Ops 6,El regreso de verdansk pero con hackers 🔵🔴⚪,"['Español', 'warzone']",['MatureGame'],False
169,2025-04-02 20:20,blackmeichgg,es,Party Animals,Ps5 No hay alertas |Vmiercoles de Vmiolencia,"['Clasesdeguitarra', 'Español', 'RPG', 'aventuras', 'trickortreat']",[],False
169,2025-04-02 20:21,愛してるよショーティ,es,Fall Guys,strim de prueba,['Español'],[],False
170,2025-04-02 20:29,Luich404,es,Minecraft,AQUI HAY CAPAS!  LA CAPA! EVENTO ESPECIAL DE MINECRAFT BEDROCK PARA GANAR UNA CAPA EDICION ESPECIAL DE LA PELICULA - DROPS ACTIVADOS,"['Español', 'Recompensasdeespectador']",[],False
170,2025-04-02 20:29,IkiLive_,es,Marvel Rivals,🌺DROPS ON 🌺 PUBLICAS CON SEGUIDORES  🚨CÓDIGO DE CREADOR IKILIVE 🚨 | !Suerte !sorteo !redes,"['Español', 'Repetir', 'marvelrivals', 'marvel', 'Español', 'DropsActivados']",[],False
170,2025-04-02 20:29,ElSmileyGG,es,Fortnite,"🤑FORTNITE REGALANDO DROPS, PASES, BAILES Y MAS🤑","['Español', 'Fortnite', 'fortinte', 'DropsActivados', 'México']",[],False
170,2025-04-02 20:30,SoloQTilted,es,Minecraft,[CONSIGUE TU CAPA MINECRAFT] SERVIDOR COMUNTIARIO | !ip | !guia !redes,"['jugandoconviewers', 'jugandoconespectadores', 'leagueoflegends', 'Diana', 'OTPDiana', 'dianaotp', 'Español', 'English', 'OTP', 'lolespañol']",[],False
170,2025-04-02 20:30,AtozSanAri,es,Fortnite,✅DROPS ACTIVOS !drops [Skins de armas de MK] 🌸FORTNITEEEEEE 🌸[Stream 64/365],"['Cosplay', 'Español', 'Cosplayer', 'Otaku', 'Charlar', 'Mexicana', 'Cute', 'DropsActivados']",[],False
170,2025-04-02 20:30,JaayMC,en,Minecraft,✨ Get the NEW Cape! | 🌎Hypixel Bedwars + more! | 🌠 Partner Grind Streamathon (Day 9) 🌈 how are you?! | !cape !partner,"['Survival', 'LGBTQ', 'SafeSpace', 'Cape', 'Drops', 'PlayingWithViewers', 'Chill', 'SMP', 'subathon', 'Minecraft']",[],False
170,2025-04-02 20:30,Probably_Senpai,en,Disney Dreamlight Valley,"Eggs... Eggs everywhere... ""!Youtube""","['English', 'Chatty', 'ADHD', 'ADHDStreamer', 'AMA', 'DDLV', 'HolidayHoopla']",[],False
170,2025-04-02 20:30,mrs_bunnie,en,Disney Dreamlight Valley,Happy Reset Wednesday! How did we do? Egg Hunting! The Show!,"['disneydreamlightvalley', 'cozygaming', 'ChillVibes', 'English', 'LurkersWelcome']",[],False
170,2025-04-02 20:30,cozyupwithsim,en,Disney Dreamlight Valley,{AUS/ENG [18+] 1650+hrs | Eggcellent Egg hunting!🥚🐰+ Decorating Dazzle Beach🏖️ |🍵🕹️Cozy gameplay|  ☕Lurker Friendly🌲💖 🍰Cozy Vibes☕,"['ChronicIllness', 'Cosy', 'LurkerFriendly', 'MentalHealth', 'LGBTQSafeplace', 'ADHD', 'DDLV', 'Chatty', 'ADHDStreamer', 'English']",[],False
171,2025-04-03 00:01,ElSmileyGG,es,Fortnite,"🤑FORTNITE REGALANDO DROPS, PASES, BAILES Y MAS🤑","['Español', 'Fortnite', 'fortinte', 'DropsActivados', 'México']",[],False
171,2025-04-03 00:01,YoPopeie,es,Marvel Rivals,💜DROPS💜 🎁!SORTEO🎁 HOY SORTEAMOS SKINS🐐🔥 / Redes: @yopopeie_,"['Español', 'DropsActivados']",[],False
171,2025-04-03 00:01,GeraALV,es,Fortnite,[DROPS ACTIVADOS]✅ ENVOLTORIOS GRATIS + EXTENSIBLE DROPERO (DÍA 1/7) |🎴Usa código GeraALV🎴|❗drops ❗prime ❗whatsapp,"['Español', 'México', 'Guapo', 'AmAPreguntameloquequieras', 'Culiacán', 'Sinaloa', 'AMLOVER', 'CMMP', 'GeraALV', 'ALV']",[],False
171,2025-04-03 00:01,MsAppletree,es,R.E.P.O.,[🇲🇽/🇨🇦] 🍎 Mi Primera Ves: REPO! ft. @rudbael @donchuckss 🍎 !lurk !followage !clip,"['México', 'Canada', 'Female', 'girl', 'Español', 'spanish', 'English', 'drops', 'chill']",[],False
171,2025-04-03 00:01,kravidtv,es,Fortnite,Regalando skins en fortnite partidas privadas #fortnite #skin #gratis,"['Español', 'fortnite', 'privadasfortnite', 'pavosgratis', 'PavosGratisFortnite', 'pavos', 'Colombia', 'pavosgratis', 'pvp', 'premios']",[],False
171,2025-04-03 00:01,citlaliconc,es,Fortnite,jugando con subs💕,"['Español', 'Fortnite', 'girlgamers', 'girl', 'girlsplaying', 'DropsActivados']",[],False
171,2025-04-03 00:01,trendsettervlogs,en,Music,SHORT  STREAM + TESTING IRL BACKBAG stream may restart,"['English', 'IRL', 'streamer', 'music']",[],False
171,2025-04-03 00:02,51LINA,ru,Casino Simulator,МЯУ 10К ЗЕЛЕНЫХ | МЕМЧИКИ В !тг,['Русский'],[],False
171,2025-04-03 00:02,sunshineg0d,ru,Counter-Strike,РЕЙТИНГ ЗАФИКСИРОВАЛИ✅ОКОВЫ СНЯТЫ✅ТРОЛЛИНГ✅  РОЗЫГРЫШ В ЗАКРЕПЕ w/ @kl1m666 @compl1cs !tg,"['Русский', 'CS2', 'pro', 'top', 'Sunshine', '4kelo']",['MatureGame'],False
172,2025-04-03 00:13,ElSmileyGG,es,Fortnite,"🤑FORTNITE REGALANDO DROPS, PASES, BAILES Y MAS🤑","['Español', 'Fortnite', 'fortinte', 'DropsActivados', 'México']",[],False
172,2025-04-03 00:13,GeraALV,es,Fortnite,[DROPS ACTIVADOS]✅ ENVOLTORIOS GRATIS + EXTENSIBLE DROPERO (DÍA 1/7) |🎴Usa código GeraALV🎴|❗drops ❗prime ❗whatsapp,"['Español', 'México', 'Guapo', 'AmAPreguntameloquequieras', 'Culiacán', 'Sinaloa', 'AMLOVER', 'CMMP', 'GeraALV', 'ALV']",[],False
172,2025-04-03 00:13,MsAppletree,es,R.E.P.O.,[🇲🇽/🇨🇦] 🍎 Mi Primera Ves: REPO! ft. @rudbael @donchuckss 🍎 !lurk !followage !clip,"['México', 'Canada', 'Female', 'girl', 'Español', 'spanish', 'English', 'drops', 'chill']",[],False
172,2025-04-03 00:13,BotLui,es,Fortnite,Drops de Fortnite activados - Servidores caidos (: - Info !Drop - Como vincular cuenta !Vin,"['Español', 'drops', 'DropsActivados']",[],False
172,2025-04-03 00:13,kravidtv,es,Fortnite,Regalando skins en fortnite partidas privadas #fortnite #skin #gratis,"['Español', 'fortnite', 'privadasfortnite', 'pavosgratis', 'PavosGratisFortnite', 'pavos', 'Colombia', 'pavosgratis', 'pvp', 'premios']",[],False
172,2025-04-03 00:13,citlaliconc,es,Fortnite,jugando con subs💕,"['Español', 'Fortnite', 'girlgamers', 'girl', 'girlsplaying', 'DropsActivados']",[],False
172,2025-04-03 00:13,KeeperCGC,en,Palia,"DROPS ENABLED! | questin', decoratin' and vibin' tonight! | !fish !derby !hiccup !throne !merch","['chatty', 'woman', 'Canadian', 'English', 'wholesome', 'SafeSpace', 'LurkerFriendly', 'ClosedCaptions', 'cozy', 'DropsEnabled']",[],False
172,2025-04-03 00:13,CallMeSmashlie,en,R.E.P.O.,(18+) R.E.P.O. with MODS - pt 1,"['ADHDStreamer', 'English', '420friendly', 'Chatty', 'epicpartner', 'ExtraLife', '30PlusGamer', 'retrogames', 'Vtuber', 'FirstPlaythough']",['DrugsIntoxication'],False
172,2025-04-03 00:13,planet_bee,en,Palia,✨ DROPS ON ✨ Storyline + Level Grind | lurkers welcome! | !lurk !emo !newcommands,"['chill', 'altgirl', 'English', 'funny', 'cozy', 'drops', 'Palia', 'Paliadrops', 'DropsEnabled']",[],False
173,2025-04-03 12:01,GeraALV,es,Fortnite,[DROPS ACTIVADOS]✅ ENVOLTORIOS GRATIS + EXTENSIBLE DROPERO (DÍA 1/7) |🎴Usa código GeraALV🎴|❗drops ❗prime ❗whatsapp,"['Español', 'México', 'Guapo', 'AmAPreguntameloquequieras', 'Culiacán', 'Sinaloa', 'AMLOVER', 'CMMP', 'GeraALV', 'ALV']",[],False
173,2025-04-03 12:01,MKimada,es,Overwatch 2,Competitivas de Tanque | Día 352 sin ser baneado | !redes !socials @mkimada,"['Español', 'autoconocimiento']",[],False
173,2025-04-03 12:01,PikAHiMoViC,es,Marvel Rivals,🎁 !DROPS 24/7 🎁 RANKEDS PLATINO! 😈 !jugar !horario,"['dropsactivados', 'dropsactivos', 'drops', 'callofduty', 'blackops6', 'bo6', 'fc25', 'fifa', 'marvelrivals', 'español']",[],False
173,2025-04-03 12:01,Ache,es,Fortnite,[Drops Activos] NUEVO REGALO MUY ESPECIAL de FORTNITE en EXCLUSIVA 🎁   #EpicPartner,"['Español', 'Shooter', 'Fortnite', 'ache', 'DropsActivados']",[],False
173,2025-04-03 12:01,iKeyla635,es,League of Legends,Jugando de CHILL ♡ #ROADTOPARTNER | !dc !ig,"['Chill', 'ADHD', 'Anime', 'Español', 'English', 'girl', 'hycraft', 'roblox', 'vtuber']",[],False
173,2025-04-03 12:01,JonBams,en,Minecraft,DROPS! | MadPack 5: Salty Shores,"['English', 'ViewerRewards']",['ProfanityVulgarity'],False
173,2025-04-03 12:01,Beardageddon247,en,Sea of Thieves,Rerun - No Drops | 24/7 Beardageddon Watch Party | Sea of Thieves,"['English', 'Rerun', 'NoDrops', 'hangout', 'NotLive', 'catchup', 'lotsofads']",[],False
173,2025-04-03 12:01,HitboTC,en,Sea of Thieves,Pirate Shenanigans ⚔️ TTS 500 ⚔️ (!nordvpn) (!banana) (!giveaway) (!powergpu),"['SeaofThievesPartner', 'English', 'Dad', 'PvP', 'Memes', 'NewPlayersWelcome', 'Gaslighting', 'FamilyFriendly']",[],True
173,2025-04-03 12:02,RocketManKian,en,Sea of Thieves,🟢Triple Games Day🟢| !merch - !kofi - !discord - !crew,"['English', 'FamilyFriendly', 'ducks', 'SoggyCereal', 'SoTPartner', 'UbisoftCreator']",[],False
