ID,Data,View_time,searched_game,watched,channel_name,language,last_game_name,stream_title,stream_tags,classification_labels,is_branded_content
0,2025-03-20 19:24,545,minecraft,False,celinettpb,pt,Minecraft,ARKANIS - BAILÃO DO MEIAUM!,"['Português', 'RecompensasEspetadores']",[],False
0,2025-03-20 19:24,545,minecraft,False,guisobrevivente_,pt,Minecraft,[CAPE] oi bora conversar ?,"['minecraft', 'guisobrevivente', 'tiktok', 'realista', 'shaders', 'construcao', 'conversa', 'amigavel', 'Português', 'RecompensasEspetadores']",[],False
0,2025-03-20 19:24,545,minecraft,False,peqitw,pt,Minecraft,⚠️ BAILÃO DO MEIAUM EM @arkanisgg ⚠️ !Catarse !livepix,"['Minecraft', 'TazerCraft', 'Português', 'Arkanis', 'SMP', 'Pac', 'Pactw', 'RecompensasEspetadores']",[],True
1,2025-03-20 19:35,423,valorant,False,sacy,pt,VALORANT,2G ACADEMY x LOS GRANDES - #WATCHPARTYVCB,['Português'],[],False
1,2025-03-20 19:35,423,valorant,False,Coreano,pt,VALORANT,Los Grandes 0x0 2G Academy - Gamersclub Valorant Challengers Brasil Split 1,['Português'],[],False
1,2025-03-20 19:35,423,valorant,False,XAROLA_,pt,VALORANT,"O TROLLXASSO ESTÁ ONLINE, PODE COMEÇAR A BADERNA || SIGA O KING -> @xarola_","['humor', 'nordeste', 'yoru', 'lindo', 'Português', 'calvo']",[],False
2,2025-03-20 19:43,503,the-sims-4,False,AlaganDix,pt,The Sims 4,[VTuber] Carpa-Diem! 𓆝 𓆟 𓆞 𓆝 𓆟 !Redes !Discord !Pix,"['Vtuber', 'VtuberBR', 'AlaganDix', 'Português', 'ptbr', 'chatting', 'Interativo', 'Corrida', 'CollabStream', 'tarot']",[],False
2,2025-03-20 19:44,503,the-sims-4,True,huitnez,fr,The Sims 4,Génération laideur #5 ! Sims 4,"['chill', 'sims', 'discussion', 'challenge', 'Français', 'horreur', 'survie', 'sims4', 'sims4', 'bachelor']",[],False
2,2025-03-20 19:44,503,the-sims-4,False,quely_alves,pt,The Sims 4,Semana de negócios e construções!    !pixpicpay  !livepix   !comunidadezap  !discord  !setup  [+18],"['Português', 'Brasil', 'simulação', 'simer', 'react', 'thesims4', 'Thesims4gameplay', 'TheSimsChallenge']",[],False
3,2025-03-20 19:53,378,counter-strike,True,Gaules,pt,Counter-Strike,O Plano fe vs Messitas fe ESL Impact Season 7 SA - !socio - Siga @Gaules nas redes sociais!,['Português'],['MatureGame'],True
3,2025-03-20 19:53,378,counter-strike,False,enriquemachado_,pt,Counter-Strike,ALGUEM PARA TECLAR? | SORTEIO DE 3 FACAS >  !Sorteio | !topskin | !loja | !csgobig | !insane | !suaskin,['Português'],['MatureGame'],False
3,2025-03-20 19:53,378,counter-strike,False,avndeus,pt,Counter-Strike,SORTEIO DE SKINS DIRETO!! COLA !skinsvip,"['CS2', 'cs2faceit', 'ga', 'gamersclubcs', 'Português']",['MatureGame'],False
4,2025-03-20 20:01,544,league-of-legends,True,ocontagia,pt,League of Legends,PALHAÇO CONTAGIA e sua infinita ALEGRIA !comandos !desafio,"['comedia', 'live', 'YoDa', 'Brino', 'leagueoflegends', 'lol', 'english', 'portugues', 'Português']",[],False
4,2025-03-20 20:01,544,league-of-legends,False,Baiano,pt,League of Legends,🔴 CIRCUITÃO: KBM x SCCP 🔴 🌴 Próximo programa a confirmar !grupo !bb [RETRANSMISSÃO] !status !kbmidl,['Português'],[],False
4,2025-03-20 20:01,544,league-of-legends,False,Dynquedo1,pt,League of Legends,OTP QIYANNA FIZZ FOCADO LTA CHEGANDO. 😛✌️ !pix !yt,['Português'],[],False
5,2025-03-20 20:12,489,valorant,True,sacy,pt,VALORANT,2G ACADEMY x LOS GRANDES - #WATCHPARTYVCB,['Português'],[],False
5,2025-03-20 20:12,489,valorant,False,Coreano,pt,VALORANT,Los Grandes 1x0 2G Academy - Gamersclub Valorant Challengers Brasil Split 1,['Português'],[],False
5,2025-03-20 20:12,489,valorant,False,XAROLA_,pt,VALORANT,"O TROLLXASSO ESTÁ ONLINE, PODE COMEÇAR A BADERNA || SIGA O KING -> @xarola_","['humor', 'nordeste', 'yoru', 'lindo', 'Português', 'calvo']",[],False
6,2025-03-20 20:22,437,overwatch-2,False,MORGANITA,pt,Overwatch 2,DROPS ONNNNNNNN,"['Competitivo', 'Português', 'PlayingwithViewers', 'ConversandoComOChat', 'Casual', 'CasualPlaytrough', 'DropsAtivados']",[],False
6,2025-03-20 20:22,437,overwatch-2,True,summerpie_e,pt,Overwatch 2,[DROPS] Pegue suas caixinhas aqui❗store❗Amazon #OW2Season15 #OW2Brasil #OverwatchCreator,"['Overwatch2', 'Competitivo', 'FPS', 'RankedPlayer', 'OverwatchCreators', 'PTBR', 'Portugues', 'Português', 'English', 'valorantcompetetive']",[],False
6,2025-03-20 20:22,437,overwatch-2,False,mae_joga45,pt,Overwatch 2,(+18) 🎮 {DROPS ON ]  me ajudem a bater a meta de 1 mil seguidores 🫂🫂🩷🩷 - !comandos,"['Português', 'jogodeterror', 'jogofps', 'diversãogarantida', 'DropsAtivados']",[],False
7,2025-03-20 20:31,444,minecraft,False,peqitw,pt,Minecraft,⚠️ BAILÃO DO MEIAUM EM @arkanisgg ⚠️ !Catarse !livepix,"['Minecraft', 'TazerCraft', 'Português', 'Arkanis', 'SMP', 'Pac', 'Pactw', 'RecompensasEspetadores']",[],True
7,2025-03-20 20:31,444,minecraft,True,guisobrevivente_,pt,Minecraft,[CAPE] oi bora conversar ?,"['minecraft', 'guisobrevivente', 'tiktok', 'realista', 'shaders', 'construcao', 'conversa', 'amigavel', 'Português', 'RecompensasEspetadores']",[],False
7,2025-03-20 20:31,444,minecraft,False,celinettpb,pt,Minecraft,ARKANIS - BAILÃO DO MEIAUM!,"['Português', 'RecompensasEspetadores']",[],False
8,2025-03-21 00:00,527,ea-sports-fc-25,True,magaldi019,pt,EA Sports FC 25,BRASIL X C0L0MB14 A0 V1V0 C/ 1M4G3NS (MODO CARREIRA FIFA 25),['Português'],[],False
8,2025-03-21 00:00,527,ea-sports-fc-25,False,LmsMrgamer,pt,EA Sports FC 25,QUARTAS LIBERTA | ASSAULT X ARGENDIOSES // SIGA @LMSMRGAMER EM TODAS AS REDES SOCIAIS,"['lmsmrgamer', 'junin', 'brasil', 'proclubs', 'lms', 'mrgamer', 'lampard', 'eafc25', 'clubs', 'lmsmistergamer']",[],False
8,2025-03-21 00:00,527,ea-sports-fc-25,False,CielGameplay,pt,EA Sports FC 25,+18 | on já já com copa Mickey | ❗pix ❗sorteio ❗comandos | @cielgameplay,"['BR', 'Português', 'GTAⅤ', 'JogandoComOChat', 'fc25']",['ProfanityVulgarity'],True
9,2025-03-21 00:11,553,minecraft,False,ZAKl1k,pt,Minecraft,🟢 MINECRAFT | ⭐ GANHE ASSISTINDO | 🌟 REESTOQUE DIA 10 ou 16 às 18h | !loja !points !prime !sub,"['Português', 'Minecraft', 'RecompensasEspetadores']",[],False
9,2025-03-21 00:11,553,minecraft,True,mathg,pt,Minecraft,BANCA PRA TODO MUNDO !drop !clash,"['Português', 'English', 'RecompensasEspetadores']",[],False
9,2025-03-21 00:11,553,minecraft,False,v1tor,pt,Minecraft,jogando hg 😀 !pix !video,"['Português', 'minecraft', 'hg', 'flamemc', 'RecompensasEspetadores']",[],False
10,2025-03-21 00:22,499,roblox,False,NickiieTV,pt,ROBLOX,👽 SESSÃO DA TRAVA  !lanhouse  !sessão !fila  !lurdes !casaflorescer !REGRAS !audios !donate !pix !sub !comand,"['TRANS', 'ELADELA', 'ÓVINIS', 'ETS', 'FILHADOLULA', 'SURTOS', 'BRUXA', 'REACTS', 'GAMEPLAY', 'LGBTQIAPN']",['ProfanityVulgarity'],False
10,2025-03-21 00:22,499,roblox,False,yulla,pt,ROBLOX,MIBR Yulla 😈 JOGANGO ROBLOX | !sociais !pix !comandos !roblox #AD,['Português'],[],False
10,2025-03-21 00:22,499,roblox,False,renatoise,pt,ROBLOX,ambatakum :) // !pix // !sr // !miau,['Português'],[],False
11,2025-03-21 00:32,483,overwatch-2,False,DaniLiu,pt,Overwatch 2,OVERWATCH❗cardápio❗regras ❗pix ❗redes ❗youtube ❗clip,"['Português', 'LGBT', 'Trans', 'DropsAtivados']",['ProfanityVulgarity'],False
11,2025-03-21 00:32,483,overwatch-2,False,summerpie_e,pt,Overwatch 2,[DROPS] Pegue suas caixinhas aqui❗store❗Amazon #OW2Season15 #OW2Brasil #OverwatchCreator,"['Overwatch2', 'Competitivo', 'FPS', 'RankedPlayer', 'OverwatchCreators', 'PTBR', 'Portugues', 'Português', 'English', 'valorantcompetetive']",[],False
11,2025-03-21 00:32,483,overwatch-2,False,jessieziinha,pt,Overwatch 2,[DROPS ON]🗣️ QUINTOUU DE OWZIN ♥,"['Português', 'Mulher', 'overwatch', 'overwatch2', 'PlayingwithViewers', 'ConversandoComOChat', 'noobstreamer', 'lerdeza', 'TDAH', 'DropsAtivados']",['ProfanityVulgarity'],False
12,2025-03-21 04:00,594,valorant,False,loma_sz,pt,VALORANT,valorant+18 !pix !comandos !clip !discord,"['gamer', 'VALORANＴ', 'Mulher', 'Português']",[],False
12,2025-03-21 04:00,594,valorant,True,carlos_resende8,pt,VALORANT,RANKEDS BROTA XD !PIX,"['Português', 'game', 'conversa', 'valorant']",[],False
12,2025-03-21 04:00,594,valorant,False,yulla,pt,VALORANT,MIBR Yulla 😈 | !sociais !pix !comandos !roblox,['Português'],[],False
13,2025-03-21 04:12,311,roblox,False,OldManSurvivor,pt,ROBLOX,"🟢AO VIVO🟢COMEÇOU NOSSA CAMPANHA ROBLOX - BAIXE, INSTALE E JÁ CONFIRME AQUI NA LIVE SUA PARTICIPAÇÃO ❗ROBLOX❗PIX #Ad  #Sponsorship","['singleplay', 'multplayer', 'building', 'Nitrado', 'Português', 'RDR2RP', 'Roleplay', 'Sobrevivência']",[],False
13,2025-03-21 04:12,311,roblox,True,huguneneca,pt,ROBLOX,OI FALA !pix !discord !sub,['Português'],[],False
13,2025-03-21 04:12,311,roblox,False,jacarepereira,pt,ROBLOX,"+18 GTARP [CAPITAL] Mano a Mano  pra mim é esporte""",['Português'],[],False
14,2025-03-21 04:19,332,league-of-legends,True,sabrinoca,pt,League of Legends,sou bem vinda?,"['Português', 'MãeDePrimeiraViagem', 'BaratinhaDeFogão', 'Concubina', 'Melões', 'MulherDePreso', 'LeagueofLegends', 'Aliada', 'GíriasRegionais', 'Simples']",[],True
14,2025-03-21 04:19,332,league-of-legends,False,Hanninhalol,pt,League of Legends,oiiiiiiiiiiiiii  !growth !insta !pix !pau,['Português'],[],False
14,2025-03-21 04:19,332,league-of-legends,False,cadumaverick20,pt,League of Legends,🟢 [PT-BR] Flex e SoloQ da madrugada !,"['Português', 'lol']",[],False
15,2025-03-21 08:00,479,marvel-rivals,False,oPontifeX,pt,Marvel Rivals,[DROPS] MARVEL RIVALS - Main Suporte | !clipe !bits !nuuvem !donate !pix | Closed Caption,"['ClosedCaption', 'Português', 'LGBT', 'MarvelRivals', 'SuportMain', 'Competitivo', 'LunaSnow', 'Loki', 'Drops', 'Evento']",[],False
15,2025-03-21 08:00,479,marvel-rivals,False,noobzinhavs,pt,Marvel Rivals,( Drops on )Fala+joga->Lives Seg a SAB às20h] - Drops on!,"['Português', 'dixlecia', 'DropsAtivados']",[],False
15,2025-03-21 08:00,479,marvel-rivals,False,LhamaInPijamas,pt,Marvel Rivals,CELESTIAL VEM HOJE???! !pix !elomarvel,"['rpg', 'casual', 'Português', 'marvelrivals', 'rivals', 'marvelrival', 'DropsAtivados']",[],False
16,2025-03-21 08:10,489,the-sims-4,False,BauschiFlauschi,de,The Sims 4,Bauprojekt ANZ-Savefile. Wir bauen Willow Creek um! Freie Grundstücke vorhanden^^ I !dc !buchclub !youtube,"['entspannt', 'Deutsch', 'cozy', 'gemütlich', 'SafeSpace', 'Chatty', 'EGirl']",[],False
16,2025-03-21 08:10,489,the-sims-4,False,CrumbGamingUk,en,The Sims 4,setting up for our 100 modded baby challenge,"['Kindness', 'Chatty', 'English']",[],False
16,2025-03-21 08:10,489,the-sims-4,False,huffle_hobbit,en,The Sims 4,(18+/Chilled) Good Timezone! Grab A Beverage And Hang Out!,"['Dyslexia', 'LGBTQplus', 'PlusSize', 'English', 'Neurodivergent', 'SheHer']",[],False
17,2025-03-21 08:20,317,counter-strike,False,brenotheodoro,pt,Counter-Strike,LOBBY FACEIT!! SORTEIO > 4 FACAS | Sorteio basta interajar | !livepix | !csgoskins | !msg | !loja | !strive | !kaspersky,"['Português', 'CS2', 'fps']",['MatureGame'],False
17,2025-03-21 08:20,317,counter-strike,True,LYRAFPS,pt,Counter-Strike,Quase level 20 gc solo! @gamersclubcs ❗COMANDOS!,"['Português', 'gamestreaming', 'counterstrike2', 'CS2', 'gamersclub']",['MatureGame'],False
17,2025-03-21 08:20,317,counter-strike,False,Gaules,pt,Counter-Strike,Dia 3 Falcons vs The Huns BLAST Open Lisboa 2025 - !socio - Siga @Gaules nas redes sociais! - #AGONBYAOCBR #AOCGaming @AgonByAOCBR,['Português'],['MatureGame'],True
18,2025-03-21 12:00,401,roblox,False,SophyySol,pt,ROBLOX,Volto de manhã! !Loja !Discord !Pix,"['Português', 'English', 'Vtuber', 'LGBT', 'Trans', 'femboy', 'ragnatales', 'conversando']",[],False
18,2025-03-21 12:00,401,roblox,False,OldManSurvivor,pt,ROBLOX,"🟢AO VIVO🟢COMEÇOU NOSSA CAMPANHA ROBLOX - BAIXE, INSTALE E JÁ CONFIRME AQUI NA LIVE SUA PARTICIPAÇÃO ❗ROBLOX❗PIX #Ad  #Sponsorship","['singleplay', 'multplayer', 'building', 'Nitrado', 'Português', 'RDR2RP', 'Roleplay', 'Sobrevivência']",[],False
18,2025-03-21 12:00,401,roblox,False,furiaX97,pt,ROBLOX,nada com nada,"['Português', 'timido', 'TDAH', 'fofo', 'anime', 'sexygirlgamer', 'owo', 'sonolento', 'ZzZgap']",[],False
19,2025-03-21 12:09,485,ea-sports-fc-25,False,paivinha29,pt,EA Sports FC 25,O COISA RUIM ESTÁ DE VOLTA- Gullit DME HOJE-DREAMCHASERS EVENTO NOVO E WL DO AMOR  !CURSO  !COINS  !TRUST  !TRADE,"['Português', 'paivinha29', 'Futebol', 'entretenimiento']",[],False
19,2025-03-21 12:09,485,ea-sports-fc-25,False,TioPedroJoga,pt,EA Sports FC 25,"DREAMCHASERS NOVA PROMO! RIVALS, VAZAMENTOS E MUITO CONTEÚDO !cliente !camiseta",['Português'],[],False
19,2025-03-21 12:09,485,ea-sports-fc-25,False,miguelitodoarrocha,pt,EA Sports FC 25,💥sexta de rivais e vamos preparar pra wl hoje ! bem vindos a live do miguelito,"['Português', 'Portugal', 'Competitivo', 'resenha', 'Resenhando', 'ultimateteam', 'fifa', 'EAFC', 'eafc25', 'eafcsports']",[],False
20,2025-03-21 12:19,600,sea-of-thieves,False,GoofyGooseTV,pt,Sea of Thieves,[ENG/PT-PT] road to 100 HG Sea of Thieves  !disc [ Part 134],"['Portugal', 'Português', 'justcchatting']",[],False
20,2025-03-21 12:19,600,sea-of-thieves,False,TIKITO_KINJAZ,pt,Sea of Thieves,(PT/BR/ENG) CONCLUINDO O TALL TALE E CRUZANDO POR AÍ,"['Português', 'English', 'Multilplayer', 'rage', 'EASPORTSFIFA', 'seaofthieves', 'fortinte', 'mavelrivals', 'OpenWorldGames']",['ProfanityVulgarity'],False
20,2025-03-21 12:19,600,sea-of-thieves,False,Galubel,pt,Sea of Thieves,[+18] Navegando...,"['Português', 'Gacha', 'GachaGaming', 'LGTBQFriendly', 'PngVtuber']",['ProfanityVulgarity'],True
21,2025-03-21 12:30,505,fortnite,True,Hirose10,pt,Fortnite,GRIND BIZARRO 🔥 !MEL | !VIDEO | !PIX | !SUB | code Hirose #AD,"['fortnite', 'Português', 'Ranked', 'game', 'chat']",[],False
21,2025-03-21 12:30,505,fortnite,False,Pedro017Yt,pt,Fortnite,Live CONTRA Depressão,"['Português', 'Portugal', 'lojinha', 'Jogandocomespectadores', 'chat', 'fortinte', 'girlgamers', 'vbucks']",[],False
21,2025-03-21 12:31,505,fortnite,False,HadokenEx,pt,Fortnite,MEU DOPPELGANGER TOMOU CONTA ESTOU EM COMPLETO ESTADO DE DESVARIO !pix ✦ !sr ✦,"['Português', 'gameplay', 'react', 'chatting', 'Fortnite', 'Flamengo', 'LGBTQIAPlus', 'Retro']",[],False
0,2025-03-21 17:31,370,counter-strike,False,barr4k,pt,Counter-Strike,"🟢 101 DIAS SEM FALHAR E NO HORÁRIO -> !PLAY = R$250,00 SORTEIOS TODA PARTIDA -> MEGA !MENSAL !CSGOBIG R$4.114,52 -> COMPRO SUAS !SKINS","['Português', 'Compre', 'Na', 'Zenith', 'Clothing']",['MatureGame'],True
0,2025-03-21 17:31,370,counter-strike,False,enriquemachado_,pt,Counter-Strike,Sextouuu | SORTEIO DE 3 FACAS >  !Sorteio | !topskin | !loja | !csgobig | !insane | !suaskin,['Português'],['MatureGame'],False
0,2025-03-21 17:31,370,counter-strike,False,Gaules,pt,Counter-Strike,Dia 3 BLAST Open Lisboa 2025 - !socio - Siga @Gaules nas redes sociais! - #AGONBYAOCBR #AOCGaming @AgonByAOCBR,['Português'],['MatureGame'],True
1,2025-03-21 17:39,506,marvel-rivals,False,Nitrao_,pt,Marvel Rivals,DROPS 100% AQUI @lubuuu,"['Português', 'English', 'DropsAtivados']",[],False
1,2025-03-21 17:39,506,marvel-rivals,True,Dilascio_,pt,Marvel Rivals,(DROPS ON) GRIND DO CONTEÚDO !yt !pix,"['Português', 'Competitivo', 'Conversa', 'top500', 'overwatch', 'English', 'DropsAtivados']",[],False
1,2025-03-21 17:40,506,marvel-rivals,False,TvSerious,pt,Marvel Rivals,[drops] Chegamos BRAZEL! !roblox !giftcard !PIX,"['serious', 'smitebrasil', 'lgbtqia', 'Português', 'drops', 'MOBA', 'Cozy', 'cozygaming', 'Roguelike', 'Roguelite']",[],False
2,2025-03-21 17:50,496,overwatch-2,False,paka_fc,pt,Overwatch 2,DROPS ON FREJA!💙 TESTANDO PERSONAGEM NOVA !insta !discord !pix !loja,"['Português', 'Mulher', 'DropsAtivados']",[],False
2,2025-03-21 17:50,496,overwatch-2,False,Cooruja,pt,Overwatch 2,[!DROP FASTER] 5 LOOTBOX e !LendariaFREE !Sorteio LE SSERAFIM pra GERAL !Passefree,"['Autismo', 'TDAH', 'SafeSpace', 'Pai', 'Overwatch', 'Português', '4fun', 'DropsAtivados', 'OW2Season15', 'OW2Brasil']",[],False
2,2025-03-21 17:50,496,overwatch-2,False,poucaslives,pt,Overwatch 2,hoje proibido bloons 🚫,"['Português', 'DropsAtivados']",[],False
3,2025-03-21 18:00,331,fortnite,True,azusaftn,pt,Fortnite,Bora jogar randolili?,"['battle', 'royale', 'criativo', 'fortnite', 'jogos', 'Português']",[],False
3,2025-03-21 18:00,331,fortnite,False,LinaHall,pt,Fortnite,DIA 19- DESAFIO FORTNITE | USE O CÓDIGO LINAHALL NA LOJA,"['Português', 'games', 'gamer', 'Cosplay', 'cosplayer']",[],False
3,2025-03-21 18:00,331,fortnite,False,ponteirinhas97,pt,Fortnite,FORTNITE- JOGAR COM O CHAT,"['JogarComEspetadores', 'lojafortnite', 'Português']",[],False
4,2025-03-21 20:00,541,counter-strike,False,elChacalCS2,pt,Counter-Strike,INIMIGO DO PROFIT! PENEIRA DO PSYANDU !!!  !SORTEIO !YOUTUBE,"['skins', 'csskins', 'ranked', 'profit', 'Português']",['MatureGame'],False
4,2025-03-21 20:00,541,counter-strike,True,leoreis_cs,pt,Counter-Strike,em busca dele... 20 GC !PIX !venderskin,['Português'],['MatureGame'],False
4,2025-03-21 20:00,541,counter-strike,False,waveigl,pt,Counter-Strike,"+18 🔞 WAVEIGL ❤️ POLITICAMENTE CORRETO, O MIMIMI VENCEU. TESTANDO !TECLADO NOVO: WOOTING 60HE+",['Português'],"['MatureGame', 'ProfanityVulgarity']",False
5,2025-03-21 20:11,517,league-of-legends,False,ocontagia,pt,League of Legends,PALHAÇO CONTAGIA e a sexta-feira da ALEGRIA !comandos !desafio,"['lol', 'gameplay', 'jogando', 'conversando', 'palhaco', 'Brino', 'YoDa', 'leagueoflegends', 'portugues', 'ingles']",[],False
5,2025-03-21 20:11,517,league-of-legends,False,Retka_LoL,pt,League of Legends,Kayle suporte '-',"['Português', 'lesgueoflegends', 'conversando', 'Português', 'PortuguêsBR', 'Jogosmobile', 'justcchatting', 'justchattingandgaming', 'GamingVIBES', 'CasualStreaming']",[],False
5,2025-03-21 20:11,517,league-of-legends,False,Mylonzete,pt,League of Legends,2ª STREAM DO DIA 🔥 SoloQ + Reacts 😍 !PIX !BETBOOM !DISCORD !LOJA 2x pra subs,['Português'],[],False
6,2025-03-21 20:22,321,valorant,False,sacy,pt,VALORANT,CLOUD9 1x1 NRG - #VCTWatchParty,['Português'],[],False
6,2025-03-21 20:22,321,valorant,False,TcK10,pt,VALORANT,ESTREIA CLOUD9 vs NRG 🏆 !GROWTH 🏆 SIGA EM @TcK10 #VCTWatchParty,"['melhordomundo', 'radiante', 'incrível', 'valorant', 'Português']",[],False
6,2025-03-21 20:22,321,valorant,False,xxxpadawan,pt,VALORANT,SEXTOU !discord !pix !ig !tiktok,"['muie', 'idosa', 'loba', 'ruim', 'Português', 'valorant', 'deadbydaylight', 'fortnıte']","['ProfanityVulgarity', 'SexualThemes']",False
7,2025-03-22 00:00,490,roblox,True,OldManSurvivor,pt,ROBLOX,"🟢AO VIVO🟢COMEÇOU NOSSA CAMPANHA ROBLOX - BAIXE, INSTALE E JÁ CONFIRME AQUI NA LIVE SUA PARTICIPAÇÃO ❗ROBLOX❗PIX #Ad  #Sponsorship","['singleplay', 'multplayer', 'building', 'Nitrado', 'Português', 'RDR2RP', 'Roleplay', 'Sobrevivência']",[],False
7,2025-03-22 00:00,490,roblox,False,yTowak,pt,ROBLOX,🔴 O FIM! ITENS GRATIS FINAIS! EVENTO AO VIVO do FIM do THE HUNT MEGA EDITION do ROBLOX! ROBLOX LIVE,"['ytowak', 'ytowakgb', 'ytowaklive', 'Português', 'roblox']",[],False
7,2025-03-22 00:00,490,roblox,False,xxxpadawan,pt,ROBLOX,SEXTOU !discord !pix !ig !tiktok,"['muie', 'idosa', 'loba', 'ruim', 'Português', 'valorant', 'deadbydaylight', 'fortnıte']","['ProfanityVulgarity', 'SexualThemes']",False
8,2025-03-22 00:10,373,counter-strike,False,Saullo,pt,Counter-Strike,SORTEIO M9 BAIONETE de R$5.500 HOJE + DEPÓSITO NA CONTA DE VOCÊS + SORTEIO 100 DÓLARES (AO VIVO),"['Português', 'skinscsgo', 'CSGO', 'SORTEIO', 'PIX', 'SKINS', 'FPS', 'Brasil', 'CS2', 'cs2beta']",['MatureGame'],True
8,2025-03-22 00:10,373,counter-strike,True,waveigl,pt,Counter-Strike,"+18 🔞 WAVEIGL ❤️ POLITICAMENTE CORRETO, O MIMIMI VENCEU. TESTANDO !TECLADO NOVO: WOOTING 60HE+",['Português'],"['MatureGame', 'ProfanityVulgarity']",False
8,2025-03-22 00:10,373,counter-strike,False,coldzin,pt,Counter-Strike,🔥 SEXTOU COM COLDAO ft. @LUCAS1 @venomzeracs @bartinfps ❗raingg ❗csgoskins,['Português'],['MatureGame'],False
9,2025-03-22 00:18,570,grand-theft-auto-v,False,TheYuzuroEffect,pt,Grand Theft Auto V,[+18] Bora de GTA V: Enhanced ?,"['Português', 'Mulher', 'Ultrawide', 'GTAⅤ']",['MatureGame'],False
9,2025-03-22 00:18,570,grand-theft-auto-v,True,guitolive,pt,Grand Theft Auto V,sextou com surtinhosme | karmesin rp • !guitoeguto !sorteio • ✳️ !pix !apoie ☁️ !nuuvem 🛍️ !amazon 🔫 !fortnite,"['Português', 'Caricata', 'Gay', 'Beyoncé', 'Mãe', 'Discreta', 'TDAH', 'Gostosa']",['MatureGame'],False
9,2025-03-22 00:19,570,grand-theft-auto-v,False,Hayashii,pt,Grand Theft Auto V,SUJINHAS ENHANCED EDITION! | !BINGO !Imersão !Kaspersky !Monster !Pix | !SIMULTANEO,"['Português', 'Brasil', 'PvP', 'fps', 'cod', 'variedades']",['MatureGame'],False
10,2025-03-22 00:30,566,valorant,True,TakashiTS09,pt,VALORANT,gamegamegame,['Português'],['ProfanityVulgarity'],False
10,2025-03-22 00:30,566,valorant,False,NotXabllau,pt,VALORANT,Sextool se é que vc me entende ;),['Português'],[],False
10,2025-03-22 00:30,566,valorant,False,tiltadinhojoga,pt,VALORANT,FAMOSOS DO TOP 1 E 2  DO RADIANTE AO CONTRARIO,['Português'],[],False
11,2025-03-22 04:00,469,minecraft,False,EiMine24h,pt,Minecraft,✅ RECOMPENSAS ON! | ⭐ SEJA RÁPIDO E GANHE UMA CAPA DE GRAÇA: !CAPA | 💘 INSTAGRAM: @EIMINE77 | !ajuda !rerun !subgratis !loja,"['Português', 'Minecraft', 'EiMine', 'RecompensasEspetadores']",[],False
11,2025-03-22 04:00,469,minecraft,False,EiMine77,pt,Minecraft,✅ RECOMPENSAS ON! | ⭐ SEJA RÁPIDO E GANHE UMA CAPA DE GRAÇA: !CAPA | 💘 INSTAGRAM: @EIMINE77 | !ajuda !rerun !sub !subgratis !loja,"['Minecraft', 'EiMine', 'Português', 'RecompensasEspetadores']",[],False
11,2025-03-22 04:00,469,minecraft,False,sam_xtreme,pt,Minecraft,⚡ O Subathon tá ON e a diversão tá só começando! Vem jogar e se divertir comigo. !Discord !Pix !Social !Sr,"['Português', 'RecompensasEspetadores']",[],False
12,2025-03-22 04:10,400,valorant,True,loma_sz,pt,VALORANT,valorant+18 !pix !comandos !clip !discord,"['gamer', 'VALORANＴ', 'Mulher', 'Português']",[],False
12,2025-03-22 04:11,400,valorant,False,LiviRJ,pt,VALORANT,vavazin de cria,"['Reposição', 'Português']",[],False
12,2025-03-22 04:11,400,valorant,False,naju_duarte,pt,VALORANT,Bora de vavazaun? comandos: !elo !periféricos  !pc !instagram !tiktok !sensi !nick !pix !designer !coach !discord / VALORANT,"['Português', 'fifine', 'valorantcompetetive', 'VALORANＴ', 'reacts', 'valorant']",[],False
13,2025-03-22 04:19,500,fortnite,False,Melizy7x,pt,Fortnite,TESTANDO MEU MAPA DE ZONE WARS!  0785-5435-7072 | 🏆 USE CODE MELIZY #ad !pix !dc,"['Português', 'FortniteRanked', '1v1', 'Fortnite']",[],False
13,2025-03-22 04:19,500,fortnite,True,iShadowWolf_,pt,Fortnite,(+18) Livezinha Muito Doida!   ||   (❗comandos ❗metas ❗drops)   ||   (Epic Code: SHADOWOLF),['Português'],[],False
13,2025-03-22 04:19,500,fortnite,False,Rochanzin,pt,Fortnite,GRIND BORA l USE CODE ROCHAN #ad !add !exitlag !livepix,"['Português', 'Rochanzin', 'rochan', 'fortnite', 'rankedfortnite']",[],False
14,2025-03-22 08:00,538,valorant,False,Tixinhadois,pt,VALORANT,T1 0x0 ZETA - #VCTWatchParty - !adamantiun !loco !kaspersky,"['Português', 'valorant', 'Tixinha', 'cypher', 'valorantbr']",[],False
14,2025-03-22 08:00,538,valorant,True,tooug,pt,VALORANT,RADIANTE grind🥶 40% HS main DEADLOCK 🥶 STELLAE tooug !insta !pix,['Português'],[],False
14,2025-03-22 08:00,538,valorant,False,naju_duarte,pt,VALORANT,Bora de vavazaun? comandos: !elo !periféricos  !pc !instagram !tiktok !sensi !nick !pix !designer !coach !discord / VALORANT,"['Português', 'fifine', 'valorantcompetetive', 'VALORANＴ', 'reacts', 'valorant']",[],False
15,2025-03-22 08:11,454,overwatch-2,True,pirangueirah,pt,Overwatch 2,[+18] Jogando de Freja ❤️,"['LGBTQIAMais', 'Português', 'kekel', 'Ele', 'Ela', 'deadbbydaylight', 'fortinite', 'DropsAtivados']",[],False
15,2025-03-22 08:11,454,overwatch-2,False,TomateDoMaU,pt,Overwatch 2,| Boneca nova ta meio esquisita | !pix !nada !Discord,"['Português', 'DropsAtivados']",[],False
15,2025-03-22 08:11,454,overwatch-2,False,Cooruja,pt,Overwatch 2,[!DROP FASTER] 5 LOOTBOX e !LendariaFREE !Sorteio LE SSERAFIM pra GERAL !Eternus !Passefree,"['Autismo', 'TDAH', 'SafeSpace', 'Pai', 'Overwatch', 'Português', '4fun', 'OW2Season15', 'OW2Brasil', 'DropsAtivados']",[],False
16,2025-03-22 08:21,415,minecraft,False,gugahell,pt,Minecraft,⏰LIVE DE 24 HORAS⏰ ❗agenda ❗pix ❗insta,"['Português', 'conversa', 'humor', 'comédia', 'Casual', 'Brasil', 'drops', 'Dropshabilitados', 'RecompensasEspetadores']",[],True
16,2025-03-22 08:21,415,minecraft,True,EiMine77,pt,Minecraft,✅ RECOMPENSAS ON! | ⭐ SEJA RÁPIDO E GANHE UMA CAPA DE GRAÇA: !CAPA | 💘 INSTAGRAM: @EIMINE77 | !ajuda !rerun !sub !subgratis !loja,"['Minecraft', 'EiMine', 'Português', 'RecompensasEspetadores']",[],False
16,2025-03-22 08:21,415,minecraft,False,TioKaMMa,pt,Minecraft,"[50+] LIVE #008 Ep#08/2025 - MINECRAFT Dos Velhinhos das Canelas Finas | TioKaMMa, o BiRRenTo IDOSO | 59 Years Old!","['Português', 'lostark', 'oscaridosos', 'TioKaMMa', 'RecompensasEspetadores']",[],False
17,2025-03-22 08:29,337,fortnite,False,biahgame10,pt,Fortnite,💥Jogando  com chat💥!Loja !Points ) (+18) ❗️epic - ❗️livepix - ❗️instagram - ❗️USE O CODE BIAHGAME_1993,"['fortnıte', 'hype', 'fortnitemega', 'epicgames', 'Positivity', 'battleroyale', 'Português', 'farlight84brasil', 'callofdragons', 'tiktok']",[],False
17,2025-03-22 08:29,337,fortnite,False,mubneto,pt,Fortnite,Maior canal LGBT America Latrina com Gandalf Live +18,"['fortnitegame', 'fortinitebattleroyale', 'FortniteEpicgames', 'tiro', 'sonaconversa', 'Português', 'LGBT', 'English', 'starwars', 'warcraft']",['SexualThemes'],False
17,2025-03-22 08:30,337,fortnite,False,maahmurollo,pt,Fortnite,fortnitezinho  🔥 ❤️ ❗JOGAR ❗LOJA  FARM V-BUCKS ASSISTINDO A LIVE   MUROLLO #ad,"['gamer', 'Português', 'Fortnite', 'ZeroBuild', 'battleroyale', 'Reposição']",[],True
18,2025-03-22 08:37,565,counter-strike,False,vovo_grobau,pt,Counter-Strike,"🔥Sorteio de skins na live do vovô! 🎮 Entre na bagunça participe: ❗cupom, ❗sorteio, ❗musica ❗gruporifa ❗luva","['Português', 'CS2', 'counterstrike', 'fps', 'jogosdetiros', 'cs', 'sorteio', 'resenha', 'skins', 'sorteiodeskins']","['DrugsIntoxication', 'Gambling', 'MatureGame', 'ProfanityVulgarity', 'SexualThemes', 'ViolentGraphic']",False
18,2025-03-22 08:37,565,counter-strike,False,Gaules,pt,Counter-Strike,Dia 4 Furia e Imperial em Campo Blast Open Lisboa 2025 - !socio - Siga @Gaules nas redes sociais! #AGONBYAOCBR #AOCGaming @AgonByAOCBR,['Português'],['MatureGame'],True
18,2025-03-22 08:37,565,counter-strike,False,brenotheodoro,pt,Counter-Strike,SABADOUUU!!! SORTEIO > 4 FACAS | Sorteio basta interajar | !livepix | !csgoskins | !msg | !loja | !strive | !kaspersky,"['Português', 'CS2', 'fps']",['MatureGame'],False
19,2025-03-22 12:00,545,valorant,True,eusamanta,pt,VALORANT,LIVE DE SÁBADO: bora jogar e papear?,['Português'],[],False
19,2025-03-22 12:00,545,valorant,False,furq,pt,VALORANT,resenha !farmskins !pix !tapamassagem !bonoxs,"['FPS', 'Português', 'valorant', 'radiante']",[],False
19,2025-03-22 12:00,545,valorant,False,lulavlr,pt,VALORANT,MELHOR CHAMBER DO MUNDO RUMO AO TOP 1 |  ❗monitor❗saga❗pix,"['Português', 'valorant', 'chamber', 'TryhardGameplay', 'holidayhoopla']",[],False
20,2025-03-22 12:11,431,marvel-rivals,True,TioWillShow,pt,Marvel Rivals,[+18] [PT/ENG] TIO WILL vs. O 281º DIA DO !SUBATHON INFINITO - !PIX !ROLADA,"['Português', 'Autismo', 'TDAH', 'furry', 'Calvo', 'palhaxota', 'Autista', 'DropsAtivados']",['ProfanityVulgarity'],False
20,2025-03-22 12:11,431,marvel-rivals,False,pepeu1,pt,Marvel Rivals,CELESTIAL NA MAIN,"['Português', 'DropsAtivados']",[],False
20,2025-03-22 12:11,431,marvel-rivals,False,EdigasZ,pt,Marvel Rivals,EH O MIRANHA??? | !tiktok !youtube,"['Português', 'DropsAtivados']",[],False
21,2025-03-22 12:20,453,ea-sports-fc-25,False,Souto27,pt,EA Sports FC 25,🏆🎮 FPF TAÇA DA COMUNIDADE WB 5.º JOGO VS Tonydesree13 + FUT CHAMPIONS 🔴🏆 || !tip !kits !flashfutties,"['Português', 'WL', 'rivals', 'packs', 'futchampions', 'ultimateteam', 'fifa', 'Futebol', 'FutebolVirtual']",[],False
21,2025-03-22 12:20,453,ea-sports-fc-25,True,oBruxoFut,pt,EA Sports FC 25,✨ a melhor live da minha vida - GULLIT VAI CHEGAR E O SONHO CONTINUA❗️tatica ❗️st ❗️lurdinha,"['Português', 'muitoelegante', 'charmoso', 'bonito', 'inteligente', 'carismático', 'educado', 'proplayer', 'futebol', 'fitness']",[],False
21,2025-03-22 12:20,453,ea-sports-fc-25,False,paivinha29,pt,EA Sports FC 25,RONALDO CHEGOU PRA WL DO BRASFUT+ HYPE DAS 15   PACKS  !CURSO  !COINS  !TRUST  !TRADE,"['Português', 'paivinha29', 'Futebol', 'entretenimiento']",[],False
22,2025-03-22 16:00,584,league-of-legends,False,LivinhaSayuri,pt,League of Legends,FERRO JOGANDO NO MESTRE!,"['gameplay', 'soloq', 'Português', 'prata', 'bronze', 'Challenger', 'mulher', 'soraka', 'suporte', 'japonesa']",[],False
22,2025-03-22 16:00,584,league-of-legends,True,nako,pt,League of Legends,SEASON 15 - OTP MASTER YI - ESMERALDA >> MASTER/GM - FOCADO TRYHARD | !desafio !youtube,"['Português', 'English', 'M', 'A', 'S', 'T', 'E', 'R', 'Y', 'I']",[],False
22,2025-03-22 16:00,584,league-of-legends,False,Baiano,pt,League of Legends,🟢 LOS RATONES 3 x 0 PHANTASMA | EMEA MASTERS - SEMIFINAL 🟢🌴 !status !grupo !bb !kbmidl,['Português'],[],False
23,2025-03-22 16:12,456,sea-of-thieves,False,WesleyCaribe,pt,Sea of Thieves,🇧🇷🇵🇹🏴‍☠️Fim de Semana da Comunidade!,"['Português', 'DropsAtivados']",[],False
23,2025-03-22 16:12,456,sea-of-thieves,False,DorSmiley,pt,Sea of Thieves,🟢Drops on|  Pulheta  | Parceiro do @lendasdomar e CSoTBR !Comandos !drops !tdm,"['Ação', 'Aventura', 'Comédia', 'Português', 'Xingamentos', 'seaofthieves', 'PvEPvP', 'SoTPvp', 'seaofthieveseason15', 'aloneinthedark']",['ProfanityVulgarity'],False
23,2025-03-22 16:12,456,sea-of-thieves,False,INyx_Moon,pt,Sea of Thieves,[DROPS] Evento da comunidade no Sea,"['Português', 'JogosVariados', 'Mulher', 'divertido', 'Coop', 'DropsAtivados', 'PvPvE']",[],False
24,2025-03-22 16:21,574,the-sims-4,False,MistressLana,pt,The Sims 4,Bora hoje  GOAL PUSH! +18  | IRL !store !lojinha 100bits=1USD,"['mulher', 'brazil', 'portuguese', 'irl', 'friendzone', 'interactive', 'lurkerfriendly', 'chat', 'Português', 'ADHD']",[],False
24,2025-03-22 16:21,574,the-sims-4,True,Midical_,pt,The Sims 4,Temos uma cafeteria fofa de gatos,"['simulação', 'mulher', 'Português']",[],False
24,2025-03-22 16:21,574,the-sims-4,False,darkpxisdead,pt,The Sims 4,SUBATHOM OBSCURO: Dia 3 🖤!subathon !pix,"['alternativo', 'Garota', 'Gameplays', 'Sarcasmo', 'Terror', 'emo', 'gotica', 'sombrio', 'humor', 'Português']",['ProfanityVulgarity'],False
25,2025-03-22 20:00,459,overwatch-2,False,MORGANITA,pt,Overwatch 2,meu ow2 moreu,"['Competitivo', 'Português', 'PlayingwithViewers', 'ConversandoComOChat', 'Casual', 'CasualPlaytrough', 'DropsAtivados']",[],False
25,2025-03-22 20:00,459,overwatch-2,False,nottblackk,pt,Overwatch 2,que Deus perdoe essas pessoas ruins !pix !clip !lurk,"['Português', 'overwatch', 'Widowmaker', 'Competitivo', 'DropsAtivados']",[],False
25,2025-03-22 20:00,459,overwatch-2,False,Cooruja,pt,Overwatch 2,[!DROP FASTER] 5 LOOTBOX e !LendariaFREE !Sorteio LE SSERAFIM pra GERAL !Eternus !Passefree,"['Autismo', 'TDAH', 'SafeSpace', 'Pai', 'Overwatch', 'Português', '4fun', 'OW2Season15', 'OW2Brasil', 'DropsAtivados']",[],False
26,2025-03-22 20:10,379,sea-of-thieves,False,PirataKanku,pt,Sea of Thieves,(+18) PIRATA NO MAR DE PIRATAS PIRATEANDO OUTROS PIRATAS - !mastro (32/280),"['Roleplay', 'PC', 'Brazil', 'Moba', 'Tibia', 'Português']",['ViolentGraphic'],True
26,2025-03-22 20:10,379,sea-of-thieves,False,DorSmiley,pt,Sea of Thieves,🟢Drops on|  Pulheta  | Parceiro do @lendasdomar e CSoTBR !Comandos !drops !tdm,"['Ação', 'Aventura', 'Comédia', 'Português', 'Xingamentos', 'seaofthieves', 'PvEPvP', 'SoTPvp', 'seaofthieveseason15', 'aloneinthedark']",['ProfanityVulgarity'],False
26,2025-03-22 20:10,379,sea-of-thieves,False,LendasDoMar,pt,Sea of Thieves,"⭐Hoje pega 500 se Deus quiser, DROPS On | !Lendas","['seaofthieves', 'navalgame', 'streamers', 'brazil', 'community', 'seaofthievescommunity', 'seaofstars', 'lendasdomar', 'Português', 'DropsAtivados']",[],False
27,2025-03-22 20:18,538,marvel-rivals,True,marcusowl,pt,Marvel Rivals,sou o melhor main sup da minha casa !pix,"['Brasil', 'PvP', 'Português', 'Diversão', 'fps', 'Overｗatch2', 'Português', 'marvelrivals', 'DropsAtivados']",['ProfanityVulgarity'],False
27,2025-03-22 20:18,538,marvel-rivals,False,light_g4mer,pt,Marvel Rivals,[PT] 👀 Jogatina de sábado à noite!!! 👀 !sworn !sr !loja,"['Vtuber', 'Portugal', 'VtuberPT', 'fofo', 'Vtuber2D', 'Vtuber2Dpt', 'Português', 'engraçado', 'JogarComEspetadores', 'terror']",[],False
27,2025-03-22 20:18,538,marvel-rivals,False,Reiduardo,pt,Marvel Rivals,Bagunça Plays e outras historias,"['LGBTQIAPlus', 'Relax', 'PRIME', 'Brasil', 'Português', 'Jogadacasual', 'jogandocomamigos', 'EspaçoSeguro', 'DropsAtivados']",[],False
0,2025-03-24 16:57,504,counter-strike,False,waveigl,pt,Counter-Strike,"+18 🔞 WAVEIGL ❤️POLITICAMENTE CORRETO, O MIMIMI VENCEU.",['Português'],"['MatureGame', 'ProfanityVulgarity']",False
0,2025-03-24 16:57,504,counter-strike,False,avndeus,pt,Counter-Strike,🟢 JOGANDO COM O CHAT + SORTEIO DE SKINS  !skinsvip !ggdrop !loja !comandos,"['CS2', 'cs2faceit', 'ga', 'gamersclubcs', 'Português']",['MatureGame'],False
0,2025-03-24 16:57,504,counter-strike,False,Gaules,pt,Counter-Strike,Dia 6 Blast Open Lisboa 2025 - !socio - Siga @Gaules nas redes sociais! #AGONBYAOCBR #AOCGaming @AgonByAOCBR,['Português'],['MatureGame'],True
1,2025-03-24 17:07,523,valorant,True,sacy,pt,VALORANT,mibr Sacy - RANKEDS DUO @fpsBAO - !pix !noping !mibr !csgoskins,['Português'],[],False
1,2025-03-24 17:07,523,valorant,False,ingridysant_,pt,VALORANT,SENSI NOVA ELO NOVO 🤗❕Meta ❕Bits ❕Pix ❕Loja  ❕Wishlist ❕Amazon ❕Zap    -> siga @ingridysant_ nas redes sociais,"['fps', 'lgbtqia', 'DropsAtivos', 'Justchatting', 'mulher', 'Português', 'LGBTQIAAlly']",[],False
1,2025-03-24 17:07,523,valorant,False,lacteameufii,pt,VALORANT,Lacteameufi esta de volta para as lives,['Português'],[],False
2,2025-03-24 17:18,593,fortnite,False,letiltz,pt,Fortnite,VOLTEI | USE O CÓDIGO LETILTZ NA LOJA,"['Português', 'fortinte', 'SafeSpace', 'Jogandocomespectadores']",[],False
2,2025-03-24 17:18,593,fortnite,True,beletz_,pt,Fortnite,SUBATHON DIA 3🔥JOGANDO FORTNITE COM O CHAT ♡ USE O CODE: BELETZ🩵❗sub❗pix ❗code,"['portugues', 'fortnite', 'fortnitetrocacao', 'stream', 'Português', 'girlgamers']",[],False
2,2025-03-24 17:18,593,fortnite,False,suetam1v4,pt,Fortnite,CASH CUP SOLO FINALS | !PIX,['Português'],[],False
3,2025-03-24 20:00,426,marvel-rivals,False,JackSTRIPAA,pt,Marvel Rivals,Marvel Rivals SegundoU !pix Siga @JackSTRIPAA nas redes sociais.,"['Portugues', 'jogosonline', 'multiplayers', 'PｖP', 'RPGMMO', 'MuOnline', 'Nostalgia', 'nostalgiagames', 'Português', 'DropsAtivados']",['ProfanityVulgarity'],False
3,2025-03-24 20:00,426,marvel-rivals,False,MarvelRivalsBrazuka,pt,Marvel Rivals,Donos do Rivals com convidado | Marvel Rivals Brasil | 🔥 !loja,"['ConversaFiada', 'Português', 'marvel', 'marvelrivals', 'MarvelRivalsPartner', 'Ranked', 'Competitivo', 'DropsAtivados']",[],False
3,2025-03-24 20:00,426,marvel-rivals,False,giovanewonka,pt,Marvel Rivals,SAW YOUR FACE AND MINE |❗sub ❗sr ❗donate ❗sorteio ❗clip ❗comandos,"['lgbt', 'gay', 'qiyana', 'vex', 'emo', 'Português', 'gaymer', 'SafeSpace', 'DropsAtivados']",[],False
4,2025-03-24 20:09,413,fortnite,True,simoesgm,pt,Fortnite,NOVO STRAGER CITY OG/ JOGANDO COM A GALERA,['Português'],[],False
4,2025-03-24 20:09,413,fortnite,False,seacaos1,pt,Fortnite,Oieee chatt ✨| ft. @gokuzera4all ✨!Pix | !wishlist  !Donate |✨,"['interação', 'Português', 'Fortnite', 'Brasil', 'fps', 'Ranked', 'Jogandocomespectadores', 'react', 'gamergirl']",[],False
4,2025-03-24 20:09,413,fortnite,False,HadokenEx,pt,Fortnite,CABOU SUBATHON !pix ✦ !sr ✦,"['Português', 'gameplay', 'react', 'chatting', 'Fortnite', 'Flamengo', 'LGBTQIAPlus', 'Retro']",[],False
5,2025-03-24 20:19,488,roblox,False,VickRibeiro,pt,ROBLOX,Vava + LEGO mais tarde l !soundalerts !elo !insta !tinder,"['Português', 'Mulher', 'LGBTQA', 'Inglês', 'jogos', 'conversa', 'fps', 'girlsplaying']",[],False
5,2025-03-24 20:19,488,roblox,False,LucasRoxGames,pt,ROBLOX,🥰 CAMPANHA DO ROBLOX ONLINE • VEM PARTICIPAR 🥰 | !ROBLOX | !PIX | !SG | !SUB | !ROX | !IOX | @LucasRoxGames,"['crypto', 'minecraft', 'roblox', 'garticphone', 'desenhos', 'Surdomudo', 'Português', 'lucasroxgames', 'interação', 'conversa']",[],False
5,2025-03-24 20:19,488,roblox,False,Vanilian,pt,ROBLOX,JOGANDO ROBLOX COM O CHAT!! VEM JOGAR COM A GENTE!! | !metas | !PIX | !regras | !loja | !iox,"['DIvertido', 'casual', 'Interativo', 'Amigáveis', 'Português', 'DicçãoRuim', 'caos', 'animado', 'RespondsToChat', 'conselhos']",[],False
6,2025-03-24 20:29,437,sea-of-thieves,False,dede_gamer0,pt,Sea of Thieves,GAMER PLAY # SEA OF TRIEVES #VAMOS VELEJA MARUJOS !!! #COMANDO !SR PARA MUSICA,"['Português', 'DropsAtivados']",[],False
6,2025-03-24 20:29,437,sea-of-thieves,False,ofernandomaidana,pt,Sea of Thieves,🟢🟡DROPS🟡🟢 SEGUNDOU EM ALTO MAR  !cmd !playlist,"['Português', 'seaofthieves', 'pirata', 'SongRequests', 'songrequest', 'SeaOfThievesPartner', 'SeaofThievesgameplay', 'English', 'DropsAtivados']",[],False
6,2025-03-24 20:29,437,sea-of-thieves,False,Ishiro_Oninawa,pt,Sea of Thieves,DROPS ON! Sea of Thieves com a trupe!,"['Português', 'DropsAtivados']",['ProfanityVulgarity'],False
7,2025-03-25 00:00,568,minecraft,True,EiMine77,pt,Minecraft,✅ RECOMPENSAS ON! | ⭐ SEJA RÁPIDO E GANHE UMA CAPA DE GRAÇA: !CAPA | 💘 INSTAGRAM: @EIMINE77 | !ajuda !rerun !sub !subgratis !loja,"['Minecraft', 'EiMine', 'Português', 'RecompensasEspetadores']",[],False
7,2025-03-25 00:00,568,minecraft,False,DanriqueTW,pt,Minecraft,GRAVANDO CIDADE MECÂNICA EP 9 COM @nofaxu !host !cobblemon,"['Português', 'RecompensasEspetadores']",[],False
7,2025-03-25 00:00,568,minecraft,False,mathg,pt,Minecraft,Eu sou Matheus Negreira !CLASH,"['Português', 'English', 'RecompensasEspetadores']",[],False
8,2025-03-25 00:12,559,roblox,False,NotXabllau,pt,ROBLOX,Segundooou,['Português'],[],False
8,2025-03-25 00:12,559,roblox,True,Praxt_,pt,ROBLOX,BLOX BLOX BLOX  |  JOGANDO COM O CHAT @praxt_ !sociais,"['Português', 'Fortnite', 'vbucks', 'AMA', 'PlayingwWithViewers', 'SeiosFartos', 'regras', 'LGBT', 'ＬＯＬ']",[],False
8,2025-03-25 00:12,559,roblox,False,arthurbxd7_,pt,ROBLOX,live de bandido vem 🤟🐐 | !pix !sociais !regras !tiktok,"['Português', 'leagueoflegeneds', 'Gostoso', 'riodejaneiro', 'alanzoka', 'goodevibes']",[],False
9,2025-03-25 00:23,455,overwatch-2,True,Vmendes926,pt,Overwatch 2,"OVERWATCH 2, ENTRA AÍ!","['Português', 'DropsAtivados']",[],False
9,2025-03-25 00:23,455,overwatch-2,False,Cooruja,pt,Overwatch 2,[ !DROP Faster] 5 Lootbox free! !Sorteio LESSERAFIM e !LendariaFree !eternus !Passefree,"['Autismo', 'TDAH', 'SafeSpace', 'Pai', 'Overwatch', 'Português', '4fun', 'OW2Season15', 'OW2Brasil', 'DropsAtivados']",[],False
9,2025-03-25 00:23,455,overwatch-2,False,AdriaKSG,pt,Overwatch 2,[DROPS] 6x6 Rankeds omg !gato !cat,"['Português', 'TDAH', 'ADHD', 'English', 'NotAimPlayer', 'girl', 'AimTraining', 'SocialAnxiety', 'DropsAtivados']",[],False
10,2025-03-25 00:32,587,league-of-legends,False,pirangueirah,pt,League of Legends,[+18] Arena  ❤️,"['LGBTQIAMais', 'Português', 'kekel', 'Ele', 'Ela', 'deadbbydaylight', 'fortinite']",[],False
10,2025-03-25 00:32,587,league-of-legends,True,KamiKat,pt,League of Legends,LEAGUE OF LEGENDS BR CHALLEnGER - !pix !elo !pro !runa,"['Português', 'LGBT', 'gaymer', 'Gay', 'Aposentado', 'leagueoflegends', 'twinkativo', 'Smolder']",[],False
10,2025-03-25 00:32,587,league-of-legends,False,Hanninhalol,pt,League of Legends,oiiiiiiiiiiiiii  !growth !insta !pix !pau,['Português'],[],False
11,2025-03-25 00:44,362,marvel-rivals,True,noobzinhavs,pt,Marvel Rivals,DROPS ON>Lives Seg a SAB às20h],"['Português', 'dixlecia', 'DropsAtivados']",[],False
11,2025-03-25 00:44,362,marvel-rivals,False,Mimin_Yang,pt,Marvel Rivals,[PT/EN] wiii!!! ❗clip❗comandos,"['PortuguêsBR', 'English', 'Português', 'vtuber', 'VtuberBR', 'Drop', 'vrchat', 'DropsAtivados']",[],False
11,2025-03-25 00:44,362,marvel-rivals,False,Tixinhadois,pt,Marvel Rivals,DROPS ON. GRIND MÁXIMO - !loco !adamantium !kaspersky,"['Português', 'valorant', 'Tixinha', 'cypher', 'valorantbr', 'DropsAtivados']",[],False
12,2025-03-25 04:00,562,grand-theft-auto-v,True,TheYuzuroEffect,pt,Grand Theft Auto V,[+18] Jogando com amigos | GTA V: Enhanced,"['Português', 'Mulher', 'Ultrawide', 'GTAⅤ']",['MatureGame'],False
12,2025-03-25 04:00,562,grand-theft-auto-v,False,loud_coringa,pt,Grand Theft Auto V,MADRUGADINHA CLANDESTINA COM CHAT,['Português'],['MatureGame'],False
12,2025-03-25 04:00,562,grand-theft-auto-v,False,Pantera,pt,Grand Theft Auto V,🦇 oi  - !sub !pix,['Português'],"['MatureGame', 'ProfanityVulgarity']",False
13,2025-03-25 04:12,534,league-of-legends,False,cadumaverick20,pt,League of Legends,🟢 [PT-BR] Análise de partidas e SoloQ,"['Português', 'lol']",[],False
13,2025-03-25 04:12,534,league-of-legends,False,lKushinna,pt,League of Legends,oioi meus amores!! <3,"['Kushinna', 'LOL', 'Fortnite', 'Portugues', 'Português']",[],False
13,2025-03-25 04:12,534,league-of-legends,False,ClovaoBengala,pt,League of Legends,LIVE DIA 25/03 NA LOUCURA MENTAL !rag !pix !ad !social !youtube,"['Português', 'League', 'leagueoflegeneds', 'lol', 'jogos']",[],True
14,2025-03-25 04:22,412,marvel-rivals,False,ckgeek,pt,Marvel Rivals,"HOJE VAI, MAIS UM DIA FALANDO ISSO KKKK ✅RERUN✅","['Português', 'DropsAtivados']",[],False
14,2025-03-25 04:22,412,marvel-rivals,False,Bastet,pt,Marvel Rivals,✩₊˚.⋆☾⋆⁺₊✧ Celestial rumo a ETERIDADE ✩₊˚.⋆☾⋆⁺₊✧   SUBASTETON DIA 213 !sub !pix !sociais,"['Português', 'DropsAtivados']",[],False
14,2025-03-25 04:22,412,marvel-rivals,False,frttt,pt,Marvel Rivals,🟢💚AO VIVO - MARCELO RIVALDO - !curso !aulas,"['Português', 'DropsAtivados']",[],False
15,2025-03-25 08:01,349,grand-theft-auto-v,False,iMarianaPit,pt,Grand Theft Auto V,"[ +18 ] PLF + LADO LESTE ❗️ BOM DIA ❗️ 00 DA ALEMANHA, !cidade !pix !sub !codiguin","['English', 'girlgamers', 'ＧTA5', 'Português', 'fivem', 'Alemanha', 'LadoLesteRP', 'ladolesteroleplay', 'ladolestept2', 'tropadaalemanha']",['MatureGame'],False
15,2025-03-25 08:02,349,grand-theft-auto-v,True,hazaprp,pt,Grand Theft Auto V,+18 PRODIGY RP - GUN LORD? pt 2 🥷🏿 - !LIVEPIX !PRODIGY,"['RP', 'Português', 'ProdigyRP']",['MatureGame'],False
15,2025-03-25 08:02,349,grand-theft-auto-v,False,PmaKill,pt,Grand Theft Auto V,-[+18] DAY 29| |Prodigy RP | Pablito Gomes e as suas aventuras! A adorar o server Prodigy RP! With  @chill_tv,"['Português', 'playingwithjviewers', 'gaming', 'men', '420FriendlyStreamer', 'suupport']","['DrugsIntoxication', 'MatureGame', 'ProfanityVulgarity', 'ViolentGraphic']",False
16,2025-03-25 08:09,478,minecraft,False,EiMine77,pt,Minecraft,✅ RECOMPENSAS ON! | ⭐ SEJA RÁPIDO E GANHE UMA CAPA DE GRAÇA: !CAPA | 💘 INSTAGRAM: @EIMINE77 | !ajuda !rerun !sub !subgratis !loja,"['Minecraft', 'EiMine', 'Português', 'RecompensasEspetadores']",[],False
16,2025-03-25 08:09,478,minecraft,False,ZAKl1k,pt,Minecraft,🟢 MINECRAFT | ⭐ GANHE ASSISTINDO | 🌟 REESTOQUE DIA 10 ou 16 às 18h | !loja !points !prime !sub,"['Português', 'Minecraft', 'RecompensasEspetadores']",[],False
16,2025-03-25 08:09,478,minecraft,False,DexterHQ,pt,Minecraft,>>DROP CAPA- HARDCORE 1.21.4 8100+ DIAS SEM TOTEM !capa !codigo !tiktok !insta,"['hardcore', 'hardmode', 'sobrevivencia', 'semtotem', 'construir', 'Farming', 'Português', 'minecraft', 'EventosEspeciales', 'minecraftlive']",[],False
17,2025-03-25 08:19,418,overwatch-2,True,MarshallQuinnzel,pt,Overwatch 2,Vam tentar dnv ?,"['Grandmaster', 'LGBT', 'saúdemental', 'Português', 'Dragon', 'Furry', 'Ana', 'Baptiste', 'Kiriko', 'DropsAtivados']",['ProfanityVulgarity'],False
17,2025-03-25 08:19,418,overwatch-2,False,mihzavati,pt,Overwatch 2,(Drops on) bora de gameplay duvidosa ? kkk Bom diaaa 🙂🙂❤️🎮🎮,"['Português', 'FortniteTV', 'mulhertrans', 'LGBTQ', 'girl', 'GamerRage', 'DropsAtivados']",[],False
17,2025-03-25 08:19,418,overwatch-2,False,Cooruja,pt,Overwatch 2,[ !DROP Faster] 5 Lootbox free! !Sorteio LESSERAFIM e !LendariaFree !eternus !Passefree,"['Autismo', 'TDAH', 'SafeSpace', 'Pai', 'Overwatch', 'Português', '4fun', 'OW2Season15', 'OW2Brasil', 'DropsAtivados']",[],False
18,2025-03-25 12:00,336,the-sims-4,True,SteLinS2,pt,The Sims 4,[Vtuber] Uma gameplay de leve... | +16 | !comandos,"['Português', 'Vtuber', 'VtuberBR', 'girl', 'Waifu', 'BR', 'chill', 'conversa', 'Mulher', 'subathon']",[],False
18,2025-03-25 12:00,336,the-sims-4,False,Quel,pt,The Sims 4,⁎⁺✧ the sims 4 + inZOI acesso antecipado ✧⁺⁎,"['Brasil', 'Mulher', 'girl', 'jovem', 'SubtitlesOn', 'subtitles', 'chill', 'Cozy', 'wholesome', 'Português']",[],False
18,2025-03-25 12:01,336,the-sims-4,False,moggville,pt,The Sims 4,✨(+18) jogatina tranquilis da terça,"['SafeSpace', 'LGBT', 'Amigos', 'Friends', 'Português']",['ProfanityVulgarity'],False
19,2025-03-25 12:08,448,league-of-legends,False,revysesh,pt,League of Legends,🫨,"['LOL', 'Português', 'yuumi', 'leagueoflegends', 'zed', 'Talon', 'Katarina', 'peel', 'Janna', 'Assassin']",[],False
19,2025-03-25 12:08,448,league-of-legends,True,YoDa,pt,League of Legends,TAMO SUBINDO,['Português'],[],False
19,2025-03-25 12:08,448,league-of-legends,False,AmandaSayurii_,pt,League of Legends,LIVE DE UMA PESSOA NORMAL  || !loja !mimos !parceiros,"['LetsPlay', 'Multijogador', 'Conversar', 'Português', 'Inglês', 'Japonesa', 'WoW', 'Fortnite', 'LeagueOfLegends', 'TFT']",[],False
0,2025-03-25 16:01,564,counter-strike,False,avndeus,pt,Counter-Strike,🟢 LOJA TOTALMENTE RENOVADA - (SUB FARM 4X) !skinsvip !ggdrop !loja !sorteio,"['CS2', 'cs2faceit', 'ga', 'gamersclubcs', 'Português']",['MatureGame'],False
0,2025-03-25 16:01,564,counter-strike,True,barr4k,pt,Counter-Strike,"🟢 STREAMER LEVEL 20 GC 🔥🔥🔥 !PLAY = R$250,00 SORTEIOS TODA PARTIDA -> MEGA !SORTEIO !MENSAL !CSGOBIG R$4.114,52 -> COMPRO SUAS !SKINS","['Português', 'Compre', 'Na', 'Zenith', 'Clothing']",['MatureGame'],True
0,2025-03-25 16:01,564,counter-strike,False,VampiraFPS,pt,Counter-Strike,SORTEIO > LOBBY @faceittv !MIMO !PRESENTE,"['CSGO', 'fps', 'GIRL', 'GAMERGIRL', 'GamersClub', 'GC', 'NovaGG', 'Português', 'faceit', 'Reposição']",['MatureGame'],False
1,2025-03-25 16:13,551,valorant,False,sacy,pt,VALORANT,mibr Sacy - RANKEDS DUO @fpsBAO - !pix !noping !mibr !csgoskins,['Português'],[],False
1,2025-03-25 16:13,551,valorant,False,loma_sz,pt,VALORANT,valorant+18 !pix !comandos !clip !discord,"['gamer', 'VALORANＴ', 'Mulher', 'Português']",[],False
1,2025-03-25 16:13,551,valorant,False,TcK10,pt,VALORANT,C9 TCKU HOJE É UM DIA DE SURPRESAS 🏆 !SUPERBET 🏆 !GROWTH 🏆 SIGA EM @TcK10,"['melhordomundo', 'radiante', 'incrível', 'valorant', 'Português']",[],False
2,2025-03-25 16:25,527,grand-theft-auto-v,False,duhbolado,pt,Grand Theft Auto V,[PT/BR] +18 | Segue noix | 4Life | Bolatus | Harmony Repairs | !comandos,"['Gaming', 'Multiplayer', 'gameplay', 'GTARP', 'Roleplay', 'ＧTA5', 'gamer', 'Português', '4life', '4liferp']",['MatureGame'],False
2,2025-03-25 16:25,527,grand-theft-auto-v,True,nicklink,pt,Grand Theft Auto V,A VOLTA - O1 DA AURA - GTARP [CDANJOS],"['Arkanis', 'nicklink', 'Português', 'ArkanisNick', 'aknick', 'RP', 'leagueoflegeneds', 'jax']",['MatureGame'],False
2,2025-03-25 16:25,527,grand-theft-auto-v,False,Facada,pt,Grand Theft Auto V,DIA DE BRASIL E ORGANIZANDO CAMP DA NOISE! 💚 ❗insta ❗cashback,"['facadarp', 'facada', 'Português']",['MatureGame'],False
3,2025-03-25 16:36,338,overwatch-2,False,Flokiis,pt,Overwatch 2,#13 ❄️ [DROPS] overwatch classico e minecraft mais tarde  !cam,"['Português', 'brasilgaming', 'minecraft', 'minecraftmods', 'DropsAtivados']",[],False
3,2025-03-25 16:36,338,overwatch-2,True,0Deti,pt,Overwatch 2,PROCESSADOR NOVO PAIPAI É OS GURI FI PIA MENO   !pix !youtube,"['Português', '0deti', 'deti0', 'naruto', 'games', 'interação', 'detingsimulator', 'deti', 'DropsAtivados']",[],False
3,2025-03-25 16:36,338,overwatch-2,False,Cooruja,pt,Overwatch 2,[ !DROP Faster] 5 Lootbox free! !Sorteio LESSERAFIM e !LendariaFree !eternus !Passefree,"['Autismo', 'TDAH', 'SafeSpace', 'Pai', 'Overwatch', 'Português', '4fun', 'OW2Season15', 'OW2Brasil', 'DropsAtivados']",[],False
4,2025-03-25 20:01,429,marvel-rivals,True,noobzinhavs,pt,Marvel Rivals,>Lives Seg a SAB às20h],"['Português', 'dixlecia', 'DropsAtivados']",[],False
4,2025-03-25 20:01,429,marvel-rivals,False,ogabsttv,pt,Marvel Rivals,LIVE INFINITA 1 REAL = +1 MINUTO | MELHOR LIVE DE MARVEL RIVALS | !PIX !ANALISE !FILA !PC,"['Português', 'humor', 'engraçado', 'DropsAtivados']",[],False
4,2025-03-25 20:01,429,marvel-rivals,False,TvSerious,pt,Marvel Rivals,[drops] Dia 2 do Mestre ao Celestial! !roblox !giftcard !PIX,"['serious', 'smitebrasil', 'lgbtqia', 'Português', 'drops', 'MOBA', 'Cozy', 'cozygaming', 'Roguelike', 'Roguelite']",[],False
5,2025-03-25 20:11,579,counter-strike,False,sacy,pt,Counter-Strike,mibr Sacy - BOA NOITE - !pix !noping !mibr !csgoskins,['Português'],['MatureGame'],False
5,2025-03-25 20:11,579,counter-strike,True,avndeus,pt,Counter-Strike,🔴 RERUN - LOJA TOTALMENTE RENOVADA - SÓ VEM FARMAR (SUB 4X) !LOJA NO CHAT,"['CS2', 'cs2faceit', 'ga', 'gamersclubcs', 'Português']",['MatureGame'],False
5,2025-03-25 20:11,579,counter-strike,False,elChacalCS2,pt,Counter-Strike,REDENÇÃO DO PROFIT! PENEIRA DO PSYANDU !!!  !SORTEIO !YOUTUBE,"['skins', 'csskins', 'ranked', 'profit', 'Português']",['MatureGame'],False
6,2025-03-25 20:23,589,roblox,False,dimensaohadouken,pt,ROBLOX,ROBLOX! - É SÓ CHEGAR E JOGAR JUNTO XD! - !discord - !youtube - !instagram,"['Português', 'AMA', 'jogadorcasual', 'jogoindie', 'jogoonline', 'jogoantigo']",[],False
6,2025-03-25 20:23,589,roblox,False,CaioDancarino,pt,ROBLOX,👑 TERÇA GOBLIN 👑 SEREI O REI DOS PIRATAS 🔥🦜🏴‍☠️ ROBLOX COM OS FIÉIS 🍈✅ !pix !Roblox,['Português'],['Gambling'],False
6,2025-03-25 20:23,589,roblox,False,NickiieTV,pt,ROBLOX,👽 MARATONA BLEACH DIA 1  !lanhouse  !sessão !fila  !lurdes !casaflorescer !REGRAS !audios !donate !pix !sub !comand,"['TRANS', 'ELADELA', 'ÓVINIS', 'ETS', 'FILHADOLULA', 'SURTOS', 'BRUXA', 'REACTS', 'GAMEPLAY', 'LGBTQIAPN']",['ProfanityVulgarity'],False
7,2025-03-25 20:35,329,overwatch-2,False,mae_joga45,pt,Overwatch 2,(+18) 🎮 {DROPS ON} Vem ver oque meu mod esta aprontando com a 📷,"['Português', 'jogodeterror', 'jogofps', 'diversãogarantida', 'DropsAtivados']",[],False
7,2025-03-25 20:35,329,overwatch-2,True,pirangueirah,pt,Overwatch 2,[+18] Ai caixinha porfavor  ❤️,"['LGBTQIAMais', 'Português', 'kekel', 'Ele', 'Ela', 'deadbbydaylight', 'fortinite', 'DropsAtivados']",[],False
7,2025-03-25 20:35,329,overwatch-2,False,Cooruja,pt,Overwatch 2,[ !DROP Faster] 5 Lootbox free! !Sorteio LESSERAFIM e !LendariaFree !eternus !Passefree,"['Autismo', 'TDAH', 'SafeSpace', 'Pai', 'Overwatch', 'Português', '4fun', 'OW2Season15', 'OW2Brasil', 'DropsAtivados']",[],False
8,2025-03-26 00:00,453,fortnite,False,beletz_,pt,Fortnite,SORTEIO PASSE DE BATALHA 🔥JOGANDO FORTNITE COM O CHAT ♡ USE O CODE: BELETZ🩵❗sub❗pix ❗code,"['portugues', 'fortnite', 'fortnitetrocacao', 'stream', 'Português', 'girlgamers']",[],False
8,2025-03-26 00:01,453,fortnite,True,Praxt_,pt,Fortnite,ATUALIZAÇÃO | NOVA TEMPORADA OG  @praxt_ !sociais,"['Português', 'Fortnite', 'vbucks', 'AMA', 'PlayingwWithViewers', 'SeiosFartos', 'regras', 'LGBT', 'ＬＯＬ', 'LiveFamilia']",[],False
8,2025-03-26 00:01,453,fortnite,False,MamuteLIVE,pt,Fortnite,🔴AO VIVO 🔴 🔥SUPER LIVE DA NOVA TEMPORADA RAIZ FORTNITE🔥 8856-6162-7739 !MAPA,"['FORTNITE', 'gordo', 'Português', 'Dropshabilitados', 'conversando', 'fps', 'react', 'Sobrevivência', 'PokemonCommunityGame', 'PCG']",[],False
9,2025-03-26 00:10,367,minecraft,True,DanriqueTW,pt,Minecraft,COBBLEMON SERVER! BORA CONTINUAR NOSSA AVENTURA! !host !cobblemon,"['Português', 'RecompensasEspetadores']",[],False
9,2025-03-26 00:10,367,minecraft,False,sam_xtreme,pt,Minecraft,⚡ O Subathon tá ON e a diversão tá só começando! Vem jogar e se divertir comigo. !Discord !Pix !Social !Sr,"['Português', 'RecompensasEspetadores']",[],False
9,2025-03-26 00:10,367,minecraft,False,guisobrevivente_,pt,Minecraft,[CAPE] oi bora conversar ?,"['minecraft', 'guisobrevivente', 'tiktok', 'realista', 'shaders', 'construcao', 'conversa', 'amigavel', 'Português', 'RecompensasEspetadores']",[],False
10,2025-03-26 00:18,553,roblox,False,NickiieTV,pt,ROBLOX,👽 MARATONA BLEACH DIA 1  !lanhouse  !sessão !fila  !lurdes !casaflorescer !REGRAS !audios !donate !pix !sub !comand,"['TRANS', 'ELADELA', 'ÓVINIS', 'ETS', 'FILHADOLULA', 'SURTOS', 'BRUXA', 'REACTS', 'GAMEPLAY', 'LGBTQIAPN']",['ProfanityVulgarity'],False
10,2025-03-26 00:18,553,roblox,True,Cateroide,pt,ROBLOX,🟣 [+18] REACT (!react) ~ RubinOT (!rubinot) ~ ROBLOX (!roblox) || !tibiacoins !tbrstore !!pix #anúncio,"['ptbr', 'gameplay', 'reacts', 'IRL', 'danielhatano', 'Português']",[],False
10,2025-03-26 00:18,553,roblox,False,CaioDancarino,pt,ROBLOX,👑 TERÇA GOBLIN 👑 SEREI O REI DOS PIRATAS 🔥🦜🏴‍☠️ ROBLOX COM OS FIÉIS 🍈✅ !pix !Roblox,['Português'],['Gambling'],False
11,2025-03-26 00:29,315,league-of-legends,False,sabrinoca,pt,League of Legends,simulador de coveiro !odyssey !odysseycup,"['Português', 'MãeDePrimeiraViagem', 'BaratinhaDeFogão', 'Concubina', 'Melões', 'MulherDePreso', 'LeagueofLegends', 'Aliada', 'GíriasRegionais', 'Simples']",[],True
11,2025-03-26 00:29,315,league-of-legends,False,saiozera,pt,League of Legends,OI COELHINHOS!! SÓ REGRESSO  |  !comandos !sr,"['LGBT', 'Conversa', 'Ingles', 'Portugues', 'Português']",[],False
11,2025-03-26 00:29,315,league-of-legends,False,KamiKat,pt,League of Legends,LEAGUE OF LEGENDS BR CHALLEnGER - !pix !elo !pro !runa,"['Português', 'LGBT', 'gaymer', 'Gay', 'Aposentado', 'leagueoflegends', 'twinkativo', 'Smolder']",[],False
12,2025-03-26 04:00,407,sea-of-thieves,True,flotsam,en,Sea of Thieves,✅OBSIDIAN DROPS✅ Solo Sloop PvP | !SAND WAITING ROOM,"['Solo', 'PvP', 'English', 'DropsEnabled']",[],False
12,2025-03-26 04:01,407,sea-of-thieves,False,crud,en,Sea of Thieves,[CRUDSIDIAN !DROPS] crudstream ft @theb,"['English', 'crudgoblin', 'crudfest', 'chatreader', 'seaofthieves', 'Completionist', 'OCE', 'Australia', 'SeaofThievesgameplay', 'Tall']",[],False
12,2025-03-26 04:01,407,sea-of-thieves,False,theb,en,Sea of Thieves,🟨OBSIDIAN DROPS🟨 EVIL PVP PIRATE STREAM RAHHH 🏴‍☠️🏴‍☠️🏴‍☠️💥💥💥 @crud,"['pvp', 'pirategame', 'lootswindling', 'English', 'DropsEnabled']",[],False
13,2025-03-26 04:09,507,valorant,False,waveigl,pt,VALORANT,+18 🔞 WAVEIGL ❤️ VELHO TILTADO SEM SKILL NO JOGO DE FADA,['Português'],['ProfanityVulgarity'],False
13,2025-03-26 04:09,507,valorant,False,carlos_resende8,pt,VALORANT,RANKEDS BROTA XD !PIX,"['Português', 'game', 'conversa', 'valorant']",[],False
13,2025-03-26 04:09,507,valorant,False,fevetz,pt,VALORANT,BALD VET DO RADIANTE TOP 62 TRYHARD !GRUPOSUB !PIX,['Português'],[],False
14,2025-03-26 04:20,419,minecraft,False,EiMine24h,pt,Minecraft,✅ RECOMPENSAS ON! | ⭐ SEJA RÁPIDO E GANHE UMA CAPA DE GRAÇA: !CAPA | 💘 INSTAGRAM: @EIMINE77 | !ajuda !rerun !subgratis !loja,"['Português', 'Minecraft', 'EiMine', 'RecompensasEspetadores']",[],False
14,2025-03-26 04:20,419,minecraft,True,LipinhOr,pt,Minecraft,"GRIPEI DE LEVE, MAS TO AQUI COM VOCÊS! 💖","['Português', 'gta', 'roleplay', 'RecompensasEspetadores']",[],False
14,2025-03-26 04:20,419,minecraft,False,ZAKl1k,pt,Minecraft,🟢 MINECRAFT | ⭐ GANHE ASSISTINDO | 🌟 REESTOQUE DIA 10 ou 16 às 18h | !loja !points !prime !sub,"['Português', 'Minecraft', 'RecompensasEspetadores']",[],False
15,2025-03-26 08:00,518,grand-theft-auto-v,True,SeergioRP,pt,Grand Theft Auto V,🔞 🔴 VOVO DO CR$ME 🔴OBRIGADO PELA PRESSENÇA DE VOÇES,"['Português', 'Reposição']",['MatureGame'],False
15,2025-03-26 08:00,518,grand-theft-auto-v,False,Ginjinhaa,pt,Grand Theft Auto V,PortugaliaRP ||Daniela Ginja ||💀 Angels of Death 💀|| obrigado a todos pelo apoio,"['Português', 'PortugaliaRP', 'rolepay', 'RedDeadRedempition2']","['MatureGame', 'ProfanityVulgarity']",False
15,2025-03-26 08:00,518,grand-theft-auto-v,False,hazaprp,pt,Grand Theft Auto V,+18 PRODIGY RP -  Em busca do progresso🥷🏿 - !LIVEPIX !PRODIGY,"['RP', 'Português', 'ProdigyRP']",['MatureGame'],False
16,2025-03-26 08:11,501,counter-strike,False,avndeus,pt,Counter-Strike,🔴 RERUN - LOJA TOTALMENTE RENOVADA - SÓ VEM FARMAR (SUB 4X) !LOJA NO CHAT,"['CS2', 'cs2faceit', 'ga', 'gamersclubcs', 'Português']",['MatureGame'],False
16,2025-03-26 08:12,501,counter-strike,True,vovo_grobau,pt,Counter-Strike,"🔥Sorteio de skins na live do vovô! 🎮 Entre na bagunça participe: ❗cupom, ❗sorteio, ❗musica ❗gruporifa ❗luva","['Português', 'CS2', 'counterstrike', 'fps', 'jogosdetiros', 'cs', 'sorteio', 'resenha', 'skins', 'sorteiodeskins']","['DrugsIntoxication', 'Gambling', 'MatureGame', 'ProfanityVulgarity', 'SexualThemes', 'ViolentGraphic']",False
16,2025-03-26 08:12,501,counter-strike,False,duffyfps,pt,Counter-Strike,EU VOLTEI! lives de segunda a sexta ás 8hrs,"['duffy', 'los', 'LosGrandes', 'CS2', 'Português']",['MatureGame'],False
17,2025-03-26 08:22,535,ea-sports-fc-25,False,oBruxoFut,pt,EA Sports FC 25,✨ 3X PP DA LOJA COM TOTY + RUMO AO ELITE + FARMING ❗️tatica ❗️st ❗️lurdinha,"['Português', 'muitoelegante', 'charmoso', 'bonito', 'inteligente', 'carismático', 'educado', 'proplayer', 'futebol', 'fitness']",[],False
17,2025-03-26 08:22,535,ea-sports-fc-25,False,miguelitodoarrocha,pt,EA Sports FC 25,💥packs e Rivais em busca dos 35 pontos  - bem vindos a live do Miguelito Do Arrocha,"['Português', 'Portugal', 'Competitivo', 'resenha', 'Resenhando', 'ultimateteam', 'fifa', 'EAFC', 'eafc25', 'eafcsports']",[],False
17,2025-03-26 08:22,535,ea-sports-fc-25,False,xGuuhGabrielx,pt,EA Sports FC 25,"Rivals Subindo pra Elite em 3 Contas, DMEs, Packs e Resenha | DIGITE !Livepix !cliente !grupo !sorteio !meta","['EASPORTS', 'EAFC', 'eafc25', 'ultimateteam', 'fc25', 'fc25gameplay', 'Português', 'Paivinha29', 'Carpentieri', 'Adolfz']",[],False
18,2025-03-26 12:00,552,counter-strike,False,zaikenfps,pt,Counter-Strike,GC LVL 21 🟢 CSzin e resenha rolando! Vem trocar tiro - SUB FARM 4X  - !lojinha !pix !sens,"['Português', 'CS2', 'games', 'gamer', 'GAMERPRO', 'fps']",['MatureGame'],False
18,2025-03-26 12:00,552,counter-strike,False,brenotheodoro,pt,Counter-Strike,LOJINHA RENOVADA!!! SORTEIO > 4 FACAS | Sorteio basta interajar | !livepix | !csgoskins | !msg | !loja | !strive | !kaspersky,"['Português', 'CS2', 'fps']",['MatureGame'],False
18,2025-03-26 12:00,552,counter-strike,False,duffyfps,pt,Counter-Strike,EU VOLTEI! lives de segunda a sexta ás 8hrs,"['duffy', 'los', 'LosGrandes', 'CS2', 'Português']",['MatureGame'],False
19,2025-03-26 12:11,310,sea-of-thieves,True,Phaclock,pt,Sea of Thieves,"Drops Obsidiano. Bom dia, bora colocar o barco na água.  !instagram !youtube !social !steam","['Coop', 'Português', 'MMORPG', 'aventura', 'Multiplayer', 'online', 'Action', 'variedades', 'mago', 'DropsAtivados']",[],False
19,2025-03-26 12:11,310,sea-of-thieves,False,aatonz,pt,Sea of Thieves,🟢🟡DROPS ON🟡🟢Todos os Drops meia hora antes!!Somente pra quem chegar 30 minutos mais cedo!! E ATUALIZAÇÃO S15.2 vem AMANHÃ!!! BOM DIA!!,"['casual', 'engraçado', 'pirata', 'English', 'Português', 'Yoda', 'Gaules', 'LigadoJorel', 'giveaway', 'DropsAtivados']",[],False
19,2025-03-26 12:11,310,sea-of-thieves,False,jota_play14,pt,Sea of Thieves,jogando sea of thieves na paz (drops ativos),"['Português', 'seaofthieves', 'BR', 'DropsAtivados']",[],True
20,2025-03-26 12:18,501,overwatch-2,False,Reunee,pt,Overwatch 2,🔴 Overwatch até ficar doidão 🤪 | Outlast 2 às 17h,"['Português', 'DropsAtivados']",[],False
20,2025-03-26 12:18,501,overwatch-2,True,Bluezinho2,pt,Overwatch 2,[+18] 💙Aprendendo a jogar OW2. VAMOS LÁ.,"['LGBTQIAPlus', 'Português', 'ＤBD', 'GamesAndChatting', 'Jogandocomespectadores', 'fallguys', 'Gostoso', 'Veganismos', 'Overｗatch2', 'deadbbydaylight']",['ProfanityVulgarity'],False
20,2025-03-26 12:18,501,overwatch-2,False,mae_joga45,pt,Overwatch 2,(+18) 🎮 {DROPS ON} Vem ver oque meu mod esta aprontando com a 📷,"['Português', 'jogodeterror', 'jogofps', 'diversãogarantida', 'DropsAtivados']",[],False
0,2025-03-26 20:00,492,sea-of-thieves,False,ofernandomaidana,pt,Sea of Thieves,DROPS 🟢 ALEGRIA E PIRATARIA !cmd !playlist,"['Português', 'seaofthieves', 'pirata', 'SongRequests', 'songrequest', 'SeaOfThievesPartner', 'SeaofThievesgameplay', 'English', 'DropsAtivados']",[],False
0,2025-03-26 20:00,492,sea-of-thieves,False,HWmalk,pt,Sea of Thieves,☕ DROPS OBSIDIANOS & CAFÉ ☕,"['Português', 'AMA', 'Brasil', 'RPG', 'música', 'Conversação', 'RockRoll', 'Ansiedade', 'Interativo', 'DropsAtivados']",[],False
0,2025-03-26 20:00,492,sea-of-thieves,False,iamcomH,pt,Sea of Thieves,[DROPS ON] AHOY!! Bora caçar o brabo dos mares!! Parceiro do @lendasdomar - !discord !pix !loja !comandos,"['Português', 'Español', 'game', 'conversa', 'seaofthieves', 'DropsAtivados']",[],False
1,2025-03-26 20:10,344,counter-strike,True,waveigl,pt,Counter-Strike,+18 🔞 WAVEIGL ❤️,['Português'],"['MatureGame', 'ProfanityVulgarity']",False
1,2025-03-26 20:11,344,counter-strike,False,leoreis_cs,pt,Counter-Strike,jogando CSGO em 2025 !PIX !venderskin,"['Português', 'counterstrike2', 'CS2']",['MatureGame'],False
1,2025-03-26 20:11,344,counter-strike,False,Gaules,pt,Counter-Strike,O PLANO fe vs MIBR fe ESL Impact League S7 SA  - !socio - Siga @Gaules nas redes sociais!,['Português'],['MatureGame'],True
2,2025-03-26 20:18,481,overwatch-2,False,pirangueirah,pt,Overwatch 2,[+18] Boa noite  ❤️,"['LGBTQIAMais', 'Português', 'kekel', 'Ele', 'Ela', 'deadbbydaylight', 'fortinite', 'DropsAtivados']",[],False
2,2025-03-26 20:18,481,overwatch-2,True,Cooruja,pt,Overwatch 2,[ !DROP Faster] 5 Lootbox free! !Sorteio LESSERAFIM e !LendariaFree !eternus !Passefree,"['Autismo', 'TDAH', 'SafeSpace', 'Pai', 'Overwatch', 'Português', '4fun', 'OW2Season15', 'OW2Brasil', 'DropsAtivados']",[],False
2,2025-03-26 20:18,481,overwatch-2,False,0Deti,pt,Overwatch 2,MIYUKIGAMEPLAY NA AREA SENDO NEWBINHA NOS JOGOS E MAIS TARDE REPO !pix !youtube,"['Português', '0deti', 'deti0', 'naruto', 'games', 'interação', 'detingsimulator', 'deti', 'DropsAtivados']",[],False
3,2025-03-26 20:28,398,roblox,False,itskinho,pt,ROBLOX,desafios no dress to impress,"['roblox', 'dresstoimpress', 'dragqueen', 'Português']",[],False
3,2025-03-26 20:28,398,roblox,False,TaisRozaa,pt,ROBLOX,+18 blood strike e oque mais hj? e bate papo,"['Português', 'farlight84', 'fortinte', 'VALORONAT', 'bloodstrike', 'minecraft', 'fps']",[],False
3,2025-03-26 20:28,398,roblox,False,leonara_,pt,ROBLOX,[+18] [PT/BR] joguinho de moda - !loja !discord !metas,"['Português', 'LGBTQFriendly', 'ForFunContent', 'Conversação', 'Diversâo', 'react', 'SafeSpace4All', 'musiclover', 'conversa', 'Reposição']",['ProfanityVulgarity'],False
4,2025-03-27 00:00,354,ea-sports-fc-25,False,kuk1pobizinho,pt,EA Sports FC 25,"FIFA 25, TEMPORADA, 3 DIVISÃO!",['Português'],[],False
4,2025-03-27 00:00,354,ea-sports-fc-25,False,eLyzao,pt,EA Sports FC 25,Terminar o rivals    ❗Nesha ❗iox +18,['Português'],[],False
4,2025-03-27 00:01,354,ea-sports-fc-25,False,DaniloFariasFUT,pt,EA Sports FC 25,PREMIAÇAO RANK 1 WL AGORA + RIVALS ATE A ELITE  !LOJA @danilofariasfut,"['Português', 'ultimateteam', 'dicas', 'eafc25', 'gameplay', 'tutorials', 'livestreamers', 'resenha', 'frontpagetwitch', 'TOTY']",[],False
5,2025-03-27 00:08,515,fortnite,False,trakinas710,pt,Fortnite,live fortnite modo raiz,"['Fortnite', 'Português', 'game', 'Construção']",[],False
5,2025-03-27 00:09,515,fortnite,False,Praxt_,pt,Fortnite,FORTNITE | JOGANDO COM O CHAT  @praxt_ !sociais,"['Português', 'Fortnite', 'vbucks', 'AMA', 'PlayingwWithViewers', 'SeiosFartos', 'regras', 'LGBT', 'ＬＯＬ', 'LiveFamilia']",[],False
5,2025-03-27 00:09,515,fortnite,False,medbia_,pt,Fortnite,Tia Bia ta de volta!,"['FortniteGirl', 'Fortnite', 'FortniteBrasil', 'campfortnite', 'Português']",[],False
6,2025-03-27 00:19,413,counter-strike,True,taruhgg,pt,Counter-Strike,Do PRATA ao GLOBAL com DICAS ❗curso ❗csgobig ❗neshastore ❗skinclub,['Português'],['MatureGame'],False
6,2025-03-27 00:19,413,counter-strike,False,avndeus,pt,Counter-Strike,🔴 RERUN - NÃO ESTOU AO VIVO - FARM 4X PARA SUBS - LOJA RENOVADA,"['CS2', 'cs2faceit', 'ga', 'gamersclubcs', 'Português']",['MatureGame'],False
6,2025-03-27 00:19,413,counter-strike,False,sheviiioficial,pt,Counter-Strike,600K HJE? CS + REACT + ??? ❗csgobig ❗insta❗sub,"['Português', 'IRL', 'SHEVI', 'shevii2k']",['MatureGame'],False
7,2025-03-27 00:28,437,overwatch-2,False,noobzinhavs,pt,Overwatch 2,Drops on!!!>Lives Seg a SAB às20h],"['Português', 'dixlecia', 'DropsAtivados']",[],False
7,2025-03-27 00:28,437,overwatch-2,True,exexeboy,pt,Overwatch 2,⊹ ₊  ⁺‧₊˚ ♡ ପ(๑•ᴗ•๑)ଓ ♡˚₊‧⁺ ₊ ⊹,"['Portuguese', 'Português', 'DropsAtivados']",[],False
7,2025-03-27 00:28,437,overwatch-2,False,annadeneve,pt,Overwatch 2,[DROPS ON] bora bill la ele pro max ♡ !clip !pix !discord !comandos,"['Mulher', 'bonita', 'engraçada', 'Português', 'ConversandoComOChat', 'DropsAtivados']",[],False
8,2025-03-27 00:37,309,sea-of-thieves,True,DuuDyys,pt,Sea of Thieves,🔴DROPS ON🔴 Atrás de Bandeiras - ❗livepix❗duelo❗meta❗sotbr❗lendas❗aposta - PTBR - ESP,"['Português', 'jogos', 'Xbox', 'sorteio', 'gaules', 'Yoda', 'Brasileiro', 'Español', 'alanzoka', 'divertido']",[],False
8,2025-03-27 00:37,309,sea-of-thieves,False,iShadowWolf_,pt,Sea of Thieves,(+18) Livezinha Muito Doida!   ||   (❗comandos ❗metas ❗drops)   ||   (Epic Code: SHADOWOLF),"['Português', 'DropsAtivados']",[],False
8,2025-03-27 00:37,309,sea-of-thieves,False,filho_do_chocobo,pt,Sea of Thieves,DROPS ON!  Sou o novo ATHENIANUS || livepix ON! 5 DIAS PRA META,"['Português', 'ordemparanormal', 'ordemparanormalrpg', 'sobrevivendoaohorror', 'RPG', 'rpgdemesa', 'DropsAtivados']",[],False
9,2025-03-27 04:00,413,roblox,True,lord_cds,pt,ROBLOX,[PS4] Roblox-Mapas Aleatórios s2-Live On.,"['conversa', 'Português']",[],False
9,2025-03-27 04:00,413,roblox,False,Msfushigurinho,pt,ROBLOX,"Apenas assista, pois há um método para a minha loucura. (Doação para o PC: 1087/3000)","['Português', 'UguisuAnko', 'garou', 'HajimeOwari']",[],False
9,2025-03-27 04:00,413,roblox,False,rengokuxin19,pt,ROBLOX,Roblox,['Português'],[],False
10,2025-03-27 04:09,495,grand-theft-auto-v,False,NicolleRodrigues_,pt,Grand Theft Auto V,"GTA RP | ONTEM EU TAVA DORMINDO, HOJE EU TO ACORDADO","['Português', 'ＧTA5', 'gtavrproleplay', 'GTARP', 'temarj']",['MatureGame'],False
10,2025-03-27 04:09,495,grand-theft-auto-v,True,Bkinho,pt,Grand Theft Auto V,ESTOU DE VOLTA?! FIM DO CAPITÃO BIGODE,"['Português', 'Turquia', 'Hype', 'Bkinho']",['MatureGame'],False
10,2025-03-27 04:09,495,grand-theft-auto-v,False,Larissaorp,pt,Grand Theft Auto V,+18 [FRANÇA] SIM EU SOU 24H ON PART 2  @larissaorp !comandos !playlist !pix,"['Português', 'larissinha', 'metropolegg']",['MatureGame'],False
11,2025-03-27 04:19,318,marvel-rivals,False,ZaynXfps,pt,Marvel Rivals,PROCURANDO PLAYERS PARA JOGA CAMPEONATO VALENDO DINHEIRO!!!! @ZaynXfps @dreyjj | rankeds !pix !elo !pc !social,"['Português', 'DropsAtivados']",[],False
11,2025-03-27 04:19,318,marvel-rivals,False,jaimeleef,pt,Marvel Rivals,Assistindo algo e jaja marvelzinha,"['Português', 'Anime', 'DropsAtivados']",[],False
11,2025-03-27 04:19,318,marvel-rivals,False,emikotone,pt,Marvel Rivals,Dia 34: live bem comfy papeando e desenhando + joguinhos 🌺 DONATEMI (1 real = +2min) | !pix !bttv !donatemi,"['Conversa', 'LGBTQIAPlush', 'Games', 'Art', 'kawaii', 'Português', 'DropsAtivados']",[],False
12,2025-03-27 04:27,366,minecraft,False,EiMine77,pt,Minecraft,✅ RECOMPENSAS ON! | ⭐ SEJA RÁPIDO E GANHE UMA CAPA DE GRAÇA: !CAPA | 💘 INSTAGRAM: @EIMINE77 | !ajuda !rerun !sub !subgratis !loja,"['Minecraft', 'EiMine', 'Português', 'RecompensasEspetadores']",[],False
12,2025-03-27 04:27,366,minecraft,True,ZAKl1k,pt,Minecraft,🟢 MINECRAFT | ⭐ GANHE ASSISTINDO | 🌟 REESTOQUE DIA 10 ou 16 às 18h | !loja !points !prime !sub,"['Português', 'Minecraft', 'RecompensasEspetadores']",[],False
12,2025-03-27 04:27,366,minecraft,False,wanted666_,pt,Minecraft,[+18 CPX XP] Cupinxa | Jogando um Minezin da madruga,"['Português', 'capitalcity', 'CAPITAL', 'capitalcityrp', 'PAULINHO', 'paulinhooloko', 'PaulinhoLOKObr', 'fivem', 'FiveMRolePlay', 'PvP']",[],False
13,2025-03-27 08:00,470,ea-sports-fc-25,True,DieguitoPotter,pt,EA Sports FC 25,A Montanha Gullit não escolhe vencedores… são os vencedores que a conquistam. E eu cheguei ao topo 🏔️ Rewards de Rivals 🔥 !Social ✅,"['Português', 'eafc25', 'packopening', 'ultimateteam', 'futbirthday', 'rage']",[],False
13,2025-03-27 08:00,470,ea-sports-fc-25,False,Fifandrade,pt,EA Sports FC 25,"HYPE DAS 5H, FINALIZANDO AS VITÓRIAS RUMO A DIV ELITE! !donate1 !donate2 !coins !sub !pix","['Português', 'eaesports', 'EAFC', 'eafc25', 'ultimateteam', 'fc25', 'fc25gameplay']",[],False
13,2025-03-27 08:00,470,ea-sports-fc-25,False,oBruxoFut,pt,EA Sports FC 25,✨ PREMIAÇÃO RIVALS + TERMINANDO O GULLIT E MATA-MATA ❗️tatica ❗️st ❗️lurdinha,"['Português', 'muitoelegante', 'charmoso', 'bonito', 'inteligente', 'carismático', 'educado', 'proplayer', 'futebol', 'fitness']",[],False
14,2025-03-27 08:10,337,grand-theft-auto-v,True,NTV_Games,pt,Grand Theft Auto V,🔞 🟢AO VIVO🟢 🔫PRODIGY SERVE NOVO🔫 ❗Comandos ❗Pix ❗Instagram ❗tiktok ❗Rs pedir musica..,['Português'],['MatureGame'],False
14,2025-03-27 08:10,337,grand-theft-auto-v,False,Larissaorp,pt,Grand Theft Auto V,+18 [FRANÇA] SIM EU SOU 24H ON PART 2  @larissaorp !comandos !playlist !pix,"['Português', 'larissinha', 'metropolegg']",['MatureGame'],False
14,2025-03-27 08:10,337,grand-theft-auto-v,False,SeergioRP,pt,Grand Theft Auto V,🔞 🔴 VOVO DO CR$ME 🔴OBRIGADO PELA PRESSENÇA DE VOÇES,"['Português', 'Reposição']",['MatureGame'],False
15,2025-03-27 08:18,355,roblox,True,surtadoxofc,pt,ROBLOX,2x pontos|LIVE ON SURTADO-X BLOX,"['bloxfruitslive', 'Bloxfruit', 'BloxFruitsRoblox', 'bloxfruits', 'portugués', 'Português']",[],False
15,2025-03-27 08:18,355,roblox,False,odkoproprio,pt,ROBLOX,Roblox com os cria,['Português'],[],False
15,2025-03-27 08:18,355,roblox,False,imraphazinn,pt,ROBLOX,Fisch,"['Português', 'Fisch', 'FischRoblox', 'plsdonate', 'plsdonatelivestream']",[],False
16,2025-03-27 08:25,546,the-sims-4,False,DannyPlaysTV_,pt,The Sims 4,[+18] OIEEEEEE BOM DIA,"['Português', 'untildawn', 'jogodeps2', 'jogosantigos']",[],False
16,2025-03-27 08:25,546,the-sims-4,True,TitaSophie,pt,The Sims 4,✨ Nova Fase para Helena e Selena Starford! | The Sims 4,"['Mulher', 'jogos', 'Português', 'mulheresgamers', 'LGBTQFriendly', 'Casual', 'TDA']",[],False
16,2025-03-27 08:25,546,the-sims-4,False,Midical_,pt,The Sims 4,testando nossa pensão,"['simulação', 'mulher', 'Português']",[],False
17,2025-03-27 12:00,503,grand-theft-auto-v,True,bibitenebroza,pt,Grand Theft Auto V,+18 ENTREI EM UMA FAC DE MULHERES EMPODERADAS (METACITY RP)| !PIX !BRISANET,"['TRANS', 'Português', 'dbd', 'dbddeadbydaylgiht', 'top1dbd', 'dbdmainsurvivor']",['MatureGame'],False
17,2025-03-27 12:00,503,grand-theft-auto-v,False,niickrp,pt,Grand Theft Auto V,+18 [CPX] - SORTEIO DE AL 16H - 3° SGT GTM - NICKZADA - Siga @niickrp ❗️ GTM ❗️ SUB ❗️ COMANDOS ❗️ INSTA ❗️ PIX ❗️ SOCIAIS ❗️,"['COMPLEXO', 'cpx', 'PｖP', 'GTM', 'gtmcomplexo', 'Português', 'fivem', 'gta', 'frontpage', 'holidayhoopla']",['MatureGame'],False
17,2025-03-27 12:00,503,grand-theft-auto-v,False,NTV_Games,pt,Grand Theft Auto V,🔞 🟢AO VIVO🟢 🔫PRODIGY SERVE NOVO🔫 ❗Comandos ❗Pix ❗Instagram ❗tiktok ❗Rs pedir musica..,['Português'],['MatureGame'],False
18,2025-03-27 12:11,460,ea-sports-fc-25,False,miguelitodoarrocha,pt,EA Sports FC 25,💥quinta de packs e MT MT  da WL   - bem vindos a live do Miguelito Do Arrocha,"['Português', 'Portugal', 'Competitivo', 'resenha', 'Resenhando', 'ultimateteam', 'fifa', 'EAFC', 'eafc25', 'eafcsports']",[],False
18,2025-03-27 12:11,460,ea-sports-fc-25,False,paivinha29,pt,EA Sports FC 25,QUAL EVO EU DEVO FAZER NO ETERNO DE ATACANTE? 6 ICONS HOJE  !CURSO  !COINS  !TRUST  !TRADE,"['Português', 'paivinha29', 'Futebol', 'entretenimiento']",[],False
18,2025-03-27 12:11,460,ea-sports-fc-25,False,oBruxoFut,pt,EA Sports FC 25,✨ PREMIAÇÃO RIVALS + TERMINANDO O GULLIT E MATA-MATA ❗️tatica ❗️st ❗️lurdinha,"['Português', 'muitoelegante', 'charmoso', 'bonito', 'inteligente', 'carismático', 'educado', 'proplayer', 'futebol', 'fitness']",[],False
19,2025-03-27 12:20,353,minecraft,False,aFranzita,pt,Minecraft,Chegou o grande dia... BORA ENFRENTAR O DRAGÃO | DROP de Capa do Minecraft ATIVO,"['PortuguêsBR', 'Português', 'jogo', 'mulherjogando', 'localseguro', 'aventura', 'noobstreamer', 'survival', 'RecompensasEspetadores']",[],False
19,2025-03-27 12:20,353,minecraft,True,EiMine77,pt,Minecraft,✅ RECOMPENSAS ON! | ⭐ SEJA RÁPIDO E GANHE UMA CAPA DE GRAÇA: !CAPA | 💘 INSTAGRAM: @EIMINE77 | !ajuda !rerun !sub !subgratis !loja,"['Minecraft', 'EiMine', 'Português', 'RecompensasEspetadores']",[],False
19,2025-03-27 12:20,353,minecraft,False,Vitor_jbs,pt,Minecraft,SURVIVAL COM MODS 🐉 |❗pix ❗dc ❗comandos,"['Português', 'minecraft', 'mine', 'pvp', 'bedwars', 'mush', 'mushmc', 'roblox', 'RecompensasEspetadores']",[],False
20,2025-03-27 12:28,462,valorant,True,TcK10,pt,VALORANT,C9 TCKU U SUJISMUNDO TROLL + MIRA 🏆 !SUPERBET 🏆 !GROWTH 🏆 SIGA EM @TcK10,"['melhordomundo', 'radiante', 'incrível', 'valorant', 'Português']",[],False
20,2025-03-27 12:28,462,valorant,False,aspaszin,pt,VALORANT,BUY THE MIBR BUNDLE |  !atk,"['Português', 'proplayer', 'valorant', 'English']",[],False
20,2025-03-27 12:28,462,valorant,False,TiredMisa,pt,VALORANT,[PT-JP] pipipipopopo server do Japão! !discord !instagram !x!,['Português'],[],False
21,2025-03-27 12:38,502,sea-of-thieves,False,Galubel,pt,Sea of Thieves,[+18] [DROPS ON!] Att da season 15.2 chega junto que vamo dar lançada em javaleu!,"['Português', 'Gacha', 'GachaGaming', 'LGTBQFriendly', 'PngVtuber', 'variados', 'DropsAtivados']",['ProfanityVulgarity'],True
21,2025-03-27 12:38,502,sea-of-thieves,True,DorSmiley,pt,Sea of Thieves,🟢Drops Obsidiana On | Atualização nova  |  Parceiro do @lendasdomar e CSoTBr !Comandos !drops !tdm,"['Ação', 'Aventura', 'Comédia', 'Português', 'Xingamentos', 'seaofthieves', 'PvEPvP', 'SoTPvp', 'seaofthieveseason15', 'DropsAtivados']",['ProfanityVulgarity'],False
21,2025-03-27 12:38,502,sea-of-thieves,False,aatonz,pt,Sea of Thieves,🟢🟡DROPS ON🟡🟢É HOJE!!Atualização Season 15.2 de Sea of Thieves !! ChAmA QUe VEM!! Twitch em PROMOÇAO!!  VAMOKERE!!! BOM DIA!!,"['casual', 'engraçado', 'pirata', 'English', 'Português', 'Yoda', 'Gaules', 'giveaway', 'DropsAtivados', 'alanzoka']",[],False
25,2025-03-27 20:00,591,overwatch-2,True,pirangueirah,pt,Overwatch 2,[+18] Boa noite  ❤️,"['LGBTQIAMais', 'Português', 'kekel', 'Ele', 'Ela', 'deadbbydaylight', 'fortinite', 'DropsAtivados']",[],False
25,2025-03-27 20:00,591,overwatch-2,False,Cooruja,pt,Overwatch 2,[ !DROP Faster] 5 Lootbox free! !Sorteio Widow ARMA MITICA !eternus !Passefree,"['Autismo', 'TDAH', 'SafeSpace', 'Pai', 'Overwatch', 'Português', '4fun', 'OW2Season15', 'OW2Brasil', 'DropsAtivados']",[],False
25,2025-03-27 20:00,591,overwatch-2,False,paka_fc,pt,Overwatch 2,DROPS ON 💙 Main Ana BORAAA !insta !discord !pix !loja,"['Português', 'Mulher', 'DropsAtivados']",[],False
26,2025-03-27 20:12,538,marvel-rivals,True,Nitrao_,pt,Marvel Rivals,"!Exitlag 50% OFF até dia 31, usa meu link pra ter acesso!","['Português', 'DropsAtivados']",[],False
26,2025-03-27 20:12,538,marvel-rivals,False,Dilascio_,pt,Marvel Rivals,(DROPS ON) GRIND DO CONTEÚDO,"['Português', 'Competitivo', 'Conversa', 'top500', 'overwatch', 'English', 'DropsAtivados']",[],False
26,2025-03-27 20:12,538,marvel-rivals,False,Lariex,pt,Marvel Rivals,🔴 VAMBORA | ranqueadas e ranqueadas kk,"['OverwatchCreators', 'FantasticFour', 'OW2SEASON15', 'OW2Brasil', 'Português', 'marvelrivals', 'EternalNightFalls', 'MarvelRivalsPartners', 'DropsAtivados']",[],False
27,2025-03-27 20:23,397,grand-theft-auto-v,True,OGALOJOGA,pt,Grand Theft Auto V,[CAPITAL CITY] - DIA 3 DO GENJI NA CAPITAL! - !pix !pc !ticket,"['Português', 'roleplayer', 'fivem', 'gta']",['MatureGame'],False
27,2025-03-27 20:23,397,grand-theft-auto-v,False,celinettpb,pt,Grand Theft Auto V,🔴 ME RECONCILIANDO COM O EX... !exitlag,['Português'],['MatureGame'],False
27,2025-03-27 20:23,397,grand-theft-auto-v,False,NTV_Games,pt,Grand Theft Auto V,🔞 🟢RERUN🟢 🔫Liberty🔫 ❗Comandos ❗Pix ❗Instagram ❗tiktok ❗Rs pedir musica..,['Português'],['MatureGame'],False
28,2025-03-27 20:31,392,the-sims-4,True,makkavelitv,pt,The Sims 4,Makka By Night. - Construir a casa do Big Makka - DAY3,"['Português', 'Portugal']",[],False
28,2025-03-27 20:31,392,the-sims-4,False,quely_alves,pt,The Sims 4,Dia de caos desafio das décadas!    !pixpicpay     !livepix   !comunidadezap  !discord  !setup  [+18],"['Português', 'Brasil', 'simulação', 'simer', 'react', 'thesims4', 'Thesims4gameplay', 'TheSimsChallenge']",[],False
28,2025-03-27 20:32,392,the-sims-4,False,letixiasims,pt,The Sims 4,【Vtuber Simmer】#193 - apenas uma gatinha demônio fazendo uma live extra! CAS & reformando strangerville 👽 !mods !bttv,"['Acolhedor', 'Português', 'pngtuber', 'PNGtuberBR', 'cozyvibes', 'LGBTQIAFriendly', 'cozygaming', 'Comfy', 'modded', 'conteudopersonalizado']","['DrugsIntoxication', 'ProfanityVulgarity']",False
29,2025-03-28 00:01,581,sea-of-thieves,True,WiecGames,pt,Sea of Thieves,[🟢Drops ON🟢] Sea of Thieves - Jogando com PVP Serviçais da chama testando as novas lanças,"['Português', 'DropsAtivados']",[],False
29,2025-03-28 00:01,581,sea-of-thieves,False,MinaMora22,pt,Sea of Thieves,[ +18 ] NO FOCO! ❗insta ❗pix ❗cidade,"['CPX', 'COMPLEXO', 'react', 'Mina', 'JAGA', 'JAGATA', 'Português', 'BR', 'LadoLesteRP', 'LADOLESTE']",[],False
29,2025-03-28 00:01,581,sea-of-thieves,False,MegeraBruna,pt,Sea of Thieves,Oi [+18] / !discord / !elo / !regras / !pix / !instagram/ !nick/ !Sorteio/ !clip/ !Sr /  !subathon,"['Português', 'valorant', 'gamergirl', 'fps', 'gamer', 'DropsAtivados']",[],False
30,2025-03-28 00:12,543,grand-theft-auto-v,True,LipinhOr,pt,Grand Theft Auto V,"DESCULPA A DEMORA, MEU HORÁRIO ESTÁ TODO ERRADO! 😭","['Português', 'gta', 'roleplay']",['MatureGame'],False
30,2025-03-28 00:12,543,grand-theft-auto-v,False,Bkinho,pt,Grand Theft Auto V,CAÇADA DE SANGUE NO MAJOR BIGODE?!,"['Português', 'Turquia', 'Hype', 'Bkinho']",['MatureGame'],False
30,2025-03-28 00:12,543,grand-theft-auto-v,False,guitolive,pt,Grand Theft Auto V,OI MO • !guitoeguto !sorteio • ✳️ !pix !apoie ☁️ !nuuvem 🛍️ !amazon 🔫 !fortnite,"['Português', 'Caricata', 'Gay', 'Beyoncé', 'Mãe', 'Discreta', 'TDAH', 'Gostosa']",['MatureGame'],False
31,2025-03-28 00:24,490,overwatch-2,False,gijuba_,pt,Overwatch 2,GIFT SUBS COM 35% DE DESCONTO | Use Code Epic: GIJUBA | Resgate skins na !loja assistindo a live ♡ | !sr !social !pix !comandos,"['Português', 'DropsAtivados']",[],False
31,2025-03-28 00:24,490,overwatch-2,False,noobzinhavs,pt,Overwatch 2,Drops on!!!>Lives Seg a SAB às20h],"['Português', 'dixlecia', 'DropsAtivados']",[],False
31,2025-03-28 00:24,490,overwatch-2,False,iShadowWolf_,pt,Overwatch 2,(+18) Livezinha Muito Doida!   ||   (❗comandos ❗metas ❗drops)   ||   (Epic Code: SHADOWOLF),"['Português', 'DropsAtivados']",[],False
32,2025-03-28 04:00,419,fortnite,False,morenageek,pt,Fortnite,Bora pinar e tiltar junto comigo,"['Fortnite', 'GirlPlayer', 'PS5LiveStream', 'ControlerGaming', 'Português']",[],False
32,2025-03-28 04:00,419,fortnite,False,ShowZinN,pt,Fortnite,COLA AI =D  #USE CODE SHOWZIN #ad ❗️EARNINGS ❗️PIX ❗️Onlyfas ❗️Jogar ❗️Fila ❗️Sair ❗️msg,"['Português', 'AMA', 'JogarComEspetadores', 'Casual']",[],False
32,2025-03-28 04:00,419,fortnite,False,iShadowWolf_,pt,Fortnite,(+18) Livezinha Muito Doida!   ||   (❗comandos ❗metas ❗drops)   ||   (Epic Code: SHADOWOLF),['Português'],[],False
33,2025-03-28 04:09,364,roblox,False,DanteVaderTV,pt,ROBLOX,Cineminha - PANTHEON - Subathon Especial de Aniversario (dia 35) [ +18 / !sr on / !loja / !pokecatch],['Português'],"['ProfanityVulgarity', 'ViolentGraphic']",False
33,2025-03-28 04:09,364,roblox,False,Ualicate,pt,ROBLOX,📌Gameplay Diaria ➡RESENHANDO  !!💥-> ❗Grupo ❗Discord ❗Pix  #anúncio   !roblox,"['CS2', 'csgo', 'resenha', 'CounterStriker2', 'Português', 'fps', 'ＦＰＳ']",[],False
33,2025-03-28 04:09,364,roblox,False,NickiieTV,pt,ROBLOX,👽 MARATONA BLEACH DIA 3  !lanhouse  !sessão !fila  !lurdes !casaflorescer !REGRAS !audios !donate !pix !sub !comand,"['TRANS', 'ELADELA', 'ÓVINIS', 'ETS', 'FILHADOLULA', 'SURTOS', 'BRUXA', 'REACTS', 'GAMEPLAY', 'LGBTQIAPN']",['ProfanityVulgarity'],False
34,2025-03-28 04:17,463,valorant,False,waveigl,pt,VALORANT,+18 🔞 WAVEIGL ❤️ Digite !metaadmin e ajude-o nos estudos,['Português'],['ProfanityVulgarity'],False
34,2025-03-28 04:17,463,valorant,False,fevetz,pt,VALORANT,BALD VET DO RADIANTE TOP 62 TRYHARD !GRUPOSUB !PIX,['Português'],[],False
34,2025-03-28 04:17,463,valorant,False,Aquazuxa_,pt,VALORANT,VAI DOER DEMAIS ESCUTAR O MEU BYEBYE ❗️fizhistoria ❗️lista ❗️pix ❗️acervo ❗️amazon ❗️jogo,"['Português', 'LGBT', 'Trans', 'mulherdebandido', 'mamainmamaintocomfome', 'soutransvaiveropé', 'valeu']",[],False
35,2025-03-28 08:00,499,valorant,False,tsujitak,pt,VALORANT,Sextou com o PAI Clã! Hoje eu vou ganhar mais que perder! ❗pix ❗tiktok ❗curralzinho ❗cherry ❗sorteiosubs ❗vakinha,"['valorant', 'fps', 'humor', 'familia', 'Português', 'marvelrivals']",[],False
35,2025-03-28 08:00,499,valorant,False,raeVosa,pt,VALORANT,MUITA RAIVA E POUCA MIRA | !discord !raiva !pix !errou para ults,['Português'],[],False
35,2025-03-28 08:00,499,valorant,False,scaryume,pt,VALORANT,oiii - ajudem o !shiro pf,"['conversa', 'competitivo', 'react', 'mulher', 'rock', 'musica', 'Caridade', 'emo', 'Português', 'subathon']",[],True
36,2025-03-28 08:10,367,fortnite,True,trakinas710,pt,Fortnite,live fortnite modo raiz,"['Fortnite', 'Português', 'game', 'Construção']",[],False
36,2025-03-28 08:11,367,fortnite,False,maahmurollo,pt,Fortnite,Jogando com o chat 🔥 ❤️ ❗JOGAR ❗LOJA    MUROLLO #ad,"['gamer', 'Português', 'Fortnite', 'ZeroBuild', 'battleroyale', 'Reposição']",[],True
36,2025-03-28 08:11,367,fortnite,False,SKMVAN,pt,Fortnite,🙏🏻GRATIDÃO🙏🏻 35% DESCONTO SUBS💲VEM JOGAR👑SE INSCREVA PARA O CAMP👑💲APOIE O CODE SKMVAN💲GANHE VBUCKS E PERIFÉRICOS NA MINHA LOJINHA💲,"['AMA', 'fairplay', 'Competitivo', 'gamergirl', 'InclusiveSpace', 'LojinhaON', 'subathon', 'FarmVBucks', 'Jogandocomespectadores', 'campeonato']",[],False
37,2025-03-28 08:18,521,league-of-legends,False,hastad,pt,League of Legends,MASTER ADC - RUMO AO CHALLENGER COMO NA SEASON 3,"['Challenger', 'Português', 'Vayne']",[],False
37,2025-03-28 08:19,521,league-of-legends,True,ClovaoBengala,pt,League of Legends,VEM MUAMUANDO EUUUUU !loco !rag !pix !ad !social,"['Português', 'League', 'leagueoflegeneds', 'lol', 'jogos']",[],True
37,2025-03-28 08:19,521,league-of-legends,False,YoDa,pt,League of Legends,LOL COM !VOICE  - OPERACAO LOL 2 - START 120 PDL,['Português'],[],False
38,2025-03-28 08:29,472,roblox,False,FatalityPCM,pt,ROBLOX,RERUN - REPRISE 🟢 BLOXFRUITS 🟢 UPANDO ATÉ O LEVEL MÁXIMO🟢,"['Português', 'Brasil', 'Multiplayer', 'gameplay', 'MMORPG', 'bloxfruits', 'robux', 'Bloxfruit', 'English', 'LATAM']",[],False
38,2025-03-28 08:29,472,roblox,True,DanteVaderTV,pt,ROBLOX,Cineminha - PANTHEON - Subathon Especial de Aniversario (dia 35) [ +18 / !sr on / !loja / !pokecatch],['Português'],"['ProfanityVulgarity', 'ViolentGraphic']",False
38,2025-03-28 08:29,472,roblox,False,Ualicate,pt,ROBLOX,📌Gameplay Diaria ➡RESENHANDO  !!💥-> ❗Grupo ❗Discord ❗Pix  #anúncio   !roblox,"['CS2', 'csgo', 'resenha', 'CounterStriker2', 'Português', 'fps', 'ＦＰＳ']",[],False
0,2025-03-28 17:26,476,league-of-legends,False,Gragolandia1,pt,League of Legends,GRONGOS NA LOCO? !loco !livepix,"['Português', 'Autismo', 'TDAH']",['ProfanityVulgarity'],False
0,2025-03-28 17:26,476,league-of-legends,True,Minerva,pt,League of Legends,LGBT - Levanta Gay Bora Trabalhar   !pix !cortes !youtube !lives !mortes,['Português'],[],False
0,2025-03-28 17:26,476,league-of-legends,False,idrewzada,pt,League of Legends,TODOS OS DIAS AS 16:00 <3 !PIX !POKESTART,"['Português', 'irlstream', 'gamesstreamer', 'jogandocomochat', 'meme', 'JogardorCasual', 'jogando', 'JogardorCasual', 'jogadetudo']",[],False
1,2025-03-28 17:35,413,minecraft,False,EiMine77,pt,Minecraft,✅ RECOMPENSAS ON! | ⭐ SEJA RÁPIDO E GANHE UMA CAPA DE GRAÇA: !CAPA | 💘 INSTAGRAM: @EIMINE77 | !ajuda !rerun !sub !subgratis !loja,"['Minecraft', 'EiMine', 'Português']",[],False
1,2025-03-28 17:35,413,minecraft,False,ZAKl1k,pt,Minecraft,🟢 MINECRAFT | ⭐ GANHE ASSISTINDO | 🌟 REESTOQUE DIA 10 ou 16 às 18h | !loja !points !prime !sub,"['Português', 'Minecraft']",[],False
1,2025-03-28 17:36,413,minecraft,False,ARTsuki,pt,Minecraft,⤜ UMA NOVA JORNADA ⤛,['Português'],[],False
2,2025-03-28 17:44,347,grand-theft-auto-v,True,NTV_Games,pt,Grand Theft Auto V,🔞 🟢RERUN🟢 🔫liberty🔫 ❗Comandos ❗Pix ❗Instagram ❗tiktok ❗Rs pedir musica..,['Português'],['MatureGame'],False
2,2025-03-28 17:44,347,grand-theft-auto-v,False,yunizinhafps,pt,Grand Theft Auto V,+18 DIVISA RP A COBRA,"['Português', 'coringarp', 'GTARPLIVE', 'datenarp', 'gtavrproleplay', 'ＧTA5', 'gtandTheftAutoV', 'ComplexoRP', 'redbeiramar', 'paulinhooloko']",['MatureGame'],False
2,2025-03-28 17:44,347,grand-theft-auto-v,False,Altemari_Gaming,pt,Grand Theft Auto V,"Brasil Capital 7.0 - ""Força Tática sob investigação: justiça ou perseguição aos agentes da lei?","['gtavrp', 'Português', 'ForçaTática', 'PMESP', 'policia', 'roleplay', 'tatico', 'policiarp', 'gtav', 'Altemari']",['MatureGame'],False
3,2025-03-28 17:52,497,sea-of-thieves,True,HWmalk,pt,Sea of Thieves,☕ DROPS OBSIDIANOS & CAFÉ ☕ !cerco !patch,"['Português', 'AMA', 'Brasil', 'RPG', 'música', 'Conversação', 'RockRoll', 'Ansiedade', 'Interativo', 'DropsAtivados']",[],False
3,2025-03-28 17:52,497,sea-of-thieves,False,DorSmiley,pt,Sea of Thieves,🟢Drops Obsidiana On | Pulheta  |  Parceiro do @lendasdomar e CSoTBr !Comandos !drops !tdm,"['Ação', 'Aventura', 'Comédia', 'Português', 'Xingamentos', 'seaofthieves', 'PvEPvP', 'SoTPvp', 'seaofthieveseason15', 'DropsAtivados']",['ProfanityVulgarity'],False
3,2025-03-28 17:52,497,sea-of-thieves,False,MatGomesz,pt,Sea of Thieves,"🟡❗DROPS ON🟡 Acabe, acabe semana |ft. @LendasDoMar ❗olivia | Epic CODE: MatGomesz #ad |❗noping","['PvP', 'PvE', 'Aventura', 'Survival', 'Português', 'Coop', 'Xbox', 'PS5', 'Trocação', 'DropsAtivados']",[],False
4,2025-03-28 20:00,597,the-sims-4,True,letixiasims,pt,The Sims 4,【Vtuber Simmer】#194 - gameplay livre de lobisims: 🌑 RASTROS DE FÚRIA 🌙 ep. 22! 👽 !mods !bttv,"['Acolhedor', 'Português', 'pngtuber', 'PNGtuberBR', 'cozyvibes', 'LGBTQIAFriendly', 'cozygaming', 'Comfy', 'modded', 'conteudopersonalizado']","['DrugsIntoxication', 'ProfanityVulgarity']",False
4,2025-03-28 20:00,597,the-sims-4,False,viiiprado,pt,The Sims 4,BAUM DIAAA❗pix❗points  |❗jogar ❗comandos ❗clip,"['Português', 'JogandoComExpectadores']",[],False
4,2025-03-28 20:01,597,the-sims-4,False,Bruneqx,pt,The Sims 4,OITAVA SEMANA DO BIG BROTHER | KARAOKE DIA 30/03 !pix !loja !bits,"['LGBT', 'EleDele', 'Português', 'Bruneqx', 'stardewvalley', 'thesims4']",[],True
5,2025-03-28 20:13,502,fortnite,False,simoesgm,pt,Fortnite,MEU PRIMEIRO MAPA NO FORTNITE / ADD GERAL HOJE,"['Português', 'DropsAtivados']",[],False
5,2025-03-28 20:13,502,fortnite,False,azusaftn,pt,Fortnite,Surtar na Cash Cup bora!,"['battle', 'royale', 'criativo', 'fortnite', 'jogos', 'Português', 'DropsAtivados']",[],False
5,2025-03-28 20:13,502,fortnite,False,Ketty,pt,Fortnite,🚨 DROPS ON! BORA JOGAR 🤍 CODE KETTY NA LOJA #ad,"['gameplay', 'nobuild', 'jogos', 'Português', 'AMA', 'Casual', 'jogadoriniciante', 'fortnite', 'VbucksGrátis', 'DropsAtivados']",[],False
6,2025-03-29 00:00,438,ea-sports-fc-25,False,DKzinhTV,pt,EA Sports FC 25,🔴𝗙𝗖𝟮𝟱 𝗣𝗥𝗢𝗖𝗟𝗨𝗕𝗦🔴THE BEEST EQUIPE DE PROCLUBS EEVEEERRR !!!!! 𝗔𝗿𝗲 𝘆𝗼𝘂 𝗿𝗲𝗮𝗱𝘆?  ❗pix ❗instagram ❗discord ❗sub,"['PortuguêsBR', 'Português', 'sonaconversa', 'gta', 'GTARP', 'GTARPLIVE', 'RP', 'thelastofus', 'fortinte', 'fc25']",[],False
6,2025-03-29 00:00,438,ea-sports-fc-25,True,DaniloFariasFUT,pt,EA Sports FC 25,🚨DREAMCHASERS TIME 2 + WL RUMO AO RANK 1   !LOJA @danilofariasfut,"['Português', 'ultimateteam', 'dicas', 'eafc25', 'gameplay', 'tutorials', 'livestreamers', 'resenha', 'frontpagetwitch', 'TOTY']",[],False
6,2025-03-29 00:01,438,ea-sports-fc-25,False,duarteej,pt,EA Sports FC 25,SEXTOOOOOUUU  l / !pix  // use code DUARTEEJ #ad,"['fps', 'Casual', 'Português', 'batlleroyale', 'conversando', 'Fortnite']",[],False
7,2025-03-29 00:10,304,marvel-rivals,False,EmmaFerrazz,pt,Marvel Rivals,Trans💋 Marvel+fortinite Drops on  !musica !pix !discord - Emma Ferraz,"['roleplay', 'portugues', 'reddead', 'marvel', 'fortinite', 'trans', 'lol', 'Português']",[],False
7,2025-03-29 00:10,304,marvel-rivals,False,Nitrao_,pt,Marvel Rivals,ESPANCANDO O CLT BRASILEIRO EDIÇÃO 1,"['Português', 'DropsAtivados']",[],False
7,2025-03-29 00:10,304,marvel-rivals,False,mrwilltvoficial,pt,Marvel Rivals,LANÇA O PIXXXXXXXXXXXXX rsrsrsrs  !livepix !slots !loja !sr 🔥,"['Português', 'naruto', 'narutobrasil', 'DropsAtivados']",[],False
8,2025-03-29 00:17,501,the-sims-4,False,Oie_Pandii,pt,The Sims 4,Madrugada com the sims  ~♡ !comandos,"['Brasil', 'Vtuber', 'Português', 'girlgamers', 'celular', 'celulargamer', 'jogosonline', 'gamesstreamer', 'VtuberBR']",[],False
8,2025-03-29 00:17,501,the-sims-4,True,mikaditee,pt,The Sims 4,⭐ 1 Negócio 3 Gerações Ep. 12 NOSSA FIONA CRESCEU! 🍄,"['Português', 'PT', 'BR', 'chat', 'batepapo', 'Cozy', 'thesims4', 'desafio', 'thesims']",[],False
8,2025-03-29 00:17,501,the-sims-4,False,lucianasimsmts,pt,The Sims 4,BORA VIVER DRAMA DA FAMILIA TAVARES NO THESIMS4 ( PARA MAIORES DE 18 ),['Português'],"['DrugsIntoxication', 'SexualThemes', 'ViolentGraphic']",False
9,2025-03-29 04:00,383,league-of-legends,True,Ivachuk,pt,League of Legends,[Vtuber] Rumo ao top 1!! Se inscreve aí familia! !comandos,"['Português', 'fps', 'Portugues', 'Strinova', 'valorant', 'HuntShowdown', 'Vtuber', 'VtuberBR', 'strinovagameplay', 'Anime']",[],False
9,2025-03-29 04:00,383,league-of-legends,False,TakashiTS09,pt,League of Legends,gamegamegame,['Português'],['ProfanityVulgarity'],False
9,2025-03-29 04:00,383,league-of-legends,False,Akrinuss,pt,League of Legends,!privacy - Dicas p subir d ELO l Mestre !cortes !duo !analise !abt !facinho,"['Português', 'Reposição']",[],False
10,2025-03-29 04:09,345,valorant,True,Nivyzera,pt,VALORANT,Ranked ascendente | Siga @nivyzera nas redes sociais❗️noping ❗️sociais ❗️pix,"['Português', 'Conversação', 'Mulher', 'Ranked', 'VALORANＴ']",[],False
10,2025-03-29 04:09,345,valorant,False,srEly,pt,VALORANT,"low elo da madrugada, boa dia | -> !metas !pix !alertas !yt #ShirtMySurvivor",['Português'],[],False
10,2025-03-29 04:09,345,valorant,False,Aquazuxa_,pt,VALORANT,HEHEHEHEHEHE ❗️fizhistoria ❗️lista ❗️pix ❗️acervo ❗️amazon ❗️jogo,"['Português', 'LGBT', 'Trans', 'mulherdebandido', 'mamainmamaintocomfome', 'soutransvaiveropé', 'valeu']",[],False
11,2025-03-29 04:16,318,marvel-rivals,False,Alynne_fs,pt,Marvel Rivals,DROPS ON (Celestial gameplay Suporte) Marvel Rivals,"['Português', 'DropsAtivados']",[],False
11,2025-03-29 04:17,318,marvel-rivals,True,DaniLiu,pt,Marvel Rivals,LIVE TESTE ❗cardápio❗regras ❗pix ❗redes ❗youtube ❗clip,"['Português', 'LGBT', 'Trans', 'DropsAtivados']",['ProfanityVulgarity'],False
11,2025-03-29 04:17,318,marvel-rivals,False,Cherry_Enxaqueca,pt,Marvel Rivals,[+18] quintou quase sexta - 💖 Fortnite e PCG ✨✨✨✨,"['FortniteStreamer', 'fortnıte', 'English', 'humor', '18plus', 'AsianGamer', 'girlstreamer', 'PCG', 'PokemonCommunityGame', 'TDAH']",[],False
12,2025-03-29 04:24,301,minecraft,False,DoleDeDole,pt,Minecraft,"DOLETONA: DIA 63 / SUB + 7 MIN, 100 BITS + 7 MIN, 1 REAL + 2 MIN - !doletona !pix !canal2 !audios !youtube !bluesky","['Português', 'RecompensasEspetadores']",[],False
12,2025-03-29 04:24,301,minecraft,False,EiMine77,pt,Minecraft,✅ RECOMPENSAS ON! | ⭐ SEJA RÁPIDO E GANHE UMA CAPA DE GRAÇA: !CAPA | 💘 INSTAGRAM: @EIMINE77 | !ajuda !rerun !sub !subgratis !loja,"['Minecraft', 'EiMine', 'Português', 'RecompensasEspetadores']",[],False
12,2025-03-29 04:24,301,minecraft,False,ZAKl1k,pt,Minecraft,🟢 MINECRAFT | ⭐ GANHE ASSISTINDO | 🌟 REESTOQUE DIA 10 ou 16 às 18h | !loja !points !prime !sub,"['Português', 'Minecraft', 'RecompensasEspetadores']",[],False
13,2025-03-29 08:01,314,counter-strike,False,VeNavas,pt,Counter-Strike,+18🟥RERUN🟥 CSZADA - LOJA ATUALIZADÍSSIMA ➡  AO VIVO FARMA MAIS!!!!⬅ ❗csgocases ❗loja ❗livepix ❗discord ❗donate,['Português'],"['MatureGame', 'ProfanityVulgarity']",True
13,2025-03-29 08:01,314,counter-strike,True,Vero_sM2,pt,Counter-Strike,cszin da Massa server Japan,"['COMPETITIVE', 'veronicacomcarinho', 'Csgo', 'VALORANT', 'kindergirl', 'Japanese日本語', 'cs2beta', 'Português']",['MatureGame'],True
13,2025-03-29 08:01,314,counter-strike,False,BrunoBalloni,pt,Counter-Strike,🔴RERUN!!!-> ❗csgocases ❗regraloja❗farm ❗sub ❗msg ❗loja,"['Português', 'fps', 'Brasil', 'counterstrike', 'cs', 'cs2', 'brazil']",['MatureGame'],False
14,2025-03-29 08:08,352,minecraft,True,TioKaMMa,pt,Minecraft,"[50+] LIVE #010 Ep#10/2025 - MINECRAFT Dos Velhinhos das Canelas Finas | TioKaMMa, o BiRRenTo IDOSO | 59 Years Old!","['Português', 'lostark', 'oscaridosos', 'TioKaMMa', 'RecompensasEspetadores']",[],False
14,2025-03-29 08:08,352,minecraft,False,EiMine77,pt,Minecraft,✅ RECOMPENSAS ON! | ⭐ SEJA RÁPIDO E GANHE UMA CAPA DE GRAÇA: !CAPA | 💘 INSTAGRAM: @EIMINE77 | !ajuda !rerun !sub !subgratis !loja,"['Minecraft', 'EiMine', 'Português', 'RecompensasEspetadores']",[],False
14,2025-03-29 08:08,352,minecraft,False,ZAKl1k,pt,Minecraft,🟢 MINECRAFT | ⭐ GANHE ASSISTINDO | 🌟 REESTOQUE DIA 10 ou 16 às 18h | !loja !points !prime !sub,"['Português', 'Minecraft', 'RecompensasEspetadores']",[],False
15,2025-03-29 12:00,523,the-sims-4,False,MirianeOliveira,pt,The Sims 4,Not So Berry 3.0 - Geração 3 Melancia Amarela 🍉 💛 | !clip !discord !sociais !loja,"['Português', 'simulação', 'simulador', 'brasil', 'ptbr']",[],False
15,2025-03-29 12:00,523,the-sims-4,True,dianasousa9,pt,The Sims 4,Digam-me o que jogar para me tirar do Sims | Porquê que está ali um guarda chuva?,"['Português', 'IRL', 'aovivo', 'aovivonatwich', 'Aoarlivre', 'inreallife', 'InRealLifeChat', 'inrealife', 'Portugal', 'LiveVlogging']",[],False
15,2025-03-29 12:00,523,the-sims-4,False,Ravenn_moon,pt,The Sims 4,🌠  DIA 01 - Fim dos tempos🌠 | !prime !sustos !elo,"['PortuguêsBR', 'LGBT', 'Português']",[],False
16,2025-03-29 12:11,549,ea-sports-fc-25,False,oBruxoFut,pt,EA Sports FC 25,"✨ WL COM KAKA E GABRIEL MAGALHÃES, GULLIT E O ETERNO SONHO DO RANK 1 ❗️tatica ❗️st ❗️lurdinha","['Português', 'muitoelegante', 'charmoso', 'bonito', 'inteligente', 'carismático', 'educado', 'proplayer', 'futebol', 'fitness']",[],False
16,2025-03-29 12:11,549,ea-sports-fc-25,True,paivinha29,pt,EA Sports FC 25,SUPER ANUNCIO 14HR- WL DO BRASFUT COM KAKA E RONALDO+ HYPE DAS 15HR !CURSO  !COINS  !TRUST  !TRADE,"['Português', 'paivinha29', 'Futebol', 'entretenimiento']",[],False
16,2025-03-29 12:11,549,ea-sports-fc-25,False,patrick11ns,pt,EA Sports FC 25,wL com Kaka + time MILIONARIO do celsão + montando time para Copa dos Streamers!  | !curso !pix !dicas,"['Português', 'proplayer', 'top9', 'resenha', 'adolfz', 'fifalize']",[],False
17,2025-03-29 12:22,425,grand-theft-auto-v,False,NTV_Games,pt,Grand Theft Auto V,🔞 🟢RERUN🟢 🔫liberty🔫 ❗Comandos ❗Pix ❗Instagram ❗tiktok ❗Rs pedir musica..,['Português'],['MatureGame'],False
17,2025-03-29 12:22,425,grand-theft-auto-v,True,iMarianaPit,pt,Grand Theft Auto V,"[ +18 ] PLF + LADO LESTE ❗️ 00 DA ALEMANHA, !cidade !pix !sub !codiguin","['English', 'girlgamers', 'ＧTA5', 'Português', 'fivem', 'Alemanha', 'LadoLesteRP', 'ladolesteroleplay', 'ladolestept2', 'tropadaalemanha']",['MatureGame'],False
17,2025-03-29 12:22,425,grand-theft-auto-v,False,bibitenebroza,pt,Grand Theft Auto V,+18 SABADOU COM S DE SAFA(METACITY RP)| !PIX !BRISANET,"['TRANS', 'Português', 'dbd', 'dbddeadbydaylgiht', 'top1dbd', 'dbdmainsurvivor']",['MatureGame'],False
18,2025-03-29 16:00,415,fortnite,False,CORALtv_,pt,Fortnite,DROPS ON ✨JOGANDO COM O CHAT  ❤️  RESGATE ITENS NA !LOJA ✨ USE CODE: COORAL #AD ✨ !RESGATE,"['Português', 'Fortnite', 'sorteio', 'VbucksGrátis', 'sorteios', 'vbucks', 'jogandocomespectadores', 'DropsAtivados']",[],False
18,2025-03-29 16:00,415,fortnite,False,joohn_garcia,pt,Fortnite,NOSSO LUGAR ESPECIAL - 🔵COD APOIADOR: JOHNZ,"['Gay', 'gameplay', 'nerd', 'playstation', 'inglês', 'Português', 'fortnite', 'Overawatch', 'terror', 'LGBTQIA']",[],False
18,2025-03-29 16:00,415,fortnite,False,Pedro017Yt,pt,Fortnite,(DROPS ON) FORTNITE + RESGATE ITENS ASSISTINDO A LIVE (❗loja) 🍉 !PIX 🍉,"['Português', 'Fortnite', 'Jogandocomespectadores', 'DropsEnable', 'DropsAtivados']",[],False
19,2025-03-29 16:09,551,minecraft,True,EiMine77,pt,Minecraft,✅ RECOMPENSAS ON! | ⭐ SEJA RÁPIDO E GANHE UMA CAPA DE GRAÇA: !CAPA | 💘 INSTAGRAM: @EIMINE77 | !ajuda !rerun !sub !subgratis !loja,"['Minecraft', 'EiMine', 'Português', 'RecompensasEspetadores']",[],False
19,2025-03-29 16:09,551,minecraft,False,HenriqueOph,pt,Minecraft,DROP DE CAPA ATIVO DIGITE: !CAPA - ESPECIAL 10 HORAS ON SERVE BEDROCK & HARDCORE EP 10,"['Português', 'minecraft', 'Hardcore', 'HardMode', 'sobrevivencia', '1VIDA', 'hardcoregamer', 'Singlerplayer', 'MINEDROP', 'TIKTOKCAPA']",[],False
19,2025-03-29 16:09,551,minecraft,False,uFyos,pt,Minecraft,DROP DE CAPA ATIVO❗ Use !CAPA | !Sub !Party,"['Português', 'entretenimiento', 'uFyos', 'RecompensasEspetadores']",[],False
20,2025-03-29 16:20,471,sea-of-thieves,True,WiecGames,pt,Sea of Thieves,[🟢Drops ON🟢] Sea of Thieves - 👑CERCO A COROA👑 @CSoTBR com o caster @HWmalk Time: @cmdsurfista e @srfucks,"['Português', 'DropsAtivados']",[],False
20,2025-03-29 16:20,471,sea-of-thieves,False,HWmalk,pt,Sea of Thieves,👑 CERCO À COROA 👑 !cerco !times !sotbr,"['Português', 'AMA', 'Brasil', 'RPG', 'música', 'Conversação', 'RockRoll', 'Ansiedade', 'Interativo', 'DropsAtivados']",[],False
20,2025-03-29 16:20,471,sea-of-thieves,False,DorSmiley,pt,Sea of Thieves,🟢Evento Cerco à Coroa  | TDM | @hwmalk Parceiro do @csotbr  e  @lendasdomar !Comandos !drops !tdm,"['Ação', 'Aventura', 'Comédia', 'Português', 'Xingamentos', 'seaofthieves', 'PvEPvP', 'SoTPvp', 'seaofthieveseason15', 'DropsAtivados']",['ProfanityVulgarity'],False
21,2025-03-29 16:30,368,marvel-rivals,False,Momolezinha,pt,Marvel Rivals,DROPS ON! CELESTIAL MAIN PSYLOCKE/STARLORD!🔥SIGAM SOCIAIS -> @Momolezinha |❗pix com VOZES❗analise ❗youtube,"['Português', 'Heroshooter', 'marvelrivals', 'DropsAtivados']",[],False
21,2025-03-29 16:30,368,marvel-rivals,True,mrwilltvoficial,pt,Marvel Rivals,"NÃO SAIO DO BRONZE NUNCA, ABALO rsrsrsrs  !livepix !slots !loja !sr 🔥","['Português', 'naruto', 'narutobrasil', 'DropsAtivados']",[],False
21,2025-03-29 16:30,368,marvel-rivals,False,LuBuuu,pt,Marvel Rivals,PRIMEIRO SUBATHON -> !regras | !comando !youtube !tiktok,"['Português', 'Brasil', 'marvelrivals', 'LearningEnglish', 'Competitivo', 'English', 'DropsAtivados']",[],False
22,2025-03-29 16:38,392,overwatch-2,False,tony_lvl,pt,Overwatch 2,Tank? - #OverwatchCreator #OWPartner,"['Português', 'DPS', 'Ranked', 'OverwatchCreators', 'Competitivo', 'Overwatch2', 'OW2Giveaway', 'Hitscan', 'Ashe', 'marvelrivals']",['ProfanityVulgarity'],False
22,2025-03-29 16:38,392,overwatch-2,False,Lullu_luo,pt,Overwatch 2,【 VTUBER 】【 DROPS 】JOGANDO OVERWATCH 2 !clip !discord !lurk,"['Vtuber', 'VtuberBR', 'Collab', 'vtubo', '4fun', 'Mulher', 'ptbr', 'Português', 'overwatch2', 'DropsAtivados']",[],False
22,2025-03-29 16:38,392,overwatch-2,False,Flokiis,pt,Overwatch 2,#17 ❄️ mais tarde tem minescreft ❄️ NOVO comando > !brincar,"['Português', 'brasilgaming', 'minecraft', 'minecraftmods', 'DropsAtivados']",[],False
23,2025-03-29 20:00,508,league-of-legends,False,idrewzada,pt,League of Legends,"SORTEIO DE UM FONE GAMER, SÓ DEIXAR O SUB  <3 !PIX !POKESTART","['Português', 'irlstream', 'gamesstreamer', 'jogandocomochat', 'meme', 'JogardorCasual', 'jogando', 'JogardorCasual', 'jogadetudo']",[],False
23,2025-03-29 20:00,508,league-of-legends,False,ScoTTIwaNo,pt,League of Legends,!pix - ARAM mais feio do brasil,['Português'],[],False
23,2025-03-29 20:00,508,league-of-legends,False,Mikabela_,pt,League of Legends,soloq platina,"['akali', 'suporte', 'mid', 'soraka', 'Português']",[],False
24,2025-03-29 20:11,503,fortnite,False,simoesgm,pt,Fortnite,(DROPS ON) MEU PRIMEIRO MAPA NO FORTNITE / ADD GERAL HOJE.  !PIX !drop,"['Português', 'DropsAtivados']",[],False
24,2025-03-29 20:11,503,fortnite,True,rextk12,pt,Fortnite,DROPS DE LIVE DE FORTNITE BATTLEROYAL,"['vtuber', 'portugues', 'bloxfruits', 'robloxgames', 'liveroblox', 'Português', 'fortnitegaminglive', 'terror', 'ROBUX', 'FortniteBattleRoyale']",[],False
24,2025-03-29 20:11,503,fortnite,False,beletz_,pt,Fortnite,DROPS ON 💚 RESGATE ITENS GRÁTIS NO FORTNITE ✨ USE CODE: BELETZ ✨!CODE !PIX,"['portugues', 'fortnite', 'fortnitetrocacao', 'stream', 'Português', 'girlgamers', 'DropsAtivados']",[],False
25,2025-03-29 20:21,525,grand-theft-auto-v,True,NTV_Games,pt,Grand Theft Auto V,🔞 🟢RERUN🟢 🔫liberty🔫 ❗Comandos ❗Pix ❗Instagram ❗tiktok ❗Rs pedir musica..,['Português'],['MatureGame'],False
25,2025-03-29 20:21,525,grand-theft-auto-v,False,IamLaysa,pt,Grand Theft Auto V,[GTA RP +18] MOSTRANDO O RESULTADO DO CORTE!,['Português'],['MatureGame'],False
25,2025-03-29 20:21,525,grand-theft-auto-v,False,SeergioRP,pt,Grand Theft Auto V,🔞 🔴 VOVO DO CR$ME 🔴OBRIGADO PELA PRESSENÇA DE VOÇES,"['Português', 'Reposição']",['MatureGame'],False
26,2025-03-29 20:32,452,minecraft,False,EiMine77,pt,Minecraft,✅ RECOMPENSAS ON! | ⭐ SEJA RÁPIDO E GANHE UMA CAPA DE GRAÇA: !CAPA | 💘 INSTAGRAM: @EIMINE77 | !ajuda !rerun !sub !subgratis !loja,"['Minecraft', 'EiMine', 'Português', 'RecompensasEspetadores']",[],False
26,2025-03-29 20:32,452,minecraft,False,uFyos,pt,Minecraft,DROP DE CAPA ATIVO❗ Use !CAPA | !Sub !Party,"['Português', 'entretenimiento', 'uFyos', 'RecompensasEspetadores']",[],False
26,2025-03-29 20:32,452,minecraft,False,BolhaSuco,pt,Minecraft,MINECRAFT CORROMPIDOS !!! Cheguei,"['MineCorrompidos', 'Português', 'RecompensasEspetadores']",[],False
27,2025-03-30 00:00,370,sea-of-thieves,False,HWmalk,pt,Sea of Thieves,Suave na 🛸 !drop,"['Português', 'AMA', 'Brasil', 'RPG', 'música', 'Conversação', 'RockRoll', 'Ansiedade', 'Interativo', 'DropsAtivados']",[],False
27,2025-03-30 00:00,370,sea-of-thieves,True,NevousEmero,pt,Sea of Thieves,"Primeiro a gente começa, depois a gente se ferra. (BRA/ENG)","['Pirata', 'PvE', 'PvP', 'Portugues', 'Ingles', 'mmorpg', 'Português', 'DropsAtivados']",[],False
27,2025-03-30 00:00,370,sea-of-thieves,False,vitaolol_,pt,Sea of Thieves,(NO ADS) (DROPS ON!) ⚓  LIVE TODOS OS DIAS DO ANO! ⚓    -  ✅ 88/365,"['Português', 'DropsAtivados']",['ProfanityVulgarity'],False
28,2025-03-30 00:08,561,grand-theft-auto-v,False,LipinhOr,pt,Grand Theft Auto V,SABADÃO DOS JOGOS! | ❗Eneba,"['Português', 'gta', 'roleplay']",['MatureGame'],False
28,2025-03-30 00:08,561,grand-theft-auto-v,False,hazaprp,pt,Grand Theft Auto V,+18 PRODIGY RP - DIA DE MALANDRAGI - !LIVEPIX !PRODIGY,"['RP', 'Português', 'ProdigyRP']",['MatureGame'],False
28,2025-03-30 00:08,561,grand-theft-auto-v,False,Oh_Queiroz,pt,Grand Theft Auto V,[🇧🇷 +18 GTA] CONTRATAÇÃO PRA FAVELA✅🔥,"['Português', 'gta', 'GTARP', 'paulinhooloko', 'yuri22', 'GTARPLIVE']",['MatureGame'],False
29,2025-03-30 00:19,361,the-sims-4,False,lunyxrp,pt,The Sims 4,Bora de RP... Lia Martins na Oasis RP,"['Roleplay', 'gtaroleplay', 'RP', 'Português']",[],False
29,2025-03-30 00:19,361,the-sims-4,True,mikaditee,pt,The Sims 4,⭐ vamos construir uma casinha por aqui🍄,"['Português', 'PT', 'BR', 'chat', 'batepapo', 'Cozy', 'thesims4', 'desafio', 'thesims']",[],False
29,2025-03-30 00:20,361,the-sims-4,False,letixiasims,pt,The Sims 4,【Vtuber Simmer】#195 - ⭐ desafio dos signos / star sign ⭐ ep. 29 - gen 2 ⭐ !desafio !mods !bttv,"['Acolhedor', 'Português', 'pngtuber', 'PNGtuberBR', 'cozyvibes', 'LGBTQIAFriendly', 'cozygaming', 'Comfy', 'modded', 'conteudopersonalizado']","['DrugsIntoxication', 'ProfanityVulgarity']",False
30,2025-03-30 00:27,312,marvel-rivals,True,Alynne_fs,pt,Marvel Rivals,PEGUEI ETERNIDADE! (gameplay Suporte) Marvel Rivals! Drops ON,"['Português', 'DropsAtivados']",[],False
30,2025-03-30 00:27,312,marvel-rivals,False,noobzinhavs,pt,Marvel Rivals,Boa noitee>Lives Seg a SAB às20h],"['Português', 'dixlecia', 'DropsAtivados']",[],False
30,2025-03-30 00:28,312,marvel-rivals,False,Nitrao_,pt,Marvel Rivals,"SUBATHON COM MARVEL, OVER E MUITO MAIS !EXITLAG","['Português', 'DropsAtivados']",[],False
31,2025-03-30 00:34,427,counter-strike,False,cogu,pt,Counter-Strike,LEGACY COGU -  just another day ❗️cortes ❗️sociais ❗️nesha ❗️csgofast ❗️oração,"['cs', 'Português']",['MatureGame'],False
31,2025-03-30 00:35,427,counter-strike,False,taruhgg,pt,Counter-Strike,RUMO AOS 30K NA PREMIER ❗curso ❗csgobig ❗neshastore ❗skinclub,['Português'],['MatureGame'],False
31,2025-03-30 00:35,427,counter-strike,False,waveigl,pt,Counter-Strike,"+18 🔞 WAVEIGL ❤️   PACIENCIA, FOCO E FE   !LIVEPIX",['Português'],"['MatureGame', 'ProfanityVulgarity']",False
32,2025-03-30 04:01,448,league-of-legends,False,Ferfurento,pt,League of Legends,DIA 22 Ferfuthon 🎉🎉🎉🥳 |Todos os timers dobrados | !pix |!discord | !insta | !SR ON (ONLY SUBS/VIPS),"['adulto', 'aram', 'entretenimento', 'conversa', 'ferfurento', 'ARAM', 'Português', 'songrequest', 'leagueoflegends', 'valorant']",[],False
32,2025-03-30 04:01,448,league-of-legends,False,Akrinuss,pt,League of Legends,!privacy - Dicas p subir d ELO l Mestre !cortes !duo !analise !abt !facinho,"['Português', 'Reposição']",[],False
32,2025-03-30 04:01,448,league-of-legends,False,ClovaoBengala,pt,League of Legends,CLOVIS THE BENGS NA SOLOQ HIGH ELO !loco !EXITLAG !rag !pix !ad !social,"['Português', 'League', 'leagueoflegeneds', 'lol', 'jogos']",[],True
33,2025-03-30 04:10,598,sea-of-thieves,False,Manopele,pt,Sea of Thieves,Pele o piratinha - Chega mais - !Comandos,"['portugues', 'Português', 'DropsAtivados']",[],False
33,2025-03-30 04:10,598,sea-of-thieves,True,HWmalk,pt,Sea of Thieves,Suave na 🛸 !drop,"['Português', 'AMA', 'Brasil', 'RPG', 'música', 'Conversação', 'RockRoll', 'Ansiedade', 'Interativo', 'DropsAtivados']",[],False
33,2025-03-30 04:10,598,sea-of-thieves,False,jota_play14,pt,Sea of Thieves,jogando sea com gringos,"['Português', 'seaofthieves', 'BR', 'DropsAtivados']",[],True
34,2025-03-30 04:22,559,minecraft,False,saverdaaa,pt,Minecraft,Servidor de mine para subs - FEDOLISMO DIA 01 - !mine !clip !historia,"['Portugues', 'jojofag', 'nseifazelive', 'depressao', 'colica', 'valorant', 'mulher', 'maconha', 'gato', 'sorteio']","['DrugsIntoxication', 'ProfanityVulgarity', 'SexualThemes']",False
34,2025-03-30 04:22,559,minecraft,True,EiMine77,pt,Minecraft,✅ RECOMPENSAS ON! | ⭐ SEJA RÁPIDO E GANHE UMA CAPA DE GRAÇA: !CAPA | 💘 INSTAGRAM: @EIMINE77 | !ajuda !rerun !sub !subgratis !loja,"['Minecraft', 'EiMine', 'Português', 'RecompensasEspetadores']",[],False
34,2025-03-30 04:23,559,minecraft,False,ZAKl1k,pt,Minecraft,🟢 MINECRAFT | ⭐ GANHE ASSISTINDO | 🌟 REESTOQUE DIA 10 ou 16 às 18h | !loja !points !prime !sub,"['Português', 'Minecraft', 'RecompensasEspetadores']",[],False
35,2025-03-30 08:00,543,grand-theft-auto-v,False,NTV_Games,pt,Grand Theft Auto V,🔞 🟢RERUN🟢 🔫liberty🔫 ❗Comandos ❗Pix ❗Instagram ❗tiktok ❗Rs pedir musica..,['Português'],['MatureGame'],False
35,2025-03-30 08:00,543,grand-theft-auto-v,False,SeergioRP,pt,Grand Theft Auto V,🔞 🔴 VOVO DO CR$ME 🔴OBRIGADO PELA PRESSENÇA DE VOÇES,"['Português', 'Reposição']",['MatureGame'],False
35,2025-03-30 08:00,543,grand-theft-auto-v,False,Gaules,pt,Grand Theft Auto V,RERUN: Grand Theft Mulas!- !socio - Siga @Gaules nas redes,['Português'],['MatureGame'],True
36,2025-03-30 08:11,382,valorant,True,amandadetonatiii,pt,VALORANT,PRIMEIRA SUBATHON DA DETONATIIII - DIA 2 (TO COM MEDO) !tiktok !exitlag !amazon !pix !video !discord !youtube,"['Português', 'miruda', 'troll', 'radianteumavez']",[],False
36,2025-03-30 08:11,382,valorant,False,westleysss,pt,VALORANT,RUMO A IMMORTAL!,['Português'],[],False
36,2025-03-30 08:11,382,valorant,False,waveigl,pt,VALORANT,+18 🔞 WAVEIGL ❤️Digite !clashgg VALORANT OBRIGADO PELO F0RSA E CAFFEX7,['Português'],['ProfanityVulgarity'],False
37,2025-03-30 08:19,560,ea-sports-fc-25,True,Markyn11,pt,EA Sports FC 25,DOMINGAO E DIA DE WL  + PACKS AGORA  - /BRASIL/PORTUGAL,"['BRASIL', 'PORTUGUES', 'FUTEBOL', 'BRASILEIRO', 'ULTMATEAM', 'WL', 'futchampions', 'UFL', 'EAFC25', 'Português']",[],False
37,2025-03-30 08:19,560,ea-sports-fc-25,False,DieguitoPotter,pt,EA Sports FC 25,🔴 DieGULLIT Potter no FUT-CHAMPIONS ⚽🔥!Mbway !Prozis !Divoom !Switch !Social ✅,"['Português', 'eafc25', 'packopening', 'ultimateteam', 'futbirthday', 'rage']",[],False
37,2025-03-30 08:20,560,ea-sports-fc-25,False,xGuuhGabrielx,pt,EA Sports FC 25,"2/0 na WL em Busca do Rank 2, Inicio de WL em 3 Contas, DMEs, Packs e Resenha | DIGITE !Livepix !cliente !grupo !sorteio !meta","['EASPORTS', 'EAFC', 'eafc25', 'ultimateteam', 'fc25', 'fc25gameplay', 'Português', 'Paivinha29', 'Carpentieri', 'Adolfz']",[],False
38,2025-03-30 12:00,393,overwatch-2,False,MiMoretz,pt,Overwatch 2,6v6v6v6v6,"['Português', 'DropsAtivados']",[],False
38,2025-03-30 12:00,393,overwatch-2,False,mae_joga45,pt,Overwatch 2,(+18) 🎮 {DROPS ON} Vem ver a play buscando a pro e a streamer 📷  que esse mod esta aprontando,"['Português', 'jogodeterror', 'jogofps', 'diversãogarantida', 'DropsAtivados']",[],False
38,2025-03-30 12:00,393,overwatch-2,False,AnnoreAngel,pt,Overwatch 2,🌸 𝟐𝟎 𝐇𝐑𝐒 𝐎𝐍𝐋𝐈𝐍𝐄 🌸❗ꜱʀ❗ꜱɴᴀᴘᴄʜᴀᴛ❗ᴛɪᴋᴛᴏᴋ❗ʏᴏᴜᴛᴜʙᴇ❗ᴅɪꜱᴄᴏʀᴅ❗ᴘɪx,"['ANGEL', 'CUTE', 'GIRL', 'BRASILEIRA', 'PORTUGUÊS', 'ESPANHOL', 'DROPSATIVADOS', 'OVERWATCH2', 'WORDWARZ', 'NARAKABLADEPOINT']",[],False
39,2025-03-30 12:09,396,fortnite,False,CORALtv_,pt,Fortnite,DROPS ON ✨ JOGANDO COM O CHAT ❤️ FARM VBUCKS ASSISTINDO A LIVE !LOJA✨ USE CODE: CORALTV #AD ✨!PIX !RESGATE !JOGAR,"['Português', 'Fortnite', 'sorteio', 'VbucksGrátis', 'sorteios', 'vbucks', 'jogandocomespectadores', 'DropsAtivados']",[],False
39,2025-03-30 12:09,396,fortnite,True,rextk12,pt,Fortnite,DROPS DE LIVE DE FORTNITE BATTLEROYAL,"['vtuber', 'portugues', 'bloxfruits', 'robloxgames', 'liveroblox', 'Português', 'fortnitegaminglive', 'terror', 'ROBUX', 'FortniteBattleRoyale']",[],False
39,2025-03-30 12:09,396,fortnite,False,Xerekiss,pt,Fortnite,[DROP ON] BORA DE FORTNELSON?! | RESGATE ITENS ASSISTINDO A LIVE (❗loja) | CODE: XEREKISS #ad,"['Português', 'Brasil', 'fps', 'Fortnite', 'Portugal', 'battleroyale', 'DropsAtivados']",[],False
40,2025-03-30 12:17,458,sea-of-thieves,False,zFrost7_,pt,Sea of Thieves,|(+18) |PT-BR|    Bom dia !     | ❗discord | ❗comandos |,"['seaofthieves', 'vava', 'Valorant', 'PvE', 'DeadByDaylight', 'DBD', 'GTA', 'Português', 'HuntShowdownPC', 'HuntShowdown']",['ProfanityVulgarity'],True
40,2025-03-30 12:17,458,sea-of-thieves,False,cadusper,pt,Sea of Thieves,Liveterapia do Cadu - 30/03/2025,"['Português', 'DropsAtivados']",[],False
40,2025-03-30 12:17,458,sea-of-thieves,False,Nicolaulb,pt,Sea of Thieves,HG ! É hoje que os meus anéis vao brilhar dos ceifador !  :) Comandos !discord !Clip,"['Português', 'parceiros', 'portugués', 'Portugal', 'drospactivados', 'drops', 'DropsAtivados']",[],False
41,2025-03-30 12:29,392,minecraft,False,LipinhOr,pt,Minecraft,DOMINGÃO BEBO EM LIVE! | ❗Eneba,"['Português', 'gta', 'roleplay', 'RecompensasEspetadores']",[],False
41,2025-03-30 12:29,392,minecraft,False,uFyos,pt,Minecraft,DROP DE CAPA ATIVO❗ Use !CAPA | !Sub !Fanty,"['Português', 'entretenimiento', 'uFyos', 'RecompensasEspetadores']",[],False
41,2025-03-30 12:30,392,minecraft,False,moraismta,pt,Minecraft,FIM DE SEMANA DO AMOR❗️TADA ❗️SUPERBET (+18),"['Português', 'RecompensasEspetadores']",[],False
42,2025-03-30 12:38,551,league-of-legends,True,nako,pt,League of Legends,SEASON 15 - OTP MASTER YI - ESMERALDA >> MASTER/GM - FOCADO TRYHARD | !desafio !youtube,"['Português', 'English', 'M', 'A', 'S', 'T', 'E', 'R', 'Y', 'I']",[],False
42,2025-03-30 12:38,551,league-of-legends,False,YoDa,pt,League of Legends,LOL COM !VOICE  - OPERACAO LOL 2 - START 160 PDL - DOMINGAO DO YODAO,['Português'],[],False
42,2025-03-30 12:38,551,league-of-legends,False,Minerva,pt,League of Legends,😈 SOLOQ TRYHARD + GAMES VARIADOS MAIS TARDE  !pix !cortes !youtube !lives !mortes,['Português'],[],False
43,2025-03-30 16:00,421,counter-strike,False,Gaules,pt,Counter-Strike,Vitality vs Mouz Grande Final Blast Open Lisboa - !socio - Siga @Gaules nas redes - #AGONBYAOCBR #AOCGaming @AgonByAOCBR,['Português'],['MatureGame'],True
43,2025-03-30 16:00,421,counter-strike,False,SLKRETROZADA,pt,Counter-Strike,DOMINGOUU LOBBY INSANOS  !CSGO.NET !vaquinha !otimização @matazera @pezingamer   @betaozera @GabzeraWZ,"['mouse', 'teclado', 'portugues', 'competitivo', 'proplayerPortuguês', 'proplayer', 'proplayer', 'CS2', 'cs2counterstrike2', 'cs2major']",['MatureGame'],False
43,2025-03-30 16:00,421,counter-strike,False,eLyzao,pt,Counter-Strike,!TICKET SORTEIO 25 REAIS FINAL DA LIVE  !!!! SORTEIO DOS SUBS DIA 31 5 SKINS ( 500 REAIS EM SKINS )     ❗Nesha ❗iox +18,['Português'],['MatureGame'],False
44,2025-03-30 16:09,575,fortnite,False,rextk12,pt,Fortnite,DROPS DE LIVE DE FORTNITE BATTLEROYAL,"['vtuber', 'portugues', 'bloxfruits', 'robloxgames', 'liveroblox', 'Português', 'fortnitegaminglive', 'terror', 'ROBUX', 'FortniteBattleRoyale']",[],False
44,2025-03-30 16:09,575,fortnite,False,beletz_,pt,Fortnite,🏆 CAMPEONATO RELOAD DUO FORTNITE 🏆TRANSMISSÃO AO VIVO + SORTEIOS ✨ USE CODE: BELETZ ✨!CODE !PIX,"['portugues', 'fortnite', 'fortnitetrocacao', 'stream', 'Português', 'girlgamers', 'DropsAtivados']",[],False
44,2025-03-30 16:10,575,fortnite,False,ibagftn1,pt,Fortnite,"[drops on] GRIND DE CADA DIA!  USE CODE ""IBAGFTN1""  #Ad | !pix !video !insta","['Português', 'EpicPartner', 'BattleRoyale', 'brasil', 'Portugal', 'Fortnite', 'Español', 'DropsAtivados']",[],False
45,2025-03-30 16:21,510,ea-sports-fc-25,False,bahvitao,pt,EA Sports FC 25,LIVEZINHA CURTA DE DOMINGO,"['Português', 'Esportes']",[],False
45,2025-03-30 16:21,510,ea-sports-fc-25,True,paivinha29,pt,EA Sports FC 25,SUAREZ 94 EVO NA WL E RESENHA COM PAIVUDO  !CURSO  !COINS  !TRUST  !TRADE,"['Português', 'paivinha29', 'Futebol', 'entretenimiento']",[],False
45,2025-03-30 16:21,510,ea-sports-fc-25,False,Miguel_conde99,pt,EA Sports FC 25,COMEÇAR OS FUTCHAMPIONS DA MALTA/CONTEÚDO DAS 18H/PACK OPENING/!comandos,['Português'],[],False
46,2025-03-30 20:00,597,valorant,False,TcK10,pt,VALORANT,LOUD x 2G | SUPER C9 x LEV 21H | VCT AMERICAS 🏆 !GROWTH 🏆 SIGA EM @TcK10 #VCTWatchParty,"['melhordomundo', 'radiante', 'incrível', 'valorant', 'Português']",[],False
46,2025-03-30 20:00,597,valorant,True,sacy,pt,VALORANT,2G vs LOUD / VCT AMERICAS - #VCTWATCHPARTY,['Português'],[],False
46,2025-03-30 20:00,597,valorant,False,waveigl,pt,VALORANT,+18 🔞 WAVEIGL ❤️Digite !clashgg VALORANT OBRIGADO PELO F0RSA E CAFFEX7,['Português'],['ProfanityVulgarity'],False
47,2025-03-30 20:12,340,grand-theft-auto-v,False,NTV_Games,pt,Grand Theft Auto V,🔞 🟢RERUN🟢 🔫liberty🔫 ❗Comandos ❗Pix ❗Instagram ❗tiktok ❗Rs pedir musica..,['Português'],['MatureGame'],False
47,2025-03-30 20:12,340,grand-theft-auto-v,False,vitinfps7_,pt,Grand Theft Auto V,FIVEM TEMA RJ   !PIX !PC !RES,"['Português', 'Reposição']",['MatureGame'],True
47,2025-03-30 20:12,340,grand-theft-auto-v,False,CielGameplay,pt,Grand Theft Auto V,+18 | sumi fíi | ❗pix ❗sorteio ❗comandos | @cielgameplay,"['BR', 'Português', 'GTAⅤ', 'JogandoComOChat', 'fc25']","['MatureGame', 'ProfanityVulgarity']",True
48,2025-03-30 20:20,401,roblox,False,thalleco77,pt,ROBLOX,BLOX FRUITS🔴 AO VIVO 🔴,"['gta', 'GTARPLIVE', 'gtavpRP', 'gta5roleplayer', 'Português', 'Reposição']",[],False
48,2025-03-30 20:20,401,roblox,True,AmandaxPrinces,pt,ROBLOX,Jogando com o CHAT ✨❤️  !jogar,"['funny', 'Português', 'girl', 'FPS', 'cinema', 'SafeSpace', 'mulher', 'alegre', 'sustos', 'jogosdeterror']",[],False
48,2025-03-30 20:20,401,roblox,False,MissVinum,pt,ROBLOX,FILMES COM AS FILHAS E SUBWEEKEND ~💜Vivendo da minha arte💜- DIA 89 ❗caneca ❗regras ❗sr ❗pix ❗leilão ❗sons ❗sub,['Português'],[],False
49,2025-03-30 20:29,495,the-sims-4,False,babymda,pt,The Sims 4,baixando the sims,['Português'],[],False
49,2025-03-30 20:29,495,the-sims-4,True,hdceli,pt,The Sims 4,QUARTA E ULTIMA LIVE DO MÊS BORAAAA | 20 reais = te crio no the sims | !livepix !whislist,['Português'],[],False
49,2025-03-30 20:29,495,the-sims-4,False,XpEricaqX,pt,The Sims 4,Como esse chat é louco- The Sims 4 com o chat✨ - !dc !help,"['WomenGamers', 'LGBTQIAFriendlySpace', 'Chattingstream', 'thesims4', 'English', 'Portuguese', 'Português']",[],False
0,2025-03-31 19:24,560,league-of-legends,False,idrewzada,pt,League of Legends,"SORTEIO DE UM FONE GAMER, SÓ DEIXAR O SUB  <3 !PIX !POKESTART","['Português', 'irlstream', 'gamesstreamer', 'jogandocomochat', 'meme', 'JogardorCasual', 'jogando', 'JogardorCasual', 'jogadetudo']",[],False
0,2025-03-31 19:24,560,league-of-legends,False,LTASul,pt,League of Legends,STE 1x1 LOS | Semana 3 - Dia 1 | Circuito Desafiante 2025 - Etapa 1 (Md3),"['Português', 'LoL', 'LeagueofLegends', 'LTASul', 'LTA', 'DropsAtivados', 'FirstStand']",[],False
0,2025-03-31 19:24,560,league-of-legends,False,gORDOx,pt,League of Legends,UMA VITORIA PARA O BRONZE NA SMURF  !pix !loja  (DE NOVO),"['gordox', 'cs', 'cs2', 'lol', 'leagueoflegends', 'Português']",[],False
1,2025-03-31 19:35,364,grand-theft-auto-v,False,NTV_Games,pt,Grand Theft Auto V,🔞 🟢RERUN🟢 🔫liberty🔫 ❗Comandos ❗Pix ❗Instagram ❗tiktok ❗Rs pedir musica..,['Português'],['MatureGame'],False
1,2025-03-31 19:35,364,grand-theft-auto-v,True,OGALOJOGA,pt,Grand Theft Auto V,[DANAVERSO RP] - PRIMEIRO DIA DO GENJI NA CIDADE! - !pix !pc !ticket,"['Português', 'roleplayer', 'fivem', 'gta']",['MatureGame'],False
1,2025-03-31 19:35,364,grand-theft-auto-v,False,bibitenebroza,pt,Grand Theft Auto V,+18 A NOVA ERA VEIO AI. {RISE RP} (METACITY RP) | !PIX !BRISANET,"['TRANS', 'Português', 'dbd', 'dbddeadbydaylgiht', 'top1dbd', 'dbdmainsurvivor']",['MatureGame'],False
2,2025-03-31 19:43,535,valorant,True,MegeraBruna,pt,VALORANT,"Meu Limão, Meu Limoeiro. [+18] / !discord / !elo / !regras / !pix / !instagram/ !nick/ !Sorteio/ !clip/ !Sr /  !subathon","['Português', 'valorant', 'gamergirl', 'fps', 'gamer']",[],False
2,2025-03-31 19:43,535,valorant,False,Yagamijj,pt,VALORANT,🔥Farm Mecoins | Valorant | ❗Pix | ❗Mentora | ❗Youtube | ❗Upboost | Siga @yagamijj | Delay 60s,"['Rock', 'Flamengo', 'TDAH', 'Competitivo', 'Humor', 'LinkinPark', 'Caster', 'Mentora', 'valorant', 'DeathNote']",[],False
2,2025-03-31 19:43,535,valorant,False,JotaEZ_,pt,VALORANT,🔞 Do Ouro ao Radiante!   ❗Pix ❗Instagram ❗Ds ❗Pc ❗Loja ❗Elo,"['gtafivem', 'fivem', 'gta5', 'valorant', 'capitalcity', 'capitalcityrp', 'capitalrp', 'CAPITAL', 'VALORANＴ', 'sonic']",[],True
3,2025-03-31 19:54,387,overwatch-2,True,CosminhaS2,pt,Overwatch 2,[DROPS] HOJE SORTEIO DA ARMA MITICA DA WIDOWMAKER   ❗PIX ❗MIRA ❗X #OverwatchCreator #OW2Season15,"['Português', 'OverwatchCreators']",[],False
3,2025-03-31 19:54,387,overwatch-2,False,b0lean,pt,Overwatch 2,overwatch com o chat -> r6 com os crias,"['bolin', 'portugues', 'bolinho', 'PlayingwithViewers', 'Português', 'chillingstream', 'overwatchstreamer', 'R6livestream']",[],False
3,2025-03-31 19:54,387,overwatch-2,False,joohn_garcia,pt,Overwatch 2,NOSSO LUGAR ESPECIAL - 🔵COD APOIADOR: JOHNZ,"['Gay', 'gameplay', 'nerd', 'playstation', 'inglês', 'Português', 'fortnite', 'Overawatch', 'terror', 'LGBTQIA']",[],False
4,2025-03-31 20:02,350,sea-of-thieves,False,CapitaoSerket,pt,Sea of Thieves,UPANDO A REPUTAÇÃO NOVA - !NEBULA JOGUE SEA PELO GAME PASS!!,"['Português', 'JogosVariados', 'Inglês', 'seaofthieves', 'SeaOfThievesPartner', 'SeaofThievesgameplay']",[],False
4,2025-03-31 20:02,350,sea-of-thieves,True,iamcomH,pt,Sea of Thieves,AHOY!! Segundou da melhor forma!! Parceiro do @lendasdomar e @csotbr - !discord !pix !lendas !csotbr !comandos,"['Português', 'Español', 'game', 'conversa', 'seaofthieves']",[],False
4,2025-03-31 20:03,350,sea-of-thieves,False,DorSmiley,pt,Sea of Thieves,"🟢Dia de caos, Segundou| PVP + tarde | Parceiro do @lendasdomar e @csotbr  !Comandos !drops !tdm","['Ação', 'Aventura', 'Comédia', 'Português', 'Xingamentos', 'seaofthieves', 'PvEPvP', 'SoTPvp', 'seaofthieveseason15']",['ProfanityVulgarity'],False
5,2025-03-31 20:11,442,the-sims-4,False,makkatv,pt,The Sims 4,🇵🇹 🔴 Construir a casa do Big Makka - DAY 5 🔴 #RETRO25 !retromakka !youtube !tiktok !instagram !comandos !#letsfgo,"['Retro', 'RPG', 'Story', 'Chatting', 'LoFi', 'Português', 'Firstplaythrough', 'Portugal', 'Singleplayer', 'Cozy']",[],False
5,2025-03-31 20:11,442,the-sims-4,True,NobreConde,pt,The Sims 4,35 | REJEITE A MODERNIDADE(inZOI) ABRACE A TRADIÇÃO(The Sims) 💚🫂 - segue lá no YouTube @nobreconde | !livepix !zerado,"['Português', 'VozdeVeludo', 'QualidadeDuvidosa']",[],False
5,2025-03-31 20:11,442,the-sims-4,False,Gabscornio_,pt,The Sims 4,live zen 26/30 ❤ !pix !tiktok !upgrade !clip !onlyfans,"['Português', 'react', 'sóconversa', 'girl', 'games', 'Fortnite', 'valorant', 'Anime']",[],False
0,2025-04-01 16:20,441,sea-of-thieves,False,iamcomH,pt,Sea of Thieves,AHOY!! Bora fazer uns SotShot??!! Parceiro do @lendasdomar e @csotbr - !discord !pix !lendas !csotbr !comandos,"['Português', 'Español', 'game', 'conversa', 'seaofthieves']",[],False
0,2025-04-01 16:21,441,sea-of-thieves,False,WesleyCaribe,pt,Sea of Thieves,🇧🇷🇵🇹🏴‍☠️Campanha: Hazel Plus Massacration Advanced Tramontina Macetando Passatempo Enzo Lorenzoni,"['Português', 'bemorepirate']",[],False
0,2025-04-01 16:21,441,sea-of-thieves,False,playinghazel,pt,Sea of Thieves,ESTAMOS EM CAMPANHA! Toda ajuda é bem vinda! Mais informações -> !plus | !redes !discord !lendasdomar,"['SeaofThieves', 'Português', 'LGBTQIAPIus', 'PvP', 'PvE']",[],False
1,2025-04-01 16:30,530,ea-sports-fc-25,False,Hairzinho,pt,EA Sports FC 25,FINALIZANDO WL NA SECUNDÁRIA + HYPE DAS 15 + DME'S E WL DO BRO + !GRUPO + !PARCERIA !REDES !TIKTOK,"['ULTIMATETEAM', 'RAGE', 'ENGRACADO', 'PACKS', 'COMPETITIVO', 'Português', 'Brasil', 'WeekendLeague', 'Portugal', 'Reposição']",[],False
1,2025-04-01 16:30,530,ea-sports-fc-25,False,igol7,pt,EA Sports FC 25,"HOJE TEM CLUBS DA GALERA E PESADELO NA COZINHA |  futebol, bingol e resenha | !comandos !pix","['Português', 'Brasil', 'Esportes', 'Futebol', 'FPS', 'VidaReal', 'eafc24', 'react', 'reagindo', 'HolidayHoopla']",[],False
1,2025-04-01 16:30,530,ea-sports-fc-25,False,OBrabo_Game,pt,EA Sports FC 25,"Pro Clubs do chat, FC25 - !pix !grupo",['Português'],[],False
0,2025-04-01 18:39,448,roblox,False,ManoJesley,pt,ROBLOX,Jogando Dead Rails (Trilhos Dos Mortos) SEM USAR O TREM no Roblox com vocês!,"['Português', 'jogo', 'humor', 'game', 'terror', 'horrorgame', 'horror', 'roblox', 'robloxhorror', 'deadrails']",[],False
0,2025-04-01 18:39,448,roblox,True,ThataBigmom,pt,ROBLOX,ARAM DO CHAT ❗lojinha ❗ insta ❗ pix,['Português'],[],True
0,2025-04-01 18:39,448,roblox,False,dimensaohadouken,pt,ROBLOX,ROBLOX! - É SÓ CHEGAR E JOGAR JUNTO XD! - !discord - !youtube - !instagram,"['Português', 'AMA', 'jogadorcasual', 'jogoindie', 'jogoonline', 'jogoantigo']",[],False
1,2025-04-01 18:48,355,minecraft,True,BolhaSuco,pt,Minecraft,ACORDEI EM TENEBRIS???? #1ABRIL????,"['MineCorrompidos', 'tenebris', 'minecraft', 'lgbt', 'Português', 'RecompensasEspetadores']",[],False
1,2025-04-01 18:48,355,minecraft,False,guisobrevivente_,pt,Minecraft,[CAPE] oi bora conversar ?,"['minecraft', 'games', 'conversa', 'construcao', 'shaders', 'capa', 'Português', 'RecompensasEspetadores']",[],False
1,2025-04-01 18:48,355,minecraft,False,EiMine77,pt,Minecraft,✅ RECOMPENSAS ON! | ⭐ SEJA RÁPIDO E GANHE UMA CAPA DE GRAÇA: !CAPA | 💘 INSTAGRAM: @EIMINE77 | !ajuda !rerun !sub !subgratis !loja,"['Minecraft', 'EiMine', 'Português', 'RecompensasEspetadores']",[],False
2,2025-04-01 18:56,589,overwatch-2,False,MiMoretz,pt,Overwatch 2,6v6v6v6v6,['Português'],[],False
2,2025-04-01 18:56,589,overwatch-2,True,joohn_garcia,pt,Overwatch 2,NOSSO LUGAR ESPECIAL - 🔵COD APOIADOR: JOHNZ,"['Gay', 'gameplay', 'nerd', 'playstation', 'inglês', 'Português', 'fortnite', 'Overawatch', 'terror', 'LGBTQIA']",[],False
2,2025-04-01 18:56,589,overwatch-2,False,M4g0Kun,pt,Overwatch 2,"NOVO MÊS, NOVAS METAS |❕khazan |❕nuuvem | ❕mduck ❕kps ❕exitlag ❕rei","['Iniciantes', 'Cooperativo', 'Brasil', 'Português', 'Conversa', 'Divertido', 'Genshin', 'OverwatchCreators', 'Overwatch', 'Anime']",[],False
3,2025-04-01 19:08,510,valorant,False,RdeCarvalho,pt,VALORANT,RJ Simulator de Poderzinho | W/L: 1/2 | #4 | !pix !bits !apoie,['Português'],[],False
3,2025-04-01 19:08,510,valorant,True,nuuhfps,pt,VALORANT,🟠 LOS GRANDES 0x1 FURIA || MD3 VCB 2025 || !bonoxs !pix,"['Português', 'VALORANT', 'humor']",[],False
3,2025-04-01 19:08,510,valorant,False,sacy,pt,VALORANT,LOS GRANDES 1x1 FURIA ACADEMY - WATCHPARTY VCB,['Português'],[],False
4,2025-04-01 20:00,517,grand-theft-auto-v,True,bocaorj,pt,Grand Theft Auto V,"[+18 ]:BORA RAPAZIADA VAMOS COMEÇAR A SEMANA DA MELHOR FORMA, COM MUITA RESENHA E MUITO CONTEUDO ENTÃO BORA PRA LIVE!!!!","['Português', 'fps', 'PMSP', 'ROTA', 'choque']",['MatureGame'],False
4,2025-04-01 20:00,517,grand-theft-auto-v,False,oclenis,pt,Grand Theft Auto V,+18 RPZADA,"['Português', 'Reposição']",['MatureGame'],True
4,2025-04-01 20:01,517,grand-theft-auto-v,False,NTV_Games,pt,Grand Theft Auto V,🔞 🟢RERUN🟢 🔫liberty🔫 ❗Comandos ❗Pix ❗Instagram ❗tiktok ❗Rs pedir musica..,['Português'],['MatureGame'],False
5,2025-04-01 20:11,363,sea-of-thieves,True,ocontagia,pt,Sea of Thieves,PALHAÇO SIMPATIA e a live mais positiva do Brasil! !comandos,"['alegria', 'lol', 'Fortnite', 'seaofthieves', 'Português']",[],False
5,2025-04-01 20:11,363,sea-of-thieves,False,ofernandomaidana,pt,Sea of Thieves,🚨 24HRS DE GTA RP 🚓 !cmd !playlist,"['Português', 'seaofthieves', 'pirata', 'SongRequests', 'songrequest', 'SeaOfThievesPartner', 'SeaofThievesgameplay', 'English']",[],False
5,2025-04-01 20:11,363,sea-of-thieves,False,MegeraBruna,pt,Sea of Thieves,Megera afunda ta on [+18] / !discord / !elo / !regras / !pix / !instagram/ !nick/ !Sorteio/ !clip/ !Sr /  !subathon,"['Português', 'valorant', 'gamergirl', 'fps', 'gamer']",[],False
6,2025-04-01 20:19,584,overwatch-2,False,AnnoreAngel,pt,Overwatch 2,🌸 𝐁𝐎𝐀 𝐓𝐀𝐑𝐃𝐄 🌸❗ꜱʀ❗ꜱɴᴀᴘᴄʜᴀᴛ❗ᴛɪᴋᴛᴏᴋ❗ʏᴏᴜᴛᴜʙᴇ❗ᴅɪꜱᴄᴏʀᴅ❗ᴘɪx,"['ANGEL', 'CUTE', 'GIRL', 'BRASILEIRA', 'PORTUGUÊS', 'ESPANHOL', 'DROPSATIVADOS', 'FORTNITE', 'OVERWATCH2', 'Português']",[],False
6,2025-04-01 20:19,584,overwatch-2,True,joohn_garcia,pt,Overwatch 2,NOSSO LUGAR ESPECIAL - 🔵COD APOIADOR: JOHNZ,"['Gay', 'gameplay', 'nerd', 'playstation', 'inglês', 'Português', 'fortnite', 'Overawatch', 'terror', 'LGBTQIA']",[],False
6,2025-04-01 20:19,584,overwatch-2,False,SkyggerKriger,pt,Overwatch 2,Chega mais !queue join - sorteio !ticket (DROPS ON),"['Português', 'Multipayer', 'Casual', 'ptbr', 'Competitive', 'Meinmercy', 'hamster', 'wreckingball']",[],False
7,2025-04-02 00:00,421,league-of-legends,False,ScoTTIwaNo,pt,League of Legends,[LIVE PIX] - Câmera nova !!!!,['Português'],[],False
7,2025-04-02 00:00,421,league-of-legends,True,KamiKat,pt,League of Legends,LEAGUE OF LEGENDS BR CHALLEnGER SETUP COM CORSAIR BR - !pix !elo !pro !runa,"['Português', 'LGBT', 'gaymer', 'Gay', 'Aposentado', 'leagueoflegends', 'twinkativo', 'Smolder']",[],False
7,2025-04-02 00:00,421,league-of-legends,False,Minerva,pt,League of Legends,😈 SOLOQ TRYHARD + GAMES VARIADOS MAIS TARDE  !pix !cortes !youtube !lives !mortes,['Português'],[],False
8,2025-04-02 00:09,490,fortnite,False,gijuba_,pt,Fortnite,[!DROPS ON] vai pode contar uma mentira | Use Code Epic: GIJUBA | Resgate skins na !loja assistindo a live ♡ | !sr !social !pix !comandos,"['Português', 'DropsAtivados']",[],False
8,2025-04-02 00:09,490,fortnite,True,MamuteLIVE,pt,Fortnite,[DROP ON] 🟢AO VIVO🟢 🔥FARME EVELOPAMENTOS GRATIS AQUI🔥  8856-6162-7739 !MAPA !LOJA !NUUVEM,"['FORTNITE', 'gordo', 'Português', 'Dropshabilitados', 'conversando', 'fps', 'react', 'Sobrevivência', 'PokemonCommunityGame', 'PCG']",[],False
8,2025-04-02 00:10,490,fortnite,False,Arkane,pt,Fortnite,🔥 DROPS ON 🔥  GRÁTIS ENVELOPAMENTO MK NO FORTNITE !drop - CODE: ARKANE #EpicPartner 🔥 !loja !pix !logitech !noping !youtube !cortes,"['Português', 'DropsAtivados']",[],True
9,2025-04-02 00:20,399,counter-strike,False,Saullo,pt,Counter-Strike,ABRINDO 300x CAIXAS NOVAS no CS:2 + DIA CORINGA DE 331 MIL REAIS + DEPÓSITO NA CONTA DE VOCÊS + SORTEIO 100 DÓLARES (AO VIVO),"['Português', 'skinscsgo', 'CSGO', 'SORTEIO', 'PIX', 'SKINS', 'FPS', 'Brasil', 'CS2', 'cs2beta']",['MatureGame'],True
9,2025-04-02 00:20,399,counter-strike,False,waveigl,pt,Counter-Strike,"+18 🔞 WAVEIGL ❤️ isso é uma aula de CS2 para adultos, chat apenas !alunos |   !valorant",['Português'],"['MatureGame', 'ProfanityVulgarity']",False
9,2025-04-02 00:20,399,counter-strike,False,taruhgg,pt,Counter-Strike,Do PRATA ao GLOBAL ❗curso ❗csgobig ❗neshastore ❗skinclub,['Português'],['MatureGame'],False
10,2025-04-02 00:28,453,overwatch-2,False,Katachi_____,pt,Overwatch 2,| +18 | Será que terei paz hoje? Se pa?,['Português'],['ProfanityVulgarity'],False
10,2025-04-02 00:28,453,overwatch-2,True,exexeboy,pt,Overwatch 2,aaaaaaaaaaaaaaaaaaaaaaaaaaaaaaaaaaaaaaaaaaaaaaaaaaaaaaaaaaaaaaaaaaaaa,"['Portuguese', 'Português']",[],False
10,2025-04-02 00:28,453,overwatch-2,False,VioletKill,pt,Overwatch 2,!DROPS || 1 DE ABRIL E MEU ULTIMO DIA NO OVER || !SORTEIO,"['LGBT', 'mulher', 'gamergirl', 'FPs', 'LGBTQIA', 'TDAH', 'Português', 'giveaway', 'DropsEnabeled', 'drops']",[],False
11,2025-04-02 04:01,345,grand-theft-auto-v,True,AmaruC2,pt,Grand Theft Auto V,🔞 NOBRE ROLEPLAY 🔥 FIVE M ⚔️ ❗ 🔫 FAC MERCENÁRIOS ❗  !pix !sub ex-presidiario,"['cs2', 'tiro', 'fps', 'jogo', 'gta', 'fivem', 'nobre', 'roleplay', 'fac', '5m']",['MatureGame'],False
11,2025-04-02 04:01,345,grand-theft-auto-v,False,IamLaysa,pt,Grand Theft Auto V,[GTA RP +18] descobri tudo...,['Português'],['MatureGame'],False
11,2025-04-02 04:01,345,grand-theft-auto-v,False,Bkinho,pt,Grand Theft Auto V,DIA DE WIPE NA CIDADE! É HOJEEEEE,"['Português', 'Turquia', 'Hype', 'Bkinho']",['MatureGame'],False
12,2025-04-02 04:09,502,valorant,False,amandadetonatiii,pt,VALORANT,PRIMEIRA SUBATHON DA DETONATIIII - DIA 5 (TO COM MEDO) !tiktok !exitlag !amazon !pix !video !discord !youtube,"['Português', 'miruda', 'troll', 'radianteumavez']",[],False
12,2025-04-02 04:09,502,valorant,True,Ivachuk,pt,VALORANT,[Vtuber] Rumo ao top 1!! Se inscreve aí familia! !comandos,"['Português', 'fps', 'Portugues', 'Strinova', 'valorant', 'HuntShowdown', 'Vtuber', 'VtuberBR', 'strinovagameplay', 'Anime']",[],False
12,2025-04-02 04:09,502,valorant,False,camizlobato,pt,VALORANT,"opa, cola aqui meu querido 💜","['Português', 'Mulher', 'Jogos', 'Competitivo', 'girl', 'fps']",['ProfanityVulgarity'],True
13,2025-04-02 04:19,426,the-sims-4,True,Candy____S2,pt,The Sims 4,The Sims 4 - Parte 1,"['girlgamers', 'girl', 'SweetVoice', 'Português', 'thesims4', 'Thesims4gameplay', 'thesims']",[],False
13,2025-04-02 04:20,426,the-sims-4,False,tatyfortune,pt,The Sims 4,Olá!,"['Português', 'gamergirl', 'AMA', 'Mulher', 'valorant', 'leagueoflegends', 'Jogosdetirofps', 'paladins', 'paladinsgameplay', 'lol']",[],False
13,2025-04-02 04:20,426,the-sims-4,False,franciellygg,pt,The Sims 4,The sims 4,"['English', 'Português']",[],False
14,2025-04-02 08:00,319,minecraft,False,Ferthel,pt,Minecraft,|| 1.21.4 - HardCore 2.1 || 1339+Dias ||  vamos fazer uma farm de lã,"['MinecraftJavaEditon', 'minecrafthardcore', 'pngtuber', 'PNGtuberBR', '1vida', '1lifechallenge', 'hardcoreminecraftgirl', 'hardcorebuilds', 'capaminecraft', 'DropsAtivados']",[],False
14,2025-04-02 08:00,319,minecraft,True,ZAKl1k,pt,Minecraft,🟢 MINECRAFT | ⭐ GANHE ASSISTINDO | 🌟 REESTOQUE DIA 10 ou 16 às 18h | !loja !points !prime !sub,"['Português', 'Minecraft', 'RecompensasEspetadores']",[],False
14,2025-04-02 08:00,319,minecraft,False,EiMine77,pt,Minecraft,✅ RECOMPENSAS ON! | ⭐ SEJA RÁPIDO E GANHE UMA CAPA DE GRAÇA: !CAPA | 💘 INSTAGRAM: @EIMINE77 | !ajuda !rerun !sub !subgratis !loja,"['Minecraft', 'EiMine', 'Português', 'RecompensasEspetadores']",[],False
15,2025-04-02 08:07,363,the-sims-4,False,CarsonYaps,en,The Sims 4,The birth of Chad Gooner 😱 come lurk :)  *RERUN*| !hellofresh !discord !youtube,"['English', 'adhd', 'BackseatingaIIowed', 'egirl', 'girlgamer', '18plus', 'vibes', 'yapper', 'RespondsToChat', 'CommunityBuilding']",[],True
15,2025-04-02 08:08,363,the-sims-4,True,sincerelysarahh,en,The Sims 4,‧₊˚✿ pottery studio build! ✿ !discord,"['English', 'LGBTQIAPIus', 'Australia', 'Chatty', 'LurkerFriendly', 'Cozy', 'SuperSweetBot']",[],False
15,2025-04-02 08:08,363,the-sims-4,False,kahlart,es,The Sims 4,JUGAMOS A LOS SIMS 4 NOT SO BERRY 28 | !reto | !discord | #makinotsoberry | @kahlart🩸,"['Español', 'Kahlart', 'sims4', 'Sims4Gameplay', 'sims4streamer', 'sims4challenge', 'notsoberry', 'NotSoBerryChallenge', 'sims4notsoberry', 'sims4buildmode']",[],False
16,2025-04-02 08:16,583,roblox,True,onurbno,pt,ROBLOX,Jogando Roblox - !comandos !vídeo !gpt !pix,"['Português', 'roblox']",[],False
16,2025-04-02 08:16,583,roblox,False,LeozinShafou,pt,ROBLOX,#091 NADA COM NADA 🔥 EROTISMO ( ͡° ͜ʖ ͡°) - 50 bits = susto - MENSAGENS COM IA EM !PIX // !comandos !susto !discord !regras,"['Português', 'conversando', 'Polemica', 'GamesAndChatting']",[],False
16,2025-04-02 08:16,583,roblox,False,itazika,pt,ROBLOX,Deadrail!,"['schedule', 'Português']",[],False
17,2025-04-02 08:27,376,valorant,False,guigzvlr,pt,VALORANT,IFOOD NO VALORANT. ENTREGANDO A MARMITA PRO TIME!  !EXITLAG --- | !sub !parcerias !growth !tadala !soldado !bonoxs,['Português'],[],False
17,2025-04-02 08:28,376,valorant,False,raeVosa,pt,VALORANT,MUITA RAIVA E POUCA MIRA | !discord !raiva !pix !errou para ults,['Português'],[],False
17,2025-04-02 08:28,376,valorant,False,arthuurvon,pt,VALORANT,O REI VOLTOU,"['valorant', 'Português', 'JOGODETIRO']",[],False
18,2025-04-02 12:00,402,counter-strike,False,LYRAFPS,pt,Counter-Strike,Gc player level 20! @gamersclubcs ❗COMANDOS!,"['Português', 'gamestreaming', 'counterstrike2', 'CS2', 'gamersclub']",['MatureGame'],False
18,2025-04-02 12:00,402,counter-strike,True,eLyzao,pt,Counter-Strike,PUGS PUGS PUGS PUGS     ❗Nesha ❗iox +18,['Português'],['MatureGame'],False
18,2025-04-02 12:00,402,counter-strike,False,HANAIfps,pt,Counter-Strike,!ticket free hoje! sorteio rolandoooo,"['sorteiodeskins', 'CS2', 'csgoskins', 'skins', 'keydrop', 'Português']",['MatureGame'],False
19,2025-04-02 12:09,451,minecraft,False,EiMine77,pt,Minecraft,✅ RECOMPENSAS ON! | ⭐ SEJA RÁPIDO E GANHE UMA CAPA DE GRAÇA: !CAPA | 💘 INSTAGRAM: @EIMINE77 | !ajuda !rerun !sub !subgratis !loja,"['Minecraft', 'EiMine', 'Português', 'RecompensasEspetadores']",[],False
19,2025-04-02 12:09,451,minecraft,False,HenriqueOph,pt,Minecraft,DROP DE CAPA ATIVO DIGITE: !CAPA HARDCORE +200 DIAS EP 13,"['Português', 'minecraft', 'Hardcore', 'HardMode', 'sobrevivencia', '1VIDA', 'hardcoregamer', 'Singlerplayer', 'MINEDROP', 'TIKTOKCAPA']",[],False
19,2025-04-02 12:09,451,minecraft,False,DexterHQ,pt,Minecraft,>>DROP CAPA- HARDCORE 1.21.4 8150+ DIAS SEM TOTEM !capa !codigo !tiktok !insta,"['hardcore', 'hardmode', 'sobrevivencia', 'semtotem', 'construir', 'Farming', 'Português', 'minecraft', 'EventosEspeciales', 'minecraftlive']",[],False
20,2025-04-02 12:18,400,valorant,True,MegeraBruna,pt,VALORANT,"Meu Limão, Meu Limoeiro [+18] / !discord / !elo / !regras / !pix / !instagram/ !nick/ !Sorteio/ !clip/ !Sr /  !subathon","['Português', 'valorant', 'gamergirl', 'fps', 'gamer']",[],False
20,2025-04-02 12:18,400,valorant,False,Larxfps,pt,VALORANT,🍒 RESENHA E GAMEPLAY DUVIDOSA! 🍒 AJUDA NA METINHA?! @larxfps !livepix !insta !steam !delay,"['Português', 'Mulher', 'fps', 'Español', 'Ranked', 'ragegirl']",['ProfanityVulgarity'],False
20,2025-04-02 12:18,400,valorant,False,TcK10,pt,VALORANT,C9 TCKU INSTALOCK REYNA TODOS OS JOGOS + JOGOS DIFERENTES DEPOIS 🏆 !SUPERBET 🏆 !GROWTH 🏆 SIGA EM @tck10,"['melhordomundo', 'radiante', 'incrível', 'valorant', 'Português']",[],False
21,2025-04-02 16:00,308,sea-of-thieves,False,HWmalk,pt,Sea of Thieves,Naquelas de platinar o jogo 🥇⛵!sorteio,"['Português', 'AMA', 'Brasil', 'RPG', 'música', 'Conversação', 'RockRoll', 'Ansiedade', 'Interativo']",[],False
21,2025-04-02 16:00,308,sea-of-thieves,False,WesleyCaribe,pt,Sea of Thieves,🇧🇷🇵🇹🏴‍☠️Porque SoT não é caótico o suficiente...,"['Português', 'bemorepirate']",[],False
21,2025-04-02 16:00,308,sea-of-thieves,False,playinghazel,pt,Sea of Thieves,Campanha Plus - Dia 2. Como ajudar? -> !plus | !redes !discord !lendasdomar,"['SeaofThieves', 'Português', 'LGBTQIAPIus', 'PvP', 'PvE']",[],False
22,2025-04-02 16:07,317,valorant,True,Ivachuk,pt,VALORANT,[Vtuber] Rumo ao top 1!! Se inscreve aí familia! !comandos,"['Português', 'fps', 'Portugues', 'Strinova', 'valorant', 'HuntShowdown', 'Vtuber', 'VtuberBR', 'strinovagameplay', 'Anime']",[],False
22,2025-04-02 16:07,317,valorant,False,MegeraBruna,pt,VALORANT,"Meu Limão, Meu Limoeiro [+18] / !discord / !elo / !regras / !pix / !instagram/ !nick/ !Sorteio/ !clip/ !Sr /  !subathon","['Português', 'valorant', 'gamergirl', 'fps', 'gamer']",[],False
22,2025-04-02 16:07,317,valorant,False,sacy,pt,VALORANT,REACTS + RANKEDS - !mibr !csgoskins !pix !noping,['Português'],[],False
23,2025-04-02 16:14,476,grand-theft-auto-v,True,AmaruC2,pt,Grand Theft Auto V,🔞 NOBRE ROLEPLAY 🔥 FIVE M ⚔️ ❗ 🔫 PM CIVIL OPERAÇÃO AGR ❗  !pix !sub ex-presidiario,"['cs2', 'tiro', 'fps', 'jogo', 'gta', 'fivem', 'nobre', 'roleplay', 'fac', '5m']",['MatureGame'],False
23,2025-04-02 16:15,476,grand-theft-auto-v,False,yunizinhafps,pt,Grand Theft Auto V,+18 DIVISA RP YUNI EM BUSCA DA VERDADE / COBRA,"['Português', 'coringarp', 'GTARPLIVE', 'datenarp', 'gtavrproleplay', 'ＧTA5', 'gtandTheftAutoV', 'ComplexoRP', 'redbeiramar', 'paulinhooloko']",['MatureGame'],False
23,2025-04-02 16:15,476,grand-theft-auto-v,False,NTV_Games,pt,Grand Theft Auto V,🔞 🟢RERUN🟢 🔫liberty🔫 ❗Comandos ❗Pix ❗Instagram ❗tiktok ❗Rs pedir musica..,['Português'],['MatureGame'],False
24,2025-04-02 16:24,413,overwatch-2,False,Flokiis,pt,Overwatch 2,#20 ❄️ jaja é natal de novo !brincar,"['Português', 'brasilgaming', 'minecraft', 'minecraftmods']",[],False
24,2025-04-02 16:24,413,overwatch-2,False,0Deti,pt,Overwatch 2,QUAIS SERÃO NOSSOS PLANOS HOJE? !pix !youtube !meta,"['Português', '0deti', 'deti0', 'naruto', 'games', 'interação', 'detingsimulator', 'deti']",[],False
24,2025-04-02 16:24,413,overwatch-2,False,tony_lvl,pt,Overwatch 2,Quaquaquarta - #OverwatchCreator #banmercyseason16,"['Português', 'DPS', 'Ranked', 'OverwatchCreators', 'Competitivo', 'Overwatch2', 'OW2Giveaway', 'Hitscan', 'Ashe', 'marvelrivals']",['ProfanityVulgarity'],False
25,2025-04-02 16:33,325,the-sims-4,False,maethe,pt,The Sims 4,E VAMOS DE THE SIMS?,['Português'],[],True
25,2025-04-02 16:33,325,the-sims-4,True,CasalUrbano,pt,The Sims 4,QUARTOOOU | gameplay no commentary | subs 1/5 🎁,"['gameplaynocommentary', 'Português', 'English', 'ASMR', 'TS4', 'TheSims4']",[],False
25,2025-04-02 16:33,325,the-sims-4,False,draestrela,pt,The Sims 4,[ SOUND HEALING MODE ],"['Português', 'RadioStation', 'musicgaming', 'ts4brasil', 'livestream', 'simstation', 'estrelabot', 'streamathon', 'inzoi', 'TheSims25']",[],False
26,2025-04-02 20:00,535,grand-theft-auto-v,True,bocaorj,pt,Grand Theft Auto V,"[+18 ]:BORA RAPAZIADA HJ VAMOS DAR CONTINUAÇÃO NA NOSSA HISTORIA, THE END IS NEAR I NEED TO STAY STRONG!!!!!","['Português', 'fps', 'PMSP', 'ROTA', 'choque']",['MatureGame'],False
26,2025-04-02 20:00,535,grand-theft-auto-v,False,jenizinho,pt,Grand Theft Auto V,TIDINHA E ECLIPSA GTA RP ❗PIX [LADO LESTE],"['Português', 'jogos', 'humor', 'gtarp']",['MatureGame'],False
26,2025-04-02 20:00,535,grand-theft-auto-v,False,NTV_Games,pt,Grand Theft Auto V,🔞 🟢RERUN🟢 🔫liberty🔫 ❗Comandos ❗Pix ❗Instagram ❗tiktok ❗Rs pedir musica..,['Português'],['MatureGame'],False
27,2025-04-02 20:11,385,ea-sports-fc-25,True,CielGameplay,pt,EA Sports FC 25,+18 | do nada | ❗pix ❗sorteio ❗comandos | @cielgameplay,"['BR', 'Português', 'GTAⅤ', 'JogandoComOChat', 'fc25']",['ProfanityVulgarity'],True
27,2025-04-02 20:11,385,ea-sports-fc-25,False,fifenzo_,pt,EA Sports FC 25,Gameplay rivals + React copa + React libertadores 21h30 !curso !cliente !coins !coach !tatica,"['Português', 'fifenzo']",[],False
27,2025-04-02 20:11,385,ea-sports-fc-25,False,Hairzinho,pt,EA Sports FC 25,RIVALS NA SEC EM BUSCA DA DIV ELITE + DME'S E PRO CLUBS DOS BRO! + !GRUPO + !PARCERIA !REDES !TIKTOK,"['ULTIMATETEAM', 'RAGE', 'ENGRACADO', 'PACKS', 'COMPETITIVO', 'Português', 'Brasil', 'WeekendLeague', 'Portugal', 'Reposição']",[],False
28,2025-04-02 20:19,358,sea-of-thieves,False,iamcomH,pt,Sea of Thieves,AHOY!! Bora de desafio hoje?!! Parceiro do @lendasdomar e @csotbr - !sotshot !discord !pix !lendas !csotbr !comandos,"['Português', 'Español', 'game', 'conversa', 'seaofthieves']",[],False
28,2025-04-02 20:19,358,sea-of-thieves,True,DorSmiley,pt,Sea of Thieves,🟢Ferrados só com cobra  !Comandos !tdm,"['Ação', 'Aventura', 'Comédia', 'Português', 'Xingamentos', 'seaofthieves', 'PvEPvP', 'SoTPvp', 'seaofthieveseason15']",['ProfanityVulgarity'],False
28,2025-04-02 20:19,358,sea-of-thieves,False,JujubaNeko,pt,Sea of Thieves,[PT/BR +18] DEMOREI... MAS CHEGUEI (XBOX SERIES S) - Código Epic JUJUBANEKO !cmds,"['Anime', 'MãeGamer', 'Brasil', 'Português', 'XboxSeriesS', 'PvP', 'Multiplayer', 'PvE', 'Aventura', 'Cooperativo']",['ProfanityVulgarity'],False
29,2025-04-02 20:27,451,minecraft,True,RdeCarvalho,pt,Minecraft,Carvalhistão 4.0 | ONLY SUB | #5 | !pix !bits !apoie,"['Português', 'RecompensasEspetadores']",[],False
29,2025-04-02 20:27,451,minecraft,False,SARAMEGUMI,pt,Minecraft,OIE VOCÊ GOSTA DE CAFÉ? ( meta 10 mil 🥺seguidores ),"['Português', 'Woman', 'girl', 'conversa', 'Mulher', 'gameplay', 'justcchatting', 'minecraftstream', 'MinecraftJavaEditon', 'BedrockMinecraft']",[],False
29,2025-04-02 20:27,451,minecraft,False,EiMine77,pt,Minecraft,✅ RECOMPENSAS ON! | ⭐ SEJA RÁPIDO E GANHE UMA CAPA DE GRAÇA: !CAPA | 💘 INSTAGRAM: @EIMINE77 | !ajuda !rerun !sub !subgratis !loja,"['Minecraft', 'EiMine', 'Português', 'RecompensasEspetadores']",[],False
30,2025-04-02 20:37,444,the-sims-4,False,maethe,pt,The Sims 4,E VAMOS DE THE SIMS?,['Português'],[],True
30,2025-04-02 20:37,444,the-sims-4,True,letixiasims,pt,The Sims 4,【Vtuber Simmer】#197 - 🦇 COMEÇANDO O DONATHON! 🦇 muito papo simmer hoje hehe !mods !bttv,"['Acolhedor', 'Português', 'pngtuber', 'PNGtuberBR', 'cozyvibes', 'LGBTQIAFriendly', 'cozygaming', 'Comfy', 'modded', 'conteudopersonalizado']","['DrugsIntoxication', 'ProfanityVulgarity']",False
30,2025-04-02 20:37,444,the-sims-4,False,elvisplaylive,pt,The Sims 4,"Nintendo Direct: Switch 2 + Gameplay de MySims (Sorteio), The Sims 4 e Overwatch 2","['Português', 'Overｗatch2', 'Reposição', 'inzoi', 'sims4']",[],True
31,2025-04-03 00:00,366,marvel-rivals,False,tiemis,pt,Marvel Rivals,boa noiteee!!! <3 !insta !pix,"['Portugues', 'games', 'portuguese', 'Português', 'DropsAtivados']",[],False
31,2025-04-03 00:00,366,marvel-rivals,False,ckgeek,pt,Marvel Rivals,"O PAI TA ON, BORA RIR, PQ SUBIR KKKK","['Português', 'DropsAtivados']",[],False
31,2025-04-03 00:00,366,marvel-rivals,False,mrwilltvoficial,pt,Marvel Rivals,GGN MAIS BADALADA DO NARUTO !livepix !slots !loja !sr 🔥,"['Português', 'naruto', 'narutobrasil', 'DropsAtivados']",[],False
32,2025-04-03 00:08,415,league-of-legends,False,ClovaoBengala,pt,League of Legends,BASICAMENTE É ISSO QUE TA PRA JOGO !loco !rag !pix !ad !social,"['Português', 'League', 'leagueoflegeneds', 'lol', 'jogos']",[],True
32,2025-04-03 00:08,415,league-of-legends,False,AkamePNG,pt,League of Legends,Dia de teste - !elo !pix !loja,"['Português', 'gamegirl']",['ProfanityVulgarity'],False
32,2025-04-03 00:08,415,league-of-legends,False,Minerva,pt,League of Legends,LOL COM VOICE!!!pix !cortes !youtube !lives !mortes,['Português'],[],False
33,2025-04-03 00:17,351,overwatch-2,True,exexeboy,pt,Overwatch 2,ao vivásso,"['Portuguese', 'Português']",[],False
33,2025-04-03 00:17,351,overwatch-2,False,peachy_yumi,pt,Overwatch 2,!DROPS - mestre sup 🍑 gente bora abrir caixas e jogar aquele modo engraçado rrsrsrs⛩️ !campeachy dia 12/04,"['OW2LeSserafim', 'OW2Season15', 'OverwatchCreator', 'OW2Brasil', 'Português', 'English']",[],False
33,2025-04-03 00:17,351,overwatch-2,False,TiaDaMerenda,pt,Overwatch 2,""" Eu queria que chovesse uma chuva bem fininha para molhar sua cama e você dormir na minha "". ❗bjoka ❗ow  ❗amigo ❗pix ❗juiz","['Português', 'conversação', 'Dentrodoslimites', 'iniciante', 'Brasil', 'DDA', 'LGBTQIAsafeplace']",['SexualThemes'],False
34,2025-04-03 04:00,360,minecraft,False,ZAKl1k,pt,Minecraft,🟢 MINECRAFT | ⭐ GANHE ASSISTINDO | 🌟 REESTOQUE DIA 10 ou 16 às 18h | !loja !points !prime !sub,"['Português', 'Minecraft', 'RecompensasEspetadores']",[],False
34,2025-04-03 04:00,360,minecraft,True,elddistv,pt,Minecraft,IM BACK❣️ Playing Minecraft HARDCORE !LOJA (2X FOR SUBS),"['English', 'minecraft', 'Português', 'RecompensasEspetadores']",[],False
34,2025-04-03 04:00,360,minecraft,False,EiMine77,pt,Minecraft,✅ RECOMPENSAS ON! | ⭐ SEJA RÁPIDO E GANHE UMA CAPA DE GRAÇA: !CAPA | 💘 INSTAGRAM: @EIMINE77 | !ajuda !rerun !sub !subgratis !loja,"['Minecraft', 'EiMine', 'Português', 'RecompensasEspetadores']",[],False
35,2025-04-03 04:08,304,marvel-rivals,True,ArgusBrYT,pt,Marvel Rivals,Celestial - tentando a sorte  !PIX !throne 📋!comandos - 🎥 !youtube 🎬/ !gatinho #gloriosoproposito,"['Português', 'DropsAtivados']",[],False
35,2025-04-03 04:08,304,marvel-rivals,False,Guinas,pt,Marvel Rivals,● 694 -> SUBATHON: METAS NOVAS!!! -> !PIX !SUBATHON,"['Português', 'DropsAtivados']",[],False
35,2025-04-03 04:08,304,marvel-rivals,False,jaimeleef,pt,Marvel Rivals,Tentando fazer live,"['Português', 'Anime', 'DropsAtivados']",[],False
36,2025-04-03 04:15,593,valorant,False,frttt,pt,VALORANT,🟢💚AO VIVO - ENSINANDO A GRINDAR DE DUELISTA - DIA 1 - !curso !aulas,['Português'],[],False
36,2025-04-03 04:15,593,valorant,False,camizlobato,pt,VALORANT,"opa, cola aqui meu querido 💜","['Português', 'Mulher', 'Jogos', 'Competitivo', 'girl', 'fps']",['ProfanityVulgarity'],True
36,2025-04-03 04:15,593,valorant,False,fevetz,pt,VALORANT,VETERINARIO DO RADIANTE TOP 62 TRYHARD !GRUPOSUB !PIX,['Português'],[],False
37,2025-04-03 04:27,429,roblox,False,TGL_Gabriel,pt,ROBLOX,(TGL) Jogando ROBLOX (BLOXFRUITS) ( VEM JOGAR COMIGO ),"['TwitchStreamer', 'Jogabilidade', 'JogosAoVivo', 'ComunidadeGaming', 'TwitchBrasil', 'Vamosjogar', 'Transmissãoaovivo', 'TwitchGaming', 'JogosIndie', 'gameplay']",[],False
37,2025-04-03 04:27,429,roblox,False,AlineNinja,pt,ROBLOX,Filmonho: O pequenino ✨❗Pix❗Onlyfans❗Wpp❗Tinder❗Steam❗Soco❗Tutinho ❗Batata❗Watchtime ❗ Followage.,"['PortuguêsBR', 'Brasil', 'Jogandocomespectadores', 'lol', 'marvelrivals', 'Português']","['ProfanityVulgarity', 'SexualThemes']",False
37,2025-04-03 04:27,429,roblox,False,RobloxTV24H,pt,ROBLOX,VEM SE DIVERTIR 🤭 ROBLOX 🤖 COM AMIGOS 😁🎮 #Sponsorship !roblox,"['Português', 'English', 'ROBLOX', 'robloxlives', 'robloxgames', 'gameplay', 'Reposição']",[],True
38,2025-04-03 08:00,500,counter-strike,True,avndeus,pt,Counter-Strike,🔴 RERUN - NÃO ESTOU AO VIVO - FARM 4X PARA SUBS - LOJA RENOVADA,"['CS2', 'cs2faceit', 'ga', 'gamersclubcs', 'Português']",['MatureGame'],False
38,2025-04-03 08:00,500,counter-strike,False,BrunoBalloni,pt,Counter-Strike,🔴RERUN!!!-> ❗csgocases ❗regraloja❗farm ❗sub ❗msg ❗loja,"['Português', 'fps', 'Brasil', 'counterstrike', 'cs', 'cs2', 'brazil']",['MatureGame'],False
38,2025-04-03 08:00,500,counter-strike,False,taruhgg,pt,Counter-Strike,PREMIER RUMO aos 30K ❗curso ❗csgobig ❗neshastore ❗skinclub,['Português'],['MatureGame'],False
39,2025-04-03 08:11,569,overwatch-2,False,thikfs,pt,Overwatch 2,MIDNIGHT FEMBOY silencio 1 hour loop,['Português'],[],False
39,2025-04-03 08:11,569,overwatch-2,True,maript91,pt,Overwatch 2,Bora jogar    ☕️🎮,"['Português', 'Portugal', 'English', 'girlgamer']",[],False
39,2025-04-03 08:11,569,overwatch-2,False,JUNGER_0,pt,Overwatch 2,jogando e conversando com chat,"['Dropsactivado', 'batepapo', 'Português', 'overwatch2', 'suporte', 'mercyoverwatch']",[],False
40,2025-04-03 08:22,453,valorant,False,cisinha,pt,VALORANT,"quem leu, me deu","['mulher', 'animada', 'Português', 'valorant']",['ProfanityVulgarity'],False
40,2025-04-03 08:22,453,valorant,False,raeVosa,pt,VALORANT,A melhor Reyna da minha casa | !discord !raiva !pix !errou para ults,['Português'],[],False
40,2025-04-03 08:22,453,valorant,False,aspaszin,pt,VALORANT,BUY THE MIBR BUNDLE |  !atk,"['Português', 'proplayer', 'valorant', 'English']",[],False
41,2025-04-03 12:00,498,grand-theft-auto-v,True,AmaruC2,pt,Grand Theft Auto V,🔞 NOBRE ROLEPLAY 🔥 FIVE M ⚔️ ❗ 🔫 POLICIAL CIVIL  ❗ 🤪 NOVO NA CDD ❗ 💭 RESENHA COM CHAT  !pix !sub,"['tiro', 'fps', 'jogo', 'gta', 'fivem', 'nobre', 'roleplay', 'fac', '5m', 'POLICIA']",['MatureGame'],False
41,2025-04-03 12:00,498,grand-theft-auto-v,False,iMarianaPit,pt,Grand Theft Auto V,[ +18 ] LADO LESTE - PIXATHON E SUBATHON .... PRECISAMOS DE UM PC NOVO  !pix !live !sub,"['English', 'girlgamers', 'ＧTA5', 'Português', 'fivem', 'Alemanha', 'LadoLesteRP', 'ladolesteroleplay', 'ladolestept2', 'tropadaalemanha']",['MatureGame'],False
41,2025-04-03 12:00,498,grand-theft-auto-v,False,NTV_Games,pt,Grand Theft Auto V,🔞 🟢RERUN🟢 🔫liberty🔫 ❗Comandos ❗Pix ❗Instagram ❗tiktok ❗Rs pedir musica..,['Português'],['MatureGame'],False
42,2025-04-03 12:10,301,overwatch-2,False,tony_lvl,pt,Overwatch 2,Gripado e Forçando Ashe mesmo perdendo no 6v6 - #OverwatchCreator #banmercyseason16,"['Português', 'DPS', 'Ranked', 'OverwatchCreators', 'Competitivo', 'Overwatch2', 'OW2Giveaway', 'Hitscan', 'Ashe', 'marvelrivals']",['ProfanityVulgarity'],False
42,2025-04-03 12:11,301,overwatch-2,True,joohn_garcia,pt,Overwatch 2,NOSSO LUGAR ESPECIAL - 🔵COD APOIADOR: JOHNZ,"['Gay', 'gameplay', 'nerd', 'playstation', 'inglês', 'Português', 'fortnite', 'Overawatch', 'terror', 'LGBTQIA']",[],False
42,2025-04-03 12:11,301,overwatch-2,False,mae_joga45,pt,Overwatch 2,volteeiiiiiiii 🤗😜,"['Português', 'jogodeterror', 'jogofps', 'diversãogarantida']",[],False
43,2025-04-03 12:17,512,ea-sports-fc-25,True,miguelitodoarrocha,pt,EA Sports FC 25,💥quinta de Packs + mata mata da wl - bem vindos a live Do Miguelito,"['Português', 'Portugal', 'Competitivo', 'resenha', 'Resenhando', 'ultimateteam', 'fifa', 'EAFC', 'eafc25', 'eafcsports']",[],False
43,2025-04-03 12:17,512,ea-sports-fc-25,False,MGW_FC,pt,EA Sports FC 25,"PEGAMOS SEUS PONTOS , CHAMAAAA! !pix !grupo !trade",['Português'],[],False
43,2025-04-03 12:17,512,ea-sports-fc-25,False,paivinha29,pt,EA Sports FC 25,PAIVINHA X FIFENZO 15HR O CLASSICO VAI PEGAR FOGO+ HYPE DAS 14 COM 5 ICONS NO BRASFUT !CURSO  !COINS  !TRUST  !TRADE,"['Português', 'paivinha29', 'Futebol', 'entretenimiento']",[],False
44,2025-04-03 12:28,415,minecraft,False,aFranzita,pt,Minecraft,BORA VER O QUE SAI HOJE (zumbizisse) | Drops de capa ativo | !capa,"['PortuguêsBR', 'Português', 'jogo', 'mulherjogando', 'localseguro', 'aventura', 'noobstreamer', 'survival', 'RecompensasEspetadores']",[],False
44,2025-04-03 12:28,415,minecraft,True,ZAKl1k,pt,Minecraft,🟢 MINECRAFT | ⭐ GANHE ASSISTINDO | 🌟 REESTOQUE DIA 10 ou 16 às 18h | !loja !points !prime !sub,"['Português', 'Minecraft', 'RecompensasEspetadores']",[],False
44,2025-04-03 12:28,415,minecraft,False,elddistv,pt,Minecraft,IM BACK❣️ Playing Minecraft HARDCORE !LOJA (2X FOR SUBS),"['English', 'minecraft', 'Português', 'RecompensasEspetadores']",[],False
45,2025-04-03 16:00,442,overwatch-2,False,summerpie_e,pt,Overwatch 2,Competitivo de suporte ✨❗store❗Amazon #OW2Season15 #OW2Brasil #OverwatchCreator,"['Overwatch2', 'Competitivo', 'FPS', 'RankedPlayer', 'OverwatchCreators', 'PTBR', 'Portugues', 'Português', 'English']",[],False
45,2025-04-03 16:00,442,overwatch-2,True,tony_lvl,pt,Overwatch 2,Gripado e Forçando Ashe mesmo perdendo no 6v6 - #OverwatchCreator #banmercyseason16,"['Português', 'DPS', 'Ranked', 'OverwatchCreators', 'Competitivo', 'Overwatch2', 'OW2Giveaway', 'Hitscan', 'Ashe', 'marvelrivals']",['ProfanityVulgarity'],False
45,2025-04-03 16:00,442,overwatch-2,False,CosminhaS2,pt,Overwatch 2,NA TENTATIVA DE GANHAR ALGO  ❗PIX ❗MIRA ❗X #OverwatchCreator #OW2Season15,"['Português', 'OverwatchCreators']",[],False
46,2025-04-03 16:10,424,sea-of-thieves,False,HWmalk,pt,Sea of Thieves,FERRADOS 💀,"['Português', 'AMA', 'Brasil', 'RPG', 'música', 'Conversação', 'RockRoll', 'Ansiedade', 'Interativo']",[],False
46,2025-04-03 16:10,424,sea-of-thieves,True,playinghazel,pt,Sea of Thieves,Campanha Plus - Dia 3. Ajude essa humilde streamer a bater 100 pontos <3 Como ajudar? -> !plus | !redes !discord !lendasdomar,"['SeaofThieves', 'Português', 'LGBTQIAPIus', 'PvP', 'PvE']",[],False
46,2025-04-03 16:10,424,sea-of-thieves,False,DorSmiley,pt,Sea of Thieves,🟢 |Pulheta| Parceiro Oficial do @lendasdomar e da @csotbr !Comandos !tdm,"['Ação', 'Aventura', 'Comédia', 'Português', 'Xingamentos', 'seaofthieves', 'PvEPvP', 'SoTPvp', 'seaofthieveseason15']",['ProfanityVulgarity'],False
47,2025-04-03 16:19,362,roblox,True,TGL_Gabriel,pt,ROBLOX,(TGL) Jogando ROBLOX (BLOXFRUITS) ( VEM JOGAR COMIGO ),"['TwitchStreamer', 'Jogabilidade', 'JogosAoVivo', 'ComunidadeGaming', 'TwitchBrasil', 'Vamosjogar', 'Transmissãoaovivo', 'TwitchGaming', 'JogosIndie', 'gameplay']",[],False
47,2025-04-03 16:19,362,roblox,False,ibushippi,pt,ROBLOX,to entediada :/ eu jogando + conversando = live,['Português'],['ProfanityVulgarity'],False
47,2025-04-03 16:19,362,roblox,False,ThataBigmom,pt,ROBLOX,RUMO AO TOP 1 NO SOLO LEVELING ❗roblox ❗lojinha ❗ insta ❗ pix,['Português'],[],True
48,2025-04-03 16:26,373,the-sims-4,False,kinoplexguilha,pt,The Sims 4,Desafio da Planilha THE SIMS 4,"['Únicojogador', 'Português', 'jogando', 'conversando', 'assistindo']",[],False
48,2025-04-03 16:26,373,the-sims-4,True,letixiasims,pt,The Sims 4,"【Vtuber Simmer】#198 - 🦇 DONATHON DIA 2 🦇 makeover de townies, tier list e yap :3 !mods !bttv","['Acolhedor', 'Português', 'pngtuber', 'PNGtuberBR', 'cozyvibes', 'LGBTQIAFriendly', 'cozygaming', 'Comfy', 'modded', 'conteudopersonalizado']","['DrugsIntoxication', 'ProfanityVulgarity']",False
48,2025-04-03 16:27,373,the-sims-4,False,morgana_calixtogames,pt,The Sims 4,Vida de política com a Jerusa Alves ❗pix ❗steam ❗galeria ❗discord,"['twıtch', 'games', 'Mulher', 'Português', 'tag', 'sonaconversa', 'gameplay', 'thesims4']",[],False
49,2025-04-03 16:35,569,ea-sports-fc-25,True,Hairzinho,pt,EA Sports FC 25,DIA DE RECOMPENSAS DO DR DA DIV ELITE +  HYPE DAS 14 + DME'S E PRO CLUBS DOS BRO! + !GRUPO + !PARCERIA !REDES !TIKTOK,"['ULTIMATETEAM', 'RAGE', 'ENGRACADO', 'PACKS', 'COMPETITIVO', 'Português', 'Brasil', 'WeekendLeague', 'Portugal', 'Reposição']",[],False
49,2025-04-03 16:35,569,ea-sports-fc-25,False,guzzta23,pt,EA Sports FC 25,COPA DOS STREAMERS!  x FIFENZO AGORA,['Português'],[],False
49,2025-04-03 16:35,569,ea-sports-fc-25,False,paivinha29,pt,EA Sports FC 25,FIFENZO X GUSTA AGORA+ SHARK X JENNI 17hr !CURSO  !COINS  !TRUST  !TRADE,['Português'],[],False
50,2025-04-03 20:00,428,marvel-rivals,False,ogabsttv,pt,Marvel Rivals,[DROP ON] SALVANDO A QUINTA COM NOVIDADES DA SEASON 2,"['Português', 'humor', 'engraçado', 'DropsAtivados']",[],False
50,2025-04-03 20:00,428,marvel-rivals,False,Dilascio_,pt,Marvel Rivals,LEAKS DA SEASON 2?? SCHEDULE AS 20H,"['Português', 'Competitivo', 'Conversa', 'top500', 'overwatch', 'English', 'DropsAtivados']",[],False
50,2025-04-03 20:00,428,marvel-rivals,False,Nitrao_,pt,Marvel Rivals,Grind fim de Season e Novidades | !COMUNIDADE !Lords,"['Português', 'DropsAtivados']",[],False
51,2025-04-03 20:09,347,grand-theft-auto-v,False,bocaorj,pt,Grand Theft Auto V,"[+18 ]:BORA RAPAZIADA HJ VAMOS DAR CONTINUAÇÃO NA NOSSA HISTORIA, THE END IS NEAR I NEED TO STAY STRONG!!!!!","['Português', 'fps', 'PMSP', 'ROTA', 'choque']",['MatureGame'],False
51,2025-04-03 20:09,347,grand-theft-auto-v,True,RdeCarvalho,pt,Grand Theft Auto V,Corrida Maluca | #6 | !pix !bits !apoie,['Português'],['MatureGame'],False
51,2025-04-03 20:10,347,grand-theft-auto-v,False,NTV_Games,pt,Grand Theft Auto V,🔞 🟢RERUN🟢 🔫liberty🔫 ❗Comandos ❗Pix ❗Instagram ❗tiktok ❗Rs pedir musica..,['Português'],['MatureGame'],False
52,2025-04-03 20:17,300,minecraft,False,ZAKl1k,pt,Minecraft,🟢 MINECRAFT | ⭐ GANHE ASSISTINDO | 🌟 REESTOQUE DIA 10 ou 16 às 18h | !loja !points !prime !sub,"['Português', 'Minecraft', 'RecompensasEspetadores']",[],False
52,2025-04-03 20:17,300,minecraft,True,Paranoyc__,pt,Minecraft,MushMC - BEDWARS 100% 🎩  🔥 ❗DC ❗PIX ❗COMANDOS,"['Português', 'ＧTA5', 'minecraft', 'mushmc', 'Hylexmc', 'bedwars', 'BedwarsHypixel', 'hypixel', 'RecompensasEspetadores']",[],False
52,2025-04-03 20:17,300,minecraft,False,ElfoLives,pt,Minecraft,DROP CAPA - MINECRAFT HARDCORE | Dia 1300+| A ÁRVORE GIGANTE - MINECRAFT 1.21.4｜ !discord !pix,"['Português', 'minecraft', 'meioelfo', 'elfo', 'justcchatting', 'RecompensasEspetadores']",[],False
53,2025-04-03 20:24,503,fortnite,False,Pedro017Yt,pt,Fortnite,(2º !DROPS ON) FORTNITE + RESGATE ITENS ASSISTINDO A LIVE (!loja) 🍉!PIX 🍉,"['Português', 'Fortnite', 'Jogandocomespectadores', 'DropsEnable', 'DropsAtivados']",[],False
53,2025-04-03 20:24,503,fortnite,True,beletz_,pt,Fortnite,PERSONALIZADA NO FORTNITE | JOGANDO FORTNITE COM O CHAT ✨ USE CODE: BELETZ ✨!CODE !PIX,"['portugues', 'fortnite', 'fortnitetrocacao', 'stream', 'Português', 'girlgamers', 'DropsAtivados']",[],False
53,2025-04-03 20:24,503,fortnite,False,simoesgm,pt,Fortnite,(DROPS ON)MEU PRIMEIRO MAPA NO FORTNITE / ENVELOPAMENTO DO KOMBATE ON.  !PIX !drop,"['Português', 'DropsAtivados']",[],False
54,2025-04-04 00:01,388,roblox,False,clarinhagoes,pt,ROBLOX,EU VOLTEI!,"['Português', 'cassino', 'Cassinoaovivo', 'LGBT']",[],False
54,2025-04-04 00:01,388,roblox,True,NickiieTV,pt,ROBLOX,👽 DBD + SESSÃO DA TRAVA  !lanhouse  !sessão !fila  !lurdes !casaflorescer !REGRAS !audios !donate !pix !sub !comand,"['TRANS', 'ELADELA', 'ÓVINIS', 'ETS', 'FILHADOLULA', 'SURTOS', 'BRUXA', 'REACTS', 'GAMEPLAY', 'LGBTQIAPN']",['ProfanityVulgarity'],False
54,2025-04-04 00:01,388,roblox,False,SophyySol,pt,ROBLOX,Volto de manhã com rag! !Roblox #Ad !Loja !Discord !Pix,"['Português', 'English', 'Vtuber', 'LGBT', 'Trans', 'femboy', 'ragnatales', 'conversando']",[],True
55,2025-04-04 00:09,539,ea-sports-fc-25,False,Robfortes,pt,EA Sports FC 25,"MONTAGEM DO TIME PRA COPA dos STREAMERS! MUITOS PACKS! E ai, fazer o Gullit ou não? | siga me os bons @robfortes | ❕analise ❕pix ❕insta",['Português'],[],False
55,2025-04-04 00:09,539,ea-sports-fc-25,False,JanjaoMachado,pt,EA Sports FC 25,💥COPA DOS STREAMERS | 23H30 contra @geofinho,"['eafc25', 'adolfz', 'paivinha29', 'fifenzo', 'WENDELLLIRA', 'pelegrino1993', 'sharkmacedo', 'Português', 'eafc25ultimateteam']",[],False
55,2025-04-04 00:09,539,ea-sports-fc-25,False,DaniloFariasFUT,pt,EA Sports FC 25,ACERTANDO TIME . COPA DOS STREAMERS DANILO X PATRIKAO AS 21HRS    !LOJA @danilofariasfut,"['Português', 'ultimateteam', 'dicas', 'eafc25', 'tutorials', 'livestreamers', 'resenha', 'frontpagetwitch', 'TOTY', 'KingsLeague']",[],False
56,2025-04-04 00:20,425,counter-strike,False,BrunoBalloni,pt,Counter-Strike,🔴RERUN!!!-> ❗csgocases ❗regraloja❗farm ❗sub ❗msg ❗loja,"['Português', 'fps', 'Brasil', 'counterstrike', 'cs', 'cs2', 'brazil']",['MatureGame'],False
56,2025-04-04 00:20,425,counter-strike,True,JapaDaMydiSkins,pt,Counter-Strike,É grátis os 20 sorteios por live mais de R$16.000 em skins !play para participar,"['Português', 'CounterStriker2', 'risada', 'engraçado', 'skinscsgo', 'skinsgratis', 'sorteiodeskins']",['MatureGame'],False
56,2025-04-04 00:20,425,counter-strike,False,manooghost,pt,Counter-Strike,me da um reaaaal! |LOJA OFF|!Sorteio !Loja,"['Português', 'jogos', 'games', 'cs', 'CS2', 'Jogandocomespectadores']",['MatureGame'],False
57,2025-04-04 04:00,565,minecraft,False,Vmendes926,pt,Minecraft,"MINECRAFT SURVIVAL, ENTRA AÍ!","['Português', 'RecompensasEspetadores']",[],False
57,2025-04-04 04:00,565,minecraft,True,Faccolina,pt,Minecraft,[+18] Ainda não 100%... - !discord !insta !pix,"['Português', 'girlstreaming', 'repo', 'RecompensasEspetadores']",['ProfanityVulgarity'],False
57,2025-04-04 04:00,565,minecraft,False,ZAKl1k,pt,Minecraft,🟢 MINECRAFT | ⭐ GANHE ASSISTINDO | 🌟 REESTOQUE DIA 10 ou 16 às 18h | !loja !points !prime !sub,"['Português', 'Minecraft', 'RecompensasEspetadores']",[],False
58,2025-04-04 04:12,329,league-of-legends,True,Flapjacklol1,pt,League of Legends,lolzinho do estudo 🕮 !pix !regras !pobre !sr on,"['Drmundo', 'Flapjack', 'Sion', 'lol', 'leagueoflegends', 'Português']",['ProfanityVulgarity'],False
58,2025-04-04 04:12,329,league-of-legends,False,ClovaoBengala,pt,League of Legends,BASICAMENTE É ISSO QUE TA PRA JOGO !loco !rag !pix !ad !social,"['Português', 'League', 'leagueoflegeneds', 'lol', 'jogos']",[],True
58,2025-04-04 04:12,329,league-of-legends,False,KamiKat,pt,League of Legends,LEAGUE OF LEGENDS BR CHALLENGER SETUP COM CORSAIR BR - !pix !elo !pro !runa,"['Português', 'LGBT', 'gaymer', 'Gay', 'Aposentado', 'leagueoflegends', 'twinkativo', 'Smolder']",[],False
59,2025-04-04 04:19,539,counter-strike,False,Saullo,pt,Counter-Strike,SORTEIO TALON TIGER TOOTH AGORA + DEPÓSITO NA CONTA DE VOCÊS + SORTEIO 100 DÓLARES (AO VIVO),"['Português', 'skinscsgo', 'CSGO', 'SORTEIO', 'PIX', 'SKINS', 'FPS', 'Brasil', 'CS2', 'cs2beta']",['MatureGame'],True
59,2025-04-04 04:19,539,counter-strike,True,BrunoBalloni,pt,Counter-Strike,🔴RERUN!!!-> ❗csgocases ❗regraloja❗farm ❗sub ❗msg ❗loja,"['Português', 'fps', 'Brasil', 'counterstrike', 'cs', 'cs2', 'brazil']",['MatureGame'],False
59,2025-04-04 04:19,539,counter-strike,False,VeNavas,pt,Counter-Strike,+18🟥RERUN🟥 CSZADA - LOJA ATUALIZADÍSSIMA ➡  AO VIVO FARMA MAIS!!!!⬅ ❗csgocases ❗loja ❗livepix ❗discord ❗donate,"['Português', 'Reposição']","['MatureGame', 'ProfanityVulgarity']",True
60,2025-04-04 04:30,322,marvel-rivals,True,MagmaPacks,pt,Marvel Rivals,Marvel Rivals rerun,"['Português', 'Brasil', 'gameplay', 'DropsAtivados']",[],False
60,2025-04-04 04:30,322,marvel-rivals,False,CuecaDoAvesso,pt,Marvel Rivals,Marvel Rivals sem chat!!!,"['Português', 'DropsAtivados']",[],False
60,2025-04-04 04:30,322,marvel-rivals,False,ZethbLACK7,pt,Marvel Rivals,"JOGAR ALGO AI, COLA AI","['Português', 'DropsAtivados']",[],False
61,2025-04-04 08:00,304,minecraft,True,saverdaaa,pt,Minecraft,MINE COM OS SUBS + ASSISTINDO COISAS FEDOLISMO DIA 06: comendo coco em alto mar !clip !mine !guia !discord,"['Portugues', 'jojofag', 'nseifazelive', 'depressao', 'colica', 'valorant', 'mulher', 'maconha', 'gato', 'sorteio']","['DrugsIntoxication', 'ProfanityVulgarity', 'SexualThemes']",False
61,2025-04-04 08:01,304,minecraft,False,ZAKl1k,pt,Minecraft,🟢 MINECRAFT | ⭐ GANHE ASSISTINDO | 🌟 REESTOQUE DIA 10 ou 16 às 18h | !loja !points !prime !sub,"['Português', 'Minecraft', 'RecompensasEspetadores']",[],False
61,2025-04-04 08:01,304,minecraft,False,elddistv,pt,Minecraft,IM BACK❣️ Playing Minecraft HARDCORE !LOJA (2X FOR SUBS),"['English', 'minecraft', 'Português', 'RecompensasEspetadores']",[],False
62,2025-04-04 08:08,466,counter-strike,True,LYRAFPS,pt,Counter-Strike,Rumo ao 21 - @gamersclubcs ❗COMANDOS!,"['Português', 'gamestreaming', 'counterstrike2', 'CS2', 'gamersclub']",['MatureGame'],False
62,2025-04-04 08:08,466,counter-strike,False,VeNavas,pt,Counter-Strike,+18🟥RERUN🟥 CSZADA - LOJA ATUALIZADÍSSIMA ➡  AO VIVO FARMA MAIS!!!!⬅ ❗csgocases ❗loja ❗livepix ❗discord ❗donate,"['Português', 'Reposição']","['MatureGame', 'ProfanityVulgarity']",True
62,2025-04-04 08:08,466,counter-strike,False,BrunoBalloni,pt,Counter-Strike,🔴RERUN!!!-> ❗csgocases ❗regraloja❗farm ❗sub ❗msg ❗loja,"['Português', 'fps', 'Brasil', 'counterstrike', 'cs', 'cs2', 'brazil']",['MatureGame'],False
63,2025-04-04 08:18,332,marvel-rivals,False,LhamaInPijamas,pt,Marvel Rivals,ESTMOS DE VOLTA NA GRIND! !pix !elomarvel,"['rpg', 'casual', 'Português', 'marvelrivals', 'rivals', 'marvelrival', 'DropsAtivados']",[],False
63,2025-04-04 08:18,332,marvel-rivals,False,ckgeek,pt,Marvel Rivals,FINALMENTE PEGAMOS DIAMANTE ALEGRIA ✅RERUN✅,"['Português', 'DropsAtivados']",[],False
63,2025-04-04 08:18,332,marvel-rivals,False,oPontifeX,pt,Marvel Rivals,EMMA FROST e ULTRON | MARVEL RIVALS [SUBINDO os SUPORTES] | 07/04 SUBATHON e FRONT PAGE | !clipe !bits !nuuvem !donate !pix | Closed Caption,"['ClosedCaption', 'Português', 'LGBT', 'Drops', 'SpiderMan', 'IronMan', 'MarvelRivals', 'LunaSnow', 'EmmaFrost', 'Ultron']",[],False
64,2025-04-04 12:01,362,overwatch-2,False,tAyofps,pt,Overwatch 2,[+18] - bla bla baaw | zenith - [GM SUP] @tayofps !help !yt,"['ENG', 'T500', 'Grandmaster', 'Overwatch', 'PTBR', 'Português']",[],False
64,2025-04-04 12:01,362,overwatch-2,False,oSinon,pt,Overwatch 2,+18 Bom diaa Vamu jogar ate cansar? !PIX,"['Português', 'ação', 'fortnite', 'gostosa', 'mulher', 'AMA', 'tiosino', 'Gostoso']",[],False
64,2025-04-04 12:01,362,overwatch-2,False,Lemes,pt,Overwatch 2,Bom dia meus queridos(as)  ótima semana pre geral ... !discord !tag !drops !dicção  [+18],"['Português', 'seaofthieves', 'musica', 'PvP', 'PvE', 'overwatch2', 'ＦＰＳ', 'PerfectWorld', 'terror']",[],False
65,2025-04-04 12:09,336,ea-sports-fc-25,False,miguelitodoarrocha,pt,EA Sports FC 25,💥vamos tenta classificar para a wl agora !! bem vindos a live do Miguelito,"['Português', 'Portugal', 'Competitivo', 'resenha', 'Resenhando', 'ultimateteam', 'fifa', 'EAFC', 'eafc25', 'eafcsports']",[],False
65,2025-04-04 12:09,336,ea-sports-fc-25,False,DieguitoPotter,pt,EA Sports FC 25,🔥⚽ À Espera dos IMM⚰️RTALS no EAFC 25 para sacar o R9 🕰️👀 !Mbway !Prozis !Divoom !Switch !Social ✅,"['Português', 'eafc25', 'packopening', 'ultimateteam', 'futbirthday', 'rage']",[],False
65,2025-04-04 12:09,336,ea-sports-fc-25,False,paivinha29,pt,EA Sports FC 25,SUPER EVENTO IMORTAIS+ JOGO DECISIVO DA COPA 12:30 CONTRA VILELA+ HYPE DAS 14HR !CURSO  !COINS  !TRUST  !TRADE,['Português'],[],False
66,2025-04-04 12:16,450,minecraft,False,HenriqueOph,pt,Minecraft,DROP DE CAPA ATIVOS HARDCORE +250 DIAS EP 15,"['Português', 'minecraft', 'Hardcore', 'HardMode', 'sobrevivencia', '1VIDA', 'hardcoregamer', 'Singlerplayer', 'MINEDROP', 'TIKTOKCAPA']",[],False
66,2025-04-04 12:16,450,minecraft,True,ElfoLives,pt,Minecraft,[DROP CAPA] CHATSPAWN - Venha tiltar o Streamer｜ !discord !pix !tabela,"['Português', 'minecraft', 'meioelfo', 'elfo', 'conversa', 'RecompensasEspetadores']",[],False
66,2025-04-04 12:16,450,minecraft,False,ZAKl1k,pt,Minecraft,🟢 MINECRAFT | ⭐ GANHE ASSISTINDO | 🌟 REESTOQUE DIA 10 ou 16 às 18h | !loja !points !prime !sub,"['Português', 'Minecraft', 'RecompensasEspetadores']",[],False
67,2025-04-04 12:25,453,marvel-rivals,True,renwcffx5p8q8,pt,Marvel Rivals,MARVEL RIVALS DROPS OON! GRÁTIS,"['Português', 'DropsAtivados']",[],False
67,2025-04-04 12:25,453,marvel-rivals,False,EdigasZ,pt,Marvel Rivals,EMMA FROST OH WOW | !tiktok !youtube,"['Português', 'DropsAtivados']",[],False
67,2025-04-04 12:26,453,marvel-rivals,False,Momolezinha,pt,Marvel Rivals,GRIND PRO ETERNITY MAIN PSYLOCKE/STARLORD!🔥SIGAM SOCIAIS -> @Momolezinha |❗pix com VOZES❗analise ❗youtube,"['Português', 'Heroshooter', 'marvelrivals', 'DropsAtivados']",[],False
