ID,Data,channel_name,language,last_game_name,stream_title,stream_tags,classification_labels,is_branded_content
0,2025-04-04 16:03,TcK10,pt,VALORANT,LOUD JOGA HOJE - VCT AMÉRICAS 18:00 !SUPERBET 🏆 !GROWTH 🏆 SIGA EM @TcK10,"['melhordomundo', 'radiante', 'incrível', 'valorant', 'Português']",[],False
0,2025-04-04 16:03,waveigl,pt,Counter-Strike,+18 🔞 WAVEIGL ❤️,['Português'],"['MatureGame', 'ProfanityVulgarity']",False
0,2025-04-04 16:03,Pedro017Yt,pt,Fortnite,🍉!DROPS ON - GRÁTIS EMOTE HOJE 🔥 RESGATE ITENS ASSISTINDO A LIVE (❗loja) 🍉!PIX 🍉,"['Português', 'Fortnite', 'Jogandocomespectadores', 'DropsEnable', 'DropsAtivados']",[],False
0,2025-04-04 16:03,ZAKl1k,pt,Minecraft,🟢 MINECRAFT | ⭐ GANHE ASSISTINDO | 🌟 REESTOQUE DIA 10 ou 16 às 18h | !loja !points !prime !sub,"['Português', 'Minecraft', 'RecompensasEspetadores']",[],False
0,2025-04-04 16:03,NTV_Games,pt,Grand Theft Auto V,🔞 🟢RERUN🟢 🔫liberty🔫 ❗Comandos ❗Pix ❗Instagram ❗tiktok ❗Rs pedir musica..,['Português'],['MatureGame'],False
0,2025-04-04 16:04,AnySthe,pt,Fortnite,[ᴅʀᴏᴘs ᴏɴ] sᴇxᴛᴏᴜ sɪᴍʙᴏʀᴀ !ᴊᴏɢᴀʀ ᴜsᴇ ᴄᴏᴅᴇ: ᴀɴʏsᴛʜᴇ ɴᴀ ᴇᴘɪᴄ ɢᴀᴍᴇs #ᴀᴅ +18,"['fortnite', 'Português', 'marvelrivals', 'TheMortuaryAssistant', 'morena', 'Portugal', 'fps', 'repo', 'DropsAtivados']",[],False
0,2025-04-04 16:04,EdigasZ,pt,Marvel Rivals,EMMA FROST OH WOW | !tiktok !youtube,"['Português', 'DropsAtivados']",[],False
0,2025-04-04 16:04,LuBuuu,pt,Marvel Rivals,TESTE DA SEASON 2 AS 20 HORAS. GRIND ONE ABOVE ALL ATÉ LÁ !comando !youtube !tiktok,"['Português', 'Brasil', 'marvelrivals', 'LearningEnglish', 'Competitivo', 'English', 'DropsAtivados']",[],False
0,2025-04-04 16:04,ogabsttv,pt,Marvel Rivals,[DROP ON] A TEMPORADA 2 DO MARVEL RIVALS ESTÁ INCRIVEL,"['Português', 'humor', 'engraçado', 'DropsAtivados']",[],False
1,2025-04-04 16:14,Pedro017Yt,pt,Fortnite,🍉!DROPS ON - GRÁTIS EMOTE HOJE 🔥 RESGATE ITENS ASSISTINDO A LIVE (❗loja) 🍉!PIX 🍉,"['Português', 'Fortnite', 'Jogandocomespectadores', 'DropsEnable', 'DropsAtivados']",[],False
1,2025-04-04 16:14,waveigl,pt,Counter-Strike,+18 🔞 WAVEIGL ❤️,['Português'],"['MatureGame', 'ProfanityVulgarity']",False
1,2025-04-04 16:14,simoesgm,pt,Fortnite,(DROPS ON)EMOTE GRATIS HOJE /11HRS DE LIVE .  !PIX !drop,"['Português', 'DropsAtivados']",[],False
1,2025-04-04 16:14,Nitrao_,pt,Marvel Rivals,Grind fim de Season e Novidades | !COMUNIDADE !Lords,"['Português', 'DropsAtivados']",[],False
1,2025-04-04 16:15,MegeraBruna,pt,VALORANT,Vamo passar raiva? [+18] / !discord / !elo / !regras / !pix / !instagram/ !nick/ !Sorteio/ !clip/ !Sr /  !subathon,"['Português', 'valorant', 'gamergirl', 'fps', 'gamer']",[],False
1,2025-04-04 16:15,letiltz,pt,Fortnite,(DROPS ON) EMOTE GRÁTIS - ASSISTA POR 2 HORAS PARA RESGATAR !drops !pix | USE O CÓDIGO LETILTZ NA LOJA,"['Português', 'Fortnite', 'letiltz', 'FamilyFrendly', 'SafeSpace', 'Jogandocomespectadores', 'drops', 'DropsAtivados']",[],False
1,2025-04-04 16:15,rkrutzmann,pt,Just Chatting,será que hoje o universo deixa a gente terminar? | Thanks @wiredp 💜,"['Conversa', 'Comunidade', 'Variedades', 'SemSpoiler', 'cc', 'Aliado', 'Português', 'drops']",[],False
1,2025-04-04 16:15,renatisses,pt,inZOI,#05 Do lixo ao luxo no inZOI,"['Brasil', 'Português', 'sorteio', 'thesims']",[],False
1,2025-04-04 16:15,Luuauler,pt,Call of Duty: Warzone,ONLAINE bora?! #FamiliaDaComida ❕Cupom ❕Amazon ❕Loja ❕Redes,"['Português', 'DropsAtivados']",['MatureGame'],False
2,2025-04-04 16:24,Pedro017Yt,pt,Fortnite,🍉!DROPS ON - GRÁTIS EMOTE HOJE 🔥 RESGATE ITENS ASSISTINDO A LIVE (❗loja) 🍉!PIX 🍉,"['Português', 'Fortnite', 'Jogandocomespectadores', 'DropsEnable', 'DropsAtivados']",[],False
2,2025-04-04 16:24,waveigl,pt,Counter-Strike,+18 🔞 WAVEIGL ❤️,['Português'],"['MatureGame', 'ProfanityVulgarity']",False
2,2025-04-04 16:24,simoesgm,pt,Fortnite,(DROPS ON)EMOTE GRATIS HOJE /11HRS DE LIVE .  !PIX !drop,"['Português', 'DropsAtivados']",[],False
2,2025-04-04 16:24,Nitrao_,pt,Marvel Rivals,Grind fim de Season e Novidades | !COMUNIDADE !Lords,"['Português', 'DropsAtivados']",[],False
2,2025-04-04 16:24,MegeraBruna,pt,VALORANT,Vamo passar raiva? [+18] / !discord / !elo / !regras / !pix / !instagram/ !nick/ !Sorteio/ !clip/ !Sr /  !subathon,"['Português', 'valorant', 'gamergirl', 'fps', 'gamer']",[],False
2,2025-04-04 16:25,letiltz,pt,Fortnite,(DROPS ON) EMOTE GRÁTIS - ASSISTA POR 2 HORAS PARA RESGATAR !drops !pix | USE O CÓDIGO LETILTZ NA LOJA,"['Português', 'Fortnite', 'letiltz', 'FamilyFrendly', 'SafeSpace', 'Jogandocomespectadores', 'drops', 'DropsAtivados']",[],False
2,2025-04-04 16:25,cgplaytv,pt,Fortnite,[NOVO DROP ON] Fortnite: O Evento ao vivo que Ninguém está falando sobre! & Jogando com vocês!,"['Português', 'DropsAtivados']",[],False
2,2025-04-04 16:25,Vitor_jbs,pt,Minecraft,SEXTOU BB's COLA QUE HOJE VAI SER BOM  |❗pix ❗dc ❗comandos,"['Português', 'minecraft', 'mine', 'pvp', 'bedwars', 'mush', 'mushmc', 'RecompensasEspetadores']",[],False
2,2025-04-04 16:25,Guinas,pt,Ultimate Custom Night,● 695 -> SUBATHON DIA 3: METAS NOVAS!!! -> !PIX !SUBATHON,['Português'],[],False
3,2025-04-04 16:34,Pedro017Yt,pt,Fortnite,🍉!DROPS ON - GRÁTIS EMOTE HOJE 🔥 RESGATE ITENS ASSISTINDO A LIVE (❗loja) 🍉!PIX 🍉,"['Português', 'Fortnite', 'Jogandocomespectadores', 'DropsEnable', 'DropsAtivados']",[],False
3,2025-04-04 16:34,waveigl,pt,Counter-Strike,+18 🔞 WAVEIGL ❤️,['Português'],"['MatureGame', 'ProfanityVulgarity']",False
3,2025-04-04 16:34,Nitrao_,pt,Marvel Rivals,Grind fim de Season e Novidades | !COMUNIDADE !Lords,"['Português', 'DropsAtivados']",[],False
3,2025-04-04 16:34,MegeraBruna,pt,VALORANT,Vamo passar raiva? [+18] / !discord / !elo / !regras / !pix / !instagram/ !nick/ !Sorteio/ !clip/ !Sr /  !subathon,"['Português', 'valorant', 'gamergirl', 'fps', 'gamer']",[],False
3,2025-04-04 16:34,HWmalk,pt,Path of Exile 2,O despertar de um novo Monge 🙏 !drop,"['Português', 'AMA', 'Brasil', 'RPG', 'música', 'Conversação', 'RockRoll', 'Ansiedade', 'Interativo', 'DropsAtivados']",['MatureGame'],False
3,2025-04-04 16:34,NTV_Games,pt,Grand Theft Auto V,🔞 🟢RERUN🟢 🔫liberty🔫 ❗Comandos ❗Pix ❗Instagram ❗tiktok ❗Rs pedir musica..,['Português'],['MatureGame'],False
3,2025-04-04 16:34,ofernandomaidana,pt,Sea of Thieves,⚓ SEXTAMOS EM ALTO MAR ⚓ !cmd !playlist,"['Português', 'seaofthieves', 'pirata', 'SongRequests', 'songrequest', 'SeaOfThievesPartner', 'SeaofThievesgameplay', 'English']",[],False
3,2025-04-04 16:34,WesleyCaribe,pt,Sea of Thieves,🇧🇷🇵🇹🏴‍☠️Sextas não precisam de títulos.,"['Português', 'bemorepirate']",[],False
3,2025-04-04 16:34,playinghazel,pt,Sea of Thieves,Sextou! Só o CAOS salva o MAR! Campanha Plus - Dia 4. Como ajudar? -> !plus + Desafios -> !roda | !redes !discord !lendasdomar,"['SeaofThieves', 'Português', 'LGBTQIAPIus', 'PvP', 'PvE']",[],False
4,2025-04-04 20:01,ocontagia,pt,Teamfight Tactics,PALHAÇO CONTAGIA - O RETORNO !comandos !desafio - PATCH NOVO DO TFT,"['palhaco', 'portugues', 'english', 'lol', 'tft', 'Fortnite', 'Brino', 'YoDa', 'Português']",[],False
4,2025-04-04 20:01,waveigl,pt,Counter-Strike,+18 🔞 WAVEIGL ❤️,['Português'],"['MatureGame', 'ProfanityVulgarity']",False
4,2025-04-04 20:01,guisobrevivente_,pt,Minecraft,mine calminho e conversa,"['minecraft', 'games', 'conversa', 'construcao', 'shaders', 'capa', 'Português', 'RecompensasEspetadores']",[],False
4,2025-04-04 20:01,eLyzao,pt,Counter-Strike,LIVE DE ANIVERSÁRIO !TICKET ( SORTEIO DE 35 REAIS PARA OS SUBS )      ❗Nesha ❗iox +18,['Português'],['MatureGame'],False
4,2025-04-04 20:01,simoesgm,pt,Fortnite,(DROPS ON)EMOTE GRATIS HOJE /11HRS DE LIVE .  !PIX !drop,"['Português', 'DropsAtivados']",[],False
4,2025-04-04 20:01,HWmalk,pt,Path of Exile 2,O despertar de um novo Monge 🙏 !drop,"['Português', 'AMA', 'Brasil', 'RPG', 'música', 'Conversação', 'RockRoll', 'Ansiedade', 'Interativo', 'DropsAtivados']",['MatureGame'],False
4,2025-04-04 20:01,ScoTTIwaNo,pt,League of Legends,!pix - LIVE TESTE (streamlabs travando),['Português'],"['DrugsIntoxication', 'ProfanityVulgarity']",False
4,2025-04-04 20:01,regatieriplayer,pt,Minecraft,🍄 SORTEIO DE MINE COM VIP E JOGANDO COM VOCES! !drop !sr !pix !otimização,"['minecraft', 'pvp', 'hg', 'bedwars', 'mushmc', 'thebright', 'minigames', 'editando', 'video', 'conversa']",[],False
4,2025-04-04 20:02,digofenix,pt,Fortnite,DigoFenix esta no ar boraa pra live!!!,"['Únicojogador', 'JogadorXambiente', 'Desafiodas12Horas', 'Esquadrões', 'Duplas', 'Português', 'DropsAtivados']",[],False
6,2025-04-04 20:18,ocontagia,pt,Teamfight Tactics,PALHAÇO CONTAGIA - O RETORNO !comandos !desafio - PATCH NOVO DO TFT,"['palhaco', 'portugues', 'english', 'lol', 'tft', 'Fortnite', 'Brino', 'YoDa', 'Português']",[],False
6,2025-04-04 20:18,waveigl,pt,Counter-Strike,+18 🔞 WAVEIGL ❤️,['Português'],"['MatureGame', 'ProfanityVulgarity']",False
6,2025-04-04 20:18,guisobrevivente_,pt,Minecraft,mine calminho e conversa,"['minecraft', 'games', 'conversa', 'construcao', 'shaders', 'capa', 'Português', 'RecompensasEspetadores']",[],False
6,2025-04-04 20:19,eLyzao,pt,Counter-Strike,LIVE DE ANIVERSÁRIO !TICKET ( SORTEIO DE 35 REAIS PARA OS SUBS )      ❗Nesha ❗iox +18,['Português'],['MatureGame'],False
6,2025-04-04 20:19,DanriqueTW,pt,Minecraft,GRAVANDO CIDADE MECÂNICA EP 9 COM @nofaxu  ! !host !cobblemon,"['Português', 'RecompensasEspetadores']",[],False
6,2025-04-04 20:19,simoesgm,pt,Fortnite,(DROPS ON)EMOTE GRATIS HOJE /11HRS DE LIVE .  !PIX !drop,"['Português', 'DropsAtivados']",[],False
6,2025-04-04 20:19,ogabsttv,pt,Marvel Rivals,[DROP ON] A TEMPORADA 2 DO MARVEL RIVALS ESTÁ INCRIVEL,"['Português', 'humor', 'engraçado', 'DropsAtivados']",[],False
6,2025-04-04 20:19,Riyuuka,pt,Marvel Rivals,♡ (DROPs) Teste da S2 às 20:00 ♡ REDES: @riyuuka ♡ ~!hoje ~!loki ~!calendario ~!fofocas,"['Português', 'DroppsEnabled', 'DropsAtivados']",['ProfanityVulgarity'],False
6,2025-04-04 20:19,yulla,pt,League of Legends,MIBR Yulla 😈 | !sociais !pix !react !vods,['Português'],[],False
7,2025-04-05 00:01,waveigl,pt,Counter-Strike,+18 🔞 WAVEIGL ❤️,['Português'],"['MatureGame', 'ProfanityVulgarity']",False
7,2025-04-05 00:01,HWmalk,pt,Path of Exile 2,O despertar de um novo Monge 🙏 !drop,"['Português', 'AMA', 'Brasil', 'RPG', 'música', 'Conversação', 'RockRoll', 'Ansiedade', 'Interativo', 'DropsAtivados']",['MatureGame'],False
7,2025-04-05 00:01,DanriqueTW,pt,Minecraft,GRAVANDO CIDADE MECÂNICA EP 10 COM @nofaxu ! !host !cobblemon,"['Português', 'RecompensasEspetadores']",[],False
7,2025-04-05 00:01,Nitrao_,pt,Marvel Rivals,GAMEPLAY DE EMMA FROST p3lAd4?  ͡ ° ͜ʖ ͡° hehe boy͡° ͜ʖ ͡°,"['Português', 'DropsAtivados']",[],False
7,2025-04-05 00:01,exexeboy,pt,Marvel Rivals,que legal,"['Portuguese', 'Português', 'DropsAtivados']",[],False
7,2025-04-05 00:01,Bkinho,pt,Grand Theft Auto V,É HOJEEEEEE! ABERTURA DO HYPE,"['Português', 'Turquia', 'Hype', 'Bkinho']",['MatureGame'],False
7,2025-04-05 00:01,ClovaoBengala,pt,League of Legends,Duozada com a oma !loco !rag !pw !pix !ad !social,"['Português', 'League', 'leagueoflegeneds', 'lol', 'jogos']",[],True
7,2025-04-05 00:01,Rodil,pt,League of Legends,JOGANDO DE SHACO COM A NOVA SKIN DE GATINHO KKKKKKKK | !pix !paypal !ytb,"['Português', 'proplayer', 'Idoso', 'Gostoso', 'LGBT', 'top1']",[],False
7,2025-04-05 00:02,Buerinho,pt,League of Legends,UNRANKED AO CHALLENGER DE SUPORTE FADINHA >< !LIVEPIX,"['Português', 'ADCARRY', 'Vayne', 'kogmaw', 'jinx', 'MissFortune', 'ADC']",[],False
8,2025-04-05 00:12,waveigl,pt,Counter-Strike,+18 🔞 WAVEIGL ❤️,['Português'],"['MatureGame', 'ProfanityVulgarity']",False
8,2025-04-05 00:12,HWmalk,pt,Path of Exile 2,O despertar de um novo Monge 🙏 !drop,"['Português', 'AMA', 'Brasil', 'RPG', 'música', 'Conversação', 'RockRoll', 'Ansiedade', 'Interativo', 'DropsAtivados']",['MatureGame'],False
8,2025-04-05 00:12,DanriqueTW,pt,Minecraft,GRAVANDO CIDADE MECÂNICA EP 10 COM @nofaxu ! !host !cobblemon,"['Português', 'RecompensasEspetadores']",[],False
8,2025-04-05 00:12,Bkinho,pt,Grand Theft Auto V,É HOJEEEEEE! ABERTURA DO HYPE,"['Português', 'Turquia', 'Hype', 'Bkinho']",['MatureGame'],False
8,2025-04-05 00:12,exexeboy,pt,Marvel Rivals,que legal,"['Portuguese', 'Português', 'DropsAtivados']",[],False
8,2025-04-05 00:12,Nitrao_,pt,Marvel Rivals,GAMEPLAY DE EMMA FROST p3lAd4?  ͡ ° ͜ʖ ͡° hehe boy͡° ͜ʖ ͡°,"['Português', 'DropsAtivados']",[],False
8,2025-04-05 00:13,bibitzinha,pt,League of Legends,🎀 QUERO OBSERVAR VOCÊ DORMIR [VTUBER BR (+18)] ✨ ❗comandos,"['Português', 'VtuberBR', 'MulherDePreso', 'submissa', 'gore', 'fofa', 'doida']",['ProfanityVulgarity'],False
8,2025-04-05 00:13,sashizinha,pt,League of Legends,oi gente  💞,"['Português', 'calm', 'chill']",[],False
8,2025-04-05 00:13,biziduelista,pt,Teamfight Tactics,!boxboxbootcamp episódio 3: a fábula da tartaruga e a lebre [pt/eng],"['Português', 'English', 'Competitive', 'Techno', 'Bizi']",[],False
9,2025-04-05 00:19,waveigl,pt,Counter-Strike,+18 🔞 WAVEIGL ❤️,['Português'],"['MatureGame', 'ProfanityVulgarity']",False
9,2025-04-05 00:19,HWmalk,pt,Path of Exile 2,O despertar de um novo Monge 🙏 !drop,"['Português', 'AMA', 'Brasil', 'RPG', 'música', 'Conversação', 'RockRoll', 'Ansiedade', 'Interativo', 'DropsAtivados']",['MatureGame'],False
9,2025-04-05 00:19,DanriqueTW,pt,Minecraft,GRAVANDO CIDADE MECÂNICA EP 10 COM @nofaxu ! !host !cobblemon,"['Português', 'RecompensasEspetadores']",[],False
9,2025-04-05 00:20,exexeboy,pt,Marvel Rivals,que legal,"['Portuguese', 'Português', 'DropsAtivados']",[],False
9,2025-04-05 00:20,Bkinho,pt,Grand Theft Auto V,É HOJEEEEEE! ABERTURA DO HYPE,"['Português', 'Turquia', 'Hype', 'Bkinho']",['MatureGame'],False
9,2025-04-05 00:20,CREMOSA,pt,VALORANT,LIVE DA CANSADINHA ❗NUUVEM ❗OVERCLOCK ❗GROWTH,['Português'],[],True
11,2025-04-05 04:08,iShadowWolf_,pt,Sea of Thieves,(+18) Livezinha Muito Doida!   ||   (❗comandos ❗metas ❗drops)   ||   (Epic Code: SHADOWOLF),['Português'],[],False
11,2025-04-05 04:08,exexeboy,pt,VALORANT,que legal,"['Portuguese', 'Português']",[],False
11,2025-04-05 04:08,Alynne_fs,pt,Marvel Rivals,DROPS ON (CELESTIAL gameplay Suporte) Marvel Rivals,"['Português', 'DropsAtivados']",[],False
11,2025-04-05 04:09,LipinhOr,pt,60 Seconds! Reatomized,FALTAM APENAS 7 DIAS PARA NOSSA LIVE INFINITA EMMMMM!!! | ❗Eneba,"['Português', 'gta', 'roleplay']",[],False
11,2025-04-05 04:09,sabrinoca,pt,Teamfight Tactics,SEXTOU FILHAS / SUBATHON AMANHÃ!  !odyssey !odysseycup,"['Português', 'MãeDePrimeiraViagem', 'BaratinhaDeFogão', 'Concubina', 'Melões', 'MulherDePreso', 'LeagueofLegends', 'Aliada', 'GíriasRegionais', 'Simples']",[],True
11,2025-04-05 04:09,Saullo,pt,Counter-Strike,"SORTEIO de 3 FACAS de R$7.600,00 AGORA + DEPÓSITO NA CONTA DE VOCÊS + SORTEIO 100 DÓLARES (AO VIVO)","['Português', 'skinscsgo', 'CSGO', 'SORTEIO', 'PIX', 'SKINS', 'FPS', 'Brasil', 'CS2', 'cs2beta']",['MatureGame'],True
11,2025-04-05 04:09,oMACKZAO,pt,R.E.P.O.,⚡+18 | VIRADÃO COM MACKZAO! DIA DE MIX❤️ | !PIX !VIP !SUB !MIX !SORTEIO !COMANDOS | SIGA @oMACKZAO NAS REDES SOCIAIS!,"['Português', 'CS2', 'proplayer', 'Gaulês', 'MCH', 'Apoka', 'fer', 'boltz', 'fallen', 'counterstrike']",[],False
11,2025-04-05 04:09,NeWFriend44,ru,Counter-Strike,🦸‍♂️Подарок ЗА Фоллоу🦸‍♂️РОЗЫГРЫШ ПЕРЧАТОК В ТГ🧙‍♂️Steam еще до сизх пор в бане🧙‍♂️,"['скинызабаллы', 'наклейказафоллоу', 'розыгрыш', 'кс', 'Мужчина', 'парень', 'donk', 'CS2', 'Русский']",['MatureGame'],False
11,2025-04-05 04:09,Bellatrix762,pt,R.E.P.O.,Sexta-feira sua linda. Quero é csinho hoje!  <3   *-* (+18),"['Português', 'game', 'carioca', 'playgame', 'gameplay', 'riodejaneiro', 'girlgamers', 'cs2counterstrike2', 'cs', 'gamer']",[],False
12,2025-04-05 04:20,exexeboy,pt,VALORANT,que legal,"['Portuguese', 'Português']",[],False
12,2025-04-05 04:20,iShadowWolf_,pt,Sea of Thieves,(+18) Livezinha Muito Doida!   ||   (❗comandos ❗metas ❗drops)   ||   (Epic Code: SHADOWOLF),['Português'],[],False
12,2025-04-05 04:20,LipinhOr,pt,60 Seconds! Reatomized,FALTAM APENAS 7 DIAS PARA NOSSA LIVE INFINITA EMMMMM!!! | ❗Eneba,"['Português', 'gta', 'roleplay']",[],False
12,2025-04-05 04:20,sabrinoca,pt,Teamfight Tactics,SEXTOU FILHAS / SUBATHON AMANHÃ!  !odyssey !odysseycup,"['Português', 'MãeDePrimeiraViagem', 'BaratinhaDeFogão', 'Concubina', 'Melões', 'MulherDePreso', 'LeagueofLegends', 'Aliada', 'GíriasRegionais', 'Simples']",[],True
12,2025-04-05 04:20,Saullo,pt,Counter-Strike,"SORTEIO de 3 FACAS de R$7.600,00 AGORA + DEPÓSITO NA CONTA DE VOCÊS + SORTEIO 100 DÓLARES (AO VIVO)","['Português', 'skinscsgo', 'CSGO', 'SORTEIO', 'PIX', 'SKINS', 'FPS', 'Brasil', 'CS2', 'cs2beta']",['MatureGame'],True
12,2025-04-05 04:20,Gaules,pt,Night of the Dead,RERUN: Night of the Mulas!!  - !socio - Siga @Gaules nas redes sociais!,['Português'],[],True
12,2025-04-05 04:20,MandyMess,pt,Dead by Daylight,SEXTOU NO DBD 🩸❗sub❗pix❗insta,"['LGBT', 'DragQueen', 'Português', 'IntoTheFog', 'DropsAtivados']",['MatureGame'],False
12,2025-04-05 04:20,taldochico,pt,Conan Exiles,BRINCANDO DE HARRY POTTER! // AJUDE A LUNA ➔ ❗resgate // ❗pix ❗donate ❗bits ❗sons,"['Português', 'DropsAtivados']",['MatureGame'],False
12,2025-04-05 04:20,LariCogumela,pt,Dead by Daylight,DROPS ON °⋆ bora pro subathonnn ࿔* sorteio às 20h!,"['Português', 'GostosasQueJogam', 'AdaWongP100', 'TDAH', 'JogandoComEspectadores', 'LegendaryWomen', 'IntoTheFog', 'DropsAtivados']",['MatureGame'],False
13,2025-04-05 04:27,exexeboy,pt,VALORANT,que legal,"['Portuguese', 'Português']",[],False
13,2025-04-05 04:27,iShadowWolf_,pt,Sea of Thieves,(+18) Livezinha Muito Doida!   ||   (❗comandos ❗metas ❗drops)   ||   (Epic Code: SHADOWOLF),['Português'],[],False
13,2025-04-05 04:27,LipinhOr,pt,60 Seconds! Reatomized,FALTAM APENAS 7 DIAS PARA NOSSA LIVE INFINITA EMMMMM!!! | ❗Eneba,"['Português', 'gta', 'roleplay']",[],False
13,2025-04-05 04:27,sabrinoca,pt,Teamfight Tactics,SEXTOU FILHAS / SUBATHON AMANHÃ!  !odyssey !odysseycup,"['Português', 'MãeDePrimeiraViagem', 'BaratinhaDeFogão', 'Concubina', 'Melões', 'MulherDePreso', 'LeagueofLegends', 'Aliada', 'GíriasRegionais', 'Simples']",[],True
13,2025-04-05 04:27,Saullo,pt,Counter-Strike,"SORTEIO de 3 FACAS de R$7.600,00 AGORA + DEPÓSITO NA CONTA DE VOCÊS + SORTEIO 100 DÓLARES (AO VIVO)","['Português', 'skinscsgo', 'CSGO', 'SORTEIO', 'PIX', 'SKINS', 'FPS', 'Brasil', 'CS2', 'cs2beta']",['MatureGame'],True
13,2025-04-05 04:27,ShowZinN,pt,Fortnite,DROP ON VELHO E RUIM =D  #USE CODE SHOWZIN #ad ❗️EARNINGS ❗️PIX ❗️Onlyfas ❗️Jogar ❗️Fila ❗️Sair ❗️msg,"['Português', 'AMA', 'JogarComEspetadores', 'Casual', 'DropsAtivados']",[],False
13,2025-04-05 04:28,ScoTTIwaNo,pt,Just Chatting,!pix - Dicas de Relacionamento (entra e tira sua dúvida),['Português'],"['DrugsIntoxication', 'ProfanityVulgarity']",False
13,2025-04-05 04:28,UrsOps,pt,Counter-Strike,➮MIX DOS KNLS! SORTEIO drop da rent = !rentskins !loja !discord !whatsapp !rent,"['CSGO', 'FPS', 'Zomboid', 'Survival', 'Chatting', 'Português', 'CS2', 'zombie', 'counterstrike']",['MatureGame'],False
13,2025-04-05 04:28,Navegga,pt,Counter-Strike,mm,['Português'],['MatureGame'],False
14,2025-04-05 08:01,exexeboy,pt,Overwatch 2,que legal,"['Portuguese', 'Português']",[],False
14,2025-04-05 08:01,iShadowWolf_,pt,Sea of Thieves,(+18) Livezinha Muito Doida!   ||   (❗comandos ❗metas ❗drops)   ||   (Epic Code: SHADOWOLF),['Português'],[],False
14,2025-04-05 08:01,Saullo,pt,Counter-Strike,"SORTEIO de 3 FACAS de R$7.600,00 AGORA + DEPÓSITO NA CONTA DE VOCÊS + SORTEIO 100 DÓLARES (AO VIVO)","['Português', 'skinscsgo', 'CSGO', 'SORTEIO', 'PIX', 'SKINS', 'FPS', 'Brasil', 'CS2', 'cs2beta']",['MatureGame'],True
14,2025-04-05 08:01,Xerekiss,pt,Fortnite,[DROP ON] JOGANDO COM O CHAT | RESGATE ITENS ASSISTINDO A LIVE (❗loja) | CODE: XEREKISS #ad,"['Português', 'Brasil', 'fps', 'Fortnite', 'Portugal', 'battleroyale', 'DropsAtivados']",[],False
14,2025-04-05 08:01,Gaules,pt,Night of the Dead,RERUN: Night of the Mulas!!  - !socio - Siga @Gaules nas redes sociais!,['Português'],[],True
14,2025-04-05 08:01,YoDa,pt,League of Legends,LOL COM VOICE dia 7  - CO STREAM LTA SUL HOJE AS 13H,['Português'],[],False
14,2025-04-05 08:01,Nivyzera,pt,VALORANT,SUBAS DA NIVUS ( dia 01 ) ❗️subathon ❗️noping ❗️sociais ❗️pix,"['Português', 'Conversação', 'Mulher', 'Ranked', 'VALORANＴ']",[],False
14,2025-04-05 08:02,nanowidow,pt,Overwatch 2,norte america,"['Exhausted', 'cansado', 'sono', 'Velho', 'Português']",[],False
14,2025-04-05 08:02,hiirozinhaa,pt,Genshin Impact,✨Entre risadas e aventuras✨ [PT-BR] ❕DISCORD ❕TIKTOK ❕INSTAGRAM ✨,"['Português', 'RPG', 'aventura', 'GenshinnImpact', 'DropsAtivados']",[],False
15,2025-04-05 08:11,iShadowWolf_,pt,Fortnite,(+18) Livezinha Muito Doida!   ||   (❗comandos ❗metas ❗drops)   ||   (Epic Code: SHADOWOLF),"['Português', 'DropsAtivados']",[],False
15,2025-04-05 08:11,Saullo,pt,Counter-Strike,"SORTEIO de 3 FACAS de R$7.600,00 AGORA + DEPÓSITO NA CONTA DE VOCÊS + SORTEIO 100 DÓLARES (AO VIVO)","['Português', 'skinscsgo', 'CSGO', 'SORTEIO', 'PIX', 'SKINS', 'FPS', 'Brasil', 'CS2', 'cs2beta']",['MatureGame'],True
15,2025-04-05 08:11,Xerekiss,pt,Fortnite,[DROP ON] JOGANDO COM O CHAT | RESGATE ITENS ASSISTINDO A LIVE (❗loja) | CODE: XEREKISS #ad,"['Português', 'Brasil', 'fps', 'Fortnite', 'Portugal', 'battleroyale', 'DropsAtivados']",[],False
15,2025-04-05 08:11,Gaules,pt,Night of the Dead,RERUN: Night of the Mulas!!  - !socio - Siga @Gaules nas redes sociais!,['Português'],[],True
15,2025-04-05 08:11,YoDa,pt,League of Legends,LOL COM VOICE dia 7  - CO STREAM LTA SUL HOJE AS 13H,['Português'],[],False
15,2025-04-05 08:12,VeNavas,pt,Counter-Strike,+18🟥RERUN🟥 CSZADA - LOJA ATUALIZADÍSSIMA ➡  AO VIVO FARMA MAIS!!!!⬅ ❗csgocases ❗loja ❗livepix ❗discord ❗donate,"['Português', 'Reposição']","['MatureGame', 'ProfanityVulgarity']",True
15,2025-04-05 08:12,vovo_grobau,pt,Counter-Strike,"🔥Sorteio de skins na live do vovô! 🎮 Entre na bagunça participe: ❗cupom, ❗sorteio, ❗musica ❗gruporifa ❗luva","['Português', 'CS2', 'counterstrike', 'fps', 'jogosdetiros', 'cs', 'sorteio', 'resenha', 'skins', 'sorteiodeskins']","['DrugsIntoxication', 'Gambling', 'MatureGame', 'ProfanityVulgarity', 'SexualThemes', 'ViolentGraphic']",False
15,2025-04-05 08:12,BrunoBalloni,pt,Counter-Strike,🔴RERUN!!!-> ❗csgocases ❗regraloja❗farm ❗sub ❗msg ❗loja,"['Português', 'fps', 'Brasil', 'counterstrike', 'cs', 'cs2', 'brazil']",['MatureGame'],False
15,2025-04-05 08:12,mrdursley_,ru,Counter-Strike,"Розыгрыш скинов в CS2! Игры на faceit. WW всем! !knife,!нож,!tg, !elo","['CS2', 'pubg', 'counterstrike2', 'Shooter', 'fps', 'Giveaways', 'halva', 'knifegivaway', 'розыгрыши', 'Russian']",['MatureGame'],False
16,2025-04-05 08:20,iShadowWolf_,pt,Fortnite,(+18) Livezinha Muito Doida!   ||   (❗comandos ❗metas ❗drops)   ||   (Epic Code: SHADOWOLF),"['Português', 'DropsAtivados']",[],False
16,2025-04-05 08:20,Pedro017Yt,pt,Fortnite,🍉!DROPS ON - RESGATE VB ASSISTINDO A LIVE (❗loja) 🍉!PIX 🍉,"['Português', 'Fortnite', 'Jogandocomespectadores', 'DropsEnable', 'DropsAtivados']",[],False
16,2025-04-05 08:21,maahmurollo,pt,Fortnite,[NOVO DROP] ✨SUBDAY   ❗JOGAR ❗LOJA    MUROLLO #ad,"['gamer', 'Português', 'Fortnite', 'ZeroBuild', 'battleroyale', 'Reposição', 'DropsAtivados']",[],True
16,2025-04-05 08:21,Saullo,pt,Counter-Strike,"SORTEIO de 3 FACAS de R$7.600,00 AGORA + DEPÓSITO NA CONTA DE VOCÊS + SORTEIO 100 DÓLARES (AO VIVO)","['Português', 'skinscsgo', 'CSGO', 'SORTEIO', 'PIX', 'SKINS', 'FPS', 'Brasil', 'CS2', 'cs2beta']",['MatureGame'],True
16,2025-04-05 08:21,Gaules,pt,Night of the Dead,RERUN: Night of the Mulas!!  - !socio - Siga @Gaules nas redes sociais!,['Português'],[],True
16,2025-04-05 08:21,YoDa,pt,League of Legends,LOL COM VOICE dia 7  - CO STREAM LTA SUL HOJE AS 13H,['Português'],[],False
16,2025-04-05 08:21,LeoziinReact,pt,Just Chatting,N QUERIA TA EM LIVE,"['portugues', 'Português', 'react']",[],False
16,2025-04-05 08:21,Lhamatorrinco,pt,Just Chatting,🦙SUBATHON ATÉ EU INEXISTIR OU ACABAR (Dia 5)🦙 !vods !lista !pix !agenda !youtube !amazon,"['Anime', 'Animes', 'otaku', 'Português']",[],False
16,2025-04-05 08:21,TioWillShow,pt,Placid Plastic Duck Simulator,[+18] [PT/ENG] TIO WILL vs. O 296º DIA DO !SUBATHON INFINITO - !PIX !ROLADA,"['Português', 'Autismo', 'TDAH', 'furry', 'Calvo', 'palhaxota', 'Autista']","['DebatedSocialIssuesAndPolitics', 'ProfanityVulgarity', 'ViolentGraphic']",False
17,2025-04-05 12:01,iShadowWolf_,pt,Fortnite,(+18) Livezinha Muito Doida!   ||   (❗comandos ❗metas ❗drops)   ||   (Epic Code: SHADOWOLF),"['Português', 'DropsAtivados']",[],False
17,2025-04-05 12:01,Pedro017Yt,pt,Fortnite,🍉!DROPS ON - RESGATE VB ASSISTINDO A LIVE (❗loja) 🍉!PIX 🍉,"['Português', 'Fortnite', 'Jogandocomespectadores', 'DropsEnable', 'DropsAtivados']",[],False
17,2025-04-05 12:01,maahmurollo,pt,Fortnite,[NOVO DROP] ✨SUBDAY   ❗JOGAR ❗LOJA    MUROLLO #ad,"['gamer', 'Português', 'Fortnite', 'ZeroBuild', 'battleroyale', 'Reposição', 'DropsAtivados']",[],True
17,2025-04-05 12:01,eLyzao,pt,Counter-Strike,SORTEIO UM DIA SIM UM DIA NÃO PARA SUBS   ❗Nesha ❗iox +18,['Português'],['MatureGame'],False
17,2025-04-05 12:01,paivinha29,pt,EA Sports FC 25,WL DO BRASFUT- A VOLTA DE ENDRICK+ EM BUSCA DO RONALDO NA PREMIAÇÃO DA WL !CURSO  !COINS  !T !CURSO  !COINS  !TRUST  !TRADE,['Português'],[],False
17,2025-04-05 12:01,sacy,pt,VALORANT,mibr Sacy / LTA SUL AS 13H !jogoslol - !pix !noping !csgoskins !mibr,['Português'],[],False
17,2025-04-05 12:01,Ayellol,pt,League of Legends,COSTREAM LTA SUL MAIS TARDE 13H! | !loco !ragnarok !discord !pix !cortes !multi,['Português'],[],True
17,2025-04-05 12:01,Baiano,pt,League of Legends,🟢LPL AO VIVO: TES 1 x 1 AL🌴!kbmidl !bb !grupo !status #LPLCOSTREAM,['Português'],[],False
17,2025-04-05 12:02,JB_Sniper,pt,League of Legends,"!PIX -  SABADÃO É DIA DOS PICKS DO CHAT, BORA!",['Português'],[],False
18,2025-04-05 12:12,ocontagia,pt,Teamfight Tactics,PALHAÇO CONTAGIA e a sabadeira de alegrera !comandos,"['alegria', 'palhaco', 'Brino', 'YoDa', 'Fortnite', 'lol', 'tft', 'Português']",[],False
18,2025-04-05 12:12,CORALtv_,pt,Fortnite,DROPS NOVOS ON 🔥 JOGANDO COM O CHAT ✨ FARM VBUCKS ASSISTINDO A LIVE !LOJA ❤️ USE CODE: CORALTV #AD ✨!PIX !RESGATE !JOGAR !DROPS,"['Português', 'Fortnite', 'sorteio', 'VbucksGrátis', 'sorteios', 'vbucks', 'jogandocomespectadores', 'DropsAtivados']",[],False
18,2025-04-05 12:12,waveigl,pt,Counter-Strike,+18 🔞 WAVEIGL ❤️,['Português'],"['MatureGame', 'ProfanityVulgarity']",False
18,2025-04-05 12:12,paivinha29,pt,EA Sports FC 25,WL DO BRASFUT- A VOLTA DE ENDRICK+ EM BUSCA DO RONALDO NA PREMIAÇÃO DA WL !CURSO  !COINS  !T !CURSO  !COINS  !TRUST  !TRADE,['Português'],[],False
18,2025-04-05 12:12,Pedro017Yt,pt,Fortnite,🍉!DROPS ON - RESGATE VB ASSISTINDO A LIVE (❗loja) 🍉!PIX 🍉,"['Português', 'Fortnite', 'Jogandocomespectadores', 'DropsEnable', 'DropsAtivados']",[],False
18,2025-04-05 12:12,HenriqueOph,pt,Minecraft,DROP DE CAPA ATIVOS HARDCORE +250 DIAS EP 16,"['Português', 'minecraft', 'Hardcore', 'HardMode', 'sobrevivencia', '1VIDA', 'hardcoregamer', 'Singlerplayer', 'MINEDROP', 'TIKTOKCAPA']",[],False
18,2025-04-05 12:12,miguelitodoarrocha,pt,EA Sports FC 25,💥sabadão de WL em busca das 9v - sera que vamos classicar pra oitavas na copa streamers - Bem vindos a Live Do Miguelito,"['Português', 'Portugal', 'Competitivo', 'resenha', 'Resenhando', 'ultimateteam', 'fifa', 'EAFC', 'eafc25', 'eafcsports']",[],False
18,2025-04-05 12:12,TioPedroJoga,pt,EA Sports FC 25,WL DA SEGUE O RUMO COM MUDANÇAS NO TIME E DECISÃO NA COPA DOS STREAMERS !horario !cliente !coins !camiseta,['Português'],[],False
18,2025-04-05 12:12,guneiva,pt,EA Sports FC 25,220/0 (8 15/0) 11 CONTAS NO EVENTO TOP DA WL -  JOGAMOS SUA WL - COPA DOS STREAMERS 11H  !coins !cliente !coach !livepix !4213 !4411,['Português'],[],False
19,2025-04-05 12:19,ocontagia,pt,Teamfight Tactics,PALHAÇO CONTAGIA e a sabadeira de alegrera !comandos,"['alegria', 'palhaco', 'Brino', 'YoDa', 'Fortnite', 'lol', 'tft', 'Português']",[],False
19,2025-04-05 12:19,paivinha29,pt,EA Sports FC 25,WL DO BRASFUT- A VOLTA DE ENDRICK+ EM BUSCA DO RONALDO NA PREMIAÇÃO DA WL !CURSO  !COINS  !T !CURSO  !COINS  !TRUST  !TRADE,['Português'],[],False
19,2025-04-05 12:19,iShadowWolf_,pt,Fortnite,(+18) Livezinha Muito Doida!   ||   (❗comandos ❗metas ❗drops)   ||   (Epic Code: SHADOWOLF),"['Português', 'DropsAtivados']",[],False
19,2025-04-05 12:19,Pedro017Yt,pt,Fortnite,🍉!DROPS ON - RESGATE VB ASSISTINDO A LIVE (❗loja) 🍉!PIX 🍉,"['Português', 'Fortnite', 'Jogandocomespectadores', 'DropsEnable', 'DropsAtivados']",[],False
19,2025-04-05 12:19,waveigl,pt,Counter-Strike,+18 🔞 WAVEIGL ❤️,['Português'],"['MatureGame', 'ProfanityVulgarity']",False
19,2025-04-05 12:19,sacy,pt,VALORANT,mibr Sacy / LTA SUL AS 13H !jogoslol - !pix !noping !csgoskins !mibr,['Português'],[],False
19,2025-04-05 12:19,morenageek,pt,Fortnite,Sabadou testando o controle novo,"['Fortnite', 'GirlPlayer', 'PS5LiveStream', 'ControlerGaming', 'Português', 'DropsAtivados']",[],False
19,2025-04-05 12:19,MagoDoFliperama,pt,Fall Guys,AJUDEM A MANTER NOSSO CANAL COM NOSSAS METAS❗memes ❗interativos ❗desafios ❗topdoações // Use o Código MAGODOFLIPERAMA na loja,['Português'],"['DebatedSocialIssuesAndPolitics', 'DrugsIntoxication', 'Gambling', 'ProfanityVulgarity', 'SexualThemes', 'ViolentGraphic']",False
19,2025-04-05 12:19,NYKAGAMER_,pt,Fortnite,sabadou com ax minax❗️LIVEPIX ❗️Onlyfans ❗️Comandos ❗️Discord ❗️Clip,"['Fortnite', 'Português', 'Mulher', 'brasil', 'Español', '한국어', 'Русский', '漢語', 'ภาษาไทย', '日本語']",[],False
20,2025-04-05 12:28,ocontagia,pt,Teamfight Tactics,PALHAÇO CONTAGIA e a sabadeira de alegrera !comandos,"['alegria', 'palhaco', 'Brino', 'YoDa', 'Fortnite', 'lol', 'tft', 'Português']",[],False
20,2025-04-05 12:28,ZAKl1k,pt,Minecraft,🟢 MINECRAFT | ⭐ GANHE ASSISTINDO | 🌟 REESTOQUE DIA 10 ou 16 às 18h | !loja !points !prime !sub,"['Português', 'Minecraft', 'RecompensasEspetadores']",[],False
20,2025-04-05 12:28,paivinha29,pt,EA Sports FC 25,WL DO BRASFUT- A VOLTA DE ENDRICK+ EM BUSCA DO RONALDO NA PREMIAÇÃO DA WL !CURSO  !COINS  !T !CURSO  !COINS  !TRUST  !TRADE,['Português'],[],False
20,2025-04-05 12:28,CORALtv_,pt,Fortnite,DROPS NOVOS ON 🔥 JOGANDO COM O CHAT ✨ FARM VBUCKS ASSISTINDO A LIVE !LOJA ❤️ USE CODE: CORALTV #AD ✨!PIX !RESGATE !JOGAR !DROPS,"['Português', 'Fortnite', 'sorteio', 'VbucksGrátis', 'sorteios', 'vbucks', 'jogandocomespectadores', 'DropsAtivados']",[],False
20,2025-04-05 12:28,HenriqueOph,pt,Minecraft,DROP DE CAPA ATIVOS HARDCORE +250 DIAS EP 16,"['Português', 'minecraft', 'Hardcore', 'HardMode', 'sobrevivencia', '1VIDA', 'hardcoregamer', 'Singlerplayer', 'MINEDROP', 'TIKTOKCAPA']",[],False
20,2025-04-05 12:28,Pedro017Yt,pt,Fortnite,🍉!DROPS ON - RESGATE VB ASSISTINDO A LIVE (❗loja) 🍉!PIX 🍉,"['Português', 'Fortnite', 'Jogandocomespectadores', 'DropsEnable', 'DropsAtivados']",[],False
20,2025-04-05 12:28,AmaruC2,pt,Grand Theft Auto V,🔞 NOBRE ROLEPLAY 🔥 FIVE M ⚔️ ❗ ⚖️ POLICIAL INSPETOR CIVIL ❗ 🔫 OPERAÇÃO OLX + PATRULHA ❗ 😈 ANJINHO DA LEI ❗ 💭 RESENHA !pix !sub !server,"['gta', 'fivem', 'nobre', 'roleplay', 'fac', 'POLICIA', 'gta5', 'gtav', 'CidadeNobre', 'SantaGroupGG']",['MatureGame'],False
20,2025-04-05 12:28,ferrysfps_,en,Counter-Strike,Have fun guys ^^,['English'],['MatureGame'],False
20,2025-04-05 12:28,btt_ghost1,pt,Call of Duty: Warzone,[+18] Lobby OLD!,"['Competitivo', 'Português', 'DropsAtivados']",['MatureGame'],False
21,2025-04-05 12:35,ocontagia,pt,Just Chatting,PALHAÇO CONTAGIA e a sabadeira de alegrera !comandos,"['alegria', 'palhaco', 'Brino', 'YoDa', 'Fortnite', 'lol', 'tft', 'Português']",[],False
21,2025-04-05 12:35,iShadowWolf_,pt,Fortnite,(+18) Livezinha Muito Doida!   ||   (❗comandos ❗metas ❗drops)   ||   (Epic Code: SHADOWOLF),"['Português', 'DropsAtivados']",[],False
21,2025-04-05 12:35,paivinha29,pt,EA Sports FC 25,WL DO BRASFUT- A VOLTA DE ENDRICK+ EM BUSCA DO RONALDO NA PREMIAÇÃO DA WL !CURSO  !COINS  !T !CURSO  !COINS  !TRUST  !TRADE,['Português'],[],False
21,2025-04-05 12:35,Pedro017Yt,pt,Fortnite,🍉!DROPS ON - RESGATE VB ASSISTINDO A LIVE (❗loja) 🍉!PIX 🍉,"['Português', 'Fortnite', 'Jogandocomespectadores', 'DropsEnable', 'DropsAtivados']",[],False
21,2025-04-05 12:35,waveigl,pt,Counter-Strike,+18 🔞 WAVEIGL ❤️,['Português'],"['MatureGame', 'ProfanityVulgarity']",False
21,2025-04-05 12:36,CORALtv_,pt,Fortnite,DROPS NOVOS ON 🔥 JOGANDO COM O CHAT ✨ FARM VBUCKS ASSISTINDO A LIVE !LOJA ❤️ USE CODE: CORALTV #AD ✨!PIX !RESGATE !JOGAR !DROPS,"['Português', 'Fortnite', 'sorteio', 'VbucksGrátis', 'sorteios', 'vbucks', 'jogandocomespectadores', 'DropsAtivados']",[],False
21,2025-04-05 12:36,tatazincs,pt,Counter-Strike,🟢 FACEIT SUPERMATCH - COLA PRA RESENHA 💪🏻😎❗️clash.gg❗️insanegg❗️investimento❗️sorteio❗️dedeskins❗️Skinplace,['Português'],['MatureGame'],False
21,2025-04-05 12:36,gabyvraau,pt,Counter-Strike,"ANIVERSARIANTE ON, 100 BITS = PARABENS <3 !pix !insane !parabens",['Português'],['MatureGame'],False
21,2025-04-05 12:36,BiDa,pt,MIR 4,{SA83} FW Anestesia pegando baus,"['narrador', 'comentarista', 'Português']",[],False
22,2025-04-05 16:01,ocontagia,pt,Conan Exiles,PALHAÇO CONTAGIA - Sabadera da alegrera - CONAN O PALHAÇO BARBARO Drops ON,"['alegria', 'palhaco', 'Brino', 'YoDa', 'Fortnite', 'lol', 'tft', 'Português', 'DropsAtivados']",['MatureGame'],False
22,2025-04-05 16:01,waveigl,pt,Counter-Strike,+18 🔞 WAVEIGL ❤️,['Português'],"['MatureGame', 'ProfanityVulgarity']",False
22,2025-04-05 16:01,Pedro017Yt,pt,Fortnite,🍉!DROPS ON - RESGATE VB ASSISTINDO A LIVE (❗loja) 🍉!PIX 🍉,"['Português', 'Fortnite', 'Jogandocomespectadores', 'DropsEnable', 'DropsAtivados']",[],False
22,2025-04-05 16:01,beletz_,pt,Fortnite,GESTO DE GRAÇA 💚 JOGANDO FORTNITE COM O CHAT ✨ USE CODE: BELETZ ✨!CODE !PIX,"['portugues', 'fortnite', 'fortnitetrocacao', 'stream', 'Português', 'girlgamers', 'DropsAtivados']",[],False
22,2025-04-05 16:01,Dilascio_,pt,Marvel Rivals,SÓ HERÓI MELEE ATÉ O ETERNIDADE,"['Português', 'Competitivo', 'Conversa', 'top500', 'overwatch', 'English', 'DropsAtivados']",[],False
22,2025-04-05 16:01,sacy,pt,VALORANT,mibr Sacy / 2G AS 18H - !mibr !noping !csgoskins !pix,['Português'],[],False
22,2025-04-05 16:01,DanZucaTV,pt,The First Berserker: Khazan,Fortnelson + The First Berserker: Khazan #005 | ❗loja ❗bits ❗clip ❗ssub,"['Português', 'Brasil', 'TDAH', 'JogadorCasual', 'PS5', 'Nintendo', 'XboxSeriesX', 'AMA', 'ModoHistória', 'Lançamentos']",['MatureGame'],False
22,2025-04-05 16:02,hiirozinhaa,pt,Disney Speedstorm,✨quem chegar por último paga 500 ✨ [PT-BR] ❕DISCORD ❕TIKTOK ❕INSTAGRAM ✨,"['Português', 'disney', 'disneyspeedstorm']",[],False
22,2025-04-05 16:02,kaori_game,pt,Overwatch 2,Kaoriwatch   !pistola !clipe !discord !pix,"['overwatch', 'fortnite', 'minecrafit', 'minecraftsurvivor', 'girlgamers', 'sup', 'Português']",[],False
23,2025-04-05 16:10,ocontagia,pt,Conan Exiles,PALHAÇO CONTAGIA - Sabadera da alegrera - CONAN O PALHAÇO BARBARO Drops ON,"['alegria', 'palhaco', 'Brino', 'YoDa', 'Fortnite', 'lol', 'tft', 'Português', 'DropsAtivados']",['MatureGame'],False
23,2025-04-05 16:10,waveigl,pt,Counter-Strike,+18 🔞 WAVEIGL ❤️,['Português'],"['MatureGame', 'ProfanityVulgarity']",False
23,2025-04-05 16:10,Dilascio_,pt,Marvel Rivals,SÓ HERÓI MELEE ATÉ O ETERNIDADE,"['Português', 'Competitivo', 'Conversa', 'top500', 'overwatch', 'English', 'DropsAtivados']",[],False
23,2025-04-05 16:10,Pedro017Yt,pt,Fortnite,🍉!DROPS ON - RESGATE VB ASSISTINDO A LIVE (❗loja) 🍉!PIX 🍉,"['Português', 'Fortnite', 'Jogandocomespectadores', 'DropsEnable', 'DropsAtivados']",[],False
23,2025-04-05 16:10,beletz_,pt,Fortnite,GESTO DE GRAÇA 💚 JOGANDO FORTNITE COM O CHAT ✨ USE CODE: BELETZ ✨!CODE !PIX,"['portugues', 'fortnite', 'fortnitetrocacao', 'stream', 'Português', 'girlgamers', 'DropsAtivados']",[],False
23,2025-04-05 16:10,TcK10,pt,VALORANT,BRASIL JOGA HOJE - 2G NO VCT AMÉRICAS 18:00 !SUPERBET 🏆 !GROWTH 🏆 SIGA EM @TcK10,"['melhordomundo', 'radiante', 'incrível', 'valorant', 'Português']",[],False
23,2025-04-05 16:10,AndreiMarroni,pt,Grand Theft Auto V,DanaVerso. Ganhe dinheiro real jogando GTA.  https://discord.gg/danaversorp,"['Resenha', 'Susto', 'Português', 'Diversão', 'RP', 'fivem', 'fivemrp']",['MatureGame'],True
23,2025-04-05 16:10,CarecaJogaa,pt,Grand Theft Auto V,[+18 RISE] tropa da Escócia Ep 01 ❗clip❗pix ❗discord,"['Português', 'FiveMRolePlay', 'GTARP', 'cpxxp', 'complexo', 'ProdigyRP']",['MatureGame'],False
23,2025-04-05 16:10,kevaooficial,pt,Grand Theft Auto V,ESTAMOS ON PELA CIDADE NOBRE EQUIPE POLICIA ESTARA NO ZONA DE CONFLITO DE HOJE EM PESO  !pix,"['Português', 'gtarpstreamer', 'livegtaroleplay', 'paulinhooloko', 'hyperoleplay']",['MatureGame'],True
24,2025-04-05 16:20,ocontagia,pt,Conan Exiles,PALHAÇO CONTAGIA - Sabadera da alegrera - CONAN O PALHAÇO BARBARO Drops ON,"['alegria', 'palhaco', 'Brino', 'YoDa', 'Fortnite', 'lol', 'tft', 'Português', 'DropsAtivados']",['MatureGame'],False
24,2025-04-05 16:20,waveigl,pt,Counter-Strike,+18 🔞 WAVEIGL ❤️,['Português'],"['MatureGame', 'ProfanityVulgarity']",False
24,2025-04-05 16:20,RdeCarvalho,pt,Rocket League,Liga dos Foguetes | USE O CÓDIGO: RDECARVALHO | NOVOS EMOTES | #1 | !pix !bits !apoie,['Português'],[],False
24,2025-04-05 16:20,CORALtv_,pt,Marvel Rivals,DROPS ON 🔥 CONFERINDO AS NOVIDADES ✨ FARM VBUCKS ASSISTINDO A LIVE !LOJA ❤️ USE CODE: CORALTV #AD ✨!PIX !RESGATE !JOGAR !DROPS,"['Português', 'Fortnite', 'sorteio', 'VbucksGrátis', 'sorteios', 'vbucks', 'jogandocomespectadores', 'DropsAtivados']",[],False
24,2025-04-05 16:20,Pedro017Yt,pt,Fortnite,🍉!DROPS ON - RESGATE VB ASSISTINDO A LIVE (❗loja) 🍉!PIX 🍉,"['Português', 'Fortnite', 'Jogandocomespectadores', 'DropsEnable', 'DropsAtivados']",[],False
24,2025-04-05 16:20,beletz_,pt,Fortnite,GESTO DE GRAÇA 💚 JOGANDO FORTNITE COM O CHAT ✨ USE CODE: BELETZ ✨!CODE !PIX,"['portugues', 'fortnite', 'fortnitetrocacao', 'stream', 'Português', 'girlgamers', 'DropsAtivados']",[],False
24,2025-04-05 16:20,LaizaGamerzinha,pt,Tabletop RPGs,SÁBADO É DIA DE RPG!! AS FANTÁSTICAS AVENTURAS DE LAIZA GAMERZINHA !pix !discord,"['Português', 'Mulher', 'Fofa', 'kawaii', 'soulslike']",[],False
24,2025-04-05 16:20,meteoritofatal,pt,Overcooked!,"Iniciando nas lives, me segue?",['Português'],[],False
24,2025-04-05 16:20,AndreiMarroni,pt,Grand Theft Auto V,DanaVerso. Ganhe dinheiro real jogando GTA.  https://discord.gg/danaversorp,"['Resenha', 'Susto', 'Português', 'Diversão', 'RP', 'fivem', 'fivemrp']",['MatureGame'],True
25,2025-04-05 16:30,ocontagia,pt,Conan Exiles,PALHAÇO CONTAGIA - Sabadera da alegrera - CONAN O PALHAÇO BARBARO Drops ON,"['alegria', 'palhaco', 'Brino', 'YoDa', 'Fortnite', 'lol', 'tft', 'Português', 'DropsAtivados']",['MatureGame'],False
25,2025-04-05 16:30,waveigl,pt,Counter-Strike,+18 🔞 WAVEIGL ❤️,['Português'],"['MatureGame', 'ProfanityVulgarity']",False
25,2025-04-05 16:30,RdeCarvalho,pt,Rocket League,Liga dos Foguetes | USE O CÓDIGO: RDECARVALHO | NOVOS EMOTES | #1 | !pix !bits !apoie,['Português'],[],False
25,2025-04-05 16:31,CORALtv_,pt,Marvel Rivals,DROPS ON 🔥 CONFERINDO AS NOVIDADES ✨ FARM VBUCKS ASSISTINDO A LIVE !LOJA ❤️ USE CODE: CORALTV #AD ✨!PIX !RESGATE !JOGAR !DROPS,"['Português', 'Fortnite', 'sorteio', 'VbucksGrátis', 'sorteios', 'vbucks', 'jogandocomespectadores', 'DropsAtivados']",[],False
25,2025-04-05 16:31,Pedro017Yt,pt,Fortnite,🍉!DROPS ON - RESGATE VB ASSISTINDO A LIVE (❗loja) 🍉!PIX 🍉,"['Português', 'Fortnite', 'Jogandocomespectadores', 'DropsEnable', 'DropsAtivados']",[],False
25,2025-04-05 16:31,beletz_,pt,Fortnite,GESTO DE GRAÇA 💚 JOGANDO FORTNITE COM O CHAT ✨ USE CODE: BELETZ ✨!CODE !PIX,"['portugues', 'fortnite', 'fortnitetrocacao', 'stream', 'Português', 'girlgamers', 'DropsAtivados']",[],False
25,2025-04-05 16:31,vnnnzz,pt,Counter-Strike,🟢SABADOOOU DAQUELE JEITAO🔥LOJINHA ON! SUBS 10X 🔥,"['csgo', 'faceit', 'brasil', 'counterstrike', 'gamersclub', 'portugues', 'tribo', 'Português', 'CS2']",['MatureGame'],False
25,2025-04-05 16:31,enriquemachado_,pt,The Last of Us Part II: Remastered,🟢 #3 THE LAST OF US NO PC!!🟢 SORTEIO DE 4 FACAS >❗ Sorteio  ❗topskin ❗loja ❗csgobig  ❗insane  ❗suaskin +18,['Português'],['MatureGame'],False
25,2025-04-05 16:31,vovo_grobau,pt,Counter-Strike,"🔥Sorteio de skins na live do vovô! 🎮 Entre na bagunça participe: ❗cupom, ❗sorteio, ❗musica ❗gruporifa ❗luva","['Português', 'CS2', 'counterstrike', 'fps', 'jogosdetiros', 'cs', 'sorteio', 'resenha', 'skins', 'sorteiodeskins']","['DrugsIntoxication', 'Gambling', 'MatureGame', 'ProfanityVulgarity', 'SexualThemes', 'ViolentGraphic']",False
26,2025-04-05 20:01,ocontagia,pt,Teamfight Tactics,PALHAÇO CONTAGIA - Sabadera da alegrera - TFT DA LOCURAGI,"['alegria', 'palhaco', 'Brino', 'YoDa', 'Fortnite', 'lol', 'tft', 'Português']",[],False
26,2025-04-05 20:01,simoesgm,pt,Fortnite,(DROPS ON)EMOTE GRATIS HOJE /11HRS DE LIVE .  !PIX !drop,"['Português', 'DropsAtivados']",[],False
26,2025-04-05 20:01,waveigl,pt,Counter-Strike,+18 🔞 WAVEIGL ❤️,['Português'],"['MatureGame', 'ProfanityVulgarity']",False
26,2025-04-05 20:01,RdeCarvalho,pt,Sports,Vasco x Corinthians - 2 Rodada Brasileirão (REACT SEM IMAGENS) | NOVOS EMOTES | #1 | !pix !bits !apoie,['Português'],[],False
26,2025-04-05 20:01,sacy,pt,VALORANT,2G 1x1 KRU - #VCTWATCHPARTY,['Português'],[],False
26,2025-04-05 20:01,beletz_,pt,Fortnite,GESTO DE GRAÇA 💚 JOGANDO FORTNITE COM O CHAT ✨ USE CODE: BELETZ ✨!CODE !PIX,"['portugues', 'fortnite', 'fortnitetrocacao', 'stream', 'Português', 'girlgamers', 'DropsAtivados']",[],False
26,2025-04-05 20:01,LuBuuu,pt,Marvel Rivals,TEMPORADA 2 ACESSO ANTECIPADO !comando !youtube !tiktok,"['Português', 'Brasil', 'marvelrivals', 'LearningEnglish', 'Competitivo', 'English', 'DropsAtivados']",[],False
26,2025-04-05 20:02,amoedohz,pt,Marvel Rivals,8 HORAS DE RANKED - !pix !passegratis !discord,"['Português', 'DropsAtivados']",[],False
26,2025-04-05 20:02,Sanry,pt,Dead by Daylight,LIVE SURPRESA: KANEKI BUILDS INSANAS!!! - !VAKINHA - !PIX !COMOLOOPAR !COMOJOGAR !APRENDADBD,"['Bopezera', 'Português', 'JopaDBD', 'terror', 'ShirtMySurvivor', 'IntoTheFog', 'jogodeterror', 'jogosdeterror', 'DropsAtivados']",['MatureGame'],False
27,2025-04-05 20:12,ocontagia,pt,Teamfight Tactics,PALHAÇO CONTAGIA - Sabadera da alegrera - TFT DA LOCURAGI,"['alegria', 'palhaco', 'Brino', 'YoDa', 'Fortnite', 'lol', 'tft', 'Português']",[],False
27,2025-04-05 20:12,simoesgm,pt,Fortnite,(DROPS ON)EMOTE GRATIS HOJE /11HRS DE LIVE .  !PIX !drop,"['Português', 'DropsAtivados']",[],False
27,2025-04-05 20:12,waveigl,pt,Counter-Strike,+18 🔞 WAVEIGL ❤️,['Português'],"['MatureGame', 'ProfanityVulgarity']",False
27,2025-04-05 20:12,RdeCarvalho,pt,Sports,Vasco x Corinthians - 2 Rodada Brasileirão (REACT SEM IMAGENS) | NOVOS EMOTES | #1 | !pix !bits !apoie,['Português'],[],False
27,2025-04-05 20:12,sacy,pt,VALORANT,2G 1x1 KRU - #VCTWATCHPARTY,['Português'],[],False
27,2025-04-05 20:12,beletz_,pt,Fortnite,GESTO DE GRAÇA 💚 JOGANDO FORTNITE COM O CHAT ✨ USE CODE: BELETZ ✨!CODE !PIX,"['portugues', 'fortnite', 'fortnitetrocacao', 'stream', 'Português', 'girlgamers', 'DropsAtivados']",[],False
27,2025-04-05 20:12,Elbat_,fr,Sea of Thieves,🟠 GAGNE TON SIXPACK OBSI -> !GOOFYSOT 🏆 | SLOOP PVP 🎯,['Français'],[],False
27,2025-04-05 20:13,PeiRei,en,Sea of Thieves,Poisonous Deluxe | @poisonhearrt & @ep1cac3,"['PvP', 'Competitive', 'English']",['ProfanityVulgarity'],False
27,2025-04-05 20:13,MagnumOfSpades,pt,Don't Starve Together,Partiu Don't Starve Together com a Galera! Subgifts em promoção!! Vem jogar #Livetododia 1656 !livepix,"['Português', 'LiveTodoDia', 'DontStarveTogether', 'gaming', 'gamer', 'nuuvem', 'exitlag']",[],False
28,2025-04-05 20:19,ocontagia,pt,Teamfight Tactics,PALHAÇO CONTAGIA - Sabadera da alegrera - TFT DA LOCURAGI,"['alegria', 'palhaco', 'Brino', 'YoDa', 'Fortnite', 'lol', 'tft', 'Português']",[],False
28,2025-04-05 20:20,simoesgm,pt,Fortnite,(DROPS ON)EMOTE GRATIS HOJE /11HRS DE LIVE .  !PIX !drop,"['Português', 'DropsAtivados']",[],False
28,2025-04-05 20:20,waveigl,pt,Counter-Strike,+18 🔞 WAVEIGL ❤️,['Português'],"['MatureGame', 'ProfanityVulgarity']",False
28,2025-04-05 20:20,RdeCarvalho,pt,Sports,Vasco x Corinthians - 2 Rodada Brasileirão (REACT SEM IMAGENS) | NOVOS EMOTES | #1 | !pix !bits !apoie,['Português'],[],False
28,2025-04-05 20:20,baruca2222,pt,Sea of Thieves,Sabadinho chuva... LET´S BORA!,"['Português', 'crime', 'seaofthieves']",[],True
28,2025-04-05 20:20,sacy,pt,VALORANT,2G 1x1 KRU - #VCTWATCHPARTY,['Português'],[],False
28,2025-04-05 20:20,Ynasshi,pt,Just Chatting,VENDO SETUP DO CHAT HJ,"['Português', 'Anime', 'Vtuberbr', 'English', 'Português', 'Ancião', 'vtuber']",[],False
28,2025-04-05 20:20,MiyaTsuki,pt,Dead by Daylight,"ଘ(੭ˊ꒳ˋ)੭✧ Eu não tô viciada em DbD, você que tá. ~ !clip","['vtuber', 'Casual', 'Português', 'DropsAtivados']",['MatureGame'],False
28,2025-04-05 20:20,Mhuni,pt,Art,🔴ARTE🔴 Trabalhando e papeando | !loja !discord !pix !redes,"['artista', 'Português', 'gamergirl', 'English', 'Vtuber', 'Mhuni', 'ADHD', 'Mulher', 'valorant', 'leagueoflegends']",[],False
29,2025-04-05 20:28,simoesgm,pt,Fortnite,(DROPS ON)EMOTE GRATIS HOJE /11HRS DE LIVE .  !PIX !drop,"['Português', 'DropsAtivados']",[],False
29,2025-04-05 20:28,waveigl,pt,Counter-Strike,+18 🔞 WAVEIGL ❤️,['Português'],"['MatureGame', 'ProfanityVulgarity']",False
29,2025-04-05 20:28,baruca2222,pt,Sea of Thieves,Sabadinho chuva... LET´S BORA!,"['Português', 'crime', 'seaofthieves']",[],True
29,2025-04-05 20:28,RdeCarvalho,pt,Sports,Vasco x Corinthians - 2 Rodada Brasileirão (REACT SEM IMAGENS) | NOVOS EMOTES | #1 | !pix !bits !apoie,['Português'],[],False
29,2025-04-05 20:28,sacy,pt,VALORANT,2G 1x1 KRU - #VCTWATCHPARTY,['Português'],[],False
29,2025-04-05 20:28,TcK10,pt,VALORANT,2G x KRU | VCT AMERICAS  !GROWTH  SIGA EM @TcK10 #VCTWatchParty!,"['melhordomundo', 'radiante', 'incrível', 'valorant', 'Português']",[],False
29,2025-04-05 20:28,gabyvraau,pt,Counter-Strike,"ANIVERSARIANTE ON, 100 BITS = PARABENS <3 !pix !insane !parabens",['Português'],['MatureGame'],False
29,2025-04-05 20:28,kathyzinha,pt,Counter-Strike,s2   !livepix,['Português'],"['Gambling', 'MatureGame']",True
29,2025-04-05 20:29,enriquemachado_,pt,The Last of Us Part II: Remastered,🟢 #3 THE LAST OF US NO PC!!🟢 SORTEIO DE 4 FACAS >❗ Sorteio  ❗topskin ❗loja ❗csgobig  ❗insane  ❗suaskin +18,['Português'],['MatureGame'],False
30,2025-04-05 20:36,waveigl,pt,Counter-Strike,+18 🔞 WAVEIGL ❤️,['Português'],"['MatureGame', 'ProfanityVulgarity']",False
30,2025-04-05 20:36,simoesgm,pt,Fortnite,(DROPS ON)EMOTE GRATIS HOJE /11HRS DE LIVE .  !PIX !drop,"['Português', 'DropsAtivados']",[],False
30,2025-04-05 20:36,baruca2222,pt,Sea of Thieves,Sabadinho chuva... LET´S BORA!,"['Português', 'crime', 'seaofthieves']",[],True
30,2025-04-05 20:37,Dilascio_,pt,Marvel Rivals,SÓ HERÓI MELEE ATÉ O ETERNIDADE,"['Português', 'Competitivo', 'Conversa', 'top500', 'overwatch', 'English', 'DropsAtivados']",[],False
30,2025-04-05 20:37,sacy,pt,VALORANT,2G 1x1 KRU - #VCTWATCHPARTY,['Português'],[],False
30,2025-04-05 20:37,RdeCarvalho,pt,Sports,Vasco x Corinthians - 2 Rodada Brasileirão (REACT SEM IMAGENS) | NOVOS EMOTES | #1 | !pix !bits !apoie,['Português'],[],False
30,2025-04-05 20:37,CahNepo,pt,Marvel Rivals,SUBATHON ON :D !PIX !AMAZON !EPIC !SOCIAIS #MarvelRivalsPartner #CriadorOverwatch,"['Português', 'Brasil', 'react', 'conversa', 'Competitivo', 'IRL', 'DropsAtivados']",[],False
30,2025-04-05 20:37,morenageek,pt,Fortnite,Sabadou testando o controle novo,"['Fortnite', 'GirlPlayer', 'PS5LiveStream', 'ControlerGaming', 'Português', 'DropsAtivados']",[],False
30,2025-04-05 20:37,Briian9_,pt,Fortnite,[DROPS ON] GANHE UM GESTO GRÁTIS ASSISTINDO A LIVE  | USE CODE: BRIAN9 | - ❗Exitlag ❗mapa ❗code,"['zerobuild', 'Português', 'react', 'Fortnite', 'battleroyale', 'drops', 'Idoso', 'DropsAtivados']",[],False
31,2025-04-06 00:01,waveigl,pt,Counter-Strike,+18 🔞 WAVEIGL ❤️,['Português'],"['MatureGame', 'ProfanityVulgarity']",False
31,2025-04-06 00:01,MamuteLIVE,pt,Fortnite,[DROP ON] 🟢AO VIVO🟢 🔥ATRASEI VEM FARMAR EMOTE GRATIS🔥  8856-6162-7739 !MAPA !LOJA !NUUVEM,"['FORTNITE', 'gordo', 'Português', 'Dropshabilitados', 'conversando', 'fps', 'react', 'Sobrevivência', 'PokemonCommunityGame', 'PCG']",[],False
31,2025-04-06 00:01,simoesgm,pt,Fortnite,(DROPS ON) RERUM/ EMOTE GRATIS HOJE.  !PIX !drop,"['Português', 'DropsAtivados']",[],False
31,2025-04-06 00:01,Oh_Queiroz,pt,Grand Theft Auto V,[🇧🇷 +18 GTA RP] A GROTA É NOSSA ESTAMOS CONTRATANDO✅🔥,"['Português', 'gta', 'GTARP', 'paulinhooloko', 'yuri22', 'GTARPLIVE']",['MatureGame'],False
31,2025-04-06 00:01,azusaftn,pt,Fortnite,"Sem nada pra fazer, bora incomodar os enzos?","['battle', 'royale', 'criativo', 'fortnite', 'jogos', 'Português']",[],False
31,2025-04-06 00:01,EiMine77,pt,Minecraft,✅ RECOMPENSAS ON! | ⭐ SEJA RÁPIDO E GANHE UMA CAPA DE GRAÇA: !CAPA | 💘 INSTAGRAM: @EIMINE77 | !ajuda !rerun !sub !subgratis !loja,"['Minecraft', 'EiMine', 'Português', 'RecompensasEspetadores']",[],False
31,2025-04-06 00:01,ManoellaPiS,pt,VALORANT,live brainrot,"['Português', 'Mulher', 'jungle']",[],False
31,2025-04-06 00:02,itsLilii,pt,VALORANT,Não faço a menor ideia do que tô fazendo,"['mulher', 'valorant', 'variedades', 'Português', 'TDAH']",['ProfanityVulgarity'],False
31,2025-04-06 00:02,luannysardagna,pt,VALORANT,DIA 301 SUBATHON SOLIDÁRIO da quimioterapia do meu pai.❗subathon -❗tratamento -❗pix - ❗insta -,"['luanny', 'lol', 'chat', 'tdha', 'Português']",[],False
32,2025-04-06 00:12,waveigl,pt,Counter-Strike,+18 🔞 WAVEIGL ❤️,['Português'],"['MatureGame', 'ProfanityVulgarity']",False
32,2025-04-06 00:12,MamuteLIVE,pt,Fortnite,[DROP ON] 🟢AO VIVO🟢 🔥ATRASEI VEM FARMAR EMOTE GRATIS🔥  8856-6162-7739 !MAPA !LOJA !NUUVEM,"['FORTNITE', 'gordo', 'Português', 'Dropshabilitados', 'conversando', 'fps', 'react', 'Sobrevivência', 'PokemonCommunityGame', 'PCG']",[],False
32,2025-04-06 00:12,Oh_Queiroz,pt,Grand Theft Auto V,[🇧🇷 +18 GTA RP] A GROTA É NOSSA ESTAMOS CONTRATANDO✅🔥,"['Português', 'gta', 'GTARP', 'paulinhooloko', 'yuri22', 'GTARPLIVE']",['MatureGame'],False
32,2025-04-06 00:12,simoesgm,pt,Fortnite,(DROPS ON) RERUM/ EMOTE GRATIS HOJE.  !PIX !drop,"['Português', 'DropsAtivados']",[],False
32,2025-04-06 00:12,EiMine77,pt,Minecraft,✅ RECOMPENSAS ON! | ⭐ SEJA RÁPIDO E GANHE UMA CAPA DE GRAÇA: !CAPA | 💘 INSTAGRAM: @EIMINE77 | !ajuda !rerun !sub !subgratis !loja,"['Minecraft', 'EiMine', 'Português', 'RecompensasEspetadores']",[],False
32,2025-04-06 00:13,azusaftn,pt,Fortnite,"Sem nada pra fazer, bora incomodar os enzos?","['battle', 'royale', 'criativo', 'fortnite', 'jogos', 'Português']",[],False
32,2025-04-06 00:13,Mhuni,pt,Art,🔴ARTE🔴 Trabalhando e papeando | !loja !discord !pix !redes,"['artista', 'Português', 'gamergirl', 'English', 'Vtuber', 'Mhuni', 'ADHD', 'Mulher', 'valorant', 'leagueoflegends']",[],False
32,2025-04-06 00:13,RonaldoVTUBER,pt,Minecraft,CONSTRUINDO UMA ESTATUA GIGANTE NO MINECRAFT,"['português', 'Multiplayer', 'roleplay', 'Vtuber', 'VtuberBR', 'Português', 'PvP', 'pokemon', 'RecompensasEspetadores']",[],False
32,2025-04-06 00:13,AknCrimsyn,pt,Conan Exiles,Oi ( ͡~ ͜ʖ ͡°) Perdidos no deserto como um bárbaro ┃+18┃!pix !dc !lurk !comandos - metinhas  ❤️,"['Português', 'VtuberBR', 'jogadora', 'pngtuberbr', 'casual', 'Vtuber', 'pngtuber', 'DropsAtivados']",['MatureGame'],False
33,2025-04-06 00:24,waveigl,pt,Counter-Strike,+18 🔞 WAVEIGL ❤️,['Português'],"['MatureGame', 'ProfanityVulgarity']",False
33,2025-04-06 00:24,exexeboy,pt,Overwatch 2,aaaaaaaaaaaaaaaaaaaaaaaaaaaaaaaaaaaaaaaaaaaaaaaaaaaaaaaaaaaaaaaaaaaaaaaaaaaaaaaaaaaaaaaaaaaaaaaaaaaaaaaaaaaaaaaaaaaaaaaaaaaaaaaaaaaaaaaaaaaa,"['Portuguese', 'Português']",[],False
33,2025-04-06 00:24,MamuteLIVE,pt,Fortnite,[DROP ON] 🟢AO VIVO🟢 🔥ATRASEI VEM FARMAR EMOTE GRATIS🔥  8856-6162-7739 !MAPA !LOJA !NUUVEM,"['FORTNITE', 'gordo', 'Português', 'Dropshabilitados', 'conversando', 'fps', 'react', 'Sobrevivência', 'PokemonCommunityGame', 'PCG']",[],False
33,2025-04-06 00:24,Oh_Queiroz,pt,Grand Theft Auto V,[🇧🇷 +18 GTA RP] A GROTA É NOSSA ESTAMOS CONTRATANDO✅🔥,"['Português', 'gta', 'GTARP', 'paulinhooloko', 'yuri22', 'GTARPLIVE']",['MatureGame'],False
33,2025-04-06 00:24,simoesgm,pt,Fortnite,(DROPS ON) RERUM/ EMOTE GRATIS HOJE.  !PIX !drop,"['Português', 'DropsAtivados']",[],False
33,2025-04-06 00:24,EiMine77,pt,Minecraft,✅ RECOMPENSAS ON! | ⭐ SEJA RÁPIDO E GANHE UMA CAPA DE GRAÇA: !CAPA | 💘 INSTAGRAM: @EIMINE77 | !ajuda !rerun !sub !subgratis !loja,"['Minecraft', 'EiMine', 'Português', 'RecompensasEspetadores']",[],False
33,2025-04-06 00:24,TiaDaMerenda,pt,Overwatch 2,""" Papo de urubu, pena de galinha, se você quer um beijinho dê uma risadinha. "". ❗moedas ❗ow  ❗amigo ❗pix ❗sabadaço","['Português', 'conversação', 'Dentrodoslimites', 'iniciante', 'Brasil', 'DDA', 'LGBTQIAsafeplace']",['SexualThemes'],False
33,2025-04-06 00:24,Alynne_fs,pt,Marvel Rivals,DROPS ON (CELESTIAL gameplay Suporte) Marvel Rivals,"['Português', 'DropsAtivados']",[],False
33,2025-04-06 00:24,nixye1,pt,The Last of Us Part I,🌺💜 LIVE ESPECIAL JOGANDO TLOU 1 e 2 ATÉ ZERAR! 💜🌺 !discord !pix !clip,"['Português', 'BandaiNamcoCreator', 'terror', 'modohistoria', 'ChatPriority', 'TLOUS']",['MatureGame'],False
34,2025-04-06 04:01,iShadowWolf_,pt,Overwatch 2,(+18) Livezinha Muito Doida!   ||   (❗comandos ❗metas ❗drops)   ||   (Epic Code: SHADOWOLF),['Português'],[],False
34,2025-04-06 04:01,exexeboy,pt,Overwatch 2,aaaaaaaaaaaaaaaaaaaaaaaaaaaaaaaaaaaaaaaaaaaaaaaaaaaaaaaaaaaaaaaaaaaaaaaaaaaaaaaaaaaaaaaaaaaaaaaaaaaaaaaaaaaaaaaaaaaaaaaaaaaaaaaaaaaaaaaaaaaa,"['Portuguese', 'Português']",[],False
34,2025-04-06 04:01,simoesgm,pt,Fortnite,(DROPS ON) RERUM/ EMOTE GRATIS HOJE.  !PIX !drop,"['Português', 'DropsAtivados']",[],False
34,2025-04-06 04:01,sabrinoca,pt,ROBLOX,SUBATHON + NOITE DE CRIMES !odyssey !odysseycup !subathon !react,"['Português', 'MãeDePrimeiraViagem', 'BaratinhaDeFogão', 'Concubina', 'Melões', 'MulherDePreso', 'LeagueofLegends', 'Aliada', 'GíriasRegionais', 'Simples']",[],True
34,2025-04-06 04:01,AiNando1,pt,Fortnite,[[DROPS ON - GESTO] SABADOU BBS ! VEM JOGAR COM NOS ❗JOGAR ❗NICK ❗ USE CODE: Ainando1 #AD❗PIX ❗Livepix❗JOGAR  ❗Comandos ❗instagram ❗apoie,"['Português', 'Fortnite', 'comedia', 'engraçado', 'live', 'Phasmophobia', 'liarsbar', 'StreamGamer', 'francais', 'tiktok']",[],False
34,2025-04-06 04:01,EiMine77,pt,Minecraft,✅ RECOMPENSAS ON! | ⭐ SEJA RÁPIDO E GANHE UMA CAPA DE GRAÇA: !CAPA | 💘 INSTAGRAM: @EIMINE77 | !ajuda !rerun !sub !subgratis !loja,"['Minecraft', 'EiMine', 'Português', 'RecompensasEspetadores']",[],False
34,2025-04-06 04:01,pJulialves,pt,Dead by Daylight,Dead by the sabadou 🤍🔪 [+18]  !pix !dc !vava !loja,"['Português', 'DropsAtivados']",['MatureGame'],False
34,2025-04-06 04:01,milyzinea_,pt,VALORANT,onlineeeeee !pix,"['VALORANT', 'RANKEDS', 'MULHER', 'Português']",[],False
34,2025-04-06 04:02,m4_m4y,pt,VALORANT,vavazin elo plastico || ❗tinder ❗pix  ❗elo  ❗discord,"['Português', 'valorant', 'girl', 'mulher', 'jogos', 'interação', 'sage', 'clove', 'Woman', 'ruiva']",[],False
35,2025-04-06 04:09,exexeboy,pt,Overwatch 2,aaaaaaaaaaaaaaaaaaaaaaaaaaaaaaaaaaaaaaaaaaaaaaaaaaaaaaaaaaaaaaaaaaaaaaaaaaaaaaaaaaaaaaaaaaaaaaaaaaaaaaaaaaaaaaaaaaaaaaaaaaaaaaaaaaaaaaaaaaaa,"['Portuguese', 'Português']",[],False
35,2025-04-06 04:09,iShadowWolf_,pt,Overwatch 2,(+18) Livezinha Muito Doida!   ||   (❗comandos ❗metas ❗drops)   ||   (Epic Code: SHADOWOLF),['Português'],[],False
35,2025-04-06 04:09,simoesgm,pt,Fortnite,(DROPS ON) RERUM/ EMOTE GRATIS HOJE.  !PIX !drop,"['Português', 'DropsAtivados']",[],False
35,2025-04-06 04:09,sabrinoca,pt,ROBLOX,SUBATHON + NOITE DE CRIMES !odyssey !odysseycup !subathon !react,"['Português', 'MãeDePrimeiraViagem', 'BaratinhaDeFogão', 'Concubina', 'Melões', 'MulherDePreso', 'LeagueofLegends', 'Aliada', 'GíriasRegionais', 'Simples']",[],True
35,2025-04-06 04:09,AiNando1,pt,Fortnite,[[DROPS ON - GESTO] SABADOU BBS ! VEM JOGAR COM NOS ❗JOGAR ❗NICK ❗ USE CODE: Ainando1 #AD❗PIX ❗Livepix❗JOGAR  ❗Comandos ❗instagram ❗apoie,"['Português', 'Fortnite', 'comedia', 'engraçado', 'live', 'Phasmophobia', 'liarsbar', 'StreamGamer', 'francais', 'tiktok']",[],False
35,2025-04-06 04:09,EiMine77,pt,Minecraft,✅ RECOMPENSAS ON! | ⭐ SEJA RÁPIDO E GANHE UMA CAPA DE GRAÇA: !CAPA | 💘 INSTAGRAM: @EIMINE77 | !ajuda !rerun !sub !subgratis !loja,"['Minecraft', 'EiMine', 'Português', 'RecompensasEspetadores']",[],False
35,2025-04-06 04:09,GUU_YT,pt,Fortnite,DROP GESTO GRATIS AQUI !DROP E VEJA TUDO CERTINHO FREE  FORTNITE ITENS GRATIS de MORTAL KOMBAT ITENS FORTNITE( APOIE GUU NA LOJA ),"['Fortnite', 'lojadehojefortnite', 'Apoieumcriador', 'JOGOFORTNITE', 'VbucksGrátis', 'gratisvbucks', 'LOJADEITENS', 'Português', 'dropsfortnite']",[],False
35,2025-04-06 04:09,Psydreamss,pt,Minecraft,🟢 AO VIVO - Minezin server -  🧙🏻‍♂️ Subathon 🧙🏻‍♂️ - !CMD !ZAP !Redes,"['Português', 'Brasil', 'MiniRoyale', 'drops', 'RecompensasEspetadores']",[],False
35,2025-04-06 04:09,ShowZinN,pt,Fortnite,DROP ON VELHO E RUIM =D  #USE CODE SHOWZIN #ad ❗️EARNINGS ❗️PIX ❗️Onlyfas ❗️Jogar ❗️Fila ❗️Sair ❗️msg,"['Português', 'AMA', 'JogarComEspetadores', 'Casual', 'DropsAtivados']",[],False
36,2025-04-06 04:20,exexeboy,pt,Overwatch 2,aaaaaaaaaaaaaaaaaaaaaaaaaaaaaaaaaaaaaaaaaaaaaaaaaaaaaaaaaaaaaaaaaaaaaaaaaaaaaaaaaaaaaaaaaaaaaaaaaaaaaaaaaaaaaaaaaaaaaaaaaaaaaaaaaaaaaaaaaaaa,"['Portuguese', 'Português']",[],False
36,2025-04-06 04:20,iShadowWolf_,pt,Overwatch 2,(+18) Livezinha Muito Doida!   ||   (❗comandos ❗metas ❗drops)   ||   (Epic Code: SHADOWOLF),['Português'],[],False
36,2025-04-06 04:20,simoesgm,pt,Fortnite,(DROPS ON) RERUM/ EMOTE GRATIS HOJE.  !PIX !drop,"['Português', 'DropsAtivados']",[],False
36,2025-04-06 04:20,sabrinoca,pt,ROBLOX,SUBATHON + NOITE DE CRIMES !odyssey !odysseycup !subathon !react,"['Português', 'MãeDePrimeiraViagem', 'BaratinhaDeFogão', 'Concubina', 'Melões', 'MulherDePreso', 'LeagueofLegends', 'Aliada', 'GíriasRegionais', 'Simples']",[],True
36,2025-04-06 04:20,AiNando1,pt,Fortnite,[[DROPS ON - GESTO] SABADOU BBS ! VEM JOGAR COM NOS ❗JOGAR ❗NICK ❗ USE CODE: Ainando1 #AD❗PIX ❗Livepix❗JOGAR  ❗Comandos ❗instagram ❗apoie,"['Português', 'Fortnite', 'comedia', 'engraçado', 'live', 'Phasmophobia', 'liarsbar', 'StreamGamer', 'francais', 'tiktok']",[],False
36,2025-04-06 04:20,EiMine77,pt,Minecraft,✅ RECOMPENSAS ON! | ⭐ SEJA RÁPIDO E GANHE UMA CAPA DE GRAÇA: !CAPA | 💘 INSTAGRAM: @EIMINE77 | !ajuda !rerun !sub !subgratis !loja,"['Minecraft', 'EiMine', 'Português', 'RecompensasEspetadores']",[],False
36,2025-04-06 04:20,joaozin,pt,VALORANT,SUBATHON INFINITO DO TOP 1 | SO DURMO QUANDO TIVER NO TOP 1 | !tabela !pix,"['Português', 'English']",[],False
36,2025-04-06 04:21,julinhazsz,pt,League of Legends,❗SUBATHONNNNNNN live infinita? @viniszy1 | !pix !elo,"['Português', 'English', 'VALORANＴ']",[],False
36,2025-04-06 04:21,nibss_26,pt,VALORANT,nunca se sabe quando é a ulima live #savethebees !dc !pix,"['Português', 'ruiva']","['DrugsIntoxication', 'ProfanityVulgarity']",False
37,2025-04-06 04:32,exexeboy,pt,Overwatch 2,aaaaaaaaaaaaaaaaaaaaaaaaaaaaaaaaaaaaaaaaaaaaaaaaaaaaaaaaaaaaaaaaaaaaaaaaaaaaaaaaaaaaaaaaaaaaaaaaaaaaaaaaaaaaaaaaaaaaaaaaaaaaaaaaaaaaaaaaaaaa,"['Portuguese', 'Português']",[],False
37,2025-04-06 04:32,iShadowWolf_,pt,Overwatch 2,(+18) Livezinha Muito Doida!   ||   (❗comandos ❗metas ❗drops)   ||   (Epic Code: SHADOWOLF),['Português'],[],False
37,2025-04-06 04:32,simoesgm,pt,Fortnite,(DROPS ON) RERUM/ EMOTE GRATIS HOJE.  !PIX !drop,"['Português', 'DropsAtivados']",[],False
37,2025-04-06 04:32,sabrinoca,pt,ROBLOX,SUBATHON + NOITE DE CRIMES !odyssey !odysseycup !subathon !react,"['Português', 'MãeDePrimeiraViagem', 'BaratinhaDeFogão', 'Concubina', 'Melões', 'MulherDePreso', 'LeagueofLegends', 'Aliada', 'GíriasRegionais', 'Simples']",[],True
37,2025-04-06 04:32,AiNando1,pt,Fortnite,[[DROPS ON - GESTO] SABADOU BBS ! VEM JOGAR COM NOS ❗JOGAR ❗NICK ❗ USE CODE: Ainando1 #AD❗PIX ❗Livepix❗JOGAR  ❗Comandos ❗instagram ❗apoie,"['Português', 'Fortnite', 'comedia', 'engraçado', 'live', 'Phasmophobia', 'liarsbar', 'StreamGamer', 'francais', 'tiktok']",[],False
37,2025-04-06 04:32,EiMine77,pt,Minecraft,✅ RECOMPENSAS ON! | ⭐ SEJA RÁPIDO E GANHE UMA CAPA DE GRAÇA: !CAPA | 💘 INSTAGRAM: @EIMINE77 | !ajuda !rerun !sub !subgratis !loja,"['Minecraft', 'EiMine', 'Português', 'RecompensasEspetadores']",[],False
37,2025-04-06 04:32,syndrel,pt,Dead by Daylight,"SUBATHON, DBD, VEM PRA LIVE","['Português', 'Drag', 'LGBT', 'Syndra', 'mid', 'texas', 'dbd', 'leagueoflegends', 'ADC', 'ADCARRY']",['MatureGame'],False
37,2025-04-06 04:32,BeehNeto,pt,South of Midnight,VOLTAMOS❗vakinha ❗rifa❗videonovo ❗pix ❗zap ❗youtube ❗sons ❗sons2,['Português'],['ProfanityVulgarity'],False
37,2025-04-06 04:32,Baiano,pt,League of Legends,🟢 LCK: KT 0 x 1 DK 🟢🌴 !kbmidl !bb !grupo #LCKWATCHPARTY,['Português'],[],False
38,2025-04-06 08:01,iShadowWolf_,pt,Fortnite,(+18) Livezinha Muito Doida!   ||   (❗comandos ❗metas ❗drops)   ||   (Epic Code: SHADOWOLF),"['Português', 'DropsAtivados']",[],False
38,2025-04-06 08:01,sabrinoca,pt,ROBLOX,SUBATHON + NOITE DE CRIMES !odyssey !odysseycup !subathon !react,"['Português', 'MãeDePrimeiraViagem', 'BaratinhaDeFogão', 'Concubina', 'Melões', 'MulherDePreso', 'LeagueofLegends', 'Aliada', 'GíriasRegionais', 'Simples']",[],True
38,2025-04-06 08:01,EiMine77,pt,Minecraft,✅ RECOMPENSAS ON! | ⭐ SEJA RÁPIDO E GANHE UMA CAPA DE GRAÇA: !CAPA | 💘 INSTAGRAM: @EIMINE77 | !ajuda !rerun !sub !subgratis !loja,"['Minecraft', 'EiMine', 'Português', 'RecompensasEspetadores']",[],False
38,2025-04-06 08:01,Xerekiss,pt,Fortnite,[DROP ON] JOGANDO COM O CHAT | RESGATE ITENS ASSISTINDO A LIVE (❗loja) | CODE: XEREKISS #ad,"['Português', 'Brasil', 'fps', 'Fortnite', 'Portugal', 'battleroyale', 'DropsAtivados']",[],False
38,2025-04-06 08:01,ZAKl1k,pt,Minecraft,🟢 MINECRAFT | ⭐ GANHE ASSISTINDO | 🌟 REESTOQUE DIA 10 ou 16 às 18h | !loja !points !prime !sub,"['Português', 'Minecraft', 'RecompensasEspetadores']",[],False
38,2025-04-06 08:01,gabitriiste,pt,Dead by Daylight,[+18 ] [DROPS ON] 2 MESES DE SUBATHON  !pix !subathon !discord !comandos,"['Português', 'batepapo', 'jogos', 'deadbbydaylight', 'LGBTQIAPlus', 'subathon', 'English', 'Reposição', 'IntoTheFog', 'LOUD']",['MatureGame'],True
39,2025-04-06 08:09,iShadowWolf_,pt,Fortnite,(+18) Livezinha Muito Doida!   ||   (❗comandos ❗metas ❗drops)   ||   (Epic Code: SHADOWOLF),"['Português', 'DropsAtivados']",[],False
39,2025-04-06 08:09,sabrinoca,pt,ROBLOX,SUBATHON + NOITE DE CRIMES !odyssey !odysseycup !subathon !react,"['Português', 'MãeDePrimeiraViagem', 'BaratinhaDeFogão', 'Concubina', 'Melões', 'MulherDePreso', 'LeagueofLegends', 'Aliada', 'GíriasRegionais', 'Simples']",[],True
39,2025-04-06 08:09,EiMine77,pt,Minecraft,✅ RECOMPENSAS ON! | ⭐ SEJA RÁPIDO E GANHE UMA CAPA DE GRAÇA: !CAPA | 💘 INSTAGRAM: @EIMINE77 | !ajuda !rerun !sub !subgratis !loja,"['Minecraft', 'EiMine', 'Português', 'RecompensasEspetadores']",[],False
39,2025-04-06 08:09,Xerekiss,pt,Fortnite,[DROP ON] JOGANDO COM O CHAT | RESGATE ITENS ASSISTINDO A LIVE (❗loja) | CODE: XEREKISS #ad,"['Português', 'Brasil', 'fps', 'Fortnite', 'Portugal', 'battleroyale', 'DropsAtivados']",[],False
39,2025-04-06 08:10,gabitriiste,pt,Dead by Daylight,[+18 ] [DROPS ON] 2 MESES DE SUBATHON  !pix !subathon !discord !comandos,"['Português', 'batepapo', 'jogos', 'deadbbydaylight', 'LGBTQIAPlus', 'subathon', 'English', 'Reposição', 'IntoTheFog', 'LOUD']",['MatureGame'],True
39,2025-04-06 08:10,ZAKl1k,pt,Minecraft,🟢 MINECRAFT | ⭐ GANHE ASSISTINDO | 🌟 REESTOQUE DIA 10 ou 16 às 18h | !loja !points !prime !sub,"['Português', 'Minecraft', 'RecompensasEspetadores']",[],False
39,2025-04-06 08:10,ThatMauroo,pt,Dead by Daylight,[+18] O Ghoul quer me morder q dlc,"['Português', 'LGBT', 'LGBTQIAPIus', 'English', 'Español', 'holidayhoopla', 'DropsAtivados']",['MatureGame'],False
39,2025-04-06 08:10,Spicinho,pt,Fortnite,baa noitche | !bits CODE SPICINHO #ad,"['Português', 'Pimenta', 'pngtuber', 'PNGtuberBR', 'daredrop', 'Vtuber', 'VtuberBR', 'keymailer', 'lurkit', 'DropsAtivados']",['ProfanityVulgarity'],False
39,2025-04-06 08:10,LariCogumela,pt,Dead by Daylight,DROPS ON °⋆ segundo dia de subathonn ࿔*,"['Português', 'GostosasQueJogam', 'AdaWongP100', 'TDAH', 'JogandoComEspectadores', 'LegendaryWomen', 'IntoTheFog', 'DropsAtivados']",['MatureGame'],False
40,2025-04-06 08:17,iShadowWolf_,pt,Fortnite,(+18) Livezinha Muito Doida!   ||   (❗comandos ❗metas ❗drops)   ||   (Epic Code: SHADOWOLF),"['Português', 'DropsAtivados']",[],False
40,2025-04-06 08:17,sabrinoca,pt,ROBLOX,SUBATHON + NOITE DE CRIMES !odyssey !odysseycup !subathon !react,"['Português', 'MãeDePrimeiraViagem', 'BaratinhaDeFogão', 'Concubina', 'Melões', 'MulherDePreso', 'LeagueofLegends', 'Aliada', 'GíriasRegionais', 'Simples']",[],True
40,2025-04-06 08:17,gabitriiste,pt,Dead by Daylight,[+18 ] [DROPS ON] 2 MESES DE SUBATHON  !pix !subathon !discord !comandos,"['Português', 'batepapo', 'jogos', 'deadbbydaylight', 'LGBTQIAPlus', 'subathon', 'English', 'Reposição', 'IntoTheFog', 'LOUD']",['MatureGame'],True
40,2025-04-06 08:17,EiMine77,pt,Minecraft,✅ RECOMPENSAS ON! | ⭐ SEJA RÁPIDO E GANHE UMA CAPA DE GRAÇA: !CAPA | 💘 INSTAGRAM: @EIMINE77 | !ajuda !rerun !sub !subgratis !loja,"['Minecraft', 'EiMine', 'Português', 'RecompensasEspetadores']",[],False
40,2025-04-06 08:17,ZAKl1k,pt,Minecraft,🟢 MINECRAFT | ⭐ GANHE ASSISTINDO | 🌟 REESTOQUE DIA 10 ou 16 às 18h | !loja !points !prime !sub,"['Português', 'Minecraft', 'RecompensasEspetadores']",[],False
40,2025-04-06 08:18,Gaules,pt,Counter-Strike,Dia 1 Furia Pain e Legacy PGL Bucharest 2025 - !socio - Siga @Gaules nas redes sociais!,['Português'],['MatureGame'],True
40,2025-04-06 08:18,joaozin,pt,VALORANT,SUBATHON INFINITO DO TOP 1 | SO DURMO QUANDO TIVER NO TOP 1 | !tabela !pix,"['Português', 'English']",[],False
40,2025-04-06 08:18,lehvlr,pt,VALORANT,UPANDO CONTA NOVA !pix !elo,"['Português', 'VALORANＴ', 'Mulher', 'gameplay']",[],False
40,2025-04-06 08:18,Nivyzera,pt,VALORANT,SUBAS DA NIVUS (dia 02) imortal 3 hoje?  !  ❗️subathon ❗️noping ❗️sociais ❗️pix,"['Português', 'Conversação', 'Mulher', 'Ranked', 'VALORANＴ']",[],False
41,2025-04-06 08:25,iShadowWolf_,pt,Fortnite,(+18) Livezinha Muito Doida!   ||   (❗comandos ❗metas ❗drops)   ||   (Epic Code: SHADOWOLF),"['Português', 'DropsAtivados']",[],False
41,2025-04-06 08:25,sabrinoca,pt,Teamfight Tactics,SUBATHON + NOITE DE CRIMES !odyssey !odysseycup !subathon !react,"['Português', 'MãeDePrimeiraViagem', 'BaratinhaDeFogão', 'Concubina', 'Melões', 'MulherDePreso', 'LeagueofLegends', 'Aliada', 'GíriasRegionais', 'Simples']",[],True
41,2025-04-06 08:25,gabitriiste,pt,Dead by Daylight,[+18 ] [DROPS ON] 2 MESES DE SUBATHON  !pix !subathon !discord !comandos,"['Português', 'batepapo', 'jogos', 'deadbbydaylight', 'LGBTQIAPlus', 'subathon', 'English', 'Reposição', 'IntoTheFog', 'LOUD']",['MatureGame'],True
41,2025-04-06 08:25,EiMine77,pt,Minecraft,✅ RECOMPENSAS ON! | ⭐ SEJA RÁPIDO E GANHE UMA CAPA DE GRAÇA: !CAPA | 💘 INSTAGRAM: @EIMINE77 | !ajuda !rerun !sub !subgratis !loja,"['Minecraft', 'EiMine', 'Português', 'RecompensasEspetadores']",[],False
41,2025-04-06 08:25,ZAKl1k,pt,Minecraft,🟢 MINECRAFT | ⭐ GANHE ASSISTINDO | 🌟 REESTOQUE DIA 10 ou 16 às 18h | !loja !points !prime !sub,"['Português', 'Minecraft', 'RecompensasEspetadores']",[],False
41,2025-04-06 08:25,Gaules,pt,Counter-Strike,Dia 1 Furia Pain e Legacy PGL Bucharest 2025 - !socio - Siga @Gaules nas redes sociais!,['Português'],['MatureGame'],True
42,2025-04-06 08:33,iShadowWolf_,pt,Fortnite,(+18) Livezinha Muito Doida!   ||   (❗comandos ❗metas ❗drops)   ||   (Epic Code: SHADOWOLF),"['Português', 'DropsAtivados']",[],False
42,2025-04-06 08:33,sabrinoca,pt,Teamfight Tactics,SUBATHON + NOITE DE CRIMES !odyssey !odysseycup !subathon !react,"['Português', 'MãeDePrimeiraViagem', 'BaratinhaDeFogão', 'Concubina', 'Melões', 'MulherDePreso', 'LeagueofLegends', 'Aliada', 'GíriasRegionais', 'Simples']",[],True
42,2025-04-06 08:33,Xerekiss,pt,Fortnite,[DROP ON] JOGANDO COM O CHAT | RESGATE ITENS ASSISTINDO A LIVE (❗loja) | CODE: XEREKISS #ad,"['Português', 'Brasil', 'fps', 'Fortnite', 'Portugal', 'battleroyale', 'DropsAtivados']",[],False
42,2025-04-06 08:33,Pedro017Yt,pt,Fortnite,🍉!DROPS ON - RESGATE VB ASSISTINDO A LIVE (❗loja) 🍉!PIX 🍉,"['Português', 'Fortnite', 'Jogandocomespectadores', 'DropsEnable', 'DropsAtivados']",[],False
42,2025-04-06 08:33,NYKAGAMER_,pt,Fortnite,bom dia❗️LIVEPIX ❗️Onlyfans ❗️Comandos ❗️Discord ❗️Clip,"['Fortnite', 'Português', 'Mulher', 'brasil', 'Español', '한국어', 'Русский', '漢語', 'ภาษาไทย', '日本語']",[],False
42,2025-04-06 08:33,EiMine77,pt,Minecraft,✅ RECOMPENSAS ON! | ⭐ SEJA RÁPIDO E GANHE UMA CAPA DE GRAÇA: !CAPA | 💘 INSTAGRAM: @EIMINE77 | !ajuda !rerun !sub !subgratis !loja,"['Minecraft', 'EiMine', 'Português', 'RecompensasEspetadores']",[],False
42,2025-04-06 08:33,vitinho_zr1,pt,Just Chatting,(+18) TOP 10 NACIONAL  !LOJA.,"['Português', 'Inglês', 'fypシ', 'gtavrproleplay', 'metropolegg', 'metropolerp']",[],False
42,2025-04-06 08:33,Dronebit,en,Marvel Rivals,,"['English', 'DropsEnabled']",[],False
42,2025-04-06 08:33,ALLTHINGSMIN,en,Fitness & Health,WILD DONATION CHALLENGES! (pop up animations every 20 bits),"['ENTERTAINMENT', 'COMEDY', 'FOODCHALLENGE', 'CHALLENGEACCEPTED', 'CHALLENGES', 'FUNNY', 'GAMING', 'English', 'Fortnite']",[],False
43,2025-04-06 12:01,iShadowWolf_,pt,Rocket League,(+18) Livezinha Muito Doida!   ||   (❗comandos ❗metas ❗drops)   ||   (Epic Code: SHADOWOLF),['Português'],[],False
43,2025-04-06 12:01,Pedro017Yt,pt,Fortnite,🍉!DROPS ON - RESGATE VB ASSISTINDO A LIVE (❗loja) 🍉!PIX 🍉,"['Português', 'Fortnite', 'Jogandocomespectadores', 'DropsEnable', 'DropsAtivados']",[],False
43,2025-04-06 12:01,paivinha29,pt,EA Sports FC 25,FAKE AMOR NA WL EM BUSCA DO 15+ SUPER HYPE DAS 14HR COM HENRY E ICON !CURSO  !COINS  !T !CURSO  !COINS  !TRUST  !TRADE,['Português'],[],False
43,2025-04-06 12:01,EiMine77,pt,Minecraft,✅ RECOMPENSAS ON! | ⭐ SEJA RÁPIDO E GANHE UMA CAPA DE GRAÇA: !CAPA | 💘 INSTAGRAM: @EIMINE77 | !ajuda !rerun !sub !subgratis !loja,"['Minecraft', 'EiMine', 'Português', 'RecompensasEspetadores']",[],False
43,2025-04-06 12:01,DexterHQ,pt,Minecraft,>>DROP CAPA- HARDCORE 8200 DIAS SEM TOTEM !capa !codigo !tiktok !insta,"['hardcore', 'hardmode', 'sobrevivencia', 'semtotem', 'construir', 'Farming', 'Português', 'minecraft', 'EventosEspeciales', 'minecraftlive']",[],False
43,2025-04-06 12:01,Gaules,pt,Counter-Strike,Dia 1 Furia Pain e Legacy PGL Bucharest 2025 - !socio - Siga @Gaules nas redes sociais!,['Português'],['MatureGame'],True
43,2025-04-06 12:01,celinettpb,pt,Just Chatting,!subathon (dia 2) DOMINGO COM A CELINETT! 💁🏻‍♀️,['Português'],[],False
43,2025-04-06 12:01,PegasusP1,pt,Grand Theft Auto V,[+18 METROPOLE / CDA ] VOLTEI PRO FOCO!! MAIS UM DIA| ❗PIX ❗SR ATIVO | EP.53 | ME SIGA NAS REDES SOCIAIS ->,['Português'],['MatureGame'],False
43,2025-04-06 12:02,Doiska_Rj,pt,Grand Theft Auto V,[Fronteira Leste]  +18 DONO DE MORRO 00 E NOS MERMO 2K  CAÇAR MEDELIN !FRONTEIRA !PIX !CODIGUINHO !INSTA @doiska_rj,['Português'],"['MatureGame', 'ProfanityVulgarity']",False
44,2025-04-06 12:08,Gaules,pt,Counter-Strike,Dia 1 Furia Pain e Legacy PGL Bucharest 2025 - !socio - Siga @Gaules nas redes sociais!,['Português'],['MatureGame'],True
44,2025-04-06 12:08,DexterHQ,pt,Minecraft,>>DROP CAPA- HARDCORE 8200 DIAS SEM TOTEM !capa !codigo !tiktok !insta,"['hardcore', 'hardmode', 'sobrevivencia', 'semtotem', 'construir', 'Farming', 'Português', 'minecraft', 'EventosEspeciales', 'minecraftlive']",[],False
44,2025-04-06 12:08,iShadowWolf_,pt,Rocket League,(+18) Livezinha Muito Doida!   ||   (❗comandos ❗metas ❗drops)   ||   (Epic Code: SHADOWOLF),['Português'],[],False
44,2025-04-06 12:08,thallew966,pt,Dead by Daylight,"Domingou! Assinei a plus, bora upar no DBD! Faltam 5 subs pra meta de novos emotess 💕","['Português', 'DropsAtivados']",['MatureGame'],False
44,2025-04-06 12:09,bibitenebroza,pt,Grand Theft Auto V,+18 DOMINGOU COM A LOIRA DO TCHAN  [ METACITY RP ] | !PIX !BRISANET,"['TRANS', 'Português', 'dbd', 'dbddeadbydaylgiht', 'top1dbd', 'dbdmainsurvivor']",['MatureGame'],False
44,2025-04-06 12:09,ZAKl1k,pt,Minecraft,🟢 MINECRAFT | ⭐ GANHE ASSISTINDO | 🌟 REESTOQUE DIA 10 ou 16 às 18h | !loja !points !prime !sub,"['Português', 'Minecraft', 'RecompensasEspetadores']",[],False
44,2025-04-06 12:09,Xerekiss,pt,Fortnite,[DROP ON] JOGANDO COM O CHAT | RESGATE ITENS ASSISTINDO A LIVE (❗loja) | CODE: XEREKISS #ad,"['Português', 'Brasil', 'fps', 'Fortnite', 'Portugal', 'battleroyale', 'DropsAtivados']",[],False
44,2025-04-06 12:09,NYKAGAMER_,pt,Fortnite,bom dia❗️LIVEPIX ❗️Onlyfans ❗️Comandos ❗️Discord ❗️Clip,"['Fortnite', 'Português', 'Mulher', 'brasil', 'Español', '한국어', 'Русский', '漢語', 'ภาษาไทย', '日本語']",[],False
44,2025-04-06 12:09,ca_rou,pt,Just Chatting,!carouthon !crono - Bora tomar café e focar☕,"['Português', 'variedades', 'LGBT']",[],False
45,2025-04-06 12:17,iShadowWolf_,pt,Rocket League,(+18) Livezinha Muito Doida!   ||   (❗comandos ❗metas ❗drops)   ||   (Epic Code: SHADOWOLF),['Português'],[],False
45,2025-04-06 12:18,NYKAGAMER_,pt,Fortnite,bom dia❗️LIVEPIX ❗️Onlyfans ❗️Comandos ❗️Discord ❗️Clip,"['Fortnite', 'Português', 'Mulher', 'brasil', 'Español', '한국어', 'Русский', '漢語', 'ภาษาไทย', '日本語']",[],False
45,2025-04-06 12:18,eLyzao,pt,Counter-Strike,SORTEIO CÚPOM 30 REAIS PRA RETIRAR SKIN NA NESHASTORE !TICKET SUBS 5X    ❗Nesha ❗iox +18,['Português'],['MatureGame'],False
45,2025-04-06 12:18,CORALtv_,pt,Fortnite,DROPS ON 🔥 VEM JOGAR ✨ FARM VBUCKS ASSISTINDO A LIVE !LOJA ❤️ USE CODE: CORALTV #AD ✨!PIX !RESGATE !JOGAR !DROPS,"['Português', 'Fortnite', 'sorteio', 'VbucksGrátis', 'sorteios', 'vbucks', 'jogandocomespectadores', 'DropsAtivados']",[],False
45,2025-04-06 12:18,DexterHQ,pt,Minecraft,>>DROP CAPA- HARDCORE 8200 DIAS SEM TOTEM !capa !codigo !tiktok !insta,"['hardcore', 'hardmode', 'sobrevivencia', 'semtotem', 'construir', 'Farming', 'Português', 'minecraft', 'EventosEspeciales', 'minecraftlive']",[],False
45,2025-04-06 12:18,EiMine77,pt,Minecraft,✅ RECOMPENSAS ON! | ⭐ SEJA RÁPIDO E GANHE UMA CAPA DE GRAÇA: !CAPA | 💘 INSTAGRAM: @EIMINE77 | !ajuda !rerun !sub !subgratis !loja,"['Minecraft', 'EiMine', 'Português', 'RecompensasEspetadores']",[],False
45,2025-04-06 12:18,vector11547,es,ROBLOX,Aventuras épicas en Roblox,"['English', 'español', 'roblox', 'juegos', 'Español']",[],True
45,2025-04-06 12:18,rankfps_,pt,VALORANT,DOL VALORANT - FASE ONLINE (DIA 2) FF GAMES X MÁQUINA DO MAL (1:30 DELAY),"['Português', 'rankj', 'rankfps', 'rank', 'valorant', 'rankeds', 'curralzinho', 'cpc']",[],False
45,2025-04-06 12:18,miaunoir,pt,Minecraft,vamo minerar entao? | ta mt fri,"['English', 'Português', 'Minecraft', 'Brasil']",[],False
46,2025-04-06 12:28,iShadowWolf_,pt,Rocket League,(+18) Livezinha Muito Doida!   ||   (❗comandos ❗metas ❗drops)   ||   (Epic Code: SHADOWOLF),['Português'],[],False
46,2025-04-06 12:28,NYKAGAMER_,pt,Fortnite,bom dia❗️LIVEPIX ❗️Onlyfans ❗️Comandos ❗️Discord ❗️Clip,"['Fortnite', 'Português', 'Mulher', 'brasil', 'Español', '한국어', 'Русский', '漢語', 'ภาษาไทย', '日本語']",[],False
46,2025-04-06 12:28,eLyzao,pt,Counter-Strike,SORTEIO CÚPOM 30 REAIS PRA RETIRAR SKIN NA NESHASTORE !TICKET SUBS 5X    ❗Nesha ❗iox +18,['Português'],['MatureGame'],False
46,2025-04-06 12:28,CORALtv_,pt,Fortnite,DROPS ON 🔥 VEM JOGAR ✨ FARM VBUCKS ASSISTINDO A LIVE !LOJA ❤️ USE CODE: CORALTV #AD ✨!PIX !RESGATE !JOGAR !DROPS,"['Português', 'Fortnite', 'sorteio', 'VbucksGrátis', 'sorteios', 'vbucks', 'jogandocomespectadores', 'DropsAtivados']",[],False
46,2025-04-06 12:28,DexterHQ,pt,Minecraft,>>DROP CAPA- HARDCORE 8200 DIAS SEM TOTEM !capa !codigo !tiktok !insta,"['hardcore', 'hardmode', 'sobrevivencia', 'semtotem', 'construir', 'Farming', 'Português', 'minecraft', 'EventosEspeciales', 'minecraftlive']",[],False
46,2025-04-06 12:28,EiMine77,pt,Minecraft,✅ RECOMPENSAS ON! | ⭐ SEJA RÁPIDO E GANHE UMA CAPA DE GRAÇA: !CAPA | 💘 INSTAGRAM: @EIMINE77 | !ajuda !rerun !sub !subgratis !loja,"['Minecraft', 'EiMine', 'Português', 'RecompensasEspetadores']",[],False
46,2025-04-06 12:28,bt0tv,pt,Just Chatting,IRL DE DOMINGO ONNNNNNNNNNNN // !skinplace !hellcase !sorteio !regra !pix,['Português'],[],False
46,2025-04-06 12:28,Michel,pt,Counter-Strike,ESQUENTA FURIA & PAIN NA PGL - REPRISE - !CSGOSKINS !DASHSKINS !LIVEPIX,['Português'],['MatureGame'],False
46,2025-04-06 12:28,Baiano,pt,League of Legends,🟢 LTA SUL: FUR x IE 🟢🌴 !grupo !kbmidl,['Português'],[],False
47,2025-04-06 12:36,iShadowWolf_,pt,Rocket League,(+18) Livezinha Muito Doida!   ||   (❗comandos ❗metas ❗drops)   ||   (Epic Code: SHADOWOLF),['Português'],[],False
47,2025-04-06 12:36,eLyzao,pt,Counter-Strike,SORTEIO CÚPOM 30 REAIS PRA RETIRAR SKIN NA NESHASTORE !TICKET SUBS 5X    ❗Nesha ❗iox +18,['Português'],['MatureGame'],False
47,2025-04-06 12:37,NYKAGAMER_,pt,Fortnite,bom dia❗️LIVEPIX ❗️Onlyfans ❗️Comandos ❗️Discord ❗️Clip,"['Fortnite', 'Português', 'Mulher', 'brasil', 'Español', '한국어', 'Русский', '漢語', 'ภาษาไทย', '日本語']",[],False
47,2025-04-06 12:37,CORALtv_,pt,Fortnite,DROPS ON 🔥 VEM JOGAR ✨ FARM VBUCKS ASSISTINDO A LIVE !LOJA ❤️ USE CODE: CORALTV #AD ✨!PIX !RESGATE !JOGAR !DROPS,"['Português', 'Fortnite', 'sorteio', 'VbucksGrátis', 'sorteios', 'vbucks', 'jogandocomespectadores', 'DropsAtivados']",[],False
47,2025-04-06 12:37,DexterHQ,pt,Minecraft,>>DROP CAPA- HARDCORE 8200 DIAS SEM TOTEM !capa !codigo !tiktok !insta,"['hardcore', 'hardmode', 'sobrevivencia', 'semtotem', 'construir', 'Farming', 'Português', 'minecraft', 'EventosEspeciales', 'minecraftlive']",[],False
47,2025-04-06 12:37,EiMine77,pt,Minecraft,✅ RECOMPENSAS ON! | ⭐ SEJA RÁPIDO E GANHE UMA CAPA DE GRAÇA: !CAPA | 💘 INSTAGRAM: @EIMINE77 | !ajuda !rerun !sub !subgratis !loja,"['Minecraft', 'EiMine', 'Português', 'RecompensasEspetadores']",[],False
47,2025-04-06 12:37,wanessa021w,pt,Core Keeper,[+18] Bom diaaa. Subathon dia 55 !subathon !pudim !ticket !pix !loja !discord !sr !clip #keymailer #hopesfarm2,"['Português', 'Aconchegante', 'TDH', 'Vtuber', 'DicçãoRuim', 'VtuberBR', 'subathon']",[],False
47,2025-04-06 12:37,EdigasZ,pt,Marvel Rivals,E T E R N I D A D E? | !tiktok !youtube,"['Português', 'DropsAtivados']",[],False
47,2025-04-06 12:37,thallew966,pt,Dead by Daylight,"Domingou! Assinei a plus, bora upar no DBD! Faltam 5 subs pra meta de novos emotess 💕","['Português', 'DropsAtivados']",['MatureGame'],False
48,2025-04-06 16:01,waveigl,pt,Counter-Strike,+18 🔞 WAVEIGL ❤️,['Português'],"['MatureGame', 'ProfanityVulgarity']",False
48,2025-04-06 16:01,ocontagia,pt,Words On Stream,DOMINGÃO DO CONTAGIA - PALHAÇO DICIONÁRIO - WORDS com o chat,"['tft', 'fortnite', 'lol', 'Brino', 'YoDa', 'portugues', 'palhaco', 'alegria', 'Português']",[],False
48,2025-04-06 16:01,iShadowWolf_,pt,Fortnite,(+18) Livezinha Muito Doida!   ||   (❗comandos ❗metas ❗drops)   ||   (Epic Code: SHADOWOLF),"['Português', 'DropsAtivados']",[],False
48,2025-04-06 16:01,playinghazel,pt,Sea of Thieves,Aventura + Caos = Sea of Thieves | Campanha Plus - Dia 6. Como ajudar? -> !plus + Desafios -> !roda | !redes !discord !lendasdomar,"['SeaofThieves', 'Português', 'LGBTQIAPIus', 'PvP', 'PvE']",[],False
48,2025-04-06 16:01,beletz_,pt,Fortnite,DROPS ON 💚 JOGANDO FORTNITE COM O CHAT ✨ USE CODE: BELETZ ✨ !CODE !PIX,"['portugues', 'fortnite', 'fortnitetrocacao', 'stream', 'Português', 'girlgamers', 'DropsAtivados']",[],False
48,2025-04-06 16:01,DexterHQ,pt,Minecraft,>>DROP CAPA- HARDCORE 8200 DIAS SEM TOTEM !capa !codigo !tiktok !insta,"['hardcore', 'hardmode', 'sobrevivencia', 'semtotem', 'construir', 'Farming', 'Português', 'minecraft', 'EventosEspeciales', 'minecraftlive']",[],False
48,2025-04-06 16:01,EiMine77,pt,Minecraft,✅ RECOMPENSAS ON! | ⭐ SEJA RÁPIDO E GANHE UMA CAPA DE GRAÇA: !CAPA | 💘 INSTAGRAM: @EIMINE77 | !ajuda !rerun !sub !subgratis !loja,"['Minecraft', 'EiMine', 'Português', 'RecompensasEspetadores']",[],False
48,2025-04-06 16:01,F9Rezende,pt,Minecraft,❗ip VEM JOGAR COMIGO  ✅  NOVIDADES NO SURVIVAL ✅✨ SERVER ABERTO JAVA E BEDROCK ✨,"['hardcore', 'server', 'servidor', 'jogandocomespectadores', 'servidoraberto', 'minecraft', 'desafio', 'Multiplayer', 'Português', 'modpack']",[],False
48,2025-04-06 16:01,CraftLandia,pt,Minecraft,🟢 CRAFTLANDIA┃LIVE GLADIADORES┃💎 DIMAS EM DOBRO P/ SUB-TWITCH! 💎┃!loja !dimas !vip !discord,"['PvP', 'Craftlandia', 'Gladiador', 'Minecraft', 'Português', 'creftlandia', 'survival', 'survive', 'RecompensasEspectadores', 'DropsAtivados']",[],True
49,2025-04-06 16:12,waveigl,pt,Counter-Strike,+18 🔞 WAVEIGL ❤️,['Português'],"['MatureGame', 'ProfanityVulgarity']",False
49,2025-04-06 16:12,DexterHQ,pt,Minecraft,>>DROP CAPA- HARDCORE 8200 DIAS SEM TOTEM !capa !codigo !tiktok !insta,"['hardcore', 'hardmode', 'sobrevivencia', 'semtotem', 'construir', 'Farming', 'Português', 'minecraft', 'EventosEspeciales', 'minecraftlive']",[],False
49,2025-04-06 16:12,iShadowWolf_,pt,Fortnite,(+18) Livezinha Muito Doida!   ||   (❗comandos ❗metas ❗drops)   ||   (Epic Code: SHADOWOLF),"['Português', 'DropsAtivados']",[],False
49,2025-04-06 16:13,ocontagia,pt,Words On Stream,DOMINGÃO DO CONTAGIA - PALHAÇO DICIONÁRIO - WORDS com o chat,"['tft', 'fortnite', 'lol', 'Brino', 'YoDa', 'portugues', 'palhaco', 'alegria', 'Português']",[],False
49,2025-04-06 16:13,playinghazel,pt,Sea of Thieves,Aventura + Caos = Sea of Thieves | Campanha Plus - Dia 6. Como ajudar? -> !plus + Desafios -> !roda | !redes !discord !lendasdomar,"['SeaofThieves', 'Português', 'LGBTQIAPIus', 'PvP', 'PvE']",[],False
49,2025-04-06 16:13,beletz_,pt,Fortnite,DROPS ON 💚 JOGANDO FORTNITE COM O CHAT ✨ USE CODE: BELETZ ✨ !CODE !PIX,"['portugues', 'fortnite', 'fortnitetrocacao', 'stream', 'Português', 'girlgamers', 'DropsAtivados']",[],False
50,2025-04-06 16:22,ocontagia,pt,Team Fortress 2,DOMINGÃO DO CONTAGIA - Aprendendo Team Fortress 2 - !comandos,"['tft', 'fortnite', 'lol', 'Brino', 'YoDa', 'portugues', 'palhaco', 'alegria', 'Português']",['MatureGame'],False
50,2025-04-06 16:22,waveigl,pt,Counter-Strike,+18 🔞 WAVEIGL ❤️,['Português'],"['MatureGame', 'ProfanityVulgarity']",False
50,2025-04-06 16:22,DexterHQ,pt,Minecraft,>>DROP CAPA- HARDCORE 8200 DIAS SEM TOTEM !capa !codigo !tiktok !insta,"['hardcore', 'hardmode', 'sobrevivencia', 'semtotem', 'construir', 'Farming', 'Português', 'minecraft', 'EventosEspeciales', 'minecraftlive']",[],False
50,2025-04-06 16:22,iShadowWolf_,pt,Fortnite,(+18) Livezinha Muito Doida!   ||   (❗comandos ❗metas ❗drops)   ||   (Epic Code: SHADOWOLF),"['Português', 'DropsAtivados']",[],False
50,2025-04-06 16:22,playinghazel,pt,Sea of Thieves,Aventura + Caos = Sea of Thieves | Campanha Plus - Dia 6. Como ajudar? -> !plus + Desafios -> !roda | !redes !discord !lendasdomar,"['SeaofThieves', 'Português', 'LGBTQIAPIus', 'PvP', 'PvE']",[],False
50,2025-04-06 16:22,beletz_,pt,Fortnite,DROPS ON 💚 JOGANDO FORTNITE COM O CHAT ✨ USE CODE: BELETZ ✨ !CODE !PIX,"['portugues', 'fortnite', 'fortnitetrocacao', 'stream', 'Português', 'girlgamers', 'DropsAtivados']",[],False
50,2025-04-06 16:23,vilela022,pt,EA Sports FC 25,"!wlcliente - WL EM CONTA DE CLIENTE, HYPE DAS 14HS E PACKS! - !grupo","['Português', 'Futebol', 'EAFC']",[],False
50,2025-04-06 16:23,ninext,pt,Call of Duty: Warzone,VERDUNSK FT LUKINAS FOREVER,"['Português', 'DropsAtivados']",['MatureGame'],False
50,2025-04-06 16:23,MGW_FC,pt,EA Sports FC 25,PIXTHON E SUBATHON AINDA ESTAMOS AQUI!! !pix !grupo !trade,['Português'],[],False
51,2025-04-06 16:30,ocontagia,pt,Team Fortress 2,DOMINGÃO DO CONTAGIA - Aprendendo Team Fortress 2 - !comandos,"['tft', 'fortnite', 'lol', 'Brino', 'YoDa', 'portugues', 'palhaco', 'alegria', 'Português']",['MatureGame'],False
51,2025-04-06 16:30,waveigl,pt,Counter-Strike,+18 🔞 WAVEIGL ❤️,['Português'],"['MatureGame', 'ProfanityVulgarity']",False
51,2025-04-06 16:30,DexterHQ,pt,Minecraft,>>DROP CAPA- HARDCORE 8200 DIAS SEM TOTEM !capa !codigo !tiktok !insta,"['hardcore', 'hardmode', 'sobrevivencia', 'semtotem', 'construir', 'Farming', 'Português', 'minecraft', 'EventosEspeciales', 'minecraftlive']",[],False
51,2025-04-06 16:31,iShadowWolf_,pt,Fortnite,(+18) Livezinha Muito Doida!   ||   (❗comandos ❗metas ❗drops)   ||   (Epic Code: SHADOWOLF),"['Português', 'DropsAtivados']",[],False
51,2025-04-06 16:31,playinghazel,pt,Sea of Thieves,Aventura + Caos = Sea of Thieves | Campanha Plus - Dia 6. Como ajudar? -> !plus + Desafios -> !roda | !redes !discord !lendasdomar,"['SeaofThieves', 'Português', 'LGBTQIAPIus', 'PvP', 'PvE']",[],False
51,2025-04-06 16:31,beletz_,pt,Fortnite,DROPS ON 💚 JOGANDO FORTNITE COM O CHAT ✨ USE CODE: BELETZ ✨ !CODE !PIX,"['portugues', 'fortnite', 'fortnitetrocacao', 'stream', 'Português', 'girlgamers', 'DropsAtivados']",[],False
51,2025-04-06 16:31,morenageek,pt,Fortnite,Tô on meus amores,"['Fortnite', 'GirlPlayer', 'PS5LiveStream', 'ControlerGaming', 'Português', 'DropsAtivados']",[],False
51,2025-04-06 16:31,DaniKrautz,pt,Fortnite,[DROPS ON] Jogando com o chat  - ❗nick ❗jogar ❗pix ❗comandos,"['fortnite', 'jogandocomochat', 'Português', 'Mulher', 'conversa', 'reality', 'Reposição', 'DropsAtivados']",[],False
51,2025-04-06 16:31,mae_joga45,pt,Dead by Daylight,🔞 {+18 } {DROPS ON } rumo a 1 K de seguidores  ❗ Pix  ❗voz  🩷🫰🏼🥰,"['Português', 'jogodeterror', 'jogofps', 'diversãogarantida', 'DropsAtivados']",['MatureGame'],False
52,2025-04-06 20:01,iShadowWolf_,pt,Fortnite,(+18) Livezinha Muito Doida!   ||   (❗comandos ❗metas ❗drops)   ||   (Epic Code: SHADOWOLF),"['Português', 'DropsAtivados']",[],False
52,2025-04-06 20:01,ocontagia,pt,Conan Exiles,DOMINGÃO DO CONTAGIA - CONTAGIA O BÁRBARO - Conan para iniciantes !comandos,"['tft', 'fortnite', 'lol', 'Brino', 'YoDa', 'portugues', 'palhaco', 'alegria', 'Português', 'DropsAtivados']",['MatureGame'],False
52,2025-04-06 20:01,waveigl,pt,Counter-Strike,+18 🔞 WAVEIGL ❤️,['Português'],"['MatureGame', 'ProfanityVulgarity']",False
52,2025-04-06 20:01,joohn_garcia,pt,Overwatch 2,NOSSO LUGAR ESPECIAL - 🔵COD APOIADOR: JOHNZ,"['Gay', 'gameplay', 'nerd', 'playstation', 'inglês', 'Português', 'fortnite', 'Overawatch', 'terror', 'LGBTQIA']",[],False
52,2025-04-06 20:01,Pedro017Yt,pt,Fortnite,🍉!DROPS ON - RESGATE VB ASSISTINDO A LIVE (❗loja) 🍉!PIX 🍉,"['Português', 'Fortnite', 'Jogandocomespectadores', 'DropsEnable', 'DropsAtivados']",[],False
52,2025-04-06 20:01,simoesgm,pt,Fortnite,(DROPS ON)  EMOTE GRATIS / JOGANDO COM A GALERA !PIX !drop,"['Português', 'DropsAtivados']",[],False
52,2025-04-06 20:01,luq47,pt,Mini Royale,(DROP ON 🍏) CAMP HOJE AS 22h 🔫🔫   // streamer oficial @vasco // ❗lurk ❗pix ❗apoio ❗VASCO,"['Português', 'DropsAtivados']",[],False
52,2025-04-06 20:02,Vitor_jbs,pt,Minecraft,DOMINGOU CHEGOU JUNTO COM O ANIVERSARIO DA LIVE|❗pix ❗dc ❗comandos,"['Português', 'minecraft', 'mine', 'pvp', 'bedwars', 'mush', 'mushmc']",[],False
52,2025-04-06 20:02,baruca2222,pt,Sea of Thieves,Preguicinha boa...,"['Português', 'crime', 'seaofthieves']",[],True
53,2025-04-06 20:10,iShadowWolf_,pt,Fortnite,(+18) Livezinha Muito Doida!   ||   (❗comandos ❗metas ❗drops)   ||   (Epic Code: SHADOWOLF),"['Português', 'DropsAtivados']",[],False
53,2025-04-06 20:10,waveigl,pt,Counter-Strike,+18 🔞 WAVEIGL ❤️,['Português'],"['MatureGame', 'ProfanityVulgarity']",False
53,2025-04-06 20:10,ocontagia,pt,Conan Exiles,DOMINGÃO DO CONTAGIA - CONTAGIA O BÁRBARO - Conan para iniciantes !comandos,"['tft', 'fortnite', 'lol', 'Brino', 'YoDa', 'portugues', 'palhaco', 'alegria', 'Português', 'DropsAtivados']",['MatureGame'],False
53,2025-04-06 20:10,joohn_garcia,pt,Overwatch 2,NOSSO LUGAR ESPECIAL - 🔵COD APOIADOR: JOHNZ,"['Gay', 'gameplay', 'nerd', 'playstation', 'inglês', 'Português', 'fortnite', 'Overawatch', 'terror', 'LGBTQIA']",[],False
53,2025-04-06 20:10,Pedro017Yt,pt,Fortnite,🍉!DROPS ON - RESGATE VB ASSISTINDO A LIVE (❗loja) 🍉!PIX 🍉,"['Português', 'Fortnite', 'Jogandocomespectadores', 'DropsEnable', 'DropsAtivados']",[],False
53,2025-04-06 20:10,simoesgm,pt,Fortnite,(DROPS ON)  EMOTE GRATIS / JOGANDO COM A GALERA !PIX !drop,"['Português', 'DropsAtivados']",[],False
53,2025-04-06 20:10,XpEricaqX,pt,The Sims 4,THE SIMS 4  MARATHON✨ - !dc !help,"['WomenGamers', 'LGBTQIAFriendlySpace', 'Chattingstream', 'thesims4', 'English', 'Portuguese', 'Português']",[],False
53,2025-04-06 20:10,erinzinho,pt,Lysfanga: The Time Shift Warrior,#1280 - obrigado por estarem comigo ~ !sp !encontro,['Português'],[],False
53,2025-04-06 20:10,pheragorgona,pt,Stardew Valley,EM BUSCA DO AMOR,"['Vtuber', 'Furusato', 'Gamer', 'Português', 'conversa', 'termo']",[],False
54,2025-04-06 20:19,iShadowWolf_,pt,Fortnite,(+18) Livezinha Muito Doida!   ||   (❗comandos ❗metas ❗drops)   ||   (Epic Code: SHADOWOLF),"['Português', 'DropsAtivados']",[],False
54,2025-04-06 20:19,waveigl,pt,Counter-Strike,+18 🔞 WAVEIGL ❤️,['Português'],"['MatureGame', 'ProfanityVulgarity']",False
54,2025-04-06 20:19,ocontagia,pt,Conan Exiles,DOMINGÃO DO CONTAGIA - CONTAGIA O BÁRBARO - Conan para iniciantes !comandos,"['tft', 'fortnite', 'lol', 'Brino', 'YoDa', 'portugues', 'palhaco', 'alegria', 'Português', 'DropsAtivados']",['MatureGame'],False
54,2025-04-06 20:19,joohn_garcia,pt,Overwatch 2,NOSSO LUGAR ESPECIAL - 🔵COD APOIADOR: JOHNZ,"['Gay', 'gameplay', 'nerd', 'playstation', 'inglês', 'Português', 'fortnite', 'Overawatch', 'terror', 'LGBTQIA']",[],False
54,2025-04-06 20:19,Pedro017Yt,pt,Fortnite,🍉!DROPS ON - RESGATE VB ASSISTINDO A LIVE (❗loja) 🍉!PIX 🍉,"['Português', 'Fortnite', 'Jogandocomespectadores', 'DropsEnable', 'DropsAtivados']",[],False
54,2025-04-06 20:19,simoesgm,pt,Fortnite,(DROPS ON)  EMOTE GRATIS / JOGANDO COM A GALERA !PIX !drop,"['Português', 'DropsAtivados']",[],False
54,2025-04-06 20:19,HWmalk,pt,Path of Exile 2,Ten-tan-do🥵 !drop,"['Português', 'AMA', 'Brasil', 'RPG', 'música', 'Conversação', 'RockRoll', 'Ansiedade', 'Interativo', 'DropsAtivados']",['MatureGame'],False
54,2025-04-06 20:19,Wispai,pt,Sea of Thieves,farm infinito nos altos mares,['Português'],[],False
54,2025-04-06 20:20,RdeCarvalho,pt,Grand Theft Auto V,Corridas Malucas | #2 | !pix !bits !apoie,['Português'],['MatureGame'],False
55,2025-04-07 00:01,loud_coringa,pt,Just Chatting,LIVE 7 DIAS - DIA 1,['Português'],[],False
55,2025-04-07 00:01,waveigl,pt,Counter-Strike,+18 🔞 WAVEIGL ❤️,['Português'],"['MatureGame', 'ProfanityVulgarity']",False
55,2025-04-07 00:01,eLyzao,pt,EA Sports FC 25,Valoranto com o xerejeferson @Jefraoo ❗Nesha ❗iox +18,['Português'],[],False
55,2025-04-07 00:01,joohn_garcia,pt,Overwatch 2,NOSSO LUGAR ESPECIAL - 🔵COD APOIADOR: JOHNZ,"['Gay', 'gameplay', 'nerd', 'playstation', 'inglês', 'Português', 'fortnite', 'Overawatch', 'terror', 'LGBTQIA']",[],False
55,2025-04-07 00:01,Arkane,pt,Fortnite,🔥 DROPS ON 🔥 GRÁTIS EMOTE CARRINHO-FORTE HOJE !drop - CODE: ARKANE #EpicPartner 🔥 !loja !pix !logitech !noping !youtube !cortes,"['Português', 'DropsAtivados']",[],True
55,2025-04-07 00:01,Alynne_fs,pt,Marvel Rivals,DROPS ON (CELESTIAL gameplay Suporte) Marvel Rivals,['Português'],[],False
55,2025-04-07 00:01,Veggie,pt,Just Chatting,LIVE DE 1 SEMANA O RESTART day 1 -- DrinkDay ON | !programação | !VOTAÇÃO,"['Português', 'linda', 'veggiezinha', 'cantodadefunk', 'botanaveggiezinha', 'lipolad', 'magras', 'saopaulotrans']",[],True
55,2025-04-07 00:01,Jumargem,pt,Farm Frenzy,SAGA X MEN: DIAS DE UM FUTURO + APOCALIPSE + FÊNIX NEGRA! | !PIX !COMANDOS,"['humor', 'gamer', 'leagueoflegends', 'lol', 'lgbt', 'lgbtqia', 'gay', 'engraçado', 'brasileiro', 'português']",['ProfanityVulgarity'],False
55,2025-04-07 00:02,Daenerysz,pt,Just Chatting,drinkday @veggie,"['Português', 'Lux', 'LGBT', 'Challenger', 'English', 'highelo']",[],False
56,2025-04-07 00:09,loud_coringa,pt,Just Chatting,LIVE 7 DIAS - DIA 1,['Português'],[],False
56,2025-04-07 00:09,waveigl,pt,Counter-Strike,+18 🔞 WAVEIGL ❤️,['Português'],"['MatureGame', 'ProfanityVulgarity']",False
56,2025-04-07 00:09,eLyzao,pt,EA Sports FC 25,Valoranto com o xerejeferson @Jefraoo ❗Nesha ❗iox +18,['Português'],[],False
56,2025-04-07 00:09,Arkane,pt,Fortnite,🔥 DROPS ON 🔥 GRÁTIS EMOTE CARRINHO-FORTE HOJE !drop - CODE: ARKANE #EpicPartner 🔥 !loja !pix !logitech !noping !youtube !cortes,"['Português', 'DropsAtivados']",[],True
56,2025-04-07 00:09,Alynne_fs,pt,Marvel Rivals,DROPS ON (CELESTIAL gameplay Suporte) Marvel Rivals,['Português'],[],False
56,2025-04-07 00:09,Praxt_,pt,Fortnite,(DROP ON) EMOTE GRÁTIS - ASSISTA POR 2 HORAS PARA RESGATAR !drop,"['Português', 'Fortnite', 'vbucks', 'AMA', 'PlayingwWithViewers', 'SeiosFartos', 'regras', 'LGBT', 'ＬＯＬ', 'LiveFamilia']",[],False
57,2025-04-07 00:21,loud_coringa,pt,Just Chatting,LIVE 7 DIAS - DIA 1,['Português'],[],False
57,2025-04-07 00:21,waveigl,pt,Counter-Strike,+18 🔞 WAVEIGL ❤️,['Português'],"['MatureGame', 'ProfanityVulgarity']",False
57,2025-04-07 00:21,eLyzao,pt,EA Sports FC 25,Valoranto com o xerejeferson @Jefraoo ❗Nesha ❗iox +18,['Português'],[],False
57,2025-04-07 00:21,Arkane,pt,Fortnite,🔥 DROPS ON 🔥 GRÁTIS EMOTE CARRINHO-FORTE HOJE !drop - CODE: ARKANE #EpicPartner 🔥 !loja !pix !logitech !noping !youtube !cortes,"['Português', 'DropsAtivados']",[],True
57,2025-04-07 00:21,Alynne_fs,pt,Marvel Rivals,DROPS ON (CELESTIAL gameplay Suporte) Marvel Rivals,['Português'],[],False
57,2025-04-07 00:21,Praxt_,pt,Fortnite,(DROP ON) EMOTE GRÁTIS - ASSISTA POR 2 HORAS PARA RESGATAR !drop,"['Português', 'Fortnite', 'vbucks', 'AMA', 'PlayingwWithViewers', 'SeiosFartos', 'regras', 'LGBT', 'ＬＯＬ', 'LiveFamilia']",[],False
57,2025-04-07 00:21,Dilascio_,pt,Marvel Rivals,GRANDFINAL MRC WATCHPARTY 22H,"['Português', 'Competitivo', 'Conversa', 'top500', 'overwatch', 'English']",[],False
57,2025-04-07 00:21,annadeneve,pt,R.E.P.O.,vc sabe o pq a galinha atravessou a rua????? ♡ !clip !pix !discord !comandos,"['Mulher', 'bonita', 'engraçada', 'Português', 'ConversandoComOChat']",[],False
57,2025-04-07 00:21,Shalalaka,pt,Just Chatting,filmão no disc com os de verdade - !AMAZON - !DROPEME - !RPG,['Português'],[],False
58,2025-04-07 04:01,jaimeleef,pt,Marvel Rivals,Jogando um pouco nesse final de temporada,"['Português', 'Anime']",[],False
58,2025-04-07 04:01,EiMine77,pt,Minecraft,✅ RECOMPENSAS ON! | ⭐ SEJA RÁPIDO E GANHE UMA CAPA DE GRAÇA: !CAPA | 💘 INSTAGRAM: @EIMINE77 | !ajuda !rerun !sub !subgratis !loja,"['Minecraft', 'EiMine', 'Português']",[],False
58,2025-04-07 04:01,BrunoBalloni,pt,Counter-Strike,🔴RERUN!!!-> ❗csgocases ❗regraloja❗farm ❗sub ❗msg ❗loja,"['Português', 'fps', 'Brasil', 'counterstrike', 'cs', 'cs2', 'brazil']",['MatureGame'],False
58,2025-04-07 04:01,sabrinoca,pt,Teamfight Tactics,SUBATHON + NOITE DE CRIMES !odyssey !odysseycup !subathon !react,"['Português', 'MãeDePrimeiraViagem', 'BaratinhaDeFogão', 'Concubina', 'Melões', 'MulherDePreso', 'LeagueofLegends', 'Aliada', 'GíriasRegionais', 'Simples']",[],True
58,2025-04-07 04:01,loud_coringa,pt,Just Chatting,LIVE 7 DIAS - DIA 1,['Português'],[],False
58,2025-04-07 04:01,Saullo,pt,Counter-Strike,"SORTEIO de 2 FACAS de R$12.700,00 AGORA + EXTENSÃO 2.0 TA ON + DEPÓSITO NA CONTA DE VOCÊS + SORTEIO 100 DÓLARES (AO VIVO)","['Português', 'skinscsgo', 'CSGO', 'SORTEIO', 'PIX', 'SKINS', 'FPS', 'Brasil', 'CS2', 'cs2beta']",['MatureGame'],True
58,2025-04-07 04:01,Junninho_2021,pt,EA Sports FC 25,WL NAS CONTAS BORA.... !SUPERRIFA !PREÇOS !LIVEPIX,"['FUTEBOL', 'FUTEBOLAOVIVO', 'JOGADASMETA', 'EASPORTS', 'Português', 'JOGODEFUTEBOL']",[],False
58,2025-04-07 04:01,xGuuhGabrielx,pt,EA Sports FC 25,"3/0 WL em Busca do Rank 1, Sorteamos 1 Milhão de Coins Hoje!  DMEs, Packs e Resenha | DIGITE !Livepix !cliente !grupo !sorteio !meta","['EASPORTS', 'EAFC', 'eafc25', 'ultimateteam', 'fc25', 'fc25gameplay', 'Português', 'Paivinha29', 'Carpentieri', 'Adolfz']",[],False
58,2025-04-07 04:02,SWAVYFUT,pt,EA Sports FC 25,🚨PREMIAÇÃO RANK 1 AGORA🚨WL EM 13 CONTAS + PREMIAÇOES EM BUSCA DO R9 | !cliente,['Português'],[],True
59,2025-04-07 04:13,EiMine77,pt,Minecraft,✅ RECOMPENSAS ON! | ⭐ SEJA RÁPIDO E GANHE UMA CAPA DE GRAÇA: !CAPA | 💘 INSTAGRAM: @EIMINE77 | !ajuda !rerun !sub !subgratis !loja,"['Minecraft', 'EiMine', 'Português']",[],False
59,2025-04-07 04:13,BrunoBalloni,pt,Counter-Strike,🔴RERUN!!!-> ❗csgocases ❗regraloja❗farm ❗sub ❗msg ❗loja,"['Português', 'fps', 'Brasil', 'counterstrike', 'cs', 'cs2', 'brazil']",['MatureGame'],False
59,2025-04-07 04:13,jaimeleef,pt,Marvel Rivals,Jogando um pouco nesse final de temporada,"['Português', 'Anime']",[],False
59,2025-04-07 04:13,sabrinoca,pt,Teamfight Tactics,SUBATHON + NOITE DE CRIMES !odyssey !odysseycup !subathon !react,"['Português', 'MãeDePrimeiraViagem', 'BaratinhaDeFogão', 'Concubina', 'Melões', 'MulherDePreso', 'LeagueofLegends', 'Aliada', 'GíriasRegionais', 'Simples']",[],True
59,2025-04-07 04:13,loud_coringa,pt,Just Chatting,LIVE 7 DIAS - DIA 1,['Português'],[],False
59,2025-04-07 04:13,Saullo,pt,Counter-Strike,"SORTEIO de 2 FACAS de R$12.700,00 AGORA + EXTENSÃO 2.0 TA ON + DEPÓSITO NA CONTA DE VOCÊS + SORTEIO 100 DÓLARES (AO VIVO)","['Português', 'skinscsgo', 'CSGO', 'SORTEIO', 'PIX', 'SKINS', 'FPS', 'Brasil', 'CS2', 'cs2beta']",['MatureGame'],True
59,2025-04-07 04:13,mbo71,pt,Music,Replay da live!!!!,"['Português', 'eldenring', 'DyingLight2StayHuman', 'StateofDecay2', 'Reposição', 'Música', 'StarTrek']",[],False
59,2025-04-07 04:13,FofetySA,pt,Ragnarok Online,Uai oh Vamos Jogar ? Ragnodin.com.br  99/70 RMT Rumo99 Sorteio e BINGO!  24/7=Lurk !Pix !Voteskip !Discord !build Pede Musica!,"['Português', 'RagnarokOnline', 'jogosonline', '24HourStream', 'LurkerFriendly']",[],False
59,2025-04-07 04:13,anj0_d0_infern0,pt,Call of Duty,🔞🍄Vem Verdansk🍄🔞,"['guerra', 'fps', 'vaga', 'Português']",[],False
60,2025-04-07 08:01,BrunoBalloni,pt,Counter-Strike,🔴RERUN!!!-> ❗csgocases ❗regraloja❗farm ❗sub ❗msg ❗loja,"['Português', 'fps', 'Brasil', 'counterstrike', 'cs', 'cs2', 'brazil']",['MatureGame'],False
60,2025-04-07 08:01,EiMine77,pt,Minecraft,✅ RECOMPENSAS ON! | ⭐ SEJA RÁPIDO E GANHE UMA CAPA DE GRAÇA: !CAPA | 💘 INSTAGRAM: @EIMINE77 | !ajuda !rerun !sub !subgratis !loja,"['Minecraft', 'EiMine', 'Português']",[],False
60,2025-04-07 08:02,sabrinoca,pt,Tomb Raider: Anniversary,SUBATHON + NOITE DE CRIMES !odyssey !odysseycup !subathon !react,"['Português', 'MãeDePrimeiraViagem', 'BaratinhaDeFogão', 'Concubina', 'Melões', 'MulherDePreso', 'LeagueofLegends', 'Aliada', 'GíriasRegionais', 'Simples']",[],True
60,2025-04-07 08:02,LhamaInPijamas,pt,Marvel Rivals,ESTMOS DE VOLTA NA GRIND! !pix !elomarvel,"['rpg', 'casual', 'Português', 'marvelrivals', 'rivals', 'marvelrival']",[],False
60,2025-04-07 08:02,loud_coringa,pt,Just Chatting,LIVE 7 DIAS - DIA 1,['Português'],[],False
60,2025-04-07 08:02,Saullo,pt,Counter-Strike,"SORTEIO de 2 FACAS de R$12.700,00 AGORA + EXTENSÃO 2.0 TA ON + DEPÓSITO NA CONTA DE VOCÊS + SORTEIO 100 DÓLARES (AO VIVO)","['Português', 'skinscsgo', 'CSGO', 'SORTEIO', 'PIX', 'SKINS', 'FPS', 'Brasil', 'CS2', 'cs2beta']",['MatureGame'],True
60,2025-04-07 08:02,r1gamertv,pt,Fortnite,Mortal Kombat on fire🤘🤘|🕹️| PS5 |Código de apoiador: R1GAMERTV na loja Epic | @kolmeiastm,"['AMA', 'Português', 'ps5', 'fortnıte', 'FallGuys', 'marvel', 'ＲＰＧ', 'ufl', 'OGFortniteMap', 'fortinitebattleroyale']",[],True
60,2025-04-07 08:02,hiirozinhaa,pt,Genshin Impact,✨Vamos tomar café?✨ [PT-BR] ❕DISCORD ❕TIKTOK ❕INSTAGRAM ✨,"['Português', 'GenshinnImpact', 'DropsAtivados']",[],False
60,2025-04-07 08:02,GUU_YT,pt,Fortnite,DROP GESTO GRATIS AQUI !DROP E VEJA TUDO CERTINHO FREE  FORTNITE ITENS GRATIS de MORTAL KOMBAT ITENS FORTNITE( APOIE GUU NA LOJA ),"['Fortnite', 'lojadehojefortnite', 'Apoieumcriador', 'JOGOFORTNITE', 'VbucksGrátis', 'gratisvbucks', 'LOJADEITENS', 'Português', 'dropsfortnite']",[],False
61,2025-04-07 08:10,NYKAGAMER_,pt,Fortnite,bom dia❗️LIVEPIX ❗️Onlyfans ❗️Comandos ❗️Discord ❗️Clip,"['Fortnite', 'Português', 'Mulher', 'brasil', 'Español', '한국어', 'Русский', '漢語', 'ภาษาไทย', '日本語']",[],False
61,2025-04-07 08:10,BrunoBalloni,pt,Counter-Strike,🔴RERUN!!!-> ❗csgocases ❗regraloja❗farm ❗sub ❗msg ❗loja,"['Português', 'fps', 'Brasil', 'counterstrike', 'cs', 'cs2', 'brazil']",['MatureGame'],False
61,2025-04-07 08:10,loud_coringa,pt,Just Chatting,LIVE 7 DIAS - DIA 1,['Português'],[],False
61,2025-04-07 08:10,EiMine77,pt,Minecraft,✅ RECOMPENSAS ON! | ⭐ SEJA RÁPIDO E GANHE UMA CAPA DE GRAÇA: !CAPA | 💘 INSTAGRAM: @EIMINE77 | !ajuda !rerun !sub !subgratis !loja,"['Minecraft', 'EiMine', 'Português']",[],False
61,2025-04-07 08:10,sabrinoca,pt,Tomb Raider: Anniversary,SUBATHON + NOITE DE CRIMES !odyssey !odysseycup !subathon !react,"['Português', 'MãeDePrimeiraViagem', 'BaratinhaDeFogão', 'Concubina', 'Melões', 'MulherDePreso', 'LeagueofLegends', 'Aliada', 'GíriasRegionais', 'Simples']",[],True
61,2025-04-07 08:10,LhamaInPijamas,pt,Marvel Rivals,ESTMOS DE VOLTA NA GRIND! !pix !elomarvel,"['rpg', 'casual', 'Português', 'marvelrivals', 'rivals', 'marvelrival']",[],False
61,2025-04-07 08:10,amohrte,pt,Marvel Rivals,INSTALEI ONTEM E JA ESTOU SOFRENDO / RERUN,"['Português', 'funny', 'humor', 'amohrte', 'English', 'assettocorsa', 'F1', 'Formula1', 'marvelrivals', 'marvel']",['ProfanityVulgarity'],False
61,2025-04-07 08:10,MoorenaTiltada,pt,Just Chatting,Lofi,"['Competitivo', 'Português', 'riotgames', 'gamergirl', 'riotgames']",[],False
61,2025-04-07 08:10,gargaltron,pt,Marvel Rivals,MARVEL RIVALS DROPS ON!,['Português'],[],False
62,2025-04-07 12:01,Pedro017Yt,pt,Fortnite,🍉!DROPS ON + RESGATE VB ASSISTINDO A LIVE (❗loja)🔔!PIX🔔,"['Português', 'Fortnite', 'Jogandocomespectadores', 'DropsEnable', 'DropsAtivados']",[],False
62,2025-04-07 12:01,eLyzao,pt,Counter-Strike,MMZINHHO ATE TILTARRRRRRRRRRRRRRRRR ❗Nesha ❗iox +18,['Português'],['MatureGame'],False
62,2025-04-07 12:01,maahmurollo,pt,Fortnite,[NOVO DROP] Sabrina Carpenter AMANHÃ ❗JOGAR ❗LOJA    MUROLLO #ad,"['gamer', 'Português', 'Fortnite', 'ZeroBuild', 'battleroyale', 'Reposição', 'DropsAtivados']",[],True
62,2025-04-07 12:01,BrunoBalloni,pt,Counter-Strike,🔴RERUN!!!-> ❗csgocases ❗regraloja❗farm ❗sub ❗msg ❗loja,"['Português', 'fps', 'Brasil', 'counterstrike', 'cs', 'cs2', 'brazil']",['MatureGame'],False
62,2025-04-07 12:01,loud_coringa,pt,Just Chatting,LIVE 7 DIAS - DIA 1,['Português'],[],False
62,2025-04-07 12:01,TcK10,pt,VALORANT,C9 TCKU AMASSA COM SENS NOVA | 🥵VCT AMÉRICAS |  !GROWTH 🏆 SIGA EM @TcK10,"['melhordomundo', 'radiante', 'incrível', 'valorant', 'Português']",[],False
62,2025-04-07 12:01,oBruxoFut,pt,EA Sports FC 25,✨ WL TESTANDO HENRY DME E PENALTI PRO PALMEIRAS ❗️tatica ❗️st ❗️lurdinha ❗️copa,"['Português', 'muitoelegante', 'charmoso', 'bonito', 'inteligente', 'carismático', 'educado', 'proplayer', 'futebol', 'fitness']",[],False
62,2025-04-07 12:01,TioPedroJoga,pt,EA Sports FC 25,WL TEMÁTICA E O CHAT DECIDE O TIME + HYPE DAS 14 E MUITO MAIS !cliente !coins !camiseta,['Português'],[],False
62,2025-04-07 12:02,fifenzo_,pt,EA Sports FC 25,!Cliente WL Conta de cliente + packs + resenha + cassino! !Curso !Coins !Coach !Tatica !Rainbet,"['Português', 'fifenzo']",[],False
63,2025-04-07 12:08,Pedro017Yt,pt,Fortnite,🍉!DROPS ON + RESGATE VB ASSISTINDO A LIVE (❗loja)🔔!PIX🔔,"['Português', 'Fortnite', 'Jogandocomespectadores', 'DropsEnable', 'DropsAtivados']",[],False
63,2025-04-07 12:08,eLyzao,pt,Counter-Strike,MMZINHHO ATE TILTARRRRRRRRRRRRRRRRR ❗Nesha ❗iox +18,['Português'],['MatureGame'],False
63,2025-04-07 12:08,maahmurollo,pt,Fortnite,[NOVO DROP] Sabrina Carpenter AMANHÃ ❗JOGAR ❗LOJA    MUROLLO #ad,"['gamer', 'Português', 'Fortnite', 'ZeroBuild', 'battleroyale', 'Reposição', 'DropsAtivados']",[],True
63,2025-04-07 12:08,BrunoBalloni,pt,Counter-Strike,🔴RERUN!!!-> ❗csgocases ❗regraloja❗farm ❗sub ❗msg ❗loja,"['Português', 'fps', 'Brasil', 'counterstrike', 'cs', 'cs2', 'brazil']",['MatureGame'],False
63,2025-04-07 12:09,loud_coringa,pt,Just Chatting,LIVE 7 DIAS - DIA 1,['Português'],[],False
63,2025-04-07 12:09,TcK10,pt,VALORANT,C9 TCKU AMASSA COM SENS NOVA | 🥵VCT AMÉRICAS |  !GROWTH 🏆 SIGA EM @TcK10,"['melhordomundo', 'radiante', 'incrível', 'valorant', 'Português']",[],False
63,2025-04-07 12:09,XANDAOOGOD,pt,Just Chatting,(APENAS PARA ALFAS)-💪 SUPER XANDÃO - FORÇA E HONRA ~ BIBLICAL - BICEPS 46CM - 190 Q.I -,['Português'],['DebatedSocialIssuesAndPolitics'],False
63,2025-04-07 12:09,nako,pt,League of Legends,SEASON 15 - OTP MASTER YI - ESMERALDA >> MASTER/GM - FOCADO TRYHARD | !desafio !youtube,"['Português', 'English', 'M', 'A', 'S', 'T', 'E', 'R', 'Y', 'I']",[],False
63,2025-04-07 12:09,Vitor_jbs,pt,Minecraft,COMEÇO DE SEMANA LINDO  |❗pix ❗dc ❗comandos,"['Português', 'minecraft', 'mine', 'pvp', 'bedwars', 'mush', 'mushmc']",[],False
64,2025-04-07 12:17,Pedro017Yt,pt,Fortnite,🍉!DROPS ON + RESGATE VB ASSISTINDO A LIVE (❗loja)🔔!PIX🔔,"['Português', 'Fortnite', 'Jogandocomespectadores', 'DropsEnable', 'DropsAtivados']",[],False
64,2025-04-07 12:18,eLyzao,pt,Counter-Strike,MMZINHHO ATE TILTARRRRRRRRRRRRRRRRR ❗Nesha ❗iox +18,['Português'],['MatureGame'],False
64,2025-04-07 12:18,maahmurollo,pt,Fortnite,[NOVO DROP] Sabrina Carpenter AMANHÃ ❗JOGAR ❗LOJA    MUROLLO #ad,"['gamer', 'Português', 'Fortnite', 'ZeroBuild', 'battleroyale', 'Reposição', 'DropsAtivados']",[],True
64,2025-04-07 12:18,BrunoBalloni,pt,Counter-Strike,🔴RERUN!!!-> ❗csgocases ❗regraloja❗farm ❗sub ❗msg ❗loja,"['Português', 'fps', 'Brasil', 'counterstrike', 'cs', 'cs2', 'brazil']",['MatureGame'],False
64,2025-04-07 12:18,loud_coringa,pt,Just Chatting,LIVE 7 DIAS - DIA 1,['Português'],[],False
64,2025-04-07 12:18,TcK10,pt,VALORANT,C9 TCKU AMASSA COM SENS NOVA | 🥵VCT AMÉRICAS |  !GROWTH 🏆 SIGA EM @TcK10,"['melhordomundo', 'radiante', 'incrível', 'valorant', 'Português']",[],False
64,2025-04-07 12:18,LYRAFPS,pt,Counter-Strike,Rumo ao 21 - @gamersclubcs ❗COMANDOS!,"['Português', 'gamestreaming', 'counterstrike2', 'CS2', 'gamersclub']",['MatureGame'],False
64,2025-04-07 12:18,joohn_garcia,pt,Overwatch 2,NOSSO LUGAR ESPECIAL - 🔵COD APOIADOR: JOHNZ,"['Gay', 'gameplay', 'nerd', 'playstation', 'inglês', 'Português', 'fortnite', 'Overawatch', 'terror', 'LGBTQIA']",[],False
64,2025-04-07 12:18,Reunee,pt,Overwatch 2,"🔴 Novo Réune NÃO xinga, reclama, fica triste, tilta... apenas feliz #pás | Warzone às 17 Horas!",['Português'],[],False
65,2025-04-07 12:26,Pedro017Yt,pt,Fortnite,🍉!DROPS ON + RESGATE VB ASSISTINDO A LIVE (❗loja)🔔!PIX🔔,"['Português', 'Fortnite', 'Jogandocomespectadores', 'DropsEnable', 'DropsAtivados']",[],False
65,2025-04-07 12:26,eLyzao,pt,Counter-Strike,MMZINHHO ATE TILTARRRRRRRRRRRRRRRRR ❗Nesha ❗iox +18,['Português'],['MatureGame'],False
65,2025-04-07 12:26,maahmurollo,pt,Fortnite,[NOVO DROP] Sabrina Carpenter AMANHÃ ❗JOGAR ❗LOJA    MUROLLO #ad,"['gamer', 'Português', 'Fortnite', 'ZeroBuild', 'battleroyale', 'Reposição', 'DropsAtivados']",[],True
65,2025-04-07 12:26,BrunoBalloni,pt,Counter-Strike,🔴RERUN!!!-> ❗csgocases ❗regraloja❗farm ❗sub ❗msg ❗loja,"['Português', 'fps', 'Brasil', 'counterstrike', 'cs', 'cs2', 'brazil']",['MatureGame'],False
65,2025-04-07 12:26,loud_coringa,pt,Just Chatting,LIVE 7 DIAS - DIA 1,['Português'],[],False
65,2025-04-07 12:26,TcK10,pt,VALORANT,C9 TCKU AMASSA COM SENS NOVA | 🥵VCT AMÉRICAS |  !GROWTH 🏆 SIGA EM @TcK10,"['melhordomundo', 'radiante', 'incrível', 'valorant', 'Português']",[],False
65,2025-04-07 12:26,HenriqueOph,pt,Minecraft,HARDCORE 1.21.4 +300 DIAS EP 17,"['Português', 'minecraft', 'Hardcore', 'HardMode', 'sobrevivencia', '1VIDA', 'hardcoregamer', 'Singlerplayer', 'MINEDROP', 'TIKTOKCAPA']",[],False
65,2025-04-07 12:26,HiProportion,en,Minecraft,DROPS ON! NEW CAPE AND MINECRAFT UPDATE!,"['English', 'minecraft', 'cape', 'homecape', 'homecape', 'minecraftmovie', 'hiproportion']",[],False
65,2025-04-07 12:26,Vitor_jbs,pt,Minecraft,COMEÇO DE SEMANA LINDO  |❗pix ❗dc ❗comandos,"['Português', 'minecraft', 'mine', 'pvp', 'bedwars', 'mush', 'mushmc']",[],False
66,2025-04-07 12:36,Pedro017Yt,pt,Fortnite,🍉!DROPS ON + RESGATE VB ASSISTINDO A LIVE (❗loja)🔔!PIX🔔,"['Português', 'Fortnite', 'Jogandocomespectadores', 'DropsEnable', 'DropsAtivados']",[],False
66,2025-04-07 12:36,eLyzao,pt,Counter-Strike,MMZINHHO ATE TILTARRRRRRRRRRRRRRRRR ❗Nesha ❗iox +18,['Português'],['MatureGame'],False
66,2025-04-07 12:37,maahmurollo,pt,Fortnite,[NOVO DROP] Sabrina Carpenter AMANHÃ ❗JOGAR ❗LOJA    MUROLLO #ad,"['gamer', 'Português', 'Fortnite', 'ZeroBuild', 'battleroyale', 'Reposição', 'DropsAtivados']",[],True
66,2025-04-07 12:37,BrunoBalloni,pt,Counter-Strike,🔴RERUN!!!-> ❗csgocases ❗regraloja❗farm ❗sub ❗msg ❗loja,"['Português', 'fps', 'Brasil', 'counterstrike', 'cs', 'cs2', 'brazil']",['MatureGame'],False
66,2025-04-07 12:37,loud_coringa,pt,Just Chatting,LIVE 7 DIAS - DIA 1,['Português'],[],False
66,2025-04-07 12:37,EiMine77,pt,Minecraft,✅ RECOMPENSAS ON! | ⭐ SEJA RÁPIDO E GANHE UMA CAPA DE GRAÇA: !CAPA | 💘 INSTAGRAM: @EIMINE77 | !ajuda !rerun !sub !subgratis !loja,"['Minecraft', 'EiMine', 'Português']",[],False
66,2025-04-07 12:37,Phaclock,pt,Raft,+18 Bom dia. vamos de raft depois deadside? !instagram !comandos !youtube !social !steam,"['Coop', 'Português', 'MMORPG', 'aventura', 'Multiplayer', 'online', 'Action', 'variedades', 'mago']",[],False
66,2025-04-07 12:37,MegeraBruna,pt,The Last of Us Part II,Vamos chorar? the last of us 2 [+18] / !discord / !elo / !regras / !pix / !instagram/ !nick/ !Sorteio/ !clip/ !Sr /  !subathon,"['Português', 'valorant', 'gamergirl', 'fps', 'gamer']",['MatureGame'],False
66,2025-04-07 12:37,kissyoga,pt,ARK: Survival Ascended,Continuando nossa aventura host não dedicado de Ark Survival Ascend - Xcloud gamepass @raqgamess,"['Amizade', 'Treinando', 'Português', 'diversão', 'entretenimento', 'batepapo', 'aventura', 'diversão', 'ArkSurvivalAcended', 'ensaiando']",[],False
67,2025-04-07 16:01,ocontagia,pt,Teamfight Tactics,PALHAÇO CONTAGIA e sua live de segunda... !comandos,"['lol', 'tft', 'alegria', 'portugues', 'YoDa', 'Brino', 'palhaco', 'Português']",[],False
67,2025-04-07 16:01,letiltz,pt,Fortnite,(DROPS ON) TUDO O QUE SABEMOS SOBRE SABRINA CARPENTER 💋 | USE O CÓDIGO LETILTZ NA LOJA,"['Português', 'Fortnite', 'letiltz', 'FamilyFrendly', 'SafeSpace', 'Jogandocomespectadores', 'drops', 'DropsAtivados']",[],False
67,2025-04-07 16:01,eLyzao,pt,Counter-Strike,MMZINHHO ATE TILTARRRRRRRRRRRRRRRRR ❗Nesha ❗iox +18,['Português'],['MatureGame'],False
67,2025-04-07 16:01,BrunoBalloni,pt,Counter-Strike,🔴RERUN!!!-> ❗csgocases ❗regraloja❗farm ❗sub ❗msg ❗loja,"['Português', 'fps', 'Brasil', 'counterstrike', 'cs', 'cs2', 'brazil']",['MatureGame'],False
67,2025-04-07 16:01,loud_coringa,pt,Just Chatting,LIVE 7 DIAS - DIA 1,['Português'],[],False
67,2025-04-07 16:02,DorSmiley,pt,Sea of Thieves,🟢Burning Blade VS Ferrados  Parceiros @lendasdomar @csotbr !Comandos !tdm,"['Ação', 'Aventura', 'Comédia', 'Português', 'Xingamentos', 'seaofthieves', 'PvEPvP', 'SoTPvp', 'seaofthieveseason15']",['ProfanityVulgarity'],False
67,2025-04-07 16:02,ALLE1,pt,Counter-Strike,🔥CSZIN :) !csgobig !topskin !clash !loja !wpp🔥,['Português'],['MatureGame'],True
67,2025-04-07 16:02,enriquemachado_,pt,The Last of Us Part II: Remastered,🟢 #4 THE LAST OF US NO PC!!🟢 SORTEIO DE 4 FACAS >❗ Sorteio  ❗topskin ❗loja ❗csgobig  ❗insane  ❗suaskin +18,['Português'],['MatureGame'],False
67,2025-04-07 16:02,taruhgg,pt,Counter-Strike,"Mouse NOVO, PREMIER RUMO aos 30K ❗curso ❗csgobig ❗neshastore ❗skinclub",['Português'],['MatureGame'],False
68,2025-04-07 16:09,ocontagia,pt,Teamfight Tactics,PALHAÇO CONTAGIA e sua live de segunda... !comandos,"['lol', 'tft', 'alegria', 'portugues', 'YoDa', 'Brino', 'palhaco', 'Português']",[],False
68,2025-04-07 16:09,eLyzao,pt,Counter-Strike,MMZINHHO ATE TILTARRRRRRRRRRRRRRRRR ❗Nesha ❗iox +18,['Português'],['MatureGame'],False
68,2025-04-07 16:09,letiltz,pt,Fortnite,(DROPS ON) TUDO O QUE SABEMOS SOBRE SABRINA CARPENTER 💋 | USE O CÓDIGO LETILTZ NA LOJA,"['Português', 'Fortnite', 'letiltz', 'FamilyFrendly', 'SafeSpace', 'Jogandocomespectadores', 'drops', 'DropsAtivados']",[],False
68,2025-04-07 16:09,BrunoBalloni,pt,Counter-Strike,🔴RERUN!!!-> ❗csgocases ❗regraloja❗farm ❗sub ❗msg ❗loja,"['Português', 'fps', 'Brasil', 'counterstrike', 'cs', 'cs2', 'brazil']",['MatureGame'],False
68,2025-04-07 16:10,loud_coringa,pt,Just Chatting,LIVE 7 DIAS - DIA 1,['Português'],[],False
68,2025-04-07 16:10,paivinha29,pt,EA Sports FC 25,O MAIOR DESABAFO DO FIFA 25 HOJE AS 16:30 CURSO  !COINS  !T !CURSO  !COINS  !TRUST  !TRADE,['Português'],[],False
68,2025-04-07 16:10,Reunee,pt,Overwatch 2,"🔴 Novo Réune NÃO xinga, reclama, fica triste, tilta... apenas feliz #pás | Warzone às 17 Horas!",['Português'],[],False
68,2025-04-07 16:10,Abacatemi,pt,Overwatch 2,"segundou com overwatch, amanhã temos jogo novo!! #OverwatchCreator","['Português', 'girl', 'overwatch2', 'OverwatchCreators', 'chat', 'cosplayergirl', 'yk2']",[],False
68,2025-04-07 16:10,Guzitawo,pt,Overwatch 2,"VOLTEI!! Recuperação Pós Acidente, Gravação do Podcast e mais!","['overwatch', 'ptbr', 'suporte', 'Educational', 'chill', 'LGBTQIAFriendlySpace', 'Português']",[],False
69,2025-04-07 16:21,ocontagia,pt,Teamfight Tactics,PALHAÇO CONTAGIA e sua live de segunda... !comandos,"['lol', 'tft', 'alegria', 'portugues', 'YoDa', 'Brino', 'palhaco', 'Português']",[],False
69,2025-04-07 16:21,eLyzao,pt,Counter-Strike,MMZINHHO ATE TILTARRRRRRRRRRRRRRRRR ❗Nesha ❗iox +18,['Português'],['MatureGame'],False
69,2025-04-07 16:21,letiltz,pt,Fortnite,(DROPS ON) TUDO O QUE SABEMOS SOBRE SABRINA CARPENTER 💋 | USE O CÓDIGO LETILTZ NA LOJA,"['Português', 'Fortnite', 'letiltz', 'FamilyFrendly', 'SafeSpace', 'Jogandocomespectadores', 'drops', 'DropsAtivados']",[],False
69,2025-04-07 16:21,BrunoBalloni,pt,Counter-Strike,🔴RERUN!!!-> ❗csgocases ❗regraloja❗farm ❗sub ❗msg ❗loja,"['Português', 'fps', 'Brasil', 'counterstrike', 'cs', 'cs2', 'brazil']",['MatureGame'],False
69,2025-04-07 16:21,loud_coringa,pt,Just Chatting,LIVE 7 DIAS - DIA 1,['Português'],[],False
69,2025-04-07 16:21,paivinha29,pt,EA Sports FC 25,O MAIOR DESABAFO DO FIFA 25 HOJE AS 16:30 CURSO  !COINS  !T !CURSO  !COINS  !TRUST  !TRADE,['Português'],[],False
69,2025-04-07 16:21,isafaracco,pt,Fortnite,DROPS ON - SUBATHON ON - TUDO ON / !subathon !pix,"['fortnite', 'battleroyale', 'Português', 'forninte', 'criativo', 'DropsAtivados']",[],False
69,2025-04-07 16:21,MinaLetalx,pt,Fortnite,🌵[DROP ON] SUBATHON RUMA À GAMESCOM 2025 🌵| USE CODE: MINALETALX #AD❗PIX ❗PAYPAL ❗JOGAR ❗GRUPOZAP ❗EXITLAG,"['Fortnite', 'ZeroBuildFortnite', 'brasil', 'nordeste', 'AMA', 'ＦＰＳ', 'mulhergamer', 'jogodetiro', 'LGBTQFriendly', 'ASMR']",['ViolentGraphic'],False
69,2025-04-07 16:21,bellanoobyt,pt,Fortnite,"[DROPS ON] SUBATHON DIA 7 + ITENS GRÁTIS: 1 SUB=15 MIN, 100 BITS=7 MIN, 10 SUBS= 2H30, 1 REAL=2 MIN !pix !points CODE: BELLA-NOOB-YT","['Fortnite', 'Português', 'Mulher', 'Portugal', 'reload', 'sorteio', 'Trocação', 'subathon', 'DropsAtivados', 'Jogandocomespectadores']",[],False
70,2025-04-07 16:30,ocontagia,pt,Teamfight Tactics,PALHAÇO CONTAGIA e sua live de segunda... !comandos,"['lol', 'tft', 'alegria', 'portugues', 'YoDa', 'Brino', 'palhaco', 'Português']",[],False
70,2025-04-07 16:30,letiltz,pt,Fortnite,(DROPS ON) TUDO O QUE SABEMOS SOBRE SABRINA CARPENTER 💋 | USE O CÓDIGO LETILTZ NA LOJA,"['Português', 'Fortnite', 'letiltz', 'FamilyFrendly', 'SafeSpace', 'Jogandocomespectadores', 'drops', 'DropsAtivados']",[],False
70,2025-04-07 16:30,eLyzao,pt,Counter-Strike,MMZINHHO ATE TILTARRRRRRRRRRRRRRRRR ❗Nesha ❗iox +18,['Português'],['MatureGame'],False
70,2025-04-07 16:30,BrunoBalloni,pt,Counter-Strike,🔴RERUN!!!-> ❗csgocases ❗regraloja❗farm ❗sub ❗msg ❗loja,"['Português', 'fps', 'Brasil', 'counterstrike', 'cs', 'cs2', 'brazil']",['MatureGame'],False
70,2025-04-07 16:30,loud_coringa,pt,Just Chatting,LIVE 7 DIAS - DIA 1,['Português'],[],False
70,2025-04-07 16:31,paivinha29,pt,EA Sports FC 25,O MAIOR DESABAFO DO FIFA 25 HOJE AS 16:30 CURSO  !COINS  !T !CURSO  !COINS  !TRUST  !TRADE,['Português'],[],False
70,2025-04-07 16:31,nako,pt,League of Legends,SEASON 15 - OTP MASTER YI - ESMERALDA >> MASTER/GM - FOCADO TRYHARD | !desafio !youtube,"['Português', 'English', 'M', 'A', 'S', 'T', 'E', 'R', 'Y', 'I']",[],False
70,2025-04-07 16:31,erasuslol1,pt,League of Legends,SoloQ e filme mais tarde // !tipspace !weplash !pix,"['lol', 'leagueoflegends', 'leesin', 'highelo', 'challenger', 'Português', 'English', 'Inglês']",[],False
70,2025-04-07 16:31,lordsemilol,pt,League of Legends,RUMO AO TOP 1  EM (400 GAMES)  !COACH !ANÁLISE,"['Português', 'leagueoflegends', 'jungle', 'rammus', 'monochamp']",[],False
71,2025-04-07 16:39,letiltz,pt,Fortnite,(DROPS ON) TUDO O QUE SABEMOS SOBRE SABRINA CARPENTER 💋 | USE O CÓDIGO LETILTZ NA LOJA,"['Português', 'Fortnite', 'letiltz', 'FamilyFrendly', 'SafeSpace', 'Jogandocomespectadores', 'drops', 'DropsAtivados']",[],False
71,2025-04-07 16:39,eLyzao,pt,Counter-Strike,MMZINHHO ATE TILTARRRRRRRRRRRRRRRRR ❗Nesha ❗iox +18,['Português'],['MatureGame'],False
71,2025-04-07 16:39,BrunoBalloni,pt,Counter-Strike,🔴RERUN!!!-> ❗csgocases ❗regraloja❗farm ❗sub ❗msg ❗loja,"['Português', 'fps', 'Brasil', 'counterstrike', 'cs', 'cs2', 'brazil']",['MatureGame'],False
71,2025-04-07 16:39,waveigl,pt,Counter-Strike,+18 🔞 WAVEIGL ❤️,['Português'],"['MatureGame', 'ProfanityVulgarity']",False
71,2025-04-07 16:39,loud_coringa,pt,Just Chatting,LIVE 7 DIAS - DIA 1,['Português'],[],False
71,2025-04-07 16:39,ocontagia,pt,Teamfight Tactics,PALHAÇO CONTAGIA e sua live de segunda... !comandos,"['lol', 'tft', 'alegria', 'portugues', 'YoDa', 'Brino', 'palhaco', 'Português']",[],False
71,2025-04-07 16:39,maethe,pt,Shawarma Legend,Joguinhos e fofoquinhas!,['Português'],[],True
71,2025-04-07 16:39,Thatales_,pt,Gartic,GAMEPLAYS COM O CHAT ENQUANTO TOU NA ACAD | LIVE INFINITA DO THATA,['Português'],[],False
71,2025-04-07 16:40,rkrutzmann,pt,Just Chatting,hoje esse boss vai conhecer meu chinelo,"['Conversa', 'Comunidade', 'Variedades', 'SemSpoiler', 'cc', 'Aliado', 'Português', 'drops']",[],False
0,2025-04-07 17:48,ocontagia,pt,Tribes of Midgard,PALHAÇO CONTAGIA e sua live de segunda... NAS TRIBOS DE MIDGARD - PALHAÇO VIKING !comandos,"['lol', 'tft', 'alegria', 'portugues', 'YoDa', 'Brino', 'palhaco', 'Português']",[],False
0,2025-04-07 17:48,letiltz,pt,Fortnite,(DROPS ON) TUDO O QUE SABEMOS SOBRE SABRINA CARPENTER 💋 | USE O CÓDIGO LETILTZ NA LOJA,"['Português', 'Fortnite', 'letiltz', 'FamilyFrendly', 'SafeSpace', 'Jogandocomespectadores', 'drops', 'DropsAtivados']",[],False
0,2025-04-07 17:48,loud_coringa,pt,Kings League,LIVE 7 DIAS - DIA 1,['Português'],[],False
0,2025-04-07 17:48,BrunoBalloni,pt,Counter-Strike,🔴RERUN!!!-> ❗csgocases ❗regraloja❗farm ❗sub ❗msg ❗loja,"['Português', 'fps', 'Brasil', 'counterstrike', 'cs', 'cs2', 'brazil']",['MatureGame'],False
0,2025-04-07 17:48,waveigl,pt,Counter-Strike,+18 🔞 WAVEIGL ❤️,['Português'],"['MatureGame', 'ProfanityVulgarity']",False
0,2025-04-07 17:48,DorSmiley,pt,Sea of Thieves,🟢Burning Blade VS Ferrados  Parceiros @lendasdomar @csotbr !Comandos !tdm,"['Ação', 'Aventura', 'Comédia', 'Português', 'Xingamentos', 'seaofthieves', 'PvEPvP', 'SoTPvp', 'seaofthieveseason15']",['ProfanityVulgarity'],False
0,2025-04-07 17:48,isafaracco,pt,Fortnite,DROPS ON - SUBATHON ON - TUDO ON / !subathon !pix,"['fortnite', 'battleroyale', 'Português', 'forninte', 'criativo', 'DropsAtivados']",[],False
0,2025-04-07 17:48,Abakatynha,pt,Fortnite,[+18] [DROPS ON] LIVE DA ALEGRIA > CODE ABAKATYNHA - !LIVEPIX PARA AJUDAR NA META,"['NoBuildFortnite', 'resenha', 'Fortnite', 'holidayhoopla', 'holidayhoopla', 'HolidayHoopla', 'HolidayHoopla', 'holidayhoopla', 'holidayhoopla', 'Português']",[],False
0,2025-04-07 17:48,MinaLetalx,pt,Fortnite,🌵[DROP ON] SUBATHON RUMA À GAMESCOM 2025 🌵| USE CODE: MINALETALX #AD❗PIX ❗PAYPAL ❗JOGAR ❗GRUPOZAP ❗EXITLAG,"['Fortnite', 'ZeroBuildFortnite', 'brasil', 'nordeste', 'AMA', 'ＦＰＳ', 'mulhergamer', 'jogodetiro', 'LGBTQFriendly', 'ASMR']",['ViolentGraphic'],False
1,2025-04-07 17:57,ocontagia,pt,Tribes of Midgard,PALHAÇO CONTAGIA e sua live de segunda... NAS TRIBOS DE MIDGARD - PALHAÇO VIKING !comandos,"['lol', 'tft', 'alegria', 'portugues', 'YoDa', 'Brino', 'palhaco', 'Português']",[],False
1,2025-04-07 17:57,letiltz,pt,Fortnite,(DROPS ON) TUDO O QUE SABEMOS SOBRE SABRINA CARPENTER 💋 | USE O CÓDIGO LETILTZ NA LOJA,"['Português', 'Fortnite', 'letiltz', 'FamilyFrendly', 'SafeSpace', 'Jogandocomespectadores', 'drops', 'DropsAtivados']",[],False
1,2025-04-07 17:57,loud_coringa,pt,Kings League,LIVE 7 DIAS - DIA 1,['Português'],[],False
1,2025-04-07 17:58,BrunoBalloni,pt,Counter-Strike,🔴RERUN!!!-> ❗csgocases ❗regraloja❗farm ❗sub ❗msg ❗loja,"['Português', 'fps', 'Brasil', 'counterstrike', 'cs', 'cs2', 'brazil']",['MatureGame'],False
1,2025-04-07 17:58,waveigl,pt,Counter-Strike,+18 🔞 WAVEIGL ❤️,['Português'],"['MatureGame', 'ProfanityVulgarity']",False
1,2025-04-07 17:58,oimille,pt,Fortnite,"[DROPS ON] GESTO GRÁTIS DO FORTNITE, VEM GARANTIR O SEU! - ❗JOGAR  ❗NICK ❗PRESENTE❗PRIME ❗PIX ❗INSTA ❗DISCORD","['Português', 'fornite', 'fortnitebrasil', 'garotagamer', 'Brasil', 'fortnitegaminglive']",[],True
1,2025-04-07 17:58,barr4k,pt,Counter-Strike,"🟢 !PLAY = R$250,00 SORTEIOS TODA PARTIDA -> !ASTRO COMPRE E VENDA SKINS","['Português', 'Compre', 'Na', 'Zenith', 'Clothing']",['MatureGame'],True
1,2025-04-07 17:58,The_GsT,pt,Counter-Strike,MAIS UMA SEMANA QUE TEREMOS O PRAZER DE CARREGAR NEWBAS - Digite !ELEGANTE (sorteio de skin),['Português'],['MatureGame'],False
1,2025-04-07 17:58,y4s_,pt,Counter-Strike,segundou com cszinho e sorteios 🔥  !clash !nesha !csgofast,"['Português', 'y4s', 'GamersClub', 'csgo', 'lobby', 'faceit', 'farm', 'dicas', 'cs2', 'sorteio']",['MatureGame'],False
2,2025-04-07 18:09,ocontagia,pt,Tribes of Midgard,PALHAÇO CONTAGIA e sua live de segunda... NAS TRIBOS DE MIDGARD - PALHAÇO VIKING !comandos,"['lol', 'tft', 'alegria', 'portugues', 'YoDa', 'Brino', 'palhaco', 'Português']",[],False
2,2025-04-07 18:09,letiltz,pt,Fortnite,(DROPS ON) TUDO O QUE SABEMOS SOBRE SABRINA CARPENTER 💋 | USE O CÓDIGO LETILTZ NA LOJA,"['Português', 'Fortnite', 'letiltz', 'FamilyFrendly', 'SafeSpace', 'Jogandocomespectadores', 'drops', 'DropsAtivados']",[],False
2,2025-04-07 18:09,loud_coringa,pt,Kings League,LIVE 7 DIAS - DIA 1,['Português'],[],False
2,2025-04-07 18:09,BrunoBalloni,pt,Counter-Strike,🔴RERUN!!!-> ❗csgocases ❗regraloja❗farm ❗sub ❗msg ❗loja,"['Português', 'fps', 'Brasil', 'counterstrike', 'cs', 'cs2', 'brazil']",['MatureGame'],False
2,2025-04-07 18:09,waveigl,pt,Counter-Strike,+18 🔞 WAVEIGL ❤️,['Português'],"['MatureGame', 'ProfanityVulgarity']",False
2,2025-04-07 18:09,oimille,pt,Fortnite,"[DROPS ON] GESTO GRÁTIS DO FORTNITE, VEM GARANTIR O SEU! - ❗JOGAR  ❗NICK ❗PRESENTE❗PRIME ❗PIX ❗INSTA ❗DISCORD","['Português', 'fornite', 'fortnitebrasil', 'garotagamer', 'Brasil', 'fortnitegaminglive']",[],True
2,2025-04-07 18:09,aMaeNerd,pt,inZOI,InZOI - 💖 💖 💖 !comando,"['Português', 'TDAH', 'Mulher', 'Primeirajogada']",[],True
2,2025-04-07 18:09,NAIROBYH,pt,Resident Evil 3: Nemesis,🌈#061 EPECIAL RE CLÁSSICOS - hoje é dia de Resident Evil 3: Nemesis 🟢 !hellen !meta 🔴 !pix !donate 🟡 !sons !sonsvip !playlist 🔵,"['Português', 'LGBTQIAPlus', 'Gay', 'Brasil', 'QueComeceOMatriarcado', 'ResidentEvil', 'SilentHill', 'MainFoffoNoFortnite', 'Gaypreto', 'Acolhedor']",['MatureGame'],False
2,2025-04-07 18:10,KeehMonteiro,pt,VALORANT,[+18] 54 ✵ imagina que tem um título aqui  ✵ @raiderscompany,"['GIRL', 'WOMEN', 'BRAZIL', 'FPS', 'PTBR', 'AMIGOS', 'Português']","['ProfanityVulgarity', 'ViolentGraphic']",True
3,2025-04-07 18:19,ocontagia,pt,Teamfight Tactics,PALHAÇO CONTAGIA e sua live de segunda... TFTrambiques  !comandos,"['lol', 'tft', 'alegria', 'portugues', 'YoDa', 'Brino', 'palhaco', 'Português']",[],False
3,2025-04-07 18:20,BrunoBalloni,pt,Counter-Strike,🔴RERUN!!!-> ❗csgocases ❗regraloja❗farm ❗sub ❗msg ❗loja,"['Português', 'fps', 'Brasil', 'counterstrike', 'cs', 'cs2', 'brazil']",['MatureGame'],False
3,2025-04-07 18:20,loud_coringa,pt,Kings League,LIVE 7 DIAS - DIA 1,['Português'],[],False
3,2025-04-07 18:20,waveigl,pt,Counter-Strike,+18 🔞 WAVEIGL ❤️,['Português'],"['MatureGame', 'ProfanityVulgarity']",False
3,2025-04-07 18:20,oimille,pt,Fortnite,"[DROPS ON] GESTO GRÁTIS DO FORTNITE, VEM GARANTIR O SEU! - ❗JOGAR  ❗NICK ❗PRESENTE❗PRIME ❗PIX ❗INSTA ❗DISCORD","['Português', 'fornite', 'fortnitebrasil', 'garotagamer', 'Brasil', 'fortnitegaminglive']",[],True
3,2025-04-07 18:20,simoesgm,pt,Fortnite,(DROPS ON)  EMOTE GRATIS / JOGANDO COM A GALERA !PIX !drop,"['Português', 'DropsAtivados']",[],False
3,2025-04-07 18:20,TexugoJoga,pt,Gartic Phone,"[!Sorteio R$100,00🎉]Desenhando com vocês!  => !sg -  100 Bits = Susto #anúncio !roblox","['Português', 'garticphone', 'desenho', 'desenhando', 'jogandcomochat', 'Jogandocomespectadores', 'desenhogartic']",[],False
3,2025-04-07 18:20,shinyBetelgeuse,pt,Gartic Phone,【Gartic Phone】Garticando com mãos congeladas!【Owolab/ Betelgeuse】,"['vtuber', 'vtuberbr', 'Português', '日本語', 'garticphone', 'gartic']",[],False
3,2025-04-07 18:20,dimensaohadouken,pt,Rocket League,ROCKET LEAGUE! - PASSES LINDOS! - !discord - !youtube - !instagram,"['Português', 'AMA', 'jogadorcasual', 'jogoindie', 'jogoonline', 'jogoantigo']",[],False
4,2025-04-07 20:01,ocontagia,pt,Gartic Phone,PALHAÇO CONTAGIA e sua live de segunda... PALHAÇO PICAÇO e seus aprendizes !comandos,"['lol', 'tft', 'alegria', 'portugues', 'YoDa', 'Brino', 'palhaco', 'Português']",[],False
4,2025-04-07 20:01,BrunoBalloni,pt,Counter-Strike,🟢HOJE TEM SORTEIO DOS SUBS! -> ❗csgocases ❗regraloja❗farm ❗sub ❗msg ❗loja,"['Português', 'fps', 'Brasil', 'counterstrike', 'cs', 'cs2', 'brazil']",['MatureGame'],False
4,2025-04-07 20:01,waveigl,pt,Counter-Strike,+18 🔞 WAVEIGL ❤️,['Português'],"['MatureGame', 'ProfanityVulgarity']",False
4,2025-04-07 20:01,loud_coringa,pt,Kings League,LIVE 7 DIAS - DIA 1,['Português'],[],False
4,2025-04-07 20:01,iShadowWolf_,pt,Fall Guys,(+18) Livezinha Muito Doida!   ||   (❗comandos ❗metas ❗drops)   ||   (Epic Code: SHADOWOLF),['Português'],[],False
4,2025-04-07 20:01,iMartynFox,pt,League of Legends,"✨SUBATHON DAY 3✨ Bits, subs e donate aumetam o tempo ❗REGRAS | #OverwatchCreator #OW2Brasil | CÓDIGO DE CRIADOR EPIC GAMES @iMARTYNFOX",['Português'],[],True
4,2025-04-07 20:01,Psicodelizei,pt,Just Chatting,[DROPS+SORTEIO] QUER JOGAR COMIGO? DIGITE !JOGAR PARA ENTRAR NA FILA / !META E !PIX 🚨,"['Overwatch2', 'Fortnite', 'Português', 'LGBTQIAPlus', 'Dropsativados', 'Brasil', 'Jogandocomespectadores', 'Marvelrivals', 'Deadbydaylight']",['ProfanityVulgarity'],True
4,2025-04-07 20:01,pirangueirah,pt,League of Legends,"[+18] Voltei, parece que eu nem fui ❤️","['LGBTQIAMais', 'Português', 'kekel', 'Ele', 'Ela', 'deadbbydaylight', 'fortinite']",[],False
4,2025-04-07 20:02,MORGANITA,pt,Dead by Daylight,drops on! KILLER,"['Competitivo', 'Português', 'PlayingwithViewers', 'ConversandoComOChat', 'Casual', 'CasualPlaytrough', 'DropsAtivados']",['MatureGame'],False
5,2025-04-07 20:11,ocontagia,pt,Gartic Phone,PALHAÇO CONTAGIA e sua live de segunda... PALHAÇO PICAÇO e seus aprendizes !comandos,"['lol', 'tft', 'alegria', 'portugues', 'YoDa', 'Brino', 'palhaco', 'Português']",[],False
5,2025-04-07 20:11,BrunoBalloni,pt,Counter-Strike,🟢HOJE TEM SORTEIO DOS SUBS! -> ❗csgocases ❗regraloja❗farm ❗sub ❗msg ❗loja,"['Português', 'fps', 'Brasil', 'counterstrike', 'cs', 'cs2', 'brazil']",['MatureGame'],False
5,2025-04-07 20:11,giovanewonka,pt,Just Chatting,capitao nao aguento mais essa semana (segunda-feira) |❗sub ❗sr ❗donate ❗sorteio ❗clip ❗comandos,"['lgbt', 'gay', 'qiyana', 'vex', 'emo', 'Português', 'gaymer', 'SafeSpace']",[],False
5,2025-04-07 20:11,iShadowWolf_,pt,Fall Guys,(+18) Livezinha Muito Doida!   ||   (❗comandos ❗metas ❗drops)   ||   (Epic Code: SHADOWOLF),['Português'],[],False
5,2025-04-07 20:11,simoesgm,pt,Fortnite,(DROPS ON)  EMOTE GRATIS / JOGANDO COM A GALERA !PIX !drop,"['Português', 'DropsAtivados']",[],False
5,2025-04-07 20:11,iMartynFox,pt,League of Legends,"✨SUBATHON DAY 3✨ Bits, subs e donate aumetam o tempo ❗REGRAS | #OverwatchCreator #OW2Brasil | CÓDIGO DE CRIADOR EPIC GAMES @iMARTYNFOX",['Português'],[],True
5,2025-04-07 20:11,BrehCouto__,pt,Dead by Daylight,✅Hoje é Gameplay com ela @debbyfortune 🐞. #Shurtmysurv !pix !sr(oN) !zap,"['Mulher', 'Valorant', 'ChatPriority', 'terror', 'deadbydaylightsurvivour', 'Brasill', 'fps', 'Português', 'shurtmysurvivor', 'DropsAtivados']","['MatureGame', 'ProfanityVulgarity']",False
5,2025-04-07 20:11,ZaynXfps,pt,VALORANT,VOCÊ ESTÁ SENDO HIPNOTIZADO A MANDAR UM PIX PARA MIM.,['Português'],[],False
5,2025-04-07 20:12,ASennan,pt,Teamfight Tactics,(+18) ✨SEGUNDOUU  || !verificado !subathon !loja !meta !desejos !pix !redes !asenna || @asennan,"['jogajunto', 'girls', 'rankeada', 'Português', 'lgbt', 'live', 'pedintevirtual', 'mulhergamer', 'egirlgamer', 'mulheresnatwitch']",['ProfanityVulgarity'],False
6,2025-04-07 20:18,ocontagia,pt,Gartic Phone,PALHAÇO CONTAGIA e sua live de segunda... PALHAÇO PICAÇO e seus aprendizes !comandos,"['lol', 'tft', 'alegria', 'portugues', 'YoDa', 'Brino', 'palhaco', 'Português']",[],False
6,2025-04-07 20:18,BrunoBalloni,pt,Counter-Strike,🟢HOJE TEM SORTEIO DOS SUBS! -> ❗csgocases ❗regraloja❗farm ❗sub ❗msg ❗loja,"['Português', 'fps', 'Brasil', 'counterstrike', 'cs', 'cs2', 'brazil']",['MatureGame'],False
6,2025-04-07 20:18,giovanewonka,pt,League of Legends,capitao nao aguento mais essa semana (segunda-feira) |❗sub ❗sr ❗donate ❗sorteio ❗clip ❗comandos,"['lgbt', 'gay', 'qiyana', 'vex', 'emo', 'Português', 'gaymer', 'SafeSpace']",[],False
6,2025-04-07 20:18,iMartynFox,pt,League of Legends,"✨SUBATHON DAY 3✨ Bits, subs e donate aumetam o tempo ❗REGRAS | #OverwatchCreator #OW2Brasil | CÓDIGO DE CRIADOR EPIC GAMES @iMARTYNFOX",['Português'],[],True
6,2025-04-07 20:18,iShadowWolf_,pt,Fall Guys,(+18) Livezinha Muito Doida!   ||   (❗comandos ❗metas ❗drops)   ||   (Epic Code: SHADOWOLF),['Português'],[],False
6,2025-04-07 20:19,simoesgm,pt,Fortnite,(DROPS ON)  EMOTE GRATIS / JOGANDO COM A GALERA !PIX !drop,"['Português', 'DropsAtivados']",[],False
6,2025-04-07 20:19,HWmalk,pt,Path of Exile 2,Monge-de-Gelow 🥶 !drop,"['Português', 'AMA', 'Brasil', 'RPG', 'música', 'Conversação', 'RockRoll', 'Ansiedade', 'Interativo', 'DropsAtivados']",['MatureGame'],False
6,2025-04-07 20:19,JujubaNeko,pt,Sea of Thieves,[PT/BR +18] SEGUNDA DA PREGUIÇA! (XBOX SERIES S) - Código Epic JUJUBANEKO !cmds,"['Anime', 'MãeGamer', 'Brasil', 'Português', 'XboxSeriesS', 'PvP', 'Multiplayer', 'PvE', 'Aventura', 'Cooperativo']",['ProfanityVulgarity'],False
6,2025-04-07 20:19,DanriqueTW,pt,Minecraft,VIREI EMPRESÁRIO + DESAFIO AO SURGE! !host !cobblemon,['Português'],[],False
7,2025-04-07 20:29,ocontagia,pt,Gartic Phone,PALHAÇO CONTAGIA e sua live de segunda... PALHAÇO PICAÇO e seus aprendizes !comandos,"['lol', 'tft', 'alegria', 'portugues', 'YoDa', 'Brino', 'palhaco', 'Português']",[],False
7,2025-04-07 20:29,giovanewonka,pt,League of Legends,capitao nao aguento mais essa semana (segunda-feira) |❗sub ❗sr ❗donate ❗sorteio ❗clip ❗comandos,"['lgbt', 'gay', 'qiyana', 'vex', 'emo', 'Português', 'gaymer', 'SafeSpace']",[],False
7,2025-04-07 20:29,BrunoBalloni,pt,Counter-Strike,🟢HOJE TEM SORTEIO DOS SUBS! -> ❗csgocases ❗regraloja❗farm ❗sub ❗msg ❗loja,"['Português', 'fps', 'Brasil', 'counterstrike', 'cs', 'cs2', 'brazil']",['MatureGame'],False
7,2025-04-07 20:29,iMartynFox,pt,League of Legends,"✨SUBATHON DAY 3✨ Bits, subs e donate aumetam o tempo ❗REGRAS | #OverwatchCreator #OW2Brasil | CÓDIGO DE CRIADOR EPIC GAMES @iMARTYNFOX",['Português'],[],True
7,2025-04-07 20:29,iShadowWolf_,pt,Fall Guys,(+18) Livezinha Muito Doida!   ||   (❗comandos ❗metas ❗drops)   ||   (Epic Code: SHADOWOLF),['Português'],[],False
7,2025-04-07 20:29,simoesgm,pt,Fortnite,(DROPS ON)  EMOTE GRATIS / JOGANDO COM A GALERA !PIX !drop,"['Português', 'DropsAtivados']",[],False
7,2025-04-07 20:29,Fael_hunterz,pt,DayZ,[Greenville][DayZ] E a saga continua !!!!!! 💥 #EXITLAG 💥ATÉ 50% OFF* ❗EXIT ❗PIX ❗GV,"['Português', 'RP', 'Rpleplay', 'DayZ', 'DAYZSURVIVAL', 'DayzCheranus', 'greenville', 'SurvivaI', 'coderp', 'code']",['MatureGame'],False
7,2025-04-07 20:29,PedroDoom157,pt,Grand Theft Auto V,+18 - COMPLEXO - 02 DA M3L!C14 - TUDO CERTO PARA DAR ERRADO ! DOR DE DENTE DA P#%@@ !!,['Português'],['MatureGame'],True
7,2025-04-07 20:29,matheusbezerra_,pt,Rust,🔥UMA QUESTÃO DE SOBREVIVÊNCIA!🔥 SURPRESA IMPRESSIONANTE! CONSEGUIMOS NOS MANTER? :O  >>!lojinha !sorteio,"['bezerra', 'sorteio', 'arma', 'tiro', 'jogo', 'militar', 'Português', 'GTARP', 'fivem', 'gtaroleplay']",['MatureGame'],False
8,2025-04-07 20:36,ocontagia,pt,Gartic Phone,PALHAÇO CONTAGIA e sua live de segunda... PALHAÇO PICAÇO e seus aprendizes !comandos,"['lol', 'tft', 'alegria', 'portugues', 'YoDa', 'Brino', 'palhaco', 'Português']",[],False
8,2025-04-07 20:36,sabrinoca,pt,Split Fiction,SUBATHON + NOITE DE CRIMES !odyssey !odysseycup !subathon,"['Português', 'MãeDePrimeiraViagem', 'BaratinhaDeFogão', 'Concubina', 'Melões', 'MulherDePreso', 'LeagueofLegends', 'Aliada', 'GíriasRegionais', 'Simples']",[],True
8,2025-04-07 20:36,iMartynFox,pt,League of Legends,"✨SUBATHON DAY 3✨ Bits, subs e donate aumetam o tempo ❗REGRAS | #OverwatchCreator #OW2Brasil | CÓDIGO DE CRIADOR EPIC GAMES @iMARTYNFOX",['Português'],[],True
8,2025-04-07 20:37,BrunoBalloni,pt,Counter-Strike,🟢HOJE TEM SORTEIO DOS SUBS! -> ❗csgocases ❗regraloja❗farm ❗sub ❗msg ❗loja,"['Português', 'fps', 'Brasil', 'counterstrike', 'cs', 'cs2', 'brazil']",['MatureGame'],False
8,2025-04-07 20:37,iShadowWolf_,pt,Fall Guys,(+18) Livezinha Muito Doida!   ||   (❗comandos ❗metas ❗drops)   ||   (Epic Code: SHADOWOLF),['Português'],[],False
8,2025-04-07 20:37,barr4k,pt,Counter-Strike,"🟢 !PLAY = R$250,00 SORTEIOS TODA PARTIDA -> !ASTRO COMPRE E VENDA SKINS","['Português', 'Compre', 'Na', 'Zenith', 'Clothing']",['MatureGame'],True
8,2025-04-07 20:37,LUCAS1,pt,Counter-Strike,🟢 #1 Q u é O t a? !csgoskins !raingg !VIDEONOVO,['Português'],['MatureGame'],False
8,2025-04-07 20:37,deercheerup,pt,Just Chatting,Reacts e Sorteio Semanal CSGOBIG !SR ON [!csgobig !pix !sorteios !video !pdf],"['Português', 'Reposição']",[],False
8,2025-04-07 20:37,XAROLA_,pt,VALORANT,RANKEDS RUMO AO TOP 1 (DIA 2) || UNCHARTED 3 MAIS TARDE ||  !LOCO !INSTA !FURIA || SIGA O KING -> @xarola_,"['humor', 'nordeste', 'yoru', 'lindo', 'Português', 'calvo']",[],False
9,2025-04-08 00:01,exexeboy,pt,Overwatch 2,bits? 🙌 sub? 🙌 lurk? 🙌 (me ajuda na meta por favorzinho),"['Portuguese', 'Português']",[],False
9,2025-04-08 00:01,iShadowWolf_,pt,Fortnite,(+18) Livezinha Muito Doida!   ||   (❗comandos ❗metas ❗drops)   ||   (Epic Code: SHADOWOLF),"['Português', 'DropsAtivados']",[],False
9,2025-04-08 00:01,oimille,pt,Fortnite,"[DROPS ON] GESTO GRÁTIS DO FORTNITE, VEM GARANTIR O SEU! - ❗JOGAR  ❗NICK ❗PRESENTE❗PRIME ❗PIX ❗INSTA ❗DISCORD","['Português', 'fornite', 'fortnitebrasil', 'garotagamer', 'Brasil', 'fortnitegaminglive']",[],True
9,2025-04-08 00:01,enriquemachado_,pt,The Last of Us Part II: Remastered,🟢 #4 THE LAST OF US NO PC!!🟢 SORTEIO DE 4 FACAS >❗ Sorteio  ❗topskin ❗loja ❗csgobig  ❗insane  ❗suaskin +18,['Português'],['MatureGame'],False
9,2025-04-08 00:01,Bkinho,pt,Grand Theft Auto V,LANÇAMENTO OFICIAL DO HYPE! BROOTA,"['Português', 'Turquia', 'Hype', 'Bkinho']",['MatureGame'],False
9,2025-04-08 00:01,KamiKat,pt,League of Legends,LEAGUE OF LEGENDS BR CHALLENGER - !pix !elo !pro !runa,"['Português', 'LGBT', 'gaymer', 'Gay', 'Aposentado', 'leagueoflegends', 'twinkativo', 'Smolder']",[],False
9,2025-04-08 00:02,renatonerdola,pt,Just Chatting,FIRMES,"['conversa', 'casual', 'Português', 'react', 'Reações', 'game', 'drops', 'gameplay', 'GameplayandChatting']",[],False
9,2025-04-08 00:02,GuiiOficiall,pt,Red Dead Redemption 2,ENTREGA DE META! 500K LIMPO! !pc !dc !livepix,"['Português', 'GuiiOficiall', 'metropole', 'gta']","['MatureGame', 'ProfanityVulgarity']",False
9,2025-04-08 00:02,ManoJesley,pt,ROBLOX,jogando JOGOS DE TERROR do Roblox com vocês!,"['Português', 'jogo', 'humor', 'game', 'terror', 'horrorgame', 'horror', 'roblox', 'robloxhorror', 'repo']",[],False
10,2025-04-08 00:10,exexeboy,pt,Overwatch 2,bits? 🙌 sub? 🙌 lurk? 🙌 (me ajuda na meta por favorzinho),"['Portuguese', 'Português']",[],False
10,2025-04-08 00:10,iShadowWolf_,pt,Fortnite,(+18) Livezinha Muito Doida!   ||   (❗comandos ❗metas ❗drops)   ||   (Epic Code: SHADOWOLF),"['Português', 'DropsAtivados']",[],False
10,2025-04-08 00:10,enriquemachado_,pt,The Last of Us Part II: Remastered,🟢 #4 THE LAST OF US NO PC!!🟢 SORTEIO DE 4 FACAS >❗ Sorteio  ❗topskin ❗loja ❗csgobig  ❗insane  ❗suaskin +18,['Português'],['MatureGame'],False
10,2025-04-08 00:10,BrunoBalloni,pt,Project Zomboid,🔴RERUN!!!  -> ❗csgocases ❗regraloja❗farm ❗sub ❗msg ❗loja,"['Português', 'fps', 'Brasil', 'counterstrike', 'cs', 'cs2', 'brazil']",[],False
10,2025-04-08 00:10,KamiKat,pt,League of Legends,LEAGUE OF LEGENDS BR CHALLENGER - !pix !elo !pro !runa,"['Português', 'LGBT', 'gaymer', 'Gay', 'Aposentado', 'leagueoflegends', 'twinkativo', 'Smolder']",[],False
10,2025-04-08 00:10,HWmalk,pt,Path of Exile 2,Monge-de-Gelow 🥶 !drop,"['Português', 'AMA', 'Brasil', 'RPG', 'música', 'Conversação', 'RockRoll', 'Ansiedade', 'Interativo', 'DropsAtivados']",['MatureGame'],False
10,2025-04-08 00:10,Paschoalin,pt,Overwatch 2,SEGUNDA BRABA | ❗sr ❗sociais ❗pix,"['Português', 'Español', 'Maromba', 'Bigode', 'vasco', 'indie', 'Brasil', 'English', 'Portugal', 'Coop']",['ProfanityVulgarity'],False
10,2025-04-08 00:10,LariCogumela,pt,Dead by Daylight,DROPS ON °⋆ últimas horinhas de subathonn ࿔*,"['Português', 'GostosasQueJogam', 'AdaWongP100', 'TDAH', 'JogandoComEspectadores', 'LegendaryWomen', 'IntoTheFog', 'DropsAtivados']",['MatureGame'],False
10,2025-04-08 00:10,DrarkoN_GM,pt,Marvel Rivals,Drops On! Marvel Rivals e Overwatch (Main Winter Soldier! Confia!) @raiderscompany,"['RPG', 'MMORPG', 'rpgdemesa', 'InterpretaçãoPersonagens', 'DD5e', 'Retro', 'PokemonCommunity', 'soulslike', 'eldenring', 'Heroshooter']",[],False
11,2025-04-08 00:20,exexeboy,pt,Overwatch 2,bits? 🙌 sub? 🙌 lurk? 🙌 (me ajuda na meta por favorzinho),"['Portuguese', 'Português']",[],False
11,2025-04-08 00:20,iShadowWolf_,pt,Fortnite,(+18) Livezinha Muito Doida!   ||   (❗comandos ❗metas ❗drops)   ||   (Epic Code: SHADOWOLF),"['Português', 'DropsAtivados']",[],False
11,2025-04-08 00:20,oimille,pt,Fortnite,"[DROPS ON] GESTO GRÁTIS DO FORTNITE, VEM GARANTIR O SEU! - ❗JOGAR  ❗NICK ❗PRESENTE❗PRIME ❗PIX ❗INSTA ❗DISCORD","['Português', 'fornite', 'fortnitebrasil', 'garotagamer', 'Brasil', 'fortnitegaminglive']",[],True
11,2025-04-08 00:20,enriquemachado_,pt,Counter-Strike,🟢 #4 THE LAST OF US NO PC!!🟢 SORTEIO DE 4 FACAS >❗ Sorteio  ❗topskin ❗loja ❗csgobig  ❗insane  ❗suaskin +18,['Português'],['MatureGame'],False
11,2025-04-08 00:20,BrunoBalloni,pt,Project Zomboid,🔴RERUN!!!  -> ❗csgocases ❗regraloja❗farm ❗sub ❗msg ❗loja,"['Português', 'fps', 'Brasil', 'counterstrike', 'cs', 'cs2', 'brazil']",[],False
11,2025-04-08 00:21,KamiKat,pt,League of Legends,LEAGUE OF LEGENDS BR CHALLENGER - !pix !elo !pro !runa,"['Português', 'LGBT', 'gaymer', 'Gay', 'Aposentado', 'leagueoflegends', 'twinkativo', 'Smolder']",[],False
11,2025-04-08 00:21,Peu_MC,pt,EA Sports FC 25,segundaaaa !roblox !coins !trade,"['batalha', 'batalhaderima', 'BATALHADAALDEIA', 'Rap', 'fifa', 'ultimateteam', 'Futebol', 'Português', 'EASPORTSFIFA', 'eafc25']",[],False
11,2025-04-08 00:21,fifenzo_,pt,EA Sports FC 25,Henry 95 e Ginola 94 na WL !Cliente 5 WL Conta de cliente + packs + resenha + cassino! !Curso !Coins !Coach !Tatica !Rainbet,"['Português', 'fifenzo']",[],False
11,2025-04-08 00:21,JotaJogadasTV,pt,NBA 2K25,MyCAREER em 2003 - !resumo !subpix,"['Português', 'Esportes', 'gameplay', 'Futebol', 'NBA', 'react', 'DropsAtivados']",[],False
12,2025-04-08 00:27,exexeboy,pt,Overwatch 2,bits? 🙌 sub? 🙌 lurk? 🙌 (me ajuda na meta por favorzinho),"['Portuguese', 'Português']",[],False
12,2025-04-08 00:27,iShadowWolf_,pt,Fortnite,(+18) Livezinha Muito Doida!   ||   (❗comandos ❗metas ❗drops)   ||   (Epic Code: SHADOWOLF),"['Português', 'DropsAtivados']",[],False
12,2025-04-08 00:27,oimille,pt,Fortnite,"[DROPS ON] GESTO GRÁTIS DO FORTNITE, VEM GARANTIR O SEU! - ❗JOGAR  ❗NICK ❗PRESENTE❗PRIME ❗PIX ❗INSTA ❗DISCORD","['Português', 'fornite', 'fortnitebrasil', 'garotagamer', 'Brasil', 'fortnitegaminglive']",[],True
12,2025-04-08 00:27,enriquemachado_,pt,Counter-Strike,🟢 #4 THE LAST OF US NO PC!!🟢 SORTEIO DE 4 FACAS >❗ Sorteio  ❗topskin ❗loja ❗csgobig  ❗insane  ❗suaskin +18,['Português'],['MatureGame'],False
12,2025-04-08 00:27,BrunoBalloni,pt,Project Zomboid,🔴RERUN!!!  -> ❗csgocases ❗regraloja❗farm ❗sub ❗msg ❗loja,"['Português', 'fps', 'Brasil', 'counterstrike', 'cs', 'cs2', 'brazil']",[],False
12,2025-04-08 00:28,KamiKat,pt,League of Legends,LEAGUE OF LEGENDS BR CHALLENGER - !pix !elo !pro !runa,"['Português', 'LGBT', 'gaymer', 'Gay', 'Aposentado', 'leagueoflegends', 'twinkativo', 'Smolder']",[],False
12,2025-04-08 00:28,pesafps,pt,Counter-Strike,🟢 cs ft @boltz @fer !clashgg !csgoskins !raingg !skinplace !livepix,['Português'],['MatureGame'],False
12,2025-04-08 00:28,taruhgg,pt,Counter-Strike,"Mouse NOVO, PREMIER RUMO aos 30K ❗curso ❗csgobig ❗neshastore ❗skinclub",['Português'],['MatureGame'],False
12,2025-04-08 00:28,will1zeraTV,pt,Counter-Strike,AO VIVO 3XTOP1 JOGANDO LOBBY GC   !projetinho !fallen !grupo,['Português'],['MatureGame'],False
13,2025-04-08 04:01,exexeboy,pt,Overwatch 2,bits? 🙌 sub? 🙌 lurk? 🙌 (me ajuda na meta por favorzinho),"['Portuguese', 'Português']",[],False
13,2025-04-08 04:01,iShadowWolf_,pt,Fortnite,(+18) Livezinha Muito Doida!   ||   (❗comandos ❗metas ❗drops)   ||   (Epic Code: SHADOWOLF),['Português'],[],False
13,2025-04-08 04:01,sabrinoca,pt,Teamfight Tactics,SUBATHON + NOITE DE CRIMES !odyssey !odysseycup !subathon,"['Português', 'MãeDePrimeiraViagem', 'BaratinhaDeFogão', 'Concubina', 'Melões', 'MulherDePreso', 'LeagueofLegends', 'Aliada', 'GíriasRegionais', 'Simples']",[],True
13,2025-04-08 04:01,EiMine77,pt,Minecraft,✅ RECOMPENSAS ON! | ⭐ SEJA RÁPIDO E GANHE UMA CAPA DE GRAÇA: !CAPA | 💘 INSTAGRAM: @EIMINE77 | !ajuda !rerun !sub !subgratis !loja,"['Minecraft', 'EiMine', 'Português']",[],False
13,2025-04-08 04:01,loud_coringa,pt,Just Chatting,LIVE 7 DIAS - DIA 2,['Português'],[],False
13,2025-04-08 04:01,fevetz,pt,VALORANT,VETERINARIO VOLTANDO PRO RADIANTE TOP 62  TRYHARD !GRUPOSUB !PIX,['Português'],[],False
13,2025-04-08 04:02,MatutosGaming,pt,Fortnite,[+18] LIVE para quem não dorme🌙 Madrugada com os Matutos 🔥NOS AJUDE A BATER AS METAS ❗Rifa ❗️pix ou ❗️donate Através do Paypal ✨ | ❗️jogar,"['BRASIL', 'JOGANDOCOMVIEWS', 'fortnitetrocacao', 'marvelrivals', 'NordesteGamer', 'LGBTQGamer', 'HumorNoGame', 'PS5', 'ZeroBuild', 'LGBTQGamers']",[],False
13,2025-04-08 04:02,LadyMohigan,pt,Dead by Daylight,Vermelhou o curral.... Blood Moon no DBD,"['DeadByDayligh', 'DBD', 'AMA', 'WomanGamer', 'Português', 'DropsAtivados']","['MatureGame', 'ProfanityVulgarity', 'ViolentGraphic']",False
13,2025-04-08 04:02,MichelNishino_YT,pt,Dead by Daylight,Tokyo Ghoul está entre nós 😉 06/04/2025,"['Brasil', 'Português', 'dbd', 'dbdsurvivor', 'DBDStreamer', 'deadbydaylight', 'souzasoul', 'IntoTheFog', 'BehaviorInteractive', 'holidayhoopla']",['MatureGame'],False
14,2025-04-08 04:11,exexeboy,pt,Overwatch 2,bits? 🙌 sub? 🙌 lurk? 🙌 (me ajuda na meta por favorzinho),"['Portuguese', 'Português']",[],False
14,2025-04-08 04:11,sabrinoca,pt,Teamfight Tactics,SUBATHON + NOITE DE CRIMES !odyssey !odysseycup !subathon,"['Português', 'MãeDePrimeiraViagem', 'BaratinhaDeFogão', 'Concubina', 'Melões', 'MulherDePreso', 'LeagueofLegends', 'Aliada', 'GíriasRegionais', 'Simples']",[],True
14,2025-04-08 04:11,EiMine77,pt,Minecraft,✅ RECOMPENSAS ON! | ⭐ SEJA RÁPIDO E GANHE UMA CAPA DE GRAÇA: !CAPA | 💘 INSTAGRAM: @EIMINE77 | !ajuda !rerun !sub !subgratis !loja,"['Minecraft', 'EiMine', 'Português']",[],False
14,2025-04-08 04:11,BrunoBalloni,pt,Project Zomboid,🔴RERUN!!!  -> ❗csgocases ❗regraloja❗farm ❗sub ❗msg ❗loja,"['Português', 'fps', 'Brasil', 'counterstrike', 'cs', 'cs2', 'brazil']",[],False
14,2025-04-08 04:11,loud_coringa,pt,Just Chatting,LIVE 7 DIAS - DIA 2,['Português'],[],False
14,2025-04-08 04:11,MajinOW2,pt,Stardew Valley,🟢 atrasei um pouquinho hj hihi >/////<,"['Português', 'Overｗatch2', 'Overwatch', 'Ana', 'Reinhardt', 'Lucio', 'Bastion']",[],False
14,2025-04-08 04:11,ClovaoBengala,pt,League of Legends,la gemplaya !loco !rag !pw !pix !ad !social,"['Português', 'League', 'leagueoflegeneds', 'lol', 'jogos']",[],True
14,2025-04-08 04:11,yulla,pt,Hunter X Hunter: Wonder Adventure,MIBR Yulla 😈 | HUNTER X HUNTER DE CRIA | !sociais !pix !react !vods !filmaços,['Português'],[],False
14,2025-04-08 04:11,Baiano,pt,League of Legends,🔴 LTA Sul - VKS x FXW7 🔴 🌴 Hoje: LPL às 06:00 !grupo !bb [RETRANSMISSÃO] !status !kbmidl,['Português'],[],False
15,2025-04-08 04:19,exexeboy,pt,Overwatch 2,bits? 🙌 sub? 🙌 lurk? 🙌 (me ajuda na meta por favorzinho),"['Portuguese', 'Português']",[],False
15,2025-04-08 04:19,sabrinoca,pt,Teamfight Tactics,SUBATHON + NOITE DE CRIMES !odyssey !odysseycup !subathon,"['Português', 'MãeDePrimeiraViagem', 'BaratinhaDeFogão', 'Concubina', 'Melões', 'MulherDePreso', 'LeagueofLegends', 'Aliada', 'GíriasRegionais', 'Simples']",[],True
15,2025-04-08 04:19,EiMine77,pt,Minecraft,✅ RECOMPENSAS ON! | ⭐ SEJA RÁPIDO E GANHE UMA CAPA DE GRAÇA: !CAPA | 💘 INSTAGRAM: @EIMINE77 | !ajuda !rerun !sub !subgratis !loja,"['Minecraft', 'EiMine', 'Português']",[],False
15,2025-04-08 04:19,BrunoBalloni,pt,Project Zomboid,🔴RERUN!!!  -> ❗csgocases ❗regraloja❗farm ❗sub ❗msg ❗loja,"['Português', 'fps', 'Brasil', 'counterstrike', 'cs', 'cs2', 'brazil']",[],False
15,2025-04-08 04:19,loud_coringa,pt,Just Chatting,LIVE 7 DIAS - DIA 2,['Português'],[],False
15,2025-04-08 04:20,jaimeleef,pt,Marvel Rivals,Jogando casual com o chat,"['Português', 'Anime']",[],False
15,2025-04-08 04:20,LipinhOr,pt,60 Seconds! Reatomized,SEXTA-FEIRA SERÁ NOSSA LIVE INFINITA!!! | ❗Eneba,"['Português', 'gta', 'roleplay']",[],False
15,2025-04-08 04:20,rshuugo,pt,Minecraft,live de 23+1 hora... !pix !discord,"['Português', 'games', 'gamer', 'Inglês', 'Fortnite', 'battleroyal', 'overwatch2', 'Competitivo', 'MineCorrompidos']",['ViolentGraphic'],False
15,2025-04-08 04:20,EiMine24h,pt,Minecraft,✅ RECOMPENSAS ON! | ⭐ SEJA RÁPIDO E GANHE UMA CAPA DE GRAÇA: !CAPA | 💘 INSTAGRAM: @EIMINE77 | !ajuda !rerun !subgratis !loja,"['Português', 'Minecraft', 'EiMine']",[],False
16,2025-04-08 04:27,ZAKl1k,pt,Minecraft,🟢 MINECRAFT | ⭐ GANHE ASSISTINDO | 🌟 REESTOQUE DIA 10 ou 16 às 18h | !loja !points !prime !sub,"['Português', 'Minecraft']",[],False
16,2025-04-08 04:27,jaimeleef,pt,Marvel Rivals,Jogando casual com o chat,"['Português', 'Anime']",[],False
16,2025-04-08 04:27,exexeboy,pt,Overwatch 2,bits? 🙌 sub? 🙌 lurk? 🙌 (me ajuda na meta por favorzinho),"['Portuguese', 'Português']",[],False
16,2025-04-08 04:27,MajinOW2,pt,Stardew Valley,🟢 atrasei um pouquinho hj hihi >/////<,"['Português', 'Overｗatch2', 'Overwatch', 'Ana', 'Reinhardt', 'Lucio', 'Bastion']",[],False
16,2025-04-08 04:27,EiMine77,pt,Minecraft,✅ RECOMPENSAS ON! | ⭐ SEJA RÁPIDO E GANHE UMA CAPA DE GRAÇA: !CAPA | 💘 INSTAGRAM: @EIMINE77 | !ajuda !rerun !sub !subgratis !loja,"['Minecraft', 'EiMine', 'Português']",[],False
16,2025-04-08 04:27,GUU_YT,pt,Fortnite,DROP GESTO GRATIS AQUI !DROP E VEJA TUDO CERTINHO FREE  FORTNITE ITENS GRATIS de MORTAL KOMBAT ITENS FORTNITE( APOIE GUU NA LOJA ),"['Fortnite', 'lojadehojefortnite', 'Apoieumcriador', 'JOGOFORTNITE', 'VbucksGrátis', 'gratisvbucks', 'LOJADEITENS', 'Português', 'dropsfortnite']",[],False
16,2025-04-08 04:27,Gaules,pt,Counter-Strike,Dia 3 Furia Pain e Legacy PGL Bucharest 2025 - !socio - Siga @Gaules nas redes sociais!,['Português'],['MatureGame'],True
16,2025-04-08 04:27,donkgord0,pt,Counter-Strike,🕺🏻💪🏻😎🦜+18 LOBBYZADA GAMERSCLUB ❗RAINGG  🤪 !!❗neshastore  ❗gamearena❗csgoskins,"['CSGO', 'FPS', 'GAMERSCLUB', 'GC', 'LVL20', 'Português', 'lol', 'leagueoflegends', 'moba']",['MatureGame'],False
16,2025-04-08 04:27,arch1vesfps,pt,Counter-Strike,🔥 TOP 1 MUNDIAL CS RANK 30K+ LEVEL 21 GC ( ͡° ͜ʖ ͡°) 🛒RERUN ➡️ !loja !config !mira !sorteio,"['en', 'pt', 'gamersclub', 'faceit', 'premier', 'pix', 'Português']",['MatureGame'],False
17,2025-04-08 04:37,exexeboy,pt,Overwatch 2,bits? 🙌 sub? 🙌 lurk? 🙌 (me ajuda na meta por favorzinho),"['Portuguese', 'Português']",[],False
17,2025-04-08 04:37,EiMine77,pt,Minecraft,✅ RECOMPENSAS ON! | ⭐ SEJA RÁPIDO E GANHE UMA CAPA DE GRAÇA: !CAPA | 💘 INSTAGRAM: @EIMINE77 | !ajuda !rerun !sub !subgratis !loja,"['Minecraft', 'EiMine', 'Português']",[],False
17,2025-04-08 04:37,sabrinoca,pt,Teamfight Tactics,SUBATHON + NOITE DE CRIMES !odyssey !odysseycup !subathon,"['Português', 'MãeDePrimeiraViagem', 'BaratinhaDeFogão', 'Concubina', 'Melões', 'MulherDePreso', 'LeagueofLegends', 'Aliada', 'GíriasRegionais', 'Simples']",[],True
17,2025-04-08 04:37,BrunoBalloni,pt,Project Zomboid,🔴RERUN!!!  -> ❗csgocases ❗regraloja❗farm ❗sub ❗msg ❗loja,"['Português', 'fps', 'Brasil', 'counterstrike', 'cs', 'cs2', 'brazil']",[],False
17,2025-04-08 04:37,loud_coringa,pt,Just Chatting,LIVE 7 DIAS - DIA 2,['Português'],[],False
17,2025-04-08 04:37,fevetz,pt,VALORANT,VETERINARIO VOLTANDO PRO RADIANTE TOP 62  TRYHARD !GRUPOSUB !PIX,['Português'],[],False
17,2025-04-08 04:37,bombombela,pt,League of Legends,+18🔞[LOL] Papinho e ARAM😴 ❗pix❗gf ❗sub ❗insta ❗youtube ❗BA ❗+18 ❗LOL ❗Valorant  ❗patrocinador,['Português'],['ProfanityVulgarity'],True
17,2025-04-08 04:37,LipinhOr,pt,60 Seconds! Reatomized,SEXTA-FEIRA SERÁ NOSSA LIVE INFINITA!!! | ❗Eneba,"['Português', 'gta', 'roleplay']",[],False
17,2025-04-08 04:37,alinengamer,pt,Grand Theft Auto V,"[+18]   Let's Goo ,  Grand Theft Auto V-CAPITAL CITY  [-CAPITAL CITY -]","['GTA', 'paulinhooloko', 'Português', 'RedDead2', 'Modohistoria', 'capitalcity', 'RepublicaRj', 'fortnite', 'GTARP']",['MatureGame'],False
18,2025-04-08 08:01,LhamaInPijamas,pt,Marvel Rivals,ESTMOS DE VOLTA NA GRIND! !pix !elomarvel !discord,"['rpg', 'casual', 'Português', 'marvelrivals', 'rivals', 'marvelrival']",[],False
18,2025-04-08 08:01,EiMine77,pt,Minecraft,✅ RECOMPENSAS ON! | ⭐ SEJA RÁPIDO E GANHE UMA CAPA DE GRAÇA: !CAPA | 💘 INSTAGRAM: @EIMINE77 | !ajuda !rerun !sub !subgratis !loja,"['Minecraft', 'EiMine', 'Português']",[],False
18,2025-04-08 08:01,BrunoBalloni,pt,Project Zomboid,🔴RERUN!!!  -> ❗csgocases ❗regraloja❗farm ❗sub ❗msg ❗loja,"['Português', 'fps', 'Brasil', 'counterstrike', 'cs', 'cs2', 'brazil']",[],False
18,2025-04-08 08:01,loud_coringa,pt,Just Chatting,LIVE 7 DIAS - DIA 2,['Português'],[],False
18,2025-04-08 08:01,Xerekiss,pt,Fortnite,🔥ATUALIZAÇÃO🔥SABRINA CARPENTER NO FORTNELSON! | LOJINHA RENOVADA (❗loja) | CODE: XEREKISS #ad,"['Português', 'Brasil', 'fps', 'Fortnite', 'Portugal', 'battleroyale']",[],False
18,2025-04-08 08:01,LYRAFPS,pt,Counter-Strike,Rumo ao 21 - @gamersclubcs ❗COMANDOS!,"['Português', 'gamestreaming', 'counterstrike2', 'CS2', 'gamersclub']",['MatureGame'],False
18,2025-04-08 08:01,joaozin,pt,VALORANT,SUBATHON INFINITO DO TOP 1 |  JA SE FORAM 40 HORAS DE LIVE SEM DORMIR  | !tabela !pix,"['Português', 'English']",[],False
18,2025-04-08 08:02,1BladeZ,pt,Just Chatting,"SUBATHON, CAREQUINHA & RADIANTE || THE ROCK || ❗ONLYPADS - ❗MIBR - ❗FRAMEX - ❗PIX","['Português', 'FPS', 'Radiante', 'Ranked', 'TheRock']",[],False
18,2025-04-08 08:02,rdoofps,pt,VALORANT,SUBATHON BENEFICENTES PASCOA SOLIDARIA DIA 2 // !PASCOA !cassino !namoro !natal,['Português'],[],False
19,2025-04-08 08:10,LhamaInPijamas,pt,Marvel Rivals,ESTMOS DE VOLTA NA GRIND! !pix !elomarvel !discord,"['rpg', 'casual', 'Português', 'marvelrivals', 'rivals', 'marvelrival']",[],False
19,2025-04-08 08:10,EiMine77,pt,Minecraft,✅ RECOMPENSAS ON! | ⭐ SEJA RÁPIDO E GANHE UMA CAPA DE GRAÇA: !CAPA | 💘 INSTAGRAM: @EIMINE77 | !ajuda !rerun !sub !subgratis !loja,"['Minecraft', 'EiMine', 'Português']",[],False
19,2025-04-08 08:10,BrunoBalloni,pt,Project Zomboid,🔴RERUN!!!  -> ❗csgocases ❗regraloja❗farm ❗sub ❗msg ❗loja,"['Português', 'fps', 'Brasil', 'counterstrike', 'cs', 'cs2', 'brazil']",[],False
19,2025-04-08 08:10,loud_coringa,pt,Just Chatting,LIVE 7 DIAS - DIA 2,['Português'],[],False
19,2025-04-08 08:10,Xerekiss,pt,Fortnite,🔥ATUALIZAÇÃO🔥SABRINA CARPENTER NO FORTNELSON! | LOJINHA RENOVADA (❗loja) | CODE: XEREKISS #ad,"['Português', 'Brasil', 'fps', 'Fortnite', 'Portugal', 'battleroyale']",[],False
19,2025-04-08 08:10,Gaules,pt,Counter-Strike,Dia 3 Furia Pain e Legacy PGL Bucharest 2025 - !socio - Siga @Gaules nas redes sociais!,['Português'],['MatureGame'],True
19,2025-04-08 08:10,danizinhah_,pt,Fortnite,ATUALIZAÇÃO ✨ SABRINA CARPENTER CHEGOU NO FORTNITE,"['Português', 'drops', 'DropsEnable']",[],False
19,2025-04-08 08:10,medbia_,pt,Fortnite,Médica no fortnelson? [DROPS ON] USE CODE MEDBIA // JOGANDO COM CHAT S2,"['FortniteGirl', 'Fortnite', 'FortniteBrasil', 'reload', 'trocação', 'dropson', 'Português', 'jogandocomchat']",[],False
19,2025-04-08 08:10,cisinha,pt,VALORANT,bom dia nenes,['Português'],['ProfanityVulgarity'],False
20,2025-04-08 08:19,maahmurollo,pt,Fortnite,NOVA ATUALIZAÇÃO  Sabrina Carpenter 🔥❗JOGAR ❗LOJA    MUROLLO #ad,"['gamer', 'Português', 'Fortnite', 'ZeroBuild', 'battleroyale', 'Reposição']",[],True
20,2025-04-08 08:20,LhamaInPijamas,pt,Marvel Rivals,ESTMOS DE VOLTA NA GRIND! !pix !elomarvel !discord,"['rpg', 'casual', 'Português', 'marvelrivals', 'rivals', 'marvelrival']",[],False
20,2025-04-08 08:20,Xerekiss,pt,Fortnite,🔥ATUALIZAÇÃO🔥SABRINA CARPENTER NO FORTNELSON! | LOJINHA RENOVADA (❗loja) | CODE: XEREKISS #ad,"['Português', 'Brasil', 'fps', 'Fortnite', 'Portugal', 'battleroyale']",[],False
20,2025-04-08 08:20,EiMine77,pt,Minecraft,✅ RECOMPENSAS ON! | ⭐ SEJA RÁPIDO E GANHE UMA CAPA DE GRAÇA: !CAPA | 💘 INSTAGRAM: @EIMINE77 | !ajuda !rerun !sub !subgratis !loja,"['Minecraft', 'EiMine', 'Português']",[],False
20,2025-04-08 08:20,BrunoBalloni,pt,Project Zomboid,🔴RERUN!!!  -> ❗csgocases ❗regraloja❗farm ❗sub ❗msg ❗loja,"['Português', 'fps', 'Brasil', 'counterstrike', 'cs', 'cs2', 'brazil']",[],False
20,2025-04-08 08:20,loud_coringa,pt,Just Chatting,LIVE 7 DIAS - DIA 2,['Português'],[],False
20,2025-04-08 08:20,YoDa,pt,League of Legends,DIA 10 - YO VOICE OPERACAO LOL 2 START 400 PDL -,['Português'],[],False
20,2025-04-08 08:20,ale_apoka,pt,Kings League,AO VIVO: CENTRAL KINGS LEAGUE - ANDREAS MONITORAMENTO!keydrop !pirate - Me siga @ale_apoka,"['tribo', 'Português']",[],False
20,2025-04-08 08:20,k13tv,pt,Dota 2,DIDATICA + ROAD TO 12K🏝️ !LOJA 🔥  obg g4tts rampage zerbini,"['Português', 'Competitivo', 'English', 'Competitive', 'Ranked', 'Coach', 'music', 'gamer', 'Esports', 'Español']",[],False
21,2025-04-08 08:29,maahmurollo,pt,Fortnite,NOVA ATUALIZAÇÃO  Sabrina Carpenter 🔥❗JOGAR ❗LOJA    MUROLLO #ad,"['gamer', 'Português', 'Fortnite', 'ZeroBuild', 'battleroyale', 'Reposição']",[],True
21,2025-04-08 08:29,LhamaInPijamas,pt,Marvel Rivals,ESTMOS DE VOLTA NA GRIND! !pix !elomarvel !discord,"['rpg', 'casual', 'Português', 'marvelrivals', 'rivals', 'marvelrival']",[],False
21,2025-04-08 08:29,EiMine77,pt,Minecraft,✅ RECOMPENSAS ON! | ⭐ SEJA RÁPIDO E GANHE UMA CAPA DE GRAÇA: !CAPA | 💘 INSTAGRAM: @EIMINE77 | !ajuda !rerun !sub !subgratis !loja,"['Minecraft', 'EiMine', 'Português']",[],False
21,2025-04-08 08:29,Xerekiss,pt,Fortnite,🔥ATUALIZAÇÃO🔥SABRINA CARPENTER NO FORTNELSON! | LOJINHA RENOVADA (❗loja) | CODE: XEREKISS #ad,"['Português', 'Brasil', 'fps', 'Fortnite', 'Portugal', 'battleroyale']",[],False
21,2025-04-08 08:29,BrunoBalloni,pt,Project Zomboid,🔴RERUN!!!  -> ❗csgocases ❗regraloja❗farm ❗sub ❗msg ❗loja,"['Português', 'fps', 'Brasil', 'counterstrike', 'cs', 'cs2', 'brazil']",[],False
21,2025-04-08 08:29,loud_coringa,pt,Just Chatting,LIVE 7 DIAS - DIA 2,['Português'],[],False
21,2025-04-08 08:29,LYRAFPS,pt,Counter-Strike,Rumo ao 21 - @gamersclubcs ❗COMANDOS!,"['Português', 'gamestreaming', 'counterstrike2', 'CS2', 'gamersclub']",['MatureGame'],False
21,2025-04-08 08:29,ferrysfps_,en,Counter-Strike,Have fun guys ^^,['English'],['MatureGame'],False
21,2025-04-08 08:29,thuggrp,pt,Just Chatting,"SÉRIEZINHA, SUBATHON!!!! RANKS E ! RESETADOS!! 1$ + 3MIN 20$ +1HR !pix !codiguin !pc","['Thug', 'Português', 'fivem', 'fivemrp', 'RP', 'GranTheftAutoV', 'ＧTA5', 'GTAⅤ']",[],False
22,2025-04-08 08:40,txgiovani10,pt,Paladins,Rerun: E A fila ta como ? (!Loja) - Paladins,['Português'],[],False
22,2025-04-08 08:40,maahmurollo,pt,Fortnite,NOVA ATUALIZAÇÃO  Sabrina Carpenter 🔥❗JOGAR ❗LOJA    MUROLLO #ad,"['gamer', 'Português', 'Fortnite', 'ZeroBuild', 'battleroyale', 'Reposição']",[],True
22,2025-04-08 08:40,Ferthel,pt,Minecraft,|| 1.21.4 - HardCore 2.1 || 1403+Dias || O q farems hoje?,"['MinecraftJavaEditon', 'minecrafthardcore', 'pngtuber', 'PNGtuberBR', '1vida', '1lifechallenge', 'hardcoreminecraftgirl', 'hardcorebuilds', 'capaminecraft', 'Português']",[],False
22,2025-04-08 08:41,LhamaInPijamas,pt,Marvel Rivals,ESTMOS DE VOLTA NA GRIND! !pix !elomarvel !discord,"['rpg', 'casual', 'Português', 'marvelrivals', 'rivals', 'marvelrival']",[],False
22,2025-04-08 08:41,loud_coringa,pt,Just Chatting,LIVE 7 DIAS - DIA 2,['Português'],[],False
22,2025-04-08 08:41,BrunoBalloni,pt,Project Zomboid,🔴RERUN!!!  -> ❗csgocases ❗regraloja❗farm ❗sub ❗msg ❗loja,"['Português', 'fps', 'Brasil', 'counterstrike', 'cs', 'cs2', 'brazil']",[],False
22,2025-04-08 08:41,LostRJJ,pt,Hidalgo,👑🟢Hidalgo🟢 👑,['Português'],[],False
22,2025-04-08 08:41,ZorahAganoke,pt,Valheim,🔥NovataON🔥 @donzeladferro [BR] Twitch/ZorahAganoke - SUBS FULL Gameplay - Rushadão e Diversão 🔞,"['diversão', 'Português', 'sobrevivencia', 'SurvivaI', 'Exploração', 'Exploration', 'sobrevicência']",[],False
22,2025-04-08 08:41,DeiwidGamer,pt,ROBLOX,Rerun: ROBLOX RIVALS | !sub !pix Siga @deiwidgamer,"['Português', 'English', 'Reposição', 'roblox']",[],False
23,2025-04-08 12:01,iMartynFox,pt,Overwatch 2,"✨DIA 4:SUBATHON✨ Bits, subs e donate aumetam o tempo ❗REGRAS | #OverwatchCreator #OW2Brasil | CÓDIGO DE CRIADOR EPIC GAMES @iMARTYNFOX",['Português'],[],True
23,2025-04-08 12:01,EiMine77,pt,Minecraft,✅ RECOMPENSAS ON! | ⭐ SEJA RÁPIDO E GANHE UMA CAPA DE GRAÇA: !CAPA | 💘 INSTAGRAM: @EIMINE77 | !ajuda !rerun !sub !subgratis !loja,"['Minecraft', 'EiMine', 'Português']",[],False
23,2025-04-08 12:01,BrunoBalloni,pt,Project Zomboid,🔴RERUN!!!  -> ❗csgocases ❗regraloja❗farm ❗sub ❗msg ❗loja,"['Português', 'fps', 'Brasil', 'counterstrike', 'cs', 'cs2', 'brazil']",[],False
23,2025-04-08 12:01,Pedro017Yt,pt,Fortnite,🍉ATUALIZAÇÃO🍉+ RESGATE SKIN ASSISTINDO A LIVE (❗loja)🍉!PIX🍉,"['Português', 'Fortnite', 'Jogandocomespectadores', 'DropsEnable']",[],False
23,2025-04-08 12:01,CORALtv_,pt,Fortnite,!SORTEIO ✨ SABRINA CARPENTER CHEGOU ✨ FARM VBUCKS ASSISTINDO A LIVE !LOJA ❤️ USE CODE: COORAL #AD ✨!PIX !RESGATE !JOGAR,"['Português', 'Fortnite', 'sorteio', 'VbucksGrátis', 'sorteios', 'vbucks', 'jogandocomespectadores']",[],False
23,2025-04-08 12:01,Gaules,pt,Counter-Strike,Dia 3 Furia Pain e Legacy PGL Bucharest 2025 - !socio - Siga @Gaules nas redes sociais!,['Português'],['MatureGame'],True
23,2025-04-08 12:01,Inefavel1,pt,League of Legends,SAGA ATÉ O TOP 1 (DIA 6/27) 887/2000K PDL  ✅🤠🕹 !projeto  !7TV -  !pix !coach !rank1 !build !comandos !duo !tierlist,"['leagueofflegends', 'LOL', 'AATROX', 'CHALLENGER', 'CAMILLE', 'Português']",[],False
23,2025-04-08 12:02,lordsemilol,pt,League of Legends,DESAFIO AO TOP 1  EM (400 GAMES)  !COACH !ANÁLISE,"['Português', 'leagueoflegends', 'jungle', 'rammus', 'monochamp']",[],False
23,2025-04-08 12:02,Loopk,pt,League of Legends,!fantasy - ciência > tryhard > climb - !tierlist - !sub,['Português'],[],False
24,2025-04-08 12:09,iMartynFox,pt,Overwatch 2,"✨DIA 4:SUBATHON✨ Bits, subs e donate aumetam o tempo ❗REGRAS | #OverwatchCreator #OW2Brasil | CÓDIGO DE CRIADOR EPIC GAMES @iMARTYNFOX",['Português'],[],True
24,2025-04-08 12:09,EiMine77,pt,Minecraft,✅ RECOMPENSAS ON! | ⭐ SEJA RÁPIDO E GANHE UMA CAPA DE GRAÇA: !CAPA | 💘 INSTAGRAM: @EIMINE77 | !ajuda !rerun !sub !subgratis !loja,"['Minecraft', 'EiMine', 'Português']",[],False
24,2025-04-08 12:09,BrunoBalloni,pt,Project Zomboid,🔴RERUN!!!  -> ❗csgocases ❗regraloja❗farm ❗sub ❗msg ❗loja,"['Português', 'fps', 'Brasil', 'counterstrike', 'cs', 'cs2', 'brazil']",[],False
24,2025-04-08 12:09,Pedro017Yt,pt,Fortnite,🍉ATUALIZAÇÃO🍉+ RESGATE SKIN ASSISTINDO A LIVE (❗loja)🍉!PIX🍉,"['Português', 'Fortnite', 'Jogandocomespectadores', 'DropsEnable']",[],False
24,2025-04-08 12:09,CORALtv_,pt,Fortnite,!SORTEIO ✨ SABRINA CARPENTER CHEGOU ✨ FARM VBUCKS ASSISTINDO A LIVE !LOJA ❤️ USE CODE: COORAL #AD ✨!PIX !RESGATE !JOGAR,"['Português', 'Fortnite', 'sorteio', 'VbucksGrátis', 'sorteios', 'vbucks', 'jogandocomespectadores']",[],False
24,2025-04-08 12:09,TcK10,pt,VALORANT,C9 TCKU MIRA ABSURDA COM NOÇÃO DE PROPLAYER?? SÃO NOVOS TEMPOS... 🏆 !SUPERBET 🏆 !GROWTH 🏆 SIGA EM @TcK10,"['melhordomundo', 'radiante', 'incrível', 'valorant', 'Português']",[],False
24,2025-04-08 12:09,geladoGMP,pt,League of Legends,UPANDO A CC DEPOIS DO BAN - !disc !youtube !voz,"['humor', 'variado', 'Português', 'riotgames', 'gameplay', 'lowelogameplay', 'carismatico', 'high']",[],False
24,2025-04-08 12:09,ZorahAganoke,pt,Valheim,🔥NovataON🔥 @donzeladferro [BR] Twitch/ZorahAganoke - SUBS FULL Gameplay - Rushadão e Diversão 🔞,"['diversão', 'Português', 'sobrevivencia', 'SurvivaI', 'Exploração', 'Exploration', 'sobrevicência']",[],False
24,2025-04-08 12:09,jubisco_,pt,Dead by Daylight,DBD e Farm de lootbox dipoi #OverwatchCreator ❗diff ❗tinder Jubisco#1535,"['Português', 'overwatchcreator', 'OW2Brasil', 'Inglês', 'Brigitte', 'drops', 'deadbbydaylight', 'chill', 'SafeSpace', 'DropsAtivados']",['MatureGame'],False
25,2025-04-08 12:19,iMartynFox,pt,Overwatch 2,"✨DIA 4:SUBATHON✨ Bits, subs e donate aumetam o tempo ❗REGRAS | #OverwatchCreator #OW2Brasil | CÓDIGO DE CRIADOR EPIC GAMES @iMARTYNFOX",['Português'],[],True
25,2025-04-08 12:19,EiMine77,pt,Minecraft,✅ RECOMPENSAS ON! | ⭐ SEJA RÁPIDO E GANHE UMA CAPA DE GRAÇA: !CAPA | 💘 INSTAGRAM: @EIMINE77 | !ajuda !rerun !sub !subgratis !loja,"['Minecraft', 'EiMine', 'Português']",[],False
25,2025-04-08 12:19,BrunoBalloni,pt,Project Zomboid,🔴RERUN!!!  -> ❗csgocases ❗regraloja❗farm ❗sub ❗msg ❗loja,"['Português', 'fps', 'Brasil', 'counterstrike', 'cs', 'cs2', 'brazil']",[],False
25,2025-04-08 12:19,Pedro017Yt,pt,Fortnite,🍉ATUALIZAÇÃO🍉+ RESGATE SKIN ASSISTINDO A LIVE (❗loja)🍉!PIX🍉,"['Português', 'Fortnite', 'Jogandocomespectadores', 'DropsEnable']",[],False
25,2025-04-08 12:19,CORALtv_,pt,Fortnite,!SORTEIO ✨ SABRINA CARPENTER CHEGOU ✨ FARM VBUCKS ASSISTINDO A LIVE !LOJA ❤️ USE CODE: COORAL #AD ✨!PIX !RESGATE !JOGAR,"['Português', 'Fortnite', 'sorteio', 'VbucksGrátis', 'sorteios', 'vbucks', 'jogandocomespectadores']",[],False
25,2025-04-08 12:19,Gaules,pt,Counter-Strike,Dia 3 Furia Pain e Legacy PGL Bucharest 2025 - !socio - Siga @Gaules nas redes sociais!,['Português'],['MatureGame'],True
25,2025-04-08 12:19,ViniciusBigWig,pt,Teamfight Tactics,D4 Server BR. Jogando no BR | Rush Mestre!,"['Português', 'TeamfightsTactics', 'Ranked', 'Competitive']",[],False
25,2025-04-08 12:19,ryuupersonal,pt,League of Legends,qiyana challenger 950pdl,['Português'],[],False
25,2025-04-08 12:19,kautxz,pt,League of Legends,"SOLO DUO ft rhaegar, bruno !dc !pix !comandos",['Português'],[],False
26,2025-04-08 12:29,EiMine77,pt,Minecraft,✅ RECOMPENSAS ON! | ⭐ SEJA RÁPIDO E GANHE UMA CAPA DE GRAÇA: !CAPA | 💘 INSTAGRAM: @EIMINE77 | !ajuda !rerun !sub !subgratis !loja,"['Minecraft', 'EiMine', 'Português']",[],False
26,2025-04-08 12:29,Pedro017Yt,pt,Fortnite,🍉ATUALIZAÇÃO🍉+ RESGATE SKIN ASSISTINDO A LIVE (❗loja)🍉!PIX🍉,"['Português', 'Fortnite', 'Jogandocomespectadores', 'DropsEnable']",[],False
26,2025-04-08 12:29,BrunoBalloni,pt,Project Zomboid,🔴RERUN!!!  -> ❗csgocases ❗regraloja❗farm ❗sub ❗msg ❗loja,"['Português', 'fps', 'Brasil', 'counterstrike', 'cs', 'cs2', 'brazil']",[],False
26,2025-04-08 12:29,CORALtv_,pt,Fortnite,!SORTEIO ✨ SABRINA CARPENTER CHEGOU ✨ FARM VBUCKS ASSISTINDO A LIVE !LOJA ❤️ USE CODE: COORAL #AD ✨!PIX !RESGATE !JOGAR,"['Português', 'Fortnite', 'sorteio', 'VbucksGrátis', 'sorteios', 'vbucks', 'jogandocomespectadores']",[],False
26,2025-04-08 12:29,TcK10,pt,VALORANT,C9 TCKU MIRA ABSURDA COM NOÇÃO DE PROPLAYER?? SÃO NOVOS TEMPOS... 🏆 !SUPERBET 🏆 !GROWTH 🏆 SIGA EM @TcK10,"['melhordomundo', 'radiante', 'incrível', 'valorant', 'Português']",[],False
26,2025-04-08 12:29,Gaules,pt,Counter-Strike,Dia 3 Furia Pain e Legacy PGL Bucharest 2025 - !socio - Siga @Gaules nas redes sociais!,['Português'],['MatureGame'],True
26,2025-04-08 12:30,EdigasZ,pt,Marvel Rivals,ONE ABOVE ALL HOJE 100% REAL? | !tiktok !youtube,['Português'],[],False
26,2025-04-08 12:30,Momolezinha,pt,Marvel Rivals,ETERNITY VINDO? Psylocke/Starlord/Human-Torch!🔥SIGAM SOCIAIS -> @Momolezinha |❗pix com VOZES❗analise ❗youtube,"['Português', 'Heroshooter', 'marvelrivals']",[],False
26,2025-04-08 12:30,1h1perZ,pt,VALORANT,melhor fade do mundo,"['h1perz', 'Português', 'fragpunk']",[],False
27,2025-04-08 12:38,iMartynFox,pt,Overwatch 2,"✨DIA 4:SUBATHON✨ Bits, subs e donate aumetam o tempo ❗REGRAS | #OverwatchCreator #OW2Brasil | CÓDIGO DE CRIADOR EPIC GAMES @iMARTYNFOX",['Português'],[],True
27,2025-04-08 12:38,EiMine77,pt,Minecraft,✅ RECOMPENSAS ON! | ⭐ SEJA RÁPIDO E GANHE UMA CAPA DE GRAÇA: !CAPA | 💘 INSTAGRAM: @EIMINE77 | !ajuda !rerun !sub !subgratis !loja,"['Minecraft', 'EiMine', 'Português']",[],False
27,2025-04-08 12:38,BrunoBalloni,pt,Project Zomboid,🔴RERUN!!!  -> ❗csgocases ❗regraloja❗farm ❗sub ❗msg ❗loja,"['Português', 'fps', 'Brasil', 'counterstrike', 'cs', 'cs2', 'brazil']",[],False
27,2025-04-08 12:38,Pedro017Yt,pt,Fortnite,🍉ATUALIZAÇÃO🍉+ RESGATE SKIN ASSISTINDO A LIVE (❗loja)🍉!PIX🍉,"['Português', 'Fortnite', 'Jogandocomespectadores', 'DropsEnable']",[],False
27,2025-04-08 12:39,CORALtv_,pt,Fortnite,!SORTEIO ✨ SABRINA CARPENTER CHEGOU ✨ FARM VBUCKS ASSISTINDO A LIVE !LOJA ❤️ USE CODE: COORAL #AD ✨!PIX !RESGATE !JOGAR,"['Português', 'Fortnite', 'sorteio', 'VbucksGrátis', 'sorteios', 'vbucks', 'jogandocomespectadores']",[],False
27,2025-04-08 12:39,Gaules,pt,Counter-Strike,Dia 3 Furia Pain e Legacy PGL Bucharest 2025 - !socio - Siga @Gaules nas redes sociais!,['Português'],['MatureGame'],True
28,2025-04-08 16:01,letiltz,pt,Fortnite,SABRINA CARPENTER NO FORTNITE!!! 💋 | USE O CÓDIGO LETILTZ NA LOJA,"['Português', 'Fortnite', 'letiltz', 'FamilyFrendly', 'SafeSpace', 'Jogandocomespectadores']",[],False
28,2025-04-08 16:01,ocontagia,pt,Just Chatting,PALHAÇO CONTAGIA e a terça-feira da falta de atenção !comandos,"['tft', 'lol', 'leagueoflegends', 'Brino', 'YoDa', 'portugues', 'conanexiles', 'Fortnite', 'Português']",[],False
28,2025-04-08 16:01,dgkb0y,pt,VALORANT,🌏 (PT BR)- TOP 1 REYNA WORLD - RANKEDS TOP 10 BRASIL  - !pix !sociais,['Português'],[],False
28,2025-04-08 16:01,enriquemachado_,pt,Counter-Strike,🟢 VOLTEMO COM CS 🟢 SORTEIO DE 4 FACAS >❗ Sorteio  ❗topskin ❗loja ❗csgobig  ❗insane  ❗suaskin +18,['Português'],['MatureGame'],False
28,2025-04-08 16:01,iMartynFox,pt,Overwatch 2,"✨DIA 4:SUBATHON✨ Bits, subs e donate aumetam o tempo ❗REGRAS | #OverwatchCreator #OW2Brasil | CÓDIGO DE CRIADOR EPIC GAMES @iMARTYNFOX",['Português'],[],True
28,2025-04-08 16:01,sacy,pt,VALORANT,mibr Sacy / HOJE TEM RANKEDS + PLAYOFFS VCB - !mibr !noping !pix !csgoskins,['Português'],[],False
28,2025-04-08 16:02,neonrip,pt,League of Legends,Elojob Bronze 4 ao Esmeralda 4- !pix !coach !elojob !smurf,['Português'],[],False
28,2025-04-08 16:02,caiozeralol,pt,League of Legends,soloq kayn/talon,"['Português', 'challenger', 'kayn']",[],False
28,2025-04-08 16:02,gabi_ajin,pt,League of Legends,chill soloq,"['Português', 'leagueoflegendsbr']",[],False
29,2025-04-08 16:12,letiltz,pt,Fortnite,SABRINA CARPENTER NO FORTNITE!!! 💋 | USE O CÓDIGO LETILTZ NA LOJA,"['Português', 'Fortnite', 'letiltz', 'FamilyFrendly', 'SafeSpace', 'Jogandocomespectadores']",[],False
29,2025-04-08 16:12,ocontagia,pt,Just Chatting,PALHAÇO CONTAGIA e a terça-feira da falta de atenção !comandos,"['tft', 'lol', 'leagueoflegends', 'Brino', 'YoDa', 'portugues', 'conanexiles', 'Fortnite', 'Português']",[],False
29,2025-04-08 16:12,dgkb0y,pt,VALORANT,🌏 (PT BR)- TOP 1 REYNA WORLD - RANKEDS TOP 10 BRASIL  - !pix !sociais,['Português'],[],False
29,2025-04-08 16:12,enriquemachado_,pt,Counter-Strike,🟢 VOLTEMO COM CS 🟢 SORTEIO DE 4 FACAS >❗ Sorteio  ❗topskin ❗loja ❗csgobig  ❗insane  ❗suaskin +18,['Português'],['MatureGame'],False
29,2025-04-08 16:12,iMartynFox,pt,Overwatch 2,"✨DIA 4:SUBATHON✨ Bits, subs e donate aumetam o tempo ❗REGRAS | #OverwatchCreator #OW2Brasil | CÓDIGO DE CRIADOR EPIC GAMES @iMARTYNFOX",['Português'],[],True
29,2025-04-08 16:12,sacy,pt,VALORANT,mibr Sacy / HOJE TEM RANKEDS + PLAYOFFS VCB - !mibr !noping !pix !csgoskins,['Português'],[],False
29,2025-04-08 16:12,Yoaninha,pt,League of Legends,duo com a @mabsol - !bits !pix !wishlist !2game,"['Português', 'Mulher', 'TDAH', 'Mimosinha']",[],False
29,2025-04-08 16:12,alexaaaaaaaaaa_,pt,Just Chatting,[+18] 24H EU NÃO TÔ DE MOCHILA | !metas !metaspix !bits !cosplay !pix,"['brazil', 'Português', 'pobre', 'horrivel', 'Pesadelo', 'react']",[],False
29,2025-04-08 16:12,anabitizi,pt,Cube Escape: Case 23,SUBATHON teste pq eu nao sei fazer,['Português'],[],False
30,2025-04-08 16:22,letiltz,pt,Fortnite,SABRINA CARPENTER NO FORTNITE!!! 💋 | USE O CÓDIGO LETILTZ NA LOJA,"['Português', 'Fortnite', 'letiltz', 'FamilyFrendly', 'SafeSpace', 'Jogandocomespectadores']",[],False
30,2025-04-08 16:22,ocontagia,pt,Just Chatting,PALHAÇO CONTAGIA e a terça-feira da falta de atenção !comandos,"['tft', 'lol', 'leagueoflegends', 'Brino', 'YoDa', 'portugues', 'conanexiles', 'Fortnite', 'Português']",[],False
30,2025-04-08 16:22,enriquemachado_,pt,Counter-Strike,🟢 VOLTEMO COM CS 🟢 SORTEIO DE 4 FACAS >❗ Sorteio  ❗topskin ❗loja ❗csgobig  ❗insane  ❗suaskin +18,['Português'],['MatureGame'],False
30,2025-04-08 16:23,iMartynFox,pt,Overwatch 2,"✨DIA 4:SUBATHON✨ Bits, subs e donate aumetam o tempo ❗REGRAS | #OverwatchCreator #OW2Brasil | CÓDIGO DE CRIADOR EPIC GAMES @iMARTYNFOX",['Português'],[],True
30,2025-04-08 16:23,sacy,pt,VALORANT,mibr Sacy / HOJE TEM RANKEDS + PLAYOFFS VCB - !mibr !noping !pix !csgoskins,['Português'],[],False
30,2025-04-08 16:23,DorSmiley,pt,Sea of Thieves,|Pulheta| Depois Desafio Parceiros @lendasdomar @csotbr !Comandos !tdm,"['Ação', 'Aventura', 'Comédia', 'Português', 'Xingamentos', 'seaofthieves', 'PvEPvP', 'SoTPvp', 'seaofthieveseason15']",['ProfanityVulgarity'],False
30,2025-04-08 16:23,CSRfps,pt,Counter-Strike,🟢 HOJE TEM SORTEIO DE FACA   - FARM 20x SUBS - !sorteiofaca | Siga @CSRfps | !segredo !dash !pirate !keydrop !csgoskins !csgofast,"['Português', 'csgo', 'cs2', 'counterstrike', 'counterstrike2', 'cs2gameplay', 'fps']",['MatureGame'],False
30,2025-04-08 16:23,taruhgg,pt,Counter-Strike,PREMIER DA ALEGRIA ❗curso ❗csgobig ❗neshastore ❗skinclub,['Português'],['MatureGame'],False
30,2025-04-08 16:23,XISTERAfps,pt,Counter-Strike,TERÇOU COM O PAPAI MAIS DAORA DA TWITCH! ENCOSTA MEUS AMORES.  ❗APOSTAGANHA❗GGDROP❗NeshaStore ❗FORCEDROP,"['Português', 'counterstrike']",['MatureGame'],False
31,2025-04-08 16:31,letiltz,pt,Fortnite,SABRINA CARPENTER NO FORTNITE!!! 💋 | USE O CÓDIGO LETILTZ NA LOJA,"['Português', 'Fortnite', 'letiltz', 'FamilyFrendly', 'SafeSpace', 'Jogandocomespectadores']",[],False
31,2025-04-08 16:31,ocontagia,pt,Just Chatting,PALHAÇO CONTAGIA e a terça-feira da falta de atenção !comandos,"['tft', 'lol', 'leagueoflegends', 'Brino', 'YoDa', 'portugues', 'conanexiles', 'Fortnite', 'Português']",[],False
31,2025-04-08 16:31,enriquemachado_,pt,Counter-Strike,🟢 VOLTEMO COM CS 🟢 SORTEIO DE 4 FACAS >❗ Sorteio  ❗topskin ❗loja ❗csgobig  ❗insane  ❗suaskin +18,['Português'],['MatureGame'],False
31,2025-04-08 16:31,iMartynFox,pt,Overwatch 2,"✨DIA 4:SUBATHON✨ Bits, subs e donate aumetam o tempo ❗REGRAS | #OverwatchCreator #OW2Brasil | CÓDIGO DE CRIADOR EPIC GAMES @iMARTYNFOX",['Português'],[],True
31,2025-04-08 16:31,sacy,pt,VALORANT,mibr Sacy / HOJE TEM RANKEDS + PLAYOFFS VCB - !mibr !noping !pix !csgoskins,['Português'],[],False
31,2025-04-08 16:31,DorSmiley,pt,Sea of Thieves,|Pulheta| Depois Desafio Parceiros @lendasdomar @csotbr !Comandos !tdm,"['Ação', 'Aventura', 'Comédia', 'Português', 'Xingamentos', 'seaofthieves', 'PvEPvP', 'SoTPvp', 'seaofthieveseason15']",['ProfanityVulgarity'],False
31,2025-04-08 16:31,fasconcelos_,pt,Counter-Strike,"LOJINHA ON E RENOVADA, SORTEIOS & PINADEIRA❗❗  SORTEIO FACA R$ 1.000,00!!! , FARM 10X SUB!! LOJINHA ON❗LOJA ❗MSG❗SORTEIO❗WPP❗DISCORD","['Português', 'gaules', 'counterstrike2', 'neymar', 'g3x', 'sorteio', 'loja', 'gamersclub', 'faca', 'skins']","['MatureGame', 'ProfanityVulgarity']",False
31,2025-04-08 16:31,The_GsT,pt,Counter-Strike,UM DIA SENDO PRO PLAYER - Melhor doq pegar skin é pegar a conta KKKKKK - Digite !ELEGANTE (sorteio de skin),['Português'],['MatureGame'],False
31,2025-04-08 16:31,guhzjnnn,pt,Counter-Strike,back to basics ❗cfg ❗pc ❗livepix ❗melbet❗hellcase ❗sorteioawp,"['Português', 'cs2faceit', 'FPL', 'cs2player']",['MatureGame'],False
32,2025-04-08 16:40,ocontagia,pt,Just Chatting,PALHAÇO CONTAGIA e a terça-feira da falta de atenção !comandos,"['tft', 'lol', 'leagueoflegends', 'Brino', 'YoDa', 'portugues', 'conanexiles', 'Fortnite', 'Português']",[],False
32,2025-04-08 16:40,EiMine77,pt,Minecraft,✅ RECOMPENSAS ON! | ⭐ SEJA RÁPIDO E GANHE UMA CAPA DE GRAÇA: !CAPA | 💘 INSTAGRAM: @EIMINE77 | !ajuda !rerun !sub !subgratis !loja,"['Minecraft', 'EiMine', 'Português']",[],False
32,2025-04-08 16:40,enriquemachado_,pt,Counter-Strike,🟢 VOLTEMO COM CS 🟢 SORTEIO DE 4 FACAS >❗ Sorteio  ❗topskin ❗loja ❗csgobig  ❗insane  ❗suaskin +18,['Português'],['MatureGame'],False
32,2025-04-08 16:40,sacy,pt,VALORANT,mibr Sacy / HOJE TEM RANKEDS + PLAYOFFS VCB - !mibr !noping !pix !csgoskins,['Português'],[],False
32,2025-04-08 16:41,iMartynFox,pt,Overwatch 2,"✨DIA 4:SUBATHON✨ Bits, subs e donate aumetam o tempo ❗REGRAS | #OverwatchCreator #OW2Brasil | CÓDIGO DE CRIADOR EPIC GAMES @iMARTYNFOX",['Português'],[],True
32,2025-04-08 16:41,DorSmiley,pt,Sea of Thieves,|Pulheta| Depois Desafio Parceiros @lendasdomar @csotbr !Comandos !tdm,"['Ação', 'Aventura', 'Comédia', 'Português', 'Xingamentos', 'seaofthieves', 'PvEPvP', 'SoTPvp', 'seaofthieveseason15']",['ProfanityVulgarity'],False
32,2025-04-08 16:41,aFranzita,pt,Minecraft,DIA DE MUITO MINEZITO! | SERV. PV. @el_xandeko | SERV. PUBL. REDE RUSH | !servidor !rederush,"['PortuguêsBR', 'Português', 'jogo', 'mulherjogando', 'localseguro', 'aventura', 'noobstreamer', 'survival', 'servidorminecraft']",[],False
32,2025-04-08 16:41,EiMine24h,pt,Minecraft,✅ RECOMPENSAS ON! | ⭐ SEJA RÁPIDO E GANHE UMA CAPA DE GRAÇA: !CAPA | 💘 INSTAGRAM: @EIMINE77 | !ajuda !rerun !subgratis !loja,"['Português', 'Minecraft', 'EiMine']",[],False
32,2025-04-08 16:41,Guinas,pt,Soulstice,● 698 -> SUBATHON DIA 7 -> !PIX !SUBATHON,['Português'],['MatureGame'],False
33,2025-04-08 20:01,iShadowWolf_,pt,Fall Guys,(+18) Livezinha Muito Doida!   ||   (❗comandos ❗metas ❗drops)   ||   (Epic Code: SHADOWOLF),['Português'],[],False
33,2025-04-08 20:01,eLyzao,pt,VALORANT,"LIVE SEM WEB, ESTOU DOENTE !TICKET SORTEIO DE 20 REAIS SUB 5X  ❗Nesha ❗iox +18",['Português'],[],False
33,2025-04-08 20:01,waveigl,pt,Counter-Strike,+18 🔞 WAVEIGL ❤️,['Português'],"['MatureGame', 'ProfanityVulgarity']",False
33,2025-04-08 20:01,Ketty,pt,Fortnite,💋 SABRINA CARPENTER │CODE KETTY NA LOJA #ad,"['gameplay', 'nobuild', 'jogos', 'Português', 'AMA', 'Casual', 'jogadoriniciante', 'fortnite', 'VbucksGrátis']",[],False
33,2025-04-08 20:01,EiMine77,pt,Minecraft,✅ RECOMPENSAS ON! | ⭐ SEJA RÁPIDO E GANHE UMA CAPA DE GRAÇA: !CAPA | 💘 INSTAGRAM: @EIMINE77 | !ajuda !rerun !sub !subgratis !loja,"['Minecraft', 'EiMine', 'Português']",[],False
33,2025-04-08 20:01,oimille,pt,Fortnite,BORA CONFERIR A ATUALIZAÇÃO?  - ❗JOGAR  ❗NICK ❗PRESENTE❗PRIME ❗PIX ❗INSTA ❗DISCORD,"['Português', 'fornite', 'fortnitebrasil', 'garotagamer', 'Brasil', 'fortnitegaminglive']",[],True
33,2025-04-08 20:02,VovinhoFUT,pt,EA Sports FC 25,💥RECOMPENSAS DA WL E PROCESSO DA EVO NO CALVISMO FC! !GRUPO !CURSO !TRADE !LIVEPIX,"['Português', 'ultimateteam', 'EAFC', 'EASportsFC', 'fifa', 'FC25', 'EAFC25']",[],False
33,2025-04-08 20:02,Peu_MC,pt,EA Sports FC 25,EVOS DIFERENCIADASSSSSSS !roblox !coins !trade,"['batalha', 'batalhaderima', 'BATALHADAALDEIA', 'Rap', 'fifa', 'ultimateteam', 'Futebol', 'Português', 'EASPORTSFIFA', 'eafc25']",[],False
33,2025-04-08 20:02,loud_coringa,pt,Just Chatting,LIVE 7 DIAS - DIA 2,['Português'],[],False
34,2025-04-08 20:13,iShadowWolf_,pt,Overwatch 2,(+18) Livezinha Muito Doida!   ||   (❗comandos ❗metas ❗drops)   ||   (Epic Code: SHADOWOLF),['Português'],[],False
34,2025-04-08 20:13,DanriqueTW,pt,Minecraft,PLNEJANDO O EP 11 DE CIDADE MECÂNICA! !host !cobblemon,['Português'],[],False
34,2025-04-08 20:13,gijuba_,pt,Fortnite,Expressoooo | Use Code Epic: GIJUBA | Resgate skins na !loja assistindo a live ♡ | !sr !social !pix !comandos,['Português'],[],False
34,2025-04-08 20:13,eLyzao,pt,VALORANT,"LIVE SEM WEB, ESTOU DOENTE !TICKET SORTEIO DE 20 REAIS SUB 5X  ❗Nesha ❗iox +18",['Português'],[],False
34,2025-04-08 20:13,waveigl,pt,Counter-Strike,+18 🔞 WAVEIGL ❤️,['Português'],"['MatureGame', 'ProfanityVulgarity']",False
34,2025-04-08 20:13,Ketty,pt,Fortnite,💋 SABRINA CARPENTER │CODE KETTY NA LOJA #ad,"['gameplay', 'nobuild', 'jogos', 'Português', 'AMA', 'Casual', 'jogadoriniciante', 'fortnite', 'VbucksGrátis']",[],False
34,2025-04-08 20:13,JapaDaMydiSkins,pt,Counter-Strike,É grátis os 20 sorteios por live mais de R$22.000 em skins !play para participar,"['Português', 'CounterStriker2', 'risada', 'engraçado', 'skinscsgo', 'skinsgratis', 'sorteiodeskins']",['MatureGame'],False
34,2025-04-08 20:13,ALLE1,pt,Counter-Strike,🔥Buscando 30k :) !csgobig !topskin !clash !loja !melbet !wpp🔥,['Português'],['MatureGame'],True
34,2025-04-08 20:13,GabiiSouza,pt,MIR 4,♥(+18) ♥ TAOIST 350K/490K- PILOTINHA? EU43  ♥!reidoscoins !service !ajuda -> @gabiisouza -> @mmak47 -> @netoartt,"['Português', 'MMORPG', 'resenha']",[],False
35,2025-04-08 20:24,iShadowWolf_,pt,Overwatch 2,(+18) Livezinha Muito Doida!   ||   (❗comandos ❗metas ❗drops)   ||   (Epic Code: SHADOWOLF),['Português'],[],False
35,2025-04-08 20:24,eLyzao,pt,VALORANT,"LIVE SEM WEB, ESTOU DOENTE !TICKET SORTEIO DE 20 REAIS SUB 5X  ❗Nesha ❗iox +18",['Português'],[],False
35,2025-04-08 20:24,gijuba_,pt,Fortnite,Expressoooo | Use Code Epic: GIJUBA | Resgate skins na !loja assistindo a live ♡ | !sr !social !pix !comandos,['Português'],[],False
35,2025-04-08 20:24,DanriqueTW,pt,Minecraft,PLNEJANDO O EP 11 DE CIDADE MECÂNICA! !host !cobblemon,['Português'],[],False
35,2025-04-08 20:24,waveigl,pt,Counter-Strike,+18 🔞 WAVEIGL ❤️,['Português'],"['MatureGame', 'ProfanityVulgarity']",False
35,2025-04-08 20:24,Ketty,pt,Fortnite,💋 SABRINA CARPENTER │CODE KETTY NA LOJA #ad,"['gameplay', 'nobuild', 'jogos', 'Português', 'AMA', 'Casual', 'jogadoriniciante', 'fortnite', 'VbucksGrátis']",[],False
35,2025-04-08 20:24,foxsmithrj,pt,Grand Theft Auto V,[+18 LADO LESTE] 00 VK,['Português'],['MatureGame'],False
35,2025-04-08 20:24,CapitaRP,pt,Grand Theft Auto V,Policial da Civil do Complexo [CPX] [Complexo] [+18],"['rp', 'fivem', 'gta', 'gta5', 'gtarp', 'paulinhooloko', 'paulinhoolokobr', 'diversão', 'GTAV', 'gtalive']",['MatureGame'],False
35,2025-04-08 20:24,baianinhojoga,pt,Grand Theft Auto V,[CPX] BAIANINHO - SORTEIO DE AL ÀS 21H @baianinhojoga❗PIX ❗SORTEIO❗PCD,"['COMPLEXO', 'GTARP', 'CPX', 'Codiguin', 'Português', 'bahia', 'GTM', 'FiveMRolePlay', 'RP']",['MatureGame'],False
36,2025-04-09 00:01,iShadowWolf_,pt,Fortnite,(+18) Livezinha Muito Doida!   ||   (❗comandos ❗metas ❗drops)   ||   (Epic Code: SHADOWOLF),['Português'],[],False
36,2025-04-09 00:01,DanriqueTW,pt,Minecraft,PLNEJANDO O EP 11 DE CIDADE MECÂNICA! !host !cobblemon,['Português'],[],False
36,2025-04-09 00:01,SeergioRP,pt,Grand Theft Auto V,🔞 🔴 VOVO DO CR$ME 🔴OBRIGADO PELA PRESSENÇA DE VOÇES,"['Português', 'Reposição']",['MatureGame'],False
36,2025-04-09 00:01,Praxt_,pt,Fortnite,ATUALIZAÇÃO | SABRINA CARPENTER  |SEXTA TEM SUBATHON 11/04,"['Português', 'Fortnite', 'vbucks', 'AMA', 'PlayingwWithViewers', 'SeiosFartos', 'regras', 'LGBT', 'ＬＯＬ', 'LiveFamilia']",[],False
36,2025-04-09 00:01,Bkinho,pt,Grand Theft Auto V,TURQUIA DE VOLTA!? DIA DE RECRUTAMENTO,"['Português', 'Turquia', 'Hype', 'Bkinho']",['MatureGame'],False
36,2025-04-09 00:01,BrunoBalloni,pt,Project Zomboid,🔴RERUN!!!  -> ❗csgocases ❗regraloja❗farm ❗sub ❗msg ❗loja,"['Português', 'fps', 'Brasil', 'counterstrike', 'cs', 'cs2', 'brazil']",[],False
36,2025-04-09 00:01,POGZUKI,pt,Tricky Towers,#308 - TERÇA CHUVOSA / SIGA NA KICK E YT/ SIGA @pogzuki NAS REDES SOCIAIS,"['Aconchegante', 'Fitness', 'AMA', 'Conversa', 'FamilyFriendly', 'Acolhedor', 'EspaçoSeguro', 'Português']",[],False
36,2025-04-09 00:02,Bodinhax,pt,League of Legends,🌸 Mono Nami 🌸 Flex com a galera do chat / Batendo a meta de (0/20) Subs = 24H !pix !sociais !pes,"['Português', 'Brasil', 'Nami', 'monochamp', 'mono', 'lol', 'leagueoflegeneds']",[],False
36,2025-04-09 00:02,LinnosTV,pt,League of Legends,Lendas que Ligam - https://livepix.gg/linnostv,"['TDAH', 'reality', 'Jogopordinheiro', 'MARVEL', 'VozesPretas', 'arcane2', 'Português', 'LGBT']","['ProfanityVulgarity', 'SexualThemes', 'ViolentGraphic']",True
37,2025-04-09 00:12,iShadowWolf_,pt,Fortnite,(+18) Livezinha Muito Doida!   ||   (❗comandos ❗metas ❗drops)   ||   (Epic Code: SHADOWOLF),['Português'],[],False
37,2025-04-09 00:13,DanriqueTW,pt,Minecraft,PLNEJANDO O EP 11 DE CIDADE MECÂNICA! !host !cobblemon,['Português'],[],False
37,2025-04-09 00:13,SeergioRP,pt,Grand Theft Auto V,🔞 🔴 VOVO DO CR$ME 🔴OBRIGADO PELA PRESSENÇA DE VOÇES,"['Português', 'Reposição']",['MatureGame'],False
37,2025-04-09 00:13,Praxt_,pt,Fortnite,ATUALIZAÇÃO | SABRINA CARPENTER  |SEXTA TEM SUBATHON 11/04,"['Português', 'Fortnite', 'vbucks', 'AMA', 'PlayingwWithViewers', 'SeiosFartos', 'regras', 'LGBT', 'ＬＯＬ', 'LiveFamilia']",[],False
37,2025-04-09 00:13,BrunoBalloni,pt,Project Zomboid,🔴RERUN!!!  -> ❗csgocases ❗regraloja❗farm ❗sub ❗msg ❗loja,"['Português', 'fps', 'Brasil', 'counterstrike', 'cs', 'cs2', 'brazil']",[],False
37,2025-04-09 00:13,Bkinho,pt,Grand Theft Auto V,TURQUIA DE VOLTA!? DIA DE RECRUTAMENTO,"['Português', 'Turquia', 'Hype', 'Bkinho']",['MatureGame'],False
38,2025-04-09 00:20,iShadowWolf_,pt,Fortnite,(+18) Livezinha Muito Doida!   ||   (❗comandos ❗metas ❗drops)   ||   (Epic Code: SHADOWOLF),['Português'],[],False
38,2025-04-09 00:20,Praxt_,pt,Fortnite,ATUALIZAÇÃO | SABRINA CARPENTER  |SEXTA TEM SUBATHON 11/04,"['Português', 'Fortnite', 'vbucks', 'AMA', 'PlayingwWithViewers', 'SeiosFartos', 'regras', 'LGBT', 'ＬＯＬ', 'LiveFamilia']",[],False
38,2025-04-09 00:20,SeergioRP,pt,Grand Theft Auto V,🔞 🔴 VOVO DO CR$ME 🔴OBRIGADO PELA PRESSENÇA DE VOÇES,"['Português', 'Reposição']",['MatureGame'],False
38,2025-04-09 00:20,DanriqueTW,pt,Minecraft,PLNEJANDO O EP 11 DE CIDADE MECÂNICA! !host !cobblemon,['Português'],[],False
38,2025-04-09 00:20,BrunoBalloni,pt,Project Zomboid,🔴RERUN!!!  -> ❗csgocases ❗regraloja❗farm ❗sub ❗msg ❗loja,"['Português', 'fps', 'Brasil', 'counterstrike', 'cs', 'cs2', 'brazil']",[],False
38,2025-04-09 00:20,Bkinho,pt,Grand Theft Auto V,TURQUIA DE VOLTA!? DIA DE RECRUTAMENTO,"['Português', 'Turquia', 'Hype', 'Bkinho']",['MatureGame'],False
38,2025-04-09 00:20,Wulpes,pt,Just Chatting,dump de decepções de amizades (sustão R$5),"['LGBTQIAMais', 'brasil', 'Português', 'indie', 'batepapo', 'Batepapocomochat', 'interativo']",[],False
38,2025-04-09 00:20,MariAono,pt,ELDEN RING,"Hj vamos ter varios joguinhos  <3 <3  Lives Qua, Sex e Dom as 18hr","['Brasil', 'Mulher', 'jogos', 'conversa', 'Português', 'ptbr']","['DrugsIntoxication', 'MatureGame']",False
38,2025-04-09 00:20,h1poison,pt,VALORANT,"Oie, tutu pom? vava com @thaylly @drikatv @ricop__ e depois um tft :)","['Português', 'valorant', 'fps', 'girl', 'leagueoflegends', 'lol', 'conversa', 'aventura', 'Poison']",[],False
39,2025-04-09 00:31,iShadowWolf_,pt,Fortnite,(+18) Livezinha Muito Doida!   ||   (❗comandos ❗metas ❗drops)   ||   (Epic Code: SHADOWOLF),['Português'],[],False
39,2025-04-09 00:31,DanriqueTW,pt,Minecraft,PLNEJANDO O EP 11 DE CIDADE MECÂNICA! !host !cobblemon,['Português'],[],False
39,2025-04-09 00:31,SeergioRP,pt,Grand Theft Auto V,🔞 🔴 VOVO DO CR$ME 🔴OBRIGADO PELA PRESSENÇA DE VOÇES,"['Português', 'Reposição']",['MatureGame'],False
39,2025-04-09 00:31,Praxt_,pt,Fortnite,ATUALIZAÇÃO | SABRINA CARPENTER  |SEXTA TEM SUBATHON 11/04,"['Português', 'Fortnite', 'vbucks', 'AMA', 'PlayingwWithViewers', 'SeiosFartos', 'regras', 'LGBT', 'ＬＯＬ', 'LiveFamilia']",[],False
39,2025-04-09 00:31,jaimeleef,pt,Marvel Rivals,Fazendo um teste aqui,"['Português', 'Anime']",[],False
39,2025-04-09 00:31,Bkinho,pt,Grand Theft Auto V,TURQUIA DE VOLTA!? DIA DE RECRUTAMENTO,"['Português', 'Turquia', 'Hype', 'Bkinho']",['MatureGame'],False
39,2025-04-09 00:31,marcelovs,pt,Overwatch 2,!comandos // live curta ou ate o obs crashar,"['Português', 'top500', 'kkkkkkkk', 'SddsDela', 'reformedplayer', 'FamilyFriendly', 'carioca']",[],False
39,2025-04-09 00:31,VioletKill,pt,Overwatch 2,!DROPS || DIA DE CAIXINHA É DIA FELIZ || !SORTEIO,"['LGBT', 'mulher', 'gamergirl', 'FPs', 'LGBTQIA', 'TDAH', 'Português', 'giveaway', 'DropsEnabeled', 'drops']",[],False
39,2025-04-09 00:31,FEARnando,pt,Overwatch 2,🕷 VENOM 🍑RIVALS + OW2 🗣 surtos e flores ao fundo pra amenizar 🌹✨🏳️‍🌈🎮 EN/PT,"['lgbt', 'English', 'Português', 'Horror', 'PsychologicalHorror', 'HardMode']",[],False
40,2025-04-09 00:42,iShadowWolf_,pt,Fortnite,(+18) Livezinha Muito Doida!   ||   (❗comandos ❗metas ❗drops)   ||   (Epic Code: SHADOWOLF),['Português'],[],False
40,2025-04-09 00:42,DanriqueTW,pt,Minecraft,PLNEJANDO O EP 11 DE CIDADE MECÂNICA! !host !cobblemon,['Português'],[],False
40,2025-04-09 00:42,SeergioRP,pt,Grand Theft Auto V,🔞 🔴 VOVO DO CR$ME 🔴OBRIGADO PELA PRESSENÇA DE VOÇES,"['Português', 'Reposição']",['MatureGame'],False
40,2025-04-09 00:42,jaimeleef,pt,Marvel Rivals,Fazendo um teste aqui,"['Português', 'Anime']",[],False
40,2025-04-09 00:42,Bkinho,pt,Grand Theft Auto V,TURQUIA DE VOLTA!? DIA DE RECRUTAMENTO,"['Português', 'Turquia', 'Hype', 'Bkinho']",['MatureGame'],False
40,2025-04-09 00:42,oimille,pt,Fortnite,BORA CONFERIR A ATUALIZAÇÃO?  - ❗JOGAR  ❗NICK ❗PRESENTE❗PRIME ❗PIX ❗INSTA ❗DISCORD,"['Português', 'fornite', 'fortnitebrasil', 'garotagamer', 'Brasil', 'fortnitegaminglive']",[],True
40,2025-04-09 00:42,BiaTsuuki,pt,Grand Theft Auto V,OII PSUAAAL -  GERENTE DA FRANÇA 🇫🇷🔥/ !sub / Redes Sociais: @biatsuuki,['Português'],['MatureGame'],False
40,2025-04-09 00:42,capitaonascimentogames7,pt,Grand Theft Auto V,Dia de Novidades  // STARS RP  // HYPE RP - CMD GERAL,['Português'],['MatureGame'],False
40,2025-04-09 00:42,NicolleRodrigues_,pt,Grand Theft Auto V,GTA RP | HJ VAI SER BOM KKK,"['Português', 'ＧTA5', 'gtavrproleplay', 'GTARP', 'temarj']",['MatureGame'],False
41,2025-04-09 04:01,EiMine77,pt,Minecraft,✅ RECOMPENSAS ON! | ⭐ SEJA RÁPIDO E GANHE UMA CAPA DE GRAÇA: !CAPA | 💘 INSTAGRAM: @EIMINE77 | !ajuda !rerun !sub !subgratis !loja,"['Minecraft', 'EiMine', 'Português']",[],False
41,2025-04-09 04:01,jaimeleef,pt,Marvel Rivals,apenas uma noite qualquer,"['Português', 'Anime']",[],False
41,2025-04-09 04:01,DexGGxp,pt,Minecraft,✨ +1150 Dias - HardCore Bedrock 1.21.71 ✨ EP 70 ✨ ❗bits ❗sons ✨,"['Brasil', 'Português', 'Brazil', 'Minecraft', 'MinecraftBedrock', 'HardCore', 'MinecraftHardcore', 'BedrockHardCore', 'dexggxp', 'Drop']",[],False
41,2025-04-09 04:01,BrunoBalloni,pt,Project Zomboid,🔴RERUN!!!  -> ❗csgocases ❗regraloja❗farm ❗sub ❗msg ❗loja,"['Português', 'fps', 'Brasil', 'counterstrike', 'cs', 'cs2', 'brazil']",[],False
41,2025-04-09 04:01,loud_coringa,pt,Just Chatting,LIVE 7 DIAS - DIA 3,['Português'],[],False
41,2025-04-09 04:01,ZAKl1k,pt,Minecraft,🟢 MINECRAFT | ⭐ GANHE ASSISTINDO | 🌟 REESTOQUE DIA 10 ou 16 às 18h | !loja !points !prime !sub,"['Português', 'Minecraft']",[],False
41,2025-04-09 04:01,EiMine24h,pt,Minecraft,✅ RECOMPENSAS ON! | ⭐ SEJA RÁPIDO E GANHE UMA CAPA DE GRAÇA: !CAPA | 💘 INSTAGRAM: @EIMINE77 | !ajuda !rerun !subgratis !loja,"['Português', 'Minecraft', 'EiMine']",[],False
41,2025-04-09 04:01,Rodil,pt,League of Legends,CRIAÇÃO DE CONTEÚDO INSANA NIVEL HARD | !pix !paypal !ytb !bacanaplay !mu,"['Português', 'proplayer', 'Idoso', 'Gostoso', 'LGBT', 'top1']",[],False
41,2025-04-09 04:02,streameruniversitario,es,Just Chatting,MI ULTIMO DIRECTO EN TWITCH (INFO EN EL COMENTARIO FIJADO) 🥵RR / REPLAY @aris_sinpausa,"['Español', 'English']",[],False
42,2025-04-09 04:09,EiMine77,pt,Minecraft,✅ RECOMPENSAS ON! | ⭐ SEJA RÁPIDO E GANHE UMA CAPA DE GRAÇA: !CAPA | 💘 INSTAGRAM: @EIMINE77 | !ajuda !rerun !sub !subgratis !loja,"['Minecraft', 'EiMine', 'Português']",[],False
42,2025-04-09 04:09,jaimeleef,pt,Marvel Rivals,apenas uma noite qualquer,"['Português', 'Anime']",[],False
42,2025-04-09 04:10,DexGGxp,pt,Minecraft,✨ +1150 Dias - HardCore Bedrock 1.21.71 ✨ EP 70 ✨ ❗bits ❗sons ✨,"['Brasil', 'Português', 'Brazil', 'Minecraft', 'MinecraftBedrock', 'HardCore', 'MinecraftHardcore', 'BedrockHardCore', 'dexggxp', 'Drop']",[],False
42,2025-04-09 04:10,ZAKl1k,pt,Minecraft,🟢 MINECRAFT | ⭐ GANHE ASSISTINDO | 🌟 REESTOQUE DIA 10 ou 16 às 18h | !loja !points !prime !sub,"['Português', 'Minecraft']",[],False
42,2025-04-09 04:10,BrunoBalloni,pt,Project Zomboid,🔴RERUN!!!  -> ❗csgocases ❗regraloja❗farm ❗sub ❗msg ❗loja,"['Português', 'fps', 'Brasil', 'counterstrike', 'cs', 'cs2', 'brazil']",[],False
42,2025-04-09 04:10,loud_coringa,pt,Just Chatting,LIVE 7 DIAS - DIA 3,['Português'],[],False
42,2025-04-09 04:10,julioox99fc,es,Fortnite,FORNITE POR QUE HAY MANTENIMIENTO EN EA FC,"['futbol', 'fc25', 'jugandoconseguidores', 'ultimateteam', 'Español']",[],False
42,2025-04-09 04:10,SaVyTzZ,pt,Call of Duty: Warzone,+35h SUBATHOM -> !controle !otimização !amazon !meta !grupo !analisesub <-,"['Português', 'DropsAtivados']",['MatureGame'],False
42,2025-04-09 04:10,ninext,pt,Call of Duty: Warzone,SOLO VERDUNSK,"['Português', 'DropsAtivados']",['MatureGame'],False
43,2025-04-09 04:18,EiMine77,pt,Minecraft,✅ RECOMPENSAS ON! | ⭐ SEJA RÁPIDO E GANHE UMA CAPA DE GRAÇA: !CAPA | 💘 INSTAGRAM: @EIMINE77 | !ajuda !rerun !sub !subgratis !loja,"['Minecraft', 'EiMine', 'Português']",[],False
43,2025-04-09 04:18,DexGGxp,pt,Minecraft,✨ +1150 Dias - HardCore Bedrock 1.21.71 ✨ EP 70 ✨ ❗bits ❗sons ✨,"['Brasil', 'Português', 'Brazil', 'Minecraft', 'MinecraftBedrock', 'HardCore', 'MinecraftHardcore', 'BedrockHardCore', 'dexggxp', 'Drop']",[],False
43,2025-04-09 04:18,ZAKl1k,pt,Minecraft,🟢 MINECRAFT | ⭐ GANHE ASSISTINDO | 🌟 REESTOQUE DIA 10 ou 16 às 18h | !loja !points !prime !sub,"['Português', 'Minecraft']",[],False
43,2025-04-09 04:19,BrunoBalloni,pt,Project Zomboid,🔴RERUN!!!  -> ❗csgocases ❗regraloja❗farm ❗sub ❗msg ❗loja,"['Português', 'fps', 'Brasil', 'counterstrike', 'cs', 'cs2', 'brazil']",[],False
43,2025-04-09 04:19,loud_coringa,pt,Just Chatting,LIVE 7 DIAS - DIA 3,['Português'],[],False
43,2025-04-09 04:19,LadyMohigan,pt,Dead by Daylight,"Blood Moon no DBD, só vem!","['DeadByDayligh', 'DBD', 'AMA', 'WomanGamer', 'Português', 'DropsAtivados']","['MatureGame', 'ProfanityVulgarity', 'ViolentGraphic']",False
43,2025-04-09 04:19,bruxinhaagiotas2,pt,VALORANT,Testando live #dia15,"['Trans', 'LGBTQIAPlush', 'brasil', 'Terror', 'Português', 'LQBTQIA', 'LQBTQIAFriendly', 'lqbtq']","['DebatedSocialIssuesAndPolitics', 'DrugsIntoxication', 'Gambling', 'ProfanityVulgarity', 'SexualThemes', 'ViolentGraphic']",False
43,2025-04-09 04:19,POGZUKI,pt,Tricky Towers,#308 - TERÇA CHUVOSA / SIGA NA KICK E YT/ SIGA @pogzuki NAS REDES SOCIAIS,"['Aconchegante', 'Fitness', 'AMA', 'Conversa', 'FamilyFriendly', 'Acolhedor', 'EspaçoSeguro', 'Português']",[],False
43,2025-04-09 04:19,JogaCarolTV,en,Ludo Club,Vem para live LudiJogos - Em breve Loja!,['English'],[],False
44,2025-04-09 04:26,EiMine77,pt,Minecraft,✅ RECOMPENSAS ON! | ⭐ SEJA RÁPIDO E GANHE UMA CAPA DE GRAÇA: !CAPA | 💘 INSTAGRAM: @EIMINE77 | !ajuda !rerun !sub !subgratis !loja,"['Minecraft', 'EiMine', 'Português']",[],False
44,2025-04-09 04:26,BrunoBalloni,pt,Project Zomboid,🔴RERUN!!!  -> ❗csgocases ❗regraloja❗farm ❗sub ❗msg ❗loja,"['Português', 'fps', 'Brasil', 'counterstrike', 'cs', 'cs2', 'brazil']",[],False
44,2025-04-09 04:26,DexGGxp,pt,Minecraft,✨ +1150 Dias - HardCore Bedrock 1.21.71 ✨ EP 70 ✨ ❗bits ❗sons ✨,"['Brasil', 'Português', 'Brazil', 'Minecraft', 'MinecraftBedrock', 'HardCore', 'MinecraftHardcore', 'BedrockHardCore', 'dexggxp', 'Drop']",[],False
44,2025-04-09 04:26,ZAKl1k,pt,Minecraft,🟢 MINECRAFT | ⭐ GANHE ASSISTINDO | 🌟 REESTOQUE DIA 10 ou 16 às 18h | !loja !points !prime !sub,"['Português', 'Minecraft']",[],False
44,2025-04-09 04:26,loud_coringa,pt,Just Chatting,LIVE 7 DIAS - DIA 3,['Português'],[],False
44,2025-04-09 04:27,LadyMohigan,pt,Dead by Daylight,"Blood Moon no DBD, só vem!","['DeadByDayligh', 'DBD', 'AMA', 'WomanGamer', 'Português', 'DropsAtivados']","['MatureGame', 'ProfanityVulgarity', 'ViolentGraphic']",False
44,2025-04-09 04:27,TheYuzuroEffect,pt,Just Chatting,[+18] Conversando com joguinho de fundo | Slime Rancher,"['Português', 'Mulher', 'Ultrawide', 'slimerancher']",[],False
44,2025-04-09 04:27,ggpirulita,pt,R.E.P.O.,"Isso é um pedido de socorro! - Insistir, persistir e nunca desistir!",['Português'],[],False
44,2025-04-09 04:27,VioletKill,pt,Overwatch 2,!DROPS || DIA DE CAIXINHA É DIA FELIZ || !SORTEIO,"['LGBT', 'mulher', 'gamergirl', 'FPs', 'LGBTQIA', 'TDAH', 'Português', 'giveaway', 'DropsEnabeled', 'drops']",[],False
45,2025-04-09 08:01,loud_coringa,pt,Just Chatting,LIVE 7 DIAS - DIA 3,['Português'],[],False
45,2025-04-09 08:01,DexterHQ,pt,Minecraft,HARDCORE +8200 DIAS SEM TOTEM !tiktok !insta,"['hardcore', 'hardmode', 'sobrevivencia', 'semtotem', 'construir', 'Farming', 'Português', 'minecraft', 'EventosEspeciales', 'minecraftlive']",[],False
45,2025-04-09 08:01,HenriqueOph,pt,Minecraft,SORTEIO CAPA HOME HARDCORE 1.21.4 +300 DIAS  12 HORAS ON EP 19 !capa !sorteio,"['Português', 'minecraft', 'Hardcore', 'HardMode', 'sobrevivencia', '1VIDA', 'hardcoregamer', 'Singlerplayer', 'MINEDROP', 'TIKTOKCAPA']",[],False
45,2025-04-09 08:01,LhamaInPijamas,pt,Marvel Rivals,ESTMOS DE VOLTA NA GRIND! !pix !elomarvel !discord,"['rpg', 'casual', 'Português', 'marvelrivals', 'rivals', 'marvelrival']",[],False
45,2025-04-09 08:01,EiMine77,pt,Minecraft,✅ RECOMPENSAS ON! | ⭐ SEJA RÁPIDO E GANHE UMA CAPA DE GRAÇA: !CAPA | 💘 INSTAGRAM: @EIMINE77 | !ajuda !rerun !sub !subgratis !loja,"['Minecraft', 'EiMine', 'Português']",[],False
45,2025-04-09 08:01,BrunoBalloni,pt,Project Zomboid,🔴RERUN!!!  -> ❗csgocases ❗regraloja❗farm ❗sub ❗msg ❗loja,"['Português', 'fps', 'Brasil', 'counterstrike', 'cs', 'cs2', 'brazil']",[],False
45,2025-04-09 08:01,SKMVAN,pt,Fortnite,👑MULHER GAMER VIRTUOSA ON👑CAMPEONATO SÁBADO 12/04👑SE INSCREVA👑💲APOIE O CODE SKMVAN💲GANHE VBUCKS E PERIFÉRICOS NA MINHA LOJINHA💲,"['AMA', 'fairplay', 'Competitivo', 'gamergirl', 'InclusiveSpace', 'LojinhaON', 'subathon', 'FarmVBucks', 'Jogandocomespectadores', 'campeonato']",[],False
45,2025-04-09 08:01,Kowalski_gameplay,pt,Room 54: Horde Survival,BOM DIA E BORA TESTAR JOGOS!! - LIVE +18 - CODE: KOWALSKIGAMEPLAY #keymailer #Room54hs https://www.keymailer.co,"['AMA', 'Jogandocomespectadores', 'jogandocomamigos', 'Português', 'Jogandocomespectadores', 'jogandocomochat', 'indiegame', 'keymailer', 'room54']",[],False
45,2025-04-09 08:01,NYKAGAMER_,pt,Fortnite,tu xera ❗️code ❗️LIVEPIX ❗️Onlyfans ❗️Comandos ❗️Discord ❗️Clip,"['Fortnite', 'Português', 'Mulher', 'brasil', 'Español', '한국어', 'Русский', '漢語', 'ภาษาไทย', '日本語']",[],False
46,2025-04-09 08:09,EiMine77,pt,Minecraft,✅ RECOMPENSAS ON! | ⭐ SEJA RÁPIDO E GANHE UMA CAPA DE GRAÇA: !CAPA | 💘 INSTAGRAM: @EIMINE77 | !ajuda !rerun !sub !subgratis !loja,"['Minecraft', 'EiMine', 'Português']",[],False
46,2025-04-09 08:09,maahmurollo,pt,Fortnite,Fortnite bb 🔥 ❗JOGAR ❗LOJA    MUROLLO #ad,"['gamer', 'Português', 'Fortnite', 'ZeroBuild', 'battleroyale', 'Reposição']",[],True
46,2025-04-09 08:09,HenriqueOph,pt,Minecraft,SORTEIO CAPA HOME HARDCORE 1.21.4 +300 DIAS  12 HORAS ON EP 19 !capa !sorteio,"['Português', 'minecraft', 'Hardcore', 'HardMode', 'sobrevivencia', '1VIDA', 'hardcoregamer', 'Singlerplayer', 'MINEDROP', 'TIKTOKCAPA']",[],False
46,2025-04-09 08:09,BrunoBalloni,pt,Project Zomboid,🔴RERUN!!!  -> ❗csgocases ❗regraloja❗farm ❗sub ❗msg ❗loja,"['Português', 'fps', 'Brasil', 'counterstrike', 'cs', 'cs2', 'brazil']",[],False
46,2025-04-09 08:09,DexterHQ,pt,Minecraft,HARDCORE +8200 DIAS SEM TOTEM !tiktok !insta,"['hardcore', 'hardmode', 'sobrevivencia', 'semtotem', 'construir', 'Farming', 'Português', 'minecraft', 'EventosEspeciales', 'minecraftlive']",[],False
46,2025-04-09 08:09,loud_coringa,pt,Just Chatting,LIVE 7 DIAS - DIA 3,['Português'],[],False
46,2025-04-09 08:10,Pantera,pt,Honkai: Star Rail,🦇 é tamo ai ONLINES e Revoltedz  - !sub !pix,"['Português', 'tattoo', 'Vampire', 'DropsAtivados']",['ProfanityVulgarity'],False
46,2025-04-09 08:10,mirakana1,pt,Honkai: Star Rail,"Bom dia, não sei até que horas vamos, mas vamos!","['LGBT', 'LeagueofLegends', 'janna', 'Português', 'mulherdepreso', 'wandamaximoff', 'BaratinhaDeFogão', 'donadecasa', 'DropsAtivados']",[],False
46,2025-04-09 08:10,mr_witch_,pt,Honkai: Star Rail,🔴✨ SAGA DO JUN (INZOI) + UPDATE DO HONKAI! + R.E.P.O c/ @jayslie e @cristinafuzeta (talvez)❗doar ❗comandos,"['rpg', 'jogos', 'Português', 'LGBTQIAPIus', 'Portugal', 'orapois', 'Keymailer', 'DropsAtivados']",['ProfanityVulgarity'],False
47,2025-04-09 08:20,loud_coringa,pt,Just Chatting,LIVE 7 DIAS - DIA 3,['Português'],[],False
47,2025-04-09 08:20,maahmurollo,pt,Fortnite,Fortnite bb 🔥 ❗JOGAR ❗LOJA    MUROLLO #ad,"['gamer', 'Português', 'Fortnite', 'ZeroBuild', 'battleroyale', 'Reposição']",[],True
47,2025-04-09 08:20,HenriqueOph,pt,Minecraft,SORTEIO CAPA HOME HARDCORE 1.21.4 +300 DIAS  12 HORAS ON EP 19 !capa !sorteio,"['Português', 'minecraft', 'Hardcore', 'HardMode', 'sobrevivencia', '1VIDA', 'hardcoregamer', 'Singlerplayer', 'MINEDROP', 'TIKTOKCAPA']",[],False
47,2025-04-09 08:20,BrunoBalloni,pt,Project Zomboid,🔴RERUN!!!  -> ❗csgocases ❗regraloja❗farm ❗sub ❗msg ❗loja,"['Português', 'fps', 'Brasil', 'counterstrike', 'cs', 'cs2', 'brazil']",[],False
47,2025-04-09 08:20,EiMine77,pt,Minecraft,✅ RECOMPENSAS ON! | ⭐ SEJA RÁPIDO E GANHE UMA CAPA DE GRAÇA: !CAPA | 💘 INSTAGRAM: @EIMINE77 | !ajuda !rerun !sub !subgratis !loja,"['Minecraft', 'EiMine', 'Português']",[],False
47,2025-04-09 08:20,EiMine24h,pt,Minecraft,✅ RECOMPENSAS ON! | ⭐ SEJA RÁPIDO E GANHE UMA CAPA DE GRAÇA: !CAPA | 💘 INSTAGRAM: @EIMINE77 | !ajuda !rerun !subgratis !loja,"['Português', 'Minecraft', 'EiMine']",[],False
47,2025-04-09 08:20,ferrysfps_,en,Counter-Strike,Have fun guys ^^,['English'],['MatureGame'],False
47,2025-04-09 08:20,LYRAFPS,pt,Counter-Strike,Rumo ao 21 - @gamersclubcs ❗COMANDOS ❗Insane,"['Português', 'gamestreaming', 'counterstrike2', 'CS2', 'gamersclub']",['MatureGame'],False
47,2025-04-09 08:20,LordDibo_,pt,Just Chatting,"ON - CS, Valorant, react e muito mais !!! +18  #89","['portugues', 'manaus', 'cs2', 'valorant', 'gtarp', 'Português', 'filme', 'reactions']",[],False
48,2025-04-09 08:30,Xerekiss,pt,Marvel Rivals,🔥ATUALIZAÇÃO ESTÁ CHEGANDO🔥| LOJINHA RENOVADA (❗loja) | CODE: XEREKISS #ad,"['Português', 'Brasil', 'fps', 'Fortnite', 'Portugal', 'battleroyale']",[],False
48,2025-04-09 08:30,EiMine77,pt,Minecraft,✅ RECOMPENSAS ON! | ⭐ SEJA RÁPIDO E GANHE UMA CAPA DE GRAÇA: !CAPA | 💘 INSTAGRAM: @EIMINE77 | !ajuda !rerun !sub !subgratis !loja,"['Minecraft', 'EiMine', 'Português']",[],False
48,2025-04-09 08:30,HenriqueOph,pt,Minecraft,SORTEIO CAPA HOME HARDCORE 1.21.4 +300 DIAS  12 HORAS ON EP 19 !capa !sorteio,"['Português', 'minecraft', 'Hardcore', 'HardMode', 'sobrevivencia', '1VIDA', 'hardcoregamer', 'Singlerplayer', 'MINEDROP', 'TIKTOKCAPA']",[],False
48,2025-04-09 08:30,maahmurollo,pt,Fortnite,Fortnite bb 🔥 ❗JOGAR ❗LOJA    MUROLLO #ad,"['gamer', 'Português', 'Fortnite', 'ZeroBuild', 'battleroyale', 'Reposição']",[],True
48,2025-04-09 08:31,BrunoBalloni,pt,Project Zomboid,🔴RERUN!!!  -> ❗csgocases ❗regraloja❗farm ❗sub ❗msg ❗loja,"['Português', 'fps', 'Brasil', 'counterstrike', 'cs', 'cs2', 'brazil']",[],False
48,2025-04-09 08:31,LhamaInPijamas,pt,Marvel Rivals,ESTMOS DE VOLTA NA GRIND! !pix !elomarvel !discord,"['rpg', 'casual', 'Português', 'marvelrivals', 'rivals', 'marvelrival']",[],False
48,2025-04-09 08:31,liminhag0d,pt,GeoGuessr,AOVIVO Bom dia Liminha farmskins !skinplace,['Português'],[],False
48,2025-04-09 08:31,YoDa,pt,League of Legends,DIA 11 - YO VOICE OPERACAO LOL 2 START 531 PDL - GRAO MESTRE HOJE?,['Português'],[],False
48,2025-04-09 08:31,Saullo,pt,Counter-Strike,SORTEIO de uma M9 BAIONETA AGORA (R$6.500) + EXTENSÃO 2.0 TA ON + DEPÓSITO NA CONTA DE VOCÊS + SORTEIO 100 DÓLARES (AO VIVO),"['Português', 'skinscsgo', 'CSGO', 'SORTEIO', 'PIX', 'SKINS', 'FPS', 'Brasil', 'CS2', 'cs2beta']",['MatureGame'],True
49,2025-04-09 12:01,Pedro017Yt,pt,Fortnite,🍉LIVE !DESAFIO🍉+RESGATE SKIN ASSISTINDO A LIVE (❗loja),"['Português', 'Fortnite', 'Jogandocomespectadores', 'DropsEnable']",[],False
49,2025-04-09 12:01,aatonz,pt,Sea of Thieves,!!HEY PIRATA!! 2 reais ou um Sorteio misterioso? VAMOKERE que hoje é QUARTA-FEEEIRA e metade da semana ja foi!! !!BOM DIA!!,"['casual', 'engraçado', 'pirata', 'English', 'Português', 'Yoda', 'Gaules', 'giveaway', 'alanzoka']",[],False
49,2025-04-09 12:01,HenriqueOph,pt,Minecraft,SORTEIO CAPA HOME HARDCORE 1.21.4 +350 DIAS  12 HORAS ON EP 19 !capa !sorteio,"['Português', 'minecraft', 'Hardcore', 'HardMode', 'sobrevivencia', '1VIDA', 'hardcoregamer', 'Singlerplayer', 'MINEDROP', 'TIKTOKCAPA']",[],False
49,2025-04-09 12:01,BrunoBalloni,pt,Counter-Strike,🔴RERUN!!!  -> ❗csgocases ❗regraloja❗farm ❗sub ❗msg ❗loja,"['Português', 'fps', 'Brasil', 'counterstrike', 'cs', 'cs2', 'brazil']",['MatureGame'],False
49,2025-04-09 12:01,joohn_garcia,pt,Overwatch 2,NOSSO LUGAR ESPECIAL - 🔵COD APOIADOR: JOHNZ,"['Gay', 'gameplay', 'nerd', 'playstation', 'inglês', 'Português', 'fortnite', 'Overawatch', 'terror', 'LGBTQIA']",[],False
49,2025-04-09 12:01,EiMine77,pt,Minecraft,✅ RECOMPENSAS ON! | ⭐ SEJA RÁPIDO E GANHE UMA CAPA DE GRAÇA: !CAPA | 💘 INSTAGRAM: @EIMINE77 | !ajuda !rerun !sub !subgratis !loja,"['Minecraft', 'EiMine', 'Português']",[],False
49,2025-04-09 12:01,oBruxoFut,pt,EA Sports FC 25,✨ SOFRENDO COM DOR DE DENTE ❗️tatica ❗️st ❗️lurdinha ❗️copa,"['Português', 'muitoelegante', 'charmoso', 'bonito', 'inteligente', 'carismático', 'educado', 'proplayer', 'futebol', 'fitness']",[],False
49,2025-04-09 12:02,TioPedroJoga,pt,EA Sports FC 25,"COPINHA IMORTAIS, FARM, HYPE DAS 14 E MUITO CONTEÚDO !cliente !coins !camiseta",['Português'],[],False
49,2025-04-09 12:02,MGW_FC,pt,EA Sports FC 25,JOGAMOS NA SUA CONTA! !pix !grupo !trade,['Português'],[],False
50,2025-04-09 12:12,Pedro017Yt,pt,Fortnite,🍉LIVE !DESAFIO🍉+RESGATE SKIN ASSISTINDO A LIVE (❗loja),"['Português', 'Fortnite', 'Jogandocomespectadores', 'DropsEnable']",[],False
50,2025-04-09 12:12,aatonz,pt,Sea of Thieves,!!HEY PIRATA!! 2 reais ou um Sorteio misterioso? VAMOKERE que hoje é QUARTA-FEEEIRA e metade da semana ja foi!! !!BOM DIA!!,"['casual', 'engraçado', 'pirata', 'English', 'Português', 'Yoda', 'Gaules', 'giveaway', 'alanzoka']",[],False
50,2025-04-09 12:12,HenriqueOph,pt,Minecraft,SORTEIO CAPA HOME HARDCORE 1.21.4 +350 DIAS  12 HORAS ON EP 19 !capa !sorteio,"['Português', 'minecraft', 'Hardcore', 'HardMode', 'sobrevivencia', '1VIDA', 'hardcoregamer', 'Singlerplayer', 'MINEDROP', 'TIKTOKCAPA']",[],False
50,2025-04-09 12:12,BrunoBalloni,pt,Counter-Strike,🔴RERUN!!!  -> ❗csgocases ❗regraloja❗farm ❗sub ❗msg ❗loja,"['Português', 'fps', 'Brasil', 'counterstrike', 'cs', 'cs2', 'brazil']",['MatureGame'],False
50,2025-04-09 12:13,joohn_garcia,pt,Overwatch 2,NOSSO LUGAR ESPECIAL - 🔵COD APOIADOR: JOHNZ,"['Gay', 'gameplay', 'nerd', 'playstation', 'inglês', 'Português', 'fortnite', 'Overawatch', 'terror', 'LGBTQIA']",[],False
50,2025-04-09 12:13,EiMine77,pt,Minecraft,✅ RECOMPENSAS ON! | ⭐ SEJA RÁPIDO E GANHE UMA CAPA DE GRAÇA: !CAPA | 💘 INSTAGRAM: @EIMINE77 | !ajuda !rerun !sub !subgratis !loja,"['Minecraft', 'EiMine', 'Português']",[],False
51,2025-04-09 12:20,aatonz,pt,Sea of Thieves,!!HEY PIRATA!! 2 reais ou um Sorteio misterioso? VAMOKERE que hoje é QUARTA-FEEEIRA e metade da semana ja foi!! !!BOM DIA!!,"['casual', 'engraçado', 'pirata', 'English', 'Português', 'Yoda', 'Gaules', 'giveaway', 'alanzoka']",[],False
51,2025-04-09 12:20,Pedro017Yt,pt,Fortnite,🍉LIVE !DESAFIO🍉+RESGATE SKIN ASSISTINDO A LIVE (❗loja),"['Português', 'Fortnite', 'Jogandocomespectadores', 'DropsEnable']",[],False
51,2025-04-09 12:20,HenriqueOph,pt,Minecraft,SORTEIO CAPA HOME HARDCORE 1.21.4 +350 DIAS  12 HORAS ON EP 19 !capa !sorteio,"['Português', 'minecraft', 'Hardcore', 'HardMode', 'sobrevivencia', '1VIDA', 'hardcoregamer', 'Singlerplayer', 'MINEDROP', 'TIKTOKCAPA']",[],False
51,2025-04-09 12:20,BrunoBalloni,pt,Counter-Strike,🔴RERUN!!!  -> ❗csgocases ❗regraloja❗farm ❗sub ❗msg ❗loja,"['Português', 'fps', 'Brasil', 'counterstrike', 'cs', 'cs2', 'brazil']",['MatureGame'],False
51,2025-04-09 12:20,joohn_garcia,pt,Overwatch 2,NOSSO LUGAR ESPECIAL - 🔵COD APOIADOR: JOHNZ,"['Gay', 'gameplay', 'nerd', 'playstation', 'inglês', 'Português', 'fortnite', 'Overawatch', 'terror', 'LGBTQIA']",[],False
51,2025-04-09 12:20,loud_coringa,pt,Just Chatting,LIVE 7 DIAS - DIA 3,['Português'],[],False
51,2025-04-09 12:20,VeronikaVolt,pt,IRL,subathon dia 3 - dormindo,"['Português', 'gay', 'nordeste', 'hemorroida']",['ProfanityVulgarity'],True
51,2025-04-09 12:20,Quel,pt,Stardew Valley,⁎⁺✧ stardew totalmente modificado + sims 4 ✧⁺⁎,"['Brasil', 'Mulher', 'girl', 'jovem', 'SubtitlesOn', 'subtitles', 'chill', 'Cozy', 'wholesome', 'Português']",[],False
51,2025-04-09 12:20,Nogal,pt,Fortnite,AGORA EU VOLTEI MEMO | !amazon !shopee !nuuvem,"['mulheresgamers', 'diversos', 'Português']",[],False
52,2025-04-09 12:30,aatonz,pt,Sea of Thieves,!!HEY PIRATA!! 2 reais ou um Sorteio misterioso? VAMOKERE que hoje é QUARTA-FEEEIRA e metade da semana ja foi!! !!BOM DIA!!,"['casual', 'engraçado', 'pirata', 'English', 'Português', 'Yoda', 'Gaules', 'giveaway', 'alanzoka']",[],False
52,2025-04-09 12:30,Pedro017Yt,pt,Fortnite,🍉LIVE !DESAFIO🍉+RESGATE SKIN ASSISTINDO A LIVE (❗loja),"['Português', 'Fortnite', 'Jogandocomespectadores', 'DropsEnable']",[],False
52,2025-04-09 12:30,HenriqueOph,pt,Minecraft,SORTEIO CAPA HOME HARDCORE 1.21.4 +350 DIAS  12 HORAS ON EP 19 !capa !sorteio,"['Português', 'minecraft', 'Hardcore', 'HardMode', 'sobrevivencia', '1VIDA', 'hardcoregamer', 'Singlerplayer', 'MINEDROP', 'TIKTOKCAPA']",[],False
52,2025-04-09 12:30,joohn_garcia,pt,Overwatch 2,NOSSO LUGAR ESPECIAL - 🔵COD APOIADOR: JOHNZ,"['Gay', 'gameplay', 'nerd', 'playstation', 'inglês', 'Português', 'fortnite', 'Overawatch', 'terror', 'LGBTQIA']",[],False
52,2025-04-09 12:30,BrunoBalloni,pt,Counter-Strike,🔴RERUN!!!  -> ❗csgocases ❗regraloja❗farm ❗sub ❗msg ❗loja,"['Português', 'fps', 'Brasil', 'counterstrike', 'cs', 'cs2', 'brazil']",['MatureGame'],False
52,2025-04-09 12:30,loud_coringa,pt,Just Chatting,LIVE 7 DIAS - DIA 3,['Português'],[],False
52,2025-04-09 12:31,Kennzy,pt,League of Legends,NADA COMO UM DIA APÓS O OUTRO DIA🌹🙏 | !alura | !growth | !pix | !gb,['Português'],[],False
52,2025-04-09 12:31,YoDa,pt,League of Legends,DIA 11 - YO VOICE OPERACAO LOL 2 START 531 PDL - GRAO MESTRE HOJE? HELL CLOCK NA FILA,['Português'],[],False
52,2025-04-09 12:31,revolta,pt,League of Legends,TL REBOLA A SEU DISPOR,"['Português', 'revolta', 'thenextmove', 'jungle', 'bolsolula2100', 'Mito', 'minerva15k', 'sim']",[],False
53,2025-04-09 12:40,joohn_garcia,pt,Overwatch 2,NOSSO LUGAR ESPECIAL - 🔵COD APOIADOR: JOHNZ,"['Gay', 'gameplay', 'nerd', 'playstation', 'inglês', 'Português', 'fortnite', 'Overawatch', 'terror', 'LGBTQIA']",[],False
53,2025-04-09 12:40,Pedro017Yt,pt,Fortnite,🍉LIVE !DESAFIO🍉+RESGATE SKIN ASSISTINDO A LIVE (❗loja),"['Português', 'Fortnite', 'Jogandocomespectadores', 'DropsEnable']",[],False
53,2025-04-09 12:40,HenriqueOph,pt,Minecraft,SORTEIO CAPA HOME HARDCORE 1.21.4 +350 DIAS  12 HORAS ON EP 19 !capa !sorteio,"['Português', 'minecraft', 'Hardcore', 'HardMode', 'sobrevivencia', '1VIDA', 'hardcoregamer', 'Singlerplayer', 'MINEDROP', 'TIKTOKCAPA']",[],False
53,2025-04-09 12:40,Bluezinho2,pt,Dead by Daylight,[+18] 💙BLOOD MOON NO DBD / LIVE CURTINHA🌑 💙,"['LGBTQIAPlus', 'Português', 'ＤBD', 'GamesAndChatting', 'Jogandocomespectadores', 'fallguys', 'Gostoso', 'Veganismos', 'Overｗatch2', 'deadbbydaylight']","['MatureGame', 'ProfanityVulgarity']",False
53,2025-04-09 12:40,MegeraBruna,pt,The Last of Us Part II,The Last of Us 2 vamo sofrer [+18] / !discord / !elo / !regras / !pix / !instagram/ !nick/ !Sorteio/ !clip/ !Sr /  !subathon,"['Português', 'valorant', 'gamergirl', 'fps', 'gamer']",['MatureGame'],False
53,2025-04-09 12:40,CORALtv_,pt,Fortnite,✨ JOGANDO COM O CHAT ✨ FARM VBUCKS ASSISTINDO A LIVE !LOJA ❤️ USE CODE: COORAL #AD ✨!PIX !RESGATE !JOGAR,"['Português', 'Fortnite', 'sorteio', 'VbucksGrátis', 'sorteios', 'vbucks', 'jogandocomespectadores']",[],False
53,2025-04-09 12:40,guigzvlr,pt,VALORANT,PROFESSOR DE LA CASA DE PAPEL. SOMENTE CALLS.  - !EXITLAG | !sub !parcerias !growth !tadala !soldado,['Português'],[],False
53,2025-04-09 12:40,nuuhfps,pt,VALORANT,Ranked tryhard e LOS AS 17H !delay || !bonoxs !pix,"['Português', 'VALORANT', 'humor']",[],False
53,2025-04-09 12:40,fnzyn_,pt,VALORANT,Rankeds y Majestoso THE LAST OF US 2 REMASTERIZADO! 🔥🔥🔥! // !GROWTH !Z3 !Delay !Elo !Sub !Donate !Comandos,"['Português', 'valorant', 'fnzyn', 'Valorantplayer', 'calvoarapucas', 'maincypher', 'gostoso', 'lindohumildegostoso', 'atleta', 'musculoso']",[],False
54,2025-04-09 16:01,Pedro017Yt,pt,Fortnite,🍉LIVE do !DESAFIO🍉+RESGATE SKIN ASSISTINDO A LIVE (❗loja),"['Português', 'Fortnite', 'Jogandocomespectadores', 'DropsEnable']",[],False
54,2025-04-09 16:01,Gaules,pt,Counter-Strike,FLUXO X RED CANIDS - ESL CHALLENGER 49 - !socio - Siga @Gaules nas redes sociais!,['Português'],['MatureGame'],True
54,2025-04-09 16:01,HenriqueOph,pt,Minecraft,SORTEIO CAPA HOME HARDCORE 1.21.4 +350 DIAS  12 HORAS ON EP 19 !capa !sorteio,"['Português', 'minecraft', 'Hardcore', 'HardMode', 'sobrevivencia', '1VIDA', 'hardcoregamer', 'Singlerplayer', 'MINEDROP', 'TIKTOKCAPA']",[],False
54,2025-04-09 16:01,joohn_garcia,pt,Overwatch 2,NOSSO LUGAR ESPECIAL - 🔵COD APOIADOR: JOHNZ,"['Gay', 'gameplay', 'nerd', 'playstation', 'inglês', 'Português', 'fortnite', 'Overawatch', 'terror', 'LGBTQIA']",[],False
54,2025-04-09 16:01,Adriano_Louzada,pt,Fortnite,[+18] Alouuuuuuuuu!!!!!,"['Português', 'PS5', 'Fortnite']",['ProfanityVulgarity'],False
54,2025-04-09 16:01,alanzoka,pt,Into the Dead: Our Darkest Days,mais into the dead em busca da fuga e jogo com os colegas mais tarde,"['Idoso', 'Gostoso', 'Português']",[],False
54,2025-04-09 16:01,HANAIfps,pt,Counter-Strike,!grupo Fever Case pra vocês,"['sorteiodeskins', 'CS2', 'csgoskins', 'skins', 'keydrop', 'Português']",['MatureGame'],False
54,2025-04-09 16:02,barr4k,pt,Counter-Strike,"🟢 O BLG É DOIDO E O PROCESSO É LENTO -> !PLAY = R$250,00 SORTEIOS TODA PARTIDA -> !ASTRO COMPRE E VENDA SKINS","['Português', 'Compre', 'Na', 'Astro', 'Skins']",['MatureGame'],True
54,2025-04-09 16:02,EdHunterCS,pt,We Were Here,Nova parceria !INSANE ❗️resultado ❗️pix ❗️sons,['Português'],[],False
55,2025-04-09 16:12,Pedro017Yt,pt,Fortnite,🍉LIVE do !DESAFIO🍉+RESGATE SKIN ASSISTINDO A LIVE (❗loja),"['Português', 'Fortnite', 'Jogandocomespectadores', 'DropsEnable']",[],False
55,2025-04-09 16:12,EiMine77,pt,Minecraft,✅ RECOMPENSAS ON! | ⭐ SEJA RÁPIDO E GANHE UMA CAPA DE GRAÇA: !CAPA | 💘 INSTAGRAM: @EIMINE77 | !ajuda !rerun !sub !subgratis !loja,"['Minecraft', 'EiMine', 'Português']",[],False
55,2025-04-09 16:12,HenriqueOph,pt,Minecraft,SORTEIO CAPA HOME HARDCORE 1.21.4 +350 DIAS  12 HORAS ON EP 19 !capa !sorteio,"['Português', 'minecraft', 'Hardcore', 'HardMode', 'sobrevivencia', '1VIDA', 'hardcoregamer', 'Singlerplayer', 'MINEDROP', 'TIKTOKCAPA']",[],False
55,2025-04-09 16:13,loud_coringa,pt,Just Chatting,LIVE 7 DIAS - DIA 3,['Português'],[],False
55,2025-04-09 16:13,joohn_garcia,pt,Overwatch 2,NOSSO LUGAR ESPECIAL - 🔵COD APOIADOR: JOHNZ,"['Gay', 'gameplay', 'nerd', 'playstation', 'inglês', 'Português', 'fortnite', 'Overawatch', 'terror', 'LGBTQIA']",[],False
55,2025-04-09 16:13,Adriano_Louzada,pt,Fortnite,[+18] Alouuuuuuuuu!!!!!,"['Português', 'PS5', 'Fortnite']",['ProfanityVulgarity'],False
55,2025-04-09 16:13,Kennzy,pt,ROBLOX,DESBRAVANDO O ROBLOX COM O CHAT🌹🙏 | !alura | !growth | !pix | !gb,['Português'],[],False
55,2025-04-09 16:13,filipoppy1,pt,League of Legends,🟠 KBM Filipoppy - MONO POP CHARLES 🔨🤓☝️,"['Português', 'Challenger', 'poppy', 'monochampion']",[],False
55,2025-04-09 16:13,micaO,pt,League of Legends,RUMO AO TOP 1 !curso !replay !telegram !tierlist !youtube,"['Português', 'ADC', 'Challenger']",[],False
56,2025-04-09 16:20,Pedro017Yt,pt,Fortnite,🍉LIVE do !DESAFIO🍉+RESGATE SKIN ASSISTINDO A LIVE (❗loja),"['Português', 'Fortnite', 'Jogandocomespectadores', 'DropsEnable']",[],False
56,2025-04-09 16:20,loud_coringa,pt,Just Chatting,LIVE 7 DIAS - DIA 3,['Português'],[],False
56,2025-04-09 16:21,HenriqueOph,pt,Minecraft,SORTEIO CAPA HOME HARDCORE 1.21.4 +350 DIAS  12 HORAS ON EP 19 !capa !sorteio,"['Português', 'minecraft', 'Hardcore', 'HardMode', 'sobrevivencia', '1VIDA', 'hardcoregamer', 'Singlerplayer', 'MINEDROP', 'TIKTOKCAPA']",[],False
56,2025-04-09 16:21,EiMine77,pt,Minecraft,✅ RECOMPENSAS ON! | ⭐ SEJA RÁPIDO E GANHE UMA CAPA DE GRAÇA: !CAPA | 💘 INSTAGRAM: @EIMINE77 | !ajuda !rerun !sub !subgratis !loja,"['Minecraft', 'EiMine', 'Português']",[],False
56,2025-04-09 16:21,alanzoka,pt,Into the Dead: Our Darkest Days,mais into the dead em busca da fuga e jogo com os colegas mais tarde,"['Idoso', 'Gostoso', 'Português']",[],False
56,2025-04-09 16:21,Adriano_Louzada,pt,Fortnite,[+18] Alouuuuuuuuu!!!!!,"['Português', 'PS5', 'Fortnite']",['ProfanityVulgarity'],False
56,2025-04-09 16:21,dineylocutormg,pt,Red Dead Redemption 2,[+18] [Downtown Roleplay] VIDA NOVA CONHECENDO O CONDADO E CONHECENDO A FAZENDA LOCUTOR!!!    ❗PIX  ❗YT  ❗INSTA ❗TK,"['Português', 'Brasil', 'live', 'PaulinhoLOKObr', 'RedDeadRedempition2', 'codando', 'roblox', 'laud']",['MatureGame'],False
56,2025-04-09 16:21,PeNaEstrada,pt,Red Dead Redemption 2,[+18] [OESTE RP] -  #048 - ABRAÃO COOPER - DOMADOR DE CAVALOS  - ❗clipa - ❗️pix - ❗oeste ❗caça,"['Português', 'Roleplay', 'RP', 'fivem', 'RedM']","['MatureGame', 'ProfanityVulgarity']",False
56,2025-04-09 16:21,RP_Pitbull,pt,Grand Theft Auto V,🛑[ +18 ]🛑{VALLEY} DELEGADO PITBULL VOLTOUUUU -!Pix !pc !resenha !figurinhas subscritos,"['Português', 'soconversa', 'RP', 'valley', 'paulinhooloko', 'GTAⅤ', 'GTARP', 'capitalvalley', 'valley', 'GTAⅤ']",['MatureGame'],False
57,2025-04-09 16:30,loud_coringa,pt,Just Chatting,LIVE 7 DIAS - DIA 3,['Português'],[],False
57,2025-04-09 16:30,HenriqueOph,pt,Minecraft,SORTEIO CAPA HOME HARDCORE 1.21.4 +350 DIAS  12 HORAS ON EP 19 !capa !sorteio,"['Português', 'minecraft', 'Hardcore', 'HardMode', 'sobrevivencia', '1VIDA', 'hardcoregamer', 'Singlerplayer', 'MINEDROP', 'TIKTOKCAPA']",[],False
57,2025-04-09 16:31,EiMine77,pt,Minecraft,✅ RECOMPENSAS ON! | ⭐ SEJA RÁPIDO E GANHE UMA CAPA DE GRAÇA: !CAPA | 💘 INSTAGRAM: @EIMINE77 | !ajuda !rerun !sub !subgratis !loja,"['Minecraft', 'EiMine', 'Português']",[],False
57,2025-04-09 16:31,alanzoka,pt,Into the Dead: Our Darkest Days,mais into the dead em busca da fuga e jogo com os colegas mais tarde,"['Idoso', 'Gostoso', 'Português']",[],False
57,2025-04-09 16:31,F9Rezende,pt,Minecraft,❗ip VEM JOGAR COMIGO  ✅  NOVIDADES NO SURVIVAL ✅✨ SERVER ABERTO JAVA E BEDROCK ✨,"['hardcore', 'server', 'servidor', 'jogandocomespectadores', 'servidoraberto', 'minecraft', 'desafio', 'Multiplayer', 'Português', 'modpack']",[],False
57,2025-04-09 16:31,taruhgg,pt,Counter-Strike,Lobby com os SUBS e MEMBROS ❗curso ❗csgobig ❗neshastore ❗skinclub,['Português'],['MatureGame'],False
57,2025-04-09 16:31,kenshinImperatriz,pt,Just Chatting,[+16]    Papos +  Filme Moana 2   ❗pix ❗social  ❗discord,"['Português', 'react', 'Vtuber', 'ComfyChaotic', 'ComfyStream', 'interação', 'Femboys', 'Anime']","['ProfanityVulgarity', 'SexualThemes']",False
57,2025-04-09 16:31,Pipuzinha,pt,Just Chatting,QUANTO TEMPO VC SOBREVIVERIA NUM APOCALIPSE ZUMBI? ❤️❕discord  ❕pix  ❕clip,['Português'],[],False
57,2025-04-09 16:31,Mayuura,pt,Baldur's Gate 3,Perdendo as amizades【+16🌸BR/LIVE Simultânea】❗pix ❗comandos,"['Português', 'Vtuber', 'Raposa', 'Comfy', 'LGBTQIAFriendlySpace', 'Anime', 'Kitsune', 'GTARP']","['MatureGame', 'ProfanityVulgarity']",False
58,2025-04-09 20:01,iShadowWolf_,pt,Sea of Thieves,(+18) Livezinha Muito Doida!   ||   (❗comandos ❗metas ❗drops)   ||   (Epic Code: SHADOWOLF),['Português'],[],False
58,2025-04-09 20:01,Dilascio_,pt,Marvel Rivals,GRIND ONE ABOVE ALL NA MAIN,"['Português', 'Competitivo', 'Conversa', 'top500', 'overwatch', 'English']",[],False
58,2025-04-09 20:01,GUU_YT,pt,Fortnite,ATUALIZAÇÃO BALLISTIC. E SKIN GRATIS RANQUEADA ITENS FORTNITE( APOIE GUU NA LOJA ),"['Fortnite', 'lojadehojefortnite', 'Apoieumcriador', 'JOGOFORTNITE', 'VbucksGrátis', 'gratisvbucks', 'LOJADEITENS', 'Português', 'dropsfortnite']",[],False
58,2025-04-09 20:01,DanriqueTW,pt,Minecraft,A BASE ELEVADOR! !host !cobblemon,['Português'],[],False
58,2025-04-09 20:01,waveigl,pt,Counter-Strike,+18 🔞 WAVEIGL ❤️,['Português'],"['MatureGame', 'ProfanityVulgarity']",False
58,2025-04-09 20:01,iMartynFox,pt,Marvel Rivals,[+18 | EN/ PT-BR]  LET'S PLAY A GAME ❗PIX | #OverwatchCreator #OW2Brasil | CÓDIGO DE CRIADOR EPIC GAMES @iMARTYNFOX,['Português'],[],True
58,2025-04-09 20:01,oparazim,pt,EA Sports FC 25,"‼️70 PPS 80+, 2xPP ICON! 🚜Farming Sawa e Eusébio","['fifa', 'eafc', 'fc24', 'fc24livestream', 'Português', 'fc25', 'fc25livestream']",[],False
58,2025-04-09 20:02,BRUXAO_GAMER,pt,Call of Duty: Warzone,🎥rerun🎥 GANHE 2 RODADAS GRÁTIS NA ROLEITA !rerun,"['AMA', 'JogadoresIniciantes', 'ModoBattleRoyale', 'HypeTrain', 'Ação', 'Ansiedade', 'FPS', 'Jogodetiro', 'Português', 'DropsAtivados']",['MatureGame'],False
58,2025-04-09 20:02,TioSpeedy,pt,EA Sports FC 25,PONTUAÇÃO RIVALS + RESENHA COM TIOZÃO!,"['Português', 'Coach', 'dicas', 'TIOSPEEDY', 'eafc25', 'sharkmacedo', 'paivinha29', 'fifenzo', 'Gaules', 'adolfz']",[],False
59,2025-04-09 20:12,iShadowWolf_,pt,Sea of Thieves,(+18) Livezinha Muito Doida!   ||   (❗comandos ❗metas ❗drops)   ||   (Epic Code: SHADOWOLF),['Português'],[],False
59,2025-04-09 20:12,Dilascio_,pt,Marvel Rivals,GRIND ONE ABOVE ALL NA MAIN,"['Português', 'Competitivo', 'Conversa', 'top500', 'overwatch', 'English']",[],False
59,2025-04-09 20:12,GUU_YT,pt,Fortnite,ATUALIZAÇÃO BALLISTIC. E SKIN GRATIS RANQUEADA ITENS FORTNITE( APOIE GUU NA LOJA ),"['Fortnite', 'lojadehojefortnite', 'Apoieumcriador', 'JOGOFORTNITE', 'VbucksGrátis', 'gratisvbucks', 'LOJADEITENS', 'Português', 'dropsfortnite']",[],False
59,2025-04-09 20:12,AkamePNG,pt,VALORANT,Estreia da Extermine na Taça das minas ❤️ Campeonato inclusivo - !elo !loja !pix,"['Português', 'gamegirl']",['ProfanityVulgarity'],False
59,2025-04-09 20:12,waveigl,pt,Counter-Strike,+18 🔞 WAVEIGL ❤️,['Português'],"['MatureGame', 'ProfanityVulgarity']",False
59,2025-04-09 20:12,iMartynFox,pt,Marvel Rivals,[+18 | EN/ PT-BR]  LET'S PLAY A GAME ❗PIX | #OverwatchCreator #OW2Brasil | CÓDIGO DE CRIADOR EPIC GAMES @iMARTYNFOX,['Português'],[],True
59,2025-04-09 20:12,Trombinha13,pt,Counter-Strike,[+18] GCZINHA NO TALO,"['valorant', 'VALORANＴ', 'Português', 'GTARPLIVE', 'social', 'conversa', 'sónaconversa', 'sonaconversa', 'counterstrike', 'CounterStriker2']",['MatureGame'],False
59,2025-04-09 20:13,JapaDaMydiSkins,pt,Counter-Strike,É grátis os 20 sorteios por live mais de R$22.000 em skins !play para participar,"['Português', 'CounterStriker2', 'risada', 'engraçado', 'skinscsgo', 'skinsgratis', 'sorteiodeskins']",['MatureGame'],False
59,2025-04-09 20:13,vnnnzz,pt,Counter-Strike,🟢LIVE DE CARA NOVA E MUITO CS🔥LOJINHA ON! SUBS 5X 🔥,"['csgo', 'faceit', 'brasil', 'counterstrike', 'gamersclub', 'portugues', 'tribo', 'Português', 'CS2']",['MatureGame'],False
60,2025-04-09 20:23,waveigl,pt,Counter-Strike,+18 🔞 WAVEIGL ❤️,['Português'],"['MatureGame', 'ProfanityVulgarity']",False
60,2025-04-09 20:23,iShadowWolf_,pt,Sea of Thieves,(+18) Livezinha Muito Doida!   ||   (❗comandos ❗metas ❗drops)   ||   (Epic Code: SHADOWOLF),['Português'],[],False
60,2025-04-09 20:23,GUU_YT,pt,Fortnite,ATUALIZAÇÃO BALLISTIC. E SKIN GRATIS RANQUEADA ITENS FORTNITE( APOIE GUU NA LOJA ),"['Fortnite', 'lojadehojefortnite', 'Apoieumcriador', 'JOGOFORTNITE', 'VbucksGrátis', 'gratisvbucks', 'LOJADEITENS', 'Português', 'dropsfortnite']",[],False
60,2025-04-09 20:23,Dilascio_,pt,Marvel Rivals,GRIND ONE ABOVE ALL NA MAIN,"['Português', 'Competitivo', 'Conversa', 'top500', 'overwatch', 'English']",[],False
60,2025-04-09 20:23,AkamePNG,pt,VALORANT,Estreia da Extermine na Taça das minas ❤️ Campeonato inclusivo - !elo !loja !pix,"['Português', 'gamegirl']",['ProfanityVulgarity'],False
60,2025-04-09 20:23,DanriqueTW,pt,Minecraft,A BASE ELEVADOR! !host !cobblemon,['Português'],[],False
60,2025-04-09 20:23,Explorador_Preguicoso,pt,Don't Starve Together,Jogando por 6 horas com a WINONA - Dont starve together,"['portugués', 'DontStarveTogether', 'DONTSTARVE', 'palworlds', 'Português']",[],False
60,2025-04-09 20:23,Twoo_ttv,pt,The Last of Us Part II: Remastered,The Last of Us - Parte 2 Remastered | Sem Spoilers Por Favor ❗pix ❗forjandogames ❗linktree ❗youtube,"['Português', 'ProjectZomboid']",['MatureGame'],False
60,2025-04-09 20:23,peachy_yumi,pt,Overwatch 2,🍑 Subathon pro Campeonato 🍑 Campeachy 13/04-19/04 🍑 mestre sup kiri - peachython,"['OW2LeSserafim', 'OW2Season15', 'OverwatchCreator', 'OW2Brasil', 'Português', 'English']",[],False
61,2025-04-10 00:01,exexeboy,pt,Overwatch 2,bits? 🙌 sub? 🙌 lurk? 🙌 (me ajuda na meta por favorzinho),"['Portuguese', 'Português']",[],False
61,2025-04-10 00:01,oSinon,pt,FINAL FANTASY VII REMAKE,Bora fortzinn sabrina carpenter ta no JOGO @pscyrax CODE O SINON !pix,"['Português', 'ação', 'fortnite', 'gostosa', 'mulher', 'AMA', 'tiosino', 'Gostoso']",[],False
61,2025-04-10 00:01,LetizaTV,pt,Just Chatting,Madrugou por aq | !pix,['Português'],[],False
61,2025-04-10 00:01,iShadowWolf_,pt,Fortnite,(+18) Livezinha Muito Doida!   ||   (❗comandos ❗metas ❗drops)   ||   (Epic Code: SHADOWOLF),['Português'],[],False
61,2025-04-10 00:01,DanriqueTW,pt,Minecraft,A BASE ELEVADOR! !host !cobblemon,['Português'],[],False
61,2025-04-10 00:01,Bkinho,pt,Grand Theft Auto V,NOVAS PESSOAS NA TROPA?! RECRUTAMENTO,"['Português', 'Turquia', 'Hype', 'Bkinho']",['MatureGame'],False
61,2025-04-10 00:01,JapaDaMydiSkins,pt,Counter-Strike,É grátis os 20 sorteios por live mais de R$22.000 em skins !play para participar,"['Português', 'CounterStriker2', 'risada', 'engraçado', 'skinscsgo', 'skinsgratis', 'sorteiodeskins']",['MatureGame'],False
61,2025-04-10 00:02,zorfgamer,pt,Counter-Strike,🟢 [AO VIVO] SORTEIO MENSAL DE LUVA 🟣 !insane !suaskin !zap !sorteio !mensal,"['Português', 'CSGO', 'sorteos', 'skins', 'CS2', 'counterstrike', 'English']",['MatureGame'],False
61,2025-04-10 00:02,oMACKZAO,pt,Counter-Strike,⚡+18 | LIVE CURTA TESTANDO AS CONFIGS ❤️ | !PIX !VIP !SUB !MIX !SORTEIO !COMANDOS | SIGA @oMACKZAO NAS REDES SOCIAIS!,"['Português', 'CS2', 'proplayer', 'Gaulês', 'MCH', 'Apoka', 'fer', 'boltz', 'fallen', 'counterstrike']",['MatureGame'],False
62,2025-04-10 00:12,exexeboy,pt,Overwatch 2,bits? 🙌 sub? 🙌 lurk? 🙌 (me ajuda na meta por favorzinho),"['Portuguese', 'Português']",[],False
62,2025-04-10 00:12,jaimeleef,pt,VALORANT,Uma partida de vavazin e depois vou casual com  o chat no Marvels,"['Português', 'Anime']",[],False
62,2025-04-10 00:12,LetizaTV,pt,Just Chatting,Madrugou por aq | !pix,['Português'],[],False
62,2025-04-10 00:12,Bkinho,pt,Grand Theft Auto V,NOVAS PESSOAS NA TROPA?! RECRUTAMENTO,"['Português', 'Turquia', 'Hype', 'Bkinho']",['MatureGame'],False
62,2025-04-10 00:12,DanriqueTW,pt,Minecraft,A BASE ELEVADOR! !host !cobblemon,['Português'],[],False
62,2025-04-10 00:12,iShadowWolf_,pt,Fortnite,(+18) Livezinha Muito Doida!   ||   (❗comandos ❗metas ❗drops)   ||   (Epic Code: SHADOWOLF),['Português'],[],False
62,2025-04-10 00:12,Desyrew,pt,Fortnite,Já não sei mais o que escrever de título | #70 | !comandos !fila !tinder !fugir !abraço !desyrew !pinou,"['Mulher', 'Português', 'Brazilian', 'Brasil', 'PS4']",[],False
62,2025-04-10 00:12,carboniraco,pt,Rocket League,🟢Live 511🟢 live da madrugada !!  !cod #ADS (+18 ),"['ranked', 'tiro', 'humor', 'fps', 'Battleroayale', 'LeagueaofLegends', 'VALORANT', 'Português', 'fortnite', 'Brasil']",[],False
62,2025-04-10 00:12,akamehih,pt,Dead by Daylight,(DROPS ON) Sabia que  ₊˚⊹ | !lurk !pix !voz,"['Mulher', 'Pink', 'Lurk', 'Pix', 'Susto', 'Amigos', 'Sobrevivente', 'Evento', 'FengMin', 'Sable']","['MatureGame', 'ProfanityVulgarity']",False
63,2025-04-10 00:21,exexeboy,pt,Overwatch 2,bits? 🙌 sub? 🙌 lurk? 🙌 (me ajuda na meta por favorzinho),"['Portuguese', 'Português']",[],False
63,2025-04-10 00:21,oSinon,pt,FINAL FANTASY VII REMAKE,Fantasia final 7 REFEITO  | #AD USE O CODE SINON !pix,"['Português', 'ação', 'fortnite', 'gostosa', 'mulher', 'AMA', 'tiosino', 'Gostoso']",[],False
63,2025-04-10 00:21,LetizaTV,pt,Just Chatting,LETFLIX | Homem de Ferro 2  | !pix,['Português'],[],False
63,2025-04-10 00:21,DanriqueTW,pt,Minecraft,A BASE ELEVADOR! !host !cobblemon,['Português'],[],False
63,2025-04-10 00:21,iShadowWolf_,pt,Fortnite,(+18) Livezinha Muito Doida!   ||   (❗comandos ❗metas ❗drops)   ||   (Epic Code: SHADOWOLF),['Português'],[],False
63,2025-04-10 00:21,Bkinho,pt,Grand Theft Auto V,NOVAS PESSOAS NA TROPA?! RECRUTAMENTO,"['Português', 'Turquia', 'Hype', 'Bkinho']",['MatureGame'],False
64,2025-04-10 00:29,exexeboy,pt,Overwatch 2,bits? 🙌 sub? 🙌 lurk? 🙌 (me ajuda na meta por favorzinho),"['Portuguese', 'Português']",[],False
64,2025-04-10 00:29,oSinon,pt,FINAL FANTASY VII REMAKE,Fantasia final 7 REFEITO  | #AD USE O CODE SINON !pix,"['Português', 'ação', 'fortnite', 'gostosa', 'mulher', 'AMA', 'tiosino', 'Gostoso']",[],False
64,2025-04-10 00:29,LetizaTV,pt,Just Chatting,LETFLIX | Homem de Ferro 2  | !pix,['Português'],[],False
64,2025-04-10 00:29,DanriqueTW,pt,Minecraft,A BASE ELEVADOR! !host !cobblemon,['Português'],[],False
64,2025-04-10 00:29,iShadowWolf_,pt,Fortnite,(+18) Livezinha Muito Doida!   ||   (❗comandos ❗metas ❗drops)   ||   (Epic Code: SHADOWOLF),['Português'],[],False
64,2025-04-10 00:29,Bkinho,pt,Grand Theft Auto V,NOVAS PESSOAS NA TROPA?! RECRUTAMENTO,"['Português', 'Turquia', 'Hype', 'Bkinho']",['MatureGame'],False
64,2025-04-10 00:29,Tiba041,pt,Just Chatting,🚨 CHEIO DE METAL ALQUIMISTA + POKETIBIA | !lolja !nuuvem !sub !prime !pix !growth,"['Português', 'Pokémon', 'Tiba', 'jogos', 'TCGPokemon', 'React', 'justcchatting', 'Brasil']",['ProfanityVulgarity'],False
64,2025-04-10 00:29,cereaw,pt,Minecraft,RESENHA 🤙 INCIDUS 🤙 RESENHA 🤙,"['Português', '7TV', 'sucrilhos', 'jacaré', 'skate']",[],False
64,2025-04-10 00:29,eajaymello,pt,Just Chatting,LIVE de TERNO,['Português'],[],False
65,2025-04-10 00:39,exexeboy,pt,Overwatch 2,bits? 🙌 sub? 🙌 lurk? 🙌 (me ajuda na meta por favorzinho),"['Portuguese', 'Português']",[],False
65,2025-04-10 00:39,LetizaTV,pt,Just Chatting,LETFLIX | Homem de Ferro 2  | !pix,['Português'],[],False
65,2025-04-10 00:39,Bkinho,pt,Grand Theft Auto V,NOVAS PESSOAS NA TROPA?! RECRUTAMENTO,"['Português', 'Turquia', 'Hype', 'Bkinho']",['MatureGame'],False
65,2025-04-10 00:39,ckgeek,pt,Marvel Rivals,DIMA RUMO AO GM PRA NAO CAIR TANTO ✅RERUN✅,"['Português', 'DropsAtivados']",[],False
65,2025-04-10 00:39,iShadowWolf_,pt,Fortnite,(+18) Livezinha Muito Doida!   ||   (❗comandos ❗metas ❗drops)   ||   (Epic Code: SHADOWOLF),['Português'],[],False
65,2025-04-10 00:39,DanriqueTW,pt,Minecraft,A BASE ELEVADOR! !host !cobblemon,['Português'],[],False
65,2025-04-10 00:39,TiaDaMerenda,pt,Overwatch 2,""" Era melhor ter ido ver o filme do pelé. ""  ❗moedas ❗ow  ❗amigo ❗pix ❗","['Português', 'conversação', 'Dentrodoslimites', 'iniciante', 'Brasil', 'DDA', 'LGBTQIAsafeplace']",['SexualThemes'],False
65,2025-04-10 00:39,FEARnando,pt,Overwatch 2,🕷 VENOM 🍑RIVALS + OW2 🗣 surtos e flores ao fundo pra amenizar 🌹✨🏳️‍🌈🎮 EN/PT,"['lgbt', 'English', 'Português', 'Horror', 'PsychologicalHorror', 'HardMode']",[],False
65,2025-04-10 00:39,jrodorfo,pt,Marvel Rivals,"(drops) diversão, alegria e hype pra prox season! SIMBORA RANKEDS!",['Português'],[],False
66,2025-04-10 04:01,exexeboy,pt,Overwatch 2,bits? 🙌 sub? 🙌 lurk? 🙌 (me ajuda na meta por favorzinho),"['Portuguese', 'Português']",[],False
66,2025-04-10 04:01,waveigl,pt,Counter-Strike,+18 🔞 WAVEIGL ❤️,['Português'],"['MatureGame', 'ProfanityVulgarity']",False
66,2025-04-10 04:01,MatutosGaming,pt,Fortnite,[+18] LIVE para quem não dorme🌙 Madrugada com os Matutos 🔥NOS AJUDE A BATER AS METAS ❗Rifa ❗️pix ou ❗️donate Através do Paypal ✨ | ❗️jogar,"['BRASIL', 'JOGANDOCOMVIEWS', 'fortnitetrocacao', 'marvelrivals', 'NordesteGamer', 'LGBTQGamer', 'HumorNoGame', 'PS5', 'ZeroBuild', 'LGBTQGamers']",[],False
66,2025-04-10 04:01,loud_coringa,pt,Just Chatting,IRL NA FESTA DO TET | LIVE 7 DIAS - DIA 4,['Português'],[],False
66,2025-04-10 04:01,EiMine77,pt,Minecraft,✅ RECOMPENSAS ON! | ⭐ SEJA RÁPIDO E GANHE UMA CAPA DE GRAÇA: !CAPA | 💘 INSTAGRAM: @EIMINE77 | !ajuda !rerun !sub !subgratis !loja,"['Minecraft', 'EiMine', 'Português']",[],False
66,2025-04-10 04:01,ZAKl1k,pt,Minecraft,🟢 MINECRAFT | ⭐ GANHE ASSISTINDO | 🌟 REESTOQUE DIA 10 ou 16 às 18h | !loja !points !prime !sub,"['Português', 'Minecraft']",[],False
66,2025-04-10 04:01,jrodorfo,pt,Marvel Rivals,"(drops) diversão, alegria e hype pra prox season! SIMBORA RANKEDS!",['Português'],[],False
66,2025-04-10 04:01,BobSiqueira,pt,Counter-Strike,QUARTAMOS NO MELHOR ESTILO  ---  -> ->  !Formulario  !TopSkins  !Insane  !Loja  !XTSKINS,"['Português', 'Bobzao', 'CS2', 'reacts', 'Pc', 'csgo', 'topskins']",['MatureGame'],True
66,2025-04-10 04:01,ataldaeclypse,pt,Detroit: Become Human,dois reais ou uma jogantina misteriosa !PIX !ELO !PATROCINIO,"['Português', 'valorant', 'BR', 'gamergirl', 'Mulher']",['MatureGame'],False
67,2025-04-10 04:09,exexeboy,pt,Overwatch 2,bits? 🙌 sub? 🙌 lurk? 🙌 (me ajuda na meta por favorzinho),"['Portuguese', 'Português']",[],False
67,2025-04-10 04:09,waveigl,pt,Manor Lords,+18 🔞 WAVEIGL ❤️,['Português'],['ProfanityVulgarity'],False
67,2025-04-10 04:10,MatutosGaming,pt,Fortnite,[+18] LIVE para quem não dorme🌙 Madrugada com os Matutos 🔥NOS AJUDE A BATER AS METAS ❗Rifa ❗️pix ou ❗️donate Através do Paypal ✨ | ❗️jogar,"['BRASIL', 'JOGANDOCOMVIEWS', 'fortnitetrocacao', 'marvelrivals', 'NordesteGamer', 'LGBTQGamer', 'HumorNoGame', 'PS5', 'ZeroBuild', 'LGBTQGamers']",[],False
67,2025-04-10 04:10,loud_coringa,pt,Just Chatting,IRL NA FESTA DO TET | LIVE 7 DIAS - DIA 4,['Português'],[],False
67,2025-04-10 04:10,EiMine77,pt,Minecraft,✅ RECOMPENSAS ON! | ⭐ SEJA RÁPIDO E GANHE UMA CAPA DE GRAÇA: !CAPA | 💘 INSTAGRAM: @EIMINE77 | !ajuda !rerun !sub !subgratis !loja,"['Minecraft', 'EiMine', 'Português']",[],False
67,2025-04-10 04:10,ckgeek,pt,Marvel Rivals,DIMA RUMO AO GM PRA NAO CAIR TANTO ✅RERUN✅,"['Português', 'DropsAtivados']",[],False
67,2025-04-10 04:10,DaniloFariasFUT,pt,EA Sports FC 25,A REMONTADA DO POKA TELHA  FC . PP DE ICON = PACKS EM BUSCA DA MITADA / PONTOS DO RIVALS  !LOJA @danilofariasfut,"['Português', 'ultimateteam', 'dicas', 'eafc25', 'tutorials', 'livestreamers', 'resenha', 'frontpagetwitch', 'TOTY', 'KingsLeague']",[],False
67,2025-04-10 04:10,Fifandrade,pt,EA Sports FC 25,"VOLTEI, HYPE DAS 4H, RECOMPENSAS DA WL, FINALIZANDO O RIVALS E FARMING! !donate1 !donate2 !coins !sub !pix","['Português', 'eaesports', 'EAFC', 'eafc25', 'ultimateteam', 'fc25', 'fc25gameplay']",[],False
67,2025-04-10 04:10,xGuuhGabrielx,pt,EA Sports FC 25,"Rush, Rivals Farmando Pontos Semanais, Recompensas Rivals Elite, Farm Diário, DMEs, Packs e Resenha | DIGITE !Livepix !cliente !grupo !meta","['EASPORTS', 'EAFC', 'eafc25', 'ultimateteam', 'fc25', 'fc25gameplay', 'Português', 'Paivinha29', 'Carpentieri', 'Adolfz']",[],False
68,2025-04-10 04:17,exexeboy,pt,Overwatch 2,bits? 🙌 sub? 🙌 lurk? 🙌 (me ajuda na meta por favorzinho),"['Portuguese', 'Português']",[],False
68,2025-04-10 04:17,loud_coringa,pt,Just Chatting,IRL NA FESTA DO TET | LIVE 7 DIAS - DIA 4,['Português'],[],False
68,2025-04-10 04:17,MatutosGaming,pt,Fortnite,[+18] LIVE para quem não dorme🌙 Madrugada com os Matutos 🔥NOS AJUDE A BATER AS METAS ❗Rifa ❗️pix ou ❗️donate Através do Paypal ✨ | ❗️jogar,"['BRASIL', 'JOGANDOCOMVIEWS', 'fortnitetrocacao', 'marvelrivals', 'NordesteGamer', 'LGBTQGamer', 'HumorNoGame', 'PS5', 'ZeroBuild', 'LGBTQGamers']",[],False
68,2025-04-10 04:17,ckgeek,pt,Marvel Rivals,DIMA RUMO AO GM PRA NAO CAIR TANTO ✅RERUN✅,"['Português', 'DropsAtivados']",[],False
68,2025-04-10 04:17,waveigl,pt,Manor Lords,+18 🔞 WAVEIGL ❤️,['Português'],['ProfanityVulgarity'],False
68,2025-04-10 04:17,EiMine77,pt,Minecraft,✅ RECOMPENSAS ON! | ⭐ SEJA RÁPIDO E GANHE UMA CAPA DE GRAÇA: !CAPA | 💘 INSTAGRAM: @EIMINE77 | !ajuda !rerun !sub !subgratis !loja,"['Minecraft', 'EiMine', 'Português']",[],False
68,2025-04-10 04:17,oXCloeXo,en,Dead by Daylight,hmm... FREE !giveway when i'm live for April!,"['English', 'DropsEnabled']",['MatureGame'],False
68,2025-04-10 04:17,WyldeMimi,en,R.E.P.O.,Playing modded Repo with the Boys @techrelic @silentrubberducky @thesto @tmggvade💜 !vibe !throne !18+,"['Safespace', 'kpop', 'LGBTQIAPIus', 'English', 'bts', 'Latina', 'LurkersWelcome', 'twitchlatinguild', 'Keymailer', 'ajg']",[],False
68,2025-04-10 04:17,TopLoonatic,en,Schedule I,just cooking shtuff,"['English', 'smallstreamer', 'BackseatingaIIowed', 'Friendly', 'chattingwithviewers', 'smallcommunity', 'Hispanic', 'holidayhoopla']",['MatureGame'],False
69,2025-04-10 04:26,exexeboy,pt,Overwatch 2,bits? 🙌 sub? 🙌 lurk? 🙌 (me ajuda na meta por favorzinho),"['Portuguese', 'Português']",[],False
69,2025-04-10 04:26,loud_coringa,pt,Just Chatting,IRL NA FESTA DO TET | LIVE 7 DIAS - DIA 4,['Português'],[],False
69,2025-04-10 04:26,MatutosGaming,pt,Fortnite,[+18] LIVE para quem não dorme🌙 Madrugada com os Matutos 🔥NOS AJUDE A BATER AS METAS ❗Rifa ❗️pix ou ❗️donate Através do Paypal ✨ | ❗️jogar,"['BRASIL', 'JOGANDOCOMVIEWS', 'fortnitetrocacao', 'marvelrivals', 'NordesteGamer', 'LGBTQGamer', 'HumorNoGame', 'PS5', 'ZeroBuild', 'LGBTQGamers']",[],False
69,2025-04-10 04:26,ckgeek,pt,Marvel Rivals,DIMA RUMO AO GM PRA NAO CAIR TANTO ✅RERUN✅,"['Português', 'DropsAtivados']",[],False
69,2025-04-10 04:26,EiMine77,pt,Minecraft,✅ RECOMPENSAS ON! | ⭐ SEJA RÁPIDO E GANHE UMA CAPA DE GRAÇA: !CAPA | 💘 INSTAGRAM: @EIMINE77 | !ajuda !rerun !sub !subgratis !loja,"['Minecraft', 'EiMine', 'Português']",[],False
69,2025-04-10 04:26,waveigl,pt,Manor Lords,+18 🔞 WAVEIGL ❤️,['Português'],['ProfanityVulgarity'],False
69,2025-04-10 04:26,donkgord0,pt,Counter-Strike,🕺🏻💪🏻😎🦜+18 LOBBYZADA GAMERSCLUB @ckzao @goiamo @pava ❗RAINGG  🤪 !!❗neshastore  ❗gamearena❗csgoskins,"['CSGO', 'FPS', 'GAMERSCLUB', 'GC', 'LVL20', 'Português', 'lol', 'leagueoflegends', 'moba']",['MatureGame'],False
69,2025-04-10 04:26,arch1vesfps,pt,Counter-Strike,🔥 TOP 1 MUNDIAL CS RANK 30K+ LEVEL 21 GC ( ͡° ͜ʖ ͡°) 🛒RERUN ➡️ !loja !config !mira !sorteio,"['en', 'pt', 'gamersclub', 'faceit', 'premier', 'pix', 'Português']",['MatureGame'],True
69,2025-04-10 04:26,karolzzk,pt,Counter-Strike,entrou tem que dar oi. @gamersclubcs w/ @cogu !pix !insta !msg,"['Português', 'valorant']","['MatureGame', 'ProfanityVulgarity']",False
70,2025-04-10 04:36,exexeboy,pt,Overwatch 2,bits? 🙌 sub? 🙌 lurk? 🙌 (me ajuda na meta por favorzinho),"['Portuguese', 'Português']",[],False
70,2025-04-10 04:36,pinkrafa,pt,Counter-Strike,TOP 20 GC... só não falei do que ... Colaaa =)   !ingresso para sorteio 1500 seguidores,"['CS2', 'counterstrike', 'gaming', 'GamingLive', 'Esports', 'fps', 'CS2Live', 'gaules', 'TRIBONERA', 'Brasil']",['MatureGame'],False
70,2025-04-10 04:36,MatutosGaming,pt,Fortnite,[+18] LIVE para quem não dorme🌙 Madrugada com os Matutos 🔥NOS AJUDE A BATER AS METAS ❗Rifa ❗️pix ou ❗️donate Através do Paypal ✨ | ❗️jogar,"['BRASIL', 'JOGANDOCOMVIEWS', 'fortnitetrocacao', 'marvelrivals', 'NordesteGamer', 'LGBTQGamer', 'HumorNoGame', 'PS5', 'ZeroBuild', 'LGBTQGamers']",[],False
70,2025-04-10 04:36,loud_coringa,pt,Just Chatting,IRL NA FESTA DO TET | LIVE 7 DIAS - DIA 4,['Português'],[],False
70,2025-04-10 04:36,waveigl,pt,Manor Lords,+18 🔞 WAVEIGL ❤️,['Português'],['ProfanityVulgarity'],False
70,2025-04-10 04:36,ckgeek,pt,Marvel Rivals,DIMA RUMO AO GM PRA NAO CAIR TANTO ✅RERUN✅,"['Português', 'DropsAtivados']",[],False
70,2025-04-10 04:37,pava,pt,Counter-Strike,GAMELES DE AMOR !livepix,['Português'],['MatureGame'],False
70,2025-04-10 04:37,joaozin,pt,VALORANT,SUBATHON INFINITO DO TOP 1 |  JA SE FORAM 100 HORAS DE SUBATHON | !tabela !pix,['Português'],[],False
70,2025-04-10 04:37,camizlobato,pt,VALORANT,"psiuu, vem cá 😉","['Português', 'Mulher', 'Jogos', 'Competitivo', 'girl', 'fps']",['ProfanityVulgarity'],True
71,2025-04-10 08:01,LhamaInPijamas,pt,Marvel Rivals,ULTIMO DIA DE SEASON AMANHÃ MAIN EMMA FROST !pix !elomarvel !discord,"['rpg', 'casual', 'Português', 'marvelrivals', 'rivals', 'marvelrival']",[],False
71,2025-04-10 08:01,EiMine77,pt,Minecraft,✅ RECOMPENSAS ON! | ⭐ SEJA RÁPIDO E GANHE UMA CAPA DE GRAÇA: !CAPA | 💘 INSTAGRAM: @EIMINE77 | !ajuda !rerun !sub !subgratis !loja,"['Minecraft', 'EiMine', 'Português']",[],False
71,2025-04-10 08:01,HokagoPT,en,Fortnite,[DROPS] 🎉VBUCKS GIVEAWAY-DAY 2! | Play w/Followers | Use Code: HOKAGOPT | !join,"['vtuber', 'chatty', 'english', 'anxiety', 'positivity', 'battleroyale', 'English']",[],False
71,2025-04-10 08:01,TinnixTV,pt,Fortnite,[DROP ON]🔴REPRISE❗Fortnite❤️ 🔫  !discord !pc !prime !pix !tiktok,"['Brasil', 'França', 'JogandoSolo', 'drop', 'dropon', 'fortnite', 'Portugal', 'EUA', 'Português', 'TwitchRecap']",[],False
71,2025-04-10 08:01,loud_coringa,pt,Just Chatting,LIVE 7 DIAS - DIA 4,['Português'],[],False
71,2025-04-10 08:01,cisinha,pt,VALORANT,COMO VEIO SEU MERCADO NOTURNO?,['Português'],['ProfanityVulgarity'],False
71,2025-04-10 08:01,mihzavati,pt,Overwatch 2,Bomm diaa Bora uma jogatina bem duvidosa ? !comandos !pix,['Português'],[],False
71,2025-04-10 08:02,harechriistiian,pt,Kings League,RERUN - RODADA 3 DA KINGS LEAGUE BRAZIL,"['Valorant', 'MIBR', 'LOUD', 'FURIA', 'Português']",[],False
71,2025-04-10 08:02,SalemPKz,pt,ELDEN RING,Elden Ring - Platinando! Ultima RUN ~ !pix !sorteio !sub,"['Português', 'conversa', 'batepapo', 'cs', 'cs2', 'skyrim', 'jogo', 'gamer', 'eldenring', 'soulslike']",['MatureGame'],False
72,2025-04-10 08:10,maahmurollo,pt,Fortnite,Fortnite bb 🔥 ❗JOGAR ❗LOJA    MUROLLO #ad,"['gamer', 'Português', 'Fortnite', 'ZeroBuild', 'battleroyale', 'Reposição']",[],True
72,2025-04-10 08:10,LhamaInPijamas,pt,Marvel Rivals,ULTIMO DIA DE SEASON AMANHÃ MAIN EMMA FROST !pix !elomarvel !discord,"['rpg', 'casual', 'Português', 'marvelrivals', 'rivals', 'marvelrival']",[],False
72,2025-04-10 08:10,HokagoPT,en,Fortnite,[DROPS] 🎉VBUCKS GIVEAWAY-DAY 2! | Play w/Followers | Use Code: HOKAGOPT | !join,"['vtuber', 'chatty', 'english', 'anxiety', 'positivity', 'battleroyale', 'English']",[],False
72,2025-04-10 08:10,TinnixTV,pt,Fortnite,[DROP ON]🔴REPRISE❗Fortnite❤️ 🔫  !discord !pc !prime !pix !tiktok,"['Brasil', 'França', 'JogandoSolo', 'drop', 'dropon', 'fortnite', 'Portugal', 'EUA', 'Português', 'TwitchRecap']",[],False
72,2025-04-10 08:10,loud_coringa,pt,Just Chatting,LIVE 7 DIAS - DIA 4,['Português'],[],False
72,2025-04-10 08:10,cisinha,pt,VALORANT,COMO VEIO SEU MERCADO NOTURNO?,['Português'],['ProfanityVulgarity'],False
72,2025-04-10 08:11,katarinaspyke,pt,League of Legends,Tenho 51 anos sou MONO katarina -  Sejam super bem vindos para interagir comigo dar rizadas  e me ajudar com o joguinho. TMJ e gratidão!!!,"['Português', 'jogo', 'adulto', 'diversão', 'distração', 'moba', 'Esports', 'Katarina', 'mono', 'Lol']",[],False
72,2025-04-10 08:11,Mihira_a,pt,League of Legends,hmmm soloq misteriosa -27 pdl| !comandos !sonoros !pix,"['soloq', 'lolzinho', 'girlgamer', 'Português', 'jungler']",['ProfanityVulgarity'],False
72,2025-04-10 08:11,CaioDancarino,pt,Kukoro: Stream Chat Games,👑 GOBLINTHON 🌟 DIA 6 BENEFICENTE 🍫✅💡 !PIX   !TIPSPACE 😎🔥,['Português'],['Gambling'],False
73,2025-04-10 08:17,LhamaInPijamas,pt,Marvel Rivals,ULTIMO DIA DE SEASON AMANHÃ MAIN EMMA FROST !pix !elomarvel !discord,"['rpg', 'casual', 'Português', 'marvelrivals', 'rivals', 'marvelrival']",[],False
73,2025-04-10 08:17,Rompe,pt,Fortnite,Amanhã tem Hora de Aventura!! Jogando com o melhor chat !ExitLag !Code ROMPE #EpicPartner !loja,"['Português', 'Trocação']",[],False
73,2025-04-10 08:17,HokagoPT,en,Fortnite,[DROPS] 🎉VBUCKS GIVEAWAY-DAY 2! | Play w/Followers | Use Code: HOKAGOPT | !join,"['vtuber', 'chatty', 'english', 'anxiety', 'positivity', 'battleroyale', 'English']",[],False
73,2025-04-10 08:17,maahmurollo,pt,Fortnite,Fortnite bb 🔥 ❗JOGAR ❗LOJA    MUROLLO #ad,"['gamer', 'Português', 'Fortnite', 'ZeroBuild', 'battleroyale', 'Reposição']",[],True
73,2025-04-10 08:17,TinnixTV,pt,Fortnite,[DROP ON]🔴REPRISE❗Fortnite❤️ 🔫  !discord !pc !prime !pix !tiktok,"['Brasil', 'França', 'JogandoSolo', 'drop', 'dropon', 'fortnite', 'Portugal', 'EUA', 'Português', 'TwitchRecap']",[],False
73,2025-04-10 08:17,loud_coringa,pt,Just Chatting,LIVE 7 DIAS - DIA 4,['Português'],[],False
73,2025-04-10 08:18,Kowalski_gameplay,pt,Fortnite,BOM DIA E BORA DE JOGATINA!! - LIVE +18 - CODE: KOWALSKIGAMEPLAY,"['AMA', 'Jogandocomespectadores', 'jogandocomamigos', 'Português', 'Jogandocomespectadores', 'jogandocomochat', 'fortnite', 'fortnitezerobuild', 'ZeroBuildFortnite']",[],False
73,2025-04-10 08:18,haharley_,pt,VALORANT,[Dia 67] SUBATHON ✨ • O Imortal cada vez mais longe❗️comandos❗️subathon ❗️pix,"['Mulher', 'LGBT', 'TDAH', 'Autismo', 'VALORANT', 'Português']",[],False
73,2025-04-10 08:18,DanZucaTV,pt,South of Midnight,South Of Midnight #003 + Conferência The Triple-i Initiative as 13hrs (Brasil) | ❗loja ❗bits ❗clip ❗ssub,"['Português', 'Brasil', 'TDAH', 'JogadorCasual', 'PS5', 'Nintendo', 'XboxSeriesX', 'AMA', 'ModoHistória', 'Lançamentos']",['MatureGame'],False
74,2025-04-10 08:25,LhamaInPijamas,pt,Marvel Rivals,ULTIMO DIA DE SEASON AMANHÃ MAIN EMMA FROST !pix !elomarvel !discord,"['rpg', 'casual', 'Português', 'marvelrivals', 'rivals', 'marvelrival']",[],False
74,2025-04-10 08:25,Rompe,pt,Fortnite,Amanhã tem Hora de Aventura!! Jogando com o melhor chat !ExitLag !Code ROMPE #EpicPartner !loja,"['Português', 'Trocação']",[],False
74,2025-04-10 08:25,HokagoPT,en,Fortnite,[DROPS] 🎉VBUCKS GIVEAWAY-DAY 2! | Play w/Followers | Use Code: HOKAGOPT | !join,"['vtuber', 'chatty', 'english', 'anxiety', 'positivity', 'battleroyale', 'English']",[],False
74,2025-04-10 08:25,maahmurollo,pt,Fortnite,Fortnite bb 🔥 ❗JOGAR ❗LOJA    MUROLLO #ad,"['gamer', 'Português', 'Fortnite', 'ZeroBuild', 'battleroyale', 'Reposição']",[],True
74,2025-04-10 08:25,TinnixTV,pt,Fortnite,[DROP ON]🔴REPRISE❗Fortnite❤️ 🔫  !discord !pc !prime !pix !tiktok,"['Brasil', 'França', 'JogandoSolo', 'drop', 'dropon', 'fortnite', 'Portugal', 'EUA', 'Português', 'TwitchRecap']",[],False
74,2025-04-10 08:25,loud_coringa,pt,Just Chatting,LIVE 7 DIAS - DIA 4,['Português'],[],False
74,2025-04-10 08:26,Kowalski_gameplay,pt,Fortnite,BOM DIA E BORA DE JOGATINA!! - LIVE +18 - CODE: KOWALSKIGAMEPLAY,"['AMA', 'Jogandocomespectadores', 'jogandocomamigos', 'Português', 'Jogandocomespectadores', 'jogandocomochat', 'fortnite', 'fortnitezerobuild', 'ZeroBuildFortnite']",[],False
74,2025-04-10 08:26,oPontifeX,pt,Marvel Rivals,1° SUBATHON [4° DIA] | !subathon !jogar !clipe !bits !donate !livepix !pix | Closed Caption,"['ClosedCaption', 'Português', 'LGBT', 'Drops', 'MarvelRivals', 'Subathon', 'DBD', 'Devour', 'Phasmophobia', 'FearToFathom']",[],False
74,2025-04-10 08:26,DanZucaTV,pt,South of Midnight,South Of Midnight #003 + Conferência The Triple-i Initiative as 13hrs (Brasil) | ❗loja ❗bits ❗clip ❗ssub,"['Português', 'Brasil', 'TDAH', 'JogadorCasual', 'PS5', 'Nintendo', 'XboxSeriesX', 'AMA', 'ModoHistória', 'Lançamentos']",['MatureGame'],False
75,2025-04-10 08:34,LhamaInPijamas,pt,Marvel Rivals,ULTIMO DIA DE SEASON AMANHÃ MAIN EMMA FROST !pix !elomarvel !discord,"['rpg', 'casual', 'Português', 'marvelrivals', 'rivals', 'marvelrival']",[],False
75,2025-04-10 08:34,maahmurollo,pt,Fortnite,Fortnite bb 🔥 ❗JOGAR ❗LOJA    MUROLLO #ad,"['gamer', 'Português', 'Fortnite', 'ZeroBuild', 'battleroyale', 'Reposição']",[],True
75,2025-04-10 08:34,Rompe,pt,Fortnite,Amanhã tem Hora de Aventura!! Jogando com o melhor chat !ExitLag !Code ROMPE #EpicPartner !loja,"['Português', 'Trocação']",[],False
75,2025-04-10 08:34,loud_coringa,pt,Just Chatting,LIVE 7 DIAS - DIA 4,['Português'],[],False
75,2025-04-10 08:34,cisinha,pt,VALORANT,COMO VEIO SEU MERCADO NOTURNO?,['Português'],['ProfanityVulgarity'],False
75,2025-04-10 08:34,DexterHQ,pt,Minecraft,HARDCORE +8200 DIAS SEM TOTEM !tiktok !insta,"['hardcore', 'hardmode', 'sobrevivencia', 'semtotem', 'construir', 'Farming', 'Português', 'minecraft', 'EventosEspeciales', 'minecraftlive']",[],False
75,2025-04-10 08:34,IsraelPirata,pt,Call of Duty: Warzone,VERDANSK FLOPOU? !PIX !CLUBE,"['callofduty', 'warzone', 'fps', 'JogadaCasual', 'subathon', 'Português', 'English', 'RPG', 'Fortnite', 'FinalFantasy']",['MatureGame'],False
75,2025-04-10 08:34,GihPilotto,pt,Call of Duty: Warzone,SUBATHON LIVE INIFINITA !pix | @gihpilotto nas redes sociais ❗evzen ❗pix ❗YT,"['Português', 'Warzone', 'CallOfDuty', 'FPS', 'Ranked', 'DropsAtivados']",['MatureGame'],False
75,2025-04-10 08:35,DieguitoPotter,pt,EA Sports FC 25,"Reis jogam finais da TAÇA, lendas abrem rewards e sacam IMORTAIS 💫⚽️ !Mbway !Prozis !Divoom !Switch ✅","['Português', 'eafc25', 'packopening', 'ultimateteam', 'futbirthday', 'rage']",[],False
76,2025-04-10 12:05,Pedro017Yt,pt,Fortnite,❗LOJA ABASTECIDA -🍉RESGATE SKIN ASSISTINDO 🍉 SEGUE @Pedro017yt,"['Português', 'Fortnite', 'Jogandocomespectadores', 'DropsEnable']",[],False
76,2025-04-10 12:05,Rompe,pt,Fortnite,Amanhã tem Hora de Aventura!! Jogando com o melhor chat !ExitLag !Code ROMPE #EpicPartner !loja,"['Português', 'Trocação']",[],False
76,2025-04-10 12:05,HenriqueOph,pt,Minecraft,HARDCORE 1.21.4 +350 DIAS CENTRAL DE FARMS 81x81 EP 20,"['Português', 'minecraft', 'Hardcore', 'HardMode', 'sobrevivencia', '1VIDA', 'hardcoregamer', 'Singlerplayer', 'MINEDROP', 'TIKTOKCAPA']",[],False
76,2025-04-10 12:05,MinaLetalx,pt,Fortnite,🌵HOJE É O GRANDE DIA!!! SERÁ QUE VAI DÁ? 🌵| USE CODE: MINALETALX #AD❗PIX ❗PAYPAL ❗JOGAR ❗GRUPOZAP ❗EXITLAG,"['Fortnite', 'ZeroBuildFortnite', 'brasil', 'nordeste', 'AMA', 'ＦＰＳ', 'mulhergamer', 'jogodetiro', 'LGBTQFriendly', 'ASMR']",['ViolentGraphic'],False
76,2025-04-10 12:05,EiMine77,pt,Minecraft,✅ RECOMPENSAS ON! | ⭐ SEJA RÁPIDO E GANHE UMA CAPA DE GRAÇA: !CAPA | 💘 INSTAGRAM: @EIMINE77 | !ajuda !rerun !sub !subgratis !loja,"['Minecraft', 'EiMine', 'Português']",[],False
76,2025-04-10 12:05,aatonz,pt,Delta Force,!!PAM PAM PAM PAM!! Vamokere!! Quintoou com Q de QUAAASE SEXTA!!! VEM com disposição que falta muito pouco agora!! VAMOO!! BOM DIA!!,"['casual', 'engraçado', 'pirata', 'English', 'Português', 'Yoda', 'Gaules', 'giveaway', 'alanzoka']",[],False
76,2025-04-10 12:05,Mylonzete,pt,League of Legends,SoloQ SUPER SERVER + Reacts 🔥 !PIX !BETBOOM !DISCORD !LOJA 2x pra subs,['Português'],[],False
76,2025-04-10 12:05,takeshi,pt,League of Legends,SOLOQ TRYHARD PEGANDO GRÃOMESTRE ALELUIA /// !loco !pix,['Português'],[],False
76,2025-04-10 12:05,JB_Sniper,pt,League of Legends,!PIX - MEIO DOENTE MAS TAMO AI,['Português'],[],False
77,2025-04-10 12:16,EiMine77,pt,Minecraft,✅ RECOMPENSAS ON! | ⭐ SEJA RÁPIDO E GANHE UMA CAPA DE GRAÇA: !CAPA | 💘 INSTAGRAM: @EIMINE77 | !ajuda !rerun !sub !subgratis !loja,"['Minecraft', 'EiMine', 'Português']",[],False
77,2025-04-10 12:16,Rompe,pt,Fortnite,Amanhã tem Hora de Aventura!! Jogando com o melhor chat !ExitLag !Code ROMPE #EpicPartner !loja,"['Português', 'Trocação']",[],False
77,2025-04-10 12:16,HenriqueOph,pt,Minecraft,HARDCORE 1.21.4 +350 DIAS CENTRAL DE FARMS 81x81 EP 20,"['Português', 'minecraft', 'Hardcore', 'HardMode', 'sobrevivencia', '1VIDA', 'hardcoregamer', 'Singlerplayer', 'MINEDROP', 'TIKTOKCAPA']",[],False
77,2025-04-10 12:16,ckgeek,pt,Marvel Rivals,DIMA RUMO AO GM PRA NAO CAIR TANTO ✅RERUN✅,"['Português', 'DropsAtivados']",[],False
77,2025-04-10 12:16,Hirose10,pt,Fortnite,🚨 TOP 1 RANKED DE PIRITUBA 🔥 | JOGUE MEU MAPA 🔥 --> !X1 | code Hirose #ad,"['fortnite', 'Português', 'Ranked', 'game', 'chat']",[],False
77,2025-04-10 12:16,MinaLetalx,pt,Fortnite,🌵HOJE É O GRANDE DIA!!! SERÁ QUE VAI DÁ? 🌵| USE CODE: MINALETALX #AD❗PIX ❗PAYPAL ❗JOGAR ❗GRUPOZAP ❗EXITLAG,"['Fortnite', 'ZeroBuildFortnite', 'brasil', 'nordeste', 'AMA', 'ＦＰＳ', 'mulhergamer', 'jogodetiro', 'LGBTQFriendly', 'ASMR']",['ViolentGraphic'],False
77,2025-04-10 12:16,paivinha29,pt,EA Sports FC 25,PREMIAÇÃO ELITE+ 5 ICONS E SUPER EVENTO AMANHA  !COINS  !T !CURSO  !COINS  !TRUST  !TRADE,['Português'],[],False
77,2025-04-10 12:16,MGW_FC,pt,EA Sports FC 25,JOGAMOS NA SUA CONTA! !pix !grupo !trade,['Português'],[],False
77,2025-04-10 12:16,ByZapi,es,EA Sports FC 25,"HACEMOS LOS SBC,UN ICONITO,LA BOLSA Y REPASAMOS LAS COSAS🔥🔥🔥 LUEGO RANKEDS HASTA PERDER EL SENTIDO😏😏😏😏","['español', 'byzapi', 'futbol', 'byvacaciones', 'diversion', 'risas', 'Español', 'fc', 'fc25', 'fifa']",[],False
78,2025-04-10 12:27,ganizev,pt,Minecraft,"🟢 Vem joga com a genteeee, preciso de pedreiro hahahaha( Jogando com o CHAT)❗️pix ❗️discord","['Português', 'Brasil', 'minecraft', 'conversando']",[],False
78,2025-04-10 12:27,MinaLetalx,pt,Fortnite,🌵HOJE É O GRANDE DIA!!! SERÁ QUE VAI DÁ? 🌵| USE CODE: MINALETALX #AD❗PIX ❗PAYPAL ❗JOGAR ❗GRUPOZAP ❗EXITLAG,"['Fortnite', 'ZeroBuildFortnite', 'brasil', 'nordeste', 'AMA', 'ＦＰＳ', 'mulhergamer', 'jogodetiro', 'LGBTQFriendly', 'ASMR']",['ViolentGraphic'],False
78,2025-04-10 12:27,HenriqueOph,pt,Minecraft,HARDCORE 1.21.4 +350 DIAS CENTRAL DE FARMS 81x81 EP 20,"['Português', 'minecraft', 'Hardcore', 'HardMode', 'sobrevivencia', '1VIDA', 'hardcoregamer', 'Singlerplayer', 'MINEDROP', 'TIKTOKCAPA']",[],False
78,2025-04-10 12:27,Pedro017Yt,pt,Fortnite,❗LOJA ABASTECIDA -🍉RESGATE SKIN ASSISTINDO 🍉 SEGUE @Pedro017yt,"['Português', 'Fortnite', 'Jogandocomespectadores', 'DropsEnable']",[],False
78,2025-04-10 12:27,EiMine77,pt,Minecraft,✅ RECOMPENSAS ON! | ⭐ SEJA RÁPIDO E GANHE UMA CAPA DE GRAÇA: !CAPA | 💘 INSTAGRAM: @EIMINE77 | !ajuda !rerun !sub !subgratis !loja,"['Minecraft', 'EiMine', 'Português']",[],False
78,2025-04-10 12:27,Rompe,pt,Fortnite,Amanhã tem Hora de Aventura!! Jogando com o melhor chat !ExitLag !Code ROMPE #EpicPartner !loja,"['Português', 'Trocação']",[],False
78,2025-04-10 12:27,Bluezinho2,pt,Dead by Daylight,[+18] 💙BLOOD MOON NO DBD / LIVE CURTINHA🌑 💙,"['LGBTQIAPlus', 'Português', 'ＤBD', 'GamesAndChatting', 'Jogandocomespectadores', 'fallguys', 'Gostoso', 'Veganismos', 'Overｗatch2', 'deadbbydaylight']","['MatureGame', 'ProfanityVulgarity']",False
78,2025-04-10 12:27,MajinOW2,pt,Overwatch 2,🟢 dia 01 tentando me divertir no overwatch >/////<,"['Português', 'Overｗatch2', 'Overwatch', 'Ana', 'Reinhardt', 'Lucio', 'Bastion']",[],False
78,2025-04-10 12:27,gshiba,pt,Bendy and the Ink Machine,Sustos e caaaaaaaaaaaos ---> !roblox,"['DicçãoRuim', 'Conversação', 'Assustado', 'JogadorCasual', 'Português', 'EspaçoSeguro', 'PrimeiraJogada', 'LGBTQIAPFriendly', 'IndieGame']",[],False
79,2025-04-10 12:37,Pedro017Yt,pt,Fortnite,❗LOJA ABASTECIDA -🍉RESGATE SKIN ASSISTINDO 🍉 SEGUE @Pedro017yt,"['Português', 'Fortnite', 'Jogandocomespectadores', 'DropsEnable']",[],False
79,2025-04-10 12:38,ganizev,pt,Minecraft,"🟢 Vem joga com a genteeee, preciso de pedreiro hahahaha( Jogando com o CHAT)❗️pix ❗️discord","['Português', 'Brasil', 'minecraft', 'conversando']",[],False
79,2025-04-10 12:38,HenriqueOph,pt,Minecraft,HARDCORE 1.21.4 +350 DIAS CENTRAL DE FARMS 81x81 EP 20,"['Português', 'minecraft', 'Hardcore', 'HardMode', 'sobrevivencia', '1VIDA', 'hardcoregamer', 'Singlerplayer', 'MINEDROP', 'TIKTOKCAPA']",[],False
79,2025-04-10 12:38,Rompe,pt,Fortnite,Amanhã tem Hora de Aventura!! Jogando com o melhor chat !ExitLag !Code ROMPE #EpicPartner !loja,"['Português', 'Trocação']",[],False
79,2025-04-10 12:38,MinaLetalx,pt,Fortnite,🌵HOJE É O GRANDE DIA!!! SERÁ QUE VAI DÁ? 🌵| USE CODE: MINALETALX #AD❗PIX ❗PAYPAL ❗JOGAR ❗GRUPOZAP ❗EXITLAG,"['Fortnite', 'ZeroBuildFortnite', 'brasil', 'nordeste', 'AMA', 'ＦＰＳ', 'mulhergamer', 'jogodetiro', 'LGBTQFriendly', 'ASMR']",['ViolentGraphic'],False
79,2025-04-10 12:38,EiMine77,pt,Minecraft,✅ RECOMPENSAS ON! | ⭐ SEJA RÁPIDO E GANHE UMA CAPA DE GRAÇA: !CAPA | 💘 INSTAGRAM: @EIMINE77 | !ajuda !rerun !sub !subgratis !loja,"['Minecraft', 'EiMine', 'Português']",[],False
79,2025-04-10 12:38,celinettpb,pt,Grand Theft Auto V,!subathon (dia 6) JOGUINHOS ALEATÓRIOS + BABY CIERRE 🎮👶🏼,['Português'],['MatureGame'],False
79,2025-04-10 12:38,sabrinoca,pt,First Class Trouble,(RERUN) SUBATHON + NOITE DE CRIMES !odyssey !odysseycup !subathon,"['Português', 'MãeDePrimeiraViagem', 'BaratinhaDeFogão', 'Concubina', 'Melões', 'MulherDePreso', 'LeagueofLegends', 'Aliada', 'GíriasRegionais', 'Simples']",[],True
79,2025-04-10 12:38,ksketlin,pt,Grand Theft Auto V,"[Fronteira Leste] SUBATHON DO PJL, PVR IZA TIRA MEU BAN !SUB !PIX","['Português', 'ＧTA5', 'hype', 'mulher', 'cpx', 'valorant', 'vava', 'FREEEFRE', 'freeefireaovivo']",['MatureGame'],False
80,2025-04-10 12:47,Pedro017Yt,pt,Fortnite,❗LOJA ABASTECIDA -🍉RESGATE SKIN ASSISTINDO 🍉 SEGUE @Pedro017yt,"['Português', 'Fortnite', 'Jogandocomespectadores', 'DropsEnable']",[],False
80,2025-04-10 12:47,ganizev,pt,Minecraft,"🟢 Vem joga com a genteeee, preciso de pedreiro hahahaha( Jogando com o CHAT)❗️pix ❗️discord","['Português', 'Brasil', 'minecraft', 'conversando']",[],False
80,2025-04-10 12:47,HenriqueOph,pt,Minecraft,HARDCORE 1.21.4 +350 DIAS CENTRAL DE FARMS 81x81 EP 20,"['Português', 'minecraft', 'Hardcore', 'HardMode', 'sobrevivencia', '1VIDA', 'hardcoregamer', 'Singlerplayer', 'MINEDROP', 'TIKTOKCAPA']",[],False
80,2025-04-10 12:47,Rompe,pt,Fortnite,Amanhã tem Hora de Aventura!! Jogando com o melhor chat !ExitLag !Code ROMPE #EpicPartner !loja,"['Português', 'Trocação']",[],False
80,2025-04-10 12:47,EiMine77,pt,Minecraft,✅ RECOMPENSAS ON! | ⭐ SEJA RÁPIDO E GANHE UMA CAPA DE GRAÇA: !CAPA | 💘 INSTAGRAM: @EIMINE77 | !ajuda !rerun !sub !subgratis !loja,"['Minecraft', 'EiMine', 'Português']",[],False
80,2025-04-10 12:47,f0rsakenwOw,pt,VALORANT,"EU AMO VALORANT , SEM ADS NA !LOCO — !youtube !pix !lojaeg",['Português'],[],False
80,2025-04-10 12:47,celinettpb,pt,Grand Theft Auto V,!subathon (dia 6) JOGUINHOS ALEATÓRIOS + BABY CIERRE 🎮👶🏼,['Português'],['MatureGame'],False
80,2025-04-10 12:47,Choke7,pt,Teamfight Tactics,"live chill matinal e de noite live alcoolica com as sapas DIA 4 SUBATHON ; R$1=1min, SUB=3min, 100Bits=5min - !subathon !pix !sociais",['Português'],[],True
80,2025-04-10 12:47,loud_coringa,pt,Just Chatting,LIVE 7 DIAS - DIA 4,['Português'],[],False
81,2025-04-10 16:01,ganizev,pt,Gartic Phone,Vem desenhar com noisx❗️pix ❗️discord,"['Português', 'Brasil', 'minecraft', 'conversando']",[],False
81,2025-04-10 16:01,GUU_YT,pt,Fortnite,ATUALIZAÇÃO BALLISTIC. E SKIN GRATIS RANQUEADA ITENS FORTNITE( APOIE GUU NA LOJA ),"['Fortnite', 'lojadehojefortnite', 'Apoieumcriador', 'JOGOFORTNITE', 'VbucksGrátis', 'gratisvbucks', 'LOJADEITENS', 'Português', 'dropsfortnite']",[],False
81,2025-04-10 16:01,sacy,pt,VALORANT,mibr Sacy / DIA CHILL HOJE - !mibr !pix !noping !csgoskins,['Português'],[],False
81,2025-04-10 16:01,ElfoLives,pt,Minecraft,CHATSPAWN - Vem tiltar o Streamer｜ !discord !pix !tabela,"['Português', 'minecraft', 'meioelfo', 'elfo', 'conversa']",[],False
81,2025-04-10 16:01,f0rsakenwOw,pt,VALORANT,"EU AMO VALORANT , SEM ADS NA !LOCO — !youtube !pix !lojaeg",['Português'],[],False
81,2025-04-10 16:01,AiNando1,pt,Fortnite,QUINTOU BBS ! JOGANDO COM O CHAT ❗JOGAR ❗NICK ❗ USE CODE: Ainando1 #AD❗PIX ❗Livepix❗JOGAR  ❗Comandos ❗instagram ❗apoie,"['Português', 'Fortnite', 'comedia', 'engraçado', 'live', 'Phasmophobia', 'liarsbar', 'StreamGamer', 'francais', 'tiktok']",[],False
81,2025-04-10 16:01,sabrinoca,pt,Dead by Daylight,SUBATHON + NOITE DE CRIMES !odyssey !odysseycup !subathon,"['Português', 'MãeDePrimeiraViagem', 'BaratinhaDeFogão', 'Concubina', 'Melões', 'MulherDePreso', 'LeagueofLegends', 'Aliada', 'GíriasRegionais', 'Simples']",['MatureGame'],True
81,2025-04-10 16:01,KaiyuRX,pt,Into the Dead: Our Darkest Days,₊˚ Jogo novo de zumbi que viciei ˚₊❗Discord❗Donate,"['Português', 'LBGTAQplus', 'Cozy', 'thesims']",[],False
81,2025-04-10 16:02,renatisses,pt,inZOI,Aniversário da streamer!,"['Brasil', 'Português', 'sorteio', 'thesims']",[],False
82,2025-04-10 16:12,sacy,pt,VALORANT,mibr Sacy / DIA CHILL HOJE - !mibr !pix !noping !csgoskins,['Português'],[],False
82,2025-04-10 16:12,GUU_YT,pt,Fortnite,ATUALIZAÇÃO BALLISTIC. E SKIN GRATIS RANQUEADA ITENS FORTNITE( APOIE GUU NA LOJA ),"['Fortnite', 'lojadehojefortnite', 'Apoieumcriador', 'JOGOFORTNITE', 'VbucksGrátis', 'gratisvbucks', 'LOJADEITENS', 'Português', 'dropsfortnite']",[],False
82,2025-04-10 16:12,f0rsakenwOw,pt,VALORANT,"EU AMO VALORANT , SEM ADS NA !LOCO — !youtube !pix !lojaeg",['Português'],[],False
82,2025-04-10 16:12,EiMine77,pt,Minecraft,✅ RECOMPENSAS ON! | ⭐ SEJA RÁPIDO E GANHE UMA CAPA DE GRAÇA: !CAPA | 💘 INSTAGRAM: @EIMINE77 | !ajuda !rerun !sub !subgratis !loja,"['Minecraft', 'EiMine', 'Português']",[],False
82,2025-04-10 16:12,AiNando1,pt,Fortnite,QUINTOU BBS ! JOGANDO COM O CHAT ❗JOGAR ❗NICK ❗ USE CODE: Ainando1 #AD❗PIX ❗Livepix❗JOGAR  ❗Comandos ❗instagram ❗apoie,"['Português', 'Fortnite', 'comedia', 'engraçado', 'live', 'Phasmophobia', 'liarsbar', 'StreamGamer', 'francais', 'tiktok']",[],False
82,2025-04-10 16:13,CORALtv_,pt,Fortnite,✨ JOGANDO COM O CHAT ✨ FARM VBUCKS ASSISTINDO A LIVE !LOJA ❤️ USE CODE: COORAL #AD ✨!PIX !RESGATE !JOGAR,"['Português', 'Fortnite', 'sorteio', 'VbucksGrátis', 'sorteios', 'vbucks', 'jogandocomespectadores', 'MarvelRivalsPartner', 'MarvelRivalsPartners', 'marvelrivals']",[],False
82,2025-04-10 16:13,IsraelPirata,pt,EA Sports FC 25,CLUBS DA GALERA !PIX !CLUBE,"['callofduty', 'warzone', 'fps', 'JogadaCasual', 'subathon', 'Português', 'English', 'RPG', 'Fortnite', 'FinalFantasy']",[],False
82,2025-04-10 16:13,onejorgeoficial,pt,EA Sports FC 25,"SOU PROFESSOR DE EA FC, JOGO NA DIVISÃO ELITE E TE AJUDO COM AS DUVIDAS! / !COACH !ESCOLAONE","['fifenzo', 'eafc24', 'EAFC', 'sharkmacedo', 'adolfz', 'paivinha29', 'ultimateteam', 'futchampions', 'WENDELLLIRA', 'pelegrino1993']",[],False
82,2025-04-10 16:13,BRUXAO_GAMER,pt,Call of Duty: Warzone,🎥rerun🎥 GANHE 2 RODADAS GRÁTIS NA ROLEITA !rerun,"['AMA', 'JogadoresIniciantes', 'ModoBattleRoyale', 'HypeTrain', 'Ação', 'Ansiedade', 'FPS', 'Jogodetiro', 'Português', 'DropsAtivados']",['MatureGame'],False
83,2025-04-10 16:23,beletz_,pt,Fortnite,VAMOOOO 🥳 JOGANDO FORTNITE COM O CHAT | USE CODE: BELETZ 💚 !CODE !PIX,"['portugues', 'fortnite', 'fortnitetrocacao', 'stream', 'Português', 'girlgamers']",[],False
83,2025-04-10 16:23,sacy,pt,VALORANT,mibr Sacy / DIA CHILL HOJE - !mibr !pix !noping !csgoskins,['Português'],[],False
83,2025-04-10 16:23,GUU_YT,pt,Fortnite,ATUALIZAÇÃO BALLISTIC. E SKIN GRATIS RANQUEADA ITENS FORTNITE( APOIE GUU NA LOJA ),"['Fortnite', 'lojadehojefortnite', 'Apoieumcriador', 'JOGOFORTNITE', 'VbucksGrátis', 'gratisvbucks', 'LOJADEITENS', 'Português', 'dropsfortnite']",[],False
83,2025-04-10 16:23,ElfoLives,pt,Minecraft,NOVO GHAST críticas｜ !discord !pix !tabela,"['Português', 'minecraft', 'meioelfo', 'elfo', 'conversa']",[],False
83,2025-04-10 16:23,f0rsakenwOw,pt,VALORANT,"EU AMO VALORANT , SEM ADS NA !LOCO — !youtube !pix !lojaeg",['Português'],[],False
83,2025-04-10 16:23,CORALtv_,pt,Fortnite,✨ JOGANDO COM O CHAT ✨ FARM VBUCKS ASSISTINDO A LIVE !LOJA ❤️ USE CODE: COORAL #AD ✨!PIX !RESGATE !JOGAR,"['Português', 'Fortnite', 'sorteio', 'VbucksGrátis', 'sorteios', 'vbucks', 'jogandocomespectadores', 'MarvelRivalsPartner', 'MarvelRivalsPartners', 'marvelrivals']",[],False
83,2025-04-10 16:24,Phaclock,pt,Raft,+18 bom dia. vamos de raft !comandos  !instagram  !youtube !social !steam,"['Coop', 'Português', 'MMORPG', 'aventura', 'Multiplayer', 'online', 'Action', 'variedades', 'mago']",[],False
83,2025-04-10 16:24,DorSmiley,pt,Sea of Thieves,|Ampulheta| Parceiros @lendasdomar @csotbr !Comandos !tdm,"['Ação', 'Aventura', 'Comédia', 'Português', 'Xingamentos', 'seaofthieves', 'PvEPvP', 'SoTPvp', 'seaofthieveseason15']",['ProfanityVulgarity'],False
83,2025-04-10 16:24,WesleyCaribe,pt,Sea of Thieves,🇧🇷🇵🇹🏴‍☠️Alerta de Fantasma Nebuloso: A qualquer momento.,"['Português', 'bemorepirate']",[],False
84,2025-04-10 16:32,beletz_,pt,Fortnite,VAMOOOO 🥳 JOGANDO FORTNITE COM O CHAT | USE CODE: BELETZ 💚 !CODE !PIX,"['portugues', 'fortnite', 'fortnitetrocacao', 'stream', 'Português', 'girlgamers']",[],False
84,2025-04-10 16:33,sacy,pt,VALORANT,mibr Sacy / DIA CHILL HOJE - !mibr !pix !noping !csgoskins,['Português'],[],False
84,2025-04-10 16:33,GUU_YT,pt,Fortnite,ATUALIZAÇÃO BALLISTIC. E SKIN GRATIS RANQUEADA ITENS FORTNITE( APOIE GUU NA LOJA ),"['Fortnite', 'lojadehojefortnite', 'Apoieumcriador', 'JOGOFORTNITE', 'VbucksGrátis', 'gratisvbucks', 'LOJADEITENS', 'Português', 'dropsfortnite']",[],False
84,2025-04-10 16:33,ElfoLives,pt,Minecraft,NOVO GHAST críticas｜ !discord !pix !tabela,"['Português', 'minecraft', 'meioelfo', 'elfo', 'conversa']",[],False
84,2025-04-10 16:33,f0rsakenwOw,pt,VALORANT,"EU AMO VALORANT , SEM ADS NA !LOCO — !youtube !pix !lojaeg",['Português'],[],False
84,2025-04-10 16:33,AiNando1,pt,Fortnite,QUINTOU BBS ! JOGANDO COM O CHAT ❗JOGAR ❗NICK ❗ USE CODE: Ainando1 #AD❗PIX ❗Livepix❗JOGAR  ❗Comandos ❗instagram ❗apoie,"['Português', 'Fortnite', 'comedia', 'engraçado', 'live', 'Phasmophobia', 'liarsbar', 'StreamGamer', 'francais', 'tiktok']",[],False
84,2025-04-10 16:33,PradoGameer,pt,Mobile Legends: Bang Bang,BOA TARDE. VAMOS DE BANG BANG SEUS RANDOM !PIX !CODA !BITS !jogar,"['mobilelegends', 'Português', 'ranqueada', 'MLBBgamer']",[],True
84,2025-04-10 16:33,Zhystian,pt,Mobile Legends: Bang Bang,LIVE DO AMARELO ;) ❗PIX ❗COMANDOS,"['Português', 'MOBA', 'mobilelegends', 'jogosdeterror', 'jogoscooperativo']",[],False
84,2025-04-10 16:33,gcone87,pt,Mobile Legends: Bang Bang,RUSHANDO TRYHARD - FULL RANKED | Mobile Legendss,['Português'],[],False
85,2025-04-10 20:01,ocontagia,pt,Teamfight Tactics,PALHAÇO CONTAGIA - E as locurage da vida moderna  !comandos,"['lol', 'tft', 'Brino', 'YoDa', 'portugues', 'Fortnite', 'conanexiles', 'Português']",[],False
85,2025-04-10 20:01,eLyzao,pt,Counter-Strike,PUGS PUGS //// SORTEIO DE 25 REAIS PRA RETIRAR SKIN NA NESHA !TICKET SUB 4X  ❗Nesha ❗iox +18,['Português'],['MatureGame'],False
85,2025-04-10 20:01,renatisses,pt,Goose Goose Duck,Aniversário da streamer!,"['Brasil', 'Português', 'sorteio', 'thesims']",[],False
85,2025-04-10 20:01,waveigl,pt,Counter-Strike,WAVEIGL - AULA DE CS2 GRATUITA PARA ADULTOS - !aula !jogarcomigo !assinatura !comandos !valorant,['Português'],"['MatureGame', 'ProfanityVulgarity']",False
85,2025-04-10 20:01,oSinon,pt,Euro Truck Simulator 2,Entregas de qualidade com amigos @elemento46 | #AD USE O CODE SINON !pix,"['Português', 'ação', 'fortnite', 'gostosa', 'mulher', 'AMA', 'tiosino', 'Gostoso']",[],False
85,2025-04-10 20:02,beletz_,pt,Fortnite,VAMOOOO 🥳 JOGANDO FORTNITE COM O CHAT | USE CODE: BELETZ 💚 !CODE !PIX,"['portugues', 'fortnite', 'fortnitetrocacao', 'stream', 'Português', 'girlgamers']",[],False
85,2025-04-10 20:02,dimensaohadouken,pt,Animal Jam Classic,ANIMAL JAM! - DOADORA: Batata XD! - !discord - !youtube - !instagram,"['Português', 'AMA', 'jogadorcasual', 'jogoindie', 'jogoonline', 'jogoantigo']",[],False
85,2025-04-10 20:02,lulupanvegas,pt,Just Chatting,ME DA 55 REIS PRA EU VER O SHOW DO LINK DO ZAP PFV ;C- 5 REIS/20 ABDMINAIS -  5 REIS/30 POLICHNELOS - 1 REIS/10 AGACHAMNTOS-FAÇO DE WEBCAN,['Português'],[],False
85,2025-04-10 20:02,naky_nk,pt,Just Chatting,🎬Cinenaky: Invencivel 3 temporada #somos400,"['Português', 'paladins', 'roblox', 'jogos', 'rocketleague', 'tierlist', 'lethalcompany']",[],False
86,2025-04-10 20:13,ocontagia,pt,Teamfight Tactics,PALHAÇO CONTAGIA - E as locurage da vida moderna  !comandos,"['lol', 'tft', 'Brino', 'YoDa', 'portugues', 'Fortnite', 'conanexiles', 'Português']",[],False
86,2025-04-10 20:13,eLyzao,pt,Counter-Strike,PUGS PUGS //// SORTEIO DE 25 REAIS PRA RETIRAR SKIN NA NESHA !TICKET SUB 4X  ❗Nesha ❗iox +18,['Português'],['MatureGame'],False
86,2025-04-10 20:13,renatisses,pt,Goose Goose Duck,Aniversário da streamer!,"['Brasil', 'Português', 'sorteio', 'thesims']",[],False
86,2025-04-10 20:13,waveigl,pt,Counter-Strike,WAVEIGL - AULA DE CS2 GRATUITA PARA ADULTOS - !aula !jogarcomigo !assinatura !comandos !valorant,['Português'],"['MatureGame', 'ProfanityVulgarity']",False
86,2025-04-10 20:13,oSinon,pt,Euro Truck Simulator 2,Entregas de qualidade com amigos @elemento46 | #AD USE O CODE SINON !pix,"['Português', 'ação', 'fortnite', 'gostosa', 'mulher', 'AMA', 'tiosino', 'Gostoso']",[],False
86,2025-04-10 20:13,beletz_,pt,Fortnite,VAMOOOO 🥳 JOGANDO FORTNITE COM O CHAT | USE CODE: BELETZ 💚 !CODE !PIX,"['portugues', 'fortnite', 'fortnitetrocacao', 'stream', 'Português', 'girlgamers']",[],False
86,2025-04-10 20:13,Kamayeru_,pt,ROBLOX,"Semana do Roblox, 5° dia ❗Pix❗SR❗Comando❗Social","['VtuberBR', 'Vtuber', 'Brasil', 'Portugal', 'Jogando', 'Brasileiro', 'seguidores', 'Português', 'Jogandocomespectadores', 'roblox']",[],False
86,2025-04-10 20:14,TiaDaMerenda,pt,Overwatch 2,""" Você pode me trazer um curativo? É que eu ralei meu joelho caindo de amores por você.. ""  ❗moedas ❗ow  ❗amigo ❗pix ❗","['Português', 'conversação', 'Dentrodoslimites', 'iniciante', 'Brasil', 'DDA', 'LGBTQIAsafeplace']",['SexualThemes'],False
86,2025-04-10 20:14,Dezzasz,pt,VALORANT,VAVA NOSSO DE CADA DIA | ❗PIX❗HORÁRIOS❗META❗OVERCLOCK❗SOCIAIS❗DISCORD,"['English', 'Português', 'LGBT', 'Mulher', 'Brasil', 'arcade', 'fps', 'valorant']",[],False
87,2025-04-10 20:21,ocontagia,pt,Teamfight Tactics,PALHAÇO CONTAGIA - E as locurage da vida moderna  !comandos,"['lol', 'tft', 'Brino', 'YoDa', 'portugues', 'Fortnite', 'conanexiles', 'Português']",[],False
87,2025-04-10 20:21,eLyzao,pt,Counter-Strike,PUGS PUGS //// SORTEIO DE 25 REAIS PRA RETIRAR SKIN NA NESHA !TICKET SUB 4X  ❗Nesha ❗iox +18,['Português'],['MatureGame'],False
87,2025-04-10 20:21,renatisses,pt,R.E.P.O.,Aniversário da streamer!,"['Brasil', 'Português', 'sorteio', 'thesims']",[],False
87,2025-04-10 20:21,waveigl,pt,Counter-Strike,WAVEIGL - AULA DE CS2 GRATUITA PARA ADULTOS - !aula !jogarcomigo !assinatura !comandos !valorant,['Português'],"['MatureGame', 'ProfanityVulgarity']",False
87,2025-04-10 20:21,oSinon,pt,Euro Truck Simulator 2,Entregas de qualidade com amigos @elemento46 | #AD USE O CODE SINON !pix,"['Português', 'ação', 'fortnite', 'gostosa', 'mulher', 'AMA', 'tiosino', 'Gostoso']",[],False
87,2025-04-10 20:21,beletz_,pt,Fortnite,VAMOOOO 🥳 JOGANDO FORTNITE COM O CHAT | USE CODE: BELETZ 💚 !CODE !PIX,"['portugues', 'fortnite', 'fortnitetrocacao', 'stream', 'Português', 'girlgamers']",[],False
87,2025-04-10 20:21,adanicosmica,pt,R.E.P.O.,e vamos de loucuras ^^ | !pix !regras @adanicosmica,"['Trans', 'Português', 'Bruxa', 'LGBT', 'Tarot', 'lol', 'arianator']",['ProfanityVulgarity'],False
87,2025-04-10 20:22,Foythtv,pt,Overwatch 2,Alô? bb Cupom @Foythtv na BlackSkull #overwatchcreator,"['Português', 'OverwatchCreators', 'UbisoftPartner', 'overwatch2', 'Brasil', 'Casual', 'MarvelRivalsPartner']",[],False
87,2025-04-10 20:22,beatrizgoiss,pt,Syberia: The World Before,Vem comigo 💜| !loja | !clip | !discord,"['Português', 'creak', 'machinarium', 'indiegame', 'indie', 'WiredCreator', 'CriadorBandai']",['ProfanityVulgarity'],False
88,2025-04-10 20:33,ocontagia,pt,Teamfight Tactics,PALHAÇO CONTAGIA - E as locurage da vida moderna  !comandos,"['lol', 'tft', 'Brino', 'YoDa', 'portugues', 'Fortnite', 'conanexiles', 'Português']",[],False
88,2025-04-10 20:33,eLyzao,pt,Counter-Strike,PUGS PUGS //// SORTEIO DE 25 REAIS PRA RETIRAR SKIN NA NESHA !TICKET SUB 4X  ❗Nesha ❗iox +18,['Português'],['MatureGame'],False
88,2025-04-10 20:33,renatisses,pt,R.E.P.O.,Aniversário da streamer!,"['Brasil', 'Português', 'sorteio', 'thesims']",[],False
88,2025-04-10 20:33,waveigl,pt,Counter-Strike,WAVEIGL - AULA DE CS2 GRATUITA PARA ADULTOS - !aula !jogarcomigo !assinatura !comandos !valorant,['Português'],"['MatureGame', 'ProfanityVulgarity']",False
88,2025-04-10 20:33,oSinon,pt,Euro Truck Simulator 2,Entregas de qualidade com amigos @elemento46 | #AD USE O CODE SINON !pix,"['Português', 'ação', 'fortnite', 'gostosa', 'mulher', 'AMA', 'tiosino', 'Gostoso']",[],False
88,2025-04-10 20:33,beletz_,pt,Fortnite,VAMOOOO 🥳 JOGANDO FORTNITE COM O CHAT | USE CODE: BELETZ 💚 !CODE !PIX,"['portugues', 'fortnite', 'fortnitetrocacao', 'stream', 'Português', 'girlgamers']",[],False
88,2025-04-10 20:33,h1poison,pt,Stardew Valley,fazendeiras hoje com @faladelasgg,"['Português', 'valorant', 'fps', 'girl', 'leagueoflegends', 'lol', 'conversa', 'aventura', 'Poison']",[],False
88,2025-04-10 20:33,hayschii,pt,Minecraft,SUBATHON DE ANIVERSÁRIO DIA 4 🌷  | 1 SUB / 100 BITS = 1 ADESIVO NA CARA | ► ❗subathon ❗exitlag ❗enxada ❗pcnovo ❗pv ❗elo,"['Português', 'Competitivo', 'garotagamer', 'girl', 'conversa', 'valorant', 'Linda', 'Inglês']",[],False
88,2025-04-10 20:33,rkrutzmann,pt,Hollywood Animal,bora pegar nossa kombi e fugir pro nosso estúdio de cinema,"['Conversa', 'Comunidade', 'Variedades', 'SemSpoiler', 'cc', 'Aliado', 'Português', 'drops']",[],False
89,2025-04-11 00:01,eLyzao,pt,EA Sports FC 25,PUGS PUGS //// SORTEIO DE 25 REAIS PRA RETIRAR SKIN NA NESHA !TICKET SUB 4X  ❗Nesha ❗iox +18,['Português'],[],False
89,2025-04-11 00:01,waveigl,pt,Counter-Strike,WAVEIGL - AULA DE CS2 GRATUITA PARA ADULTOS - !aula !jogarcomigo !assinatura !comandos !valorant,['Português'],"['MatureGame', 'ProfanityVulgarity']",False
89,2025-04-11 00:01,gijuba_,pt,Dead by Daylight,[DROPS ON] 95% carregando | Use Code Epic: GIJUBA | Resgate skins na !loja assistindo a live ♡ | !sr !social !pix !comandos,"['Português', 'DropsAtivados']",['MatureGame'],False
89,2025-04-11 00:01,oSinon,pt,Fortnite,Entregas de qualidade com amigos @elemento46 | #AD USE O CODE SINON !pix,"['Português', 'ação', 'fortnite', 'gostosa', 'mulher', 'AMA', 'tiosino', 'Gostoso']",[],False
89,2025-04-11 00:01,MamuteLIVE,pt,Fortnite,🟢AO VIVO🟢 ✨HORA DE AVENTURA CHEGOU✨!MAPA !LOJA !NUUVEM,"['FORTNITE', 'gordo', 'Português', 'Dropshabilitados', 'conversando', 'fps', 'react', 'Sobrevivência', 'PokemonCommunityGame', 'PCG']",[],False
89,2025-04-11 00:02,iShadowWolf_,pt,Fortnite,(+18) Livezinha Muito Doida!   ||   (❗comandos ❗metas ❗drops)   ||   (Epic Code: SHADOWOLF),['Português'],[],False
89,2025-04-11 00:02,SenhorPeste,pt,Marvel Rivals,Ultimo dia da temporada (+80) !amazon !loja !ingles,"['Brasil', 'vtuber', 'vtuberbr', 'jogando', 'Português']",[],True
89,2025-04-11 00:02,Vaquinhu,pt,R.E.P.O.,🔴 JOGANDO SOZINHO O REPO,"['Vtuber', 'VtuberBR', 'Vaquinhu', 'karaoke', 'Português']",['ProfanityVulgarity'],False
89,2025-04-11 00:02,OiMizzy,pt,Dead by Daylight,Mizzython de aniversário - Dia 05  !Throne !Pix,"['Português', 'maid', 'ASMR', 'tsundere', 'Neko', 'bakeneko', 'demon', 'mulher', 'vtuber', 'VtuberBR']",['MatureGame'],False
90,2025-04-11 00:10,eLyzao,pt,EA Sports FC 25,PUGS PUGS //// SORTEIO DE 25 REAIS PRA RETIRAR SKIN NA NESHA !TICKET SUB 4X  ❗Nesha ❗iox +18,['Português'],[],False
90,2025-04-11 00:10,waveigl,pt,Counter-Strike,WAVEIGL - AULA DE CS2 GRATUITA PARA ADULTOS - !aula !jogarcomigo !assinatura !comandos !valorant,['Português'],"['MatureGame', 'ProfanityVulgarity']",False
90,2025-04-11 00:10,gijuba_,pt,Just Chatting,95% carregando | Use Code Epic: GIJUBA | Resgate skins na !loja assistindo a live ♡ | !sr !social !pix !comandos,"['Português', 'DropsAtivados']",[],False
90,2025-04-11 00:10,oSinon,pt,Fortnite,Entregas de qualidade com amigos @elemento46 | #AD USE O CODE SINON !pix,"['Português', 'ação', 'fortnite', 'gostosa', 'mulher', 'AMA', 'tiosino', 'Gostoso']",[],False
90,2025-04-11 00:10,MamuteLIVE,pt,Fortnite,🟢AO VIVO🟢 ✨HORA DE AVENTURA CHEGOU✨!MAPA !LOJA !NUUVEM,"['FORTNITE', 'gordo', 'Português', 'Dropshabilitados', 'conversando', 'fps', 'react', 'Sobrevivência', 'PokemonCommunityGame', 'PCG']",[],False
90,2025-04-11 00:10,iShadowWolf_,pt,Fortnite,(+18) Livezinha Muito Doida!   ||   (❗comandos ❗metas ❗drops)   ||   (Epic Code: SHADOWOLF),['Português'],[],False
90,2025-04-11 00:10,ataldaeclypse,pt,VALORANT,dois reais ou uma mira misteriosa !PIX !ELO !PATROCINIO,"['Português', 'valorant', 'BR', 'gamergirl', 'Mulher']",[],False
90,2025-04-11 00:10,leletsantin,pt,Call of Duty: Warzone,oi sumidos | +18 !pix,"['gameplayboa', 'proplayer', 'mulhergamer', 'PIX', 'Português', 'DropsAtivados']","['MatureGame', 'ProfanityVulgarity']",False
90,2025-04-11 00:10,Barbosa_isaaaa,pt,VALORANT,SPIDER PINAS,"['Português', 'Mulher', 'conversa', 'sonaconversa', 'Reposição', 'games', 'jogos']",[],True
91,2025-04-11 00:21,eLyzao,pt,EA Sports FC 25,PUGS PUGS //// SORTEIO DE 25 REAIS PRA RETIRAR SKIN NA NESHA !TICKET SUB 4X  ❗Nesha ❗iox +18,['Português'],[],False
91,2025-04-11 00:21,waveigl,pt,Counter-Strike,WAVEIGL - AULA DE CS2 GRATUITA PARA ADULTOS - !aula !jogarcomigo !assinatura !comandos !valorant,['Português'],"['MatureGame', 'ProfanityVulgarity']",False
91,2025-04-11 00:21,gijuba_,pt,Just Chatting,95% carregando | Use Code Epic: GIJUBA | Resgate skins na !loja assistindo a live ♡ | !sr !social !pix !comandos,['Português'],[],False
91,2025-04-11 00:21,oSinon,pt,Fortnite,Entregas de qualidade com amigos @elemento46 | #AD USE O CODE SINON !pix,"['Português', 'ação', 'fortnite', 'gostosa', 'mulher', 'AMA', 'tiosino', 'Gostoso']",[],False
91,2025-04-11 00:21,iShadowWolf_,pt,Fortnite,(+18) Livezinha Muito Doida!   ||   (❗comandos ❗metas ❗drops)   ||   (Epic Code: SHADOWOLF),['Português'],[],False
91,2025-04-11 00:21,AmandaxPrinces,pt,ROBLOX,Vc joga REBÓKIS? ❤️  !jogar,['Português'],[],False
91,2025-04-11 00:21,max_lemos,pt,Grand Theft Auto V,"🟢AOVIVO🟢SORTEIO DE FACA, LOBBY DO ABALO COM O CHAT @gamersclubcs 🤑(R$2,000 + na !LOJA)🤑 - SUB 2X !SORTEIO !ZAP !PIX !LOJA !COMANDOS(+18)","['FPS', 'JOGOSDETIROS', 'simulador', 'Português', 'AMA', 'Jogadoresiniciantes', 'counterstrike2', 'dropshabilidados', 'cs2counterstrike2', 'cassinoonline']",['MatureGame'],False
91,2025-04-11 00:21,shadowsganjaking,pt,Counter-Strike,"🔞VEM F1 COM NOIX NO SUBATHON  SUBATHON/LIVE INFINITA - SUB OU GIFT SUBS , BITS OU PIX AUMENTAM O TEMPO DA LIVE- !BITS| !PIX |!loja| !CUPOM|","['maconha', '420', 'CS2', 'Brasil', 'portugues', 'ganja', 'brasileiro', 'counterstrike', 'Cannabis', 'CannabisCommunity']",['MatureGame'],False
91,2025-04-11 00:21,VampiraFPS,pt,Schedule I,POV DE GARI - LIVE de seg  <3   sex 11h !foco !MIMO !PRESENTE !rifa !sorteio,"['CSGO', 'fps', 'GIRL', 'GAMERGIRL', 'GamersClub', 'GC', 'NovaGG', 'Português', 'faceit', 'Reposição']",['MatureGame'],False
92,2025-04-11 00:31,gijuba_,pt,Just Chatting,95% carregando | Use Code Epic: GIJUBA | Resgate skins na !loja assistindo a live ♡ | !sr !social !pix !comandos,['Português'],[],False
92,2025-04-11 00:31,Arkane,pt,Fortnite,GAMEPLAY DE QUINTA COM O CHAT - CODE: ARKANE #EpicPartner 🔥 !loja !pix !logitech !noping !youtube !cortes,['Português'],[],True
92,2025-04-11 00:31,guisobrevivente_,pt,Minecraft,jogando e conversando,"['minecraft', 'games', 'conversa', 'construcao', 'shaders', 'capa', 'Português']",[],False
92,2025-04-11 00:31,ZAKl1k,pt,Minecraft,🟢 MINECRAFT | ⭐ GANHE ASSISTINDO | 🌟 REESTOQUE DIA 10 ou 16 às 18h | !loja !points !prime !sub,"['Português', 'Minecraft']",[],False
92,2025-04-11 00:31,haruninha,pt,Music,+ 18:  compondo uns paranaue❗musica ❗comandos ❗livespix❗SR (off),['Português'],['ProfanityVulgarity'],False
92,2025-04-11 00:31,waveigl,pt,Counter-Strike,WAVEIGL - AULA DE CS2 GRATUITA PARA ADULTOS - !aula !jogarcomigo !assinatura !comandos !valorant,['Português'],"['MatureGame', 'ProfanityVulgarity']",False
92,2025-04-11 00:31,XarutinhoRP,pt,Grand Theft Auto V,TALVEZ LIVE CURTA TROPA - !pix !meta,['Português'],['MatureGame'],False
92,2025-04-11 00:31,zangadorp00,pt,Grand Theft Auto V,CAPITALCITY/LIDER EQUIPE FUNDÃO-Unidos venceremos🥇🎱🤞🏿 SEI QUE PRA ALMEJAR NOSSA DERROTA TERA DE MONTE -MAIS DESISTIR JAMAIS,"['capitalcity', 'cpx', 'paulinhooloko', 'Português', 'luquet4', 'bagual', 'capitalcityrp', 'reposiçao', 'redbeiramar', 'Complexogg']",['MatureGame'],False
92,2025-04-11 00:31,manowbrownrp,pt,Grand Theft Auto V,[ CPX / CAPITAL ] Manow Brown no RP,['Português'],['MatureGame'],False
93,2025-04-11 00:42,eLyzao,pt,EA Sports FC 25,PUGS PUGS //// SORTEIO DE 25 REAIS PRA RETIRAR SKIN NA NESHA !TICKET SUB 4X  ❗Nesha ❗iox +18,['Português'],[],False
93,2025-04-11 00:42,waveigl,pt,Counter-Strike,WAVEIGL - AULA DE CS2 GRATUITA PARA ADULTOS - !aula !jogarcomigo !assinatura !comandos !valorant,['Português'],"['MatureGame', 'ProfanityVulgarity']",False
93,2025-04-11 00:42,gijuba_,pt,Just Chatting,95% carregando | Use Code Epic: GIJUBA | Resgate skins na !loja assistindo a live ♡ | !sr !social !pix !comandos,['Português'],[],False
93,2025-04-11 00:42,AmandaxPrinces,pt,ROBLOX,Vc joga REBÓKIS? ❤️  !jogar,['Português'],[],False
93,2025-04-11 00:42,iShadowWolf_,pt,Fortnite,(+18) Livezinha Muito Doida!   ||   (❗comandos ❗metas ❗drops)   ||   (Epic Code: SHADOWOLF),['Português'],[],False
93,2025-04-11 00:42,Arkane,pt,Fortnite,GAMEPLAY DE QUINTA COM O CHAT - CODE: ARKANE #EpicPartner 🔥 !loja !pix !logitech !noping !youtube !cortes,['Português'],[],True
93,2025-04-11 00:42,EiMine77,pt,Minecraft,✅ RECOMPENSAS ON! | ⭐ SEJA RÁPIDO E GANHE UMA CAPA DE GRAÇA: !CAPA | 💘 INSTAGRAM: @EIMINE77 | !ajuda !rerun !sub !subgratis !loja,"['Minecraft', 'EiMine', 'Português']",[],False
93,2025-04-11 00:43,ElKiroLS,es,Minecraft,RACECATS - evento en MINECATS  ¿ganaremos?,"['elkirols', 'ElKiroLS', 'Mèxico', 'Español', 'minecraft']",[],False
93,2025-04-11 00:43,LipinhOr,pt,Grand Theft Auto V,AMANHÃ É NOSSA LIVE INFINITA EMMMMM!!! | ❗Eneba,"['Português', 'gta', 'roleplay']",['MatureGame'],False
94,2025-04-11 04:01,waveigl,pt,Counter-Strike,WAVEIGL - AULA DE CS2 GRATUITA PARA ADULTOS - !aula !jogarcomigo !assinatura !comandos !valorant,['Português'],"['MatureGame', 'ProfanityVulgarity']",False
94,2025-04-11 04:01,EiMine77,pt,Minecraft,✅ RECOMPENSAS ON! | ⭐ SEJA RÁPIDO E GANHE UMA CAPA DE GRAÇA: !CAPA | 💘 INSTAGRAM: @EIMINE77 | !ajuda !rerun !sub !subgratis !loja,"['Minecraft', 'EiMine', 'Português']",[],False
94,2025-04-11 04:01,DexGGxp,pt,Minecraft,✨ +1150 Dias - HardCore Bedrock 1.21.71 ✨ EP 71 ✨ ❗bits ❗sons ✨,"['Brasil', 'Português', 'Brazil', 'Minecraft', 'MinecraftBedrock', 'HardCore', 'MinecraftHardcore', 'BedrockHardCore', 'dexggxp', 'Drop']",[],False
94,2025-04-11 04:01,loud_coringa,pt,Just Chatting,LIVE 7 DIAS - DIA 5,['Português'],[],False
94,2025-04-11 04:01,ZAKl1k,pt,Minecraft,🟢 MINECRAFT | ⭐ GANHE ASSISTINDO | 🌟 REESTOQUE DIA 10 ou 16 às 18h | !loja !points !prime !sub,"['Português', 'Minecraft']",[],False
94,2025-04-11 04:01,haruninha,pt,Music,+ 18:  compondo uns paranaue❗musica ❗comandos ❗livespix❗SR (off),['Português'],['ProfanityVulgarity'],False
95,2025-04-11 04:10,EiMine77,pt,Minecraft,✅ RECOMPENSAS ON! | ⭐ SEJA RÁPIDO E GANHE UMA CAPA DE GRAÇA: !CAPA | 💘 INSTAGRAM: @EIMINE77 | !ajuda !rerun !sub !subgratis !loja,"['Minecraft', 'EiMine', 'Português']",[],False
95,2025-04-11 04:10,loud_coringa,pt,Just Chatting,LIVE 7 DIAS - DIA 5,['Português'],[],False
95,2025-04-11 04:10,DexGGxp,pt,Minecraft,✨ +1150 Dias - HardCore Bedrock 1.21.71 ✨ EP 71 ✨ ❗bits ❗sons ✨,"['Brasil', 'Português', 'Brazil', 'Minecraft', 'MinecraftBedrock', 'HardCore', 'MinecraftHardcore', 'BedrockHardCore', 'dexggxp', 'Drop']",[],False
95,2025-04-11 04:10,waveigl,pt,Manor Lords,WAVEIGL !aula !jogarcomigo !assinatura !comandos !valorant,['Português'],['ProfanityVulgarity'],False
95,2025-04-11 04:10,ZAKl1k,pt,Minecraft,🟢 MINECRAFT | ⭐ GANHE ASSISTINDO | 🌟 REESTOQUE DIA 10 ou 16 às 18h | !loja !points !prime !sub,"['Português', 'Minecraft']",[],False
95,2025-04-11 04:10,estrelarp,pt,Grand Theft Auto V,+18 FIVEM - LADOLESTE RP❗️Privacy❗️Discord ❗️Comandos ❗️Cidade - Vamos pro ZARALHO!,['Português'],['MatureGame'],True
95,2025-04-11 04:10,MsScarlettFury,en,Monster Hunter Wilds,🗡️Birb is the word... look at that birb... LOOK AT IT🗡️|✨PCG👾!pokestart✨,"['English', 'Armenian', 'LGBTQIAFriendly', 'ADHD', 'MentalHealth', 'ImmortalPhoenix', 'Stellar', 'Sylvrados']",[],False
95,2025-04-11 04:10,OlBrownTownn,en,Schedule I,First Time (kinda) | !Discord | TTS 100 Bits,"['Controller', 'PvP', 'PvE', 'Shenanigans', 'English']",['MatureGame'],False
95,2025-04-11 04:10,MrGreenz951,en,Sea of Thieves,This might be a solo session,"['seaofthieves', 'controllerplayer', 'PokemonCommunityGame', 'English']",['ProfanityVulgarity'],False
96,2025-04-11 04:22,waveigl,pt,Manor Lords,WAVEIGL !aula !jogarcomigo !assinatura !comandos !valorant,['Português'],['ProfanityVulgarity'],False
96,2025-04-11 04:22,loud_coringa,pt,Just Chatting,LIVE 7 DIAS - DIA 5,['Português'],[],False
96,2025-04-11 04:22,DexGGxp,pt,Minecraft,✨ +1150 Dias - HardCore Bedrock 1.21.71 ✨ EP 71 ✨ ❗bits ❗sons ✨,"['Brasil', 'Português', 'Brazil', 'Minecraft', 'MinecraftBedrock', 'HardCore', 'MinecraftHardcore', 'BedrockHardCore', 'dexggxp', 'Drop']",[],False
96,2025-04-11 04:22,EiMine77,pt,Minecraft,✅ RECOMPENSAS ON! | ⭐ SEJA RÁPIDO E GANHE UMA CAPA DE GRAÇA: !CAPA | 💘 INSTAGRAM: @EIMINE77 | !ajuda !rerun !sub !subgratis !loja,"['Minecraft', 'EiMine', 'Português']",[],False
96,2025-04-11 04:22,ZAKl1k,pt,Minecraft,🟢 MINECRAFT | ⭐ GANHE ASSISTINDO | 🌟 REESTOQUE DIA 10 ou 16 às 18h | !loja !points !prime !sub,"['Português', 'Minecraft']",[],False
96,2025-04-11 04:22,JosySampaio,pt,VALORANT,(+18)    Jogando com AMIGOS e o Chat    ❗PIX @MrGattiGTL,"['cooperativo', 'Aprendizado', 'Português']",[],False
96,2025-04-11 04:22,saverdaaa,pt,VALORANT,(+18) SUBATHOH + GRIND RADIANTE - RANKED ASCENDENTE TENTANDO VOLTAR PRO IMORTAL !guia !sociais !elo !clip,"['Portugues', 'jojofag', 'nseifazelive', 'depressao', 'colica', 'valorant', 'mulher', 'maconha', 'gato', 'sorteio']","['DrugsIntoxication', 'ProfanityVulgarity', 'SexualThemes']",False
96,2025-04-11 04:22,guigzvlr,pt,VALORANT,FAZ TEMPO QUE NAO TROLLO UMA RANKED A NOITE!  | !sub !parcerias !growth !tadala !soldado,['Português'],[],False
96,2025-04-11 04:22,joaozin,pt,VALORANT,SUBATHON INFINITO DO TOP 1 |  JA SE FORAM 100 HORAS DE SUBATHON | !tabela !pix,['Português'],[],False
97,2025-04-11 08:01,LhamaInPijamas,pt,Marvel Rivals,(S1 GM1) MAIN EMMA FROST DESDE A SEASON 0 !pix !elomarvel !discord,"['rpg', 'casual', 'Português', 'marvelrivals', 'rivals', 'marvelrival']",[],False
97,2025-04-11 08:01,ZAKl1k,pt,Minecraft,🟢 MINECRAFT | ⭐ GANHE ASSISTINDO | 🌟 REESTOQUE DIA 10 ou 16 às 18h | !loja !points !prime !sub,"['Português', 'Minecraft']",[],False
97,2025-04-11 08:01,NYKAGAMER_,pt,Fortnite,Pinas e perde  ❗️code ❗️LIVEPIX ❗️Onlyfans ❗️Comandos ❗️Discord ❗️Clip,"['Fortnite', 'Português', 'Mulher', 'brasil', 'Español', '한국어', 'Русский', '漢語', 'ภาษาไทย', '日本語']",[],False
97,2025-04-11 08:01,BrunoBalloni,pt,Counter-Strike,🔴RERUN!!!  -> ❗csgocases ❗regraloja❗farm ❗sub ❗msg ❗loja,"['Português', 'fps', 'Brasil', 'counterstrike', 'cs', 'cs2', 'brazil']",['MatureGame'],False
97,2025-04-11 08:01,loud_coringa,pt,Just Chatting,LIVE 7 DIAS - DIA 5,['Português'],[],False
97,2025-04-11 08:01,Gaules,pt,Counter-Strike,Playoffs Quartas de Final PGL Bucharest 2025 - !socio - Siga @Gaules nas redes sociais!,['Português'],['MatureGame'],True
98,2025-04-11 08:09,LhamaInPijamas,pt,Marvel Rivals,(S1 GM1) MAIN EMMA FROST DESDE A SEASON 0 !pix !elomarvel !discord,"['rpg', 'casual', 'Português', 'marvelrivals', 'rivals', 'marvelrival']",[],False
98,2025-04-11 08:09,Pedro017Yt,pt,Fortnite,BOM DIA🍉JOGANDO E PAPIANDO 🍉 RESGATE VB ASSISTINDO (❗loja ) 🍉!PIX🍉,"['Português', 'Fortnite', 'Jogandocomespectadores', 'DropsEnable']",[],False
98,2025-04-11 08:09,NYKAGAMER_,pt,Fortnite,Pinas e perde  ❗️code ❗️LIVEPIX ❗️Onlyfans ❗️Comandos ❗️Discord ❗️Clip,"['Fortnite', 'Português', 'Mulher', 'brasil', 'Español', '한국어', 'Русский', '漢語', 'ภาษาไทย', '日本語']",[],False
98,2025-04-11 08:09,BrunoBalloni,pt,Counter-Strike,🔴RERUN!!!  -> ❗csgocases ❗regraloja❗farm ❗sub ❗msg ❗loja,"['Português', 'fps', 'Brasil', 'counterstrike', 'cs', 'cs2', 'brazil']",['MatureGame'],False
98,2025-04-11 08:09,EiMine77,pt,Minecraft,✅ RECOMPENSAS ON! | ⭐ SEJA RÁPIDO E GANHE UMA CAPA DE GRAÇA: !CAPA | 💘 INSTAGRAM: @EIMINE77 | !ajuda !rerun !sub !subgratis !loja,"['Minecraft', 'EiMine', 'Português']",[],False
98,2025-04-11 08:09,loud_coringa,pt,Just Chatting,LIVE 7 DIAS - DIA 5,['Português'],[],False
98,2025-04-11 08:09,Krow_e_Bell,pt,Art,[COMISSÕES ABERTAS] Desenhandinho!,"['Português', 'Ｖｔｕｂｅｒ', 'VtuberBR', 'CommissionOPEN', 'arte', 'art', 'Artedigital', 'kawaii', 'Neko', 'MagicalGirl']",['ProfanityVulgarity'],False
98,2025-04-11 08:09,TioWillShow,pt,Placid Plastic Duck Simulator,[+18] [PT/ENG] TIO WILL vs. O 301º DIA DO !SUBATHON INFINITO - !PIX !ROLADA,"['Português', 'Autismo', 'TDAH', 'furry', 'Calvo', 'palhaxota', 'Autista']","['DebatedSocialIssuesAndPolitics', 'ProfanityVulgarity', 'ViolentGraphic']",False
98,2025-04-11 08:09,PonzuzuJu,pt,SpongeBob SquarePants: The Cosmic Shake,"✨Vocês estão prontas, crianças?✨❗redes ❗pix ❗comandos❗umapenca","['Português', 'English', 'Deutsch']",[],True
99,2025-04-11 08:16,LhamaInPijamas,pt,Marvel Rivals,(S1 GM1) MAIN EMMA FROST DESDE A SEASON 0 !pix !elomarvel !discord,"['rpg', 'casual', 'Português', 'marvelrivals', 'rivals', 'marvelrival']",[],False
99,2025-04-11 08:16,BrunoBalloni,pt,Counter-Strike,🔴RERUN!!!  -> ❗csgocases ❗regraloja❗farm ❗sub ❗msg ❗loja,"['Português', 'fps', 'Brasil', 'counterstrike', 'cs', 'cs2', 'brazil']",['MatureGame'],False
99,2025-04-11 08:16,NYKAGAMER_,pt,Fortnite,Pinas e perde  ❗️code ❗️LIVEPIX ❗️Onlyfans ❗️Comandos ❗️Discord ❗️Clip,"['Fortnite', 'Português', 'Mulher', 'brasil', 'Español', '한국어', 'Русский', '漢語', 'ภาษาไทย', '日本語']",[],False
99,2025-04-11 08:16,Pedro017Yt,pt,Fortnite,BOM DIA🍉JOGANDO E PAPIANDO 🍉 RESGATE VB ASSISTINDO (❗loja ) 🍉!PIX🍉,"['Português', 'Fortnite', 'Jogandocomespectadores', 'DropsEnable']",[],False
99,2025-04-11 08:16,loud_coringa,pt,Just Chatting,LIVE 7 DIAS - DIA 5,['Português'],[],False
99,2025-04-11 08:16,EiMine77,pt,Minecraft,✅ RECOMPENSAS ON! | ⭐ SEJA RÁPIDO E GANHE UMA CAPA DE GRAÇA: !CAPA | 💘 INSTAGRAM: @EIMINE77 | !ajuda !rerun !sub !subgratis !loja,"['Minecraft', 'EiMine', 'Português']",[],False
100,2025-04-11 08:25,LhamaInPijamas,pt,Marvel Rivals,(S1 GM1) MAIN EMMA FROST DESDE A SEASON 0 !pix !elomarvel !discord,"['rpg', 'casual', 'Português', 'marvelrivals', 'rivals', 'marvelrival']",[],False
100,2025-04-11 08:25,BrunoBalloni,pt,Counter-Strike,🔴RERUN!!!  -> ❗csgocases ❗regraloja❗farm ❗sub ❗msg ❗loja,"['Português', 'fps', 'Brasil', 'counterstrike', 'cs', 'cs2', 'brazil']",['MatureGame'],False
100,2025-04-11 08:25,NYKAGAMER_,pt,Fortnite,Pinas e perde  ❗️code ❗️LIVEPIX ❗️Onlyfans ❗️Comandos ❗️Discord ❗️Clip,"['Fortnite', 'Português', 'Mulher', 'brasil', 'Español', '한국어', 'Русский', '漢語', 'ภาษาไทย', '日本語']",[],False
100,2025-04-11 08:25,Pedro017Yt,pt,Fortnite,BOM DIA🍉JOGANDO E PAPIANDO 🍉 RESGATE VB ASSISTINDO (❗loja ) 🍉!PIX🍉,"['Português', 'Fortnite', 'Jogandocomespectadores', 'DropsEnable']",[],False
100,2025-04-11 08:25,EiMine77,pt,Minecraft,✅ RECOMPENSAS ON! | ⭐ SEJA RÁPIDO E GANHE UMA CAPA DE GRAÇA: !CAPA | 💘 INSTAGRAM: @EIMINE77 | !ajuda !rerun !sub !subgratis !loja,"['Minecraft', 'EiMine', 'Português']",[],False
100,2025-04-11 08:25,loud_coringa,pt,Just Chatting,LIVE 7 DIAS - DIA 5,['Português'],[],False
100,2025-04-11 08:25,melissaantuness,pt,Counter-Strike,[PT/BR] hello <3- SOMOS 430 🦋,"['Português', 'valorant', 'Fortnite', 'justchatting', 'girl', 'games', 'web', 'microphone', 'terror']",['MatureGame'],False
100,2025-04-11 08:25,micael__almeida_,pt,Counter-Strike,(+18) PT-EN❗LOJA❗DONATE ❗5 GIVEAWAYS 1900€ ❗MBWAY MÊS ABRIL:,"['Português', 'Reposição', 'csgo', 'cs', 'csgofunny', 'faceit', 'Singer']",['MatureGame'],True
100,2025-04-11 08:25,Cig_PAIS,pt,Slots,Consultorio do Pais com CS a mistura @alves,['Português'],"['DrugsIntoxication', 'Gambling', 'MatureGame', 'ProfanityVulgarity', 'SexualThemes', 'ViolentGraphic']",False
101,2025-04-11 12:01,LhamaInPijamas,pt,Marvel Rivals,(S1 GM1) (DROPS ON) MAIN EMMA FROST DESDE A SEASON 0 !pix !elomarvel !discord,"['rpg', 'casual', 'Português', 'marvelrivals', 'rivals', 'marvelrival', 'DropsAtivados']",[],False
101,2025-04-11 12:01,Pedro017Yt,pt,Fortnite,BOM DIA🍉JOGANDO E PAPIANDO 🍉 RESGATE VB ASSISTINDO (❗loja ) 🍉!PIX🍉,"['Português', 'Fortnite', 'Jogandocomespectadores', 'DropsEnable']",[],False
101,2025-04-11 12:01,HenriqueOph,pt,Marathon,HARDCORE 1.21.4 +350 DIAS PORTAIS DO END EP 21,"['Português', 'minecraft', 'Hardcore', 'HardMode', 'sobrevivencia', '1VIDA', 'hardcoregamer', 'Singlerplayer', 'MINEDROP', 'TIKTOKCAPA']",[],False
101,2025-04-11 12:01,EiMine77,pt,Minecraft,✅ RECOMPENSAS ON! | ⭐ SEJA RÁPIDO E GANHE UMA CAPA DE GRAÇA: !CAPA | 💘 INSTAGRAM: @EIMINE77 | !ajuda !rerun !sub !subgratis !loja,"['Minecraft', 'EiMine', 'Português']",[],False
101,2025-04-11 12:01,ZAKl1k,pt,Minecraft,🟢 MINECRAFT | ⭐ GANHE ASSISTINDO | 🌟 REESTOQUE DIA 10 ou 16 às 18h | !loja !points !prime !sub,"['Português', 'Minecraft']",[],False
101,2025-04-11 12:01,bibitenebroza,pt,Grand Theft Auto V,+18 SEXTOU [ METACITY RP ] | !PIX !BRISANET,"['TRANS', 'Português', 'dbd', 'dbddeadbydaylgiht', 'top1dbd', 'dbdmainsurvivor']",['MatureGame'],False
101,2025-04-11 12:01,paivinha29,pt,EA Sports FC 25,EVENTO ABSURDO HOJE -eusebio dme/ Immortals Team 2   !CURSO  !COINS  !TRUST  !TRADE,['Português'],[],False
101,2025-04-11 12:01,TioPedroJoga,pt,EA Sports FC 25,"TIME DOIS DO IMORTAIS COM PACK OPENING, EVO IMORTAL E MUITO CONTEÚDO !cliente !coins !camiseta",['Português'],[],False
101,2025-04-11 12:01,IsraelPirata,pt,Call of Duty: Warzone,CADÊ OS FÃS DE VERDANSK? !PIX !CLUBE,"['callofduty', 'warzone', 'fps', 'JogadaCasual', 'subathon', 'Português', 'English', 'RPG', 'Fortnite', 'FinalFantasy']",['MatureGame'],False
102,2025-04-11 12:12,EiMine77,pt,Minecraft,✅ RECOMPENSAS ON! | ⭐ SEJA RÁPIDO E GANHE UMA CAPA DE GRAÇA: !CAPA | 💘 INSTAGRAM: @EIMINE77 | !ajuda !rerun !sub !subgratis !loja,"['Minecraft', 'EiMine', 'Português']",[],False
102,2025-04-11 12:12,Pedro017Yt,pt,Fortnite,BOM DIA🍉JOGANDO E PAPIANDO 🍉 RESGATE VB ASSISTINDO (❗loja ) 🍉!PIX🍉,"['Português', 'Fortnite', 'Jogandocomespectadores', 'DropsEnable']",[],False
102,2025-04-11 12:12,HenriqueOph,pt,Marathon,HARDCORE 1.21.4 +350 DIAS PORTAIS DO END EP 21,"['Português', 'minecraft', 'Hardcore', 'HardMode', 'sobrevivencia', '1VIDA', 'hardcoregamer', 'Singlerplayer', 'MINEDROP', 'TIKTOKCAPA']",[],False
102,2025-04-11 12:12,ZAKl1k,pt,Minecraft,🟢 MINECRAFT | ⭐ GANHE ASSISTINDO | 🌟 REESTOQUE DIA 10 ou 16 às 18h | !loja !points !prime !sub,"['Português', 'Minecraft']",[],False
102,2025-04-11 12:12,Dilascio_,pt,Marvel Rivals,(DROPS ON) SEASON 2 CHEGOU!! EMMA MAIN,"['Português', 'Competitivo', 'Conversa', 'top500', 'overwatch', 'English', 'DropsAtivados']",[],False
102,2025-04-11 12:12,loud_coringa,pt,Grand Theft Auto V,LIVE 7 DIAS - DIA 5,['Português'],['MatureGame'],False
103,2025-04-11 12:21,EiMine77,pt,Minecraft,✅ RECOMPENSAS ON! | ⭐ SEJA RÁPIDO E GANHE UMA CAPA DE GRAÇA: !CAPA | 💘 INSTAGRAM: @EIMINE77 | !ajuda !rerun !sub !subgratis !loja,"['Minecraft', 'EiMine', 'Português']",[],False
103,2025-04-11 12:21,Pedro017Yt,pt,Fortnite,BOM DIA🍉JOGANDO E PAPIANDO 🍉 RESGATE VB ASSISTINDO (❗loja ) 🍉!PIX🍉,"['Português', 'Fortnite', 'Jogandocomespectadores', 'DropsEnable']",[],False
103,2025-04-11 12:21,HenriqueOph,pt,Marathon,HARDCORE 1.21.4 +350 DIAS PORTAIS DO END EP 21,"['Português', 'minecraft', 'Hardcore', 'HardMode', 'sobrevivencia', '1VIDA', 'hardcoregamer', 'Singlerplayer', 'MINEDROP', 'TIKTOKCAPA']",[],False
103,2025-04-11 12:21,Dilascio_,pt,Marvel Rivals,(DROPS ON) SEASON 2 CHEGOU!! EMMA MAIN,"['Português', 'Competitivo', 'Conversa', 'top500', 'overwatch', 'English', 'DropsAtivados']",[],False
103,2025-04-11 12:21,ZAKl1k,pt,Minecraft,🟢 MINECRAFT | ⭐ GANHE ASSISTINDO | 🌟 REESTOQUE DIA 10 ou 16 às 18h | !loja !points !prime !sub,"['Português', 'Minecraft']",[],False
103,2025-04-11 12:21,loud_coringa,pt,Grand Theft Auto V,LIVE 7 DIAS - DIA 5,['Português'],['MatureGame'],False
104,2025-04-11 12:28,EiMine77,pt,Minecraft,✅ RECOMPENSAS ON! | ⭐ SEJA RÁPIDO E GANHE UMA CAPA DE GRAÇA: !CAPA | 💘 INSTAGRAM: @EIMINE77 | !ajuda !rerun !sub !subgratis !loja,"['Minecraft', 'EiMine', 'Português']",[],False
104,2025-04-11 12:28,ZAKl1k,pt,Minecraft,🟢 MINECRAFT | ⭐ GANHE ASSISTINDO | 🌟 REESTOQUE DIA 10 ou 16 às 18h | !loja !points !prime !sub,"['Português', 'Minecraft']",[],False
104,2025-04-11 12:28,HenriqueOph,pt,Marathon,HARDCORE 1.21.4 +350 DIAS PORTAIS DO END EP 21,"['Português', 'minecraft', 'Hardcore', 'HardMode', 'sobrevivencia', '1VIDA', 'hardcoregamer', 'Singlerplayer', 'MINEDROP', 'TIKTOKCAPA']",[],False
104,2025-04-11 12:29,Dilascio_,pt,Marvel Rivals,(DROPS ON) SEASON 2 CHEGOU!! EMMA MAIN,"['Português', 'Competitivo', 'Conversa', 'top500', 'overwatch', 'English', 'DropsAtivados']",[],False
104,2025-04-11 12:29,Gaules,pt,Counter-Strike,Playoffs Quartas de Final PGL Bucharest 2025 - !socio - Siga @Gaules nas redes sociais!,['Português'],['MatureGame'],True
104,2025-04-11 12:29,bibitenebroza,pt,Grand Theft Auto V,+18 SEXTOU [ METACITY RP ] | !PIX !BRISANET,"['TRANS', 'Português', 'dbd', 'dbddeadbydaylgiht', 'top1dbd', 'dbdmainsurvivor']",['MatureGame'],False
104,2025-04-11 12:29,celinettpb,pt,Naruto Shippuden: Ultimate Ninja Storm 4,!subathon (dia 7) VEM SEXTAR COM A GENTE! 🎉,['Português'],[],False
104,2025-04-11 12:29,Roonald,pt,Grand Theft Auto V,[CPX / FORTAL RP] SUBATHON DO  EX SECRETARIO - 1 $ REAL  + 2 MIN ┋   100BITS +7MIN┋1 SUB + 4 MIN ┋❗PIX ❗COMANDOS ❗ONLYFANS,"['Português', 'cpx', 'CAPITAL', 'Brasil', 'IRL']",['MatureGame'],False
104,2025-04-11 12:29,niickrp,pt,Grand Theft Auto V,+18 [CPX] - SORTEIO DE AL 16H - 3° SGT GTM - NICKZADA - Siga @niickrp ❗️ GTM ❗️ SUB ❗️ COMANDOS ❗️ INSTA ❗️ PIX ❗️ SOCIAIS ❗️,"['COMPLEXO', 'cpx', 'PｖP', 'GTM', 'gtmcomplexo', 'Português', 'fivem', 'gta', 'frontpage', 'holidayhoopla']",['MatureGame'],False
105,2025-04-11 16:01,EiMine77,pt,Minecraft,✅ RECOMPENSAS ON! | ⭐ SEJA RÁPIDO E GANHE UMA CAPA DE GRAÇA: !CAPA | 💘 INSTAGRAM: @EIMINE77 | !ajuda !rerun !sub !subgratis !loja,"['Minecraft', 'EiMine', 'Português']",[],False
105,2025-04-11 16:01,letiltz,pt,Fortnite,A AVENTURA VAI COMEÇAR!  | USE O CÓDIGO LETILTZ NA LOJA,"['Português', 'Fortnite', 'letiltz', 'FamilyFrendly', 'SafeSpace', 'Jogandocomespectadores']",[],False
105,2025-04-11 16:01,renatisses,pt,The Sims 4,Legado no the sims 4 e + Tarde inZoi,"['Brasil', 'Português', 'sorteio', 'thesims']",[],False
105,2025-04-11 16:01,playinghazel,pt,Sea of Thieves,Sextou em alto mar! | Campanha Plus - Dia 11. Como ajudar? -> !plus + Desafios -> !roda | !redes !discord !lendasdomar,"['SeaofThieves', 'Português', 'LGBTQIAPIus', 'PvP', 'PvE']",[],False
105,2025-04-11 16:01,Dilascio_,pt,Marvel Rivals,(DROPS ON) SEASON 2 CHEGOU!! EMMA MAIN,"['Português', 'Competitivo', 'Conversa', 'top500', 'overwatch', 'English', 'DropsAtivados']",[],False
105,2025-04-11 16:01,jaimeleef,pt,VALORANT,Live a tarde hoje / vavazin enquanto atualiza o Marvel <3,"['Português', 'Anime']",[],False
105,2025-04-11 16:01,shadowsganjaking,pt,Counter-Strike,"🔞VEM F1 COM NOIX NO SUBATHON  SUBATHON/LIVE INFINITA - SUB OU GIFT SUBS , BITS OU PIX AUMENTAM O TEMPO DA LIVE- !BITS| !PIX |!loja| !CUPOM|","['maconha', '420', 'CS2', 'Brasil', 'portugues', 'ganja', 'brasileiro', 'counterstrike', 'Cannabis', 'CannabisCommunity']",['MatureGame'],False
105,2025-04-11 16:01,EdHunterCS,pt,How 2 Escape,Nova !RIFA no canal ❗️rifa ❗️insane ❗️csgocases,['Português'],[],False
105,2025-04-11 16:01,Fomynha,pt,Just Chatting,#Sorteio MENSAL CSGONET - 10 Facas Freehand ❗️CSGONET ❗️INSANE ❗️SORTEIOS ❗️RIFAS ❗️SITE ❗️EXTENSAO #Siga nas redes sociais,"['Português', 'csgonet', 'lojinha', 'sorteio', 'skins', 'csgo', 'farmskins', 'giveway']",[],False
106,2025-04-11 16:09,letiltz,pt,Fortnite,A AVENTURA VAI COMEÇAR!  | USE O CÓDIGO LETILTZ NA LOJA,"['Português', 'Fortnite', 'letiltz', 'FamilyFrendly', 'SafeSpace', 'Jogandocomespectadores']",[],False
106,2025-04-11 16:09,jaimeleef,pt,VALORANT,Live a tarde hoje / vavazin enquanto atualiza o Marvel <3,"['Português', 'Anime']",[],False
106,2025-04-11 16:09,renatisses,pt,The Sims 4,Legado no the sims 4 e + Tarde inZoi,"['Brasil', 'Português', 'sorteio', 'thesims']",[],False
106,2025-04-11 16:09,playinghazel,pt,Sea of Thieves,Sextou em alto mar! | Campanha Plus - Dia 11. Como ajudar? -> !plus + Desafios -> !roda | !redes !discord !lendasdomar,"['SeaofThieves', 'Português', 'LGBTQIAPIus', 'PvP', 'PvE']",[],False
106,2025-04-11 16:09,Gaules,pt,Counter-Strike,RERUN: Dia 2 PGL Bucharest 2025 - !socio - Siga @Gaules nas redes sociais!,['Português'],['MatureGame'],True
106,2025-04-11 16:10,VeNavas,pt,Rocket League,+18🟥RERUN🟥 Rocket League - LOJA ATUALIZADÍSSIMA ➡  AO VIVO FARMA MAIS!!!!⬅ ❗csgocases ❗loja ❗livepix ❗discord ❗donate,"['Português', 'Reposição']",['ProfanityVulgarity'],True
106,2025-04-11 16:10,celinettpb,pt,Just Chatting,!subathon (dia 7) VEM SEXTAR COM A GENTE! 🎉,['Português'],[],False
106,2025-04-11 16:10,ursinharp,pt,Grand Theft Auto V,#10. Rumo aos 10Kk / Filminho (Vlone)[+18] [CDAnjos👼],"['Português', 'CDAnjos', 'cdanjosrp', 'CidadedosAnjos', 'RP', 'vlone', 'thesims4', 'eldoradorp', 'Reposição']",['MatureGame'],True
106,2025-04-11 16:10,coyotez3ra,pt,Grand Theft Auto V,+18🟣 CDANJOS 5.0⚫ SOLDADO DA AURA,"['Português', 'CidadedosAnjos', 'fivem', 'gtavrproleplay']",['MatureGame'],False
107,2025-04-11 16:21,letiltz,pt,Fortnite,A AVENTURA VAI COMEÇAR!  | USE O CÓDIGO LETILTZ NA LOJA,"['Português', 'Fortnite', 'letiltz', 'FamilyFrendly', 'SafeSpace', 'Jogandocomespectadores']",[],False
107,2025-04-11 16:21,playinghazel,pt,Sea of Thieves,Sextou em alto mar! | Campanha Plus - Dia 11. Como ajudar? -> !plus + Desafios -> !roda | !redes !discord !lendasdomar,"['SeaofThieves', 'Português', 'LGBTQIAPIus', 'PvP', 'PvE']",[],False
107,2025-04-11 16:21,renatisses,pt,The Sims 4,Legado no the sims 4 e + Tarde inZoi,"['Brasil', 'Português', 'sorteio', 'thesims']",[],False
107,2025-04-11 16:21,ZAKl1k,pt,Minecraft,🟢 MINECRAFT | ⭐ GANHE ASSISTINDO | 🌟 REESTOQUE DIA 10 ou 16 às 18h | !loja !points !prime !sub,"['Português', 'Minecraft']",[],False
107,2025-04-11 16:21,Dilascio_,pt,Marvel Rivals,(DROPS ON) SEASON 2 CHEGOU!! EMMA MAIN,"['Português', 'Competitivo', 'Conversa', 'top500', 'overwatch', 'English', 'DropsAtivados']",[],False
107,2025-04-11 16:21,jaimeleef,pt,VALORANT,Live a tarde hoje / vavazin enquanto atualiza o Marvel <3,"['Português', 'Anime']",[],False
107,2025-04-11 16:21,loud_coringa,pt,Just Chatting,LIVE 7 DIAS - DIA 5,['Português'],[],False
107,2025-04-11 16:21,guneiva,pt,EA Sports FC 25,EUSEBIO VALE? FIZEMOS 229/0 - 10 CONTAS NO EVENTO TOP DA WL -  JOGAMOS SUA WL - !coins !cliente !coach !livepix !4213 !4411,['Português'],[],False
107,2025-04-11 16:21,vilela022,pt,EA Sports FC 25,"!wlcliente - TIME 2 IMORTAIS, HYPE DAS 14HS E PACK OPENING! - !grupo","['Português', 'Futebol', 'EAFC']",[],False
108,2025-04-11 16:30,letiltz,pt,Fortnite,A AVENTURA VAI COMEÇAR!  | USE O CÓDIGO LETILTZ NA LOJA,"['Português', 'Fortnite', 'letiltz', 'FamilyFrendly', 'SafeSpace', 'Jogandocomespectadores']",[],False
108,2025-04-11 16:30,playinghazel,pt,Sea of Thieves,Sextou em alto mar! | Campanha Plus - Dia 11. Como ajudar? -> !plus + Desafios -> !roda | !redes !discord !lendasdomar,"['SeaofThieves', 'Português', 'LGBTQIAPIus', 'PvP', 'PvE']",[],False
108,2025-04-11 16:30,renatisses,pt,The Sims 4,Legado no the sims 4 e + Tarde inZoi,"['Brasil', 'Português', 'sorteio', 'thesims']",[],False
108,2025-04-11 16:30,igol7,pt,EA Sports FC 25,"SEXTOU DO IGOOOOOOOOL  |  futebol, bingol e resenha | !comandos !pix","['Português', 'Brasil', 'Esportes', 'Futebol', 'FPS', 'VidaReal', 'eafc24', 'react', 'reagindo', 'HolidayHoopla']",[],False
108,2025-04-11 16:30,eLyzao,pt,Counter-Strike,"LIVE CURTA, PUGS   ❗Nesha ❗iox +18",['Português'],['MatureGame'],False
108,2025-04-11 16:30,jaimeleef,pt,VALORANT,Live a tarde hoje / vavazin enquanto atualiza o Marvel <3,"['Português', 'Anime']",[],False
108,2025-04-11 16:30,TaisRozaa,pt,Blood Strike,+18 blood e mine e bate papo,"['Português', 'farlight84', 'fortinte', 'VALORONAT', 'bloodstrike', 'minecraft', 'fps']",[],False
108,2025-04-11 16:30,alanzoka,pt,REMATCH,REMATCH com os colegas,"['Idoso', 'Gostoso', 'Português']",[],False
108,2025-04-11 16:30,CaioDancarino,pt,League of Legends,👑 GOBLINTHON 🌟SEXTA LGBT HOT🔥🔥 DIA 7 BENEFICENTE 🍫💡 !PIX = BENEFICENTE | !TIPAI = INVEJA RASTA!,"['Português', 'Marathon']",['Gambling'],False
109,2025-04-11 16:39,letiltz,pt,Fortnite,A AVENTURA VAI COMEÇAR!  | USE O CÓDIGO LETILTZ NA LOJA,"['Português', 'Fortnite', 'letiltz', 'FamilyFrendly', 'SafeSpace', 'Jogandocomespectadores']",[],False
109,2025-04-11 16:39,playinghazel,pt,Sea of Thieves,Sextou em alto mar! | Campanha Plus - Dia 11. Como ajudar? -> !plus + Desafios -> !roda | !redes !discord !lendasdomar,"['SeaofThieves', 'Português', 'LGBTQIAPIus', 'PvP', 'PvE']",[],False
109,2025-04-11 16:39,renatisses,pt,The Sims 4,Legado no the sims 4 e + Tarde inZoi,"['Brasil', 'Português', 'sorteio', 'thesims']",[],False
109,2025-04-11 16:39,jaimeleef,pt,VALORANT,Live a tarde hoje / vavazin enquanto atualiza o Marvel <3,"['Português', 'Anime']",[],False
109,2025-04-11 16:39,sacy,pt,VALORANT,mibr Sacy / ESTUDIO NOVO - !mibr !pix !noping !csgoskins,['Português'],[],False
109,2025-04-11 16:39,eLyzao,pt,Counter-Strike,"LIVE CURTA, PUGS   ❗Nesha ❗iox +18",['Português'],['MatureGame'],False
109,2025-04-11 16:39,WesleyCaribe,pt,Sea of Thieves,🇧🇷🇵🇹🏴‍☠️Não tenho medo do monstro que está no fundo do mar …,"['Português', 'bemorepirate']",[],False
109,2025-04-11 16:40,rkrutzmann,pt,Marathon,"sexta com: badge nova, unboxing e terror 🔥","['Conversa', 'Comunidade', 'Variedades', 'SemSpoiler', 'cc', 'Aliado', 'Português', 'drops', 'DropsAtivados']",[],False
109,2025-04-11 16:40,WallBavaria,pt,God of War,Vamo de the lastofu parte 1 hoje - Contagem de Live (66/145) - (18+) !insta !musicas,"['Português', 'Arte', 'Música', 'Wall', 'JogosVariados', 'conversa', 'Bigode']",['MatureGame'],False
110,2025-04-11 20:01,iShadowWolf_,pt,Marathon,(+18) Livezinha Muito Doida!   ||   (❗comandos ❗metas ❗drops)   ||   (Epic Code: SHADOWOLF),"['Português', 'DropsAtivados']",[],False
110,2025-04-11 20:01,beletz_,pt,Fortnite,PLAY COM SUBS🥳 JOGANDO FORTNITE COM O CHAT | USE CODE: BELETZ 💚 !CODE !PIX,"['portugues', 'fortnite', 'fortnitetrocacao', 'stream', 'Português', 'girlgamers']",[],False
110,2025-04-11 20:01,aFranzita,pt,Marathon,SEXTAMOS!!! SPLIT FICTION C/ @el_xandeko ♥,"['PortuguêsBR', 'Português', 'jogo', 'mulherjogando', 'localseguro', 'aventura', 'noobstreamer', 'survival', 'servidorminecraft', 'DropsAtivados']",[],False
110,2025-04-11 20:01,Dilascio_,pt,Marvel Rivals,(DROPS ON) SEASON 2 CHEGOU!! EMMA MAIN,"['Português', 'Competitivo', 'Conversa', 'top500', 'overwatch', 'English', 'DropsAtivados']",[],False
110,2025-04-11 20:01,ZAKl1k,pt,Minecraft,🟢 MINECRAFT | ⭐ GANHE ASSISTINDO | 🌟 REESTOQUE DIA 10 ou 16 às 18h | !loja !points !prime !sub,"['Português', 'Minecraft']",[],False
110,2025-04-11 20:01,sacy,pt,VALORANT,mibr Sacy - 2GAME 0x1 100T - VCT AMÉRICAS SPLIT 1 - SEMANA 4 #VCTWATCHPARTY,['Português'],[],False
111,2025-04-11 20:12,iShadowWolf_,pt,Marathon,(+18) Livezinha Muito Doida!   ||   (❗comandos ❗metas ❗drops)   ||   (Epic Code: SHADOWOLF),"['Português', 'DropsAtivados']",[],False
111,2025-04-11 20:12,beletz_,pt,Fortnite,PLAY COM SUBS🥳 JOGANDO FORTNITE COM O CHAT | USE CODE: BELETZ 💚 !CODE !PIX,"['portugues', 'fortnite', 'fortnitetrocacao', 'stream', 'Português', 'girlgamers']",[],False
111,2025-04-11 20:12,aFranzita,pt,Marathon,SEXTAMOS!!! SPLIT FICTION C/ @el_xandeko ♥,"['PortuguêsBR', 'Português', 'jogo', 'mulherjogando', 'localseguro', 'aventura', 'noobstreamer', 'survival', 'servidorminecraft', 'DropsAtivados']",[],False
111,2025-04-11 20:13,DanriqueTW,pt,Minecraft,GRAVANDO EP 11 DE CIDADE MECÂNICA COM @nofaxu ! !host !cobblemon,['Português'],[],False
111,2025-04-11 20:13,Dilascio_,pt,Marvel Rivals,(DROPS ON) SEASON 2 CHEGOU!! EMMA MAIN,"['Português', 'Competitivo', 'Conversa', 'top500', 'overwatch', 'English', 'DropsAtivados']",[],False
111,2025-04-11 20:13,ZAKl1k,pt,Minecraft,🟢 MINECRAFT | ⭐ GANHE ASSISTINDO | 🌟 REESTOQUE DIA 10 ou 16 às 18h | !loja !points !prime !sub,"['Português', 'Minecraft']",[],False
111,2025-04-11 20:13,brenotheodoro,pt,Counter-Strike,SUBATHON | SORTEIO > 4 FACAS | Sorteio basta interajar | !livepix | !csgoskins | !msg | !loja | !strive | !kaspersky | !jocaskins,"['Português', 'CS2', 'fps']",['MatureGame'],False
111,2025-04-11 20:13,ALLE1,pt,Counter-Strike Online 2,CSCSCS :) !skinsvip !csgobig !topskin !clash !loja !melbet !wpp🔥,['Português'],[],True
111,2025-04-11 20:13,fluyr,pt,VALORANT,VOLTANDO AO VALORANT - CAMP DE VP,['Português'],[],False
112,2025-04-11 20:21,iShadowWolf_,pt,Marathon,(+18) Livezinha Muito Doida!   ||   (❗comandos ❗metas ❗drops)   ||   (Epic Code: SHADOWOLF),"['Português', 'DropsAtivados']",[],False
112,2025-04-11 20:21,beletz_,pt,Fortnite,PLAY COM SUBS🥳 JOGANDO FORTNITE COM O CHAT | USE CODE: BELETZ 💚 !CODE !PIX,"['portugues', 'fortnite', 'fortnitetrocacao', 'stream', 'Português', 'girlgamers']",[],False
112,2025-04-11 20:21,aFranzita,pt,Marathon,SEXTAMOS!!! SPLIT FICTION C/ @el_xandeko ♥,"['PortuguêsBR', 'Português', 'jogo', 'mulherjogando', 'localseguro', 'aventura', 'noobstreamer', 'survival', 'servidorminecraft', 'DropsAtivados']",[],False
112,2025-04-11 20:21,Dilascio_,pt,Marvel Rivals,(DROPS ON) SEASON 2 CHEGOU!! EMMA MAIN,"['Português', 'Competitivo', 'Conversa', 'top500', 'overwatch', 'English', 'DropsAtivados']",[],False
112,2025-04-11 20:21,oSinon,pt,FINAL FANTASY VII REMAKE,Fantasia Final 7 Refeito agr com SINAMAO  | #AD USE O CODE SINON !pix,"['Português', 'ação', 'fortnite', 'gostosa', 'mulher', 'AMA', 'tiosino', 'Gostoso']",[],False
112,2025-04-11 20:22,ZAKl1k,pt,Minecraft,🟢 MINECRAFT | ⭐ GANHE ASSISTINDO | 🌟 REESTOQUE DIA 10 ou 16 às 18h | !loja !points !prime !sub,"['Português', 'Minecraft']",[],False
112,2025-04-11 20:22,teuzz,pt,Fortnite,SOLO CASH CUP 🏆 | !EXITLAG !GROWTH | Code TEUZZ #ad | !cortes !pix,"['Fortnite', 'fortniteproplayer', 'fortnitepro', 'Português', 'Ranked']",[],False
112,2025-04-11 20:22,pulgaboy,pt,Fortnite,SOLO CASH CUP KKKKKKKK / !Analise de 3 inscritos depois da cash !pix,"['Fortnite', 'Português']",[],False
112,2025-04-11 20:22,Vascurado,pt,Fortnite,WATCH PARTY SOLO CASH CUP OPENS DO BRASIL!! - !pix !DISCORD !donate !videonovo !comandos,['Português'],[],False
113,2025-04-11 20:31,iShadowWolf_,pt,Marathon,(+18) Livezinha Muito Doida!   ||   (❗comandos ❗metas ❗drops)   ||   (Epic Code: SHADOWOLF),"['Português', 'DropsAtivados']",[],False
113,2025-04-11 20:31,beletz_,pt,Fortnite,PLAY COM SUBS🥳 JOGANDO FORTNITE COM O CHAT | USE CODE: BELETZ 💚 !CODE !PIX,"['portugues', 'fortnite', 'fortnitetrocacao', 'stream', 'Português', 'girlgamers']",[],False
113,2025-04-11 20:31,aFranzita,pt,Marathon,SEXTAMOS!!! SPLIT FICTION C/ @el_xandeko ♥,"['PortuguêsBR', 'Português', 'jogo', 'mulherjogando', 'localseguro', 'aventura', 'noobstreamer', 'survival', 'servidorminecraft', 'DropsAtivados']",[],False
113,2025-04-11 20:31,Dilascio_,pt,Marvel Rivals,(DROPS ON) SEASON 2 CHEGOU!! EMMA MAIN,"['Português', 'Competitivo', 'Conversa', 'top500', 'overwatch', 'English', 'DropsAtivados']",[],False
113,2025-04-11 20:31,suetam1v4,pt,Fortnite,CASH CUP SOLO | !PIX,['Português'],[],False
113,2025-04-11 20:31,ZAKl1k,pt,Minecraft,🟢 MINECRAFT | ⭐ GANHE ASSISTINDO | 🌟 REESTOQUE DIA 10 ou 16 às 18h | !loja !points !prime !sub,"['Português', 'Minecraft']",[],False
113,2025-04-11 20:31,Nitrao_,pt,Marvel Rivals,DROPS ON *deixe afk aqui* SEASON 2 Coach as 22 pros subs,"['Português', 'DropsAtivados']",[],False
113,2025-04-11 20:31,jrodorfo,pt,Marvel Rivals,(drops) SUBATHOM DE SEASON NOVA ROLANDO!! BORA QUE TEM MUITA COISA DIVERTIDA NOVA PRA FAZER!!,"['Português', 'DropsAtivados']",[],False
113,2025-04-11 20:31,tony_lvl,pt,Overwatch 2,To aqui sexta,"['Português', 'DPS', 'Ranked', 'OverwatchCreators', 'Competitivo', 'Overwatch2', 'OW2Giveaway', 'Hitscan', 'Ashe', 'marvelrivals']",['ProfanityVulgarity'],False
114,2025-04-11 20:41,iShadowWolf_,pt,Marathon,(+18) Livezinha Muito Doida!   ||   (❗comandos ❗metas ❗drops)   ||   (Epic Code: SHADOWOLF),"['Português', 'DropsAtivados']",[],False
114,2025-04-11 20:41,beletz_,pt,Fortnite,PLAY COM SUBS🥳 JOGANDO FORTNITE COM O CHAT | USE CODE: BELETZ 💚 !CODE !PIX,"['portugues', 'fortnite', 'fortnitetrocacao', 'stream', 'Português', 'girlgamers']",[],False
114,2025-04-11 20:41,aFranzita,pt,Marathon,SEXTAMOS!!! SPLIT FICTION C/ @el_xandeko ♥,"['PortuguêsBR', 'Português', 'jogo', 'mulherjogando', 'localseguro', 'aventura', 'noobstreamer', 'survival', 'servidorminecraft', 'DropsAtivados']",[],False
114,2025-04-11 20:41,mithirteen,pt,Marvel Rivals,(+18) (PT-BR) -✨SIM GABRIEL É MARVEL | !Marvel !Discord !LivePix,"['Português', 'girlstreaming', 'batepapo', 'react', 'DropsAtivados']",['ProfanityVulgarity'],False
114,2025-04-11 20:41,pirangueirah,pt,R.E.P.O.,[+18] Repo de vaga bundas ❤️,"['LGBTQIAMais', 'Português', 'kekel', 'Ele', 'Ela', 'deadbbydaylight', 'fortinite']",[],False
114,2025-04-11 20:41,suetam1v4,pt,Fortnite,CASH CUP SOLO | !PIX,['Português'],[],False
114,2025-04-11 20:41,TcK10,pt,VALORANT,G2 X LEV | VCT AMÉRICAS 🏆 !GROWTH 🏆 SIGA EM @TcK10 !PLACAR,"['melhordomundo', 'radiante', 'incrível', 'valorant', 'Português']",[],False
114,2025-04-11 20:41,f0rsakenwOw,pt,VALORANT,"LEVIATÁN vs G2 #VCTWATCHPARTY, SEM ADS NA !LOCO — !youtube !pix !lojaeg",['Português'],[],False
114,2025-04-11 20:41,frttt,pt,The Last of Us Part II: Remastered,🟢AO VIVO - FINAL THE LAST OF US 2 - !curso !aulas,['Português'],['MatureGame'],False
115,2025-04-12 00:01,iShadowWolf_,pt,Marathon,(+18) Livezinha Muito Doida!   ||   (❗comandos ❗metas ❗drops)   ||   (Epic Code: SHADOWOLF),"['Português', 'DropsAtivados']",[],False
115,2025-04-12 00:01,Alynne_fs,pt,Marvel Rivals,SEASON NOVA DROPS ON (gameplay Suporte) Marvel Rivals,"['Português', 'DropsAtivados']",[],False
115,2025-04-12 00:01,aFranzita,pt,Marathon,SEXTAMOS!!! SPLIT FICTION C/ @el_xandeko ♥,"['PortuguêsBR', 'Português', 'jogo', 'mulherjogando', 'localseguro', 'aventura', 'noobstreamer', 'survival', 'servidorminecraft', 'DropsAtivados']",[],False
115,2025-04-12 00:01,DanriqueTW,pt,Minecraft,GRAVANDO EP 11 DE CIDADE MECÂNICA COM @nofaxu ! !host !cobblemon,['Português'],[],False
115,2025-04-12 00:01,oBenee,pt,VALORANT,VEM FAZER COMPANHIA PRO PRETAO DOENTE NESSA SEXTA 🤒 -> ❗pix,['Português'],[],False
115,2025-04-12 00:01,pirangueirah,pt,Just Chatting,[+18] Repo de vaga bundas ❤️,"['LGBTQIAMais', 'Português', 'kekel', 'Ele', 'Ela', 'deadbbydaylight', 'fortinite']",[],False
115,2025-04-12 00:01,B4LBII,pt,Schedule I,(+18) Vendedor de plantas !DC,"['Português', 'shedule', 'schedule1']",['MatureGame'],False
115,2025-04-12 00:02,eoTeux,pt,ROBLOX,!loja | ESPERANDO O TRAILER 🦇❤,"['EoTeux', 'Jogos', 'português', 'Português', 'roblox', 'bloxfruits', 'Brasil', 'brazil', 'Brasileiro', 'teux']",[],False
115,2025-04-12 00:02,lirareactt,pt,Just Chatting,SEE 2° TEMPORADA EP 3 AO 6,['Português'],[],False
116,2025-04-12 00:09,iShadowWolf_,pt,Marathon,(+18) Livezinha Muito Doida!   ||   (❗comandos ❗metas ❗drops)   ||   (Epic Code: SHADOWOLF),"['Português', 'DropsAtivados']",[],False
116,2025-04-12 00:09,Alynne_fs,pt,Marvel Rivals,SEASON NOVA DROPS ON (gameplay Suporte) Marvel Rivals,"['Português', 'DropsAtivados']",[],False
116,2025-04-12 00:09,aFranzita,pt,Marathon,SEXTAMOS!!! SPLIT FICTION C/ @el_xandeko ♥,"['PortuguêsBR', 'Português', 'jogo', 'mulherjogando', 'localseguro', 'aventura', 'noobstreamer', 'survival', 'servidorminecraft', 'DropsAtivados']",[],False
116,2025-04-12 00:09,DanriqueTW,pt,Minecraft,GRAVANDO EP 11 DE CIDADE MECÂNICA COM @nofaxu ! !host !cobblemon,['Português'],[],False
116,2025-04-12 00:09,pirangueirah,pt,Just Chatting,[+18] Repo de vaga bundas ❤️,"['LGBTQIAMais', 'Português', 'kekel', 'Ele', 'Ela', 'deadbbydaylight', 'fortinite']",[],False
116,2025-04-12 00:09,Dilascio_,pt,Marvel Rivals,(DROPS ON) SEASON 2 CHEGOU!! EMMA MAIN,"['Português', 'Competitivo', 'Conversa', 'top500', 'overwatch', 'English', 'DropsAtivados']",[],False
116,2025-04-12 00:09,BiaPrates,pt,VALORANT,"🔴 +18 🔴 MENOS MIRA, MAIS ANSIEDADE |   ❕elo - ❕pix - ❕wishlist - ❕insta - ❕discord","['VALORANT', 'Português', 'FPS', 'riotgames', 'gameplay', 'IRL', 'English', 'girlgamers', 'girlstreaming', 'girlgamerontwitch']",[],False
116,2025-04-12 00:09,FEARnando,pt,Overwatch 2,RIVALS + OW2 🗣 surtos e flores ao fundo pra amenizar 🌹✨🏳️‍🌈🎮 EN/PT,"['lgbt', 'English', 'Português', 'Horror', 'PsychologicalHorror', 'HardMode']",[],False
116,2025-04-12 00:09,ScoTTIwaNo,pt,League of Legends,!pix - ARAM dos sem dedo,['Português'],"['DrugsIntoxication', 'ProfanityVulgarity']",False
117,2025-04-12 00:18,iShadowWolf_,pt,Marathon,(+18) Livezinha Muito Doida!   ||   (❗comandos ❗metas ❗drops)   ||   (Epic Code: SHADOWOLF),"['Português', 'DropsAtivados']",[],False
117,2025-04-12 00:18,Alynne_fs,pt,Marvel Rivals,SEASON NOVA DROPS ON (gameplay Suporte) Marvel Rivals,"['Português', 'DropsAtivados']",[],False
117,2025-04-12 00:18,aFranzita,pt,Marathon,SEXTAMOS!!! SPLIT FICTION C/ @el_xandeko ♥,"['PortuguêsBR', 'Português', 'jogo', 'mulherjogando', 'localseguro', 'aventura', 'noobstreamer', 'survival', 'servidorminecraft', 'DropsAtivados']",[],False
117,2025-04-12 00:18,oBenee,pt,VALORANT,VEM FAZER COMPANHIA PRO PRETAO DOENTE NESSA SEXTA 🤒 -> ❗pix,['Português'],[],False
117,2025-04-12 00:18,DanriqueTW,pt,Minecraft,GRAVANDO EP 11 DE CIDADE MECÂNICA COM @nofaxu ! !host !cobblemon,['Português'],[],False
117,2025-04-12 00:18,pirangueirah,pt,Just Chatting,[+18] Repo de vaga bundas ❤️,"['LGBTQIAMais', 'Português', 'kekel', 'Ele', 'Ela', 'deadbbydaylight', 'fortinite']",[],False
118,2025-04-12 00:29,exexeboy,pt,Overwatch 2,valeu quem ajudou na meta (^▽^)👍,"['Portuguese', 'Português']",[],False
118,2025-04-12 00:29,iShadowWolf_,pt,Marathon,(+18) Livezinha Muito Doida!   ||   (❗comandos ❗metas ❗drops)   ||   (Epic Code: SHADOWOLF),"['Português', 'DropsAtivados']",[],False
118,2025-04-12 00:29,aFranzita,pt,Marathon,SEXTAMOS!!! SPLIT FICTION C/ @el_xandeko ♥,"['PortuguêsBR', 'Português', 'jogo', 'mulherjogando', 'localseguro', 'aventura', 'noobstreamer', 'survival', 'servidorminecraft', 'DropsAtivados']",[],False
118,2025-04-12 00:29,Alynne_fs,pt,Marvel Rivals,SEASON NOVA DROPS ON (gameplay Suporte) Marvel Rivals,"['Português', 'DropsAtivados']",[],False
118,2025-04-12 00:29,oBenee,pt,VALORANT,VEM FAZER COMPANHIA PRO PRETAO DOENTE NESSA SEXTA 🤒 -> ❗pix,['Português'],[],False
118,2025-04-12 00:29,pirangueirah,pt,Just Chatting,[+18] Repo de vaga bundas ❤️,"['LGBTQIAMais', 'Português', 'kekel', 'Ele', 'Ela', 'deadbbydaylight', 'fortinite']",[],False
118,2025-04-12 00:29,Nitrao_,pt,Marvel Rivals,DROPS ON *deixe afk aqui* SEASON 2 Coach as 22 pros subs,"['Português', 'DropsAtivados']",[],False
118,2025-04-12 00:29,jrodorfo,pt,Marvel Rivals,(drops) SUBATHOM DE SEASON NOVA ROLANDO!! BORA QUE TEM MUITA COISA DIVERTIDA NOVA PRA FAZER!!,"['Português', 'DropsAtivados']",[],False
118,2025-04-12 00:29,amoedo_,pt,Marvel Rivals,[DROPS] 100% Tryhard | DRUNK STREAM AMANHÃ - !drunk !pix !passegratis !discord,"['Português', 'DropsAtivados']",[],False
119,2025-04-12 00:36,exexeboy,pt,Overwatch 2,valeu quem ajudou na meta (^▽^)👍,"['Portuguese', 'Português']",[],False
119,2025-04-12 00:36,iShadowWolf_,pt,Marathon,(+18) Livezinha Muito Doida!   ||   (❗comandos ❗metas ❗drops)   ||   (Epic Code: SHADOWOLF),"['Português', 'DropsAtivados']",[],False
119,2025-04-12 00:36,aFranzita,pt,Marathon,SEXTAMOS!!! SPLIT FICTION C/ @el_xandeko ♥,"['PortuguêsBR', 'Português', 'jogo', 'mulherjogando', 'localseguro', 'aventura', 'noobstreamer', 'survival', 'servidorminecraft', 'DropsAtivados']",[],False
119,2025-04-12 00:36,Alynne_fs,pt,Marvel Rivals,SEASON NOVA DROPS ON (gameplay Suporte) Marvel Rivals,"['Português', 'DropsAtivados']",[],False
119,2025-04-12 00:36,pirangueirah,pt,Just Chatting,[+18] Repo de vaga bundas ❤️,"['LGBTQIAMais', 'Português', 'kekel', 'Ele', 'Ela', 'deadbbydaylight', 'fortinite']",[],False
119,2025-04-12 00:37,oBenee,pt,VALORANT,VEM FAZER COMPANHIA PRO PRETAO DOENTE NESSA SEXTA 🤒 -> ❗pix,['Português'],[],False
119,2025-04-12 00:37,Ketty,pt,Fortnite,KETTY CARPENTER 💋│CODE KETTY NA LOJA #ad,"['gameplay', 'nobuild', 'jogos', 'Português', 'AMA', 'Casual', 'jogadoriniciante', 'fortnite', 'VbucksGrátis']",[],False
119,2025-04-12 00:37,Fininhho,pt,Fortnite,🗡️🐶🌎 HORA DE AVENTURA VAMO JOGAR | 🛍️ CODE: FININHHO❗PIX ❗SUB ❗REDES,"['Português', 'Gay', 'Jogandocomespectadores', 'safezone', 'jogadorcasual', 'fortnitebr', 'GayestManAlive']",[],False
119,2025-04-12 00:37,LuanaTh,pt,Just Chatting,SUBATHON BORAA - USE O CODE: LUANATH ❤ !pix !tempo,"['Português', 'ptbr', 'Mulher', 'meta', 'gamergirl', 'Fortnite', 'subathon', 'fortnıte']",[],False
120,2025-04-12 04:01,exexeboy,pt,Overwatch 2,valeu quem ajudou na meta (^▽^)👍,"['Portuguese', 'Português']",[],False
120,2025-04-12 04:01,EiMine77,pt,Minecraft,✅ RECOMPENSAS ON! | ⭐ SEJA RÁPIDO E GANHE UMA CAPA DE GRAÇA: !CAPA | 💘 INSTAGRAM: @EIMINE77 | !ajuda !rerun !sub !subgratis !loja,"['Minecraft', 'EiMine', 'Português']",[],False
120,2025-04-12 04:01,DexGGxp,pt,Marathon,✨ +1150 Dias - HardCore Bedrock 1.21.71 ✨ EP 72 ✨ ❗bits ❗sons ✨,"['Brasil', 'Português', 'Brazil', 'Minecraft', 'MinecraftBedrock', 'HardCore', 'MinecraftHardcore', 'BedrockHardCore', 'dexggxp', 'Drop']",[],False
120,2025-04-12 04:01,oBenee,pt,VALORANT,VEM FAZER COMPANHIA PRO PRETAO DOENTE NESSA SEXTA 🤒 -> ❗pix,['Português'],[],False
120,2025-04-12 04:01,pirangueirah,pt,Just Chatting,[+18] Gaga  Coachela❤️,"['LGBTQIAMais', 'Português', 'kekel', 'Ele', 'Ela', 'deadbbydaylight', 'fortinite']",[],False
120,2025-04-12 04:01,AiNando1,pt,Fortnite,SUBATHONZINHOOOO / VAMOS JOGAR E RESENHAR !  ❗JOGAR ❗NICK ❗ USE CODE: Ainando1 #AD❗PIX ❗Livepix❗JOGAR  ❗Comandos ❗instagram ❗apoie,"['Português', 'Fortnite', 'comedia', 'engraçado', 'live', 'Phasmophobia', 'liarsbar', 'StreamGamer', 'francais', 'tiktok']",[],False
120,2025-04-12 04:01,maritwoo,pt,VALORANT,lero lero rankeds  ❗pix | ❗redes| ❗elo,"['Português', 'smoke', 'omen', 'ruim', 'radiante']",[],False
120,2025-04-12 04:01,ataldaeclypse,pt,VALORANT,PARTE FINAL !PIX !ELO !PATROCINIO,"['Português', 'valorant', 'BR', 'gamergirl', 'Mulher']",[],False
120,2025-04-12 04:01,sasaxit,pt,VALORANT,(+18) voltei pq o sono não pegou.. hihi ♡ !pix !meta,"['Mulher', 'Games', 'Diversão', 'Resenha', 'Português', 'GTARP']",[],False
121,2025-04-12 04:13,exexeboy,pt,Overwatch 2,valeu quem ajudou na meta (^▽^)👍,"['Portuguese', 'Português']",[],False
121,2025-04-12 04:13,EiMine77,pt,Minecraft,✅ RECOMPENSAS ON! | ⭐ SEJA RÁPIDO E GANHE UMA CAPA DE GRAÇA: !CAPA | 💘 INSTAGRAM: @EIMINE77 | !ajuda !rerun !sub !subgratis !loja,"['Minecraft', 'EiMine', 'Português']",[],False
121,2025-04-12 04:13,DexGGxp,pt,Marathon,✨ +1150 Dias - HardCore Bedrock 1.21.71 ✨ EP 72 ✨ ❗bits ❗sons ✨,"['Brasil', 'Português', 'Brazil', 'Minecraft', 'MinecraftBedrock', 'HardCore', 'MinecraftHardcore', 'BedrockHardCore', 'dexggxp', 'Drop']",[],False
121,2025-04-12 04:13,oBenee,pt,VALORANT,VEM FAZER COMPANHIA PRO PRETAO DOENTE NESSA SEXTA 🤒 -> ❗pix,['Português'],[],False
121,2025-04-12 04:13,pirangueirah,pt,Just Chatting,[+18] Gaga  Coachela❤️,"['LGBTQIAMais', 'Português', 'kekel', 'Ele', 'Ela', 'deadbbydaylight', 'fortinite']",[],False
121,2025-04-12 04:13,AiNando1,pt,Fortnite,SUBATHONZINHOOOO / VAMOS JOGAR E RESENHAR !  ❗JOGAR ❗NICK ❗ USE CODE: Ainando1 #AD❗PIX ❗Livepix❗JOGAR  ❗Comandos ❗instagram ❗apoie,"['Português', 'Fortnite', 'comedia', 'engraçado', 'live', 'Phasmophobia', 'liarsbar', 'StreamGamer', 'francais', 'tiktok']",[],False
121,2025-04-12 04:13,sabrinoca,pt,Marvel Rivals,SUBATHON + NOITE DE CRIMES DIA 6 !odyssey !odysseycup !subathon,"['Português', 'MãeDePrimeiraViagem', 'BaratinhaDeFogão', 'Concubina', 'Melões', 'MulherDePreso', 'LeagueofLegends', 'Aliada', 'GíriasRegionais', 'Simples']",[],True
121,2025-04-12 04:13,demuxa,pt,Just Chatting,BLACK MIRUXA ❗pix ❗discord ❗demiflix,"['Português', 'Gay', 'peruca', 'passiva', 'LGBTQIAPIus', 'proplayer', 'terror', 'Horror', 'Cozy', 'Simulator']",['ProfanityVulgarity'],True
121,2025-04-12 04:13,KorvoJogador,pt,ObsCure,JOGO DE TERROR,['Português'],['MatureGame'],False
122,2025-04-12 04:24,exexeboy,pt,Overwatch 2,valeu quem ajudou na meta (^▽^)👍,"['Portuguese', 'Português']",[],False
122,2025-04-12 04:24,EiMine77,pt,Minecraft,✅ RECOMPENSAS ON! | ⭐ SEJA RÁPIDO E GANHE UMA CAPA DE GRAÇA: !CAPA | 💘 INSTAGRAM: @EIMINE77 | !ajuda !rerun !sub !subgratis !loja,"['Minecraft', 'EiMine', 'Português']",[],False
122,2025-04-12 04:24,DexGGxp,pt,Marathon,✨ +1150 Dias - HardCore Bedrock 1.21.71 ✨ EP 72 ✨ ❗bits ❗sons ✨,"['Brasil', 'Português', 'Brazil', 'Minecraft', 'MinecraftBedrock', 'HardCore', 'MinecraftHardcore', 'BedrockHardCore', 'dexggxp', 'Drop']",[],False
122,2025-04-12 04:24,pirangueirah,pt,Just Chatting,[+18] Gaga  Coachela❤️,"['LGBTQIAMais', 'Português', 'kekel', 'Ele', 'Ela', 'deadbbydaylight', 'fortinite']",[],False
122,2025-04-12 04:24,ZAKl1k,pt,Minecraft,🟢 MINECRAFT | ⭐ GANHE ASSISTINDO | 🌟 REESTOQUE DIA 10 ou 16 às 18h | !loja !points !prime !sub,"['Português', 'Minecraft']",[],False
122,2025-04-12 04:24,AiNando1,pt,Fortnite,SUBATHONZINHOOOO / VAMOS JOGAR E RESENHAR !  ❗JOGAR ❗NICK ❗ USE CODE: Ainando1 #AD❗PIX ❗Livepix❗JOGAR  ❗Comandos ❗instagram ❗apoie,"['Português', 'Fortnite', 'comedia', 'engraçado', 'live', 'Phasmophobia', 'liarsbar', 'StreamGamer', 'francais', 'tiktok']",[],False
122,2025-04-12 04:25,Fifandrade,pt,EA Sports FC 25,"O EXTINTO R9 96 NA WL, 3 PACKS 90+X5 NAS MINHAS CONTAS! !donate1 !donate2 !coins !sub !pix","['Português', 'eaesports', 'EAFC', 'eafc25', 'ultimateteam', 'fc25', 'fc25gameplay']",[],False
122,2025-04-12 04:25,loud_coringa,pt,Just Chatting,LIVE 7 DIAS - DIA 6,['Português'],[],False
122,2025-04-12 04:25,brenotheodoro,pt,Counter-Strike,RERUN: SUBATHON | SORTEIO > 4 FACAS | Sorteio basta interajar | !livepix | !csgoskins | !msg | !loja | !strive | !kaspersky | !jocaskins,"['Português', 'CS2', 'fps']",['MatureGame'],False
123,2025-04-12 04:32,exexeboy,pt,Overwatch 2,valeu quem ajudou na meta (^▽^)👍,"['Portuguese', 'Português']",[],False
123,2025-04-12 04:32,EiMine77,pt,Minecraft,✅ RECOMPENSAS ON! | ⭐ SEJA RÁPIDO E GANHE UMA CAPA DE GRAÇA: !CAPA | 💘 INSTAGRAM: @EIMINE77 | !ajuda !rerun !sub !subgratis !loja,"['Minecraft', 'EiMine', 'Português']",[],False
123,2025-04-12 04:32,DexGGxp,pt,Marathon,✨ +1150 Dias - HardCore Bedrock 1.21.71 ✨ EP 72 ✨ ❗bits ❗sons ✨,"['Brasil', 'Português', 'Brazil', 'Minecraft', 'MinecraftBedrock', 'HardCore', 'MinecraftHardcore', 'BedrockHardCore', 'dexggxp', 'Drop']",[],False
123,2025-04-12 04:32,pirangueirah,pt,Just Chatting,[+18] Gaga  Coachela❤️,"['LGBTQIAMais', 'Português', 'kekel', 'Ele', 'Ela', 'deadbbydaylight', 'fortinite']",[],False
123,2025-04-12 04:33,ZAKl1k,pt,Minecraft,🟢 MINECRAFT | ⭐ GANHE ASSISTINDO | 🌟 REESTOQUE DIA 10 ou 16 às 18h | !loja !points !prime !sub,"['Português', 'Minecraft']",[],False
123,2025-04-12 04:33,AiNando1,pt,Fortnite,SUBATHONZINHOOOO / VAMOS JOGAR E RESENHAR !  ❗JOGAR ❗NICK ❗ USE CODE: Ainando1 #AD❗PIX ❗Livepix❗JOGAR  ❗Comandos ❗instagram ❗apoie,"['Português', 'Fortnite', 'comedia', 'engraçado', 'live', 'Phasmophobia', 'liarsbar', 'StreamGamer', 'francais', 'tiktok']",[],False
123,2025-04-12 04:33,marcelovs,pt,Overwatch 2,!comandos // NAO POSSO DAR ALT TAB C N O OBS CRASHA,"['Português', 'top500', 'kkkkkkkk', 'SddsDela', 'reformedplayer', 'FamilyFriendly', 'carioca']",[],False
123,2025-04-12 04:33,EriclesSavio10,pt,Marvel Rivals,435 I (drops on) Emma frost e nova temporada❗btag ❗addmarvel❗sorteio ❗comandos,"['Português', 'fps', 'youtube', 'PlayStation', 'Overｗatch2', 'games', 'gameplay', 'marvelrivals', 'marvel', 'DropsAtivados']",[],False
123,2025-04-12 04:33,Luscaau,pt,ROBLOX,DRINK DAY DA MAMA🔮🌙❗redes ❗pix ❗drink,['Português'],[],False
124,2025-04-12 04:41,Saullo,pt,Counter-Strike,"SORTEIO de MAIS de R$20.000,00 em SKINS AGORA + EXTENSÃO 2.0 TA ON + DEPÓSITO NA CONTA DE VOCÊS + SORTEIO 100 DÓLARES (AO VIVO)","['Português', 'skinscsgo', 'CSGO', 'SORTEIO', 'PIX', 'SKINS', 'FPS', 'Brasil', 'CS2', 'cs2beta']",['MatureGame'],True
124,2025-04-12 04:41,marcelovs,pt,Overwatch 2,!comandos // NAO POSSO DAR ALT TAB C N O OBS CRASHA,"['Português', 'top500', 'kkkkkkkk', 'SddsDela', 'reformedplayer', 'FamilyFriendly', 'carioca']",[],False
124,2025-04-12 04:41,MatutosGaming,pt,Marvel Rivals,[+18] LIVE para quem não dorme🌙 Madrugada com os Matutos 🔥NOS AJUDE A BATER AS METAS ❗Rifa ❗️pix ou ❗️donate Através do Paypal ✨ | ❗️jogar,"['BRASIL', 'JOGANDOCOMVIEWS', 'fortnitetrocacao', 'marvelrivals', 'NordesteGamer', 'LGBTQGamer', 'HumorNoGame', 'PS5', 'ZeroBuild', 'LGBTQGamers']",[],False
124,2025-04-12 04:41,ataldaeclypse,pt,VALORANT,PARTE FINAL !PIX !ELO !PATROCINIO,"['Português', 'valorant', 'BR', 'gamergirl', 'Mulher']",[],False
124,2025-04-12 04:41,Tipsyz,pt,League of Legends,Yorick até o Challenger! #Ad !roblox,"['coveiro', 'yorick', 'lol', 'leagueoflegends', 'toplaner', 'challenger', 'top', 'DayZ', 'English', 'pokemon']",[],False
124,2025-04-12 04:41,NekozadaXD,pt,VALORANT,tarde da noite,"['Português', 'AMA', 'Competitivo', 'Ranked']",[],False
124,2025-04-12 04:41,brenotheodoro,pt,Counter-Strike,RERUN: SUBATHON | SORTEIO > 4 FACAS | Sorteio basta interajar | !livepix | !csgoskins | !msg | !loja | !strive | !kaspersky | !jocaskins,"['Português', 'CS2', 'fps']",['MatureGame'],False
124,2025-04-12 04:41,oMACKZAO,pt,Counter-Strike,⚡+18 | Viradão do MACKZÃO ❤️ | !PIX !VIP !SUB !SORTEIO !COMANDOS | SIGA @oMACKZAO NAS REDES SOCIAIS!,"['Português', 'CS2', 'proplayer', 'Gaulês', 'MCH', 'Apoka', 'fer', 'boltz', 'fallen', 'counterstrike']",['MatureGame'],False
124,2025-04-12 04:41,KeThaReMa,pt,Counter-Strike,( +18) Live 24HRS de Muita Resenha..  !csgonet !insane !brskins !gamertalk !papo !make !sorteio !subs !bits !pix !insta !discord !zap,"['Português', 'Brasil', 'Mulher', 'FPS', 'gamer', 'CS2']",['MatureGame'],False
125,2025-04-12 08:01,LipinhOr,pt,Just Chatting,"♾️𝐋𝐈𝐕𝐄 𝐈𝐍𝐅𝐈𝐍𝐈𝐓𝐀: R$2,00 = +2 Min | Sub = +3min | 100 Bits = +4 Min (Bônus de tempo: !subathon)","['Português', 'gta', 'roleplay']",[],False
125,2025-04-12 08:01,EiMine77,pt,Minecraft,✅ RECOMPENSAS ON! | ⭐ SEJA RÁPIDO E GANHE UMA CAPA DE GRAÇA: !CAPA | 💘 INSTAGRAM: @EIMINE77 | !ajuda !rerun !sub !subgratis !loja,"['Minecraft', 'EiMine', 'Português']",[],False
125,2025-04-12 08:01,Xerekiss,pt,Marvel Rivals,[DROP ON] 🔥ATUALIZAÇÃO🔥| LOJINHA RENOVADA (❗loja) | CODE: XEREKISS #ad,"['Português', 'Brasil', 'fps', 'Fortnite', 'Portugal', 'battleroyale', 'DropsAtivados']",[],False
125,2025-04-12 08:01,pirangueirah,pt,Dead by Daylight,[+18] DBD ❤️,"['LGBTQIAMais', 'Português', 'kekel', 'Ele', 'Ela', 'deadbbydaylight', 'fortinite', 'DropsAtivados']",['MatureGame'],False
125,2025-04-12 08:01,loud_coringa,pt,Just Chatting,LIVE 7 DIAS - DIA 6,['Português'],[],False
125,2025-04-12 08:01,VeNavas,pt,Rocket League,+18🟥RERUN🟥 Rocket League - LOJA ATUALIZADÍSSIMA ➡  AO VIVO FARMA MAIS!!!!⬅ ❗csgocases ❗loja ❗livepix ❗discord ❗donate,"['Português', 'Reposição']",['ProfanityVulgarity'],True
125,2025-04-12 08:01,hounaldinho,pt,Marathon,❤️SUBATHONNN❤️ -  HOULETA TA DE VOLTA  - ❗subathon ❗houleta,"['Português', 'DropsAtivados']",[],False
125,2025-04-12 08:01,ClovaoBengala,pt,Dark and Darker,BOMBARDILO CROCODILO !loco !hr !pw !pix !ad !social,"['Português', 'League', 'leagueoflegeneds', 'lol', 'jogos', 'DropsAtivados']",['MatureGame'],True
125,2025-04-12 08:02,Mihira_a,pt,League of Legends,alo alo | !comandos !sonoros !pix,"['soloq', 'lolzinho', 'girlgamer', 'Português', 'jungler']",['ProfanityVulgarity'],False
126,2025-04-12 08:12,Xerekiss,pt,Marvel Rivals,[DROP ON] 🔥ATUALIZAÇÃO🔥| LOJINHA RENOVADA (❗loja) | CODE: XEREKISS #ad,"['Português', 'Brasil', 'fps', 'Fortnite', 'Portugal', 'battleroyale', 'DropsAtivados']",[],False
126,2025-04-12 08:13,EiMine77,pt,Minecraft,✅ RECOMPENSAS ON! | ⭐ SEJA RÁPIDO E GANHE UMA CAPA DE GRAÇA: !CAPA | 💘 INSTAGRAM: @EIMINE77 | !ajuda !rerun !sub !subgratis !loja,"['Minecraft', 'EiMine', 'Português']",[],False
126,2025-04-12 08:13,LipinhOr,pt,Just Chatting,"♾️𝐋𝐈𝐕𝐄 𝐈𝐍𝐅𝐈𝐍𝐈𝐓𝐀: R$2,00 = +2 Min | Sub = +3min | 100 Bits = +4 Min (Bônus de tempo: !subathon)","['Português', 'gta', 'roleplay']",[],False
126,2025-04-12 08:13,aatonz,pt,Sea of Thieves,!!HEY PIRATE!! SABADAÇOO com S de Sorteio!! Hoje é dia de sorrir e agradecer!! Otimo final de semana VAMOO!! BOM DIA!!,"['casual', 'engraçado', 'pirata', 'English', 'Português', 'Yoda', 'Gaules', 'giveaway', 'alanzoka']",[],False
126,2025-04-12 08:13,miguelitodoarrocha,pt,EA Sports FC 25,💥[BR/BA] SÁBADO DE WL EM BUSCA DAS INEDITAS 11VIT - Bem Vindos a Live Do Miguelito,"['Português', 'Portugal', 'Competitivo', 'resenha', 'Resenhando', 'ultimateteam', 'fifa', 'EAFC', 'eafc25', 'eafcsports']",[],False
126,2025-04-12 08:13,loud_coringa,pt,Just Chatting,LIVE 7 DIAS - DIA 6,['Português'],[],False
126,2025-04-12 08:13,Doiska_Rj,pt,Grand Theft Auto V,[Fronteira Leste]  +18 00 BAIRRO 13 !FRONTEIRA !PIX !CODIGUINHO !INSTA !BOOSTER @doiska_rj,['Português'],"['MatureGame', 'ProfanityVulgarity']",False
126,2025-04-12 08:13,moraismta,pt,Call of Duty: Warzone,"LIVE INFINITA ➜ R$2,00 = +2 Min | Sub =3 Min | 100 Bits = +4 Min || ❗bonus || (+18)","['Português', 'DropsAtivados']",['MatureGame'],False
126,2025-04-12 08:13,Roonald,pt,The Last of Us Part II,[CPX / FORTAL RP] SUBATHON DO  EX SECRETARIO - 1 $ REAL  + 2 MIN ┋   100BITS +7MIN┋1 SUB + 4 MIN ┋❗PIX ❗COMANDOS ❗ONLYFANS,"['Português', 'cpx', 'CAPITAL', 'Brasil', 'IRL']",['MatureGame'],False
127,2025-04-12 08:21,Xerekiss,pt,Marvel Rivals,[DROP ON] 🔥ATUALIZAÇÃO🔥| LOJINHA RENOVADA (❗loja) | CODE: XEREKISS #ad,"['Português', 'Brasil', 'fps', 'Fortnite', 'Portugal', 'battleroyale', 'DropsAtivados']",[],False
127,2025-04-12 08:21,EiMine77,pt,Minecraft,✅ RECOMPENSAS ON! | ⭐ SEJA RÁPIDO E GANHE UMA CAPA DE GRAÇA: !CAPA | 💘 INSTAGRAM: @EIMINE77 | !ajuda !rerun !sub !subgratis !loja,"['Minecraft', 'EiMine', 'Português']",[],False
127,2025-04-12 08:21,LipinhOr,pt,Just Chatting,"♾️𝐋𝐈𝐕𝐄 𝐈𝐍𝐅𝐈𝐍𝐈𝐓𝐀: R$2,00 = +2 Min | Sub = +3min | 100 Bits = +4 Min (Bônus de tempo: !subathon)","['Português', 'gta', 'roleplay']",[],False
127,2025-04-12 08:21,loud_coringa,pt,Just Chatting,LIVE 7 DIAS - DIA 6,['Português'],[],False
127,2025-04-12 08:21,aatonz,pt,Sea of Thieves,!!HEY PIRATE!! SABADAÇOO com S de Sorteio!! Hoje é dia de sorrir e agradecer!! Otimo final de semana VAMOO!! BOM DIA!!,"['casual', 'engraçado', 'pirata', 'English', 'Português', 'Yoda', 'Gaules', 'giveaway', 'alanzoka']",[],False
127,2025-04-12 08:21,miguelitodoarrocha,pt,EA Sports FC 25,💥[BR/BA] SÁBADO DE WL EM BUSCA DAS INEDITAS 11VIT - Bem Vindos a Live Do Miguelito,"['Português', 'Portugal', 'Competitivo', 'resenha', 'Resenhando', 'ultimateteam', 'fifa', 'EAFC', 'eafc25', 'eafcsports']",[],False
127,2025-04-12 08:22,maahmurollo,pt,Fortnite,Jogando com o chat 🔥 ❗JOGAR ❗LOJA    MUROLLO #ad,"['gamer', 'Português', 'Fortnite', 'ZeroBuild', 'battleroyale', 'Reposição']",[],True
127,2025-04-12 08:22,Ferthel,pt,Minecraft,|| 1.21.4 - HardCore 2.1 || 1428+Dias || Continuar os trabalhos?,"['MinecraftJavaEditon', 'minecrafthardcore', 'pngtuber', 'PNGtuberBR', '1vida', '1lifechallenge', 'hardcoreminecraftgirl', 'hardcorebuilds', 'capaminecraft', 'Português']",[],False
127,2025-04-12 08:22,EiMine24h,pt,Minecraft,✅ RECOMPENSAS ON! | ⭐ SEJA RÁPIDO E GANHE UMA CAPA DE GRAÇA: !CAPA | 💘 INSTAGRAM: @EIMINE77 | !ajuda !rerun !subgratis !loja,"['Português', 'Minecraft', 'EiMine']",[],False
128,2025-04-12 08:31,EiMine77,pt,Minecraft,✅ RECOMPENSAS ON! | ⭐ SEJA RÁPIDO E GANHE UMA CAPA DE GRAÇA: !CAPA | 💘 INSTAGRAM: @EIMINE77 | !ajuda !rerun !sub !subgratis !loja,"['Minecraft', 'EiMine', 'Português']",[],False
128,2025-04-12 08:31,Xerekiss,pt,Marvel Rivals,[DROP ON] 🔥ATUALIZAÇÃO🔥| LOJINHA RENOVADA (❗loja) | CODE: XEREKISS #ad,"['Português', 'Brasil', 'fps', 'Fortnite', 'Portugal', 'battleroyale', 'DropsAtivados']",[],False
128,2025-04-12 08:31,LipinhOr,pt,Just Chatting,"♾️𝐋𝐈𝐕𝐄 𝐈𝐍𝐅𝐈𝐍𝐈𝐓𝐀: R$2,00 = +2 Min | Sub = +3min | 100 Bits = +4 Min (Bônus de tempo: !subathon)","['Português', 'gta', 'roleplay']",[],False
128,2025-04-12 08:31,loud_coringa,pt,Just Chatting,LIVE 7 DIAS - DIA 6,['Português'],[],False
128,2025-04-12 08:31,aatonz,pt,Sea of Thieves,!!HEY PIRATE!! SABADAÇOO com S de Sorteio!! Hoje é dia de sorrir e agradecer!! Otimo final de semana VAMOO!! BOM DIA!!,"['casual', 'engraçado', 'pirata', 'English', 'Português', 'Yoda', 'Gaules', 'giveaway', 'alanzoka']",[],False
128,2025-04-12 08:31,VeNavas,pt,Rocket League,+18🟥RERUN🟥 Rocket League - LOJA ATUALIZADÍSSIMA ➡  AO VIVO FARMA MAIS!!!!⬅ ❗csgocases ❗loja ❗livepix ❗discord ❗donate,"['Português', 'Reposição']",['ProfanityVulgarity'],True
128,2025-04-12 08:31,maahmurollo,pt,Fortnite,Jogando com o chat 🔥 ❗JOGAR ❗LOJA    MUROLLO #ad,"['gamer', 'Português', 'Fortnite', 'ZeroBuild', 'battleroyale', 'Reposição']",[],True
128,2025-04-12 08:31,LuanaTh,pt,Just Chatting,SUBATHON BORAA - USE O CODE: LUANATH ❤ !pix !tempo,"['Português', 'ptbr', 'Mulher', 'meta', 'gamergirl', 'Fortnite', 'subathon', 'fortnıte']",[],False
128,2025-04-12 08:31,vanessynhaaaa,pt,Fortnite,💕Me apoiem loja code: NESSYNHA,"['fps', 'amizades', 'diversão', 'AMA', 'ação', 'TDH', 'tiroteio', 'fortnite', 'mulheres', 'homens']",[],True
129,2025-04-12 08:40,EiMine77,pt,Minecraft,✅ RECOMPENSAS ON! | ⭐ SEJA RÁPIDO E GANHE UMA CAPA DE GRAÇA: !CAPA | 💘 INSTAGRAM: @EIMINE77 | !ajuda !rerun !sub !subgratis !loja,"['Minecraft', 'EiMine', 'Português']",[],False
129,2025-04-12 08:40,Xerekiss,pt,Marvel Rivals,[DROP ON] 🔥ATUALIZAÇÃO🔥| LOJINHA RENOVADA (❗loja) | CODE: XEREKISS #ad,"['Português', 'Brasil', 'fps', 'Fortnite', 'Portugal', 'battleroyale', 'DropsAtivados']",[],False
129,2025-04-12 08:41,NYKAGAMER_,pt,Fortnite,Pinas e perde  ❗️code ❗️LIVEPIX ❗️Onlyfans ❗️Comandos ❗️Discord ❗️Clip,"['Fortnite', 'Português', 'Mulher', 'brasil', 'Español', '한국어', 'Русский', '漢語', 'ภาษาไทย', '日本語']",[],False
129,2025-04-12 08:41,LipinhOr,pt,Just Chatting,"♾️𝐋𝐈𝐕𝐄 𝐈𝐍𝐅𝐈𝐍𝐈𝐓𝐀: R$2,00 = +2 Min | Sub = +3min | 100 Bits = +4 Min (Bônus de tempo: !subathon)","['Português', 'gta', 'roleplay']",[],False
129,2025-04-12 08:41,loud_coringa,pt,Just Chatting,LIVE 7 DIAS - DIA 6,['Português'],[],False
129,2025-04-12 08:41,aatonz,pt,Sea of Thieves,!!HEY PIRATE!! SABADAÇOO com S de Sorteio!! Hoje é dia de sorrir e agradecer!! Otimo final de semana VAMOO!! BOM DIA!!,"['casual', 'engraçado', 'pirata', 'English', 'Português', 'Yoda', 'Gaules', 'giveaway', 'alanzoka']",[],False
129,2025-04-12 08:41,insanedra,de,The Sims 4,Sims4🌷SET Release & 🌱Erbe Challenge & 🛍️Subbamarkt Simulator || !simscode !website !KoFi | ᵂᴱᴿᴮᵁᴺᴳ,"['Deutsch', 'safeplace']",[],True
129,2025-04-12 08:41,SquishyKarl,en,The Sims 4,Insert witty Sims related title !kandp !hype !shell !throne !wishing !troll !angel !boobees !justice,"['LgbtqGamer', 'LGBTAQIAplus', 'Friendly', 'English', 'dyslexic', 'Chatty', '18MatureContent']",['ProfanityVulgarity'],False
129,2025-04-12 08:41,LucyL,en,Minecraft,HAVE YOU EVER TRIED THIS ONE???? 🤸‍♂️ | !socials !wishlist 🌈 [AUS] 🍉 !STRIKE,"['English', 'NeatDude', 'LGBTQIAPlus', 'ADHD']",[],False
130,2025-04-12 12:01,Xerekiss,pt,Marvel Rivals,[DROP ON] 🔥ATUALIZAÇÃO🔥| LOJINHA RENOVADA (❗loja) | CODE: XEREKISS #ad,"['Português', 'Brasil', 'fps', 'Fortnite', 'Portugal', 'battleroyale', 'DropsAtivados']",[],False
130,2025-04-12 12:01,EiMine77,pt,Minecraft,✅ RECOMPENSAS ON! | ⭐ SEJA RÁPIDO E GANHE UMA CAPA DE GRAÇA: !CAPA | 💘 INSTAGRAM: @EIMINE77 | !ajuda !rerun !sub !subgratis !loja,"['Minecraft', 'EiMine', 'Português']",[],False
130,2025-04-12 12:01,HenriqueOph,pt,Marathon,HARDCORE 1.21.4 +400 DIAS EP 22,"['Português', 'minecraft', 'Hardcore', 'HardMode', 'sobrevivencia', '1VIDA', 'hardcoregamer', 'Singlerplayer', 'MINEDROP', 'TIKTOKCAPA']",[],False
130,2025-04-12 12:01,LipinhOr,pt,Just Chatting,"♾️𝐋𝐈𝐕𝐄 𝐈𝐍𝐅𝐈𝐍𝐈𝐓𝐀: R$2,00 = +2 Min | Sub = +3min | 100 Bits = +4 Min (Bônus de tempo: !subathon)","['Português', 'gta', 'roleplay']",[],False
130,2025-04-12 12:01,paivinha29,pt,EA Sports FC 25,WL DO ETERNO COM ABILLY FULL MULHER +SUPER HYPE DAS 14 HR !CURSO  !COINS  !TRUST  !TRADE,['Português'],[],False
130,2025-04-12 12:01,loud_coringa,pt,Just Chatting,LIVE 7 DIAS - DIA 6,['Português'],[],False
130,2025-04-12 12:01,JijiBerry,en,The Sims 4,will we ever get to double digits? 💀 100 babies with the grim reaper!,"['Bisexual', 'English', '100babychallenge']",['ProfanityVulgarity'],False
130,2025-04-12 12:01,SkyeRoarBella,en,The Sims 4,{Black Simmer} Pages are written best at Random  ツ♡ |THE COLLECTIVE,"['English', 'sims4', 'blacksimmer', 'Cozy', 'simulation', 'Female', 'ChattingAndGaming', 'MnK', 'funny', 'NoBackseating']",[],False
130,2025-04-12 12:02,caroliines,en,Codenames,BIRTHDAY STREAM!,"['sims4', 'lgbtqia', 'MenthalHealth', '18maturelanguage', '18plus', 'ADHD', 'Chatty', 'English']",[],False
131,2025-04-12 12:08,Xerekiss,pt,Marvel Rivals,[DROP ON] 🔥ATUALIZAÇÃO🔥| LOJINHA RENOVADA (❗loja) | CODE: XEREKISS #ad,"['Português', 'Brasil', 'fps', 'Fortnite', 'Portugal', 'battleroyale', 'DropsAtivados']",[],False
131,2025-04-12 12:08,EiMine77,pt,Minecraft,✅ RECOMPENSAS ON! | ⭐ SEJA RÁPIDO E GANHE UMA CAPA DE GRAÇA: !CAPA | 💘 INSTAGRAM: @EIMINE77 | !ajuda !rerun !sub !subgratis !loja,"['Minecraft', 'EiMine', 'Português']",[],False
131,2025-04-12 12:08,HenriqueOph,pt,Marathon,HARDCORE 1.21.4 +400 DIAS EP 22,"['Português', 'minecraft', 'Hardcore', 'HardMode', 'sobrevivencia', '1VIDA', 'hardcoregamer', 'Singlerplayer', 'MINEDROP', 'TIKTOKCAPA']",[],False
131,2025-04-12 12:08,LipinhOr,pt,Just Chatting,"♾️𝐋𝐈𝐕𝐄 𝐈𝐍𝐅𝐈𝐍𝐈𝐓𝐀: R$2,00 = +2 Min | Sub = +3min | 100 Bits = +4 Min (Bônus de tempo: !subathon)","['Português', 'gta', 'roleplay']",[],False
131,2025-04-12 12:08,paivinha29,pt,EA Sports FC 25,WL DO ETERNO COM ABILLY FULL MULHER +SUPER HYPE DAS 14 HR !CURSO  !COINS  !TRUST  !TRADE,['Português'],[],False
131,2025-04-12 12:08,loud_coringa,pt,Just Chatting,LIVE 7 DIAS - DIA 6,['Português'],[],False
131,2025-04-12 12:08,Buerinho,pt,League of Legends,"UNRANKED AO CHALLENGER DE FADINHA, 13:00 CO STREAM LTA !DESAFIO !LIVEPIX","['Português', 'ADCARRY', 'Vayne', 'kogmaw', 'jinx', 'MissFortune', 'ADC']",[],False
131,2025-04-12 12:09,guiven,pt,League of Legends,🟣  AO VIVO: LEVEL 1 AO TOP 1 duo @Kennzy (MESTRE 258PDL),"['Português', 'Irelia', 'Vampiro', 'Tubarão', 'Mbappe', 'EternoGrãoMestre', 'Desafio010', 'Pancada', 'Bizarro', 'Cabeção']",[],False
131,2025-04-12 12:09,lordsemilol,pt,League of Legends,DESAFIO AO TOP 1 EM 400 GAMES     !COACH !ANÁLISE,"['Português', 'leagueoflegends', 'jungle', 'rammus', 'monochamp']",[],False
132,2025-04-12 12:18,Xerekiss,pt,Marvel Rivals,[DROP ON] 🔥ATUALIZAÇÃO🔥| LOJINHA RENOVADA (❗loja) | CODE: XEREKISS #ad,"['Português', 'Brasil', 'fps', 'Fortnite', 'Portugal', 'battleroyale', 'DropsAtivados']",[],False
132,2025-04-12 12:18,EiMine77,pt,Minecraft,✅ RECOMPENSAS ON! | ⭐ SEJA RÁPIDO E GANHE UMA CAPA DE GRAÇA: !CAPA | 💘 INSTAGRAM: @EIMINE77 | !ajuda !rerun !sub !subgratis !loja,"['Minecraft', 'EiMine', 'Português']",[],False
132,2025-04-12 12:18,HenriqueOph,pt,Marathon,HARDCORE 1.21.4 +400 DIAS EP 22,"['Português', 'minecraft', 'Hardcore', 'HardMode', 'sobrevivencia', '1VIDA', 'hardcoregamer', 'Singlerplayer', 'MINEDROP', 'TIKTOKCAPA']",[],False
132,2025-04-12 12:18,LipinhOr,pt,Just Chatting,"♾️𝐋𝐈𝐕𝐄 𝐈𝐍𝐅𝐈𝐍𝐈𝐓𝐀: R$2,00 = +2 Min | Sub = +3min | 100 Bits = +4 Min (Bônus de tempo: !subathon)","['Português', 'gta', 'roleplay']",[],False
132,2025-04-12 12:19,paivinha29,pt,EA Sports FC 25,WL DO ETERNO COM ABILLY FULL MULHER +SUPER HYPE DAS 14 HR !CURSO  !COINS  !TRUST  !TRADE,['Português'],[],False
132,2025-04-12 12:19,loud_coringa,pt,Just Chatting,LIVE 7 DIAS - DIA 6,['Português'],[],False
132,2025-04-12 12:19,itssugah_,it,Minecraft,VOI GUARDATE I TITOLI DELLE LIVE?? RISPODI IN CHAT !ds !prime !drops,"['minecraft', 'minecraftpvp', 'italiano', 'CORALMC', 'bedwars', 'tecnocraft', 'minemen', 'titanet', 'SMPminecraftserver', 'vanilla']",[],False
132,2025-04-12 12:19,ZAKl1k,pt,Minecraft,🟢 MINECRAFT | ⭐ GANHE ASSISTINDO | 🌟 REESTOQUE DIA 10 ou 16 às 18h | !loja !points !prime !sub,"['Português', 'Minecraft']",[],False
132,2025-04-12 12:19,Vitor_jbs,pt,Marathon,SABADOU COM MUSIQUINHA NOVA DE SUB |❗pix ❗dc ❗comandos,"['Português', 'minecraft', 'mine', 'pvp', 'bedwars', 'mush', 'mushmc', 'DropsAtivados']",[],False
133,2025-04-12 16:01,letiltz,pt,Fortnite,HOJE TEM PERSONALIZADA VALENDO PACOTÃO LETILTZ | USE O CÓDIGO LETILTZ NA LOJA,"['Português', 'Fortnite', 'letiltz', 'FamilyFrendly', 'SafeSpace', 'Jogandocomespectadores']",[],False
133,2025-04-12 16:01,EiMine77,pt,Minecraft,✅ RECOMPENSAS ON! | ⭐ SEJA RÁPIDO E GANHE UMA CAPA DE GRAÇA: !CAPA | 💘 INSTAGRAM: @EIMINE77 | !ajuda !rerun !sub !subgratis !loja,"['Minecraft', 'EiMine', 'Português']",[],False
133,2025-04-12 16:01,NYKAGAMER_,pt,Fortnite,sERÁ QUE CHEGO NO SURREAL  ❗️code ❗️LIVEPIX ❗️Onlyfans ❗️Comandos ❗️Discord ❗️Clip,"['Fortnite', 'Português', 'Mulher', 'brasil', 'Español', '한국어', 'Русский', '漢語', 'ภาษาไทย', '日本語']",[],False
133,2025-04-12 16:01,LipinhOr,pt,Just Chatting,"♾️𝐋𝐈𝐕𝐄 𝐈𝐍𝐅𝐈𝐍𝐈𝐓𝐀: R$2,00 = +2 Min | Sub = +3min | 100 Bits = +4 Min (Bônus de tempo: !subathon)","['Português', 'gta', 'roleplay']",[],False
133,2025-04-12 16:01,sacy,pt,VALORANT,mibr Sacy / VCT 18H (FURIA + LOUD HOJE) - !pix !csgoskins !mibr !noping,['Português'],[],False
133,2025-04-12 16:01,paivinha29,pt,EA Sports FC 25,WL DO ETERNO COM ABILLY FULL MULHER +SUPER HYPE DAS 14 HR !CURSO  !COINS  !TRUST  !TRADE,['Português'],[],False
133,2025-04-12 16:01,miw____,pt,Marathon,PIXATHON 24H empurra pra ficarmos 24h online? |  !sociais !elo !pix,"['Português', 'Mulher', 'fps', 'english', 'DropsAtivados']",[],False
133,2025-04-12 16:02,bardiclaus,pt,VALORANT,VAMOOOOOOOOS!!! COLA AE!!!,"['valorant', 'fps', 'Bardiclaus', 'primeiralive', 'tilted', 'Português', 'pratavalorant', 'Ouro2']","['DebatedSocialIssuesAndPolitics', 'DrugsIntoxication', 'ProfanityVulgarity', 'SexualThemes']",False
133,2025-04-12 16:02,fnzyn_,pt,DON'T GET GOT,TERROR 🔥🔥🔥! // !GROWTH !Z3 !Delay !Elo !Sub !Donate !Comandos,"['Português', 'valorant', 'fnzyn', 'Valorantplayer', 'calvoarapucas', 'maincypher', 'gostoso', 'lindohumildegostoso', 'atleta', 'musculoso']",[],False
134,2025-04-12 16:09,letiltz,pt,Fortnite,HOJE TEM PERSONALIZADA VALENDO PACOTÃO LETILTZ | USE O CÓDIGO LETILTZ NA LOJA,"['Português', 'Fortnite', 'letiltz', 'FamilyFrendly', 'SafeSpace', 'Jogandocomespectadores']",[],False
134,2025-04-12 16:09,LipinhOr,pt,Just Chatting,"♾️𝐋𝐈𝐕𝐄 𝐈𝐍𝐅𝐈𝐍𝐈𝐓𝐀: R$2,00 = +2 Min | Sub = +3min | 100 Bits = +4 Min (Bônus de tempo: !subathon)","['Português', 'gta', 'roleplay']",[],False
134,2025-04-12 16:09,NYKAGAMER_,pt,Fortnite,sERÁ QUE CHEGO NO SURREAL  ❗️code ❗️LIVEPIX ❗️Onlyfans ❗️Comandos ❗️Discord ❗️Clip,"['Fortnite', 'Português', 'Mulher', 'brasil', 'Español', '한국어', 'Русский', '漢語', 'ภาษาไทย', '日本語']",[],False
134,2025-04-12 16:09,sacy,pt,VALORANT,mibr Sacy / VCT 18H (FURIA + LOUD HOJE) - !pix !csgoskins !mibr !noping,['Português'],[],False
134,2025-04-12 16:09,EiMine77,pt,Minecraft,✅ RECOMPENSAS ON! | ⭐ SEJA RÁPIDO E GANHE UMA CAPA DE GRAÇA: !CAPA | 💘 INSTAGRAM: @EIMINE77 | !ajuda !rerun !sub !subgratis !loja,"['Minecraft', 'EiMine', 'Português']",[],False
134,2025-04-12 16:09,CREMOSA,pt,VALORANT,NOVO HORÁRIO DAS LIVES 16H JOGANDO COM OS SUBS ❗NUUVEM ❗OVERCLOCK ❗GROWTH,['Português'],[],True
134,2025-04-12 16:09,Vitor_jbs,pt,Marathon,SABADOU COM MUSIQUINHA NOVA DE SUB |❗pix ❗dc ❗comandos,"['Português', 'minecraft', 'mine', 'pvp', 'bedwars', 'mush', 'mushmc', 'DropsAtivados']",[],False
134,2025-04-12 16:09,ZAKl1k,pt,Minecraft,🟢 MINECRAFT | ⭐ GANHE ASSISTINDO | 🌟 REESTOQUE DIA 10 ou 16 às 18h | !loja !points !prime !sub,"['Português', 'Minecraft']",[],False
134,2025-04-12 16:09,F9Rezende,pt,Minecraft,🎉✨LIVE ESPECIAL DE ANIVERSÁRIO + SORTEIO DE VIPs + ABERTURA DO NETHER 🎉✨,"['hardcore', 'server', 'servidor', 'jogandocomespectadores', 'servidoraberto', 'minecraft', 'desafio', 'Multiplayer', 'Português', 'modpack']",[],False
135,2025-04-12 16:17,letiltz,pt,Fortnite,HOJE TEM PERSONALIZADA VALENDO PACOTÃO LETILTZ | USE O CÓDIGO LETILTZ NA LOJA,"['Português', 'Fortnite', 'letiltz', 'FamilyFrendly', 'SafeSpace', 'Jogandocomespectadores']",[],False
135,2025-04-12 16:17,EiMine77,pt,Minecraft,✅ RECOMPENSAS ON! | ⭐ SEJA RÁPIDO E GANHE UMA CAPA DE GRAÇA: !CAPA | 💘 INSTAGRAM: @EIMINE77 | !ajuda !rerun !sub !subgratis !loja,"['Minecraft', 'EiMine', 'Português']",[],False
135,2025-04-12 16:17,NYKAGAMER_,pt,Fortnite,sERÁ QUE CHEGO NO SURREAL  ❗️code ❗️LIVEPIX ❗️Onlyfans ❗️Comandos ❗️Discord ❗️Clip,"['Fortnite', 'Português', 'Mulher', 'brasil', 'Español', '한국어', 'Русский', '漢語', 'ภาษาไทย', '日本語']",[],False
135,2025-04-12 16:17,LipinhOr,pt,Just Chatting,"♾️𝐋𝐈𝐕𝐄 𝐈𝐍𝐅𝐈𝐍𝐈𝐓𝐀: R$2,00 = +2 Min | Sub = +3min | 100 Bits = +4 Min (Bônus de tempo: !subathon)","['Português', 'gta', 'roleplay']",[],False
135,2025-04-12 16:17,sacy,pt,VALORANT,mibr Sacy / VCT 18H (FURIA + LOUD HOJE) - !pix !csgoskins !mibr !noping,['Português'],[],False
135,2025-04-12 16:17,TcK10,pt,VALORANT,SUPER C9 vs FURIA SEM TOTEM -- VCT AMÉRICAS 🏆  !SUPERBET 🏆 !GROWTH 🏆 SIGA EM @TcK10,"['melhordomundo', 'radiante', 'incrível', 'valorant', 'Português']",[],False
135,2025-04-12 16:17,filipoppy1,pt,League of Legends,🟠 KBM Filipoppy - CHALLENGER HOJE 🔨🤓☝️,"['Português', 'Challenger', 'poppy', 'monochampion']",[],False
135,2025-04-12 16:17,chelsia,pt,League of Legends,Final do Master Chef na fila !tipspace !wishlist,['Português'],[],False
135,2025-04-12 16:17,micaO,pt,League of Legends,#LTA COSTREAM COM REVOLTA E TOCKERS  !curso !replay !telegram !tierlist !youtube,"['Português', 'ADC', 'Challenger']",[],False
136,2025-04-12 20:01,eLyzao,pt,Counter-Strike,SORTEIO 20 REAIS PRA RETIRA SKIN !TICKET  ❗Nesha ❗iox +18,['Português'],['MatureGame'],False
136,2025-04-12 20:01,iShadowWolf_,pt,Sea of Thieves,(+18) Livezinha Muito Doida!   ||   (❗comandos ❗metas ❗drops)   ||   (Epic Code: SHADOWOLF),['Português'],[],False
136,2025-04-12 20:01,HWmalk,pt,Sea of Thieves,🐇🍫Tesouros de Chocolate 🐇🍫 !chocolate !times !sotbr,"['Português', 'AMA', 'Brasil', 'RPG', 'música', 'Conversação', 'RockRoll', 'Ansiedade', 'Interativo']",[],False
136,2025-04-12 20:01,AkamePNG,pt,Nine-Ball Roulette,Bahianinha de maua  - !elo !loja !pix,"['Português', 'gamegirl']",['ProfanityVulgarity'],False
136,2025-04-12 20:01,DanriqueTW,pt,Minecraft,DESAFIAREI TODOS PARA UM DUELO!  !host !cobblemon,['Português'],[],False
136,2025-04-12 20:01,sacy,pt,VALORANT,MIBR Sacy - FURIA 0 x 2 CLOUD9 - #VCTWATCHPARTY,['Português'],[],False
136,2025-04-12 20:01,f0rsakenwOw,pt,VALORANT,"FURIA vs CLOUD9 #VCTWATCHPARTY, SEM ADS NA !LOCO — !youtube !pix !lojaeg",['Português'],[],False
136,2025-04-12 20:01,XAROLA_,pt,VALORANT,FURIA 0x2 CLOUD9 - #VCTWATCHPARTY || LOUD MAIS TARDE || SEM ADS NA !LOCO || SIGA O KING -> @xarola_,"['humor', 'nordeste', 'yoru', 'lindo', 'Português', 'calvo']",[],False
136,2025-04-12 20:02,frttt,pt,VALORANT,SEM AD! 🟢AO VIVO - FURIA 0x1 C9 - VCT AMERICAS SPLIT 1 - !curso !aulas,['Português'],[],False
137,2025-04-12 20:08,eLyzao,pt,Counter-Strike,SORTEIO 20 REAIS PRA RETIRA SKIN !TICKET  ❗Nesha ❗iox +18,['Português'],['MatureGame'],False
137,2025-04-12 20:08,iShadowWolf_,pt,Sea of Thieves,(+18) Livezinha Muito Doida!   ||   (❗comandos ❗metas ❗drops)   ||   (Epic Code: SHADOWOLF),['Português'],[],False
137,2025-04-12 20:08,HWmalk,pt,Sea of Thieves,🐇🍫Tesouros de Chocolate 🐇🍫 !chocolate !times !sotbr,"['Português', 'AMA', 'Brasil', 'RPG', 'música', 'Conversação', 'RockRoll', 'Ansiedade', 'Interativo']",[],False
137,2025-04-12 20:08,AkamePNG,pt,Nine-Ball Roulette,Bahianinha de maua  - !elo !loja !pix,"['Português', 'gamegirl']",['ProfanityVulgarity'],False
137,2025-04-12 20:09,DanriqueTW,pt,Minecraft,DESAFIAREI TODOS PARA UM DUELO!  !host !cobblemon,['Português'],[],False
137,2025-04-12 20:09,sacy,pt,VALORANT,MIBR Sacy - SEN 0 x 0 LOUD - #VCTWATCHPARTY,['Português'],[],False
137,2025-04-12 20:09,maatheusiinn,pt,Minecraft,SABADO,"['Português', 'minecraft']",['ProfanityVulgarity'],False
137,2025-04-12 20:09,luccaf14,pt,Marathon,CAMP VALENDO R$200 |❗COINBASE !pix !sociais,"['Português', 'Lucca', 'Gamer']",[],False
137,2025-04-12 20:09,gabenevoy,pt,Fortnite,1V1 COM O CHAT 🚨🏆 | USE CODE: GABENEVOY #AD💫🏆🥇| ❗MAPA ❗VIDEO,"['Português', 'fortinte']",[],False
138,2025-04-12 20:18,eLyzao,pt,Counter-Strike,SORTEIO 20 REAIS PRA RETIRA SKIN !TICKET  ❗Nesha ❗iox +18,['Português'],['MatureGame'],False
138,2025-04-12 20:18,iShadowWolf_,pt,Sea of Thieves,(+18) Livezinha Muito Doida!   ||   (❗comandos ❗metas ❗drops)   ||   (Epic Code: SHADOWOLF),['Português'],[],False
138,2025-04-12 20:18,gijuba_,pt,Just Chatting,Sabadouuu | Use Code Epic: GIJUBA | Resgate skins na !loja assistindo a live ♡ | !sr !social !pix !comandos,['Português'],[],False
138,2025-04-12 20:18,AkamePNG,pt,Nine-Ball Roulette,Bahianinha de maua  - !elo !loja !pix,"['Português', 'gamegirl']",['ProfanityVulgarity'],False
138,2025-04-12 20:18,sacy,pt,VALORANT,MIBR Sacy - SEN 0 x 0 LOUD - #VCTWATCHPARTY,['Português'],[],False
138,2025-04-12 20:18,DanriqueTW,pt,Minecraft,DESAFIAREI TODOS PARA UM DUELO!  !host !cobblemon,['Português'],[],False
138,2025-04-12 20:18,azusaftn,pt,Fortnite,"Suave randolili, bora se distrair...","['battle', 'royale', 'criativo', 'fortnite', 'jogos', 'Português']",[],False
138,2025-04-12 20:18,ocontagia,pt,Call of the Wild: The Angler,PALHAÇO PESCAECIA e as tilápias que falam inglês !comandos,"['tft', 'lol', 'Fortnite', 'conanexiles', 'palhaco', 'Brino', 'YoDa', 'Português']",[],False
138,2025-04-12 20:18,Taylon_TK,pt,League of Legends,🔥soloQ focado mono ADC🔥 ❗pix ❗youtube ❗discord ❗insta ❗clip (+18) meta 570 seguidores.,"['Português', 'sonaconversa', 'batepapo', 'leagueoflegends', 'lol', 'ADC', 'ADCARRY']",[],False
139,2025-04-13 00:01,eLyzao,pt,Counter-Strike,TRI TRI TRIO EU XEREJEFERSON E FEINHO @jefraoo  ❗Nesha ❗iox +18,['Português'],['MatureGame'],False
139,2025-04-13 00:01,BrunoBalloni,pt,Counter-Strike,🔴RERUN!!!  -> ❗csgocases ❗regraloja❗farm ❗sub ❗msg ❗loja,"['Português', 'fps', 'Brasil', 'counterstrike', 'cs', 'cs2', 'brazil']",['MatureGame'],False
139,2025-04-13 00:01,gijuba_,pt,Marvel Rivals,[DROPS ON] Sabadouuu | Use Code Epic: GIJUBA | Resgate skins na !loja assistindo a live ♡ | !sr !social !pix !comandos,"['Português', 'DropsAtivados']",[],False
139,2025-04-13 00:01,iShadowWolf_,pt,Sea of Thieves,(+18) Livezinha Muito Doida!   ||   (❗comandos ❗metas ❗drops)   ||   (Epic Code: SHADOWOLF),['Português'],[],False
139,2025-04-13 00:01,bocaorj,pt,Grand Theft Auto V,"[+18 ]:BORA RAPAZIADA HJ VAMOS DAR CONTINUAÇÃO NA NOSSA HISTORIA,PENSEI Q TUDO ESTARIA CALMO MAIS UMA NOVA AMEÇA APARECE!!!","['Português', 'fps', 'PMSP', 'ROTA', 'choque']",['MatureGame'],False
139,2025-04-13 00:02,JapaDaMydiSkins,pt,Counter-Strike,É grátis os 20 sorteios por live mais de R$22.000 em skins !play para participar,"['Português', 'CounterStriker2', 'risada', 'engraçado', 'skinscsgo', 'skinsgratis', 'sorteiodeskins']",['MatureGame'],False
139,2025-04-13 00:02,Saullo,pt,Counter-Strike,"SORTEIO M9 BAIONETA de R$6.000,00 HOJE + DEPÓSITO NA CONTA DE VOCÊS + SORTEIO 100 DÓLARES (AO VIVO)","['Português', 'skinscsgo', 'CSGO', 'SORTEIO', 'PIX', 'SKINS', 'FPS', 'Brasil', 'CS2', 'cs2beta']",['MatureGame'],True
139,2025-04-13 00:02,zorfgamer,pt,Counter-Strike,🟢 [AO VIVO] SORTEIO MENSAL DE LUVA 🟠🟣 !topskin !insane !suaskin !zap !sorteio !mensal,"['Português', 'CSGO', 'sorteos', 'skins', 'CS2', 'counterstrike', 'English']",['MatureGame'],False
139,2025-04-13 00:02,brenotheodoro,pt,Counter-Strike,SUBATHON | SORTEIO > 4 FACAS | Sorteio basta interajar | !livepix | !csgoskins | !msg | !loja | !strive | !kaspersky | !jocaskins,"['Português', 'CS2', 'fps']",['MatureGame'],False
140,2025-04-13 00:13,BrunoBalloni,pt,Counter-Strike,🔴RERUN!!!  -> ❗csgocases ❗regraloja❗farm ❗sub ❗msg ❗loja,"['Português', 'fps', 'Brasil', 'counterstrike', 'cs', 'cs2', 'brazil']",['MatureGame'],False
140,2025-04-13 00:13,iShadowWolf_,pt,Sea of Thieves,(+18) Livezinha Muito Doida!   ||   (❗comandos ❗metas ❗drops)   ||   (Epic Code: SHADOWOLF),['Português'],[],False
140,2025-04-13 00:13,gijuba_,pt,Marvel Rivals,[DROPS ON] Sabadouuu | Use Code Epic: GIJUBA | Resgate skins na !loja assistindo a live ♡ | !sr !social !pix !comandos,"['Português', 'DropsAtivados']",[],False
140,2025-04-13 00:13,bocaorj,pt,Grand Theft Auto V,"[+18 ]:BORA RAPAZIADA HJ VAMOS DAR CONTINUAÇÃO NA NOSSA HISTORIA,PENSEI Q TUDO ESTARIA CALMO MAIS UMA NOVA AMEÇA APARECE!!!","['Português', 'fps', 'PMSP', 'ROTA', 'choque']",['MatureGame'],False
140,2025-04-13 00:13,JapaDaMydiSkins,pt,Counter-Strike,É grátis os 20 sorteios por live mais de R$22.000 em skins !play para participar,"['Português', 'CounterStriker2', 'risada', 'engraçado', 'skinscsgo', 'skinsgratis', 'sorteiodeskins']",['MatureGame'],False
140,2025-04-13 00:13,AkamePNG,pt,Minecraft,MINEZIN - !elo !loja !pix !sr,"['Português', 'gamegirl']",['ProfanityVulgarity'],False
140,2025-04-13 00:13,brenotheodoro,pt,Counter-Strike,SUBATHON | SORTEIO > 4 FACAS | Sorteio basta interajar | !livepix | !csgoskins | !msg | !loja | !strive | !kaspersky | !jocaskins,"['Português', 'CS2', 'fps']",['MatureGame'],False
140,2025-04-13 00:13,Saullo,pt,Counter-Strike,"SORTEIO M9 BAIONETA de R$6.000,00 HOJE + DEPÓSITO NA CONTA DE VOCÊS + SORTEIO 100 DÓLARES (AO VIVO)","['Português', 'skinscsgo', 'CSGO', 'SORTEIO', 'PIX', 'SKINS', 'FPS', 'Brasil', 'CS2', 'cs2beta']",['MatureGame'],True
140,2025-04-13 00:13,oMACKZAO,pt,Counter-Strike,⚡+18 | Resenha com o MACKZÃO ❤️ | !PIX !VIP !SUB !SORTEIO !COMANDOS | SIGA @oMACKZAO NAS REDES SOCIAIS!,"['Português', 'CS2', 'proplayer', 'Gaulês', 'MCH', 'Apoka', 'fer', 'boltz', 'fallen', 'counterstrike']",['MatureGame'],False
141,2025-04-13 00:21,eLyzao,pt,Counter-Strike,TRI TRI TRIO EU XEREJEFERSON E FEINHO @jefraoo  ❗Nesha ❗iox +18,['Português'],['MatureGame'],False
141,2025-04-13 00:21,BrunoBalloni,pt,Counter-Strike,🔴RERUN!!!  -> ❗csgocases ❗regraloja❗farm ❗sub ❗msg ❗loja,"['Português', 'fps', 'Brasil', 'counterstrike', 'cs', 'cs2', 'brazil']",['MatureGame'],False
141,2025-04-13 00:21,gijuba_,pt,Marvel Rivals,[DROPS ON] Sabadouuu | Use Code Epic: GIJUBA | Resgate skins na !loja assistindo a live ♡ | !sr !social !pix !comandos,"['Português', 'DropsAtivados']",[],False
141,2025-04-13 00:21,bocaorj,pt,Grand Theft Auto V,"[+18 ]:BORA RAPAZIADA HJ VAMOS DAR CONTINUAÇÃO NA NOSSA HISTORIA,PENSEI Q TUDO ESTARIA CALMO MAIS UMA NOVA AMEÇA APARECE!!!","['Português', 'fps', 'PMSP', 'ROTA', 'choque']",['MatureGame'],False
141,2025-04-13 00:21,iShadowWolf_,pt,Fortnite,(+18) Livezinha Muito Doida!   ||   (❗comandos ❗metas ❗drops)   ||   (Epic Code: SHADOWOLF),['Português'],[],False
141,2025-04-13 00:21,JapaDaMydiSkins,pt,Counter-Strike,É grátis os 20 sorteios por live mais de R$22.000 em skins !play para participar,"['Português', 'CounterStriker2', 'risada', 'engraçado', 'skinscsgo', 'skinsgratis', 'sorteiodeskins']",['MatureGame'],False
141,2025-04-13 00:21,Dilascio_,pt,Marvel Rivals,(DROPS ON) SEASON 2 CHEGOU!! EMMA MAIN,"['Português', 'Competitivo', 'Conversa', 'top500', 'overwatch', 'English', 'DropsAtivados']",[],False
141,2025-04-13 00:21,foxjoga_,pt,Path of Exile 2,[+18] CAÇADORA ENDGAME - BORA LIGA NOVA!!!,"['Português', 'DropsAtivados']",['MatureGame'],False
141,2025-04-13 00:21,azusaftn,pt,Fortnite,"Suave randolili, bora se distrair...","['battle', 'royale', 'criativo', 'fortnite', 'jogos', 'Português']",[],False
142,2025-04-13 00:32,eLyzao,pt,VALORANT,Como joga esse game  ❗Nesha ❗iox +18,['Português'],[],False
142,2025-04-13 00:32,BrunoBalloni,pt,Counter-Strike,🔴RERUN!!!  -> ❗csgocases ❗regraloja❗farm ❗sub ❗msg ❗loja,"['Português', 'fps', 'Brasil', 'counterstrike', 'cs', 'cs2', 'brazil']",['MatureGame'],False
142,2025-04-13 00:32,gijuba_,pt,South of Midnight,Sabadouuu | Use Code Epic: GIJUBA | Resgate skins na !loja assistindo a live ♡ | !sr !social !pix !comandos,['Português'],['MatureGame'],False
142,2025-04-13 00:32,bocaorj,pt,Grand Theft Auto V,"[+18 ]:BORA RAPAZIADA HJ VAMOS DAR CONTINUAÇÃO NA NOSSA HISTORIA,PENSEI Q TUDO ESTARIA CALMO MAIS UMA NOVA AMEÇA APARECE!!!","['Português', 'fps', 'PMSP', 'ROTA', 'choque']",['MatureGame'],False
142,2025-04-13 00:32,iShadowWolf_,pt,Fortnite,(+18) Livezinha Muito Doida!   ||   (❗comandos ❗metas ❗drops)   ||   (Epic Code: SHADOWOLF),['Português'],[],False
142,2025-04-13 00:32,JapaDaMydiSkins,pt,Counter-Strike,É grátis os 20 sorteios por live mais de R$22.000 em skins !play para participar,"['Português', 'CounterStriker2', 'risada', 'engraçado', 'skinscsgo', 'skinsgratis', 'sorteiodeskins']",['MatureGame'],False
142,2025-04-13 00:32,GawdGusto,pt,EA Sports FC 25,🇺🇸/🇧🇷  GANDI GANDI  ABRINDO PACK 90X5 E GARANTIA   !SUB,"['English', 'PortuguêsBR', 'eafc25', 'Português']",[],False
142,2025-04-13 00:32,BRUXAO_GAMER,pt,R.E.P.O.,"📦Loja aberta !kit 📈133,38$/200$📅META ABRIL⏰+1 HORA DE LIVE a cada meta batida de PIX, BITS ou SUB⏳ Me ajude a fazer live 🧙‍♂️ !pix","['AMA', 'JogadoresIniciantes', 'ModoBattleRoyale', 'HypeTrain', 'Ação', 'Ansiedade', 'FPS', 'Jogodetiro', 'Português']",[],False
142,2025-04-13 00:32,miguelles16,pt,EA Sports FC 25,WL / recorde: 201/2 / !coach !tática !câmera !contato !insta,['Português'],[],False
143,2025-04-13 04:01,BrunoBalloni,pt,Counter-Strike,🔴RERUN!!!  -> ❗csgocases ❗regraloja❗farm ❗sub ❗msg ❗loja,"['Português', 'fps', 'Brasil', 'counterstrike', 'cs', 'cs2', 'brazil']",['MatureGame'],False
143,2025-04-13 04:01,eLyzao,pt,EA Sports FC 25,Como joga esse game  ❗Nesha ❗iox +18,['Português'],[],False
143,2025-04-13 04:01,gijuba_,pt,South of Midnight,Sabadouuu | Use Code Epic: GIJUBA | Resgate skins na !loja assistindo a live ♡ | !sr !social !pix !comandos,['Português'],['MatureGame'],False
143,2025-04-13 04:01,iShadowWolf_,pt,Fortnite,(+18) Livezinha Muito Doida!   ||   (❗comandos ❗metas ❗drops)   ||   (Epic Code: SHADOWOLF),['Português'],[],False
143,2025-04-13 04:01,exexeboy,pt,Overwatch 2,oh us cara mano,"['Portuguese', 'Português']",[],False
143,2025-04-13 04:01,loud_coringa,pt,Just Chatting,FUTZIN DOS CRIA | LIVE 7 DIAS - DIA 7,['Português'],[],False
143,2025-04-13 04:01,donkgord0,pt,Counter-Strike,🕺🏻💪🏻😎🦜+18 LOBBYZADA GAMERSCLUB @ckzao  @pava  ❗RAINGG  🤪 !!❗neshastore  ❗gamearena❗csgoskins,"['CSGO', 'FPS', 'GAMERSCLUB', 'GC', 'LVL20', 'Português', 'lol', 'leagueoflegends', 'moba']",['MatureGame'],False
143,2025-04-13 04:01,arch1vesfps,pt,VALORANT,🔥 TOP 1 MUNDIAL CS RANK 30K+ LEVEL 21 GC ( ͡° ͜ʖ ͡°) 🛒RERUN ➡️ !loja !config !mira !sorteio,"['en', 'pt', 'gamersclub', 'faceit', 'premier', 'pix', 'Português']",[],True
143,2025-04-13 04:01,Michel,pt,Counter-Strike,ANALISE MOLODOY - REPRISE - Seja SUB e participe do !SORTEIO - !CSGOSKINS !DASHSKINS !LIVEPIX,['Português'],['MatureGame'],False
144,2025-04-13 04:12,BrunoBalloni,pt,Counter-Strike,🔴RERUN!!!  -> ❗csgocases ❗regraloja❗farm ❗sub ❗msg ❗loja,"['Português', 'fps', 'Brasil', 'counterstrike', 'cs', 'cs2', 'brazil']",['MatureGame'],False
144,2025-04-13 04:12,iShadowWolf_,pt,Fortnite,(+18) Livezinha Muito Doida!   ||   (❗comandos ❗metas ❗drops)   ||   (Epic Code: SHADOWOLF),['Português'],[],False
144,2025-04-13 04:12,exexeboy,pt,Overwatch 2,oh us cara mano,"['Portuguese', 'Português']",[],False
144,2025-04-13 04:12,ZAKl1k,pt,Minecraft,🟢 MINECRAFT | ⭐ GANHE ASSISTINDO | 🌟 REESTOQUE DIA 10 ou 16 às 18h | !loja !points !prime !sub,"['Português', 'Minecraft']",[],False
144,2025-04-13 04:13,Paulinhoo46,pt,Fortnite,🔴RERUN🔴LOJINHA COM NOVAS REGRAS ▶️ Skins na loja Acumule pontos e Troque por Skins Grátis 24hrs de Farm ▶️!CSGONET !INSANE,['Português'],"['DrugsIntoxication', 'Gambling', 'ProfanityVulgarity']",False
144,2025-04-13 04:13,loud_coringa,pt,Just Chatting,FUTZIN DOS CRIA | LIVE 7 DIAS - DIA 7,['Português'],[],False
144,2025-04-13 04:13,miguelles16,pt,EA Sports FC 25,WL / recorde: 201/2 / !coach !tática !câmera !contato !insta,['Português'],[],False
144,2025-04-13 04:13,Markyn11,pt,EA Sports FC 25,WL R9 CHEGA  SERA !!   + PACKS AGORA  - /BRASIL/PORTUGAL,"['BRASIL', 'PORTUGUES', 'FUTEBOL', 'BRASILEIRO', 'ULTMATEAM', 'WL', 'futchampions', 'UFL', 'EAFC25', 'Português']",[],False
144,2025-04-13 04:13,SWAVYFUT,pt,EA Sports FC 25,EUSÉBIO 93 DME VALE? WL EM 12 CONTAS NO EVENTO IMMORTALS | !cliente !coach,['Português'],[],True
145,2025-04-13 04:20,BrunoBalloni,pt,Counter-Strike,🔴RERUN!!!  -> ❗csgocases ❗regraloja❗farm ❗sub ❗msg ❗loja,"['Português', 'fps', 'Brasil', 'counterstrike', 'cs', 'cs2', 'brazil']",['MatureGame'],False
145,2025-04-13 04:20,iShadowWolf_,pt,Fortnite,(+18) Livezinha Muito Doida!   ||   (❗comandos ❗metas ❗drops)   ||   (Epic Code: SHADOWOLF),['Português'],[],False
145,2025-04-13 04:20,DexGGxp,pt,Minecraft,✨ +1200 Dias - HardCore Bedrock 1.21.71 ✨ EP 73 ✨ ❗bits ❗sons ✨,"['Brasil', 'Português', 'Brazil', 'Minecraft', 'MinecraftBedrock', 'HardCore', 'MinecraftHardcore', 'BedrockHardCore', 'dexggxp', 'Drop']",[],False
145,2025-04-13 04:20,Paulinhoo46,pt,Fortnite,🔴RERUN🔴LOJINHA COM NOVAS REGRAS ▶️ Skins na loja Acumule pontos e Troque por Skins Grátis 24hrs de Farm ▶️!CSGONET !INSANE,['Português'],"['DrugsIntoxication', 'Gambling', 'ProfanityVulgarity']",False
145,2025-04-13 04:20,exexeboy,pt,Overwatch 2,oh us cara mano,"['Portuguese', 'Português']",[],False
145,2025-04-13 04:21,Arkane,pt,mo.co,"MADRUGADA DE MO.CO , VAMBORA?! !moco #ad",['Português'],[],True
145,2025-04-13 04:21,amohrte,pt,Marvel Rivals,NOVATO APRENDENDO NO ÓDIO E NA RAIVA! // RERUN REPRISE,"['Português', 'funny', 'humor', 'amohrte', 'English', 'marvelrivals', 'marvel', 'DropsAtivados']",['ProfanityVulgarity'],False
145,2025-04-13 04:21,homemnalua,pt,Resident Evil: Director's Cut,"💀 Jogando RE1 pela primeira vez! 💀 - Apoie a meta se puder, qualquer contribuição ajuda muito! - !pix",['Português'],"['MatureGame', 'SexualThemes', 'ViolentGraphic']",False
145,2025-04-13 04:21,giulianrbs,pt,VALORANT,L I V E !spotify  !livepix,"['Português', 'Musica', 'AMA', 'drops', 'maratona']",[],False
146,2025-04-13 08:01,Paulinhoo46,pt,Fortnite,🔴RERUN🔴LOJINHA COM NOVAS REGRAS ▶️ Skins na loja Acumule pontos e Troque por Skins Grátis 24hrs de Farm ▶️!CSGONET !INSANE,['Português'],"['DrugsIntoxication', 'Gambling', 'ProfanityVulgarity']",False
146,2025-04-13 08:01,EiMine77,pt,Minecraft,✅ RECOMPENSAS ON! | ⭐ SEJA RÁPIDO E GANHE UMA CAPA DE GRAÇA: !CAPA | 💘 INSTAGRAM: @EIMINE77 | !ajuda !rerun !sub !subgratis !loja,"['Minecraft', 'EiMine', 'Português']",[],False
146,2025-04-13 08:01,HokagoPT,en,Fortnite,[DROPS] 🎉VBUCKS GIVEAWAY! | Play w/Followers | Use Code: HOKAGOPT | !join,"['vtuber', 'chatty', 'english', 'anxiety', 'positivity', 'battleroyale', 'English']",[],False
146,2025-04-13 08:01,loud_coringa,pt,Just Chatting,LIVE 7 DIAS - DIA 7,['Português'],[],False
146,2025-04-13 08:01,BrunoBalloni,pt,Counter-Strike,🔴RERUN!!!  -> ❗csgocases ❗regraloja❗farm ❗sub ❗msg ❗loja,"['Português', 'fps', 'Brasil', 'counterstrike', 'cs', 'cs2', 'brazil']",['MatureGame'],False
146,2025-04-13 08:01,xGuuhGabrielx,pt,EA Sports FC 25,"5x90+ Tiramos o Xavi! Fazendo Evo Imortal no Mata Mata, WL em Busca do Rank 1, DMEs,Packs e Resenha | DIGITE !Livepix !cliente !grupo !meta","['EASPORTS', 'EAFC', 'eafc25', 'ultimateteam', 'fc25', 'fc25gameplay', 'Português', 'Paivinha29', 'Carpentieri', 'Adolfz']",[],False
146,2025-04-13 08:02,RyanFeer,pt,Grand Theft Auto V,"Opa,voltei","['Português', 'CDA', 'gta', 'fivem', 'RP', 'PvP', 'metropole', 'cpx', 'CAPITAL', 'ProdigyRP']",['MatureGame'],False
146,2025-04-13 08:02,anjozor,pt,MU Online,"+18【 The Classic MU 】- 99z Classic HARD ] TEMOS LOJA ! SUB/PRIME 5 THE CLASSIC COIN(TCC) ,USE ANJO10 NOSSO NOVO CUPOM !loja !lojalive","['Português', 'MuOnline', 'theclassic', 'TheClassicMu', 'mu', 'nostalgiagames', 'LanHouse', 'MMORPG', 'Reposição']",[],False
146,2025-04-13 08:02,Cafe_Barao,pt,Grand Theft Auto V,[CODE RP] Monkey man/ Cafe dos Angels of Death Novidades & Game Play !!! So na conversa...❗livepix ❗Pix ❗discord ❗cidade,"['deltaforcecreatorhub', 'conterstrike2', 'drops', 'Drop', 'Português', 'gta', 'ＧTA5', 'gtavrproleplay', 'gtandTheftAutoV', 'coderp']",['MatureGame'],False
147,2025-04-13 08:09,intro_111,pt,I'm Only Sleeping,descansando um pouco (LIVE 24H),"['ASMRauditivo', 'Vtuber', 'Anime', 'Competitivo', 'Português', 'desafio']",[],False
147,2025-04-13 08:09,EiMine24h,pt,Minecraft,✅ RECOMPENSAS ON! | ⭐ SEJA RÁPIDO E GANHE UMA CAPA DE GRAÇA: !CAPA | 💘 INSTAGRAM: @EIMINE77 | !ajuda !rerun !subgratis !loja,"['Português', 'Minecraft', 'EiMine']",[],False
147,2025-04-13 08:09,HokagoPT,en,Fortnite,[DROPS] 🎉VBUCKS GIVEAWAY! | Play w/Followers | Use Code: HOKAGOPT | !join,"['vtuber', 'chatty', 'english', 'anxiety', 'positivity', 'battleroyale', 'English']",[],False
147,2025-04-13 08:09,BrunoBalloni,pt,Counter-Strike,🔴RERUN!!!  -> ❗csgocases ❗regraloja❗farm ❗sub ❗msg ❗loja,"['Português', 'fps', 'Brasil', 'counterstrike', 'cs', 'cs2', 'brazil']",['MatureGame'],False
147,2025-04-13 08:09,loud_coringa,pt,Just Chatting,LIVE 7 DIAS - DIA 7,['Português'],[],False
147,2025-04-13 08:09,ZAKl1k,pt,Minecraft,🟢 MINECRAFT | ⭐ GANHE ASSISTINDO | 🌟 REESTOQUE DIA 10 ou 16 às 18h | !loja !points !prime !sub,"['Português', 'Minecraft']",[],False
147,2025-04-13 08:09,exexeboy,pt,Overwatch 2,oh us cara mano,"['Portuguese', 'Português']",[],False
147,2025-04-13 08:09,lucaspierry1,pt,Counter-Strike,RERUN ON // RESGATE SUA SKIN GRATIS EM !LOJA // Siga @lucaspierry1 no Instagram // !sub !hellcase !loja,"['Português', 'Reposição']","['MatureGame', 'ProfanityVulgarity']",False
147,2025-04-13 08:09,NeWFriend44,ru,Counter-Strike,💝НАКЛЕЙКА ЗА ФОЛЛОУ 💝ЗАБЕРИ ПЕРЧАТКИ 💝КАПИТАНЫЧ НА МЕСТЕ,"['скинызабаллы', 'наклейказафоллоу', 'розыгрыш', 'кс', 'Мужчина', 'парень', 'donk', 'CS2', 'Русский']",['MatureGame'],False
148,2025-04-13 08:20,BrunoBalloni,pt,Counter-Strike,🔴RERUN!!!  -> ❗csgocases ❗regraloja❗farm ❗sub ❗msg ❗loja,"['Português', 'fps', 'Brasil', 'counterstrike', 'cs', 'cs2', 'brazil']",['MatureGame'],False
148,2025-04-13 08:20,ZAKl1k,pt,Minecraft,🟢 MINECRAFT | ⭐ GANHE ASSISTINDO | 🌟 REESTOQUE DIA 10 ou 16 às 18h | !loja !points !prime !sub,"['Português', 'Minecraft']",[],False
148,2025-04-13 08:20,HokagoPT,en,Fortnite,[DROPS] 🎉VBUCKS GIVEAWAY! | Play w/Followers | Use Code: HOKAGOPT | !join,"['vtuber', 'chatty', 'english', 'anxiety', 'positivity', 'battleroyale', 'English']",[],False
148,2025-04-13 08:20,Paulinhoo46,pt,Fortnite,🔴RERUN🔴LOJINHA COM NOVAS REGRAS ▶️ Skins na loja Acumule pontos e Troque por Skins Grátis 24hrs de Farm ▶️!CSGONET !INSANE,['Português'],"['DrugsIntoxication', 'Gambling', 'ProfanityVulgarity']",False
148,2025-04-13 08:20,exexeboy,pt,Overwatch 2,oh us cara mano,"['Portuguese', 'Português']",[],False
148,2025-04-13 08:20,loud_coringa,pt,Just Chatting,LIVE 7 DIAS - DIA 7,['Português'],[],False
148,2025-04-13 08:20,EiMine24h,pt,Minecraft,✅ RECOMPENSAS ON! | ⭐ SEJA RÁPIDO E GANHE UMA CAPA DE GRAÇA: !CAPA | 💘 INSTAGRAM: @EIMINE77 | !ajuda !rerun !subgratis !loja,"['Português', 'Minecraft', 'EiMine']",[],False
148,2025-04-13 08:20,confortavell,pt,I'm Only Sleeping,DORMINDO | PIXATHON DO KEKE DIA 5,"['Português', 'resenha', 'dona', 'thimagroo', 'snopey', 'kaicenat', 'yuri22', 'confortavell']",[],False
148,2025-04-13 08:20,Ferthel,pt,Minecraft,|| 1.21.4 - HardCore 2.1 || 1440+Dias ||O que faremos hoje? Fortaleza?,"['MinecraftJavaEditon', 'minecrafthardcore', 'pngtuber', 'PNGtuberBR', '1vida', '1lifechallenge', 'hardcoreminecraftgirl', 'hardcorebuilds', 'capaminecraft', 'Português']",[],False
149,2025-04-13 08:30,BrunoBalloni,pt,Counter-Strike,🔴RERUN!!!  -> ❗csgocases ❗regraloja❗farm ❗sub ❗msg ❗loja,"['Português', 'fps', 'Brasil', 'counterstrike', 'cs', 'cs2', 'brazil']",['MatureGame'],False
149,2025-04-13 08:30,ZAKl1k,pt,Minecraft,🟢 MINECRAFT | ⭐ GANHE ASSISTINDO | 🌟 REESTOQUE DIA 10 ou 16 às 18h | !loja !points !prime !sub,"['Português', 'Minecraft']",[],False
149,2025-04-13 08:30,HokagoPT,en,Fortnite,[DROPS] 🎉VBUCKS GIVEAWAY! | Play w/Followers | Use Code: HOKAGOPT | !join,"['vtuber', 'chatty', 'english', 'anxiety', 'positivity', 'battleroyale', 'English']",[],False
149,2025-04-13 08:30,Paulinhoo46,pt,Fortnite,🔴RERUN🔴LOJINHA COM NOVAS REGRAS ▶️ Skins na loja Acumule pontos e Troque por Skins Grátis 24hrs de Farm ▶️!CSGONET !INSANE,['Português'],"['DrugsIntoxication', 'Gambling', 'ProfanityVulgarity']",False
149,2025-04-13 08:30,exexeboy,pt,Overwatch 2,oh us cara mano,"['Portuguese', 'Português']",[],False
149,2025-04-13 08:30,loud_coringa,pt,Just Chatting,LIVE 7 DIAS - DIA 7,['Português'],[],False
149,2025-04-13 08:30,DieguitoPotter,pt,EA Sports FC 25,♾️ Acabar o FUT-CHAMPIONS COM Uroš Račić IMORTAL ♾️ Abrir o 90+x5 🔥!Mbway !Prozis !Divoom !Switch ✅,"['Português', 'eafc25', 'packopening', 'ultimateteam', 'futbirthday', 'rage']",[],False
149,2025-04-13 08:30,Markyn11,pt,EA Sports FC 25,WL R9 CHEGA  SERA !!   + PACKS AGORA  - /BRASIL/PORTUGAL,"['BRASIL', 'PORTUGUES', 'FUTEBOL', 'BRASILEIRO', 'ULTMATEAM', 'WL', 'futchampions', 'UFL', 'EAFC25', 'Português']",[],False
149,2025-04-13 08:31,Pestanatori,pt,EA Sports FC 25,"OUTRA VEZ ! CHAMPS REWARDS, 90X5 E CENAS - !YOUTUBE 💸 !Betano","['Português', 'Futebol']",[],False
150,2025-04-13 12:01,BrunoBalloni,pt,Counter-Strike,🔴RERUN!!!  -> ❗csgocases ❗regraloja❗farm ❗sub ❗msg ❗loja,"['Português', 'fps', 'Brasil', 'counterstrike', 'cs', 'cs2', 'brazil']",['MatureGame'],False
150,2025-04-13 12:01,ZAKl1k,pt,Minecraft,🟢 MINECRAFT | ⭐ GANHE ASSISTINDO | 🌟 REESTOQUE DIA 10 ou 16 às 18h | !loja !points !prime !sub,"['Português', 'Minecraft']",[],False
150,2025-04-13 12:01,NYKAGAMER_,pt,Fortnite,bom dia ❗️code ❗️LIVEPIX ❗️Onlyfans ❗️Comandos ❗️Discord ❗️Clip,"['Fortnite', 'Português', 'Mulher', 'brasil', 'Español', '한국어', 'Русский', '漢語', 'ภาษาไทย', '日本語']",[],False
150,2025-04-13 12:01,Paulinhoo46,pt,Fortnite,🔴RERUN🔴LOJINHA COM NOVAS REGRAS ▶️ Skins na loja Acumule pontos e Troque por Skins Grátis 24hrs de Farm ▶️!CSGONET !INSANE,['Português'],"['DrugsIntoxication', 'Gambling', 'ProfanityVulgarity']",False
150,2025-04-13 12:01,paivinha29,pt,EA Sports FC 25,PELE 97 NA WL DO BRASFUT+ SUPER HYPE DAS 14HR  !CURSO  !COINS  !TRUST  !TRADE,['Português'],[],False
150,2025-04-13 12:01,loud_coringa,pt,Just Chatting,LIVE 7 DIAS - DIA 7,['Português'],[],False
150,2025-04-13 12:01,ilrilon,pt,Dead by Daylight,[Drops ON] Teremos Subathon no próximo Sábado ❗subathon❗pix❗youtube❗reshade❗numerar❗exitlag 13/04/2025,"['Português', 'ILRILON', 'IntoTheFog', 'DeadbyDaylight', 'DBD', 'DropsAtivados']",['MatureGame'],False
150,2025-04-13 12:01,LuanaTh,pt,Fortnite,DIA 3 SUBATHON - JOGANDO COM VCS ❤ USE O CODE LUANATH NA LOJA ❤ !pix !tempo,['Português'],[],False
150,2025-04-13 12:02,Kersoizic,fr,Sea of Thieves,💜Brig chasse /HG/PVP💜 avec mon nouveau Modo et Miguelangelo  !fresque !discord,"['tranquille', 'legendaire', 'seaofthieves', 'sotfr', 'francais', 'streameuse', 'francaise', 'creatorcrew', 'Français']",['DrugsIntoxication'],False
151,2025-04-13 12:09,BrunoBalloni,pt,Counter-Strike,🔴RERUN!!!  -> ❗csgocases ❗regraloja❗farm ❗sub ❗msg ❗loja,"['Português', 'fps', 'Brasil', 'counterstrike', 'cs', 'cs2', 'brazil']",['MatureGame'],False
151,2025-04-13 12:09,ZAKl1k,pt,Minecraft,🟢 MINECRAFT | ⭐ GANHE ASSISTINDO | 🌟 REESTOQUE DIA 10 ou 16 às 18h | !loja !points !prime !sub,"['Português', 'Minecraft']",[],False
151,2025-04-13 12:09,NYKAGAMER_,pt,Fortnite,bom dia ❗️code ❗️LIVEPIX ❗️Onlyfans ❗️Comandos ❗️Discord ❗️Clip,"['Fortnite', 'Português', 'Mulher', 'brasil', 'Español', '한국어', 'Русский', '漢語', 'ภาษาไทย', '日本語']",[],False
151,2025-04-13 12:09,Paulinhoo46,pt,Fortnite,🔴RERUN🔴LOJINHA COM NOVAS REGRAS ▶️ Skins na loja Acumule pontos e Troque por Skins Grátis 24hrs de Farm ▶️!CSGONET !INSANE,['Português'],"['DrugsIntoxication', 'Gambling', 'ProfanityVulgarity']",False
151,2025-04-13 12:09,loud_coringa,pt,Just Chatting,LIVE 7 DIAS - DIA 7,['Português'],[],False
151,2025-04-13 12:09,paivinha29,pt,EA Sports FC 25,PELE 97 NA WL DO BRASFUT+ SUPER HYPE DAS 14HR  !CURSO  !COINS  !TRUST  !TRADE,['Português'],[],False
151,2025-04-13 12:09,iBlusa,pt,Overwatch 2,"[+18] [PT-BR/ESP] Perdendo sempre, ganhando nunca. #OverwatchCreator","['Brasil', 'Português', 'español', 'kpop', 'LGBT', 'ValíriaRoleplay', 'valiriabeta']",[],False
151,2025-04-13 12:09,Centurion,pt,Grand Theft Auto V,+18 COMPLEXO - COMANDO DA GTM,"['Português', 'ComplexoRP', 'Centurion', 'GTA', 'Fivem', 'Jogos', 'Roleplay', 'Entretenimento', 'complexo', 'frontpage']",['MatureGame'],False
151,2025-04-13 12:09,Cafe_Barao,pt,Grand Theft Auto V,[CODE RP] Monkey man/ Cafe dos Angels of Death Novidades & Game Play !!! So na conversa...❗livepix ❗Pix ❗discord ❗cidade,"['deltaforcecreatorhub', 'conterstrike2', 'drops', 'Drop', 'Português', 'gta', 'ＧTA5', 'gtavrproleplay', 'gtandTheftAutoV', 'coderp']",['MatureGame'],False
152,2025-04-13 12:20,BrunoBalloni,pt,Counter-Strike,🔴RERUN!!!  -> ❗csgocases ❗regraloja❗farm ❗sub ❗msg ❗loja,"['Português', 'fps', 'Brasil', 'counterstrike', 'cs', 'cs2', 'brazil']",['MatureGame'],False
152,2025-04-13 12:21,ZAKl1k,pt,Minecraft,🟢 MINECRAFT | ⭐ GANHE ASSISTINDO | 🌟 REESTOQUE DIA 10 ou 16 às 18h | !loja !points !prime !sub,"['Português', 'Minecraft']",[],False
152,2025-04-13 12:21,NYKAGAMER_,pt,Fortnite,bom dia ❗️code ❗️LIVEPIX ❗️Onlyfans ❗️Comandos ❗️Discord ❗️Clip,"['Fortnite', 'Português', 'Mulher', 'brasil', 'Español', '한국어', 'Русский', '漢語', 'ภาษาไทย', '日本語']",[],False
152,2025-04-13 12:21,Paulinhoo46,pt,Fortnite,🔴RERUN🔴LOJINHA COM NOVAS REGRAS ▶️ Skins na loja Acumule pontos e Troque por Skins Grátis 24hrs de Farm ▶️!CSGONET !INSANE,['Português'],"['DrugsIntoxication', 'Gambling', 'ProfanityVulgarity']",False
152,2025-04-13 12:21,loud_coringa,pt,Just Chatting,LIVE 7 DIAS - DIA 7,['Português'],[],False
152,2025-04-13 12:21,Gaules,pt,Counter-Strike,Grande Final PGL Bucharest 2025 - !socio !sorteio - Siga @Gaules nas redes sociais!,['Português'],['MatureGame'],True
152,2025-04-13 12:21,Vitor_jbs,pt,Minecraft,VEM APROVEITAR ANTES DE SEGUNDAR |❗pix ❗dc ❗comandos,"['Português', 'minecraft', 'mine', 'pvp', 'bedwars', 'mush', 'mushmc']",[],False
152,2025-04-13 12:21,Renato_Diogo,pt,Grand Theft Auto V,Agostinho | 🌴 Saga RP 🌴 | Camionista-Cozinheiro-Amante de Prédios/Penguins !tipme !paypal,"['Português', 'Gostoso', 'Penguin']",['MatureGame'],False
152,2025-04-13 12:21,FLAZEPT,pt,League of Legends,[PT]🎈RANKEDS RUMO A DIAMOND | CUSTOMS GAMES ÀS 18:00h 🎈|NEW TIKTOK |  @GrowupesportsTV |🎁125 META SUBS PESSOAL!! |,"['RANK', 'portugal', 'LOL', 'MOBA', 'PORTUGUES', 'Português']",[],False
153,2025-04-13 12:29,BrunoBalloni,pt,Counter-Strike,🔴RERUN!!!  -> ❗csgocases ❗regraloja❗farm ❗sub ❗msg ❗loja,"['Português', 'fps', 'Brasil', 'counterstrike', 'cs', 'cs2', 'brazil']",['MatureGame'],False
153,2025-04-13 12:29,ZAKl1k,pt,Minecraft,🟢 MINECRAFT | ⭐ GANHE ASSISTINDO | 🌟 REESTOQUE DIA 10 ou 16 às 18h | !loja !points !prime !sub,"['Português', 'Minecraft']",[],False
153,2025-04-13 12:29,NYKAGAMER_,pt,Fortnite,bom dia ❗️code ❗️LIVEPIX ❗️Onlyfans ❗️Comandos ❗️Discord ❗️Clip,"['Fortnite', 'Português', 'Mulher', 'brasil', 'Español', '한국어', 'Русский', '漢語', 'ภาษาไทย', '日本語']",[],False
153,2025-04-13 12:29,Paulinhoo46,pt,Fortnite,🔴RERUN🔴LOJINHA COM NOVAS REGRAS ▶️ Skins na loja Acumule pontos e Troque por Skins Grátis 24hrs de Farm ▶️!CSGONET !INSANE,['Português'],"['DrugsIntoxication', 'Gambling', 'ProfanityVulgarity']",False
153,2025-04-13 12:29,Gaules,pt,Counter-Strike,Grande Final PGL Bucharest 2025 - !socio !sorteio - Siga @Gaules nas redes sociais!,['Português'],['MatureGame'],True
153,2025-04-13 12:29,loud_coringa,pt,Just Chatting,LIVE 7 DIAS - DIA 7,['Português'],[],False
153,2025-04-13 12:29,makkatv,pt,Donkey Kong Country,🇵🇹 🔴 !RetroMakka - Início da Era SNES com 2 Bangers 🔴 !RETRO25 🔴 !sexy !sortudo !youtube !bigmakka !discord !tiktok !instagram #letsfgo,"['Retro', 'RPG', 'Story', 'Chatting', 'LoFi', 'Português', 'Firstplaythrough', 'Portugal', 'Singleplayer', 'Cozy']",[],False
153,2025-04-13 12:29,b0lean,pt,Overwatch 2,FOCO NO KOREAN PLAYER,"['bolin', 'portugues', 'bolinho', 'PlayingwithViewers', 'Português', 'chillingstream', 'overwatchstreamer', 'R6livestream']",[],False
153,2025-04-13 12:29,Herkule,pt,ELDEN RING,"[PT] - Ser um super tanque significa aguentar ou super aguentar? Fica o questionamento do Deus dos Ninjas, avé!","['DeusDosNinjas', 'Português', 'Soulslike']",['MatureGame'],False
154,2025-04-13 12:37,BrunoBalloni,pt,Counter-Strike,🔴RERUN!!!  -> ❗csgocases ❗regraloja❗farm ❗sub ❗msg ❗loja,"['Português', 'fps', 'Brasil', 'counterstrike', 'cs', 'cs2', 'brazil']",['MatureGame'],False
154,2025-04-13 12:37,ZAKl1k,pt,Minecraft,🟢 MINECRAFT | ⭐ GANHE ASSISTINDO | 🌟 REESTOQUE DIA 10 ou 16 às 18h | !loja !points !prime !sub,"['Português', 'Minecraft']",[],False
154,2025-04-13 12:37,NYKAGAMER_,pt,Fortnite,bom dia ❗️code ❗️LIVEPIX ❗️Onlyfans ❗️Comandos ❗️Discord ❗️Clip,"['Fortnite', 'Português', 'Mulher', 'brasil', 'Español', '한국어', 'Русский', '漢語', 'ภาษาไทย', '日本語']",[],False
154,2025-04-13 12:37,Paulinhoo46,pt,Fortnite,🔴RERUN🔴LOJINHA COM NOVAS REGRAS ▶️ Skins na loja Acumule pontos e Troque por Skins Grátis 24hrs de Farm ▶️!CSGONET !INSANE,['Português'],"['DrugsIntoxication', 'Gambling', 'ProfanityVulgarity']",False
154,2025-04-13 12:37,Gaules,pt,Counter-Strike,Grande Final PGL Bucharest 2025 - !socio !sorteio - Siga @Gaules nas redes sociais!,['Português'],['MatureGame'],True
154,2025-04-13 12:37,loud_coringa,pt,Just Chatting,LIVE 7 DIAS - DIA 7,['Português'],[],False
154,2025-04-13 12:37,Pedro017Yt,pt,Fortnite,SORTEIO 1500-VB 🍉RESGATE VB ME ASSISTINDO (❗loja) 🍉!PIX🍉,"['Português', 'Fortnite', 'Jogandocomespectadores', 'DropsEnable', 'Drops']",[],False
154,2025-04-13 12:37,AiNando1,pt,Fortnite,SUBATHON  DIA  2  VAMOS JOGAR E RESENHAR !  ❗JOGAR ❗NICK ❗ USE CODE: Ainando1 #AD❗PIX ❗Livepix❗JOGAR  ❗Comandos ❗instagram ❗apoie,"['Português', 'Fortnite', 'comedia', 'engraçado', 'live', 'Phasmophobia', 'liarsbar', 'StreamGamer', 'francais', 'tiktok']",[],False
154,2025-04-13 12:37,MiMoretz,pt,Overwatch 2,oi oioi,['Português'],[],False
155,2025-04-13 16:01,BrunoBalloni,pt,Counter-Strike,🔴RERUN!!!  -> ❗csgocases ❗regraloja❗farm ❗sub ❗msg ❗loja,"['Português', 'fps', 'Brasil', 'counterstrike', 'cs', 'cs2', 'brazil']",['MatureGame'],False
155,2025-04-13 16:01,playinghazel,pt,Sea of Thieves,Essa live contém altos níveis de pirataria incompetente | Campanha Plus - Dia 13 -> !plus + !roda | Sociais -> !redes,"['SeaofThieves', 'Português', 'LGBTQIAPIus', 'PvP', 'PvE']",[],False
155,2025-04-13 16:02,aFranzita,pt,Euro Truck Simulator 2,1 ANINHO DE LIVEZITAS ♥ SEMANA ESPECIAL,"['PortuguêsBR', 'Português', 'jogo', 'mulherjogando', 'localseguro', 'aventura', 'noobstreamer', 'survival', 'servidorminecraft']",[],False
155,2025-04-13 16:02,ZAKl1k,pt,Minecraft,🟢 MINECRAFT | ⭐ GANHE ASSISTINDO | 🌟 REESTOQUE DIA 10 ou 16 às 18h | !loja !points !prime !sub,"['Português', 'Minecraft']",[],False
155,2025-04-13 16:02,Paulinhoo46,pt,Fortnite,🔴RERUN🔴LOJINHA COM NOVAS REGRAS ▶️ Skins na loja Acumule pontos e Troque por Skins Grátis 24hrs de Farm ▶️!CSGONET !INSANE,['Português'],"['DrugsIntoxication', 'Gambling', 'ProfanityVulgarity']",False
155,2025-04-13 16:02,loud_coringa,pt,Just Chatting,LIVE 7 DIAS - DIA 7,['Português'],[],False
155,2025-04-13 16:02,LuBuuu,pt,Marvel Rivals,{DROPS} MAIN VANGUARDA MASTERIZANDO EMMA !comando !youtube !tiktok,"['Português', 'Brasil', 'marvelrivals', 'LearningEnglish', 'Competitivo', 'English', 'DropsAtivados']",[],False
155,2025-04-13 16:02,amohrte,pt,Marvel Rivals,NOVATO APRENDENDO NO ÓDIO E NA RAIVA! // RERUN REPRISE,"['Português', 'funny', 'humor', 'amohrte', 'English', 'marvelrivals', 'marvel', 'DropsAtivados']",['ProfanityVulgarity'],False
155,2025-04-13 16:02,OuluH,pt,Marvel Rivals,[DROPS]🛡️MAIN TANK RANKING TRYHARD DANDO COXADA EM TODO MUNDO!!,"['Português', 'fps', 'MMORPG', 'MMO', 'marvelrivals', 'POE2BR', 'PathOfExile', 'POE', 'POE2', 'DropsAtivados']",[],False
156,2025-04-13 16:10,BrunoBalloni,pt,Counter-Strike,🔴RERUN!!!  -> ❗csgocases ❗regraloja❗farm ❗sub ❗msg ❗loja,"['Português', 'fps', 'Brasil', 'counterstrike', 'cs', 'cs2', 'brazil']",['MatureGame'],False
156,2025-04-13 16:10,playinghazel,pt,Sea of Thieves,Essa live contém altos níveis de pirataria incompetente | Campanha Plus - Dia 13 -> !plus + !roda | Sociais -> !redes,"['SeaofThieves', 'Português', 'LGBTQIAPIus', 'PvP', 'PvE']",[],False
156,2025-04-13 16:11,aFranzita,pt,Euro Truck Simulator 2,1 ANINHO DE LIVEZITAS ♥ SEMANA ESPECIAL,"['PortuguêsBR', 'Português', 'jogo', 'mulherjogando', 'localseguro', 'aventura', 'noobstreamer', 'survival', 'servidorminecraft']",[],False
156,2025-04-13 16:11,ZAKl1k,pt,Minecraft,🟢 MINECRAFT | ⭐ GANHE ASSISTINDO | 🌟 REESTOQUE DIA 10 ou 16 às 18h | !loja !points !prime !sub,"['Português', 'Minecraft']",[],False
156,2025-04-13 16:11,paivinha29,pt,EA Sports FC 25,PELE 97 NA WL DO BRASFUT+ SUPER HYPE DAS 14HR  !CURSO  !COINS  !TRUST  !TRADE,['Português'],[],False
156,2025-04-13 16:11,Paulinhoo46,pt,Fortnite,🔴RERUN🔴LOJINHA COM NOVAS REGRAS ▶️ Skins na loja Acumule pontos e Troque por Skins Grátis 24hrs de Farm ▶️!CSGONET !INSANE,['Português'],"['DrugsIntoxication', 'Gambling', 'ProfanityVulgarity']",False
156,2025-04-13 16:11,carlinhawr,pt,VALORANT,RANKEDSSS 🔥(+18),"['valorant', 'Português', 'Mulher']",[],False
156,2025-04-13 16:11,AnaSteinnn,pt,VALORANT,⏳SUBATHON⏳ ta acabando e eu to acabada  !timer  |🌸temos alerta de ❗bits personalizados 🌸,"['competitivo', 'jogos', 'Português', 'conversa', 'VALORANＴ', 'Mulher']",[],False
156,2025-04-13 16:11,LivinhaSayuri,pt,League of Legends,BOOTCAMP NA COREIA!,"['gameplay', 'soloq', 'Português', 'prata', 'bronze', 'Challenger', 'mulher', 'soraka', 'suporte', 'japonesa']",[],False
157,2025-04-13 16:18,BrunoBalloni,pt,Counter-Strike,🔴RERUN!!!  -> ❗csgocases ❗regraloja❗farm ❗sub ❗msg ❗loja,"['Português', 'fps', 'Brasil', 'counterstrike', 'cs', 'cs2', 'brazil']",['MatureGame'],False
157,2025-04-13 16:19,playinghazel,pt,Sea of Thieves,Essa live contém altos níveis de pirataria incompetente | Campanha Plus - Dia 13 -> !plus + !roda | Sociais -> !redes,"['SeaofThieves', 'Português', 'LGBTQIAPIus', 'PvP', 'PvE']",[],False
157,2025-04-13 16:19,aFranzita,pt,Euro Truck Simulator 2,1 ANINHO DE LIVEZITAS ♥ SEMANA ESPECIAL,"['PortuguêsBR', 'Português', 'jogo', 'mulherjogando', 'localseguro', 'aventura', 'noobstreamer', 'survival', 'servidorminecraft']",[],False
157,2025-04-13 16:19,ZAKl1k,pt,Minecraft,🟢 MINECRAFT | ⭐ GANHE ASSISTINDO | 🌟 REESTOQUE DIA 10 ou 16 às 18h | !loja !points !prime !sub,"['Português', 'Minecraft']",[],False
157,2025-04-13 16:19,paivinha29,pt,EA Sports FC 25,PELE 97 NA WL DO BRASFUT+ SUPER HYPE DAS 14HR  !CURSO  !COINS  !TRUST  !TRADE,['Português'],[],False
157,2025-04-13 16:19,Paulinhoo46,pt,Fortnite,🔴RERUN🔴LOJINHA COM NOVAS REGRAS ▶️ Skins na loja Acumule pontos e Troque por Skins Grátis 24hrs de Farm ▶️!CSGONET !INSANE,['Português'],"['DrugsIntoxication', 'Gambling', 'ProfanityVulgarity']",False
157,2025-04-13 16:19,WesleyCaribe,pt,Sea of Thieves,🇧🇷🇵🇹🏴‍☠️Eu falhei: Não joguei Sea of Thieves ontem.,"['Português', 'bemorepirate']",[],False
157,2025-04-13 16:19,Galubel,pt,VALORANT,[+18] Live até sei lá q horas!,"['Português', 'Gacha', 'GachaGaming', 'LGTBQFriendly', 'PngVtuber', 'variados']",['ProfanityVulgarity'],False
157,2025-04-13 16:19,TonhoDLang,pt,Sea of Thieves,Ampulheta no Canadá | Streamer parceiro do @lendasdomar e CSoTBR 🏴‍☠️ !lendas !csotbr !platina,"['Português', 'seaofthieves', 'PvP']",[],False
158,2025-04-13 20:01,iShadowWolf_,pt,Overwatch 2,(+18) Livezinha Muito Doida!   ||   (❗comandos ❗metas ❗drops)   ||   (Epic Code: SHADOWOLF),['Português'],[],False
158,2025-04-13 20:01,eLyzao,pt,VALORANT,Sorteio dual berretinha pra geral !ticket  ❗Nesha ❗iox +18,['Português'],[],False
158,2025-04-13 20:01,MiaSlv,pt,Fortnite,EM BUSCA DO SURREAL NO BATTLE ROYALE !!! VEM JOGAR COMIGO !!! |USE CODE MIASLV NA LOJA!| !pix !jogar !tiktok !mapa,"['Português', 'Fortnite', 'Girl', 'Ranked', 'React', 'fps', 'battleroyale', 'Ruiva']",[],True
158,2025-04-13 20:01,ZAKl1k,pt,Minecraft,🟢 MINECRAFT | ⭐ GANHE ASSISTINDO | 🌟 REESTOQUE DIA 10 ou 16 às 18h | !loja !points !prime !sub,"['Português', 'Minecraft']",[],False
158,2025-04-13 20:01,DanriqueTW,pt,Minecraft,PLANEJAMENTO + BUILD! BORA JOGAR! !host !cobblemon,['Português'],[],False
158,2025-04-13 20:01,EiMine77,pt,Minecraft,✅ RECOMPENSAS ON! | ⭐ SEJA RÁPIDO E GANHE UMA CAPA DE GRAÇA: !CAPA | 💘 INSTAGRAM: @EIMINE77 | !ajuda !rerun !sub !subgratis !loja,"['Minecraft', 'EiMine', 'Português']",[],False
158,2025-04-13 20:02,JuanAuei,pt,EA Sports FC 25,COPA DOS STREAMERS E WL NA CONTA DO CAT DEALERS!!!❗PIX ❗COACH ❗METODO ❗INSTA ❗X1 ❗ANÁLISE,['Português'],[],False
158,2025-04-13 20:02,silvaofc1985,pt,EA Sports FC 25,JOGANDO WL E ABRINDO PACKS  !COPA !COINS !KICK !LOCO !VOZ !LIVEPIX !VITROLA !CONTROLE - PS5,"['humor', 'risada', 'fairplay', 'Português', 'Reposição']",[],False
158,2025-04-13 20:02,goiabagamer_,pt,EA Sports FC 25,FUTEBOL MULEQUE !!!,"['portugues', 'Português', 'EASPORTSFC', 'ULTMATETEAM']",[],False
159,2025-04-13 20:12,JapaDaMydiSkins,pt,Counter-Strike,É grátis os 20 sorteios por live mais de R$22.000 em skins !play para participar,"['Português', 'CounterStriker2', 'risada', 'engraçado', 'skinscsgo', 'skinsgratis', 'sorteiodeskins']",['MatureGame'],False
159,2025-04-13 20:12,iShadowWolf_,pt,Sea of Thieves,(+18) Livezinha Muito Doida!   ||   (❗comandos ❗metas ❗drops)   ||   (Epic Code: SHADOWOLF),['Português'],[],False
159,2025-04-13 20:12,MiaSlv,pt,Fortnite,EM BUSCA DO SURREAL NO BATTLE ROYALE !!! VEM JOGAR COMIGO !!! |USE CODE MIASLV NA LOJA!| !pix !jogar !tiktok !mapa,"['Português', 'Fortnite', 'Girl', 'Ranked', 'React', 'fps', 'battleroyale', 'Ruiva']",[],True
159,2025-04-13 20:12,eLyzao,pt,VALORANT,Sorteio dual berretinha pra geral !ticket  ❗Nesha ❗iox +18,['Português'],[],False
159,2025-04-13 20:13,AkamePNG,pt,Hogwarts Legacy,Webcam nova!! - !elo !loja !pix !sr,"['Português', 'gamegirl']",['ProfanityVulgarity'],False
159,2025-04-13 20:13,DanriqueTW,pt,Minecraft,PLANEJAMENTO + BUILD! BORA JOGAR! !host !cobblemon,['Português'],[],False
159,2025-04-13 20:13,mijaeluwu,es,ROBLOX,colab con migo mismo🗣🔥🔥unetes plis :3💙YouTube !Roblox :3,"['vtuber', 'juegocondinero', 'insano', 'waza', 'calidad', 'AmAPreguntameloquequieras', 'Español', 'mijaeluwu', 'hot']",[],False
159,2025-04-13 20:13,Ronamer,es,Brawl Stars,minijuegos ÉPICOS de brawl stars 🗣️💥,"['Ronamer', 'Español']",[],False
159,2025-04-13 20:13,cami94xd,es,ROBLOX,"Becpayasa en No salgas del circulo con 50 influencers!,sha despues jugamos #peppabanda","['otaku', 'México', 'Español', 'desmadre', 'conversando', 'Vtuber', 'Tamaulipas', 'PNGtuberEN', 'charlando']",[],False
160,2025-04-13 20:21,iShadowWolf_,pt,Sea of Thieves,(+18) Livezinha Muito Doida!   ||   (❗comandos ❗metas ❗drops)   ||   (Epic Code: SHADOWOLF),['Português'],[],False
160,2025-04-13 20:21,JapaDaMydiSkins,pt,Counter-Strike,É grátis os 20 sorteios por live mais de R$22.000 em skins !play para participar,"['Português', 'CounterStriker2', 'risada', 'engraçado', 'skinscsgo', 'skinsgratis', 'sorteiodeskins']",['MatureGame'],False
160,2025-04-13 20:21,HWmalk,pt,Path of Exile 2,Monk Triplo Arauto Flicker ⚡🥶🔥,"['Português', 'AMA', 'Brasil', 'RPG', 'música', 'Conversação', 'RockRoll', 'Ansiedade', 'Interativo', 'DropsAtivados']",['MatureGame'],False
160,2025-04-13 20:21,AkamePNG,pt,Hogwarts Legacy,Webcam nova!! - !elo !loja !pix !sr,"['Português', 'gamegirl']",['ProfanityVulgarity'],False
160,2025-04-13 20:21,eLyzao,pt,VALORANT,Sorteio dual berretinha pra geral !ticket  ❗Nesha ❗iox +18,['Português'],[],False
160,2025-04-13 20:21,DanriqueTW,pt,Minecraft,PLANEJAMENTO + BUILD! BORA JOGAR! !host !cobblemon,['Português'],[],False
160,2025-04-13 20:21,GamerDuBrasil,pt,Counter-Strike,20 SORTEIOS + FARM DO PASSE ❗sorteiovip❗bits❗rifa❗csgobig❗links by Siouf1 🔞,"['CS2', 'counterstrike2', 'fps', 'sorteios', 'Português', 'Brasil', 'counterstrike']",['MatureGame'],False
160,2025-04-13 20:21,evernauta,pt,Counter-Strike,[+18] ÓTIMO DOMINGO A TODOSSSSSS 😌🤍🙌🏻🧑🏼‍🚀| Meta de Bits | !livepix | !rifa,"['PORTUGUES', 'BR', 'CS', 'CS2', 'RESENHA', 'Português', 'csgo']","['MatureGame', 'ViolentGraphic']",True
160,2025-04-13 20:21,VampiraFPS,pt,Counter-Strike,@faceittv com o chat - LIVE de seg  <3   sex 11h !foco !PRESENTE !rifa !sorteio,"['CSGO', 'fps', 'GIRL', 'GAMERGIRL', 'GamersClub', 'GC', 'NovaGG', 'Português', 'faceit', 'Reposição']",['MatureGame'],False
161,2025-04-14 00:01,JapaDaMydiSkins,pt,Counter-Strike,É grátis os 20 sorteios por live mais de R$22.000 em skins !play para participar,"['Português', 'CounterStriker2', 'risada', 'engraçado', 'skinscsgo', 'skinsgratis', 'sorteiodeskins']",['MatureGame'],False
161,2025-04-14 00:02,iShadowWolf_,pt,Sea of Thieves,(+18) Livezinha Muito Doida!   ||   (❗comandos ❗metas ❗drops)   ||   (Epic Code: SHADOWOLF),['Português'],[],False
161,2025-04-14 00:02,HWmalk,pt,Path of Exile 2,Monk Triplo Arauto Flicker ⚡🥶🔥,"['Português', 'AMA', 'Brasil', 'RPG', 'música', 'Conversação', 'RockRoll', 'Ansiedade', 'Interativo', 'DropsAtivados']",['MatureGame'],False
161,2025-04-14 00:02,AkamePNG,pt,League of Legends,Webcam nova!! - !elo !loja !pix !sr,"['Português', 'gamegirl']",['ProfanityVulgarity'],False
161,2025-04-14 00:02,eLyzao,pt,EA Sports FC 25,PAUSA PRA VER O GALO DA MASSA // Sorteio dual berretinha pra geral !ticket  ❗Nesha ❗iox +18,['Português'],[],False
161,2025-04-14 00:02,DanriqueTW,pt,Minecraft,PLANEJAMENTO + BUILD! BORA JOGAR! !host !cobblemon,['Português'],[],False
161,2025-04-14 00:02,Nitrao_,pt,Overwatch 2,MASSACRARAM O garoto 6V6 FILA ETERNA,['Português'],[],False
161,2025-04-14 00:02,Dilascio_,pt,Marvel Rivals,(DROPS ON) SEASON 2 CHEGOU!! EMMA MAIN,"['Português', 'Competitivo', 'Conversa', 'top500', 'overwatch', 'English', 'DropsAtivados']",[],False
161,2025-04-14 00:02,amohrte,pt,Marvel Rivals,NOVATO APRENDENDO NO ÓDIO E NA RAIVA! // Rerun,"['Português', 'funny', 'humor', 'amohrte', 'English', 'marvelrivals', 'marvel', 'DropsAtivados']",['ProfanityVulgarity'],False
162,2025-04-14 00:12,iShadowWolf_,pt,Sea of Thieves,(+18) Livezinha Muito Doida!   ||   (❗comandos ❗metas ❗drops)   ||   (Epic Code: SHADOWOLF),['Português'],[],False
162,2025-04-14 00:12,AkamePNG,pt,League of Legends,Webcam nova!! - !elo !loja !pix !sr,"['Português', 'gamegirl']",['ProfanityVulgarity'],False
162,2025-04-14 00:12,HWmalk,pt,Path of Exile 2,Monk Triplo Arauto Flicker ⚡🥶🔥,"['Português', 'AMA', 'Brasil', 'RPG', 'música', 'Conversação', 'RockRoll', 'Ansiedade', 'Interativo', 'DropsAtivados']",['MatureGame'],False
162,2025-04-14 00:12,JapaDaMydiSkins,pt,Counter-Strike,É grátis os 20 sorteios por live mais de R$22.000 em skins !play para participar,"['Português', 'CounterStriker2', 'risada', 'engraçado', 'skinscsgo', 'skinsgratis', 'sorteiodeskins']",['MatureGame'],False
162,2025-04-14 00:12,eLyzao,pt,EA Sports FC 25,PAUSA PRA VER O GALO DA MASSA // Sorteio dual berretinha pra geral !ticket  ❗Nesha ❗iox +18,['Português'],[],False
162,2025-04-14 00:12,DanriqueTW,pt,Minecraft,PLANEJAMENTO + BUILD! BORA JOGAR! !host !cobblemon,['Português'],[],False
162,2025-04-14 00:12,Vaquinhu,pt,Capybara Go!,FIQUEI VICIADO EM CAPYBARA SOCORRO KKKKKKKKKKKKK,"['Vtuber', 'VtuberBR', 'Vaquinhu', 'karaoke', 'Português']",['ProfanityVulgarity'],False
162,2025-04-14 00:12,LightWuZ,pt,Just Chatting,★ 🔥,"['LightWuz', 'Português', 'Yuumiwuz', 'vTuber']",[],False
162,2025-04-14 00:12,Mayuura,pt,Monster Hunter Wilds,TREINANDO OUTRAS ARMAS【+16🌸BR/LIVE Simultânea】❗pix ❗comandos,"['Português', 'Vtuber', 'Raposa', 'Comfy', 'LGBTQIAFriendlySpace', 'Anime', 'Kitsune']",['ProfanityVulgarity'],False
163,2025-04-14 04:01,BrunoBalloni,pt,Counter-Strike,🔴RERUN!!!  -> ❗csgocases ❗regraloja❗farm ❗sub ❗msg ❗loja,"['Português', 'fps', 'Brasil', 'counterstrike', 'cs', 'cs2', 'brazil']",['MatureGame'],False
163,2025-04-14 04:01,iShadowWolf_,pt,Fortnite,(+18) Livezinha Muito Doida!   ||   (❗comandos ❗metas ❗drops)   ||   (Epic Code: SHADOWOLF),['Português'],[],False
163,2025-04-14 04:01,HWmalk,pt,Path of Exile 2,Monk Triplo Arauto Flicker ⚡🥶🔥,"['Português', 'AMA', 'Brasil', 'RPG', 'música', 'Conversação', 'RockRoll', 'Ansiedade', 'Interativo', 'DropsAtivados']",['MatureGame'],False
163,2025-04-14 04:01,ZAKl1k,pt,Minecraft,🟢 MINECRAFT | ⭐ GANHE ASSISTINDO | 🌟 REESTOQUE DIA 10 ou 16 às 18h | !loja !points !prime !sub,"['Português', 'Minecraft']",[],False
163,2025-04-14 04:01,LipinhOr,pt,REMATCH,"♾️𝐋𝐈𝐕𝐄 𝐈𝐍𝐅𝐈𝐍𝐈𝐓𝐀: R$2,00 = +2 Min | Sub = +3min | 100 Bits = +4 Min (Bônus de tempo: !subathon)","['Português', 'gta', 'roleplay']",[],False
163,2025-04-14 04:01,pirangueirah,pt,Dead by Daylight,[+18] DBD❤️,"['LGBTQIAMais', 'Português', 'kekel', 'Ele', 'Ela', 'deadbbydaylight', 'fortinite', 'DropsAtivados']",['MatureGame'],False
163,2025-04-14 04:01,SWAVYFUT,pt,EA Sports FC 25,🚨PREMIAÇÃO RANK 1 AGORA🚨4x (15-0) GARANTA JÁ SEU !MALDINI + WL EM 12 CONTAS + PREMIAÇOES,['Português'],[],True
163,2025-04-14 04:02,guzzta23,pt,EA Sports FC 25,14 WL'S EM BUSCA DO RANK 1 E MITADA!!!    ESTAMOS CLASSIFICADOS EM 1 NO NOSSO GRUPO DA COPA DOS STREAMERS,['Português'],[],False
163,2025-04-14 04:02,julioox99fc,es,EA Sports FC 25,LETS GOO FC25,"['futbol', 'fc25', 'jugandoconseguidores', 'ultimateteam', 'Español']",[],False
164,2025-04-14 04:12,iShadowWolf_,pt,Fortnite,(+18) Livezinha Muito Doida!   ||   (❗comandos ❗metas ❗drops)   ||   (Epic Code: SHADOWOLF),['Português'],[],False
164,2025-04-14 04:12,BrunoBalloni,pt,Counter-Strike,🔴RERUN!!!  -> ❗csgocases ❗regraloja❗farm ❗sub ❗msg ❗loja,"['Português', 'fps', 'Brasil', 'counterstrike', 'cs', 'cs2', 'brazil']",['MatureGame'],False
164,2025-04-14 04:12,HWmalk,pt,Path of Exile 2,Monk Triplo Arauto Flicker ⚡🥶🔥,"['Português', 'AMA', 'Brasil', 'RPG', 'música', 'Conversação', 'RockRoll', 'Ansiedade', 'Interativo', 'DropsAtivados']",['MatureGame'],False
164,2025-04-14 04:12,ZAKl1k,pt,Minecraft,🟢 MINECRAFT | ⭐ GANHE ASSISTINDO | 🌟 REESTOQUE DIA 10 ou 16 às 18h | !loja !points !prime !sub,"['Português', 'Minecraft']",[],False
164,2025-04-14 04:13,LipinhOr,pt,REMATCH,"♾️𝐋𝐈𝐕𝐄 𝐈𝐍𝐅𝐈𝐍𝐈𝐓𝐀: R$2,00 = +2 Min | Sub = +3min | 100 Bits = +4 Min (Bônus de tempo: !subathon)","['Português', 'gta', 'roleplay']",[],False
164,2025-04-14 04:13,pirangueirah,pt,Dead by Daylight,[+18] DBD❤️,"['LGBTQIAMais', 'Português', 'kekel', 'Ele', 'Ela', 'deadbbydaylight', 'fortinite', 'DropsAtivados']",['MatureGame'],False
164,2025-04-14 04:13,jhowrj1,pt,Virtual Casino,🟢 +18 1k para 3k !onabet !pixgg !insta,['Português'],[],True
164,2025-04-14 04:13,annarainha,en,Counter-Strike,bora madrugar cmg,"['Português', 'English', 'girlgamers', 'SmokyNight', 'CS2', 'deagle', 'funny']",['MatureGame'],False
164,2025-04-14 04:13,ClovaoBengala,pt,League of Legends,PRA FECHAR E JA COMEÇAR A SEMANA !loco !hr !pw !pix !ad !social,"['Português', 'League', 'leagueoflegeneds', 'lol', 'jogos']",[],True
165,2025-04-14 04:21,iShadowWolf_,pt,Fortnite,(+18) Livezinha Muito Doida!   ||   (❗comandos ❗metas ❗drops)   ||   (Epic Code: SHADOWOLF),['Português'],[],False
165,2025-04-14 04:21,BrunoBalloni,pt,Counter-Strike,🔴RERUN!!!  -> ❗csgocases ❗regraloja❗farm ❗sub ❗msg ❗loja,"['Português', 'fps', 'Brasil', 'counterstrike', 'cs', 'cs2', 'brazil']",['MatureGame'],False
165,2025-04-14 04:21,HWmalk,pt,Path of Exile 2,Monk Triplo Arauto Flicker ⚡🥶🔥,"['Português', 'AMA', 'Brasil', 'RPG', 'música', 'Conversação', 'RockRoll', 'Ansiedade', 'Interativo', 'DropsAtivados']",['MatureGame'],False
165,2025-04-14 04:21,ZAKl1k,pt,Minecraft,🟢 MINECRAFT | ⭐ GANHE ASSISTINDO | 🌟 REESTOQUE DIA 10 ou 16 às 18h | !loja !points !prime !sub,"['Português', 'Minecraft']",[],False
165,2025-04-14 04:21,LipinhOr,pt,REMATCH,"♾️𝐋𝐈𝐕𝐄 𝐈𝐍𝐅𝐈𝐍𝐈𝐓𝐀: R$2,00 = +2 Min | Sub = +3min | 100 Bits = +4 Min (Bônus de tempo: !subathon)","['Português', 'gta', 'roleplay']",[],False
165,2025-04-14 04:22,EiMine77,pt,Minecraft,✅ RECOMPENSAS ON! | ⭐ SEJA RÁPIDO E GANHE UMA CAPA DE GRAÇA: !CAPA | 💘 INSTAGRAM: @EIMINE77 | !ajuda !rerun !sub !subgratis !loja,"['Minecraft', 'EiMine', 'Português']",[],False
165,2025-04-14 04:22,oBenee,pt,VALORANT,RANKED 15sec DELAY  -> ❗pix,['Português'],[],False
165,2025-04-14 04:22,Rafinhavg,pt,VALORANT,Imortal rankeds| Pode me ajudar com as metas mensais?? ❗Pix ❗Facecam,"['Português', 'valorant', 'conversa', 'CounterStrike', 'CS', 'SP', 'o', 'Imortalrankeds']",[],False
165,2025-04-14 04:22,Yonerai,pt,Just Chatting,Invocação do mal com o chat,"['Português', 'Mulher']",[],False
166,2025-04-14 08:01,Pedro017Yt,pt,Fortnite,🍉RESGATE VBUCKS ME ASSISTINDO (❗loja) 🍉!PIX🍉,"['Português', 'Fortnite', 'Jogandocomespectadores', 'DropsEnable', 'Drops', 'reload']",[],False
166,2025-04-14 08:01,ZAKl1k,pt,Minecraft,🟢 MINECRAFT | ⭐ GANHE ASSISTINDO | 🌟 REESTOQUE DIA 10 ou 16 às 18h | !loja !points !prime !sub,"['Português', 'Minecraft']",[],False
166,2025-04-14 08:01,BrunoBalloni,pt,Counter-Strike,🔴RERUN!!!  -> ❗csgocases ❗regraloja❗farm ❗sub ❗msg ❗loja,"['Português', 'fps', 'Brasil', 'counterstrike', 'cs', 'cs2', 'brazil']",['MatureGame'],False
166,2025-04-14 08:01,LhamaInPijamas,pt,Marvel Rivals,(S1 GM1) (DROPS ON) MAIN EMMA FROST DESDE A SEASON 0 !pix !elomarvel !discord,"['rpg', 'casual', 'Português', 'marvelrivals', 'rivals', 'marvelrival', 'DropsAtivados']",[],False
166,2025-04-14 08:01,Ivachuk,pt,League of Legends,[Vtuber] Rumo ao top 1!! Se inscreve aí familia! !comandos,"['Português', 'fps', 'Portugues', 'Strinova', 'valorant', 'HuntShowdown', 'Vtuber', 'VtuberBR', 'strinovagameplay', 'Anime']",[],False
166,2025-04-14 08:01,VeNavas,pt,Rocket League,+18🟥RERUN🟥 Rocket League - LOJA ATUALIZADÍSSIMA ➡  AO VIVO FARMA MAIS!!!!⬅ ❗csgocases ❗loja ❗livepix ❗discord ❗donate,"['Português', 'Reposição']",['ProfanityVulgarity'],True
166,2025-04-14 08:01,cisinha,pt,VALORANT,imortal hj ou nada a ver?,['Português'],['ProfanityVulgarity'],False
166,2025-04-14 08:02,chronuus,pt,Dead by Daylight,"vc por aqui?... • +18 •  ❗pix,❗discord, ❗comandos❗add","['Acolhedor', 'Ansiedade', 'Português', 'Depressão', 'risadas', 'Português', 'Idoso', 'DropsAtivados']",['MatureGame'],False
166,2025-04-14 08:02,hiirozinhaa,pt,Monster Hunter Wilds,✨Segundouu ✨ [PT-BR] ❕DISCORD ❕TIKTOK ✨,"['Português', 'RPG', 'monsterhunterwilds']",[],False
167,2025-04-14 08:12,EiMine77,pt,Minecraft,✅ RECOMPENSAS ON! | ⭐ SEJA RÁPIDO E GANHE UMA CAPA DE GRAÇA: !CAPA | 💘 INSTAGRAM: @EIMINE77 | !ajuda !rerun !sub !subgratis !loja,"['Minecraft', 'EiMine', 'Português']",[],False
167,2025-04-14 08:12,BrunoBalloni,pt,Counter-Strike,🔴RERUN!!!  -> ❗csgocases ❗regraloja❗farm ❗sub ❗msg ❗loja,"['Português', 'fps', 'Brasil', 'counterstrike', 'cs', 'cs2', 'brazil']",['MatureGame'],False
167,2025-04-14 08:12,Pedro017Yt,pt,Fortnite,🍉RESGATE VBUCKS ME ASSISTINDO (❗loja) 🍉!PIX🍉,"['Português', 'Fortnite', 'Jogandocomespectadores', 'DropsEnable', 'Drops', 'reload']",[],False
167,2025-04-14 08:12,ZAKl1k,pt,Minecraft,🟢 MINECRAFT | ⭐ GANHE ASSISTINDO | 🌟 REESTOQUE DIA 10 ou 16 às 18h | !loja !points !prime !sub,"['Português', 'Minecraft']",[],False
167,2025-04-14 08:12,LhamaInPijamas,pt,Marvel Rivals,(S1 GM1) (DROPS ON) MAIN EMMA FROST DESDE A SEASON 0 !pix !elomarvel !discord,"['rpg', 'casual', 'Português', 'marvelrivals', 'rivals', 'marvelrival', 'DropsAtivados']",[],False
167,2025-04-14 08:12,Ivachuk,pt,League of Legends,[Vtuber] Rumo ao top 1!! Se inscreve aí familia! !comandos,"['Português', 'fps', 'Portugues', 'Strinova', 'valorant', 'HuntShowdown', 'Vtuber', 'VtuberBR', 'strinovagameplay', 'Anime']",[],False
167,2025-04-14 08:12,Andrinho___,pt,Control,[+18] Jogando pela primeira vez: Control (Xbox Series S) | ❗loja ❗magnific,"['Fortnite', 'Português', 'Brasil', 'fps', 'ZeroBuildFortnite', 'fortnitebrasil', 'conversa', 'cospobre', 'lifeisstrange']","['MatureGame', 'ProfanityVulgarity']",False
167,2025-04-14 08:12,srEly,pt,ROBLOX,Jogando roblox escondido. Boa noite | -> !metas !pix !alertas !yt #ShirtMySurvivor,"['Português', 'idoso', 'livesucata', 'chill', 'asmr', 'vlr', 'dbd']",[],False
167,2025-04-14 08:12,raeVosa,pt,VALORANT,Muita raiva e pouca mira | !discord !raiva !pix !errou para ults,['Português'],[],False
168,2025-04-14 08:21,Pedro017Yt,pt,Fortnite,OIE...🍉RESGATE SKINS ME ASSISTINDO (❗loja) 🍉!PIX🍉,"['Português', 'Fortnite', 'Jogandocomespectadores', 'DropsEnable', 'Drops', 'reload']",[],False
168,2025-04-14 08:21,ZAKl1k,pt,Minecraft,🟢 MINECRAFT | ⭐ GANHE ASSISTINDO | 🌟 REESTOQUE DIA 10 ou 16 às 18h | !loja !points !prime !sub,"['Português', 'Minecraft']",[],False
168,2025-04-14 08:21,BrunoBalloni,pt,Counter-Strike,🔴RERUN!!!  -> ❗csgocases ❗regraloja❗farm ❗sub ❗msg ❗loja,"['Português', 'fps', 'Brasil', 'counterstrike', 'cs', 'cs2', 'brazil']",['MatureGame'],False
168,2025-04-14 08:21,LhamaInPijamas,pt,Marvel Rivals,(S1 GM1) (DROPS ON) MAIN EMMA FROST DESDE A SEASON 0 !pix !elomarvel !discord,"['rpg', 'casual', 'Português', 'marvelrivals', 'rivals', 'marvelrival', 'DropsAtivados']",[],False
168,2025-04-14 08:21,DexterHQ,pt,Minecraft,HARDCORE +8200 DIAS SEM TOTEM !tiktok !insta,"['hardcore', 'hardmode', 'sobrevivencia', 'semtotem', 'construir', 'Farming', 'Português', 'minecraft', 'EventosEspeciales', 'minecraftlive']",[],False
168,2025-04-14 08:21,VeNavas,pt,Rocket League,+18🟥RERUN🟥 Rocket League - LOJA ATUALIZADÍSSIMA ➡  AO VIVO FARMA MAIS!!!!⬅ ❗csgocases ❗loja ❗livepix ❗discord ❗donate,"['Português', 'Reposição']",['ProfanityVulgarity'],True
168,2025-04-14 08:21,celinettpb,pt,Rerun,!subathon (dia 10) - DIA DE ARKANIS! 🎭,['Português'],[],False
168,2025-04-14 08:22,ursinharp,pt,Grand Theft Auto V,#15. Vendas e Farm (Vlone)[+18] [CDAnjos👼],"['Português', 'CDAnjos', 'cdanjosrp', 'CidadedosAnjos', 'RP', 'vlone', 'thesims4', 'eldoradorp', 'Reposição']",['MatureGame'],True
168,2025-04-14 08:22,labrabah,pt,Grand Theft Auto V,(+18) (CDANJOS) CAI DA CAMA HOJE 💜 ISA CALLAS💜,"['gta', 'gtarp', 'cdanjos', 'cidadedosanjos', 'Português']",['MatureGame'],False
169,2025-04-14 08:32,EiMine77,pt,Minecraft,✅ RECOMPENSAS ON! | ⭐ SEJA RÁPIDO E GANHE UMA CAPA DE GRAÇA: !CAPA | 💘 INSTAGRAM: @EIMINE77 | !ajuda !rerun !sub !subgratis !loja,"['Minecraft', 'EiMine', 'Português']",[],False
169,2025-04-14 08:32,BrunoBalloni,pt,Counter-Strike,🔴RERUN!!!  -> ❗csgocases ❗regraloja❗farm ❗sub ❗msg ❗loja,"['Português', 'fps', 'Brasil', 'counterstrike', 'cs', 'cs2', 'brazil']",['MatureGame'],False
169,2025-04-14 08:32,Pedro017Yt,pt,Fortnite,OIE...🍉RESGATE SKINS ME ASSISTINDO (❗loja) 🍉!PIX🍉,"['Português', 'Fortnite', 'Jogandocomespectadores', 'DropsEnable', 'Drops', 'reload']",[],False
169,2025-04-14 08:32,ZAKl1k,pt,Minecraft,🟢 MINECRAFT | ⭐ GANHE ASSISTINDO | 🌟 REESTOQUE DIA 10 ou 16 às 18h | !loja !points !prime !sub,"['Português', 'Minecraft']",[],False
169,2025-04-14 08:33,LhamaInPijamas,pt,Marvel Rivals,(S1 GM1) (DROPS ON) MAIN EMMA FROST DESDE A SEASON 0 !pix !elomarvel !discord,"['rpg', 'casual', 'Português', 'marvelrivals', 'rivals', 'marvelrival', 'DropsAtivados']",[],False
169,2025-04-14 08:33,Ivachuk,pt,League of Legends,[Vtuber] Rumo ao top 1!! Se inscreve aí familia! !comandos,"['Português', 'fps', 'Portugues', 'Strinova', 'valorant', 'HuntShowdown', 'Vtuber', 'VtuberBR', 'strinovagameplay', 'Anime']",[],False
169,2025-04-14 08:33,Ferthel,pt,Minecraft,|| 1.21.4 - HardCore 2.1 || 1449+Dias || Vamos enfrentar o Wither Boss?,"['MinecraftJavaEditon', 'minecrafthardcore', 'pngtuber', 'PNGtuberBR', '1vida', '1lifechallenge', 'hardcoreminecraftgirl', 'hardcorebuilds', 'capaminecraft', 'Português']",[],False
169,2025-04-14 08:33,aatonz,pt,Fortnite,!!HEY PIRATE!! SegundoOou!! E que seja um dia feliz!! Um otimo inicio de semana a todos <3 !! BOM DIA!!,"['casual', 'engraçado', 'pirata', 'English', 'Português', 'Yoda', 'Gaules', 'giveaway', 'alanzoka']",[],False
169,2025-04-14 08:33,NAROY,fr,Minecraft,⭐️ENCLOS DE L'ELDER GUARDIAN ⭐️ HARDCORE JOUR 11 700 IG ou 425 IRL  EN 1.21.4⭐️!MINESTRATOR  !SUB !PROJET !SUBGOAL #AD,"['Français', 'minecraft']",[],False
170,2025-04-14 12:01,EiMine77,pt,Minecraft,✅ RECOMPENSAS ON! | ⭐ SEJA RÁPIDO E GANHE UMA CAPA DE GRAÇA: !CAPA | 💘 INSTAGRAM: @EIMINE77 | !ajuda !rerun !sub !subgratis !loja,"['Minecraft', 'EiMine', 'Português']",[],False
170,2025-04-14 12:01,BrunoBalloni,pt,Counter-Strike,🔴RERUN!!!  -> ❗csgocases ❗regraloja❗farm ❗sub ❗msg ❗loja,"['Português', 'fps', 'Brasil', 'counterstrike', 'cs', 'cs2', 'brazil']",['MatureGame'],False
170,2025-04-14 12:01,HenriqueOph,pt,Minecraft,HARDCORE 1.21.4 +400 DIAS COLETANDO ITENS... EP 23,"['Português', 'minecraft', 'Hardcore', 'HardMode', 'sobrevivencia', '1VIDA', 'hardcoregamer', 'Singlerplayer', 'MINEDROP', 'TIKTOKCAPA']",[],False
170,2025-04-14 12:02,ZAKl1k,pt,Minecraft,🟢 MINECRAFT | ⭐ GANHE ASSISTINDO | 🌟 REESTOQUE DIA 10 ou 16 às 18h | !loja !points !prime !sub,"['Português', 'Minecraft']",[],False
170,2025-04-14 12:02,Pedro017Yt,pt,Fortnite,OIE...🍉RESGATE SKINS ME ASSISTINDO (❗loja) 🍉!PIX🍉,"['Português', 'Fortnite', 'Jogandocomespectadores', 'DropsEnable', 'Drops', 'reload']",[],False
170,2025-04-14 12:02,LhamaInPijamas,pt,Marvel Rivals,(S1 GM1) (DROPS ON) MAIN TANK COLA AQUI !pix !elomarvel !discord,"['rpg', 'casual', 'Português', 'marvelrivals', 'rivals', 'marvelrival', 'DropsAtivados']",[],False
170,2025-04-14 12:02,oBruxoFut,pt,EA Sports FC 25,✨ (VOLTAMOS) WL COM NOSSO IMORTAL ÍDOLO + TESTANDO CARTAS DO EVENTO ❗️tatica ❗️st ❗️lurdinha ❗️copa,"['Português', 'muitoelegante', 'charmoso', 'bonito', 'inteligente', 'carismático', 'educado', 'proplayer', 'futebol', 'fitness']",[],False
170,2025-04-14 12:02,miguelitodoarrocha,pt,EA Sports FC 25,💥SEGUNDA DE WL !! - Bem Vindos a Live Do Miguelito,"['Português', 'Portugal', 'Competitivo', 'resenha', 'Resenhando', 'ultimateteam', 'fifa', 'EAFC', 'eafc25', 'eafcsports']",[],False
170,2025-04-14 12:02,Paraibinhafps,pt,Call of Duty: Warzone,DEUS  ABENÇOA MAIS UMA SEMNA EM NBOSSAS VIDAS...,"['Português', 'CalloffDuty', 'COD', 'Caldera', 'Fifa', 'Futebol', 'warzone', 'DropsAtivados']","['MatureGame', 'ProfanityVulgarity', 'ViolentGraphic']",False
171,2025-04-14 12:13,EiMine77,pt,Minecraft,✅ RECOMPENSAS ON! | ⭐ SEJA RÁPIDO E GANHE UMA CAPA DE GRAÇA: !CAPA | 💘 INSTAGRAM: @EIMINE77 | !ajuda !rerun !sub !subgratis !loja,"['Minecraft', 'EiMine', 'Português']",[],False
171,2025-04-14 12:13,BrunoBalloni,pt,Counter-Strike,🔴RERUN!!!  -> ❗csgocases ❗regraloja❗farm ❗sub ❗msg ❗loja,"['Português', 'fps', 'Brasil', 'counterstrike', 'cs', 'cs2', 'brazil']",['MatureGame'],False
171,2025-04-14 12:13,HenriqueOph,pt,Minecraft,HARDCORE 1.21.4 +400 DIAS COLETANDO ITENS... EP 23,"['Português', 'minecraft', 'Hardcore', 'HardMode', 'sobrevivencia', '1VIDA', 'hardcoregamer', 'Singlerplayer', 'MINEDROP', 'TIKTOKCAPA']",[],False
171,2025-04-14 12:13,ZAKl1k,pt,Minecraft,🟢 MINECRAFT | ⭐ GANHE ASSISTINDO | 🌟 REESTOQUE DIA 10 ou 16 às 18h | !loja !points !prime !sub,"['Português', 'Minecraft']",[],False
171,2025-04-14 12:13,Pedro017Yt,pt,Fortnite,OIE...🍉RESGATE SKINS ME ASSISTINDO (❗loja) 🍉!PIX🍉,"['Português', 'Fortnite', 'Jogandocomespectadores', 'DropsEnable', 'Drops', 'reload']",[],False
171,2025-04-14 12:13,LipinhOr,pt,Just Chatting,"♾️𝐋𝐈𝐕𝐄 𝐈𝐍𝐅𝐈𝐍𝐈𝐓𝐀: R$2,00 = +2 Min | Sub = +3min | 100 Bits = +4 Min (Bônus de tempo: !subathon)","['Português', 'gta', 'roleplay']",[],False
171,2025-04-14 12:13,LuBuuu,pt,Marvel Rivals,{DROPS} CAPITÃO BRASIL RANKED TRYHARD !comando !youtube !tiktok,"['Português', 'Brasil', 'marvelrivals', 'LearningEnglish', 'Competitivo', 'English', 'DropsAtivados']",[],False
171,2025-04-14 12:13,Bluezinho2,pt,Dead by Daylight,[+18] 💙BLOOD MOON NO DBD - VAMOS TESTAR A BRISANET 🌑 💙,"['LGBTQIAPlus', 'Português', 'ＤBD', 'GamesAndChatting', 'Jogandocomespectadores', 'fallguys', 'Gostoso', 'Veganismos', 'Overｗatch2', 'deadbbydaylight']","['MatureGame', 'ProfanityVulgarity']",False
171,2025-04-14 12:13,Momolezinha,pt,Marvel Rivals,DROPS ON! MELHOR TOCHA HUMANA BR!🔥SIGAM SOCIAIS -> @Momolezinha |❗pix com VOZES❗analise ❗youtube,"['Português', 'Heroshooter', 'marvelrivals', 'DropsAtivados']",[],False
172,2025-04-14 12:23,EiMine77,pt,Minecraft,✅ RECOMPENSAS ON! | ⭐ SEJA RÁPIDO E GANHE UMA CAPA DE GRAÇA: !CAPA | 💘 INSTAGRAM: @EIMINE77 | !ajuda !rerun !sub !subgratis !loja,"['Minecraft', 'EiMine', 'Português']",[],False
172,2025-04-14 12:23,BrunoBalloni,pt,Counter-Strike,🔴RERUN!!!  -> ❗csgocases ❗regraloja❗farm ❗sub ❗msg ❗loja,"['Português', 'fps', 'Brasil', 'counterstrike', 'cs', 'cs2', 'brazil']",['MatureGame'],False
172,2025-04-14 12:23,HenriqueOph,pt,Minecraft,HARDCORE 1.21.4 +400 DIAS COLETANDO ITENS... EP 23,"['Português', 'minecraft', 'Hardcore', 'HardMode', 'sobrevivencia', '1VIDA', 'hardcoregamer', 'Singlerplayer', 'MINEDROP', 'TIKTOKCAPA']",[],False
172,2025-04-14 12:23,ZAKl1k,pt,Minecraft,🟢 MINECRAFT | ⭐ GANHE ASSISTINDO | 🌟 REESTOQUE DIA 10 ou 16 às 18h | !loja !points !prime !sub,"['Português', 'Minecraft']",[],False
172,2025-04-14 12:23,Pedro017Yt,pt,Fortnite,OIE...🍉RESGATE SKINS ME ASSISTINDO (❗loja) 🍉!PIX🍉,"['Português', 'Fortnite', 'Jogandocomespectadores', 'DropsEnable', 'Drops', 'reload']",[],False
172,2025-04-14 12:23,LipinhOr,pt,Just Chatting,"♾️𝐋𝐈𝐕𝐄 𝐈𝐍𝐅𝐈𝐍𝐈𝐓𝐀: R$2,00 = +2 Min | Sub = +3min | 100 Bits = +4 Min (Bônus de tempo: !subathon)","['Português', 'gta', 'roleplay']",[],False
172,2025-04-14 12:23,celinettpb,pt,Rerun,!subathon (dia 10) - DIA DE ARKANIS! 🎭,['Português'],[],False
172,2025-04-14 12:24,ursinharp,pt,Grand Theft Auto V,#15. Vendas e Farm (Vlone)[+18] [CDAnjos👼],"['Português', 'CDAnjos', 'cdanjosrp', 'CidadedosAnjos', 'RP', 'vlone', 'thesims4', 'eldoradorp', 'Reposição']",['MatureGame'],True
172,2025-04-14 12:24,rasaell,pt,Grand Theft Auto V,(+18) Agora sim! -  💜💜 Aura 💜💜 !pix !jequiti,['Português'],['MatureGame'],False
173,2025-04-14 16:01,EiMine77,pt,Minecraft,✅ RECOMPENSAS ON! | ⭐ SEJA RÁPIDO E GANHE UMA CAPA DE GRAÇA: !CAPA | 💘 INSTAGRAM: @EIMINE77 | !ajuda !rerun !sub !subgratis !loja,"['Minecraft', 'EiMine', 'Português']",[],False
173,2025-04-14 16:01,exexeboy,pt,Overwatch 2,OBT Ragnarok Online LATAM - Streamer Oficial 【dia 1】| tmj Gravity 👍,"['Portuguese', 'Português', 'RagnarokOnline', 'ragnaroklatinamerica', 'MMORPG', 'Ragnarok2025', 'gravity', 'ragnarokonlinelatam', 'DropsAtivados']",[],False
173,2025-04-14 16:01,aFranzita,pt,Hogwarts Legacy,SEMANA ESPECIAL ♥ 1 ANINHO DE LIVEZITAS | Wingardium Leviosa,"['PortuguêsBR', 'Português', 'jogo', 'mulherjogando', 'localseguro', 'aventura', 'noobstreamer', 'survival', 'servidorminecraft']",[],False
173,2025-04-14 16:01,BrunoBalloni,pt,Counter-Strike,🔴RERUN!!!  -> ❗csgocases ❗regraloja❗farm ❗sub ❗msg ❗loja,"['Português', 'fps', 'Brasil', 'counterstrike', 'cs', 'cs2', 'brazil']",['MatureGame'],False
173,2025-04-14 16:01,ZAKl1k,pt,Minecraft,🟢 MINECRAFT | ⭐ GANHE ASSISTINDO | 🌟 REESTOQUE DIA 10 ou 16 às 18h | !loja !points !prime !sub,"['Português', 'Minecraft']",[],False
173,2025-04-14 16:01,Pedro017Yt,pt,Fortnite,OIE...🍉RESGATE SKINS ME ASSISTINDO (❗loja) 🍉!PIX🍉,"['Português', 'Fortnite', 'Jogandocomespectadores', 'DropsEnable', 'Drops', 'reload']",[],False
173,2025-04-14 16:01,Pipozilla,pt,EA Sports FC 25,ESPERANDO O TOTS CHEGAR!  !HYPE,['Português'],[],False
173,2025-04-14 16:02,vilela022,pt,EA Sports FC 25,"!wlcliente - WL EM CONTA DE CLIENTE, HYPE DAS 14HS, COPA DO MALDINI E COPA DOS STREAMERS 18HS! - !grupo","['Português', 'Futebol', 'EAFC']",[],False
173,2025-04-14 16:02,IsraelPirata,pt,EA Sports FC 25,CLUBS COM O CHATZUDO !PIX !CLUBE,"['callofduty', 'warzone', 'fps', 'JogadaCasual', 'subathon', 'Português', 'English', 'RPG', 'Fortnite', 'FinalFantasy']",[],False
174,2025-04-14 16:10,EiMine77,pt,Minecraft,✅ RECOMPENSAS ON! | ⭐ SEJA RÁPIDO E GANHE UMA CAPA DE GRAÇA: !CAPA | 💘 INSTAGRAM: @EIMINE77 | !ajuda !rerun !sub !subgratis !loja,"['Minecraft', 'EiMine', 'Português']",[],False
174,2025-04-14 16:10,exexeboy,pt,Overwatch 2,OBT Ragnarok Online LATAM - Streamer Oficial 【dia 1】| tmj Gravity 👍,"['Portuguese', 'Português', 'RagnarokOnline', 'ragnaroklatinamerica', 'MMORPG', 'Ragnarok2025', 'gravity', 'ragnarokonlinelatam', 'DropsAtivados']",[],False
174,2025-04-14 16:10,aFranzita,pt,Hogwarts Legacy,SEMANA ESPECIAL ♥ 1 ANINHO DE LIVEZITAS | Wingardium Leviosa,"['PortuguêsBR', 'Português', 'jogo', 'mulherjogando', 'localseguro', 'aventura', 'noobstreamer', 'survival', 'servidorminecraft']",[],False
174,2025-04-14 16:10,BrunoBalloni,pt,Counter-Strike,🔴RERUN!!!  -> ❗csgocases ❗regraloja❗farm ❗sub ❗msg ❗loja,"['Português', 'fps', 'Brasil', 'counterstrike', 'cs', 'cs2', 'brazil']",['MatureGame'],False
174,2025-04-14 16:10,ZAKl1k,pt,Minecraft,🟢 MINECRAFT | ⭐ GANHE ASSISTINDO | 🌟 REESTOQUE DIA 10 ou 16 às 18h | !loja !points !prime !sub,"['Português', 'Minecraft']",[],False
174,2025-04-14 16:10,Pedro017Yt,pt,Fortnite,OIE...🍉RESGATE SKINS ME ASSISTINDO (❗loja) 🍉!PIX🍉,"['Português', 'Fortnite', 'Jogandocomespectadores', 'DropsEnable', 'Drops', 'reload']",[],False
174,2025-04-14 16:10,dineylocutormg,pt,Red Dead Redemption 2,[+18] [VALIRIA RP]  BORA CRIAR UNS GADIM!!!   ❗PIX  ❗YT  ❗INSTA ❗TK,"['Português', 'Brasil', 'live', 'PaulinhoLOKObr', 'RedDeadRedempition2', 'codando', 'roblox', 'laud']",['MatureGame'],False
174,2025-04-14 16:10,fulanobh,pt,Red Dead Redemption 2,[+18] [ATLANTA RP] UM ROCEIRO FAVELADO - FAZENDA DOS CIANOS  !!! O MAIOR BANDO DO ATLANTA !!!!,"['Reposição', 'Português']","['DebatedSocialIssuesAndPolitics', 'DrugsIntoxication', 'MatureGame']",True
174,2025-04-14 16:11,princesa_rp,pt,Grand Theft Auto V,[ATLANTIS RP] NOVO COMEÇO🎀 !PIXGG,['Português'],['MatureGame'],True
175,2025-04-14 16:21,exexeboy,pt,Overwatch 2,OBT Ragnarok Online LATAM - Streamer Oficial 【dia 1】| tmj Gravity 👍,"['Portuguese', 'Português', 'RagnarokOnline', 'ragnaroklatinamerica', 'MMORPG', 'Ragnarok2025', 'gravity', 'ragnarokonlinelatam', 'DropsAtivados']",[],False
175,2025-04-14 16:21,ZAKl1k,pt,Minecraft,🟢 MINECRAFT | ⭐ GANHE ASSISTINDO | 🌟 REESTOQUE DIA 10 ou 16 às 18h | !loja !points !prime !sub,"['Português', 'Minecraft']",[],False
175,2025-04-14 16:21,aFranzita,pt,Hogwarts Legacy,SEMANA ESPECIAL ♥ 1 ANINHO DE LIVEZITAS | Wingardium Leviosa,"['PortuguêsBR', 'Português', 'jogo', 'mulherjogando', 'localseguro', 'aventura', 'noobstreamer', 'survival', 'servidorminecraft']",[],False
175,2025-04-14 16:21,EiMine77,pt,Minecraft,✅ RECOMPENSAS ON! | ⭐ SEJA RÁPIDO E GANHE UMA CAPA DE GRAÇA: !CAPA | 💘 INSTAGRAM: @EIMINE77 | !ajuda !rerun !sub !subgratis !loja,"['Minecraft', 'EiMine', 'Português']",[],False
175,2025-04-14 16:21,BrunoBalloni,pt,Counter-Strike,🔴RERUN!!!  -> ❗csgocases ❗regraloja❗farm ❗sub ❗msg ❗loja,"['Português', 'fps', 'Brasil', 'counterstrike', 'cs', 'cs2', 'brazil']",['MatureGame'],False
175,2025-04-14 16:21,LipinhOr,pt,Just Chatting,"♾️𝐋𝐈𝐕𝐄 𝐈𝐍𝐅𝐈𝐍𝐈𝐓𝐀: R$2,00 = +2 Min | Sub = +3min | 100 Bits = +4 Min (Bônus de tempo: !subathon)","['Português', 'gta', 'roleplay']",[],False
175,2025-04-14 16:21,MatGomesz,pt,Sea of Thieves,Só abalo |❗olivia | Epic CODE: MatGomesz #ad |❗noping ❗lendasdomar (easter egg),"['PvP', 'PvE', 'Aventura', 'Survival', 'Português', 'Coop', 'Xbox', 'PS5', 'Trocação', 'Heroshooter']",[],False
175,2025-04-14 16:21,MegeraBruna,pt,VALORANT,AQUI É MENGÃO!!!! [+18] / !discord / !elo / !regras / !pix / !instagram/ !nick/ !Sorteio/ !clip/ !Sr /  !subathon,"['Português', 'valorant', 'gamergirl', 'fps', 'gamer']",[],False
175,2025-04-14 16:21,WesleyCaribe,pt,Sea of Thieves,"🇧🇷🇵🇹🏴‍☠️Calma... Quando você menos esperar, ele vai aparecer. #ShroudedGhost","['Português', 'bemorepirate']",[],False
176,2025-04-14 16:31,BrunoBalloni,pt,Counter-Strike,🔴RERUN!!!  -> ❗csgocases ❗regraloja❗farm ❗sub ❗msg ❗loja,"['Português', 'fps', 'Brasil', 'counterstrike', 'cs', 'cs2', 'brazil']",['MatureGame'],False
176,2025-04-14 16:31,letiltz,pt,Fortnite,OS TENIS DA VANS CHEGARAM NO FORTNITE | USE O CÓDIGO LETILTZ NA LOJA,"['Português', 'Fortnite', 'letiltz', 'FamilyFrendly', 'SafeSpace', 'Jogandocomespectadores']",[],False
176,2025-04-14 16:31,aFranzita,pt,Hogwarts Legacy,SEMANA ESPECIAL ♥ 1 ANINHO DE LIVEZITAS | Wingardium Leviosa,"['PortuguêsBR', 'Português', 'jogo', 'mulherjogando', 'localseguro', 'aventura', 'noobstreamer', 'survival', 'servidorminecraft']",[],False
176,2025-04-14 16:31,0Deti,pt,Assassin's Creed Odyssey,E A SEGUNDA TEMPORADA DE THE LAST OF US? !pix !youtube !meta,"['Português', '0deti', 'deti0', 'naruto', 'games', 'interação', 'detingsimulator', 'deti']",['MatureGame'],False
176,2025-04-14 16:31,GabiPedrada,pt,"Good Pizza, Great Pizza",DIA #2 DO PEDRATHON ON ✨💋 ❗PEDRATHON,"['Português', 'valorant', 'leagueoflegeneds', 'ferro', 'Mulher', 'sage', 'gekko', 'baiana', 'Vtuber']",['ProfanityVulgarity'],False
176,2025-04-14 16:31,Flapjacklol1,pt,League of Legends,lolzinho do estudo 📚 !pix !regras !pobres,"['Drmundo', 'Flapjack', 'Sion', 'lol', 'leagueoflegends', 'Português']",['ProfanityVulgarity'],False
176,2025-04-14 16:31,MathAlvesB,pt,VALORANT,SONHADO DIMA VEM?  !Olho  -  !COMANDOS !PIX,"['valorant', 'platina', 'duo', 'pix', 'radiante', 'imortal', 'fps', 'Português']",[],True
176,2025-04-14 16:31,tigssg,pt,VALORANT,LIVE ATRASADA DE VOLTA AS AULAS PODE?,"['valorant', 'conversa', 'Português']",[],False
176,2025-04-14 16:32,meteoritofatal,pt,Overcooked!,"Iniciando nas lives, me segue?",['Português'],[],False
0,2025-04-14 18:49,exexeboy,pt,Overwatch 2,OBT Ragnarok Online LATAM - Streamer Oficial 【dia 1】| tmj Gravity 👍,"['Portuguese', 'Português', 'RagnarokOnline', 'ragnaroklatinamerica', 'MMORPG', 'Ragnarok2025', 'gravity', 'ragnarokonlinelatam', 'DropsAtivados']",[],False
0,2025-04-14 18:49,ZAKl1k,pt,Minecraft,🟢 MINECRAFT | ⭐ GANHE ASSISTINDO | 🌟 REESTOQUE DIA 10 ou 16 às 18h | !loja !points !prime !sub,"['Português', 'Minecraft']",[],False
0,2025-04-14 18:49,renatisses,pt,The Sims 4,#05 Legado da Olivia Tatuadora !SORTEIO,"['Brasil', 'Português', 'sorteio', 'thesims']",[],False
0,2025-04-14 18:49,Gaules,pt,Kings League,G3X vs DESIMPEDIDOS Rodada 4 KingsLeague Brasil -  #SejaSuper - !socio !sorteio - Siga @Gaules nas redes sociais!,['Português'],[],True
0,2025-04-14 18:49,bocaorj,pt,Grand Theft Auto V,"[+18 ] ABCD RP: VAMOS INICIAR NOSSA HISTORA,  UM NOVO RECOMEÇO MISSÃO DADA E MISSÃO CUMPRIDA CAVEIRAAAAAA!!!!","['Português', 'fps', 'PMSP', 'ROTA', 'choque']",['MatureGame'],False
0,2025-04-14 18:49,jrodorfo,pt,Marvel Rivals,(drops) SUBATHOM DE SEASON NOVA ROLANDO!! BORA QUE TEM MUITA COISA DIVERTIDA NOVA PRA FAZER!!,"['Português', 'DropsAtivados']",[],False
0,2025-04-14 18:49,isafaracco,pt,Fortnite,PLAY COM O CHAT!!! !jogar !fila - USE CODE ISAFARACCO,"['fortnite', 'battleroyale', 'Português', 'forninte', 'criativo']",[],False
0,2025-04-14 18:49,arizinhatv,pt,Just Chatting,SEGUNDOU NAQUELE PIQUE !epic !pix,"['mulher', 'Resenha', 'conversa', 'Português', 'ZeroBuildFortnite', 'ZeroBuild']",[],True
0,2025-04-14 18:50,simoesgm,pt,Fortnite,BAZUCA EXOTICO NA LOJA / VENHA RESGATAR SEUS VBUCKS !LOJA !FARM,['Português'],[],False
1,2025-04-14 19:05,eLyzao,pt,EA Sports FC 25,Oiiii ❗Nesha ❗iox +18,['Português'],[],False
1,2025-04-14 19:05,exexeboy,pt,Overwatch 2,OBT Ragnarok Online LATAM - Streamer Oficial 【dia 1】| tmj Gravity 👍,"['Portuguese', 'Português', 'RagnarokOnline', 'ragnaroklatinamerica', 'MMORPG', 'Ragnarok2025', 'gravity', 'ragnarokonlinelatam', 'DropsAtivados']",[],False
1,2025-04-14 19:05,renatisses,pt,The Sims 4,#05 Legado da Olivia Tatuadora !SORTEIO,"['Brasil', 'Português', 'sorteio', 'thesims']",[],False
1,2025-04-14 19:05,ZAKl1k,pt,Minecraft,🟢 MINECRAFT | ⭐ GANHE ASSISTINDO | 🌟 REESTOQUE DIA 10 ou 16 às 18h | !loja !points !prime !sub,"['Português', 'Minecraft']",[],False
1,2025-04-14 19:05,Gaules,pt,Kings League,G3X vs DESIMPEDIDOS Rodada 4 KingsLeague Brasil -  #SejaSuper - !socio !sorteio - Siga @Gaules nas redes sociais!,['Português'],[],True
1,2025-04-14 19:05,bocaorj,pt,Grand Theft Auto V,"[+18 ] ABCD RP: VAMOS INICIAR NOSSA HISTORA,  UM NOVO RECOMEÇO MISSÃO DADA E MISSÃO CUMPRIDA CAVEIRAAAAAA!!!!","['Português', 'fps', 'PMSP', 'ROTA', 'choque']",['MatureGame'],False
1,2025-04-14 19:05,ManukiTanuki,pt,OMORI,[+18] Finalmente o comeback veio? O fim do hiato é real?! || !amazon !clip !livepix,['Português'],['MatureGame'],False
1,2025-04-14 19:05,Seven_ack,pt,Just Chatting,sally face cap 4 -ONDE O FILHO CHORA E A MÃE N VÊ - (discord !regras !insta !pix !sr + nome da musica),"['Português', 'reactions', 'amas', 'Reposição', 'Variedade', 'jogo', 'gamplay', 'sallyface']",[],False
1,2025-04-14 19:05,Regi_Diniz,pt,Minecraft,🔴 - MINECRAFT - ⛏️ | SURVIVAL TEMP. 17 - LIVE 31 | SERVER do @F9Rezende | !comandos | @OTB | !pix || 🔞 || SIGA O CANAL ❤️ SEJA UM SUB,"['Português', 'Multijogador', 'survival', 'sandbox', 'server', 'virtucraft', 'f9rezende']",[],False
2,2025-04-14 19:21,eLyzao,pt,EA Sports FC 25,Oiiii ❗Nesha ❗iox +18,['Português'],[],False
2,2025-04-14 19:21,exexeboy,pt,Overwatch 2,OBT Ragnarok Online LATAM - Streamer Oficial 【dia 1】| tmj Gravity 👍,"['Portuguese', 'Português', 'RagnarokOnline', 'ragnaroklatinamerica', 'MMORPG', 'Ragnarok2025', 'gravity', 'ragnarokonlinelatam', 'DropsAtivados']",[],False
2,2025-04-14 19:21,renatisses,pt,The Sims 4,#05 Legado da Olivia Tatuadora !SORTEIO,"['Brasil', 'Português', 'sorteio', 'thesims']",[],False
2,2025-04-14 19:21,ZAKl1k,pt,Minecraft,🟢 MINECRAFT | ⭐ GANHE ASSISTINDO | 🌟 REESTOQUE DIA 10 ou 16 às 18h | !loja !points !prime !sub,"['Português', 'Minecraft']",[],False
2,2025-04-14 19:21,Gaules,pt,Kings League,G3X vs DESIMPEDIDOS Rodada 4 KingsLeague Brasil -  #SejaSuper - !socio !sorteio - Siga @Gaules nas redes sociais!,['Português'],[],True
2,2025-04-14 19:21,bocaorj,pt,Grand Theft Auto V,"[+18 ] ABCD RP: VAMOS INICIAR NOSSA HISTORA,  UM NOVO RECOMEÇO MISSÃO DADA E MISSÃO CUMPRIDA CAVEIRAAAAAA!!!!","['Português', 'fps', 'PMSP', 'ROTA', 'choque']",['MatureGame'],False
2,2025-04-14 19:21,guma011,pt,League of Legends,Challenger Hecarim 2000pdl,"['jg', 'Challenger', 'refem', 'ff', 'Português', 'hecarim', 'tubaraoteamo']",[],False
2,2025-04-14 19:22,crushlol11,pt,League of Legends,1000000000001,"['Português', 'APELAO', 'DE', 'SANTANA']",[],False
2,2025-04-14 19:22,nako,pt,League of Legends,SEASON 15 - OTP MASTER YI - ESMERALDA >> MASTER/GM - FOCADO TRYHARD | !desafio !youtube,"['Português', 'English', 'M', 'A', 'S', 'T', 'E', 'R', 'Y', 'I']",[],False
3,2025-04-14 19:34,eLyzao,pt,EA Sports FC 25,Oiiii ❗Nesha ❗iox +18,['Português'],[],False
3,2025-04-14 19:34,exexeboy,pt,Overwatch 2,OBT Ragnarok Online LATAM - Streamer Oficial 【dia 1】| tmj Gravity 👍,"['Portuguese', 'Português', 'RagnarokOnline', 'ragnaroklatinamerica', 'MMORPG', 'Ragnarok2025', 'gravity', 'ragnarokonlinelatam', 'DropsAtivados']",[],False
3,2025-04-14 19:34,renatisses,pt,The Sims 4,#05 Legado da Olivia Tatuadora !SORTEIO,"['Brasil', 'Português', 'sorteio', 'thesims']",[],False
3,2025-04-14 19:35,ZAKl1k,pt,Minecraft,🟢 MINECRAFT | ⭐ GANHE ASSISTINDO | 🌟 REESTOQUE DIA 10 ou 16 às 18h | !loja !points !prime !sub,"['Português', 'Minecraft']",[],False
3,2025-04-14 19:35,Gaules,pt,Kings League,G3X vs DESIMPEDIDOS Rodada 4 KingsLeague Brasil -  #SejaSuper - !socio !sorteio - Siga @Gaules nas redes sociais!,['Português'],[],True
3,2025-04-14 19:35,bocaorj,pt,Grand Theft Auto V,"[+18 ] ABCD RP: VAMOS INICIAR NOSSA HISTORA,  UM NOVO RECOMEÇO MISSÃO DADA E MISSÃO CUMPRIDA CAVEIRAAAAAA!!!!","['Português', 'fps', 'PMSP', 'ROTA', 'choque']",['MatureGame'],False
3,2025-04-14 19:35,barr4k,pt,Counter-Strike,"🟢 SALVE AMIGOS INTERNAUTAS | NOVO MEGA SORTEIO !MENSAL DO !CSGOBIG -> !PLAY = R$250,00 SORTEIOS TODA PARTIDA -> !ASTRO COMPRE E VENDA SKINS","['Português', 'Compre', 'Na', 'Astro', 'Skins']",['MatureGame'],True
3,2025-04-14 19:35,vnnnzz,pt,Counter-Strike,🟢SEGUNDINHA DAQUELE MODELO🔥LOJINHA ON! SUBS 5X 🔥,"['csgo', 'faceit', 'brasil', 'counterstrike', 'gamersclub', 'portugues', 'tribo', 'Português', 'CS2']",['MatureGame'],False
3,2025-04-14 19:35,lucaspierry1,pt,Counter-Strike,RERUN ON // RESGATE SUA SKIN GRATIS EM !LOJA // Siga @lucaspierry1 no Instagram // !sub !hellcase !loja,"['Português', 'Reposição']","['MatureGame', 'ProfanityVulgarity']",False
4,2025-04-14 20:01,eLyzao,pt,EA Sports FC 25,Oiiii ❗Nesha ❗iox +18,['Português'],[],False
4,2025-04-14 20:01,ZAKl1k,pt,Minecraft,🟢 MINECRAFT | ⭐ GANHE ASSISTINDO | 🌟 REESTOQUE DIA 10 ou 16 às 18h | !loja !points !prime !sub,"['Português', 'Minecraft']",[],False
4,2025-04-14 20:01,renatisses,pt,The Sims 4,#05 Legado da Olivia Tatuadora !SORTEIO,"['Brasil', 'Português', 'sorteio', 'thesims']",[],False
4,2025-04-14 20:01,LipinhOr,pt,Just Chatting,"♾️𝐋𝐈𝐕𝐄 𝐈𝐍𝐅𝐈𝐍𝐈𝐓𝐀: R$2,00 = +2 Min | Sub = +3min | 100 Bits = +4 Min (Bônus de tempo: !subathon)","['Português', 'gta', 'roleplay']",[],False
4,2025-04-14 20:01,exexeboy,pt,Ragnarok Online,OBT Ragnarok Online LATAM - Streamer Oficial 【dia 1】| tmj Gravity 👍,"['Portuguese', 'Português', 'RagnarokOnline', 'ragnaroklatinamerica', 'MMORPG', 'Ragnarok2025', 'gravity', 'ragnarokonlinelatam']",[],False
4,2025-04-14 20:01,Gaules,pt,Kings League,G3X vs DESIMPEDIDOS Rodada 4 KingsLeague Brasil -  #SejaSuper - !socio !sorteio - Siga @Gaules nas redes sociais!,['Português'],[],True
4,2025-04-14 20:01,OnMadeirinho,pt,Minecraft,Minecraft Bedrock Hardcore 143 Dias 1.21.73 - Precisa de um super host de Minecraft? Digite !enxada,"['Português', 'EspaçoSeguro', 'Aventura', 'Brasil', 'Gamer', 'Minecraft', 'HardcoreBedrock']",[],False
4,2025-04-14 20:01,frankfurt04,pt,Dead by Daylight,FRANK EM LIVE NO DBD? //  !discord !commands,"['Brasil', 'Português', 'FLU', 'InfelizmenteSouStreamer', 'Momentaneamente', 'DropsAtivados']",['MatureGame'],False
4,2025-04-14 20:01,MestreArty,pt,Honor of Kings,LA VEM O HOMEM MAMACO CORRENDO ATRÁS DE MIM! !exitlag,"['espaçoseguro', 'brasil', 'Português', 'Calvo', 'cremedental', 'exitlag']",[],True
5,2025-04-14 20:16,eLyzao,pt,EA Sports FC 25,Oiiii ❗Nesha ❗iox +18,['Português'],[],False
5,2025-04-14 20:16,ZAKl1k,pt,Minecraft,🟢 MINECRAFT | ⭐ GANHE ASSISTINDO | 🌟 REESTOQUE DIA 10 ou 16 às 18h | !loja !points !prime !sub,"['Português', 'Minecraft']",[],False
5,2025-04-14 20:16,renatisses,pt,The Sims 4,#05 Legado da Olivia Tatuadora !SORTEIO,"['Brasil', 'Português', 'sorteio', 'thesims']",[],False
5,2025-04-14 20:16,exexeboy,pt,Ragnarok Online,OBT Ragnarok Online LATAM - Streamer Oficial 【dia 1】| tmj Gravity 👍,"['Portuguese', 'Português', 'RagnarokOnline', 'ragnaroklatinamerica', 'MMORPG', 'Ragnarok2025', 'gravity', 'ragnarokonlinelatam']",[],False
5,2025-04-14 20:16,Gaules,pt,Kings League,G3X vs DESIMPEDIDOS Rodada 4 KingsLeague Brasil -  #SejaSuper - !socio !sorteio - Siga @Gaules nas redes sociais!,['Português'],[],True
5,2025-04-14 20:16,bocaorj,pt,Grand Theft Auto V,"[+18 ] ABCD RP: VAMOS INICIAR NOSSA HISTORA,  UM NOVO RECOMEÇO MISSÃO DADA E MISSÃO CUMPRIDA CAVEIRAAAAAA!!!!","['Português', 'fps', 'PMSP', 'ROTA', 'choque']",['MatureGame'],False
5,2025-04-14 20:16,Lutsu_Music,pt,Fortnite,Fortnite in Assault,"['EternosOrg', 'Alegre', 'Iniciantes', 'AMA', 'LGBTAQIAplus', 'FPS', 'Playstation', 'Português', 'Engl']",['ProfanityVulgarity'],False
5,2025-04-14 20:16,eueumoreira,pt,Fortnite,"🚨🟢Use Code= IURYGAMER🟢|Sub Com Desconto 7,90 @Canalfies @equipealcance @transmissaonerd @boostteam_ @equipe_alcance @trupebrasil","['EpicGames', 'Ps5', 'Controles', 'estrategiapassarraiva', 'AMA', 'Fortnite', 'Português', 'Fortnite']",[],False
5,2025-04-14 20:16,brunolykont,pt,Conan Exiles,Live 2 - Conan Exiles - Sem Mods - Private Server - Jogando com @thvolps e @mad_daniel1 @TheGoldenTeamOFC @tgmlives,"['Português', 'indie', 'RPG', 'bandainamco', 'bandai', 'netmarble', 'XSEED', 'Falcon', 'NihonFalcom']",['MatureGame'],False
6,2025-04-14 20:32,eLyzao,pt,EA Sports FC 25,Oiiii ❗Nesha ❗iox +18,['Português'],[],False
6,2025-04-14 20:32,iShadowWolf_,pt,Overwatch 2,(+18) Livezinha Muito Doida!   ||   (❗comandos ❗metas ❗drops)   ||   (Epic Code: SHADOWOLF),"['Português', 'DropsAtivados']",[],False
6,2025-04-14 20:32,CamisLima77,pt,Minecraft,"Fora de hora, sem nexo e sem contexto, aleatória do nada (+18)","['Português', 'minecraftmodpack', 'streameriniciante', 'girlgamer', 'girlstreaming', 'girlgamerontwitch', 'PIX', 'Pixelive', 'VALORANＴ']",[],False
6,2025-04-14 20:32,JapaDaMydiSkins,pt,Counter-Strike,É grátis os 20 sorteios por live mais de R$22.000 em skins !play para participar,"['Português', 'CounterStriker2', 'risada', 'engraçado', 'skinscsgo', 'skinsgratis', 'sorteiodeskins']",['MatureGame'],False
6,2025-04-14 20:32,jrodorfo,pt,Marvel Rivals,(drops) SUBATHOM DE SEASON NOVA ROLANDO!! BORA QUE TEM MUITA COISA DIVERTIDA NOVA PRA FAZER!!,"['Português', 'DropsAtivados']",[],False
6,2025-04-14 20:32,ZAKl1k,pt,Minecraft,🟢 MINECRAFT | ⭐ GANHE ASSISTINDO | 🌟 REESTOQUE DIA 10 ou 16 às 18h | !loja !points !prime !sub,"['Português', 'Minecraft']",[],False
6,2025-04-14 20:32,Rodil,pt,League of Legends,"NA PEGADA DO CONTEÚDO, CASSINAGEM ENTRE AS PARTIDAS! | !pix !paypal !ytb !bacanaplay !mu","['Português', 'proplayer', 'Idoso', 'Gostoso', 'LGBT', 'top1']",[],False
6,2025-04-14 20:32,Ayellol,pt,Ragnarok Online,RAGNAROK ONLINE !latam !rag !loco !pix,"['Português', 'teemo', 'aatrox', 'pitbull', 'dog', 'Marathon']",[],True
6,2025-04-14 20:32,Buerinho,pt,League of Legends,BRONZE AO CHALLENGER DE FADINHA UWU !DESAFIO !LIVEPIX,"['Português', 'ADCARRY', 'Vayne', 'kogmaw', 'jinx', 'MissFortune', 'ADC']",[],False
7,2025-04-14 20:48,eLyzao,pt,EA Sports FC 25,Oiiii ❗Nesha ❗iox +18,['Português'],[],False
7,2025-04-14 20:48,JapaDaMydiSkins,pt,Counter-Strike,É grátis os 20 sorteios por live mais de R$22.000 em skins !play para participar,"['Português', 'CounterStriker2', 'risada', 'engraçado', 'skinscsgo', 'skinsgratis', 'sorteiodeskins']",['MatureGame'],False
7,2025-04-14 20:48,CamisLima77,pt,Minecraft,"Fora de hora, sem nexo e sem contexto, aleatória do nada (+18)","['Português', 'minecraftmodpack', 'streameriniciante', 'girlgamer', 'girlstreaming', 'girlgamerontwitch', 'PIX', 'Pixelive', 'VALORANＴ']",[],False
7,2025-04-14 20:48,ZAKl1k,pt,Minecraft,🟢 MINECRAFT | ⭐ GANHE ASSISTINDO | 🌟 REESTOQUE DIA 10 ou 16 às 18h | !loja !points !prime !sub,"['Português', 'Minecraft']",[],False
7,2025-04-14 20:48,exexeboy,pt,Ragnarok Online,OBT Ragnarok Online LATAM - Streamer Oficial 【dia 1】| tmj Gravity 👍,"['Portuguese', 'Português', 'RagnarokOnline', 'ragnaroklatinamerica', 'MMORPG', 'Ragnarok2025', 'gravity', 'ragnarokonlinelatam']",[],False
7,2025-04-14 20:48,Gaules,pt,Kings League,G3X vs DESIMPEDIDOS Rodada 4 KingsLeague Brasil -  #SejaSuper - !socio !sorteio - Siga @Gaules nas redes sociais!,['Português'],[],True
7,2025-04-14 20:48,Quel,pt,Minecraft,⁎⁺✧ ARKANIS 2a TEMPORADA - PRELÚDIO ✧⁺⁎,"['Brasil', 'Mulher', 'girl', 'jovem', 'SubtitlesOn', 'subtitles', 'chill', 'Cozy', 'wholesome', 'Português']",[],False
7,2025-04-14 20:48,sabrinoca,pt,Dead by Daylight,SUBATHON DIA 9 !odyssey !odysseycup !subathon,"['Português', 'BaratinhaDeFogão', 'Melões', 'MulherDePreso', 'LeagueofLegends', 'Aliada', 'GíriasRegionais', 'Simples', 'Madrinha', 'Milhões']",['MatureGame'],True
7,2025-04-14 20:48,wanessawolf,pt,Just Chatting,SEGUNDA DE BELEZA❗pix ❗discord ❗sorteio ❗reacts ❗patreon,['Português'],[],False
8,2025-04-15 00:01,eLyzao,pt,VALORANT,Oiiii ❗Nesha ❗iox +18,['Português'],[],False
8,2025-04-15 00:01,JapaDaMydiSkins,pt,Counter-Strike,É grátis os 20 sorteios por live mais de R$22.000 em skins !play para participar,"['Português', 'CounterStriker2', 'risada', 'engraçado', 'skinscsgo', 'skinsgratis', 'sorteiodeskins']",['MatureGame'],False
8,2025-04-15 00:01,exexeboy,pt,Ragnarok Online,OBT Ragnarok Online LATAM - Streamer Oficial 【dia 1】| tmj Gravity 👍,"['Portuguese', 'Português', 'RagnarokOnline', 'ragnaroklatinamerica', 'MMORPG', 'Ragnarok2025', 'gravity', 'ragnarokonlinelatam']",[],False
8,2025-04-15 00:01,ZAKl1k,pt,Minecraft,🟢 MINECRAFT | ⭐ GANHE ASSISTINDO | 🌟 REESTOQUE DIA 10 ou 16 às 18h | !loja !points !prime !sub,"['Português', 'Minecraft']",[],False
8,2025-04-15 00:01,bocaorj,pt,Grand Theft Auto V,"[+18 ] ABCD RP: VAMOS INICIAR NOSSA HISTORA,  UM NOVO RECOMEÇO MISSÃO DADA E MISSÃO CUMPRIDA CAVEIRAAAAAA!!!!","['Português', 'fps', 'PMSP', 'ROTA', 'choque']",['MatureGame'],False
8,2025-04-15 00:01,LipinhOr,pt,Grand Theft Auto V,"♾️𝐋𝐈𝐕𝐄 𝐈𝐍𝐅𝐈𝐍𝐈𝐓𝐀: R$2,00 = +2 Min | Sub = +3min | 100 Bits = +4 Min (Bônus de tempo: !subathon)","['Português', 'gta', 'roleplay']",['MatureGame'],False
8,2025-04-15 00:01,DaniloFariasFUT,pt,EA Sports FC 25,PREMIAÇAO RANK 2 RANK3 + 30 JOGOS DE WL..     !LOJA @danilofariasfut,"['Português', 'ultimateteam', 'dicas', 'eafc25', 'tutorials', 'livestreamers', 'resenha', 'frontpagetwitch', 'TOTY', 'KingsLeague']",[],False
8,2025-04-15 00:02,FlangoFC,pt,EA Sports FC 25,FAZENDO A COPA DOS INFERNO + ANALISE DE TIME,"['eafc25', 'Português', 'tradefifa']",['ProfanityVulgarity'],False
8,2025-04-15 00:02,guilemarcal_,pt,EA Sports FC 25,30 jogos da WL dos IMORTAIS time 2. !ps5 !meta !livepix !comandos,"['Português', 'EASPORTSFIFA', 'EA', 'fifa', 'Guile', 'EAFC', 'eafc25', 'Futebol', 'entreterimento']",[],False
9,2025-04-15 00:18,eLyzao,pt,VALORANT,Oiiii ❗Nesha ❗iox +18,['Português'],[],False
9,2025-04-15 00:18,JapaDaMydiSkins,pt,Counter-Strike,É grátis os 20 sorteios por live mais de R$22.000 em skins !play para participar,"['Português', 'CounterStriker2', 'risada', 'engraçado', 'skinscsgo', 'skinsgratis', 'sorteiodeskins']",['MatureGame'],False
9,2025-04-15 00:18,exexeboy,pt,Ragnarok Online,OBT Ragnarok Online LATAM - Streamer Oficial 【dia 1】| tmj Gravity 👍,"['Portuguese', 'Português', 'RagnarokOnline', 'ragnaroklatinamerica', 'MMORPG', 'Ragnarok2025', 'gravity', 'ragnarokonlinelatam']",[],False
9,2025-04-15 00:18,ZAKl1k,pt,Minecraft,🟢 MINECRAFT | ⭐ GANHE ASSISTINDO | 🌟 REESTOQUE DIA 10 ou 16 às 18h | !loja !points !prime !sub,"['Português', 'Minecraft']",[],False
9,2025-04-15 00:18,LipinhOr,pt,Grand Theft Auto V,"♾️𝐋𝐈𝐕𝐄 𝐈𝐍𝐅𝐈𝐍𝐈𝐓𝐀: R$2,00 = +2 Min | Sub = +3min | 100 Bits = +4 Min (Bônus de tempo: !subathon)","['Português', 'gta', 'roleplay']",['MatureGame'],False
9,2025-04-15 00:18,iShadowWolf_,pt,Sea of Thieves,(+18) Livezinha Muito Doida!   ||   (❗comandos ❗metas ❗drops)   ||   (Epic Code: SHADOWOLF),['Português'],[],False
9,2025-04-15 00:18,amohrte,pt,Marvel Rivals,NOVATO APRENDENDO NO ÓDIO E NA RAIVA! // Rerun,"['Português', 'funny', 'humor', 'amohrte', 'English', 'marvelrivals', 'marvel', 'DropsAtivados']",['ProfanityVulgarity'],False
9,2025-04-15 00:18,CielGameplay,pt,EA Sports FC 25,+18 | +1  | ❗pix ❗sorteio ❗comandos | @cielgameplay,"['BR', 'Português', 'GTAⅤ', 'JogandoComOChat', 'fc25']",['ProfanityVulgarity'],True
9,2025-04-15 00:18,ItsBoNii,pt,R.E.P.O.,Repozin com os MENINOS & depois FRAN BOW!,"['Educado', 'Cheiroso', 'Solteiro', 'Games', 'Português']",[],False
10,2025-04-15 00:34,eLyzao,pt,VALORANT,Oiiii ❗Nesha ❗iox +18,['Português'],[],False
10,2025-04-15 00:34,JapaDaMydiSkins,pt,Counter-Strike,É grátis os 20 sorteios por live mais de R$22.000 em skins !play para participar,"['Português', 'CounterStriker2', 'risada', 'engraçado', 'skinscsgo', 'skinsgratis', 'sorteiodeskins']",['MatureGame'],False
10,2025-04-15 00:34,exexeboy,pt,Ragnarok Online,OBT Ragnarok Online LATAM - Streamer Oficial 【dia 1】| tmj Gravity 👍,"['Portuguese', 'Português', 'RagnarokOnline', 'ragnaroklatinamerica', 'MMORPG', 'Ragnarok2025', 'gravity', 'ragnarokonlinelatam']",[],False
10,2025-04-15 00:34,ZAKl1k,pt,Minecraft,🟢 MINECRAFT | ⭐ GANHE ASSISTINDO | 🌟 REESTOQUE DIA 10 ou 16 às 18h | !loja !points !prime !sub,"['Português', 'Minecraft']",[],False
10,2025-04-15 00:34,LipinhOr,pt,Just Chatting,"♾️𝐋𝐈𝐕𝐄 𝐈𝐍𝐅𝐈𝐍𝐈𝐓𝐀: R$2,00 = +2 Min | Sub = +3min | 100 Bits = +4 Min (Bônus de tempo: !subathon)","['Português', 'gta', 'roleplay']",[],False
10,2025-04-15 00:34,iShadowWolf_,pt,Sea of Thieves,(+18) Livezinha Muito Doida!   ||   (❗comandos ❗metas ❗drops)   ||   (Epic Code: SHADOWOLF),['Português'],[],False
10,2025-04-15 00:34,tomatinhoyuki,pt,Cult of the Lamb,【Vtuber】voltei e dessa vez sobria | ❗discord ❗pix,"['Vtuber', 'Português', 'arte', 'art', 'artista', 'artitst', 'DigitalArt', 'VtuberBR']",[],False
10,2025-04-15 00:34,fipfop_,pt,Just Chatting,(VTUBER) Elden mas alguma hora eu vou sair no meio da liveKKKK | !discord !Pix !Youtube,"['Português', 'Vtuber', 'VtuberBR', 'femboy', 'pngtuber', 'PNGtuberBR', 'fipfop', 'flippyflopp', 'brvtuber', 'Cozy']",[],False
10,2025-04-15 00:34,Lvcidu,pt,Going Under,"Mano só jogos jogaveis, e com #AD de !roblox ainda kkkkkkkkkkkkk","['Brasil', 'Vtuber', 'VtuberBR', 'Burro', '0deQI', 'Homem', 'PtBR', 'portugues', 'Português']",[],False
11,2025-04-15 04:01,exexeboy,pt,Ragnarok Online,OBT Ragnarok Online LATAM - Streamer Oficial 【dia 1】| tmj Gravity 👍,"['Portuguese', 'Português', 'RagnarokOnline', 'ragnaroklatinamerica', 'MMORPG', 'Ragnarok2025', 'gravity', 'ragnarokonlinelatam']",[],False
11,2025-04-15 04:01,ZAKl1k,pt,Minecraft,🟢 MINECRAFT | ⭐ GANHE ASSISTINDO | 🌟 REESTOQUE DIA 10 ou 16 às 18h | !loja !points !prime !sub,"['Português', 'Minecraft']",[],False
11,2025-04-15 04:01,BrunoBalloni,pt,Counter-Strike,🔴RERUN!!! -> ❗regraloja❗farm ❗sub ❗msg ❗loja,"['Português', 'fps', 'Brasil', 'counterstrike', 'cs', 'cs2', 'brazil']",['MatureGame'],False
11,2025-04-15 04:01,LipinhOr,pt,Just Chatting,"♾️𝐋𝐈𝐕𝐄 𝐈𝐍𝐅𝐈𝐍𝐈𝐓𝐀: R$2,00 = +2 Min | Sub = +3min | 100 Bits = +4 Min (Bônus de tempo: !subathon)","['Português', 'gta', 'roleplay']",[],False
11,2025-04-15 04:01,iShadowWolf_,pt,Fortnite,(+18) Livezinha Muito Doida!   ||   (❗comandos ❗metas ❗drops)   ||   (Epic Code: SHADOWOLF),['Português'],[],False
11,2025-04-15 04:01,VeNavas,pt,Rocket League,+18🟥RERUN🟥 Rocket League - LOJA ATUALIZADÍSSIMA ➡  AO VIVO FARMA MAIS!!!!⬅ ❗csgocases ❗loja ❗livepix ❗discord ❗donate,"['Português', 'Reposição']",['ProfanityVulgarity'],True
11,2025-04-15 04:01,frttt,pt,Ragnarok Online,🟢AO VIVO - RAGNAROK RAGNAROK RAGNAROK - !curso !aulas !cod,['Português'],[],False
11,2025-04-15 04:02,ratoel_,pt,Just Chatting,TERRORZAÇO ይበልጣሉ መጨረሻው  !pix !exgay,"['Português', 'react', 'engraçado', 'RJ', 'lol', 'cs', 'FAVELA', 'gta', 'GTARPLIVE', 'Marathon']",[],False
11,2025-04-15 04:02,LetizaTV,pt,Just Chatting,LETFLIX| Homem-Formiga e a Vespa | !pix,['Português'],[],False
12,2025-04-15 04:17,exexeboy,pt,Ragnarok Online,OBT Ragnarok Online LATAM - Streamer Oficial 【dia 1】| tmj Gravity 👍,"['Portuguese', 'Português', 'RagnarokOnline', 'ragnaroklatinamerica', 'MMORPG', 'Ragnarok2025', 'gravity', 'ragnarokonlinelatam']",[],False
12,2025-04-15 04:17,ZAKl1k,pt,Minecraft,🟢 MINECRAFT | ⭐ GANHE ASSISTINDO | 🌟 REESTOQUE DIA 10 ou 16 às 18h | !loja !points !prime !sub,"['Português', 'Minecraft']",[],False
12,2025-04-15 04:17,BrunoBalloni,pt,Counter-Strike,🔴RERUN!!! -> ❗regraloja❗farm ❗sub ❗msg ❗loja,"['Português', 'fps', 'Brasil', 'counterstrike', 'cs', 'cs2', 'brazil']",['MatureGame'],False
12,2025-04-15 04:17,LipinhOr,pt,Just Chatting,"♾️𝐋𝐈𝐕𝐄 𝐈𝐍𝐅𝐈𝐍𝐈𝐓𝐀: R$2,00 = +2 Min | Sub = +3min | 100 Bits = +4 Min (Bônus de tempo: !subathon)","['Português', 'gta', 'roleplay']",[],False
12,2025-04-15 04:17,CriaPlayer,pt,VALORANT,🎃GOTHAM RP🎃 #89 SOBREVIVENDO!!!  #VdgPraKrlh #TropaDosDodóis !gotham  !fancam,['Português'],['ProfanityVulgarity'],False
12,2025-04-15 04:17,iShadowWolf_,pt,Fortnite,(+18) Livezinha Muito Doida!   ||   (❗comandos ❗metas ❗drops)   ||   (Epic Code: SHADOWOLF),['Português'],[],False
12,2025-04-15 04:18,easyptcsbr,en,Counter-Strike,QUANTO TEMPO CSZIN?,['English'],['MatureGame'],False
12,2025-04-15 04:18,top_modelz,en,IRL,✨ Miami Bikini Girls Parade ☀️,['English'],['SexualThemes'],True
12,2025-04-15 04:18,AmaruC2,pt,Grand Theft Auto V,🔞 NOBRE ROLEPLAY 🔥 FIVE M ⚔️ ❗ ⚖️ DELEGADO ADJUNTO DA CIVIL ❗ 🔫 BALA NOS 00 ❗ 😈 ANJINHO DA LEI ❗ 💭 RESENHA !pix !sub !server,"['gta', 'fivem', 'nobre', 'roleplay', 'fac', 'POLICIA', 'gta5', 'gtav', 'CidadeNobre', 'SantaGroupGG']",['MatureGame'],False
13,2025-04-15 04:32,exexeboy,pt,Ragnarok Online,OBT Ragnarok Online LATAM - Streamer Oficial 【dia 1】| tmj Gravity 👍,"['Portuguese', 'Português', 'RagnarokOnline', 'ragnaroklatinamerica', 'MMORPG', 'Ragnarok2025', 'gravity', 'ragnarokonlinelatam']",[],False
13,2025-04-15 04:33,BrunoBalloni,pt,Counter-Strike,🔴RERUN!!! -> ❗regraloja❗farm ❗sub ❗msg ❗loja,"['Português', 'fps', 'Brasil', 'counterstrike', 'cs', 'cs2', 'brazil']",['MatureGame'],False
13,2025-04-15 04:33,ZAKl1k,pt,Minecraft,🟢 MINECRAFT | ⭐ GANHE ASSISTINDO | 🌟 REESTOQUE DIA 10 ou 16 às 18h | !loja !points !prime !sub,"['Português', 'Minecraft']",[],False
13,2025-04-15 04:33,LipinhOr,pt,Just Chatting,"♾️𝐋𝐈𝐕𝐄 𝐈𝐍𝐅𝐈𝐍𝐈𝐓𝐀: R$2,00 = +2 Min | Sub = +3min | 100 Bits = +4 Min (Bônus de tempo: !subathon)","['Português', 'gta', 'roleplay']",[],False
13,2025-04-15 04:33,CriaPlayer,pt,VALORANT,🎃GOTHAM RP🎃 #89 SOBREVIVENDO!!!  #VdgPraKrlh #TropaDosDodóis !gotham  !fancam,['Português'],['ProfanityVulgarity'],False
13,2025-04-15 04:33,iShadowWolf_,pt,Fortnite,(+18) Livezinha Muito Doida!   ||   (❗comandos ❗metas ❗drops)   ||   (Epic Code: SHADOWOLF),['Português'],[],False
13,2025-04-15 04:33,LancelotKanael,pt,RetroMMO,[@Ragnatales] Me aventurando nos reinos de Midgard,['Português'],[],False
13,2025-04-15 04:33,tiemis,pt,Ragnarok Online,jogando ROLATAM hoje !<3 !insta !pix,"['Portugues', 'games', 'portuguese', 'Português']",[],False
13,2025-04-15 04:33,MinhArte,pt,Crypto,CAMBRIA CAMBRIA CAMBRIA !!!E AI ? COMO ESTAMOS? FARM NÃO PARA ! VAMOS PRA CIMA duvida? pode mandar!,"['AMA', 'CRYPTO', 'DropsAtivo', 'Português']",[],False
14,2025-04-15 04:48,exexeboy,pt,Ragnarok Online,OBT Ragnarok Online LATAM - Streamer Oficial 【dia 1】| tmj Gravity 👍,"['Portuguese', 'Português', 'RagnarokOnline', 'ragnaroklatinamerica', 'MMORPG', 'Ragnarok2025', 'gravity', 'ragnarokonlinelatam']",[],False
14,2025-04-15 04:48,BrunoBalloni,pt,Counter-Strike,🔴RERUN!!! -> ❗regraloja❗farm ❗sub ❗msg ❗loja,"['Português', 'fps', 'Brasil', 'counterstrike', 'cs', 'cs2', 'brazil']",['MatureGame'],False
14,2025-04-15 04:48,ZAKl1k,pt,Minecraft,🟢 MINECRAFT | ⭐ GANHE ASSISTINDO | 🌟 REESTOQUE DIA 10 ou 16 às 18h | !loja !points !prime !sub,"['Português', 'Minecraft']",[],False
14,2025-04-15 04:48,LipinhOr,pt,Just Chatting,"♾️𝐋𝐈𝐕𝐄 𝐈𝐍𝐅𝐈𝐍𝐈𝐓𝐀: R$2,00 = +2 Min | Sub = +3min | 100 Bits = +4 Min (Bônus de tempo: !subathon)","['Português', 'gta', 'roleplay']",[],False
14,2025-04-15 04:49,CriaPlayer,pt,VALORANT,🎃GOTHAM RP🎃 #89 SOBREVIVENDO!!!  #VdgPraKrlh #TropaDosDodóis !gotham  !fancam,['Português'],['ProfanityVulgarity'],False
14,2025-04-15 04:49,VeNavas,pt,Rocket League,+18🟥RERUN🟥 Rocket League - LOJA ATUALIZADÍSSIMA ➡  AO VIVO FARMA MAIS!!!!⬅ ❗csgocases ❗loja ❗livepix ❗discord ❗donate,"['Português', 'Reposição']",['ProfanityVulgarity'],True
14,2025-04-15 04:49,MandyMess,pt,Farm Frenzy,SUBATHON DE SANGUE PT. 6: CINEMESS❗sub❗pix❗insta,"['LGBT', 'DragQueen', 'Português', 'IntoTheFog']",[],False
14,2025-04-15 04:49,sabrinoca,pt,Teamfight Tactics,SUBATHON DIA 9 !odyssey !odysseycup !subathon,"['Português', 'BaratinhaDeFogão', 'Melões', 'MulherDePreso', 'LeagueofLegends', 'Aliada', 'GíriasRegionais', 'Simples', 'Madrinha', 'Milhões']",[],True
14,2025-04-15 04:49,VeronikaVolt,pt,Just Chatting,subathon dia 6,"['Português', 'gay', 'nordeste', 'hemorroida']",['ProfanityVulgarity'],True
15,2025-04-15 05:05,exexeboy,pt,Ragnarok Online,OBT Ragnarok Online LATAM - Streamer Oficial 【dia 1】| tmj Gravity 👍,"['Portuguese', 'Português', 'RagnarokOnline', 'ragnaroklatinamerica', 'MMORPG', 'Ragnarok2025', 'gravity', 'ragnarokonlinelatam']",[],False
15,2025-04-15 05:05,BrunoBalloni,pt,Counter-Strike,🔴RERUN!!! -> ❗regraloja❗farm ❗sub ❗msg ❗loja,"['Português', 'fps', 'Brasil', 'counterstrike', 'cs', 'cs2', 'brazil']",['MatureGame'],False
15,2025-04-15 05:05,ZAKl1k,pt,Minecraft,🟢 MINECRAFT | ⭐ GANHE ASSISTINDO | 🌟 REESTOQUE DIA 10 ou 16 às 18h | !loja !points !prime !sub,"['Português', 'Minecraft']",[],False
15,2025-04-15 05:05,LipinhOr,pt,Just Chatting,"♾️𝐋𝐈𝐕𝐄 𝐈𝐍𝐅𝐈𝐍𝐈𝐓𝐀: R$2,00 = +2 Min | Sub = +3min | 100 Bits = +4 Min (Bônus de tempo: !subathon)","['Português', 'gta', 'roleplay']",[],False
15,2025-04-15 05:05,CriaPlayer,pt,VALORANT,🎃GOTHAM RP🎃 #89 SOBREVIVENDO!!!  #VdgPraKrlh #TropaDosDodóis !gotham  !fancam,['Português'],['ProfanityVulgarity'],False
15,2025-04-15 05:05,VeNavas,pt,Rocket League,+18🟥RERUN🟥 Rocket League - LOJA ATUALIZADÍSSIMA ➡  AO VIVO FARMA MAIS!!!!⬅ ❗csgocases ❗loja ❗livepix ❗discord ❗donate,"['Português', 'Reposição']",['ProfanityVulgarity'],True
15,2025-04-15 05:05,mArlon547,pt,League of Legends,Rengar top Rush pro Challenger  !Hu3 !discord !pix !twitter,"['Marlon547', 'Rengar', 'Challenger', 'Grãomestre', 'mestre', 'highelo', 'entretenimento', 'tipspace', 'x1', 'Português']",[],False
15,2025-04-15 05:05,Asteek,pt,League of Legends,"Challenger 1047 LP top laner, tibia na fila / top 1 quinn world / !job !buff !top1 !coach","['quinn', 'challenger', 'leaguefolegends', 'Akshan', 'monochamp', 'Português']",[],False
15,2025-04-15 05:05,Saint1xD,pt,League of Legends,JOGANDO LOL COM O @Detention ENG/PT-BR,"['Jungle', 'Selva', 'Português', 'BelVeth', 'Viego', 'RekSai', 'chill', 'Briar']",['ProfanityVulgarity'],False
16,2025-04-15 08:01,ZAKl1k,pt,Minecraft,🟢 MINECRAFT | ⭐ GANHE ASSISTINDO | 🌟 REESTOQUE DIA 10 ou 16 às 18h | !loja !points !prime !sub,"['Português', 'Minecraft']",[],False
16,2025-04-15 08:01,BrunoBalloni,pt,Counter-Strike,🔴RERUN!!! -> ❗regraloja❗farm ❗sub ❗msg ❗loja,"['Português', 'fps', 'Brasil', 'counterstrike', 'cs', 'cs2', 'brazil']",['MatureGame'],False
16,2025-04-15 08:01,amohrte,pt,Marvel Rivals,NOVATO APRENDENDO NO ÓDIO E NA RAIVA! // Rerun,"['Português', 'funny', 'humor', 'amohrte', 'English', 'marvelrivals', 'marvel', 'DropsAtivados']",['ProfanityVulgarity'],False
16,2025-04-15 08:01,LhamaInPijamas,pt,Marvel Rivals,(S1 GM1) (DROPS ON) MAIN TANK COLA AQUI !pix !elomarvel !discord,"['rpg', 'casual', 'Português', 'marvelrivals', 'rivals', 'marvelrival', 'DropsAtivados']",[],False
16,2025-04-15 08:01,LipinhOr,pt,Just Chatting,"♾️𝐋𝐈𝐕𝐄 𝐈𝐍𝐅𝐈𝐍𝐈𝐓𝐀: R$2,00 = +2 Min | Sub = +3min | 100 Bits = +4 Min (Bônus de tempo: !subathon)","['Português', 'gta', 'roleplay']",[],False
16,2025-04-15 08:01,EiMine77,pt,Minecraft,✅ RECOMPENSAS ON! | ⭐ SEJA RÁPIDO E GANHE UMA CAPA DE GRAÇA: !CAPA | 💘 INSTAGRAM: @EIMINE77 | !ajuda !rerun !sub !subgratis !loja,"['Minecraft', 'EiMine', 'Português']",[],False
16,2025-04-15 08:01,easyptcsbr,en,Counter-Strike,QUANTO TEMPO CSZIN?,['English'],['MatureGame'],False
16,2025-04-15 08:01,vovo_grobau,pt,Counter-Strike,"🔥Sorteio de skins na live do vovô! 🎮 Entre na bagunça participe: ❗cupom, ❗sorteio, ❗musica ❗gruporifa ❗luva","['Português', 'CS2', 'counterstrike', 'fps', 'jogosdetiros', 'cs', 'sorteio', 'resenha', 'skins', 'sorteiodeskins']","['DrugsIntoxication', 'Gambling', 'MatureGame', 'ProfanityVulgarity', 'SexualThemes', 'ViolentGraphic']",False
16,2025-04-15 08:02,AmaruC2,pt,Grand Theft Auto V,🔞 NOBRE ROLEPLAY 🔥 FIVE M ⚔️ ❗ ⚖️ DELEGADO ADJUNTO DA CIVIL ❗ 🔫 BALA NOS 00 ❗ 😈 ANJINHO DA LEI ❗ 💭 RESENHA !pix !sub !server,"['gta', 'fivem', 'nobre', 'roleplay', 'fac', 'POLICIA', 'gta5', 'gtav', 'CidadeNobre', 'SantaGroupGG']",['MatureGame'],False
17,2025-04-15 08:16,ZAKl1k,pt,Minecraft,🟢 MINECRAFT | ⭐ GANHE ASSISTINDO | 🌟 REESTOQUE DIA 10 ou 16 às 18h | !loja !points !prime !sub,"['Português', 'Minecraft']",[],False
17,2025-04-15 08:16,BrunoBalloni,pt,Counter-Strike,🔴RERUN!!! -> ❗regraloja❗farm ❗sub ❗msg ❗loja,"['Português', 'fps', 'Brasil', 'counterstrike', 'cs', 'cs2', 'brazil']",['MatureGame'],False
17,2025-04-15 08:16,LhamaInPijamas,pt,Marvel Rivals,(S1 GM1) (DROPS ON) MAIN TANK COLA AQUI !pix !elomarvel !discord,"['rpg', 'casual', 'Português', 'marvelrivals', 'rivals', 'marvelrival', 'DropsAtivados']",[],False
17,2025-04-15 08:16,amohrte,pt,Marvel Rivals,NOVATO APRENDENDO NO ÓDIO E NA RAIVA! // Rerun,"['Português', 'funny', 'humor', 'amohrte', 'English', 'marvelrivals', 'marvel', 'DropsAtivados']",['ProfanityVulgarity'],False
17,2025-04-15 08:16,LipinhOr,pt,Just Chatting,"♾️𝐋𝐈𝐕𝐄 𝐈𝐍𝐅𝐈𝐍𝐈𝐓𝐀: R$2,00 = +2 Min | Sub = +3min | 100 Bits = +4 Min (Bônus de tempo: !subathon)","['Português', 'gta', 'roleplay']",[],False
17,2025-04-15 08:16,EiMine77,pt,Minecraft,✅ RECOMPENSAS ON! | ⭐ SEJA RÁPIDO E GANHE UMA CAPA DE GRAÇA: !CAPA | 💘 INSTAGRAM: @EIMINE77 | !ajuda !rerun !sub !subgratis !loja,"['Minecraft', 'EiMine', 'Português']",[],False
17,2025-04-15 08:16,oantunesz,pt,VALORANT,GAMEPLAY EXPLICATIVA RADIANT / 8$ = Análise Tracker | !analise | @oantunesz on socials | !otimizacao | !tipspace | SUB = GRUPO NO WPP,"['Valorant', 'Radiante', 'Português', 'fps', 'Competitivo', 'Ranked', 'English', 'viper', 'nerd', 'holidayhoopla']",[],False
17,2025-04-15 08:16,GabiPedrada,pt,League of Legends,DIA #3 DO PEDRATHON ON ✨💋 ❗PEDRATHON,"['Português', 'valorant', 'leagueoflegeneds', 'ferro', 'Mulher', 'sage', 'gekko', 'baiana', 'Vtuber']",['ProfanityVulgarity'],False
17,2025-04-15 08:16,cisinha,pt,VALORANT,"SEM TILTAR, REFORMED, 100% GOOD GIRL, AMO MEUS TEAMMATES",['Português'],['ProfanityVulgarity'],False
18,2025-04-15 08:30,ZAKl1k,pt,Minecraft,🟢 MINECRAFT | ⭐ GANHE ASSISTINDO | 🌟 REESTOQUE DIA 10 ou 16 às 18h | !loja !points !prime !sub,"['Português', 'Minecraft']",[],False
18,2025-04-15 08:30,BrunoBalloni,pt,Counter-Strike,🔴RERUN!!! -> ❗regraloja❗farm ❗sub ❗msg ❗loja,"['Português', 'fps', 'Brasil', 'counterstrike', 'cs', 'cs2', 'brazil']",['MatureGame'],False
18,2025-04-15 08:30,LhamaInPijamas,pt,Marvel Rivals,(S1 GM1) (DROPS ON) MAIN TANK COLA AQUI !pix !elomarvel !discord,"['rpg', 'casual', 'Português', 'marvelrivals', 'rivals', 'marvelrival', 'DropsAtivados']",[],False
18,2025-04-15 08:30,amohrte,pt,Marvel Rivals,NOVATO APRENDENDO NO ÓDIO E NA RAIVA! // Rerun,"['Português', 'funny', 'humor', 'amohrte', 'English', 'marvelrivals', 'marvel', 'DropsAtivados']",['ProfanityVulgarity'],False
18,2025-04-15 08:30,LipinhOr,pt,Just Chatting,"♾️𝐋𝐈𝐕𝐄 𝐈𝐍𝐅𝐈𝐍𝐈𝐓𝐀: R$2,00 = +2 Min | Sub = +3min | 100 Bits = +4 Min (Bônus de tempo: !subathon)","['Português', 'gta', 'roleplay']",[],False
18,2025-04-15 08:31,Pedro017Yt,pt,Fortnite,(!DROP ON )*NOVO* RELOAD 🍉RESGATE SKINS ME ASSISTINDO (!loja !jogar !fila),"['Português', 'Fortnite', 'Jogandocomespectadores', 'DropsEnable', 'Drops', 'reload', 'DropsAtivados']",[],False
18,2025-04-15 08:31,ClovaoBengala,pt,Just Chatting,IM SORRY MAN !loco !hr !pw !pix !ad !social,"['Português', 'League', 'leagueoflegeneds', 'lol', 'jogos']",[],True
18,2025-04-15 08:31,takeshi,pt,League of Legends,TAKAS TEIKAS LIVEZINHA SOLOQ PREMIUM CIENTIFICA  /// !loco !pix,['Português'],[],False
18,2025-04-15 08:31,nicklink,pt,Minecraft,ARKANIS PRELÚDIO ( INICIO ANTES DA 2 TEMPORADA ) DIA 1 - SEGUNDA TEMPORADA CONFIRMADA!!!!!!!!,"['Arkanis', 'nicklink', 'Português', 'ArkanisNick', 'aknick', 'RP', 'leagueoflegeneds', 'jax']",[],False
19,2025-04-15 12:01,Pedro017Yt,pt,Fortnite,(!DROP ON )*NOVO* RELOAD 🍉RESGATE SKINS ME ASSISTINDO (!loja !jogar !fila),"['Português', 'Fortnite', 'Jogandocomespectadores', 'DropsEnable', 'Drops', 'reload', 'DropsAtivados']",[],False
19,2025-04-15 12:01,letiltz,pt,Minecraft,ARKANIS - PRELÚDIO,"['Português', 'Mineceaft', 'letiltz', 'familyfrienly', 'SafeSpace', 'Arkanis']",[],False
19,2025-04-15 12:01,VeNavas,pt,Rocket League,+18🟥RERUN🟥 Rocket League - LOJA ATUALIZADÍSSIMA ➡  AO VIVO FARMA MAIS!!!!⬅ ❗csgocases ❗loja ❗livepix ❗discord ❗donate,"['Português', 'Reposição']",['ProfanityVulgarity'],True
19,2025-04-15 12:01,ZAKl1k,pt,Minecraft,🟢 MINECRAFT | ⭐ GANHE ASSISTINDO | 🌟 REESTOQUE DIA 10 ou 16 às 18h | !loja !points !prime !sub,"['Português', 'Minecraft']",[],False
19,2025-04-15 12:01,res1lle,pt,VALORANT,O REI DO FRENETICO !!! ESTREIA DA LOJA DE VP   !!!!!!!!!! PERSONALIZADA AS 18H !!!!!!  !lojavp !pontos !x1 !analise !neon !pix,['Português'],[],False
19,2025-04-15 12:01,BrunoBalloni,pt,Counter-Strike,🔴RERUN!!! -> ❗regraloja❗farm ❗sub ❗msg ❗loja,"['Português', 'fps', 'Brasil', 'counterstrike', 'cs', 'cs2', 'brazil']",['MatureGame'],False
19,2025-04-15 12:01,mae_joga45,pt,Dead by Daylight,"🔞 {+18 } {DROPS ON } 🌸🐇🐇 Coelho da Páscoa,será q vou ganhar chocolate? 🐇🐇🌸 ❗ Pix  ❗voz  🩷🫰🏼🥰","['Português', 'jogodeterror', 'jogofps', 'diversãogarantida', 'DropsAtivados']",['MatureGame'],False
19,2025-04-15 12:01,CORALtv_,pt,Fortnite,DROPS ON ✨JOGANDO COM O CHAT ❤️  FARM VBUCKS ASSISTINDO A LIVE !LOJA ❤️ USE CODE: COORAL #AD ✨!PIX !RESGATE !JOGAR,"['Português', 'Fortnite', 'sorteio', 'VbucksGrátis', 'sorteios', 'vbucks', 'jogandocomespectadores', 'MarvelRivalsPartners', 'marvelrivals', 'hellfiregala']",[],False
19,2025-04-15 12:01,AiNando1,pt,Fortnite,[DROPS ON] NOVO MAPA RELOAD - JOGANDO COM O CHAT  ❗JOGAR ❗NICK ❗ USE CODE: Ainando1 #AD❗PIX ❗Livepix❗JOGAR  ❗Comandos ❗instagram ❗apoie,"['Português', 'Fortnite', 'comedia', 'engraçado', 'live', 'Phasmophobia', 'liarsbar', 'StreamGamer', 'francais', 'tiktok']",[],False
20,2025-04-15 12:15,ZAKl1k,pt,Minecraft,🟢 MINECRAFT | ⭐ GANHE ASSISTINDO | 🌟 REESTOQUE DIA 10 ou 16 às 18h | !loja !points !prime !sub,"['Português', 'Minecraft']",[],False
20,2025-04-15 12:15,BrunoBalloni,pt,Counter-Strike,🔴RERUN!!! -> ❗regraloja❗farm ❗sub ❗msg ❗loja,"['Português', 'fps', 'Brasil', 'counterstrike', 'cs', 'cs2', 'brazil']",['MatureGame'],False
20,2025-04-15 12:16,Pedro017Yt,pt,Fortnite,(!DROP ON )*NOVO* RELOAD 🍉RESGATE SKINS ME ASSISTINDO (!loja !jogar !fila),"['Português', 'Fortnite', 'Jogandocomespectadores', 'DropsEnable', 'Drops', 'reload', 'DropsAtivados']",[],False
20,2025-04-15 12:16,letiltz,pt,Minecraft,ARKANIS - PRELÚDIO,"['Português', 'Mineceaft', 'letiltz', 'familyfrienly', 'SafeSpace', 'Arkanis']",[],False
20,2025-04-15 12:16,LipinhOr,pt,Just Chatting,"♾️𝐋𝐈𝐕𝐄 𝐈𝐍𝐅𝐈𝐍𝐈𝐓𝐀: R$2,00 = +2 Min | Sub = +3min | 100 Bits = +4 Min (Bônus de tempo: !subathon)","['Português', 'gta', 'roleplay']",[],False
20,2025-04-15 12:16,VeNavas,pt,Rocket League,+18🟥RERUN🟥 Rocket League - LOJA ATUALIZADÍSSIMA ➡  AO VIVO FARMA MAIS!!!!⬅ ❗csgocases ❗loja ❗livepix ❗discord ❗donate,"['Português', 'Reposição']",['ProfanityVulgarity'],True
20,2025-04-15 12:16,guhzjnnn,pt,Counter-Strike,back to basics ❗cfg ❗pc ❗livepix ❗hellcase ❗sorteioawp,"['Português', 'cs2faceit', 'FPL', 'cs2player']",['MatureGame'],False
20,2025-04-15 12:16,brenotheodoro,pt,Counter-Strike,FACEIT | SORTEIO > 4 FACAS | Sorteio basta interajar | !livepix | !csgoskins | !msg | !loja | !strive | !kaspersky | !jocaskins,"['Português', 'CS2', 'fps']",['MatureGame'],False
20,2025-04-15 12:16,Leticiaferrazzani,pt,Counter-Strike,🟢 Bom dia vida 🧡 LIVE SUBATHON 02 ❗insta❗wpp,['Português'],['MatureGame'],False
21,2025-04-15 12:29,ZAKl1k,pt,Minecraft,🟢 MINECRAFT | ⭐ GANHE ASSISTINDO | 🌟 REESTOQUE DIA 10 ou 16 às 18h | !loja !points !prime !sub,"['Português', 'Minecraft']",[],False
21,2025-04-15 12:29,BrunoBalloni,pt,Counter-Strike,🔴RERUN!!! -> ❗regraloja❗farm ❗sub ❗msg ❗loja,"['Português', 'fps', 'Brasil', 'counterstrike', 'cs', 'cs2', 'brazil']",['MatureGame'],False
21,2025-04-15 12:29,Pedro017Yt,pt,Fortnite,(!DROP ON )*NOVO* RELOAD 🍉RESGATE SKINS ME ASSISTINDO (!loja !jogar !fila),"['Português', 'Fortnite', 'Jogandocomespectadores', 'DropsEnable', 'Drops', 'reload', 'DropsAtivados']",[],False
21,2025-04-15 12:29,letiltz,pt,Minecraft,ARKANIS - PRELÚDIO,"['Português', 'Mineceaft', 'letiltz', 'familyfrienly', 'SafeSpace', 'Arkanis']",[],False
21,2025-04-15 12:29,VeNavas,pt,Rocket League,+18🟥RERUN🟥 Rocket League - LOJA ATUALIZADÍSSIMA ➡  AO VIVO FARMA MAIS!!!!⬅ ❗csgocases ❗loja ❗livepix ❗discord ❗donate,"['Português', 'Reposição']",['ProfanityVulgarity'],True
21,2025-04-15 12:29,LipinhOr,pt,Just Chatting,"♾️𝐋𝐈𝐕𝐄 𝐈𝐍𝐅𝐈𝐍𝐈𝐓𝐀: R$2,00 = +2 Min | Sub = +3min | 100 Bits = +4 Min (Bônus de tempo: !subathon)","['Português', 'gta', 'roleplay']",[],False
21,2025-04-15 12:29,CORALtv_,pt,Fortnite,DROPS ON ✨JOGANDO COM O CHAT ❤️  FARM VBUCKS ASSISTINDO A LIVE !LOJA ❤️ USE CODE: COORAL #AD ✨!PIX !RESGATE !JOGAR,"['Português', 'Fortnite', 'sorteio', 'VbucksGrátis', 'sorteios', 'vbucks', 'jogandocomespectadores', 'MarvelRivalsPartners', 'marvelrivals', 'hellfiregala']",[],False
21,2025-04-15 12:29,AiNando1,pt,Fortnite,[DROPS ON] NOVO MAPA RELOAD - JOGANDO COM O CHAT  ❗JOGAR ❗NICK ❗ USE CODE: Ainando1 #AD❗PIX ❗Livepix❗JOGAR  ❗Comandos ❗instagram ❗apoie,"['Português', 'Fortnite', 'comedia', 'engraçado', 'live', 'Phasmophobia', 'liarsbar', 'StreamGamer', 'francais', 'tiktok']",[],False
21,2025-04-15 12:29,danizinhah_,pt,Fortnite,DROPS ON ✅ LANÇAMENTO DO MAPA RELOAD SLURP,"['Português', 'drops', 'DropsEnable', 'DropsAtivados']",[],False
0,2025-04-15 14:58,ZAKl1k,pt,Minecraft,🟢 MINECRAFT | ⭐ GANHE ASSISTINDO | 🌟 REESTOQUE DIA 10 ou 16 às 18h | !loja !points !prime !sub,"['Português', 'Minecraft']",[],False
0,2025-04-15 14:58,EiMine77,pt,Minecraft,✅ RECOMPENSAS ON! | ⭐ SEJA RÁPIDO E GANHE UMA CAPA DE GRAÇA: !CAPA | 💘 INSTAGRAM: @EIMINE77 | !ajuda !rerun !sub !subgratis !loja,"['Minecraft', 'EiMine', 'Português']",[],False
0,2025-04-15 14:58,playinghazel,pt,Sea of Thieves,Essa live contém altos níveis de pirataria incompetente | Campanha Plus - Dia 15 -> !plus + !roda | Sociais -> !redes,"['SeaofThieves', 'Português', 'LGBTQIAPIus', 'PvP', 'PvE']",[],False
0,2025-04-15 14:58,bocaorj,pt,R.E.P.O.,[+18 ] ABCD RP:COORDOP HUMAITA NO QAP QRV:BORA Q HJ E DIA DOS CAVEIRA TA NA PISTA BANDIDO BOM E BANDIDO MORTO!!!!,"['Português', 'fps', 'PMSP', 'ROTA', 'choque']",[],False
0,2025-04-15 14:58,LipinhOr,pt,inZOI,"♾️𝐋𝐈𝐕𝐄 𝐈𝐍𝐅𝐈𝐍𝐈𝐓𝐀: R$2,00 = +2 Min | Sub = +3min | 100 Bits = +4 Min (Bônus de tempo: !subathon)","['Português', 'gta', 'roleplay']",[],False
0,2025-04-15 14:58,Pedro017Yt,pt,Fortnite,(!DROP ON )*NOVO* RELOAD 🍉RESGATE SKINS ME ASSISTINDO (!loja !jogar !fila),"['Português', 'Fortnite', 'Jogandocomespectadores', 'DropsEnable', 'Drops', 'reload', 'DropsAtivados']",[],False
0,2025-04-15 14:58,alossito,es,Minecraft,[DROPS ACTIVADOS]🟩PANCETALAND🟫 servidor con SUSCRIPTORES probamos la BETA || Minecraft ||  !modpack !ip,"['Español', 'humor', 'minecraft', 'minecraftespañol', 'minecraftcontent', 'MinecraftJavaEditon', 'minecraftmods', 'minecraftsurivial']",[],False
0,2025-04-15 14:58,Nofaxu,pt,Minecraft,ARKANIS Preludio - Dia 02 - Tentando Entender... [Minecraft] - !apoieArkanis #arkanis,"['Português', 'survíval', 'Engineering', 'engineer', 'factory', 'Arkanis']",[],True
0,2025-04-15 14:59,Guinas,pt,Soulstice,● 701 -> SUBATHON DIA 10 -> !PIX !SUBATHON,['Português'],['MatureGame'],False
1,2025-04-15 15:18,ZAKl1k,pt,Minecraft,🟢 MINECRAFT | ⭐ GANHE ASSISTINDO | 🌟 REESTOQUE DIA 10 ou 16 às 18h | !loja !points !prime !sub,"['Português', 'Minecraft']",[],False
1,2025-04-15 15:18,EiMine77,pt,Minecraft,✅ RECOMPENSAS ON! | ⭐ SEJA RÁPIDO E GANHE UMA CAPA DE GRAÇA: !CAPA | 💘 INSTAGRAM: @EIMINE77 | !ajuda !rerun !sub !subgratis !loja,"['Minecraft', 'EiMine', 'Português']",[],False
1,2025-04-15 15:18,playinghazel,pt,Sea of Thieves,Essa live contém altos níveis de pirataria incompetente | Campanha Plus - Dia 15 -> !plus + !roda | Sociais -> !redes,"['SeaofThieves', 'Português', 'LGBTQIAPIus', 'PvP', 'PvE']",[],False
1,2025-04-15 15:18,bocaorj,pt,R.E.P.O.,[+18 ] ABCD RP:COORDOP HUMAITA NO QAP QRV:BORA Q HJ E DIA DOS CAVEIRA TA NA PISTA BANDIDO BOM E BANDIDO MORTO!!!!,"['Português', 'fps', 'PMSP', 'ROTA', 'choque']",[],False
1,2025-04-15 15:18,LipinhOr,pt,inZOI,"♾️𝐋𝐈𝐕𝐄 𝐈𝐍𝐅𝐈𝐍𝐈𝐓𝐀: R$2,00 = +2 Min | Sub = +3min | 100 Bits = +4 Min (Bônus de tempo: !subathon)","['Português', 'gta', 'roleplay']",[],False
1,2025-04-15 15:18,Pedro017Yt,pt,Fortnite,(!DROP ON )*NOVO* RELOAD 🍉RESGATE SKINS ME ASSISTINDO (!loja !jogar !fila),"['Português', 'Fortnite', 'Jogandocomespectadores', 'DropsEnable', 'Drops', 'reload', 'DropsAtivados']",[],False
1,2025-04-15 15:18,CarlitoP1_,pt,Grand Theft Auto V,[CDA] Piloto Sênior QRV!! Voltamos para os Acompanhas no CIDADE ALTA  ↠  Siga @carlitop1_,"['Português', 'CIDADEALTA', 'METROPOLE', 'GTARP', 'FIVEM', 'CarlitoP1', 'INTERCEPTOR', 'SPEED']",['MatureGame'],False
1,2025-04-15 15:18,moraismta,pt,The Last of Us Part I,"LIVE INFINITA ➜ R$2,00 = +2 Min | Sub =3 Min | 100 Bits = +4 Min || ❗bonus || (+18)",['Português'],['MatureGame'],False
1,2025-04-15 15:19,Lczaadha,pt,Grand Theft Auto V,LIVE DE FIVEM PRA VCS!,['Português'],['MatureGame'],False
2,2025-04-15 15:36,ZAKl1k,pt,Minecraft,🟢 MINECRAFT | ⭐ GANHE ASSISTINDO | 🌟 REESTOQUE DIA 10 ou 16 às 18h | !loja !points !prime !sub,"['Português', 'Minecraft']",[],False
2,2025-04-15 15:37,EiMine77,pt,Minecraft,✅ RECOMPENSAS ON! | ⭐ SEJA RÁPIDO E GANHE UMA CAPA DE GRAÇA: !CAPA | 💘 INSTAGRAM: @EIMINE77 | !ajuda !rerun !sub !subgratis !loja,"['Minecraft', 'EiMine', 'Português']",[],False
2,2025-04-15 15:37,playinghazel,pt,Sea of Thieves,Essa live contém altos níveis de pirataria incompetente | Campanha Plus - Dia 15 -> !plus + !roda | Sociais -> !redes,"['SeaofThieves', 'Português', 'LGBTQIAPIus', 'PvP', 'PvE']",[],False
2,2025-04-15 15:37,bocaorj,pt,R.E.P.O.,[+18 ] ABCD RP:COORDOP HUMAITA NO QAP QRV:BORA Q HJ E DIA DOS CAVEIRA TA NA PISTA BANDIDO BOM E BANDIDO MORTO!!!!,"['Português', 'fps', 'PMSP', 'ROTA', 'choque']",[],False
2,2025-04-15 15:37,LipinhOr,pt,inZOI,"♾️𝐋𝐈𝐕𝐄 𝐈𝐍𝐅𝐈𝐍𝐈𝐓𝐀: R$2,00 = +2 Min | Sub = +3min | 100 Bits = +4 Min (Bônus de tempo: !subathon)","['Português', 'gta', 'roleplay']",[],False
2,2025-04-15 15:37,EiMine24h,pt,Minecraft,✅ RECOMPENSAS ON! | ⭐ SEJA RÁPIDO E GANHE UMA CAPA DE GRAÇA: !CAPA | 💘 INSTAGRAM: @EIMINE77 | !ajuda !rerun !subgratis !loja,"['Português', 'Minecraft', 'EiMine']",[],False
2,2025-04-15 15:37,CiriloTKS,pt,Grand Theft Auto V,"ESSE ILEGAL TA MUITO AMIGUINHO, VAMOS PROPAGAR O CAOS 🔫💣🔥","['Cirilo', 'capital', 'capitalcity', 'Português', 'fivem', 'colatina', 'Bandido', 'crime', 'FAVELA', 'gta']",['MatureGame'],False
2,2025-04-15 15:37,Cafe_Barao,pt,Grand Theft Auto V,[CODE RP] Monkey man/ Cafe dos Angels of Death Novidades & Game Play !!! So na conversa...❗livepix ❗Pix ❗discord ❗cidade,"['deltaforcecreatorhub', 'conterstrike2', 'drops', 'Drop', 'Português', 'gta', 'ＧTA5', 'gtavrproleplay', 'gtandTheftAutoV', 'coderp']",['MatureGame'],False
2,2025-04-15 15:37,RaffaTV,pt,Grand Theft Auto V,+18 [Summer RP] COMANDO Beirah em QAP No Primeiro dia. 🔥❗️girou ❗️comandos ❗️discord ❗️morte ❗️insta,"['Português', 'GTARP', 'FiveM', 'RP', 'Fortnite']",['MatureGame'],False
3,2025-04-15 15:53,ZAKl1k,pt,Minecraft,🟢 MINECRAFT | ⭐ GANHE ASSISTINDO | 🌟 REESTOQUE DIA 10 ou 16 às 18h | !loja !points !prime !sub,"['Português', 'Minecraft']",[],False
3,2025-04-15 15:53,EiMine77,pt,Minecraft,✅ RECOMPENSAS ON! | ⭐ SEJA RÁPIDO E GANHE UMA CAPA DE GRAÇA: !CAPA | 💘 INSTAGRAM: @EIMINE77 | !ajuda !rerun !sub !subgratis !loja,"['Minecraft', 'EiMine', 'Português']",[],False
3,2025-04-15 15:53,playinghazel,pt,Sea of Thieves,Essa live contém altos níveis de pirataria incompetente | Campanha Plus - Dia 15 -> !plus + !roda | Sociais -> !redes,"['SeaofThieves', 'Português', 'LGBTQIAPIus', 'PvP', 'PvE']",[],False
3,2025-04-15 15:53,bocaorj,pt,R.E.P.O.,[+18 ] ABCD RP:COORDOP HUMAITA NO QAP QRV:BORA Q HJ E DIA DOS CAVEIRA TA NA PISTA BANDIDO BOM E BANDIDO MORTO!!!!,"['Português', 'fps', 'PMSP', 'ROTA', 'choque']",[],False
3,2025-04-15 15:53,LipinhOr,pt,inZOI,"♾️𝐋𝐈𝐕𝐄 𝐈𝐍𝐅𝐈𝐍𝐈𝐓𝐀: R$2,00 = +2 Min | Sub = +3min | 100 Bits = +4 Min (Bônus de tempo: !subathon)","['Português', 'gta', 'roleplay']",[],False
3,2025-04-15 15:53,Pedro017Yt,pt,Fortnite,(!DROP ON )*NOVO* RELOAD 🍉RESGATE SKINS ME ASSISTINDO (!loja !jogar !fila),"['Português', 'Fortnite', 'Jogandocomespectadores', 'DropsEnable', 'Drops', 'reload', 'DropsAtivados']",[],False
3,2025-04-15 15:53,Choke7,pt,Minecraft,"SUBATHON DIA 9 | R$1=1min, SUB=3min, 100Bits=5min - !subathon !pix !sociais",['Português'],[],True
3,2025-04-15 15:53,Momolezinha,pt,Marvel Rivals,DROPS ON! MELHOR TOCHA HUMANA BR!🔥SIGAM SOCIAIS -> @Momolezinha |❗pix com VOZES❗analise ❗youtube,"['Português', 'Heroshooter', 'marvelrivals', 'DropsAtivados']",[],False
3,2025-04-15 15:53,tony_lvl,pt,Overwatch 2,"Acesso antecipado ao modo STADIUM, obrigado Blizzard! #OW2Stadium #OW2Brasil","['Português', 'DPS', 'Ranked', 'OverwatchCreators', 'Competitivo', 'Overwatch2', 'OW2Giveaway', 'Hitscan', 'Ashe', 'marvelrivals']",['ProfanityVulgarity'],False
4,2025-04-15 16:13,ZAKl1k,pt,Minecraft,🟢 MINECRAFT | ⭐ GANHE ASSISTINDO | 🌟 REESTOQUE DIA 10 ou 16 às 18h | !loja !points !prime !sub,"['Português', 'Minecraft']",[],False
4,2025-04-15 16:13,EiMine77,pt,Minecraft,✅ RECOMPENSAS ON! | ⭐ SEJA RÁPIDO E GANHE UMA CAPA DE GRAÇA: !CAPA | 💘 INSTAGRAM: @EIMINE77 | !ajuda !rerun !sub !subgratis !loja,"['Minecraft', 'EiMine', 'Português']",[],False
4,2025-04-15 16:14,playinghazel,pt,Sea of Thieves,Essa live contém altos níveis de pirataria incompetente | Campanha Plus - Dia 15 -> !plus + !roda | Sociais -> !redes,"['SeaofThieves', 'Português', 'LGBTQIAPIus', 'PvP', 'PvE']",[],False
4,2025-04-15 16:14,bocaorj,pt,R.E.P.O.,[+18 ] ABCD RP:COORDOP HUMAITA NO QAP QRV:BORA Q HJ E DIA DOS CAVEIRA TA NA PISTA BANDIDO BOM E BANDIDO MORTO!!!!,"['Português', 'fps', 'PMSP', 'ROTA', 'choque']",[],False
4,2025-04-15 16:14,ogabsttv,pt,Marvel Rivals,[DROPS ON] MAIN EMMA FROST E DANDO DICAS | ANALISES MAIS TARDE,"['Português', 'humor', 'engraçado', 'DropsAtivados']",[],False
4,2025-04-15 16:14,LipinhOr,pt,inZOI,"♾️𝐋𝐈𝐕𝐄 𝐈𝐍𝐅𝐈𝐍𝐈𝐓𝐀: R$2,00 = +2 Min | Sub = +3min | 100 Bits = +4 Min (Bônus de tempo: !subathon)","['Português', 'gta', 'roleplay']",[],False
4,2025-04-15 16:14,Xip4_Twitch,pt,R.E.P.O.,NÃO TENHO 🚗 NÃO TENHO 🏡 E SE VEM A ESTA STREAM É PORQUE GOSTA DO MEU R.E.P.O. R.E.P.O 🟠!IG 🟠!Giveaway 📱!socials,"['JogosVariados', 'InstantGaming', 'humor', 'sarcasmo', 'jogos', 'InstantGamingPartner', 'Português', 'repogame']",['ProfanityVulgarity'],False
4,2025-04-15 16:14,TopeiraBanguela,pt,The Sims 4,🌞 Que a força esteja com você. ☕ | 🎁 !Bits !Pix !Festa !Aniversario 🎉,"['LGBTQIAPlus', 'CoWorking', 'Português', 'Cozy', 'Pomodoro', 'aconchegante']",['ProfanityVulgarity'],False
4,2025-04-15 16:14,piQmi,pt,God of War Ragnarök,God of War Ragnarök 🔴 ep:12▐ Supporters▐-->  @GTerminatorRB  【 @the_pinky76 5x🎁】 @Dark_WolfPT  !schedule !commands,"['Brasil', 'Portugal', 'Amouranth', 'English', 'Gaming', 'Português', 'Valorant', 'Fortnite', 'Vtuber', 'chill']",['MatureGame'],False
5,2025-04-15 16:30,ZAKl1k,pt,Minecraft,🟢 MINECRAFT | ⭐ GANHE ASSISTINDO | 🌟 REESTOQUE DIA 10 ou 16 às 18h | !loja !points !prime !sub,"['Português', 'Minecraft']",[],False
5,2025-04-15 16:30,EiMine77,pt,Minecraft,✅ RECOMPENSAS ON! | ⭐ SEJA RÁPIDO E GANHE UMA CAPA DE GRAÇA: !CAPA | 💘 INSTAGRAM: @EIMINE77 | !ajuda !rerun !sub !subgratis !loja,"['Minecraft', 'EiMine', 'Português']",[],False
5,2025-04-15 16:30,ogabsttv,pt,Marvel Rivals,[DROPS ON] MAIN EMMA FROST E DANDO DICAS | ANALISES MAIS TARDE,"['Português', 'humor', 'engraçado', 'DropsAtivados']",[],False
5,2025-04-15 16:30,bocaorj,pt,R.E.P.O.,[+18 ] ABCD RP:COORDOP HUMAITA NO QAP QRV:BORA Q HJ E DIA DOS CAVEIRA TA NA PISTA BANDIDO BOM E BANDIDO MORTO!!!!,"['Português', 'fps', 'PMSP', 'ROTA', 'choque']",[],False
5,2025-04-15 16:30,LipinhOr,pt,inZOI,"♾️𝐋𝐈𝐕𝐄 𝐈𝐍𝐅𝐈𝐍𝐈𝐓𝐀: R$2,00 = +2 Min | Sub = +3min | 100 Bits = +4 Min (Bônus de tempo: !subathon)","['Português', 'gta', 'roleplay']",[],False
5,2025-04-15 16:30,EiMine24h,pt,Minecraft,✅ RECOMPENSAS ON! | ⭐ SEJA RÁPIDO E GANHE UMA CAPA DE GRAÇA: !CAPA | 💘 INSTAGRAM: @EIMINE77 | !ajuda !rerun !subgratis !loja,"['Português', 'Minecraft', 'EiMine']",[],False
5,2025-04-15 16:30,RovaGool,pt,EA Sports FC 25,"🎉RIVALS, MATA MATA E ANÁLISE DE TIMES GRATUITAS ❗️coins ❗️futbuynow ❗️trade ❗️cliente ❗️grupo","['Português', 'Tutorial', 'ultimateteam', 'eafc25', 'Futebol', 'FutebolVirtual', 'fifa25', 'Brasil', 'eafcgameplay']",[],False
5,2025-04-15 16:30,MGW_FC,pt,EA Sports FC 25,JOGAMOS NA SUA CONTA! !pix !grupo !trade,['Português'],[],False
5,2025-04-15 16:31,IsraelPirata,pt,EA Sports FC 25,CLUBS COM O CHATZUDO !PIX !CLUBE,"['callofduty', 'warzone', 'fps', 'JogadaCasual', 'subathon', 'Português', 'English', 'RPG', 'Fortnite', 'FinalFantasy']",[],False
6,2025-04-15 16:51,ZAKl1k,pt,Minecraft,🟢 MINECRAFT | ⭐ GANHE ASSISTINDO | 🌟 REESTOQUE DIA 10 ou 16 às 18h | !loja !points !prime !sub,"['Português', 'Minecraft']",[],False
6,2025-04-15 16:51,EiMine77,pt,Minecraft,✅ RECOMPENSAS ON! | ⭐ SEJA RÁPIDO E GANHE UMA CAPA DE GRAÇA: !CAPA | 💘 INSTAGRAM: @EIMINE77 | !ajuda !rerun !sub !subgratis !loja,"['Minecraft', 'EiMine', 'Português']",[],False
6,2025-04-15 16:51,ogabsttv,pt,Marvel Rivals,[DROPS ON] MAIN EMMA FROST E DANDO DICAS | ANALISES MAIS TARDE,"['Português', 'humor', 'engraçado', 'DropsAtivados']",[],False
6,2025-04-15 16:51,bocaorj,pt,R.E.P.O.,[+18 ] ABCD RP:COORDOP HUMAITA NO QAP QRV:BORA Q HJ E DIA DOS CAVEIRA TA NA PISTA BANDIDO BOM E BANDIDO MORTO!!!!,"['Português', 'fps', 'PMSP', 'ROTA', 'choque']",[],False
6,2025-04-15 16:52,EiMine24h,pt,Minecraft,✅ RECOMPENSAS ON! | ⭐ SEJA RÁPIDO E GANHE UMA CAPA DE GRAÇA: !CAPA | 💘 INSTAGRAM: @EIMINE77 | !ajuda !rerun !subgratis !loja,"['Português', 'Minecraft', 'EiMine']",[],False
6,2025-04-15 16:52,playinghazel,pt,Sea of Thieves,Essa live contém altos níveis de pirataria incompetente | Campanha Plus - Dia 15 -> !plus + !roda | Sociais -> !redes,"['SeaofThieves', 'Português', 'LGBTQIAPIus', 'PvP', 'PvE']",[],False
6,2025-04-15 16:52,Xip4_Twitch,pt,R.E.P.O.,NÃO TENHO 🚗 NÃO TENHO 🏡 E SE VEM A ESTA STREAM É PORQUE GOSTA DO MEU R.E.P.O. R.E.P.O 🟠!IG 🟠!Giveaway 📱!socials,"['JogosVariados', 'InstantGaming', 'humor', 'sarcasmo', 'jogos', 'InstantGamingPartner', 'Português', 'repogame']",['ProfanityVulgarity'],False
6,2025-04-15 16:52,Rick0_PT,pt,R.E.P.O.,Robôs Laggers | R.E.P.O 🔹 !happymonth !ajudar !tip !discord !socials,"['Portuguese', 'uabo', 'lag', 'gaming', 'Português', 'English']",[],False
6,2025-04-15 16:52,DeAdL3sS_,pt,Phasmophobia,Jogar á sueca com o Epicareca🔹!tip 💵🔹!sorteio 🎁Sorteio todas as lives🔹!dixper Sustos e Partidas,"['GIGACHAD', 'fps', 'survival', 'Português', 'ExtractionShooter', 'English']",['MatureGame'],False
7,2025-04-15 17:04,ZAKl1k,pt,Minecraft,🟢 MINECRAFT | ⭐ GANHE ASSISTINDO | 🌟 REESTOQUE DIA 10 ou 16 às 18h | !loja !points !prime !sub,"['Português', 'Minecraft']",[],False
7,2025-04-15 17:04,Cooruja,pt,Overwatch 2,[!DROP Faster] De boas na lagoa! Sorteio PASSE ULTIMATE essa semana! !Coinrujas | !Stadium !Passefree,"['Autismo', 'TDAH', 'SafeSpace', 'Pai', 'Overwatch', 'Português', '4fun', 'OW2Season15', 'DropsAtivados', 'casado']",[],False
7,2025-04-15 17:04,bocaorj,pt,R.E.P.O.,[+18 ] ABCD RP:COORDOP HUMAITA NO QAP QRV:BORA Q HJ E DIA DOS CAVEIRA TA NA PISTA BANDIDO BOM E BANDIDO MORTO!!!!,"['Português', 'fps', 'PMSP', 'ROTA', 'choque']",[],False
7,2025-04-15 17:04,EiMine24h,pt,Minecraft,✅ RECOMPENSAS ON! | ⭐ SEJA RÁPIDO E GANHE UMA CAPA DE GRAÇA: !CAPA | 💘 INSTAGRAM: @EIMINE77 | !ajuda !rerun !subgratis !loja,"['Português', 'Minecraft', 'EiMine']",[],False
7,2025-04-15 17:04,sacy,pt,VALORANT,MIBR Sacy - LIVE CHILL SEM STRESS - !pix !mibr !noping !csgoskins,['Português'],[],False
7,2025-04-15 17:04,EiMine77,pt,Minecraft,✅ RECOMPENSAS ON! | ⭐ SEJA RÁPIDO E GANHE UMA CAPA DE GRAÇA: !CAPA | 💘 INSTAGRAM: @EIMINE77 | !ajuda !rerun !sub !subgratis !loja,"['Minecraft', 'EiMine', 'Português']",[],False
7,2025-04-15 17:05,VulgoFJ,pt,Grand Theft Auto V,BUCHA DA TURQUIA - PASSANDO MAL POREM ON ❗EUROPA ❗PIX ❗COMANDOS,"['TropaDaTurquia', 'VulgoFJ', 'GTARP', 'Português']",['MatureGame'],False
7,2025-04-15 17:05,Doiska_Rj,pt,Grand Theft Auto V,[Fronteira Leste]  +18 /LIDER DO NORTE !FRONTEIRA !PIX !CODIGUINHO !INSTA !BOOSTER @doiska_rj,['Português'],"['MatureGame', 'ProfanityVulgarity']",False
7,2025-04-15 17:05,Haridade_,pt,Grand Theft Auto V,A VOLTA DO MAGO Ep. 01,['Português'],['MatureGame'],False
8,2025-04-15 17:23,ZAKl1k,pt,Minecraft,🟢 MINECRAFT | ⭐ GANHE ASSISTINDO | 🌟 REESTOQUE DIA 10 ou 16 às 18h | !loja !points !prime !sub,"['Português', 'Minecraft']",[],False
8,2025-04-15 17:23,ogabsttv,pt,Marvel Rivals,[DROPS ON] MAIN EMMA FROST E DANDO DICAS | ANALISES MAIS TARDE,"['Português', 'humor', 'engraçado', 'DropsAtivados']",[],False
8,2025-04-15 17:23,bocaorj,pt,Goose Goose Duck,[+18 ] ABCD RP:COORDOP HUMAITA NO QAP QRV:BORA Q HJ E DIA DOS CAVEIRA TA NA PISTA BANDIDO BOM E BANDIDO MORTO!!!!,"['Português', 'fps', 'PMSP', 'ROTA', 'choque']",[],False
8,2025-04-15 17:23,EiMine77,pt,Minecraft,✅ RECOMPENSAS ON! | ⭐ SEJA RÁPIDO E GANHE UMA CAPA DE GRAÇA: !CAPA | 💘 INSTAGRAM: @EIMINE77 | !ajuda !rerun !sub !subgratis !loja,"['Minecraft', 'EiMine', 'Português']",[],False
8,2025-04-15 17:23,playinghazel,pt,Sea of Thieves,Essa live contém altos níveis de pirataria incompetente | Campanha Plus - Dia 15 -> !plus + !roda | Sociais -> !redes,"['SeaofThieves', 'Português', 'LGBTQIAPIus', 'PvP', 'PvE']",[],False
8,2025-04-15 17:23,Pedro017Yt,pt,Fortnite,(!DROP ON )*NOVO* RELOAD 🍉RESGATE SKINS ME ASSISTINDO (!loja !jogar !fila),"['Português', 'Fortnite', 'Jogandocomespectadores', 'DropsEnable', 'Drops', 'reload', 'DropsAtivados']",[],False
8,2025-04-15 17:23,simoesgm,pt,Fortnite,(DROP ON )NOVO RELOAD / VENHA RESGATAR SEUS VBUCKS !LOJA !FARM,"['Português', 'DropsAtivados']",[],False
8,2025-04-15 17:23,GUU_YT,pt,Fortnite,DROP-ON GRATIS ITENS ATUALIZAÇÃO RELOAD E SKIN GRATIS FORTNITE + ITENS FORTNITE( APOIE GUU NA LOJA ),"['Fortnite', 'lojadehojefortnite', 'Apoieumcriador', 'JOGOFORTNITE', 'VbucksGrátis', 'gratisvbucks', 'LOJADEITENS', 'Português', 'dropsfortnite', 'DropsAtivados']",[],False
8,2025-04-15 17:24,isafaracco,pt,Fortnite,DROPS ON!! - VAMOS JOGAR RELOAD? | !jogar !fila !sair | CODE ISAFARACCO,"['fortnite', 'battleroyale', 'Português', 'forninte', 'criativo', 'DropsAtivados']",[],False
0,2025-04-22 17:01,BrunoBalloni,pt,Counter-Strike,🔴RERUN!!! -> ❗regraloja❗farm ❗sub ❗msg ❗loja,"['Português', 'fps', 'Brasil', 'counterstrike', 'cs', 'cs2', 'brazil']",['MatureGame'],False
0,2025-04-22 17:01,Pedro017Yt,pt,Fortnite,SUBATHOM 1º DIA + RESGATE DE VBUCKS ASSISTINDO (!LOJA),"['Português', 'Fortnite', 'Jogandocomespectadores', 'DropsEnable', 'Drops', 'reload']",[],False
0,2025-04-22 17:01,nottblackk,pt,Overwatch 2,[DROPS ON] que Deus perdoe essas pessoas ruins !pix !clip !lurk,"['Português', 'overwatch', 'Widowmaker', 'Competitivo', 'DropsAtivados']",[],False
0,2025-04-22 17:01,Altemari_Gaming,pt,Grand Theft Auto V,Brasil Capital 7.0 - Força Tática: a resposta implacável contra a violência!,"['gtavrp', 'Português', 'ForçaTática', 'PMESP', 'policia', 'roleplay', 'tatico', 'policiarp', 'gtav', 'Altemari']",['MatureGame'],False
0,2025-04-22 17:01,letiltz,pt,Fortnite,TARTARUGAS 🐢 | USE O CÓDIGO LETILTZ NA LOJA,"['Português', 'Fortnite', 'letiltz', 'FamilyFriendly', 'SafeSpace', 'Jogandocomespectadores']",[],False
0,2025-04-22 17:01,Cooruja,pt,Overwatch 2,[!DROP Faster] 🎁5 !Lootbox FREE | Lendaria Symmetra FREE! | Tem !Sorteio PASSE HOJE! | !Passefree !Agenda,"['Autismo', 'TDAH', 'SafeSpace', 'Pai', 'Overwatch', 'Português', '4fun', 'OW2Season15', 'casado', 'DropsAtivados']",[],False
0,2025-04-22 17:01,Neszaah,pt,VALORANT,Vem passar a tarde comigo! !comandos !pix,"['Português', 'valorant', 'gamergirl', 'Mulher', 'BR', 'fps']",[],False
0,2025-04-22 17:01,cawerzita,pt,VALORANT,RANKEDSSSSSS 🔥(+18),"['valorant', 'Português', 'Mulher']",[],False
0,2025-04-22 17:01,CREMOSA,pt,Sons of the Forest,Aventurinhas hoje ❗NUUVEM ❗OVERCLOCK ❗GROWTH,['Português'],[],True
1,2025-04-22 17:22,BrunoBalloni,pt,Counter-Strike,🔴RERUN!!! -> ❗regraloja❗farm ❗sub ❗msg ❗loja,"['Português', 'fps', 'Brasil', 'counterstrike', 'cs', 'cs2', 'brazil']",['MatureGame'],False
1,2025-04-22 17:22,Pedro017Yt,pt,Fortnite,SUBATHOM 1º DIA + RESGATE DE VBUCKS ASSISTINDO (!LOJA),"['Português', 'Fortnite', 'Jogandocomespectadores', 'DropsEnable', 'Drops', 'reload']",[],False
1,2025-04-22 17:22,nottblackk,pt,Overwatch 2,[DROPS ON] que Deus perdoe essas pessoas ruins !pix !clip !lurk,"['Português', 'overwatch', 'Widowmaker', 'Competitivo', 'DropsAtivados']",[],False
1,2025-04-22 17:22,Altemari_Gaming,pt,Grand Theft Auto V,Brasil Capital 7.0 - Força Tática: a resposta implacável contra a violência!,"['gtavrp', 'Português', 'ForçaTática', 'PMESP', 'policia', 'roleplay', 'tatico', 'policiarp', 'gtav', 'Altemari']",['MatureGame'],False
1,2025-04-22 17:22,Cooruja,pt,Overwatch 2,[!DROP Faster] 🎁5 !Lootbox FREE | Lendaria Symmetra FREE! | Tem !Sorteio PASSE HOJE! | !Passefree !Agenda,"['Autismo', 'TDAH', 'SafeSpace', 'Pai', 'Overwatch', 'Português', '4fun', 'OW2Season15', 'casado', 'DropsAtivados']",[],False
1,2025-04-22 17:22,enriquemachado_,pt,Counter-Strike,OLHA AE | SORTEIO DE 4 FACAS >❗ Sorteio  ❗topskin ❗loja ❗csgobig  ❗insane  ❗suaskin +18,['Português'],['MatureGame'],False
2,2025-04-22 17:36,BrunoBalloni,pt,Counter-Strike,🔴RERUN!!! -> ❗regraloja❗farm ❗sub ❗msg ❗loja,"['Português', 'fps', 'Brasil', 'counterstrike', 'cs', 'cs2', 'brazil']",['MatureGame'],False
2,2025-04-22 17:36,Pedro017Yt,pt,Fortnite,SUBATHOM 1º DIA + RESGATE DE VBUCKS ASSISTINDO (!LOJA),"['Português', 'Fortnite', 'Jogandocomespectadores', 'DropsEnable', 'Drops', 'reload']",[],False
2,2025-04-22 17:37,nottblackk,pt,Overwatch 2,[DROPS ON] que Deus perdoe essas pessoas ruins !pix !clip !lurk,"['Português', 'overwatch', 'Widowmaker', 'Competitivo', 'DropsAtivados']",[],False
2,2025-04-22 17:37,Altemari_Gaming,pt,Grand Theft Auto V,Brasil Capital 7.0 - Força Tática: a resposta implacável contra a violência!,"['gtavrp', 'Português', 'ForçaTática', 'PMESP', 'policia', 'roleplay', 'tatico', 'policiarp', 'gtav', 'Altemari']",['MatureGame'],False
2,2025-04-22 17:37,Cooruja,pt,Overwatch 2,[!DROP Faster] 🎁5 !Lootbox FREE | Lendaria Symmetra FREE! | Tem !Sorteio PASSE HOJE! | !Passefree !Agenda,"['Autismo', 'TDAH', 'SafeSpace', 'Pai', 'Overwatch', 'Português', '4fun', 'OW2Season15', 'casado', 'DropsAtivados']",[],False
2,2025-04-22 17:37,enriquemachado_,pt,Counter-Strike,OLHA AE | SORTEIO DE 4 FACAS >❗ Sorteio  ❗topskin ❗loja ❗csgobig  ❗insane  ❗suaskin +18,['Português'],['MatureGame'],False
2,2025-04-22 17:37,ElfoLives,pt,Minecraft,MINECRAFT HARDCORE | Dia 1400+| A ÁRVORE GIGANTE - MINECRAFT 1.21.4｜ !discord !pix,"['Português', 'minecraft', 'meioelfo', 'elfo', 'conversa']",[],False
2,2025-04-22 17:37,aldeoes,pt,Minecraft,(AO VIVO) !loja 😎 ALDEÃO RUSH LIVES INSANAS,"['aldeao', 'minigames', 'Português', 'rp', 'smp', '100dias']",[],False
2,2025-04-22 17:37,EiMine24h,pt,Minecraft,✅ RECOMPENSAS ON! | ⭐ SEJA RÁPIDO E GANHE UMA CAPA DE GRAÇA: !CAPA | 💘 INSTAGRAM: @EIMINE77 | !ajuda !rerun !subgratis !loja,"['Português', 'Minecraft', 'EiMine']",[],False
3,2025-04-22 17:55,BrunoBalloni,pt,Counter-Strike,🔴RERUN!!! -> ❗regraloja❗farm ❗sub ❗msg ❗loja,"['Português', 'fps', 'Brasil', 'counterstrike', 'cs', 'cs2', 'brazil']",['MatureGame'],False
3,2025-04-22 17:56,Pedro017Yt,pt,Fortnite,SUBATHOM 1º DIA + RESGATE DE VBUCKS ASSISTINDO (!LOJA),"['Português', 'Fortnite', 'Jogandocomespectadores', 'DropsEnable', 'Drops', 'reload']",[],False
3,2025-04-22 17:56,MiaSlv,pt,Fortnite,EM BUSCA DO SURREAL COM O CHAT NO BATTLE ROYALE !!! VEM JOGAR COMIGO !!! |USE CODE MIASLV NA LOJA!| !pix !jogar !tiktok !mapa,"['Português', 'Fortnite', 'Girl', 'Ranked', 'React', 'fps', 'battleroyale', 'Ruiva']",[],True
3,2025-04-22 17:56,ZAKl1k,pt,Minecraft,🟢 MINECRAFT | ⭐ GANHE ASSISTINDO | 🌟 REESTOQUE DIA 10 ou 16 às 18h | !loja !points !prime !sub,"['Português', 'Minecraft']",[],False
3,2025-04-22 17:56,Altemari_Gaming,pt,Grand Theft Auto V,Brasil Capital 7.0 - Força Tática: a resposta implacável contra a violência!,"['gtavrp', 'Português', 'ForçaTática', 'PMESP', 'policia', 'roleplay', 'tatico', 'policiarp', 'gtav', 'Altemari']",['MatureGame'],False
3,2025-04-22 17:56,EiMine77,pt,Minecraft,✅ RECOMPENSAS ON! | ⭐ SEJA RÁPIDO E GANHE UMA CAPA DE GRAÇA: !CAPA | 💘 INSTAGRAM: @EIMINE77 | !ajuda !rerun !sub !subgratis !loja,"['Minecraft', 'EiMine', 'Português']",[],False
3,2025-04-22 17:56,guma011,pt,League of Legends,Challenger Hecarim// 2 conta 1000pdl jogando muito tryhard e sério//!guia !pix,"['jg', 'Challenger', 'refem', 'ff', 'Português', 'hecarim', 'tubaraoteamo']",[],False
3,2025-04-22 17:56,puminhalol,pt,League of Legends,DICAS NA JUNGLE E TRYHARDANDO NO CHALLENGER | BEST NIDALEE WORLD SOLOQ CHALLENGER | ❗clip ❗coach ❗teclado ❗artmosfera,"['challenger', 'bestnidalee', 'Português', 'nidalee']",[],False
3,2025-04-22 17:56,caiozeralol,pt,League of Legends,chall soloq kayn,"['Português', 'challenger', 'kayn']",[],False
4,2025-04-22 20:01,BrunoBalloni,pt,Counter-Strike,🔴RERUN!!! -> ❗regraloja❗farm ❗sub ❗msg ❗loja,"['Português', 'fps', 'Brasil', 'counterstrike', 'cs', 'cs2', 'brazil']",['MatureGame'],False
4,2025-04-22 20:01,Pedro017Yt,pt,Fortnite,VEM JOGAR + RESGATE DE VBUCKS ASSISTINDO (!LOJA),"['Português', 'Fortnite', 'Jogandocomespectadores', 'DropsEnable', 'Drops', 'reload']",[],False
4,2025-04-22 20:01,tthais,pt,Overwatch 2,SEASON NOVA !sociais,"['Português', 'Brasil', 'Mulher']",[],False
4,2025-04-22 20:01,Altemari_Gaming,pt,Grand Theft Auto V,Brasil Capital 7.0 - Força Tática: a resposta implacável contra a violência!,"['gtavrp', 'Português', 'ForçaTática', 'PMESP', 'policia', 'roleplay', 'tatico', 'policiarp', 'gtav', 'Altemari']",['MatureGame'],False
4,2025-04-22 20:01,Cooruja,pt,Overwatch 2,[!DROP Faster] 🎁5 !Lootbox FREE | Lendaria Symmetra FREE! | Tem !Sorteio PASSE HOJE! | !Passefree !Agenda,"['Autismo', 'TDAH', 'SafeSpace', 'Pai', 'Overwatch', 'Português', '4fun', 'OW2Season15', 'casado', 'DropsAtivados']",[],False
4,2025-04-22 20:01,enriquemachado_,pt,Counter-Strike,OLHA AE | SORTEIO DE 4 FACAS >❗ Sorteio  ❗topskin ❗loja ❗csgobig  ❗insane  ❗suaskin +18,['Português'],['MatureGame'],False
4,2025-04-22 20:01,VovinhoFUT,pt,EA Sports FC 25,💥QUARTAS DA COPA DOS STREAMERS CONTRA O TIO PEDRO AGORA! BORA DE AQUECIMENTO NA CALVARENA! !GRUPO !CURSO !TRADE !LIVEPIX,"['Português', 'ultimateteam', 'EAFC', 'EASportsFC', 'fifa', 'FC25', 'EAFC25']",[],False
4,2025-04-22 20:01,oparazim,pt,EA Sports FC 25,"‼️QUARTAS DE FINAL DA COPA DOS STREAMERS | 🚜Farming pré-TOTS, Packs 14x83+ e PP Icon","['fifa', 'eafc', 'fc24', 'fc24livestream', 'Português', 'fc25', 'fc25livestream']",[],False
4,2025-04-22 20:02,vilela022,pt,EA Sports FC 25,"!wlcliente - COPA DOS STREAMERS 18HS, RIVALS DIVISÃO ELITE, HYPE DAS 14HS E PACKS PRO TOTS! - !grupo","['Português', 'Futebol', 'EAFC']",[],False
5,2025-04-22 20:22,BrunoBalloni,pt,Counter-Strike,🔴RERUN!!! -> ❗regraloja❗farm ❗sub ❗msg ❗loja,"['Português', 'fps', 'Brasil', 'counterstrike', 'cs', 'cs2', 'brazil']",['MatureGame'],False
5,2025-04-22 20:22,Pedro017Yt,pt,Fortnite,"OLÁ, VENHA RESGATE DE VBUCKS ASSISTINDO (!LOJA)","['Português', 'Fortnite', 'Jogandocomespectadores', 'DropsEnable', 'Drops', 'reload']",[],False
5,2025-04-22 20:22,tthais,pt,Overwatch 2,SEASON NOVA !sociais,"['Português', 'Brasil', 'Mulher']",[],False
5,2025-04-22 20:22,Altemari_Gaming,pt,Grand Theft Auto V,Brasil Capital 7.0 - Força Tática: a resposta implacável contra a violência!,"['gtavrp', 'Português', 'ForçaTática', 'PMESP', 'policia', 'roleplay', 'tatico', 'policiarp', 'gtav', 'Altemari']",['MatureGame'],False
5,2025-04-22 20:23,Cooruja,pt,Overwatch 2,[!DROP Faster] 🎁5 !Lootbox FREE | Lendaria Symmetra FREE! | Tem !Sorteio PASSE HOJE! | !Passefree !Agenda,"['Autismo', 'TDAH', 'SafeSpace', 'Pai', 'Overwatch', 'Português', '4fun', 'OW2Season15', 'casado', 'DropsAtivados']",[],False
5,2025-04-22 20:23,ZAKl1k,pt,Minecraft,🟢 MINECRAFT | ⭐ GANHE ASSISTINDO | 🌟 REESTOQUE DIA 10 ou 16 às 18h | !loja !points !prime !sub,"['Português', 'Minecraft']",[],False
5,2025-04-22 20:23,ofernandomaidana,pt,Sea of Thieves,☠️ LIVE SURPRESA PRA SURPREENDER ⚓ !cmd !playlist,"['Português', 'seaofthieves', 'pirata', 'SongRequests', 'songrequest', 'SeaOfThievesPartner', 'SeaofThievesgameplay', 'English']",[],False
5,2025-04-22 20:23,baruca2222,pt,Sea of Thieves,Pvpzin,"['Português', 'crime', 'seaofthieves']",[],True
5,2025-04-22 20:23,sicko1,pt,Sea of Thieves,reclama y juega ❗exitlag,"['Português', 'PvP', 'Calvo', 'Idoso', 'Lindo', 'Humilde', 'chill', 'Terror']",[],False
6,2025-04-22 20:42,BrunoBalloni,pt,Counter-Strike,🔴RERUN!!! -> ❗regraloja❗farm ❗sub ❗msg ❗loja,"['Português', 'fps', 'Brasil', 'counterstrike', 'cs', 'cs2', 'brazil']",['MatureGame'],False
6,2025-04-22 20:42,Pedro017Yt,pt,Fortnite,"OLÁ, VENHA RESGATE DE VBUCKS ASSISTINDO (!LOJA)","['Português', 'Fortnite', 'Jogandocomespectadores', 'DropsEnable', 'Drops', 'reload']",[],False
6,2025-04-22 20:42,tthais,pt,Overwatch 2,SEASON NOVA !sociais,"['Português', 'Brasil', 'Mulher']",[],False
6,2025-04-22 20:42,Altemari_Gaming,pt,Grand Theft Auto V,Brasil Capital 7.0 - Força Tática: a resposta implacável contra a violência!,"['gtavrp', 'Português', 'ForçaTática', 'PMESP', 'policia', 'roleplay', 'tatico', 'policiarp', 'gtav', 'Altemari']",['MatureGame'],False
6,2025-04-22 20:43,Cooruja,pt,Overwatch 2,[!DROP Faster] 🎁5 !Lootbox FREE | Lendaria Symmetra FREE! | Tem !Sorteio PASSE HOJE! | !Passefree !Agenda,"['Autismo', 'TDAH', 'SafeSpace', 'Pai', 'Overwatch', 'Português', '4fun', 'OW2Season15', 'casado', 'DropsAtivados']",[],False
6,2025-04-22 20:43,enriquemachado_,pt,Counter-Strike,OLHA AE | SORTEIO DE 4 FACAS >❗ Sorteio  ❗topskin ❗loja ❗csgobig  ❗insane  ❗suaskin +18,['Português'],['MatureGame'],False
6,2025-04-22 20:43,LinnosTV,pt,VALORANT,"Friozin chegou, pega algo quente e Cola com a Gente  - https://livepix.gg/linnostv","['TDAH', 'reality', 'Jogopordinheiro', 'MARVEL', 'VozesPretas', 'arcane2', 'Português', 'LGBT']","['ProfanityVulgarity', 'SexualThemes', 'ViolentGraphic']",True
6,2025-04-22 20:43,Kah_Athena,pt,Just Chatting,[+18]... Série: Black Mirror ...😈❗sorteio ...❗jogar❗pix❗epic❗uid❗social❗playlist ❗codiepic ❗valorant ❗whats ❗love ❗nick,"['Positividade', 'sorteio', 'Fortnite', 'Mulher', 'SafeSpace', 'justcchatting', 'VALORANＴ', 'ＦＰＳ', 'jogodetiro', 'Português']",[],False
6,2025-04-22 20:43,manuFortona,pt,VALORANT,BORA SAIR DO ASC 1  | ❗loja❗pix ❗social,"['Português', 'Mulher', 'valorant', 'sorteio']",[],False
7,2025-04-22 20:59,BrunoBalloni,pt,Counter-Strike,🔴RERUN!!! -> ❗regraloja❗farm ❗sub ❗msg ❗loja,"['Português', 'fps', 'Brasil', 'counterstrike', 'cs', 'cs2', 'brazil']",['MatureGame'],False
7,2025-04-22 20:59,Pedro017Yt,pt,Fortnite,"OLÁ, VENHA RESGATE DE VBUCKS ASSISTINDO (!LOJA)","['Português', 'Fortnite', 'Jogandocomespectadores', 'DropsEnable', 'Drops', 'reload']",[],False
7,2025-04-22 20:59,tthais,pt,Overwatch 2,SEASON NOVA !sociais,"['Português', 'Brasil', 'Mulher']",[],False
7,2025-04-22 20:59,Altemari_Gaming,pt,Grand Theft Auto V,Brasil Capital 7.0 - Força Tática: a resposta implacável contra a violência!,"['gtavrp', 'Português', 'ForçaTática', 'PMESP', 'policia', 'roleplay', 'tatico', 'policiarp', 'gtav', 'Altemari']",['MatureGame'],False
7,2025-04-22 20:59,Cooruja,pt,Overwatch 2,[!DROP Faster] 🎁5 !Lootbox FREE | Lendaria Symmetra FREE! | Tem !Sorteio PASSE HOJE! | !Passefree !Agenda,"['Autismo', 'TDAH', 'SafeSpace', 'Pai', 'Overwatch', 'Português', '4fun', 'OW2Season15', 'casado', 'DropsAtivados']",[],False
7,2025-04-22 20:59,ZAKl1k,pt,Minecraft,🟢 MINECRAFT | ⭐ GANHE ASSISTINDO | 🌟 REESTOQUE DIA 10 ou 16 às 18h | !loja !points !prime !sub,"['Português', 'Minecraft']",[],False
7,2025-04-22 20:59,Nitrao_,pt,Marvel Rivals,[DROPS ON] ranked e coachs,"['Português', 'DropsAtivados']",[],False
7,2025-04-22 20:59,LuBuuu,pt,Marvel Rivals,RANKED HIGHELO MAIN CAPITÃO AMÉRICA !comando !youtube !tiktok,"['Português', 'Brasil', 'marvelrivals', 'LearningEnglish', 'Competitivo', 'English', 'DropsAtivados']",[],False
7,2025-04-22 21:00,amohrte,pt,Marvel Rivals,"PEGUE O PATO PEGUE O PATO, UM DIA SAIO DO BRONZE // REPRISE","['Português', 'funny', 'humor', 'amohrte', 'English', 'marvelrivals', 'marvel', 'DayZ', 'fps', 'DropsAtivados']",['ProfanityVulgarity'],False
8,2025-04-23 00:01,BrunoBalloni,pt,Counter-Strike,🔴RERUN!!! -> ❗regraloja❗farm ❗sub ❗msg ❗loja,"['Português', 'fps', 'Brasil', 'counterstrike', 'cs', 'cs2', 'brazil']",['MatureGame'],False
8,2025-04-23 00:01,Pedro017Yt,pt,Fortnite,"OLÁ, VENHA RESGATE DE VBUCKS ASSISTINDO (!LOJA)","['Português', 'Fortnite', 'Jogandocomespectadores', 'DropsEnable', 'Drops', 'reload']",[],False
8,2025-04-23 00:01,iShadowWolf_,pt,Rocket League,(+18) Livezinha Muito Doida!   ||   (❗comandos ❗metas ❗drops)   ||   (Epic Code: SHADOWOLF),['Português'],[],False
8,2025-04-23 00:01,Cooruja,pt,Overwatch 2,[!DROP Faster] 🎁5 !Lootbox FREE | Lendaria Symmetra FREE! | Tem !Sorteio PASSE HOJE! | !Passefree !Agenda,"['Autismo', 'TDAH', 'SafeSpace', 'Pai', 'Overwatch', 'Português', '4fun', 'OW2Season15', 'casado', 'DropsAtivados']",[],False
8,2025-04-23 00:01,oBenee,pt,VALORANT,RANKED 15sec DELAY  -> ❗pix,['Português'],[],False
8,2025-04-23 00:01,EiMine77,pt,Minecraft,✅ RECOMPENSAS ON! | ⭐ SEJA RÁPIDO E GANHE UMA CAPA DE GRAÇA: !CAPA | 💘 INSTAGRAM: @EIMINE77 | !ajuda !rerun !sub !subgratis !loja,"['Minecraft', 'EiMine', 'Português']",[],False
8,2025-04-23 00:01,exexeboy,pt,Overwatch 2,jogo do ano (de 2016),"['Portuguese', 'Português', 'DropsAtivados']",[],False
8,2025-04-23 00:01,tiemis,pt,League of Legends,boa noite!! <3 !insta !pix,"['Portugues', 'games', 'portuguese', 'Português']",[],False
8,2025-04-23 00:02,NoAndroidyt,pt,Just Chatting,BO DANÇA UGA UGA ? !DISCORD !PIX !SR,"['Português', 'mine', 'amo']",[],True
9,2025-04-23 00:17,EiMine77,pt,Minecraft,✅ RECOMPENSAS ON! | ⭐ SEJA RÁPIDO E GANHE UMA CAPA DE GRAÇA: !CAPA | 💘 INSTAGRAM: @EIMINE77 | !ajuda !rerun !sub !subgratis !loja,"['Minecraft', 'EiMine', 'Português']",[],False
9,2025-04-23 00:17,Cooruja,pt,Overwatch 2,[!DROP Faster] 🎁5 !Lootbox FREE | Lendaria Symmetra FREE! | Tem !Sorteio PASSE HOJE! | !Passefree !Agenda,"['Autismo', 'TDAH', 'SafeSpace', 'Pai', 'Overwatch', 'Português', '4fun', 'OW2Season15', 'casado', 'DropsAtivados']",[],False
9,2025-04-23 00:17,iShadowWolf_,pt,Rocket League,(+18) Livezinha Muito Doida!   ||   (❗comandos ❗metas ❗drops)   ||   (Epic Code: SHADOWOLF),['Português'],[],False
9,2025-04-23 00:17,BrunoBalloni,pt,Counter-Strike,🔴RERUN!!! -> ❗regraloja❗farm ❗sub ❗msg ❗loja,"['Português', 'fps', 'Brasil', 'counterstrike', 'cs', 'cs2', 'brazil']",['MatureGame'],False
9,2025-04-23 00:17,Saullo,pt,Counter-Strike,SORTEIO SKELETON SLAUGHTER HOJE de R$6.700 + DEPÓSITO NA CONTA DE VOCÊS + SORTEIO 100 DÓLARES (AO VIVO),"['Português', 'skinscsgo', 'CSGO', 'SORTEIO', 'PIX', 'SKINS', 'FPS', 'Brasil', 'CS2', 'cs2beta']",['MatureGame'],True
9,2025-04-23 00:17,Pedro017Yt,pt,Fortnite,"OLÁ, VENHA RESGATE DE VBUCKS ASSISTINDO (!LOJA)","['Português', 'Fortnite', 'Jogandocomespectadores', 'DropsEnable', 'Drops', 'reload']",[],False
11,2025-04-23 00:48,BrunoBalloni,pt,Counter-Strike,🔴RERUN!!! -> ❗regraloja❗farm ❗sub ❗msg ❗loja,"['Português', 'fps', 'Brasil', 'counterstrike', 'cs', 'cs2', 'brazil']",['MatureGame'],False
11,2025-04-23 00:48,Pedro017Yt,pt,Fortnite,"OLÁ, VENHA RESGATE DE VBUCKS ASSISTINDO (!LOJA)","['Português', 'Fortnite', 'Jogandocomespectadores', 'DropsEnable', 'Drops', 'reload']",[],False
11,2025-04-23 00:48,iShadowWolf_,pt,Rocket League,(+18) Livezinha Muito Doida!   ||   (❗comandos ❗metas ❗drops)   ||   (Epic Code: SHADOWOLF),['Português'],[],False
11,2025-04-23 00:48,ckgeek,pt,Marvel Rivals,"CHEGUEI, VEM QUE O PAI TA ON!","['Português', 'DropsAtivados']",[],False
11,2025-04-23 00:48,Cooruja,pt,Overwatch 2,[!DROP Faster] 🎁5 !Lootbox FREE | Lendaria Symmetra FREE! | Tem !Sorteio PASSE HOJE! | !Passefree !Agenda,"['Autismo', 'TDAH', 'SafeSpace', 'Pai', 'Overwatch', 'Português', '4fun', 'OW2Season15', 'casado', 'DropsAtivados']",[],False
11,2025-04-23 00:48,oBenee,pt,VALORANT,RANKED 15sec DELAY  -> ❗pix,['Português'],[],False
11,2025-04-23 00:48,DaniloFariasFUT,pt,EA Sports FC 25,QUARTAS DE FINAIS COPA DOS STREAMERS . DANILO X MILK ... @danilofariasfut,"['Português', 'ultimateteam', 'dicas', 'eafc25', 'tutorials', 'livestreamers', 'resenha', 'frontpagetwitch', 'TOTY', 'KingsLeague']",[],False
11,2025-04-23 00:48,JanjaoMachado,pt,EA Sports FC 25,💥FIM DAS MINI-FÉRIAS! QUE SAUDADES DOS MEUS CHAMEGUENTOS!!!,"['eafc25', 'adolfz', 'paivinha29', 'fifenzo', 'WENDELLLIRA', 'pelegrino1993', 'sharkmacedo', 'Português', 'eafc25ultimateteam']",[],False
11,2025-04-23 00:48,Fifandrade,pt,EA Sports FC 25,"!100h  FARMANDO PACKS PRO TOTS, RESOLVENDO COPINHA E RIVALS! !donate1 !donate2 !coins !sub !pix","['Português', 'eaesports', 'EAFC', 'eafc25', 'ultimateteam', 'fc25', 'fc25gameplay']",[],False
12,2025-04-23 01:09,BrunoBalloni,pt,Counter-Strike,🔴RERUN!!! -> ❗regraloja❗farm ❗sub ❗msg ❗loja,"['Português', 'fps', 'Brasil', 'counterstrike', 'cs', 'cs2', 'brazil']",['MatureGame'],False
12,2025-04-23 01:10,Pedro017Yt,pt,Fortnite,"OLÁ, VENHA RESGATE DE VBUCKS ASSISTINDO (!LOJA)","['Português', 'Fortnite', 'Jogandocomespectadores', 'DropsEnable', 'Drops', 'reload']",[],False
12,2025-04-23 01:10,iShadowWolf_,pt,Rocket League,(+18) Livezinha Muito Doida!   ||   (❗comandos ❗metas ❗drops)   ||   (Epic Code: SHADOWOLF),['Português'],[],False
12,2025-04-23 01:10,ckgeek,pt,Marvel Rivals,"CHEGUEI, VEM QUE O PAI TA ON!","['Português', 'DropsAtivados']",[],False
12,2025-04-23 01:10,oBenee,pt,VALORANT,RANKED 15sec DELAY  -> ❗pix,['Português'],[],False
12,2025-04-23 01:10,Cooruja,pt,Overwatch 2,[!DROP Faster] 🎁5 !Lootbox FREE | Lendaria Symmetra FREE! | Tem !Sorteio PASSE HOJE! | !Passefree !Agenda,"['Autismo', 'TDAH', 'SafeSpace', 'Pai', 'Overwatch', 'Português', '4fun', 'OW2Season15', 'casado', 'DropsAtivados']",[],False
12,2025-04-23 01:10,O_MrCasual,pt,Honkai: Star Rail,🔴BORA TRABALHAR?❗PERSONAGEM ❗analise,"['Português', 'ASMR', 'genshin', 'Gacha', 'jogos', 'DropsAtivados']",[],False
12,2025-04-23 01:10,GEODE0,pt,Baldur's Gate 3,✦⛩️✦ Raposo de buenas ✦🦊✦ !comandos !sociais !collab ✦ [+18],['Português'],"['DrugsIntoxication', 'MatureGame', 'ProfanityVulgarity', 'SexualThemes', 'ViolentGraphic']",False
12,2025-04-23 01:10,KiMiiyaa_,pt,Resident Evil 4,[🌸BR-Vtuber]🌊 REACTS E DEPOIS RESIDENTE EVITAR!!!❣️discord ❣️pix ❣️Tcholla,"['VtuberBr', 'Jogo', 'Terror', 'Conversa', 'Português', 'ｖtuber', 'Ｖｔｕｂｅｒ', 'Vtuber', 'reacts', 'react']",['MatureGame'],False
13,2025-04-23 04:02,BrunoBalloni,pt,Counter-Strike,🔴RERUN!!! -> ❗regraloja❗farm ❗sub ❗msg ❗loja,"['Português', 'fps', 'Brasil', 'counterstrike', 'cs', 'cs2', 'brazil']",['MatureGame'],False
13,2025-04-23 04:02,Cooruja,pt,Overwatch 2,[!DROP Faster] 🎁5 !Lootbox FREE | Lendaria Symmetra FREE! | Tem !Sorteio PASSE HOJE! | !Passefree !Agenda,"['Autismo', 'TDAH', 'SafeSpace', 'Pai', 'Overwatch', 'Português', '4fun', 'OW2Season15', 'casado', 'DropsAtivados']",[],False
13,2025-04-23 04:02,iShadowWolf_,pt,Fortnite,(+18) Livezinha Muito Doida!   ||   (❗comandos ❗metas ❗drops)   ||   (Epic Code: SHADOWOLF),['Português'],[],False
13,2025-04-23 04:02,EiMine77,pt,Minecraft,✅ RECOMPENSAS ON! | ⭐ SEJA RÁPIDO E GANHE UMA CAPA DE GRAÇA: !CAPA | 💘 INSTAGRAM: @EIMINE77 | !ajuda !rerun !sub !subgratis !loja,"['Minecraft', 'EiMine', 'Português']",[],False
13,2025-04-23 04:02,ZAKl1k,pt,Minecraft,🟢 MINECRAFT | ⭐ GANHE ASSISTINDO | 🌟 REESTOQUE DIA 10 ou 16 às 18h | !loja !points !prime !sub,"['Português', 'Minecraft']",[],False
13,2025-04-23 04:02,ckgeek,pt,Marvel Rivals,"CHEGUEI, VEM QUE O PAI TA ON!","['Português', 'DropsAtivados']",[],False
14,2025-04-23 04:18,BrunoBalloni,pt,Counter-Strike,🔴RERUN!!! -> ❗regraloja❗farm ❗sub ❗msg ❗loja,"['Português', 'fps', 'Brasil', 'counterstrike', 'cs', 'cs2', 'brazil']",['MatureGame'],False
14,2025-04-23 04:18,Cooruja,pt,Overwatch 2,[!DROP Faster] 🎁5 !Lootbox FREE | Lendaria Symmetra FREE! | Tem !Sorteio PASSE HOJE! | !Passefree !Agenda,"['Autismo', 'TDAH', 'SafeSpace', 'Pai', 'Overwatch', 'Português', '4fun', 'OW2Season15', 'casado', 'DropsAtivados']",[],False
14,2025-04-23 04:18,iShadowWolf_,pt,Fortnite,(+18) Livezinha Muito Doida!   ||   (❗comandos ❗metas ❗drops)   ||   (Epic Code: SHADOWOLF),['Português'],[],False
14,2025-04-23 04:18,EiMine77,pt,Minecraft,✅ RECOMPENSAS ON! | ⭐ SEJA RÁPIDO E GANHE UMA CAPA DE GRAÇA: !CAPA | 💘 INSTAGRAM: @EIMINE77 | !ajuda !rerun !sub !subgratis !loja,"['Minecraft', 'EiMine', 'Português']",[],False
14,2025-04-23 04:18,ZAKl1k,pt,Minecraft,🟢 MINECRAFT | ⭐ GANHE ASSISTINDO | 🌟 REESTOQUE DIA 10 ou 16 às 18h | !loja !points !prime !sub,"['Português', 'Minecraft']",[],False
14,2025-04-23 04:19,amohrte,pt,Marvel Rivals,"PEGUE O PATO PEGUE O PATO, UM DIA SAIO DO BRONZE // REPRISE","['Português', 'funny', 'humor', 'amohrte', 'English', 'marvelrivals', 'marvel', 'DayZ', 'fps', 'DropsAtivados']",['ProfanityVulgarity'],False
14,2025-04-23 04:19,bombombela,pt,Grand Theft Auto V,+18🔞[Lado Leste] Atrasada Mas ON!💚 ❗pix❗gf ❗sub ❗insta ❗youtube ❗BA ❗+18 ❗LOL ❗Valorant  ❗patrocinador,['Português'],"['MatureGame', 'ProfanityVulgarity']",True
14,2025-04-23 04:19,iMarianaPit,pt,Grand Theft Auto V,"[ + 18 ] LADO LESTE Dia ruim, dia bom, é assim...","['English', 'girlgamers', 'ＧTA5', 'Português', 'fivem', 'Alemanha', 'LadoLesteRP', 'ladolesteroleplay', 'ladolestept2', 'tropadaalemanha']",['MatureGame'],False
14,2025-04-23 04:19,NicolleRodrigues_,pt,Grand Theft Auto V,+18 GTARP | DEVIDO HORÁRIO,"['Português', 'ＧTA5', 'gtavrproleplay', 'GTARP', 'temarj']",['MatureGame'],False
15,2025-04-23 04:37,iShadowWolf_,pt,Fortnite,(+18) Livezinha Muito Doida!   ||   (❗comandos ❗metas ❗drops)   ||   (Epic Code: SHADOWOLF),['Português'],[],False
15,2025-04-23 04:37,BrunoBalloni,pt,Counter-Strike,🔴RERUN!!! -> ❗regraloja❗farm ❗sub ❗msg ❗loja,"['Português', 'fps', 'Brasil', 'counterstrike', 'cs', 'cs2', 'brazil']",['MatureGame'],False
15,2025-04-23 04:37,Cooruja,pt,Overwatch 2,[!DROP Faster] 🎁5 !Lootbox FREE | Lendaria Symmetra FREE! | Tem !Sorteio PASSE HOJE! | !Passefree !Agenda,"['Autismo', 'TDAH', 'SafeSpace', 'Pai', 'Overwatch', 'Português', '4fun', 'OW2Season15', 'casado', 'DropsAtivados']",[],False
15,2025-04-23 04:37,EiMine77,pt,Minecraft,✅ RECOMPENSAS ON! | ⭐ SEJA RÁPIDO E GANHE UMA CAPA DE GRAÇA: !CAPA | 💘 INSTAGRAM: @EIMINE77 | !ajuda !rerun !sub !subgratis !loja,"['Minecraft', 'EiMine', 'Português']",[],False
15,2025-04-23 04:37,ZAKl1k,pt,Minecraft,🟢 MINECRAFT | ⭐ GANHE ASSISTINDO | 🌟 REESTOQUE DIA 10 ou 16 às 18h | !loja !points !prime !sub,"['Português', 'Minecraft']",[],False
15,2025-04-23 04:37,Saullo,pt,Counter-Strike,SORTEIO SKELETON SLAUGHTER HOJE de R$6.700 + DEPÓSITO NA CONTA DE VOCÊS + SORTEIO 100 DÓLARES (AO VIVO),"['Português', 'skinscsgo', 'CSGO', 'SORTEIO', 'PIX', 'SKINS', 'FPS', 'Brasil', 'CS2', 'cs2beta']",['MatureGame'],True
15,2025-04-23 04:37,Fifandrade,pt,EA Sports FC 25,"!100h  FARMANDO PACKS PRO TOTS, RESOLVENDO COPINHA E RIVALS! !donate1 !donate2 !coins !sub !pix","['Português', 'eaesports', 'EAFC', 'eafc25', 'ultimateteam', 'fc25', 'fc25gameplay']",[],False
15,2025-04-23 04:37,samir63,fr,EA Sports FC 25,👉 C'est le moment de Rivals 🔥 Montée en div élite ?,['Français'],[],False
15,2025-04-23 04:37,CHIGO_23,es,Grand Theft Auto V,Martes MUY chill en Ultimate Team | Carreras NoChill en GTA V más tarde | Stream chill | !TIKTOK !redes chigo_23,"['FIFA', 'Competitivo', 'Creadordecontenido', 'Chigo', 'Español', 'futbol']",['MatureGame'],False
16,2025-04-23 04:50,iShadowWolf_,pt,Fortnite,(+18) Livezinha Muito Doida!   ||   (❗comandos ❗metas ❗drops)   ||   (Epic Code: SHADOWOLF),['Português'],[],False
16,2025-04-23 04:50,BrunoBalloni,pt,Counter-Strike,🔴RERUN!!! -> ❗regraloja❗farm ❗sub ❗msg ❗loja,"['Português', 'fps', 'Brasil', 'counterstrike', 'cs', 'cs2', 'brazil']",['MatureGame'],False
16,2025-04-23 04:50,Cooruja,pt,Overwatch 2,[!DROP Faster] 🎁5 !Lootbox FREE | Lendaria Symmetra FREE! | Tem !Sorteio PASSE HOJE! | !Passefree !Agenda,"['Autismo', 'TDAH', 'SafeSpace', 'Pai', 'Overwatch', 'Português', '4fun', 'OW2Season15', 'casado', 'DropsAtivados']",[],False
16,2025-04-23 04:50,EiMine77,pt,Minecraft,✅ RECOMPENSAS ON! | ⭐ SEJA RÁPIDO E GANHE UMA CAPA DE GRAÇA: !CAPA | 💘 INSTAGRAM: @EIMINE77 | !ajuda !rerun !sub !subgratis !loja,"['Minecraft', 'EiMine', 'Português']",[],False
16,2025-04-23 04:50,ZAKl1k,pt,Minecraft,🟢 MINECRAFT | ⭐ GANHE ASSISTINDO | 🌟 REESTOQUE DIA 10 ou 16 às 18h | !loja !points !prime !sub,"['Português', 'Minecraft']",[],False
16,2025-04-23 04:50,Saullo,pt,Counter-Strike,SORTEIO SKELETON SLAUGHTER HOJE de R$6.700 + DEPÓSITO NA CONTA DE VOCÊS + SORTEIO 100 DÓLARES (AO VIVO),"['Português', 'skinscsgo', 'CSGO', 'SORTEIO', 'PIX', 'SKINS', 'FPS', 'Brasil', 'CS2', 'cs2beta']",['MatureGame'],True
16,2025-04-23 04:50,donkgord0,pt,Counter-Strike,🕺🏻💪🏻😎🦜+18 PEITO/TRICEPS 5KM RUN +40KM DE BIKE @ckzao @goiamo @pava @cogu    ❗RAINGG  🤪 !!❗neshastore  ❗gamearena❗csgoskins,"['CSGO', 'FPS', 'GAMERSCLUB', 'GC', 'LVL20', 'Português', 'lol', 'leagueoflegends', 'moba']",['MatureGame'],False
16,2025-04-23 04:51,Bkinho,pt,Just Chatting,ARMAS LIBERADAS?! HOJE COMEÇA A BAGUNÇA,"['Português', 'Turquia', 'Hype', 'Bkinho']",[],False
16,2025-04-23 04:51,Michel,pt,Counter-Strike,OS DONOS DA BALA ESPECIAL FURIA - REPRISE - Seja SUB p/ o !SORTEIO - !CSGOSKINS !DASHSKINS !LIVEPIX,['Português'],['MatureGame'],False
17,2025-04-23 08:01,BrunoBalloni,pt,Counter-Strike,🔴RERUN!!! -> ❗regraloja❗farm ❗sub ❗msg ❗loja,"['Português', 'fps', 'Brasil', 'counterstrike', 'cs', 'cs2', 'brazil']",['MatureGame'],False
17,2025-04-23 08:01,ZAKl1k,pt,Minecraft,🟢 MINECRAFT | ⭐ GANHE ASSISTINDO | 🌟 REESTOQUE DIA 10 ou 16 às 18h | !loja !points !prime !sub,"['Português', 'Minecraft']",[],False
17,2025-04-23 08:01,HenriqueOph,pt,Minecraft,HARDCORE 1.21.4 +650 DIAS EM  MINERANDO POR 12 HORAS EP 28 Digite: !roblox,"['Português', 'minecraft', 'Hardcore', 'HardMode', 'sobrevivencia', '1VIDA', 'hardcoregamer', 'Singlerplayer']",[],False
17,2025-04-23 08:01,EiMine77,pt,Minecraft,✅ RECOMPENSAS ON! | ⭐ SEJA RÁPIDO E GANHE UMA CAPA DE GRAÇA: !CAPA | 💘 INSTAGRAM: @EIMINE77 | !ajuda !rerun !sub !subgratis !loja,"['Minecraft', 'EiMine', 'Português']",[],False
17,2025-04-23 08:01,Cooruja,pt,Overwatch 2,[!DROP Faster] 🎁5 !Lootbox FREE | Lendaria Symmetra FREE! | Tem !Sorteio PASSE HOJE! | !Passefree !Agenda,"['Autismo', 'TDAH', 'SafeSpace', 'Pai', 'Overwatch', 'Português', '4fun', 'OW2Season15', 'casado', 'DropsAtivados']",[],False
17,2025-04-23 08:01,YoDa,pt,League of Legends,BOMDIA - RETA FINAL FOCO,['Português'],[],False
17,2025-04-23 08:02,Luc4rioBR,pt,Dead by Daylight,OIEE ☀️ | MAIN PIG 🐷 | ❗PigDicas ❗resgate ❗EXITLAG,"['Português', 'deadbydaylight', 'dbd', 'mainpig', 'IntoTheFog', 'DeadbyDaylightlive', 'mainkiller', 'p100pig', 'Batepapocomochat', 'ConversandoComOChat']",['MatureGame'],False
17,2025-04-23 08:02,gabitriiste,pt,Dead by Daylight,[+18 ] [DROPS ON] JOGANDO COM O CHAT !pix !discord !comandos,"['Português', 'batepapo', 'jogos', 'deadbbydaylight', 'LGBTQIAPlus', 'subathon', 'English', 'IntoTheFog', 'LOUD', 'P100Steve']",['MatureGame'],True
17,2025-04-23 08:02,chronuus,pt,Dead by Daylight,"vc por aqui?... • +18 •  ❗pix,❗discord, ❗comandos❗add","['Acolhedor', 'Ansiedade', 'Português', 'Depressão', 'risadas', 'Português', 'Idoso']",['MatureGame'],False
18,2025-04-23 08:17,BrunoBalloni,pt,Counter-Strike,🔴RERUN!!! -> ❗regraloja❗farm ❗sub ❗msg ❗loja,"['Português', 'fps', 'Brasil', 'counterstrike', 'cs', 'cs2', 'brazil']",['MatureGame'],False
18,2025-04-23 08:17,ZAKl1k,pt,Minecraft,🟢 MINECRAFT | ⭐ GANHE ASSISTINDO | 🌟 REESTOQUE DIA 10 ou 16 às 18h | !loja !points !prime !sub,"['Português', 'Minecraft']",[],False
18,2025-04-23 08:18,HenriqueOph,pt,Minecraft,HARDCORE 1.21.4 +650 DIAS EM  MINERANDO POR 12 HORAS EP 28 Digite: !roblox,"['Português', 'minecraft', 'Hardcore', 'HardMode', 'sobrevivencia', '1VIDA', 'hardcoregamer', 'Singlerplayer']",[],False
18,2025-04-23 08:18,EiMine77,pt,Minecraft,✅ RECOMPENSAS ON! | ⭐ SEJA RÁPIDO E GANHE UMA CAPA DE GRAÇA: !CAPA | 💘 INSTAGRAM: @EIMINE77 | !ajuda !rerun !sub !subgratis !loja,"['Minecraft', 'EiMine', 'Português']",[],False
18,2025-04-23 08:18,Cooruja,pt,Overwatch 2,[!DROP Faster] 🎁5 !Lootbox FREE | Lendaria Symmetra FREE! | Tem !Sorteio PASSE HOJE! | !Passefree !Agenda,"['Autismo', 'TDAH', 'SafeSpace', 'Pai', 'Overwatch', 'Português', '4fun', 'OW2Season15', 'casado', 'DropsAtivados']",[],False
18,2025-04-23 08:18,YoDa,pt,League of Legends,BOMDIA - RETA FINAL FOCO,['Português'],[],False
18,2025-04-23 08:18,vovo_grobau,pt,Counter-Strike,"🔥Sorteio de skins na live do vovô! 🎮 Entre na bagunça participe: ❗insane,❗skinsvip, ❗sorteio, ❗musica, ❗luva","['Português', 'counterstrike', 'fps', 'jogosdetiros', 'cs', 'sorteio', 'skins', 'sorteiodeskins', 'CS2', 'entretenimento']","['DrugsIntoxication', 'Gambling', 'MatureGame', 'ProfanityVulgarity', 'SexualThemes', 'ViolentGraphic']",False
18,2025-04-23 08:18,Leticiaferrazzani,pt,Counter-Strike,"Oi amor, LOBBY COM O CHAT / TOMANDO UMA Y JOGANU 🧡 !discord !wpp !insta",['Português'],['MatureGame'],False
18,2025-04-23 08:18,ayuros_,pt,League of Legends,Bom dia guys - lolzin main adc,['Português'],[],False
19,2025-04-23 08:37,BrunoBalloni,pt,Counter-Strike,🔴RERUN!!! -> ❗regraloja❗farm ❗sub ❗msg ❗loja,"['Português', 'fps', 'Brasil', 'counterstrike', 'cs', 'cs2', 'brazil']",['MatureGame'],False
19,2025-04-23 08:37,ZAKl1k,pt,Minecraft,🟢 MINECRAFT | ⭐ GANHE ASSISTINDO | 🌟 REESTOQUE DIA 10 ou 16 às 18h | !loja !points !prime !sub,"['Português', 'Minecraft']",[],False
19,2025-04-23 08:37,HenriqueOph,pt,Minecraft,HARDCORE 1.21.4 +650 DIAS EM  MINERANDO POR 12 HORAS EP 28 Digite: !roblox,"['Português', 'minecraft', 'Hardcore', 'HardMode', 'sobrevivencia', '1VIDA', 'hardcoregamer', 'Singlerplayer']",[],False
19,2025-04-23 08:37,Cooruja,pt,Overwatch 2,[!DROP Faster] 🎁5 !Lootbox FREE | Lendaria Symmetra FREE! | Tem !Sorteio PASSE HOJE! | !Passefree !Agenda,"['Autismo', 'TDAH', 'SafeSpace', 'Pai', 'Overwatch', 'Português', '4fun', 'OW2Season15', 'casado', 'DropsAtivados']",[],False
19,2025-04-23 08:37,EiMine77,pt,Minecraft,✅ RECOMPENSAS ON! | ⭐ SEJA RÁPIDO E GANHE UMA CAPA DE GRAÇA: !CAPA | 💘 INSTAGRAM: @EIMINE77 | !ajuda !rerun !sub !subgratis !loja,"['Minecraft', 'EiMine', 'Português']",[],False
19,2025-04-23 08:37,miguelitodoarrocha,pt,EA Sports FC 25,💥juntando varios packs!! e vamos de rivais em busca dos 35 pontos! bem vindos a live do Miguelito,"['Português', 'Portugal', 'Competitivo', 'resenha', 'Resenhando', 'ultimateteam', 'fifa', 'EAFC', 'eafc25', 'eafcsports']",[],False
19,2025-04-23 08:38,Xerekiss,pt,Marvel Rivals,PRECISAMOS CONVERSAR. BORA? | LOJINHA RENOVADA (❗loja) | CODE: XEREKISS #ad,"['Português', 'Brasil', 'fps', 'Fortnite', 'Portugal', 'battleroyale', 'DropsAtivados']",[],False
19,2025-04-23 08:38,Elllandria,pt,Overwatch 2,🔴 DROPS ON! Nova temporada de ow2! U-hu!! #OverwatchCreators #OW2Stadium #OW2Brasil,"['Português', 'PC', 'Competitivo', 'marvelrivals', 'OverwatchCreators', 'Overｗatch2', 'MarvelRivalsPartner', 'HellfireGala', 'OW2Stadium', 'OW2Brasil']",[],False
19,2025-04-23 08:38,Emongg,en,Overwatch 2,[!DROPS ENABLED] SEASON 16 AND STADIUM LIVE NOW !gamersupps,"['English', 'DropsEnabled']",[],False
20,2025-04-23 08:55,ZAKl1k,pt,Minecraft,🟢 MINECRAFT | ⭐ GANHE ASSISTINDO | 🌟 REESTOQUE DIA 10 ou 16 às 18h | !loja !points !prime !sub,"['Português', 'Minecraft']",[],False
20,2025-04-23 08:55,BrunoBalloni,pt,Counter-Strike,🔴RERUN!!! -> ❗regraloja❗farm ❗sub ❗msg ❗loja,"['Português', 'fps', 'Brasil', 'counterstrike', 'cs', 'cs2', 'brazil']",['MatureGame'],False
20,2025-04-23 08:55,HenriqueOph,pt,Minecraft,HARDCORE 1.21.4 +650 DIAS EM  MINERANDO POR 12 HORAS EP 28 Digite: !roblox,"['Português', 'minecraft', 'Hardcore', 'HardMode', 'sobrevivencia', '1VIDA', 'hardcoregamer', 'Singlerplayer']",[],False
20,2025-04-23 08:55,Cooruja,pt,Overwatch 2,[!DROP Faster] 🎁5 !Lootbox FREE | Lendaria Symmetra FREE! | Tem !Sorteio PASSE HOJE! | !Passefree !Agenda,"['Autismo', 'TDAH', 'SafeSpace', 'Pai', 'Overwatch', 'Português', '4fun', 'OW2Season15', 'casado', 'DropsAtivados']",[],False
20,2025-04-23 08:55,EiMine77,pt,Minecraft,✅ RECOMPENSAS ON! | ⭐ SEJA RÁPIDO E GANHE UMA CAPA DE GRAÇA: !CAPA | 💘 INSTAGRAM: @EIMINE77 | !ajuda !rerun !sub !subgratis !loja,"['Minecraft', 'EiMine', 'Português']",[],False
20,2025-04-23 08:55,danizinhah_,pt,Fortnite,FORTzin e depois ONCE HUMAN ✨Siga nas redes sociais @danizinhah_,"['Português', 'drops', 'DropsEnable']",[],False
20,2025-04-23 08:55,MaronixPT,pt,Football Manager 2024,E48 | DO DESEMPREGO AO TOPO  | T6 UD ALMERIA⚽FM24 | 🖥️🇵🇹🇨🇭| !instant !giveaway !FM24 !save,"['futebol', 'manager', 'simulador', 'Português']",[],False
20,2025-04-23 08:55,godfeses,en,Counter-Strike,COMPRO INVENTÁRIOS / GIVEAWAY BAYONET DOPPLER !giveaway !loja,"['Banido', 'Cs', 'portugal', 'faceit', 'wuant', 'tiagovski', 'numeiro', 'hottubs', 'English']",['MatureGame'],False
20,2025-04-23 08:55,Filipe_Trader,pt,Slots,Slots: 🔴 (PT-PT) | 100 FREESPINS | Bonus Hunt 3100€ |  !link / NOVA PARCERIA,"['slots', 'casino', 'bonus', 'hunt', 'portugues', 'portugal', 'filipte', 'fifa', 'Português']",['MatureGame'],False
21,2025-04-23 12:01,ZAKl1k,pt,Minecraft,🟢 MINECRAFT | ⭐ GANHE ASSISTINDO | 🌟 REESTOQUE DIA 10 ou 16 às 18h | !loja !points !prime !sub,"['Português', 'Minecraft']",[],False
21,2025-04-23 12:01,BrunoBalloni,pt,Counter-Strike,🔴RERUN!!! -> ❗regraloja❗farm ❗sub ❗msg ❗loja,"['Português', 'fps', 'Brasil', 'counterstrike', 'cs', 'cs2', 'brazil']",['MatureGame'],False
21,2025-04-23 12:01,HenriqueOph,pt,Minecraft,HARDCORE 1.21.4 +650 DIAS EM  MINERANDO POR 12 HORAS EP 28,"['Português', 'minecraft', 'Hardcore', 'HardMode', 'sobrevivencia', '1VIDA', 'hardcoregamer', 'Singlerplayer']",[],False
21,2025-04-23 12:01,EiMine77,pt,Minecraft,✅ RECOMPENSAS ON! | ⭐ SEJA RÁPIDO E GANHE UMA CAPA DE GRAÇA: !CAPA | 💘 INSTAGRAM: @EIMINE77 | !ajuda !rerun !sub !subgratis !loja,"['Minecraft', 'EiMine', 'Português']",[],False
21,2025-04-23 12:01,Cooruja,pt,Overwatch 2,[!DROP Faster] 🎁5 !Lootbox FREE | Lendaria Symmetra FREE! | Tem !Sorteio PASSE HOJE! | !Passefree !Agenda,"['Autismo', 'TDAH', 'SafeSpace', 'Pai', 'Overwatch', 'Português', '4fun', 'OW2Season15', 'casado', 'DropsAtivados']",[],False
21,2025-04-23 12:01,yaasdishavaofc,pt,Grand Theft Auto V,(+18) Lado Leste  /   Todos pobres ? GERENTE da Nevaska ON / CODIGUIN ❗pix ❗cdd ❗dc ❗pc ❗hl ❗insta ❗ttk,"['GTARPLIVE', 'cpx', 'capitalcity', 'LadoLesteRP', 'ptbr', 'fivem', 'Português', 'desempregada', 'Desempregado', 'metropolegg']",['MatureGame'],False
21,2025-04-23 12:01,furq,pt,VALORANT,O MELHOR DUELISTA DO MUNDO -> SEM AD NA !LOCO,"['FPS', 'Português', 'valorant', 'radiante']",[],False
21,2025-04-23 12:02,Coreano,pt,VALORANT,carones miralles soy yo,['Português'],[],False
21,2025-04-23 12:02,Tixinhadois,pt,VALORANT,BBL 0x0 FUT (EMEAemPTBR) #VCTWatchParty - !rag !loco !Kaspersky,"['Português', 'valorant', 'Tixinha', 'cypher', 'valorantbr']",[],False
22,2025-04-23 12:18,BrunoBalloni,pt,Counter-Strike,🔴RERUN!!! -> ❗regraloja❗farm ❗sub ❗msg ❗loja,"['Português', 'fps', 'Brasil', 'counterstrike', 'cs', 'cs2', 'brazil']",['MatureGame'],False
22,2025-04-23 12:19,EiMine77,pt,Minecraft,✅ RECOMPENSAS ON! | ⭐ SEJA RÁPIDO E GANHE UMA CAPA DE GRAÇA: !CAPA | 💘 INSTAGRAM: @EIMINE77 | !ajuda !rerun !sub !subgratis !loja,"['Minecraft', 'EiMine', 'Português']",[],False
22,2025-04-23 12:19,HenriqueOph,pt,Minecraft,HARDCORE 1.21.4 +650 DIAS EM  MINERANDO POR 12 HORAS EP 28,"['Português', 'minecraft', 'Hardcore', 'HardMode', 'sobrevivencia', '1VIDA', 'hardcoregamer', 'Singlerplayer']",[],False
22,2025-04-23 12:19,Cooruja,pt,Overwatch 2,[!DROP Faster] 🎁5 !Lootbox FREE | Lendaria Symmetra FREE! | Tem !Sorteio PASSE HOJE! | !Passefree !Agenda,"['Autismo', 'TDAH', 'SafeSpace', 'Pai', 'Overwatch', 'Português', '4fun', 'OW2Season15', 'casado', 'DropsAtivados']",[],False
22,2025-04-23 12:19,yaasdishavaofc,pt,Grand Theft Auto V,(+18) Lado Leste  /   Todos pobres ? GERENTE da Nevaska ON / CODIGUIN ❗pix ❗cdd ❗dc ❗pc ❗hl ❗insta ❗ttk,"['GTARPLIVE', 'cpx', 'capitalcity', 'LadoLesteRP', 'ptbr', 'fivem', 'Português', 'desempregada', 'Desempregado', 'metropolegg']",['MatureGame'],False
22,2025-04-23 12:19,miguelitodoarrocha,pt,EA Sports FC 25,💥juntando varios packs!! e vamos de rivais em busca dos 35 pontos! bem vindos a live do Miguelito,"['Português', 'Portugal', 'Competitivo', 'resenha', 'Resenhando', 'ultimateteam', 'fifa', 'EAFC', 'eafc25', 'eafcsports']",[],False
22,2025-04-23 12:19,Phaclock,pt,V Rising,"[🔞] bom dia, !comandos  !instagram  !youtube !social !steam","['Coop', 'Português', 'MMORPG', 'aventura', 'Multiplayer', 'online', 'Action', 'variedades', 'mago']",[],False
22,2025-04-23 12:19,AMNESYA_TV,fr,Sea of Thieves,⛵CampWar Serv Privé⛵ | 🎯Rush Partenaire Twitch🎯❗tiktok ❗full ❗youtube,"['Français', 'drop', 'Multiplayer', 'duo', 'solo', 'giveaway', 'seaofthieves', 'SeaOfThievesPartner']",[],False
22,2025-04-23 12:19,aatonz,pt,Fortnite,"!!HEY PIRATE!! Ae QuARToU!! Ultimo dia de MEGA DEPOSITOS, FORTES e BIGODES!! Amanhã tem atualização S15.3 VAMOKEREE!! Bom Dia!!","['casual', 'engraçado', 'pirata', 'English', 'Português', 'Yoda', 'Gaules', 'giveaway', 'alanzoka']",[],False
23,2025-04-23 12:38,BrunoBalloni,pt,Counter-Strike,🔴RERUN!!! -> ❗regraloja❗farm ❗sub ❗msg ❗loja,"['Português', 'fps', 'Brasil', 'counterstrike', 'cs', 'cs2', 'brazil']",['MatureGame'],False
23,2025-04-23 12:38,EiMine77,pt,Minecraft,✅ RECOMPENSAS ON! | ⭐ SEJA RÁPIDO E GANHE UMA CAPA DE GRAÇA: !CAPA | 💘 INSTAGRAM: @EIMINE77 | !ajuda !rerun !sub !subgratis !loja,"['Minecraft', 'EiMine', 'Português']",[],False
23,2025-04-23 12:38,HenriqueOph,pt,Minecraft,HARDCORE 1.21.4 +650 DIAS EM  MINERANDO POR 12 HORAS EP 28,"['Português', 'minecraft', 'Hardcore', 'HardMode', 'sobrevivencia', '1VIDA', 'hardcoregamer', 'Singlerplayer']",[],False
23,2025-04-23 12:38,Cooruja,pt,Overwatch 2,[!DROP Faster] 🎁5 !Lootbox FREE | Lendaria Symmetra FREE! | Tem !Sorteio PASSE HOJE! | !Passefree !Agenda,"['Autismo', 'TDAH', 'SafeSpace', 'Pai', 'Overwatch', 'Português', '4fun', 'OW2Season15', 'casado', 'DropsAtivados']",[],False
23,2025-04-23 12:38,yaasdishavaofc,pt,Grand Theft Auto V,(+18) Lado Leste  /   Todos pobres ? GERENTE da Nevaska ON / CODIGUIN ❗pix ❗cdd ❗dc ❗pc ❗hl ❗insta ❗ttk,"['GTARPLIVE', 'cpx', 'capitalcity', 'LadoLesteRP', 'ptbr', 'fivem', 'Português', 'desempregada', 'Desempregado', 'metropolegg']",['MatureGame'],False
23,2025-04-23 12:38,paivinha29,pt,EA Sports FC 25,TUDO SOBRE O TOTS E O NOVO PASSE PAGO NO EA FC 25+ HYPE DAS 14HR !CURSO  !COINS  !TRUST  !TRADE,['Português'],[],False
23,2025-04-23 12:38,Sasazinhaw,pt,Marvel Rivals,DROPS ON - rankeds marvel e ow - !Nuuvem  !ExitLag !Kaspersky,"['Dropshabilitados', 'MMORPG', 'chill', 'Português', 'ptbr', 'OverwatchCreators', 'marvelrivals', 'Variedade', 'MarvelRivalsCreator', 'DropsAtivados']",[],True
23,2025-04-23 12:39,EdigasZ,pt,Marvel Rivals,TOPPER 500? CELESTIAL? NA? EU? SA? | !tiktok !youtube,"['Português', 'ruim', 'troll', 'DropsAtivados']",[],False
23,2025-04-23 12:39,TvSerious,pt,Mandragora: Whispers of the Witch Tree,SORTEIO PARA SUBS NA SEXTA! !bluestacks !giftcard !PIX #PCGamePassPartner,"['serious', 'smitebrasil', 'lgbtqia', 'Português', 'drops', 'MOBA', 'Cozy', 'cozygaming', 'Roguelike', 'Roguelite']",[],False
24,2025-04-23 16:01,EiMine77,pt,Minecraft,✅ RECOMPENSAS ON! | ⭐ SEJA RÁPIDO E GANHE UMA CAPA DE GRAÇA: !CAPA | 💘 INSTAGRAM: @EIMINE77 | !ajuda !rerun !sub !subgratis !loja,"['Minecraft', 'EiMine', 'Português']",[],False
24,2025-04-23 16:01,BrunoBalloni,pt,Counter-Strike,🔴RERUN!!! -> ❗regraloja❗farm ❗sub ❗msg ❗loja,"['Português', 'fps', 'Brasil', 'counterstrike', 'cs', 'cs2', 'brazil']",['MatureGame'],False
24,2025-04-23 16:01,HenriqueOph,pt,Minecraft,HARDCORE 1.21.4 +650 DIAS EM  MINERANDO POR 12 HORAS EP 28,"['Português', 'minecraft', 'Hardcore', 'HardMode', 'sobrevivencia', '1VIDA', 'hardcoregamer', 'Singlerplayer']",[],False
24,2025-04-23 16:01,Cooruja,pt,Overwatch 2,[!DROP Faster] 🎁5 !Lootbox FREE | Lendaria Symmetra FREE! | Tem !Sorteio PASSE HOJE! | !Passefree !Agenda !Eternus,"['Autismo', 'TDAH', 'SafeSpace', 'Pai', 'Overwatch', 'Português', '4fun', 'OW2Season15', 'casado', 'DropsAtivados']",[],False
24,2025-04-23 16:01,yaasdishavaofc,pt,Grand Theft Auto V,(+18) Lado Leste  / ROBLOX  Todos pobres ? GERENTE da Nevaska ON / CODIGUIN ❗pix ❗cdd ❗dc ❗pc ❗hl ❗insta ❗ttk,"['GTARPLIVE', 'cpx', 'capitalcity', 'LadoLesteRP', 'ptbr', 'fivem', 'Português', 'desempregada', 'Desempregado', 'metropolegg']",['MatureGame'],False
24,2025-04-23 16:01,Muh_Ra,pt,VALORANT,(+18) Tamo aí na atividade!,['Português'],[],False
24,2025-04-23 16:01,DaniKrautz,pt,Fortnite,Ranked Reload,"['fortnite', 'jogandocomochat', 'Português', 'Mulher', 'conversa', 'reload', 'Reposição']",[],False
24,2025-04-23 16:02,Abakatynha,pt,Fortnite,[+18] [DROPS ON] MAPA NOVO DO RELOAD --> CODE ABAKATYNHA - !LIVEPIX PARA AJUDAR NA META,"['NoBuildFortnite', 'resenha', 'Fortnite', 'holidayhoopla', 'holidayhoopla', 'HolidayHoopla', 'HolidayHoopla', 'holidayhoopla', 'holidayhoopla', 'Português']",[],False
24,2025-04-23 16:02,beletz_,pt,Fortnite,ROTAÇÃO DE MAPAS NO FORTNITE | JOGANDO COM O CHAT | USE CODE: BELETZ 💚 !CODE !PIX,"['portugues', 'fortnite', 'fortnitetrocacao', 'stream', 'Português', 'girlgamers']",[],False
25,2025-04-23 16:15,EiMine77,pt,Minecraft,✅ RECOMPENSAS ON! | ⭐ SEJA RÁPIDO E GANHE UMA CAPA DE GRAÇA: !CAPA | 💘 INSTAGRAM: @EIMINE77 | !ajuda !rerun !sub !subgratis !loja,"['Minecraft', 'EiMine', 'Português']",[],False
25,2025-04-23 16:16,BrunoBalloni,pt,Counter-Strike,🔴RERUN!!! -> ❗regraloja❗farm ❗sub ❗msg ❗loja,"['Português', 'fps', 'Brasil', 'counterstrike', 'cs', 'cs2', 'brazil']",['MatureGame'],False
25,2025-04-23 16:16,HenriqueOph,pt,Minecraft,HARDCORE 1.21.4 +650 DIAS EM  MINERANDO POR 12 HORAS EP 28,"['Português', 'minecraft', 'Hardcore', 'HardMode', 'sobrevivencia', '1VIDA', 'hardcoregamer', 'Singlerplayer']",[],False
25,2025-04-23 16:16,DaniKrautz,pt,Fortnite,Ranked Reload,"['fortnite', 'jogandocomochat', 'Português', 'Mulher', 'conversa', 'reload', 'Reposição']",[],False
25,2025-04-23 16:16,Cooruja,pt,Overwatch 2,[!DROP Faster] 🎁5 !Lootbox FREE | Lendaria Symmetra FREE! | Tem !Sorteio PASSE HOJE! | !Passefree !Agenda !Eternus,"['Autismo', 'TDAH', 'SafeSpace', 'Pai', 'Overwatch', 'Português', '4fun', 'OW2Season15', 'casado', 'DropsAtivados']",[],False
25,2025-04-23 16:16,yaasdishavaofc,pt,Grand Theft Auto V,(+18) Lado Leste  / ROBLOX  Todos pobres ? GERENTE da Nevaska ON / CODIGUIN ❗pix ❗cdd ❗dc ❗pc ❗hl ❗insta ❗ttk,"['GTARPLIVE', 'cpx', 'capitalcity', 'LadoLesteRP', 'ptbr', 'fivem', 'Português', 'desempregada', 'Desempregado', 'metropolegg']",['MatureGame'],False
25,2025-04-23 16:16,VioletKill,pt,Overwatch 2,!DROPS || SEASON 16 FULL HYPE || !blackskull !sorteio !rerun,"['gamergirl', 'LGBTQIA', 'Português', 'giveaway', 'DropsEnabeled', 'drops', 'OW2Stadium', 'OW2Brasil', 'Woman', 'fps']",[],False
25,2025-04-23 16:16,iBlusa,pt,Overwatch 2,[+18] [PT-BR/ESP]  DROPS ON! - Começando mais uma temporada! #OverwatchCreators #OW2Stadium #OW2Brasil,"['Brasil', 'Português', 'español', 'kpop', 'LGBT', 'ValíriaRoleplay', 'valiriabeta', 'DropsAtivados']",[],False
25,2025-04-23 16:16,plepuu,pt,Overwatch 2,drops on 💜 gripadinho gameplays parte 2 | quase 9k no ytb omg,"['Português', 'MarvelRivals', 'Support', 'overwatch', 'chill', 'Relax', 'DropsAtivados']",[],False
26,2025-04-23 16:37,EiMine77,pt,Minecraft,✅ RECOMPENSAS ON! | ⭐ SEJA RÁPIDO E GANHE UMA CAPA DE GRAÇA: !CAPA | 💘 INSTAGRAM: @EIMINE77 | !ajuda !rerun !sub !subgratis !loja,"['Minecraft', 'EiMine', 'Português']",[],False
26,2025-04-23 16:37,BrunoBalloni,pt,Counter-Strike,🔴RERUN!!! -> ❗regraloja❗farm ❗sub ❗msg ❗loja,"['Português', 'fps', 'Brasil', 'counterstrike', 'cs', 'cs2', 'brazil']",['MatureGame'],False
26,2025-04-23 16:37,HenriqueOph,pt,Minecraft,HARDCORE 1.21.4 +650 DIAS EM  MINERANDO POR 12 HORAS EP 28,"['Português', 'minecraft', 'Hardcore', 'HardMode', 'sobrevivencia', '1VIDA', 'hardcoregamer', 'Singlerplayer']",[],False
26,2025-04-23 16:37,Cooruja,pt,Overwatch 2,[!DROP Faster] 🎁5 !Lootbox FREE | Lendaria Symmetra FREE! | Tem !Sorteio PASSE HOJE! | !Passefree !Agenda !Eternus,"['Autismo', 'TDAH', 'SafeSpace', 'Pai', 'Overwatch', 'Português', '4fun', 'OW2Season15', 'casado', 'DropsAtivados']",[],False
26,2025-04-23 16:37,DaniKrautz,pt,Fortnite,Ranked Reload,"['fortnite', 'jogandocomochat', 'Português', 'Mulher', 'conversa', 'reload', 'Reposição']",[],False
26,2025-04-23 16:37,Muh_Ra,pt,VALORANT,(+18) Tamo aí na atividade!,['Português'],[],False
26,2025-04-23 16:37,barr4k,pt,Counter-Strike,"🟢 !PLAY = R$250,00 GRÁTIS TODA PARTIDA | MEGA SORTEIO !MENSAL !CSGOBIG | !ASTRO <- PARTICIPE DO SORTEIO R$1.000,00 + COMPRE E VENDA SKINS","['Português', 'Compre', 'Na', 'Astro', 'Skins']",['MatureGame'],True
26,2025-04-23 16:37,Ioocb,pt,Counter-Strike,🟢 LOBBY NA @gamersclubcs 🟢 SORTEIO GRATIS DE M4A1-S TERROR NOTURNO [PT-BR🔞]❗comando ❗loja ❗youtube ❗tiktok ❗livepix,"['PIX', 'lojinha', 'Português', 'jogodetiro', 'cs2faceit', 'CS2', 'csgo', 'sorteio', 'sorteiodeskins']",['MatureGame'],False
26,2025-04-23 16:37,The_GsT,pt,Counter-Strike,HOJE A CAÇA VIRA PRESAAAA VAMUUUU NESSAAAAAAA!!!! - Digite !ELEGANTE (sorteio de skin),['Português'],['MatureGame'],False
27,2025-04-23 20:01,EiMine77,pt,Minecraft,✅ RECOMPENSAS ON! | ⭐ SEJA RÁPIDO E GANHE UMA CAPA DE GRAÇA: !CAPA | 💘 INSTAGRAM: @EIMINE77 | !ajuda !rerun !sub !subgratis !loja,"['Minecraft', 'EiMine', 'Português']",[],False
27,2025-04-23 20:01,Cooruja,pt,Overwatch 2,[!DROP Faster] 🎁5 !Lootbox FREE | Lendaria Symmetra FREE! | Tem !Sorteio PASSE HOJE! | !Passefree !Agenda !Eternus,"['Autismo', 'TDAH', 'SafeSpace', 'Pai', 'Overwatch', 'Português', '4fun', 'OW2Season15', 'casado', 'DropsAtivados']",[],False
27,2025-04-23 20:01,VERDINHArp,pt,Grand Theft Auto V,RISE - 🧡00 DA HOLANDA -  !pix !rise,"['verdinha', 'Português', 'gtarp', 'RDR']",['MatureGame'],False
27,2025-04-23 20:01,BrunoBalloni,pt,Counter-Strike,🔴RERUN!!! -> ❗regraloja❗farm ❗sub ❗msg ❗loja,"['Português', 'fps', 'Brasil', 'counterstrike', 'cs', 'cs2', 'brazil']",['MatureGame'],False
27,2025-04-23 20:01,iMartynFox,pt,Overwatch 2,[DROP ON|PT-BR/EN] ESTÁDIO E SURTOS DIÁRIOS❗PIX | #OverwatchCreator #OW2Brasil #OverwatchStadium | CÓDIGO DE CRIADOR EPIC GAMES @iMARTYNFOX,"['Português', 'DropsAtivados']",[],True
27,2025-04-23 20:01,Muh_Ra,pt,VALORANT,(+18) Tamo aí na atividade!,['Português'],[],False
27,2025-04-23 20:01,Ayellol,pt,League of Legends,ESMERALDA 4 DUO COM FIÉIS E DEPOIS DUO COM MUCALOL NA SMURF | !loco !mordekaier !pix,"['Português', 'teemo', 'aatrox', 'pitbull', 'dog', 'Marathon']",[],True
27,2025-04-23 20:01,pijack11,pt,Genshin Impact,GENSHIN CHILLING,['Português'],[],True
27,2025-04-23 20:02,Rodil,pt,League of Legends,"NA PEGADA DA CRIAÇÃO DE CONTEÚDO, CASSINAGEM ENTRE AS PARTIDAS! | !pix !paypal !ytb !bacanaplay !mu","['Português', 'proplayer', 'Idoso', 'Gostoso', 'LGBT', 'top1']",[],False
28,2025-04-23 20:18,EiMine77,pt,Minecraft,✅ RECOMPENSAS ON! | ⭐ SEJA RÁPIDO E GANHE UMA CAPA DE GRAÇA: !CAPA | 💘 INSTAGRAM: @EIMINE77 | !ajuda !rerun !sub !subgratis !loja,"['Minecraft', 'EiMine', 'Português']",[],False
28,2025-04-23 20:18,suetam1v4,pt,Fortnite,FNCS LAST CHANCE W/ FLAKES E JXNESS7 | !PIX,['Português'],[],False
28,2025-04-23 20:18,VERDINHArp,pt,Grand Theft Auto V,RISE - 🧡00 DA HOLANDA -  !pix !rise,"['verdinha', 'Português', 'gtarp', 'RDR']",['MatureGame'],False
28,2025-04-23 20:18,sacy,pt,VALORANT,MIBR Sacy / AMANHÃ TEM PLAYOFFS - !mibr !noping !pix !csgoskins,['Português'],[],False
28,2025-04-23 20:18,Cooruja,pt,Overwatch 2,[!DROP Faster] 🎁5 !Lootbox FREE | Lendaria Symmetra FREE! | Tem !Sorteio PASSE HOJE! | !Passefree !Agenda !Eternus,"['Autismo', 'TDAH', 'SafeSpace', 'Pai', 'Overwatch', 'Português', '4fun', 'OW2Season15', 'casado', 'DropsAtivados']",[],False
28,2025-04-23 20:18,iMartynFox,pt,Overwatch 2,[DROP ON|PT-BR/EN] ESTÁDIO E SURTOS DIÁRIOS❗PIX | #OverwatchCreator #OW2Brasil #OverwatchStadium | CÓDIGO DE CRIADOR EPIC GAMES @iMARTYNFOX,"['Português', 'DropsAtivados']",[],True
28,2025-04-23 20:19,teuzz,pt,Fortnite,WATCHPARTY ULTIMA CHANCE DA FNCS 🏆 | !EXITLAG !GROWTH | Code TEUZZ #ad,"['Fortnite', 'fortniteproplayer', 'fortnitepro', 'Português', 'Ranked']",[],False
28,2025-04-23 20:19,blackoutz,pt,Fortnite,WATCHPARTY FNCS LAST CHANCE QUALIFIER | !LIVEPIX AGORA NA LIVE | !react | !EXITLAG | CODE: blackoutz #ad,"['Português', 'English']",[],False
28,2025-04-23 20:19,jelerbe_,pt,Fortnite,(LIVE🔴) || FNCS Last chance !pix,['Português'],[],False
29,2025-04-23 20:33,EiMine77,pt,Minecraft,✅ RECOMPENSAS ON! | ⭐ SEJA RÁPIDO E GANHE UMA CAPA DE GRAÇA: !CAPA | 💘 INSTAGRAM: @EIMINE77 | !ajuda !rerun !sub !subgratis !loja,"['Minecraft', 'EiMine', 'Português']",[],False
29,2025-04-23 20:33,Cooruja,pt,Overwatch 2,[!DROP Faster] 🎁5 !Lootbox FREE | Lendaria Symmetra FREE! | Tem !Sorteio PASSE HOJE! | !Passefree !Agenda !Eternus,"['Autismo', 'TDAH', 'SafeSpace', 'Pai', 'Overwatch', 'Português', '4fun', 'OW2Season15', 'casado', 'DropsAtivados']",[],False
29,2025-04-23 20:33,VERDINHArp,pt,Grand Theft Auto V,RISE - 🧡00 DA HOLANDA -  !pix !rise,"['verdinha', 'Português', 'gtarp', 'RDR']",['MatureGame'],False
29,2025-04-23 20:33,BrunoBalloni,pt,Counter-Strike,🔴RERUN!!! -> ❗regraloja❗farm ❗sub ❗msg ❗loja,"['Português', 'fps', 'Brasil', 'counterstrike', 'cs', 'cs2', 'brazil']",['MatureGame'],False
29,2025-04-23 20:33,iMartynFox,pt,Overwatch 2,[DROP ON|PT-BR/EN] ESTÁDIO E SURTOS DIÁRIOS❗PIX | #OverwatchCreator #OW2Brasil #OverwatchStadium | CÓDIGO DE CRIADOR EPIC GAMES @iMARTYNFOX,"['Português', 'DropsAtivados']",[],True
29,2025-04-23 20:33,suetam1v4,pt,Fortnite,FNCS LAST CHANCE W/ FLAKES E JXNESS7 | !PIX,['Português'],[],False
29,2025-04-23 20:33,Explorador_Preguicoso,pt,Don't Starve Together,Passando 100 dias com o WES ((FINAL)) - Dont Starve Together,"['portugués', 'DontStarveTogether', 'DONTSTARVE', 'palworlds', 'Português']",[],False
29,2025-04-23 20:33,twikiwik,pt,League of Legends,"League of legends, Only Lux today i promise","['Português', 'Gay', 'LGBT', 'Lux', 'Reposição', 'lol', 'TFT']",[],False
29,2025-04-23 20:33,ofernandomaidana,pt,Sea of Thieves,☠️ HOJE TEM! Só não sei o quê... ⚓ !cmd !playlist,"['Português', 'seaofthieves', 'pirata', 'SongRequests', 'songrequest', 'SeaOfThievesPartner', 'SeaofThievesgameplay', 'English']",[],False
30,2025-04-23 20:51,Cooruja,pt,Overwatch 2,[!DROP Faster] 🎁5 !Lootbox FREE | Lendaria Symmetra FREE! | Tem !Sorteio PASSE HOJE! | !Passefree !Agenda !Eternus,"['Autismo', 'TDAH', 'SafeSpace', 'Pai', 'Overwatch', 'Português', '4fun', 'OW2Season15', 'casado', 'DropsAtivados']",[],False
30,2025-04-23 20:51,VERDINHArp,pt,Grand Theft Auto V,RISE - 🧡00 DA HOLANDA -  !pix !rise,"['verdinha', 'Português', 'gtarp', 'RDR']",['MatureGame'],False
30,2025-04-23 20:52,BrunoBalloni,pt,Counter-Strike,🔴RERUN!!! -> ❗regraloja❗farm ❗sub ❗msg ❗loja,"['Português', 'fps', 'Brasil', 'counterstrike', 'cs', 'cs2', 'brazil']",['MatureGame'],False
30,2025-04-23 20:52,iMartynFox,pt,Overwatch 2,[DROP ON|PT-BR/EN] ESTÁDIO E SURTOS DIÁRIOS❗PIX | #OverwatchCreator #OW2Brasil #OverwatchStadium | CÓDIGO DE CRIADOR EPIC GAMES @iMARTYNFOX,"['Português', 'DropsAtivados']",[],True
30,2025-04-23 20:52,suetam1v4,pt,Fortnite,FNCS LAST CHANCE W/ FLAKES E JXNESS7 | !PIX,['Português'],[],False
30,2025-04-23 20:52,a_sennan,pt,League of Legends,(+18) Nas QUARTAS USAMOS ROSA e somos felizes ! Pyna e Perde !redes !pix !asenna !verificado,"['Português', 'asenna', 'pedintevirtual', 'LGBT', 'mulhergamer', 'mulheresnatwitch', 'subathon', 'meninasgamers', 'gamergi']",['ProfanityVulgarity'],False
30,2025-04-23 20:52,DonnaJapa,pt,VALORANT,Volteeeei :)  !elo !pix,"['Mulher', 'Valorant', 'Português', 'linda']",[],False
30,2025-04-23 20:52,CREMOSA,pt,VALORANT,Vavazin??  ❗NUUVEM ❗OVERCLOCK ❗GROWTH,['Português'],[],True
