ID,Data,View_time,searched_game,watched,channel_name,language,last_game_name,stream_title,stream_tags,classification_labels,is_branded_content
0,2025-04-07 20:03,454,ea-sports-fc-25,True,miguelitodoarrocha,pt,EA Sports FC 25,💥sera q vem 10vit na wl ?? COPA DOS STREAMERS - bem vindos a live Do Miguelito,"['Português', 'Portugal', 'Competitivo', 'resenha', 'Resenhando', 'ultimateteam', 'fifa', 'EAFC', 'eafc25', 'eafcsports']",[],False
0,2025-04-07 20:03,454,ea-sports-fc-25,False,VovinhoFUT,pt,EA Sports FC 25,💥PPs E PACKs EM BUSCA DOS IMORTAIS! WL DO CALVISMO FC COM NOSSAS EVOs! !GRUPO !CURSO !TRADE !LIVEPIX,"['Português', 'ultimateteam', 'EAFC', 'EASportsFC', 'fifa', 'FC25', 'EAFC25']",[],False
0,2025-04-07 20:03,454,ea-sports-fc-25,False,Hairzinho,pt,EA Sports FC 25,ALGUMA COISA PRA FAZER E PRO CLUBS MORAL DOS BRO! + !GRUPO + !PARCERIA !REDES !TIKTOK,"['ULTIMATETEAM', 'RAGE', 'ENGRACADO', 'PACKS', 'COMPETITIVO', 'Português', 'Brasil', 'WeekendLeague', 'Portugal', 'Reposição']",[],False
1,2025-04-07 20:13,361,the-sims-4,True,renatisses,pt,The Sims 4,Bora começar um legado com a Olivia?,"['Brasil', 'Português', 'sorteio', 'thesims']",[],False
1,2025-04-07 20:13,361,the-sims-4,False,makkatv,pt,The Sims 4,🇵🇹 🔴 Big Makka (Reality Show da Twitch) Brevemente 🔴 #RETRO25 !bigmakka !retromakka !youtube !tiktok !instagram !comandos #letsfgo,"['Retro', 'RPG', 'Story', 'Chatting', 'LoFi', 'Português', 'Firstplaythrough', 'Portugal', 'Singleplayer', 'Cozy']",[],False
1,2025-04-07 20:13,361,the-sims-4,False,TopeiraBanguela,pt,The Sims 4,🎂Topeiraversário: Parabéns pra mim e paciência pra vocês 🥳 | 🎁 !Bits !Pix !Festa !Aniversario 🎉,"['LGBTQIAPlus', 'CoWorking', 'Português', 'Cozy', 'Pomodoro', 'aconchegante']",['ProfanityVulgarity'],False
2,2025-04-07 20:22,376,minecraft,True,EiMine77,pt,Minecraft,✅ RECOMPENSAS ON! | ⭐ SEJA RÁPIDO E GANHE UMA CAPA DE GRAÇA: !CAPA | 💘 INSTAGRAM: @EIMINE77 | !ajuda !rerun !sub !subgratis !loja,"['Minecraft', 'EiMine', 'Português']",[],False
2,2025-04-07 20:22,376,minecraft,False,SARAMEGUMI,pt,Minecraft,JOGANDO MINECRAFT com o CHAT ( meta 10 mil 🥺seguidores ),"['Português', 'Woman', 'girl', 'conversa', 'Mulher', 'gameplay', 'justcchatting', 'minecraftstream', 'MinecraftJavaEditon', 'BedrockMinecraft']",[],False
2,2025-04-07 20:22,376,minecraft,False,Lissyanna,pt,Minecraft,Dia de Gacha no cobblemon -  !Bear !RP !instagram !discord !pix !doar,"['Português', 'Reposição']",[],True
3,2025-04-08 00:01,591,marvel-rivals,True,Dilascio_,pt,Marvel Rivals,SÓ HERÓI MELEE ATÉ O ETERNIDADE,"['Português', 'Competitivo', 'Conversa', 'top500', 'overwatch', 'English']",[],False
3,2025-04-08 00:01,591,marvel-rivals,False,amoedo_,pt,Marvel Rivals,Rankeds Eternity !pix !passegratis !discord,['Português'],[],False
3,2025-04-08 00:01,591,marvel-rivals,False,ckgeek,pt,Marvel Rivals,"O PAI TA ON, RUMO AO GM","['Português', 'DropsAtivados']",[],False
4,2025-04-08 00:13,450,the-sims-4,False,bkmibri_,pt,The Sims 4,VC QUEREM POPCORN E ICE CREAM?  | !pixIA,"['LGBT', 'batepapo', 'cozygames', 'Português', 'indiegames']",[],False
4,2025-04-08 00:13,450,the-sims-4,False,Candy____S2,pt,The Sims 4,The Sims - Part 3,"['girlgamers', 'girl', 'SweetVoice', 'Português', 'thesims4', 'sims4', 'Sims4letsplay']",[],False
4,2025-04-08 00:13,450,the-sims-4,False,PixelMagico,pt,The Sims 4,Bora jogar e dar boas risadas? 🎮✨,"['GamesAndChatting', 'Reposição', 'Português', 'sims4livestream', 'thesims4', 'thesims', 'thesims4gamer']",[],False
5,2025-04-08 00:23,505,overwatch-2,False,lulinha__,pt,Overwatch 2,Brincando de brincadeira,"['Depressão', 'naoseifalar', 'Português']",[],False
5,2025-04-08 00:23,505,overwatch-2,True,VioletKill,pt,Overwatch 2,!DROPS || O SONHO AINDA TA VIVO || !SORTEIO,"['LGBT', 'mulher', 'gamergirl', 'FPs', 'LGBTQIA', 'TDAH', 'Português', 'giveaway', 'DropsEnabeled', 'drops']",[],False
5,2025-04-08 00:23,505,overwatch-2,False,exexeboy,pt,Overwatch 2,bits? 🙌 sub? 🙌 lurk? 🙌 (me ajuda na meta por favorzinho),"['Portuguese', 'Português']",[],False
6,2025-04-08 00:34,367,grand-theft-auto-v,True,CriaPlayer,pt,Grand Theft Auto V,🎃GOTHAM RP🎃 #83 TROPA DO VIDIGAL NÃO PERDE GUERRA!!! #VdgPraKrlh #TropaDosDodóis !gotham  !fancam,['Português'],"['MatureGame', 'ProfanityVulgarity']",False
6,2025-04-08 00:34,367,grand-theft-auto-v,False,Doiska_Rj,pt,Grand Theft Auto V,[Fronteira Leste]  +18 O QUE FIZERAM COM DOISKA ?? !FRONTEIRA !PIX !CODIGUINHO !INSTA !BOOSTER @doiska_rj,['Português'],"['MatureGame', 'ProfanityVulgarity']",False
6,2025-04-08 00:34,367,grand-theft-auto-v,False,bocaorj,pt,Grand Theft Auto V,"[+18 ]:BORA RAPAZIADA HJ VAMOS DAR CONTINUAÇÃO NA NOSSA HISTORIA,TENHO Q CONFRONTAR MEU EU DO PASSADO PRA MELHORAR MEU FUTURO!!!!","['Português', 'fps', 'PMSP', 'ROTA', 'choque']",['MatureGame'],False
7,2025-04-08 04:01,533,grand-theft-auto-v,True,estrelarp,pt,Grand Theft Auto V,+18 FIVEM - LADOLESTE RP❗️Privacy❗️Discord ❗️Comandos ❗️Cidade - Vamos pro ZARALHO!,['Português'],['MatureGame'],True
7,2025-04-08 04:01,533,grand-theft-auto-v,False,Kynordestino,pt,Grand Theft Auto V,"[+18] [LADO LESTE] JOSEFINO, O FOTÓGRAFO LENDÁRIO !PIX","['Português', 'policia', 'gameplay', 'josefino', 'complexo', 'complexogg', 'cpx', 'LadoLesteRP', 'LADOLESTE']",['MatureGame'],False
7,2025-04-08 04:01,533,grand-theft-auto-v,False,jxpinhx,pt,Grand Theft Auto V,+18 VOLTEI RSRS @metropolegg | !sociais - !pix - !frança,"['Português', 'ＧTA5', 'GTARP', 'CidadeAltaRP', 'metropolerp', 'Maeve', 'frança']",['MatureGame'],False
8,2025-04-08 04:12,589,minecraft,True,EiMine77,pt,Minecraft,✅ RECOMPENSAS ON! | ⭐ SEJA RÁPIDO E GANHE UMA CAPA DE GRAÇA: !CAPA | 💘 INSTAGRAM: @EIMINE77 | !ajuda !rerun !sub !subgratis !loja,"['Minecraft', 'EiMine', 'Português']",[],False
8,2025-04-08 04:12,589,minecraft,False,DexGGxp,pt,Minecraft,✨Como que Joga Isso - Minecraft: Legends ✨ EP 02 ✨ ❗bits ❗sons ✨,"['Brasil', 'Português', 'Brazil', 'Minecraft', 'MinecraftBedrock', 'HardCore', 'MinecraftHardcore', 'BedrockHardCore', 'dexggxp', 'Drop']",[],False
8,2025-04-08 04:12,589,minecraft,False,ZAKl1k,pt,Minecraft,🟢 MINECRAFT | ⭐ GANHE ASSISTINDO | 🌟 REESTOQUE DIA 10 ou 16 às 18h | !loja !points !prime !sub,"['Português', 'Minecraft']",[],False
9,2025-04-08 04:24,507,valorant,False,fevetz,pt,VALORANT,VETERINARIO VOLTANDO PRO RADIANTE TOP 62  TRYHARD !GRUPOSUB !PIX,['Português'],[],False
9,2025-04-08 04:24,507,valorant,True,CriaPlayer,pt,VALORANT,🎃GOTHAM RP🎃 #83 TROPA DO VIDIGAL NÃO PERDE GUERRA!!! #VdgPraKrlh #TropaDosDodóis !gotham  !fancam,['Português'],['ProfanityVulgarity'],False
9,2025-04-08 04:25,507,valorant,False,maritwoo,pt,VALORANT,rankeds na madru zzz ❗pix | ❗redes| ❗elo,"['Português', 'smoke', 'omen', 'ruim', 'radiante']",[],False
10,2025-04-08 04:35,455,overwatch-2,True,Katachi_____,pt,Overwatch 2,| +18 | CHEGUEI atrasada MAS CHEGUEI,['Português'],['ProfanityVulgarity'],False
10,2025-04-08 04:35,455,overwatch-2,False,EriclesSavio10,pt,Overwatch 2,431 I E lá vamos nós mais uma vez❗btag ❗addmarvel❗sorteio ❗comandos,"['Português', 'fps', 'youtube', 'PlayStation', 'Overｗatch2', 'games', 'gameplay', 'marvelrivals', 'marvel']",[],False
10,2025-04-08 04:35,455,overwatch-2,False,exexeboy,pt,Overwatch 2,bits? 🙌 sub? 🙌 lurk? 🙌 (me ajuda na meta por favorzinho),"['Portuguese', 'Português']",[],False
11,2025-04-08 08:01,424,marvel-rivals,False,ckgeek,pt,Marvel Rivals,DIAMANTE 2 ATRAS DO GRÃO MESTRE! BORA! ✅RERUN✅,"['Português', 'DropsAtivados']",[],False
11,2025-04-08 08:01,424,marvel-rivals,True,LhamaInPijamas,pt,Marvel Rivals,ESTMOS DE VOLTA NA GRIND! !pix !elomarvel !discord,"['rpg', 'casual', 'Português', 'marvelrivals', 'rivals', 'marvelrival']",[],False
11,2025-04-08 08:01,424,marvel-rivals,False,amohrte,pt,Marvel Rivals,INSTALEI ONTEM E JA ESTOU SOFRENDO / RERUN,"['Português', 'funny', 'humor', 'amohrte', 'English', 'assettocorsa', 'F1', 'Formula1', 'marvelrivals', 'marvel']",['ProfanityVulgarity'],False
12,2025-04-08 08:10,569,grand-theft-auto-v,False,CriaPlayer,pt,Grand Theft Auto V,🎃GOTHAM RP🎃 #83 TROPA DO VIDIGAL NÃO PERDE GUERRA!!! #VdgPraKrlh #TropaDosDodóis !gotham  !fancam,['Português'],"['MatureGame', 'ProfanityVulgarity']",False
12,2025-04-08 08:10,569,grand-theft-auto-v,False,1DrakoNz,pt,Grand Theft Auto V,PRODIGYRP - GUILDA GANG - EP.20 - CUPOM DRAKONZ !exitlag,"['Português', 'RP', 'ProdigyRP']",['MatureGame'],True
12,2025-04-08 08:10,569,grand-theft-auto-v,False,iaethifany,pt,Grand Theft Auto V,+18 GOTHAM | A BRUXA CHEGOU - !pix !discord !pc  !tiktok !insta,"['GTARP', 'Português', 'metroville', 'metropole', 'LOUD', 'gothamcity']",['MatureGame'],False
13,2025-04-08 08:22,471,league-of-legends,False,YoDa,pt,League of Legends,DIA 10 - YO VOICE OPERACAO LOL 2 START 400 PDL -,['Português'],[],False
13,2025-04-08 08:22,471,league-of-legends,True,IsaMaleski,pt,League of Legends,MONO SUP Diamante !pix !discord,"['Português', 'lol', 'mestre']",[],True
13,2025-04-08 08:22,471,league-of-legends,False,Mihira_a,pt,League of Legends,Livezinha curta??| !comandos !sonoros !pix,"['soloq', 'lolzinho', 'girlgamer', 'Português', 'jungler']",['ProfanityVulgarity'],False
14,2025-04-08 08:32,432,ea-sports-fc-25,True,miguelitodoarrocha,pt,EA Sports FC 25,💥copinha e Rivais e hoje tem jogo da copa streamers - bem vindos a live do Miguelito,"['Português', 'Portugal', 'Competitivo', 'resenha', 'Resenhando', 'ultimateteam', 'fifa', 'EAFC', 'eafc25', 'eafcsports']",[],False
14,2025-04-08 08:32,432,ea-sports-fc-25,False,JVaz8,pt,EA Sports FC 25,Dia de RIVALS + acabar o Gullit 💀 IMMORTALS 💀 !coach 🎱,['Português'],[],False
14,2025-04-08 08:32,432,ea-sports-fc-25,False,and3rsonfps,pt,EA Sports FC 25,BOM DIA COM LIVEZINHA  |  EAFC 25,"['Português', 'EA', 'eafc25']",[],False
15,2025-04-08 12:01,384,minecraft,False,EiMine77,pt,Minecraft,✅ RECOMPENSAS ON! | ⭐ SEJA RÁPIDO E GANHE UMA CAPA DE GRAÇA: !CAPA | 💘 INSTAGRAM: @EIMINE77 | !ajuda !rerun !sub !subgratis !loja,"['Minecraft', 'EiMine', 'Português']",[],False
15,2025-04-08 12:01,384,minecraft,True,FlavinnBr,pt,Minecraft,VENHA JOGAR FACTIONS E CONCORRER A PREMIAÇÕES NO PIX🔥💵❗️SR❗️factions❗️suaskin ❗️nft ❗️pix ❗️loja,"['FLAVIN', 'Português', 'Inglês', 'drops', 'ShirtMySurvivor']",[],False
15,2025-04-08 12:01,384,minecraft,False,HenriqueOph,pt,Minecraft,AMANHA TEREMOS SORTEIO CAPA HARDCORE 1.21.4 +300 DIAS EP 17,"['Português', 'minecraft', 'Hardcore', 'HardMode', 'sobrevivencia', '1VIDA', 'hardcoregamer', 'Singlerplayer', 'MINEDROP', 'TIKTOKCAPA']",[],False
16,2025-04-08 16:01,424,valorant,False,TcK10,pt,VALORANT,C9 TCKU MIRA ABSURDA COM NOÇÃO DE PROPLAYER?? SÃO NOVOS TEMPOS... 🏆 !SUPERBET 🏆 !GROWTH 🏆 SIGA EM @TcK10,"['melhordomundo', 'radiante', 'incrível', 'valorant', 'Português']",[],False
16,2025-04-08 16:01,424,valorant,False,bocaorj,pt,VALORANT,"[+18 ]:BORA RAPAZIADA HJ VAMOS DAR CONTINUAÇÃO NA NOSSA HISTORIA,TENHO Q CONFRONTAR MEU EU DO PASSADO PRA MELHORAR MEU FUTURO!!!!","['Português', 'fps', 'PMSP', 'ROTA', 'choque']",[],False
16,2025-04-08 16:01,424,valorant,False,milyzinea_,pt,VALORANT,onlineeeeee !pix,"['VALORANT', 'RANKEDS', 'MULHER', 'Português']",[],False
17,2025-04-08 16:10,600,grand-theft-auto-v,False,labrabah,pt,Grand Theft Auto V,(+18) (CDANJOS) BORA FAZER UNS DINHEIRO!💜 ISA CALLAS💜,"['gta', 'gtarp', 'cdanjos', 'cidadedosanjos', 'Português']",['MatureGame'],False
17,2025-04-08 16:10,600,grand-theft-auto-v,True,Jvnq,pt,Grand Theft Auto V,GTA RP CDANJOS [90ª Live],"['Português', 'jvnq']",['MatureGame'],False
17,2025-04-08 16:10,600,grand-theft-auto-v,False,dona_jaque,pt,Grand Theft Auto V,(+18) SUNSET RP/ CDA: COMANDO KALLY em QRV e depois ANTONELLA em: MISSÕES E DECISÕES !!! #GTARP !comandos !DC,"['Português', 'RolePlayGTA', 'Phasmophobia', 'feartherapy', 'theforest', 'RP', 'Reposição']",['MatureGame'],False
18,2025-04-08 16:22,462,sea-of-thieves,False,DorSmiley,pt,Sea of Thieves,|Pulheta| Depois Desafio Parceiros @lendasdomar @csotbr !Comandos !tdm,"['Ação', 'Aventura', 'Comédia', 'Português', 'Xingamentos', 'seaofthieves', 'PvEPvP', 'SoTPvp', 'seaofthieveseason15']",['ProfanityVulgarity'],False
18,2025-04-08 16:22,462,sea-of-thieves,True,sicko1,pt,Sea of Thieves,Varios nadas upando o passe ❗exitlag,"['Português', 'PvP', 'Calvo', 'Idoso', 'Lindo', 'Humilde', 'chill', 'Terror']",[],False
18,2025-04-08 16:22,462,sea-of-thieves,False,TonhoDLang,pt,Sea of Thieves,Ampulhetinha | Streamer parceiro do @lendasdomar e CSoTBR 🏴‍☠️ !lendas !csotbr !platina,"['Português', 'seaofthieves', 'PvP']",[],False
19,2025-04-08 16:32,509,league-of-legends,True,Yonerai,pt,League of Legends,"Melhor yone da rua, talvez até do bairro! - Profundezas do prata","['Português', 'Mulher']",[],False
19,2025-04-08 16:32,509,league-of-legends,False,Yagamijj,pt,League of Legends,🔥Farm Mecoins | 15h Aram & 18h Valorant  | ❗Pix | ❗Mentora | ❗Youtube | ❗Upboost | Siga @yagamijj | Delay 60s,"['Rock', 'Flamengo', 'TDAH', 'Competitivo', 'Humor', 'LinkinPark', 'Caster', 'Mentora', 'valorant', 'DeathNote']",[],False
19,2025-04-08 16:32,509,league-of-legends,False,neonrip,pt,League of Legends,Elojob Bronze 4 ao Esmeralda 4- !pix !coach !elojob !smurf,['Português'],[],False
20,2025-04-08 16:42,349,ea-sports-fc-25,False,cesinhafut,pt,EA Sports FC 25,"!tuzzy !madruga !analise !HYPE -FARMZINHO VOLTOU? EVOLUÇÃO IMORTAL, E TALVEZ REACT ARSENAL X REAL MADRID","['Português', 'resenha', 'playstation5', 'dicas', 'packopening', 'eafc25', 'ultimateteam', 'Brasileiro']",[],False
20,2025-04-08 16:42,349,ea-sports-fc-25,True,IsraelPirata,pt,EA Sports FC 25,CLUBS COM ELES !CLUBE !pix,"['callofduty', 'warzone', 'fps', 'JogadaCasual', 'subathon', 'Português', 'English', 'RPG', 'Fortnite', 'FinalFantasy']",[],False
20,2025-04-08 16:42,349,ea-sports-fc-25,False,Hairzinho,pt,EA Sports FC 25,HYPE DAS 14 + COPINHA NA ACC SEC E PRO CLUBS MORAL DOS BRO! + !GRUPO + !PARCERIA !REDES !TIKTOK,"['ULTIMATETEAM', 'RAGE', 'ENGRACADO', 'PACKS', 'COMPETITIVO', 'Português', 'Brasil', 'WeekendLeague', 'Portugal', 'Reposição']",[],False
21,2025-04-08 20:01,314,sea-of-thieves,True,ofernandomaidana,pt,Sea of Thieves,"PAPOS, PERIPÉCIAS E PIRATARIAS ⚓ !cmd !playlist","['Português', 'seaofthieves', 'pirata', 'SongRequests', 'songrequest', 'SeaOfThievesPartner', 'SeaofThievesgameplay', 'English']",[],False
21,2025-04-08 20:01,314,sea-of-thieves,False,MatGomesz,pt,Sea of Thieves,Guli guli guli ligan gu ligan gu |❗olivia | Epic CODE: MatGomesz #ad |❗noping ❗lendasdomar,"['PvP', 'PvE', 'Aventura', 'Survival', 'Português', 'Coop', 'Xbox', 'PS5', 'Trocação', 'Heroshooter']",[],False
21,2025-04-08 20:01,314,sea-of-thieves,False,baruca2222,pt,Sea of Thieves,"Rumo ao nível 400, LET´S BORA.","['Português', 'crime', 'seaofthieves']",[],True
22,2025-04-08 20:08,499,league-of-legends,True,iMartynFox,pt,League of Legends,"✨DIA 4:SUBATHON✨ Bits, subs e donate aumetam o tempo ❗REGRAS | #OverwatchCreator #OW2Brasil | CÓDIGO DE CRIADOR EPIC GAMES @iMARTYNFOX",['Português'],[],True
22,2025-04-08 20:09,499,league-of-legends,False,peaarly,pt,League of Legends,💕 SEU NOME NO MEU OVO 💕❗onlyfans  ❗zovo ❗cenoura❗pix  ❗loja,"['league', 'leagueoflegends', 'fortnite', 'oncehuman', 'once', 'drinklive', 'Português']",[],False
22,2025-04-08 20:09,499,league-of-legends,False,neonrip,pt,League of Legends,Elojob Esmeralda 3 ao Diamante 4 - !pix !coach !elojob !smurf,['Português'],[],False
23,2025-04-08 20:19,480,ea-sports-fc-25,True,Daviizaoo,pt,EA Sports FC 25,DECISÃO DA COPA DOS STREAMERS VAMOS PASSAR DE FASE ? COPINHA + RIVALS + EVOS !yt !livepix !4213,"['Português', 'fifenzo', 'paivinha29', 'eafc24', 'ultimateteam', 'marvelrivals', 'eafc25']",[],False
23,2025-04-08 20:19,480,ea-sports-fc-25,False,miguelitodoarrocha,pt,EA Sports FC 25,💥Miguelito x @robfortes copa dos streamers!! ultima rodada da fase de Grupos - Bem Vindos a live do Miguelito,"['Português', 'Portugal', 'Competitivo', 'resenha', 'Resenhando', 'ultimateteam', 'fifa', 'EAFC', 'eafc25', 'eafcsports']",[],False
23,2025-04-08 20:19,480,ea-sports-fc-25,False,Hairzinho,pt,EA Sports FC 25,HYPE DAS 14 + COPINHA NA ACC SEC E PRO CLUBS MORAL DOS BRO! + !GRUPO + !PARCERIA !REDES !TIKTOK,"['ULTIMATETEAM', 'RAGE', 'ENGRACADO', 'PACKS', 'COMPETITIVO', 'Português', 'Brasil', 'WeekendLeague', 'Portugal', 'Reposição']",[],False
24,2025-04-08 20:29,465,valorant,False,MegeraBruna,pt,VALORANT,Vava na força do ódio [+18] / !discord / !elo / !regras / !pix / !instagram/ !nick/ !Sorteio/ !clip/ !Sr /  !subathon,"['Português', 'valorant', 'gamergirl', 'fps', 'gamer']",[],False
24,2025-04-08 20:30,465,valorant,False,PavaoPVP,pt,VALORANT,pegando imortal,"['JogandoComOChat', 'jogos', 'Português', 'garota']",[],False
24,2025-04-08 20:30,465,valorant,False,ASennan,pt,VALORANT,(+18) ✨PYNAS e PERDE || !verificado !subathon !loja !meta !desejos !pix !redes !asenna || @asennan,"['jogajunto', 'girls', 'rankeada', 'Português', 'lgbt', 'live', 'pedintevirtual', 'mulhergamer', 'egirlgamer', 'mulheresnatwitch']",['ProfanityVulgarity'],False
25,2025-04-08 20:39,438,roblox,False,luccaf14,pt,ROBLOX,tomamos de 3 mas queria de 4 |❗COINBASE | !sorteio !pix !sociais,"['Português', 'Lucca', 'Gamer']",[],False
25,2025-04-08 20:39,438,roblox,False,dimensaohadouken,pt,ROBLOX,ROBLOX! - É SÓ CHEGAR E JOGAR JUNTO XD! - !discord - !youtube - !instagram,"['Português', 'AMA', 'jogadorcasual', 'jogoindie', 'jogoonline', 'jogoantigo']",[],False
25,2025-04-08 20:39,438,roblox,False,ManoJesley,pt,ROBLOX,jogando PRESSURE do Roblox com vocês!,"['Português', 'jogo', 'humor', 'game', 'terror', 'horrorgame', 'horror', 'roblox', 'robloxhorror', 'repo']",[],False
26,2025-04-09 00:01,519,sea-of-thieves,False,vitaolol_,pt,Sea of Thieves,(NO ADS) (DROPS ON!) ⚓  LIVE TODOS OS DIAS DO ANO! ⚓    -  ✅ 98/365,['Português'],['ProfanityVulgarity'],False
26,2025-04-09 00:01,519,sea-of-thieves,True,leo_rod3,pt,Sea of Thieves,"Jogando até a hora de dormir, CTLzada :(","['Jogos', 'Conversa', 'Português']",[],False
26,2025-04-09 00:01,519,sea-of-thieves,False,sapinho3,pt,Sea of Thieves,Cola mais!,"['Português', 'FPS', 'Jogodetiro', 'Ação', 'RPG', 'MOBA', 'aventura', 'seaofthieves', 'Inglês', 'extraçao']",[],False
27,2025-04-09 00:11,348,league-of-legends,True,guguole,pt,League of Legends,+18(SR ON) Vamos jogar? !pix,"['JogandocomEspectadores', 'Lux', 'LeagueOfLegends', 'LGBTQIA', 'Português', 'mestre', 'holidayhoopla', 'chill', 'Milio']",[],False
27,2025-04-09 00:12,348,league-of-legends,False,haruninha,pt,League of Legends,+ 18:  pior bronze do servidor br❗musica ❗comandos ❗livespix❗SR (off),['Português'],['ProfanityVulgarity'],False
27,2025-04-09 00:12,348,league-of-legends,False,NicoleDiretora,pt,League of Legends,REWORK DA LEBLANC 🔥🔥🔥❗pix ❗overclock,['Português'],[],False
28,2025-04-09 00:19,598,valorant,True,h1poison,pt,VALORANT,"Oie, tutu pom? vava com @thaylly @drikatv @ricop__ e depois um tft :)","['Português', 'valorant', 'fps', 'girl', 'leagueoflegends', 'lol', 'conversa', 'aventura', 'Poison']",[],False
28,2025-04-09 00:20,598,valorant,False,ataldaeclypse,pt,VALORANT,live miruda e resenhuda I !PIX !ELO !PATROCINIO,"['Português', 'valorant', 'BR', 'gamergirl', 'Mulher']",[],False
28,2025-04-09 00:20,598,valorant,False,Pinkdmd,pt,VALORANT,TERÇOUUUUUUUUUU!  | ❗Maid❗TAÇA ❗pix ❗sociais,"['Português', 'Competitivo', 'PeitudaMetida', 'VALORANＴ', 'valorantbrasil', 'LGBT', 'LGBTQIAPIus', 'dragqueen', 'English', 'Drag']",[],False
29,2025-04-09 04:01,574,sea-of-thieves,False,hager_420,en,Sea of Thieves,Late Night Boat Violence!!! @Nightfire255 @fezzik1983!!!✨PCG✨ !pokestart,"['English', 'Xbox', 'gaming', '420friendly', 'PCG', 'chill', 'pvp', 'pokemon']",[],False
29,2025-04-09 04:01,574,sea-of-thieves,False,shwockatv,en,Sea of Thieves,evil ramming,"['NerdKing', 'gamergirl', 'professionalplayer', 'nerd', 'seaofthieves', 'hourglasspvp', 'English']",[],False
29,2025-04-09 04:01,574,sea-of-thieves,False,flotsam,en,Sea of Thieves,Solo Sloop PvP Chaos 🐛,"['Solo', 'PvP', 'English']",[],False
30,2025-04-09 04:13,420,grand-theft-auto-v,False,konxitta,pt,Grand Theft Auto V,+18  RISE -  888 FOCO NA META DOS BITS VMS !!  💖 !pix !cupom,"['GTA', 'Complexogg', 'CPX', 'Português', 'Beyoncé', 'negras', 'beverlyhillsrp', 'BHRP']",['MatureGame'],False
30,2025-04-09 04:13,420,grand-theft-auto-v,True,larissa_petenon,pt,Grand Theft Auto V,🔴RERUN 🔴 Sophia novamente causando❗Discord ❗clip,"['Mulher', 'jogosdiversos', 'Português', 'pc', 'Brasil', 'cpx', 'complexo']",['MatureGame'],False
30,2025-04-09 04:13,420,grand-theft-auto-v,False,Kynordestino,pt,Grand Theft Auto V,"[+18] [LADO LESTE] JOSEFINO, O FOTÓGRAFO LENDÁRIO !PIX","['Português', 'policia', 'gameplay', 'josefino', 'complexo', 'complexogg', 'cpx', 'LadoLesteRP', 'LADOLESTE']",['MatureGame'],False
31,2025-04-09 08:01,415,roblox,False,Veggie,pt,ROBLOX,"JURASSIC PARK AGORA, LIVE ATÉ AS 4h","['Português', 'linda', 'veggiezinha', 'cantodadefunk', 'botanaveggiezinha', 'lipolad', 'magras', 'saopaulotrans']",[],True
31,2025-04-09 08:01,415,roblox,False,duduzeraplay,pt,ROBLOX,🔴 RERUN 🔴 ROBLOX DA RESENHA,['Português'],[],False
31,2025-04-09 08:01,415,roblox,False,surtadoxofc,pt,ROBLOX,2x pontos|LIVE ON SURTADO-X BLOX,"['bloxfruitslive', 'Bloxfruit', 'BloxFruitsRoblox', 'bloxfruits', 'portugués', 'Português']",[],False
32,2025-04-09 08:10,420,ea-sports-fc-25,False,npena80,pt,EA Sports FC 25,GRIND RIVALS 🚀🔥,"['Português', 'EAFC', 'FIFA', 'Futebol']",[],False
32,2025-04-09 08:10,420,ea-sports-fc-25,True,Burstlegacy,pt,EA Sports FC 25,"[PT/EN/ES] Ep. 18 - Evos, Rivals e WWE 2K25 para continuar o sorteio mensal! !wwe para verem pontuação, regras e card!","['esports', 'wrestling', 'wwe', 'aew', 'fifa', 'coach', 'entertainer', 'Português', 'ISGeSports']",[],False
32,2025-04-09 08:10,420,ea-sports-fc-25,False,DieguitoPotter,pt,EA Sports FC 25,"🎮 EAFC 25 | A Rota da Glória: Taça, Emoções e o Projeto EVO Imortal 🌟⚽️ !Mbway !Prozis !Divoom !Switch ✅","['Português', 'eafc25', 'packopening', 'ultimateteam', 'futbirthday', 'rage']",[],False
33,2025-04-09 08:19,493,fortnite,False,maahmurollo,pt,Fortnite,Fortnite bb 🔥 ❗JOGAR ❗LOJA    MUROLLO #ad,"['gamer', 'Português', 'Fortnite', 'ZeroBuild', 'battleroyale', 'Reposição']",[],True
33,2025-04-09 08:20,493,fortnite,False,NYKAGAMER_,pt,Fortnite,tu xera ❗️code ❗️LIVEPIX ❗️Onlyfans ❗️Comandos ❗️Discord ❗️Clip,"['Fortnite', 'Português', 'Mulher', 'brasil', 'Español', '한국어', 'Русский', '漢語', 'ภาษาไทย', '日本語']",[],False
33,2025-04-09 08:20,493,fortnite,False,Rompe,pt,Fortnite,Jogando com o melhor chat !ExitLag !Code ROMPE #EpicPartner !loja,"['Português', 'Trocação']",[],False
34,2025-04-09 08:30,509,marvel-rivals,True,Xerekiss,pt,Marvel Rivals,🔥ATUALIZAÇÃO ESTÁ CHEGANDO🔥| LOJINHA RENOVADA (❗loja) | CODE: XEREKISS #ad,"['Português', 'Brasil', 'fps', 'Fortnite', 'Portugal', 'battleroyale']",[],False
34,2025-04-09 08:30,509,marvel-rivals,False,LhamaInPijamas,pt,Marvel Rivals,ESTMOS DE VOLTA NA GRIND! !pix !elomarvel !discord,"['rpg', 'casual', 'Português', 'marvelrivals', 'rivals', 'marvelrival']",[],False
34,2025-04-09 08:30,509,marvel-rivals,False,amohrte,pt,Marvel Rivals,DO BRONZE AO… TALVEZ BRONZE DE NOVO? // 👀 RERUN/REPRISE,"['Português', 'funny', 'humor', 'amohrte', 'English', 'marvelrivals', 'marvel']",['ProfanityVulgarity'],False
35,2025-04-09 08:41,388,valorant,False,lulavlr,pt,VALORANT,MELHOR CHAMBER DO MUNDO NAS RANKEDS |❗tipspace❗monitor❗pix,"['Português', 'valorant', 'chamber', 'TryhardGameplay']",[],False
35,2025-04-09 08:41,388,valorant,False,cisinha,pt,VALORANT,bom dia nenes,['Português'],['ProfanityVulgarity'],False
35,2025-04-09 08:41,388,valorant,False,guigzvlr,pt,VALORANT,PROFESSOR DE LA CASA DE PAPEL. SOMENTE CALLS.  - !EXITLAG | !sub !parcerias !growth !tadala !soldado,['Português'],[],False
36,2025-04-09 12:01,317,grand-theft-auto-v,True,Jvnq,pt,Grand Theft Auto V,GTA RP CDANJOS [91ª Live],"['Português', 'jvnq']",['MatureGame'],False
36,2025-04-09 12:01,317,grand-theft-auto-v,False,yaasdishavaofc,pt,Grand Theft Auto V,(+18) Lado Leste / Todos pobres ? GERENTE da Nevaska ON / CODIGUIN ❗pix ❗cdd ❗dc ❗pc ❗hl ❗insta ❗ttk,"['GTARPLIVE', 'cpx', 'capitalcity', 'LadoLesteRP', 'ptbr', 'fivem', 'Português', 'desempregada', 'Desempregado', 'metropolegg']",['MatureGame'],False
36,2025-04-09 12:01,317,grand-theft-auto-v,False,hazaprp,pt,Grand Theft Auto V,+18 PRODIGY RP - KENNEDY'S - Bom dia - !LIVEPIX !PRODIGY,"['RP', 'Português', 'ProdigyRP']",['MatureGame'],False
37,2025-04-09 12:08,468,overwatch-2,False,lotuspequeno,pt,Overwatch 2,🔥ModukOT🔥 🎁PARCEIRO MODUKOT🎁  🧙‍♂️(MS) 103º Dia🧙‍♂️❗comandos❗ot❗loja❗zerobot❗exitlag,"['Português', 'modukot', 'Overｗatch2']",['ProfanityVulgarity'],False
37,2025-04-09 12:08,468,overwatch-2,False,A7X1HERO,pt,Overwatch 2,Cód.: A7X1Hero !yt !pix !kwai !mih !tatoo !clip,"['Português', 'gamepass']",[],False
37,2025-04-09 12:09,468,overwatch-2,False,joohn_garcia,pt,Overwatch 2,NOSSO LUGAR ESPECIAL - 🔵COD APOIADOR: JOHNZ,"['Gay', 'gameplay', 'nerd', 'playstation', 'inglês', 'Português', 'fortnite', 'Overawatch', 'terror', 'LGBTQIA']",[],False
38,2025-04-09 12:19,520,the-sims-4,False,ajenizinha,pt,The Sims 4,"Quartou no rancho, vem! ❄️ ▸!pix ▸!blerp ▸!lurk ▸!discord","['thesims4', 'stardewvalley', 'rainbowsixsiege', 'rainbowsixsiegebr', 'coralisland', 'gtavrproleplay', 'portugueseBR', 'Português', 'Reposição']",[],True
38,2025-04-09 12:19,520,the-sims-4,False,Thatales_,pt,The Sims 4,DO LIXO AO LUXO NO THE SIMS 4 ENQUANTO TOU NO VETERINÁRIOI | LIVE INFINITA DO THATA,['Português'],[],False
38,2025-04-09 12:19,520,the-sims-4,False,SosoGamesPT,pt,The Sims 4,Sims4 PT - Bora construir a casa para o Pack Legacy Challenge // Stream teste - meu 1o stream,"['sims4', 'packlegacychallenge', 'primeirastream', 'sims4portugal', 'sims4portugues', 'NewbieStreamer', 'sims4buildmode', 'Português']",[],False
39,2025-04-09 16:01,544,sea-of-thieves,False,Nicolaulb,pt,Sea of Thieves,Bora subir o mercado do ouro!! Bora logo a um continente grande  chamado B@@@@ ! :)  ! Comandos !discord !Clip,"['Português', 'parceiros', 'portugués', 'Portugal', 'drospactivados', 'drops']",[],False
39,2025-04-09 16:01,544,sea-of-thieves,False,playinghazel,pt,Sea of Thieves,"Feliz Quarta Feira Rosa, meus BACANOS! | Campanha Plus - Dia 9. Como ajudar? -> !plus + Desafios -> !roda | !redes !discord !lendasdomar","['SeaofThieves', 'Português', 'LGBTQIAPIus', 'PvP', 'PvE']",[],False
39,2025-04-09 16:01,544,sea-of-thieves,False,WesleyCaribe,pt,Sea of Thieves,🇧🇷🇵🇹🏴‍☠️Quantos mares um(a) pirata precisa navegar até que ele(a) se torne uma lenda?,"['Português', 'bemorepirate']",[],False
40,2025-04-09 16:12,527,overwatch-2,False,Abacatemi,pt,Overwatch 2,Sorteio de 3 chaves do jogo Mini City Mayhem amanhã!! #OverwatchCreator,"['Português', 'girl', 'overwatch2', 'OverwatchCreators', 'chat', 'cosplayergirl', 'yk2']",[],False
40,2025-04-09 16:12,527,overwatch-2,True,joohn_garcia,pt,Overwatch 2,NOSSO LUGAR ESPECIAL - 🔵COD APOIADOR: JOHNZ,"['Gay', 'gameplay', 'nerd', 'playstation', 'inglês', 'Português', 'fortnite', 'Overawatch', 'terror', 'LGBTQIA']",[],False
40,2025-04-09 16:12,527,overwatch-2,False,a_kitsunee,pt,Overwatch 2,[+18] [PT/EN] [PC]🌸Bom dia meus amores🌸🎀 !comandos !tinder !love !hate !namoro !avoid🎀 Bebam agua!,"['Português', 'Inglês', 'casualplay', 'Mulher', 'girlgamers', 'Kirikomain']",[],False
41,2025-04-09 16:23,504,league-of-legends,False,Yonerai,pt,League of Legends,"Melhor yone da rua, talvez até do bairro! - Profundezas do prata","['Português', 'Mulher']",[],False
41,2025-04-09 16:23,504,league-of-legends,False,guiven,pt,League of Legends,🟣  AO VIVO: LEVEL 1 AO TOP 1 (MESTRE 100LP),"['Português', 'Irelia', 'Vampiro', 'Tubarão', 'Mbappe', 'EternoGrãoMestre', 'Desafio010', 'Pancada', 'Bizarro', 'Cabeção']",[],False
41,2025-04-09 16:23,504,league-of-legends,False,niellelol,pt,League of Legends,[PT/BR] Jogando na main 402/550 pro gm 🦖🦖,"['Mordekaiser', 'SIGMA', 'based', 'Autismo', 'Godzilla', 'dinossauro', 'dinosaurs', 'Português']",[],False
42,2025-04-09 16:33,416,ea-sports-fc-25,False,Mateuuusao,pt,EA Sports FC 25,!livepix - TIME GALÁTICO - JOGATINA E PACKS - LERO COINS,"['ULTIMATE', 'FUTEBOL', 'Português']",[],False
42,2025-04-09 16:34,416,ea-sports-fc-25,True,IsraelPirata,pt,EA Sports FC 25,CLUBS COM QUEM PAGAR MAIS !PIX !CLUBE,"['callofduty', 'warzone', 'fps', 'JogadaCasual', 'subathon', 'Português', 'English', 'RPG', 'Fortnite', 'FinalFantasy']",[],False
42,2025-04-09 16:34,416,ea-sports-fc-25,False,Hairzinho,pt,EA Sports FC 25,HYPE DAS 14 + QUAL A BOA PRA HOJE? E PRO CLUBS MORAL DOS BRO! + !GRUPO + !PARCERIA !REDES !TIKTOK,"['ULTIMATETEAM', 'RAGE', 'ENGRACADO', 'PACKS', 'COMPETITIVO', 'Português', 'Brasil', 'WeekendLeague', 'Portugal', 'Reposição']",[],False
43,2025-04-09 16:42,350,valorant,True,MegeraBruna,pt,VALORANT,VAVAZIN [+18] / !discord / !elo / !regras / !pix / !instagram/ !nick/ !Sorteio/ !clip/ !Sr /  !subathon,"['Português', 'valorant', 'gamergirl', 'fps', 'gamer']",[],False
43,2025-04-09 16:43,350,valorant,False,ingridysant_,pt,VALORANT,100 BITS OU R$10 NICK NA TESTA 🤪❕Meta❕Bits❕Pix ❕Loja ❕Amazon ❕Wishlist❕Zap    -> Siga @ingridysant_ nas redes sociais,"['fps', 'lgbtqia', 'DropsAtivos', 'Justchatting', 'mulher', 'Português', 'LGBTQIAAlly']",[],False
43,2025-04-09 16:43,350,valorant,False,milyzinea_,pt,VALORANT,rankedsssssss !pix,"['VALORANT', 'RANKEDS', 'MULHER', 'Português']",[],False
0,2025-04-09 20:04,560,sea-of-thieves,False,iShadowWolf_,pt,Sea of Thieves,(+18) Livezinha Muito Doida!   ||   (❗comandos ❗metas ❗drops)   ||   (Epic Code: SHADOWOLF),['Português'],[],False
0,2025-04-09 20:05,560,sea-of-thieves,False,JujubaNeko,pt,Sea of Thieves,[PT/BR +18] ESTOU DE VOLTAAAAA! (XBOX SERIES S) - Código Epic JUJUBANEKO !cmds,"['Anime', 'MãeGamer', 'Brasil', 'Português', 'XboxSeriesS', 'PvP', 'Multiplayer', 'PvE', 'Aventura', 'Cooperativo']",['ProfanityVulgarity'],False
0,2025-04-09 20:05,560,sea-of-thieves,False,baruca2222,pt,Sea of Thieves,"Rumo ao nível 400, LET´S BORA.","['Português', 'crime', 'seaofthieves']",[],True
1,2025-04-09 20:16,388,overwatch-2,False,peachy_yumi,pt,Overwatch 2,🍑 Subathon pro Campeonato 🍑 Campeachy 13/04-19/04 🍑 mestre sup kiri - peachython,"['OW2LeSserafim', 'OW2Season15', 'OverwatchCreator', 'OW2Brasil', 'Português', 'English']",[],False
1,2025-04-09 20:16,388,overwatch-2,True,lulinha__,pt,Overwatch 2,Aquecimento +grind ao gm2,"['Depressão', 'naoseifalar', 'Português']",[],False
1,2025-04-09 20:16,388,overwatch-2,False,jessieziinha,pt,Overwatch 2,🗣️QUARTOUU DE OVERZIN E PAPEAMENTO ♥,"['Português', 'Mulher', 'overwatch', 'overwatch2', 'PlayingwithViewers', 'ConversandoComOChat', 'noobstreamer', 'lerdeza', 'TDAH']",['ProfanityVulgarity'],False
2,2025-04-09 20:25,421,valorant,False,PavaoPVP,pt,VALORANT,pegando imortal no valorant 💀,"['JogandoComOChat', 'jogos', 'Português', 'garota']",[],False
2,2025-04-09 20:25,421,valorant,True,Yagamijj,pt,VALORANT,🔥Farm Mecoins | Valorant feat @frantchesko_ff  | ❗Pix | ❗Mentora | ❗Youtube | ❗Upboost | Siga @yagamijj | Delay 60s,"['Rock', 'Flamengo', 'TDAH', 'Competitivo', 'Humor', 'LinkinPark', 'Caster', 'Mentora', 'valorant', 'DeathNote']",[],False
2,2025-04-09 20:25,421,valorant,False,julinhazsz,pt,VALORANT,INSTALOCK REYNA| !pix !elo,"['Português', 'English', 'VALORANＴ']",[],False
3,2025-04-09 20:34,445,league-of-legends,False,guguole,pt,League of Legends,+18(SR ON) Vamos jogar? !pix,"['JogandocomEspectadores', 'Lux', 'LeagueOfLegends', 'LGBTQIA', 'Português', 'mestre', 'holidayhoopla', 'chill', 'Milio']",[],False
3,2025-04-09 20:34,445,league-of-legends,False,GigiDeusa,pt,League of Legends,lolzin e depois testar vava 💪🏻💪🏻💪🏻,['Português'],[],False
3,2025-04-09 20:34,445,league-of-legends,False,Sweetzita,pt,League of Legends,"✨ JOGANDO COM O CHAT ✨| Chega aii, tchê! Fica a vontade ❤️ | !tvzita","['Conversa', 'LOL', 'LeagueofLegends', 'Gamer', 'TDAH', 'Mulher', 'Português']",[],False
4,2025-04-09 20:43,518,fortnite,False,morenageek,pt,Fortnite,Tryhardando até o surreal | Ballistic ranked,"['Fortnite', 'GirlPlayer', 'PS5LiveStream', 'ControlerGaming', 'Português']",[],False
4,2025-04-09 20:43,518,fortnite,False,oLui,pt,Fortnite,FNCS PLAY-IN!!!!! 😃,"['Brazil', 'PC', 'BattleRoyaleMode', 'Português']",[],False
4,2025-04-09 20:44,518,fortnite,False,Fininhho,pt,Fortnite,VAMOOOOO DE SABRINA ? | VAMO JOGAR   🎮  | CODE: FININHHO ❗PIX ❗SUB ❗REDES,"['Português', 'Gay', 'Jogandocomespectadores', 'safezone', 'jogadorcasual', 'fortnitebr', 'GayestManAlive']",[],False
5,2025-04-10 00:01,308,sea-of-thieves,True,gabrielwfw,pt,Sea of Thieves,[ PT-BR ] LIVE SEM AD // !AD  {!pix - !steam - !xbox},"['Português', 'Inglês', 'PvP', 'valorant', 'radiante']",[],False
5,2025-04-10 00:01,308,sea-of-thieves,False,WiecGames,pt,Sea of Thieves,Sea of thieves - PVP Solo para dar uma brincada Parcerias: @lendasdomar @csotbr,['Português'],[],False
5,2025-04-10 00:01,308,sea-of-thieves,False,DuuDyys,pt,Sea of Thieves,"Quase fechando a Meta, Da uma força ai - ❗livepix❗duelo❗meta❗sotbr❗lendas❗aposta - PTBR - ESP","['Português', 'jogos', 'Xbox', 'sorteio', 'gaules', 'Yoda', 'Brasileiro', 'Español', 'alanzoka', 'divertido']",[],False
6,2025-04-10 00:08,544,fortnite,True,iShadowWolf_,pt,Fortnite,(+18) Livezinha Muito Doida!   ||   (❗comandos ❗metas ❗drops)   ||   (Epic Code: SHADOWOLF),['Português'],[],False
6,2025-04-10 00:08,544,fortnite,False,Arkane,pt,Fortnite,DUO TRYHARD W/ @ketty - CODE: ARKANE #EpicPartner 🔥 !loja !pix !logitech !noping !youtube !cortes,['Português'],[],True
6,2025-04-10 00:08,544,fortnite,False,Fininhho,pt,Fortnite,VAMOOOOO DE SABRINA ? | VAMO JOGAR   🎮  | CODE: FININHHO ❗PIX ❗SUB ❗REDES,"['Português', 'Gay', 'Jogandocomespectadores', 'safezone', 'jogadorcasual', 'fortnitebr', 'GayestManAlive']",[],False
7,2025-04-10 00:19,494,league-of-legends,False,guguole,pt,League of Legends,+18(SR ON) Vamos jogar? !pix,"['JogandocomEspectadores', 'Lux', 'LeagueOfLegends', 'LGBTQIA', 'Português', 'mestre', 'holidayhoopla', 'chill', 'Milio']",[],False
7,2025-04-10 00:19,494,league-of-legends,False,Akrinuss,pt,League of Legends,!privacy - Dicas p subir d ELO l Mestre !cortes !duo !analise !abt !facinho,"['Português', 'Reposição']",[],False
7,2025-04-10 00:20,494,league-of-legends,False,AkamePNG,pt,League of Legends,Flex pra mimir  - !elo !loja !pix,"['Português', 'gamegirl']",['ProfanityVulgarity'],False
8,2025-04-10 00:30,578,the-sims-4,True,kiqidea,pt,The Sims 4,hoje  - !pix !info !redes !lurk !comandos,"['LGBTQAFriendly', 'Comfy', 'Português', 'VtuberBR', 'vtuber', 'conversa', 'rpg', 'kpop', 'anime', 'thesims']",[],False
8,2025-04-10 00:30,578,the-sims-4,False,akarenzita,pt,The Sims 4,♡ desafio sims in bloom ⁺✧ !desafio,['Português'],[],False
8,2025-04-10 00:30,578,the-sims-4,False,Oie_Pandii,pt,The Sims 4,Só jogandinho ~♡ !comandos,"['Brasil', 'Vtuber', 'Português', 'girlgamers', 'celular', 'celulargamer', 'jogosonline', 'gamesstreamer', 'VtuberBR']",[],False
9,2025-04-10 00:41,356,counter-strike,False,shadowsganjaking,pt,Counter-Strike,"🔞VEM F1 COM NOIX NO SUBATHON  SUBATHON/LIVE INFINITA - SUB OU GIFT SUBS , BITS OU PIX AUMENTAM O TEMPO DA LIVE- !BITS| !PIX |!loja| !CUPOM|","['maconha', '420', 'CS2', 'Brasil', 'portugues', 'ganja', 'brasileiro', 'counterstrike', 'Cannabis', 'CannabisCommunity']",['MatureGame'],False
9,2025-04-10 00:41,356,counter-strike,False,BobSiqueira,pt,Counter-Strike,QUARTAMOS NO MELHOR ESTILO  ---  -> ->  !Formulario  !TopSkins  !Insane  !Loja  !XTSKINS,"['Português', 'Bobzao', 'CS2', 'reacts', 'Pc', 'csgo', 'topskins']",['MatureGame'],True
9,2025-04-10 00:41,356,counter-strike,False,pinkrafa,pt,Counter-Strike,TOP 20 GC... só não falei do que ... Colaaa =)   !ingresso para sorteio 1500 seguidores,"['CS2', 'counterstrike', 'gaming', 'GamingLive', 'Esports', 'fps', 'CS2Live', 'gaules', 'TRIBONERA', 'Brasil']",['MatureGame'],False
10,2025-04-10 04:01,416,fortnite,False,Melizy7x,pt,Fortnite,FORTNITE GRIND GIRL PLAYING | 🏆 USE CODE MELIZY #ad !pix !dc !mapa,"['Português', 'FortniteRanked', '1v1', 'Fortnite']",[],False
10,2025-04-10 04:01,416,fortnite,True,Rochanzin,pt,Fortnite,GRINDZINHO DO ROCHANZINHO l USE CODE ROCHAN #ad !add !exitlag !livepix,"['Português', 'Rochanzin', 'rochan', 'fortnite', 'rankedfortnite']",[],False
10,2025-04-10 04:01,416,fortnite,False,MatutosGaming,pt,Fortnite,[+18] LIVE para quem não dorme🌙 Madrugada com os Matutos 🔥NOS AJUDE A BATER AS METAS ❗Rifa ❗️pix ou ❗️donate Através do Paypal ✨ | ❗️jogar,"['BRASIL', 'JOGANDOCOMVIEWS', 'fortnitetrocacao', 'marvelrivals', 'NordesteGamer', 'LGBTQGamer', 'HumorNoGame', 'PS5', 'ZeroBuild', 'LGBTQGamers']",[],False
11,2025-04-10 04:10,382,grand-theft-auto-v,False,naatfps,pt,Grand Theft Auto V,[FLOW-Beckham]   ЗАХВАТЧИКИ И БОЛЕЗНИ   !livepix,"['FiveM', 'Português', 'Valorant', 'GTA', 'cpx', 'complexo', 'rp']",['MatureGame'],False
11,2025-04-10 04:10,382,grand-theft-auto-v,False,jacarepereira,pt,Grand Theft Auto V,"+18 GTARP [CAPITAL] Mano a Mano  pra mim é esporte""",['Português'],['MatureGame'],False
11,2025-04-10 04:10,382,grand-theft-auto-v,False,anakxb,pt,Grand Theft Auto V,[+ 18 LADO LESTE + JOGUINHOS ] - SOBREVIVENDO. !CIDADE !LADOLESTE !PIX !SUB !CODIGUIN,"['LadoLesteRP', 'LADOLESTE', 'GTARP', 'Mulher', 'Português', 'goat', 'RP', 'gta']",['MatureGame'],False
12,2025-04-10 04:18,525,league-of-legends,False,guguole,pt,League of Legends,+18(SR ON) Vamos jogar? !pix,"['JogandocomEspectadores', 'Lux', 'LeagueOfLegends', 'LGBTQIA', 'Português', 'mestre', 'holidayhoopla', 'chill', 'Milio']",[],False
12,2025-04-10 04:18,525,league-of-legends,True,ASennan,pt,League of Legends,(+18) ✨PYNA e PERDE 24h???? || !verificado !subathon !loja !meta !desejos !pix !redes !asenna || @asennan,"['jogajunto', 'girls', 'rankeada', 'Português', 'lgbt', 'live', 'pedintevirtual', 'mulhergamer', 'egirlgamer', 'mulheresnatwitch']",['ProfanityVulgarity'],False
12,2025-04-10 04:19,525,league-of-legends,False,Mihira_a,pt,League of Legends,hmmm soloq misteriosa -27 pdl| !comandos !sonoros !pix,"['soloq', 'lolzinho', 'girlgamer', 'Português', 'jungler']",['ProfanityVulgarity'],False
13,2025-04-10 04:29,358,counter-strike,False,GOIAMO,pt,Counter-Strike,"Ame sua família, respeite o próximo e sempre confie em Deus🙏🏻!msg !pix !clip !nesha @gamersclubcs",['Português'],['MatureGame'],False
13,2025-04-10 04:29,358,counter-strike,True,cogu,pt,Counter-Strike,LEGACY COGU - 39y talent  (9 dias pro aniversario e contando)❗️cortes ❗️sociais ❗️nesha ❗️csgofast ❗️oração,"['cs', 'Português']",['MatureGame'],False
13,2025-04-10 04:30,358,counter-strike,False,pinkrafa,pt,Counter-Strike,TOP 20 GC... só não falei do que ... Colaaa =)   !ingresso para sorteio 1500 seguidores,"['CS2', 'counterstrike', 'gaming', 'GamingLive', 'Esports', 'fps', 'CS2Live', 'gaules', 'TRIBONERA', 'Brasil']",['MatureGame'],False
14,2025-04-10 08:01,390,ea-sports-fc-25,False,and3rsonfps,pt,EA Sports FC 25,BOM DIA COM LIVEZINHA ABRINDO PACKS  |  EAFC 25,"['Português', 'EA', 'eafc25']",[],False
14,2025-04-10 08:01,390,ea-sports-fc-25,True,FlangoFC,pt,EA Sports FC 25,Rivals + ICON + PACK 15 87+ + ANALISE DE TIME,"['eafc25', 'Português', 'tradefifa']",['ProfanityVulgarity'],False
14,2025-04-10 08:01,390,ea-sports-fc-25,False,xGuuhGabrielx,pt,EA Sports FC 25,"Farm Diário, DMEs, Packs e Resenha | DIGITE !Livepix !cliente !grupo !meta","['EASPORTS', 'EAFC', 'eafc25', 'ultimateteam', 'fc25', 'fc25gameplay', 'Português', 'Paivinha29', 'Carpentieri', 'Adolfz']",[],False
15,2025-04-10 08:10,502,roblox,True,thalleco77,pt,ROBLOX,BLOX FRUITS🔴 AO VIVO 🔴,"['gta', 'GTARPLIVE', 'gtavpRP', 'gta5roleplayer', 'Português', 'Reposição']",[],False
15,2025-04-10 08:10,502,roblox,False,Tipsyz,pt,ROBLOX,Roblox com o chat #Ad !roblox,"['coveiro', 'yorick', 'lol', 'leagueoflegends', 'toplaner', 'challenger', 'top', 'DayZ', 'English', 'pokemon']",[],False
15,2025-04-10 08:10,502,roblox,False,sabrinoca,pt,ROBLOX,(RERUN) SUBATHON + NOITE DE CRIMES !odyssey !odysseycup !subathon,"['Português', 'MãeDePrimeiraViagem', 'BaratinhaDeFogão', 'Concubina', 'Melões', 'MulherDePreso', 'LeagueofLegends', 'Aliada', 'GíriasRegionais', 'Simples']",[],True
16,2025-04-10 08:21,430,grand-theft-auto-v,False,vicfdcss,pt,Grand Theft Auto V,[+18 CDAnjos] Agnes Santiago,"['CidadedosAnjos', 'PortuguêsBR', 'RP', 'Português', 'AgnesSantiago']",['MatureGame'],False
16,2025-04-10 08:21,430,grand-theft-auto-v,False,1DrakoNz,pt,Grand Theft Auto V,PRODIGYRP - GUILDA GANG - EP.21 - CUPOM DRAKONZ !exitlag,"['Português', 'RP', 'ProdigyRP']",['MatureGame'],True
16,2025-04-10 08:21,430,grand-theft-auto-v,False,AmaruC2,pt,Grand Theft Auto V,🔞 NOBRE ROLEPLAY 🔥 FIVE M ⚔️ 🔫 VIDA DE PATRÃO ❗ 😈 CRIA ❗ 💭 RESENHA !pix !sub !server !rp !discord,"['gta', 'fivem', 'nobre', 'roleplay', 'fac', 'POLICIA', 'gta5', 'gtav', 'CidadeNobre', 'SantaGroupGG']",['MatureGame'],False
0,2025-04-14 20:11,686,the-sims-4,False,Thorigao,pt,The Sims 4,🟢 com o braço semi-imobilizado o melhor dos melhores top 2,"['Português', 'Brasil', 'BaldursGate3', 'BG3', 'Thorigao', 'rpg', 'bgee']",[],False
0,2025-04-14 20:11,686,the-sims-4,False,Thatales_,pt,The Sims 4,"SORTEIO, CONSTRUÇÃO THE SIMS 4 E TLOU2 | LIVE DO THATA",['Português'],[],False
0,2025-04-14 20:11,686,the-sims-4,False,renatisses,pt,The Sims 4,#05 Legado da Olivia Tatuadora !SORTEIO,"['Brasil', 'Português', 'sorteio', 'thesims']",[],False
1,2025-04-14 20:27,898,counter-strike,False,BrunoBalloni,pt,Counter-Strike,🟢LIVE DO SUMIDO -> ❗regraloja❗farm ❗sub ❗msg ❗loja,"['Português', 'fps', 'Brasil', 'counterstrike', 'cs', 'cs2', 'brazil']",['MatureGame'],False
1,2025-04-14 20:27,898,counter-strike,False,shadowsganjaking,pt,Counter-Strike,🔞VEM F1 COM NOIX - LEGALIZANDO O CS2 E A TWITCH -  !BITS| !PIX |!loja| !CUPOM|,"['maconha', '420', 'CS2', 'Brasil', 'portugues', 'ganja', 'brasileiro', 'counterstrike', 'Cannabis', 'CannabisCommunity']",['MatureGame'],False
1,2025-04-14 20:27,898,counter-strike,False,taruhgg,pt,Counter-Strike,PREMIER DE ALTO NIVEL ? ❗curso ❗csgobig ❗neshastore ❗skinclub,['Português'],['MatureGame'],False
2,2025-04-14 20:44,724,sea-of-thieves,False,guunnerz,pt,Sea of Thieves,HOJE TEM SORTEIO |  Não aguentava mais ficar doente  | Sea of Thieves | !instagram !PIX !Comandos,"['Brasil', 'Português', 'seaofthieves', 'seaofthievescommunity', 'SeaofThievesgameplay', 'Gunnerz', 'SoTPvp', 'PvE', 'PvEPvP', 'Guunnerz']",[],False
2,2025-04-14 20:44,724,sea-of-thieves,False,baruca2222,pt,Sea of Thieves,Pvpzin Solo de cria...,"['Português', 'crime', 'seaofthieves']",[],True
2,2025-04-14 20:44,724,sea-of-thieves,False,Gragolandia1,pt,Sea of Thieves,SEA COM O PESTE !loco !livepix,"['Português', 'Autismo', 'TDAH']",['ProfanityVulgarity'],False
3,2025-04-15 00:01,837,the-sims-4,False,bruxanyx,pt,The Sims 4,"boa noiteeee, bora?","['Português', 'GothGirl']",['ProfanityVulgarity'],False
3,2025-04-15 00:02,837,the-sims-4,True,emKikuchi,pt,The Sims 4,conversinhas | 52 ✦˚ .  !sociais,"['PEPEGA', 'Vtuber', 'Português', 'English', 'TEA', 'ActuallyAutistc']",[],False
3,2025-04-15 00:02,837,the-sims-4,False,BielzitoTv,pt,The Sims 4,"Boa noite, bora de The Sims agora!!","['Brasil', 'Português', 'deadbydaylightkillers', 'dbdsurvivor']",[],False
4,2025-04-15 00:18,798,marvel-rivals,False,DrarkoN_GM,pt,Marvel Rivals,Marvel Rivals e Overwatch (Main Winter Soldier! Confia!) @raiderscompany,"['Português', 'DropsAtivados']",[],False
4,2025-04-15 00:18,798,marvel-rivals,False,piVini_,pt,Marvel Rivals,(Drops on) KKKKKKKKKKJ,"['Português', 'English', 'Russian', 'espanhol', 'DropsAtivados']",[],False
4,2025-04-15 00:18,798,marvel-rivals,False,Dilascio_,pt,Marvel Rivals,(DROPS ON) TESTANDO TODOS OS HERÓIS BUFFADOS,"['Português', 'Competitivo', 'Conversa', 'top500', 'overwatch', 'English', 'DropsAtivados']",[],False
5,2025-04-15 00:34,678,grand-theft-auto-v,False,naatfps,pt,Grand Theft Auto V,[FLOW/Beckham] Qual a boa?  !livepix @naatfps,"['FiveM', 'Português', 'Valorant', 'GTA', 'cpx', 'complexo', 'rp']",['MatureGame'],False
5,2025-04-15 00:34,678,grand-theft-auto-v,False,LevithTheZ,pt,Grand Theft Auto V,Prodigy Brasil |   #FREEKOBA    |  Depois talvez voltamos pro Marvel! |    !kick !pix !social !youtube,"['Português', 'fps', 'marvelrivals']",['MatureGame'],False
5,2025-04-15 00:34,678,grand-theft-auto-v,False,CriaPlayer,pt,Grand Theft Auto V,🎃GOTHAM RP🎃 #89 SOBREVIVENDO!!!  #VdgPraKrlh #TropaDosDodóis !gotham  !fancam,['Português'],"['MatureGame', 'ProfanityVulgarity']",False
6,2025-04-15 00:47,664,overwatch-2,True,Katachi_____,pt,Overwatch 2,| +18 | Segunda chilling hoje? Bora tentar,"['Português', 'DropsAtivados']",['ProfanityVulgarity'],False
6,2025-04-15 00:47,664,overwatch-2,False,Cooruja,pt,Overwatch 2,[!DROP Faster] De boas na lagoa! Sorteio PASSE ULTIMATE essa semana! !Coinrujas | !Stadium !Passefree,"['Autismo', 'TDAH', 'SafeSpace', 'Pai', 'Overwatch', 'Português', '4fun', 'OW2Season15', 'DropsAtivados', 'casado']",[],False
6,2025-04-15 00:47,664,overwatch-2,False,FEARnando,pt,Overwatch 2,REPO + RIVALS + OW2 🗣 surtos e sustos com flores ao fundo pra amenizar 🌹✨🏳️‍🌈🎮 EN/PT,"['lgbt', 'English', 'Português', 'Horror', 'PsychologicalHorror', 'HardMode', 'DropsAtivados']",[],False
7,2025-04-15 01:01,684,roblox,False,euLukeLeo,pt,ROBLOX,DROPS 💎 LIVE NA FOLGA & LUKEFLIX 😎  ~!lukeflix ~!discord ~!pix,['Português'],[],False
7,2025-04-15 01:01,684,roblox,True,NickiieTV,pt,ROBLOX,👽 DBD + SESSÃO DA TRAVA  !lanhouse  !sessão !fila  !lurdes !casaflorescer !REGRAS !audios !donate !pix !sub !comand,"['TRANS', 'ELADELA', 'ÓVINIS', 'ETS', 'FILHADOLULA', 'SURTOS', 'BRUXA', 'REACTS', 'GAMEPLAY', 'LGBTQIAPN']",['ProfanityVulgarity'],False
7,2025-04-15 01:01,684,roblox,False,giccca,pt,ROBLOX,CONVERSAS E CONVERSAS E MAIS CONVERSAS -> !roblox #Ad,"['StreamerNoob', 'Variados', 'Português', 'jogosdecampanha', 'RPG', 'react', 'reactanime', 'gamergirl', 'gamernoob']",['ProfanityVulgarity'],False
8,2025-04-15 04:01,683,marvel-rivals,True,amohrte,pt,Marvel Rivals,NOVATO APRENDENDO NO ÓDIO E NA RAIVA! // Rerun,"['Português', 'funny', 'humor', 'amohrte', 'English', 'marvelrivals', 'marvel', 'DropsAtivados']",['ProfanityVulgarity'],False
8,2025-04-15 04:01,683,marvel-rivals,False,thaylly,pt,Marvel Rivals,"[DROPS] BORA VOLTAR PRO GM, BÓ? [!pix !noping !social !discord]","['dropshabilitados', 'MMORPG', 'Português', 'Vtuber', 'RPG', 'PVE', 'PvP', 'Mulher', 'TDAH', 'idosa']",[],True
8,2025-04-15 04:01,683,marvel-rivals,False,ckgeek,pt,Marvel Rivals,"OURO 2 CHECK, AGORA RUMO AO PLATINA DEPOIS DIAMNATE! ✅RERUN✅","['Português', 'DropsAtivados']",[],False
9,2025-04-15 04:15,796,roblox,False,SophyySol,pt,ROBLOX,Resolvendo problemas! Volto já 💜 !Meta !Loja !Discord !Pix,"['Português', 'English', 'Vtuber', 'LGBT', 'Trans', 'femboy', 'ragnatales', 'ravenquest']",[],False
9,2025-04-15 04:15,796,roblox,True,kastanha,pt,ROBLOX,PT/EN Just farming in Weapon Fighter RNG 24/7,"['Roblox', 'Farm', 'English', 'Português', 'Afk']",[],False
9,2025-04-15 04:15,796,roblox,False,bloodstrikewll,pt,ROBLOX,os cria ta on bb,['Português'],[],False
10,2025-04-15 04:30,689,grand-theft-auto-v,False,fumbangarp,pt,Grand Theft Auto V,[+18] [CAPITAL/CENTRAL] ☠️ OS CAÇADORES DA ARCA PROIBIDA ☠️,"['Português', 'gta', 'GTAⅤ', 'LGBTQFriendly', 'fivem', 'humor', 'ＧTA5', 'gaming', 'gameplay', 'viral']",['MatureGame'],True
10,2025-04-15 04:30,689,grand-theft-auto-v,False,miinagames_,pt,Grand Theft Auto V,+18 CDAnjos | RECONSTRUINDO MINHA VIDA | PRECISO DE UM TRABALHO | ep2 !PIX !SUB,"['português', 'CDAnjos', 'cidadedosanjos', 'metropole', 'metropolegg', 'CDA', 'RP', 'Português']",['MatureGame'],False
10,2025-04-15 04:30,689,grand-theft-auto-v,False,Kynordestino,pt,Grand Theft Auto V,[+18]  [LADO LESTE] BOM DIA   !PIX,"['Português', 'policia', 'gameplay', 'josefino', 'complexo', 'complexogg', 'cpx', 'LadoLesteRP', 'LADOLESTE']",['MatureGame'],False
11,2025-04-15 04:44,710,fortnite,False,kariuxaa,pt,Fortnite,🟢RERUN🟢 FORTNITE !discord !insta !tiktok !pix🟢🟢,['Português'],[],False
11,2025-04-15 04:44,710,fortnite,False,gabryelCwB,pt,Fortnite,🟢RERUN🟢Lobby do abalo 🟢💨💥 LOJA  2XSUBS !loja💥 !regras !tiktok,['Português'],[],False
11,2025-04-15 04:44,710,fortnite,False,morenasz_nqp,pt,Fortnite,TOP 1 BR MULHER | BALLISTIC RANKED SURREAL,"['Fortnite', 'GirlPlayer', 'PS5LiveStream', 'ControlerGaming', 'Português']",[],False
12,2025-04-15 04:58,693,minecraft,True,guigaaslol,pt,Minecraft,🔴 CONVERSANDO |❗points❗loja ❗subgratis,['Português'],[],False
12,2025-04-15 04:58,693,minecraft,False,nicklink,pt,Minecraft,ARKANIS DIA 1 - SEGUNDA TEMPORADA CONFIRMADA!!!!!!!!,"['Arkanis', 'nicklink', 'Português', 'ArkanisNick', 'aknick', 'RP', 'leagueoflegeneds', 'jax']",[],False
12,2025-04-15 04:58,693,minecraft,False,ZAKl1k,pt,Minecraft,🟢 MINECRAFT | ⭐ GANHE ASSISTINDO | 🌟 REESTOQUE DIA 10 ou 16 às 18h | !loja !points !prime !sub,"['Português', 'Minecraft']",[],False
13,2025-04-15 08:02,885,grand-theft-auto-v,False,vicfdcss,pt,Grand Theft Auto V,[+18 CDAnjos] Aynes na luta?,"['CidadedosAnjos', 'PortuguêsBR', 'RP', 'Português', 'AgnesSantiago']",['MatureGame'],False
13,2025-04-15 08:02,885,grand-theft-auto-v,True,RyanFeer,pt,Grand Theft Auto V,O que temos para hoje ?,"['Português', 'CDA', 'gta', 'fivem', 'RP', 'PvP', 'metropole', 'cpx', 'CAPITAL', 'ProdigyRP']",['MatureGame'],False
13,2025-04-15 08:02,885,grand-theft-auto-v,False,Ronaldo_fenomenoo2,pt,Grand Theft Auto V,[+18] CAPITAL CITY - Ronaldão gerente da NPN - !pix !livepix !id !prime,"['Português', 'PaulinhoLOKObr', 'PaulinhoLoko', 'poderosobagual', 'luquet4', 'redbeiramar', 'ronaldofenomeno', 'GTARP']",['MatureGame'],False
14,2025-04-15 08:19,667,ea-sports-fc-25,True,miguelitodoarrocha,pt,EA Sports FC 25,💥liga da imortalidade e rivais - bemn vindos a live do Miguelito,"['Português', 'Portugal', 'Competitivo', 'resenha', 'Resenhando', 'ultimateteam', 'fifa', 'EAFC', 'eafc25', 'eafcsports']",[],False
14,2025-04-15 08:19,667,ea-sports-fc-25,False,Burstlegacy,pt,EA Sports FC 25,"[PT/EN/ES] Ep. 20 - Rivals, Coaching com um viewer e WWE 2K25 para continuar o sorteio mensal! !wwe para verem pontuação, regras e card!","['esports', 'wrestling', 'wwe', 'aew', 'fifa', 'coach', 'entertainer', 'Português', 'ISGeSports']",[],False
14,2025-04-15 08:19,667,ea-sports-fc-25,False,oBruxoFut,pt,EA Sports FC 25,✨ COPINHA DO MALDINI + PACOTE 5X90+ DA TEMPORADA + RIVALS ❗️tatica ❗️st ❗️lurdinha ❗️copa,"['Português', 'muitoelegante', 'charmoso', 'bonito', 'inteligente', 'carismático', 'educado', 'proplayer', 'futebol', 'fitness']",[],False
15,2025-04-15 08:34,863,valorant,True,lulavlr,pt,VALORANT,MELHOR CHAMBER DO MUNDO NAS RANKEDS |❗tipspace❗monitor❗pix,"['Português', 'valorant', 'chamber', 'TryhardGameplay']",[],False
15,2025-04-15 08:34,863,valorant,False,oBenee,pt,VALORANT,RANKED 15sec DELAY  -> ❗pix,['Português'],[],False
15,2025-04-15 08:34,863,valorant,False,MicheleOxana,pt,VALORANT,💥LGBTQIA+💥MEU DEADHARD É SÓ PRA ESCAPAR DE SENTIMENTO!❗pix ❗discord ❗amazon ❗onlyfans +18,"['LGBTQIA', 'ＶＡＬＯＲＡＮＴ', 'killjoymain', 'deadbbydaylight', 'MainSurvivor', 'FogWhisperer', 'teamfigttactics', 'Português', 'trickortreat']",[],False
16,2025-04-15 12:01,699,league-of-legends,True,todoxyas,pt,League of Legends,reconhecimento !pix !video !discord !youtube2,"['Português', 'yasuo', 'yone', 'combos', 'soloq', 'soloqueue', 'mid', 'top', 'grandmaster', 'graomestre']",[],False
16,2025-04-15 12:01,699,league-of-legends,False,DEMENNTADOR,pt,League of Legends,🟢DEMENNTADOR (JULIÃO ANIMAL) - !pix !livepix !canal,"['Português', 'leagueoflegends', 'velkoz', 'challenger', 'botlane', 'midlane', 'humor', 'lolbr', 'leagueoflegendsbr', 'kogmaw']",[],False
16,2025-04-15 12:01,699,league-of-legends,False,Mihira_a,pt,League of Legends,MONO WW VEM AI NO FULL  | !comandos !sonoros !pix,"['soloq', 'lolzinho', 'girlgamer', 'Português', 'jungler']",['ProfanityVulgarity'],False
17,2025-04-15 12:15,783,fortnite,False,NYKAGAMER_,pt,Fortnite,HORA DO GLUP❗️code ❗️LIVEPIX ❗️Onlyfans ❗️Comandos ❗️Discord ❗️Clip,"['Fortnite', 'Português', 'Mulher', 'brasil', 'Español', '한국어', 'Русский', '漢語', 'ภาษาไทย', '日本語']",[],False
17,2025-04-15 12:15,783,fortnite,False,souuthy,pt,Fortnite,🏆DROPS ON🏆 // NOVO MAPA RELOAD - Siga @souuthy nas redes sociais,"['Português', 'DropsAtivados']",[],False
17,2025-04-15 12:15,783,fortnite,False,CORALtv_,pt,Fortnite,DROPS ON ✨JOGANDO COM O CHAT ❤️  FARM VBUCKS ASSISTINDO A LIVE !LOJA ❤️ USE CODE: COORAL #AD ✨!PIX !RESGATE !JOGAR,"['Português', 'Fortnite', 'sorteio', 'VbucksGrátis', 'sorteios', 'vbucks', 'jogandocomespectadores', 'MarvelRivalsPartners', 'marvelrivals', 'hellfiregala']",[],False
18,2025-04-15 12:31,709,marvel-rivals,False,Sasazinhaw,pt,Marvel Rivals,[DROPS SKIN ON] rankeds rankeds rankeds -  #MarvelRivalsPartners  - !Nuuvem  !ExitLag !Kaspersky,"['Dropshabilitados', 'MMORPG', 'chill', 'Português', 'ptbr', 'OverwatchCreators', 'marvelrivals', 'Variedade', 'MarvelRivalsCreator', 'DropsAtivados']",[],True
18,2025-04-15 12:31,709,marvel-rivals,False,Momolezinha,pt,Marvel Rivals,DROPS ON! MELHOR TOCHA HUMANA BR!🔥SIGAM SOCIAIS -> @Momolezinha |❗pix com VOZES❗analise ❗youtube,"['Português', 'Heroshooter', 'marvelrivals', 'DropsAtivados']",[],False
18,2025-04-15 12:31,709,marvel-rivals,False,ckgeek,pt,Marvel Rivals,"OURO 2 CHECK, AGORA RUMO AO PLATINA DEPOIS DIAMNATE! ✅RERUN✅","['Português', 'DropsAtivados']",[],False
19,2025-04-15 12:45,659,the-sims-4,False,jessybunny005,pt,The Sims 4,A JOGAR O DESAFIO SIMS IN BLOOM 🌼,"['thesims4', 'thesims4mods', 'legacychallenge', 'gameplay', 'chat', 'chill', 'Português']",[],False
19,2025-04-15 12:45,659,the-sims-4,False,moggville,pt,The Sims 4,"✨(+18) terçou com construção & gameplay, vem cá 🌻","['SafeSpace', 'LGBT', 'Amigos', 'Friends', 'Português']",['ProfanityVulgarity'],False
19,2025-04-15 12:45,659,the-sims-4,False,mr_witch_,pt,The Sims 4,🔴✨DO PEVIDE AO PINHÃO! THE SIMS 4 A SAGA DA SARA PEVIDE! RUMO AS 300 SEGUIDORES! ❗doar ❗comandos,"['rpg', 'jogos', 'Português', 'LGBTQIAPIus', 'Portugal', 'orapois', 'HonkaiStarRail']",['ProfanityVulgarity'],False
20,2025-04-15 16:01,650,valorant,False,Frantchesko_FF,pt,VALORANT,💙 NARRADOR JOGANDO VALORANT💜,"['valorant', 'Português', 'fps', 'cs', 'Freeefire', 'garena']",[],True
20,2025-04-15 16:01,650,valorant,True,MegeraBruna,pt,VALORANT,AQUI É MENGÃO!!!! [+18] / !discord / !elo / !regras / !pix / !instagram/ !nick/ !Sorteio/ !clip/ !Sr /  !subathon,"['Português', 'valorant', 'gamergirl', 'fps', 'gamer']",[],False
20,2025-04-15 16:01,650,valorant,False,milykk,pt,VALORANT,mily no prime ? !duo !discord !pix,['Português'],[],False
21,2025-04-15 16:14,658,the-sims-4,False,mikaditee,pt,The Sims 4,🐸 Será que vamos finalmente sims com a nossa fi?⭐,"['Português', 'PT', 'BR', 'chat', 'batepapo', 'Cozy', 'campanha', 'Singleplayer', 'dedsafio']",[],False
21,2025-04-15 16:14,658,the-sims-4,False,TopeiraBanguela,pt,The Sims 4,🌞 Que a força esteja com você. ☕ | 🎁 !Bits !Pix !Festa !Aniversario 🎉,"['LGBTQIAPlus', 'CoWorking', 'Português', 'Cozy', 'Pomodoro', 'aconchegante']",['ProfanityVulgarity'],False
21,2025-04-15 16:14,658,the-sims-4,False,MirianeOliveira,pt,The Sims 4,Vamos subir a reputação dessa Clinica! - Desafio Not So Berry 3.0 adaptado - Geração Melancia Amarela 💛| !clip !discord !sociais !loja,"['Português', 'simulação', 'simulador', 'brasil', 'ptbr']",[],False
22,2025-04-15 16:27,830,fortnite,False,beletz_,pt,Fortnite,DROPS ON 💚 MAPA NOVO RELOAD | JOGANDO FORTNITE COM O CHAT | USE CODE: BELETZ 💚 !CODE !PIX,"['portugues', 'fortnite', 'fortnitetrocacao', 'stream', 'Português', 'girlgamers', 'DropsAtivados']",[],False
22,2025-04-15 16:27,830,fortnite,True,DennisRii,pt,Fortnite,[DROPS ON] fortzim de lei |❗pix❗dc❗comandos | faço parte da @tiltgameteam,"['Reposição', 'Português', 'fortinte', 'Bi', 'Brasill', 'minecraftsurivial', 'DropsAtivados']",[],False
22,2025-04-15 16:27,830,fortnite,False,DaniKrautz,pt,Fortnite,🔥 [DROPS ON] Temos MARTELO na nova atualização?  - ❗jogar ❗nick ❗sorteio ❗pix,"['fortnite', 'jogandocomochat', 'Português', 'Mulher', 'conversa', 'DropsAtivados', 'reload', 'Reposição']",[],False
0,2025-04-15 18:40,600,valorant,False,MissVinum,pt,VALORANT,TREINANDO AO RADIANTE 💜VIVENDO DA MINHA ARTE 💜 🎆DIA 105🎆 ❗caneca ❗cinema ❗regras ❗sr ❗pix ❗leilão ❗sons ❗sub,['Português'],[],False
0,2025-04-15 18:40,600,valorant,False,Frantchesko_FF,pt,VALORANT,💙 NARRADOR JOGANDO VALORANT💜,"['valorant', 'Português', 'fps', 'cs', 'Freeefire', 'garena']",[],True
0,2025-04-15 18:40,600,valorant,False,Yagamijj,pt,VALORANT,🔥Farm Mecoins na Mentora !farm | Yaganalisando | ❗Pix | ❗Mentora | ❗Youtube | ❗Upboost | Siga @yagamijj | Delay 60s,"['Rock', 'Flamengo', 'TDAH', 'Competitivo', 'Humor', 'LinkinPark', 'Caster', 'Mentora', 'valorant', 'DeathNote']",[],False
1,2025-04-15 18:52,756,ea-sports-fc-25,False,Hairzinho,pt,EA Sports FC 25,HYPE DAS 14 + COPA DO MALDITO + RESENHA COM OS BROS MORAIS! + !GRUPO + !PARCERIA !REDES !TIKTOK,"['ULTIMATETEAM', 'RAGE', 'ENGRACADO', 'PACKS', 'COMPETITIVO', 'Português', 'Brasil', 'WeekendLeague', 'Portugal', 'Reposição']",[],False
1,2025-04-15 18:52,756,ea-sports-fc-25,True,ThataGamerX,pt,EA Sports FC 25,🎮 Final da Bacon Cup 🥓 18:30 | Valendo Mouse Gamer Motospeed! 🔥 ❗PIX ❗AcademiaFC,"['Português', 'girl', 'futebol', 'batepapo', 'videogame', 'EAFC', 'eafc25', 'variedades']",[],False
1,2025-04-15 18:52,756,ea-sports-fc-25,False,TioSpeedy,pt,EA Sports FC 25,COPINHA + RIVALS + ANÁLISE DE GAMEPLAY,"['Português', 'Coach', 'dicas', 'TIOSPEEDY', 'eafc25', 'sharkmacedo', 'paivinha29', 'fifenzo', 'Gaules', 'adolfz']",[],False
2,2025-04-15 19:07,936,league-of-legends,True,Baiano,pt,League of Legends,🟢 SCCP 1 x 1 STE | KBM IDL 19:00 | CIRCUITO DESAFIANTE 🟢🌴 !status !grupo !kbmidl,['Português'],[],False
2,2025-04-15 19:07,936,league-of-legends,False,guguole,pt,League of Legends,+18(SR ON) Vamos jogar? !pix,"['JogandocomEspectadores', 'Lux', 'LeagueOfLegends', 'LGBTQIA', 'Português', 'mestre', 'holidayhoopla', 'chill', 'Milio']",[],False
2,2025-04-15 19:07,936,league-of-legends,False,idrewzada,pt,League of Legends,"VEM AQUI TIRAR UMA ONDA, BOM DIA. !PIX !POKESTART","['Português', 'irlstream', 'gamesstreamer', 'jogandocomochat', 'meme', 'JogardorCasual', 'jogando', 'JogardorCasual', 'jogadetudo']",[],False
3,2025-04-15 19:25,1125,counter-strike,True,shadowsganjaking,pt,Counter-Strike,🔞VEM F1 COM NOIX - LEGALIZANDO O CS2 E A TWITCH -  !BITS| !PIX |!loja| !CUPOM|,"['maconha', '420', 'CS2', 'Brasil', 'portugues', 'ganja', 'brasileiro', 'counterstrike', 'Cannabis', 'CannabisCommunity']",['MatureGame'],False
3,2025-04-15 19:25,1125,counter-strike,False,baroniba_,pt,Counter-Strike,CS2: JOGANDO COM OS VIEWERS,"['Português', 'girl', 'girlgamer', 'garotagamer', 'cs', 'CS2', 'leagueoflegeneds', 'hotgirl', 'cutegirlgaming', 'Reposição']",['MatureGame'],False
3,2025-04-15 19:25,1125,counter-strike,False,BrunoBalloni,pt,Counter-Strike,🟢LIVE 2 DIAS SEGUIDOS É PRA GLORIFICAR EM PÉ-> ❗regraloja❗farm ❗sub ❗msg ❗loja,"['Português', 'fps', 'Brasil', 'counterstrike', 'cs', 'cs2', 'brazil']",['MatureGame'],False
4,2025-04-15 19:46,1049,grand-theft-auto-v,False,1DrakoNz,pt,Grand Theft Auto V,PRODIGYRP - GUILDA GANG - EP.27 - CUPOM DRAKONZ !exitlag,"['Português', 'RP', 'ProdigyRP']",['MatureGame'],True
4,2025-04-15 19:46,1049,grand-theft-auto-v,False,Tianegamer,pt,Grand Theft Auto V,[FLOW RP] Live on! CODIGUIM,['Português'],['MatureGame'],False
4,2025-04-15 19:46,1049,grand-theft-auto-v,False,yunizinhafps,pt,Grand Theft Auto V,+18 MINHA NOVA CASA [UV RP] [COMANDO] EP2 !UVRP !LIVEPIX,"['Português', 'coringarp', 'GTARPLIVE', 'datenarp', 'gtavrproleplay', 'ＧTA5', 'gtandTheftAutoV', 'ComplexoRP', 'redbeiramar', 'paulinhooloko']",['MatureGame'],False
5,2025-04-15 20:06,674,league-of-legends,False,sany_sah,pt,League of Legends,"Vai ser lol mesmo gta rp deu ruim  tururu vambora !soco, !tinder e !sr","['Brasil', 'ARAM', 'Português', 'lol', 'garotagamer', 'leagueoflegends']",[],False
5,2025-04-15 20:06,674,league-of-legends,False,Akrinuss,pt,League of Legends,!privacy - Dicas p subir d ELO l Mestre !cortes !duo !analise !abt !facinho,"['Português', 'Reposição']",[],False
5,2025-04-15 20:06,674,league-of-legends,False,idrewzada,pt,League of Legends,"VEM AQUI TIRAR UMA ONDA, BOM DIA. !PIX !POKESTART","['Português', 'irlstream', 'gamesstreamer', 'jogandocomochat', 'meme', 'JogardorCasual', 'jogando', 'JogardorCasual', 'jogadetudo']",[],False
6,2025-04-15 20:19,1174,marvel-rivals,False,LhamaInPijamas,pt,Marvel Rivals,(S1 GM1) (DROPS ON) MAIN TANK COLA AQUI !pix !elomarvel !discord,"['rpg', 'casual', 'Português', 'marvelrivals', 'rivals', 'marvelrival', 'DropsAtivados']",[],False
6,2025-04-15 20:20,1174,marvel-rivals,True,Bastet,pt,Marvel Rivals,DROPS ON Celestial rumo ao Eternidade/ Season 2 SUBASTETON DIA 233 !sub !pix !sociais,"['Português', 'Marathon', 'DropsAtivados']",[],False
6,2025-04-15 20:20,1174,marvel-rivals,False,Dilascio_,pt,Marvel Rivals,(DROPS ON) FAMOSA CRIAÇÃO DE CONTEÚDO,"['Português', 'Competitivo', 'Conversa', 'top500', 'overwatch', 'English', 'DropsAtivados']",[],False
7,2025-04-15 20:41,715,valorant,False,MissVinum,pt,VALORANT,TREINANDO AO RADIANTE 💜VIVENDO DA MINHA ARTE 💜 🎆DIA 105🎆 ❗caneca ❗cinema ❗regras ❗sr ❗pix ❗leilão ❗sons ❗sub,['Português'],[],False
7,2025-04-15 20:41,715,valorant,True,Frantchesko_FF,pt,VALORANT,💙 NARRADOR JOGANDO VALORANT💜,"['valorant', 'Português', 'fps', 'cs', 'Freeefire', 'garena']",[],True
7,2025-04-15 20:42,715,valorant,False,PavaoPVP,pt,VALORANT,pegando imortal no vava 💀💀,"['JogandoComOChat', 'jogos', 'Português', 'garota']",[],False
8,2025-04-15 20:56,1070,sea-of-thieves,False,CMDSurfista,pt,Sea of Thieves,⏳Ampulheta Solo⌛Parceiro @csotbr @lendasdomar #038,"['seaofthieves', 'Português', 'Español', 'pirataria', 'ampulheta', 'hourglasspvp']",[],False
8,2025-04-15 20:56,1070,sea-of-thieves,True,iShadowWolf_,pt,Sea of Thieves,(+18) Livezinha Muito Doida!   ||   (❗comandos ❗metas ❗drops)   ||   (Epic Code: SHADOWOLF),['Português'],[],False
8,2025-04-15 20:56,1070,sea-of-thieves,False,guunnerz,pt,Sea of Thieves,BORA DE PVP AMPULHETA | SORTEIO VELA DA SERPENTE | Sea of Thieves | !instagram !PIX !Comandos,"['Brasil', 'Português', 'seaofthieves', 'seaofthievescommunity', 'SeaofThievesgameplay', 'Gunnerz', 'SoTPvp', 'PvE', 'PvEPvP', 'Guunnerz']",[],False
9,2025-04-16 00:02,681,overwatch-2,False,Cooruja,pt,Overwatch 2,[!DROP Faster]  Playando! !Sorteio PASSE ULTIMATE | #OW2Stadium #OW2Brasil | !Stadium !Eternus !Passefree,"['Autismo', 'TDAH', 'SafeSpace', 'Pai', 'Overwatch', 'Português', '4fun', 'OW2Season15', 'DropsAtivados', 'casado']",[],False
9,2025-04-16 00:02,681,overwatch-2,True,laisvampi,pt,Overwatch 2,🔞 NOVIDADES EM BREVE !!! Best Sup ever 🔞,"['Português', 'Reposição', 'DropsAtivados']",['ProfanityVulgarity'],False
9,2025-04-16 00:02,681,overwatch-2,False,Lerigoo_,pt,Overwatch 2,[+18 - DROPS/ON] PORQUE AS PESSOAS POSSUEM EGO? 🤍✨ - !DC !CMD !PIX !CLIP,['Português'],['ProfanityVulgarity'],False
10,2025-04-16 00:15,728,sea-of-thieves,False,targaryen3893,pt,Sea of Thieves,Vamos navegar juntos,"['Português', 'ligadoJorel', 'aatonz', 'VovogamerRj']",['ProfanityVulgarity'],True
10,2025-04-16 00:16,728,sea-of-thieves,False,ihaartsz,pt,Sea of Thieves,"[PT/BR]  Navegar os mares, afundar navios? marcar a história?   - !comandos","['Português', 'jogos', 'games', 'seaofthieves', 'gameplay', 'justcchatting', 'aventura', 'piratas', 'resenha']",[],False
10,2025-04-16 00:16,728,sea-of-thieves,False,irradiattion,pt,Sea of Thieves,Depois de mt tempo seazin 🌹 Chill bro,['Português'],[],False
11,2025-04-16 00:30,991,league-of-legends,False,Akrinuss,pt,League of Legends,!privacy - Dicas p subir d ELO l Mestre !cortes !duo !analise !abt !facinho,"['Português', 'Reposição']",[],False
11,2025-04-16 00:30,991,league-of-legends,True,tyyblackthorn,pt,League of Legends,SoloQ Aphelios | !roblox,"['Português', 'LGBT', 'Gay', 'Aphelios', 'TDAH', 'Depressão']",[],True
11,2025-04-16 00:30,991,league-of-legends,False,guguole,pt,League of Legends,+18(SR ON) Vamos jogar? !pix,"['JogandocomEspectadores', 'Lux', 'LeagueOfLegends', 'LGBTQIA', 'Português', 'mestre', 'holidayhoopla', 'chill', 'Milio']",[],False
12,2025-04-16 00:48,1097,fortnite,True,Lukitaagamer,pt,Fortnite,✅NOVOS DROPS✅🔥NOVO MAPA DO RELOAD 🔥 | USE O COD: Lukitabola1 ♥❗PRIME |❗LOJA |❗PIX | ❗SUB |,"['ação', 'Português', 'sorteio', 'residentevil4', 'fortinitebattleroyale', 'fortnite', 'fortnitereload', 'FortniteRanked', 'fortnitesabrina', 'DropsAtivados']",[],False
12,2025-04-16 00:48,1097,fortnite,False,iShadowWolf_,pt,Fortnite,(+18) Livezinha Muito Doida!   ||   (❗comandos ❗metas ❗drops)   ||   (Epic Code: SHADOWOLF),"['Português', 'DropsAtivados']",[],False
12,2025-04-16 00:48,1097,fortnite,False,annadeneve,pt,Fortnite,[DROPS ON] live especial trago seu webamor em 5 dias ♡ !clip !pix !discord !comandos,"['Mulher', 'bonita', 'engraçada', 'Português', 'ConversandoComOChat', 'DropsAtivados']",[],False
13,2025-04-16 01:09,1166,valorant,True,srEly,pt,VALORANT,Ranqueada no low elo. Boa noite | -> !metas !pix !alertas !yt #ShirtMySurvivor,"['Português', 'idoso', 'livesucata', 'chill', 'asmr', 'vlr', 'dbd']",[],False
13,2025-04-16 01:09,1166,valorant,False,CesarXisde,pt,VALORANT,RANQUEDI pt/BR(!insta !pix !dc),"['Português', 'valorant', 'gostoso', 'radiante']",[],False
13,2025-04-16 01:09,1166,valorant,False,JosySampaio,pt,VALORANT,(+18)    Jogando com AMIGOS e o Chat    ❗PIX @MrGattiGTL,"['cooperativo', 'Aprendizado', 'Português']",[],False
14,2025-04-16 04:01,785,roblox,False,SophyySol,pt,ROBLOX,Resolvendo problemas! Volto já 💜 !Meta !Loja !Discord !Pix,"['Português', 'English', 'Vtuber', 'LGBT', 'Trans', 'femboy', 'ragnatales', 'ravenquest']",[],False
14,2025-04-16 04:01,785,roblox,True,srEly,pt,ROBLOX,Tower defense do bob esponja. Boa noite | -> !metas !pix !alertas !yt #ShirtMySurvivor,"['Português', 'idoso', 'livesucata', 'chill', 'asmr', 'vlr', 'dbd']",[],False
14,2025-04-16 04:01,785,roblox,False,sagirimono,pt,ROBLOX,"Primeira e Ultima live desse mês, 9 dias pra viajar !pix !livepix !sr on! !IP","['pngtuber', 'Vtuber', 'Desenho', 'art', 'digitalartt', 'lulu', 'suporte', 'conversa', 'vtcity', 'VtcityRP']",[],False
15,2025-04-16 04:16,1073,ea-sports-fc-25,False,xGuuhGabrielx,pt,EA Sports FC 25,"Precisa do Maldini? Trago pra Você! Live Rápida, Rush, Farm Diário, DMEs, Packs e Resenha | DIGITE !Livepix !cliente !grupo !meta","['EASPORTS', 'EAFC', 'eafc25', 'ultimateteam', 'fc25', 'fc25gameplay', 'Português', 'Paivinha29', 'Carpentieri', 'Adolfz']",[],False
15,2025-04-16 04:16,1073,ea-sports-fc-25,True,andreibrad,pt,EA Sports FC 25,Copinha,['Português'],[],True
15,2025-04-16 04:16,1073,ea-sports-fc-25,False,frankzinfps,pt,EA Sports FC 25,Live de sickzin on!!,"['counterstrike', 'counterstrike2', 'CounterStriker2', 'counter2', 'counterstrike2gameplay', 'countrestrike2', 'fifa25', 'fc25', 'fc25gameplay', 'fc25livestream']",[],False
16,2025-04-16 08:02,1175,ea-sports-fc-25,False,miguelitodoarrocha,pt,EA Sports FC 25,💥35 PONTOS NOS RIVAIS SERA Q CHEGA RANK 1 ? BEM VINDOS A LIVE DO MIGUELITO,"['Português', 'Portugal', 'Competitivo', 'resenha', 'Resenhando', 'ultimateteam', 'fifa', 'EAFC', 'eafc25', 'eafcsports']",[],False
16,2025-04-16 08:02,1175,ea-sports-fc-25,True,YoutuPlayy,pt,EA Sports FC 25,(PT/ING) | EPAH NSEI | !CCHAT e !COMMANDS |,"['Português', 'Portugal', 'Açores', 'DoenteCrónico', 'DoençaRara']",['ProfanityVulgarity'],False
16,2025-04-16 08:02,1175,ea-sports-fc-25,False,DieguitoPotter,pt,EA Sports FC 25,"SOMOS 80 MIL TROPAS ⚔️ 🏆 LIGA DA IMORTALIDADE ⚔️ Por 1 se ganha, por 1 se perde mas desistir nunca 🔥!Mbway !Prozis !Divoom !Switch ✅","['Português', 'eafc25', 'packopening', 'ultimateteam', 'futbirthday', 'rage']",[],False
17,2025-04-16 08:24,1113,minecraft,False,EiMine77,pt,Minecraft,✅ RECOMPENSAS ON! | ⭐ SEJA RÁPIDO E GANHE UMA CAPA DE GRAÇA: !CAPA | 💘 INSTAGRAM: @EIMINE77 | !ajuda !rerun !sub !subgratis !loja,"['Minecraft', 'EiMine', 'Português']",[],False
17,2025-04-16 08:24,1113,minecraft,True,DexterHQ,pt,Minecraft,HARDCORE +8250 DIAS SEM TOTEM !tiktok !insta,"['hardcore', 'hardmode', 'sobrevivencia', 'semtotem', 'construir', 'Farming', 'Português', 'minecraft', 'EventosEspeciales', 'minecraftlive']",[],False
17,2025-04-16 08:24,1113,minecraft,False,guigaaslol,pt,Minecraft,🔴 CONVERSANDO |❗points❗loja ❗subgratis,['Português'],[],False
18,2025-04-16 08:45,685,roblox,True,DeiwidGamer,pt,ROBLOX,Rerun: ROBLOX RIVALS | !sub !pix Siga @deiwidgamer,"['Português', 'English', 'Reposição', 'roblox']",[],False
18,2025-04-16 08:45,685,roblox,False,TiagoFest,pt,ROBLOX,Live de manhã!!! Chill ☕| pet simulator 99| !comandos,['Português'],[],False
18,2025-04-16 08:45,685,roblox,False,RobloxTV24H,pt,ROBLOX,VEM SE DIVERTIR 🤭 ROBLOX 🤖 COM AMIGOS 😁🎮,"['Português', 'English', 'ROBLOX', 'robloxlives', 'robloxgames', 'gameplay', 'Reposição']",[],False
19,2025-04-16 08:58,686,grand-theft-auto-v,True,RyanFeer,pt,Grand Theft Auto V,"Rapaaz,Ki Problema","['Português', 'CDA', 'gta', 'fivem', 'RP', 'PvP', 'metropole', 'cpx', 'CAPITAL', 'ProdigyRP']",['MatureGame'],False
19,2025-04-16 08:58,686,grand-theft-auto-v,False,Cafe_Barao,pt,Grand Theft Auto V,[CODE RP] Monkey man/ Cafe dos Angels of Death Novidades & Game Play !!! So na conversa...❗livepix ❗Pix ❗discord ❗cidade,"['deltaforcecreatorhub', 'conterstrike2', 'drops', 'Drop', 'Português', 'gta', 'ＧTA5', 'gtavrproleplay', 'gtandTheftAutoV', 'coderp']",['MatureGame'],False
19,2025-04-16 08:58,686,grand-theft-auto-v,False,yaasdishavaofc,pt,Grand Theft Auto V,(+18) Lado Leste  / Todos pobres ? GERENTE da Nevaska ON / CODIGUIN ❗pix ❗cdd ❗dc ❗pc ❗hl ❗insta ❗ttk,"['GTARPLIVE', 'cpx', 'capitalcity', 'LadoLesteRP', 'ptbr', 'fivem', 'Português', 'desempregada', 'Desempregado', 'metropolegg']",['MatureGame'],False
20,2025-04-16 09:12,1074,overwatch-2,False,Cooruja,pt,Overwatch 2,[!DROP Faster]  Playando! !Sorteio PASSE ULTIMATE | #OW2Stadium #OW2Brasil | !Stadium !Eternus !Passefree,"['Autismo', 'TDAH', 'SafeSpace', 'Pai', 'Overwatch', 'Português', '4fun', 'OW2Season15', 'DropsAtivados', 'casado']",[],False
20,2025-04-16 09:12,1074,overwatch-2,False,mihzavati,pt,Overwatch 2,{ DROPS ON No Fort e Overwatch 2} ANSIOSOS PARA O DIA 22? 💝❗Pix ❗comandos,"['Português', 'DropsAtivados']",[],False
20,2025-04-16 09:12,1074,overwatch-2,False,AmanditaGamesTV,pt,Overwatch 2,[PS4/PT-BR] inhai chuchus,"['Português', 'LGBTQIA', 'mulher', 'games', 'gameplay', 'fyp', 'ow2', '1000g', 'platina', 'Multiplayer']",[],False
21,2025-04-16 12:13,1131,overwatch-2,False,joohn_garcia,pt,Overwatch 2,NOSSO LUGAR ESPECIAL - 🔵COD APOIADOR: JOHNZ,"['Gay', 'gameplay', 'nerd', 'playstation', 'inglês', 'Português', 'fortnite', 'Overawatch', 'terror', 'LGBTQIA']",[],False
21,2025-04-16 12:13,1131,overwatch-2,True,MajinOW2,pt,Overwatch 2,🟢 [ DROPS ] so consigo ficar o dia todo pensando nele... chega logo stadium >/////<,"['Português', 'Overｗatch2', 'Overwatch', 'Ana', 'Reinhardt', 'Lucio', 'Bastion', 'DropsAtivados']",[],False
21,2025-04-16 12:13,1131,overwatch-2,False,Cooruja,pt,Overwatch 2,[!DROP Faster]  Playando! !Sorteio PASSE ULTIMATE | #OW2Stadium #OW2Brasil | !Stadium !Eternus !Passefree,"['Autismo', 'TDAH', 'SafeSpace', 'Pai', 'Overwatch', 'Português', '4fun', 'OW2Season15', 'DropsAtivados', 'casado']",[],False
22,2025-04-16 12:36,934,marvel-rivals,False,Momolezinha,pt,Marvel Rivals,DROPS ON! MELHOR TOCHA HUMANA BR!🔥SIGAM SOCIAIS -> @Momolezinha |❗pix com VOZES❗analise ❗youtube,"['Português', 'Heroshooter', 'marvelrivals', 'DropsAtivados']",[],False
22,2025-04-16 12:36,934,marvel-rivals,False,ckgeek,pt,Marvel Rivals,OURO 1 RECUPERANDO O DIMA - MIC NOVO! ✅RERUN✅,"['Português', 'DropsAtivados']",[],False
22,2025-04-16 12:36,934,marvel-rivals,False,EdigasZ,pt,Marvel Rivals,GM1? TOPPER 500? NA? EU? SA? | !tiktok !youtube,"['Português', 'DropsAtivados', 'ruim', 'troll']",[],False
23,2025-04-16 12:54,704,grand-theft-auto-v,True,RyanFeer,pt,Grand Theft Auto V,"Rapaaz,Ki Problema","['Português', 'CDA', 'gta', 'fivem', 'RP', 'PvP', 'metropole', 'cpx', 'CAPITAL', 'ProdigyRP']",['MatureGame'],False
23,2025-04-16 12:54,704,grand-theft-auto-v,False,yaasdishavaofc,pt,Grand Theft Auto V,(+18) Lado Leste  / Todos pobres ? GERENTE da Nevaska ON / CODIGUIN ❗pix ❗cdd ❗dc ❗pc ❗hl ❗insta ❗ttk,"['GTARPLIVE', 'cpx', 'capitalcity', 'LadoLesteRP', 'ptbr', 'fivem', 'Português', 'desempregada', 'Desempregado', 'metropolegg']",['MatureGame'],False
23,2025-04-16 12:54,704,grand-theft-auto-v,False,yunizinhafps,pt,Grand Theft Auto V,+18 YUNI  [UV RP] [COMANDO] EP3 !UVRP !LIVEPIX,"['Português', 'coringarp', 'GTARPLIVE', 'datenarp', 'gtavrproleplay', 'ＧTA5', 'gtandTheftAutoV', 'ComplexoRP', 'redbeiramar', 'paulinhooloko']",['MatureGame'],False
24,2025-04-16 13:08,752,counter-strike,True,cogu,pt,Counter-Strike,LEGACY COGU - ta chegandooo ❗️cortes ❗️sociais ❗️nesha ❗️csgofast ❗️clashgg !insanegg,"['cs', 'Português']",['MatureGame'],False
24,2025-04-16 13:08,752,counter-strike,False,LYRAFPS,pt,Counter-Strike,Lives de segunda a sexta a partir das 8h matinal - @gamersclubcs ❗COMANDOS ❗Insane,"['Português', 'gamestreaming', 'counterstrike2', 'CS2', 'gamersclub']",['MatureGame'],False
24,2025-04-16 13:08,752,counter-strike,False,BrunoBalloni,pt,Counter-Strike,🔴RERUN!!! -> ❗regraloja❗farm ❗sub ❗msg ❗loja,"['Português', 'fps', 'Brasil', 'counterstrike', 'cs', 'cs2', 'brazil']",['MatureGame'],False
25,2025-04-16 16:01,661,roblox,True,ANDRETVfps,pt,ROBLOX,THE BEST PLAYER IN BLOX FRUITS!,"['português', 'roblox', 'bloxfruit', 'sónaconversa', 'English', 'capital', 'paulinhooloko', 'grota', 'metropole', 'metropolegg']",[],False
25,2025-04-16 16:01,661,roblox,False,Romulo_Gamer_Ex,pt,ROBLOX,robrox⚡👑!Loja ⚡👑 !jogar join ⚡👑 !pix ⚡👑  @kolmeia_stm,"['rindo', 'diversão', 'Português', 'RISADAS', 'brasil']",[],False
25,2025-04-16 16:01,661,roblox,False,PlNP_,pt,ROBLOX,a! !pix,"['Português', 'murilso', 'mod', 'tartaruga', 'lindo']",[],False
26,2025-04-16 16:15,1074,grand-theft-auto-v,False,Doiska_Rj,pt,Grand Theft Auto V,[Fronteira Leste] PLF   +18  /LIDER DO NORTE !FRONTEIRA !PIX !CODIGUINHO !INSTA !BOOSTER @doiska_rj,['Português'],"['MatureGame', 'ProfanityVulgarity']",False
26,2025-04-16 16:15,1074,grand-theft-auto-v,False,Altemari_Gaming,pt,Grand Theft Auto V,Brasil Capital 7.0 - Força Tática: a união do conhecimento estratégico e habilidades táticas!,"['gtavrp', 'Português', 'ForçaTática', 'PMESP', 'policia', 'roleplay', 'tatico', 'policiarp', 'gtav', 'Altemari']",['MatureGame'],False
26,2025-04-16 16:15,1074,grand-theft-auto-v,False,yunizinhafps,pt,Grand Theft Auto V,+18 YUNI  [UV RP] [COMANDO] EP3 !UVRP !LIVEPIX,"['Português', 'coringarp', 'GTARPLIVE', 'datenarp', 'gtavrproleplay', 'ＧTA5', 'gtandTheftAutoV', 'ComplexoRP', 'redbeiramar', 'paulinhooloko']",['MatureGame'],False
27,2025-04-16 16:35,1022,valorant,False,f0rsakenwOw,pt,VALORANT,"QUEBRANDO RECORDS  , SEM ADS NA !LOCO — !youtube !pix !lojaeg",['Português'],[],False
27,2025-04-16 16:35,1022,valorant,False,CREMOSA,pt,VALORANT,LIVE LIVE LIVE ❗NUUVEM ❗OVERCLOCK ❗GROWTH,['Português'],[],True
27,2025-04-16 16:35,1022,valorant,False,ingridysant_,pt,VALORANT,SÓ FALTA 35 E 28 🤩 CLICA AQUI❕Roblox❕Bits❕Pix❕Amazon❕Wishlist❕Zap    -> Siga @ingridysant_ nas redes sociais,"['fps', 'lgbtqia', 'DropsAtivos', 'Justchatting', 'mulher', 'Português', 'LGBTQIAAlly', 'roblox']",[],False
28,2025-04-16 20:02,849,marvel-rivals,False,Bastet,pt,Marvel Rivals,DROPS ON Celestial rumo ao Eternidade/ Season 2 SUBASTETON DIA 234 !sub !pix !sociais,"['Português', 'Marathon', 'DropsAtivados']",[],False
28,2025-04-16 20:02,849,marvel-rivals,True,piVini_,pt,Marvel Rivals,(DROPS) Rivais do marvel !pix,"['Português', 'English', 'Russian', 'espanhol', 'DropsAtivados']",[],False
28,2025-04-16 20:02,849,marvel-rivals,False,Dilascio_,pt,Marvel Rivals,(DROPS ON) ÚLTIMA LIVE DO MÊS,"['Português', 'Competitivo', 'Conversa', 'top500', 'overwatch', 'English', 'DropsAtivados']",[],False
29,2025-04-16 20:18,963,sea-of-thieves,False,JujubaNeko,pt,Sea of Thieves,[PT/BR +18] OIIIII BOA TARDE! (XBOX SERIES S) Parceira do @lendasdomar - Código Epic JUJUBANEKO !cmds,"['Anime', 'MãeGamer', 'Brasil', 'Português', 'XboxSeriesS', 'PvP', 'Multiplayer', 'PvE', 'Aventura', 'Cooperativo']",['ProfanityVulgarity'],False
29,2025-04-16 20:18,963,sea-of-thieves,False,ohSethzao,pt,Sea of Thieves,"PVPzinho chalupa, cola ae!","['Português', 'seaofthieves', 'Seaoftheives', 'seaofthievescommunity', 'seaofthievesgame', 'seaofthievespvp', 'PvP', 'PvE', 'PvPPvE', 'seaofthievesfunny']",[],False
29,2025-04-16 20:19,963,sea-of-thieves,False,ofernandomaidana,pt,Sea of Thieves,ATRÁS DA MALDIÇÃO DA SEREIA ⚓ !cmd !playlist,"['Português', 'seaofthieves', 'pirata', 'SongRequests', 'songrequest', 'SeaOfThievesPartner', 'SeaofThievesgameplay', 'English']",[],False
30,2025-04-16 20:37,835,grand-theft-auto-v,True,iMarianaPit,pt,Grand Theft Auto V,"[ + 18 ] LADO LESTE INTERFACS FASE 1 E QUARTAS DE FINAL, PRA QUEM VAI SUA TORCIDA?","['English', 'girlgamers', 'ＧTA5', 'Português', 'fivem', 'Alemanha', 'LadoLesteRP', 'ladolesteroleplay', 'ladolestept2', 'tropadaalemanha']",['MatureGame'],False
30,2025-04-16 20:37,835,grand-theft-auto-v,False,CriaPlayer,pt,Grand Theft Auto V,🎃GOTHAM RP🎃 #91 GOTHAM EM RECONSTRUÇÃO!! #VdgPraKrlh #TropaDosDodóis !gotham  !fancam,['Português'],"['MatureGame', 'ProfanityVulgarity']",False
30,2025-04-16 20:37,835,grand-theft-auto-v,False,Jvnq,pt,Grand Theft Auto V,GTA RP CDANJOS [99ª Live],"['Português', 'jvnq']",['MatureGame'],False
31,2025-04-16 20:53,1099,ea-sports-fc-25,False,ThataGamerX,pt,EA Sports FC 25,🎮 Clubs com os Subs 🟣👾 ❗PIX ❗AcademiaFC ❗Campeonato Bacon cup,"['Português', 'girl', 'futebol', 'batepapo', 'videogame', 'EAFC', 'eafc25', 'variedades']",[],False
31,2025-04-16 20:53,1099,ea-sports-fc-25,False,goiabagamer_,pt,EA Sports FC 25,FUTEBOL MULEQUE !!!,"['portugues', 'Português', 'EASPORTSFC', 'ULTMATETEAM']",[],False
31,2025-04-16 20:53,1099,ea-sports-fc-25,False,MGW_FC,pt,EA Sports FC 25,JOGAMOS NA SUA CONTA! !pix !grupo !trade,['Português'],[],False
32,2025-04-17 00:02,1113,grand-theft-auto-v,False,iMarianaPit,pt,Grand Theft Auto V,"[ + 18 ] LADO LESTE INTERFACS FASE 1 E QUARTAS DE FINAL, PRA QUEM VAI SUA TORCIDA?","['English', 'girlgamers', 'ＧTA5', 'Português', 'fivem', 'Alemanha', 'LadoLesteRP', 'ladolesteroleplay', 'ladolestept2', 'tropadaalemanha']",['MatureGame'],False
32,2025-04-17 00:02,1113,grand-theft-auto-v,False,CriaPlayer,pt,Grand Theft Auto V,🎃GOTHAM RP🎃 #91 GOTHAM EM RECONSTRUÇÃO!! #VdgPraKrlh #TropaDosDodóis !gotham  !fancam,['Português'],"['MatureGame', 'ProfanityVulgarity']",False
32,2025-04-17 00:02,1113,grand-theft-auto-v,False,Jvnq,pt,Grand Theft Auto V,GTA RP CDANJOS [99ª Live],"['Português', 'jvnq']",['MatureGame'],False
33,2025-04-17 00:23,826,minecraft,False,gabepeixe,pt,Minecraft,EXPLORANDO TUDO!   @GABEPEIXE !grupo !farm,['Português'],[],False
33,2025-04-17 00:23,826,minecraft,True,ZAKl1k,pt,Minecraft,🟢 MINECRAFT | ⭐ GANHE ASSISTINDO | 🌟 REESTOQUE DIA 10 ou 16 às 18h | !loja !points !prime !sub,"['Português', 'Minecraft']",[],False
33,2025-04-17 00:23,826,minecraft,False,AnimeTvON,pt,Minecraft,RERUN🟢 MINECRAFT - CHUVA E TROVÕES🟢,"['Português', 'Brasil', 'minecrafit', 'Reposição']",[],False
34,2025-04-17 00:38,810,overwatch-2,False,Katachi_____,pt,Overwatch 2,| +18 | Já pode? Ou nem? Ta ou não? Só me responde... Já ta podendo ou não...?,"['Português', 'DropsAtivados']",['ProfanityVulgarity'],False
34,2025-04-17 00:38,810,overwatch-2,False,Cooruja,pt,Overwatch 2,[!DROP Faster]  Playando! !Sorteio PASSE ULTIMATE | #OW2Stadium #OW2Brasil | !Stadium !Eternus !Passefree,"['Autismo', 'TDAH', 'SafeSpace', 'Pai', 'Overwatch', 'Português', '4fun', 'OW2Season15', 'DropsAtivados', 'casado']",[],False
34,2025-04-17 00:38,810,overwatch-2,False,VioletKill,pt,Overwatch 2,!DROPS || VEM TESTAR O ESTÁDIO COMIGO || !SORTEIO,"['gamergirl', 'LGBTQIA', 'Português', 'giveaway', 'DropsEnabeled', 'drops', 'OW2Stadium', 'OW2Brasil', 'Woman', 'fps']",[],False
35,2025-04-17 04:02,1178,league-of-legends,False,Teiedo,pt,League of Legends,"samira na arena, bora!!! !PIX","['Português', 'brasil', 'carioca', 'react', 'reagindo', 'rio', 'rj', 'samira', 'arena', 'madrugada']",[],False
35,2025-04-17 04:02,1178,league-of-legends,True,Dehh_uza,pt,League of Legends,Bom dia Rankedzinha Solo/Duo e Flex - !instagram !livepix,['Português'],['ProfanityVulgarity'],False
35,2025-04-17 04:02,1178,league-of-legends,False,faadiinha,pt,League of Legends,SOLO DUO ATE O MESTRE,"['leagueoflegendss', 'mainsup', 'nami', 'lulu', 'huebr', 'Português']",[],False
36,2025-04-17 04:24,963,valorant,False,ataldaeclypse,pt,VALORANT,pinas e ganhas !PIX !ELO !PATROCINIO,"['Português', 'valorant', 'BR', 'gamergirl', 'Mulher']",[],False
36,2025-04-17 04:24,963,valorant,True,Jhenerff,pt,VALORANT,Antes tarde do que mais tarde -  !pix !elo !tinder,"['interação', 'conversa', 'português', 'ruiva', 'Português', 'fps']",[],False
36,2025-04-17 04:24,963,valorant,False,ZAPedro,pt,VALORANT,amigão pegando lvl 20 no valorant,['Português'],[],False
37,2025-04-17 04:43,724,fortnite,False,morenasz_nqp,pt,Fortnite,TOP 2 DO MUNDO MULHER | BALLISTIC RANKED SURREAL,"['Fortnite', 'GirlPlayer', 'PS5LiveStream', 'ControlerGaming', 'Português', 'DropsAtivados']",[],False
37,2025-04-17 04:43,724,fortnite,False,iShadowWolf_,pt,Fortnite,(+18) Livezinha Muito Doida!   ||   (❗comandos ❗metas ❗drops)   ||   (Epic Code: SHADOWOLF),"['Português', 'DropsAtivados']",[],False
37,2025-04-17 04:43,724,fortnite,False,kariuxaa,pt,Fortnite,🟢RERUN🟢 FORTNITE !discord !insta !tiktok !pix🟢🟢,"['Português', 'DropsAtivados']",[],False
38,2025-04-17 04:57,695,the-sims-4,False,LucyL,en,The Sims 4,SIMS LEGACY CHALLENGE GEN 6 ~ CODE LUCY! #ad | !socials !wishlist 🌈 [AUS] 🍉 !STRIKE,"['English', 'NeatDude', 'LGBTQIAPlus', 'ADHD', 'Coloring', 'ColoringStream']",[],False
38,2025-04-17 04:57,695,the-sims-4,True,essietoday,en,The Sims 4,"raising kids in game, since that's the only way to afford it !charity 🦘🐨","['English', 'CozyGamer', 'JustChatting', 'AchievementHunter']",[],False
38,2025-04-17 04:57,695,the-sims-4,False,Lilo,en,The Sims 4,˚꒰🌼꒱‧ super sim challenge~ (ᴗ͈ˬᴗ͈)ʚїɞ !thewishingwell,"['Disabled', 'ChronicIllness', 'Cosy', 'Anxiety', 'LurkerFriendly', 'English', 'Vtuber', 'ClosedCaptions', 'Bisexual', 'LQBTQIAFriendly']",[],False
39,2025-04-17 08:02,1039,fortnite,False,danizinhah_,pt,Fortnite,DROPS ON ✨JOGANDO COM CHAT Siga nas redes sociais @danizinhah_,"['Português', 'drops', 'DropsEnable', 'DropsAtivados']",[],False
39,2025-04-17 08:02,1039,fortnite,False,kariuxaa,pt,Fortnite,🟢RERUN🟢 FORTNITE !discord !insta !tiktok !pix🟢🟢,"['Português', 'DropsAtivados']",[],False
39,2025-04-17 08:02,1039,fortnite,False,vaiseroultimo,pt,Fortnite,[DROP ON] Domine o Combate: Fortnite TROCAÇÃO 🔴Ao Vivo,"['Português', 'Jogadoresiniciantes', 'jogandocomochat', 'Brasil', 'SKINSGRATISFORTNITE', 'Trocação', 'Keymailer', 'fortnite', 'construçãozero', 'DropsAtivados']",[],False
40,2025-04-17 08:21,1172,roblox,False,ANDRETVfps,pt,ROBLOX,THE BEST PLAYER IN BLOX FRUITS!,"['português', 'roblox', 'bloxfruit', 'sónaconversa', 'English', 'capital', 'paulinhooloko', 'grota', 'metropole', 'metropolegg']",[],False
40,2025-04-17 08:21,1172,roblox,True,onurbno,pt,ROBLOX,Phasmophobia no Roblox? - !comandos !fila !discord !pix,"['Português', 'roblox', 'deadrailsroblox']",[],False
40,2025-04-17 08:22,1172,roblox,False,coezin,pt,ROBLOX,560lp  riven soloq 🥶IS BACK ❗tipspace ❗pix,"['Português', 'English', 'Riven', 'Crypto']",[],False
41,2025-04-17 08:43,1153,grand-theft-auto-v,True,RyanFeer,pt,Grand Theft Auto V,Quintou com Q de ?,"['Português', 'CDA', 'gta', 'fivem', 'RP', 'PvP', 'metropole', 'cpx', 'CAPITAL', 'ProdigyRP']",['MatureGame'],False
41,2025-04-17 08:43,1153,grand-theft-auto-v,False,naatfps,pt,Grand Theft Auto V,[PLF/FLOW] Qual a boa?  !livepix @naatfps,"['FiveM', 'Português', 'Valorant', 'GTA', 'cpx', 'complexo', 'rp']",['MatureGame'],False
41,2025-04-17 08:43,1153,grand-theft-auto-v,False,yunizinhafps,pt,Grand Theft Auto V,+18 YUNI  [UV RP] [COMANDO] EP4 !UVRP !LIVEPIX,"['Português', 'coringarp', 'GTARPLIVE', 'datenarp', 'gtavrproleplay', 'ＧTA5', 'gtandTheftAutoV', 'ComplexoRP', 'redbeiramar', 'paulinhooloko']",['MatureGame'],False
42,2025-04-17 12:02,1084,marvel-rivals,False,oPontifeX,pt,Marvel Rivals,[DROPS ON] 1° SUBATHON [11° DIA] | !subathon !jogar !clipe !bits !donate !livepix !pix | Closed Caption,"['ClosedCaption', 'Português', 'LGBT', 'MarvelRivals', 'Subathon', 'EmmaFrost', 'Drops', 'LunaSnow', 'SpiderMan', 'DropsAtivados']",[],False
42,2025-04-17 12:02,1084,marvel-rivals,False,LhamaInPijamas,pt,Marvel Rivals,(S1 GM1) (DROPS ON) MAIN TANK COLA AQUI !livepix !elomarvel !discord,"['rpg', 'casual', 'Português', 'marvelrivals', 'rivals', 'marvelrival', 'DropsAtivados']",[],False
42,2025-04-17 12:02,1084,marvel-rivals,False,Sasazinhaw,pt,Marvel Rivals,[DROPS ON] rankeds sup ♡   - !Nuuvem  !ExitLag !Kaspersky,"['Dropshabilitados', 'MMORPG', 'chill', 'Português', 'ptbr', 'OverwatchCreators', 'marvelrivals', 'Variedade', 'MarvelRivalsCreator', 'DropsAtivados']",[],True
43,2025-04-17 12:22,998,valorant,False,guigzvlr,pt,VALORANT,DANDO A VOLTA POR CIMA E PROVANDO QUE VOU SER PROPLAYER.  main neon !growth !tadala !soldado !bonoxs,['Português'],[],False
43,2025-04-17 12:22,998,valorant,True,lulavlr,pt,VALORANT,!CENARIO / MELHOR CHAMBER DO MUNDO NAS RANKEDS |❗tipspace❗monitor❗pix,"['Português', 'valorant', 'chamber', 'TryhardGameplay']",[],False
43,2025-04-17 12:22,998,valorant,False,vaLmenezes,pt,VALORANT,RECUPERANDO O IMORTAL (SUBS 3X)  ❗️PIX ❗️SOCIAL,"['tilt', 'Mulher', 'Português', 'valorant', 'LGBTQIAPlush', 'conversa']",['ProfanityVulgarity'],False
44,2025-04-17 12:41,968,counter-strike,True,LYRAFPS,pt,Counter-Strike,Rankeds pro level 20/21 - @gamersclubcs ❗COMANDOS ❗Insane,"['Português', 'gamestreaming', 'counterstrike2', 'CS2', 'gamersclub']",['MatureGame'],False
44,2025-04-17 12:41,968,counter-strike,False,YoutuPlayy,pt,Counter-Strike,(PT/ING) | EPAH NSEI | !CCHAT e !COMMANDS |,"['Português', 'Portugal', 'Açores', 'DoenteCrónico', 'DoençaRara']","['MatureGame', 'ProfanityVulgarity']",False
44,2025-04-17 12:41,968,counter-strike,False,BrunoBalloni,pt,Counter-Strike,🔴RERUN!!! -> ❗regraloja❗farm ❗sub ❗msg ❗loja,"['Português', 'fps', 'Brasil', 'counterstrike', 'cs', 'cs2', 'brazil']",['MatureGame'],False
45,2025-04-17 16:01,1086,fortnite,False,SuuhS2k,pt,Fortnite,✨JOGADO COM O CHAT✨  | !SORTEIO💜 Use Code: SUUHS2K Na Loja Do Fortnite💜 #AD (+18),"['Português', 'DropsAtivados']",[],False
45,2025-04-17 16:01,1086,fortnite,False,kariuxaa,pt,Fortnite,🟢RERUN🟢 FORTNITE !discord !insta !tiktok !pix🟢🟢,"['Português', 'DropsAtivados']",[],False
45,2025-04-17 16:01,1086,fortnite,False,Pedro017Yt,pt,Fortnite,🍉!DROPS ON🍉74 MIL V-BUCKS ENTREGUES 🍉 RESGATE VBUCKS ASSISTINDO (!loja),"['Português', 'Fortnite', 'Jogandocomespectadores', 'DropsEnable', 'Drops', 'reload', 'DropsAtivados']",[],False
46,2025-04-17 16:22,1066,league-of-legends,False,Inefavel1,pt,League of Legends,SAGA ATÉ O TOP 1 (DIA 14/27) 887/2000K PDL   ✅🤠🕹 !MU,"['leagueofflegends', 'LOL', 'AATROX', 'CHALLENGER', 'CAMILLE', 'Português']",[],False
46,2025-04-17 16:22,1066,league-of-legends,False,todoxyas,pt,League of Legends,copo de café v2 !pix !video !discord !youtube2,"['Português', 'yasuo', 'yone', 'combos', 'soloq', 'soloqueue', 'mid', 'top', 'grandmaster', 'graomestre']",[],False
46,2025-04-17 16:22,1066,league-of-legends,False,shinzyto,pt,League of Legends,HWEI FLORESCER ESPIRITUAL  |❗audios  ❗exitlag   ❗comandos,"['Português', 'LGBT', 'Gay', 'hwei', 'ezreal', 'mid', 'leagueoflegends', 'Viktor', 'Bissexual', 'kaisa']",[],False
47,2025-04-17 16:42,849,ea-sports-fc-25,False,ThataGamerX,pt,EA Sports FC 25,Rivals + Assassin’s Creed | Esquenta de Páscoa na live 🐰💥❗PIX ❗AcademiaFC ❗Campeonato,"['Português', 'girl', 'futebol', 'batepapo', 'videogame', 'EAFC', 'eafc25', 'variedades']",[],False
47,2025-04-17 16:42,849,ea-sports-fc-25,False,YoutuPlayy,pt,EA Sports FC 25,(PT/ING) | EPAH NSEI | !CCHAT e !COMMANDS |,"['Português', 'Portugal', 'Açores', 'DoenteCrónico', 'DoençaRara']",['ProfanityVulgarity'],False
47,2025-04-17 16:42,849,ea-sports-fc-25,False,IsraelPirata,pt,EA Sports FC 25,CLUBS (Aniversário batendo na porta) !PIX !CLUBE,"['callofduty', 'warzone', 'fps', 'JogadaCasual', 'subathon', 'Português', 'English', 'RPG', 'Fortnite', 'FinalFantasy']",[],False
48,2025-04-17 20:00,1185,league-of-legends,False,Buerinho,pt,League of Legends,BRONZE AO CHALLENGER DE FADINHA UWU DIA 13 !DESAFIO !LIVEPIX,"['Português', 'ADCARRY', 'Vayne', 'kogmaw', 'jinx', 'MissFortune', 'ADC']",[],False
48,2025-04-17 20:01,1185,league-of-legends,False,Akrinuss,pt,League of Legends,!privacy - Dicas p subir d ELO l Mestre !cortes !duo !analise !abt !facinho,"['Português', 'Reposição']",[],False
48,2025-04-17 20:01,1185,league-of-legends,False,BellaNyxx,pt,League of Legends,♥ I'M FEELING 22 ♥ | 76 | ❗️ROBLOX ❗️SR ❗️COMANDOS ❗️PIX ❗️SOCIAL #anúncio #AD #patrocínio,"['girl', 'lux', 'leagueoflegends', 'LGBTQIA', 'MOBA', 'otaku', 'ahri', 'lol', 'Português']",['ProfanityVulgarity'],False
49,2025-04-17 20:22,650,fortnite,True,kariuxaa,pt,Fortnite,🟢RERUN🟢 FORTNITE !discord !insta !tiktok !pix🟢🟢,"['Português', 'DropsAtivados']",[],False
49,2025-04-17 20:23,650,fortnite,False,Praxt_,pt,Fortnite,DROPS ON! ASSISTA E GANHE ITENS GRÁTIS! !drop,"['Português', 'Fortnite', 'vbucks', 'AMA', 'PlayingwWithViewers', 'SeiosFartos', 'regras', 'LGBT', 'ＬＯＬ', 'LiveFamilia']",[],False
49,2025-04-17 20:23,650,fortnite,False,psicovaca,pt,Fortnite,[ PT/BR +18 ] ✅🐮 | LIVEZINHA 12 HORAS ? | ❗jogar ❗discord ❗pix,"['Português', 'Brasil', 'DropsAtivados']",[],False
50,2025-04-17 20:35,703,overwatch-2,True,tony_lvl,pt,Overwatch 2,FARMADORES DE DRIVES E IMPÊTOS #OW2Stadium #OW2Brasil,"['Português', 'DPS', 'Ranked', 'OverwatchCreators', 'Competitivo', 'Overwatch2', 'OW2Giveaway', 'Hitscan', 'Ashe', 'marvelrivals']",['ProfanityVulgarity'],False
50,2025-04-17 20:36,703,overwatch-2,False,Cooruja,pt,Overwatch 2,[!DROP Faster]  Playando! !Sorteio PASSE ULTIMATE | #OW2Stadium #OW2Brasil | !Stadium !Eternus !Passefree,"['Autismo', 'TDAH', 'SafeSpace', 'Pai', 'Overwatch', 'Português', '4fun', 'OW2Season15', 'casado', 'DropsAtivados']",[],False
50,2025-04-17 20:36,703,overwatch-2,False,iMartynFox,pt,Overwatch 2,[DROP ON | PT-BR/EN] FARM DE ÍMPETOS ❗PIX | #OverwatchCreator #OW2Brasil #OverwatchStadium | CÓDIGO DE CRIADOR EPIC GAMES @iMARTYNFOX,"['Português', 'DropsAtivados']",[],True
51,2025-04-18 00:02,808,counter-strike,False,cogu,pt,Counter-Strike,"LEGACY COGU - 2 dias, ta chegandooo! ❗️cortes ❗️sociais ❗️nesha ❗️csgofast ❗️clash ❗️insanegg","['cs', 'Português']",['MatureGame'],False
51,2025-04-18 00:02,808,counter-strike,False,BrunoBalloni,pt,Counter-Strike,🔴RERUN!!! -> ❗regraloja❗farm ❗sub ❗msg ❗loja,"['Português', 'fps', 'Brasil', 'counterstrike', 'cs', 'cs2', 'brazil']",['MatureGame'],False
51,2025-04-18 00:02,808,counter-strike,False,isatiton_,pt,Counter-Strike,"PAGODINHO, GAMEPLAY DUVIDOSA, ""SEXTOU""🔥 +18 - !comandos","['Português', 'gamergirl', 'CS2', 'counterstrike', 'Reposição']",['MatureGame'],False
52,2025-04-18 00:18,635,marvel-rivals,False,piVini_,pt,Marvel Rivals,Intankavel,"['Português', 'English', 'Russian', 'espanhol', 'DropsAtivados']",[],False
52,2025-04-18 00:18,635,marvel-rivals,True,ckgeek,pt,Marvel Rivals,VEM QUE O PAI TA ON. BORA SUBIR,"['Português', 'DropsAtivados']",[],False
52,2025-04-18 00:18,635,marvel-rivals,False,amohrte,pt,Marvel Rivals,NOVATO JOGANDO COM OS ANTIGO E TENTANDO SOBREVIVER // ✅ RERUN / REPRISE ✅,"['Português', 'funny', 'humor', 'amohrte', 'English', 'marvelrivals', 'marvel', 'DropsAtivados']",['ProfanityVulgarity'],False
53,2025-04-18 00:31,800,ea-sports-fc-25,False,SapoTub,pt,EA Sports FC 25,Olá,"['formula1', 'fifa', 'Português']",[],False
53,2025-04-18 00:31,800,ea-sports-fc-25,False,FlangoFC,pt,EA Sports FC 25,ABERTURA DE PACK / MATA MATA / ANALISE DE TIME,"['eafc25', 'Português', 'tradefifa']",['ProfanityVulgarity'],False
53,2025-04-18 00:31,800,ea-sports-fc-25,False,eLyzao,pt,EA Sports FC 25,PUGS PUGS  ❗Nesha ❗iox +18,['Português'],[],False
54,2025-04-18 04:01,1169,grand-theft-auto-v,False,Doiska_Rj,pt,Grand Theft Auto V,[Fronteira Leste] Live Infinita dia 2   !PIX !CODIGUINHO !INSTA !BOOSTER @doiska_rj,['Português'],"['MatureGame', 'ProfanityVulgarity']",False
54,2025-04-18 04:01,1169,grand-theft-auto-v,False,LevithTheZ,pt,Grand Theft Auto V,| Prodigy Brasil |   #FREEKOBA    | KAst. | Alguem viu minha alma por ai? |    !kick !pix !social !youtube,"['Português', 'fps', 'marvelrivals', 'GTARP', 'ProdigyRP']",['MatureGame'],False
54,2025-04-18 04:01,1169,grand-theft-auto-v,False,naatfps,pt,Grand Theft Auto V,cola com os drake !plf !livepix @naatfps,"['FiveM', 'Português', 'Valorant', 'GTA', 'cpx', 'complexo', 'rp']",['MatureGame'],False
55,2025-04-18 04:23,645,fortnite,False,iShadowWolf_,pt,Fortnite,(+18) Livezinha Muito Doida!   ||   (❗comandos ❗metas ❗drops)   ||   (Epic Code: SHADOWOLF),"['Português', 'DropsAtivados']",[],False
55,2025-04-18 04:23,645,fortnite,False,kariuxaa,pt,Fortnite,🟢RERUN🟢 FORTNITE !discord !insta !tiktok !pix🟢🟢,"['Português', 'DropsAtivados']",[],False
55,2025-04-18 04:23,645,fortnite,False,Rochanzin,pt,Fortnite,GRIND INSANE YOOOO l USE CODE ROCHAN #ad !add !exitlag !livepix,"['Português', 'Rochanzin', 'rochan', 'fortnite', 'rankedfortnite', 'DropsAtivados']",[],False
56,2025-04-18 04:36,903,overwatch-2,False,VioletKill,pt,Overwatch 2,!DROPS || BORA DE ÍMPETOS || !blackskull !sorteio,"['gamergirl', 'LGBTQIA', 'Português', 'giveaway', 'DropsEnabeled', 'drops', 'OW2Stadium', 'OW2Brasil', 'Woman', 'fps']",[],False
56,2025-04-18 04:36,903,overwatch-2,True,Cooruja,pt,Overwatch 2,[!DROP Faster]  Playando! !Sorteio PASSE ULTIMATE | #OW2Stadium #OW2Brasil | !Stadium !Eternus !Passefree,"['Autismo', 'TDAH', 'SafeSpace', 'Pai', 'Overwatch', 'Português', '4fun', 'OW2Season15', 'casado', 'DropsAtivados']",[],False
56,2025-04-18 04:36,903,overwatch-2,False,EriclesSavio10,pt,Overwatch 2,439 I (drops on) Sextamos com feriado❗btag ❗addmarvel❗sorteio ❗comandos,"['Português', 'fps', 'youtube', 'PlayStation', 'Overｗatch2', 'games', 'gameplay', 'marvelrivals', 'marvel', 'DropsAtivados']",[],False
57,2025-04-18 04:53,878,valorant,False,camizlobato,pt,VALORANT,jogatinas perigosas ☠️🔫,"['Português', 'Mulher', 'Jogos', 'Competitivo', 'girl', 'fps']",['ProfanityVulgarity'],True
57,2025-04-18 04:53,878,valorant,True,JosySampaio,pt,VALORANT,(+18)    Jogando com AMIGOS e o Chat    ❗PIX @MrGattiGTL,"['cooperativo', 'Aprendizado', 'Português']",[],False
57,2025-04-18 04:53,878,valorant,False,dudakurtz,pt,VALORANT,Feriadou ascendente chegou?✨❗pix ❗rank ❗agent | +18|,"['Português', 'Padeira', 'supportandooadc', 'pinas', 'conversa', 'sageplayer', 'valorant']",[],False
58,2025-04-18 08:03,862,league-of-legends,False,Mihira_a,pt,League of Legends,MONO WW VEM AI NO FULL(livezinha atrasada e curta) | !comandos !sonoros !pix,"['soloq', 'lolzinho', 'girlgamer', 'Português', 'jungler']",['ProfanityVulgarity'],False
58,2025-04-18 08:03,862,league-of-legends,False,v1tona,pt,League of Legends,Mono suporte mestre  !playersbank  !tiktok !tipspace !insta,"['Português', 'Mulher', 'leagueoflegends', 'BR', 'mestre']",[],False
58,2025-04-18 08:03,862,league-of-legends,False,YoDa,pt,League of Legends,! DIA 18 - YO VOICE OPERACAO LOL 2 START 721 PDL,['Português'],[],False
59,2025-04-18 08:19,727,fortnite,True,Pedro017Yt,pt,Fortnite,🍓DROPS - MOCHILA E ENVELOPAMENTO + RESGATE VBUCKS ASSISTINDO (!loja),"['Português', 'Fortnite', 'Jogandocomespectadores', 'DropsEnable', 'Drops', 'reload', 'DropsAtivados']",[],False
59,2025-04-18 08:19,727,fortnite,False,kariuxaa,pt,Fortnite,🟢RERUN🟢 FORTNITE !discord !insta !tiktok !pix🟢🟢,"['Português', 'DropsAtivados']",[],False
59,2025-04-18 08:19,727,fortnite,False,DaniKrautz,pt,Fortnite,🔥 [DROPS ON] feriadinho de guê?  - ❗jogar ❗nick ❗sorteio ❗pix,"['fortnite', 'jogandocomochat', 'Português', 'Mulher', 'conversa', 'DropsAtivados', 'reload', 'Reposição']",[],False
60,2025-04-18 08:34,1079,grand-theft-auto-v,True,Doiska_Rj,pt,Grand Theft Auto V,[Fronteira Leste] Live Infinita dia 2   !PIX !CODIGUINHO !INSTA !BOOSTER @doiska_rj,['Português'],"['MatureGame', 'ProfanityVulgarity']",False
60,2025-04-18 08:34,1079,grand-theft-auto-v,False,RyanFeer,pt,Grand Theft Auto V,Até a Sexta é Santa e vc não,"['Português', 'CDA', 'gta', 'fivem', 'RP', 'PvP', 'metropole', 'cpx', 'CAPITAL', 'ProdigyRP']",['MatureGame'],False
60,2025-04-18 08:34,1079,grand-theft-auto-v,False,JNobree,pt,Grand Theft Auto V,PRODIGY 2.6 | HE-MAN GRIND MASTER| DVD,"['Português', 'ProdigyRP', 'RP', 'GTARP', 'NoPixel', 'rakin', 'biggie', 'HeMan', 'heman']",['MatureGame'],False
61,2025-04-18 08:54,841,the-sims-4,False,YseriSims,fr,The Sims 4,"[FR]✨ On continue la création de la mairie de Willow creek🌲, rejoins-nous 🥰 l Les Sims 4 ✨ !RS !YT !Discord !EA","['francais', 'sims', 'sims4', 'disney', 'disneydreamlight', 'Français', 'thesims4']",[],False
61,2025-04-18 08:54,841,the-sims-4,False,altcieplays,en,The Sims 4,"₊‧°𐐪♡𐑂°‧₊  low spoons, only comforts today nothing more| the sims 4| puzzle !kofi !me(d)ssage","['lowenergy', 'SuperSweetBot', 'CoWorking', 'PetalPages', 'plussizestreamer', 'English', 'puzzle', 'UnityGuilds', 'cosyvibes']",[],False
61,2025-04-18 08:54,841,the-sims-4,False,Lady_DeathStryke,en,The Sims 4,24𝖧𝖱 ＣＨＡＯＳ & ＭＡＹＨＥＭ🤓💋💕 | #𝖲𝗂𝗆𝖡𝖺𝖽𝖽𝗂𝖾𝗌 #𝖥𝗈𝗋𝗌𝖾𝗍𝖯𝖺𝗋𝖺𝖽𝗂𝗌𝖾𝖱𝖯 !𝖿𝗂𝗏𝖾𝗆,"['Latina', 'Chill', 'Chatty', 'SafeSpace', 'LGBTQ', 'Vtuber', 'English']",['ProfanityVulgarity'],False
62,2025-04-18 12:02,919,ea-sports-fc-25,True,DiogoSena,pt,EA Sports FC 25,BOA TARDE VERDANSK!,"['callofduty', 'fifa', 'nba2k', 'f124', 'gaming', 'Português']",[],False
62,2025-04-18 12:02,919,ea-sports-fc-25,False,miguelitodoarrocha,pt,EA Sports FC 25,💥SEXTA DE PREPARATIVOS PARA WL ! HOJE NAO VOU DA RAGE NAO !! - BEM VINDOS A LIVE DO MIGUELITO,"['Português', 'Portugal', 'Competitivo', 'resenha', 'Resenhando', 'ultimateteam', 'fifa', 'EAFC', 'eafc25', 'eafcsports']",[],False
62,2025-04-18 12:02,919,ea-sports-fc-25,False,LipinhOr,pt,EA Sports FC 25,"♾️𝐋𝐈𝐕𝐄 𝐈𝐍𝐅𝐈𝐍𝐈𝐓𝐀: R$2,00 = +2 Min | Sub = +3min | 100 Bits = +4 Min (Bônus de tempo: !subathon)","['Português', 'gta', 'roleplay']",[],False
63,2025-04-18 12:19,776,the-sims-4,False,simmarysims,en,The Sims 4,let's build a DAYCARE 🐣 [#EAPartner | !eacode !merch !reshade !socials !discord],"['cozy', 'cosy', 'chill', 'chatty', 'europe', 'gameplay', 'building', 'English']",[],False
63,2025-04-18 12:19,776,the-sims-4,False,lossayyy,en,The Sims 4,building run down apartments! | !what !eacode,"['northernireland', 'ireland', 'irish', 'chaotic', 'safespace', 'funny', 'English', 'chatty', 'mentalhealth', 'Disabled']",[],False
63,2025-04-18 12:19,776,the-sims-4,False,xaturnyx,en,The Sims 4,barbie legacy part 5 mwahahahh,"['English', 'oce', 'australia', 'girlgamers', 'girlgamer', 'Competitive', 'sims4', 'sims4legacy', 'barbielegacychallenge', 'sims4challenge']",[],False
64,2025-04-18 12:35,1020,marvel-rivals,False,Sasazinhaw,pt,Marvel Rivals,"DROPS ON - Feriadao, marvel, last epoch? vamo vê - !Nuuvem  !ExitLag !Kaspersky","['Dropshabilitados', 'MMORPG', 'chill', 'Português', 'ptbr', 'OverwatchCreators', 'marvelrivals', 'Variedade', 'MarvelRivalsCreator', 'DropsAtivados']",[],True
64,2025-04-18 12:35,1020,marvel-rivals,True,ckgeek,pt,Marvel Rivals,ESSA SEASON O FILHO CHORA E A MÃE NÃO VÊ! ✅RERUN✅,"['Português', 'DropsAtivados']",[],False
64,2025-04-18 12:35,1020,marvel-rivals,False,EdigasZ,pt,Marvel Rivals,CELESTIAL VEM HOJE? EU? NA? SA? | !tiktok !youtube,"['Português', 'DropsAtivados', 'ruim', 'troll']",[],False
65,2025-04-18 12:54,872,league-of-legends,False,Baiano,pt,League of Legends,🔴 LCK - T1 x BFX 🔴 🌴 Amanhã: LCK às 03:00 !grupo !bb [RETRANSMISSÃO] !status !kbmidl,['Português'],[],False
65,2025-04-18 12:54,872,league-of-legends,False,b0lean,pt,League of Legends,BRAZUKA KOREAN PLAYER,"['bolin', 'portugues', 'bolinho', 'PlayingwithViewers', 'Português', 'chillingstream', 'overwatchstreamer', 'R6livestream']",[],False
65,2025-04-18 12:54,872,league-of-legends,False,YoDa,pt,League of Legends,! DIA 18 - YO VOICE OPERACAO LOL 2 START 721 PDL,['Português'],[],False
66,2025-04-18 13:10,785,sea-of-thieves,True,Nicolaulb,pt,Sea of Thieves,HG! Ao ataque aos forts !! E o que estiver a frente!    Comandos !discord !Clip,"['parceiros', 'Portugal', 'Português', 'Português']",[],False
66,2025-04-18 13:11,785,sea-of-thieves,False,blikuz,pt,Sea of Thieves,bom feriado de páscoa,"['gaming', 'chill', 'notchill', 'quickscope', 'MLGgamer', 'Português', 'PT']",[],False
66,2025-04-18 13:11,785,sea-of-thieves,False,Coutinho0,pt,Sea of Thieves,[PT/ENG] SEARCHING FOR FOFS!! W/ @ff_di_street 🔥!discord 🔥 !lurk,"['Português', 'English', 'PvP', 'tips', 'seaofthieves', 'Streaks', 'hourglassgrind']",[],False
67,2025-04-18 16:01,979,league-of-legends,False,Yonerai,pt,League of Legends,Mono yone passando fome  - !elo !pix !discord,"['Português', 'Mulher']",[],False
67,2025-04-18 16:01,979,league-of-legends,True,Akrinuss,pt,League of Legends,!privacy - Dicas p subir d ELO l Mestre !cortes !duo !analise !abt !facinho,"['Português', 'Reposição']",[],False
67,2025-04-18 16:01,979,league-of-legends,False,DEMENNTADOR,pt,League of Legends,🟢DEMENNTADOR (JULIÃO ANIMAL) - !pix !livepix !canal,"['Português', 'leagueoflegends', 'velkoz', 'challenger', 'botlane', 'midlane', 'humor', 'lolbr', 'leagueoflegendsbr', 'kogmaw']",[],False
68,2025-04-18 16:20,754,fortnite,False,joohn_garcia,pt,Fortnite,NOSSO LUGAR ESPECIAL - 🔵COD APOIADOR: JOHNZ,"['Gay', 'gameplay', 'nerd', 'playstation', 'inglês', 'Português', 'fortnite', 'Overawatch', 'terror', 'LGBTQIA']",[],False
68,2025-04-18 16:20,754,fortnite,False,kariuxaa,pt,Fortnite,🟢RERUN🟢 FORTNITE !discord !insta !tiktok !pix🟢🟢,"['Português', 'DropsAtivados']",[],False
68,2025-04-18 16:20,754,fortnite,False,vaiseroultimo,pt,Fortnite,"[DROP ON] Jogando com o Chat ""!jogar"" - Domine o Combate: Fortnite TROCAÇÃO 🔴Ao Vivo","['Português', 'Jogadoresiniciantes', 'jogandocomochat', 'Brasil', 'SKINSGRATISFORTNITE', 'Trocação', 'Keymailer', 'fortnite', 'construçãozero', 'DropsAtivados']",[],False
69,2025-04-18 16:34,1141,minecraft,False,ZAKl1k,pt,Minecraft,🟢 MINECRAFT | ⭐ GANHE ASSISTINDO | 🌟 REESTOQUE DIA 10 ou 16 às 18h | !loja !points !prime !sub,"['Português', 'Minecraft']",[],False
69,2025-04-18 16:34,1141,minecraft,False,EiMine77,pt,Minecraft,✅ RECOMPENSAS ON! | ⭐ SEJA RÁPIDO E GANHE UMA CAPA DE GRAÇA: !CAPA | 💘 INSTAGRAM: @EIMINE77 | !ajuda !rerun !sub !subgratis !loja,"['Minecraft', 'EiMine', 'Português']",[],False
69,2025-04-18 16:34,1141,minecraft,False,Vitor_jbs,pt,Minecraft,SEXTOU COM CLIMINHA FRIO |❗pix ❗dc ❗comandos,"['Português', 'minecraft', 'mine', 'pvp', 'bedwars', 'mush', 'mushmc']",[],False
70,2025-04-18 16:56,655,marvel-rivals,True,CahNepo,pt,Marvel Rivals,[DROPS ON] PROCURO PRO PLAYERS PARA ME CARREGAR :D !PIX !AMAZON !EPIC !SOCIAIS #MarvelRivalsPartner #CriadorOverwatch,"['Português', 'Brasil', 'react', 'conversa', 'Competitivo', 'IRL', 'DropsAtivados']",[],False
70,2025-04-18 16:56,655,marvel-rivals,False,Bastet,pt,Marvel Rivals,DROPS ON Celestial rumo ao Eternidade/ Season 2 SUBASTETON DIA 236 !sub !pix !sociais,"['Português', 'Marathon', 'DropsAtivados']",[],False
70,2025-04-18 16:56,655,marvel-rivals,False,ckgeek,pt,Marvel Rivals,ESSA SEASON O FILHO CHORA E A MÃE NÃO VÊ! ✅RERUN✅,"['Português', 'DropsAtivados']",[],False
71,2025-04-18 17:09,1062,grand-theft-auto-v,False,Doiska_Rj,pt,Grand Theft Auto V,[Fronteira Leste] Live Infinita dia 3   !PIX !CODIGUINHO !INSTA !BOOSTER @doiska_rj,['Português'],"['MatureGame', 'ProfanityVulgarity']",False
71,2025-04-18 17:09,1062,grand-theft-auto-v,False,oclenis,pt,Grand Theft Auto V,+18 RP METROPOLE,"['Português', 'Reposição']",['MatureGame'],True
71,2025-04-18 17:09,1062,grand-theft-auto-v,False,Altemari_Gaming,pt,Grand Theft Auto V,Brasil Capital 7.0 - Força Tática: rápida e eficiente garantindo a tranquilidade das comunidade.,"['gtavrp', 'Português', 'ForçaTática', 'PMESP', 'policia', 'roleplay', 'tatico', 'policiarp', 'gtav', 'Altemari']",['MatureGame'],False
72,2025-04-18 20:01,679,overwatch-2,False,joohn_garcia,pt,Overwatch 2,NOSSO LUGAR ESPECIAL - 🔵COD APOIADOR: JOHNZ,"['Gay', 'gameplay', 'nerd', 'playstation', 'inglês', 'Português', 'fortnite', 'Overawatch', 'terror', 'LGBTQIA']",[],False
72,2025-04-18 20:01,679,overwatch-2,True,Cooruja,pt,Overwatch 2,[!DROP Faster]  Skin Free da MEI no DROP! !Sorteio PASSE ULTIMATE | #OW2Stadium #OW2Brasil | !Stadium !Eternus !Passefree,"['Autismo', 'TDAH', 'SafeSpace', 'Pai', 'Overwatch', 'Português', '4fun', 'OW2Season15', 'casado', 'DropsAtivados']",[],False
72,2025-04-18 20:01,679,overwatch-2,False,iMartynFox,pt,Overwatch 2,[DROP ON | PT-BR/EN] FRIDAY SANTA E EU TBM❗PIX | #OverwatchCreator #OW2Brasil #OverwatchStadium | CÓDIGO DE CRIADOR EPIC GAMES @iMARTYNFOX,"['Português', 'DropsAtivados']",[],True
73,2025-04-18 20:15,1128,minecraft,True,ZAKl1k,pt,Minecraft,🟢 MINECRAFT | ⭐ GANHE ASSISTINDO | 🌟 REESTOQUE DIA 10 ou 16 às 18h | !loja !points !prime !sub,"['Português', 'Minecraft']",[],False
73,2025-04-18 20:15,1128,minecraft,False,EiMine77,pt,Minecraft,✅ RECOMPENSAS ON! | ⭐ SEJA RÁPIDO E GANHE UMA CAPA DE GRAÇA: !CAPA | 💘 INSTAGRAM: @EIMINE77 | !ajuda !rerun !sub !subgratis !loja,"['Minecraft', 'EiMine', 'Português']",[],False
73,2025-04-18 20:15,1128,minecraft,False,AnimeTvON,pt,Minecraft,RERUN🟢 MINECRAFT - CHUVA E TROVÕES🟢,"['Português', 'Brasil', 'minecrafit', 'Reposição']",[],False
74,2025-04-18 20:36,642,the-sims-4,True,Thatales_,pt,The Sims 4,CONCURSO SHELL DO THATA | LIVE DO THATA,['Português'],[],False
74,2025-04-18 20:36,642,the-sims-4,False,ColecionadordeMH,pt,The Sims 4,VAMOS JOGAR THE SIMS 4?!!,"['jogos', 'Português', 'roblox', 'Português', 'dbd', 'thesims', 'thesims4', 'Thesims4gameplay']",[],False
74,2025-04-18 20:36,642,the-sims-4,False,JuMandim,pt,The Sims 4,MEI não tem feriado 🧶 || !comandos !pix !meme !modminecraft,"['Português', 'JogoCasual', 'Brasil', 'stardewvalley', 'cozygames', 'pngtuber', 'Vtuber', 'arte', 'Keymailer']",[],False
75,2025-04-19 00:01,1176,grand-theft-auto-v,False,miinagames_,pt,Grand Theft Auto V,"+18 CDAnjos | SE ADAPTANDO A NOVA ROTINA, MECÂNICA |  DIAS DE PAZ 🪽 | ep4 !PIX !SUB","['português', 'CDAnjos', 'cidadedosanjos', 'metropole', 'metropolegg', 'gtarp', 'CDA', 'RP', 'Português']",['MatureGame'],False
75,2025-04-19 00:01,1176,grand-theft-auto-v,True,CriaPlayer,pt,Grand Theft Auto V,🎃GOTHAM RP🎃 #93 ZÉ DO COROTE NA PISTA.... #VdgPraKrlh #TropaDosDodóis !gotham  !fancam,['Português'],"['MatureGame', 'ProfanityVulgarity']",False
75,2025-04-19 00:01,1176,grand-theft-auto-v,False,yunizinhafps,pt,Grand Theft Auto V,💥YUNIZINHA ON  [UV RP] [COMANDO] EP5 Parte 2 ❗UVRP ❗LIVEPIX Testandofps,"['Português', 'coringarp', 'GTARPLIVE', 'datenarp', 'gtavrproleplay', 'ＧTA5', 'gtandTheftAutoV', 'ComplexoRP', 'redbeiramar', 'paulinhooloko']",['MatureGame'],False
76,2025-04-19 00:23,941,minecraft,False,EiMine77,pt,Minecraft,✅ RECOMPENSAS ON! | ⭐ SEJA RÁPIDO E GANHE UMA CAPA DE GRAÇA: !CAPA | 💘 INSTAGRAM: @EIMINE77 | !ajuda !rerun !sub !subgratis !loja,"['Minecraft', 'EiMine', 'Português']",[],False
76,2025-04-19 00:23,941,minecraft,False,AnimeTvON,pt,Minecraft,RERUN🟢 MINECRAFT - CHUVA E TROVÕES🟢,"['Português', 'Brasil', 'minecrafit', 'Reposição']",[],False
76,2025-04-19 00:23,941,minecraft,False,EiMine24h,pt,Minecraft,✅ RECOMPENSAS ON! | ⭐ SEJA RÁPIDO E GANHE UMA CAPA DE GRAÇA: !CAPA | 💘 INSTAGRAM: @EIMINE77 | !ajuda !rerun !subgratis !loja,"['Português', 'Minecraft', 'EiMine']",[],False
77,2025-04-19 00:41,822,valorant,False,MentoraTV,pt,VALORANT,🔥 Rise Low #121 ás 20:00| PREMIAÇÃO DE R$500 | !suporte !participar !loja !farm,"['Português', 'CampeonatoValorant', 'valorant', 'Torneio', 'campeonatodevalorant', 'Mentora', 'trickortreat', 'CompetitiveFPS', 'Competitivo', 'TorneioValorant']",[],False
77,2025-04-19 00:41,822,valorant,False,arch1vesfps,pt,VALORANT,RERUN 🔥,"['en', 'minecraft', 'pvp', 'hg', 'Português']",[],False
77,2025-04-19 00:41,822,valorant,False,CriaPlayer,pt,VALORANT,🎃GOTHAM RP🎃 #93 ZÉ DO COROTE NA PISTA.... #VdgPraKrlh #TropaDosDodóis !gotham  !fancam,['Português'],['ProfanityVulgarity'],False
78,2025-04-19 00:57,1072,marvel-rivals,False,Bastet,pt,Marvel Rivals,DROPS ON Celestial rumo ao Eternidade/ Season 2 SUBASTETON DIA 237 !sub !pix !sociais,"['Português', 'Marathon', 'DropsAtivados']",[],False
78,2025-04-19 00:57,1072,marvel-rivals,False,jrodorfo,pt,Marvel Rivals,(drops) PQ ESSE JOGO SÓ LANÇA COISA BOA CARA!!! SOU POBRE!!!!,"['Português', 'DropsAtivados']",[],False
78,2025-04-19 00:57,1072,marvel-rivals,False,ckgeek,pt,Marvel Rivals,"O PAI TA ON, DE SANTO SÓ A SEXTA!","['Português', 'DropsAtivados']",[],False
79,2025-04-19 01:17,750,roblox,False,SophyySol,pt,ROBLOX,Volto mais tarde! 💜 !Meta !Loja !Discord !Pix,"['Português', 'English', 'Vtuber', 'LGBT', 'Trans', 'femboy', 'ragnatales', 'ravenquest']",[],False
79,2025-04-19 01:17,750,roblox,False,srEly,pt,ROBLOX,"Tower defense do bob esponja. Feliz páscoa, cade meu ovo?? | -> !metas !pix !alertas !yt #ShirtMySurvivor","['Português', 'idoso', 'livesucata', 'chill', 'asmr', 'vlr', 'dbd']",[],False
79,2025-04-19 01:17,750,roblox,False,Aquazuxa_,pt,ROBLOX,LIVE DE 36Hs ON!! ❗️desafio❗️pix  ❗️amazon,"['Português', 'LGBT', 'Trans', 'mamainmamaintocomfome', 'mulherdepeso', 'soutransvaiverope']",[],False
80,2025-04-19 04:02,973,minecraft,False,EiMine77,pt,Minecraft,✅ RECOMPENSAS ON! | ⭐ SEJA RÁPIDO E GANHE UMA CAPA DE GRAÇA: !CAPA | 💘 INSTAGRAM: @EIMINE77 | !ajuda !rerun !sub !subgratis !loja,"['Minecraft', 'EiMine', 'Português']",[],False
80,2025-04-19 04:02,973,minecraft,False,AnimeTvON,pt,Minecraft,RERUN🟢 MINECRAFT - CHUVA E TROVÕES🟢,"['Português', 'Brasil', 'minecrafit', 'Reposição']",[],False
80,2025-04-19 04:02,973,minecraft,False,guigaaslol,pt,Minecraft,🔴 CONVERSANDO |❗points❗loja ❗subgratis,['Português'],[],False
81,2025-04-19 04:20,727,grand-theft-auto-v,False,Alcag,pt,Grand Theft Auto V,[+18] [LONG BEACH RP] #lbrp - Hoje é dia de Zoar pela Cidade e Confundir a Policia  - @Alcapone_2024 -    PT/EN/ES @dare_drop #GaijinPartner,"['Português', 'giveaway', 'AMA', 'Casual', 'warthunder', 'simulação', 'Justingchating', 'subathon', 'ProjectZomboid', 'RP']",['MatureGame'],False
81,2025-04-19 04:20,727,grand-theft-auto-v,True,miinagames_,pt,Grand Theft Auto V,"+18 CDAnjos | SE ADAPTANDO A NOVA ROTINA, MECÂNICA |  DIAS DE PAZ 🪽 | ep4 !PIX !SUB","['português', 'CDAnjos', 'cidadedosanjos', 'metropole', 'metropolegg', 'gtarp', 'CDA', 'RP', 'Português']",['MatureGame'],False
81,2025-04-19 04:20,727,grand-theft-auto-v,False,naatfps,pt,Grand Theft Auto V,cola com os drake !kush !plf !livepix @naatfps,"['FiveM', 'Português', 'Valorant', 'GTA', 'cpx', 'complexo', 'rp']",['MatureGame'],False
82,2025-04-19 04:34,1162,counter-strike,False,cogu,pt,Counter-Strike,"LEGACY COGU - aniversario chegouuu, passa pra da um salveee ❗️cortes ❗️sociais ❗️nesha ❗️csgofast ❗️clash ❗️insanegg","['cs', 'Português']",['MatureGame'],False
82,2025-04-19 04:34,1162,counter-strike,True,donkgord0,pt,Counter-Strike,🕺🏻💪🏻😎🦜+18 LOBBY NA GAMERSCLUB  ❗RAINGG  🤪 !!❗neshastore  ❗gamearena❗csgoskins,"['CSGO', 'FPS', 'GAMERSCLUB', 'GC', 'LVL20', 'Português', 'lol', 'leagueoflegends', 'moba']",['MatureGame'],False
82,2025-04-19 04:34,1162,counter-strike,False,BrunoBalloni,pt,Counter-Strike,🔴RERUN!!! -> ❗regraloja❗farm ❗sub ❗msg ❗loja,"['Português', 'fps', 'Brasil', 'counterstrike', 'cs', 'cs2', 'brazil']",['MatureGame'],False
83,2025-04-19 08:01,865,the-sims-4,True,Honey_Maja,en,The Sims 4,Happy Saturday! Round 2 🌼,"['English', 'Australian', 'Cozy', 'Girl', 'Woman', 'Chill']",[],False
83,2025-04-19 08:02,865,the-sims-4,False,Jeremy_GoneWild,en,The Sims 4,Messy Sim,"['lgbtqia', 'gay', 'neurodivergent', 'autism', 'lgbt', 'English']",[],False
83,2025-04-19 08:02,865,the-sims-4,False,Icywintrr,en,The Sims 4,18+|❄️♡ Pretty Reckless: Ho-Chella ep 3. ♡❄️ | BIRTHDAY SUBATHON DAY 19/30  | SUB GOAL 423/500 | Use !Sub to see the goals | #Icy4partner |,"['SafeSpace', '18plus', 'girlgamer', 'English', 'GTARP', 'roblox', 'Roleplay', 'fivem', 'sims4', 'THEGARDENSRP']",[],True
84,2025-04-19 08:18,726,league-of-legends,False,Baiano,pt,League of Legends,🟢 AO VIVO - WE x AL  🟢 🌴 !kbmidl !grupo !bb  !status #LPLCOSTREAM,['Português'],[],False
84,2025-04-19 08:18,726,league-of-legends,False,MALONEsp,pt,League of Legends,SUBATHON FERIADÃO - AJUDA NA META DO LIVEPIX E SUB/BITS 🧛‍♀️ ~ ❗PIX ❗SUB ❗SteelSeries - Code Fortnite: MALONE,"['NFT', 'DropEnabled', 'keydrop', 'capitalcity', 'gta', 'fortnite', 'PaulinhoLOKObr', 'loudcoringa', 'poderosobagual', 'roblox']",[],False
84,2025-04-19 08:18,726,league-of-legends,False,hiyorinah,pt,League of Legends,FECHATON SEM DORMIR / 100 BITS = -5 MIN / 1 SUB = -3 MIN / 1 REAL = -1 MIN❗️sociais ❗️pix ❗️wishlist❗️makes,['Português'],['ProfanityVulgarity'],False
85,2025-04-19 08:32,721,counter-strike,False,capatoxx,pt,Counter-Strike,🟢🔥 LVL 21 GC - EM BUSCA DO TOPO 🙏🏻 - JOGANDO NA @gamersclubcs - 🚨 !DELAY !livepix,"['csgo', 'gamersclub', 'faceit', 'valve', 'cs2', 'Counterstrike', 'PTBR', 'gaules', 'level20', 'CS2']",['MatureGame'],False
85,2025-04-19 08:33,721,counter-strike,False,BrunoBalloni,pt,Counter-Strike,🔴RERUN!!! -> ❗regraloja❗farm ❗sub ❗msg ❗loja,"['Português', 'fps', 'Brasil', 'counterstrike', 'cs', 'cs2', 'brazil']",['MatureGame'],False
85,2025-04-19 08:33,721,counter-strike,False,Leticiaferrazzani,pt,Counter-Strike,"🧡RERUNNNNN 🧡SUBATHON-> 1SUB = +3min / 100,00 = +30min / 1500 BITS = +30min / 5000 BITS = +2h / 10000 BITS = +4:30h / 25000 BITS = +8:30h🧡",['Português'],['MatureGame'],False
86,2025-04-19 12:01,966,marvel-rivals,False,Momolezinha,pt,Marvel Rivals,DROPS ON! MELHOR TOCHA HUMANA BR!🔥SIGAM SOCIAIS -> @Momolezinha |❗pix com VOZES❗analise ❗youtube,"['Português', 'Heroshooter', 'marvelrivals', 'DropsAtivados']",[],False
86,2025-04-19 12:02,966,marvel-rivals,True,ckgeek,pt,Marvel Rivals,"A LOUCURA QUE TA ESSA SEASON, CETAMALUCO ✅RERUN✅","['Português', 'DropsAtivados']",[],False
86,2025-04-19 12:02,966,marvel-rivals,False,amohrte,pt,Marvel Rivals,SERA QUE HOJE SAIO DO RUIM 3 PRO RUIM 2? // ✅ REPRISE ✅,"['Português', 'funny', 'humor', 'amohrte', 'English', 'marvelrivals', 'marvel', 'southofmidnight', 'DropsAtivados']",['ProfanityVulgarity'],False
87,2025-04-19 12:20,894,ea-sports-fc-25,False,patrick11ns,pt,EA Sports FC 25,Testando o Maldini na wL + Jairzinho novo!! JOGO A SUA WL e FAÇO SEU MALDINI! |!cliente !curso !pix,"['Português', 'proplayer', 'top9', 'resenha', 'adolfz', 'fifalize']",[],False
87,2025-04-19 12:20,894,ea-sports-fc-25,True,paivinha29,pt,EA Sports FC 25,WL DO ETERNO COM RASHFORD 95+ HYPE DO DE JONG 93.  !CURSO  !COINS  !TRUST  !TRADE,['Português'],[],False
87,2025-04-19 12:20,894,ea-sports-fc-25,False,zBiel4,pt,EA Sports FC 25,WL TESTANDO O MALDINI E O RENATO SANCHES!!,"['WL', 'TOTY', 'PACKS', 'FIFA', '25', 'Português']",[],False
88,2025-04-19 12:37,797,counter-strike,False,Fomynha,pt,Counter-Strike,Sorteio MENSAL CSGONET - 9 Facas Lore ❗️CSGONET ❗️INSANE ❗️SORTEIOS ❗️RIFAS ❗️SITE ❗️EXTENSAO #Siga nas redes sociais,"['Português', 'csgonet', 'lojinha', 'sorteio', 'skins', 'csgo', 'farmskins', 'giveway']",['MatureGame'],False
88,2025-04-19 12:37,797,counter-strike,True,BrunoBalloni,pt,Counter-Strike,🔴RERUN!!! -> ❗regraloja❗farm ❗sub ❗msg ❗loja,"['Português', 'fps', 'Brasil', 'counterstrike', 'cs', 'cs2', 'brazil']",['MatureGame'],False
88,2025-04-19 12:37,797,counter-strike,False,Nexttargetz,pt,Counter-Strike,🔴  👽WARZOONEEE  VERDASK VOLTO VAMOS DE CHORAS PROCONTROLES   BORAAAA LEST'GOOO   VEM JOGAR  !  !PIx 👽 !id  @tgmlives,['Português'],['MatureGame'],False
89,2025-04-19 12:53,853,grand-theft-auto-v,False,1veiga1,pt,Grand Theft Auto V,FORTAL RP 🔴18+COMANDOS🔴!pix🔴 !sons🔴!donate🔴,"['cpx', 'Português', 'simulador', '4life', 'ProdigyRP', 'Fortnite', 'fps', 'BattlelRoyale', 'RP', 'GTARP']",['MatureGame'],False
89,2025-04-19 12:53,853,grand-theft-auto-v,False,Centurion,pt,Grand Theft Auto V,+18 FORTAL CITY,"['Português', 'ComplexoRP', 'Centurion', 'GTA', 'Fivem', 'Jogos', 'Roleplay', 'Entretenimento', 'complexo', 'frontpage']",['MatureGame'],False
89,2025-04-19 12:53,853,grand-theft-auto-v,False,yunizinhafps,pt,Grand Theft Auto V,💥YUNIZINHA ON  [UV RP] [COMANDO] EP6  ❗UVRP ❗LIVEPIX Testandofps,"['Português', 'coringarp', 'GTARPLIVE', 'datenarp', 'gtavrproleplay', 'ＧTA5', 'gtandTheftAutoV', 'ComplexoRP', 'redbeiramar', 'paulinhooloko']",['MatureGame'],False
90,2025-04-19 16:01,991,roblox,True,RobloxTV24H,pt,ROBLOX,VEM SE DIVERTIR 🤭 ROBLOX 🤖 COM AMIGOS 😁🎮,"['Português', 'English', 'robloxgames', 'dicas', 'gameplay', 'Reposição']",[],False
90,2025-04-19 16:01,991,roblox,False,HenriqueOph,pt,ROBLOX,roblox minecraft do futuro   Digite: !roblox,"['Português', 'minecraft', 'Hardcore', 'HardMode', 'sobrevivencia', '1VIDA', 'hardcoregamer', 'Singlerplayer']",[],False
90,2025-04-19 16:01,991,roblox,False,Midor1yaTFT,pt,ROBLOX,rankeds   praticando pro trials - 550pdl      !coach !patch !pix !armas !coach !domingo !filme,"['Português', 'Simpatizante', 'Brasil', 'chill', 'relaxing', 'ConversaComChat']",[],False
91,2025-04-19 16:20,707,ea-sports-fc-25,True,Hairzinho,pt,EA Sports FC 25,PACK'S + DROGBA VAI CHEGAR? + WL MORAL + !GRUPO + !PARCERIA !REDES !TIKTOK,"['ULTIMATETEAM', 'RAGE', 'ENGRACADO', 'PACKS', 'COMPETITIVO', 'Português', 'Brasil', 'WeekendLeague', 'Portugal', 'Reposição']",[],False
91,2025-04-19 16:20,707,ea-sports-fc-25,False,paivinha29,pt,EA Sports FC 25,WL DO ETERNO COM RASHFORD 95+ HYPE DO DE JONG 93.  !CURSO  !COINS  !TRUST  !TRADE,['Português'],[],False
91,2025-04-19 16:20,707,ea-sports-fc-25,False,trossarda,pt,EA Sports FC 25,vem papear enquanto eu jogo a weekend league | !regras !comandos !pix !redes,"['Português', 'PortuguêsBR', 'Brasil', 'Videogame', 'Arsenal', 'Futebol']",['ProfanityVulgarity'],False
92,2025-04-19 16:34,758,valorant,False,CREMOSA,pt,VALORANT,JOGANDO COM OS SUBS ❗NUUVEM ❗OVERCLOCK ❗GROWTH,['Português'],[],True
92,2025-04-19 16:34,758,valorant,True,Frantchesko_FF,pt,VALORANT,💙 🔥Farm Mecoins !farm | Jogando com Narrador  | ❗Pix | ❗Mentora |💜,"['valorant', 'Português', 'fps', 'cs', 'Freeefire', 'garena']",[],True
92,2025-04-19 16:34,758,valorant,False,ingridysant_,pt,VALORANT,SABadOouu com Feriadooooo ✨❕Bits❕Pix❕Amazon❕Wishlist❕Zap -> Siga @ingridysant_ nas redes sociais,"['fps', 'lgbtqia', 'DropsAtivos', 'Justchatting', 'mulher', 'Português', 'LGBTQIAAlly', 'roblox']",[],False
93,2025-04-19 16:49,622,fortnite,False,DennisRii,pt,Fortnite,feliz pascoa para todos |❗pix❗dc❗comandos | faço parte da @tiltgameteam,"['Reposição', 'Português', 'fortinte', 'Bi', 'Brasill', 'minecraftsurivial', 'DropsAtivados']",[],False
93,2025-04-19 16:49,622,fortnite,True,joohn_garcia,pt,Fortnite,NOSSO LUGAR ESPECIAL - 🔵COD APOIADOR: JOHNZ,"['Gay', 'gameplay', 'nerd', 'playstation', 'inglês', 'Português', 'fortnite', 'Overawatch', 'terror', 'LGBTQIA']",[],False
93,2025-04-19 16:49,622,fortnite,False,GUU_YT,pt,Fortnite,DROPS ON MOCHILA FNCS MAJOR GRATIS ITENS ATUALIZAÇÃO RELOAD E SKIN GRATIS FORTNITE + ITENS FORTNITE( APOIE GUU NA LOJA ),"['Fortnite', 'lojadehojefortnite', 'Apoieumcriador', 'JOGOFORTNITE', 'VbucksGrátis', 'gratisvbucks', 'LOJADEITENS', 'Português', 'dropsfortnite', 'DropsAtivados']",[],False
94,2025-04-19 20:01,919,grand-theft-auto-v,False,Doiska_Rj,pt,Grand Theft Auto V,[Fronteira Leste] Live Infinita dia 4   !PIX !CODIGUINHO !INSTA !BOOSTER @doiska_rj,['Português'],"['MatureGame', 'ProfanityVulgarity']",False
94,2025-04-19 20:01,919,grand-theft-auto-v,False,albarap1,pt,Grand Theft Auto V,+18 CAPITAL - TRETAS SOBRE TRETAS / !sub !pix !clip / Sigam o: @albarap1,"['Português', 'gta', 'capitalcity', 'cpx', 'paulinhooloko', 'albara', 'fugasgtav', 'metropolegg']",['MatureGame'],False
94,2025-04-19 20:01,919,grand-theft-auto-v,False,SeergioRP,pt,Grand Theft Auto V,🔞 🔴 VOVO DO CR$ME 🔴OBRIGADO PELA PRESSENÇA DE VOÇES,"['Português', 'Reposição']",['MatureGame'],False
95,2025-04-19 20:19,1038,roblox,False,RobloxTV24H,pt,ROBLOX,VEM SE DIVERTIR 🤭 ROBLOX 🤖 COM AMIGOS 😁🎮,"['Português', 'English', 'robloxgames', 'dicas', 'gameplay', 'Reposição']",[],False
95,2025-04-19 20:19,1038,roblox,True,ManoJesley,pt,ROBLOX,NOVO EVENTO DE PÁSCOA NO DEAD RAILS DO ROBLOX COM VOCÊS!,"['Português', 'jogo', 'humor', 'game', 'roblox', 'uno', 'unoroblox', 'Horror', 'horrorgame', 'deadrails']",[],False
95,2025-04-19 20:19,1038,roblox,False,SantosMasinha,pt,ROBLOX,FINAL | SANTOS x PALMEIRAS | PAULISTÃO ROBLOX | AO VIVO,"['ROBLOX', 'masinha', 'criativo', 'micup', 'counter', 'counterstrike', 'Português']",[],False
96,2025-04-19 20:39,715,valorant,True,VALORANT_BR,pt,VALORANT,KRU 0x0 100T | VCT Americas 2025 | Semana 5 - Dia 2 (MD3),['Português'],[],False
96,2025-04-19 20:39,715,valorant,False,CREMOSA,pt,VALORANT,JOGANDO COM OS SUBS ❗NUUVEM ❗OVERCLOCK ❗GROWTH,['Português'],[],True
96,2025-04-19 20:39,715,valorant,False,Frantchesko_FF,pt,VALORANT,💙 🔥Farm Mecoins !farm | Jogando com Narrador  | ❗Pix | ❗Mentora |💜,"['valorant', 'Português', 'fps', 'cs', 'Freeefire', 'garena']",[],True
97,2025-04-19 20:53,1186,sea-of-thieves,False,JujubaNeko,pt,Sea of Thieves,[PT/BR +18] EVENTO COM OS AMIGOS ! (XBOX SERIES S) Parceira do @lendasdomar - Código Epic JUJUBANEKO !cmds,"['Anime', 'MãeGamer', 'Brasil', 'Português', 'XboxSeriesS', 'PvP', 'Multiplayer', 'PvE', 'Aventura', 'Cooperativo']",['ProfanityVulgarity'],False
97,2025-04-19 20:53,1186,sea-of-thieves,True,EdwardTeach802,pt,Sea of Thieves,☄️LIVEZADA DE 24HRS☄️ (❗sr // ❗ discord ❗regra24 ) Segredinho no chat,"['Português', 'instagram', 'MADRUGADÃO', 'discord', 'SoTPvp', 'seaofthieves']",[],False
97,2025-04-19 20:53,1186,sea-of-thieves,False,Nicolaulb,pt,Sea of Thieves,Bora atacar o que  tiver a frente !   Comandos»»»  !discord !Clip,"['Portugal', 'Português', 'Português', 'aventuras', 'JogarComEspetadores']",[],False
98,2025-04-19 21:14,1132,ea-sports-fc-25,False,tecafut66,pt,EA Sports FC 25,ESTAMOS ON NA WL / TECAFUT66 / EAFC,['Português'],[],False
98,2025-04-19 21:15,1132,ea-sports-fc-25,True,FlangoFC,pt,EA Sports FC 25,WL TESTANDO RONALDO 96,"['eafc25', 'Português', 'tradefifa']",['ProfanityVulgarity'],False
98,2025-04-19 21:15,1132,ea-sports-fc-25,False,silvaofc1985,pt,EA Sports FC 25,TOTS VEM AI - JOGANDO WL E ABRINDO PACKS !TOTS !COINS !KICK !LOCO !VOZ !LIVEPIX !VITROLA !CONTROLE - PS5,"['humor', 'risada', 'fairplay', 'Português', 'Reposição']",[],False
99,2025-04-20 00:02,1121,counter-strike,False,MarlagonDand,pt,Counter-Strike,O Bom filho a casa retorna❗pix ❗audios ❗interativos ❗eu,"['Gaucho', 'Brasil', 'Português', 'reacts', 'indie', 'Fortnite', 'zerobuilding', 'tiktok', 'epicgames']",['MatureGame'],False
99,2025-04-20 00:02,1121,counter-strike,False,donkgord0,pt,Counter-Strike,🕺🏻💪🏻😎🦜+18 HOJE VAMOS DE GPROX 2 DEX LOBBY NA GAMERSCLUB  ❗RAINGG  🤪 !!❗neshastore  ❗gamearena❗csgoskins,"['CSGO', 'FPS', 'GAMERSCLUB', 'GC', 'LVL20', 'Português', 'lol', 'leagueoflegends', 'moba']",['MatureGame'],False
99,2025-04-20 00:02,1121,counter-strike,False,isatiton_,pt,Counter-Strike,PAGODINHO E GAMEPLAY DUVIDOSA🔥 +18 - !comandos,"['Português', 'gamergirl', 'CS2', 'counterstrike', 'Reposição']",['MatureGame'],False
100,2025-04-20 00:23,941,grand-theft-auto-v,False,iMarianaPit,pt,Grand Theft Auto V,[ + 18 ] LADO LESTE - 00 DA ALEMANHA | SABADOU,"['English', 'girlgamers', 'ＧTA5', 'Português', 'fivem', 'Alemanha', 'LadoLesteRP', 'ladolesteroleplay', 'ladolestept2', 'tropadaalemanha']",['MatureGame'],False
100,2025-04-20 00:23,941,grand-theft-auto-v,True,CriaPlayer,pt,Grand Theft Auto V,"🎃GOTHAM RP🎃 #94 ATENTADOS CONTRA A GCPD, RECADO PRO ZOCÁDIO! #VdgPraKrlh #TropaDosDodóis !gotham  !fancam",['Português'],"['MatureGame', 'ProfanityVulgarity']",False
100,2025-04-20 00:23,941,grand-theft-auto-v,False,yunizinhafps,pt,Grand Theft Auto V,💥+18 RP  [UV RP] [COMANDO] EP6  ❗UVRP ❗LIVEPIX,"['Português', 'coringarp', 'GTARPLIVE', 'datenarp', 'gtavrproleplay', 'ＧTA5', 'gtandTheftAutoV', 'ComplexoRP', 'redbeiramar', 'paulinhooloko']",['MatureGame'],False
101,2025-04-20 00:41,959,marvel-rivals,True,jrodorfo,pt,Marvel Rivals,(drops) RANKEDS 4FUN NA MAIN E JAJÁ RANKEDS C O CHAT! SIMBORA!,"['Português', 'DropsAtivados']",[],False
101,2025-04-20 00:41,959,marvel-rivals,False,piVini_,pt,Marvel Rivals,O de sempre !pix,"['Português', 'English', 'Russian', 'espanhol', 'DropsAtivados']",[],False
101,2025-04-20 00:41,959,marvel-rivals,False,EriclesSavio10,pt,Marvel Rivals,"440 I (drops on) Domingão do Ericlão, mim doa 15 reais❗btag ❗addmarvel❗sorteio ❗comandos","['Português', 'fps', 'youtube', 'PlayStation', 'Overｗatch2', 'games', 'gameplay', 'marvelrivals', 'marvel', 'DropsAtivados']",[],False
102,2025-04-20 00:59,1103,the-sims-4,True,kiwibiscos,pt,The Sims 4,caiu minha luz DE NOVO mas ja vorteii  - !discord,"['LGBTQIAPlus', 'Cosplay', 'Anime', 'Brasil', 'Português', 'hellokitty', 'hellokittyislandadventure']",[],False
102,2025-04-20 00:59,1103,the-sims-4,False,PixelMagico,pt,The Sims 4,Bora jogar e dar boas risadas? 🎮✨,"['GamesAndChatting', 'Reposição', 'Português', 'sims4livestream', 'thesims4', 'thesims', 'thesims4gamer']",[],False
102,2025-04-20 00:59,1103,the-sims-4,False,muorilo,pt,The Sims 4,Stardew direto do CAPS - C O Z Y 🍂🍁,"['LGBTQ', 'LGBT', 'Cozy', 'cozygaming', 'ｃｏｚｙ', 'Português']",[],False
103,2025-04-20 04:02,1124,counter-strike,True,pinkrafa,pt,Counter-Strike,Corujão do Pink...Cola =) !ingresso para sorteio de 1500 seguidores,"['CS2', 'counterstrike', 'gaming', 'GamingLive', 'Esports', 'fps', 'CS2Live', 'gaules', 'TRIBONERA', 'Brasil']",['MatureGame'],False
103,2025-04-20 04:02,1124,counter-strike,False,donkgord0,pt,Counter-Strike,🕺🏻💪🏻😎🦜+18 HOJE VAMOS DE GPROX 2 DEX LOBBY NA GAMERSCLUB  ❗RAINGG  🤪 !!❗neshastore  ❗gamearena❗csgoskins,"['CSGO', 'FPS', 'GAMERSCLUB', 'GC', 'LVL20', 'Português', 'lol', 'leagueoflegends', 'moba']",['MatureGame'],False
103,2025-04-20 04:02,1124,counter-strike,False,vanessay_,pt,Counter-Strike,+18 JOGATINA ATÉ AMANHECER ❗PIX ❗INSTA ❗DC ❗PC ❗ONLYFANS,"['Português', 'gamersclub', 'sorteio', 'CS2', 'Reposição']",['MatureGame'],True
104,2025-04-20 04:23,1105,overwatch-2,False,Katachi_____,pt,Overwatch 2,| +18 | DROPS | SE PA hoje eu enlouqueço mas só bora (❁´◡`❁),"['Português', 'DropsAtivados']",['ProfanityVulgarity'],False
104,2025-04-20 04:23,1105,overwatch-2,True,Cooruja,pt,Overwatch 2,[!DROP Faster]  Skin Free no DROP! !Sorteio PASSE na Terça! | !Stadium !Eternus !Passefree,"['Autismo', 'TDAH', 'SafeSpace', 'Pai', 'Overwatch', 'Português', '4fun', 'OW2Season15', 'casado', 'DropsAtivados']",[],False
104,2025-04-20 04:23,1105,overwatch-2,False,EriclesSavio10,pt,Overwatch 2,"440 I (drops on) Domingão do Ericlão, mim doa 15 reais❗btag ❗addmarvel❗sorteio ❗comandos","['Português', 'fps', 'youtube', 'PlayStation', 'Overｗatch2', 'games', 'gameplay', 'marvelrivals', 'marvel', 'DropsAtivados']",[],False
105,2025-04-20 04:44,1127,the-sims-4,True,nixime,de,The Sims 4,[𝐴𝑇/𝐷𝐸]♥Guten Morgen♥ /Sims In Bloom#21 !lost !knuddel !liebe !sims,"['österreich', 'safeplace', 'Deutsch', 'cozygaming', 'Austria', 'GemütlichZocken', 'German', 'HolidayHoopla']",[],False
105,2025-04-20 04:44,1127,the-sims-4,False,Kapands,fr,The Sims 4,PERFECT LIFE ˚.⋆  | La vie chaotique d'Evi continue ! || !keskonf °˖🍃.⋆,"['Français', 'cosy', 'safeplace', 'chill', 'sims4', 'stardewvalley', 'coralisland']",[],True
105,2025-04-20 04:44,1127,the-sims-4,False,calicosmos_ttv,en,The Sims 4,"(* ᵘ ꒳ ᵘ *) 18+ BABY In The Br0thel, Br0thel Challenge 1890's style (* ᵘ ꒳ ᵘ *)","['chatty', 'silly', '18PlusONLY', 'TobaccoUse', 'MatureContentWarning', 'English', 'MentalHealthFriendly', 'thesims4', 'sims4mods', 'Sims4Gameplay']",[],False
106,2025-04-20 05:04,1006,ea-sports-fc-25,False,lenonbruxo96,pt,EA Sports FC 25,"WL EM VARIAS CONTAS, BROTA NO SETOR - ! !cliente !coach !livepix !tatica",['Português'],[],False
106,2025-04-20 05:05,1006,ea-sports-fc-25,False,JOKEROUSADO,pt,EA Sports FC 25,"ENTRE E GANHE DINHEIRO KKKK! KKKKK, VENHA SE DIVERTIR !Comandos !Nick !Pix","['Casual', 'Competitive', 'engraçado', 'Português']",[],False
106,2025-04-20 05:05,1006,ea-sports-fc-25,False,YoutuPlayy,pt,EA Sports FC 25,(PT/ING) | FELIZ PÁSCOA | !CCHAT e !COMMANDS |,"['Português', 'Portugal', 'Açores', 'DoenteCrónico', 'DoençaRara']",['ProfanityVulgarity'],False
107,2025-04-20 05:23,914,marvel-rivals,False,noobzinhavs,pt,Marvel Rivals,Subathon surpresa Dia 02,"['Português', 'dixlecia', 'LGBTQIAFriendlySpace', 'pan', 'marvelrivals', 'marvel']",[],False
107,2025-04-20 05:23,914,marvel-rivals,True,jrodorfo,pt,Marvel Rivals,(drops) RANKEDS 4FUN NA MAIN E JAJÁ RANKEDS C O CHAT! SIMBORA!,"['Português', 'DropsAtivados']",[],False
107,2025-04-20 05:23,914,marvel-rivals,False,GoldenGunnTV,pt,Marvel Rivals,"RANKED - EM BUSCA DE UMA VIDA MAIS DIGNA, A LUTA PELA GLORIA ! - #YOUTUBELIVE - !DONATE - !PIX - #SEJASUB - AJUDE COM AS METAS.","['Português', 'fps', 'gameplay', 'Portugal', 'Brasil', 'DropsAtivados']",[],True
108,2025-04-20 08:01,1149,valorant,True,aztexvlr,pt,VALORANT,MIBR aztex - top67 / testando VIPER V3 PRO (mouse novo),['Português'],[],False
108,2025-04-20 08:02,1149,valorant,False,CesarXisde,pt,VALORANT,LIVE DE 24HRS E VAI TO MAN DO(!insta !pix !dc),"['Português', 'valorant', 'gostoso', 'radiante']",[],False
108,2025-04-20 08:02,1149,valorant,False,oantunesz,pt,VALORANT,GAMEPLAY EXPLICATIVA RADIANT / 8$ = Análise Tracker | !analise | @oantunesz on socials | !otimizacao | !tipspace | SUB = GRUPO NO WPP,"['Valorant', 'Radiante', 'Português', 'fps', 'Competitivo', 'Ranked', 'English', 'viper', 'nerd', 'holidayhoopla']",[],False
109,2025-04-20 08:23,645,the-sims-4,False,GamingSigrid,nl,The Sims 4,wat gaan we beleven in deze 12 uur of langer stream? || [ stream 81 van 2025] || !discord,"['praten', 'discord', 'nederlands', 'donatie', 'fivem', 'ets2', 'fs25', 'Nederlands']",[],False
109,2025-04-20 08:23,645,the-sims-4,True,jeyjeybink,en,The Sims 4,Building an EPIC castle on the Sims 4 with no CC #eapartner,"['Chatty', 'Australia', 'ally', 'English', 'thesims4', 'simsbuilding', 'sims4build']",[],False
109,2025-04-20 08:23,645,the-sims-4,False,AusCatDad,en,The Sims 4,Super Sim - Child completion? | !cats,"['chill', 'Australian', 'English', 'BackseatGamingAllowed', 'cozy', 'bingo', 'Aussie', 'Variety']",[],False
110,2025-04-20 08:36,1012,fortnite,False,GUU_YT,pt,Fortnite,DROPS ON MOCHILA FNCS MAJOR GRATIS ITENS ATUALIZAÇÃO RELOAD E SKIN GRATIS FORTNITE + ITENS FORTNITE( APOIE GUU NA LOJA ),"['Fortnite', 'lojadehojefortnite', 'Apoieumcriador', 'JOGOFORTNITE', 'VbucksGrátis', 'gratisvbucks', 'LOJADEITENS', 'Português', 'dropsfortnite', 'DropsAtivados']",[],False
110,2025-04-20 08:36,1012,fortnite,True,kariuxaa,pt,Fortnite,🟢RERUN🟢 FORTNITE !discord !insta !tiktok !pix🟢🟢,"['Português', 'DropsAtivados']",[],False
110,2025-04-20 08:37,1012,fortnite,False,oimille,pt,Fortnite,SEGUNDO DIA DE SUBATHON!❗JOGAR  ❗NICK ❗PRESENTE❗PRIME ❗PIX ❗INSTA ❗DISCORD,"['Português', 'fornite', 'fortnitebrasil', 'garotagamer', 'Brasil', 'fortnitegaminglive', 'Português', 'DropsAtivados']",[],True
111,2025-04-20 12:01,861,valorant,True,Larxfps,pt,VALORANT,🎀 RANKED FOCADA 🎀 RESENHA E GAMEPLAY DE QUALIDADE DUVIDOSA🎀LURK TBM FORTALECE!🎀 @larxfps !livepix !insta !steam !passe,"['Português', 'Mulher', 'fps', 'Ranked', 'ragegirl', 'Marathon']",['ProfanityVulgarity'],False
111,2025-04-20 12:02,861,valorant,False,lulavlr,pt,VALORANT,!CENARIO / MELHOR CHAMBER DO MUNDO NAS RANKEDS |❗tipspace❗monitor❗pix,"['Português', 'valorant', 'chamber', 'TryhardGameplay']",[],False
111,2025-04-20 12:02,861,valorant,False,MicheleOxana,pt,VALORANT,💥LGBTQIA+💥MEU DEADHARD É SÓ PRA ESCAPAR DE SENTIMENTO❗pix ❗discord ❗amazon ❗onlyfans +18,"['LGBTQIA', 'ＶＡＬＯＲＡＮＴ', 'killjoymain', 'deadbbydaylight', 'MainSurvivor', 'FogWhisperer', 'teamfigttactics', 'Português', 'trickortreat']",[],False
112,2025-04-20 12:18,742,minecraft,False,DennisRii,pt,Minecraft,feliz pascoa para todos |❗pix❗dc❗comandos | faço parte da @tiltgameteam,"['Reposição', 'Português', 'fortinte', 'Bi', 'Brasill', 'minecraftsurivial']",[],False
112,2025-04-20 12:18,742,minecraft,True,ZAKl1k,pt,Minecraft,🟢 MINECRAFT | ⭐ GANHE ASSISTINDO | 🌟 REESTOQUE DIA 10 ou 16 às 18h | !loja !points !prime !sub,"['Português', 'Minecraft']",[],False
112,2025-04-20 12:18,742,minecraft,False,EiMine77,pt,Minecraft,✅ RECOMPENSAS ON! | ⭐ SEJA RÁPIDO E GANHE UMA CAPA DE GRAÇA: !CAPA | 💘 INSTAGRAM: @EIMINE77 | !ajuda !rerun !sub !subgratis !loja,"['Minecraft', 'EiMine', 'Português']",[],False
113,2025-04-20 12:33,1105,fortnite,False,CORALtv_,pt,Fortnite,DROPS ON ✨ SORTEIO DE PASCOA ❤️  FARM VBUCKS ASSISTINDO A LIVE !LOJA ❤️ USE CODE: COORAL #AD ✨!PIX !RESGATE !JOGAR,"['Português', 'Fortnite', 'sorteio', 'VbucksGrátis', 'sorteios', 'vbucks', 'jogandocomespectadores', 'MarvelRivalsPartners', 'marvelrivals', 'hellfiregala']",[],False
113,2025-04-20 12:33,1105,fortnite,False,kariuxaa,pt,Fortnite,🟢RERUN🟢 FORTNITE !discord !insta !tiktok !pix🟢🟢,"['Português', 'DropsAtivados']",[],False
113,2025-04-20 12:33,1105,fortnite,False,gabryelCwB,pt,Fortnite,🟢RERUN🟢Lobby do abalo 🟢💨💥 LOJA  2XSUBS !loja💥 !regras !tiktok,"['Português', 'DropsAtivados']",[],False
114,2025-04-20 12:54,858,sea-of-thieves,True,Nicolaulb,pt,Sea of Thieves,Bora atacar o que  estiver a frente !   Comandos»»»  !discord !Clip,"['Portugal', 'Português', 'Português', 'aventuras', 'JogarComEspetadores']",[],False
114,2025-04-20 12:54,858,sea-of-thieves,False,ligadojorel,pt,Sea of Thieves,Sea of Thieves! Isso aqui é AO VIVO Valdez!,"['Ligadojorel', 'Mago', 'Português']",[],False
114,2025-04-20 12:54,858,sea-of-thieves,False,koshin444,pt,Sea of Thieves,jogando sea of thieves os amigos,"['Português', 'amigos', 'resenha', 'overwactch2']",[],True
115,2025-04-20 13:10,1036,roblox,True,ferrinhoooo,pt,ROBLOX,"Roblox da galera! #Ad or #Sponsorship, and !roblox","['Português', 'musica']",[],False
115,2025-04-20 13:10,1036,roblox,False,b1dizz,pt,ROBLOX,"PRIMEIRO SUBATHOOONNN - DIA 04 - OH LEH, OLHA SÓ PARA VOCÊ D:  |  !discord !pix !instagram",['Português'],[],False
115,2025-04-20 13:10,1036,roblox,False,yaasdishavaofc,pt,ROBLOX,(+18) Lado Leste  /  ROBLOX Todos pobres ? GERENTE da Nevaska ON / CODIGUIN ❗pix ❗cdd ❗dc ❗pc ❗hl ❗insta ❗ttk,"['GTARPLIVE', 'cpx', 'capitalcity', 'LadoLesteRP', 'ptbr', 'fivem', 'Português', 'desempregada', 'Desempregado', 'metropolegg']",[],False
116,2025-04-20 16:02,715,valorant,False,Larxfps,pt,VALORANT,🎀 FRENETICO C/ CHAT 🎀[FELIZ PASCOA] RESENHA E GAMEPLAY DE QUALIDADE DUVIDOSA🎀LURK TBM FORTALECE!🎀 @larxfps !livepix !insta !steam !passe,"['Português', 'Mulher', 'fps', 'Ranked', 'ragegirl', 'Marathon']",['ProfanityVulgarity'],False
116,2025-04-20 16:02,715,valorant,False,Capuz_IBr,pt,VALORANT,AFK - FPS,"['valorant', 'Português']",[],False
116,2025-04-20 16:02,715,valorant,False,julinhazsz,pt,VALORANT,feliz pascoaaaaaaa | !pix !elo !mmr,"['Português', 'English', 'VALORANＴ']",[],False
117,2025-04-20 16:16,842,roblox,False,LMALUM,pt,ROBLOX,Quero ovos recheados 🐐  -  ❗cine ❗donate,"['Português', 'TDAH', 'LGBT', 'RPG', 'MMO', 'MarvelRivalsPartner']",[],False
117,2025-04-20 16:17,842,roblox,False,evmsth,pt,ROBLOX,feliz pascoa :)  !comandos !donate,"['Português', 'Brasil', 'alanzoka', 'loudcoringa']",[],True
117,2025-04-20 16:17,842,roblox,False,LucasRoxGames,pt,ROBLOX,💛 FELIZ PÁSCOA • TESTANDO JOGOS NO ROBLOX • GANHE ATÉ 200 ROBUX 💛 | !ROBLOX | !MUDE | !PIX | !SG | !SUB | !IOX | @LucasRoxGames,"['crypto', 'minecraft', 'roblox', 'garticphone', 'desenhos', 'Surdomudo', 'Português', 'lucasroxgames', 'interação', 'conversa']",[],False
118,2025-04-20 16:33,931,minecraft,False,ZAKl1k,pt,Minecraft,🟢 MINECRAFT | ⭐ GANHE ASSISTINDO | 🌟 REESTOQUE DIA 10 ou 16 às 18h | !loja !points !prime !sub,"['Português', 'Minecraft']",[],False
118,2025-04-20 16:33,931,minecraft,False,AnimeTvON,pt,Minecraft,RERUN🟢 MINECRAFT - CHUVA E TROVÕES🟢,"['Português', 'Brasil', 'minecrafit', 'Reposição']",[],False
118,2025-04-20 16:33,931,minecraft,False,guigaaslol,pt,Minecraft,🔴 CONVERSANDO |❗points❗loja ❗subgratis,['Português'],[],False
119,2025-04-20 20:01,1161,overwatch-2,False,joohn_garcia,pt,Overwatch 2,NOSSO LUGAR ESPECIAL - 🔵COD APOIADOR: JOHNZ,"['Gay', 'gameplay', 'nerd', 'playstation', 'inglês', 'Português', 'fortnite', 'Overawatch', 'terror', 'LGBTQIA']",[],False
119,2025-04-20 20:01,1161,overwatch-2,True,Cooruja,pt,Overwatch 2,[!DROP Faster]  Skin Free no DROP! !Sorteio PASSE na Terça! | !Stadium !Eternus !Passefree,"['Autismo', 'TDAH', 'SafeSpace', 'Pai', 'Overwatch', 'Português', '4fun', 'OW2Season15', 'casado', 'DropsAtivados']",[],False
119,2025-04-20 20:02,1161,overwatch-2,False,tony_lvl,pt,Overwatch 2,DRIVES DO RAFA #OW2Stadium #OW2Brasil,"['Português', 'DPS', 'Ranked', 'OverwatchCreators', 'Competitivo', 'Overwatch2', 'OW2Giveaway', 'Hitscan', 'Ashe', 'marvelrivals']",['ProfanityVulgarity'],False
120,2025-04-20 20:23,997,counter-strike,True,eLyzao,pt,Counter-Strike,FARMANDO XP NO MM COMPETITIVO PRA ZERAR 2 PASSE   ❗Nesha ❗iox +18,['Português'],['MatureGame'],False
120,2025-04-20 20:23,997,counter-strike,False,BrunoBalloni,pt,Counter-Strike,🔴RERUN!!! -> ❗regraloja❗farm ❗sub ❗msg ❗loja,"['Português', 'fps', 'Brasil', 'counterstrike', 'cs', 'cs2', 'brazil']",['MatureGame'],False
120,2025-04-20 20:23,997,counter-strike,False,BIANCHESSIcs2,pt,Counter-Strike,"🟢 SORTEIOS + LOJA  E COMPANHIA + R$2.980,00 MENSAL INSANE - SORTEIOS DIÁRIOS + SORTEIO BITS+SKIN GRÁTIS❗️Site ❗️Insane ❗️Topskin","['Português', 'sorteios', 'CS2', 'cs2counterstrike2', 'topskin', 'insanegg']",['MatureGame'],False
121,2025-04-20 20:42,960,roblox,False,MissVinum,pt,ROBLOX,CINEMÃO DAS MISSTÍCAS ! 💜VIVENDO DA MINHA ARTE 💜 🎆DIA 110🎆 ❗caneca ❗cinema ❗regras ❗sr ❗pix ❗leilão ❗sons ❗sub,['Português'],[],False
121,2025-04-20 20:42,960,roblox,True,Karentena,pt,ROBLOX,[CPX] 🤭🤭🤭🤭🤭🤭🤭┋❗pix ❗subathon,"['Português', 'rp', 'gtav', 'complexo', 'jogos', 'LGBT', 'liveruim', 'acolhedor', 'aconchegante', 'fivem']",['ProfanityVulgarity'],False
121,2025-04-20 20:42,960,roblox,False,Veggie,pt,ROBLOX,to viva// bridgerton temp 2 | !programação !meta,"['Português', 'linda', 'veggiezinha', 'cantodadefunk', 'botanaveggiezinha', 'lipolad', 'magras', 'saopaulotrans']",[],True
122,2025-04-21 00:01,883,overwatch-2,False,peachy_yumi,pt,Overwatch 2,!DROPS 🍑 peachy tacando o terror na fila SA - main kiri mestre 🍑,"['OW2LeSserafim', 'OW2Season15', 'OverwatchCreator', 'OW2Brasil', 'Português', 'English', 'OW2STADIUM']",[],False
122,2025-04-21 00:01,883,overwatch-2,False,joohn_garcia,pt,Overwatch 2,NOSSO LUGAR ESPECIAL - 🔵COD APOIADOR: JOHNZ,"['Gay', 'gameplay', 'nerd', 'playstation', 'inglês', 'Português', 'fortnite', 'Overawatch', 'terror', 'LGBTQIA']",[],False
122,2025-04-21 00:01,883,overwatch-2,False,Cooruja,pt,Overwatch 2,[!DROP Faster]  Skin Free no DROP! !Sorteio PASSE na Terça! | !Stadium !Eternus !Passefree,"['Autismo', 'TDAH', 'SafeSpace', 'Pai', 'Overwatch', 'Português', '4fun', 'OW2Season15', 'casado', 'DropsAtivados']",[],False
123,2025-04-21 00:18,827,fortnite,False,kariuxaa,pt,Fortnite,🟢RERUN🟢 FORTNITE !discord !insta !tiktok !pix🟢🟢,"['Português', 'DropsAtivados']",[],False
123,2025-04-21 00:18,827,fortnite,True,DaniKrautz,pt,Fortnite,🔥 [DROPS ON] feriadinho de guê?  - ❗jogar ❗nick ❗sorteio ❗pix,"['fortnite', 'jogandocomochat', 'Português', 'Mulher', 'conversa', 'reload', 'Reposição', 'DropsAtivados']",[],False
123,2025-04-21 00:18,827,fortnite,False,annadeneve,pt,Fortnite,[DROPS ON] live pra cair de boca nos ovos ♡ !clip !pix !discord !comandos,"['Mulher', 'bonita', 'engraçada', 'Português', 'ConversandoComOChat', 'DropsAtivados']",[],False
124,2025-04-21 00:35,1160,counter-strike,False,cogu,pt,Counter-Strike,LEGACY COGU -  (1/9999999) dias sem fumar  ❗️cortes ❗️sociais ❗️nesha ❗️csgofast ❗️clash ❗️insanegg,"['cs', 'Português']",['MatureGame'],False
124,2025-04-21 00:35,1160,counter-strike,True,donkgord0,pt,Counter-Strike,🕺🏻💪🏻😎🦜+18 40km de bike HOJE VAMOS DE GPROX 2 DEX LOBBY NA GAMERSCLUB  ❗RAINGG  🤪 !!❗neshastore  ❗gamearena❗csgoskins,"['CSGO', 'FPS', 'GAMERSCLUB', 'GC', 'LVL20', 'Português', 'lol', 'leagueoflegends', 'moba']",['MatureGame'],False
124,2025-04-21 00:35,1160,counter-strike,False,BrunoBalloni,pt,Counter-Strike,🔴RERUN!!! -> ❗regraloja❗farm ❗sub ❗msg ❗loja,"['Português', 'fps', 'Brasil', 'counterstrike', 'cs', 'cs2', 'brazil']",['MatureGame'],False
125,2025-04-21 00:57,931,marvel-rivals,True,CahNepo,pt,Marvel Rivals,[DROPS ON] FELIZ PÁSCOA AMIGUINHOS :D !PIX !AMAZON !EXITLAG !SOCIAIS #MarvelRivalsPartner #CriadorOverwatch,"['Português', 'Brasil', 'react', 'conversa', 'Competitivo', 'IRL', 'DropsAtivados']",[],False
125,2025-04-21 00:57,931,marvel-rivals,False,jrodorfo,pt,Marvel Rivals,(drops) corrente de oração para recebermos o coisa de sunguinha no evento de verão é aqui!!!!,"['Português', 'DropsAtivados']",[],False
125,2025-04-21 00:57,931,marvel-rivals,False,ckgeek,pt,Marvel Rivals,"CALMA AMOR, PAPAI CHEGOU, VEM","['Português', 'DropsAtivados']",[],False
126,2025-04-21 01:14,778,sea-of-thieves,False,iShadowWolf_,pt,Sea of Thieves,(+18) Livezinha Muito Doida!   ||   (❗comandos ❗metas ❗drops)   ||   (Epic Code: SHADOWOLF),['Português'],[],False
126,2025-04-21 01:14,778,sea-of-thieves,True,MrCBueno,pt,Sea of Thieves,Bishop TOP999 - Sea Of Thieves  | Zgaming Server | The Best LA Essence |,"['MMORPG', 'Lineage2', 'Zgaming', 'Balance', 'Português']",[],False
126,2025-04-21 01:14,778,sea-of-thieves,False,Gablieo,pt,Sea of Thieves,pra começar bem a semana,"['Comentáriodepartida', 'PvP', 'Jogadacasual', 'Competitivo', 'Multiplayer', 'Português', 'FamilyFriendly', 'Primeirajogada']",[],False
127,2025-04-21 04:02,886,minecraft,False,ZAKl1k,pt,Minecraft,🟢 MINECRAFT | ⭐ GANHE ASSISTINDO | 🌟 REESTOQUE DIA 10 ou 16 às 18h | !loja !points !prime !sub,"['Português', 'Minecraft']",[],False
127,2025-04-21 04:02,886,minecraft,True,EiMine77,pt,Minecraft,✅ RECOMPENSAS ON! | ⭐ SEJA RÁPIDO E GANHE UMA CAPA DE GRAÇA: !CAPA | 💘 INSTAGRAM: @EIMINE77 | !ajuda !rerun !sub !subgratis !loja,"['Minecraft', 'EiMine', 'Português']",[],False
127,2025-04-21 04:02,886,minecraft,False,guigaaslol,pt,Minecraft,🔴 CONVERSANDO |❗points❗loja ❗subgratis,['Português'],[],False
128,2025-04-21 04:20,1051,league-of-legends,False,hastad,pt,League of Legends,feliz aniversario hastad - 31 yo :),"['Challenger', 'Português', 'Vayne']",[],False
128,2025-04-21 04:20,1051,league-of-legends,False,Akrinuss,pt,League of Legends,!privacy - Dicas p subir d ELO l Mestre !cortes !duo !analise !abt !facinho,"['Português', 'Reposição']",[],False
128,2025-04-21 04:20,1051,league-of-legends,False,JotinhaYss,pt,League of Legends,Arena com os viewers,"['Português', 'Grandmaster', 'yasuo']",[],False
129,2025-04-21 08:01,1111,ea-sports-fc-25,True,lenonbruxo96,pt,EA Sports FC 25,"WL EM VARIAS CONTAS, BROTA NO SETOR - ! !cliente !coach !livepix !tatica",['Português'],[],False
129,2025-04-21 08:01,1111,ea-sports-fc-25,False,xGuuhGabrielx,pt,EA Sports FC 25,"13/2 na WL Conta 1| 13/1 na WL da Conta 2, Precisa do Maldini? Trago pra Você! DMEs e Resenha | DIGITE !Livepix !cliente !grupo !meta !coins","['EASPORTS', 'EAFC', 'eafc25', 'ultimateteam', 'fc25', 'fc25gameplay', 'Português', 'Paivinha29', 'Carpentieri', 'Adolfz']",[],False
129,2025-04-21 08:02,1111,ea-sports-fc-25,False,TCHOKZERA,pt,EA Sports FC 25,LIVE CAIU MAIS VOLTAMOS WL SEM FIM,"['Português', 'eafc25']",[],False
130,2025-04-21 08:22,764,grand-theft-auto-v,False,RyanFeer,pt,Grand Theft Auto V,"Opa,atrasei","['Português', 'CDA', 'gta', 'fivem', 'RP', 'PvP', 'metropole', 'cpx', 'CAPITAL', 'ProdigyRP']",['MatureGame'],False
130,2025-04-21 08:22,764,grand-theft-auto-v,True,CarlitoP1_,pt,Grand Theft Auto V,[CDA] Piloto Sênior QRV! Acompanhas pelo CDA ↠ Siga @carlitop1_,"['Português', 'CIDADEALTA', 'METROPOLE', 'GTARP', 'FIVEM', 'CarlitoP1', 'INTERCEPTOR', 'SPEED']",['MatureGame'],False
130,2025-04-21 08:23,764,grand-theft-auto-v,False,naatfps,pt,Grand Theft Auto V,cola com os drake !kush !plf !livepix @naatfps,"['FiveM', 'Português', 'Valorant', 'GTA', 'cpx', 'complexo', 'rp']",['MatureGame'],False
131,2025-04-21 08:38,1111,minecraft,True,ZAKl1k,pt,Minecraft,🟢 MINECRAFT | ⭐ GANHE ASSISTINDO | 🌟 REESTOQUE DIA 10 ou 16 às 18h | !loja !points !prime !sub,"['Português', 'Minecraft']",[],False
131,2025-04-21 08:38,1111,minecraft,False,EiMine77,pt,Minecraft,✅ RECOMPENSAS ON! | ⭐ SEJA RÁPIDO E GANHE UMA CAPA DE GRAÇA: !CAPA | 💘 INSTAGRAM: @EIMINE77 | !ajuda !rerun !sub !subgratis !loja,"['Minecraft', 'EiMine', 'Português']",[],False
131,2025-04-21 08:38,1111,minecraft,False,guigaaslol,pt,Minecraft,🔴 CONVERSANDO |❗points❗loja ❗subgratis,['Português'],[],False
132,2025-04-21 08:58,1172,fortnite,False,GUU_YT,pt,Fortnite,DROPS ON MOCHILA  GRATIS ITENS ATUALIZAÇÃO RELOAD E SKIN GRATIS FORTNITE + ITENS FORTNITE( APOIE GUU NA LOJA ),"['Fortnite', 'lojadehojefortnite', 'Apoieumcriador', 'JOGOFORTNITE', 'VbucksGrátis', 'gratisvbucks', 'LOJADEITENS', 'Português', 'dropsfortnite']",[],False
132,2025-04-21 08:58,1172,fortnite,True,Pedro017Yt,pt,Fortnite,BOM DIA 🍓JOGANDO COM CHAT + RESGATE VBUCKS ASSISTINDO (!loja),"['Português', 'Fortnite', 'Jogandocomespectadores', 'DropsEnable', 'Drops', 'reload']",[],False
132,2025-04-21 08:58,1172,fortnite,False,kariuxaa,pt,Fortnite,🟢RERUN🟢 FORTNITE !discord !insta !tiktok !pix🟢🟢,['Português'],[],False
133,2025-04-21 09:20,639,marvel-rivals,True,TvSerious,pt,Marvel Rivals,DROPS ON - RANKEDS! !bluestacks !giftcard !PIX #PCGamePassPartner,"['serious', 'smitebrasil', 'lgbtqia', 'Português', 'drops', 'MOBA', 'Cozy', 'cozygaming', 'Roguelike', 'Roguelite']",[],False
133,2025-04-21 09:20,639,marvel-rivals,False,ckgeek,pt,Marvel Rivals,"TEM DIAS EM QUE A NOITE É FODA, REFLITAM ✅RERUN✅","['Português', 'DropsAtivados']",[],False
133,2025-04-21 09:20,639,marvel-rivals,False,amohrte,pt,Marvel Rivals,"PEGUE O PATO PEGUE O PATO, UM DIA SAIO DO BRONZE // REPRISE","['Português', 'funny', 'humor', 'amohrte', 'English', 'marvelrivals', 'marvel', 'DayZ', 'fps', 'DropsAtivados']",['ProfanityVulgarity'],False
134,2025-04-21 12:02,1198,ea-sports-fc-25,False,MGW_FC,pt,EA Sports FC 25,JOGAMOS NA SUA CONTA! !pix !grupo !trade,['Português'],[],False
134,2025-04-21 12:02,1198,ea-sports-fc-25,True,miguelitodoarrocha,pt,EA Sports FC 25,💥segunda de wl em busca das 11v ineditas !!,"['Português', 'Portugal', 'Competitivo', 'resenha', 'Resenhando', 'ultimateteam', 'fifa', 'EAFC', 'eafc25', 'eafcsports']",[],False
134,2025-04-21 12:02,1198,ea-sports-fc-25,False,trossarda,pt,EA Sports FC 25,terminando a weekend league rapidinho | !regras !comandos !pix !redes,"['Português', 'PortuguêsBR', 'Brasil', 'Videogame', 'Arsenal', 'Futebol']",['ProfanityVulgarity'],False
135,2025-04-21 12:24,1165,league-of-legends,False,hastad,pt,League of Legends,feliz aniversario hastad - 31 yo :),"['Challenger', 'Português', 'Vayne']",[],False
135,2025-04-21 12:25,1165,league-of-legends,True,Edicleiton_3,pt,League of Legends,OBRIGADO IGREJA CATÓLICA POR ESSE FERIADO❗elo ❗chat (para SUB) ❗loja,"['Português', 'HeterosexuaI', 'Bahia', 'Satanista']",['ProfanityVulgarity'],False
135,2025-04-21 12:25,1165,league-of-legends,False,YoDa,pt,League of Legends,LTA AS 13,['Português'],[],False
136,2025-04-21 12:46,1006,sea-of-thieves,False,bll4ckz,pt,Sea of Thieves,O FAMOSO PIRATA PIRATOSO!!,['Português'],['ProfanityVulgarity'],False
136,2025-04-21 12:46,1006,sea-of-thieves,True,corrovis,pt,Sea of Thieves,"vem comigo,  Xbox séries S, Pix, Donate, sorteio  vem e engaja comigo @canalfieis","['Português', 'Caridade']",[],False
136,2025-04-21 12:46,1006,sea-of-thieves,False,Noga__,pt,Sea of Thieves,Subathon das férias | !subathon !pix,"['gay', 'subathon', 'férias', 'Português']",[],False
137,2025-04-21 16:02,1100,league-of-legends,True,hastad,pt,League of Legends,feliz aniversario hastad - 31 yo :),"['Challenger', 'Português', 'Vayne']",[],False
137,2025-04-21 16:02,1100,league-of-legends,False,Baiano,pt,League of Legends,🟢 LTA SUL: LEV x IE | #LTA Official Co-stream - Round 3 🟢🌴 !grupo !kbmidl,['Português'],[],False
137,2025-04-21 16:02,1100,league-of-legends,False,YoDa,pt,League of Legends,LTA SUL COM OS YODISTAS - LEV x IE I Costream Oficial #LTASul,['Português'],[],False
138,2025-04-21 16:23,1065,overwatch-2,False,tony_lvl,pt,Overwatch 2,DRIVES DO RAFA FASE FINAL #OW2Stadium #OW2Brasil,"['Português', 'DPS', 'Ranked', 'OverwatchCreators', 'Competitivo', 'Overwatch2', 'OW2Giveaway', 'Hitscan', 'Ashe', 'marvelrivals']",['ProfanityVulgarity'],False
138,2025-04-21 16:23,1065,overwatch-2,False,Cooruja,pt,Overwatch 2,[!DROP Faster] Cosmetico da Kiriko Free! !Sorteio PASSE na Terça! | !Stadium !Eternus !Passefree,"['Autismo', 'TDAH', 'SafeSpace', 'Pai', 'Overwatch', 'Português', '4fun', 'OW2Season15', 'casado', 'DropsAtivados']",[],False
138,2025-04-21 16:23,1065,overwatch-2,False,CosminhaS2,pt,Overwatch 2,[DROPS ON] ÚLTIMOS MOMENTOS DA SEASON 15 ❗PIX ❗MIRA ❗X #OverwatchCreator #OW2Season15,"['Português', 'OverwatchCreators', 'DropsAtivados']",[],False
139,2025-04-21 16:43,707,counter-strike,False,shadowsganjaking,pt,Counter-Strike,🔞FERIADO DE MAROLA-VEM F1 COM NOIX - LEGALIZANDO O CS2 E A TWITCH -  !BITS| !PIX |!loja| !CUPOM|,"['maconha', '420', 'CS2', 'Brasil', 'portugues', 'ganja', 'brasileiro', 'counterstrike', 'Cannabis', 'CannabisCommunity']",['MatureGame'],False
139,2025-04-21 16:43,707,counter-strike,False,alufps1,pt,Counter-Strike,Segundamente! Hoje é feriado de que? SEM TILTAR! - treino e ranked! -  DELAY,"['fps', 'feminino', 'Português', 'CS2', 'Trans', 'LGBT', 'RP', 'Roleplay', 'GTARP', 'reddeadredemption2']",['MatureGame'],False
139,2025-04-21 16:43,707,counter-strike,False,BrunoBalloni,pt,Counter-Strike,🔴RERUN!!! -> ❗regraloja❗farm ❗sub ❗msg ❗loja,"['Português', 'fps', 'Brasil', 'counterstrike', 'cs', 'cs2', 'brazil']",['MatureGame'],False
140,2025-04-21 20:01,1005,roblox,True,NickiieTV,pt,ROBLOX,👽 LIVE  ON COM SESSÃO DA TRAVA  !lanhouse  !sessão !fila  !lurdes !casaflorescer !REGRAS !audios !donate !pix !sub !comand,"['TRANS', 'ELADELA', 'ÓVINIS', 'ETS', 'FILHADOLULA', 'SURTOS', 'BRUXA', 'REACTS', 'GAMEPLAY', 'LGBTQIAPN']",['ProfanityVulgarity'],False
140,2025-04-21 20:02,1005,roblox,False,Vanilian,pt,ROBLOX,JOGANDO ROBLOX COM O CHAT!! VEM JOGAR COM A GENTE!! | !metas | !PIX | !regras | !loja | !iox,"['DIvertido', 'casual', 'Interativo', 'Amigáveis', 'Português', 'DicçãoRuim', 'caos', 'animado', 'RespondsToChat', 'conselhos']",[],False
140,2025-04-21 20:02,1005,roblox,False,TaisRozaa,pt,ROBLOX,+18 EU VOLTEII e bate papo,"['Português', 'farlight84', 'fortinte', 'VALORONAT', 'bloodstrike', 'minecraft', 'fps']",[],False
141,2025-04-21 20:21,679,fortnite,True,SuuhS2k,pt,Fortnite,✨segundoouu✨  | !SORTEIO💜 Use Code: SUUHS2K Na Loja Do Fortnite💜 #AD (+18),['Português'],[],False
141,2025-04-21 20:21,679,fortnite,False,kariuxaa,pt,Fortnite,🟢RERUN🟢 FORTNITE !discord !insta !tiktok !pix🟢🟢,['Português'],[],False
141,2025-04-21 20:21,679,fortnite,False,Praxt_,pt,Fortnite,JOGANDO COM O CHAT !jogar,"['Português', 'Fortnite', 'vbucks', 'AMA', 'PlayingwWithViewers', 'SeiosFartos', 'regras', 'LGBT', 'ＬＯＬ', 'LiveFamilia']",[],False
142,2025-04-21 20:34,697,overwatch-2,False,peachy_yumi,pt,Overwatch 2,!DROPS de cosméticos da kiri bai ze🍑 será que tem fila no estadio  - main kiri mestre 🍑,"['OW2LeSserafim', 'OW2Season15', 'OverwatchCreator', 'OW2Brasil', 'Português', 'English', 'OW2STADIUM', 'DropsAtivados']",[],False
142,2025-04-21 20:34,697,overwatch-2,False,joohn_garcia,pt,Overwatch 2,NOSSO LUGAR ESPECIAL - 🔵COD APOIADOR: JOHNZ,"['Gay', 'gameplay', 'nerd', 'playstation', 'inglês', 'Português', 'fortnite', 'Overawatch', 'terror', 'LGBTQIA']",[],False
142,2025-04-21 20:34,697,overwatch-2,False,Cooruja,pt,Overwatch 2,[!DROP Faster] Cosmetico da Kiriko Free! !Sorteio PASSE na Terça! | !Stadium !Eternus !Passefree,"['Autismo', 'TDAH', 'SafeSpace', 'Pai', 'Overwatch', 'Português', '4fun', 'OW2Season15', 'casado', 'DropsAtivados']",[],False
143,2025-04-22 00:01,1102,ea-sports-fc-25,False,FlangoFC,pt,EA Sports FC 25,WL TIME TEMATICO GANGUE DOS PINTINHOS,"['eafc25', 'Português', 'tradefifa']",['ProfanityVulgarity'],False
143,2025-04-22 00:02,1102,ea-sports-fc-25,True,eLyzao,pt,EA Sports FC 25,PUGS PUGS PUGS DPS W.L ❗Nesha ❗iox +18,['Português'],[],False
143,2025-04-22 00:02,1102,ea-sports-fc-25,False,DaniloFariasFUT,pt,EA Sports FC 25,FINALIZADA (RANK 3),"['Português', 'ultimateteam', 'dicas', 'eafc25', 'tutorials', 'livestreamers', 'resenha', 'frontpagetwitch', 'TOTY', 'KingsLeague']",[],False
144,2025-04-22 00:22,603,overwatch-2,True,peachy_yumi,pt,Overwatch 2,!DROPS de cosméticos da kiri bai ze🍑 será que tem fila no estadio  - main kiri mestre 🍑,"['OW2LeSserafim', 'OW2Season15', 'OverwatchCreator', 'OW2Brasil', 'Português', 'English', 'OW2STADIUM', 'DropsAtivados']",[],False
144,2025-04-22 00:22,603,overwatch-2,False,VioletKill,pt,Overwatch 2,!DROPS || HYPE TA COMO? || !blackskull !sorteio,"['gamergirl', 'LGBTQIA', 'Português', 'giveaway', 'DropsEnabeled', 'drops', 'OW2Stadium', 'OW2Brasil', 'Woman', 'fps']",[],False
144,2025-04-22 00:22,603,overwatch-2,False,Cooruja,pt,Overwatch 2,[!DROP Faster] Cosmetico da Kiriko Free! !Sorteio PASSE na Terça! | !Passefree !Agenda !Stadium !Eternus,"['Autismo', 'TDAH', 'SafeSpace', 'Pai', 'Overwatch', 'Português', '4fun', 'OW2Season15', 'casado', 'DropsAtivados']",[],False
145,2025-04-22 00:35,720,valorant,False,SuuhS2k,pt,VALORANT,✨segundoouu✨  | !SORTEIO💜 Use Code: SUUHS2K Na Loja Do Fortnite💜 #AD (+18),['Português'],[],False
145,2025-04-22 00:35,720,valorant,True,MegeraBruna,pt,VALORANT,EU SURO! É JÉRIO! [+18] / !discord / !elo / !regras / !pix / !instagram/ !nick/ !Sorteio/ !clip/ !Sr /  !subathon,"['Português', 'valorant', 'gamergirl', 'fps', 'gamer']",[],False
145,2025-04-22 00:35,720,valorant,False,CriaPlayer,pt,VALORANT,🎃GOTHAM RP🎃 #95 PROCURA-SE... VÃO PEGAR O PAIZÃO?? #VdgPraKrlh #TropaDosDodóis !gotham  !fancam,['Português'],['ProfanityVulgarity'],False
146,2025-04-22 00:49,979,marvel-rivals,True,CahNepo,pt,Marvel Rivals,[DROPS ON] PROCURO PRO PLAYERS PRA ME CARREGAR :D !PIX !AMAZON !EXITLAG !SOCIAIS #MarvelRivalsPartner #CriadorOverwatch,"['Português', 'Brasil', 'react', 'conversa', 'Competitivo', 'IRL', 'DropsAtivados']",[],False
146,2025-04-22 00:49,979,marvel-rivals,False,Bastet,pt,Marvel Rivals,DROPS ON Celestial rumo ao Eternidade/ Season 2 SUBASTETON DIA 240 !sub !pix !sociais,"['Português', 'Marathon', 'DropsAtivados']",[],False
146,2025-04-22 00:49,979,marvel-rivals,False,ckgeek,pt,Marvel Rivals,VEM QUE O PAI TÁ ON. let's go,"['Português', 'DropsAtivados']",[],False
147,2025-04-22 04:04,941,overwatch-2,False,Katachi_____,pt,Overwatch 2,| +18 | DROPS | Grind pra terminar a season mestre hoje? SERÁ? (❁´◡`❁),"['Português', 'DropsAtivados']",['ProfanityVulgarity'],False
147,2025-04-22 04:05,941,overwatch-2,False,Cooruja,pt,Overwatch 2,[!DROP Faster] Cosmetico da Kiriko Free! !Sorteio PASSE na Terça! | !Passefree !Agenda !Stadium !Eternus,"['Autismo', 'TDAH', 'SafeSpace', 'Pai', 'Overwatch', 'Português', '4fun', 'OW2Season15', 'casado', 'DropsAtivados']",[],False
147,2025-04-22 04:05,941,overwatch-2,False,wlburnn,pt,Overwatch 2,Live até pegar champion ou acabar a season,"['Português', 'DropsAtivados']",[],False
148,2025-04-22 04:26,954,roblox,False,SophyySol,pt,ROBLOX,Volto mais tarde! 💜 !Meta !Loja !Discord !Pix,"['Português', 'English', 'Vtuber', 'LGBT', 'Trans', 'femboy', 'ragnatales', 'ravenquest']",[],False
148,2025-04-22 04:26,954,roblox,False,Roonald,pt,ROBLOX,[CPX / FORTAL RP] 24H DE LIVE ┋❗PIX ❗COMANDOS ❗ONLYFANS,"['Português', 'cpx', 'CAPITAL', 'Brasil', 'IRL']",[],False
148,2025-04-22 04:26,954,roblox,False,gladiadorbruto,pt,ROBLOX,"Iniciando nas lives, me segue?","['Português', 'robloxgames', 'roblox']",[],False
149,2025-04-22 04:44,1096,fortnite,False,morenasz_nqp,pt,Fortnite,TOP 1 BR MULHER | BALLISTIC RANKED SURREAL TOP #25,"['Fortnite', 'GirlPlayer', 'PS5LiveStream', 'ControlerGaming', 'Português']",[],False
149,2025-04-22 04:44,1096,fortnite,False,iShadowWolf_,pt,Fortnite,(+18) Livezinha Muito Doida!   ||   (❗comandos ❗metas ❗drops)   ||   (Epic Code: SHADOWOLF),['Português'],[],False
149,2025-04-22 04:44,1096,fortnite,False,kariuxaa,pt,Fortnite,🟢RERUN🟢 FORTNITE !discord !insta !tiktok !pix🟢🟢,['Português'],[],False
150,2025-04-22 08:02,1068,overwatch-2,True,apricitypt,pt,Overwatch 2,"Olhos do Allfather, não escapas nem com fumo! !clip","['Português', 'ApexLegens', 'VALORANＴ', 'counterstrike2', 'repogame', 'ＰＵＢＧ', 'English', 'spanish', 'rocketleague', 'overwatch2']",[],False
150,2025-04-22 08:02,1068,overwatch-2,False,Cooruja,pt,Overwatch 2,[!DROP Faster] Cosmetico da Kiriko Free! !Sorteio PASSE na Terça! | !Passefree !Agenda !Stadium !Eternus,"['Autismo', 'TDAH', 'SafeSpace', 'Pai', 'Overwatch', 'Português', '4fun', 'OW2Season15', 'casado', 'DropsAtivados']",[],False
150,2025-04-22 08:02,1068,overwatch-2,False,MillaBlossom,pt,Overwatch 2,gravando takes pra video novo,"['Português', 'Vtuber', 'pngtuber', 'LGBT', 'English', 'brazil', 'Vtuber', 'DropsAtivados']",[],False
151,2025-04-22 08:22,1069,marvel-rivals,False,LhamaInPijamas,pt,Marvel Rivals,(S1 GM1) (DROPS ON) MAIN TANK COLA AÍ !livepix !elomarvel !discord,"['rpg', 'casual', 'Português', 'marvelrivals', 'rivals', 'marvelrival', 'DropsAtivados']",[],False
151,2025-04-22 08:22,1069,marvel-rivals,False,ckgeek,pt,Marvel Rivals,FICA CALMO QUE DEPOIS FICA PIOR AINDA ✅RERUN✅,"['Português', 'DropsAtivados']",[],False
151,2025-04-22 08:22,1069,marvel-rivals,False,TvSerious,pt,Marvel Rivals,DROPS ON - RANKEDS! !bluestacks !giftcard !PIX #PCGamePassPartner,"['serious', 'smitebrasil', 'lgbtqia', 'Português', 'drops', 'MOBA', 'Cozy', 'cozygaming', 'Roguelike', 'Roguelite']",[],False
152,2025-04-22 08:42,736,ea-sports-fc-25,True,xGuuhGabrielx,pt,EA Sports FC 25,"Rivals Div Elite Farmando Pontos Semanais, DMEs, Packs e Resenha | DIGITE !Livepix !cliente !grupo !meta !coins","['EASPORTS', 'EAFC', 'eafc25', 'ultimateteam', 'fc25', 'fc25gameplay', 'Português', 'Paivinha29', 'Carpentieri', 'Adolfz']",[],False
152,2025-04-22 08:42,736,ea-sports-fc-25,False,oBruxoFut,pt,EA Sports FC 25,✨ A VIDA PÓS FERIADO ❗️tatica ❗️sorteio ❗️lurdinha ❗️copa,"['Português', 'muitoelegante', 'charmoso', 'bonito', 'inteligente', 'carismático', 'educado', 'proplayer', 'futebol', 'fitness']",[],False
152,2025-04-22 08:43,736,ea-sports-fc-25,False,miguelitodoarrocha,pt,EA Sports FC 25,💥Terça de RIVAIS E RUSH com a galera do chat !! Bem vindos a live do Miguelito !!,"['Português', 'Portugal', 'Competitivo', 'resenha', 'Resenhando', 'ultimateteam', 'fifa', 'EAFC', 'eafc25', 'eafcsports']",[],False
153,2025-04-22 12:02,999,ea-sports-fc-25,False,MGW_FC,pt,EA Sports FC 25,TERÇA DE RAIVAS! !pix !grupo !trade,['Português'],[],False
153,2025-04-22 12:02,999,ea-sports-fc-25,True,oBruxoFut,pt,EA Sports FC 25,✨ A VIDA PÓS FERIADO ❗️tatica ❗️sorteio ❗️lurdinha ❗️copa,"['Português', 'muitoelegante', 'charmoso', 'bonito', 'inteligente', 'carismático', 'educado', 'proplayer', 'futebol', 'fitness']",[],False
153,2025-04-22 12:02,999,ea-sports-fc-25,False,miguelitodoarrocha,pt,EA Sports FC 25,💥Terça de RIVAIS E RUSH com a galera do chat !! Bem vindos a live do Miguelito !!,"['Português', 'Portugal', 'Competitivo', 'resenha', 'Resenhando', 'ultimateteam', 'fifa', 'EAFC', 'eafc25', 'eafcsports']",[],False
154,2025-04-22 12:21,695,roblox,False,oFredizin,pt,ROBLOX,ALS // ROCK FRUIT // SECOND PIECE // ANIME RANGERS X 🪐 !kots !dc !videonovo !apoiador !kots !dc !videonovo !apoiador,"['Português', 'Anime', 'roblox', 'minecraft', 'pixelmon', 'LurkFriendly', 'gaming', 'Chatting', 'PokemonCommunityGame']",[],False
154,2025-04-22 12:21,695,roblox,True,SophyySol,pt,ROBLOX,Volto mais tarde! 💜 !Meta !Loja !Discord !Pix,"['Português', 'English', 'Vtuber', 'LGBT', 'Trans', 'femboy', 'ragnatales', 'ravenquest']",[],False
154,2025-04-22 12:21,695,roblox,False,gg_celoso,pt,ROBLOX,🔴FARMANDO NO ANIME POWER🔴,"['PC', 'Mobile', 'Ps4', 'Português', 'Xbox', 'roblox', 'stumbleguys', 'StumbleGuyslive', 'stumbleguysblockdash', 'roblox']",[],False
155,2025-04-22 12:35,866,marvel-rivals,False,Momolezinha,pt,Marvel Rivals,DROPS ON! MELHOR TOCHA HUMANA BR!🔥SIGAM SOCIAIS -> @Momolezinha |❗pix com VOZES❗analise ❗youtube,"['Português', 'Heroshooter', 'marvelrivals', 'DropsAtivados']",[],False
155,2025-04-22 12:35,866,marvel-rivals,False,ckgeek,pt,Marvel Rivals,FICA CALMO QUE DEPOIS FICA PIOR AINDA ✅RERUN✅,"['Português', 'DropsAtivados']",[],False
155,2025-04-22 12:35,866,marvel-rivals,False,EdigasZ,pt,Marvel Rivals,GAMEPLAYS no NA? EU? SA? | !tiktok !youtube,"['Português', 'DropsAtivados', 'ruim', 'troll']",[],False
156,2025-04-22 12:52,1188,sea-of-thieves,False,Tideehunters,pt,Sea of Thieves,Farm condec no Sea of thieves de leve,['Português'],[],False
156,2025-04-22 12:52,1188,sea-of-thieves,True,backzw,pt,Sea of Thieves,hg da loucura,['Português'],[],False
156,2025-04-22 12:52,1188,sea-of-thieves,False,ThaiSavarez,pt,Sea of Thieves,Tô ao vivo? Tá certo isso? || Sociais: @thaisavarez || !nuuvem !doar,"['Español', 'english', 'Português', 'Tutorial', 'divertido', 'engraçado', 'PvEPvP', 'SeaOfThievesPartner', 'seaofthieves']",[],False
157,2025-04-22 16:02,1014,valorant,False,Frantchesko_FF,pt,VALORANT,💙 🔥Farm Mecoins !farm | Jogando com Narrador  | ❗Pix | ❗Mentora |💜,"['valorant', 'Português', 'fps', 'cs', 'Freeefire', 'garena']",[],True
157,2025-04-22 16:02,1014,valorant,False,Muh_Ra,pt,VALORANT,(+18) Tamo aí na atividade!,['Português'],[],False
157,2025-04-22 16:02,1014,valorant,False,MegeraBruna,pt,VALORANT,EU SURO! É JÉRIO! [+18] / !discord / !elo / !regras / !pix / !instagram/ !nick/ !Sorteio/ !clip/ !Sr /  !subathon,"['Português', 'valorant', 'gamergirl', 'fps', 'gamer']",[],False
158,2025-04-22 16:21,627,the-sims-4,False,renatisses,pt,The Sims 4,Bora de gameplay e bate-papo? !redes !pix !discord,"['Brasil', 'Português', 'sorteio', 'thesims']",[],False
158,2025-04-22 16:21,627,the-sims-4,False,morgana_calixtogames,pt,The Sims 4,Desafio Mão leve com Ruth Araujo ✋️ ❗pix ❗steam ❗galeria ❗discord,"['Mulher', 'tag', 'gameplay', 'sonaconversa', 'Português', 'thesims4']",[],False
158,2025-04-22 16:21,627,the-sims-4,False,mikaditee,pt,The Sims 4,🐸 bora de construção da casa da nossa fi? 💼⭐,"['Português', 'PT', 'BR', 'chat', 'batepapo', 'Cozy', 'desafio', 'thesims4', 'sims4']",[],False
159,2025-04-22 16:33,628,fortnite,False,SuuhS2k,pt,Fortnite,✨JOGANDO COM O CHAT✨  | !SORTEIO💜 Use Code: SUUHS2K Na Loja Do Fortnite💜 #AD (+18),['Português'],[],False
159,2025-04-22 16:33,628,fortnite,False,DaniKrautz,pt,Fortnite,Atualização and bad hair day -❗jogar ❗nick ❗sorteio ❗pix,"['fortnite', 'jogandocomochat', 'Português', 'Mulher', 'conversa', 'reload', 'Reposição']",[],False
159,2025-04-22 16:34,628,fortnite,False,Pedro017Yt,pt,Fortnite,SUBATHOM 1º DIA + RESGATE DE VBUCKS ASSISTINDO (!LOJA),"['Português', 'Fortnite', 'Jogandocomespectadores', 'DropsEnable', 'Drops', 'reload']",[],False
160,2025-04-22 16:46,979,grand-theft-auto-v,True,CarlitoP1_,pt,Grand Theft Auto V,[CDA] Piloto Sênior QRV! Acompanhas pelo CDA ↠ Siga @carlitop1_,"['Português', 'CIDADEALTA', 'METROPOLE', 'GTARP', 'FIVEM', 'CarlitoP1', 'INTERCEPTOR', 'SPEED']",['MatureGame'],False
160,2025-04-22 16:46,979,grand-theft-auto-v,False,AmaruC2,pt,Grand Theft Auto V,🔞 NOBRE ROLEPLAY 🔥 FIVE M ⚔️ ❗ ⚖️ DELEGADO ADJUNTO DA CIVIL ❗ 😈 CIVIL X FAC? ❗ 💭 RESENHA !pix !sub !server,"['gta', 'fivem', 'nobre', 'roleplay', 'fac', 'POLICIA', 'gta5', 'gtav', 'CidadeNobre', 'SantaGroupGG']",['MatureGame'],False
160,2025-04-22 16:46,979,grand-theft-auto-v,False,eldomgames,pt,Grand Theft Auto V,(4LIFE) | !4liferp | !pix | !pc | !regras,['Português'],['MatureGame'],True
161,2025-04-22 17:04,863,ea-sports-fc-25,True,ThataGamerX,pt,EA Sports FC 25,Copa dos Streamers - Quartas | #TeamMilk&Thata #Teamlezinho às 19:30! ⚽🔥 ❗PIX ❗AcademiaFC ❗Pix,"['Português', 'girl', 'futebol', 'batepapo', 'videogame', 'EAFC', 'eafc25', 'variedades']",[],False
161,2025-04-22 17:05,863,ea-sports-fc-25,False,Sharkmacedo,pt,EA Sports FC 25,🔴[BR-PS5] [+18] ⭐5 PPs ÍDOLOS 88+ E MATA-MATA NA SHARKMACEDO ⭐⚽!LIVETWITCH E !LIVELOCO ⚽!LOJA @sharkmacedo nas redes sociais.,"['Português', 'shark', 'Futebol', 'eafc25', 'ultimateteam', 'sharkmacedo', 'fifa', 'EAFC']",[],False
161,2025-04-22 17:05,863,ea-sports-fc-25,False,IsraelPirata,pt,EA Sports FC 25,"SEMANA DE ANIVERSÁRIO, BORA BAGUNÇAR !PIX !CLUBE","['callofduty', 'warzone', 'fps', 'JogadaCasual', 'subathon', 'Português', 'English', 'RPG', 'Fortnite', 'FinalFantasy']",[],False
162,2025-04-22 20:02,1144,marvel-rivals,True,amoedo_,pt,Marvel Rivals,[DROPS] MIX dos CRIAS - !youtube !pix !discord !passegratis,"['Português', 'DropsAtivados']",[],False
162,2025-04-22 20:02,1144,marvel-rivals,False,piVini_,pt,Marvel Rivals,Marvel Rivals,"['Português', 'English', 'Russian', 'espanhol', 'DropsAtivados']",[],False
162,2025-04-22 20:03,1144,marvel-rivals,False,ckgeek,pt,Marvel Rivals,FICA CALMO QUE DEPOIS FICA PIOR AINDA ✅RERUN✅,"['Português', 'DropsAtivados']",[],False
163,2025-04-22 20:24,928,valorant,False,Frantchesko_FF,pt,VALORANT,💙 🔥Farm Mecoins !farm | Jogando com Narrador  | ❗Pix | ❗Mentora |💜,"['valorant', 'Português', 'fps', 'cs', 'Freeefire', 'garena']",[],True
163,2025-04-22 20:24,928,valorant,True,Muh_Ra,pt,VALORANT,(+18) Tamo aí na atividade!,['Português'],[],False
163,2025-04-22 20:24,928,valorant,False,PavaoPVP,pt,VALORANT,pegando imortal no vava com o @EdsonSissinho 💀,"['JogandoComOChat', 'jogos', 'Português', 'garota']",[],False
164,2025-04-22 20:42,1034,overwatch-2,False,CahNepo,pt,Overwatch 2,[DROPS ON] PROCURO PRO PLAYERS PRA ME CARREGAR :D !PIX !AMAZON !EXITLAG !SOCIAIS #MarvelRivalsPartner #CriadorOverwatch,"['Português', 'Brasil', 'react', 'conversa', 'Competitivo', 'IRL', 'DropsAtivados']",[],False
164,2025-04-22 20:42,1034,overwatch-2,False,Cooruja,pt,Overwatch 2,[!DROP Faster] 🎁5 !Lootbox FREE | Lendaria Symmetra FREE! | Tem !Sorteio PASSE HOJE! | !Passefree !Agenda,"['Autismo', 'TDAH', 'SafeSpace', 'Pai', 'Overwatch', 'Português', '4fun', 'OW2Season15', 'casado', 'DropsAtivados']",[],False
164,2025-04-22 20:42,1034,overwatch-2,False,laisvampi,pt,Overwatch 2,🔞 TA CHEGANDO MEU NIVER DE AFILIADO!!!🔞,"['Português', 'Reposição', 'DropsAtivados']",['ProfanityVulgarity'],False
165,2025-04-23 00:03,658,ea-sports-fc-25,True,tecafut66,pt,EA Sports FC 25,RIVALS / COPINHA / TECAFUT66 / EAFC /,['Português'],[],False
165,2025-04-23 00:03,658,ea-sports-fc-25,False,eLyzao,pt,EA Sports FC 25,"Muito gripado, full p com o fifinha ❗Nesha ❗iox +18",['Português'],[],False
165,2025-04-23 00:03,658,ea-sports-fc-25,False,lanezzin,pt,EA Sports FC 25,LANESÓPOLIS VOLTOU A AÇÃO!!!! | !discord !youtube !pix,"['Português', 'games', 'humor', 'entretenimento', 'EAFC', 'fc25', 'FCPro', 'eafc25', 'Futebol']",[],False
166,2025-04-23 00:16,765,fortnite,False,Pedro017Yt,pt,Fortnite,"OLÁ, VENHA RESGATE DE VBUCKS ASSISTINDO (!LOJA)","['Português', 'Fortnite', 'Jogandocomespectadores', 'DropsEnable', 'Drops', 'reload']",[],False
166,2025-04-23 00:16,765,fortnite,False,kariuxaa,pt,Fortnite,🟢RERUN🟢 FORTNITE !discord !insta !tiktok !pix🟢🟢,['Português'],[],False
166,2025-04-23 00:16,765,fortnite,False,Praxt_,pt,Fortnite,ATUALIZAÇÃO |JOGANDO COM O CHAT !jogar !sociais,"['Português', 'Fortnite', 'vbucks', 'AMA', 'PlayingwWithViewers', 'SeiosFartos', 'regras', 'LGBT', 'ＬＯＬ', 'LiveFamilia']",[],False
167,2025-04-23 00:32,1047,sea-of-thieves,False,jameszinha,pt,Sea of Thieves,VASCO  - !pix !donate,['Português'],[],False
167,2025-04-23 00:32,1047,sea-of-thieves,False,vnzrj,pt,Sea of Thieves,Passa Tempo... | !comandos | !discord🟢,"['Valorant', 'FPS', 'BR', 'Português']",[],False
167,2025-04-23 00:32,1047,sea-of-thieves,False,ofernandomaidana,pt,Sea of Thieves,☠️ LIVE SURPRESA PRA SURPREENDER ⚓ !cmd !playlist,"['Português', 'seaofthieves', 'pirata', 'SongRequests', 'songrequest', 'SeaOfThievesPartner', 'SeaofThievesgameplay', 'English']",[],False
168,2025-04-23 00:51,827,the-sims-4,True,Barbosa_isaaaa,pt,The Sims 4,mulher jogano the sims,"['Português', 'Mulher', 'conversa', 'sonaconversa', 'Reposição', 'games', 'jogos']",[],True
168,2025-04-23 00:52,827,the-sims-4,False,evansimss,pt,The Sims 4,DIA DE CONSTRUÇÃO! VEM,"['thesims', 'gay', 'gameplay', 'notsoberry', 'Português']",[],True
168,2025-04-23 00:52,827,the-sims-4,False,IMari26D,pt,The Sims 4,[PS4]  du neida 3 filhos,['Português'],[],False
169,2025-04-23 01:08,620,marvel-rivals,False,amoedo_,pt,Marvel Rivals,[DROPS] Ranked NA - !youtube !pix !discord !passegratis,"['Português', 'DropsAtivados']",[],False
169,2025-04-23 01:08,620,marvel-rivals,True,jaimeleef,pt,Marvel Rivals,Um noite de vitoria ou derrota?,"['Português', 'Anime', 'DropsAtivados']",[],False
169,2025-04-23 01:08,620,marvel-rivals,False,ckgeek,pt,Marvel Rivals,"CHEGUEI, VEM QUE O PAI TA ON!","['Português', 'DropsAtivados']",[],False
170,2025-04-23 04:01,641,minecraft,False,ZAKl1k,pt,Minecraft,🟢 MINECRAFT | ⭐ GANHE ASSISTINDO | 🌟 REESTOQUE DIA 10 ou 16 às 18h | !loja !points !prime !sub,"['Português', 'Minecraft']",[],False
170,2025-04-23 04:01,641,minecraft,False,EiMine77,pt,Minecraft,✅ RECOMPENSAS ON! | ⭐ SEJA RÁPIDO E GANHE UMA CAPA DE GRAÇA: !CAPA | 💘 INSTAGRAM: @EIMINE77 | !ajuda !rerun !sub !subgratis !loja,"['Minecraft', 'EiMine', 'Português']",[],False
170,2025-04-23 04:01,641,minecraft,False,Pina,pt,Minecraft,"DIA 10 PINATHON 🔥1R$ = 30 segundos !PIXATHON | USE CODE ""PINAFN"" #ad | !boost !insta !mapa !clip !pix",['Português'],[],False
171,2025-04-23 04:14,843,overwatch-2,False,Katachi_____,pt,Overwatch 2,| +18 | DROPS | Season nova YUPIIIIII (❁´◡`❁) !drops,"['Português', 'DropsAtivados']",['ProfanityVulgarity'],False
171,2025-04-23 04:14,843,overwatch-2,True,Cooruja,pt,Overwatch 2,[!DROP Faster] 🎁5 !Lootbox FREE | Lendaria Symmetra FREE! | Tem !Sorteio PASSE HOJE! | !Passefree !Agenda,"['Autismo', 'TDAH', 'SafeSpace', 'Pai', 'Overwatch', 'Português', '4fun', 'OW2Season15', 'casado', 'DropsAtivados']",[],False
171,2025-04-23 04:14,843,overwatch-2,False,VioletKill,pt,Overwatch 2,!DROPS || SEASON 16 FULL HYPE || !blackskull !sorteio !rerun,"['gamergirl', 'LGBTQIA', 'Português', 'giveaway', 'DropsEnabeled', 'drops', 'OW2Stadium', 'OW2Brasil', 'Woman', 'fps']",[],False
172,2025-04-23 04:31,1184,the-sims-4,False,LucyL,en,The Sims 4,FALLOUT VAULT IN SIMS! ~ SIMS LEGACY CHALLENGE GEN 6 ~ CODE LUCY! #ad | !socials !wishlist 🌈 [AUS] 🍉 !STRIKE,"['English', 'NeatDude', 'LGBTQIAPlus', 'ADHD', 'legacychallenge']",[],False
172,2025-04-23 04:31,1184,the-sims-4,True,essietoday,en,The Sims 4,hunting for baby daddies (in game) !charity 🦘🐨,"['English', 'CozyGamer', 'JustChatting', 'AchievementHunter']",[],False
172,2025-04-23 04:31,1184,the-sims-4,False,ORRsumn,en,The Sims 4,#TAVIADENISE || APRIL SUB GOAL 486/600 || !LURK !HUG,"['ORRSUMN', 'PHARAOH', 'RAOHVALLEY', 'English']",[],False
173,2025-04-23 04:53,1184,fortnite,False,NYKAGAMER_,pt,Fortnite,BOLA❗️code ❗️LIVEPIX ❗️Onlyfans ❗️Comandos ❗️Discord ❗️Clip,"['Fortnite', 'Português', 'Mulher', 'brasil', 'Español', '한국어', 'Русский', '漢語', 'ภาษาไทย', '日本語']",[],False
173,2025-04-23 04:53,1184,fortnite,True,iShadowWolf_,pt,Fortnite,(+18) Livezinha Muito Doida!   ||   (❗comandos ❗metas ❗drops)   ||   (Epic Code: SHADOWOLF),['Português'],[],False
173,2025-04-23 04:53,1184,fortnite,False,kariuxaa,pt,Fortnite,🟢RERUN🟢 FORTNITE !discord !insta !tiktok !pix🟢🟢,['Português'],[],False
174,2025-04-23 08:02,829,ea-sports-fc-25,True,oBruxoFut,pt,EA Sports FC 25,✨ JUNTANDO INFINITOS PACKS E MATA-MATA NO RUMO AO BRUXO ❗️tatica ❗️sorteio ❗️lurdinha ❗️copa,"['Português', 'muitoelegante', 'charmoso', 'bonito', 'inteligente', 'carismático', 'educado', 'proplayer', 'futebol', 'fitness']",[],False
174,2025-04-23 08:02,829,ea-sports-fc-25,False,salomonif,pt,EA Sports FC 25,🟢Café com Salo = Respondo Chat - !voz -  [PT/EN/ES]🟢,"['futebol', 'resenha', 'FIFA', 'spanish', 'eafc24', 'EAFC', 'eafc25', 'EAFC', 'Português']",[],False
174,2025-04-23 08:02,829,ea-sports-fc-25,False,MedeirosJorge,pt,EA Sports FC 25,EA Sports FC 25,['Português'],[],True
175,2025-04-23 08:18,836,grand-theft-auto-v,False,Cafe_Barao,pt,Grand Theft Auto V,[Unica RP] Monkey man/ Cafe Novidades & Game Play !!! So na conversa...❗livepix ❗Pix ❗discord ❗city,"['deltaforcecreatorhub', 'conterstrike2', 'drops', 'Drop', 'Português', 'gta', 'ＧTA5', 'gtavrproleplay', 'gtandTheftAutoV', 'coderp']",['MatureGame'],False
175,2025-04-23 08:18,836,grand-theft-auto-v,False,RyanFeer,pt,Grand Theft Auto V,Tem Uma Terça na Quarta Feira,"['Português', 'CDA', 'gta', 'fivem', 'RP', 'PvP', 'metropole', 'cpx', 'CAPITAL', 'ProdigyRP']",['MatureGame'],False
175,2025-04-23 08:19,836,grand-theft-auto-v,False,iaethifany,pt,Grand Theft Auto V,"+18 | TU VIU, TU VIU? - !pix !discord !pc  !tiktok !insta @metropolegg","['GTARP', 'Português', 'metroville', 'metropole', 'LOUD', 'gothamcity']",['MatureGame'],False
176,2025-04-23 08:35,693,roblox,False,FatalityPCM,pt,ROBLOX,RERUN🟢BLOXFRUITS🟢 GAME PLAY CANSADA E FALIDA🟢LIVE GRAVADA,"['Português', 'Brasil', 'gameplay', 'MMORPG', 'LATAM', 'English', 'bloxfruits', 'robux', 'robloxgames', 'Español']",[],False
176,2025-04-23 08:35,693,roblox,False,srEly,pt,ROBLOX,tower defense do bob esponja | -> !metas !pix !alertas !yt #ShirtMySurvivor,"['Português', 'idoso', 'livesucata', 'chill', 'asmr', 'vlr', 'dbd']",[],False
176,2025-04-23 08:35,693,roblox,False,DeiwidTV24H,pt,ROBLOX,Rerun: Maratona Gamer: Desafios Épicos e Diversão Sem Fim! 🎮🔥,"['Português', 'English', 'gameplay', 'dicas', 'Reposição', 'roblox', 'robloxgames']",[],False
177,2025-04-23 08:48,1126,league-of-legends,True,hastad,pt,League of Legends,[BR] hastad - soloQ - D1,"['Challenger', 'Português', 'Vayne']",[],False
177,2025-04-23 08:48,1126,league-of-legends,False,Mihira_a,pt,League of Legends,"🚨 🚨 Subathaaaaaaaaaaaaaaaaaaaaaaaaaas🚨 🚨 1 sub( 8min), R$ 1 (3min), 100 bits(5min)  | !comandos !sonoros !pix","['soloq', 'lolzinho', 'girlgamer', 'Português', 'jungler']",['ProfanityVulgarity'],False
177,2025-04-23 08:48,1126,league-of-legends,False,YoDa,pt,League of Legends,BOMDIA - RETA FINAL FOCO,['Português'],[],False
178,2025-04-23 09:09,674,valorant,True,Larxfps,pt,VALORANT,🎀 RERUN FARM PONTOS🎀 SORTEIO DE VP 🎀LURK TBM FORTALECE!🎀 BOM DIA  @larxfps !livepix !insta !steam !passe,"['Português', 'Mulher', 'fps', 'Ranked', 'ragegirl', 'Marathon']",['ProfanityVulgarity'],False
178,2025-04-23 09:09,674,valorant,False,lulavlr,pt,VALORANT,!CENARIO / MELHOR CHAMBER DO MUNDO NAS RANKEDS |❗tipspace❗monitor❗pix,"['Português', 'valorant', 'chamber', 'TryhardGameplay']",[],False
178,2025-04-23 09:09,674,valorant,False,raeVosa,pt,VALORANT,Criadora de conteúdo para elos baixos | !discord !raiva !pix !errou para ults,['Português'],[],False
179,2025-04-23 12:02,896,valorant,False,Frantchesko_FF,pt,VALORANT,💙 🔥Farm Mecoins !farm | Jogando com Narrador  | ❗Pix | ❗Mentora |💜,"['valorant', 'Português', 'fps', 'cs', 'Freeefire', 'garena']",[],True
179,2025-04-23 12:02,896,valorant,False,lulavlr,pt,VALORANT,!CENARIO / MELHOR CHAMBER DO MUNDO NAS RANKEDS |❗tipspace❗monitor❗pix,"['Português', 'valorant', 'chamber', 'TryhardGameplay']",[],False
179,2025-04-23 12:02,896,valorant,False,TcK10,pt,VALORANT,"C9 TCKU DEBILITADO, MACHUCADO E DE TATUAGEM NOVA - CONFIANTE 100% 🏆 !GROWTH 🏆!SUPERBET🏆 SIGA EM @TcK10","['melhordomundo', 'radiante', 'incrível', 'valorant', 'Português']",[],False
180,2025-04-23 12:19,895,ea-sports-fc-25,False,MGW_FC,pt,EA Sports FC 25,TERÇA DE RAIVAS! !pix !grupo !trade,['Português'],[],False
180,2025-04-23 12:19,895,ea-sports-fc-25,True,oBruxoFut,pt,EA Sports FC 25,✨ JUNTANDO INFINITOS PACKS E MATA-MATA NO RUMO AO BRUXO ❗️tatica ❗️sorteio ❗️lurdinha ❗️copa,"['Português', 'muitoelegante', 'charmoso', 'bonito', 'inteligente', 'carismático', 'educado', 'proplayer', 'futebol', 'fitness']",[],False
180,2025-04-23 12:19,895,ea-sports-fc-25,False,miguelitodoarrocha,pt,EA Sports FC 25,💥juntando varios packs!! e vamos de rivais em busca dos 35 pontos! bem vindos a live do Miguelito,"['Português', 'Portugal', 'Competitivo', 'resenha', 'Resenhando', 'ultimateteam', 'fifa', 'EAFC', 'eafc25', 'eafcsports']",[],False
181,2025-04-23 12:36,692,fortnite,False,leleul1ve,pt,Fortnite,"->VOLTEMO, NÃO GOSTOU? COMPRA UMA FICHA E ENTRA CONTRA... COLAAAA ❤️  #Comandos !pular  !pix !Donate ⚠️",['Português'],[],True
181,2025-04-23 12:36,692,fortnite,False,aatonz,pt,Fortnite,"!!HEY PIRATE!! Ae QuARToU!! Ultimo dia de MEGA DEPOSITOS, FORTES e BIGODES!! Amanhã tem atualização S15.3 VAMOKEREE!! Bom Dia!!","['casual', 'engraçado', 'pirata', 'English', 'Português', 'Yoda', 'Gaules', 'giveaway', 'alanzoka']",[],False
181,2025-04-23 12:37,692,fortnite,False,kariuxaa,pt,Fortnite,🟢RERUN🟢 FORTNITE !discord !insta !tiktok !pix🟢🟢,['Português'],[],False
182,2025-04-23 12:50,1046,grand-theft-auto-v,True,eldomgames,pt,Grand Theft Auto V,(4LIFE) | !4liferp | !pix | !pc | !regras,['Português'],['MatureGame'],True
182,2025-04-23 12:50,1046,grand-theft-auto-v,False,CarlitoP1_,pt,Grand Theft Auto V,[CDA] Piloto Sênior QRV! Acompanhas no CDA ↠ Siga @carlitop1_,"['Português', 'CIDADEALTA', 'METROPOLE', 'GTARP', 'FIVEM', 'CarlitoP1', 'INTERCEPTOR', 'SPEED']",['MatureGame'],False
182,2025-04-23 12:50,1046,grand-theft-auto-v,False,yaasdishavaofc,pt,Grand Theft Auto V,(+18) Lado Leste  /   Todos pobres ? GERENTE da Nevaska ON / CODIGUIN ❗pix ❗cdd ❗dc ❗pc ❗hl ❗insta ❗ttk,"['GTARPLIVE', 'cpx', 'capitalcity', 'LadoLesteRP', 'ptbr', 'fivem', 'Português', 'desempregada', 'Desempregado', 'metropolegg']",['MatureGame'],False
183,2025-04-23 13:10,851,marvel-rivals,False,Momolezinha,pt,Marvel Rivals,DROPS ON! MELHOR TOCHA HUMANA BR!🔥SIGAM SOCIAIS -> @Momolezinha |❗pix com VOZES❗analise ❗youtube,"['Português', 'Heroshooter', 'marvelrivals', 'DropsAtivados']",[],False
183,2025-04-23 13:10,851,marvel-rivals,False,Sasazinhaw,pt,Marvel Rivals,DROPS ON - rankeds marvel e ow - !Nuuvem  !ExitLag !Kaspersky,"['Dropshabilitados', 'MMORPG', 'chill', 'Português', 'ptbr', 'OverwatchCreators', 'marvelrivals', 'Variedade', 'MarvelRivalsCreator', 'DropsAtivados']",[],True
183,2025-04-23 13:10,851,marvel-rivals,False,ckgeek,pt,Marvel Rivals,"EM TERRA DE SACI, TODO CHUTE É VOADORA ✅RERUN✅","['Português', 'DropsAtivados']",[],False
184,2025-04-23 20:01,1101,valorant,False,SuuhS2k,pt,VALORANT,✨Opa bao?✨  | !SORTEIO💜 Use Code: SUUHS2K Na Loja Do Fortnite💜 #AD (+18),['Português'],[],False
184,2025-04-23 20:01,1101,valorant,True,ferrinhoooo,pt,VALORANT,CAMPEONATO SMART ELETRON VALORANT DAY 2   CLUBE DO BOLINHA ⚔ x 🛡 GB E AMIGOS - FRACTURE,"['Português', 'musica']",[],False
184,2025-04-23 20:01,1101,valorant,False,julinhazsz,pt,VALORANT,droga eh a julinhazsz | !pix !elo !mmr,"['Português', 'English', 'VALORANＴ']",[],False
185,2025-04-23 20:22,718,overwatch-2,False,CahNepo,pt,Overwatch 2,[DROPS ON] PROCURO PRO PLAYERS PRA ME CARREGAR :D !PIX !AMAZON !EXITLAG !SOCIAIS #MarvelRivalsPartner #CriadorOverwatch,"['Português', 'Brasil', 'react', 'conversa', 'Competitivo', 'IRL', 'DropsAtivados']",[],False
185,2025-04-23 20:22,718,overwatch-2,False,peachy_yumi,pt,Overwatch 2,!DROPS 🍑 AAAAAA DOKIWATCH SKINS NOVAS MODO NOVO 🍑 - mestre main kiri,"['OW2LeSserafim', 'OW2Season15', 'OverwatchCreator', 'OW2Brasil', 'Português', 'English', 'OW2STADIUM', 'DropsAtivados']",[],False
185,2025-04-23 20:22,718,overwatch-2,False,Cooruja,pt,Overwatch 2,[!DROP Faster] 🎁5 !Lootbox FREE | Lendaria Symmetra FREE! | Tem !Sorteio PASSE HOJE! | !Passefree !Agenda !Eternus,"['Autismo', 'TDAH', 'SafeSpace', 'Pai', 'Overwatch', 'Português', '4fun', 'OW2Season15', 'casado', 'DropsAtivados']",[],False
186,2025-04-23 20:36,905,grand-theft-auto-v,True,Karentena,pt,Grand Theft Auto V,[CPX] TO NHENHENHEM!┋❗pix ❗subathon,"['Português', 'rp', 'gtav', 'complexo', 'jogos', 'LGBT', 'liveruim', 'acolhedor', 'aconchegante', 'fivem']","['MatureGame', 'ProfanityVulgarity']",False
186,2025-04-23 20:36,905,grand-theft-auto-v,False,CriaPlayer,pt,Grand Theft Auto V,🎃GOTHAM RP🎃 #97 A CONFIANÇA É UMA MULHER INGRATA!! #VdgPraKrlh #TropaDosDodóis !gotham  !fancam,['Português'],"['MatureGame', 'ProfanityVulgarity']",False
186,2025-04-23 20:37,905,grand-theft-auto-v,False,yunizinhafps,pt,Grand Theft Auto V,💜👑💥+18 RP / Ninguem nunca me para [UV RP] [COMANDO] EP6  ❗UVRP ❗LIVEPIX ❗DISCORDYUNI,"['Português', 'coringarp', 'GTARPLIVE', 'datenarp', 'gtavrproleplay', 'ＧTA5', 'gtandTheftAutoV', 'ComplexoRP', 'redbeiramar', 'paulinhooloko']",['MatureGame'],False
187,2025-04-23 20:54,837,league-of-legends,False,leticiagalvaovet,pt,League of Legends,Liga das Lendias! | !pix | !sr | !jogão | !playlist,"['gamer', 'game', 'gaming', 'gamergirl', 'GamesAndChatting', 'brasil', 'gameplaylive', 'justforfun', 'leagueoflegends', 'riotgames']",[],True
187,2025-04-23 20:54,837,league-of-legends,False,Akrinuss,pt,League of Legends,!privacy - DICAS p subir de elo l Mestre !cortes !duo !analise !abt !facinho,"['Português', 'Reposição']",[],False
187,2025-04-23 20:54,837,league-of-legends,False,tyyblackthorn,pt,League of Legends,SoloQ Aphelios | !meta !pix,"['Português', 'LGBT', 'Gay', 'Aphelios', 'Hwei', 'Depressão', 'TDAH']",[],False
188,2025-04-24 00:09,825,league-of-legends,False,arch1vesfps,pt,League of Legends,RERUN 🔥,"['en', 'cs2', 'Português']",[],False
188,2025-04-24 00:09,825,league-of-legends,True,a_sennan,pt,League of Legends,(+18) Nas QUARTAS USAMOS ROSA e somos felizes ! Pyna e Perde !redes !pix !asenna !verificado,"['Português', 'asenna', 'pedintevirtual', 'LGBT', 'mulhergamer', 'mulheresnatwitch', 'subathon', 'meninasgamers', 'gamergi']",['ProfanityVulgarity'],False
188,2025-04-24 00:09,825,league-of-legends,False,tyyblackthorn,pt,League of Legends,SoloQ Aphelios | !meta !pix,"['Português', 'LGBT', 'Gay', 'Aphelios', 'Hwei', 'Depressão', 'TDAH']",[],False
189,2025-04-24 00:25,1107,overwatch-2,True,peachy_yumi,pt,Overwatch 2,!DROPS 🍑 AAAAAA DOKIWATCH SKINS NOVAS MODO NOVO 🍑 - mestre main kiri,"['OW2LeSserafim', 'OW2Season15', 'OverwatchCreator', 'OW2Brasil', 'Português', 'English', 'OW2STADIUM', 'DropsAtivados']",[],False
189,2025-04-24 00:25,1107,overwatch-2,False,Cooruja,pt,Overwatch 2,[!DROP Faster] 🎁5 !Lootbox FREE | Lendaria Symmetra FREE! | Tem !Sorteio PASSE HOJE! | !Passefree !Agenda !Stadium,"['Autismo', 'TDAH', 'SafeSpace', 'Pai', 'Overwatch', 'Português', '4fun', 'casado', 'DropsAtivados', 'OWSeason16']",[],False
189,2025-04-24 00:25,1107,overwatch-2,False,viniciusstocker,pt,Overwatch 2,[DROPS ON] Achou que não ia ter live né? Ajurda na meta 10 subs/2 mil beatles! 🥳 !milk !leklek !natal !pix !clip,"['xbox', 'Português', 'console', 'XboxSeriesSX', 'campanha', 'Coop', 'modohistoria', 'amigos', 'PlayStation', 'deadbbydaylight']",['ProfanityVulgarity'],False
190,2025-04-24 00:46,603,sea-of-thieves,False,raychemyst,pt,Sea of Thieves,ola babyes @thegoldenteamofc,"['Português', 'gamesstreamer', 'gamer', 'aventuras', 'Brasileiro', 'seaofthieves']",[],False
190,2025-04-24 00:46,603,sea-of-thieves,True,Rodriguez_HD,pt,Sea of Thieves,"PTPT | NOVA NOITE, NOVA STREAM, NOVA MADRUGZZZZ !!! SIMULADOR NOVO E REACTS","['deceit', 'games', 'reacts', 'rodriguez', 'Português', 'karts', 'Portugal']",[],False
190,2025-04-24 00:46,603,sea-of-thieves,False,kittycinna_,pt,Sea of Thieves,ʕ•́ᴥ•̀ʔっ |  🍓  - UMA GARRAFA DE RUM? - SEA OF THIEVES - CHILL/RELAX  |  ⊂ʕ•́ᴥ•̀ʔ  |,"['Português', 'COZY', 'chilll', 'Relax', 'Loーfi']",[],False
191,2025-04-24 00:58,1048,minecraft,True,mkzerabs,pt,Minecraft,PRIMEIRAMENTE BOA NOITE,"['Brasil', 'Conversação', 'Português', 'mkzera', 'mkalcinha', 'brawlstars', 'Strategy', 'Streampartner', 'ARPG', 'RPG']",[],False
191,2025-04-24 00:58,1048,minecraft,False,EiMine77,pt,Minecraft,✅ RECOMPENSAS ON! | ⭐ SEJA RÁPIDO E GANHE UMA CAPA DE GRAÇA: !CAPA | 💘 INSTAGRAM: @EIMINE77 | !ajuda !rerun !sub !subgratis !loja,"['Minecraft', 'EiMine', 'Português']",[],False
191,2025-04-24 00:58,1048,minecraft,False,guigaaslol,pt,Minecraft,🔴 CONVERSANDO |❗points❗loja ❗subgratis,['Português'],[],False
192,2025-04-24 01:17,994,ea-sports-fc-25,False,lenonbruxo96,pt,EA Sports FC 25,"REACT DO MEU FORTALEZA , DEPOIS RIVALS- ! !cliente !coach !livepix !tatica",['Português'],[],False
192,2025-04-24 01:17,994,ea-sports-fc-25,True,tecafut66,pt,EA Sports FC 25,RIVALS / MATA-MATA / TECAFUT66 / EAFC,['Português'],[],False
192,2025-04-24 01:18,994,ea-sports-fc-25,False,eLyzao,pt,EA Sports FC 25,PERDENDO 5 ANOS DE VIDA NO RIVALS * DIV ELITE *  GOLL DE OURO  ❗Nesha ❗iox +18,['Português'],[],False
193,2025-04-24 04:01,700,ea-sports-fc-25,True,lenonbruxo96,pt,EA Sports FC 25,RUMO A ELITE + PREMIACOES DO RIVALS ! !cliente !coach !livepix !tatica,['Português'],[],False
193,2025-04-24 04:01,700,ea-sports-fc-25,False,xGuuhGabrielx,pt,EA Sports FC 25,"Divisão Elite no Rivals, Farm Diário, Temporada Nova Hoje, DMEs, Packs e Resenha | DIGITE !Livepix !cliente !grupo !meta !coins","['EASPORTS', 'EAFC', 'eafc25', 'ultimateteam', 'fc25', 'fc25gameplay', 'Português', 'Paivinha29', 'Carpentieri', 'Adolfz']",[],False
193,2025-04-24 04:01,700,ea-sports-fc-25,False,Daviizaoo,pt,EA Sports FC 25,HYPE DAS 4 DA MANHÃ + TEMPORADA NOVA + PEGANDO PONTOS NO RIVALS !yt !livepix !4213,"['Português', 'fifenzo', 'paivinha29', 'eafc24', 'ultimateteam', 'marvelrivals', 'eafc25']",[],False
194,2025-04-24 04:15,802,league-of-legends,True,tiemis,pt,League of Legends,boa noite!! <3 !insta !pix,"['Portugues', 'games', 'portuguese', 'Português']",[],False
194,2025-04-24 04:15,802,league-of-legends,False,arch1vesfps,pt,League of Legends,RERUN 🔥,"['en', 'cs2', 'Português']",[],False
194,2025-04-24 04:15,802,league-of-legends,False,AngryS_,pt,League of Legends,Boa noitinha 😌 | ❗elo ❗msg ❗pix ❗bits ❗sub ❗social,"['leagueoflegends', 'lol', 'League', 'ARAM', 'Ranked', 'suporte', 'SoloQ', 'Português']",[],False
195,2025-04-24 04:31,984,overwatch-2,False,VioletKill,pt,Overwatch 2,!DROPS || SEASON 16 FULL HYPE || !blackskull !sorteio !overclock,"['gamergirl', 'LGBTQIA', 'Português', 'giveaway', 'DropsEnabeled', 'drops', 'OW2Stadium', 'OW2Brasil', 'Woman', 'fps']",[],False
195,2025-04-24 04:31,984,overwatch-2,False,Cooruja,pt,Overwatch 2,[!DROP Faster] 🎁5 !Lootbox FREE | Lendaria Symmetra FREE! | Tem !Sorteio PASSE HOJE! | !Passefree !Agenda !Stadium,"['Autismo', 'TDAH', 'SafeSpace', 'Pai', 'Overwatch', 'Português', '4fun', 'casado', 'DropsAtivados', 'OWSeason16']",[],False
195,2025-04-24 04:32,984,overwatch-2,False,EriclesSavio10,pt,Overwatch 2,442 I (drops on) temporada e evento novos❗btag ❗addmarvel❗sorteio ❗comandos,"['Português', 'fps', 'youtube', 'PlayStation', 'Overｗatch2', 'games', 'gameplay', 'marvelrivals', 'marvel', 'DropsAtivados']",[],False
196,2025-04-24 08:01,754,counter-strike,False,GOIAMO,pt,Counter-Strike,"Ame sua família, respeite o próximo e sempre confie em Deus🙏🏻!msg !pix !clip !nesha @gamersclubcs",['Português'],['MatureGame'],False
196,2025-04-24 08:01,754,counter-strike,False,YoutuPlayy,pt,Counter-Strike,(PT/ING) | VCS SÃO LINDES | !CCHAT e !COMMANDS |,"['Português', 'Portugal', 'Açores', 'DoenteCrónico', 'DoençaRara']","['MatureGame', 'ProfanityVulgarity']",False
196,2025-04-24 08:01,754,counter-strike,False,BrunoBalloni,pt,Counter-Strike,🔴RERUN!!! -> ❗regraloja❗farm ❗sub ❗msg ❗loja,"['Português', 'fps', 'Brasil', 'counterstrike', 'cs', 'cs2', 'brazil']",['MatureGame'],False
197,2025-04-24 08:16,973,marvel-rivals,False,LhamaInPijamas,pt,Marvel Rivals,(S1 GM1) (DROPS ON) MAIN TANK COLA AÍ !livepix !elomarvel !discord,"['rpg', 'casual', 'Português', 'marvelrivals', 'rivals', 'marvelrival', 'DropsAtivados']",[],False
197,2025-04-24 08:16,973,marvel-rivals,False,ckgeek,pt,Marvel Rivals,"O NÃO VOCÊ JÁ TEM, VÁ ATRÁS DA HUMILHAÇÃO! ✅RERUN✅ SEXTA AS 23:00 TO DE VOLTA TROPA!","['Português', 'DropsAtivados']",[],False
197,2025-04-24 08:16,973,marvel-rivals,False,TvSerious,pt,Marvel Rivals,drops ON! Diamante Hoje? !bluestacks !giftcard !PIX #PCGamePassPartner,"['serious', 'smitebrasil', 'lgbtqia', 'Português', 'drops', 'MOBA', 'Cozy', 'cozygaming', 'Roguelike', 'Roguelite']",[],False
198,2025-04-24 08:35,1129,fortnite,False,kariuxaa,pt,Fortnite,🟢RERUN🟢 FORTNITE !discord !insta !tiktok !pix🟢🟢,['Português'],[],False
198,2025-04-24 08:35,1129,fortnite,True,gabryelCwB,pt,Fortnite,🟢REPRISE🟢Lobby do abalo 🟢💨💥 LOJA  2XSUBS !loja💥 !regras !tiktok,['Português'],[],False
198,2025-04-24 08:35,1129,fortnite,False,maahmurollo,pt,Fortnite,Jogando e conversando ❤️🔥 ❗sr ❗JOGAR ❗LOJA    MUROLLO #ad,"['estrategia', 'ação', 'Português', 'Fortnite', 'fps', 'Reposição']",[],True
199,2025-04-24 12:02,952,counter-strike,True,LYRAFPS,pt,Counter-Strike,Rankeds pro level 20/21 - @gamersclubcs ❗COMANDOS ❗Insane,"['Português', 'gamestreaming', 'counterstrike2', 'CS2', 'gamersclub']",['MatureGame'],False
199,2025-04-24 12:02,952,counter-strike,False,BrunoBalloni,pt,Counter-Strike,🔴RERUN!!! -> ❗regraloja❗farm ❗sub ❗msg ❗loja,"['Português', 'fps', 'Brasil', 'counterstrike', 'cs', 'cs2', 'brazil']",['MatureGame'],False
199,2025-04-24 12:02,952,counter-strike,False,VampiraFPS,pt,Counter-Strike,SORTEIO HOJE @faceittv - LIVE de seg  <3   sex 11h !foco !PRESENTE !rifa !sorteio,"['CSGO', 'fps', 'GIRL', 'GAMERGIRL', 'GamersClub', 'GC', 'NovaGG', 'Português', 'faceit', 'Reposição']",['MatureGame'],False
200,2025-04-24 12:21,830,league-of-legends,True,leleylol1,pt,League of Legends,MONO JHIN CHALL 🔥,['Português'],[],False
200,2025-04-24 12:21,830,league-of-legends,False,YoDa,pt,League of Legends,BOMDIA - RETA FINAL FOCO,['Português'],[],False
200,2025-04-24 12:21,830,league-of-legends,False,maluliis,pt,League of Legends,"⁎⁺✧ SUP DIAMANTE 🌺🌻!caneca, !loja, !sub, !comandos, !sociais","['Português', 'chill']",[],False
201,2025-04-24 12:37,789,overwatch-2,False,Cooruja,pt,Overwatch 2,[!DROP Faster] 🎁5 !Lootbox FREE | Lendaria Symmetra FREE! | Tem !Sorteio PASSE HOJE! | !Passefree !Agenda !Stadium,"['Autismo', 'TDAH', 'SafeSpace', 'Pai', 'Overwatch', 'Português', '4fun', 'casado', 'DropsAtivados', 'OWSeason16']",[],False
201,2025-04-24 12:37,789,overwatch-2,True,Sasazinhaw,pt,Overwatch 2,DROPS ON - Estádiossss - !Nuuvem  !ExitLag !Kaspersky,"['Dropshabilitados', 'MMORPG', 'chill', 'Português', 'ptbr', 'OverwatchCreators', 'marvelrivals', 'Variedade', 'MarvelRivalsCreator', 'DropsAtivados']",[],True
201,2025-04-24 12:37,789,overwatch-2,False,a_kitsunee,pt,Overwatch 2,[+18] [PT/EN] [PC]🌸Bom dia meus amores!🌸🎀 !comandos !tinder !love !hate !namoro !avoid🎀 Bebam agua!,"['Português', 'Inglês', 'casualplay', 'Mulher', 'girlgamers', 'Kirikomain', 'DropsAtivados']",[],False
202,2025-04-24 16:03,926,sea-of-thieves,True,ThaiSavarez,pt,Sea of Thieves,ATUALIZAÇÃO || Sociais: @thaisavarez || !nuuvem !doar,"['Español', 'english', 'Português', 'Tutorial', 'divertido', 'engraçado', 'PvEPvP', 'SeaOfThievesPartner', 'seaofthieves']",[],False
202,2025-04-24 16:03,926,sea-of-thieves,False,MatGomesz,pt,Sea of Thieves,Amanhã tamo mais véio! Atualizações SOT | SUBATHON - 08/05 |❗olivia | Epic CODE: MatGomesz #ad |❗noping ❗lendasdomar,"['PvP', 'PvE', 'Aventura', 'Survival', 'Português', 'Coop', 'Xbox', 'PS5', 'Trocação', 'Heroshooter']",[],False
202,2025-04-24 16:03,926,sea-of-thieves,False,king0maior,pt,Sea of Thieves,Sea of FUN!!!! !date !sexy !discord,"['portugal', 'english', 'crazy', 'FATHER', 'Português', 'Netherlands', 'Seaoftheives', 'Brasil', 'English']",[],False
203,2025-04-24 16:21,662,league-of-legends,True,pafunciiaa,pt,League of Legends,Em busca do esmeralda antes da season acabar! ☠️,"['Português', 'Mulher']",[],False
203,2025-04-24 16:21,662,league-of-legends,False,Akrinuss,pt,League of Legends,!privacy - DICAS p subir de elo l Mestre !cortes !duo !analise !abt !facinho,"['Português', 'Reposição']",[],False
203,2025-04-24 16:21,662,league-of-legends,False,lunacaille,pt,League of Legends,"(+18) ARAM com view  l APRENDENDO A JOGAR TOP  l  1,00 = uma música l 10,00 escolhe o champ l !comando !pix  !insta !tiktok !youtube","['leagueoflegends', 'gotica', 'gamergirls', 'pix', 'Português', 'MONOTOP', 'MONOVLAD', 'Toplane']",[],True
204,2025-04-24 16:34,1155,valorant,True,cawerzita,pt,VALORANT,competitivo sem estresse 🌸,"['valorant', 'Português', 'Mulher']",[],False
204,2025-04-24 16:34,1155,valorant,False,Manndyl,pt,VALORANT,FIM DO SUBATHON?? !10,"['Português', 'Gestante', 'Indígena', 'Nortista']",['ProfanityVulgarity'],False
204,2025-04-24 16:34,1155,valorant,False,TcK10,pt,VALORANT,C9 E MIBR JOGAM HOJE - VCT AMÉRICAS🏆 !GROWTH 🏆 SIGA EM @TcK10,"['melhordomundo', 'radiante', 'incrível', 'valorant', 'Português']",[],False
205,2025-04-24 16:56,1165,ea-sports-fc-25,True,ThataGamerX,pt,EA Sports FC 25,Nova temporada EAFC Premium: vale a pena pagar 500k? 🎮💰 ❗PIX ❗!X1 ❗ACADEMIAFC,"['Português', 'girl', 'futebol', 'batepapo', 'videogame', 'EAFC', 'eafc25', 'variedades']",[],False
205,2025-04-24 16:56,1165,ea-sports-fc-25,False,Sharkmacedo,pt,EA Sports FC 25,🔴[BR-PS5] [+18] ⭐COMPRAR PASSE TEMPORADA E TREINAR PARA WL DOS TOTS ⭐⚽!LIVETWITCH E !LIVELOCO ⚽!LOJA @sharkmacedo nas redes sociais.,"['Português', 'shark', 'Futebol', 'eafc25', 'ultimateteam', 'sharkmacedo', 'fifa', 'EAFC']",[],False
205,2025-04-24 16:56,1165,ea-sports-fc-25,False,IsraelPirata,pt,EA Sports FC 25,CADÊ AS FERAS DO EA FC CLUBS? !PIX !CLUBE,"['callofduty', 'warzone', 'fps', 'JogadaCasual', 'subathon', 'Português', 'English', 'RPG', 'Fortnite', 'FinalFantasy']",[],False
206,2025-04-24 20:01,866,minecraft,False,gabepeixe,pt,Minecraft,ACHO QUE DEU RUIM!! - @GABEPEIXE !grupo !farm,['Português'],[],False
206,2025-04-24 20:01,866,minecraft,False,ZAKl1k,pt,Minecraft,🟢 MINECRAFT | ⭐ GANHE ASSISTINDO | 🌟 REESTOQUE DIA 10 ou 16 às 18h | !loja !points !prime !sub,"['Português', 'Minecraft']",[],False
206,2025-04-24 20:01,866,minecraft,False,EiMine77,pt,Minecraft,✅ RECOMPENSAS ON! | ⭐ SEJA RÁPIDO E GANHE UMA CAPA DE GRAÇA: !CAPA | 💘 INSTAGRAM: @EIMINE77 | !ajuda !rerun !sub !subgratis !loja,"['Minecraft', 'EiMine', 'Português']",[],False
207,2025-04-24 20:18,1117,marvel-rivals,False,jrodorfo,pt,Marvel Rivals,(drops) ESSE JOGO VAI ME FALIR!!! Rankeds na main e dps com o chat! SIMBORA!,"['Português', 'DropsAtivados']",[],False
207,2025-04-24 20:18,1117,marvel-rivals,True,piVini_,pt,Marvel Rivals,Manicômio em formato de jogo !pix,"['Português', 'English', 'Russian', 'espanhol', 'DropsAtivados']",[],False
207,2025-04-24 20:18,1117,marvel-rivals,False,ckgeek,pt,Marvel Rivals,"O NÃO VOCÊ JÁ TEM, VÁ ATRÁS DA HUMILHAÇÃO! ✅RERUN✅ SEXTA AS 23:00 TO DE VOLTA TROPA!","['Português', 'DropsAtivados']",[],False
208,2025-04-24 20:39,729,sea-of-thieves,False,JujubaNeko,pt,Sea of Thieves,[PT/BR +18] CELULAR QUEBRADO E ATUALIZAÇÕ ! (XBOX SERIES S) Parceira do @lendasdomar - Código Epic JUJUBANEKO !cmds,"['Anime', 'MãeGamer', 'Brasil', 'Português', 'XboxSeriesS', 'PvP', 'Multiplayer', 'PvE', 'Aventura', 'Cooperativo']",['ProfanityVulgarity'],False
208,2025-04-24 20:39,729,sea-of-thieves,False,sicko1,pt,Sea of Thieves,HJ TEM CURINTIA ❗exitlag,"['Português', 'PvP', 'Calvo', 'Idoso', 'Lindo', 'Humilde', 'chill', 'Terror']",[],False
208,2025-04-24 20:39,729,sea-of-thieves,False,ofernandomaidana,pt,Sea of Thieves,A TROPA ORIGINAL (não a cerveja) ESTÁ DE VOLTA ⚓ !cmd !playlist,"['Português', 'seaofthieves', 'pirata', 'SongRequests', 'songrequest', 'SeaOfThievesPartner', 'SeaofThievesgameplay', 'English']",[],False
209,2025-04-24 20:54,823,fortnite,False,kariuxaa,pt,Fortnite,🟢RERUN🟢 FORTNITE !discord !insta !tiktok !pix🟢🟢,['Português'],[],False
209,2025-04-24 20:54,823,fortnite,True,gabryelCwB,pt,Fortnite,🟢REPRISE🟢Lobby do abalo 🟢💨💥 LOJA  2XSUBS !loja💥 !regras !tiktok,['Português'],[],False
209,2025-04-24 20:54,823,fortnite,False,oimille,pt,Fortnite,VAMOS PASSAR RAIVA COM ESSA MALETA❗JOGAR  ❗NICK ❗PRESENTE❗PRIME ❗PIX ❗INSTA ❗DISCORD,"['Português', 'fornite', 'fortnitebrasil', 'garotagamer', 'Brasil', 'fortnitegaminglive', 'Português']",[],True
210,2025-04-24 21:10,1019,grand-theft-auto-v,False,RyanFeer,pt,Grand Theft Auto V,Alta Racing - Eliminatorias (Categoria Resenha),"['Português', 'CDA', 'gta', 'fivem', 'RP', 'PvP', 'metropole', 'cpx', 'CAPITAL', 'ProdigyRP']",['MatureGame'],False
210,2025-04-24 21:10,1019,grand-theft-auto-v,True,CriaPlayer,pt,Grand Theft Auto V,🎃GOTHAM RP🎃 #98 GCPEIDEI VAI INVADIR O VIDIGAL.. TROPA DO ALFREDO VAI AMASSAR!#VdgPraKrlh #TropaDosDodóis !gotham  !fancam,['Português'],"['MatureGame', 'ProfanityVulgarity']",False
210,2025-04-24 21:10,1019,grand-theft-auto-v,False,eldomgames,pt,Grand Theft Auto V,(4LIFE) | !4liferp | !pix | !pc | !regras,['Português'],['MatureGame'],True
211,2025-04-25 00:02,884,league-of-legends,False,Soraakando,pt,League of Legends,REZANDO PARA QUE HOJE VENHA ADCS E JUNGLES BONS NO MEU TIME! !Followage !pix,"['Português', 'GirlsLive', 'Gameplay', 'Brasil', 'gameplay', 'Mulher', 'Português', 'terror']",['ProfanityVulgarity'],False
211,2025-04-25 00:02,884,league-of-legends,False,tiemis,pt,League of Legends,boa noite!! <3 !insta !pix,"['Portugues', 'games', 'portuguese', 'Português']",[],False
211,2025-04-25 00:02,884,league-of-legends,False,MichaMon,pt,League of Legends,🌼 Gruds naits piazada! 🌼❗sorteio ❗msg ❗pix ❗sr ❗disc,"['Português', 'Mulher', 'gameplaycriminosa', 'cacheada', 'yulla', 'kennzy', 'girl']",[],False
212,2025-04-25 00:19,875,valorant,False,lobaorj21,pt,VALORANT,Resenhando e jogando conversinhas fiadas !pix !instagram,"['Português', 'Competitivo', 'AMA', 'fps']",[],False
212,2025-04-25 00:19,875,valorant,True,Muh_Ra,pt,VALORANT,(+18) Tamo aí na atividade!,['Português'],[],False
212,2025-04-25 00:19,875,valorant,False,JosySampaio,pt,VALORANT,(+18)    Jogando com AMIGOS e o Chat  Valorant seguido de R.E.P.O  ❗PIX,"['cooperativo', 'Aprendizado', 'Português']",[],False
213,2025-04-25 00:36,1010,grand-theft-auto-v,False,loud_coringa,pt,Grand Theft Auto V,au au au,['Português'],['MatureGame'],False
213,2025-04-25 00:36,1010,grand-theft-auto-v,True,Karentena,pt,Grand Theft Auto V,[CPX] O MEU BRILHO VOCÊ QUER!┋❗pix ❗subathon,"['Português', 'rp', 'gtav', 'complexo', 'jogos', 'LGBT', 'liveruim', 'acolhedor', 'aconchegante', 'fivem']","['MatureGame', 'ProfanityVulgarity']",False
213,2025-04-25 00:36,1010,grand-theft-auto-v,False,CriaPlayer,pt,Grand Theft Auto V,🎃GOTHAM RP🎃 #98 GCPEIDEI VAI INVADIR O VIDIGAL.. TROPA DO ALFREDO VAI AMASSAR!#VdgPraKrlh #TropaDosDodóis !gotham  !fancam,['Português'],"['MatureGame', 'ProfanityVulgarity']",False
214,2025-04-25 00:55,736,minecraft,True,mkzerabs,pt,Minecraft,Juntando blocos para fazer a casa do enderman,"['Brasil', 'Conversação', 'Português', 'mkzera', 'mkalcinha', 'brawlstars', 'Strategy', 'Streampartner', 'ARPG', 'RPG']",[],False
214,2025-04-25 00:55,736,minecraft,False,ZAKl1k,pt,Minecraft,🟢 MINECRAFT | ⭐ GANHE ASSISTINDO | 🌟 REESTOQUE DIA 10 ou 16 às 18h | !loja !points !prime !sub,"['Português', 'Minecraft']",[],False
214,2025-04-25 00:55,736,minecraft,False,EiMine77,pt,Minecraft,✅ RECOMPENSAS ON! | ⭐ SEJA RÁPIDO E GANHE UMA CAPA DE GRAÇA: !CAPA | 💘 INSTAGRAM: @EIMINE77 | !ajuda !rerun !sub !subgratis !loja,"['Minecraft', 'EiMine', 'Português']",[],False
215,2025-04-25 01:09,690,ea-sports-fc-25,False,Robfortes,pt,EA Sports FC 25,FARM BRABO PRO TOTS AMANHÃ! EVO do Neymar - Vamos comprar o Passe Premium e muito mais! | siga me os bons @robfortes | ❕analise ❕pix ❕insta,['Português'],[],False
215,2025-04-25 01:09,690,ea-sports-fc-25,True,DgVelozo,pt,EA Sports FC 25,🔥 PELADÃO DOS CRIAS  (PRO)🔥 !PIX !JUMP !DISC !GRUPOZAP,"['Portugues', 'Português']",[],False
215,2025-04-25 01:10,690,ea-sports-fc-25,False,FlangoFC,pt,EA Sports FC 25,MATA MATA (TESTANDO O LALA),"['eafc25', 'Português', 'tradefifa']",['ProfanityVulgarity'],False
216,2025-04-25 04:02,749,minecraft,False,ZAKl1k,pt,Minecraft,🟢 MINECRAFT | ⭐ GANHE ASSISTINDO | 🌟 REESTOQUE DIA 10 ou 16 às 18h | !loja !points !prime !sub,"['Português', 'Minecraft']",[],False
216,2025-04-25 04:02,749,minecraft,True,EiMine77,pt,Minecraft,✅ RECOMPENSAS ON! | ⭐ SEJA RÁPIDO E GANHE UMA CAPA DE GRAÇA: !CAPA | 💘 INSTAGRAM: @EIMINE77 | !ajuda !rerun !sub !subgratis !loja,"['Minecraft', 'EiMine', 'Português']",[],False
216,2025-04-25 04:02,749,minecraft,False,AnimeTvON,pt,Minecraft,RERUN🟢 MINECRAFT - CHUVA E TROVÕES🟢,"['Português', 'Brasil', 'minecrafit', 'Reposição']",[],False
217,2025-04-25 04:17,623,counter-strike,False,GOIAMO,pt,Counter-Strike,"Ame sua família, respeite o próximo e sempre confie em Deus🙏🏻!msg !pix !clip !nesha @gamersclubcs",['Português'],['MatureGame'],False
217,2025-04-25 04:17,623,counter-strike,True,capatoxx,pt,Counter-Strike,🟢 AO VIVO - 🚨 LOBBYZINHA COM O CHAT - 🎯 JOGANDO NA @gamersclubcs -  🔥 ❗delay ❗hellcase ❗keydrop,"['csgo', 'gamersclub', 'faceit', 'valve', 'cs2', 'Counterstrike', 'PTBR', 'gaules', 'level20', 'CS2']",['MatureGame'],False
217,2025-04-25 04:17,623,counter-strike,False,BrunoBalloni,pt,Counter-Strike,🔴RERUN!!! -> ❗regraloja❗farm ❗sub ❗msg ❗loja,"['Português', 'fps', 'Brasil', 'counterstrike', 'cs', 'cs2', 'brazil']",['MatureGame'],False
218,2025-04-25 04:29,963,ea-sports-fc-25,True,lenonbruxo96,pt,EA Sports FC 25,RIVALS + COPINHA! !cliente !coach !livepix !tatica,['Português'],[],False
218,2025-04-25 04:29,963,ea-sports-fc-25,False,xGuuhGabrielx,pt,EA Sports FC 25,"Live de 24 Horas! Prozin, Subindo Divisões no Rivals, Temporada Nova, DMEs e Resenha | DIGITE !Livepix !cliente !grupo !meta !coins","['EASPORTS', 'EAFC', 'eafc25', 'ultimateteam', 'fc25', 'fc25gameplay', 'Português', 'Paivinha29', 'Carpentieri', 'Adolfz']",[],False
218,2025-04-25 04:29,963,ea-sports-fc-25,False,TCHOKZERA,pt,EA Sports FC 25,BORA DE LIVE .... E MUITA RESENHA,"['Português', 'eafc25']",[],False
219,2025-04-25 04:48,973,league-of-legends,False,MagoBreniack007,pt,League of Legends,GOGO vamos upar !!!!,"['Português', 'MIR4Global', 'mir4', 'leagueoflegeneds', 'lol', 'Leageflegends', 'MagictheGatheringAreana']",[],False
219,2025-04-25 04:48,973,league-of-legends,True,tiemis,pt,League of Legends,boa noite!! <3 !insta !pix,"['Portugues', 'games', 'portuguese', 'Português']",[],False
219,2025-04-25 04:48,973,league-of-legends,False,TwitchManiaco1,pt,League of Legends,trabalhos !loja,"['Português', 'rato', 'monochamp', 'lol', 'jungle', 'Esquizofrenia', 'depressão', 'Challenger', 'VASCO']",[],True
220,2025-04-25 05:06,618,roblox,False,SophyySol,pt,ROBLOX,Volto as 13h com novidades! 💜 !Meta !Loja !Discord !Pix,"['Português', 'English', 'Vtuber', 'LGBT', 'Trans', 'femboy', 'ragnatales', 'ravenquest']",[],False
220,2025-04-25 05:06,618,roblox,True,srEly,pt,ROBLOX,tower defense do bob esponja | -> !metas !pix !alertas !yt #ShirtMySurvivor,"['Português', 'idoso', 'livesucata', 'chill', 'asmr', 'vlr', 'dbd']",[],False
220,2025-04-25 05:06,618,roblox,False,MicheleOxana,pt,ROBLOX,💥LGBTQIA+💥É ERRADO SE IDENTIFICAR UM POUCO COM ELE? YOU!❗pix ❗discord ❗amazon ❗onlyfans +18,"['LGBTQIA', 'ＶＡＬＯＲＡＮＴ', 'killjoymain', 'deadbbydaylight', 'MainSurvivor', 'FogWhisperer', 'teamfigttactics', 'Português', 'trickortreat']",[],False
221,2025-04-25 08:01,753,counter-strike,True,GOIAMO,pt,Counter-Strike,"Ame sua família, respeite o próximo e sempre confie em Deus🙏🏻!msg !pix !clip !nesha @gamersclubcs",['Português'],['MatureGame'],False
221,2025-04-25 08:01,753,counter-strike,False,BrunoBalloni,pt,Counter-Strike,🔴RERUN!!! -> ❗regraloja❗farm ❗sub ❗msg ❗loja,"['Português', 'fps', 'Brasil', 'counterstrike', 'cs', 'cs2', 'brazil']",['MatureGame'],False
221,2025-04-25 08:01,753,counter-strike,False,Leticiaferrazzani,pt,Counter-Strike,"(40s DELAY) Oi amor 🧡1SUB = +3min / 100,00 = +30min / 1500 BITS = +30min / 5000 BITS = +2h / 10000 BITS = +4:30h / 25000 BITS = +8:30h 🧡",['Português'],['MatureGame'],False
222,2025-04-25 08:16,742,minecraft,True,ZAKl1k,pt,Minecraft,🟢 MINECRAFT | ⭐ GANHE ASSISTINDO | 🌟 REESTOQUE DIA 10 ou 16 às 18h | !loja !points !prime !sub,"['Português', 'Minecraft']",[],False
222,2025-04-25 08:16,742,minecraft,False,EiMine77,pt,Minecraft,✅ RECOMPENSAS ON! | ⭐ SEJA RÁPIDO E GANHE UMA CAPA DE GRAÇA: !CAPA | 💘 INSTAGRAM: @EIMINE77 | !ajuda !rerun !sub !subgratis !loja,"['Minecraft', 'EiMine', 'Português']",[],False
222,2025-04-25 08:16,742,minecraft,False,AnimeTvON,pt,Minecraft,RERUN🟢 MINECRAFT - CHUVA E TROVÕES🟢,"['Português', 'Brasil', 'minecrafit', 'Reposição']",[],False
223,2025-04-25 08:32,970,marvel-rivals,True,LhamaInPijamas,pt,Marvel Rivals,"(S1 GM1) (DROPS ON) SEXTOU NO DIAMANTE, COLA !livepix !elomarvel !discord","['rpg', 'casual', 'Português', 'marvelrivals', 'rivals', 'marvelrival', 'DropsAtivados']",[],False
223,2025-04-25 08:32,970,marvel-rivals,False,ckgeek,pt,Marvel Rivals,"O NÃO VOCÊ JÁ TEM, VÁ ATRÁS DA HUMILHAÇÃO! ✅RERUN✅ SEXTA AS 23:00 TO DE VOLTA TROPA!","['Português', 'DropsAtivados']",[],False
223,2025-04-25 08:32,970,marvel-rivals,False,TvSerious,pt,Marvel Rivals,drops ON! Main SUP SOFRE! !bluestacks !giftcard !PIX #PCGamePassPartner,"['serious', 'smitebrasil', 'lgbtqia', 'Português', 'drops', 'MOBA', 'Cozy', 'cozygaming', 'Roguelike', 'Roguelite']",[],False
224,2025-04-25 08:50,618,fortnite,True,Pedro017Yt,pt,Fortnite,MIRA CHICLETE 🍉Resgate VBucks Me Assistindo (!loja !Resgate),"['Português', 'Fortnite', 'Jogandocomespectadores', 'DropsEnable', 'Drops', 'reload', 'FamilyFriendly', 'PvP', 'drops', 'batlleroyale']",[],False
224,2025-04-25 08:50,618,fortnite,False,kariuxaa,pt,Fortnite,🟢RERUN🟢 FORTNITE !discord !insta !tiktok !pix🟢🟢,['Português'],[],False
224,2025-04-25 08:50,618,fortnite,False,gabryelCwB,pt,Fortnite,🟢REPRISE🟢Lobby do abalo 🟢💨💥 LOJA  2XSUBS !loja💥 !regras !tiktok,['Português'],[],False
225,2025-04-25 12:01,907,counter-strike,True,oimaay,pt,Counter-Strike,🧟‍♀️| SEXTOU BOM DIA FLOR DO DIAAA !cpc !pix !youtube !ajuda,"['may', 'oimay', 'jogando', 'Português', 'terror', 'mine', 'drop', 'fps']","['MatureGame', 'ProfanityVulgarity']",False
225,2025-04-25 12:01,907,counter-strike,False,LYRAFPS,pt,Counter-Strike,Rankeds pro level 20/21 - @gamersclubcs ❗COMANDOS ❗Insane,"['Português', 'gamestreaming', 'counterstrike2', 'CS2', 'gamersclub']",['MatureGame'],False
225,2025-04-25 12:01,907,counter-strike,False,BrunoBalloni,pt,Counter-Strike,🔴RERUN!!! -> ❗regraloja❗farm ❗sub ❗msg ❗loja,"['Português', 'fps', 'Brasil', 'counterstrike', 'cs', 'cs2', 'brazil']",['MatureGame'],False
226,2025-04-25 12:19,765,marvel-rivals,True,Momolezinha,pt,Marvel Rivals,DROPS ON! Tocha Humana e Iron Fist são meus novos bebês!🔥SIGAM SOCIAIS -> @Momolezinha |❗pix❗analise ❗youtube,"['Português', 'Heroshooter', 'marvelrivals', 'DropsAtivados']",[],False
226,2025-04-25 12:19,765,marvel-rivals,False,ckgeek,pt,Marvel Rivals,"O NÃO VOCÊ JÁ TEM, VÁ ATRÁS DA HUMILHAÇÃO! ✅RERUN✅ SEXTA AS 23:00 TO DE VOLTA TROPA!","['Português', 'DropsAtivados']",[],False
226,2025-04-25 12:19,765,marvel-rivals,False,LuBuuu,pt,Marvel Rivals,{DROPS} RANKED HIGHELO MAIN CAPITÃO AMÉRICA  !comando !youtube !tiktok,"['Português', 'Brasil', 'marvelrivals', 'LearningEnglish', 'Competitivo', 'English', 'DropsAtivados']",[],False
227,2025-04-25 12:34,1113,minecraft,True,ZAKl1k,pt,Minecraft,🟢 MINECRAFT | ⭐ GANHE ASSISTINDO | 🌟 REESTOQUE DIA 10 ou 16 às 18h | !loja !points !prime !sub,"['Português', 'Minecraft']",[],False
227,2025-04-25 12:34,1113,minecraft,False,EiMine77,pt,Minecraft,✅ RECOMPENSAS ON! | ⭐ SEJA RÁPIDO E GANHE UMA CAPA DE GRAÇA: !CAPA | 💘 INSTAGRAM: @EIMINE77 | !ajuda !rerun !sub !subgratis !loja,"['Minecraft', 'EiMine', 'Português']",[],False
227,2025-04-25 12:34,1113,minecraft,False,ganizev,pt,Minecraft,"🟢 É so chegar e jogar com nois, Projeto Hotel em construção❗️pix ❗️discord","['Português', 'Brasil', 'minecraft', 'conversando']",[],False
228,2025-04-25 16:01,769,grand-theft-auto-v,False,Doiska_Rj,pt,Grand Theft Auto V,[Fronteira Leste] DONO DE MORRO / LIDER NO NORTE !PIX !CODIGUINHO !INSTA !BOOSTER @doiska_rj,['Português'],"['MatureGame', 'ProfanityVulgarity']",False
228,2025-04-25 16:01,769,grand-theft-auto-v,False,CelsoChevette,pt,Grand Theft Auto V,RESFRIADO CHEIO DE DOR NO CORPO | FAZ O PIX PRO REMÉDIO NA MORAL ! [ LOVE CITY ] | Subs do Mês 00/05,"['gtavrproleplay', 'GTAⅤ', 'ＧTA5', 'gta', 'jogos', 'jogosonline', 'FPS', 'Português', 'FutebolVirtual', 'halloween']",['MatureGame'],False
228,2025-04-25 16:01,769,grand-theft-auto-v,False,eldomgames,pt,Grand Theft Auto V,(4LIFE) GRIPADO | !4liferp | !pix | !pc | !regras,['Português'],['MatureGame'],True
229,2025-04-25 16:16,863,sea-of-thieves,False,aatonz,pt,Sea of Thieves,🟢🟡DROPS ON🟡🟢 Sorteio ON🍀SeXta-Feira ON!! Aproveeeita VAMOKEREE!! Bom Dia!!,"['casual', 'engraçado', 'pirata', 'English', 'Português', 'Yoda', 'Gaules', 'giveaway', 'alanzoka', 'DropsAtivados']",[],False
229,2025-04-25 16:16,863,sea-of-thieves,False,DorSmiley,pt,Sea of Thieves,(DROPS ON) Javali Javaleu Parcerias:@lendasdomar @csotbr !Comandos !sr (música),"['Ação', 'Aventura', 'Comédia', 'Português', 'Xingamentos', 'seaofthieves', 'PvEPvP', 'SoTPvp', 'seaofthieveseason15']",['ProfanityVulgarity'],False
229,2025-04-25 16:16,863,sea-of-thieves,False,ofernandomaidana,pt,Sea of Thieves,🟢 DIA DO LEITÃO MARATONADO⚓ !cmd !playlist,"['Português', 'seaofthieves', 'pirata', 'SongRequests', 'songrequest', 'SeaOfThievesPartner', 'SeaofThievesgameplay', 'English']",[],False
230,2025-04-25 16:33,682,overwatch-2,False,Lerigoo_,pt,Overwatch 2,[+18 - DROPS/ON] DUVIDO ME DAREM O PASSE DO MARVEL E DO OVERWATCH DE PRESENTE RS 🤍✨ - !TAROT !PIX !CLIP !COACH,"['Português', 'DropsAtivados']",['ProfanityVulgarity'],False
230,2025-04-25 16:33,682,overwatch-2,True,Cooruja,pt,Overwatch 2,[!DROP Faster] 🎁5 !Lootbox FREE | !Sorteio da DOKIWATCH | !Passefree !Agenda !Stadium,"['Autismo', 'TDAH', 'SafeSpace', 'Pai', 'Overwatch', 'Português', '4fun', 'casado', 'DropsAtivados', 'OWSeason16']",[],False
230,2025-04-25 16:33,682,overwatch-2,False,CosminhaS2,pt,Overwatch 2,[DROPS ON] ANIVERSÁRIO DO CANAL E VOCÊ O PRESENTE!!! ❗PIX ❗MIRA ❗X ❗3pessoa #OverwatchCreator #OW2Season16,"['Português', 'OverwatchCreators', 'DropsAtivados']",[],False
231,2025-04-25 20:01,995,sea-of-thieves,False,JujubaNeko,pt,Sea of Thieves,"[PT/BR +18] CELULAR QUEBRADO , ATT E DROP ON ! (XBOX SERIES S) Parceira do @lendasdomar - Código Epic JUJUBANEKO !cmds","['Anime', 'MãeGamer', 'Brasil', 'Português', 'XboxSeriesS', 'PvP', 'Multiplayer', 'PvE', 'Aventura', 'Cooperativo']",['ProfanityVulgarity'],False
231,2025-04-25 20:01,995,sea-of-thieves,True,Noga__,pt,Sea of Thieves,!Drop novo do Sea of thieves | !pix !social,"['gay', 'seaofthieves', 'Sea', 'PVE', 'Português']",[],False
231,2025-04-25 20:01,995,sea-of-thieves,False,sicko1,pt,Sea of Thieves,🟣 DROPS 🟣 Upa passes e depois Fortnite ❗exitlag,"['Português', 'PvP', 'Calvo', 'Idoso', 'Lindo', 'Humilde', 'chill', 'Terror', 'DropsAtivados']",[],False
232,2025-04-25 20:20,691,valorant,False,SuuhS2k,pt,VALORANT,✨SORTEIO DOS SUBS 30/04✨  | !SORTEIO💜 Use Code: SUUHS2K Na Loja Do Fortnite💜 #AD (+18),['Português'],[],False
232,2025-04-25 20:20,691,valorant,True,ferrinhoooo,pt,VALORANT,CAMPEONATO SMART ELETRON VALORANT DAY 4 CLUBE DO BOLINHA 🛡 x ⚔ THE DUCKS - LOTUS,"['Português', 'musica']",[],False
232,2025-04-25 20:20,691,valorant,False,TcK10,pt,VALORANT,100T x NRG | C9 em seguida | VCT AMÉRICAS  🏆 !GROWTH 🏆 SIGA EM @TcK10,"['melhordomundo', 'radiante', 'incrível', 'valorant', 'Português']",[],False
233,2025-04-25 20:33,865,roblox,False,NickiieTV,pt,ROBLOX,👽 LIVE  ON COM SESSÃO DA TRAVA  !lanhouse  !sessão !fila  !lurdes !casaflorescer !REGRAS !audios !donate !pix !sub !comand,"['TRANS', 'ELADELA', 'ÓVINIS', 'ETS', 'FILHADOLULA', 'SURTOS', 'BRUXA', 'REACTS', 'GAMEPLAY', 'LGBTQIAPN']",['ProfanityVulgarity'],False
233,2025-04-25 20:33,865,roblox,True,raposo0072,pt,ROBLOX,Forsaken: Eu acho que vi um jasão,['Português'],[],False
233,2025-04-25 20:33,865,roblox,False,ManoJesley,pt,ROBLOX,ITEM ASILIUM DE CRIA COM VOCÊS!,"['Português', 'jogo', 'humor', 'game', 'roblox', 'uno', 'unoroblox', 'Horror', 'horrorgame', 'deadrails']",[],False
234,2025-04-26 00:01,1156,overwatch-2,True,joohn_garcia,pt,Overwatch 2,NOSSO LUGAR ESPECIAL - 🔵COD APOIADOR: JOHNZ,"['Gay', 'gameplay', 'nerd', 'playstation', 'inglês', 'Português', 'fortnite', 'Overawatch', 'terror', 'LGBTQIA']",[],False
234,2025-04-26 00:01,1156,overwatch-2,False,Cooruja,pt,Overwatch 2,[!DROP Faster] !Giveway da DOKIWATCH |🎁5 !Lootbox FREE | !Passefree !Agenda !Stadium,"['Autismo', 'TDAH', 'SafeSpace', 'Pai', 'Overwatch', 'Português', '4fun', 'casado', 'DropsAtivados', 'OWSeason16']",[],False
234,2025-04-26 00:01,1156,overwatch-2,False,VioletKill,pt,Overwatch 2,!DROPS || DVA DAY DE GALA - COMEMORAÇÃO || !blackskull !sorteio !overclock,"['gamergirl', 'LGBTQIA', 'Português', 'giveaway', 'DropsEnabeled', 'drops', 'OW2Stadium', 'OW2Brasil', 'Woman', 'fps']",[],False
235,2025-04-26 00:23,857,league-of-legends,False,Akrinuss,pt,League of Legends,RERUM !privacy - DICAS p subir de elo l Mestre !cortes !duo !analise !abt !facinho,"['Português', 'Reposição']",[],False
235,2025-04-26 00:23,857,league-of-legends,False,MichaMon,pt,League of Legends,🌼 Gruds naits piazada! 🌼❗sorteio ❗msg ❗pix ❗sr ❗disc,"['Português', 'Mulher', 'gameplaycriminosa', 'cacheada', 'yulla', 'kennzy', 'girl']",[],False
235,2025-04-26 00:23,857,league-of-legends,False,a_sennan,pt,League of Legends,"(+18) !Subathon Infinito, ME AJUDA COM A META DIARIA  !redes !pix !asenna !verificado","['Português', 'asenna', 'pedintevirtual', 'LGBT', 'mulhergamer', 'mulheresnatwitch', 'subathon', 'meninasgamers', 'gamergi']",['ProfanityVulgarity'],False
236,2025-04-26 00:39,623,counter-strike,False,cogu,pt,Counter-Strike,[+18] LEGACY COGU -  Gamescon 01/05   ❗️cortes ❗️sociais ❗️nesha ❗️csgofast ❗️clash ❗️insanegg,"['cs', 'Português']",['MatureGame'],False
236,2025-04-26 00:39,623,counter-strike,False,Saullo,pt,Counter-Strike,"SORTEIO DIÁRIO de mais de R$20.000,00 em SKINS HOJE + DEPÓSITO NA CONTA DE VOCÊS + SORTEIO 100 DÓLARES (AO VIVO)","['Português', 'skinscsgo', 'CSGO', 'SORTEIO', 'PIX', 'SKINS', 'FPS', 'Brasil', 'CS2', 'cs2beta']",['MatureGame'],True
236,2025-04-26 00:39,623,counter-strike,False,BrunoBalloni,pt,Counter-Strike,🔴RERUN!!! -> ❗regraloja❗farm ❗sub ❗msg ❗loja,"['Português', 'fps', 'Brasil', 'counterstrike', 'cs', 'cs2', 'brazil']",['MatureGame'],False
237,2025-04-26 00:52,639,valorant,True,Kah_Athena,pt,VALORANT,[+18]... Um vavazinho pra estressar...😈❗sorteio ...❗jogar❗pix❗epic❗uid❗social❗playlist ❗codiepic ❗valorant ❗whats ❗love ❗nick,"['sorteio', 'Fortnite', 'Mulher', 'SafeSpace', 'justcchatting', 'VALORANＴ', 'ＦＰＳ', 'jogodetiro', 'Português', 'valorantcompetetive']",[],False
237,2025-04-26 00:52,639,valorant,False,laisvampi,pt,VALORANT,🔞 TA CHEGANDO MEU NIVER DE AFILIADO!!!🔞,"['Português', 'Reposição']",['ProfanityVulgarity'],False
237,2025-04-26 00:52,639,valorant,False,JosySampaio,pt,VALORANT,(+18)    Jogando com AMIGOS e o Chat  Valorant seguido de R.E.P.O  ❗PIX,"['cooperativo', 'Aprendizado', 'Português']",[],False
238,2025-04-26 01:05,738,fortnite,False,SuuhS2k,pt,Fortnite,✨SORTEIO DOS SUBS 30/04✨  | !SORTEIO💜 Use Code: SUUHS2K Na Loja Do Fortnite💜 #AD (+18),['Português'],[],False
238,2025-04-26 01:05,738,fortnite,False,kariuxaa,pt,Fortnite,🟢RERUN🟢 FORTNITE !discord !insta !tiktok !pix🟢🟢,['Português'],[],False
238,2025-04-26 01:05,738,fortnite,False,gabryelCwB,pt,Fortnite,🟢REPRISE🟢Lobby do abalo 🟢💨💥 LOJA  2XSUBS !loja💥 !regras !tiktok,['Português'],[],False
239,2025-04-26 04:02,659,overwatch-2,True,VioletKill,pt,Overwatch 2,!DROPS || DVA DAY DE GALA - COMEMORAÇÃO || !blackskull !sorteio !overclock,"['gamergirl', 'LGBTQIA', 'Português', 'giveaway', 'DropsEnabeled', 'drops', 'OW2Stadium', 'OW2Brasil', 'Woman', 'fps']",[],False
239,2025-04-26 04:02,659,overwatch-2,False,Cooruja,pt,Overwatch 2,[!DROP Faster] !Giveway da DOKIWATCH |🎁5 !Lootbox FREE | !Passefree !Agenda !Stadium,"['Autismo', 'TDAH', 'SafeSpace', 'Pai', 'Overwatch', 'Português', '4fun', 'casado', 'OWSeason16', 'DropsAtivados']",[],False
239,2025-04-26 04:02,659,overwatch-2,False,piVini_,pt,Overwatch 2,Jogo pior que bater na tia,"['Português', 'English', 'Russian', 'espanhol', 'DropsAtivados']",[],False
240,2025-04-26 04:16,825,sea-of-thieves,False,iShadowWolf_,pt,Sea of Thieves,(+18) Livezinha Muito Doida!   ||   (❗comandos ❗metas ❗drops)   ||   (Epic Code: SHADOWOLF),['Português'],[],False
240,2025-04-26 04:16,825,sea-of-thieves,False,Tisifone_,pt,Sea of Thieves,[18+] [BR / EN ] Naufragando com o @kazabuza,"['LGBTQIAPlus', 'Indie', 'Português', 'DropsON', 'QA']",['ProfanityVulgarity'],False
240,2025-04-26 04:16,825,sea-of-thieves,False,kazabuza,pt,Sea of Thieves,bora navegar sem saber oq fazer e conferindo a nova att com a @tisifone_,"['Português', 'Autistic', 'AdultHumor', 'LGBTQAFriendly']",[],False
241,2025-04-26 08:01,648,grand-theft-auto-v,True,1DrakoNz,pt,Grand Theft Auto V,PRODIGYRP - GUILDA GANG - EP 37 - CUPOM DRAKONZ !EXITLAG,"['Português', 'RP', 'ProdigyRP']",['MatureGame'],True
241,2025-04-26 08:01,648,grand-theft-auto-v,False,RyanFeer,pt,Grand Theft Auto V,Live Curta Hoje,"['Português', 'CDA', 'gta', 'fivem', 'RP', 'PvP', 'metropole', 'cpx', 'CAPITAL', 'ProdigyRP']",['MatureGame'],False
241,2025-04-26 08:01,648,grand-theft-auto-v,False,evansgaspar,pt,Grand Theft Auto V,Gta RP na Capital . Nova Holanda.  26/04/2025,"['rp', 'gta', 'gtav', 'GTAⅤ', 'paulinhooloko', 'capitalcity', 'Rolelplay', 'evans', 'valley', 'CAPITAL']",['MatureGame'],False
242,2025-04-26 08:14,1168,ea-sports-fc-25,True,oBruxoFut,pt,EA Sports FC 25,✨ WL MAIS DIFICIL DA HISTÓRIA ❗️tatica ❗️sorteio ❗️lurdinha ❗️copa,"['Português', 'muitoelegante', 'charmoso', 'bonito', 'inteligente', 'carismático', 'educado', 'proplayer', 'futebol', 'fitness']",[],False
242,2025-04-26 08:14,1168,ea-sports-fc-25,False,miguelitodoarrocha,pt,EA Sports FC 25,💥MUITOS PACKS + WL DOS TOTS !! QUERO MITADA !!! BEM VINDOS A LIVE DO MIGUELITO,"['Português', 'Portugal', 'Competitivo', 'resenha', 'Resenhando', 'ultimateteam', 'fifa', 'EAFC', 'eafc25', 'eafcsports']",[],False
242,2025-04-26 08:14,1168,ea-sports-fc-25,False,Mark__Eleven,pt,EA Sports FC 25,🔵🎮⚽CHEGOU OS TOTS DA LIGA 1⚽🎮🔵  - /BRASIL/PORTUGAL,"['BRASIL', 'PORTUGUES', 'FUTEBOL', 'BRASILEIRO', 'ULTMATEAM', 'WL', 'futchampions', 'UFL', 'EAFC25', 'Português']",[],False
243,2025-04-26 12:01,884,sea-of-thieves,False,aatonz,pt,Sea of Thieves,🟢🟡DROPS ON🟡🟢 Sorteio ON🍀SABADAAAÇO Aee KASSINAAOO!! VAMOKEREE!! Bom Dia!!,"['casual', 'engraçado', 'pirata', 'English', 'Português', 'Yoda', 'Gaules', 'giveaway', 'alanzoka', 'DropsAtivados']",[],False
243,2025-04-26 12:01,884,sea-of-thieves,False,ThaiSavarez,pt,Sea of Thieves,💚DROPS💛10H+ || Te garanto drops e gameplay duvidosa || Sociais: @thaisavarez || !nuuvem !doar,"['Español', 'english', 'Português', 'Tutorial', 'divertido', 'engraçado', 'PvEPvP', 'SeaOfThievesPartner', 'seaofthieves', 'DropsAtivados']",[],False
243,2025-04-26 12:01,884,sea-of-thieves,False,Coutinho0,pt,Sea of Thieves,[PT/ENG] PERDIDO NO OPEN SEAS!! W/ @noxboreastv 🔥!discord 🔥 !lurk,"['Português', 'English', 'PvP', 'tips', 'seaofthieves', 'Streaks', 'hourglassgrind']",[],False
244,2025-04-26 12:18,616,valorant,True,furq,pt,VALORANT,LILI CANTOU,['Português'],[],False
244,2025-04-26 12:18,616,valorant,False,lulavlr,pt,VALORANT,JOGUE COMIGO NA !MENTORA | MELHOR CHAMBER DO MUNDO |❗tipspace❗monitor❗pix,"['Português', 'valorant', 'chamber', 'TryhardGameplay']",[],False
244,2025-04-26 12:18,616,valorant,False,Larxfps,pt,VALORANT,⭐ RANKED ON+LIVE INFINITA! ⭐ ✨SORTEIO DE VP✨ LURK TBM FORTALECE! BOM DIAAAAAA!  @larxfps !livepix !insta !steam !passe,"['Português', 'Mulher', 'fps', 'Ranked', 'ragegirl', 'Marathon']",['ProfanityVulgarity'],False
245,2025-04-26 12:30,778,grand-theft-auto-v,False,larissa_petenon,pt,Grand Theft Auto V,🔴RERUN 🔴 Sophia novamente causando❗Discord ❗clip,"['Mulher', 'jogosdiversos', 'Português', 'pc', 'Brasil', 'cpx', 'complexo']",['MatureGame'],False
245,2025-04-26 12:30,778,grand-theft-auto-v,False,CarlitoP1_,pt,Grand Theft Auto V,[CDA] Piloto Sênior QRV! Acompanhas no CDA ↠ Siga @carlitop1_,"['Português', 'CIDADEALTA', 'METROPOLE', 'GTARP', 'FIVEM', 'CarlitoP1', 'INTERCEPTOR', 'SPEED']",['MatureGame'],False
245,2025-04-26 12:30,778,grand-theft-auto-v,False,yunizinhafps,pt,Grand Theft Auto V,[UV RP]💜 NUNCA CONFIE EM NINGUEM [COMANDO] EP8  ❗UVRP ❗LIVEPIX ❗DISCORDYUNI,"['Português', 'coringarp', 'GTARPLIVE', 'datenarp', 'gtavrproleplay', 'ＧTA5', 'gtandTheftAutoV', 'ComplexoRP', 'redbeiramar', 'paulinhooloko']",['MatureGame'],False
246,2025-04-26 12:46,615,league-of-legends,True,sany_sah,pt,League of Legends,"FUI ALMOÇA JA VOLTO🌻 !soco, !tinder e !sr","['Brasil', 'ARAM', 'Português', 'lol', 'garotagamer', 'leagueoflegends', 'Anime', 'otakugirl', 'TFT']",[],False
246,2025-04-26 12:46,615,league-of-legends,False,Edicleiton_3,pt,League of Legends,"NOVA TEMPORADA , DROPS ON elo ❗chat (para SUB) ❗loja","['Português', 'HeterosexuaI', 'Bahia', 'Satanista']",['ProfanityVulgarity'],False
246,2025-04-26 12:46,615,league-of-legends,False,Akrinuss,pt,League of Legends,RERUM !privacy - DICAS p subir de elo l Mestre !cortes !duo !analise !abt !facinho,"['Português', 'Reposição']",[],False
247,2025-04-26 16:02,1090,counter-strike,True,JotaEZ_,pt,Counter-Strike,🔞 LIGA ABERTA @gamersclubcs - JUVENTUS GAMING EM CAMPO!!! #avantejuventus ❗Pix ❗Instagram ❗Ds ❗Elo ❗Pc,"['valorant', 'VALORANＴ', 'sonic', 'CS2', 'juventusgaming', 'juve', 'juventus', 'aspas', 'Português']",['MatureGame'],True
247,2025-04-26 16:02,1090,counter-strike,False,SLKRETROZADA,pt,Counter-Strike,LIVE ONNNNNNNNNNNNN SABADOU TENTANDO PEGAR LEVEL 20 NA GC 🔥| CSGO.NET  !otimização @matazera @pezingamer @G44bsMDK   @betaozera,"['portugues', 'competitivo', 'proplayerPortuguês', 'proplayer', 'proplayer', 'CS2', 'cs2counterstrike2', 'cs2major', 'luqueta', 'subathon']",['MatureGame'],False
247,2025-04-26 16:02,1090,counter-strike,False,eLyzao,pt,Counter-Strike,PLAY OFF SÉRIE B AS 15:00 CHAPECOENSE vs Shades   ❗Nesha ❗iox +18,['Português'],['MatureGame'],False
248,2025-04-26 16:22,676,marvel-rivals,False,Momolezinha,pt,Marvel Rivals,DROPS ON! Tocha Humana e Iron Fist são meus novos bebês!🔥SIGAM SOCIAIS -> @Momolezinha |❗pix❗analise ❗youtube,"['Português', 'Heroshooter', 'marvelrivals', 'Inglês', 'English']",[],False
248,2025-04-26 16:22,676,marvel-rivals,True,amoedo_,pt,Marvel Rivals,[DROPS] Top 500 HOJE? - !youtube !pix !discord !passegratis,"['Português', 'DropsAtivados']",[],False
248,2025-04-26 16:22,676,marvel-rivals,False,ckgeek,pt,Marvel Rivals,"EU TENHO O CONTROLE, MAS TA SEM PILHA! ✅RERUN✅ AO VIVO AS 23:00","['Português', 'DropsAtivados']",[],False
249,2025-04-26 16:36,1133,the-sims-4,False,imoonelfa,pt,The Sims 4,"SABADOOOUU 🏡 E aí, será que vamos aprender Simlish? 🎤😂 | Código ELFA na Epic! 🛒🤍 | ❗discord ❗insta ❗comandos","['Português', 'Fortnite', 'jogandocomochat', 'Brasil', 'Brasileira']",[],False
249,2025-04-26 16:36,1133,the-sims-4,False,LuciaMLHS,pt,The Sims 4,Bom Sábado | !epicgames !ig !social !discord !insta !yt !saga,"['Português', 'Inglês', 'saga', 'espanhol', 'Roleplay']",[],False
249,2025-04-26 16:36,1133,the-sims-4,False,JuMandim,pt,The Sims 4,Uma mera camponesa 🌿 || !comandos !pix !meme,"['Português', 'JogoCasual', 'Brasil', 'stardewvalley', 'cozygames', 'pngtuber', 'Vtuber', 'arte', 'Keymailer', 'thesims4']",[],False
250,2025-04-26 16:57,962,fortnite,False,Nikao_s,pt,Fortnite,CAMP DA BX DUPLA [+18],"['Português', 'Fortnite', 'Português', 'Brasil', 'Inglês']",[],False
250,2025-04-26 16:57,962,fortnite,False,kariuxaa,pt,Fortnite,🟢RERUN🟢 FORTNITE !discord !insta !tiktok !pix🟢🟢,['Português'],[],False
250,2025-04-26 16:57,962,fortnite,False,gabryelCwB,pt,Fortnite,🟢REPRISE🟢Lobby do abalo 🟢💨💥 LOJA  2XSUBS !loja💥 !regras !tiktok,['Português'],[],False
251,2025-04-26 20:01,1130,the-sims-4,False,pantufap,pt,The Sims 4,THE SIMS?,['Português'],[],False
251,2025-04-26 20:02,1130,the-sims-4,False,larardgjoga,pt,The Sims 4,"Sem mic mesmo ,que hoje to sem paciência  !","['fortnite', 'Receptivo', 'BatlleRoylae', 'Trocação', 'BatendoPapo', 'JogoCasual', 'roblox', 'terror', 'Português']",['ProfanityVulgarity'],False
251,2025-04-26 20:02,1130,the-sims-4,False,JuMandim,pt,The Sims 4,Uma mera camponesa 🌿 || !comandos !pix !meme,"['Português', 'JogoCasual', 'Brasil', 'stardewvalley', 'cozygames', 'pngtuber', 'Vtuber', 'arte', 'Keymailer', 'thesims4']",[],False
252,2025-04-26 20:23,682,roblox,False,ManoJesley,pt,ROBLOX,roblox.roblox.roblox.roblox.exe.exe.exe.exe,"['Português', 'jogo', 'humor', 'game', 'roblox', 'uno', 'unoroblox', 'Horror', 'horrorgame', 'deadrails']",[],False
252,2025-04-26 20:23,682,roblox,False,tyyblackthorn,pt,ROBLOX,CineTy | As Aventuras de Pi | !meta !pix,"['Português', 'LGBT', 'Gay', 'Aphelios', 'Hwei', 'Depressão', 'TDAH']",[],False
252,2025-04-26 20:23,682,roblox,False,SantosMasinha,pt,ROBLOX,SPORTV x SANTOS MASINHA | AO VIVO | SUPER COPA DOE GOLS SPORTVLAND,"['ROBLOX', 'masinha', 'criativo', 'micup', 'counter', 'counterstrike', 'Português']",[],False
253,2025-04-26 20:36,1018,overwatch-2,False,joohn_garcia,pt,Overwatch 2,NOSSO LUGAR ESPECIAL - 🔵COD APOIADOR: JOHNZ,"['Gay', 'gameplay', 'nerd', 'playstation', 'inglês', 'Português', 'fortnite', 'Overawatch', 'terror', 'LGBTQIA']",[],False
253,2025-04-26 20:36,1018,overwatch-2,True,Cooruja,pt,Overwatch 2,[!DROP Faster] !Giveway da DOKIWATCH |🎁5 !Lootbox FREE | !Passefree !Agenda !Stadium,"['Autismo', 'TDAH', 'SafeSpace', 'Pai', 'Overwatch', 'Português', '4fun', 'casado', 'OWSeason16', 'DropsAtivados']",[],False
253,2025-04-26 20:36,1018,overwatch-2,False,Edicleiton_3,pt,Overwatch 2,"NOVA TEMPORADA , DROPS ON elo ❗chat (para SUB) ❗loja","['Português', 'HeterosexuaI', 'Bahia', 'Satanista', 'DropsAtivados']",['ProfanityVulgarity'],False
254,2025-04-26 20:56,621,league-of-legends,True,luannysardagna,pt,League of Legends,DIA 312 SUBATHON SOLIDÁRIO da quimioterapia do meu pai.❗subathon -❗tratamento -❗pix - ❗insta -,"['luanny', 'lol', 'chat', 'tdha', 'Português']",[],False
254,2025-04-26 20:56,621,league-of-legends,False,Akrinuss,pt,League of Legends,!privacy - DICAS p subir de elo l Mestre !cortes !duo !analise !abt !facinho,"['Português', 'Reposição']",[],False
254,2025-04-26 20:56,621,league-of-legends,False,sany_sah,pt,League of Legends,"Livizinha on amem🌻 !soco, !tinder e !sr","['Brasil', 'ARAM', 'Português', 'lol', 'garotagamer', 'leagueoflegends', 'Anime', 'otakugirl']",[],False
255,2025-04-27 00:01,611,marvel-rivals,True,jrodorfo,pt,Marvel Rivals,"(drops) Se precisasse ser bom pra fazer stream eu não fazia, to aqui pra dar RISADOLAS!!! Rankeds na main e dps com o chat! SIMBORA!","['Português', 'DropsAtivados']",[],False
255,2025-04-27 00:01,611,marvel-rivals,False,piVini_,pt,Marvel Rivals,Jogo pior que bater na tia,"['Português', 'English', 'Russian', 'espanhol', 'DropsAtivados']",[],False
255,2025-04-27 00:01,611,marvel-rivals,False,ckgeek,pt,Marvel Rivals,"O PAI TA ON, GAMEPLAY DE FIM DE SEMANA","['Português', 'DropsAtivados']",[],False
256,2025-04-27 00:13,1096,valorant,False,lobaorj21,pt,VALORANT,Resenhando e jogando conversinhas fiadas !pix !instagram,"['Português', 'Competitivo', 'AMA', 'fps']",[],False
256,2025-04-27 00:13,1096,valorant,False,Frantchesko_FF,pt,VALORANT,💙 🔥FRAN CUP X-FACA VALENDO 1.000 VPs  | Farm Mecoins !farm | Jogando com Narrador  | ❗Pix | ❗Mentora |💜,"['valorant', 'Português', 'fps', 'cs', 'Freeefire', 'garena']",[],True
256,2025-04-27 00:14,1096,valorant,False,Kah_Athena,pt,VALORANT,[+18]... Um vavazinho pra estressar...😈❗sorteio ...❗jogar❗pix❗epic❗uid❗social❗playlist ❗codiepic ❗valorant ❗whats ❗love ❗nick,"['sorteio', 'Fortnite', 'Mulher', 'SafeSpace', 'justcchatting', 'VALORANＴ', 'ＦＰＳ', 'jogodetiro', 'Português', 'valorantcompetetive']",[],False
257,2025-04-27 00:34,610,minecraft,False,TioVedson,pt,Minecraft,VirtuCraft: servidor aberto - !f9 !bença #OTB @donnadeh @teeckot,"['Rock', 'OTB', 'Tiozão', 'PiadadeTiozão', 'SlowRun', 'Português', 'GamerCasual', 'Grêmio', 'EuroTruckSimulator2', 'minecraft']",[],False
257,2025-04-27 00:34,610,minecraft,True,AnimeTvON,pt,Minecraft,RERUN🟢 MINECRAFT - CHUVA E TROVÕES🟢,"['Português', 'Brasil', 'minecrafit', 'Reposição']",[],False
257,2025-04-27 00:34,610,minecraft,False,Lukitaagamer,pt,Minecraft,🏆MINEZIN MUNDO NOVO |❗PRIME |❗LOJA |❗PIX | ❗SUB |,"['ação', 'Português', 'sorteio', 'residentevil4', 'HollowKnight', 'campanha', 'Hollowknightgameplay']",[],False
258,2025-04-27 04:01,811,overwatch-2,False,viniciusstocker,pt,Overwatch 2,"[DROPS ON] PAÇOCAAAAAAAAAA, sábadou no OW, vem! Ajurda na meta 10 subs/2 mil beatles! 🥳 !milk !leklek !natal !pix !clip","['xbox', 'Português', 'console', 'XboxSeriesSX', 'campanha', 'Coop', 'modohistoria', 'amigos', 'PlayStation', 'deadbbydaylight']",['ProfanityVulgarity'],False
258,2025-04-27 04:01,811,overwatch-2,False,Cooruja,pt,Overwatch 2,[!DROP Faster] !Giveway da DOKIWATCH |🎁5 !Lootbox FREE | !Passefree !Agenda !Stadium,"['Autismo', 'TDAH', 'SafeSpace', 'Pai', 'Overwatch', 'Português', '4fun', 'casado', 'OWSeason16', 'DropsAtivados']",[],False
258,2025-04-27 04:01,811,overwatch-2,False,fuskeiro,pt,Overwatch 2,drop de skin !pix !listabebe,"['ASMR', 'TDAH', 'Português', 'Brasil', 'SafeSpace', 'AMA', 'TDAHStream', 'PlayingwWithViewers', 'lugarseguro', 'DropsAtivados']",[],False
259,2025-04-27 04:17,683,counter-strike,False,soares,pt,Counter-Strike,🟢SABADOUUU COM O SOSO!! BANCA GRATIS ->  ❗️CSGOBIG  🟢1 SUB = 1 DANÇA 😏❗️topskin ❗️insane❗️sorteio❗️clash,"['csgo', 'Jogadoresiniciantes', 'FpS', 'Português', 'AMA', 'source2', 'Brasil', 'cs2', 'subathon', '24h']",['MatureGame'],False
259,2025-04-27 04:17,683,counter-strike,True,BrunoBalloni,pt,Counter-Strike,🔴RERUN!!! -> ❗regraloja❗farm ❗sub ❗msg ❗loja,"['Português', 'fps', 'Brasil', 'counterstrike', 'cs', 'cs2', 'brazil']",['MatureGame'],False
259,2025-04-27 04:17,683,counter-strike,False,cogu,pt,Counter-Strike,[+18] LEGACY COGU -  Gamescon 01/05   ❗️cortes ❗️sociais ❗️nesha ❗️csgofast ❗️clash ❗️insanegg,"['cs', 'Português']",['MatureGame'],False
260,2025-04-27 04:31,660,ea-sports-fc-25,True,lenonbruxo96,pt,EA Sports FC 25,"WL DOS TOTS, BROTA ! !cliente !coach !livepix !tatica",['Português'],[],False
260,2025-04-27 04:31,660,ea-sports-fc-25,False,xGuuhGabrielx,pt,EA Sports FC 25,"Mata Mata da WL, WL em Busca do Rank 1, DMEs e Resenha | DIGITE !Livepix !cliente !grupo !meta !coins","['EASPORTS', 'EAFC', 'eafc25', 'ultimateteam', 'fc25', 'fc25gameplay', 'Português', 'Paivinha29', 'Carpentieri', 'Adolfz']",[],False
260,2025-04-27 04:31,660,ea-sports-fc-25,False,FlangoFC,pt,EA Sports FC 25,WL`s + PACOTES LIVE 24h,"['eafc25', 'Português', 'tradefifa']",['ProfanityVulgarity'],False
261,2025-04-27 04:44,966,fortnite,False,MatutosGaming,pt,Fortnite,LIVE para quem não dorme🌙 Madrugada com os Matutos 🔥NOS AJUDE A BATER AS METAS ❗Rifa ❗️pix ou ❗️donate Através do Paypal ✨ | ❗️jogar,"['BRASIL', 'JOGANDOCOMVIEWS', 'fortnitetrocacao', 'marvelrivals', 'NordesteGamer', 'LGBTQGamer', 'HumorNoGame', 'PS5', 'ZeroBuild', 'LGBTQGamers']",[],False
261,2025-04-27 04:44,966,fortnite,False,kariuxaa,pt,Fortnite,🟢RERUN🟢 FORTNITE !discord !insta !tiktok !pix🟢🟢,['Português'],[],False
261,2025-04-27 04:44,966,fortnite,False,gabryelCwB,pt,Fortnite,🟢REPRISE🟢Lobby do abalo 🟢💨💥 LOJA  2XSUBS !loja💥 !regras !tiktok,['Português'],[],False
262,2025-04-27 08:02,915,grand-theft-auto-v,False,RyanFeer,pt,Grand Theft Auto V,"Domingão,nada muda","['Português', 'CDA', 'gta', 'fivem', 'RP', 'PvP', 'metropole', 'cpx', 'CAPITAL', 'ProdigyRP']",['MatureGame'],False
262,2025-04-27 08:02,915,grand-theft-auto-v,False,iMarianaPit,pt,Grand Theft Auto V,"[ + 18 ] LADO LESTE - PIXATHON + SUBATHON DA MADRUGADA, EM MEIO A UM CAOS, O MEU CAOS !","['English', 'girlgamers', 'ＧTA5', 'Português', 'fivem', 'Alemanha', 'LadoLesteRP', 'ladolesteroleplay', 'ladolestept2', 'tropadaalemanha']",['MatureGame'],False
262,2025-04-27 08:02,915,grand-theft-auto-v,False,hazaprp,pt,Grand Theft Auto V,Prodigy 2.6 - Kennedy's - !LIVEPIX !PRODIGY !SR pra solicitar musica,"['RP', 'Português', 'ProdigyRP']",['MatureGame'],False
263,2025-04-27 08:19,1175,league-of-legends,False,Baiano,pt,League of Legends,🟢LCK AO VIVO: HLE 1 x 1 DK🟢 !kbmidl !bb !grupo !status #LCKWatchParty,['Português'],[],False
263,2025-04-27 08:19,1175,league-of-legends,False,Akrinuss,pt,League of Legends,40 hrs d LIVE - DICAS p subir de elo l Mestre !cortes !duo !analise !abt !facinho,"['Português', 'Reposição']",[],False
263,2025-04-27 08:19,1175,league-of-legends,False,Yokohamaa_,pt,League of Legends,MULHER OTP MORDEKAISER DO PRATA AO GM ❗discord ❗insta ❗duo,"['leagueoflegensd', 'Português', 'Lulu', 'valorant', 'songrequest']",['ProfanityVulgarity'],False
264,2025-04-27 08:41,603,the-sims-4,False,Kristina_is_Prada,en,The Sims 4,Shell Tours Day 2 [Eng/Jpn],"['Safeplace', 'Friendly', 'Educational', 'Sims', 'Japanese日本語', 'English', 'familyfriendly', 'Kyoto', 'cats', 'Dyslexia']",[],False
264,2025-04-27 08:41,603,the-sims-4,False,ZillaSimz,en,The Sims 4,"Going back to the beginning. Willow Creek and the unfinished house. !slap !creature, daily flower.","['English', '18plus', 'Norge', 'Norway', 'Anxiety', 'LGBTQFriendly', 'sims4', 'catmayshowup']",[],False
264,2025-04-27 08:42,603,the-sims-4,False,AusCatDad,en,The Sims 4,Super Sim - The awkward teen years | !cats,"['chill', 'Australian', 'English', 'BackseatGamingAllowed', 'cozy', 'bingo', 'Aussie', 'Variety']",[],False
265,2025-04-27 08:54,1097,marvel-rivals,False,aNaty_,pt,Marvel Rivals,💚 AO-VIVO RANKDES NOTURNAS❗PIX ❗COMANDOS,"['Português', 'Rankeds', 'Mulher', 'marvelrivals', 'gilr', 'jogosonline', 'DropsAtivados']",[],False
265,2025-04-27 08:54,1097,marvel-rivals,False,ckgeek,pt,Marvel Rivals,"PLAY DE FIM DE SEMANA, ESSE PLATINA TA SUADO EM ✅RERUN✅ AO VIVO AS 23:00","['Português', 'DropsAtivados']",[],False
265,2025-04-27 08:54,1097,marvel-rivals,False,amohrte,pt,Marvel Rivals,CONTINUANDO A PRESEPADA TENTANDO SAIR DO BRONZE // ✅ RERUN / REPRISE ✅,"['Português', 'funny', 'humor', 'amohrte', 'English', 'marvelrivals', 'fps', 'oblivion', 'tes4oblivion', 'DropsAtivados']",['ProfanityVulgarity'],False
266,2025-04-27 12:01,602,ea-sports-fc-25,False,xGuuhGabrielx,pt,EA Sports FC 25,"Prozin com Seguidores! Estamos 5/0 na WL em Busca do Rank 1, DMEs, Packs e Resenha | DIGITE !Livepix !cliente !grupo !meta !coins","['EASPORTS', 'EAFC', 'eafc25', 'ultimateteam', 'fc25', 'fc25gameplay', 'Português', 'Paivinha29', 'Carpentieri', 'Adolfz']",[],False
266,2025-04-27 12:01,602,ea-sports-fc-25,True,oBruxoFut,pt,EA Sports FC 25,✨ BARCOLA NA WL DA LIGUE 1 ❗️tatica ❗️sorteio ❗️lurdinha ❗️copa,"['Português', 'muitoelegante', 'charmoso', 'bonito', 'inteligente', 'carismático', 'educado', 'proplayer', 'futebol', 'fitness']",[],False
266,2025-04-27 12:01,602,ea-sports-fc-25,False,miguelitodoarrocha,pt,EA Sports FC 25,💥DOMINGÃO DE WL EM BUSCA DAS MITADAS NOS TOTS !! BEM VINDOS A LIVE DO MIGUELITO,"['Português', 'Portugal', 'Competitivo', 'resenha', 'Resenhando', 'ultimateteam', 'fifa', 'EAFC', 'eafc25', 'eafcsports']",[],False
267,2025-04-27 12:13,956,roblox,False,RobloxTV24H,pt,ROBLOX,VEM SE DIVERTIR 🤭 ROBLOX 🤖 COM AMIGOS 😁🎮,"['Português', 'English', 'robloxgames', 'dicas', 'gameplay', 'Reposição']",[],False
267,2025-04-27 12:13,956,roblox,False,oFredizin,pt,ROBLOX,ANIME SIEGE // ALS // ROCK FRUIT // ANIME KINGDOM! 🪐 !kots !dc !videonovo !apoiador,"['Português', 'Anime', 'roblox', 'minecraft', 'pixelmon', 'LurkFriendly', 'gaming', 'Chatting', 'PokemonCommunityGame']",[],False
267,2025-04-27 12:13,956,roblox,False,gamesbrtv,pt,ROBLOX,Rerun: Explorando Novos Mundos em Stumble Guys,"['Português', 'Engligh', 'Reposição', 'dicas', 'gameplay']",[],False
268,2025-04-27 12:31,941,valorant,False,lobaorj21,pt,VALORANT,Resenhando e jogando conversinhas fiadas !pix !instagram,"['Português', 'Competitivo', 'AMA', 'fps']",[],False
268,2025-04-27 12:31,941,valorant,True,BELKY,pt,VALORANT,RANKEDS & REVIEW / INGRESSOS PRA GAMESCOM EM SP / PARTICIPE E TENHA CHANCE DE GANHAR PELA JOGANDO MENTORA !MENTORA,"['Português', 'fps', 'PvP', 'valorant']",[],False
268,2025-04-27 12:32,941,valorant,False,oBenee,pt,VALORANT,RANKED 15sec DELAY -> ❗pix,['Português'],[],False
269,2025-04-27 12:49,929,league-of-legends,False,LTASul,pt,League of Legends,"RED 1x0 FXW7 | LTA Sul: Semana 4, Dia 2 | Segunda Etapa 2025 | Fase de Grupos (Md3)","['Português', 'LoL', 'LeagueofLegends', 'LTASul', 'LTA', 'DropsAtivados']",[],False
269,2025-04-27 12:50,929,league-of-legends,True,Baiano,pt,League of Legends,🟢 LTA SUL: RED 1 x 0 FXW7 | #LTA Official Co-stream - Round 4 🟢 !kbmidl !grupo !status,['Português'],[],False
269,2025-04-27 12:50,929,league-of-legends,False,Akrinuss,pt,League of Legends,RERUM !privacy - DICAS p subir de elo l Mestre !cortes !duo !analise !abt !facinho,"['Português', 'Reposição']",[],False
270,2025-04-27 13:07,889,grand-theft-auto-v,False,iMarianaPit,pt,Grand Theft Auto V,"[ + 18 ] LADO LESTE - PIXATHON + SUBATHON DA MADRUGADA, EM MEIO A UM CAOS, O MEU CAOS !","['English', 'girlgamers', 'ＧTA5', 'Português', 'fivem', 'Alemanha', 'LadoLesteRP', 'ladolesteroleplay', 'ladolestept2', 'tropadaalemanha']",['MatureGame'],False
270,2025-04-27 13:07,889,grand-theft-auto-v,False,CarlitoP1_,pt,Grand Theft Auto V,[CDA] SASP! Piloto Sênior QRV! Acompanhas no CIDADE ALTA ↠ Siga @carlitop1_,"['Português', 'CIDADEALTA', 'METROPOLE', 'GTARP', 'FIVEM', 'CarlitoP1', 'SPEED']",['MatureGame'],False
270,2025-04-27 13:07,889,grand-theft-auto-v,False,mcfanho_rp,pt,Grand Theft Auto V,[CPX]  +18 Droga é o FANHO (top 2 cpx awards mellhores p1 cpx),"['Português', 'Reposição']","['MatureGame', 'ProfanityVulgarity']",True
271,2025-04-27 16:01,872,the-sims-4,True,makkatv,pt,The Sims 4,🇵🇹 🔴 Big Makka - A ESTREIA 🔴STREAM 02/72 !youtube !tiktok !instagram #letsfgo,"['Retro', 'RPG', 'Story', 'Chatting', 'LoFi', 'Português', 'Firstplaythrough', 'Portugal', 'Singleplayer', 'Cozy']",[],False
271,2025-04-27 16:01,872,the-sims-4,False,linagamer03,pt,The Sims 4,Gameplay de The  Sims 4,"['Português', 'thesims4', 'Thesims4gameplay']",[],False
271,2025-04-27 16:01,872,the-sims-4,False,JuMandim,pt,The Sims 4,"Uma mudança necessária, confia! 🌾 || !comandos !pix !meme !modthesims4","['Português', 'JogoCasual', 'Brasil', 'stardewvalley', 'cozygames', 'pngtuber', 'Vtuber', 'arte', 'Keymailer', 'thesims4']",[],False
272,2025-04-27 16:18,1029,marvel-rivals,False,CahNepo,pt,Marvel Rivals,RANKEDS / MAIN SUP :D !PIX !AMAZON !EXITLAG !SOCIAIS #MarvelRivalsPartner #CriadorOverwatch,"['Português', 'Brasil', 'react', 'conversa', 'Competitivo', 'IRL', 'DropsAtivados']",[],False
272,2025-04-27 16:18,1029,marvel-rivals,True,ogabsttv,pt,Marvel Rivals,[DROPS ON] SALVANDO SEU DOMINGO COM ANALISE E PERONALIZADA,"['Português', 'humor', 'engraçado', 'DropsAtivados']",[],False
272,2025-04-27 16:18,1029,marvel-rivals,False,ckgeek,pt,Marvel Rivals,"PLAY DE FIM DE SEMANA, ESSE PLATINA TA SUADO EM ✅RERUN✅ AO VIVO AS 23:00","['Português', 'DropsAtivados']",[],False
273,2025-04-27 16:37,1140,fortnite,False,Pedro017Yt,pt,Fortnite,Vem jogar | Resgate Vbucks me ASSISTINDO,"['Português', 'Fortnite', 'Jogandocomespectadores', 'DropsEnable', 'Drops', 'reload', 'FamilyFriendly', 'PvP', 'drops', 'batlleroyale']",[],False
273,2025-04-27 16:37,1140,fortnite,True,kariuxaa,pt,Fortnite,🟢RERUN🟢 FORTNITE !discord !insta !tiktok !pix🟢🟢,['Português'],[],False
273,2025-04-27 16:37,1140,fortnite,False,gabryelCwB,pt,Fortnite,🟢REPRISE🟢Lobby do abalo 🟢💨💥 LOJA  2XSUBS !loja💥 !regras !tiktok,['Português'],[],False
274,2025-04-27 16:58,764,league-of-legends,False,hastad,pt,League of Legends,hastad - soloQ - VAYNE IS MY MAIN,"['Challenger', 'Português', 'Vayne']",[],False
274,2025-04-27 16:59,764,league-of-legends,True,niellelol,pt,League of Legends,[PT/BR] vTuber de Godzilla e LoL🦖🦖,"['Mordekaiser', 'SIGMA', 'based', 'Autismo', 'Godzilla', 'dinossauro', 'dinosaurs', 'Português']",[],False
274,2025-04-27 16:59,764,league-of-legends,False,Edicleiton_3,pt,League of Legends,"NOVA TEMPORADA , DROPS ON elo ❗chat (para SUB) ❗loja","['Português', 'HeterosexuaI', 'Bahia', 'Satanista']",['ProfanityVulgarity'],False
275,2025-04-27 17:13,734,roblox,False,LMALUM,pt,ROBLOX,Bora meu povo 🐐  -  ❗cine ❗donate,"['Português', 'TDAH', 'LGBT', 'RPG', 'MMO', 'MarvelRivalsPartner']",[],False
275,2025-04-27 17:13,734,roblox,True,gemrqs,pt,ROBLOX,GEOVANE - THE ERAS TOUR CINEMARQUES - ❗filmes ❗sub ❗pix  ❗clip  ❗sons ❗sr,"['LGBT', 'LGBTQ', 'gay', 'gaymer', 'Português', 'Humor', 'Música', 'Gostoso', 'cozy', 'Dance']",[],False
275,2025-04-27 17:14,734,roblox,False,LucasRoxGames,pt,ROBLOX,📢 TESTANDO JOGOS NO ROBLOX • SUGESTÕES? 📢 | !ROBLOX | !PIX | !SG | !SUB | !IOX | @LucasRoxGames,"['crypto', 'minecraft', 'roblox', 'garticphone', 'desenhos', 'Surdomudo', 'Português', 'lucasroxgames', 'interação', 'conversa']",[],False
276,2025-04-27 20:01,992,the-sims-4,False,JuhAparicio_jr,pt,The Sims 4,novo Desafio ( mudança de visual),"['Portugal', 'Português']",[],False
276,2025-04-27 20:02,992,the-sims-4,True,LelecoGaymer,pt,The Sims 4,BigMorte Streamers: O reality show mais mortal da internet (Estreia) | LelecoGaymer,"['Gay', 'Brasil', 'Urso', 'gaymer', 'Nordeste', 'bahia', 'LGBTQIAplus', 'Bear', 'thesims', 'BBB']",['ProfanityVulgarity'],False
276,2025-04-27 20:02,992,the-sims-4,False,rockangell_ll,pt,The Sims 4,🔞Midnights become my afternoons🎼❗️discord❗️donate❗️sr,"['gamergirl', 'eafcgameplay', 'AMA', 'Cooperativo', 'pcgameplay', 'keyboardplayer', 'Football', 'Português']",['ProfanityVulgarity'],False
277,2025-04-27 20:20,899,valorant,False,burrowhoo,pt,VALORANT,GRIND & @mentoratv MONO FLEX / Farme mecoins(subfarm3x)> !mentora !loja !elo !tiktok,"['skill', 'Português', 'entretenimiento', 'valorant']",[],False
277,2025-04-27 20:21,899,valorant,True,VALORANT_BR,pt,VALORANT,KRU 0x2 EG | VCT Americas 2025 | Playoffs - Dia 4 (MD3),['Português'],[],False
277,2025-04-27 20:21,899,valorant,False,TcK10,pt,VALORANT,KRU x EG | VCT AMÉRICAS 🏆 !GROWTH🏆 SIGA EM @TcK10 #VCTWatchParty,"['melhordomundo', 'radiante', 'incrível', 'valorant', 'Português']",[],False
278,2025-04-27 20:38,944,sea-of-thieves,False,seilalol,pt,Sea of Thieves,Virei um pirata,['Português'],[],False
278,2025-04-27 20:38,944,sea-of-thieves,False,Djang0Play,pt,Sea of Thieves,((DROP ON)) MERGULHANDO NOS TESOUROS TTS FALA ❗️PIX ❗️DONATE❗️TIKTOK❗️SUB❗️BITS,"['gameplay', 'Brasill', 'Português', 'PS5', 'pcgaming', 'SEA', 'seaofthieves', 'SeaOfThievesPartner']",[],False
278,2025-04-27 20:38,944,sea-of-thieves,False,Trollipi,pt,Sea of Thieves,🐾  LIVE ON 🐾    ┃   ❗DS❗PIX,"['Gay', 'Puppy', 'BR', 'Furry', 'Português']",['ProfanityVulgarity'],False
279,2025-04-27 20:56,1200,league-of-legends,True,Baiano,pt,League of Legends,🟢 LTA Norte - SR 1 x 1 DIG 🟢 | #LTA Official Co-stream - Round 4 | !kbmidl !grupo !status,['Português'],[],False
279,2025-04-27 20:56,1200,league-of-legends,False,sany_sah,pt,League of Legends,"FLEX com os manos 🌻 !soco, !tinder e !sr","['Brasil', 'ARAM', 'Português', 'lol', 'garotagamer', 'leagueoflegends', 'Anime', 'otakugirl']",[],False
279,2025-04-27 20:56,1200,league-of-legends,False,Akrinuss,pt,League of Legends,!privacy - DICAS p subir de elo l Mestre !cortes !duo !analise !abt !facinho,"['Português', 'Reposição']",[],False
280,2025-04-27 21:18,947,minecraft,False,ZAKl1k,pt,Minecraft,🟢 MINECRAFT | ⭐ GANHE ASSISTINDO | 🌟 REESTOQUE DIA 10 ou 16 às 18h | !loja !points !prime !sub,"['Português', 'Minecraft']",[],False
280,2025-04-27 21:18,947,minecraft,True,AnimeTvON,pt,Minecraft,RERUN🟢 MINECRAFT - CHUVA E TROVÕES🟢,"['Português', 'Brasil', 'minecrafit', 'Reposição']",[],False
280,2025-04-27 21:18,947,minecraft,False,guigaaslol,pt,Minecraft,🔴 CONVERSANDO |❗points❗loja ❗subgratis,['Português'],[],False
281,2025-04-28 00:01,1120,grand-theft-auto-v,False,oclenis,pt,Grand Theft Auto V,PRIMEIRO SUBATHON!! / +18 RP METRÓPOLE,"['Português', 'Reposição']",['MatureGame'],True
281,2025-04-28 00:01,1120,grand-theft-auto-v,True,AmaruC2,pt,Grand Theft Auto V,🔞 NOBRE ROLEPLAY 🔥 FIVE M ⚔️ ❗ ⚖️ PROCURADOR GERAL DA REPÚBLICA M.P.F. ❗ 😈 ANJINHO DA LEI ❗ 💭 RESENHA !pix !sub !server,"['gta', 'fivem', 'nobre', 'roleplay', 'fac', 'POLICIA', 'gta5', 'gtav', 'CidadeNobre', 'SantaGroupGG']",['MatureGame'],False
281,2025-04-28 00:01,1120,grand-theft-auto-v,False,naatfps,pt,Grand Theft Auto V,tô falando com a Moana ou a Naatfipis !plf !livepix @naatfps,"['FiveM', 'Português', 'Valorant', 'GTA', 'cpx', 'complexo', 'rp']",['MatureGame'],False
282,2025-04-28 00:22,639,league-of-legends,False,DeusaFatal,pt,League of Legends,ruivinha gótica matando o tédio nesse fim de domingo !pix !tesao,['Português'],['ProfanityVulgarity'],False
282,2025-04-28 00:22,639,league-of-legends,False,Akrinuss,pt,League of Legends,!privacy - DICAS p subir de elo l Mestre !cortes !duo !analise !abt !facinho,"['Português', 'Reposição']",[],False
282,2025-04-28 00:22,639,league-of-legends,False,fenand4,pt,League of Legends,melhor adc do meu bairro,['Português'],[],False
283,2025-04-28 00:35,1088,marvel-rivals,True,jaimeleef,pt,Marvel Rivals,Um noite de vitoria ou derrota?,"['Português', 'Anime', 'DropsAtivados']",[],False
283,2025-04-28 00:35,1088,marvel-rivals,False,jrodorfo,pt,Marvel Rivals,Entraram aqui em casa e calvaram meu streamer!! Rankeds na main dps com o chat! SIMBORA!,"['Português', 'DropsAtivados']",[],False
283,2025-04-28 00:35,1088,marvel-rivals,False,piVini_,pt,Marvel Rivals,Grind reverso 100% atualizado,"['Português', 'English', 'Russian', 'espanhol', 'DropsAtivados']",[],False
284,2025-04-28 04:01,698,minecraft,True,ZAKl1k,pt,Minecraft,🟢 MINECRAFT | ⭐ GANHE ASSISTINDO | 🌟 REESTOQUE DIA 10 ou 16 às 18h | !loja !points !prime !sub,"['Português', 'Minecraft']",[],False
284,2025-04-28 04:01,698,minecraft,False,EiMine77,pt,Minecraft,✅ RECOMPENSAS ON! | ⭐ SEJA RÁPIDO E GANHE UMA CAPA DE GRAÇA: !CAPA | 💘 INSTAGRAM: @EIMINE77 | !ajuda !rerun !sub !subgratis !loja,"['Minecraft', 'EiMine', 'Português']",[],False
284,2025-04-28 04:02,698,minecraft,False,AnimeTvON,pt,Minecraft,RERUN🟢 MINECRAFT - CHUVA E TROVÕES🟢,"['Português', 'Brasil', 'minecrafit', 'Reposição']",[],False
285,2025-04-28 04:16,941,overwatch-2,False,viniciusstocker,pt,Overwatch 2,"[DROPS ON] Domingo, preguiça e OW! Ajurda na meta 10 subs/2 mil beatles! 🥳 !milk !leklek !natal !pix !clip","['xbox', 'Português', 'console', 'XboxSeriesSX', 'campanha', 'Coop', 'modohistoria', 'amigos', 'PlayStation', 'deadbbydaylight']",['ProfanityVulgarity'],False
285,2025-04-28 04:16,941,overwatch-2,True,Cooruja,pt,Overwatch 2,[!DROP Faster] !Giveway da DOKIWATCH |🎁5 !Lootbox FREE | !Passefree !Agenda !Stadium,"['Autismo', 'TDAH', 'SafeSpace', 'Pai', 'Overwatch', 'Português', '4fun', 'casado', 'OWSeason16', 'DropsAtivados']",[],False
285,2025-04-28 04:16,941,overwatch-2,False,EriclesSavio10,pt,Overwatch 2,445 I (drops on) E lá se vai o final de semana❗btag ❗addmarvel❗sorteio ❗comandos,"['Português', 'fps', 'youtube', 'PlayStation', 'Overｗatch2', 'games', 'gameplay', 'marvelrivals', 'marvel', 'DropsAtivados']",[],False
286,2025-04-28 04:35,662,league-of-legends,False,niellelol,pt,League of Legends,[PT/BR] vtuber de Godzilla e Live de 24horas 🦖🦖,"['Mordekaiser', 'SIGMA', 'based', 'Autismo', 'Godzilla', 'dinossauro', 'dinosaurs', 'Português']",[],False
286,2025-04-28 04:35,662,league-of-legends,True,TwitchManiaco1,pt,League of Legends,Trabalhos - !loja !amém,"['Português', 'rato', 'monochamp', 'lol', 'jungle', 'Esquizofrenia', 'depressão', 'Challenger', 'VASCO']",[],True
286,2025-04-28 04:35,662,league-of-legends,False,arch1vesfps,pt,League of Legends,RERUN 🔥,"['en', 'cs2', 'Português']",[],False
287,2025-04-28 08:01,1186,fortnite,False,kariuxaa,pt,Fortnite,🟢RERUN🟢 FORTNITE !discord !insta !tiktok !pix🟢🟢,['Português'],[],False
287,2025-04-28 08:01,1186,fortnite,True,gabryelCwB,pt,Fortnite,🟢REPRISE🟢Lobby do abalo 🟢💨💥 LOJA  2XSUBS !loja💥 !regras !tiktok,['Português'],[],False
287,2025-04-28 08:01,1186,fortnite,False,jogabarbudo2,pt,Fortnite,Vem pro Fortnite !! deixa o like,['Português'],[],False
288,2025-04-28 08:24,1186,ea-sports-fc-25,False,xGuuhGabrielx,pt,EA Sports FC 25,"Rush, 9/1 na WL em Busca do Rank 1, DMEs, Packs e Resenha | DIGITE !Livepix !cliente !grupo !meta !coins","['EASPORTS', 'EAFC', 'eafc25', 'ultimateteam', 'fc25', 'fc25gameplay', 'Português', 'Paivinha29', 'Carpentieri', 'Adolfz']",[],False
288,2025-04-28 08:24,1186,ea-sports-fc-25,True,oBruxoFut,pt,EA Sports FC 25,✨ TIME FULL OURO NA WL DOS TOTS - RUMO AO RANK 0 ❗️tatica ❗️sorteio ❗️lurdinha ❗️copa,"['Português', 'muitoelegante', 'charmoso', 'bonito', 'inteligente', 'carismático', 'educado', 'proplayer', 'futebol', 'fitness']",[],False
288,2025-04-28 08:24,1186,ea-sports-fc-25,False,miguelitodoarrocha,pt,EA Sports FC 25,💥ganhei a Mateo tots ! bora testa!! bem vindos a live do Miguelito,"['Português', 'Portugal', 'Competitivo', 'resenha', 'Resenhando', 'ultimateteam', 'fifa', 'EAFC', 'eafc25', 'eafcsports']",[],False
289,2025-04-28 08:46,1192,league-of-legends,False,hastad,pt,League of Legends,hastad - soloQ - VAYNE IS MY MAIN,"['Challenger', 'Português', 'Vayne']",[],False
289,2025-04-28 08:46,1192,league-of-legends,False,Baiano,pt,League of Legends,🟢LPL AO VIVO: BLG 0 x 0 FPX🟢🌴!kbmidl !bb !grupo !status #LPLCOSTREAM,['Português'],[],False
289,2025-04-28 08:46,1192,league-of-legends,False,YoDa,pt,League of Legends,BOM DIA! SERVER V RISING DO YODISMO HOJE?,['Português'],[],False
290,2025-04-28 12:01,1076,marvel-rivals,False,Momolezinha,pt,Marvel Rivals,DROPS ON! Tocha Humana e Iron Fist são meus novos bebês!🔥SIGAM SOCIAIS -> @Momolezinha |❗pix❗analise ❗youtube,"['Português', 'Heroshooter', 'marvelrivals', 'Inglês', 'English']",[],False
290,2025-04-28 12:02,1076,marvel-rivals,False,LhamaInPijamas,pt,Marvel Rivals,(S1 GM1) (DROPS ON) GM VEM HOJE? DESCUBRA !livepix !elomarvel !discord,"['rpg', 'casual', 'Português', 'marvelrivals', 'rivals', 'marvelrival', 'DropsAtivados']",[],False
290,2025-04-28 12:02,1076,marvel-rivals,False,TvSerious,pt,Marvel Rivals,DROPS! RANKEDS! !bluestacks !giftcard !PIX #PCGamePassPartner,"['serious', 'smitebrasil', 'lgbtqia', 'Português', 'drops', 'MOBA', 'Cozy', 'cozygaming', 'Roguelike', 'Roguelite']",[],False
291,2025-04-28 12:22,670,minecraft,False,ZAKl1k,pt,Minecraft,🟢 MINECRAFT | ⭐ GANHE ASSISTINDO | 🌟 REESTOQUE DIA 10 ou 16 às 18h | !loja !points !prime !sub,"['Português', 'Minecraft']",[],False
291,2025-04-28 12:22,670,minecraft,False,EiMine77,pt,Minecraft,✅ RECOMPENSAS ON! | ⭐ SEJA RÁPIDO E GANHE UMA CAPA DE GRAÇA: !CAPA | 💘 INSTAGRAM: @EIMINE77 | !ajuda !rerun !sub !subgratis !loja,"['Minecraft', 'EiMine', 'Português']",[],False
291,2025-04-28 12:22,670,minecraft,False,AnimeTvON,pt,Minecraft,RERUN🟢 MINECRAFT - CHUVA E TROVÕES🟢,"['Português', 'Brasil', 'minecrafit', 'Reposição']",[],False
292,2025-04-28 12:35,1123,overwatch-2,True,joohn_garcia,pt,Overwatch 2,NOSSO LUGAR ESPECIAL - 🔵COD APOIADOR: JOHNZ,"['Gay', 'gameplay', 'nerd', 'playstation', 'inglês', 'Português', 'fortnite', 'Overawatch', 'terror', 'LGBTQIA']",[],False
292,2025-04-28 12:36,1123,overwatch-2,False,Cooruja,pt,Overwatch 2,[!DROP Faster] !Giveway da DOKIWATCH |🎁5 !Lootbox FREE | !Passefree !Agenda !Stadium,"['Autismo', 'TDAH', 'SafeSpace', 'Pai', 'Overwatch', 'Português', '4fun', 'casado', 'OWSeason16', 'DropsAtivados']",[],False
292,2025-04-28 12:36,1123,overwatch-2,False,Elllandria,pt,Overwatch 2,🔴 DROPS ON! Sorteio de 1 PACOTAÇO DOKIWATCH cedido pela Blizzard #OverwatchCreators #OW2Stadium #OW2Brasil !sorteio,"['Português', 'PC', 'Competitivo', 'marvelrivals', 'OverwatchCreators', 'Overｗatch2', 'MarvelRivalsPartner', 'HellfireGala', 'OW2Stadium', 'OW2Brasil']",[],False
293,2025-04-28 12:57,737,the-sims-4,False,lossayyy,en,The Sims 4,not-so-berry: gladys and beryl were MINT to be | !what !eacode,"['northernireland', 'ireland', 'irish', 'chaotic', 'safespace', 'funny', 'English', 'chatty', 'mentalhealth', 'Disabled']",[],False
293,2025-04-28 12:57,737,the-sims-4,True,xaturnyx,en,The Sims 4,sims legacy challenge part 9,"['English', 'oce', 'australia', 'girlgamers', 'girlgamer', 'Competitive', 'sims4', 'sims4legacy', 'barbielegacychallenge', 'valorant']",[],False
293,2025-04-28 12:57,737,the-sims-4,False,zefrine,en,The Sims 4,Co-Working & Coffee | Pomo 30/5 | #EAPartner ❗jbl ❗social,"['lgbtqia', 'English', 'plussize', 'Pansexual', 'BodyPositivity', 'wholesome', 'cozy', 'familyfriendly', 'bisexual', 'ADHD']",[],False
294,2025-04-28 13:11,1055,fortnite,True,AiNando1,pt,Fortnite,SOLO VS SQUAD VAMOS OU BORA  !  JOGANDO COM O CHAT  ❗JOGAR ❗NICK ❗ USE CODE: Ainando1 #AD❗PIX ❗Livepix❗JOGAR  ❗Comandos ❗instagram ❗apoie,"['Português', 'Fortnite', 'comedia', 'engraçado', 'live', 'Phasmophobia', 'liarsbar', 'StreamGamer', 'francais', 'tiktok']",[],False
294,2025-04-28 13:11,1055,fortnite,False,gabryelCwB,pt,Fortnite,🟢REPRISE🟢Lobby do abalo 🟢💨💥 LOJA  2XSUBS !loja💥 !regras !tiktok,['Português'],[],False
294,2025-04-28 13:11,1055,fortnite,False,MandLoor,pt,Fortnite,NET DE CARROÇA É OSSO! - USE CODE: LEIAH | !sr !pix !loja !comandos - #EpicPartner,"['Português', 'LGBTQ', 'Fortnite', 'battleroyale', 'fps', 'drops', 'jogandocomochat', 'vbucks', 'Reposição']",['ProfanityVulgarity'],False
295,2025-04-28 16:02,1118,marvel-rivals,True,ogabsttv,pt,Marvel Rivals,"[DROPS ON] RANKED DE ALTO NIVEL, ANALISE E TUDO QUE HÁ DE MELHOR","['Português', 'humor', 'engraçado', 'DropsAtivados']",[],False
295,2025-04-28 16:02,1118,marvel-rivals,False,Momolezinha,pt,Marvel Rivals,DROPS ON! Tocha Humana e Iron Fist são meus novos bebês!🔥SIGAM SOCIAIS -> @Momolezinha |❗pix❗analise ❗youtube,"['Português', 'Heroshooter', 'marvelrivals', 'Inglês', 'English']",[],False
295,2025-04-28 16:02,1118,marvel-rivals,False,ckgeek,pt,Marvel Rivals,AMASSANDO OU PASSANDO NERVOSO! ADIVINHA✅RERUN✅,"['Português', 'DropsAtivados']",[],False
296,2025-04-28 16:23,830,valorant,False,Frantchesko_FF,pt,VALORANT,💙 🔥 NARRADOR JOGANDO   | Farm Mecoins !farm | Jogando com Narrador  | ❗Pix | ❗Mentora |💜,"['valorant', 'Português', 'fps', 'cs', 'Freeefire', 'garena']",[],True
296,2025-04-28 16:23,830,valorant,True,TcK10,pt,VALORANT,C9 TCK ÚLTIMO DIA DE ATO MISSÃO IMPOSSÍVEL 🏆!SUPERBET !GROWTH🏆 SIGA EM @TcK10,"['melhordomundo', 'radiante', 'incrível', 'valorant', 'Português']",[],False
296,2025-04-28 16:23,830,valorant,False,a_sennan,pt,VALORANT,"(+18) ME AJUDA COM A META DIARIA? bits 6,90/ subs 9,90 !redes !pix !asenna !verificado","['Português', 'asenna', 'pedintevirtual', 'LGBT', 'mulhergamer', 'mulheresnatwitch', 'subathon', 'meninasgamers', 'gamergi']",['ProfanityVulgarity'],False
297,2025-04-28 16:39,1088,sea-of-thieves,False,JujubaNeko,pt,Sea of Thieves,[PT/BR +18] SEGUNDA DA PREGUIÇA! (XBOX SERIES S) Parceira do @lendasdomar - Código Epic JUJUBANEKO !cmds,"['Anime', 'MãeGamer', 'Brasil', 'Português', 'XboxSeriesS', 'PvP', 'Multiplayer', 'PvE', 'Aventura', 'Cooperativo']",['ProfanityVulgarity'],False
297,2025-04-28 16:39,1088,sea-of-thieves,True,lauro_pirola,pt,Sea of Thieves,[+18] ☭ Live Doutrinária - 28/04/2025 - !Comandos,['Português'],[],False
297,2025-04-28 16:39,1088,sea-of-thieves,False,DorSmiley,pt,Sea of Thieves,Ampulheta eta Parcerias:@lendasdomar @csotbr !Comandos !sr (música),"['Ação', 'Aventura', 'Comédia', 'Português', 'Xingamentos', 'seaofthieves', 'PvEPvP', 'SoTPvp', 'seaofthieveseason15']",['ProfanityVulgarity'],False
298,2025-04-28 20:02,986,grand-theft-auto-v,True,manowbrownrp,pt,Grand Theft Auto V,[ CPX / CAPITAL ] Manow Brown no RP,['Português'],['MatureGame'],False
298,2025-04-28 20:02,986,grand-theft-auto-v,False,ZocadioGames,pt,Grand Theft Auto V,[+18] Comissário da GCPD! Sobrevivencia de leve e depois RP #GothamCity❗Comandos,"['GTARP', 'complexo', 'Português', 'ZocadioGames', 'Zoca']",['MatureGame'],False
298,2025-04-28 20:02,986,grand-theft-auto-v,False,Tianegamer,pt,Grand Theft Auto V,[FLOW RP]Bora! CODIGUIM,['Português'],['MatureGame'],False
299,2025-04-28 20:21,1190,counter-strike,False,max_lemos,pt,Counter-Strike,"🟢AOVIVO🟢SORTEIO DE FACA, LOBBY DO ABALO COM O CHAT @gamersclubcs 🤑(R$2,000 + na !LOJA)🤑 - SUB 2X !SORTEIO !ZAP !PIX !LOJA !COMANDOS(+18)","['FPS', 'JOGOSDETIROS', 'simulador', 'Português', 'AMA', 'Jogadoresiniciantes', 'counterstrike2', 'dropshabilidados', 'cs2counterstrike2', 'cassinoonline']",['MatureGame'],False
299,2025-04-28 20:21,1190,counter-strike,True,shadowsganjaking,pt,Counter-Strike,🔞VEM F1 COM NOIX - LEGALIZANDO O CS2 E A TWITCH -  | !PIX |!loja| !CUPOM|,"['maconha', '420', 'CS2', 'Brasil', 'portugues', 'ganja', 'brasileiro', 'counterstrike', 'Cannabis', 'CannabisCommunity']",['MatureGame'],False
299,2025-04-28 20:21,1190,counter-strike,False,BrunoBalloni,pt,Counter-Strike,🟢VOLTAMOS!!! -> ❗regraloja❗farm ❗sub ❗msg ❗loja,"['Português', 'fps', 'Brasil', 'counterstrike', 'cs', 'cs2', 'brazil']",['MatureGame'],False
300,2025-04-28 20:43,1127,sea-of-thieves,True,JujubaNeko,pt,Sea of Thieves,[PT/BR +18] SEGUNDA DA PREGUIÇA! (XBOX SERIES S) Parceira do @lendasdomar - Código Epic JUJUBANEKO !cmds,"['Anime', 'MãeGamer', 'Brasil', 'Português', 'XboxSeriesS', 'PvP', 'Multiplayer', 'PvE', 'Aventura', 'Cooperativo']",['ProfanityVulgarity'],False
300,2025-04-28 20:43,1127,sea-of-thieves,False,Djang0Play,pt,Sea of Thieves,MERGULHANDO NOS TESOUROS TTS FALA ❗️PIX ❗️DONATE❗️TIKTOK❗️SUB❗️BITS,"['gameplay', 'Brasill', 'Português', 'PS5', 'pcgaming', 'SEA', 'seaofthieves', 'SeaOfThievesPartner']",[],False
300,2025-04-28 20:43,1127,sea-of-thieves,False,Akalius,pt,Sea of Thieves,SEQUESTREI OS CARA DO WOW KKKKKKKKKKK - !pix !discord,"['Português', 'Grêmio', 'JogadeTudo', 'Acumulador']",['ProfanityVulgarity'],False
301,2025-04-28 21:04,1052,valorant,False,frttt,pt,VALORANT,🟢AO VIVO - RADIANTE GAMEPLAYS - !curso !aulas,['Português'],[],False
301,2025-04-28 21:04,1052,valorant,False,Muh_Ra,pt,VALORANT,(+18) Tamo aí na atividade!,['Português'],[],False
301,2025-04-28 21:04,1052,valorant,False,MegeraBruna,pt,VALORANT,EU SURO! É JÉRIO! [+18] / !discord / !elo / !regras / !pix / !instagram/ !nick/ !Sorteio/ !clip/ !Sr /  !subathon,"['Português', 'valorant', 'gamergirl', 'fps', 'gamer']",[],False
302,2025-04-28 21:24,653,minecraft,True,ZAKl1k,pt,Minecraft,🟢 MINECRAFT | ⭐ GANHE ASSISTINDO | 🌟 REESTOQUE DIA 10 ou 16 às 18h | !loja !points !prime !sub,"['Português', 'Minecraft']",[],False
302,2025-04-28 21:24,653,minecraft,False,oimaay,pt,Minecraft,🧟‍♀️| MINE COBBLEMON COM - @frausgg @black_is_on @sadmg18 @kylestblue @eutheryan @nanallve @teus_belizario  !cpc !pix !youtube !ajuda,"['may', 'oimay', 'jogando', 'Português', 'terror', 'mine', 'drop', 'fps', 'minecraft']",['ProfanityVulgarity'],False
302,2025-04-28 21:24,653,minecraft,False,AnimeTvON,pt,Minecraft,RERUN🟢 MINECRAFT - CHUVA E TROVÕES🟢,"['Português', 'Brasil', 'minecrafit', 'Reposição']",[],False
303,2025-04-29 00:02,845,grand-theft-auto-v,True,manowbrownrp,pt,Grand Theft Auto V,[ CPX / CAPITAL ] Manow Brown no RP,['Português'],['MatureGame'],False
303,2025-04-29 00:02,845,grand-theft-auto-v,False,CriaPlayer,pt,Grand Theft Auto V,🎃GOTHAM RP🎃 #100 FARME E FARME E FARME.... #VdgPraKrlh #TropaDosDodóis !gotham !fancam,['Português'],"['MatureGame', 'ProfanityVulgarity']",False
303,2025-04-29 00:02,845,grand-theft-auto-v,False,naatfps,pt,Grand Theft Auto V,tô falando com a Moana ou a Naatfipis !plf !livepix @naatfps,"['FiveM', 'Português', 'Valorant', 'GTA', 'cpx', 'complexo', 'rp']",['MatureGame'],False
304,2025-04-29 00:18,683,minecraft,False,ZAKl1k,pt,Minecraft,🟢 MINECRAFT | ⭐ GANHE ASSISTINDO | 🌟 REESTOQUE DIA 10 ou 16 às 18h | !loja !points !prime !sub,"['Português', 'Minecraft']",[],False
304,2025-04-29 00:18,683,minecraft,True,TioVedson,pt,Minecraft,VirtuCraft: servidor aberto - !f9 !bença #OTB @donnadeh @teeckot,"['Rock', 'OTB', 'Tiozão', 'PiadadeTiozão', 'SlowRun', 'Português', 'GamerCasual', 'Grêmio', 'EuroTruckSimulator2', 'minecraft']",[],False
304,2025-04-29 00:18,683,minecraft,False,AnimeTvON,pt,Minecraft,RERUN🟢 MINECRAFT - CHUVA E TROVÕES🟢,"['Português', 'Brasil', 'minecrafit', 'Reposição']",[],False
305,2025-04-29 00:32,845,marvel-rivals,False,piVini_,pt,Marvel Rivals,Grind reverso 100% atualizado,"['Português', 'English', 'Russian', 'espanhol', 'DropsAtivados']",[],False
305,2025-04-29 00:32,845,marvel-rivals,False,podnoob,pt,Marvel Rivals,─╤╦︻3=(◣_◢)=Ƹ︻╦╤─,"['Português', 'dixlecia', 'LGBTQIAFriendlySpace', 'pan', 'marvelrivals', 'marvel', 'subathon', 'subathonstream', 'DropsAtivados']",[],False
305,2025-04-29 00:32,845,marvel-rivals,False,ckgeek,pt,Marvel Rivals,AMASSANDO OU PASSANDO NERVOSO! ADIVINHA✅RERUN✅,"['Português', 'DropsAtivados']",[],False
306,2025-04-29 04:01,673,roblox,False,SophyySol,pt,ROBLOX,.! 💜 !Meta !Loja !Discord !Pix,"['Português', 'English', 'Vtuber', 'LGBT', 'Trans', 'femboy', 'ragnatales', 'ravenquest']",[],False
306,2025-04-29 04:02,673,roblox,True,gtgastoo,pt,ROBLOX,"Cansei de FF, mas um dia eu volto! | !pix !dc !ig !yt","['Português', 'jogos', 'conversa', 'Freeefire', 'gameplay', 'jogosdeterror', 'ff', 'minecraft', 'Brasil', 'games']",[],False
306,2025-04-29 04:02,673,roblox,False,costelinhameuamigo,pt,ROBLOX,Rerun: Desafios Insanos no Roblox: Vamos Jogar Juntos!,"['Português', 'English', 'dicas', 'gameplay', 'Reposição']",[],False
307,2025-04-29 04:15,1099,fortnite,False,Mydocinho,pt,Fortnite,BORA JOGAR UM FORTNITE? ♥,['Português'],[],False
307,2025-04-29 04:15,1099,fortnite,False,kariuxaa,pt,Fortnite,💚💚💚RERUN💚💚💚FORTNITE !discord !insta !tiktok !pix💚💚💚💚💚,['Português'],[],False
307,2025-04-29 04:15,1099,fortnite,False,ShowZinN,pt,Fortnite,COLA AI SOU LEGAL  =D  #USE CODE SHOWZIN #ad ❗️EARNINGS ❗️PIX ❗️Onlyfas ❗️Jogar ❗️Fila ❗️Sair ❗️msg,"['Português', 'AMA', 'JogarComEspetadores', 'Casual']",[],False
308,2025-04-29 04:36,733,valorant,False,amandadetonatiii,pt,VALORANT,ÚLTIMO DIA PARA PEGAR IMORTAL  !tiktok !exitlag !amazon !pix !video !discord !youtube,"['Português', 'miruda', 'troll', 'radianteumavez']",[],False
308,2025-04-29 04:36,733,valorant,False,Jhenerff,pt,VALORANT,Antes tarde do que mais tarde -  !pix !elo !tinder,"['interação', 'conversa', 'português', 'ruiva', 'Português', 'fps']",[],False
308,2025-04-29 04:36,733,valorant,False,oBenee,pt,VALORANT,RANKED 15sec DELAY -> ❗pix,['Português'],[],False
309,2025-04-29 04:50,881,league-of-legends,False,TwitchManiaco1,pt,League of Legends,Trabalhos - !loja,"['Português', 'rato', 'monochamp', 'lol', 'jungle', 'Esquizofrenia', 'depressão', 'Challenger', 'VASCO']",[],True
309,2025-04-29 04:50,881,league-of-legends,True,guguole,pt,League of Legends,"+18(SR ON) Ultimos dias para bater a meta do mês, help  !pix","['JogandocomEspectadores', 'Lux', 'LeagueOfLegends', 'LGBTQIA', 'Português', 'mestre', 'holidayhoopla', 'chill', 'Milio']",[],False
309,2025-04-29 04:50,881,league-of-legends,False,a_sennan,pt,League of Legends,"(+18) ME AJUDA COM A META DIARIA? bits 6,90/ subs 9,90 !redes !pix !asenna !verificado","['Português', 'asenna', 'pedintevirtual', 'LGBT', 'mulhergamer', 'mulheresnatwitch', 'subathon', 'meninasgamers', 'gamergi']",['ProfanityVulgarity'],False
310,2025-04-29 08:01,736,marvel-rivals,True,oPontifeX,pt,Marvel Rivals,MARVEL RIVALS | !jogar !clipe !bits !discord !donate !livepix !pix !redes | Closed Caption,"['ClosedCaption', 'Português', 'LGBT', 'EmmaFrost', 'SpiderMan', 'Venon', 'IronMan', 'MarvelRivals', 'Thor', 'Marvel']",[],False
310,2025-04-29 08:01,736,marvel-rivals,False,LhamaInPijamas,pt,Marvel Rivals,(S1 GM1) (DROPS ON) GM VEM HOJE? DESCUBRA !livepix !elomarvel !discord,"['rpg', 'casual', 'Português', 'marvelrivals', 'rivals', 'marvelrival', 'DropsAtivados']",[],False
310,2025-04-29 08:01,736,marvel-rivals,False,ckgeek,pt,Marvel Rivals,AMASSANDO OU PASSANDO NERVOSO! ADIVINHA✅RERUN✅,"['Português', 'DropsAtivados']",[],False
311,2025-04-29 08:15,983,fortnite,False,NYKAGAMER_,pt,Fortnite,HELLO❗️code ❗️LIVEPIX ❗️Onlyfans ❗️Comandos ❗️Discord ❗️Clip,"['Fortnite', 'Português', 'Mulher', 'brasil', 'Español', '한국어', 'Русский', '漢語', 'ภาษาไทย', '日本語']",[],False
311,2025-04-29 08:16,983,fortnite,True,kariuxaa,pt,Fortnite,💚💚💚RERUN💚💚💚FORTNITE !discord !insta !tiktok !pix💚💚💚💚💚,['Português'],[],False
311,2025-04-29 08:16,983,fortnite,False,gabryelCwB,pt,Fortnite,🟢REPRISE🟢Lobby do abalo 🟢💨💥 LOJA  2XSUBS !loja💥 !regras !tiktok,['Português'],[],False
312,2025-04-29 08:34,665,ea-sports-fc-25,True,miguelitodoarrocha,pt,EA Sports FC 25,💥Copa Tots ligue One + rivais +rush bem vindos a live do Miguelito,"['Português', 'Portugal', 'Competitivo', 'resenha', 'Resenhando', 'ultimateteam', 'fifa', 'EAFC', 'eafc25', 'eafcsports']",[],False
312,2025-04-29 08:34,665,ea-sports-fc-25,False,Fifandrade,pt,EA Sports FC 25,GINOLA 4 PS+ CHEGA AO MALDRADE PRA WL! !donate1 !donate2 !coins !sub !pix,"['Português', 'eaesports', 'EAFC', 'eafc25', 'ultimateteam', 'fc25', 'fc25gameplay']",[],False
312,2025-04-29 08:34,665,ea-sports-fc-25,False,Burstlegacy,pt,EA Sports FC 25,[PT/EN/ES] Ep. 23 - FUT Champions e WWE 2K25 (Preparar os ratings) se n faltar luz !wwe,"['esports', 'wrestling', 'wwe', 'aew', 'fifa', 'coach', 'entertainer', 'Português', 'ISGeSports']",[],False
313,2025-04-29 12:01,853,league-of-legends,False,hastad,pt,League of Legends,hastad - soloQ - VAYNE IS MY MAIN,"['Challenger', 'Português', 'Vayne']",[],False
313,2025-04-29 12:01,853,league-of-legends,False,niellelol,pt,League of Legends,[PT/BR] vtuber de Godzilla e Mestrola 🦖🦖,"['Mordekaiser', 'SIGMA', 'based', 'Autismo', 'Godzilla', 'dinossauro', 'dinosaurs', 'Português']",[],False
313,2025-04-29 12:01,853,league-of-legends,False,Baiano,pt,League of Legends,🟢 AO VIVO: LPL - BLG x WBG 🟢 🌴 !kbmidl !grupo !bb  !status #LPLCOSTREAM,['Português'],[],False
314,2025-04-29 12:18,919,grand-theft-auto-v,False,RyanFeer,pt,Grand Theft Auto V,Imagine Um Titulo Criativo,"['Português', 'CDA', 'gta', 'fivem', 'RP', 'PvP', 'metropole', 'cpx', 'CAPITAL', 'ProdigyRP']",['MatureGame'],False
314,2025-04-29 12:18,919,grand-theft-auto-v,True,AmaruC2,pt,Grand Theft Auto V,🔞 NOBRE ROLEPLAY 🔥 FIVE M ⚔️ ❗ ⚖️ PROCURADOR GERAL DA REPÚBLICA M.P.F. ❗ 😈 ANJINHO DA LEI ❗ 💭 RESENHA !pix !sub !server,"['gta', 'fivem', 'nobre', 'roleplay', 'fac', 'POLICIA', 'gta5', 'gtav', 'CidadeNobre', 'SantaGroupGG']",['MatureGame'],False
314,2025-04-29 12:18,919,grand-theft-auto-v,False,eldomgames,pt,Grand Theft Auto V,(4LIFE) GRIPADO | !4liferp | !pix | !pc | !regras,['Português'],['MatureGame'],True
315,2025-04-29 12:35,1141,marvel-rivals,False,Momolezinha,pt,Marvel Rivals,(DROPS ON) Tocha Humana e Iron Fist são meus novos bebês!🔥SIGAM SOCIAIS -> @Momolezinha |❗pix❗analise ❗youtube,"['Português', 'Heroshooter', 'marvelrivals', 'Inglês', 'English', 'DropsAtivados']",[],False
315,2025-04-29 12:35,1141,marvel-rivals,False,LhamaInPijamas,pt,Marvel Rivals,(S1 GM1) (DROPS ON) GM VEM HOJE? DESCUBRA !livepix !elomarvel !discord,"['rpg', 'casual', 'Português', 'marvelrivals', 'rivals', 'marvelrival', 'DropsAtivados']",[],False
315,2025-04-29 12:35,1141,marvel-rivals,False,ckgeek,pt,Marvel Rivals,AMASSANDO OU PASSANDO NERVOSO! ADIVINHA✅RERUN✅,"['Português', 'DropsAtivados']",[],False
316,2025-04-29 12:57,610,minecraft,False,EiMine77,pt,Minecraft,✅ RECOMPENSAS ON! | ⭐ SEJA RÁPIDO E GANHE UMA CAPA DE GRAÇA: !CAPA | 💘 INSTAGRAM: @EIMINE77 | !ajuda !rerun !sub !subgratis !loja,"['Minecraft', 'EiMine', 'Português']",[],False
316,2025-04-29 12:57,610,minecraft,False,AnimeTvON,pt,Minecraft,RERUN🟢 MINECRAFT - CHUVA E TROVÕES🟢,"['Português', 'Brasil', 'minecrafit', 'Reposição']",[],False
316,2025-04-29 12:57,610,minecraft,False,HenriqueOph,pt,Minecraft,HARDCORE 1.21.4 +50 DIAS EP 03,"['Português', 'minecraft', 'Hardcore', 'HardMode', 'sobrevivencia', '1VIDA', 'hardcoregamer', 'Singlerplayer']",[],False
317,2025-04-29 13:09,685,roblox,False,FABIOKFF,pt,ROBLOX,Trilhos Mortos,['Português'],[],False
317,2025-04-29 13:09,685,roblox,False,gg_celoso,pt,ROBLOX,🔴AJUDANDO GERAL E EM BUSCA DO DIVINO🔴,"['PC', 'Mobile', 'Ps4', 'Português', 'Xbox', 'roblox', 'stumbleguys', 'StumbleGuyslive', 'stumbleguysblockdash', 'roblox']",[],False
317,2025-04-29 13:09,685,roblox,False,InanaCake,pt,ROBLOX,【VTUBER+18】❝ VEM JOGAR ROBLOX COM A SUA NAMORADA  ❞  ↪ ❗pix | ❗dakimakura | ❗Overclock | ❗Nuuvem | ❗Allstar,"['Português', 'vtuber', 'vtuberbr', 'comfy', 'gameplay', 'Chatting', 'anime', 'ASMRvisual', 'ASMR']",['ProfanityVulgarity'],False
318,2025-04-29 16:02,770,counter-strike,False,shadowsganjaking,pt,Counter-Strike,🔞VEM F1 COM NOIX - LEGALIZANDO O CS2 E A TWITCH -  | !PIX |!loja| !CUPOM|,"['maconha', '420', 'CS2', 'Brasil', 'portugues', 'ganja', 'brasileiro', 'counterstrike', 'Cannabis', 'CannabisCommunity']",['MatureGame'],False
318,2025-04-29 16:02,770,counter-strike,True,SLKRETROZADA,pt,Counter-Strike,DANDO A VIDA NA GC!🔥 @gamersclubcs| CSGO.NET  !otimização @matazera @pezingamer @G44bsMDK   @betaozera,"['portugues', 'competitivo', 'proplayerPortuguês', 'proplayer', 'proplayer', 'CS2', 'cs2counterstrike2', 'cs2major', 'luqueta', 'subathon']",['MatureGame'],False
318,2025-04-29 16:02,770,counter-strike,False,BrunoBalloni,pt,Counter-Strike,🔴RERUN!!! -> ❗regraloja❗farm ❗sub ❗msg ❗loja,"['Português', 'fps', 'Brasil', 'counterstrike', 'cs', 'cs2', 'brazil']",['MatureGame'],False
319,2025-04-29 16:17,755,roblox,True,SophyySol,pt,ROBLOX,.! 💜 !Meta !Loja !Discord !Pix,"['Português', 'English', 'Vtuber', 'LGBT', 'Trans', 'femboy', 'ragnatales', 'ravenquest']",[],False
319,2025-04-29 16:17,755,roblox,False,mobydick_tv,pt,ROBLOX,VEM PRA LIVE !PIX PRA MANDA UMA MSG ESCRITA OU DE AUDIO BORA DE [ROBLOX],['Português'],[],False
319,2025-04-29 16:17,755,roblox,False,gg_celoso,pt,ROBLOX,🔴AJUDANDO GERAL E EM BUSCA DO DIVINO🔴,"['PC', 'Mobile', 'Ps4', 'Português', 'Xbox', 'roblox', 'stumbleguys', 'StumbleGuyslive', 'stumbleguysblockdash', 'roblox']",[],False
320,2025-04-29 16:32,872,the-sims-4,False,renatisses,pt,The Sims 4,Continuando nosso legado no ts4 !redes !pix !discord,"['Brasil', 'Português', 'sorteio', 'thesims']",[],False
320,2025-04-29 16:32,872,the-sims-4,True,MirianeOliveira,pt,The Sims 4,Desafio Not So Berry 3.0 Melhorado - Geração 3 Melancia Amarela 💛| !clip !discord !sociais !loja,"['Português', 'simulação', 'simulador', 'brasil', 'ptbr']",[],False
320,2025-04-29 16:32,872,the-sims-4,False,morgana_calixtogames,pt,The Sims 4,Desafio Mão leve com Ruth Araujo ✋️ ❗pix ❗steam ❗galeria ❗discord,"['Mulher', 'tag', 'gameplay', 'sonaconversa', 'Português', 'thesims4']",[],False
321,2025-04-29 16:49,1187,valorant,False,saske_vlr,pt,VALORANT,CLASSIFICADO PARA A LAN NA GAMESCOM I METINHA DE ABRIL I ❗meta ❗exitlag ❗mentora  ❗pix ❗comandos ❗sociais,['Português'],['ProfanityVulgarity'],False
321,2025-04-29 16:49,1187,valorant,False,VALORANT_BR,pt,VALORANT,SCCP x TLV | 2G x MIBR | Game Changers Brazil 2025 Etapa 1 | Playoffs - Dia 1 (MD3),['Português'],[],False
321,2025-04-29 16:49,1187,valorant,False,DennisRii,pt,VALORANT,loucura loucura loucura❗pix❗dc❗comandos | faço parte da @tiltgameteam,"['Reposição', 'Português', 'fortinte', 'Bi', 'Brasill', 'minecraftsurivial']",[],False
322,2025-04-29 17:11,1172,grand-theft-auto-v,False,AmaruC2,pt,Grand Theft Auto V,🔞 NOBRE ROLEPLAY 🔥 FIVE M ⚔️ ❗ ⚖️ PROCURADOR GERAL DA REPÚBLICA M.P.F. ❗ 😈 ANJINHO DA LEI ❗ 💭 RESENHA !pix !sub !server,"['gta', 'fivem', 'nobre', 'roleplay', 'fac', 'POLICIA', 'gta5', 'gtav', 'CidadeNobre', 'SantaGroupGG']",['MatureGame'],False
322,2025-04-29 17:12,1172,grand-theft-auto-v,False,emitezinFPS,pt,Grand Theft Auto V,+18 [CPX] EP 15º buxa avançado do GAM em QRV | SIGA @emitezinfps ❗sub ❗clip ❗pix ❗doar ❗comands,"['Português', 'emitêzinFPS', 'EmitêP1DeL']",['MatureGame'],True
322,2025-04-29 17:12,1172,grand-theft-auto-v,False,yunizinhafps,pt,Grand Theft Auto V,"💜💥YUNI, MAIS UM DIA  [COMANDO]   ❗UVRP ❗LIVEPIX ❗DISCORDYUNI","['Português', 'coringarp', 'GTARPLIVE', 'datenarp', 'gtavrproleplay', 'ＧTA5', 'gtandTheftAutoV', 'ComplexoRP', 'redbeiramar', 'paulinhooloko']",['MatureGame'],False
323,2025-04-29 20:01,997,the-sims-4,True,renatisses,pt,The Sims 4,Continuando nosso legado no ts4 !redes !pix !discord,"['Brasil', 'Português', 'sorteio', 'thesims']",[],False
323,2025-04-29 20:01,997,the-sims-4,False,makkatv,pt,The Sims 4,🇵🇹 🔴 Big Makka (Reality Show) - (PROVA DE RESISTÊNCIA - VENCEDOR FICA NO QUARTO VERMELHO ATÉ DOMINGO) - DAY 3 - 🔴STREAM 04/72 #letsfgo,"['Retro', 'RPG', 'Story', 'Chatting', 'LoFi', 'Português', 'Firstplaythrough', 'Portugal', 'Singleplayer', 'Cozy']",[],False
323,2025-04-29 20:01,997,the-sims-4,False,gemrqs,pt,The Sims 4,manicomio & loucuras ❗filmes ❗sub ❗pix  ❗clip  ❗sons ❗sr,"['LGBT', 'LGBTQ', 'gay', 'gaymer', 'Português', 'Humor', 'Música', 'Gostoso', 'cozy', 'Dance']",[],False
324,2025-04-29 20:20,836,minecraft,False,Malena0202,pt,Minecraft,🔴Hora de por o plano em prática! | ARKANIS | TEMP 2 - EP 07,"['LGBT', 'Português', 'Gamer', 'Streamer', 'Aposentada', 'minecraft', 'arkanis']",[],False
324,2025-04-29 20:20,836,minecraft,False,ZAKl1k,pt,Minecraft,🟢 MINECRAFT | ⭐ GANHE ASSISTINDO | 🌟 REESTOQUE DIA 10 ou 16 às 18h | !loja !points !prime !sub,"['Português', 'Minecraft']",[],False
324,2025-04-29 20:20,836,minecraft,False,AnimeTvON,pt,Minecraft,RERUN🟢 MINECRAFT - CHUVA E TROVÕES🟢,"['Português', 'Brasil', 'minecrafit', 'Reposição']",[],False
325,2025-04-29 20:36,916,grand-theft-auto-v,True,CriaPlayer,pt,Grand Theft Auto V,🎃GOTHAM RP🎃 #101 CONTRAVENTORES DE JOGOS ILEGAIS!!! #VdgPraKrlh #TropaDosDodóis !gotham !fancam !TDD,['Português'],"['MatureGame', 'ProfanityVulgarity']",False
325,2025-04-29 20:36,916,grand-theft-auto-v,False,Tianegamer,pt,Grand Theft Auto V,[METACITY] Bora! CODIGUIM,['Português'],['MatureGame'],False
325,2025-04-29 20:36,916,grand-theft-auto-v,False,yunizinhafps,pt,Grand Theft Auto V,"💜💥YUNI, MAIS UM DIA  [COMANDO]   ❗UVRP ❗LIVEPIX ❗DISCORDYUNI","['Português', 'coringarp', 'GTARPLIVE', 'datenarp', 'gtavrproleplay', 'ＧTA5', 'gtandTheftAutoV', 'ComplexoRP', 'redbeiramar', 'paulinhooloko']",['MatureGame'],False
326,2025-04-29 20:54,822,league-of-legends,True,niellelol,pt,League of Legends,[PT/BR] vtuber de Godzilla e Mestrola 🦖🦖,"['Mordekaiser', 'SIGMA', 'based', 'Autismo', 'Godzilla', 'dinossauro', 'dinosaurs', 'Português']",[],False
326,2025-04-29 20:54,822,league-of-legends,False,tyyblackthorn,pt,League of Legends,SoloQ Aphelios | !meta !pix,"['Português', 'LGBT', 'Gay', 'Aphelios', 'Hwei', 'Depressão', 'TDAH']",[],False
326,2025-04-29 20:54,822,league-of-legends,False,Baiano,pt,League of Legends,🟢 STE 1 x 0 FLA | CIRCUITO DESAFIANTE 🟢🌴 !status !grupo !kbmidl,['Português'],[],False
327,2025-04-30 00:02,1146,league-of-legends,False,MichaMon,pt,League of Legends,🌼 Gruds naits piazada! 🌼❗sorteio ❗msg ❗pix ❗sr ❗disc,"['Português', 'Mulher', 'gameplaycriminosa', 'cacheada', 'yulla', 'kennzy', 'girl']",[],False
327,2025-04-30 00:02,1146,league-of-legends,False,guguole,pt,League of Legends,"+18(SR ON) Ultimos dias para bater a meta do mês, help  !pix","['JogandocomEspectadores', 'Lux', 'LeagueOfLegends', 'LGBTQIA', 'Português', 'mestre', 'holidayhoopla', 'chill', 'Milio']",[],False
327,2025-04-30 00:02,1146,league-of-legends,False,a_sennan,pt,League of Legends,"(+18) Pyna e Perdy! ME AJUDA COM A META DIARIA? bits 6,90/ subs 9,90 !redes !pix !asenna !verificado","['Português', 'asenna', 'pedintevirtual', 'LGBT', 'mulhergamer', 'mulheresnatwitch', 'subathon', 'meninasgamers', 'gamergi']",['ProfanityVulgarity'],False
328,2025-04-30 00:23,796,fortnite,False,kariuxaa,pt,Fortnite,💚💚💚RERUN💚💚💚FORTNITE !discord !insta !tiktok !pix💚💚💚💚💚,['Português'],[],False
328,2025-04-30 00:23,796,fortnite,True,Praxt_,pt,Fortnite,RESGATE SUA SKIN GRÁTIS | FORTNITE  !jogar !sociais,"['Português', 'Fortnite', 'vbucks', 'AMA', 'PlayingwWithViewers', 'SeiosFartos', 'regras', 'LGBT', 'ＬＯＬ', 'LiveFamilia']",[],False
328,2025-04-30 00:23,796,fortnite,False,Rochanzin,pt,Fortnite,GRIND INFINITO l USE CODE ROCHAN #ad !add !exitlag !livepix,"['Português', 'Rochanzin', 'rochan', 'fortnite', 'rankedfortnite']",[],False
329,2025-04-30 00:39,704,grand-theft-auto-v,False,LimaozinhoTv,pt,Grand Theft Auto V,MISSÃO DOS PATRÕES CONCLUIDAS QUAL VAI SER OS PROXIMOS PASSO  [CPX] ♛ 01 DOS CRIAS ♛ Ep.74 +18,"['GtaRp', 'Roleplay', 'Português', 'GTAⅤ', 'ＧTA5', 'ComplexoRP', 'complexo', 'RP', 'crias', 'gta']",['MatureGame'],False
329,2025-04-30 00:39,704,grand-theft-auto-v,True,bombombela,pt,Grand Theft Auto V,+18🔞[HollyWood] 1 Sub 1 glub glub💦 ❗pix❗gf ❗sub ❗insta ❗youtube ❗BA ❗+18 ❗LOL ❗Valorant  ❗patrocinador,['Português'],"['MatureGame', 'ProfanityVulgarity']",True
329,2025-04-30 00:39,704,grand-theft-auto-v,False,yunizinhafps,pt,Grand Theft Auto V,"💜💥YUNI, MAIS UM DIA  [COMANDO]   ❗UVRP ❗LIVEPIX ❗DISCORDYUNI","['Português', 'coringarp', 'GTARPLIVE', 'datenarp', 'gtavrproleplay', 'ＧTA5', 'gtandTheftAutoV', 'ComplexoRP', 'redbeiramar', 'paulinhooloko']",['MatureGame'],False
330,2025-04-30 04:01,634,marvel-rivals,True,jrodorfo,pt,Marvel Rivals,(drops on) LIVE DE 24HRS + COSPOBRE DA APOSTA EM BREVE! Simbora de rankeds na main!,"['Português', 'DropsAtivados']",[],False
330,2025-04-30 04:01,634,marvel-rivals,False,Thats_Lyn,pt,Marvel Rivals,Terçou! #rpg #fps #res4 #zelda #retro,"['Português', 'DropsAtivados']",[],False
330,2025-04-30 04:01,634,marvel-rivals,False,ckgeek,pt,Marvel Rivals,AVISA QUE EU CHEGUEI! BORA DE GAMEPLAY!,"['Português', 'DropsAtivados']",[],False
331,2025-04-30 04:14,680,overwatch-2,False,Katachi_____,pt,Overwatch 2,| +18 | Se pa vcs vão me aturar mais... (❁´◡`❁),"['Português', 'DropsAtivados']",['ProfanityVulgarity'],False
331,2025-04-30 04:14,680,overwatch-2,True,Cooruja,pt,Overwatch 2,[!DROP Faster] Lendaria Free! | !Giveway da DOKIWATCH |🎁5 !Lootbox FREE | !Passefree !Agenda !Stadium,"['Autismo', 'TDAH', 'SafeSpace', 'Pai', 'Overwatch', 'Português', '4fun', 'casado', 'OWSeason16', 'DropsAtivados']",[],False
331,2025-04-30 04:14,680,overwatch-2,False,exexeboy,pt,Overwatch 2,título normal,"['Portuguese', 'Português', 'DropsAtivados']",[],False
332,2025-04-30 04:27,602,ea-sports-fc-25,False,lenonbruxo96,pt,EA Sports FC 25,"WL DOS TOTS, BROTA ! !cliente !coach !livepix !tatica !analise",['Português'],[],False
332,2025-04-30 04:28,602,ea-sports-fc-25,True,xGuuhGabrielx,pt,EA Sports FC 25,"Rivals Farmando Pontos Semanais, DMEs, Packs e Resenha | DIGITE !Livepix !cliente !grupo !meta !coins","['EASPORTS', 'EAFC', 'eafc25', 'ultimateteam', 'fc25', 'fc25gameplay', 'Português', 'Paivinha29', 'Carpentieri', 'Adolfz']",[],False
332,2025-04-30 04:28,602,ea-sports-fc-25,False,TCHOKZERA,pt,EA Sports FC 25,BORA DE LIVE .... E MUITA RESENHA,"['Português', 'eafc25']",[],False
333,2025-04-30 04:40,1029,minecraft,False,ZAKl1k,pt,Minecraft,🟢 MINECRAFT | ⭐ GANHE ASSISTINDO | 🌟 REESTOQUE DIA 10 ou 16 às 18h | !loja !points !prime !sub,"['Português', 'Minecraft']",[],False
333,2025-04-30 04:40,1029,minecraft,True,AnimeTvON,pt,Minecraft,RERUN🟢 MINECRAFT - CHUVA E TROVÕES🟢,"['Português', 'Brasil', 'minecrafit', 'Reposição']",[],False
333,2025-04-30 04:40,1029,minecraft,False,Um_CarinhaDark,pt,Minecraft,minezin depois de pensar muito com Filosofia geek || !discord !pix (Use pontos para sons!),"['gamer', 'pngtuber', 'Português']",['ProfanityVulgarity'],False
334,2025-04-30 04:59,968,fortnite,True,MatutosGaming,pt,Fortnite,LIVE para quem não dorme🌙 Madrugada com os Matutos 🔥NOS AJUDE A BATER AS METAS ❗Rifa ❗️pix ou ❗️donate Através do Paypal ✨ | ❗️jogar,"['BRASIL', 'JOGANDOCOMVIEWS', 'fortnitetrocacao', 'marvelrivals', 'NordesteGamer', 'LGBTQGamer', 'HumorNoGame', 'PS5', 'ZeroBuild', 'LGBTQGamers']",[],False
334,2025-04-30 04:59,968,fortnite,False,kariuxaa,pt,Fortnite,💚💚💚RERUN💚💚💚FORTNITE !discord !insta !tiktok !pix💚💚💚💚💚,['Português'],[],False
334,2025-04-30 05:00,968,fortnite,False,NYKAGAMER_,pt,Fortnite,OI❗️code ❗️LIVEPIX ❗️Onlyfans ❗️Comandos ❗️Discord ❗️Clip,"['Fortnite', 'Português', 'Mulher', 'brasil', 'Español', '한국어', 'Русский', '漢語', 'ภาษาไทย', '日本語']",[],False
335,2025-04-30 08:02,698,marvel-rivals,False,LhamaInPijamas,pt,Marvel Rivals,(S1 GM1) (DROPS ON) GM VEM HOJE? DESCUBRA !livepix !elomarvel !discord,"['rpg', 'casual', 'Português', 'marvelrivals', 'rivals', 'marvelrival', 'DropsAtivados']",[],False
335,2025-04-30 08:02,698,marvel-rivals,True,fenand4,pt,Marvel Rivals,n sei oq n sei oq la,"['Português', 'DropsAtivados']",[],False
335,2025-04-30 08:02,698,marvel-rivals,False,ckgeek,pt,Marvel Rivals,BORA DE GAMEPLAY! SUAR A CAMISA PRA NADA NÉ! ✅RERUN✅,"['Português', 'DropsAtivados']",[],False
336,2025-04-30 08:16,860,fortnite,True,Pedro017Yt,pt,Fortnite,REGATE SKIN do STAR-WARS GRÁTIS !SKIN🍓 Lojinha VBUCKS ASSISTINDO (!LOJA) 🍓 !PIX !RESGATE,"['Português', 'Fortnite', 'Jogandocomespectadores', 'DropsEnable', 'Drops', 'reload', 'FamilyFriendly', 'PvP', 'drops', 'batlleroyale']",[],False
336,2025-04-30 08:16,860,fortnite,False,kariuxaa,pt,Fortnite,💚💚💚RERUN💚💚💚FORTNITE !discord !insta !tiktok !pix💚💚💚💚💚,['Português'],[],False
336,2025-04-30 08:16,860,fortnite,False,Xerekiss,pt,Fortnite,LIVE DE 12 HORAS AMANHÃ! | LOJINHA RENOVADA (❗loja) | CODE: XEREKISS #ad,"['Português', 'Brasil', 'fps', 'Fortnite', 'Portugal', 'battleroyale']",[],False
337,2025-04-30 08:32,1165,ea-sports-fc-25,False,xGuuhGabrielx,pt,EA Sports FC 25,"Atualização Chegou! Bora Testar no Rivals Farmando Pontos Semanais, DMEs, Packs e Resenha | DIGITE !Livepix !cliente !grupo !meta !coins","['EASPORTS', 'EAFC', 'eafc25', 'ultimateteam', 'fc25', 'fc25gameplay', 'Português', 'Paivinha29', 'Carpentieri', 'Adolfz']",[],False
337,2025-04-30 08:32,1165,ea-sports-fc-25,False,oBruxoFut,pt,EA Sports FC 25,✨ TESTANDO ATUALIZAÇÃO - NERFOU PROFUNDIDADE 95? ❗️tatica ❗️sorteio ❗️lurdinha,"['Português', 'muitoelegante', 'charmoso', 'bonito', 'inteligente', 'carismático', 'educado', 'proplayer', 'futebol', 'fitness']",[],False
337,2025-04-30 08:32,1165,ea-sports-fc-25,False,YoutuPlayy,pt,EA Sports FC 25,(PT/ING) | MADRUGADA | !CCHAT e !COMMANDS |,"['Português', 'Portugal', 'Açores', 'DoenteCrónico', 'DoençaRara']",['ProfanityVulgarity'],False
338,2025-04-30 08:54,1069,grand-theft-auto-v,False,vicfdcss,pt,Grand Theft Auto V,[+18 CDAnjos] Agnes aceitando..,"['CidadedosAnjos', 'PortuguêsBR', 'RP', 'Português', 'AgnesSantiago']",['MatureGame'],False
338,2025-04-30 08:54,1069,grand-theft-auto-v,True,RyanFeer,pt,Grand Theft Auto V,Quartou com Q de Qualidade Questionavel,"['Português', 'CDA', 'gta', 'fivem', 'RP', 'PvP', 'metropole', 'cpx', 'CAPITAL', 'ProdigyRP']",['MatureGame'],False
338,2025-04-30 08:54,1069,grand-theft-auto-v,False,CarlitoP1_,pt,Grand Theft Auto V,[CDA] SPEED! Piloto Sênior QRV! Acompanhas no CIDADE ALTA ↠ Siga @carlitop1_,"['Português', 'CIDADEALTA', 'METROPOLE', 'GTARP', 'FIVEM', 'CarlitoP1', 'SPEED']",['MatureGame'],False
339,2025-04-30 12:01,702,roblox,False,SophyySol,pt,ROBLOX,Sol's RNG 24/7! 💜 !Meta !Loja !Discord !Pix,"['Português', 'English', 'Vtuber', 'LGBT', 'Trans', 'femboy', 'ragnatales', 'ravenquest']",[],False
339,2025-04-30 12:01,702,roblox,True,eoTeux,pt,ROBLOX,AMANHÃ É O RETORNO DO BOLETIN 🦇❤,"['EoTeux', 'Jogos', 'português', 'Português', 'roblox', 'bloxfruits', 'Brasil', 'brazil', 'Brasileiro', 'teux']",[],False
339,2025-04-30 12:01,702,roblox,False,onurbno,pt,ROBLOX,Jogando Demonologia no Roblox! - !comandos !discord !nick !pix,"['Português', 'roblox', 'deadrailsroblox']",[],False
340,2025-04-30 12:16,1089,ea-sports-fc-25,True,paivinha29,pt,EA Sports FC 25,NOVA ATUALIZAÇÃO/ NERFARAM A PROFUNDIDADE FINALMENTE+ 100XPP EM BUSCA DOS TOTS  !CURSO  !COINS  !TRUST,['Português'],[],False
340,2025-04-30 12:16,1089,ea-sports-fc-25,False,miguelitodoarrocha,pt,EA Sports FC 25,💥ATUALIZAÇÃO NOVA NO EA FC !! VAMOS FARMA PRO GULITRÃO ! BEM VINDOS A LIVE DO MIGUELITO,"['Português', 'Portugal', 'Competitivo', 'resenha', 'Resenhando', 'ultimateteam', 'fifa', 'EAFC', 'eafc25', 'eafcsports']",[],False
340,2025-04-30 12:16,1089,ea-sports-fc-25,False,MGW_FC,pt,EA Sports FC 25,"WL DOS TOTS SE FOI, VAMOS PEGAR OS PONTOS DO RAIVAS CO-OP !pix !grupo !trade","['Português', 'justcchatting', 'eafc25', 'EAFC']",[],False
341,2025-04-30 16:01,638,roblox,False,oFredizin,pt,ROBLOX,FINALMENTE ANIME RANGERS X VOLTOU + x2 EVENTO PÁSCOA! 🪐 !kots !dc !videonovo !apoiador,"['Português', 'Anime', 'roblox', 'minecraft', 'pixelmon', 'LurkFriendly', 'gaming', 'Chatting', 'PokemonCommunityGame']",[],False
341,2025-04-30 16:01,638,roblox,False,SophyySol,pt,ROBLOX,Sol's RNG 24/7! 💜 !Meta !Loja !Discord !Pix,"['Português', 'English', 'Vtuber', 'LGBT', 'Trans', 'femboy', 'ragnatales', 'ravenquest']",[],False
341,2025-04-30 16:01,638,roblox,False,gg_celoso,pt,ROBLOX,🔴EM BUSCA DO DIVINO!!---ANIME POWER🔴,"['PC', 'Mobile', 'Ps4', 'Português', 'Xbox', 'roblox', 'stumbleguys', 'StumbleGuyslive', 'stumbleguysblockdash', 'roblox']",[],False
342,2025-04-30 16:14,1125,marvel-rivals,False,ogabsttv,pt,Marvel Rivals,[ULTIMO DIA DE DROPS ON] AGORA O ETERNIDADE VEM! MONO BUCKY,"['Português', 'humor', 'engraçado', 'DropsAtivados']",[],False
342,2025-04-30 16:14,1125,marvel-rivals,False,Momolezinha,pt,Marvel Rivals,(DROPS ON) Tocha Humana e Iron Fist são meus novos bebês!🔥SIGAM SOCIAIS -> @Momolezinha |❗pix❗analise ❗youtube,"['Português', 'Heroshooter', 'marvelrivals', 'Inglês', 'English', 'DropsAtivados']",[],False
342,2025-04-30 16:14,1125,marvel-rivals,False,ckgeek,pt,Marvel Rivals,BORA DE GAMEPLAY! SUAR A CAMISA PRA NADA NÉ! ✅RERUN✅,"['Português', 'DropsAtivados']",[],False
343,2025-04-30 16:35,648,overwatch-2,False,Cooruja,pt,Overwatch 2,[!DROP Faster] Lendaria Free! | !Giveway da DOKIWATCH |🎁5 !Lootbox FREE | !Passefree !Agenda !Stadium,"['Autismo', 'TDAH', 'SafeSpace', 'Pai', 'Overwatch', 'Português', '4fun', 'casado', 'OWSeason16', 'DropsAtivados']",[],False
343,2025-04-30 16:35,648,overwatch-2,False,CosminhaS2,pt,Overwatch 2,[DROPS ON] DIA DE CHUVA NA CIDADE!!! ❗PIX ❗MIRA ❗X ❗3pessoa #OverwatchCreator #OW2Season16 #OW2Brasil,"['Português', 'OverwatchCreators', 'DropsAtivados', 'OW2Brasil', 'overwatchstreamer', 'ManausAM', 'manauara']",[],False
343,2025-04-30 16:35,648,overwatch-2,False,Elllandria,pt,Overwatch 2,🔴 DROPS ON! Sorteio de 1 PACOTAÇO DOKIWATCH cedido pela Blizzard #OverwatchCreators #OW2Stadium #OW2Brasil !sorteio,"['Português', 'PC', 'Competitivo', 'marvelrivals', 'OverwatchCreators', 'Overｗatch2', 'MarvelRivalsPartner', 'HellfireGala', 'OW2Stadium', 'OW2Brasil']",[],False
344,2025-04-30 20:01,932,counter-strike,True,shadowsganjaking,pt,Counter-Strike,🔞SUBATHON/LIVE INFINITA - DOAÇÕES AUMENTAM O TEMPO DA LIVE - VEM F1 COM NOIX - LEGALIZANDO O CS2 E A TWITCH -  | !PIX |!loja| !CUPOM|,"['maconha', '420', 'CS2', 'Brasil', 'portugues', 'ganja', 'brasileiro', 'counterstrike', 'Cannabis', 'CannabisCommunity']",['MatureGame'],False
344,2025-04-30 20:01,932,counter-strike,False,eLyzao,pt,Counter-Strike,SORTEIO DOS SUBS AS 23:00   ❗Nesha ❗iox +18,['Português'],['MatureGame'],False
344,2025-04-30 20:02,932,counter-strike,False,BrunoBalloni,pt,Counter-Strike,🔴RERUN!!! -> ❗regraloja❗farm ❗sub ❗msg ❗loja,"['Português', 'fps', 'Brasil', 'counterstrike', 'cs', 'cs2', 'brazil']",['MatureGame'],False
345,2025-04-30 20:19,1190,marvel-rivals,False,amoedo_,pt,Marvel Rivals,100% TRYHARD - !youtube !pix !discord,"['Português', 'DropsAtivados']",[],False
345,2025-04-30 20:19,1190,marvel-rivals,True,ckgeek,pt,Marvel Rivals,BORA DE GAMEPLAY! SUAR A CAMISA PRA NADA NÉ! ✅RERUN✅,"['Português', 'DropsAtivados']",[],False
345,2025-04-30 20:19,1190,marvel-rivals,False,MarvelRivalsBrazuka,pt,Marvel Rivals,LIVE DE ANIVERSÁRIO parte 2 | Marvel Rivals Brasil | 🔥 !loja,"['ConversaFiada', 'Português', 'marvel', 'marvelrivals', 'MarvelRivalsPartner', 'Ranked', 'Competitivo', 'DropsAtivados']",[],False
346,2025-04-30 20:41,743,grand-theft-auto-v,True,AmaruC2,pt,Grand Theft Auto V,🔞 NOBRE ROLEPLAY 🔥 FIVE M ⚔️ ❗ ⚖️ PROCURADOR GERAL DA REPÚBLICA M.P.F. ❗ 😈 ANJINHO DA LEI ❗ 💭 RESENHA !pix !sub !server,"['gta', 'fivem', 'nobre', 'roleplay', 'fac', 'POLICIA', 'gta5', 'gtav', 'CidadeNobre', 'SantaGroupGG']",['MatureGame'],False
346,2025-04-30 20:41,743,grand-theft-auto-v,False,CriaPlayer,pt,Grand Theft Auto V,🎃GOTHAM RP🎃 #102 SUA SORTE COMEÇA AQUI...VIDIBET!!  #VdgPraKrlh #TropaDosDodóis !gotham !fancam !TDD,['Português'],"['MatureGame', 'ProfanityVulgarity']",False
346,2025-04-30 20:42,743,grand-theft-auto-v,False,PaulinhoLOKObr,pt,Grand Theft Auto V,🔥 PAULINHO O LOKO - BOPE em PERIGO! GTA RP +18 !farmskins,['Português'],['MatureGame'],False
347,2025-05-01 00:02,726,roblox,True,SophyySol,pt,ROBLOX,Sol's RNG 24/7! 💜 !Meta !Loja !Discord !Pix,"['Português', 'English', 'Vtuber', 'LGBT', 'Trans', 'femboy', 'ragnatales', 'ravenquest']",[],False
347,2025-05-01 00:02,726,roblox,False,gg_celoso,pt,ROBLOX,🔴EM BUSCA DO DIVINO!!---ANIME POWER🔴,"['PC', 'Mobile', 'Ps4', 'Português', 'Xbox', 'roblox', 'stumbleguys', 'StumbleGuyslive', 'stumbleguysblockdash', 'roblox']",[],False
347,2025-05-01 00:02,726,roblox,False,nih_,pt,ROBLOX,UPANDO A GRAVIDADE NO BROCO FRUTA #LivePorAmor #LiveForever,"['tristeza', 'broxa', 'jogodobixo', 'pobreza', 'AngolanoNato', 'maqueico', 'Português', 'LGBTＱ', 'PvE', 'roblox']",[],False
348,2025-05-01 00:16,669,fortnite,True,gabryelCwB,pt,Fortnite,🟢REPRISE🟢Lobby do abalo 🟢💨💥 LOJA  2XSUBS !loja💥 !regras !tiktok,['Português'],[],False
348,2025-05-01 00:16,669,fortnite,False,Praxt_,pt,Fortnite,RESGATE SUA SKIN GRÁTIS | SORTEIO PARA APOIADORES !jogar !sociais,"['Português', 'Fortnite', 'vbucks', 'AMA', 'PlayingwWithViewers', 'SeiosFartos', 'regras', 'LGBT', 'ＬＯＬ', 'LiveFamilia']",[],False
348,2025-05-01 00:16,669,fortnite,False,annadeneve,pt,Fortnite,boa noite so pros riniters & resfriados & entupidos ♡ !clip !pix !discord !comandos,"['Mulher', 'bonita', 'engraçada', 'Português', 'ConversandoComOChat', 'jogandocomochat']",[],False
349,2025-05-01 00:29,635,minecraft,False,ZAKl1k,pt,Minecraft,🟢 MINECRAFT | ⭐ GANHE ASSISTINDO | 🌟 REESTOQUE DIA 10 ou 16 às 18h | !loja !points !prime !sub,"['Português', 'Minecraft']",[],False
349,2025-05-01 00:30,635,minecraft,True,TioVedson,pt,Minecraft,VirtuCraft: servidor aberto - !f9 !bença #OTB @donnadeh @teeckot,"['Rock', 'OTB', 'Tiozão', 'PiadadeTiozão', 'SlowRun', 'Português', 'GamerCasual', 'Grêmio', 'EuroTruckSimulator2', 'minecraft']",[],False
349,2025-05-01 00:30,635,minecraft,False,AnimeTvON,pt,Minecraft,RERUN🟢 MINECRAFT - CHUVA E TROVÕES🟢,"['Português', 'Brasil', 'minecrafit', 'Reposição']",[],False
350,2025-05-01 04:01,729,roblox,False,lobixu_,pt,ROBLOX,Recrutando Para Guilda Arise Crossover,"['Português', 'robloxlives', 'roblox', 'JOGANDOCOMINSCRITOS', 'robloxgamers', 'crystalofatlan', 'crystalofatlangameplay', 'arisecrossover', 'animepower', 'ANIMEKINGDOM']",['ProfanityVulgarity'],False
350,2025-05-01 04:01,729,roblox,True,SophyySol,pt,ROBLOX,Sol's RNG 24/7! 💜 !Meta !Loja !Discord !Pix,"['Português', 'English', 'Vtuber', 'LGBT', 'Trans', 'femboy', 'ragnatales', 'ravenquest']",[],False
350,2025-05-01 04:01,729,roblox,False,costelinhameuamigo,pt,ROBLOX,Rerun: Desafios Insanos no Roblox: Vamos Jogar Juntos!,"['Português', 'English', 'dicas', 'gameplay', 'Reposição']",[],False
351,2025-05-01 04:16,1101,grand-theft-auto-v,False,larissa_petenon,pt,Grand Theft Auto V,🔴RERUN 🔴 As live ao vivo só quinta feira ❗Discord ❗clip,"['Mulher', 'jogosdiversos', 'Português', 'pc', 'Brasil', 'cpx', 'complexo']",['MatureGame'],False
351,2025-05-01 04:16,1101,grand-theft-auto-v,False,India_tdm,pt,Grand Theft Auto V,|+18|| CPX || 01 - HOSPICIO || COMPLEXO  TA LINDO! || !PIX | EP2 - 117 - 🎭 EM QUEM CONFIAR? PRA CIMA!!!!,"['Português', 'GTA5', 'CPX', 'TDM', 'TDH', 'hospicio']",['MatureGame'],False
351,2025-05-01 04:16,1101,grand-theft-auto-v,False,AmaruC2,pt,Grand Theft Auto V,🔞 NOBRE ROLEPLAY 🔥 FIVE M ⚔️ ❗ ⚖️ PROCURADOR GERAL DA REPÚBLICA M.P.F. ❗ 😈 ANJINHO DA LEI ❗ 💭 RESENHA !pix !sub !server,"['gta', 'fivem', 'nobre', 'roleplay', 'fac', 'POLICIA', 'gta5', 'gtav', 'CidadeNobre', 'SantaGroupGG']",['MatureGame'],False
352,2025-05-01 04:36,765,valorant,False,Kah_Athena,pt,VALORANT,[+18]... Bora de vAVa  ...😈❗sorteio ...❗jogar❗pix❗epic❗uid❗social❗playlist ❗codiepic ❗valorant ❗whats ❗love ❗nick,"['sorteio', 'Fortnite', 'Mulher', 'SafeSpace', 'justcchatting', 'VALORANＴ', 'ＦＰＳ', 'jogodetiro', 'Português', 'valorantcompetetive']",[],False
352,2025-05-01 04:36,765,valorant,False,srEly,pt,VALORANT,ranqueada maluca doida :) | -> !metas !pix !alertas !yt #ShirtMySurvivor,"['Português', 'idoso', 'livesucata', 'chill', 'asmr', 'vlr', 'dbd']",[],False
352,2025-05-01 04:36,765,valorant,False,JosySampaio,pt,VALORANT,(+18)    Jogando com AMIGOS e o Chat  Valorant seguido de R.E.P.O  ❗PIX,"['cooperativo', 'Aprendizado', 'Português']",[],False
353,2025-05-01 08:01,620,counter-strike,False,capatoxx,pt,Counter-Strike,🟢 AO VIVO - 🔥 LOBBY COM O CHAT - 🎯  @gamersclubcs - ❗hellcase ❗keydrop ❗delay,"['csgo', 'gamersclub', 'faceit', 'valve', 'cs2', 'Counterstrike', 'PTBR', 'gaules', 'level20', 'CS2']",['MatureGame'],False
353,2025-05-01 08:01,620,counter-strike,False,lucaspierry1,pt,Counter-Strike,RERUN ON // RESGATE SUA SKIN GRATIS EM !LOJA // Siga @lucaspierry1 no Instagram // !sub !hellcase !loja,"['Português', 'Reposição']","['MatureGame', 'ProfanityVulgarity']",False
353,2025-05-01 08:01,620,counter-strike,False,BrunoBalloni,pt,Counter-Strike,🔴RERUN!!! -> ❗regraloja❗farm ❗sub ❗msg ❗loja,"['Português', 'fps', 'Brasil', 'counterstrike', 'cs', 'cs2', 'brazil']",['MatureGame'],False
354,2025-05-01 08:14,992,ea-sports-fc-25,True,xGuuhGabrielx,pt,EA Sports FC 25,"Rivals Subindo pra Elite na Conta 2 e Conta 1, DMEs e Resenha | DIGITE !Livepix !cliente !grupo !meta !coins","['EASPORTS', 'EAFC', 'eafc25', 'ultimateteam', 'fc25', 'fc25gameplay', 'Português', 'Paivinha29', 'Carpentieri', 'Adolfz']",[],False
354,2025-05-01 08:14,992,ea-sports-fc-25,False,oBruxoFut,pt,EA Sports FC 25,✨ GARANTIAS TOTS NO RUMO AO BRUXO | TRABALHADOR NO DIA DO TRABALHO ❗️tatica ❗️sorteio ❗️lurdinha,"['Português', 'muitoelegante', 'charmoso', 'bonito', 'inteligente', 'carismático', 'educado', 'proplayer', 'futebol', 'fitness']",[],False
354,2025-05-01 08:14,992,ea-sports-fc-25,False,salomonif,pt,EA Sports FC 25,🟢Café com Salo = Respondo Chat - !voz -  [PT/EN/ES]🟢,"['futebol', 'resenha', 'FIFA', 'spanish', 'eafc24', 'EAFC', 'eafc25', 'EAFC', 'Português']",[],False
355,2025-05-01 08:33,947,overwatch-2,False,Cooruja,pt,Overwatch 2,[!DROP Faster] Lendaria Free! | !Giveway da DOKIWATCH |🎁5 !Lootbox FREE | !Passefree !Agenda !Stadium,"['Autismo', 'TDAH', 'SafeSpace', 'Pai', 'Overwatch', 'Português', '4fun', 'casado', 'OWSeason16', 'DropsAtivados']",[],False
355,2025-05-01 08:33,947,overwatch-2,True,SBuddypoke,pt,Overwatch 2,[30+] #100 30/04 - !bingo !sorteiofunko !pix,"['Português', 'DropsAtivados']",['ProfanityVulgarity'],False
355,2025-05-01 08:33,947,overwatch-2,False,exexeboy,pt,Overwatch 2,oi?,"['Portuguese', 'Português', 'DropsAtivados']",[],False
356,2025-05-01 08:51,821,roblox,False,SophyySol,pt,ROBLOX,Sol's RNG 24/7! 💜 !Meta !Loja !Discord !Pix,"['Português', 'English', 'Vtuber', 'LGBT', 'Trans', 'femboy', 'ragnatales', 'ravenquest']",[],False
356,2025-05-01 08:51,821,roblox,False,svFELIX,pt,ROBLOX,FERIADÃO  COM BLUE LOCK E MUITO MAIS..,"['aconchegante', 'PVP', 'Sobrevivencia', 'Português', 'Lol', 'roblox', 'gta', 'GTARPLIVE', 'GTAⅤ']",[],False
356,2025-05-01 08:51,821,roblox,False,costelinhameuamigo,pt,ROBLOX,Rerun: Desafios Insanos no Roblox: Vamos Jogar Juntos!,"['Português', 'English', 'dicas', 'gameplay', 'Reposição']",[],False
357,2025-05-01 12:01,671,fortnite,False,imoonelfa,pt,Fortnite,"umas PARTIDAS de BOAS, mas NEM tanto... | use o código: ELFA na Epic 🛒 | ❗discord ❗insta ❗comandos","['Português', 'Fortnite', 'jogandocomochat', 'Brasil', 'Brasileira']",[],False
357,2025-05-01 12:01,671,fortnite,True,Pedro017Yt,pt,Fortnite,LOJA BASTECE AMANHÃ 20.000 V-BUCKS (Subs10x) 💸😱 (!LOJA) !PIX,"['Português', 'Fortnite', 'Jogandocomespectadores', 'DropsEnable', 'Drops', 'reload', 'FamilyFriendly', 'PvP', 'drops', 'batlleroyale']",[],False
357,2025-05-01 12:02,671,fortnite,False,kariuxaa,pt,Fortnite,💋💋RERUN💋💋FORTNITE !discord !insta !tiktok !pix💋💋💋💋,['Português'],[],False
358,2025-05-01 12:15,713,valorant,False,Larxfps,pt,VALORANT,⭐ RANKED COM SUBS ⭐SORTEIO DE VP⭐ LIVE RESENHA COM O CHAT ⭐ @larxfps !livepix !insta !steam !passe,"['Português', 'Mulher', 'fps', 'Ranked', 'ragegirl', 'Marathon']",['ProfanityVulgarity'],False
358,2025-05-01 12:15,713,valorant,True,biafigueroa,pt,VALORANT,WATCH PARTY DA LAN @mentoratv NA @gamescom -  !PIX,"['Português', 'yoru', 'monoyoru']",[],False
358,2025-05-01 12:15,713,valorant,False,TcK10,pt,VALORANT,STREAMER É TRABALHO? C9 TCKU SUJANDO AS FILAS RANKEADAS 🏆 !SUPERBET 🏆 !GROWTH 🏆 SIGA EM @TcK10,"['melhordomundo', 'radiante', 'incrível', 'valorant', 'Português']",[],False
359,2025-05-01 12:29,708,grand-theft-auto-v,False,bibitenebroza,pt,Grand Theft Auto V,+18 1 dia do mes e tamo como? [ METACITY RP ] | !PIX !BRISANET,"['TRANS', 'Português', 'dbd', 'dbddeadbydaylgiht', 'top1dbd', 'dbdmainsurvivor']",['MatureGame'],False
359,2025-05-01 12:29,708,grand-theft-auto-v,True,CafeComVinho,pt,Grand Theft Auto V,kamikaze/CPX | Diretora do HP  do CPX  e Juíza no KK  | live 72 |  !sub !pix !s2,"['ShirtMySurvivor', 'Português', 'Gay', 'LGBTAQIAplus', 'cpx', 'GTARP', 'FiveMRolePlay', 'cpxrp']","['MatureGame', 'ProfanityVulgarity']",False
359,2025-05-01 12:29,708,grand-theft-auto-v,False,AmaruC2,pt,Grand Theft Auto V,🔞 NOBRE ROLEPLAY 🔥 FIVE M ⚔️ ❗ ⚖️ PROCURADOR GERAL DA REPÚBLICA M.P.F. ❗ 😈 ANJINHO DA LEI ❗ 💭 RESENHA !pix !sub !server,"['gta', 'fivem', 'nobre', 'roleplay', 'fac', 'POLICIA', 'gta5', 'gtav', 'CidadeNobre', 'SantaGroupGG']",['MatureGame'],False
360,2025-05-01 12:43,638,league-of-legends,False,TwitchManiaco1,pt,League of Legends,Trabalhos - !loja,"['Português', 'rato', 'monochamp', 'lol', 'jungle', 'Esquizofrenia', 'depressão', 'Challenger', 'VASCO']",[],True
360,2025-05-01 12:43,638,league-of-legends,True,JotinhaYss,pt,League of Legends,ciclos 24hrs de live e tals,"['Português', 'Grandmaster', 'yasuo']",[],False
360,2025-05-01 12:43,638,league-of-legends,False,YayaFagundes,pt,League of Legends,"Subathon da Yaya Dia ( 2 )1 sub = +10 mins 1,00 = *3 mins 100 bits= + 15 mins  !pix !insta","['Português', 'aurelionsol', 'mid', 'soloq', 'sup', 'mestre', 'chatting', 'risadas']",[],False
361,2025-05-01 16:01,609,counter-strike,True,shadowsganjaking,pt,Counter-Strike,🔞SUBATHON/LIVE INFINITA - DOAÇÕES AUMENTAM O TEMPO DA LIVE - VEM F1 COM NOIX - LEGALIZANDO O CS2 E A TWITCH -  | !PIX |!loja| !CUPOM|,"['maconha', '420', 'CS2', 'Brasil', 'portugues', 'ganja', 'brasileiro', 'counterstrike', 'Cannabis', 'CannabisCommunity']",['MatureGame'],False
361,2025-05-01 16:01,609,counter-strike,False,BrunoBalloni,pt,Counter-Strike,🔴RERUN!!! -> ❗regraloja❗farm ❗sub ❗msg ❗loja,"['Português', 'fps', 'Brasil', 'counterstrike', 'cs', 'cs2', 'brazil']",['MatureGame'],False
361,2025-05-01 16:02,609,counter-strike,False,VampiraFPS,pt,Counter-Strike,TAMO ON @gamersclubcs - LIVE de seg  <3  sex 11h !CSGOBIG !foco !PRESENTE,"['CSGO', 'fps', 'GIRL', 'GAMERGIRL', 'GamersClub', 'GC', 'NovaGG', 'Português', 'faceit', 'Reposição']",['MatureGame'],False
362,2025-05-01 16:14,712,fortnite,True,kariuxaa,pt,Fortnite,💋💋RERUN💋💋FORTNITE !discord !insta !tiktok !pix💋💋💋💋,['Português'],[],False
362,2025-05-01 16:14,712,fortnite,False,gabryelCwB,pt,Fortnite,🟢REPRISE🟢Lobby do abalo 🟢💨💥 LOJA  2XSUBS !loja💥 !regras !tiktok,['Português'],[],False
362,2025-05-01 16:14,712,fortnite,False,PSMISSX,pt,Fortnite,✨️ FERIADOU GALERA | USE CODE PSMISSX #AD ✨️,"['FPS', 'Portugal', 'Brasil', 'zerobuild', 'Fortnite', 'legenda', 'ClosedCaptions', 'SemConstrução', 'Português']",[],False
363,2025-05-01 16:28,1144,minecraft,True,pvar_,pt,Minecraft,O melhor jogador de minecraft 👑(da minha cassa) ❗️comandos ❗️pix ❗️sub,"['minecraft', 'Português', 'Brasil', 'brazil', 'mush', 'mushmc', 'lunarclient', 'Badlion']",[],False
363,2025-05-01 16:28,1144,minecraft,False,AnimeTvON,pt,Minecraft,RERUN🟢 MINECRAFT - CHUVA E TROVÕES🟢,"['Português', 'Brasil', 'minecrafit', 'Reposição']",[],False
363,2025-05-01 16:28,1144,minecraft,False,ElfoLives,pt,Minecraft,Projeto Contador de Episódio de LED | 1500 DIAS+ | MINECRAFT HARDCORE !discord !pix,"['Português', 'minecraft', 'meioelfo', 'elfo', 'conversa']",[],False
364,2025-05-01 16:50,649,roblox,False,GarciaTV,pt,ROBLOX,"✅🔥 salve rapaziada: + Meta de R$200 no Pix! Vem com a tropa!"" META DA SEMANA 5 SUBS E 1.000 BITS : Use meu código ""GARCIA""  NA  farmskins","['ROBLOX', 'Português', 'Dropshabilitados', 'warzonecodcallofduty', 'ＦＰＳ', 'Shooter', 'ação', 'minecrafit', 'counterstrike2', 'CounterStrikeGlobal']",[],False
364,2025-05-01 16:50,649,roblox,False,SophyySol,pt,ROBLOX,Sol's RNG 24/7! 💜 !Meta !Loja !Discord !Pix,"['Português', 'English', 'Vtuber', 'LGBT', 'Trans', 'femboy', 'ragnatales', 'ravenquest']",[],False
364,2025-05-01 16:50,649,roblox,False,gg_celoso,pt,ROBLOX,🔴EM BUSCA DO DIVINO!!---ANIME POWER🔴,"['PC', 'Mobile', 'Ps4', 'Português', 'Xbox', 'roblox', 'stumbleguys', 'StumbleGuyslive', 'stumbleguysblockdash', 'roblox']",[],False
365,2025-05-01 17:03,1140,ea-sports-fc-25,True,Hairzinho,pt,EA Sports FC 25,RECOMPENSA DO DR DA DIV 1 DA SECUNDÁRIA + RIVALS E MATA MATA DAS CONTAS! + !GRUPO + !PARCERIA !REDES !TIKTOK,"['ULTIMATETEAM', 'RAGE', 'ENGRACADO', 'PACKS', 'COMPETITIVO', 'Português', 'Brasil', 'WeekendLeague', 'Portugal', 'Reposição']",[],False
365,2025-05-01 17:03,1140,ea-sports-fc-25,False,klingercastro7,pt,EA Sports FC 25,RIVALS NA CONTA DE CLIENTE - !cliente !rifa,['Português'],[],False
365,2025-05-01 17:03,1140,ea-sports-fc-25,False,IsraelPirata,pt,EA Sports FC 25,QUEM TRABALHA NO DIA DO TRABALHO? !PIX !CLUBE,"['callofduty', 'warzone', 'fps', 'JogadaCasual', 'subathon', 'Português', 'English', 'RPG', 'Fortnite', 'FinalFantasy']",[],False
366,2025-05-01 20:01,699,roblox,True,mithirteen,pt,ROBLOX,(+18) (PT-BR) -✨ROBLOX SÓ PARA GRANDINHOS | !Roblox !Discord !LivePix,"['Português', 'girlstreaming', 'batepapo', 'react']",['ProfanityVulgarity'],False
366,2025-05-01 20:01,699,roblox,False,raposo0072,pt,ROBLOX,Forsaken: O Verdadeiro Forsaken são os pings que fazemos no caminho,['Português'],[],False
366,2025-05-01 20:02,699,roblox,False,alaideart,pt,ROBLOX,dia do trabalhador e eu trabalhando,"['Português', 'ArtistaDigital', 'Vtuber']",[],False
367,2025-05-01 20:15,772,league-of-legends,False,Mylonzete,pt,League of Legends,2ª LIVE DO DIA NA NOVA SEASON DO LOL 🔥🧪 !PIX !DISCORD !LOJA 2x pra subs,['Português'],[],False
367,2025-05-01 20:16,772,league-of-legends,True,bombombela,pt,League of Legends,+18🔞[LOL] 1KIL um Glub Glub! 💦❗pix❗gf ❗sub ❗insta ❗youtube ❗BA ❗+18 ❗LOL ❗Valorant  ❗patrocinador,['Português'],['ProfanityVulgarity'],True
367,2025-05-01 20:16,772,league-of-legends,False,iMartynFox,pt,League of Legends,[+18|PT-BR/EN] GAMESCON LA E EU AQUI❗PIX | #OverwatchCreator #OW2Brasil #OverwatchStadium | CÓDIGO DE CRIADOR EPIC GAMES @iMARTYNFOX,['Português'],[],True
368,2025-05-01 20:31,1116,sea-of-thieves,True,Ishiro_Oninawa,pt,Sea of Thieves,"Live de feriado! RE4 Remake, parte 4! SoT pra fechar!",['Português'],['ProfanityVulgarity'],False
368,2025-05-01 20:31,1116,sea-of-thieves,False,Coutinho0,pt,Sea of Thieves,[PT/ENG] DOING REAPERS ON OPEN SEAS BECAUSE HG IS BROKEN!! 🔥 !patch 🔥!discord 🔥 !lurk,"['Português', 'English', 'PvP', 'tips', 'seaofthieves', 'Streaks', 'hourglassgrind']",[],False
368,2025-05-01 20:31,1116,sea-of-thieves,False,ofernandomaidana,pt,Sea of Thieves,🟢 A MEGA LAMBANÇA ESTÁ DE VOLTA ⚓,"['Português', 'seaofthieves', 'pirata', 'SongRequests', 'songrequest', 'SeaOfThievesPartner', 'SeaofThievesgameplay', 'English']",[],False
369,2025-05-01 20:52,726,valorant,False,DennisRii,pt,VALORANT,loucura loucura loucura❗pix❗dc❗comandos | faço parte da @tiltgameteam,"['Reposição', 'Português', 'fortinte', 'Bi', 'Brasill', 'minecraftsurivial']",[],False
369,2025-05-01 20:52,726,valorant,False,CREMOSA,pt,VALORANT,DUOZIN COM SUBBB ❗NUUVEM ❗OVERCLOCK ❗GROWTH,['Português'],[],True
369,2025-05-01 20:52,726,valorant,False,PavaoPVP,pt,VALORANT,trabalhando no imortal do vava,"['JogandoComOChat', 'jogos', 'Português', 'garota']",[],False
370,2025-05-01 21:06,703,ea-sports-fc-25,True,Hairzinho,pt,EA Sports FC 25,RECOMPENSA DO DR DA DIV 1 DA SECUNDÁRIA + RIVALS E MATA MATA DAS CONTAS! + !GRUPO + !PARCERIA !REDES !TIKTOK,"['ULTIMATETEAM', 'RAGE', 'ENGRACADO', 'PACKS', 'COMPETITIVO', 'Português', 'Brasil', 'WeekendLeague', 'Portugal', 'Reposição']",[],False
370,2025-05-01 21:06,703,ea-sports-fc-25,False,VovinhoFUT,pt,EA Sports FC 25,💥RECOMPENSAS RIVALS e MATA-MATA NO CALVISMO FC! !CURSO !TRADE !LIVEPIX,"['Português', 'ultimateteam', 'EAFC', 'EASportsFC', 'fifa', 'FC25', 'EAFC25']",[],False
370,2025-05-01 21:06,703,ea-sports-fc-25,False,IsraelPirata,pt,EA Sports FC 25,QUEM TRABALHA NO DIA DO TRABALHO? !PIX !CLUBE,"['callofduty', 'warzone', 'fps', 'JogadaCasual', 'subathon', 'Português', 'English', 'RPG', 'Fortnite', 'FinalFantasy']",[],False
371,2025-05-02 00:02,701,marvel-rivals,False,jrodorfo,pt,Marvel Rivals,LIVE DE 24HRS + COSPOBRE DA APOSTA EM BREVE! Simbora de rankeds com chat!,['Português'],[],False
371,2025-05-02 00:02,701,marvel-rivals,True,Lollbits,pt,Marvel Rivals,RANKED GRIND,['Português'],['ProfanityVulgarity'],False
371,2025-05-02 00:02,701,marvel-rivals,False,ckgeek,pt,Marvel Rivals,"CHEGUEI MAIS CEDO HOJE, VAI CHOVER!",['Português'],[],False
372,2025-05-02 00:16,1021,grand-theft-auto-v,False,bombombela,pt,Grand Theft Auto V,+18🔞[HollWood] 1 Sub 1Glub Glub! 💦❗pix❗gf ❗sub ❗insta ❗youtube ❗BA ❗+18 ❗LOL ❗Valorant  ❗patrocinador,['Português'],"['MatureGame', 'ProfanityVulgarity']",True
372,2025-05-02 00:16,1021,grand-theft-auto-v,False,CriaPlayer,pt,Grand Theft Auto V,🎃GOTHAM RP🎃 #103 EM BUSCA DO MALOTE!  #VdgPraKrlh #TropaDosDodóis !gotham !fancam !TDD,['Português'],"['MatureGame', 'ProfanityVulgarity']",False
372,2025-05-02 00:16,1021,grand-theft-auto-v,False,AmaruC2,pt,Grand Theft Auto V,🔞 NOBRE ROLEPLAY 🔥 FIVE M ⚔️ ❗ ⚖️ PROCURADOR GERAL DA REPÚBLICA M.P.F. ❗ 😈 ANJINHO DA LEI ❗ 💭 RESENHA !pix !sub !server,"['gta', 'fivem', 'nobre', 'roleplay', 'fac', 'POLICIA', 'gta5', 'gtav', 'CidadeNobre', 'SantaGroupGG']",['MatureGame'],False
373,2025-05-02 00:36,679,counter-strike,True,BrunoBalloni,pt,Counter-Strike,🔴RERUN!!! -> ❗regraloja❗farm ❗sub ❗msg ❗loja,"['Português', 'fps', 'Brasil', 'counterstrike', 'cs', 'cs2', 'brazil']",['MatureGame'],False
373,2025-05-02 00:36,679,counter-strike,False,shadowsganjaking,pt,Counter-Strike,🔞SUBATHON/LIVE INFINITA - DOAÇÕES AUMENTAM O TEMPO DA LIVE - VEM F1 COM NOIX - LEGALIZANDO O CS2 E A TWITCH -  | !PIX |!loja| !CUPOM|,"['maconha', '420', 'CS2', 'Brasil', 'portugues', 'ganja', 'brasileiro', 'counterstrike', 'Cannabis', 'CannabisCommunity']",['MatureGame'],False
373,2025-05-02 00:36,679,counter-strike,False,maynefps1,pt,Counter-Strike,+18 cs com chat na gamersglubglub !csgobig !pc (novo) !pix (ajuda na meta <3) !onlyfans !otimização,['Português'],['MatureGame'],False
374,2025-05-02 00:49,1005,valorant,False,DeusaFatal,pt,VALORANT,gótica rabuda descontando a raiva nos inimigos pq não vai ver a gaga !pix !tesao,['Português'],['ProfanityVulgarity'],False
374,2025-05-02 00:49,1005,valorant,False,NekozadaXD,pt,VALORANT,pspspsp gatinhos,"['Português', 'AMA', 'Competitivo', 'Ranked']",[],False
374,2025-05-02 00:49,1005,valorant,False,MegeraBruna,pt,VALORANT,EU SURO! É JÉRIO! [+18] / !discord / !elo / !regras / !pix / !instagram/ !nick/ !Sorteio/ !clip/ !Sr /  !subathon,"['Português', 'valorant', 'gamergirl', 'fps', 'gamer']",[],False
375,2025-05-02 04:01,1025,roblox,True,FatalityPCM,pt,ROBLOX,RERUN - REPRISE🟢BLOXFRUITS🟢 LIVE GRAVADA🟢,"['Português', 'Brasil', 'gameplay', 'MMORPG', 'bloxfruits', 'roblox', 'robux', 'LATAM', 'Español', 'English']",[],False
375,2025-05-02 04:01,1025,roblox,False,SophyySol,pt,ROBLOX,Sol's RNG 24/7! 💜 !Meta !Loja !Discord !Pix,"['Português', 'English', 'Vtuber', 'LGBT', 'Trans', 'femboy', 'ragnatales', 'ravenquest']",[],False
375,2025-05-02 04:01,1025,roblox,False,lobixu_,pt,ROBLOX,Recrutando Para Guilda Arise Crossover,"['Português', 'robloxlives', 'roblox', 'JOGANDOCOMINSCRITOS', 'robloxgamers', 'crystalofatlan', 'crystalofatlangameplay', 'arisecrossover', 'animepower', 'ANIMEKINGDOM']",['ProfanityVulgarity'],False
376,2025-05-02 04:20,865,fortnite,False,kariuxaa,pt,Fortnite,💋💋RERUN💋💋FORTNITE !discord !insta !tiktok !pix💋💋💋💋,['Português'],[],False
376,2025-05-02 04:20,865,fortnite,True,HeroDengoso,pt,Fortnite,NOVA TEMPORADA FORTNITE X STAR WARS! 🔥| APOIE: DENGOSO !wpp !mapa,"['Português', 'eventoaovivo', 'fortnite']",[],False
376,2025-05-02 04:20,865,fortnite,False,Lukitaagamer,pt,Fortnite,"🔥 NOVA TEMPORADA (AMANHÃ YAKUZA, TRAVIS SCOTT DE VOLTA, GTA 6, THE LAST OF US REMASTER 2, DEUS DA GUERRA E MAIS)🔥","['ação', 'Português', 'sorteio', 'campanha', 'Fortnite', 'fortnitestarwars', 'fortnitereload', 'fortniteaovivo', 'fortnitenovatemporada']",[],False
377,2025-05-02 04:38,889,ea-sports-fc-25,False,andrecaveiragamer,pt,EA Sports FC 25,"[PS5] COMEÇANDO A SEMANA DO ULTIMATE, MUITOS OBJETIVOS, EVOLUÇÕES, RIVALS, RUSH. ALEGRIA!!! !PIX","['Português', 'esportes', 'futebol', 'modocarreira', 'eafc24', 'EAFC', 'ultimateteam', 'WeekendLeague', 'proclubs', 'FC24PROCLUBS']",[],False
377,2025-05-02 04:38,889,ea-sports-fc-25,True,lenonbruxo96,pt,EA Sports FC 25,COMEMORACAO DE 1 ANO DE LIVE !cliente !coach !livepix !tatica !analise,['Português'],[],False
377,2025-05-02 04:38,889,ea-sports-fc-25,False,xGuuhGabrielx,pt,EA Sports FC 25,"Rivals, Mata Mata da WL, Drafts, DMEs, Packs e Resenha | DIGITE !Livepix !cliente !grupo !meta !coins","['EASPORTS', 'EAFC', 'eafc25', 'ultimateteam', 'fc25', 'fc25gameplay', 'Português', 'Paivinha29', 'Carpentieri', 'Adolfz']",[],False
378,2025-05-02 08:02,922,fortnite,False,Pedro017Yt,pt,Fortnite,!DROPS ON STAR WARS + NOVA SEASON + Resgate de 20.000 Vbucks (!loja) !pix,"['Português', 'Fortnite', 'Jogandocomespectadores', 'DropsEnable', 'Drops', 'reload', 'FamilyFriendly', 'PvP', 'drops', 'batlleroyale']",[],False
378,2025-05-02 08:02,922,fortnite,True,kariuxaa,pt,Fortnite,💋💋RERUN💋💋FORTNITE !discord !insta !tiktok !pix💋💋💋💋,['Português'],[],False
378,2025-05-02 08:02,922,fortnite,False,Xerekiss,pt,Fortnite,(ATUALIZAÇÃO) FORTNITE X STAR WARS | LOJINHA RENOVADA (❗loja) | CODE: XEREKISS #ad,"['Português', 'Brasil', 'fps', 'Fortnite', 'Portugal', 'battleroyale']",[],False
379,2025-05-02 08:20,911,minecraft,True,Ferthel,pt,Minecraft,|| HF Jurassic || Live25|| Domando o gigante Triceratops,"['MinecraftJavaEditon', 'pngtuber', 'PNGtuberBR', 'Português', 'minecraftmods', 'HFJurassic', 'minecraftmodpack', 'thedawnera', 'unusualprehistory', 'Prehistoricfaunamod']",[],False
379,2025-05-02 08:20,911,minecraft,False,Haridade_,pt,Minecraft,🔥HARITHON DIA 7🔥 Ep. 16,['Português'],[],False
379,2025-05-02 08:20,911,minecraft,False,guigaaslol,pt,Minecraft,🔴 CONVERSANDO |❗points❗loja ❗subgratis,['Português'],[],False
380,2025-05-02 12:01,976,roblox,False,SophyySol,pt,ROBLOX,Sol's RNG 24/7! 💜 !Meta !Loja !Discord !Pix,"['Português', 'English', 'Vtuber', 'LGBT', 'Trans', 'femboy', 'ragnatales', 'ravenquest']",[],False
380,2025-05-02 12:01,976,roblox,True,eoTeux,pt,ROBLOX,TRIPLE YORU IS REAL? 🦇❤,"['EoTeux', 'Jogos', 'português', 'Português', 'roblox', 'bloxfruits', 'Brasil', 'brazil', 'Brasileiro', 'teux']",[],False
380,2025-05-02 12:01,976,roblox,False,goblintengu,pt,ROBLOX,BAIXOU NO CELULAR JOGOU 15MIN = GENIO! !roblox #ad #sponsorship !pix !discord,"['art', 'Português', 'goblin', 'artist']",['ProfanityVulgarity'],False
381,2025-05-02 12:20,1074,grand-theft-auto-v,True,RyanFeer,pt,Grand Theft Auto V,Tem um Sabado Na Sexta,"['Português', 'CDA', 'gta', 'fivem', 'RP', 'PvP', 'metropole', 'cpx', 'CAPITAL', 'ProdigyRP']",['MatureGame'],False
381,2025-05-02 12:20,1074,grand-theft-auto-v,False,iMarianaPit,pt,Grand Theft Auto V,[ + 18 ]  LADO LESTE - VAMOS DE ZTK PVP? BOM DIA,"['English', 'girlgamers', 'ＧTA5', 'Português', 'fivem', 'Alemanha', 'LadoLesteRP', 'ladolesteroleplay', 'ladolestept2', 'tropadaalemanha']",['MatureGame'],False
381,2025-05-02 12:20,1074,grand-theft-auto-v,False,yunizinhafps,pt,Grand Theft Auto V,"💜VOLTAMOS, VEM PARA MELHOR CIDADE DE RP AMERICANO #HARDRP YUNI TA DE VOLTA[COMANDO]   ❗UVRP ❗LIVEPIX ❗DISCORDYUNI","['Português', 'coringarp', 'GTARPLIVE', 'datenarp', 'gtavrproleplay', 'ＧTA5', 'gtandTheftAutoV', 'ComplexoRP', 'redbeiramar', 'paulinhooloko']",['MatureGame'],False
382,2025-05-02 12:40,1185,marvel-rivals,True,Momolezinha,pt,Marvel Rivals,(DROPS ON) Melhor Tocha Humana BR!🔥SIGAM SOCIAIS -> @Momolezinha |❗pix❗analise ❗youtube,"['Português', 'Heroshooter', 'marvelrivals', 'Inglês', 'English']",[],False
382,2025-05-02 12:40,1185,marvel-rivals,False,ckgeek,pt,Marvel Rivals,FINALMENTE O PLATINA VEIO. RUMO AO DIMA ✅RERUN✅,['Português'],[],False
382,2025-05-02 12:40,1185,marvel-rivals,False,amohrte,pt,Marvel Rivals,"META PEGAR OURO HOJE, O PROBLEMA É SAIR DO BRONZE // RERUN-REPRISE","['overwatch', 'amohrte', 'ptbr', 'fps', 'marvel', 'marvelrivalsgameplay', 'marvelrivals', 'English', 'DayZ', 'Thirdpersonshooter']",['ProfanityVulgarity'],False
383,2025-05-02 16:02,810,grand-theft-auto-v,True,vicfdcss,pt,Grand Theft Auto V,[+18 CDAnjos] Impulsiva..,"['CidadedosAnjos', 'PortuguêsBR', 'RP', 'Português', 'AgnesSantiago']",['MatureGame'],False
383,2025-05-02 16:02,810,grand-theft-auto-v,False,Vitor_jbs,pt,Grand Theft Auto V,SEXTOU BBS BROTA QUE HOJE PROMETE |❗pix ❗dc ❗vip  ❗comandos,"['Português', 'minecraft', 'mine', 'pvp', 'bedwars', 'mush', 'mushmc', 'RP']",['MatureGame'],False
383,2025-05-02 16:02,810,grand-theft-auto-v,False,Tianegamer,pt,Grand Theft Auto V,[FLOW RP] Sexxtou! CODIGUIM,['Português'],['MatureGame'],False
384,2025-05-02 16:18,731,overwatch-2,True,Henriquera_00,pt,Overwatch 2,Overwatch 2 da massa || !pix || !jurassic,"['conversando', 'Português', 'Difícil', 'gamer', 'allthemods', 'atm10', 'DropOn', 'DropsAtivados']",[],False
384,2025-05-02 16:18,731,overwatch-2,False,Cooruja,pt,Overwatch 2,[!DROP Faster] Lendaria Free! | !Giveway da DOKIWATCH |🎁5 !Lootbox FREE | !Passefree !Agenda !Stadium,"['Autismo', 'TDAH', 'SafeSpace', 'Pai', 'Overwatch', 'Português', '4fun', 'casado', 'OWSeason16', 'DropsAtivados']",[],False
384,2025-05-02 16:18,731,overwatch-2,False,kaori_game,pt,Overwatch 2,Que? [Drop On] !pistola !clipe !discord !pix,"['overwatch', 'fortnite', 'minecrafit', 'minecraftsurvivor', 'girlgamers', 'sup', 'Português', 'DropsAtivados']",[],False
385,2025-05-02 16:33,786,marvel-rivals,False,ogabsttv,pt,Marvel Rivals,HOJE É SO GAMEPLAY DE ALTO NIVEL SEM GRACINHA NIVEL COMPETITIVO,"['Português', 'humor', 'engraçado']",[],False
385,2025-05-02 16:33,786,marvel-rivals,True,Momolezinha,pt,Marvel Rivals,(DROPS ON) Melhor Tocha Humana BR!🔥SIGAM SOCIAIS -> @Momolezinha |❗pix❗analise ❗youtube,"['Português', 'Heroshooter', 'marvelrivals', 'Inglês', 'English']",[],False
385,2025-05-02 16:33,786,marvel-rivals,False,amohrte,pt,Marvel Rivals,"META PEGAR OURO HOJE, O PROBLEMA É SAIR DO BRONZE // RERUN-REPRISE","['overwatch', 'amohrte', 'ptbr', 'fps', 'marvel', 'marvelrivalsgameplay', 'marvelrivals', 'English', 'DayZ', 'Thirdpersonshooter']",['ProfanityVulgarity'],False
386,2025-05-02 16:48,860,ea-sports-fc-25,False,Hairzinho,pt,EA Sports FC 25,HYPE DAS 14 COM TOTS DA PL + PACKS E WL MORAIS! + !GRUPO + !PARCERIA !REDES !TIKTOK,"['ULTIMATETEAM', 'RAGE', 'ENGRACADO', 'PACKS', 'COMPETITIVO', 'Português', 'Brasil', 'WeekendLeague', 'Portugal', 'Reposição']",[],False
386,2025-05-02 16:48,860,ea-sports-fc-25,True,oBruxoFut,pt,EA Sports FC 25,✨ TESTANDO VARDY | MAIOR PACK OPENING DA TWITCH | TOTS PREMIER LEAGUE ❗️tatica ❗️sorteio ❗️lurdinha,"['Português', 'muitoelegante', 'charmoso', 'bonito', 'inteligente', 'carismático', 'educado', 'proplayer', 'futebol', 'fitness']",[],False
386,2025-05-02 16:48,860,ea-sports-fc-25,False,paivinha29,pt,EA Sports FC 25,HYPE DO TOTS PREMIER LEAGUE HOJE- SUPER PACK OPENING+ WL EM BUSCA DOS MELHORES TOTS PREMIER.  !CURSO  !COINS  !TRUST,['Português'],[],False
387,2025-05-02 17:05,1119,valorant,False,cawerzita,pt,VALORANT,OI BOA TARDE 🌸,"['valorant', 'Português', 'Mulher']",[],False
387,2025-05-02 17:05,1119,valorant,False,VALORANT_BR,pt,VALORANT,MIBR x SEN | G2 x EG | VCT Americas 2025 | Playoffs - Dia 5 (MD3),['Português'],[],False
387,2025-05-02 17:05,1119,valorant,False,Vrncaa,pt,VALORANT,"Até tardei, mas não falhei! | (+18) | !EXITLAG !alertas !lurk !comandos !sociais","['Português', 'Jogos', 'Mulher', 'Jogosvariados', 'Valorant', 'fps', 'Battleroyale']",[],False
388,2025-05-02 20:01,662,minecraft,False,ZAKl1k,pt,Minecraft,🟢 MINECRAFT | ⭐ GANHE ASSISTINDO | 🌟 REESTOQUE DIA 10 ou 16 às 18h | !loja !points !prime !sub,"['Português', 'Minecraft']",[],False
388,2025-05-02 20:01,662,minecraft,False,Lissyanna,pt,Minecraft,Livizinha para conversar -  !Bear !RP !instagram !discord !pix !doar,"['Português', 'Reposição']",[],True
388,2025-05-02 20:01,662,minecraft,False,mehinata,pt,Minecraft,👾Oiii vamos jogar ?      💜Rerun!! Pix!! Sociais!!,['Português'],[],False
389,2025-05-02 20:14,1038,fortnite,False,SuuhS2k,pt,Fortnite,✨SEXTOUUU✨  | !SORTEIO💜 Use Code: SUUHS2K Na Loja Do Fortnite💜 #AD (+18),"['Português', 'DropsAtivados']",[],False
389,2025-05-02 20:14,1038,fortnite,True,kariuxaa,pt,Fortnite,💋💋RERUN💋💋FORTNITE !discord !insta !tiktok !pix💋💋💋💋,"['Português', 'DropsAtivados']",[],False
389,2025-05-02 20:14,1038,fortnite,False,Cherry_Enxaqueca,pt,Fortnite,[+18]  Princesa Amidala no fort? Primeiro cosplay da live - PCG ✨✨✨✨,"['FortniteStreamer', 'fortnıte', 'English', 'humor', '18plus', 'AsianGamer', 'girlstreamer', 'PCG', 'PokemonCommunityGame', 'TDAH']",[],False
390,2025-05-02 20:34,1010,counter-strike,False,shadowsganjaking,pt,Counter-Strike,🔞SUBATHON/LIVE INFINITA - DOAÇÕES AUMENTAM O TEMPO DA LIVE - VEM F1 COM NOIX - LEGALIZANDO O CS2 E A TWITCH -  | !PIX |!loja| !CUPOM|,"['maconha', '420', 'CS2', 'Brasil', 'portugues', 'ganja', 'brasileiro', 'counterstrike', 'Cannabis', 'CannabisCommunity']",['MatureGame'],False
390,2025-05-02 20:34,1010,counter-strike,True,SLKRETROZADA,pt,Counter-Strike,LOBBY DE GC DUVIDOSO🔥 @gamersclubcs| CSGO.NET  !otimização @matazera @pezingamer @G44bsMDK   @betaozera,"['portugues', 'competitivo', 'proplayerPortuguês', 'proplayer', 'proplayer', 'CS2', 'cs2counterstrike2', 'cs2major', 'luqueta', 'subathon']",['MatureGame'],False
390,2025-05-02 20:34,1010,counter-strike,False,BrunoBalloni,pt,Counter-Strike,🔴RERUN!!! -> ❗regraloja❗farm ❗sub ❗msg ❗loja,"['Português', 'fps', 'Brasil', 'counterstrike', 'cs', 'cs2', 'brazil']",['MatureGame'],False
391,2025-05-03 00:01,1068,league-of-legends,False,Akrinuss,pt,League of Legends,!privacy - DICAS p subir de elo l Mestre !cortes !duo !analise !abt !facinho,"['Português', 'Reposição']",[],False
391,2025-05-03 00:01,1068,league-of-legends,False,tyyblackthorn,pt,League of Legends,ARAM (me obrigaram) | !meta !pix,"['Português', 'LGBT', 'Gay', 'Aphelios', 'Hwei', 'Depressão', 'TDAH']",[],False
391,2025-05-03 00:01,1068,league-of-legends,False,Squallzera,pt,League of Legends,!pix = ESCOLHE O PICK (campeão) | !pix !acer,"['LeagueofLegends', 'Garen', 'Português']",[],False
392,2025-05-03 00:21,952,roblox,True,costelinhameuamigo,pt,ROBLOX,Rerun: Desafios Insanos no Roblox: Vamos Jogar Juntos!,"['Português', 'English', 'dicas', 'gameplay', 'Reposição']",[],False
392,2025-05-03 00:21,952,roblox,False,Dann_Lives,pt,ROBLOX,💩💖 SÓ JOGO B0ST4 💖💩 !jogar SEXTOUUUU,['Português'],[],False
392,2025-05-03 00:21,952,roblox,False,BellaNyxx,pt,ROBLOX,♥ sextinha da bellinha ♥ | 86 | ❗️SR ❗️COMANDOS ❗️PIX ❗️SOCIAL,"['girl', 'lux', 'leagueoflegends', 'LGBTQIA', 'MOBA', 'otaku', 'ahri', 'lol', 'Português']",['ProfanityVulgarity'],False
393,2025-05-03 00:39,616,sea-of-thieves,True,iShadowWolf_,pt,Sea of Thieves,(+18) Livezinha Muito Doida!   ||   (❗comandos ❗metas ❗drops)   ||   (Epic Code: SHADOWOLF),['Português'],[],False
393,2025-05-03 00:39,616,sea-of-thieves,False,Malucaooo_,pt,Sea of Thieves,Sea of thievens! Chamado do caça ou PvP ou Diários?! Evento de pesca!,"['seaofthieves', 'SotOfThieves', 'Português']",[],False
393,2025-05-03 00:40,616,sea-of-thieves,False,TzinSoT,pt,Sea of Thieves,Chamado da caça | Receita de Merrick  ! +18,['Português'],[],False
394,2025-05-03 00:52,846,fortnite,False,MorenaSZ_nqp,pt,Fortnite,TOP 1 BR! 🔥 BALLISTIC RANKED SURREAL 🌍,"['Fortnite', 'GirlPlayer', 'PS5LiveStream', 'ControlerGaming', 'Português', 'DropsAtivados']",[],False
394,2025-05-03 00:52,846,fortnite,True,Praxt_,pt,Fortnite,DROP ON ASSISTA E GANHE ITENS GRÁTIS| NOVA TEMPORADA !jogar !sociais,"['Português', 'Fortnite', 'vbucks', 'AMA', 'SeiosFartos', 'regras', 'LGBT', 'ＬＯＬ', 'LiveFamilia']",[],False
394,2025-05-03 00:52,846,fortnite,False,Lukitaagamer,pt,Fortnite,DROPS ON ✅🔥JOGANDO A NOVA SEASON DO FORTNITE🔥❗PRIME |❗LOJA |❗PIX | ❗SUB |,"['ação', 'Português', 'sorteio', 'campanha', 'Fortnite', 'fortnitestarwars', 'fortnitereload', 'fortniteaovivo', 'fortnitenovatemporada', 'DropsAtivados']",[],False
395,2025-05-03 04:01,1099,valorant,True,daphy_pinguim,pt,VALORANT,"[+18] Oi, eu sou a daphy pinguim e eu não sou um pinguim de verdade❕Pix ❕paypal❕Jv","['mulher', 'fps', 'subathon', 'cosplay', 'valorant', 'Português']",[],False
395,2025-05-03 04:01,1099,valorant,False,srEly,pt,VALORANT,ranqueada maluca doida :) | -> !metas !pix !alertas !yt #ShirtMySurvivor,"['Português', 'idoso', 'livesucata', 'chill', 'asmr', 'vlr', 'dbd']",[],False
395,2025-05-03 04:01,1099,valorant,False,JosySampaio,pt,VALORANT,(+18)    Jogando com AMIGOS e o Chat  Valorant seguido de R.E.P.O  ❗PIX,"['cooperativo', 'Aprendizado', 'Português']",[],False
396,2025-05-03 04:22,776,league-of-legends,False,JardasLano,pt,League of Legends,Live ON,"['monoyasuo', 'bronze', 'mid', 'tiltado', 'gameplay', 'yone', 'yasuo', 'leagueoflegends', 'Português', 'ArksuvivalEvolved']",[],False
396,2025-05-03 04:22,776,league-of-legends,True,Baiano,pt,League of Legends,🟢 LCK AO VIVO: GEN 1 x 0 DK 🟢🌴 !grupo !kbmidl !status #LCKWATCHPARTY,['Português'],[],False
396,2025-05-03 04:22,776,league-of-legends,False,Akrinuss,pt,League of Legends,!privacy - DICAS p subir de elo l Mestre !cortes !duo !analise !abt !facinho,"['Português', 'Reposição']",[],False
397,2025-05-03 04:37,1076,marvel-rivals,True,jrodorfo,pt,Marvel Rivals,LIVE DE 24HRS + COSPOBRE DA APOSTA EM BREVE! Simbora de rankeds com chat!,['Português'],[],False
397,2025-05-03 04:37,1076,marvel-rivals,False,ckgeek,pt,Marvel Rivals,"O PAI TA ON, PLATINA RUMO AO DIMA!",['Português'],[],False
397,2025-05-03 04:37,1076,marvel-rivals,False,amohrte,pt,Marvel Rivals,"META PEGAR OURO HOJE, O PROBLEMA É SAIR DO BRONZE // RERUN-REPRISE","['overwatch', 'amohrte', 'ptbr', 'fps', 'marvel', 'marvelrivalsgameplay', 'marvelrivals', 'English', 'DayZ', 'Thirdpersonshooter']",['ProfanityVulgarity'],False
398,2025-05-03 04:57,990,counter-strike,False,GOIAMO,pt,Counter-Strike,"Ame sua família, respeite o próximo e sempre confie em Deus🙏🏻!msg !pix !clip !nesha @gamersclubcs",['Português'],['MatureGame'],False
398,2025-05-03 04:58,990,counter-strike,True,pinkrafa,pt,Counter-Strike,Corujão do Pink!!!  Colaaaa =) !ingresso para sorteio de 1500 seguidores,"['CS2', 'counterstrike', 'gaming', 'GamingLive', 'Esports', 'fps', 'CS2Live', 'gaules', 'TRIBONERA', 'Brasil']",['MatureGame'],False
398,2025-05-03 04:58,990,counter-strike,False,BrunoBalloni,pt,Counter-Strike,🔴RERUN!!! -> ❗regraloja❗farm ❗sub ❗msg ❗loja,"['Português', 'fps', 'Brasil', 'counterstrike', 'cs', 'cs2', 'brazil']",['MatureGame'],False
399,2025-05-03 05:16,1106,roblox,True,eclypse_x,pt,ROBLOX,oioi(+18) ^~^ !rank !pix !tiktok !clip,"['VALORANＴ', 'Português', 'pedintevirtual', 'proplayer', 'TDAH', 'jett', 'Lux']",[],False
399,2025-05-03 05:16,1106,roblox,False,majinboolives,pt,ROBLOX,Jogando jogos de terror com os seguidores/amigos-!Pix+18,"['Português', 'AmongsUs', 'aovivo', 'Mineceaft', 'minecradtsurvival', 'minecraftstream', 'EuroTruckSimulator2', 'DayZ', 'vanilla']",[],False
399,2025-05-03 05:16,1106,roblox,False,ZAPedro,pt,ROBLOX,amigão trabalhador,['Português'],[],False
400,2025-05-03 08:02,601,grand-theft-auto-v,False,RyanFeer,pt,Grand Theft Auto V,Live Mais Curta Hoje,"['Português', 'CDA', 'gta', 'fivem', 'RP', 'PvP', 'metropole', 'cpx', 'CAPITAL', 'ProdigyRP']",['MatureGame'],False
400,2025-05-03 08:02,601,grand-theft-auto-v,False,Cafe_Barao,pt,Grand Theft Auto V,[4Life RP] Monkey man/ Cafe Novidades & Game Play !!! So na conversa...❗livepix ❗Pix ❗discord ❗city,"['deltaforcecreatorhub', 'conterstrike2', 'drops', 'Drop', 'Português', 'gta', 'ＧTA5', 'gtavrproleplay', 'gtandTheftAutoV', 'coderp']",['MatureGame'],False
400,2025-05-03 08:02,601,grand-theft-auto-v,False,LouiseFonzar,pt,Grand Theft Auto V,[PRODIGYRP] | Clima diferente ! !prodigyrp !pix !donate,"['StreamGamer', 'Português', 'prodigyrp', 'prodigyrpbrazil', 'roleplay']",['MatureGame'],False
401,2025-05-03 08:14,895,league-of-legends,False,hastad,pt,League of Legends,hastad - soloQ - VAYNE IS MY MAIN,"['Challenger', 'Português', 'Vayne']",[],False
401,2025-05-03 08:14,895,league-of-legends,False,Baiano,pt,League of Legends,🟢 LPL AO VIVO: FPX 0 x 1 BLG 🟢🌴 !grupo !kbmidl !status #LPLCOSTREAM,['Português'],[],False
401,2025-05-03 08:14,895,league-of-legends,False,Akrinuss,pt,League of Legends,!privacy - RERUM - DICAS p subir de elo l Mestre !cortes !duo !analise !abt !facinho,"['Português', 'Reposição']",[],False
402,2025-05-03 08:32,742,roblox,False,vovo_grobau,pt,ROBLOX,"Testando Roblox pela primeira vez, venha ver a bagunça #anúncio !roblox","['Português', 'counterstrike', 'fps', 'jogosdetiros', 'cs', 'sorteio', 'skins', 'sorteiodeskins', 'CS2', 'entretenimento']",[],True
402,2025-05-03 08:32,742,roblox,True,pudin_exility,pt,ROBLOX,aoooo potencia!!  ._.  ❗PIX  ❗DISCORD,['Português'],[],False
402,2025-05-03 08:32,742,roblox,False,RapFenix1280,pt,ROBLOX,ROBLOX | 🐦‍🔥BLOX FRUITS🐦‍🔥 | AJUDANDO NA TRIAL DOS CRIA,"['Português', 'RapFenix1280', 'Minecraft', 'gtavrproleplay', 'NoMansSky', 'nomansskygameplay', 'NoMansSkyStream', 'TheWitcher3WildHunt', 'lumosrp', 'bloxfruits']",[],True
403,2025-05-03 08:46,1034,valorant,False,Guiz3iraRJ,pt,VALORANT,Mas um dia de valorant !  !livepix !dc,"['loudcoringa', 'PaulinhoLOKObr', 'yuuri22', 'PaulinhoLoko', 'Português', 'TCK10', 'aspaszin']",[],False
403,2025-05-03 08:46,1034,valorant,False,oBenee,pt,VALORANT,RANKEDS DE CABELO CORTADO E MUITA MIRA!  -> ❗pix,['Português'],[],False
403,2025-05-03 08:46,1034,valorant,False,oantunesz,pt,VALORANT,GAMEPLAY EXPLICATIVA RADIANT / 8$ = Análise Tracker | !analise | @oantunesz on socials | !otimizacao | !tipspace | SUB = GRUPO NO WPP,"['Valorant', 'Radiante', 'Português', 'fps', 'Competitivo', 'Ranked', 'English', 'viper', 'nerd', 'holidayhoopla']",[],False
404,2025-05-03 09:05,918,marvel-rivals,True,Bastet,pt,Marvel Rivals,SUBASTETON DIA 251 !sub !pix !sociais,"['Português', 'Marathon']",[],False
404,2025-05-03 09:05,918,marvel-rivals,False,ckgeek,pt,Marvel Rivals,PLATINA RUMO AO DIMA! SORRIR ENQUANTO DA✅RERUN✅,['Português'],[],False
404,2025-05-03 09:05,918,marvel-rivals,False,amohrte,pt,Marvel Rivals,"META PEGAR OURO HOJE, O PROBLEMA É SAIR DO BRONZE // RERUN-REPRISE","['overwatch', 'amohrte', 'ptbr', 'fps', 'marvel', 'marvelrivalsgameplay', 'marvelrivals', 'English', 'DayZ', 'Thirdpersonshooter']",['ProfanityVulgarity'],False
405,2025-05-03 12:01,1110,valorant,True,oantunesz,pt,VALORANT,GAMEPLAY EXPLICATIVA RADIANT / 8$ = Análise Tracker | !analise | @oantunesz on socials | !otimizacao | !tipspace | SUB = GRUPO NO WPP,"['Valorant', 'Radiante', 'Português', 'fps', 'Competitivo', 'Ranked', 'English', 'viper', 'nerd', 'holidayhoopla']",[],False
405,2025-05-03 12:01,1110,valorant,False,Lianyxx,pt,VALORANT,Retomada do Subathon Dia 5💞  -  ❗roblox❗pix💞 ❗aniver💞,"['Mulher', 'Portugues', 'React', 'Humor', 'Acolhedor', 'Lofi', 'Subhaton', 'Valorant', 'subathon', 'IRL']",[],False
405,2025-05-03 12:01,1110,valorant,False,JosySampaio,pt,VALORANT,(+18)    Jogando com AMIGOS e o Chat  Valorant seguido de R.E.P.O  ❗PIX,"['cooperativo', 'Aprendizado', 'Português']",[],False
406,2025-05-03 12:22,612,sea-of-thieves,False,Nicolaulb,pt,Sea of Thieves,Caçador de baús e de conderacoes !   Comandos»»»  !discord !Clip,"['Portugal', 'Português', 'aventuras', 'JogarComEspetadores', 'seaofthieves', 'PvP']",[],False
406,2025-05-03 12:22,612,sea-of-thieves,False,aatonz,pt,Sea of Thieves,!!Hey Pirate!! É SabadaaaçO Aee Kassinao!! Tem SOrtEio tem Evento tem chamado da caça !!VAMOKERE bom final de semana a todos <3 !! Bom Dia!!,"['casual', 'engraçado', 'pirata', 'English', 'Português', 'Yoda', 'Gaules', 'giveaway', 'alanzoka']",[],False
406,2025-05-03 12:22,612,sea-of-thieves,False,leonnzera__,pt,Sea of Thieves,BOM DIA -  BORA BORA - INICIANDO HOJE! ! ❗pix ❗prima ❗sensiR6 ❗discord ❗bilola,"['Portoguês', 'Brasil', 'PvP', 'fps', 'escapefromtarkov', 'Português']",[],False
407,2025-05-03 12:35,704,marvel-rivals,False,Momolezinha,pt,Marvel Rivals,(DROPS ON) Melhor Tocha Humana BR!🔥SIGAM SOCIAIS -> @Momolezinha |❗pix❗analise ❗youtube,"['Português', 'Heroshooter', 'marvelrivals', 'Inglês', 'English']",[],False
407,2025-05-03 12:35,704,marvel-rivals,True,Bastet,pt,Marvel Rivals,SUBASTETON DIA 251 !sub !pix !sociais,"['Português', 'Marathon']",[],False
407,2025-05-03 12:35,704,marvel-rivals,False,ckgeek,pt,Marvel Rivals,PLATINA RUMO AO DIMA! SORRIR ENQUANTO DA✅RERUN✅,['Português'],[],False
408,2025-05-03 16:02,674,ea-sports-fc-25,False,VovinhoFUT,pt,EA Sports FC 25,💥DROPS ON! TRANSMISSAO OFICIAL DA CONMEBOL E-LIBERTADORES!,"['Português', 'ultimateteam', 'EAFC', 'EASportsFC', 'fifa', 'FC25', 'EAFC25', 'DropsAtivados']",[],False
408,2025-05-03 16:02,674,ea-sports-fc-25,True,RovaGool,pt,EA Sports FC 25,🎉WL DE CLIENTE + ANÁLISES DE TIME GRATUITA ❗️coins ❗️futbuynow ❗️trade ❗️cliente ❗️grupo,"['Português', 'Tutorial', 'ultimateteam', 'eafc25', 'Futebol', 'FutebolVirtual', 'fifa25', 'Brasil', 'eafcgameplay']",[],False
408,2025-05-03 16:02,674,ea-sports-fc-25,False,paivinha29,pt,EA Sports FC 25,WL COM VARDY+ COBERTURA COMPLETA DA E-LIBERTADORES + HYPE DAS 14HR !CURSO  !COINS  !TRUST,['Português'],[],False
409,2025-05-03 16:15,1044,the-sims-4,True,atleticobangutv,pt,The Sims 4,ATLETICO BANGU,"['English', 'Português', 'eafc25', 'eafc25live', 'EAFC25ProClubs']",[],False
409,2025-05-03 16:15,1044,the-sims-4,False,Lazy_Boness,pt,The Sims 4,+18 Bora jogar? Let's go gaming! pt-br/en,"['games', 'scary', 'fun', 'ghost', 'conversa', 'Português', 'divertido', 'Inglês', 'jogos']",[],False
409,2025-05-03 16:15,1044,the-sims-4,False,melzinhalivesbrino,pt,The Sims 4,The sims,['Português'],[],False
410,2025-05-03 16:35,875,valorant,False,DennisRii,pt,VALORANT,valorant so pra diferenciar ❗pix❗dc❗comandos | faço parte da @tiltgameteam,"['Reposição', 'Português', 'fortinte', 'Bi', 'Brasill', 'minecraftsurivial']",[],False
410,2025-05-03 16:35,875,valorant,False,JosySampaio,pt,VALORANT,(+18)    Jogando com AMIGOS e o Chat  Valorant seguido de R.E.P.O  ❗PIX,"['cooperativo', 'Aprendizado', 'Português']",[],False
410,2025-05-03 16:35,875,valorant,False,waveigl,pt,VALORANT,🔞+18  WAVEIGL ❤️ APRENDENDO A JOGAR VALORANT COMP TRYHARD +18🔞,['Português'],['ProfanityVulgarity'],True
411,2025-05-03 16:52,631,league-of-legends,False,hastad,pt,League of Legends,hastad - soloQ - VAYNE IS MY MAIN,"['Challenger', 'Português', 'Vayne']",[],False
411,2025-05-03 16:52,631,league-of-legends,True,Baiano,pt,League of Legends,🟢 LTA SUL: RED 0 x 2 FUR 🟢🌴 !grupo !kbmidl !status,['Português'],[],False
411,2025-05-03 16:52,631,league-of-legends,False,Squallzera,pt,League of Legends,🕗 SUBATHON | !pix ou sub = +5min de live | !acer,"['LeagueofLegends', 'Garen', 'Português']",[],False
412,2025-05-03 17:04,790,grand-theft-auto-v,False,CarlitoP1_,pt,Grand Theft Auto V,[CDA] SPEED! Piloto Veterano QRV! Acompanhas no CIDADE ALTA ↠ Siga @carlitop1_,"['Português', 'CIDADEALTA', 'METROPOLE', 'GTARP', 'FIVEM', 'CarlitoP1', 'SPEED']",['MatureGame'],False
412,2025-05-03 17:04,790,grand-theft-auto-v,True,LevithTheZ,pt,Grand Theft Auto V,"ProdigyBrasil | TDB | KAst. | Meio morta, mas passo bem!| #FREEKOBA | !pix !social !youtube","['Português', 'fps', 'marvelrivals', 'GTARP', 'ProdigyRP', 'RP']",['MatureGame'],False
412,2025-05-03 17:05,790,grand-theft-auto-v,False,Vitor_jbs,pt,Grand Theft Auto V,SABADOU COM A PLACA DE VIDEO NOVA |❗pix ❗dc ❗vip  ❗comandos,"['Português', 'minecraft', 'mine', 'pvp', 'bedwars', 'mush', 'mushmc', 'RP']",['MatureGame'],False
413,2025-05-03 20:01,901,valorant,False,VALORANT_BR,pt,VALORANT,MIBR 1x0 G2 | MD5 | VCT Americas 2025 | Playoffs - Final Lower,['Português'],[],False
413,2025-05-03 20:01,901,valorant,False,TcK10,pt,VALORANT,MIBR x G2 | VCT AMERICAS - FINAL LOWER ( MD5 ) 🏆 !GROWTH 🏆 SIGA EM @tck10 #VCTWatchParty,"['melhordomundo', 'radiante', 'incrível', 'valorant', 'Português']",[],False
413,2025-05-03 20:02,901,valorant,False,waveigl,pt,VALORANT,🔞+18  WAVEIGL ❤️ APRENDENDO A JOGAR VALORANT COMP TRYHARD +18🔞,['Português'],['ProfanityVulgarity'],True
414,2025-05-03 20:19,955,fortnite,False,GUU_YT,pt,Fortnite,"DROP-ON ITENS GRATIS NOVA TEMPORADA 3 STAR WARS, FARME V-BUCKS GRATIS ASSISTINDO LIVE !LOJA !exitlag , APOIE GUU NA LOJA DE ITENS,","['Fortnite', 'lojadehojefortnite', 'Apoieumcriador', 'JOGOFORTNITE', 'VbucksGrátis', 'gratisvbucks', 'LOJADEITENS', 'Português', 'dropsfortnite', 'DropsAtivados']",[],False
414,2025-05-03 20:19,955,fortnite,False,danicloser,pt,Fortnite,(+18)  APARECI BEM TOTOSA (21:30 SHOW DA GAGA AQ)   —❗️PIX ❗️DISCORD ❗️INSTAGRAM ❗️ELO,"['LGBT', 'BARBIE', 'Gostosa', 'JETT', 'REYNA', 'RUIM', 'estressada', 'Português', 'DropsAtivados']",[],False
414,2025-05-03 20:19,955,fortnite,False,DaniKrautz,pt,Fortnite,[DROPS ON] Sabadinho com cospobre de Sith - !jogar !discord !nick !pix,"['fortnite', 'jogandocomochat', 'Português', 'Mulher', 'conversa', 'reload', 'Reposição', 'DropsAtivados']",[],False
415,2025-05-03 20:37,1053,marvel-rivals,True,podnoob,pt,Marvel Rivals,─╤╦︻3=(◣_◢)︻╦╤─,"['Português', 'dixlecia', 'LGBTQIAFriendlySpace', 'pan', 'marvelrivals', 'marvel', 'subathon', 'subathonstream']",[],False
415,2025-05-03 20:37,1053,marvel-rivals,False,ckgeek,pt,Marvel Rivals,PLATINA RUMO AO DIMA! SORRIR ENQUANTO DA✅RERUN✅,['Português'],[],False
415,2025-05-03 20:37,1053,marvel-rivals,False,exexeboy,pt,Marvel Rivals,não estou com a mesma camiseta nas últimas três lives,"['Portuguese', 'Português']",[],False
416,2025-05-04 00:02,1184,grand-theft-auto-v,True,bombombela,pt,Grand Theft Auto V,+18🔞[ZapWoody] Vai ter poc poc💦❗pix❗gf ❗sub ❗insta ❗youtube ❗BA ❗+18 ❗LOL ❗Valorant  ❗patrocinador,['Português'],"['MatureGame', 'ProfanityVulgarity']",True
416,2025-05-04 00:02,1184,grand-theft-auto-v,False,CriaPlayer,pt,Grand Theft Auto V,🎃GOTHAM RP🎃 #105 OS TUBARÕES DOS JOGOS ESTÃO NA PISTA! 🦈  #VdgPraKrlh #TropaDosDodóis !gotham !fancam !TDD,['Português'],"['MatureGame', 'ProfanityVulgarity']",False
416,2025-05-04 00:02,1184,grand-theft-auto-v,False,AmaruC2,pt,Grand Theft Auto V,🔞 NOBRE ROLEPLAY 🔥 FIVE M ⚔️ ❗ ⚖️ PROCURADOR GERAL DA REPÚBLICA M.P.F. ❗ 😈 ANJINHO DA LEI ❗ 💭 RESENHA !pix !sub !server,"['gta', 'fivem', 'nobre', 'roleplay', 'fac', 'POLICIA', 'gta5', 'gtav', 'CidadeNobre', 'SantaGroupGG']",['MatureGame'],False
417,2025-05-04 00:24,925,valorant,False,biafigueroa,pt,VALORANT,MORANGUETES EM AÇÃO - !pix,"['Português', 'yoru', 'monoyoru']",[],False
417,2025-05-04 00:24,925,valorant,False,sacy,pt,VALORANT,MIBR Sacy - chill pós derrota !pix !mibr !noping !csgoskins,['Português'],[],False
417,2025-05-04 00:24,925,valorant,False,a_sennan,pt,VALORANT,"(+18) era meu sonho fazer isso dar certo . Ajudinha? bits 6,90/ subs 9,90 !redes !pix !asenna !verificado","['Português', 'asenna', 'pedintevirtual', 'LGBT', 'mulhergamer', 'mulheresnatwitch', 'subathon', 'meninasgamers', 'gamergi']",['ProfanityVulgarity'],False
418,2025-05-04 00:42,1053,minecraft,False,ZAKl1k,pt,Minecraft,🟢 MINECRAFT | ⭐ GANHE ASSISTINDO | 🌟 REESTOQUE DIA 10 ou 16 às 18h | !loja !points !prime !sub,"['Português', 'Minecraft']",[],False
418,2025-05-04 00:42,1053,minecraft,False,AnimeTvON,pt,Minecraft,RERUN🟢 MINECRAFT - CHUVA E TROVÕES🟢,"['Português', 'Brasil', 'minecrafit', 'Reposição']",[],False
418,2025-05-04 00:42,1053,minecraft,False,bruufox,pt,Minecraft,MINEZINHO HARDCORE COM @pspfreitas e @tsuyoshi97| !curralzinhoe,['Português'],[],False
419,2025-05-04 01:02,653,league-of-legends,False,Akrinuss,pt,League of Legends,!privacy -  DICAS p subir de elo l Mestre !cortes !duo !analise !abt !facinho,"['Português', 'Reposição']",[],False
419,2025-05-04 01:02,653,league-of-legends,False,MichaMon,pt,League of Legends,🌼 Gruds naits piazada! 🌼❗sorteio ❗msg ❗pix ❗sr ❗disc,"['Português', 'Mulher', 'gameplaycriminosa', 'cacheada', 'yulla', 'kennzy', 'girl']",[],False
419,2025-05-04 01:02,653,league-of-legends,False,leleylol1,pt,League of Legends,MONO JHIN MESTRE | !pix !social,['Português'],[],False
420,2025-05-04 04:01,826,overwatch-2,True,Cooruja,pt,Overwatch 2,[!DROP Faster] Lendaria Free! | !Giveway da GUNDAM |🎁5 !Lootbox FREE | !Passefree !Agenda !Stadium,"['Autismo', 'TDAH', 'SafeSpace', 'Pai', 'Overwatch', 'Português', '4fun', 'casado', 'OWSeason16', 'DropsAtivados']",[],False
420,2025-05-04 04:01,826,overwatch-2,False,exexeboy,pt,Overwatch 2,não estou com a mesma camiseta nas últimas três lives,"['Portuguese', 'Português', 'DropsAtivados']",[],False
420,2025-05-04 04:02,826,overwatch-2,False,a_kitsunee,pt,Overwatch 2,[+18] [PT/EN] [PC]🌸Ta tudo uma merda mesmo vamos piorar jogando mais🌸🎀 !comandos !tinder !love !hate !namoro🎀 Bebam agua! #keymailer,"['Português', 'Inglês', 'casualplay', 'Mulher', 'girlgamers', 'Kirikomain', 'DropsAtivados']",[],False
421,2025-05-04 04:17,831,minecraft,False,ZAKl1k,pt,Minecraft,🟢 MINECRAFT | ⭐ GANHE ASSISTINDO | 🌟 REESTOQUE DIA 10 ou 16 às 18h | !loja !points !prime !sub,"['Português', 'Minecraft']",[],False
421,2025-05-04 04:17,831,minecraft,False,AnimeTvON,pt,Minecraft,RERUN🟢 MINECRAFT - CHUVA E TROVÕES🟢,"['Português', 'Brasil', 'minecrafit', 'Reposição']",[],False
421,2025-05-04 04:18,831,minecraft,False,m4zzinho,pt,Minecraft,Bora de minezin de cria? - !pix !social,"['radiante', 'valorant', 'fps', 'Português']",[],False
422,2025-05-04 04:34,697,roblox,False,menega18,pt,ROBLOX,BORA COLAR. !comandos | DROPS ATIVOS | @menega18 | @menegaoficial | @RaidersCompany |,"['brasil', 'GTARP', 'SOBREVIVENCIA', 'Português', 'jogoscasuais', 'AMA', 'músicaspararelaxar', 'DAYZBRASILIA', 'conexaoroleplay', 'HolidayHoopla']",[],False
422,2025-05-04 04:34,697,roblox,False,LvRandom,pt,ROBLOX,🐦 SUPOSTAMENTE live 24h 🐦,['Português'],[],False
422,2025-05-04 04:34,697,roblox,False,SophyySol,pt,ROBLOX,Sol's RNG 24/7! 💜 !Meta !Loja !Discord !Pix,"['Português', 'English', 'Vtuber', 'LGBT', 'Trans', 'femboy', 'ragnatales', 'ravenquest']",[],False
423,2025-05-04 04:47,1168,grand-theft-auto-v,False,estrelarp,pt,Grand Theft Auto V,+18 FIVEM - LADOLESTE RP - RISE RP ❗️Privacy❗️Discord ❗️Comandos ❗️Cidade - VOLTAMOS A PROGRAMACAO NORMAL..,['Português'],['MatureGame'],True
423,2025-05-04 04:48,1168,grand-theft-auto-v,True,bombombela,pt,Grand Theft Auto V,+18🔞[LL] Vai ter poc poc💦❗pix❗gf ❗sub ❗insta ❗youtube ❗BA ❗+18 ❗LOL ❗Valorant  ❗patrocinador,['Português'],"['MatureGame', 'ProfanityVulgarity']",True
423,2025-05-04 04:48,1168,grand-theft-auto-v,False,AmaruC2,pt,Grand Theft Auto V,🔞 NOBRE ROLEPLAY 🔥 FIVE M ⚔️ ❗ ⚖️ PROCURADOR GERAL DA REPÚBLICA M.P.F. ❗ 😈 ANJINHO DA LEI ❗ 💭 RESENHA !pix !sub !server,"['gta', 'fivem', 'nobre', 'roleplay', 'fac', 'POLICIA', 'gta5', 'gtav', 'CidadeNobre', 'SantaGroupGG']",['MatureGame'],False
424,2025-05-04 05:09,1018,fortnite,False,GUU_YT,pt,Fortnite,"DROP-ON ITENS GRATIS NOVA TEMPORADA 3 STAR WARS, FARME V-BUCKS GRATIS ASSISTINDO LIVE !LOJA !exitlag , APOIE GUU NA LOJA DE ITENS,","['Fortnite', 'lojadehojefortnite', 'Apoieumcriador', 'JOGOFORTNITE', 'VbucksGrátis', 'gratisvbucks', 'LOJADEITENS', 'Português', 'dropsfortnite', 'DropsAtivados']",[],False
424,2025-05-04 05:09,1018,fortnite,True,Nikao_s,pt,Fortnite,O AMIGO DA VIZINHANÇA CHEGOU  [+18],"['Português', 'Fortnite', 'Português', 'Brasil', 'Inglês', 'DropsAtivados']",[],False
424,2025-05-04 05:09,1018,fortnite,False,MorenaSZ_nqp,pt,Fortnite,TOP 1 BR! 🔥 BALLISTIC RANKED SURREAL 🌍,"['Fortnite', 'GirlPlayer', 'PS5LiveStream', 'ControlerGaming', 'Português', 'DropsAtivados']",[],False
425,2025-05-04 08:01,968,roblox,False,SophyySol,pt,ROBLOX,Sol's RNG 24/7! 💜 !Meta !Loja !Discord !Pix,"['Português', 'English', 'Vtuber', 'LGBT', 'Trans', 'femboy', 'ragnatales', 'ravenquest']",[],False
425,2025-05-04 08:01,968,roblox,False,costelinhameuamigo,pt,ROBLOX,Rerun: Desafios Insanos no Roblox: Vamos Jogar Juntos!,"['Português', 'English', 'dicas', 'gameplay', 'Reposição']",[],False
425,2025-05-04 08:01,968,roblox,False,valorientezin,pt,ROBLOX,roblox follow me pls,"['roblox', 'Português']",[],False
426,2025-05-04 08:20,960,marvel-rivals,True,GeckoLibra,pt,Marvel Rivals,🔴 LIVE - Fortnite NOVA TEMPORADA / Marvel Rivals 🔴,"['English', 'Português', 'FirstPlayrthrough', 'TheWitcher3', 'DiabloIV']",[],False
426,2025-05-04 08:20,960,marvel-rivals,False,OuluH,pt,Marvel Rivals,🛡️MAIN TANK 🔮🔮 GRINDING TOP 500!,"['Português', 'fps', 'MMORPG', 'MMO', 'marvelrivals']",[],False
426,2025-05-04 08:20,960,marvel-rivals,False,ckgeek,pt,Marvel Rivals,"PLATINA CHECK, AGORA É RUMO AO DIAMANTE ✅RERUN✅",['Português'],[],False
427,2025-05-04 08:39,1083,overwatch-2,False,txgiovani10,pt,Overwatch 2,Rerun: Em busca do Mestre (!loja) - Overwatch 2,"['Português', 'DropsAtivados']",[],False
427,2025-05-04 08:39,1083,overwatch-2,False,Cooruja,pt,Overwatch 2,[!DROP Faster] Lendaria Free! | !Giveway da GUNDAM |🎁5 !Lootbox FREE | !Passefree !Agenda !Stadium,"['Autismo', 'TDAH', 'SafeSpace', 'Pai', 'Overwatch', 'Português', '4fun', 'casado', 'OWSeason16', 'DropsAtivados']",[],False
427,2025-05-04 08:39,1083,overwatch-2,False,wlburnn,pt,Overwatch 2,Liberdade ou solidão,"['Português', 'DropsAtivados']",[],False
428,2025-05-04 08:59,919,ea-sports-fc-25,False,xGuuhGabrielx,pt,EA Sports FC 25,"Rivals, PREMIAÇÂO RANK 3! 11/2* Vardy na WL! WL em Busca do Rank 1, DMEs, Packs e Resenha | DIGITE !Livepix !cliente !grupo !meta !coins","['EASPORTS', 'EAFC', 'eafc25', 'ultimateteam', 'fc25', 'fc25gameplay', 'Português', 'Paivinha29', 'Carpentieri', 'Adolfz']",[],False
428,2025-05-04 08:59,919,ea-sports-fc-25,True,oBruxoFut,pt,EA Sports FC 25,✨ VARDY + 10 BRONZES NA WL (ENLOUQUECI) ❗️tatica ❗️sorteio ❗️lurdinha,"['Português', 'muitoelegante', 'charmoso', 'bonito', 'inteligente', 'carismático', 'educado', 'proplayer', 'futebol', 'fitness']",[],False
428,2025-05-04 08:59,919,ea-sports-fc-25,False,miguelitodoarrocha,pt,EA Sports FC 25,💥Domingão de WL dos TOTS DA PREMIER !! SERA QUE VEM MITADA ?BEM VINDOS A LIVE DO MIGUELITO,"['Português', 'Portugal', 'Competitivo', 'resenha', 'Resenhando', 'ultimateteam', 'fifa', 'EAFC', 'eafc25', 'eafcsports']",[],False
429,2025-05-04 12:01,869,overwatch-2,True,Cooruja,pt,Overwatch 2,[!DROP Faster] Lendaria Free! | !Giveway da GUNDAM |🎁5 !Lootbox FREE | !Passefree !Agenda !Stadium,"['Autismo', 'TDAH', 'SafeSpace', 'Pai', 'Overwatch', 'Português', '4fun', 'casado', 'OWSeason16', 'DropsAtivados']",[],False
429,2025-05-04 12:01,869,overwatch-2,False,Gordnho,pt,Overwatch 2,DOMINGOW BORÁ DE JOGUINHOS!!!,"['Português', 'fps', 'marvelrivals', 'overwatch', 'Ranked', 'RPG', 'Fragpunk', 'o', 'DropsAtivados']",['ProfanityVulgarity'],False
429,2025-05-04 12:01,869,overwatch-2,False,lexiye,pt,Overwatch 2,Livezona hoje? Filme mais tarde!!!🦕❗Pix ❗discord ❗clip,"['chill', 'Português', '4fun', 'idosa', 'DropsAtivados']",[],False
430,2025-05-04 12:18,667,roblox,False,SophyySol,pt,ROBLOX,Sol's RNG 24/7! 💜 !Meta !Loja !Discord !Pix,"['Português', 'English', 'Vtuber', 'LGBT', 'Trans', 'femboy', 'ragnatales', 'ravenquest']",[],False
430,2025-05-04 12:18,667,roblox,False,eoTeux,pt,ROBLOX,"TRIPLE YORU, DIVINE ART E PODERES 🦇❤","['EoTeux', 'Jogos', 'português', 'Português', 'roblox', 'bloxfruits', 'Brasil', 'brazil', 'Brasileiro', 'teux']",[],False
430,2025-05-04 12:18,667,roblox,False,valorientezin,pt,ROBLOX,roblox follow me pls,"['roblox', 'Português']",[],False
431,2025-05-04 12:31,872,marvel-rivals,True,anduoruam,pt,Marvel Rivals,!18+ Pouco de gameplay da melhor forma Marvel Rivals,['Português'],[],False
431,2025-05-04 12:31,872,marvel-rivals,False,ckgeek,pt,Marvel Rivals,"PLATINA CHECK, AGORA É RUMO AO DIAMANTE ✅RERUN✅",['Português'],[],False
431,2025-05-04 12:31,872,marvel-rivals,False,EdigasZ,pt,Marvel Rivals,DROPS? HOJE EU PEGO GM1 🙏 | !tiktok !youtube,"['Português', 'ruim', 'troll']",[],False
432,2025-05-04 16:01,712,overwatch-2,False,Cooruja,pt,Overwatch 2,[!DROP Faster] Lendaria Free! | !Giveway da GUNDAM |🎁5 !Lootbox FREE | !Passefree !Agenda !Stadium,"['Autismo', 'TDAH', 'SafeSpace', 'Pai', 'Overwatch', 'Português', '4fun', 'casado', 'OWSeason16', 'DropsAtivados']",[],False
432,2025-05-04 16:01,712,overwatch-2,True,kaori_game,pt,Overwatch 2,Domingo mais paia [Drop On] !pistola !clipe !discord !pix,"['overwatch', 'fortnite', 'minecrafit', 'minecraftsurvivor', 'girlgamers', 'sup', 'Português', 'DropsAtivados']",[],False
432,2025-05-04 16:01,712,overwatch-2,False,Edicleiton_3,pt,Overwatch 2,to xoxo ❗chat (para SUB) ❗loja,"['Português', 'HeterosexuaI', 'Bahia', 'Satanista', 'DropsAtivados']",['ProfanityVulgarity'],False
433,2025-05-04 16:15,960,sea-of-thieves,True,ofernandomaidana,pt,Sea of Thieves,🟢 DOMINGÃO DO PIRATÃO ⚓,"['Português', 'seaofthieves', 'pirata', 'SongRequests', 'songrequest', 'SeaOfThievesPartner', 'SeaofThievesgameplay', 'English']",[],False
433,2025-05-04 16:15,960,sea-of-thieves,False,Coutinho0,pt,Sea of Thieves,[PT/ENG] OPEN SEAS!!! 🔥 !patch 🔥!discord 🔥 !lurk,"['Português', 'English', 'PvP', 'tips', 'seaofthieves', 'Streaks', 'hourglassgrind']",[],False
433,2025-05-04 16:15,960,sea-of-thieves,False,sicko1,pt,Sea of Thieves,*Rolando de rir no convés!* ❗exitlag,"['Português', 'PvP', 'Calvo', 'Idoso', 'Lindo', 'Humilde', 'chill', 'Terror']",[],False
434,2025-05-04 16:33,680,minecraft,True,ZAKl1k,pt,Minecraft,🟢 MINECRAFT | ⭐ GANHE ASSISTINDO | 🌟 REESTOQUE DIA 10 ou 16 às 18h | !loja !points !prime !sub,"['Português', 'Minecraft']",[],False
434,2025-05-04 16:34,680,minecraft,False,AnimeTvON,pt,Minecraft,RERUN🟢 MINECRAFT - CHUVA E TROVÕES🟢,"['Português', 'Brasil', 'minecrafit', 'Reposição']",[],False
434,2025-05-04 16:34,680,minecraft,False,guigaaslol,pt,Minecraft,🔴 CONVERSANDO |❗points❗loja ❗subgratis,['Português'],[],False
435,2025-05-04 16:47,1107,grand-theft-auto-v,False,vicfdcss,pt,Grand Theft Auto V,[+18 CDAnjos] Fiz merda...,"['CidadedosAnjos', 'PortuguêsBR', 'RP', 'Português', 'AgnesSantiago']",['MatureGame'],False
435,2025-05-04 16:47,1107,grand-theft-auto-v,False,AmaruC2,pt,Grand Theft Auto V,🔞 NOBRE ROLEPLAY 🔥 FIVE M ⚔️ ❗ ⚖️ PROCURADOR GERAL DA REPÚBLICA M.P.F. ❗ 😈 ANJINHO DA LEI ❗ 💭 RESENHA !pix !sub !server,"['gta', 'fivem', 'nobre', 'roleplay', 'fac', 'POLICIA', 'gta5', 'gtav', 'CidadeNobre', 'SantaGroupGG']",['MatureGame'],False
435,2025-05-04 16:47,1107,grand-theft-auto-v,False,cruzrobsonoriginal,pt,Grand Theft Auto V,+18  [CancunRP] Moto Clube  Ao Vivo  !!!!!  Tio Robson seu Randola favorito  !!!!!!! codiguin,"['gtarp', 'cancun', 'randola', 'gtaV', 'Português']",['MatureGame'],True
436,2025-05-04 20:01,755,marvel-rivals,False,CahNepo,pt,Marvel Rivals,RANKEDS / MAIN SUP !PIX !AMAZON !EXITLAG !SOCIAIS #MarvelRivalsPartner #CriadorOverwatch,"['Português', 'Brasil', 'react', 'conversa', 'Competitivo', 'IRL']",[],False
436,2025-05-04 20:01,755,marvel-rivals,True,amoedo_,pt,Marvel Rivals,[DROPS] CHILL RANKEDS - !youtube !pix !discord,['Português'],[],False
436,2025-05-04 20:01,755,marvel-rivals,False,ckgeek,pt,Marvel Rivals,"PLATINA CHECK, AGORA É RUMO AO DIAMANTE ✅RERUN✅",['Português'],[],False
437,2025-05-04 20:16,969,roblox,False,Edicleiton_3,pt,ROBLOX,to xoxo ❗chat (para SUB) ❗loja,"['Português', 'HeterosexuaI', 'Bahia', 'Satanista']",['ProfanityVulgarity'],False
437,2025-05-04 20:16,969,roblox,True,LucasRoxGames,pt,ROBLOX,❗️❗️ TESTANDO JOGOS NO ROBLOX • SUGESTÕES? ❗️❗️ | !ROBLOX | !PIX | !SG | !SUB | !IOX | @LucasRoxGames,"['crypto', 'minecraft', 'roblox', 'garticphone', 'desenhos', 'Surdomudo', 'Português', 'lucasroxgames', 'interação', 'conversa']",[],False
437,2025-05-04 20:17,969,roblox,False,valorientezin,pt,ROBLOX,roblox follow me pls,"['roblox', 'Português']",[],False
438,2025-05-04 20:35,1069,the-sims-4,False,LelecoGaymer,pt,The Sims 4,Líder: @leonicornio Anjo: @tio_neno Monstro: @ali3nisa Imune pelo anjo: @taicunha_arts | BigMorte Streamers | LelecoGaymer,"['Gay', 'Brasil', 'Urso', 'gaymer', 'Nordeste', 'bahia', 'LGBTQIAplus', 'Bear', 'thesims', 'BBB']",['ProfanityVulgarity'],False
438,2025-05-04 20:35,1069,the-sims-4,False,daniel_simmer,pt,The Sims 4,vamos esquecer que amanhã é segunda,"['thesims4', 'LGBTQ', 'Acolhedor', 'Português']",[],False
438,2025-05-04 20:35,1069,the-sims-4,False,habanerovermelho,pt,The Sims 4,The sims 4 (Sem opção),"['Português', 'LGBT']",[],False
439,2025-05-04 20:55,1047,overwatch-2,False,SkyggerKriger,pt,Overwatch 2,DROPS ON! - Chega mais !queue join - Sorteio !Ticket,"['Português', 'Casual', 'ptbr', 'Competitive', 'Meinmercy', 'hamster', 'wreckingball', 'multiplayers', 'DropsAtivados']",[],False
439,2025-05-04 20:55,1047,overwatch-2,False,Cooruja,pt,Overwatch 2,[!DROP Faster] Lendaria Free! | !Giveway da GUNDAM |🎁5 !Lootbox FREE | !Passefree !Agenda !Stadium,"['Autismo', 'TDAH', 'SafeSpace', 'Pai', 'Overwatch', 'Português', '4fun', 'casado', 'OWSeason16', 'DropsAtivados']",[],False
439,2025-05-04 20:55,1047,overwatch-2,False,AnnoreAngel,pt,Overwatch 2,🌸 ..𝐃𝐎𝐌𝐈𝐍𝐆𝐎𝐔.. 🌸❗ꜱʀ❗ꜱɴᴀᴘᴄʜᴀᴛ❗ʏᴏᴜᴛᴜʙᴇ❗ᴛɪᴋᴛᴏᴋ❗ᴅɪꜱᴄᴏʀᴅ❗ᴘɪx,"['ANGEL', 'GIRL', 'CUTE', 'BRASILEIRA', 'PORTUGUÊS', 'ESPANHOL', 'DROPSATIVADOS', 'MARVELRIVALS', 'OVERWATCH2', 'Português']",[],False
440,2025-05-04 21:15,1155,valorant,False,VALORANT_BR,pt,VALORANT,SEN 1x2 G2 | VCT Americas 2025 | Playoffs - Grande Final (MD5),['Português'],[],False
440,2025-05-04 21:15,1155,valorant,False,mafiiosa62,pt,VALORANT,💥quem ta cansado digita 1💥 !pix !loja | @bahdadu @angelotuna @ynicolet (+18) 🔞,"['mulher', 'justchatting', 'Competitivo', 'LGBTQIAMais', 'valorant', 'Fortnite', 'Português', 'TheLastofUsPartll']",[],False
440,2025-05-04 21:15,1155,valorant,False,TcK10,pt,VALORANT,SEN vs G2 - GRANDE FINAL MD5 | VCT AMERICAS 🏆 !GROWTH 🏆 SIGA EM @tck10 #VCTWatchParty,"['melhordomundo', 'radiante', 'incrível', 'valorant', 'Português']",[],False
441,2025-05-05 00:01,1029,league-of-legends,True,Baiano,pt,League of Legends,🔴 LTA Sul: PAIN x VKS 🔴 🌴 AMANHÃ LPL às 06:00 !grupo !bb [RETRANSMISSÃO] !status !kbmidl,['Português'],[],False
441,2025-05-05 00:01,1029,league-of-legends,False,Akrinuss,pt,League of Legends,!privacy -  DICAS p subir de elo l Mestre !cortes !duo !analise !abt !facinho,"['Português', 'Reposição']",[],False
441,2025-05-05 00:01,1029,league-of-legends,False,tiemis,pt,League of Legends,+18 boa noite!! <3 !insta !pix,"['Portugues', 'games', 'portuguese', 'Português']",[],False
442,2025-05-05 00:20,667,counter-strike,True,GOIAMO,pt,Counter-Strike,"Ame sua família, respeite o próximo e sempre confie em Deus🙏🏻!msg !pix !clip !nesha @gamersclubcs",['Português'],['MatureGame'],False
442,2025-05-05 00:20,667,counter-strike,False,pinkrafa,pt,Counter-Strike,CSinhoooo pra começar bem a semana  Colaaaa =) !ingresso para sorteio de 1500 seguidores,"['CS2', 'counterstrike', 'gaming', 'GamingLive', 'Esports', 'fps', 'CS2Live', 'gaules', 'TRIBONERA', 'Brasil']",['MatureGame'],False
442,2025-05-05 00:21,667,counter-strike,False,BrunoBalloni,pt,Counter-Strike,🔴RERUN!!! -> ❗regraloja❗farm ❗sub ❗msg ❗loja,"['Português', 'fps', 'Brasil', 'counterstrike', 'cs', 'cs2', 'brazil']",['MatureGame'],False
443,2025-05-05 00:34,774,roblox,True,NickiieTV,pt,ROBLOX,👽 TÔ DE VOLTA! DBD + SESSÃO DA TRAVA  !lanhouse  !sessão !fila  !lurdes !casaflorescer !REGRAS !audios !donate !pix !sub !comand,"['TRANS', 'ELADELA', 'ÓVINIS', 'ETS', 'FILHADOLULA', 'SURTOS', 'BRUXA', 'REACTS', 'GAMEPLAY', 'LGBTQIAPN']",['ProfanityVulgarity'],False
443,2025-05-05 00:34,774,roblox,False,Starlamygirl,pt,ROBLOX,Roblox com Amigos💫 GANHE ATÉ 500 REAIS !Roblox Event,"['Português', 'Cosplay', 'Waifu', 'TDAH', 'Anime', 'Otaku', 'Inglês', 'English']",[],False
443,2025-05-05 00:34,774,roblox,False,valorientezin,pt,ROBLOX,roblox follow me pls,"['roblox', 'Português']",[],False
444,2025-05-05 04:01,816,fortnite,True,GUU_YT,pt,Fortnite,"DROP-ON ITENS GRATIS NOVA TEMPORADA 3 STAR WARS, FARME V-BUCKS GRATIS ASSISTINDO LIVE !LOJA !exitlag , APOIE GUU NA LOJA DE ITENS,","['Fortnite', 'lojadehojefortnite', 'Apoieumcriador', 'JOGOFORTNITE', 'VbucksGrátis', 'gratisvbucks', 'LOJADEITENS', 'Português', 'dropsfortnite', 'DropsAtivados']",[],False
444,2025-05-05 04:01,816,fortnite,False,MorenaSZ_nqp,pt,Fortnite,TOP 1 BR! 🇧🇷 BALLISTIC RANKED SURREAL 🔥,"['Fortnite', 'GirlPlayer', 'PS5LiveStream', 'ControlerGaming', 'Português', 'DropsAtivados']",[],False
444,2025-05-05 04:01,816,fortnite,False,Melizy7x,pt,Fortnite,GRIND ZONE CEDO?? | 🏆 USE CODE MELIZY #ad !pix !dc !mapa,"['Português', 'FortniteRanked', '1v1', 'Fortnite', 'DropsAtivados']",[],False
445,2025-05-05 04:17,791,counter-strike,False,pinkrafa,pt,Counter-Strike,CSinhoooo pra começar bem a semana  Colaaaa =) !ingresso para sorteio de 1500 seguidores,"['CS2', 'counterstrike', 'gaming', 'GamingLive', 'Esports', 'fps', 'CS2Live', 'gaules', 'TRIBONERA', 'Brasil']",['MatureGame'],False
445,2025-05-05 04:17,791,counter-strike,True,donkgord0,pt,Counter-Strike,🕺🏻💪🏻😎🦜+18 NOVO PATROCÍNIO ❗G4SKINS❗RAINGG  🤪 !!❗neshastore  ❗gamearena❗csgoskins,"['CSGO', 'FPS', 'GAMERSCLUB', 'GC', 'LVL20', 'Português', 'lol', 'leagueoflegends', 'moba']",['MatureGame'],False
445,2025-05-05 04:17,791,counter-strike,False,BrunoBalloni,pt,Counter-Strike,🔴RERUN!!! -> ❗regraloja❗farm ❗sub ❗msg ❗loja,"['Português', 'fps', 'Brasil', 'counterstrike', 'cs', 'cs2', 'brazil']",['MatureGame'],False
446,2025-05-05 04:32,800,roblox,False,NickiieTV,pt,ROBLOX,👽 TÔ DE VOLTA! DBD + SESSÃO DA TRAVA  !lanhouse  !sessão !fila  !lurdes !casaflorescer !REGRAS !audios !donate !pix !sub !comand,"['TRANS', 'ELADELA', 'ÓVINIS', 'ETS', 'FILHADOLULA', 'SURTOS', 'BRUXA', 'REACTS', 'GAMEPLAY', 'LGBTQIAPN']",['ProfanityVulgarity'],False
446,2025-05-05 04:32,800,roblox,True,costelinhameuamigo,pt,ROBLOX,Rerun: Desafios Insanos no Roblox: Vamos Jogar Juntos!,"['Português', 'English', 'dicas', 'gameplay', 'Reposição']",[],False
446,2025-05-05 04:32,800,roblox,False,valorientezin,pt,ROBLOX,roblox follow me pls,"['roblox', 'Português']",[],False
447,2025-05-05 08:01,1193,fortnite,False,GUU_YT,pt,Fortnite,"DROP-ON ITENS GRATIS NOVA TEMPORADA 3 STAR WARS, FARME V-BUCKS GRATIS ASSISTINDO LIVE !LOJA !exitlag , APOIE GUU NA LOJA DE ITENS,","['Fortnite', 'lojadehojefortnite', 'Apoieumcriador', 'JOGOFORTNITE', 'VbucksGrátis', 'gratisvbucks', 'LOJADEITENS', 'Português', 'dropsfortnite', 'DropsAtivados']",[],False
447,2025-05-05 08:01,1193,fortnite,True,iShadowWolf_,pt,Fortnite,(+18) Livezinha Muito Doida!   ||   (❗comandos ❗metas ❗drops)   ||   (Epic Code: SHADOWOLF),"['Português', 'DropsAtivados']",[],False
447,2025-05-05 08:01,1193,fortnite,False,r1gamertv,pt,Fortnite,Batalha Galáctica🤘|🕹️| #PS5 |Código de apoiador: R1GAMERTV na loja Epic | @kolmeiastm,"['AMA', 'Português', 'ps5', 'fortnıte', 'FallGuys', 'marvel', 'ＲＰＧ', 'ufl', 'OGFortniteMap', 'fortinitebattleroyale']",[],True
448,2025-05-05 08:23,1013,league-of-legends,False,Baiano,pt,League of Legends,🟢 LPL AO VIVO: TT 0 x 0 BLG🟢🌴 !grupo !kbmidl !status #LPLCOSTREAM,['Português'],[],False
448,2025-05-05 08:23,1013,league-of-legends,False,Dohpre,pt,League of Legends,Um novo dia novo elo - sejam muito bem vindos,"['aniversariante', 'Português']",[],False
448,2025-05-05 08:23,1013,league-of-legends,False,YoDa,pt,League of Legends,A SEMANA DOS FORTES COM LOL 2,['Português'],[],False
449,2025-05-05 08:43,1139,roblox,True,tvNN_,pt,ROBLOX,"Valhalla [Asgard] - May 9th, get a bonus start ❗store❗ref ❗server","['Português', 'English', 'Lineage2', 'LineageII', 'MMORPG', 'Valhalla']",[],False
449,2025-05-05 08:43,1139,roblox,False,costelinhameuamigo,pt,ROBLOX,Rerun: Desafios Insanos no Roblox: Vamos Jogar Juntos!,"['Português', 'English', 'dicas', 'gameplay', 'Reposição']",[],False
449,2025-05-05 08:43,1139,roblox,False,valorientezin,pt,ROBLOX,roblox follow me pls,"['roblox', 'Português']",[],False
450,2025-05-05 12:01,919,grand-theft-auto-v,False,vicfdcss,pt,Grand Theft Auto V,[+18 CDAnjos] Trabalhar..,"['CidadedosAnjos', 'PortuguêsBR', 'RP', 'Português', 'AgnesSantiago']",['MatureGame'],False
450,2025-05-05 12:02,919,grand-theft-auto-v,False,RyanFeer,pt,Grand Theft Auto V,Segundou Sem Perder O Foco,"['Português', 'CDA', 'gta', 'fivem', 'RP', 'PvP', 'metropole', 'cpx', 'CAPITAL', 'ProdigyRP']",['MatureGame'],False
450,2025-05-05 12:02,919,grand-theft-auto-v,False,CarlitoP1_,pt,Grand Theft Auto V,[CDA] SPEED! Piloto Veterano QRV! Acompanhas no CIDADE ALTA ↠ Siga @carlitop1_,"['Português', 'CIDADEALTA', 'METROPOLE', 'GTARP', 'FIVEM', 'CarlitoP1', 'SPEED']",['MatureGame'],False
451,2025-05-05 12:19,1107,marvel-rivals,True,oPontifeX,pt,Marvel Rivals,MARVEL RIVALS | FRONTPAGE | !jogar !clipe !bits !discord !donate !livepix !pix !redes | Closed Caption,"['ClosedCaption', 'Português', 'LGBT', 'MarvelRivals', 'Marvel', 'HeroShooter', 'SpiderMan', 'IronMan', 'EmmaFrost', 'FrontPage']",[],False
451,2025-05-05 12:19,1107,marvel-rivals,False,Momolezinha,pt,Marvel Rivals,(DROPS ON) Melhor Tocha Humana BR!🔥SIGAM SOCIAIS -> @Momolezinha |❗pix❗analise ❗youtube,"['Português', 'Heroshooter', 'marvelrivals', 'Inglês', 'English']",[],False
451,2025-05-05 12:19,1107,marvel-rivals,False,ckgeek,pt,Marvel Rivals,"PLATINA CHECK, AGORA É RUMO AO DIAMANTE ✅RERUN✅",['Português'],[],False
452,2025-05-05 12:40,833,fortnite,False,Pedro017Yt,pt,Fortnite,[!DROPS ON] 🍑 LOJINHA ABASTECIDA 18.000 V-BUCKS 🍑 !LOJA !PIX !SKIN,"['Português', 'Fortnite', 'Jogandocomespectadores', 'DropsEnable', 'Drops', 'reload', 'FamilyFriendly', 'PvP', 'drops', 'batlleroyale']",[],False
452,2025-05-05 12:40,833,fortnite,False,aatonz,pt,Fortnite,DROPS ON!! REBELDES!! UNI-VOS!! Um ótimo inicio de semana!! Bom Dia!!,"['casual', 'engraçado', 'pirata', 'English', 'Português', 'Yoda', 'Gaules', 'giveaway', 'alanzoka']",[],False
452,2025-05-05 12:40,833,fortnite,False,CORALtv_,pt,Fortnite,DROPS ON  ❤️ RESGATE VBUCKS NA !LOJA ✨ USE CODE: COORAL #AD ✨!PIX !RESGATE !JOGAR,"['Português', 'Fortnite', 'sorteio', 'VbucksGrátis', 'sorteios', 'vbucks', 'jogandocomespectadores']",[],False
453,2025-05-05 12:56,891,league-of-legends,False,hastad,pt,League of Legends,hastad - soloQ - VAYNE IS MY MAIN,"['Challenger', 'Português', 'Vayne']",[],False
453,2025-05-05 12:56,891,league-of-legends,True,Baiano,pt,League of Legends,🟢 DEPOIS DO CRIME EP: 9 @mylonzete @taylolxd @rangerlol1 | PARTICIPANTES: FUR Tutsz 🟢 !grupo !kbmidl !status,['Português'],[],False
453,2025-05-05 12:56,891,league-of-legends,False,TwitchManiaco1,pt,League of Legends,Trabalhos - !loja,"['Português', 'rato', 'monochamp', 'lol', 'jungle', 'Esquizofrenia', 'depressão', 'Challenger', 'VASCO']",[],True
454,2025-05-05 16:01,799,grand-theft-auto-v,False,LevithTheZ,pt,Grand Theft Auto V,ProdigyBrasil | TDB | KAst. | RP + REPO! | #FREEKOBA | !pix !social !youtube,"['Português', 'fps', 'marvelrivals', 'GTARP', 'ProdigyRP', 'RP']",['MatureGame'],False
454,2025-05-05 16:01,799,grand-theft-auto-v,False,dudyll,pt,Grand Theft Auto V,01 TURQUIA na [MetaCity] (+18),"['fivem', 'Português']",['MatureGame'],False
454,2025-05-05 16:01,799,grand-theft-auto-v,False,yunizinhafps,pt,Grand Theft Auto V,"💜VOLTAMOS, VEM PARA MELHOR CIDADE DE RP AMERICANO UVRP #HARDRP [COMANDO]   ❗UVRP ❗LIVEPIX ❗DISCORDYUNI","['Português', 'coringarp', 'GTARPLIVE', 'datenarp', 'gtavrproleplay', 'ＧTA5', 'gtandTheftAutoV', 'ComplexoRP', 'redbeiramar', 'paulinhooloko']",['MatureGame'],False
455,2025-05-05 16:17,603,fortnite,True,MorenaSZ_nqp,pt,Fortnite,LIVE RAPIDINHA SÓ PRA DESCONTRAIR 🔥 TOP 12 NO MUNDO 🌍,"['Fortnite', 'GirlPlayer', 'PS5LiveStream', 'ControlerGaming', 'Português']",[],False
455,2025-05-05 16:18,603,fortnite,False,GUU_YT,pt,Fortnite,"SORTEIO-NOVA TEMPORADA 3 STAR WARS, FARME V-BUCKS GRATIS ASSISTINDO LIVE !LOJA !exitlag , APOIE GUU NA LOJA DE ITENS,","['Fortnite', 'lojadehojefortnite', 'Apoieumcriador', 'JOGOFORTNITE', 'VbucksGrátis', 'gratisvbucks', 'LOJADEITENS', 'Português', 'dropsfortnite']",[],False
455,2025-05-05 16:18,603,fortnite,False,imoonelfa,pt,Fortnite,"📦 Full Loot, Zero Abate 🤡 | Código: ELFA 🛒 | ❗discord ❗insta ❗comandos","['Português', 'Fortnite', 'jogandocomochat', 'Brasil', 'Brasileira']",[],False
456,2025-05-05 16:30,890,roblox,True,LMALUM,pt,ROBLOX,Volteii - LADY GAGAAAAA QUE SHOW INCRIVEL 🐐  -  ❗cine ❗donate,"['Português', 'TDAH', 'LGBT', 'RPG', 'MMO', 'MarvelRivalsPartner']",[],False
456,2025-05-05 16:30,890,roblox,False,reserva2delraso,pt,ROBLOX,O PIOR JOGADOR DE  BLOX FRUITS DO MUNDO!,"['Brasil', 'Português', 'ROBLOX', 'bloxfruits', 'uzoth', 'blox', 'ripindra']",[],False
456,2025-05-05 16:30,890,roblox,False,valorientezin,pt,ROBLOX,roblox follow me pls,"['roblox', 'Português']",[],False
457,2025-05-05 20:02,728,ea-sports-fc-25,False,eLyzao,pt,EA Sports FC 25,W.L ATE O JOGO DO ATLETICO ( REACT ) DPS   ❗Nesha ❗iox +18,['Português'],[],False
457,2025-05-05 20:02,728,ea-sports-fc-25,False,Polaco_G4m3s,pt,EA Sports FC 25,"Chega mais galera, bora para play!!!!!","['Xbox', 'Jogadoresiniciantes', 'Português', 'forninte', 'Fortnite', 'Interactive', 'dicasdejogo']",[],True
457,2025-05-05 20:02,728,ea-sports-fc-25,False,miguelitodoarrocha,pt,EA Sports FC 25,💥FINAL DA WL 2 SERA QUE VEM 9 V ?? Bem vindos  A live do Miguelito,"['Português', 'Portugal', 'Competitivo', 'resenha', 'Resenhando', 'ultimateteam', 'fifa', 'EAFC', 'eafc25', 'eafcsports']",[],False
458,2025-05-05 20:16,812,sea-of-thieves,False,Andy2631D,pt,Sea of Thieves,[+18] Pesca?,"['Portugues', 'Conversa', 'Português']",[],False
458,2025-05-05 20:16,812,sea-of-thieves,False,MatGomesz,pt,Sea of Thieves,A caça (de guê?) | SUBATHON - 08/05 | Epic CODE: MatGomesz #ad |❗noping ❗lendasdomar,"['PvP', 'PvE', 'Aventura', 'Survival', 'Português', 'Coop', 'Xbox', 'PS5', 'Trocação', 'Heroshooter']",[],False
458,2025-05-05 20:16,812,sea-of-thieves,False,Malucaooo_,pt,Sea of Thieves,Sea of thievens! Chamado do caça ou PvP ou Diários?! Evento de pesca!,"['seaofthieves', 'SotOfThieves', 'Português']",[],False
459,2025-05-05 20:32,606,counter-strike,False,GOIAMO,pt,Counter-Strike,"Ame sua família, respeite o próximo e sempre confie em Deus🙏🏻!msg !pix !clip !nesha @gamersclubcs",['Português'],['MatureGame'],False
459,2025-05-05 20:32,606,counter-strike,False,shadowsganjaking,pt,Counter-Strike,🔞SUBATHON/LIVE INFINITA - DOAÇÕES AUMENTAM O TEMPO DA LIVE - VEM F1 COM NOIX - LEGALIZANDO O CS2 E A TWITCH -  | !PIX |!loja| !CUPOM|,"['maconha', '420', 'CS2', 'Brasil', 'portugues', 'ganja', 'brasileiro', 'counterstrike', 'Cannabis', 'CannabisCommunity']",['MatureGame'],False
459,2025-05-05 20:32,606,counter-strike,False,BrunoBalloni,pt,Counter-Strike,🟢HOJE TEM SORTEIO DOS SUBS! -> ❗regraloja❗farm ❗sub ❗msg ❗loja,"['Português', 'fps', 'Brasil', 'counterstrike', 'cs', 'cs2', 'brazil']",['MatureGame'],False
460,2025-05-05 20:44,1099,roblox,True,alaideart,pt,ROBLOX,escolhendo joguinho pra semana :3 desenhos :3 começando korra :3 uwu,"['Português', 'ArtistaDigital', 'Vtuber']",[],False
460,2025-05-05 20:44,1099,roblox,False,SophyySol,pt,ROBLOX,Sol's RNG 24/7! 💜 !Meta !Loja !Discord !Pix,"['Português', 'English', 'Vtuber', 'LGBT', 'Trans', 'femboy', 'ragnatales', 'ravenquest']",[],False
460,2025-05-05 20:44,1099,roblox,False,valorientezin,pt,ROBLOX,roblox follow me pls,"['roblox', 'Português']",[],False
461,2025-05-05 21:05,1020,grand-theft-auto-v,False,iMarianaPit,pt,Grand Theft Auto V,[ + 18 ]  LADO LESTE + ZTK |  00 DA ALEMANHA 05/17  !PIX !SUB !ZTK,"['English', 'girlgamers', 'ＧTA5', 'Português', 'fivem', 'Alemanha', 'LadoLesteRP', 'ladolesteroleplay', 'ladolestept2', 'tropadaalemanha']",['MatureGame'],False
461,2025-05-05 21:05,1020,grand-theft-auto-v,False,bombombela,pt,Grand Theft Auto V,+18🔞[CPX] PM MUSA NA SITUAÇÃO🔫🥉❗pix❗gf ❗sub ❗insta ❗youtube ❗BA ❗+18 ❗LOL ❗Valorant  ❗patrocinador,['Português'],"['MatureGame', 'ProfanityVulgarity']",True
461,2025-05-05 21:05,1020,grand-theft-auto-v,False,CriaPlayer,pt,Grand Theft Auto V,🎃GOTHAM RP🎃 #106 O QUE TEMOS PRA HOJE???🦈  #VdgPraKrlh #TropaDosDodóis !gotham !fancam !TDD,['Português'],"['MatureGame', 'ProfanityVulgarity']",False
462,2025-05-06 00:01,702,sea-of-thieves,True,LeoozimTV,pt,Sea of Thieves,✨ Sea of Thieves✨ - ❗sociais ❗discord❗pix❗lenda,"['Português', 'jogatina', 'diversão', 'seaofthieves']",[],False
462,2025-05-06 00:01,702,sea-of-thieves,False,D3xterxDD,pt,Sea of Thieves,OLHA OQ VOLTOU - !clip,"['Português', 'Brasil', 'gamer', 'conversa', 'deadbydaylight', 'Reposição']",[],False
462,2025-05-06 00:01,702,sea-of-thieves,False,OSNIFFx,pt,Sea of Thieves,Virando pirata no Sea of thieves🦜 !PIX,"['Português', 'VALORONAT', 'yorumain']",[],False
463,2025-05-06 00:15,953,minecraft,False,TioVedson,pt,Minecraft,VirtuCraft: servidor aberto - !f9 !bença #OTB @donnadeh @teeckot,"['Rock', 'OTB', 'Tiozão', 'PiadadeTiozão', 'SlowRun', 'Português', 'GamerCasual', 'Grêmio', 'EuroTruckSimulator2', 'minecraft']",[],False
463,2025-05-06 00:15,953,minecraft,True,AnimeTvON,pt,Minecraft,RERUN🟢 MINECRAFT - CHUVA E TROVÕES🟢,"['Português', 'Brasil', 'minecrafit', 'Reposição']",[],False
463,2025-05-06 00:15,953,minecraft,False,DexGGxp,pt,Minecraft,✨ +1500 Dias - HardCore Bedrock 1.21.71 ✨ EP 90✨ ❗bits ❗sons ✨,"['Brasil', 'Português', 'Brazil', 'Minecraft', 'MinecraftBedrock', 'HardCore', 'MinecraftHardcore', 'BedrockHardCore', 'dexggxp', 'Drop']",[],False
464,2025-05-06 00:33,790,grand-theft-auto-v,True,iMarianaPit,pt,Grand Theft Auto V,[ + 18 ]  LADO LESTE + ZTK |  00 DA ALEMANHA 05/17  !PIX !SUB !ZTK,"['English', 'girlgamers', 'ＧTA5', 'Português', 'fivem', 'Alemanha', 'LadoLesteRP', 'ladolesteroleplay', 'ladolestept2', 'tropadaalemanha']",['MatureGame'],False
464,2025-05-06 00:33,790,grand-theft-auto-v,False,bombombela,pt,Grand Theft Auto V,+18🔞[Viajando] Vamos de JOB?💦🥵❗pix❗gf ❗sub ❗insta ❗youtube ❗BA ❗+18 ❗LOL ❗Valorant  ❗patrocinador,['Português'],"['MatureGame', 'ProfanityVulgarity']",True
464,2025-05-06 00:33,790,grand-theft-auto-v,False,Chinarp088,pt,Grand Theft Auto V,"[+18 TEXAS/NORDESTE] URGENTE! Prisão de SUBTENENTE CHINA,  !pix !dc !insta !tiktok","['GTARP', 'fivem', 'Português', 'RedDeadRedempition2', 'roleplayer', 'PvP', 'fc25']",['MatureGame'],False
465,2025-05-06 04:01,1011,counter-strike,False,GOIAMO,pt,Counter-Strike,"Ame sua família, respeite o próximo e sempre confie em Deus🙏🏻!msg !pix !clip !nesha @gamersclubcs",['Português'],['MatureGame'],False
465,2025-05-06 04:01,1011,counter-strike,True,pinkrafa,pt,Counter-Strike,TOP 20 GC.... da resenha!  Colaaaa =) !ingresso para sorteio de 1500 seguidores,"['CS2', 'counterstrike', 'gaming', 'GamingLive', 'Esports', 'fps', 'CS2Live', 'gaules', 'TRIBONERA', 'Brasil']",['MatureGame'],False
465,2025-05-06 04:01,1011,counter-strike,False,BrunoBalloni,pt,Counter-Strike,🔴RERUN!!! -> ❗regraloja❗farm ❗sub ❗msg ❗loja,"['Português', 'fps', 'Brasil', 'counterstrike', 'cs', 'cs2', 'brazil']",['MatureGame'],False
466,2025-05-06 04:21,764,roblox,False,SophyySol,pt,ROBLOX,Sol's RNG 24/7! 💜 !Meta !Loja !Discord !Pix,"['Português', 'English', 'Vtuber', 'LGBT', 'Trans', 'femboy', 'ragnatales', 'ravenquest']",[],False
466,2025-05-06 04:22,764,roblox,True,reserva2delraso,pt,ROBLOX,O PIOR JOGADOR DE  BLOX FRUITS DO MUNDO!,"['Brasil', 'Português', 'ROBLOX', 'bloxfruits', 'uzoth', 'blox', 'ripindra']",[],False
466,2025-05-06 04:22,764,roblox,False,costelinhameuamigo,pt,ROBLOX,Rerun: Desafios Insanos no Roblox: Vamos Jogar Juntos!,"['Português', 'English', 'dicas', 'gameplay', 'Reposição']",[],False
467,2025-05-06 04:36,708,fortnite,False,MorenaSZ_nqp,pt,Fortnite,LIVE DA MADRUGA 🔥 TOP 12 NO MUNDO 🌍,"['Fortnite', 'GirlPlayer', 'PS5LiveStream', 'ControlerGaming', 'Português']",[],False
467,2025-05-06 04:37,708,fortnite,True,iShadowWolf_,pt,Fortnite,(+18) Livezinha Muito Doida!   ||   (❗comandos ❗metas ❗drops)   ||   (Epic Code: SHADOWOLF),['Português'],[],False
467,2025-05-06 04:37,708,fortnite,False,Lukitaagamer,pt,Fortnite,"✅SIM ISSO MESMO, LIVE SEM MÁSCARA HOJE ❗PRIME |❗LOJA |❗PIX | ❗SUB |","['ação', 'Português', 'sorteio', 'campanha', 'Fortnite', 'fortnitestarwars', 'fortnitereload', 'fortniteaovivo', 'fortnitenovatemporada']",[],False
468,2025-05-06 08:01,1130,grand-theft-auto-v,False,vicfdcss,pt,Grand Theft Auto V,[+18 CDAnjos] Falta 1 dia...,"['CidadedosAnjos', 'PortuguêsBR', 'RP', 'Português', 'AgnesSantiago']",['MatureGame'],False
468,2025-05-06 08:01,1130,grand-theft-auto-v,False,RyanFeer,pt,Grand Theft Auto V,"Opa,Bão ?","['Português', 'CDA', 'gta', 'fivem', 'RP', 'PvP', 'metropole', 'cpx', 'CAPITAL', 'ProdigyRP']",['MatureGame'],False
468,2025-05-06 08:01,1130,grand-theft-auto-v,False,AmaruC2,pt,Grand Theft Auto V,🔞 NOBRE ROLEPLAY 🔥 FIVE M ⚔️ ❗ ⚖️ PROCURADOR GERAL DA REPÚBLICA M.P.F. ❗ 😈 ANJINHO DA LEI ❗ 💭 RESENHA !pix !sub !server,"['fivem', 'roleplay', 'POLICIA', 'gta5', 'gtav', 'CidadeNobre', 'SantaGroupGG', 'português', 'juridico', 'metropole']",['MatureGame'],False
469,2025-05-06 08:22,652,marvel-rivals,False,LhamaInPijamas,pt,Marvel Rivals,(DROPS ON) BORA PRO GM DE EMMA FROST !livepix !elomarvel !discord,"['rpg', 'casual', 'Português', 'marvelrivals', 'rivals', 'marvelrival']",[],False
469,2025-05-06 08:22,652,marvel-rivals,True,Bastet,pt,Marvel Rivals,SUBASTETON DIA 254 !sub !pix !sociais,"['Português', 'Marathon']",[],False
469,2025-05-06 08:22,652,marvel-rivals,False,ckgeek,pt,Marvel Rivals,SELOOOOOOOOOOOOOOOOOOOOOKO NÃO COMPENSA ✅RERUN✅,['Português'],[],False
470,2025-05-06 08:35,775,overwatch-2,True,txgiovani10,pt,Overwatch 2,Rerun: Pode isso? (!loja) -Overwatch 2,"['Português', 'DropsAtivados']",[],False
470,2025-05-06 08:35,775,overwatch-2,False,bigroill,pt,Overwatch 2,Só a play,"['BR', 'Português', 'DropsAtivados']",[],False
470,2025-05-06 08:35,775,overwatch-2,False,95stephanie,pt,Overwatch 2,Bom dia :),"['mulher', 'Português', 'DropsAtivados']",[],False
471,2025-05-06 08:50,801,valorant,True,lulavlr,pt,VALORANT,GRIPADO TRYHARD 15s DELAY | MELHOR CHAMBER DO MUNDO |❗tipspace❗monitor❗pix,"['Português', 'valorant', 'chamber', 'TryhardGameplay']",[],False
471,2025-05-06 08:50,801,valorant,False,oantunesz,pt,VALORANT,GAMEPLAY EXPLICATIVA RADIANT / 8$ = Análise Tracker | !analise | @oantunesz on socials | !otimizacao | !tipspace | SUB = GRUPO NO WPP,"['Valorant', 'Radiante', 'Português', 'fps', 'Competitivo', 'Ranked', 'English', 'viper', 'nerd', 'holidayhoopla']",[],False
471,2025-05-06 08:50,801,valorant,False,raeVosa,pt,VALORANT,Criadora de conteúdo para elos baixos | !discord !raiva !pix !errou para ults,['Português'],[],False
472,2025-05-06 12:01,1123,league-of-legends,True,hastad,pt,League of Legends,hastad - soloQ - VAYNE IS MY MAIN,"['Challenger', 'Português', 'Vayne']",[],False
472,2025-05-06 12:01,1123,league-of-legends,False,Baiano,pt,League of Legends,🟢 LPL AO VIVO: IG 1 x 1 TT 🟢🌴 !grupo !kbmidl !status #LPLCOSTREAM,['Português'],[],False
472,2025-05-06 12:01,1123,league-of-legends,False,YoDa,pt,League of Legends,800 PDL HOJE,['Português'],[],False
473,2025-05-06 12:23,1126,valorant,False,furq,pt,VALORANT,ACABOU O DINHEIRO !sociais !pix,['Português'],[],False
473,2025-05-06 12:23,1126,valorant,False,lulavlr,pt,VALORANT,GRIPADO TRYHARD 15s DELAY | MELHOR CHAMBER DO MUNDO |❗tipspace❗monitor❗pix,"['Português', 'valorant', 'chamber', 'TryhardGameplay']",[],False
473,2025-05-06 12:23,1126,valorant,False,vicfdcss,pt,VALORANT,Tilta naum,"['CidadedosAnjos', 'PortuguêsBR', 'RP', 'Português', 'AgnesSantiago']",[],False
474,2025-05-06 12:44,844,marvel-rivals,False,Momolezinha,pt,Marvel Rivals,Melhor Tocha Humana BR!🔥SIGAM SOCIAIS -> @Momolezinha |❗pix❗analise ❗youtube,"['Português', 'Heroshooter', 'marvelrivals', 'Inglês', 'English']",[],False
474,2025-05-06 12:44,844,marvel-rivals,False,anduoruam,pt,Marvel Rivals,!18+ Pouco de gameplay da melhor forma Marvel Rivals,['Português'],[],False
474,2025-05-06 12:44,844,marvel-rivals,False,ckgeek,pt,Marvel Rivals,SELOOOOOOOOOOOOOOOOOOOOOKO NÃO COMPENSA ✅RERUN✅,['Português'],[],False
475,2025-05-06 13:00,1195,fortnite,False,MandLoor,pt,Fortnite,🛒 LOJINHA RENOVADA! - USE CODE: LEIAH | !sr !pix !loja !comandos - #EpicPartner @mandloor,"['Português', 'LGBTQ', 'Fortnite', 'battleroyale', 'fps', 'drops', 'jogandocomochat', 'vbucks', 'Reposição']",['ProfanityVulgarity'],False
475,2025-05-06 13:00,1195,fortnite,True,iShadowWolf_,pt,Fortnite,(+18) Livezinha Muito Doida!   ||   (❗comandos ❗metas ❗drops)   ||   (Epic Code: SHADOWOLF),['Português'],[],False
475,2025-05-06 13:00,1195,fortnite,False,Pedro017Yt,pt,Fortnite,!DROPS ON] 🍑 ASSISTA E RESGATE ATÉ 20.000 V-BUCKS 🍑 !LOJA !PIX !SKIN,"['Português', 'Fortnite', 'Jogandocomespectadores', 'DropsEnable', 'Drops', 'reload', 'FamilyFriendly', 'PvP', 'drops', 'batlleroyale']",[],False
476,2025-05-06 16:01,1083,ea-sports-fc-25,True,ThataGamerX,pt,EA Sports FC 25,Fim de WL | Arrecadação Raio X pro Simon 🐶  ❗PIX 💸 ❗SUB 💜 ❗ACADEMIAFC,"['Português', 'girl', 'futebol', 'batepapo', 'videogame', 'EAFC', 'eafc25', 'variedades']",[],False
476,2025-05-06 16:01,1083,ea-sports-fc-25,False,Hairzinho,pt,EA Sports FC 25,HYPE DAS 14 + WL MORAL + RECOMPENSAS E RIVALS! + !GRUPO + !PARCERIA !REDES !TIKTOK,"['ULTIMATETEAM', 'RAGE', 'ENGRACADO', 'PACKS', 'COMPETITIVO', 'Português', 'Brasil', 'WeekendLeague', 'Portugal', 'Reposição']",[],False
476,2025-05-06 16:01,1083,ea-sports-fc-25,False,RovaGool,pt,EA Sports FC 25,🎉WL E RIVALS DE CLIENTE + ANÁLISES DE TIME GRATUITA ❗️coins ❗️futbuynow ❗️trade ❗️cliente ❗️grupo,"['Português', 'Tutorial', 'ultimateteam', 'eafc25', 'Futebol', 'FutebolVirtual', 'fifa25', 'Brasil', 'eafcgameplay']",[],False
477,2025-05-06 16:21,884,the-sims-4,False,renatisses,pt,The Sims 4,Segunda geração do legado - Loja de cerâmica,"['Brasil', 'Português', 'sorteio', 'thesims']",[],False
477,2025-05-06 16:21,884,the-sims-4,False,MirianeOliveira,pt,The Sims 4,"Desafio Not So Berry 3.0 Melhorado - Geração 3, Melancia Amarela 💛| !clip !discord !sociais !loja","['Português', 'simulação', 'simulador', 'brasil', 'ptbr']",[],False
477,2025-05-06 16:22,884,the-sims-4,False,jessswk,pt,The Sims 4,70 ♡ Desafio do Legado EP1 ♡ ❗pix ❗clip ❗comandos ❗topcomandos ❗gpt ❗sr,"['Português', 'Ela', 'AMA', 'PlayingwWithViewers', 'dorama', 'Cozy', 'Simulator', 'Marathon']",[],False
478,2025-05-06 16:38,1069,sea-of-thieves,False,ofernandomaidana,pt,Sea of Thieves,🟢 DEIXANDO O MAR DECIDIR O QUE FAZER ⚓,"['Português', 'seaofthieves', 'pirata', 'SongRequests', 'songrequest', 'SeaOfThievesPartner', 'SeaofThievesgameplay', 'English']",[],False
478,2025-05-06 16:38,1069,sea-of-thieves,True,DorSmiley,pt,Sea of Thieves,Eu ouvi bagunça? (Depois Pacific Drive) Parcerias:@lendasdomar @csotbr !Comandos !sr (música),"['Ação', 'Aventura', 'Comédia', 'Português', 'Xingamentos', 'seaofthieves', 'PvEPvP', 'SoTPvp', 'seaofthieveseason15']",['ProfanityVulgarity'],False
478,2025-05-06 16:39,1069,sea-of-thieves,False,HWmalk,pt,Sea of Thieves,Simplesmente ⛵,"['Português', 'AMA', 'Brasil', 'RPG', 'música', 'Conversação', 'RockRoll', 'Ansiedade', 'Interativo']",[],False
479,2025-05-06 20:01,901,counter-strike,True,SLKRETROZADA,pt,Counter-Strike,LEVEL 10 NA GC   cola pra resenha 💥 @gamersclubcs| CSGO.NET  !otimização @matazera @pezingamer @G44bsMDK   @betaozera,"['portugues', 'competitivo', 'proplayerPortuguês', 'proplayer', 'proplayer', 'CS2', 'cs2counterstrike2', 'cs2major', 'luqueta', 'subathon']",['MatureGame'],False
479,2025-05-06 20:01,901,counter-strike,False,BrunoBalloni,pt,Counter-Strike,🔴RERUN!!! -> ❗regraloja❗farm ❗sub ❗msg ❗loja,"['Português', 'fps', 'Brasil', 'counterstrike', 'cs', 'cs2', 'brazil']",['MatureGame'],False
479,2025-05-06 20:01,901,counter-strike,False,maynefps1,pt,Counter-Strike,+18 cs com chat na gamersglubglub !csgobig !pc (novo) !pix (ajuda na meta <3) !onlyfans !otimização,['Português'],['MatureGame'],False
480,2025-05-06 20:19,626,league-of-legends,False,Akrinuss,pt,League of Legends,!privacy -  DICAS p subir de elo l Mestre !cortes !duo !analise !abt !facinho,"['Português', 'Reposição']",[],False
480,2025-05-06 20:19,626,league-of-legends,True,guguole,pt,League of Legends,"+18(SR ON) SUBATHON AMANHÃ, tudo doado hoje será adicionado amanhã!  !pix","['JogandocomEspectadores', 'Lux', 'LeagueOfLegends', 'LGBTQIA', 'Português', 'mestre', 'holidayhoopla', 'chill', 'Milio']",[],False
480,2025-05-06 20:19,626,league-of-legends,False,a_sennan,pt,League of Legends,"(+18) era meu sonho fazer isso dar certo. Ajudinha? bits 6,90/ subs 9,90 !redes !pix !asenna !verificado #roblox","['Português', 'asenna', 'pedintevirtual', 'LGBT', 'mulhergamer', 'mulheresnatwitch', 'subathon', 'meninasgamers', 'gamergi']",['ProfanityVulgarity'],True
481,2025-05-06 20:32,729,the-sims-4,False,makkatv,pt,The Sims 4,🇵🇹 🔴 !BigMakka (Reality Show da Twitch) - Dia 10 - Confessionário - 🔴 STREAM 11/72 🔴 !instagram !tiktok !youtube #letsfgo,"['Retro', 'RPG', 'Story', 'Chatting', 'LoFi', 'Português', 'Firstplaythrough', 'Portugal', 'Singleplayer', 'Cozy']",[],False
481,2025-05-06 20:32,729,the-sims-4,True,gemrqs,pt,The Sims 4,é streamer é? manicomio & loucuras ❗filmes ❗sub ❗pix  ❗clip  ❗sons ❗sr,"['LGBT', 'LGBTQ', 'gay', 'gaymer', 'Português', 'Humor', 'Música', 'Gostoso', 'cozy', 'Dance']",[],False
481,2025-05-06 20:32,729,the-sims-4,False,DanihPlayer,pt,The Sims 4,BORA COMEÇAR MAIS UMA SEMANA JUNTOS!!  🟣 • CONHECENDO OS NOVOS KITS DE THE SIMS 4!! • #EACREATOR | SORTEIO DELES PRA VCS!! ❤,"['Português', 'gameplay', 'thesims4', 'EACreator']",[],False
482,2025-05-06 20:46,1080,marvel-rivals,True,mithirteen,pt,Marvel Rivals,(+18) (PT-BR) -✨MR | !Marvel !Discord !LivePix,"['Português', 'girlstreaming', 'batepapo', 'react']",['ProfanityVulgarity'],False
482,2025-05-06 20:46,1080,marvel-rivals,False,anduoruam,pt,Marvel Rivals,!18+ Pouco de gameplay da melhor forma Marvel Rivals,['Português'],[],False
482,2025-05-06 20:47,1080,marvel-rivals,False,ckgeek,pt,Marvel Rivals,SELOOOOOOOOOOOOOOOOOOOOOKO NÃO COMPENSA ✅RERUN✅,['Português'],[],False
483,2025-05-07 00:01,625,league-of-legends,True,sashha,pt,League of Legends,live curta (subathon da sashhão 08/05) [+18] !correio !clip !pix !rank !regras !comando [alertas de bits],"['Português', 'pedintevirtual', 'pretacareca', 'kuririn', 'criadorj', 'marrombombom', 'passiva', 'Gay']",[],False
483,2025-05-07 00:01,625,league-of-legends,False,guguole,pt,League of Legends,"+18(SR ON) SUBATHON AMANHÃ, tudo doado hoje será adicionado amanhã!  !pix","['JogandocomEspectadores', 'Lux', 'LeagueOfLegends', 'LGBTQIA', 'Português', 'mestre', 'holidayhoopla', 'chill', 'Milio']",[],False
483,2025-05-07 00:01,625,league-of-legends,False,a_sennan,pt,League of Legends,"(+18) era meu sonho fazer isso dar certo. Ajudinha? bits 6,90/ subs 9,90 !redes !pix !asenna !verificado #roblox","['Português', 'asenna', 'pedintevirtual', 'LGBT', 'mulhergamer', 'mulheresnatwitch', 'subathon', 'meninasgamers', 'gamergi']",['ProfanityVulgarity'],True
484,2025-05-07 00:14,802,grand-theft-auto-v,True,loud_coringa,pt,Grand Theft Auto V,kbo a graça em,['Português'],['MatureGame'],False
484,2025-05-07 00:14,802,grand-theft-auto-v,False,iMarianaPit,pt,Grand Theft Auto V,[ + 18 ]  LADO LESTE ACERTO DE CONTAS - O VELHO TESTAMENTO,"['English', 'girlgamers', 'ＧTA5', 'Português', 'fivem', 'Alemanha', 'LadoLesteRP', 'ladolesteroleplay', 'ladolestept2', 'tropadaalemanha']",['MatureGame'],False
484,2025-05-07 00:14,802,grand-theft-auto-v,False,CriaPlayer,pt,Grand Theft Auto V,🎃GOTHAM RP🎃 #107 BORA COBRAR A POLÍCIA... ALINHAR UNS PAPOS!!! 🦈  #VdgPraKrlh #TropaDosDodóis !gotham !fancam !TDD,['Português'],"['MatureGame', 'ProfanityVulgarity']",False
485,2025-05-07 04:01,966,ea-sports-fc-25,False,Fifandrade,pt,EA Sports FC 25,"WL NO MALDRADE COM THURAM 4 PS+, VIEIRA 3 PS+ E YAMAL EVO! !donate1 !donate2 !coins !sub !pix","['Português', 'eaesports', 'EAFC', 'eafc25', 'ultimateteam', 'fc25', 'fc25gameplay']",[],False
485,2025-05-07 04:01,966,ea-sports-fc-25,True,SWAVYFUT,pt,EA Sports FC 25,12x (15-0) WL EM 18 CONTAS NO TOTS PL + PREMIAÇAO | !cliente,['Português'],[],True
485,2025-05-07 04:01,966,ea-sports-fc-25,False,bahvitao,pt,EA Sports FC 25,MADRUGADA DE WL NA CONTA DO BRUNÃO,"['Português', 'Esportes']",[],False
486,2025-05-07 04:19,1183,valorant,False,Muh_Ra,pt,VALORANT,(+18) Tamo aí na atividade!,['Português'],[],False
486,2025-05-07 04:19,1183,valorant,False,Jhenerff,pt,VALORANT,Antes tarde do que mais tarde #PCGamePassPartner -  !pix !elo !tinder,"['interação', 'conversa', 'português', 'ruiva', 'Português', 'fps']",[],False
486,2025-05-07 04:19,1183,valorant,False,JosySampaio,pt,VALORANT,(+18)    Jogando com AMIGOS e o Chat  Valorant seguido de R.E.P.O  ❗PIX,"['cooperativo', 'Aprendizado', 'Português']",[],False
487,2025-05-07 04:41,843,league-of-legends,True,Mihira_a,pt,League of Legends,Cine e SOLOQ??  | !comandos !sonoros !pix,"['soloq', 'lolzinho', 'girlgamer', 'Português', 'jungler']",['ProfanityVulgarity'],False
487,2025-05-07 04:41,843,league-of-legends,False,tiemis,pt,League of Legends,+18 boa noite!! <3 !insta !pix,"['Portugues', 'games', 'portuguese', 'Português']",[],False
487,2025-05-07 04:41,843,league-of-legends,False,guguole,pt,League of Legends,"+18(SR ON) SUBATHON AMANHÃ, tudo doado hoje será adicionado amanhã!  !pix","['JogandocomEspectadores', 'Lux', 'LeagueOfLegends', 'LGBTQIA', 'Português', 'mestre', 'holidayhoopla', 'chill', 'Milio']",[],False
488,2025-05-07 04:57,1118,overwatch-2,False,Skartelly,pt,Overwatch 2,"+18 Meses sem jogar, mudou algo? !MUDE | Pride 🏳️‍🌈 | +18 !discord #PCGamePassPartner","['BRFurs', 'Furry', 'LGBTQIAPlus', 'Vtuber', 'Português', 'DareDrop', 'FuncomCreator', 'StreamElementsSponsored']",[],True
488,2025-05-07 04:57,1118,overwatch-2,False,MarblelyLongcoat,pt,Overwatch 2,『PT/EN』São tantos dias de luta que estou ficando violeta | !clip - !pix -  !esqueceu - !ehe - !awoo,"['Furry', 'BRFurs', 'vtuber', 'LGBTQIAplus', 'ChaoticNeutral', 'Português', 'Transgênero', 'ASMR']",['ProfanityVulgarity'],False
488,2025-05-07 04:57,1118,overwatch-2,False,marcusowl,pt,Overwatch 2,"Incendeie seu coração, supere seus limites !pix","['Brasil', 'PvP', 'Português', 'Diversão', 'fps', 'Overｗatch2', 'Português', 'marvelrivals']",['ProfanityVulgarity'],False
489,2025-05-07 08:02,1004,overwatch-2,True,txgiovani10,pt,Overwatch 2,Rerun: Aff ta em ingles (!loja) - Overwatch 2,['Português'],[],False
489,2025-05-07 08:02,1004,overwatch-2,False,Skartelly,pt,Overwatch 2,"+18 Meses sem jogar, mudou algo? !MUDE | Pride 🏳️‍🌈 | +18 !discord #PCGamePassPartner","['BRFurs', 'Furry', 'LGBTQIAPlus', 'Vtuber', 'Português', 'DareDrop', 'FuncomCreator', 'StreamElementsSponsored']",[],True
489,2025-05-07 08:02,1004,overwatch-2,False,MarblelyLongcoat,pt,Overwatch 2,『PT/EN』São tantos dias de luta que estou ficando violeta | !clip - !pix -  !esqueceu - !ehe - !awoo,"['Furry', 'BRFurs', 'vtuber', 'LGBTQIAplus', 'ChaoticNeutral', 'Português', 'Transgênero', 'ASMR']",['ProfanityVulgarity'],False
490,2025-05-07 08:20,905,valorant,True,Muh_Ra,pt,VALORANT,(+18) Tamo aí na atividade!,['Português'],[],False
490,2025-05-07 08:20,905,valorant,False,lulavlr,pt,VALORANT,GRIPADO TRYHARD 15s DELAY | MELHOR CHAMBER DO MUNDO |❗tipspace❗monitor❗pix,"['Português', 'valorant', 'chamber', 'TryhardGameplay']",[],False
490,2025-05-07 08:21,905,valorant,False,JosySampaio,pt,VALORANT,(+18)    Jogando com AMIGOS e o Chat  Valorant seguido de R.E.P.O  ❗PIX,"['cooperativo', 'Aprendizado', 'Português']",[],False
491,2025-05-07 08:38,652,roblox,False,PUMACDDRJ,pt,ROBLOX,+18 3 DIAS DE LIVE SUBTHOM🔥 #2 DIA !rp #Europa,['Português'],[],False
491,2025-05-07 08:38,652,roblox,True,becobweb284,pt,ROBLOX,GO Wordking! play in game!,"['roblox', 'Português']",[],True
491,2025-05-07 08:38,652,roblox,False,lobixu_,pt,ROBLOX,Recrutando Para Guilda Arise Crossover !roblox,"['Português', 'robloxlives', 'roblox', 'JOGANDOCOMINSCRITOS', 'robloxgamers', 'crystalofatlan', 'crystalofatlangameplay', 'arisecrossover', 'arisecrossoverroblox']",['ProfanityVulgarity'],False
492,2025-05-07 08:51,603,league-of-legends,False,takeshi,pt,League of Legends,TAKAS LIVE CURTINHA ATÉ IR GRAVAR TALKESHI  // !pix,['Português'],[],False
492,2025-05-07 08:51,603,league-of-legends,False,v1tona,pt,League of Legends,Suporte mestrola bem chill !playersbank  !tiktok !tipspace !insta,"['Português', 'Mulher', 'leagueoflegends', 'BR', 'mestre']",[],False
492,2025-05-07 08:51,603,league-of-legends,False,YoDa,pt,League of Legends,rumo 800 PDL HOJE,['Português'],[],False
493,2025-05-07 09:03,1029,marvel-rivals,False,oPontifeX,pt,Marvel Rivals,MARVEL RIVALS | !jogar !clipe !bits !discord !donate !livepix !pix !redes | Closed Caption,"['ClosedCaption', 'Português', 'LGBT', 'MarvelRivals', 'Marvel', 'HeroShooter', 'SpiderMan', 'IronMan', 'EmmaFrost', 'LunaSnow']",[],False
493,2025-05-07 09:03,1029,marvel-rivals,False,ckgeek,pt,Marvel Rivals,"ESCORREGUEI, MAS CALMA, JÁ LEVANTEI ✅RERUN✅",['Português'],[],False
493,2025-05-07 09:03,1029,marvel-rivals,False,TvSerious,pt,Marvel Rivals,DROPS! MAIN SUP !bluestacks !giftcard !PIX #PCGamePassPartner,"['serious', 'smitebrasil', 'lgbtqia', 'Português', 'drops', 'MOBA', 'Cozy', 'cozygaming', 'Roguelike', 'Roguelite']",[],False
494,2025-05-07 12:01,1127,ea-sports-fc-25,False,oBruxoFut,pt,EA Sports FC 25,✨ COMEÇANDO UM PROJETO NOVO PRA DOMINGO ❗️projeto ❗️sorteio ❗️lurdinha,"['Português', 'muitoelegante', 'charmoso', 'bonito', 'inteligente', 'carismático', 'educado', 'proplayer', 'futebol', 'fitness']",[],False
494,2025-05-07 12:01,1127,ea-sports-fc-25,True,miguelitodoarrocha,pt,EA Sports FC 25,💥RIvais em busca dos 35 pontos - vamos tenta tira um tots meta da Premier - bem vindos a live do Miguelito,"['Português', 'Portugal', 'Competitivo', 'resenha', 'Resenhando', 'ultimateteam', 'fifa', 'EAFC', 'eafc25', 'eafcsports']",[],False
494,2025-05-07 12:01,1127,ea-sports-fc-25,False,tcharles13,pt,EA Sports FC 25,[BR-PS5]  LIVE ON -REACT HYPE DAS 14:00  | Use !pix !grupo !analise !cliente,"['Português', 'Brasil', 'sharkmacedo', 'paivinha29', 'adolfz', 'playstation5', 'eafc25', 'Portugal', 'react']",[],False
495,2025-05-07 12:22,882,sea-of-thieves,True,fastkiller16_,pt,Sea of Thieves,3 nabos perdidos no mar! Voltei?!,"['Português', 'Inglês']",[],False
495,2025-05-07 12:22,882,sea-of-thieves,False,aatonz,pt,Sea of Thieves,!!HEY PIRATE!! QuartoooU!! metade da semana ja foi!! VAMOKERE que final de semana é dia das mães !! Bom Dia!!,"['casual', 'engraçado', 'pirata', 'English', 'Português', 'Yoda', 'Gaules', 'giveaway', 'alanzoka']",[],False
495,2025-05-07 12:22,882,sea-of-thieves,False,ThaiSavarez,pt,Sea of Thieves,Fofoca e pescaria🎣 Habla y habla e não esquece sua vara || Sociais: @thaisavarez || !nuuvem !doar,"['Español', 'english', 'Português', 'Tutorial', 'divertido', 'engraçado', 'PvEPvP', 'SeaOfThievesPartner', 'seaofthieves']",[],False
496,2025-05-07 12:38,1196,marvel-rivals,True,oPontifeX,pt,Marvel Rivals,MARVEL RIVALS | !jogar !clipe !bits !discord !donate !livepix !pix !redes | Closed Caption,"['ClosedCaption', 'Português', 'LGBT', 'MarvelRivals', 'Marvel', 'HeroShooter', 'SpiderMan', 'IronMan', 'EmmaFrost', 'LunaSnow']",[],False
496,2025-05-07 12:39,1196,marvel-rivals,False,Momolezinha,pt,Marvel Rivals,"ZERO PENSAMENTO, APENAS SOCO E FOGO!👊🏼🔥SIGAM SOCIAIS -> @Momolezinha |❗pix❗analise ❗youtube","['Português', 'Heroshooter', 'marvelrivals', 'Inglês', 'English']",[],False
496,2025-05-07 12:39,1196,marvel-rivals,False,ckgeek,pt,Marvel Rivals,"ESCORREGUEI, MAS CALMA, JÁ LEVANTEI ✅RERUN✅",['Português'],[],False
497,2025-05-07 13:01,1156,league-of-legends,False,tooug,pt,League of Legends,PRATA  Mono Draven / THRESH / ANNIE 🥶!tipspace !gastronomia !insta,['Português'],[],False
497,2025-05-07 13:01,1156,league-of-legends,False,eclypse_x,pt,League of Legends,sigilo sem foto(+18) ^~^ !rank !pix !tiktok !clip,"['VALORANＴ', 'Português', 'pedintevirtual', 'proplayer', 'TDAH', 'jett', 'Lux']",[],False
497,2025-05-07 13:01,1156,league-of-legends,False,YoDa,pt,League of Legends,rumo 800 PDL HOJE,['Português'],[],False
498,2025-05-07 13:22,1094,overwatch-2,False,jiinxyee,pt,Overwatch 2,!sorteio  1 Pacote Dokiwatch e 1 Passe supremo  dia 13/05 não percam :),"['ChatPriority', 'Mulher', 'Português', 'UbisoftCreator', 'MainSupport', 'OverwatchCreators', 'OW2Brasil', 'OW2STADIUM']",['ProfanityVulgarity'],False
498,2025-05-07 13:22,1094,overwatch-2,False,Reunee,pt,Overwatch 2,🔴 Blizzard só ignora minhas mensagens 😭 | Warzone às 17h,['Português'],[],False
498,2025-05-07 13:22,1094,overwatch-2,False,Elllandria,pt,Overwatch 2,🔴 Overzinho de cria! #OverwatchStadium #Overwatch2 #OverwatchCreators,"['Português', 'PC', 'Competitivo', 'marvelrivals', 'OverwatchCreators', 'Overｗatch2', 'MarvelRivalsPartner', 'HellfireGala', 'OW2Stadium', 'OW2Brasil']",[],False
499,2025-05-07 16:01,644,ea-sports-fc-25,True,Hairzinho,pt,EA Sports FC 25,COPA + GARANTIA TOTS + ALGUMA RESENHA COM O CHAT! + !GRUPO + !PARCERIA !REDES !TIKTOK,"['ULTIMATETEAM', 'RAGE', 'ENGRACADO', 'PACKS', 'COMPETITIVO', 'Português', 'Brasil', 'WeekendLeague', 'Portugal', 'Reposição']",[],False
499,2025-05-07 16:01,644,ea-sports-fc-25,False,Pipozilla,pt,EA Sports FC 25,BOAS! !HYPE,['Português'],[],False
499,2025-05-07 16:01,644,ea-sports-fc-25,False,ThataGamerX,pt,EA Sports FC 25,Pré WL | Arrecadação Raio X pro Simon 🐶  ❗PIX 💸 ❗SUB 💜 ❗ACADEMIAFC Jogue meu camp ❗BaconCup,"['Português', 'girl', 'futebol', 'batepapo', 'videogame', 'EAFC', 'eafc25', 'variedades']",[],False
500,2025-05-07 16:14,1149,fortnite,True,DennisRii,pt,Fortnite,[DROPS ON] socorro não aguento mais star wars  ❗pix❗dc❗comandos | faço parte da @tiltgameteam,"['Reposição', 'Português', 'fortinte', 'Bi', 'Brasill', 'minecraftsurivial']",[],False
500,2025-05-07 16:14,1149,fortnite,False,isafaracco,pt,Fortnite,PLAY COM O CHAT - !jogar,"['fortnite', 'battleroyale', 'Português', 'forninte', 'criativo']",[],False
500,2025-05-07 16:14,1149,fortnite,False,DaniKrautz,pt,Fortnite,✨ A mira mais fofa do clã tá presente 🙋🏻‍♀️ - !jogar !discord !nick !pix,"['fortnite', 'jogandocomochat', 'Português', 'Mulher', 'conversa', 'reload', 'Reposição']",[],False
501,2025-05-07 16:36,729,grand-theft-auto-v,True,iMarianaPit,pt,Grand Theft Auto V,"[ + 18 ]  LADO LESTE + FRONTEIRA LESTE + ZTK HOJE É DIA DE PIXATHON, BORA?","['English', 'girlgamers', 'ＧTA5', 'Português', 'fivem', 'Alemanha', 'LadoLesteRP', 'ladolesteroleplay', 'ladolestept2', 'tropadaalemanha']",['MatureGame'],False
501,2025-05-07 16:36,729,grand-theft-auto-v,False,AmaruC2,pt,Grand Theft Auto V,🔞 NOBRE ROLEPLAY 🔥 FIVE M ⚔️ ❗ ⚖️ PROCURADOR GERAL DA REPÚBLICA M.P.F. ❗ 😈 ANJINHO DA LEI ❗ 💭 RESENHA !pix !sub !server,"['fivem', 'roleplay', 'POLICIA', 'gta5', 'gtav', 'CidadeNobre', 'SantaGroupGG', 'português', 'juridico', 'metropole']",['MatureGame'],False
501,2025-05-07 16:36,729,grand-theft-auto-v,False,Jvnq,pt,Grand Theft Auto V,GTA RP CDANJOS [113ª Live] !StudioPc,"['Português', 'jvnq']",['MatureGame'],False
502,2025-05-07 16:50,925,sea-of-thieves,False,GoofyGooseTV,pt,Sea of Thieves,[ENG/PT-PT] oi  !disc [ Part 166],"['Portugal', 'Português']",[],False
502,2025-05-07 16:50,925,sea-of-thieves,True,azorean25,pt,Sea of Thieves,PT/EN Há busca do tesouro‼️high sea 🙏🏽 and more…!! Enjoy Sea of thieves @Piratelifexxx,"['gameplay', 'GameplayandChatting', 'Português']",[],True
502,2025-05-07 16:50,925,sea-of-thieves,False,WesleyCaribe,pt,Sea of Thieves,🇧🇷🇵🇹🏴‍☠️Condecorações do Navegador Constante,"['Português', 'bemorepirate', 'pirata', 'Pirate', 'PvP', 'PvE']",[],False
503,2025-05-07 20:02,789,marvel-rivals,False,amoedo_,pt,Marvel Rivals,[DROPS] CHILL RANKEDS - !youtube !pix !discord,['Português'],[],False
503,2025-05-07 20:02,789,marvel-rivals,True,piVini_,pt,Marvel Rivals,Teste de Qi em formato de jogo chinês,"['Português', 'English', 'Russian', 'espanhol']",[],False
503,2025-05-07 20:02,789,marvel-rivals,False,ckgeek,pt,Marvel Rivals,"ESCORREGUEI, MAS CALMA, JÁ LEVANTEI ✅RERUN✅",['Português'],[],False
504,2025-05-07 20:17,1072,ea-sports-fc-25,True,ThataGamerX,pt,EA Sports FC 25,Clubs dos subs | Arrecadação Raio X pro Simon 🐶  ❗PIX 💸 ❗SUB 💜 ❗ACADEMIAFC Jogue meu camp ❗BaconCup,"['Português', 'girl', 'futebol', 'batepapo', 'videogame', 'EAFC', 'eafc25', 'variedades']",[],False
504,2025-05-07 20:17,1072,ea-sports-fc-25,False,eLyzao,pt,EA Sports FC 25,FARMANDO PTS RIVALS + COPINHA DPS CS2   ❗Nesha ❗iox +18,['Português'],[],False
504,2025-05-07 20:17,1072,ea-sports-fc-25,False,Sharkmacedo,pt,EA Sports FC 25,🔴[BR-PS5] [+18] ⚽5 ÍDOLOS PP 90+ / TOTS PL E MATA-MATA EM BUSCA DO 5-0 ⚽!LIVETWITCH ⚽!LOJA !BORA @sharkmacedo nas redes sociais.,"['Português', 'shark', 'Futebol', 'eafc25', 'ultimateteam', 'sharkmacedo', 'fifa', 'EAFC']",[],False
505,2025-05-07 20:37,873,league-of-legends,False,hastad,pt,League of Legends,hastad - SOLOQ BR,"['Challenger', 'Português', 'Vayne']",[],False
505,2025-05-07 20:37,873,league-of-legends,False,giovanewonka,pt,League of Legends,pague o pedágio para os anjos  |❗sub ❗sr ❗donate ❗sorteio ❗clip ❗comandos,"['lgbt', 'gay', 'qiyana', 'vex', 'emo', 'Português', 'gaymer', 'SafeSpace']",[],False
505,2025-05-07 20:37,873,league-of-legends,False,guguole,pt,League of Legends,"+18(SR ON) SUBATHOOON, não deixe o tempo acabar, foquem no pix e bits  !pix !subathon !ajuda","['JogandocomEspectadores', 'Lux', 'LeagueOfLegends', 'LGBTQIA', 'Português', 'mestre', 'holidayhoopla', 'chill', 'Milio']",[],False
506,2025-05-08 00:01,1069,grand-theft-auto-v,False,veio_p1,pt,Grand Theft Auto V,+18  [ COMPLEXO ]💥SEM MALDADE💥ACOMPANHAS 💥 VEIO DA GAR!!!💥,"['CPXTATEGA', 'GTARP', 'ComplexoRP', 'BR', 'fivem', 'Português', 'p1', 'TEGA']",['MatureGame'],False
506,2025-05-08 00:02,1069,grand-theft-auto-v,True,AmaruC2,pt,Grand Theft Auto V,🔞 NOBRE ROLEPLAY 🔥 FIVE M ⚔️ ❗ ⚖️ PROCURADOR GERAL DA REPÚBLICA M.P.F. ❗ 😈 ANJINHO DA LEI ❗ 💭 RESENHA !pix !sub !server,"['fivem', 'roleplay', 'POLICIA', 'gta5', 'gtav', 'CidadeNobre', 'SantaGroupGG', 'português', 'juridico', 'metropole']",['MatureGame'],False
506,2025-05-08 00:02,1069,grand-theft-auto-v,False,CriaPlayer,pt,Grand Theft Auto V,"🎃GOTHAM RP🎃 #108 TRETAS, VENDAS, E RENOVAÇÃO!!   #VdgPraKrlh #TropaDosDodóis !gotham !fancam !TDD",['Português'],"['MatureGame', 'ProfanityVulgarity']",False
507,2025-05-08 00:21,770,fortnite,False,MorenaSZ_nqp,pt,Fortnite,PRONUNCIAMENTO: PORQUE EU SAI DA NQP? 🔥👀,"['Fortnite', 'GirlPlayer', 'PS5LiveStream', 'ControlerGaming', 'Português']",[],False
507,2025-05-08 00:21,770,fortnite,False,Praxt_,pt,Fortnite,SKIN GRÁTIS| JOGANDO COM O CHAT !jogar !sociais,"['Português', 'Fortnite', 'vbucks', 'AMA', 'SeiosFartos', 'regras', 'LGBT', 'ＬＯＬ', 'LiveFamilia']",[],False
507,2025-05-08 00:22,770,fortnite,False,Arkane,pt,Fortnite,RANKED ZB & SQUADS ALEATÓRIOS - CODE: ARKANE #EpicPartner 🔥 !loja !pix !logitech !noping !youtube !cortes,['Português'],[],True
508,2025-05-08 00:36,610,the-sims-4,False,PixelMagico,pt,The Sims 4,Bora jogar e dar boas risadas? 🎮✨,"['Português', 'batepapo', 'jogos', 'thesims4', 'sims4', 'GameplayandChatting', 'gameplay', 'Construção', 'desafio']",[],False
508,2025-05-08 00:36,610,the-sims-4,True,vvelvetear,pt,The Sims 4,colocando os SUBS e MODS num manicomio!!!!| !discord !pix,"['gameplay', 'girl', 'Português', 'terror']",[],False
508,2025-05-08 00:36,610,the-sims-4,False,Dineyls,pt,The Sims 4,criando a mansão dos subs❗️sorteio ❗️loja ❗️amazon ❗️genshin❗️casa,"['Português', 'English', 'WutheringWaves', 'GenshinnImpact']",['ProfanityVulgarity'],False
509,2025-05-08 04:01,975,counter-strike,False,GOIAMO,pt,Counter-Strike,"Ame sua família, respeite o próximo e sempre confie em Deus🙏🏻!msg !pix !clip !nesha @gamersclubcs",['Português'],['MatureGame'],False
509,2025-05-08 04:01,975,counter-strike,True,cogu,pt,Counter-Strike,[+18] LEGACY COGU -  todo dia é dia❗️cortes ❗️sociais ❗️nesha ❗️csgofast ❗️clash ❗️insanegg,"['cs', 'Português']",['MatureGame'],False
509,2025-05-08 04:01,975,counter-strike,False,BrunoBalloni,pt,Counter-Strike,🔴RERUN!!! -> ❗regraloja❗farm ❗sub ❗msg ❗loja,"['Português', 'fps', 'Brasil', 'counterstrike', 'cs', 'cs2', 'brazil']",['MatureGame'],False
510,2025-05-08 04:21,1107,valorant,False,Muh_Ra,pt,VALORANT,(+18) Tamo aí na atividade!,['Português'],[],False
510,2025-05-08 04:21,1107,valorant,False,oBenee,pt,VALORANT,PEGANDO RADIANTE EM 7 DIAS - 3/7 RANKED TRYHARD 🔥 -> ❗mouse ❗pix,['Português'],[],False
510,2025-05-08 04:21,1107,valorant,False,JosySampaio,pt,VALORANT,(+18)    Jogando com AMIGOS e o Chat  Valorant seguido de R.E.P.O  ❗PIX,"['cooperativo', 'Aprendizado', 'Português']",[],False
511,2025-05-08 04:42,1124,ea-sports-fc-25,False,palhacinho_10,pt,EA Sports FC 25,REWARDS RIVALS - ELITE !PSN !YNS,"['COMPETITIVE', 'ENGLISH', 'PORTUGUESE', 'Português']",[],False
511,2025-05-08 04:42,1124,ea-sports-fc-25,False,xGuuhGabrielx,pt,EA Sports FC 25,"Premiação Agr! Rivals Farmando Pontos Semanais na Conta 2, Farm Diário, DMEs, Packs e Resenha | DIGITE !Livepix !cliente !grupo !meta !coins","['EASPORTS', 'EAFC', 'eafc25', 'ultimateteam', 'fc25', 'fc25gameplay', 'Português', 'Paivinha29', 'Carpentieri', 'Adolfz']",[],False
511,2025-05-08 04:42,1124,ea-sports-fc-25,False,Fifandrade,pt,EA Sports FC 25,"HYPE DAS 4H, RIVALS E GABRIEL TOTS CHEGA AO MALDRADE! !donate1 !donate2 !coins !sub !pix","['Português', 'eaesports', 'EAFC', 'eafc25', 'ultimateteam', 'fc25', 'fc25gameplay']",[],False
512,2025-05-08 08:01,1015,marvel-rivals,False,LhamaInPijamas,pt,Marvel Rivals,(S1 GM1) (DROPS ON) MAIN TANK BUSCANDO A O MAIOR RANK !livepix !elomarvel !discord,"['rpg', 'casual', 'Português', 'marvelrivals', 'rivals', 'marvelrival']",[],False
512,2025-05-08 08:01,1015,marvel-rivals,False,AsakoXD,pt,Marvel Rivals,Reta final! (Com direito a bônus) | Subathon DIA 56 | Live #101 | !Youtube !Discord !PIX !Lurk,"['Burro', 'Vtuber', 'Português', 'Nordestino', 'PNGtuberBR']",['ProfanityVulgarity'],False
512,2025-05-08 08:01,1015,marvel-rivals,False,ckgeek,pt,Marvel Rivals,"É RAPA, TEM DIAS QUE A NOITE É FODAAA! ✅RERUN✅",['Português'],[],False
513,2025-05-08 08:20,1009,valorant,False,tooug,pt,VALORANT,RADIANTE 45% HS mono DEADLOCK 🥶 !gastronomia !insta,['Português'],[],False
513,2025-05-08 08:20,1009,valorant,True,lulavlr,pt,VALORANT,GRIPADO TRYHARD 15s DELAY | MELHOR CHAMBER DO MUNDO |❗tipspace❗monitor❗pix,"['Português', 'valorant', 'chamber', 'TryhardGameplay']",[],False
513,2025-05-08 08:20,1009,valorant,False,cisinha,pt,VALORANT,"carinha de princesa, jeitinho de cavalo",['Português'],['ProfanityVulgarity'],False
514,2025-05-08 08:39,924,league-of-legends,False,hastad,pt,League of Legends,hastad - SOLOQ BR,"['Challenger', 'Português', 'Vayne']",[],False
514,2025-05-08 08:39,924,league-of-legends,False,guguole,pt,League of Legends,"+18(SR ON) SUBATHOOON, não deixe o tempo acabar, foquem no pix e bits  !pix !subathon !ajuda","['JogandocomEspectadores', 'Lux', 'LeagueOfLegends', 'LGBTQIA', 'Português', 'mestre', 'holidayhoopla', 'chill', 'Milio']",[],False
514,2025-05-08 08:39,924,league-of-legends,False,YoDa,pt,League of Legends,SE EU NAO OLHAR  PROS CHATS E PQ ESTOU FOCADO EM MELHORAR NO LOL,['Português'],[],False
515,2025-05-08 08:57,700,minecraft,True,ZAKl1k,pt,Minecraft,🟢 MINECRAFT | ⭐ GANHE ASSISTINDO | 🌟 REESTOQUE DIA 10 ou 16 às 18h | !loja !points !prime !sub,"['Português', 'Minecraft']",[],False
515,2025-05-08 08:57,700,minecraft,False,DexterHQ,pt,Minecraft,HARDCORE +8400 DIAS SEM TOTEM !tiktok !insta,"['hardcore', 'hardmode', 'sobrevivencia', 'semtotem', 'construir', 'Farming', 'Português', 'minecraft', 'farm']",[],False
515,2025-05-08 08:57,700,minecraft,False,guisobrevivente_,pt,Minecraft,jogando no servidor dos sub (subaton),"['Português', 'ASMR', 'ação', 'simulação', 'aventura', 'minecraft', 'MinecraftAoVivo', 'minecraftstream']",[],False
516,2025-05-08 12:01,959,fortnite,False,Pedro017Yt,pt,Fortnite,Resgate Vbucks Assistindo !SKIN - Siga @Pedro017yt !Insta !pix,"['Português', 'Fortnite', 'Jogandocomespectadores', 'DropsEnable', 'Drops', 'reload', 'FamilyFriendly', 'PvP', 'drops', 'batlleroyale']",[],False
516,2025-05-08 12:02,959,fortnite,False,CORALtv_,pt,Fortnite,BOM DIAAAAAAA ✨ USE CODE: COORAL #AD ✨!PIX !RESGATE !JOGAR,"['Português', 'Fortnite', 'sorteio', 'VbucksGrátis', 'sorteios', 'vbucks', 'jogandocomespectadores']",[],False
516,2025-05-08 12:02,959,fortnite,False,maahmurollo,pt,Fortnite,JOGANDO E CONVERSANDO  ❤️🔥 ❗sr ❗JOGAR ❗LOJA    #APOIE: MUROLLO #ad,"['estrategia', 'ação', 'Português', 'Fortnite', 'fps', 'Reposição', 'starwars']",[],True
517,2025-05-08 12:20,1116,the-sims-4,False,lossayyy,en,The Sims 4,save file building! | !what !eacode,"['northernireland', 'ireland', 'irish', 'chaotic', 'safespace', 'funny', 'English', 'chatty', 'mentalhealth', 'Disabled']",[],False
517,2025-05-08 12:20,1116,the-sims-4,True,plumbaleena,en,The Sims 4,!legfam Storytelling  📖 | Gen 16 | REMI HAS HER BABY AND STASSI LOOKS FOR ANSWERS [ESCAPISM STRIM] !cc !gshade #EAPartner,"['safespace', 'Escapism', 'NoBackseating', 'English', '18plus', 'LegacyRP', 'EAPartner', 'Storytelling', 'MatureAudiences']",[],False
517,2025-05-08 12:20,1116,the-sims-4,False,JakeDavid,en,The Sims 4,🍼7 INFANT CHALLENGE with YOUR SIMS!🍼!throne !tiktok !1000baby,"['Gay', 'LGBTQIAPlus', 'SafeSpace', 'British', 'Chaotic', 'HighEnergy', 'Chatty', 'English', 'simulation', 'Mature']",[],False
518,2025-05-08 12:41,697,ea-sports-fc-25,False,TioPedroJoga,pt,EA Sports FC 25,"!live GRANDE NOVIDADE!!! PPS DO RIVALS, COPINHA E MATA-MATA + HYPE DAS 14 !cliente !coins !opera",['Português'],[],False
518,2025-05-08 12:41,697,ea-sports-fc-25,False,oBruxoFut,pt,EA Sports FC 25,✨ CONTINUANDO O PROJETO DIA DAS MÃES ❗️projeto ❗️sorteio ❗️lurdinha,"['Português', 'muitoelegante', 'charmoso', 'bonito', 'inteligente', 'carismático', 'educado', 'proplayer', 'futebol', 'fitness']",[],False
518,2025-05-08 12:41,697,ea-sports-fc-25,False,tcharles13,pt,EA Sports FC 25,[BR-PS5]  LIVE ON -REACT HYPE DAS 14:00  | Use !pix !grupo !analise !cliente,"['Português', 'Brasil', 'sharkmacedo', 'paivinha29', 'adolfz', 'playstation5', 'eafc25', 'Portugal', 'react']",[],False
519,2025-05-08 16:01,880,fortnite,False,MorenaSZ_nqp,pt,Fortnite,Vem me dar ghost e já deixa o like 🔥👀,"['Fortnite', 'GirlPlayer', 'PS5LiveStream', 'ControlerGaming', 'Português']",[],False
519,2025-05-08 16:01,880,fortnite,False,isafaracco,pt,Fortnite,PEW PEW PEW PRA TODO LADO,"['fortnite', 'battleroyale', 'Português', 'forninte', 'criativo']",[],False
519,2025-05-08 16:02,880,fortnite,False,CORALtv_,pt,Fortnite,BOM DIAAAAAAA ✨ USE CODE: COORAL #AD ✨!PIX !RESGATE !JOGAR,"['Português', 'Fortnite', 'sorteio', 'VbucksGrátis', 'sorteios', 'vbucks', 'jogandocomespectadores']",[],False
520,2025-05-08 16:19,742,league-of-legends,False,hastad,pt,League of Legends,hastad - SOLOQ BR,"['Challenger', 'Português', 'Vayne']",[],False
520,2025-05-08 16:19,742,league-of-legends,False,Baiano,pt,League of Legends,🔴LTA SUL - LOUD x FXW7 🔴🌴Amanhã: LCK às 05:00 !kbmidl !grupo [RETRANSMISSÃO] !status,['Português'],[],False
520,2025-05-08 16:19,742,league-of-legends,False,guguole,pt,League of Legends,"+18(SR ON) SUBATHOOON, não deixe o tempo acabar, foquem no pix e bits  !pix !subathon !ajuda","['JogandocomEspectadores', 'Lux', 'LeagueOfLegends', 'LGBTQIA', 'Português', 'mestre', 'holidayhoopla', 'chill', 'Milio']",[],False
521,2025-05-08 16:33,1102,grand-theft-auto-v,False,howz1n,pt,Grand Theft Auto V,+18❗skinsvip ❗holly ❗codiguin ❗donate,"['Português', 'v3']",['MatureGame'],False
521,2025-05-08 16:33,1102,grand-theft-auto-v,True,FalupaTV,pt,Grand Theft Auto V,[+18 CAPITAL VALLEY] AGT. LEANDRO S.  PRFe - FALCAO CHARLIE AO SEU QRV,"['CAPITAL', 'GTA5', 'ROLEPLAY', 'capitalvalley', 'falupatv', 'fps', 'arenabreakoutinfinite', 'Português']",['MatureGame'],True
521,2025-05-08 16:34,1102,grand-theft-auto-v,False,eldomgames,pt,Grand Theft Auto V,(4LIFE) SUBATHON COM SORTEIOS | !subathon | !4liferp | !pix | !pc | !regras,['Português'],['MatureGame'],True
522,2025-05-08 20:02,1030,marvel-rivals,False,Lollbits,pt,Marvel Rivals,Estrategista role RANKEEED,['Português'],['ProfanityVulgarity'],False
522,2025-05-08 20:02,1030,marvel-rivals,True,anduoruam,pt,Marvel Rivals,!18+ Pouco de gameplay da melhor forma Marvel Rivals,['Português'],[],False
522,2025-05-08 20:02,1030,marvel-rivals,False,ckgeek,pt,Marvel Rivals,"É RAPA, TEM DIAS QUE A NOITE É FODAAA! ✅RERUN✅",['Português'],[],False
523,2025-05-08 20:21,1160,fortnite,False,buxudinho,pt,Fortnite,[+18] LOUCURAS NA NOVA TEMPORADA FORTNITE -> USE CODE: BUXUDINHOO #AD #EpicPartner 🔥!Pix  !Wish !Amazon,['Português'],['ProfanityVulgarity'],False
523,2025-05-08 20:21,1160,fortnite,False,0rato_,pt,Fortnite,FILA COM O CHAT CODIGO DE APOIADOR (RATO) #AD❗dc❗paypal ❗trio   ❗earnings ❗ idade ❗pix ❗code❗tiktok,"['Português', 'fortnitezerobuild', 'ballistic', 'Fortnite']",[],False
523,2025-05-08 20:21,1160,fortnite,False,LobbydaAmanda,pt,Fortnite,Isso são horas? <3 <3 (DIA 89) <3 !pix !insiders,"['Gameplay', 'Justchating', 'DarksousIII', 'Fortnite', 'terror', 'campeonato', 'jogandocomochat', 'Overawatch', 'minecraftplay', 'EuroTruckSimulator']",[],False
524,2025-05-08 20:43,1115,league-of-legends,False,Akrinuss,pt,League of Legends,!privacy -  DICAS p subir de elo l Mestre !cortes !duo !analise !abt !facinho,"['Português', 'Reposição']",[],False
524,2025-05-08 20:43,1115,league-of-legends,True,guguole,pt,League of Legends,"+18(SR ON) SUBATHOOON, não deixe o tempo acabar, foquem no pix e bits  !pix !subathon !ajuda","['JogandocomEspectadores', 'Lux', 'LeagueOfLegends', 'LGBTQIA', 'Português', 'mestre', 'holidayhoopla', 'chill', 'Milio']",[],False
524,2025-05-08 20:43,1115,league-of-legends,False,GuoliverX,pt,League of Legends,"challenger main hwei, mel e bel'veth  -   !elojob  !pix !audios !coach/analise","['gay', 'lgbtqia', 'leagueoflegends', 'lol', 'seraphine', 'hwei', 'Português', 'challenger', 'LGBTQIAFriendly', 'belveth']",['ProfanityVulgarity'],False
525,2025-05-09 00:03,663,sea-of-thieves,False,ggeny11,pt,Sea of Thieves,(+18) NÃO FAZ SENTIDO! !pix !discord !insta !youtube !MUDE !CATEDRAL #ADG #patrocínio,"['Português', 'conversa', 'amizade', 'gamesstreamer', 'Historia', 'vida', 'jogosonline', 'JogosVariados']",[],False
525,2025-05-09 00:03,663,sea-of-thieves,False,iShadowWolf_,pt,Sea of Thieves,(+18) Livezinha Muito Doida!   ||   (❗comandos ❗metas ❗drops)   ||   (Epic Code: SHADOWOLF),['Português'],[],False
525,2025-05-09 00:03,663,sea-of-thieves,False,ooCEIFADORoo,pt,Sea of Thieves,LIVE N° 043 - SEA OF THIEVES,['Português'],[],False
526,2025-05-09 00:16,1047,counter-strike,False,donkgord0,pt,Counter-Strike,🕺🏻💪🏻😎🦜+18 5KM CORRENDO JEJUM +PEITO/TRICEPS +40KM BIKE NOVO PATROCÍNIO ❗G4SKINS❗RAINGG  🤪 !!❗neshastore  ❗gamearena❗csgoskins,"['CSGO', 'FPS', 'GAMERSCLUB', 'GC', 'LVL20', 'Português', 'lol', 'leagueoflegends', 'moba']",['MatureGame'],False
526,2025-05-09 00:16,1047,counter-strike,True,Saullo,pt,Counter-Strike,"SORTEIO 3x FACAS AUTOTRONIC HOJE (R$6.600,00) + DEPÓSITO NA CONTA DE VOCÊS + SORTEIO 100 DÓLARES (AO VIVO)","['Português', 'skinscsgo', 'CSGO', 'SORTEIO', 'PIX', 'SKINS', 'FPS', 'Brasil', 'CS2', 'cs2beta']",['MatureGame'],True
526,2025-05-09 00:16,1047,counter-strike,False,BrunoBalloni,pt,Counter-Strike,🔴RERUN!!! -> ❗regraloja❗farm ❗sub ❗msg ❗loja,"['Português', 'fps', 'Brasil', 'counterstrike', 'cs', 'cs2', 'brazil']",['MatureGame'],False
527,2025-05-09 00:36,622,ea-sports-fc-25,True,tecafut66,pt,EA Sports FC 25,PREMIAÇÃO RIVALS / MATA-MATA / TECAFUT66 / EAFC,['Português'],[],False
527,2025-05-09 00:36,622,ea-sports-fc-25,False,FlangoFC,pt,EA Sports FC 25,Fazendo Icon até acabar forragem,"['eafc25', 'Português', 'tradefifa']",['ProfanityVulgarity'],False
527,2025-05-09 00:36,622,ea-sports-fc-25,False,Fifandrade,pt,EA Sports FC 25,"SUB OU R$ 10,00 NO !PIX: ANÁLISE DE TIME NA LIVE! !donate1 !donate2 !coins !sub !pix","['Português', 'eaesports', 'EAFC', 'eafc25', 'ultimateteam', 'fc25', 'fc25gameplay']",[],False
528,2025-05-09 04:01,710,fortnite,False,MatutosGaming,pt,Fortnite,🪐A FORÇA TÁ COM A GENTE! Use CODE: MATUTOS | ❗lurk ❗pix ❗jogar | Plays insanas no Fortnite  espera por você!,"['BRASIL', 'JOGANDOCOMVIEWS', 'fortnitetrocacao', 'marvelrivals', 'NordesteGamer', 'LGBTQGamer', 'HumorNoGame', 'PS5', 'ZeroBuild', 'LGBTQGamers']",[],False
528,2025-05-09 04:01,710,fortnite,False,iShadowWolf_,pt,Fortnite,(+18) Livezinha Muito Doida!   ||   (❗comandos ❗metas ❗drops)   ||   (Epic Code: SHADOWOLF),['Português'],[],False
528,2025-05-09 04:01,710,fortnite,False,Melizy7x,pt,Fortnite,FORTNITE GRIND | 🏆 USE CODE MELIZY #ad !pix !dc !mapa,"['Português', 'FortniteRanked', '1v1', 'Fortnite']",[],False
529,2025-05-09 04:15,1059,overwatch-2,False,txgiovani10,pt,Overwatch 2,Rerun: Rumo ao mestre (!loja) - Overwatch 2,['Português'],[],False
529,2025-05-09 04:15,1059,overwatch-2,True,viniciusstocker,pt,Overwatch 2,OWzinho du neida! Ajiurda 6 subs/2 mil beatles! 🥳 !milk !leklek !natal !pix !clip,"['xbox', 'Português', 'console', 'XboxSeriesSX', 'campanha', 'Coop', 'modohistoria', 'amigos', 'PlayStation', 'deadbbydaylight']",['ProfanityVulgarity'],False
529,2025-05-09 04:15,1059,overwatch-2,False,Skartelly,pt,Overwatch 2,"+18 Agora que comprou, tem de fazer esse passe !MUDE | Pride 🏳️‍🌈 | +18 !discord #PCGamePassPartner","['BRFurs', 'Furry', 'LGBTQIAPlus', 'Vtuber', 'Português', 'DareDrop', 'FuncomCreator', 'StreamElementsSponsored']",[],True
530,2025-05-09 04:35,992,counter-strike,False,capatoxx,pt,Counter-Strike,🟢 AO VIVO ┃🎯 JOGANDO LOBBYZINHA na @gamersclubcs ┃🔥🏅 UNION SKINS ┃ ❗union ❗discord ❗grupo ❗meta,"['csgo', 'gamersclub', 'faceit', 'valve', 'cs2', 'Counterstrike', 'PTBR', 'gaules', 'level20', 'CS2']",['MatureGame'],False
530,2025-05-09 04:35,992,counter-strike,True,Saullo,pt,Counter-Strike,"SORTEIO 3x FACAS AUTOTRONIC HOJE (R$6.600,00) + DEPÓSITO NA CONTA DE VOCÊS + SORTEIO 100 DÓLARES (AO VIVO)","['Português', 'skinscsgo', 'CSGO', 'SORTEIO', 'PIX', 'SKINS', 'FPS', 'Brasil', 'CS2', 'cs2beta']",['MatureGame'],True
530,2025-05-09 04:35,992,counter-strike,False,BrunoBalloni,pt,Counter-Strike,🔴RERUN!!! -> ❗regraloja❗farm ❗sub ❗msg ❗loja,"['Português', 'fps', 'Brasil', 'counterstrike', 'cs', 'cs2', 'brazil']",['MatureGame'],False
531,2025-05-09 04:54,940,ea-sports-fc-25,False,xGuuhGabrielx,pt,EA Sports FC 25,"Fizemos 4 Icons, Rivals Elite Farmando Pontos Semanais, Mata Mata, DMEs, Packs e Resenha | DIGITE !Livepix !cliente !grupo !meta !coins","['EASPORTS', 'EAFC', 'eafc25', 'ultimateteam', 'fc25', 'fc25gameplay', 'Português', 'Paivinha29', 'Carpentieri', 'Adolfz']",[],False
531,2025-05-09 04:54,940,ea-sports-fc-25,False,fabio11martins,pt,EA Sports FC 25,"🚨 ÚLTIMO DIA DOS TOTS PREMIER LEAGUE! RIVALS, PICK DE ICON E MAIS DE 70 PICKS 80+ !","['English', 'Português', 'EAFC', 'ultimateteam', 'playstation5']",[],False
531,2025-05-09 04:54,940,ea-sports-fc-25,False,bahvitao,pt,EA Sports FC 25,MADRUGADA DE COPA+FARM,"['Português', 'Esportes']",[],False
532,2025-05-09 05:12,775,sea-of-thieves,False,flotsam,en,Sea of Thieves,Solo Sloop PvP 💀,"['Solo', 'PvP', 'English']",[],False
532,2025-05-09 05:12,775,sea-of-thieves,False,CuteR4ge,de,Sea of Thieves,"Wenn du die Liebe von ganzem Herzen suchst,so wirst du im ganzen Universum ihr Echo finden...Schmomi ist mein Echo🐧","['Deutsch', 'Supportmain', 'Support']",[],False
532,2025-05-09 05:12,775,sea-of-thieves,False,Beardageddon,en,Sea of Thieves,THE STICKERTHON IS HERE !stickerthon !figgyz !247 !gs !derby,"['English', 'Casual', 'Interactive', 'ChatInteraction', 'PvP', 'PvE', 'chill', 'moderated', 'NoPolitics']",[],True
533,2025-05-09 08:02,919,grand-theft-auto-v,True,RyanFeer,pt,Grand Theft Auto V,SUBATHON Na Sexta Maluca | !Donate  | !Pix,"['Português', 'CDA', 'gta', 'fivem', 'RP', 'PvP', 'metropole', 'cpx', 'CAPITAL', 'ProdigyRP']",['MatureGame'],False
533,2025-05-09 08:02,919,grand-theft-auto-v,False,srafeiticeira,pt,Grand Theft Auto V,+18[LUMOS]FUI DESCOBERTA  ! [SIGA: @srafeiticeira] ❗PIX !DISCORD ❗INSTAGRAM ❗STRANGERVILLE,"['Português', 'Reposição']",['MatureGame'],True
533,2025-05-09 08:02,919,grand-theft-auto-v,False,mehinata,pt,Grand Theft Auto V,👾Oiii vamos jogar ?      💜Pix!! Sociais!!,['Português'],['MatureGame'],False
534,2025-05-09 08:19,1139,league-of-legends,True,Mihira_a,pt,League of Legends,Cine e SOLOQ??  | !comandos !sonoros !pix,"['soloq', 'lolzinho', 'girlgamer', 'Português', 'jungler']",['ProfanityVulgarity'],False
534,2025-05-09 08:19,1139,league-of-legends,False,guguole,pt,League of Legends,"+18(SR ON) SUBATHOOON, não deixe o tempo acabar, foquem no pix e bits  !pix !subathon !ajuda","['JogandocomEspectadores', 'Lux', 'LeagueOfLegends', 'LGBTQIA', 'Português', 'mestre', 'holidayhoopla', 'chill', 'Milio']",[],False
534,2025-05-09 08:20,1139,league-of-legends,False,hastad,pt,League of Legends,hastad - SOLOQ BR,"['Challenger', 'Português', 'Vayne']",[],False
535,2025-05-09 08:41,1186,ea-sports-fc-25,False,xGuuhGabrielx,pt,EA Sports FC 25,"Prozin c Chat! Rivals Elite Farmando Pontos Semanais, Fizemos 4 Icons, DMEs, Packs e Resenha | DIGITE !Livepix !cliente !grupo !meta !coins","['EASPORTS', 'EAFC', 'eafc25', 'ultimateteam', 'fc25', 'fc25gameplay', 'Português', 'Paivinha29', 'Carpentieri', 'Adolfz']",[],False
535,2025-05-09 08:41,1186,ea-sports-fc-25,False,and3rsonfps,pt,EA Sports FC 25,COPINHA + DIVISION RIVALS + EVOS | EA SPORTS FC  !lojinha !steam !Redes !epic @and3rsonfps,"['Português', 'sonaconversa', 'inteligente', 'calmo', 'divertido']",[],False
535,2025-05-09 08:41,1186,ea-sports-fc-25,False,pavani017,pt,EA Sports FC 25,VILA PALMARES NO EAFC 25,['Português'],[],False
536,2025-05-09 09:03,846,marvel-rivals,True,Sasazinhaw,pt,Marvel Rivals,rankeds sup   - !Nuuvem  !ExitLag !Kaspersky,"['Dropshabilitados', 'chill', 'Português', 'ptbr', 'OverwatchCreators', 'marvelrivals', 'Variedade', 'MarvelRivalsCreator']",[],True
536,2025-05-09 09:03,846,marvel-rivals,False,ckgeek,pt,Marvel Rivals,"É RAPA, TEM DIAS QUE A NOITE É FODAAA! ✅RERUN✅",['Português'],[],False
536,2025-05-09 09:03,846,marvel-rivals,False,TvSerious,pt,Marvel Rivals,DROPS! MAIN SUP !bluestacks !giftcard !PIX #PCGamePassPartner,"['serious', 'smitebrasil', 'lgbtqia', 'Português', 'drops', 'MOBA', 'Cozy', 'cozygaming', 'Roguelike', 'Roguelite']",[],False
537,2025-05-09 09:19,1006,fortnite,False,NYKAGAMER_,pt,Fortnite,pewn pewn pewn❗️code ❗️LIVEPIX ❗️Onlyfans ❗️Comandos ❗️Discord ❗️Clip,"['Fortnite', 'Português', 'Mulher', 'brasil', 'Español', '한국어', 'Русский', '漢語', 'ภาษาไทย', '日本語']",[],False
537,2025-05-09 09:19,1006,fortnite,False,Pedro017Yt,pt,Fortnite,VAMOS JOGAR !JOGAR - RESGATE VBUCKS ME ASSISTINDO !SKIN,"['Português', 'Fortnite', 'Jogandocomespectadores', 'DropsEnable', 'Drops', 'reload', 'FamilyFriendly', 'PvP', 'drops', 'batlleroyale']",[],False
537,2025-05-09 09:19,1006,fortnite,False,danizinhah_,pt,Fortnite,BOM DIAA !!! ✨JOGANDO COM CHAT - Ajude na meta de subs,"['Português', 'drops', 'DropsEnable']",[],False
538,2025-05-09 12:02,724,fortnite,True,NYKAGAMER_,pt,Fortnite,pewn pewn pewn❗️code ❗️LIVEPIX ❗️Onlyfans ❗️Comandos ❗️Discord ❗️Clip,"['Fortnite', 'Português', 'Mulher', 'brasil', 'Español', '한국어', 'Русский', '漢語', 'ภาษาไทย', '日本語']",[],False
538,2025-05-09 12:02,724,fortnite,False,Pedro017Yt,pt,Fortnite,VAMOS JOGAR !JOGAR - RESGATE VBUCKS ME ASSISTINDO !SKIN,"['Português', 'Fortnite', 'Jogandocomespectadores', 'DropsEnable', 'Drops', 'reload', 'FamilyFriendly', 'PvP', 'drops', 'batlleroyale']",[],False
538,2025-05-09 12:02,724,fortnite,False,0rato_,pt,Fortnite,CODIGO DE APOIADOR (RATO) #AD❗dc❗paypal ❗trio   ❗earnings ❗ idade ❗pix ❗code❗tiktok,"['Português', 'fortnitezerobuild', 'ballistic', 'Fortnite']",[],False
539,2025-05-09 12:16,942,ea-sports-fc-25,False,paivinha29,pt,EA Sports FC 25,SUPER TOTS BUNDESLIGA+ WL E RESENHA COM PAIVUDO  !CURSO  !COINS  !TRUST,['Português'],[],False
539,2025-05-09 12:16,942,ea-sports-fc-25,False,miguelitodoarrocha,pt,EA Sports FC 25,💥sexta de rivais e muita resenha !! bem vindos a live do Miguelito do arrocha,"['Português', 'Portugal', 'Competitivo', 'resenha', 'Resenhando', 'ultimateteam', 'fifa', 'EAFC', 'eafc25', 'eafcsports']",[],False
539,2025-05-09 12:17,942,ea-sports-fc-25,False,Burstlegacy,pt,EA Sports FC 25,[PT/EN/ES] Ep. 26 - Premier League Cup e WWE 2K25 dia 3 Sorteio t-shirt Darthus / Burstlegacy !wwe,"['esports', 'wrestling', 'wwe', 'aew', 'fifa', 'coach', 'entertainer', 'Português', 'ISGeSports']",[],False
540,2025-05-09 12:35,1142,grand-theft-auto-v,False,bibitenebroza,pt,Grand Theft Auto V,+18 A MAIOR BANDIVA VOLTOU [ METACITY RP ] | !PIX !BRISANET,"['TRANS', 'Português', 'dbd', 'dbddeadbydaylgiht', 'top1dbd', 'dbdmainsurvivor']",['MatureGame'],False
540,2025-05-09 12:35,1142,grand-theft-auto-v,True,RyanFeer,pt,Grand Theft Auto V,SUBATHON Na Sexta Maluca | !Donate  | !Pix,"['Português', 'CDA', 'gta', 'fivem', 'RP', 'PvP', 'metropole', 'cpx', 'CAPITAL', 'ProdigyRP']",['MatureGame'],False
540,2025-05-09 12:35,1142,grand-theft-auto-v,False,eldomgames,pt,Grand Theft Auto V,(4LIFE) SUBATHON COM SORTEIOS | !subathon | !4liferp | !pix | !pc | !regras,['Português'],['MatureGame'],True
541,2025-05-09 16:01,682,the-sims-4,False,ImDiogoz_,pt,The Sims 4,Quase 5 anos de canal!!!!  !comandos @isgesports,['Português'],[],False
541,2025-05-09 16:01,682,the-sims-4,True,yBiianca,pt,The Sims 4,SUBATHON INICIADO!!  (Dia 03) | Haller 01 da Meraki | Cidade dos Anjos | +18,['Português'],[],False
541,2025-05-09 16:01,682,the-sims-4,False,Dineyls,pt,The Sims 4,criando a Mansão dos subs!❗️sorteio ❗️loja ❗️amazon ❗️genshin❗️casa,"['Português', 'English', 'WutheringWaves', 'GenshinnImpact']",['ProfanityVulgarity'],False
542,2025-05-09 16:15,686,sea-of-thieves,False,aatonz,pt,Sea of Thieves,!!HEY PIRATE!! SeXtoU e tamo Como? DAQUELE JEEEITo!!SoRtEiO ON!! Hoje é dia de botar o pé na porta do final de semana VAMOKERE!! Bom Dia!!,"['casual', 'engraçado', 'pirata', 'English', 'Português', 'Yoda', 'Gaules', 'giveaway', 'alanzoka']",[],False
542,2025-05-09 16:15,686,sea-of-thieves,True,CacadorCapixaba,pt,Sea of Thieves,95% RESENHA E 5% GAMEPLAY,"['Português', 'Portugal', 'AMA', 'rdr2', 'Roleplay', 'Brasil', 'RPG']",['ProfanityVulgarity'],False
542,2025-05-09 16:15,686,sea-of-thieves,False,ofernandomaidana,pt,Sea of Thieves,⚓ TENTANDO CHEGAR NOS 2K SEGUIDORES ☠️,"['Português', 'seaofthieves', 'pirata', 'SongRequests', 'songrequest', 'SeaOfThievesPartner', 'SeaofThievesgameplay', 'English']",[],False
543,2025-05-09 16:29,874,marvel-rivals,True,Momolezinha,pt,Marvel Rivals,"ZERO PENSAMENTO, APENAS SOCO E FOGO!👊🏼🔥SIGAM SOCIAIS -> @Momolezinha |❗pix❗analise ❗youtube","['Português', 'Heroshooter', 'marvelrivals', 'Inglês', 'English']",[],False
543,2025-05-09 16:29,874,marvel-rivals,False,ckgeek,pt,Marvel Rivals,"É RAPA, TEM DIAS QUE A NOITE É FODAAA! ✅RERUN✅",['Português'],[],False
543,2025-05-09 16:29,874,marvel-rivals,False,LuBuuu,pt,Marvel Rivals,MAIN CAPITÃO AMÉRICA RANKED HIGHELO !comando !youtube !tiktok,"['Português', 'Brasil', 'marvelrivals', 'LearningEnglish', 'Competitivo', 'English']",[],False
544,2025-05-09 16:46,1090,grand-theft-auto-v,False,RyanFeer,pt,Grand Theft Auto V,SUBATHON Na Sexta Maluca | !Donate  | !Pix,"['Português', 'CDA', 'gta', 'fivem', 'RP', 'PvP', 'metropole', 'cpx', 'CAPITAL', 'ProdigyRP']",['MatureGame'],False
544,2025-05-09 16:46,1090,grand-theft-auto-v,False,Tianegamer,pt,Grand Theft Auto V,[FLOW RP] LIVEZINHA ON...,['Português'],['MatureGame'],False
544,2025-05-09 16:46,1090,grand-theft-auto-v,False,yunizinhafps,pt,Grand Theft Auto V,💜2CRIME - RP AMERICANO CONHECENDO EP 1 (CIDADE NOVA) [COMANDO]   ❗LIVEPIX ❗DISCORDYUNI,"['Português', 'coringarp', 'GTARPLIVE', 'datenarp', 'gtavrproleplay', 'ＧTA5', 'gtandTheftAutoV', 'ComplexoRP', 'redbeiramar', 'paulinhooloko']",['MatureGame'],False
545,2025-05-09 20:01,1172,fortnite,False,MorenaSZ_nqp,pt,Fortnite,Me diz com quem tu andas que eu direi quem tu és 🔥 Top 11 do mundo 🌍,"['Fortnite', 'GirlPlayer', 'PS5LiveStream', 'ControlerGaming', 'Português']",[],False
545,2025-05-09 20:01,1172,fortnite,True,imoonelfa,pt,Fortnite,JOGANDO FORTNITE,"['Português', 'Fortnite', 'jogandocomochat', 'Brasil', 'Brasileira']",[],False
545,2025-05-09 20:01,1172,fortnite,False,oimille,pt,Fortnite,Simbora de Fortnite?❗JOGAR  ❗NICK ❗PRESENTE❗PRIME ❗PIX ❗INSTA ❗DISCORD,"['Português', 'fornite', 'fortnitebrasil', 'garotagamer', 'Brasil', 'fortnitegaminglive', 'Português']",[],True
546,2025-05-09 20:23,838,minecraft,True,oSumiu,pt,Minecraft,"⚡VALORANT É PRA LÁAAAAAAA, pokemão é pra cá⚡ - 123/180 !pix","['CALVO', 'RADIANTE', 'PORTUGUÊS', 'COMPETITIVO', 'MULTIPLAYER', 'NEON', 'Português']",['ProfanityVulgarity'],False
546,2025-05-09 20:23,838,minecraft,False,ZAKl1k,pt,Minecraft,🟢 MINECRAFT | ⭐ GANHE ASSISTINDO | 🌟 REESTOQUE DIA 10 ou 16 às 18h | !loja !points !prime !sub,"['Português', 'Minecraft']",[],False
546,2025-05-09 20:23,838,minecraft,False,AnimeTvON,pt,Minecraft,RERUN🟢 MINECRAFT - CHUVA E TROVÕES🟢,"['Português', 'Brasil', 'minecrafit', 'Reposição']",[],False
547,2025-05-09 20:39,625,the-sims-4,False,LelecoGaymer,pt,The Sims 4,"6ª rodada: Líder: @paladinoosombrio prova do anjo, definição do monstro e Big Fome pra dividir a casa | BigMorte Streamers | LelecoGaymer","['Gay', 'Brasil', 'Urso', 'gaymer', 'Nordeste', 'bahia', 'LGBTQIAplus', 'Bear', 'thesims', 'BBB']",['ProfanityVulgarity'],False
547,2025-05-09 20:40,625,the-sims-4,False,makkatv,pt,The Sims 4,🇵🇹 🔴 !BigMakka (Reality Show da Twitch) - Dia 13 - Confessionário & Concerto musical - 🔴 STREAM 14/72 🔴  #letsfgo,"['Retro', 'RPG', 'Story', 'Chatting', 'LoFi', 'Português', 'Firstplaythrough', 'Portugal', 'Singleplayer', 'Cozy']",[],False
547,2025-05-09 20:40,625,the-sims-4,False,Maiza,pt,The Sims 4,As 21hrs Dont com a Galera  | #ptbr #portugues #brasil #thesims4,"['Português', 'Brasil', 'JogoCausal', 'ptbr', 'simulação', 'gerenciamentoderescursos', 'DontStarveTogether']",['ProfanityVulgarity'],False
548,2025-05-10 00:01,612,ea-sports-fc-25,True,lenonbruxo96,pt,EA Sports FC 25,WL EM VARIAS CONTA !  - !cliente !coach !livepix !tatica !analise,['Português'],[],False
548,2025-05-10 00:01,612,ea-sports-fc-25,False,tecafut66,pt,EA Sports FC 25,TOTS BUNDESLIGA / ABERTURA DE PACKS / WL / TECAFUT66 / EAFC,['Português'],[],False
548,2025-05-10 00:01,612,ea-sports-fc-25,False,SWAVYFUT,pt,EA Sports FC 25,12x (15-0) RANK 1 TÁTICAS NO !4231 + WL EM 18 CONTAS NO TOTS BUNDESLIGA | !cliente,['Português'],[],True
549,2025-05-10 00:13,793,roblox,False,NickiieTV,pt,ROBLOX,👽 SESSÃO DA TRAVA  !lanhouse  !sessão !fila  !lurdes !casaflorescer !REGRAS !audios !donate !pix !sub !comand,"['TRANS', 'ELADELA', 'ÓVINIS', 'ETS', 'FILHADOLULA', 'SURTOS', 'BRUXA', 'REACTS', 'GAMEPLAY', 'LGBTQIAPN']",['ProfanityVulgarity'],False
549,2025-05-10 00:13,793,roblox,True,oFredizin,pt,ROBLOX,EM BUSCA DO SUNG ANIME VANGUARDS! 🪐 !lojarobux !apoiador,"['Português', 'Anime', 'roblox', 'minecraft', 'pixelmon', 'LurkFriendly', 'gaming', 'Chatting', 'PokemonCommunityGame']",[],False
549,2025-05-10 00:14,793,roblox,False,BellaNyxx,pt,ROBLOX,24 HORINHAS? ★⡀.•☆•.★ ♥ | 90/91 | ❗️SR ❗️COMANDOS ❗️PIX ❗️SOCIAL,"['girl', 'lux', 'leagueoflegends', 'LGBTQIA', 'MOBA', 'otaku', 'ahri', 'lol', 'Português', 'LGBT']",['ProfanityVulgarity'],False
550,2025-05-10 00:29,849,counter-strike,False,pinkrafa,pt,Counter-Strike,"Corujão do Pink... Sextoooou, cola pra ca  =)  !ingresso para sorteio de 1500 seguidores","['CS2', 'counterstrike', 'gaming', 'GamingLive', 'Esports', 'fps', 'CS2Live', 'gaules', 'TRIBONERA', 'Brasil']",['MatureGame'],False
550,2025-05-10 00:29,849,counter-strike,True,eLyzao,pt,Counter-Strike,UNBOXING TECLADO NOVO + REACT E GAMES    ❗Nesha ❗iox +18,['Português'],['MatureGame'],False
550,2025-05-10 00:29,849,counter-strike,False,BrunoBalloni,pt,Counter-Strike,🔴RERUN!!! -> ❗regraloja❗farm ❗sub ❗msg ❗loja,"['Português', 'fps', 'Brasil', 'counterstrike', 'cs', 'cs2', 'brazil']",['MatureGame'],False
551,2025-05-10 00:46,850,grand-theft-auto-v,False,RyanFeer,pt,Grand Theft Auto V,SUBATHON Na Sexta Maluca | !Donate  | !Pix,"['Português', 'CDA', 'gta', 'fivem', 'RP', 'PvP', 'metropole', 'cpx', 'CAPITAL', 'ProdigyRP']",['MatureGame'],False
551,2025-05-10 00:46,850,grand-theft-auto-v,False,CriaPlayer,pt,Grand Theft Auto V,🎃GOTHAM RP🎃 #110 O VACILÃO DO BANE TÁ DE VOLTA?? #VdgPraKrlh #TropaDosDodóis !gotham !fancam !TDD,['Português'],"['MatureGame', 'ProfanityVulgarity']",False
551,2025-05-10 00:46,850,grand-theft-auto-v,False,garotadoblogui_,pt,Grand Theft Auto V,🚨 | Live da Garota do Blog :) (METACITY) !pix ♥ +18,['Português'],['MatureGame'],False
552,2025-05-10 01:02,639,overwatch-2,False,peachy_yumi,pt,Overwatch 2,🍑 ranked mano #GOCALLISTO 🍑 - mestre main kiri porem flex,"['OverwatchCreator', 'OW2Brasil', 'Português', 'English', 'OW2STADIUM', 'safeplace', 'kiriko', 'juno', 'freja']",[],False
552,2025-05-10 01:02,639,overwatch-2,True,VioletKill,pt,Overwatch 2,!DROPS || DVA DOKIDAY || !blackskull !sorteio !overclock,"['gamergirl', 'LGBTQIA', 'Português', 'giveaway', 'DropsEnabeled', 'drops', 'OW2Stadium', 'OW2Brasil', 'Woman', 'fps']",[],False
552,2025-05-10 01:02,639,overwatch-2,False,laisvampi,pt,Overwatch 2,🔞 Joga comigo? 🔞 !streamteam,"['Português', 'Reposição']",['ProfanityVulgarity'],False
553,2025-05-10 04:01,642,counter-strike,False,pinkrafa,pt,Counter-Strike,"Corujão do Pink... Sextoooou, cola pra ca  =)  !ingresso para sorteio de 1500 seguidores","['CS2', 'counterstrike', 'gaming', 'GamingLive', 'Esports', 'fps', 'CS2Live', 'gaules', 'TRIBONERA', 'Brasil']",['MatureGame'],False
553,2025-05-10 04:01,642,counter-strike,True,Saullo,pt,Counter-Strike,"SORTEIO BAIONETA FADE HOJE (R$6.600,00) + DEPÓSITO NA CONTA DE VOCÊS + SORTEIO 100 DÓLARES (AO VIVO)","['Português', 'skinscsgo', 'CSGO', 'SORTEIO', 'PIX', 'SKINS', 'FPS', 'Brasil', 'CS2', 'cs2beta']",['MatureGame'],True
553,2025-05-10 04:01,642,counter-strike,False,BrunoBalloni,pt,Counter-Strike,🔴RERUN!!! -> ❗regraloja❗farm ❗sub ❗msg ❗loja,"['Português', 'fps', 'Brasil', 'counterstrike', 'cs', 'cs2', 'brazil']",['MatureGame'],False
554,2025-05-10 04:14,1111,overwatch-2,False,viniciusstocker,pt,Overwatch 2,"Sextou (num dormir ainda, é sexta)! Ajiurda 6 subs/2 mil beatles! 🥳 !milk !leklek !natal !pix !clip","['xbox', 'Português', 'console', 'XboxSeriesSX', 'campanha', 'Coop', 'modohistoria', 'amigos', 'PlayStation', 'deadbbydaylight']",['ProfanityVulgarity'],False
554,2025-05-10 04:14,1111,overwatch-2,False,VioletKill,pt,Overwatch 2,!DROPS || DVA DOKIDAY || !blackskull !sorteio !overclock,"['gamergirl', 'LGBTQIA', 'Português', 'giveaway', 'DropsEnabeled', 'drops', 'OW2Stadium', 'OW2Brasil', 'Woman', 'fps']",[],False
554,2025-05-10 04:14,1111,overwatch-2,False,txgiovani10,pt,Overwatch 2,Rerun Treinando a mira  (!Loja) - Jogos diversos,['Português'],[],False
555,2025-05-10 04:35,768,marvel-rivals,True,krestt1,pt,Marvel Rivals,+18 Vou me fingir de leitão pra poder mamar deitado,['Português'],[],False
555,2025-05-10 04:35,768,marvel-rivals,False,ckgeek,pt,Marvel Rivals,"O PAI TA ON, BORA DE PLAY!",['Português'],[],False
555,2025-05-10 04:35,768,marvel-rivals,False,amohrte,pt,Marvel Rivals,"VOLTEEI, TESTANDO A HELA E SONHANDO COM O OURO // RERUN / REPRISE 🚨","['overwatch', 'amohrte', 'ptbr', 'fps', 'marvel', 'marvelrivalsgameplay', 'marvelrivals', 'English', 'DayZ', 'Thirdpersonshooter']",['ProfanityVulgarity'],False
556,2025-05-10 04:50,708,valorant,False,giilopess,pt,VALORANT,LIVEZINHA DE ANIVERSARIOO! // !elo !pix !insta !tiktok,"['Português', 'valorant', 'imortal']",[],False
556,2025-05-10 04:50,708,valorant,True,waveigl,pt,VALORANT,🔞+18  WAVEIGL ❤️ APRENDENDO A JOGAR VALORANT +18🔞,['Português'],['ProfanityVulgarity'],True
556,2025-05-10 04:50,708,valorant,False,m4zzinho,pt,VALORANT,"Superando desafios, em busca do maior elo - !pix !social","['radiante', 'valorant', 'fps', 'Português']",[],False
557,2025-05-10 05:04,1077,the-sims-4,True,silentxxbunny,en,The Sims 4,1-2-3-4 Legacy Challenge EP46,"['LGBTQIAPlus', 'HeHim', 'AnonymousFollows', 'ExplicitLanguage', 'MomApprovedGaming', 'English', 'IDontExist', 'Hieroglyphics', 'Pyrotechnics', 'Metaphysics']",['ProfanityVulgarity'],False
557,2025-05-10 05:04,1077,the-sims-4,False,immarstheg,en,The Sims 4,Sneakin & Geekin ✦ Save Prep & X-Men Prequels ✨,"['BLACK', 'AfricanAmerican', 'English', 'BlackWoman', 'SheHer', '18plus']",['ProfanityVulgarity'],False
557,2025-05-10 05:04,1077,the-sims-4,False,honeymaysims,en,The Sims 4,☀️ working on my save file (cas/building) [#eapartner // ❗eacode ❗shell ❗plus ❗socials],"['Norway', 'English', 'Europe', '16plus', 'Cozy', 'LurkerFriendly', 'LGBTQIAPlus', 'NoBackseating']",[],False
558,2025-05-10 08:02,812,minecraft,True,ZAKl1k,pt,Minecraft,🟢 MINECRAFT | ⭐ GANHE ASSISTINDO | 🌟 REESTOQUE DIA 10 ou 16 às 18h | !loja !points !prime !sub,"['Português', 'Minecraft']",[],False
558,2025-05-10 08:02,812,minecraft,False,Ferthel,pt,Minecraft,|| HF Jurassic || Live36 || Objetivo: conseguir a semente de Nether Star,"['MinecraftJavaEditon', 'pngtuber', 'PNGtuberBR', 'Português', 'minecraftmods', 'HFJurassic', 'minecraftmodpack', 'thedawnera', 'unusualprehistory', 'Prehistoricfaunamod']",[],False
558,2025-05-10 08:02,812,minecraft,False,AnimeTvON,pt,Minecraft,RERUN🟢 MINECRAFT - CHUVA E TROVÕES🟢,"['Português', 'Brasil', 'minecrafit', 'Reposição']",[],False
559,2025-05-10 08:17,738,grand-theft-auto-v,True,RyanFeer,pt,Grand Theft Auto V,SUBATHON Na Sexta Maluca | !Donate  | !Pix,"['Português', 'CDA', 'gta', 'fivem', 'RP', 'PvP', 'metropole', 'cpx', 'CAPITAL', 'ProdigyRP']",['MatureGame'],False
559,2025-05-10 08:17,738,grand-theft-auto-v,False,larissa_petenon,pt,Grand Theft Auto V,[CPX] Sophia No Hp RERUN,"['Mulher', 'jogosdiversos', 'Português', 'pc', 'Brasil', 'cpx', 'complexo']",['MatureGame'],False
559,2025-05-10 08:18,738,grand-theft-auto-v,False,rubiizera,pt,Grand Theft Auto V,+18 EldoradoRp- D..E.M.O   NA ARÉA BB '-' Amora chefe da Botânica '-' Bom dia,"['autista', 'autisgamer', 'Português']",['MatureGame'],False
560,2025-05-10 08:32,669,league-of-legends,False,Baiano,pt,League of Legends,🟢LPL AO VIVO: AL 1 x 0 WBG 🟢🌴 !grupo !kbmidl !status #LPLCOSTREAM,['Português'],[],False
560,2025-05-10 08:32,669,league-of-legends,False,BellaNyxx,pt,League of Legends,24 HORINHAS? ★⡀.•☆•.★ ♥ | 90/91 | ❗️SR ❗️COMANDOS ❗️PIX ❗️SOCIAL,"['girl', 'lux', 'leagueoflegends', 'LGBTQIA', 'MOBA', 'otaku', 'ahri', 'lol', 'Português', 'LGBT']",['ProfanityVulgarity'],False
560,2025-05-10 08:32,669,league-of-legends,False,YoDa,pt,League of Legends,LTA HOJE AS 12H - SOLOQ FOCADO,['Português'],[],False
561,2025-05-10 12:01,622,valorant,True,furq,pt,VALORANT,🟩DIGA NÃO AO VERDE 🟩 !farmskins !bonoxs !sociais !pix,['Português'],[],False
561,2025-05-10 12:01,622,valorant,False,lulavlr,pt,VALORANT,MELHOR CHAMBER DO MUNDO |❗tipspace❗pix,"['Português', 'valorant', 'chamber', 'TryhardGameplay']",[],False
561,2025-05-10 12:01,622,valorant,False,oantunesz,pt,VALORANT,GAMEPLAY EXPLICATIVA RADIANT / 8$ = Análise Tracker | !analise | @oantunesz on socials | !otimizacao | !tipspace | SUB = GRUPO NO WPP,"['Valorant', 'Radiante', 'Português', 'fps', 'Competitivo', 'Ranked', 'English', 'viper', 'nerd', 'holidayhoopla']",[],False
562,2025-05-10 12:14,729,fortnite,True,imoonelfa,pt,Fortnite,🚀 FARM INSANO ou SÓ CHORO E RAGE? 💀 | Código: ELFA 🛒 | ❗jogar ❗discord ❗insta ❗comandos @imoonelfa VEM JOGAR 🤍,"['Português', 'Fortnite', 'jogandocomochat', 'Brasil', 'GamesAndChatting', 'fortnitewithchat', 'jogandofortnite']",[],False
562,2025-05-10 12:14,729,fortnite,False,CORALtv_,pt,Fortnite,SORTEIO + JOGANDO COM O CHAT ✨ USE CODE: COORAL #AD ✨!PIX !RESGATE !JOGAR,"['Português', 'Fortnite', 'sorteio', 'VbucksGrátis', 'sorteios', 'vbucks', 'jogandocomespectadores']",[],False
562,2025-05-10 12:14,729,fortnite,False,Xerekiss,pt,Fortnite,(SORTEIO) LIVE DE 12 HORAS! | LOJINHA RENOVADA (❗loja) | CODE: XEREKISS #ad,"['Português', 'Brasil', 'fps', 'Fortnite', 'Portugal', 'battleroyale']",[],False
563,2025-05-10 12:28,1024,grand-theft-auto-v,False,Mexicano,pt,Grand Theft Auto V,[+18 CPX] MEXICANO TA NA CITY ❗PIX ❗minter ❗entrevista ❗sorteio ❗hl ❗churrasco,"['complexorp', 'grota', 'gtm', 'rp', 'grotacpx', 'Português', 'fivem', 'FiveMRolePlay']",['MatureGame'],False
563,2025-05-10 12:29,1024,grand-theft-auto-v,False,NTV_Games,pt,Grand Theft Auto V,🔞 🟢RERUN🟢 🔫💸⚗️ D.r - Walter White na ativa ⚗️💸🔫❗Comandos ❗Pix ❗Instagram ❗tiktok ❗Rs pedir musica..,['Português'],['MatureGame'],False
563,2025-05-10 12:29,1024,grand-theft-auto-v,False,Sthe,pt,Grand Theft Auto V,[+18] [CPX] Live curta ❤ ❗insta ❗discord ❗pix ❗CPX,"['cpx', 'complexo', 'GAEP', 'RP', 'Português']",['MatureGame'],False
564,2025-05-10 12:48,807,ea-sports-fc-25,False,paivinha29,pt,EA Sports FC 25,HARRY KANE 97 NA WL BUNDESLIGA+ HYPE DAS 14HR.  !CURSO  !COINS  !TRUST,['Português'],[],False
564,2025-05-10 12:48,807,ea-sports-fc-25,False,DiogoSena,pt,EA Sports FC 25,RECONSTRUINDO O VALENCIA | EA FC 25,"['callofduty', 'fifa', 'nba2k', 'f124', 'gaming', 'Português']",[],False
564,2025-05-10 12:48,807,ea-sports-fc-25,False,miguelitodoarrocha,pt,EA Sports FC 25,💥WL TOTS DA BUNDERLIGA!!  !! bem vindos a live do Miguelito do arrocha,"['Português', 'Portugal', 'Competitivo', 'resenha', 'Resenhando', 'ultimateteam', 'fifa', 'EAFC', 'eafc25', 'eafcsports']",[],False
565,2025-05-10 16:01,1003,roblox,True,oFredizin,pt,ROBLOX,LIVE INFINITA ATE FAZER O SUNG VANGUARD NO ANIME VANGUARDS! 🪐 !lojarobux !apoiador,"['Português', 'Anime', 'roblox', 'minecraft', 'pixelmon', 'LurkFriendly', 'gaming', 'Chatting', 'PokemonCommunityGame']",[],False
565,2025-05-10 16:01,1003,roblox,False,FatalityPCM,pt,ROBLOX,RERUN 🟢 GAME PLAY CRIMINOSA 🟢 UPANDO ATÉ O LEVEL MÁXIMO  🟢 BLOXFRUITS,"['Português', 'Brasil', 'gameplay', 'PvP', 'bloxfruits', 'MMORPG', 'robux', 'LATAM', 'English', 'Español']",[],False
565,2025-05-10 16:01,1003,roblox,False,ANDRETVfps,pt,ROBLOX,DIA 02- O MELHOR EM SER O PIOR! #BLOXFRUITS,"['português', 'roblox', 'bloxfruit', 'sónaconversa', 'English', 'leviathan', 'robux', 'bloxfruits', 'Português']",[],False
566,2025-05-10 16:21,921,overwatch-2,False,thallew966,pt,Overwatch 2,Sabadou com livezinha extra 🫡 ¦ Me ajuda com a meta de subs? [27/40] ♥️ !pix,['Português'],[],False
566,2025-05-10 16:21,921,overwatch-2,False,kaori_game,pt,Overwatch 2,Sabadou com s de preguiça ... nao pera !pistola !clipe !discord !pix,"['overwatch', 'fortnite', 'minecrafit', 'minecraftsurvivor', 'girlgamers', 'sup', 'Português']",[],False
566,2025-05-10 16:21,921,overwatch-2,False,jessieziinha,pt,Overwatch 2,[DROPS ON] 🗣️SABADOU - TEMPORADA NOVA DE OVERWATCH! BORA DE ESTÁDIO!,"['Português', 'Mulher', 'overwatch', 'overwatch2', 'PlayingwithViewers', 'ConversandoComOChat', 'noobstreamer', 'lerdeza', 'TDAH']",['ProfanityVulgarity'],False
567,2025-05-10 16:38,761,ea-sports-fc-25,False,Hairzinho,pt,EA Sports FC 25,PACKS + DME'S E WL MORALS! + !GRUPO + !PARCERIA !REDES !TIKTOK,"['ULTIMATETEAM', 'RAGE', 'ENGRACADO', 'PACKS', 'COMPETITIVO', 'Português', 'Brasil', 'WeekendLeague', 'Portugal', 'Reposição']",[],False
567,2025-05-10 16:38,761,ea-sports-fc-25,True,RovaGool,pt,EA Sports FC 25,🎉RONALDO 95 NA WL DE CLIENTE + ANÁLISE DE TIMES GRATUITAS ❗️coins ❗️futbuynow ❗️trade ❗️cliente ❗️grupo,"['Português', 'Tutorial', 'ultimateteam', 'eafc25', 'Futebol', 'FutebolVirtual', 'fifa25', 'Brasil', 'eafcgameplay']",[],False
567,2025-05-10 16:39,761,ea-sports-fc-25,False,paivinha29,pt,EA Sports FC 25,HARRY KANE 97 NA WL BUNDESLIGA+ HYPE DAS 14HR.  !CURSO  !COINS  !TRUST,['Português'],[],False
568,2025-05-10 16:54,859,grand-theft-auto-v,False,NicolleRodrigues_,pt,Grand Theft Auto V,"+18 GTARP | DEVIDO HORÁRIO, LIVE ON","['Português', 'ＧTA5', 'gtavrproleplay', 'GTARP', 'temarj']",['MatureGame'],False
568,2025-05-10 16:54,859,grand-theft-auto-v,True,dedexzada,pt,Grand Theft Auto V,+18 | MRC MOTOCLUB ? @metropolegg #rumo3k,"['Complexo', 'CidadeAlta', 'Capital', 'Luqu4ta', 'paulinhooloko', 'luan', 'locking', 'tiro', 'gta', 'HolidayHoopla']",['MatureGame'],False
568,2025-05-10 16:54,859,grand-theft-auto-v,False,emitezinFPS,pt,Grand Theft Auto V,+18 [CPX] EP 21º buxa avançado do GAM em QRV | SIGA @emitezinfps ❗sub ❗clip ❗pix ❗doar ❗comands,"['Português', 'emitêzinFPS', 'EmitêP1DeL']",['MatureGame'],True
569,2025-05-10 17:10,1109,the-sims-4,False,linagamer03,pt,The Sims 4,Gameplay de The  Sims 4,"['Português', 'thesims4', 'Thesims4gameplay']",[],False
569,2025-05-10 17:10,1109,the-sims-4,False,CarolslimaGamer,pt,The Sims 4,Vocês decidem tudo,"['Brasil', 'Únicojogador', 'Paratodaafamília', 'Jogadacomdesafio', 'Português']",[],False
569,2025-05-10 17:10,1109,the-sims-4,False,darkpxisdead,pt,The Sims 4,🖤 SUBATHON de NÍVER: Dia 3 🖤 To melhor ebaaaa !pix !subathon !playlist,"['alternativo', 'Garota', 'Gameplays', 'Sarcasmo', 'Terror', 'emo', 'gotica', 'sombrio', 'humor', 'Português']",['ProfanityVulgarity'],False
570,2025-05-10 20:02,654,minecraft,True,ZAKl1k,pt,Minecraft,🟢 MINECRAFT | ⭐ GANHE ASSISTINDO | 🌟 REESTOQUE DIA 10 ou 16 às 18h | !loja !points !prime !sub,"['Português', 'Minecraft']",[],False
570,2025-05-10 20:02,654,minecraft,False,Lissyanna,pt,Minecraft,El Dragon hoje?-  !Bear !RP !instagram !discord !pix !doar,"['Português', 'Reposição']",[],True
570,2025-05-10 20:02,654,minecraft,False,AnimeTvON,pt,Minecraft,RERUN🟢 MINECRAFT - CHUVA E TROVÕES🟢,"['Português', 'Brasil', 'minecrafit', 'Reposição']",[],False
571,2025-05-10 20:16,756,valorant,True,oSumiu,pt,VALORANT,⚡EDUCADOS DIZEM BOA TARDE!⚡MAIN NEON⚡ - 124/180 !pix,"['CALVO', 'RADIANTE', 'PORTUGUÊS', 'COMPETITIVO', 'MULTIPLAYER', 'NEON', 'Português']",['ProfanityVulgarity'],False
571,2025-05-10 20:16,756,valorant,False,a_sennan,pt,VALORANT,"(+18) era meu sonho fazer isso dar certo aqui. Ajudinha? bits 6,90/ subs 9,90 !redes !pix !asenna !verificado #roblox","['Português', 'asenna', 'pedintevirtual', 'LGBT', 'mulhergamer', 'mulheresnatwitch', 'subathon', 'meninasgamers', 'gamergi']",['ProfanityVulgarity'],False
571,2025-05-10 20:16,756,valorant,False,waveigl,pt,VALORANT,🔞+18  WAVEIGL ❤️ APRENDENDO A JOGAR VALORANT +18🔞,['Português'],['ProfanityVulgarity'],True
572,2025-05-10 20:31,1006,counter-strike,False,SLKRETROZADA,pt,Counter-Strike,VOLTAMOS BORA DALE GC @gamersclubcs| CSGO.NET  !otimização @matazera @pezingamer @G44bsMDK   @betaozera,"['portugues', 'competitivo', 'proplayerPortuguês', 'proplayer', 'proplayer', 'CS2', 'cs2counterstrike2', 'cs2major', 'luqueta', 'subathon']",['MatureGame'],False
572,2025-05-10 20:31,1006,counter-strike,True,eLyzao,pt,Counter-Strike,TESTANDO TECLADO NOVO E SORTEIO DE 30 REAIS NO FINALDA LIVE  !TICKET     ❗Nesha ❗iox +18,['Português'],['MatureGame'],False
572,2025-05-10 20:31,1006,counter-strike,False,BrunoBalloni,pt,Counter-Strike,🔴RERUN!!! -> ❗regraloja❗farm ❗sub ❗msg ❗loja,"['Português', 'fps', 'Brasil', 'counterstrike', 'cs', 'cs2', 'brazil']",['MatureGame'],False
573,2025-05-10 20:50,910,grand-theft-auto-v,False,NicolleRodrigues_,pt,Grand Theft Auto V,"+18 GTARP | DEVIDO HORÁRIO, LIVE ON","['Português', 'ＧTA5', 'gtavrproleplay', 'GTARP', 'temarj']",['MatureGame'],False
573,2025-05-10 20:50,910,grand-theft-auto-v,False,CarlitoP1_,pt,Grand Theft Auto V,[CDA] NOVOS SPEED? RECRUTAMENTO e Acompanhas pelo CIDADE ALTA↠ Siga @carlitop1_,"['Português', 'CIDADEALTA', 'METROPOLE', 'GTARP', 'FIVEM', 'CarlitoP1', 'SPEED']",['MatureGame'],False
573,2025-05-10 20:50,910,grand-theft-auto-v,False,emitezinFPS,pt,Grand Theft Auto V,+18 [HYPE - RP] EP 21º buxa avançado do GAM em QRV | SIGA @emitezinfps ❗sub ❗clip ❗pix ❗doar ❗comands,"['Português', 'emitêzinFPS', 'EmitêP1DeL']",['MatureGame'],True
574,2025-05-10 21:08,873,league-of-legends,False,Buerinho,pt,League of Legends,BUSCANDO CHALLENGER DE SUPORTE !LIVEPIX !DESAFIO !leonbet,"['Português', 'suporte', 'ADC', 'Challenger', 'Janna', 'Lulu', 'soraka', 'Grãomestre', 'mestre', 'Gostoso']",[],False
574,2025-05-10 21:08,873,league-of-legends,True,Akrinuss,pt,League of Legends,!privacy -  DICAS p subir de elo l Mestre !cortes !duo !analise !abt !facinho,"['Português', 'Reposição']",[],False
574,2025-05-10 21:08,873,league-of-legends,False,Baiano,pt,League of Legends,🟢 LTA Norte: 100T 1 x 1 SR | #LTA Official Co-stream - Round 6 🟢🌴 !grupo !kbmidl,['Português'],[],False
575,2025-05-11 00:01,655,marvel-rivals,True,Reiduardo,pt,Marvel Rivals,👑 DIA DE SUBATHON! 👑,"['LGBTQIAPlus', 'Relax', 'PRIME', 'Brasil', 'Português', 'Jogadacasual', 'jogandocomamigos', 'EspaçoSeguro', 'legalize']",[],False
575,2025-05-11 00:01,655,marvel-rivals,False,ckgeek,pt,Marvel Rivals,"O PAI TA ON, CONCERTANDO A ESCORREGADA.",['Português'],[],False
575,2025-05-11 00:01,655,marvel-rivals,False,amohrte,pt,Marvel Rivals,O INACREDITAVEL ACONTECEU,"['overwatch', 'amohrte', 'ptbr', 'fps', 'marvel', 'marvelrivalsgameplay', 'marvelrivals', 'English', 'DayZ', 'Thirdpersonshooter']",['ProfanityVulgarity'],False
576,2025-05-11 00:14,788,sea-of-thieves,True,iShadowWolf_,pt,Sea of Thieves,(+18) Livezinha Muito Doida!   ||   (❗comandos ❗metas ❗drops)   ||   (Epic Code: SHADOWOLF),['Português'],[],False
576,2025-05-11 00:14,788,sea-of-thieves,False,GalleraPro,pt,Sea of Thieves,Sot test PT-BR Tiro porrada e bomba.,"['Português', 'PvE', 'jogo']",['ProfanityVulgarity'],False
576,2025-05-11 00:15,788,sea-of-thieves,False,xerosa,pt,Sea of Thieves,jogando jogadinho,"['English', 'Português']",[],False
577,2025-05-11 00:30,642,league-of-legends,False,Akrinuss,pt,League of Legends,!privacy -  DICAS p subir de elo l Mestre !cortes !duo !analise !abt !facinho,"['Português', 'Reposição']",[],False
577,2025-05-11 00:30,642,league-of-legends,False,tyyblackthorn,pt,League of Legends,SoloQ | !meta !pix,"['Português', 'LGBT', 'Gay', 'Aphelios', 'Depressão', 'Hwei', 'Viktor', 'TDAH']",[],False
577,2025-05-11 00:30,642,league-of-legends,False,a_sennan,pt,League of Legends,"(+18) era meu sonho fazer isso dar certo aqui. Ajudinha? bits 6,90/ subs 9,90 !redes !pix !asenna !verificado #roblox","['Português', 'asenna', 'pedintevirtual', 'LGBT', 'mulhergamer', 'mulheresnatwitch', 'subathon', 'meninasgamers', 'gamergi']",['ProfanityVulgarity'],False
578,2025-05-11 00:43,652,fortnite,False,Nikao_s,pt,Fortnite,BORA DE LIVE ---- CÓDIGO DE APOIADOR NIKAOS [+18],"['Português', 'Fortnite', 'Português', 'Brasil', 'Inglês']",[],False
578,2025-05-11 00:43,652,fortnite,True,museblossom,pt,Fortnite,"jogando Fortnite com o chat, entra ai meo !pix !amazon !donate !redes",['Português'],[],False
578,2025-05-11 00:43,652,fortnite,False,TinnixTV,pt,Fortnite,🔴REPRISE❗Nova Temporada ⚔️🚀Fortnite❤️ 🔫  !discord !pc !prime !pix !tiktok,"['Brasil', 'França', 'JogandoSolo', 'drop', 'dropon', 'fortnite', 'Portugal', 'EUA', 'Português', 'TwitchRecap']",[],False
579,2025-05-11 00:57,840,ea-sports-fc-25,False,tecafut66,pt,EA Sports FC 25,MELHORIAS ATRÁS DOS TOTS / WL / TECAFUT66 / EAFC,['Português'],[],False
579,2025-05-11 00:57,840,ea-sports-fc-25,True,eLyzao,pt,EA Sports FC 25,TESTANDO TECLADO NOVO E SORTEIO DE 30 REAIS NO FINALDA LIVE  !TICKET     ❗Nesha ❗iox +18,['Português'],[],False
579,2025-05-11 00:57,840,ea-sports-fc-25,False,Daviizaoo,pt,EA Sports FC 25,MONTANDO TIME NOVO PARA A CONTA DAS MINA !yt !livepix !4213,"['Português', 'fifenzo', 'paivinha29', 'eafc24', 'ultimateteam', 'marvelrivals', 'eafc25']",[],False
580,2025-05-11 08:01,729,counter-strike,True,sabotage_cs2,pt,Counter-Strike,🟢🎌 Rumo aos 30k ! É o grind .  !sortei !insane !topskin,"['PortuguêsBR', 'sorteios', 'CS2', 'Brasil', 'csgo', 'AMA', 'fps', 'cs', 'farm', 'Competitivo']",['MatureGame'],False
580,2025-05-11 08:01,729,counter-strike,False,aktsue,pt,Counter-Strike,faceit lvl 10 pug,"['English', 'Português']",['MatureGame'],False
580,2025-05-11 08:01,729,counter-strike,False,BrunoBalloni,pt,Counter-Strike,🔴RERUN!!! -> ❗regraloja❗farm ❗sub ❗msg ❗loja,"['Português', 'fps', 'Brasil', 'counterstrike', 'cs', 'cs2', 'brazil']",['MatureGame'],False
581,2025-05-11 08:15,1031,valorant,True,westleysss,pt,VALORANT,STREAM MATINAL MESMO À IMMORTAL,['Português'],[],False
581,2025-05-11 08:15,1031,valorant,False,mwzera,pt,VALORANT,GEN G 1x2 RRQ - GRAND FINAL VCT PACIFICO - !farmskins !sorteio !discord !video !noping !livepix !analise,['Português'],[],False
581,2025-05-11 08:16,1031,valorant,False,Min4to1227,pt,VALORANT,Min4to1227- Valorant - Gameplay Jogando com personagens aleatorios para descobrir com qual sou pior,"['Jogadoresiniciantes', 'Brasil', 'Multijogador', 'Coop', 'valorantgameplay', 'terror', 'Português', 'valorant', 'maconha', 'jogo']",[],False
582,2025-05-11 08:35,672,grand-theft-auto-v,False,mufaking,pt,Grand Theft Auto V,[ LADO LESTE] 131/ 365 / foco 0❗COMANDOS,"['gtav', 'rp', 'Português', 'paulinhooloko', 'fivem', 'GTARP', 'LadoLesteRP', 'ladolesteroleplay']",['MatureGame'],False
582,2025-05-11 08:35,672,grand-theft-auto-v,True,RyanFeer,pt,Grand Theft Auto V,SUBATHON | Feliz Dia Das Maes | !Donate  | !Pix,"['Português', 'CDA', 'gta', 'fivem', 'RP', 'PvP', 'metropole', 'cpx', 'CAPITAL', 'ProdigyRP']",['MatureGame'],False
582,2025-05-11 08:35,672,grand-theft-auto-v,False,tokyorp__,pt,Grand Theft Auto V,+18 (CAPITAL) TOKYO DO BOPE 🔪💀 |  !subathon !paypal !pix,['Português'],['MatureGame'],False
583,2025-05-11 08:49,769,minecraft,True,ZAKl1k,pt,Minecraft,🟢 MINECRAFT | ⭐ GANHE ASSISTINDO | 🌟 REESTOQUE DIA 10 ou 16 às 18h | !loja !points !prime !sub,"['Português', 'Minecraft']",[],False
583,2025-05-11 08:49,769,minecraft,False,Ferthel,pt,Minecraft,|| HF Jurassic || Live37 || Objetivo: conseguir a semente de XP (Mystical Agriculture),"['MinecraftJavaEditon', 'pngtuber', 'PNGtuberBR', 'Português', 'HFJurassic', 'minecraftmodpack', 'thedawnera', 'unusualprehistory', 'Prehistoricfaunamod', 'mysticalagriculture']",[],False
583,2025-05-11 08:49,769,minecraft,False,AnimeTvON,pt,Minecraft,RERUN🟢 MINECRAFT - CHUVA E TROVÕES🟢,"['Português', 'Brasil', 'minecrafit', 'Reposição']",[],False
584,2025-05-11 12:02,959,fortnite,False,fastkiller16_,pt,Fortnite,Vamos errar os bonecos e ser carregados,"['Português', 'Inglês']",[],False
584,2025-05-11 12:02,959,fortnite,False,0rato_,pt,Fortnite,CODIGO DE APOIADOR (RATO) #AD❗dc❗paypal ❗trio   ❗earnings ❗ idade ❗pix ❗code❗tiktok,"['Português', 'fortnitezerobuild', 'Fortnite', 'drpshabilitados', 'AMA', 'Jogadoresiniciantes', 'Competitivo', 'beroroyale', 'dicas', 'Receptivo']",[],False
584,2025-05-11 12:02,959,fortnite,False,souuthy,pt,Fortnite,FELIZ DIAS DAS MAES !! - Siga @souuthy nas redes sociais,['Português'],[],False
585,2025-05-11 12:21,656,the-sims-4,False,Reckpt,pt,The Sims 4,Deixei o CS para formar família! <3,['Português'],[],False
585,2025-05-11 12:21,656,the-sims-4,True,miaunoir,pt,The Sims 4,5 | feliz dia das maes e to doente (mim de,"['Português', 'minecraft', 'Brasil', 'English']",[],False
585,2025-05-11 12:21,656,the-sims-4,False,XpEricaqX,pt,The Sims 4,BOM DIA✨- !dc !help,"['WomenGamers', 'Chattingstream', 'English', 'Português', 'thesims4']",[],False
586,2025-05-11 12:34,767,valorant,False,JotaEZ_,pt,VALORANT,"🔞Jogando solo, por enquanto...  -  #avantejuventus ❗Pix ❗Instagram ❗Ds ❗Elo ❗Pc ❗minidrop ❗mira","['valorant', 'VALORANＴ', 'sonic', 'CS2', 'juventusgaming', 'juve', 'juventus', 'aspas', 'Português']",[],True
586,2025-05-11 12:34,767,valorant,False,carolziinha__,pt,VALORANT,Oiii bom diaaa✨  !ttk !elo !insta !pix,"['meninas', 'girlgamers', 'Português', 'valorantcompetetive', 'valorantgameplay', 'riotgames', 'streamergirl', 'Competitive', 'mulhereslindas']",['ProfanityVulgarity'],False
586,2025-05-11 12:34,767,valorant,False,TcK10,pt,VALORANT,QUE SUA MÃE TRANSBORDE DE FELICIDADE HOJE :) C9 TCKU RADIANTE SEMPRE MIRA PERSPICAZ -  🏆 !GROWTH !SUPERBET🏆Siga em @tck10,"['melhordomundo', 'radiante', 'incrível', 'valorant', 'Português']",[],False
587,2025-05-11 12:50,1120,ea-sports-fc-25,False,cecilia_1707,pt,EA Sports FC 25,FINAL DA WL + OBJETIVOS E PACKS | Toca Pra Elas | !coach !yt !comandos !pix !grupo,"['MULHER', 'FUTEBOL', 'RESENHA', 'Português', 'Portugal', 'Brasil', 'Benfica']",[],False
587,2025-05-11 12:50,1120,ea-sports-fc-25,True,oBruxoFut,pt,EA Sports FC 25,✨ WL ESPECIAL DIA DAS MÃES ❗️tema ❗️sorteio ❗️lurdinha,"['Português', 'muitoelegante', 'charmoso', 'bonito', 'inteligente', 'carismático', 'educado', 'proplayer', 'futebol', 'fitness']",[],False
587,2025-05-11 12:50,1120,ea-sports-fc-25,False,miguelitodoarrocha,pt,EA Sports FC 25,💥DOMINGÃO DE WL TOTS DA BUNDERLIGA!!  !! bem vindos a live do Miguelito do arrocha,"['Português', 'Portugal', 'Competitivo', 'resenha', 'Resenhando', 'ultimateteam', 'fifa', 'EAFC', 'eafc25', 'eafcsports']",[],False
588,2025-05-11 13:11,756,league-of-legends,False,LTASul,pt,League of Legends,"FUR 0x1 FXW7 | LTA Sul: Semana 6, Dia 2 | Segunda Etapa 2025 | Fase de Grupos (Md3)","['Português', 'LoL', 'LeagueofLegends', 'LTASul', 'LTA', 'DropsAtivados']",[],False
588,2025-05-11 13:11,756,league-of-legends,True,Baiano,pt,League of Legends,🟢 LTA Sul: FUR 0 x 1 FXW7 | #LTA Official Co-stream - Round 6 🟢🌴 !grupo !kbmidl,['Português'],[],False
588,2025-05-11 13:11,756,league-of-legends,False,BloodMila,pt,League of Legends,SHYVANA QUEIMANDO QUALQUER UM QUE ENTRAR NO MEU CAMINHO,"['Vtuber', 'Português', 'English', 'LGBTQFriendly', 'LGBT', 'VtuberEN', 'VtuberBR', 'femalevtuber', 'MommyGamer', 'leagueoflegends']",[],False
589,2025-05-11 16:01,1093,minecraft,False,ZAKl1k,pt,Minecraft,🟢 MINECRAFT | ⭐ GANHE ASSISTINDO | 🌟 REESTOQUE DIA 10 ou 16 às 18h | !loja !points !prime !sub,"['Português', 'Minecraft']",[],False
589,2025-05-11 16:01,1093,minecraft,True,AnimeTvON,pt,Minecraft,RERUN🟢 MINECRAFT - CHUVA E TROVÕES🟢,"['Português', 'Brasil', 'minecrafit', 'Reposição']",[],False
589,2025-05-11 16:01,1093,minecraft,False,yBiianca,pt,Minecraft,SUBATHON INICIADO!!  (Dia 05) | Haller 01 da Meraki | Cidade dos Anjos | +18,['Português'],[],False
590,2025-05-11 16:21,879,fortnite,True,kaori_game,pt,Fortnite,Mas bah que fri baum [FELIZ DIA DAS MÃES 💕] !pistola !clipe !discord !pix,"['overwatch', 'fortnite', 'minecrafit', 'minecraftsurvivor', 'girlgamers', 'sup', 'Português']",[],False
590,2025-05-11 16:22,879,fortnite,False,1pirata16,pt,Fortnite,Jogando Com o Chat | Use o Code: 1PIRATA16 | 😳🏴‍☠️  | !Pix !Loja !Comandos,['Português'],[],False
590,2025-05-11 16:22,879,fortnite,False,MiaSlv,pt,Fortnite,VEM JOGAR COMIGO !!! |USE CODE MIASLV NA LOJA!| !pix !jogar !tiktok !mapa,"['Português', 'Fortnite', 'Girl', 'Ranked', 'React', 'fps', 'battleroyale', 'Ruiva']",[],True
591,2025-05-11 16:38,765,league-of-legends,False,LTASul,pt,League of Legends,"LOUD 1x1 RED | LTA Sul: Semana 6, Dia 2 | Segunda Etapa 2025 | Fase de Grupos (Md3)","['Português', 'LoL', 'LeagueofLegends', 'LTASul', 'LTA', 'DropsAtivados']",[],False
591,2025-05-11 16:38,765,league-of-legends,False,Baiano,pt,League of Legends,🟢 LTA Sul: LOUD 1 x 1 RED | #LTA Official Co-stream - Round 6 🟢🌴 !grupo !kbmidl,['Português'],[],False
591,2025-05-11 16:38,765,league-of-legends,False,MissVinum,pt,League of Legends,TREINAMENTO E CINEMÃO 💜VIVENDO DA MINHA ARTE 💜 🎆DIA 128🎆 ❗caneca ❗cinema ❗regras ❗sr ❗pix ❗leilão ❗sons ❗sub,['Português'],[],False
592,2025-05-11 16:53,1149,valorant,False,DennisRii,pt,VALORANT,loucura sem fim❗pix❗dc❗comandos | faço parte da @tiltgameteam,"['Reposição', 'Português', 'fortinte', 'Bi', 'Brasill', 'minecraftsurivial']",[],False
592,2025-05-11 16:53,1149,valorant,True,sashha,pt,VALORANT,Feliz Dia das Mães pra todas mamães!!! (3° dia de sashhathon)  [+18] !correio !clip !pix !rank !regras !comando [alertas de bits],"['Português', 'pedintevirtual', 'pretacareca', 'kuririn', 'criadorj', 'marrombombom', 'passiva', 'Gay']",[],False
592,2025-05-11 16:53,1149,valorant,False,CREMOSA,pt,VALORANT,VAVAZIN E THE LAST OF US DEPOIS ❗NUUVEM ❗OVERCLOCK ❗GROWTH,['Português'],[],True
593,2025-05-11 20:01,1163,valorant,False,DennisRii,pt,VALORANT,loucura sem fim❗pix❗dc❗comandos | faço parte da @tiltgameteam,"['Reposição', 'Português', 'fortinte', 'Bi', 'Brasill', 'minecraftsurivial']",[],False
593,2025-05-11 20:01,1163,valorant,True,sashha,pt,VALORANT,Feliz Dia das Mães pra todas mamães!!! (3° dia de sashhathon)  [+18] !correio !clip !pix !rank !regras !comando [alertas de bits],"['Português', 'pedintevirtual', 'pretacareca', 'kuririn', 'criadorj', 'marrombombom', 'passiva', 'Gay']",[],False
593,2025-05-11 20:01,1163,valorant,False,waveigl,pt,VALORANT,🔞+18  WAVEIGL ❤️ APRENDENDO A JOGAR VALORANT +18🔞,['Português'],['ProfanityVulgarity'],True
594,2025-05-11 20:23,1186,sea-of-thieves,True,forniinho,pt,Sea of Thieves,Feliz dia das mães! - !qi,"['forninho', 'brasil', 'Português']",[],False
594,2025-05-11 20:23,1186,sea-of-thieves,False,guunnerz,pt,Sea of Thieves,BORA DE FARM! | Conheça os FIGGYZ COLECIONÁVEIS do Sea of Thieves !FIGGYZ | Sea of Thieves |   !PIX !Comandos,"['Brasil', 'Português', 'seaofthieves', 'seaofthievescommunity', 'SeaofThievesgameplay', 'Gunnerz', 'SoTPvp', 'PvE', 'PvEPvP', 'Guunnerz']",[],False
594,2025-05-11 20:23,1186,sea-of-thieves,False,ofernandomaidana,pt,Sea of Thieves,⚓ DOMINGÃO DO PIRATÃO ☠️,"['Português', 'seaofthieves', 'pirata', 'SongRequests', 'songrequest', 'SeaOfThievesPartner', 'SeaofThievesgameplay', 'English']",[],False
595,2025-05-11 20:44,727,roblox,False,SophyySol,pt,ROBLOX,Sol's RNG 24/7! 💜 !Meta !Loja !Discord !Pix,"['Português', 'English', 'Vtuber', 'LGBT', 'Trans', 'femboy', 'ragnatales', 'ravenquest']",[],False
595,2025-05-11 20:45,727,roblox,True,tyyblackthorn,pt,ROBLOX,CineTy | Todo Mundo em Pânico 2 | !meta !pix,"['Português', 'LGBT', 'Gay', 'Aphelios', 'Depressão', 'Hwei', 'Viktor', 'TDAH']",[],False
595,2025-05-11 20:45,727,roblox,False,RobertaHaas,pt,Just Chatting,[+18] AEEEEEEE,"['Português', 'LoiraX', 'FazoL']",[],False
596,2025-05-11 20:59,1105,league-of-legends,True,raiakihito,pt,League of Legends,"Pai do Verde Challenger jogando sem Ivern até o Challenger, boa noite :D ❗Coach !hu3inhouse","['Português', 'pop', 'kpop', 'Challenger', 'Ivern', 'egirl', 'gostosa', 'verdinha', 'beck', 'packdopé']",[],False
596,2025-05-11 20:59,1105,league-of-legends,False,TwitchManiaco1,pt,League of Legends,Trabalhos - !loja,"['Português', 'rato', 'monochamp', 'lol', 'jungle', 'Esquizofrenia', 'depressão', 'Challenger', 'VASCO']",[],True
596,2025-05-11 20:59,1105,league-of-legends,False,Baiano,pt,League of Legends,🔴 LTA Sul: FUR x FXW7 🔴 🌴 AMANHÃ LPL às 06:00 !grupo [RETRANSMISSÃO] !status !kbmidl,['Português'],[],False
597,2025-05-12 00:02,745,marvel-rivals,True,Dilascio_,pt,Marvel Rivals,O NOVO PC CHEGOU!! !tierlist,"['Português', 'Competitivo', 'Conversa', 'top500', 'overwatch', 'English']",[],False
597,2025-05-12 00:02,745,marvel-rivals,False,piVini_,pt,Marvel Rivals,O de sempre,"['Português', 'English', 'Russian', 'espanhol']",[],False
597,2025-05-12 00:02,745,marvel-rivals,False,ckgeek,pt,Marvel Rivals,AQUELA PLAY DE MARVEL E DEPOIS REPO! ✅RERUN✅,['Português'],[],False
598,2025-05-12 00:17,819,league-of-legends,False,hastad,pt,League of Legends,hastad - VAYNE IS MY MAIN - soloQ BR,"['Challenger', 'Português', 'Vayne']",[],False
598,2025-05-12 00:17,819,league-of-legends,False,Akrinuss,pt,League of Legends,!privacy -  DICAS p subir de elo l Mestre !cortes !duo !analise !abt !facinho,"['Português', 'Reposição']",[],False
598,2025-05-12 00:17,819,league-of-legends,False,ClovaoBengala,pt,League of Legends,High elo adc main omg !hr !pix !social,['Português'],[],True
599,2025-05-12 00:33,735,fortnite,True,Rochanzin,pt,Fortnite,GRIND E AFINS l USE CODE ROCHAN #ad !add !exitlag !livepix,"['Português', 'Rochanzin', 'rochan', 'fortnite', 'rankedfortnite']",[],False
599,2025-05-12 00:33,735,fortnite,False,Panic_Hs,pt,Fortnite,👑 nova temporada 👑 drops on 👑,['Português'],[],False
599,2025-05-12 00:33,735,fortnite,False,ShowZinN,pt,Fortnite,COLA AI SOU LEGAL  =D  #USE CODE SHOWZIN #ad ❗️EARNINGS ❗️PIX ❗️Onlyfas ❗️Jogar ❗️Fila ❗️Sair ❗️msg,"['Português', 'AMA', 'JogarComEspetadores', 'Casual']",[],False
600,2025-05-12 00:48,995,overwatch-2,True,peachy_yumi,pt,Overwatch 2,"🍑 feliz dia das mães pra vocês e pra mim tambem né, sendo uma mãe curando todos nessa fila ranqueada - mestre main kiri","['OverwatchCreator', 'OW2Brasil', 'Português', 'English', 'OW2STADIUM', 'safeplace', 'kiriko', 'juno', 'freja']",[],False
600,2025-05-12 00:48,995,overwatch-2,False,gleycex,pt,Overwatch 2,"Se alguém souber como que ganha, me avisa","['Português', 'overwatch2']",[],False
600,2025-05-12 00:48,995,overwatch-2,False,exexeboy,pt,Overwatch 2,upando passe,"['Portuguese', 'Português']",[],False
601,2025-05-12 01:06,1016,grand-theft-auto-v,False,jacarepereira,pt,Grand Theft Auto V,"+18 GTARP [CAPITAL] Mano a Mano  pra mim é esporte""",['Português'],['MatureGame'],False
601,2025-05-12 01:06,1016,grand-theft-auto-v,False,miinagames_,pt,Grand Theft Auto V,+18 CDAnjos | DOMINGOOOU | 100% NO FOCO | MIA NIDUS | ep12 !PIX !SUB,"['português', 'metropole', 'metropolegg', 'gtarp', 'CDA', 'RP', 'CDAnjos', 'cidadeanjos', 'Português']",['MatureGame'],False
601,2025-05-12 01:06,1016,grand-theft-auto-v,False,CriaPlayer,pt,Grand Theft Auto V,🎃GOTHAM CITY🎃 #112 FELIZ DIA DAS MÃES PRA TODAS QUE SÃO MÃES DE VERDADE! #VdgPraKrlh #TropaDosDodóis !gotham !fancam !TDD,['Português'],"['MatureGame', 'ProfanityVulgarity']",False
602,2025-05-12 04:01,872,counter-strike,True,Saullo,pt,Counter-Strike,"SORTEIO de uma AK FIRE SERPENT e 2 FACAS HOJE (R$14.000,00) + DEPÓSITO NA CONTA DE VOCÊS + SORTEIO 100 DÓLARES (AO VIVO)","['Português', 'skinscsgo', 'CSGO', 'SORTEIO', 'PIX', 'SKINS', 'FPS', 'Brasil', 'CS2', 'cs2beta']",['MatureGame'],True
602,2025-05-12 04:01,872,counter-strike,False,BrunoBalloni,pt,Counter-Strike,🔴RERUN!!! -> ❗regraloja❗farm ❗sub ❗msg ❗loja,"['Português', 'fps', 'Brasil', 'counterstrike', 'cs', 'cs2', 'brazil']",['MatureGame'],False
602,2025-05-12 04:01,872,counter-strike,False,Zec4w,pt,Counter-Strike,🔥 (+18) Bora trabalhar - MMzin cs2 ~ +99 Q.I - +40 BICEPS❗ @Zec4w,['Português'],['MatureGame'],False
603,2025-05-12 04:19,991,marvel-rivals,True,PJMMA21,pt,Marvel Rivals,XPLOIT RP!!  Bahamas!!!  Gipsy Kings!! Rei Mendes!! CS COM A RAPAZIADA !tipme !paypal !discord,"['Português', 'BR', 'GameFun', 'Reposição']",[],False
603,2025-05-12 04:19,991,marvel-rivals,False,ziggyfury,pt,Marvel Rivals,Marvel Rivals - RUMO AO TOPO !!!,"['portugués', 'VALORANＴ', 'FiveMRolePlay', 'fivemrp', 'Português', 'GTAⅤ', 'GTA5GrandTheftAutoV', 'marvelrivals', 'MarvelRivalsStream']",[],False
603,2025-05-12 04:19,991,marvel-rivals,False,ckgeek,pt,Marvel Rivals,AQUELA PLAY DE MARVEL E DEPOIS REPO! ✅RERUN✅,['Português'],[],False
604,2025-05-12 08:02,1191,grand-theft-auto-v,False,RyanFeer,pt,Grand Theft Auto V,Segundou Magnata,"['Português', 'CDA', 'gta', 'fivem', 'RP', 'PvP', 'metropole', 'cpx', 'CAPITAL', 'ProdigyRP']",['MatureGame'],False
604,2025-05-12 08:02,1191,grand-theft-auto-v,False,evansgaspar,pt,Grand Theft Auto V,Capital role play.  12/05/2025.,"['rp', 'gtav', 'GTAⅤ', 'paulinhooloko', 'capitalcity', 'Rolelplay', 'evans', 'valley', 'CAPITAL', 'foryou']",['MatureGame'],False
604,2025-05-12 08:02,1191,grand-theft-auto-v,False,CarlitoP1_,pt,Grand Theft Auto V,[CDA] SPEED!! Piloto Veterano em QRV! Acompanhas pelo CIDADE ALTA ↠ Siga @carlitop1_,"['Português', 'CIDADEALTA', 'METROPOLE', 'GTARP', 'FIVEM', 'CarlitoP1', 'SPEED']",['MatureGame'],False
605,2025-05-12 08:24,986,minecraft,False,ZAKl1k,pt,Minecraft,🟢 MINECRAFT | ⭐ GANHE ASSISTINDO | 🌟 REESTOQUE DIA 10 ou 16 às 18h | !loja !points !prime !sub,"['Português', 'Minecraft']",[],False
605,2025-05-12 08:24,986,minecraft,True,Ferthel,pt,Minecraft,|| HF Jurassic || Live38 || Objetivo: começar a nossa armadura (Mystical Agriculture),"['MinecraftJavaEditon', 'pngtuber', 'PNGtuberBR', 'Português', 'HFJurassic', 'minecraftmodpack', 'thedawnera', 'unusualprehistory', 'Prehistoricfaunamod', 'mysticalagriculture']",[],False
605,2025-05-12 08:24,986,minecraft,False,AnimeTvON,pt,Minecraft,RERUN🟢 MINECRAFT - CHUVA E TROVÕES🟢,"['Português', 'Brasil', 'minecrafit', 'Reposição']",[],False
606,2025-05-12 08:43,778,overwatch-2,False,txgiovani10,pt,Overwatch 2,Rerun: Treino de cassidy  (!Loja) - Jogos diversos,['Português'],[],False
606,2025-05-12 08:43,778,overwatch-2,True,DocChamorro,pt,Overwatch 2,bom diaaa bora?,"['Português', 'overwatch2', 'marvelrivals']",['ProfanityVulgarity'],False
606,2025-05-12 08:43,778,overwatch-2,False,apricitypt,pt,Overwatch 2,"Caça ativada 🔫, e tu és a presa! 🦌💥 | Testar jogos com 1600 DPI","['Português', 'English', 'spanish', 'overwatch', 'overwatch2', 'overwatch2competitive', 'Trackmania2020']",[],False
607,2025-05-12 12:01,700,counter-strike,True,mwhs,pt,Counter-Strike,Segunda dos felinos Bora ?!comunidade !keydrop compre skins na !scorpions,"['gameplay', 'competitivo', 'professor', 'Português', 'Reposição']",['MatureGame'],True
607,2025-05-12 12:01,700,counter-strike,False,LYRAFPS,pt,Counter-Strike,Sorteios de skins e lojinha online é só aqui na live do Lyrão! - @gamersclubcs ❗COMANDOS ❗Insane,"['Português', 'gamestreaming', 'counterstrike2', 'CS2', 'gamersclub', 'Paraná']",['MatureGame'],False
607,2025-05-12 12:01,700,counter-strike,False,BrunoBalloni,pt,Counter-Strike,🔴RERUN!!! -> ❗regraloja❗farm ❗sub ❗msg ❗loja,"['Português', 'fps', 'Brasil', 'counterstrike', 'cs', 'cs2', 'brazil']",['MatureGame'],False
608,2025-05-12 16:01,1023,overwatch-2,False,MajinOW2,pt,Overwatch 2,iiiiiiiiiiiiiiiiiiiooiiiiiiiiiiiiiiiiiiiiiiiiiiiiioioioioioioioioioioioioio,"['Português', 'Overｗatch2', 'Overwatch', 'Ana', 'Reinhardt', 'Lucio', 'Bastion']",[],False
608,2025-05-12 16:01,1023,overwatch-2,False,kaori_game,pt,Overwatch 2,Segunda feira outra vez >:(    !pistola !clipe !discord !pix,"['overwatch', 'fortnite', 'minecrafit', 'minecraftsurvivor', 'girlgamers', 'sup', 'Português']",[],False
608,2025-05-12 16:01,1023,overwatch-2,False,Elllandria,pt,Overwatch 2,🔴 Cheguei! #Overwatch2 #OverwatchCreators #OW2Stadium #OW2GundamWing Tem sorteio no ar do pacotaço Gundam Wing! !sorteio,"['Português', 'PC', 'Competitivo', 'marvelrivals', 'OverwatchCreators', 'Overｗatch2', 'MarvelRivalsPartner', 'HellfireGala', 'OW2Stadium', 'OW2Brasil']",[],False
609,2025-05-12 16:21,1148,ea-sports-fc-25,False,ThataGamerX,pt,EA Sports FC 25,"WL da Bundes |  Coach por R$19,90 ❗ACADEMIAFC ❗PIX 💸 ❗SUB 💜","['Português', 'girl', 'futebol', 'batepapo', 'videogame', 'EAFC', 'eafc25', 'variedades']",[],False
609,2025-05-12 16:21,1148,ea-sports-fc-25,False,Hairzinho,pt,EA Sports FC 25,WL MORALS + HYPE DAS 14 + DME'S E RECOMPENSAS! + !GRUPO + !PARCERIA !REDES !TIKTOK,"['ULTIMATETEAM', 'RAGE', 'ENGRACADO', 'PACKS', 'COMPETITIVO', 'Português', 'Brasil', 'WeekendLeague', 'Portugal', 'Reposição']",[],False
609,2025-05-12 16:21,1148,ea-sports-fc-25,False,IsraelPirata,pt,EA Sports FC 25,CLUBS DAS PATIFARIA !PIX !CLUBE,"['callofduty', 'warzone', 'fps', 'JogadaCasual', 'subathon', 'Português', 'English', 'RPG', 'Fortnite', 'FinalFantasy']",[],False
610,2025-05-12 16:42,1134,fortnite,False,NYKAGAMER_,pt,Fortnite,FELIZ DIA DAS MÃES ❗️code ❗️LIVEPIX ❗️Onlyfans ❗️Comandos ❗️Discord ❗️Clip,"['Fortnite', 'Português', 'Mulher', 'brasil', 'Español', '한국어', 'Русский', '漢語', 'ภาษาไทย', '日本語']",[],False
610,2025-05-12 16:42,1134,fortnite,False,0rato_,pt,Fortnite,CODIGO DE APOIADOR (RATO) #AD❗dc❗paypal ❗trio   ❗earnings ❗ idade ❗pix ❗code❗tiktok,"['Português', 'fortnitezerobuild', 'Fortnite', 'drpshabilitados', 'AMA', 'Jogadoresiniciantes', 'Competitivo', 'beroroyale', 'dicas', 'Receptivo']",[],False
610,2025-05-12 16:42,1134,fortnite,False,GUU_FORTNITE,pt,Fortnite,"FARME V-BUCKS GRATIS ASSISTINDO LIVE !LOJA !exitlag , APOIE GUU NA LOJA DE ITENS,","['Fortnite', 'lojadehojefortnite', 'Apoieumcriador', 'JOGOFORTNITE', 'VbucksGrátis', 'gratisvbucks', 'LOJADEITENS', 'Português', 'dropsfortnite']",[],False
611,2025-05-12 17:04,681,minecraft,True,ZAKl1k,pt,Minecraft,🟢 MINECRAFT | ⭐ GANHE ASSISTINDO | 🌟 REESTOQUE DIA 10 ou 16 às 18h | !loja !points !prime !sub,"['Português', 'Minecraft']",[],False
611,2025-05-12 17:04,681,minecraft,False,aFranzita,pt,Minecraft,LIVE DE MISERICÓRIDA | Minecraft Survival,"['PortuguêsBR', 'Português', 'mulherjogando', 'localseguro', 'aventura', 'noobstreamer', 'minecraft', 'survival']",[],False
611,2025-05-12 17:04,681,minecraft,False,AnimeTvON,pt,Minecraft,RERUN🟢 MINECRAFT - CHUVA E TROVÕES🟢,"['Português', 'Brasil', 'minecrafit', 'Reposição']",[],False
612,2025-05-12 20:01,911,counter-strike,False,shadowsganjaking,pt,Counter-Strike,🔞 VEM F1 COM NOIX - LEGALIZANDO O CS2 E A TWITCH -  | !PIX |!loja| !CUPOM|,"['maconha', '420', 'CS2', 'Brasil', 'portugues', 'ganja', 'brasileiro', 'counterstrike', 'Cannabis', 'CannabisCommunity']",['MatureGame'],False
612,2025-05-12 20:01,911,counter-strike,False,darkpxisdead,pt,Counter-Strike,🖤 SUBATHON de NÍVER: Dia 4 🖤 anusversario !pix !subathon !playlist,"['alternativo', 'Garota', 'Gameplays', 'Sarcasmo', 'Terror', 'sombrio', 'humor', 'Português']","['MatureGame', 'ProfanityVulgarity']",False
612,2025-05-12 20:01,911,counter-strike,False,BrunoBalloni,pt,Counter-Strike,🟢SEGUNDINHA DE FACEIT -> ❗regraloja❗farm ❗sub ❗msg ❗loja,"['Português', 'fps', 'Brasil', 'counterstrike', 'cs', 'cs2', 'brazil']",['MatureGame'],False
613,2025-05-12 20:19,779,league-of-legends,False,LTASul,pt,League of Legends,VKS 1x0 SCCP | Semana 9 - Dia 1 | Circuito Desafiante 2025 - Etapa 1 (Md3),"['Português', 'LoL', 'LeagueofLegends', 'LTASul', 'LTA']",[],False
613,2025-05-12 20:19,779,league-of-legends,False,tyyblackthorn,pt,League of Legends,SoloQ | Live Curtinha | !meta !pix,"['Português', 'LGBT', 'Gay', 'Aphelios', 'Depressão', 'Hwei', 'Viktor', 'TDAH']",[],False
613,2025-05-12 20:19,779,league-of-legends,False,a_sennan,pt,League of Legends,"⭐⭐ HOJE É MEU ANIVERSARIO, PARABENS ⭐⭐ / bits 6,90/ subs 9,90 !redes !pix !asenna !verificado","['Português', 'asenna', 'pedintevirtual', 'LGBT', 'mulhergamer', 'mulheresnatwitch', 'subathon', 'meninasgamers', 'gamergi']",['ProfanityVulgarity'],False
614,2025-05-12 20:34,949,overwatch-2,False,MissVinum,pt,Overwatch 2,TREINAMENTO DE MUSA 💜VIVENDO DA MINHA ARTE 💜 🎆DIA 129🎆 ❗caneca ❗cinema ❗regras ❗sr ❗pix ❗leilão ❗sons ❗sub,['Português'],[],False
614,2025-05-12 20:34,949,overwatch-2,True,FireOni1,pt,Overwatch 2,Upando o passe !loja !pix,['Português'],[],False
614,2025-05-12 20:34,949,overwatch-2,False,iMartynFox,pt,Overwatch 2,[+18|PT-BR/EN] ❗SORTEIO HOJE PACOTE INICIAL ❗PIX | #OverwatchCreator #OW2Brasil #OverwatchStadium | CÓDIGO DE CRIADOR EPIC GAMES @iMARTYNFOX,['Português'],[],True
615,2025-05-13 00:01,971,roblox,True,SophyySol,pt,ROBLOX,Sol's RNG 24/7! 💜 !Meta !Loja !Discord !Pix,"['Português', 'English', 'Vtuber', 'LGBT', 'Trans', 'femboy', 'ragnatales', 'ravenquest']",[],False
615,2025-05-13 00:01,971,roblox,False,ORIGETV,pt,ROBLOX,BORA UM ROBLOX? | !lurk !pix !dc !steam !roblox,"['PTBR', 'Português', 'ação', 'estratégia', 'roblox', 'robloxgames', 'robloxlives', 'robloxptbr', 'RPG', 'simulação']",[],False
615,2025-05-13 00:01,971,roblox,False,FurySeiva,pt,ROBLOX,🔥🎮 Segunda! Jogando Roblox !!!! Bora o/ !!! #roblox #Ad #Sponsorship | @furyseiva 🎮🔥,"['eua', 'portugal', 'Brasil', 'aconchegante', 'Indie', 'primeiravez', 'fortnite', 'frontpage', 'Português']",[],True
616,2025-05-13 00:20,753,valorant,True,mafiiosa62,pt,VALORANT,💥Rankeds Vava💥 !pix !loja | @bahdadu @angelotuna @ynicolet (+18) 🔞,"['mulher', 'justchatting', 'Competitivo', 'LGBTQIAMais', 'valorant', 'Fortnite', 'Português', 'TheLastofUsPartll']",[],False
616,2025-05-13 00:20,753,valorant,False,sashha,pt,VALORANT,"oiiiiii gente, bora ajudar a pretinha ai? (4° dia de sashhathon)  [+18] !correio !clip !pix !rank !regras !comando [alertas de bits]","['Português', 'pedintevirtual', 'pretacareca', 'kuririn', 'criadorj', 'marrombombom', 'passiva', 'Gay']",[],False
616,2025-05-13 00:20,753,valorant,False,h1poison,pt,VALORANT,gameplay de qualidade >:) lobby fechado!,"['Português', 'valorant', 'fps', 'girl', 'leagueoflegends', 'lol', 'conversa', 'aventura', 'Poison']",[],False
617,2025-05-13 00:35,873,sea-of-thieves,False,iShadowWolf_,pt,Sea of Thieves,(+18) Livezinha Muito Doida!   ||   (❗comandos ❗metas ❗drops)   ||   (Epic Code: SHADOWOLF),['Português'],[],False
617,2025-05-13 00:35,873,sea-of-thieves,True,Ursando,pt,Sea of Thieves,Bora navegar meu povo!,"['SeaofThives', 'SEA', 'Português']",[],False
617,2025-05-13 00:35,873,sea-of-thieves,False,claitonlucas,pt,Sea of Thieves,"Not all treasure is silver and gold, mate.",['Português'],[],False
618,2025-05-13 00:52,674,overwatch-2,False,peachy_yumi,pt,Overwatch 2,🍑 oi estamos na ranked - mestre main kiri,"['OverwatchCreator', 'OW2Brasil', 'Português', 'English', 'OW2STADIUM', 'safeplace', 'kiriko', 'juno', 'freja']",[],False
618,2025-05-13 00:52,674,overwatch-2,True,VioletKill,pt,Overwatch 2,!DROPS || SURPRESA DE SEGUNDA || !blackskull !sorteio !overclock,"['gamergirl', 'LGBTQIA', 'Português', 'giveaway', 'DropsEnabeled', 'drops', 'OW2Stadium', 'OW2Brasil', 'Woman', 'fps']",[],False
618,2025-05-13 00:52,674,overwatch-2,False,viniciusstocker,pt,Overwatch 2,"Segundou, bora tentar animar essa poxa! 🥸 !milk !leklek !natal !pix !clip","['xbox', 'Português', 'console', 'XboxSeriesSX', 'campanha', 'Coop', 'modohistoria', 'amigos', 'PlayStation', 'deadbbydaylight']",['ProfanityVulgarity'],False
619,2025-05-13 04:01,1079,marvel-rivals,False,rennpzz,pt,Marvel Rivals,098 | Live secreta da madru | Epic: RENN,"['Português', 'Preguiça', 'Coffee', 'VarietyGaming']",[],False
619,2025-05-13 04:01,1079,marvel-rivals,True,anduoruam,pt,Marvel Rivals,!18+ Pouco de gameplay da melhor forma Marvel Rivals,['Português'],[],False
619,2025-05-13 04:01,1079,marvel-rivals,False,cruelmr_,pt,Marvel Rivals,Rankeds POG - DPS pov - !tamanho !pix !konect !mix,"['Português', 'Competitive', 'marvelrivals', 'DPS']",[],False
620,2025-05-13 04:23,940,league-of-legends,True,TwitchManiaco1,pt,League of Legends,Trabalhos - !loja,"['Português', 'rato', 'monochamp', 'lol', 'jungle', 'Esquizofrenia', 'depressão', 'Challenger', 'VASCO']",[],True
620,2025-05-13 04:23,940,league-of-legends,False,Akrinuss,pt,League of Legends,soloQ MAIN buscando GM & DICAS !cortes !duo !analise !abt !facinho,"['Português', 'Reposição']",[],False
620,2025-05-13 04:23,940,league-of-legends,False,guguole,pt,League of Legends,"+18(SR ON) SUBATHOOON dia 4, não deixe o tempo acabar, foquem no pix e bits  !pix !subathon !ajuda","['JogandocomEspectadores', 'Lux', 'LeagueOfLegends', 'LGBTQIA', 'Português', 'mestre', 'holidayhoopla', 'chill', 'Milio']",[],False
621,2025-05-13 08:01,891,grand-theft-auto-v,False,RyanFeer,pt,Grand Theft Auto V,"Opa,bao ?","['Português', 'CDA', 'gta', 'fivem', 'RP', 'PvP', 'metropole', 'cpx', 'CAPITAL', 'ProdigyRP']",['MatureGame'],False
621,2025-05-13 08:01,891,grand-theft-auto-v,True,larissa_petenon,pt,Grand Theft Auto V,[CPX] Sophia No Hp RERUN,"['Mulher', 'jogosdiversos', 'Português', 'pc', 'Brasil', 'cpx', 'complexo']",['MatureGame'],False
621,2025-05-13 08:01,891,grand-theft-auto-v,False,AmaruC2,pt,Grand Theft Auto V,🔞 NOBRE ROLEPLAY 🔥 FIVE M ⚔️ ❗ ⚖️ PRG M.P.F. ❗ 💎 SANTA CREATOR ❗ 😈 ANJINHO DA LEI ❗ 💭 RESENHA !pix !sub !server,"['fivem', 'roleplay', 'POLICIA', 'gta5', 'gtav', 'CidadeNobre', 'SantaGroupGG', 'português', 'juridico', 'metropole']",['MatureGame'],False
622,2025-05-13 08:18,1110,marvel-rivals,True,LhamaInPijamas,pt,Marvel Rivals,(S1 GM1) (DROPS ON) MAIN TANK BUSCANDO A O MAIOR RANK !livepix !elomarvel !discord,"['rpg', 'casual', 'Português', 'marvelrivals', 'rivals', 'marvelrival']",[],False
622,2025-05-13 08:18,1110,marvel-rivals,False,anduoruam,pt,Marvel Rivals,!18+ Pouco de gameplay da melhor forma Marvel Rivals,['Português'],[],False
622,2025-05-13 08:18,1110,marvel-rivals,False,TvSerious,pt,Marvel Rivals,DROPS! MAIN SUP !bluestacks !giftcard !PIX #PCGamePassPartner,"['serious', 'smitebrasil', 'lgbtqia', 'Português', 'drops', 'MOBA', 'Cozy', 'cozygaming', 'Roguelike', 'Roguelite']",[],False
623,2025-05-13 08:39,1070,roblox,False,eai9,pt,ROBLOX,FORTSPEED #Ad #Sponsorship !roblox,['Português'],[],False
623,2025-05-13 08:39,1070,roblox,False,Aquazuxa_,pt,ROBLOX,BOLADA❗️desafio❗️pix  ❗️amazon,"['Português', 'LGBT', 'Trans', 'LadyGaga', 'Beyoncé', 'taylorswift', 'mamaintocomfome', 'English', 'gorda', 'chubby']",[],False
623,2025-05-13 08:39,1070,roblox,False,EduardoFilho12,pt,ROBLOX,PEGUE SEU CAFÉ E VEM COMIGO ☕ | BORA JOGAR UM JOGO DE MAGIA E DEPOIS OUTRAS COISAS? |,"['Português', 'Maluquice', 'loucuras', 'Gritaria', 'Ranked', 'PvP', 'Sobrevivência', 'Collaboration', 'amizade']",[],False
624,2025-05-13 08:59,1147,counter-strike,False,capatoxx,pt,Counter-Strike,🟢 AO VIVO ┃🎯 LEVEL 20 JOGANDO C/ RAPAZIADA NA @gamersclubcs ┃🔥🏅 UNION SKINS ┃ ❗union ❗discord ❗grupo ❗meta ❗delay,"['csgo', 'gamersclub', 'faceit', 'valve', 'cs2', 'Counterstrike', 'PTBR', 'gaules', 'level20', 'CS2']",['MatureGame'],False
624,2025-05-13 08:59,1147,counter-strike,False,Saullo,pt,Counter-Strike,"24 HORAS DE SORTEIOS incluindo LUVAS VICE e NOMAD MARBLE FADE (R$14.100,00) + DEPÓSITO NA CONTA DE VOCÊS + SORTEIO 100 DÓLARES (AO VIVO)","['Português', 'skinscsgo', 'CSGO', 'SORTEIO', 'PIX', 'SKINS', 'FPS', 'Brasil', 'CS2', 'cs2beta']",['MatureGame'],True
624,2025-05-13 09:00,1147,counter-strike,False,BrunoBalloni,pt,Counter-Strike,🔴RERUN!!! -> ❗regraloja❗farm ❗sub ❗msg ❗loja,"['Português', 'fps', 'Brasil', 'counterstrike', 'cs', 'cs2', 'brazil']",['MatureGame'],False
625,2025-05-13 12:01,724,overwatch-2,True,txgiovani10,pt,Overwatch 2,Rerun: Em busca do Mestre (!loja) - Overwatch 2,['Português'],[],False
625,2025-05-13 12:01,724,overwatch-2,False,joohn_garcia,pt,Overwatch 2,NOSSO LUGAR ESPECIAL - 🔵COD APOIADOR: JOHNZ,"['Gay', 'gameplay', 'nerd', 'playstation', 'inglês', 'Português', 'fortnite', 'Overawatch', 'terror', 'LGBTQIA']",[],False
625,2025-05-13 12:01,724,overwatch-2,False,a_kitsunee,pt,Overwatch 2,[+18] [PT/EN] [PC]🌸Opa chega ai🌸🎀 !comandos !tinder !love !hate !namoro🎀 Bebam agua! #keymailer,"['Português', 'Inglês', 'casualplay', 'Mulher', 'girlgamers', 'Kirikomain']",[],False
626,2025-05-13 12:16,1068,counter-strike,False,oimaay,pt,Counter-Strike,🧟‍♀️| quem dera ser um... !cpc !pix !youtube !ajuda,"['may', 'oimay', 'jogando', 'Português', 'terror', 'mine', 'drop', 'fps', 'minecraft']","['MatureGame', 'ProfanityVulgarity']",False
626,2025-05-13 12:16,1068,counter-strike,False,SLKRETROZADA,pt,Counter-Strike,CSzin FACEIT LVL 3 @faceit | CSGO.NET  !otimização @matazera @pezingamer @G44bsMDK   @betaozera,"['portugues', 'competitivo', 'proplayerPortuguês', 'proplayer', 'proplayer', 'CS2', 'cs2counterstrike2', 'cs2major', 'luqueta', 'subathon']",['MatureGame'],False
626,2025-05-13 12:16,1068,counter-strike,False,BrunoBalloni,pt,Counter-Strike,🔴RERUN!!! -> ❗regraloja❗farm ❗sub ❗msg ❗loja,"['Português', 'fps', 'Brasil', 'counterstrike', 'cs', 'cs2', 'brazil']",['MatureGame'],False
627,2025-05-13 16:01,895,fortnite,False,MorenaSZ_nqp,pt,Fortnite,TOP 1 BR DO BALLISTIC ✨ SE FOR DAR GHOST DEIXA O FOLLOW 💖,"['Fortnite', 'GirlPlayer', 'PS5LiveStream', 'ControlerGaming', 'Português']",[],False
627,2025-05-13 16:01,895,fortnite,False,isafaracco,pt,Fortnite,TERÇOU COM T DE??????? CODE ISAFARACCO,"['fortnite', 'battleroyale', 'Português', 'forninte', 'criativo']",[],False
627,2025-05-13 16:01,895,fortnite,False,gabryelCwB,pt,Fortnite,🟢RERUN🟢AMASSANDO NEWBAS🟢💨💥 LOJA  2XSUBS !loja💥 !regras !tiktok,['Português'],[],False
628,2025-05-13 16:18,725,counter-strike,False,SLKRETROZADA,pt,Counter-Strike,CSzin FACEIT LVL 3 @faceit | CSGO.NET  !otimização @matazera @pezingamer @G44bsMDK   @betaozera,"['portugues', 'competitivo', 'proplayerPortuguês', 'proplayer', 'proplayer', 'CS2', 'cs2counterstrike2', 'cs2major', 'luqueta', 'subathon']",['MatureGame'],False
628,2025-05-13 16:18,725,counter-strike,False,TcK10,pt,Counter-Strike,FALLEN BRASILEIRO DANDO AULA NO CS 🏆 !GROWTH 🏆 !SUPERBET🏆Siga em @tck10,"['melhordomundo', 'radiante', 'incrível', 'valorant', 'Português']",['MatureGame'],False
628,2025-05-13 16:18,725,counter-strike,False,BrunoBalloni,pt,Counter-Strike,🔴RERUN!!! -> ❗regraloja❗farm ❗sub ❗msg ❗loja,"['Português', 'fps', 'Brasil', 'counterstrike', 'cs', 'cs2', 'brazil']",['MatureGame'],False
629,2025-05-13 16:32,766,sea-of-thieves,False,JujubaNeko,pt,Sea of Thieves,[PT/BR +18] VOLTEI!!! (XBOX SERIES S) Parceira do @lendasdomar - Código Epic JUJUBANEKO !cmds,"['Anime', 'MãeGamer', 'Brasil', 'Português', 'XboxSeriesS', 'PvP', 'Multiplayer', 'PvE', 'Aventura', 'Cooperativo']",['ProfanityVulgarity'],False
629,2025-05-13 16:33,766,sea-of-thieves,True,DorSmiley,pt,Sea of Thieves,Ampulheta voltouuu!!!! @lendasdomar @csotbr !Comandos !sr (música),"['Ação', 'Aventura', 'Comédia', 'Português', 'Xingamentos', 'seaofthieves', 'PvEPvP', 'SoTPvp', 'seaofthieveseason15']",['ProfanityVulgarity'],False
629,2025-05-13 16:33,766,sea-of-thieves,False,CacadorCapixaba,pt,Sea of Thieves,95% RESENHA E 5% GAMEPLAY,"['Português', 'Portugal', 'AMA', 'rdr2', 'Roleplay', 'Brasil', 'RPG']",['ProfanityVulgarity'],False
