ID,Data,channel_name,language,last_game_name,stream_title,stream_tags,classification_labels,is_branded_content
0,2025-04-09 20:48,Clix,en,Fortnite,🚨 FNCS PLAY-INS DAY 1 🚨 WERE BACK BABY LETS GOO,['English'],[],False
0,2025-04-09 20:49,sacred_toao,en,EA Sports FC 25,⭐DIV 1⭐ !tts (DONATIONS READ OUT LOUD) !twitter,"['gaming', 'rage', 'funny', 'English']",[],False
0,2025-04-09 20:49,jalensyd,en,Minecraft,HORROR IM SCARED,"['minecraft', 'Horror', 'horrorgames', 'English']",[],False
0,2025-04-09 20:49,Linkzzey,en,Minecraft,"🔴Hardcore 46,200+Days|4+Years|11,400+Hours !worldtour","['LetsPlay', 'English', 'Hardcore', 'RPG', 'Permadeath', 'SurvivaI', 'chill', 'hardcoreminecraft', 'FamilyFrendly']",[],False
0,2025-04-09 20:49,FroggerOW,en,Overwatch 2,💀 CRAZY STREAM TODAY💀 #WhatTheHell,"['Australian', 'English']",[],False
0,2025-04-09 20:49,AussieAntics,en,Fortnite,WATCHING FNCS OPENS 🏆 PETE POV IN REPLAYS 👀 GRAND-FINALS IN 17 DAYS ⏰,['English'],[],False
0,2025-04-09 20:49,Pace22,en,Sea of Thieves,"SoT gaming, Wildgate tomorrow!","['English', 'PvP', 'memes']",[],False
0,2025-04-09 20:49,OphieIRL,en,Sea of Thieves,"NEW MUSIC VIDEO, BOOT CAMP SIGNUPS, AND SOT !BCBC !YOUTUBE !coffee","['18plus', 'English']",[],False
0,2025-04-09 20:49,I_AM_Scorer,en,Sea of Thieves,⚔ Serving Margaritas w/ @Saenz203 to @SixExit ⚔ TTS 200 | !blerp |,"['BackseatGaming', 'English', 'BananaMan', 'PvP', 'PvE', 'MatureLanguage', 'PigeonGod']",[],False
1,2025-04-09 20:58,Clix,en,Fortnite,🚨 FNCS PLAY-INS DAY 1 🚨 WERE BACK BABY LETS GOO,['English'],[],False
1,2025-04-09 20:58,sacred_toao,en,EA Sports FC 25,⭐DIV 1⭐ !tts (DONATIONS READ OUT LOUD) !twitter,"['gaming', 'rage', 'funny', 'English']",[],False
1,2025-04-09 20:58,jiyu,en,VALORANT,HUZZ HUNTING -> FEMINISM TEST😭😭😭!coc,"['Valorant', 'rizz', 'chill', 'Poor', 'English', 'quiet', 'emo', 'kind', 'egirl', 'lonely']",[],False
1,2025-04-09 20:58,Linkzzey,en,Minecraft,"🔴Hardcore 46,200+Days|4+Years|11,400+Hours !worldtour","['LetsPlay', 'English', 'Hardcore', 'RPG', 'Permadeath', 'SurvivaI', 'chill', 'hardcoreminecraft', 'FamilyFrendly']",[],False
1,2025-04-09 20:58,FroggerOW,en,Overwatch 2,💀 CRAZY STREAM TODAY💀 #WhatTheHell,"['Australian', 'English']",[],False
1,2025-04-09 20:59,AussieAntics,en,Fortnite,WATCHING FNCS OPENS 🏆 PETE POV IN REPLAYS 👀 GRAND-FINALS IN 17 DAYS ⏰,['English'],[],False
1,2025-04-09 20:59,Khanada_,en,Fortnite,FNCS | !comm !trio !prime,"['Fortnite', 'English']",[],False
1,2025-04-09 20:59,faxuty,en,Fortnite,🏆 WATCHING FNCS MAJOR 2 🏆 | 🚨 GET IN HERE 🚨 | !zw !ig !twitter,['English'],[],False
1,2025-04-09 20:59,buckefps,en,Fortnite,🏆WINNING FNCS W/ @OKIS @camsznn_  (2 MIN DELAY)🏆 | USE CODE BUCKE #ad | !dropcalc !1v1 !code !rivox,['English'],[],False
2,2025-04-09 21:10,Linkzzey,en,Minecraft,"🔴Hardcore 46,200+Days|4+Years|11,400+Hours !worldtour","['LetsPlay', 'English', 'Hardcore', 'RPG', 'Permadeath', 'SurvivaI', 'chill', 'hardcoreminecraft', 'FamilyFrendly']",[],False
2,2025-04-09 21:10,jiyu,en,VALORANT,HUZZ HUNTING -> FEMINISM TEST😭😭😭!coc,"['Valorant', 'rizz', 'chill', 'Poor', 'English', 'quiet', 'emo', 'kind', 'egirl', 'lonely']",[],False
2,2025-04-09 21:10,sacred_toao,en,EA Sports FC 25,⭐DIV 1⭐ !tts (DONATIONS READ OUT LOUD) !twitter,"['gaming', 'rage', 'funny', 'English']",[],False
2,2025-04-09 21:10,FroggerOW,en,Overwatch 2,💀 CRAZY STREAM TODAY💀 #WhatTheHell,"['Australian', 'English']",[],False
2,2025-04-09 21:10,AussieAntics,en,Fortnite,WATCHING FNCS OPENS 🏆 PETE POV IN REPLAYS 👀 GRAND-FINALS IN 17 DAYS ⏰,['English'],[],False
2,2025-04-09 21:10,Luich404,es,Minecraft,MINECRAFT Y NOTICIAS MUNDIALES!  HAY CAPA DE MINECRAFT?,['Español'],[],False
2,2025-04-09 21:11,LeooKnightus,en,Pokémon Brilliant Diamond/Shining Pearl,[SONGSON] Shiny Hunting Wednesday 1/512 ODDS,"['Minecraft', 'BlossomCraft', 'English', 'drops', 'Variety', 'SMP', 'pokemon', 'shinyhunting']",[],True
2,2025-04-09 21:11,Jynxzi,en,Tom Clancy's Rainbow Six Siege,[99/365] ⚽️ PC RANKED -> MAYBE Schedule 1 ⚽️,['English'],['MatureGame'],False
3,2025-04-09 21:21,Clix,en,Fortnite,🚨 FNCS PLAY-INS DAY 1 🚨 WERE BACK BABY LETS GOO,['English'],[],False
3,2025-04-09 21:21,Linkzzey,en,Minecraft,"🔴Hardcore 46,200+Days|4+Years|11,400+Hours !worldtour","['LetsPlay', 'English', 'Hardcore', 'RPG', 'Permadeath', 'SurvivaI', 'chill', 'hardcoreminecraft', 'FamilyFrendly']",[],False
3,2025-04-09 21:21,jiyu,en,VALORANT,HUZZ HUNTING -> FEMINISM TEST😭😭😭!coc,"['Valorant', 'rizz', 'chill', 'Poor', 'English', 'quiet', 'emo', 'kind', 'egirl', 'lonely']",[],False
3,2025-04-09 21:21,FroggerOW,en,Overwatch 2,💀 CRAZY STREAM TODAY💀 #WhatTheHell,"['Australian', 'English']",[],False
3,2025-04-09 21:21,PewDiePie,en,Minecraft,Minecraft Reruns ∞ Binge @PewDiePie vids 24/7 with chat ∞ !video,"['Minecraft', 'YouTube', 'AlwaysOn', 'English', 'Rerun']",[],True
3,2025-04-09 21:21,Arguz11,en,ROBLOX,FREE ROBUX ON PLS DONATE! Commands on screen!,"['giveaway', 'playingwithviewers', 'roblox', 'plsdonate', 'bloxfruit', 'English', 'Rerun', 'Albion', 'mammoth', 'Silver']",[],False
3,2025-04-09 21:21,Warn,en,Overwatch 2,RANK 1 ASHE 🔴 !? STREAMING FROM BACKROOMS HELPPP !? 🔴 HUGE POKEMON PACK OPENINGS (PRISMATIC + AZURE) 🔴 I THINK.. I MISS MY WIFE !video,"['Overwatch', 'Competitive', 'ADHD', 'Drops', 'English']",[],False
3,2025-04-09 21:21,findveil,en,Fortnite,OW Servers Down| Fortnite ARC,"['DPS', 'English', 'FlexPlayer', 'TikTokCreator', 'NA', 'LGPTQIAplus', 'ChatInteraction', 'Community', 'LurkerFriendly']",[],False
3,2025-04-09 21:21,pge4,en,Overwatch 2,Dipping my toe in the water,['English'],[],False
4,2025-04-09 21:33,Clix,en,Fortnite,🚨 FNCS PLAY-INS DAY 1 🚨 WERE BACK BABY LETS GOO,['English'],[],False
4,2025-04-09 21:33,Linkzzey,en,Minecraft,"🔴Hardcore 46,200+Days|4+Years|11,400+Hours !worldtour","['LetsPlay', 'English', 'Hardcore', 'RPG', 'Permadeath', 'SurvivaI', 'chill', 'hardcoreminecraft', 'FamilyFrendly']",[],False
4,2025-04-09 21:33,jiyu,en,VALORANT,HUZZ HUNTING -> FEMINISM TEST😭😭😭!coc,"['Valorant', 'rizz', 'chill', 'Poor', 'English', 'quiet', 'emo', 'kind', 'egirl', 'lonely']",[],False
4,2025-04-09 21:33,FroggerOW,en,Overwatch 2,💀 CRAZY STREAM TODAY💀 #WhatTheHell,"['Australian', 'English']",[],False
4,2025-04-09 21:33,AussieAntics,en,Fortnite,WATCHING FNCS OPENS 🏆 PETE POV IN REPLAYS 👀 GRAND-FINALS IN 17 DAYS ⏰,['English'],[],False
4,2025-04-09 21:33,PewDiePie,en,Minecraft,Minecraft Reruns ∞ Binge @PewDiePie vids 24/7 with chat ∞ !video,"['Minecraft', 'YouTube', 'AlwaysOn', 'English', 'Rerun']",[],True
4,2025-04-09 21:33,OfficerMesser,en,Grand Theft Auto V,SUSPECT SHOW ME YOUR HANDS!!! COP PLAYS COPS 🚨 !TheAcademyRP Ghost for 20% off Code Messer,['English'],['MatureGame'],False
4,2025-04-09 21:33,qaymichael,en,Grand Theft Auto V,scarlet vixen 🖤 vortex rp 🖤 !goal,['English'],['MatureGame'],False
4,2025-04-09 21:33,paypay,en,Grand Theft Auto V,❤️💋SHANNON GUCCI VS GTA RP🤣💕 !masters ❤️ !merch !clip,"['English', 'GTARP', 'deadbbydaylight', 'LGBTQ', 'Gay']",['MatureGame'],False
5,2025-04-10 00:02,Clix,en,Fortnite,"🚨 Pro Tokens w/ Peterbot, Eomzo, Khanada, Reet & More 🚨 WERE BACK BABY LETS GOO",['English'],[],False
5,2025-04-10 00:02,FroggerOW,en,Overwatch 2,💀 CRAZY STREAM TODAY💀 #WhatTheHell,"['Australian', 'English']",[],False
5,2025-04-10 00:02,BigTmafia,en,Marvel Rivals,Wednesday's are for the Mafia| |GM 2 Comp and QP with the crew  !discord | Giveaway Month |,"['English', 'Interactive', 'bald', 'Competitive', 'Grandmaster', 'silly']",[],False
5,2025-04-10 00:02,AussieAntics,en,Fortnite,NEW Fortnite Ballistic Update! #EpicPartner #GoBallistic @Fortnite,['English'],[],False
5,2025-04-10 00:02,Jynxzi,en,Tom Clancy's Rainbow Six Siege,[99/365] ⚽️ PC RANKED -> MAYBE Schedule 1 ⚽️,['English'],['MatureGame'],False
5,2025-04-10 00:02,caseoh_,en,Half Sword,🟨PREPARED FOR BATTLE🟨,['English'],[],False
5,2025-04-10 00:03,sleepysniperr,en,Fortnite,Fortnite Customs x DROPS ENABLED ❤️‍🔥,"['Phasmophobia', 'phasmophobiahorrorgames', 'phasmophobiagame', 'English', 'FortniteTV', 'FortniteChil', 'fortnitewithchat', 'fortnitegaminglive', 'ReadDeadRedemption2']",[],False
5,2025-04-10 00:03,andrew11707onyt,en,Fortnite,MONEY CUSTOMS (Subathon Day 54) !ending,['English'],[],False
5,2025-04-10 00:03,DiabloNev,en,Fortnite,PLAYING WITH CHAT!!,"['chat', 'English', 'HDHD', 'Fortnite', 'tournaments', 'vbucksgiveaway']",[],False
6,2025-04-10 00:11,Clix,en,Fortnite,"🚨 Pro Tokens w/ Peterbot, Eomzo, Khanada, Reet & More 🚨 WERE BACK BABY LETS GOO",['English'],[],False
6,2025-04-10 00:11,AussieAntics,en,Fortnite,NEW Fortnite Ballistic Update! #EpicPartner #GoBallistic @Fortnite,['English'],[],False
6,2025-04-10 00:11,BigTmafia,en,Marvel Rivals,Wednesday's are for the Mafia| |GM 2 Comp and QP with the crew  !discord | Giveaway Month |,"['English', 'Interactive', 'bald', 'Competitive', 'Grandmaster', 'silly']",[],False
6,2025-04-10 00:11,capr1isun,en,Just Chatting,🎮 ARCADE TWO MAN 🎮 W/ PIPER ROCKELLE 🎮 JOIN QUICK 🎮 !discord !youtube 🎮,['English'],[],False
6,2025-04-10 00:11,TenZ,en,VALORANT,got a haircut today :D,"['English', 'Anime', 'FPS', 'tenz']",[],False
6,2025-04-10 00:11,Jynxzi,en,Tom Clancy's Rainbow Six Siege,[99/365] ⚽️ PC RANKED -> MAYBE Schedule 1 ⚽️,['English'],['MatureGame'],False
6,2025-04-10 00:11,WorldofChap,en,Sea of Thieves,Pirate Game! 🏴‍☠️ Sloop PVP w/ @Sigy | (!discord) (!youtube) (!tts),"['English', 'roastedsweetpotato', 'Canadian', 'NightmareModeChampion', 'DoubleGoldCurse']",[],False
6,2025-04-10 00:11,Sandromeda,en,Sea of Thieves,OBSESSED W/ THIS NEW MERCH 🌠!merch 10% OFF for subs! Sandromeda.ca🌠!giveaway🌠!madrinas +20% OFF w/ code 'SANDROMEDA'🌠,"['English', 'StJudePlayLive', 'Madrinas', 'SoTPartner', 'HotTubStreamWithoutTheTub']",[],True
6,2025-04-10 00:11,Pace22,en,Fortnite,ZERO BUILD GAMING or other modes?,"['English', 'PvP', 'memes']",[],False
7,2025-04-10 00:21,Clix,en,Fortnite,"🚨 Pro Tokens w/ Peterbot, Eomzo, Khanada, Reet & More 🚨 WERE BACK BABY LETS GOO",['English'],[],False
7,2025-04-10 00:21,AussieAntics,en,Fortnite,NEW Fortnite Ballistic Update! #EpicPartner #GoBallistic @Fortnite,['English'],[],False
7,2025-04-10 00:22,BigTmafia,en,Marvel Rivals,Wednesday's are for the Mafia| |GM 2 Comp and QP with the crew  !discord | Giveaway Month |,"['English', 'Interactive', 'bald', 'Competitive', 'Grandmaster', 'silly']",[],False
7,2025-04-10 00:22,FroggerOW,en,Overwatch 2,💀 CRAZY STREAM TODAY💀 #WhatTheHell,"['Australian', 'English']",[],False
7,2025-04-10 00:22,Jynxzi,en,Tom Clancy's Rainbow Six Siege,[99/365] ⚽️ PC RANKED -> MAYBE Schedule 1 ⚽️,['English'],['MatureGame'],False
7,2025-04-10 00:22,PewDiePie,en,Minecraft,Minecraft Reruns ∞ Binge @PewDiePie vids 24/7 with chat ∞ !video,"['Minecraft', 'YouTube', 'AlwaysOn', 'English', 'Rerun']",[],True
7,2025-04-10 00:22,Aspen,en,Overwatch 2,OVERWATCH TIME.... PO BOX IS LIVE -> !pobox,['English'],[],False
7,2025-04-10 00:22,pge4,en,VALORANT,Dipping my toe in the water,['English'],[],False
7,2025-04-10 00:22,vulture_ow,en,Overwatch 2,"very chill junkrat gaming , 5 seconds away from falling asleep !discord !newvid","['English', 'Competitive', 'fps', 'junkrat', 'SewerRat', 'overwatch', 'hashtagawesome']",[],False
8,2025-04-10 04:01,vadriss,en,Grand Theft Auto V,Day 9 of UNCAPPED Birthday SUBATHON | Merch LAUNCH!!! | !merch !subathon !goals,"['English', 'Gay', 'femboy', 'LGBTQ', 'twitchprideguild']",['MatureGame'],False
8,2025-04-10 04:01,Nautilifts,en,Marvel Rivals,☢️RANK #1 BRUCE BANNER☢️ || MR S2 Waiting Room // long stream ➔ !tiktok !discord,"['English', 'chill', 'aura', 'Marvel', 'marvelrivals', 'BruceBanner']",[],True
8,2025-04-10 04:01,zazzastack,en,Overwatch 2,[✅DROPS] ✨ GRINDING THE APRIL FOOLS CHALLENGES - ABSOLUTELY LOCKED IN ✨ !socials,"['Woman', 'Australian', 'Cozy', 'English', 'fps', 'UbisoftANZ', 'UbisoftPartner', 'overwatch', 'chill', 'marvelrivals']",[],False
8,2025-04-10 04:02,PewDiePie,en,Terraria,Terraria Thursday ∞ Binge @PewDiePie vids 24/7 with chat ∞ !video,"['Minecraft', 'YouTube', 'AlwaysOn', 'English', 'Rerun']",[],True
8,2025-04-10 04:02,TenZ,en,League of Legends,got a haircut today :D,"['English', 'Anime', 'FPS', 'tenz']",[],False
8,2025-04-10 04:02,ThomasShen1,en,VALORANT,Better aim💠 than any pro players 💠!yt,['English'],[],False
8,2025-04-10 04:02,Bwipolol,en,League of Legends,Challenger tier educational TOP LANE gameplay,"['Speedrunning', 'English', 'Challenger', 'soloqueue']",[],False
8,2025-04-10 04:02,Broxah,en,League of Legends,🟢 WHEEL SPIN CHALLENGE: DAY 2 🟢 !prime !social !youtube,"['ASMR', 'English']",[],True
8,2025-04-10 04:02,Sanchovies,en,Old School RuneScape,adc game or 2 then runescape,['English'],[],False
9,2025-04-10 04:10,colourhex,en,Overwatch 2,"NEW YOUTUBE VID !newvid !vid | First we Over, then we Watch |","['English', 'top500', 'ADHD', 'DPS', 'Overwatch2', 'Australia', 'NZL', 'NewZealand', 'chill']",[],False
9,2025-04-10 04:10,PGL,en,Counter-Strike,[A] Astralis vs Virtus.Pro - PGL Bucharest 2025 - Group Stage - Day 5,"['Esports', 'English']",['MatureGame'],False
9,2025-04-10 04:11,HokagoPT,en,Fortnite,[DROPS] 🎉VBUCKS GIVEAWAY-DAY 2! | Play w/Followers | Use Code: HOKAGOPT | !join,"['vtuber', 'chatty', 'english', 'anxiety', 'positivity', 'battleroyale', 'English']",[],False
9,2025-04-10 04:11,TenZ,en,League of Legends,got a haircut today :D,"['English', 'Anime', 'FPS', 'tenz']",[],False
9,2025-04-10 04:11,Oatley,en,Fortnite,"OCE FNCS PLAY-IN | Code ""Oatley"" #ad | !socials !youtube !delay","['FamilyFriendly', 'Fortnite', 'BattleRoyale', 'Multiplayer', 'Competitive', 'Professional', 'Positivity', 'PC', 'English']",[],False
9,2025-04-10 04:11,vadriss,en,Grand Theft Auto V,Day 9 of UNCAPPED Birthday SUBATHON | Merch LAUNCH!!! | !merch !subathon !goals,"['English', 'Gay', 'femboy', 'LGBTQ', 'twitchprideguild']",['MatureGame'],False
9,2025-04-10 04:11,Peterbot247Official,en,Fortnite,(DROPS ON) 🔴  TOURNAMENT WATCH PARTY !settings !binds 🔴,['English'],[],False
9,2025-04-10 04:11,faxuty,en,Fortnite,💰 BIG 2V2 ZW TOKEN W/ @reetlol  💰 | 🚨 GAMETIME GET IN HERE 🚨 | !zw !twitter !ig,['English'],[],False
9,2025-04-10 04:11,OatleyOffline,en,Fortnite,"🔴 OATLEY 24/7 OFFLINE CHANNEL 🔴 | Code ""Oatley"" #ad | !socials !youtube","['FamilyFriendly', 'Fortnite', 'BattleRoyale', 'Multiplayer', 'Action', 'Competitive', 'Professional', 'Positivity', 'PC', 'English']",[],False
10,2025-04-10 04:21,TenZ,en,League of Legends,got a haircut today :D,"['English', 'Anime', 'FPS', 'tenz']",[],False
10,2025-04-10 04:21,gkey,en,Minecraft,"🟪17,000+ DAYS Hardcore Minecraft🟪!project !tour !socials🟪",['English'],[],False
10,2025-04-10 04:21,vadriss,en,Grand Theft Auto V,Day 9 of UNCAPPED Birthday SUBATHON | Merch LAUNCH!!! | !merch !subathon !goals,"['English', 'Gay', 'femboy', 'LGBTQ', 'twitchprideguild']",['MatureGame'],False
10,2025-04-10 04:21,Nautilifts,en,Marvel Rivals,☢️RANK #1 BRUCE BANNER☢️ || MR S2 Waiting Room // long stream ➔ !tiktok !discord,"['English', 'chill', 'aura', 'Marvel', 'marvelrivals', 'BruceBanner']",[],True
10,2025-04-10 04:21,PGL,en,Counter-Strike,[A] Astralis vs Virtus.Pro - PGL Bucharest 2025 - Group Stage - Day 5,"['Esports', 'English']",['MatureGame'],False
10,2025-04-10 04:21,Oatley,en,Fortnite,"OCE FNCS PLAY-IN | Code ""Oatley"" #ad | !socials !youtube !delay","['FamilyFriendly', 'Fortnite', 'BattleRoyale', 'Multiplayer', 'Competitive', 'Professional', 'Positivity', 'PC', 'English']",[],False
10,2025-04-10 04:21,Naoyok,en,Grand Theft Auto V,OUT THE MUD !!!,['English'],['MatureGame'],False
10,2025-04-10 04:21,justsarah711,en,Disney Dreamlight Valley,RESET TIME (& 2nd Account Questing/Grinding),"['decorating', 'cozy', 'chat', 'tour', 'quest', 'friendly', 'lurkerfriendly', 'interactive', 'woman', 'girlgamer']",[],False
10,2025-04-10 04:21,AnriRenua,ru,Gwent: The Witcher Card Game,2640 mmr old record,"['Russian', 'Polski', 'Русский', 'English']",[],False
11,2025-04-10 04:29,PewDiePie,en,Terraria,Terraria Thursday ∞ Binge @PewDiePie vids 24/7 with chat ∞ !video,"['Minecraft', 'YouTube', 'AlwaysOn', 'English', 'Rerun']",[],True
11,2025-04-10 04:29,Nautilifts,en,Marvel Rivals,☢️RANK #1 BRUCE BANNER☢️ || MR S2 Waiting Room // long stream ➔ !tiktok !discord,"['English', 'chill', 'aura', 'Marvel', 'marvelrivals', 'BruceBanner']",[],True
11,2025-04-10 04:29,HokagoPT,en,Fortnite,[DROPS] 🎉VBUCKS GIVEAWAY-DAY 2! | Play w/Followers | Use Code: HOKAGOPT | !join,"['vtuber', 'chatty', 'english', 'anxiety', 'positivity', 'battleroyale', 'English']",[],False
11,2025-04-10 04:29,NickEh30_Offline,en,Fortnite,🔴NICKEH30 WAITING ROOM🔴,"['nickeh30', 'sypherpk', 'clix', 'English']",[],False
11,2025-04-10 04:29,TenZ,en,League of Legends,got a haircut today :D,"['English', 'Anime', 'FPS', 'tenz']",[],False
11,2025-04-10 04:29,SypherPKVODS,en,Fortnite,OFFICIAL 24/7 SYPHERPK CHANNEL,"['English', 'Rerun', 'BattlelRoyale', 'sypherpk', 'Fortnite']",[],False
11,2025-04-10 04:29,tokyo_tko,es,Grand Theft Auto V,Anni | Dovux | !redes !ds,['Español'],['MatureGame'],False
11,2025-04-10 04:29,Selenepfi,es,Grand Theft Auto V,I AM JUST A GIRL💋| ELIZA ONLYFRESITAS + NICOLETA CLN ELITE | RANDOM NIGHT 🍒| Jugando a ser feliz...✨,"['simulator', 'friendly', 'roleplay', 'fakesituation', 'story', 'Español']",['MatureGame'],False
11,2025-04-10 04:29,MrFerruzca,es,Slots,🔥+18 MAX WIN !bet365 🔥EXTRADITADOS PRIME🔥 !DC !Tiktok !SV !server,"['Español', 'grandttheftautov', 'roleplayer']",['MatureGame'],False
12,2025-04-10 04:36,vadriss,en,Grand Theft Auto V,Day 9 of UNCAPPED Birthday SUBATHON | Merch LAUNCH!!! | !merch !subathon !goals,"['English', 'Gay', 'femboy', 'LGBTQ', 'twitchprideguild']",['MatureGame'],False
12,2025-04-10 04:36,TenZ,en,League of Legends,got a haircut today :D,"['English', 'Anime', 'FPS', 'tenz']",[],False
12,2025-04-10 04:36,HokagoPT,en,Fortnite,[DROPS] 🎉VBUCKS GIVEAWAY-DAY 2! | Play w/Followers | Use Code: HOKAGOPT | !join,"['vtuber', 'chatty', 'english', 'anxiety', 'positivity', 'battleroyale', 'English']",[],False
12,2025-04-10 04:36,Nautilifts,en,Marvel Rivals,☢️RANK #1 BRUCE BANNER☢️ || MR S2 Waiting Room // long stream ➔ !tiktok !discord,"['English', 'chill', 'aura', 'Marvel', 'marvelrivals', 'BruceBanner']",[],True
12,2025-04-10 04:36,PewDiePie,en,Terraria,Terraria Thursday ∞ Binge @PewDiePie vids 24/7 with chat ∞ !video,"['Minecraft', 'YouTube', 'AlwaysOn', 'English', 'Rerun']",[],True
12,2025-04-10 04:36,Oatley,en,Fortnite,"OCE FNCS PLAY-IN | Code ""Oatley"" #ad | !socials !youtube !delay","['FamilyFriendly', 'Fortnite', 'BattleRoyale', 'Multiplayer', 'Competitive', 'Professional', 'Positivity', 'PC', 'English']",[],False
12,2025-04-10 04:36,m0xyy,en,Marvel Rivals,🟥BRONZE TO ETERNITY SPEEDRUN SOLO 🟥BEATING THE ALLEGATIONS 🟥 [NOT SCUFFED] !allegations,['English'],[],False
12,2025-04-10 04:36,Gale,en,Marvel Rivals,[DROPS✔️] DUELIST GOD - PATH TO 700,['English'],[],False
12,2025-04-10 04:37,supertf,en,TEKKEN 8,relentlessly ascending to the top with each passing second as each challenger gets flattened beneath my mass,"['FleshTuber', 'English']",[],False
13,2025-04-10 08:02,Nautilifts,en,Marvel Rivals,☢️RANK #1 BRUCE BANNER☢️ || MR S2 Waiting Room // long stream ➔ !tiktok !discord,"['English', 'chill', 'aura', 'Marvel', 'marvelrivals', 'BruceBanner']",[],False
13,2025-04-10 08:02,MrZacCas,en,Just Chatting,⚠️🧟THE WALKING DEAD🧟⚠️ FULL GAME SERIES !,"['English', 'Speedrun', 'gaming', 'IRL', 'Speedrunner', 'Australia', 'American', 'drops']",[],False
13,2025-04-10 08:02,Bowshot,en,Minecraft,🔴finally things to do in hypixel skywars | !newvid !discord👑,"['English', 'minecraft', 'win', 'skywars', 'bedwars', 'PlayingwithViewers', 'valorant']",[],False
13,2025-04-10 08:02,flotsam,en,Sea of Thieves,Bully PvP w/ @spar 🐛,"['Solo', 'PvP', 'English']",[],False
13,2025-04-10 08:02,Smacko,en,Fortnite,Zero Builds Solo Vs Squads ✅ FORTNITE TIME ✅ CLAPPING CHEEKS ✅ Use Code SMACKO | #EpicPartner #ad,"['English', 'Fortnite', 'ZeroBuild']",[],False
13,2025-04-10 08:02,lightt,en,Overwatch 2,LIMITTEST ACC SUSPENDED 2 DAYS NOOOO !yt || SUB ONLY !MINECRAFT SERVER IS UP !currentsong !socials,"['English', 'unemployed']",['ProfanityVulgarity'],True
13,2025-04-10 08:02,wr1sp,en,ROBLOX,ELIM WHEEL! | PLS DONATE LIVE! | !tip !discord !user !topdono,"['English', 'goodvibes', 'plsdonate', 'chill', 'justchatting', 'marbles', 'marblesrace', 'freerobux', 'songbattles']",[],False
13,2025-04-10 08:02,Red_MantisMLG,ru,ROBLOX,"Полуафк чилл, а дальше как пойдет","['roblox', 'юмор', 'чилл', 'ТЯЖЕЛО', 'Русский']",[],False
13,2025-04-10 08:02,Vordyanskiy_,ru,Gartic Phone,Заходи и рисуй вместе со мной! | !tg !donate !server,"['Русский', 'Общение', 'Красивый', 'Умный', 'Крутой', 'Комфортик', 'Смешной', 'Українська', 'МайнкрафтСервер']",[],False
14,2025-04-10 08:11,Nautilifts,en,Marvel Rivals,☢️RANK #1 BRUCE BANNER☢️ || MR S2 Waiting Room // long stream ➔ !tiktok !discord,"['English', 'chill', 'aura', 'Marvel', 'marvelrivals', 'BruceBanner']",[],False
14,2025-04-10 08:11,flotsam,en,Sea of Thieves,Bully PvP w/ @spar 🐛,"['Solo', 'PvP', 'English']",[],False
14,2025-04-10 08:11,Bowshot,en,Minecraft,🔴finally things to do in hypixel skywars | !newvid !discord👑,"['English', 'minecraft', 'win', 'skywars', 'bedwars', 'PlayingwithViewers', 'valorant']",[],False
14,2025-04-10 08:11,SeniorMender8,en,Fortnite,Click for Insane Sniping!! Zero Build Joker,['English'],[],False
14,2025-04-10 08:11,Smacko,en,Fortnite,Zero Builds Solo Vs Squads ✅ FORTNITE TIME ✅ CLAPPING CHEEKS ✅ Use Code SMACKO | #EpicPartner #ad,"['English', 'Fortnite', 'ZeroBuild']",[],False
14,2025-04-10 08:11,NickEh30_Offline,en,Fortnite,🔴NICKEH30 WAITING ROOM🔴,"['nickeh30', 'sypherpk', 'clix', 'English']",[],False
14,2025-04-10 08:11,VortexM,en,Fortnite,OCE FNCS PLAY-IN DAY 2 | !add !twitter !yt,"['English', 'Fortnite']",[],False
14,2025-04-10 08:11,volx,en,Fortnite,#1 UNREAL RANKED | !discord !socials,"['FNCSWINNER', 'bestfortniteplayer', 'pro', 'funny', 'Cashcup', 'Tournament', 'facecam', 'fortnite', 'English', 'Oceania']",[],False
14,2025-04-10 08:11,worthyy,en,Fortnite,{DAY 6} Learning Pro Controller | code worthy #ad I !newvid !japan !comp !ig,"['English', 'Competitive', 'drops', 'OCE']",[],False
15,2025-04-10 16:02,SypherPK,en,Fortnite,HUGE NEW MAP LAUNCH @ 4PM CENTRAL! | !newmap,"['PvP', 'Multiplayer', 'English', 'battleroyale', 'Fortnite']",[],False
15,2025-04-10 16:02,AussieAntics,en,Fortnite,🏆 WATCHING FNCS OPENS 🏆PRO POVs IN REPLAYS👀 FNCS GRAND-FINALS IN 16 DAYS ⏰,['English'],[],False
15,2025-04-10 16:02,haeyoday,en,VALORANT,Rank 1 Radiant GRIND !discord,['English'],[],False
15,2025-04-10 16:02,jirotf16,en,EA Sports FC 25,⛓️FC25 ASTON VILLA CAREER MODE!⛓️UCL FINAL DAY WITH GLOVEJOB!⛓️!COMMUNITY⛓️!WHEEL⛓️!PRIME⛓️FC25!⛓️VARIETY⛓️,"['fc25', 'eafc25', 'careermode', 'English']",[],False
15,2025-04-10 16:02,HappyHappyGal,en,Fortnite,NEW UNRELEASED SKINS! 😲 Time for an Adventure!,"['English', 'Christian', 'Women', 'Woman', 'Girl', 'Female', 'PlayingWithViewers', 'FamilyFriendly', 'Fortnite', 'ZeroBuild']",[],False
15,2025-04-10 16:03,MrSavage,en,Fortnite,FNCS QUALIFIERS DAY 2 WITH VADEAL AND REZON | !HALLUCINA !CROSSHAIR !PING CODE 200IQ,"['English', 'vogue', 'model']",[],False
15,2025-04-10 16:03,zefrine,en,The Sims 4,(GIVEAWAY!!!!) NEW KITS!! #EAPartner ❗jbl ❗social,"['lgbtqia', 'English', 'plussize', 'Pansexual', 'BodyPositivity', 'wholesome', 'cozy', 'familyfriendly', 'bisexual', 'ADHD']",[],False
15,2025-04-10 16:03,EmrysKay,en,The Sims 4,WORKING ON MY SAVE FILE AND YAPPING | !legacy !yt !eacreator,"['Transgender', 'Nonbinary', 'LGBTQIA2Plus', 'LilGuy', 'SamWinchesterHateAccount', 'WellEndowed', 'English', 'JeanMoreauProtectionSquad', 'ReMarriedToMomoMisfortune', 'wciffriendly']",[],False
15,2025-04-10 16:03,laneyplayss,en,The Sims 4,cc farmhouse build | sims 4 | !cc !links !discord,"['sims', 'sims4', 'gaming', 'building', 'Female', 'chill', 'englishonly', 'fortnite', 'fps', 'adventure']",[],False
16,2025-04-10 16:13,SypherPK,en,Fortnite,HUGE NEW MAP LAUNCH @ 4PM CENTRAL! | !newmap,"['PvP', 'Multiplayer', 'English', 'battleroyale', 'Fortnite']",[],False
16,2025-04-10 16:13,jirotf16,en,EA Sports FC 25,⛓️FC25 ASTON VILLA CAREER MODE!⛓️UCL FINAL DAY WITH GLOVEJOB!⛓️!COMMUNITY⛓️!WHEEL⛓️!PRIME⛓️FC25!⛓️VARIETY⛓️,"['fc25', 'eafc25', 'careermode', 'English']",[],False
16,2025-04-10 16:13,haeyoday,en,VALORANT,Rank 1 Radiant GRIND !discord,['English'],[],False
16,2025-04-10 16:13,AussieAntics,en,Fortnite,🏆 WATCHING FNCS OPENS 🏆PRO POVs IN REPLAYS👀 FNCS GRAND-FINALS IN 16 DAYS ⏰,['English'],[],False
16,2025-04-10 16:13,HappyHappyGal,en,Fortnite,NEW UNRELEASED SKINS! 😲 Time for an Adventure!,"['English', 'Christian', 'Women', 'Woman', 'Girl', 'Female', 'PlayingWithViewers', 'FamilyFriendly', 'Fortnite', 'ZeroBuild']",[],False
16,2025-04-10 16:13,PewDiePie,en,Terraria,Terraria Thursday ∞ Binge @PewDiePie vids 24/7 with chat ∞ !video,"['Minecraft', 'YouTube', 'AlwaysOn', 'English', 'Rerun']",[],True
16,2025-04-10 16:13,OnlyFye,en,ROBLOX,🌌UNIVERSAL TOWER DEFENSE🌌SO MUCH CONTENT🌌KAI CENAT GET ME IN YOUR STREAMING UNIVERSITY🌌sub !links,['English'],[],False
16,2025-04-10 16:13,KuttyPlayz,en,ROBLOX,Playing Roblox! Come JOIN ME!!,"['roblox', 'doors', 'doorsroblox', 'playingwithviewers', 'robuxgiveaway', 'robloxhorror', 'horrorgames', 'robux', 'deadrails', 'deadrailsroblox']",[],False
16,2025-04-10 16:14,Je_remy_,en,ROBLOX,Happy BDay XChristianXsj! 🎂 Donating Robux & Giveaways! 🤑 | !dc !yt,"['English', 'Robux']",[],False
17,2025-04-10 16:24,SypherPK,en,Fortnite,HUGE NEW MAP LAUNCH @ 4PM CENTRAL! | !newmap,"['PvP', 'Multiplayer', 'English', 'battleroyale', 'Fortnite']",[],False
17,2025-04-10 16:24,AussieAntics,en,Fortnite,🏆 WATCHING FNCS OPENS 🏆PRO POVs IN REPLAYS👀 FNCS GRAND-FINALS IN 16 DAYS ⏰,['English'],[],False
17,2025-04-10 16:24,haeyoday,en,VALORANT,Rank 1 Radiant GRIND !discord,['English'],[],False
17,2025-04-10 16:24,jirotf16,en,EA Sports FC 25,⛓️FC25 ASTON VILLA CAREER MODE!⛓️UCL FINAL DAY WITH GLOVEJOB!⛓️!COMMUNITY⛓️!WHEEL⛓️!PRIME⛓️FC25!⛓️VARIETY⛓️,"['fc25', 'eafc25', 'careermode', 'English']",[],False
17,2025-04-10 16:24,HappyHappyGal,en,Fortnite,NEW UNRELEASED SKINS! 😲 Time for an Adventure!,"['English', 'Christian', 'Women', 'Woman', 'Girl', 'Female', 'PlayingWithViewers', 'FamilyFriendly', 'Fortnite', 'ZeroBuild']",[],False
17,2025-04-10 16:24,Sigy,en,Rust,🔴VOICE IS GONE BUT STREAM IS UP🔴31/100 days in a row🔴NEW SPONSOR! !OperaGX,['English'],['MatureGame'],True
17,2025-04-10 16:24,syntom420,bg,Grand Theft Auto V,NE ME PITAITE KVO STAWA - NISHTO NE STAWA OT MEN @@@@@@@@@@@@@@@@@@@@@@@@@@@@@@@@@@@@@@@@@@@@@@@@@@@@@@@@@@@@@@@@@@@@@@@@@@@@@@@@@@@@@@@@@@@,"['RP', 'RolePlay', 'GtaV', 'recommended', 'Български', 'МАЗЕН', 'MAZEN', 'MAZENRP', 'GTARP']",['MatureGame'],False
17,2025-04-10 16:24,ZenReMasTa,bg,Just Chatting,[2654h+] ДЕН 111🟣 !AMG 🟣!pista🟣БЛАГОДАРЯ НА ВСЕКИ ПОДКРЕПЯЩ БЪДЕЩИТЕ ПРОЕКТИ🟣,['Български'],[],False
17,2025-04-10 16:25,stressko_,bg,Just Chatting,🔴ДНЕСКА КЪСИЧКО🔴МАЛКО РЕАКЦИЙКИ🔴СПОДЕЛЯМ ПИКАНТНИ ТАЙНИ🔴,['Български'],[],False
18,2025-04-10 16:31,SypherPK,en,Fortnite,HUGE NEW MAP LAUNCH @ 4PM CENTRAL! | !newmap,"['PvP', 'Multiplayer', 'English', 'battleroyale', 'Fortnite']",[],False
18,2025-04-10 16:32,AussieAntics,en,Fortnite,🏆 WATCHING FNCS OPENS 🏆PRO POVs IN REPLAYS👀 FNCS GRAND-FINALS IN 16 DAYS ⏰,['English'],[],False
18,2025-04-10 16:32,CorgiVR,en,ROBLOX,4x WEEKEND STARTS SOON 3k REROLLS ANIME LAST STAND,['English'],[],False
18,2025-04-10 16:32,jirotf16,en,EA Sports FC 25,⛓️FC25 ASTON VILLA CAREER MODE!⛓️UCL FINAL DAY WITH GLOVEJOB!⛓️!COMMUNITY⛓️!WHEEL⛓️!PRIME⛓️FC25!⛓️VARIETY⛓️,"['fc25', 'eafc25', 'careermode', 'English']",[],False
18,2025-04-10 16:32,HappyHappyGal,en,Fortnite,NEW UNRELEASED SKINS! 😲 Time for an Adventure!,"['English', 'Christian', 'Women', 'Woman', 'Girl', 'Female', 'PlayingWithViewers', 'FamilyFriendly', 'Fortnite', 'ZeroBuild']",[],False
18,2025-04-10 16:32,Sigy,en,Rust,🔴VOICE IS GONE BUT STREAM IS UP🔴31/100 days in a row🔴NEW SPONSOR! !OperaGX,['English'],['MatureGame'],True
18,2025-04-10 16:32,TryhardEkkoXD,en,League of Legends,EUW 88-25 START 632/1000 LP GRINDING 2ND ACC TO CHALL !opgg !discord !playlist !build !runes,"['leagueoflegends', 'ekko', 'challenger', 'euw', 'english', 'greek', 'English']",[],False
18,2025-04-10 16:32,kireiOP,en,League of Legends,DAY 14 KOREA | IRON  > RANK 1  720 LP START | !newcourse !JGA !patreon !subgoal,"['Ranked', 'Educational', 'Netherlands', 'English', 'Challenger', 'Nederlands', 'jungle', 'Rank1']",[],False
18,2025-04-10 16:32,Phantasm__,en,League of Legends,🟣 MAIN GAINS FIXED RANK 1 ANGLE🟣 !operagx !discord !links !runes,['English'],[],False
19,2025-04-10 20:02,SypherPK,en,Fortnite,NEW MAP JUST DROPPED! ⚔ ONE OF US ⚔ !oneofus !trailer !giveaway,"['PvP', 'Multiplayer', 'English', 'battleroyale', 'Fortnite']",[],False
19,2025-04-10 20:02,vadriss,en,Grand Theft Auto V,Day 10 of UNCAPPED Birthday SUBATHON | Merch LAUNCH!!! | !merch !subathon !goals,"['English', 'Gay', 'femboy', 'LGBTQ', 'twitchprideguild']",['MatureGame'],False
19,2025-04-10 20:02,6trace,en,Fortnite,🎁GIVEAWAYS EVERY WEEKEND🎁 - FAMILY FRIENDLY - CUSTOM GAMES - PLAYING WITH VIEWERS - !epic !ticket,"['English', 'Fortnite', 'Shooter', 'IRL', 'AdventureGame', 'Action', 'fps', 'Strategy', 'nickeh30', 'clix']",[],False
19,2025-04-10 20:02,Clix,en,Fortnite,🏆 FNCS PLAY-INS DAY 2 🏆 | NEW UNRELEASED  ADVENTURE SKINS | LETS HAVE A GREAT DAY,['English'],[],False
19,2025-04-10 20:02,AussieAntics,en,Fortnite,🏆 WATCHING FNCS NA OPENS 🏆PETE POV IN REPLAYS 👀 FNCS GRAND-FINALS IN 16 DAYS ⏰,['English'],[],False
19,2025-04-10 20:03,Aspen,en,Overwatch 2,OVERWATCH TIME.... NEW VID -> !newvid // PO BOX IS LIVE -> !pobox,['English'],[],False
19,2025-04-10 20:03,Stewie2K,en,Counter-Strike,we gamin? | !store !socials !discord !tradeit,"['English', 'FPS', 'CSGO', 'CS2', 'PRO', 'CS', 'Multiplayer']",['MatureGame'],False
19,2025-04-10 20:03,drew_bills,en,Counter-Strike,🚨Drunk 500 Fever Case Opening🚨Knife Giveaway🚨 !gold !rules 🚨,['English'],['MatureGame'],False
19,2025-04-10 20:03,Freakazoid,en,Counter-Strike,🔫FACEIT PUGS🔫!g4skins !tradeit,"['ADHD', 'WORKOUT', '420', 'pro', 'fitness', 'cs', 'English', 'justchatting', 'Competitive']",['MatureGame'],True
20,2025-04-10 20:11,SypherPK,en,Fortnite,NEW MAP JUST DROPPED! ⚔ ONE OF US ⚔ !oneofus !trailer !giveaway,"['PvP', 'Multiplayer', 'English', 'battleroyale', 'Fortnite']",[],False
20,2025-04-10 20:11,vadriss,en,Grand Theft Auto V,Day 10 of UNCAPPED Birthday SUBATHON | Merch LAUNCH!!! | !merch !subathon !goals,"['English', 'Gay', 'femboy', 'LGBTQ', 'twitchprideguild']",['MatureGame'],False
20,2025-04-10 20:11,jalensyd,en,Minecraft,HORROR IM SCARED,"['minecraft', 'Horror', 'horrorgames', 'English']",[],False
20,2025-04-10 20:11,Clix,en,Fortnite,🏆 FNCS PLAY-INS DAY 2 🏆 | NEW UNRELEASED  ADVENTURE SKINS | LETS HAVE A GREAT DAY,['English'],[],False
20,2025-04-10 20:11,AussieAntics,en,Fortnite,🏆 WATCHING FNCS NA OPENS 🏆PETE POV IN REPLAYS 👀 FNCS GRAND-FINALS IN 16 DAYS ⏰,['English'],[],False
20,2025-04-10 20:11,Aspen,en,Overwatch 2,OVERWATCH TIME.... NEW VID -> !newvid // PO BOX IS LIVE -> !pobox,['English'],[],False
20,2025-04-10 20:11,DeffWR,tr,Knight Online,ZERO ASAS PK DEFF TO EASY,"['Türkçe', 'knightonline', 'knightonlinexp', 'zero', 'knightonlinezero', 'knightonlineasas']",[],False
20,2025-04-10 20:11,T3UZZZ94,it,Call of Duty: Warzone,Cancari Team on🔥[Warzone]🔥 Daghe forsa 💪💪   !ds !instagram !tiktok !telegram,"['chiacchiere', 'Italiano', 'sub', 'amazonprime', 'T3UZZZ94', 'bo6', 'warzone', 'season3', 'DropAbilitati']",['MatureGame'],False
20,2025-04-10 20:11,a_ChiC,en,Sea of Thieves,Solo Sloopin' TTS100 !specs,"['Friends', 'Games', 'woman', 'English']",[],False
21,2025-04-10 20:19,Clix,en,Fortnite,🏆 FNCS PLAY-INS DAY 2 🏆 | NEW UNRELEASED  ADVENTURE SKINS | LETS HAVE A GREAT DAY,['English'],[],False
21,2025-04-10 20:19,vadriss,en,Grand Theft Auto V,Day 10 of UNCAPPED Birthday SUBATHON | Merch LAUNCH!!! | !merch !subathon !goals,"['English', 'Gay', 'femboy', 'LGBTQ', 'twitchprideguild']",['MatureGame'],False
21,2025-04-10 20:19,jalensyd,en,Minecraft,HORROR IM SCARED,"['minecraft', 'Horror', 'horrorgames', 'English']",[],False
21,2025-04-10 20:19,AussieAntics,en,Fortnite,🏆 WATCHING FNCS NA OPENS 🏆PETE POV IN REPLAYS 👀 FNCS GRAND-FINALS IN 16 DAYS ⏰,['English'],[],False
21,2025-04-10 20:20,Aspen,en,Overwatch 2,OVERWATCH TIME.... NEW VID -> !newvid // PO BOX IS LIVE -> !pobox,['English'],[],False
21,2025-04-10 20:20,Jynxzi,en,EA Sports FC 25,[100/365] 😍 20 WOMEN vs SIR PINEAPPLE @ 8PM ET 😍,['English'],[],False
21,2025-04-10 20:20,iShoya_,en,Little Nightmares II,Finishing Little Nightmares 2!,"['English', 'iShoya', 'Penguin', 'littlenightmares2']",[],False
21,2025-04-10 20:20,fryboi4268,en,Minecraft,Minecraft HATES me,"['English', 'TalksToChat', 'Everyoneiswelcome']",[],False
21,2025-04-10 20:20,okiitos,en,ROBLOX,🐰 ITZ APRIL |🐇  THURSDAY LIVE STREAM | 🥚 LETS  PLAY SOME LIT FUN GAMES W🐣 OKIITOS CREW🌷 / AND CHILL!!!🥚,"['English', 'roblox', 'playingwithchat', 'gaming', 'fun']",[],False
22,2025-04-10 20:29,Clix,en,Fortnite,🏆 FNCS PLAY-INS DAY 2 🏆 | NEW UNRELEASED  ADVENTURE SKINS | LETS HAVE A GREAT DAY,['English'],[],False
22,2025-04-10 20:29,vadriss,en,Grand Theft Auto V,Day 10 of UNCAPPED Birthday SUBATHON | Merch LAUNCH!!! | !merch !subathon !goals,"['English', 'Gay', 'femboy', 'LGBTQ', 'twitchprideguild']",['MatureGame'],False
22,2025-04-10 20:29,jalensyd,en,Minecraft,HORROR IM SCARED,"['minecraft', 'Horror', 'horrorgames', 'English']",[],False
22,2025-04-10 20:29,AussieAntics,en,Fortnite,🏆 WATCHING FNCS NA OPENS 🏆PETE POV IN REPLAYS 👀 FNCS GRAND-FINALS IN 16 DAYS ⏰,['English'],[],False
22,2025-04-10 20:29,KreekCraft,en,ROBLOX,🚨 NEW ROBLOX UPDATES 🚨 NEW DOORS GAME 🚨 ROBUX GIVEAWAY 🚨 ROBLOX LIVE,"['roblox', 'robux', 'ADHD', 'chill', 'LOUD', 'gaming', 'funny', 'Chatty', 'Cozy', 'gamer']",[],False
22,2025-04-10 20:29,Jynxzi,en,EA Sports FC 25,[100/365] 😍 20 WOMEN vs SIR PINEAPPLE @ 8PM ET 😍,['English'],[],False
22,2025-04-10 20:30,faxuty,en,Fortnite,🏆 WATCHING FNCS MAJOR 2 DAY 2 🏆 | 🚨 GAMETIME GET IN HERE 🚨 | !zw !twitter !ig,['English'],[],False
22,2025-04-10 20:30,buckefps,en,Fortnite,🏆WINNING FNCS W/ @OKIS @camsznn_  (2 MIN DELAY)🏆 | USE CODE BUCKE #ad | !dropcalc !1v1 !code !rivox,['English'],[],False
22,2025-04-10 20:30,Khanada_,en,Fortnite,FNCS | !comm !trio !prime,"['Fortnite', 'English']",[],False
23,2025-04-11 00:01,vadriss,en,Grand Theft Auto V,Day 10 of UNCAPPED Birthday SUBATHON | Merch LAUNCH!!! | !merch !subathon !goals,"['English', 'Gay', 'femboy', 'LGBTQ', 'twitchprideguild']",['MatureGame'],False
23,2025-04-11 00:02,Clix,en,Fortnite,🏆 BIG 3V3 ZONE WARS 🏆 | NEW UNRELEASED ADVENTURE TIME SKINS,['English'],[],False
23,2025-04-11 00:02,6trace,en,Fortnite,CUSTOMS RELOAD/BR CODE: 6trace NA E - Creator Code: 6trace Epic: Trace6ix 🎁GIVEAWAYS EVERY WEEKEND🎁 FAMILY FRIENDLY - PLAYING WITH VIEWERS,"['English', 'Fortnite', 'Shooter', 'IRL', 'AdventureGame', 'Action', 'fps', 'Strategy', 'nickeh30', 'clix']",[],False
23,2025-04-11 00:02,KaiCenat,en,Just Chatting,👑LOCK IN👑THE BIGGEST DWARF👑ELITE GAMER👑MGM👑BIG STREAM👑,"['English', 'ADHD', 'LOUD', 'gaming', 'AMP']",[],False
23,2025-04-11 00:02,Karhus,en,League of Legends,🚨🔴 CHALLENGER KARTHUS JUNGLE / BOT 🔴🚨| !clear | !guide | !youtube | !discord | !old,"['English', 'Challenger', 'Karthus', 'Educational']",[],False
23,2025-04-11 00:02,caseoh_,en,Half Sword,🟨PREPARED FOR BATTLE🟨,['English'],[],False
23,2025-04-11 00:02,CursedFiber78,es,Overwatch 2,💥💎ROAD TO MASTER SOLO Q💎TOP 10 FACEIT🟠!FACEIT PARA UNIRTE AL CLUB🟠NO SON TANTOS ANUCIOS NO MAME💎REDES:@CursedFiber78,"['Español', 'malabarista', 'drops', 'tupapá', 'Elmejorstreamerdelmundo', 'OverwatchRanked', 'ElmejorREAPER', 'tortilla']",[],False
23,2025-04-11 00:02,hiimsky,en,Overwatch 2,hi!! champ tank/zarya grind (6v6) ^ . _ . ^ I GOT THE POLAR BEAR SPRAY :D,"['SPEEDSPORT', 'English', 'zarya', 'plink', 'zarya', 'zarya', 'zarya', 'zarya']",[],False
23,2025-04-11 00:02,supertf,en,Marvel Rivals,pursuing greatness with each step taken as the tales of my dominance spread throughout the lands between,"['FleshTuber', 'English']",[],False
24,2025-04-11 00:12,vadriss,en,Grand Theft Auto V,Day 10 of UNCAPPED Birthday SUBATHON | Merch LAUNCH!!! | !merch !subathon !goals,"['English', 'Gay', 'femboy', 'LGBTQ', 'twitchprideguild']",['MatureGame'],False
24,2025-04-11 00:12,Clix,en,Fortnite,🏆 BIG 3V3 ZONE WARS 🏆 | NEW UNRELEASED ADVENTURE TIME SKINS,['English'],[],False
24,2025-04-11 00:12,6trace,en,Fortnite,CUSTOMS RELOAD/BR CODE: 6trace NA E - Creator Code: 6trace Epic: Trace6ix 🎁GIVEAWAYS EVERY WEEKEND🎁 FAMILY FRIENDLY - PLAYING WITH VIEWERS,"['English', 'Fortnite', 'Shooter', 'IRL', 'AdventureGame', 'Action', 'fps', 'Strategy', 'nickeh30', 'clix']",[],False
24,2025-04-11 00:12,Aspen,en,Overwatch 2,OVERWATCH TIME.... NEW VID -> !newvid // PO BOX IS LIVE -> !pobox,['English'],[],False
24,2025-04-11 00:12,Karhus,en,League of Legends,🚨🔴 CHALLENGER KARTHUS JUNGLE / BOT 🔴🚨| !clear | !guide | !youtube | !discord | !old,"['English', 'Challenger', 'Karthus', 'Educational']",[],False
24,2025-04-11 00:12,KaiCenat,en,Just Chatting,👑LOCK IN👑THE BIGGEST DWARF👑ELITE GAMER👑MGM👑BIG STREAM👑,"['English', 'ADHD', 'LOUD', 'gaming', 'AMP']",[],False
24,2025-04-11 00:13,faxuty,en,Fortnite,🏆 BIG 3V3 ZW TOKEN W/ @Peterbot @Tkayszn 🏆 | 🚨 GAMETIME GET IN HERE 🚨 | !zw !twitter !ig,['English'],[],False
24,2025-04-11 00:13,AsianJeff,en,IRL,11th place fncs play-ins going to get in and out | !socials !1v1 !community,['English'],[],False
24,2025-04-11 00:13,stableronaldo,en,Just Chatting,SECRET STREAM LATE NIGHT WE LIVE [twitter/insta stableronaldo] !snap !com !sub,"['FaZe', 'English']",[],False
25,2025-04-11 04:02,vadriss,en,Grand Theft Auto V,Day 10 of UNCAPPED Birthday SUBATHON | Merch LAUNCH!!! | !merch !subathon !goals,"['English', 'Gay', 'femboy', 'LGBTQ', 'twitchprideguild']",['MatureGame'],False
25,2025-04-11 04:02,Oatley,en,Fortnite,"OCE SOLO CASH CUP | Code ""Oatley"" #ad | !socials !youtube !fncs !delay","['FamilyFriendly', 'Fortnite', 'BattleRoyale', 'Multiplayer', 'Competitive', 'Professional', 'Positivity', 'PC', 'English']",[],False
25,2025-04-11 04:02,zoolon888,en,Minecraft,HCMC F it Friday Lets Go,"['LGBTQPlus', 'Safespace4all', 'Minecraft', 'DyslexicStreamer', 'english', 'Hardcore', 'English']",[],False
25,2025-04-11 04:02,Genie,en,Brawl Stars,Pushing MINI to PRO RANK  (SUB=ADD),['English'],[],False
25,2025-04-11 04:02,CarlCrafts,en,Minecraft,9500+ DAYS HARDCORE - LOOKING FOR A GAPPLE,"['Australian', 'ADHD', 'Hardcore', 'English', 'Neurodivergent', 'Aussie', 'ClosedCaptions', 'Beard', 'vanilla', 'OCE']",[],False
25,2025-04-11 04:02,Karhus,en,League of Legends,🚨🔴 CHALLENGER KARTHUS JUNGLE / BOT 🔴🚨| !clear | !guide | !youtube | !discord | !old,"['English', 'Challenger', 'Karthus', 'Educational']",[],False
25,2025-04-11 04:02,Bwipolol,en,League of Legends,Challenger tier educational TOP LANE gameplay,"['Speedrunning', 'English', 'Challenger', 'soloqueue']",[],False
25,2025-04-11 04:02,Broxah,en,League of Legends,🟢 WHEEL SPIN CHALLENGE. GAME ON! 🟢 !prime !social !youtube,"['ASMR', 'English']",[],True
25,2025-04-11 04:02,perryjg,en,League of Legends,KOREA DAY 9 | 630 LP Start | !coaching !discord !korealineup !race !rank !KRacc !KRbet !crashout,['English'],[],False
26,2025-04-11 04:09,vadriss,en,Grand Theft Auto V,Day 10 of UNCAPPED Birthday SUBATHON | Merch LAUNCH!!! | !merch !subathon !goals,"['English', 'Gay', 'femboy', 'LGBTQ', 'twitchprideguild']",['MatureGame'],False
26,2025-04-11 04:09,Oatley,en,Fortnite,"OCE SOLO CASH CUP | Code ""Oatley"" #ad | !socials !youtube !fncs !delay","['FamilyFriendly', 'Fortnite', 'BattleRoyale', 'Multiplayer', 'Competitive', 'Professional', 'Positivity', 'PC', 'English']",[],False
26,2025-04-11 04:10,zoolon888,en,Minecraft,HCMC F it Friday Lets Go,"['LGBTQPlus', 'Safespace4all', 'Minecraft', 'DyslexicStreamer', 'english', 'Hardcore', 'English']",[],False
26,2025-04-11 04:10,Karhus,en,League of Legends,🚨🔴 CHALLENGER KARTHUS JUNGLE / BOT 🔴🚨| !clear | !guide | !youtube | !discord | !old,"['English', 'Challenger', 'Karthus', 'Educational']",[],False
26,2025-04-11 04:10,Genie,en,Brawl Stars,Pushing MINI to PRO RANK  (SUB=ADD),['English'],[],False
26,2025-04-11 04:10,CarlCrafts,en,Minecraft,9500+ DAYS HARDCORE - LOOKING FOR A GAPPLE,"['Australian', 'ADHD', 'Hardcore', 'English', 'Neurodivergent', 'Aussie', 'ClosedCaptions', 'Beard', 'vanilla', 'OCE']",[],False
26,2025-04-11 04:10,NM_RoseyChess,en,Chess,Chess night with WCMYesun !yesun,"['chess', 'English', 'gamer']",[],False
26,2025-04-11 04:10,HannahSayce,en,Chess,2025 Melbourne Open 2025 Round 7: Commentary by @notJowol,"['chess', 'Strategy', 'Woman', 'English', 'Australia', 'AU', 'OCE', 'Goose', 'donkey']",[],False
26,2025-04-11 04:10,queyoueye,en,Slime Rancher,We have to raise flight money,['English'],[],False
27,2025-04-11 04:21,vadriss,en,Grand Theft Auto V,Day 10 of UNCAPPED Birthday SUBATHON | Merch LAUNCH!!! | !merch !subathon !goals,"['English', 'Gay', 'femboy', 'LGBTQ', 'twitchprideguild']",['MatureGame'],False
27,2025-04-11 04:21,CarlCrafts,en,Minecraft,9500+ DAYS HARDCORE - LOOKING FOR A GAPPLE,"['Australian', 'ADHD', 'Hardcore', 'English', 'Neurodivergent', 'Aussie', 'ClosedCaptions', 'Beard', 'vanilla', 'OCE']",[],False
27,2025-04-11 04:21,zoolon888,en,Minecraft,HCMC F it Friday Lets Go,"['LGBTQPlus', 'Safespace4all', 'Minecraft', 'DyslexicStreamer', 'english', 'Hardcore', 'English']",[],False
27,2025-04-11 04:21,Oatley,en,Fortnite,"OCE SOLO CASH CUP | Code ""Oatley"" #ad | !socials !youtube !fncs !delay","['FamilyFriendly', 'Fortnite', 'BattleRoyale', 'Multiplayer', 'Competitive', 'Professional', 'Positivity', 'PC', 'English']",[],False
27,2025-04-11 04:21,danielharrison,en,Counter-Strike,IT'S THE DAY REBECCA BLACK WAS BORN - THE 10K PUSH,['English'],['MatureGame'],False
27,2025-04-11 04:21,flotsam,en,Wildgate,Space Pirates w/ @cjshiz (more Sea of Thieves tomorrow),"['Solo', 'PvP', 'English']",[],False
27,2025-04-11 04:21,karsonliftz,en,VALORANT,Road to Plat | !program !dc !bd !hugesupps !helimix !ig !yt !spotify !gym !chill !sad,"['English', 'valorant']",[],False
27,2025-04-11 04:21,Keeoh,en,Apex Legends,« 24 HOURS OF APEX (pt 2) CAN WE HIT MASTER?? (!newvid) » 🥝 « !merch » 🥝 1 SUB = 1 backflip coin (!injury) 🥝 follow @keeoh,"['English', 'DropsEnabled']",[],False
27,2025-04-11 04:21,will1us,en,VALORANT,new res new sens new me,"['fps', 'English', 'immortal']",[],False
28,2025-04-11 08:02,Oatley,en,Fortnite,"OCE SOLO CASH CUP | Code ""Oatley"" #ad | !socials !youtube !fncs !delay","['FamilyFriendly', 'Fortnite', 'BattleRoyale', 'Multiplayer', 'Competitive', 'Professional', 'Positivity', 'PC', 'English']",[],False
28,2025-04-11 08:02,Nautilifts,en,Marvel Rivals,☢️RANK #1 BRUCE BANNER☢️ || MR S2 Waiting Room // long stream ➔ !tiktok !discord,"['English', 'chill', 'aura', 'Marvel', 'marvelrivals', 'BruceBanner']",[],True
28,2025-04-11 08:02,ebageI,en,Call of Duty: Warzone,[DROPS] PR grinding - Rivals Season 2 Waiting Room 🔥| #MarvelRivalsPartner !socials !discord !Wishlist,"['Ally', 'SafeSpaceForAll', 'Friendly', 'Comfy', 'English', 'Female', 'emo', 'PlayingwithViewers', 'Competitive', 'Swag']",['MatureGame'],False
28,2025-04-11 08:02,Necros,en,Marvel Rivals,[!DROPS ENABLED] SEASON 2 IS FINALLY HERE. EMMA FROST HAS COME AND SO HAVE I.,"['English', 'spiderman', 'blackpanther']",[],False
28,2025-04-11 08:02,danielharrison,en,Counter-Strike,IT'S THE DAY REBECCA BLACK WAS BORN - THE 10K PUSH,['English'],['MatureGame'],False
28,2025-04-11 08:02,PewDiePie,en,Resident Evil 7: Biohazard,Fright-Day with PewDiePie ∞ Binge @PewDiePie vids 24/7 with chat ∞ !video,"['Minecraft', 'YouTube', 'AlwaysOn', 'English', 'Rerun']",['MatureGame'],True
28,2025-04-11 08:03,flotsam,en,Wildgate,Space Pirates w/ @cjshiz (more Sea of Thieves tomorrow),"['Solo', 'PvP', 'English']",[],False
28,2025-04-11 08:03,itswight,en,Sea of Thieves,secret stream don't tell anyone,"['Australia', 'Anime', 'Comedy', 'JustChatting', 'Reaction', 'Anygifters', 'English', 'SeaOfThievesPartner']",[],False
28,2025-04-11 08:03,parzival_td,de,Schedule I,💥Krasse Ticker GmbH & Koks KG wieder am Start💥Sea of Thieves Partner 💥 !dc !socials !controller,"['Deutsch', 'SoTPartner', 'seaofthieves', 'SeaOfThievesPartner']",['MatureGame'],False
29,2025-04-11 08:13,Oatley,en,Fortnite,"OCE SOLO CASH CUP | Code ""Oatley"" #ad | !socials !youtube !fncs !delay","['FamilyFriendly', 'Fortnite', 'BattleRoyale', 'Multiplayer', 'Competitive', 'Professional', 'Positivity', 'PC', 'English']",[],False
29,2025-04-11 08:14,Nautilifts,en,Marvel Rivals,☢️RANK #1 BRUCE BANNER☢️ || MR S2 Waiting Room // long stream ➔ !tiktok !discord,"['English', 'chill', 'aura', 'Marvel', 'marvelrivals', 'BruceBanner']",[],True
29,2025-04-11 08:14,ebageI,en,Marvel Rivals,[DROPS] SEASON 2 GOONIN' SESH 🔥| #MarvelRivalsPartner !socials !discord !Wishlist,"['Ally', 'SafeSpaceForAll', 'Friendly', 'Comfy', 'English', 'Female', 'emo', 'PlayingwithViewers', 'Competitive', 'Swag']",[],False
29,2025-04-11 08:14,Necros,en,Marvel Rivals,[!DROPS ENABLED] SEASON 2 IS FINALLY HERE. EMMA FROST HAS COME AND SO HAVE I.,"['English', 'spiderman', 'blackpanther']",[],False
29,2025-04-11 08:14,MrZacCas,en,Just Chatting,🏁🚦MARIO KART Wii 🚦🏁/ GOATED GAME !!!,"['English', 'Speedrun', 'gaming', 'IRL', 'Speedrunner', 'Australia', 'American', 'drops']",[],False
29,2025-04-11 08:14,ApexDabi,en,Marvel Rivals,🚨NEW [!DROPS]🚨SEASON 2 TODAY!!!!!!!!🚨VANGUARD MAIN🚨 TRAINING ARC🚨DESTROYER OF HAY BALES @ApexDabi,"['Morocco', 'English', 'PVP', 'ADHD', 'marvel', 'marvelrivals', 'TOP500', 'DROPS']",[],False
29,2025-04-11 08:14,Andr3wOW,en,Marvel Rivals,"[!DROPS ENABLED] #1 VENOM GLOBAL ""whyAndr3w"" ☆ SEASON 2 IS FINALLY HERE ☆ VORTEX X ANDR3W COLLAB !vortex !pc","['English', 'Venom', 'Magneto', 'Competitive', 'Vanguard', 'Educational', 'Top500']",[],False
29,2025-04-11 08:14,MarvelRivals,en,Marvel Rivals,[Replay] Marvel Rivals Championship S1 | Grand Final Day | ASIA-EU-NA,"['superhero', 'Shooter', '6v6', 'marvelrivals', 'Action', 'English']",[],False
29,2025-04-11 08:14,m0xyy,en,Marvel Rivals,[DROPS] 🟥 SEASON 2 HYPE 🟥 RANKED DOMINATION 🟥[NOT SCUFFED] !allegations,['English'],[],False
30,2025-04-11 08:23,Nautilifts,en,Marvel Rivals,☢️RANK #1 BRUCE BANNER☢️ || MR S2 Waiting Room // long stream ➔ !tiktok !discord,"['English', 'chill', 'aura', 'Marvel', 'marvelrivals', 'BruceBanner']",[],True
30,2025-04-11 08:23,Oatley,en,Fortnite,"ASIA SOLO CASH CUP | Code ""Oatley"" #ad | !socials !youtube !fncs !delay","['FamilyFriendly', 'Fortnite', 'BattleRoyale', 'Multiplayer', 'Competitive', 'Professional', 'Positivity', 'PC', 'English']",[],False
30,2025-04-11 08:24,ebageI,en,Marvel Rivals,[DROPS] SEASON 2 GOONIN' SESH 🔥| #MarvelRivalsPartner !socials !discord !Wishlist,"['Ally', 'SafeSpaceForAll', 'Friendly', 'Comfy', 'English', 'Female', 'emo', 'PlayingwithViewers', 'Competitive', 'Swag']",[],False
30,2025-04-11 08:24,Necros,en,Marvel Rivals,[!DROPS ENABLED] SEASON 2 IS FINALLY HERE. EMMA FROST HAS COME AND SO HAVE I.,"['English', 'spiderman', 'blackpanther']",[],False
30,2025-04-11 08:24,ApexDabi,en,Marvel Rivals,🚨NEW [!DROPS]🚨SEASON 2 TODAY!!!!!!!!🚨VANGUARD MAIN🚨 TRAINING ARC🚨DESTROYER OF HAY BALES @ApexDabi,"['Morocco', 'English', 'PVP', 'ADHD', 'marvel', 'marvelrivals', 'TOP500', 'DROPS']",[],False
30,2025-04-11 08:24,MrZacCas,en,Just Chatting,🏁🚦MARIO KART Wii 🚦🏁/ GOATED GAME !!!,"['English', 'Speedrun', 'gaming', 'IRL', 'Speedrunner', 'Australia', 'American', 'drops']",[],False
30,2025-04-11 08:24,galaxy_battle_cstv,en,Counter-Strike,ECSTATIC 0:0 Sashi Bo3 | Group Stage | EN Cast: @mett_cs2 & @twist2op | Observers: @wan43r & @evolution_cast,['English'],['MatureGame'],False
30,2025-04-11 08:24,dima_wallhacks,en,Counter-Strike,🔴 jL vs. EVERY FACEIT RANK (100 ELO -> 4000 ELO) 🔴 !map !disability !skinsmonkey,"['140IQ', 'English', 'ASMR', 'forsen']",['MatureGame'],False
30,2025-04-11 08:24,fl0m,en,Counter-Strike,PGL Bucharest 2025 - Quarter Finals 🥗 road to 1 million followers,"['BEARD', 'Washed', 'Pro', 'CONTENT', 'FAT', 'NotFat', 'NOTlate', 'SwoleDaddy', 'English']",['MatureGame'],True
31,2025-04-11 08:31,Nautilifts,en,Marvel Rivals,☢️RANK #1 BRUCE BANNER☢️ || MR S2 Waiting Room // long stream ➔ !tiktok !discord,"['English', 'chill', 'aura', 'Marvel', 'marvelrivals', 'BruceBanner']",[],True
31,2025-04-11 08:31,Oatley,en,Fortnite,"ASIA SOLO CASH CUP | Code ""Oatley"" #ad | !socials !youtube !fncs !delay","['FamilyFriendly', 'Fortnite', 'BattleRoyale', 'Multiplayer', 'Competitive', 'Professional', 'Positivity', 'PC', 'English']",[],False
31,2025-04-11 08:32,ebageI,en,Marvel Rivals,[DROPS] SEASON 2 GOONIN' SESH 🔥| #MarvelRivalsPartner !socials !discord !Wishlist,"['Ally', 'SafeSpaceForAll', 'Friendly', 'Comfy', 'English', 'Female', 'emo', 'PlayingwithViewers', 'Competitive', 'Swag']",[],False
31,2025-04-11 08:32,Necros,en,Marvel Rivals,[!DROPS ENABLED] SEASON 2 IS FINALLY HERE. EMMA FROST HAS COME AND SO HAVE I.,"['English', 'spiderman', 'blackpanther']",[],False
31,2025-04-11 08:32,ApexDabi,en,Marvel Rivals,🚨NEW [!DROPS]🚨SEASON 2 TODAY!!!!!!!!🚨VANGUARD MAIN🚨 TRAINING ARC🚨DESTROYER OF HAY BALES @ApexDabi,"['Morocco', 'English', 'PVP', 'ADHD', 'marvel', 'marvelrivals', 'TOP500', 'DROPS']",[],False
31,2025-04-11 08:32,MrZacCas,en,Just Chatting,🏁🚦MARIO KART Wii 🚦🏁/ GOATED GAME !!!,"['English', 'Speedrun', 'gaming', 'IRL', 'Speedrunner', 'Australia', 'American', 'drops']",[],False
31,2025-04-11 08:32,AthAges,fr,Dragon Ball: Xenoverse 2,Dragon Ball Xenoverse 2 (La Fin ?) -PC- !VRA !VERT !RC !linktree,"['retro', 'sega', 'dreamcast', 'sport', 'vr', 'Wrestling', 'react', 'puzzle', 'Français', 'Chill']",[],False
31,2025-04-11 08:32,Censor,en,Call of Duty: Black Ops 6,#1 RANKED POV 🟢 NEW MAPS 🟢 ROAD TO #1 RANKED,['English'],['MatureGame'],False
31,2025-04-11 08:32,yakovtsev20,ru,Grand Theft Auto IV,GTA 4 Speedrun Any% Sub 3:30 Channel KulturaTV,"['Сахалин', 'Русский', 'Speedrun', 'Шизофрения', 'BattlefieldV', 'DeadbyDaylight', 'GrandTheftAutoIV', 'Культура', 'КультураТв']",['MatureGame'],False
32,2025-04-11 12:02,Grimm,en,VALORANT,washed up sage plays valorant ranked until he loses his mind or gets radiant back,['English'],[],False
32,2025-04-11 12:02,MrZacCas,en,IRL,⚠️🧟THE WALKING DEAD 🧟⚠️FULL GAME SERIES PART 1 !,"['English', 'Speedrun', 'gaming', 'IRL', 'Speedrunner', 'Australia', 'American', 'drops']",[],False
32,2025-04-11 12:02,ebageI,en,Marvel Rivals,[DROPS] SEASON 2 GOONIN' SESH 🔥| #MarvelRivalsPartner !socials !discord !Wishlist,"['Ally', 'SafeSpaceForAll', 'Friendly', 'Comfy', 'English', 'Female', 'emo', 'PlayingwithViewers', 'Competitive', 'Swag']",[],False
32,2025-04-11 12:02,Thebausffs,en,League of Legends,Styling on my enemies!,['English'],[],False
32,2025-04-11 12:02,kraandop,en,Overwatch 2,[!KRAANDROPS] FPL AND RANKED DOMINATOR. 75%+ WINRATE TODAY. !GG !VIDEO,"['Nederlands', 'English']",[],False
32,2025-04-11 12:02,ApexDabi,en,Marvel Rivals,🚨NEW [!DROPS]🚨SEASON 2 TODAY!!!!!!!!🚨VANGUARD MAIN🚨 TRAINING ARC🚨DESTROYER OF HAY BALES @ApexDabi,"['Morocco', 'English', 'PVP', 'ADHD', 'marvel', 'marvelrivals', 'TOP500', 'DROPS', 'DropsEnabled']",[],False
32,2025-04-11 12:02,freshyboi315,en,ROBLOX,WHO CAN BEAT ME IN BLUE LOCK RIVALS JOIN IN ARISE CROSSOVER,['English'],[],False
32,2025-04-11 12:02,AndyTheThiccer,en,EA Sports FC 25,🦅 Benfica Career Mode (S4) 🦅 Realistic Career Mode! 🦅 | !discord,"['Friendly', 'English', 'chill', 'realistic', 'rtg', 'careermode', 'packs', 'evolutions', 'evos']",[],False
32,2025-04-11 12:02,not_m1nh,en,ROBLOX,DAY 4 (NOOB TO PRO) PLAYING ANIME LAST STAND + NEW YT VIDEO,"['English', 'asain']",[],False
33,2025-04-11 12:10,Grimm,en,VALORANT,washed up sage plays valorant ranked until he loses his mind or gets radiant back,['English'],[],False
33,2025-04-11 12:11,jacmafia,en,ROBLOX,(DAY 113)JBA SIGNINGS DAY 2!🚽Pro Gamer🪠!donate for TTS,"['ProGaming', 'English']",[],False
33,2025-04-11 12:11,ebageI,en,Marvel Rivals,[DROPS] SEASON 2 GOONIN' SESH 🔥| #MarvelRivalsPartner !socials !discord !Wishlist,"['Ally', 'SafeSpaceForAll', 'Friendly', 'Comfy', 'English', 'Female', 'emo', 'PlayingwithViewers', 'Competitive', 'Swag']",[],False
33,2025-04-11 12:11,MrZacCas,en,IRL,⚠️🧟THE WALKING DEAD 🧟⚠️FULL GAME SERIES PART 1 !,"['English', 'Speedrun', 'gaming', 'IRL', 'Speedrunner', 'Australia', 'American', 'drops']",[],False
33,2025-04-11 12:11,Thebausffs,en,League of Legends,Styling on my enemies!,['English'],[],False
33,2025-04-11 12:11,Kashy,en,ROBLOX,🚨KEN🚨CARSON🚨DROPPED🚨!Newvid,"['Interactive', 'English', 'vibes', 'rivals']",[],False
33,2025-04-11 12:11,tt_nz,en,Grand Theft Auto V,Hydrate RP | Lil T up to mischief | 4Skins | !hydrate | FiveM,"['FiveM', 'English']",['MatureGame'],False
33,2025-04-11 12:11,Tyrone,en,Grand Theft Auto V,BIGGEST CRASHOUT🔴UNIQUE RP🔴REACTIONS🔴 CLICK HERE ASAP🔴,['English'],['MatureGame'],False
33,2025-04-11 12:11,harriettcxo,en,Grand Theft Auto V,DOGHOUSE? 🤔 AYRA PHOENIX 🐦  PET SHOP 🐾 559 🔷 JESSICA BENSON 👮🏼‍♀️ URP OWNER 🧡 inZOI CREATOR 💙EPISODE 64 🎥 !UNSTOPPABLE !WL !,"['fivem', 'gtarp', 'girlgamer', 'gtav', 'gtaroleplayer', 'unstoppablerp', 'unstoppable', 'gtaroleplay', 'amonbet', 'inzoi']",['MatureGame'],False
34,2025-04-11 12:22,Grimm,en,VALORANT,washed up sage plays valorant ranked until he loses his mind or gets radiant back,['English'],[],False
34,2025-04-11 12:22,jacmafia,en,ROBLOX,(DAY 113)JBA SIGNINGS DAY 2!🚽Pro Gamer🪠!donate for TTS,"['ProGaming', 'English']",[],False
34,2025-04-11 12:22,ebageI,en,Marvel Rivals,[DROPS] SEASON 2 GOONIN' SESH 🔥| #MarvelRivalsPartner !socials !discord !Wishlist,"['Ally', 'SafeSpaceForAll', 'Friendly', 'Comfy', 'English', 'Female', 'emo', 'PlayingwithViewers', 'Competitive', 'Swag']",[],False
34,2025-04-11 12:22,MrZacCas,en,IRL,⚠️🧟THE WALKING DEAD 🧟⚠️FULL GAME SERIES PART 1 !,"['English', 'Speedrun', 'gaming', 'IRL', 'Speedrunner', 'Australia', 'American', 'drops']",[],False
34,2025-04-11 12:22,Thebausffs,en,League of Legends,Styling on my enemies!,['English'],[],False
34,2025-04-11 12:22,Kashy,en,ROBLOX,🚨KEN🚨CARSON🚨DROPPED🚨!Newvid,"['Interactive', 'English', 'vibes', 'rivals']",[],False
34,2025-04-11 12:23,alvicates,en,Overwatch 2,FPL // CHAMP 2 GENJI // Broskiis.. Fxkk desire… The Buddha just gave us enlightenment for a whole eternity! Is he the holiest? // !VIDEO,"['English', 'Lithuanian', 'Handicapped', 'kpop', 'losersQ', 'Mercy', 'whiteboymagic']",[],False
34,2025-04-11 12:23,Emongg,en,Overwatch 2,OVERWATCH 2 GAMING and SUBNAUTICA later,['English'],[],False
34,2025-04-11 12:23,dafran,en,Marvel Rivals,"[DROPS] Marvel Rivals, Season 2, Hellfire Gala and Emma Frost! #AD","['English', 'DropsEnabled']",[],False
35,2025-04-11 16:02,AussieAntics,en,Fortnite,🏆 WATCHING SOLO CASH CUP 🏆 FNCS GRAND-FINALS IN 15 DAYS ⏰,['English'],[],False
35,2025-04-11 16:02,jirotf16,en,EA Sports FC 25,⛓️FC25 ASTON VILLA CAREER MODE!⛓️THE UCL IS IMPOSSIBLE TO WIN!⛓️!COMMUNITY⛓️!WHEEL⛓️!PRIME⛓️FC25!⛓️VARIETY⛓️,"['fc25', 'eafc25', 'careermode', 'English']",[],False
35,2025-04-11 16:02,sixsav,en,Marvel Rivals,(DROPS ENABLED) NEW SEASON NEW SPIDER-MAN SKIN TIME TO CONQUER THE RANKS WITH RAGE-BAIT SPIDER-MAN,"['PC', 'PvP', 'Multiplayer', 'English', 'DropsEnabled']",[],False
35,2025-04-11 16:02,Philza,en,Minecraft,Almost 6 Year Hardcore World! 1.21.4 • NEW HARDCORE VID TMORO • !project !s4 !merch !pack,"['English', 'distracted', 'British', 'Hardcore', 'chill']",[],False
35,2025-04-11 16:02,ApexDabi,en,Marvel Rivals,🚨NEW [!DROPS]🚨SEASON 2 TODAY!!!!!!!!🚨VANGUARD MAIN🚨 TRAINING ARC🚨DESTROYER OF HAY BALES @ApexDabi,"['Morocco', 'English', 'PVP', 'ADHD', 'marvel', 'marvelrivals', 'TOP500', 'DROPS', 'DropsEnabled']",[],False
35,2025-04-11 16:02,PewDiePie,en,Resident Evil Village,Fright-Day with PewDiePie ∞ Binge @PewDiePie vids 24/7 with chat ∞ !video,"['Minecraft', 'YouTube', 'AlwaysOn', 'English', 'Rerun']",['MatureGame'],True
35,2025-04-11 16:02,Shotz,en,Grand Theft Auto V,The Foundry Vinny Pistone  ProdigyRP 2.5 🐉 !merch !Starforge !Coffee !TTS !Socials 🐉 @shotz @starforgesystem,"['English', 'Shooter', 'Boomer', 'shotz', 'Malding', 'Roleplay', 'STARFORGE']",['MatureGame'],False
35,2025-04-11 16:02,HutchMF,en,Grand Theft Auto V,BUSTIN MAKES ME FEEL GOOD! | !prodigy | !starforge,['English'],['MatureGame'],False
35,2025-04-11 16:02,Client,en,Grand Theft Auto V,Peanut | ProdigyRP | !Socials,"['GTA', 'Roleplay', 'English', 'RP', 'Mature']",['MatureGame'],False
36,2025-04-11 16:09,AussieAntics,en,Fortnite,🏆 WATCHING SOLO CASH CUP 🏆 FNCS GRAND-FINALS IN 15 DAYS ⏰,['English'],[],False
36,2025-04-11 16:09,jirotf16,en,EA Sports FC 25,⛓️FC25 ASTON VILLA CAREER MODE!⛓️THE UCL IS IMPOSSIBLE TO WIN!⛓️!COMMUNITY⛓️!WHEEL⛓️!PRIME⛓️FC25!⛓️VARIETY⛓️,"['fc25', 'eafc25', 'careermode', 'English']",[],False
36,2025-04-11 16:09,sixsav,en,Marvel Rivals,(DROPS ENABLED) NEW SEASON NEW SPIDER-MAN SKIN TIME TO CONQUER THE RANKS WITH RAGE-BAIT SPIDER-MAN,"['PC', 'PvP', 'Multiplayer', 'English', 'DropsEnabled']",[],False
36,2025-04-11 16:09,Philza,en,Minecraft,Almost 6 Year Hardcore World! 1.21.4 • NEW HARDCORE VID TMORO • !project !s4 !merch !pack,"['English', 'distracted', 'British', 'Hardcore', 'chill']",[],False
36,2025-04-11 16:09,JaayMC,en,Minecraft,🌎 Minecraft Survival - NEW Happy Ghasts! | 🌠 Partner Grind Streamathon (Day 15) 🌈 how are you?! | !partner,"['Survival', 'LGBTQ', 'SafeSpace', 'Cape', 'Drops', 'PlayingWithViewers', 'Chill', 'SMP', 'subathon', 'Minecraft']",[],False
36,2025-04-11 16:09,ApexDabi,en,Marvel Rivals,🚨NEW [!DROPS]🚨SEASON 2 TODAY!!!!!!!!🚨VANGUARD MAIN🚨 TRAINING ARC🚨DESTROYER OF HAY BALES @ApexDabi,"['Morocco', 'English', 'PVP', 'ADHD', 'marvel', 'marvelrivals', 'TOP500', 'DROPS', 'DropsEnabled']",[],False
36,2025-04-11 16:09,Andr3wOW,en,Marvel Rivals,[!DROPS ENABLED] RANK 1 EMMA FROST (AND VENOM) ☆ VORTEX X ANDR3W COLLAB !vortex !pc,"['English', 'Venom', 'Magneto', 'Competitive', 'Vanguard', 'Educational', 'Top500', 'EmmaFrost']",[],False
36,2025-04-11 16:09,Flats,en,Marvel Rivals,[!DROPS ENABLED] NEW SEASON + EMMA FROST IS HERE!! !gamersupps !newYT !tiktok2,"['English', 'DropsEnabled']",[],False
36,2025-04-11 16:09,bogur,en,Marvel Rivals,!DROPS elo nuclear bomb ready to launch,"['English', 'bingus', 'silly', 'DropsEnabled']",[],False
37,2025-04-11 16:18,BushCampDad,en,Fortnite,FINN WITH THE RIFT LAUNCHER!! | USE CODE BUSHCAMPDAD #AD,"['camping', 'Bushcamper', 'treecamper', 'BadPlayerAlert', 'cantbuild', 'FamilyFriendly', 'English', 'wordsonstream']",[],False
37,2025-04-11 16:18,Necros,en,Marvel Rivals,[!DROPS ENABLED] SEASON 2 IS FINALLY HERE. EMMA FROST HAS COME AND SO HAVE I.,"['English', 'spiderman', 'blackpanther', 'DropsEnabled']",[],False
37,2025-04-11 16:18,sixsav,en,Marvel Rivals,(DROPS ENABLED) NEW SEASON NEW SPIDER-MAN SKIN TIME TO CONQUER THE RANKS WITH RAGE-BAIT SPIDER-MAN,"['PC', 'PvP', 'Multiplayer', 'English', 'DropsEnabled']",[],False
37,2025-04-11 16:18,JaayMC,en,Minecraft,🌎 Minecraft Survival - NEW Happy Ghasts! | 🌠 Partner Grind Streamathon (Day 15) 🌈 how are you?! | !partner,"['Survival', 'LGBTQ', 'SafeSpace', 'Cape', 'Drops', 'PlayingWithViewers', 'Chill', 'SMP', 'subathon', 'Minecraft']",[],False
37,2025-04-11 16:18,Philza,en,Minecraft,Almost 6 Year Hardcore World! 1.21.4 • NEW HARDCORE VID TMORO • !project !s4 !merch !pack,"['English', 'distracted', 'British', 'Hardcore', 'chill']",[],False
37,2025-04-11 16:19,jirotf16,en,EA Sports FC 25,⛓️FC25 ASTON VILLA CAREER MODE!⛓️THE UCL IS IMPOSSIBLE TO WIN!⛓️!COMMUNITY⛓️!WHEEL⛓️!PRIME⛓️FC25!⛓️VARIETY⛓️,"['fc25', 'eafc25', 'careermode', 'English']",[],False
37,2025-04-11 16:19,LA4AWALE,en,EA Sports FC 25,🚨90x5 SHAREPLAYS🚨IMMORTAL TEAM 2🚨FUT CHAMPS🚨!lootbar !donations !youtube,['English'],[],False
37,2025-04-11 16:19,dannyaarons,en,EA Sports FC 25,"⚠️ 200,000 FC POINTS ⚠️ 90+ X5 TODAY ⚠️ RTG ⚠️ PSN: AannyDarons ⚠️",['English'],[],False
37,2025-04-11 16:19,AuzioMF,en,EA Sports FC 25,90+ x5 PACKS RIGHT NOW! 🚨 !433 !prime !tts @AuzioMF,['English'],[],False
38,2025-04-11 16:25,jirotf16,en,EA Sports FC 25,⛓️FC25 ASTON VILLA CAREER MODE!⛓️THE UCL IS IMPOSSIBLE TO WIN!⛓️!COMMUNITY⛓️!WHEEL⛓️!PRIME⛓️FC25!⛓️VARIETY⛓️,"['fc25', 'eafc25', 'careermode', 'English']",[],False
38,2025-04-11 16:26,AussieAntics,en,Fortnite,🏆 WATCHING SOLO CASH CUP 🏆 FNCS GRAND-FINALS IN 15 DAYS ⏰,['English'],[],False
38,2025-04-11 16:26,sixsav,en,Marvel Rivals,(DROPS ENABLED) NEW SEASON NEW SPIDER-MAN SKIN TIME TO CONQUER THE RANKS WITH RAGE-BAIT SPIDER-MAN,"['PC', 'PvP', 'Multiplayer', 'English', 'DropsEnabled']",[],False
38,2025-04-11 16:26,Philza,en,Minecraft,Almost 6 Year Hardcore World! 1.21.4 • NEW HARDCORE VID TMORO • !project !s4 !merch !pack,"['English', 'distracted', 'British', 'Hardcore', 'chill']",[],False
38,2025-04-11 16:26,Necros,en,Marvel Rivals,[!DROPS ENABLED] SEASON 2 IS FINALLY HERE. EMMA FROST HAS COME AND SO HAVE I.,"['English', 'spiderman', 'blackpanther', 'DropsEnabled']",[],False
38,2025-04-11 16:26,ApexDabi,en,Marvel Rivals,🚨NEW [!DROPS]🚨SEASON 2 TODAY!!!!!!!!🚨VANGUARD MAIN🚨 TRAINING ARC🚨DESTROYER OF HAY BALES @ApexDabi,"['Morocco', 'English', 'PVP', 'ADHD', 'marvel', 'marvelrivals', 'TOP500', 'DROPS', 'DropsEnabled']",[],False
38,2025-04-11 16:26,Vessrain,en,VALORANT,vitamin d deficiency so bad he could only give me the ick | @vessrain on all socials,['English'],[],False
38,2025-04-11 16:26,iPhasey,en,Fortnite,chili dya nohting to carzy,['English'],['ProfanityVulgarity'],False
38,2025-04-11 16:26,miamouse14,en,League of Legends,13HR STREAM FOR 13K ON TWITCH! Thank you guys for the support :D !donate !giveaway,"['VALORANT', 'razeonly', 'cuteitaliangirl', 'English', 'shotgunonly', 'cringe', 'LOUD', 'birthday', 'charity', 'cooking']",[],False
39,2025-04-11 20:01,AussieAntics,en,Fortnite,🏆 WATCHING NA SOLO CASH CUP 🏆PETERBOT POV IN REPLAYS 👀,['English'],[],False
39,2025-04-11 20:02,Clix,en,Fortnite,🚨 6FT Handsome Buzz Cut Man WINS SOLO CASHY with MAX passion | TODAYS GONNA BE A GREAT DAY  🚨,['English'],[],False
39,2025-04-11 20:02,CorgiVR,en,ROBLOX,4k rerolls 2 avatars...,['English'],[],False
39,2025-04-11 20:02,vadriss,en,Just Chatting,Day 11 of UNCAPPED Birthday SUBATHON | IRL STREAM | !merch !subathon !goals,"['English', 'Gay', 'femboy', 'LGBTQ', 'twitchprideguild']",[],False
39,2025-04-11 20:02,JaayMC,en,Minecraft,🌎 Minecraft Viewer SMP! | 🌠 Partner Grind Streamathon (Day 15) 🌈 how are you?! | !partner,"['Survival', 'LGBTQ', 'SafeSpace', 'Cape', 'Drops', 'PlayingWithViewers', 'Chill', 'SMP', 'subathon', 'Minecraft']",[],False
39,2025-04-11 20:02,Jynxzi,en,Tom Clancy's Rainbow Six Siege,"[101/365] 🏆 $50,000 ROLLER FRIDAY 🏆",['English'],['MatureGame'],False
39,2025-04-11 20:02,HappyKrakenX,en,Sea of Thieves,💖 It's The Weekend!! WOOO! (4th Last Stream in the UK😢) 💖 | !Tilbury !TikTok,"['PositiveVibes', 'English', 'Friendly', 'SafeSpace', 'GoodVibes', 'ADHD']",[],False
39,2025-04-11 20:02,BriittyBear,en,Fortnite,Party Friday and keg chaos!!! *BriittyBear.com* TTS200 (!keg)(!merch),"['Hype', 'Chatty', 'MentalHealth', 'LGBTQIA', 'SeaOfThievesPartner', 'NormalHands', 'NormalForehead', 'HighEnergy', 'English']",[],False
39,2025-04-11 20:02,princessc4t,en,Sea of Thieves,✨ GAMERS FOR GIVING CHARITY STREAM #GFG2025 ✨ | !GFG !dono | !brickedup !jorkin !grip !sparkly !creamed !jam !slippery @gamersoutreach,"['English', 'girlgamer', 'AuDHD', 'LGBTQIAPIus', 'AAAAAAAAAAAAAAAAAAAAAAAAA', '18andup', 'MentalHealth', 'sillygoose', 'CharityFundraiser', 'Fundraising']",[],False
40,2025-04-11 20:13,AussieAntics,en,Fortnite,🏆 WATCHING NA SOLO CASH CUP 🏆PETERBOT POV IN REPLAYS 👀,['English'],[],False
40,2025-04-11 20:13,Clix,en,Fortnite,🚨 6FT Handsome Buzz Cut Man WINS SOLO CASHY with MAX passion | TODAYS GONNA BE A GREAT DAY  🚨,['English'],[],False
40,2025-04-11 20:13,sixsav,en,Marvel Rivals,(DROPS ENABLED) NEW SEASON NEW SPIDER-MAN SKIN TIME TO CONQUER THE RANKS WITH RAGE-BAIT SPIDER-MAN,"['PC', 'PvP', 'Multiplayer', 'English', 'DropsEnabled']",[],False
40,2025-04-11 20:13,vadriss,en,Just Chatting,Day 11 of UNCAPPED Birthday SUBATHON | IRL STREAM | !merch !subathon !goals,"['English', 'Gay', 'femboy', 'LGBTQ', 'twitchprideguild']",[],False
40,2025-04-11 20:13,JaayMC,en,Minecraft,🌎 Minecraft Viewer SMP! | 🌠 Partner Grind Streamathon (Day 15) 🌈 how are you?! | !partner,"['Survival', 'LGBTQ', 'SafeSpace', 'Cape', 'Drops', 'PlayingWithViewers', 'Chill', 'SMP', 'subathon', 'Minecraft']",[],False
40,2025-04-11 20:13,Jynxzi,en,Tom Clancy's Rainbow Six Siege,"[101/365] 🏆 $50,000 ROLLER FRIDAY 🏆",['English'],['MatureGame'],False
40,2025-04-11 20:13,shanks_ttv,en,VALORANT,NRG SHANKS 🔴 G2 VS LEV 🔴 AMERICAS WATCHPARTY 🔴 RANKED 🔴 APAC WATCHPARTYS LATER 🔴 WATCHPARTYS ALLDAY/NIGHT,['English'],[],False
40,2025-04-11 20:13,mooda,en,VALORANT,🟦 DAY 2 - NOT ENDING UNTIL I HIT RADIANT MOODATHON 🟦,"['English', 'ADHD', 'TCO']",[],False
40,2025-04-11 20:13,Hamy,en,VALORANT,G2 HAMY 🔴 G2 vs LEV - VCT AMERICAS 🔴,['English'],['ProfanityVulgarity'],False
41,2025-04-11 20:21,AussieAntics,en,Fortnite,🏆 WATCHING NA SOLO CASH CUP 🏆PETERBOT POV IN REPLAYS 👀,['English'],[],False
41,2025-04-11 20:21,Clix,en,Fortnite,🚨 6FT Handsome Buzz Cut Man WINS SOLO CASHY with MAX passion | TODAYS GONNA BE A GREAT DAY  🚨,['English'],[],False
41,2025-04-11 20:21,CorgiVR,en,ROBLOX,4k rerolls 2 avatars...,['English'],[],False
41,2025-04-11 20:21,vadriss,en,Grand Theft Auto V,Day 11 of UNCAPPED Birthday SUBATHON | IRL STREAM | !merch !subathon !goals,"['English', 'Gay', 'femboy', 'LGBTQ', 'twitchprideguild']",['MatureGame'],False
41,2025-04-11 20:21,JaayMC,en,Minecraft,🌎 Minecraft Viewer SMP! | 🌠 Partner Grind Streamathon (Day 15) 🌈 how are you?! | !partner,"['Survival', 'LGBTQ', 'SafeSpace', 'Cape', 'Drops', 'PlayingWithViewers', 'Chill', 'SMP', 'subathon', 'Minecraft']",[],False
41,2025-04-11 20:22,Jynxzi,en,Tom Clancy's Rainbow Six Siege,"[101/365] 🏆 $50,000 ROLLER FRIDAY 🏆",['English'],['MatureGame'],False
41,2025-04-11 20:22,Sneegsnag,en,Mario Kart 8 Deluxe,SNEEGATHON 2 | !subathon,"['English', 'ADHD', 'farts']",[],False
41,2025-04-11 20:22,iShoya_,en,Fortnite,Fortnite Friday And Marvel Rivals Later!,"['English', 'iShoya', 'Penguin', 'Fortnite', 'marvelrivals']",[],False
41,2025-04-11 20:22,guisobrevivente_,pt,Minecraft,minecraft mas tem muito zumbi,"['minecraft', 'games', 'conversa', 'construcao', 'shaders', 'capa', 'Português']",[],False
42,2025-04-11 20:29,AussieAntics,en,Fortnite,🏆 WATCHING NA SOLO CASH CUP 🏆PETERBOT POV IN REPLAYS 👀,['English'],[],False
42,2025-04-11 20:29,Clix,en,Fortnite,🚨 6FT Handsome Buzz Cut Man WINS SOLO CASHY with MAX passion | TODAYS GONNA BE A GREAT DAY  🚨,['English'],[],False
42,2025-04-11 20:30,sixsav,en,Marvel Rivals,(DROPS ENABLED) NEW SEASON NEW SPIDER-MAN SKIN TIME TO CONQUER THE RANKS WITH RAGE-BAIT SPIDER-MAN,"['PC', 'PvP', 'Multiplayer', 'English', 'DropsEnabled']",[],False
42,2025-04-11 20:30,vadriss,en,Grand Theft Auto V,Day 11 of UNCAPPED Birthday SUBATHON | IRL STREAM | !merch !subathon !goals,"['English', 'Gay', 'femboy', 'LGBTQ', 'twitchprideguild']",['MatureGame'],False
42,2025-04-11 20:30,JaayMC,en,Minecraft,🌎 Minecraft Viewer SMP! | 🌠 Partner Grind Streamathon (Day 15) 🌈 how are you?! | !partner,"['Survival', 'LGBTQ', 'SafeSpace', 'Cape', 'Drops', 'PlayingWithViewers', 'Chill', 'SMP', 'subathon', 'Minecraft']",[],False
42,2025-04-11 20:30,Linkzzey,en,Minecraft,"🔴Hardcore 46,200+Days|4+Years|11,400+Hours !worldtour","['LetsPlay', 'English', 'Hardcore', 'RPG', 'Permadeath', 'SurvivaI', 'chill', 'hardcoreminecraft', 'FamilyFrendly']",[],False
42,2025-04-11 20:30,BigIraq,en,Grand Theft Auto V,D10 RJ The Meth Plug /Found Another PLUG Bench !D10 !Kick !New Era Rp V2 !NewEra https://discord.gg/nerp l,"['English', 'GTA', 'GTARP', 'SKINNY', 'FAT', 'Bigiraq', 'NERP', 'NEWERA', 'D10']",['MatureGame'],False
42,2025-04-11 20:30,jayunmatched,en,Call of Duty: Warzone,Javier Bankz In D10!!!  Subathon Day 11 of 30!!!!!!!  !D10rz !D10,"['FiveM', 'Funny', 'RP', 'D10', 'English', 'DropsEnabled']",['MatureGame'],False
42,2025-04-11 20:30,MDSwervin,en,Just Chatting,"🐣 Swervin Sides 🐣 T5 in D10 V7 🐣 FL & Just Chatting 🐣 New Beginnings, Swervin 2025🐣 !discord !socials !com !sub","['English', 'GTARP', 'D10RP', 'District10']",[],False
43,2025-04-11 20:38,AussieAntics,en,Fortnite,🏆 WATCHING NA SOLO CASH CUP 🏆PETERBOT POV IN REPLAYS 👀,['English'],[],False
43,2025-04-11 20:38,Clix,en,Fortnite,🚨 6FT Handsome Buzz Cut Man WINS SOLO CASHY with MAX passion | TODAYS GONNA BE A GREAT DAY  🚨,['English'],[],False
43,2025-04-11 20:38,sixsav,en,Marvel Rivals,(DROPS ENABLED) NEW SEASON NEW SPIDER-MAN SKIN TIME TO CONQUER THE RANKS WITH RAGE-BAIT SPIDER-MAN,"['PC', 'PvP', 'Multiplayer', 'English', 'DropsEnabled']",[],False
43,2025-04-11 20:38,vadriss,en,Grand Theft Auto V,Day 11 of UNCAPPED Birthday SUBATHON | IRL STREAM | !merch !subathon !goals,"['English', 'Gay', 'femboy', 'LGBTQ', 'twitchprideguild']",['MatureGame'],False
43,2025-04-11 20:38,JaayMC,en,Minecraft,🌎 Minecraft Viewer SMP! | 🌠 Partner Grind Streamathon (Day 15) 🌈 how are you?! | !partner,"['Survival', 'LGBTQ', 'SafeSpace', 'Cape', 'Drops', 'PlayingWithViewers', 'Chill', 'SMP', 'subathon', 'Minecraft']",[],False
43,2025-04-11 20:38,Linkzzey,en,Minecraft,"🔴Hardcore 46,200+Days|4+Years|11,400+Hours !worldtour","['LetsPlay', 'English', 'Hardcore', 'RPG', 'Permadeath', 'SurvivaI', 'chill', 'hardcoreminecraft', 'FamilyFrendly']",[],False
43,2025-04-11 20:38,ArrowCS,en,Counter-Strike,🔴$250 BEST NEW SKIN CRAFT COMPETITION🔴,['English'],['MatureGame'],False
43,2025-04-11 20:38,FranzJ,en,Green,greenexplosion,"['nuke', 'English', 'scionXB', 'cars', 'Green']",[],False
43,2025-04-11 20:38,ct0m,ru,Counter-Strike,"апдейт ело на ФЕЙСИТЕ, поднятия уровня в одиночку ;) дорога к топ 1 началась",['Русский'],['MatureGame'],False
44,2025-04-12 00:02,AussieAntics,en,Fortnite,🏆 PRO-AM GRINDING 👀,['English'],[],False
44,2025-04-12 00:02,vadriss,en,Grand Theft Auto V,Day 11 of UNCAPPED Birthday SUBATHON | IRL STREAM | !merch !subathon !goals,"['English', 'Gay', 'femboy', 'LGBTQ', 'twitchprideguild']",['MatureGame'],False
44,2025-04-12 00:02,CorgiVR,en,ROBLOX,4k rerolls 2 avatars...,['English'],[],False
44,2025-04-12 00:03,KaiCenat,en,Just Chatting,🥳HELLO WORLD GET IN HERE🥳,"['English', 'ADHD', 'LOUD', 'gaming', 'AMP']",[],False
44,2025-04-12 00:03,TenZ,en,VALORANT,quick val queues | tarik pay up buddy,"['English', 'Anime', 'FPS', 'tenz']",[],False
44,2025-04-12 00:03,Jynxzi,en,Tom Clancy's Rainbow Six Siege,"[101/365] 🏆 $50,000 ROLLER FRIDAY 🏆",['English'],['MatureGame'],False
44,2025-04-12 00:03,GAdamou10_,en,EA Sports FC 25,(6-0) #1 NA PRO GETS 15-0 WITH NEW HAMM X MATTHAUS X JAYZ!!!! (ENG/GRE) !4222,['English'],[],False
44,2025-04-12 00:03,chairez7,en,EA Sports FC 25,Immortals team 2 PROMO! #hellofreshpartner !tts !sub,"['English', 'fifa', 'eafc', 'spanish', 'ultimateteam', 'eafc25', 'fc25']",[],False
44,2025-04-12 00:03,Savior_2021,es,EA Sports FC 25,CHAMPS CON TEAM 2 YA! ABRIENDO MIS RECOS DE RIVALS Y +87X15 Y CHAMPS ” !TACTICAS !PLAYLIST,['Español'],[],False
45,2025-04-12 00:13,Jynxzi,en,Tom Clancy's Rainbow Six Siege,"[101/365] 🏆 $50,000 ROLLER FRIDAY 🏆",['English'],['MatureGame'],False
45,2025-04-12 00:13,AussieAntics,en,Fortnite,🏆 PRO-AM GRINDING 👀,['English'],[],False
45,2025-04-12 00:13,CorgiVR,en,ROBLOX,4k rerolls 2 avatars...,['English'],[],False
45,2025-04-12 00:13,TypicalGamer,en,Fortnite,👑 SOLO CASH CUP! 👑 (NO FACECAM),"['English', 'PC', 'Multiplayer', 'PvP', 'Fortnite']",[],False
45,2025-04-12 00:13,TenZ,en,VALORANT,quick val queues | tarik pay up buddy,"['English', 'Anime', 'FPS', 'tenz']",[],False
45,2025-04-12 00:13,vadriss,en,Grand Theft Auto V,Day 11 of UNCAPPED Birthday SUBATHON | IRL STREAM | !merch !subathon !goals,"['English', 'Gay', 'femboy', 'LGBTQ', 'twitchprideguild']",['MatureGame'],False
45,2025-04-12 00:13,CJSHIZ,en,Wildgate,🟢 SPACE PIRATE GAMIN 🟢 !30days 🟢,"['PvP', 'SeaOfThievesPartner', 'Giveaway', 'English', 'GFUEL']",[],False
45,2025-04-12 00:13,HitboTC,en,Sea of Thieves,Pirate Shenanigans,"['SeaofThievesPartner', 'English', 'Dad', 'PvP', 'Memes', 'NewPlayersWelcome', 'Gaslighting', 'FamilyFriendly']",[],True
45,2025-04-12 00:13,Fi1es,en,Sea of Thieves,Duo HG w/ @coppertailwolf | Wildgate Playtest Later! 🏴‍☠️!partnerplus,"['PvP', 'English', 'ControllerPlayer', 'TTS100', 'SoTPartner']",[],False
46,2025-04-12 00:20,AussieAntics,en,Fortnite,🏆 PRO-AM GRINDING 👀,['English'],[],False
46,2025-04-12 00:20,KaiCenat,en,R.E.P.O.,🥳HELLO WORLD GET IN HERE🥳,"['English', 'ADHD', 'LOUD', 'gaming', 'AMP']",[],False
46,2025-04-12 00:20,UncleStanBana,en,Dead by Daylight,Nothing but chill games,"['English', 'DropsEnabled']",['MatureGame'],False
46,2025-04-12 00:20,vadriss,en,Grand Theft Auto V,Day 11 of UNCAPPED Birthday SUBATHON | IRL STREAM | !merch !subathon !goals,"['English', 'Gay', 'femboy', 'LGBTQ', 'twitchprideguild']",['MatureGame'],False
46,2025-04-12 00:20,CarlCrafts,en,Minecraft,9500+ DAYS HARDCORE - LOOKING FOR A GAPPLE - !THRONE  !TIKTOK,"['Australian', 'ADHD', 'Hardcore', 'English', 'Neurodivergent', 'Aussie', 'ClosedCaptions', 'Beard', 'vanilla', 'OCE']",[],False
46,2025-04-12 00:21,Jynxzi,en,Tom Clancy's Rainbow Six Siege,"[101/365] 🏆 $50,000 ROLLER FRIDAY 🏆",['English'],['MatureGame'],False
46,2025-04-12 00:21,muvaellaivy,en,Grand Theft Auto V,The Baye Roleplay is officially out! join now! !fiveM,['English'],"['MatureGame', 'ProfanityVulgarity']",False
46,2025-04-12 00:21,paypay,en,Grand Theft Auto V,🏠shannon gucci is moving ... again ... 😱😔💕 !masters ❤️ !merch !clip,"['English', 'GTARP', 'deadbbydaylight', 'LGBTQ', 'Gay']",['MatureGame'],False
46,2025-04-12 00:21,Minky,en,Grand Theft Auto V,POWER RP ➡ BAYE RP ➡ CALL OF DRAGONS 💜 !cod !code #ad,"['VFT', 'English', 'LGBTQIA', 'Gay', 'femboy', 'gamer', 'ＧTA5', 'gta', 'Roleplay', 'holidayhoopla']",['MatureGame'],True
47,2025-04-12 00:32,AussieAntics,en,Fortnite,🏆 PRO-AM GRINDING 👀,['English'],[],False
47,2025-04-12 00:32,vadriss,en,Grand Theft Auto V,Day 11 of UNCAPPED Birthday SUBATHON | IRL STREAM | !merch !subathon !goals,"['English', 'Gay', 'femboy', 'LGBTQ', 'twitchprideguild']",['MatureGame'],False
47,2025-04-12 00:32,quantumcamper,en,Fortnite,Positive Fortnite Stream - Playing with the Quantum Crew,"['Fortnite', 'fortnitettv', 'gaming', 'fortnitechapter6', 'ＦＯＲＴＮＩＴＥ', 'fortnitewin', 'FORTNITEZEROBUIILDS', 'fortnitegaming', 'English', 'fortnitedrops']",[],False
47,2025-04-12 00:32,KaiCenat,en,R.E.P.O.,🥳HELLO WORLD GET IN HERE🥳,"['English', 'ADHD', 'LOUD', 'gaming', 'AMP']",[],False
47,2025-04-12 00:32,TenZ,en,VALORANT,quick val queues | tarik pay up buddy,"['English', 'Anime', 'FPS', 'tenz']",[],False
47,2025-04-12 00:32,Jynxzi,en,Tom Clancy's Rainbow Six Siege,"[101/365] 🏆 $50,000 ROLLER FRIDAY 🏆",['English'],['MatureGame'],False
47,2025-04-12 00:32,Freakazoid,en,Counter-Strike,🔫FRIDAY F44444KN🔫!g4skins !tradeit,"['ADHD', 'WORKOUT', '420', 'pro', 'fitness', 'cs', 'English', 'justchatting', 'Competitive']",['MatureGame'],True
47,2025-04-12 00:32,coopertv,en,Counter-Strike,🔴30K ELO GRIND🔴OPENING CASES WITH STARS 🔴REACTS🔴 !tradeit !skinclub baby !registry,['English'],['MatureGame'],False
47,2025-04-12 00:32,austincs_,en,Counter-Strike,🔥WHERE WILL WE GO TODAY🔥ELO GATHERER🔥!DM !SKINCLUB🔥,"['CSGO', 'FUNNY', 'INSANE', 'JUICER', 'CONTENT', 'CS', 'UNHINGED', 'pro', 'Competitive', 'English']",['MatureGame'],False
48,2025-04-12 04:02,vadriss,en,Grand Theft Auto V,Day 11 of UNCAPPED Birthday SUBATHON | IRL STREAM | !merch !subathon !goals,"['English', 'Gay', 'femboy', 'LGBTQ', 'twitchprideguild']",['MatureGame'],False
48,2025-04-12 04:02,Oatley,en,Fortnite,"OCE FNCS CUP | Code ""Oatley"" #ad | !socials !youtube !delay","['FamilyFriendly', 'Fortnite', 'BattleRoyale', 'Multiplayer', 'Competitive', 'Professional', 'Positivity', 'PC', 'English']",[],False
48,2025-04-12 04:02,wannabegamermom,en,Fortnite,#1 FORTNITE MOM | LIVE STREAMS DAILY | TURNING PRO,"['askmeanything', 'girl', 'unreal', 'ranked', 'gamermom', 'fortniteover40', 'sober', 'DROPS', 'english', 'mom']",[],False
48,2025-04-12 04:02,ThomasShen1,en,Just Chatting,I'm uglyyy,['English'],[],False
48,2025-04-12 04:02,PewDiePie,en,Alien: Isolation,Fright-Day with PewDiePie ∞ Binge @PewDiePie vids 24/7 with chat ∞ !video,"['Minecraft', 'YouTube', 'AlwaysOn', 'English', 'Rerun']",['MatureGame'],True
48,2025-04-12 04:02,CarlCrafts,en,Minecraft,9500+ DAYS HARDCORE - LOOKING FOR A GAPPLE - !THRONE  !TIKTOK,"['Australian', 'ADHD', 'Hardcore', 'English', 'Neurodivergent', 'Aussie', 'ClosedCaptions', 'Beard', 'vanilla', 'OCE']",[],False
48,2025-04-12 04:02,Biller,en,Grand Theft Auto V,FiveM - Gerald Williams 💎 SHORT STREAM TODAY ⏳ AIRCON BROKEN 🥶 HydrateRP 🧊,"['English', 'Australian', 'GTARP', 'fivem', 'funny', 'LOUD', 'HydrateRP', 'Aussie', 'AUS']",['MatureGame'],False
48,2025-04-12 04:02,METRITIS,en,Grand Theft Auto V,FDG | PULL OVER!!!!! | BOT:[ON],"['fdg', 'australia', 'aus', 'Roleplay', 'English', 'PoliceRP', 'METRITIS', 'Australian']",['MatureGame'],False
48,2025-04-12 04:03,RoyceMate,en,Grand Theft Auto V,Rory Lockwood | BlueBirdRP | Cases before crew event tonight???,"['Australia', 'English', 'BBRP', 'BlueBirdRP', 'GTAⅤ', 'GTAV', 'gtavrproleplay']",['MatureGame'],False
49,2025-04-12 04:09,vadriss,en,Grand Theft Auto V,Day 11 of UNCAPPED Birthday SUBATHON | IRL STREAM | !merch !subathon !goals,"['English', 'Gay', 'femboy', 'LGBTQ', 'twitchprideguild']",['MatureGame'],False
49,2025-04-12 04:09,Oatley,en,Fortnite,"OCE FNCS CUP | Code ""Oatley"" #ad | !socials !youtube !delay","['FamilyFriendly', 'Fortnite', 'BattleRoyale', 'Multiplayer', 'Competitive', 'Professional', 'Positivity', 'PC', 'English']",[],False
49,2025-04-12 04:09,wannabegamermom,en,Fortnite,#1 FORTNITE MOM | LIVE STREAMS DAILY | TURNING PRO,"['askmeanything', 'girl', 'unreal', 'ranked', 'gamermom', 'fortniteover40', 'sober', 'DROPS', 'english', 'mom']",[],False
49,2025-04-12 04:10,VALORANT_Pacific,en,VALORANT,NS vs. TS - VCT Pacific - Stage 1 - Group Stage - Day 10,"['VCTPacific', 'VCT', 'VALORANT', 'English', 'VCTP', 'RisePacific']",[],False
49,2025-04-12 04:10,crud,en,Sea of Thieves,sot rant saturday crudstream,"['English', 'crudgoblin', 'crudfest', 'chatreader', 'seaofthieves', 'Completionist', 'OCE', 'Australia', 'SeaofThievesgameplay', 'Tall']",[],False
49,2025-04-12 04:10,ThomasShen1,en,Just Chatting,I'm uglyyy,['English'],[],False
49,2025-04-12 04:10,Tinycoffeecups,en,The Sims 4,Vibe City: 💰⚜️ 𝕆𝕃𝔻 𝕄𝕆ℕ𝔼𝕐 ⚜️💰 | Aesthetic Legacy Challenge Gen 5 !legacy !eacode,"['LGBTQIAplus', 'bisexual', 'BLACK', 'chatty', 'english', 'vibe', 'AfricanAmerican', 'CasualPlayThrough', 'TheyThem', 'RP']",['ProfanityVulgarity'],False
49,2025-04-12 04:10,l0lkhalia,en,The Sims 4,friday night shenannies.,"['funny', 'hot', 'cool', 'thatgirl', 'English', 'Modded', '420friendly', 'Chıll', 'Chatty']",[],False
49,2025-04-12 04:10,ximOpti,en,inZOI,Sims 4 streamer plays InZOI 👀 Last stream before Japan!,"['Australia', 'CasualPlaythrough', 'Chatty', 'Chill', 'Cozy', 'Modded', 'CharacterCreation', 'Australian', 'Interactive', 'Design']",[],False
50,2025-04-12 04:20,vadriss,en,Grand Theft Auto V,Day 11 of UNCAPPED Birthday SUBATHON | IRL STREAM | !merch !subathon !goals,"['English', 'Gay', 'femboy', 'LGBTQ', 'twitchprideguild']",['MatureGame'],False
50,2025-04-12 04:20,VALORANT_Pacific,en,VALORANT,NS vs. TS - VCT Pacific - Stage 1 - Group Stage - Day 10,"['VCTPacific', 'VCT', 'VALORANT', 'English', 'VCTP', 'RisePacific']",[],False
50,2025-04-12 04:20,wannabegamermom,en,Fortnite,#1 FORTNITE MOM | LIVE STREAMS DAILY | TURNING PRO,"['askmeanything', 'girl', 'unreal', 'ranked', 'gamermom', 'fortniteover40', 'sober', 'DROPS', 'english', 'mom']",[],False
50,2025-04-12 04:21,Oatley,en,Fortnite,"ASIA FNCS CUP | Code ""Oatley"" #ad | !socials !youtube !delay","['FamilyFriendly', 'Fortnite', 'BattleRoyale', 'Multiplayer', 'Competitive', 'Professional', 'Positivity', 'PC', 'English']",[],False
50,2025-04-12 04:21,crud,en,Sea of Thieves,sot rant saturday crudstream,"['English', 'crudgoblin', 'crudfest', 'chatreader', 'seaofthieves', 'Completionist', 'OCE', 'Australia', 'SeaofThievesgameplay', 'Tall']",[],False
50,2025-04-12 04:21,ThomasShen1,en,Just Chatting,I'm uglyyy,['English'],[],False
50,2025-04-12 04:21,2snav,en,Counter-Strike,NA FPL,['English'],['MatureGame'],False
50,2025-04-12 04:21,nbkguapo,en,Counter-Strike,FREAKY FRIDAY🤍GIVEAWAY FAMAS MECHA INDUSTRIES🖤- SHORT STREAM?,"['CS2', 'FPS', 'SHOOTER', 'English']",['MatureGame'],False
50,2025-04-12 04:21,Biller,en,Grand Theft Auto V,FiveM - Gerald Williams 💎 SHORT STREAM TODAY ⏳ AIRCON BROKEN 🥶 HydrateRP 🧊,"['English', 'Australian', 'GTARP', 'fivem', 'funny', 'LOUD', 'HydrateRP', 'Aussie', 'AUS']",['MatureGame'],False
51,2025-04-12 04:29,vadriss,en,Grand Theft Auto V,Day 11 of UNCAPPED Birthday SUBATHON | IRL STREAM | !merch !subathon !goals,"['English', 'Gay', 'femboy', 'LGBTQ', 'twitchprideguild']",['MatureGame'],False
51,2025-04-12 04:29,Oatley,en,Fortnite,"ASIA FNCS CUP | Code ""Oatley"" #ad | !socials !youtube !delay","['FamilyFriendly', 'Fortnite', 'BattleRoyale', 'Multiplayer', 'Competitive', 'Professional', 'Positivity', 'PC', 'English']",[],False
51,2025-04-12 04:29,wannabegamermom,en,Fortnite,#1 FORTNITE MOM | LIVE STREAMS DAILY | TURNING PRO,"['askmeanything', 'girl', 'unreal', 'ranked', 'gamermom', 'fortniteover40', 'sober', 'DROPS', 'english', 'mom']",[],False
51,2025-04-12 04:29,Nautilifts,en,Marvel Rivals,[!DROPS] ☢️RANK #1 BRUCE BANNER☢️ || MR S2 RANKED // long stream ➔ !tiktok !discord,"['English', 'chill', 'aura', 'Marvel', 'marvelrivals', 'BruceBanner', 'DropsEnabled']",[],False
51,2025-04-12 04:29,VALORANT_Pacific,en,VALORANT,NS vs. TS - VCT Pacific - Stage 1 - Group Stage - Day 10,"['VCTPacific', 'VCT', 'VALORANT', 'English', 'VCTP', 'RisePacific']",[],False
51,2025-04-12 04:29,crud,en,Sea of Thieves,sot rant saturday crudstream,"['English', 'crudgoblin', 'crudfest', 'chatreader', 'seaofthieves', 'Completionist', 'OCE', 'Australia', 'SeaofThievesgameplay', 'Tall']",[],False
51,2025-04-12 04:29,yazmuuu,es,Call of Duty: Warzone,Segundo dia día jugando warzone,"['Español', 'DropsActivados']",['MatureGame'],False
51,2025-04-12 04:29,azweroyt,es,Fortnite,✨AIM GOD + RELOAD✨,['Español'],[],False
51,2025-04-12 04:29,MaDracK616,es,Minecraft,🔴✡👻🦇BOMBARDERO COCODRILO.616GvNG🦇✡🔴👻!REDES,"['Chile', '616', 'Latino', 'juegos', 'Español', 'Fortnite']",[],False
52,2025-04-12 08:01,Oatley,en,Fortnite,"FNCS SCRIMS | Code ""Oatley"" #ad | !socials !youtube !fncs !delay","['FamilyFriendly', 'Fortnite', 'BattleRoyale', 'Multiplayer', 'Competitive', 'Professional', 'Positivity', 'PC', 'English']",[],False
52,2025-04-12 08:01,Nautilifts,en,Marvel Rivals,[!DROPS] ☢️RANK #1 BRUCE BANNER☢️ || MR S2 RANKED // long stream ➔ !tiktok !discord,"['English', 'chill', 'aura', 'Marvel', 'marvelrivals', 'BruceBanner', 'DropsEnabled']",[],False
52,2025-04-12 08:01,ch1ck3nfoot,en,Overwatch 2,so close to ana GALACTIC GUN !! (☆▽☆),"['OCE', 'Australian', 'English', '420friendly', 'Ana', 'Juno', 'Kiriko']",[],False
52,2025-04-12 08:02,Mario,en,Grand Theft Auto V,Hydrate RP l GTA RP MAYBE SPA STREAM IDK BRO UP THE WAHS  l 2188/2200 l ROAD TO 3000 SUBS!,"['English', 'ANZSubFest']",['MatureGame'],False
52,2025-04-12 08:02,VALORANT_Pacific,en,VALORANT,DRX vs. BME - VCT Pacific - Stage 1 - Group Stage - Day 10,"['VCTPacific', 'VCT', 'VALORANT', 'English', 'VCTP', 'RisePacific']",[],False
52,2025-04-12 08:02,dima_wallhacks,en,Counter-Strike,🔴COUNTER-STRIKE 2 PREMIER EPISODE 32023 + PGL CO-STREAMS LATER🔴 !map !disability !skinsmonkey,"['140IQ', 'English', 'ASMR', 'forsen']",['MatureGame'],False
52,2025-04-12 08:02,Arguz11,en,ROBLOX,FREE ROBUX ON PLS DONATE! Commands on screen!,"['giveaway', 'playingwithviewers', 'roblox', 'plsdonate', 'bloxfruit', 'English', 'Rerun', 'Albion', 'mammoth', 'Silver']",[],False
52,2025-04-12 08:02,Meyanyo,en,Pokémon Black/White,☞NUZLOCKE BUT CHAT CONTROLS ALL THE POKEMON  ☜ |Pokemon White Hardcore Chatlocke| !youtube !discord,"['ADHD', 'Bussy', 'English', 'HighEnergy', 'DrPepper', 'Cult', 'Ally', 'ViewerInteractions', 'Hardcore']",[],False
52,2025-04-12 08:02,Red_MantisMLG,ru,ROBLOX,(Не) Внезапный стрим,"['roblox', 'юмор', 'чилл', 'ТЯЖЕЛО', 'Русский']",[],False
53,2025-04-12 08:09,Nautilifts,en,Marvel Rivals,[!DROPS] ☢️RANK #1 BRUCE BANNER☢️ || MR S2 RANKED // long stream ➔ !tiktok !discord,"['English', 'chill', 'aura', 'Marvel', 'marvelrivals', 'BruceBanner', 'DropsEnabled']",[],False
53,2025-04-12 08:09,Mario,en,Grand Theft Auto V,Hydrate RP l GTA RP MAYBE SPA STREAM IDK BRO UP THE WAHS  l 2188/2200 l ROAD TO 3000 SUBS!,"['English', 'ANZSubFest']",['MatureGame'],False
53,2025-04-12 08:09,ch1ck3nfoot,en,Overwatch 2,so close to ana GALACTIC GUN !! (☆▽☆),"['OCE', 'Australian', 'English', '420friendly', 'Ana', 'Juno', 'Kiriko']",[],False
53,2025-04-12 08:09,Oatley,en,Fortnite,"FNCS SCRIMS | Code ""Oatley"" #ad | !socials !youtube !fncs !delay","['FamilyFriendly', 'Fortnite', 'BattleRoyale', 'Multiplayer', 'Competitive', 'Professional', 'Positivity', 'PC', 'English']",[],False
53,2025-04-12 08:09,dima_wallhacks,en,Counter-Strike,🔴COUNTER-STRIKE 2 PREMIER EPISODE 32023 + PGL CO-STREAMS LATER🔴 !map !disability !skinsmonkey,"['140IQ', 'English', 'ASMR', 'forsen']",['MatureGame'],False
53,2025-04-12 08:09,lightt,en,Overwatch 2,LIMITTEST FREED GO TOP10 KR 6V6 NOWW!yt || SUB ONLY !MINECRAFT SERVER IS UP !currentsong !socials,"['English', 'unemployed']",['ProfanityVulgarity'],True
53,2025-04-12 08:10,Peterbot247Official,en,Fortnite,(DROPS ON) 🔴  TOURNAMENT WATCH PARTY !settings !binds 🔴,['English'],[],False
53,2025-04-12 08:10,faxuty,en,Fortnite,💰 FAXUTY X PETERBOT CASH CUPS THROWBACK 💰 | 🚨 WATCHING EU SOLO FINALS 🚨 | [RERUN],['English'],[],False
53,2025-04-12 08:10,nc2kr,en,I'm Only Sleeping,ONLY SLEEPING,['English'],[],False
54,2025-04-12 08:16,Oatley,en,Fortnite,"FNCS SCRIMS | Code ""Oatley"" #ad | !socials !youtube !fncs !delay","['FamilyFriendly', 'Fortnite', 'BattleRoyale', 'Multiplayer', 'Competitive', 'Professional', 'Positivity', 'PC', 'English']",[],False
54,2025-04-12 08:16,Nautilifts,en,Marvel Rivals,[!DROPS] ☢️RANK #1 BRUCE BANNER☢️ || MR S2 RANKED // long stream ➔ !tiktok !discord,"['English', 'chill', 'aura', 'Marvel', 'marvelrivals', 'BruceBanner', 'DropsEnabled']",[],False
54,2025-04-12 08:16,ch1ck3nfoot,en,Overwatch 2,so close to ana GALACTIC GUN !! (☆▽☆),"['OCE', 'Australian', 'English', '420friendly', 'Ana', 'Juno', 'Kiriko']",[],False
54,2025-04-12 08:16,Mario,en,Grand Theft Auto V,Hydrate RP l GTA RP MAYBE SPA STREAM IDK BRO UP THE WAHS  l 2188/2200 l ROAD TO 3000 SUBS!,"['English', 'ANZSubFest']",['MatureGame'],False
54,2025-04-12 08:16,VALORANT_Pacific,en,VALORANT,DRX vs. BME - VCT Pacific - Stage 1 - Group Stage - Day 10,"['VCTPacific', 'VCT', 'VALORANT', 'English', 'VCTP', 'RisePacific']",[],False
54,2025-04-12 08:16,MrZacCas,en,Minecraft,🚨FREE MINECRAFT SKIN 🚨 BEATING HARDCORE MINECRAFT FOR THE FIRST TIME !!! RERUN,"['English', 'Speedrun', 'gaming', 'IRL', 'Speedrunner', 'Australia', 'American', 'drops']",[],False
54,2025-04-12 08:17,TheZakaz,ru,ROBLOX,🚄 РАЗДАЧА РОБУКСОВ 25 робуксов кажому 🚄  !команды !тг !донат !бусти,"['Русский', 'boy', 'видео', 'реакции', 'разговоры', 'Zakaz', 'roblox']",[],False
54,2025-04-12 08:17,s_048,ru,R.E.P.O.,R.E.P.O. и гра фолловерами,"['Русский', 'Russia', 'Horror', 'веселье', 'ламповыйстрим', 'атмосфера', 'общение', 'игры', 'ADHD']",[],False
54,2025-04-12 08:17,ravengamersha,ru,Counter-Strike,🩷Ищу Принцев и Принцесс🩷,"['Русский', 'ravengamersha', 'girl', 'cs', 'marvel', 'ENG', 'девушка']",['MatureGame'],False
55,2025-04-12 08:25,Oatley,en,Fortnite,"FNCS SCRIMS | Code ""Oatley"" #ad | !socials !youtube !fncs !delay","['FamilyFriendly', 'Fortnite', 'BattleRoyale', 'Multiplayer', 'Competitive', 'Professional', 'Positivity', 'PC', 'English']",[],False
55,2025-04-12 08:25,Nautilifts,en,Marvel Rivals,[!DROPS] ☢️RANK #1 BRUCE BANNER☢️ || MR S2 RANKED // long stream ➔ !tiktok !discord,"['English', 'chill', 'aura', 'Marvel', 'marvelrivals', 'BruceBanner', 'DropsEnabled']",[],False
55,2025-04-12 08:25,ch1ck3nfoot,en,Overwatch 2,so close to ana GALACTIC GUN !! (☆▽☆),"['OCE', 'Australian', 'English', '420friendly', 'Ana', 'Juno', 'Kiriko']",[],False
55,2025-04-12 08:25,Mario,en,Grand Theft Auto V,Hydrate RP l GTA RP MAYBE SPA STREAM IDK BRO UP THE WAHS  l 2188/2200 l ROAD TO 3000 SUBS!,"['English', 'ANZSubFest']",['MatureGame'],False
55,2025-04-12 08:25,VALORANT_Pacific,en,VALORANT,DRX vs. BME - VCT Pacific - Stage 1 - Group Stage - Day 10,"['VCTPacific', 'VCT', 'VALORANT', 'English', 'VCTP', 'RisePacific']",[],False
55,2025-04-12 08:25,MrZacCas,en,Minecraft,🚨FREE MINECRAFT SKIN 🚨 BEATING HARDCORE MINECRAFT FOR THE FIRST TIME !!! RERUN,"['English', 'Speedrun', 'gaming', 'IRL', 'Speedrunner', 'Australia', 'American', 'drops']",[],False
55,2025-04-12 08:25,TieDyez,en,Fortnite,[DROPS ON]🦄TieDyez🦄FORTNITE🦄FASHION SHOW @ 50k likes on TT🦄RIVALS LATER🦄 !discord🦄!merch🦄!socials,"['Mustache', 'adhd', 'funny', 'English', 'Singing', 'Dancing', 'Groovy', 'Vibes', 'Music', 'colorado']",[],False
55,2025-04-12 08:25,kittasgaming,en,Fortnite,"Shhh... I'm not here! (I can't sleep, short strim) 🌻 18+ come chill with me! 🤍 for mama ploy always! !mizfitz","['English', '18pluschannel', 'calldofduty', 'CALLOFFDUTYWARZONE', 'fortntiezerobuild', 'girlgamers', 'Phasmophobia', 'Xbox']",[],False
55,2025-04-12 08:25,mirafalls,en,Marvel Rivals,idk what i'm doing,"['english', 'cozy', 'CHATTY', 'australia', 'English', 'DropsEnabled']",[],False
56,2025-04-12 08:35,Nautilifts,en,Marvel Rivals,[!DROPS] ☢️RANK #1 BRUCE BANNER☢️ || MR S2 RANKED // long stream ➔ !tiktok !discord,"['English', 'chill', 'aura', 'Marvel', 'marvelrivals', 'BruceBanner', 'DropsEnabled']",[],False
56,2025-04-12 08:35,Oatley,en,Fortnite,"FNCS SCRIMS | Code ""Oatley"" #ad | !socials !youtube !fncs !delay","['FamilyFriendly', 'Fortnite', 'BattleRoyale', 'Multiplayer', 'Competitive', 'Professional', 'Positivity', 'PC', 'English']",[],False
56,2025-04-12 08:35,ch1ck3nfoot,en,Overwatch 2,so close to ana GALACTIC GUN !! (☆▽☆),"['OCE', 'Australian', 'English', '420friendly', 'Ana', 'Juno', 'Kiriko']",[],False
56,2025-04-12 08:35,Mario,en,Grand Theft Auto V,Hydrate RP l GTA RP MAYBE SPA STREAM IDK BRO UP THE WAHS  l 2188/2200 l ROAD TO 3000 SUBS!,"['English', 'ANZSubFest']",['MatureGame'],False
56,2025-04-12 08:35,VALORANT_Pacific,en,VALORANT,DRX vs. BME - VCT Pacific - Stage 1 - Group Stage - Day 10,"['VCTPacific', 'VCT', 'VALORANT', 'English', 'VCTP', 'RisePacific']",[],False
56,2025-04-12 08:35,MrZacCas,en,Minecraft,🚨FREE MINECRAFT SKIN 🚨 BEATING HARDCORE MINECRAFT FOR THE FIRST TIME !!! RERUN,"['English', 'Speedrun', 'gaming', 'IRL', 'Speedrunner', 'Australia', 'American', 'drops']",[],False
56,2025-04-12 08:35,JAMODO,en,EA Sports FC 25,🤩 IMMORTALS FUT CHAMPS & JUICING 🤩 !highlights,"['English', 'Football', 'ProfessionalGamer', 'spanish', 'sports', 'fifa', 'eng', 'hot', 'FPL', 'fc25']",[],False
56,2025-04-12 08:36,BorasLegend,en,EA Sports FC 25,IMMORTALS TEAM 2!!,['English'],[],False
56,2025-04-12 08:36,bateson87,en,EA Sports FC 25,IMMORTALS 2! ✅ Free Sub ▶️ !prime !FC25Code !Discord,"['football', 'fifa', 'bald', 'soccer', 'beard', 'English', 'fc25', 'fc']",[],False
57,2025-04-12 12:01,NickEh30,en,Fortnite,Best Memes of Fortnite Chapter 6 | Code NickEh30 #EpicPartner,"['Canadian', 'Positivity', 'BattleRoyale', 'PC', 'FamilyFriendly', 'Multiplayer', 'PVP', 'PlayingWithViewers', 'English', 'Drops']",[],False
57,2025-04-12 12:01,Mario,en,Grand Theft Auto V,Hydrate RP l GTA RP MAYBE SPA STREAM IDK BRO UP THE WAHS  l 2252/2300 l ROAD TO 3000 SUBS!,"['English', 'ANZSubFest']",['MatureGame'],False
57,2025-04-12 12:01,ch1ck3nfoot,en,Overwatch 2,so close to ana GALACTIC GUN !! (☆▽☆),"['OCE', 'Australian', 'English', '420friendly', 'Ana', 'Juno', 'Kiriko']",[],False
57,2025-04-12 12:01,Necros,en,Marvel Rivals,[!DROPS ENABLED] SEASON 2 IS FINALLY HERE. EMMA FROST HAS COME AND SO HAVE I.,"['English', 'spiderman', 'blackpanther', 'DropsEnabled']",[],False
57,2025-04-12 12:01,Grimm,en,VALORANT,unwashing? best sage is back? or am i just mid?,['English'],[],False
57,2025-04-12 12:02,MrZacCas,en,Just Chatting,"☢️👽Alien Isolation👽☢️,But I Pretend I'm Not Scared","['English', 'Speedrun', 'gaming', 'IRL', 'Speedrunner', 'Australia', 'American', 'drops']",[],False
57,2025-04-12 12:02,meremss,ja,Fortnite,暇だからリロードやる,"['Fortnite', '日本語']",[],False
57,2025-04-12 12:02,雄雨々ゆうう,ja,Fortnite,いっぱい寝たけど頑張るとは限らない！,['日本語'],[],False
57,2025-04-12 12:02,こてこだよ,ja,Fortnite,24時間耐久配信♡,['日本語'],[],False
58,2025-04-12 12:09,NickEh30,en,Fortnite,Best Memes of Fortnite Chapter 6 | Code NickEh30 #EpicPartner,"['Canadian', 'Positivity', 'BattleRoyale', 'PC', 'FamilyFriendly', 'Multiplayer', 'PVP', 'PlayingWithViewers', 'English', 'Drops']",[],False
58,2025-04-12 12:09,Mario,en,Grand Theft Auto V,Hydrate RP l GTA RP MAYBE SPA STREAM IDK BRO UP THE WAHS  l 2252/2300 l ROAD TO 3000 SUBS!,"['English', 'ANZSubFest']",['MatureGame'],False
58,2025-04-12 12:09,ch1ck3nfoot,en,Overwatch 2,so close to ana GALACTIC GUN !! (☆▽☆),"['OCE', 'Australian', 'English', '420friendly', 'Ana', 'Juno', 'Kiriko']",[],False
58,2025-04-12 12:09,Necros,en,Marvel Rivals,[!DROPS ENABLED] SEASON 2 IS FINALLY HERE. EMMA FROST HAS COME AND SO HAVE I.,"['English', 'spiderman', 'blackpanther', 'DropsEnabled']",[],False
58,2025-04-12 12:09,Grimm,en,VALORANT,unwashing? best sage is back? or am i just mid?,['English'],[],False
58,2025-04-12 12:09,MrZacCas,en,Just Chatting,"☢️👽Alien Isolation👽☢️,But I Pretend I'm Not Scared","['English', 'Speedrun', 'gaming', 'IRL', 'Speedrunner', 'Australia', 'American', 'drops']",[],False
58,2025-04-12 12:09,ShadowSnipess,en,ROBLOX,PS99 Slime Part 2? Update prep! Giveaways!,"['EN', 'PL', 'chilling', 'English']",[],False
58,2025-04-12 12:09,not_m1nh,en,ROBLOX,DAY 5 (NOOB TO PRO) PLAYING ANIME LAST STAND + NEW YT VIDEO,"['English', 'asain']",[],False
58,2025-04-12 12:10,OnlyFye,en,ROBLOX,🌌ANIME LAST STAND🌌AV UPDATE TONIGHT🌌KAI CENAT GET ME IN YOUR STREAMING UNIVERSITY🌌sub !links,['English'],[],False
59,2025-04-12 12:21,NickEh30,en,Fortnite,Best Memes of Fortnite Chapter 6 | Code NickEh30 #EpicPartner,"['Canadian', 'Positivity', 'BattleRoyale', 'PC', 'FamilyFriendly', 'Multiplayer', 'PVP', 'PlayingWithViewers', 'English', 'Drops']",[],False
59,2025-04-12 12:21,Necros,en,Marvel Rivals,[!DROPS ENABLED] SEASON 2 IS FINALLY HERE. EMMA FROST HAS COME AND SO HAVE I.,"['English', 'spiderman', 'blackpanther', 'DropsEnabled']",[],False
59,2025-04-12 12:21,ch1ck3nfoot,en,Overwatch 2,so close to ana GALACTIC GUN !! (☆▽☆),"['OCE', 'Australian', 'English', '420friendly', 'Ana', 'Juno', 'Kiriko']",[],False
59,2025-04-12 12:21,Grimm,en,VALORANT,unwashing? best sage is back? or am i just mid?,['English'],[],False
59,2025-04-12 12:21,KreekCraft,en,ROBLOX,"ROBLOX, IT'S TIME 💥 NEW UPDATES 💥 ROBUX GIVEAWAY 💥 ROBLOX LIVE","['roblox', 'robux', 'ADHD', 'chill', 'LOUD', 'gaming', 'funny', 'Chatty', 'Cozy', 'gamer']",[],False
59,2025-04-12 12:21,MrZacCas,en,Just Chatting,"☢️👽Alien Isolation👽☢️,But I Pretend I'm Not Scared","['English', 'Speedrun', 'gaming', 'IRL', 'Speedrunner', 'Australia', 'American', 'drops']",[],False
59,2025-04-12 12:21,WilliamJJPlays,en,ROBLOX,12+ hour stream ;) 🟥🟥 !discord !lurk Game Requests🐀 First: @astramotiv,"['English', 'yap', 'Talkative', 'TalksToChat', 'smallstreamer', 'playwithviewers', 'Chatty', 'rounds', 'chill', 'Casual']",[],False
59,2025-04-12 12:21,botjayttv,en,ROBLOX,✬ PS99 | BGSI ✬ Diamond Egg will come Soon! ✪ Offical Partner ✪,"['English', 'Deutsch', 'botjaytv', 'RudeStreamer', 'petsimulator99', 'honestman']",[],False
59,2025-04-12 12:21,freshyboi315,en,ROBLOX,2V2 BLUE LOCK RIVAL TOURNAMENT WINNER GETS 1K ROBUX,['English'],[],False
60,2025-04-12 12:29,NickEh30,en,Fortnite,Best Memes of Fortnite Chapter 6 | Code NickEh30 #EpicPartner,"['Canadian', 'Positivity', 'BattleRoyale', 'PC', 'FamilyFriendly', 'Multiplayer', 'PVP', 'PlayingWithViewers', 'English', 'Drops']",[],False
60,2025-04-12 12:29,Necros,en,Marvel Rivals,[!DROPS ENABLED] SEASON 2 IS FINALLY HERE. EMMA FROST HAS COME AND SO HAVE I.,"['English', 'spiderman', 'blackpanther', 'DropsEnabled']",[],False
60,2025-04-12 12:29,ch1ck3nfoot,en,Overwatch 2,(6v6) so close to ana GALACTIC GUN !! (☆▽☆),"['OCE', 'Australian', 'English', '420friendly', 'Ana', 'Juno', 'Kiriko']",[],False
60,2025-04-12 12:29,Grimm,en,VALORANT,unwashing? best sage is back? or am i just mid?,['English'],[],False
60,2025-04-12 12:29,KreekCraft,en,ROBLOX,"ROBLOX, IT'S TIME 💥 NEW UPDATES 💥 ROBUX GIVEAWAY 💥 ROBLOX LIVE","['roblox', 'robux', 'ADHD', 'chill', 'LOUD', 'gaming', 'funny', 'Chatty', 'Cozy', 'gamer']",[],False
60,2025-04-12 12:30,MrZacCas,en,Just Chatting,"☢️👽Alien Isolation👽☢️,But I Pretend I'm Not Scared","['English', 'Speedrun', 'gaming', 'IRL', 'Speedrunner', 'Australia', 'American', 'drops']",[],False
60,2025-04-12 12:30,LordKevun,en,Always On,24/7 @Lord_Kebun VODS/YT | GTARP | REACTS | 2.0 - 4.0 | Prodigy,"['GTARP', 'Rerun', 'English']",[],False
60,2025-04-12 12:30,FudgeXL,en,Grand Theft Auto V,@twitchrivals Tarkov Arena 4/16 | ProdigyRP 2.5 WL | John 3:16 | @FudgeXL on all socials | 18+,"['English', 'ProdigyRP', 'Roleplay']",['MatureGame'],False
60,2025-04-12 12:30,Vader,en,Grand Theft Auto V,EUGENE! WAR! PURPLERP,['English'],['MatureGame'],False
61,2025-04-12 16:02,AussieAntics,en,Fortnite,🏆 WATCHING SOLO CASH CUP FINALS 🏆 FNCS GROUP 1 TOMORROW 👀,['English'],[],False
61,2025-04-12 16:02,NickEh30,en,Fortnite,Best Memes of Fortnite Chapter 6 | Code NickEh30 #EpicPartner,"['Canadian', 'Positivity', 'BattleRoyale', 'PC', 'FamilyFriendly', 'Multiplayer', 'PVP', 'PlayingWithViewers', 'English', 'Drops']",[],False
61,2025-04-12 16:02,DisMavvy,en,VALORANT,PARTNER ANNIVERSARY ALREADY?! IMMO 3 TODAY - RADIANT TOMORROW | !delay !Logitech !FNATIC !merch !from,"['UK', 'alternative', 'ragegamer', 'Lithuanian', 'karaoke', 'catmom', 'logitechg', 'English']",[],False
61,2025-04-12 16:02,Necros,en,Marvel Rivals,[!DROPS ENABLED] SEASON 2 IS FINALLY HERE. EMMA FROST HAS COME AND SO HAVE I.,"['English', 'spiderman', 'blackpanther', 'DropsEnabled']",[],False
61,2025-04-12 16:02,ApexDabi,en,Marvel Rivals,🚨NEW [!DROPS]🚨SEASON 2 RANKED GRIND🚨VANGUARD MAIN🚨 TRAINING ARC🚨DESTROYER OF HAY BALES @ApexDabi,"['DropsEnabled', 'Morocco', 'English', 'PVP', 'ADHD', 'marvel', 'marvelrivals', 'TOP500', 'DROPS']",[],False
61,2025-04-12 16:02,Grimm,en,VALORANT,unwashing? best sage is back? or am i just mid?,['English'],[],False
61,2025-04-12 16:02,create4sims,en,The Sims 4,working in sulani for my save file! #eapartner - !youtube !gallery !lurk !code,"['thesims4', 'English', 'thesims', 'chill', 'cozy', 'LurkerFriendly', 'vibesandchill', 'Chatty', 'simsbuilding', 'sims4buildmode']",[],False
61,2025-04-12 16:02,SarahKendall,en,The Sims 4,shell tours for #SarahKenShell18 !! | !shell !socials !palestine | #eapartner,"['Chatty', 'LGBTQ', 'English', 'ADHD', 'Captions', 'Living', 'Laughing', 'Loving']",[],False
61,2025-04-12 16:02,SammySundog,en,The Sims 2,"Gotta get locked into the CUND | The Sims 2 Calicundia, Round 10","['English', 'LGBTQIA', 'Lesbian', 'Nonbinary', 'HerbOldieApologist']",[],False
62,2025-04-12 16:11,Clix,en,Fortnite,🚨 WINNING PJ FNCS CHAMPION CUP INTO SOLO CASHY | ITS SATURDAY AHHH 🚨,['English'],[],False
62,2025-04-12 16:11,AussieAntics,en,Fortnite,🏆 WATCHING SOLO CASH CUP FINALS 🏆 FNCS GROUP 1 TOMORROW 👀,['English'],[],False
62,2025-04-12 16:11,DisMavvy,en,VALORANT,PARTNER ANNIVERSARY ALREADY?! IMMO 3 TODAY - RADIANT TOMORROW | !delay !Logitech !FNATIC !merch !from,"['UK', 'alternative', 'ragegamer', 'Lithuanian', 'karaoke', 'catmom', 'logitechg', 'English']",[],False
62,2025-04-12 16:11,jirotf16,en,EA Sports FC 25,⛓️FC25 ASTON VILLA CAREER MODE!⛓️GLOVEJOB TOURS THE WORLD: INDIA!⛓️!COMMUNITY⛓️!WHEEL⛓️!PRIME⛓️FC25!⛓️VARIETY⛓️,"['fc25', 'eafc25', 'careermode', 'English']",[],False
62,2025-04-12 16:11,NickEh30,en,Fortnite,Best Memes of Fortnite Chapter 6 | Code NickEh30 #EpicPartner,"['Canadian', 'Positivity', 'BattleRoyale', 'PC', 'FamilyFriendly', 'Multiplayer', 'PVP', 'PlayingWithViewers', 'English', 'Drops']",[],False
62,2025-04-12 16:11,Necros,en,Marvel Rivals,[!DROPS ENABLED] SEASON 2 IS FINALLY HERE. EMMA FROST HAS COME AND SO HAVE I.,"['English', 'spiderman', 'blackpanther', 'DropsEnabled']",[],False
62,2025-04-12 16:12,temet,en,VALORANT,🦅 FIRST STREAM BACK IN AMERICA 🦅 RADIANT NEON BACK ON THE GRIND  🦅,"['English', 'ADHD', 'movement', 'tiktok', 'neon', '6ft2', 'bhop', 'gigachad']",[],False
62,2025-04-12 16:12,Horcus,es,VALORANT,🏆TOP 1 RADIANT CHALLENGE🏆 !aim @Horcus,"['Español', 'España', 'Valorant', 'Radiant', 'Spanish', 'English', 'Competitive', 'Drops', 'Competitivo', 'asmr']",[],False
62,2025-04-12 16:12,mooda,en,VALORANT,🟪 DAY 3 - NOT ENDING UNTIL I HIT RADIANT MOODATHON 🟪,"['English', 'ADHD', 'TCO']",[],False
63,2025-04-12 16:20,SypherPK,en,Fortnite,SOLO FNCS SKIN TOURNAMENT! ⚔ !oneofus NEW MAP!,"['PvP', 'Multiplayer', 'English', 'battleroyale', 'Fortnite']",[],False
63,2025-04-12 16:20,jirotf16,en,EA Sports FC 25,⛓️FC25 ASTON VILLA CAREER MODE!⛓️GLOVEJOB TOURS THE WORLD: INDIA!⛓️!COMMUNITY⛓️!WHEEL⛓️!PRIME⛓️FC25!⛓️VARIETY⛓️,"['fc25', 'eafc25', 'careermode', 'English']",[],False
63,2025-04-12 16:20,DisMavvy,en,VALORANT,PARTNER ANNIVERSARY ALREADY?! IMMO 3 TODAY - RADIANT TOMORROW | !delay !Logitech !FNATIC !merch !from,"['UK', 'alternative', 'ragegamer', 'Lithuanian', 'karaoke', 'catmom', 'logitechg', 'English']",[],False
63,2025-04-12 16:20,Clix,en,Fortnite,🚨 WINNING PJ FNCS CHAMPION CUP INTO SOLO CASHY | ITS SATURDAY AHHH 🚨,['English'],[],False
63,2025-04-12 16:20,AussieAntics,en,Fortnite,🏆 WATCHING SOLO CASH CUP FINALS 🏆 FNCS GROUP 1 TOMORROW 👀,['English'],[],False
63,2025-04-12 16:20,Necros,en,Marvel Rivals,[!DROPS ENABLED] SEASON 2 IS FINALLY HERE. EMMA FROST HAS COME AND SO HAVE I.,"['English', 'spiderman', 'blackpanther', 'DropsEnabled']",[],False
63,2025-04-12 16:20,Stewie2K,en,Counter-Strike,asuhhh duude | !store !socials !discord !tradeit,"['English', 'FPS', 'CSGO', 'CS2', 'PRO', 'CS', 'Multiplayer']",['MatureGame'],False
63,2025-04-12 16:20,dima_wallhacks,en,Counter-Strike,🔴G2 vs. Complexity | PGL Bucharest CO-STREAM🔴 !map !disability !skinsmonkey,"['140IQ', 'English', 'ASMR', 'forsen']",['MatureGame'],False
63,2025-04-12 16:20,ESLCS_GG,en,Counter-Strike,LIVE: Prototype Blaze vs. Eco Warriors - ESL Impact S7 - EU,"['Esports', 'English']",['MatureGame'],False
64,2025-04-12 20:02,vadriss,en,Grand Theft Auto V,Day 12 of UNCAPPED Birthday SUBATHON | !merch !subathon !goals,"['English', 'Gay', 'femboy', 'LGBTQ', 'twitchprideguild']",['MatureGame'],False
64,2025-04-12 20:02,Clix,en,Fortnite,🚨 WINNING PJ FNCS CHAMPION CUP INTO SOLO CASHY | ITS SATURDAY AHHH 🚨,['English'],[],False
64,2025-04-12 20:02,bundun,en,Geometry Dash,Returning to Geometry Dash... and I'm Beating a Demon 😈 (Day 1),"['Austrailan', 'youtube', 'bundun', 'shorts', 'English']",[],False
64,2025-04-12 20:02,adilswrld,en,VALORANT,😁Stop Calling Me Mooda Clone😁 TTS IS ENABLED 😁 !discord !socials,"['English', 'ADHD', 'silly', 'LOUD', 'valorant']",[],False
64,2025-04-12 20:02,AussieAntics,en,Fortnite,🏆 WATCHING NA SOLO CASH CUP FINALS 🏆 PETE POV IN REPLAYS 👀,['English'],[],False
64,2025-04-12 20:02,FroggerOW,en,Overwatch 2,💀 CRAZY STREAM TODAY💀 (LOWKEY GOT A HEADACHE BUT WHATEVER),"['Australian', 'English']",[],False
64,2025-04-12 20:02,iDbz,en,Sea of Thieves,✨Ragebaitting  ✨ Solo guide !SoloGuide✨ !plusprogram !socials,"['English', 'Db', 'French', 'Pvp', 'Tucks', 'Goober']",[],False
64,2025-04-12 20:02,Miffoo,en,Wildgate,💀 Gate of Wild 💀,['English'],[],False
64,2025-04-12 20:03,WorldofChap,en,Wildgate,(!charity) Gamers for Giving! 🌌 Wildgate Playtest Day 3 | (!discord) (!youtube) (!tts) #GFG2025,"['English', 'roastedsweetpotato', 'Canadian', 'NightmareModeChampion', 'DoubleGoldCurse']",[],False
65,2025-04-12 20:13,vadriss,en,Grand Theft Auto V,Day 12 of UNCAPPED Birthday SUBATHON | !merch !subathon !goals,"['English', 'Gay', 'femboy', 'LGBTQ', 'twitchprideguild']",['MatureGame'],False
65,2025-04-12 20:13,Clix,en,Fortnite,🚨 WINNING SOLO CASHY FINALS | ITS SATURDAY AHHH 🚨,['English'],[],False
65,2025-04-12 20:13,bundun,en,Geometry Dash,Returning to Geometry Dash... and I'm Beating a Demon 😈 (Day 1),"['Austrailan', 'youtube', 'bundun', 'shorts', 'English']",[],False
65,2025-04-12 20:13,AussieAntics,en,Fortnite,🏆 WATCHING NA SOLO CASH CUP FINALS 🏆 PETE POV IN REPLAYS 👀,['English'],[],False
65,2025-04-12 20:13,adilswrld,en,VALORANT,😁Stop Calling Me Mooda Clone😁 TTS IS ENABLED 😁 !discord !socials,"['English', 'ADHD', 'silly', 'LOUD', 'valorant']",[],False
65,2025-04-12 20:13,FroggerOW,en,Overwatch 2,💀 CRAZY STREAM TODAY💀 (LOWKEY GOT A HEADACHE BUT WHATEVER),"['Australian', 'English']",[],False
65,2025-04-12 20:13,LA4AWALE,en,EA Sports FC 25,🚨 IMMORTALS TEAM 2 🚨 RTG FUT CHAMPS🚨9-0🚨 !lootbar !donations !youtube,['English'],[],False
65,2025-04-12 20:13,EsportProClub,en,EA Sports FC 25,livestream eFootball Esport Pro Club,"['League', 'PS5', 'Tournament', 'Soccer', 'Football', 'Cybersport', 'English', 'EPC', 'Esports', 'Drops']",[],False
65,2025-04-12 20:13,sacred_toao,en,EA Sports FC 25,⭐SACRED ERA⭐ !tts (DONATIONS READ OUT LOUD) !twitter,"['gaming', 'rage', 'funny', 'English']",[],False
66,2025-04-12 20:22,vadriss,en,Grand Theft Auto V,Day 12 of UNCAPPED Birthday SUBATHON | !merch !subathon !goals,"['English', 'Gay', 'femboy', 'LGBTQ', 'twitchprideguild']",['MatureGame'],False
66,2025-04-12 20:22,AussieAntics,en,Fortnite,🏆 WATCHING NA SOLO CASH CUP FINALS 🏆 PETE POV IN REPLAYS 👀,['English'],[],False
66,2025-04-12 20:23,bundun,en,Geometry Dash,Returning to Geometry Dash... and I'm Beating a Demon 😈 (Day 1),"['Austrailan', 'youtube', 'bundun', 'shorts', 'English']",[],False
66,2025-04-12 20:23,rawdogmoon,en,VALORANT,❗️ASSYRIAN GIGACHAD❗️ !discord !socials ❗️,"['English', 'assyrian', 'valorant', 'GIGACHAD']",[],False
66,2025-04-12 20:23,DrDonutttttt,en,Minecraft,,"['English', 'smp', 'DonutSMP', 'drdonut', 'crystalpvp', 'pvp', 'cpvp', 'survival', 'survival', 'minecraft']",[],False
66,2025-04-12 20:23,Linkzzey,en,Minecraft,"🔴Hardcore 46,200+Days|4+Years|11,400+Hours !worldtour","['LetsPlay', 'English', 'Hardcore', 'RPG', 'Permadeath', 'SurvivaI', 'chill', 'hardcoreminecraft', 'FamilyFrendly']",[],False
66,2025-04-12 20:23,ArrowCS,en,Counter-Strike,🔴FARMING FEVER CASES🔴,['English'],['MatureGame'],False
66,2025-04-12 20:23,d0cc_tv,en,Counter-Strike,🔴FACEIT 3K ELO WITH D0cC CFG🔴 !csgoskins !pirateswap !dm - Day 42/60,"['FACEIT', 'FPL', 'PRO', 'English', 'CS2', '6KELO']",['MatureGame'],False
66,2025-04-12 20:23,Ahrora,en,Counter-Strike,🔴top250 NA 😎 New Video SOON on !yt<-- (!delay) - ON THE GRIND!,"['ahrora', 'ranked', 'COMPETITIVE', 'English', 'CS2', 'counterstrike2', 'counterstrike', 'gaming', 'cs2faceit', 'faceit']",['MatureGame'],False
67,2025-04-13 00:02,vadriss,en,Grand Theft Auto V,Day 12 of UNCAPPED Birthday SUBATHON | !merch !subathon !goals,"['English', 'Gay', 'femboy', 'LGBTQ', 'twitchprideguild']",['MatureGame'],False
67,2025-04-13 00:02,AussieAntics,en,Fortnite,🏆 GETTING UNWASHED FOR PRO-AM 🏆 FNCS GROUPS TOMORROW 👀,['English'],[],False
67,2025-04-13 00:02,sixsav,en,Marvel Rivals,(DROPS ENABLED) NEW SEASON TIME TO CONQUER THE RANKS WITH RAGE-BAIT SPIDER-MAN,"['PC', 'PvP', 'Multiplayer', 'English', 'DropsEnabled']",[],False
67,2025-04-13 00:02,nihilistu,en,Call of Duty: Modern Warfare III,🚨MWIII IS SO BACK???🚨 !socials !yt !discord !h2mscripts !recentshot !vid !ep,"['SouthAfrica', 'goth', 'emo', 'metal', 'trickshotting', 'ADD', 'Nostalgia', 'mw2', 'PlayingwithViewers', 'PS3']",['MatureGame'],False
67,2025-04-13 00:02,Asuno,en,Dead by Daylight,✅DROPS✅ P100 KANEKI GRIND! | !Blue !TTS !Event !Drops,"['English', 'DBD', 'Kaneki', 'Movement', 'Chill', 'Educational', 'IntoTheFog', 'ShirtMySurvivor', 'Competitive', 'Ghoul']",['MatureGame'],False
67,2025-04-13 00:02,TenZ,en,VALORANT,low sens to save my ranked games,"['English', 'Anime', 'FPS', 'tenz']",[],False
67,2025-04-13 00:02,nenedrama14,es,EA Sports FC 25,EL NENE EN FUT CHAMPSSS!!! SUBSSSS,['Español'],[],False
67,2025-04-13 00:02,GAdamou10_,en,EA Sports FC 25,(9-0) #1 NA PRO GOES 15-0 WITH NEW EUSEBIO!!!!!!! (ENG/GRE),['English'],[],False
67,2025-04-13 00:02,5starazzy,en,Grand Theft Auto V,DBE WORLD AKKY AZZY (107/365),['English'],['MatureGame'],False
68,2025-04-13 00:09,vadriss,en,Grand Theft Auto V,Day 12 of UNCAPPED Birthday SUBATHON | !merch !subathon !goals,"['English', 'Gay', 'femboy', 'LGBTQ', 'twitchprideguild']",['MatureGame'],False
68,2025-04-13 00:09,AussieAntics,en,Fortnite,🏆 GETTING UNWASHED FOR PRO-AM 🏆 FNCS GROUPS TOMORROW 👀,['English'],[],False
68,2025-04-13 00:09,sixsav,en,Marvel Rivals,(DROPS ENABLED) NEW SEASON TIME TO CONQUER THE RANKS WITH RAGE-BAIT SPIDER-MAN,"['PC', 'PvP', 'Multiplayer', 'English', 'DropsEnabled']",[],False
68,2025-04-13 00:10,TenZ,en,VALORANT,low sens to save my ranked games,"['English', 'Anime', 'FPS', 'tenz']",[],False
68,2025-04-13 00:10,Asuno,en,Dead by Daylight,✅DROPS✅ P100 KANEKI GRIND! | !Blue !TTS !Event !Drops,"['English', 'DBD', 'Kaneki', 'Movement', 'Chill', 'Educational', 'IntoTheFog', 'ShirtMySurvivor', 'Competitive', 'Ghoul']",['MatureGame'],False
68,2025-04-13 00:10,CarlCrafts,en,Minecraft,IMPOSSIBLE MINECRAFT - with @queen_ov_drama @sir_nipplington and @jazzlikeonion,"['Australian', 'ADHD', 'Hardcore', 'English', 'Neurodivergent', 'Aussie', 'ClosedCaptions', 'Beard', 'vanilla', 'OCE']",[],False
68,2025-04-13 00:10,LuvDro,en,ROBLOX,DEAD RAILS 🚀 SATURDAEE 🚀 LONG AHH STREEM 🚀 PLAYING WITH VIEWERS 🚀 NEXT EL CHAPO 🚀 GET IN HERE 🚀 BECOME A DRO 🚀,"['English', 'PlayingwithViewers', 'Anime', 'Multiplayer', 'Interactive', 'VarietyStreamer', 'gaming', 'chill', 'roblox', 'blackcreator']",[],False
68,2025-04-13 00:10,ikkazun,en,ROBLOX,⭐️SUBATHON⭐️DAY 24: ABA,['English'],[],False
68,2025-04-13 00:10,RealBlueStarGaming,en,ROBLOX,SUBATHON!!!!! Doors - Rivals - FISCH?? - Playing With Viewers - !user !link,['English'],[],False
69,2025-04-13 04:02,vadriss,en,Grand Theft Auto V,Day 12 of UNCAPPED Birthday SUBATHON | !merch !subathon !goals,"['English', 'Gay', 'femboy', 'LGBTQ', 'twitchprideguild']",['MatureGame'],False
69,2025-04-13 04:02,Oatley,en,Fortnite,"OCE SOLO CASH CUP FINALS | Code ""Oatley"" #ad | !socials !youtube !fncs !delay","['FamilyFriendly', 'Fortnite', 'BattleRoyale', 'Multiplayer', 'Action', 'Competitive', 'Professional', 'Positivity', 'PC', 'English']",[],False
69,2025-04-13 04:02,zoolon888,en,Minecraft,HCMC  5760+ Days  1840+ hrs,"['LGBTQPlus', 'Safespace4all', 'Minecraft', 'DyslexicStreamer', 'english', 'Hardcore', 'English']",[],False
69,2025-04-13 04:02,crud,en,Sea of Thieves,crudstream,"['English', 'crudgoblin', 'crudfest', 'chatreader', 'seaofthieves', 'Completionist', 'OCE', 'Australia', 'SeaofThievesgameplay', 'Tall']",[],False
69,2025-04-13 04:02,Nautilifts,en,Marvel Rivals,[!DROPS] ☢️RANK #1 BRUCE BANNER☢️ || MR S2 CUSTOMS + RANKED LATER // long stream ➔ !tiktok !discord,"['English', 'chill', 'aura', 'Marvel', 'marvelrivals', 'BruceBanner', 'DropsEnabled']",[],False
69,2025-04-13 04:02,CarlCrafts,en,Minecraft,IMPOSSIBLE MINECRAFT - with @queen_ov_drama @sir_nipplington and @jazzlikeonion,"['Australian', 'ADHD', 'Hardcore', 'English', 'Neurodivergent', 'Aussie', 'ClosedCaptions', 'Beard', 'vanilla', 'OCE']",[],False
69,2025-04-13 04:02,Jeremy_GoneWild,en,The Sims 4,Rebirth Legacy Gen 7,"['lgbtqia', 'gay', 'neurodivergent', 'autism', 'lgbt', 'English']",[],False
69,2025-04-13 04:02,simplymoony,en,Fortnite,"Community Fortnite <3 Icons & Legends, UNITE! High-Freaking-FIVES!","['UndiagnosedADHD', 'WholesomeChaos', 'PG13', 'ReadsChat', 'cantsleep', 'CozyChaos', 'goodvibes', 'MentalHealthFriendly', 'BirthdayStream', 'ZeroBuildFortnite']",[],False
69,2025-04-13 04:02,DrGluon,en,Blue Prince,Lets get OUT OF HERE!! !yt !throne,"['English', 'BackseatGamingAllowed', 'itsafez', 'funny', 'Cozy', 'wholesome']",[],False
70,2025-04-13 04:11,vadriss,en,Grand Theft Auto V,Day 12 of UNCAPPED Birthday SUBATHON | !merch !subathon !goals,"['English', 'Gay', 'femboy', 'LGBTQ', 'twitchprideguild']",['MatureGame'],False
70,2025-04-13 04:11,Oatley,en,Fortnite,"OCE SOLO CASH CUP FINALS | Code ""Oatley"" #ad | !socials !youtube !fncs !delay","['FamilyFriendly', 'Fortnite', 'BattleRoyale', 'Multiplayer', 'Action', 'Competitive', 'Professional', 'Positivity', 'PC', 'English']",[],False
70,2025-04-13 04:11,zoolon888,en,Minecraft,HCMC  5760+ Days  1840+ hrs,"['LGBTQPlus', 'Safespace4all', 'Minecraft', 'DyslexicStreamer', 'english', 'Hardcore', 'English']",[],False
70,2025-04-13 04:11,crud,en,Sea of Thieves,crudstream,"['English', 'crudgoblin', 'crudfest', 'chatreader', 'seaofthieves', 'Completionist', 'OCE', 'Australia', 'SeaofThievesgameplay', 'Tall']",[],False
70,2025-04-13 04:11,Nautilifts,en,Marvel Rivals,[!DROPS] ☢️RANK #1 BRUCE BANNER☢️ || MR S2 CUSTOMS + RANKED LATER // long stream ➔ !tiktok !discord,"['English', 'chill', 'aura', 'Marvel', 'marvelrivals', 'BruceBanner', 'DropsEnabled']",[],False
70,2025-04-13 04:11,CarlCrafts,en,Minecraft,IMPOSSIBLE MINECRAFT - with @queen_ov_drama @sir_nipplington and @jazzlikeonion,"['Australian', 'ADHD', 'Hardcore', 'English', 'Neurodivergent', 'Aussie', 'ClosedCaptions', 'Beard', 'vanilla', 'OCE']",[],False
70,2025-04-13 04:11,pge4,en,VALORANT,Boss MODE,['English'],[],False
70,2025-04-13 04:11,PLAYTO_ow,en,Schedule I,"🟪 HEISENBURGER 🟪 PLAYTOPIA IS HERE, HERETICS BE SCARED","['furry', 'English', 'Pastafarian', 'Burger', 'eboy', 'Forehead']",['MatureGame'],False
70,2025-04-13 04:11,codebreaker,en,Overwatch 2,T500 DPS | CAT DAD PLAYING SOME OVERWATCH AT 7 AM LETS GOOOO,"['dps', 'chill', 'English']",[],False
71,2025-04-13 04:18,vadriss,en,Grand Theft Auto V,Day 12 of UNCAPPED Birthday SUBATHON | !merch !subathon !goals,"['English', 'Gay', 'femboy', 'LGBTQ', 'twitchprideguild']",['MatureGame'],False
71,2025-04-13 04:18,Oatley,en,Fortnite,"OCE SOLO CASH CUP FINALS | Code ""Oatley"" #ad | !socials !youtube !fncs !delay","['FamilyFriendly', 'Fortnite', 'BattleRoyale', 'Multiplayer', 'Action', 'Competitive', 'Professional', 'Positivity', 'PC', 'English']",[],False
71,2025-04-13 04:18,zoolon888,en,Minecraft,HCMC  5760+ Days  1840+ hrs,"['LGBTQPlus', 'Safespace4all', 'Minecraft', 'DyslexicStreamer', 'english', 'Hardcore', 'English']",[],False
71,2025-04-13 04:18,crud,en,Sea of Thieves,crudstream,"['English', 'crudgoblin', 'crudfest', 'chatreader', 'seaofthieves', 'Completionist', 'OCE', 'Australia', 'SeaofThievesgameplay', 'Tall']",[],False
71,2025-04-13 04:18,Nautilifts,en,Marvel Rivals,[!DROPS] ☢️RANK #1 BRUCE BANNER☢️ || MR S2 CUSTOMS + RANKED LATER // long stream ➔ !tiktok !discord,"['English', 'chill', 'aura', 'Marvel', 'marvelrivals', 'BruceBanner', 'DropsEnabled']",[],False
71,2025-04-13 04:18,CarlCrafts,en,Minecraft,IMPOSSIBLE MINECRAFT - with @queen_ov_drama @sir_nipplington and @jazzlikeonion,"['Australian', 'ADHD', 'Hardcore', 'English', 'Neurodivergent', 'Aussie', 'ClosedCaptions', 'Beard', 'vanilla', 'OCE']",[],False
71,2025-04-13 04:19,Caedrel,en,League of Legends,🔴DK VS GENG LCK CO STREAM #LCKWatchParty !dpmlol !discord !displate,"['English', 'LPL', 'LCK', 'LEC']",[],False
71,2025-04-13 04:19,lplenglish,en,League of Legends,2025 LPL Split 2 Rumble Stage | Day 9 | WE vs. NIP | TT vs. TES | WBG vs. AL | !casters !production !schedule,"['LPL', 'Lolesports', 'English']",[],False
71,2025-04-13 04:19,otplol_,fr,League of Legends,LCK 2025 - DK vs GEN - W2D5 - BO3,"['Esport', 'Français']",[],True
72,2025-04-13 08:02,PewDiePie,en,Stardew Valley,Chill Sunday Vibes ∞ Binge @PewDiePie vids 24/7 with chat ∞ !video,"['Minecraft', 'YouTube', 'AlwaysOn', 'English', 'Rerun']",[],True
72,2025-04-13 08:02,lightt,en,Overwatch 2,TOP10 CHAMP KOREA PUSH NOWW !yt || SUB ONLY !MINECRAFT SERVER IS UP !currentsong !socials,"['English', 'unemployed']",['ProfanityVulgarity'],True
72,2025-04-13 08:02,zoolon888,en,Minecraft,HCMC  5760+ Days  1840+ hrs,"['LGBTQPlus', 'Safespace4all', 'Minecraft', 'DyslexicStreamer', 'english', 'Hardcore', 'English']",[],False
72,2025-04-13 08:02,Mario,en,Grand Theft Auto V,Hydrate RP l I HAVE NEARLY BEEN DAILY STREAMING FOR 5 YEARS.. 2255/2300 l ROAD TO 3000 SUBS!,"['English', 'ANZSubFest']",['MatureGame'],False
72,2025-04-13 08:02,botjayttv,en,ROBLOX,✬ PS99 | BGSI ✬ Where is my Titanic? ✪ Offical Partner ✪,"['English', 'Deutsch', 'botjaytv', 'RudeStreamer', 'petsimulator99', 'honestman']",[],False
72,2025-04-13 08:02,Necros,en,Marvel Rivals,[!DROPS ENABLED] SEASON 2 IS FINALLY HERE. EMMA FROST HAS COME AND SO HAVE I.,"['English', 'spiderman', 'blackpanther', 'DropsEnabled']",[],False
72,2025-04-13 08:02,dafran,en,Marvel Rivals,[DROPS] PUNISHING THE ENEMY BECAUSE THEY HAVE BEEN TOXIC,"['English', 'DropsEnabled']",[],False
72,2025-04-13 08:02,MarvelRivals,en,Marvel Rivals,[Replay] Marvel Rivals Championship S1 | Grand Final Day | ASIA-EU-NA,"['superhero', 'Shooter', '6v6', 'marvelrivals', 'Action', 'English', 'DropsEnabled']",[],False
72,2025-04-13 08:02,Caedrel,en,League of Legends,🔴NS VS DRX LCK CO STREAM #LCKWatchParty !dpmlol !discord !displate,"['English', 'LPL', 'LCK', 'LEC']",[],False
73,2025-04-13 08:14,Smacko,en,Fortnite,"ZERO BUILDS SOLO VS SQUADS. Use Code ""SMACKO"" #EpicPartner","['English', 'Fortnite', 'ZeroBuild']",[],False
73,2025-04-13 08:14,Mario,en,Grand Theft Auto V,Hydrate RP l I HAVE NEARLY BEEN DAILY STREAMING FOR 5 YEARS.. 2255/2300 l ROAD TO 3000 SUBS!,"['English', 'ANZSubFest']",['MatureGame'],False
73,2025-04-13 08:14,Nautilifts,en,Schedule I,[!DROPS] ☢️RANK #1 BRUCE BANNER☢️ || BREAKING BANNER SCHEDULE 1 // long stream ➔ !tiktok !discord,"['English', 'chill', 'aura', 'Marvel', 'marvelrivals', 'BruceBanner', 'DropsEnabled']",['MatureGame'],False
73,2025-04-13 08:14,lightt,en,Overwatch 2,TOP10 CHAMP KOREA PUSH NOWW !yt || SUB ONLY !MINECRAFT SERVER IS UP !currentsong !socials,"['English', 'unemployed']",['ProfanityVulgarity'],True
73,2025-04-13 08:14,Oatley,en,Fortnite,"🏆 3RD SOLO CASH CUP FINALS 🏆 | Code ""Oatley"" #ad | !socials !youtube !fncs !delay","['FamilyFriendly', 'Fortnite', 'BattleRoyale', 'Multiplayer', 'Action', 'Competitive', 'Professional', 'Positivity', 'PC', 'English']",[],False
73,2025-04-13 08:14,VALORANT_Pacific,en,VALORANT,GEN vs. GE - VCT Pacific - Stage 1 - Group Stage - Day 11,"['VCTPacific', 'VCT', 'VALORANT', 'English', 'VCTP', 'RisePacific']",[],False
73,2025-04-13 08:14,BehavingBeardly,en,Sea of Thieves,!SUBATHON - UN-CAPPED // !SPRINGBEARD - 1440p STREAM - !beardlytv !Sticker,"['English', 'GreatBigBushyBeard', 'NoPreRolls', '1440p60fps']",[],True
73,2025-04-13 08:14,ashhhqa,ru,Sea of Thieves,🟢 PVP Sloop Vibe | !дс !тг,"['Русский', 'English', 'PvP', 'holidayhoopla', 'PvE']",[],False
73,2025-04-13 08:14,LF_Maverick,fr,Sea of Thieves,🔵🏴‍☠️GIVEAWAY 🏴‍☠️🔵 [Gilded Ship Set]  CHILL @ SUNDAY !!!.... Balade su soleil🎶🎶 ROCK Music  🎶🎶 ❗discord ❗merch,"['français', 'SUISSE', 'détente', 'seaofthieve', 'pvp', 'pve', 'Français', 'SoTPartner']",[],False
74,2025-04-13 08:25,Mario,en,Grand Theft Auto V,Hydrate RP l I HAVE NEARLY BEEN DAILY STREAMING FOR 5 YEARS.. 2255/2300 l ROAD TO 3000 SUBS!,"['English', 'ANZSubFest']",['MatureGame'],False
74,2025-04-13 08:25,Oatley,en,Fortnite,"🏆 3RD SOLO CASH CUP FINALS 🏆 | Code ""Oatley"" #ad | !socials !youtube !fncs !delay","['FamilyFriendly', 'Fortnite', 'BattleRoyale', 'Multiplayer', 'Action', 'Competitive', 'Professional', 'Positivity', 'PC', 'English']",[],False
74,2025-04-13 08:25,botjayttv,en,ROBLOX,✬ PS99 | BGSI ✬ Where is my Titanic? ✪ Offical Partner ✪,"['English', 'Deutsch', 'botjaytv', 'RudeStreamer', 'petsimulator99', 'honestman']",[],False
74,2025-04-13 08:25,Necros,en,Marvel Rivals,[!DROPS ENABLED] SEASON 2 IS FINALLY HERE. EMMA FROST HAS COME AND SO HAVE I.,"['English', 'spiderman', 'blackpanther', 'DropsEnabled']",[],False
74,2025-04-13 08:25,PGL,en,Counter-Strike,PGL Bucharest 2025 - 3rd Place Decider,"['Esports', 'English']",['MatureGame'],False
74,2025-04-13 08:25,Nautilifts,en,Schedule I,[!DROPS] ☢️RANK #1 BRUCE BANNER☢️ || BREAKING BANNER SCHEDULE 1 // long stream ➔ !tiktok !discord,"['English', 'chill', 'aura', 'Marvel', 'marvelrivals', 'BruceBanner']",['MatureGame'],False
74,2025-04-13 08:25,SeniorMender8,en,Fortnite,Click for Insane Sniping!! Zero Build Joker,['English'],[],False
74,2025-04-13 08:25,whoohubofficial,en,Fortnite,SUBATHON!!!! | Partner Push | Full Time Day 19 | #1 Fortnite ZB Player | Chill Vibes | Unreal | Curly Fries | Whoobert,"['Gaming', 'English', 'letsplay']",[],False
74,2025-04-13 08:26,l1wenYT,en,Fortnite,#1 Reload Ranked | Use code L1WENFN #ad | NO MIC,"['FortniteRanked', 'Fortnite', 'EpicPatrtner', 'English', 'ZeroBuild', 'Predictions', 'Competitive']",[],False
75,2025-04-13 08:34,Mario,en,Grand Theft Auto V,Hydrate RP l I HAVE NEARLY BEEN DAILY STREAMING FOR 5 YEARS.. 2255/2300 l ROAD TO 3000 SUBS!,"['English', 'ANZSubFest']",['MatureGame'],False
75,2025-04-13 08:34,Oatley,en,Fortnite,"🏆 3RD SOLO CASH CUP FINALS 🏆 | Code ""Oatley"" #ad | !socials !youtube !fncs !delay","['FamilyFriendly', 'Fortnite', 'BattleRoyale', 'Multiplayer', 'Action', 'Competitive', 'Professional', 'Positivity', 'PC', 'English']",[],False
75,2025-04-13 08:34,botjayttv,en,ROBLOX,✬ PS99 | BGSI ✬ Where is my Titanic? ✪ Offical Partner ✪,"['English', 'Deutsch', 'botjaytv', 'RudeStreamer', 'petsimulator99', 'honestman']",[],False
75,2025-04-13 08:35,Necros,en,Marvel Rivals,[!DROPS ENABLED] SEASON 2 IS FINALLY HERE. EMMA FROST HAS COME AND SO HAVE I.,"['English', 'spiderman', 'blackpanther', 'DropsEnabled']",[],False
75,2025-04-13 08:35,Nautilifts,en,Schedule I,[!DROPS] ☢️RANK #1 BRUCE BANNER☢️ || BREAKING BANNER SCHEDULE 1 // long stream ➔ !tiktok !discord,"['English', 'chill', 'aura', 'Marvel', 'marvelrivals', 'BruceBanner']",['MatureGame'],False
75,2025-04-13 08:35,danielharrison,en,Counter-Strike,THE FINAL PUSH. 10K BABY. NO FACECAM. GAMIN.,['English'],['MatureGame'],False
75,2025-04-13 08:35,JAMODO,en,EA Sports FC 25,🤩 PACKING EVERY GOOD IMMORTALS 🤩 !highlights,"['English', 'Football', 'ProfessionalGamer', 'spanish', 'sports', 'fifa', 'eng', 'hot', 'FPL', 'fc25']",[],False
75,2025-04-13 08:35,Shawrey_,en,EA Sports FC 25,IMMORTALS TEAM 2 FUT CHAMPS!! !sapninstore !prime !hashtaghouse,['English'],[],False
75,2025-04-13 08:35,Stokes,en,EA Sports FC 25,IMMORTALS WEEKEND LEAGUE!!!!! || !4411 !4222,['English'],[],False
76,2025-04-13 08:42,Mario,en,Grand Theft Auto V,Hydrate RP l I HAVE NEARLY BEEN DAILY STREAMING FOR 5 YEARS.. 2255/2300 l ROAD TO 3000 SUBS!,"['English', 'ANZSubFest']",['MatureGame'],False
76,2025-04-13 08:42,Oatley,en,Fortnite,"🏆 3RD SOLO CASH CUP FINALS 🏆 | Code ""Oatley"" #ad | !socials !youtube !fncs !delay","['FamilyFriendly', 'Fortnite', 'BattleRoyale', 'Multiplayer', 'Action', 'Competitive', 'Professional', 'Positivity', 'PC', 'English']",[],False
76,2025-04-13 08:42,botjayttv,en,ROBLOX,✬ PS99 | BGSI ✬ Where is my Titanic? ✪ Offical Partner ✪,"['English', 'Deutsch', 'botjaytv', 'RudeStreamer', 'petsimulator99', 'honestman']",[],False
76,2025-04-13 08:42,Necros,en,Marvel Rivals,[!DROPS ENABLED] SEASON 2 IS FINALLY HERE. EMMA FROST HAS COME AND SO HAVE I.,"['English', 'spiderman', 'blackpanther', 'DropsEnabled']",[],False
76,2025-04-13 08:42,Nautilifts,en,Schedule I,[!DROPS] ☢️RANK #1 BRUCE BANNER☢️ || BREAKING BANNER SCHEDULE 1 // long stream ➔ !tiktok !discord,"['English', 'chill', 'aura', 'Marvel', 'marvelrivals', 'BruceBanner']",['MatureGame'],False
76,2025-04-13 08:42,sinatraa,en,Marvel Rivals,[DROPS] SEASON 2 RANKED,"['English', 'DropsEnabled']",[],False
76,2025-04-13 08:42,XizukiF,en,League of Legends,[SG/EN] C1 om 2 weeks? late gaming cause stayout for 3 days,"['English', 'Singapore']",[],False
76,2025-04-13 08:42,realxoelol,th,League of Legends,🔴สตรีมไปเรื่อยๆ,"['ภาษาไทย', 'ไทย', 'realxoe', 'lol', 'xoe', 'zoe']",['ProfanityVulgarity'],False
76,2025-04-13 08:42,bunnyviit,zh,VALORANT,今天只有娱乐局,"['台灣', '馬來西亞', '聲控', '中文', 'Singapore', 'HongKong', 'English', 'Malaysia', 'valorant']",[],False
77,2025-04-13 12:02,AussieAntics,en,Fortnite,🏆 WATCHING FNCS GROUPS (SEMIS) 🏆 V-BUCK GIVEAWAYS 💰,['English'],[],False
77,2025-04-13 12:02,Necros,en,Marvel Rivals,[!DROPS ENABLED] SEASON 2 IS FINALLY HERE. EMMA FROST HAS COME AND SO HAVE I.,"['English', 'spiderman', 'blackpanther', 'DropsEnabled']",[],False
77,2025-04-13 12:02,joshseki,en,VALORANT,morning ranked | !newvid !vlogs !PH,"['English', 'ClosedCaptions', 'Korean', 'Radiant', 'Kpop', 'Anime']",[],False
77,2025-04-13 12:02,PGL,en,Counter-Strike,Team Falcons vs G2 - PGL Bucharest 2025 - Grand Finals,"['Esports', 'English']",['MatureGame'],False
77,2025-04-13 12:02,PewDiePie,en,Stardew Valley,Chill Sunday Vibes ∞ Binge @PewDiePie vids 24/7 with chat ∞ !video,"['Minecraft', 'YouTube', 'AlwaysOn', 'English', 'Rerun']",[],True
77,2025-04-13 12:02,Thebausffs,en,League of Legends,I LOVE SOLOQ,['English'],[],False
77,2025-04-13 12:02,Podognon,fr,Sea of Thieves,🏝️ 100 JOURS SANS NAVIRE SUR SEA OF THIEVES 🏝️❗youtube ❗tiktok❗insta,"['Français', 'claquez', 'vos', 'primes']",[],False
77,2025-04-13 12:02,AMNESYA_TV,fr,Sea of Thieves,🎁GIVEAWAY Six Pack Obsidienne🎁HG en legende❗tiktok ❗full ❗youtube,"['Français', 'drop', 'Multiplayer', 'duo', 'solo', 'BR', 'giveaway']",[],False
77,2025-04-13 12:03,elmuchach0,de,Sea of Thieves,🟠Serpentsail !giveaway! HEUTE | 1.4 Milliarde Gold | !247 | SoT Partner | PC [ENGER],"['Deutsch', 'SOTPartner', 'Giveaway', 'EU', 'PvP', 'Pro', 'English', 'serpentsliesails', 'SeaOfThievesPartner']",[],False
78,2025-04-13 12:13,AussieAntics,en,Fortnite,🏆 WATCHING FNCS GROUPS (SEMIS) 🏆 V-BUCK GIVEAWAYS 💰,['English'],[],False
78,2025-04-13 12:13,Necros,en,Marvel Rivals,[!DROPS ENABLED] SEASON 2 IS FINALLY HERE. EMMA FROST HAS COME AND SO HAVE I.,"['English', 'spiderman', 'blackpanther', 'DropsEnabled']",[],False
78,2025-04-13 12:13,joshseki,en,VALORANT,morning ranked | !newvid !vlogs !PH,"['English', 'ClosedCaptions', 'Korean', 'Radiant', 'Kpop', 'Anime']",[],False
78,2025-04-13 12:13,PGL,en,Counter-Strike,Team Falcons vs G2 - PGL Bucharest 2025 - Grand Finals,"['Esports', 'English']",['MatureGame'],False
78,2025-04-13 12:13,PewDiePie,en,Stardew Valley,Chill Sunday Vibes ∞ Binge @PewDiePie vids 24/7 with chat ∞ !video,"['Minecraft', 'YouTube', 'AlwaysOn', 'English', 'Rerun']",[],True
78,2025-04-13 12:13,iskall85,en,Minecraft,THE ULTIMATE DYLAN CHALLENGE EVENT DAY! | !bisect !vh,"['English', 'minecraft', 'iskall85', 'vaulthunters', 'drops']",[],False
78,2025-04-13 12:13,XizukiF,en,League of Legends,[SG/EN] C1 om 2 weeks? late gaming cause stayout for 3 days,"['English', 'Singapore']",[],False
78,2025-04-13 12:13,realxoelol,th,League of Legends,🔴สตรีมไปเรื่อยๆ,"['ภาษาไทย', 'ไทย', 'realxoe', 'lol', 'xoe', 'zoe']",['ProfanityVulgarity'],False
78,2025-04-13 12:13,irosuico,en,Music,【EN/中文/日本語】Sunday Comfy Calming Singing | !discord !socials ♡ @irosuico,"['English', 'Vtuber', 'Yapper', 'ComfyChaotic', 'LurkerFriendly', 'girl']",['ProfanityVulgarity'],False
79,2025-04-13 12:22,Fortnite,en,Fortnite,FNCS Major 2 - Europe - Group 1,"['Esports', 'English', 'DropsEnabled']",[],False
79,2025-04-13 12:22,MarvelRivals,en,Marvel Rivals,[Replay] Marvel Rivals Championship S1 | Grand Final Day | ASIA-EU-NA,"['superhero', 'Shooter', '6v6', 'marvelrivals', 'Action', 'English', 'DropsEnabled']",[],False
79,2025-04-13 12:22,counter_strike_official,ru,Counter-Strike,играем в кс2 с подписчиками,['Русский'],['MatureGame'],False
79,2025-04-13 12:23,Minecraft,en,Minecraft,Minecraft LIVE - March 2025,"['minecraft', 'English', 'live', 'minecraftlive', 'ViewerRewards']",[],False
79,2025-04-13 12:23,VALORANT,en,VALORANT,G2 vs. T1 - VALORANT Masters Bangkok - Grand Final,"['Esports', 'VCT', 'English', 'VALORANTChampionsTour', 'ChampionsTour', 'Champions', 'VALORANTChampions', 'DropsEnabled']",[],False
79,2025-04-13 12:23,AussieAntics,en,Fortnite,🏆 WATCHING FNCS GROUPS (SEMIS) 🏆 V-BUCK GIVEAWAYS 💰,['English'],[],False
79,2025-04-13 12:23,Necros,en,Marvel Rivals,[!DROPS ENABLED] SEASON 2 IS FINALLY HERE. EMMA FROST HAS COME AND SO HAVE I.,"['English', 'spiderman', 'blackpanther', 'DropsEnabled']",[],False
79,2025-04-13 12:23,joshseki,en,VALORANT,morning ranked | !newvid !vlogs !PH,"['English', 'ClosedCaptions', 'Korean', 'Radiant', 'Kpop', 'Anime']",[],False
79,2025-04-13 12:23,PGL,en,Counter-Strike,Team Falcons vs G2 - PGL Bucharest 2025 - Grand Finals,"['Esports', 'English']",['MatureGame'],False
79,2025-04-13 12:23,PewDiePie,en,Stardew Valley,Chill Sunday Vibes ∞ Binge @PewDiePie vids 24/7 with chat ∞ !video,"['Minecraft', 'YouTube', 'AlwaysOn', 'English', 'Rerun']",[],True
79,2025-04-13 12:23,Thebausffs,en,League of Legends,I LOVE SOLOQ,['English'],[],False
80,2025-04-13 12:32,AussieAntics,en,Fortnite,🏆 WATCHING FNCS GROUPS (SEMIS) 🏆 V-BUCK GIVEAWAYS 💰,['English'],[],False
80,2025-04-13 12:32,NickEh30,en,Fortnite,Best Memes of Fortnite Chapter 6 | Code NickEh30 #EpicPartner,"['Canadian', 'Positivity', 'BattleRoyale', 'PC', 'FamilyFriendly', 'Multiplayer', 'PVP', 'PlayingWithViewers', 'English', 'Drops']",[],False
80,2025-04-13 12:32,Necros,en,Marvel Rivals,[!DROPS ENABLED] SEASON 2 IS FINALLY HERE. EMMA FROST HAS COME AND SO HAVE I.,"['English', 'spiderman', 'blackpanther', 'DropsEnabled']",[],False
80,2025-04-13 12:32,joshseki,en,VALORANT,morning ranked | !newvid !vlogs !PH,"['English', 'ClosedCaptions', 'Korean', 'Radiant', 'Kpop', 'Anime']",[],False
80,2025-04-13 12:32,PGL,en,Counter-Strike,Team Falcons vs G2 - PGL Bucharest 2025 - Grand Finals,"['Esports', 'English']",['MatureGame'],False
80,2025-04-13 12:32,PewDiePie,en,Stardew Valley,Chill Sunday Vibes ∞ Binge @PewDiePie vids 24/7 with chat ∞ !video,"['Minecraft', 'YouTube', 'AlwaysOn', 'English', 'Rerun']",[],True
80,2025-04-13 12:32,kyle,en,Grand Theft Auto V,OFFICER DYLAN SAWYER - nopixel 4.0,['English'],['MatureGame'],False
80,2025-04-13 12:32,HutchMF,en,Escape from Tarkov,The Duo Returns | !prodigy | !starforge,['English'],['MatureGame'],False
80,2025-04-13 12:32,Pepe_The_Rarest,en,Grand Theft Auto V,PIGEON PATROLLING  - Subathon Day 43| PURPLE RP @pepe_the_rarest !holy !tip,"['Chilling', 'justVibes', 'RP', 'English', 'GTARP', 'old', 'Improv', 'ONXRP', 'dyslexic', 'PurpleRP']",['MatureGame'],True
81,2025-04-13 16:01,AussieAntics,en,Fortnite,🏆 WATCHING FNCS GROUPS (SEMIS) 🏆 V-BUCK GIVEAWAYS 💰,['English'],[],False
81,2025-04-13 16:02,jirotf16,en,EA Sports FC 25,⛓️FC25 ASTON VILLA CAREER MODE!⛓️GLOVEJOB IN LEAGUE 2!?⛓️!COMMUNITY⛓️!CLIPS⛓️!PRIME⛓️FC25!⛓️VARIETY⛓️,"['fc25', 'eafc25', 'careermode', 'English']",[],False
81,2025-04-13 16:02,CorgiVR,en,ROBLOX,ALS UPDATE REROLL + PEARL BUFFS,['English'],[],False
81,2025-04-13 16:02,Grimm,en,VALORANT,😭BEST SAGE TO EVER DO IT😭I AM SO BACK😭NO MORE MESSING AROUND😭HIGH OCTANE GAMEPLAY😭I MIGHT ASWELL GET RANK 1😭,['English'],[],False
81,2025-04-13 16:02,joshseki,en,VALORANT,morning ranked | !newvid !vlogs !PH,"['English', 'ClosedCaptions', 'Korean', 'Radiant', 'Kpop', 'Anime']",[],False
81,2025-04-13 16:02,ApexDabi,en,Marvel Rivals,🚨NEW [!DROPS]🚨SEASON 2 RANKED GRIND🚨VANGUARD MAIN🚨 TRAINING ARC🚨DESTROYER OF HAY BALES @ApexDabi,"['DropsEnabled', 'Morocco', 'English', 'PVP', 'ADHD', 'marvel', 'marvelrivals', 'TOP500', 'DROPS']",[],False
81,2025-04-13 16:02,RaMaOrientalFansub,it,Just Chatting,ANTEPRIMA ESCLUSIVA Buried Hearts & Tell Me What You Sawl!! Vi Aspettiamo numerosi!,"['drama', 'Corea', 'Quattochiacchiere', 'subita', 'intrattenamento', 'Italiano', 'streaming', 'SpoilersNoSpoilers', 'live']",[],False
81,2025-04-13 16:02,Drusilla_Blackrose,it,Grand Theft Auto V,🔴 [LEGENDS RP]🌹Prof. Blackrose🌹COPPA CASE + BALLO FINE ANNO | NUOVE EMOTEEEE @drusilla_blackrose !smistamento !socials !server !bacchetta,"['femminile', 'donna', 'COZY', 'Italiano', 'ADHD', 'harrypotter', 'Roleplay', 'fivem']",['MatureGame'],False
81,2025-04-13 16:02,iTermosifoni,it,Just Chatting,La Battaglia Delle Pubblicità Italiane [ !instant - !giveaway - !ferta ],['Italiano'],[],True
82,2025-04-13 16:10,AussieAntics,en,Fortnite,🏆 WATCHING FNCS GROUPS (SEMIS) 🏆 V-BUCK GIVEAWAYS 💰,['English'],[],False
82,2025-04-13 16:11,Grimm,en,VALORANT,😭BEST SAGE TO EVER DO IT😭I AM SO BACK😭NO MORE MESSING AROUND😭HIGH OCTANE GAMEPLAY😭I MIGHT ASWELL GET RANK 1😭,['English'],[],False
82,2025-04-13 16:11,CorgiVR,en,ROBLOX,ALS UPDATE REROLL + PEARL BUFFS,['English'],[],False
82,2025-04-13 16:11,jirotf16,en,EA Sports FC 25,⛓️FC25 ASTON VILLA CAREER MODE!⛓️GLOVEJOB IN LEAGUE 2!?⛓️!COMMUNITY⛓️!CLIPS⛓️!PRIME⛓️FC25!⛓️VARIETY⛓️,"['fc25', 'eafc25', 'careermode', 'English']",[],False
82,2025-04-13 16:11,joshseki,en,VALORANT,morning ranked | !newvid !vlogs !PH,"['English', 'ClosedCaptions', 'Korean', 'Radiant', 'Kpop', 'Anime']",[],False
82,2025-04-13 16:11,PewDiePie,en,Stardew Valley,Chill Sunday Vibes ∞ Binge @PewDiePie vids 24/7 with chat ∞ !video,"['Minecraft', 'YouTube', 'AlwaysOn', 'English', 'Rerun']",[],True
83,2025-04-13 16:18,AussieAntics,en,Fortnite,🏆 WATCHING FNCS GROUPS (SEMIS) 🏆 V-BUCK GIVEAWAYS 💰,['English'],[],False
83,2025-04-13 16:18,jirotf16,en,EA Sports FC 25,⛓️FC25 ASTON VILLA CAREER MODE!⛓️GLOVEJOB IN LEAGUE 2!?⛓️!COMMUNITY⛓️!CLIPS⛓️!PRIME⛓️FC25!⛓️VARIETY⛓️,"['fc25', 'eafc25', 'careermode', 'English']",[],False
83,2025-04-13 16:18,CorgiVR,en,ROBLOX,ALS UPDATE REROLL + PEARL BUFFS,['English'],[],False
83,2025-04-13 16:18,joshseki,en,VALORANT,morning ranked | !newvid !vlogs !PH,"['English', 'ClosedCaptions', 'Korean', 'Radiant', 'Kpop', 'Anime']",[],False
83,2025-04-13 16:18,PewDiePie,en,Stardew Valley,Chill Sunday Vibes ∞ Binge @PewDiePie vids 24/7 with chat ∞ !video,"['Minecraft', 'YouTube', 'AlwaysOn', 'English', 'Rerun']",[],True
83,2025-04-13 16:18,ApexDabi,en,Marvel Rivals,🚨NEW [!DROPS]🚨SEASON 2 RANKED GRIND🚨VANGUARD MAIN🚨 TRAINING ARC🚨DESTROYER OF HAY BALES @ApexDabi,"['DropsEnabled', 'Morocco', 'English', 'PVP', 'ADHD', 'marvel', 'marvelrivals', 'TOP500', 'DROPS']",[],False
83,2025-04-13 16:18,itsRyanHiga,en,VALORANT,valohaAaA | comp games w/ @ballslol @shiphtur,"['english', 'English']",[],False
83,2025-04-13 16:18,Foolish,en,Minecraft,👍BIG DAY AS KING👍,['English'],[],False
83,2025-04-13 16:18,Subroza,en,VALORANT,🥀 BEST PLAYER OF ALL TIME RADIANT RANKED🥀 DAY 339/366 🥀 @SubrozaVOD 24/7 Channel 🥀,"['English', 'French', 'valorant', 'radiant', 'Subroza', 'pro', 'professional', 'ranked']",[],False
84,2025-04-13 20:01,AussieAntics,en,Fortnite,🏆 WATCHING FNCS GROUP 1 (PETERBOT HEAT)🏆 V-BUCK GIVEAWAYS 💰,['English'],[],False
84,2025-04-13 20:01,vadriss,en,Grand Theft Auto V,Day 13 of UNCAPPED Birthday SUBATHON | !merch !subathon !goals,"['English', 'Gay', 'femboy', 'LGBTQ', 'twitchprideguild']",['MatureGame'],False
84,2025-04-13 20:01,bundun,en,ROBLOX,RANKING YOUR FAVOURITE ROBLOX OBBYS :),"['Austrailan', 'youtube', 'bundun', 'shorts', 'English']",[],False
84,2025-04-13 20:01,Clix,en,Fortnite,🚨 FNCS HEAT 1 VIEWING PARTY ( COACHING ASIANJEFF) MASSIVE DAY GET IN HERE  🚨,['English'],[],False
84,2025-04-13 20:02,KaiCenat,en,IRL,☀️BEAUTIFUL DAY TODAY LOCK IN☀️,"['English', 'ADHD', 'LOUD', 'gaming', 'AMP']",[],False
84,2025-04-13 20:02,adilswrld,en,VALORANT,😁Stop Calling Me Mooda Clone😁 TTS IS ENABLED 😁 !discord !socials,"['English', 'ADHD', 'silly', 'LOUD', 'valorant']",[],False
84,2025-04-13 20:02,Rakattack,en,Overwatch 2,FPL AND MAYBE 6v6?? !NEWVID,"['English', 'NOMOTION', 'grippy', 'selfemployed', 'NonchalantWhiteBoy', 'chill']",[],False
84,2025-04-13 20:02,Flats,en,Marvel Rivals,[!DROPS ENABLED] BEST PLACE TO AFK FOR DROPS + !gamersupps CUP COLLAB REVEAL APRIL 16TH!!,"['English', 'DropsEnabled']",[],False
84,2025-04-13 20:02,CommanderX,en,Overwatch 2,Supernova vs Shikigami | OWCS Promotion/Relegation NA,"['CoStream', 'Coach', 'Analysis', 'British', 'Bald', 'English', 'OWCS']",[],True
85,2025-04-13 20:12,AussieAntics,en,Fortnite,🏆 WATCHING FNCS GROUP 1 (PETERBOT HEAT)🏆 V-BUCK GIVEAWAYS 💰,['English'],[],False
85,2025-04-13 20:12,vadriss,en,Grand Theft Auto V,Day 13 of UNCAPPED Birthday SUBATHON | !merch !subathon !goals,"['English', 'Gay', 'femboy', 'LGBTQ', 'twitchprideguild']",['MatureGame'],False
85,2025-04-13 20:12,bundun,en,ROBLOX,RANKING YOUR FAVOURITE ROBLOX OBBYS :),"['Austrailan', 'youtube', 'bundun', 'shorts', 'English']",[],False
85,2025-04-13 20:12,Clix,en,Fortnite,🚨 FNCS HEAT 1 VIEWING PARTY ( COACHING ASIANJEFF) MASSIVE DAY GET IN HERE  🚨,['English'],[],False
85,2025-04-13 20:12,KaiCenat,en,IRL,☀️BEAUTIFUL DAY TODAY LOCK IN☀️,"['English', 'ADHD', 'LOUD', 'gaming', 'AMP']",[],False
85,2025-04-13 20:12,adilswrld,en,VALORANT,😁Stop Calling Me Mooda Clone😁 TTS IS ENABLED 😁 !discord !socials,"['English', 'ADHD', 'silly', 'LOUD', 'valorant']",[],False
85,2025-04-13 20:12,itsyoyo808,en,Just Chatting,reacts|!discord,"['English', 'artist', 'gamer', 'AfricanAmerican', 'youtuber']",[],False
85,2025-04-13 20:12,basedofflife,en,Just Chatting,day 103 - frank in my mouf,['English'],[],False
85,2025-04-13 20:13,Miniklin,en,Just Chatting,💫 Good Vibes Only 💫 Annoucements 💫 Games 💫 Reacts 💫 KKG UP NEXT 💫!Discord !Com !Socials,"['Miniklin', 'ADHD', 'English']",[],False
86,2025-04-13 20:24,AussieAntics,en,Fortnite,🏆 WATCHING FNCS GROUP 1 (PETERBOT HEAT)🏆 V-BUCK GIVEAWAYS 💰,['English'],[],False
86,2025-04-13 20:24,vadriss,en,Grand Theft Auto V,Day 13 of UNCAPPED Birthday SUBATHON | !merch !subathon !goals,"['English', 'Gay', 'femboy', 'LGBTQ', 'twitchprideguild']",['MatureGame'],False
86,2025-04-13 20:24,CorgiVR,en,ROBLOX,ALS UPDATE REROLL + PEARL BUFFS,['English'],[],False
86,2025-04-13 20:24,Clix,en,Fortnite,🚨 FNCS HEAT 1 VIEWING PARTY ( COACHING ASIANJEFF) MASSIVE DAY GET IN HERE  🚨,['English'],[],False
86,2025-04-13 20:24,KaiCenat,en,IRL,☀️BEAUTIFUL DAY TODAY LOCK IN☀️,"['English', 'ADHD', 'LOUD', 'gaming', 'AMP']",[],False
86,2025-04-13 20:24,adilswrld,en,VALORANT,😁Stop Calling Me Mooda Clone😁 TTS IS ENABLED 😁 !discord !socials,"['English', 'ADHD', 'silly', 'LOUD', 'valorant']",[],False
86,2025-04-13 20:24,clip5k,en,VALORANT,"roses are red, violets are blue, suck it like glue. best looking man in the world. road to immortal? nah road to giga chad status.  22/30","['valorant', 'radiant', 'Fortnite', 'roblox', 'eafc25', 'clip5k', 'PlayingwithViewers', 'Creative', 'AskMeAnything', 'lol']",[],False
86,2025-04-13 20:24,SnSubtle,en,VALORANT,🔴 eating then grinding ranked 🔴 LOW ADS 🔴 @SnSubtle 🔴 !delay !pp,"['English', 'jett', 'bestplayerintheworld', 'Spanish', 'Ranked', 'chill', 'AMA', 'immortal', 'aim', 'arcane']",[],False
86,2025-04-13 20:24,smokeydbear,en,VALORANT,ASC 3 TODAY????| I WILL BE HITTING IMMORTAL |BIG SB SHI🚨🚨🚨🚨THE DEMON IS HERE🚨🚨🚨!clip !discord !donate !dsize,['English'],[],False
87,2025-04-14 00:02,vadriss,en,Grand Theft Auto V,Day 13 of UNCAPPED Birthday SUBATHON | !merch !subathon !goals,"['English', 'Gay', 'femboy', 'LGBTQ', 'twitchprideguild']",['MatureGame'],False
87,2025-04-14 00:02,RoyalPearYT,en,Marbles on Stream,🍐marbles night!🍐COME PLAY🍐4.4M on YT,"['Casual', 'YouTube', 'English', 'Vtuber', 'smashbros', 'Chatty', 'Pokémon', 'minecraft', 'DropsEnabled']",[],False
87,2025-04-14 00:02,CorgiVR,en,ROBLOX,ALS UPDATE REROLL + PEARL BUFFS,['English'],[],False
87,2025-04-14 00:02,PewDiePie,en,Stardew Valley,Chill Sunday Vibes ∞ Binge @PewDiePie vids 24/7 with chat ∞ !video,"['Minecraft', 'YouTube', 'AlwaysOn', 'English', 'Rerun']",[],True
87,2025-04-14 00:02,Jynxzi,en,Tom Clancy's Rainbow Six Siege,"[103/365] (SEMIS) 🏆 ROLLER FACEIT #2 🏆 128 TEAMS, 1 WINNER 🏆 LOCK IN 🏆",['English'],['MatureGame'],False
87,2025-04-14 00:02,KaiCenat,en,Just Chatting,☀️BEAUTIFUL DAY TODAY LOCK IN☀️,"['English', 'ADHD', 'LOUD', 'gaming', 'AMP']",[],False
87,2025-04-14 00:02,shroud,en,Marvel Rivals,[NAMOR DROPS] LOSING TOP 500 |!shroudx,"['English', 'DropsEnabled']",[],False
87,2025-04-14 00:02,MarvelRivals,en,Marvel Rivals,[Replay] Marvel Rivals Championship S1 | Grand Final Day | ASIA-EU-NA,"['superhero', 'Shooter', '6v6', 'marvelrivals', 'Action', 'English', 'DropsEnabled']",[],False
87,2025-04-14 00:02,supertf,en,Marvel Rivals,[DROPS] hello once again the relentless freak who towers above all has arrived to grace you with his presence,"['FleshTuber', 'English', 'DropsEnabled']",[],False
88,2025-04-14 00:09,vadriss,en,Grand Theft Auto V,Day 13 of UNCAPPED Birthday SUBATHON | !merch !subathon !goals,"['English', 'Gay', 'femboy', 'LGBTQ', 'twitchprideguild']",['MatureGame'],False
88,2025-04-14 00:09,PewDiePie,en,Stardew Valley,Chill Sunday Vibes ∞ Binge @PewDiePie vids 24/7 with chat ∞ !video,"['Minecraft', 'YouTube', 'AlwaysOn', 'English', 'Rerun']",[],True
88,2025-04-14 00:09,CorgiVR,en,ROBLOX,ALS UPDATE REROLL + PEARL BUFFS,['English'],[],False
88,2025-04-14 00:09,RoyalPearYT,en,Marbles on Stream,🍐marbles night!🍐COME PLAY🍐4.4M on YT,"['Casual', 'YouTube', 'English', 'Vtuber', 'smashbros', 'Chatty', 'Pokémon', 'minecraft', 'DropsEnabled']",[],False
88,2025-04-14 00:09,sinatraa,en,Marvel Rivals,[DROPS] SEASON 2 RANKED,"['English', 'DropsEnabled']",[],False
88,2025-04-14 00:09,Jynxzi,en,Tom Clancy's Rainbow Six Siege,"[103/365] (SEMIS) 🏆 ROLLER FACEIT #2 🏆 128 TEAMS, 1 WINNER 🏆 LOCK IN 🏆",['English'],['MatureGame'],False
88,2025-04-14 00:10,DeeSimsYT,en,R.E.P.O.,R.E.P.O again with fwenns because we love it !sub,"['English', 'chill', 'girlgamers', 'Cozy']",[],False
88,2025-04-14 00:10,PandaG28,en,The Sims 4,✨Rags to Businesses! 💸✨ !commands  !chaos,"['chill', 'gaming', '18andUpOnlyPlz', 'English', 'Pandas', '420friendly', 'vibesandchill', 'Cozy', 'CozyChaos']",['ProfanityVulgarity'],False
88,2025-04-14 00:10,KayRidGames,en,The Sims 4,Sims In Bloom - Gen 1 Daisy,"['English', '18pluschannel']",['ProfanityVulgarity'],False
89,2025-04-14 00:21,vadriss,en,Grand Theft Auto V,Day 13 of UNCAPPED Birthday SUBATHON | !merch !subathon !goals,"['English', 'Gay', 'femboy', 'LGBTQ', 'twitchprideguild']",['MatureGame'],False
89,2025-04-14 00:21,PewDiePie,en,Stardew Valley,Chill Sunday Vibes ∞ Binge @PewDiePie vids 24/7 with chat ∞ !video,"['Minecraft', 'YouTube', 'AlwaysOn', 'English', 'Rerun']",[],True
89,2025-04-14 00:21,CorgiVR,en,ROBLOX,ALS UPDATE REROLL + PEARL BUFFS,['English'],[],False
89,2025-04-14 00:21,RoyalPearYT,en,Marbles on Stream,🍐marbles night!🍐COME PLAY🍐4.4M on YT,"['Casual', 'YouTube', 'English', 'Vtuber', 'smashbros', 'Chatty', 'Pokémon', 'minecraft', 'DropsEnabled']",[],False
89,2025-04-14 00:21,sinatraa,en,Marvel Rivals,[DROPS] SEASON 2 RANKED,"['English', 'DropsEnabled']",[],False
89,2025-04-14 00:21,Jynxzi,en,Tom Clancy's Rainbow Six Siege,"[103/365] (SEMIS) 🏆 ROLLER FACEIT #2 🏆 128 TEAMS, 1 WINNER 🏆 LOCK IN 🏆",['English'],['MatureGame'],False
89,2025-04-14 00:21,Solitarysaints,en,R.E.P.O.,REPO / EDATE STREAM !DISCORD !SUB !LINKTREE,"['follow', 'lit', 'black', 'upcoming', 'saint', 'fire', 'funny', 'nextup', 'scary', 'English']",[],False
89,2025-04-14 00:22,osdeelive,en,ROBLOX,🔴{LIVE}🔴 PLS DONATE OFFLINE DONATING TO VIEWERS! | 🔴,['English'],[],False
89,2025-04-14 00:22,MoonyMood1,en,Just Chatting,"What seems to be the officer, Problem?  | Come Vibe With Me!","['English', 'Chill', 'ADHD', 'ADD', 'Relaxing']",[],False
90,2025-04-14 00:31,vadriss,en,Grand Theft Auto V,Day 13 of UNCAPPED Birthday SUBATHON | !merch !subathon !goals,"['English', 'Gay', 'femboy', 'LGBTQ', 'twitchprideguild']",['MatureGame'],False
90,2025-04-14 00:31,RoyalPearYT,en,Marbles on Stream,🍐marbles night!🍐COME PLAY🍐4.4M on YT,"['Casual', 'YouTube', 'English', 'Vtuber', 'smashbros', 'Chatty', 'Pokémon', 'minecraft', 'DropsEnabled']",[],False
90,2025-04-14 00:31,CorgiVR,en,ROBLOX,ALS UPDATE REROLL + PEARL BUFFS,['English'],[],False
90,2025-04-14 00:31,PewDiePie,en,Stardew Valley,Chill Sunday Vibes ∞ Binge @PewDiePie vids 24/7 with chat ∞ !video,"['Minecraft', 'YouTube', 'AlwaysOn', 'English', 'Rerun']",[],True
90,2025-04-14 00:31,sinatraa,en,Marvel Rivals,[DROPS] SEASON 2 RANKED,"['English', 'DropsEnabled']",[],False
90,2025-04-14 00:31,Jynxzi,en,Tom Clancy's Rainbow Six Siege,"[103/365] (SEMIS) 🏆 ROLLER FACEIT #2 🏆 128 TEAMS, 1 WINNER 🏆 LOCK IN 🏆",['English'],['MatureGame'],False
90,2025-04-14 00:31,SoSintreal,en,Just Chatting,WE BACK!! SOSINTREAL LIVE ! REACTIONS AND DRAMA + GAMES🌞! [twitter/insta sosintreal],"['Streaming4Fun', 'AMP', 'English', 'chilling', 'reaction']",[],False
90,2025-04-14 00:31,cam2r,en,Just Chatting,🟩NEW SURPRISE🟩SCHEDULE I🟩CLICK HERE🟩CHILL NIGHT🟩,"['English', 'LOUD', 'rage', 'react', 'justchatting', 'Horror', 'cam2r', 'funny']",[],False
90,2025-04-14 00:32,KianLawley,en,Shinkansen 0,KianLawley sent you a friend request!,['English'],[],False
91,2025-04-14 00:39,vadriss,en,Grand Theft Auto V,Day 13 of UNCAPPED Birthday SUBATHON | !merch !subathon !goals,"['English', 'Gay', 'femboy', 'LGBTQ', 'twitchprideguild']",['MatureGame'],False
91,2025-04-14 00:39,PewDiePie,en,Stardew Valley,Chill Sunday Vibes ∞ Binge @PewDiePie vids 24/7 with chat ∞ !video,"['Minecraft', 'YouTube', 'AlwaysOn', 'English', 'Rerun']",[],True
91,2025-04-14 00:39,CorgiVR,en,ROBLOX,ALS UPDATE REROLL + PEARL BUFFS,['English'],[],False
91,2025-04-14 00:39,RoyalPearYT,en,Marbles on Stream,🍐marbles night!🍐COME PLAY🍐4.4M on YT,"['Casual', 'YouTube', 'English', 'Vtuber', 'smashbros', 'Chatty', 'Pokémon', 'minecraft', 'DropsEnabled']",[],False
91,2025-04-14 00:39,sinatraa,en,Marvel Rivals,[DROPS] SEASON 2 RANKED,"['English', 'DropsEnabled']",[],False
91,2025-04-14 00:39,Jynxzi,en,Tom Clancy's Rainbow Six Siege,"[103/365] (FINALS) 🏆 ROLLER FACEIT #2 🏆 128 TEAMS, 1 WINNER 🏆 LOCK IN 🏆",['English'],['MatureGame'],False
91,2025-04-14 00:40,PLAYTO_ow,en,Overwatch 2,🟪 CHAMPION BASTION  🟪 PUGS RN THEN BURGER RANKED,"['furry', 'English', 'Pastafarian', 'Burger', 'eboy', 'Forehead']",[],False
91,2025-04-14 00:40,numbers2155,en,Overwatch 2,3333+ Hours on Mei | Stream Part II,['English'],[],False
91,2025-04-14 00:40,cartifan22_,en,Overwatch 2,doomfist ❤️ wrecking wheel ❤️,"['English', 'FPS', 'Shooter', 'Multiplayer', 'overwatch', 'doomfist']",[],False
92,2025-04-14 04:02,vadriss,en,Grand Theft Auto V,Day 13 of UNCAPPED Birthday SUBATHON | !merch !subathon !goals,"['English', 'Gay', 'femboy', 'LGBTQ', 'twitchprideguild']",['MatureGame'],False
92,2025-04-14 04:02,Oatley,en,Fortnite,"FNCS SCRIMS | Code ""Oatley"" #ad | !socials !youtube !fncs","['FamilyFriendly', 'Fortnite', 'BattleRoyale', 'Multiplayer', 'Action', 'Competitive', 'Professional', 'Positivity', 'PC', 'English']",[],False
92,2025-04-14 04:02,shwockatv,en,Sea of Thieves,Comp evil rams,"['NerdKing', 'gamergirl', 'professionalplayer', 'nerd', 'seaofthieves', 'hourglasspvp', 'English']",[],False
92,2025-04-14 04:02,メルトンめるとん,ja,Overwatch 2,勝率100000％勝ちすぎ注意 OWで負けるって何？,['日本語'],[],False
92,2025-04-14 04:02,Mario,en,Grand Theft Auto V,Hydrate RP l 5 YEARS OF DAILY STREAMING! WE DID IT! 2246/2300 l ROAD TO 3000 SUBS!,"['English', 'ANZSubFest']",['MatureGame'],False
92,2025-04-14 04:02,CarlCrafts,en,Minecraft,9550+ DAYS HARDCORE - BUILDING AN ALLAY CASTLE - !THRONE !TIKTOK,"['Australian', 'ADHD', 'Hardcore', 'English', 'Neurodivergent', 'Aussie', 'ClosedCaptions', 'Beard', 'vanilla', 'OCE']",[],False
92,2025-04-14 04:02,StephanPiache,en,Borderlands 3,Late Night Gaming,"['ChillPlaythrough', 'NoBackseating', 'English', 'YourMom']",['MatureGame'],False
92,2025-04-14 04:02,espyypie,en,Fortnite,Running around Dying,"['chill', 'pvp', 'English']",['ProfanityVulgarity'],False
92,2025-04-14 04:02,Beardageddon,en,Sea of Thieves,I have a 24/7 vod channel !247 !mobile !prime !gs,"['English', 'Casual', 'Interactive', 'ChatInteraction', 'PvP', 'PvE', 'chill', 'moderated', 'NoPolitics']",[],True
93,2025-04-14 04:11,vadriss,en,Grand Theft Auto V,Day 13 of UNCAPPED Birthday SUBATHON | !merch !subathon !goals,"['English', 'Gay', 'femboy', 'LGBTQ', 'twitchprideguild']",['MatureGame'],False
93,2025-04-14 04:11,Oatley,en,Fortnite,"FNCS SCRIMS | Code ""Oatley"" #ad | !socials !youtube !fncs","['FamilyFriendly', 'Fortnite', 'BattleRoyale', 'Multiplayer', 'Action', 'Competitive', 'Professional', 'Positivity', 'PC', 'English']",[],False
93,2025-04-14 04:11,shwockatv,en,Sea of Thieves,Comp evil rams,"['NerdKing', 'gamergirl', 'professionalplayer', 'nerd', 'seaofthieves', 'hourglasspvp', 'English']",[],False
93,2025-04-14 04:11,Mario,en,Grand Theft Auto V,Hydrate RP l 5 YEARS OF DAILY STREAMING! WE DID IT! 2246/2300 l ROAD TO 3000 SUBS!,"['English', 'ANZSubFest']",['MatureGame'],False
93,2025-04-14 04:11,メルトンめるとん,ja,Overwatch 2,勝率100000％勝ちすぎ注意 OWで負けるって何？,['日本語'],[],False
93,2025-04-14 04:11,CarlCrafts,en,Minecraft,9550+ DAYS HARDCORE - BUILDING AN ALLAY CASTLE - !THRONE !TIKTOK,"['Australian', 'ADHD', 'Hardcore', 'English', 'Neurodivergent', 'Aussie', 'ClosedCaptions', 'Beard', 'vanilla', 'OCE']",[],False
93,2025-04-14 04:11,Lilo,en,The Sims 4,˚꒰🌼꒱‧ ✿ PARTNERVERSARY ✿ Rags to Riches~ (ᴗ͈ˬᴗ͈)ʚїɞ !thewishingwell !frontpage,"['Disabled', 'ChronicIllness', 'Cosy', 'Anxiety', 'LurkerFriendly', 'English', 'Vtuber', 'ClosedCaptions', 'Bisexual', 'LQBTQIAFriendly']",[],False
93,2025-04-14 04:11,Liz_The_Fantastic,en,Stardew Valley,Abigail Cosplay ♡ Partner Push | !7k !mods |,"['LGBTQIAPlus', 'Canada', 'English', 'Woman', 'goodvibes', 'Pansexual', 'pride', 'LurkerFriendly', 'Yapper', 'TwitchUnityGuilds']",[],False
93,2025-04-14 04:11,KeeperCGC,en,Palia,"DROPS ENABLED! | resource gathering, hunting, vibing & a little chaos | !fish !derby !hiccup !throne !merch","['chatty', 'woman', 'Canadian', 'English', 'wholesome', 'SafeSpace', 'LurkerFriendly', 'ClosedCaptions', 'NewPlayerFriendly', 'DropsEnabled']",[],True
94,2025-04-14 04:21,vadriss,en,Grand Theft Auto V,Day 13 of UNCAPPED Birthday SUBATHON | !merch !subathon !goals,"['English', 'Gay', 'femboy', 'LGBTQ', 'twitchprideguild']",['MatureGame'],False
94,2025-04-14 04:21,Oatley,en,Fortnite,"FNCS SCRIMS | Code ""Oatley"" #ad | !socials !youtube !fncs","['FamilyFriendly', 'Fortnite', 'BattleRoyale', 'Multiplayer', 'Action', 'Competitive', 'Professional', 'Positivity', 'PC', 'English']",[],False
94,2025-04-14 04:21,shwockatv,en,Sea of Thieves,Comp evil rams,"['NerdKing', 'gamergirl', 'professionalplayer', 'nerd', 'seaofthieves', 'hourglasspvp', 'English']",[],False
94,2025-04-14 04:21,Mario,en,Grand Theft Auto V,Hydrate RP l 5 YEARS OF DAILY STREAMING! WE DID IT! 2246/2300 l ROAD TO 3000 SUBS!,"['English', 'ANZSubFest']",['MatureGame'],False
94,2025-04-14 04:21,メルトンめるとん,ja,Overwatch 2,勝率100000％勝ちすぎ注意 OWで負けるって何？,['日本語'],[],False
94,2025-04-14 04:21,CarlCrafts,en,Minecraft,9550+ DAYS HARDCORE - BUILDING AN ALLAY CASTLE - !THRONE !TIKTOK,"['Australian', 'ADHD', 'Hardcore', 'English', 'Neurodivergent', 'Aussie', 'ClosedCaptions', 'Beard', 'vanilla', 'OCE']",[],False
94,2025-04-14 04:21,Gratisfaction,en,Counter-Strike,NEW FACEIT SEASON! STARTED!!,"['English', 'ExProfessionalBoomerGamer', 'GlobalElite', 'faceitlvl10']",['MatureGame'],False
94,2025-04-14 04:21,Jordyx3,en,Just Chatting,9 streams till holiday - looking like a naked mole rat - more cases to open tonight,"['Hilarious', 'Handsome', 'Huge', 'Honker', 'Humble', 'NZ', 'AU', 'NewZealand', 'Australia', 'Twerkin']",[],False
94,2025-04-14 04:22,2snav,en,Counter-Strike,NA FPL,['English'],['MatureGame'],False
95,2025-04-14 04:30,vadriss,en,Grand Theft Auto V,Day 13 of UNCAPPED Birthday SUBATHON | !merch !subathon !goals,"['English', 'Gay', 'femboy', 'LGBTQ', 'twitchprideguild']",['MatureGame'],False
95,2025-04-14 04:30,Oatley,en,Fortnite,"FNCS SCRIMS | Code ""Oatley"" #ad | !socials !youtube !fncs","['FamilyFriendly', 'Fortnite', 'BattleRoyale', 'Multiplayer', 'Action', 'Competitive', 'Professional', 'Positivity', 'PC', 'English']",[],False
95,2025-04-14 04:30,shwockatv,en,Sea of Thieves,Comp evil rams,"['NerdKing', 'gamergirl', 'professionalplayer', 'nerd', 'seaofthieves', 'hourglasspvp', 'English']",[],False
95,2025-04-14 04:30,Mario,en,Grand Theft Auto V,Hydrate RP l 5 YEARS OF DAILY STREAMING! WE DID IT! 2304/2350 l ROAD TO 3000 SUBS!,"['English', 'ANZSubFest']",['MatureGame'],False
95,2025-04-14 04:30,メルトンめるとん,ja,Overwatch 2,勝率100000％勝ちすぎ注意 OWで負けるって何？,['日本語'],[],False
95,2025-04-14 04:30,CarlCrafts,en,Minecraft,9550+ DAYS HARDCORE - BUILDING AN ALLAY CASTLE - !THRONE !TIKTOK,"['Australian', 'ADHD', 'Hardcore', 'English', 'Neurodivergent', 'Aussie', 'ClosedCaptions', 'Beard', 'vanilla', 'OCE']",[],False
95,2025-04-14 04:30,jawgemo,en,VALORANT,G2 JAWGEMO | herroooooooo Happy TLC MANG,['English'],[],False
95,2025-04-14 04:30,VALORANT_jpn,ja,VALORANT,VCT Pacific 2025 : STAGE 1 - DAY 12,"['Esports', 'VALORANT', '日本語']",[],True
95,2025-04-14 04:30,PROD,en,VALORANT,BUY THE FNATIC BUNDLE,"['English', 'PROD']",[],False
96,2025-04-14 04:41,gkey,en,Minecraft,"🟪17,000+ DAYS Hardcore Minecraft🟪!project !tour !socials🟪",['English'],[],False
96,2025-04-14 04:41,sinatraa,en,Marvel Rivals,[DROPS] SEASON 2 RANKED,"['English', 'DropsEnabled']",[],False
96,2025-04-14 04:41,shwockatv,en,Sea of Thieves,Comp evil rams,"['NerdKing', 'gamergirl', 'professionalplayer', 'nerd', 'seaofthieves', 'hourglasspvp', 'English']",[],False
96,2025-04-14 04:41,Oatley,en,Fortnite,"FNCS SCRIMS | Code ""Oatley"" #ad | !socials !youtube !fncs","['FamilyFriendly', 'Fortnite', 'BattleRoyale', 'Multiplayer', 'Action', 'Competitive', 'Professional', 'Positivity', 'PC', 'English']",[],False
96,2025-04-14 04:41,vadriss,en,Grand Theft Auto V,Day 13 of UNCAPPED Birthday SUBATHON | !merch !subathon !goals,"['English', 'Gay', 'femboy', 'LGBTQ', 'twitchprideguild']",['MatureGame'],False
96,2025-04-14 04:41,PewDiePie,en,Minecraft,Minecraft Monday! ∞ Binge @PewDiePie vids 24/7 with chat ∞ !video,"['Minecraft', 'YouTube', 'AlwaysOn', 'English', 'Rerun']",[],True
96,2025-04-14 04:41,pge4,en,VALORANT,The Remedy,['English'],[],False
96,2025-04-14 04:41,chosen_ow,en,Overwatch 2,#1 ILLARI 👑 TOP 10 6V6 SUPPORT 😼 CRAZY STREAM 🤯 !PYLON,"['English', 'top500', 'Illari', 'overwatch', 'Competitive', 'femboy']",[],False
96,2025-04-14 04:41,PLAYTO_ow,en,Overwatch 2,🟪 CHAMPION BASTION  🟪 PUGS RN THEN BURGER RANKED,"['furry', 'English', 'Pastafarian', 'Burger', 'eboy', 'Forehead']",[],False
97,2025-04-14 08:02,botjayttv,en,ROBLOX,✬ PS99 | BGSI ✬ Please Titanic... | GOT A Null Void! ✪ Offical Partner ✪,"['English', 'Deutsch', 'botjaytv', 'RudeStreamer', 'petsimulator99', 'honestman']",[],False
97,2025-04-14 08:02,Oatley,en,Fortnite,"PRO RELOAD RANKED | Code ""Oatley"" #ad | !socials !youtube !fncs","['FamilyFriendly', 'Fortnite', 'BattleRoyale', 'Multiplayer', 'Action', 'Competitive', 'Professional', 'Positivity', 'PC', 'English']",[],False
97,2025-04-14 08:02,Lyphnix,en,FragPunk,Fragpunk PLEASE LET EU PLAY IN YOUR INTERNATIONAL TOURNAMENT !tourney,"['English', 'pro', 'ranked', 'Rank1', 'spider', 'fragpunk', 'punkmaster', 'ama', 'coaching']",[],False
97,2025-04-14 08:02,Mario,en,Grand Theft Auto V,Hydrate RP l 5 YEARS OF DAILY STREAMING! WE DID IT! 2383/2400 l ROAD TO 3000 SUBS!,"['English', 'ANZSubFest']",['MatureGame'],False
97,2025-04-14 08:02,PewDiePie,en,Minecraft,Minecraft Monday! ∞ Binge @PewDiePie vids 24/7 with chat ∞ !video,"['Minecraft', 'YouTube', 'AlwaysOn', 'English', 'Rerun']",[],True
97,2025-04-14 08:02,Necros,en,Marvel Rivals,[!DROPS ENABLED] SEASON 2 IS SO FUN,"['English', 'spiderman', 'blackpanther', 'DropsEnabled']",[],False
97,2025-04-14 08:03,Pvd_Biggie,en,Grand Theft Auto V,Welcome to biggies mansion!!  SPA DAY THEN GTA,"['English', 'pvdbiggie', 'biggie', 'bigdominican', 'labiggie', 'dominican', 'zeus', 'music', 'Comedy', 'vibes']",['MatureGame'],False
97,2025-04-14 08:03,Kaleema,en,Grand Theft Auto V,Ms D10 Here 🌺 Kaleema on BT In GTA RP 🌺 !Goals !Socials !Server,"['blackgirl', 'messy', 'spanish', 'D10', 'bullyfreezone', 'English']",['MatureGame'],False
97,2025-04-14 08:03,egirlmandaa,en,Grand Theft Auto V,✰ JADA and her Prince family in lifestyle rp| ✰ 200 SUB GOAL? !Sub !discord ✰TAP IN AMANDA'S LIVE!! ✰ (FACECAM/ CHILL VIBES),"['CITYOFATLANTA', 'cityofatlantarp', 'BlackTwitchStreamer', 'gamergirl', 'RP', 'English', 'WindyCityRp', 'egirl', 'LifestyleRP']",['MatureGame'],False
98,2025-04-14 08:10,botjayttv,en,ROBLOX,✬ PS99 | BGSI ✬ Please Titanic... | GOT A Null Void! ✪ Offical Partner ✪,"['English', 'Deutsch', 'botjaytv', 'RudeStreamer', 'petsimulator99', 'honestman']",[],False
98,2025-04-14 08:10,Oatley,en,Fortnite,"FNCS SCRIMS | Code ""Oatley"" #ad | !socials !youtube !fncs","['FamilyFriendly', 'Fortnite', 'BattleRoyale', 'Multiplayer', 'Action', 'Competitive', 'Professional', 'Positivity', 'PC', 'English']",[],False
98,2025-04-14 08:10,ch1ck3nfoot,en,Just Chatting,end of season destruction o(≧∀≦)o,"['OCE', 'Australian', 'English', '420friendly', 'Ana', 'Juno', 'Kiriko']",[],False
98,2025-04-14 08:10,Mario,en,Grand Theft Auto V,Hydrate RP l 5 YEARS OF DAILY STREAMING! WE DID IT! 2383/2400 l ROAD TO 3000 SUBS!,"['English', 'ANZSubFest']",['MatureGame'],False
98,2025-04-14 08:10,Necros,en,Marvel Rivals,[!DROPS ENABLED] SEASON 2 IS SO FUN,"['English', 'spiderman', 'blackpanther', 'DropsEnabled']",[],False
98,2025-04-14 08:10,PewDiePie,en,Minecraft,Minecraft Monday! ∞ Binge @PewDiePie vids 24/7 with chat ∞ !video,"['Minecraft', 'YouTube', 'AlwaysOn', 'English', 'Rerun']",[],True
98,2025-04-14 08:10,pge4,en,Overwatch 2,The Remedy,['English'],[],False
98,2025-04-14 08:10,Moreweth,en,The Last of Us Part I,I Will Only Sleep When I Finish TLOU Part 1 (one sitting subathon) | !FrontPage,"['AMA', 'English', 'Portuguese', 'FirstPlaythrough', 'TLO']",['MatureGame'],False
98,2025-04-14 08:10,Emongg,en,Overwatch 2,OVERWATCH 2 GAMING STADIUM PLAY TEST SERVER LATER,['English'],[],False
99,2025-04-14 08:18,botjayttv,en,ROBLOX,✬ PS99 | BGSI ✬ Please Titanic... | GOT A Null Void! ✪ Offical Partner ✪,"['English', 'Deutsch', 'botjaytv', 'RudeStreamer', 'petsimulator99', 'honestman']",[],False
99,2025-04-14 08:18,Oatley,en,Fortnite,"FNCS SCRIMS | Code ""Oatley"" #ad | !socials !youtube !fncs","['FamilyFriendly', 'Fortnite', 'BattleRoyale', 'Multiplayer', 'Action', 'Competitive', 'Professional', 'Positivity', 'PC', 'English']",[],False
99,2025-04-14 08:18,ch1ck3nfoot,en,Just Chatting,end of season destruction o(≧∀≦)o,"['OCE', 'Australian', 'English', '420friendly', 'Ana', 'Juno', 'Kiriko']",[],False
99,2025-04-14 08:18,Mario,en,Grand Theft Auto V,Hydrate RP l 5 YEARS OF DAILY STREAMING! WE DID IT! 2383/2400 l ROAD TO 3000 SUBS!,"['English', 'ANZSubFest']",['MatureGame'],False
99,2025-04-14 08:18,Necros,en,Marvel Rivals,[!DROPS ENABLED] SEASON 2 IS SO FUN,"['English', 'spiderman', 'blackpanther', 'DropsEnabled']",[],False
99,2025-04-14 08:18,PewDiePie,en,Minecraft,Minecraft Monday! ∞ Binge @PewDiePie vids 24/7 with chat ∞ !video,"['Minecraft', 'YouTube', 'AlwaysOn', 'English', 'Rerun']",[],True
99,2025-04-14 08:18,xEllyTv,en,IRL,"*LIVE* Bake with me, it's muffin time...... xEllyTv OFFICIAL WATCH PARTY","['English', 'NYCSTREAMER']",[],False
99,2025-04-14 08:18,CFMarcus,en,Just Chatting,IAMCERTIFIED MAY25TH,"['English', 'funny', 'gaming', 'reactions', 'Variety', 'kaicenat']",[],False
99,2025-04-14 08:18,BigDubb_,en,Just Chatting,🔮DUBB X @lebraunsmith 🔮SPLIT FICTION🔮OVER NIGHT🔮. !discord !socials !sub,"['AMP', 'bdc', 'Toronto', 'Jamaican', 'ADHD', 'English', 'bigdubb']",[],False
100,2025-04-14 08:27,botjayttv,en,ROBLOX,✬ PS99 | BGSI ✬ Please Titanic... | GOT A Null Void! ✪ Offical Partner ✪,"['English', 'Deutsch', 'botjaytv', 'RudeStreamer', 'petsimulator99', 'honestman']",[],False
100,2025-04-14 08:27,Oatley,en,Fortnite,"FNCS SCRIMS | Code ""Oatley"" #ad | !socials !youtube !fncs","['FamilyFriendly', 'Fortnite', 'BattleRoyale', 'Multiplayer', 'Action', 'Competitive', 'Professional', 'Positivity', 'PC', 'English']",[],False
100,2025-04-14 08:27,ch1ck3nfoot,en,Just Chatting,end of season destruction o(≧∀≦)o,"['OCE', 'Australian', 'English', '420friendly', 'Ana', 'Juno', 'Kiriko']",[],False
100,2025-04-14 08:27,Mario,en,Grand Theft Auto V,Hydrate RP l 5 YEARS OF DAILY STREAMING! WE DID IT! 2383/2400 l ROAD TO 3000 SUBS!,"['English', 'ANZSubFest']",['MatureGame'],False
100,2025-04-14 08:27,PewDiePie,en,Minecraft,Minecraft Monday! ∞ Binge @PewDiePie vids 24/7 with chat ∞ !video,"['Minecraft', 'YouTube', 'AlwaysOn', 'English', 'Rerun']",[],True
100,2025-04-14 08:28,Necros,en,Marvel Rivals,[!DROPS ENABLED] SEASON 2 IS SO FUN,"['English', 'spiderman', 'blackpanther', 'DropsEnabled']",[],False
100,2025-04-14 08:28,ErycTriceps,en,Counter-Strike,"31,000 rating gameplay // !free !leaderboard","['English', 'CS2', 'Premier', 'ViewerRewards', 'ChannelPoints']",['MatureGame'],False
100,2025-04-14 08:28,GeT_RiGhT,en,Counter-Strike,🟢 wE bACK 🟢 wE pLAY? wE wATCH? 🟢 !Youtube (NEW) !tradeit !INUI,"['CS2', 'cs', 'swedish', 'English', 'OG', 'legend', 'onepointsix', 'VarietyGamer', 'watchparty', 'HoF']",['MatureGame'],False
100,2025-04-14 08:28,tense198_v2,es,Counter-Strike,💚 THE BEST 💚 ^^ top mundiale 🤣  !giveaway !keydrop !heylink !yt !video,"['Español', 'English']",['MatureGame'],True
101,2025-04-14 12:01,Mario,en,Grand Theft Auto V,Hydrate RP l 5 YEARS OF DAILY STREAMING! WE DID IT! 2383/2400 l ROAD TO 3000 SUBS!,"['English', 'ANZSubFest']",['MatureGame'],False
101,2025-04-14 12:01,PewDiePie,en,Minecraft,Minecraft Monday! ∞ Binge @PewDiePie vids 24/7 with chat ∞ !video,"['Minecraft', 'YouTube', 'AlwaysOn', 'English', 'Rerun']",[],True
101,2025-04-14 12:01,ch1ck3nfoot,en,Fortnite,destruction o(≧∀≦)o,"['OCE', 'Australian', 'English', '420friendly']",[],False
101,2025-04-14 12:01,Necros,en,Marvel Rivals,[!DROPS ENABLED] SEASON 2 IS SO FUN,"['English', 'spiderman', 'blackpanther', 'DropsEnabled']",[],False
101,2025-04-14 12:01,joshseki,en,VALORANT,morning ranked | !newvid !vlogs !PH,"['English', 'ClosedCaptions', 'Korean', 'Radiant', 'Kpop', 'Anime']",[],False
101,2025-04-14 12:01,renyan,en,Counter-Strike,⚠️ 30.000 RATING ACHIEVED ⚠️ PREMIER GRIND SOLO QUEUE ⚠️ !csmoney !deskmat,['English'],['MatureGame'],False
101,2025-04-14 12:02,pech_gaming,tl,Grand Theft Auto V,AT NAGBABALIKKK | Plus program 83/300,"['Tagalog', 'Philippines', 'BCFL', 'PrestigeRP', 'Pinoy', 'Pechgaming']",['MatureGame'],False
101,2025-04-14 12:02,ApaulPlays,tl,The Last of Us Part II: Remastered,Huling Sopas! Ikalawang Yugto! Pangalawang Yugto!| new commands: !game !horrorscope,"['Filipino', 'Tagalog', 'Horror', 'AlayMaster']",['MatureGame'],False
101,2025-04-14 12:02,itsBellaFPS,en,VALORANT,"Hello, Monday! Valo anyone? | !paypal !socials !rank","['English', 'Filipino', 'fps', 'fpsgamestreamer', 'Philippines', 'Horror', 'valorant']",[],False
102,2025-04-14 12:10,Mario,en,Grand Theft Auto V,Hydrate RP l 5 YEARS OF DAILY STREAMING! WE DID IT! 2383/2400 l ROAD TO 3000 SUBS!,"['English', 'ANZSubFest']",['MatureGame'],False
102,2025-04-14 12:10,PewDiePie,en,Minecraft,Minecraft Monday! ∞ Binge @PewDiePie vids 24/7 with chat ∞ !video,"['Minecraft', 'YouTube', 'AlwaysOn', 'English', 'Rerun']",[],True
102,2025-04-14 12:10,ch1ck3nfoot,en,Fortnite,destruction o(≧∀≦)o,"['OCE', 'Australian', 'English', '420friendly']",[],False
102,2025-04-14 12:10,joshseki,en,VALORANT,morning ranked | !newvid !vlogs !PH,"['English', 'ClosedCaptions', 'Korean', 'Radiant', 'Kpop', 'Anime']",[],False
102,2025-04-14 12:10,Necros,en,Marvel Rivals,[!DROPS ENABLED] SEASON 2 IS SO FUN,"['English', 'spiderman', 'blackpanther', 'DropsEnabled']",[],False
102,2025-04-14 12:10,jacmafia,en,ROBLOX,(DAY 116)PLANS 4 DA WEEK!🚽Pro Gamer🪠!donate for TTS,"['ProGaming', 'English']",[],False
102,2025-04-14 12:10,bigrobbo14,en,Football Manager 2024,🙌🏼POST BIRTHDAY WEEKEND🙌🏼 | Following Fergies Footsteps🏴🇬🇧 | Season 5! 🦊🔵 | (THE Gods Gift At Football Manager) !patreon !yt !prime !discord,"['footballmanager2024', 'English', 'FM24', 'bigrobbo14']",[],False
102,2025-04-14 12:11,simplesimon8,en,EA Sports FC 25,Simple Simon Gaming,"['simplesimon', 'fa25', 'careermode', 'fc25careermode', 'Fifa23CareerMode', 'eafc25careermode', 'gillingham', 'English']",[],False
102,2025-04-14 12:11,Kostahh_,en,EA Sports FC 25,🏆 SEASON 5 GRIMSBY TOWN CAREER MODE 🏆HIT 1K FOLLWERS 🏆!PRIME 🏆 !NEWVID 🏆 !SOCIALS,['English'],[],False
103,2025-04-14 12:18,Mario,en,Grand Theft Auto V,Hydrate RP l 5 YEARS OF DAILY STREAMING! WE DID IT! 2383/2400 l ROAD TO 3000 SUBS!,"['English', 'ANZSubFest']",['MatureGame'],False
103,2025-04-14 12:18,PewDiePie,en,Minecraft,Minecraft Monday! ∞ Binge @PewDiePie vids 24/7 with chat ∞ !video,"['Minecraft', 'YouTube', 'AlwaysOn', 'English', 'Rerun']",[],True
103,2025-04-14 12:18,ch1ck3nfoot,en,Fortnite,destruction o(≧∀≦)o,"['OCE', 'Australian', 'English', '420friendly']",[],False
103,2025-04-14 12:18,joshseki,en,VALORANT,morning ranked | !newvid !vlogs !PH,"['English', 'ClosedCaptions', 'Korean', 'Radiant', 'Kpop', 'Anime']",[],False
103,2025-04-14 12:18,Necros,en,Marvel Rivals,[!DROPS ENABLED] SEASON 2 IS SO FUN,"['English', 'spiderman', 'blackpanther', 'DropsEnabled']",[],False
103,2025-04-14 12:18,jacmafia,en,ROBLOX,(DAY 116)PLANS 4 DA WEEK!🚽Pro Gamer🪠!donate for TTS,"['ProGaming', 'English']",[],False
103,2025-04-14 12:18,Acebuca_,en,Fortnite,boring day no tournys | !mm !twitter !discord,"['English', 'Fortnite', 'fortnıte']",[],False
103,2025-04-14 12:18,ZB_Clipz,en,Fortnite,ZB Zonewars Cups!|Code zbclipz|6608-2424-3675,"['English', 'Fortnite', 'PlayingwWithViewers', 'PlayingWithTheCommunity', 'Tournament', 'pro', 'battleroyale']",[],True
103,2025-04-14 12:18,Rileyfvv,en,Fortnite,🏆OCE Customs🏆| code: rileyfv #ad | !discord !specs,"['fun', 'gaming', 'talk', 'competitive', 'English', 'gamergirl', 'egirl', 'hottub', 'OCE']",[],False
104,2025-04-14 12:25,Mario,en,Grand Theft Auto V,Hydrate RP l 5 YEARS OF DAILY STREAMING! WE DID IT! 2383/2400 l ROAD TO 3000 SUBS!,"['English', 'ANZSubFest']",['MatureGame'],False
104,2025-04-14 12:25,PewDiePie,en,Minecraft,Minecraft Monday! ∞ Binge @PewDiePie vids 24/7 with chat ∞ !video,"['Minecraft', 'YouTube', 'AlwaysOn', 'English', 'Rerun']",[],True
104,2025-04-14 12:25,ch1ck3nfoot,en,Fortnite,destruction o(≧∀≦)o,"['OCE', 'Australian', 'English', '420friendly']",[],False
104,2025-04-14 12:25,joshseki,en,VALORANT,morning ranked | !newvid !vlogs !PH,"['English', 'ClosedCaptions', 'Korean', 'Radiant', 'Kpop', 'Anime']",[],False
104,2025-04-14 12:25,Necros,en,Marvel Rivals,[!DROPS ENABLED] SEASON 2 IS SO FUN,"['English', 'spiderman', 'blackpanther', 'DropsEnabled']",[],False
104,2025-04-14 12:25,BoxyFresh,en,Sea of Thieves,🏴‍☠️HOWDY🏴‍☠️  TTS 500  !latest !merch !art,"['English', 'LordofFrenziedFlame', 'OnlyUpChampion', 'SubnauticaFirefighter', 'ProLegoBuilder', 'PuzzleMaster', 'AmateurAstronomer', 'GetToWorkCEO']",[],False
104,2025-04-14 12:25,jewiibear,en,League of Legends,"Day 4 iron to challenger, no master no sleep [E2 start] | RANK 1 GWEN/VIEGO WORLD | sister joins at 6pm","['leagueoflegends', 'singapore', 'sg', 'challenger', 'SEA', 'girl', 'gwen', 'viego', 'English']",[],False
104,2025-04-14 12:25,kiokuhere,en,Monster Hunter Wilds,Mon hun time dats right doot doot (repo later),"['vtuber', 'English', 'Singapore']",[],False
104,2025-04-14 12:25,pigiuuu,en,VALORANT,"No malding, Just Chillingg | !commands first: @m3ntaikooo second: @m3ntaikooo","['singapore', 'singaporean', 'girl', 'English']",[],False
105,2025-04-14 12:34,Mario,en,Grand Theft Auto V,Hydrate RP l 5 YEARS OF DAILY STREAMING! WE DID IT! 2383/2400 l ROAD TO 3000 SUBS!,"['English', 'ANZSubFest']",['MatureGame'],False
105,2025-04-14 12:34,joshseki,en,VALORANT,morning ranked | !newvid !vlogs !PH,"['English', 'ClosedCaptions', 'Korean', 'Radiant', 'Kpop', 'Anime']",[],False
105,2025-04-14 12:34,ch1ck3nfoot,en,Fortnite,destruction o(≧∀≦)o,"['OCE', 'Australian', 'English', '420friendly']",[],False
105,2025-04-14 12:34,renyan,en,Counter-Strike,⚠️ 30.000 RATING ACHIEVED ⚠️ PREMIER GRIND SOLO QUEUE ⚠️ !csmoney !deskmat,['English'],['MatureGame'],False
105,2025-04-14 12:34,Kashy,en,ROBLOX,🔴LIVE🔴RIVALS🔴GAMING🔴!NewVid,"['Interactive', 'English', 'vibes', 'rivals']",[],False
105,2025-04-14 12:34,PewDiePie,en,Minecraft,Minecraft Monday! ∞ Binge @PewDiePie vids 24/7 with chat ∞ !video,"['Minecraft', 'YouTube', 'AlwaysOn', 'English', 'Rerun']",[],True
105,2025-04-14 12:34,hauntwth,en,Grand Theft Auto V,haunt x gramps | fivemarena,['English'],['MatureGame'],False
105,2025-04-14 12:34,ollie1o,en,Grand Theft Auto V,FIVEM ARENA,"['English', 'GrandTheftAutoV']",['MatureGame'],False
105,2025-04-14 12:34,jesseuk_,en,Grand Theft Auto V,👑Jesse Pinkman 👑Time2RP👑BOV👑ART HEIST NOW!!!👑Elite Vibes👑,"['Funny', 'time2', 'rp', 'English']",['MatureGame'],False
106,2025-04-14 16:02,ohnePixel,en,Counter-Strike,🔴REACTING TO CS2'S ICEBERG🔴,"['English', 'Esports']",['MatureGame'],False
106,2025-04-14 16:02,FroggerOW,en,Overwatch 2,[DROPS ON!] STADIUM EARLY ACCESS TODAY OMG OMG OMG OMG OMG,"['Australian', 'English', 'DropsEnabled']",[],False
106,2025-04-14 16:02,BigBadSnowdon,en,Fortnite,FORTNITE CUSTOMS🔥PLAY WITH US🔥CHILL STREAM!,"['English', 'adhd', 'bald', 'fortnite', 'chill']",[],False
106,2025-04-14 16:02,Philza,en,Minecraft,The Realm SMP • Chop man Chillin :) • !newvid !realm !map !merch,"['English', 'distracted', 'British', 'Hardcore', 'chill']",[],False
106,2025-04-14 16:02,joshseki,en,VALORANT,morning ranked | !newvid !vlogs !PH,"['English', 'ClosedCaptions', 'Korean', 'Radiant', 'Kpop', 'Anime']",[],False
106,2025-04-14 16:02,jirotf16,en,EA Sports FC 25,⛓️FC25 ASTON VILLA CAREER MODE!⛓️WORLD CUP DAY WITH GLOVEJOB!⛓️!COMMUNITY⛓️!CLIPS⛓️!PRIME⛓️FC25!⛓️VARIETY⛓️,"['fc25', 'eafc25', 'careermode', 'English']",[],False
106,2025-04-14 16:02,SypherPKVODS,en,Fortnite,OFFICIAL 24/7 SYPHERPK CHANNEL,"['English', 'Rerun', 'BattlelRoyale', 'sypherpk', 'Fortnite']",[],False
106,2025-04-14 16:02,APOLLOOGG,en,Fortnite,ADVENTURE TIME IN FORTNITE,['English'],[],False
106,2025-04-14 16:02,imBobTV,en,Fortnite,🟣NEW FORTNITE UPDATE OUT NOW!! 🌎EU🌏 💸#1 Fortnite Customs Host💸CODE: BOBTV,"['English', 'Fortnite', 'live', 'gaming', 'clix', 'nickeh30', 'Lacy', 'ninja', 'PlayingwithViewers', 'mongraal']",[],False
107,2025-04-14 16:12,Aspen,en,Overwatch 2,[!DROPS] ITS STADIUM TIME!! LETS GO OMG 3RD PERSON!!! -> !newvid !pobox,"['English', 'DropsEnabled']",[],False
107,2025-04-14 16:12,RickieNRory,en,EA Sports FC 25,🚨2 GUYS 1 CAREER MODE🚨CATANZARO [S6]🚨@RickieNRory🚨 !discord !settings !mods !rules,"['English', 'RnR', 'RickieNRory', 'Coop', 'fc25', 'IRL']",[],False
107,2025-04-14 16:12,BigBadSnowdon,en,Fortnite,FORTNITE CUSTOMS🔥PLAY WITH US🔥CHILL STREAM!,"['English', 'adhd', 'bald', 'fortnite', 'chill']",[],False
107,2025-04-14 16:13,FroggerOW,en,Overwatch 2,[DROPS ON!] STADIUM EARLY ACCESS TODAY OMG OMG OMG OMG OMG,"['Australian', 'English', 'DropsEnabled']",[],False
107,2025-04-14 16:13,ohnePixel,en,Counter-Strike,🔴REACTING TO CS2'S ICEBERG🔴,"['English', 'Esports']",['MatureGame'],False
107,2025-04-14 16:13,not_m1nh,en,ROBLOX,ANIME LAST STAND UPDATE! + DAY 7 NOOT TO PRO,"['English', 'asain']",[],False
107,2025-04-14 16:13,jirotf16,en,EA Sports FC 25,⛓️FC25 ASTON VILLA CAREER MODE!⛓️WORLD CUP DAY WITH GLOVEJOB!⛓️!COMMUNITY⛓️!CLIPS⛓️!PRIME⛓️FC25!⛓️VARIETY⛓️,"['fc25', 'eafc25', 'careermode', 'English']",[],False
107,2025-04-14 16:13,mswpHD,en,EA Sports FC 25,FULL 15 GAMES OF CHAMPS! Lock in | 2965/3000 follower goal | !twitter,"['CANADA', 'English', 'FC', 'FC25', 'fifa', 'cod', 'EASPORTS', 'chill', 'FCPro']",[],False
107,2025-04-14 16:13,JamieGounden,en,EA Sports FC 25,Maldini Cup + Icon PP✅,"['English', 'fc25']",[],False
108,2025-04-14 16:23,ohnePixel,en,Counter-Strike,🔴REACTING TO CS2'S ICEBERG🔴,"['English', 'Esports']",['MatureGame'],False
108,2025-04-14 16:23,FroggerOW,en,Overwatch 2,[DROPS ON!] STADIUM EARLY ACCESS TODAY OMG OMG OMG OMG OMG,"['Australian', 'English', 'DropsEnabled']",[],False
108,2025-04-14 16:23,BigBadSnowdon,en,Fortnite,FORTNITE CUSTOMS🔥PLAY WITH US🔥CHILL STREAM!,"['English', 'adhd', 'bald', 'fortnite', 'chill']",[],False
108,2025-04-14 16:23,Philza,en,Minecraft,The Realm SMP • Chop man Chillin :) • !newvid !realm !map !merch,"['English', 'distracted', 'British', 'Hardcore', 'chill']",[],False
108,2025-04-14 16:23,joshseki,en,VALORANT,morning ranked | !newvid !vlogs !PH,"['English', 'ClosedCaptions', 'Korean', 'Radiant', 'Kpop', 'Anime']",[],False
108,2025-04-14 16:23,Aspen,en,Overwatch 2,[!DROPS] ITS STADIUM TIME!! LETS GO OMG 3RD PERSON!!! -> !newvid !pobox,"['English', 'DropsEnabled']",[],False
108,2025-04-14 16:23,Sneegsnag,en,Minecraft,[DAY 4] [THE REALM] HEEE HEEE HEEE SPIIIIIIIIIIIIIN | !subathon,"['English', 'ADHD', 'farts', 'subathon', 'mcc', 'mcyt', 'minecraft', 'moddedminecraft', 'therealm']",[],False
108,2025-04-14 16:23,Couriway,en,Minecraft,"100,000 NO RESET SPEEDRUNS | 6K SPRINT DAY 5 - !sprint | It's not a want to beat Minecraft, IT'S A NEED.","['English', 'Speedrun', 'Ally', 'speedrun', 'couriway', 'challenge', 'noreset', 'FamilyFriendly']",[],False
108,2025-04-14 16:23,Pangi,en,Gartic Phone,Lifesteal SMP Gartic Phone - 118 !bald,"['LifestealSMP', 'MinecraftSMP', 'Minecraft', 'English', 'TheRealm']",[],False
0,2025-04-14 18:56,FroggerOW,en,Overwatch 2,[DROPS ON!] STADIUM EARLY ACCESS TODAY OMG OMG OMG OMG OMG,"['Australian', 'English', 'DropsEnabled']",[],False
0,2025-04-14 18:56,vadriss,en,Grand Theft Auto V,Day 14 of UNCAPPED Birthday SUBATHON | !merch !subathon !goals,"['English', 'Gay', 'femboy', 'LGBTQ', 'twitchprideguild']",['MatureGame'],False
0,2025-04-14 18:57,Refurius,en,Forever Skies,1.0 Hype :D,"['Chill', 'NoSpoilers', 'English', 'German', 'PvP', 'NewPlayersWelcome', 'NewPlayerFriendly', 'skillissues', 'FirstaPlayThrough']",[],False
0,2025-04-14 18:57,Philza,en,Minecraft,The Realm SMP • Chop man Chillin :) • !newvid !realm !map !merch,"['English', 'distracted', 'British', 'Hardcore', 'chill']",[],False
0,2025-04-14 18:57,Aspen,en,Overwatch 2,[!DROPS] ITS STADIUM TIME!! LETS GO OMG 3RD PERSON!!! -> !newvid !pobox,"['English', 'DropsEnabled']",[],False
0,2025-04-14 18:57,sacred_toao,en,EA Sports FC 25,⭐SACRED ERA⭐ !tts (DONATIONS READ OUT LOUD) !twitter,"['gaming', 'rage', 'funny', 'English']",[],False
0,2025-04-14 18:57,MakaioSr,en,Sea of Thieves,GOLD BONES #2 TODAY @ggolddenn <OnlyRams>,"['English', 'seaofthieves', 'PvP']",[],False
0,2025-04-14 18:57,cursedsot,en,Sea of Thieves,PISTOL SNIPE & TRYING NEW SENS,"['Chat', 'English', 'chillguyfr']",[],False
0,2025-04-14 18:57,BriittyBear,en,Sea of Thieves,Happy brand new week! Absolute NONSENSE with @iDbz! *BriittyBear.com* TTS200 (!keg)(!merch),"['Hype', 'Chatty', 'MentalHealth', 'LGBTQIA', 'SeaOfThievesPartner', 'NormalHands', 'NormalForehead', 'HighEnergy', 'English']",[],False
1,2025-04-14 19:12,FroggerOW,en,Overwatch 2,[DROPS ON!] STADIUM EARLY ACCESS TODAY OMG OMG OMG OMG OMG,"['Australian', 'English', 'DropsEnabled']",[],False
1,2025-04-14 19:12,Aspen,en,Overwatch 2,[!DROPS] ITS STADIUM TIME!! LETS GO OMG 3RD PERSON!!! -> !newvid !pobox,"['English', 'DropsEnabled']",[],False
1,2025-04-14 19:12,Manticatol,en,VALORANT,Voice Trolling as the alpha Turbulent Terry,"['English', 'valorant', 'funnybits']",[],False
1,2025-04-14 19:13,vadriss,en,Grand Theft Auto V,Day 14 of UNCAPPED Birthday SUBATHON | !merch !subathon !goals,"['English', 'Gay', 'femboy', 'LGBTQ', 'twitchprideguild']",['MatureGame'],False
1,2025-04-14 19:13,sacred_toao,en,EA Sports FC 25,⭐SACRED ERA⭐ !tts (DONATIONS READ OUT LOUD) !twitter,"['gaming', 'rage', 'funny', 'English']",[],False
1,2025-04-14 19:13,rawdogmoon,en,VALORANT,❗️I DO NOT HAVE A ROSTER❗️ !discord !socials ❗️,"['English', 'assyrian', 'valorant', 'GIGACHAD']",[],False
1,2025-04-14 19:13,Emongg,en,Overwatch 2,[!DROPS ENABLED] Overwatch Stadium preview server LIVE NOW,"['English', 'DropsEnabled']",[],False
1,2025-04-14 19:13,KarQ,en,Overwatch 2,[!DROPS ENABLED] STADIUM early access lets try it out,"['English', 'DropsEnabled']",[],False
1,2025-04-14 19:13,Flats,en,Overwatch 2,[!DROPS ENABLED] OVERWATCH STADIUM PLAYTEST TODAY!! + !gamersupps CUP COLLAB REVEAL APRIL 16TH!!,"['English', 'DropsEnabled']",[],False
2,2025-04-14 19:27,Aspen,en,Overwatch 2,[!DROPS] ITS STADIUM TIME!! LETS GO OMG 3RD PERSON!!! -> !newvid !pobox,"['English', 'DropsEnabled']",[],False
2,2025-04-14 19:27,vadriss,en,Grand Theft Auto V,Day 14 of UNCAPPED Birthday SUBATHON | !merch !subathon !goals,"['English', 'Gay', 'femboy', 'LGBTQ', 'twitchprideguild']",['MatureGame'],False
2,2025-04-14 19:27,Manticatol,en,VALORANT,Voice Trolling as the alpha Turbulent Terry,"['English', 'valorant', 'funnybits']",[],False
2,2025-04-14 19:27,FroggerOW,en,Overwatch 2,[DROPS ON!] STADIUM EARLY ACCESS TODAY OMG OMG OMG OMG OMG,"['Australian', 'English', 'DropsEnabled']",[],False
2,2025-04-14 19:27,Emongg,en,Overwatch 2,[!DROPS ENABLED] Overwatch Stadium preview server LIVE NOW,"['English', 'DropsEnabled']",[],False
2,2025-04-14 19:27,sacred_toao,en,EA Sports FC 25,⭐SACRED ERA⭐ !tts (DONATIONS READ OUT LOUD) !twitter,"['gaming', 'rage', 'funny', 'English']",[],False
2,2025-04-14 19:27,Ciarratonin,en,inZOI,hiiii new yt video is out! | !yt | @ciarratonin on all !socials,"['cozy', 'AfricanAmerican', 'Black', 'Ciarratonin', 'Female', 'English', 'Ally']",[],False
2,2025-04-14 19:27,LargeTayterTots,en,The Sims 4,CAS & Yap - !giveaway !prime,"['English', 'BlackStreamer', 'Cozy', 'aesthetic', 'girlgamers', 'blacksimmer', 'sims4mods', 'sims4cc']",[],False
2,2025-04-14 19:27,Simeralla,en,The Sims 4,🌷Making Simmies  CC  CAS 🌷 #eapartner !cc !mods !video !h4h,"['thesims4', 'sims4cas', 'cozy', 'nocam', 'gamergirl', 'blackstreamer', 'lurkerfriendly', 'music', 'chill', 'english']",[],False
3,2025-04-14 19:43,FroggerOW,en,Overwatch 2,[DROPS ON!] STADIUM EARLY ACCESS TODAY OMG OMG OMG OMG OMG,"['Australian', 'English', 'DropsEnabled']",[],False
3,2025-04-14 19:43,Aspen,en,Overwatch 2,[!DROPS] ITS STADIUM TIME!! LETS GO OMG 3RD PERSON!!! -> !newvid !pobox,"['English', 'DropsEnabled']",[],False
3,2025-04-14 19:43,Manticatol,en,VALORANT,Voice Trolling as the alpha Turbulent Terry,"['English', 'valorant', 'funnybits']",[],False
3,2025-04-14 19:43,vadriss,en,Grand Theft Auto V,Day 14 of UNCAPPED Birthday SUBATHON | !merch !subathon !goals,"['English', 'Gay', 'femboy', 'LGBTQ', 'twitchprideguild']",['MatureGame'],False
3,2025-04-14 19:43,sacred_toao,en,EA Sports FC 25,⭐SACRED ERA⭐ !tts (DONATIONS READ OUT LOUD) !twitter,"['gaming', 'rage', 'funny', 'English']",[],False
3,2025-04-14 19:43,DrDonutttttt,en,Minecraft,,"['English', 'smp', 'DonutSMP', 'drdonut', 'crystalpvp', 'pvp', 'cpvp', 'survival', 'survival', 'minecraft']",[],False
3,2025-04-14 19:44,kimandjax,en,Minecraft,Skyblock | !easter !skyblock,"['English', 'SafeSpace', 'BackSeatGamingAllowed', 'NewZealand', 'FamilyFriendly', 'smp', 'PlayingwithViewers', 'skyblock', 'ANZ']",[],False
3,2025-04-14 19:44,Kendrisite,en,Minecraft,24 HOUR LIVESTREAM! !joinmc,"['Veteran', 'Autism', 'FamilyFriendly', 'LurkersWelcome', 'SafeSpace', 'ChillVibes', 'LurkerFriendly', 'Cozy', 'DisabledVeteran', 'minecraft']",[],False
3,2025-04-14 19:44,dougot,en,Minecraft,"🔴 NETHER HUB BIG DIG❗38,469 DAYS 📆❗10,765 HOURS ⏰❗94,715,000 BLOCKS ⛏❗!fish !tour","['English', 'wrholderbtw', 'YoungSheldon', 'survival', 'mining', 'longstream', 'WRHolder', 'vanilla', 'ASMR', 'Fisherman']",[],False
4,2025-04-14 20:02,FroggerOW,en,Overwatch 2,[DROPS ON!] STADIUM EARLY ACCESS TODAY OMG OMG OMG OMG OMG,"['Australian', 'English', 'DropsEnabled']",[],False
4,2025-04-14 20:02,Aspen,en,Overwatch 2,[!DROPS] ITS STADIUM TIME!! LETS GO OMG 3RD PERSON!!! -> !newvid !pobox,"['English', 'DropsEnabled']",[],False
4,2025-04-14 20:02,Manticatol,en,VALORANT,Voice Trolling as the alpha Turbulent Terry,"['English', 'valorant', 'funnybits']",[],False
4,2025-04-14 20:02,DrDonutttttt,en,Minecraft,,"['English', 'smp', 'DonutSMP', 'drdonut', 'crystalpvp', 'pvp', 'cpvp', 'survival', 'survival', 'minecraft']",[],False
4,2025-04-14 20:02,sacred_toao,en,EA Sports FC 25,⭐SACRED ERA⭐ !tts (DONATIONS READ OUT LOUD) !twitter,"['gaming', 'rage', 'funny', 'English']",[],False
4,2025-04-14 20:03,Warn,en,Overwatch 2,[!DROPS HERE] RANK 1 ASHE 🔴 STADIUM PLAYTEST + DRIVES TOMORROW.. 🔴 BATTLE PASS TIER SKIPS 🔴 POKE PACK OPENINGS 🔴 new !video,"['Overwatch', 'Competitive', 'ADHD', 'Drops', 'English', 'DropsEnabled']",[],False
4,2025-04-14 20:03,pharolen,en,Minecraft,Nether Hardcore... I will win (With Neycha),"['English', 'Minecraft', 'Pharolen', 'minecraft']",[],False
4,2025-04-14 20:03,Leow0ok,en,Minecraft,CART PVP DAY 8!! practice makes perfect!,['English'],[],False
4,2025-04-14 20:03,BamBaeYoh,en,BONELAB,I TURNED BONELAB INTO A RAGE GAME - DONATE BITS TO BECOME ENEMIES IN GAME - HAPTICS ON FULL BLAST,['English'],['MatureGame'],False
5,2025-04-14 20:18,FroggerOW,en,Overwatch 2,[DROPS ON!] STADIUM EARLY ACCESS TODAY OMG OMG OMG OMG OMG,"['Australian', 'English', 'DropsEnabled']",[],False
5,2025-04-14 20:18,Aspen,en,Overwatch 2,[!DROPS] ITS STADIUM TIME!! LETS GO OMG 3RD PERSON!!! -> !newvid !pobox,"['English', 'DropsEnabled']",[],False
5,2025-04-14 20:18,AviAkbar,en,VALORANT,CRASH OUT COUNTER: 13 | Avi Akbar | !discord !socials !rank,"['TikToker', 'TikTok', 'YouTuber', 'English', 'Heartratemonitor', 'scarygames', 'FirstPlaythrough', 'influencer']",[],False
5,2025-04-14 20:19,DrDonutttttt,en,Minecraft,,"['English', 'smp', 'DonutSMP', 'drdonut', 'crystalpvp', 'pvp', 'cpvp', 'survival', 'survival', 'minecraft']",[],False
5,2025-04-14 20:19,vadriss,en,Grand Theft Auto V,Day 14 of UNCAPPED Birthday SUBATHON | !merch !subathon !goals,"['English', 'Gay', 'femboy', 'LGBTQ', 'twitchprideguild']",['MatureGame'],False
5,2025-04-14 20:19,sacred_toao,en,EA Sports FC 25,⭐SACRED ERA⭐ !tts (DONATIONS READ OUT LOUD) !twitter,"['gaming', 'rage', 'funny', 'English']",[],False
5,2025-04-14 20:19,vijay02,es,Schedule I,Vamos a empezar un nuevo juego!🎮SCHEDULE 1🎮ROBLOX🎮!Discord | !sr,"['Español', 'roblox', 'BluelockRIvals', 'Charlandoconelchat', 'schedule1', 'forsaken']",['MatureGame'],False
5,2025-04-14 20:19,Im_Ofn,es,R.E.P.O.,Hoy Probamos un Juego nuevoo 💜⭐,"['Español', 'México', 'Repetir', 'LATAM']",[],False
5,2025-04-14 20:19,zerflox,es,ROBLOX,UNETE Y PAN GRATIS Y A JUGAR 🧡  🍞 ROBLOX?🧡🍍,"['VIDEOJUEGOS', 'SEGUIDORES', 'latino', 'español', 'charlando', 'Español']",[],False
6,2025-04-14 20:34,FroggerOW,en,Overwatch 2,[DROPS ON!] STADIUM EARLY ACCESS TODAY OMG OMG OMG OMG OMG,"['Australian', 'English', 'DropsEnabled']",[],False
6,2025-04-14 20:34,Aspen,en,Overwatch 2,[!DROPS] ITS STADIUM TIME!! LETS GO OMG 3RD PERSON!!! -> !newvid !pobox,"['English', 'DropsEnabled']",[],False
6,2025-04-14 20:34,AviAkbar,en,VALORANT,CRASH OUT COUNTER: 13 | Avi Akbar | !discord !socials !rank,"['TikToker', 'TikTok', 'YouTuber', 'English', 'Heartratemonitor', 'scarygames', 'FirstPlaythrough', 'influencer']",[],False
6,2025-04-14 20:34,vadriss,en,Grand Theft Auto V,Day 14 of UNCAPPED Birthday SUBATHON | !merch !subathon !goals,"['English', 'Gay', 'femboy', 'LGBTQ', 'twitchprideguild']",['MatureGame'],False
6,2025-04-14 20:34,DrDonutttttt,en,Minecraft,,"['English', 'smp', 'DonutSMP', 'drdonut', 'crystalpvp', 'pvp', 'cpvp', 'survival', 'survival', 'minecraft']",[],False
6,2025-04-14 20:34,sacred_toao,en,EA Sports FC 25,⭐SACRED ERA⭐ !tts (DONATIONS READ OUT LOUD) !twitter,"['gaming', 'rage', 'funny', 'English']",[],False
6,2025-04-14 20:34,summit1g,en,Escape from Tarkov,chillin @summit1g !starforge @starforgesystems,['English'],['MatureGame'],True
6,2025-04-14 20:35,Nadeshot,en,Call of Duty: Warzone,[DROPS ON] 🔴 VERDANSK 🔴 #1 30+ CONTROLLER PLAYER 🔴 100T NADESHOT,"['English', '100Thieves', 'Nadeshot', 'Warzone', 'CallofDuty', 'DropsEnabled']",['MatureGame'],False
6,2025-04-14 20:35,Jay3,en,Marvel Rivals,[DROPS] -AFK HERE- GRINDING FOR TOP 500 | Follow socials --> @jay3,"['FPS', 'Shooter', 'Multiplayer', 'English', 'DropsEnabled']",[],False
7,2025-04-14 20:46,FroggerOW,en,Overwatch 2,[DROPS ON!] STADIUM EARLY ACCESS TODAY OMG OMG OMG OMG OMG,"['Australian', 'English', 'DropsEnabled']",[],False
7,2025-04-14 20:46,Aspen,en,Overwatch 2,[!DROPS] ITS STADIUM TIME!! LETS GO OMG 3RD PERSON!!! -> !newvid !pobox,"['English', 'DropsEnabled']",[],False
7,2025-04-14 20:46,AviAkbar,en,VALORANT,CRASH OUT COUNTER: 13 | Avi Akbar | !discord !socials !rank,"['TikToker', 'TikTok', 'YouTuber', 'English', 'Heartratemonitor', 'scarygames', 'FirstPlaythrough', 'influencer']",[],False
7,2025-04-14 20:47,vadriss,en,Grand Theft Auto V,Day 14 of UNCAPPED Birthday SUBATHON | !merch !subathon !goals,"['English', 'Gay', 'femboy', 'LGBTQ', 'twitchprideguild']",['MatureGame'],False
7,2025-04-14 20:47,DrDonutttttt,en,Minecraft,,"['English', 'smp', 'DonutSMP', 'drdonut', 'crystalpvp', 'pvp', 'cpvp', 'survival', 'survival', 'minecraft']",[],False
7,2025-04-14 20:47,sacred_toao,en,EA Sports FC 25,⭐SACRED ERA⭐ !tts (DONATIONS READ OUT LOUD) !twitter,"['gaming', 'rage', 'funny', 'English']",[],False
7,2025-04-14 20:47,LA4AWALE,en,EA Sports FC 25,🚨MOROCCO RTG FUT CHAMPS🚨 LAST GAME FOR RANK 2🚨 !lootbar !youtube !discord !moreawale🚨SPAIN TOMORROW !!!!!!,['English'],[],False
7,2025-04-14 20:47,zwebackhd,en,EA Sports FC 25,"(+)🥶 NEW DAY, NEW ZWE!! BYEDINI? MORE LIKE HELLO BARESI?!? COPIUM!! ELITE DIV GAVER FINISHES WL!! Monday RTG Vibin' !merch !prime","['FIFA', 'SPORTS', 'SOCCER', 'English', 'FC']",[],False
7,2025-04-14 20:47,BabzBMT,en,EA Sports FC 25,Ooters in Elite,['English'],[],False
8,2025-04-14 21:03,FroggerOW,en,Overwatch 2,[DROPS ON!] STADIUM EARLY ACCESS TODAY OMG OMG OMG OMG OMG,"['Australian', 'English', 'DropsEnabled']",[],False
8,2025-04-14 21:03,Aspen,en,Overwatch 2,[!DROPS] ITS STADIUM TIME!! LETS GO OMG 3RD PERSON!!! -> !newvid !pobox,"['English', 'DropsEnabled']",[],False
8,2025-04-14 21:03,AviAkbar,en,VALORANT,CRASH OUT COUNTER: 13 | Avi Akbar | !discord !socials !rank,"['TikToker', 'TikTok', 'YouTuber', 'English', 'Heartratemonitor', 'scarygames', 'FirstPlaythrough', 'influencer']",[],False
8,2025-04-14 21:04,vadriss,en,Grand Theft Auto V,Day 14 of UNCAPPED Birthday SUBATHON | !merch !subathon !goals,"['English', 'Gay', 'femboy', 'LGBTQ', 'twitchprideguild']",['MatureGame'],False
8,2025-04-14 21:04,DrDonutttttt,en,Minecraft,,"['English', 'smp', 'DonutSMP', 'drdonut', 'crystalpvp', 'pvp', 'cpvp', 'survival', 'survival', 'minecraft']",[],False
8,2025-04-14 21:04,sacred_toao,en,EA Sports FC 25,⭐SACRED ERA⭐ !tts (DONATIONS READ OUT LOUD) !twitter,"['gaming', 'rage', 'funny', 'English']",[],False
8,2025-04-14 21:04,KarQ,en,Overwatch 2,[!DROPS ENABLED] STADIUM early access lets try it out,"['English', 'DropsEnabled']",[],False
8,2025-04-14 21:04,sunshinebread,en,Overwatch 2,[DROPS] NEVER INTERRUPT YOUR ENEMY WHILE HE IS MAKING A MISTAKE !!!!,"['English', 'Doomfist', 'unemployed', 'LOUD', 'obnoxious', 'SISYPHUS', 'NEET', 'hitscan', 'tracer', 'altfashion']",[],False
8,2025-04-14 21:04,chosen_ow,en,Overwatch 2,[DROPS ✅] STADIUM PLAYTEST 🔴 CHAMP SUPPORT POV 🔴 #1 ILLARI 🔴 12+HR STREAM 🔴 meow meow ^-^,"['English', 'top500', 'Illari', 'overwatch', 'Competitive', 'femboy', 'DropsEnabled']",[],False
9,2025-04-15 00:02,Aspen,en,Overwatch 2,[!DROPS] ITS STADIUM TIME!! LETS GO OMG 3RD PERSON!!! -> !newvid !pobox,"['English', 'DropsEnabled']",[],False
9,2025-04-15 00:02,AviAkbar,en,VALORANT,CRASH OUT COUNTER: 13 | Avi Akbar | !discord !socials !rank,"['TikToker', 'TikTok', 'YouTuber', 'English', 'Heartratemonitor', 'scarygames', 'FirstPlaythrough', 'influencer']",[],False
9,2025-04-15 00:02,vadriss,en,Grand Theft Auto V,Day 14 of UNCAPPED Birthday SUBATHON | !merch !subathon !goals,"['English', 'Gay', 'femboy', 'LGBTQ', 'twitchprideguild']",['MatureGame'],False
9,2025-04-15 00:02,KaiCenat,en,Just Chatting,🚨CLICK HERE IF YOU LOVE YOUR MOM🚨,"['English', 'ADHD', 'LOUD', 'gaming', 'AMP']",[],False
9,2025-04-15 00:02,Joe_Bartolozzi,en,Just Chatting,WE BACK!!! LATE NIGHT REACT DAY?!?! + STORY TIME JOIN JOIN JOIN,['English'],[],False
9,2025-04-15 00:02,Warn,en,Overwatch 2,[!DROPS HERE] RANK 1 ASHE 🔴 STADIUM PLAYTEST + DRIVES TOMORROW.. 🔴 BATTLE PASS TIER SKIPS 🔴 POKE PACK OPENINGS 🔴 new !video,"['Overwatch', 'Competitive', 'ADHD', 'Drops', 'English', 'DropsEnabled']",[],False
9,2025-04-15 00:02,BugSenseii,en,Sea of Thieves,John Anti-Cheat and associate,"['English', 'seaofthieves', 'Roleplay']",[],False
9,2025-04-15 00:02,River,en,Sea of Thieves,GOT MY MONEY AND MY B** THATS A CHECK ✔️,"['PvP', 'PvE', 'English', 'soundalertsenabled']",[],True
9,2025-04-15 00:02,KittenSpreee,en,Sea of Thieves,Veggie Might Monday w/ @dassin__,"['English', 'PvP', 'seaofthieves', 'KittenSpreee']",[],False
10,2025-04-15 00:16,Aspen,en,Overwatch 2,[!DROPS] ITS STADIUM TIME!! LETS GO OMG 3RD PERSON!!! -> !newvid !pobox,"['English', 'DropsEnabled']",[],False
10,2025-04-15 00:16,vadriss,en,Grand Theft Auto V,Day 14 of UNCAPPED Birthday SUBATHON | !merch !subathon !goals,"['English', 'Gay', 'femboy', 'LGBTQ', 'twitchprideguild']",['MatureGame'],False
10,2025-04-15 00:16,AviAkbar,en,VALORANT,CRASH OUT COUNTER: 13 | Avi Akbar | !discord !socials !rank,"['TikToker', 'TikTok', 'YouTuber', 'English', 'Heartratemonitor', 'scarygames', 'FirstPlaythrough', 'influencer']",[],False
10,2025-04-15 00:16,KaiCenat,en,Just Chatting,🚨CLICK HERE IF YOU LOVE YOUR MOM🚨,"['English', 'ADHD', 'LOUD', 'gaming', 'AMP']",[],False
10,2025-04-15 00:16,Warn,en,Overwatch 2,[!DROPS HERE] RANK 1 ASHE 🔴 STADIUM PLAYTEST + DRIVES TOMORROW.. 🔴 BATTLE PASS TIER SKIPS 🔴 POKE PACK OPENINGS 🔴 new !video,"['Overwatch', 'Competitive', 'ADHD', 'Drops', 'English', 'DropsEnabled']",[],False
10,2025-04-15 00:17,Joe_Bartolozzi,en,Just Chatting,WE BACK!!! LATE NIGHT REACT DAY?!?! + STORY TIME JOIN JOIN JOIN,['English'],[],False
10,2025-04-15 00:17,EUWXYZ,en,League of Legends,"KOREA DAY 17, 666lp start. were back in purpledown. yesterday was not a failure. it was part of the process. !yt !cock !edate","['Darius', 'Challenger', 'OTP', 'EUW', 'EUWXYZ', 'English']",[],False
10,2025-04-15 00:17,DarkAuraLOL,en,League of Legends,BEST KAYN WORLD - Gaining LP on main (with rizz) - !discord !youtube !twitter !coaching,"['English', 'DJ', 'Techno', 'Jungle', 'Kayn', 'BlueKayn', 'Challenger', 'EUW']",[],False
10,2025-04-15 00:17,Sinerias,en,League of Legends,🟢KOREA SOLOQ RANK 1 CLIMB🏆🟢NEW !Course To Climb Yourself! 20% Discount in the Beginning!,['English'],[],False
11,2025-04-15 00:29,Aspen,en,Overwatch 2,[!DROPS] ITS STADIUM TIME!! LETS GO OMG 3RD PERSON!!! -> !newvid !pobox,"['English', 'DropsEnabled']",[],False
11,2025-04-15 00:29,vadriss,en,Grand Theft Auto V,Day 14 of UNCAPPED Birthday SUBATHON | !merch !subathon !goals,"['English', 'Gay', 'femboy', 'LGBTQ', 'twitchprideguild']",['MatureGame'],False
11,2025-04-15 00:29,shwockatv,en,Sea of Thieves,Comp evil glass,"['NerdKing', 'gamergirl', 'professionalplayer', 'nerd', 'seaofthieves', 'hourglasspvp', 'English']",[],False
11,2025-04-15 00:29,KaiCenat,en,Just Chatting,🚨CLICK HERE IF YOU LOVE YOUR MOM🚨,"['English', 'ADHD', 'LOUD', 'gaming', 'AMP']",[],False
11,2025-04-15 00:29,Warn,en,Overwatch 2,[!DROPS HERE] RANK 1 ASHE 🔴 STADIUM PLAYTEST + DRIVES TOMORROW.. 🔴 BATTLE PASS TIER SKIPS 🔴 POKE PACK OPENINGS 🔴 new !video,"['Overwatch', 'Competitive', 'ADHD', 'Drops', 'English', 'DropsEnabled']",[],False
11,2025-04-15 00:29,Joe_Bartolozzi,en,Just Chatting,WE BACK!!! LATE NIGHT REACT DAY?!?! + STORY TIME JOIN JOIN JOIN,['English'],[],False
11,2025-04-15 00:29,leha2077legend,ru,Counter-Strike,ЦЕЛЬ: ОТСТРИМИТЬ 180 ЧАСОВ ЗА МЕСЯЦ,"['Русский', 'Українською']",['MatureGame'],False
11,2025-04-15 00:29,BlindErmine,ru,I'm Only Sleeping,!МАРАФОН ВЫСЕЛЕНИЯ - День 55*. Последний стрим перед переездом. !суд !ничего,['Русский'],[],False
11,2025-04-15 00:29,A1r1sh,ru,Just Chatting,"🔴Смотрю ПЕРВЫЙ РАЗ ""Дрожь земли 2: Повторный удар (1996)"" / Начало 04:57 по Мск [!фильм !бусти]",['Русский'],[],False
12,2025-04-15 00:43,Aspen,en,Overwatch 2,[!DROPS] ITS STADIUM TIME!! LETS GO OMG 3RD PERSON!!! -> !newvid !pobox,"['English', 'DropsEnabled']",[],False
12,2025-04-15 00:43,vadriss,en,Grand Theft Auto V,Day 14 of UNCAPPED Birthday SUBATHON | !merch !subathon !goals,"['English', 'Gay', 'femboy', 'LGBTQ', 'twitchprideguild']",['MatureGame'],False
12,2025-04-15 00:43,shwockatv,en,Sea of Thieves,Comp evil glass,"['NerdKing', 'gamergirl', 'professionalplayer', 'nerd', 'seaofthieves', 'hourglasspvp', 'English']",[],False
12,2025-04-15 00:43,KaiCenat,en,Just Chatting,🚨CLICK HERE IF YOU LOVE YOUR MOM🚨,"['English', 'ADHD', 'LOUD', 'gaming', 'AMP']",[],False
12,2025-04-15 00:43,Warn,en,Overwatch 2,[!DROPS HERE] RANK 1 ASHE 🔴 STADIUM PLAYTEST + DRIVES TOMORROW.. 🔴 BATTLE PASS TIER SKIPS 🔴 POKE PACK OPENINGS 🔴 new !video,"['Overwatch', 'Competitive', 'ADHD', 'Drops', 'English', 'DropsEnabled']",[],False
12,2025-04-15 00:43,Joe_Bartolozzi,en,Just Chatting,WE BACK!!! LATE NIGHT REACT DAY?!?! + STORY TIME JOIN JOIN JOIN,['English'],[],False
12,2025-04-15 00:43,qaymichael,en,Grand Theft Auto V,scarlet vixen 🖤 pma rp 🖤 !goal,['English'],['MatureGame'],False
12,2025-04-15 00:44,Minky,en,Grand Theft Auto V,PRODIGY RP ⋆˙⟡ !links !discord !cod #ad,"['VFT', 'English', 'LGBTQIA', 'Gay', 'femboy', 'gamer', 'ＧTA5', 'gta', 'Roleplay', 'holidayhoopla']",['MatureGame'],True
12,2025-04-15 00:44,DGthe99,en,Just Chatting,FASTEST GROWING STREAM ON TWITCH! | SMILERP OWNER | FROWNRP OWNER| POWER GPU CODE: SMILE,"['apex', 'IRL', 'gamer', 'tiktok', 'English', 'GTARP']",[],False
13,2025-04-15 04:02,lightt,en,Overwatch 2,[!DROPS] ATTEMPTING NA FARM 6V6 & 7/11 IRL STREAM TMRW !yt || SUB ONLY !MINECRAFT SERVER IS UP !currentsong !socials,"['English', 'unemployed', 'DropsEnabled']",['ProfanityVulgarity'],True
13,2025-04-15 04:02,vadriss,en,Fortnite,Day 14 of UNCAPPED Birthday SUBATHON | !merch !subathon !goals,"['English', 'Gay', 'femboy', 'LGBTQ', 'twitchprideguild']",[],False
13,2025-04-15 04:02,HokagoPT,en,Fortnite,[DROPS] 💥MASSIVE UPDATE INCOMING!💥 | Play w/Followers | Use Code: HOKAGOPT | !join,"['vtuber', 'chatty', 'english', 'anxiety', 'positivity', 'battleroyale', 'English']",[],False
13,2025-04-15 04:02,gkey,en,Minecraft,"🟪17,000+ DAYS Hardcore Minecraft🟪!project !tour !socials🟪",['English'],[],False
13,2025-04-15 04:02,Oatley,en,Fortnite,"FNCS SCRIMS | Code ""Oatley"" #ad | !socials !youtube !fncs","['FamilyFriendly', 'Fortnite', 'BattleRoyale', 'Multiplayer', 'Action', 'Competitive', 'Professional', 'Positivity', 'PC', 'English']",[],False
13,2025-04-15 04:02,Smacko,en,Fortnite,"ZERO BUILDS SOLO VS SQUADS. Use Code ""SMACKO"" #EpicPartner","['English', 'Fortnite', 'ZeroBuild']",[],False
13,2025-04-15 04:02,DGthe99,en,Grand Theft Auto V,FASTEST GROWING STREAM ON TWITCH! | SMILERP OWNER | FROWNRP OWNER| POWER GPU CODE: SMILE,"['apex', 'IRL', 'gamer', 'tiktok', 'English', 'GTARP']",['MatureGame'],False
13,2025-04-15 04:02,smush,en,Grand Theft Auto V,⚪ EARTHQUAKE IN SD ⚪SLIM JIM ⚪PRODIGY RP / LIQUID RP ⚪  #ad !grabtap,"['English', 'SlimJim', 'LiquidRP', 'NoPixel', 'ProdigyRP', 'prodigy', 'Roleplay', 'GTARP']",['MatureGame'],False
13,2025-04-15 04:03,ItsNav,en,Grand Theft Auto V,🚨CLICK HERE IF YOU LIKE GTARP🚨!discord !sub🚨,"['English', 'Roleplay', 'GrandTheftAutoV', 'PlayingwWithViewers', 'gta', 'GTARP', 'GTAV']",['MatureGame'],False
14,2025-04-15 04:16,lightt,en,Overwatch 2,[!DROPS] ATTEMPTING NA FARM 6V6 & 7/11 IRL STREAM TMRW !yt || SUB ONLY !MINECRAFT SERVER IS UP !currentsong !socials,"['English', 'unemployed', 'DropsEnabled']",['ProfanityVulgarity'],True
14,2025-04-15 04:16,gkey,en,Minecraft,"🟪17,000+ DAYS Hardcore Minecraft🟪!project !tour !socials🟪",['English'],[],False
14,2025-04-15 04:16,HokagoPT,en,Fortnite,[DROPS] 💥MASSIVE UPDATE INCOMING!💥 | Play w/Followers | Use Code: HOKAGOPT | !join,"['vtuber', 'chatty', 'english', 'anxiety', 'positivity', 'battleroyale', 'English']",[],False
14,2025-04-15 04:16,Smacko,en,Fortnite,"ZERO BUILDS SOLO VS SQUADS. Use Code ""SMACKO"" #EpicPartner","['English', 'Fortnite', 'ZeroBuild']",[],False
14,2025-04-15 04:16,Oatley,en,Fortnite,"FNCS SCRIMS | Code ""Oatley"" #ad | !socials !youtube !fncs","['FamilyFriendly', 'Fortnite', 'BattleRoyale', 'Multiplayer', 'Action', 'Competitive', 'Professional', 'Positivity', 'PC', 'English']",[],False
14,2025-04-15 04:16,Warn,en,Overwatch 2,[!DROPS HERE] RANK 1 ASHE 🔴 STADIUM PLAYTEST + DRIVES TOMORROW.. 🔴 BATTLE PASS TIER SKIPS 🔴 POKE PACK OPENINGS 🔴 new !video,"['Overwatch', 'Competitive', 'ADHD', 'Drops', 'English', 'DropsEnabled']",[],False
14,2025-04-15 04:16,Thiefs,en,Fortnite,Zero Build Ranked,"['ZeroBuild', 'English', 'FamilyFriendly']",[],False
14,2025-04-15 04:16,schocca,en,Fortnite,SCHOC V SQUADS,"['ZeroBuilds', 'English', 'OCE', 'Fortnite']",[],False
14,2025-04-15 04:16,johtsu,en,Fortnite,zb in chill mode | code: johtsu :),"['zerobuilds', 'zerobuild', 'English']",[],False
15,2025-04-15 04:32,lightt,en,Overwatch 2,[!DROPS] ATTEMPTING NA FARM 6V6 & 7/11 IRL STREAM TMRW !yt || SUB ONLY !MINECRAFT SERVER IS UP !currentsong !socials,"['English', 'unemployed', 'DropsEnabled']",['ProfanityVulgarity'],True
15,2025-04-15 04:32,Oatley,en,Fortnite,"FNCS SCRIMS | Code ""Oatley"" #ad | !socials !youtube !fncs","['FamilyFriendly', 'Fortnite', 'BattleRoyale', 'Multiplayer', 'Action', 'Competitive', 'Professional', 'Positivity', 'PC', 'English']",[],False
15,2025-04-15 04:32,HokagoPT,en,Fortnite,[DROPS] 💥MASSIVE UPDATE INCOMING!💥 | Play w/Followers | Use Code: HOKAGOPT | !join,"['vtuber', 'chatty', 'english', 'anxiety', 'positivity', 'battleroyale', 'English']",[],False
15,2025-04-15 04:32,gkey,en,Minecraft,"🟪17,000+ DAYS Hardcore Minecraft🟪!project !tour !socials🟪",['English'],[],False
15,2025-04-15 04:32,Smacko,en,Fortnite,"ZERO BUILDS SOLO VS SQUADS. Use Code ""SMACKO"" #EpicPartner","['English', 'Fortnite', 'ZeroBuild']",[],False
15,2025-04-15 04:32,Warn,en,Overwatch 2,[!DROPS HERE] RANK 1 ASHE 🔴 STADIUM PLAYTEST + DRIVES TOMORROW.. 🔴 BATTLE PASS TIER SKIPS 🔴 POKE PACK OPENINGS 🔴 new !video,"['Overwatch', 'Competitive', 'ADHD', 'Drops', 'English', 'DropsEnabled']",[],False
15,2025-04-15 04:32,sillyknives,en,Minecraft,hardcore minecraft :p,"['gaming', 'chill', 'pro', 'eboy', 'vibes', 'shooter', 'valorant', 'English']",[],False
15,2025-04-15 04:32,zeroslasher_,en,ROBLOX,roblox? eh,"['English', 'Smashbrosultimate', '1v1', 'SmashUltimate', 'deadbbydaylight', 'dbd', 'fyp', 'fyptwitch', 'famillyguy', 'watchfamilyguyonlinefree']",[],False
15,2025-04-15 04:32,osdeelive,en,ROBLOX,🔴{LIVE}🔴 PLS DONATE OFFLINE DONATING TO VIEWERS! | 🔴,['English'],[],False
16,2025-04-15 04:47,Oatley,en,Fortnite,"FNCS SCRIMS | Code ""Oatley"" #ad | !socials !youtube !fncs","['FamilyFriendly', 'Fortnite', 'BattleRoyale', 'Multiplayer', 'Action', 'Competitive', 'Professional', 'Positivity', 'PC', 'English']",[],False
16,2025-04-15 04:47,lightt,en,Overwatch 2,[!DROPS] ATTEMPTING NA FARM 6V6 & 7/11 IRL STREAM TMRW !yt || SUB ONLY !MINECRAFT SERVER IS UP !currentsong !socials,"['English', 'unemployed', 'DropsEnabled']",['ProfanityVulgarity'],True
16,2025-04-15 04:47,HokagoPT,en,Fortnite,[DROPS] 💥MASSIVE UPDATE INCOMING!💥 | Play w/Followers | Use Code: HOKAGOPT | !join,"['vtuber', 'chatty', 'english', 'anxiety', 'positivity', 'battleroyale', 'English']",[],False
16,2025-04-15 04:47,gkey,en,Minecraft,"🟪17,000+ DAYS Hardcore Minecraft🟪!project !tour !socials🟪",['English'],[],False
16,2025-04-15 04:47,danielharrison,en,Fortnite,when you say 2 weeks i say fortnite,['English'],[],False
16,2025-04-15 04:47,chosen_ow,en,Overwatch 2,[DROPS ✅] STADIUM PLAYTEST 🔴 CHAMP SUPPORT POV 🔴 #1 ILLARI 🔴 12+HR STREAM 🔴 meow meow ^-^,"['English', 'top500', 'Illari', 'overwatch', 'Competitive', 'femboy', 'DropsEnabled']",[],False
16,2025-04-15 04:47,DGthe99,en,Grand Theft Auto V,FASTEST GROWING STREAM ON TWITCH! | SMILERP OWNER | FROWNRP OWNER| POWER GPU CODE: SMILE,"['apex', 'IRL', 'gamer', 'tiktok', 'English', 'GTARP']",['MatureGame'],False
16,2025-04-15 04:47,omareloff,en,Counter-Strike,🔵 WIBIN 🔵 !Mohsin 🔵 !Displate 🔵 !insta 🔵 LiquidRP 🔵 Jose Exotic 🔵 GTA 5 RP 🔵 CS2 🔵 GYM: 5,['English'],['MatureGame'],False
16,2025-04-15 04:47,Amacky,en,Grand Theft Auto V,✅MORE DRAMA?! GEEZ.. AMACKATHON DAY 76✅ PMA RP | GTA RP | WAYNE WEASELHEADE | RR,"['ProdigyRP', 'GTARP', 'NoPixel', 'GTA', 'RP', 'Roleplay', 'English']",['MatureGame'],False
17,2025-04-15 05:04,lightt,en,Overwatch 2,[!DROPS] ATTEMPTING NA FARM 6V6 & 7/11 IRL STREAM TMRW !yt || SUB ONLY !MINECRAFT SERVER IS UP !currentsong !socials,"['English', 'unemployed', 'DropsEnabled']",['ProfanityVulgarity'],True
17,2025-04-15 05:04,botjayttv,en,ROBLOX,✬ PS99 | BGSI ✬ No Cap Week i guess... ✪ Offical Partner ✪,"['English', 'Deutsch', 'botjaytv', 'RudeStreamer', 'petsimulator99', 'honestman']",[],False
17,2025-04-15 05:04,HokagoPT,en,Fortnite,[DROPS] 💥MASSIVE UPDATE INCOMING!💥 | Play w/Followers | Use Code: HOKAGOPT | !join,"['vtuber', 'chatty', 'english', 'anxiety', 'positivity', 'battleroyale', 'English']",[],False
17,2025-04-15 05:04,Oatley,en,Fortnite,"FNCS SCRIMS | Code ""Oatley"" #ad | !socials !youtube !fncs","['FamilyFriendly', 'Fortnite', 'BattleRoyale', 'Multiplayer', 'Action', 'Competitive', 'Professional', 'Positivity', 'PC', 'English']",[],False
17,2025-04-15 05:04,gkey,en,Minecraft,"🟪17,000+ DAYS Hardcore Minecraft🟪!project !tour !socials🟪",['English'],[],False
17,2025-04-15 05:04,danielharrison,en,Fortnite,when you say 2 weeks i say fortnite,['English'],[],False
17,2025-04-15 05:04,ukaene__u,es,Garena Free Fire,GRAN FINAL LATAM camino a Brasil 2024! 🔥 | FFWS LATAM,['Español'],['MatureGame'],False
17,2025-04-15 05:04,mowgligames,es,Garena Free Fire,LLEGANDO A TOP GLOBAL DE DUELO DE ESCUADRAS CON SEGUIDORES,"['freefire', 'gamplay', 'espanol', 'Español']",['MatureGame'],False
17,2025-04-15 05:04,AnnUwU_,es,Fortnite,Abuelita aprende a jugar fornite [!discord !redes] 😼,"['Español', 'Multijugador', 'chicagamer', 'Quackity']",[],False
18,2025-04-15 08:02,botjayttv,en,ROBLOX,✬ PS99 | BGSI ✬ No Cap Week i guess... ✪ Offical Partner ✪,"['English', 'Deutsch', 'botjaytv', 'RudeStreamer', 'petsimulator99', 'honestman']",[],False
18,2025-04-15 08:02,Oatley,en,Fortnite,"RELOAD FORTNITE UPDATE | Code ""Oatley"" #ad | !socials !youtube !fncs","['FamilyFriendly', 'Fortnite', 'BattleRoyale', 'Multiplayer', 'Action', 'Competitive', 'Professional', 'Positivity', 'PC', 'English']",[],False
18,2025-04-15 08:02,colon3yipeehappi,en,Minecraft,something something,"['English', 'feinberg']",[],False
18,2025-04-15 08:02,danielharrison,en,Counter-Strike,SWEATY PREM GAMES BABY,['English'],['MatureGame'],False
18,2025-04-15 08:02,MrZacCas,en,Call of Duty: Warzone,(!DROPS)💎#1 AUS WARZONE PLAYER IN MY STREET💎!!! Getting my first win lol,"['English', 'Speedrun', 'gaming', 'IRL', 'Speedrunner', 'Australia', 'American', 'drops', 'DropsEnabled']",['MatureGame'],False
18,2025-04-15 08:02,Mario,en,Grand Theft Auto V,Hydrate RP l CREW EVENT!? l 2383/2400 l ROAD TO 3000 SUBS!,"['English', 'ANZSubFest']",['MatureGame'],False
18,2025-04-15 08:02,RichoPOV,en,Call of Duty: Warzone,WILL IT EVER HAPPEN...? | !deathtouch,"['English', 'Australian', 'BackseatGamingAllowed', 'challenge', 'Winchallange', 'warzone', 'codwarzone', 'Aussie', 'AMA', 'DropsEnabled']",['MatureGame'],False
18,2025-04-15 08:02,POPENZL,en,Grand Theft Auto V,DayBreak RP | BALLAS ARE SST? SST ARE BALLAS?? WTF IS GOING ON?!?! ROAD TO 500!,"['Maori', 'NewZealand', 'skuxx', 'RP', 'gtarp', 'daybreak', 'tomatosauce', 'nrl', 'English']",['MatureGame'],False
18,2025-04-15 08:02,Jordyx3,en,Counter-Strike,"8 streams to go - Reset streaming PC, hopefully no issues","['Hilarious', 'Handsome', 'Huge', 'Honker', 'Humble', 'NZ', 'AU', 'NewZealand', 'Australia', 'Twerkin']",['MatureGame'],False
19,2025-04-15 08:16,botjayttv,en,ROBLOX,✬ PS99 | BGSI ✬ No Cap Week i guess... ✪ Offical Partner ✪,"['English', 'Deutsch', 'botjaytv', 'RudeStreamer', 'petsimulator99', 'honestman']",[],False
19,2025-04-15 08:16,Oatley,en,Fortnite,"RELOAD FORTNITE UPDATE | Code ""Oatley"" #ad | !socials !youtube !fncs","['FamilyFriendly', 'Fortnite', 'BattleRoyale', 'Multiplayer', 'Action', 'Competitive', 'Professional', 'Positivity', 'PC', 'English']",[],False
19,2025-04-15 08:16,colon3yipeehappi,en,Minecraft,something something,"['English', 'feinberg']",[],False
19,2025-04-15 08:16,sinatraa,en,Marvel Rivals,[DROPS] THANOS RANKED,"['English', 'DropsEnabled']",[],False
19,2025-04-15 08:16,danielharrison,en,Counter-Strike,SWEATY PREM GAMES BABY,['English'],['MatureGame'],False
19,2025-04-15 08:16,Nautilifts,en,Marvel Rivals,[!DROPS] ☢️RANK #1 BRUCE BANNER☢️ || S2 RANKED w/ @basimzb // long stream ➔ !tiktok !discord,"['English', 'chill', 'aura', 'Marvel', 'marvelrivals', 'BruceBanner', 'DropsEnabled']",[],False
19,2025-04-15 08:16,mehdi_varzeshi,en,EA Sports FC 25,!donate !tactic یه خاکیه دور هم میخوریم دیگه این حرفارو نداره,"['persian', 'English', 'farsi', 'Rerun']",[],True
19,2025-04-15 08:16,AmirEyZed,other,Tom Clancy's Rainbow Six Siege,Mozathon | Day 26| R6,"['maturecontent', 'amireyzed', 'eyzed', 'midnight', 'justchet', 'theone']",['MatureGame'],False
19,2025-04-15 08:16,SgtMalware,other,Dota 2,[EN/FA] TRY TO GET MY MMR TO START WITH A 7,"['dota', 'farsi', 'persian', 'dota2', 'Iran', 'iranian', 'gameplay', 'persianstreamer']",[],False
20,2025-04-15 08:29,botjayttv,en,ROBLOX,✬ PS99 | BGSI ✬ No Cap Week i guess... ✪ Offical Partner ✪,"['English', 'Deutsch', 'botjaytv', 'RudeStreamer', 'petsimulator99', 'honestman']",[],False
20,2025-04-15 08:29,Oatley,en,Fortnite,"(NEW !DROPS ON) RELOAD FORTNITE UPDATE | Code ""Oatley"" #ad | !socials !youtube !fncs","['FamilyFriendly', 'Fortnite', 'BattleRoyale', 'Multiplayer', 'Competitive', 'Professional', 'Positivity', 'PC', 'English', 'DropsEnabled']",[],False
20,2025-04-15 08:29,colon3yipeehappi,en,Minecraft,something something,"['English', 'feinberg']",[],False
20,2025-04-15 08:29,danielharrison,en,Counter-Strike,SWEATY PREM GAMES BABY,['English'],['MatureGame'],False
20,2025-04-15 08:29,sinatraa,en,Marvel Rivals,[DROPS] THANOS RANKED,"['English', 'DropsEnabled']",[],False
20,2025-04-15 08:29,Mario,en,Grand Theft Auto V,Hydrate RP l CREW EVENT!? l 2383/2400 l ROAD TO 3000 SUBS!,"['English', 'ANZSubFest']",['MatureGame'],False
20,2025-04-15 08:29,quizky,en,Minecraft,"IT'S MY SECOND AFFILIATE ANNIVERSARY LET'S CELEBRATE OR SOMETHING | streamer is sleeping, back soon! | !discord","['Lesbian', 'Transgender', 'LGBTQ', 'Pride', 'English', 'PNGtuberEN']",[],False
20,2025-04-15 08:29,TamVivere,en,Marbles on Stream,PLAYING MINECRAFT WITH MY HINGE MATCH | !razer !bisect !vibes !discord,"['Australian', 'mcyt', 'English', 'SheHer']",[],False
20,2025-04-15 08:29,AwesomeSanz,en,I'm Only Sleeping,The Uncapped Sanzathon | Day 1 | !Sanzathon,"['Comedy', 'English']",[],False
21,2025-04-15 08:41,botjayttv,en,ROBLOX,✬ PS99 | BGSI ✬ No Cap Week i guess... ✪ Offical Partner ✪,"['English', 'Deutsch', 'botjaytv', 'RudeStreamer', 'petsimulator99', 'honestman']",[],False
21,2025-04-15 08:41,Oatley,en,Fortnite,"(NEW !DROPS ON) RELOAD FORTNITE UPDATE | Code ""Oatley"" #ad | !socials !youtube !fncs","['FamilyFriendly', 'Fortnite', 'BattleRoyale', 'Multiplayer', 'Competitive', 'Professional', 'Positivity', 'PC', 'English', 'DropsEnabled']",[],False
21,2025-04-15 08:41,colon3yipeehappi,en,Minecraft,something something,"['English', 'feinberg']",[],False
21,2025-04-15 08:41,danielharrison,en,Counter-Strike,SWEATY PREM GAMES BABY,['English'],['MatureGame'],False
21,2025-04-15 08:41,sinatraa,en,Marvel Rivals,[DROPS] THANOS RANKED,"['English', 'DropsEnabled']",[],False
21,2025-04-15 08:42,Mario,en,Grand Theft Auto V,Hydrate RP l CREW EVENT!? l 2383/2400 l ROAD TO 3000 SUBS!,"['English', 'ANZSubFest']",['MatureGame'],False
21,2025-04-15 08:42,Spar,en,Schedule I,🌭sauerkraut munchies🌭| !zach !giveaway !madrinas,"['PVP', 'PVE', 'English', 'coolin', 'SeaOfThievesPartner', 'TacoBellEnthusiast']",['MatureGame'],False
21,2025-04-15 08:42,Beardageddon247,en,Sea of Thieves,Rerun - No Drops | 24/7 Beardageddon Watch Party | Merry Christmas,"['English', 'Rerun', 'NoDrops', 'hangout', 'NotLive', 'catchup', 'lotsofads']",[],False
21,2025-04-15 08:42,QueenofShebasCat,en,Sea of Thieves,Silly Goose Activities: Mischievous Pirating on Boats!!! | TTS 60 !crew !lurk !goose,"['JustaSillyGoose', 'Jazz', 'SoundAlertsEnabled', 'StuffAndThings', 'Chill', 'English', 'QUACK']",[],False
22,2025-04-15 08:58,botjayttv,en,ROBLOX,✬ PS99 | BGSI ✬ No Cap Week i guess... ✪ Offical Partner ✪,"['English', 'Deutsch', 'botjaytv', 'RudeStreamer', 'petsimulator99', 'honestman']",[],False
22,2025-04-15 08:58,sinatraa,en,Marvel Rivals,[DROPS] THANOS RANKED,"['English', 'DropsEnabled']",[],False
22,2025-04-15 08:58,jota_ttv,en,Marvel Rivals,🔞 🐿️Nova Temporada e tudo mais🐿️ | ♿CLÃ CPLX ♿ | 🔥RANK 🔥 | ❗SUBS❗PIX,"['STREMER', 'playStation', 'Humor', 'FpS', 'Terror', 'Português', 'English', 'DropsEnabled']",[],True
22,2025-04-15 08:58,PewDiePie,en,Always On,∞ Binge @PewDiePie vids 24/7 with chat ∞ !video,"['Minecraft', 'YouTube', 'AlwaysOn', 'English', 'Rerun']",[],True
22,2025-04-15 08:58,MrZacCas,en,Red Dead Redemption 2,BEATING RED DEAD 2 FOR THE FIRST TIME,"['English', 'Speedrun', 'gaming', 'IRL', 'Speedrunner', 'Australia', 'American', 'drops']",['MatureGame'],False
22,2025-04-15 08:58,Oatley,en,Fortnite,"(NEW !DROPS ON) RELOAD FORTNITE UPDATE | Code ""Oatley"" #ad | !socials !youtube !fncs","['FamilyFriendly', 'Fortnite', 'BattleRoyale', 'Multiplayer', 'Competitive', 'Professional', 'Positivity', 'PC', 'English', 'DropsEnabled']",[],False
22,2025-04-15 08:58,vulture_ow,en,Overwatch 2,[!DROPS] LONG STREAM!!! - i didnt know i had to sign up for stadium... !discord !newvid,"['English', 'Competitive', 'fps', 'junkrat', 'SewerRat', 'overwatch', 'hashtagawesome', 'DropsEnabled']",[],False
22,2025-04-15 08:58,mL7support,en,Overwatch 2,🔴!DROPS ON 🔴 !STADIUM PLAYTEST GAMEPLAY 🔴 !VIDEO !SOCIALS 🔴,"['English', 'gaming', 'Overｗatch2', 'SupportMain', 'DropsEnabled']",[],False
22,2025-04-15 08:58,Phyerx,en,Marvel Rivals,.✧〚!DROPS ENABLED〛 Eternity Sue Storm / Psylocke -> New Season GRIND // Alt account atm【!Sub !Socials !Kofi】⨯✧,"['English', 'Girl', 'Ranked', 'Eternity', 'DropsEnabled', 'SueStorm', 'Psylocke']",[],False
23,2025-04-15 12:01,thefreddymc,en,Minecraft,I AM BACK 👽 #1 WORST STREAMER RETURNS 👽 YAPITER WILL BE SAVED 👽 BEATING MINECRAFT IN UNDER 35:00,['English'],[],False
23,2025-04-15 12:02,joshseki,en,VALORANT,immortal grind morning ranked | !newvid !vlogs,"['English', 'ClosedCaptions', 'Korean', 'Radiant', 'Kpop', 'Anime']",[],False
23,2025-04-15 12:02,BigBadSnowdon,en,Fortnite,DROPS ON!🔥Fortnite Customs🔥Drops Enabled Here!,"['English', 'adhd', 'fortnite', 'chill', 'drops', 'dropsenabled', 'DropsEnabled']",[],False
23,2025-04-15 12:02,MrZacCas,en,Just Chatting,🦇 GAME OF THE YEAR 🦇 BATMAN : ARKHAM ASYLUM,"['English', 'Speedrun', 'gaming', 'IRL', 'Speedrunner', 'Australia', 'American', 'drops']",[],False
23,2025-04-15 12:02,not_m1nh,en,ROBLOX,DAY 8 NOOB TO PRO ANIME LAST (NOT BOOSTED AT ALL),"['English', 'asain']",[],False
23,2025-04-15 12:02,NickEh30,en,Fortnite,NEW DROPS ENABLED - NEW FORTNITE UPDATE | Code NickEh30 #EpicPartner,"['Canadian', 'Positivity', 'BattleRoyale', 'PC', 'FamilyFriendly', 'Multiplayer', 'PVP', 'PlayingWithViewers', 'English', 'Drops']",[],False
23,2025-04-15 12:02,ErycTriceps,en,Counter-Strike,"31,000 rating gameplay // !free !leaderboard","['English', 'CS2', 'Premier', 'ViewerRewards', 'ChannelPoints']",['MatureGame'],False
23,2025-04-15 12:02,naoww,es,Counter-Strike,Dia 2 de TRYOUTS !discord !roster !botijers,"['shooter', 'pvp', 'cs2', 'faceit', 'csgo', 'Español', 'cs2premier', 'premier', 'competitívo']",['MatureGame'],False
23,2025-04-15 12:02,GgSanTomE,es,Schedule I,"Doble turno con; ana ana ena ena ina ina, pos eso.","['Español', 'Variety', 'English']",['MatureGame'],False
24,2025-04-15 12:14,thefreddymc,en,Minecraft,I AM BACK 👽 #1 WORST STREAMER RETURNS 👽 YAPITER WILL BE SAVED 👽 BEATING MINECRAFT IN UNDER 35:00,['English'],[],False
24,2025-04-15 12:15,joshseki,en,VALORANT,immortal grind morning ranked | !newvid !vlogs,"['English', 'ClosedCaptions', 'Korean', 'Radiant', 'Kpop', 'Anime']",[],False
24,2025-04-15 12:15,BigBadSnowdon,en,Fortnite,DROPS ON!🔥Fortnite Customs🔥Drops Enabled Here!,"['English', 'adhd', 'fortnite', 'chill', 'drops', 'dropsenabled', 'DropsEnabled']",[],False
24,2025-04-15 12:15,MrZacCas,en,Just Chatting,🦇 GAME OF THE YEAR 🦇 BATMAN : ARKHAM ASYLUM,"['English', 'Speedrun', 'gaming', 'IRL', 'Speedrunner', 'Australia', 'American', 'drops']",[],False
24,2025-04-15 12:15,not_m1nh,en,ROBLOX,DAY 8 NOOB TO PRO ANIME LAST (NOT BOOSTED AT ALL),"['English', 'asain']",[],False
24,2025-04-15 12:15,NickEh30,en,Fortnite,NEW DROPS ENABLED - NEW FORTNITE UPDATE | Code NickEh30 #EpicPartner,"['Canadian', 'Positivity', 'BattleRoyale', 'PC', 'FamilyFriendly', 'Multiplayer', 'PVP', 'PlayingWithViewers', 'English', 'Drops']",[],False
24,2025-04-15 12:15,HIKAKIN,ja,Supermarket Simulator,元スーパー店員のスーパー経営Day4-妙高マート(ブラック),"['日本語', '雑談', 'ヒカキン', 'スーパーマーケットシミュレーター', 'supermarketsimulator']",[],False
24,2025-04-15 12:15,よちよちおつぶ,ja,Fortnite,今日も軽く飲みながら軽く配信,"['日本語', 'Drops有効']",[],True
24,2025-04-15 12:15,neonis_v2,ru,Fortnite,КАСТОМКИ + ПУШ АНРИЛА ЗА ОДИН СТРИМ? ПИШИ !КЛАН,"['стрим', 'Русский', 'Фортнайт', 'Fortnite', 'Кастомки', 'Турнир', 'кастомкифортнайт', 'Гринд', 'Киберспорт', 'Esports']",[],False
25,2025-04-15 12:30,thefreddymc,en,Minecraft,I AM BACK 👽 #1 WORST STREAMER RETURNS 👽 YAPITER WILL BE SAVED 👽 BEATING MINECRAFT IN UNDER 35:00,['English'],[],False
25,2025-04-15 12:30,joshseki,en,VALORANT,immortal grind morning ranked | !newvid !vlogs,"['English', 'ClosedCaptions', 'Korean', 'Radiant', 'Kpop', 'Anime']",[],False
25,2025-04-15 12:30,BigBadSnowdon,en,Fortnite,DROPS ON!🔥Fortnite Customs🔥Drops Enabled Here!,"['English', 'adhd', 'fortnite', 'chill', 'drops', 'dropsenabled', 'DropsEnabled']",[],False
25,2025-04-15 12:30,NickEh30,en,Fortnite,NEW DROPS ENABLED - NEW FORTNITE UPDATE | Code NickEh30 #EpicPartner,"['Canadian', 'Positivity', 'BattleRoyale', 'PC', 'FamilyFriendly', 'Multiplayer', 'PVP', 'PlayingWithViewers', 'English', 'Drops']",[],False
25,2025-04-15 12:30,not_m1nh,en,ROBLOX,DAY 8 NOOB TO PRO ANIME LAST (NOT BOOSTED AT ALL),"['English', 'asain']",[],False
25,2025-04-15 12:31,kraandop,en,Overwatch 2,[!DROPS] WE GO HARD. TOMORROW 24 HOUR STREAM !GG !VIDEO,"['Nederlands', 'English', 'DropsEnabled']",[],False
25,2025-04-15 12:31,dakotaz,en,Fortnite,drops are back! (watch 1 hour) 🍅,"['fortnite', 'handsome', 'pessimist', 'loner', 'lonewolf', 'english', 'sarcastic', 'English', 'DropsEnabled']",[],False
25,2025-04-15 12:31,BeardedBlevins,en,Fortnite,DROPS ON! UPDATE DAY!!  ! !UNDERDOG !PLAY,"['English', 'Football', 'Dad', 'Bourbon', 'sports', 'FamilyFriendly', 'Cigar', 'DropsEnabled']",[],False
25,2025-04-15 12:31,Nadeshot,en,Call of Duty: Warzone,[DROPS ON] 🔴 VERDANSK 🔴 #1 30+ CONTROLLER PLAYER 🔴 100T NADESHOT,"['English', '100Thieves', 'Nadeshot', 'Warzone', 'CallofDuty', 'DropsEnabled']",['MatureGame'],False
26,2025-04-15 16:02,SypherPK,en,Fortnite,(!DROPS ENABLED) NEW FORTNITE DROPS - Watch for 60 minutes to claim both! | !progress !connect !oneofus,"['PvP', 'Multiplayer', 'English', 'battleroyale', 'Fortnite', 'DropsEnabled']",[],False
26,2025-04-15 16:02,thefreddymc,en,Minecraft,I AM BACK 👽 #1 WORST STREAMER RETURNS 👽 YAPITER WILL BE SAVED 👽 BEATING MINECRAFT IN UNDER 35:00,['English'],[],False
26,2025-04-15 16:02,frankchess_,en,Chess,Grinding For Chess Grandmaster,['English'],[],False
26,2025-04-15 16:02,joshseki,en,VALORANT,immortal grind morning ranked | !newvid !vlogs,"['English', 'ClosedCaptions', 'Korean', 'Radiant', 'Kpop', 'Anime']",[],False
26,2025-04-15 16:02,jirotf16,en,EA Sports FC 25,⛓️FC25 ASTON VILLA CAREER MODE!⛓️I'M NOT GUILTY!⛓️!COMMUNITY⛓️!CLIPS⛓️!PRIME⛓️FC25!⛓️VARIETY⛓️,"['fc25', 'eafc25', 'careermode', 'English']",[],False
26,2025-04-15 16:02,ApexDabi,en,Marvel Rivals,🚨NEW [!DROPS]🚨SEASON 2 RANKED GRIND🚨VANGUARD MAIN🚨 TRAINING ARC🚨DESTROYER OF HAY BALES @ApexDabi,"['DropsEnabled', 'Morocco', 'English', 'PVP', 'ADHD', 'marvel', 'marvelrivals', 'TOP500', 'DROPS']",[],False
26,2025-04-15 16:02,alvicates,en,Overwatch 2,DROPS // DARK MATTER GRAFTING IN 6V6 BALLVICATES CHRONICLES,"['English', 'Lithuanian', 'Handicapped', 'kpop', 'losersQ', 'Mercy', 'whiteboymagic', 'DropsEnabled']",[],False
26,2025-04-15 16:02,Apply,en,Overwatch 2,❤️(DROPS ENABLED)❤️STADIUM PLAYTEST❤️THE RETURN❤️STILL SWOLLEN❤️-4 WISDOM TEETH❤️ type glorp if you read this❤️,"['English', 'handsome', 'DropsEnabled']",[],False
26,2025-04-15 16:02,Emongg,en,Overwatch 2,[!DROPS ENABLED] OVERWATCH 2 GAMING - PLAYING SOME STADIUM LATER,"['English', 'DropsEnabled']",[],False
0,2025-04-15 18:42,SypherPK,en,Fortnite,(!DROPS ENABLED) NEW FORTNITE DROPS [RERUN]- Watch for 60 minutes to claim both! | !progress !connect !oneofus,"['PvP', 'Multiplayer', 'English', 'battleroyale', 'Fortnite', 'DropsEnabled']",[],False
0,2025-04-15 18:42,vadriss,en,Grand Theft Auto V,Day 15 of UNCAPPED Birthday SUBATHON | !merch !subathon !goals,"['English', 'Gay', 'femboy', 'LGBTQ', 'twitchprideguild']",['MatureGame'],False
0,2025-04-15 18:43,bundun,en,ROBLOX,GETTING CARRIED IN DEAD RAILS BY A ROBLOX KID (Ft. Tim),"['Austrailan', 'youtube', 'bundun', 'shorts', 'English']",[],False
0,2025-04-15 18:43,NickEh30,en,Fortnite,NEW DROPS ENABLED - Back at 8pm ET for Duo Reveal (Rerun) | Code NickEh30 #EpicPartner,"['Canadian', 'Positivity', 'BattleRoyale', 'PC', 'FamilyFriendly', 'Multiplayer', 'PVP', 'PlayingWithViewers', 'English', 'Drops']",[],False
0,2025-04-15 18:43,Aspen,en,Overwatch 2,[!DROPS] ITS STADIUM TIME! LEARNING THE BEST JUNO BUILD !pobox,"['English', 'DropsEnabled']",[],False
0,2025-04-15 18:43,FroggerOW,en,Overwatch 2,[DROPS ON!] STADIUM TIME... MAKING THE BEST LUCIO BUILD,"['Australian', 'English', 'DropsEnabled']",[],False
0,2025-04-15 18:43,FranzJ,en,Counter-Strike,"they said ""get on the game"" type stuff","['nuke', 'English', 'scionXB', 'cars', 'Green']",['MatureGame'],False
0,2025-04-15 18:43,duwap,en,Counter-Strike,killing green slimes | !skinswap !discord !acezone !youtube,"['CS2', 'silly', 'love', 'pro', 'Thug', 'English']",['MatureGame'],False
0,2025-04-15 18:43,aquaismissing,en,Counter-Strike,👽 1 WIN AWAY FROM GREY MEDAL 👽 ~ 󠀀!skinvault !coneflip,"['English', 'glorp', 'vtuber']",['MatureGame'],False
1,2025-04-15 19:04,SypherPK,en,Fortnite,(!DROPS ENABLED) NEW FORTNITE DROPS [RERUN]- Watch for 60 minutes to claim both! | !progress !connect !oneofus,"['PvP', 'Multiplayer', 'English', 'battleroyale', 'Fortnite', 'DropsEnabled']",[],False
1,2025-04-15 19:04,vadriss,en,Grand Theft Auto V,Day 15 of UNCAPPED Birthday SUBATHON | !merch !subathon !goals,"['English', 'Gay', 'femboy', 'LGBTQ', 'twitchprideguild']",['MatureGame'],False
1,2025-04-15 19:04,bundun,en,ROBLOX,GETTING CARRIED IN DEAD RAILS BY A ROBLOX KID (Ft. Tim),"['Austrailan', 'youtube', 'bundun', 'shorts', 'English']",[],False
1,2025-04-15 19:04,NickEh30,en,Fortnite,NEW DROPS ENABLED - Back at 8pm ET for Duo Reveal (Rerun) | Code NickEh30 #EpicPartner,"['Canadian', 'Positivity', 'BattleRoyale', 'PC', 'FamilyFriendly', 'Multiplayer', 'PVP', 'PlayingWithViewers', 'English', 'Drops']",[],False
1,2025-04-15 19:04,Linkzzey,en,Minecraft,"🔴Hardcore 46,200+Days|4+Years|11,400+Hours !worldtour","['LetsPlay', 'English', 'Hardcore', 'RPG', 'Permadeath', 'SurvivaI', 'chill', 'hardcoreminecraft', 'FamilyFrendly']",[],False
1,2025-04-15 19:04,Aspen,en,Overwatch 2,[!DROPS] ITS STADIUM TIME! LEARNING THE BEST JUNO BUILD !pobox,"['English', 'DropsEnabled']",[],False
1,2025-04-15 19:04,EmrysKay,en,The Sims 4,"!legacy challenge | against all odds, getting an okay ending | !yt !eacreator","['Transgender', 'Nonbinary', 'LGBTQIA2Plus', 'LilGuy', 'SamWinchesterHateAccount', 'WellEndowed', 'English', 'JeanMoreauProtectionSquad', 'ReMarriedToMomoMisfortune', 'wciffriendly']",[],False
1,2025-04-15 19:04,officialbreezyvibes,en,The Sims 4,The Sims 4 | Can we get Capri to a 5 star restaurant before moving on to gen 3??,"['Thesims4', 'Sims4', 'Sim4gameplay', 'Sims4challenge', 'Sims4joyoflifechallenge', 'English']",[],False
1,2025-04-15 19:05,HeftyHanna,en,Just Chatting,Beating Split Fiction! Last day of Cherry Blossom !merch 🌸,"['English', 'NotMyBirthday', 'splitfiction']",[],False
2,2025-04-15 19:21,SypherPK,en,Fortnite,(!DROPS ENABLED) NEW FORTNITE DROPS [RERUN]- Watch for 60 minutes to claim both! | !progress !connect !oneofus,"['PvP', 'Multiplayer', 'English', 'battleroyale', 'Fortnite', 'DropsEnabled']",[],False
2,2025-04-15 19:21,vadriss,en,Grand Theft Auto V,Day 15 of UNCAPPED Birthday SUBATHON | !merch !subathon !goals,"['English', 'Gay', 'femboy', 'LGBTQ', 'twitchprideguild']",['MatureGame'],False
2,2025-04-15 19:21,bundun,en,ROBLOX,GETTING CARRIED IN DEAD RAILS BY A ROBLOX KID (Ft. Tim),"['Austrailan', 'youtube', 'bundun', 'shorts', 'English']",[],False
2,2025-04-15 19:21,NickEh30,en,Fortnite,NEW DROPS ENABLED - Back at 8pm ET for Duo Reveal (Rerun) | Code NickEh30 #EpicPartner,"['Canadian', 'Positivity', 'BattleRoyale', 'PC', 'FamilyFriendly', 'Multiplayer', 'PVP', 'PlayingWithViewers', 'English', 'Drops']",[],False
2,2025-04-15 19:21,Linkzzey,en,Minecraft,"🔴Hardcore 46,200+Days|4+Years|11,400+Hours !worldtour","['LetsPlay', 'English', 'Hardcore', 'RPG', 'Permadeath', 'SurvivaI', 'chill', 'hardcoreminecraft', 'FamilyFrendly']",[],False
2,2025-04-15 19:21,Aspen,en,Overwatch 2,[!DROPS] ITS STADIUM TIME! LEARNING THE BEST JUNO BUILD !pobox,"['English', 'DropsEnabled']",[],False
2,2025-04-15 19:21,HappyHappyGal,en,Fortnite,CAN'T END STREAM UNTIL 200 CROWNS! 👑 DROPS ENABLED!,"['English', 'Christian', 'Women', 'Woman', 'Girl', 'Female', 'PlayingWithViewers', 'FamilyFriendly', 'Fortnite', 'ZeroBuild']",[],False
2,2025-04-15 19:21,NickEh30_VODs,en,Fortnite,DROPS ENABLED - NickEh30 Fortnite Stream 24/7,"['Canadian', 'Positivity', 'BattleRoyale', 'PC', 'FamilyFriendly', 'Multiplayer', 'PVP', 'PlayingWithViewers', 'NickEh30', 'Drops']",[],False
2,2025-04-15 19:22,Zemie,en,Fortnite,"🔴 DROPS ON 🔴 NEW RELOAD MAP! | Pro-Am Announcement @ 8pm EST | Use Code ""Zemie"" #EpicPartner","['ZeroBuild', 'Fortnite', 'Predictions', 'Competitive', 'English', 'DropsEnabled']",[],False
3,2025-04-15 19:39,SypherPK,en,Fortnite,(!DROPS ENABLED) NEW FORTNITE DROPS [RERUN]- Watch for 60 minutes to claim both! | !progress !connect !oneofus,"['PvP', 'Multiplayer', 'English', 'battleroyale', 'Fortnite', 'DropsEnabled']",[],False
3,2025-04-15 19:39,vadriss,en,Grand Theft Auto V,Day 15 of UNCAPPED Birthday SUBATHON | !merch !subathon !goals,"['English', 'Gay', 'femboy', 'LGBTQ', 'twitchprideguild']",['MatureGame'],False
3,2025-04-15 19:39,bundun,en,ROBLOX,GETTING CARRIED IN DEAD RAILS BY A ROBLOX KID (Ft. Tim),"['Austrailan', 'youtube', 'bundun', 'shorts', 'English']",[],False
3,2025-04-15 19:39,NickEh30,en,Fortnite,NEW DROPS ENABLED - Back at 8pm ET for Duo Reveal (Rerun) | Code NickEh30 #EpicPartner,"['Canadian', 'Positivity', 'BattleRoyale', 'PC', 'FamilyFriendly', 'Multiplayer', 'PVP', 'PlayingWithViewers', 'English', 'Drops']",[],False
3,2025-04-15 19:39,Linkzzey,en,Minecraft,"🔴Hardcore 46,200+Days|4+Years|11,400+Hours !worldtour","['LetsPlay', 'English', 'Hardcore', 'RPG', 'Permadeath', 'SurvivaI', 'chill', 'hardcoreminecraft', 'FamilyFrendly']",[],False
3,2025-04-15 19:39,FroggerOW,en,Overwatch 2,[DROPS ON!] STADIUM TIME... MAKING THE BEST LUCIO BUILD,"['Australian', 'English', 'DropsEnabled']",[],False
3,2025-04-15 19:40,envysemaj,en,Just Chatting,UNBANNING Today,['English'],[],False
3,2025-04-15 19:40,LuvDro,en,ROBLOX,🔴 TWOSDAY BOYZ 🔴 WE BACK 🔴 ONE PIECE BETTER 🔴 PLAYING WITH VIEWERS 🔴 GET IN HERE 🔴 BECOME A DRO 🔴,"['English', 'PlayingwithViewers', 'Anime', 'Multiplayer', 'Interactive', 'VarietyStreamer', 'gaming', 'chill', 'roblox', 'blackcreator']",[],False
3,2025-04-15 19:40,mijaeluwu,es,ROBLOX,👉TOCAME🗣🔥🔥🔥👈YouTube !Roblox :3,"['vtuber', 'juegocondinero', 'insano', 'waza', 'calidad', 'AmAPreguntameloquequieras', 'Español', 'mijaeluwu', 'hot']",[],False
4,2025-04-15 20:02,SypherPK,en,Fortnite,(!DROPS ENABLED) NEW FORTNITE DROPS [RERUN]- Watch for 60 minutes to claim both! | !progress !connect !oneofus,"['PvP', 'Multiplayer', 'English', 'battleroyale', 'Fortnite', 'DropsEnabled']",[],False
4,2025-04-15 20:02,vadriss,en,Grand Theft Auto V,Day 15 of UNCAPPED Birthday SUBATHON | !merch !subathon !goals,"['English', 'Gay', 'femboy', 'LGBTQ', 'twitchprideguild']",['MatureGame'],False
4,2025-04-15 20:02,bundun,en,ROBLOX,GETTING CARRIED IN DEAD RAILS BY A ROBLOX KID (Ft. Tim),"['Austrailan', 'youtube', 'bundun', 'shorts', 'English']",[],False
4,2025-04-15 20:03,NickEh30,en,Fortnite,NEW DROPS ENABLED - Back at 8pm ET for Duo Reveal (Rerun) | Code NickEh30 #EpicPartner,"['Canadian', 'Positivity', 'BattleRoyale', 'PC', 'FamilyFriendly', 'Multiplayer', 'PVP', 'PlayingWithViewers', 'English', 'Drops']",[],False
4,2025-04-15 20:03,AussieAntics,en,Fortnite,🔴 NEW DROPS 🔴 TRIO CASH CUP + PRO AM ANNOUNCEMENT 👀,"['English', 'DropsEnabled']",[],False
4,2025-04-15 20:03,Linkzzey,en,Minecraft,"🔴Hardcore 46,200+Days|4+Years|11,400+Hours !worldtour","['LetsPlay', 'English', 'Hardcore', 'RPG', 'Permadeath', 'SurvivaI', 'chill', 'hardcoreminecraft', 'FamilyFrendly']",[],False
4,2025-04-15 20:03,Shotz,en,Grand Theft Auto V,🐉The Foundry Vinny Pistone 🐉 ProdigyRP 2.5 🐉 !merch !Starforge !Coffee !TTS !Socials 🐉 @shotz @starforgesystem,"['English', 'Shooter', 'Boomer', 'shotz', 'Malding', 'Roleplay', 'STARFORGE']",['MatureGame'],False
4,2025-04-15 20:03,Client,en,Grand Theft Auto V,Peanut | ProdigyRP | !Socials,"['GTA', 'Roleplay', 'English', 'RP', 'Mature']",['MatureGame'],False
4,2025-04-15 20:03,Whippy,en,Grand Theft Auto V,Cpl Croc Cop Prodigy RP,"['english', 'roleplay', 'English']",['MatureGame'],False
5,2025-04-15 20:21,SypherPK,en,Fortnite,(!DROPS ENABLED) NEW FORTNITE DROPS [RERUN]- Watch for 60 minutes to claim both! | !progress !connect !oneofus,"['PvP', 'Multiplayer', 'English', 'battleroyale', 'Fortnite', 'DropsEnabled']",[],False
5,2025-04-15 20:21,vadriss,en,Grand Theft Auto V,Day 15 of UNCAPPED Birthday SUBATHON | !merch !subathon !goals,"['English', 'Gay', 'femboy', 'LGBTQ', 'twitchprideguild']",['MatureGame'],False
5,2025-04-15 20:21,AviAkbar,en,VALORANT,CRASH OUT COUNTER: 17 | Avi Akbar | !discord !socials !rank,"['TikToker', 'TikTok', 'YouTuber', 'English', 'Heartratemonitor', 'scarygames', 'FirstPlaythrough', 'influencer']",[],False
5,2025-04-15 20:21,NickEh30,en,Fortnite,NEW DROPS ENABLED - Back at 8pm ET for Duo Reveal (Rerun) | Code NickEh30 #EpicPartner,"['Canadian', 'Positivity', 'BattleRoyale', 'PC', 'FamilyFriendly', 'Multiplayer', 'PVP', 'PlayingWithViewers', 'English', 'Drops']",[],False
5,2025-04-15 20:21,AussieAntics,en,Fortnite,🔴 NEW DROPS 🔴 TRIO CASH CUP + PRO AM ANNOUNCEMENT 8PM EST👀,"['English', 'DropsEnabled']",[],False
5,2025-04-15 20:22,Linkzzey,en,Minecraft,"🔴Hardcore 46,300+Days|4+Years|11,400+Hours !worldtour","['LetsPlay', 'English', 'Hardcore', 'RPG', 'Permadeath', 'SurvivaI', 'chill', 'hardcoreminecraft', 'FamilyFrendly']",[],False
5,2025-04-15 20:22,clip5k,en,VALORANT,"phone yeeted tik tok deleted weiner beated. swiftplay rage baiting, sigma immortal carries silver girl, then schedule 1 gambling!!!!  24/30","['valorant', 'radiant', 'Fortnite', 'roblox', 'eafc25', 'clip5k', 'PlayingwithViewers', 'Creative', 'AskMeAnything', 'lol']",[],False
5,2025-04-15 20:22,cutespiders_,en,VALORANT,🕷️YAPPING🕷️SHORT STREAM PERCHANCE🕷️GET IN RIGHT NOW🕷️nowoy🕷️,"['English', 'valorant', 'cutespiders', 'dominant', 'eboy', 'swiftplay']",[],False
5,2025-04-15 20:22,smokeydbear,en,VALORANT,IM HARD| I WILL BE HITTING IMMORTAL |BIG SB SHI🚨🚨🚨🚨THE DEMON IS HERE🚨🚨🚨!clip !discord !donate !dsize,['English'],[],False
6,2025-04-15 20:37,SypherPK,en,Fortnite,(!DROPS ENABLED) NEW FORTNITE DROPS [RERUN]- Watch for 60 minutes to claim both! | !progress !connect !oneofus,"['PvP', 'Multiplayer', 'English', 'battleroyale', 'Fortnite', 'DropsEnabled']",[],False
6,2025-04-15 20:37,vadriss,en,Grand Theft Auto V,Day 15 of UNCAPPED Birthday SUBATHON | !merch !subathon !goals,"['English', 'Gay', 'femboy', 'LGBTQ', 'twitchprideguild']",['MatureGame'],False
6,2025-04-15 20:37,AviAkbar,en,VALORANT,CRASH OUT COUNTER: 17 | Avi Akbar | !discord !socials !rank,"['TikToker', 'TikTok', 'YouTuber', 'English', 'Heartratemonitor', 'scarygames', 'FirstPlaythrough', 'influencer']",[],False
6,2025-04-15 20:37,AussieAntics,en,Fortnite,🔴 NEW DROPS 🔴 TRIO CASH CUP + PRO AM ANNOUNCEMENT 8PM EST👀,"['English', 'DropsEnabled']",[],False
6,2025-04-15 20:37,NickEh30,en,Fortnite,NEW DROPS ENABLED - Back at 8pm ET for Duo Reveal (Rerun) | Code NickEh30 #EpicPartner,"['Canadian', 'Positivity', 'BattleRoyale', 'PC', 'FamilyFriendly', 'Multiplayer', 'PVP', 'PlayingWithViewers', 'English', 'Drops']",[],False
6,2025-04-15 20:38,Linkzzey,en,Minecraft,"🔴Hardcore 46,300+Days|4+Years|11,400+Hours !worldtour","['LetsPlay', 'English', 'Hardcore', 'RPG', 'Permadeath', 'SurvivaI', 'chill', 'hardcoreminecraft', 'FamilyFrendly']",[],False
6,2025-04-15 20:38,ocontagia,pt,League of Legends,PALHAÇO CONTAGIA e a live que nunca atrasou,"['tft', 'lol', 'Português', 'Brino', 'YoDa', 'leagueoflegends', 'comedia', 'palhaço']",[],False
6,2025-04-15 20:38,Lukitaagamer,pt,Fortnite,✅NOVOS DROPS✅🔥NOVO MAPA DO RELOAD 🔥 | USE O COD: Lukitabola1 ♥❗PRIME |❗LOJA |❗PIX | ❗SUB |,"['ação', 'Português', 'sorteio', 'residentevil4', 'fortinitebattleroyale', 'fortnite', 'fortnitereload', 'FortniteRanked', 'fortnitesabrina', 'DropsAtivados']",[],False
6,2025-04-15 20:38,neonrip,pt,League of Legends,Elojob Prata 4 ao Ouro 4 - !pix !coach !elojob !smurf,['Português'],[],False
7,2025-04-16 00:03,AussieAntics,en,Fortnite,🔴 NEW DROPS 🔴 WATCHING TRIO CASH CUP FINALS 🏆 PETERBOT x AUSSIE PRO-AM 🤝,"['English', 'DropsEnabled']",[],False
7,2025-04-16 00:03,vadriss,en,Grand Theft Auto V,Day 15 of UNCAPPED Birthday SUBATHON | !merch !subathon !goals,"['English', 'Gay', 'femboy', 'LGBTQ', 'twitchprideguild']",['MatureGame'],False
7,2025-04-16 00:03,AviAkbar,en,VALORANT,CRASH OUT COUNTER: 17 | Avi Akbar | !discord !socials !rank,"['TikToker', 'TikTok', 'YouTuber', 'English', 'Heartratemonitor', 'scarygames', 'FirstPlaythrough', 'influencer']",[],False
7,2025-04-16 00:03,Aspen,en,Overwatch 2,[!DROPS] ITS STADIUM TIME! LEARNING THE BEST JUNO BUILD !pobox,"['English', 'DropsEnabled']",[],False
7,2025-04-16 00:04,FroggerOW,en,Overwatch 2,[DROPS ON!] STADIUM TIME... MAKING THE BEST LUCIO BUILD,"['Australian', 'English', 'DropsEnabled']",[],False
7,2025-04-16 00:04,caseoh_,en,Half Sword,🟨PREPARED FOR BATTLE🟨,['English'],[],False
7,2025-04-16 00:04,KarQ,en,Overwatch 2,[!DROPS ENABLED] STADIUM early playtest!!!!!!!!!!!!!!!!!!!!!!!!!,"['English', 'DropsEnabled']",[],False
7,2025-04-16 00:04,supertf,en,Overwatch 2,[DROPS] continuing to explore new lands while i effortlessly assert myself amongst the peak of competition,"['FleshTuber', 'English', 'DropsEnabled']",[],False
7,2025-04-16 00:04,vulture_ow,en,Overwatch 2,[!DROPS] 12HR+ STREAM - i didnt know i had to sign up for stadium... !discord !newvid,"['English', 'Competitive', 'fps', 'junkrat', 'SewerRat', 'overwatch', 'hashtagawesome', 'DropsEnabled']",[],False
8,2025-04-16 00:16,AussieAntics,en,Fortnite,🔴 NEW DROPS 🔴 WATCHING TRIO CASH CUP FINALS 🏆 PETERBOT x AUSSIE PRO-AM 🤝,"['English', 'DropsEnabled']",[],False
8,2025-04-16 00:16,vadriss,en,Grand Theft Auto V,Day 15 of UNCAPPED Birthday SUBATHON | !merch !subathon !goals,"['English', 'Gay', 'femboy', 'LGBTQ', 'twitchprideguild']",['MatureGame'],False
8,2025-04-16 00:16,AviAkbar,en,VALORANT,CRASH OUT COUNTER: 17 | Avi Akbar | !discord !socials !rank,"['TikToker', 'TikTok', 'YouTuber', 'English', 'Heartratemonitor', 'scarygames', 'FirstPlaythrough', 'influencer']",[],False
8,2025-04-16 00:16,FroggerOW,en,Overwatch 2,[DROPS ON!] STADIUM TIME... MAKING THE BEST LUCIO BUILD,"['Australian', 'English', 'DropsEnabled']",[],False
8,2025-04-16 00:16,Aspen,en,Overwatch 2,[!DROPS] ITS STADIUM TIME! LEARNING THE BEST JUNO BUILD !pobox,"['English', 'DropsEnabled']",[],False
8,2025-04-16 00:16,caseoh_,en,Schedule I,🟨RED 40 & CO🟨,['English'],['MatureGame'],False
8,2025-04-16 00:16,vanillamace,en,R.E.P.O.,GIVEAWAY + GAMES,"['English', 'girl', 'pretty', 'awesome', 'cool', 'chill']",[],False
8,2025-04-16 00:16,WhatifJulia,en,Lushfoil Photography Sim,!Lushfoil Photography Sim ٩◔‿◔۶ 🍉 #ad #lushfoil,"['English', 'pspsps', 'ClosedCaptions', 'LGBTQIAPlus', 'lushfoil', 'lushfoilphotographysim', 'sponsored']",[],True
8,2025-04-16 00:16,GoatR2,en,Fortnite,[DROPS ON] Duos with Daytona!,"['English', 'tiktok', 'fortnıte', 'Dad', 'Nurse', 'DropsEnabled']",[],False
9,2025-04-16 00:36,AussieAntics,en,Fortnite,🔴 NEW DROPS 🔴 WATCHING TRIO CASH CUP FINALS 🏆 PETERBOT x AUSSIE PRO-AM 🤝,"['English', 'DropsEnabled']",[],False
9,2025-04-16 00:36,vadriss,en,Grand Theft Auto V,Day 15 of UNCAPPED Birthday SUBATHON | !merch !subathon !goals,"['English', 'Gay', 'femboy', 'LGBTQ', 'twitchprideguild']",['MatureGame'],False
9,2025-04-16 00:37,AviAkbar,en,VALORANT,CRASH OUT COUNTER: 17 | Avi Akbar | !discord !socials !rank,"['TikToker', 'TikTok', 'YouTuber', 'English', 'Heartratemonitor', 'scarygames', 'FirstPlaythrough', 'influencer']",[],False
10,2025-04-16 04:02,vadriss,en,Just Chatting,Day 15 of UNCAPPED Birthday SUBATHON | !merch !subathon !goals,"['English', 'Gay', 'femboy', 'LGBTQ', 'twitchprideguild']",[],False
10,2025-04-16 04:02,sinatraa,en,Marvel Rivals,[DROPS] THANOS RANKED,"['English', 'DropsEnabled']",[],False
10,2025-04-16 04:02,HokagoPT,en,Fortnite,[DROPS] 🏆DOMINATING RELOAD W/VIEWERS! | Play w/Followers | Use Code: HOKAGOPT | !join,"['vtuber', 'chatty', 'english', 'anxiety', 'positivity', 'battleroyale', 'English', 'DropsEnabled']",[],False
10,2025-04-16 04:02,chosen_ow,en,Overwatch 2,[DROPS ✅] STADIUM PLAYTEST 🔴 CHAMP SUPPORT POV 🔴 #1 ILLARI 🔴 LONG STREAM 🔴 meow ^-^,"['English', 'top500', 'Illari', 'overwatch', 'Competitive', 'femboy', 'DropsEnabled']",[],False
10,2025-04-16 04:02,caughtbybk,en,Just Chatting,WE BACKKKKK - P3D CATCHIN,"['Newbie', 'English']",[],False
10,2025-04-16 04:02,1xfruit,en,Fortnite,⭐ [DROPS ON] UNREAL RELOAD GRIND BEGINS!⭐ !socials !emotes,"['LGBT', 'English', 'Oceania', 'LurkerFriendly', 'Australian', 'customs', 'SafeSpace', 'VarietyStreamer', 'DropsEnabled']",[],False
10,2025-04-16 04:03,Josmar_133,es,Minecraft,¡SERVIDOR SURVIVAL PUBLICO!⚠️ UNETE A JUGAR👾,"['esp', 'espanol', 'seguidores', 'chat', 'Español', 'roblox']",[],False
10,2025-04-16 04:03,Dqneick,es,ROBLOX,un rieles moridos y asi y ajam? sera,"['Mexico', 'platicando', 'chill', 'Ranked', 'Español', 'Bloxfruit', 'bloxfruits', 'latinoamerica', 'holidayhoopla']",[],False
10,2025-04-16 04:03,MemoLag,es,Schedule I,ROBLOX 😁👍,['Español'],"['MatureGame', 'ProfanityVulgarity']",False
11,2025-04-16 04:20,vadriss,en,Fortnite,Day 15 of UNCAPPED Birthday SUBATHON | !merch !subathon !goals,"['English', 'Gay', 'femboy', 'LGBTQ', 'twitchprideguild', 'DropsEnabled']",[],False
11,2025-04-16 04:21,sinatraa,en,Marvel Rivals,[DROPS] THANOS RANKED,"['English', 'DropsEnabled']",[],False
11,2025-04-16 04:21,HokagoPT,en,Fortnite,[DROPS] 🏆DOMINATING RELOAD W/VIEWERS! | Play w/Followers | Use Code: HOKAGOPT | !join,"['vtuber', 'chatty', 'english', 'anxiety', 'positivity', 'battleroyale', 'English', 'DropsEnabled']",[],False
11,2025-04-16 04:21,crud,en,Sea of Thieves,FRONTPAGE CRUDSTREAM,"['English', 'crudgoblin', 'crudfest', 'chatreader', 'seaofthieves', 'Completionist', 'OCE', 'Australia', 'SeaofThievesgameplay', 'Tall']",[],False
11,2025-04-16 04:21,caughtbybk,en,Just Chatting,WE BACKKKKK - P3D CATCHIN,"['Newbie', 'English']",[],False
11,2025-04-16 04:21,chosen_ow,en,Overwatch 2,[DROPS ✅] STADIUM PLAYTEST 🔴 CHAMP SUPPORT POV 🔴 #1 ILLARI 🔴 LONG STREAM 🔴 meow ^-^,"['English', 'top500', 'Illari', 'overwatch', 'Competitive', 'femboy', 'DropsEnabled']",[],False
11,2025-04-16 04:21,SonnyDeacle,en,Minecraft,Can't sleep? Minecraft,"['Mİnecraft', 'NZ', 'MinecraftSurvival', 'MC', 'newzealander', 'minecraftserver', 'Hardcore', 'Bigboy', 'Coolstreamer', 'English']",[],False
11,2025-04-16 04:21,PewDiePie,en,The Walking Dead,Walking Dead Wednesday ∞ Binge @PewDiePie vids 24/7 with chat ∞ !video,"['Minecraft', 'YouTube', 'AlwaysOn', 'English', 'Rerun']",['MatureGame'],True
11,2025-04-16 04:21,K4hhny,en,Minecraft,🔥NEW🔥 SMP With Viewers! | Comfy Craft Season 7⭐!join !discord,"['English', 'Chilled', 'PlayingwithViewers', 'subathon', 'SMP', 'SafeSpace', 'Comfy', 'ADHD', 'Java', 'minecraft']",[],False
12,2025-04-16 04:37,vadriss,en,Fortnite,Day 15 of UNCAPPED Birthday SUBATHON | !merch !subathon !goals,"['English', 'Gay', 'femboy', 'LGBTQ', 'twitchprideguild', 'DropsEnabled']",[],False
12,2025-04-16 04:37,sinatraa,en,Marvel Rivals,[DROPS] THANOS RANKED,"['English', 'DropsEnabled']",[],False
12,2025-04-16 04:37,HokagoPT,en,Fortnite,[DROPS] 🏆DOMINATING RELOAD W/VIEWERS! | Play w/Followers | Use Code: HOKAGOPT | !join,"['vtuber', 'chatty', 'english', 'anxiety', 'positivity', 'battleroyale', 'English', 'DropsEnabled']",[],False
12,2025-04-16 04:37,crud,en,Sea of Thieves,FRONTPAGE CRUDSTREAM,"['English', 'crudgoblin', 'crudfest', 'chatreader', 'seaofthieves', 'Completionist', 'OCE', 'Australia', 'SeaofThievesgameplay', 'Tall']",[],False
12,2025-04-16 04:37,gkey,en,Minecraft,"🟪17,500+ DAYS Hardcore Minecraft🟪!project !tour !socials🟪",['English'],[],False
12,2025-04-16 04:37,caughtbybk,en,Just Chatting,WE BACKKKKK - P3D CATCHIN,"['Newbie', 'English']",[],False
12,2025-04-16 04:37,Jeremy_GoneWild,en,The Sims 4,Playing as a messy sim,"['lgbtqia', 'gay', 'neurodivergent', 'autism', 'lgbt', 'inzoi', 'vtuber', 'English']",[],False
12,2025-04-16 04:37,louisemcjagger,en,Co-working & Studying,💼 WORK WITH ME | ⏰POMO 50/10 | Throwback Chill | !task !done !pomo,"['English', '18plus', 'safespace', 'Chatty', 'LGBTQFriendly', 'Filipino', 'BodyPositive']",[],False
12,2025-04-16 04:37,ItsTallyPlays,en,The Sims 4,♥ - {18+} ♥ - Wheel of Chaos 100 Baby.....*GULP*  - ♥    |!discord|!socials|!kinder|!clip|!donate|!instant|!matchington|,"['Canadian', 'Chatty', 'Cozy', 'English', '2SLGBTQIAPlus', 'cozygames', 'AuDHD', 'OCD', 'NeuroSpicy', '420FriendlyStreamer']",[],True
13,2025-04-16 08:01,sinatraa,en,Marvel Rivals,[DROPS] THANOS RANKED,"['English', 'DropsEnabled']",[],False
13,2025-04-16 08:01,botjayttv,en,ROBLOX,✬ PS99 | BGSI ✬ No Cap Week i guess... Atleast new Hairstyle ✪ Offical Partner ✪ O,"['English', 'Deutsch', 'botjaytv', 'RudeStreamer', 'petsimulator99', 'honestman']",[],False
13,2025-04-16 08:02,HokagoPT,en,Fortnite,[DROPS] 🏆DOMINATING RELOAD W/VIEWERS! | Play w/Followers | Use Code: HOKAGOPT | !join,"['vtuber', 'chatty', 'english', 'anxiety', 'positivity', 'battleroyale', 'English', 'DropsEnabled']",[],False
13,2025-04-16 08:02,Arguz11,en,ROBLOX,FREE ROBUX ON PLS DONATE! Commands on screen!,"['giveaway', 'playingwithviewers', 'roblox', 'plsdonate', 'bloxfruit', 'English', 'Rerun', 'Albion', 'mammoth', 'Silver']",[],False
13,2025-04-16 08:02,Mario,en,Grand Theft Auto V,Hydrate RP l SUITS vs 236 WAR! l 2383/2400 l ROAD TO 3000 SUBS!,"['English', 'ANZSubFest']",['MatureGame'],False
13,2025-04-16 08:02,crud,en,Crab Champions,FRONTPAGE CRUDSTREAM FT @lady_valiant,"['English', 'crudgoblin', 'crudfest', 'chatreader', 'seaofthieves', 'Completionist', 'OCE', 'Australia', 'SeaofThievesgameplay', 'Tall']",[],False
13,2025-04-16 08:02,ClarkyFromAU,en,Fortnite,💙Ranked Reload on the New map💙Use Code: CLARKY #ad💎 @ClarkyFromAU on all socials!,"['OCE', 'English', 'friendly', 'interactive', 'Fortnite', 'Australia', 'JFTClarky', 'Aussie', 'ZeroBuild', 'DropsEnabled']",[],False
13,2025-04-16 08:02,terrelldavismay,en,Call of Duty,Warzone verdansk,"['English', 'warzone']",[],False
13,2025-04-16 08:02,theladylucifer_,en,Call of Duty: Warzone,[[18+]] Australian] whip it up wednesdays! lets see what the night brings !juicD !command !bonk !time,"['18plus', 'australian', 'botplayer', 'English', 'funny', 'horror', 'chattingwithviewers', 'Juicd', 'DropsEnabled']",['MatureGame'],False
14,2025-04-16 12:01,sinatraa,en,Marvel Rivals,[DROPS] THANOS RANKED,"['English', 'DropsEnabled']",[],False
14,2025-04-16 12:02,Arguz11,en,ROBLOX,FREE ROBUX ON PLS DONATE! Commands on screen!,"['giveaway', 'playingwithviewers', 'roblox', 'plsdonate', 'bloxfruit', 'English', 'Rerun', 'Albion', 'mammoth', 'Silver']",[],False
14,2025-04-16 12:02,jota_ttv,en,Marvel Rivals,🔞 🐿️Nova Temporada e tudo mais🐿️ | ♿CLÃ CPLX ♿ | 🔥RANK 🔥 | ❗SUBS❗PIX,"['STREMER', 'playStation', 'Humor', 'FpS', 'Terror', 'Português', 'English', 'DropsEnabled']",[],True
14,2025-04-16 12:02,Necros,en,Marvel Rivals,[!DROPS ENABLED] TIER LIST TODAY,"['English', 'spiderman', 'blackpanther', 'DropsEnabled']",[],False
14,2025-04-16 12:02,August,en,Overwatch 2,🔴[!DROPS ON]🔴TOP 500 SUPPORTING! STADIUM KIRIKO GAMING! WOOOO! NEW MONITOR GAMING! WOOOO! (Facecam maybe later if i feel like it),"['Kiriko', 'Support', 'ADHD', 'Anime', 'Top500', 'English', 'Ana', 'Juno', 'DropsEnabled']",[],False
14,2025-04-16 12:02,IceTalks,en,Minecraft,[ GIRLYPOP SMP ] 🍋 let's get craftin' for our lava chickens,"['LGBTQIA', 'Queer', 'Gay', 'cozygamer', 'slaying', 'English', 'ADHD', 'LGBTQPlus', 'MentalHealth', 'chaos']",[],False
14,2025-04-16 12:02,Motiverse1,en,ROBLOX,🔴ROBLOX stream with MOTIVERSE🔴DEAD RAILS🔴BLUE LOCK RIVALS 🔴 AND MORE,['English'],[],False
14,2025-04-16 12:02,Solitarysaints,en,Brawlhalla,24 HOUR STREAM|kai cenat university|!discord !sub !linktree,"['follow', 'lit', 'black', 'upcoming', 'saint', 'fire', 'funny', 'nextup', 'scary', 'English']",[],False
14,2025-04-16 12:02,freshyboi315,en,Just Chatting,🟩FOLLOW = CLAP= JOIN FRESHY GANG 🟩RANKING FOOD CATEGORY🟩,"['English', 'Lacy', 'plaqueboymax', 'Austrailan']",[],False
16,2025-04-16 16:02,NickEh30,en,Fortnite,NEW DROPS ON - Fortnite Live Event Countdown | Code NickEh30 #EpicPartner,"['Canadian', 'Positivity', 'BattleRoyale', 'PC', 'FamilyFriendly', 'Multiplayer', 'PVP', 'PlayingWithViewers', 'English', 'Drops']",[],False
16,2025-04-16 16:02,Philza,en,Minecraft,The Realm SMP • WE'RE BUILDING? HUH?? • !newvid !realm !map !merch,"['English', 'distracted', 'British', 'Hardcore', 'chill']",[],False
16,2025-04-16 16:02,jirotf16,en,Sports,⛓️ARSENAL REAL MADRID WATCH ALONG!⛓️GOD PROTECT US FROM THE BERNABEAU JUJU!⛓️!COMMUNITY⛓️!CLIPS⛓️!PRIME⛓️FC25!⛓️VARIETY⛓️,"['fc25', 'eafc25', 'careermode', 'English']",[],False
16,2025-04-16 16:02,ApexDabi,en,Marvel Rivals,🚨NEW [!DROPS]🚨SEASON 2 RANKED GRIND🚨VANGUARD MAIN🚨 TRAINING ARC🚨DESTROYER OF HAY BALES @ApexDabi,"['DropsEnabled', 'Morocco', 'English', 'PVP', 'ADHD', 'marvel', 'marvelrivals', 'TOP500', 'DROPS']",[],False
16,2025-04-16 16:03,Casson,en,Phasmophobia,NO EVIDENCE 100 IN A ROW | !marathon This Friday! | Subs: 5584/5600,"['British', 'English', 'chatting']",['MatureGame'],False
16,2025-04-16 16:03,sinatraa,en,RuneScape: Dragonwilds,[DROPS] THANOS RANKED,['English'],[],False
16,2025-04-16 16:03,LeonardoMishaa,es,Gartic Phone,GARTIC PHONE CON TODOS LOS QUE SE UNAN!!,"['Español', 'RickyEdit', 'English', 'Bromasenlacalle']",[],False
16,2025-04-16 16:03,soposquad,en,ROBLOX,GIVING AWAY & TRADING ADOPT ME PETS!,"['Roblox', 'gaming', 'english', 'GamingLive', 'gamer', 'robux', 'English', 'fun']",[],False
16,2025-04-16 16:03,nedorem1x,ru,ROBLOX,ДОРЕЛИМПИЙСКИЕ ИГРЫ: АРЕНА | ROBLOX | MEMES: ON,"['общение', 'Русский', 'roblox', 'роблокс']",[],False
17,2025-04-16 16:16,NickEh30,en,Fortnite,NEW DROPS ON - Fortnite Live Event Countdown | Code NickEh30 #EpicPartner,"['Canadian', 'Positivity', 'BattleRoyale', 'PC', 'FamilyFriendly', 'Multiplayer', 'PVP', 'PlayingWithViewers', 'English', 'Drops']",[],False
17,2025-04-16 16:16,Philza,en,Minecraft,The Realm SMP • WE'RE BUILDING? HUH?? • !newvid !realm !map !merch,"['English', 'distracted', 'British', 'Hardcore', 'chill']",[],False
17,2025-04-16 16:16,jirotf16,en,Sports,⛓️ARSENAL REAL MADRID WATCH ALONG!⛓️GOD PROTECT US FROM THE BERNABEAU JUJU!⛓️!COMMUNITY⛓️!CLIPS⛓️!PRIME⛓️FC25!⛓️VARIETY⛓️,"['fc25', 'eafc25', 'careermode', 'English']",[],False
17,2025-04-16 16:16,Arguz11,en,ROBLOX,FREE ROBUX ON PLS DONATE! Commands on screen!,"['giveaway', 'playingwithviewers', 'roblox', 'plsdonate', 'bloxfruit', 'English', 'Rerun', 'Albion', 'mammoth', 'Silver']",[],False
17,2025-04-16 16:16,ApexDabi,en,Marvel Rivals,🚨NEW [!DROPS]🚨SEASON 2 RANKED GRIND🚨VANGUARD MAIN🚨 TRAINING ARC🚨DESTROYER OF HAY BALES @ApexDabi,"['DropsEnabled', 'Morocco', 'English', 'PVP', 'ADHD', 'marvel', 'marvelrivals', 'TOP500', 'DROPS']",[],False
17,2025-04-16 16:16,Casson,en,Phasmophobia,NO EVIDENCE 100 IN A ROW | !marathon This Friday! | Subs: 5584/5600,"['British', 'English', 'chatting']",['MatureGame'],False
17,2025-04-16 16:16,abugoku9999,de,Grand Theft Auto V,[FINALCITY] MR BTC WINX UND DAS ENDE VON FINAL? 🟧 !RUE 🟧 !KINGCANS 🟧 !RAZER 🟧 !HEADSET 🟧 #Werbung,['Deutsch'],['MatureGame'],False
17,2025-04-16 16:16,onlyjson,de,Grand Theft Auto V,[NARCO CITY] Lets goo || @onlyjson !dc !server !insta !yt !song #WERBUNG,"['gtavrproleplay', 'Deutsch', 'NARCOCITY', 'fivem', 'Unterhaltung', 'gta']",['MatureGame'],False
17,2025-04-16 16:16,xRohat,de,Just Chatting,✨FANTASIE MIT REBECCA✨ | !kult !sourire,['Deutsch'],[],False
18,2025-04-16 16:32,Philza,en,Minecraft,The Realm SMP • WE'RE BUILDING? HUH?? • !newvid !realm !map !merch,"['English', 'distracted', 'British', 'Hardcore', 'chill']",[],False
18,2025-04-16 16:32,NickEh30,en,Fortnite,NEW DROPS ON - Fortnite Live Event Countdown | Code NickEh30 #EpicPartner,"['Canadian', 'Positivity', 'BattleRoyale', 'PC', 'FamilyFriendly', 'Multiplayer', 'PVP', 'PlayingWithViewers', 'English', 'Drops']",[],False
18,2025-04-16 16:32,jirotf16,en,Sports,⛓️ARSENAL REAL MADRID WATCH ALONG!⛓️GOD PROTECT US FROM THE BERNABEAU JUJU!⛓️!COMMUNITY⛓️!CLIPS⛓️!PRIME⛓️FC25!⛓️VARIETY⛓️,"['fc25', 'eafc25', 'careermode', 'English']",[],False
18,2025-04-16 16:32,Arguz11,en,ROBLOX,FREE ROBUX ON PLS DONATE! Commands on screen!,"['giveaway', 'playingwithviewers', 'roblox', 'plsdonate', 'bloxfruit', 'English', 'Rerun', 'Albion', 'mammoth', 'Silver']",[],False
18,2025-04-16 16:32,sinatraa,en,RuneScape: Dragonwilds,[DROPS] THANOS RANKED,['English'],[],False
18,2025-04-16 16:32,Linkzzey,en,Minecraft,"🔴Hardcore 46,200+Days|4+Years|11,400+Hours !worldtour","['LetsPlay', 'English', 'Hardcore', 'RPG', 'Permadeath', 'SurvivaI', 'chill', 'hardcoreminecraft', 'FamilyFrendly']",[],False
18,2025-04-16 16:32,Flats,en,Marvel Rivals,[!DROPS ENABLED] BIRTHDAY STREAM!! OLD AND TIRED + !gamersupps CUP COLLAB OUT NOW!!,"['English', 'DropsEnabled']",[],False
18,2025-04-16 16:32,kraandop,en,Marvel Rivals,[!DROPS] WHOEVER GETS HIGHEST RANK IN 24 HOURS WINS. ME VS HADI. !GG !VIDEO,"['Nederlands', 'English', 'DropsEnabled']",[],False
18,2025-04-16 16:32,Skiesti,en,Overwatch 2,🔴 [!DROPS] 🔴 MERCY !STADIUM GAMING | !mercyhelp !heroperks,"['ADHD', 'SafeSpace', 'Mercy', 'Interactive', 'Chill', 'Canadian', 'Educational', 'Support', 'ClosedCaptions', 'English']",[],False
19,2025-04-16 16:45,Philza,en,Minecraft,The Realm SMP • WE'RE BUILDING? HUH?? • !newvid !realm !map !merch,"['English', 'distracted', 'British', 'Hardcore', 'chill']",[],False
19,2025-04-16 16:45,NickEh30,en,Fortnite,NEW DROPS ON - Fortnite Live Event Countdown | Code NickEh30 #EpicPartner,"['Canadian', 'Positivity', 'BattleRoyale', 'PC', 'FamilyFriendly', 'Multiplayer', 'PVP', 'PlayingWithViewers', 'English', 'Drops']",[],False
19,2025-04-16 16:45,jirotf16,en,Sports,⛓️ARSENAL REAL MADRID WATCH ALONG!⛓️GOD PROTECT US FROM THE BERNABEAU JUJU!⛓️!COMMUNITY⛓️!CLIPS⛓️!PRIME⛓️FC25!⛓️VARIETY⛓️,"['fc25', 'eafc25', 'careermode', 'English']",[],False
19,2025-04-16 16:45,Arguz11,en,ROBLOX,FREE ROBUX ON PLS DONATE! Commands on screen!,"['giveaway', 'playingwithviewers', 'roblox', 'plsdonate', 'bloxfruit', 'English', 'Rerun', 'Albion', 'mammoth', 'Silver']",[],False
19,2025-04-16 16:45,ApexDabi,en,Marvel Rivals,🚨NEW [!DROPS]🚨SEASON 2 RANKED GRIND🚨VANGUARD MAIN🚨 TRAINING ARC🚨DESTROYER OF HAY BALES @ApexDabi,"['DropsEnabled', 'Morocco', 'English', 'PVP', 'ADHD', 'marvel', 'marvelrivals', 'TOP500', 'DROPS']",[],False
19,2025-04-16 16:46,Linkzzey,en,Minecraft,"🔴Hardcore 46,300+Days|4+Years|11,400+Hours !worldtour","['LetsPlay', 'English', 'Hardcore', 'RPG', 'Permadeath', 'SurvivaI', 'chill', 'hardcoreminecraft', 'FamilyFrendly']",[],False
19,2025-04-16 16:46,PushinWood,en,Sea of Thieves,🟣(24 HOUR) PARTNER PUSH!🟣SECOND CHANCE STRIM! !GIVEAWAY-DOIN BOAT STUFF! !Controller !TTS !Merch !Discord,"['AMA', 'Skateboarder', 'Multiplayer', 'COMPETITIVE', 'English', 'SoTPartner', 'holidayhoopla']",[],False
19,2025-04-16 16:46,RskJanto,it,Sea of Thieves,⚔️ Cpt RSK Janto ⚔️ Baffo's Crew HG,"['PvP', 'English', 'Janto', 'BeMoreJanto', 'BaffoCrew', 'Italiano', 'NoPvE']",[],False
19,2025-04-16 16:46,MrBlizzard25,en,Minecraft,"It's time, my first time playing in a LONG time. Hardcore, Day 1.","['English', 'PvP', 'PvE', 'seaofthieves']",[],False
20,2025-04-16 20:05,DrDonutttttt,en,Minecraft,,"['English', 'smp', 'DonutSMP', 'drdonut', 'crystalpvp', 'pvp', 'cpvp', 'survival', 'survival', 'minecraft']",[],False
20,2025-04-16 20:05,vadriss,en,Grand Theft Auto V,Day 16 of UNCAPPED Birthday SUBATHON | !merch !subathon !goals,"['English', 'Gay', 'femboy', 'LGBTQ', 'twitchprideguild']",['MatureGame'],False
20,2025-04-16 20:05,FroggerOW,en,Overwatch 2,[DROPS ON!] STADIUM TIME... MAKING THE BEST LUCIO BUILD,"['Australian', 'English', 'DropsEnabled']",[],False
20,2025-04-16 20:06,Joe_Bartolozzi,en,Games + Demos,HORROR/RANDOM GAMES DAY TODAY JOIN JOIN JOIN,['English'],['MatureGame'],False
20,2025-04-16 20:06,Linkzzey,en,Minecraft,"🔴Hardcore 46,300+Days|4+Years|11,400+Hours !worldtour","['LetsPlay', 'English', 'Hardcore', 'RPG', 'Permadeath', 'SurvivaI', 'chill', 'hardcoreminecraft', 'FamilyFrendly']",[],False
20,2025-04-16 20:06,Aspen,en,Overwatch 2,[!DROPS] ITS STADIUM TIME! LEARNING THE BEST JUNO BUILD !pobox,"['English', 'DropsEnabled']",[],False
20,2025-04-16 20:06,kandy__uwu,es,Art,Termino el personaje y a mimir,"['Vtuber', 'Español']",[],False
20,2025-04-16 20:06,andreacapistran,es,Alice: Madness Returns,ACABO DE ESPERTAR OwO🌸!bits !redes !wishlist !comisiones,"['Español', 'conversando', 'gameplay', 'Inglés', 'gameplay', 'justcchatting', 'ChillingWithChat', 'Guadalajara', 'México']",['MatureGame'],False
20,2025-04-16 20:06,LaoXiVT,es,Just Chatting,C0ñ0! Una moneda! 🪙 || !discord !comandos !hipo,"['PNGTuberES', 'Argentina', 'tigresa', 'Español', 'Sumisa', 'VtuberES', 'Vtuber', 'PNGTtuber']",[],False
21,2025-04-16 20:27,DrDonutttttt,en,Minecraft,,"['English', 'smp', 'DonutSMP', 'drdonut', 'crystalpvp', 'pvp', 'cpvp', 'survival', 'survival', 'minecraft']",[],False
21,2025-04-16 20:27,vadriss,en,Grand Theft Auto V,Day 16 of UNCAPPED Birthday SUBATHON | !merch !subathon !goals,"['English', 'Gay', 'femboy', 'LGBTQ', 'twitchprideguild']",['MatureGame'],False
21,2025-04-16 20:27,FroggerOW,en,Overwatch 2,[DROPS ON!] STADIUM TIME... MAKING THE BEST LUCIO BUILD,"['Australian', 'English', 'DropsEnabled']",[],False
21,2025-04-16 20:27,Joe_Bartolozzi,en,Games + Demos,HORROR/RANDOM GAMES DAY TODAY JOIN JOIN JOIN,['English'],['MatureGame'],False
21,2025-04-16 20:27,Linkzzey,en,Minecraft,"🔴Hardcore 46,300+Days|4+Years|11,400+Hours !worldtour","['LetsPlay', 'English', 'Hardcore', 'RPG', 'Permadeath', 'SurvivaI', 'chill', 'hardcoreminecraft', 'FamilyFrendly']",[],False
21,2025-04-16 20:28,Aspen,en,Overwatch 2,[!DROPS] ITS STADIUM TIME! LEARNING THE BEST JUNO BUILD !pobox,"['English', 'DropsEnabled']",[],False
21,2025-04-16 20:28,mooda,en,VALORANT,PLAYING RANKED WITH MY EGIRLFRIEND,"['English', 'ADHD', 'TCO']",[],False
21,2025-04-16 20:28,Livvcote,en,VALORANT,im getting it back,"['girlgamers', 'girlstreaming', 'Valo', 'provalorant', 'She', 'Skyemain', 'English', 'valorant', 'VALORANＴ', 'Canada']",[],False
21,2025-04-16 20:28,rawdogmoon,en,VALORANT,❗️I DO NOT HAVE A ROSTER❗️ !discord !socials ❗️,"['English', 'assyrian', 'valorant', 'GIGACHAD']",[],False
22,2025-04-16 20:46,DrDonutttttt,en,Minecraft,,"['English', 'smp', 'DonutSMP', 'drdonut', 'crystalpvp', 'pvp', 'cpvp', 'survival', 'survival', 'minecraft']",[],False
22,2025-04-16 20:46,vadriss,en,Just Chatting,Day 16 of UNCAPPED Birthday SUBATHON | !merch !subathon !goals,"['English', 'Gay', 'femboy', 'LGBTQ', 'twitchprideguild']",[],False
22,2025-04-16 20:46,FroggerOW,en,Overwatch 2,[DROPS ON!] STADIUM TIME... MAKING THE BEST LUCIO BUILD,"['Australian', 'English', 'DropsEnabled']",[],False
22,2025-04-16 20:46,Joe_Bartolozzi,en,Wittle Mistakes,HORROR/RANDOM GAMES DAY TODAY JOIN JOIN JOIN,['English'],[],False
22,2025-04-16 20:47,Linkzzey,en,Minecraft,"🔴Hardcore 46,300+Days|4+Years|11,400+Hours !worldtour","['LetsPlay', 'English', 'Hardcore', 'RPG', 'Permadeath', 'SurvivaI', 'chill', 'hardcoreminecraft', 'FamilyFrendly']",[],False
22,2025-04-16 20:47,Aspen,en,Overwatch 2,[!DROPS] ITS STADIUM TIME! LEARNING THE BEST JUNO BUILD !pobox,"['English', 'DropsEnabled']",[],False
22,2025-04-16 20:47,Warn,en,Overwatch 2,[!DROPS] PRO ASHE -> LEGEND 🔴 STADIUM EARLY ACCESS 🔴 COMP DRIVES TOMORROW... 🔴 POKE PACK OPENINGS 🔴 new !video,"['Overwatch', 'Competitive', 'ADHD', 'Drops', 'English', 'DropsEnabled']",[],False
22,2025-04-16 20:47,kraandop,en,Marvel Rivals,[!DROPS] WHOEVER GETS HIGHEST RANK IN 24 HOURS WINS. ME VS HADI. !GG !VIDEO,"['Nederlands', 'English', 'DropsEnabled']",[],False
22,2025-04-16 20:47,ZBRA,en,Overwatch 2,"[DROPS] LONG STREAM, DOOMFIST GRIND","['Ranked', 'Doomfist', 'English', 'chill', 'Doomfist', 'DropsEnabled']",[],False
23,2025-04-16 21:08,DrDonutttttt,en,Minecraft,,"['English', 'smp', 'DonutSMP', 'drdonut', 'crystalpvp', 'pvp', 'cpvp', 'survival', 'survival', 'minecraft']",[],False
23,2025-04-16 21:08,FroggerOW,en,Overwatch 2,[DROPS ON!] STADIUM TIME... MAKING THE BEST LUCIO BUILD,"['Australian', 'English', 'DropsEnabled']",[],False
23,2025-04-16 21:08,vadriss,en,Just Chatting,Day 16 of UNCAPPED Birthday SUBATHON | !merch !subathon !goals,"['English', 'Gay', 'femboy', 'LGBTQ', 'twitchprideguild']",[],False
23,2025-04-16 21:08,Aspen,en,Overwatch 2,[!DROPS] ITS STADIUM TIME! LEARNING THE BEST JUNO BUILD !pobox,"['English', 'DropsEnabled']",[],False
23,2025-04-16 21:08,Joe_Bartolozzi,en,Grandpa High on Retro,HORROR/RANDOM GAMES DAY TODAY JOIN JOIN JOIN,['English'],[],False
23,2025-04-16 21:08,Linkzzey,en,Minecraft,"🔴Hardcore 46,300+Days|4+Years|11,400+Hours !worldtour","['LetsPlay', 'English', 'Hardcore', 'RPG', 'Permadeath', 'SurvivaI', 'chill', 'hardcoreminecraft', 'FamilyFrendly']",[],False
23,2025-04-16 21:09,Sigy,en,Sea of Thieves,🔴Pirating on a Pirate Game🔴37/100🔴!YT !YT2 !tiktok !discord !OperaGX #ad,['English'],[],True
23,2025-04-16 21:09,Sandromeda,en,Sea of Thieves,🌠PVP FOR ALL BIG OR SMOL🌠!merch Sandromeda.ca🌠!giveaway🌠!madrinas +20% OFF w/ code 'SANDROMEDA'🌠,"['English', 'StJudePlayLive', 'Madrinas', 'SoTPartner', 'HotTubStreamWithoutTheTub']",[],True
23,2025-04-16 21:09,Tibipsy,en,The Mortuary Assistant,First Time playing... Here we go !merch !shanties !moreshanties !trolling,"['English', 'ShantySinger', 'Wholesome', 'FriendlyCommunity', 'FullTimeCreator', 'Thepiratebard', 'funny', 'trolling', 'FIrstTimePlaythrough']",['MatureGame'],False
24,2025-04-16 21:28,DrDonutttttt,en,Minecraft,,"['English', 'smp', 'DonutSMP', 'drdonut', 'crystalpvp', 'pvp', 'cpvp', 'survival', 'survival', 'minecraft']",[],False
24,2025-04-16 21:28,FroggerOW,en,Overwatch 2,[DROPS ON!] STADIUM TIME... MAKING THE BEST LUCIO BUILD,"['Australian', 'English', 'DropsEnabled']",[],False
24,2025-04-16 21:28,vadriss,en,Grand Theft Auto V,Day 16 of UNCAPPED Birthday SUBATHON | !merch !subathon !goals,"['English', 'Gay', 'femboy', 'LGBTQ', 'twitchprideguild']",['MatureGame'],False
24,2025-04-16 21:28,Aspen,en,Overwatch 2,[!DROPS] ITS STADIUM TIME! LEARNING THE BEST JUNO BUILD !pobox,"['English', 'DropsEnabled']",[],False
24,2025-04-16 21:28,Joe_Bartolozzi,en,Grandpa High on Retro,HORROR/RANDOM GAMES DAY TODAY JOIN JOIN JOIN,['English'],[],False
24,2025-04-16 21:29,Linkzzey,en,Minecraft,"🔴Hardcore 46,300+Days|4+Years|11,400+Hours !worldtour","['LetsPlay', 'English', 'Hardcore', 'RPG', 'Permadeath', 'SurvivaI', 'chill', 'hardcoreminecraft', 'FamilyFrendly']",[],False
24,2025-04-16 21:29,SirPineapple,en,Tom Clancy's Rainbow Six Siege,🍍SSG THUGNAPPLE🍍DUO TO CHAMP WITH @ANIFEX🍍SHORT STREAM🍍SHAKING AHH FOR SUBS🍍!Discord,"['English', 'Pineapple']",['MatureGame'],False
24,2025-04-16 21:29,Ricci,en,EA Sports FC 25,⚽ AMERICAN PLAYS FIFA ⚽ FIFA WAGER vs JYNXZI ⚽ GTA 10 PM EST ⚽ !SOCIALS,['English'],[],False
24,2025-04-16 21:29,angryginge13,en,EA Sports FC 25,🔥GIRTH IS BACK!🔥THE BOYZ ARE BACK!🔥SAVING PRO CLUBS!🔥VIBES!🔥!Time2🔥!Clothing🔥!Podcast🔥,"['PRO', 'FUNNY', 'GINGER', 'GAMING', 'ADHD', 'CHILL', 'english', 'insane', 'English']",[],False
25,2025-04-17 00:02,vadriss,en,Grand Theft Auto V,Day 16 of UNCAPPED Birthday SUBATHON | !merch !subathon !goals,"['English', 'Gay', 'femboy', 'LGBTQ', 'twitchprideguild']",['MatureGame'],False
25,2025-04-17 00:02,Aspen,en,Overwatch 2,[!DROPS] ITS STADIUM TIME! LEARNING THE BEST JUNO BUILD !pobox,"['English', 'DropsEnabled']",[],False
25,2025-04-17 00:02,caseoh_,en,Just Chatting,🟨LOSING MY MIND🟨,['English'],[],False
25,2025-04-17 00:02,Clix,en,Fortnite,🏆 (!DROPS ENABLED) NEW RELOAD MAP WINNING WEST EVAL TOURNEY W/ KHANADA 🏆 | Watch for 60 minutes to claim both DROPS,"['English', 'DropsEnabled']",[],False
25,2025-04-17 00:02,omareloff,en,Grand Theft Auto V,🔵 BIG WIBES 🔵 !Mohsin 🔵 !Displate 🔵 !insta 🔵 LiquidRP 🔵 Jose Exotic 🔵 GTA 5 RP 🔵 CS2 🔵 GYM: 5,['English'],['MatureGame'],False
25,2025-04-17 00:02,kraandop,en,Marvel Rivals,[!DROPS] WHOEVER GETS HIGHEST RANK IN 24 HOURS WINS. ME VS HADI. !GG !VIDEO,"['Nederlands', 'English', 'DropsEnabled']",[],False
25,2025-04-17 00:03,ZBRA,en,Overwatch 2,[DROPS] LONG STREAM,"['Ranked', 'Doomfist', 'English', 'chill', 'Doomfist', 'DropsEnabled']",[],False
25,2025-04-17 00:03,vulture_ow,en,Overwatch 2,[!DROPS] very chill junkrat comp ^_^ NO TILTING. LOCKED IN. WINNING. :D !discord !newvid,"['English', 'Competitive', 'fps', 'junkrat', 'SewerRat', 'overwatch', 'hashtagawesome', 'DropsEnabled']",[],False
25,2025-04-17 00:03,KarQ,en,Overwatch 2,[!DROPS ENABLED] STADIUM early playtest!!!!!!!!!!!!!!!!!!!!!,"['English', 'DropsEnabled']",[],False
26,2025-04-17 00:16,vadriss,en,Grand Theft Auto V,Day 16 of UNCAPPED Birthday SUBATHON | !merch !subathon !goals,"['English', 'Gay', 'femboy', 'LGBTQ', 'twitchprideguild']",['MatureGame'],False
26,2025-04-17 00:16,Aspen,en,Overwatch 2,[!DROPS] ITS STADIUM TIME! LEARNING THE BEST JUNO BUILD !pobox,"['English', 'DropsEnabled']",[],False
26,2025-04-17 00:16,caseoh_,en,Half Sword,🟨PREPARED FOR BATTLE🟨,['English'],[],False
26,2025-04-17 00:16,Clix,en,Fortnite,🏆 (!DROPS ENABLED) NEW RELOAD MAP WINNING WEST EVAL TOURNEY W/ KHANADA 🏆 | Watch for 60 minutes to claim both DROPS,"['English', 'DropsEnabled']",[],False
26,2025-04-17 00:16,omareloff,en,Grand Theft Auto V,🔵 BIG WIBES 🔵 !Mohsin 🔵 !Displate 🔵 !insta 🔵 LiquidRP 🔵 Jose Exotic 🔵 GTA 5 RP 🔵 CS2 🔵 GYM: 5,['English'],['MatureGame'],False
26,2025-04-17 00:16,FroggerOW,en,Overwatch 2,[DROPS ON!] EPIC OVERWATCH GAMESHOW WITH TWOBOLD SALTYPHISH AND .... aspen,"['Australian', 'English', 'DropsEnabled']",[],False
26,2025-04-17 00:17,Deebz_Scrub,en,Kingdom Hearts Re:Chain of Memories,Finishing up Sora's side of Re: Chain of Memories,"['IveGotEmotesNow', 'SiblingDance', 'AskMeAboutMyCatCam', 'English']",[],False
26,2025-04-17 00:17,MayorMcFrumples,en,PiKUNiKU,PIKUUUUUU NIIIIKUUUUU,"['English', 'NoSpoilersAllowed', 'FirstPlaythough']",[],False
26,2025-04-17 00:17,highshelfcollective,en,Tabletop RPGs,Beacons of Farlight Arc 3 Ep 8 // Finality // A Beacon RPG Actual Play,"['LGBTQIA', 'NewPlayerFriendly', 'English']",[],False
27,2025-04-17 00:30,vadriss,en,Grand Theft Auto V,Day 16 of UNCAPPED Birthday SUBATHON | !merch !subathon !goals,"['English', 'Gay', 'femboy', 'LGBTQ', 'twitchprideguild']",['MatureGame'],False
27,2025-04-17 00:31,caseoh_,en,Half Sword,🟨PREPARED FOR BATTLE🟨,['English'],[],False
27,2025-04-17 00:31,Aspen,en,Overwatch 2,[!DROPS] ITS STADIUM TIME! LEARNING THE BEST JUNO BUILD !pobox,"['English', 'DropsEnabled']",[],False
27,2025-04-17 00:31,Clix,en,Fortnite,🏆 (!DROPS ENABLED) NEW RELOAD MAP WINNING WEST EVAL TOURNEY W/ KHANADA 🏆 | Watch for 60 minutes to claim both DROPS,"['English', 'DropsEnabled']",[],False
27,2025-04-17 00:31,omareloff,en,Grand Theft Auto V,🔵 BIG WIBES 🔵 !Mohsin 🔵 !Displate 🔵 !insta 🔵 LiquidRP 🔵 Jose Exotic 🔵 GTA 5 RP 🔵 CS2 🔵 GYM: 5,['English'],['MatureGame'],False
27,2025-04-17 00:31,FroggerOW,en,Overwatch 2,[DROPS ON!] EPIC OVERWATCH GAMESHOW WITH TWOBOLD SALTYPHISH AND .... aspen,"['Australian', 'English', 'DropsEnabled']",[],False
27,2025-04-17 00:31,Hectic,en,EA Sports FC 25,🔴100 PLAYER PICKS🔴AWESOME RIVALS🔴PURE PASSION🔴NO COPE🔴JUST VIBES🔴,"['English', 'soccer', 'Football', 'Golf']",[],False
27,2025-04-17 00:31,AdidaFC,en,EA Sports FC 25,TOP 10 ELITE RIVALS WITH NEW MALDINI |🔥PRO ELITE RIVALS🔥| !4213 !451,"['English', 'EAFC', 'EAFC25', 'FIFA', 'PRO', 'EASPORTSFC', 'FC25', 'fc25']",[],False
27,2025-04-17 00:31,HOLLYWOOD285,it,EA Sports FC 25,TEST ALONSO + IL RITORNO DEL 424? // REVIEW !MALDINI !ZICO !HENRY !BECKENBAUER !LUKAKU,"['hollywood285', 'Italiano', 'FC24', 'FC25']",[],False
28,2025-04-17 00:50,Arguz11,en,ROBLOX,FREE ROBUX ON PLS DONATE! Commands on screen!,"['giveaway', 'playingwithviewers', 'roblox', 'plsdonate', 'bloxfruit', 'English', 'Rerun', 'Albion', 'mammoth', 'Silver']",[],False
28,2025-04-17 00:50,TypicalGamer,en,Fortnite,(DROPS ON) WATCH 1 HOUR for FREE WRAP + BACKBLING! 👑 DUOS with @richhomiequinn 👑 @bugha is my FNCS DUO!,"['English', 'PC', 'Multiplayer', 'PvP', 'Fortnite', 'DropsEnabled']",[],False
28,2025-04-17 00:50,vadriss,en,Grand Theft Auto V,Day 16 of UNCAPPED Birthday SUBATHON | !merch !subathon !goals,"['English', 'Gay', 'femboy', 'LGBTQ', 'twitchprideguild']",['MatureGame'],False
28,2025-04-17 00:50,caseoh_,en,Schedule I,🟨RED 40 & CO🟨,['English'],['MatureGame'],False
28,2025-04-17 00:50,MrZacCas,en,IRL,"☢️👽Alien Isolation👽☢️,But I Pretend I'm Not Scared","['English', 'Speedrun', 'gaming', 'IRL', 'Speedrunner', 'Australia', 'American', 'drops']",[],False
28,2025-04-17 00:50,A2_Grimzy,en,Fortnite,✨IM BACK ON FORTNITE✨ 🟢CODE:A2GRIMZY #AD🟢,"['tiktok', 'English', 'DropsEnabled']",[],False
28,2025-04-17 00:50,curry,en,VALORANT,DAY 2 LOW SENS ARC :O!!! !opgg !org,['English'],[],True
28,2025-04-17 00:50,zekken,en,VALORANT,sen dropped me but my 25 leg nba parlay hit so who's really on top,['English'],[],False
28,2025-04-17 00:50,johnqtcs,en,VALORANT,SEN johnqt // I was tired took a nap now Im more tired gg // !socials,['English'],[],False
29,2025-04-17 01:12,vadriss,en,Grand Theft Auto V,Day 16 of UNCAPPED Birthday SUBATHON | !merch !subathon !goals,"['English', 'Gay', 'femboy', 'LGBTQ', 'twitchprideguild']",['MatureGame'],False
29,2025-04-17 01:12,caseoh_,en,Schedule I,🟨RED 40 & CO🟨,['English'],['MatureGame'],False
29,2025-04-17 01:12,Aspen,en,Overwatch 2,[!DROPS] ITS STADIUM TIME! LEARNING THE BEST JUNO BUILD !pobox,"['English', 'DropsEnabled']",[],False
29,2025-04-17 01:12,Clix,en,Fortnite,🏆 (!DROPS ENABLED) NEW RELOAD MAP WINNING WEST EVAL TOURNEY W/ KHANADA 🏆 | Watch for 60 minutes to claim both DROPS,"['English', 'DropsEnabled']",[],False
29,2025-04-17 01:12,kraandop,en,Marvel Rivals,[!DROPS] WHOEVER GETS HIGHEST RANK IN 24 HOURS WINS. ME VS HADI. !GG !VIDEO,"['Nederlands', 'English', 'DropsEnabled']",[],False
29,2025-04-17 01:12,omareloff,en,Grand Theft Auto V,🔵 BIG WIBES 🔵 !Mohsin 🔵 !Displate 🔵 !insta 🔵 LiquidRP 🔵 Jose Exotic 🔵 GTA 5 RP 🔵 CS2 🔵 GYM: 5,['English'],['MatureGame'],False
29,2025-04-17 01:12,vector11547,es,ROBLOX,Aventuras épicas en Roblox,"['English', 'español', 'roblox', 'juegos', 'Español']",[],True
29,2025-04-17 01:12,AboudHabibi,en,ROBLOX,🔴[LIVE] Roblox with Viewers!,"['ranked', 'competitive', 'team', 'gaming', 'Engisih', 'MMO', 'English']",[],False
29,2025-04-17 01:12,RhinoThunderHLV,en,VALORANT,I have A Sister NOW ! | Subathon Day 109 - 110 | Blue Lock Rivals Deepwoken Volleyball Legends Basketball Zero Rivals Forsaken,"['English', 'BluelockRIvals', 'bluelockrivalsroblox', 'deepwoken', 'roblox', 'volleyballlegends', 'basketballzero', 'animevanguards']",[],True
30,2025-04-17 04:03,vadriss,en,Grand Theft Auto V,Day 16 of UNCAPPED Birthday SUBATHON | !merch !subathon !goals,"['English', 'Gay', 'femboy', 'LGBTQ', 'twitchprideguild']",['MatureGame'],False
30,2025-04-17 04:03,gkey,en,Minecraft,"🟪17,500+ DAYS Hardcore Minecraft🟪!project !tour !socials🟪",['English'],[],False
30,2025-04-17 04:03,omareloff,en,Counter-Strike,🔵 BIG WIBES 🔵 !Mohsin 🔵 !Displate 🔵 !insta 🔵 LiquidRP 🔵 Jose Exotic 🔵 GTA 5 RP 🔵 CS2 🔵 GYM: 5,['English'],['MatureGame'],False
30,2025-04-17 04:03,Clix,en,Fortnite,🏆 (!DROPS ENABLED) PRO TOKES WITH RON LACY KHANADA & HIGGS 🏆 | Watch for 60 minutes to claim both DROPS,"['English', 'DropsEnabled']",[],False
30,2025-04-17 04:03,kraandop,en,Marvel Rivals,[!DROPS] WHOEVER GETS HIGHEST RANK IN 24 HOURS WINS. ME VS HADI. !GG !VIDEO,"['Nederlands', 'English', 'DropsEnabled']",[],False
30,2025-04-17 04:03,Nautilifts,en,Marvel Rivals,[!DROPS] ☢️RANK #1 BRUCE BANNER☢️ || S2 RANKED // long stream ➔ !tiktok !discord,"['English', 'chill', 'aura', 'Marvel', 'marvelrivals', 'BruceBanner', 'DropsEnabled']",[],False
30,2025-04-17 04:04,Zelev_by_cv,es,Fortnite,🦊🦊MI MI MIERCOLES POR LA TARDE Y TU QUE NO LLEGAS🦊🦊,"['Español', 'Christophervelez', 'spanish', 'Latino', 'Fortnite', 'cool', 'pro', 'proplayer', 'Zelev', 'DropsActivados']",[],False
30,2025-04-17 04:04,ElSmileyGG,es,Fortnite,🙂DROPS ACTIVADOS Y REGALANDO COSAS DE LA TIENDA🙂,"['Español', 'Fortnite', 'fortinte', 'México', 'DropsActivados']",[],False
30,2025-04-17 04:04,yazmuuu,es,Call of Duty: Warzone,4to día jugando warzone,"['Español', 'DropsActivados']",['MatureGame'],False
31,2025-04-17 04:21,vadriss,en,Grand Theft Auto V,Day 16 of UNCAPPED Birthday SUBATHON | !merch !subathon !goals,"['English', 'Gay', 'femboy', 'LGBTQ', 'twitchprideguild']",['MatureGame'],False
31,2025-04-17 04:21,gkey,en,Minecraft,"🟪17,500+ DAYS Hardcore Minecraft🟪!project !tour !socials🟪",['English'],[],False
31,2025-04-17 04:21,Clix,en,Fortnite,🏆 (!DROPS ENABLED) PRO TOKES WITH RON LACY KHANADA & HIGGS 🏆 | Watch for 60 minutes to claim both DROPS,"['English', 'DropsEnabled']",[],False
31,2025-04-17 04:21,omareloff,en,Counter-Strike,🔵 BIG WIBES 🔵 !Mohsin 🔵 !Displate 🔵 !insta 🔵 LiquidRP 🔵 Jose Exotic 🔵 GTA 5 RP 🔵 CS2 🔵 GYM: 5,['English'],['MatureGame'],False
31,2025-04-17 04:21,kraandop,en,Marvel Rivals,[!DROPS] WHOEVER GETS HIGHEST RANK IN 24 HOURS WINS. ME VS HADI. !GG !VIDEO,"['Nederlands', 'English', 'DropsEnabled']",[],False
31,2025-04-17 04:21,Nautilifts,en,Marvel Rivals,[!DROPS] ☢️RANK #1 BRUCE BANNER☢️ || S2 RANKED // long stream ➔ !tiktok !discord,"['English', 'chill', 'aura', 'Marvel', 'marvelrivals', 'BruceBanner', 'DropsEnabled']",[],False
31,2025-04-17 04:21,MaiEmily,es,Marvel Rivals,Gran Master 3,"['competitivo', 'femenino', 'chica', 'honduras', 'Español']",[],False
31,2025-04-17 04:21,lizzceron,es,Overcooked! 2,HAY QUE APROVECHAR LAS VACACIONESSS | Redes: @lizzceron !boletos !lealtad !bits !redes !discord !reglas,"['Español', 'México', 'Lizzceron', 'Comediante', 'Bruja']",['ProfanityVulgarity'],False
31,2025-04-17 04:21,JiGGoni,es,Tarot,[ESP/+18] Que nos guíen las Estrellas!  !libro // un rato jugando con la LSviatan,"['retro', 'unjugador', 'asmr', 'randomizer', 'dificil', 'platica', 'Español']",[],False
32,2025-04-17 04:34,gkey,en,Minecraft,"🟪17,500+ DAYS Hardcore Minecraft🟪!project !tour !socials🟪",['English'],[],False
32,2025-04-17 04:34,Clix,en,Fortnite,🏆 (!DROPS ENABLED) PRO TOKES WITH RON LACY KHANADA & HIGGS 🏆 | Watch for 60 minutes to claim both DROPS,"['English', 'DropsEnabled']",[],False
32,2025-04-17 04:34,omareloff,en,Counter-Strike,🔵 BIG WIBES 🔵 !Mohsin 🔵 !Displate 🔵 !insta 🔵 LiquidRP 🔵 Jose Exotic 🔵 GTA 5 RP 🔵 CS2 🔵 GYM: 5,['English'],['MatureGame'],False
32,2025-04-17 04:34,Nautilifts,en,Marvel Rivals,[!DROPS] ☢️RANK #1 BRUCE BANNER☢️ || S2 RANKED // long stream ➔ !tiktok !discord,"['English', 'chill', 'aura', 'Marvel', 'marvelrivals', 'BruceBanner', 'DropsEnabled']",[],False
32,2025-04-17 04:34,kraandop,en,Marvel Rivals,[!DROPS] WHOEVER GETS HIGHEST RANK IN 24 HOURS WINS. ME VS HADI. !GG !VIDEO,"['Nederlands', 'English', 'DropsEnabled']",[],False
32,2025-04-17 04:34,Oatley,en,Fortnite,"(!DROPS ON) OCE SOLO CASH CUP | Code ""Oatley"" #ad | !socials !youtube !fncs","['FamilyFriendly', 'Fortnite', 'BattleRoyale', 'Multiplayer', 'Competitive', 'Professional', 'Positivity', 'PC', 'English', 'DropsEnabled']",[],False
32,2025-04-17 04:34,chosen_ow,en,Overwatch 2,[DROPS ✅] STADIUM PLAYTEST 🔴 CHAMP SUPPORT POV 🔴 #1 ILLARI 🔴 LONG STREAM 🔴 meow ^-^,"['English', 'top500', 'Illari', 'overwatch', 'Competitive', 'femboy', 'DropsEnabled']",[],False
32,2025-04-17 04:34,colourhex,en,Overwatch 2,[!DROPS] ANOTHER NEW VIDEO !newvid !vid | Didnt sign up for stadium because im stupid |,"['English', 'top500', 'ADHD', 'DPS', 'Overwatch2', 'Australia', 'NZL', 'NewZealand', 'chill', 'DropsEnabled']",[],False
32,2025-04-17 04:35,hadi_ow,en,Marvel Rivals,[24HOUR DROPS] TM HADI /// 24 HOUR EMMA FROST !RACE WITH @kraandop !emma 🧊 ❄️,"['german', 'sexygirlgamer', 'English', 'DropsEnabled']",[],False
33,2025-04-17 04:50,gkey,en,Minecraft,"🟪17,500+ DAYS Hardcore Minecraft🟪!project !tour !socials🟪",['English'],[],False
33,2025-04-17 04:50,Clix,en,Fortnite,🏆 (!DROPS ENABLED) PRO TOKES WITH RON LACY KHANADA & HIGGS 🏆 | Watch for 60 minutes to claim both DROPS,"['English', 'DropsEnabled']",[],False
33,2025-04-17 04:50,omareloff,en,Counter-Strike,🔵 BIG WIBES 🔵 !Mohsin 🔵 !Displate 🔵 !insta 🔵 LiquidRP 🔵 Jose Exotic 🔵 GTA 5 RP 🔵 CS2 🔵 GYM: 5,['English'],['MatureGame'],False
33,2025-04-17 04:50,Nautilifts,en,Marvel Rivals,[!DROPS] ☢️RANK #1 BRUCE BANNER☢️ || S2 RANKED // long stream ➔ !tiktok !discord,"['English', 'chill', 'aura', 'Marvel', 'marvelrivals', 'BruceBanner', 'DropsEnabled']",[],False
33,2025-04-17 04:51,kraandop,en,Marvel Rivals,[!DROPS] WHOEVER GETS HIGHEST RANK IN 24 HOURS WINS. ME VS HADI. !GG !VIDEO,"['Nederlands', 'English', 'DropsEnabled']",[],False
33,2025-04-17 04:51,August,en,Overwatch 2,🔴[!DROPS ON]🔴STADIUM! TOP 500 SUPPORTING! WOOHOO! Trying out more funny builds and feeling alive :),"['Kiriko', 'Support', 'ADHD', 'Anime', 'Top500', 'English', 'Ana', 'Juno', 'DropsEnabled']",[],False
33,2025-04-17 04:51,hadi_ow,en,Marvel Rivals,[24HOUR DROPS] TM HADI /// 24 HOUR EMMA FROST !RACE WITH @kraandop !emma 🧊 ❄️,"['german', 'sexygirlgamer', 'English', 'DropsEnabled']",[],False
33,2025-04-17 04:51,vulture_ow,en,Overwatch 2,[!DROPS] very chill junkrat comp ^_^ NO TILTING. LOCKED IN. WINNING. :D !discord !newvid,"['English', 'Competitive', 'fps', 'junkrat', 'SewerRat', 'overwatch', 'hashtagawesome', 'DropsEnabled']",[],False
33,2025-04-17 04:51,chosen_ow,en,Overwatch 2,[DROPS ✅] STADIUM PLAYTEST 🔴 CHAMP SUPPORT POV 🔴 #1 ILLARI 🔴 LONG STREAM 🔴 meow ^-^,"['English', 'top500', 'Illari', 'overwatch', 'Competitive', 'femboy', 'DropsEnabled']",[],False
34,2025-04-17 05:10,botjayttv,en,ROBLOX,✬ PS99 | BGSI ✬ Give ma Secret... ✪ Offical Partner ✪ O,"['English', 'Deutsch', 'botjaytv', 'RudeStreamer', 'petsimulator99', 'honestman']",[],False
34,2025-04-17 05:10,Nautilifts,en,Marvel Rivals,[!DROPS] ☢️RANK #1 BRUCE BANNER☢️ || S2 RANKED W/ @basimzb // long stream ➔ !tiktok !discord,"['English', 'chill', 'aura', 'Marvel', 'marvelrivals', 'BruceBanner', 'DropsEnabled']",[],False
34,2025-04-17 05:10,kraandop,en,Marvel Rivals,[!DROPS] WHOEVER GETS HIGHEST RANK IN 24 HOURS WINS. ME VS HADI. !GG !VIDEO,"['Nederlands', 'English', 'DropsEnabled']",[],False
34,2025-04-17 05:10,Smacko,en,Fortnite,DROPS ON 🫡 I’M BACK 🏠 HELLO 👋 SOLO VS SQUADS 🎯 USE CODE SMACKO ✅ #EpicPartner !drops #ad,"['English', 'Fortnite', 'ZeroBuild', 'DropsEnabled']",[],False
34,2025-04-17 05:10,gkey,en,Minecraft,"🟪17,500+ DAYS Hardcore Minecraft🟪!project !tour !socials🟪",['English'],[],False
34,2025-04-17 05:10,Oatley,en,Fortnite,"(!DROPS ON) OCE SOLO CASH CUP | Code ""Oatley"" #ad | !socials !youtube !fncs","['FamilyFriendly', 'Fortnite', 'BattleRoyale', 'Multiplayer', 'Competitive', 'Professional', 'Positivity', 'PC', 'English', 'DropsEnabled']",[],False
34,2025-04-17 05:10,AwesomeSanz,en,Just Chatting,The Uncapped Sanzathon | Day 3 | !Sanzathon,"['Comedy', 'English']",[],False
34,2025-04-17 05:10,K4hhny,en,Minecraft,🔥NEW🔥 SMP With Viewers! | Comfy Craft Season 7⭐!join !discord,"['English', 'Chilled', 'PlayingwithViewers', 'subathon', 'SMP', 'SafeSpace', 'Comfy', 'ADHD', 'Java', 'minecraft']",[],False
34,2025-04-17 05:10,fruitberries,en,VALORANT,hbg valorant but we win or lose its uncertain,['English'],[],False
35,2025-04-17 08:02,gkey,en,Minecraft,"🟪17,500+ DAYS Hardcore Minecraft🟪!project !tour !socials🟪",['English'],[],False
35,2025-04-17 08:02,botjayttv,en,ROBLOX,✬ PS99 | BGSI ✬ Give ma Secret... ✪ Offical Partner ✪ O,"['English', 'Deutsch', 'botjaytv', 'RudeStreamer', 'petsimulator99', 'honestman']",[],False
35,2025-04-17 08:02,Smacko,en,Fortnite,DROPS ON 🫡 I’M BACK 🏠 HELLO 👋 SOLO VS SQUADS 🎯 USE CODE SMACKO ✅ #EpicPartner !drops #ad,"['English', 'Fortnite', 'ZeroBuild', 'DropsEnabled']",[],False
35,2025-04-17 08:02,kraandop,en,Marvel Rivals,[!DROPS] WHOEVER GETS HIGHEST RANK IN 24 HOURS WINS. ME VS HADI. !GG !VIDEO,"['Nederlands', 'English', 'DropsEnabled']",[],False
35,2025-04-17 08:02,Nautilifts,en,Schedule I,[!DROPS] ☢️RANK #1 BRUCE BANNER☢️ || BREAKING BANNER // long stream ➔ !tiktok !discord,"['English', 'chill', 'aura', 'Marvel', 'marvelrivals', 'BruceBanner']",['MatureGame'],False
35,2025-04-17 08:02,nickpal23,en,EA Sports FC 25,"💎20,000 FC POINT PROMO PACK OPENING + BARELY ANY ADS + 2000 FC POINT GIVEAWAY??!!💎","['English', 'Interactive', 'football', 'eafc25', 'packs', 'fut', 'glitch', 'gaming', 'fifa', 'immortals']",[],False
35,2025-04-17 08:02,Pynappel,en,VALORANT,RADIANT GAMING ONLY THAT ITS A LIE // PARTNER PLUS PUSH (200/300) // !OperaGXAffiliate !partnerplus #ad,"['Screaming', 'Competitive', 'Asian', 'Ranked', 'English', 'Deutsch', 'German', 'Nederlands', 'dutch', 'Chinese中文']",[],False
35,2025-04-17 08:02,hailewhy,en,Minecraft,OMG IM SO BACK,['English'],[],False
35,2025-04-17 08:02,Kaemii,en,VALORANT,IM BACK | JETT TO RADIANT IN KOREA DAY 1,['English'],[],False
36,2025-04-17 08:22,botjayttv,en,ROBLOX,✬ PS99 | BGSI ✬ Give ma Secret... ✪ Offical Partner ✪ O,"['English', 'Deutsch', 'botjaytv', 'RudeStreamer', 'petsimulator99', 'honestman']",[],False
36,2025-04-17 08:22,Smacko,en,Fortnite,DROPS ON 🫡 I’M BACK 🏠 HELLO 👋 SOLO VS SQUADS 🎯 USE CODE SMACKO ✅ #EpicPartner !drops #ad,"['English', 'Fortnite', 'ZeroBuild', 'DropsEnabled']",[],False
36,2025-04-17 08:23,gkey,en,Minecraft,"🟪17,500+ DAYS Hardcore Minecraft🟪!project !tour !socials🟪",['English'],[],False
36,2025-04-17 08:23,kraandop,en,Marvel Rivals,[!DROPS] WHOEVER GETS HIGHEST RANK IN 24 HOURS WINS. ME VS HADI. !GG !VIDEO,"['Nederlands', 'English', 'DropsEnabled']",[],False
36,2025-04-17 08:23,Nautilifts,en,Schedule I,[!DROPS] ☢️RANK #1 BRUCE BANNER☢️ || BREAKING BANNER // long stream ➔ !tiktok !discord,"['English', 'chill', 'aura', 'Marvel', 'marvelrivals', 'BruceBanner']",['MatureGame'],False
36,2025-04-17 08:23,nickpal23,en,EA Sports FC 25,"💎20,000 FC POINT PROMO PACK OPENING + BARELY ANY ADS + 2000 FC POINT GIVEAWAY??!!💎","['English', 'Interactive', 'football', 'eafc25', 'packs', 'fut', 'glitch', 'gaming', 'fifa', 'immortals']",[],False
36,2025-04-17 08:23,POPENZL,en,Grand Theft Auto V,DayBreak RP | everythings back to normal.... right? ROAD TO 500 BUDDAS LAST STREAM OF THE WEEK YEWYEWYEW,"['Maori', 'NewZealand', 'skuxx', 'RP', 'gtarp', 'daybreak', 'tomatosauce', 'nrl', 'English']",['MatureGame'],False
36,2025-04-17 08:23,Palestinian_Soldier,en,Grand Theft Auto V,Iconic RP |Booty Riders Vs Inferno & YAKZ Vs FORSAKEN  Sponsored By MWAVE Sponsored By MWAVE,"['english', 'iconicrp', 'iconicfounder', 'fivem', 'Australia', 'English']",['MatureGame'],False
36,2025-04-17 08:23,terrelldavismay,en,Call of Duty,Warzone verdansk,"['English', 'warzone']",[],False
37,2025-04-17 08:43,botjayttv,en,ROBLOX,✬ PS99 | BGSI ✬ Give ma Secret... ✪ Offical Partner ✪ O,"['English', 'Deutsch', 'botjaytv', 'RudeStreamer', 'petsimulator99', 'honestman']",[],False
37,2025-04-17 08:43,Smacko,en,Fortnite,DROPS ON 🫡 I’M BACK 🏠 HELLO 👋 SOLO VS SQUADS 🎯 USE CODE SMACKO ✅ #EpicPartner !drops #ad,"['English', 'Fortnite', 'ZeroBuild', 'DropsEnabled']",[],False
37,2025-04-17 08:43,gkey,en,Minecraft,"🟪17,500+ DAYS Hardcore Minecraft🟪!project !tour !socials🟪",['English'],[],False
37,2025-04-17 08:43,kraandop,en,Marvel Rivals,[!DROPS] WHOEVER GETS HIGHEST RANK IN 24 HOURS WINS. ME VS HADI. !GG !VIDEO,"['Nederlands', 'English', 'DropsEnabled']",[],False
37,2025-04-17 08:43,Nautilifts,en,Schedule I,[!DROPS] ☢️RANK #1 BRUCE BANNER☢️ || BREAKING BANNER // long stream ➔ !tiktok !discord,"['English', 'chill', 'aura', 'Marvel', 'marvelrivals', 'BruceBanner']",['MatureGame'],False
37,2025-04-17 08:44,nickpal23,en,EA Sports FC 25,"💎2000 FC POINT GIVEAWAY FOR ARSENAL UCL WIN!!! 20,000 FC POINT PROMO PACK OPENING + BARELY ANY ADS💎","['English', 'Interactive', 'football', 'eafc25', 'packs', 'fut', 'glitch', 'gaming', 'fifa', 'immortals']",[],False
37,2025-04-17 08:44,AwesomeSanz,en,Just Chatting,The Uncapped Sanzathon | Day 3 | !Sanzathon,"['Comedy', 'English']",[],False
37,2025-04-17 08:44,Bormethius,en,Minecraft,MSMP DAY 3 || HELP ME***,"['English', 'LGBTQ', 'ADHD', 'nonbinanry']",[],False
37,2025-04-17 08:44,TheLostOneiroi,en,Minecraft,Daily streaming bingo till i get my klyx back :sob:,"['MCCI', 'MCC', 'PlayingwithViewers', 'pvp', 'Australian', 'English', '0nei', 'Speedrun']",[],False
38,2025-04-17 12:03,Ninja,en,Fortnite,Fortnite family... Thursday?  | Twitch Partner Anniversary 🎉 | Drops Enabled | God is good ❤️ Truly blessed,"['English', 'Ninja', 'BattleRoyale', 'Chapter6', 'YouKnowWhatsCrazy', 'LowTaperFade', 'ItsMassive', 'StillDraggingIt', 'SaveYourSkin', 'DropsEnabled']",[],False
38,2025-04-17 12:03,August,en,Overwatch 2,🔴[!DROPS ON]🔴STADIUM! TOP 500 SUPPORTING! WOOHOO! Trying out more funny builds and feeling alive :),"['Kiriko', 'Support', 'ADHD', 'Anime', 'Top500', 'English', 'Ana', 'Juno', 'DropsEnabled']",[],False
38,2025-04-17 12:03,Mario,en,Grand Theft Auto V,Hydrate RP l WHAT UP CHAT l 2383/2400 l ROAD TO 3000 SUBS!,"['English', 'ANZSubFest']",['MatureGame'],False
38,2025-04-17 12:03,Arguz11,en,ROBLOX,FREE ROBUX ON PLS DONATE! Commands on screen!,"['giveaway', 'playingwithviewers', 'roblox', 'plsdonate', 'bloxfruit', 'English', 'Rerun', 'Albion', 'mammoth', 'Silver']",[],False
38,2025-04-17 12:03,ohnePixel,en,Counter-Strike,🔴ASTRALIS LAST CHANCE MAJOR QUALIFIER (ELIMINATION)🔴,"['English', 'Esports']",['MatureGame'],False
38,2025-04-17 12:03,thefreddymc,en,Minecraft,pain suffering and beating minecraft under 35 minutes today no matter what ( i wont do it ),['English'],[],False
38,2025-04-17 12:03,Keeno,en,Grand Theft Auto V,🔴I've officially moved to KICK (Limited Content on Twitch),"['runescape', 'fitness', 'fit', 'roleplaying', 'mixer', 'australia', 'gtarp', 'fivem', 'English', 'AUS']",['MatureGame'],False
38,2025-04-17 12:03,MorkyRedEyes,en,Grand Theft Auto V,Morky & Pest Control - Pumping dogs on Hydrate RP,"['roleplay', 'gta', 'fivem', 'funny', 'comedy', 'funnygame', 'interactive', 'English']","['MatureGame', 'ProfanityVulgarity']",False
38,2025-04-17 12:03,HutchMF,en,Just Chatting,I'm still better then everyone at Tarkov,['English'],[],False
39,2025-04-17 12:21,Mario,en,Grand Theft Auto V,Hydrate RP l WHAT UP CHAT l 2383/2400 l ROAD TO 3000 SUBS!,"['English', 'ANZSubFest']",['MatureGame'],False
39,2025-04-17 12:21,sinatraa,en,Marvel Rivals,[DROPS] THANOS RANKED,"['English', 'DropsEnabled']",[],False
39,2025-04-17 12:21,Ninja,en,Fortnite,Fortnite family... Thursday?  | Twitch Partner Anniversary 🎉 | Drops Enabled | God is good ❤️ Truly blessed,"['English', 'Ninja', 'BattleRoyale', 'Chapter6', 'YouKnowWhatsCrazy', 'LowTaperFade', 'ItsMassive', 'StillDraggingIt', 'SaveYourSkin', 'DropsEnabled']",[],False
39,2025-04-17 12:21,thefreddymc,en,Minecraft,pain suffering and beating minecraft under 35 minutes today no matter what ( i wont do it ),['English'],[],False
39,2025-04-17 12:21,August,en,Overwatch 2,🔴[!DROPS ON]🔴STADIUM! TOP 500 SUPPORTING! WOOHOO! Trying out more funny builds and feeling alive :),"['Kiriko', 'Support', 'ADHD', 'Anime', 'Top500', 'English', 'Ana', 'Juno', 'DropsEnabled']",[],False
39,2025-04-17 12:21,Arguz11,en,ROBLOX,FREE ROBUX ON PLS DONATE! Commands on screen!,"['giveaway', 'playingwithviewers', 'roblox', 'plsdonate', 'bloxfruit', 'English', 'Rerun', 'Albion', 'mammoth', 'Silver']",[],False
39,2025-04-17 12:21,PushinWood,en,Sea of Thieves,🟣(24 HOUR) PARTNER PUSH!🟣SECOND CHANCE STRIM! !GIVEAWAY-DOIN BOAT STUFF! !Controller !TTS !Merch !Discord,"['AMA', 'Skateboarder', 'Multiplayer', 'COMPETITIVE', 'English', 'SoTPartner', 'holidayhoopla']",[],False
39,2025-04-17 12:21,Pufferson,en,Sea of Thieves,💛 !GIVEAWAY 💛 Pushin Puffalo w/ @mizterlucas @pushinwood 💛 | !socials !TTS !fractal !OperaGX,"['English', 'Swedish', 'Pufferson', 'Puff', 'helloitspuff', 'SeaOfThievesPartner', 'SoTPartner', 'giveaway']",[],True
39,2025-04-17 12:21,PhuzzyBond,en,Sea of Thieves,Sloop Stashes + Sails !Giveaway  | 🫖Good Vibes | 💚💜 Get SoT at 65% off !Games,"['ClosedCaptions', 'LongSilkyHair', 'FamilyFriendly', 'SeaOfThievesPartner', 'ASMR', 'English', 'Chill', 'GoodVibes']",[],False
40,2025-04-17 12:40,Ninja,en,Fortnite,Fortnite family... Thursday?  | Twitch Partner Anniversary 🎉 | Drops Enabled | God is good ❤️ Truly blessed,"['English', 'Ninja', 'BattleRoyale', 'Chapter6', 'YouKnowWhatsCrazy', 'LowTaperFade', 'ItsMassive', 'StillDraggingIt', 'SaveYourSkin', 'DropsEnabled']",[],False
40,2025-04-17 12:40,Arguz11,en,ROBLOX,FREE ROBUX ON PLS DONATE! Commands on screen!,"['giveaway', 'playingwithviewers', 'roblox', 'plsdonate', 'bloxfruit', 'English', 'Rerun', 'Albion', 'mammoth', 'Silver']",[],False
40,2025-04-17 12:40,August,en,Overwatch 2,🔴[!DROPS ON]🔴STADIUM! TOP 500 SUPPORTING! WOOHOO! Trying out more funny builds and feeling alive :),"['Kiriko', 'Support', 'ADHD', 'Anime', 'Top500', 'English', 'Ana', 'Juno', 'DropsEnabled']",[],False
40,2025-04-17 12:40,Kashy,en,ROBLOX,🔴LIVE🔴CLICK🔴FOR🔴GOOD🔴LUCK🔴!NewVid,"['Interactive', 'English', 'vibes', 'rivals']",[],False
40,2025-04-17 12:40,ohnePixel,en,Counter-Strike,🔴ASTRALIS vs B8 | BLAST MAJOR LAST CHANCE QUALIFIER🔴,"['English', 'Esports']",['MatureGame'],False
40,2025-04-17 12:40,thefreddymc,en,Minecraft,pain suffering and beating minecraft under 35 minutes today no matter what ( i wont do it ),['English'],[],False
40,2025-04-17 12:40,Skiesti,en,Overwatch 2,🔴 [!DROPS] 🔴 MERCY !STADIUM GAMING + DRIVES LATER | !mercyhelp !heroperks,"['ADHD', 'SafeSpace', 'Mercy', 'Interactive', 'Chill', 'Canadian', 'Educational', 'Support', 'ClosedCaptions', 'English']",[],False
40,2025-04-17 12:40,Anriel,en,Overwatch 2,[!Drops] New Drives 🦊 !video,"['Cozy', 'Chill', 'Kiriko', 'genshin', 'English', 'kpop', 'faceit', 'CatCam', 'DropsEnabled']",[],False
40,2025-04-17 12:40,Somnus,en,Overwatch 2,[!DROPS] OVERWATCH STADIUM SUPPORT (MOSTLY MERCY) TRIAL AND ERROR - COME HANG OUT WITH ME (VTUBER READY TO RIG FINALLY) (ᵔ⩊ᵔ) !OPERAGX,"['ADHD', 'SafeSpace', 'English', 'LGBTQIAPlus', 'ClosedCaptions', 'pngtuber', 'Cozy', 'chill', 'DropsEnabled']",[],True
41,2025-04-17 12:56,Ninja,en,Fortnite,Fortnite family... Thursday?  | Twitch Partner Anniversary 🎉 | Drops Enabled | God is good ❤️ Truly blessed,"['English', 'Ninja', 'BattleRoyale', 'Chapter6', 'YouKnowWhatsCrazy', 'LowTaperFade', 'ItsMassive', 'StillDraggingIt', 'SaveYourSkin', 'DropsEnabled']",[],False
41,2025-04-17 12:56,August,en,Overwatch 2,🔴[!DROPS ON]🔴STADIUM! TOP 500 SUPPORTING! WOOHOO! Trying out more funny builds and feeling alive :),"['Kiriko', 'Support', 'ADHD', 'Anime', 'Top500', 'English', 'Ana', 'Juno', 'DropsEnabled']",[],False
41,2025-04-17 12:56,Arguz11,en,ROBLOX,FREE ROBUX ON PLS DONATE! Commands on screen!,"['giveaway', 'playingwithviewers', 'roblox', 'plsdonate', 'bloxfruit', 'English', 'Rerun', 'Albion', 'mammoth', 'Silver']",[],False
41,2025-04-17 12:56,Kashy,en,ROBLOX,🔴LIVE🔴CLICK🔴FOR🔴GOOD🔴LUCK🔴!NewVid,"['Interactive', 'English', 'vibes', 'rivals']",[],False
41,2025-04-17 12:56,ohnePixel,en,Counter-Strike,🔴ASTRALIS vs B8 | BLAST MAJOR LAST CHANCE QUALIFIER🔴,"['English', 'Esports']",['MatureGame'],False
41,2025-04-17 12:56,thefreddymc,en,Minecraft,pain suffering and beating minecraft under 35 minutes today no matter what ( i wont do it ),['English'],[],False
41,2025-04-17 12:56,bogur,en,Marvel Rivals,!drops elo orbiter in diamond form !tierlist,"['English', 'bingus', 'silly', 'DropsEnabled']",[],False
41,2025-04-17 12:56,ZizzleHD,en,Marvel Rivals,WE GOT DROPS | !drops !lords !viewergames !clip,"['English', 'DropsEnabeled', 'tankmain', 'DropsEnabled']",[],False
41,2025-04-17 12:56,TWOoff,en,Marvel Rivals,[DROPS] Gold I to Plat PUSH 💪 Ranked Grind Continues | Marvel Rivals,"['English', 'marvelrivals', 'DropsEnabled', 'Season2', 'ViewerInteraction', 'Competitive', 'Heroshooter', 'HighEnergy', 'rankedplay', 'Chatty']",[],False
42,2025-04-17 16:01,Ninja,en,Fortnite,Fortnite family... Thursday?  | Twitch Partner Anniversary 🎉 | Drops Enabled | God is good ❤️ Truly blessed,"['English', 'Ninja', 'BattleRoyale', 'Chapter6', 'YouKnowWhatsCrazy', 'LowTaperFade', 'ItsMassive', 'StillDraggingIt', 'SaveYourSkin', 'DropsEnabled']",[],False
42,2025-04-17 16:01,WaxFraud,en,Minecraft,🔴 HARDCORE 1.21.4 DAY 4800 HOWDY DOO!! MASON TRADING HALL VIDEO IT OUT TOMORROW! NO RHOMBUS' !youtube !discord,"['waxfraud', 'English']",[],False
42,2025-04-17 16:01,ApexDabi,en,Marvel Rivals,🚨NEW [!DROPS]🚨SEASON 2 RANKED GRIND🚨VANGUARD MAIN🚨 TRAINING ARC🚨DESTROYER OF HAY BALES @ApexDabi,"['DropsEnabled', 'Morocco', 'English', 'PVP', 'ADHD', 'marvel', 'marvelrivals', 'TOP500', 'DROPS']",[],False
42,2025-04-17 16:02,Arguz11,en,ROBLOX,FREE ROBUX ON PLS DONATE! Commands on screen!,"['giveaway', 'playingwithviewers', 'roblox', 'plsdonate', 'bloxfruit', 'English', 'Rerun', 'Albion', 'mammoth', 'Silver']",[],False
42,2025-04-17 16:02,ohnePixel,en,Minecraft,"🔴EXPLORING 2B2T, THE OLDEST ANARCHY SERVER IN MINECRAFT🔴","['English', 'Esports']",[],False
42,2025-04-17 16:02,thefreddymc,en,Minecraft,pain suffering and beating minecraft under 35 minutes today no matter what ( i wont do it ),['English'],[],False
42,2025-04-17 16:02,Thebausffs,en,League of Legends,CAEDREL GIVES ME 200SUBS IF I GET CHALL END OF MONTH,['English'],[],False
42,2025-04-17 16:02,Naayil,en,League of Legends,"KOREA DAY 18, Hold On We're Going Home","['English', 'leagueoflegends']",[],False
42,2025-04-17 16:02,lol_nemesis,en,League of Legends,CAEDREL GIVES ME 200SUBS IF I GET CHALL END OF MONTH  - !patreon !nordvpn !discord,['English'],[],False
43,2025-04-17 16:17,mooda,en,VALORANT,enjoy the stream and thank me later,"['English', 'ADHD', 'TCO']",[],False
43,2025-04-17 16:17,Linkzzey,en,Minecraft,"🔴Hardcore 46,300+Days|4+Years|11,400+Hours !worldtour","['LetsPlay', 'English', 'Hardcore', 'RPG', 'Permadeath', 'SurvivaI', 'chill', 'hardcoreminecraft', 'FamilyFrendly']",[],False
43,2025-04-17 16:18,ApexDabi,en,Marvel Rivals,🚨NEW [!DROPS]🚨SEASON 2 RANKED GRIND🚨VANGUARD MAIN🚨 TRAINING ARC🚨DESTROYER OF HAY BALES @ApexDabi,"['DropsEnabled', 'Morocco', 'English', 'PVP', 'ADHD', 'marvel', 'marvelrivals', 'TOP500', 'DROPS']",[],False
43,2025-04-17 16:18,MrSavage,en,Fortnite,SOLO CASH CUP | CERTIFIED UNC LIVE | !HALLUCINA !CROSSHAIR !PING CODE 200IQ #EpicPartner,"['English', 'vogue', 'model', 'DropsEnabled']",[],False
43,2025-04-17 16:18,Arguz11,en,ROBLOX,FREE ROBUX ON PLS DONATE! Commands on screen!,"['giveaway', 'playingwithviewers', 'roblox', 'plsdonate', 'bloxfruit', 'English', 'Rerun', 'Albion', 'mammoth', 'Silver']",[],False
43,2025-04-17 16:18,ohnePixel,en,Minecraft,"🔴EXPLORING 2B2T, THE OLDEST ANARCHY SERVER IN MINECRAFT🔴","['English', 'Esports']",[],False
43,2025-04-17 16:18,Pufferson,en,Sea of Thieves,💛 !GIVEAWAY 💛 Pushin Puffalo w/ @mizterlucas @pushinwood 💛 | !socials !TTS !fractal !OperaGX,"['English', 'Swedish', 'Pufferson', 'Puff', 'helloitspuff', 'SeaOfThievesPartner', 'SoTPartner', 'giveaway']",[],True
43,2025-04-17 16:18,OphieIRL,en,Sea of Thieves,FIDDLE FORTIN' W/ @pops_mcslurm @arekluwe !YOUTUBE !coffee,"['18plus', 'English']",[],False
43,2025-04-17 16:18,BriittyBear,en,Sea of Thieves,Mega stash stealin' with @boom_roof! *BriittyBear.com* TTS200 (!keg)(!merch),"['Hype', 'Chatty', 'MentalHealth', 'LGBTQIA', 'SeaOfThievesPartner', 'NormalHands', 'NormalForehead', 'HighEnergy', 'English']",[],False
44,2025-04-17 16:30,NickEh30,en,Fortnite,DROPS ON - NEW WWE SKINS (Early Access) | Code NickEh30 #EpicPartner,"['Canadian', 'Positivity', 'BattleRoyale', 'PC', 'FamilyFriendly', 'Multiplayer', 'PVP', 'PlayingWithViewers', 'English', 'Drops']",[],False
44,2025-04-17 16:30,Linkzzey,en,Minecraft,"🔴Hardcore 46,300+Days|4+Years|11,400+Hours !worldtour","['LetsPlay', 'English', 'Hardcore', 'RPG', 'Permadeath', 'SurvivaI', 'chill', 'hardcoreminecraft', 'FamilyFrendly']",[],False
44,2025-04-17 16:31,ApexDabi,en,Marvel Rivals,🚨NEW [!DROPS]🚨SEASON 2 RANKED GRIND🚨VANGUARD MAIN🚨 TRAINING ARC🚨DESTROYER OF HAY BALES @ApexDabi,"['DropsEnabled', 'Morocco', 'English', 'PVP', 'ADHD', 'marvel', 'marvelrivals', 'TOP500', 'DROPS']",[],False
44,2025-04-17 16:31,Arguz11,en,ROBLOX,FREE ROBUX ON PLS DONATE! Commands on screen!,"['giveaway', 'playingwithviewers', 'roblox', 'plsdonate', 'bloxfruit', 'English', 'Rerun', 'Albion', 'mammoth', 'Silver']",[],False
44,2025-04-17 16:31,Anomaly,en,Counter-Strike,🔴BUYING NEW SKINS?🔴 !pirateswap !skinsmonkey,"['English', 'Fat', 'CS2']",['MatureGame'],False
44,2025-04-17 16:31,mooda,en,VALORANT,enjoy the stream and thank me later,"['English', 'ADHD', 'TCO']",[],False
44,2025-04-17 16:31,Mongraal,en,Fortnite,[DROPS ON] 🚨SOLO CASH CUP OPENS🚨  !crosshair !prime !comm,"['English', 'DropsEnabled']",[],False
44,2025-04-17 16:31,Peterbot247Official,en,Fortnite,(DROPS ON) 🔴  TOURNAMENT WATCH PARTY !settings !binds 🔴,"['English', 'DropsEnabled']",[],False
44,2025-04-17 16:31,Vadeal,de,Fortnite,komplett krank solo cash cup coach glatze | cc: vadeal #ad | !mypc,"['Deutsch', 'DropsAktiviert']",[],True
45,2025-04-17 16:51,NickEh30,en,Fortnite,DROPS ON - NEW WWE SKINS (Early Access) | Code NickEh30 #EpicPartner,"['Canadian', 'Positivity', 'BattleRoyale', 'PC', 'FamilyFriendly', 'Multiplayer', 'PVP', 'PlayingWithViewers', 'English', 'Drops']",[],False
45,2025-04-17 16:51,Sigy,en,Sea of Thieves,🔴Pirating on a Pirate Game🔴38/100🔴!YT !YT2 !tiktok !discord !OperaGX #ad | @kingdomofmachine,['English'],[],True
45,2025-04-17 16:51,Anomaly,en,Counter-Strike,🔴BUYING NEW SKINS?🔴 !pirateswap !skinsmonkey,"['English', 'Fat', 'CS2']",['MatureGame'],False
45,2025-04-17 16:51,Linkzzey,en,Minecraft,"🔴Hardcore 46,300+Days|4+Years|11,400+Hours !worldtour","['LetsPlay', 'English', 'Hardcore', 'RPG', 'Permadeath', 'SurvivaI', 'chill', 'hardcoreminecraft', 'FamilyFrendly']",[],False
45,2025-04-17 16:51,AsianJeff,en,IRL,EARLY GYM GRIND W JOJI HIS GIRLFRIEND AND NIGHTFV 💪💪💪 !sub !add !socials !community !trio !newvid,['English'],[],False
45,2025-04-17 16:51,MrSavage,en,Fortnite,SOLO CASH CUP | CERTIFIED UNC LIVE | !HALLUCINA !CROSSHAIR !PING CODE 200IQ #EpicPartner,"['English', 'vogue', 'model', 'DropsEnabled']",[],False
45,2025-04-17 16:52,Arielinaa,en,Overwatch 2,[!DROPS] Console Mercy Main 💗,"['English', 'DropsEnabled']",[],False
45,2025-04-17 16:52,Anriel,en,Overwatch 2,[!Drops] New Drives 🦊 !video,"['Cozy', 'Chill', 'Kiriko', 'genshin', 'English', 'kpop', 'faceit', 'CatCam', 'DropsEnabled']",[],False
45,2025-04-17 16:52,Skiesti,en,Overwatch 2,"🔴 [!DROPS] 🔴 DRIVES me crazy, get it??? Cause drives event is on?? :) | !mercyhelp !heroperks","['ADHD', 'SafeSpace', 'Mercy', 'Interactive', 'Chill', 'Canadian', 'Educational', 'Support', 'ClosedCaptions', 'English']",[],False
46,2025-04-17 20:02,DrDonutttttt,en,Minecraft,,"['English', 'smp', 'DonutSMP', 'drdonut', 'crystalpvp', 'pvp', 'cpvp', 'survival', 'survival', 'minecraft']",[],False
46,2025-04-17 20:02,FroggerOW,en,Overwatch 2,[DROPS ON!] OMG SEASON 16 TRAILER IM SHAKING...,"['Australian', 'English', 'DropsEnabled']",[],False
46,2025-04-17 20:02,Aspen,en,Overwatch 2,[!DROPS] ITS STADIUM TIME! LEARNING THE BEST JUNO BUILD !pobox !newvid,"['English', 'DropsEnabled']",[],False
46,2025-04-17 20:02,Arguz11,en,ROBLOX,FREE ROBUX ON PLS DONATE! Commands on screen!,"['giveaway', 'playingwithviewers', 'roblox', 'plsdonate', 'bloxfruit', 'English', 'Rerun', 'Albion', 'mammoth', 'Silver']",[],False
46,2025-04-17 20:02,Flats,en,Overwatch 2,[!DROPS ENABLED] STADIUM WITH AARON KELLER 7PM EST !gamersupps CUP COLLAB OUT NOW!!,"['English', 'DropsEnabled']",[],False
46,2025-04-17 20:03,adilswrld,en,VALORANT,😁Stop Calling Me Mooda Clone😁 TTS IS ENABLED 😁 !discord !socials,"['English', 'ADHD', 'silly', 'LOUD', 'valorant']",[],False
46,2025-04-17 20:03,Mbytes37,en,EA Sports FC 25,PLAYING AGAINST VIEWERS (SUBS) !!,['English'],[],False
46,2025-04-17 20:03,LA4AWALE,en,EA Sports FC 25,MALDINI GG OBJECTIVE ON RTG🚨 11-4/25🚨 !lootbar !discord !youtube,['English'],[],False
46,2025-04-17 20:03,e0j2_,en,EA Sports FC 25,RTG Maldini Cup and Elite Rivals! | !yt !4231,['English'],[],False
47,2025-04-17 20:17,DrDonutttttt,en,Minecraft,,"['English', 'smp', 'DonutSMP', 'drdonut', 'crystalpvp', 'pvp', 'cpvp', 'survival', 'survival', 'minecraft']",[],False
47,2025-04-17 20:17,FroggerOW,en,Overwatch 2,[DROPS ON!] OMG SEASON 16 TRAILER IM SHAKING...,"['Australian', 'English', 'DropsEnabled']",[],False
47,2025-04-17 20:17,Arguz11,en,ROBLOX,FREE ROBUX ON PLS DONATE! Commands on screen!,"['giveaway', 'playingwithviewers', 'roblox', 'plsdonate', 'bloxfruit', 'English', 'Rerun', 'Albion', 'mammoth', 'Silver']",[],False
47,2025-04-17 20:17,Grimm,en,VALORANT,😭SHORT NIGHT STREAM😭BEST SAGE MAY BE BACK😭I DONT CARE ANYMORE😭IM JUST SWINGING😭,['English'],[],False
47,2025-04-17 20:17,Aspen,en,Overwatch 2,[!DROPS] ITS STADIUM TIME! LEARNING THE BEST JUNO BUILD !pobox !newvid,"['English', 'DropsEnabled']",[],False
47,2025-04-17 20:17,adilswrld,en,VALORANT,😁Stop Calling Me Mooda Clone😁 TTS IS ENABLED 😁 !discord !socials,"['English', 'ADHD', 'silly', 'LOUD', 'valorant']",[],False
47,2025-04-17 20:17,Doublelift,en,League of Legends,🚀HUGE DAY🚀REACTS/WATCHING LCK/CRIT THEORY !crittheory🚀NA VS AMI TOMORROW @ 5PM PST🚀nearairport !opgg🚀,"['English', 'Furry', 'Vtuber', 'ChineseAmerican', 'kitten', 'kpopstan', 'washed', 'ASMR', 'ThiccGamerGirl']",[],False
47,2025-04-17 20:17,Pobelter,en,League of Legends,1330 LP chall climb (sipping on elo potion) (W streamer eugene) !aw !opgg,"['English', 'Chill', 'Anime', 'RotisserieChickens', 'lebronjames', 'xddfreezone']",[],False
47,2025-04-17 20:17,velja_lol,en,League of Legends,LR VELJA - SOLOQ TRYHARD  !operagx !200subs !youtube 107/365,"['LeagueOfLegends', 'challenger', 'English']",[],False
48,2025-04-18 00:05,AussieAntics,en,Fortnite,🔴 NEW DROPS 🔴 PRACTICING FOR PRO-AM 🔫,"['English', 'DropsEnabled']",[],False
48,2025-04-18 00:05,Grimm,en,VALORANT,😭SHORT NIGHT STREAM😭BEST SAGE MAY BE BACK😭I DONT CARE ANYMORE😭IM JUST SWINGING😭,['English'],[],False
48,2025-04-18 00:05,Aspen,en,Overwatch 2,[!DROPS] ITS STADIUM TIME! LEARNING THE BEST JUNO BUILD !pobox !newvid,"['English', 'DropsEnabled']",[],False
48,2025-04-18 00:05,eggsterr,en,VALORANT,2-0 QOR its not enough - !merch !tts,['English'],[],False
48,2025-04-18 00:05,Arguz11,en,ROBLOX,FREE ROBUX ON PLS DONATE! Commands on screen!,"['giveaway', 'playingwithviewers', 'roblox', 'plsdonate', 'bloxfruit', 'English', 'Rerun', 'Albion', 'mammoth', 'Silver']",[],False
48,2025-04-18 00:05,KreekCraft,en,ROBLOX,BLOX FRUITS GRAVITY UPDATE ☠️ FREE FRUITS ☠️ GIVEAWAY ☠️ ROBLOX LIVE,"['roblox', 'robux', 'ADHD', 'chill', 'LOUD', 'gaming', 'funny', 'Chatty', 'Cozy', 'gamer']",[],False
48,2025-04-18 00:05,sillyknives,en,Fears to Fathom: Woodbury Getaway,7ft tall alpha male dominates hardcore mode,"['gaming', 'chill', 'pro', 'eboy', 'vibes', 'shooter', 'valorant', 'English']",[],False
48,2025-04-18 00:05,thekikimon,en,ROBLOX,😎💙ROBLOX💙😎,"['English', 'kaicenat', 'PlayingwithViewers', 'chill', 'LGBT', 'kiki', 'Kikimon', 'ADHD', 'sleeping', 'giveaway']",[],False
48,2025-04-18 00:06,RealBlueStarGaming,en,ROBLOX,Rivals - ??? - 24 Hour Stream: Sub Goal: 9/55 - Playing With Viewers - !user !link,['English'],[],False
49,2025-04-18 00:25,AussieAntics,en,Fortnite,🔴 NEW DROPS 🔴 PRACTICING FOR PRO-AM 🔫,"['English', 'DropsEnabled']",[],False
49,2025-04-18 00:25,Grimm,en,VALORANT,😭SHORT NIGHT STREAM😭BEST SAGE MAY BE BACK😭I DONT CARE ANYMORE😭IM JUST SWINGING😭,['English'],[],False
49,2025-04-18 00:25,Arguz11,en,ROBLOX,FREE ROBUX ON PLS DONATE! Commands on screen!,"['giveaway', 'playingwithviewers', 'roblox', 'plsdonate', 'bloxfruit', 'English', 'Rerun', 'Albion', 'mammoth', 'Silver']",[],False
49,2025-04-18 00:25,Aspen,en,Overwatch 2,[!DROPS] ITS STADIUM TIME! LEARNING THE BEST JUNO BUILD !pobox !newvid,"['English', 'DropsEnabled']",[],False
49,2025-04-18 00:25,eggsterr,en,VALORANT,2-0 QOR its not enough - !merch !tts,['English'],[],False
49,2025-04-18 00:25,vadriss,en,Grand Theft Auto V,Day 17 of UNCAPPED Birthday SUBATHON | !merch !subathon !goals,"['English', 'Gay', 'femboy', 'LGBTQ', 'twitchprideguild']",['MatureGame'],False
49,2025-04-18 00:25,Stewie2K,en,Counter-Strike,OT shiftt | !socials !discord !tradeit,['English'],['MatureGame'],False
49,2025-04-18 00:26,Freakazoid,en,Counter-Strike,🚀FACEIT PUGS🚀!g4skins !tradeit,"['ADHD', 'WORKOUT', '420', 'pro', 'fitness', 'cs', 'English', 'justchatting', 'Competitive']",['MatureGame'],True
49,2025-04-18 00:26,CoachMaryy,en,Counter-Strike,🚨YO🚨😎SUPER DUPER AWESOME STREAMER😎🔴DEFINITELY WINNING MM GAMES🔴❗OTAG❗🔴STARS STARS STARS🔴 !twitter !stinkycheck !arozzi,"['female', 'english', 'cases', 'hobby', 'cs2', 'queen', 'burger', 'English']","['MatureGame', 'ProfanityVulgarity']",False
50,2025-04-18 00:39,AussieAntics,en,Fortnite,🔴 NEW DROPS 🔴 PRACTICING FOR PRO-AM 🔫,"['English', 'DropsEnabled']",[],False
50,2025-04-18 00:39,Grimm,en,VALORANT,😭SHORT NIGHT STREAM😭BEST SAGE MAY BE BACK😭I DONT CARE ANYMORE😭IM JUST SWINGING😭,['English'],[],False
50,2025-04-18 00:39,Arguz11,en,ROBLOX,FREE ROBUX ON PLS DONATE! Commands on screen!,"['giveaway', 'playingwithviewers', 'roblox', 'plsdonate', 'bloxfruit', 'English', 'Rerun', 'Albion', 'mammoth', 'Silver']",[],False
50,2025-04-18 00:39,Aspen,en,Overwatch 2,[!DROPS] ITS STADIUM TIME! LEARNING THE BEST JUNO BUILD !pobox !newvid,"['English', 'DropsEnabled']",[],False
50,2025-04-18 00:39,eggsterr,en,VALORANT,2-0 QOR its not enough - !merch !tts,['English'],[],False
50,2025-04-18 00:39,Clix,en,Fortnite,🚨 (!DROPS ENABLED) 2v2 vs Petersnot & Reet🚨| GRANDS SOON !  | Watch for 60 minutes to claim both DROPS,"['English', 'DropsEnabled']",[],False
50,2025-04-18 00:39,Khanada_,en,Fortnite,🏆$7500 1V1 TOKE VS @REETLOL 🏆 [DROPS ENABLED] | IM HEAT 3 | !proamduo !comm !trio !prime !toke,"['Fortnite', 'English', 'DropsEnabled']",[],False
50,2025-04-18 00:40,faxuty,en,Fortnite,(DROPS ON) 💰 REET VS NADA BIG 1V1 BXF TOKEN 💰| 🚨 99 GIRLS VS FAXUTY !newvid 🚨 | !zw !twitter !ig,"['English', 'DropsEnabled']",[],False
50,2025-04-18 00:40,Eomzo,en,Fortnite,[DROPS ON] NAW Solo Cash Cup | Qualed NAC |!tiktok !twitter !newvid !1v1,"['English', 'DropsEnabled']",[],False
51,2025-04-18 00:55,AussieAntics,en,Fortnite,🔴 NEW DROPS 🔴 PRACTICING FOR PRO-AM 🔫,"['English', 'DropsEnabled']",[],False
51,2025-04-18 00:55,Grimm,en,VALORANT,😭SHORT NIGHT STREAM😭BEST SAGE MAY BE BACK😭I DONT CARE ANYMORE😭IM JUST SWINGING😭,['English'],[],False
51,2025-04-18 00:55,Arguz11,en,ROBLOX,FREE ROBUX ON PLS DONATE! Commands on screen!,"['giveaway', 'playingwithviewers', 'roblox', 'plsdonate', 'bloxfruit', 'English', 'Rerun', 'Albion', 'mammoth', 'Silver']",[],False
51,2025-04-18 00:55,Aspen,en,Overwatch 2,[!DROPS] ITS STADIUM TIME! LEARNING THE BEST JUNO BUILD !pobox !newvid,"['English', 'DropsEnabled']",[],False
51,2025-04-18 00:55,eggsterr,en,VALORANT,2-0 QOR its not enough - !merch !tts,['English'],[],False
51,2025-04-18 00:55,Clix,en,Fortnite,🚨 (!DROPS ENABLED) 2v2 vs Petersnot & Reet🚨| GRANDS SOON !  | Watch for 60 minutes to claim both DROPS,"['English', 'DropsEnabled']",[],False
51,2025-04-18 00:55,AweTrinity,en,Minecraft,HCMC DAY 3200+ | Chill Vibes ♥ | !discord !pudge,"['chillvibes', 'positivity', 'survival', 'hardcore', 'FamilyFriendly', 'TurtleGang', 'English']",[],False
51,2025-04-18 00:55,G3TRAIL3D,en,Minecraft,GIV3AWAY! Keyword: !MAK3M3RICH | HCMC 21900+ Days |  Episode 812 | !moneymoney !vanilla,"['Hardmode', 'Hardcore', 'Survival', 'English', 'Permadeath', 'Worldbuilding', 'chill', 'Interactive']",[],False
51,2025-04-18 00:55,zoolon888,en,Minecraft,HCMC F IT FRIDAY,"['LGBTQPlus', 'Safespace4all', 'Minecraft', 'DyslexicStreamer', 'english', 'Hardcore', 'English']",[],False
52,2025-04-18 01:12,AussieAntics,en,Fortnite,🔴 NEW DROPS 🔴 PRACTICING FOR PRO-AM 🔫,"['English', 'DropsEnabled']",[],False
52,2025-04-18 01:12,Grimm,en,VALORANT,😭SHORT NIGHT STREAM😭BEST SAGE MAY BE BACK😭I DONT CARE ANYMORE😭IM JUST SWINGING😭,['English'],[],False
52,2025-04-18 01:12,Arguz11,en,ROBLOX,FREE ROBUX ON PLS DONATE! Commands on screen!,"['giveaway', 'playingwithviewers', 'roblox', 'plsdonate', 'bloxfruit', 'English', 'Rerun', 'Albion', 'mammoth', 'Silver']",[],False
52,2025-04-18 01:12,Aspen,en,Overwatch 2,[!DROPS] ITS STADIUM TIME! LEARNING THE BEST JUNO BUILD !pobox !newvid,"['English', 'DropsEnabled']",[],False
52,2025-04-18 01:13,eggsterr,en,VALORANT,2-0 QOR its not enough - !merch !tts,['English'],[],False
52,2025-04-18 01:13,Clix,en,Fortnite,🚨 (!DROPS ENABLED) 1v1 BoxFights vs AsianJeff🚨| GRANDS SOON !  | Watch for 60 minutes to claim both DROPS,"['English', 'DropsEnabled']",[],False
52,2025-04-18 01:13,curry,en,VALORANT,LEV CURRY RANKED DEMOLITION ONLY WINNING !org !opgg,['English'],[],True
52,2025-04-18 01:13,jawgemo,en,VALORANT,G2 JAWGEMO | match tomo vs c9 lil ranked and dms,['English'],[],False
52,2025-04-18 01:13,ALEKSANDAR,en,VALORANT,chilling out,['English'],[],False
53,2025-04-18 04:02,eggsterr,en,VALORANT,2-0 QOR its not enough - !merch !tts,['English'],[],False
53,2025-04-18 04:02,Oatley,en,Fortnite,"(!DROPS ON) OCE SOLO CASH CUP FINALS | Code ""Oatley"" #ad | !socials !youtube !fncs","['FamilyFriendly', 'Fortnite', 'BattleRoyale', 'Multiplayer', 'Competitive', 'Professional', 'Positivity', 'PC', 'English', 'DropsEnabled']",[],False
53,2025-04-18 04:02,ThomasShen1,en,VALORANT,Pick me boy✅Bottom frag✅ Bottom frag IRL✅,['English'],[],False
53,2025-04-18 04:02,Arguz11,en,ROBLOX,FREE ROBUX ON PLS DONATE! Commands on screen!,"['giveaway', 'playingwithviewers', 'roblox', 'plsdonate', 'bloxfruit', 'English', 'Rerun', 'Albion', 'mammoth', 'Silver']",[],False
53,2025-04-18 04:02,lightt,en,Overwatch 2,[DROPS] FARMING NA FOR TOP10 6V6 || OWCS CHINA WATCH PARTY IN Q,"['English', 'unemployed', 'DropsEnabled']",['ProfanityVulgarity'],True
53,2025-04-18 04:02,Emongg,en,Overwatch 2,[!DROPS OWCS ENABLED] OWCS CO STREAM,"['English', 'DropsEnabled']",[],False
53,2025-04-18 04:02,colourhex,en,Overwatch 2,[!DROPS] ANOTHER NEW VIDEO !newvid !vid | Didnt sign up for stadium because im stupid |,"['English', 'top500', 'ADHD', 'DPS', 'Overwatch2', 'Australia', 'NZL', 'NewZealand', 'chill', 'DropsEnabled']",[],False
53,2025-04-18 04:02,Rakattack,en,Overwatch 2,[OWCS DROPS] !LFT OWCS FINALS WATCH PARTY @ 1AM EST DRIVES NOW,"['English', 'NOMOTION', 'grippy', 'selfemployed', 'NonchalantWhiteBoy', 'chill', 'DropsEnabled']",[],False
53,2025-04-18 04:02,chosen_ow,en,Overwatch 2,[OWCS DROPS] 🟠 #1 ILLARI COSTREAM 🟠 CLEAR FANCLUB 🟠 !pylon,"['English', 'top500', 'Illari', 'overwatch', 'Competitive', 'femboy', 'DropsEnabled']",[],False
54,2025-04-18 04:17,eggsterr,en,VALORANT,2-0 QOR its not enough - !merch !tts,['English'],[],False
54,2025-04-18 04:17,Oatley,en,Fortnite,"(!DROPS ON) OCE SOLO CASH CUP FINALS | Code ""Oatley"" #ad | !socials !youtube !fncs","['FamilyFriendly', 'Fortnite', 'BattleRoyale', 'Multiplayer', 'Competitive', 'Professional', 'Positivity', 'PC', 'English', 'DropsEnabled']",[],False
54,2025-04-18 04:17,ThomasShen1,en,VALORANT,Pick me boy✅Bottom frag✅ Bottom frag IRL✅,['English'],[],False
54,2025-04-18 04:17,Emongg,en,Overwatch 2,[!DROPS OWCS ENABLED] OWCS CO STREAM,"['English', 'DropsEnabled']",[],False
54,2025-04-18 04:17,Arguz11,en,ROBLOX,FREE ROBUX ON PLS DONATE! Commands on screen!,"['giveaway', 'playingwithviewers', 'roblox', 'plsdonate', 'bloxfruit', 'English', 'Rerun', 'Albion', 'mammoth', 'Silver']",[],False
54,2025-04-18 04:17,ow_esports,en,Overwatch 2,[DROPS] OWCS Champions Clash 2025 | Day 1,"['Esports', 'English', 'fps', 'Shooter', 'Action', 'overwatch2', 'drops', 'OWCS', 'faceit', 'DropsEnabled']",[],False
54,2025-04-18 04:17,Bwipolol,en,League of Legends,Challenger tier educational TOP LANE gameplay,"['Speedrunning', 'English', 'Challenger', 'soloqueue']",[],False
54,2025-04-18 04:17,Caedrel,en,League of Legends,🔴T1 VS FEARX // IG VS JDG  #LCKWatchParty GONNA DO MINECRAFT HARDCORE WITH OHNE LATER !dpmlol !discord !displate,"['English', 'LPL', 'LCK', 'LEC']",[],False
54,2025-04-18 04:17,Wingsofdeath,en,League of Legends,1v2 TOP EVERY GAME TEAM STILL LOSE HOW THAT HAPPENED!?!?!? 1V9 WIN ANYWAYS?,"['Drops', 'English', 'Top', 'Educational', 'Muscular']",[],False
55,2025-04-18 04:36,Oatley,en,Fortnite,"(!DROPS ON) OCE SOLO CASH CUP FINALS | Code ""Oatley"" #ad | !socials !youtube !fncs","['FamilyFriendly', 'Fortnite', 'BattleRoyale', 'Multiplayer', 'Competitive', 'Professional', 'Positivity', 'PC', 'English', 'DropsEnabled']",[],False
55,2025-04-18 04:36,August,en,Overwatch 2,🔴[!DROPS ON]🔴COMP DRIVES GAMING! SUPPORTING! (for a bit) THEN MORE STADIUM! WOOOHOOOO! LET'S GET THIS BREAD HAHA :D,"['Kiriko', 'Support', 'ADHD', 'Anime', 'Top500', 'English', 'Ana', 'Juno', 'DropsEnabled']",[],False
55,2025-04-18 04:37,eggsterr,en,VALORANT,2-0 QOR its not enough - !merch !tts,['English'],[],False
55,2025-04-18 04:37,ow_esports,en,Overwatch 2,[DROPS] OWCS Champions Clash 2025 | Day 1,"['Esports', 'English', 'fps', 'Shooter', 'Action', 'overwatch2', 'drops', 'OWCS', 'faceit', 'DropsEnabled']",[],False
55,2025-04-18 04:37,Keeno,en,Grand Theft Auto V,🔴I've officially moved to KICK (Limited Content on Twitch),"['runescape', 'fitness', 'fit', 'roleplaying', 'mixer', 'australia', 'gtarp', 'fivem', 'English', 'AUS']",['MatureGame'],False
55,2025-04-18 04:37,Arguz11,en,ROBLOX,FREE ROBUX ON PLS DONATE! Commands on screen!,"['giveaway', 'playingwithviewers', 'roblox', 'plsdonate', 'bloxfruit', 'English', 'Rerun', 'Albion', 'mammoth', 'Silver']",[],False
55,2025-04-18 04:37,zoolon888,en,Minecraft,HCMC F IT FRIDAY,"['LGBTQPlus', 'Safespace4all', 'Minecraft', 'DyslexicStreamer', 'english', 'Hardcore', 'English']",[],False
55,2025-04-18 04:37,mellondoodle,en,Minecraft,"🌙 1,850+ day hardcore world • fishing village cafe building 🌙 » !newvid «","['SafeSpace', 'Woman', 'English', 'minecraft', 'hardcoreminecraft', 'Cozy', 'LurkerFriendly']",[],False
55,2025-04-18 04:37,fattymcdaddyog,en,Minecraft,HCMC Episode 101 |2 quick machines and more gathering.,"['English', 'vibing', 'Hardcore', 'minecraft', 'Permadeath']",[],False
56,2025-04-18 08:02,Oatley,en,Fortnite,"(!DROPS ON) OCE SOLO CASH CUP FINALS | Code ""Oatley"" #ad | !socials !youtube !fncs","['FamilyFriendly', 'Fortnite', 'BattleRoyale', 'Multiplayer', 'Competitive', 'Professional', 'Positivity', 'PC', 'English', 'DropsEnabled']",[],False
56,2025-04-18 08:02,Smacko,en,Fortnite,"DROPS ON ✅UNDERTAKER DOMINATING FORTNITE ✅Use Code ""SMACKO"" #EpicPartner #AD","['English', 'Fortnite', 'ZeroBuild', 'DropsEnabled']",[],False
56,2025-04-18 08:02,August,en,Overwatch 2,🔴[!OWCS DROPS + !DROPS ON]🔴COMP DRIVES GAMING! SUPPORTING! (for a bit) THEN MORE STADIUM! WOOOHOOOO! LET'S GET THIS BREAD HAHA :D,"['Kiriko', 'Support', 'ADHD', 'Anime', 'Top500', 'English', 'Ana', 'Juno', 'DropsEnabled']",[],False
56,2025-04-18 08:02,Arguz11,en,ROBLOX,FREE ROBUX ON PLS DONATE! Commands on screen!,"['giveaway', 'playingwithviewers', 'roblox', 'plsdonate', 'bloxfruit', 'English', 'Rerun', 'Albion', 'mammoth', 'Silver']",[],False
56,2025-04-18 08:02,Necros,en,Marvel Rivals,[!DROPS ENABLED] BEATING THE PART TIME STREAMER ALLEGATIONS TODAY !tierlist,"['English', 'spiderman', 'blackpanther', 'DropsEnabled']",[],False
56,2025-04-18 08:02,lightt,en,Overwatch 2,[DROPS] FARMING NA FOR TOP10 6V6 || OWCS CHINA WATCH PARTY IN Q,"['English', 'unemployed', 'DropsEnabled']",['ProfanityVulgarity'],True
56,2025-04-18 08:02,tt_nz,en,Grand Theft Auto V,Hydrate RP | Lil T up to mischief | 4Skins | !hydrate | FiveM,"['FiveM', 'English']",['MatureGame'],False
56,2025-04-18 08:02,3jrmyy,en,Grand Theft Auto V,Jeremy Oneal | Drunk ASF | Falcons Mc War,"['cute', 'black', 'strong', 'muscle', 'furry', 'goth', 'anime', 'English']",['MatureGame'],False
56,2025-04-18 08:02,NoisyDo,en,Grand Theft Auto V,FiveM - Freddy Bill 💎  💎 Day 143 - 365 🥽 BlueBirdRP 🥽,"['english', 'English', 'gta', 'RP', 'BlueBirdRP', 'BBRP', 'funny']",['MatureGame'],False
57,2025-04-18 08:23,Oatley,en,Fortnite,"(!DROPS ON) OCE SOLO CASH CUP FINALS | Code ""Oatley"" #ad | !socials !youtube !fncs","['FamilyFriendly', 'Fortnite', 'BattleRoyale', 'Multiplayer', 'Competitive', 'Professional', 'Positivity', 'PC', 'English', 'DropsEnabled']",[],False
57,2025-04-18 08:23,Smacko,en,Fortnite,"DROPS ON ✅UNDERTAKER DOMINATING FORTNITE ✅Use Code ""SMACKO"" #EpicPartner #AD","['English', 'Fortnite', 'ZeroBuild', 'DropsEnabled']",[],False
57,2025-04-18 08:23,August,en,Overwatch 2,🔴[!OWCS DROPS + !DROPS ON]🔴COMP DRIVES GAMING! SUPPORTING! (for a bit) THEN MORE STADIUM! WOOOHOOOO! LET'S GET THIS BREAD HAHA :D,"['Kiriko', 'Support', 'ADHD', 'Anime', 'Top500', 'English', 'Ana', 'Juno', 'DropsEnabled']",[],False
57,2025-04-18 08:23,Arguz11,en,ROBLOX,FREE ROBUX ON PLS DONATE! Commands on screen!,"['giveaway', 'playingwithviewers', 'roblox', 'plsdonate', 'bloxfruit', 'English', 'Rerun', 'Albion', 'mammoth', 'Silver']",[],False
57,2025-04-18 08:24,Necros,en,Marvel Rivals,[!DROPS ENABLED] BEATING THE PART TIME STREAMER ALLEGATIONS TODAY !tierlist,"['English', 'spiderman', 'blackpanther', 'DropsEnabled']",[],False
57,2025-04-18 08:24,lightt,en,Overwatch 2,[DROPS] FARMING NA FOR TOP10 6V6 || OWCS CHINA WATCH PARTY IN Q,"['English', 'unemployed', 'DropsEnabled']",['ProfanityVulgarity'],True
57,2025-04-18 08:24,Kephrii,en,Marvel Rivals,!DROPS // Eternity // Torch & Widow Enjoyer,"['English', 'Widowmaker', 'ClosedCaptions', 'DPS', 'Top500', 'Overwatch', 'BlackWidow', 'Marvel', 'Eternity', 'HumanTorch']",[],False
57,2025-04-18 08:24,evafps,en,Marvel Rivals,drops :3 put the mag in the bag cuh :p top 100 peak strategist (bucky is hot),"['egirl', 'korean', 'tiktok', '420friendly', 'gamergirl', 'marvelrivals', 'kitten', 'chill', 'English', 'cat']",[],False
57,2025-04-18 08:24,dafran,en,Overwatch 2,[DROPS ENABLED OWCS] I love you,"['English', 'DropsEnabled']",[],False
58,2025-04-18 08:43,Oatley,en,Fortnite,"(!DROPS ON) 🏆 !FNCS TOMORROW 🏆 | Code ""Oatley"" #ad | !socials !youtube","['FamilyFriendly', 'Fortnite', 'BattleRoyale', 'Multiplayer', 'Competitive', 'Professional', 'Positivity', 'PC', 'English', 'DropsEnabled']",[],False
58,2025-04-18 08:43,Smacko,en,Fortnite,"DROPS ON ✅UNDERTAKER DOMINATING FORTNITE ✅Use Code ""SMACKO"" #EpicPartner #AD","['English', 'Fortnite', 'ZeroBuild', 'DropsEnabled']",[],False
58,2025-04-18 08:43,August,en,Overwatch 2,🔴[!OWCS DROPS + !DROPS ON]🔴COMP DRIVES GAMING! SUPPORTING! (for a bit) THEN MORE STADIUM! WOOOHOOOO! LET'S GET THIS BREAD HAHA :D,"['Kiriko', 'Support', 'ADHD', 'Anime', 'Top500', 'English', 'Ana', 'Juno', 'DropsEnabled']",[],False
58,2025-04-18 08:43,Necros,en,Marvel Rivals,[!DROPS ENABLED] BEATING THE PART TIME STREAMER ALLEGATIONS TODAY !tierlist,"['English', 'spiderman', 'blackpanther', 'DropsEnabled']",[],False
58,2025-04-18 08:43,Arguz11,en,ROBLOX,FREE ROBUX ON PLS DONATE! Commands on screen!,"['giveaway', 'playingwithviewers', 'roblox', 'plsdonate', 'bloxfruit', 'English', 'Rerun', 'Albion', 'mammoth', 'Silver']",[],False
58,2025-04-18 08:43,ThomasShen1,en,VALORANT,Pick me boy✅Bottom frag✅ Bottom frag IRL✅,['English'],[],False
58,2025-04-18 08:43,ofmanny,en,Sports,PES 6 REMASTERED! CHARLTON FOR THE PREM!,['English'],[],False
58,2025-04-18 08:43,AnthonyDayTV,en,EA Sports FC 25,"🔷 TOTS IS NEARLY HERE!! 🔷 THE FIFA GOD IS HERE!! 🟡🔵 RIVALS, PACKS, SBCS AND 1V1 SUBS!! 🔵🟡 | !YT !Sub !Prime !TikTok !Merch","['uk', 'English', 'playingwithviewers', 'EASportsFC', 'FC25', 'FUTChampions', 'TeamOfTheSeason', 'TOTS', 'UltimateTeam']",[],False
58,2025-04-18 08:43,coreydarbo,en,Just Chatting,EARLY SHORT STREAM😎WE HIT 1K FOLLOWERS😎PARTNER GRIND😎SOUND LAD THAT COREY😎!ig !tiktok !discord,['English'],[],False
59,2025-04-18 09:04,Oatley,en,Fortnite,"(!DROPS ON) 🏆 !FNCS TOMORROW 🏆 | Code ""Oatley"" #ad | !socials !youtube","['FamilyFriendly', 'Fortnite', 'BattleRoyale', 'Multiplayer', 'Competitive', 'Professional', 'Positivity', 'PC', 'English', 'DropsEnabled']",[],False
59,2025-04-18 09:04,Smacko,en,Fortnite,"DROPS ON ✅UNDERTAKER DOMINATING FORTNITE ✅Use Code ""SMACKO"" #EpicPartner #AD","['English', 'Fortnite', 'ZeroBuild', 'DropsEnabled']",[],False
59,2025-04-18 09:04,August,en,Overwatch 2,🔴[!OWCS DROPS + !DROPS ON]🔴COMP DRIVES GAMING! SUPPORTING! (for a bit) THEN MORE STADIUM! WOOOHOOOO! LET'S GET THIS BREAD HAHA :D,"['Kiriko', 'Support', 'ADHD', 'Anime', 'Top500', 'English', 'Ana', 'Juno', 'DropsEnabled']",[],False
59,2025-04-18 09:04,Necros,en,Marvel Rivals,[!DROPS ENABLED] BEATING THE PART TIME STREAMER ALLEGATIONS TODAY !tierlist,"['English', 'spiderman', 'blackpanther', 'DropsEnabled']",[],False
59,2025-04-18 09:04,Arguz11,en,ROBLOX,FREE ROBUX ON PLS DONATE! Commands on screen!,"['giveaway', 'playingwithviewers', 'roblox', 'plsdonate', 'bloxfruit', 'English', 'Rerun', 'Albion', 'mammoth', 'Silver']",[],False
59,2025-04-18 09:04,ThomasShen1,en,VALORANT,Pick me boy✅Bottom frag✅ Bottom frag IRL✅,['English'],[],False
59,2025-04-18 09:05,ow_esports,en,Overwatch 2,[DROPS] OWCS Champions Clash 2025 | Day 1,"['Esports', 'English', 'fps', 'Shooter', 'Action', 'overwatch2', 'drops', 'OWCS', 'faceit', 'DropsEnabled']",[],False
59,2025-04-18 09:05,codebreaker,en,Overwatch 2,[❤️!DROPS ENABLED❤️] T500 DPS | CATDAD | JUST SOME GAMING HIP HIP HOORAY!!!,"['dps', 'chill', 'English', 'DropsEnabled']",[],False
59,2025-04-18 09:05,dafran,en,Marvel Rivals,"[DROPS] Marvel Rivals, Season 2, Hellfire Gala #AD","['English', 'DropsEnabled']",[],False
60,2025-04-18 12:02,NickEh30,en,Fortnite,DROPS ON - LIVE EVENT COUNTDOWN | Code NickEh30 #EpicPartner,"['Canadian', 'Positivity', 'BattleRoyale', 'PC', 'FamilyFriendly', 'Multiplayer', 'PVP', 'PlayingWithViewers', 'English', 'Drops']",[],False
60,2025-04-18 12:02,August,en,Overwatch 2,🔴[!OWCS DROPS + !DROPS ON]🔴COMP DRIVES GAMING! SUPPORTING! (for a bit) THEN MORE STADIUM! WOOOHOOOO! LET'S GET THIS BREAD HAHA :D,"['Kiriko', 'Support', 'ADHD', 'Anime', 'Top500', 'English', 'Ana', 'Juno', 'DropsEnabled']",[],False
60,2025-04-18 12:03,gkey,en,Half Sword,"⚔ its not about the length of the sword, its how you use it... heh 🟩 !socials 🟩",['English'],[],False
60,2025-04-18 12:03,Emongg,en,Overwatch 2,[!DROPS OWCS ENABLED] OWCS DROPS DO WORK,"['English', 'DropsEnabled']",[],False
60,2025-04-18 12:03,Mario,en,Grand Theft Auto V,Hydrate RP l WHAT UP CHAT l 2383/2400 l ROAD TO 3000 SUBS!,"['English', 'ANZSubFest']",['MatureGame'],False
60,2025-04-18 12:03,joshseki,en,VALORANT,ranked to immortal | !newvid !vlogs,"['English', 'ClosedCaptions', 'Korean', 'Radiant', 'Kpop', 'Anime']",[],False
60,2025-04-18 12:03,eleyzhau,en,Overwatch 2,𝙙𝙧𝙤𝙥𝙨 ✅ 𝙢𝙚𝙧𝙘𝙮 𝙢𝙖𝙞𝙣 🐇 ₓₒ⋆:°*,"['English', 'Support', 'Mercy', 'AAAAAAAAAAAA']",[],False
60,2025-04-18 12:03,mL7support,en,Overwatch 2,🔴OWCS !DROPS ON 🔴 CHECK OUT THE NEW !247 CHANNEL 🔴 !VIDEO !SOCIALS 🔴,"['English', 'gaming', 'Overｗatch2', 'SupportMain', 'DropsEnabled']",[],False
60,2025-04-18 12:03,codebreaker,en,Overwatch 2,[❤️!DROPS ENABLED❤️] T500 DPS | CATDAD | JUST SOME GAMING HIP HIP HOORAY!!!,"['dps', 'chill', 'English', 'DropsEnabled']",[],False
61,2025-04-18 16:02,AussieAntics,en,Fortnite,🏆 WATCHING SOLO CASH CUP FINALS 🏆 PRO POVs IN REPLAYS 👀,"['English', 'DropsEnabled']",[],False
61,2025-04-18 16:02,joshseki,en,VALORANT,ranked to immortal | !newvid !vlogs,"['English', 'ClosedCaptions', 'Korean', 'Radiant', 'Kpop', 'Anime']",[],False
61,2025-04-18 16:02,levi_thomas_evans,en,EA Sports FC 25,🔥BARCELONA MANAGER CAREER 🔥,"['English', 'fc25', 'footballmanager', 'fc25careermode']",[],False
61,2025-04-18 16:02,Philza,en,Minecraft,The Realm SMP • FOREST BUILD THING WOOO • !newvid !realm !map !merch,"['English', 'distracted', 'British', 'Hardcore', 'chill']",[],False
61,2025-04-18 16:03,ohnePixel,en,Minecraft,🔴MINECRAFT HARDCORE WITH @CAEDREL (FINAL TRY)🔴,"['English', 'Esports']",[],False
61,2025-04-18 16:03,Arguz11,en,ROBLOX,FREE ROBUX ON PLS DONATE! Commands on screen!,"['giveaway', 'playingwithviewers', 'roblox', 'plsdonate', 'bloxfruit', 'English', 'Rerun', 'Albion', 'mammoth', 'Silver']",[],False
61,2025-04-18 16:03,orangemorange,de,Grand Theft Auto V,[GVMP] orangemorange der GTA RP Server tester. !Kick für free 10€.,['Deutsch'],"['MatureGame', 'ProfanityVulgarity']",False
61,2025-04-18 16:03,JVKSON,de,Red Dead Redemption 2,[FATLADY]  B E L F O R T - Der ADEL  !holy !tiktok !discord !server !insta,['Deutsch'],['MatureGame'],True
61,2025-04-18 16:03,LOONEY,de,Red Dead Redemption 2,[FATLADY] WHITELIST,"['English', 'SCUM', 'gta', 'MMO', 'Deutsch', 'fivem', 'rp', 'Roleplay', 'GTA5Onlline', 'gtavrproleplay']",['MatureGame'],True
62,2025-04-18 16:22,AussieAntics,en,Fortnite,🏆 WATCHING SOLO CASH CUP FINALS 🏆 PRO POVs IN REPLAYS 👀,"['English', 'DropsEnabled']",[],False
62,2025-04-18 16:22,joshseki,en,VALORANT,ranked to immortal | !newvid !vlogs,"['English', 'ClosedCaptions', 'Korean', 'Radiant', 'Kpop', 'Anime']",[],False
62,2025-04-18 16:23,levi_thomas_evans,en,EA Sports FC 25,🔥BARCELONA MANAGER CAREER 🔥,"['English', 'fc25', 'footballmanager', 'fc25careermode']",[],False
62,2025-04-18 16:23,Philza,en,Minecraft,The Realm SMP • FOREST BUILD THING WOOO • !newvid !realm !map !merch,"['English', 'distracted', 'British', 'Hardcore', 'chill']",[],False
62,2025-04-18 16:23,ohnePixel,en,Minecraft,🔴MINECRAFT HARDCORE WITH @CAEDREL (FINAL TRY)🔴,"['English', 'Esports']",[],False
62,2025-04-18 16:23,Arguz11,en,ROBLOX,FREE ROBUX ON PLS DONATE! Commands on screen!,"['giveaway', 'playingwithviewers', 'roblox', 'plsdonate', 'bloxfruit', 'English', 'Rerun', 'Albion', 'mammoth', 'Silver']",[],False
62,2025-04-18 16:23,TheBakedDean,en,Minecraft,Hardcore Minecraft 9700+ days | ROGUES HALL IS OPEN! | !Merch !HOF !Server | @TheBakedDean,"['English', 'building', 'ClosedCaptions', 'Hardcore', 'minecraft', 'HardMode', 'FeetLoversWelcome', 'longtermworld', 'ADHDStreamer', 'drops']",[],False
62,2025-04-18 16:23,dougot,en,Minecraft,"🔴 NETHER HUB BIG DIG❗38,578 DAYS 📆❗10,802 HOURS ⏰❗95,817,000 BLOCKS ⛏❗!fish !tour","['English', 'wrholderbtw', 'YoungSheldon', 'survival', 'mining', 'longstream', 'WRHolder', 'vanilla', 'ASMR', 'Fisherman']",[],False
62,2025-04-18 16:23,Mogswamp,en,Minecraft,Building Cyberpunk ft. Tacosquad,"['English', 'LGBTQ', 'minecraft', 'grinding', 'minecraftcreativebuilding']",[],False
63,2025-04-18 16:39,AussieAntics,en,Fortnite,🏆 WATCHING SOLO CASH CUP FINALS 🏆 PRO POVs IN REPLAYS 👀,"['English', 'DropsEnabled']",[],False
63,2025-04-18 16:40,SnowyFPS,en,Sea of Thieves,Galleon Hourglass ⛵ │ !level ⭐,"['English', 'Variety', 'snowyfps', 'seaofthieves', 'hourglasspvp', 'hourglass', 'immortalValorant']",[],False
63,2025-04-18 16:40,ohnePixel,en,Minecraft,🔴MINECRAFT HARDCORE WITH @CAEDREL (FINAL TRY)🔴,"['English', 'Esports']",[],False
63,2025-04-18 16:40,Philza,en,Minecraft,The Realm SMP • FOREST BUILD THING WOOO • !newvid !realm !map !merch,"['English', 'distracted', 'British', 'Hardcore', 'chill']",[],False
63,2025-04-18 16:40,Arguz11,en,ROBLOX,FREE ROBUX ON PLS DONATE! Commands on screen!,"['giveaway', 'playingwithviewers', 'roblox', 'plsdonate', 'bloxfruit', 'English', 'Rerun', 'Albion', 'mammoth', 'Silver']",[],False
63,2025-04-18 16:40,Linkzzey,en,Minecraft,"🔴Hardcore 46,300+Days|4+Years|11,400+Hours !worldtour","['LetsPlay', 'English', 'Hardcore', 'RPG', 'Permadeath', 'SurvivaI', 'chill', 'hardcoreminecraft', 'FamilyFrendly']",[],False
63,2025-04-18 16:40,Caedrel,en,Minecraft,🔴MINECRAFT HARDCORE FT @OHNEPIXEL COMPLETING THE GAME TODAYYYYY !dpmlol !discord !displate,"['English', 'LPL', 'LCK', 'LEC']",[],False
63,2025-04-18 16:40,Drututt,en,League of Legends,(596) TRUE FILL. maybe arena later !linktree,['English'],[],False
63,2025-04-18 16:40,Azzapp,en,League of Legends,Rank 81 KOREA Best Vel'Koz World Geometry Perfection Sup/Bot/Mid? !operagx,"['nobackseating', 'challenge', 'velkoz', 'league', 'leagueoflegends', 'challenger', 'English', 'NeverSurrender', 'NeverFF', 'UNYIELDINGSPIRIT']",[],False
64,2025-04-18 16:52,AussieAntics,en,Fortnite,🏆 WATCHING SOLO CASH CUP FINALS 🏆 PRO POVs IN REPLAYS 👀,"['English', 'DropsEnabled']",[],False
64,2025-04-18 16:52,ohnePixel,en,Minecraft,🔴MINECRAFT HARDCORE WITH @CAEDREL (FINAL TRY)🔴,"['English', 'Esports']",[],False
64,2025-04-18 16:52,SnowyFPS,en,Sea of Thieves,Galleon Hourglass ⛵ │ !level ⭐,"['English', 'Variety', 'snowyfps', 'seaofthieves', 'hourglasspvp', 'hourglass', 'immortalValorant']",[],False
64,2025-04-18 16:52,Philza,en,Minecraft,The Realm SMP • FOREST BUILD THING WOOO • !newvid !realm !map !merch,"['English', 'distracted', 'British', 'Hardcore', 'chill']",[],False
64,2025-04-18 16:52,Arguz11,en,ROBLOX,FREE ROBUX ON PLS DONATE! Commands on screen!,"['giveaway', 'playingwithviewers', 'roblox', 'plsdonate', 'bloxfruit', 'English', 'Rerun', 'Albion', 'mammoth', 'Silver']",[],False
64,2025-04-18 16:52,Linkzzey,en,Minecraft,"🔴Hardcore 46,300+Days|4+Years|11,400+Hours !worldtour","['LetsPlay', 'English', 'Hardcore', 'RPG', 'Permadeath', 'SurvivaI', 'chill', 'hardcoreminecraft', 'FamilyFrendly']",[],False
64,2025-04-18 16:52,not_m1nh,en,VALORANT,BEST GOLD PLAYER!,"['English', 'asain']",[],False
64,2025-04-18 16:52,ShadowSnipess,en,ROBLOX,PS99 Slime Factory Part 2 ~ Need to get this titanic! ~ Giveaways ~ !discord !user,"['EN', 'PL', 'chilling', 'English']",[],False
64,2025-04-18 16:53,SirDanDeMan,en,ROBLOX,UPDATE COUNTDOWN 1 HOUR - 🍬 Bubble Gum Simulator Infinity 🍬- 24/7,"['Roblox', 'BubbleGumSimulator', 'BGSI', 'PetSimulator99', 'PetSim99', 'PS99', 'RebirthChampionsX', 'Simulator', 'English']",[],False
65,2025-04-18 20:02,DrDonutttttt,en,Minecraft,,"['English', 'smp', 'DonutSMP', 'drdonut', 'crystalpvp', 'pvp', 'cpvp', 'survival', 'minecraft', 'server']",[],False
65,2025-04-18 20:02,AussieAntics,en,Fortnite,🏆 WATCHING SOLO CASH CUP FINALS 🏆 PETERBOT POV IN REPLAYS 👀,"['English', 'DropsEnabled']",[],False
65,2025-04-18 20:02,adilswrld,en,VALORANT,😁Stop Calling Me Mooda Clone😁 TTS IS ENABLED 😁 !discord !socials,"['English', 'ADHD', 'silly', 'LOUD', 'valorant']",[],False
65,2025-04-18 20:02,Arguz11,en,ROBLOX,FREE ROBUX ON PLS DONATE! Commands on screen!,"['giveaway', 'playingwithviewers', 'roblox', 'plsdonate', 'bloxfruit', 'English', 'Rerun', 'Albion', 'mammoth', 'Silver']",[],False
65,2025-04-18 20:02,Linkzzey,en,Minecraft,"🔴Hardcore 46,300+Days|4+Years|11,400+Hours !worldtour","['LetsPlay', 'English', 'Hardcore', 'RPG', 'Permadeath', 'SurvivaI', 'chill', 'hardcoreminecraft', 'FamilyFrendly']",[],False
65,2025-04-18 20:02,Clix,en,Fortnite,🏆 I HAVE THE FNCS PICKAXE OMG NOWAY | WINNING SOLO CASH CUP 🏆 !vid,"['English', 'DropsEnabled']",[],False
65,2025-04-18 20:02,Freakazoid,en,Counter-Strike,"🚀FRIDAY FACEIT - Family in town, shorter stream🚀!g4skins !tradeit","['ADHD', 'WORKOUT', '420', 'pro', 'fitness', 'cs', 'English', 'justchatting', 'Competitive']",['MatureGame'],True
65,2025-04-18 20:02,n0thing,en,Counter-Strike,FACEIT COMP !dmarket !thunderpick !steelseries,"['golf', 'cooking', 'Pro', 'Valorant', 'CSGO', 'English', 'tipsandtricks']",['MatureGame'],False
65,2025-04-18 20:03,Stewie2K,en,Counter-Strike,GameTimeee | !socials !discord !tradeit,['English'],['MatureGame'],False
66,2025-04-18 20:24,DrDonutttttt,en,Minecraft,,"['English', 'smp', 'DonutSMP', 'drdonut', 'crystalpvp', 'pvp', 'cpvp', 'survival', 'minecraft', 'server']",[],False
66,2025-04-18 20:24,AussieAntics,en,Fortnite,🏆 WATCHING SOLO CASH CUP FINALS 🏆 PETERBOT POV IN REPLAYS 👀,"['English', 'DropsEnabled']",[],False
66,2025-04-18 20:24,adilswrld,en,VALORANT,😁Stop Calling Me Mooda Clone😁 TTS IS ENABLED 😁 !discord !socials,"['English', 'ADHD', 'silly', 'LOUD', 'valorant']",[],False
66,2025-04-18 20:24,Clix,en,Fortnite,🏆 I HAVE THE FNCS PICKAXE OMG NOWAY | WINNING SOLO CASH CUP 🏆 !vid,"['English', 'DropsEnabled']",[],False
66,2025-04-18 20:24,ow_esports,en,Overwatch 2,[DROPS][REBROADCAST] OWCS Champions Clash 2025 | Day 1,"['Esports', 'English', 'fps', 'Shooter', 'Action', 'overwatch2', 'drops', 'OWCS', 'faceit', 'DropsEnabled']",[],False
66,2025-04-18 20:24,Arguz11,en,ROBLOX,FREE ROBUX ON PLS DONATE! Commands on screen!,"['giveaway', 'playingwithviewers', 'roblox', 'plsdonate', 'bloxfruit', 'English', 'Rerun', 'Albion', 'mammoth', 'Silver']",[],False
66,2025-04-18 20:24,zwebackhd,en,EA Sports FC 25,(+)🥶 TOTS WARM UP IS HERE!! NOT SAVING PACKS!! COLD EVO CONTENT?!? Friday RTG Vibin' !merch !prime,"['FIFA', 'SPORTS', 'SOCCER', 'English', 'FC']",[],False
66,2025-04-18 20:24,Stokes,en,EA Sports FC 25,TOTS WARM UP DOUBLE WEEKEND LEAGUE!!!!! || !4411 !4222,['English'],[],False
66,2025-04-18 20:24,Mbytes37,en,Call of Duty: Warzone,DROGBA IS BUMBUM CHEEKS,"['English', 'DropsEnabled']",['MatureGame'],False
67,2025-04-18 20:39,DrDonutttttt,en,Minecraft,,"['English', 'smp', 'DonutSMP', 'drdonut', 'crystalpvp', 'pvp', 'cpvp', 'survival', 'minecraft', 'server']",[],False
67,2025-04-18 20:39,AussieAntics,en,Fortnite,🏆 WATCHING SOLO CASH CUP FINALS 🏆 PETERBOT POV IN REPLAYS 👀,"['English', 'DropsEnabled']",[],False
67,2025-04-18 20:39,Clix,en,Fortnite,🏆 I HAVE THE FNCS PICKAXE OMG NOWAY | WINNING SOLO CASH CUP 🏆 !vid,"['English', 'DropsEnabled']",[],False
67,2025-04-18 20:39,ow_esports,en,Overwatch 2,[DROPS][REBROADCAST] OWCS Champions Clash 2025 | Day 1,"['Esports', 'English', 'fps', 'Shooter', 'Action', 'overwatch2', 'drops', 'OWCS', 'faceit', 'DropsEnabled']",[],False
67,2025-04-18 20:39,Arguz11,en,ROBLOX,FREE ROBUX ON PLS DONATE! Commands on screen!,"['giveaway', 'playingwithviewers', 'roblox', 'plsdonate', 'bloxfruit', 'English', 'Rerun', 'Albion', 'mammoth', 'Silver']",[],False
67,2025-04-18 20:39,vulture_ow,en,Overwatch 2,[!DROPS] long stream.... grinding drives. gulp. !discord !newvid,"['English', 'Competitive', 'fps', 'junkrat', 'SewerRat', 'overwatch', 'hashtagawesome', 'DropsEnabled']",[],False
67,2025-04-18 20:39,LeooKnightus,en,Minecraft,ART FAIR ART FAIR ART FAIR play.blossomcraft.org,"['Minecraft', 'BlossomCraft', 'English', 'drops', 'Variety', 'SMP', 'pokemon', 'shinyhunting']",[],True
67,2025-04-18 20:39,EZ_CLAPS09,en,Minecraft,MEGA BUILD FRIDAY. Use these commands: !rewardsprogram !discord !yt !tiktok !venmo.,"['English', 'FamilyFriendly', 'justchatting', 'interactive', 'underratedstreamer', 'LOUD', 'chill', 'minecraft', 'playingwithviewers']",[],False
67,2025-04-18 20:40,mooonriu,en,Minecraft,🌙Minecraft Hardcore🌙,"['Vtuber', 'English', 'Cozy']",[],False
68,2025-04-18 20:53,DrDonutttttt,en,Minecraft,,"['English', 'smp', 'DonutSMP', 'drdonut', 'crystalpvp', 'pvp', 'cpvp', 'survival', 'minecraft', 'server']",[],False
68,2025-04-18 20:53,AussieAntics,en,Fortnite,🏆 WATCHING SOLO CASH CUP FINALS 🏆 PETERBOT POV IN REPLAYS 👀,"['English', 'DropsEnabled']",[],False
68,2025-04-18 20:53,vulture_ow,en,Overwatch 2,[!DROPS] long stream.... grinding drives. gulp. !discord !newvid,"['English', 'Competitive', 'fps', 'junkrat', 'SewerRat', 'overwatch', 'hashtagawesome', 'DropsEnabled']",[],False
68,2025-04-18 20:53,Linkzzey,en,Minecraft,"🔴Hardcore 46,300+Days|4+Years|11,400+Hours !worldtour","['LetsPlay', 'English', 'Hardcore', 'RPG', 'Permadeath', 'SurvivaI', 'chill', 'hardcoreminecraft', 'FamilyFrendly']",[],False
68,2025-04-18 20:53,Clix,en,Fortnite,🏆 I HAVE THE FNCS PICKAXE OMG NOWAY | WINNING SOLO CASH CUP 🏆 !vid,"['English', 'DropsEnabled']",[],False
68,2025-04-18 20:54,ow_esports,en,Overwatch 2,[DROPS][REBROADCAST] OWCS Champions Clash 2025 | Day 1,"['Esports', 'English', 'fps', 'Shooter', 'Action', 'overwatch2', 'drops', 'OWCS', 'faceit', 'DropsEnabled']",[],False
68,2025-04-18 20:54,backtrackace,en,Sea of Thieves,gally,"['seaofthieves', 'English', 'helm']",[],False
68,2025-04-18 20:54,PushinWood,en,Sea of Thieves,🟣PARTNER PUSH!🟣!GIVEAWAY-DOIN BOAT STUFF! !Controller !TTS !Merch !Discord,"['AMA', 'Skateboarder', 'Multiplayer', 'COMPETITIVE', 'English', 'SoTPartner', 'holidayhoopla']",[],False
68,2025-04-18 20:54,StephanPiache,en,Sea of Thieves,Boat Game - Mega Stash Event,"['ChillPlaythrough', 'NoBackseating', 'English', 'YourMom']",[],False
69,2025-04-19 00:02,eggsterr,en,VALORANT,yoru god ranked - !merch,['English'],[],False
69,2025-04-19 00:02,Clix,en,Fortnite,🏆 I HAVE THE FNCS PICKAXE OMG NOWAY | WINNING SOLO CASH CUP 🏆 !vid,"['English', 'DropsEnabled']",[],False
69,2025-04-19 00:02,Aspen,en,Overwatch 2,[!DROPS] GETTING MY DRIVES! OMGG !pobox !newvid,"['English', 'DropsEnabled']",[],False
69,2025-04-19 00:03,MrZacCas,en,Just Chatting,"👽Alien Isolation👽, BUT I GOT A FLAMETHROWER","['English', 'Speedrun', 'gaming', 'IRL', 'Speedrunner', 'Australia', 'American', 'drops']",[],False
69,2025-04-19 00:03,vadriss,en,Grand Theft Auto V,Day 18 of UNCAPPED Birthday SUBATHON | Partner Anniversary | !merch !subathon !goals,"['English', 'Gay', 'femboy', 'LGBTQ', 'twitchprideguild']",['MatureGame'],False
69,2025-04-19 00:03,Arguz11,en,ROBLOX,FREE ROBUX ON PLS DONATE! Commands on screen!,"['giveaway', 'playingwithviewers', 'roblox', 'plsdonate', 'bloxfruit', 'English', 'Rerun', 'Albion', 'mammoth', 'Silver']",[],False
69,2025-04-19 00:03,Stewie2K,en,Counter-Strike,GameTimeee | !socials !discord !tradeit,['English'],['MatureGame'],False
69,2025-04-19 00:03,1Fruitcupx,en,Counter-Strike,FPL,"['csgo', 'English', 'CS2']",['MatureGame'],False
69,2025-04-19 00:03,Freakazoid,en,Counter-Strike,"🚀FRIDAY FACEIT - Family in town, shorter stream🚀!g4skins !tradeit","['ADHD', 'WORKOUT', '420', 'pro', 'fitness', 'cs', 'English', 'justchatting', 'Competitive']",['MatureGame'],True
70,2025-04-19 00:20,eggsterr,en,VALORANT,yoru god ranked - !merch,['English'],[],False
70,2025-04-19 00:20,Clix,en,Fortnite,🏆 I HAVE THE FNCS PICKAXE OMG NOWAY | WINNING SOLO CASH CUP 🏆 !vid,"['English', 'DropsEnabled']",[],False
70,2025-04-19 00:20,Aspen,en,Overwatch 2,[!DROPS] GETTING MY DRIVES! OMGG !pobox !newvid,"['English', 'DropsEnabled']",[],False
70,2025-04-19 00:20,vadriss,en,Grand Theft Auto V,Day 18 of UNCAPPED Birthday SUBATHON | Partner Anniversary | !merch !subathon !goals,"['English', 'Gay', 'femboy', 'LGBTQ', 'twitchprideguild']",['MatureGame'],False
70,2025-04-19 00:20,Arguz11,en,ROBLOX,FREE ROBUX ON PLS DONATE! Commands on screen!,"['giveaway', 'playingwithviewers', 'roblox', 'plsdonate', 'bloxfruit', 'English', 'Rerun', 'Albion', 'mammoth', 'Silver']",[],False
70,2025-04-19 00:20,CarlCrafts,en,Minecraft,9550+ DAYS HARDCORE - BUILDING AN ALLAY CASTLE - !THRONE !TIKTOK,"['Australian', 'ADHD', 'Hardcore', 'English', 'Neurodivergent', 'Aussie', 'ClosedCaptions', 'Beard', 'vanilla', 'OCE']",[],False
70,2025-04-19 00:20,TeamCaptain001,en,Marvel Rivals,[DROPS] Season 2 !tierlist 👑 TOP 500 GRIND😎EMMA FROST GOONERS ANONYMOUS😳WOLVERINE BUGS FIXED? | !video !guide !TTS,"['Scottish', 'GInger', 'ｖtuber', 'Sexyboy', 'forsen', 'English', 'wolverine', 'ADHD', 'top500', 'DropsEnabled']",[],False
70,2025-04-19 00:20,reallysticky999,en,Marvel Rivals,(DROPS) RANK ONE SPIDER-MAN IM NOT A ONE TRICK EITHER,"['English', 'DropsEnabled']",[],False
70,2025-04-19 00:20,Luckyzeal,en,Marvel Rivals,#1 NA SPIDEY IN THE WORLD (TOP 7 GLOBAL) / !discord,"['spiderman', 'marvelrivals', 'top500', 'Spidey', 'LOUD', 'English', 'DropsEnabled']",[],False
71,2025-04-19 00:35,eggsterr,en,VALORANT,yoru god ranked - !merch,['English'],[],False
71,2025-04-19 00:36,Clix,en,Fortnite,🏆 I HAVE THE FNCS PICKAXE OMG NOWAY | WINNING SOLO CASH CUP 🏆 !vid,"['English', 'DropsEnabled']",[],False
71,2025-04-19 00:36,Aspen,en,Overwatch 2,[!DROPS] GETTING MY DRIVES! OMGG !pobox !newvid,"['English', 'DropsEnabled']",[],False
71,2025-04-19 00:36,vadriss,en,Grand Theft Auto V,Day 18 of UNCAPPED Birthday SUBATHON | Partner Anniversary | !merch !subathon !goals,"['English', 'Gay', 'femboy', 'LGBTQ', 'twitchprideguild']",['MatureGame'],False
71,2025-04-19 00:36,CarlCrafts,en,Minecraft,9550+ DAYS HARDCORE - BUILDING AN ALLAY CASTLE - !THRONE !TIKTOK,"['Australian', 'ADHD', 'Hardcore', 'English', 'Neurodivergent', 'Aussie', 'ClosedCaptions', 'Beard', 'vanilla', 'OCE']",[],False
71,2025-04-19 00:36,Arguz11,en,ROBLOX,FREE ROBUX ON PLS DONATE! Commands on screen!,"['giveaway', 'playingwithviewers', 'roblox', 'plsdonate', 'bloxfruit', 'English', 'Rerun', 'Albion', 'mammoth', 'Silver']",[],False
71,2025-04-19 00:36,Client,en,PANICORE,Spooky time with @nikkiess_ | !Socials,"['GTA', 'Roleplay', 'English', 'RP', 'Mature']",[],False
71,2025-04-19 00:36,Zolo,other,Grand Theft Auto V,Officer Grant🎈Mr PC🎈  !clips !reacts !prodigyRP,"['English', 'zolo', 'ChangGang', 'AllLanguages']",['MatureGame'],False
71,2025-04-19 00:36,JessicaRoseTV,en,Grand Theft Auto V,Dep. Chief LeAnn Cassidy | Subathon Day 23 76k HYPE!!! | Prodigy 2.6 DAY! RP WL,"['Queer', 'LGBTQIAPlus', 'ADHD', 'chill', 'profanity', 'English', 'ｃｏｚｙ', 'Roleplay', 'GTARP', 'ProdigyRP']",['MatureGame'],False
72,2025-04-19 00:50,eggsterr,en,VALORANT,yoru god ranked - !merch,['English'],[],False
72,2025-04-19 00:50,Clix,en,Fortnite,🏆 I HAVE THE FNCS PICKAXE OMG NOWAY | WINNING SOLO CASH CUP 🏆 !vid,"['English', 'DropsEnabled']",[],False
72,2025-04-19 00:50,Aspen,en,Overwatch 2,[!DROPS] GETTING MY DRIVES! OMGG !pobox !newvid,"['English', 'DropsEnabled']",[],False
72,2025-04-19 00:50,CarlCrafts,en,Minecraft,9550+ DAYS HARDCORE - BUILDING AN ALLAY CASTLE - !THRONE !TIKTOK,"['Australian', 'ADHD', 'Hardcore', 'English', 'Neurodivergent', 'Aussie', 'ClosedCaptions', 'Beard', 'vanilla', 'OCE']",[],False
72,2025-04-19 00:50,vadriss,en,Grand Theft Auto V,Day 18 of UNCAPPED Birthday SUBATHON | Partner Anniversary | !merch !subathon !goals,"['English', 'Gay', 'femboy', 'LGBTQ', 'twitchprideguild']",['MatureGame'],False
72,2025-04-19 00:50,Arguz11,en,ROBLOX,FREE ROBUX ON PLS DONATE! Commands on screen!,"['giveaway', 'playingwithviewers', 'roblox', 'plsdonate', 'bloxfruit', 'English', 'Rerun', 'Albion', 'mammoth', 'Silver']",[],False
72,2025-04-19 00:50,TheRaizon,es,ROBLOX,JUGANDO CON USTEDES Y CHARLANDO!!,"['Español', 'roblox', 'minecraft', 'charlando', 'Peru', 'humor', 'latinoamerica']",[],False
72,2025-04-19 00:50,Zintid,en,ROBLOX,ROBUX GIVEAWAY | !giveaway | !discord | !play FREE ROBUX,"['English', 'Rerun']",[],False
72,2025-04-19 00:50,MoonyMood1,en,Just Chatting,Listen To Me Stutter While Talking About Imaginary People | Come Vibe With Me!,"['English', 'Chill', 'ADHD', 'ADD', 'Relaxing']",[],False
73,2025-04-19 04:02,Oatley,en,Fortnite,"(!DROPS ON) OCE FNCS GROUP STAGE | Code ""Oatley"" #ad | !socials !youtube !delay","['FamilyFriendly', 'Fortnite', 'BattleRoyale', 'Multiplayer', 'Competitive', 'Professional', 'Positivity', 'PC', 'English', 'DropsEnabled']",[],False
73,2025-04-19 04:02,LCK,en,League of Legends,GEN vs BRO - NS vs HLE | 2025 LCK Round 1,"['Esports', 'English']",[],False
73,2025-04-19 04:02,vadriss,en,Grand Theft Auto V,Day 18 of UNCAPPED Birthday SUBATHON | Partner Anniversary | !merch !subathon !goals,"['English', 'Gay', 'femboy', 'LGBTQ', 'twitchprideguild']",['MatureGame'],False
73,2025-04-19 04:02,Emongg,en,Overwatch 2,[!DROPS OWCS ENABLED] NEW OWCS DROPS,"['English', 'DropsEnabled']",[],False
73,2025-04-19 04:02,eggsterr,en,VALORANT,yoru god ranked - !merch,['English'],[],False
73,2025-04-19 04:02,gkey,en,Minecraft,"🟪17,500+ DAYS Hardcore Minecraft🟪!project !tour !socials🟪",['English'],[],False
73,2025-04-19 04:03,CJSHIZ,en,Sea of Thieves,🟢 GIMME ALL THE FORTS 🟢 w/ @flotsam !30days 🟢,"['PvP', 'SeaOfThievesPartner', 'Giveaway', 'English', 'GFUEL']",[],True
73,2025-04-19 04:03,Fi1es,en,Sea of Thieves,Golden Retriever Energy!🏴‍☠️!partnerplus,"['PvP', 'English', 'ControllerPlayer', 'TTS100', 'SoTPartner']",[],False
73,2025-04-19 04:03,MixelPlx,en,RuneScape: Dragonwilds,"🏹Vibing in Runescape Dragonwilds, New Survival Game!🏹Co-Op 🏹 !food !yt",['English'],[],False
74,2025-04-19 04:20,gkey,en,Minecraft,"🟪17,500+ DAYS Hardcore Minecraft🟪!project !tour !socials🟪",['English'],[],False
74,2025-04-19 04:20,eggsterr,en,VALORANT,yoru god ranked - !merch,['English'],[],False
74,2025-04-19 04:20,VALORANT_Pacific,en,VALORANT,PRX vs. GE - VCT Pacific - Stage 1 - Group Stage - Day 13,"['VCTPacific', 'VCT', 'VALORANT', 'English', 'VCTP', 'RisePacific']",[],False
74,2025-04-19 04:20,Oatley,en,Fortnite,"(!DROPS ON) OCE FNCS GROUP STAGE | Code ""Oatley"" #ad | !socials !youtube !delay","['FamilyFriendly', 'Fortnite', 'BattleRoyale', 'Multiplayer', 'Competitive', 'Professional', 'Positivity', 'PC', 'English', 'DropsEnabled']",[],False
74,2025-04-19 04:20,ThomasShen1,en,VALORANT,variety today big?,['English'],[],False
74,2025-04-19 04:20,CarlCrafts,en,Minecraft,9550+ DAYS HARDCORE - BUILDING AN ALLAY CASTLE - !THRONE !TIKTOK,"['Australian', 'ADHD', 'Hardcore', 'English', 'Neurodivergent', 'Aussie', 'ClosedCaptions', 'Beard', 'vanilla', 'OCE']",[],False
74,2025-04-19 04:20,Tinycoffeecups,en,The Sims 4,😵The Burnout Chronicles | CAS & Chill😵,"['LGBTQIAplus', 'bisexual', 'BLACK', 'chatty', 'english', 'vibe', 'AfricanAmerican', 'CasualPlayThrough', 'TheyThem', 'RP']",['ProfanityVulgarity'],False
74,2025-04-19 04:20,bigmamaash,en,Grand Theft Auto V,The towns tonight ?  || D10  || Lifestyle RP || Bullworth RP || !YT !server !Twitter,"['ybn', 'lgbt', 'egirl', 'bigmamaash', 'subathon', 'windycity', 'bald', 'English']",['MatureGame'],False
74,2025-04-19 04:20,taynicoleee,en,Apex Legends,"On That Demon Time, She Might Start An OF | GS Back Soon  ✨!ghettostories !mm !discord !coa !lifestyle","['black', '420', 'English', 'RP', 'Ghettostories', 'DropsEnabled']",[],False
75,2025-04-19 04:38,gkey,en,Minecraft,"🟪17,500+ DAYS Hardcore Minecraft🟪!project !tour !socials🟪",['English'],[],False
75,2025-04-19 04:38,eggsterr,en,VALORANT,yoru god ranked - !merch,['English'],[],False
75,2025-04-19 04:38,crud,en,Sea of Thieves,crudstream,"['English', 'crudgoblin', 'crudfest', 'chatreader', 'seaofthieves', 'Completionist', 'OCE', 'Australia', 'SeaofThievesgameplay', 'Tall']",[],False
75,2025-04-19 04:38,Oatley,en,Fortnite,"(!DROPS ON) OCE FNCS GROUP STAGE | Code ""Oatley"" #ad | !socials !youtube !delay","['FamilyFriendly', 'Fortnite', 'BattleRoyale', 'Multiplayer', 'Competitive', 'Professional', 'Positivity', 'PC', 'English', 'DropsEnabled']",[],False
75,2025-04-19 04:38,VALORANT_Pacific,en,VALORANT,PRX vs. GE - VCT Pacific - Stage 1 - Group Stage - Day 13,"['VCTPacific', 'VCT', 'VALORANT', 'English', 'VCTP', 'RisePacific']",[],False
75,2025-04-19 04:38,CarlCrafts,en,Minecraft,9550+ DAYS HARDCORE - BUILDING AN ALLAY CASTLE - !THRONE !TIKTOK,"['Australian', 'ADHD', 'Hardcore', 'English', 'Neurodivergent', 'Aussie', 'ClosedCaptions', 'Beard', 'vanilla', 'OCE']",[],False
75,2025-04-19 04:38,jawgemo,en,VALORANT,G2 JAWGEMO | watdahelly 2-1 vs C9 FIRST SEED BABY,['English'],[],False
75,2025-04-19 04:38,VALORANT_jpn,ja,VALORANT,VCT Pacific 2025 : STAGE 1 - DAY 13,"['Esports', 'VALORANT', '日本語']",[],True
75,2025-04-19 04:38,LCK,en,League of Legends,GEN vs BRO - NS vs HLE | 2025 LCK Round 1,"['Esports', 'English']",[],False
76,2025-04-19 04:57,gkey,en,Minecraft,"🟪17,500+ DAYS Hardcore Minecraft🟪!project !tour !socials🟪",['English'],[],False
76,2025-04-19 04:57,eggsterr,en,VALORANT,yoru god ranked - !merch,['English'],[],False
76,2025-04-19 04:57,crud,en,Sea of Thieves,sot rant saturday  crudstream,"['English', 'crudgoblin', 'crudfest', 'chatreader', 'seaofthieves', 'Completionist', 'OCE', 'Australia', 'SeaofThievesgameplay', 'Tall']",[],False
76,2025-04-19 04:57,Oatley,en,Fortnite,"(!DROPS ON) OCE FNCS GROUP STAGE | Code ""Oatley"" #ad | !socials !youtube !delay","['FamilyFriendly', 'Fortnite', 'BattleRoyale', 'Multiplayer', 'Competitive', 'Professional', 'Positivity', 'PC', 'English', 'DropsEnabled']",[],False
76,2025-04-19 04:57,ThomasShen1,en,VALORANT,variety today big?,['English'],[],False
76,2025-04-19 04:57,ow_esports,en,Overwatch 2,[DROPS] OWCS Champions Clash 2025 | Day 2,"['Esports', 'English', 'fps', 'Shooter', 'Action', 'overwatch2', 'drops', 'OWCS', 'faceit', 'DropsEnabled']",[],False
76,2025-04-19 04:57,Caedrel,en,League of Legends,🔴HLE VS NONGSHIM BANGER #LCKWatchParty !dpmlol !discord !displate,"['English', 'LPL', 'LCK', 'LEC']",[],False
76,2025-04-19 04:58,midbeast,en,League of Legends,Saturday sesh with the middy,"['leagueoflegends', 'English', 'LyingEncouraged', 'Manipulator', 'Anime', 'Australia', 'dinosaurs', 'Affectionate', 'Golf', 'trapezoid']",[],False
76,2025-04-19 04:58,Bwipolol,en,League of Legends,Challenger tier educational TOP LANE gameplay,"['Speedrunning', 'English', 'Challenger', 'soloqueue']",[],False
77,2025-04-19 05:13,gkey,en,Minecraft,"🟪17,500+ DAYS Hardcore Minecraft🟪!project !tour !socials🟪",['English'],[],False
77,2025-04-19 05:14,crud,en,Sea of Thieves,sot rant saturday  crudstream,"['English', 'crudgoblin', 'crudfest', 'chatreader', 'seaofthieves', 'Completionist', 'OCE', 'Australia', 'SeaofThievesgameplay', 'Tall']",[],False
77,2025-04-19 05:14,Oatley,en,Fortnite,"(!DROPS ON) OCE FNCS GROUP STAGE | Code ""Oatley"" #ad | !socials !youtube !delay","['FamilyFriendly', 'Fortnite', 'BattleRoyale', 'Multiplayer', 'Competitive', 'Professional', 'Positivity', 'PC', 'English', 'DropsEnabled']",[],False
77,2025-04-19 05:14,ow_esports,en,Overwatch 2,[DROPS] OWCS Champions Clash 2025 | Day 2,"['Esports', 'English', 'fps', 'Shooter', 'Action', 'overwatch2', 'drops', 'OWCS', 'faceit', 'DropsEnabled']",[],False
77,2025-04-19 05:14,ThomasShen1,en,VALORANT,4'2 ASIAN man loses every game,['English'],[],False
77,2025-04-19 05:14,Emongg,en,Overwatch 2,[!DROPS OWCS ENABLED] NEW OWCS DROPS,"['English', 'DropsEnabled']",[],False
77,2025-04-19 05:14,codebreaker,en,Overwatch 2,[❤️!DROPS ENABLED❤️] T500 DPS | CATDAD | FINISHING MY COMP DRIVE TODAY HIP HIP HOORAY!!!,"['dps', 'chill', 'English', 'DropsEnabled']",[],False
77,2025-04-19 05:14,supertf,en,Marvel's Spider-Man 2,never-ending dominance accompanied by effortless beatdowns are present here today (and everyday),"['FleshTuber', 'English']",[],False
77,2025-04-19 05:14,dafranVODs,en,Overwatch 2,Dafran 24/7 VODs,['English'],[],False
78,2025-04-19 08:02,Oatley,en,Fortnite,"(!DROPS ON) OCE FNCS GROUP STAGE | Code ""Oatley"" #ad | !socials !youtube !delay","['FamilyFriendly', 'Fortnite', 'BattleRoyale', 'Multiplayer', 'Competitive', 'Professional', 'Positivity', 'PC', 'English', 'DropsEnabled']",[],False
78,2025-04-19 08:02,ow_esports,en,Overwatch 2,[DROPS] OWCS Champions Clash 2025 | Day 2,"['Esports', 'English', 'fps', 'Shooter', 'Action', 'overwatch2', 'drops', 'OWCS', 'faceit', 'DropsEnabled']",[],False
78,2025-04-19 08:02,Emongg,en,Overwatch 2,[!DROPS OWCS ENABLED] NEW OWCS DROPS,"['English', 'DropsEnabled']",[],False
78,2025-04-19 08:02,gkey,en,Minecraft,"🟪17,500+ DAYS Hardcore Minecraft🟪!project !tour !socials🟪",['English'],[],False
78,2025-04-19 08:02,TenZ,en,VALORANT,🔴T1 VS TALON VCT APAC WatchParty🔴,"['English', 'Anime', 'FPS', 'tenz']",[],False
78,2025-04-19 08:03,dima_wallhacks,en,Counter-Strike,🔴 WINGMAN STREAMER TOURNAMENT AT 14:00 CET 🔴 !map !pc !skinsmonkey,"['140IQ', 'English', 'ASMR', 'forsen']",['MatureGame'],False
78,2025-04-19 08:03,SamichiKijima,en,Grand Theft Auto V,bakit ba kinikilig nanaman ako? | Belle Dolphine,"['Asian', 'Filipino', 'Chill', 'English', 'PrestigeRP']",['MatureGame'],False
78,2025-04-19 08:03,ach_rp,tl,Grand Theft Auto V,BAGONG BODY CLOCK | SOROV | CHUNENE POV,"['Tagalog', 'PrestigeRP', 'fivem', 'fivemrp', 'valorant', 'fps', 'Filipino']",['MatureGame'],False
78,2025-04-19 08:03,chezkuuuh,en,VALORANT,HELL YEAHHHHHHH,"['Filipino', 'ChIll', 'English']",[],False
79,2025-04-19 08:24,Oatley,en,Fortnite,"(!DROPS ON) 🏆 QUALIFIED !FNCS GRAND FINALS 🏆 | Code ""Oatley"" #ad | !socials !youtube !delay","['FamilyFriendly', 'Fortnite', 'BattleRoyale', 'Multiplayer', 'Competitive', 'Professional', 'Positivity', 'PC', 'English', 'DropsEnabled']",[],False
79,2025-04-19 08:24,ow_esports,en,Overwatch 2,[DROPS] OWCS Champions Clash 2025 | Day 2,"['Esports', 'English', 'fps', 'Shooter', 'Action', 'overwatch2', 'drops', 'OWCS', 'faceit', 'DropsEnabled']",[],False
79,2025-04-19 08:24,Emongg,en,Overwatch 2,[!DROPS OWCS ENABLED] NEW OWCS DROPS,"['English', 'DropsEnabled']",[],False
79,2025-04-19 08:25,gkey,en,Minecraft,"🟪17,500+ DAYS Hardcore Minecraft🟪!project !tour !socials🟪",['English'],[],False
79,2025-04-19 08:25,TenZ,en,VALORANT,🔴T1 VS TALON VCT APAC WatchParty🔴,"['English', 'Anime', 'FPS', 'tenz']",[],False
79,2025-04-19 08:25,dima_wallhacks,en,Counter-Strike,🔴 WINGMAN STREAMER TOURNAMENT AT 14:00 CET 🔴 !map !pc !skinsmonkey,"['140IQ', 'English', 'ASMR', 'forsen']",['MatureGame'],False
79,2025-04-19 08:25,Rakattack,en,Overwatch 2,[OWCS DROPS] OWCS FINALS WATCH PARTY @ 1AM EST GAMING BEFORE !LFT !NEWVID,"['English', 'NOMOTION', 'grippy', 'selfemployed', 'NonchalantWhiteBoy', 'chill', 'DropsEnabled']",[],False
79,2025-04-19 08:25,codebreaker,en,Overwatch 2,[❤️!DROPS ENABLED❤️] T500 DPS | CATDAD | FINISHING MY COMP DRIVE TODAY HIP HIP HOORAY!!!,"['dps', 'chill', 'English', 'DropsEnabled']",[],False
79,2025-04-19 08:25,dafran,en,Overwatch 2,[DROPS] I love you,"['English', 'DropsEnabled']",[],False
80,2025-04-19 08:42,Oatley,en,Fortnite,"(!DROPS ON) 🏆 QUALIFIED !FNCS GRAND FINALS 🏆 | Code ""Oatley"" #ad | !socials !youtube !delay","['FamilyFriendly', 'Fortnite', 'BattleRoyale', 'Multiplayer', 'Competitive', 'Professional', 'Positivity', 'PC', 'English', 'DropsEnabled']",[],False
80,2025-04-19 08:42,ow_esports,en,Overwatch 2,[DROPS] OWCS Champions Clash 2025 | Day 2,"['Esports', 'English', 'fps', 'Shooter', 'Action', 'overwatch2', 'drops', 'OWCS', 'faceit', 'DropsEnabled']",[],False
80,2025-04-19 08:42,Emongg,en,Overwatch 2,[!DROPS OWCS ENABLED] NEW OWCS DROPS,"['English', 'DropsEnabled']",[],False
80,2025-04-19 08:42,gkey,en,Minecraft,"🟪17,500+ DAYS Hardcore Minecraft🟪!project !tour !socials🟪",['English'],[],False
80,2025-04-19 08:42,TenZ,en,VALORANT,🔴T1 VS TALON VCT APAC WatchParty🔴,"['English', 'Anime', 'FPS', 'tenz']",[],False
80,2025-04-19 08:42,VALORANT_Pacific,en,VALORANT,T1 vs. TLN - VCT Pacific - Stage 1 - Group Stage - Day 13,"['VCTPacific', 'VCT', 'VALORANT', 'English', 'VCTP', 'RisePacific']",[],False
80,2025-04-19 08:42,bateson87,en,EA Sports FC 25,TOTS WARM UP! 🔵🟡✅ Free Sub ▶️ !prime !FC25Code !Discord,"['football', 'fifa', 'bald', 'soccer', 'beard', 'English', 'fc25', 'fc']",[],False
80,2025-04-19 08:42,RickieNRory,en,IRL,🚨 IRL Live Kickabout ⚽ UNCAPPED SUBATHON🚨@RickieNRory🚨 !subathon !discord !settings !mods !rules,"['English', 'RnR', 'RickieNRory', 'Coop', 'fc25', 'IRL']",[],False
80,2025-04-19 08:42,JoshRyder,en,Assetto Corsa Competizione,🔥AMATEUR RACER! 🔥!regen 🔥 !easysbc 🎉 Socials: -> @joshryder,"['sports', 'playthrough', 'rtg', 'english', 'English', 'EAFC', 'eafc24']",[],False
81,2025-04-19 12:02,Emongg,en,Overwatch 2,[!DROPS OWCS ENABLED] NEW OWCS DROPS,"['English', 'DropsEnabled']",[],False
81,2025-04-19 12:02,NickEh30,en,Fortnite,DROPS ON - Fortnite Star Wars Reveal Today | Code NickEh30 #EpicPartner,"['Canadian', 'Positivity', 'BattleRoyale', 'PC', 'FamilyFriendly', 'Multiplayer', 'PVP', 'PlayingWithViewers', 'English', 'Drops']",[],False
81,2025-04-19 12:02,SnowyFPS,en,Sea of Thieves,ROULETTE HOURGLASS ⛵  !roulette ⭐ │ !level ⭐,"['English', 'Variety', 'snowyfps', 'seaofthieves', 'hourglasspvp', 'hourglass', 'immortalValorant']",[],False
81,2025-04-19 12:02,Mario,en,Grand Theft Auto V,Hydrate RP l IM SORRY IM LATE l 2186/2200 l ROAD TO 3000 SUBS!,"['English', 'ANZSubFest']",['MatureGame'],False
81,2025-04-19 12:02,Arguz11,en,ROBLOX,FREE ROBUX ON PLS DONATE! Commands on screen!,"['giveaway', 'playingwithviewers', 'roblox', 'plsdonate', 'bloxfruit', 'English', 'Rerun', 'Albion', 'mammoth', 'Silver']",[],False
81,2025-04-19 12:02,dima_wallhacks,en,Counter-Strike,"🔴 $3,500 WINGMAN STREAMER TOURNAMENT 🔴 !maps !bracket !skinsmonkey","['140IQ', 'English', 'ASMR', 'forsen']",['MatureGame'],False
81,2025-04-19 12:03,Dheylo,es,Fortnite,DROPS ON | A POR 300 CORONAS | CÓDIGO DHEYLO #EpicPartner !creativo !pc l l !redes @Dheylo ⚡️,"['Español', 'DropsActivados']",[],False
81,2025-04-19 12:03,MatuzCL,es,Fortnite,"✅ !DROPS ACTIVOS - AHORA FASE FINAL del MINI EVENTO de FORTNITE! 😱 | 🛒 CÓDIGO ""MATUZ"" EN LA TIENDA DE FORTNITE #EpicPartner | !redes !pc","['matuzcl', 'matuz', 'Español', 'Fortnite', 'drops', 'DropsActivados']",[],False
81,2025-04-19 12:03,agustin51,es,Schedule I,fortnite OG (lo unico que merece la pena) + VENDEMOS METITA EN SCHEDULE I,"['fortnite', 'dragonball', 'Agustin51', 'Magus', 'BattleRoyale', 'EscuadrónSalchichón', 'Ojosllorosos', 'Español']",['MatureGame'],False
82,2025-04-19 12:20,Emongg,en,Overwatch 2,[!DROPS OWCS ENABLED] NEW OWCS DROPS,"['English', 'DropsEnabled']",[],False
82,2025-04-19 12:20,NickEh30,en,Fortnite,DROPS ON - Fortnite Star Wars Reveal Today | Code NickEh30 #EpicPartner,"['Canadian', 'Positivity', 'BattleRoyale', 'PC', 'FamilyFriendly', 'Multiplayer', 'PVP', 'PlayingWithViewers', 'English', 'Drops']",[],False
82,2025-04-19 12:20,SnowyFPS,en,Sea of Thieves,ROULETTE HOURGLASS ⛵  !roulette ⭐ │ !level ⭐,"['English', 'Variety', 'snowyfps', 'seaofthieves', 'hourglasspvp', 'hourglass', 'immortalValorant']",[],False
82,2025-04-19 12:20,Mario,en,Grand Theft Auto V,Hydrate RP l IM SORRY IM LATE l 2186/2200 l ROAD TO 3000 SUBS!,"['English', 'ANZSubFest']",['MatureGame'],False
82,2025-04-19 12:20,Fortnite,en,Fortnite,FNCS Major 2 - Europe - Group 2,"['Esports', 'English', 'DropsEnabled']",[],False
82,2025-04-19 12:20,MrSavage,en,Fortnite,GROUP STAGE VIEWING PARTY | !HALLUCINA !CROSSHAIR !PING | CODE 200IQ #EpicPartner,"['English', 'vogue', 'model', 'DropsEnabled']",[],False
82,2025-04-19 12:21,Dinahrawr,en,Just Chatting,"4'11 SUBMISSIVE ABG RETURNS🔴secret, quiet, cozy, intimate, gf pov stream🔴!main [中文/粤语/EN]","['English', 'Vtuber', 'korean', 'Japanese', 'Australia', 'Australian', 'Chinese', 'girl', 'Asian', 'abg']",[],False
82,2025-04-19 12:21,donjake1,en,League of Legends,you only live once queue,['English'],[],False
82,2025-04-19 12:21,kplilith,en,League of Legends,‧₊˚ ⋅Your Gf Plays Janna In Plat  ₊˚ ⋅ ˚ ₊ EUW !discord !links !elo ♡,"['English', 'EUW', 'Ranked', 'egirl', 'gamergirl', 'Janna', 'Lulu', 'Woman']",[],False
83,2025-04-19 12:34,Emongg,en,Overwatch 2,[!DROPS OWCS ENABLED] NEW OWCS DROPS,"['English', 'DropsEnabled']",[],False
83,2025-04-19 12:34,NickEh30,en,Fortnite,DROPS ON - Fortnite Star Wars Reveal Today | Code NickEh30 #EpicPartner,"['Canadian', 'Positivity', 'BattleRoyale', 'PC', 'FamilyFriendly', 'Multiplayer', 'PVP', 'PlayingWithViewers', 'English', 'Drops']",[],False
83,2025-04-19 12:34,SnowyFPS,en,Sea of Thieves,ROULETTE HOURGLASS ⛵  !roulette ⭐ │ !level ⭐,"['English', 'Variety', 'snowyfps', 'seaofthieves', 'hourglasspvp', 'hourglass', 'immortalValorant']",[],False
83,2025-04-19 12:34,Fortnite,en,Fortnite,FNCS Major 2 - Europe - Group 2,"['Esports', 'English', 'DropsEnabled']",[],False
83,2025-04-19 12:35,MrSavage,en,Fortnite,GROUP STAGE VIEWING PARTY | !HALLUCINA !CROSSHAIR !PING | CODE 200IQ #EpicPartner,"['English', 'vogue', 'model', 'DropsEnabled']",[],False
83,2025-04-19 12:35,Arguz11,en,ROBLOX,FREE ROBUX ON PLS DONATE! Commands on screen!,"['giveaway', 'playingwithviewers', 'roblox', 'plsdonate', 'bloxfruit', 'English', 'Rerun', 'Albion', 'mammoth', 'Silver']",[],False
83,2025-04-19 12:35,renyan,en,Counter-Strike,⚠️ 30.000 RATING ACHIEVED ⚠️ WINGMAN TOURNAMENT 15:00 CET ⚠️ !csmoney !deskmat,['English'],['MatureGame'],False
83,2025-04-19 12:35,ErycTriceps,en,Counter-Strike,"31,000 rating gameplay // !free !leaderboard","['English', 'CS2', 'Premier', 'ViewerRewards', 'ChannelPoints']",['MatureGame'],False
83,2025-04-19 12:35,donaCS,en,Counter-Strike,🔴STOMPING FACEIT,"['english', 'cs2', 'counterstrike', 'dona', 'donacs', 'skins', 'kitchen', 'English']",['MatureGame'],False
84,2025-04-19 12:48,Emongg,en,Overwatch 2,[!DROPS OWCS ENABLED] NEW OWCS DROPS,"['English', 'DropsEnabled']",[],False
84,2025-04-19 12:49,NickEh30,en,Fortnite,DROPS ON - Fortnite Star Wars Reveal Today | Code NickEh30 #EpicPartner,"['Canadian', 'Positivity', 'BattleRoyale', 'PC', 'FamilyFriendly', 'Multiplayer', 'PVP', 'PlayingWithViewers', 'English', 'Drops']",[],False
84,2025-04-19 12:49,SnowyFPS,en,Sea of Thieves,ROULETTE HOURGLASS ⛵  !roulette ⭐ │ !level ⭐,"['English', 'Variety', 'snowyfps', 'seaofthieves', 'hourglasspvp', 'hourglass', 'immortalValorant']",[],False
84,2025-04-19 12:49,Fortnite,en,Fortnite,FNCS Major 2 - Europe - Group 2,"['Esports', 'English', 'DropsEnabled']",[],False
84,2025-04-19 12:49,MrSavage,en,Fortnite,GROUP STAGE VIEWING PARTY | !HALLUCINA !CROSSHAIR !PING | CODE 200IQ #EpicPartner,"['English', 'vogue', 'model', 'DropsEnabled']",[],False
84,2025-04-19 12:49,ohnePixel,en,Counter-Strike,🔴GOLD GOLD GOLD🔴,"['English', 'Esports']",['MatureGame'],False
84,2025-04-19 12:49,Sneegsnag,en,Hollow Knight,[DAY 9] CAN'T STOP UNTIL GAME WIN | !subathon,"['English', 'ADHD', 'farts', 'subathon']",[],False
84,2025-04-19 12:49,ClownPierce,en,Minecraft,Money SMP Season 3,"['English', 'RPG', 'minecraft', 'eldenring', 'Variety', 'clown']",[],False
84,2025-04-19 12:49,Reddoons,en,Minecraft,4 guys 1 chain,"['Lifesteal', 'SMP', 'Minecraft', 'PVP', 'English']",[],False
85,2025-04-19 16:02,ow_esports,en,Overwatch 2,[DROPS][REBROADCAST] OWCS Champions Clash 2025 | Day 2,"['Esports', 'English', 'fps', 'Shooter', 'Action', 'overwatch2', 'drops', 'OWCS', 'faceit', 'DropsEnabled']",[],False
85,2025-04-19 16:02,Emongg,en,Overwatch 2,[!DROPS OWCS ENABLED] NEW OWCS DROPS,"['English', 'DropsEnabled']",[],False
85,2025-04-19 16:02,SnowyFPS,en,Sea of Thieves,ROULETTE HOURGLASS ⛵  !roulette ⭐ │ !level ⭐,"['English', 'Variety', 'snowyfps', 'seaofthieves', 'hourglasspvp', 'hourglass', 'immortalValorant']",[],False
85,2025-04-19 16:02,Arguz11,en,ROBLOX,FREE ROBUX ON PLS DONATE! Commands on screen!,"['giveaway', 'playingwithviewers', 'roblox', 'plsdonate', 'bloxfruit', 'English', 'Rerun', 'Albion', 'mammoth', 'Silver']",[],False
85,2025-04-19 16:03,MrSavage,en,Fortnite,SCRIMS WITH MY TRIO | !HALLUCINA !CROSSHAIR !PING | CODE 200IQ #EpicPartner,"['English', 'vogue', 'model', 'DropsEnabled']",[],False
85,2025-04-19 16:03,ohnePixel,en,Just Chatting,🔴PORTAL (BLIND FIRST PLAYTHROUGH)🔴,['English'],[],False
85,2025-04-19 16:03,Flexteon,en,Minecraft,👑MINECRAFT BATTLE ROYALE VIEWER EVENT👑BIG STREAM👑JOIN UP👑,"['minecraft', 'PlayingwithViewers', 'minecraftplayingwithview', 'MinecraftEvent', 'English', 'PvP', 'hardcoreminecraft', 'SMP', 'SMPminecraftserver', 'MinecraftPublicSMP']",[],False
85,2025-04-19 16:03,AvidMc,en,Minecraft,Misadventures SMP - WWF CHARITY STREAM | 🚀PARTNER PUSH🚀 | !music,"['English', 'FamilyFriendly', 'ADHD', 'ADHDStreamer', 'Audiophile', 'BackseatingAllowed']",[],False
85,2025-04-19 16:03,mud_flaps123,en,Minecraft,MATTHEW TAKEOVER | Damage = Mobs Double | then YT vs Twitch Playing Minecraft | !whatsthis !subgoal !megasubgoal !YTvsTwitch !wordleonwheels,"['English', 'WorldsUgliestStreamer', 'IDontKnowHowToCook', 'IBoilMySteak', 'IBreakEverything', 'WowIBrokeMyMicAgain', 'ViewerInteractions', 'PlayingwWithViewers']",[],False
86,2025-04-19 16:24,JaayMC,en,Minecraft,🌎 Minecraft Joinable Survival! | ✨ Easter Celebration! ✨ | 🌠 Partner Grind Streamathon (Day 21) 🌈 how are you?! | !join !partner,"['Survival', 'LGBTQ', 'SafeSpace', 'Cape', 'Drops', 'PlayingWithViewers', 'Chill', 'SMP', 'subathon', 'Minecraft']",[],False
86,2025-04-19 16:24,ow_esports,en,Overwatch 2,[DROPS][REBROADCAST] OWCS Champions Clash 2025 | Day 2,"['Esports', 'English', 'fps', 'Shooter', 'Action', 'overwatch2', 'drops', 'OWCS', 'faceit', 'DropsEnabled']",[],False
86,2025-04-19 16:24,Emongg,en,Overwatch 2,[!DROPS OWCS ENABLED] NEW OWCS DROPS,"['English', 'DropsEnabled']",[],False
86,2025-04-19 16:24,SnowyFPS,en,Sea of Thieves,ROULETTE HOURGLASS ⛵  !roulette ⭐ │ !level ⭐,"['English', 'Variety', 'snowyfps', 'seaofthieves', 'hourglasspvp', 'hourglass', 'immortalValorant']",[],False
86,2025-04-19 16:24,Linkzzey,en,Minecraft,"🔴Hardcore 46,300+Days|4+Years|11,400+Hours !worldtour","['LetsPlay', 'English', 'Hardcore', 'RPG', 'Permadeath', 'SurvivaI', 'chill', 'hardcoreminecraft', 'FamilyFrendly']",[],False
86,2025-04-19 16:24,Arguz11,en,ROBLOX,FREE ROBUX ON PLS DONATE! Commands on screen!,"['giveaway', 'playingwithviewers', 'roblox', 'plsdonate', 'bloxfruit', 'English', 'Rerun', 'Albion', 'mammoth', 'Silver']",[],False
86,2025-04-19 16:24,lol_nemesis,en,League of Legends,REACHING CHALLENGER TODAY :)  !patreon !nordvpn !discord,['English'],[],False
86,2025-04-19 16:24,crownie_lol,en,League of Legends,LR CROWNIE 😈  Saturday Evening stream >_< ! ! ! 🥷,"['English', 'Educational', 'Challenger', 'botlane']",[],False
86,2025-04-19 16:25,Naayil,en,League of Legends,"KOREA DAY 20, Last Korea Stream","['English', 'leagueoflegends']",[],False
87,2025-04-19 16:37,JaayMC,en,Minecraft,🌎 Minecraft Joinable Survival! | ✨ Easter Celebration! ✨ | 🌠 Partner Grind Streamathon (Day 21) 🌈 how are you?! | !join !partner,"['Survival', 'LGBTQ', 'SafeSpace', 'Cape', 'Drops', 'PlayingWithViewers', 'Chill', 'SMP', 'subathon', 'Minecraft']",[],False
87,2025-04-19 16:37,ow_esports,en,Overwatch 2,[DROPS][REBROADCAST] OWCS Champions Clash 2025 | Day 2,"['Esports', 'English', 'fps', 'Shooter', 'Action', 'overwatch2', 'drops', 'OWCS', 'faceit', 'DropsEnabled']",[],False
87,2025-04-19 16:37,Emongg,en,Overwatch 2,[!DROPS OWCS ENABLED] NEW OWCS DROPS,"['English', 'DropsEnabled']",[],False
87,2025-04-19 16:37,SnowyFPS,en,Sea of Thieves,ROULETTE HOURGLASS ⛵  !roulette ⭐ │ !level ⭐,"['English', 'Variety', 'snowyfps', 'seaofthieves', 'hourglasspvp', 'hourglass', 'immortalValorant']",[],False
87,2025-04-19 16:37,Linkzzey,en,Minecraft,"🔴Hardcore 46,300+Days|4+Years|11,400+Hours !worldtour","['LetsPlay', 'English', 'Hardcore', 'RPG', 'Permadeath', 'SurvivaI', 'chill', 'hardcoreminecraft', 'FamilyFrendly']",[],False
87,2025-04-19 16:38,Arguz11,en,ROBLOX,FREE ROBUX ON PLS DONATE! Commands on screen!,"['giveaway', 'playingwithviewers', 'roblox', 'plsdonate', 'bloxfruit', 'English', 'Rerun', 'Albion', 'mammoth', 'Silver']",[],False
87,2025-04-19 16:38,Peterbot247Official,en,Fortnite,(DROPS ON) 🔴  TOURNAMENT WATCH PARTY !settings !binds 🔴,"['English', 'DropsEnabled']",[],False
87,2025-04-19 16:38,faxuty,en,Fortnite,(DROPS ON) 💰 BIG 2V2 ZW TOKEN W/ @hajuu 💰 | 🚨 GAMETIME GET IN HERE 🚨 | !zw !twitter !ig,"['English', 'DropsEnanbled', 'DropsEnabled']",[],False
87,2025-04-19 16:38,ClixOffline,en,Fortnite,(DROPS ON) 🔴OFFICIAL CLIX WAITING ROOM🔴,"['English', 'Fortnite', 'Clix', 'Lacy', 'StableRonaldo', 'XSET', 'FaZe', 'Vtuber', 'DropsEnabled']",[],False
88,2025-04-19 16:52,ow_esports,en,Overwatch 2,[DROPS][REBROADCAST] OWCS Champions Clash 2025 | Day 2,"['Esports', 'English', 'fps', 'Shooter', 'Action', 'overwatch2', 'drops', 'OWCS', 'faceit', 'DropsEnabled']",[],False
88,2025-04-19 16:52,AussieAntics,en,Fortnite,PRACTICING FOR PRO-AM 🤝 WATCHING FNCS GROUP 2 🏆 V-BUCK GIVEAWAYS 💰!GIVEAWAY ❤️,"['English', 'DropsEnabled']",[],False
88,2025-04-19 16:52,ohnePixel,en,Just Chatting,🔴PORTAL (BLIND FIRST PLAYTHROUGH)🔴,['English'],[],False
88,2025-04-19 16:52,JaayMC,en,Minecraft,🌎 Minecraft Joinable Survival! | ✨ Easter Celebration! ✨ | 🌠 Partner Grind Streamathon (Day 21) 🌈 how are you?! | !join !partner,"['Survival', 'LGBTQ', 'SafeSpace', 'Cape', 'Drops', 'PlayingWithViewers', 'Chill', 'SMP', 'subathon', 'Minecraft']",[],False
88,2025-04-19 16:52,FYR_VL,en,VALORANT,RADIANT BAGUETTE MAIN // !ns !youtube !iqunix,"['radiant', 'valorant', 'English', 'riotgames', 'radiantvalorant', 'chambermain']",[],False
88,2025-04-19 16:52,Couriway,en,Minecraft,"100,000 NO RESET SPEEDRUNS NIGHTSHIFT | 6K SPRINT DAY 10 - !sprint","['English', 'Speedrun', 'Ally', 'speedrun', 'couriway', 'challenge', 'noreset', 'FamilyFriendly']",[],False
88,2025-04-19 16:52,simsbyfinch,en,The Sims 4,Saturdays are for the WILLARD | !fow !eacreator,"['English', 'cozy', 'closedcaptions', 'interactive', 'eacreator', 'sims']",[],False
88,2025-04-19 16:52,SarahKendall,en,Just Chatting,geoguessr no mistakes allowed💙 !donate to HFH 💙| !socials !palestine | #eapartner,"['Chatty', 'LGBTQ', 'English', 'ADHD', 'Captions', 'Living', 'Laughing', 'Loving']",[],False
88,2025-04-19 16:52,IceTalks,en,Fortnite,[ DROPS ON! ]🍋 your zesty bestie ranks the highest fortnite player of all time,"['LGBTQIA', 'Queer', 'Gay', 'cozygamer', 'slaying', 'English', 'ADHD', 'LGBTQPlus', 'MentalHealth', 'chaos']",[],False
89,2025-04-19 17:08,JaayMC,en,Minecraft,🌎 Minecraft Joinable Survival! | ✨ Easter Celebration! ✨ | 🌠 Partner Grind Streamathon (Day 21) 🌈 how are you?! | !join !partner,"['Survival', 'LGBTQ', 'SafeSpace', 'Cape', 'Drops', 'PlayingWithViewers', 'Chill', 'SMP', 'subathon', 'Minecraft']",[],False
89,2025-04-19 17:08,ow_esports,en,Overwatch 2,[DROPS][REBROADCAST] OWCS Champions Clash 2025 | Day 2,"['Esports', 'English', 'fps', 'Shooter', 'Action', 'overwatch2', 'drops', 'OWCS', 'faceit', 'DropsEnabled']",[],False
89,2025-04-19 17:08,Linkzzey,en,Minecraft,"🔴Hardcore 46,300+Days|4+Years|11,400+Hours !worldtour","['LetsPlay', 'English', 'Hardcore', 'RPG', 'Permadeath', 'SurvivaI', 'chill', 'hardcoreminecraft', 'FamilyFrendly']",[],False
89,2025-04-19 17:08,Arguz11,en,ROBLOX,FREE ROBUX ON PLS DONATE! Commands on screen!,"['giveaway', 'playingwithviewers', 'roblox', 'plsdonate', 'bloxfruit', 'English', 'Rerun', 'Albion', 'mammoth', 'Silver']",[],False
89,2025-04-19 17:08,MrSavage,en,Fortnite,SCRIMS WITH MY TRIO | !HALLUCINA !CROSSHAIR !PING | CODE 200IQ #EpicPartner,"['English', 'vogue', 'model', 'DropsEnabled']",[],False
89,2025-04-19 17:08,ohnePixel,en,Just Chatting,🔴PORTAL (BLIND FIRST PLAYTHROUGH)🔴,['English'],[],False
89,2025-04-19 17:08,LA4AWALE,en,EA Sports FC 25,🚨TRIVELA ONLY FUT CHAMPS🚨 9-3🚨 !lootbar !youtube !discord !tactics,['English'],[],False
89,2025-04-19 17:08,Shawrey_,en,EA Sports FC 25,TOTS WARM UP SALAH'S STARS FUT CHAMPS!! SATURDAY NIGHT LET'S GOOO!! DOUBLE CHAMPS?! !sapninstore !prime !hashtaghouse,['English'],[],False
89,2025-04-19 17:08,HugeGorilla,en,EA Sports FC 25,🪙PRO CHAMPS🪙 !Prime !discord @hugegorilla,"['English', 'Football', 'Pro', 'Soccer', 'Gaming']",[],False
90,2025-04-19 20:02,DrDonutttttt,en,Minecraft,,"['English', 'smp', 'DonutSMP', 'drdonut', 'crystalpvp', 'pvp', 'cpvp', 'survival', 'minecraft', 'server']",[],False
90,2025-04-19 20:02,FroggerOW,en,Overwatch 2,[DROPS ON!] DRIVES OMG!! SUPER DROPS!!! WOW!!!,"['Australian', 'English', 'DropsEnabled']",[],False
90,2025-04-19 20:02,ow_esports,en,Overwatch 2,[DROPS][REBROADCAST] OWCS Champions Clash 2025 | Day 2,"['Esports', 'English', 'fps', 'Shooter', 'Action', 'overwatch2', 'drops', 'OWCS', 'faceit', 'DropsEnabled']",[],False
90,2025-04-19 20:02,JaayMC,en,Minecraft,🌎 Minecraft Joinable Survival! | ✨ Easter Celebration! ✨ | 🌠 Partner Grind Streamathon (Day 21) 🌈 how are you?! | !join !partner,"['Survival', 'LGBTQ', 'SafeSpace', 'Cape', 'Drops', 'PlayingWithViewers', 'Chill', 'SMP', 'subathon', 'Minecraft']",[],False
90,2025-04-19 20:02,Linkzzey,en,Minecraft,"🔴Hardcore 46,300+Days|4+Years|11,400+Hours !worldtour","['LetsPlay', 'English', 'Hardcore', 'RPG', 'Permadeath', 'SurvivaI', 'chill', 'hardcoreminecraft', 'FamilyFrendly']",[],False
90,2025-04-19 20:02,adilswrld,en,VALORANT,😁Stop Calling Me Mooda Clone😁 TTS IS ENABLED 😁 !discord !socials,"['English', 'ADHD', 'silly', 'LOUD', 'valorant']",[],False
90,2025-04-19 20:02,POPPIN,en,VALORANT,🟥 FNS's Son ANALYZES SEN vs 2G 🟥 !react !poppinsguide !challengers !envy 🟥,"['English', 'valorant', 'poppin', 'RANK1', 'NA']",[],False
90,2025-04-19 20:02,tarik,en,VALORANT,🔴 100T vs KRÜ - VCT AMERICAS 🔴,['English'],[],False
90,2025-04-19 20:03,valynfps,en,VALORANT,SEN vs 2G VCT AMERICAS WATCH PARTY,['English'],[],False
91,2025-04-19 20:19,DrDonutttttt,en,Minecraft,,"['English', 'smp', 'DonutSMP', 'drdonut', 'crystalpvp', 'pvp', 'cpvp', 'survival', 'minecraft', 'server']",[],False
91,2025-04-19 20:19,FroggerOW,en,Overwatch 2,[DROPS ON!] DRIVES OMG!! SUPER DROPS!!! WOW!!!,"['Australian', 'English', 'DropsEnabled']",[],False
91,2025-04-19 20:19,ow_esports,en,Overwatch 2,[DROPS][REBROADCAST] OWCS Champions Clash 2025 | Day 2,"['Esports', 'English', 'fps', 'Shooter', 'Action', 'overwatch2', 'drops', 'OWCS', 'faceit', 'DropsEnabled']",[],False
91,2025-04-19 20:19,JaayMC,en,Minecraft,🌎 Minecraft Joinable Survival! | ✨ Easter Celebration! ✨ | 🌠 Partner Grind Streamathon (Day 21) 🌈 how are you?! | !join !partner,"['Survival', 'LGBTQ', 'SafeSpace', 'Cape', 'Drops', 'PlayingWithViewers', 'Chill', 'SMP', 'subathon', 'Minecraft']",[],False
91,2025-04-19 20:19,Linkzzey,en,Minecraft,"🔴Hardcore 46,300+Days|4+Years|11,400+Hours !worldtour","['LetsPlay', 'English', 'Hardcore', 'RPG', 'Permadeath', 'SurvivaI', 'chill', 'hardcoreminecraft', 'FamilyFrendly']",[],False
91,2025-04-19 20:19,eggsterr,en,VALORANT,100T vs. KRU - VCT Americas Stage 1 - !merch !challengers,['English'],[],False
91,2025-04-19 20:19,Andr3wOW,en,Marvel Rivals,"[!DROPS ENABLED] RANK 1 VENOM GLOBAL ""WHYANDR3W"" ☆ NECROS DRAMA... !VIDEO ☆ VORTEX X ANDR3W COLLAB !vortex !pc","['English', 'Venom', 'Magneto', 'Competitive', 'Vanguard', 'Educational', 'Top500', 'EmmaFrost', 'DropsEnabled']",[],False
91,2025-04-19 20:20,NoDamageRocket,en,Marvel Rivals,"NoDmgRocket's Season 2 Comp climb ! [!banned, !elo, !discord, !7tv, !graphics]","['English', 'marvelrivals', 'nomic', 'nodmgrocket', 'NoDamageRocket', 'RocketRaccoon', 'DropsEnabled']",[],False
91,2025-04-19 20:20,Kephrii,en,Marvel Rivals,!DROPS // Torch & Widow Abuser [Eternity Peak],"['English', 'Widowmaker', 'ClosedCaptions', 'DPS', 'Top500', 'Overwatch', 'BlackWidow', 'Marvel', 'Eternity', 'HumanTorch']",[],False
92,2025-04-19 20:36,DrDonutttttt,en,Minecraft,,"['English', 'smp', 'DonutSMP', 'drdonut', 'crystalpvp', 'pvp', 'cpvp', 'survival', 'minecraft', 'server']",[],False
92,2025-04-19 20:36,FroggerOW,en,Overwatch 2,[DROPS ON!] DRIVES OMG!! SUPER DROPS!!! WOW!!!,"['Australian', 'English', 'DropsEnabled']",[],False
92,2025-04-19 20:36,ow_esports,en,Overwatch 2,[DROPS][REBROADCAST] OWCS Champions Clash 2025 | Day 2,"['Esports', 'English', 'fps', 'Shooter', 'Action', 'overwatch2', 'drops', 'OWCS', 'faceit', 'DropsEnabled']",[],False
92,2025-04-19 20:36,JaayMC,en,Minecraft,🌎 Minecraft Joinable Survival! | ✨ Easter Celebration! ✨ | 🌠 Partner Grind Streamathon (Day 21) 🌈 how are you?! | !join !partner,"['Survival', 'LGBTQ', 'SafeSpace', 'Cape', 'Drops', 'PlayingWithViewers', 'Chill', 'SMP', 'subathon', 'Minecraft']",[],False
92,2025-04-19 20:36,Linkzzey,en,Minecraft,"🔴Hardcore 46,300+Days|4+Years|11,400+Hours !worldtour","['LetsPlay', 'English', 'Hardcore', 'RPG', 'Permadeath', 'SurvivaI', 'chill', 'hardcoreminecraft', 'FamilyFrendly']",[],False
92,2025-04-19 20:37,eggsterr,en,VALORANT,100T vs. KRU - VCT Americas Stage 1 - !merch !challengers,['English'],[],False
92,2025-04-19 20:37,AussieAntics,en,Fortnite,WATCHING FNCS GROUP 2 🏆 V-BUCK GIVEAWAYS 💰!GIVEAWAY ❤️,"['English', 'DropsEnabled']",[],False
92,2025-04-19 20:37,Clix,en,Fortnite,🏆 WINNING FNCS HEAT 2 | XSET HIGGS ANNOUNCEMENT ❌🏆 !vid !comms,"['English', 'DropsEnabled']",[],False
92,2025-04-19 20:37,Sommerset,en,Fortnite,"(DROPS) FNCS HEAT 2 VIEWING PARTY, FNCS CHAMPION AXE?? omg. │ !vid !tiktok !proam","['English', 'DropsEnabled']",[],False
93,2025-04-20 00:03,FroggerOW,en,Overwatch 2,[DROPS ON!] DRIVES OMG!! SUPER DROPS!!! WOW!!!,"['Australian', 'English', 'DropsEnabled']",[],False
93,2025-04-20 00:03,vulture_ow,en,Overwatch 2,[!DROPS] GRINDING OVERWATCH THEN LAST OF US TONIGHT ^_^ !discord !newvid,"['English', 'Competitive', 'fps', 'junkrat', 'SewerRat', 'overwatch', 'hashtagawesome', 'DropsEnabled']",[],False
93,2025-04-20 00:03,Arguz11,en,ROBLOX,FREE ROBUX ON PLS DONATE! Commands on screen!,"['giveaway', 'playingwithviewers', 'roblox', 'plsdonate', 'bloxfruit', 'English', 'Rerun', 'Albion', 'mammoth', 'Silver']",[],False
93,2025-04-20 00:03,coopertv,en,Counter-Strike,🔴PREMIER(almost 30K) + CASES🔴SOME FACEIT(3K+ SOON)🔴 !skinclub !tradeit baby !registry,['English'],['MatureGame'],False
93,2025-04-20 00:03,Warn,en,Overwatch 2,[!DROPS] #1 ASHE -> DRIVES GRIND.. LATE NIGHT STREAM! 🔴 BIRTHDAY GIFT HAUL 🔴 USA BDAY PO BOX OPENING TOMORROW! 🔴 New !video with Aspen,"['Overwatch', 'Competitive', 'ADHD', 'Drops', 'English', 'DropsEnabled']",[],False
93,2025-04-20 00:03,Sigy,en,Hero Wars,🔴Pirating on a Pirate Game Then HERO WARS later! #ad🔴40/100🔴!YT !YT2 #herowars,['English'],[],True
93,2025-04-20 00:03,shwockatv,en,Sea of Thieves,evil glass,"['NerdKing', 'gamergirl', 'professionalplayer', 'nerd', 'seaofthieves', 'hourglasspvp', 'English']",[],False
93,2025-04-20 00:03,JBcryptic,en,Sea of Thieves,Feeling Great Today! Join in !giveaway !freepack,"['ama', 'Giveaway', 'English']",[],False
93,2025-04-20 00:03,Hassanieman,en,Fortnite,32 Duo Zw Customs Scrims !discord | Come Join!🍌,"['English', 'PlayingwithViewers', 'reload', 'customs', 'Scrims', 'Solos', 'Fashion', 'DropsEnabled']",[],False
94,2025-04-20 00:24,vulture_ow,en,Overwatch 2,[!DROPS] GRINDING OVERWATCH THEN LAST OF US TONIGHT ^_^ !discord !newvid,"['English', 'Competitive', 'fps', 'junkrat', 'SewerRat', 'overwatch', 'hashtagawesome', 'DropsEnabled']",[],False
94,2025-04-20 00:24,Arguz11,en,ROBLOX,FREE ROBUX ON PLS DONATE! Commands on screen!,"['giveaway', 'playingwithviewers', 'roblox', 'plsdonate', 'bloxfruit', 'English', 'Rerun', 'Albion', 'mammoth', 'Silver']",[],False
94,2025-04-20 00:24,Warn,en,Overwatch 2,[!DROPS] #1 ASHE -> DRIVES GRIND.. LATE NIGHT STREAM! 🔴 BIRTHDAY GIFT HAUL 🔴 USA BDAY PO BOX OPENING TOMORROW! 🔴 New !video with Aspen,"['Overwatch', 'Competitive', 'ADHD', 'Drops', 'English', 'DropsEnabled']",[],False
94,2025-04-20 00:24,Sigy,en,Hero Wars,🔴Pirating on a Pirate Game Then HERO WARS later! #ad🔴40/100🔴!YT !YT2 #herowars,['English'],[],True
94,2025-04-20 00:24,coopertv,en,Counter-Strike,🔴PREMIER(almost 30K) + CASES🔴SOME FACEIT(3K+ SOON)🔴 !skinclub !tradeit baby !registry,['English'],['MatureGame'],False
94,2025-04-20 00:25,vadriss,en,Grand Theft Auto V,Day 19 of UNCAPPED Birthday SUBATHON | Partner Anniversary | !merch !subathon !goals,"['English', 'Gay', 'femboy', 'LGBTQ', 'twitchprideguild']",['MatureGame'],False
94,2025-04-20 00:25,muvaellaivy,en,Just Chatting,time is ticking!! !fiveM !plushie,['English'],['ProfanityVulgarity'],False
94,2025-04-20 00:25,omareloff,en,Grand Theft Auto V,🔵 NEW PD?? 🔵 !Mohsin 🔵 !Displate 🔵 !insta 🔵 LiquidRP 🔵 Jose Exotic 🔵 GTA 5 RP 🔵 CS2 🔵 GYM: 5,['English'],['MatureGame'],False
94,2025-04-20 00:25,Minky,en,Grand Theft Auto V,AUSTRALIAN  GTA PUBLIC SERVER ⋆˙⟡ !links !discord !cod #ad,"['VFT', 'English', 'LGBTQIA', 'Gay', 'femboy', 'gamer', 'ＧTA5', 'gta', 'Roleplay', 'holidayhoopla']",['MatureGame'],True
95,2025-04-20 04:02,Warn,en,Overwatch 2,[!DROPS] #1 ASHE -> DRIVES GRIND.. LATE NIGHT STREAM! 🔴 BIRTHDAY GIFT HAUL 🔴 USA BDAY PO BOX OPENING TOMORROW! 🔴 New !video with Aspen,"['Overwatch', 'Competitive', 'ADHD', 'Drops', 'English', 'DropsEnabled']",[],False
95,2025-04-20 04:02,ow_esports,en,Overwatch 2,[DROPS] OWCS Champions Clash 2025 | Day 3,"['Esports', 'English', 'fps', 'Shooter', 'Action', 'overwatch2', 'drops', 'OWCS', 'faceit', 'DropsEnabled']",[],False
95,2025-04-20 04:02,Oatley,en,Fortnite,"(!DROPS ON) WATCHING OCE FNCS GROUP STAGE | Code ""Oatley"" #ad | !socials !youtube !fncs","['FamilyFriendly', 'Fortnite', 'BattleRoyale', 'Multiplayer', 'Competitive', 'Professional', 'Positivity', 'PC', 'English', 'DropsEnabled']",[],False
95,2025-04-20 04:02,CarlCrafts,en,Minecraft,9550+ DAYS HARDCORE - BUILDING AN ALLAY CASTLE - !THRONE !TIKTOK,"['Australian', 'ADHD', 'Hardcore', 'English', 'Neurodivergent', 'Aussie', 'ClosedCaptions', 'Beard', 'vanilla', 'OCE']",[],False
95,2025-04-20 04:03,Arguz11,en,ROBLOX,FREE ROBUX ON PLS DONATE! Commands on screen!,"['giveaway', 'playingwithviewers', 'roblox', 'plsdonate', 'bloxfruit', 'English', 'Rerun', 'Albion', 'mammoth', 'Silver']",[],False
95,2025-04-20 04:03,gkey,en,Minecraft,"🟪17,500+ DAYS Hardcore Minecraft🟪!project !tour !socials🟪",['English'],[],False
95,2025-04-20 04:03,Greninja,en,Minecraft,| funniewars | !ip !newvid !vod !yt !lunar !pp !team,['English'],[],False
95,2025-04-20 04:03,millkberry,en,Stardew Valley,"✧🍓 i have a headache, save me stardew ♡ !youtube !socials !discord 🍓✧","['facecam', 'safespace', 'cringe', 'English', 'Interactive', 'Cozy', 'Australia', 'Australian']",[],False
95,2025-04-20 04:03,AwesomeSanz,en,Among Us,The Uncapped Sanzathon | Day 6 | !Sanzathon,"['Comedy', 'English']",[],False
96,2025-04-20 04:18,ow_esports,en,Overwatch 2,[DROPS] OWCS Champions Clash 2025 | Day 3,"['Esports', 'English', 'fps', 'Shooter', 'Action', 'overwatch2', 'drops', 'OWCS', 'faceit', 'DropsEnabled']",[],False
96,2025-04-20 04:18,Warn,en,Overwatch 2,[!DROPS] #1 ASHE -> DRIVES GRIND.. LATE NIGHT STREAM! 🔴 BIRTHDAY GIFT HAUL 🔴 USA BDAY PO BOX OPENING TOMORROW! 🔴 New !video with Aspen,"['Overwatch', 'Competitive', 'ADHD', 'Drops', 'English', 'DropsEnabled']",[],False
96,2025-04-20 04:18,Oatley,en,Fortnite,"(!DROPS ON) WATCHING OCE FNCS GROUP STAGE | Code ""Oatley"" #ad | !socials !youtube !fncs","['FamilyFriendly', 'Fortnite', 'BattleRoyale', 'Multiplayer', 'Competitive', 'Professional', 'Positivity', 'PC', 'English', 'DropsEnabled']",[],False
96,2025-04-20 04:18,CarlCrafts,en,Minecraft,9550+ DAYS HARDCORE - BUILDING AN ALLAY CASTLE - !THRONE !TIKTOK,"['Australian', 'ADHD', 'Hardcore', 'English', 'Neurodivergent', 'Aussie', 'ClosedCaptions', 'Beard', 'vanilla', 'OCE']",[],False
96,2025-04-20 04:18,Arguz11,en,ROBLOX,FREE ROBUX ON PLS DONATE! Commands on screen!,"['giveaway', 'playingwithviewers', 'roblox', 'plsdonate', 'bloxfruit', 'English', 'Rerun', 'Albion', 'mammoth', 'Silver']",[],False
96,2025-04-20 04:18,gkey,en,Minecraft,"🟪17,500+ DAYS Hardcore Minecraft🟪!project !tour !socials🟪",['English'],[],False
96,2025-04-20 04:18,BasimZB,en,Marvel Rivals,🔴 !DROPS 🔴Rank #1 Starlord 🔴 How to climb to OAA 🔴 Best Bald Player 🔴 !discord 🔴!spin !tts !commands 🔴,"['Competitive', 'English', 'Educational', 'DropsEnabled']",[],False
96,2025-04-20 04:18,p_tatotv,en,Marvel Rivals,[NEW !DROPS] ✅ Currently TOP100 / Cel3 / / !drops !discord,"['thegoat', 'humble', 'marvelrivals', 'English', 'DropsEnabled']",[],False
96,2025-04-20 04:18,sinatraa,en,Marvel Rivals,[DROPS] ranked,"['English', 'DropsEnabled']",[],False
97,2025-04-20 04:34,ow_esports,en,Overwatch 2,[DROPS] OWCS Champions Clash 2025 | Day 3,"['Esports', 'English', 'fps', 'Shooter', 'Action', 'overwatch2', 'drops', 'OWCS', 'faceit', 'DropsEnabled']",[],False
97,2025-04-20 04:35,Warn,en,Overwatch 2,[!DROPS] #1 ASHE -> DRIVES GRIND.. LATE NIGHT STREAM! 🔴 BIRTHDAY GIFT HAUL 🔴 USA BDAY PO BOX OPENING TOMORROW! 🔴 New !video with Aspen,"['Overwatch', 'Competitive', 'ADHD', 'Drops', 'English', 'DropsEnabled']",[],False
97,2025-04-20 04:35,Oatley,en,Fortnite,"(!DROPS ON) WATCHING OCE FNCS GROUP STAGE | Code ""Oatley"" #ad | !socials !youtube !fncs","['FamilyFriendly', 'Fortnite', 'BattleRoyale', 'Multiplayer', 'Competitive', 'Professional', 'Positivity', 'PC', 'English', 'DropsEnabled']",[],False
97,2025-04-20 04:35,CarlCrafts,en,Minecraft,9550+ DAYS HARDCORE - BUILDING AN ALLAY CASTLE - !THRONE !TIKTOK,"['Australian', 'ADHD', 'Hardcore', 'English', 'Neurodivergent', 'Aussie', 'ClosedCaptions', 'Beard', 'vanilla', 'OCE']",[],False
97,2025-04-20 04:35,Arguz11,en,ROBLOX,FREE ROBUX ON PLS DONATE! Commands on screen!,"['giveaway', 'playingwithviewers', 'roblox', 'plsdonate', 'bloxfruit', 'English', 'Rerun', 'Albion', 'mammoth', 'Silver']",[],False
97,2025-04-20 04:35,gkey,en,Minecraft,"🟪17,500+ DAYS Hardcore Minecraft🟪!project !tour !socials🟪",['English'],[],False
97,2025-04-20 04:35,lplenglish,en,League of Legends,2025 LPL Split 2 Rumble Stage | Day 16 | LNG vs. UP | TES vs. BLG | FPX vs. NIP | !casters !production !schedule,"['LPL', 'Lolesports', 'English']",[],False
97,2025-04-20 04:35,Bwipolol,en,League of Legends,Last Epoch in Q Challenger tier educational TOP LANE gameplay,"['Speedrunning', 'English', 'Challenger', 'soloqueue']",[],False
97,2025-04-20 04:35,Caedrel,en,League of Legends,🔴LCK DK VS DRX COSTREAMMMMMMMMMM #LCKWatchParty -  !dpmlol !discord !displate,"['English', 'LPL', 'LCK', 'LEC']",[],False
98,2025-04-20 04:54,Warn,en,Overwatch 2,[!DROPS] #1 ASHE -> DRIVES GRIND.. LATE NIGHT STREAM! 🔴 BIRTHDAY GIFT HAUL 🔴 USA BDAY PO BOX OPENING TOMORROW! 🔴 New !video with Aspen,"['Overwatch', 'Competitive', 'ADHD', 'Drops', 'English', 'DropsEnabled']",[],False
98,2025-04-20 04:54,ow_esports,en,Overwatch 2,[DROPS] OWCS Champions Clash 2025 | Day 3,"['Esports', 'English', 'fps', 'Shooter', 'Action', 'overwatch2', 'drops', 'OWCS', 'faceit', 'DropsEnabled']",[],False
98,2025-04-20 04:54,CarlCrafts,en,Minecraft,9550+ DAYS HARDCORE - BUILDING AN ALLAY CASTLE - !THRONE !TIKTOK,"['Australian', 'ADHD', 'Hardcore', 'English', 'Neurodivergent', 'Aussie', 'ClosedCaptions', 'Beard', 'vanilla', 'OCE']",[],False
98,2025-04-20 04:54,Oatley,en,Fortnite,"(!DROPS ON) WATCHING OCE FNCS GROUP STAGE | Code ""Oatley"" #ad | !socials !youtube !fncs","['FamilyFriendly', 'Fortnite', 'BattleRoyale', 'Multiplayer', 'Competitive', 'Professional', 'Positivity', 'PC', 'English', 'DropsEnabled']",[],False
98,2025-04-20 04:54,Arguz11,en,ROBLOX,FREE ROBUX ON PLS DONATE! Commands on screen!,"['giveaway', 'playingwithviewers', 'roblox', 'plsdonate', 'bloxfruit', 'English', 'Rerun', 'Albion', 'mammoth', 'Silver']",[],False
98,2025-04-20 04:55,gkey,en,Minecraft,"🟪17,500+ DAYS Hardcore Minecraft🟪!project !tour !socials🟪",['English'],[],False
98,2025-04-20 04:55,ItsTallyPlays,en,Laundry Store Simulator,♥ - {18+} ♥ - Laundry Time......  - ♥    |!discord|!socials|!kinder|!clip|!donate|!instant|!matchington|,"['Canadian', 'Chatty', 'Cozy', 'English', '2SLGBTQIAPlus', 'cozygames', 'AuDHD', 'OCD', 'NeuroSpicy', '420FriendlyStreamer']",[],True
98,2025-04-20 04:55,ZenMeow,en,Dragon Age: Origins,Origins End Game! | !ZenMom !kofi !504,"['LGBTQIAPlus', 'ChronicIllness', 'Disabled', 'English', 'Queer', 'ADHD', 'CozyChaos', 'Neurodivergent', 'CaptionsOn', 'OpenCaptioning']",['MatureGame'],False
98,2025-04-20 04:55,Jeremy_GoneWild,en,inZOI,SimZOI? (Sims+inZOI),"['lgbtqia', 'gay', 'neurodivergent', 'autism', 'lgbt', 'English', 'vtuber', 'sims', 'inzoi']",[],False
99,2025-04-20 05:11,ow_esports,en,Overwatch 2,[DROPS] OWCS Champions Clash 2025 | Day 3,"['Esports', 'English', 'fps', 'Shooter', 'Action', 'overwatch2', 'drops', 'OWCS', 'faceit', 'DropsEnabled']",[],False
99,2025-04-20 05:11,Warn,en,Overwatch 2,[!DROPS] #1 ASHE -> DRIVES GRIND.. LATE NIGHT STREAM! 🔴 BIRTHDAY GIFT HAUL 🔴 USA BDAY PO BOX OPENING TOMORROW! 🔴 New !video with Aspen,"['Overwatch', 'Competitive', 'ADHD', 'Drops', 'English', 'DropsEnabled']",[],False
99,2025-04-20 05:11,CarlCrafts,en,Minecraft,9550+ DAYS HARDCORE - BUILDING AN ALLAY CASTLE - !THRONE !TIKTOK,"['Australian', 'ADHD', 'Hardcore', 'English', 'Neurodivergent', 'Aussie', 'ClosedCaptions', 'Beard', 'vanilla', 'OCE']",[],False
99,2025-04-20 05:11,Oatley,en,Fortnite,"(!DROPS ON) WATCHING OCE FNCS GROUP STAGE | Code ""Oatley"" #ad | !socials !youtube !fncs","['FamilyFriendly', 'Fortnite', 'BattleRoyale', 'Multiplayer', 'Competitive', 'Professional', 'Positivity', 'PC', 'English', 'DropsEnabled']",[],False
99,2025-04-20 05:11,Arguz11,en,ROBLOX,FREE ROBUX ON PLS DONATE! Commands on screen!,"['giveaway', 'playingwithviewers', 'roblox', 'plsdonate', 'bloxfruit', 'English', 'Rerun', 'Albion', 'mammoth', 'Silver']",[],False
99,2025-04-20 05:11,gkey,en,Minecraft,"🟪17,500+ DAYS Hardcore Minecraft🟪!project !tour !socials🟪",['English'],[],False
99,2025-04-20 05:11,chosen_ow,en,Overwatch 2,[OWCS !DROPS ✅] (WATCHING OWCS RN) #1 ILLARI 🔴 CHAMP SUPPORT 🔴 ENDURING CIA TORTURE METHOD (COMP DRIVES) ON DPS (DERANKING TO COPPER),"['English', 'top500', 'Illari', 'overwatch', 'Competitive', 'femboy', 'DropsEnabled']",[],False
99,2025-04-20 05:11,mL7support,en,Overwatch 2,🔴OWCS FINALS DAY !DROPS ON 🔴 CHECK OUT THE NEW !247 CHANNEL 🔴 !VIDEO !SOCIALS 🔴,"['English', 'gaming', 'Overｗatch2', 'SupportMain', 'DropsEnabled']",[],False
99,2025-04-20 05:11,colourhex,en,Overwatch 2,[!DROPS] NEW VIDEO !newvid !vid | Watching OWCS in Q |,"['English', 'top500', 'ADHD', 'DPS', 'Overwatch2', 'Australia', 'NZL', 'NewZealand', 'chill', 'DropsEnabled']",[],False
100,2025-04-20 08:03,ow_esports,en,Overwatch 2,[DROPS] OWCS Champions Clash 2025 | Day 3,"['Esports', 'English', 'fps', 'Shooter', 'Action', 'overwatch2', 'drops', 'OWCS', 'faceit', 'DropsEnabled']",[],False
100,2025-04-20 08:03,Oatley,en,Fortnite,"(!DROPS ON) WATCHING OCE FNCS GROUP STAGE | Code ""Oatley"" #ad | !socials !youtube !fncs","['FamilyFriendly', 'Fortnite', 'BattleRoyale', 'Multiplayer', 'Competitive', 'Professional', 'Positivity', 'PC', 'English', 'DropsEnabled']",[],False
100,2025-04-20 08:03,Arguz11,en,ROBLOX,FREE ROBUX ON PLS DONATE! Commands on screen!,"['giveaway', 'playingwithviewers', 'roblox', 'plsdonate', 'bloxfruit', 'English', 'Rerun', 'Albion', 'mammoth', 'Silver']",[],False
100,2025-04-20 08:03,LCK,en,League of Legends,DK vs DRX - KT vs DNF | 2025 LCK Round 1,"['Esports', 'English']",[],False
100,2025-04-20 08:03,Smacko,en,Fortnite,"DROPS ON ✅ZERO BUILDS SOLO VS SQUADS. Use Code ""SMACKO"" #EpicPartner #AD","['English', 'Fortnite', 'ZeroBuild', 'DropsEnabled']",[],False
100,2025-04-20 08:03,Lightn1ngbolt_,en,Marvel Rivals,RANK #1 HAWKEYE/BLACK WIDOW in the WORLD🏹🔥[DROPS ON!! ] ✅,"['gym', 'anime', 'AMA', 'English', 'Português', 'marvelrivals', 'Hawkeye', 'giveaway', 'blackwidow', 'DropsEnabled']",[],False
100,2025-04-20 08:03,onlylegs,en,Marvel Rivals,[DROPS ON] Most flexible support player | Top 500 ranked (educational sometimes),"['English', 'varietystreamer', 'top500', 'aim', 'adamwarlock', 'LunaSnow', 'mantis', 'mantisshrimp', 'DropsEnabled']",[],False
100,2025-04-20 08:03,br0ckerrrrr,en,Marvel Rivals,*DROPS HERE* VENOM ONLY TO TOP 500,"['English', 'funny', 'fps', 'marvel', 'handsome', 'DropsEnabled']",[],False
100,2025-04-20 08:04,p_tatotv,en,Marvel Rivals,[NEW !DROPS] ✅ Currently TOP100 / Cel3 / / !drops !discord,"['thegoat', 'humble', 'marvelrivals', 'English', 'DropsEnabled']",[],False
101,2025-04-20 08:24,ow_esports,en,Overwatch 2,[DROPS] OWCS Champions Clash 2025 | Day 3,"['Esports', 'English', 'fps', 'Shooter', 'Action', 'overwatch2', 'drops', 'OWCS', 'faceit', 'DropsEnabled']",[],False
101,2025-04-20 08:24,Oatley,en,Fortnite,"(!DROPS ON) 🏆 QUALIFIED !FNCS GRAND FINALS 🏆 | Code ""Oatley"" #ad | !socials !youtube","['FamilyFriendly', 'Fortnite', 'BattleRoyale', 'Multiplayer', 'Competitive', 'Professional', 'Positivity', 'PC', 'English', 'DropsEnabled']",[],False
101,2025-04-20 08:24,Arguz11,en,ROBLOX,FREE ROBUX ON PLS DONATE! Commands on screen!,"['giveaway', 'playingwithviewers', 'roblox', 'plsdonate', 'bloxfruit', 'English', 'Rerun', 'Albion', 'mammoth', 'Silver']",[],False
101,2025-04-20 08:24,Lightn1ngbolt_,en,Marvel Rivals,RANK #1 HAWKEYE/BLACK WIDOW in the WORLD🏹🔥[DROPS ON!! ] ✅,"['gym', 'anime', 'AMA', 'English', 'Português', 'marvelrivals', 'Hawkeye', 'giveaway', 'blackwidow', 'DropsEnabled']",[],False
101,2025-04-20 08:25,LCK,en,League of Legends,DK vs DRX - KT vs DNF | 2025 LCK Round 1,"['Esports', 'English']",[],False
101,2025-04-20 08:25,Smacko,en,Fortnite,"DROPS ON ✅ZERO BUILDS SOLO VS SQUADS. Use Code ""SMACKO"" #EpicPartner #AD","['English', 'Fortnite', 'ZeroBuild', 'DropsEnabled']",[],False
101,2025-04-20 08:25,VALORANT_jpn,ja,VALORANT,VCT Pacific 2025 : STAGE 1 - DAY 14,"['Esports', 'VALORANT', '日本語']",[],True
101,2025-04-20 08:25,valorantesports_cn,zh,VALORANT,BLG vs TE - EDG vs DRG - DAY 4 - Playoffs - VCT CN Stage 1,"['valorantesports', '中文', 'VCTCN']",[],False
101,2025-04-20 08:25,Kaemii,en,VALORANT,GENG VS DRX - APAC PLAYOFF QUALIFIERS,['English'],[],False
102,2025-04-20 08:43,ow_esports,en,Overwatch 2,[DROPS] OWCS Champions Clash 2025 | Day 3,"['Esports', 'English', 'fps', 'Shooter', 'Action', 'overwatch2', 'drops', 'OWCS', 'faceit', 'DropsEnabled']",[],False
102,2025-04-20 08:44,Oatley,en,Fortnite,"(!DROPS ON) 🏆 QUALIFIED !FNCS GRAND FINALS 🏆 | Code ""Oatley"" #ad | !socials !youtube","['FamilyFriendly', 'Fortnite', 'BattleRoyale', 'Multiplayer', 'Competitive', 'Professional', 'Positivity', 'PC', 'English', 'DropsEnabled']",[],False
102,2025-04-20 08:44,Arguz11,en,ROBLOX,FREE ROBUX ON PLS DONATE! Commands on screen!,"['giveaway', 'playingwithviewers', 'roblox', 'plsdonate', 'bloxfruit', 'English', 'Rerun', 'Albion', 'mammoth', 'Silver']",[],False
102,2025-04-20 08:44,Lightn1ngbolt_,en,Marvel Rivals,RANK #1 HAWKEYE/BLACK WIDOW in the WORLD🏹🔥[DROPS ON!! ] ✅,"['gym', 'anime', 'AMA', 'English', 'Português', 'marvelrivals', 'Hawkeye', 'giveaway', 'blackwidow', 'DropsEnabled']",[],False
102,2025-04-20 08:44,Necros,en,Marvel Rivals,[!DROPS ENABLED] 100% WITHOUT A DOUBT BEATING THE PART TIME STREAMER ALLEGATIONS TODAY !tierlist,"['English', 'spiderman', 'blackpanther', 'DropsEnabled']",[],False
102,2025-04-20 08:44,Smacko,en,Fortnite,"DROPS ON ✅ZERO BUILDS SOLO VS SQUADS. Use Code ""SMACKO"" #EpicPartner #AD","['English', 'Fortnite', 'ZeroBuild', 'DropsEnabled']",[],False
102,2025-04-20 08:44,colourhex,en,Overwatch 2,[!DROPS] NEW VIDEO !newvid !vid | Watching OWCS in Q |,"['English', 'top500', 'ADHD', 'DPS', 'Overwatch2', 'Australia', 'NZL', 'NewZealand', 'chill', 'DropsEnabled']",[],False
102,2025-04-20 08:44,codebreaker,en,Overwatch 2,[❤️!DROPS ENABLED❤️] T500 DPS | CATDAD | FINISHING DRIVE ON ALT ACCS!!! MAYBE STADIUM TODAY??? WOOOOOO,"['dps', 'chill', 'English', 'DropsEnabled']",[],False
102,2025-04-20 08:44,Emongg,en,Overwatch 2,[!DROPS OWCS ENABLED] OWCS FINALS DAY NEW OWCS DROPS,"['English', 'DropsEnabled']",[],False
103,2025-04-20 09:03,ow_esports,en,Overwatch 2,[DROPS] OWCS Champions Clash 2025 | Day 3,"['Esports', 'English', 'fps', 'Shooter', 'Action', 'overwatch2', 'drops', 'OWCS', 'faceit', 'DropsEnabled']",[],False
103,2025-04-20 09:03,Oatley,en,Fortnite,"(!DROPS ON) 🏆 QUALIFIED !FNCS GRAND FINALS 🏆 | Code ""Oatley"" #ad | !socials !youtube","['FamilyFriendly', 'Fortnite', 'BattleRoyale', 'Multiplayer', 'Competitive', 'Professional', 'Positivity', 'PC', 'English', 'DropsEnabled']",[],False
103,2025-04-20 09:03,Arguz11,en,ROBLOX,FREE ROBUX ON PLS DONATE! Commands on screen!,"['giveaway', 'playingwithviewers', 'roblox', 'plsdonate', 'bloxfruit', 'English', 'Rerun', 'Albion', 'mammoth', 'Silver']",[],False
103,2025-04-20 09:03,Lightn1ngbolt_,en,Marvel Rivals,RANK #1 HAWKEYE/BLACK WIDOW in the WORLD🏹🔥[DROPS ON!! ] ✅,"['gym', 'anime', 'AMA', 'English', 'Português', 'marvelrivals', 'Hawkeye', 'giveaway', 'blackwidow', 'DropsEnabled']",[],False
103,2025-04-20 09:03,Smacko,en,Fortnite,"DROPS ON ✅ZERO BUILDS SOLO VS SQUADS. Use Code ""SMACKO"" #EpicPartner #AD","['English', 'Fortnite', 'ZeroBuild', 'DropsEnabled']",[],False
103,2025-04-20 09:03,Necros,en,Marvel Rivals,[!DROPS ENABLED] 100% WITHOUT A DOUBT BEATING THE PART TIME STREAMER ALLEGATIONS TODAY !tierlist,"['English', 'spiderman', 'blackpanther', 'DropsEnabled']",[],False
103,2025-04-20 09:03,osdeelive,en,ROBLOX,🔴{LIVE}🔴 PLS DONATE OFFLINE DONATING TO VIEWERS! | 🔴,['English'],[],False
103,2025-04-20 09:03,anatoxichh,ru,ROBLOX,ДРЫНДА И АНАТОХИЧ Dead Rails,"['Anatoxich', 'Анатохич', 'Русский']",[],False
103,2025-04-20 09:03,Zintid,en,ROBLOX,ROBUX GIVEAWAY | !giveaway | !discord | !play FREE ROBUX,"['English', 'Rerun']",[],False
104,2025-04-20 09:20,ow_esports,en,Overwatch 2,[DROPS] OWCS Champions Clash 2025 | Day 3,"['Esports', 'English', 'fps', 'Shooter', 'Action', 'overwatch2', 'drops', 'OWCS', 'faceit', 'DropsEnabled']",[],False
104,2025-04-20 09:20,Oatley,en,Fortnite,"(!DROPS ON) 🏆 QUALIFIED !FNCS GRAND FINALS 🏆 | Code ""Oatley"" #ad | !socials !youtube","['FamilyFriendly', 'Fortnite', 'BattleRoyale', 'Multiplayer', 'Competitive', 'Professional', 'Positivity', 'PC', 'English', 'DropsEnabled']",[],False
104,2025-04-20 09:21,AnthonyDayTV,en,EA Sports FC 25,💥 EPISODE 35 OF THE RTG!! 💥 BUDGIE FC DOES FUT CHAMPS!! 💥 🚨 PSN: xxanth95xx 🚨 | !YT !Sub !Prime !TikTok !Merch,"['uk', 'English', 'playingwithviewers', 'EASportsFC', 'FC25', 'FUTChampions', 'TeamOfTheSeason', 'TOTS', 'UltimateTeam']",[],False
104,2025-04-20 09:21,Arguz11,en,ROBLOX,FREE ROBUX ON PLS DONATE! Commands on screen!,"['giveaway', 'playingwithviewers', 'roblox', 'plsdonate', 'bloxfruit', 'English', 'Rerun', 'Albion', 'mammoth', 'Silver']",[],False
104,2025-04-20 09:21,Necros,en,Marvel Rivals,[!DROPS ENABLED] 100% WITHOUT A DOUBT BEATING THE PART TIME STREAMER ALLEGATIONS TODAY !tierlist,"['English', 'spiderman', 'blackpanther', 'DropsEnabled']",[],False
104,2025-04-20 09:21,thefreddymc,en,Minecraft,👽 Beating Minecraft Under 30:00 TODAY 👽 Yapliens Unite 👽 World Domination Continues 👽 !YouTube 👽 !Discord 👽 !pb,['English'],[],False
104,2025-04-20 09:21,Pingn,en,Grand Theft Auto V,Hydrate Rp💧LONG WEEKEND WOOO [Subgoal 287/300],['English'],['MatureGame'],True
104,2025-04-20 09:21,tt_nz,en,Grand Theft Auto V,Hydrate RP | Lil T up to mischief | 4Skins | !hydrate | FiveM,"['FiveM', 'English']",['MatureGame'],False
104,2025-04-20 09:21,NoisyDo,en,Grand Theft Auto V,FiveM - Nova Bryce 💎 I Happy Easter! | 💎 Day 145 - 365 🥽 HydrateRP 🥽,"['english', 'English', 'gta', 'RP', 'BlueBirdRP', 'BBRP', 'funny']",['MatureGame'],False
105,2025-04-20 12:02,Fortnite,en,Fortnite,FNCS Major 2 - EU - Group 3,"['Esports', 'English', 'DropsEnabled']",[],False
105,2025-04-20 12:02,thefreddymc,en,Minecraft,👽 Beating Minecraft Under 30:00 TODAY 👽 Yapliens Unite 👽 World Domination Continues 👽 !YouTube 👽 !Discord 👽 !pb,['English'],[],False
105,2025-04-20 12:03,Arguz11,en,ROBLOX,FREE ROBUX ON PLS DONATE! Commands on screen!,"['giveaway', 'playingwithviewers', 'roblox', 'plsdonate', 'bloxfruit', 'English', 'Rerun', 'Albion', 'mammoth', 'Silver']",[],False
105,2025-04-20 12:03,kraandop,en,Overwatch 2,[!DROPS] I'M SO BACK. BIG MOVES AND EMOTE WHEEL DAY. !GG !VIDEO,"['Nederlands', 'English', 'DropsEnabled']",[],False
105,2025-04-20 12:03,Smacko,en,Fortnite,"DROPS ON ✅ZERO BUILDS SOLO VS SQUADS. Use Code ""SMACKO"" #EpicPartner #AD","['English', 'Fortnite', 'ZeroBuild', 'DropsEnabled']",[],False
105,2025-04-20 12:03,AussieAntics,en,Fortnite,WATCHING FNCS GROUP 3 🏆 V-BUCK GIVEAWAYS 💰!GIVEAWAY ❤️,"['English', 'DropsEnabled']",[],False
105,2025-04-20 12:03,SeniorMender8,en,Fortnite,Solo vs Squads on Controller!! Zero Build Joker,"['English', 'DropsEnabled']",[],False
105,2025-04-20 12:03,Ship,en,Fortnite,HAPPY EASTER! - RANKED ANOTHER TIME | Weapons Update !update | #1 WINS IN THE WORLD | !yt !twitter !discord !stats,"['English', 'FamilyFriendly', 'Chatty', 'goodvibes', 'DropsEnabled']",[],False
105,2025-04-20 12:03,Makeouthill,en,Fortnite,Happy Easters! NEW UPDATE! NEW RANKED RELOAD MAP -> Best Aim Settings ON Fortnite! DAILY STREAMER! ZERO DAYS OFF!🟧I'M GOING CRAZY🟧,"['adhd', 'hype', 'xqc', 'ASMR', 'English', 'Competitive', 'fortnite', 'funny', 'ama', 'multiplayer']",[],False
106,2025-04-20 12:23,Fortnite,en,Fortnite,FNCS Major 2 - EU - Group 3,"['Esports', 'English', 'DropsEnabled']",[],False
106,2025-04-20 12:23,thefreddymc,en,Minecraft,👽 Beating Minecraft Under 30:00 TODAY 👽 Yapliens Unite 👽 World Domination Continues 👽 !YouTube 👽 !Discord 👽 !pb,['English'],[],False
106,2025-04-20 12:23,AussieAntics,en,Fortnite,WATCHING FNCS GROUP 3 🏆 V-BUCK GIVEAWAYS 💰!GIVEAWAY ❤️,"['English', 'DropsEnabled']",[],False
106,2025-04-20 12:24,Arguz11,en,ROBLOX,FREE ROBUX ON PLS DONATE! Commands on screen!,"['giveaway', 'playingwithviewers', 'roblox', 'plsdonate', 'bloxfruit', 'English', 'Rerun', 'Albion', 'mammoth', 'Silver']",[],False
106,2025-04-20 12:24,kraandop,en,Overwatch 2,[!DROPS] I'M SO BACK. BIG MOVES AND EMOTE WHEEL DAY. !GG !VIDEO,"['Nederlands', 'English', 'DropsEnabled']",[],False
106,2025-04-20 12:24,Smacko,en,Fortnite,"DROPS ON ✅ZERO BUILDS SOLO VS SQUADS. Use Code ""SMACKO"" #EpicPartner #AD","['English', 'Fortnite', 'ZeroBuild', 'DropsEnabled']",[],False
106,2025-04-20 12:24,coreydarbo,en,Just Chatting,😎ITS EASTER😎EMOTES PENDING RN😎PARTNER GRIND😎SOUND LAD THAT COREY😎!IG,['English'],[],False
106,2025-04-20 12:24,NYKchazza,en,Just Chatting,HAPPY CHAZSTERRRRRRRR🔥 36.6 BMI 🔥 I GOT ATTACKED BY MONKEYS 🔥 BOXING PRO 🔥,['English'],[],False
106,2025-04-20 12:24,EllieWaller,en,Grand Theft Auto V,SGT Channy | TIME2RP,"['FIVEM', 'GTARP', 'time2rp', 'TIME2', 'Female', 'English', 'time2roleplay', 'ProdigyRP']",['MatureGame'],False
107,2025-04-20 12:40,Fortnite,en,Fortnite,FNCS Major 2 - EU - Group 3,"['Esports', 'English', 'DropsEnabled']",[],False
107,2025-04-20 12:40,thefreddymc,en,Minecraft,👽 Beating Minecraft Under 30:00 TODAY 👽 Yapliens Unite 👽 World Domination Continues 👽 !YouTube 👽 !Discord 👽 !pb,['English'],[],False
107,2025-04-20 12:40,AussieAntics,en,Fortnite,WATCHING FNCS GROUP 3 🏆 V-BUCK GIVEAWAYS 💰!GIVEAWAY ❤️,"['English', 'DropsEnabled']",[],False
107,2025-04-20 12:40,Arguz11,en,ROBLOX,FREE ROBUX ON PLS DONATE! Commands on screen!,"['giveaway', 'playingwithviewers', 'roblox', 'plsdonate', 'bloxfruit', 'English', 'Rerun', 'Albion', 'mammoth', 'Silver']",[],False
107,2025-04-20 12:41,kraandop,en,Overwatch 2,[!DROPS] I'M SO BACK. BIG MOVES AND EMOTE WHEEL DAY. !GG !VIDEO,"['Nederlands', 'English', 'DropsEnabled']",[],False
107,2025-04-20 12:41,Smacko,en,Fortnite,"DROPS ON ✅ZERO BUILDS SOLO VS SQUADS. Use Code ""SMACKO"" #EpicPartner #AD","['English', 'Fortnite', 'ZeroBuild', 'DropsEnabled']",[],False
107,2025-04-20 12:41,SlimeyPigeon,en,Sea of Thieves,☠️ Sea of Thieves ☠️ Most Comp Brig EU ☠️ w/ @flux @crynrus !discord,"['English', 'seaofthieves', 'funny', 'Blue', 'imsofunnyreally', 'PvP']",[],False
107,2025-04-20 12:41,coffeineshockx,de,Sea of Thieves,Frohe Ostern🟢Hourglass  Action/Sloop//Helm/MC/Flex 🟢!giveaway Lord Guardian Sails🟢  DE/ENG,"['Deutsch', 'hourglass', 'PvP', 'seaofthieves', 'verrückt', 'ENG', 'Lehrreich', 'Anfängerfreundlich', 'Giveaways', 'SeniorenHourGlass']",[],False
107,2025-04-20 12:41,Flux,en,Sea of Thieves,🟩 CHAOS BRIGANTINE 🟩 !discord @crynrus @slimeypigeon,"['seaofthieves', 'Pirate', 'English', 'drops', 'Adventure', 'PvP']",[],False
108,2025-04-20 12:55,Fortnite,en,Fortnite,FNCS Major 2 - EU - Group 3,"['Esports', 'English', 'DropsEnabled']",[],False
108,2025-04-20 12:55,thefreddymc,en,Minecraft,👽 Beating Minecraft Under 30:00 TODAY 👽 Yapliens Unite 👽 World Domination Continues 👽 !YouTube 👽 !Discord 👽 !pb,['English'],[],False
108,2025-04-20 12:55,AussieAntics,en,Fortnite,WATCHING FNCS GROUP 3 🏆 V-BUCK GIVEAWAYS 💰!GIVEAWAY ❤️,"['English', 'DropsEnabled']",[],False
108,2025-04-20 12:55,Arguz11,en,ROBLOX,FREE ROBUX ON PLS DONATE! Commands on screen!,"['giveaway', 'playingwithviewers', 'roblox', 'plsdonate', 'bloxfruit', 'English', 'Rerun', 'Albion', 'mammoth', 'Silver']",[],False
108,2025-04-20 12:55,kraandop,en,Overwatch 2,[!DROPS] I'M SO BACK. BIG MOVES AND EMOTE WHEEL DAY. !GG !VIDEO,"['Nederlands', 'English', 'DropsEnabled']",[],False
108,2025-04-20 12:55,ApexDabi,en,Marvel Rivals,🚨[!DROPS]🚨WHERE ARE ALL THE STRATEGIST MAINS???🚨VANGUARD MAIN🚨 TRAINING ARC🚨DESTROYER OF HAY BALES @ApexDabi,"['DropsEnabled', 'Morocco', 'English', 'PVP', 'ADHD', 'marvel', 'marvelrivals', 'TOP500', 'DROPS']",[],False
108,2025-04-20 12:55,secret_0li,en,ROBLOX,💸Type your username for FREE ROBUX 💸 | !ugc !user !group !socials !discord !lurk !watchtime,"['roblox', 'robux', 'freerobux', 'talking', 'plsdonate', 'freerbx', 'rbx', 'stream', 'robloxlive', 'vc']",[],False
108,2025-04-20 12:55,not_m1nh,en,ROBLOX,ANIME LAST STAND UPDATE!!!,"['English', 'asain']",[],False
108,2025-04-20 12:55,GoptarGives,en,ROBLOX,"Robux Giveaway in ""Pls Donate"" while playing Runescape Dragonwilds","['English', 'plsdonate', 'roblox', 'giveaway', 'Norwegian', 'robux', 'webcam', 'playingwithhviewers', 'Vtuber', 'runescapedragonwilds']",[],False
109,2025-04-20 16:01,NickEh30,en,Fortnite,(Drops On) New Fortnite Season Countdown | Code NickEh30 #EpicPartner,"['Canadian', 'Positivity', 'BattleRoyale', 'PC', 'FamilyFriendly', 'Multiplayer', 'PVP', 'PlayingWithViewers', 'English', 'Drops']",[],False
109,2025-04-20 16:01,ow_esports,en,Overwatch 2,[DROPS] OWCS Champions Clash 2025 | Day 3,"['Esports', 'English', 'fps', 'Shooter', 'Action', 'overwatch2', 'drops', 'OWCS', 'faceit', 'DropsEnabled']",[],False
109,2025-04-20 16:02,Arguz11,en,ROBLOX,FREE ROBUX ON PLS DONATE! Commands on screen!,"['giveaway', 'playingwithviewers', 'roblox', 'plsdonate', 'bloxfruit', 'English', 'Rerun', 'Albion', 'mammoth', 'Silver']",[],False
109,2025-04-20 16:02,thefreddymc,en,Minecraft,👽 TODAY WAS THE DAY 28:20 NEW PB 👽 Yapliens Unite 👽 World Domination Continues 👽 !YouTube 👽 !Discord 👽 !pb,['English'],[],False
109,2025-04-20 16:02,ApexDabi,en,Marvel Rivals,🚨[!DROPS]🚨WHERE ARE ALL THE STRATEGIST MAINS???🚨VANGUARD MAIN🚨 TRAINING ARC🚨DESTROYER OF HAY BALES @ApexDabi,"['DropsEnabled', 'Morocco', 'English', 'PVP', 'ADHD', 'marvel', 'marvelrivals', 'TOP500', 'DROPS']",[],False
109,2025-04-20 16:02,AussieAntics,en,Fortnite,PRACTICING FOR PRO-AM 🤝WATCHING FNCS GROUP 3 🏆 V-BUCK GIVEAWAYS 💰!GIVEAWAY ❤️,"['English', 'DropsEnabled']",[],False
109,2025-04-20 16:02,levi_thomas_evans,en,EA Sports FC 25,🔥BARCELONA MANAGER CAREER 🔥,"['English', 'fc25', 'footballmanager', 'fc25careermode']",[],False
109,2025-04-20 16:02,AuzioMF,en,EA Sports FC 25,88+ ICON PLAYER PICKS! 🚨 !433 !prime !tts @AuzioMF,['English'],[],False
109,2025-04-20 16:02,Mossyhd7,en,EA Sports FC 25,🔥ARE WE FIGHTING RELEGATION?🔥!discord !youtube !tiktok,"['FC', 'English', 'careermode', 'fc25', 'fc25gameplay', 'leicestercity']",[],False
110,2025-04-20 16:22,caseoh247,en,Just Chatting,VOD ReRuns,"['caseoh', 'Caseohgames', 'VOD', 'reruns', 'Rerun', 'English']",[],True
110,2025-04-20 16:22,AussieAntics,en,Fortnite,PRACTICING FOR PRO-AM 🤝WATCHING FNCS GROUP 3 🏆 V-BUCK GIVEAWAYS 💰!GIVEAWAY ❤️,"['English', 'DropsEnabled']",[],False
110,2025-04-20 16:22,NickEh30,en,Fortnite,(Drops On) New Fortnite Season Countdown | Code NickEh30 #EpicPartner,"['Canadian', 'Positivity', 'BattleRoyale', 'PC', 'FamilyFriendly', 'Multiplayer', 'PVP', 'PlayingWithViewers', 'English', 'Drops']",[],False
110,2025-04-20 16:22,ApexDabi,en,Marvel Rivals,🚨[!DROPS]🚨WHERE ARE ALL THE STRATEGIST MAINS???🚨VANGUARD MAIN🚨 TRAINING ARC🚨DESTROYER OF HAY BALES @ApexDabi,"['DropsEnabled', 'Morocco', 'English', 'PVP', 'ADHD', 'marvel', 'marvelrivals', 'TOP500', 'DROPS']",[],False
110,2025-04-20 16:22,ow_esports,en,Overwatch 2,[DROPS] OWCS Champions Clash 2025 | Day 3,"['Esports', 'English', 'fps', 'Shooter', 'Action', 'overwatch2', 'drops', 'OWCS', 'faceit', 'DropsEnabled']",[],False
110,2025-04-20 16:22,Linkzzey,en,Minecraft,"🔴Hardcore 46,400+Days|4+Years|11,400+Hours !worldtour","['LetsPlay', 'English', 'Hardcore', 'RPG', 'Permadeath', 'SurvivaI', 'chill', 'hardcoreminecraft', 'FamilyFrendly']",[],False
110,2025-04-20 16:22,flusha,en,Counter-Strike,Playing until i crash out v2.0. - 3.6k ELO - 30s delay - !dm,"['English', 'swedish', 'faceit', 'aimlock']",['MatureGame'],True
110,2025-04-20 16:22,ScreaM,en,Counter-Strike,DAY 5 CS TRYING TO SHOOT HEADShOTS -  !socials  !finalmouse,"['English', '1tap', 'french', 'Belgium', 'moroccan', 'brotherman', 'valorant', 'cs', 'Français']",['MatureGame'],False
110,2025-04-20 16:22,d0cc_tv,en,Counter-Strike,🔴CHILL FACEIT PUGS 🔴 !csgoskins !pirateswap !dm - Day 50/60,"['FACEIT', 'FPL', 'PRO', 'English', 'CS2', '6KELO']",['MatureGame'],False
111,2025-04-20 16:37,NickEh30,en,Fortnite,(Drops On) New Fortnite Season Countdown | Code NickEh30 #EpicPartner,"['Canadian', 'Positivity', 'BattleRoyale', 'PC', 'FamilyFriendly', 'Multiplayer', 'PVP', 'PlayingWithViewers', 'English', 'Drops']",[],False
111,2025-04-20 16:37,ow_esports,en,Overwatch 2,[DROPS] OWCS Champions Clash 2025 | Day 3,"['Esports', 'English', 'fps', 'Shooter', 'Action', 'overwatch2', 'drops', 'OWCS', 'faceit', 'DropsEnabled']",[],False
111,2025-04-20 16:37,SypherPK,en,Fortnite,(!DROPS ON) STAR WARS FORTNITE SEASON NEWS | !oneofus,"['PvP', 'Multiplayer', 'English', 'battleroyale', 'Fortnite', 'DropsEnabled']",[],False
111,2025-04-20 16:37,Arguz11,en,ROBLOX,FREE ROBUX ON PLS DONATE! Commands on screen!,"['giveaway', 'playingwithviewers', 'roblox', 'plsdonate', 'bloxfruit', 'English', 'Rerun', 'Albion', 'mammoth', 'Silver']",[],False
111,2025-04-20 16:37,thefreddymc,en,Minecraft,👽 TODAY WAS THE DAY 28:20 NEW PB 👽 Yapliens Unite 👽 World Domination Continues 👽 !YouTube 👽 !Discord 👽 !pb,['English'],[],False
111,2025-04-20 16:37,jirotf16,en,EA Sports FC 25,⛓️FC25 UCL CONQUEST CONTINUES!⛓️102 SEASONS | 0 UCLS!⛓️!COMMUNITY⛓️!CLIPS⛓️!PRIME⛓️FC25!⛓️VARIETY⛓️,"['fc25', 'eafc25', 'careermode', 'English']",[],False
111,2025-04-20 16:37,Jay3,en,Marvel Rivals,[DROPS] CONTENT + 4/20 + HAPPY HOLIDAYS | Follow socials --> @jay3,"['FPS', 'Shooter', 'Multiplayer', 'English', 'DropsEnabled']",[],False
111,2025-04-20 16:37,Andr3wOW,en,Marvel Rivals,"[!DROPS ENABLED] RANK 1 VENOM GLOBAL ""WHYANDR3W"" ☆ MAKING STREAMERS RAGE !VIDEO ☆ VORTEX X ANDR3W COLLAB !vortex !pc","['English', 'Venom', 'Magneto', 'Competitive', 'Vanguard', 'Educational', 'Top500', 'EmmaFrost', 'DropsEnabled']",[],False
111,2025-04-20 16:37,Flats,en,Just Chatting,(HOT TOPICS) AKA CHAT VIDS !gamersupps CUP COLLAB OUT NOW!!,['English'],[],False
112,2025-04-20 20:01,DrDonutttttt,en,Minecraft,,"['English', 'smp', 'DonutSMP', 'drdonut', 'crystalpvp', 'pvp', 'cpvp', 'survival', 'minecraft', 'server']",[],False
112,2025-04-20 20:02,FroggerOW,en,Overwatch 2,[DROPS ON!] DRIVES OMG!! SUPER DROPS!!! WOW!!!,"['Australian', 'English', 'DropsEnabled']",[],False
112,2025-04-20 20:02,Fortnite,en,Fortnite,FNCS Major 2 - NAC - Group 3,"['Esports', 'English', 'DropsEnabled']",[],False
112,2025-04-20 20:02,ow_esports,en,Overwatch 2,[DROPS][REBROADCAST] OWCS Champions Clash 2025 | Day 3,"['Esports', 'English', 'fps', 'Shooter', 'Action', 'overwatch2', 'drops', 'OWCS', 'faceit', 'DropsEnabled']",[],False
112,2025-04-20 20:02,Aspen,en,Overwatch 2,[!DROPS] GETTING MY DRIVES...... OMGG !pobox,"['English', 'DropsEnabled']",[],False
112,2025-04-20 20:02,Arguz11,en,ROBLOX,FREE ROBUX ON PLS DONATE! Commands on screen!,"['giveaway', 'playingwithviewers', 'roblox', 'plsdonate', 'bloxfruit', 'English', 'Rerun', 'Albion', 'mammoth', 'Silver']",[],False
112,2025-04-20 20:02,dougot,en,Minecraft,"🔴 NETHER HUB DIG❗38,654 DAYS 📆❗10,821 HOURS ⏰❗96,116,000 BLOCKS ⛏❗!fish !tour","['English', 'wrholderbtw', 'YoungSheldon', 'survival', 'mining', 'longstream', 'WRHolder', 'vanilla', 'ASMR', 'Fisherman']",[],False
112,2025-04-20 20:02,forquartz,en,Minecraft,WE'RE BAAAAAAAACK HARDCORE (day 80+)  l !discord,"['Chill', 'Hardcore', 'English', 'PermaDeath', 'SafeSpace', 'UK', 'Viewerrewards', 'BackSeatGamingAllowed', 'Builder']",[],False
112,2025-04-20 20:02,GriffonPrime,en,Minecraft,"When the lights, go down, in the city | Chronicle 2 | Halcyon Heights | Chatters or lurkers welcome!","['English', 'Chatty', 'Chill', 'SafeSpace', 'Positivity', 'NoJoin', 'SolidGround', 'Inclusive', 'SMP', 'HalcyonHeights']",[],False
113,2025-04-20 20:18,DrDonutttttt,en,Minecraft,,"['English', 'smp', 'DonutSMP', 'drdonut', 'crystalpvp', 'pvp', 'cpvp', 'survival', 'minecraft', 'server']",[],False
113,2025-04-20 20:18,FroggerOW,en,Overwatch 2,[DROPS ON!] DRIVES OMG!! SUPER DROPS!!! WOW!!!,"['Australian', 'English', 'DropsEnabled']",[],False
113,2025-04-20 20:19,Fortnite,en,Fortnite,FNCS Major 2 - NAC - Group 3,"['Esports', 'English', 'DropsEnabled']",[],False
113,2025-04-20 20:19,ow_esports,en,Overwatch 2,[DROPS][REBROADCAST] OWCS Champions Clash 2025 | Day 3,"['Esports', 'English', 'fps', 'Shooter', 'Action', 'overwatch2', 'drops', 'OWCS', 'faceit', 'DropsEnabled']",[],False
113,2025-04-20 20:19,Aspen,en,Overwatch 2,[!DROPS] GETTING MY DRIVES...... OMGG !pobox,"['English', 'DropsEnabled']",[],False
113,2025-04-20 20:19,Arguz11,en,ROBLOX,FREE ROBUX ON PLS DONATE! Commands on screen!,"['giveaway', 'playingwithviewers', 'roblox', 'plsdonate', 'bloxfruit', 'English', 'Rerun', 'Albion', 'mammoth', 'Silver']",[],False
113,2025-04-20 20:19,SnSubtle,en,VALORANT,🔴 lets get 250 rr in the next 10 days 🔴 LOW ADS 🔴 @SnSubtle 🔴 !delay !pp,"['English', 'jett', 'bestplayerintheworld', 'Spanish', 'Ranked', 'chill', 'AMA', 'immortal', 'aim', 'arcane']",[],False
113,2025-04-20 20:19,smokeydbear,en,VALORANT,Just a chill day no yelling no anger no tilt |BIG SB SHI🚨🚨🚨🚨THE DEMON IS HERE🚨🚨🚨!clip !discord !donate !dsize,['English'],[],False
113,2025-04-20 20:19,adilswrld,en,VALORANT,😁Stop Calling Me Mooda Clone😁 TTS IS ENABLED 😁 !discord !socials,"['English', 'ADHD', 'silly', 'LOUD', 'valorant']",[],False
114,2025-04-20 20:40,DrDonutttttt,en,Minecraft,,"['English', 'smp', 'DonutSMP', 'drdonut', 'crystalpvp', 'pvp', 'cpvp', 'survival', 'minecraft', 'server']",[],False
114,2025-04-20 20:40,FroggerOW,en,Overwatch 2,[DROPS ON!] DRIVES OMG!! SUPER DROPS!!! WOW!!!,"['Australian', 'English', 'DropsEnabled']",[],False
114,2025-04-20 20:40,Fortnite,en,Fortnite,FNCS Major 2 - NAC - Group 3,"['Esports', 'English', 'DropsEnabled']",[],False
114,2025-04-20 20:41,ow_esports,en,Overwatch 2,[DROPS][REBROADCAST] OWCS Champions Clash 2025 | Day 3,"['Esports', 'English', 'fps', 'Shooter', 'Action', 'overwatch2', 'drops', 'OWCS', 'faceit', 'DropsEnabled']",[],False
114,2025-04-20 20:41,Aspen,en,Overwatch 2,[!DROPS] GETTING MY DRIVES...... OMGG !pobox,"['English', 'DropsEnabled']",[],False
114,2025-04-20 20:41,Arguz11,en,ROBLOX,FREE ROBUX ON PLS DONATE! Commands on screen!,"['giveaway', 'playingwithviewers', 'roblox', 'plsdonate', 'bloxfruit', 'English', 'Rerun', 'Albion', 'mammoth', 'Silver']",[],False
114,2025-04-20 20:41,DarkAuraLOL,en,League of Legends,BEST KAYN WORLD - Calm focused gameplay - !discord !youtube !twitter !coaching,"['English', 'DJ', 'Techno', 'Jungle', 'Kayn', 'BlueKayn', 'Challenger', 'EUW']",[],False
114,2025-04-20 20:41,Spear_Shot,en,League of Legends,55 Wins Off Rank 1. No Ecxuess. | !insta,['English'],[],False
114,2025-04-20 20:41,KarasMai,en,League of Legends,Rank 1 Kayn NA - !korea -  !Challenger !discord,"['English', 'kayn']",[],False
115,2025-04-21 00:02,FroggerOW,en,Overwatch 2,[DROPS ON!] DRIVES OMG!! SUPER DROPS!!! WOW!!!,"['Australian', 'English', 'DropsEnabled']",[],False
115,2025-04-21 00:02,Jynxzi,en,Tom Clancy's Rainbow Six Siege,"[110/365] (FINALS) 🚨 $100,000 ROLLER SUNDAY w/ @Stompgoat 🚨",['English'],['MatureGame'],False
115,2025-04-21 00:02,chenchen53,en,Pokémon Trading Card Game,⚡️⚡️⚡️Opening Pokémon Surging Sparks ⚡️⚡️⚡️,"['ranked', 'akshan', 'challenger', 'english', 'asian', 'chinese', 'English', 'ADHD', 'anime']",[],False
115,2025-04-21 00:02,omareloff,en,Grand Theft Auto V,🔵 GOOD WIBES! 🔵 !Mohsin 🔵 !Displate 🔵 !insta 🔵 LiquidRP 🔵 Jose Exotic 🔵 GTA 5 RP 🔵 CS2 🔵 GYM: 5,['English'],['MatureGame'],False
115,2025-04-21 00:03,Loserfruit,en,Fortnite,stream for those in NA ❤️Code LUFU #epicpartner,"['English', 'Australian', 'ragefree', 'punswelcome', '16thbestgamer', 'Embarassador', 'PrimeSubsWelcome', 'OilersWelcome', 'DropsEnabled']",[],False
115,2025-04-21 00:03,Aspen,en,Overwatch 2,[!DROPS] GETTING MY DRIVES...... OMGG !pobox,"['English', 'DropsEnabled']",[],False
115,2025-04-21 00:03,Specter___01,en,Marvel Rivals,🟣DROPS ON🟣SEASON 2 RANKED MISERY🟣HAPPY EASTER EVERYONE!🟣JOURNEY TO ETERNITY🟣,"['English', 'gaming', 'DropsEnabled']",[],False
115,2025-04-21 00:03,yucksoul,en,R.E.P.O.,R.E.P.O BUT I FAIL AT EVERYTHING |||  !discord,"['streamer', 'English', 'gaming', 'femalegamer', 'repo', 'repogameplay']",[],False
115,2025-04-21 00:03,BigTmafia,en,Marvel Rivals,[Drops ON!] Happy Easter to all! | Comp and QP with the crew | Giveaway Month | !discord,"['English', 'Interactive', 'bald', 'Competitive', 'Grandmaster', 'silly', 'DropsEnabled']",[],False
116,2025-04-21 00:22,FroggerOW,en,Overwatch 2,[DROPS ON!] DRIVES OMG!! SUPER DROPS!!! WOW!!!,"['Australian', 'English', 'DropsEnabled']",[],False
116,2025-04-21 00:22,Aspen,en,Overwatch 2,[!DROPS] GETTING MY DRIVES...... OMGG !pobox,"['English', 'DropsEnabled']",[],False
116,2025-04-21 00:23,eggsterr,en,VALORANT,yoru rasnkaed god  - !merch !challengers,['English'],[],False
116,2025-04-21 00:23,Arguz11,en,ROBLOX,FREE ROBUX ON PLS DONATE! Commands on screen!,"['giveaway', 'playingwithviewers', 'roblox', 'plsdonate', 'bloxfruit', 'English', 'Rerun', 'Albion', 'mammoth', 'Silver']",[],False
116,2025-04-21 00:23,omareloff,en,Grand Theft Auto V,🔵 GOOD WIBES! 🔵 !Mohsin 🔵 !Displate 🔵 !insta 🔵 LiquidRP 🔵 Jose Exotic 🔵 GTA 5 RP 🔵 CS2 🔵 GYM: 5,['English'],['MatureGame'],False
116,2025-04-21 00:23,caseoh_,en,Half Sword,🟨PREPARED FOR BATTLE🟨,['English'],[],False
116,2025-04-21 00:23,justmil3s,en,ROBLOX,PLAYIN RIVALS LESSGOO,"['live', 'English', 'CHILLandVIBES', 'Black', 'omnimovement', 'ｋａｗａｉｉ', 'LunaSnow']",[],True
116,2025-04-21 00:23,RealBlueStarGaming,en,Minecraft,Doors - Minecraft - 24 Hour Stream: Sub Goal: 9/55 - Playing With Viewers - !user !link,['English'],[],False
116,2025-04-21 00:23,Zintid,en,ROBLOX,ROBUX GIVEAWAY | !giveaway | !discord | !play FREE ROBUX,"['English', 'Rerun']",[],False
117,2025-04-21 00:43,FroggerOW,en,Overwatch 2,[DROPS ON!] DRIVES OMG!! SUPER DROPS!!! WOW!!!,"['Australian', 'English', 'DropsEnabled']",[],False
117,2025-04-21 00:44,Aspen,en,Overwatch 2,[!DROPS] GETTING MY DRIVES...... OMGG !pobox,"['English', 'DropsEnabled']",[],False
117,2025-04-21 00:44,eggsterr,en,VALORANT,yoru rasnkaed god  - !merch !challengers,['English'],[],False
117,2025-04-21 00:44,Arguz11,en,ROBLOX,FREE ROBUX ON PLS DONATE! Commands on screen!,"['giveaway', 'playingwithviewers', 'roblox', 'plsdonate', 'bloxfruit', 'English', 'Rerun', 'Albion', 'mammoth', 'Silver']",[],False
117,2025-04-21 00:44,omareloff,en,Grand Theft Auto V,🔵 GOOD WIBES! 🔵 !Mohsin 🔵 !Displate 🔵 !insta 🔵 LiquidRP 🔵 Jose Exotic 🔵 GTA 5 RP 🔵 CS2 🔵 GYM: 5,['English'],['MatureGame'],False
117,2025-04-21 00:44,caseoh_,en,Half Sword,🟨PREPARED FOR BATTLE🟨,['English'],[],False
117,2025-04-21 00:44,dandannyboy_alt,en,Minecraft,trying,"['peepoPauseMan', 'Speedrun', 'English', 'ESI3', 'esi3speedrun']",[],False
117,2025-04-21 00:44,Reignex,en,Haxball,and that rsg rose again the third day,"['English', 'Speedrun', 'Ranked']",[],False
117,2025-04-21 00:44,Boosfer,en,Minecraft,🔴ALL ADVANCEMENT SPEEDRUNS. STREAMING UNTIL I PB (UNLESS I'M LYING). NOT ENDING STREAM UNTIL PB (UNLESS I'M LYING). I DON'T LIE (UNLESS I'M,"['Printer', 'English', 'speedrun', 'rage', 'Kindness', 'survival', 'Modded', 'minecraft', 'truthful', 'Educational']",['ProfanityVulgarity'],False
118,2025-04-21 01:03,FroggerOW,en,Overwatch 2,[DROPS ON!] DRIVES OMG!! SUPER DROPS!!! WOW!!!,"['Australian', 'English']",[],False
118,2025-04-21 01:03,Aspen,en,Overwatch 2,[!DROPS] GETTING MY DRIVES...... OMGG !pobox,['English'],[],False
118,2025-04-21 01:03,eggsterr,en,VALORANT,yoru rasnkaed god  - !merch !challengers,['English'],[],False
118,2025-04-21 01:03,Arguz11,en,ROBLOX,FREE ROBUX ON PLS DONATE! Commands on screen!,"['giveaway', 'playingwithviewers', 'roblox', 'plsdonate', 'bloxfruit', 'English', 'Rerun', 'Albion', 'mammoth', 'Silver']",[],False
118,2025-04-21 01:03,CarlCrafts,en,Minecraft,9600+ DAYS HARDCORE - BUILDING AN ALLAY CASTLE - !THRONE !TIKTOK !YT,"['Australian', 'ADHD', 'Hardcore', 'English', 'Neurodivergent', 'Aussie', 'ClosedCaptions', 'Beard', 'vanilla', 'OCE']",[],False
118,2025-04-21 01:04,omareloff,en,Grand Theft Auto V,🔵 GOOD WIBES! 🔵 !Mohsin 🔵 !Displate 🔵 !insta 🔵 LiquidRP 🔵 Jose Exotic 🔵 GTA 5 RP 🔵 CS2 🔵 GYM: 5,['English'],['MatureGame'],False
118,2025-04-21 01:04,LolElekktro,en,League of Legends,Simp With a Sword and a Bear Walk Into a Bar...,"['Viego', 'Grandmaster', 'Master', 'Jungler', 'Robe', 'GYATT', 'English']",[],False
118,2025-04-21 01:04,Lourlo,en,League of Legends,🔴 BIG BUILDS TO TEST TONIGHT 🔴 OFFMETA TO CHALLENGER 🔴 HAPPY EASTER 🔴 HELLO WORLD 🔴 fredPls 🔴 !newvid !ig !tts !tiktok !youtube,"['pro', 'ranked', 'Challenger', 'English', 'Anime', 'rumble', 'poppy', 'teamliquid', 'xdd', 'Arena']",[],False
118,2025-04-21 01:04,foggedftw2,en,I'm Only Sleeping,EASTER TRYNDAMERE ! SUBATHON DAY 20 type !subathon type !PNS #ad,['English'],[],False
119,2025-04-21 04:02,AussieAntics,en,Fortnite,"Hosting $15,000 Aussie Antics Squad Cup ft. Oatley, Alex, Volx #EpicPartner",['English'],[],False
119,2025-04-21 04:02,eggsterr,en,VALORANT,yoru rasnkaed god  - !merch !challengers,['English'],[],False
119,2025-04-21 04:02,Oatley,en,Fortnite,"$15,000 AUSSIE ANTICS SQUAD CUP | Code ""Oatley"" #ad | !socials !youtube !grands !delay","['FamilyFriendly', 'Fortnite', 'BattleRoyale', 'Multiplayer', 'Competitive', 'Professional', 'Positivity', 'PC', 'English']",[],False
119,2025-04-21 04:02,omareloff,en,Counter-Strike,🔵 GOOD WIBES! 🔵 !Mohsin 🔵 !Displate 🔵 !insta 🔵 LiquidRP 🔵 Jose Exotic 🔵 GTA 5 RP 🔵 CS2 🔵 GYM: 5,['English'],['MatureGame'],False
119,2025-04-21 04:02,Arguz11,en,ROBLOX,FREE ROBUX ON PLS DONATE! Commands on screen!,"['giveaway', 'playingwithviewers', 'roblox', 'plsdonate', 'bloxfruit', 'English', 'Rerun', 'Albion', 'mammoth', 'Silver']",[],False
119,2025-04-21 04:02,midbeast,en,League of Legends,CHALLENGER DECAY GAMES *RANK 32*,"['leagueoflegends', 'English', 'LyingEncouraged', 'Manipulator', 'Anime', 'Australia', 'dinosaurs', 'Affectionate', 'Golf', 'trapezoid']",[],False
119,2025-04-21 04:02,jawgemo,en,VALORANT,"G2 JAWGEMO | aye man, how do i stop panic spraying, im currently bronze",['English'],[],False
119,2025-04-21 04:02,curry,en,VALORANT,BUY LEV BUNDLE NOW!!!  !opgg,['English'],[],True
119,2025-04-21 04:02,cheatcode,en,VALORANT,calm radiant gamer !newvid !aimtrain !rainbet,"['English', 'Competitive', 'VALORANＴ', 'cheatcode', 'Tagalog', 'Filipino', 'fps']",[],False
120,2025-04-21 04:17,AussieAntics,en,Fortnite,"Hosting $15,000 Aussie Antics Squad Cup ft. Oatley, Alex, Volx #EpicPartner",['English'],[],False
120,2025-04-21 04:17,VALORANT_Pacific,en,VALORANT,DFM vs. BME - VCT Pacific - Stage 1 - Group Stage - Day 15,"['VCTPacific', 'VCT', 'VALORANT', 'English', 'VCTP', 'RisePacific']",[],False
120,2025-04-21 04:17,eggsterr,en,VALORANT,yoru rasnkaed god  - !merch !challengers,['English'],[],False
120,2025-04-21 04:17,Oatley,en,Fortnite,"$15,000 AUSSIE ANTICS SQUAD CUP | Code ""Oatley"" #ad | !socials !youtube !grands !delay","['FamilyFriendly', 'Fortnite', 'BattleRoyale', 'Multiplayer', 'Competitive', 'Professional', 'Positivity', 'PC', 'English']",[],False
120,2025-04-21 04:17,Arguz11,en,ROBLOX,FREE ROBUX ON PLS DONATE! Commands on screen!,"['giveaway', 'playingwithviewers', 'roblox', 'plsdonate', 'bloxfruit', 'English', 'Rerun', 'Albion', 'mammoth', 'Silver']",[],False
120,2025-04-21 04:17,omareloff,en,Counter-Strike,🔵 GOOD WIBES! 🔵 !Mohsin 🔵 !Displate 🔵 !insta 🔵 LiquidRP 🔵 Jose Exotic 🔵 GTA 5 RP 🔵 CS2 🔵 GYM: 5,['English'],['MatureGame'],False
120,2025-04-21 04:18,krazee4u,en,ROBLOX,PLAYTEST | !discord !user !clash,"['English', 'chill', 'Anime', 'roblox', 'Action', 'volleyballlegends', 'Fortnite', 'PC', 'deadrails', 'DropEnabled']",[],True
120,2025-04-21 04:18,lolls231,en,ROBLOX,⭐50 ROBUX GIVEAWAY EVERY 15 MINS! + GIFTING EVERY VIEWER IN PLS DONATE! | 135K+ Donated⭐,"['English', 'plsdonate', 'DonatingToViewers', 'Vtuber', 'AsianAmerican', 'Asian', 'Indonesian']",[],False
120,2025-04-21 04:18,Omnipotencen,en,Fortnite,FIRST OFFICIAL STREAM IN THE NEW DUNGEON...•HAPPY EASTER MY LOVERS AND LOVETTES•TGG2INFINITY🌎1 GOAT•T G G TAKEOVER• | !twitter !discord,"['English', 'Variety', 'Black', 'AfricanAmerican', 'Comfortstreamer']",[],False
121,2025-04-21 08:02,VALORANT_Pacific,en,VALORANT,RRQ vs. TS - VCT Pacific - Stage 1 - Group Stage - Day 15,"['VCTPacific', 'VCT', 'VALORANT', 'English', 'VCTP', 'RisePacific']",[],False
121,2025-04-21 08:02,Oatley,en,Fortnite,"OCE RELOAD EVAL CUP FINALS | Code ""Oatley"" #ad | !socials !youtube !grands !delay","['FamilyFriendly', 'Fortnite', 'BattleRoyale', 'Multiplayer', 'Competitive', 'Professional', 'Positivity', 'PC', 'English']",[],False
121,2025-04-21 08:02,Smacko,en,Fortnite,"Zero Builds Solo Vs SQUADS 👑Use Code ""SMACKO"" #EpicPartner #AD","['English', 'Fortnite', 'ZeroBuild']",[],False
121,2025-04-21 08:03,gkey,en,ROBLOX,PLAYING ROBLOX WITH A HEADACHE IS A DEADLY COMBO 💊 UNIVERSE GREATEST ROBLOXIAN 💊 CALLING ALL TROMBONE PLAYERS 💊,['English'],[],False
121,2025-04-21 08:03,August,en,Overwatch 2,🔴[!DROPS ON]🔴COMP DRIVES GAMING! SUPPORTING! (for a bit) THEN MORE STADIUM! WOOOHOOO! LET'S A GO!,"['Kiriko', 'Support', 'ADHD', 'Anime', 'Top500', 'English', 'Ana', 'Juno', 'DropsEnabled']",[],False
121,2025-04-21 08:03,Arguz11,en,ROBLOX,FREE ROBUX ON PLS DONATE! Commands on screen!,"['giveaway', 'playingwithviewers', 'roblox', 'plsdonate', 'bloxfruit', 'English', 'Rerun', 'Albion', 'mammoth', 'Silver']",[],False
121,2025-04-21 08:03,BiggDogz,en,Marvel Rivals,{DROPS} Ranked Hard Fast Deep  !AUSSIE AUSSIE AUSSIE YEE YEE YEE   !tiktok !discord !kick,"['English', 'DropsEnabled']",[],False
121,2025-04-21 08:03,SWEETAZ_GAMING,en,Marvel Rivals,🥝[DROPS ENABLED] MANA STREAMING | MARVEL RIVALS| !discord !mana !drops |,"['Xbox', 'PacificIslander', 'NewZealand', 'Australia', 'OCE', 'Aotearoa', 'marvelrivals', 'twitchdrops', 'Loki', 'PlayingwWithViewers']",['ProfanityVulgarity'],False
121,2025-04-21 08:03,xanarchy_jen,en,Minecraft,ur fav latina <3 | code jen in item shop,"['English', 'girlgamer', 'fortnite']",[],False
122,2025-04-21 08:20,VALORANT_Pacific,en,VALORANT,RRQ vs. TS - VCT Pacific - Stage 1 - Group Stage - Day 15,"['VCTPacific', 'VCT', 'VALORANT', 'English', 'VCTP', 'RisePacific']",[],False
122,2025-04-21 08:20,Oatley,en,Fortnite,"OCE RELOAD EVAL CUP FINALS | Code ""Oatley"" #ad | !socials !youtube !grands !delay","['FamilyFriendly', 'Fortnite', 'BattleRoyale', 'Multiplayer', 'Competitive', 'Professional', 'Positivity', 'PC', 'English']",[],False
122,2025-04-21 08:20,Smacko,en,Fortnite,"Zero Builds Solo Vs SQUADS 👑Use Code ""SMACKO"" #EpicPartner #AD","['English', 'Fortnite', 'ZeroBuild']",[],False
122,2025-04-21 08:20,August,en,Overwatch 2,🔴[!DROPS ON]🔴COMP DRIVES GAMING! SUPPORTING! (for a bit) THEN MORE STADIUM! WOOOHOOO! LET'S A GO!,"['Kiriko', 'Support', 'ADHD', 'Anime', 'Top500', 'English', 'Ana', 'Juno', 'DropsEnabled']",[],False
122,2025-04-21 08:20,Arguz11,en,ROBLOX,FREE ROBUX ON PLS DONATE! Commands on screen!,"['giveaway', 'playingwithviewers', 'roblox', 'plsdonate', 'bloxfruit', 'English', 'Rerun', 'Albion', 'mammoth', 'Silver']",[],False
122,2025-04-21 08:20,gkey,en,ROBLOX,PLAYING ROBLOX WITH A HEADACHE IS A DEADLY COMBO 💊 UNIVERSE GREATEST ROBLOXIAN 💊 CALLING ALL TROMBONE PLAYERS 💊,['English'],[],False
122,2025-04-21 08:20,ESLCSb,en,Counter-Strike,LIVE: MIBR vs NAVI - IEM Melbourne 2025 - Group B,['English'],['MatureGame'],False
122,2025-04-21 08:20,olofmeister,en,Counter-Strike,🥛 Some games with the boomers before IEM MELBOURNE 🥛 !socials !discord !skinplace 🥛,"['PLAYING', 'pro', 'English', 'beast', 'twotimemajorwinner', 'CS2', 'legend', 'chill', 'Boomer']",['MatureGame'],False
122,2025-04-21 08:20,flusha,en,Counter-Strike,Playing until i crash out v2.1. - 3.7k ELO - 30s delay - !dm,"['English', 'swedish', 'faceit', 'aimlock']",['MatureGame'],True
123,2025-04-21 08:33,VALORANT_Pacific,en,VALORANT,RRQ vs. TS - VCT Pacific - Stage 1 - Group Stage - Day 15,"['VCTPacific', 'VCT', 'VALORANT', 'English', 'VCTP', 'RisePacific']",[],False
123,2025-04-21 08:33,Oatley,en,Fortnite,"OCE RELOAD EVAL CUP FINALS | Code ""Oatley"" #ad | !socials !youtube !grands !delay","['FamilyFriendly', 'Fortnite', 'BattleRoyale', 'Multiplayer', 'Competitive', 'Professional', 'Positivity', 'PC', 'English']",[],False
123,2025-04-21 08:33,Smacko,en,Fortnite,"Zero Builds Solo Vs SQUADS 👑Use Code ""SMACKO"" #EpicPartner #AD","['English', 'Fortnite', 'ZeroBuild']",[],False
123,2025-04-21 08:33,Necros,en,Marvel Rivals,"[!DROPS ENABLED] NOT PART TIME STREAMER. MAYBE REACTING TO TIKTOK DRAMA TODAY? IDK, I'LL SEE IF IT'S WORTH MY TIME. !tierlist","['English', 'spiderman', 'blackpanther', 'DropsEnabled']",[],False
123,2025-04-21 08:33,August,en,Overwatch 2,🔴[!DROPS ON]🔴COMP DRIVES GAMING! SUPPORTING! (for a bit) THEN MORE STADIUM! WOOOHOOO! LET'S A GO!,"['Kiriko', 'Support', 'ADHD', 'Anime', 'Top500', 'English', 'Ana', 'Juno', 'DropsEnabled']",[],False
123,2025-04-21 08:33,Arguz11,en,ROBLOX,FREE ROBUX ON PLS DONATE! Commands on screen!,"['giveaway', 'playingwithviewers', 'roblox', 'plsdonate', 'bloxfruit', 'English', 'Rerun', 'Albion', 'mammoth', 'Silver']",[],False
123,2025-04-21 08:33,Beardageddon247,en,Sea of Thieves,Rerun - No Drops | 24/7 Beardageddon Watch Party | Sea of Thieves,"['English', 'Rerun', 'NoDrops', 'hangout', 'NotLive', 'catchup', 'lotsofads']",[],False
123,2025-04-21 08:33,AsylumGC8,en,Skull and Bones,🏴‍☠️DROPS🏴‍☠️ Happy Easter! #MPAA #IIWII #you'renotalone,"['English', 'UbisoftPartner', 'MSIAmbassador', '2KPartner', 'Thermaltake', 'RØDE', 'Dad', 'DadJokesWelcome', 'Australia', 'BeardedStreamer']","['MatureGame', 'ProfanityVulgarity']",False
123,2025-04-21 08:33,Elbat_,fr,Sea of Thieves,🟠 ATHENAAAS CENDRÉÉÉS 🎯 (le matin aussi ???),['Français'],[],False
124,2025-04-21 12:02,thefreddymc,en,Minecraft,👽 SUB 27:00 YAPRUNS 👽 PB: 28:20 Posted on  !YouTube 👽 Yapliens Unite 👽 World Domination Continues 👽 !YouTube 👽 !Discord 👽 !pb,['English'],[],False
124,2025-04-21 12:02,August,en,Overwatch 2,🔴[!DROPS ON]🔴COMP DRIVES GAMING! SUPPORTING! (for a bit) THEN MORE STADIUM! WOOOHOOO! LET'S A GO!,"['Kiriko', 'Support', 'ADHD', 'Anime', 'Top500', 'English', 'Ana', 'Juno', 'DropsEnabled']",[],False
124,2025-04-21 12:03,Lightn1ngbolt_,en,Marvel Rivals,RANK #1 HAWKEYE/BLACK WIDOW in the WORLD🏹🔥[DROPS ON!! ] ✅,"['gym', 'anime', 'AMA', 'English', 'Português', 'marvelrivals', 'Hawkeye', 'giveaway', 'blackwidow', 'DropsEnabled']",[],False
124,2025-04-21 12:03,Arguz11,en,ROBLOX,FREE ROBUX ON PLS DONATE! Commands on screen!,"['giveaway', 'playingwithviewers', 'roblox', 'plsdonate', 'bloxfruit', 'English', 'Rerun', 'Albion', 'mammoth', 'Silver']",[],False
124,2025-04-21 12:03,Necros,en,Marvel Rivals,"[!DROPS ENABLED] NOT PART TIME STREAMER. MAYBE REACTING TO TIKTOK DRAMA TODAY? IDK, I'LL SEE IF IT'S WORTH MY TIME. !tierlist","['English', 'spiderman', 'blackpanther', 'DropsEnabled']",[],False
124,2025-04-21 12:03,Flats,en,Marvel Rivals,[!DROPS ENABLED] SPECTATING + GAMING !gamersupps CUP COLLAB OUT NOW!!,"['English', 'DropsEnabled']",[],False
124,2025-04-21 12:03,Thebausffs,en,League of Legends,Maroon Monday,['English'],[],False
124,2025-04-21 12:03,velja_lol,en,League of Legends,LOS RATONES SCRIMS LETS GOO  !operagx !200subs !youtube 111/365,"['LeagueOfLegends', 'challenger', 'English']",[],False
124,2025-04-21 12:03,Alois_NL,en,League of Legends,🟢DAY 20 OF KOREAN SOLOQ !RACE🟢4 DAYS LEFT TO GET RANK 1 - JOIN THE !TLA For 20% off now with code: ALOISKR - !Subgoals !Instagram,"['English', 'Riven', 'Challenger', 'Educational', 'Toplane']",[],False
125,2025-04-21 16:01,thefreddymc,en,Minecraft,👽 SUB 27:00 YAPRUNS 👽 PB: 28:20 Posted on  !YouTube 👽 Yapliens Unite 👽 World Domination Continues 👽 !YouTube 👽 !Discord 👽 !pb,['English'],[],False
125,2025-04-21 16:02,jirotf16,en,EA Sports FC 25,⛓️FC25 UCL CONQUEST CONTINUES!⛓️102 SEASONS | 0 UCLS!⛓️!COMMUNITY⛓️!CLIPS⛓️!PRIME⛓️FC25!⛓️VARIETY⛓️,"['fc25', 'eafc25', 'careermode', 'English']",[],False
125,2025-04-21 16:02,August,en,Overwatch 2,🔴[!DROPS ON]🔴COMP DRIVES GAMING! SUPPORTING! (for a bit) THEN MORE STADIUM! WOOOHOOO! LET'S A GO!,"['Kiriko', 'Support', 'ADHD', 'Anime', 'Top500', 'English', 'Ana', 'Juno', 'DropsEnabled']",[],False
125,2025-04-21 16:02,Lightn1ngbolt_,en,Marvel Rivals,RANK #1 HAWKEYE/BLACK WIDOW in the WORLD🏹🔥[DROPS ON!! ] ✅,"['gym', 'anime', 'AMA', 'English', 'Português', 'marvelrivals', 'Hawkeye', 'giveaway', 'blackwidow', 'DropsEnabled']",[],False
125,2025-04-21 16:02,Arguz11,en,ROBLOX,FREE ROBUX ON PLS DONATE! Commands on screen!,"['giveaway', 'playingwithviewers', 'roblox', 'plsdonate', 'bloxfruit', 'English', 'Rerun', 'Albion', 'mammoth', 'Silver']",[],False
125,2025-04-21 16:02,MrSavage,en,Fortnite,RELOAD CUP W/ VADEAL GETTING READY FOR PRO-AM / QUALLED FNCS | !HALLUCINA !CROSSHAIR !PING | CODE 200IQ #EpicPartner,"['English', 'vogue', 'model']",[],False
125,2025-04-21 16:02,Rakattack,en,Overwatch 2,[NEW DROPS] LAST DAY OF SEEASON 15 !LFT,"['English', 'NOMOTION', 'grippy', 'selfemployed', 'NonchalantWhiteBoy', 'chill', 'DropsEnabled']",[],False
125,2025-04-21 16:02,cowfee,en,Overwatch 2,KIRIKO !DROPS ON ✿ KIRIKO STADIUM BUILDS & FINISHING DRIVES!!,"['art', 'vtuber', 'fps', 'chibi', 'anime', 'English', 'Grandmaster', 'SupportMain', 'Kiriko', 'top500']",[],False
125,2025-04-21 16:02,Anriel,en,Overwatch 2,[!Drops] Kiriko Bai Ze drops 🦊,"['Cozy', 'Chill', 'Kiriko', 'genshin', 'English', 'kpop', 'faceit', 'CatCam', 'DropsEnabled']",[],False
126,2025-04-21 16:18,thefreddymc,en,Minecraft,👽 SUB 27:00 YAPRUNS 👽 PB: 28:20 Posted on  !YouTube 👽 Yapliens Unite 👽 World Domination Continues 👽 !YouTube 👽 !Discord 👽 !pb,['English'],[],False
126,2025-04-21 16:18,jirotf16,en,EA Sports FC 25,⛓️FC25 UCL CONQUEST CONTINUES!⛓️102 SEASONS | 0 UCLS!⛓️!COMMUNITY⛓️!CLIPS⛓️!PRIME⛓️FC25!⛓️VARIETY⛓️,"['fc25', 'eafc25', 'careermode', 'English']",[],False
126,2025-04-21 16:18,August,en,Overwatch 2,🔴[!DROPS ON]🔴COMP DRIVES GAMING! SUPPORTING! (for a bit) THEN MORE STADIUM! WOOOHOOO! LET'S A GO!,"['Kiriko', 'Support', 'ADHD', 'Anime', 'Top500', 'English', 'Ana', 'Juno', 'DropsEnabled']",[],False
126,2025-04-21 16:18,Arguz11,en,ROBLOX,FREE ROBUX ON PLS DONATE! Commands on screen!,"['giveaway', 'playingwithviewers', 'roblox', 'plsdonate', 'bloxfruit', 'English', 'Rerun', 'Albion', 'mammoth', 'Silver']",[],False
126,2025-04-21 16:18,MrSavage,en,Fortnite,RELOAD CUP W/ VADEAL GETTING READY FOR PRO-AM / QUALLED FNCS | !HALLUCINA !CROSSHAIR !PING | CODE 200IQ #EpicPartner,"['English', 'vogue', 'model']",[],False
126,2025-04-21 16:18,Philza,en,Minecraft,Almost 6 Year Hardcore World! 1.21.5 • !newvid !project !s4 !merch !pack,"['English', 'distracted', 'British', 'Hardcore', 'chill']",[],False
126,2025-04-21 16:18,POPPIN,en,VALORANT,🟥 ENVY POPPIN --> RANK #1 🟥 4/888 🟥 !react !poppinsguide !challengers !envy 🟥,"['English', 'valorant', 'poppin', 'RANK1', 'NA']",[],False
126,2025-04-21 16:19,PROD,en,VALORANT,Fnatic's Prodigy Reascending The Ranked Ladder To Reclaim His Radiant Throne #Humble #Omnipotence,"['English', 'PROD']",[],False
126,2025-04-21 16:19,Horcus,es,VALORANT,🏆RADIANT SI GANAMOS🏆 !aim,"['Español', 'España', 'Valorant', 'Radiant', 'Spanish', 'English', 'Competitive', 'Drops', 'Competitivo', 'asmr']",[],False
127,2025-04-21 16:40,thefreddymc,en,Minecraft,👽 SUB 27:00 YAPRUNS 👽 PB: 28:20 Posted on  !YouTube 👽 Yapliens Unite 👽 World Domination Continues 👽 !YouTube 👽 !Discord 👽 !pb,['English'],[],False
127,2025-04-21 16:40,Linkzzey,en,Minecraft,"🔴Hardcore 46,400+Days|4+Years|11,500+Hours !worldtour","['LetsPlay', 'English', 'Hardcore', 'RPG', 'Permadeath', 'SurvivaI', 'chill', 'hardcoreminecraft', 'FamilyFrendly']",[],False
127,2025-04-21 16:40,jirotf16,en,EA Sports FC 25,⛓️FC25 UCL CONQUEST CONTINUES!⛓️102 SEASONS | 0 UCLS!⛓️!COMMUNITY⛓️!CLIPS⛓️!PRIME⛓️FC25!⛓️VARIETY⛓️,"['fc25', 'eafc25', 'careermode', 'English']",[],False
127,2025-04-21 16:40,August,en,Overwatch 2,🔴[!DROPS ON]🔴COMP DRIVES GAMING! SUPPORTING! (for a bit) THEN MORE STADIUM! WOOOHOOO! LET'S A GO!,"['Kiriko', 'Support', 'ADHD', 'Anime', 'Top500', 'English', 'Ana', 'Juno', 'DropsEnabled']",[],False
127,2025-04-21 16:40,Arguz11,en,ROBLOX,FREE ROBUX ON PLS DONATE! Commands on screen!,"['giveaway', 'playingwithviewers', 'roblox', 'plsdonate', 'bloxfruit', 'English', 'Rerun', 'Albion', 'mammoth', 'Silver']",[],False
127,2025-04-21 16:40,Philza,en,Minecraft,Almost 6 Year Hardcore World! 1.21.5 • !newvid !project !s4 !merch !pack,"['English', 'distracted', 'British', 'Hardcore', 'chill']",[],False
127,2025-04-21 16:41,backtrackace,en,Sea of Thieves,GALLY WITH GANG!!!,"['seaofthieves', 'English', 'helm']",[],False
127,2025-04-21 16:41,PushinWood,en,Sea of Thieves,🟣PARTNER PUSH! - SUBATHON🟣DOIN BOAT STUFF! !Controller !TTS !Merch !Discord,"['AMA', 'Skateboarder', 'Multiplayer', 'COMPETITIVE', 'English', 'SoTPartner', 'holidayhoopla']",[],False
127,2025-04-21 16:41,jteretourneee,fr,Sea of Thieves,random role gally LOOK MY HELM,"['Français', 'seaofthieves']",[],False
128,2025-04-21 17:00,thefreddymc,en,Minecraft,👽 SUB 27:00 YAPRUNS 👽 PB: 28:20 Posted on  !YouTube 👽 Yapliens Unite 👽 World Domination Continues 👽 !YouTube 👽 !Discord 👽 !pb,['English'],[],False
128,2025-04-21 17:00,Linkzzey,en,Minecraft,"🔴Hardcore 46,400+Days|4+Years|11,500+Hours !worldtour","['LetsPlay', 'English', 'Hardcore', 'RPG', 'Permadeath', 'SurvivaI', 'chill', 'hardcoreminecraft', 'FamilyFrendly']",[],False
128,2025-04-21 17:00,jirotf16,en,EA Sports FC 25,⛓️FC25 UCL CONQUEST CONTINUES!⛓️102 SEASONS | 0 UCLS!⛓️!COMMUNITY⛓️!CLIPS⛓️!PRIME⛓️FC25!⛓️VARIETY⛓️,"['fc25', 'eafc25', 'careermode', 'English']",[],False
128,2025-04-21 17:00,Arguz11,en,ROBLOX,FREE ROBUX ON PLS DONATE! Commands on screen!,"['giveaway', 'playingwithviewers', 'roblox', 'plsdonate', 'bloxfruit', 'English', 'Rerun', 'Albion', 'mammoth', 'Silver']",[],False
128,2025-04-21 17:00,MrSavage,en,Fortnite,RELOAD CUP FINALS W/ VADEAL GETTING READY FOR PRO-AM | QUALLED FNCS | !HALLUCINA !CROSSHAIR !PING | CODE 200IQ #EpicPartner,"['English', 'vogue', 'model']",[],False
128,2025-04-21 17:00,Philza,en,Minecraft,Almost 6 Year Hardcore World! 1.21.5 • !newvid !project !s4 !merch !pack,"['English', 'distracted', 'British', 'Hardcore', 'chill']",[],False
128,2025-04-21 17:00,officialbreezyvibes,en,The Sims 4,"The Sims 4 | Bella dropped out of school, is in her 2nd trimester AND adopted a cat!?","['Thesims4', 'Sims4', 'Sim4gameplay', 'Sims4challenge', 'Sims4joyoflifechallenge', 'English']",[],False
128,2025-04-21 17:00,EarthToBre,en,R.E.P.O.,R.E.P.O. with @celeste_starr || !bits !collab,"['Bisexual', 'Chatty', 'Mommy', 'Dyslexia', 'Anxiety', 'Neurodivergent', 'LGBTQIAPIus', 'Autoimmune', 'LurkerFriendly', 'ChronicIllness']",['ProfanityVulgarity'],False
128,2025-04-21 17:01,SimmerSwig,en,The Sims 4,Whimsy Stories Legacy ✧ (Gen 9: Episode #8),"['sims', 'sims4', 'petcam', 'smallstreamer', 'thesims4', 'English', 'cozyvibes', 'thesims']",[],False
129,2025-04-21 17:21,thefreddymc,en,Minecraft,👽 SUB 27:00 YAPRUNS 👽 PB: 28:20 Posted on  !YouTube 👽 Yapliens Unite 👽 World Domination Continues 👽 !YouTube 👽 !Discord 👽 !pb,['English'],[],False
129,2025-04-21 17:21,Arguz11,en,ROBLOX,FREE ROBUX ON PLS DONATE! Commands on screen!,"['giveaway', 'playingwithviewers', 'roblox', 'plsdonate', 'bloxfruit', 'English', 'Rerun', 'Albion', 'mammoth', 'Silver']",[],False
129,2025-04-21 17:21,MrSavage,en,Fortnite,RELOAD CUP FINALS W/ VADEAL GETTING READY FOR PRO-AM | QUALLED FNCS | !HALLUCINA !CROSSHAIR !PING | CODE 200IQ #EpicPartner,"['English', 'vogue', 'model']",[],False
129,2025-04-21 17:21,Dantes,en,League of Legends,BEST HEC WORLD - DEMON GRIND CONTINUES,['English'],[],False
129,2025-04-21 17:21,Philza,en,Minecraft,Almost 6 Year Hardcore World! 1.21.5 • !newvid !project !s4 !merch !pack,"['English', 'distracted', 'British', 'Hardcore', 'chill']",[],False
129,2025-04-21 17:21,Linkzzey,en,Minecraft,"🔴Hardcore 46,400+Days|4+Years|11,500+Hours !worldtour","['LetsPlay', 'English', 'Hardcore', 'RPG', 'Permadeath', 'SurvivaI', 'chill', 'hardcoreminecraft', 'FamilyFrendly']",[],False
129,2025-04-21 17:21,Zemie,en,Fortnite,"RELOAD TOURNAMENT WITH COOPER TODAY | Use Code ""Zemie"" #EpicPartner !proam !tickets","['ZeroBuild', 'Fortnite', 'Predictions', 'Competitive', 'English']",[],False
129,2025-04-21 17:21,PlutoVsWrld,en,Fortnite,500+ crowns #1 Solo Squad Grinder,"['English', 'juicer', 'og', 'crown']",[],False
129,2025-04-21 17:21,RuflessCat,en,Fortnite,[!Drops On] KEYCHAINS NOW AVAILABLE @ RUFLESSCAT.COM,"['English', 'Cozy', 'Aliens', 'ｓｏｌｏ', 'Boomer', 'ZeroBuildFortnite']",[],False
130,2025-04-21 20:03,DrDonutttttt,en,Minecraft,,"['English', 'smp', 'DonutSMP', 'drdonut', 'crystalpvp', 'pvp', 'cpvp', 'survival', 'minecraft', 'server']",[],False
130,2025-04-21 20:03,Arguz11,en,ROBLOX,FREE ROBUX ON PLS DONATE! Commands on screen!,"['giveaway', 'playingwithviewers', 'roblox', 'plsdonate', 'bloxfruit', 'English', 'Rerun', 'Albion', 'mammoth', 'Silver']",[],False
130,2025-04-21 20:03,LolElekktro,en,League of Legends,Behind Every Great Jungler is an Even Greater...,"['Viego', 'Grandmaster', 'Master', 'Jungler', 'Robe', 'GYATT', 'English']",[],False
130,2025-04-21 20:03,cutespiders_,en,VALORANT,🕷️HELLO HELLO HELLO🕷️WHAT IS HAPPENING🕷️LOCKED IN🕷️NOT LOCKED IN🕷️GOD BLESS AMERICA🕷️,"['English', 'valorant', 'cutespiders', 'dominant', 'eboy', 'swiftplay']",[],False
130,2025-04-21 20:03,FroggerOW,en,Overwatch 2,[DROPS ON!] LAST DAY OF THE SEASON...,"['Australian', 'English', 'DropsEnabled']",[],False
130,2025-04-21 20:03,Sigy,en,Sea of Thieves,🔴ANDOR TOMORROW🔴42/100🔴!YT !YT2🔴 !HeroWars !OperaGX #ad 🔴,['English'],[],True
130,2025-04-21 20:03,smokeydbear,en,VALORANT,Just a chill day no yelling no anger no tilt |BIG SB SHI🚨🚨🚨🚨THE DEMON IS HERE🚨🚨🚨!clip !discord !donate !dsize,['English'],[],False
130,2025-04-21 20:03,Manticatol,en,VALORANT,POV the alpha is playing,"['English', 'valorant', 'funnybits']",[],False
130,2025-04-21 20:03,rawdogmoon,en,VALORANT,❗️I DO NOT HAVE A ROSTER❗️ !discord !socials ❗️,"['English', 'assyrian', 'valorant', 'GIGACHAD']",[],False
131,2025-04-22 00:02,Grimm,en,VALORANT,🔴BEST SAGE TO EVER DO IT🔴NIGHT TIME RANKED GAMING🔴I MUST PLAY GOOD🔴GAMING WARLORD PLAYING VALORANT🔴,['English'],[],False
131,2025-04-22 00:02,LolElekktro,en,League of Legends,Behind Every Great Jungler is an Even Greater...,"['Viego', 'Grandmaster', 'Master', 'Jungler', 'Robe', 'GYATT', 'English']",[],False
131,2025-04-22 00:02,ArrowCS,en,Counter-Strike,🔴MOUZ vs GAMERLEGION🔴IEM MELBOURNE 2025🔴,['English'],['MatureGame'],False
131,2025-04-22 00:02,Arguz11,en,ROBLOX,FREE ROBUX ON PLS DONATE! Commands on screen!,"['giveaway', 'playingwithviewers', 'roblox', 'plsdonate', 'bloxfruit', 'English', 'Rerun', 'Albion', 'mammoth', 'Silver']",[],False
131,2025-04-22 00:02,Clix,en,Fortnite,🏆 WINNING DUO RELOAD EVAL FINALS w/ REET |  MASSIVE DAY 🏆,['English'],[],False
131,2025-04-22 00:02,AussieAntics,en,Fortnite,WATCHING NA DUO RELOAD CASH CUP FINALS 🏆 VOD REVIEWING FOR PRO-AM 👀,['English'],[],False
131,2025-04-22 00:02,qaymichael,en,Grand Theft Auto V,scarlet vixen 🖤 prodigy rp 🖤 !goal,['English'],['MatureGame'],False
131,2025-04-22 00:03,muvaellaivy,en,Just Chatting,ONLY 1 DAY LEFT TO GET A ELLA IVY PLUSHIE!! ONLY A FEW LEFT!  !fiveM !plushie,['English'],['ProfanityVulgarity'],False
131,2025-04-22 00:03,paypay,en,Grand Theft Auto V,😈💕shannon gucci causes MAYHEM😭👑 !clip !PNS,"['English', 'GTARP', 'deadbbydaylight', 'LGBTQ', 'Gay']",['MatureGame'],False
132,2025-04-22 00:24,Grimm,en,VALORANT,🔴BEST SAGE TO EVER DO IT🔴NIGHT TIME RANKED GAMING🔴I MUST PLAY GOOD🔴GAMING WARLORD PLAYING VALORANT🔴,['English'],[],False
132,2025-04-22 00:24,ArrowCS,en,Counter-Strike,🔴MOUZ vs GAMERLEGION🔴IEM MELBOURNE 2025🔴,['English'],['MatureGame'],False
132,2025-04-22 00:24,Arguz11,en,ROBLOX,FREE ROBUX ON PLS DONATE! Commands on screen!,"['giveaway', 'playingwithviewers', 'roblox', 'plsdonate', 'bloxfruit', 'English', 'Rerun', 'Albion', 'mammoth', 'Silver']",[],False
132,2025-04-22 00:24,Clix,en,Fortnite,🏆 WINNING DUO RELOAD EVAL FINALS w/ REET |  MASSIVE DAY 🏆,['English'],[],False
132,2025-04-22 00:24,AussieAntics,en,Fortnite,WATCHING NA DUO RELOAD CASH CUP FINALS 🏆 VOD REVIEWING FOR PRO-AM 👀,['English'],[],False
132,2025-04-22 00:24,eggsterr,en,VALORANT,yoru rasnkaed god  - !merch !challengers,['English'],[],False
132,2025-04-22 00:25,ElJavineitor_,es,Fortnite,Creativo en fortnite pvp| !dc !redes !speak,['Español'],[],False
132,2025-04-22 00:25,romaniaticovive,es,ROBLOX,ODIO LUNES sale BOBLOX !discord !roblox,"['Peru', 'Latino', 'Español', 'random', 'gamingchilling', 'roblox']",[],False
132,2025-04-22 00:25,CzarB__,es,FC MOBILE,JUEGO/VEO LO QUE QUIERAS 100BITS/1SUB |🕶️👑| SORTEO 30 DÓLARES 19/04 ❗❗ | 458#,['Español'],[],False
133,2025-04-22 00:45,Clix,en,Fortnite,🏆 WINNING DUO RELOAD EVAL FINALS w/ REET |  MASSIVE DAY 🏆,['English'],[],False
133,2025-04-22 00:45,Arguz11,en,ROBLOX,FREE ROBUX ON PLS DONATE! Commands on screen!,"['giveaway', 'playingwithviewers', 'roblox', 'plsdonate', 'bloxfruit', 'English', 'Rerun', 'Albion', 'mammoth', 'Silver']",[],False
133,2025-04-22 00:45,Grimm,en,VALORANT,🔴BEST SAGE TO EVER DO IT🔴NIGHT TIME RANKED GAMING🔴I MUST PLAY GOOD🔴GAMING WARLORD PLAYING VALORANT🔴,['English'],[],False
133,2025-04-22 00:45,TypicalGamer,en,Fortnite,👑 RANKED DUOS 👑 w/ @richhomiequinn,"['English', 'PC', 'Multiplayer', 'PvP', 'Fortnite']",[],False
133,2025-04-22 00:45,Keeoh,en,VALORANT,« GETTING IMMORTAL 3 CHALLENGE !newvid » 🥝 « !merch » 🥝 !injury (backflip man down) 🥝 follow @keeoh,['English'],[],False
133,2025-04-22 00:45,ArrowCS,en,Counter-Strike,🔴FAZE vs MONGOLZ🔴IEM MELBOURNE 2025🔴,['English'],['MatureGame'],False
133,2025-04-22 00:45,Andr3wOW,en,Marvel Rivals,"[RERUN] ☆ RANK 1 VENOM GLOBAL ""WHYANDR3W"" ☆ MAKING STREAMERS RAGE !VIDEO ☆ VORTEX X ANDR3W COLLAB !vortex !pc","['English', 'Venom', 'Magneto', 'Competitive', 'Vanguard', 'Educational', 'Top500', 'EmmaFrost']",[],False
133,2025-04-22 00:45,TeamCaptain001,en,Marvel Rivals,[DROPS] Season 2 !tierlist 👑 TOP 500 GRIND😎EMMA FROST GOONERS ANONYMOUS😳WOLVERINE BUGS FIXED? | !video !guide !TTS,"['Scottish', 'GInger', 'ｖtuber', 'Sexyboy', 'forsen', 'English', 'wolverine', 'ADHD', 'top500', 'DropsEnabled']",[],False
133,2025-04-22 00:45,reallysticky999,en,Marvel Rivals,(DROPS) FIRST PARTNER STREAM PUSHING T100 #1 SPIDEY??,"['English', 'DropsEnabled']",[],False
134,2025-04-22 01:02,Smacko,en,Fortnite,"Zero Builds Solo Vs SQuads. Use Code ""SMACKO"" #EpicPartner","['English', 'Fortnite', 'ZeroBuild']",[],False
134,2025-04-22 01:02,Grimm,en,VALORANT,🔴BEST SAGE TO EVER DO IT🔴NIGHT TIME RANKED GAMING🔴I MUST PLAY GOOD🔴GAMING WARLORD PLAYING VALORANT🔴,['English'],[],False
134,2025-04-22 01:02,Arguz11,en,ROBLOX,FREE ROBUX ON PLS DONATE! Commands on screen!,"['giveaway', 'playingwithviewers', 'roblox', 'plsdonate', 'bloxfruit', 'English', 'Rerun', 'Albion', 'mammoth', 'Silver']",[],False
134,2025-04-22 01:03,AussieAntics,en,Fortnite,PRACTICING FOR PRO AM 💪 CARRYING PETERBOT 🤝,['English'],[],False
134,2025-04-22 01:03,ArrowCS,en,Counter-Strike,🔴FAZE vs MONGOLZ🔴IEM MELBOURNE 2025🔴,['English'],['MatureGame'],False
134,2025-04-22 01:03,Clix,en,Fortnite,🏆 Clix & Peterbot vs Eomzo & Higgs | 4v4 Pro Zonewars 🏆,['English'],[],False
134,2025-04-22 01:03,zwebackhd,en,EA Sports FC 25,(+)🥶 I JUST WOKE UP!!! TOTS WHEN?!? INSANE RONALDO EVO WHAT?!? Monday RTG Vibin' !merch !prime,"['FIFA', 'SPORTS', 'SOCCER', 'English', 'FC']",[],False
134,2025-04-22 01:03,AdidaFC,en,EA Sports FC 25,(11-0) |🔥#1 NA PRO FUT CHAMPS🔥| FORMATION CHALLENGE AGAINST @snipeshot5000 !rules !standings,"['English', 'EAFC', 'EAFC25', 'FIFA', 'PRO', 'EASPORTSFC', 'FC25', 'fc25']",[],False
134,2025-04-22 01:03,CRACKHEBER,es,EA Sports FC 25,[1-0] DROGBA 93 A POR EL DOBLE 15-0 A CONTRA-RELOJ,"['Español', 'fútbol', 'fifa']",[],False
135,2025-04-22 01:23,Grimm,en,VALORANT,🔴BEST SAGE TO EVER DO IT🔴NIGHT TIME RANKED GAMING🔴I MUST PLAY GOOD🔴GAMING WARLORD PLAYING VALORANT🔴,['English'],[],False
135,2025-04-22 01:23,Smacko,en,Fortnite,"Zero Builds Solo Vs SQuads. Use Code ""SMACKO"" #EpicPartner","['English', 'Fortnite', 'ZeroBuild']",[],False
135,2025-04-22 01:23,Arguz11,en,ROBLOX,FREE ROBUX ON PLS DONATE! Commands on screen!,"['giveaway', 'playingwithviewers', 'roblox', 'plsdonate', 'bloxfruit', 'English', 'Rerun', 'Albion', 'mammoth', 'Silver']",[],False
135,2025-04-22 01:23,AussieAntics,en,Fortnite,PRACTICING FOR PRO AM 💪 CARRYING PETERBOT 🤝,['English'],[],False
135,2025-04-22 01:23,ArrowCS,en,Counter-Strike,🔴FAZE vs MONGOLZ🔴IEM MELBOURNE 2025🔴,['English'],['MatureGame'],False
135,2025-04-22 01:23,Clix,en,Fortnite,🏆 Clix & Peterbot vs Eomzo & Higgs | 4v4 Pro Zonewars 🏆,['English'],[],False
135,2025-04-22 01:23,viiraxe,en,ELDEN RING,⚔️ FML ⚔️,"['PVP', 'English', 'CoupleGamers', 'Married', 'Parent', 'Chill']",['MatureGame'],False
135,2025-04-22 01:23,MsScarlettFury,en,Dead by Daylight,🗡️Beep Bop its Time🗡️|✨PCG👾!pokestart✨,"['English', 'Armenian', 'LGBTQIAFriendly', 'ADHD', 'MentalHealth', 'ImmortalPhoenix', 'Stellar', 'Sylvrados']",['MatureGame'],False
135,2025-04-22 01:23,WorldofChap,en,Blue Prince,Addicted to Puzzle 🧩 Blue Prince Day 16+ | (!discord) (!youtube) (!tts),"['English', 'roastedsweetpotato', 'Canadian', 'NightmareModeChampion', 'DoubleGoldCurse']",[],False
136,2025-04-22 08:02,NickEh30,en,Fortnite,NEW FORTNITE UPDATE | Code NickEh30 #EpicPartner,"['Canadian', 'Positivity', 'BattleRoyale', 'PC', 'FamilyFriendly', 'Multiplayer', 'PVP', 'PlayingWithViewers', 'English', 'Drops']",[],False
136,2025-04-22 08:02,Emongg,en,Overwatch 2,[!DROPS ENABLED] SEASON 16 TODAY 2 PM EST - STADIUM OUT TODAY - NEW DROPS LATER,"['English', 'DropsEnabled']",[],False
136,2025-04-22 08:02,Oatley,en,Fortnite,"NEW FORTNITE UPDATE | Code ""Oatley"" #ad | !socials !youtube !grands","['FamilyFriendly', 'Fortnite', 'BattleRoyale', 'Multiplayer', 'Action', 'Competitive', 'Professional', 'Positivity', 'PC', 'English']",[],False
136,2025-04-22 08:02,Arguz11,en,ROBLOX,FREE ROBUX ON PLS DONATE! Commands on screen!,"['giveaway', 'playingwithviewers', 'roblox', 'plsdonate', 'bloxfruit', 'English', 'Rerun', 'Albion', 'mammoth', 'Silver']",[],False
136,2025-04-22 08:02,dima_wallhacks,en,Counter-Strike,🟢 Falcons vs. Natus Vincere | IEM Melbourne CO-STREAM 🟢,"['140IQ', 'English', 'ASMR', 'forsen']",['MatureGame'],False
136,2025-04-22 08:02,August,en,Overwatch 2,🔴[!DROPS ON]🔴COMP DRIVES GAMING! SUPPORTING! (on an alt) THEN MORE STADIUM! WOOOHOOO! LET'S A GO!,"['Kiriko', 'Support', 'ADHD', 'Anime', 'Top500', 'English', 'Ana', 'Juno', 'DropsEnabled']",[],False
136,2025-04-22 08:03,sunshinebread,en,Overwatch 2,[DROPS] [DAY 63] 我承认我们玩铁拳的都是这样的，男的英俊潇洒，女的貌美如花，只不过代价是永远压不下去的嘴角,"['English', 'Doomfist', 'unemployed', 'LOUD', 'obnoxious', 'SISYPHUS', 'NEET', 'hitscan', 'tracer', 'altfashion']",[],False
136,2025-04-22 08:03,PLAYTO_ow,en,Overwatch 2,[DROPS]  🟨 TOP500 BASTION 🟨 GAMING UNTIL TOP500 ALL ROLES,"['furry', 'English', 'Pastafarian', 'Burger', 'eboy', 'Forehead', 'DropsEnabled']",[],False
136,2025-04-22 08:03,codebreaker,en,Overwatch 2,[❤️!DROPS ENABLED❤️] T500 DPS | CATDAD | FINISHING DRIVE ON ALT ACCS!!! | LAST CHANCE FOR KIRI DROPS!!!! AFK HERE IF YOU LOVE CATS!!,"['dps', 'chill', 'English', 'DropsEnabled']",[],False
137,2025-04-22 08:16,NickEh30,en,Fortnite,NEW FORTNITE UPDATE | Code NickEh30 #EpicPartner,"['Canadian', 'Positivity', 'BattleRoyale', 'PC', 'FamilyFriendly', 'Multiplayer', 'PVP', 'PlayingWithViewers', 'English', 'Drops']",[],False
137,2025-04-22 08:16,Smacko,en,Fortnite,"Zero Builds Solo Vs SQuads. Use Code ""SMACKO"" #EpicPartner","['English', 'Fortnite', 'ZeroBuild']",[],False
137,2025-04-22 08:16,Emongg,en,Overwatch 2,[!DROPS ENABLED] SEASON 16 TODAY 2 PM EST - STADIUM OUT TODAY - NEW DROPS LATER,"['English', 'DropsEnabled']",[],False
137,2025-04-22 08:16,August,en,Overwatch 2,🔴[!DROPS ON]🔴COMP DRIVES GAMING! SUPPORTING! (on an alt) THEN MORE STADIUM! WOOOHOOO! LET'S A GO!,"['Kiriko', 'Support', 'ADHD', 'Anime', 'Top500', 'English', 'Ana', 'Juno', 'DropsEnabled']",[],False
137,2025-04-22 08:17,Oatley,en,Fortnite,"FNCS GRAND FINALS SCRIMS | Code ""Oatley"" #ad | !socials !youtube !grands","['FamilyFriendly', 'Fortnite', 'BattleRoyale', 'Multiplayer', 'Action', 'Competitive', 'Professional', 'Positivity', 'PC', 'English']",[],False
137,2025-04-22 08:17,Arguz11,en,ROBLOX,FREE ROBUX ON PLS DONATE! Commands on screen!,"['giveaway', 'playingwithviewers', 'roblox', 'plsdonate', 'bloxfruit', 'English', 'Rerun', 'Albion', 'mammoth', 'Silver']",[],False
137,2025-04-22 08:17,SirDanDeMan,en,ROBLOX,GIVEAWAY AT 12K FOLLOWERS -🍬 Bubble Gum Simulator Infinity 🍬- 24/7,"['Roblox', 'BubbleGumSimulator', 'BGSI', 'PetSimulator99', 'PetSim99', 'PS99', 'English']",[],False
137,2025-04-22 08:17,larpieniee,en,Rocket League,rocket league road to GC! come chill with me!,"['English', 'plsdonate', 'fun', 'chill', 'rocketleague']",[],False
137,2025-04-22 08:17,osdeelive,en,ROBLOX,🔴{LIVE}🔴 PLS DONATE OFFLINE DONATING TO VIEWERS! | 🔴,['English'],[],False
138,2025-04-22 08:31,NickEh30,en,Fortnite,NEW FORTNITE UPDATE | Code NickEh30 #EpicPartner,"['Canadian', 'Positivity', 'BattleRoyale', 'PC', 'FamilyFriendly', 'Multiplayer', 'PVP', 'PlayingWithViewers', 'English', 'Drops']",[],False
138,2025-04-22 08:31,Smacko,en,Fortnite,"Zero Builds Solo Vs SQuads. Use Code ""SMACKO"" #EpicPartner","['English', 'Fortnite', 'ZeroBuild']",[],False
138,2025-04-22 08:32,Emongg,en,Overwatch 2,[!DROPS ENABLED] SEASON 16 TODAY 2 PM EST - STADIUM OUT TODAY - NEW DROPS LATER,"['English', 'DropsEnabled']",[],False
138,2025-04-22 08:32,Arguz11,en,ROBLOX,FREE ROBUX ON PLS DONATE! Commands on screen!,"['giveaway', 'playingwithviewers', 'roblox', 'plsdonate', 'bloxfruit', 'English', 'Rerun', 'Albion', 'mammoth', 'Silver']",[],False
138,2025-04-22 08:32,August,en,Overwatch 2,🔴[!DROPS ON]🔴COMP DRIVES GAMING! SUPPORTING! (on an alt) THEN MORE STADIUM! WOOOHOOO! LET'S A GO!,"['Kiriko', 'Support', 'ADHD', 'Anime', 'Top500', 'English', 'Ana', 'Juno', 'DropsEnabled']",[],False
138,2025-04-22 08:32,Oatley,en,Fortnite,"FNCS GRAND FINALS SCRIMS | Code ""Oatley"" #ad | !socials !youtube !grands","['FamilyFriendly', 'Fortnite', 'BattleRoyale', 'Multiplayer', 'Action', 'Competitive', 'Professional', 'Positivity', 'PC', 'English']",[],False
138,2025-04-22 08:32,SnowyFPS,en,Sea of Thieves,Galleon Hourglass ⛵ │ !level ⭐,"['English', 'Variety', 'snowyfps', 'seaofthieves', 'hourglasspvp', 'hourglass', 'immortalValorant']",[],False
138,2025-04-22 08:32,WezzyCruze,en,Sea of Thieves,Tune-In For Tuesdays! !discord !yt !commands,"['English', 'OCE', 'ChillVibes']",[],False
138,2025-04-22 08:32,Nightfire255,en,Sea of Thieves,🌟 Brig Boat Chaos! 🌟 TTS 100 🌟 !discord !sounds w/    @Schwangdoodler @hager_420,"['English', 'PCG', 'CutlassQueen']",['ProfanityVulgarity'],False
139,2025-04-22 12:01,thefreddymc,en,Minecraft,👽 SUB 27:00 YAPRUNS 👽 PB: 27:57 Posted on  !YouTube 👽 $250 Fan Art Contest !fanart 👽 !Discord 👽 !pb,['English'],[],False
139,2025-04-22 12:02,Smacko,en,Fortnite,Early Access TMNT SKINS | Zero Builds Solo vs Squads | Use Code SMACKO | #EpicPartner #ad,"['English', 'Fortnite', 'ZeroBuild']",[],False
139,2025-04-22 12:02,SnowyFPS,en,Sea of Thieves,Galleon Hourglass ⛵ │ !level ⭐,"['English', 'Variety', 'snowyfps', 'seaofthieves', 'hourglasspvp', 'hourglass', 'immortalValorant']",[],False
139,2025-04-22 12:02,Lightn1ngbolt_,en,Marvel Rivals,RANK #1 HAWKEYE/BLACK WIDOW in the WORLD🏹🔥[DROPS ON!! ] ✅,"['gym', 'anime', 'AMA', 'English', 'Português', 'marvelrivals', 'Hawkeye', 'giveaway', 'blackwidow', 'DropsEnabled']",[],False
139,2025-04-22 12:02,NickEh30,en,Fortnite,NEW FORTNITE UPDATE | Code NickEh30 #EpicPartner,"['Canadian', 'Positivity', 'BattleRoyale', 'PC', 'FamilyFriendly', 'Multiplayer', 'PVP', 'PlayingWithViewers', 'English', 'Drops']",[],False
139,2025-04-22 12:02,Emongg,en,Overwatch 2,[!DROPS ENABLED] SEASON 16 TODAY 2 PM EST - STADIUM OUT TODAY - NEW DROPS LATER,"['English', 'DropsEnabled']",[],False
139,2025-04-22 12:02,Kaemii,en,VALORANT,8 DAYS TO GET APAC RADIANT | PLAYING FROM KOREA,['English'],[],False
139,2025-04-22 12:02,VOODOO_248,en,VALORANT,NO CRASHOUT DAY ^^,['English'],['ProfanityVulgarity'],False
139,2025-04-22 12:02,Subroza,en,VALORANT,🥀 BEST PLAYER OF ALL TIME RADIANT RANKED🥀 DAY 345/366 🥀 @SubrozaVOD 24/7 Channel 🥀 !blitz,"['English', 'French', 'valorant', 'radiant', 'Subroza', 'pro', 'professional', 'ranked', 'Muslim', 'Mexican']",[],False
140,2025-04-22 12:16,thefreddymc,en,Minecraft,👽 SUB 27:00 YAPRUNS 👽 PB: 27:57 Posted on  !YouTube 👽 $250 Fan Art Contest !fanart 👽 !Discord 👽 !pb,['English'],[],False
140,2025-04-22 12:17,Smacko,en,Fortnite,Early Access TMNT SKINS | Zero Builds Solo vs Squads | Use Code SMACKO | #EpicPartner #ad,"['English', 'Fortnite', 'ZeroBuild']",[],False
140,2025-04-22 12:17,SnowyFPS,en,Sea of Thieves,Galleon Hourglass ⛵ │ !level ⭐,"['English', 'Variety', 'snowyfps', 'seaofthieves', 'hourglasspvp', 'hourglass', 'immortalValorant']",[],False
140,2025-04-22 12:17,Lightn1ngbolt_,en,Marvel Rivals,RANK #1 HAWKEYE/BLACK WIDOW in the WORLD🏹🔥[DROPS ON!! ] ✅,"['gym', 'anime', 'AMA', 'English', 'Português', 'marvelrivals', 'Hawkeye', 'giveaway', 'blackwidow', 'DropsEnabled']",[],False
140,2025-04-22 12:17,NickEh30,en,Fortnite,NEW FORTNITE UPDATE | Code NickEh30 #EpicPartner,"['Canadian', 'Positivity', 'BattleRoyale', 'PC', 'FamilyFriendly', 'Multiplayer', 'PVP', 'PlayingWithViewers', 'English', 'Drops']",[],False
140,2025-04-22 12:17,Emongg,en,Overwatch 2,[!DROPS ENABLED] SEASON 16 TODAY 2 PM EST - STADIUM OUT TODAY - NEW DROPS LATER,"['English', 'DropsEnabled']",[],False
140,2025-04-22 12:17,lossayyy,en,The Sims 4,finishing our moldy apartments! | !what !eacode,"['northernireland', 'ireland', 'irish', 'chaotic', 'safespace', 'funny', 'English', 'chatty', 'mentalhealth', 'Disabled']",[],False
140,2025-04-22 12:17,HeppiSims,en,The Sims 4,Building a tattoo empire!! !frub !insta !ad,"['Ally', 'sims', 'sims4', 'English', 'Cosygaming', 'cosy', 'simulation', 'simulationgames']",[],False
140,2025-04-22 12:17,plumbaleena,en,The Sims 4,🏡 REDECORATING BB'S HOUSE IN COPPERDALE [ESCAPISM STRIM] !gshade !cc #EAPartner,"['safespace', 'Escapism', 'NoBackseating', 'English', '18plus', 'LegacyRP', 'EAPartner', 'Storytelling', 'MatureAudiences']",[],False
142,2025-04-22 16:02,thefreddymc,en,Minecraft,👽 SUB 27:00 YAPRUNS 👽 PB: 27:57 Posted on  !YouTube 👽 $250 Fan Art Contest !fanart 👽 !Discord 👽 !pb,['English'],[],False
142,2025-04-22 16:02,SnowyFPS,en,Sea of Thieves,Galleon Hourglass ⛵ │ !level ⭐,"['English', 'Variety', 'snowyfps', 'seaofthieves', 'hourglasspvp', 'hourglass', 'immortalValorant']",[],False
142,2025-04-22 16:02,kraandop,en,Overwatch 2,[!DROPS] STADIUM RELEASED TODAY. MY FIRST TIME PLAYING IT. !GG !VIDEO,"['Nederlands', 'English', 'DropsEnabled']",[],False
142,2025-04-22 16:02,FroggerOW,en,Overwatch 2,[DROPS ON!] SEASON 16 OH MY GOD HERO BANS AND STADIUM!!!,"['Australian', 'English', 'DropsEnabled']",[],False
142,2025-04-22 16:02,KeshaEuw,en,League of Legends,AP NUNU TO CHALLENGER ! CAN WIN ! FOCUSED ... SUPERSTAR .. ROLLER MAN .. STILL A LITTLE BIT SICK EXCUSE ME PLES ....... :/ .. !newvid,['English'],[],False
142,2025-04-22 16:03,MrSavage,en,Fortnite,PERFORMANCE CUP | GRANDS IN 4 DAYS | !HALLUCINA !CROSSHAIR !PING | CODE 200IQ #EpicPartner,"['English', 'vogue', 'model']",[],False
142,2025-04-22 16:03,caseoh247,en,Just Chatting,VOD ReRuns,"['caseoh', 'Caseohgames', 'VOD', 'reruns', 'Rerun', 'English']",[],True
142,2025-04-22 16:03,WaxFraud,en,Minecraft,🔴 HARDCORE 1.21.5 DAY 4850 COLLECTING NEW MOB VVARIANTS ALSO HOWDY DOO !youtube !discord,"['waxfraud', 'English']",[],False
142,2025-04-22 16:03,Sneegsnag,en,The Elder Scrolls IV: Oblivion Remastered,[DAY 12]IT IS HERE OMG | !subathon,"['English', 'ADHD', 'farts', 'subathon']",[],False
144,2025-04-22 20:06,DrDonutttttt,en,Minecraft,,"['English', 'smp', 'DonutSMP', 'drdonut', 'crystalpvp', 'pvp', 'cpvp', 'survival', 'minecraft', 'server']",[],False
144,2025-04-22 20:06,AussieAntics,en,Fortnite,WATCHING TRIO CASH CUP🏆 PETERBOT + CLIX POV 👀 FNCS LCQ TOMORROW 📈,['English'],[],False
144,2025-04-22 20:06,FroggerOW,en,Overwatch 2,[DROPS ON!] SEASON 16 OH MY GOD HERO BANS AND STADIUM!!!,"['Australian', 'English', 'DropsEnabled']",[],False
144,2025-04-22 20:06,Linkzzey,en,Minecraft,"🔴Hardcore 46,400+Days|4+Years|11,500+Hours !worldtour","['LetsPlay', 'English', 'Hardcore', 'RPG', 'Permadeath', 'SurvivaI', 'chill', 'hardcoreminecraft', 'FamilyFrendly']",[],False
144,2025-04-22 20:06,JaayMC,en,Minecraft,🌎 Minecraft Joinable SMP | 🌠 Partner Grind Streamathon (Day 22) 🌈 how are you?! | !join !partner,"['Survival', 'LGBTQ', 'SafeSpace', 'Cape', 'Drops', 'PlayingWithViewers', 'Chill', 'SMP', 'subathon', 'Minecraft']",[],False
144,2025-04-22 20:06,vadriss,en,Grand Theft Auto V,Day 22 of UNCAPPED Birthday SUBATHON | Partner Anniversary | !PNS !merch !subathon !goals #Ad #Sponsorship,"['English', 'Gay', 'femboy', 'LGBTQ', 'twitchprideguild']",['MatureGame'],False
144,2025-04-22 20:06,Stewie2K,en,Counter-Strike,gaminnn  | !socials !discord !tradeit,['English'],['MatureGame'],False
144,2025-04-22 20:06,Bymas,en,Counter-Strike,FACEIT TOP 34 EU | !team !elo !roll !skinvault,"['CS2', 'LIETUVA', 'LITHUANIA', 'FACEIT', 'FPL', 'PRO', 'CSGO', 'English']",['MatureGame'],False
144,2025-04-22 20:06,xJokerBR,pt,Counter-Strike,AO VIVO: Red Canids AC vs Galorys | MD3 | Liga Gamers Club - Série A 2025 (PT-BR),"['esports', 'jokerbr', 'counterstrike', 'Português', 'cs2', 'sports', 'gamersclub', 'ligagamersclub', 'Galorys', 'REDCanids']",['MatureGame'],False
145,2025-04-22 20:21,DrDonutttttt,en,Minecraft,,"['English', 'smp', 'DonutSMP', 'drdonut', 'crystalpvp', 'pvp', 'cpvp', 'survival', 'minecraft', 'server']",[],False
145,2025-04-22 20:21,AussieAntics,en,Fortnite,WATCHING TRIO CASH CUP🏆 PETERBOT + CLIX POV 👀 FNCS LCQ TOMORROW 📈,['English'],[],False
145,2025-04-22 20:21,FroggerOW,en,Overwatch 2,[DROPS ON!] SEASON 16 OH MY GOD HERO BANS AND STADIUM!!!,"['Australian', 'English', 'DropsEnabled']",[],False
145,2025-04-22 20:21,Warn,en,Overwatch 2,[!DROPS] #1 ASHE 🔴 SEASON 16 DOKIWATCH🧚 🔴 STADIUM WITH ASPEN AND FROGGER 🔴 HERO BANS 🔴 REACTING TO UPDATES 🔴 MYSTERY UNBOXING LATER...,"['Overwatch', 'Competitive', 'ADHD', 'Drops', 'English', 'DropsEnabled']",[],False
145,2025-04-22 20:21,vadriss,en,Grand Theft Auto V,Day 22 of UNCAPPED Birthday SUBATHON | Partner Anniversary | !PNS !merch !subathon !goals #Ad #Sponsorship,"['English', 'Gay', 'femboy', 'LGBTQ', 'twitchprideguild']",['MatureGame'],False
145,2025-04-22 20:21,Linkzzey,en,Minecraft,"🔴Hardcore 46,400+Days|4+Years|11,500+Hours !worldtour","['LetsPlay', 'English', 'Hardcore', 'RPG', 'Permadeath', 'SurvivaI', 'chill', 'hardcoreminecraft', 'FamilyFrendly']",[],False
145,2025-04-22 20:21,AviAkbar,en,VALORANT,CRASH OUT COUNTER: 25 | Avi Akbar | !discord !socials !rank,"['TikToker', 'TikTok', 'YouTuber', 'English', 'Heartratemonitor', 'scarygames', 'FirstPlaythrough', 'influencer']",[],False
145,2025-04-22 20:21,justthuggy,en,VALORANT,valorant with gremlins,"['Valorant', 'English', 'thug', 'extremelyawesomethug', 'garlicbread', 'caffeinated']",[],False
145,2025-04-22 20:21,adilswrld,en,VALORANT,😁Stop Calling Me Mooda Clone😁 TTS IS ENABLED 😁 !discord !socials,"['English', 'ADHD', 'silly', 'LOUD', 'valorant']",[],False
146,2025-04-22 20:38,DrDonutttttt,en,Minecraft,,"['English', 'smp', 'DonutSMP', 'drdonut', 'crystalpvp', 'pvp', 'cpvp', 'survival', 'minecraft', 'server']",[],False
146,2025-04-22 20:38,AussieAntics,en,Fortnite,WATCHING TRIO CASH CUP🏆 PETERBOT + CLIX POV 👀 FNCS LCQ TOMORROW 📈,['English'],[],False
146,2025-04-22 20:38,FroggerOW,en,Overwatch 2,[DROPS ON!] SEASON 16 OH MY GOD HERO BANS AND STADIUM!!!,"['Australian', 'English', 'DropsEnabled']",[],False
146,2025-04-22 20:38,Warn,en,Overwatch 2,[!DROPS] #1 ASHE 🔴 SEASON 16 DOKIWATCH🧚 🔴 STADIUM WITH ASPEN AND FROGGER 🔴 HERO BANS 🔴 REACTING TO UPDATES 🔴 MYSTERY UNBOXING LATER...,"['Overwatch', 'Competitive', 'ADHD', 'Drops', 'English', 'DropsEnabled']",[],False
146,2025-04-22 20:38,vadriss,en,Grand Theft Auto V,Day 22 of UNCAPPED Birthday SUBATHON | Partner Anniversary | !PNS !merch !subathon !goals #Ad #Sponsorship,"['English', 'Gay', 'femboy', 'LGBTQ', 'twitchprideguild']",['MatureGame'],False
146,2025-04-22 20:38,KreekCraft,en,ROBLOX,NEW ROBLOX UPDATES 🚨 ROBUX GIVEAWAYS 🚨 BIG NEWS 🚨 ROBLOX LIVE,"['roblox', 'robux', 'ADHD', 'chill', 'LOUD', 'gaming', 'funny', 'Chatty', 'Cozy', 'gamer']",[],False
146,2025-04-22 20:38,Specter___01,en,Marvel Rivals,🟣DROPS ON🟣SEASON 2 RANKED DISMAY🟣I'M NOT AN UNC🟣JOURNEY TO ETERNITY🟣,"['English', 'gaming', 'DropsEnabled']",[],False
146,2025-04-22 20:38,ApexDabi,en,Overwatch 2,🚨[!DROPS]🚨NEW OVERWATCH RANKED MODE🚨VANGUARD MAIN🚨TRAINING ARC🚨DESTROYER OF HAY BALES @ApexDabi,"['DropsEnabled', 'Morocco', 'English', 'PVP', 'ADHD', 'marvel', 'marvelrivals', 'TOP500', 'DROPS']",[],False
146,2025-04-22 20:38,Jay3,en,Overwatch 2,[DROPS] SEASON 16 OF OVERWATCH + STADIUM + HERO BANS??? + NEW HERO!!!! #OWPartner & !Overwatch | Follow socials --> @jay3,"['FPS', 'Shooter', 'Multiplayer', 'English', 'DropsEnabled']",[],False
147,2025-04-23 00:05,AussieAntics,en,Fortnite,WATCHING TRIO CASH CUP🏆 PETERBOT + CLIX POV 👀 FNCS LCQ TOMORROW 📈,['English'],[],False
147,2025-04-23 00:05,Warn,en,Overwatch 2,[!DROPS] #1 ASHE 🔴 SEASON 16 DOKIWATCH🧚 🔴 STADIUM WITH ASPEN AND FROGGER 🔴 HERO BANS 🔴 REACTING TO UPDATES 🔴 MYSTERY UNBOXING LATER...,"['Overwatch', 'Competitive', 'ADHD', 'Drops', 'English', 'DropsEnabled']",[],False
147,2025-04-23 00:05,NoDamageRocket,en,Marvel Rivals,"NoDmgRocket practicing other strategists! [!banned, !elo, !discord, !7tv, !graphics]","['English', 'marvelrivals', 'nomic', 'nodmgrocket', 'NoDamageRocket', 'RocketRaccoon', 'DropsEnabled']",[],False
147,2025-04-23 00:05,FroggerOW,en,Overwatch 2,[DROPS ON!] SEASON 16 OH MY GOD HERO BANS AND STADIUM!!!,"['Australian', 'English', 'DropsEnabled']",[],False
147,2025-04-23 00:05,vadriss,en,Grand Theft Auto V,Day 22 of UNCAPPED Birthday SUBATHON | Partner Anniversary | !PNS !merch !subathon !goals #Ad #Sponsorship,"['English', 'Gay', 'femboy', 'LGBTQ', 'twitchprideguild']",['MatureGame'],False
147,2025-04-23 00:05,Grimm,en,VALORANT,🔴GREATEST SAGE TO TOUCH THIS EARTH🔴PROVING WHY HE IS THE UNDISPUTED GOAT🔴GAMING WARLORD VALORANT RADIANT RANKED🔴,['English'],[],False
147,2025-04-23 00:05,DGthe99,en,Grand Theft Auto V,A STORY OF DUKE TUCKER FASTEST GROWING STREAM ON TWITCH! | SMILERP OWNER | FROWNRP OWNER| POWER GPU CODE: SMILE,"['apex', 'IRL', 'gamer', 'tiktok', 'English', 'GTARP']",['MatureGame'],False
147,2025-04-23 00:05,Whippy,en,Grand Theft Auto V,PROMOTION ARC Croc Cop Prodigy RP,"['english', 'roleplay', 'English']",['MatureGame'],False
147,2025-04-23 00:05,JustDurant,en,Grand Theft Auto V,💜 Sheriff Durant | Milky Bones 🔴 LiquidRP 🔴 HYPE 🔥 W COP 👮!sub,['English'],['MatureGame'],False
148,2025-04-23 04:02,Warn,en,Overwatch 2,[!DROPS] #1 ASHE 🔴 SEASON 16 DOKIWATCH🧚 🔴 STADIUM WITH ASPEN AND FROGGER 🔴 HERO BANS 🔴 REACTING TO UPDATES 🔴 MYSTERY UNBOXING LATER...,"['Overwatch', 'Competitive', 'ADHD', 'Drops', 'English', 'DropsEnabled']",[],False
148,2025-04-23 04:02,August,en,Overwatch 2,🔴[!DROPS ON]🔴SEASON 16 GAMING! JUNO MYTHIC! STADIUM! HERO BANS! NEW SKINS! SUPPORTING! WOOOHOOOO!,"['Kiriko', 'Support', 'ADHD', 'Anime', 'Top500', 'English', 'Ana', 'Juno', 'DropsEnabled']",[],False
148,2025-04-23 04:03,Grimm,en,VALORANT,🔴GREATEST SAGE TO TOUCH THIS EARTH🔴PROVING WHY HE IS THE UNDISPUTED GOAT🔴GAMING WARLORD VALORANT RADIANT RANKED🔴,['English'],[],False
148,2025-04-23 04:03,vadriss,en,Grand Theft Auto V,Day 22 of UNCAPPED Birthday SUBATHON | Partner Anniversary | !PNS !merch !subathon !goals #Ad #Sponsorship,"['English', 'Gay', 'femboy', 'LGBTQ', 'twitchprideguild']",['MatureGame'],False
148,2025-04-23 04:03,Nautilifts,en,Marvel Rivals,"☢️RANK #1 BRUCE BANNER☢️ || RIVALS, THEN OBLIVION REMASTER? // long stream ➔ !tiktok !discord","['English', 'chill', 'aura', 'Marvel', 'marvelrivals', 'BruceBanner', 'DropsEnabled']",[],False
148,2025-04-23 04:03,Arguz11,en,ROBLOX,FREE ROBUX ON PLS DONATE! Commands on screen!,"['giveaway', 'playingwithviewers', 'roblox', 'plsdonate', 'bloxfruit', 'English', 'Rerun', 'Albion', 'mammoth', 'Silver']",[],False
148,2025-04-23 04:03,ESLCS,en,Counter-Strike,LIVE: MOUZ vs The MongolZ - IEM Melbourne 2025 - Group A,['English'],['MatureGame'],False
148,2025-04-23 04:03,Empyriangaming,en,Last Epoch,-͜ - !Uber solo down! Building a GIGA AOE & Speed Legion Cycloner for old time's sake - !starforge,"['English', 'BlindPlaythrough', 'FirstPlaythrough', 'NoBackseating', 'drops']",['MatureGame'],False
148,2025-04-23 04:03,olofmeister,en,Counter-Strike,🐭 FaZe vs. GamerLegion - IEM Melbourne 2025 🐭 WATCHPARTY 🐭,"['PLAYING', 'pro', 'English', 'beast', 'twotimemajorwinner', 'CS2', 'legend', 'chill', 'Boomer']",['MatureGame'],False
149,2025-04-23 04:17,Warn,en,Overwatch 2,[!DROPS] #1 ASHE 🔴 SEASON 16 DOKIWATCH🧚 🔴 STADIUM WITH ASPEN AND FROGGER 🔴 HERO BANS 🔴 REACTING TO UPDATES 🔴 MYSTERY UNBOXING LATER...,"['Overwatch', 'Competitive', 'ADHD', 'Drops', 'English', 'DropsEnabled']",[],False
149,2025-04-23 04:17,August,en,Overwatch 2,🔴[!DROPS ON]🔴SEASON 16 GAMING! JUNO MYTHIC! STADIUM! HERO BANS! NEW SKINS! SUPPORTING! WOOOHOOOO!,"['Kiriko', 'Support', 'ADHD', 'Anime', 'Top500', 'English', 'Ana', 'Juno', 'DropsEnabled']",[],False
149,2025-04-23 04:17,Grimm,en,VALORANT,🔴GREATEST SAGE TO TOUCH THIS EARTH🔴PROVING WHY HE IS THE UNDISPUTED GOAT🔴GAMING WARLORD VALORANT RADIANT RANKED🔴,['English'],[],False
149,2025-04-23 04:17,vadriss,en,Grand Theft Auto V,Day 22 of UNCAPPED Birthday SUBATHON | Partner Anniversary | !PNS !merch !subathon !goals #Ad #Sponsorship,"['English', 'Gay', 'femboy', 'LGBTQ', 'twitchprideguild']",['MatureGame'],False
149,2025-04-23 04:17,Nautilifts,en,Marvel Rivals,"☢️RANK #1 BRUCE BANNER☢️ || RIVALS, THEN OBLIVION REMASTER? // long stream ➔ !tiktok !discord","['English', 'chill', 'aura', 'Marvel', 'marvelrivals', 'BruceBanner', 'DropsEnabled']",[],False
149,2025-04-23 04:17,Arguz11,en,ROBLOX,FREE ROBUX ON PLS DONATE! Commands on screen!,"['giveaway', 'playingwithviewers', 'roblox', 'plsdonate', 'bloxfruit', 'English', 'Rerun', 'Albion', 'mammoth', 'Silver']",[],False
149,2025-04-23 04:17,chosen_ow,en,Overwatch 2,[!DROPS ✅] #1 ILLARI SUBATHON (LONG STREAM) 🔴 CHAMPION SUPPORT 6v6 & 5v5 🔴 STADIUM GRIND 🔴 SUB = +10 MIN (100 HOUR CAP) !GOALS,"['English', 'top500', 'Illari', 'overwatch', 'Competitive', 'femboy', 'DropsEnabled']",[],False
149,2025-04-23 04:17,iddqd,en,Overwatch 2,"[DROPS] freja, freya, freia, freija, frejija, freijia, subathon.","['gigachad', 'aimbot', 'FPS', 'English', 'adhd', 'swedish', 'pro', 'Educational', 'Cassidy', 'DropsEnabled']",[],False
149,2025-04-23 04:17,sunshinebread,en,Overwatch 2,[DROPS] I DID IT !!!!!!!!!!!!!!!,"['English', 'unemployed', 'LOUD', 'obnoxious', 'SISYPHUS', 'NEET', 'hitscan', 'tracer', 'altfashion', 'DropsEnabled']",[],False
150,2025-04-23 04:34,Warn,en,Overwatch 2,[!DROPS] #1 ASHE 🔴 SEASON 16 DOKIWATCH🧚 🔴 STADIUM WITH ASPEN AND FROGGER 🔴 HERO BANS 🔴 REACTING TO UPDATES 🔴 MYSTERY UNBOXING LATER...,"['Overwatch', 'Competitive', 'ADHD', 'Drops', 'English', 'DropsEnabled']",[],False
150,2025-04-23 04:34,August,en,Overwatch 2,🔴[!DROPS ON]🔴SEASON 16 GAMING! JUNO MYTHIC! STADIUM! HERO BANS! NEW SKINS! SUPPORTING! WOOOHOOOO!,"['Kiriko', 'Support', 'ADHD', 'Anime', 'Top500', 'English', 'Ana', 'Juno', 'DropsEnabled']",[],False
150,2025-04-23 04:34,Grimm,en,VALORANT,🔴GREATEST SAGE TO TOUCH THIS EARTH🔴PROVING WHY HE IS THE UNDISPUTED GOAT🔴GAMING WARLORD VALORANT RADIANT RANKED🔴,['English'],[],False
150,2025-04-23 04:34,vadriss,en,Grand Theft Auto V,Day 22 of UNCAPPED Birthday SUBATHON | Partner Anniversary | !PNS !merch !subathon !goals #Ad #Sponsorship,"['English', 'Gay', 'femboy', 'LGBTQ', 'twitchprideguild']",['MatureGame'],False
150,2025-04-23 04:34,dafran,en,Overwatch 2,[DROPS] RANKED HERO BANS? SEASON 16,"['English', 'DropsEnabled']",[],False
150,2025-04-23 04:34,Nautilifts,en,Marvel Rivals,"☢️RANK #1 BRUCE BANNER☢️ || RIVALS, THEN OBLIVION REMASTER? // long stream ➔ !tiktok !discord","['English', 'chill', 'aura', 'Marvel', 'marvelrivals', 'BruceBanner', 'DropsEnabled']",[],False
150,2025-04-23 04:34,Dionwaiters,en,Grand Theft Auto V,Grizzley World WL RP | just popped out been a while Quick stream!!!!,"['English', 'gaming', 'gta', 'GTARP']",['MatureGame'],False
150,2025-04-23 04:34,egirlmandaa,en,Grand Theft Auto V,✰ JADA and her Prince family in lifestyle rp| ✰ 200 SUB GOAL? !Sub !discord ✰TAP IN AMANDA'S LIVE!! ✰ (FACECAM/ CHILL VIBES),"['CITYOFATLANTA', 'cityofatlantarp', 'BlackTwitchStreamer', 'gamergirl', 'RP', 'English', 'WindyCityRp', 'egirl', 'LifestyleRP']",['MatureGame'],False
150,2025-04-23 04:34,bendejo_45,en,Grand Theft Auto V,time to get spicy | !tip | SMILE RP | RICKY BOBBY | LOST SOULS | !Server,['English'],['MatureGame'],False
151,2025-04-23 08:01,August,en,Overwatch 2,🔴[!DROPS ON]🔴SEASON 16 GAMING! JUNO MYTHIC! STADIUM! HERO BANS! NEW SKINS! SUPPORTING! WOOOHOOOO!,"['Kiriko', 'Support', 'ADHD', 'Anime', 'Top500', 'English', 'Ana', 'Juno', 'DropsEnabled']",[],False
151,2025-04-23 08:01,dima_wallhacks,en,Counter-Strike,🟢 Vitality vs. Falcons | IEM Melbourne CO-STREAM 🟢,"['140IQ', 'English', 'ASMR', 'forsen']",['MatureGame'],False
151,2025-04-23 08:02,Oatley,en,Fortnite,"WATCHING OCE FNCS LAST CHANCE | Code ""Oatley"" #ad | !socials !youtube !grands","['FamilyFriendly', 'Fortnite', 'BattleRoyale', 'Multiplayer', 'Action', 'Competitive', 'Professional', 'Positivity', 'PC', 'English']",[],False
151,2025-04-23 08:02,SirDanDeMan,en,ROBLOX,GIVEAWAY AT 12K FOLLOWERS -🍬 Bubble Gum Simulator Infinity 🍬- 24/7,"['Roblox', 'BubbleGumSimulator', 'BGSI', 'PetSimulator99', 'PetSim99', 'PS99', 'English']",[],False
151,2025-04-23 08:02,TenZ,en,VALORANT,training to properly run it down in ranked,"['English', 'Anime', 'FPS', 'tenz']",[],False
151,2025-04-23 08:02,Andruwu,en,VALORANT,🔥RADIANT RANKED GRIND WITH PHOENIX ONLY🔥!opera,"['FPS', 'English', 'Positivity', 'PhoenixEnjoyer', 'buystuff', 'kaching', 'progamer']",[],False
151,2025-04-23 08:02,vulture_ow,en,Overwatch 2,[!DROPS] 24 HOUR STREAM | NEW SEASON GRINDING !discord !newvid !giveawaywinner !score !cell !bigfan,"['English', 'Competitive', 'fps', 'junkrat', 'SewerRat', 'overwatch', 'hashtagawesome', 'DropsEnabled']",[],False
151,2025-04-23 08:02,chosen_ow,en,Overwatch 2,[!DROPS ✅] #1 ILLARI SUBATHON (LONG STREAM) 🔴 CHAMPION SUPPORT 6v6 & 5v5 🔴 STADIUM GRIND 🔴 SUB = +10 MIN (100 HOUR CAP) !GOALS,"['English', 'top500', 'Illari', 'overwatch', 'Competitive', 'femboy', 'DropsEnabled']",[],False
151,2025-04-23 08:02,codebreaker,en,Overwatch 2,[❤️!DROPS ENABLED❤️] T500 DPS | CATDAD | NEW SEASON!!! HERO BANS?? FREJA??? LETS WIN VIDEO GAMES!!!,"['dps', 'chill', 'English', 'DropsEnabled']",[],False
152,2025-04-23 08:20,August,en,Overwatch 2,🔴[!DROPS ON]🔴SEASON 16 GAMING! JUNO MYTHIC! STADIUM! HERO BANS! NEW SKINS! SUPPORTING! WOOOHOOOO!,"['Kiriko', 'Support', 'ADHD', 'Anime', 'Top500', 'English', 'Ana', 'Juno', 'DropsEnabled']",[],False
152,2025-04-23 08:21,Emongg,en,Overwatch 2,[!DROPS ENABLED] SEASON 16 AND STADIUM LIVE NOW !gamersupps,"['English', 'DropsEnabled']",[],False
152,2025-04-23 08:21,Necros,en,Marvel Rivals,[!DROPS ENABLED] APPARENTLY I'M CANCELLED ON TIKTOK SADGE !tierlist,"['English', 'spiderman', 'blackpanther', 'DropsEnabled']",[],False
152,2025-04-23 08:21,dafran,en,Overwatch 2,[DROPS] RANKED HERO BANS? SEASON 16,"['English', 'DropsEnabled']",[],False
152,2025-04-23 08:21,Oatley,en,Fortnite,"WATCHING OCE FNCS LAST CHANCE | Code ""Oatley"" #ad | !socials !youtube !grands","['FamilyFriendly', 'Fortnite', 'BattleRoyale', 'Multiplayer', 'Action', 'Competitive', 'Professional', 'Positivity', 'PC', 'English']",[],False
152,2025-04-23 08:21,TenZ,en,VALORANT,training to properly run it down in ranked,"['English', 'Anime', 'FPS', 'tenz']",[],False
152,2025-04-23 08:21,LifeandBeth,en,The Sims 4,Starting 100 Baby Challenge before our ACTUAL baby comes!  | Partner Push 66/75 | No CC | EA PARTNER | !Merch !shop !bestie !coffee,"['UK', 'Woman', 'sims', 'English', 'AMA', 'British']",[],False
152,2025-04-23 08:21,ItsTallyPlays,en,Minecraft,♥ - {18+} ♥ - I Charity Stream!!  Live until April 30th!!!!  - ♥    |!discord|!socials|!kinder|!clip|!donate|!instant|!matchington|!golden|,"['Canadian', 'Chatty', 'Cozy', 'English', '2SLGBTQIAPlus', 'cozygames', 'AuDHD', 'OCD', 'NeuroSpicy', '420FriendlyStreamer']",[],True
152,2025-04-23 08:21,lossayyy,en,The Sims 4,Oasis Springs MANSION! | !what !eacode,"['northernireland', 'ireland', 'irish', 'chaotic', 'safespace', 'funny', 'English', 'chatty', 'mentalhealth', 'Disabled']",[],False
153,2025-04-23 08:41,August,en,Overwatch 2,🔴[!DROPS ON]🔴SEASON 16 GAMING! JUNO MYTHIC! STADIUM! HERO BANS! NEW SKINS! SUPPORTING! WOOOHOOOO!,"['Kiriko', 'Support', 'ADHD', 'Anime', 'Top500', 'English', 'Ana', 'Juno', 'DropsEnabled']",[],False
153,2025-04-23 08:41,Emongg,en,Overwatch 2,[!DROPS ENABLED] SEASON 16 AND STADIUM LIVE NOW !gamersupps,"['English', 'DropsEnabled']",[],False
153,2025-04-23 08:41,Necros,en,Marvel Rivals,[!DROPS ENABLED] APPARENTLY I'M CANCELLED ON TIKTOK SADGE !tierlist,"['English', 'spiderman', 'blackpanther', 'DropsEnabled']",[],False
153,2025-04-23 08:41,dafran,en,Overwatch 2,[DROPS] RANKED HERO BANS? SEASON 16,"['English', 'DropsEnabled']",[],False
153,2025-04-23 08:41,Oatley,en,Fortnite,"FNCS GRAND FINALS SCRIMS | Code ""Oatley"" #ad | !socials !youtube !grands","['FamilyFriendly', 'Fortnite', 'BattleRoyale', 'Multiplayer', 'Action', 'Competitive', 'Professional', 'Positivity', 'PC', 'English']",[],False
153,2025-04-23 08:41,Andruwu,en,VALORANT,🔥RADIANT RANKED GRIND WITH PHOENIX ONLY🔥!opera,"['FPS', 'English', 'Positivity', 'PhoenixEnjoyer', 'buystuff', 'kaching', 'progamer']",[],False
153,2025-04-23 08:41,Mace,en,Marvel Rivals,[DROPS]🔴ETERNITY GRIND🔴GRINDING WITH THE BOYS🔴!newvid !discord,"['English', 'drops', 'Brigitte', 'Educational', 'magneto', 'marvelrivals', 'Mace', 'DropsEnabled', 'Coaching']",[],False
153,2025-04-23 08:42,Kephrii,en,Marvel Rivals,!DROPS // Top 500 DPS // Chill Stream,"['English', 'Widowmaker', 'ClosedCaptions', 'DPS', 'Top500', 'Overwatch', 'BlackWidow', 'Marvel', 'Eternity', 'HumanTorch']",[],False
153,2025-04-23 08:42,sinatraavod,en,Marvel Rivals,24/7 MARVEL RIVALS (SINATRAA GREATEST MOMENTS),"['sinatraa', 'vod', 'vods', 'highlights', 'English']",[],False
154,2025-04-23 09:03,August,en,Overwatch 2,🔴[!DROPS ON]🔴SEASON 16 GAMING! JUNO MYTHIC! STADIUM! HERO BANS! NEW SKINS! SUPPORTING! WOOOHOOOO!,"['Kiriko', 'Support', 'ADHD', 'Anime', 'Top500', 'English', 'Ana', 'Juno', 'DropsEnabled']",[],False
154,2025-04-23 09:03,Necros,en,Marvel Rivals,[!DROPS ENABLED] APPARENTLY I'M CANCELLED ON TIKTOK SADGE !tierlist,"['English', 'spiderman', 'blackpanther', 'DropsEnabled']",[],False
154,2025-04-23 09:03,Emongg,en,Overwatch 2,[!DROPS ENABLED] SEASON 16 AND STADIUM LIVE NOW !gamersupps,"['English', 'DropsEnabled']",[],False
154,2025-04-23 09:03,Oatley,en,Fortnite,"FNCS GRAND FINALS SCRIMS | Code ""Oatley"" #ad | !socials !youtube !grands","['FamilyFriendly', 'Fortnite', 'BattleRoyale', 'Multiplayer', 'Action', 'Competitive', 'Professional', 'Positivity', 'PC', 'English']",[],False
154,2025-04-23 09:03,TenZ,en,IRL,a little IRL to grab some ramen🍜,"['English', 'Anime', 'FPS', 'tenz']",[],False
154,2025-04-23 09:03,Andruwu,en,VALORANT,🔥RADIANT RANKED GRIND WITH PHOENIX ONLY🔥!opera,"['FPS', 'English', 'Positivity', 'PhoenixEnjoyer', 'buystuff', 'kaching', 'progamer']",[],False
154,2025-04-23 09:03,lol_nemesis,en,League of Legends,40 LP TO CHALLENGER - PUMMEL PARTY WITH LOS RATONES  !patreon !nordvpn !discord,['English'],[],False
154,2025-04-23 09:03,LCK,en,League of Legends,DRX vs KT - NS vs BFX | 2025 LCK Round 1,"['Esports', 'English', 'DropsEnabled']",[],False
154,2025-04-23 09:03,Rekkles,en,League of Legends,🔴 LOS RATONES SUPPORT → PUMMEL PARTY WITH THE BOYS AT 14:30 CEST 🔴,['English'],[],False
155,2025-04-23 09:24,thefreddymc,en,Minecraft,👽 SUB 27:00 YAPRUNS 👽 PB: 27:57 Posted on  !YouTube 👽 $250 Fan Art Contest !fanart 👽 !Discord 👽 !pb,['English'],[],False
155,2025-04-23 09:24,August,en,Overwatch 2,🔴[!DROPS ON]🔴SEASON 16 GAMING! JUNO MYTHIC! STADIUM! HERO BANS! NEW SKINS! SUPPORTING! WOOOHOOOO!,"['Kiriko', 'Support', 'ADHD', 'Anime', 'Top500', 'English', 'Ana', 'Juno', 'DropsEnabled']",[],False
155,2025-04-23 09:24,Necros,en,Marvel Rivals,[!DROPS ENABLED] APPARENTLY I'M CANCELLED ON TIKTOK SADGE !tierlist,"['English', 'spiderman', 'blackpanther', 'DropsEnabled']",[],False
155,2025-04-23 09:24,Emongg,en,Overwatch 2,[!DROPS ENABLED] SEASON 16 AND STADIUM LIVE NOW !gamersupps,"['English', 'DropsEnabled']",[],False
155,2025-04-23 09:24,Andruwu,en,VALORANT,🔥RADIANT RANKED GRIND WITH PHOENIX ONLY🔥!opera,"['FPS', 'English', 'Positivity', 'PhoenixEnjoyer', 'buystuff', 'kaching', 'progamer']",[],False
155,2025-04-23 09:24,botjayttv,en,ROBLOX,✬ PS99 | BGSI ✬ MVP Chest is King ✪ Offical Partner ✪,"['English', 'Deutsch', 'botjaytv', 'RudeStreamer', 'petsimulator99', 'honestman']",[],False
155,2025-04-23 09:24,KiwiCaster,en,ROBLOX,Fisch - Please Join the Discord! !discord,"['Playing', 'With', 'Viewers', 'Giveaway', 'Fisch', 'English']",[],False
155,2025-04-23 09:24,Merge4,en,Minecraft,| Donut SMP | rating bases | yo yo yo,"['English', 'jointhestream', 'chill', 'DonutSMP']",[],False
155,2025-04-23 09:24,dabbin_boi,en,ROBLOX,<3 UN0 ON TOP <3 PS99 -HOURLY GW- -PARTNER GRIND-,"['English', 'gaming', 'chillingstream', 'ps99', 'petsim99', 'petsimulator99']",[],False
156,2025-04-23 16:01,thefreddymc,en,Minecraft,👽 SUB 27:00 YAPRUNS 👽 PB: 27:47 Posted on  !YouTube 👽 $250 Fan Art Contest !fanart 👽 !Discord 👽 !pb,['English'],[],False
156,2025-04-23 16:01,AussieAntics,en,Fortnite,🏆 WATCHING FNCS LAST CHANCE 🏆!GIVEAWAY,['English'],[],False
156,2025-04-23 16:01,Lightn1ngbolt_,en,Marvel Rivals,RANK #1 HAWKEYE/BLACK WIDOW in the WORLD🏹🔥[DROPS ON!! ] ✅,"['gym', 'anime', 'AMA', 'English', 'Português', 'marvelrivals', 'Hawkeye', 'giveaway', 'blackwidow', 'DropsEnabled']",[],False
156,2025-04-23 16:02,August,en,Overwatch 2,🔴[!DROPS ON]🔴SEASON 16 GAMING! JUNO MYTHIC! STADIUM! HERO BANS! NEW SKINS! SUPPORTING! WOOOHOOOO!,"['Kiriko', 'Support', 'ADHD', 'Anime', 'Top500', 'English', 'Ana', 'Juno', 'DropsEnabled']",[],False
156,2025-04-23 16:02,Arguz11,en,ROBLOX,FREE ROBUX ON PLS DONATE! Commands on screen!,"['giveaway', 'playingwithviewers', 'roblox', 'plsdonate', 'bloxfruit', 'English', 'Rerun', 'Albion', 'mammoth', 'Silver']",[],False
156,2025-04-23 16:02,Emongg,en,Overwatch 2,[!DROPS ENABLED] SEASON 16 AND STADIUM LIVE NOW !gamersupps,"['English', 'DropsEnabled']",[],False
156,2025-04-23 16:02,levi_thomas_evans,en,EA Sports FC 25,🔥BARCELONA MANAGER CAREER 🔥,"['English', 'fc25', 'footballmanager', 'fc25careermode']",[],False
156,2025-04-23 16:02,AnthonyDayTV,en,EA Sports FC 25,"🔷 TOTS IS NEARLY HERE!! 🔷 THE FIFA GOD IS BACK!! 🟡🔵 RIVALS, PACKS, SBCS AND 1V1 SUBS!! 🔵🟡 | !YT !Sub !Prime !TikTok !Merch","['uk', 'English', 'playingwithviewers', 'EASportsFC', 'FC25', 'FUTChampions', 'TeamOfTheSeason', 'TOTS', 'UltimateTeam']",[],False
156,2025-04-23 16:02,AuzioMF,en,EA Sports FC 25,LIGUE 1 TOTS WAITING ROOM! 🚨 !433 !prime !tts @AuzioMF,['English'],[],False
157,2025-04-23 16:14,thefreddymc,en,Minecraft,👽 SUB 27:00 YAPRUNS 👽 PB: 27:47 Posted on  !YouTube 👽 $250 Fan Art Contest !fanart 👽 !Discord 👽 !pb,['English'],[],False
157,2025-04-23 16:14,AussieAntics,en,Fortnite,🏆 WATCHING FNCS LAST CHANCE 🏆!GIVEAWAY,['English'],[],False
157,2025-04-23 16:14,Lightn1ngbolt_,en,Marvel Rivals,RANK #1 HAWKEYE/BLACK WIDOW in the WORLD🏹🔥[DROPS ON!! ] ✅,"['gym', 'anime', 'AMA', 'English', 'Português', 'marvelrivals', 'Hawkeye', 'giveaway', 'blackwidow', 'DropsEnabled']",[],False
157,2025-04-23 16:14,Linkzzey,en,Minecraft,"🔴Hardcore 46,400+Days|4+Years|11,500+Hours !worldtour","['LetsPlay', 'English', 'Hardcore', 'RPG', 'Permadeath', 'SurvivaI', 'chill', 'hardcoreminecraft', 'FamilyFrendly']",[],False
157,2025-04-23 16:14,Arguz11,en,ROBLOX,FREE ROBUX ON PLS DONATE! Commands on screen!,"['giveaway', 'playingwithviewers', 'roblox', 'plsdonate', 'bloxfruit', 'English', 'Rerun', 'Albion', 'mammoth', 'Silver']",[],False
157,2025-04-23 16:14,JaayMC,en,Minecraft,🌎 Minecraft Survival (Building a Castle!) | 🌠 Partner Grind Streamathon (Day 23) 🌈 how are you?! | !join !partner,"['Survival', 'LGBTQ', 'SafeSpace', 'Cape', 'Drops', 'PlayingWithViewers', 'Chill', 'SMP', 'subathon', 'Minecraft']",[],False
157,2025-04-23 16:14,Aspen,en,Overwatch 2,"[!DROPS] NEW SEASON!! JUNO MYTHIC, STADIUM, HERO BANS, OH MY !pobox","['English', 'DropsEnabled']",[],False
157,2025-04-23 16:14,mL7support,en,Overwatch 2,🔴 !DROPS ON 🔴 FREJA & STADIUM LIVE 🔴 CHECK OUT THE NEW !247 CHANNEL 🔴 !VIDEO !SOCIALS 🔴,"['English', 'gaming', 'Overｗatch2', 'SupportMain', 'DropsEnabled']",[],False
157,2025-04-23 16:14,vulture_ow,en,Overwatch 2,[!DROPS] 24 HOUR STREAM | NEW SEASON GRINDING !discord !newvid !giveawaywinner !score !cell !bigfan,"['English', 'Competitive', 'fps', 'junkrat', 'SewerRat', 'overwatch', 'hashtagawesome', 'DropsEnabled']",[],False
158,2025-04-23 20:02,thefreddymc,en,Minecraft,👽 SUB 27:00 YAPRUNS 👽 PB: 27:47 Posted on  !YouTube 👽 $250 Fan Art Contest !fanart 👽 !Discord 👽 !pb,['English'],[],False
158,2025-04-23 20:02,DrDonutttttt,en,Minecraft,,"['English', 'smp', 'DonutSMP', 'drdonut', 'crystalpvp', 'pvp', 'cpvp', 'survival', 'minecraft', 'server']",[],False
158,2025-04-23 20:02,AussieAntics,en,Fortnite,WATCHING NA FNCS LAST CHANCE 🏆!GIVEAWAY,['English'],[],False
158,2025-04-23 20:02,Arguz11,en,ROBLOX,FREE ROBUX ON PLS DONATE! Commands on screen!,"['giveaway', 'playingwithviewers', 'roblox', 'plsdonate', 'bloxfruit', 'English', 'Rerun', 'Albion', 'mammoth', 'Silver']",[],False
158,2025-04-23 20:02,Linkzzey,en,Minecraft,"🔴Hardcore 46,400+Days|4+Years|11,500+Hours !worldtour","['LetsPlay', 'English', 'Hardcore', 'RPG', 'Permadeath', 'SurvivaI', 'chill', 'hardcoreminecraft', 'FamilyFrendly']",[],False
158,2025-04-23 20:03,FroggerOW,en,Overwatch 2,[DROPS ON!] OVERWATCH 2 SEASON 16 HYPE STADIUM!!!,"['Australian', 'English', 'DropsEnabled']",[],False
158,2025-04-23 20:03,SloppyWalrusX,en,League of Legends,Today We Get Grandmaster On Korea😎,"['Gragas', 'BombaGuy', 'EUW', 'English']",[],False
158,2025-04-23 20:03,velja_lol,en,League of Legends,LR VELJA - SOLOQ GRIND !operagx !200subs !youtube 113/365,"['LeagueOfLegends', 'challenger', 'English']",[],False
158,2025-04-23 20:03,KatEvolved,en,League of Legends,🔴#1 KATARINA WORLD🔴2x RANK 1 NA🔴4x KR CHALLENGER🔴,"['ADHD', 'Vtuber', 'MANIC', 'Psychosis', 'English', 'GODCOMPLEX', 'Femboy', 'Furry', 'Gaslighting', 'Manipulator']",[],False
159,2025-04-23 20:22,DrDonutttttt,en,Minecraft,,"['English', 'smp', 'DonutSMP', 'drdonut', 'crystalpvp', 'pvp', 'cpvp', 'survival', 'minecraft', 'server']",[],False
159,2025-04-23 20:22,AussieAntics,en,Fortnite,WATCHING NA FNCS LAST CHANCE 🏆!GIVEAWAY,['English'],[],False
159,2025-04-23 20:23,Arguz11,en,ROBLOX,FREE ROBUX ON PLS DONATE! Commands on screen!,"['giveaway', 'playingwithviewers', 'roblox', 'plsdonate', 'bloxfruit', 'English', 'Rerun', 'Albion', 'mammoth', 'Silver']",[],False
159,2025-04-23 20:23,Linkzzey,en,Minecraft,"🔴Hardcore 46,400+Days|4+Years|11,500+Hours !worldtour","['LetsPlay', 'English', 'Hardcore', 'RPG', 'Permadeath', 'SurvivaI', 'chill', 'hardcoreminecraft', 'FamilyFrendly']",[],False
159,2025-04-23 20:23,JaayMC,en,Minecraft,🌎 Minecraft Survival (Building a Castle!) | 🌠 Partner Grind Streamathon (Day 23) 🌈 how are you?! | !join !partner,"['Survival', 'LGBTQ', 'SafeSpace', 'Cape', 'Drops', 'PlayingWithViewers', 'Chill', 'SMP', 'subathon', 'Minecraft']",[],False
159,2025-04-23 20:23,vadriss,en,Grand Theft Auto V,Day 23 of UNCAPPED Birthday SUBATHON | Partner Anniversary | !PNS !merch !subathon !goals #Ad #Sponsorship,"['English', 'Gay', 'femboy', 'LGBTQ', 'twitchprideguild']",['MatureGame'],False
159,2025-04-23 20:23,Risshella,en,Minecraft,minecwaft w/ @ront_tv | !youtube !merch,"['ClosedCaptions', 'Bisexual', 'Neurodivergent', 'GoblinQueen', 'Purple', 'LGBTQIAPlus', 'English', 'FamilyFriendly', 'AuDHD', 'simulationgames']",[],False
159,2025-04-23 20:23,Essemelle,en,The Sims 4,Boba Tea: Brown Sugar ✨🤎 let's get married 🤠 | !boba !cc !discord ツ♡,"['Jamaican', 'Trinidadian', 'English', 'Storytelling', 'Black', 'blacksimmer', 'Cozy', 'Chatty']",['ProfanityVulgarity'],False
160,2025-04-23 20:44,DrDonutttttt,en,Minecraft,,"['English', 'smp', 'DonutSMP', 'drdonut', 'crystalpvp', 'pvp', 'cpvp', 'survival', 'minecraft', 'server']",[],False
160,2025-04-23 20:44,AussieAntics,en,Fortnite,WATCHING NA FNCS LAST CHANCE 🏆!GIVEAWAY,['English'],[],False
160,2025-04-23 20:45,Arguz11,en,ROBLOX,FREE ROBUX ON PLS DONATE! Commands on screen!,"['giveaway', 'playingwithviewers', 'roblox', 'plsdonate', 'bloxfruit', 'English', 'Rerun', 'Albion', 'mammoth', 'Silver']",[],False
160,2025-04-23 20:45,Linkzzey,en,Minecraft,"🔴Hardcore 46,400+Days|4+Years|11,500+Hours !worldtour","['LetsPlay', 'English', 'Hardcore', 'RPG', 'Permadeath', 'SurvivaI', 'chill', 'hardcoreminecraft', 'FamilyFrendly']",[],False
160,2025-04-23 20:45,JaayMC,en,Minecraft,🌎 Minecraft Survival (Building a Castle!) | 🌠 Partner Grind Streamathon (Day 23) 🌈 how are you?! | !join !partner,"['Survival', 'LGBTQ', 'SafeSpace', 'Cape', 'Drops', 'PlayingWithViewers', 'Chill', 'SMP', 'subathon', 'Minecraft']",[],False
160,2025-04-23 20:45,vadriss,en,Grand Theft Auto V,Day 23 of UNCAPPED Birthday SUBATHON | Partner Anniversary | !PNS !merch !subathon !goals #Ad #Sponsorship,"['English', 'Gay', 'femboy', 'LGBTQ', 'twitchprideguild']",['MatureGame'],False
160,2025-04-23 20:45,cricoccia3,it,EA Sports FC 25,"🎁 NUOVI PICK PARTY BAG 89+ & EVO TD DA CONCATENARE // PICK ICON, 14 83+ E RIVALS SUL SECONDARIO + MENU STREAM REACTION 🔥 !drop !prime",['Italiano'],[],False
160,2025-04-23 20:45,craazyseven,it,EA Sports FC 25,🔵 ORA TORNEO PLAYSTATION DA 1000 FC POINTS 🔵 ULTIMI PUNTI RIVALS & NUOVA EVO TD/CDC 🔵 @craazyseven !sub !prime !social,['Italiano'],[],False
160,2025-04-23 20:45,AssodiRoma_Official,it,Sports,PROPRIETÀ INESISTENTE! SIAMO LA SUCCURSALE DEGLI INGLESI! STASERA BALCONATA ROMANA! !prime !sub !instagram !youtube,['Italiano'],[],False
161,2025-04-23 21:05,DrDonutttttt,en,Minecraft,,"['English', 'smp', 'DonutSMP', 'drdonut', 'crystalpvp', 'pvp', 'cpvp', 'survival', 'minecraft', 'server']",[],False
161,2025-04-23 21:05,AussieAntics,en,Fortnite,WATCHING NA FNCS LAST CHANCE 🏆!GIVEAWAY,['English'],[],False
161,2025-04-23 21:05,Arguz11,en,ROBLOX,FREE ROBUX ON PLS DONATE! Commands on screen!,"['giveaway', 'playingwithviewers', 'roblox', 'plsdonate', 'bloxfruit', 'English', 'Rerun', 'Albion', 'mammoth', 'Silver']",[],False
161,2025-04-23 21:05,Linkzzey,en,Minecraft,"🔴Hardcore 46,400+Days|4+Years|11,500+Hours !worldtour","['LetsPlay', 'English', 'Hardcore', 'RPG', 'Permadeath', 'SurvivaI', 'chill', 'hardcoreminecraft', 'FamilyFrendly']",[],False
161,2025-04-23 21:05,JaayMC,en,Minecraft,🌎 Minecraft Survival (Building a Castle!) | 🌠 Partner Grind Streamathon (Day 23) 🌈 how are you?! | !join !partner,"['Survival', 'LGBTQ', 'SafeSpace', 'Cape', 'Drops', 'PlayingWithViewers', 'Chill', 'SMP', 'subathon', 'Minecraft']",[],False
161,2025-04-23 21:05,vadriss,en,Grand Theft Auto V,Day 23 of UNCAPPED Birthday SUBATHON | Partner Anniversary | !PNS !merch !subathon !goals #Ad #Sponsorship,"['English', 'Gay', 'femboy', 'LGBTQ', 'twitchprideguild']",['MatureGame'],False
161,2025-04-23 21:05,SypherPKVODS,en,Fortnite,OFFICIAL 24/7 SYPHERPK CHANNEL,"['English', 'Rerun']",[],False
161,2025-04-23 21:05,NickEh30_VODs,en,Fortnite,Official 24/7 NickEh30 Fortnite Stream,"['Canadian', 'Positivity', 'BattleRoyale', 'PC', 'FamilyFriendly', 'Multiplayer', 'PVP', 'PlayingWithViewers', 'NickEh30', 'English']",[],False
161,2025-04-23 21:05,Ninja,en,Just Chatting,Talking sports and vibing and stuff | Blevins bros sports show | Jesus is king and has risen! happy easter,"['English', 'Ninja', 'BattleRoyale', 'Chapter6', 'YouKnowWhatsCrazy', 'LowTaperFade', 'ItsMassive', 'StillDraggingIt', 'SaveYourSkin']",[],False
162,2025-04-23 21:18,DrDonutttttt,en,Minecraft,,"['English', 'smp', 'DonutSMP', 'drdonut', 'crystalpvp', 'pvp', 'cpvp', 'survival', 'minecraft', 'server']",[],False
162,2025-04-23 21:18,AussieAntics,en,Fortnite,WATCHING NA FNCS LAST CHANCE 🏆!GIVEAWAY,['English'],[],False
162,2025-04-23 21:18,Arguz11,en,ROBLOX,FREE ROBUX ON PLS DONATE! Commands on screen!,"['giveaway', 'playingwithviewers', 'roblox', 'plsdonate', 'bloxfruit', 'English', 'Rerun', 'Albion', 'mammoth', 'Silver']",[],False
162,2025-04-23 21:18,Linkzzey,en,Minecraft,"🔴Hardcore 46,400+Days|4+Years|11,500+Hours !worldtour","['LetsPlay', 'English', 'Hardcore', 'RPG', 'Permadeath', 'SurvivaI', 'chill', 'hardcoreminecraft', 'FamilyFrendly']",[],False
162,2025-04-23 21:18,JaayMC,en,Minecraft,🌎 Minecraft Survival (Building a Castle!) | 🌠 Partner Grind Streamathon (Day 23) 🌈 how are you?! | !join !partner,"['Survival', 'LGBTQ', 'SafeSpace', 'Cape', 'Drops', 'PlayingWithViewers', 'Chill', 'SMP', 'subathon', 'Minecraft']",[],False
162,2025-04-23 21:18,adilswrld,en,VALORANT,😁Stop Calling Me Mooda Clone😁 TTS IS ENABLED 😁 !discord !socials,"['English', 'ADHD', 'silly', 'LOUD', 'valorant']",[],False
162,2025-04-23 21:18,ArrowCS,en,Counter-Strike,🔴SOLO Q TO 20K ELO🔴NA CS'S LAST HOPE🔴,['English'],['MatureGame'],False
162,2025-04-23 21:18,flusha,en,Counter-Strike,Playing until i crash out v2.2. - 3.9k ELO - 30s delay - !dm,"['English', 'swedish', 'faceit', 'aimlock']",['MatureGame'],True
162,2025-04-23 21:18,KEROVSKI,en,Counter-Strike,WE PLAY SOME - God bless!,"['ez', 'English', 'Serbian', 'lvl10faceit', 'lvl10', 'CS2']",['MatureGame'],False
