2025-04-24 16:45:12 - INFO - Agendamento iniciado. Aguardando próxima execução...
2025-04-24 16:45:12 - INFO - ====== WebDriver manager ======
2025-04-24 16:45:13 - INFO - Get LATEST chromedriver version for google-chrome
2025-04-24 16:45:13 - INFO - Get LATEST chromedriver version for google-chrome
2025-04-24 16:45:14 - INFO - There is no [linux64] chromedriver "135.0.7049.114" for browser google-chrome "135.0.7049" in cache
2025-04-24 16:45:14 - INFO - Get LATEST chromedriver version for google-chrome
2025-04-24 16:45:16 - INFO - WebDriver version 135.0.7049.114 selected
2025-04-24 16:45:16 - INFO - Modern chrome version https://storage.googleapis.com/chrome-for-testing-public/135.0.7049.114/linux64/chromedriver-linux64.zip
2025-04-24 16:45:16 - INFO - About to download new driver from https://storage.googleapis.com/chrome-for-testing-public/135.0.7049.114/linux64/chromedriver-linux64.zip
2025-04-24 16:45:17 - INFO - Driver downloading response is 200
2025-04-24 16:45:18 - INFO - Get LATEST chromedriver version for google-chrome
2025-04-24 16:45:19 - INFO - Driver has been saved in cache [/home/locus/.wdm/drivers/chromedriver/linux64/135.0.7049.114]
2025-04-24 16:45:19 - ERROR - Erro ao iniciar o WebDriver: Message: session not created
from unknown error: cannot create default profile directory
Stacktrace:
#0 0x60bd0c1fa75a <unknown>
#1 0x60bd0bcad4b0 <unknown>
#2 0x60bd0bceb8cd <unknown>
#3 0x60bd0bce567a <unknown>
#4 0x60bd0bce2ccf <unknown>
#5 0x60bd0bd32f0e <unknown>
#6 0x60bd0bd32436 <unknown>
#7 0x60bd0bd24363 <unknown>
#8 0x60bd0bcf0d63 <unknown>
#9 0x60bd0bcf19c1 <unknown>
#10 0x60bd0c1bfa6b <unknown>
#11 0x60bd0c1c3951 <unknown>
#12 0x60bd0c1a7b62 <unknown>
#13 0x60bd0c1c44c4 <unknown>
#14 0x60bd0c18c13f <unknown>
#15 0x60bd0c1e86f8 <unknown>
#16 0x60bd0c1e88d6 <unknown>
#17 0x60bd0c1f95a6 <unknown>
#18 0x769fe62a1e2e <unknown>
#19 0x769fe6333a4c <unknown>

2025-04-24 16:45:19 - INFO - Tentando iniciar o Chrome novamente...
2025-04-24 16:45:29 - INFO - ====== WebDriver manager ======
2025-04-24 16:45:29 - INFO - Get LATEST chromedriver version for google-chrome
2025-04-24 16:45:30 - INFO - Get LATEST chromedriver version for google-chrome
2025-04-24 16:45:30 - INFO - Driver [/home/locus/.wdm/drivers/chromedriver/linux64/135.0.7049.114/chromedriver-linux64/chromedriver] found in cache
2025-04-24 16:45:30 - ERROR - Erro ao reiniciar o WebDriver: Message: session not created
from unknown error: cannot create default profile directory
Stacktrace:
#0 0x5bdf5a21e75a <unknown>
#1 0x5bdf59cd14b0 <unknown>
#2 0x5bdf59d0f8cd <unknown>
#3 0x5bdf59d0967a <unknown>
#4 0x5bdf59d06ccf <unknown>
#5 0x5bdf59d56f0e <unknown>
#6 0x5bdf59d56436 <unknown>
#7 0x5bdf59d48363 <unknown>
#8 0x5bdf59d14d63 <unknown>
#9 0x5bdf59d159c1 <unknown>
#10 0x5bdf5a1e3a6b <unknown>
#11 0x5bdf5a1e7951 <unknown>
#12 0x5bdf5a1cbb62 <unknown>
#13 0x5bdf5a1e84c4 <unknown>
#14 0x5bdf5a1b013f <unknown>
#15 0x5bdf5a20c6f8 <unknown>
#16 0x5bdf5a20c8d6 <unknown>
#17 0x5bdf5a21d5a6 <unknown>
#18 0x772ddfca1e2e <unknown>
#19 0x772ddfd33a4c <unknown>

2025-04-24 16:48:06 - INFO - Agendamento iniciado. Aguardando próxima execução...
2025-04-24 16:48:06 - INFO - ====== WebDriver manager ======
2025-04-24 16:48:06 - INFO - Get LATEST chromedriver version for google-chrome
2025-04-24 16:48:07 - INFO - Get LATEST chromedriver version for google-chrome
2025-04-24 16:48:07 - INFO - Driver [/home/locus/.wdm/drivers/chromedriver/linux64/135.0.7049.114/chromedriver-linux64/chromedriver] found in cache
2025-04-24 16:49:33 - INFO - Iniciando treino...
2025-04-24 16:49:33 - INFO - Realizando 3 buscas nessa sessão
2025-04-24 16:49:33 - INFO - Jogo escolhido: overwatch-2
2025-04-24 16:49:36 - WARNING - Retrying (Retry(total=2, connect=None, read=None, redirect=None, status=None)) after connection broken by 'NewConnectionError('<urllib3.connection.HTTPConnection object at 0x7537884e72b0>: Failed to establish a new connection: [Errno 111] Connection refused')': /session/fe86513b45cf0123c04c7677fd601abe/element
2025-04-24 16:49:36 - WARNING - Retrying (Retry(total=1, connect=None, read=None, redirect=None, status=None)) after connection broken by 'NewConnectionError('<urllib3.connection.HTTPConnection object at 0x7537884e4e20>: Failed to establish a new connection: [Errno 111] Connection refused')': /session/fe86513b45cf0123c04c7677fd601abe/element
2025-04-24 16:49:36 - WARNING - Retrying (Retry(total=0, connect=None, read=None, redirect=None, status=None)) after connection broken by 'NewConnectionError('<urllib3.connection.HTTPConnection object at 0x7537884e54b0>: Failed to establish a new connection: [Errno 111] Connection refused')': /session/fe86513b45cf0123c04c7677fd601abe/element
2025-04-24 16:49:36 - ERROR - Erro durante o treino: HTTPConnectionPool(host='localhost', port=33383): Max retries exceeded with url: /session/fe86513b45cf0123c04c7677fd601abe/element (Caused by NewConnectionError('<urllib3.connection.HTTPConnection object at 0x7537884e7c40>: Failed to establish a new connection: [Errno 111] Connection refused'))
2025-04-24 16:49:38 - WARNING - Retrying (Retry(total=2, connect=None, read=None, redirect=None, status=None)) after connection broken by 'NewConnectionError('<urllib3.connection.HTTPConnection object at 0x7537884e7d00>: Failed to establish a new connection: [Errno 111] Connection refused')': /session/fe86513b45cf0123c04c7677fd601abe
2025-04-24 16:49:38 - WARNING - Retrying (Retry(total=1, connect=None, read=None, redirect=None, status=None)) after connection broken by 'NewConnectionError('<urllib3.connection.HTTPConnection object at 0x7537884e7970>: Failed to establish a new connection: [Errno 111] Connection refused')': /session/fe86513b45cf0123c04c7677fd601abe
2025-04-24 16:49:38 - WARNING - Retrying (Retry(total=0, connect=None, read=None, redirect=None, status=None)) after connection broken by 'NewConnectionError('<urllib3.connection.HTTPConnection object at 0x7537884e5f30>: Failed to establish a new connection: [Errno 111] Connection refused')': /session/fe86513b45cf0123c04c7677fd601abe
2025-04-24 16:53:12 - INFO - Agendamento iniciado. Aguardando próxima execução...
2025-04-24 16:53:12 - INFO - ====== WebDriver manager ======
2025-04-24 16:53:13 - INFO - Get LATEST chromedriver version for google-chrome
2025-04-24 16:53:13 - INFO - Get LATEST chromedriver version for google-chrome
2025-04-24 16:53:14 - INFO - Driver [/home/locus/.wdm/drivers/chromedriver/linux64/135.0.7049.114/chromedriver-linux64/chromedriver] found in cache
2025-04-24 16:54:27 - INFO - Iniciando treino...
2025-04-24 16:54:27 - INFO - Realizando 4 buscas nessa sessão
2025-04-24 16:54:27 - INFO - Jogo escolhido: valorant
2025-04-24 16:55:45 - INFO - Agendamento iniciado. Aguardando próxima execução...
2025-04-24 16:55:45 - INFO - ====== WebDriver manager ======
2025-04-24 16:55:45 - INFO - Get LATEST chromedriver version for google-chrome
2025-04-24 16:55:45 - INFO - Get LATEST chromedriver version for google-chrome
2025-04-24 16:55:46 - INFO - Driver [/home/locus/.wdm/drivers/chromedriver/linux64/135.0.7049.114/chromedriver-linux64/chromedriver] found in cache
2025-04-24 16:57:30 - INFO - Iniciando treino...
2025-04-24 16:57:30 - INFO - Realizando 4 buscas nessa sessão
2025-04-24 16:57:30 - INFO - Jogo escolhido: roblox
2025-04-24 16:58:02 - INFO - Assistindo Happy Thursday everyone! Let's VIBE! <3 ♡ Insta: @beaplays | (24.04.25)
beaplays
British
Female
lgbtqia
Queer
LIVE
298 viewers por 896 segundos
2025-04-24 16:58:27 - INFO - Canais Recomendados atualmente:
2025-04-24 16:58:27 - INFO - Canal Recomendado 0: auziomf (https://www.twitch.tv/auziomf)
2025-04-24 16:58:32 - INFO - Canal Recomendado 1: bushcampdad (https://www.twitch.tv/bushcampdad)
2025-04-24 16:58:36 - INFO - Canal Recomendado 2: aspen (https://www.twitch.tv/aspen)
2025-04-24 16:58:41 - INFO - Canal Recomendado 3: clownpierce (https://www.twitch.tv/clownpierce)
2025-04-24 16:58:46 - INFO - Canal Recomendado 4: emongg (https://www.twitch.tv/emongg)
2025-04-24 16:58:50 - INFO - Canal Recomendado 5: cowfee (https://www.twitch.tv/cowfee)
2025-04-24 16:58:55 - INFO - Canal Recomendado 6: eleyzhau (https://www.twitch.tv/eleyzhau)
2025-04-24 16:59:00 - INFO - Canal Recomendado 7: p4perback (https://www.twitch.tv/p4perback)
2025-04-24 16:59:04 - INFO - Canal Recomendado 8: bradenrds (https://www.twitch.tv/bradenrds)
2025-04-24 16:59:14 - INFO - Successfully logged onto Twitch WS: subze2004
2025-04-24 17:14:08 - INFO - Coletado chat do canal beaplays por 896 segundos
2025-04-24 17:14:08 - INFO - Tempo de visualização encerrado, busca 1 de 4 encerrada
2025-04-24 17:14:08 - INFO - Jogo escolhido: the-sims-4
2025-04-24 17:14:54 - ERROR - Erro ao recuperar canais na busca por the-sims-4
2025-04-24 17:14:54 - INFO - Jogo escolhido: fortnite
2025-04-24 17:15:28 - INFO - Assistindo 🔴 WATCHING EU GRAND FINALS SCRIMS 🔴
CoachBoop
Analyst
ViewingParty
Boop
LIVE
2.3K viewers por 1016 segundos
2025-04-24 17:15:54 - INFO - Canais Recomendados atualmente:
2025-04-24 17:15:54 - INFO - Canal Recomendado 0: bushcampdad (https://www.twitch.tv/bushcampdad)
2025-04-24 17:15:59 - INFO - Canal Recomendado 1: dantes (https://www.twitch.tv/dantes)
2025-04-24 17:16:03 - INFO - Canal Recomendado 2: cowfee (https://www.twitch.tv/cowfee)
2025-04-24 17:16:08 - INFO - Canal Recomendado 3: sypherpk (https://www.twitch.tv/sypherpk)
2025-04-24 17:16:12 - INFO - Canal Recomendado 4: yuzjo (https://www.twitch.tv/yuzjo)
2025-04-24 17:16:17 - INFO - Canal Recomendado 5: aspen (https://www.twitch.tv/aspen)
2025-04-24 17:16:22 - INFO - Canal Recomendado 6: kxrr0 (https://www.twitch.tv/kxrr0)
2025-04-24 17:16:27 - INFO - Canal Recomendado 7: destinysjesus (https://www.twitch.tv/destinysjesus)
2025-04-24 17:16:31 - INFO - Canal Recomendado 8: acebuca_ (https://www.twitch.tv/acebuca_)
2025-04-24 17:16:41 - INFO - Successfully logged onto Twitch WS: subze2004
2025-04-24 17:33:35 - INFO - Coletado chat do canal coachboop por 1016 segundos
2025-04-24 17:33:35 - INFO - Tempo de visualização encerrado, busca 3 de 4 encerrada
2025-04-24 17:33:35 - INFO - Jogo escolhido: valorant
2025-04-24 17:34:18 - INFO - Assistindo v a l o r a n t (multi-streaming on youtube)
Valkyrae
English
LIVE
5K viewers por 779 segundos
2025-04-24 17:34:42 - INFO - Canais Recomendados atualmente:
2025-04-24 17:34:42 - INFO - Canal Recomendado 0: sypherpk (https://www.twitch.tv/sypherpk)
2025-04-24 17:34:49 - INFO - Canal Recomendado 1: bushcampdad (https://www.twitch.tv/bushcampdad)
2025-04-24 17:34:55 - INFO - Canal Recomendado 2: devin_caherly (https://www.twitch.tv/devin_caherly)
2025-04-24 17:35:01 - INFO - Canal Recomendado 3: emongg (https://www.twitch.tv/emongg)
2025-04-24 17:35:07 - INFO - Canal Recomendado 4: clownpierce (https://www.twitch.tv/clownpierce)
2025-04-24 17:35:14 - INFO - Canal Recomendado 5: apexdabi (https://www.twitch.tv/apexdabi)
2025-04-24 17:35:20 - INFO - Canal Recomendado 6: xchocobars (https://www.twitch.tv/xchocobars)
2025-04-24 17:35:26 - INFO - Canal Recomendado 7: lilypichu (https://www.twitch.tv/lilypichu)
2025-04-24 17:35:32 - INFO - Canal Recomendado 8: itsryanhiga (https://www.twitch.tv/itsryanhiga)
2025-04-24 17:35:45 - INFO - Successfully logged onto Twitch WS: subze2004
2025-04-24 17:48:41 - INFO - Coletado chat do canal valkyrae por 779 segundos
2025-04-24 17:48:41 - INFO - Tempo de visualização encerrado, busca 4 de 4 encerrada
2025-04-24 17:48:41 - INFO - Treino concluído com sucesso.
2025-04-24 20:00:50 - INFO - ====== WebDriver manager ======
2025-04-24 20:00:50 - INFO - Get LATEST chromedriver version for google-chrome
2025-04-24 20:00:51 - INFO - Get LATEST chromedriver version for google-chrome
2025-04-24 20:00:51 - INFO - Driver [/home/locus/.wdm/drivers/chromedriver/linux64/135.0.7049.114/chromedriver-linux64/chromedriver] found in cache
2025-04-24 20:00:58 - INFO - Erro ao logar no Twitch ou Login já realizado
2025-04-24 20:00:59 - INFO - Iniciando treino...
2025-04-24 20:00:59 - INFO - Realizando 4 buscas nessa sessão
2025-04-24 20:00:59 - INFO - Jogo escolhido: the-sims-4
2025-04-24 20:01:33 - INFO - Assistindo NEW BUILD COLLAB: Gated Community Build 🏡🚗 | !shell !hey !cc !gshade
Simterior
English
Neurodivergent
Queer
LIVE
56 viewers por 972 segundos
2025-04-24 20:01:57 - INFO - Canais Recomendados atualmente:
2025-04-24 20:01:57 - INFO - Canal Recomendado 0: clix (https://www.twitch.tv/clix)
2025-04-24 20:02:02 - INFO - Canal Recomendado 1: sigy (https://www.twitch.tv/sigy)
2025-04-24 20:02:06 - INFO - Canal Recomendado 2: bushcampdad (https://www.twitch.tv/bushcampdad)
2025-04-24 20:02:11 - INFO - Canal Recomendado 3: drdonutttttt (https://www.twitch.tv/drdonutttttt)
2025-04-24 20:02:15 - INFO - Canal Recomendado 4: froggerow (https://www.twitch.tv/froggerow)
2025-04-24 20:02:20 - INFO - Canal Recomendado 5: apexdabi (https://www.twitch.tv/apexdabi)
2025-04-24 20:02:24 - INFO - Canal Recomendado 6: hannahnyxia (https://www.twitch.tv/hannahnyxia)
2025-04-24 20:02:29 - INFO - Canal Recomendado 7: dabney_mallory (https://www.twitch.tv/dabney_mallory)
2025-04-24 20:02:34 - INFO - Canal Recomendado 8: simsbyfinch (https://www.twitch.tv/simsbyfinch)
2025-04-24 20:02:44 - INFO - Successfully logged onto Twitch WS: subze2004
2025-04-24 20:18:54 - INFO - Coletado chat do canal simterior por 972 segundos
2025-04-24 20:18:54 - INFO - Tempo de visualização encerrado, busca 1 de 4 encerrada
2025-04-24 20:18:54 - INFO - Jogo escolhido: overwatch-2
2025-04-24 20:19:35 - INFO - Assistindo [DROPS] OMG CANT WAIT TO BAN A HERO | Follow socials --> @jay3
Jay3
FPS
DropsEnabled
Shooter
LIVE
2.2K viewers por 1162 segundos
2025-04-24 20:19:58 - INFO - Canais Recomendados atualmente:
2025-04-24 20:19:58 - INFO - Canal Recomendado 0: clix (https://www.twitch.tv/clix)
2025-04-24 20:20:03 - INFO - Canal Recomendado 1: drdonutttttt (https://www.twitch.tv/drdonutttttt)
2025-04-24 20:20:07 - INFO - Canal Recomendado 2: sigy (https://www.twitch.tv/sigy)
2025-04-24 20:20:12 - INFO - Canal Recomendado 3: apexdabi (https://www.twitch.tv/apexdabi)
2025-04-24 20:20:16 - INFO - Canal Recomendado 4: aspen (https://www.twitch.tv/aspen)
2025-04-24 20:20:21 - INFO - Canal Recomendado 5: clownpierce (https://www.twitch.tv/clownpierce)
2025-04-24 20:20:25 - INFO - Canal Recomendado 6: yuzjo (https://www.twitch.tv/yuzjo)
2025-04-24 20:20:30 - INFO - Canal Recomendado 7: kephrii (https://www.twitch.tv/kephrii)
2025-04-24 20:20:35 - INFO - Canal Recomendado 8: flats (https://www.twitch.tv/flats)
2025-04-24 20:20:44 - INFO - Successfully logged onto Twitch WS: subze2004
2025-04-24 20:40:04 - INFO - Coletado chat do canal jay3 por 1162 segundos
2025-04-24 20:40:04 - INFO - Tempo de visualização encerrado, busca 2 de 4 encerrada
2025-04-24 20:40:04 - INFO - Jogo escolhido: roblox
2025-04-24 20:40:43 - INFO - Assistindo roblox
pedraza0071
English
roblox
robloxgames
LIVE
145 viewers por 646 segundos
2025-04-24 20:41:09 - INFO - Canais Recomendados atualmente:
2025-04-24 20:41:09 - INFO - Canal Recomendado 0: clix (https://www.twitch.tv/clix)
2025-04-24 20:41:14 - INFO - Canal Recomendado 1: sigy (https://www.twitch.tv/sigy)
2025-04-24 20:41:19 - INFO - Canal Recomendado 2: froggerow (https://www.twitch.tv/froggerow)
2025-04-24 20:41:23 - INFO - Canal Recomendado 3: drdonutttttt (https://www.twitch.tv/drdonutttttt)
2025-04-24 20:41:28 - INFO - Canal Recomendado 4: apexdabi (https://www.twitch.tv/apexdabi)
2025-04-24 20:41:34 - INFO - Canal Recomendado 5: aspen (https://www.twitch.tv/aspen)
2025-04-24 20:41:39 - INFO - Canal Recomendado 6: smokvop (https://www.twitch.tv/smokvop)
2025-04-24 20:41:43 - INFO - Canal Recomendado 7: darealbean_3 (https://www.twitch.tv/darealbean_3)
2025-04-24 20:41:48 - INFO - Canal Recomendado 8: ryassan (https://www.twitch.tv/ryassan)
2025-04-24 20:41:58 - INFO - Successfully logged onto Twitch WS: subze2004
2025-04-24 20:52:42 - INFO - Coletado chat do canal pedraza0071 por 646 segundos
2025-04-24 20:52:42 - INFO - Tempo de visualização encerrado, busca 3 de 4 encerrada
2025-04-24 20:52:42 - INFO - Jogo escolhido: minecraft
2025-04-24 20:53:21 - INFO - Assistindo Silent, Rotten, Fatal... [P4PERSMP - EP5]
p4perback
comfort
british
roleplay
LIVE
838 viewers por 985 segundos
2025-04-24 20:53:42 - INFO - Canais Recomendados atualmente:
2025-04-24 20:53:42 - INFO - Canal Recomendado 0: clix (https://www.twitch.tv/clix)
2025-04-24 20:53:47 - INFO - Canal Recomendado 1: sigy (https://www.twitch.tv/sigy)
2025-04-24 20:53:52 - INFO - Canal Recomendado 2: drdonutttttt (https://www.twitch.tv/drdonutttttt)
2025-04-24 20:53:57 - INFO - Canal Recomendado 3: froggerow (https://www.twitch.tv/froggerow)
2025-04-24 20:54:01 - INFO - Canal Recomendado 4: apexdabi (https://www.twitch.tv/apexdabi)
2025-04-24 20:54:06 - INFO - Canal Recomendado 5: aspen (https://www.twitch.tv/aspen)
2025-04-24 20:54:10 - INFO - Canal Recomendado 6: taylorxhx (https://www.twitch.tv/taylorxhx)
2025-04-24 20:54:15 - INFO - Canal Recomendado 7: whataboutandy (https://www.twitch.tv/whataboutandy)
2025-04-24 20:54:19 - INFO - Canal Recomendado 8: dtowngato (https://www.twitch.tv/dtowngato)
2025-04-24 20:54:29 - INFO - Successfully logged onto Twitch WS: subze2004
2025-04-24 21:10:52 - INFO - Coletado chat do canal p4perback por 985 segundos
2025-04-24 21:10:52 - INFO - Tempo de visualização encerrado, busca 4 de 4 encerrada
2025-04-24 21:10:52 - INFO - Treino concluído com sucesso.
2025-04-25 00:00:02 - INFO - ====== WebDriver manager ======
2025-04-25 00:00:02 - INFO - Get LATEST chromedriver version for google-chrome
2025-04-25 00:00:03 - INFO - Get LATEST chromedriver version for google-chrome
2025-04-25 00:00:03 - INFO - Get LATEST chromedriver version for google-chrome
2025-04-25 00:00:04 - INFO - WebDriver version 135.0.7049.114 selected
2025-04-25 00:00:04 - INFO - Modern chrome version https://storage.googleapis.com/chrome-for-testing-public/135.0.7049.114/linux64/chromedriver-linux64.zip
2025-04-25 00:00:04 - INFO - About to download new driver from https://storage.googleapis.com/chrome-for-testing-public/135.0.7049.114/linux64/chromedriver-linux64.zip
2025-04-25 00:00:05 - INFO - Driver downloading response is 200
2025-04-25 00:00:06 - INFO - Get LATEST chromedriver version for google-chrome
2025-04-25 00:00:07 - INFO - Driver has been saved in cache [/home/locus/.wdm/drivers/chromedriver/linux64/135.0.7049.114]
2025-04-25 00:00:13 - INFO - Erro ao logar no Twitch ou Login já realizado
2025-04-25 00:00:15 - INFO - Iniciando treino...
2025-04-25 00:00:15 - INFO - Realizando 5 buscas nessa sessão
2025-04-25 00:00:15 - INFO - Jogo escolhido: marvel-rivals
2025-04-25 00:00:53 - INFO - Assistindo [DROPS] NIGHTMARE MODE DIFFICULTY GETTING OUT OF ELO HELL GRINDING TOP 500| 30 SQUATS per follower | WORLD BEST MAGNETO
Yuzjo
English
Japanese
Anime
LIVE
1.3K viewers por 1178 segundos
2025-04-25 00:01:15 - INFO - Canais Recomendados atualmente:
2025-04-25 00:01:15 - INFO - Canal Recomendado 0: keeoh (https://www.twitch.tv/keeoh)
2025-04-25 00:01:20 - INFO - Canal Recomendado 1: robthemaster1 (https://www.twitch.tv/robthemaster1)
2025-04-25 00:01:25 - INFO - Canal Recomendado 2: omareloff (https://www.twitch.tv/omareloff)
2025-04-25 00:01:30 - INFO - Canal Recomendado 3: mrjashon (https://www.twitch.tv/mrjashon)
2025-04-25 00:01:34 - INFO - Canal Recomendado 4: caseoh_ (https://www.twitch.tv/caseoh_)
2025-04-25 00:01:39 - INFO - Canal Recomendado 5: drdonutttttt (https://www.twitch.tv/drdonutttttt)
2025-04-25 00:01:43 - INFO - Canal Recomendado 6: specter___01 (https://www.twitch.tv/specter___01)
2025-04-25 00:01:55 - INFO - Canal Recomendado 7: jay3 (https://www.twitch.tv/jay3)
2025-04-25 00:02:00 - INFO - Canal Recomendado 8: yopopeie (https://www.twitch.tv/yopopeie)
2025-04-25 00:02:18 - INFO - Successfully logged onto Twitch WS: subze2004
2025-04-25 00:21:53 - INFO - Coletado chat do canal yuzjo por 1178 segundos
2025-04-25 00:21:53 - INFO - Tempo de visualização encerrado, busca 1 de 5 encerrada
2025-04-25 00:21:53 - INFO - Jogo escolhido: fortnite
2025-04-25 00:22:35 - INFO - Assistindo 🟪UNREAL GRIND!!🟪[114/365]🟪
frowsedd
English
LIVE
11 viewers por 948 segundos
2025-04-25 00:22:58 - INFO - Canais Recomendados atualmente:
2025-04-25 00:22:58 - INFO - Canal Recomendado 0: keeoh (https://www.twitch.tv/keeoh)
2025-04-25 00:23:11 - INFO - Canal Recomendado 1: robthemaster1 (https://www.twitch.tv/robthemaster1)
2025-04-25 00:23:16 - INFO - Canal Recomendado 2: omareloff (https://www.twitch.tv/omareloff)
2025-04-25 00:23:22 - INFO - Canal Recomendado 3: mrjashon (https://www.twitch.tv/mrjashon)
2025-04-25 00:23:27 - INFO - Canal Recomendado 4: caseoh_ (https://www.twitch.tv/caseoh_)
2025-04-25 00:23:31 - INFO - Canal Recomendado 5: puhnoo (https://www.twitch.tv/puhnoo)
2025-04-25 00:23:36 - INFO - Canal Recomendado 6: notsosnoopy (https://www.twitch.tv/notsosnoopy)
2025-04-25 00:23:41 - INFO - Canal Recomendado 7: thekikimon (https://www.twitch.tv/thekikimon)
2025-04-25 00:23:47 - INFO - Canal Recomendado 8: chopkuya (https://www.twitch.tv/chopkuya)
2025-04-25 00:23:59 - INFO - Successfully logged onto Twitch WS: subze2004
2025-04-25 00:39:44 - INFO - Coletado chat do canal frowsedd por 948 segundos
2025-04-25 00:39:44 - INFO - Tempo de visualização encerrado, busca 2 de 5 encerrada
2025-04-25 00:39:44 - INFO - Jogo escolhido: roblox
2025-04-25 00:40:20 - INFO - Assistindo HI YALL WHATS GOOD
E11ysa
English
LIVE
262 viewers por 1132 segundos
2025-04-25 00:40:44 - INFO - Canais Recomendados atualmente:
2025-04-25 00:40:44 - INFO - Canal Recomendado 0: keeoh (https://www.twitch.tv/keeoh)
2025-04-25 00:40:49 - INFO - Canal Recomendado 1: omareloff (https://www.twitch.tv/omareloff)
2025-04-25 00:40:54 - INFO - Canal Recomendado 2: robthemaster1 (https://www.twitch.tv/robthemaster1)
2025-04-25 00:40:59 - INFO - Canal Recomendado 3: mrjashon (https://www.twitch.tv/mrjashon)
2025-04-25 00:41:09 - INFO - Canal Recomendado 4: caseoh_ (https://www.twitch.tv/caseoh_)
2025-04-25 00:41:13 - INFO - Canal Recomendado 5: puhnoo (https://www.twitch.tv/puhnoo)
2025-04-25 00:41:18 - INFO - Canal Recomendado 6: vanillamace (https://www.twitch.tv/vanillamace)
2025-04-25 00:41:24 - INFO - Canal Recomendado 7: adapt (https://www.twitch.tv/adapt)
2025-04-25 00:41:29 - INFO - Canal Recomendado 8: kenji (https://www.twitch.tv/kenji)
2025-04-25 00:41:39 - INFO - Successfully logged onto Twitch WS: subze2004
2025-04-25 01:00:29 - INFO - Coletado chat do canal e11ysa por 1132 segundos
2025-04-25 01:00:29 - INFO - Tempo de visualização encerrado, busca 3 de 5 encerrada
2025-04-25 01:00:29 - INFO - Jogo escolhido: grand-theft-auto-v
2025-04-25 01:01:19 - INFO - Assistindo PRP | Wrangler time!
PENTA
English
Socialeating
LIVE
4.4K viewers por 722 segundos
2025-04-25 01:01:45 - INFO - Canais Recomendados atualmente:
2025-04-25 01:01:45 - INFO - Canal Recomendado 0: keeoh (https://www.twitch.tv/keeoh)
2025-04-25 01:01:50 - INFO - Canal Recomendado 1: omareloff (https://www.twitch.tv/omareloff)
2025-04-25 01:01:55 - INFO - Canal Recomendado 2: robthemaster1 (https://www.twitch.tv/robthemaster1)
2025-04-25 01:02:00 - INFO - Canal Recomendado 3: mrjashon (https://www.twitch.tv/mrjashon)
2025-04-25 01:02:05 - INFO - Canal Recomendado 4: caseoh_ (https://www.twitch.tv/caseoh_)
2025-04-25 01:02:11 - INFO - Canal Recomendado 5: puhnoo (https://www.twitch.tv/puhnoo)
2025-04-25 01:02:16 - INFO - Canal Recomendado 6: emstrogen (https://www.twitch.tv/emstrogen)
2025-04-25 01:02:21 - INFO - Canal Recomendado 7: sofmore (https://www.twitch.tv/sofmore)
2025-04-25 01:02:25 - INFO - Canal Recomendado 8: mattrp (https://www.twitch.tv/mattrp)
2025-04-25 01:02:41 - INFO - Successfully logged onto Twitch WS: subze2004
2025-04-25 01:14:35 - INFO - Coletado chat do canal penta por 722 segundos
2025-04-25 01:14:35 - INFO - Tempo de visualização encerrado, busca 4 de 5 encerrada
2025-04-25 01:14:35 - INFO - Jogo escolhido: valorant
2025-04-25 01:15:21 - INFO - Assistindo she call me apple the way i be in cider | !discord !socials
punccc
funny
English
newagent
LIVE
87 viewers por 918 segundos
2025-04-25 01:15:44 - INFO - Canais Recomendados atualmente:
2025-04-25 01:15:44 - INFO - Canal Recomendado 0: gale (https://www.twitch.tv/gale)
2025-04-25 01:15:51 - INFO - Canal Recomendado 1: omareloff (https://www.twitch.tv/omareloff)
2025-04-25 01:16:01 - INFO - Canal Recomendado 2: keeoh (https://www.twitch.tv/keeoh)
2025-04-25 01:16:06 - INFO - Canal Recomendado 3: robthemaster1 (https://www.twitch.tv/robthemaster1)
2025-04-25 01:16:11 - INFO - Canal Recomendado 4: puhnoo (https://www.twitch.tv/puhnoo)
2025-04-25 01:16:16 - INFO - Canal Recomendado 5: caseoh_ (https://www.twitch.tv/caseoh_)
2025-04-25 01:16:20 - INFO - Canal Recomendado 6: hamy (https://www.twitch.tv/hamy)
2025-04-25 01:16:26 - INFO - Canal Recomendado 7: sapnaplive (https://www.twitch.tv/sapnaplive)
2025-04-25 01:16:30 - INFO - Canal Recomendado 8: eggsterr (https://www.twitch.tv/eggsterr)
2025-04-25 01:16:40 - INFO - Successfully logged onto Twitch WS: subze2004
2025-04-25 01:31:56 - INFO - Coletado chat do canal punccc por 918 segundos
2025-04-25 01:31:56 - INFO - Tempo de visualização encerrado, busca 5 de 5 encerrada
2025-04-25 01:31:56 - INFO - Treino concluído com sucesso.
2025-04-25 04:00:05 - INFO - ====== WebDriver manager ======
2025-04-25 04:00:06 - INFO - Get LATEST chromedriver version for google-chrome
2025-04-25 04:00:07 - INFO - Get LATEST chromedriver version for google-chrome
2025-04-25 04:00:07 - INFO - Driver [/home/locus/.wdm/drivers/chromedriver/linux64/135.0.7049.114/chromedriver-linux64/chromedriver] found in cache
2025-04-25 04:00:14 - INFO - Erro ao logar no Twitch ou Login já realizado
2025-04-25 04:00:15 - INFO - Iniciando treino...
2025-04-25 04:00:15 - INFO - Realizando 5 buscas nessa sessão
2025-04-25 04:00:15 - INFO - Jogo escolhido: grand-theft-auto-v
2025-04-25 04:00:52 - INFO - Assistindo Day 24 of UNCAPPED Birthday SUBATHON | Partner Anniversary | !PNS !merch !subathon !goals #Ad #Sponsorship
vadriss
femboy
LGBTQ
English
Gay
LIVE
965 viewers por 1097 segundos
2025-04-25 04:01:17 - INFO - Canais Recomendados atualmente:
2025-04-25 04:01:17 - INFO - Canal Recomendado 0: guru (https://www.twitch.tv/guru)
2025-04-25 04:01:23 - INFO - Canal Recomendado 1: oatley (https://www.twitch.tv/oatley)
2025-04-25 04:01:28 - INFO - Canal Recomendado 2: gale (https://www.twitch.tv/gale)
2025-04-25 04:01:33 - INFO - Canal Recomendado 3: omareloff (https://www.twitch.tv/omareloff)
2025-04-25 04:01:39 - INFO - Canal Recomendado 4: eslcs (https://www.twitch.tv/eslcs)
2025-04-25 04:01:43 - INFO - Canal Recomendado 5: keeoh (https://www.twitch.tv/keeoh)
2025-04-25 04:01:49 - INFO - Canal Recomendado 6: paypay (https://www.twitch.tv/paypay)
2025-04-25 04:01:53 - INFO - Canal Recomendado 7: barbie192022 (https://www.twitch.tv/barbie192022)
2025-04-25 04:01:58 - INFO - Canal Recomendado 8: yuj3m (https://www.twitch.tv/yuj3m)
2025-04-25 04:02:15 - INFO - Successfully logged onto Twitch WS: subze2004
2025-04-25 04:20:24 - INFO - Coletado chat do canal vadriss por 1097 segundos
2025-04-25 04:20:24 - INFO - Tempo de visualização encerrado, busca 1 de 5 encerrada
2025-04-25 04:20:24 - INFO - Jogo escolhido: ea-sports-fc-25
2025-04-25 04:21:15 - INFO - Assistindo PAID SEASON PASS ✅ 90+ x 5 Compensation ✅ TOTS Waiting Room ✅
MattHDGamer
English
LIVE
483 viewers por 635 segundos
2025-04-25 04:21:38 - INFO - Canais Recomendados atualmente:
2025-04-25 04:21:38 - INFO - Canal Recomendado 0: guru (https://www.twitch.tv/guru)
2025-04-25 04:21:46 - INFO - Canal Recomendado 1: gale (https://www.twitch.tv/gale)
2025-04-25 04:21:50 - INFO - Canal Recomendado 2: oatley (https://www.twitch.tv/oatley)
2025-04-25 04:21:55 - INFO - Canal Recomendado 3: eslcs (https://www.twitch.tv/eslcs)
2025-04-25 04:21:59 - INFO - Canal Recomendado 4: chosen_ow (https://www.twitch.tv/chosen_ow)
2025-04-25 04:22:04 - INFO - Canal Recomendado 5: ohnepixel (https://www.twitch.tv/ohnepixel)
2025-04-25 04:22:09 - INFO - Canal Recomendado 6: yrchuki (https://www.twitch.tv/yrchuki)
2025-04-25 04:22:14 - INFO - Canal Recomendado 7: therealpugzilla (https://www.twitch.tv/therealpugzilla)
2025-04-25 04:22:19 - INFO - Canal Recomendado 8: hectic (https://www.twitch.tv/hectic)
2025-04-25 04:22:30 - INFO - Successfully logged onto Twitch WS: subze2004
2025-04-25 04:33:02 - INFO - Coletado chat do canal matthdgamer por 635 segundos
2025-04-25 04:33:02 - INFO - Tempo de visualização encerrado, busca 2 de 5 encerrada
2025-04-25 04:33:02 - INFO - Jogo escolhido: the-sims-4
2025-04-25 04:33:40 - INFO - Assistindo BUILDING A FALLOUT VAULT IN SIMS! ~ USE CODE LUCY #ad| !socials !wishlist 🌈 [AUS] 🍉 !STRIKE
LucyL
LGBTQIAPlus
NeatDude
LIVE
33 viewers por 887 segundos
2025-04-25 04:34:05 - INFO - Canais Recomendados atualmente:
2025-04-25 04:34:05 - INFO - Canal Recomendado 0: ohnepixel (https://www.twitch.tv/ohnepixel)
2025-04-25 04:34:10 - INFO - Canal Recomendado 1: keeoh (https://www.twitch.tv/keeoh)
2025-04-25 04:34:15 - INFO - Canal Recomendado 2: sonnydeacle (https://www.twitch.tv/sonnydeacle)
2025-04-25 04:34:20 - INFO - Canal Recomendado 3: grimm (https://www.twitch.tv/grimm)
2025-04-25 04:34:26 - INFO - Canal Recomendado 4: guru (https://www.twitch.tv/guru)
2025-04-25 04:34:37 - INFO - Canal Recomendado 5: gale (https://www.twitch.tv/gale)
2025-04-25 04:34:48 - INFO - Canal Recomendado 6: jeremy_gonewild (https://www.twitch.tv/jeremy_gonewild)
2025-04-25 04:34:53 - INFO - Canal Recomendado 7: whisqey (https://www.twitch.tv/whisqey)
2025-04-25 04:34:58 - INFO - Canal Recomendado 8: mixeddrunk (https://www.twitch.tv/mixeddrunk)
2025-04-25 04:35:09 - INFO - Successfully logged onto Twitch WS: subze2004
2025-04-25 04:49:54 - INFO - Coletado chat do canal lucyl por 887 segundos
2025-04-25 04:49:54 - INFO - Tempo de visualização encerrado, busca 3 de 5 encerrada
2025-04-25 04:49:54 - INFO - Jogo escolhido: sea-of-thieves
2025-04-25 04:50:29 - INFO - Assistindo 🟡DROPS LATER🟡 Solo PvP 💀
flotsam
PvP
Solo
English
LIVE
642 viewers por 1110 segundos
2025-04-25 04:50:53 - INFO - Canais Recomendados atualmente:
2025-04-25 04:50:53 - INFO - Canal Recomendado 0: grimm (https://www.twitch.tv/grimm)
2025-04-25 04:50:58 - INFO - Canal Recomendado 1: ohnepixel (https://www.twitch.tv/ohnepixel)
2025-04-25 04:51:08 - INFO - Canal Recomendado 2: oatley (https://www.twitch.tv/oatley)
2025-04-25 04:51:13 - INFO - Canal Recomendado 3: flotsam (https://www.twitch.tv/flotsam)
2025-04-25 04:51:18 - INFO - Canal Recomendado 4: guru (https://www.twitch.tv/guru)
2025-04-25 04:51:22 - INFO - Canal Recomendado 5: oatleyoffline (https://www.twitch.tv/oatleyoffline)
2025-04-25 04:51:27 - INFO - Canal Recomendado 6: beardageddon247 (https://www.twitch.tv/beardageddon247)
2025-04-25 04:51:32 - INFO - Canal Recomendado 7: crud (https://www.twitch.tv/crud)
2025-04-25 04:51:36 - INFO - Canal Recomendado 8: theb (https://www.twitch.tv/theb)
2025-04-25 04:51:47 - INFO - Successfully logged onto Twitch WS: subze2004
2025-04-25 05:10:15 - INFO - Coletado chat do canal flotsam por 1110 segundos
2025-04-25 05:10:15 - INFO - Tempo de visualização encerrado, busca 4 de 5 encerrada
2025-04-25 05:10:15 - INFO - Jogo escolhido: roblox
2025-04-25 05:11:04 - INFO - Assistindo FREE ROBUX ON PLS DONATE! Commands on screen!
Arguz11
Silver
bloxfruit
Albion
LIVE
22 viewers por 1010 segundos
2025-04-25 05:11:26 - INFO - Canais Recomendados atualmente:
2025-04-25 05:11:26 - INFO - Canal Recomendado 0: guru (https://www.twitch.tv/guru)
2025-04-25 05:11:31 - INFO - Canal Recomendado 1: gale (https://www.twitch.tv/gale)
2025-04-25 05:11:36 - INFO - Canal Recomendado 2: oatley (https://www.twitch.tv/oatley)
2025-04-25 05:11:41 - INFO - Canal Recomendado 3: eslcs (https://www.twitch.tv/eslcs)
2025-04-25 05:11:46 - INFO - Canal Recomendado 4: flotsam (https://www.twitch.tv/flotsam)
2025-04-25 05:11:51 - INFO - Canal Recomendado 5: chosen_ow (https://www.twitch.tv/chosen_ow)
2025-04-25 05:11:56 - INFO - Canal Recomendado 6: osdeelive (https://www.twitch.tv/osdeelive)
2025-04-25 05:12:01 - INFO - Canal Recomendado 7: sirdandeman (https://www.twitch.tv/sirdandeman)
2025-04-25 05:12:07 - INFO - Canal Recomendado 8: zintid (https://www.twitch.tv/zintid)
2025-04-25 05:12:17 - INFO - Successfully logged onto Twitch WS: subze2004
2025-04-25 05:29:05 - INFO - Coletado chat do canal arguz11 por 1010 segundos
2025-04-25 05:29:05 - INFO - Tempo de visualização encerrado, busca 5 de 5 encerrada
2025-04-25 05:29:05 - INFO - Treino concluído com sucesso.
2025-04-25 08:00:14 - INFO - ====== WebDriver manager ======
2025-04-25 08:00:15 - INFO - Get LATEST chromedriver version for google-chrome
2025-04-25 08:00:15 - INFO - Get LATEST chromedriver version for google-chrome
2025-04-25 08:00:16 - INFO - Driver [/home/locus/.wdm/drivers/chromedriver/linux64/135.0.7049.114/chromedriver-linux64/chromedriver] found in cache
2025-04-25 08:00:23 - INFO - Erro ao logar no Twitch ou Login já realizado
2025-04-25 08:00:25 - INFO - Iniciando treino...
2025-04-25 08:00:25 - INFO - Realizando 5 buscas nessa sessão
2025-04-25 08:00:25 - INFO - Jogo escolhido: the-sims-4
2025-04-25 08:00:58 - INFO - Assistindo SUL SUL
Big_Ast
English
Chatty
goodvibes
LIVE
6 viewers por 915 segundos
2025-04-25 08:01:22 - INFO - Canais Recomendados atualmente:
2025-04-25 08:01:22 - INFO - Canal Recomendado 0: gale (https://www.twitch.tv/gale)
2025-04-25 08:01:28 - INFO - Canal Recomendado 1: oatley (https://www.twitch.tv/oatley)
2025-04-25 08:01:33 - INFO - Canal Recomendado 2: guru (https://www.twitch.tv/guru)
2025-04-25 08:01:38 - INFO - Canal Recomendado 3: eslcs (https://www.twitch.tv/eslcs)
2025-04-25 08:01:43 - INFO - Canal Recomendado 4: chosen_ow (https://www.twitch.tv/chosen_ow)
2025-04-25 08:01:47 - INFO - Canal Recomendado 5: nautilifts (https://www.twitch.tv/nautilifts)
2025-04-25 08:01:59 - INFO - Canal Recomendado 6: touchofpinkfizz (https://www.twitch.tv/touchofpinkfizz)
2025-04-25 08:02:04 - INFO - Canal Recomendado 7: alabae_ (https://www.twitch.tv/alabae_)
2025-04-25 08:02:09 - INFO - Canal Recomendado 8: jammyd0o (https://www.twitch.tv/jammyd0o)
2025-04-25 08:02:20 - INFO - Successfully logged onto Twitch WS: subze2004
2025-04-25 08:17:32 - INFO - Coletado chat do canal big_ast por 915 segundos
2025-04-25 08:17:32 - INFO - Tempo de visualização encerrado, busca 1 de 5 encerrada
2025-04-25 08:17:32 - INFO - Jogo escolhido: ea-sports-fc-25
2025-04-25 08:18:26 - INFO - Assistindo happy anzac day
aziaa
English
Samoa
NewZealand
LIVE
73 viewers por 1166 segundos
2025-04-25 08:18:47 - INFO - Canais Recomendados atualmente:
2025-04-25 08:18:47 - INFO - Canal Recomendado 0: gale (https://www.twitch.tv/gale)
2025-04-25 08:18:53 - INFO - Canal Recomendado 1: oatley (https://www.twitch.tv/oatley)
2025-04-25 08:18:58 - INFO - Canal Recomendado 2: p4perback (https://www.twitch.tv/p4perback)
2025-04-25 08:19:02 - INFO - Canal Recomendado 3: guru (https://www.twitch.tv/guru)
2025-04-25 08:19:07 - INFO - Canal Recomendado 4: eslcs (https://www.twitch.tv/eslcs)
2025-04-25 08:19:11 - INFO - Canal Recomendado 5: nautilifts (https://www.twitch.tv/nautilifts)
2025-04-25 08:19:16 - INFO - Canal Recomendado 6: stokes (https://www.twitch.tv/stokes)
2025-04-25 08:19:21 - INFO - Canal Recomendado 7: chicofilo (https://www.twitch.tv/chicofilo)
2025-04-25 08:19:25 - INFO - Canal Recomendado 8: anamarreroph (https://www.twitch.tv/anamarreroph)
2025-04-25 08:19:35 - INFO - Successfully logged onto Twitch WS: subze2004
2025-04-25 08:38:59 - INFO - Coletado chat do canal aziaa por 1166 segundos
2025-04-25 08:38:59 - INFO - Tempo de visualização encerrado, busca 2 de 5 encerrada
2025-04-25 08:38:59 - INFO - Jogo escolhido: sea-of-thieves
2025-04-25 08:39:41 - INFO - Assistindo Use the Down Arrow Key for more guest info
🟩 DROPS [LONG STREAM] 🟩 PRO PVP 🟩 !discord
Flux
 with COPREA 
DropsEnabled
English
Pirate
LIVE
156 viewers por 603 segundos
2025-04-25 08:40:02 - INFO - Canais Recomendados atualmente:
2025-04-25 08:40:02 - INFO - Canal Recomendado 0: gale (https://www.twitch.tv/gale)
2025-04-25 08:40:07 - INFO - Canal Recomendado 1: oatley (https://www.twitch.tv/oatley)
2025-04-25 08:40:11 - INFO - Canal Recomendado 2: p4perback (https://www.twitch.tv/p4perback)
2025-04-25 08:40:17 - INFO - Canal Recomendado 3: eslcs (https://www.twitch.tv/eslcs)
2025-04-25 08:40:23 - INFO - Canal Recomendado 4: guru (https://www.twitch.tv/guru)
2025-04-25 08:40:27 - INFO - Canal Recomendado 5: nautilifts (https://www.twitch.tv/nautilifts)
2025-04-25 08:40:32 - INFO - Canal Recomendado 6: idbz (https://www.twitch.tv/idbz)
2025-04-25 08:40:37 - INFO - Canal Recomendado 7: flotsam (https://www.twitch.tv/flotsam)
2025-04-25 08:40:41 - INFO - Canal Recomendado 8: beardageddon (https://www.twitch.tv/beardageddon)
2025-04-25 08:40:52 - INFO - Successfully logged onto Twitch WS: subze2004
2025-04-25 08:50:53 - INFO - Coletado chat do canal flux por 603 segundos
2025-04-25 08:50:53 - INFO - Tempo de visualização encerrado, busca 3 de 5 encerrada
2025-04-25 08:50:53 - INFO - Jogo escolhido: league-of-legends
2025-04-25 08:51:42 - INFO - Assistindo 🔴T1 VS DK LCK COSTREAM #LCKWatchParty - LR SCRIMS AFTERRRR🔴- !dpmlol !discord !displate
Caedrel
LCK
English
LEC
LPL
LIVE
56.3K viewers por 666 segundos
2025-04-25 08:52:03 - INFO - Canais Recomendados atualmente:
2025-04-25 08:52:03 - INFO - Canal Recomendado 0: gale (https://www.twitch.tv/gale)
2025-04-25 08:52:08 - INFO - Canal Recomendado 1: oatley (https://www.twitch.tv/oatley)
2025-04-25 08:52:13 - INFO - Canal Recomendado 2: p4perback (https://www.twitch.tv/p4perback)
2025-04-25 08:52:17 - INFO - Canal Recomendado 3: guru (https://www.twitch.tv/guru)
2025-04-25 08:52:22 - INFO - Canal Recomendado 4: eslcs (https://www.twitch.tv/eslcs)
2025-04-25 08:52:27 - INFO - Canal Recomendado 5: nautilifts (https://www.twitch.tv/nautilifts)
2025-04-25 08:52:32 - INFO - Canal Recomendado 6: iwdominate (https://www.twitch.tv/iwdominate)
2025-04-25 08:52:36 - INFO - Canal Recomendado 7: agurin (https://www.twitch.tv/agurin)
2025-04-25 08:52:41 - INFO - Canal Recomendado 8: lck (https://www.twitch.tv/lck)
2025-04-25 08:52:52 - INFO - Successfully logged onto Twitch WS: subze2004
2025-04-25 09:03:55 - INFO - Coletado chat do canal caedrel por 666 segundos
2025-04-25 09:03:55 - INFO - Tempo de visualização encerrado, busca 4 de 5 encerrada
2025-04-25 09:03:55 - INFO - Jogo escolhido: grand-theft-auto-v
2025-04-25 09:04:34 - INFO - Assistindo GTAV Enhanced - All Achievements (Single Player Only) - Maybe Sleeping Dogs Later
English_Ben
noactuallyblind
Speedrun
LIVE
126 viewers por 921 segundos
2025-04-25 09:04:58 - INFO - Canais Recomendados atualmente:
2025-04-25 09:04:58 - INFO - Canal Recomendado 0: gale (https://www.twitch.tv/gale)
2025-04-25 09:05:02 - INFO - Canal Recomendado 1: oatley (https://www.twitch.tv/oatley)
2025-04-25 09:05:08 - INFO - Canal Recomendado 2: p4perback (https://www.twitch.tv/p4perback)
2025-04-25 09:05:12 - INFO - Canal Recomendado 3: guru (https://www.twitch.tv/guru)
2025-04-25 09:05:17 - INFO - Canal Recomendado 4: eslcs (https://www.twitch.tv/eslcs)
2025-04-25 09:05:21 - INFO - Canal Recomendado 5: nautilifts (https://www.twitch.tv/nautilifts)
2025-04-25 09:05:26 - INFO - Canal Recomendado 6: joshimuz (https://www.twitch.tv/joshimuz)
2025-04-25 09:05:31 - INFO - Canal Recomendado 7: datessl (https://www.twitch.tv/datessl)
2025-04-25 09:05:37 - INFO - Canal Recomendado 8: liquidwifi (https://www.twitch.tv/liquidwifi)
2025-04-25 09:05:48 - INFO - Successfully logged onto Twitch WS: subze2004
2025-04-25 09:21:07 - INFO - Coletado chat do canal english_ben por 921 segundos
2025-04-25 09:21:07 - INFO - Tempo de visualização encerrado, busca 5 de 5 encerrada
2025-04-25 09:21:07 - INFO - Treino concluído com sucesso.
2025-04-25 12:00:17 - INFO - ====== WebDriver manager ======
2025-04-25 12:00:17 - INFO - Get LATEST chromedriver version for google-chrome
2025-04-25 12:00:18 - INFO - Get LATEST chromedriver version for google-chrome
2025-04-25 12:00:18 - INFO - Driver [/home/locus/.wdm/drivers/chromedriver/linux64/135.0.7049.114/chromedriver-linux64/chromedriver] found in cache
2025-04-25 12:00:24 - INFO - Erro ao logar no Twitch ou Login já realizado
2025-04-25 12:00:26 - INFO - Iniciando treino...
2025-04-25 12:00:26 - INFO - Realizando 4 buscas nessa sessão
2025-04-25 12:00:26 - INFO - Jogo escolhido: ea-sports-fc-25
2025-04-25 12:01:06 - INFO - Assistindo FRIDAY PRO CLUBS GRIND BACK TO ELITE! !CLUB !DISCORD !SUB !DONATION !SONGREQUEST
huncho_lucho
SpanishAndEnglish
CHILL
LIVE
13 viewers por 1165 segundos
2025-04-25 12:01:28 - INFO - Canais Recomendados atualmente:
2025-04-25 12:01:28 - INFO - Canal Recomendado 0: emongg (https://www.twitch.tv/emongg)
2025-04-25 12:01:34 - INFO - Canal Recomendado 1: leooknightus (https://www.twitch.tv/leooknightus)
2025-04-25 12:01:38 - INFO - Canal Recomendado 2: thefreddymc (https://www.twitch.tv/thefreddymc)
2025-04-25 12:01:43 - INFO - Canal Recomendado 3: cowfee (https://www.twitch.tv/cowfee)
2025-04-25 12:01:48 - INFO - Canal Recomendado 4: joshseki (https://www.twitch.tv/joshseki)
2025-04-25 12:01:52 - INFO - Canal Recomendado 5: chosen_ow (https://www.twitch.tv/chosen_ow)
2025-04-25 12:01:58 - INFO - Canal Recomendado 6: d1zzlefc (https://www.twitch.tv/d1zzlefc)
2025-04-25 12:02:02 - INFO - Canal Recomendado 7: nizzy_c (https://www.twitch.tv/nizzy_c)
2025-04-25 12:02:09 - INFO - Canal Recomendado 8: emaurer23 (https://www.twitch.tv/emaurer23)
2025-04-25 12:02:19 - INFO - Successfully logged onto Twitch WS: subze2004
2025-04-25 12:21:41 - INFO - Coletado chat do canal huncho_lucho por 1165 segundos
2025-04-25 12:21:41 - INFO - Tempo de visualização encerrado, busca 1 de 4 encerrada
2025-04-25 12:21:41 - INFO - Jogo escolhido: counter-strike
2025-04-25 12:22:19 - INFO - Assistindo HIGHLIGHTS: Complexity vs GamerLegion - IEM Melbourne 2025
ESLCS
English
LIVE
1.9K viewers por 773 segundos
2025-04-25 12:22:40 - INFO - Canais Recomendados atualmente:
2025-04-25 12:22:40 - INFO - Canal Recomendado 0: emongg (https://www.twitch.tv/emongg)
2025-04-25 12:22:46 - INFO - Canal Recomendado 1: leooknightus (https://www.twitch.tv/leooknightus)
2025-04-25 12:22:51 - INFO - Canal Recomendado 2: thefreddymc (https://www.twitch.tv/thefreddymc)
2025-04-25 12:22:56 - INFO - Canal Recomendado 3: cowfee (https://www.twitch.tv/cowfee)
2025-04-25 12:23:00 - INFO - Canal Recomendado 4: auziomf (https://www.twitch.tv/auziomf)
2025-04-25 12:23:05 - INFO - Canal Recomendado 5: joshseki (https://www.twitch.tv/joshseki)
2025-04-25 12:23:09 - INFO - Canal Recomendado 6: get_right (https://www.twitch.tv/get_right)
2025-04-25 12:23:14 - INFO - Canal Recomendado 7: flusha (https://www.twitch.tv/flusha)
2025-04-25 12:23:19 - INFO - Canal Recomendado 8: trottah (https://www.twitch.tv/trottah)
2025-04-25 12:23:28 - INFO - Successfully logged onto Twitch WS: subze2004
2025-04-25 12:36:19 - INFO - Coletado chat do canal eslcs por 773 segundos
2025-04-25 12:36:19 - INFO - Tempo de visualização encerrado, busca 2 de 4 encerrada
2025-04-25 12:36:19 - INFO - Jogo escolhido: sea-of-thieves
2025-04-25 12:36:58 - INFO - Assistindo DROPS - Abyssus Sponsored stream later !Abyssus !247 !derby !mobile !prime !gs #ad #sponsored
Beardageddon
DropsEnabled
PvP
moderated
LIVE
956 viewers por 1048 segundos
2025-04-25 12:37:22 - INFO - Canais Recomendados atualmente:
2025-04-25 12:37:22 - INFO - Canal Recomendado 0: emongg (https://www.twitch.tv/emongg)
2025-04-25 12:37:27 - INFO - Canal Recomendado 1: leooknightus (https://www.twitch.tv/leooknightus)
2025-04-25 12:37:32 - INFO - Canal Recomendado 2: thefreddymc (https://www.twitch.tv/thefreddymc)
2025-04-25 12:37:37 - INFO - Canal Recomendado 3: cowfee (https://www.twitch.tv/cowfee)
2025-04-25 12:37:41 - INFO - Canal Recomendado 4: auziomf (https://www.twitch.tv/auziomf)
2025-04-25 12:37:46 - INFO - Canal Recomendado 5: joshseki (https://www.twitch.tv/joshseki)
2025-04-25 12:37:50 - INFO - Canal Recomendado 6: boxyfresh (https://www.twitch.tv/boxyfresh)
2025-04-25 12:37:55 - INFO - Canal Recomendado 7: hitbotc (https://www.twitch.tv/hitbotc)
2025-04-25 12:38:00 - INFO - Canal Recomendado 8: phuzzybond (https://www.twitch.tv/phuzzybond)
2025-04-25 12:38:10 - INFO - Successfully logged onto Twitch WS: subze2004
2025-04-25 12:55:35 - INFO - Coletado chat do canal beardageddon por 1048 segundos
2025-04-25 12:55:35 - INFO - Tempo de visualização encerrado, busca 3 de 4 encerrada
2025-04-25 12:55:35 - INFO - Jogo escolhido: marvel-rivals
2025-04-25 12:56:18 - INFO - Assistindo DROPS ON - 1000LBS AND BALD
TimTheTatman
English
DropsEnabled
LIVE
3.2K viewers por 1095 segundos
2025-04-25 12:56:39 - INFO - Canais Recomendados atualmente:
2025-04-25 12:56:39 - INFO - Canal Recomendado 0: emongg (https://www.twitch.tv/emongg)
2025-04-25 12:56:44 - INFO - Canal Recomendado 1: joshseki (https://www.twitch.tv/joshseki)
2025-04-25 12:56:49 - INFO - Canal Recomendado 2: leooknightus (https://www.twitch.tv/leooknightus)
2025-04-25 12:56:54 - INFO - Canal Recomendado 3: nickeh30 (https://www.twitch.tv/nickeh30)
2025-04-25 12:56:58 - INFO - Canal Recomendado 4: mrsavage (https://www.twitch.tv/mrsavage)
2025-04-25 12:57:03 - INFO - Canal Recomendado 5: thefreddymc (https://www.twitch.tv/thefreddymc)
2025-04-25 12:57:07 - INFO - Canal Recomendado 6: timthetatmanvods (https://www.twitch.tv/timthetatmanvods)
2025-04-25 12:57:12 - INFO - Canal Recomendado 7: symfuhny (https://www.twitch.tv/symfuhny)
2025-04-25 12:57:17 - INFO - Canal Recomendado 8: ninja (https://www.twitch.tv/ninja)
2025-04-25 12:57:27 - INFO - Successfully logged onto Twitch WS: subze2004
2025-04-25 13:15:40 - INFO - Coletado chat do canal timthetatman por 1095 segundos
2025-04-25 13:15:40 - INFO - Tempo de visualização encerrado, busca 4 de 4 encerrada
2025-04-25 13:15:40 - INFO - Treino concluído com sucesso.
2025-04-25 16:00:48 - INFO - ====== WebDriver manager ======
2025-04-25 16:00:48 - INFO - Get LATEST chromedriver version for google-chrome
2025-04-25 16:00:49 - INFO - Get LATEST chromedriver version for google-chrome
2025-04-25 16:00:49 - INFO - Driver [/home/locus/.wdm/drivers/chromedriver/linux64/135.0.7049.114/chromedriver-linux64/chromedriver] found in cache
2025-04-25 16:01:02 - INFO - Erro ao logar no Twitch ou Login já realizado
2025-04-25 16:01:04 - INFO - Iniciando treino...
2025-04-25 16:01:04 - INFO - Realizando 4 buscas nessa sessão
2025-04-25 16:01:04 - INFO - Jogo escolhido: grand-theft-auto-v
2025-04-25 16:01:45 - INFO - Assistindo FIVEM ARENA 10K GEM TOURNEY ⭐ 5V5 ⭐ ZONES ⭐ EPIC ⭐ BEST TEAMS EVER ⭐ WHOS GONNA WIN? ⭐
GrampsX
youalright
fivem
time2rp
LIVE
450 viewers por 1076 segundos
2025-04-25 16:02:08 - INFO - Canais Recomendados atualmente:
2025-04-25 16:02:08 - INFO - Canal Recomendado 0: emongg (https://www.twitch.tv/emongg)
2025-04-25 16:02:14 - INFO - Canal Recomendado 1: sigy (https://www.twitch.tv/sigy)
2025-04-25 16:02:18 - INFO - Canal Recomendado 2: jay3 (https://www.twitch.tv/jay3)
2025-04-25 16:02:23 - INFO - Canal Recomendado 3: p4perback (https://www.twitch.tv/p4perback)
2025-04-25 16:02:27 - INFO - Canal Recomendado 4: whataboutandy (https://www.twitch.tv/whataboutandy)
2025-04-25 16:02:32 - INFO - Canal Recomendado 5: leooknightus (https://www.twitch.tv/leooknightus)
2025-04-25 16:02:36 - INFO - Canal Recomendado 6: ozann (https://www.twitch.tv/ozann)
2025-04-25 16:02:41 - INFO - Canal Recomendado 7: dannydevlinrp (https://www.twitch.tv/dannydevlinrp)
2025-04-25 16:02:46 - INFO - Canal Recomendado 8: ukollie06 (https://www.twitch.tv/ukollie06)
2025-04-25 16:02:56 - INFO - Successfully logged onto Twitch WS: subze2004
2025-04-25 16:20:50 - INFO - Coletado chat do canal grampsx por 1076 segundos
2025-04-25 16:20:50 - INFO - Tempo de visualização encerrado, busca 1 de 4 encerrada
2025-04-25 16:20:50 - INFO - Jogo escolhido: roblox
2025-04-25 16:21:35 - INFO - Assistindo [|PS99] Grinding The Event!~PS99 GIVEAWAYS~!discord !user
ShadowSnipess
PL
EN
English
chilling
LIVE
21 viewers por 989 segundos
2025-04-25 16:22:01 - INFO - Canais Recomendados atualmente:
2025-04-25 16:22:01 - INFO - Canal Recomendado 0: emongg (https://www.twitch.tv/emongg)
2025-04-25 16:22:06 - INFO - Canal Recomendado 1: sigy (https://www.twitch.tv/sigy)
2025-04-25 16:22:11 - INFO - Canal Recomendado 2: jay3 (https://www.twitch.tv/jay3)
2025-04-25 16:22:15 - INFO - Canal Recomendado 3: p4perback (https://www.twitch.tv/p4perback)
2025-04-25 16:22:20 - INFO - Canal Recomendado 4: whataboutandy (https://www.twitch.tv/whataboutandy)
2025-04-25 16:22:24 - INFO - Canal Recomendado 5: leooknightus (https://www.twitch.tv/leooknightus)
2025-04-25 16:22:30 - INFO - Canal Recomendado 6: dabbin_boi (https://www.twitch.tv/dabbin_boi)
2025-04-25 16:22:34 - INFO - Canal Recomendado 7: tbornboss (https://www.twitch.tv/tbornboss)
2025-04-25 16:22:39 - INFO - Canal Recomendado 8: takevictory (https://www.twitch.tv/takevictory)
2025-04-25 16:22:49 - INFO - Successfully logged onto Twitch WS: subze2004
2025-04-25 16:39:16 - INFO - Coletado chat do canal shadowsnipess por 989 segundos
2025-04-25 16:39:16 - INFO - Tempo de visualização encerrado, busca 2 de 4 encerrada
2025-04-25 16:39:16 - INFO - Jogo escolhido: sea-of-thieves
2025-04-25 16:39:56 - INFO - Assistindo 🟣DROPS🟣PARTNER PUSH!-SUBATHON DAY 5! DOIN BOAT STUFF! !Controller !TTS !Merch !Discord
PushinWood
Skateboarder
COMPETITIVE
LIVE
99 viewers por 966 segundos
2025-04-25 16:40:20 - INFO - Canais Recomendados atualmente:
2025-04-25 16:40:20 - INFO - Canal Recomendado 0: emongg (https://www.twitch.tv/emongg)
2025-04-25 16:40:25 - INFO - Canal Recomendado 1: jay3 (https://www.twitch.tv/jay3)
2025-04-25 16:40:29 - INFO - Canal Recomendado 2: p4perback (https://www.twitch.tv/p4perback)
2025-04-25 16:40:34 - INFO - Canal Recomendado 3: aspen (https://www.twitch.tv/aspen)
2025-04-25 16:40:38 - INFO - Canal Recomendado 4: sigy (https://www.twitch.tv/sigy)
2025-04-25 16:40:43 - INFO - Canal Recomendado 5: arguz11 (https://www.twitch.tv/arguz11)
2025-04-25 16:40:47 - INFO - Canal Recomendado 6: skelecurseirl (https://www.twitch.tv/skelecurseirl)
2025-04-25 16:40:52 - INFO - Canal Recomendado 7: idbz (https://www.twitch.tv/idbz)
2025-04-25 16:40:57 - INFO - Canal Recomendado 8: ebacon1_ (https://www.twitch.tv/ebacon1_)
2025-04-25 16:41:06 - INFO - Successfully logged onto Twitch WS: subze2004
2025-04-25 16:57:10 - INFO - Coletado chat do canal pushinwood por 966 segundos
2025-04-25 16:57:10 - INFO - Tempo de visualização encerrado, busca 3 de 4 encerrada
2025-04-25 16:57:10 - INFO - Jogo escolhido: the-sims-4
2025-04-25 16:57:53 - INFO - Assistindo Unframed PREP🌟 ♉♡| !cc !mods !discord !legacy ツ
Essemelle
Trinidadian
Cozy
Chatty
LIVE
60 viewers por 741 segundos
2025-04-25 16:58:17 - INFO - Canais Recomendados atualmente:
2025-04-25 16:58:17 - INFO - Canal Recomendado 0: emongg (https://www.twitch.tv/emongg)
2025-04-25 16:58:23 - INFO - Canal Recomendado 1: sigy (https://www.twitch.tv/sigy)
2025-04-25 16:58:27 - INFO - Canal Recomendado 2: jay3 (https://www.twitch.tv/jay3)
2025-04-25 16:58:31 - INFO - Canal Recomendado 3: p4perback (https://www.twitch.tv/p4perback)
2025-04-25 16:58:36 - INFO - Canal Recomendado 4: aspen (https://www.twitch.tv/aspen)
2025-04-25 16:58:40 - INFO - Canal Recomendado 5: arguz11 (https://www.twitch.tv/arguz11)
2025-04-25 16:58:45 - INFO - Canal Recomendado 6: zefrine (https://www.twitch.tv/zefrine)
2025-04-25 16:58:50 - INFO - Canal Recomendado 7: jtownholla (https://www.twitch.tv/jtownholla)
2025-04-25 16:58:55 - INFO - Canal Recomendado 8: leeemazon (https://www.twitch.tv/leeemazon)
2025-04-25 16:59:04 - INFO - Successfully logged onto Twitch WS: subze2004
2025-04-25 17:11:23 - INFO - Coletado chat do canal essemelle por 741 segundos
2025-04-25 17:11:23 - INFO - Tempo de visualização encerrado, busca 4 de 4 encerrada
2025-04-25 17:11:23 - INFO - Treino concluído com sucesso.
2025-04-25 20:00:33 - INFO - ====== WebDriver manager ======
2025-04-25 20:00:34 - INFO - Get LATEST chromedriver version for google-chrome
2025-04-25 20:00:35 - INFO - Get LATEST chromedriver version for google-chrome
2025-04-25 20:00:35 - INFO - Driver [/home/locus/.wdm/drivers/chromedriver/linux64/135.0.7049.114/chromedriver-linux64/chromedriver] found in cache
2025-04-25 20:00:48 - INFO - Erro ao logar no Twitch ou Login já realizado
2025-04-25 20:00:50 - INFO - Iniciando treino...
2025-04-25 20:00:50 - INFO - Realizando 3 buscas nessa sessão
2025-04-25 20:00:50 - INFO - Jogo escolhido: roblox
2025-04-25 20:01:33 - INFO - Assistindo Ranking up for tomorrow [PET SIM99]
SadHyperion
DropsEnabled
fps
Multiplayer
LIVE
9 viewers por 939 segundos
2025-04-25 20:01:56 - INFO - Canais Recomendados atualmente:
2025-04-25 20:01:56 - INFO - Canal Recomendado 0: kreekcraft (https://www.twitch.tv/kreekcraft)
2025-04-25 20:02:01 - INFO - Canal Recomendado 1: vadriss (https://www.twitch.tv/vadriss)
2025-04-25 20:02:05 - INFO - Canal Recomendado 2: sigy (https://www.twitch.tv/sigy)
2025-04-25 20:02:10 - INFO - Canal Recomendado 3: jay3 (https://www.twitch.tv/jay3)
2025-04-25 20:02:15 - INFO - Canal Recomendado 4: emongg (https://www.twitch.tv/emongg)
2025-04-25 20:02:19 - INFO - Canal Recomendado 5: drdonutttttt (https://www.twitch.tv/drdonutttttt)
2025-04-25 20:02:24 - INFO - Canal Recomendado 6: n1nen1nen1ne (https://www.twitch.tv/n1nen1nen1ne)
2025-04-25 20:02:28 - INFO - Canal Recomendado 7: akolon29 (https://www.twitch.tv/akolon29)
2025-04-25 20:02:33 - INFO - Canal Recomendado 8: sirdandeman (https://www.twitch.tv/sirdandeman)
2025-04-25 20:02:43 - INFO - Successfully logged onto Twitch WS: subze2004
2025-04-25 20:18:20 - INFO - Coletado chat do canal sadhyperion por 939 segundos
2025-04-25 20:18:20 - INFO - Tempo de visualização encerrado, busca 1 de 3 encerrada
2025-04-25 20:18:20 - INFO - Jogo escolhido: marvel-rivals
2025-04-25 20:19:06 - INFO - Assistindo 💥 THUNDERBOLTS* MARVEL RIVALS SHOWDOWN | In theaters MAY 2 | Get tickets now | @Marvel | #ad
Emongg
English
DropsEnabled
LIVE
2.5K viewers por 780 segundos
2025-04-25 20:19:30 - INFO - Canais Recomendados atualmente:
2025-04-25 20:19:30 - INFO - Canal Recomendado 0: kreekcraft (https://www.twitch.tv/kreekcraft)
2025-04-25 20:19:35 - INFO - Canal Recomendado 1: vadriss (https://www.twitch.tv/vadriss)
2025-04-25 20:19:40 - INFO - Canal Recomendado 2: sigy (https://www.twitch.tv/sigy)
2025-04-25 20:19:44 - INFO - Canal Recomendado 3: jay3 (https://www.twitch.tv/jay3)
2025-04-25 20:19:49 - INFO - Canal Recomendado 4: emongg (https://www.twitch.tv/emongg)
2025-04-25 20:19:53 - INFO - Canal Recomendado 5: drdonutttttt (https://www.twitch.tv/drdonutttttt)
2025-04-25 20:19:58 - INFO - Canal Recomendado 6: vulture_ow (https://www.twitch.tv/vulture_ow)
2025-04-25 20:20:03 - INFO - Canal Recomendado 7: chosen_ow (https://www.twitch.tv/chosen_ow)
2025-04-25 20:20:07 - INFO - Canal Recomendado 8: codebreaker (https://www.twitch.tv/codebreaker)
2025-04-25 20:20:17 - INFO - Successfully logged onto Twitch WS: subze2004
2025-04-25 20:33:15 - INFO - Coletado chat do canal emongg por 780 segundos
2025-04-25 20:33:15 - INFO - Tempo de visualização encerrado, busca 2 de 3 encerrada
2025-04-25 20:33:15 - INFO - Jogo escolhido: the-sims-4
2025-04-25 20:34:00 - INFO - Assistindo Making Over My Save File!
HayIshMandy
women
English
girl
blonde
LIVE
59 viewers por 1135 segundos
2025-04-25 20:34:23 - INFO - Canais Recomendados atualmente:
2025-04-25 20:34:23 - INFO - Canal Recomendado 0: kreekcraft (https://www.twitch.tv/kreekcraft)
2025-04-25 20:34:28 - INFO - Canal Recomendado 1: vadriss (https://www.twitch.tv/vadriss)
2025-04-25 20:34:39 - INFO - Canal Recomendado 2: gale (https://www.twitch.tv/gale)
2025-04-25 20:34:43 - INFO - Canal Recomendado 3: emongg (https://www.twitch.tv/emongg)
2025-04-25 20:34:48 - INFO - Canal Recomendado 4: guru (https://www.twitch.tv/guru)
2025-04-25 20:34:52 - INFO - Canal Recomendado 5: jay3 (https://www.twitch.tv/jay3)
2025-04-25 20:34:57 - INFO - Canal Recomendado 6: simmerswig (https://www.twitch.tv/simmerswig)
2025-04-25 20:35:01 - INFO - Canal Recomendado 7: cozy_gamer8 (https://www.twitch.tv/cozy_gamer8)
2025-04-25 20:35:06 - INFO - Canal Recomendado 8: thegeminibean (https://www.twitch.tv/thegeminibean)
2025-04-25 20:35:17 - INFO - Successfully logged onto Twitch WS: subze2004
2025-04-25 20:54:09 - INFO - Coletado chat do canal hayishmandy por 1135 segundos
2025-04-25 20:54:09 - INFO - Tempo de visualização encerrado, busca 3 de 3 encerrada
2025-04-25 20:54:09 - INFO - Treino concluído com sucesso.
2025-04-26 00:00:20 - INFO - ====== WebDriver manager ======
2025-04-26 00:00:20 - INFO - Get LATEST chromedriver version for google-chrome
2025-04-26 00:00:21 - INFO - Get LATEST chromedriver version for google-chrome
2025-04-26 00:00:21 - INFO - Get LATEST chromedriver version for google-chrome
2025-04-26 00:00:22 - INFO - WebDriver version 135.0.7049.114 selected
2025-04-26 00:00:22 - INFO - Modern chrome version https://storage.googleapis.com/chrome-for-testing-public/135.0.7049.114/linux64/chromedriver-linux64.zip
2025-04-26 00:00:22 - INFO - About to download new driver from https://storage.googleapis.com/chrome-for-testing-public/135.0.7049.114/linux64/chromedriver-linux64.zip
2025-04-26 00:00:23 - INFO - Driver downloading response is 200
2025-04-26 00:00:24 - INFO - Get LATEST chromedriver version for google-chrome
2025-04-26 00:00:25 - INFO - Driver has been saved in cache [/home/locus/.wdm/drivers/chromedriver/linux64/135.0.7049.114]
2025-04-26 00:00:38 - INFO - Erro ao logar no Twitch ou Login já realizado
2025-04-26 00:00:40 - INFO - Iniciando treino...
2025-04-26 00:00:40 - INFO - Realizando 3 buscas nessa sessão
2025-04-26 00:00:40 - INFO - Jogo escolhido: marvel-rivals
2025-04-26 00:01:24 - INFO - Assistindo [DROPS✔️] DUELIST GOD - PATH TO ETERNITY
Gale
DropsEnabled
marvelrivals
LIVE
1.1K viewers por 786 segundos
2025-04-26 00:01:47 - INFO - Canais Recomendados atualmente:
2025-04-26 00:01:47 - INFO - Canal Recomendado 0: gale (https://www.twitch.tv/gale)
2025-04-26 00:01:52 - INFO - Canal Recomendado 1: vadriss (https://www.twitch.tv/vadriss)
2025-04-26 00:01:56 - INFO - Canal Recomendado 2: sigy (https://www.twitch.tv/sigy)
2025-04-26 00:02:01 - INFO - Canal Recomendado 3: typicalgamer (https://www.twitch.tv/typicalgamer)
2025-04-26 00:02:06 - INFO - Canal Recomendado 4: worldofchap (https://www.twitch.tv/worldofchap)
2025-04-26 00:02:11 - INFO - Canal Recomendado 5: aspen (https://www.twitch.tv/aspen)
2025-04-26 00:02:15 - INFO - Canal Recomendado 6: m0xyy (https://www.twitch.tv/m0xyy)
2025-04-26 00:02:20 - INFO - Canal Recomendado 7: nodamagerocket (https://www.twitch.tv/nodamagerocket)
2025-04-26 00:02:25 - INFO - Canal Recomendado 8: storytimebed (https://www.twitch.tv/storytimebed)
2025-04-26 00:02:35 - INFO - Successfully logged onto Twitch WS: subze2004
2025-04-26 00:15:39 - INFO - Coletado chat do canal gale por 786 segundos
2025-04-26 00:15:39 - INFO - Tempo de visualização encerrado, busca 1 de 3 encerrada
2025-04-26 00:15:39 - INFO - Jogo escolhido: grand-theft-auto-v
2025-04-26 00:16:22 - INFO - Assistindo Day 25 of UNCAPPED Birthday SUBATHON | Partner Anniversary | !PNS !merch !subathon !goals #Ad #Sponsorship
vadriss
English
LGBTQ
Gay
femboy
LIVE
840 viewers por 765 segundos
2025-04-26 00:16:43 - INFO - Canais Recomendados atualmente:
2025-04-26 00:16:43 - INFO - Canal Recomendado 0: gale (https://www.twitch.tv/gale)
2025-04-26 00:16:48 - INFO - Canal Recomendado 1: vadriss (https://www.twitch.tv/vadriss)
2025-04-26 00:16:53 - INFO - Canal Recomendado 2: sigy (https://www.twitch.tv/sigy)
2025-04-26 00:16:57 - INFO - Canal Recomendado 3: typicalgamer (https://www.twitch.tv/typicalgamer)
2025-04-26 00:17:02 - INFO - Canal Recomendado 4: worldofchap (https://www.twitch.tv/worldofchap)
2025-04-26 00:17:06 - INFO - Canal Recomendado 5: aspen (https://www.twitch.tv/aspen)
2025-04-26 00:17:11 - INFO - Canal Recomendado 6: qaymichael (https://www.twitch.tv/qaymichael)
2025-04-26 00:17:16 - INFO - Canal Recomendado 7: barbie192022 (https://www.twitch.tv/barbie192022)
2025-04-26 00:17:21 - INFO - Canal Recomendado 8: paypay (https://www.twitch.tv/paypay)
2025-04-26 00:17:31 - INFO - Successfully logged onto Twitch WS: subze2004
2025-04-26 00:30:13 - INFO - Coletado chat do canal vadriss por 765 segundos
2025-04-26 00:30:13 - INFO - Tempo de visualização encerrado, busca 2 de 3 encerrada
2025-04-26 00:30:13 - INFO - Jogo escolhido: ea-sports-fc-25
2025-04-26 00:30:56 - INFO - Assistindo Champions Finals early morning
Bonfire5th
english
ps5
LIVE
2 viewers por 1099 segundos
2025-04-26 00:31:18 - INFO - Canais Recomendados atualmente:
2025-04-26 00:31:18 - INFO - Canal Recomendado 0: gale (https://www.twitch.tv/gale)
2025-04-26 00:31:23 - INFO - Canal Recomendado 1: vadriss (https://www.twitch.tv/vadriss)
2025-04-26 00:31:28 - INFO - Canal Recomendado 2: sigy (https://www.twitch.tv/sigy)
2025-04-26 00:31:32 - INFO - Canal Recomendado 3: typicalgamer (https://www.twitch.tv/typicalgamer)
2025-04-26 00:31:37 - INFO - Canal Recomendado 4: worldofchap (https://www.twitch.tv/worldofchap)
2025-04-26 00:31:41 - INFO - Canal Recomendado 5: aspen (https://www.twitch.tv/aspen)
2025-04-26 00:31:46 - INFO - Canal Recomendado 6: ewikson2 (https://www.twitch.tv/ewikson2)
2025-04-26 00:31:53 - INFO - Canal Recomendado 7: stevehash (https://www.twitch.tv/stevehash)
2025-04-26 00:31:58 - INFO - Canal Recomendado 8: chooch (https://www.twitch.tv/chooch)
2025-04-26 00:32:08 - INFO - Successfully logged onto Twitch WS: subze2004
2025-04-26 00:50:24 - INFO - Coletado chat do canal bonfire5th por 1099 segundos
2025-04-26 00:50:24 - INFO - Tempo de visualização encerrado, busca 3 de 3 encerrada
2025-04-26 00:50:24 - INFO - Treino concluído com sucesso.
2025-04-26 04:00:35 - INFO - ====== WebDriver manager ======
2025-04-26 04:00:35 - INFO - Get LATEST chromedriver version for google-chrome
2025-04-26 04:00:36 - INFO - Get LATEST chromedriver version for google-chrome
2025-04-26 04:00:37 - INFO - Driver [/home/locus/.wdm/drivers/chromedriver/linux64/135.0.7049.114/chromedriver-linux64/chromedriver] found in cache
2025-04-26 04:00:50 - INFO - Erro ao logar no Twitch ou Login já realizado
2025-04-26 04:00:52 - INFO - Iniciando treino...
2025-04-26 04:00:52 - INFO - Realizando 4 buscas nessa sessão
2025-04-26 04:00:52 - INFO - Jogo escolhido: counter-strike
2025-04-26 04:01:38 - INFO - Assistindo IEM MELBOURNE LOSING MY MIND IN FACEIT UNTIL THEN 🥗 road to 1 million followers
fl0m
English
Pro
FAT
Washed
LIVE
2.8K viewers por 767 segundos
2025-04-26 04:01:59 - INFO - Canais Recomendados atualmente:
2025-04-26 04:01:59 - INFO - Canal Recomendado 0: eslcs (https://www.twitch.tv/eslcs)
2025-04-26 04:02:06 - INFO - Canal Recomendado 1: guru (https://www.twitch.tv/guru)
2025-04-26 04:02:11 - INFO - Canal Recomendado 2: vadriss (https://www.twitch.tv/vadriss)
2025-04-26 04:02:16 - INFO - Canal Recomendado 3: sigy (https://www.twitch.tv/sigy)
2025-04-26 04:02:22 - INFO - Canal Recomendado 4: matthdgamer (https://www.twitch.tv/matthdgamer)
2025-04-26 04:02:27 - INFO - Canal Recomendado 5: oatley (https://www.twitch.tv/oatley)
2025-04-26 04:02:32 - INFO - Canal Recomendado 6: stewie2k (https://www.twitch.tv/stewie2k)
2025-04-26 04:02:37 - INFO - Canal Recomendado 7: austincs_ (https://www.twitch.tv/austincs_)
2025-04-26 04:02:42 - INFO - Canal Recomendado 8: phycasts (https://www.twitch.tv/phycasts)
2025-04-26 04:02:53 - INFO - Successfully logged onto Twitch WS: subze2004
2025-04-26 04:15:38 - INFO - Coletado chat do canal fl0m por 767 segundos
2025-04-26 04:15:38 - INFO - Tempo de visualização encerrado, busca 1 de 4 encerrada
2025-04-26 04:15:38 - INFO - Jogo escolhido: minecraft
2025-04-26 04:16:20 - INFO - Assistindo 🌷 1,900+ day hardcore world • statue buildingggg 🌷 !tiktok
mellondoodle
minecraft
English
Cozy
LIVE
75 viewers por 686 segundos
2025-04-26 04:16:45 - INFO - Canais Recomendados atualmente:
2025-04-26 04:16:45 - INFO - Canal Recomendado 0: eslcs (https://www.twitch.tv/eslcs)
2025-04-26 04:16:51 - INFO - Canal Recomendado 1: ohnepixel (https://www.twitch.tv/ohnepixel)
2025-04-26 04:16:56 - INFO - Canal Recomendado 2: vadriss (https://www.twitch.tv/vadriss)
2025-04-26 04:17:01 - INFO - Canal Recomendado 3: guru (https://www.twitch.tv/guru)
2025-04-26 04:17:06 - INFO - Canal Recomendado 4: sigy (https://www.twitch.tv/sigy)
2025-04-26 04:17:10 - INFO - Canal Recomendado 5: oatley (https://www.twitch.tv/oatley)
2025-04-26 04:17:16 - INFO - Canal Recomendado 6: cincitylive (https://www.twitch.tv/cincitylive)
2025-04-26 04:17:21 - INFO - Canal Recomendado 7: nestinthenorthwest (https://www.twitch.tv/nestinthenorthwest)
2025-04-26 04:17:26 - INFO - Canal Recomendado 8: bloomsom (https://www.twitch.tv/bloomsom)
2025-04-26 04:17:37 - INFO - Successfully logged onto Twitch WS: subze2004
2025-04-26 04:29:00 - INFO - Coletado chat do canal mellondoodle por 686 segundos
2025-04-26 04:29:00 - INFO - Tempo de visualização encerrado, busca 2 de 4 encerrada
2025-04-26 04:29:00 - INFO - Jogo escolhido: roblox
2025-04-26 04:29:42 - INFO - Assistindo DAY 478, NOT SLEEPING TONIGHT | !discord !youtube !tiktok !twitter !newvid
HeyyVance
gaming
reactions
English
LIVE
286 viewers por 946 segundos
2025-04-26 04:30:05 - INFO - Canais Recomendados atualmente:
2025-04-26 04:30:05 - INFO - Canal Recomendado 0: eslcs (https://www.twitch.tv/eslcs)
2025-04-26 04:30:10 - INFO - Canal Recomendado 1: ohnepixel (https://www.twitch.tv/ohnepixel)
2025-04-26 04:30:14 - INFO - Canal Recomendado 2: vadriss (https://www.twitch.tv/vadriss)
2025-04-26 04:30:19 - INFO - Canal Recomendado 3: guru (https://www.twitch.tv/guru)
2025-04-26 04:30:24 - INFO - Canal Recomendado 4: sigy (https://www.twitch.tv/sigy)
2025-04-26 04:30:28 - INFO - Canal Recomendado 5: oatley (https://www.twitch.tv/oatley)
2025-04-26 04:30:33 - INFO - Canal Recomendado 6: mikecakezlive (https://www.twitch.tv/mikecakezlive)
2025-04-26 04:30:37 - INFO - Canal Recomendado 7: pixeldrinky (https://www.twitch.tv/pixeldrinky)
2025-04-26 04:30:42 - INFO - Canal Recomendado 8: twaimzzz (https://www.twitch.tv/twaimzzz)
2025-04-26 04:30:52 - INFO - Successfully logged onto Twitch WS: subze2004
2025-04-26 04:46:36 - INFO - Coletado chat do canal heyyvance por 946 segundos
2025-04-26 04:46:36 - INFO - Tempo de visualização encerrado, busca 3 de 4 encerrada
2025-04-26 04:46:36 - INFO - Jogo escolhido: league-of-legends
2025-04-26 04:47:16 - INFO - Assistindo Saturday sesh with your 2nd fav INTA
midbeast
Australia
Manipulator
LIVE
1.2K viewers por 832 segundos
2025-04-26 04:47:37 - INFO - Canais Recomendados atualmente:
2025-04-26 04:47:37 - INFO - Canal Recomendado 0: ohnepixel (https://www.twitch.tv/ohnepixel)
2025-04-26 04:47:42 - INFO - Canal Recomendado 1: eslcs (https://www.twitch.tv/eslcs)
2025-04-26 04:47:47 - INFO - Canal Recomendado 2: guru (https://www.twitch.tv/guru)
2025-04-26 04:47:51 - INFO - Canal Recomendado 3: sigy (https://www.twitch.tv/sigy)
2025-04-26 04:47:56 - INFO - Canal Recomendado 4: oatley (https://www.twitch.tv/oatley)
2025-04-26 04:48:00 - INFO - Canal Recomendado 5: beardageddon (https://www.twitch.tv/beardageddon)
2025-04-26 04:48:05 - INFO - Canal Recomendado 6: bwipolol (https://www.twitch.tv/bwipolol)
2025-04-26 04:48:09 - INFO - Canal Recomendado 7: viper (https://www.twitch.tv/viper)
2025-04-26 04:48:14 - INFO - Canal Recomendado 8: xdavemon (https://www.twitch.tv/xdavemon)
2025-04-26 04:48:24 - INFO - Successfully logged onto Twitch WS: subze2004
2025-04-26 05:02:13 - INFO - Coletado chat do canal midbeast por 832 segundos
2025-04-26 05:02:13 - INFO - Tempo de visualização encerrado, busca 4 de 4 encerrada
2025-04-26 05:02:13 - INFO - Treino concluído com sucesso.
2025-04-26 08:00:24 - INFO - ====== WebDriver manager ======
2025-04-26 08:00:24 - INFO - Get LATEST chromedriver version for google-chrome
2025-04-26 08:00:25 - INFO - Get LATEST chromedriver version for google-chrome
2025-04-26 08:00:25 - INFO - Driver [/home/locus/.wdm/drivers/chromedriver/linux64/135.0.7049.114/chromedriver-linux64/chromedriver] found in cache
2025-04-26 08:00:38 - INFO - Erro ao logar no Twitch ou Login já realizado
2025-04-26 08:00:39 - INFO - Iniciando treino...
2025-04-26 08:00:39 - INFO - Realizando 4 buscas nessa sessão
2025-04-26 08:00:39 - INFO - Jogo escolhido: marvel-rivals
2025-04-26 08:01:19 - INFO - Assistindo 🥝[DROPS ENABLED] MANA STREAMING | MARVEL RIVALS| !discord !mana !drops |
SWEETAZ_GAMING
NewZealand
PacificIslander
LIVE
18 viewers por 898 segundos
2025-04-26 08:01:42 - INFO - Canais Recomendados atualmente:
2025-04-26 08:01:42 - INFO - Canal Recomendado 0: eslcs (https://www.twitch.tv/eslcs)
2025-04-26 08:01:47 - INFO - Canal Recomendado 1: guru (https://www.twitch.tv/guru)
2025-04-26 08:01:52 - INFO - Canal Recomendado 2: oatley (https://www.twitch.tv/oatley)
2025-04-26 08:01:56 - INFO - Canal Recomendado 3: dannyaarons (https://www.twitch.tv/dannyaarons)
2025-04-26 08:02:00 - INFO - Canal Recomendado 4: chosen_ow (https://www.twitch.tv/chosen_ow)
2025-04-26 08:02:05 - INFO - Canal Recomendado 5: valorant_pacific (https://www.twitch.tv/valorant_pacific)
2025-04-26 08:02:10 - INFO - Canal Recomendado 6: nautilifts (https://www.twitch.tv/nautilifts)
2025-04-26 08:02:14 - INFO - Canal Recomendado 7: byrneski (https://www.twitch.tv/byrneski)
2025-04-26 08:02:19 - INFO - Canal Recomendado 8: keemoney415 (https://www.twitch.tv/keemoney415)
2025-04-26 08:02:29 - INFO - Successfully logged onto Twitch WS: subze2004
2025-04-26 08:17:25 - INFO - Coletado chat do canal sweetaz_gaming por 898 segundos
2025-04-26 08:17:25 - INFO - Tempo de visualização encerrado, busca 1 de 4 encerrada
2025-04-26 08:17:25 - INFO - Jogo escolhido: sea-of-thieves
2025-04-26 08:18:07 - INFO - Assistindo 🟩 DROPS 🟩 PRO PVP 🟩 !discord @slimeypigeon
Flux
drops
Adventure
English
LIVE
132 viewers por 882 segundos
2025-04-26 08:18:30 - INFO - Canais Recomendados atualmente:
2025-04-26 08:18:30 - INFO - Canal Recomendado 0: guru (https://www.twitch.tv/guru)
2025-04-26 08:18:36 - INFO - Canal Recomendado 1: eslcs (https://www.twitch.tv/eslcs)
2025-04-26 08:18:40 - INFO - Canal Recomendado 2: oatley (https://www.twitch.tv/oatley)
2025-04-26 08:18:44 - INFO - Canal Recomendado 3: dannyaarons (https://www.twitch.tv/dannyaarons)
2025-04-26 08:18:49 - INFO - Canal Recomendado 4: chosen_ow (https://www.twitch.tv/chosen_ow)
2025-04-26 08:18:53 - INFO - Canal Recomendado 5: valorant_pacific (https://www.twitch.tv/valorant_pacific)
2025-04-26 08:18:58 - INFO - Canal Recomendado 6: cjshiz (https://www.twitch.tv/cjshiz)
2025-04-26 08:19:03 - INFO - Canal Recomendado 7: flotsam (https://www.twitch.tv/flotsam)
2025-04-26 08:19:08 - INFO - Canal Recomendado 8: ekim941 (https://www.twitch.tv/ekim941)
2025-04-26 08:19:17 - INFO - Successfully logged onto Twitch WS: subze2004
2025-04-26 08:33:57 - INFO - Coletado chat do canal flux por 882 segundos
2025-04-26 08:33:57 - INFO - Tempo de visualização encerrado, busca 2 de 4 encerrada
2025-04-26 08:33:57 - INFO - Jogo escolhido: roblox
2025-04-26 08:34:41 - INFO - Assistindo ✬ PS99 | BGSI ✬ NEW CARDS!! 😍 ✪ Offical Partner ✪
botjayttv
Deutsch
honestman
English
LIVE
46 viewers por 1061 segundos
2025-04-26 08:35:03 - INFO - Canais Recomendados atualmente:
2025-04-26 08:35:03 - INFO - Canal Recomendado 0: guru (https://www.twitch.tv/guru)
2025-04-26 08:35:08 - INFO - Canal Recomendado 1: eslcs (https://www.twitch.tv/eslcs)
2025-04-26 08:35:13 - INFO - Canal Recomendado 2: oatley (https://www.twitch.tv/oatley)
2025-04-26 08:35:17 - INFO - Canal Recomendado 3: dannyaarons (https://www.twitch.tv/dannyaarons)
2025-04-26 08:35:22 - INFO - Canal Recomendado 4: chosen_ow (https://www.twitch.tv/chosen_ow)
2025-04-26 08:35:26 - INFO - Canal Recomendado 5: valorant_pacific (https://www.twitch.tv/valorant_pacific)
2025-04-26 08:35:31 - INFO - Canal Recomendado 6: kiwicaster (https://www.twitch.tv/kiwicaster)
2025-04-26 08:35:36 - INFO - Canal Recomendado 7: sirdandeman (https://www.twitch.tv/sirdandeman)
2025-04-26 08:35:40 - INFO - Canal Recomendado 8: onlyfye (https://www.twitch.tv/onlyfye)
2025-04-26 08:35:50 - INFO - Successfully logged onto Twitch WS: subze2004
2025-04-26 08:53:29 - INFO - Coletado chat do canal botjayttv por 1061 segundos
2025-04-26 08:53:29 - INFO - Tempo de visualização encerrado, busca 3 de 4 encerrada
2025-04-26 08:53:29 - INFO - Jogo escolhido: the-sims-4
2025-04-26 08:54:10 - INFO - Assistindo BUILDING A FALLOUT VAULT IN SIMS! ~ USE CODE LUCY #ad| !socials !wishlist 🌈 [AUS] 🍉 !STRIKE
LucyL
NeatDude
LGBTQIAPlus
LIVE
39 viewers por 733 segundos
2025-04-26 08:54:36 - INFO - Canais Recomendados atualmente:
2025-04-26 08:54:36 - INFO - Canal Recomendado 0: guru (https://www.twitch.tv/guru)
2025-04-26 08:54:41 - INFO - Canal Recomendado 1: oatley (https://www.twitch.tv/oatley)
2025-04-26 08:54:46 - INFO - Canal Recomendado 2: dannyaarons (https://www.twitch.tv/dannyaarons)
2025-04-26 08:54:50 - INFO - Canal Recomendado 3: eslcs (https://www.twitch.tv/eslcs)
2025-04-26 08:54:55 - INFO - Canal Recomendado 4: chosen_ow (https://www.twitch.tv/chosen_ow)
2025-04-26 08:54:59 - INFO - Canal Recomendado 5: valorant_pacific (https://www.twitch.tv/valorant_pacific)
2025-04-26 08:55:04 - INFO - Canal Recomendado 6: jeremy_gonewild (https://www.twitch.tv/jeremy_gonewild)
2025-04-26 08:55:09 - INFO - Canal Recomendado 7: itstallyplays (https://www.twitch.tv/itstallyplays)
2025-04-26 08:55:14 - INFO - Canal Recomendado 8: sincerelysarahh (https://www.twitch.tv/sincerelysarahh)
2025-04-26 08:55:23 - INFO - Successfully logged onto Twitch WS: subze2004
2025-04-26 09:07:34 - INFO - Coletado chat do canal lucyl por 733 segundos
2025-04-26 09:07:34 - INFO - Tempo de visualização encerrado, busca 4 de 4 encerrada
2025-04-26 09:07:34 - INFO - Treino concluído com sucesso.
2025-04-26 12:00:44 - INFO - ====== WebDriver manager ======
2025-04-26 12:00:45 - INFO - Get LATEST chromedriver version for google-chrome
2025-04-26 12:00:45 - INFO - Get LATEST chromedriver version for google-chrome
2025-04-26 12:00:46 - INFO - Driver [/home/locus/.wdm/drivers/chromedriver/linux64/135.0.7049.114/chromedriver-linux64/chromedriver] found in cache
2025-04-26 12:00:57 - INFO - Erro ao logar no Twitch ou Login já realizado
2025-04-26 12:00:58 - INFO - Iniciando treino...
2025-04-26 12:00:58 - INFO - Realizando 5 buscas nessa sessão
2025-04-26 12:00:58 - INFO - Jogo escolhido: grand-theft-auto-v
2025-04-26 12:01:41 - INFO - Assistindo WHO'S LYING?😈 AYRA PHOENIX 🐦 PET SHOP 🐾 559 🔷 JESSICA BENSON 👮🏼‍♀️ URP OWNER 🧡 inZOI CREATOR 💙EPISODE 76 🎥 !UNSTOPPABLE !WL
harriettcxo
unstoppable
unstoppablerp
LIVE
179 viewers por 1071 segundos
2025-04-26 12:02:04 - INFO - Canais Recomendados atualmente:
2025-04-26 12:02:04 - INFO - Canal Recomendado 0: guru (https://www.twitch.tv/guru)
2025-04-26 12:02:09 - INFO - Canal Recomendado 1: dannyaarons (https://www.twitch.tv/dannyaarons)
2025-04-26 12:02:13 - INFO - Canal Recomendado 2: caedrel (https://www.twitch.tv/caedrel)
2025-04-26 12:02:18 - INFO - Canal Recomendado 3: arguz11 (https://www.twitch.tv/arguz11)
2025-04-26 12:02:23 - INFO - Canal Recomendado 4: chosen_ow (https://www.twitch.tv/chosen_ow)
2025-04-26 12:02:27 - INFO - Canal Recomendado 5: fortnite (https://www.twitch.tv/fortnite)
2025-04-26 12:02:32 - INFO - Canal Recomendado 6: misslea__rp (https://www.twitch.tv/misslea__rp)
2025-04-26 12:02:37 - INFO - Canal Recomendado 7: steeelonline (https://www.twitch.tv/steeelonline)
2025-04-26 12:02:42 - INFO - Canal Recomendado 8: tr4nsf0rm_rp (https://www.twitch.tv/tr4nsf0rm_rp)
2025-04-26 12:02:51 - INFO - Successfully logged onto Twitch WS: subze2004
2025-04-26 12:20:40 - INFO - Coletado chat do canal harriettcxo por 1071 segundos
2025-04-26 12:20:40 - INFO - Tempo de visualização encerrado, busca 1 de 5 encerrada
2025-04-26 12:20:40 - INFO - Jogo escolhido: valorant
2025-04-26 12:21:24 - INFO - Assistindo have cypher you seen ever husky this do? - VALORANT
AcreTheDog
playingwithviewers
cypher
LIVE
190 viewers por 1097 segundos
2025-04-26 12:21:48 - INFO - Canais Recomendados atualmente:
2025-04-26 12:21:48 - INFO - Canal Recomendado 0: guru (https://www.twitch.tv/guru)
2025-04-26 12:21:53 - INFO - Canal Recomendado 1: dannyaarons (https://www.twitch.tv/dannyaarons)
2025-04-26 12:21:58 - INFO - Canal Recomendado 2: caedrel (https://www.twitch.tv/caedrel)
2025-04-26 12:22:02 - INFO - Canal Recomendado 3: arguz11 (https://www.twitch.tv/arguz11)
2025-04-26 12:22:07 - INFO - Canal Recomendado 4: fortnite (https://www.twitch.tv/fortnite)
2025-04-26 12:22:11 - INFO - Canal Recomendado 5: iddqd (https://www.twitch.tv/iddqd)
2025-04-26 12:22:16 - INFO - Canal Recomendado 6: flexinja (https://www.twitch.tv/flexinja)
2025-04-26 12:22:20 - INFO - Canal Recomendado 7: somarcus (https://www.twitch.tv/somarcus)
2025-04-26 12:22:25 - INFO - Canal Recomendado 8: wtfslump (https://www.twitch.tv/wtfslump)
2025-04-26 12:22:35 - INFO - Successfully logged onto Twitch WS: subze2004
2025-04-26 12:40:50 - INFO - Coletado chat do canal acrethedog por 1097 segundos
2025-04-26 12:40:50 - INFO - Tempo de visualização encerrado, busca 2 de 5 encerrada
2025-04-26 12:40:50 - INFO - Jogo escolhido: roblox
2025-04-26 12:41:34 - INFO - Assistindo [ENG/FIL | 18+] Birthday Stream!!!!!!!!!!!!!! // !discord !fish !fishleaderboard
qadrienne
BirthdayStream
yapper
LIVE
12 viewers por 1152 segundos
2025-04-26 12:41:58 - INFO - Canais Recomendados atualmente:
2025-04-26 12:41:58 - INFO - Canal Recomendado 0: guru (https://www.twitch.tv/guru)
2025-04-26 12:42:03 - INFO - Canal Recomendado 1: dannyaarons (https://www.twitch.tv/dannyaarons)
2025-04-26 12:42:08 - INFO - Canal Recomendado 2: caedrel (https://www.twitch.tv/caedrel)
2025-04-26 12:42:12 - INFO - Canal Recomendado 3: arguz11 (https://www.twitch.tv/arguz11)
2025-04-26 12:42:17 - INFO - Canal Recomendado 4: fortnite (https://www.twitch.tv/fortnite)
2025-04-26 12:42:21 - INFO - Canal Recomendado 5: iddqd (https://www.twitch.tv/iddqd)
2025-04-26 12:42:26 - INFO - Canal Recomendado 6: misonomiso (https://www.twitch.tv/misonomiso)
2025-04-26 12:42:31 - INFO - Canal Recomendado 7: onlyfye (https://www.twitch.tv/onlyfye)
2025-04-26 12:42:36 - INFO - Canal Recomendado 8: chrolinkz (https://www.twitch.tv/chrolinkz)
2025-04-26 12:42:45 - INFO - Successfully logged onto Twitch WS: subze2004
2025-04-26 13:01:55 - INFO - Coletado chat do canal qadrienne por 1152 segundos
2025-04-26 13:01:55 - INFO - Tempo de visualização encerrado, busca 3 de 5 encerrada
2025-04-26 13:01:55 - INFO - Jogo escolhido: sea-of-thieves
2025-04-26 13:02:40 - INFO - Assistindo 🏴‍☠️SoT Twitch Drops / Update🏴‍☠️ TTS 500 !latest
BoxyFresh
OnlyUpChampion
GetToWorkCEO
LIVE
2.1K viewers por 622 segundos
2025-04-26 13:03:03 - INFO - Canais Recomendados atualmente:
2025-04-26 13:03:03 - INFO - Canal Recomendado 0: guru (https://www.twitch.tv/guru)
2025-04-26 13:03:08 - INFO - Canal Recomendado 1: dannyaarons (https://www.twitch.tv/dannyaarons)
2025-04-26 13:03:13 - INFO - Canal Recomendado 2: caedrel (https://www.twitch.tv/caedrel)
2025-04-26 13:03:17 - INFO - Canal Recomendado 3: arguz11 (https://www.twitch.tv/arguz11)
2025-04-26 13:03:21 - INFO - Canal Recomendado 4: fortnite (https://www.twitch.tv/fortnite)
2025-04-26 13:03:26 - INFO - Canal Recomendado 5: iddqd (https://www.twitch.tv/iddqd)
2025-04-26 13:03:30 - INFO - Canal Recomendado 6: beardageddon (https://www.twitch.tv/beardageddon)
2025-04-26 13:03:35 - INFO - Canal Recomendado 7: flotsam (https://www.twitch.tv/flotsam)
2025-04-26 13:03:40 - INFO - Canal Recomendado 8: raccoonlamundo (https://www.twitch.tv/raccoonlamundo)
2025-04-26 13:03:50 - INFO - Successfully logged onto Twitch WS: subze2004
2025-04-26 13:14:10 - INFO - Coletado chat do canal boxyfresh por 622 segundos
2025-04-26 13:14:10 - INFO - Tempo de visualização encerrado, busca 4 de 5 encerrada
2025-04-26 13:14:10 - INFO - Jogo escolhido: marvel-rivals
2025-04-26 13:14:56 - INFO - Assistindo !drops support syndicate won || block wars later
bogur
English
bingus
DropsEnabled
LIVE
3.9K viewers por 646 segundos
2025-04-26 13:15:18 - INFO - Canais Recomendados atualmente:
2025-04-26 13:15:18 - INFO - Canal Recomendado 0: guru (https://www.twitch.tv/guru)
2025-04-26 13:15:23 - INFO - Canal Recomendado 1: dannyaarons (https://www.twitch.tv/dannyaarons)
2025-04-26 13:15:28 - INFO - Canal Recomendado 2: boxyfresh (https://www.twitch.tv/boxyfresh)
2025-04-26 13:15:32 - INFO - Canal Recomendado 3: thefreddymc (https://www.twitch.tv/thefreddymc)
2025-04-26 13:15:37 - INFO - Canal Recomendado 4: chosen_ow (https://www.twitch.tv/chosen_ow)
2025-04-26 13:15:42 - INFO - Canal Recomendado 5: fortnite (https://www.twitch.tv/fortnite)
2025-04-26 13:15:46 - INFO - Canal Recomendado 6: cringealarm1 (https://www.twitch.tv/cringealarm1)
2025-04-26 13:15:51 - INFO - Canal Recomendado 7: kayjii (https://www.twitch.tv/kayjii)
2025-04-26 13:15:56 - INFO - Canal Recomendado 8: imperatorfps (https://www.twitch.tv/imperatorfps)
2025-04-26 13:16:05 - INFO - Successfully logged onto Twitch WS: subze2004
2025-04-26 13:26:49 - INFO - Coletado chat do canal bogur por 646 segundos
2025-04-26 13:26:49 - INFO - Tempo de visualização encerrado, busca 5 de 5 encerrada
2025-04-26 13:26:49 - INFO - Treino concluído com sucesso.
2025-04-26 16:00:59 - INFO - ====== WebDriver manager ======
2025-04-26 16:00:59 - INFO - Get LATEST chromedriver version for google-chrome
2025-04-26 16:01:00 - INFO - Get LATEST chromedriver version for google-chrome
2025-04-26 16:01:00 - INFO - Driver [/home/locus/.wdm/drivers/chromedriver/linux64/135.0.7049.114/chromedriver-linux64/chromedriver] found in cache
2025-04-26 16:01:12 - INFO - Erro ao logar no Twitch ou Login já realizado
2025-04-26 16:01:14 - INFO - Iniciando treino...
2025-04-26 16:01:14 - INFO - Realizando 5 buscas nessa sessão
2025-04-26 16:01:14 - INFO - Jogo escolhido: counter-strike
2025-04-26 16:01:59 - INFO - Assistindo HIGHLIGHTS: Vitality vs Falcons - IEM Melbourne 2025
ESLCS
English
LIVE
2.1K viewers por 1047 segundos
2025-04-26 16:02:21 - INFO - Canais Recomendados atualmente:
2025-04-26 16:02:21 - INFO - Canal Recomendado 0: guru (https://www.twitch.tv/guru)
2025-04-26 16:02:29 - INFO - Canal Recomendado 1: sypherpk (https://www.twitch.tv/sypherpk)
2025-04-26 16:02:34 - INFO - Canal Recomendado 2: fortnite (https://www.twitch.tv/fortnite)
2025-04-26 16:02:39 - INFO - Canal Recomendado 3: arguz11 (https://www.twitch.tv/arguz11)
2025-04-26 16:02:45 - INFO - Canal Recomendado 4: thefreddymc (https://www.twitch.tv/thefreddymc)
2025-04-26 16:02:51 - INFO - Canal Recomendado 5: dantes (https://www.twitch.tv/dantes)
2025-04-26 16:02:57 - INFO - Canal Recomendado 6: stewie2k (https://www.twitch.tv/stewie2k)
2025-04-26 16:03:01 - INFO - Canal Recomendado 7: get_right (https://www.twitch.tv/get_right)
2025-04-26 16:03:06 - INFO - Canal Recomendado 8: flusha (https://www.twitch.tv/flusha)
2025-04-26 16:03:15 - INFO - Successfully logged onto Twitch WS: subze2004
2025-04-26 16:20:41 - INFO - Coletado chat do canal eslcs por 1047 segundos
2025-04-26 16:20:41 - INFO - Tempo de visualização encerrado, busca 1 de 5 encerrada
2025-04-26 16:20:41 - INFO - Jogo escolhido: valorant
2025-04-26 16:21:20 - INFO - Assistindo « FLEXING RANKED GUY INSTALOCKS DUELIST BECAUSE PEOPLE DONT HAVE HANDS » 🥝 « !merch » 🥝 !injury (backflip man down) 🥝 follow @keeoh
Keeoh
English
LIVE
345 viewers por 808 segundos
2025-04-26 16:21:45 - INFO - Canais Recomendados atualmente:
2025-04-26 16:21:45 - INFO - Canal Recomendado 0: guru (https://www.twitch.tv/guru)
2025-04-26 16:21:50 - INFO - Canal Recomendado 1: sypherpk (https://www.twitch.tv/sypherpk)
2025-04-26 16:21:55 - INFO - Canal Recomendado 2: thefreddymc (https://www.twitch.tv/thefreddymc)
2025-04-26 16:21:59 - INFO - Canal Recomendado 3: arguz11 (https://www.twitch.tv/arguz11)
2025-04-26 16:22:04 - INFO - Canal Recomendado 4: drdonutttttt (https://www.twitch.tv/drdonutttttt)
2025-04-26 16:22:08 - INFO - Canal Recomendado 5: dantes (https://www.twitch.tv/dantes)
2025-04-26 16:22:13 - INFO - Canal Recomendado 6: inspire (https://www.twitch.tv/inspire)
2025-04-26 16:22:17 - INFO - Canal Recomendado 7: root (https://www.twitch.tv/root)
2025-04-26 16:22:22 - INFO - Canal Recomendado 8: subroza (https://www.twitch.tv/subroza)
2025-04-26 16:22:32 - INFO - Successfully logged onto Twitch WS: subze2004
2025-04-26 16:35:58 - INFO - Coletado chat do canal keeoh por 808 segundos
2025-04-26 16:35:58 - INFO - Tempo de visualização encerrado, busca 2 de 5 encerrada
2025-04-26 16:35:58 - INFO - Jogo escolhido: ea-sports-fc-25
2025-04-26 16:36:40 - INFO - Assistindo VBL Grand Final - Day 1
easportsfc
VBL
Football
vblfinals
LIVE
8.8K viewers por 834 segundos
2025-04-26 16:37:02 - INFO - Canais Recomendados atualmente:
2025-04-26 16:37:02 - INFO - Canal Recomendado 0: guru (https://www.twitch.tv/guru)
2025-04-26 16:37:07 - INFO - Canal Recomendado 1: sypherpk (https://www.twitch.tv/sypherpk)
2025-04-26 16:37:11 - INFO - Canal Recomendado 2: thefreddymc (https://www.twitch.tv/thefreddymc)
2025-04-26 16:37:16 - INFO - Canal Recomendado 3: arguz11 (https://www.twitch.tv/arguz11)
2025-04-26 16:37:20 - INFO - Canal Recomendado 4: drdonutttttt (https://www.twitch.tv/drdonutttttt)
2025-04-26 16:37:25 - INFO - Canal Recomendado 5: dantes (https://www.twitch.tv/dantes)
2025-04-26 16:37:29 - INFO - Canal Recomendado 6: la4awale (https://www.twitch.tv/la4awale)
2025-04-26 16:37:34 - INFO - Canal Recomendado 7: bugs (https://www.twitch.tv/bugs)
2025-04-26 16:37:39 - INFO - Canal Recomendado 8: jafonsogv (https://www.twitch.tv/jafonsogv)
2025-04-26 16:37:49 - INFO - Successfully logged onto Twitch WS: subze2004
2025-04-26 16:51:41 - INFO - Coletado chat do canal easportsfc por 834 segundos
2025-04-26 16:51:41 - INFO - Tempo de visualização encerrado, busca 3 de 5 encerrada
2025-04-26 16:51:41 - INFO - Jogo escolhido: minecraft
2025-04-26 16:52:24 - INFO - Assistindo Use the Down Arrow Key for more guest info
block wars NOW !bw !stack
bogur
 + 3 
silly
English
bingus
LIVE
4.3K viewers por 844 segundos
2025-04-26 16:52:48 - INFO - Canais Recomendados atualmente:
2025-04-26 16:52:48 - INFO - Canal Recomendado 0: guru (https://www.twitch.tv/guru)
2025-04-26 16:52:53 - INFO - Canal Recomendado 1: sypherpk (https://www.twitch.tv/sypherpk)
2025-04-26 16:52:58 - INFO - Canal Recomendado 2: thefreddymc (https://www.twitch.tv/thefreddymc)
2025-04-26 16:53:02 - INFO - Canal Recomendado 3: arguz11 (https://www.twitch.tv/arguz11)
2025-04-26 16:53:07 - INFO - Canal Recomendado 4: devin_caherly (https://www.twitch.tv/devin_caherly)
2025-04-26 16:53:11 - INFO - Canal Recomendado 5: dantes (https://www.twitch.tv/dantes)
2025-04-26 16:53:16 - INFO - Canal Recomendado 6: andr3wow (https://www.twitch.tv/andr3wow)
2025-04-26 16:53:21 - INFO - Canal Recomendado 7: aramori (https://www.twitch.tv/aramori)
2025-04-26 16:53:26 - INFO - Canal Recomendado 8: cringealarm1 (https://www.twitch.tv/cringealarm1)
2025-04-26 16:53:35 - INFO - Successfully logged onto Twitch WS: subze2004
2025-04-26 17:07:37 - INFO - Coletado chat do canal bogur por 844 segundos
2025-04-26 17:07:37 - INFO - Tempo de visualização encerrado, busca 4 de 5 encerrada
2025-04-26 17:07:37 - INFO - Jogo escolhido: overwatch-2
2025-04-26 17:08:21 - INFO - Assistindo [!DROPS] JUNO STADIUM GRINDING -> !newvid !pobox
Aspen
English
DropsEnabled
LIVE
4.3K viewers por 1162 segundos
2025-04-26 17:08:43 - INFO - Canais Recomendados atualmente:
2025-04-26 17:08:43 - INFO - Canal Recomendado 0: guru (https://www.twitch.tv/guru)
2025-04-26 17:08:48 - INFO - Canal Recomendado 1: thefreddymc (https://www.twitch.tv/thefreddymc)
2025-04-26 17:08:53 - INFO - Canal Recomendado 2: sypherpk (https://www.twitch.tv/sypherpk)
2025-04-26 17:08:58 - INFO - Canal Recomendado 3: arguz11 (https://www.twitch.tv/arguz11)
2025-04-26 17:09:02 - INFO - Canal Recomendado 4: devin_caherly (https://www.twitch.tv/devin_caherly)
2025-04-26 17:09:07 - INFO - Canal Recomendado 5: dantes (https://www.twitch.tv/dantes)
2025-04-26 17:09:12 - INFO - Canal Recomendado 6: vulture_ow (https://www.twitch.tv/vulture_ow)
2025-04-26 17:09:16 - INFO - Canal Recomendado 7: cowfee (https://www.twitch.tv/cowfee)
2025-04-26 17:09:21 - INFO - Canal Recomendado 8: fpssunset (https://www.twitch.tv/fpssunset)
2025-04-26 17:09:31 - INFO - Successfully logged onto Twitch WS: subze2004
2025-04-26 17:28:51 - INFO - Coletado chat do canal aspen por 1162 segundos
2025-04-26 17:28:51 - INFO - Tempo de visualização encerrado, busca 5 de 5 encerrada
2025-04-26 17:28:51 - INFO - Treino concluído com sucesso.
2025-04-26 20:00:00 - INFO - ====== WebDriver manager ======
2025-04-26 20:00:00 - INFO - Get LATEST chromedriver version for google-chrome
2025-04-26 20:00:01 - INFO - Get LATEST chromedriver version for google-chrome
2025-04-26 20:00:01 - INFO - Driver [/home/locus/.wdm/drivers/chromedriver/linux64/135.0.7049.114/chromedriver-linux64/chromedriver] found in cache
2025-04-26 20:00:13 - INFO - Erro ao logar no Twitch ou Login já realizado
2025-04-26 20:00:14 - INFO - Iniciando treino...
2025-04-26 20:00:14 - INFO - Realizando 4 buscas nessa sessão
2025-04-26 20:00:14 - INFO - Jogo escolhido: roblox
2025-04-26 20:00:58 - INFO - Assistindo FREE ROBUX ON PLS DONATE! Commands on screen!
Arguz11
English
roblox
Albion
LIVE
27 viewers por 607 segundos
2025-04-26 20:01:23 - INFO - Canais Recomendados atualmente:
2025-04-26 20:01:23 - INFO - Canal Recomendado 0: vadriss (https://www.twitch.tv/vadriss)
2025-04-26 20:01:29 - INFO - Canal Recomendado 1: clix (https://www.twitch.tv/clix)
2025-04-26 20:01:33 - INFO - Canal Recomendado 2: fortnite (https://www.twitch.tv/fortnite)
2025-04-26 20:01:38 - INFO - Canal Recomendado 3: warn (https://www.twitch.tv/warn)
2025-04-26 20:01:43 - INFO - Canal Recomendado 4: sigy (https://www.twitch.tv/sigy)
2025-04-26 20:01:48 - INFO - Canal Recomendado 5: thefreddymc (https://www.twitch.tv/thefreddymc)
2025-04-26 20:01:53 - INFO - Canal Recomendado 6: victoriousflame (https://www.twitch.tv/victoriousflame)
2025-04-26 20:01:58 - INFO - Canal Recomendado 7: zintid (https://www.twitch.tv/zintid)
2025-04-26 20:02:03 - INFO - Canal Recomendado 8: zwhyo_ (https://www.twitch.tv/zwhyo_)
2025-04-26 20:02:13 - INFO - Successfully logged onto Twitch WS: subze2004
2025-04-26 20:12:18 - INFO - Coletado chat do canal arguz11 por 607 segundos
2025-04-26 20:12:18 - INFO - Tempo de visualização encerrado, busca 1 de 4 encerrada
2025-04-26 20:12:18 - INFO - Jogo escolhido: minecraft
2025-04-26 20:13:02 - INFO - Assistindo STREAM WON'T END TILL I COMPLETE ALL ADVANCEMENTS (1.16.1)
thefreddymc
English
LIVE
529 viewers por 678 segundos
2025-04-26 20:13:28 - INFO - Canais Recomendados atualmente:
2025-04-26 20:13:28 - INFO - Canal Recomendado 0: vadriss (https://www.twitch.tv/vadriss)
2025-04-26 20:13:33 - INFO - Canal Recomendado 1: clix (https://www.twitch.tv/clix)
2025-04-26 20:13:38 - INFO - Canal Recomendado 2: fortnite (https://www.twitch.tv/fortnite)
2025-04-26 20:13:42 - INFO - Canal Recomendado 3: sigy (https://www.twitch.tv/sigy)
2025-04-26 20:13:47 - INFO - Canal Recomendado 4: thefreddymc (https://www.twitch.tv/thefreddymc)
2025-04-26 20:13:51 - INFO - Canal Recomendado 5: warn (https://www.twitch.tv/warn)
2025-04-26 20:13:56 - INFO - Canal Recomendado 6: couriway (https://www.twitch.tv/couriway)
2025-04-26 20:14:00 - INFO - Canal Recomendado 7: thehashaq (https://www.twitch.tv/thehashaq)
2025-04-26 20:14:05 - INFO - Canal Recomendado 8: caseoh247 (https://www.twitch.tv/caseoh247)
2025-04-26 20:14:15 - INFO - Successfully logged onto Twitch WS: subze2004
2025-04-26 20:25:31 - INFO - Coletado chat do canal thefreddymc por 678 segundos
2025-04-26 20:25:31 - INFO - Tempo de visualização encerrado, busca 2 de 4 encerrada
2025-04-26 20:25:31 - INFO - Jogo escolhido: marvel-rivals
2025-04-26 20:26:11 - INFO - Assistindo NoDmgRocket Season 2 climb to Celestial! [!banned, !elo, !discord, !requestsong, !graphics, !song]
NoDamageRocket
nodmgrocket
RocketRaccoon
LIVE
511 viewers por 1160 segundos
2025-04-26 20:26:33 - INFO - Canais Recomendados atualmente:
2025-04-26 20:26:33 - INFO - Canal Recomendado 0: vadriss (https://www.twitch.tv/vadriss)
2025-04-26 20:26:38 - INFO - Canal Recomendado 1: clix (https://www.twitch.tv/clix)
2025-04-26 20:26:42 - INFO - Canal Recomendado 2: fortnite (https://www.twitch.tv/fortnite)
2025-04-26 20:26:47 - INFO - Canal Recomendado 3: thefreddymc (https://www.twitch.tv/thefreddymc)
2025-04-26 20:26:52 - INFO - Canal Recomendado 4: sigy (https://www.twitch.tv/sigy)
2025-04-26 20:26:56 - INFO - Canal Recomendado 5: warn (https://www.twitch.tv/warn)
2025-04-26 20:27:00 - INFO - Canal Recomendado 6: reallysticky999 (https://www.twitch.tv/reallysticky999)
2025-04-26 20:27:05 - INFO - Canal Recomendado 7: kephrii (https://www.twitch.tv/kephrii)
2025-04-26 20:27:10 - INFO - Canal Recomendado 8: aramori (https://www.twitch.tv/aramori)
2025-04-26 20:27:20 - INFO - Successfully logged onto Twitch WS: subze2004
2025-04-26 20:46:38 - INFO - Coletado chat do canal nodamagerocket por 1160 segundos
2025-04-26 20:46:38 - INFO - Tempo de visualização encerrado, busca 3 de 4 encerrada
2025-04-26 20:46:38 - INFO - Jogo escolhido: grand-theft-auto-v
2025-04-26 20:47:19 - INFO - Assistindo Day 26 of UNCAPPED Birthday SUBATHON | !PNS !merch !subathon !goals #Ad #Sponsorship
vadriss
femboy
Gay
twitchprideguild
LIVE
831 viewers por 638 segundos
2025-04-26 20:47:40 - INFO - Canais Recomendados atualmente:
2025-04-26 20:47:40 - INFO - Canal Recomendado 0: vadriss (https://www.twitch.tv/vadriss)
2025-04-26 20:47:45 - INFO - Canal Recomendado 1: clix (https://www.twitch.tv/clix)
2025-04-26 20:47:49 - INFO - Canal Recomendado 2: arguz11 (https://www.twitch.tv/arguz11)
2025-04-26 20:47:54 - INFO - Canal Recomendado 3: fortnite (https://www.twitch.tv/fortnite)
2025-04-26 20:47:58 - INFO - Canal Recomendado 4: sigy (https://www.twitch.tv/sigy)
2025-04-26 20:48:03 - INFO - Canal Recomendado 5: thefreddymc (https://www.twitch.tv/thefreddymc)
2025-04-26 20:48:07 - INFO - Canal Recomendado 6: barbie192022 (https://www.twitch.tv/barbie192022)
2025-04-26 20:48:12 - INFO - Canal Recomendado 7: beyern_ (https://www.twitch.tv/beyern_)
2025-04-26 20:48:17 - INFO - Canal Recomendado 8: carmen (https://www.twitch.tv/carmen)
2025-04-26 20:48:27 - INFO - Successfully logged onto Twitch WS: subze2004
2025-04-26 20:59:03 - INFO - Coletado chat do canal vadriss por 638 segundos
2025-04-26 20:59:03 - INFO - Tempo de visualização encerrado, busca 4 de 4 encerrada
2025-04-26 20:59:03 - INFO - Treino concluído com sucesso.
2025-04-27 00:00:13 - INFO - ====== WebDriver manager ======
2025-04-27 00:00:13 - INFO - Get LATEST chromedriver version for google-chrome
2025-04-27 00:00:14 - INFO - Get LATEST chromedriver version for google-chrome
2025-04-27 00:00:14 - INFO - Get LATEST chromedriver version for google-chrome
2025-04-27 00:00:15 - INFO - WebDriver version 135.0.7049.114 selected
2025-04-27 00:00:15 - INFO - Modern chrome version https://storage.googleapis.com/chrome-for-testing-public/135.0.7049.114/linux64/chromedriver-linux64.zip
2025-04-27 00:00:15 - INFO - About to download new driver from https://storage.googleapis.com/chrome-for-testing-public/135.0.7049.114/linux64/chromedriver-linux64.zip
2025-04-27 00:00:16 - INFO - Driver downloading response is 200
2025-04-27 00:00:17 - INFO - Get LATEST chromedriver version for google-chrome
2025-04-27 00:00:18 - INFO - Driver has been saved in cache [/home/locus/.wdm/drivers/chromedriver/linux64/135.0.7049.114]
2025-04-27 00:00:33 - INFO - Erro ao logar no Twitch ou Login já realizado
2025-04-27 00:00:35 - INFO - Iniciando treino...
2025-04-27 00:00:35 - INFO - Realizando 5 buscas nessa sessão
2025-04-27 00:00:35 - INFO - Jogo escolhido: roblox
2025-04-27 00:01:25 - INFO - Assistindo Free Wins in Dead Rails │ !join !user !commands
TrenchMobbs
gaming
chill
roblox
English
LIVE
19 viewers por 1102 segundos
2025-04-27 00:01:47 - INFO - Canais Recomendados atualmente:
2025-04-27 00:01:47 - INFO - Canal Recomendado 0: sigy (https://www.twitch.tv/sigy)
2025-04-27 00:01:53 - INFO - Canal Recomendado 1: vadriss (https://www.twitch.tv/vadriss)
2025-04-27 00:01:58 - INFO - Canal Recomendado 2: arguz11 (https://www.twitch.tv/arguz11)
2025-04-27 00:02:02 - INFO - Canal Recomendado 3: warn (https://www.twitch.tv/warn)
2025-04-27 00:02:07 - INFO - Canal Recomendado 4: keeoh (https://www.twitch.tv/keeoh)
2025-04-27 00:02:13 - INFO - Canal Recomendado 5: drdonutttttt (https://www.twitch.tv/drdonutttttt)
2025-04-27 00:02:17 - INFO - Canal Recomendado 6: sapphiresix (https://www.twitch.tv/sapphiresix)
2025-04-27 00:02:22 - INFO - Canal Recomendado 7: tiscuits (https://www.twitch.tv/tiscuits)
2025-04-27 00:02:27 - INFO - Canal Recomendado 8: jacobfudge123_ (https://www.twitch.tv/jacobfudge123_)
2025-04-27 00:02:37 - INFO - Successfully logged onto Twitch WS: subze2004
2025-04-27 00:20:57 - INFO - Coletado chat do canal trenchmobbs por 1102 segundos
2025-04-27 00:20:57 - INFO - Tempo de visualização encerrado, busca 1 de 5 encerrada
2025-04-27 00:20:57 - INFO - Jogo escolhido: grand-theft-auto-v
2025-04-27 00:21:52 - INFO - Assistindo WOW
CheetoHeadd
English
LIVE
187 viewers por 666 segundos
2025-04-27 00:22:13 - INFO - Canais Recomendados atualmente:
2025-04-27 00:22:13 - INFO - Canal Recomendado 0: sigy (https://www.twitch.tv/sigy)
2025-04-27 00:22:20 - INFO - Canal Recomendado 1: vadriss (https://www.twitch.tv/vadriss)
2025-04-27 00:22:24 - INFO - Canal Recomendado 2: arguz11 (https://www.twitch.tv/arguz11)
2025-04-27 00:22:29 - INFO - Canal Recomendado 3: warn (https://www.twitch.tv/warn)
2025-04-27 00:22:34 - INFO - Canal Recomendado 4: keeoh (https://www.twitch.tv/keeoh)
2025-04-27 00:22:38 - INFO - Canal Recomendado 5: aspen (https://www.twitch.tv/aspen)
2025-04-27 00:22:43 - INFO - Canal Recomendado 6: nexi (https://www.twitch.tv/nexi)
2025-04-27 00:22:48 - INFO - Canal Recomendado 7: yttalk2menice (https://www.twitch.tv/yttalk2menice)
2025-04-27 00:22:52 - INFO - Canal Recomendado 8: jdotty183bx (https://www.twitch.tv/jdotty183bx)
2025-04-27 00:23:02 - INFO - Successfully logged onto Twitch WS: subze2004
2025-04-27 00:34:06 - INFO - Coletado chat do canal cheetoheadd por 666 segundos
2025-04-27 00:34:06 - INFO - Tempo de visualização encerrado, busca 2 de 5 encerrada
2025-04-27 00:34:06 - INFO - Jogo escolhido: fortnite
2025-04-27 00:34:47 - INFO - Assistindo ✨Saturday Squad-Up✨| ♡ !lurk
umisoul
English
Yapper
LIVE
13 viewers por 681 segundos
2025-04-27 00:35:11 - INFO - Canais Recomendados atualmente:
2025-04-27 00:35:11 - INFO - Canal Recomendado 0: vadriss (https://www.twitch.tv/vadriss)
2025-04-27 00:35:22 - INFO - Canal Recomendado 1: sigy (https://www.twitch.tv/sigy)
2025-04-27 00:35:26 - INFO - Canal Recomendado 2: arguz11 (https://www.twitch.tv/arguz11)
2025-04-27 00:35:31 - INFO - Canal Recomendado 3: warn (https://www.twitch.tv/warn)
2025-04-27 00:35:36 - INFO - Canal Recomendado 4: keeoh (https://www.twitch.tv/keeoh)
2025-04-27 00:35:41 - INFO - Canal Recomendado 5: aspen (https://www.twitch.tv/aspen)
2025-04-27 00:35:45 - INFO - Canal Recomendado 6: mezn1a (https://www.twitch.tv/mezn1a)
2025-04-27 00:35:50 - INFO - Canal Recomendado 7: tinatheterror (https://www.twitch.tv/tinatheterror)
2025-04-27 00:35:54 - INFO - Canal Recomendado 8: kalgator143 (https://www.twitch.tv/kalgator143)
2025-04-27 00:36:04 - INFO - Successfully logged onto Twitch WS: subze2004
2025-04-27 00:47:23 - INFO - Coletado chat do canal umisoul por 681 segundos
2025-04-27 00:47:23 - INFO - Tempo de visualização encerrado, busca 3 de 5 encerrada
2025-04-27 00:47:23 - INFO - Jogo escolhido: league-of-legends
2025-04-27 00:48:11 - INFO - Assistindo BACK ON MAIN I WILL GET RANK 1 SAVING NA ☪ 9Yrs Challenger EU/KR/NA😏!coaching !cutoff
humzh
English
LIVE
2.1K viewers por 668 segundos
2025-04-27 00:48:34 - INFO - Canais Recomendados atualmente:
2025-04-27 00:48:34 - INFO - Canal Recomendado 0: wendolynortizz (https://www.twitch.tv/wendolynortizz)
2025-04-27 00:48:40 - INFO - Canal Recomendado 1: vadriss (https://www.twitch.tv/vadriss)
2025-04-27 00:48:44 - INFO - Canal Recomendado 2: seraph_venus (https://www.twitch.tv/seraph_venus)
2025-04-27 00:48:49 - INFO - Canal Recomendado 3: thefreddymc (https://www.twitch.tv/thefreddymc)
2025-04-27 00:48:54 - INFO - Canal Recomendado 4: sigy (https://www.twitch.tv/sigy)
2025-04-27 00:48:59 - INFO - Canal Recomendado 5: keeoh (https://www.twitch.tv/keeoh)
2025-04-27 00:49:05 - INFO - Canal Recomendado 6: sanchovies (https://www.twitch.tv/sanchovies)
2025-04-27 00:49:10 - INFO - Canal Recomendado 7: xdavemon (https://www.twitch.tv/xdavemon)
2025-04-27 00:49:15 - INFO - Canal Recomendado 8: bwipolol (https://www.twitch.tv/bwipolol)
2025-04-27 00:49:25 - INFO - Successfully logged onto Twitch WS: subze2004
2025-04-27 01:00:31 - INFO - Coletado chat do canal humzh por 668 segundos
2025-04-27 01:00:31 - INFO - Tempo de visualização encerrado, busca 4 de 5 encerrada
2025-04-27 01:00:31 - INFO - Jogo escolhido: the-sims-4
2025-04-27 01:01:16 - INFO - Assistindo GRUNGE EP 15? ₊˚ෆCAS₊₊˚ෆ₊Decorating !discord !sub
CocoEllean
books
CoStream
sims4
LIVE
111 viewers por 1145 segundos
2025-04-27 01:01:39 - INFO - Canais Recomendados atualmente:
2025-04-27 01:01:39 - INFO - Canal Recomendado 0: vadriss (https://www.twitch.tv/vadriss)
2025-04-27 01:01:46 - INFO - Canal Recomendado 1: sigy (https://www.twitch.tv/sigy)
2025-04-27 01:01:50 - INFO - Canal Recomendado 2: warn (https://www.twitch.tv/warn)
2025-04-27 01:01:55 - INFO - Canal Recomendado 3: keeoh (https://www.twitch.tv/keeoh)
2025-04-27 01:02:00 - INFO - Canal Recomendado 4: wendolynortizz (https://www.twitch.tv/wendolynortizz)
2025-04-27 01:02:04 - INFO - Canal Recomendado 5: happyhappygal (https://www.twitch.tv/happyhappygal)
2025-04-27 01:02:09 - INFO - Canal Recomendado 6: silentacoustic (https://www.twitch.tv/silentacoustic)
2025-04-27 01:02:14 - INFO - Canal Recomendado 7: curvy_nazzy (https://www.twitch.tv/curvy_nazzy)
2025-04-27 01:02:18 - INFO - Canal Recomendado 8: alluringsimmer (https://www.twitch.tv/alluringsimmer)
2025-04-27 01:02:28 - INFO - Successfully logged onto Twitch WS: subze2004
2025-04-27 01:21:31 - INFO - Coletado chat do canal cocoellean por 1145 segundos
2025-04-27 01:21:31 - INFO - Tempo de visualização encerrado, busca 5 de 5 encerrada
2025-04-27 01:21:31 - INFO - Treino concluído com sucesso.
2025-04-27 04:00:41 - INFO - ====== WebDriver manager ======
2025-04-27 04:00:41 - INFO - Get LATEST chromedriver version for google-chrome
2025-04-27 04:00:43 - INFO - Get LATEST chromedriver version for google-chrome
2025-04-27 04:00:43 - INFO - Driver [/home/locus/.wdm/drivers/chromedriver/linux64/135.0.7049.114/chromedriver-linux64/chromedriver] found in cache
2025-04-27 04:01:09 - INFO - Erro ao logar no Twitch ou Login já realizado
2025-04-27 04:01:10 - INFO - Iniciando treino...
2025-04-27 04:01:10 - INFO - Realizando 5 buscas nessa sessão
2025-04-27 04:01:10 - INFO - Jogo escolhido: marvel-rivals
2025-04-27 04:02:00 - INFO - Assistindo NoDmgRocket Season 2 climb to Celestial! [!banned, !elo, !discord, !requestsong, !graphics, !song]
NoDamageRocket
marvelrivals
nomic
LIVE
574 viewers por 801 segundos
2025-04-27 04:02:21 - INFO - Canais Recomendados atualmente:
2025-04-27 04:02:21 - INFO - Canal Recomendado 0: vadriss (https://www.twitch.tv/vadriss)
2025-04-27 04:02:29 - INFO - Canal Recomendado 1: sigy (https://www.twitch.tv/sigy)
2025-04-27 04:02:34 - INFO - Canal Recomendado 2: thefreddymc (https://www.twitch.tv/thefreddymc)
2025-04-27 04:02:39 - INFO - Canal Recomendado 3: grimm (https://www.twitch.tv/grimm)
2025-04-27 04:02:44 - INFO - Canal Recomendado 4: chosen_ow (https://www.twitch.tv/chosen_ow)
2025-04-27 04:02:48 - INFO - Canal Recomendado 5: caseoh247 (https://www.twitch.tv/caseoh247)
2025-04-27 04:03:00 - INFO - Canal Recomendado 6: kephrii (https://www.twitch.tv/kephrii)
2025-04-27 04:03:11 - INFO - Canal Recomendado 7: imperatorfps (https://www.twitch.tv/imperatorfps)
2025-04-27 04:03:28 - INFO - Canal Recomendado 8: sinatraa (https://www.twitch.tv/sinatraa)
2025-04-27 04:03:39 - INFO - Successfully logged onto Twitch WS: subze2004
2025-04-27 04:16:58 - INFO - Coletado chat do canal nodamagerocket por 801 segundos
2025-04-27 04:16:58 - INFO - Tempo de visualização encerrado, busca 1 de 5 encerrada
2025-04-27 04:16:58 - INFO - Jogo escolhido: roblox
2025-04-27 04:17:57 - INFO - Assistindo DAY 479, NOT SLEEPING TONIGHT | !discord !youtube !tiktok !twitter !newvid
HeyyVance
gaming
funny
justchatting
LIVE
294 viewers por 658 segundos
2025-04-27 04:18:19 - INFO - Canais Recomendados atualmente:
2025-04-27 04:18:19 - INFO - Canal Recomendado 0: thefreddymc (https://www.twitch.tv/thefreddymc)
2025-04-27 04:18:25 - INFO - Canal Recomendado 1: sigy (https://www.twitch.tv/sigy)
2025-04-27 04:18:31 - INFO - Canal Recomendado 2: arguz11 (https://www.twitch.tv/arguz11)
2025-04-27 04:18:36 - INFO - Canal Recomendado 3: grimm (https://www.twitch.tv/grimm)
2025-04-27 04:18:41 - INFO - Canal Recomendado 4: nodamagerocket (https://www.twitch.tv/nodamagerocket)
2025-04-27 04:18:46 - INFO - Canal Recomendado 5: warn (https://www.twitch.tv/warn)
2025-04-27 04:18:57 - INFO - Canal Recomendado 6: sgxninja_ (https://www.twitch.tv/sgxninja_)
2025-04-27 04:19:03 - INFO - Canal Recomendado 7: blueryai (https://www.twitch.tv/blueryai)
2025-04-27 04:19:09 - INFO - Canal Recomendado 8: matthooman (https://www.twitch.tv/matthooman)
2025-04-27 04:19:25 - ERROR - Erro ao coletar chat do canal heyyvance
2025-04-27 04:19:25 - INFO - Tempo de visualização encerrado, busca 2 de 5 encerrada
2025-04-27 04:19:25 - INFO - Jogo escolhido: counter-strike
2025-04-27 04:20:19 - INFO - Assistindo 🔴FALCONS vs VITALITY | IEM MELBOURNE GRAND FINAL🔴
ohnePixel
Esports
English
LIVE
24.7K viewers por 858 segundos
2025-04-27 04:20:42 - INFO - Canais Recomendados atualmente:
2025-04-27 04:20:42 - INFO - Canal Recomendado 0: thefreddymc (https://www.twitch.tv/thefreddymc)
2025-04-27 04:20:48 - INFO - Canal Recomendado 1: august (https://www.twitch.tv/august)
2025-04-27 04:20:52 - INFO - Canal Recomendado 2: sigy (https://www.twitch.tv/sigy)
2025-04-27 04:20:57 - INFO - Canal Recomendado 3: arguz11 (https://www.twitch.tv/arguz11)
2025-04-27 04:21:02 - INFO - Canal Recomendado 4: nodamagerocket (https://www.twitch.tv/nodamagerocket)
2025-04-27 04:21:07 - INFO - Canal Recomendado 5: chosen_ow (https://www.twitch.tv/chosen_ow)
2025-04-27 04:21:12 - INFO - Canal Recomendado 6: sinatraa (https://www.twitch.tv/sinatraa)
2025-04-27 04:21:16 - INFO - Canal Recomendado 7: jasontheween (https://www.twitch.tv/jasontheween)
2025-04-27 04:21:22 - INFO - Canal Recomendado 8: aikobliss (https://www.twitch.tv/aikobliss)
2025-04-27 04:21:31 - INFO - Successfully logged onto Twitch WS: subze2004
2025-04-27 04:35:47 - INFO - Coletado chat do canal ohnepixel por 858 segundos
2025-04-27 04:35:47 - INFO - Tempo de visualização encerrado, busca 3 de 5 encerrada
2025-04-27 04:35:47 - INFO - Jogo escolhido: league-of-legends
2025-04-27 04:36:37 - INFO - Assistindo BRO vs T1 - DK vs HLE | 2025 LCK Round 1
LCK
Esports
English
DropsEnabled
LIVE
29.2K viewers por 780 segundos
2025-04-27 04:37:01 - INFO - Canais Recomendados atualmente:
2025-04-27 04:37:01 - INFO - Canal Recomendado 0: august (https://www.twitch.tv/august)
2025-04-27 04:37:07 - INFO - Canal Recomendado 1: thefreddymc (https://www.twitch.tv/thefreddymc)
2025-04-27 04:37:12 - INFO - Canal Recomendado 2: oatley (https://www.twitch.tv/oatley)
2025-04-27 04:37:16 - INFO - Canal Recomendado 3: caseoh247 (https://www.twitch.tv/caseoh247)
2025-04-27 04:37:22 - INFO - Canal Recomendado 4: arguz11 (https://www.twitch.tv/arguz11)
2025-04-27 04:37:27 - INFO - Canal Recomendado 5: chosen_ow (https://www.twitch.tv/chosen_ow)
2025-04-27 04:37:38 - INFO - Canal Recomendado 6: caedrel (https://www.twitch.tv/caedrel)
2025-04-27 04:37:44 - INFO - Canal Recomendado 7: midbeast (https://www.twitch.tv/midbeast)
2025-04-27 04:37:48 - INFO - Canal Recomendado 8: lplenglish (https://www.twitch.tv/lplenglish)
2025-04-27 04:37:58 - INFO - Successfully logged onto Twitch WS: subze2004
2025-04-27 04:50:56 - INFO - Coletado chat do canal lck por 780 segundos
2025-04-27 04:50:56 - INFO - Tempo de visualização encerrado, busca 4 de 5 encerrada
2025-04-27 04:50:56 - INFO - Jogo escolhido: grand-theft-auto-v
2025-04-27 04:51:46 - INFO - Assistindo Scooby Da Blazer From 116th | The Towns Roleplay | !Sub !Twitter !Discord
trizzoo
TheTownsRP
English
LIVE
62 viewers por 922 segundos
2025-04-27 04:52:08 - INFO - Canais Recomendados atualmente:
2025-04-27 04:52:08 - INFO - Canal Recomendado 0: thefreddymc (https://www.twitch.tv/thefreddymc)
2025-04-27 04:52:15 - INFO - Canal Recomendado 1: sigy (https://www.twitch.tv/sigy)
2025-04-27 04:52:20 - INFO - Canal Recomendado 2: august (https://www.twitch.tv/august)
2025-04-27 04:52:25 - INFO - Canal Recomendado 3: arguz11 (https://www.twitch.tv/arguz11)
2025-04-27 04:52:30 - INFO - Canal Recomendado 4: nodamagerocket (https://www.twitch.tv/nodamagerocket)
2025-04-27 04:52:38 - INFO - Canal Recomendado 5: chosen_ow (https://www.twitch.tv/chosen_ow)
2025-04-27 04:52:43 - INFO - Canal Recomendado 6: bandsome (https://www.twitch.tv/bandsome)
2025-04-27 04:52:49 - INFO - Canal Recomendado 7: itsdavenyc (https://www.twitch.tv/itsdavenyc)
2025-04-27 04:52:55 - INFO - Canal Recomendado 8: capp (https://www.twitch.tv/capp)
2025-04-27 04:53:13 - INFO - Successfully logged onto Twitch WS: subze2004
2025-04-27 05:08:33 - INFO - Coletado chat do canal trizzoo por 922 segundos
2025-04-27 05:08:33 - INFO - Tempo de visualização encerrado, busca 5 de 5 encerrada
2025-04-27 05:08:33 - INFO - Treino concluído com sucesso.
2025-04-27 08:00:43 - INFO - ====== WebDriver manager ======
2025-04-27 08:00:43 - INFO - Get LATEST chromedriver version for google-chrome
2025-04-27 08:00:44 - INFO - Get LATEST chromedriver version for google-chrome
2025-04-27 08:00:44 - INFO - Driver [/home/locus/.wdm/drivers/chromedriver/linux64/135.0.7049.114/chromedriver-linux64/chromedriver] found in cache
2025-04-27 08:00:58 - INFO - Erro ao logar no Twitch ou Login já realizado
2025-04-27 08:00:59 - INFO - Iniciando treino...
2025-04-27 08:00:59 - INFO - Realizando 4 buscas nessa sessão
2025-04-27 08:00:59 - INFO - Jogo escolhido: league-of-legends
2025-04-27 08:01:46 - INFO - Assistindo 🔴HLE VS DK #LCKWatchParty🔴- !dpmlol !discord !displate
Caedrel
English
LPL
LEC
LCK
LIVE
50.5K viewers por 654 segundos
2025-04-27 08:02:08 - INFO - Canais Recomendados atualmente:
2025-04-27 08:02:08 - INFO - Canal Recomendado 0: thefreddymc (https://www.twitch.tv/thefreddymc)
2025-04-27 08:02:14 - INFO - Canal Recomendado 1: august (https://www.twitch.tv/august)
2025-04-27 08:02:18 - INFO - Canal Recomendado 2: arguz11 (https://www.twitch.tv/arguz11)
2025-04-27 08:02:24 - INFO - Canal Recomendado 3: grimm (https://www.twitch.tv/grimm)
2025-04-27 08:02:29 - INFO - Canal Recomendado 4: chosen_ow (https://www.twitch.tv/chosen_ow)
2025-04-27 08:02:34 - INFO - Canal Recomendado 5: oatley (https://www.twitch.tv/oatley)
2025-04-27 08:02:39 - INFO - Canal Recomendado 6: iwdominate (https://www.twitch.tv/iwdominate)
2025-04-27 08:02:45 - INFO - Canal Recomendado 7: jankos (https://www.twitch.tv/jankos)
2025-04-27 08:02:50 - INFO - Canal Recomendado 8: midbeast (https://www.twitch.tv/midbeast)
2025-04-27 08:03:11 - INFO - Successfully logged onto Twitch WS: subze2004
2025-04-27 08:13:57 - INFO - Coletado chat do canal caedrel por 654 segundos
2025-04-27 08:13:57 - INFO - Tempo de visualização encerrado, busca 1 de 4 encerrada
2025-04-27 08:13:57 - INFO - Jogo escolhido: minecraft
2025-04-27 08:14:43 - INFO - Assistindo 🍭 pretty and pink! 🩷| Lumamon! | !discord !socials 🍭
jesslolliepop
Hardcore
Australia
Cozy
LIVE
55 viewers por 747 segundos
2025-04-27 08:15:04 - INFO - Canais Recomendados atualmente:
2025-04-27 08:15:04 - INFO - Canal Recomendado 0: thefreddymc (https://www.twitch.tv/thefreddymc)
2025-04-27 08:15:10 - INFO - Canal Recomendado 1: august (https://www.twitch.tv/august)
2025-04-27 08:15:14 - INFO - Canal Recomendado 2: arguz11 (https://www.twitch.tv/arguz11)
2025-04-27 08:15:19 - INFO - Canal Recomendado 3: lucyl (https://www.twitch.tv/lucyl)
2025-04-27 08:15:23 - INFO - Canal Recomendado 4: grimm (https://www.twitch.tv/grimm)
2025-04-27 08:15:28 - INFO - Canal Recomendado 5: oatley (https://www.twitch.tv/oatley)
2025-04-27 08:15:32 - INFO - Canal Recomendado 6: roscumber (https://www.twitch.tv/roscumber)
2025-04-27 08:15:37 - INFO - Canal Recomendado 7: towdan (https://www.twitch.tv/towdan)
2025-04-27 08:15:42 - INFO - Canal Recomendado 8: justdashyt (https://www.twitch.tv/justdashyt)
2025-04-27 08:15:51 - INFO - Successfully logged onto Twitch WS: subze2004
2025-04-27 08:28:16 - INFO - Coletado chat do canal jesslolliepop por 747 segundos
2025-04-27 08:28:16 - INFO - Tempo de visualização encerrado, busca 2 de 4 encerrada
2025-04-27 08:28:16 - INFO - Jogo escolhido: valorant
2025-04-27 08:28:59 - INFO - Assistindo 🔴ORE WA STRIKER DAAA🔴BEST SAGE TO EVER DO IT🔴GETTING RADIANT BACK🔴UNWASHING🔴VALORANT RANKED UNTIL I LOSE MY SANITY🔴
Grimm
English
LIVE
1.5K viewers por 910 segundos
2025-04-27 08:29:23 - INFO - Canais Recomendados atualmente:
2025-04-27 08:29:23 - INFO - Canal Recomendado 0: thefreddymc (https://www.twitch.tv/thefreddymc)
2025-04-27 08:29:29 - INFO - Canal Recomendado 1: august (https://www.twitch.tv/august)
2025-04-27 08:29:34 - INFO - Canal Recomendado 2: arguz11 (https://www.twitch.tv/arguz11)
2025-04-27 08:29:38 - INFO - Canal Recomendado 3: lucyl (https://www.twitch.tv/lucyl)
2025-04-27 08:29:44 - INFO - Canal Recomendado 4: grimm (https://www.twitch.tv/grimm)
2025-04-27 08:29:49 - INFO - Canal Recomendado 5: oatley (https://www.twitch.tv/oatley)
2025-04-27 08:29:54 - INFO - Canal Recomendado 6: valorant_pacific (https://www.twitch.tv/valorant_pacific)
2025-04-27 08:29:59 - INFO - Canal Recomendado 7: ion2x (https://www.twitch.tv/ion2x)
2025-04-27 08:30:03 - INFO - Canal Recomendado 8: canezerraa (https://www.twitch.tv/canezerraa)
2025-04-27 08:30:13 - INFO - Successfully logged onto Twitch WS: subze2004
2025-04-27 08:45:20 - INFO - Coletado chat do canal grimm por 910 segundos
2025-04-27 08:45:20 - INFO - Tempo de visualização encerrado, busca 3 de 4 encerrada
2025-04-27 08:45:20 - INFO - Jogo escolhido: grand-theft-auto-v
2025-04-27 08:46:10 - INFO - Assistindo LALA IN THE TOWNS!!! GOOD MORNING!!! ♡ | !sub !prime !socials !of
indiyababy
girlgamers
fortinte
District10
LIVE
843 viewers por 978 segundos
2025-04-27 08:46:32 - INFO - Canais Recomendados atualmente:
2025-04-27 08:46:32 - INFO - Canal Recomendado 0: thefreddymc (https://www.twitch.tv/thefreddymc)
2025-04-27 08:46:37 - INFO - Canal Recomendado 1: august (https://www.twitch.tv/august)
2025-04-27 08:46:42 - INFO - Canal Recomendado 2: grimm (https://www.twitch.tv/grimm)
2025-04-27 08:46:47 - INFO - Canal Recomendado 3: arguz11 (https://www.twitch.tv/arguz11)
2025-04-27 08:46:51 - INFO - Canal Recomendado 4: lucyl (https://www.twitch.tv/lucyl)
2025-04-27 08:46:56 - INFO - Canal Recomendado 5: oatley (https://www.twitch.tv/oatley)
2025-04-27 08:47:01 - INFO - Canal Recomendado 6: nexi (https://www.twitch.tv/nexi)
2025-04-27 08:47:06 - INFO - Canal Recomendado 7: itsdavenyc (https://www.twitch.tv/itsdavenyc)
2025-04-27 08:47:12 - INFO - Canal Recomendado 8: grinch (https://www.twitch.tv/grinch)
2025-04-27 08:47:22 - INFO - Successfully logged onto Twitch WS: subze2004
2025-04-27 09:03:38 - INFO - Coletado chat do canal indiyababy por 978 segundos
2025-04-27 09:03:38 - INFO - Tempo de visualização encerrado, busca 4 de 4 encerrada
2025-04-27 09:03:38 - INFO - Treino concluído com sucesso.
2025-04-27 12:00:49 - INFO - ====== WebDriver manager ======
2025-04-27 12:00:49 - INFO - Get LATEST chromedriver version for google-chrome
2025-04-27 12:00:50 - INFO - Get LATEST chromedriver version for google-chrome
2025-04-27 12:00:50 - INFO - Driver [/home/locus/.wdm/drivers/chromedriver/linux64/135.0.7049.114/chromedriver-linux64/chromedriver] found in cache
2025-04-27 12:01:15 - INFO - Erro ao logar no Twitch ou Login já realizado
2025-04-27 12:01:16 - INFO - Iniciando treino...
2025-04-27 12:01:16 - INFO - Realizando 4 buscas nessa sessão
2025-04-27 12:01:16 - INFO - Jogo escolhido: grand-theft-auto-v
2025-04-27 12:02:08 - INFO - Assistindo "ABDUL NOPIXEL 4.0" UnScripted > PRP !YouTube !Discord !instagram !Prodigy Time2RP
AbdulHD
UnitedArabEmirates
Dubai
LIVE
1.6K viewers por 792 segundos
2025-04-27 12:02:32 - INFO - Canais Recomendados atualmente:
2025-04-27 12:02:32 - INFO - Canal Recomendado 0: thefreddymc (https://www.twitch.tv/thefreddymc)
2025-04-27 12:02:44 - INFO - Canal Recomendado 1: august (https://www.twitch.tv/august)
2025-04-27 12:02:49 - INFO - Canal Recomendado 2: flux (https://www.twitch.tv/flux)
2025-04-27 12:02:53 - INFO - Canal Recomendado 3: easportsfc (https://www.twitch.tv/easportsfc)
2025-04-27 12:02:58 - INFO - Canal Recomendado 4: warn (https://www.twitch.tv/warn)
2025-04-27 12:03:03 - INFO - Canal Recomendado 5: kreekcraft (https://www.twitch.tv/kreekcraft)
2025-04-27 12:03:08 - INFO - Canal Recomendado 6: vader (https://www.twitch.tv/vader)
2025-04-27 12:03:12 - INFO - Canal Recomendado 7: kyle (https://www.twitch.tv/kyle)
2025-04-27 12:03:17 - INFO - Canal Recomendado 8: uhsnow (https://www.twitch.tv/uhsnow)
2025-04-27 12:03:27 - INFO - Successfully logged onto Twitch WS: subze2004
2025-04-27 12:16:37 - INFO - Coletado chat do canal abdulhd por 792 segundos
2025-04-27 12:16:37 - INFO - Tempo de visualização encerrado, busca 1 de 4 encerrada
2025-04-27 12:16:37 - INFO - Jogo escolhido: overwatch-2
2025-04-27 12:17:30 - INFO - Assistindo [!DROPS] #1 ASHE 🔴 🎉24 HOUR BIRTHDAY SUBATHON 🔴!subgoals || 1 SUB = 2 MINUTES 🔴 PO BOX // FOOD TIER LIST // CARD OPENINGs // VOD REVIEWS
Warn
DropsEnabled
English
Drops
LIVE
1.9K viewers por 934 segundos
2025-04-27 12:17:51 - INFO - Canais Recomendados atualmente:
2025-04-27 12:17:51 - INFO - Canal Recomendado 0: august (https://www.twitch.tv/august)
2025-04-27 12:17:57 - INFO - Canal Recomendado 1: auziomf (https://www.twitch.tv/auziomf)
2025-04-27 12:18:02 - INFO - Canal Recomendado 2: flux (https://www.twitch.tv/flux)
2025-04-27 12:18:07 - INFO - Canal Recomendado 3: easportsfc (https://www.twitch.tv/easportsfc)
2025-04-27 12:18:11 - INFO - Canal Recomendado 4: warn (https://www.twitch.tv/warn)
2025-04-27 12:18:16 - INFO - Canal Recomendado 5: kreekcraft (https://www.twitch.tv/kreekcraft)
2025-04-27 12:18:21 - INFO - Canal Recomendado 6: vulture_ow (https://www.twitch.tv/vulture_ow)
2025-04-27 12:18:27 - INFO - Canal Recomendado 7: chosen_ow (https://www.twitch.tv/chosen_ow)
2025-04-27 12:18:32 - INFO - Canal Recomendado 8: kraandop (https://www.twitch.tv/kraandop)
2025-04-27 12:18:52 - ERROR - Websocket connection failure: Cannot connect to host irc-ws.chat.twitch.tv:443 ssl:default [Name or service not known]:: Attempting reconnect in 0.4563435175246102 seconds.
2025-04-27 12:18:53 - INFO - Successfully logged onto Twitch WS: subze2004
2025-04-27 12:34:14 - INFO - Coletado chat do canal warn por 934 segundos
2025-04-27 12:34:14 - INFO - Tempo de visualização encerrado, busca 2 de 4 encerrada
2025-04-27 12:34:14 - INFO - Jogo escolhido: valorant
2025-04-27 12:35:03 - INFO - Assistindo Hardstuck Ascendant🥀// !ns !youtube !iqunix
FYR_VL
English
valorant
LIVE
395 viewers por 1114 segundos
2025-04-27 12:35:29 - INFO - Canais Recomendados atualmente:
2025-04-27 12:35:29 - INFO - Canal Recomendado 0: august (https://www.twitch.tv/august)
2025-04-27 12:35:41 - INFO - Canal Recomendado 1: flux (https://www.twitch.tv/flux)
2025-04-27 12:35:45 - INFO - Canal Recomendado 2: easportsfc (https://www.twitch.tv/easportsfc)
2025-04-27 12:35:50 - INFO - Canal Recomendado 3: auziomf (https://www.twitch.tv/auziomf)
2025-04-27 12:35:54 - INFO - Canal Recomendado 4: warn (https://www.twitch.tv/warn)
2025-04-27 12:35:59 - INFO - Canal Recomendado 5: arguz11 (https://www.twitch.tv/arguz11)
2025-04-27 12:36:04 - INFO - Canal Recomendado 6: horcus (https://www.twitch.tv/horcus)
2025-04-27 12:36:09 - INFO - Canal Recomendado 7: voodoo_248 (https://www.twitch.tv/voodoo_248)
2025-04-27 12:36:13 - INFO - Canal Recomendado 8: ripalfie (https://www.twitch.tv/ripalfie)
2025-04-27 12:36:24 - INFO - Successfully logged onto Twitch WS: subze2004
2025-04-27 12:54:55 - INFO - Coletado chat do canal fyr_vl por 1114 segundos
2025-04-27 12:54:55 - INFO - Tempo de visualização encerrado, busca 3 de 4 encerrada
2025-04-27 12:54:55 - INFO - Jogo escolhido: sea-of-thieves
2025-04-27 12:55:47 - INFO - Assistindo Use the Down Arrow Key for more guest info
🟣 !DROPS & !GIVEAWAY 🟣 Sweet sailing 🟣 50 more till 13K 🟣 | !socials !TTS !fractal !OperaGX
Pufferson
 + 3 
SoTPartner
helloitspuff
LIVE
866 viewers por 785 segundos
2025-04-27 12:56:10 - INFO - Canais Recomendados atualmente:
2025-04-27 12:56:10 - INFO - Canal Recomendado 0: august (https://www.twitch.tv/august)
2025-04-27 12:56:15 - INFO - Canal Recomendado 1: flux (https://www.twitch.tv/flux)
2025-04-27 12:56:20 - INFO - Canal Recomendado 2: auziomf (https://www.twitch.tv/auziomf)
2025-04-27 12:56:25 - INFO - Canal Recomendado 3: easportsfc (https://www.twitch.tv/easportsfc)
2025-04-27 12:56:29 - INFO - Canal Recomendado 4: warn (https://www.twitch.tv/warn)
2025-04-27 12:56:34 - INFO - Canal Recomendado 5: arguz11 (https://www.twitch.tv/arguz11)
2025-04-27 12:56:39 - INFO - Canal Recomendado 6: toxiesinclaire (https://www.twitch.tv/toxiesinclaire)
2025-04-27 12:56:43 - INFO - Canal Recomendado 7: briittybear (https://www.twitch.tv/briittybear)
2025-04-27 12:56:48 - INFO - Canal Recomendado 8: ebacon1_ (https://www.twitch.tv/ebacon1_)
2025-04-27 12:56:59 - INFO - Successfully logged onto Twitch WS: subze2004
2025-04-27 13:10:00 - INFO - Coletado chat do canal pufferson por 785 segundos
2025-04-27 13:10:00 - INFO - Tempo de visualização encerrado, busca 4 de 4 encerrada
2025-04-27 13:10:00 - INFO - Treino concluído com sucesso.
2025-04-27 16:00:10 - INFO - ====== WebDriver manager ======
2025-04-27 16:00:11 - INFO - Get LATEST chromedriver version for google-chrome
2025-04-27 16:00:11 - INFO - Get LATEST chromedriver version for google-chrome
2025-04-27 16:00:12 - INFO - Driver [/home/locus/.wdm/drivers/chromedriver/linux64/135.0.7049.114/chromedriver-linux64/chromedriver] found in cache
2025-04-27 16:00:24 - INFO - Erro ao logar no Twitch ou Login já realizado
2025-04-27 16:00:26 - INFO - Iniciando treino...
2025-04-27 16:00:26 - INFO - Realizando 5 buscas nessa sessão
2025-04-27 16:00:26 - INFO - Jogo escolhido: marvel-rivals
2025-04-27 16:01:09 - INFO - Assistindo Use the Down Arrow Key for more guest info
⚠️ !DROPS ⚠️ STRATEGIST STRIKE!!! | 2K TOURNAMENT | LONG SCRIM | LONG STREAM. LURK FOR EASY DROPS HERE
GURU
 with Gale 
timthetatman
tank
Coaching
LIVE
2K viewers por 957 segundos
2025-04-27 16:01:34 - INFO - Canais Recomendados atualmente:
2025-04-27 16:01:34 - INFO - Canal Recomendado 0: auziomf (https://www.twitch.tv/auziomf)
2025-04-27 16:01:39 - INFO - Canal Recomendado 1: warn (https://www.twitch.tv/warn)
2025-04-27 16:01:44 - INFO - Canal Recomendado 2: flux (https://www.twitch.tv/flux)
2025-04-27 16:01:48 - INFO - Canal Recomendado 3: aspen (https://www.twitch.tv/aspen)
2025-04-27 16:01:53 - INFO - Canal Recomendado 4: thatpunchkid (https://www.twitch.tv/thatpunchkid)
2025-04-27 16:01:57 - INFO - Canal Recomendado 5: fortnite (https://www.twitch.tv/fortnite)
2025-04-27 16:02:02 - INFO - Canal Recomendado 6: gale (https://www.twitch.tv/gale)
2025-04-27 16:02:07 - INFO - Canal Recomendado 7: bogur (https://www.twitch.tv/bogur)
2025-04-27 16:02:11 - INFO - Canal Recomendado 8: teamcaptain001 (https://www.twitch.tv/teamcaptain001)
2025-04-27 16:02:21 - INFO - Successfully logged onto Twitch WS: subze2004
2025-04-27 16:18:16 - INFO - Coletado chat do canal guru por 957 segundos
2025-04-27 16:18:16 - INFO - Tempo de visualização encerrado, busca 1 de 5 encerrada
2025-04-27 16:18:16 - INFO - Jogo escolhido: valorant
2025-04-27 16:19:01 - INFO - Assistindo « QUANTUM ESPORTS SERIES SPLIT 1 FINALS #quantumpartner » 🥝 « !merch » 🥝 !injury (backflip man down) 🥝 follow @keeoh
Keeoh
English
LIVE
302 viewers por 1056 segundos
2025-04-27 16:19:26 - INFO - Canais Recomendados atualmente:
2025-04-27 16:19:26 - INFO - Canal Recomendado 0: warn (https://www.twitch.tv/warn)
2025-04-27 16:19:31 - INFO - Canal Recomendado 1: caseoh247 (https://www.twitch.tv/caseoh247)
2025-04-27 16:19:35 - INFO - Canal Recomendado 2: flux (https://www.twitch.tv/flux)
2025-04-27 16:19:40 - INFO - Canal Recomendado 3: aspen (https://www.twitch.tv/aspen)
2025-04-27 16:19:44 - INFO - Canal Recomendado 4: keeoh (https://www.twitch.tv/keeoh)
2025-04-27 16:19:49 - INFO - Canal Recomendado 5: arguz11 (https://www.twitch.tv/arguz11)
2025-04-27 16:19:53 - INFO - Canal Recomendado 6: joshseki (https://www.twitch.tv/joshseki)
2025-04-27 16:19:58 - INFO - Canal Recomendado 7: fyr_vl (https://www.twitch.tv/fyr_vl)
2025-04-27 16:20:03 - INFO - Canal Recomendado 8: subroza (https://www.twitch.tv/subroza)
2025-04-27 16:20:12 - INFO - Successfully logged onto Twitch WS: subze2004
2025-04-27 16:37:46 - INFO - Coletado chat do canal keeoh por 1056 segundos
2025-04-27 16:37:46 - INFO - Tempo de visualização encerrado, busca 2 de 5 encerrada
2025-04-27 16:37:46 - INFO - Jogo escolhido: grand-theft-auto-v
2025-04-27 16:38:26 - INFO - Assistindo 💥Jimbo Slice💥Unique Then DBE💥Jimmy In A Dinger💥
burtoo
Comedy
gta
fivem
rp
LIVE
94 viewers por 836 segundos
2025-04-27 16:38:49 - INFO - Canais Recomendados atualmente:
2025-04-27 16:38:49 - INFO - Canal Recomendado 0: flux (https://www.twitch.tv/flux)
2025-04-27 16:38:54 - INFO - Canal Recomendado 1: keeoh (https://www.twitch.tv/keeoh)
2025-04-27 16:38:58 - INFO - Canal Recomendado 2: gale (https://www.twitch.tv/gale)
2025-04-27 16:39:03 - INFO - Canal Recomendado 3: guru (https://www.twitch.tv/guru)
2025-04-27 16:39:08 - INFO - Canal Recomendado 4: aspen (https://www.twitch.tv/aspen)
2025-04-27 16:39:12 - INFO - Canal Recomendado 5: arguz11 (https://www.twitch.tv/arguz11)
2025-04-27 16:39:17 - INFO - Canal Recomendado 6: rexality (https://www.twitch.tv/rexality)
2025-04-27 16:39:21 - INFO - Canal Recomendado 7: stoker (https://www.twitch.tv/stoker)
2025-04-27 16:39:26 - INFO - Canal Recomendado 8: aaronh261 (https://www.twitch.tv/aaronh261)
2025-04-27 16:39:36 - INFO - Successfully logged onto Twitch WS: subze2004
2025-04-27 16:53:30 - INFO - Coletado chat do canal burtoo por 836 segundos
2025-04-27 16:53:30 - INFO - Tempo de visualização encerrado, busca 3 de 5 encerrada
2025-04-27 16:53:30 - INFO - Jogo escolhido: ea-sports-fc-25
2025-04-27 16:54:13 - INFO - Assistindo DOUBLE CHAMPS! congrats to LIVARPOOL!
Mbytes37
English
LIVE
402 viewers por 1057 segundos
2025-04-27 16:54:37 - INFO - Canais Recomendados atualmente:
2025-04-27 16:54:37 - INFO - Canal Recomendado 0: flux (https://www.twitch.tv/flux)
2025-04-27 16:54:42 - INFO - Canal Recomendado 1: keeoh (https://www.twitch.tv/keeoh)
2025-04-27 16:54:47 - INFO - Canal Recomendado 2: gale (https://www.twitch.tv/gale)
2025-04-27 16:54:52 - INFO - Canal Recomendado 3: joshseki (https://www.twitch.tv/joshseki)
2025-04-27 16:54:57 - INFO - Canal Recomendado 4: warn (https://www.twitch.tv/warn)
2025-04-27 16:55:02 - INFO - Canal Recomendado 5: tenacitytv (https://www.twitch.tv/tenacitytv)
2025-04-27 16:55:08 - INFO - Canal Recomendado 6: hugegorilla (https://www.twitch.tv/hugegorilla)
2025-04-27 16:55:13 - INFO - Canal Recomendado 7: runthefutmarket (https://www.twitch.tv/runthefutmarket)
2025-04-27 16:55:18 - INFO - Canal Recomendado 8: bugs (https://www.twitch.tv/bugs)
2025-04-27 16:55:29 - INFO - Successfully logged onto Twitch WS: subze2004
2025-04-27 17:13:03 - INFO - Coletado chat do canal mbytes37 por 1057 segundos
2025-04-27 17:13:03 - INFO - Tempo de visualização encerrado, busca 4 de 5 encerrada
2025-04-27 17:13:03 - INFO - Jogo escolhido: the-sims-4
2025-04-27 17:13:49 - INFO - Assistindo 🌷⋅♡ boba tea tales, blueberry gen, part 3 - #TheSimsCreatorProgram ‧₊˚ 🌷⋅♡ !eacode
malixa
filipina
EAPartner
English
LIVE
130 viewers por 893 segundos
2025-04-27 17:14:10 - INFO - Canais Recomendados atualmente:
2025-04-27 17:14:10 - INFO - Canal Recomendado 0: flux (https://www.twitch.tv/flux)
2025-04-27 17:14:16 - INFO - Canal Recomendado 1: keeoh (https://www.twitch.tv/keeoh)
2025-04-27 17:14:21 - INFO - Canal Recomendado 2: gale (https://www.twitch.tv/gale)
2025-04-27 17:14:26 - INFO - Canal Recomendado 3: guru (https://www.twitch.tv/guru)
2025-04-27 17:14:31 - INFO - Canal Recomendado 4: aspen (https://www.twitch.tv/aspen)
2025-04-27 17:14:36 - INFO - Canal Recomendado 5: coachboop (https://www.twitch.tv/coachboop)
2025-04-27 17:14:41 - INFO - Canal Recomendado 6: create4sims (https://www.twitch.tv/create4sims)
2025-04-27 17:14:47 - INFO - Canal Recomendado 7: essemelle (https://www.twitch.tv/essemelle)
2025-04-27 17:14:52 - INFO - Canal Recomendado 8: maybejennifer (https://www.twitch.tv/maybejennifer)
2025-04-27 17:15:03 - INFO - Successfully logged onto Twitch WS: subze2004
2025-04-27 17:29:53 - INFO - Coletado chat do canal malixa por 893 segundos
2025-04-27 17:29:53 - INFO - Tempo de visualização encerrado, busca 5 de 5 encerrada
2025-04-27 17:29:53 - INFO - Treino concluído com sucesso.
2025-04-27 20:00:02 - INFO - ====== WebDriver manager ======
2025-04-27 20:00:02 - INFO - Get LATEST chromedriver version for google-chrome
2025-04-27 20:00:03 - INFO - Get LATEST chromedriver version for google-chrome
2025-04-27 20:00:03 - INFO - Driver [/home/locus/.wdm/drivers/chromedriver/linux64/135.0.7049.114/chromedriver-linux64/chromedriver] found in cache
2025-04-27 20:00:14 - INFO - Erro ao logar no Twitch ou Login já realizado
2025-04-27 20:00:15 - INFO - Iniciando treino...
2025-04-27 20:00:15 - INFO - Realizando 3 buscas nessa sessão
2025-04-27 20:00:15 - INFO - Jogo escolhido: overwatch-2
2025-04-27 20:00:56 - INFO - Assistindo [!DROPS] JUNO STADIUM GRINDING.. I AM ELITE -> !newvid !pobox
Aspen
English
DropsEnabled
LIVE
5.2K viewers por 1124 segundos
2025-04-27 20:01:19 - INFO - Canais Recomendados atualmente:
2025-04-27 20:01:19 - INFO - Canal Recomendado 0: vadriss (https://www.twitch.tv/vadriss)
2025-04-27 20:01:25 - INFO - Canal Recomendado 1: gale (https://www.twitch.tv/gale)
2025-04-27 20:01:29 - INFO - Canal Recomendado 2: aspen (https://www.twitch.tv/aspen)
2025-04-27 20:01:33 - INFO - Canal Recomendado 3: warn (https://www.twitch.tv/warn)
2025-04-27 20:01:38 - INFO - Canal Recomendado 4: guru (https://www.twitch.tv/guru)
2025-04-27 20:01:42 - INFO - Canal Recomendado 5: sigy (https://www.twitch.tv/sigy)
2025-04-27 20:01:47 - INFO - Canal Recomendado 6: froggerow (https://www.twitch.tv/froggerow)
2025-04-27 20:01:52 - INFO - Canal Recomendado 7: skiesti (https://www.twitch.tv/skiesti)
2025-04-27 20:01:56 - INFO - Canal Recomendado 8: sooshi (https://www.twitch.tv/sooshi)
2025-04-27 20:02:06 - INFO - Successfully logged onto Twitch WS: subze2004
2025-04-27 20:20:48 - INFO - Coletado chat do canal aspen por 1124 segundos
2025-04-27 20:20:48 - INFO - Tempo de visualização encerrado, busca 1 de 3 encerrada
2025-04-27 20:20:48 - INFO - Jogo escolhido: marvel-rivals
2025-04-27 20:21:32 - INFO - Assistindo [DROPS] GIVE ME STRENGTH TO GET OUT OF DIAMOND LORD GRINDING FOR TOP 500 | 30 SQUATS per follower | WORLD BEST MAGNETO
Yuzjo
English
marvelrivals
Anime
LIVE
684 viewers por 888 segundos
2025-04-27 20:21:54 - INFO - Canais Recomendados atualmente:
2025-04-27 20:21:54 - INFO - Canal Recomendado 0: vadriss (https://www.twitch.tv/vadriss)
2025-04-27 20:21:59 - INFO - Canal Recomendado 1: warn (https://www.twitch.tv/warn)
2025-04-27 20:22:03 - INFO - Canal Recomendado 2: aspen (https://www.twitch.tv/aspen)
2025-04-27 20:22:08 - INFO - Canal Recomendado 3: jay3 (https://www.twitch.tv/jay3)
2025-04-27 20:22:12 - INFO - Canal Recomendado 4: gale (https://www.twitch.tv/gale)
2025-04-27 20:22:17 - INFO - Canal Recomendado 5: sigy (https://www.twitch.tv/sigy)
2025-04-27 20:22:21 - INFO - Canal Recomendado 6: specter___01 (https://www.twitch.tv/specter___01)
2025-04-27 20:22:26 - INFO - Canal Recomendado 7: teamcaptain001 (https://www.twitch.tv/teamcaptain001)
2025-04-27 20:22:31 - INFO - Canal Recomendado 8: apexdabi (https://www.twitch.tv/apexdabi)
2025-04-27 20:22:41 - INFO - Successfully logged onto Twitch WS: subze2004
2025-04-27 20:37:26 - INFO - Coletado chat do canal yuzjo por 888 segundos
2025-04-27 20:37:26 - INFO - Tempo de visualização encerrado, busca 2 de 3 encerrada
2025-04-27 20:37:26 - INFO - Jogo escolhido: fortnite
2025-04-27 20:38:11 - INFO - Assistindo 🟪RANKED GRIND!🟪#RoadToPartner🟪[117/365]🟪
frowsedd
English
LIVE
8 viewers por 1176 segundos
2025-04-27 20:38:35 - INFO - Canais Recomendados atualmente:
2025-04-27 20:38:35 - INFO - Canal Recomendado 0: vadriss (https://www.twitch.tv/vadriss)
2025-04-27 20:38:40 - INFO - Canal Recomendado 1: jay3 (https://www.twitch.tv/jay3)
2025-04-27 20:38:45 - INFO - Canal Recomendado 2: gale (https://www.twitch.tv/gale)
2025-04-27 20:38:50 - INFO - Canal Recomendado 3: warn (https://www.twitch.tv/warn)
2025-04-27 20:38:54 - INFO - Canal Recomendado 4: aspen (https://www.twitch.tv/aspen)
2025-04-27 20:38:58 - INFO - Canal Recomendado 5: guru (https://www.twitch.tv/guru)
2025-04-27 20:39:03 - INFO - Canal Recomendado 6: jgreenapple (https://www.twitch.tv/jgreenapple)
2025-04-27 20:39:08 - INFO - Canal Recomendado 7: kehnt (https://www.twitch.tv/kehnt)
2025-04-27 20:39:13 - INFO - Canal Recomendado 8: wyydogg2 (https://www.twitch.tv/wyydogg2)
2025-04-27 20:39:23 - INFO - Successfully logged onto Twitch WS: subze2004
2025-04-27 20:58:57 - INFO - Coletado chat do canal frowsedd por 1176 segundos
2025-04-27 20:58:57 - INFO - Tempo de visualização encerrado, busca 3 de 3 encerrada
2025-04-27 20:58:57 - INFO - Treino concluído com sucesso.
2025-04-28 00:00:08 - INFO - ====== WebDriver manager ======
2025-04-28 00:00:08 - INFO - Get LATEST chromedriver version for google-chrome
2025-04-28 00:00:09 - INFO - Get LATEST chromedriver version for google-chrome
2025-04-28 00:00:09 - INFO - Get LATEST chromedriver version for google-chrome
2025-04-28 00:00:10 - INFO - WebDriver version 135.0.7049.114 selected
2025-04-28 00:00:10 - INFO - Modern chrome version https://storage.googleapis.com/chrome-for-testing-public/135.0.7049.114/linux64/chromedriver-linux64.zip
2025-04-28 00:00:10 - INFO - About to download new driver from https://storage.googleapis.com/chrome-for-testing-public/135.0.7049.114/linux64/chromedriver-linux64.zip
2025-04-28 00:00:11 - INFO - Driver downloading response is 200
2025-04-28 00:00:12 - INFO - Get LATEST chromedriver version for google-chrome
2025-04-28 00:00:13 - INFO - Driver has been saved in cache [/home/locus/.wdm/drivers/chromedriver/linux64/135.0.7049.114]
2025-04-28 00:00:25 - INFO - Erro ao logar no Twitch ou Login já realizado
2025-04-28 00:00:26 - INFO - Iniciando treino...
2025-04-28 00:00:26 - INFO - Realizando 5 buscas nessa sessão
2025-04-28 00:00:26 - INFO - Jogo escolhido: roblox
2025-04-28 00:01:08 - INFO - Assistindo 300K SUBS IS RIGHT AROUND THE CORNER
OMEGAEX1
anime
gamer
youtuber
LIVE
11 viewers por 606 segundos
2025-04-28 00:01:30 - INFO - Canais Recomendados atualmente:
2025-04-28 00:01:30 - INFO - Canal Recomendado 0: vadriss (https://www.twitch.tv/vadriss)
2025-04-28 00:01:37 - INFO - Canal Recomendado 1: keeoh (https://www.twitch.tv/keeoh)
2025-04-28 00:01:42 - INFO - Canal Recomendado 2: jay3 (https://www.twitch.tv/jay3)
2025-04-28 00:01:46 - INFO - Canal Recomendado 3: heyyvance (https://www.twitch.tv/heyyvance)
2025-04-28 00:01:51 - INFO - Canal Recomendado 4: gale (https://www.twitch.tv/gale)
2025-04-28 00:01:56 - INFO - Canal Recomendado 5: trenchmobbs (https://www.twitch.tv/trenchmobbs)
2025-04-28 00:02:01 - INFO - Canal Recomendado 6: dukeoled (https://www.twitch.tv/dukeoled)
2025-04-28 00:02:05 - INFO - Canal Recomendado 7: masterchoke (https://www.twitch.tv/masterchoke)
2025-04-28 00:02:10 - INFO - Canal Recomendado 8: yxlsalah (https://www.twitch.tv/yxlsalah)
2025-04-28 00:02:21 - INFO - Successfully logged onto Twitch WS: subze2004
2025-04-28 00:12:25 - INFO - Coletado chat do canal omegaex1 por 606 segundos
2025-04-28 00:12:25 - INFO - Tempo de visualização encerrado, busca 1 de 5 encerrada
2025-04-28 00:12:25 - INFO - Jogo escolhido: valorant
2025-04-28 00:13:13 - INFO - Assistindo Road to Plat | !coaching !program !dc !bd !hugesupps !helimix !ig !yt !spotify !gym !chill !sad !abg !sens !tracker
karsonliftz
valorant
English
LIVE
19 viewers por 1188 segundos
2025-04-28 00:13:38 - INFO - Canais Recomendados atualmente:
2025-04-28 00:13:38 - INFO - Canal Recomendado 0: vadriss (https://www.twitch.tv/vadriss)
2025-04-28 00:13:44 - INFO - Canal Recomendado 1: keeoh (https://www.twitch.tv/keeoh)
2025-04-28 00:13:49 - INFO - Canal Recomendado 2: jay3 (https://www.twitch.tv/jay3)
2025-04-28 00:13:54 - INFO - Canal Recomendado 3: trenchmobbs (https://www.twitch.tv/trenchmobbs)
2025-04-28 00:14:00 - INFO - Canal Recomendado 4: gale (https://www.twitch.tv/gale)
2025-04-28 00:14:05 - INFO - Canal Recomendado 5: aspen (https://www.twitch.tv/aspen)
2025-04-28 00:14:15 - INFO - Canal Recomendado 6: kes_jam (https://www.twitch.tv/kes_jam)
2025-04-28 00:14:20 - INFO - Canal Recomendado 7: itslaark (https://www.twitch.tv/itslaark)
2025-04-28 00:14:24 - INFO - Canal Recomendado 8: llukas49 (https://www.twitch.tv/llukas49)
2025-04-28 00:14:34 - INFO - Successfully logged onto Twitch WS: subze2004
2025-04-28 00:34:20 - INFO - Coletado chat do canal karsonliftz por 1188 segundos
2025-04-28 00:34:20 - INFO - Tempo de visualização encerrado, busca 2 de 5 encerrada
2025-04-28 00:34:20 - INFO - Jogo escolhido: counter-strike
2025-04-28 00:35:07 - INFO - Assistindo HIGHLIGHTS: Liquid vs Vitality - IEM Melbourne 2025
ESLCS
English
LIVE
869 viewers por 715 segundos
2025-04-28 00:35:32 - INFO - Canais Recomendados atualmente:
2025-04-28 00:35:32 - INFO - Canal Recomendado 0: vadriss (https://www.twitch.tv/vadriss)
2025-04-28 00:35:43 - INFO - Canal Recomendado 1: jay3 (https://www.twitch.tv/jay3)
2025-04-28 00:35:49 - INFO - Canal Recomendado 2: heyyvance (https://www.twitch.tv/heyyvance)
2025-04-28 00:35:54 - INFO - Canal Recomendado 3: trenchmobbs (https://www.twitch.tv/trenchmobbs)
2025-04-28 00:35:58 - INFO - Canal Recomendado 4: gale (https://www.twitch.tv/gale)
2025-04-28 00:36:10 - INFO - Canal Recomendado 5: aspen (https://www.twitch.tv/aspen)
2025-04-28 00:36:16 - INFO - Canal Recomendado 6: stewie2k (https://www.twitch.tv/stewie2k)
2025-04-28 00:36:21 - INFO - Canal Recomendado 7: pwnalonecs (https://www.twitch.tv/pwnalonecs)
2025-04-28 00:36:26 - INFO - Canal Recomendado 8: irbitka (https://www.twitch.tv/irbitka)
2025-04-28 00:36:36 - INFO - Successfully logged onto Twitch WS: subze2004
2025-04-28 00:48:29 - INFO - Coletado chat do canal eslcs por 715 segundos
2025-04-28 00:48:29 - INFO - Tempo de visualização encerrado, busca 3 de 5 encerrada
2025-04-28 00:48:29 - INFO - Jogo escolhido: overwatch-2
2025-04-28 00:49:10 - INFO - Assistindo [!DROPS ✅] #1 ILLARI SUBATHON 🔴 CHAMPION SUPPORT 6v6 & 5v5 🔴 STADIUM GRIND 🔴 SUB = +10 MIN (100 HOUR CAP) !GOALS
chosen_ow
Competitive
femboy
overwatch
LIVE
277 viewers por 862 segundos
2025-04-28 00:49:36 - INFO - Canais Recomendados atualmente:
2025-04-28 00:49:36 - INFO - Canal Recomendado 0: vadriss (https://www.twitch.tv/vadriss)
2025-04-28 00:49:41 - INFO - Canal Recomendado 1: jay3 (https://www.twitch.tv/jay3)
2025-04-28 00:49:46 - INFO - Canal Recomendado 2: trenchmobbs (https://www.twitch.tv/trenchmobbs)
2025-04-28 00:49:50 - INFO - Canal Recomendado 3: heyyvance (https://www.twitch.tv/heyyvance)
2025-04-28 00:49:55 - INFO - Canal Recomendado 4: gale (https://www.twitch.tv/gale)
2025-04-28 00:49:59 - INFO - Canal Recomendado 5: aspen (https://www.twitch.tv/aspen)
2025-04-28 00:50:04 - INFO - Canal Recomendado 6: colourhex (https://www.twitch.tv/colourhex)
2025-04-28 00:50:09 - INFO - Canal Recomendado 7: playto_ow (https://www.twitch.tv/playto_ow)
2025-04-28 00:50:14 - INFO - Canal Recomendado 8: numbers2155 (https://www.twitch.tv/numbers2155)
2025-04-28 00:50:23 - INFO - Successfully logged onto Twitch WS: subze2004
2025-04-28 01:04:43 - INFO - Coletado chat do canal chosen_ow por 862 segundos
2025-04-28 01:04:43 - INFO - Tempo de visualização encerrado, busca 4 de 5 encerrada
2025-04-28 01:04:43 - INFO - Jogo escolhido: minecraft
2025-04-28 01:05:33 - INFO - Assistindo Day 117 Of My Minecraft Journey - We Need More Stuff, Lush Cave Build AND Adventures! Seed: 7057588827752297580 1363.5/66/-2731.5
grayhairandtattoos_
minecraft
minecraftbuilds
LIVE
159 viewers por 1097 segundos
2025-04-28 01:05:59 - INFO - Canais Recomendados atualmente:
2025-04-28 01:05:59 - INFO - Canal Recomendado 0: vadriss (https://www.twitch.tv/vadriss)
2025-04-28 01:06:09 - INFO - Canal Recomendado 1: aspen (https://www.twitch.tv/aspen)
2025-04-28 01:06:33 - INFO - Canal Recomendado 2: heyyvance (https://www.twitch.tv/heyyvance)
2025-04-28 01:06:39 - INFO - Canal Recomendado 3: gale (https://www.twitch.tv/gale)
2025-04-28 01:06:44 - INFO - Canal Recomendado 4: kaicenat (https://www.twitch.tv/kaicenat)
2025-04-28 01:06:49 - INFO - Canal Recomendado 5: trenchmobbs (https://www.twitch.tv/trenchmobbs)
2025-04-28 01:06:54 - INFO - Canal Recomendado 6: casualcarrotmc (https://www.twitch.tv/casualcarrotmc)
2025-04-28 01:07:02 - INFO - Canal Recomendado 7: zoolon888 (https://www.twitch.tv/zoolon888)
2025-04-28 01:07:14 - INFO - Canal Recomendado 8: mandalin (https://www.twitch.tv/mandalin)
2025-04-28 01:07:27 - INFO - Successfully logged onto Twitch WS: subze2004
2025-04-28 01:25:40 - INFO - Coletado chat do canal grayhairandtattoos_ por 1097 segundos
2025-04-28 01:25:40 - INFO - Tempo de visualização encerrado, busca 5 de 5 encerrada
2025-04-28 01:25:40 - INFO - Treino concluído com sucesso.
2025-04-28 04:00:49 - INFO - ====== WebDriver manager ======
2025-04-28 04:00:49 - INFO - Get LATEST chromedriver version for google-chrome
2025-04-28 04:00:50 - INFO - Get LATEST chromedriver version for google-chrome
2025-04-28 04:00:51 - INFO - Driver [/home/locus/.wdm/drivers/chromedriver/linux64/135.0.7049.114/chromedriver-linux64/chromedriver] found in cache
2025-04-28 04:01:09 - INFO - Erro ao logar no Twitch ou Login já realizado
2025-04-28 04:01:11 - INFO - Iniciando treino...
2025-04-28 04:01:11 - INFO - Realizando 4 buscas nessa sessão
2025-04-28 04:01:11 - INFO - Jogo escolhido: ea-sports-fc-25
2025-04-28 04:01:57 - INFO - Assistindo MARQ HUNT CONTINUED | Reviving Joga Bonito Series !tiktok
Faustography
R9
brazil
English
LIVE
43 viewers por 705 segundos
2025-04-28 04:02:20 - INFO - Canais Recomendados atualmente:
2025-04-28 04:02:20 - INFO - Canal Recomendado 0: vadriss (https://www.twitch.tv/vadriss)
2025-04-28 04:02:28 - INFO - Canal Recomendado 1: matthdgamer (https://www.twitch.tv/matthdgamer)
2025-04-28 04:02:33 - INFO - Canal Recomendado 2: august (https://www.twitch.tv/august)
2025-04-28 04:02:38 - INFO - Canal Recomendado 3: grimm (https://www.twitch.tv/grimm)
2025-04-28 04:02:43 - INFO - Canal Recomendado 4: guru (https://www.twitch.tv/guru)
2025-04-28 04:02:49 - INFO - Canal Recomendado 5: sigy (https://www.twitch.tv/sigy)
2025-04-28 04:02:53 - INFO - Canal Recomendado 6: snipeshot5000 (https://www.twitch.tv/snipeshot5000)
2025-04-28 04:02:58 - INFO - Canal Recomendado 7: adidafc (https://www.twitch.tv/adidafc)
2025-04-28 04:03:03 - INFO - Canal Recomendado 8: yrchuki (https://www.twitch.tv/yrchuki)
2025-04-28 04:03:14 - INFO - Successfully logged onto Twitch WS: subze2004
2025-04-28 04:14:57 - INFO - Coletado chat do canal faustography por 705 segundos
2025-04-28 04:14:57 - INFO - Tempo de visualização encerrado, busca 1 de 4 encerrada
2025-04-28 04:14:57 - INFO - Jogo escolhido: sea-of-thieves
2025-04-28 04:15:47 - INFO - Assistindo 🟢 DROPS & GIVEAWAY 🟢 PVP 🟢 LIVE UNTIL DROPS END 🟢 !socials
CJSHIZ
Giveaway
GFUEL
English
LIVE
861 viewers por 1145 segundos
2025-04-28 04:16:08 - INFO - Canais Recomendados atualmente:
2025-04-28 04:16:08 - INFO - Canal Recomendado 0: vadriss (https://www.twitch.tv/vadriss)
2025-04-28 04:16:21 - INFO - Canal Recomendado 1: matthdgamer (https://www.twitch.tv/matthdgamer)
2025-04-28 04:16:26 - INFO - Canal Recomendado 2: grimm (https://www.twitch.tv/grimm)
2025-04-28 04:16:33 - INFO - Canal Recomendado 3: august (https://www.twitch.tv/august)
2025-04-28 04:16:39 - INFO - Canal Recomendado 4: guru (https://www.twitch.tv/guru)
2025-04-28 04:16:44 - INFO - Canal Recomendado 5: sigy (https://www.twitch.tv/sigy)
2025-04-28 04:16:49 - INFO - Canal Recomendado 6: beardageddon (https://www.twitch.tv/beardageddon)
2025-04-28 04:16:54 - INFO - Canal Recomendado 7: procedural_ (https://www.twitch.tv/procedural_)
2025-04-28 04:17:00 - INFO - Canal Recomendado 8: river (https://www.twitch.tv/river)
2025-04-28 04:17:17 - INFO - Successfully logged onto Twitch WS: subze2004
2025-04-28 04:36:13 - INFO - Coletado chat do canal cjshiz por 1145 segundos
2025-04-28 04:36:13 - INFO - Tempo de visualização encerrado, busca 2 de 4 encerrada
2025-04-28 04:36:13 - INFO - Jogo escolhido: fortnite
2025-04-28 04:37:05 - INFO - Assistindo 💅SHE/HER💅#1 RANKED FEMALE WORLDWIDE🍑GIANT GYATT🍑USE CODE LUST👑ASMR👑!CROSSHAIR👑SPANISH/ENG/GERMAN👑!ORG👑
MRLUST
kaicenat
FaZe
KingsLeague
LIVE
352 viewers por 1045 segundos
2025-04-28 04:37:26 - INFO - Canais Recomendados atualmente:
2025-04-28 04:37:26 - INFO - Canal Recomendado 0: vadriss (https://www.twitch.tv/vadriss)
2025-04-28 04:37:38 - INFO - Canal Recomendado 1: sigy (https://www.twitch.tv/sigy)
2025-04-28 04:37:42 - INFO - Canal Recomendado 2: matthdgamer (https://www.twitch.tv/matthdgamer)
2025-04-28 04:37:47 - INFO - Canal Recomendado 3: grimm (https://www.twitch.tv/grimm)
2025-04-28 04:37:52 - INFO - Canal Recomendado 4: tenz (https://www.twitch.tv/tenz)
2025-04-28 04:37:57 - INFO - Canal Recomendado 5: guru (https://www.twitch.tv/guru)
2025-04-28 04:38:02 - INFO - Canal Recomendado 6: peterbot247official (https://www.twitch.tv/peterbot247official)
2025-04-28 04:38:07 - INFO - Canal Recomendado 7: mongraal247 (https://www.twitch.tv/mongraal247)
2025-04-28 04:38:11 - INFO - Canal Recomendado 8: mrsavageoffline_ (https://www.twitch.tv/mrsavageoffline_)
2025-04-28 04:38:21 - INFO - Successfully logged onto Twitch WS: subze2004
2025-04-28 04:55:44 - INFO - Coletado chat do canal mrlust por 1045 segundos
2025-04-28 04:55:44 - INFO - Tempo de visualização encerrado, busca 3 de 4 encerrada
2025-04-28 04:55:44 - INFO - Jogo escolhido: overwatch-2
2025-04-28 04:56:41 - INFO - Assistindo [!DROPS ✅] #1 ILLARI SUBATHON 🔴 CHAMPION SUPPORT 6v6 & 5v5 🔴 STADIUM GRIND 🔴 SUB = +10 MIN (100 HOUR CAP) !GOALS
chosen_ow
English
Competitive
Illari
LIVE
580 viewers por 748 segundos
2025-04-28 04:57:02 - INFO - Canais Recomendados atualmente:
2025-04-28 04:57:02 - INFO - Canal Recomendado 0: vadriss (https://www.twitch.tv/vadriss)
2025-04-28 04:57:08 - INFO - Canal Recomendado 1: sigy (https://www.twitch.tv/sigy)
2025-04-28 04:57:13 - INFO - Canal Recomendado 2: matthdgamer (https://www.twitch.tv/matthdgamer)
2025-04-28 04:57:18 - INFO - Canal Recomendado 3: grimm (https://www.twitch.tv/grimm)
2025-04-28 04:57:23 - INFO - Canal Recomendado 4: tenz (https://www.twitch.tv/tenz)
2025-04-28 04:57:28 - INFO - Canal Recomendado 5: guru (https://www.twitch.tv/guru)
2025-04-28 04:57:34 - INFO - Canal Recomendado 6: playto_ow (https://www.twitch.tv/playto_ow)
2025-04-28 04:57:51 - INFO - Canal Recomendado 7: pcprincesss (https://www.twitch.tv/pcprincesss)
2025-04-28 04:57:57 - INFO - Canal Recomendado 8: lightt (https://www.twitch.tv/lightt)
2025-04-28 04:58:08 - INFO - Successfully logged onto Twitch WS: subze2004
2025-04-28 05:10:33 - INFO - Coletado chat do canal chosen_ow por 748 segundos
2025-04-28 05:10:33 - INFO - Tempo de visualização encerrado, busca 4 de 4 encerrada
2025-04-28 05:10:33 - INFO - Treino concluído com sucesso.
2025-04-28 08:00:43 - INFO - ====== WebDriver manager ======
2025-04-28 08:00:43 - INFO - Get LATEST chromedriver version for google-chrome
2025-04-28 08:00:45 - INFO - Get LATEST chromedriver version for google-chrome
2025-04-28 08:00:46 - INFO - Driver [/home/locus/.wdm/drivers/chromedriver/linux64/135.0.7049.114/chromedriver-linux64/chromedriver] found in cache
2025-04-28 08:01:13 - INFO - Erro ao logar no Twitch ou Login já realizado
2025-04-28 08:01:15 - INFO - Iniciando treino...
2025-04-28 08:01:15 - INFO - Realizando 5 buscas nessa sessão
2025-04-28 08:01:15 - INFO - Jogo escolhido: league-of-legends
2025-04-28 08:02:12 - INFO - Assistindo 1000AP BLUE CARD ONE SHOT TWISTED FATE | !instagram !video
midbeast
English
Australia
Manipulator
LIVE
955 viewers por 919 segundos
2025-04-28 08:02:36 - INFO - Canais Recomendados atualmente:
2025-04-28 08:02:36 - INFO - Canal Recomendado 0: grimm (https://www.twitch.tv/grimm)
2025-04-28 08:02:43 - INFO - Canal Recomendado 1: tenz (https://www.twitch.tv/tenz)
2025-04-28 08:02:48 - INFO - Canal Recomendado 2: dafran (https://www.twitch.tv/dafran)
2025-04-28 08:02:52 - INFO - Canal Recomendado 3: flux (https://www.twitch.tv/flux)
2025-04-28 08:02:57 - INFO - Canal Recomendado 4: august (https://www.twitch.tv/august)
2025-04-28 08:03:02 - INFO - Canal Recomendado 5: andruwu (https://www.twitch.tv/andruwu)
2025-04-28 08:03:07 - INFO - Canal Recomendado 6: broxah (https://www.twitch.tv/broxah)
2025-04-28 08:03:12 - INFO - Canal Recomendado 7: thebausffs (https://www.twitch.tv/thebausffs)
2025-04-28 08:03:17 - INFO - Canal Recomendado 8: rekkles (https://www.twitch.tv/rekkles)
2025-04-28 08:03:28 - INFO - Successfully logged onto Twitch WS: subze2004
2025-04-28 08:18:44 - INFO - Coletado chat do canal midbeast por 919 segundos
2025-04-28 08:18:44 - INFO - Tempo de visualização encerrado, busca 1 de 5 encerrada
2025-04-28 08:18:44 - INFO - Jogo escolhido: overwatch-2
2025-04-28 08:19:38 - INFO - Assistindo 🔴[!DROPS ON]🔴SEASON 16 GAMING! JUNO MYTHIC! STADIUM! HERO BANS! NEW SKINS! SUPPORTING! WOOOHOOOO!
August
Anime
English
Ana
Kiriko
LIVE
2K viewers por 646 segundos
2025-04-28 08:20:00 - INFO - Canais Recomendados atualmente:
2025-04-28 08:20:00 - INFO - Canal Recomendado 0: grimm (https://www.twitch.tv/grimm)
2025-04-28 08:20:07 - INFO - Canal Recomendado 1: tenz (https://www.twitch.tv/tenz)
2025-04-28 08:20:12 - INFO - Canal Recomendado 2: flux (https://www.twitch.tv/flux)
2025-04-28 08:20:17 - INFO - Canal Recomendado 3: andruwu (https://www.twitch.tv/andruwu)
2025-04-28 08:20:21 - INFO - Canal Recomendado 4: arguz11 (https://www.twitch.tv/arguz11)
2025-04-28 08:20:26 - INFO - Canal Recomendado 5: august (https://www.twitch.tv/august)
2025-04-28 08:20:32 - INFO - Canal Recomendado 6: ml7support (https://www.twitch.tv/ml7support)
2025-04-28 08:20:37 - INFO - Canal Recomendado 7: chosen_ow (https://www.twitch.tv/chosen_ow)
2025-04-28 08:20:41 - INFO - Canal Recomendado 8: beaver (https://www.twitch.tv/beaver)
2025-04-28 08:20:51 - INFO - Successfully logged onto Twitch WS: subze2004
2025-04-28 08:31:35 - INFO - Coletado chat do canal august por 646 segundos
2025-04-28 08:31:35 - INFO - Tempo de visualização encerrado, busca 2 de 5 encerrada
2025-04-28 08:31:35 - INFO - Jogo escolhido: minecraft
2025-04-28 08:32:16 - INFO - Assistindo RSG SPEED RUNS 1.16.1 & MAYBE RANKED | !pb !substreak !socials !discord
Ballixstic
rsg
minecraft
English
LIVE
38 viewers por 1108 segundos
2025-04-28 08:32:39 - INFO - Canais Recomendados atualmente:
2025-04-28 08:32:39 - INFO - Canal Recomendado 0: grimm (https://www.twitch.tv/grimm)
2025-04-28 08:32:44 - INFO - Canal Recomendado 1: tenz (https://www.twitch.tv/tenz)
2025-04-28 08:32:48 - INFO - Canal Recomendado 2: dafran (https://www.twitch.tv/dafran)
2025-04-28 08:32:52 - INFO - Canal Recomendado 3: flux (https://www.twitch.tv/flux)
2025-04-28 08:32:57 - INFO - Canal Recomendado 4: august (https://www.twitch.tv/august)
2025-04-28 08:33:01 - INFO - Canal Recomendado 5: andruwu (https://www.twitch.tv/andruwu)
2025-04-28 08:33:06 - INFO - Canal Recomendado 6: paplerr (https://www.twitch.tv/paplerr)
2025-04-28 08:33:11 - INFO - Canal Recomendado 7: hammsamichz (https://www.twitch.tv/hammsamichz)
2025-04-28 08:33:16 - INFO - Canal Recomendado 8: freddykrxger (https://www.twitch.tv/freddykrxger)
2025-04-28 08:33:25 - INFO - Successfully logged onto Twitch WS: subze2004
2025-04-28 08:51:51 - INFO - Coletado chat do canal ballixstic por 1108 segundos
2025-04-28 08:51:51 - INFO - Tempo de visualização encerrado, busca 3 de 5 encerrada
2025-04-28 08:51:51 - INFO - Jogo escolhido: the-sims-4
2025-04-28 08:52:38 - INFO - Assistindo Blessed Sunday! Let's Chat, Cozy & Chillin 10 expansion packs in! + Childbirth Mod 🧡 Raids Welcomed! Partner Push 🧡 !smackin !rogue 🧡
LeilaniOrange
English
Chill
Woman
LIVE
91 viewers por 919 segundos
2025-04-28 08:53:01 - INFO - Canais Recomendados atualmente:
2025-04-28 08:53:01 - INFO - Canal Recomendado 0: grimm (https://www.twitch.tv/grimm)
2025-04-28 08:53:07 - INFO - Canal Recomendado 1: tenz (https://www.twitch.tv/tenz)
2025-04-28 08:53:11 - INFO - Canal Recomendado 2: dafran (https://www.twitch.tv/dafran)
2025-04-28 08:53:16 - INFO - Canal Recomendado 3: flux (https://www.twitch.tv/flux)
2025-04-28 08:53:21 - INFO - Canal Recomendado 4: august (https://www.twitch.tv/august)
2025-04-28 08:53:25 - INFO - Canal Recomendado 5: andruwu (https://www.twitch.tv/andruwu)
2025-04-28 08:53:30 - INFO - Canal Recomendado 6: jadamoniquex (https://www.twitch.tv/jadamoniquex)
2025-04-28 08:53:35 - INFO - Canal Recomendado 7: a1mami (https://www.twitch.tv/a1mami)
2025-04-28 08:53:39 - INFO - Canal Recomendado 8: camrie_ (https://www.twitch.tv/camrie_)
2025-04-28 08:53:49 - INFO - Successfully logged onto Twitch WS: subze2004
2025-04-28 09:09:06 - INFO - Coletado chat do canal leilaniorange por 919 segundos
2025-04-28 09:09:06 - INFO - Tempo de visualização encerrado, busca 4 de 5 encerrada
2025-04-28 09:09:06 - INFO - Jogo escolhido: marvel-rivals
2025-04-28 09:10:10 - INFO - Assistindo [!DROPS ENABLED] ☆ RANK 1 VENOM GLOBAL "whyAndr3w" ☆ VORTEX X ANDR3W COLLAB !vortex !pc
Andr3wOW
Vanguard
Top500
Magneto
LIVE
1.3K viewers por 993 segundos
2025-04-28 09:10:32 - INFO - Canais Recomendados atualmente:
2025-04-28 09:10:32 - INFO - Canal Recomendado 0: thefreddymc (https://www.twitch.tv/thefreddymc)
2025-04-28 09:10:38 - INFO - Canal Recomendado 1: grimm (https://www.twitch.tv/grimm)
2025-04-28 09:10:44 - INFO - Canal Recomendado 2: dafran (https://www.twitch.tv/dafran)
2025-04-28 09:10:49 - INFO - Canal Recomendado 3: flux (https://www.twitch.tv/flux)
2025-04-28 09:10:55 - INFO - Canal Recomendado 4: tenz (https://www.twitch.tv/tenz)
2025-04-28 09:11:01 - INFO - Canal Recomendado 5: august (https://www.twitch.tv/august)
2025-04-28 09:11:06 - INFO - Canal Recomendado 6: iremiix (https://www.twitch.tv/iremiix)
2025-04-28 09:11:11 - INFO - Canal Recomendado 7: kragiee (https://www.twitch.tv/kragiee)
2025-04-28 09:11:16 - INFO - Canal Recomendado 8: slushiipls (https://www.twitch.tv/slushiipls)
2025-04-28 09:11:37 - INFO - Successfully logged onto Twitch WS: subze2004
2025-04-28 09:28:01 - INFO - Coletado chat do canal andr3wow por 993 segundos
2025-04-28 09:28:01 - INFO - Tempo de visualização encerrado, busca 5 de 5 encerrada
2025-04-28 09:28:01 - INFO - Treino concluído com sucesso.
2025-04-28 12:00:11 - INFO - ====== WebDriver manager ======
2025-04-28 12:00:11 - INFO - Get LATEST chromedriver version for google-chrome
2025-04-28 12:00:12 - INFO - Get LATEST chromedriver version for google-chrome
2025-04-28 12:00:12 - INFO - Driver [/home/locus/.wdm/drivers/chromedriver/linux64/135.0.7049.114/chromedriver-linux64/chromedriver] found in cache
2025-04-28 12:00:23 - INFO - Erro ao logar no Twitch ou Login já realizado
2025-04-28 12:00:25 - INFO - Iniciando treino...
2025-04-28 12:00:25 - INFO - Realizando 3 buscas nessa sessão
2025-04-28 12:00:25 - INFO - Jogo escolhido: fortnite
2025-04-28 12:01:33 - INFO - Assistindo TODAY WE BUILD AND VIBE THEN MINE AND CRAFT
Alixxa
loud
English
LIVE
351 viewers por 1089 segundos
2025-04-28 12:01:56 - INFO - Canais Recomendados atualmente:
2025-04-28 12:01:56 - INFO - Canal Recomendado 0: thefreddymc (https://www.twitch.tv/thefreddymc)
2025-04-28 12:02:12 - INFO - Canal Recomendado 1: august (https://www.twitch.tv/august)
2025-04-28 12:02:17 - INFO - Canal Recomendado 2: lossayyy (https://www.twitch.tv/lossayyy)
2025-04-28 12:02:22 - INFO - Canal Recomendado 3: flux (https://www.twitch.tv/flux)
2025-04-28 12:02:26 - INFO - Canal Recomendado 4: emongg (https://www.twitch.tv/emongg)
2025-04-28 12:02:31 - INFO - Canal Recomendado 5: tenz (https://www.twitch.tv/tenz)
2025-04-28 12:02:35 - INFO - Canal Recomendado 6: yoyosavagemike (https://www.twitch.tv/yoyosavagemike)
2025-04-28 12:02:41 - INFO - Canal Recomendado 7: kmohrz (https://www.twitch.tv/kmohrz)
2025-04-28 12:02:45 - INFO - Canal Recomendado 8: loya (https://www.twitch.tv/loya)
2025-04-28 12:03:05 - ERROR - Websocket connection failure: Cannot connect to host irc-ws.chat.twitch.tv:443 ssl:default [Name or service not known]:: Attempting reconnect in 1.7899361343702525 seconds.
2025-04-28 12:03:15 - INFO - Successfully logged onto Twitch WS: subze2004
2025-04-28 12:21:03 - INFO - Coletado chat do canal alixxa por 1089 segundos
2025-04-28 12:21:03 - INFO - Tempo de visualização encerrado, busca 1 de 3 encerrada
2025-04-28 12:21:03 - INFO - Jogo escolhido: overwatch-2
2025-04-28 12:21:47 - INFO - Assistindo ⌚꒰!drops꒱ so am i sick of stadium yet? let's see ... ♡ | !discord !clip
aeriphie
LGBTQIAPIus
Comfy
LIVE
104 viewers por 609 segundos
2025-04-28 12:22:09 - INFO - Canais Recomendados atualmente:
2025-04-28 12:22:09 - INFO - Canal Recomendado 0: thefreddymc (https://www.twitch.tv/thefreddymc)
2025-04-28 12:22:24 - INFO - Canal Recomendado 1: august (https://www.twitch.tv/august)
2025-04-28 12:22:28 - INFO - Canal Recomendado 2: emongg (https://www.twitch.tv/emongg)
2025-04-28 12:22:33 - INFO - Canal Recomendado 3: tenz (https://www.twitch.tv/tenz)
2025-04-28 12:22:43 - INFO - Canal Recomendado 4: chosen_ow (https://www.twitch.tv/chosen_ow)
2025-04-28 12:22:54 - INFO - Canal Recomendado 5: auziomf (https://www.twitch.tv/auziomf)
2025-04-28 12:22:59 - INFO - Canal Recomendado 6: stormibabys (https://www.twitch.tv/stormibabys)
2025-04-28 12:23:04 - INFO - Canal Recomendado 7: nimbusnimbi (https://www.twitch.tv/nimbusnimbi)
2025-04-28 12:23:08 - INFO - Canal Recomendado 8: tiny_karo (https://www.twitch.tv/tiny_karo)
2025-04-28 12:23:20 - INFO - Successfully logged onto Twitch WS: subze2004
2025-04-28 12:33:27 - INFO - Coletado chat do canal aeriphie por 609 segundos
2025-04-28 12:33:27 - INFO - Tempo de visualização encerrado, busca 2 de 3 encerrada
2025-04-28 12:33:27 - INFO - Jogo escolhido: valorant
2025-04-28 12:34:24 - INFO - Assistindo i dont know what to write lul
ninjirae
English
LIVE
122 viewers por 642 segundos
2025-04-28 12:34:48 - INFO - Canais Recomendados atualmente:
2025-04-28 12:34:48 - INFO - Canal Recomendado 0: thefreddymc (https://www.twitch.tv/thefreddymc)
2025-04-28 12:34:59 - INFO - Canal Recomendado 1: august (https://www.twitch.tv/august)
2025-04-28 12:35:03 - INFO - Canal Recomendado 2: emongg (https://www.twitch.tv/emongg)
2025-04-28 12:35:08 - INFO - Canal Recomendado 3: lossayyy (https://www.twitch.tv/lossayyy)
2025-04-28 12:35:12 - INFO - Canal Recomendado 4: flux (https://www.twitch.tv/flux)
2025-04-28 12:35:19 - INFO - Canal Recomendado 5: grayhairandtattoos_ (https://www.twitch.tv/grayhairandtattoos_)
2025-04-28 12:35:24 - INFO - Canal Recomendado 6: chefstrobel (https://www.twitch.tv/chefstrobel)
2025-04-28 12:35:28 - INFO - Canal Recomendado 7: zarbex_tv (https://www.twitch.tv/zarbex_tv)
2025-04-28 12:35:34 - INFO - Canal Recomendado 8: faister (https://www.twitch.tv/faister)
2025-04-28 12:35:44 - INFO - Successfully logged onto Twitch WS: subze2004
2025-04-28 12:46:24 - INFO - Coletado chat do canal ninjirae por 642 segundos
2025-04-28 12:46:24 - INFO - Tempo de visualização encerrado, busca 3 de 3 encerrada
2025-04-28 12:46:24 - INFO - Treino concluído com sucesso.
2025-04-28 16:00:35 - INFO - ====== WebDriver manager ======
2025-04-28 16:00:35 - INFO - Get LATEST chromedriver version for google-chrome
2025-04-28 16:00:36 - INFO - Get LATEST chromedriver version for google-chrome
2025-04-28 16:00:36 - INFO - Driver [/home/locus/.wdm/drivers/chromedriver/linux64/135.0.7049.114/chromedriver-linux64/chromedriver] found in cache
2025-04-28 16:00:48 - INFO - Erro ao logar no Twitch ou Login já realizado
2025-04-28 16:00:50 - INFO - Iniciando treino...
2025-04-28 16:00:50 - INFO - Realizando 5 buscas nessa sessão
2025-04-28 16:00:50 - INFO - Jogo escolhido: ea-sports-fc-25
2025-04-28 16:01:35 - INFO - Assistindo 🌍 2-0 GHANA RTG FUT CHAMPS 🌍WORLD TOUR SERIES 🌍!lootbar !youtube !discord !tactics
LA4AWALE
English
LIVE
628 viewers por 970 segundos
2025-04-28 16:02:00 - INFO - Canais Recomendados atualmente:
2025-04-28 16:02:00 - INFO - Canal Recomendado 0: thefreddymc (https://www.twitch.tv/thefreddymc)
2025-04-28 16:02:05 - INFO - Canal Recomendado 1: jay3 (https://www.twitch.tv/jay3)
2025-04-28 16:02:10 - INFO - Canal Recomendado 2: emongg (https://www.twitch.tv/emongg)
2025-04-28 16:02:14 - INFO - Canal Recomendado 3: fyr_vl (https://www.twitch.tv/fyr_vl)
2025-04-28 16:02:19 - INFO - Canal Recomendado 4: grayhairandtattoos_ (https://www.twitch.tv/grayhairandtattoos_)
2025-04-28 16:02:23 - INFO - Canal Recomendado 5: imkayzie (https://www.twitch.tv/imkayzie)
2025-04-28 16:02:28 - INFO - Canal Recomendado 6: auziomf (https://www.twitch.tv/auziomf)
2025-04-28 16:02:33 - INFO - Canal Recomendado 7: thefutaccountant (https://www.twitch.tv/thefutaccountant)
2025-04-28 16:02:38 - INFO - Canal Recomendado 8: easportsfc (https://www.twitch.tv/easportsfc)
2025-04-28 16:02:47 - INFO - Successfully logged onto Twitch WS: subze2004
2025-04-28 16:18:55 - INFO - Coletado chat do canal la4awale por 970 segundos
2025-04-28 16:18:55 - INFO - Tempo de visualização encerrado, busca 1 de 5 encerrada
2025-04-28 16:18:55 - INFO - Jogo escolhido: counter-strike
2025-04-28 16:19:40 - INFO - Assistindo 1K Cases ZERO Gold... help? | TEEQO.COM | !Tradeit
Teeqo
csgo
English
teeqo
LIVE
1.6K viewers por 982 segundos
2025-04-28 16:20:03 - INFO - Canais Recomendados atualmente:
2025-04-28 16:20:03 - INFO - Canal Recomendado 0: jay3 (https://www.twitch.tv/jay3)
2025-04-28 16:20:08 - INFO - Canal Recomendado 1: emongg (https://www.twitch.tv/emongg)
2025-04-28 16:20:13 - INFO - Canal Recomendado 2: la4awale (https://www.twitch.tv/la4awale)
2025-04-28 16:20:17 - INFO - Canal Recomendado 3: fyr_vl (https://www.twitch.tv/fyr_vl)
2025-04-28 16:20:22 - INFO - Canal Recomendado 4: cowfee (https://www.twitch.tv/cowfee)
2025-04-28 16:20:26 - INFO - Canal Recomendado 5: mrlust (https://www.twitch.tv/mrlust)
2025-04-28 16:20:31 - INFO - Canal Recomendado 6: killdozer_tv (https://www.twitch.tv/killdozer_tv)
2025-04-28 16:20:36 - INFO - Canal Recomendado 7: eastahh (https://www.twitch.tv/eastahh)
2025-04-28 16:20:41 - INFO - Canal Recomendado 8: scream (https://www.twitch.tv/scream)
2025-04-28 16:20:50 - INFO - Successfully logged onto Twitch WS: subze2004
2025-04-28 16:37:10 - INFO - Coletado chat do canal teeqo por 982 segundos
2025-04-28 16:37:10 - INFO - Tempo de visualização encerrado, busca 2 de 5 encerrada
2025-04-28 16:37:10 - INFO - Jogo escolhido: league-of-legends
2025-04-28 16:37:54 - INFO - Assistindo LOSERS Q BABY !!!! THE DOWNFALL !!!! DIAMOND IM COMING BACK HOME !!!! I'VE MISSED YOU! VACATION IS OVER! LOSE LOSE LLOSE LOSERED RED !newvid
KeshaEuw
English
LIVE
2K viewers por 914 segundos
2025-04-28 16:38:18 - INFO - Canais Recomendados atualmente:
2025-04-28 16:38:18 - INFO - Canal Recomendado 0: jay3 (https://www.twitch.tv/jay3)
2025-04-28 16:38:23 - INFO - Canal Recomendado 1: emongg (https://www.twitch.tv/emongg)
2025-04-28 16:38:28 - INFO - Canal Recomendado 2: la4awale (https://www.twitch.tv/la4awale)
2025-04-28 16:38:32 - INFO - Canal Recomendado 3: fyr_vl (https://www.twitch.tv/fyr_vl)
2025-04-28 16:38:37 - INFO - Canal Recomendado 4: sloppywalrusx (https://www.twitch.tv/sloppywalrusx)
2025-04-28 16:38:41 - INFO - Canal Recomendado 5: cowfee (https://www.twitch.tv/cowfee)
2025-04-28 16:38:46 - INFO - Canal Recomendado 6: shaco_mid_lane (https://www.twitch.tv/shaco_mid_lane)
2025-04-28 16:38:51 - INFO - Canal Recomendado 7: dantes (https://www.twitch.tv/dantes)
2025-04-28 16:38:56 - INFO - Canal Recomendado 8: loltyler1 (https://www.twitch.tv/loltyler1)
2025-04-28 16:39:06 - INFO - Successfully logged onto Twitch WS: subze2004
2025-04-28 16:54:18 - INFO - Coletado chat do canal keshaeuw por 914 segundos
2025-04-28 16:54:18 - INFO - Tempo de visualização encerrado, busca 3 de 5 encerrada
2025-04-28 16:54:18 - INFO - Jogo escolhido: marvel-rivals
2025-04-28 16:54:59 - INFO - Assistindo [DROPS] Marveling the Rivals | Follow socials --> @jay3
Jay3
DropsEnabled
English
Shooter
LIVE
2.2K viewers por 1163 segundos
2025-04-28 16:55:23 - INFO - Canais Recomendados atualmente:
2025-04-28 16:55:23 - INFO - Canal Recomendado 0: jay3 (https://www.twitch.tv/jay3)
2025-04-28 16:55:28 - INFO - Canal Recomendado 1: emongg (https://www.twitch.tv/emongg)
2025-04-28 16:55:32 - INFO - Canal Recomendado 2: fuzettv_ (https://www.twitch.tv/fuzettv_)
2025-04-28 16:55:37 - INFO - Canal Recomendado 3: la4awale (https://www.twitch.tv/la4awale)
2025-04-28 16:55:41 - INFO - Canal Recomendado 4: nickeh30_vods (https://www.twitch.tv/nickeh30_vods)
2025-04-28 16:55:46 - INFO - Canal Recomendado 5: couriway (https://www.twitch.tv/couriway)
2025-04-28 16:55:50 - INFO - Canal Recomendado 6: bogur (https://www.twitch.tv/bogur)
2025-04-28 16:55:55 - INFO - Canal Recomendado 7: flats (https://www.twitch.tv/flats)
2025-04-28 16:56:00 - INFO - Canal Recomendado 8: aramori (https://www.twitch.tv/aramori)
2025-04-28 16:56:09 - INFO - Successfully logged onto Twitch WS: subze2004
2025-04-28 17:15:30 - INFO - Coletado chat do canal jay3 por 1163 segundos
2025-04-28 17:15:30 - INFO - Tempo de visualização encerrado, busca 4 de 5 encerrada
2025-04-28 17:15:30 - INFO - Jogo escolhido: overwatch-2
2025-04-28 17:16:23 - ERROR - Erro ao recuperar canais na busca por overwatch-2
2025-04-28 17:16:23 - INFO - Treino concluído com sucesso.
2025-04-28 20:00:34 - INFO - ====== WebDriver manager ======
2025-04-28 20:00:34 - INFO - Get LATEST chromedriver version for google-chrome
2025-04-28 20:00:35 - INFO - Get LATEST chromedriver version for google-chrome
2025-04-28 20:00:35 - INFO - Driver [/home/locus/.wdm/drivers/chromedriver/linux64/135.0.7049.114/chromedriver-linux64/chromedriver] found in cache
2025-04-28 20:00:47 - INFO - Erro ao logar no Twitch ou Login já realizado
2025-04-28 20:00:49 - INFO - Iniciando treino...
2025-04-28 20:00:49 - INFO - Realizando 3 buscas nessa sessão
2025-04-28 20:00:49 - INFO - Jogo escolhido: counter-strike
2025-04-28 20:01:34 - INFO - Assistindo TALENT NEEDER IMPROVES QUICKNESS ! wow sense make bud larn speak world . OR ? WHAT GO HAPPEN ! NOT NO NOTHING CAUSE FRIGHT AND SCARE ! BOY !
loltyler1
English
loltyler1
tyler1
LIVE
8.2K viewers por 942 segundos
2025-04-28 20:01:58 - INFO - Canais Recomendados atualmente:
2025-04-28 20:01:58 - INFO - Canal Recomendado 0: vadriss (https://www.twitch.tv/vadriss)
2025-04-28 20:02:03 - INFO - Canal Recomendado 1: aspen (https://www.twitch.tv/aspen)
2025-04-28 20:02:07 - INFO - Canal Recomendado 2: p4perback (https://www.twitch.tv/p4perback)
2025-04-28 20:02:12 - INFO - Canal Recomendado 3: grayhairandtattoos_ (https://www.twitch.tv/grayhairandtattoos_)
2025-04-28 20:02:16 - INFO - Canal Recomendado 4: cutespiders_ (https://www.twitch.tv/cutespiders_)
2025-04-28 20:02:20 - INFO - Canal Recomendado 5: grxnt (https://www.twitch.tv/grxnt)
2025-04-28 20:02:25 - INFO - Canal Recomendado 6: doublelift (https://www.twitch.tv/doublelift)
2025-04-28 20:02:29 - INFO - Canal Recomendado 7: humzh (https://www.twitch.tv/humzh)
2025-04-28 20:02:34 - INFO - Canal Recomendado 8: pobelter (https://www.twitch.tv/pobelter)
2025-04-28 20:02:44 - INFO - Successfully logged onto Twitch WS: subze2004
2025-04-28 20:18:23 - INFO - Coletado chat do canal loltyler1 por 942 segundos
2025-04-28 20:18:23 - INFO - Tempo de visualização encerrado, busca 1 de 3 encerrada
2025-04-28 20:18:23 - INFO - Jogo escolhido: roblox
2025-04-28 20:19:04 - INFO - Assistindo UPDATE GRIND! JOIN UP! [PET SIM99]
SadHyperion
fps
Multiplayer
DropsEnabled
LIVE
9 viewers por 948 segundos
2025-04-28 20:19:29 - INFO - Canais Recomendados atualmente:
2025-04-28 20:19:29 - INFO - Canal Recomendado 0: vadriss (https://www.twitch.tv/vadriss)
2025-04-28 20:19:35 - INFO - Canal Recomendado 1: aspen (https://www.twitch.tv/aspen)
2025-04-28 20:19:39 - INFO - Canal Recomendado 2: p4perback (https://www.twitch.tv/p4perback)
2025-04-28 20:19:44 - INFO - Canal Recomendado 3: cutespiders_ (https://www.twitch.tv/cutespiders_)
2025-04-28 20:19:48 - INFO - Canal Recomendado 4: grayhairandtattoos_ (https://www.twitch.tv/grayhairandtattoos_)
2025-04-28 20:19:52 - INFO - Canal Recomendado 5: sigy (https://www.twitch.tv/sigy)
2025-04-28 20:19:57 - INFO - Canal Recomendado 6: starsektorvt (https://www.twitch.tv/starsektorvt)
2025-04-28 20:20:02 - INFO - Canal Recomendado 7: akolon29 (https://www.twitch.tv/akolon29)
2025-04-28 20:20:07 - INFO - Canal Recomendado 8: sirdandeman (https://www.twitch.tv/sirdandeman)
2025-04-28 20:20:17 - INFO - Successfully logged onto Twitch WS: subze2004
2025-04-28 20:36:02 - INFO - Coletado chat do canal sadhyperion por 948 segundos
2025-04-28 20:36:02 - INFO - Tempo de visualização encerrado, busca 2 de 3 encerrada
2025-04-28 20:36:02 - INFO - Jogo escolhido: ea-sports-fc-25
2025-04-28 20:36:45 - INFO - Assistindo 🌍 RANK 3 REWARDS 🌍 GHANA RTG FUT CHAMPS 🌍 WORLD TOUR SERIES 🌍 !lootbar !youtube !discord !tactics
LA4AWALE
English
LIVE
827 viewers por 697 segundos
2025-04-28 20:37:06 - INFO - Canais Recomendados atualmente:
2025-04-28 20:37:06 - INFO - Canal Recomendado 0: chosen_ow (https://www.twitch.tv/chosen_ow)
2025-04-28 20:37:12 - INFO - Canal Recomendado 1: clix (https://www.twitch.tv/clix)
2025-04-28 20:37:16 - INFO - Canal Recomendado 2: vadriss (https://www.twitch.tv/vadriss)
2025-04-28 20:37:21 - INFO - Canal Recomendado 3: grxnt (https://www.twitch.tv/grxnt)
2025-04-28 20:37:25 - INFO - Canal Recomendado 4: sigy (https://www.twitch.tv/sigy)
2025-04-28 20:37:29 - INFO - Canal Recomendado 5: aspen (https://www.twitch.tv/aspen)
2025-04-28 20:37:34 - INFO - Canal Recomendado 6: mbytes37 (https://www.twitch.tv/mbytes37)
2025-04-28 20:37:39 - INFO - Canal Recomendado 7: walksplays_ (https://www.twitch.tv/walksplays_)
2025-04-28 20:37:44 - INFO - Canal Recomendado 8: rsdgawd (https://www.twitch.tv/rsdgawd)
2025-04-28 20:37:53 - INFO - Successfully logged onto Twitch WS: subze2004
2025-04-28 20:49:28 - INFO - Coletado chat do canal la4awale por 697 segundos
2025-04-28 20:49:28 - INFO - Tempo de visualização encerrado, busca 3 de 3 encerrada
2025-04-28 20:49:28 - INFO - Treino concluído com sucesso.
2025-04-29 00:00:38 - INFO - ====== WebDriver manager ======
2025-04-29 00:00:39 - INFO - Get LATEST chromedriver version for google-chrome
2025-04-29 00:00:39 - INFO - Get LATEST chromedriver version for google-chrome
2025-04-29 00:00:40 - INFO - Get LATEST chromedriver version for google-chrome
2025-04-29 00:00:41 - INFO - WebDriver version 135.0.7049.114 selected
2025-04-29 00:00:41 - INFO - Modern chrome version https://storage.googleapis.com/chrome-for-testing-public/135.0.7049.114/linux64/chromedriver-linux64.zip
2025-04-29 00:00:41 - INFO - About to download new driver from https://storage.googleapis.com/chrome-for-testing-public/135.0.7049.114/linux64/chromedriver-linux64.zip
2025-04-29 00:00:41 - INFO - Driver downloading response is 200
2025-04-29 00:00:42 - INFO - Get LATEST chromedriver version for google-chrome
2025-04-29 00:00:43 - INFO - Driver has been saved in cache [/home/locus/.wdm/drivers/chromedriver/linux64/135.0.7049.114]
2025-04-29 00:00:55 - INFO - Erro ao logar no Twitch ou Login já realizado
2025-04-29 00:00:56 - INFO - Iniciando treino...
2025-04-29 00:00:56 - INFO - Realizando 5 buscas nessa sessão
2025-04-29 00:00:56 - INFO - Jogo escolhido: overwatch-2
2025-04-29 00:01:39 - INFO - Assistindo [!DROPS ✅] #1 ILLARI SUBATHON 🔴 CHAMPION SUPPORT 6v6 & 5v5 🔴 STADIUM GRIND 🔴 SUB = +10 MIN (100 HOUR CAP) !GOALS
chosen_ow
Competitive
English
overwatch
LIVE
218 viewers por 1153 segundos
2025-04-29 00:01:59 - INFO - Canais Recomendados atualmente:
2025-04-29 00:01:59 - INFO - Canal Recomendado 0: vadriss (https://www.twitch.tv/vadriss)
2025-04-29 00:02:05 - INFO - Canal Recomendado 1: nodamagerocket (https://www.twitch.tv/nodamagerocket)
2025-04-29 00:02:09 - INFO - Canal Recomendado 2: keeoh (https://www.twitch.tv/keeoh)
2025-04-29 00:02:14 - INFO - Canal Recomendado 3: aspen (https://www.twitch.tv/aspen)
2025-04-29 00:02:18 - INFO - Canal Recomendado 4: mellondoodle (https://www.twitch.tv/mellondoodle)
2025-04-29 00:02:23 - INFO - Canal Recomendado 5: chosen_ow (https://www.twitch.tv/chosen_ow)
2025-04-29 00:02:27 - INFO - Canal Recomendado 6: numbers2155 (https://www.twitch.tv/numbers2155)
2025-04-29 00:02:32 - INFO - Canal Recomendado 7: karq (https://www.twitch.tv/karq)
2025-04-29 00:02:43 - INFO - Canal Recomendado 8: aceofspades (https://www.twitch.tv/aceofspades)
2025-04-29 00:02:53 - INFO - Successfully logged onto Twitch WS: subze2004
2025-04-29 00:22:04 - INFO - Coletado chat do canal chosen_ow por 1153 segundos
2025-04-29 00:22:04 - INFO - Tempo de visualização encerrado, busca 1 de 5 encerrada
2025-04-29 00:22:04 - INFO - Jogo escolhido: the-sims-4
2025-04-29 00:22:47 - INFO - Assistindo The Cozy Fam always Doing It For The Plot !! 18+ and come vibeee boo !!
SimplyCozyCorner
Cozy
Thesims4gameplay
LIVE
6 viewers por 780 segundos
2025-04-29 00:23:11 - INFO - Canais Recomendados atualmente:
2025-04-29 00:23:11 - INFO - Canal Recomendado 0: vadriss (https://www.twitch.tv/vadriss)
2025-04-29 00:23:16 - INFO - Canal Recomendado 1: aspen (https://www.twitch.tv/aspen)
2025-04-29 00:23:20 - INFO - Canal Recomendado 2: keeoh (https://www.twitch.tv/keeoh)
2025-04-29 00:23:25 - INFO - Canal Recomendado 3: nodamagerocket (https://www.twitch.tv/nodamagerocket)
2025-04-29 00:23:29 - INFO - Canal Recomendado 4: mellondoodle (https://www.twitch.tv/mellondoodle)
2025-04-29 00:23:34 - INFO - Canal Recomendado 5: humzh (https://www.twitch.tv/humzh)
2025-04-29 00:23:38 - INFO - Canal Recomendado 6: curvy_nazzy (https://www.twitch.tv/curvy_nazzy)
2025-04-29 00:23:43 - INFO - Canal Recomendado 7: maybejennifer (https://www.twitch.tv/maybejennifer)
2025-04-29 00:23:47 - INFO - Canal Recomendado 8: officialbreezyvibes (https://www.twitch.tv/officialbreezyvibes)
2025-04-29 00:23:57 - INFO - Successfully logged onto Twitch WS: subze2004
2025-04-29 00:36:55 - INFO - Coletado chat do canal simplycozycorner por 780 segundos
2025-04-29 00:36:55 - INFO - Tempo de visualização encerrado, busca 2 de 5 encerrada
2025-04-29 00:36:55 - INFO - Jogo escolhido: grand-theft-auto-v
2025-04-29 00:37:47 - INFO - Assistindo O NAHHH
CheetoHeadd
English
LIVE
200 viewers por 1176 segundos
2025-04-29 00:38:09 - INFO - Canais Recomendados atualmente:
2025-04-29 00:38:09 - INFO - Canal Recomendado 0: vadriss (https://www.twitch.tv/vadriss)
2025-04-29 00:38:14 - INFO - Canal Recomendado 1: aspen (https://www.twitch.tv/aspen)
2025-04-29 00:38:19 - INFO - Canal Recomendado 2: keeoh (https://www.twitch.tv/keeoh)
2025-04-29 00:38:23 - INFO - Canal Recomendado 3: nodamagerocket (https://www.twitch.tv/nodamagerocket)
2025-04-29 00:38:28 - INFO - Canal Recomendado 4: mellondoodle (https://www.twitch.tv/mellondoodle)
2025-04-29 00:38:32 - INFO - Canal Recomendado 5: humzh (https://www.twitch.tv/humzh)
2025-04-29 00:38:36 - INFO - Canal Recomendado 6: jayunmatched (https://www.twitch.tv/jayunmatched)
2025-04-29 00:38:42 - INFO - Canal Recomendado 7: jdotty183bx (https://www.twitch.tv/jdotty183bx)
2025-04-29 00:38:46 - INFO - Canal Recomendado 8: jaystayup (https://www.twitch.tv/jaystayup)
2025-04-29 00:38:56 - INFO - Successfully logged onto Twitch WS: subze2004
2025-04-29 00:58:30 - INFO - Coletado chat do canal cheetoheadd por 1176 segundos
2025-04-29 00:58:30 - INFO - Tempo de visualização encerrado, busca 3 de 5 encerrada
2025-04-29 00:58:30 - INFO - Jogo escolhido: ea-sports-fc-25
2025-04-29 00:59:26 - INFO - Assistindo (21-0) #1 NA PRO GOING FOR 30-0 IN ONE STREAM!!!! (ENG/GRE) | !tactics
GAdamou10_
English
LIVE
382 viewers por 952 segundos
2025-04-29 00:59:47 - INFO - Canais Recomendados atualmente:
2025-04-29 00:59:47 - INFO - Canal Recomendado 0: vadriss (https://www.twitch.tv/vadriss)
2025-04-29 00:59:52 - INFO - Canal Recomendado 1: keeoh (https://www.twitch.tv/keeoh)
2025-04-29 00:59:57 - INFO - Canal Recomendado 2: aspen (https://www.twitch.tv/aspen)
2025-04-29 01:00:01 - INFO - Canal Recomendado 3: nodamagerocket (https://www.twitch.tv/nodamagerocket)
2025-04-29 01:00:06 - INFO - Canal Recomendado 4: mellondoodle (https://www.twitch.tv/mellondoodle)
2025-04-29 01:00:10 - INFO - Canal Recomendado 5: humzh (https://www.twitch.tv/humzh)
2025-04-29 01:00:15 - INFO - Canal Recomendado 6: snipeshot5000 (https://www.twitch.tv/snipeshot5000)
2025-04-29 01:00:19 - INFO - Canal Recomendado 7: zwebackhd (https://www.twitch.tv/zwebackhd)
2025-04-29 01:00:24 - INFO - Canal Recomendado 8: yyoshiiiiii (https://www.twitch.tv/yyoshiiiiii)
2025-04-29 01:00:33 - INFO - Successfully logged onto Twitch WS: subze2004
2025-04-29 01:16:23 - INFO - Coletado chat do canal gadamou10_ por 952 segundos
2025-04-29 01:16:23 - INFO - Tempo de visualização encerrado, busca 4 de 5 encerrada
2025-04-29 01:16:23 - INFO - Jogo escolhido: minecraft
2025-04-29 01:17:07 - INFO - Assistindo Sub 25 today FOR SURE | DAY 117/365 | !pbmc !newvid !discord
thehashaq
English
LIVE
97 viewers por 810 segundos
2025-04-29 01:17:32 - INFO - Canais Recomendados atualmente:
2025-04-29 01:17:32 - INFO - Canal Recomendado 0: vadriss (https://www.twitch.tv/vadriss)
2025-04-29 01:17:38 - INFO - Canal Recomendado 1: aspen (https://www.twitch.tv/aspen)
2025-04-29 01:17:42 - INFO - Canal Recomendado 2: keeoh (https://www.twitch.tv/keeoh)
2025-04-29 01:17:48 - INFO - Canal Recomendado 3: nodamagerocket (https://www.twitch.tv/nodamagerocket)
2025-04-29 01:17:53 - INFO - Canal Recomendado 4: mellondoodle (https://www.twitch.tv/mellondoodle)
2025-04-29 01:17:59 - INFO - Canal Recomendado 5: grayhairandtattoos_ (https://www.twitch.tv/grayhairandtattoos_)
2025-04-29 01:18:11 - INFO - Canal Recomendado 6: ararelemon (https://www.twitch.tv/ararelemon)
2025-04-29 01:18:16 - INFO - Canal Recomendado 7: freddegrace (https://www.twitch.tv/freddegrace)
2025-04-29 01:18:20 - INFO - Canal Recomendado 8: wifaii (https://www.twitch.tv/wifaii)
2025-04-29 01:18:30 - INFO - Successfully logged onto Twitch WS: subze2004
2025-04-29 01:31:58 - INFO - Coletado chat do canal thehashaq por 810 segundos
2025-04-29 01:31:58 - INFO - Tempo de visualização encerrado, busca 5 de 5 encerrada
2025-04-29 01:31:58 - INFO - Treino concluído com sucesso.
2025-04-29 04:00:07 - INFO - ====== WebDriver manager ======
2025-04-29 04:00:08 - INFO - Get LATEST chromedriver version for google-chrome
2025-04-29 04:00:08 - INFO - Get LATEST chromedriver version for google-chrome
2025-04-29 04:00:09 - INFO - Driver [/home/locus/.wdm/drivers/chromedriver/linux64/135.0.7049.114/chromedriver-linux64/chromedriver] found in cache
2025-04-29 04:00:20 - INFO - Erro ao logar no Twitch ou Login já realizado
2025-04-29 04:00:21 - INFO - Iniciando treino...
2025-04-29 04:00:21 - INFO - Realizando 4 buscas nessa sessão
2025-04-29 04:00:21 - INFO - Jogo escolhido: marvel-rivals
2025-04-29 04:01:04 - INFO - Assistindo ☢️RANK #1 BRUCE BANNER☢️ || GM RANKED GRIND // long stream ➔ !tiktok !discord
Nautilifts
DropsEnabled
Marvel
LIVE
158 viewers por 1175 segundos
2025-04-29 04:01:25 - INFO - Canais Recomendados atualmente:
2025-04-29 04:01:25 - INFO - Canal Recomendado 0: vadriss (https://www.twitch.tv/vadriss)
2025-04-29 04:01:30 - INFO - Canal Recomendado 1: mellondoodle (https://www.twitch.tv/mellondoodle)
2025-04-29 04:01:35 - INFO - Canal Recomendado 2: keeoh (https://www.twitch.tv/keeoh)
2025-04-29 04:01:40 - INFO - Canal Recomendado 3: chosen_ow (https://www.twitch.tv/chosen_ow)
2025-04-29 04:01:44 - INFO - Canal Recomendado 4: guru (https://www.twitch.tv/guru)
2025-04-29 04:01:49 - INFO - Canal Recomendado 5: gale (https://www.twitch.tv/gale)
2025-04-29 04:01:54 - INFO - Canal Recomendado 6: basimzb (https://www.twitch.tv/basimzb)
2025-04-29 04:01:59 - INFO - Canal Recomendado 7: therag1ng (https://www.twitch.tv/therag1ng)
2025-04-29 04:02:04 - INFO - Canal Recomendado 8: eatinpizzarn (https://www.twitch.tv/eatinpizzarn)
2025-04-29 04:02:13 - INFO - Successfully logged onto Twitch WS: subze2004
2025-04-29 04:21:46 - INFO - Coletado chat do canal nautilifts por 1175 segundos
2025-04-29 04:21:46 - INFO - Tempo de visualização encerrado, busca 1 de 4 encerrada
2025-04-29 04:21:46 - INFO - Jogo escolhido: fortnite
2025-04-29 04:22:45 - INFO - Assistindo OCE SOLO CASH CUP FINALS | Code "Oatley" #ad | !socials !youtube !delay
Oatley
Professional
FamilyFriendly
LIVE
1.4K viewers por 1026 segundos
2025-04-29 04:23:08 - INFO - Canais Recomendados atualmente:
2025-04-29 04:23:08 - INFO - Canal Recomendado 0: vadriss (https://www.twitch.tv/vadriss)
2025-04-29 04:23:13 - INFO - Canal Recomendado 1: mellondoodle (https://www.twitch.tv/mellondoodle)
2025-04-29 04:23:18 - INFO - Canal Recomendado 2: chosen_ow (https://www.twitch.tv/chosen_ow)
2025-04-29 04:23:23 - INFO - Canal Recomendado 3: guru (https://www.twitch.tv/guru)
2025-04-29 04:23:28 - INFO - Canal Recomendado 4: gale (https://www.twitch.tv/gale)
2025-04-29 04:23:32 - INFO - Canal Recomendado 5: nautilifts (https://www.twitch.tv/nautilifts)
2025-04-29 04:23:37 - INFO - Canal Recomendado 6: peterbot247official (https://www.twitch.tv/peterbot247official)
2025-04-29 04:23:42 - INFO - Canal Recomendado 7: hydraszn (https://www.twitch.tv/hydraszn)
2025-04-29 04:23:46 - INFO - Canal Recomendado 8: oatleyoffline (https://www.twitch.tv/oatleyoffline)
2025-04-29 04:23:57 - INFO - Successfully logged onto Twitch WS: subze2004
2025-04-29 04:41:01 - INFO - Coletado chat do canal oatley por 1026 segundos
2025-04-29 04:41:01 - INFO - Tempo de visualização encerrado, busca 2 de 4 encerrada
2025-04-29 04:41:01 - INFO - Jogo escolhido: counter-strike
2025-04-29 04:42:01 - INFO - Assistindo retake server.
LX_ying
女生
girlgamer
Australia
LIVE
15 viewers por 1116 segundos
2025-04-29 04:42:25 - INFO - Canais Recomendados atualmente:
2025-04-29 04:42:25 - INFO - Canal Recomendado 0: vadriss (https://www.twitch.tv/vadriss)
2025-04-29 04:42:31 - INFO - Canal Recomendado 1: chosen_ow (https://www.twitch.tv/chosen_ow)
2025-04-29 04:42:35 - INFO - Canal Recomendado 2: guru (https://www.twitch.tv/guru)
2025-04-29 04:42:40 - INFO - Canal Recomendado 3: gale (https://www.twitch.tv/gale)
2025-04-29 04:42:45 - INFO - Canal Recomendado 4: oatley (https://www.twitch.tv/oatley)
2025-04-29 04:42:49 - INFO - Canal Recomendado 5: mrlust (https://www.twitch.tv/mrlust)
2025-04-29 04:42:54 - INFO - Canal Recomendado 6: skye_sg (https://www.twitch.tv/skye_sg)
2025-04-29 04:42:58 - INFO - Canal Recomendado 7: scarleteye8 (https://www.twitch.tv/scarleteye8)
2025-04-29 04:43:03 - INFO - Canal Recomendado 8: bluephish (https://www.twitch.tv/bluephish)
2025-04-29 04:43:13 - INFO - Successfully logged onto Twitch WS: subze2004
2025-04-29 05:01:48 - INFO - Coletado chat do canal lx_ying por 1116 segundos
2025-04-29 05:01:48 - INFO - Tempo de visualização encerrado, busca 3 de 4 encerrada
2025-04-29 05:01:48 - INFO - Jogo escolhido: valorant
2025-04-29 05:02:34 - INFO - Assistindo LAST DAY TO HIT RADIANT APAC
Kaemii
English
LIVE
343 viewers por 822 segundos
2025-04-29 05:02:58 - INFO - Canais Recomendados atualmente:
2025-04-29 05:02:58 - INFO - Canal Recomendado 0: vadriss (https://www.twitch.tv/vadriss)
2025-04-29 05:03:04 - INFO - Canal Recomendado 1: chosen_ow (https://www.twitch.tv/chosen_ow)
2025-04-29 05:03:08 - INFO - Canal Recomendado 2: guru (https://www.twitch.tv/guru)
2025-04-29 05:03:14 - INFO - Canal Recomendado 3: botjayttv (https://www.twitch.tv/botjayttv)
2025-04-29 05:03:18 - INFO - Canal Recomendado 4: gale (https://www.twitch.tv/gale)
2025-04-29 05:03:23 - INFO - Canal Recomendado 5: mrlust (https://www.twitch.tv/mrlust)
2025-04-29 05:03:28 - INFO - Canal Recomendado 6: hamy (https://www.twitch.tv/hamy)
2025-04-29 05:03:33 - INFO - Canal Recomendado 7: nats (https://www.twitch.tv/nats)
2025-04-29 05:03:37 - INFO - Canal Recomendado 8: sakurashymko (https://www.twitch.tv/sakurashymko)
2025-04-29 05:03:47 - INFO - Successfully logged onto Twitch WS: subze2004
2025-04-29 05:17:27 - INFO - Coletado chat do canal kaemii por 822 segundos
2025-04-29 05:17:27 - INFO - Tempo de visualização encerrado, busca 4 de 4 encerrada
2025-04-29 05:17:27 - INFO - Treino concluído com sucesso.
2025-04-29 08:00:37 - INFO - ====== WebDriver manager ======
2025-04-29 08:00:37 - INFO - Get LATEST chromedriver version for google-chrome
2025-04-29 08:00:38 - INFO - Get LATEST chromedriver version for google-chrome
2025-04-29 08:00:38 - INFO - Driver [/home/locus/.wdm/drivers/chromedriver/linux64/135.0.7049.114/chromedriver-linux64/chromedriver] found in cache
2025-04-29 08:01:04 - INFO - Erro ao logar no Twitch ou Login já realizado
2025-04-29 08:01:05 - INFO - Iniciando treino...
2025-04-29 08:01:05 - INFO - Realizando 4 buscas nessa sessão
2025-04-29 08:01:05 - INFO - Jogo escolhido: roblox
2025-04-29 08:02:02 - INFO - Assistindo [ENG/FIL | 18+] growing a garden :3 // !discord !fish !fishleaderboard
qadrienne
lurkbait
BirthdayStream
LIVE
8 viewers por 1107 segundos
2025-04-29 08:02:24 - INFO - Canais Recomendados atualmente:
2025-04-29 08:02:24 - INFO - Canal Recomendado 0: emongg (https://www.twitch.tv/emongg)
2025-04-29 08:02:29 - INFO - Canal Recomendado 1: andruwu (https://www.twitch.tv/andruwu)
2025-04-29 08:02:33 - INFO - Canal Recomendado 2: chosen_ow (https://www.twitch.tv/chosen_ow)
2025-04-29 08:02:38 - INFO - Canal Recomendado 3: botjayttv (https://www.twitch.tv/botjayttv)
2025-04-29 08:02:42 - INFO - Canal Recomendado 4: mrlust (https://www.twitch.tv/mrlust)
2025-04-29 08:02:47 - INFO - Canal Recomendado 5: andr3wow (https://www.twitch.tv/andr3wow)
2025-04-29 08:02:51 - INFO - Canal Recomendado 6: jolidofc (https://www.twitch.tv/jolidofc)
2025-04-29 08:02:56 - INFO - Canal Recomendado 7: niexautomatic (https://www.twitch.tv/niexautomatic)
2025-04-29 08:03:01 - INFO - Canal Recomendado 8: tsukkitamago (https://www.twitch.tv/tsukkitamago)
2025-04-29 08:03:12 - INFO - Successfully logged onto Twitch WS: subze2004
2025-04-29 08:21:37 - INFO - Coletado chat do canal qadrienne por 1107 segundos
2025-04-29 08:21:37 - INFO - Tempo de visualização encerrado, busca 1 de 4 encerrada
2025-04-29 08:21:37 - INFO - Jogo escolhido: overwatch-2
2025-04-29 08:22:17 - INFO - Assistindo [!DROPS ✅] #1 ILLARI SUBATHON 🔴 CHAMPION SUPPORT 6v6 & 5v5 🔴 STADIUM GRIND 🔴 SUB = +10 MIN (100 HOUR CAP) !GOALS
chosen_ow
Illari
DropsEnabled
femboy
LIVE
470 viewers por 1011 segundos
2025-04-29 08:22:39 - INFO - Canais Recomendados atualmente:
2025-04-29 08:22:39 - INFO - Canal Recomendado 0: botjayttv (https://www.twitch.tv/botjayttv)
2025-04-29 08:22:44 - INFO - Canal Recomendado 1: emongg (https://www.twitch.tv/emongg)
2025-04-29 08:22:48 - INFO - Canal Recomendado 2: chosen_ow (https://www.twitch.tv/chosen_ow)
2025-04-29 08:22:53 - INFO - Canal Recomendado 3: andruwu (https://www.twitch.tv/andruwu)
2025-04-29 08:22:57 - INFO - Canal Recomendado 4: mrlust (https://www.twitch.tv/mrlust)
2025-04-29 08:23:02 - INFO - Canal Recomendado 5: andr3wow (https://www.twitch.tv/andr3wow)
2025-04-29 08:23:06 - INFO - Canal Recomendado 6: playto_ow (https://www.twitch.tv/playto_ow)
2025-04-29 08:23:11 - INFO - Canal Recomendado 7: lightt (https://www.twitch.tv/lightt)
2025-04-29 08:23:15 - INFO - Canal Recomendado 8: codebreaker (https://www.twitch.tv/codebreaker)
2025-04-29 08:23:25 - INFO - Successfully logged onto Twitch WS: subze2004
2025-04-29 08:40:13 - INFO - Coletado chat do canal chosen_ow por 1011 segundos
2025-04-29 08:40:13 - INFO - Tempo de visualização encerrado, busca 2 de 4 encerrada
2025-04-29 08:40:13 - INFO - Jogo escolhido: league-of-legends
2025-04-29 08:41:01 - INFO - Assistindo 🔴 LOS RATONES SUPPORT → SCRIMS VS FOG AT 14:00 CEST 🔴
Rekkles
English
LIVE
6.1K viewers por 737 segundos
2025-04-29 08:41:24 - INFO - Canais Recomendados atualmente:
2025-04-29 08:41:24 - INFO - Canal Recomendado 0: botjayttv (https://www.twitch.tv/botjayttv)
2025-04-29 08:41:29 - INFO - Canal Recomendado 1: grimm (https://www.twitch.tv/grimm)
2025-04-29 08:41:34 - INFO - Canal Recomendado 2: chosen_ow (https://www.twitch.tv/chosen_ow)
2025-04-29 08:41:39 - INFO - Canal Recomendado 3: emongg (https://www.twitch.tv/emongg)
2025-04-29 08:41:43 - INFO - Canal Recomendado 4: andruwu (https://www.twitch.tv/andruwu)
2025-04-29 08:41:48 - INFO - Canal Recomendado 5: mrlust (https://www.twitch.tv/mrlust)
2025-04-29 08:41:55 - INFO - Canal Recomendado 6: thebausffs (https://www.twitch.tv/thebausffs)
2025-04-29 08:42:00 - INFO - Canal Recomendado 7: crownie_lol (https://www.twitch.tv/crownie_lol)
2025-04-29 08:42:04 - INFO - Canal Recomendado 8: agurin (https://www.twitch.tv/agurin)
2025-04-29 08:42:14 - INFO - Successfully logged onto Twitch WS: subze2004
2025-04-29 08:54:29 - INFO - Coletado chat do canal rekkles por 737 segundos
2025-04-29 08:54:29 - INFO - Tempo de visualização encerrado, busca 3 de 4 encerrada
2025-04-29 08:54:29 - INFO - Jogo escolhido: sea-of-thieves
2025-04-29 08:55:17 - INFO - Assistindo The Tootie Tussle
ekim941
Coffee
PvE
PvP
English
LIVE
18 viewers por 928 segundos
2025-04-29 08:55:42 - INFO - Canais Recomendados atualmente:
2025-04-29 08:55:42 - INFO - Canal Recomendado 0: botjayttv (https://www.twitch.tv/botjayttv)
2025-04-29 08:55:53 - INFO - Canal Recomendado 1: grimm (https://www.twitch.tv/grimm)
2025-04-29 08:55:57 - INFO - Canal Recomendado 2: chosen_ow (https://www.twitch.tv/chosen_ow)
2025-04-29 08:56:02 - INFO - Canal Recomendado 3: emongg (https://www.twitch.tv/emongg)
2025-04-29 08:56:06 - INFO - Canal Recomendado 4: andruwu (https://www.twitch.tv/andruwu)
2025-04-29 08:56:12 - INFO - Canal Recomendado 5: mrlust (https://www.twitch.tv/mrlust)
2025-04-29 08:56:17 - INFO - Canal Recomendado 6: queenofshebascat (https://www.twitch.tv/queenofshebascat)
2025-04-29 08:56:22 - INFO - Canal Recomendado 7: mizterlucas (https://www.twitch.tv/mizterlucas)
2025-04-29 08:56:27 - INFO - Canal Recomendado 8: disengag3d (https://www.twitch.tv/disengag3d)
2025-04-29 08:56:37 - INFO - Successfully logged onto Twitch WS: subze2004
2025-04-29 09:12:02 - INFO - Coletado chat do canal ekim941 por 928 segundos
2025-04-29 09:12:02 - INFO - Tempo de visualização encerrado, busca 4 de 4 encerrada
2025-04-29 09:12:02 - INFO - Treino concluído com sucesso.
2025-04-29 12:00:11 - INFO - ====== WebDriver manager ======
2025-04-29 12:00:12 - INFO - Get LATEST chromedriver version for google-chrome
2025-04-29 12:00:12 - INFO - Get LATEST chromedriver version for google-chrome
2025-04-29 12:00:13 - INFO - Driver [/home/locus/.wdm/drivers/chromedriver/linux64/135.0.7049.114/chromedriver-linux64/chromedriver] found in cache
2025-04-29 12:00:25 - INFO - Erro ao logar no Twitch ou Login já realizado
2025-04-29 12:00:26 - INFO - Iniciando treino...
2025-04-29 12:00:26 - INFO - Realizando 3 buscas nessa sessão
2025-04-29 12:00:26 - INFO - Jogo escolhido: sea-of-thieves
2025-04-29 12:01:10 - INFO - Assistindo Spear-Wielding Crazy Person ☠️ TTS 500 ⚔️ (!nordvpn) (!coffee) (!giveaway)
HitboTC
NewPlayersWelcome
Gaslighting
LIVE
520 viewers por 1050 segundos
2025-04-29 12:01:31 - INFO - Canais Recomendados atualmente:
2025-04-29 12:01:31 - INFO - Canal Recomendado 0: grimm (https://www.twitch.tv/grimm)
2025-04-29 12:01:37 - INFO - Canal Recomendado 1: thefreddymc (https://www.twitch.tv/thefreddymc)
2025-04-29 12:01:42 - INFO - Canal Recomendado 2: ninjirae (https://www.twitch.tv/ninjirae)
2025-04-29 12:01:46 - INFO - Canal Recomendado 3: mrlust (https://www.twitch.tv/mrlust)
2025-04-29 12:01:51 - INFO - Canal Recomendado 4: chosen_ow (https://www.twitch.tv/chosen_ow)
2025-04-29 12:01:56 - INFO - Canal Recomendado 5: emongg (https://www.twitch.tv/emongg)
2025-04-29 12:02:00 - INFO - Canal Recomendado 6: phuzzybond (https://www.twitch.tv/phuzzybond)
2025-04-29 12:02:06 - INFO - Canal Recomendado 7: skelecurseirl (https://www.twitch.tv/skelecurseirl)
2025-04-29 12:02:10 - INFO - Canal Recomendado 8: podognon (https://www.twitch.tv/podognon)
2025-04-29 12:02:20 - INFO - Successfully logged onto Twitch WS: subze2004
2025-04-29 12:19:48 - INFO - Coletado chat do canal hitbotc por 1050 segundos
2025-04-29 12:19:48 - INFO - Tempo de visualização encerrado, busca 1 de 3 encerrada
2025-04-29 12:19:48 - INFO - Jogo escolhido: minecraft
2025-04-29 12:20:40 - INFO - Assistindo Day 119 Of My Minecraft Journey - We Need More Stuff, Lush Cave Build AND Adventures! Seed: 7057588827752297580 1363.5/66/-2731.5
grayhairandtattoos_
ChattingAndGaming
LIVE
16 viewers por 755 segundos
2025-04-29 12:21:02 - INFO - Canais Recomendados atualmente:
2025-04-29 12:21:02 - INFO - Canal Recomendado 0: thefreddymc (https://www.twitch.tv/thefreddymc)
2025-04-29 12:21:08 - INFO - Canal Recomendado 1: grayhairandtattoos_ (https://www.twitch.tv/grayhairandtattoos_)
2025-04-29 12:21:12 - INFO - Canal Recomendado 2: ninjirae (https://www.twitch.tv/ninjirae)
2025-04-29 12:21:17 - INFO - Canal Recomendado 3: grimm (https://www.twitch.tv/grimm)
2025-04-29 12:21:22 - INFO - Canal Recomendado 4: mrlust (https://www.twitch.tv/mrlust)
2025-04-29 12:21:26 - INFO - Canal Recomendado 5: chosen_ow (https://www.twitch.tv/chosen_ow)
2025-04-29 12:21:30 - INFO - Canal Recomendado 6: kayymc_ (https://www.twitch.tv/kayymc_)
2025-04-29 12:21:36 - INFO - Canal Recomendado 7: s0ph (https://www.twitch.tv/s0ph)
2025-04-29 12:21:41 - INFO - Canal Recomendado 8: zestybeens (https://www.twitch.tv/zestybeens)
2025-04-29 12:21:50 - INFO - Successfully logged onto Twitch WS: subze2004
2025-04-29 12:34:23 - INFO - Coletado chat do canal grayhairandtattoos_ por 755 segundos
2025-04-29 12:34:23 - INFO - Tempo de visualização encerrado, busca 2 de 3 encerrada
2025-04-29 12:34:23 - INFO - Jogo escolhido: the-sims-4
2025-04-29 12:35:13 - INFO - Assistindo Building a beach house in the sims 4!! #TheSimsCreatorProgram !frub !insta !ad
HeppiSims
sims
cosy
sims4
English
LIVE
63 viewers por 765 segundos
2025-04-29 12:35:34 - INFO - Canais Recomendados atualmente:
2025-04-29 12:35:34 - INFO - Canal Recomendado 0: thefreddymc (https://www.twitch.tv/thefreddymc)
2025-04-29 12:35:42 - INFO - Canal Recomendado 1: grayhairandtattoos_ (https://www.twitch.tv/grayhairandtattoos_)
2025-04-29 12:35:46 - INFO - Canal Recomendado 2: chosen_ow (https://www.twitch.tv/chosen_ow)
2025-04-29 12:35:51 - INFO - Canal Recomendado 3: grimm (https://www.twitch.tv/grimm)
2025-04-29 12:35:56 - INFO - Canal Recomendado 4: andr3wow (https://www.twitch.tv/andr3wow)
2025-04-29 12:36:01 - INFO - Canal Recomendado 5: ninjirae (https://www.twitch.tv/ninjirae)
2025-04-29 12:36:12 - INFO - Canal Recomendado 6: plumbaleena (https://www.twitch.tv/plumbaleena)
2025-04-29 12:36:17 - INFO - Canal Recomendado 7: rosannatxt (https://www.twitch.tv/rosannatxt)
2025-04-29 12:36:22 - INFO - Canal Recomendado 8: mellowteddy (https://www.twitch.tv/mellowteddy)
2025-04-29 12:36:32 - INFO - Successfully logged onto Twitch WS: subze2004
2025-04-29 12:49:15 - INFO - Coletado chat do canal heppisims por 765 segundos
2025-04-29 12:49:15 - INFO - Tempo de visualização encerrado, busca 3 de 3 encerrada
2025-04-29 12:49:15 - INFO - Treino concluído com sucesso.
2025-04-29 16:00:26 - INFO - ====== WebDriver manager ======
2025-04-29 16:00:26 - INFO - Get LATEST chromedriver version for google-chrome
2025-04-29 16:00:27 - INFO - Get LATEST chromedriver version for google-chrome
2025-04-29 16:00:27 - INFO - Driver [/home/locus/.wdm/drivers/chromedriver/linux64/135.0.7049.114/chromedriver-linux64/chromedriver] found in cache
2025-04-29 16:00:41 - INFO - Erro ao logar no Twitch ou Login já realizado
2025-04-29 16:00:42 - INFO - Iniciando treino...
2025-04-29 16:00:42 - INFO - Realizando 5 buscas nessa sessão
2025-04-29 16:00:42 - INFO - Jogo escolhido: grand-theft-auto-v
2025-04-29 16:01:23 - INFO - Assistindo LSPD SNR --> BSCO UNDERSHERIFF? 💠 LUCAS MILLER 💠 NOPIXEL WL 💠 !socials !discord
MattEU
English
LIVE
496 viewers por 1075 segundos
2025-04-29 16:01:45 - INFO - Canais Recomendados atualmente:
2025-04-29 16:01:45 - INFO - Canal Recomendado 0: thefreddymc (https://www.twitch.tv/thefreddymc)
2025-04-29 16:01:52 - INFO - Canal Recomendado 1: fyr_vl (https://www.twitch.tv/fyr_vl)
2025-04-29 16:01:59 - INFO - Canal Recomendado 2: bogur (https://www.twitch.tv/bogur)
2025-04-29 16:02:05 - INFO - Canal Recomendado 3: mrlust (https://www.twitch.tv/mrlust)
2025-04-29 16:02:11 - INFO - Canal Recomendado 4: andr3wow (https://www.twitch.tv/andr3wow)
2025-04-29 16:02:17 - INFO - Canal Recomendado 5: keshaeuw (https://www.twitch.tv/keshaeuw)
2025-04-29 16:02:24 - INFO - Canal Recomendado 6: bbeambee (https://www.twitch.tv/bbeambee)
2025-04-29 16:02:31 - INFO - Canal Recomendado 7: louuis (https://www.twitch.tv/louuis)
2025-04-29 16:02:38 - INFO - Canal Recomendado 8: harmless (https://www.twitch.tv/harmless)
2025-04-29 16:02:57 - INFO - Successfully logged onto Twitch WS: subze2004
2025-04-29 16:20:47 - INFO - Coletado chat do canal matteu por 1075 segundos
2025-04-29 16:20:47 - INFO - Tempo de visualização encerrado, busca 1 de 5 encerrada
2025-04-29 16:20:47 - INFO - Jogo escolhido: counter-strike
2025-04-29 16:21:32 - INFO - Assistindo SHORT STREAM TODAY BLAST RIVALS TOMORROW 🥗 road to 1 million followers
fl0m
SwoleDaddy
BEARD
Pro
LIVE
981 viewers por 1027 segundos
2025-04-29 16:21:56 - INFO - Canais Recomendados atualmente:
2025-04-29 16:21:56 - INFO - Canal Recomendado 0: thefreddymc (https://www.twitch.tv/thefreddymc)
2025-04-29 16:22:02 - INFO - Canal Recomendado 1: fyr_vl (https://www.twitch.tv/fyr_vl)
2025-04-29 16:22:07 - INFO - Canal Recomendado 2: bogur (https://www.twitch.tv/bogur)
2025-04-29 16:22:12 - INFO - Canal Recomendado 3: mrlust (https://www.twitch.tv/mrlust)
2025-04-29 16:22:17 - INFO - Canal Recomendado 4: andr3wow (https://www.twitch.tv/andr3wow)
2025-04-29 16:22:28 - INFO - Canal Recomendado 5: keshaeuw (https://www.twitch.tv/keshaeuw)
2025-04-29 16:22:32 - INFO - Canal Recomendado 6: stewie2k (https://www.twitch.tv/stewie2k)
2025-04-29 16:22:37 - INFO - Canal Recomendado 7: eslcs (https://www.twitch.tv/eslcs)
2025-04-29 16:22:43 - INFO - Canal Recomendado 8: trottah (https://www.twitch.tv/trottah)
2025-04-29 16:22:53 - INFO - Successfully logged onto Twitch WS: subze2004
2025-04-29 16:39:57 - INFO - Coletado chat do canal fl0m por 1027 segundos
2025-04-29 16:39:57 - INFO - Tempo de visualização encerrado, busca 2 de 5 encerrada
2025-04-29 16:39:57 - INFO - Jogo escolhido: league-of-legends
2025-04-29 16:40:44 - INFO - Assistindo A good person follows the rules 🤔But a great person follows himself😤100 MEN VS 1 HUMZH I WIN💯 ☪ 9Yrs Challenger EU/KR/NA😏!coaching
humzh
English
LIVE
1K viewers por 718 segundos
2025-04-29 16:41:07 - INFO - Canais Recomendados atualmente:
2025-04-29 16:41:07 - INFO - Canal Recomendado 0: thefreddymc (https://www.twitch.tv/thefreddymc)
2025-04-29 16:41:13 - INFO - Canal Recomendado 1: fyr_vl (https://www.twitch.tv/fyr_vl)
2025-04-29 16:41:17 - INFO - Canal Recomendado 2: bogur (https://www.twitch.tv/bogur)
2025-04-29 16:41:22 - INFO - Canal Recomendado 3: mrlust (https://www.twitch.tv/mrlust)
2025-04-29 16:41:27 - INFO - Canal Recomendado 4: andr3wow (https://www.twitch.tv/andr3wow)
2025-04-29 16:41:31 - INFO - Canal Recomendado 5: keshaeuw (https://www.twitch.tv/keshaeuw)
2025-04-29 16:41:36 - INFO - Canal Recomendado 6: spear_shot (https://www.twitch.tv/spear_shot)
2025-04-29 16:41:41 - INFO - Canal Recomendado 7: dantes (https://www.twitch.tv/dantes)
2025-04-29 16:41:47 - INFO - Canal Recomendado 8: sloppywalrusx (https://www.twitch.tv/sloppywalrusx)
2025-04-29 16:41:57 - INFO - Successfully logged onto Twitch WS: subze2004
2025-04-29 16:53:52 - INFO - Coletado chat do canal humzh por 718 segundos
2025-04-29 16:53:52 - INFO - Tempo de visualização encerrado, busca 3 de 5 encerrada
2025-04-29 16:53:52 - INFO - Jogo escolhido: sea-of-thieves
2025-04-29 16:54:35 - INFO - Assistindo 🏴‍☠️HOWDY🏴‍☠️ TTS 500 !latest
BoxyFresh
English
GetToWorkCEO
LIVE
2.3K viewers por 1101 segundos
2025-04-29 16:54:59 - INFO - Canais Recomendados atualmente:
2025-04-29 16:54:59 - INFO - Canal Recomendado 0: thefreddymc (https://www.twitch.tv/thefreddymc)
2025-04-29 16:55:04 - INFO - Canal Recomendado 1: fyr_vl (https://www.twitch.tv/fyr_vl)
2025-04-29 16:55:09 - INFO - Canal Recomendado 2: bogur (https://www.twitch.tv/bogur)
2025-04-29 16:55:13 - INFO - Canal Recomendado 3: drdonutttttt (https://www.twitch.tv/drdonutttttt)
2025-04-29 16:55:18 - INFO - Canal Recomendado 4: mrlust (https://www.twitch.tv/mrlust)
2025-04-29 16:55:22 - INFO - Canal Recomendado 5: andr3wow (https://www.twitch.tv/andr3wow)
2025-04-29 16:55:27 - INFO - Canal Recomendado 6: hitbotc (https://www.twitch.tv/hitbotc)
2025-04-29 16:55:32 - INFO - Canal Recomendado 7: ldsylvr (https://www.twitch.tv/ldsylvr)
2025-04-29 16:55:36 - INFO - Canal Recomendado 8: skelecurseirl (https://www.twitch.tv/skelecurseirl)
2025-04-29 16:55:46 - INFO - Successfully logged onto Twitch WS: subze2004
2025-04-29 17:14:05 - INFO - Coletado chat do canal boxyfresh por 1101 segundos
2025-04-29 17:14:05 - INFO - Tempo de visualização encerrado, busca 4 de 5 encerrada
2025-04-29 17:14:05 - INFO - Jogo escolhido: fortnite
2025-04-29 17:14:57 - ERROR - Erro ao recuperar canais na busca por fortnite
2025-04-29 17:14:57 - INFO - Treino concluído com sucesso.
2025-04-29 20:00:07 - INFO - ====== WebDriver manager ======
2025-04-29 20:00:07 - INFO - Get LATEST chromedriver version for google-chrome
2025-04-29 20:00:08 - INFO - Get LATEST chromedriver version for google-chrome
2025-04-29 20:00:08 - INFO - Driver [/home/locus/.wdm/drivers/chromedriver/linux64/135.0.7049.114/chromedriver-linux64/chromedriver] found in cache
2025-04-29 20:00:21 - INFO - Erro ao logar no Twitch ou Login já realizado
2025-04-29 20:00:22 - INFO - Iniciando treino...
2025-04-29 20:00:22 - INFO - Realizando 3 buscas nessa sessão
2025-04-29 20:00:22 - INFO - Jogo escolhido: overwatch-2
2025-04-29 20:01:06 - INFO - Assistindo [!DROPS] #1 ASHE 🔴 OVERWATCH 2 STADIUM PRO TONIGHT 🔴 50+ POKE PACK OPENING 🔴 SHOP UPDATE and COLLAB 🔴 NEW Tilting Streamers !video LOL
Warn
Overwatch
DropsEnabled
LIVE
490 viewers por 1140 segundos
2025-04-29 20:01:29 - INFO - Canais Recomendados atualmente:
2025-04-29 20:01:29 - INFO - Canal Recomendado 0: vadriss (https://www.twitch.tv/vadriss)
2025-04-29 20:01:34 - INFO - Canal Recomendado 1: warn (https://www.twitch.tv/warn)
2025-04-29 20:01:39 - INFO - Canal Recomendado 2: aspen (https://www.twitch.tv/aspen)
2025-04-29 20:01:43 - INFO - Canal Recomendado 3: la4awale (https://www.twitch.tv/la4awale)
2025-04-29 20:01:47 - INFO - Canal Recomendado 4: sigy (https://www.twitch.tv/sigy)
2025-04-29 20:01:52 - INFO - Canal Recomendado 5: drdonutttttt (https://www.twitch.tv/drdonutttttt)
2025-04-29 20:01:56 - INFO - Canal Recomendado 6: froggerow (https://www.twitch.tv/froggerow)
2025-04-29 20:02:01 - INFO - Canal Recomendado 7: zbra (https://www.twitch.tv/zbra)
2025-04-29 20:02:05 - INFO - Canal Recomendado 8: skiesti (https://www.twitch.tv/skiesti)
2025-04-29 20:02:15 - INFO - Successfully logged onto Twitch WS: subze2004
2025-04-29 20:21:13 - INFO - Coletado chat do canal warn por 1140 segundos
2025-04-29 20:21:13 - INFO - Tempo de visualização encerrado, busca 1 de 3 encerrada
2025-04-29 20:21:13 - INFO - Jogo escolhido: fortnite
2025-04-29 20:21:52 - INFO - Assistindo 💅SHE/HER💅#1 RANKED FEMALE WORLDWIDE🍑GIANT GYATT🍑USE CODE LUST👑ASMR👑!CROSSHAIR👑SPANISH/ENG/GERMAN👑!ORG👑
MRLUST
Fortnite
ASMR
FaZe
LIVE
310 viewers por 730 segundos
2025-04-29 20:22:17 - INFO - Canais Recomendados atualmente:
2025-04-29 20:22:17 - INFO - Canal Recomendado 0: vadriss (https://www.twitch.tv/vadriss)
2025-04-29 20:22:22 - INFO - Canal Recomendado 1: warn (https://www.twitch.tv/warn)
2025-04-29 20:22:26 - INFO - Canal Recomendado 2: aspen (https://www.twitch.tv/aspen)
2025-04-29 20:22:30 - INFO - Canal Recomendado 3: la4awale (https://www.twitch.tv/la4awale)
2025-04-29 20:22:35 - INFO - Canal Recomendado 4: drdonutttttt (https://www.twitch.tv/drdonutttttt)
2025-04-29 20:22:39 - INFO - Canal Recomendado 5: grayhairandtattoos_ (https://www.twitch.tv/grayhairandtattoos_)
2025-04-29 20:22:44 - INFO - Canal Recomendado 6: peterbot247official (https://www.twitch.tv/peterbot247official)
2025-04-29 20:22:48 - INFO - Canal Recomendado 7: mongraal247 (https://www.twitch.tv/mongraal247)
2025-04-29 20:22:53 - INFO - Canal Recomendado 8: higgs (https://www.twitch.tv/higgs)
2025-04-29 20:23:02 - INFO - Successfully logged onto Twitch WS: subze2004
2025-04-29 20:35:10 - INFO - Coletado chat do canal mrlust por 730 segundos
2025-04-29 20:35:10 - INFO - Tempo de visualização encerrado, busca 2 de 3 encerrada
2025-04-29 20:35:10 - INFO - Jogo escolhido: grand-theft-auto-v
2025-04-29 20:35:52 - INFO - Assistindo Corporal Croc PRODIGY RP
Whippy
english
roleplay
English
LIVE
695 viewers por 767 segundos
2025-04-29 20:36:18 - INFO - Canais Recomendados atualmente:
2025-04-29 20:36:18 - INFO - Canal Recomendado 0: sapnaplive (https://www.twitch.tv/sapnaplive)
2025-04-29 20:36:23 - INFO - Canal Recomendado 1: vadriss (https://www.twitch.tv/vadriss)
2025-04-29 20:36:28 - INFO - Canal Recomendado 2: aspen (https://www.twitch.tv/aspen)
2025-04-29 20:36:32 - INFO - Canal Recomendado 3: drdonutttttt (https://www.twitch.tv/drdonutttttt)
2025-04-29 20:36:36 - INFO - Canal Recomendado 4: warn (https://www.twitch.tv/warn)
2025-04-29 20:36:41 - INFO - Canal Recomendado 5: cutespiders_ (https://www.twitch.tv/cutespiders_)
2025-04-29 20:36:45 - INFO - Canal Recomendado 6: lord_kebun (https://www.twitch.tv/lord_kebun)
2025-04-29 20:36:50 - INFO - Canal Recomendado 7: southh (https://www.twitch.tv/southh)
2025-04-29 20:36:55 - INFO - Canal Recomendado 8: ghastlyhoney (https://www.twitch.tv/ghastlyhoney)
2025-04-29 20:37:04 - INFO - Successfully logged onto Twitch WS: subze2004
2025-04-29 20:49:49 - INFO - Coletado chat do canal whippy por 767 segundos
2025-04-29 20:49:49 - INFO - Tempo de visualização encerrado, busca 3 de 3 encerrada
2025-04-29 20:49:49 - INFO - Treino concluído com sucesso.
2025-04-30 00:00:00 - INFO - ====== WebDriver manager ======
2025-04-30 00:00:00 - INFO - Get LATEST chromedriver version for google-chrome
2025-04-30 00:00:01 - INFO - Get LATEST chromedriver version for google-chrome
2025-04-30 00:00:01 - INFO - Get LATEST chromedriver version for google-chrome
2025-04-30 00:00:02 - INFO - WebDriver version 135.0.7049.114 selected
2025-04-30 00:00:02 - INFO - Modern chrome version https://storage.googleapis.com/chrome-for-testing-public/135.0.7049.114/linux64/chromedriver-linux64.zip
2025-04-30 00:00:02 - INFO - About to download new driver from https://storage.googleapis.com/chrome-for-testing-public/135.0.7049.114/linux64/chromedriver-linux64.zip
2025-04-30 00:00:03 - INFO - Driver downloading response is 200
2025-04-30 00:00:05 - INFO - Get LATEST chromedriver version for google-chrome
2025-04-30 00:00:05 - INFO - Driver has been saved in cache [/home/locus/.wdm/drivers/chromedriver/linux64/135.0.7049.114]
2025-04-30 00:00:26 - INFO - Erro ao logar no Twitch ou Login já realizado
2025-04-30 00:00:27 - INFO - Iniciando treino...
2025-04-30 00:00:27 - INFO - Realizando 3 buscas nessa sessão
2025-04-30 00:00:27 - INFO - Jogo escolhido: ea-sports-fc-25
2025-04-30 00:01:11 - INFO - Assistindo 5TH IN THE WORLD CHAMPS | !442 !4213 | NEW !DISCORD
FUTWIZ_Mark11
English
LIVE
105 viewers por 714 segundos
2025-04-30 00:01:33 - INFO - Canais Recomendados atualmente:
2025-04-30 00:01:33 - INFO - Canal Recomendado 0: keeoh (https://www.twitch.tv/keeoh)
2025-04-30 00:01:39 - INFO - Canal Recomendado 1: vadriss (https://www.twitch.tv/vadriss)
2025-04-30 00:01:43 - INFO - Canal Recomendado 2: grayhairandtattoos_ (https://www.twitch.tv/grayhairandtattoos_)
2025-04-30 00:01:48 - INFO - Canal Recomendado 3: chosen_ow (https://www.twitch.tv/chosen_ow)
2025-04-30 00:01:52 - INFO - Canal Recomendado 4: aspen (https://www.twitch.tv/aspen)
2025-04-30 00:01:57 - INFO - Canal Recomendado 5: omareloff (https://www.twitch.tv/omareloff)
2025-04-30 00:02:02 - INFO - Canal Recomendado 6: mbytes37 (https://www.twitch.tv/mbytes37)
2025-04-30 00:02:07 - INFO - Canal Recomendado 7: yyoshiiiiii (https://www.twitch.tv/yyoshiiiiii)
2025-04-30 00:02:12 - INFO - Canal Recomendado 8: cincofifa (https://www.twitch.tv/cincofifa)
2025-04-30 00:02:21 - INFO - Successfully logged onto Twitch WS: subze2004
2025-04-30 00:14:13 - INFO - Coletado chat do canal futwiz_mark11 por 714 segundos
2025-04-30 00:14:13 - INFO - Tempo de visualização encerrado, busca 1 de 3 encerrada
2025-04-30 00:14:13 - INFO - Jogo escolhido: overwatch-2
2025-04-30 00:15:04 - INFO - Assistindo [!DROPS] #1 ASHE 🔴 OVERWATCH 2 STADIUM PRO TONIGHT 🔴 50+ POKE PACK OPENING 🔴 SHOP UPDATE and COLLAB 🔴 NEW Tilting Streamers !video LOL
Warn
Drops
DropsEnabled
LIVE
967 viewers por 850 segundos
2025-04-30 00:15:25 - INFO - Canais Recomendados atualmente:
2025-04-30 00:15:26 - INFO - Canal Recomendado 0: keeoh (https://www.twitch.tv/keeoh)
2025-04-30 00:15:31 - INFO - Canal Recomendado 1: vadriss (https://www.twitch.tv/vadriss)
2025-04-30 00:15:35 - INFO - Canal Recomendado 2: grayhairandtattoos_ (https://www.twitch.tv/grayhairandtattoos_)
2025-04-30 00:15:40 - INFO - Canal Recomendado 3: chosen_ow (https://www.twitch.tv/chosen_ow)
2025-04-30 00:15:46 - INFO - Canal Recomendado 4: aspen (https://www.twitch.tv/aspen)
2025-04-30 00:15:50 - INFO - Canal Recomendado 5: warn (https://www.twitch.tv/warn)
2025-04-30 00:15:55 - INFO - Canal Recomendado 6: froggerow (https://www.twitch.tv/froggerow)
2025-04-30 00:16:02 - INFO - Canal Recomendado 7: vulture_ow (https://www.twitch.tv/vulture_ow)
2025-04-30 00:16:06 - INFO - Canal Recomendado 8: karq (https://www.twitch.tv/karq)
2025-04-30 00:16:17 - INFO - Successfully logged onto Twitch WS: subze2004
2025-04-30 00:30:25 - INFO - Coletado chat do canal warn por 850 segundos
2025-04-30 00:30:25 - INFO - Tempo de visualização encerrado, busca 2 de 3 encerrada
2025-04-30 00:30:25 - INFO - Jogo escolhido: marvel-rivals
2025-04-30 00:31:09 - INFO - Assistindo [DROPS] Jinema
sinatraa
DropsEnabled
English
LIVE
2.4K viewers por 669 segundos
2025-04-30 00:31:31 - INFO - Canais Recomendados atualmente:
2025-04-30 00:31:31 - INFO - Canal Recomendado 0: keeoh (https://www.twitch.tv/keeoh)
2025-04-30 00:31:36 - INFO - Canal Recomendado 1: vadriss (https://www.twitch.tv/vadriss)
2025-04-30 00:31:41 - INFO - Canal Recomendado 2: grayhairandtattoos_ (https://www.twitch.tv/grayhairandtattoos_)
2025-04-30 00:31:46 - INFO - Canal Recomendado 3: chosen_ow (https://www.twitch.tv/chosen_ow)
2025-04-30 00:31:51 - INFO - Canal Recomendado 4: aspen (https://www.twitch.tv/aspen)
2025-04-30 00:31:56 - INFO - Canal Recomendado 5: warn (https://www.twitch.tv/warn)
2025-04-30 00:32:01 - INFO - Canal Recomendado 6: gale (https://www.twitch.tv/gale)
2025-04-30 00:32:05 - INFO - Canal Recomendado 7: supertf (https://www.twitch.tv/supertf)
2025-04-30 00:32:10 - INFO - Canal Recomendado 8: supergomezow (https://www.twitch.tv/supergomezow)
2025-04-30 00:32:21 - INFO - Successfully logged onto Twitch WS: subze2004
2025-04-30 00:43:28 - INFO - Coletado chat do canal sinatraa por 669 segundos
2025-04-30 00:43:28 - INFO - Tempo de visualização encerrado, busca 3 de 3 encerrada
2025-04-30 00:43:28 - INFO - Treino concluído com sucesso.
2025-04-30 04:00:39 - INFO - ====== WebDriver manager ======
2025-04-30 04:00:39 - INFO - Get LATEST chromedriver version for google-chrome
2025-04-30 04:00:40 - INFO - Get LATEST chromedriver version for google-chrome
2025-04-30 04:00:40 - INFO - Driver [/home/locus/.wdm/drivers/chromedriver/linux64/135.0.7049.114/chromedriver-linux64/chromedriver] found in cache
2025-04-30 04:01:08 - INFO - Erro ao logar no Twitch ou Login já realizado
2025-04-30 04:01:09 - INFO - Iniciando treino...
2025-04-30 04:01:09 - INFO - Realizando 3 buscas nessa sessão
2025-04-30 04:01:09 - INFO - Jogo escolhido: roblox
2025-04-30 04:02:01 - INFO - Assistindo BLOX FRUITS🔴 AO VIVO 🔴
alfaline7
English
blox
bloxfruits
LIVE
593 viewers por 763 segundos
2025-04-30 04:02:22 - INFO - Canais Recomendados atualmente:
2025-04-30 04:02:22 - INFO - Canal Recomendado 0: vadriss (https://www.twitch.tv/vadriss)
2025-04-30 04:02:28 - INFO - Canal Recomendado 1: august (https://www.twitch.tv/august)
2025-04-30 04:02:32 - INFO - Canal Recomendado 2: mellondoodle (https://www.twitch.tv/mellondoodle)
2025-04-30 04:02:37 - INFO - Canal Recomendado 3: chosen_ow (https://www.twitch.tv/chosen_ow)
2025-04-30 04:02:41 - INFO - Canal Recomendado 4: keeoh (https://www.twitch.tv/keeoh)
2025-04-30 04:02:46 - INFO - Canal Recomendado 5: midbeast (https://www.twitch.tv/midbeast)
2025-04-30 04:02:51 - INFO - Canal Recomendado 6: andrebloxyt (https://www.twitch.tv/andrebloxyt)
2025-04-30 04:02:55 - INFO - Canal Recomendado 7: skeiltor (https://www.twitch.tv/skeiltor)
2025-04-30 04:03:00 - INFO - Canal Recomendado 8: mdbh360 (https://www.twitch.tv/mdbh360)
2025-04-30 04:03:10 - INFO - Successfully logged onto Twitch WS: subze2004
2025-04-30 04:15:50 - INFO - Coletado chat do canal alfaline7 por 763 segundos
2025-04-30 04:15:50 - INFO - Tempo de visualização encerrado, busca 1 de 3 encerrada
2025-04-30 04:15:50 - INFO - Jogo escolhido: overwatch-2
2025-04-30 04:16:34 - INFO - Assistindo [!DROPS ✅] #1 ILLARI SUBATHON 🔴 CHAMPION SUPPORT 6v6 & 5v5 🔴 STADIUM GRIND 🔴 LAST DAY
chosen_ow
DropsEnabled
Illari
top500
LIVE
326 viewers por 915 segundos
2025-04-30 04:16:59 - INFO - Canais Recomendados atualmente:
2025-04-30 04:16:59 - INFO - Canal Recomendado 0: vadriss (https://www.twitch.tv/vadriss)
2025-04-30 04:17:05 - INFO - Canal Recomendado 1: august (https://www.twitch.tv/august)
2025-04-30 04:17:10 - INFO - Canal Recomendado 2: mellondoodle (https://www.twitch.tv/mellondoodle)
2025-04-30 04:17:15 - INFO - Canal Recomendado 3: chosen_ow (https://www.twitch.tv/chosen_ow)
2025-04-30 04:17:21 - INFO - Canal Recomendado 4: midbeast (https://www.twitch.tv/midbeast)
2025-04-30 04:17:31 - INFO - Canal Recomendado 5: keeoh (https://www.twitch.tv/keeoh)
2025-04-30 04:17:36 - INFO - Canal Recomendado 6: vulture_ow (https://www.twitch.tv/vulture_ow)
2025-04-30 04:17:41 - INFO - Canal Recomendado 7: playto_ow (https://www.twitch.tv/playto_ow)
2025-04-30 04:17:45 - INFO - Canal Recomendado 8: lightt (https://www.twitch.tv/lightt)
2025-04-30 04:17:56 - INFO - Successfully logged onto Twitch WS: subze2004
2025-04-30 04:33:08 - INFO - Coletado chat do canal chosen_ow por 915 segundos
2025-04-30 04:33:08 - INFO - Tempo de visualização encerrado, busca 2 de 3 encerrada
2025-04-30 04:33:08 - INFO - Jogo escolhido: counter-strike
2025-04-30 04:33:53 - INFO - Assistindo 🤑 GIVEAWAY DAY 🤑 WAIT TILL THE END TO GET IN 🤑 MOST GENEROUS STREAMER 🤑 b0b dA rULer COLLECTING W.s 🤑 !SKINPLACE !DISCORD !SOCIALS 🤑
olofmeister
chill
beast
CS2
English
LIVE
681 viewers por 893 segundos
2025-04-30 04:34:19 - INFO - Canais Recomendados atualmente:
2025-04-30 04:34:19 - INFO - Canal Recomendado 0: vadriss (https://www.twitch.tv/vadriss)
2025-04-30 04:34:25 - INFO - Canal Recomendado 1: august (https://www.twitch.tv/august)
2025-04-30 04:34:36 - INFO - Canal Recomendado 2: mellondoodle (https://www.twitch.tv/mellondoodle)
2025-04-30 04:34:41 - INFO - Canal Recomendado 3: chosen_ow (https://www.twitch.tv/chosen_ow)
2025-04-30 04:34:46 - INFO - Canal Recomendado 4: keeoh (https://www.twitch.tv/keeoh)
2025-04-30 04:34:51 - INFO - Canal Recomendado 5: lck (https://www.twitch.tv/lck)
2025-04-30 04:34:56 - INFO - Canal Recomendado 6: get_right (https://www.twitch.tv/get_right)
2025-04-30 04:35:00 - INFO - Canal Recomendado 7: caedrel (https://www.twitch.tv/caedrel)
2025-04-30 04:35:06 - INFO - Canal Recomendado 8: coachmaryy (https://www.twitch.tv/coachmaryy)
2025-04-30 04:35:18 - INFO - Successfully logged onto Twitch WS: subze2004
2025-04-30 04:50:08 - INFO - Coletado chat do canal olofmeister por 893 segundos
2025-04-30 04:50:08 - INFO - Tempo de visualização encerrado, busca 3 de 3 encerrada
2025-04-30 04:50:08 - INFO - Treino concluído com sucesso.
2025-04-30 08:00:20 - INFO - ====== WebDriver manager ======
2025-04-30 08:00:20 - INFO - Get LATEST chromedriver version for google-chrome
2025-04-30 08:00:21 - INFO - Get LATEST chromedriver version for google-chrome
2025-04-30 08:00:21 - INFO - Driver [/home/locus/.wdm/drivers/chromedriver/linux64/135.0.7049.114/chromedriver-linux64/chromedriver] found in cache
2025-04-30 08:00:33 - INFO - Erro ao logar no Twitch ou Login já realizado
2025-04-30 08:00:34 - INFO - Iniciando treino...
2025-04-30 08:00:34 - INFO - Realizando 3 buscas nessa sessão
2025-04-30 08:00:34 - INFO - Jogo escolhido: fortnite
2025-04-30 08:01:20 - INFO - Assistindo 🏆 QUALIFIED GLOBALS? FACE REVEAL? 🏆 2ND FNCS GRANDS 🏆 | Code "Oatley" #ad | !socials !youtube !lan
Oatley
Action
Fortnite
Professional
LIVE
2.2K viewers por 742 segundos
2025-04-30 08:01:42 - INFO - Canais Recomendados atualmente:
2025-04-30 08:01:42 - INFO - Canal Recomendado 0: caedrel (https://www.twitch.tv/caedrel)
2025-04-30 08:01:48 - INFO - Canal Recomendado 1: botjayttv (https://www.twitch.tv/botjayttv)
2025-04-30 08:01:54 - INFO - Canal Recomendado 2: august (https://www.twitch.tv/august)
2025-04-30 08:01:59 - INFO - Canal Recomendado 3: andruwu (https://www.twitch.tv/andruwu)
2025-04-30 08:02:03 - INFO - Canal Recomendado 4: oatley (https://www.twitch.tv/oatley)
2025-04-30 08:02:08 - INFO - Canal Recomendado 5: chosen_ow (https://www.twitch.tv/chosen_ow)
2025-04-30 08:02:13 - INFO - Canal Recomendado 6: peterbot247official (https://www.twitch.tv/peterbot247official)
2025-04-30 08:02:18 - INFO - Canal Recomendado 7: bloodx (https://www.twitch.tv/bloodx)
2025-04-30 08:02:23 - INFO - Canal Recomendado 8: hydraszn (https://www.twitch.tv/hydraszn)
2025-04-30 08:02:32 - INFO - Successfully logged onto Twitch WS: subze2004
2025-04-30 08:14:52 - INFO - Coletado chat do canal oatley por 742 segundos
2025-04-30 08:14:52 - INFO - Tempo de visualização encerrado, busca 1 de 3 encerrada
2025-04-30 08:14:52 - INFO - Jogo escolhido: valorant
2025-04-30 08:15:43 - INFO - Assistindo RIP TO DAT 😼 EYY WE GETTING LIT TONIGHT
xaturnyx
barbielegacychallenge
oce
LIVE
15 viewers por 795 segundos
2025-04-30 08:16:06 - INFO - Canais Recomendados atualmente:
2025-04-30 08:16:06 - INFO - Canal Recomendado 0: august (https://www.twitch.tv/august)
2025-04-30 08:16:11 - INFO - Canal Recomendado 1: botjayttv (https://www.twitch.tv/botjayttv)
2025-04-30 08:16:15 - INFO - Canal Recomendado 2: guru (https://www.twitch.tv/guru)
2025-04-30 08:16:19 - INFO - Canal Recomendado 3: chosen_ow (https://www.twitch.tv/chosen_ow)
2025-04-30 08:16:24 - INFO - Canal Recomendado 4: caedrel (https://www.twitch.tv/caedrel)
2025-04-30 08:16:28 - INFO - Canal Recomendado 5: lck (https://www.twitch.tv/lck)
2025-04-30 08:16:32 - INFO - Canal Recomendado 6: byr0ne_ (https://www.twitch.tv/byr0ne_)
2025-04-30 08:16:37 - INFO - Canal Recomendado 7: 25hyemi (https://www.twitch.tv/25hyemi)
2025-04-30 08:16:42 - INFO - Canal Recomendado 8: seraph_venus (https://www.twitch.tv/seraph_venus)
2025-04-30 08:16:51 - INFO - Successfully logged onto Twitch WS: subze2004
2025-04-30 08:30:04 - INFO - Coletado chat do canal xaturnyx por 795 segundos
2025-04-30 08:30:04 - INFO - Tempo de visualização encerrado, busca 2 de 3 encerrada
2025-04-30 08:30:04 - INFO - Jogo escolhido: ea-sports-fc-25
2025-04-30 08:30:45 - INFO - Assistindo 🔥TEAM OF THE SEASON! 🔵🟡✅ GNT BALDINI! 🔥Free Sub ▶️ !prime !FC25Code !Discord
bateson87
soccer
fc25
bald
beard
LIVE
607 viewers por 892 segundos
2025-04-30 08:31:09 - INFO - Canais Recomendados atualmente:
2025-04-30 08:31:09 - INFO - Canal Recomendado 0: chosen_ow (https://www.twitch.tv/chosen_ow)
2025-04-30 08:31:14 - INFO - Canal Recomendado 1: august (https://www.twitch.tv/august)
2025-04-30 08:31:18 - INFO - Canal Recomendado 2: caedrel (https://www.twitch.tv/caedrel)
2025-04-30 08:31:22 - INFO - Canal Recomendado 3: seniormender8 (https://www.twitch.tv/seniormender8)
2025-04-30 08:31:26 - INFO - Canal Recomendado 4: botjayttv (https://www.twitch.tv/botjayttv)
2025-04-30 08:31:31 - INFO - Canal Recomendado 5: nautilifts (https://www.twitch.tv/nautilifts)
2025-04-30 08:31:36 - INFO - Canal Recomendado 6: stokes (https://www.twitch.tv/stokes)
2025-04-30 08:31:40 - INFO - Canal Recomendado 7: jamodo (https://www.twitch.tv/jamodo)
2025-04-30 08:31:44 - INFO - Canal Recomendado 8: el_dunko (https://www.twitch.tv/el_dunko)
2025-04-30 08:31:53 - INFO - Successfully logged onto Twitch WS: subze2004
2025-04-30 08:46:43 - INFO - Coletado chat do canal bateson87 por 892 segundos
2025-04-30 08:46:43 - INFO - Tempo de visualização encerrado, busca 3 de 3 encerrada
2025-04-30 08:46:43 - INFO - Treino concluído com sucesso.
2025-04-30 12:00:54 - INFO - ====== WebDriver manager ======
2025-04-30 12:00:54 - INFO - Get LATEST chromedriver version for google-chrome
2025-04-30 12:00:55 - INFO - Get LATEST chromedriver version for google-chrome
2025-04-30 12:00:55 - INFO - Driver [/home/locus/.wdm/drivers/chromedriver/linux64/135.0.7049.114/chromedriver-linux64/chromedriver] found in cache
2025-04-30 12:01:11 - INFO - Erro ao logar no Twitch ou Login já realizado
2025-04-30 12:01:12 - INFO - Iniciando treino...
2025-04-30 12:01:12 - INFO - Realizando 5 buscas nessa sessão
2025-04-30 12:01:12 - INFO - Jogo escolhido: ea-sports-fc-25
2025-04-30 12:02:12 - INFO - Assistindo Pro Clubs with Followers !club - Wednesday Vibes🔥🔥🔥
Bonfire5th
clubs
friendlies
english
LIVE
16 viewers por 1164 segundos
2025-04-30 12:02:36 - INFO - Canais Recomendados atualmente:
2025-04-30 12:02:36 - INFO - Canal Recomendado 0: thefreddymc (https://www.twitch.tv/thefreddymc)
2025-04-30 12:02:42 - INFO - Canal Recomendado 1: ohnepixel (https://www.twitch.tv/ohnepixel)
2025-04-30 12:02:46 - INFO - Canal Recomendado 2: caedrel (https://www.twitch.tv/caedrel)
2025-04-30 12:02:51 - INFO - Canal Recomendado 3: sadhyperion (https://www.twitch.tv/sadhyperion)
2025-04-30 12:02:56 - INFO - Canal Recomendado 4: flux (https://www.twitch.tv/flux)
2025-04-30 12:03:00 - INFO - Canal Recomendado 5: kraandop (https://www.twitch.tv/kraandop)
2025-04-30 12:03:05 - INFO - Canal Recomendado 6: sserkkal (https://www.twitch.tv/sserkkal)
2025-04-30 12:03:12 - INFO - Canal Recomendado 7: ohjordz (https://www.twitch.tv/ohjordz)
2025-04-30 12:03:16 - INFO - Canal Recomendado 8: cfcvoxy (https://www.twitch.tv/cfcvoxy)
2025-04-30 12:03:30 - INFO - Successfully logged onto Twitch WS: subze2004
2025-04-30 12:22:52 - INFO - Coletado chat do canal bonfire5th por 1164 segundos
2025-04-30 12:22:52 - INFO - Tempo de visualização encerrado, busca 1 de 5 encerrada
2025-04-30 12:22:52 - INFO - Jogo escolhido: grand-theft-auto-v
2025-04-30 12:23:36 - INFO - Assistindo HOT DAY - Workout Wednesday! !puppyfund !TurtleBeach !Unique !Youtube !TikTok
RobRaven
ADHD
Funny
Entertaiment
LIVE
169 viewers por 1168 segundos
2025-04-30 12:24:01 - INFO - Canais Recomendados atualmente:
2025-04-30 12:24:01 - INFO - Canal Recomendado 0: thefreddymc (https://www.twitch.tv/thefreddymc)
2025-04-30 12:24:10 - INFO - Canal Recomendado 1: ohnepixel (https://www.twitch.tv/ohnepixel)
2025-04-30 12:24:14 - INFO - Canal Recomendado 2: sadhyperion (https://www.twitch.tv/sadhyperion)
2025-04-30 12:24:18 - INFO - Canal Recomendado 3: caedrel (https://www.twitch.tv/caedrel)
2025-04-30 12:24:23 - INFO - Canal Recomendado 4: flux (https://www.twitch.tv/flux)
2025-04-30 12:24:27 - INFO - Canal Recomendado 5: eslcs (https://www.twitch.tv/eslcs)
2025-04-30 12:24:31 - INFO - Canal Recomendado 6: beardageddon247 (https://www.twitch.tv/beardageddon247)
2025-04-30 12:24:36 - INFO - Canal Recomendado 7: beardageddon (https://www.twitch.tv/beardageddon)
2025-04-30 12:24:41 - INFO - Canal Recomendado 8: steeelonline (https://www.twitch.tv/steeelonline)
2025-04-30 12:24:50 - INFO - Successfully logged onto Twitch WS: subze2004
2025-04-30 12:44:16 - INFO - Coletado chat do canal robraven por 1168 segundos
2025-04-30 12:44:16 - INFO - Tempo de visualização encerrado, busca 2 de 5 encerrada
2025-04-30 12:44:16 - INFO - Jogo escolhido: roblox
2025-04-30 12:45:16 - INFO - Assistindo [PS99] Bday Stream Chill Stream~ A LOT OF GIVEAWAYS ~!discord !user
ShadowSnipess
chilling
English
EN
PL
LIVE
34 viewers por 639 segundos
2025-04-30 12:45:41 - INFO - Canais Recomendados atualmente:
2025-04-30 12:45:41 - INFO - Canal Recomendado 0: thefreddymc (https://www.twitch.tv/thefreddymc)
2025-04-30 12:45:47 - INFO - Canal Recomendado 1: ohnepixel (https://www.twitch.tv/ohnepixel)
2025-04-30 12:45:51 - INFO - Canal Recomendado 2: grayhairandtattoos_ (https://www.twitch.tv/grayhairandtattoos_)
2025-04-30 12:45:57 - INFO - Canal Recomendado 3: caedrel (https://www.twitch.tv/caedrel)
2025-04-30 12:46:02 - INFO - Canal Recomendado 4: flux (https://www.twitch.tv/flux)
2025-04-30 12:46:06 - INFO - Canal Recomendado 5: rekkles (https://www.twitch.tv/rekkles)
2025-04-30 12:46:11 - INFO - Canal Recomendado 6: sadhyperion (https://www.twitch.tv/sadhyperion)
2025-04-30 12:46:16 - INFO - Canal Recomendado 7: qadrienne (https://www.twitch.tv/qadrienne)
2025-04-30 12:46:20 - INFO - Canal Recomendado 8: onlyfye (https://www.twitch.tv/onlyfye)
2025-04-30 12:46:29 - INFO - Successfully logged onto Twitch WS: subze2004
2025-04-30 12:57:06 - INFO - Coletado chat do canal shadowsnipess por 639 segundos
2025-04-30 12:57:06 - INFO - Tempo de visualização encerrado, busca 3 de 5 encerrada
2025-04-30 12:57:06 - INFO - Jogo escolhido: league-of-legends
2025-04-30 12:57:48 - INFO - Assistindo ITS LABOUR DAY AND I WILL MAKE UR MUM GO INTO LABOR
Rataaa
AMA
Asian
Vietnamese
LIVE
18 viewers por 767 segundos
2025-04-30 12:58:12 - INFO - Canais Recomendados atualmente:
2025-04-30 12:58:12 - INFO - Canal Recomendado 0: thefreddymc (https://www.twitch.tv/thefreddymc)
2025-04-30 12:58:17 - INFO - Canal Recomendado 1: ohnepixel (https://www.twitch.tv/ohnepixel)
2025-04-30 12:58:22 - INFO - Canal Recomendado 2: grayhairandtattoos_ (https://www.twitch.tv/grayhairandtattoos_)
2025-04-30 12:58:26 - INFO - Canal Recomendado 3: caedrel (https://www.twitch.tv/caedrel)
2025-04-30 12:58:30 - INFO - Canal Recomendado 4: sadhyperion (https://www.twitch.tv/sadhyperion)
2025-04-30 12:58:35 - INFO - Canal Recomendado 5: rekkles (https://www.twitch.tv/rekkles)
2025-04-30 12:58:39 - INFO - Canal Recomendado 6: lx_ying (https://www.twitch.tv/lx_ying)
2025-04-30 12:58:44 - INFO - Canal Recomendado 7: moguwen_ (https://www.twitch.tv/moguwen_)
2025-04-30 12:58:48 - INFO - Canal Recomendado 8: veelorant (https://www.twitch.tv/veelorant)
2025-04-30 12:58:57 - INFO - Successfully logged onto Twitch WS: subze2004
2025-04-30 13:11:42 - INFO - Coletado chat do canal rataaa por 767 segundos
2025-04-30 13:11:42 - INFO - Tempo de visualização encerrado, busca 4 de 5 encerrada
2025-04-30 13:11:42 - INFO - Jogo escolhido: marvel-rivals
2025-04-30 13:12:25 - INFO - Assistindo [!DROPS ENABLED] ☆ RANK 1 VENOM GLOBAL "whyAndr3w" ☆ PATCH NOTES LIVE!! ☆ VORTEX X ANDR3W COLLAB !vortex !pc
Andr3wOW
Venom
English
EmmaFrost
LIVE
1.4K viewers por 1140 segundos
2025-04-30 13:12:50 - INFO - Canais Recomendados atualmente:
2025-04-30 13:12:50 - INFO - Canal Recomendado 0: caedrel (https://www.twitch.tv/caedrel)
2025-04-30 13:12:55 - INFO - Canal Recomendado 1: thefreddymc (https://www.twitch.tv/thefreddymc)
2025-04-30 13:13:00 - INFO - Canal Recomendado 2: dannyaarons (https://www.twitch.tv/dannyaarons)
2025-04-30 13:13:04 - INFO - Canal Recomendado 3: ohnepixel (https://www.twitch.tv/ohnepixel)
2025-04-30 13:13:08 - INFO - Canal Recomendado 4: rekkles (https://www.twitch.tv/rekkles)
2025-04-30 13:13:13 - INFO - Canal Recomendado 5: peterbot247official (https://www.twitch.tv/peterbot247official)
2025-04-30 13:13:17 - INFO - Canal Recomendado 6: stableraziel (https://www.twitch.tv/stableraziel)
2025-04-30 13:13:22 - INFO - Canal Recomendado 7: chazm (https://www.twitch.tv/chazm)
2025-04-30 13:13:26 - INFO - Canal Recomendado 8: eatinpizzarn (https://www.twitch.tv/eatinpizzarn)
2025-04-30 13:13:35 - INFO - Successfully logged onto Twitch WS: subze2004
2025-04-30 13:32:33 - INFO - Coletado chat do canal andr3wow por 1140 segundos
2025-04-30 13:32:33 - INFO - Tempo de visualização encerrado, busca 5 de 5 encerrada
2025-04-30 13:32:33 - INFO - Treino concluído com sucesso.
2025-04-30 16:00:42 - INFO - ====== WebDriver manager ======
2025-04-30 16:00:42 - INFO - Get LATEST chromedriver version for google-chrome
2025-04-30 16:00:43 - INFO - Get LATEST chromedriver version for google-chrome
2025-04-30 16:00:44 - INFO - Driver [/home/locus/.wdm/drivers/chromedriver/linux64/135.0.7049.114/chromedriver-linux64/chromedriver] found in cache
2025-04-30 16:00:56 - INFO - Erro ao logar no Twitch ou Login já realizado
2025-04-30 16:00:58 - INFO - Iniciando treino...
2025-04-30 16:00:58 - INFO - Realizando 3 buscas nessa sessão
2025-04-30 16:00:58 - INFO - Jogo escolhido: roblox
2025-04-30 16:01:41 - INFO - Assistindo (Roblox 👾) Title:The Sequal 😱👺🫀📹🐽 (Reading Chat RN) | fisch and dead rails
WockySlushyyy
Sarcastic
ADHD
English
LIVE
10 viewers por 855 segundos
2025-04-30 16:02:06 - INFO - Canais Recomendados atualmente:
2025-04-30 16:02:06 - INFO - Canal Recomendado 0: thefreddymc (https://www.twitch.tv/thefreddymc)
2025-04-30 16:02:11 - INFO - Canal Recomendado 1: ohnepixel (https://www.twitch.tv/ohnepixel)
2025-04-30 16:02:15 - INFO - Canal Recomendado 2: humzh (https://www.twitch.tv/humzh)
2025-04-30 16:02:20 - INFO - Canal Recomendado 3: grayhairandtattoos_ (https://www.twitch.tv/grayhairandtattoos_)
2025-04-30 16:02:24 - INFO - Canal Recomendado 4: la4awale (https://www.twitch.tv/la4awale)
2025-04-30 16:02:29 - INFO - Canal Recomendado 5: keshaeuw (https://www.twitch.tv/keshaeuw)
2025-04-30 16:02:33 - INFO - Canal Recomendado 6: l_ray_ (https://www.twitch.tv/l_ray_)
2025-04-30 16:02:38 - INFO - Canal Recomendado 7: voidmagnet (https://www.twitch.tv/voidmagnet)
2025-04-30 16:02:42 - INFO - Canal Recomendado 8: secret_0li (https://www.twitch.tv/secret_0li)
2025-04-30 16:02:51 - INFO - Successfully logged onto Twitch WS: subze2004
2025-04-30 16:17:05 - INFO - Coletado chat do canal wockyslushyyy por 855 segundos
2025-04-30 16:17:05 - INFO - Tempo de visualização encerrado, busca 1 de 3 encerrada
2025-04-30 16:17:05 - INFO - Jogo escolhido: valorant
2025-04-30 16:17:51 - INFO - Assistindo 🧑🏿‍🦲🧑🏿‍🦲🧑🏿‍🦲🧑🏿‍🦲🧑🏿‍🦲🧑🏿‍🦲🧑🏿‍🦲🧑🏿‍🦲
ripalfie
English
VALORANＴ
ripalfie
LIVE
93 viewers por 808 segundos
2025-04-30 16:18:16 - INFO - Canais Recomendados atualmente:
2025-04-30 16:18:16 - INFO - Canal Recomendado 0: thefreddymc (https://www.twitch.tv/thefreddymc)
2025-04-30 16:18:21 - INFO - Canal Recomendado 1: ohnepixel (https://www.twitch.tv/ohnepixel)
2025-04-30 16:18:26 - INFO - Canal Recomendado 2: humzh (https://www.twitch.tv/humzh)
2025-04-30 16:18:31 - INFO - Canal Recomendado 3: sadhyperion (https://www.twitch.tv/sadhyperion)
2025-04-30 16:18:36 - INFO - Canal Recomendado 4: la4awale (https://www.twitch.tv/la4awale)
2025-04-30 16:18:40 - INFO - Canal Recomendado 5: keshaeuw (https://www.twitch.tv/keshaeuw)
2025-04-30 16:18:46 - INFO - Canal Recomendado 6: haeyoday (https://www.twitch.tv/haeyoday)
2025-04-30 16:18:51 - INFO - Canal Recomendado 7: harmful (https://www.twitch.tv/harmful)
2025-04-30 16:18:55 - INFO - Canal Recomendado 8: inspire (https://www.twitch.tv/inspire)
2025-04-30 16:19:05 - INFO - Successfully logged onto Twitch WS: subze2004
2025-04-30 16:32:31 - INFO - Coletado chat do canal ripalfie por 808 segundos
2025-04-30 16:32:31 - INFO - Tempo de visualização encerrado, busca 2 de 3 encerrada
2025-04-30 16:32:31 - INFO - Jogo escolhido: sea-of-thieves
2025-04-30 16:33:12 - INFO - Assistindo SHUFF and I CARRY @pushinwood 🏴‍☠️ !partnerplus
Fi1es
TTS100
ControllerPlayer
PvP
LIVE
101 viewers por 1169 segundos
2025-04-30 16:33:36 - INFO - Canais Recomendados atualmente:
2025-04-30 16:33:36 - INFO - Canal Recomendado 0: thefreddymc (https://www.twitch.tv/thefreddymc)
2025-04-30 16:33:41 - INFO - Canal Recomendado 1: ohnepixel (https://www.twitch.tv/ohnepixel)
2025-04-30 16:33:45 - INFO - Canal Recomendado 2: humzh (https://www.twitch.tv/humzh)
2025-04-30 16:33:49 - INFO - Canal Recomendado 3: sadhyperion (https://www.twitch.tv/sadhyperion)
2025-04-30 16:33:54 - INFO - Canal Recomendado 4: la4awale (https://www.twitch.tv/la4awale)
2025-04-30 16:33:58 - INFO - Canal Recomendado 5: keshaeuw (https://www.twitch.tv/keshaeuw)
2025-04-30 16:34:03 - INFO - Canal Recomendado 6: hitbotc (https://www.twitch.tv/hitbotc)
2025-04-30 16:34:07 - INFO - Canal Recomendado 7: skelecurseirl (https://www.twitch.tv/skelecurseirl)
2025-04-30 16:34:12 - INFO - Canal Recomendado 8: behavingbeardly (https://www.twitch.tv/behavingbeardly)
2025-04-30 16:34:22 - INFO - Successfully logged onto Twitch WS: subze2004
2025-04-30 16:53:48 - INFO - Coletado chat do canal fi1es por 1169 segundos
2025-04-30 16:53:48 - INFO - Tempo de visualização encerrado, busca 3 de 3 encerrada
2025-04-30 16:53:48 - INFO - Treino concluído com sucesso.
2025-04-30 20:00:59 - INFO - ====== WebDriver manager ======
2025-04-30 20:00:59 - INFO - Get LATEST chromedriver version for google-chrome
2025-04-30 20:00:59 - INFO - Get LATEST chromedriver version for google-chrome
2025-04-30 20:01:00 - INFO - Driver [/home/locus/.wdm/drivers/chromedriver/linux64/135.0.7049.114/chromedriver-linux64/chromedriver] found in cache
2025-04-30 20:01:12 - INFO - Erro ao logar no Twitch ou Login já realizado
2025-04-30 20:01:13 - INFO - Iniciando treino...
2025-04-30 20:01:13 - INFO - Realizando 4 buscas nessa sessão
2025-04-30 20:01:13 - INFO - Jogo escolhido: the-sims-4
2025-04-30 20:01:53 - INFO - Assistindo 🔴CREATING MY VIEWERS IN SIMS (blind guess)🔴 !discord
benjermane_
chill
hotgirl
English
LIVE
11 viewers por 1165 segundos
2025-04-30 20:02:16 - INFO - Canais Recomendados atualmente:
2025-04-30 20:02:16 - INFO - Canal Recomendado 0: warn (https://www.twitch.tv/warn)
2025-04-30 20:02:21 - INFO - Canal Recomendado 1: vadriss (https://www.twitch.tv/vadriss)
2025-04-30 20:02:25 - INFO - Canal Recomendado 2: aspen (https://www.twitch.tv/aspen)
2025-04-30 20:02:29 - INFO - Canal Recomendado 3: mbytes37 (https://www.twitch.tv/mbytes37)
2025-04-30 20:02:34 - INFO - Canal Recomendado 4: keeoh (https://www.twitch.tv/keeoh)
2025-04-30 20:02:38 - INFO - Canal Recomendado 5: sigy (https://www.twitch.tv/sigy)
2025-04-30 20:02:42 - INFO - Canal Recomendado 6: ttvwillow_ (https://www.twitch.tv/ttvwillow_)
2025-04-30 20:02:47 - INFO - Canal Recomendado 7: leviosaceyda (https://www.twitch.tv/leviosaceyda)
2025-04-30 20:02:51 - INFO - Canal Recomendado 8: gmrow (https://www.twitch.tv/gmrow)
2025-04-30 20:03:00 - INFO - Successfully logged onto Twitch WS: subze2004
2025-04-30 20:22:23 - INFO - Coletado chat do canal benjermane_ por 1165 segundos
2025-04-30 20:22:23 - INFO - Tempo de visualização encerrado, busca 1 de 4 encerrada
2025-04-30 20:22:23 - INFO - Jogo escolhido: grand-theft-auto-v
2025-04-30 20:23:06 - INFO - Assistindo Day 30 of UNCAPPED Birthday SUBATHON | ITS MY BIRTHDAY | !PNS !merch !subathon !goals #Ad #Sponsorship
vadriss
gamergirl
Female
English
LIVE
934 viewers por 687 segundos
2025-04-30 20:23:31 - INFO - Canais Recomendados atualmente:
2025-04-30 20:23:31 - INFO - Canal Recomendado 0: warn (https://www.twitch.tv/warn)
2025-04-30 20:23:36 - INFO - Canal Recomendado 1: vadriss (https://www.twitch.tv/vadriss)
2025-04-30 20:23:40 - INFO - Canal Recomendado 2: grayhairandtattoos_ (https://www.twitch.tv/grayhairandtattoos_)
2025-04-30 20:23:44 - INFO - Canal Recomendado 3: aspen (https://www.twitch.tv/aspen)
2025-04-30 20:23:49 - INFO - Canal Recomendado 4: keeoh (https://www.twitch.tv/keeoh)
2025-04-30 20:23:53 - INFO - Canal Recomendado 5: yuzjo (https://www.twitch.tv/yuzjo)
2025-04-30 20:23:57 - INFO - Canal Recomendado 6: qaymichael (https://www.twitch.tv/qaymichael)
2025-04-30 20:24:02 - INFO - Canal Recomendado 7: minky (https://www.twitch.tv/minky)
2025-04-30 20:24:06 - INFO - Canal Recomendado 8: barbie192022 (https://www.twitch.tv/barbie192022)
2025-04-30 20:24:15 - INFO - Successfully logged onto Twitch WS: subze2004
2025-04-30 20:35:40 - INFO - Coletado chat do canal vadriss por 687 segundos
2025-04-30 20:35:40 - INFO - Tempo de visualização encerrado, busca 2 de 4 encerrada
2025-04-30 20:35:40 - INFO - Jogo escolhido: valorant
2025-04-30 20:36:23 - INFO - Assistindo Use the Down Arrow Key for more guest info
« START OF ACT. MMR RESET HIGHER. RADIANT THIS ACT. » 🥝 « !merch » 🥝 !injury (backflip man down) 🥝 follow @keeoh
Keeoh
 with Elit3 
adhd
apexlegends
marvelrivals
LIVE
448 viewers por 746 segundos
2025-04-30 20:36:45 - INFO - Canais Recomendados atualmente:
2025-04-30 20:36:45 - INFO - Canal Recomendado 0: warn (https://www.twitch.tv/warn)
2025-04-30 20:36:50 - INFO - Canal Recomendado 1: vadriss (https://www.twitch.tv/vadriss)
2025-04-30 20:36:55 - INFO - Canal Recomendado 2: grayhairandtattoos_ (https://www.twitch.tv/grayhairandtattoos_)
2025-04-30 20:36:59 - INFO - Canal Recomendado 3: aspen (https://www.twitch.tv/aspen)
2025-04-30 20:37:03 - INFO - Canal Recomendado 4: keeoh (https://www.twitch.tv/keeoh)
2025-04-30 20:37:07 - INFO - Canal Recomendado 5: yuzjo (https://www.twitch.tv/yuzjo)
2025-04-30 20:37:11 - INFO - Canal Recomendado 6: royalg (https://www.twitch.tv/royalg)
2025-04-30 20:37:16 - INFO - Canal Recomendado 7: fyr_vl (https://www.twitch.tv/fyr_vl)
2025-04-30 20:37:22 - INFO - Canal Recomendado 8: adilswrld (https://www.twitch.tv/adilswrld)
2025-04-30 20:37:31 - INFO - Successfully logged onto Twitch WS: subze2004
2025-04-30 20:49:55 - INFO - Coletado chat do canal keeoh por 746 segundos
2025-04-30 20:49:55 - INFO - Tempo de visualização encerrado, busca 3 de 4 encerrada
2025-04-30 20:49:55 - INFO - Jogo escolhido: minecraft
2025-04-30 20:50:38 - INFO - Assistindo Day 120 Of My Minecraft Journey - We Need More Stuff, Lush Cave Build AND Adventures! Seed: 7057588827752297580 1363.5/66/-2731.5
grayhairandtattoos_
ChattingAndGaming
gamer
LIVE
103 viewers por 974 segundos
2025-04-30 20:51:01 - INFO - Canais Recomendados atualmente:
2025-04-30 20:51:01 - INFO - Canal Recomendado 0: warn (https://www.twitch.tv/warn)
2025-04-30 20:51:06 - INFO - Canal Recomendado 1: drdonutttttt (https://www.twitch.tv/drdonutttttt)
2025-04-30 20:51:11 - INFO - Canal Recomendado 2: grayhairandtattoos_ (https://www.twitch.tv/grayhairandtattoos_)
2025-04-30 20:51:15 - INFO - Canal Recomendado 3: vadriss (https://www.twitch.tv/vadriss)
2025-04-30 20:51:19 - INFO - Canal Recomendado 4: mrlust (https://www.twitch.tv/mrlust)
2025-04-30 20:51:24 - INFO - Canal Recomendado 5: aspen (https://www.twitch.tv/aspen)
2025-04-30 20:51:28 - INFO - Canal Recomendado 6: g3trail3d (https://www.twitch.tv/g3trail3d)
2025-04-30 20:51:33 - INFO - Canal Recomendado 7: zestybeens (https://www.twitch.tv/zestybeens)
2025-04-30 20:51:37 - INFO - Canal Recomendado 8: kimandjax (https://www.twitch.tv/kimandjax)
2025-04-30 20:51:47 - INFO - Successfully logged onto Twitch WS: subze2004
2025-04-30 21:07:59 - INFO - Coletado chat do canal grayhairandtattoos_ por 974 segundos
2025-04-30 21:07:59 - INFO - Tempo de visualização encerrado, busca 4 de 4 encerrada
2025-04-30 21:07:59 - INFO - Treino concluído com sucesso.
2025-05-01 00:00:09 - INFO - ====== WebDriver manager ======
2025-05-01 00:00:09 - INFO - Get LATEST chromedriver version for google-chrome
2025-05-01 00:00:10 - INFO - Get LATEST chromedriver version for google-chrome
2025-05-01 00:00:10 - INFO - Get LATEST chromedriver version for google-chrome
2025-05-01 00:00:11 - INFO - WebDriver version 135.0.7049.114 selected
2025-05-01 00:00:11 - INFO - Modern chrome version https://storage.googleapis.com/chrome-for-testing-public/135.0.7049.114/linux64/chromedriver-linux64.zip
2025-05-01 00:00:11 - INFO - About to download new driver from https://storage.googleapis.com/chrome-for-testing-public/135.0.7049.114/linux64/chromedriver-linux64.zip
2025-05-01 00:00:12 - INFO - Driver downloading response is 200
2025-05-01 00:00:13 - INFO - Get LATEST chromedriver version for google-chrome
2025-05-01 00:00:14 - INFO - Driver has been saved in cache [/home/locus/.wdm/drivers/chromedriver/linux64/135.0.7049.114]
2025-05-01 00:00:26 - INFO - Erro ao logar no Twitch ou Login já realizado
2025-05-01 00:00:27 - INFO - Iniciando treino...
2025-05-01 00:00:27 - INFO - Realizando 3 buscas nessa sessão
2025-05-01 00:00:27 - INFO - Jogo escolhido: ea-sports-fc-25
2025-05-01 00:01:12 - INFO - Assistindo #1 NA PRO WE MUST REACH ELITE DIVISION TODAY!! (ENG/GRE)
GAdamou10_
English
LIVE
756 viewers por 984 segundos
2025-05-01 00:01:36 - INFO - Canais Recomendados atualmente:
2025-05-01 00:01:36 - INFO - Canal Recomendado 0: warn (https://www.twitch.tv/warn)
2025-05-01 00:01:41 - INFO - Canal Recomendado 1: grayhairandtattoos_ (https://www.twitch.tv/grayhairandtattoos_)
2025-05-01 00:01:45 - INFO - Canal Recomendado 2: mrlust (https://www.twitch.tv/mrlust)
2025-05-01 00:01:49 - INFO - Canal Recomendado 3: vadriss (https://www.twitch.tv/vadriss)
2025-05-01 00:01:53 - INFO - Canal Recomendado 4: aspen (https://www.twitch.tv/aspen)
2025-05-01 00:01:58 - INFO - Canal Recomendado 5: sigy (https://www.twitch.tv/sigy)
2025-05-01 00:02:02 - INFO - Canal Recomendado 6: adidafc (https://www.twitch.tv/adidafc)
2025-05-01 00:02:07 - INFO - Canal Recomendado 7: yyoshiiiiii (https://www.twitch.tv/yyoshiiiiii)
2025-05-01 00:02:11 - INFO - Canal Recomendado 8: baldmun7 (https://www.twitch.tv/baldmun7)
2025-05-01 00:02:20 - INFO - Successfully logged onto Twitch WS: subze2004
2025-05-01 00:18:42 - INFO - Coletado chat do canal gadamou10_ por 984 segundos
2025-05-01 00:18:42 - INFO - Tempo de visualização encerrado, busca 1 de 3 encerrada
2025-05-01 00:18:42 - INFO - Jogo escolhido: sea-of-thieves
2025-05-01 00:19:24 - INFO - Assistindo 🐷 MY W KEY IS BROKEN, HOURGLASS IS BROKEN, BARRELS ARE BROKEN, LADDER LAUNCH IS BROKEN, KRAKENS ARE BROKEN, SERVERS ARE BROKEN 🐷
Noobface
seaofthievescommunity
LIVE
74 viewers por 1168 segundos
2025-05-01 00:19:49 - INFO - Canais Recomendados atualmente:
2025-05-01 00:19:49 - INFO - Canal Recomendado 0: warn (https://www.twitch.tv/warn)
2025-05-01 00:19:54 - INFO - Canal Recomendado 1: nodamagerocket (https://www.twitch.tv/nodamagerocket)
2025-05-01 00:19:58 - INFO - Canal Recomendado 2: aspen (https://www.twitch.tv/aspen)
2025-05-01 00:20:03 - INFO - Canal Recomendado 3: grayhairandtattoos_ (https://www.twitch.tv/grayhairandtattoos_)
2025-05-01 00:20:07 - INFO - Canal Recomendado 4: mrlust (https://www.twitch.tv/mrlust)
2025-05-01 00:20:11 - INFO - Canal Recomendado 5: vadriss (https://www.twitch.tv/vadriss)
2025-05-01 00:20:15 - INFO - Canal Recomendado 6: worldofchap (https://www.twitch.tv/worldofchap)
2025-05-01 00:20:20 - INFO - Canal Recomendado 7: fi1es (https://www.twitch.tv/fi1es)
2025-05-01 00:20:24 - INFO - Canal Recomendado 8: bugsenseii (https://www.twitch.tv/bugsenseii)
2025-05-01 00:20:33 - INFO - Successfully logged onto Twitch WS: subze2004
2025-05-01 00:40:00 - INFO - Coletado chat do canal noobface por 1168 segundos
2025-05-01 00:40:00 - INFO - Tempo de visualização encerrado, busca 2 de 3 encerrada
2025-05-01 00:40:00 - INFO - Jogo escolhido: roblox
2025-05-01 00:40:40 - INFO - Assistindo Free Wins in Dead Rails │ !join !user !commands
TrenchMobbs
chill
roblox
English
gaming
LIVE
21 viewers por 1114 segundos
2025-05-01 00:41:04 - INFO - Canais Recomendados atualmente:
2025-05-01 00:41:04 - INFO - Canal Recomendado 0: warn (https://www.twitch.tv/warn)
2025-05-01 00:41:09 - INFO - Canal Recomendado 1: nodamagerocket (https://www.twitch.tv/nodamagerocket)
2025-05-01 00:41:13 - INFO - Canal Recomendado 2: grayhairandtattoos_ (https://www.twitch.tv/grayhairandtattoos_)
2025-05-01 00:41:17 - INFO - Canal Recomendado 3: aspen (https://www.twitch.tv/aspen)
2025-05-01 00:41:21 - INFO - Canal Recomendado 4: sinatraa (https://www.twitch.tv/sinatraa)
2025-05-01 00:41:26 - INFO - Canal Recomendado 5: mrlust (https://www.twitch.tv/mrlust)
2025-05-01 00:41:30 - INFO - Canal Recomendado 6: luvdro (https://www.twitch.tv/luvdro)
2025-05-01 00:41:34 - INFO - Canal Recomendado 7: justmil3s (https://www.twitch.tv/justmil3s)
2025-05-01 00:41:39 - INFO - Canal Recomendado 8: aboudhabibi (https://www.twitch.tv/aboudhabibi)
2025-05-01 00:41:48 - INFO - Successfully logged onto Twitch WS: subze2004
2025-05-01 01:00:20 - INFO - Coletado chat do canal trenchmobbs por 1114 segundos
2025-05-01 01:00:20 - INFO - Tempo de visualização encerrado, busca 3 de 3 encerrada
2025-05-01 01:00:20 - INFO - Treino concluído com sucesso.
2025-05-01 04:00:30 - INFO - ====== WebDriver manager ======
2025-05-01 04:00:30 - INFO - Get LATEST chromedriver version for google-chrome
2025-05-01 04:00:31 - INFO - Get LATEST chromedriver version for google-chrome
2025-05-01 04:00:31 - INFO - Driver [/home/locus/.wdm/drivers/chromedriver/linux64/135.0.7049.114/chromedriver-linux64/chromedriver] found in cache
2025-05-01 04:00:44 - INFO - Erro ao logar no Twitch ou Login já realizado
2025-05-01 04:00:46 - INFO - Iniciando treino...
2025-05-01 04:00:46 - INFO - Realizando 3 buscas nessa sessão
2025-05-01 04:00:46 - INFO - Jogo escolhido: minecraft
2025-05-01 04:01:28 - INFO - Assistindo speedrunning - I would sell you to satan for one corn chip
fennniq
Speedrun
mcsr
English
LIVE
165 viewers por 1087 segundos
2025-05-01 04:01:50 - INFO - Canais Recomendados atualmente:
2025-05-01 04:01:50 - INFO - Canal Recomendado 0: warn (https://www.twitch.tv/warn)
2025-05-01 04:01:55 - INFO - Canal Recomendado 1: oatley (https://www.twitch.tv/oatley)
2025-05-01 04:01:59 - INFO - Canal Recomendado 2: sinatraa (https://www.twitch.tv/sinatraa)
2025-05-01 04:02:03 - INFO - Canal Recomendado 3: mellondoodle (https://www.twitch.tv/mellondoodle)
2025-05-01 04:02:07 - INFO - Canal Recomendado 4: nautilifts (https://www.twitch.tv/nautilifts)
2025-05-01 04:02:12 - INFO - Canal Recomendado 5: vadriss (https://www.twitch.tv/vadriss)
2025-05-01 04:02:16 - INFO - Canal Recomendado 6: r0hkx (https://www.twitch.tv/r0hkx)
2025-05-01 04:02:20 - INFO - Canal Recomendado 7: bloonskiller (https://www.twitch.tv/bloonskiller)
2025-05-01 04:02:25 - INFO - Canal Recomendado 8: hamazonau (https://www.twitch.tv/hamazonau)
2025-05-01 04:02:34 - INFO - Successfully logged onto Twitch WS: subze2004
2025-05-01 04:20:39 - INFO - Coletado chat do canal fennniq por 1087 segundos
2025-05-01 04:20:39 - INFO - Tempo de visualização encerrado, busca 1 de 3 encerrada
2025-05-01 04:20:39 - INFO - Jogo escolhido: ea-sports-fc-25
2025-05-01 04:21:23 - INFO - Assistindo 🔥TEAM OF THE SEASON! 🔵🟡✅ GNT BALDINI! 🔥Free Sub ▶️ !prime !FC25Code !Discord
bateson87
soccer
bald
football
LIVE
441 viewers por 915 segundos
2025-05-01 04:21:48 - INFO - Canais Recomendados atualmente:
2025-05-01 04:21:48 - INFO - Canal Recomendado 0: oatley (https://www.twitch.tv/oatley)
2025-05-01 04:21:53 - INFO - Canal Recomendado 1: sinatraa (https://www.twitch.tv/sinatraa)
2025-05-01 04:21:57 - INFO - Canal Recomendado 2: august (https://www.twitch.tv/august)
2025-05-01 04:22:01 - INFO - Canal Recomendado 3: mrlust (https://www.twitch.tv/mrlust)
2025-05-01 04:22:06 - INFO - Canal Recomendado 4: mellondoodle (https://www.twitch.tv/mellondoodle)
2025-05-01 04:22:10 - INFO - Canal Recomendado 5: arguz11 (https://www.twitch.tv/arguz11)
2025-05-01 04:22:14 - INFO - Canal Recomendado 6: matthdgamer (https://www.twitch.tv/matthdgamer)
2025-05-01 04:22:19 - INFO - Canal Recomendado 7: dannyaarons (https://www.twitch.tv/dannyaarons)
2025-05-01 04:22:23 - INFO - Canal Recomendado 8: snipeshot5000 (https://www.twitch.tv/snipeshot5000)
2025-05-01 04:22:32 - INFO - Successfully logged onto Twitch WS: subze2004
2025-05-01 04:37:45 - INFO - Coletado chat do canal bateson87 por 915 segundos
2025-05-01 04:37:45 - INFO - Tempo de visualização encerrado, busca 2 de 3 encerrada
2025-05-01 04:37:45 - INFO - Jogo escolhido: valorant
2025-05-01 04:38:28 - INFO - Assistindo NEW ACT NEW ME LEV @CURRY !opgg !challenge
curry
English
LIVE
2K viewers por 973 segundos
2025-05-01 04:38:51 - INFO - Canais Recomendados atualmente:
2025-05-01 04:38:51 - INFO - Canal Recomendado 0: grimm (https://www.twitch.tv/grimm)
2025-05-01 04:38:55 - INFO - Canal Recomendado 1: oatley (https://www.twitch.tv/oatley)
2025-05-01 04:39:00 - INFO - Canal Recomendado 2: august (https://www.twitch.tv/august)
2025-05-01 04:39:04 - INFO - Canal Recomendado 3: mellondoodle (https://www.twitch.tv/mellondoodle)
2025-05-01 04:39:08 - INFO - Canal Recomendado 4: sinatraa (https://www.twitch.tv/sinatraa)
2025-05-01 04:39:12 - INFO - Canal Recomendado 5: nautilifts (https://www.twitch.tv/nautilifts)
2025-05-01 04:39:17 - INFO - Canal Recomendado 6: canezerraa (https://www.twitch.tv/canezerraa)
2025-05-01 04:39:21 - INFO - Canal Recomendado 7: ion2x (https://www.twitch.tv/ion2x)
2025-05-01 04:39:26 - INFO - Canal Recomendado 8: cheatcode (https://www.twitch.tv/cheatcode)
2025-05-01 04:39:35 - INFO - Successfully logged onto Twitch WS: subze2004
2025-05-01 04:55:46 - INFO - Coletado chat do canal curry por 973 segundos
2025-05-01 04:55:46 - INFO - Tempo de visualização encerrado, busca 3 de 3 encerrada
2025-05-01 04:55:46 - INFO - Treino concluído com sucesso.
2025-05-01 08:00:57 - INFO - ====== WebDriver manager ======
2025-05-01 08:00:57 - INFO - Get LATEST chromedriver version for google-chrome
2025-05-01 08:00:58 - INFO - Get LATEST chromedriver version for google-chrome
2025-05-01 08:00:58 - INFO - Driver [/home/locus/.wdm/drivers/chromedriver/linux64/135.0.7049.114/chromedriver-linux64/chromedriver] found in cache
2025-05-01 08:01:09 - INFO - Erro ao logar no Twitch ou Login já realizado
2025-05-01 08:01:11 - INFO - Iniciando treino...
2025-05-01 08:01:11 - INFO - Realizando 3 buscas nessa sessão
2025-05-01 08:01:11 - INFO - Jogo escolhido: roblox
2025-05-01 08:01:53 - INFO - Assistindo 🔴{LIVE}🔴 PLS DONATE OFFLINE DONATING TO VIEWERS! | !socials !discord !sub 🔴
therealosdee
grind
English
HDHD
LIVE
5 viewers por 1102 segundos
2025-05-01 08:02:16 - INFO - Canais Recomendados atualmente:
2025-05-01 08:02:16 - INFO - Canal Recomendado 0: grimm (https://www.twitch.tv/grimm)
2025-05-01 08:02:21 - INFO - Canal Recomendado 1: oatley (https://www.twitch.tv/oatley)
2025-05-01 08:02:25 - INFO - Canal Recomendado 2: august (https://www.twitch.tv/august)
2025-05-01 08:02:29 - INFO - Canal Recomendado 3: mrlust (https://www.twitch.tv/mrlust)
2025-05-01 08:02:34 - INFO - Canal Recomendado 4: caedrel (https://www.twitch.tv/caedrel)
2025-05-01 08:02:38 - INFO - Canal Recomendado 5: nautilifts (https://www.twitch.tv/nautilifts)
2025-05-01 08:02:42 - INFO - Canal Recomendado 6: counter-strike (https://www.twitch.tv/directory/category/counter-strike)
2025-05-01 08:02:46 - INFO - Canal Recomendado 7: valorant (https://www.twitch.tv/directory/category/valorant)
2025-05-01 08:02:51 - INFO - Canal Recomendado 8: league-of-legends (https://www.twitch.tv/directory/category/league-of-legends)
2025-05-01 08:02:55 - INFO - Canal Recomendado 9: fortnite (https://www.twitch.tv/directory/category/fortnite)
2025-05-01 08:03:00 - INFO - Canal Recomendado 10: ea-sports-fc-25 (https://www.twitch.tv/directory/category/ea-sports-fc-25)
2025-05-01 08:03:02 - INFO - Canal Recomendado 11: grand-theft-auto-v (https://www.twitch.tv/directory/category/grand-theft-auto-v)
2025-05-01 08:03:10 - INFO - Successfully logged onto Twitch WS: subze2004
2025-05-01 08:21:30 - INFO - Coletado chat do canal therealosdee por 1102 segundos
2025-05-01 08:21:30 - INFO - Tempo de visualização encerrado, busca 1 de 3 encerrada
2025-05-01 08:21:30 - INFO - Jogo escolhido: counter-strike
2025-05-01 08:22:16 - INFO - Assistindo BLAST Premier Rivals Season 1 2025, Day 2 - paiN vs Wildcard, MOUZ vs Vitality, FlyQuest vs FaZe, Spirit vs Falcons
BLASTPremier
counterstrike2
Esports
BLAST
LIVE
22.9K viewers por 1140 segundos
2025-05-01 08:22:37 - INFO - Canais Recomendados atualmente:
2025-05-01 08:22:37 - INFO - Canal Recomendado 0: grimm (https://www.twitch.tv/grimm)
2025-05-01 08:22:42 - INFO - Canal Recomendado 1: oatley (https://www.twitch.tv/oatley)
2025-05-01 08:22:47 - INFO - Canal Recomendado 2: august (https://www.twitch.tv/august)
2025-05-01 08:22:51 - INFO - Canal Recomendado 3: arguz11 (https://www.twitch.tv/arguz11)
2025-05-01 08:22:56 - INFO - Canal Recomendado 4: mrlust (https://www.twitch.tv/mrlust)
2025-05-01 08:23:00 - INFO - Canal Recomendado 5: botjayttv (https://www.twitch.tv/botjayttv)
2025-05-01 08:23:05 - INFO - Canal Recomendado 6: eslcs (https://www.twitch.tv/eslcs)
2025-05-01 08:23:10 - INFO - Canal Recomendado 7: get_right (https://www.twitch.tv/get_right)
2025-05-01 08:23:15 - INFO - Canal Recomendado 8: trottah (https://www.twitch.tv/trottah)
2025-05-01 08:23:24 - INFO - Successfully logged onto Twitch WS: subze2004
2025-05-01 08:42:22 - INFO - Coletado chat do canal blastpremier por 1140 segundos
2025-05-01 08:42:22 - INFO - Tempo de visualização encerrado, busca 2 de 3 encerrada
2025-05-01 08:42:22 - INFO - Jogo escolhido: minecraft
2025-05-01 08:43:09 - INFO - Assistindo wr for rsg
paplerr
cooldude
epic
Speedrun
LIVE
35 viewers por 940 segundos
2025-05-01 08:43:30 - INFO - Canais Recomendados atualmente:
2025-05-01 08:43:30 - INFO - Canal Recomendado 0: grimm (https://www.twitch.tv/grimm)
2025-05-01 08:43:36 - INFO - Canal Recomendado 1: oatley (https://www.twitch.tv/oatley)
2025-05-01 08:43:40 - INFO - Canal Recomendado 2: august (https://www.twitch.tv/august)
2025-05-01 08:43:44 - INFO - Canal Recomendado 3: mrlust (https://www.twitch.tv/mrlust)
2025-05-01 08:43:49 - INFO - Canal Recomendado 4: arguz11 (https://www.twitch.tv/arguz11)
2025-05-01 08:43:53 - INFO - Canal Recomendado 5: caedrel (https://www.twitch.tv/caedrel)
2025-05-01 08:43:58 - INFO - Canal Recomendado 6: 7rowl (https://www.twitch.tv/7rowl)
2025-05-01 08:44:03 - INFO - Canal Recomendado 7: drip120 (https://www.twitch.tv/drip120)
2025-05-01 08:44:08 - INFO - Canal Recomendado 8: luvvlyjude (https://www.twitch.tv/luvvlyjude)
2025-05-01 08:44:18 - INFO - Successfully logged onto Twitch WS: subze2004
2025-05-01 08:59:55 - INFO - Coletado chat do canal paplerr por 940 segundos
2025-05-01 08:59:55 - INFO - Tempo de visualização encerrado, busca 3 de 3 encerrada
2025-05-01 08:59:55 - INFO - Treino concluído com sucesso.
2025-05-01 12:00:05 - INFO - ====== WebDriver manager ======
2025-05-01 12:00:05 - INFO - Get LATEST chromedriver version for google-chrome
2025-05-01 12:00:06 - INFO - Get LATEST chromedriver version for google-chrome
2025-05-01 12:00:07 - INFO - Driver [/home/locus/.wdm/drivers/chromedriver/linux64/135.0.7049.114/chromedriver-linux64/chromedriver] found in cache
2025-05-01 12:00:18 - INFO - Erro ao logar no Twitch ou Login já realizado
2025-05-01 12:00:20 - INFO - Iniciando treino...
2025-05-01 12:00:20 - INFO - Realizando 5 buscas nessa sessão
2025-05-01 12:00:20 - INFO - Jogo escolhido: fortnite
2025-05-01 12:01:05 - INFO - Assistindo New Fortnite Season TONIGHT | Code NickEh30 #EpicPartner
NickEh30
English
PVP
Multiplayer
PC
LIVE
2.2K viewers por 833 segundos
2025-05-01 12:01:30 - INFO - Canais Recomendados atualmente:
2025-05-01 12:01:30 - INFO - Canal Recomendado 0: thefreddymc (https://www.twitch.tv/thefreddymc)
2025-05-01 12:01:35 - INFO - Canal Recomendado 1: grimm (https://www.twitch.tv/grimm)
2025-05-01 12:01:39 - INFO - Canal Recomendado 2: ohnepixel (https://www.twitch.tv/ohnepixel)
2025-05-01 12:01:44 - INFO - Canal Recomendado 3: joshseki (https://www.twitch.tv/joshseki)
2025-05-01 12:01:48 - INFO - Canal Recomendado 4: mrlust (https://www.twitch.tv/mrlust)
2025-05-01 12:01:52 - INFO - Canal Recomendado 5: dannyaarons (https://www.twitch.tv/dannyaarons)
2025-05-01 12:01:57 - INFO - Canal Recomendado 6: nickeh30_vods (https://www.twitch.tv/nickeh30_vods)
2025-05-01 12:02:02 - INFO - Canal Recomendado 7: bushcampdad (https://www.twitch.tv/bushcampdad)
2025-05-01 12:02:06 - INFO - Canal Recomendado 8: peterbot247official (https://www.twitch.tv/peterbot247official)
2025-05-01 12:02:16 - INFO - Successfully logged onto Twitch WS: subze2004
2025-05-01 12:16:06 - INFO - Coletado chat do canal nickeh30 por 833 segundos
2025-05-01 12:16:06 - INFO - Tempo de visualização encerrado, busca 1 de 5 encerrada
2025-05-01 12:16:06 - INFO - Jogo escolhido: overwatch-2
2025-05-01 12:16:49 - INFO - Assistindo 🔴 [!DROPS ON] 🔴 !NEWVID !BUILD FOR MERCY STADIUM | !mercyhelp !heroperks
Skiesti
Interactive
Mercy
Chill
LIVE
402 viewers por 978 segundos
2025-05-01 12:17:10 - INFO - Canais Recomendados atualmente:
2025-05-01 12:17:10 - INFO - Canal Recomendado 0: thefreddymc (https://www.twitch.tv/thefreddymc)
2025-05-01 12:17:15 - INFO - Canal Recomendado 1: grimm (https://www.twitch.tv/grimm)
2025-05-01 12:17:20 - INFO - Canal Recomendado 2: ohnepixel (https://www.twitch.tv/ohnepixel)
2025-05-01 12:17:24 - INFO - Canal Recomendado 3: joshseki (https://www.twitch.tv/joshseki)
2025-05-01 12:17:28 - INFO - Canal Recomendado 4: mrlust (https://www.twitch.tv/mrlust)
2025-05-01 12:17:33 - INFO - Canal Recomendado 5: dannyaarons (https://www.twitch.tv/dannyaarons)
2025-05-01 12:17:37 - INFO - Canal Recomendado 6: beaver (https://www.twitch.tv/beaver)
2025-05-01 12:17:42 - INFO - Canal Recomendado 7: emongg (https://www.twitch.tv/emongg)
2025-05-01 12:17:47 - INFO - Canal Recomendado 8: ml_247 (https://www.twitch.tv/ml_247)
2025-05-01 12:17:56 - INFO - Successfully logged onto Twitch WS: subze2004
2025-05-01 12:34:12 - INFO - Coletado chat do canal skiesti por 978 segundos
2025-05-01 12:34:12 - INFO - Tempo de visualização encerrado, busca 2 de 5 encerrada
2025-05-01 12:34:12 - INFO - Jogo escolhido: roblox
2025-05-01 12:34:55 - INFO - Assistindo Horror Thursday!? Do we scare easily? !user !discord
ShadowSnipess
PL
English
EN
chilling
LIVE
15 viewers por 707 segundos
2025-05-01 12:35:20 - INFO - Canais Recomendados atualmente:
2025-05-01 12:35:20 - INFO - Canal Recomendado 0: thefreddymc (https://www.twitch.tv/thefreddymc)
2025-05-01 12:35:26 - INFO - Canal Recomendado 1: grimm (https://www.twitch.tv/grimm)
2025-05-01 12:35:30 - INFO - Canal Recomendado 2: grayhairandtattoos_ (https://www.twitch.tv/grayhairandtattoos_)
2025-05-01 12:35:34 - INFO - Canal Recomendado 3: ohnepixel (https://www.twitch.tv/ohnepixel)
2025-05-01 12:35:39 - INFO - Canal Recomendado 4: joshseki (https://www.twitch.tv/joshseki)
2025-05-01 12:35:43 - INFO - Canal Recomendado 5: mrlust (https://www.twitch.tv/mrlust)
2025-05-01 12:35:48 - INFO - Canal Recomendado 6: qadrienne (https://www.twitch.tv/qadrienne)
2025-05-01 12:35:52 - INFO - Canal Recomendado 7: dabbin_boi (https://www.twitch.tv/dabbin_boi)
2025-05-01 12:35:57 - INFO - Canal Recomendado 8: bafarafaontwitch (https://www.twitch.tv/bafarafaontwitch)
2025-05-01 12:36:07 - INFO - Successfully logged onto Twitch WS: subze2004
2025-05-01 12:47:52 - INFO - Coletado chat do canal shadowsnipess por 707 segundos
2025-05-01 12:47:52 - INFO - Tempo de visualização encerrado, busca 3 de 5 encerrada
2025-05-01 12:47:52 - INFO - Jogo escolhido: minecraft
2025-05-01 12:48:34 - INFO - Assistindo YAP RUNS ARE BACK 👽 TODAY IS THE DAY 👽 GOING FOR SUB 22:00 (1.16.1) 👽 !pb 22:21 👽 !YouTube
thefreddymc
English
LIVE
556 viewers por 1189 segundos
2025-05-01 12:48:59 - INFO - Canais Recomendados atualmente:
2025-05-01 12:48:59 - INFO - Canal Recomendado 0: thefreddymc (https://www.twitch.tv/thefreddymc)
2025-05-01 12:49:04 - INFO - Canal Recomendado 1: grimm (https://www.twitch.tv/grimm)
2025-05-01 12:49:08 - INFO - Canal Recomendado 2: grayhairandtattoos_ (https://www.twitch.tv/grayhairandtattoos_)
2025-05-01 12:49:13 - INFO - Canal Recomendado 3: ohnepixel (https://www.twitch.tv/ohnepixel)
2025-05-01 12:49:17 - INFO - Canal Recomendado 4: joshseki (https://www.twitch.tv/joshseki)
2025-05-01 12:49:22 - INFO - Canal Recomendado 5: mrlust (https://www.twitch.tv/mrlust)
2025-05-01 12:49:26 - INFO - Canal Recomendado 6: couriway (https://www.twitch.tv/couriway)
2025-05-01 12:49:31 - INFO - Canal Recomendado 7: caseoh247 (https://www.twitch.tv/caseoh247)
2025-05-01 12:49:36 - INFO - Canal Recomendado 8: sumoggs (https://www.twitch.tv/sumoggs)
2025-05-01 12:49:45 - INFO - Successfully logged onto Twitch WS: subze2004
2025-05-01 13:09:32 - INFO - Coletado chat do canal thefreddymc por 1189 segundos
2025-05-01 13:09:32 - INFO - Tempo de visualização encerrado, busca 4 de 5 encerrada
2025-05-01 13:09:32 - INFO - Jogo escolhido: marvel-rivals
2025-05-01 13:10:13 - INFO - Assistindo I'm back. Huge news today about the future today.
Necros
blackpanther
English
LIVE
7.3K viewers por 944 segundos
2025-05-01 13:10:37 - INFO - Canais Recomendados atualmente:
2025-05-01 13:10:37 - INFO - Canal Recomendado 0: thefreddymc (https://www.twitch.tv/thefreddymc)
2025-05-01 13:10:42 - INFO - Canal Recomendado 1: grimm (https://www.twitch.tv/grimm)
2025-05-01 13:10:46 - INFO - Canal Recomendado 2: ohnepixel (https://www.twitch.tv/ohnepixel)
2025-05-01 13:10:51 - INFO - Canal Recomendado 3: joshseki (https://www.twitch.tv/joshseki)
2025-05-01 13:10:55 - INFO - Canal Recomendado 4: mrlust (https://www.twitch.tv/mrlust)
2025-05-01 13:10:59 - INFO - Canal Recomendado 5: arguz11 (https://www.twitch.tv/arguz11)
2025-05-01 13:11:04 - INFO - Canal Recomendado 6: m0xyy (https://www.twitch.tv/m0xyy)
2025-05-01 13:11:09 - INFO - Canal Recomendado 7: flats (https://www.twitch.tv/flats)
2025-05-01 13:11:13 - INFO - Canal Recomendado 8: cringealarm1 (https://www.twitch.tv/cringealarm1)
2025-05-01 13:11:22 - INFO - Successfully logged onto Twitch WS: subze2004
2025-05-01 13:27:04 - INFO - Coletado chat do canal necros por 944 segundos
2025-05-01 13:27:04 - INFO - Tempo de visualização encerrado, busca 5 de 5 encerrada
2025-05-01 13:27:04 - INFO - Treino concluído com sucesso.
2025-05-01 16:00:14 - INFO - ====== WebDriver manager ======
2025-05-01 16:00:14 - INFO - Get LATEST chromedriver version for google-chrome
2025-05-01 16:00:15 - INFO - Get LATEST chromedriver version for google-chrome
2025-05-01 16:00:15 - INFO - Driver [/home/locus/.wdm/drivers/chromedriver/linux64/135.0.7049.114/chromedriver-linux64/chromedriver] found in cache
2025-05-01 16:00:27 - INFO - Erro ao logar no Twitch ou Login já realizado
2025-05-01 16:00:29 - INFO - Iniciando treino...
2025-05-01 16:00:29 - INFO - Realizando 3 buscas nessa sessão
2025-05-01 16:00:29 - INFO - Jogo escolhido: sea-of-thieves
2025-05-01 16:01:11 - INFO - Assistindo All Emissary Buffs 🫖Good Vibes | 💚💜 Subs are free with !prime
PhuzzyBond
FamilyFriendly
GoodVibes
Chill
LIVE
470 viewers por 717 segundos
2025-05-01 16:01:35 - INFO - Canais Recomendados atualmente:
2025-05-01 16:01:35 - INFO - Canal Recomendado 0: thefreddymc (https://www.twitch.tv/thefreddymc)
2025-05-01 16:01:40 - INFO - Canal Recomendado 1: grayhairandtattoos_ (https://www.twitch.tv/grayhairandtattoos_)
2025-05-01 16:01:44 - INFO - Canal Recomendado 2: joshseki (https://www.twitch.tv/joshseki)
2025-05-01 16:01:48 - INFO - Canal Recomendado 3: ohnepixel (https://www.twitch.tv/ohnepixel)
2025-05-01 16:01:53 - INFO - Canal Recomendado 4: la4awale (https://www.twitch.tv/la4awale)
2025-05-01 16:01:57 - INFO - Canal Recomendado 5: mrlust (https://www.twitch.tv/mrlust)
2025-05-01 16:02:01 - INFO - Canal Recomendado 6: boxyfresh (https://www.twitch.tv/boxyfresh)
2025-05-01 16:02:06 - INFO - Canal Recomendado 7: hitbotc (https://www.twitch.tv/hitbotc)
2025-05-01 16:02:10 - INFO - Canal Recomendado 8: pufferson (https://www.twitch.tv/pufferson)
2025-05-01 16:02:19 - INFO - Successfully logged onto Twitch WS: subze2004
2025-05-01 16:14:14 - INFO - Coletado chat do canal phuzzybond por 717 segundos
2025-05-01 16:14:14 - INFO - Tempo de visualização encerrado, busca 1 de 3 encerrada
2025-05-01 16:14:14 - INFO - Jogo escolhido: roblox
2025-05-01 16:14:55 - INFO - Assistindo Royale High --> Dress To Impress --> Overwatch <3 ♡ Insta: @beaplays | (01.05.25)
beaplays
Female
lgbtqplus
LIVE
301 viewers por 946 segundos
2025-05-01 16:15:18 - INFO - Canais Recomendados atualmente:
2025-05-01 16:15:18 - INFO - Canal Recomendado 0: thefreddymc (https://www.twitch.tv/thefreddymc)
2025-05-01 16:15:23 - INFO - Canal Recomendado 1: ohnepixel (https://www.twitch.tv/ohnepixel)
2025-05-01 16:15:27 - INFO - Canal Recomendado 2: joshseki (https://www.twitch.tv/joshseki)
2025-05-01 16:15:31 - INFO - Canal Recomendado 3: la4awale (https://www.twitch.tv/la4awale)
2025-05-01 16:15:36 - INFO - Canal Recomendado 4: mrlust (https://www.twitch.tv/mrlust)
2025-05-01 16:15:40 - INFO - Canal Recomendado 5: sigy (https://www.twitch.tv/sigy)
2025-05-01 16:15:44 - INFO - Canal Recomendado 6: jessplaysofficial (https://www.twitch.tv/jessplaysofficial)
2025-05-01 16:15:49 - INFO - Canal Recomendado 7: treasureislands (https://www.twitch.tv/treasureislands)
2025-05-01 16:15:53 - INFO - Canal Recomendado 8: sakuraaagaming (https://www.twitch.tv/sakuraaagaming)
2025-05-01 16:16:03 - INFO - Successfully logged onto Twitch WS: subze2004
2025-05-01 16:31:47 - INFO - Coletado chat do canal beaplays por 946 segundos
2025-05-01 16:31:47 - INFO - Tempo de visualização encerrado, busca 2 de 3 encerrada
2025-05-01 16:31:47 - INFO - Jogo escolhido: the-sims-4
2025-05-01 16:32:28 - INFO - Assistindo LETS GET MORE BABIES! Can we survive the 100 baby challenge!!!??
leeemazon
Sims4Gameplay
blacksimmer
LIVE
50 viewers por 814 segundos
2025-05-01 16:32:50 - INFO - Canais Recomendados atualmente:
2025-05-01 16:32:50 - INFO - Canal Recomendado 0: thefreddymc (https://www.twitch.tv/thefreddymc)
2025-05-01 16:32:55 - INFO - Canal Recomendado 1: ohnepixel (https://www.twitch.tv/ohnepixel)
2025-05-01 16:32:59 - INFO - Canal Recomendado 2: la4awale (https://www.twitch.tv/la4awale)
2025-05-01 16:33:04 - INFO - Canal Recomendado 3: mrlust (https://www.twitch.tv/mrlust)
2025-05-01 16:33:09 - INFO - Canal Recomendado 4: sigy (https://www.twitch.tv/sigy)
2025-05-01 16:33:13 - INFO - Canal Recomendado 5: arguz11 (https://www.twitch.tv/arguz11)
2025-05-01 16:33:17 - INFO - Canal Recomendado 6: malixa (https://www.twitch.tv/malixa)
2025-05-01 16:33:22 - INFO - Canal Recomendado 7: simmerswig (https://www.twitch.tv/simmerswig)
2025-05-01 16:33:26 - INFO - Canal Recomendado 8: coziex (https://www.twitch.tv/coziex)
2025-05-01 16:33:35 - INFO - Successfully logged onto Twitch WS: subze2004
2025-05-01 16:47:07 - INFO - Coletado chat do canal leeemazon por 814 segundos
2025-05-01 16:47:07 - INFO - Tempo de visualização encerrado, busca 3 de 3 encerrada
2025-05-01 16:47:07 - INFO - Treino concluído com sucesso.
2025-05-01 20:00:19 - INFO - ====== WebDriver manager ======
2025-05-01 20:00:19 - INFO - Get LATEST chromedriver version for google-chrome
2025-05-01 20:00:19 - INFO - Get LATEST chromedriver version for google-chrome
2025-05-01 20:00:20 - INFO - Driver [/home/locus/.wdm/drivers/chromedriver/linux64/135.0.7049.114/chromedriver-linux64/chromedriver] found in cache
2025-05-01 20:00:32 - INFO - Erro ao logar no Twitch ou Login já realizado
2025-05-01 20:00:33 - INFO - Iniciando treino...
2025-05-01 20:00:33 - INFO - Realizando 4 buscas nessa sessão
2025-05-01 20:00:33 - INFO - Jogo escolhido: marvel-rivals
2025-05-01 20:01:15 - INFO - Assistindo 🚨[!DROPS]🚨IM TOP 500 GROOT APPARENTLY🚨VANGUARD MAIN🚨DESTROYER OF HAY BALES @ApexDabi
ApexDabi
ADHD
marvel
English
LIVE
278 viewers por 666 segundos
2025-05-01 20:01:39 - INFO - Canais Recomendados atualmente:
2025-05-01 20:01:39 - INFO - Canal Recomendado 0: drdonutttttt (https://www.twitch.tv/drdonutttttt)
2025-05-01 20:01:44 - INFO - Canal Recomendado 1: happyhappygal (https://www.twitch.tv/happyhappygal)
2025-05-01 20:01:49 - INFO - Canal Recomendado 2: vadriss (https://www.twitch.tv/vadriss)
2025-05-01 20:01:53 - INFO - Canal Recomendado 3: la4awale (https://www.twitch.tv/la4awale)
2025-05-01 20:01:57 - INFO - Canal Recomendado 4: warn (https://www.twitch.tv/warn)
2025-05-01 20:02:01 - INFO - Canal Recomendado 5: agent00 (https://www.twitch.tv/agent00)
2025-05-01 20:02:06 - INFO - Canal Recomendado 6: jay3 (https://www.twitch.tv/jay3)
2025-05-01 20:02:10 - INFO - Canal Recomendado 7: flats (https://www.twitch.tv/flats)
2025-05-01 20:02:15 - INFO - Canal Recomendado 8: teamcaptain001 (https://www.twitch.tv/teamcaptain001)
2025-05-01 20:02:24 - INFO - Successfully logged onto Twitch WS: subze2004
2025-05-01 20:13:28 - INFO - Coletado chat do canal apexdabi por 666 segundos
2025-05-01 20:13:28 - INFO - Tempo de visualização encerrado, busca 1 de 4 encerrada
2025-05-01 20:13:28 - INFO - Jogo escolhido: league-of-legends
2025-05-01 20:14:13 - INFO - Assistindo Hands occupied with blessings, can’t hold no grudges ☪ 9Yrs Challenger EU/KR/NA😏!coaching
humzh
English
LIVE
1.6K viewers por 907 segundos
2025-05-01 20:14:36 - INFO - Canais Recomendados atualmente:
2025-05-01 20:14:36 - INFO - Canal Recomendado 0: grayhairandtattoos_ (https://www.twitch.tv/grayhairandtattoos_)
2025-05-01 20:14:41 - INFO - Canal Recomendado 1: vadriss (https://www.twitch.tv/vadriss)
2025-05-01 20:14:46 - INFO - Canal Recomendado 2: drdonutttttt (https://www.twitch.tv/drdonutttttt)
2025-05-01 20:14:50 - INFO - Canal Recomendado 3: jay3 (https://www.twitch.tv/jay3)
2025-05-01 20:14:55 - INFO - Canal Recomendado 4: la4awale (https://www.twitch.tv/la4awale)
2025-05-01 20:14:59 - INFO - Canal Recomendado 5: keeoh (https://www.twitch.tv/keeoh)
2025-05-01 20:15:04 - INFO - Canal Recomendado 6: loltyler1 (https://www.twitch.tv/loltyler1)
2025-05-01 20:15:08 - INFO - Canal Recomendado 7: velja_lol (https://www.twitch.tv/velja_lol)
2025-05-01 20:15:13 - INFO - Canal Recomendado 8: sanchovies (https://www.twitch.tv/sanchovies)
2025-05-01 20:15:22 - INFO - Successfully logged onto Twitch WS: subze2004
2025-05-01 20:30:27 - INFO - Coletado chat do canal humzh por 907 segundos
2025-05-01 20:30:27 - INFO - Tempo de visualização encerrado, busca 2 de 4 encerrada
2025-05-01 20:30:27 - INFO - Jogo escolhido: minecraft
2025-05-01 20:31:09 - INFO - Assistindo Untitled Broadcast
DrDonutttttt
pvp
crystalpvp
smp
LIVE
443 viewers por 762 segundos
2025-05-01 20:31:31 - INFO - Canais Recomendados atualmente:
2025-05-01 20:31:31 - INFO - Canal Recomendado 0: grayhairandtattoos_ (https://www.twitch.tv/grayhairandtattoos_)
2025-05-01 20:31:35 - INFO - Canal Recomendado 1: vadriss (https://www.twitch.tv/vadriss)
2025-05-01 20:31:40 - INFO - Canal Recomendado 2: drdonutttttt (https://www.twitch.tv/drdonutttttt)
2025-05-01 20:31:44 - INFO - Canal Recomendado 3: jay3 (https://www.twitch.tv/jay3)
2025-05-01 20:31:48 - INFO - Canal Recomendado 4: la4awale (https://www.twitch.tv/la4awale)
2025-05-01 20:31:53 - INFO - Canal Recomendado 5: keeoh (https://www.twitch.tv/keeoh)
2025-05-01 20:31:57 - INFO - Canal Recomendado 6: feinberg (https://www.twitch.tv/feinberg)
2025-05-01 20:32:01 - INFO - Canal Recomendado 7: couriway (https://www.twitch.tv/couriway)
2025-05-01 20:32:06 - INFO - Canal Recomendado 8: jalensyd (https://www.twitch.tv/jalensyd)
2025-05-01 20:32:15 - INFO - Successfully logged onto Twitch WS: subze2004
2025-05-01 20:44:55 - INFO - Coletado chat do canal drdonutttttt por 762 segundos
2025-05-01 20:44:55 - INFO - Tempo de visualização encerrado, busca 3 de 4 encerrada
2025-05-01 20:44:55 - INFO - Jogo escolhido: overwatch-2
2025-05-01 20:45:35 - INFO - Assistindo [!DROPS] #1 ASHE 🔴 PRO IN STADIUM OR D*E TRYING 🔴 HUGE POKEMON PACK OPENING 🔴 NEW OVERWATCH PATCH (RIP) 🔴 NEW Tilting Streamers !video
Warn
Drops
English
ADHD
LIVE
1.1K viewers por 1161 segundos
2025-05-01 20:45:59 - INFO - Canais Recomendados atualmente:
2025-05-01 20:45:59 - INFO - Canal Recomendado 0: grayhairandtattoos_ (https://www.twitch.tv/grayhairandtattoos_)
2025-05-01 20:46:04 - INFO - Canal Recomendado 1: drdonutttttt (https://www.twitch.tv/drdonutttttt)
2025-05-01 20:46:09 - INFO - Canal Recomendado 2: vadriss (https://www.twitch.tv/vadriss)
2025-05-01 20:46:13 - INFO - Canal Recomendado 3: jay3 (https://www.twitch.tv/jay3)
2025-05-01 20:46:17 - INFO - Canal Recomendado 4: la4awale (https://www.twitch.tv/la4awale)
2025-05-01 20:46:22 - INFO - Canal Recomendado 5: keeoh (https://www.twitch.tv/keeoh)
2025-05-01 20:46:26 - INFO - Canal Recomendado 6: aspen (https://www.twitch.tv/aspen)
2025-05-01 20:46:30 - INFO - Canal Recomendado 7: froggerow (https://www.twitch.tv/froggerow)
2025-05-01 20:46:35 - INFO - Canal Recomendado 8: colourhex (https://www.twitch.tv/colourhex)
2025-05-01 20:46:44 - INFO - Successfully logged onto Twitch WS: subze2004
2025-05-01 21:06:03 - INFO - Coletado chat do canal warn por 1161 segundos
2025-05-01 21:06:03 - INFO - Tempo de visualização encerrado, busca 4 de 4 encerrada
2025-05-01 21:06:03 - INFO - Treino concluído com sucesso.
2025-05-02 00:00:12 - INFO - ====== WebDriver manager ======
2025-05-02 00:00:12 - INFO - Get LATEST chromedriver version for google-chrome
2025-05-02 00:00:13 - INFO - Get LATEST chromedriver version for google-chrome
2025-05-02 00:00:13 - INFO - Get LATEST chromedriver version for google-chrome
2025-05-02 00:00:14 - INFO - WebDriver version 135.0.7049.114 selected
2025-05-02 00:00:14 - INFO - Modern chrome version https://storage.googleapis.com/chrome-for-testing-public/135.0.7049.114/linux64/chromedriver-linux64.zip
2025-05-02 00:00:14 - INFO - About to download new driver from https://storage.googleapis.com/chrome-for-testing-public/135.0.7049.114/linux64/chromedriver-linux64.zip
2025-05-02 00:00:15 - INFO - Driver downloading response is 200
2025-05-02 00:00:16 - INFO - Get LATEST chromedriver version for google-chrome
2025-05-02 00:00:17 - INFO - Driver has been saved in cache [/home/locus/.wdm/drivers/chromedriver/linux64/135.0.7049.114]
2025-05-02 00:00:29 - INFO - Erro ao logar no Twitch ou Login já realizado
2025-05-02 00:00:31 - INFO - Iniciando treino...
2025-05-02 00:00:31 - INFO - Realizando 4 buscas nessa sessão
2025-05-02 00:00:31 - INFO - Jogo escolhido: the-sims-4
2025-05-02 00:01:19 - INFO - Assistindo DrGluon looks at these New NEW Kits !yt !throne
DrGluon
Cozy
funny
itsafez
LIVE
1K viewers por 673 segundos
2025-05-02 00:01:43 - INFO - Canais Recomendados atualmente:
2025-05-02 00:01:43 - INFO - Canal Recomendado 0: grayhairandtattoos_ (https://www.twitch.tv/grayhairandtattoos_)
2025-05-02 00:02:02 - INFO - Canal Recomendado 1: vadriss (https://www.twitch.tv/vadriss)
2025-05-02 00:02:14 - INFO - Canal Recomendado 2: warn (https://www.twitch.tv/warn)
2025-05-02 00:02:32 - INFO - Canal Recomendado 3: thehashaq (https://www.twitch.tv/thehashaq)
2025-05-02 00:02:38 - INFO - Canal Recomendado 4: aspen (https://www.twitch.tv/aspen)
2025-05-02 00:02:45 - INFO - Canal Recomendado 5: keeoh (https://www.twitch.tv/keeoh)
2025-05-02 00:02:51 - INFO - Canal Recomendado 6: skinnedteen (https://www.twitch.tv/skinnedteen)
2025-05-02 00:03:05 - INFO - Canal Recomendado 7: s0ph (https://www.twitch.tv/s0ph)
2025-05-02 00:03:24 - INFO - Canal Recomendado 8: gassymexican (https://www.twitch.tv/gassymexican)
2025-05-02 00:03:40 - INFO - Successfully logged onto Twitch WS: subze2004
2025-05-02 00:14:45 - INFO - Coletado chat do canal drgluon por 673 segundos
2025-05-02 00:14:45 - INFO - Tempo de visualização encerrado, busca 1 de 4 encerrada
2025-05-02 00:14:45 - INFO - Jogo escolhido: ea-sports-fc-25
2025-05-02 00:15:40 - ERROR - Erro ao recuperar canais na busca por ea-sports-fc-25
2025-05-02 00:15:40 - INFO - Jogo escolhido: sea-of-thieves
2025-05-02 00:16:30 - ERROR - Erro ao recuperar canais na busca por sea-of-thieves
2025-05-02 00:16:30 - INFO - Jogo escolhido: marvel-rivals
2025-05-02 00:17:23 - ERROR - Erro ao recuperar canais na busca por marvel-rivals
2025-05-02 00:17:23 - INFO - Treino concluído com sucesso.
2025-05-02 04:00:36 - INFO - ====== WebDriver manager ======
2025-05-02 04:00:36 - INFO - Get LATEST chromedriver version for google-chrome
2025-05-02 04:00:37 - INFO - Get LATEST chromedriver version for google-chrome
2025-05-02 04:00:37 - INFO - Driver [/home/locus/.wdm/drivers/chromedriver/linux64/135.0.7049.114/chromedriver-linux64/chromedriver] found in cache
2025-05-02 04:00:48 - INFO - Erro ao logar no Twitch ou Login já realizado
2025-05-02 04:00:50 - INFO - Iniciando treino...
2025-05-02 04:00:50 - INFO - Realizando 5 buscas nessa sessão
2025-05-02 04:00:50 - INFO - Jogo escolhido: fortnite
2025-05-02 04:01:57 - INFO - Assistindo GALACTIC BATTLE DOWNTIME | Code "Oatley" #ad | !socials !youtube !lan !giveaway
Oatley
Multiplayer
PC
Professional
LIVE
949 viewers por 756 segundos
2025-05-02 04:02:23 - INFO - Canais Recomendados atualmente:
2025-05-02 04:02:23 - INFO - Canal Recomendado 0: august (https://www.twitch.tv/august)
2025-05-02 04:02:28 - INFO - Canal Recomendado 1: vadriss (https://www.twitch.tv/vadriss)
2025-05-02 04:02:32 - INFO - Canal Recomendado 2: oatley (https://www.twitch.tv/oatley)
2025-05-02 04:02:37 - INFO - Canal Recomendado 3: botjayttv (https://www.twitch.tv/botjayttv)
2025-05-02 04:02:41 - INFO - Canal Recomendado 4: warn (https://www.twitch.tv/warn)
2025-05-02 04:02:45 - INFO - Canal Recomendado 5: keeoh (https://www.twitch.tv/keeoh)
2025-05-02 04:02:50 - INFO - Canal Recomendado 6: higgs (https://www.twitch.tv/higgs)
2025-05-02 04:02:55 - INFO - Canal Recomendado 7: peterbot247official (https://www.twitch.tv/peterbot247official)
2025-05-02 04:03:00 - INFO - Canal Recomendado 8: eomzo (https://www.twitch.tv/eomzo)
2025-05-02 04:03:10 - INFO - Successfully logged onto Twitch WS: subze2004
2025-05-02 04:15:44 - INFO - Coletado chat do canal oatley por 756 segundos
2025-05-02 04:15:44 - INFO - Tempo de visualização encerrado, busca 1 de 5 encerrada
2025-05-02 04:15:44 - INFO - Jogo escolhido: valorant
2025-05-02 04:16:36 - INFO - Assistindo DIVERGENCE USER LEV @CURRY !opgg
curry
English
LIVE
660 viewers por 1011 segundos
2025-05-02 04:16:57 - INFO - Canais Recomendados atualmente:
2025-05-02 04:16:57 - INFO - Canal Recomendado 0: august (https://www.twitch.tv/august)
2025-05-02 04:17:08 - INFO - Canal Recomendado 1: oatley (https://www.twitch.tv/oatley)
2025-05-02 04:17:12 - INFO - Canal Recomendado 2: vadriss (https://www.twitch.tv/vadriss)
2025-05-02 04:17:17 - INFO - Canal Recomendado 3: botjayttv (https://www.twitch.tv/botjayttv)
2025-05-02 04:17:22 - INFO - Canal Recomendado 4: warn (https://www.twitch.tv/warn)
2025-05-02 04:17:28 - INFO - Canal Recomendado 5: keeoh (https://www.twitch.tv/keeoh)
2025-05-02 04:17:33 - INFO - Canal Recomendado 6: demon1 (https://www.twitch.tv/demon1)
2025-05-02 04:17:37 - INFO - Canal Recomendado 7: eggsterr (https://www.twitch.tv/eggsterr)
2025-05-02 04:17:41 - INFO - Canal Recomendado 8: ion2x (https://www.twitch.tv/ion2x)
2025-05-02 04:17:50 - INFO - Successfully logged onto Twitch WS: subze2004
2025-05-02 04:34:39 - INFO - Coletado chat do canal curry por 1011 segundos
2025-05-02 04:34:39 - INFO - Tempo de visualização encerrado, busca 2 de 5 encerrada
2025-05-02 04:34:39 - INFO - Jogo escolhido: counter-strike
2025-05-02 04:35:45 - INFO - Assistindo HIGHLIGHTS: 3DMAX vs GamerLegion - IEM Melbourne 2025
ESLCS
English
LIVE
872 viewers por 1172 segundos
2025-05-02 04:36:10 - INFO - Canais Recomendados atualmente:
2025-05-02 04:36:10 - INFO - Canal Recomendado 0: august (https://www.twitch.tv/august)
2025-05-02 04:36:21 - INFO - Canal Recomendado 1: oatley (https://www.twitch.tv/oatley)
2025-05-02 04:36:25 - INFO - Canal Recomendado 2: botjayttv (https://www.twitch.tv/botjayttv)
2025-05-02 04:36:29 - INFO - Canal Recomendado 3: mellondoodle (https://www.twitch.tv/mellondoodle)
2025-05-02 04:36:34 - INFO - Canal Recomendado 4: mrlust (https://www.twitch.tv/mrlust)
2025-05-02 04:36:38 - INFO - Canal Recomendado 5: keeoh (https://www.twitch.tv/keeoh)
2025-05-02 04:36:43 - INFO - Canal Recomendado 6: get_right (https://www.twitch.tv/get_right)
2025-05-02 04:36:47 - INFO - Canal Recomendado 7: caedrel (https://www.twitch.tv/caedrel)
2025-05-02 04:36:51 - INFO - Canal Recomendado 8: shoxiejesuss (https://www.twitch.tv/shoxiejesuss)
2025-05-02 04:37:00 - INFO - Successfully logged onto Twitch WS: subze2004
2025-05-02 04:56:30 - INFO - Coletado chat do canal eslcs por 1172 segundos
2025-05-02 04:56:30 - INFO - Tempo de visualização encerrado, busca 3 de 5 encerrada
2025-05-02 04:56:30 - INFO - Jogo escolhido: league-of-legends
2025-05-02 04:57:11 - INFO - Assistindo T1 vs DNF - HLE vs NS | 2025 LCK Round 1
LCK
DropsEnabled
Esports
English
LIVE
7K viewers por 779 segundos
2025-05-02 04:57:32 - INFO - Canais Recomendados atualmente:
2025-05-02 04:57:32 - INFO - Canal Recomendado 0: august (https://www.twitch.tv/august)
2025-05-02 04:57:36 - INFO - Canal Recomendado 1: oatley (https://www.twitch.tv/oatley)
2025-05-02 04:57:41 - INFO - Canal Recomendado 2: botjayttv (https://www.twitch.tv/botjayttv)
2025-05-02 04:57:45 - INFO - Canal Recomendado 3: keeoh (https://www.twitch.tv/keeoh)
2025-05-02 04:57:49 - INFO - Canal Recomendado 4: mellondoodle (https://www.twitch.tv/mellondoodle)
2025-05-02 04:57:54 - INFO - Canal Recomendado 5: mrlust (https://www.twitch.tv/mrlust)
2025-05-02 04:57:58 - INFO - Canal Recomendado 6: caedrel (https://www.twitch.tv/caedrel)
2025-05-02 04:58:02 - INFO - Canal Recomendado 7: bwipolol (https://www.twitch.tv/bwipolol)
2025-05-02 04:58:07 - INFO - Canal Recomendado 8: viper (https://www.twitch.tv/viper)
2025-05-02 04:58:16 - INFO - Successfully logged onto Twitch WS: subze2004
2025-05-02 05:11:13 - INFO - Coletado chat do canal lck por 779 segundos
2025-05-02 05:11:13 - INFO - Tempo de visualização encerrado, busca 4 de 5 encerrada
2025-05-02 05:11:13 - INFO - Jogo escolhido: sea-of-thieves
2025-05-02 05:12:04 - INFO - Assistindo Battle of the Boars
ekim941
English
Action
Coffee
LIVE
3 viewers por 820 segundos
2025-05-02 05:12:27 - INFO - Canais Recomendados atualmente:
2025-05-02 05:12:27 - INFO - Canal Recomendado 0: august (https://www.twitch.tv/august)
2025-05-02 05:12:32 - INFO - Canal Recomendado 1: oatley (https://www.twitch.tv/oatley)
2025-05-02 05:12:37 - INFO - Canal Recomendado 2: botjayttv (https://www.twitch.tv/botjayttv)
2025-05-02 05:12:42 - INFO - Canal Recomendado 3: mellondoodle (https://www.twitch.tv/mellondoodle)
2025-05-02 05:12:46 - INFO - Canal Recomendado 4: keeoh (https://www.twitch.tv/keeoh)
2025-05-02 05:12:51 - INFO - Canal Recomendado 5: mrlust (https://www.twitch.tv/mrlust)
2025-05-02 05:12:56 - INFO - Canal Recomendado 6: rainorshinegaming (https://www.twitch.tv/rainorshinegaming)
2025-05-02 05:13:01 - INFO - Canal Recomendado 7: alrightjoe (https://www.twitch.tv/alrightjoe)
2025-05-02 05:13:07 - INFO - Canal Recomendado 8: cipher_l0gic (https://www.twitch.tv/cipher_l0gic)
2025-05-02 05:13:16 - INFO - Successfully logged onto Twitch WS: subze2004
2025-05-02 05:26:54 - INFO - Coletado chat do canal ekim941 por 820 segundos
2025-05-02 05:26:54 - INFO - Tempo de visualização encerrado, busca 5 de 5 encerrada
2025-05-02 05:26:54 - INFO - Treino concluído com sucesso.
2025-05-02 08:00:04 - INFO - ====== WebDriver manager ======
2025-05-02 08:00:04 - INFO - Get LATEST chromedriver version for google-chrome
2025-05-02 08:00:05 - INFO - Get LATEST chromedriver version for google-chrome
2025-05-02 08:00:05 - INFO - Driver [/home/locus/.wdm/drivers/chromedriver/linux64/135.0.7049.114/chromedriver-linux64/chromedriver] found in cache
2025-05-02 08:00:18 - INFO - Erro ao logar no Twitch ou Login já realizado
2025-05-02 08:00:19 - INFO - Iniciando treino...
2025-05-02 08:00:19 - INFO - Realizando 4 buscas nessa sessão
2025-05-02 08:00:19 - INFO - Jogo escolhido: fortnite
2025-05-02 08:01:06 - INFO - Assistindo NEW FORTNITE SEASON | Code NickEh30 #EpicPartner
NickEh30
Positivity
PVP
BattleRoyale
LIVE
5.4K viewers por 644 segundos
2025-05-02 08:01:30 - INFO - Canais Recomendados atualmente:
2025-05-02 08:01:30 - INFO - Canal Recomendado 0: oatley (https://www.twitch.tv/oatley)
2025-05-02 08:01:35 - INFO - Canal Recomendado 1: necros (https://www.twitch.tv/necros)
2025-05-02 08:01:40 - INFO - Canal Recomendado 2: andr3wow (https://www.twitch.tv/andr3wow)
2025-05-02 08:01:45 - INFO - Canal Recomendado 3: botjayttv (https://www.twitch.tv/botjayttv)
2025-05-02 08:01:49 - INFO - Canal Recomendado 4: flux (https://www.twitch.tv/flux)
2025-05-02 08:01:53 - INFO - Canal Recomendado 5: mrlust (https://www.twitch.tv/mrlust)
2025-05-02 08:01:58 - INFO - Canal Recomendado 6: nickeh30_vods (https://www.twitch.tv/nickeh30_vods)
2025-05-02 08:02:02 - INFO - Canal Recomendado 7: typicalgamer (https://www.twitch.tv/typicalgamer)
2025-05-02 08:02:06 - INFO - Canal Recomendado 8: sypherpkvods (https://www.twitch.tv/sypherpkvods)
2025-05-02 08:02:16 - INFO - Successfully logged onto Twitch WS: subze2004
2025-05-02 08:12:57 - INFO - Coletado chat do canal nickeh30 por 644 segundos
2025-05-02 08:12:57 - INFO - Tempo de visualização encerrado, busca 1 de 4 encerrada
2025-05-02 08:12:57 - INFO - Jogo escolhido: the-sims-4
2025-05-02 08:13:41 - INFO - Assistindo NEW KIT BUILDING!! | !what !eacode
lossayyy
mentalhealth
ireland
irish
LIVE
103 viewers por 911 segundos
2025-05-02 08:14:06 - INFO - Canais Recomendados atualmente:
2025-05-02 08:14:06 - INFO - Canal Recomendado 0: oatley (https://www.twitch.tv/oatley)
2025-05-02 08:14:14 - INFO - Canal Recomendado 1: necros (https://www.twitch.tv/necros)
2025-05-02 08:14:18 - INFO - Canal Recomendado 2: botjayttv (https://www.twitch.tv/botjayttv)
2025-05-02 08:14:23 - INFO - Canal Recomendado 3: andr3wow (https://www.twitch.tv/andr3wow)
2025-05-02 08:14:28 - INFO - Canal Recomendado 4: flux (https://www.twitch.tv/flux)
2025-05-02 08:14:32 - INFO - Canal Recomendado 5: mrlust (https://www.twitch.tv/mrlust)
2025-05-02 08:14:36 - INFO - Canal Recomendado 6: lucyl (https://www.twitch.tv/lucyl)
2025-05-02 08:14:41 - INFO - Canal Recomendado 7: jammyd0o (https://www.twitch.tv/jammyd0o)
2025-05-02 08:14:45 - INFO - Canal Recomendado 8: ronnie (https://www.twitch.tv/ronnie)
2025-05-02 08:14:55 - INFO - Successfully logged onto Twitch WS: subze2004
2025-05-02 08:30:04 - INFO - Coletado chat do canal lossayyy por 911 segundos
2025-05-02 08:30:04 - INFO - Tempo de visualização encerrado, busca 2 de 4 encerrada
2025-05-02 08:30:04 - INFO - Jogo escolhido: overwatch-2
2025-05-02 08:30:47 - INFO - Assistindo 🔴[!DROPS ON]🔴TOP 500 SUPPORTING CLIMB ON ALT WOW! LET'S-A-GO BWOOOOO!
August
English
Juno
DropsEnabled
LIVE
1.4K viewers por 1195 segundos
2025-05-02 08:31:08 - INFO - Canais Recomendados atualmente:
2025-05-02 08:31:08 - INFO - Canal Recomendado 0: oatley (https://www.twitch.tv/oatley)
2025-05-02 08:31:13 - INFO - Canal Recomendado 1: necros (https://www.twitch.tv/necros)
2025-05-02 08:31:17 - INFO - Canal Recomendado 2: botjayttv (https://www.twitch.tv/botjayttv)
2025-05-02 08:31:22 - INFO - Canal Recomendado 3: flux (https://www.twitch.tv/flux)
2025-05-02 08:31:26 - INFO - Canal Recomendado 4: andr3wow (https://www.twitch.tv/andr3wow)
2025-05-02 08:31:30 - INFO - Canal Recomendado 5: mrlust (https://www.twitch.tv/mrlust)
2025-05-02 08:31:35 - INFO - Canal Recomendado 6: emongg (https://www.twitch.tv/emongg)
2025-05-02 08:31:39 - INFO - Canal Recomendado 7: pcprincesss (https://www.twitch.tv/pcprincesss)
2025-05-02 08:31:44 - INFO - Canal Recomendado 8: somnus (https://www.twitch.tv/somnus)
2025-05-02 08:31:53 - INFO - Successfully logged onto Twitch WS: subze2004
2025-05-02 08:51:46 - INFO - Coletado chat do canal august por 1195 segundos
2025-05-02 08:51:46 - INFO - Tempo de visualização encerrado, busca 3 de 4 encerrada
2025-05-02 08:51:46 - INFO - Jogo escolhido: counter-strike
2025-05-02 08:52:28 - INFO - Assistindo 🔴 LWD vs. Hype Bringers (bo3 120s DELAY) 🔴 INUI 50.000$ Showdown #AD 🔴 More Information !Tourney 🔴 !INUI !YOUTUBE !TRADEIT
GeT_RiGhT
watchparty
legend
swedish
LIVE
822 viewers por 653 segundos
2025-05-02 08:52:53 - INFO - Canais Recomendados atualmente:
2025-05-02 08:52:53 - INFO - Canal Recomendado 0: oatley (https://www.twitch.tv/oatley)
2025-05-02 08:52:58 - INFO - Canal Recomendado 1: necros (https://www.twitch.tv/necros)
2025-05-02 08:53:02 - INFO - Canal Recomendado 2: august (https://www.twitch.tv/august)
2025-05-02 08:53:06 - INFO - Canal Recomendado 3: flux (https://www.twitch.tv/flux)
2025-05-02 08:53:10 - INFO - Canal Recomendado 4: andr3wow (https://www.twitch.tv/andr3wow)
2025-05-02 08:53:15 - INFO - Canal Recomendado 5: dafran (https://www.twitch.tv/dafran)
2025-05-02 08:53:19 - INFO - Canal Recomendado 6: f0rest (https://www.twitch.tv/f0rest)
2025-05-02 08:53:24 - INFO - Canal Recomendado 7: wabiiisabii (https://www.twitch.tv/wabiiisabii)
2025-05-02 08:53:28 - INFO - Canal Recomendado 8: nbk (https://www.twitch.tv/nbk)
2025-05-02 08:53:37 - INFO - Successfully logged onto Twitch WS: subze2004
2025-05-02 09:04:28 - INFO - Coletado chat do canal get_right por 653 segundos
2025-05-02 09:04:28 - INFO - Tempo de visualização encerrado, busca 4 de 4 encerrada
2025-05-02 09:04:28 - INFO - Treino concluído com sucesso.
2025-05-02 12:00:38 - INFO - ====== WebDriver manager ======
2025-05-02 12:00:38 - INFO - Get LATEST chromedriver version for google-chrome
2025-05-02 12:00:39 - INFO - Get LATEST chromedriver version for google-chrome
2025-05-02 12:00:40 - INFO - Driver [/home/locus/.wdm/drivers/chromedriver/linux64/135.0.7049.114/chromedriver-linux64/chromedriver] found in cache
2025-05-02 12:01:00 - INFO - Erro ao logar no Twitch ou Login já realizado
2025-05-02 12:01:01 - INFO - Iniciando treino...
2025-05-02 12:01:01 - INFO - Realizando 4 buscas nessa sessão
2025-05-02 12:01:01 - INFO - Jogo escolhido: roblox
2025-05-02 12:01:49 - INFO - Assistindo (Roblox 👾) Title:The Trilogy 😱👺🫀📹🐽 (Reading Chat RN) | fisch and dead rails
WockySlushyyy
bloxfruits
rivals
Anime
LIVE
12 viewers por 1013 segundos
2025-05-02 12:02:13 - INFO - Canais Recomendados atualmente:
2025-05-02 12:02:13 - INFO - Canal Recomendado 0: thefreddymc (https://www.twitch.tv/thefreddymc)
2025-05-02 12:02:19 - INFO - Canal Recomendado 1: grimm (https://www.twitch.tv/grimm)
2025-05-02 12:02:24 - INFO - Canal Recomendado 2: ohnepixel (https://www.twitch.tv/ohnepixel)
2025-05-02 12:02:28 - INFO - Canal Recomendado 3: necros (https://www.twitch.tv/necros)
2025-05-02 12:02:32 - INFO - Canal Recomendado 4: andr3wow (https://www.twitch.tv/andr3wow)
2025-05-02 12:02:37 - INFO - Canal Recomendado 5: captain_falcore (https://www.twitch.tv/captain_falcore)
2025-05-02 12:02:44 - INFO - Canal Recomendado 6: qadrienne (https://www.twitch.tv/qadrienne)
2025-05-02 12:02:48 - INFO - Canal Recomendado 7: mushstrim (https://www.twitch.tv/mushstrim)
2025-05-02 12:02:53 - INFO - Canal Recomendado 8: kt0takoyy (https://www.twitch.tv/kt0takoyy)
2025-05-02 12:03:03 - INFO - Successfully logged onto Twitch WS: subze2004
2025-05-02 12:19:54 - INFO - Coletado chat do canal wockyslushyyy por 1013 segundos
2025-05-02 12:19:54 - INFO - Tempo de visualização encerrado, busca 1 de 4 encerrada
2025-05-02 12:19:54 - INFO - Jogo escolhido: overwatch-2
2025-05-02 12:20:39 - INFO - Assistindo !DROPS ON ✿ KIRIKO/JUNO STADIUM BUILDS & COMP GRIND + SANRIO BLINDBOXES!!
cowfee
SupportMain
anime
English
LIVE
204 viewers por 852 segundos
2025-05-02 12:21:02 - INFO - Canais Recomendados atualmente:
2025-05-02 12:21:02 - INFO - Canal Recomendado 0: thefreddymc (https://www.twitch.tv/thefreddymc)
2025-05-02 12:21:08 - INFO - Canal Recomendado 1: grayhairandtattoos_ (https://www.twitch.tv/grayhairandtattoos_)
2025-05-02 12:21:13 - INFO - Canal Recomendado 2: grimm (https://www.twitch.tv/grimm)
2025-05-02 12:21:18 - INFO - Canal Recomendado 3: ohnepixel (https://www.twitch.tv/ohnepixel)
2025-05-02 12:21:23 - INFO - Canal Recomendado 4: necros (https://www.twitch.tv/necros)
2025-05-02 12:21:28 - INFO - Canal Recomendado 5: andr3wow (https://www.twitch.tv/andr3wow)
2025-05-02 12:21:33 - INFO - Canal Recomendado 6: emongg (https://www.twitch.tv/emongg)
2025-05-02 12:21:38 - INFO - Canal Recomendado 7: somnus (https://www.twitch.tv/somnus)
2025-05-02 12:21:43 - INFO - Canal Recomendado 8: sunshinebread (https://www.twitch.tv/sunshinebread)
2025-05-02 12:21:53 - INFO - Successfully logged onto Twitch WS: subze2004
2025-05-02 12:36:03 - INFO - Coletado chat do canal cowfee por 852 segundos
2025-05-02 12:36:03 - INFO - Tempo de visualização encerrado, busca 2 de 4 encerrada
2025-05-02 12:36:03 - INFO - Jogo escolhido: grand-theft-auto-v
2025-05-02 12:36:44 - INFO - Assistindo ｡˚⭒ FRIYAYYYY ⭐ LUCAS MILLER ⭐ LSPD SNR OFFICER ⭐ NOPIXEL WL ⭐ !socials !discord ⭒˚｡
MattEU
English
LIVE
513 viewers por 736 segundos
2025-05-02 12:37:10 - INFO - Canais Recomendados atualmente:
2025-05-02 12:37:10 - INFO - Canal Recomendado 0: thefreddymc (https://www.twitch.tv/thefreddymc)
2025-05-02 12:37:15 - INFO - Canal Recomendado 1: grayhairandtattoos_ (https://www.twitch.tv/grayhairandtattoos_)
2025-05-02 12:37:19 - INFO - Canal Recomendado 2: grimm (https://www.twitch.tv/grimm)
2025-05-02 12:37:23 - INFO - Canal Recomendado 3: ohnepixel (https://www.twitch.tv/ohnepixel)
2025-05-02 12:37:27 - INFO - Canal Recomendado 4: necros (https://www.twitch.tv/necros)
2025-05-02 12:37:32 - INFO - Canal Recomendado 5: andr3wow (https://www.twitch.tv/andr3wow)
2025-05-02 12:37:36 - INFO - Canal Recomendado 6: 52chains (https://www.twitch.tv/52chains)
2025-05-02 12:37:40 - INFO - Canal Recomendado 7: zpapz (https://www.twitch.tv/zpapz)
2025-05-02 12:37:45 - INFO - Canal Recomendado 8: harmless (https://www.twitch.tv/harmless)
2025-05-02 12:37:54 - INFO - Successfully logged onto Twitch WS: subze2004
2025-05-02 12:50:08 - INFO - Coletado chat do canal matteu por 736 segundos
2025-05-02 12:50:08 - INFO - Tempo de visualização encerrado, busca 3 de 4 encerrada
2025-05-02 12:50:08 - INFO - Jogo escolhido: sea-of-thieves
2025-05-02 12:50:50 - INFO - Assistindo Hourglass grind, LETS GO !247 !derby !gs !mobile
Beardageddon
Casual
English
PvE
LIVE
486 viewers por 1001 segundos
2025-05-02 12:51:13 - INFO - Canais Recomendados atualmente:
2025-05-02 12:51:13 - INFO - Canal Recomendado 0: thefreddymc (https://www.twitch.tv/thefreddymc)
2025-05-02 12:51:18 - INFO - Canal Recomendado 1: grayhairandtattoos_ (https://www.twitch.tv/grayhairandtattoos_)
2025-05-02 12:51:22 - INFO - Canal Recomendado 2: grimm (https://www.twitch.tv/grimm)
2025-05-02 12:51:27 - INFO - Canal Recomendado 3: ohnepixel (https://www.twitch.tv/ohnepixel)
2025-05-02 12:51:31 - INFO - Canal Recomendado 4: necros (https://www.twitch.tv/necros)
2025-05-02 12:51:35 - INFO - Canal Recomendado 5: kraandop (https://www.twitch.tv/kraandop)
2025-05-02 12:51:39 - INFO - Canal Recomendado 6: boxyfresh (https://www.twitch.tv/boxyfresh)
2025-05-02 12:51:44 - INFO - Canal Recomendado 7: foxdie (https://www.twitch.tv/foxdie)
2025-05-02 12:51:48 - INFO - Canal Recomendado 8: briittybear (https://www.twitch.tv/briittybear)
2025-05-02 12:51:57 - INFO - Successfully logged onto Twitch WS: subze2004
2025-05-02 13:08:36 - INFO - Coletado chat do canal beardageddon por 1001 segundos
2025-05-02 13:08:36 - INFO - Tempo de visualização encerrado, busca 4 de 4 encerrada
2025-05-02 13:08:36 - INFO - Treino concluído com sucesso.
2025-05-02 16:00:46 - INFO - ====== WebDriver manager ======
2025-05-02 16:00:46 - INFO - Get LATEST chromedriver version for google-chrome
2025-05-02 16:00:47 - INFO - Get LATEST chromedriver version for google-chrome
2025-05-02 16:00:48 - INFO - Driver [/home/locus/.wdm/drivers/chromedriver/linux64/135.0.7049.114/chromedriver-linux64/chromedriver] found in cache
2025-05-02 16:01:00 - INFO - Erro ao logar no Twitch ou Login já realizado
2025-05-02 16:01:01 - INFO - Iniciando treino...
2025-05-02 16:01:01 - INFO - Realizando 4 buscas nessa sessão
2025-05-02 16:01:01 - INFO - Jogo escolhido: grand-theft-auto-v
2025-05-02 16:01:45 - INFO - Assistindo MR K MOSTWANTED CRIMINAL🚨JEWELED DRAGON RETURNS🚨PRODIGYRP🚨
Lord_Kebun
English
LIVE
5.6K viewers por 733 segundos
2025-05-02 16:02:06 - INFO - Canais Recomendados atualmente:
2025-05-02 16:02:06 - INFO - Canal Recomendado 0: thefreddymc (https://www.twitch.tv/thefreddymc)
2025-05-02 16:02:11 - INFO - Canal Recomendado 1: necros (https://www.twitch.tv/necros)
2025-05-02 16:02:15 - INFO - Canal Recomendado 2: bateson87 (https://www.twitch.tv/bateson87)
2025-05-02 16:02:19 - INFO - Canal Recomendado 3: fyr_vl (https://www.twitch.tv/fyr_vl)
2025-05-02 16:02:24 - INFO - Canal Recomendado 4: kashy (https://www.twitch.tv/kashy)
2025-05-02 16:02:28 - INFO - Canal Recomendado 5: la4awale (https://www.twitch.tv/la4awale)
2025-05-02 16:02:32 - INFO - Canal Recomendado 6: shotz (https://www.twitch.tv/shotz)
2025-05-02 16:02:36 - INFO - Canal Recomendado 7: client (https://www.twitch.tv/client)
2025-05-02 16:02:41 - INFO - Canal Recomendado 8: zolo (https://www.twitch.tv/zolo)
2025-05-02 16:02:50 - INFO - Successfully logged onto Twitch WS: subze2004
2025-05-02 16:15:01 - INFO - Coletado chat do canal lord_kebun por 733 segundos
2025-05-02 16:15:01 - INFO - Tempo de visualização encerrado, busca 1 de 4 encerrada
2025-05-02 16:15:01 - INFO - Jogo escolhido: counter-strike
2025-05-02 16:15:44 - INFO - Assistindo 🟠$10,000 WORTH OF TRADEUPS! SKINS, PRICE CHECKS 🟠 !discord !youtube !csmoney
FlareyCS
CS2
skins
Chill
cs2skins
LIVE
528 viewers por 970 segundos
2025-05-02 16:16:05 - INFO - Canais Recomendados atualmente:
2025-05-02 16:16:05 - INFO - Canal Recomendado 0: thefreddymc (https://www.twitch.tv/thefreddymc)
2025-05-02 16:16:10 - INFO - Canal Recomendado 1: necros (https://www.twitch.tv/necros)
2025-05-02 16:16:14 - INFO - Canal Recomendado 2: sigy (https://www.twitch.tv/sigy)
2025-05-02 16:16:18 - INFO - Canal Recomendado 3: bateson87 (https://www.twitch.tv/bateson87)
2025-05-02 16:16:23 - INFO - Canal Recomendado 4: fyr_vl (https://www.twitch.tv/fyr_vl)
2025-05-02 16:16:27 - INFO - Canal Recomendado 5: la4awale (https://www.twitch.tv/la4awale)
2025-05-02 16:16:32 - INFO - Canal Recomendado 6: furi (https://www.twitch.tv/furi)
2025-05-02 16:16:36 - INFO - Canal Recomendado 7: propernator (https://www.twitch.tv/propernator)
2025-05-02 16:16:40 - INFO - Canal Recomendado 8: skripecs (https://www.twitch.tv/skripecs)
2025-05-02 16:16:49 - INFO - Successfully logged onto Twitch WS: subze2004
2025-05-02 16:32:57 - INFO - Coletado chat do canal flareycs por 970 segundos
2025-05-02 16:32:57 - INFO - Tempo de visualização encerrado, busca 2 de 4 encerrada
2025-05-02 16:32:57 - INFO - Jogo escolhido: valorant
2025-05-02 16:33:41 - INFO - Assistindo CHAMBER IS SO BROKEN // !ns !youtube !iqunix
FYR_VL
radiant
riotgames
LIVE
166 viewers por 1067 segundos
2025-05-02 16:34:03 - INFO - Canais Recomendados atualmente:
2025-05-02 16:34:03 - INFO - Canal Recomendado 0: thefreddymc (https://www.twitch.tv/thefreddymc)
2025-05-02 16:34:08 - INFO - Canal Recomendado 1: necros (https://www.twitch.tv/necros)
2025-05-02 16:34:12 - INFO - Canal Recomendado 2: fyr_vl (https://www.twitch.tv/fyr_vl)
2025-05-02 16:34:16 - INFO - Canal Recomendado 3: bateson87 (https://www.twitch.tv/bateson87)
2025-05-02 16:34:21 - INFO - Canal Recomendado 4: sigy (https://www.twitch.tv/sigy)
2025-05-02 16:34:25 - INFO - Canal Recomendado 5: la4awale (https://www.twitch.tv/la4awale)
2025-05-02 16:34:29 - INFO - Canal Recomendado 6: demon1 (https://www.twitch.tv/demon1)
2025-05-02 16:34:35 - INFO - Canal Recomendado 7: janhoival (https://www.twitch.tv/janhoival)
2025-05-02 16:34:39 - INFO - Canal Recomendado 8: voodoo_248 (https://www.twitch.tv/voodoo_248)
2025-05-02 16:34:48 - INFO - Successfully logged onto Twitch WS: subze2004
2025-05-02 16:52:33 - INFO - Coletado chat do canal fyr_vl por 1067 segundos
2025-05-02 16:52:33 - INFO - Tempo de visualização encerrado, busca 3 de 4 encerrada
2025-05-02 16:52:33 - INFO - Jogo escolhido: minecraft
2025-05-02 16:53:17 - INFO - Assistindo 9 DAYS TILL 6 Year Hardcore World! 1.21.5 • !newvid !project !s4 !merch !pack
Philza
Hardcore
English
chill
LIVE
2K viewers por 739 segundos
2025-05-02 16:53:42 - INFO - Canais Recomendados atualmente:
2025-05-02 16:53:42 - INFO - Canal Recomendado 0: thefreddymc (https://www.twitch.tv/thefreddymc)
2025-05-02 16:53:46 - INFO - Canal Recomendado 1: necros (https://www.twitch.tv/necros)
2025-05-02 16:53:50 - INFO - Canal Recomendado 2: bateson87 (https://www.twitch.tv/bateson87)
2025-05-02 16:53:55 - INFO - Canal Recomendado 3: la4awale (https://www.twitch.tv/la4awale)
2025-05-02 16:53:59 - INFO - Canal Recomendado 4: sigy (https://www.twitch.tv/sigy)
2025-05-02 16:54:03 - INFO - Canal Recomendado 5: kashy (https://www.twitch.tv/kashy)
2025-05-02 16:54:08 - INFO - Canal Recomendado 6: roscumber (https://www.twitch.tv/roscumber)
2025-05-02 16:54:12 - INFO - Canal Recomendado 7: foolish (https://www.twitch.tv/foolish)
2025-05-02 16:54:16 - INFO - Canal Recomendado 8: tubbo (https://www.twitch.tv/tubbo)
2025-05-02 16:54:26 - INFO - Successfully logged onto Twitch WS: subze2004
2025-05-02 17:06:43 - INFO - Coletado chat do canal philza por 739 segundos
2025-05-02 17:06:43 - INFO - Tempo de visualização encerrado, busca 4 de 4 encerrada
2025-05-02 17:06:43 - INFO - Treino concluído com sucesso.
2025-05-02 20:00:53 - INFO - ====== WebDriver manager ======
2025-05-02 20:00:53 - INFO - Get LATEST chromedriver version for google-chrome
2025-05-02 20:00:54 - INFO - Get LATEST chromedriver version for google-chrome
2025-05-02 20:00:54 - INFO - Driver [/home/locus/.wdm/drivers/chromedriver/linux64/135.0.7049.114/chromedriver-linux64/chromedriver] found in cache
2025-05-02 20:01:07 - INFO - Erro ao logar no Twitch ou Login já realizado
2025-05-02 20:01:08 - INFO - Iniciando treino...
2025-05-02 20:01:08 - INFO - Realizando 5 buscas nessa sessão
2025-05-02 20:01:08 - INFO - Jogo escolhido: ea-sports-fc-25
2025-05-02 20:01:53 - INFO - Assistindo 🔵CUNHA TOTS CHAMPS🔵THAT MATCH WAS A LOAD OF S**T🔵 GOOD VIBES🎉
BPMnerd
BPM
EAFC
ENGLAND
LIVE
21 viewers por 1124 segundos
2025-05-02 20:02:15 - INFO - Canais Recomendados atualmente:
2025-05-02 20:02:15 - INFO - Canal Recomendado 0: drdonutttttt (https://www.twitch.tv/drdonutttttt)
2025-05-02 20:02:20 - INFO - Canal Recomendado 1: grayhairandtattoos_ (https://www.twitch.tv/grayhairandtattoos_)
2025-05-02 20:02:24 - INFO - Canal Recomendado 2: keeoh (https://www.twitch.tv/keeoh)
2025-05-02 20:02:28 - INFO - Canal Recomendado 3: vadriss (https://www.twitch.tv/vadriss)
2025-05-02 20:02:33 - INFO - Canal Recomendado 4: bateson87 (https://www.twitch.tv/bateson87)
2025-05-02 20:02:37 - INFO - Canal Recomendado 5: p4perback (https://www.twitch.tv/p4perback)
2025-05-02 20:02:41 - INFO - Canal Recomendado 6: plute93 (https://www.twitch.tv/plute93)
2025-05-02 20:02:46 - INFO - Canal Recomendado 7: xarchie7 (https://www.twitch.tv/xarchie7)
2025-05-02 20:02:51 - INFO - Canal Recomendado 8: shawrey_ (https://www.twitch.tv/shawrey_)
2025-05-02 20:03:00 - INFO - Successfully logged onto Twitch WS: subze2004
2025-05-02 20:21:42 - INFO - Coletado chat do canal bpmnerd por 1124 segundos
2025-05-02 20:21:42 - INFO - Tempo de visualização encerrado, busca 1 de 5 encerrada
2025-05-02 20:21:42 - INFO - Jogo escolhido: counter-strike
2025-05-02 20:22:22 - INFO - Assistindo HIGHLIGHTS: Vitality vs Falcons - IEM Melbourne 2025
ESLCS
English
LIVE
530 viewers por 652 segundos
2025-05-02 20:22:47 - INFO - Canais Recomendados atualmente:
2025-05-02 20:22:47 - INFO - Canal Recomendado 0: drdonutttttt (https://www.twitch.tv/drdonutttttt)
2025-05-02 20:22:52 - INFO - Canal Recomendado 1: grayhairandtattoos_ (https://www.twitch.tv/grayhairandtattoos_)
2025-05-02 20:22:56 - INFO - Canal Recomendado 2: keeoh (https://www.twitch.tv/keeoh)
2025-05-02 20:23:00 - INFO - Canal Recomendado 3: vadriss (https://www.twitch.tv/vadriss)
2025-05-02 20:23:05 - INFO - Canal Recomendado 4: mbytes37 (https://www.twitch.tv/mbytes37)
2025-05-02 20:23:09 - INFO - Canal Recomendado 5: bateson87 (https://www.twitch.tv/bateson87)
2025-05-02 20:23:13 - INFO - Canal Recomendado 6: trottah (https://www.twitch.tv/trottah)
2025-05-02 20:23:18 - INFO - Canal Recomendado 7: flusha (https://www.twitch.tv/flusha)
2025-05-02 20:23:22 - INFO - Canal Recomendado 8: tarik (https://www.twitch.tv/tarik)
2025-05-02 20:23:31 - INFO - Successfully logged onto Twitch WS: subze2004
2025-05-02 20:34:21 - INFO - Coletado chat do canal eslcs por 652 segundos
2025-05-02 20:34:21 - INFO - Tempo de visualização encerrado, busca 2 de 5 encerrada
2025-05-02 20:34:21 - INFO - Jogo escolhido: fortnite
2025-05-02 20:35:01 - INFO - Assistindo (DROPS ON) NEW FORTNITE SEASON | Code NickEh30 #EpicPartner
NickEh30
Positivity
FamilyFriendly
LIVE
4K viewers por 981 segundos
2025-05-02 20:35:24 - INFO - Canais Recomendados atualmente:
2025-05-02 20:35:24 - INFO - Canal Recomendado 0: drdonutttttt (https://www.twitch.tv/drdonutttttt)
2025-05-02 20:35:30 - INFO - Canal Recomendado 1: grayhairandtattoos_ (https://www.twitch.tv/grayhairandtattoos_)
2025-05-02 20:35:34 - INFO - Canal Recomendado 2: keeoh (https://www.twitch.tv/keeoh)
2025-05-02 20:35:39 - INFO - Canal Recomendado 3: vadriss (https://www.twitch.tv/vadriss)
2025-05-02 20:35:43 - INFO - Canal Recomendado 4: mbytes37 (https://www.twitch.tv/mbytes37)
2025-05-02 20:35:48 - INFO - Canal Recomendado 5: bateson87 (https://www.twitch.tv/bateson87)
2025-05-02 20:35:53 - INFO - Canal Recomendado 6: nickeh30_vods (https://www.twitch.tv/nickeh30_vods)
2025-05-02 20:35:58 - INFO - Canal Recomendado 7: bushcampdad (https://www.twitch.tv/bushcampdad)
2025-05-02 20:36:02 - INFO - Canal Recomendado 8: sypherpkvods (https://www.twitch.tv/sypherpkvods)
2025-05-02 20:36:12 - INFO - Successfully logged onto Twitch WS: subze2004
2025-05-02 20:52:31 - INFO - Coletado chat do canal nickeh30 por 981 segundos
2025-05-02 20:52:31 - INFO - Tempo de visualização encerrado, busca 3 de 5 encerrada
2025-05-02 20:52:31 - INFO - Jogo escolhido: overwatch-2
2025-05-02 20:53:14 - INFO - Assistindo [!DROPS] PRO STADIUM SUPPORT. WOOO!!! -> !pobox stream in 12 DAYS !gsupps
Aspen
English
DropsEnabled
LIVE
3.4K viewers por 607 segundos
2025-05-02 20:53:36 - INFO - Canais Recomendados atualmente:
2025-05-02 20:53:36 - INFO - Canal Recomendado 0: drdonutttttt (https://www.twitch.tv/drdonutttttt)
2025-05-02 20:53:41 - INFO - Canal Recomendado 1: grayhairandtattoos_ (https://www.twitch.tv/grayhairandtattoos_)
2025-05-02 20:53:45 - INFO - Canal Recomendado 2: keeoh (https://www.twitch.tv/keeoh)
2025-05-02 20:53:49 - INFO - Canal Recomendado 3: vadriss (https://www.twitch.tv/vadriss)
2025-05-02 20:53:53 - INFO - Canal Recomendado 4: mbytes37 (https://www.twitch.tv/mbytes37)
2025-05-02 20:53:57 - INFO - Canal Recomendado 5: bateson87 (https://www.twitch.tv/bateson87)
2025-05-02 20:54:02 - INFO - Canal Recomendado 6: skiesti (https://www.twitch.tv/skiesti)
2025-05-02 20:54:06 - INFO - Canal Recomendado 7: sooshi (https://www.twitch.tv/sooshi)
2025-05-02 20:54:10 - INFO - Canal Recomendado 8: apply (https://www.twitch.tv/apply)
2025-05-02 20:54:19 - INFO - Successfully logged onto Twitch WS: subze2004
2025-05-02 21:04:24 - INFO - Coletado chat do canal aspen por 607 segundos
2025-05-02 21:04:24 - INFO - Tempo de visualização encerrado, busca 4 de 5 encerrada
2025-05-02 21:04:24 - INFO - Jogo escolhido: sea-of-thieves
2025-05-02 21:05:07 - INFO - Assistindo 🟣PARTNER PUSH!-SUBATHON DAY 11!🟣 DOIN BOAT STUFF! !Controller !TTS !Merch !Discord
PushinWood
English
COMPETITIVE
LIVE
86 viewers por 707 segundos
2025-05-02 21:05:29 - INFO - Canais Recomendados atualmente:
2025-05-02 21:05:29 - INFO - Canal Recomendado 0: drdonutttttt (https://www.twitch.tv/drdonutttttt)
2025-05-02 21:05:33 - INFO - Canal Recomendado 1: grayhairandtattoos_ (https://www.twitch.tv/grayhairandtattoos_)
2025-05-02 21:05:38 - INFO - Canal Recomendado 2: keeoh (https://www.twitch.tv/keeoh)
2025-05-02 21:05:42 - INFO - Canal Recomendado 3: vadriss (https://www.twitch.tv/vadriss)
2025-05-02 21:05:46 - INFO - Canal Recomendado 4: mbytes37 (https://www.twitch.tv/mbytes37)
2025-05-02 21:05:51 - INFO - Canal Recomendado 5: bateson87 (https://www.twitch.tv/bateson87)
2025-05-02 21:05:55 - INFO - Canal Recomendado 6: osciboy003 (https://www.twitch.tv/osciboy003)
2025-05-02 21:06:00 - INFO - Canal Recomendado 7: pufferson (https://www.twitch.tv/pufferson)
2025-05-02 21:06:04 - INFO - Canal Recomendado 8: worldofchap (https://www.twitch.tv/worldofchap)
2025-05-02 21:06:13 - INFO - Successfully logged onto Twitch WS: subze2004
2025-05-02 21:17:58 - INFO - Coletado chat do canal pushinwood por 707 segundos
2025-05-02 21:17:58 - INFO - Tempo de visualização encerrado, busca 5 de 5 encerrada
2025-05-02 21:17:58 - INFO - Treino concluído com sucesso.
2025-05-03 00:00:07 - INFO - ====== WebDriver manager ======
2025-05-03 00:00:08 - INFO - Get LATEST chromedriver version for google-chrome
2025-05-03 00:00:09 - INFO - Get LATEST chromedriver version for google-chrome
2025-05-03 00:00:09 - INFO - Get LATEST chromedriver version for google-chrome
2025-05-03 00:00:10 - INFO - WebDriver version 135.0.7049.114 selected
2025-05-03 00:00:10 - INFO - Modern chrome version https://storage.googleapis.com/chrome-for-testing-public/135.0.7049.114/linux64/chromedriver-linux64.zip
2025-05-03 00:00:10 - INFO - About to download new driver from https://storage.googleapis.com/chrome-for-testing-public/135.0.7049.114/linux64/chromedriver-linux64.zip
2025-05-03 00:00:11 - INFO - Driver downloading response is 200
2025-05-03 00:00:11 - INFO - Get LATEST chromedriver version for google-chrome
2025-05-03 00:00:12 - INFO - Driver has been saved in cache [/home/locus/.wdm/drivers/chromedriver/linux64/135.0.7049.114]
2025-05-03 00:00:25 - INFO - Erro ao logar no Twitch ou Login já realizado
2025-05-03 00:00:26 - INFO - Iniciando treino...
2025-05-03 00:00:26 - INFO - Realizando 4 buscas nessa sessão
2025-05-03 00:00:26 - INFO - Jogo escolhido: grand-theft-auto-v
2025-05-03 00:01:09 - INFO - Assistindo Day 32 of UNCAPPED Birthday SUBATHON | !PNS !merch !subathon !goals #Ad #Sponsorship
vadriss
twitchprideguild
LGBTQPlus
LIVE
829 viewers por 903 segundos
2025-05-03 00:01:34 - INFO - Canais Recomendados atualmente:
2025-05-03 00:01:34 - INFO - Canal Recomendado 0: grayhairandtattoos_ (https://www.twitch.tv/grayhairandtattoos_)
2025-05-03 00:01:38 - INFO - Canal Recomendado 1: vadriss (https://www.twitch.tv/vadriss)
2025-05-03 00:01:43 - INFO - Canal Recomendado 2: drdonutttttt (https://www.twitch.tv/drdonutttttt)
2025-05-03 00:01:47 - INFO - Canal Recomendado 3: nodamagerocket (https://www.twitch.tv/nodamagerocket)
2025-05-03 00:01:51 - INFO - Canal Recomendado 4: gadamou10_ (https://www.twitch.tv/gadamou10_)
2025-05-03 00:01:55 - INFO - Canal Recomendado 5: arguz11 (https://www.twitch.tv/arguz11)
2025-05-03 00:02:00 - INFO - Canal Recomendado 6: qaymichael (https://www.twitch.tv/qaymichael)
2025-05-03 00:02:04 - INFO - Canal Recomendado 7: paypay (https://www.twitch.tv/paypay)
2025-05-03 00:02:08 - INFO - Canal Recomendado 8: itsannavalentine (https://www.twitch.tv/itsannavalentine)
2025-05-03 00:02:17 - INFO - Successfully logged onto Twitch WS: subze2004
2025-05-03 00:17:18 - INFO - Coletado chat do canal vadriss por 903 segundos
2025-05-03 00:17:18 - INFO - Tempo de visualização encerrado, busca 1 de 4 encerrada
2025-05-03 00:17:18 - INFO - Jogo escolhido: counter-strike
2025-05-03 00:17:59 - INFO - Assistindo hitting 5k hours tonight on my favorite video game!!! :p !discord !elo !hours
dkradd
Female
faceit
English
CS2
LIVE
69 viewers por 1181 segundos
2025-05-03 00:18:22 - INFO - Canais Recomendados atualmente:
2025-05-03 00:18:22 - INFO - Canal Recomendado 0: grayhairandtattoos_ (https://www.twitch.tv/grayhairandtattoos_)
2025-05-03 00:18:27 - INFO - Canal Recomendado 1: vadriss (https://www.twitch.tv/vadriss)
2025-05-03 00:18:31 - INFO - Canal Recomendado 2: arguz11 (https://www.twitch.tv/arguz11)
2025-05-03 00:18:36 - INFO - Canal Recomendado 3: gadamou10_ (https://www.twitch.tv/gadamou10_)
2025-05-03 00:18:40 - INFO - Canal Recomendado 4: nodamagerocket (https://www.twitch.tv/nodamagerocket)
2025-05-03 00:18:44 - INFO - Canal Recomendado 5: mrlust (https://www.twitch.tv/mrlust)
2025-05-03 00:18:48 - INFO - Canal Recomendado 6: merabella (https://www.twitch.tv/merabella)
2025-05-03 00:18:53 - INFO - Canal Recomendado 7: hvnlypeach (https://www.twitch.tv/hvnlypeach)
2025-05-03 00:18:57 - INFO - Canal Recomendado 8: 1fruitcupx (https://www.twitch.tv/1fruitcupx)
2025-05-03 00:19:06 - INFO - Successfully logged onto Twitch WS: subze2004
2025-05-03 00:38:45 - INFO - Coletado chat do canal dkradd por 1181 segundos
2025-05-03 00:38:45 - INFO - Tempo de visualização encerrado, busca 2 de 4 encerrada
2025-05-03 00:38:45 - INFO - Jogo escolhido: ea-sports-fc-25
2025-05-03 00:39:29 - INFO - Assistindo (UK) PREM TOTS. Streamer Goes Bankrupt Opening Packs...
Pieface23
fornite
English
eafc
eafc25
LIVE
1.3K viewers por 923 segundos
2025-05-03 00:39:52 - INFO - Canais Recomendados atualmente:
2025-05-03 00:39:52 - INFO - Canal Recomendado 0: mrlust (https://www.twitch.tv/mrlust)
2025-05-03 00:39:57 - INFO - Canal Recomendado 1: grayhairandtattoos_ (https://www.twitch.tv/grayhairandtattoos_)
2025-05-03 00:40:01 - INFO - Canal Recomendado 2: vadriss (https://www.twitch.tv/vadriss)
2025-05-03 00:40:05 - INFO - Canal Recomendado 3: peterbot247official (https://www.twitch.tv/peterbot247official)
2025-05-03 00:40:10 - INFO - Canal Recomendado 4: thehashaq (https://www.twitch.tv/thehashaq)
2025-05-03 00:40:14 - INFO - Canal Recomendado 5: nodamagerocket (https://www.twitch.tv/nodamagerocket)
2025-05-03 00:40:18 - INFO - Canal Recomendado 6: gadamou10_ (https://www.twitch.tv/gadamou10_)
2025-05-03 00:40:23 - INFO - Canal Recomendado 7: zwebackhd (https://www.twitch.tv/zwebackhd)
2025-05-03 00:40:27 - INFO - Canal Recomendado 8: therealpugzilla (https://www.twitch.tv/therealpugzilla)
2025-05-03 00:40:37 - INFO - Successfully logged onto Twitch WS: subze2004
2025-05-03 00:55:58 - INFO - Coletado chat do canal pieface23 por 923 segundos
2025-05-03 00:55:58 - INFO - Tempo de visualização encerrado, busca 3 de 4 encerrada
2025-05-03 00:55:58 - INFO - Jogo escolhido: the-sims-4
2025-05-03 00:56:39 - INFO - Assistindo [18+] CAS 😔💛 mysimself, AWN (KWN) and Aehlani (Kehlani) 💛| 420 cozy vibes| !commands
GoldenFemme
LoreNerd
NoBackseating
LIVE
11 viewers por 965 segundos
2025-05-03 00:57:02 - INFO - Canais Recomendados atualmente:
2025-05-03 00:57:03 - INFO - Canal Recomendado 0: grayhairandtattoos_ (https://www.twitch.tv/grayhairandtattoos_)
2025-05-03 00:57:07 - INFO - Canal Recomendado 1: vadriss (https://www.twitch.tv/vadriss)
2025-05-03 00:57:11 - INFO - Canal Recomendado 2: arguz11 (https://www.twitch.tv/arguz11)
2025-05-03 00:57:15 - INFO - Canal Recomendado 3: gadamou10_ (https://www.twitch.tv/gadamou10_)
2025-05-03 00:57:20 - INFO - Canal Recomendado 4: flotsam (https://www.twitch.tv/flotsam)
2025-05-03 00:57:25 - INFO - Canal Recomendado 5: nodamagerocket (https://www.twitch.tv/nodamagerocket)
2025-05-03 00:57:29 - INFO - Canal Recomendado 6: kim4theday (https://www.twitch.tv/kim4theday)
2025-05-03 00:57:34 - INFO - Canal Recomendado 7: drgluon (https://www.twitch.tv/drgluon)
2025-05-03 00:57:38 - INFO - Canal Recomendado 8: hayleykat (https://www.twitch.tv/hayleykat)
2025-05-03 00:57:47 - INFO - Successfully logged onto Twitch WS: subze2004
2025-05-03 01:13:50 - INFO - Coletado chat do canal goldenfemme por 965 segundos
2025-05-03 01:13:50 - INFO - Tempo de visualização encerrado, busca 4 de 4 encerrada
2025-05-03 01:13:50 - INFO - Treino concluído com sucesso.
2025-05-03 04:00:00 - INFO - ====== WebDriver manager ======
2025-05-03 04:00:01 - INFO - Get LATEST chromedriver version for google-chrome
2025-05-03 04:00:02 - INFO - Get LATEST chromedriver version for google-chrome
2025-05-03 04:00:02 - INFO - Driver [/home/locus/.wdm/drivers/chromedriver/linux64/135.0.7049.114/chromedriver-linux64/chromedriver] found in cache
2025-05-03 04:00:13 - INFO - Erro ao logar no Twitch ou Login já realizado
2025-05-03 04:00:14 - INFO - Iniciando treino...
2025-05-03 04:00:14 - INFO - Realizando 4 buscas nessa sessão
2025-05-03 04:00:14 - INFO - Jogo escolhido: grand-theft-auto-v
2025-05-03 04:00:59 - INFO - Assistindo Day 32 of UNCAPPED Birthday SUBATHON | !PNS !merch !subathon !goals #Ad #Sponsorship
vadriss
English
Gay
femboy
LIVE
798 viewers por 1177 segundos
2025-05-03 04:01:24 - INFO - Canais Recomendados atualmente:
2025-05-03 04:01:24 - INFO - Canal Recomendado 0: oatley (https://www.twitch.tv/oatley)
2025-05-03 04:01:28 - INFO - Canal Recomendado 1: vadriss (https://www.twitch.tv/vadriss)
2025-05-03 04:01:33 - INFO - Canal Recomendado 2: nautilifts (https://www.twitch.tv/nautilifts)
2025-05-03 04:01:37 - INFO - Canal Recomendado 3: mrlust (https://www.twitch.tv/mrlust)
2025-05-03 04:01:41 - INFO - Canal Recomendado 4: caseoh247 (https://www.twitch.tv/caseoh247)
2025-05-03 04:01:46 - INFO - Canal Recomendado 5: flotsam (https://www.twitch.tv/flotsam)
2025-05-03 04:01:50 - INFO - Canal Recomendado 6: torihubbard (https://www.twitch.tv/torihubbard)
2025-05-03 04:01:55 - INFO - Canal Recomendado 7: qaymichael (https://www.twitch.tv/qaymichael)
2025-05-03 04:01:59 - INFO - Canal Recomendado 8: jerclick (https://www.twitch.tv/jerclick)
2025-05-03 04:02:08 - INFO - Successfully logged onto Twitch WS: subze2004
2025-05-03 04:21:43 - INFO - Coletado chat do canal vadriss por 1177 segundos
2025-05-03 04:21:43 - INFO - Tempo de visualização encerrado, busca 1 de 4 encerrada
2025-05-03 04:21:43 - INFO - Jogo escolhido: the-sims-4
2025-05-03 04:22:25 - INFO - Assistindo [18+] CAS 😔💛 mysimself, AWN (KWN) and Aehlani (Kehlani) 💛| 420 cozy vibes| !commands
GoldenFemme
LoreNerd
18plus
English
LIVE
14 viewers por 775 segundos
2025-05-03 04:22:51 - INFO - Canais Recomendados atualmente:
2025-05-03 04:22:51 - INFO - Canal Recomendado 0: oatley (https://www.twitch.tv/oatley)
2025-05-03 04:22:56 - INFO - Canal Recomendado 1: vadriss (https://www.twitch.tv/vadriss)
2025-05-03 04:23:00 - INFO - Canal Recomendado 2: nautilifts (https://www.twitch.tv/nautilifts)
2025-05-03 04:23:04 - INFO - Canal Recomendado 3: mrlust (https://www.twitch.tv/mrlust)
2025-05-03 04:23:09 - INFO - Canal Recomendado 4: caseoh247 (https://www.twitch.tv/caseoh247)
2025-05-03 04:23:13 - INFO - Canal Recomendado 5: nickeh30_vods (https://www.twitch.tv/nickeh30_vods)
2025-05-03 04:23:18 - INFO - Canal Recomendado 6: silverfern__ (https://www.twitch.tv/silverfern__)
2025-05-03 04:23:22 - INFO - Canal Recomendado 7: frozendesire (https://www.twitch.tv/frozendesire)
2025-05-03 04:23:27 - INFO - Canal Recomendado 8: hijinks (https://www.twitch.tv/hijinks)
2025-05-03 04:23:35 - INFO - Successfully logged onto Twitch WS: subze2004
2025-05-03 04:36:29 - INFO - Coletado chat do canal goldenfemme por 775 segundos
2025-05-03 04:36:29 - INFO - Tempo de visualização encerrado, busca 2 de 4 encerrada
2025-05-03 04:36:29 - INFO - Jogo escolhido: roblox
2025-05-03 04:37:09 - INFO - Assistindo 🔥WORLD RECORD. NOT STOPPING TIL BRAND NEW WORLD RECORD. MOST SATISFYING GAMES EVER CREATED🔥
windpress
English
LIVE
89 viewers por 699 segundos
2025-05-03 04:37:32 - INFO - Canais Recomendados atualmente:
2025-05-03 04:37:32 - INFO - Canal Recomendado 0: oatley (https://www.twitch.tv/oatley)
2025-05-03 04:37:37 - INFO - Canal Recomendado 1: vadriss (https://www.twitch.tv/vadriss)
2025-05-03 04:37:41 - INFO - Canal Recomendado 2: nautilifts (https://www.twitch.tv/nautilifts)
2025-05-03 04:37:45 - INFO - Canal Recomendado 3: mrlust (https://www.twitch.tv/mrlust)
2025-05-03 04:37:49 - INFO - Canal Recomendado 4: caseoh247 (https://www.twitch.tv/caseoh247)
2025-05-03 04:37:54 - INFO - Canal Recomendado 5: nickeh30_vods (https://www.twitch.tv/nickeh30_vods)
2025-05-03 04:37:58 - INFO - Canal Recomendado 6: liam (https://www.twitch.tv/liam)
2025-05-03 04:38:02 - INFO - Canal Recomendado 7: sauncho_ (https://www.twitch.tv/sauncho_)
2025-05-03 04:38:07 - INFO - Canal Recomendado 8: shift (https://www.twitch.tv/shift)
2025-05-03 04:38:16 - INFO - Successfully logged onto Twitch WS: subze2004
2025-05-03 04:49:53 - INFO - Coletado chat do canal windpress por 699 segundos
2025-05-03 04:49:53 - INFO - Tempo de visualização encerrado, busca 3 de 4 encerrada
2025-05-03 04:49:53 - INFO - Jogo escolhido: minecraft
2025-05-03 04:50:38 - INFO - Assistindo HARDCORE SLOWRUN W/ VIEWERS JOIN UP // BEDROCK EDITION
Grungiey
English
LIVE
17 viewers por 993 segundos
2025-05-03 04:51:01 - INFO - Canais Recomendados atualmente:
2025-05-03 04:51:01 - INFO - Canal Recomendado 0: oatley (https://www.twitch.tv/oatley)
2025-05-03 04:51:06 - INFO - Canal Recomendado 1: vadriss (https://www.twitch.tv/vadriss)
2025-05-03 04:51:10 - INFO - Canal Recomendado 2: nautilifts (https://www.twitch.tv/nautilifts)
2025-05-03 04:51:15 - INFO - Canal Recomendado 3: mrlust (https://www.twitch.tv/mrlust)
2025-05-03 04:51:19 - INFO - Canal Recomendado 4: caseoh247 (https://www.twitch.tv/caseoh247)
2025-05-03 04:51:23 - INFO - Canal Recomendado 5: nickeh30_vods (https://www.twitch.tv/nickeh30_vods)
2025-05-03 04:51:28 - INFO - Canal Recomendado 6: ajspetmeat (https://www.twitch.tv/ajspetmeat)
2025-05-03 04:51:32 - INFO - Canal Recomendado 7: sauncho_ (https://www.twitch.tv/sauncho_)
2025-05-03 04:51:37 - INFO - Canal Recomendado 8: thekikimon (https://www.twitch.tv/thekikimon)
2025-05-03 04:51:46 - INFO - Successfully logged onto Twitch WS: subze2004
2025-05-03 05:08:17 - INFO - Coletado chat do canal grungiey por 993 segundos
2025-05-03 05:08:17 - INFO - Tempo de visualização encerrado, busca 4 de 4 encerrada
2025-05-03 05:08:17 - INFO - Treino concluído com sucesso.
2025-05-03 08:00:27 - INFO - ====== WebDriver manager ======
2025-05-03 08:00:27 - INFO - Get LATEST chromedriver version for google-chrome
2025-05-03 08:00:28 - INFO - Get LATEST chromedriver version for google-chrome
2025-05-03 08:00:28 - INFO - Driver [/home/locus/.wdm/drivers/chromedriver/linux64/135.0.7049.114/chromedriver-linux64/chromedriver] found in cache
2025-05-03 08:00:39 - INFO - Erro ao logar no Twitch ou Login já realizado
2025-05-03 08:00:41 - INFO - Iniciando treino...
2025-05-03 08:00:41 - INFO - Realizando 3 buscas nessa sessão
2025-05-03 08:00:41 - INFO - Jogo escolhido: minecraft
2025-05-03 08:01:26 - INFO - Assistindo 🟪17,500+ DAYS Hardcore Minecraft🟪!project !tour !socials🟪
gkey
English
LIVE
247 viewers por 977 segundos
2025-05-03 08:01:47 - INFO - Canais Recomendados atualmente:
2025-05-03 08:01:47 - INFO - Canal Recomendado 0: oatley (https://www.twitch.tv/oatley)
2025-05-03 08:01:52 - INFO - Canal Recomendado 1: grimm (https://www.twitch.tv/grimm)
2025-05-03 08:01:56 - INFO - Canal Recomendado 2: bateson87 (https://www.twitch.tv/bateson87)
2025-05-03 08:02:01 - INFO - Canal Recomendado 3: necros (https://www.twitch.tv/necros)
2025-05-03 08:02:05 - INFO - Canal Recomendado 4: mrlust (https://www.twitch.tv/mrlust)
2025-05-03 08:02:09 - INFO - Canal Recomendado 5: dannyaarons (https://www.twitch.tv/dannyaarons)
2025-05-03 08:02:13 - INFO - Canal Recomendado 6: 1stviper (https://www.twitch.tv/1stviper)
2025-05-03 08:02:18 - INFO - Canal Recomendado 7: sizzlesaur (https://www.twitch.tv/sizzlesaur)
2025-05-03 08:02:22 - INFO - Canal Recomendado 8: hoef (https://www.twitch.tv/hoef)
2025-05-03 08:02:31 - INFO - Successfully logged onto Twitch WS: subze2004
2025-05-03 08:18:46 - INFO - Coletado chat do canal gkey por 977 segundos
2025-05-03 08:18:46 - INFO - Tempo de visualização encerrado, busca 1 de 3 encerrada
2025-05-03 08:18:46 - INFO - Jogo escolhido: grand-theft-auto-v
2025-05-03 08:19:28 - INFO - Assistindo EU NATION RISE | #ad #OperaGXAffiliate !OperaGX
jerclick
kpopmusic
kpop
gaymer
LIVE
192 viewers por 745 segundos
2025-05-03 08:19:49 - INFO - Canais Recomendados atualmente:
2025-05-03 08:19:49 - INFO - Canal Recomendado 0: oatley (https://www.twitch.tv/oatley)
2025-05-03 08:19:54 - INFO - Canal Recomendado 1: grimm (https://www.twitch.tv/grimm)
2025-05-03 08:19:58 - INFO - Canal Recomendado 2: flux (https://www.twitch.tv/flux)
2025-05-03 08:20:03 - INFO - Canal Recomendado 3: necros (https://www.twitch.tv/necros)
2025-05-03 08:20:07 - INFO - Canal Recomendado 4: mrlust (https://www.twitch.tv/mrlust)
2025-05-03 08:20:11 - INFO - Canal Recomendado 5: bateson87 (https://www.twitch.tv/bateson87)
2025-05-03 08:20:15 - INFO - Canal Recomendado 6: torihubbard (https://www.twitch.tv/torihubbard)
2025-05-03 08:20:20 - INFO - Canal Recomendado 7: vivicca (https://www.twitch.tv/vivicca)
2025-05-03 08:20:24 - INFO - Canal Recomendado 8: indiyababy (https://www.twitch.tv/indiyababy)
2025-05-03 08:20:34 - INFO - Successfully logged onto Twitch WS: subze2004
2025-05-03 08:32:57 - INFO - Coletado chat do canal jerclick por 745 segundos
2025-05-03 08:32:57 - INFO - Tempo de visualização encerrado, busca 2 de 3 encerrada
2025-05-03 08:32:57 - INFO - Jogo escolhido: valorant
2025-05-03 08:33:35 - INFO - Assistindo 🔴NEW ACT🔴NEW BUNDLE🔴NEW DAY🔴NEW ME🔴BEST SAGE🔴VALORANT RANKED🔴RADIANT HERE I COME🔴I LOVE VALORANT🔴
Grimm
English
LIVE
1.2K viewers por 1154 segundos
2025-05-03 08:33:57 - INFO - Canais Recomendados atualmente:
2025-05-03 08:33:57 - INFO - Canal Recomendado 0: oatley (https://www.twitch.tv/oatley)
2025-05-03 08:34:01 - INFO - Canal Recomendado 1: grimm (https://www.twitch.tv/grimm)
2025-05-03 08:34:06 - INFO - Canal Recomendado 2: flux (https://www.twitch.tv/flux)
2025-05-03 08:34:10 - INFO - Canal Recomendado 3: necros (https://www.twitch.tv/necros)
2025-05-03 08:34:14 - INFO - Canal Recomendado 4: mrlust (https://www.twitch.tv/mrlust)
2025-05-03 08:34:18 - INFO - Canal Recomendado 5: bateson87 (https://www.twitch.tv/bateson87)
2025-05-03 08:34:23 - INFO - Canal Recomendado 6: temet (https://www.twitch.tv/temet)
2025-05-03 08:34:27 - INFO - Canal Recomendado 7: ion2x (https://www.twitch.tv/ion2x)
2025-05-03 08:34:32 - INFO - Canal Recomendado 8: valorant_pacific (https://www.twitch.tv/valorant_pacific)
2025-05-03 08:34:41 - INFO - Successfully logged onto Twitch WS: subze2004
2025-05-03 08:53:53 - INFO - Coletado chat do canal grimm por 1154 segundos
2025-05-03 08:53:53 - INFO - Tempo de visualização encerrado, busca 3 de 3 encerrada
2025-05-03 08:53:53 - INFO - Treino concluído com sucesso.
2025-05-03 12:00:04 - INFO - ====== WebDriver manager ======
2025-05-03 12:00:04 - INFO - Get LATEST chromedriver version for google-chrome
2025-05-03 12:00:05 - INFO - Get LATEST chromedriver version for google-chrome
2025-05-03 12:00:05 - INFO - Driver [/home/locus/.wdm/drivers/chromedriver/linux64/135.0.7049.114/chromedriver-linux64/chromedriver] found in cache
2025-05-03 12:00:16 - INFO - Erro ao logar no Twitch ou Login já realizado
2025-05-03 12:00:18 - INFO - Iniciando treino...
2025-05-03 12:00:18 - INFO - Realizando 4 buscas nessa sessão
2025-05-03 12:00:18 - INFO - Jogo escolhido: league-of-legends
2025-05-03 12:00:59 - INFO - Assistindo 🔴 LOS RATONES SUPPORT 🔴
Rekkles
English
LIVE
2K viewers por 984 segundos
2025-05-03 12:01:21 - INFO - Canais Recomendados atualmente:
2025-05-03 12:01:21 - INFO - Canal Recomendado 0: thefreddymc (https://www.twitch.tv/thefreddymc)
2025-05-03 12:01:26 - INFO - Canal Recomendado 1: fyr_vl (https://www.twitch.tv/fyr_vl)
2025-05-03 12:01:30 - INFO - Canal Recomendado 2: grimm (https://www.twitch.tv/grimm)
2025-05-03 12:01:35 - INFO - Canal Recomendado 3: ohnepixel (https://www.twitch.tv/ohnepixel)
2025-05-03 12:01:39 - INFO - Canal Recomendado 4: necros (https://www.twitch.tv/necros)
2025-05-03 12:01:43 - INFO - Canal Recomendado 5: mrlust (https://www.twitch.tv/mrlust)
2025-05-03 12:01:47 - INFO - Canal Recomendado 6: caedrel (https://www.twitch.tv/caedrel)
2025-05-03 12:01:52 - INFO - Canal Recomendado 7: lol_nemesis (https://www.twitch.tv/lol_nemesis)
2025-05-03 12:01:57 - INFO - Canal Recomendado 8: azzapp (https://www.twitch.tv/azzapp)
2025-05-03 12:02:06 - INFO - Successfully logged onto Twitch WS: subze2004
2025-05-03 12:18:28 - INFO - Coletado chat do canal rekkles por 984 segundos
2025-05-03 12:18:28 - INFO - Tempo de visualização encerrado, busca 1 de 4 encerrada
2025-05-03 12:18:28 - INFO - Jogo escolhido: counter-strike
2025-05-03 12:19:11 - INFO - Assistindo 🔴FALCONS vs MOUZ [SEMI FINAL] BLAST RIVALS🔴
ohnePixel
Esports
English
LIVE
49K viewers por 1020 segundos
2025-05-03 12:19:35 - INFO - Canais Recomendados atualmente:
2025-05-03 12:19:35 - INFO - Canal Recomendado 0: thefreddymc (https://www.twitch.tv/thefreddymc)
2025-05-03 12:19:40 - INFO - Canal Recomendado 1: fyr_vl (https://www.twitch.tv/fyr_vl)
2025-05-03 12:19:45 - INFO - Canal Recomendado 2: grimm (https://www.twitch.tv/grimm)
2025-05-03 12:19:49 - INFO - Canal Recomendado 3: grayhairandtattoos_ (https://www.twitch.tv/grayhairandtattoos_)
2025-05-03 12:19:53 - INFO - Canal Recomendado 4: ohnepixel (https://www.twitch.tv/ohnepixel)
2025-05-03 12:19:57 - INFO - Canal Recomendado 5: necros (https://www.twitch.tv/necros)
2025-05-03 12:20:01 - INFO - Canal Recomendado 6: blastpremier (https://www.twitch.tv/blastpremier)
2025-05-03 12:20:06 - INFO - Canal Recomendado 7: eslcs (https://www.twitch.tv/eslcs)
2025-05-03 12:20:11 - INFO - Canal Recomendado 8: caedrel (https://www.twitch.tv/caedrel)
2025-05-03 12:20:20 - INFO - Successfully logged onto Twitch WS: subze2004
2025-05-03 12:37:18 - INFO - Coletado chat do canal ohnepixel por 1020 segundos
2025-05-03 12:37:18 - INFO - Tempo de visualização encerrado, busca 2 de 4 encerrada
2025-05-03 12:37:18 - INFO - Jogo escolhido: roblox
2025-05-03 12:38:06 - INFO - Assistindo FREE ROBUX ON PLS DONATE! Commands on screen!
Arguz11
playingwithviewers
English
LIVE
47 viewers por 789 segundos
2025-05-03 12:38:30 - INFO - Canais Recomendados atualmente:
2025-05-03 12:38:30 - INFO - Canal Recomendado 0: thefreddymc (https://www.twitch.tv/thefreddymc)
2025-05-03 12:38:35 - INFO - Canal Recomendado 1: fyr_vl (https://www.twitch.tv/fyr_vl)
2025-05-03 12:38:40 - INFO - Canal Recomendado 2: grimm (https://www.twitch.tv/grimm)
2025-05-03 12:38:44 - INFO - Canal Recomendado 3: ohnepixel (https://www.twitch.tv/ohnepixel)
2025-05-03 12:38:49 - INFO - Canal Recomendado 4: grayhairandtattoos_ (https://www.twitch.tv/grayhairandtattoos_)
2025-05-03 12:38:53 - INFO - Canal Recomendado 5: necros (https://www.twitch.tv/necros)
2025-05-03 12:38:58 - INFO - Canal Recomendado 6: osdeelive (https://www.twitch.tv/osdeelive)
2025-05-03 12:39:03 - INFO - Canal Recomendado 7: wockyslushyyy (https://www.twitch.tv/wockyslushyyy)
2025-05-03 12:39:07 - INFO - Canal Recomendado 8: bafarafaontwitch (https://www.twitch.tv/bafarafaontwitch)
2025-05-03 12:39:17 - INFO - Successfully logged onto Twitch WS: subze2004
2025-05-03 12:52:24 - INFO - Coletado chat do canal arguz11 por 789 segundos
2025-05-03 12:52:24 - INFO - Tempo de visualização encerrado, busca 3 de 4 encerrada
2025-05-03 12:52:24 - INFO - Jogo escolhido: minecraft
2025-05-03 12:53:08 - INFO - Assistindo MINECRAFT DAY :D
Alixxa
English
loud
LIVE
273 viewers por 872 segundos
2025-05-03 12:53:29 - INFO - Canais Recomendados atualmente:
2025-05-03 12:53:29 - INFO - Canal Recomendado 0: thefreddymc (https://www.twitch.tv/thefreddymc)
2025-05-03 12:53:34 - INFO - Canal Recomendado 1: fyr_vl (https://www.twitch.tv/fyr_vl)
2025-05-03 12:53:38 - INFO - Canal Recomendado 2: grimm (https://www.twitch.tv/grimm)
2025-05-03 12:53:42 - INFO - Canal Recomendado 3: ohnepixel (https://www.twitch.tv/ohnepixel)
2025-05-03 12:53:47 - INFO - Canal Recomendado 4: grayhairandtattoos_ (https://www.twitch.tv/grayhairandtattoos_)
2025-05-03 12:53:51 - INFO - Canal Recomendado 5: necros (https://www.twitch.tv/necros)
2025-05-03 12:53:55 - INFO - Canal Recomendado 6: sparkles_qt (https://www.twitch.tv/sparkles_qt)
2025-05-03 12:53:59 - INFO - Canal Recomendado 7: girlybella (https://www.twitch.tv/girlybella)
2025-05-03 12:54:04 - INFO - Canal Recomendado 8: swearin (https://www.twitch.tv/swearin)
2025-05-03 12:54:13 - INFO - Successfully logged onto Twitch WS: subze2004
2025-05-03 13:08:43 - INFO - Coletado chat do canal alixxa por 872 segundos
2025-05-03 13:08:43 - INFO - Tempo de visualização encerrado, busca 4 de 4 encerrada
2025-05-03 13:08:43 - INFO - Treino concluído com sucesso.
2025-05-03 16:00:54 - INFO - ====== WebDriver manager ======
2025-05-03 16:00:54 - INFO - Get LATEST chromedriver version for google-chrome
2025-05-03 16:00:55 - INFO - Get LATEST chromedriver version for google-chrome
2025-05-03 16:00:55 - INFO - Driver [/home/locus/.wdm/drivers/chromedriver/linux64/135.0.7049.114/chromedriver-linux64/chromedriver] found in cache
2025-05-03 16:01:17 - INFO - Erro ao logar no Twitch ou Login já realizado
2025-05-03 16:01:18 - INFO - Iniciando treino...
2025-05-03 16:01:18 - INFO - Realizando 4 buscas nessa sessão
2025-05-03 16:01:18 - INFO - Jogo escolhido: counter-strike
2025-05-03 16:02:20 - INFO - Assistindo 🔴30.000 PREMIER RATING GAMEPLAY🔴DIMA CHALLENGE VS 5 VALORANT STREAMERS TOMORROW🔴!discord
Urosin_
140IQ
English
forsen
Dima
LIVE
282 viewers por 948 segundos
2025-05-03 16:02:42 - INFO - Canais Recomendados atualmente:
2025-05-03 16:02:42 - INFO - Canal Recomendado 0: thefreddymc (https://www.twitch.tv/thefreddymc)
2025-05-03 16:02:48 - INFO - Canal Recomendado 1: beaplays (https://www.twitch.tv/beaplays)
2025-05-03 16:02:52 - INFO - Canal Recomendado 2: ohnepixel (https://www.twitch.tv/ohnepixel)
2025-05-03 16:02:57 - INFO - Canal Recomendado 3: easportsfc (https://www.twitch.tv/easportsfc)
2025-05-03 16:03:01 - INFO - Canal Recomendado 4: casson (https://www.twitch.tv/casson)
2025-05-03 16:03:06 - INFO - Canal Recomendado 5: necros (https://www.twitch.tv/necros)
2025-05-03 16:03:11 - INFO - Canal Recomendado 6: propernator (https://www.twitch.tv/propernator)
2025-05-03 16:03:16 - INFO - Canal Recomendado 7: veewooveewoo (https://www.twitch.tv/veewooveewoo)
2025-05-03 16:03:20 - INFO - Canal Recomendado 8: vinniebb (https://www.twitch.tv/vinniebb)
2025-05-03 16:03:31 - INFO - Successfully logged onto Twitch WS: subze2004
2025-05-03 16:19:17 - INFO - Coletado chat do canal urosin_ por 948 segundos
2025-05-03 16:19:17 - INFO - Tempo de visualização encerrado, busca 1 de 4 encerrada
2025-05-03 16:19:17 - INFO - Jogo escolhido: valorant
2025-05-03 16:20:23 - INFO - Assistindo every L = 1 mile !run
Flexinja
English
LIVE
186 viewers por 741 segundos
2025-05-03 16:20:48 - INFO - Canais Recomendados atualmente:
2025-05-03 16:20:48 - INFO - Canal Recomendado 0: thefreddymc (https://www.twitch.tv/thefreddymc)
2025-05-03 16:21:02 - INFO - Canal Recomendado 1: beaplays (https://www.twitch.tv/beaplays)
2025-05-03 16:21:06 - INFO - Canal Recomendado 2: ohnepixel (https://www.twitch.tv/ohnepixel)
2025-05-03 16:21:12 - INFO - Canal Recomendado 3: easportsfc (https://www.twitch.tv/easportsfc)
2025-05-03 16:21:17 - INFO - Canal Recomendado 4: keshaeuw (https://www.twitch.tv/keshaeuw)
2025-05-03 16:21:22 - INFO - Canal Recomendado 5: casson (https://www.twitch.tv/casson)
2025-05-03 16:21:26 - INFO - Canal Recomendado 6: subroza (https://www.twitch.tv/subroza)
2025-05-03 16:21:31 - INFO - Canal Recomendado 7: melanji (https://www.twitch.tv/melanji)
2025-05-03 16:21:36 - INFO - Canal Recomendado 8: poppin (https://www.twitch.tv/poppin)
2025-05-03 16:21:45 - INFO - Successfully logged onto Twitch WS: subze2004
2025-05-03 16:34:05 - INFO - Coletado chat do canal flexinja por 741 segundos
2025-05-03 16:34:05 - INFO - Tempo de visualização encerrado, busca 2 de 4 encerrada
2025-05-03 16:34:05 - INFO - Jogo escolhido: fortnite
2025-05-03 16:34:47 - INFO - Assistindo Official 24/7 NickEh30 Fortnite Stream
NickEh30_VODs
NickEh30
Canadian
LIVE
178 viewers por 771 segundos
2025-05-03 16:35:11 - INFO - Canais Recomendados atualmente:
2025-05-03 16:35:11 - INFO - Canal Recomendado 0: thefreddymc (https://www.twitch.tv/thefreddymc)
2025-05-03 16:35:17 - INFO - Canal Recomendado 1: beaplays (https://www.twitch.tv/beaplays)
2025-05-03 16:35:22 - INFO - Canal Recomendado 2: easportsfc (https://www.twitch.tv/easportsfc)
2025-05-03 16:35:26 - INFO - Canal Recomendado 3: ohnepixel (https://www.twitch.tv/ohnepixel)
2025-05-03 16:35:30 - INFO - Canal Recomendado 4: keshaeuw (https://www.twitch.tv/keshaeuw)
2025-05-03 16:35:35 - INFO - Canal Recomendado 5: p4perback (https://www.twitch.tv/p4perback)
2025-05-03 16:35:39 - INFO - Canal Recomendado 6: sypherpk (https://www.twitch.tv/sypherpk)
2025-05-03 16:35:44 - INFO - Canal Recomendado 7: typicalgamer (https://www.twitch.tv/typicalgamer)
2025-05-03 16:35:49 - INFO - Canal Recomendado 8: bushcampdad (https://www.twitch.tv/bushcampdad)
2025-05-03 16:36:04 - INFO - Successfully logged onto Twitch WS: subze2004
2025-05-03 16:48:48 - INFO - Coletado chat do canal nickeh30_vods por 771 segundos
2025-05-03 16:48:48 - INFO - Tempo de visualização encerrado, busca 3 de 4 encerrada
2025-05-03 16:48:48 - INFO - Jogo escolhido: the-sims-4
2025-05-03 16:49:51 - INFO - Assistindo building a house with the NEW KITS! 🍪🛠️ [#EAPartner | !OperaGX !eacode !merch !reshade]
simmarysims
cozy
cosy
europe
building
LIVE
117 viewers por 839 segundos
2025-05-03 16:50:13 - INFO - Canais Recomendados atualmente:
2025-05-03 16:50:13 - INFO - Canal Recomendado 0: thefreddymc (https://www.twitch.tv/thefreddymc)
2025-05-03 16:50:19 - INFO - Canal Recomendado 1: beaplays (https://www.twitch.tv/beaplays)
2025-05-03 16:50:24 - INFO - Canal Recomendado 2: easportsfc (https://www.twitch.tv/easportsfc)
2025-05-03 16:50:28 - INFO - Canal Recomendado 3: ohnepixel (https://www.twitch.tv/ohnepixel)
2025-05-03 16:50:35 - INFO - Canal Recomendado 4: keshaeuw (https://www.twitch.tv/keshaeuw)
2025-05-03 16:50:39 - INFO - Canal Recomendado 5: p4perback (https://www.twitch.tv/p4perback)
2025-05-03 16:50:44 - INFO - Canal Recomendado 6: lilsimsie (https://www.twitch.tv/lilsimsie)
2025-05-03 16:50:48 - INFO - Canal Recomendado 7: cattsical (https://www.twitch.tv/cattsical)
2025-05-03 16:50:53 - INFO - Canal Recomendado 8: snaccdaddysims (https://www.twitch.tv/snaccdaddysims)
2025-05-03 16:51:02 - INFO - Successfully logged onto Twitch WS: subze2004
2025-05-03 17:04:59 - INFO - Coletado chat do canal simmarysims por 839 segundos
2025-05-03 17:04:59 - INFO - Tempo de visualização encerrado, busca 4 de 4 encerrada
2025-05-03 17:04:59 - INFO - Treino concluído com sucesso.
2025-05-03 20:00:09 - INFO - ====== WebDriver manager ======
2025-05-03 20:00:09 - INFO - Get LATEST chromedriver version for google-chrome
2025-05-03 20:00:10 - INFO - Get LATEST chromedriver version for google-chrome
2025-05-03 20:00:11 - INFO - Driver [/home/locus/.wdm/drivers/chromedriver/linux64/135.0.7049.114/chromedriver-linux64/chromedriver] found in cache
2025-05-03 20:00:23 - INFO - Erro ao logar no Twitch ou Login já realizado
2025-05-03 20:00:24 - INFO - Iniciando treino...
2025-05-03 20:00:24 - INFO - Realizando 5 buscas nessa sessão
2025-05-03 20:00:24 - INFO - Jogo escolhido: sea-of-thieves
2025-05-03 20:01:11 - INFO - Assistindo (!giveaway) Fishing for Pirates 🏴‍☠️ Sloop PVP | (!discord) (!youtube) (!tts)
WorldofChap
NightmareModeChampion
LIVE
237 viewers por 1151 segundos
2025-05-03 20:01:33 - INFO - Canais Recomendados atualmente:
2025-05-03 20:01:33 - INFO - Canal Recomendado 0: drdonutttttt (https://www.twitch.tv/drdonutttttt)
2025-05-03 20:01:39 - INFO - Canal Recomendado 1: vadriss (https://www.twitch.tv/vadriss)
2025-05-03 20:01:44 - INFO - Canal Recomendado 2: aspen (https://www.twitch.tv/aspen)
2025-05-03 20:01:49 - INFO - Canal Recomendado 3: warn (https://www.twitch.tv/warn)
2025-05-03 20:01:53 - INFO - Canal Recomendado 4: arguz11 (https://www.twitch.tv/arguz11)
2025-05-03 20:01:58 - INFO - Canal Recomendado 5: devin_caherly (https://www.twitch.tv/devin_caherly)
2025-05-03 20:02:04 - INFO - Canal Recomendado 6: idbz (https://www.twitch.tv/idbz)
2025-05-03 20:02:09 - INFO - Canal Recomendado 7: i_am_scorer (https://www.twitch.tv/i_am_scorer)
2025-05-03 20:02:13 - INFO - Canal Recomendado 8: fattallguy (https://www.twitch.tv/fattallguy)
2025-05-03 20:02:25 - INFO - Successfully logged onto Twitch WS: subze2004
2025-05-03 20:21:33 - INFO - Coletado chat do canal worldofchap por 1151 segundos
2025-05-03 20:21:33 - INFO - Tempo de visualização encerrado, busca 1 de 5 encerrada
2025-05-03 20:21:33 - INFO - Jogo escolhido: roblox
2025-05-03 20:22:27 - INFO - Assistindo 🟪ROBLOX!🟪[121/365]🟪
frowsedd
English
LIVE
11 viewers por 652 segundos
2025-05-03 20:22:52 - INFO - Canais Recomendados atualmente:
2025-05-03 20:22:52 - INFO - Canal Recomendado 0: drdonutttttt (https://www.twitch.tv/drdonutttttt)
2025-05-03 20:22:57 - INFO - Canal Recomendado 1: vadriss (https://www.twitch.tv/vadriss)
2025-05-03 20:23:10 - INFO - Canal Recomendado 2: grayhairandtattoos_ (https://www.twitch.tv/grayhairandtattoos_)
2025-05-03 20:23:15 - INFO - Canal Recomendado 3: robthemaster1 (https://www.twitch.tv/robthemaster1)
2025-05-03 20:23:20 - INFO - Canal Recomendado 4: aspen (https://www.twitch.tv/aspen)
2025-05-03 20:23:24 - INFO - Canal Recomendado 5: warn (https://www.twitch.tv/warn)
2025-05-03 20:23:32 - INFO - Canal Recomendado 6: slayonkeys (https://www.twitch.tv/slayonkeys)
2025-05-03 20:23:37 - INFO - Canal Recomendado 7: kevinmeelo (https://www.twitch.tv/kevinmeelo)
2025-05-03 20:23:45 - INFO - Canal Recomendado 8: wyydogg_ (https://www.twitch.tv/wyydogg_)
2025-05-03 20:24:09 - INFO - Successfully logged onto Twitch WS: subze2004
2025-05-03 20:34:58 - INFO - Coletado chat do canal frowsedd por 652 segundos
2025-05-03 20:34:58 - INFO - Tempo de visualização encerrado, busca 2 de 5 encerrada
2025-05-03 20:34:58 - INFO - Jogo escolhido: ea-sports-fc-25
2025-05-03 20:36:06 - INFO - Assistindo 🏆⚽MASSIVE EPL TOTS PACK OPENING | ONE LAST INFINTY STONE (VVD) | CHAMPS QAUALIFY🏆⚽
Devin_Caherly
BROTHERS
ADHD
FUNNY
LIVE
1.2K viewers por 693 segundos
2025-05-03 20:36:31 - INFO - Canais Recomendados atualmente:
2025-05-03 20:36:31 - INFO - Canal Recomendado 0: drdonutttttt (https://www.twitch.tv/drdonutttttt)
2025-05-03 20:36:49 - INFO - Canal Recomendado 1: vadriss (https://www.twitch.tv/vadriss)
2025-05-03 20:36:53 - INFO - Canal Recomendado 2: grayhairandtattoos_ (https://www.twitch.tv/grayhairandtattoos_)
2025-05-03 20:36:58 - INFO - Canal Recomendado 3: arguz11 (https://www.twitch.tv/arguz11)
2025-05-03 20:37:03 - INFO - Canal Recomendado 4: robthemaster1 (https://www.twitch.tv/robthemaster1)
2025-05-03 20:37:08 - INFO - Canal Recomendado 5: aspen (https://www.twitch.tv/aspen)
2025-05-03 20:37:14 - INFO - Canal Recomendado 6: la4awale (https://www.twitch.tv/la4awale)
2025-05-03 20:37:18 - INFO - Canal Recomendado 7: mbytes37 (https://www.twitch.tv/mbytes37)
2025-05-03 20:37:26 - INFO - Canal Recomendado 8: e0j2_ (https://www.twitch.tv/e0j2_)
2025-05-03 20:37:37 - INFO - Successfully logged onto Twitch WS: subze2004
2025-05-03 20:49:08 - INFO - Coletado chat do canal devin_caherly por 693 segundos
2025-05-03 20:49:08 - INFO - Tempo de visualização encerrado, busca 3 de 5 encerrada
2025-05-03 20:49:08 - INFO - Jogo escolhido: league-of-legends
2025-05-03 20:50:10 - INFO - Assistindo GM -> CHALLENGER JUNGLE CLIMB CONTINUES - 9 DAYS UNTIL ADC ARC BEGINS
Dantes
English
LIVE
1.1K viewers por 870 segundos
2025-05-03 20:50:36 - INFO - Canais Recomendados atualmente:
2025-05-03 20:50:36 - INFO - Canal Recomendado 0: drdonutttttt (https://www.twitch.tv/drdonutttttt)
2025-05-03 20:50:42 - INFO - Canal Recomendado 1: vadriss (https://www.twitch.tv/vadriss)
2025-05-03 20:50:47 - INFO - Canal Recomendado 2: grayhairandtattoos_ (https://www.twitch.tv/grayhairandtattoos_)
2025-05-03 20:50:52 - INFO - Canal Recomendado 3: devin_caherly (https://www.twitch.tv/devin_caherly)
2025-05-03 20:50:56 - INFO - Canal Recomendado 4: arguz11 (https://www.twitch.tv/arguz11)
2025-05-03 20:51:27 - INFO - Canal Recomendado 5: aspen (https://www.twitch.tv/aspen)
2025-05-03 20:51:46 - INFO - Canal Recomendado 6: drututt (https://www.twitch.tv/drututt)
2025-05-03 20:51:50 - INFO - Canal Recomendado 7: komari (https://www.twitch.tv/komari)
2025-05-03 20:51:54 - INFO - Canal Recomendado 8: spear_shot (https://www.twitch.tv/spear_shot)
2025-05-03 20:52:05 - INFO - Successfully logged onto Twitch WS: subze2004
2025-05-03 21:06:33 - INFO - Coletado chat do canal dantes por 870 segundos
2025-05-03 21:06:33 - INFO - Tempo de visualização encerrado, busca 4 de 5 encerrada
2025-05-03 21:06:33 - INFO - Jogo escolhido: minecraft
2025-05-03 21:07:25 - INFO - Assistindo Untitled Broadcast
DrDonutttttt
server
English
DonutSMP
LIVE
669 viewers por 1165 segundos
2025-05-03 21:07:49 - INFO - Canais Recomendados atualmente:
2025-05-03 21:07:49 - INFO - Canal Recomendado 0: drdonutttttt (https://www.twitch.tv/drdonutttttt)
2025-05-03 21:07:55 - INFO - Canal Recomendado 1: vadriss (https://www.twitch.tv/vadriss)
2025-05-03 21:08:00 - INFO - Canal Recomendado 2: grayhairandtattoos_ (https://www.twitch.tv/grayhairandtattoos_)
2025-05-03 21:08:06 - INFO - Canal Recomendado 3: devin_caherly (https://www.twitch.tv/devin_caherly)
2025-05-03 21:08:10 - INFO - Canal Recomendado 4: arguz11 (https://www.twitch.tv/arguz11)
2025-05-03 21:08:16 - INFO - Canal Recomendado 5: robthemaster1 (https://www.twitch.tv/robthemaster1)
2025-05-03 21:08:21 - INFO - Canal Recomendado 6: vampyro111 (https://www.twitch.tv/vampyro111)
2025-05-03 21:08:25 - INFO - Canal Recomendado 7: sumoggs (https://www.twitch.tv/sumoggs)
2025-05-03 21:08:30 - INFO - Canal Recomendado 8: ajspetmeat (https://www.twitch.tv/ajspetmeat)
2025-05-03 21:08:41 - INFO - Successfully logged onto Twitch WS: subze2004
2025-05-03 21:28:03 - INFO - Coletado chat do canal drdonutttttt por 1165 segundos
2025-05-03 21:28:03 - INFO - Tempo de visualização encerrado, busca 5 de 5 encerrada
2025-05-03 21:28:03 - INFO - Treino concluído com sucesso.
2025-05-04 00:00:11 - INFO - ====== WebDriver manager ======
2025-05-04 00:00:12 - INFO - Get LATEST chromedriver version for google-chrome
2025-05-04 00:00:12 - INFO - Get LATEST chromedriver version for google-chrome
2025-05-04 00:00:13 - INFO - Get LATEST chromedriver version for google-chrome
2025-05-04 00:00:14 - INFO - WebDriver version 135.0.7049.114 selected
2025-05-04 00:00:14 - INFO - Modern chrome version https://storage.googleapis.com/chrome-for-testing-public/135.0.7049.114/linux64/chromedriver-linux64.zip
2025-05-04 00:00:14 - INFO - About to download new driver from https://storage.googleapis.com/chrome-for-testing-public/135.0.7049.114/linux64/chromedriver-linux64.zip
2025-05-04 00:00:14 - INFO - Driver downloading response is 200
2025-05-04 00:00:15 - INFO - Get LATEST chromedriver version for google-chrome
2025-05-04 00:00:16 - INFO - Driver has been saved in cache [/home/locus/.wdm/drivers/chromedriver/linux64/135.0.7049.114]
2025-05-04 00:00:27 - INFO - Erro ao logar no Twitch ou Login já realizado
2025-05-04 00:00:28 - INFO - Iniciando treino...
2025-05-04 00:00:28 - INFO - Realizando 5 buscas nessa sessão
2025-05-04 00:00:28 - INFO - Jogo escolhido: sea-of-thieves
2025-05-04 00:01:08 - INFO - Assistindo Use the Down Arrow Key for more guest info
THE FISHING BOOTH w/ @kittenspreee || !discord !throne !socials !yeschef
dassin__
 with KittenSpreee 
uwu
facecam
LIVE
25 viewers por 607 segundos
2025-05-04 00:01:33 - INFO - Canais Recomendados atualmente:
2025-05-04 00:01:33 - INFO - Canal Recomendado 0: vadriss (https://www.twitch.tv/vadriss)
2025-05-04 00:01:45 - INFO - Canal Recomendado 1: warn (https://www.twitch.tv/warn)
2025-05-04 00:01:49 - INFO - Canal Recomendado 2: grayhairandtattoos_ (https://www.twitch.tv/grayhairandtattoos_)
2025-05-04 00:01:54 - INFO - Canal Recomendado 3: vinnie (https://www.twitch.tv/vinnie)
2025-05-04 00:01:58 - INFO - Canal Recomendado 4: aspen (https://www.twitch.tv/aspen)
2025-05-04 00:02:03 - INFO - Canal Recomendado 5: arguz11 (https://www.twitch.tv/arguz11)
2025-05-04 00:02:08 - INFO - Canal Recomendado 6: osciboy003 (https://www.twitch.tv/osciboy003)
2025-05-04 00:02:12 - INFO - Canal Recomendado 7: sandromeda (https://www.twitch.tv/sandromeda)
2025-05-04 00:02:18 - INFO - Canal Recomendado 8: star1ordt (https://www.twitch.tv/star1ordt)
2025-05-04 00:02:28 - INFO - Successfully logged onto Twitch WS: subze2004
2025-05-04 00:12:33 - INFO - Coletado chat do canal dassin__ por 607 segundos
2025-05-04 00:12:33 - INFO - Tempo de visualização encerrado, busca 1 de 5 encerrada
2025-05-04 00:12:33 - INFO - Jogo escolhido: marvel-rivals
2025-05-04 00:13:31 - INFO - Assistindo [DROPS] IM NOT LOOKING FORWARD TO TOMORROW | 30 SQUATS per follower | WORLD BEST MAGNETO
Yuzjo
Depression
DropsEnabeled
LIVE
710 viewers por 801 segundos
2025-05-04 00:13:53 - INFO - Canais Recomendados atualmente:
2025-05-04 00:13:53 - INFO - Canal Recomendado 0: warn (https://www.twitch.tv/warn)
2025-05-04 00:14:10 - INFO - Canal Recomendado 1: vadriss (https://www.twitch.tv/vadriss)
2025-05-04 00:14:14 - INFO - Canal Recomendado 2: grayhairandtattoos_ (https://www.twitch.tv/grayhairandtattoos_)
2025-05-04 00:14:19 - INFO - Canal Recomendado 3: vinnie (https://www.twitch.tv/vinnie)
2025-05-04 00:14:23 - INFO - Canal Recomendado 4: aspen (https://www.twitch.tv/aspen)
2025-05-04 00:14:28 - INFO - Canal Recomendado 5: keeoh (https://www.twitch.tv/keeoh)
2025-05-04 00:14:32 - INFO - Canal Recomendado 6: specter___01 (https://www.twitch.tv/specter___01)
2025-05-04 00:14:38 - INFO - Canal Recomendado 7: flatstwo (https://www.twitch.tv/flatstwo)
2025-05-04 00:14:43 - INFO - Canal Recomendado 8: rodrigos_br (https://www.twitch.tv/rodrigos_br)
2025-05-04 00:15:02 - INFO - Successfully logged onto Twitch WS: subze2004
2025-05-04 00:28:12 - INFO - Coletado chat do canal yuzjo por 801 segundos
2025-05-04 00:28:12 - INFO - Tempo de visualização encerrado, busca 2 de 5 encerrada
2025-05-04 00:28:12 - INFO - Jogo escolhido: minecraft
2025-05-04 00:28:57 - INFO - Assistindo Day 123 Minecraft Adventures And New Builds/Base Seed: 7057588827752297580 1363.5/66/-2731.5
grayhairandtattoos_
ChattingAndGaming
gamer
LIVE
123 viewers por 1053 segundos
2025-05-04 00:29:21 - INFO - Canais Recomendados atualmente:
2025-05-04 00:29:21 - INFO - Canal Recomendado 0: vadriss (https://www.twitch.tv/vadriss)
2025-05-04 00:29:27 - INFO - Canal Recomendado 1: warn (https://www.twitch.tv/warn)
2025-05-04 00:29:31 - INFO - Canal Recomendado 2: vinnie (https://www.twitch.tv/vinnie)
2025-05-04 00:29:35 - INFO - Canal Recomendado 3: grayhairandtattoos_ (https://www.twitch.tv/grayhairandtattoos_)
2025-05-04 00:29:40 - INFO - Canal Recomendado 4: aspen (https://www.twitch.tv/aspen)
2025-05-04 00:29:44 - INFO - Canal Recomendado 5: keeoh (https://www.twitch.tv/keeoh)
2025-05-04 00:29:48 - INFO - Canal Recomendado 6: lilpeachhh (https://www.twitch.tv/lilpeachhh)
2025-05-04 00:29:53 - INFO - Canal Recomendado 7: hayleykat (https://www.twitch.tv/hayleykat)
2025-05-04 00:29:58 - INFO - Canal Recomendado 8: duke_snukem (https://www.twitch.tv/duke_snukem)
2025-05-04 00:30:07 - INFO - Successfully logged onto Twitch WS: subze2004
2025-05-04 00:47:38 - INFO - Coletado chat do canal grayhairandtattoos_ por 1053 segundos
2025-05-04 00:47:38 - INFO - Tempo de visualização encerrado, busca 3 de 5 encerrada
2025-05-04 00:47:38 - INFO - Jogo escolhido: league-of-legends
2025-05-04 00:48:36 - INFO - Assistindo 11 WINS FOR KOREAN CHALLENGER 👑 | !frontpage !guide
Komari
English
pzzzang
English
LIVE
2.7K viewers por 640 segundos
2025-05-04 00:49:00 - INFO - Canais Recomendados atualmente:
2025-05-04 00:49:00 - INFO - Canal Recomendado 0: vinnie (https://www.twitch.tv/vinnie)
2025-05-04 00:49:06 - INFO - Canal Recomendado 1: caseoh247 (https://www.twitch.tv/caseoh247)
2025-05-04 00:49:10 - INFO - Canal Recomendado 2: warn (https://www.twitch.tv/warn)
2025-05-04 00:49:14 - INFO - Canal Recomendado 3: vadriss (https://www.twitch.tv/vadriss)
2025-05-04 00:49:19 - INFO - Canal Recomendado 4: nickeh30_vods (https://www.twitch.tv/nickeh30_vods)
2025-05-04 00:49:24 - INFO - Canal Recomendado 5: mrlust (https://www.twitch.tv/mrlust)
2025-05-04 00:49:28 - INFO - Canal Recomendado 6: huncho (https://www.twitch.tv/huncho)
2025-05-04 00:49:33 - INFO - Canal Recomendado 7: viper (https://www.twitch.tv/viper)
2025-05-04 00:49:38 - INFO - Canal Recomendado 8: desperatenasus (https://www.twitch.tv/desperatenasus)
2025-05-04 00:49:47 - INFO - Successfully logged onto Twitch WS: subze2004
2025-05-04 01:00:25 - INFO - Coletado chat do canal komari por 640 segundos
2025-05-04 01:00:25 - INFO - Tempo de visualização encerrado, busca 4 de 5 encerrada
2025-05-04 01:00:25 - INFO - Jogo escolhido: the-sims-4
2025-05-04 01:01:11 - INFO - Assistindo The Cozy Fam always Doing It For The Plot !! 18+ and come vibeee boo !!
SimplyCozyCorner
Thesims4gameplay
inzoi
LIVE
8 viewers por 762 segundos
2025-05-04 01:01:32 - INFO - Canais Recomendados atualmente:
2025-05-04 01:01:32 - INFO - Canal Recomendado 0: vadriss (https://www.twitch.tv/vadriss)
2025-05-04 01:01:37 - INFO - Canal Recomendado 1: warn (https://www.twitch.tv/warn)
2025-05-04 01:01:43 - INFO - Canal Recomendado 2: vinnie (https://www.twitch.tv/vinnie)
2025-05-04 01:01:47 - INFO - Canal Recomendado 3: grayhairandtattoos_ (https://www.twitch.tv/grayhairandtattoos_)
2025-05-04 01:01:52 - INFO - Canal Recomendado 4: keeoh (https://www.twitch.tv/keeoh)
2025-05-04 01:01:57 - INFO - Canal Recomendado 5: arguz11 (https://www.twitch.tv/arguz11)
2025-05-04 01:02:02 - INFO - Canal Recomendado 6: silentacoustic (https://www.twitch.tv/silentacoustic)
2025-05-04 01:02:07 - INFO - Canal Recomendado 7: hayleykat (https://www.twitch.tv/hayleykat)
2025-05-04 01:02:11 - INFO - Canal Recomendado 8: lucyl (https://www.twitch.tv/lucyl)
2025-05-04 01:02:20 - INFO - Successfully logged onto Twitch WS: subze2004
2025-05-04 01:15:01 - INFO - Coletado chat do canal simplycozycorner por 762 segundos
2025-05-04 01:15:01 - INFO - Tempo de visualização encerrado, busca 5 de 5 encerrada
2025-05-04 01:15:01 - INFO - Treino concluído com sucesso.
2025-05-04 04:00:11 - INFO - ====== WebDriver manager ======
2025-05-04 04:00:11 - INFO - Get LATEST chromedriver version for google-chrome
2025-05-04 04:00:12 - INFO - Get LATEST chromedriver version for google-chrome
2025-05-04 04:00:12 - INFO - Driver [/home/locus/.wdm/drivers/chromedriver/linux64/135.0.7049.114/chromedriver-linux64/chromedriver] found in cache
2025-05-04 04:00:24 - INFO - Erro ao logar no Twitch ou Login já realizado
2025-05-04 04:00:25 - INFO - Iniciando treino...
2025-05-04 04:00:25 - INFO - Realizando 4 buscas nessa sessão
2025-05-04 04:00:25 - INFO - Jogo escolhido: grand-theft-auto-v
2025-05-04 04:01:08 - INFO - Assistindo this stream? gnarly. | #ad #OperaGXAffiliate !OperaGX
jerclick
kpop
MusicTalk
English
LIVE
23 viewers por 1142 segundos
2025-05-04 04:01:32 - INFO - Canais Recomendados atualmente:
2025-05-04 04:01:32 - INFO - Canal Recomendado 0: keeoh (https://www.twitch.tv/keeoh)
2025-05-04 04:01:38 - INFO - Canal Recomendado 1: chosen_ow (https://www.twitch.tv/chosen_ow)
2025-05-04 04:01:43 - INFO - Canal Recomendado 2: vadriss (https://www.twitch.tv/vadriss)
2025-05-04 04:01:47 - INFO - Canal Recomendado 3: guru (https://www.twitch.tv/guru)
2025-05-04 04:01:51 - INFO - Canal Recomendado 4: oatley (https://www.twitch.tv/oatley)
2025-05-04 04:01:55 - INFO - Canal Recomendado 5: mrlust (https://www.twitch.tv/mrlust)
2025-05-04 04:02:00 - INFO - Canal Recomendado 6: torihubbard (https://www.twitch.tv/torihubbard)
2025-05-04 04:02:04 - INFO - Canal Recomendado 7: paypay (https://www.twitch.tv/paypay)
2025-05-04 04:02:09 - INFO - Canal Recomendado 8: tehsitru (https://www.twitch.tv/tehsitru)
2025-05-04 04:02:18 - INFO - Successfully logged onto Twitch WS: subze2004
2025-05-04 04:21:18 - INFO - Coletado chat do canal jerclick por 1142 segundos
2025-05-04 04:21:18 - INFO - Tempo de visualização encerrado, busca 1 de 4 encerrada
2025-05-04 04:21:18 - INFO - Jogo escolhido: roblox
2025-05-04 04:22:14 - INFO - Assistindo Free Robux in PLS DONATE │ !join !user !commands
TrenchMobbs
roblox
gaming
English
chill
LIVE
41 viewers por 956 segundos
2025-05-04 04:22:35 - INFO - Canais Recomendados atualmente:
2025-05-04 04:22:35 - INFO - Canal Recomendado 0: vadriss (https://www.twitch.tv/vadriss)
2025-05-04 04:22:40 - INFO - Canal Recomendado 1: warn (https://www.twitch.tv/warn)
2025-05-04 04:22:44 - INFO - Canal Recomendado 2: chosen_ow (https://www.twitch.tv/chosen_ow)
2025-05-04 04:22:50 - INFO - Canal Recomendado 3: oatley (https://www.twitch.tv/oatley)
2025-05-04 04:22:54 - INFO - Canal Recomendado 4: curry (https://www.twitch.tv/curry)
2025-05-04 04:22:59 - INFO - Canal Recomendado 5: keeoh (https://www.twitch.tv/keeoh)
2025-05-04 04:23:04 - INFO - Canal Recomendado 6: qadrienne (https://www.twitch.tv/qadrienne)
2025-05-04 04:23:15 - INFO - Canal Recomendado 7: lolls231 (https://www.twitch.tv/lolls231)
2025-05-04 04:23:21 - INFO - Canal Recomendado 8: cyanideprince_ (https://www.twitch.tv/cyanideprince_)
2025-05-04 04:23:33 - INFO - Successfully logged onto Twitch WS: subze2004
2025-05-04 04:39:27 - INFO - Coletado chat do canal trenchmobbs por 956 segundos
2025-05-04 04:39:27 - INFO - Tempo de visualização encerrado, busca 2 de 4 encerrada
2025-05-04 04:39:27 - INFO - Jogo escolhido: fortnite
2025-05-04 04:40:32 - ERROR - Erro ao recuperar canais na busca por fortnite
2025-05-04 04:40:32 - INFO - Jogo escolhido: league-of-legends
2025-05-04 04:41:26 - ERROR - Erro ao recuperar canais na busca por league-of-legends
2025-05-04 04:41:26 - INFO - Treino concluído com sucesso.
2025-05-04 08:00:36 - INFO - ====== WebDriver manager ======
2025-05-04 08:00:37 - INFO - Get LATEST chromedriver version for google-chrome
2025-05-04 08:00:37 - INFO - Get LATEST chromedriver version for google-chrome
2025-05-04 08:00:38 - INFO - Driver [/home/locus/.wdm/drivers/chromedriver/linux64/135.0.7049.114/chromedriver-linux64/chromedriver] found in cache
2025-05-04 08:00:54 - INFO - Erro ao logar no Twitch ou Login já realizado
2025-05-04 08:00:56 - INFO - Iniciando treino...
2025-05-04 08:00:56 - INFO - Realizando 5 buscas nessa sessão
2025-05-04 08:00:56 - INFO - Jogo escolhido: roblox
2025-05-04 08:01:47 - INFO - Assistindo ✬ PS99 | BGSI ✬ Fishy Fishy Fish Fish Fish ✪ Offical Partner ✪
botjayttv
honestman
English
LIVE
48 viewers por 1190 segundos
2025-05-04 08:02:10 - INFO - Canais Recomendados atualmente:
2025-05-04 08:02:10 - INFO - Canal Recomendado 0: gkey (https://www.twitch.tv/gkey)
2025-05-04 08:02:16 - INFO - Canal Recomendado 1: oatley (https://www.twitch.tv/oatley)
2025-05-04 08:02:20 - INFO - Canal Recomendado 2: boosfer (https://www.twitch.tv/boosfer)
2025-05-04 08:02:25 - INFO - Canal Recomendado 3: bushcampdad (https://www.twitch.tv/bushcampdad)
2025-05-04 08:02:30 - INFO - Canal Recomendado 4: mrlust (https://www.twitch.tv/mrlust)
2025-05-04 08:02:36 - INFO - Canal Recomendado 5: sirdandeman (https://www.twitch.tv/sirdandeman)
2025-05-04 08:02:40 - INFO - Canal Recomendado 6: kiwicaster (https://www.twitch.tv/kiwicaster)
2025-05-04 08:02:44 - INFO - Canal Recomendado 7: therealosdee (https://www.twitch.tv/therealosdee)
2025-05-04 08:02:49 - INFO - Canal Recomendado 8: d114mond (https://www.twitch.tv/d114mond)
2025-05-04 08:02:58 - INFO - Successfully logged onto Twitch WS: subze2004
2025-05-04 08:22:46 - INFO - Coletado chat do canal botjayttv por 1190 segundos
2025-05-04 08:22:46 - INFO - Tempo de visualização encerrado, busca 1 de 5 encerrada
2025-05-04 08:22:46 - INFO - Jogo escolhido: fortnite
2025-05-04 08:23:41 - INFO - Assistindo (!DROPS ON) PRO TRIO SCRIMS | Code "Oatley" #ad | !socials !youtube !giveaway
Oatley
Professional
Multiplayer
PC
LIVE
2.6K viewers por 1007 segundos
2025-05-04 08:24:05 - INFO - Canais Recomendados atualmente:
2025-05-04 08:24:05 - INFO - Canal Recomendado 0: grimm (https://www.twitch.tv/grimm)
2025-05-04 08:24:11 - INFO - Canal Recomendado 1: chosen_ow (https://www.twitch.tv/chosen_ow)
2025-05-04 08:24:22 - INFO - Canal Recomendado 2: oatley (https://www.twitch.tv/oatley)
2025-05-04 08:24:32 - INFO - Canal Recomendado 3: arguz11 (https://www.twitch.tv/arguz11)
2025-05-04 08:24:36 - INFO - Canal Recomendado 4: gkey (https://www.twitch.tv/gkey)
2025-05-04 08:24:41 - INFO - Canal Recomendado 5: mrlust (https://www.twitch.tv/mrlust)
2025-05-04 08:24:45 - INFO - Canal Recomendado 6: peterbot247official (https://www.twitch.tv/peterbot247official)
2025-05-04 08:24:51 - INFO - Canal Recomendado 7: zdogfnt (https://www.twitch.tv/zdogfnt)
2025-05-04 08:24:56 - INFO - Canal Recomendado 8: oatleyoffline (https://www.twitch.tv/oatleyoffline)
2025-05-04 08:25:10 - INFO - Successfully logged onto Twitch WS: subze2004
2025-05-04 08:41:55 - INFO - Coletado chat do canal oatley por 1007 segundos
2025-05-04 08:41:55 - INFO - Tempo de visualização encerrado, busca 2 de 5 encerrada
2025-05-04 08:41:55 - INFO - Jogo escolhido: valorant
2025-05-04 08:42:39 - INFO - Assistindo 🔴NEW ACT NEW ME🔴RADIANT RANKED🔴BEST SAGE OF ALL TIME🔴SAGE OPERATOR USER🔴SAGE KENNYS🔴FEELING FAST🔴
Grimm
English
LIVE
765 viewers por 1110 segundos
2025-05-04 08:43:04 - INFO - Canais Recomendados atualmente:
2025-05-04 08:43:04 - INFO - Canal Recomendado 0: grimm (https://www.twitch.tv/grimm)
2025-05-04 08:43:09 - INFO - Canal Recomendado 1: oatley (https://www.twitch.tv/oatley)
2025-05-04 08:43:13 - INFO - Canal Recomendado 2: arguz11 (https://www.twitch.tv/arguz11)
2025-05-04 08:43:17 - INFO - Canal Recomendado 3: gkey (https://www.twitch.tv/gkey)
2025-05-04 08:43:21 - INFO - Canal Recomendado 4: mrlust (https://www.twitch.tv/mrlust)
2025-05-04 08:43:25 - INFO - Canal Recomendado 5: boosfer (https://www.twitch.tv/boosfer)
2025-05-04 08:43:30 - INFO - Canal Recomendado 6: gofns (https://www.twitch.tv/gofns)
2025-05-04 08:43:34 - INFO - Canal Recomendado 7: fyr_vl (https://www.twitch.tv/fyr_vl)
2025-05-04 08:43:39 - INFO - Canal Recomendado 8: poppin (https://www.twitch.tv/poppin)
2025-05-04 08:43:48 - INFO - Successfully logged onto Twitch WS: subze2004
2025-05-04 09:02:16 - INFO - Coletado chat do canal grimm por 1110 segundos
2025-05-04 09:02:16 - INFO - Tempo de visualização encerrado, busca 3 de 5 encerrada
2025-05-04 09:02:16 - INFO - Jogo escolhido: counter-strike
2025-05-04 09:03:02 - INFO - Assistindo ⚠️ 30.000 RATED PREMIER MONSTER ⚠️ COACHING RETURNS TUESDAY & THURSDAY ⚠️ !csmoney
renyan
English
LIVE
1.6K viewers por 746 segundos
2025-05-04 09:03:24 - INFO - Canais Recomendados atualmente:
2025-05-04 09:03:24 - INFO - Canal Recomendado 0: grimm (https://www.twitch.tv/grimm)
2025-05-04 09:03:36 - INFO - Canal Recomendado 1: oatley (https://www.twitch.tv/oatley)
2025-05-04 09:03:40 - INFO - Canal Recomendado 2: arguz11 (https://www.twitch.tv/arguz11)
2025-05-04 09:03:46 - INFO - Canal Recomendado 3: gkey (https://www.twitch.tv/gkey)
2025-05-04 09:03:51 - INFO - Canal Recomendado 4: mrlust (https://www.twitch.tv/mrlust)
2025-05-04 09:04:02 - INFO - Canal Recomendado 5: boosfer (https://www.twitch.tv/boosfer)
2025-05-04 09:04:06 - INFO - Canal Recomendado 6: flareycs (https://www.twitch.tv/flareycs)
2025-05-04 09:04:10 - INFO - Canal Recomendado 7: dima_wallhacks (https://www.twitch.tv/dima_wallhacks)
2025-05-04 09:04:21 - INFO - Canal Recomendado 8: urosin_ (https://www.twitch.tv/urosin_)
2025-05-04 09:04:37 - INFO - Successfully logged onto Twitch WS: subze2004
2025-05-04 09:16:56 - INFO - Coletado chat do canal renyan por 746 segundos
2025-05-04 09:16:56 - INFO - Tempo de visualização encerrado, busca 4 de 5 encerrada
2025-05-04 09:16:56 - INFO - Jogo escolhido: the-sims-4
2025-05-04 09:17:43 - INFO - Assistindo WE GOT TWITCH PARTNER?!?! | KITS GIVEAWAY IN DISCORD! | Building How to train your Dragon village on the Sims 4 #eapartner
jeyjeybink
thesims4
English
mum
LIVE
53 viewers por 1029 segundos
2025-05-04 09:18:04 - INFO - Canais Recomendados atualmente:
2025-05-04 09:18:04 - INFO - Canal Recomendado 0: grimm (https://www.twitch.tv/grimm)
2025-05-04 09:18:17 - INFO - Canal Recomendado 1: nickeh30_vods (https://www.twitch.tv/nickeh30_vods)
2025-05-04 09:18:21 - INFO - Canal Recomendado 2: oatley (https://www.twitch.tv/oatley)
2025-05-04 09:18:26 - INFO - Canal Recomendado 3: sirdandeman (https://www.twitch.tv/sirdandeman)
2025-05-04 09:18:30 - INFO - Canal Recomendado 4: gkey (https://www.twitch.tv/gkey)
2025-05-04 09:18:35 - INFO - Canal Recomendado 5: valorant_pacific (https://www.twitch.tv/valorant_pacific)
2025-05-04 09:18:39 - INFO - Canal Recomendado 6: honeymaysims (https://www.twitch.tv/honeymaysims)
2025-05-04 09:18:44 - INFO - Canal Recomendado 7: littlemessenger (https://www.twitch.tv/littlemessenger)
2025-05-04 09:18:49 - INFO - Canal Recomendado 8: lifeandbeth (https://www.twitch.tv/lifeandbeth)
2025-05-04 09:19:04 - INFO - Successfully logged onto Twitch WS: subze2004
2025-05-04 09:36:05 - INFO - Coletado chat do canal jeyjeybink por 1029 segundos
2025-05-04 09:36:05 - INFO - Tempo de visualização encerrado, busca 5 de 5 encerrada
2025-05-04 09:36:05 - INFO - Treino concluído com sucesso.
2025-05-04 12:00:14 - INFO - ====== WebDriver manager ======
2025-05-04 12:00:14 - INFO - Get LATEST chromedriver version for google-chrome
2025-05-04 12:00:15 - INFO - Get LATEST chromedriver version for google-chrome
2025-05-04 12:00:15 - INFO - Driver [/home/locus/.wdm/drivers/chromedriver/linux64/135.0.7049.114/chromedriver-linux64/chromedriver] found in cache
2025-05-04 12:00:28 - INFO - Erro ao logar no Twitch ou Login já realizado
2025-05-04 12:00:29 - INFO - Iniciando treino...
2025-05-04 12:00:29 - INFO - Realizando 4 buscas nessa sessão
2025-05-04 12:00:29 - INFO - Jogo escolhido: grand-theft-auto-v
2025-05-04 12:01:13 - INFO - Assistindo UNSCRIPTED RP SERVER! - ARRESTING GAZ
Vader
English
LIVE
1.3K viewers por 1153 segundos
2025-05-04 12:01:34 - INFO - Canais Recomendados atualmente:
2025-05-04 12:01:34 - INFO - Canal Recomendado 0: grimm (https://www.twitch.tv/grimm)
2025-05-04 12:01:54 - INFO - Canal Recomendado 1: arguz11 (https://www.twitch.tv/arguz11)
2025-05-04 12:02:00 - INFO - Canal Recomendado 2: lilsimsie (https://www.twitch.tv/lilsimsie)
2025-05-04 12:02:05 - INFO - Canal Recomendado 3: mrlust (https://www.twitch.tv/mrlust)
2025-05-04 12:02:10 - INFO - Canal Recomendado 4: blastpremier (https://www.twitch.tv/blastpremier)
2025-05-04 12:02:14 - INFO - Canal Recomendado 5: ohnepixel (https://www.twitch.tv/ohnepixel)
2025-05-04 12:02:19 - INFO - Canal Recomendado 6: kyle (https://www.twitch.tv/kyle)
2025-05-04 12:02:23 - INFO - Canal Recomendado 7: anthonyz (https://www.twitch.tv/anthonyz)
2025-05-04 12:02:27 - INFO - Canal Recomendado 8: uhsnow (https://www.twitch.tv/uhsnow)
2025-05-04 12:02:37 - INFO - Successfully logged onto Twitch WS: subze2004
2025-05-04 12:21:47 - INFO - Coletado chat do canal vader por 1153 segundos
2025-05-04 12:21:47 - INFO - Tempo de visualização encerrado, busca 1 de 4 encerrada
2025-05-04 12:21:47 - INFO - Jogo escolhido: roblox
2025-05-04 12:22:42 - INFO - Assistindo THE RODFATHER! [PET SIM99]
SadHyperion
English
fps
Multiplayer
LIVE
25 viewers por 1138 segundos
2025-05-04 12:23:04 - INFO - Canais Recomendados atualmente:
2025-05-04 12:23:04 - INFO - Canal Recomendado 0: grimm (https://www.twitch.tv/grimm)
2025-05-04 12:23:18 - INFO - Canal Recomendado 1: arguz11 (https://www.twitch.tv/arguz11)
2025-05-04 12:23:22 - INFO - Canal Recomendado 2: lilsimsie (https://www.twitch.tv/lilsimsie)
2025-05-04 12:23:26 - INFO - Canal Recomendado 3: treegaming_ttv (https://www.twitch.tv/treegaming_ttv)
2025-05-04 12:23:31 - INFO - Canal Recomendado 4: mrlust (https://www.twitch.tv/mrlust)
2025-05-04 12:23:36 - INFO - Canal Recomendado 5: ohnepixel (https://www.twitch.tv/ohnepixel)
2025-05-04 12:23:40 - INFO - Canal Recomendado 6: therealosdee (https://www.twitch.tv/therealosdee)
2025-05-04 12:23:45 - INFO - Canal Recomendado 7: dabbin_boi (https://www.twitch.tv/dabbin_boi)
2025-05-04 12:23:50 - INFO - Canal Recomendado 8: wockyslushyyy (https://www.twitch.tv/wockyslushyyy)
2025-05-04 12:24:00 - INFO - Successfully logged onto Twitch WS: subze2004
2025-05-04 12:42:56 - INFO - Coletado chat do canal sadhyperion por 1138 segundos
2025-05-04 12:42:56 - INFO - Tempo de visualização encerrado, busca 2 de 4 encerrada
2025-05-04 12:42:56 - INFO - Jogo escolhido: ea-sports-fc-25
2025-05-04 12:43:51 - INFO - Assistindo NEW ICON PICK TODAY! 🚨 !community !433 !prime !tts @AuzioMF
AuzioMF
English
LIVE
4.1K viewers por 1046 segundos
2025-05-04 12:44:14 - INFO - Canais Recomendados atualmente:
2025-05-04 12:44:14 - INFO - Canal Recomendado 0: grimm (https://www.twitch.tv/grimm)
2025-05-04 12:44:19 - INFO - Canal Recomendado 1: arguz11 (https://www.twitch.tv/arguz11)
2025-05-04 12:44:24 - INFO - Canal Recomendado 2: joshseki (https://www.twitch.tv/joshseki)
2025-05-04 12:44:28 - INFO - Canal Recomendado 3: lilsimsie (https://www.twitch.tv/lilsimsie)
2025-05-04 12:44:33 - INFO - Canal Recomendado 4: mrlust (https://www.twitch.tv/mrlust)
2025-05-04 12:44:38 - INFO - Canal Recomendado 5: ohnepixel (https://www.twitch.tv/ohnepixel)
2025-05-04 12:44:43 - INFO - Canal Recomendado 6: broomeyjc (https://www.twitch.tv/broomeyjc)
2025-05-04 12:44:48 - INFO - Canal Recomendado 7: khromeplays (https://www.twitch.tv/khromeplays)
2025-05-04 12:44:52 - INFO - Canal Recomendado 8: trenchyfc (https://www.twitch.tv/trenchyfc)
2025-05-04 12:45:07 - INFO - Successfully logged onto Twitch WS: subze2004
2025-05-04 13:02:26 - INFO - Coletado chat do canal auziomf por 1046 segundos
2025-05-04 13:02:26 - INFO - Tempo de visualização encerrado, busca 3 de 4 encerrada
2025-05-04 13:02:26 - INFO - Jogo escolhido: league-of-legends
2025-05-04 13:03:38 - INFO - Assistindo GX vs. BDS | 2025 LEC Spring Week 6 Day 2
LEC
Esports
DropsEnabled
English
LIVE
16.4K viewers por 922 segundos
2025-05-04 13:04:00 - INFO - Canais Recomendados atualmente:
2025-05-04 13:04:00 - INFO - Canal Recomendado 0: grimm (https://www.twitch.tv/grimm)
2025-05-04 13:04:11 - INFO - Canal Recomendado 1: arguz11 (https://www.twitch.tv/arguz11)
2025-05-04 13:04:15 - INFO - Canal Recomendado 2: joshseki (https://www.twitch.tv/joshseki)
2025-05-04 13:04:19 - INFO - Canal Recomendado 3: lilsimsie (https://www.twitch.tv/lilsimsie)
2025-05-04 13:04:24 - INFO - Canal Recomendado 4: mrlust (https://www.twitch.tv/mrlust)
2025-05-04 13:04:28 - INFO - Canal Recomendado 5: ohnepixel (https://www.twitch.tv/ohnepixel)
2025-05-04 13:04:33 - INFO - Canal Recomendado 6: caedrel (https://www.twitch.tv/caedrel)
2025-05-04 13:04:37 - INFO - Canal Recomendado 7: jankos (https://www.twitch.tv/jankos)
2025-05-04 13:04:42 - INFO - Canal Recomendado 8: lol_nemesis (https://www.twitch.tv/lol_nemesis)
2025-05-04 13:04:51 - INFO - Successfully logged onto Twitch WS: subze2004
2025-05-04 13:20:11 - INFO - Coletado chat do canal lec por 922 segundos
2025-05-04 13:20:11 - INFO - Tempo de visualização encerrado, busca 4 de 4 encerrada
2025-05-04 13:20:11 - INFO - Treino concluído com sucesso.
2025-05-04 16:00:20 - INFO - ====== WebDriver manager ======
2025-05-04 16:00:21 - INFO - Get LATEST chromedriver version for google-chrome
2025-05-04 16:00:21 - INFO - Get LATEST chromedriver version for google-chrome
2025-05-04 16:00:22 - INFO - Driver [/home/locus/.wdm/drivers/chromedriver/linux64/135.0.7049.114/chromedriver-linux64/chromedriver] found in cache
2025-05-04 16:00:34 - INFO - Erro ao logar no Twitch ou Login já realizado
2025-05-04 16:00:35 - INFO - Iniciando treino...
2025-05-04 16:00:35 - INFO - Realizando 5 buscas nessa sessão
2025-05-04 16:00:35 - INFO - Jogo escolhido: grand-theft-auto-v
2025-05-04 16:01:25 - INFO - Assistindo ｡˚⭒ #1 LSPD SNR OFFICER ⭐ LUCAS MILLER ⭐ NOPIXEL WL ⭐ !socials !discord ⭒˚｡
MattEU
English
LIVE
505 viewers por 1105 segundos
2025-05-04 16:01:47 - INFO - Canais Recomendados atualmente:
2025-05-04 16:01:47 - INFO - Canal Recomendado 0: arguz11 (https://www.twitch.tv/arguz11)
2025-05-04 16:01:51 - INFO - Canal Recomendado 1: joshseki (https://www.twitch.tv/joshseki)
2025-05-04 16:01:56 - INFO - Canal Recomendado 2: thefreddymc (https://www.twitch.tv/thefreddymc)
2025-05-04 16:02:00 - INFO - Canal Recomendado 3: auziomf (https://www.twitch.tv/auziomf)
2025-05-04 16:02:04 - INFO - Canal Recomendado 4: tenacitytv (https://www.twitch.tv/tenacitytv)
2025-05-04 16:02:09 - INFO - Canal Recomendado 5: keshaeuw (https://www.twitch.tv/keshaeuw)
2025-05-04 16:02:13 - INFO - Canal Recomendado 6: paperstackerj (https://www.twitch.tv/paperstackerj)
2025-05-04 16:02:17 - INFO - Canal Recomendado 7: ste_eire (https://www.twitch.tv/ste_eire)
2025-05-04 16:02:22 - INFO - Canal Recomendado 8: anthonyz (https://www.twitch.tv/anthonyz)
2025-05-04 16:02:31 - INFO - Successfully logged onto Twitch WS: subze2004
2025-05-04 16:20:54 - INFO - Coletado chat do canal matteu por 1105 segundos
2025-05-04 16:20:54 - INFO - Tempo de visualização encerrado, busca 1 de 5 encerrada
2025-05-04 16:20:54 - INFO - Jogo escolhido: league-of-legends
2025-05-04 16:21:38 - INFO - Assistindo !giveaway 💋 Your fav lol baddie ⭐ !noice !s2p
carlotipupu
girlgamers
baddie
pink
LIVE
258 viewers por 1128 segundos
2025-05-04 16:22:04 - INFO - Canais Recomendados atualmente:
2025-05-04 16:22:04 - INFO - Canal Recomendado 0: thefreddymc (https://www.twitch.tv/thefreddymc)
2025-05-04 16:22:09 - INFO - Canal Recomendado 1: arguz11 (https://www.twitch.tv/arguz11)
2025-05-04 16:22:13 - INFO - Canal Recomendado 2: ohnepixel (https://www.twitch.tv/ohnepixel)
2025-05-04 16:22:17 - INFO - Canal Recomendado 3: joshseki (https://www.twitch.tv/joshseki)
2025-05-04 16:22:22 - INFO - Canal Recomendado 4: mrlust (https://www.twitch.tv/mrlust)
2025-05-04 16:22:26 - INFO - Canal Recomendado 5: easportsfc (https://www.twitch.tv/easportsfc)
2025-05-04 16:22:30 - INFO - Canal Recomendado 6: violetrvn (https://www.twitch.tv/violetrvn)
2025-05-04 16:22:35 - INFO - Canal Recomendado 7: lonaluxe (https://www.twitch.tv/lonaluxe)
2025-05-04 16:22:39 - INFO - Canal Recomendado 8: cocabobi (https://www.twitch.tv/cocabobi)
2025-05-04 16:22:48 - INFO - Successfully logged onto Twitch WS: subze2004
2025-05-04 16:41:34 - INFO - Coletado chat do canal carlotipupu por 1128 segundos
2025-05-04 16:41:34 - INFO - Tempo de visualização encerrado, busca 2 de 5 encerrada
2025-05-04 16:41:34 - INFO - Jogo escolhido: counter-strike
2025-05-04 16:42:20 - INFO - Assistindo 🔴FALCONS vs VITALITY [GRAND FINAL] BLAST RIVALS WITH @degst3r 🔴
ohnePixel
Esports
English
LIVE
51.9K viewers por 656 segundos
2025-05-04 16:42:44 - INFO - Canais Recomendados atualmente:
2025-05-04 16:42:44 - INFO - Canal Recomendado 0: thefreddymc (https://www.twitch.tv/thefreddymc)
2025-05-04 16:42:50 - INFO - Canal Recomendado 1: arguz11 (https://www.twitch.tv/arguz11)
2025-05-04 16:42:54 - INFO - Canal Recomendado 2: joshseki (https://www.twitch.tv/joshseki)
2025-05-04 16:42:59 - INFO - Canal Recomendado 3: keshaeuw (https://www.twitch.tv/keshaeuw)
2025-05-04 16:43:03 - INFO - Canal Recomendado 4: mrlust (https://www.twitch.tv/mrlust)
2025-05-04 16:43:08 - INFO - Canal Recomendado 5: easportsfc (https://www.twitch.tv/easportsfc)
2025-05-04 16:43:12 - INFO - Canal Recomendado 6: blastpremier (https://www.twitch.tv/blastpremier)
2025-05-04 16:43:17 - INFO - Canal Recomendado 7: eslcs (https://www.twitch.tv/eslcs)
2025-05-04 16:43:21 - INFO - Canal Recomendado 8: fl0m (https://www.twitch.tv/fl0m)
2025-05-04 16:43:31 - INFO - Successfully logged onto Twitch WS: subze2004
2025-05-04 16:54:25 - INFO - Coletado chat do canal ohnepixel por 656 segundos
2025-05-04 16:54:25 - INFO - Tempo de visualização encerrado, busca 3 de 5 encerrada
2025-05-04 16:54:25 - INFO - Jogo escolhido: overwatch-2
2025-05-04 16:55:09 - INFO - Assistindo !DROPS| 8k FOLLOWERS TY| Grind TIMMME|Song REQ: OFF
findveil
FlexPlayer
DPS
LGPTQIAplus
LIVE
80 viewers por 852 segundos
2025-05-04 16:55:32 - INFO - Canais Recomendados atualmente:
2025-05-04 16:55:32 - INFO - Canal Recomendado 0: thefreddymc (https://www.twitch.tv/thefreddymc)
2025-05-04 16:55:37 - INFO - Canal Recomendado 1: arguz11 (https://www.twitch.tv/arguz11)
2025-05-04 16:55:42 - INFO - Canal Recomendado 2: joshseki (https://www.twitch.tv/joshseki)
2025-05-04 16:55:46 - INFO - Canal Recomendado 3: keshaeuw (https://www.twitch.tv/keshaeuw)
2025-05-04 16:55:51 - INFO - Canal Recomendado 4: ohnepixel (https://www.twitch.tv/ohnepixel)
2025-05-04 16:55:55 - INFO - Canal Recomendado 5: mrlust (https://www.twitch.tv/mrlust)
2025-05-04 16:55:59 - INFO - Canal Recomendado 6: playofthejames (https://www.twitch.tv/playofthejames)
2025-05-04 16:56:04 - INFO - Canal Recomendado 7: damsin_ (https://www.twitch.tv/damsin_)
2025-05-04 16:56:08 - INFO - Canal Recomendado 8: codebreaker (https://www.twitch.tv/codebreaker)
2025-05-04 16:56:17 - INFO - Successfully logged onto Twitch WS: subze2004
2025-05-04 17:10:27 - INFO - Coletado chat do canal findveil por 852 segundos
2025-05-04 17:10:27 - INFO - Tempo de visualização encerrado, busca 4 de 5 encerrada
2025-05-04 17:10:27 - INFO - Jogo escolhido: ea-sports-fc-25
2025-05-04 17:11:14 - INFO - Assistindo CONMEBOL eLibertadores Knockout Stage
easportsfc
eSerieAGoleador
EASPORTS
LIVE
4.1K viewers por 779 segundos
2025-05-04 17:11:35 - INFO - Canais Recomendados atualmente:
2025-05-04 17:11:35 - INFO - Canal Recomendado 0: thefreddymc (https://www.twitch.tv/thefreddymc)
2025-05-04 17:11:41 - INFO - Canal Recomendado 1: arguz11 (https://www.twitch.tv/arguz11)
2025-05-04 17:11:45 - INFO - Canal Recomendado 2: joshseki (https://www.twitch.tv/joshseki)
2025-05-04 17:11:49 - INFO - Canal Recomendado 3: lilsimsie (https://www.twitch.tv/lilsimsie)
2025-05-04 17:11:54 - INFO - Canal Recomendado 4: easportsfc (https://www.twitch.tv/easportsfc)
2025-05-04 17:11:58 - INFO - Canal Recomendado 5: mrlust (https://www.twitch.tv/mrlust)
2025-05-04 17:12:03 - INFO - Canal Recomendado 6: bugs (https://www.twitch.tv/bugs)
2025-05-04 17:12:07 - INFO - Canal Recomendado 7: xrodman_ (https://www.twitch.tv/xrodman_)
2025-05-04 17:12:12 - INFO - Canal Recomendado 8: hugegorilla (https://www.twitch.tv/hugegorilla)
2025-05-04 17:12:21 - INFO - Successfully logged onto Twitch WS: subze2004
2025-05-04 17:25:18 - INFO - Coletado chat do canal easportsfc por 779 segundos
2025-05-04 17:25:18 - INFO - Tempo de visualização encerrado, busca 5 de 5 encerrada
2025-05-04 17:25:18 - INFO - Treino concluído com sucesso.
2025-05-04 20:00:27 - INFO - ====== WebDriver manager ======
2025-05-04 20:00:27 - INFO - Get LATEST chromedriver version for google-chrome
2025-05-04 20:00:28 - INFO - Get LATEST chromedriver version for google-chrome
2025-05-04 20:00:29 - INFO - Driver [/home/locus/.wdm/drivers/chromedriver/linux64/135.0.7049.114/chromedriver-linux64/chromedriver] found in cache
2025-05-04 20:00:41 - INFO - Erro ao logar no Twitch ou Login já realizado
2025-05-04 20:00:43 - INFO - Iniciando treino...
2025-05-04 20:00:43 - INFO - Realizando 4 buscas nessa sessão
2025-05-04 20:00:43 - INFO - Jogo escolhido: the-sims-4
2025-05-04 20:01:28 - INFO - Assistindo VERY VEGGIE LEGACY CHALLENGE🥦 | !donate to St. Jude ❤️
lilsimsie
English
ClosedCaptions
LIVE
8K viewers por 1144 segundos
2025-05-04 20:01:51 - INFO - Canais Recomendados atualmente:
2025-05-04 20:01:51 - INFO - Canal Recomendado 0: vadriss (https://www.twitch.tv/vadriss)
2025-05-04 20:01:55 - INFO - Canal Recomendado 1: drdonutttttt (https://www.twitch.tv/drdonutttttt)
2025-05-04 20:01:59 - INFO - Canal Recomendado 2: la4awale (https://www.twitch.tv/la4awale)
2025-05-04 20:02:04 - INFO - Canal Recomendado 3: warn (https://www.twitch.tv/warn)
2025-05-04 20:02:08 - INFO - Canal Recomendado 4: mrlust (https://www.twitch.tv/mrlust)
2025-05-04 20:02:13 - INFO - Canal Recomendado 5: andr3wow (https://www.twitch.tv/andr3wow)
2025-05-04 20:02:17 - INFO - Canal Recomendado 6: lichatton (https://www.twitch.tv/lichatton)
2025-05-04 20:02:22 - INFO - Canal Recomendado 7: essemelle (https://www.twitch.tv/essemelle)
2025-05-04 20:02:26 - INFO - Canal Recomendado 8: risshella (https://www.twitch.tv/risshella)
2025-05-04 20:02:36 - INFO - Successfully logged onto Twitch WS: subze2004
2025-05-04 20:21:38 - INFO - Coletado chat do canal lilsimsie por 1144 segundos
2025-05-04 20:21:38 - INFO - Tempo de visualização encerrado, busca 1 de 4 encerrada
2025-05-04 20:21:38 - INFO - Jogo escolhido: counter-strike
2025-05-04 20:22:20 - INFO - Assistindo NRG vs Nouns | Best of 3 | !maps | PrizePicks NA Revival: Series 6 | @Trottah & @sxstem_cs | !giveaway
Trottah
ESEA
English
competitve
LIVE
391 viewers por 855 segundos
2025-05-04 20:22:42 - INFO - Canais Recomendados atualmente:
2025-05-04 20:22:42 - INFO - Canal Recomendado 0: vadriss (https://www.twitch.tv/vadriss)
2025-05-04 20:22:47 - INFO - Canal Recomendado 1: drdonutttttt (https://www.twitch.tv/drdonutttttt)
2025-05-04 20:22:51 - INFO - Canal Recomendado 2: lilsimsie (https://www.twitch.tv/lilsimsie)
2025-05-04 20:22:56 - INFO - Canal Recomendado 3: mrlust (https://www.twitch.tv/mrlust)
2025-05-04 20:23:00 - INFO - Canal Recomendado 4: warn (https://www.twitch.tv/warn)
2025-05-04 20:23:04 - INFO - Canal Recomendado 5: andr3wow (https://www.twitch.tv/andr3wow)
2025-05-04 20:23:09 - INFO - Canal Recomendado 6: fl0m (https://www.twitch.tv/fl0m)
2025-05-04 20:23:13 - INFO - Canal Recomendado 7: eslcs (https://www.twitch.tv/eslcs)
2025-05-04 20:23:18 - INFO - Canal Recomendado 8: karmaflexxx (https://www.twitch.tv/karmaflexxx)
2025-05-04 20:23:27 - INFO - Successfully logged onto Twitch WS: subze2004
2025-05-04 20:37:40 - INFO - Coletado chat do canal trottah por 855 segundos
2025-05-04 20:37:40 - INFO - Tempo de visualização encerrado, busca 2 de 4 encerrada
2025-05-04 20:37:40 - INFO - Jogo escolhido: fortnite
2025-05-04 20:38:24 - INFO - Assistindo ✨[DROPS ON] May The Fort Be With You, !join✨| ♡ !lurk !discord
umisoul
DropsEnabled
Yapper
English
LIVE
23 viewers por 1041 segundos
2025-05-04 20:38:47 - INFO - Canais Recomendados atualmente:
2025-05-04 20:38:47 - INFO - Canal Recomendado 0: vadriss (https://www.twitch.tv/vadriss)
2025-05-04 20:38:52 - INFO - Canal Recomendado 1: drdonutttttt (https://www.twitch.tv/drdonutttttt)
2025-05-04 20:38:56 - INFO - Canal Recomendado 2: mrlust (https://www.twitch.tv/mrlust)
2025-05-04 20:39:01 - INFO - Canal Recomendado 3: warn (https://www.twitch.tv/warn)
2025-05-04 20:39:05 - INFO - Canal Recomendado 4: andr3wow (https://www.twitch.tv/andr3wow)
2025-05-04 20:39:10 - INFO - Canal Recomendado 5: la4awale (https://www.twitch.tv/la4awale)
2025-05-04 20:39:14 - INFO - Canal Recomendado 6: slyval (https://www.twitch.tv/slyval)
2025-05-04 20:39:19 - INFO - Canal Recomendado 7: xostarlust (https://www.twitch.tv/xostarlust)
2025-05-04 20:39:23 - INFO - Canal Recomendado 8: kandii_katt (https://www.twitch.tv/kandii_katt)
2025-05-04 20:39:33 - INFO - Successfully logged onto Twitch WS: subze2004
2025-05-04 20:56:52 - INFO - Coletado chat do canal umisoul por 1041 segundos
2025-05-04 20:56:52 - INFO - Tempo de visualização encerrado, busca 3 de 4 encerrada
2025-05-04 20:56:52 - INFO - Jogo escolhido: sea-of-thieves
2025-05-04 20:57:52 - INFO - Assistindo 🟣PARTNER PUSH!-SUBATHON DAY 13!🟣 DOIN BOAT STUFF! !Controller !TTS !Merch !Discord
PushinWood
holidayhoopla
Skateboarder
LIVE
87 viewers por 967 segundos
2025-05-04 20:58:16 - INFO - Canais Recomendados atualmente:
2025-05-04 20:58:16 - INFO - Canal Recomendado 0: vadriss (https://www.twitch.tv/vadriss)
2025-05-04 20:58:45 - INFO - Canal Recomendado 1: drdonutttttt (https://www.twitch.tv/drdonutttttt)
2025-05-04 20:58:59 - INFO - Canal Recomendado 2: mrlust (https://www.twitch.tv/mrlust)
2025-05-04 20:59:11 - INFO - Canal Recomendado 3: warn (https://www.twitch.tv/warn)
2025-05-04 20:59:16 - INFO - Canal Recomendado 4: andr3wow (https://www.twitch.tv/andr3wow)
2025-05-04 20:59:21 - INFO - Canal Recomendado 5: keeoh (https://www.twitch.tv/keeoh)
2025-05-04 20:59:26 - INFO - Canal Recomendado 6: fi1es (https://www.twitch.tv/fi1es)
2025-05-04 20:59:30 - INFO - Canal Recomendado 7: worldofchap (https://www.twitch.tv/worldofchap)
2025-05-04 20:59:35 - INFO - Canal Recomendado 8: viiraxe (https://www.twitch.tv/viiraxe)
2025-05-04 20:59:45 - INFO - Successfully logged onto Twitch WS: subze2004
2025-05-04 21:15:49 - INFO - Coletado chat do canal pushinwood por 967 segundos
2025-05-04 21:15:49 - INFO - Tempo de visualização encerrado, busca 4 de 4 encerrada
2025-05-04 21:15:49 - INFO - Treino concluído com sucesso.
2025-05-05 00:00:59 - INFO - ====== WebDriver manager ======
2025-05-05 00:00:59 - INFO - Get LATEST chromedriver version for google-chrome
2025-05-05 00:01:00 - INFO - Get LATEST chromedriver version for google-chrome
2025-05-05 00:01:00 - INFO - Get LATEST chromedriver version for google-chrome
2025-05-05 00:01:01 - INFO - WebDriver version 135.0.7049.114 selected
2025-05-05 00:01:01 - INFO - Modern chrome version https://storage.googleapis.com/chrome-for-testing-public/135.0.7049.114/linux64/chromedriver-linux64.zip
2025-05-05 00:01:01 - INFO - About to download new driver from https://storage.googleapis.com/chrome-for-testing-public/135.0.7049.114/linux64/chromedriver-linux64.zip
2025-05-05 00:01:01 - INFO - Driver downloading response is 200
2025-05-05 00:01:02 - INFO - Get LATEST chromedriver version for google-chrome
2025-05-05 00:01:03 - INFO - Driver has been saved in cache [/home/locus/.wdm/drivers/chromedriver/linux64/135.0.7049.114]
2025-05-05 00:01:26 - INFO - Erro ao logar no Twitch ou Login já realizado
2025-05-05 00:01:28 - INFO - Iniciando treino...
2025-05-05 00:01:28 - INFO - Realizando 5 buscas nessa sessão
2025-05-05 00:01:28 - INFO - Jogo escolhido: roblox
2025-05-05 00:02:19 - INFO - Assistindo Free Wins in Dead Rails │ !join !user !commands
TrenchMobbs
roblox
gaming
chill
English
LIVE
24 viewers por 1169 segundos
2025-05-05 00:02:42 - INFO - Canais Recomendados atualmente:
2025-05-05 00:02:42 - INFO - Canal Recomendado 0: vadriss (https://www.twitch.tv/vadriss)
2025-05-05 00:02:48 - INFO - Canal Recomendado 1: warn (https://www.twitch.tv/warn)
2025-05-05 00:02:52 - INFO - Canal Recomendado 2: mrlust (https://www.twitch.tv/mrlust)
2025-05-05 00:02:57 - INFO - Canal Recomendado 3: keeoh (https://www.twitch.tv/keeoh)
2025-05-05 00:03:02 - INFO - Canal Recomendado 4: kaicenat (https://www.twitch.tv/kaicenat)
2025-05-05 00:03:08 - INFO - Canal Recomendado 5: nickeh30_vods (https://www.twitch.tv/nickeh30_vods)
2025-05-05 00:03:12 - INFO - Canal Recomendado 6: mattybee_ (https://www.twitch.tv/mattybee_)
2025-05-05 00:03:19 - INFO - Canal Recomendado 7: qadrienne (https://www.twitch.tv/qadrienne)
2025-05-05 00:03:29 - INFO - Canal Recomendado 8: luvdro (https://www.twitch.tv/luvdro)
2025-05-05 00:03:44 - INFO - Successfully logged onto Twitch WS: subze2004
2025-05-05 00:23:11 - INFO - Coletado chat do canal trenchmobbs por 1169 segundos
2025-05-05 00:23:11 - INFO - Tempo de visualização encerrado, busca 1 de 5 encerrada
2025-05-05 00:23:11 - INFO - Jogo escolhido: minecraft
2025-05-05 00:24:01 - INFO - Assistindo playing HARDCORE MINECRAFTTTT // COME SAY HI I responded to EVERYONE!!
ARareLemon
egirl
minecraft
Ludwig
LIVE
54 viewers por 726 segundos
2025-05-05 00:24:24 - INFO - Canais Recomendados atualmente:
2025-05-05 00:24:24 - INFO - Canal Recomendado 0: vadriss (https://www.twitch.tv/vadriss)
2025-05-05 00:24:30 - INFO - Canal Recomendado 1: warn (https://www.twitch.tv/warn)
2025-05-05 00:24:35 - INFO - Canal Recomendado 2: arguz11 (https://www.twitch.tv/arguz11)
2025-05-05 00:24:39 - INFO - Canal Recomendado 3: mrlust (https://www.twitch.tv/mrlust)
2025-05-05 00:24:43 - INFO - Canal Recomendado 4: keeoh (https://www.twitch.tv/keeoh)
2025-05-05 00:24:48 - INFO - Canal Recomendado 5: kaicenat (https://www.twitch.tv/kaicenat)
2025-05-05 00:24:53 - INFO - Canal Recomendado 6: thehashaq (https://www.twitch.tv/thehashaq)
2025-05-05 00:24:59 - INFO - Canal Recomendado 7: lilpeachhh (https://www.twitch.tv/lilpeachhh)
2025-05-05 00:25:03 - INFO - Canal Recomendado 8: haza_64 (https://www.twitch.tv/haza_64)
2025-05-05 00:25:26 - INFO - Successfully logged onto Twitch WS: subze2004
2025-05-05 00:37:24 - INFO - Coletado chat do canal ararelemon por 726 segundos
2025-05-05 00:37:24 - INFO - Tempo de visualização encerrado, busca 2 de 5 encerrada
2025-05-05 00:37:24 - INFO - Jogo escolhido: valorant
2025-05-05 00:38:14 - INFO - Assistindo G2 Hamy - The Hamy Buff Strikes Again
Hamy
English
LIVE
557 viewers por 780 segundos
2025-05-05 00:38:37 - INFO - Canais Recomendados atualmente:
2025-05-05 00:38:37 - INFO - Canal Recomendado 0: vadriss (https://www.twitch.tv/vadriss)
2025-05-05 00:38:43 - INFO - Canal Recomendado 1: warn (https://www.twitch.tv/warn)
2025-05-05 00:38:47 - INFO - Canal Recomendado 2: arguz11 (https://www.twitch.tv/arguz11)
2025-05-05 00:38:52 - INFO - Canal Recomendado 3: mrlust (https://www.twitch.tv/mrlust)
2025-05-05 00:39:03 - INFO - Canal Recomendado 4: kaicenat (https://www.twitch.tv/kaicenat)
2025-05-05 00:39:08 - INFO - Canal Recomendado 5: keeoh (https://www.twitch.tv/keeoh)
2025-05-05 00:39:13 - INFO - Canal Recomendado 6: eggsterr (https://www.twitch.tv/eggsterr)
2025-05-05 00:39:18 - INFO - Canal Recomendado 7: poppin (https://www.twitch.tv/poppin)
2025-05-05 00:39:23 - INFO - Canal Recomendado 8: subrozavod (https://www.twitch.tv/subrozavod)
2025-05-05 00:39:35 - INFO - Successfully logged onto Twitch WS: subze2004
2025-05-05 00:52:32 - INFO - Coletado chat do canal hamy por 780 segundos
2025-05-05 00:52:32 - INFO - Tempo de visualização encerrado, busca 3 de 5 encerrada
2025-05-05 00:52:32 - INFO - Jogo escolhido: counter-strike
2025-05-05 00:53:18 - INFO - Assistindo 🔵 FAMILY 10'S 🔵 ROAD TO LEVEL 10 🔵 !discord
teMpeRRR
English
LIVE
21 viewers por 1072 segundos
2025-05-05 00:53:41 - INFO - Canais Recomendados atualmente:
2025-05-05 00:53:41 - INFO - Canal Recomendado 0: vadriss (https://www.twitch.tv/vadriss)
2025-05-05 00:53:47 - INFO - Canal Recomendado 1: warn (https://www.twitch.tv/warn)
2025-05-05 00:53:52 - INFO - Canal Recomendado 2: arguz11 (https://www.twitch.tv/arguz11)
2025-05-05 00:53:57 - INFO - Canal Recomendado 3: mrlust (https://www.twitch.tv/mrlust)
2025-05-05 00:54:02 - INFO - Canal Recomendado 4: kaicenat (https://www.twitch.tv/kaicenat)
2025-05-05 00:54:06 - INFO - Canal Recomendado 5: keeoh (https://www.twitch.tv/keeoh)
2025-05-05 00:54:11 - INFO - Canal Recomendado 6: methodz (https://www.twitch.tv/methodz)
2025-05-05 00:54:15 - INFO - Canal Recomendado 7: karma (https://www.twitch.tv/karma)
2025-05-05 00:54:19 - INFO - Canal Recomendado 8: 7nsano (https://www.twitch.tv/7nsano)
2025-05-05 00:54:28 - INFO - Successfully logged onto Twitch WS: subze2004
2025-05-05 01:12:18 - INFO - Coletado chat do canal temperrr por 1072 segundos
2025-05-05 01:12:18 - INFO - Tempo de visualização encerrado, busca 4 de 5 encerrada
2025-05-05 01:12:18 - INFO - Jogo escolhido: marvel-rivals
2025-05-05 01:13:10 - INFO - Assistindo [RERUN] RANK 1 VENOM GLOBAL "whyAndr3w" ☆ BEEF WITH CRINGEALARM... !video ☆ VORTEX X ANDR3W COLLAB !vortex !pc
Andr3wOW
Educational
Competitive
LIVE
467 viewers por 1081 segundos
2025-05-05 01:13:34 - INFO - Canais Recomendados atualmente:
2025-05-05 01:13:34 - INFO - Canal Recomendado 0: arguz11 (https://www.twitch.tv/arguz11)
2025-05-05 01:13:39 - INFO - Canal Recomendado 1: vadriss (https://www.twitch.tv/vadriss)
2025-05-05 01:13:44 - INFO - Canal Recomendado 2: omareloff (https://www.twitch.tv/omareloff)
2025-05-05 01:13:48 - INFO - Canal Recomendado 3: aspen (https://www.twitch.tv/aspen)
2025-05-05 01:13:52 - INFO - Canal Recomendado 4: warn (https://www.twitch.tv/warn)
2025-05-05 01:13:56 - INFO - Canal Recomendado 5: mrlust (https://www.twitch.tv/mrlust)
2025-05-05 01:14:01 - INFO - Canal Recomendado 6: mace (https://www.twitch.tv/mace)
2025-05-05 01:14:05 - INFO - Canal Recomendado 7: yuzjo (https://www.twitch.tv/yuzjo)
2025-05-05 01:14:10 - INFO - Canal Recomendado 8: luckyzeal (https://www.twitch.tv/luckyzeal)
2025-05-05 01:14:22 - INFO - Successfully logged onto Twitch WS: subze2004
2025-05-05 01:32:21 - INFO - Coletado chat do canal andr3wow por 1081 segundos
2025-05-05 01:32:21 - INFO - Tempo de visualização encerrado, busca 5 de 5 encerrada
2025-05-05 01:32:21 - INFO - Treino concluído com sucesso.
2025-05-05 04:00:29 - INFO - ====== WebDriver manager ======
2025-05-05 04:00:29 - INFO - Get LATEST chromedriver version for google-chrome
2025-05-05 04:00:30 - INFO - Get LATEST chromedriver version for google-chrome
2025-05-05 04:00:30 - INFO - Driver [/home/locus/.wdm/drivers/chromedriver/linux64/135.0.7049.114/chromedriver-linux64/chromedriver] found in cache
2025-05-05 04:00:42 - INFO - Erro ao logar no Twitch ou Login já realizado
2025-05-05 04:00:43 - INFO - Iniciando treino...
2025-05-05 04:00:43 - INFO - Realizando 4 buscas nessa sessão
2025-05-05 04:00:43 - INFO - Jogo escolhido: overwatch-2
2025-05-05 04:01:32 - INFO - Assistindo 🔴[!DROPS ON]🔴TOP 500 SUPPORTING AND ALSO GRINDING TO PRO ALL ROLES STADIUM! WOOHOO!!!!
August
ADHD
Anime
Ana
Support
LIVE
415 viewers por 632 segundos
2025-05-05 04:01:53 - INFO - Canais Recomendados atualmente:
2025-05-05 04:01:53 - INFO - Canal Recomendado 0: vadriss (https://www.twitch.tv/vadriss)
2025-05-05 04:01:58 - INFO - Canal Recomendado 1: august (https://www.twitch.tv/august)
2025-05-05 04:02:03 - INFO - Canal Recomendado 2: chosen_ow (https://www.twitch.tv/chosen_ow)
2025-05-05 04:02:08 - INFO - Canal Recomendado 3: warn (https://www.twitch.tv/warn)
2025-05-05 04:02:13 - INFO - Canal Recomendado 4: gkey (https://www.twitch.tv/gkey)
2025-05-05 04:02:17 - INFO - Canal Recomendado 5: mrlust (https://www.twitch.tv/mrlust)
2025-05-05 04:02:22 - INFO - Canal Recomendado 6: pcprincesss (https://www.twitch.tv/pcprincesss)
2025-05-05 04:02:27 - INFO - Canal Recomendado 7: vulture_ow (https://www.twitch.tv/vulture_ow)
2025-05-05 04:02:31 - INFO - Canal Recomendado 8: ml_247 (https://www.twitch.tv/ml_247)
2025-05-05 04:02:41 - INFO - Successfully logged onto Twitch WS: subze2004
2025-05-05 04:13:10 - INFO - Coletado chat do canal august por 632 segundos
2025-05-05 04:13:10 - INFO - Tempo de visualização encerrado, busca 1 de 4 encerrada
2025-05-05 04:13:10 - INFO - Jogo escolhido: grand-theft-auto-v
2025-05-05 04:13:54 - INFO - Assistindo THE TOWNS RP. | Subs:1701/10000 | !discord !socials !video
jaystayup
DISTRICT10
English
D10
LIVE
1.8K viewers por 1065 segundos
2025-05-05 04:14:19 - INFO - Canais Recomendados atualmente:
2025-05-05 04:14:19 - INFO - Canal Recomendado 0: vadriss (https://www.twitch.tv/vadriss)
2025-05-05 04:14:24 - INFO - Canal Recomendado 1: august (https://www.twitch.tv/august)
2025-05-05 04:14:28 - INFO - Canal Recomendado 2: warn (https://www.twitch.tv/warn)
2025-05-05 04:14:33 - INFO - Canal Recomendado 3: chosen_ow (https://www.twitch.tv/chosen_ow)
2025-05-05 04:14:37 - INFO - Canal Recomendado 4: gkey (https://www.twitch.tv/gkey)
2025-05-05 04:14:41 - INFO - Canal Recomendado 5: mrlust (https://www.twitch.tv/mrlust)
2025-05-05 04:14:46 - INFO - Canal Recomendado 6: welo (https://www.twitch.tv/welo)
2025-05-05 04:14:52 - INFO - Canal Recomendado 7: mdswervin (https://www.twitch.tv/mdswervin)
2025-05-05 04:14:57 - INFO - Canal Recomendado 8: capp (https://www.twitch.tv/capp)
2025-05-05 04:15:07 - INFO - Successfully logged onto Twitch WS: subze2004
2025-05-05 04:32:50 - INFO - Coletado chat do canal jaystayup por 1065 segundos
2025-05-05 04:32:50 - INFO - Tempo de visualização encerrado, busca 2 de 4 encerrada
2025-05-05 04:32:50 - INFO - Jogo escolhido: roblox
2025-05-05 04:33:35 - INFO - Assistindo 🔴{LIVE}🔴 PLS DONATE OFFLINE DONATING TO VIEWERS! | !socials !discord !sub 🔴
therealosdee
English
fivem
grind
HDHD
LIVE
6 viewers por 903 segundos
2025-05-05 04:33:59 - INFO - Canais Recomendados atualmente:
2025-05-05 04:33:59 - INFO - Canal Recomendado 0: vadriss (https://www.twitch.tv/vadriss)
2025-05-05 04:34:04 - INFO - Canal Recomendado 1: august (https://www.twitch.tv/august)
2025-05-05 04:34:09 - INFO - Canal Recomendado 2: chosen_ow (https://www.twitch.tv/chosen_ow)
2025-05-05 04:34:14 - INFO - Canal Recomendado 3: gkey (https://www.twitch.tv/gkey)
2025-05-05 04:34:18 - INFO - Canal Recomendado 4: mrlust (https://www.twitch.tv/mrlust)
2025-05-05 04:34:22 - INFO - Canal Recomendado 5: oatley (https://www.twitch.tv/oatley)
2025-05-05 04:34:28 - INFO - Canal Recomendado 6: lisalanderr (https://www.twitch.tv/lisalanderr)
2025-05-05 04:34:33 - INFO - Canal Recomendado 7: osdeelive (https://www.twitch.tv/osdeelive)
2025-05-05 04:34:37 - INFO - Canal Recomendado 8: void_zy (https://www.twitch.tv/void_zy)
2025-05-05 04:34:47 - INFO - Successfully logged onto Twitch WS: subze2004
2025-05-05 04:49:48 - INFO - Coletado chat do canal therealosdee por 903 segundos
2025-05-05 04:49:48 - INFO - Tempo de visualização encerrado, busca 3 de 4 encerrada
2025-05-05 04:49:48 - INFO - Jogo escolhido: minecraft
2025-05-05 04:50:46 - INFO - Assistindo Interiors > Exteriors? | Chronicle 2 | Halcyon Heights | Chatters or lurkers welcome!
GriffonPrime
HalcyonHeights
English
Chill
LIVE
173 viewers por 761 segundos
2025-05-05 04:51:08 - INFO - Canais Recomendados atualmente:
2025-05-05 04:51:08 - INFO - Canal Recomendado 0: vadriss (https://www.twitch.tv/vadriss)
2025-05-05 04:51:14 - INFO - Canal Recomendado 1: august (https://www.twitch.tv/august)
2025-05-05 04:51:20 - INFO - Canal Recomendado 2: chosen_ow (https://www.twitch.tv/chosen_ow)
2025-05-05 04:51:25 - INFO - Canal Recomendado 3: gkey (https://www.twitch.tv/gkey)
2025-05-05 04:51:29 - INFO - Canal Recomendado 4: arguz11 (https://www.twitch.tv/arguz11)
2025-05-05 04:51:34 - INFO - Canal Recomendado 5: mrlust (https://www.twitch.tv/mrlust)
2025-05-05 04:51:38 - INFO - Canal Recomendado 6: benjimin_mc (https://www.twitch.tv/benjimin_mc)
2025-05-05 04:51:43 - INFO - Canal Recomendado 7: zoolon888 (https://www.twitch.tv/zoolon888)
2025-05-05 04:51:47 - INFO - Canal Recomendado 8: gr3y_tig3r (https://www.twitch.tv/gr3y_tig3r)
2025-05-05 04:51:57 - INFO - Successfully logged onto Twitch WS: subze2004
2025-05-05 05:04:36 - INFO - Coletado chat do canal griffonprime por 761 segundos
2025-05-05 05:04:36 - INFO - Tempo de visualização encerrado, busca 4 de 4 encerrada
2025-05-05 05:04:36 - INFO - Treino concluído com sucesso.
2025-05-05 08:00:46 - INFO - ====== WebDriver manager ======
2025-05-05 08:00:46 - INFO - Get LATEST chromedriver version for google-chrome
2025-05-05 08:00:47 - INFO - Get LATEST chromedriver version for google-chrome
2025-05-05 08:00:47 - INFO - Driver [/home/locus/.wdm/drivers/chromedriver/linux64/135.0.7049.114/chromedriver-linux64/chromedriver] found in cache
2025-05-05 08:00:58 - INFO - Erro ao logar no Twitch ou Login já realizado
2025-05-05 08:01:00 - INFO - Iniciando treino...
2025-05-05 08:01:00 - INFO - Realizando 3 buscas nessa sessão
2025-05-05 08:01:00 - INFO - Jogo escolhido: marvel-rivals
2025-05-05 08:01:40 - INFO - Assistindo {DROPS} PC SEASON 2 Rank Guruu
hoodninja340
SafeSpace
VibingWithChat
LIVE
24 viewers por 798 segundos
2025-05-05 08:02:06 - INFO - Canais Recomendados atualmente:
2025-05-05 08:02:06 - INFO - Canal Recomendado 0: grimm (https://www.twitch.tv/grimm)
2025-05-05 08:02:11 - INFO - Canal Recomendado 1: gkey (https://www.twitch.tv/gkey)
2025-05-05 08:02:15 - INFO - Canal Recomendado 2: olofmeister (https://www.twitch.tv/olofmeister)
2025-05-05 08:02:20 - INFO - Canal Recomendado 3: oatley (https://www.twitch.tv/oatley)
2025-05-05 08:02:24 - INFO - Canal Recomendado 4: nickeh30_vods (https://www.twitch.tv/nickeh30_vods)
2025-05-05 08:02:28 - INFO - Canal Recomendado 5: mrlust (https://www.twitch.tv/mrlust)
2025-05-05 08:02:35 - INFO - Canal Recomendado 6: wavywhy (https://www.twitch.tv/wavywhy)
2025-05-05 08:02:39 - INFO - Canal Recomendado 7: realzgonglitch (https://www.twitch.tv/realzgonglitch)
2025-05-05 08:02:45 - INFO - Canal Recomendado 8: motormouff (https://www.twitch.tv/motormouff)
2025-05-05 08:02:54 - INFO - Successfully logged onto Twitch WS: subze2004
2025-05-05 08:16:10 - INFO - Coletado chat do canal hoodninja340 por 798 segundos
2025-05-05 08:16:10 - INFO - Tempo de visualização encerrado, busca 1 de 3 encerrada
2025-05-05 08:16:10 - INFO - Jogo escolhido: grand-theft-auto-v
2025-05-05 08:16:54 - INFO - Assistindo TOXIC IS BACK! YOUR GF’s FAV LIVESTREAM [GTA RP]
TORIHUBBARD
GTARP
English
GTA
LIVE
777 viewers por 926 segundos
2025-05-05 08:17:15 - INFO - Canais Recomendados atualmente:
2025-05-05 08:17:15 - INFO - Canal Recomendado 0: grimm (https://www.twitch.tv/grimm)
2025-05-05 08:17:20 - INFO - Canal Recomendado 1: olofmeister (https://www.twitch.tv/olofmeister)
2025-05-05 08:17:24 - INFO - Canal Recomendado 2: gkey (https://www.twitch.tv/gkey)
2025-05-05 08:17:28 - INFO - Canal Recomendado 3: oatley (https://www.twitch.tv/oatley)
2025-05-05 08:17:32 - INFO - Canal Recomendado 4: nickeh30_vods (https://www.twitch.tv/nickeh30_vods)
2025-05-05 08:17:37 - INFO - Canal Recomendado 5: mrlust (https://www.twitch.tv/mrlust)
2025-05-05 08:17:41 - INFO - Canal Recomendado 6: tank_fm (https://www.twitch.tv/tank_fm)
2025-05-05 08:17:46 - INFO - Canal Recomendado 7: dgthe99 (https://www.twitch.tv/dgthe99)
2025-05-05 08:17:50 - INFO - Canal Recomendado 8: benjamin_bucks (https://www.twitch.tv/benjamin_bucks)
2025-05-05 08:17:59 - INFO - Successfully logged onto Twitch WS: subze2004
2025-05-05 08:33:23 - INFO - Coletado chat do canal torihubbard por 926 segundos
2025-05-05 08:33:23 - INFO - Tempo de visualização encerrado, busca 2 de 3 encerrada
2025-05-05 08:33:23 - INFO - Jogo escolhido: ea-sports-fc-25
2025-05-05 08:34:12 - INFO - Assistindo 2x PREM TOTS WEEKEND LEAGUES!!! || !4411
Stokes
English
LIVE
2.7K viewers por 648 segundos
2025-05-05 08:34:37 - INFO - Canais Recomendados atualmente:
2025-05-05 08:34:37 - INFO - Canal Recomendado 0: grimm (https://www.twitch.tv/grimm)
2025-05-05 08:34:47 - INFO - Canal Recomendado 1: olofmeister (https://www.twitch.tv/olofmeister)
2025-05-05 08:34:53 - INFO - Canal Recomendado 2: gkey (https://www.twitch.tv/gkey)
2025-05-05 08:34:57 - INFO - Canal Recomendado 3: oatley (https://www.twitch.tv/oatley)
2025-05-05 08:35:06 - INFO - Canal Recomendado 4: nickeh30_vods (https://www.twitch.tv/nickeh30_vods)
2025-05-05 08:35:11 - INFO - Canal Recomendado 5: guru (https://www.twitch.tv/guru)
2025-05-05 08:35:16 - INFO - Canal Recomendado 6: itscoryb (https://www.twitch.tv/itscoryb)
2025-05-05 08:35:21 - INFO - Canal Recomendado 7: mrtex20 (https://www.twitch.tv/mrtex20)
2025-05-05 08:35:25 - INFO - Canal Recomendado 8: jamodo (https://www.twitch.tv/jamodo)
2025-05-05 08:35:35 - INFO - Successfully logged onto Twitch WS: subze2004
2025-05-05 08:46:20 - INFO - Coletado chat do canal stokes por 648 segundos
2025-05-05 08:46:20 - INFO - Tempo de visualização encerrado, busca 3 de 3 encerrada
2025-05-05 08:46:20 - INFO - Treino concluído com sucesso.
2025-05-05 12:00:31 - INFO - ====== WebDriver manager ======
2025-05-05 12:00:31 - INFO - Get LATEST chromedriver version for google-chrome
2025-05-05 12:00:32 - INFO - Get LATEST chromedriver version for google-chrome
2025-05-05 12:00:32 - INFO - Driver [/home/locus/.wdm/drivers/chromedriver/linux64/135.0.7049.114/chromedriver-linux64/chromedriver] found in cache
2025-05-05 12:00:43 - INFO - Erro ao logar no Twitch ou Login já realizado
2025-05-05 12:00:45 - INFO - Iniciando treino...
2025-05-05 12:00:45 - INFO - Realizando 3 buscas nessa sessão
2025-05-05 12:00:45 - INFO - Jogo escolhido: counter-strike
2025-05-05 12:02:05 - INFO - Assistindo Fnatic vs Passion UA | !maps | Thunderpick WC: EU Series #1 | @Trottah & @sxstem_cs | !giveaway
Trottah
English
ECL
CS2
ESL
LIVE
727 viewers por 1167 segundos
2025-05-05 12:02:29 - INFO - Canais Recomendados atualmente:
2025-05-05 12:02:29 - INFO - Canal Recomendado 0: thefreddymc (https://www.twitch.tv/thefreddymc)
2025-05-05 12:02:39 - INFO - Canal Recomendado 1: gkey (https://www.twitch.tv/gkey)
2025-05-05 12:02:44 - INFO - Canal Recomendado 2: grimm (https://www.twitch.tv/grimm)
2025-05-05 12:02:49 - INFO - Canal Recomendado 3: nickeh30 (https://www.twitch.tv/nickeh30)
2025-05-05 12:02:54 - INFO - Canal Recomendado 4: flux (https://www.twitch.tv/flux)
2025-05-05 12:02:58 - INFO - Canal Recomendado 5: auziomf (https://www.twitch.tv/auziomf)
2025-05-05 12:03:03 - INFO - Canal Recomendado 6: thunderpicktv (https://www.twitch.tv/thunderpicktv)
2025-05-05 12:03:07 - INFO - Canal Recomendado 7: cct_cs (https://www.twitch.tv/cct_cs)
2025-05-05 12:03:11 - INFO - Canal Recomendado 8: compass_cs2 (https://www.twitch.tv/compass_cs2)
2025-05-05 12:03:21 - INFO - Successfully logged onto Twitch WS: subze2004
2025-05-05 12:22:46 - INFO - Coletado chat do canal trottah por 1167 segundos
2025-05-05 12:22:46 - INFO - Tempo de visualização encerrado, busca 1 de 3 encerrada
2025-05-05 12:22:46 - INFO - Jogo escolhido: overwatch-2
2025-05-05 12:23:36 - INFO - Assistindo [!DROPS ENABLED] OVERWATCH 2 GAMING !gamersupps
Emongg
DropsEnabled
English
LIVE
3.3K viewers por 792 segundos
2025-05-05 12:24:01 - INFO - Canais Recomendados atualmente:
2025-05-05 12:24:01 - INFO - Canal Recomendado 0: thefreddymc (https://www.twitch.tv/thefreddymc)
2025-05-05 12:24:18 - INFO - Canal Recomendado 1: grayhairandtattoos_ (https://www.twitch.tv/grayhairandtattoos_)
2025-05-05 12:24:22 - INFO - Canal Recomendado 2: grimm (https://www.twitch.tv/grimm)
2025-05-05 12:24:28 - INFO - Canal Recomendado 3: dima_wallhacks (https://www.twitch.tv/dima_wallhacks)
2025-05-05 12:24:33 - INFO - Canal Recomendado 4: nickeh30 (https://www.twitch.tv/nickeh30)
2025-05-05 12:24:38 - INFO - Canal Recomendado 5: flux (https://www.twitch.tv/flux)
2025-05-05 12:24:42 - INFO - Canal Recomendado 6: muma (https://www.twitch.tv/muma)
2025-05-05 12:24:46 - INFO - Canal Recomendado 7: skiesti (https://www.twitch.tv/skiesti)
2025-05-05 12:24:51 - INFO - Canal Recomendado 8: bogur (https://www.twitch.tv/bogur)
2025-05-05 12:25:00 - INFO - Successfully logged onto Twitch WS: subze2004
2025-05-05 12:38:10 - INFO - Coletado chat do canal emongg por 792 segundos
2025-05-05 12:38:10 - INFO - Tempo de visualização encerrado, busca 2 de 3 encerrada
2025-05-05 12:38:10 - INFO - Jogo escolhido: sea-of-thieves
2025-05-05 12:38:56 - INFO - Assistindo 🏴‍☠️HOWDY🏴‍☠️ TTS 500 !latest
BoxyFresh
LordofFrenziedFlame
LIVE
1.4K viewers por 1101 segundos
2025-05-05 12:39:19 - INFO - Canais Recomendados atualmente:
2025-05-05 12:39:19 - INFO - Canal Recomendado 0: thefreddymc (https://www.twitch.tv/thefreddymc)
2025-05-05 12:39:24 - INFO - Canal Recomendado 1: grimm (https://www.twitch.tv/grimm)
2025-05-05 12:39:29 - INFO - Canal Recomendado 2: grayhairandtattoos_ (https://www.twitch.tv/grayhairandtattoos_)
2025-05-05 12:39:33 - INFO - Canal Recomendado 3: cowfee (https://www.twitch.tv/cowfee)
2025-05-05 12:39:39 - INFO - Canal Recomendado 4: nickeh30 (https://www.twitch.tv/nickeh30)
2025-05-05 12:39:43 - INFO - Canal Recomendado 5: dima_wallhacks (https://www.twitch.tv/dima_wallhacks)
2025-05-05 12:39:48 - INFO - Canal Recomendado 6: hitbotc (https://www.twitch.tv/hitbotc)
2025-05-05 12:39:53 - INFO - Canal Recomendado 7: skelecurseirl (https://www.twitch.tv/skelecurseirl)
2025-05-05 12:39:57 - INFO - Canal Recomendado 8: foxdie (https://www.twitch.tv/foxdie)
2025-05-05 12:40:07 - INFO - Successfully logged onto Twitch WS: subze2004
2025-05-05 12:58:26 - INFO - Coletado chat do canal boxyfresh por 1101 segundos
2025-05-05 12:58:26 - INFO - Tempo de visualização encerrado, busca 3 de 3 encerrada
2025-05-05 12:58:26 - INFO - Treino concluído com sucesso.
2025-05-05 16:00:36 - INFO - ====== WebDriver manager ======
2025-05-05 16:00:36 - INFO - Get LATEST chromedriver version for google-chrome
2025-05-05 16:00:37 - INFO - Get LATEST chromedriver version for google-chrome
2025-05-05 16:00:37 - INFO - Driver [/home/locus/.wdm/drivers/chromedriver/linux64/135.0.7049.114/chromedriver-linux64/chromedriver] found in cache
2025-05-05 16:00:49 - INFO - Erro ao logar no Twitch ou Login já realizado
2025-05-05 16:00:51 - INFO - Iniciando treino...
2025-05-05 16:00:51 - INFO - Realizando 4 buscas nessa sessão
2025-05-05 16:00:51 - INFO - Jogo escolhido: ea-sports-fc-25
2025-05-05 16:01:35 - INFO - Assistindo RTG CHAMPS REWARDS! 🚨 !community !433 !prime !tts @AuzioMF
AuzioMF
English
LIVE
7.3K viewers por 1116 segundos
2025-05-05 16:01:56 - INFO - Canais Recomendados atualmente:
2025-05-05 16:01:56 - INFO - Canal Recomendado 0: thefreddymc (https://www.twitch.tv/thefreddymc)
2025-05-05 16:02:01 - INFO - Canal Recomendado 1: grayhairandtattoos_ (https://www.twitch.tv/grayhairandtattoos_)
2025-05-05 16:02:06 - INFO - Canal Recomendado 2: nickeh30 (https://www.twitch.tv/nickeh30)
2025-05-05 16:02:10 - INFO - Canal Recomendado 3: vinnie (https://www.twitch.tv/vinnie)
2025-05-05 16:02:14 - INFO - Canal Recomendado 4: cowfee (https://www.twitch.tv/cowfee)
2025-05-05 16:02:18 - INFO - Canal Recomendado 5: andr3wow (https://www.twitch.tv/andr3wow)
2025-05-05 16:02:22 - INFO - Canal Recomendado 6: runthefutmarket (https://www.twitch.tv/runthefutmarket)
2025-05-05 16:02:27 - INFO - Canal Recomendado 7: thefutaccountant (https://www.twitch.tv/thefutaccountant)
2025-05-05 16:02:31 - INFO - Canal Recomendado 8: bugs (https://www.twitch.tv/bugs)
2025-05-05 16:02:40 - INFO - Successfully logged onto Twitch WS: subze2004
2025-05-05 16:21:14 - INFO - Coletado chat do canal auziomf por 1116 segundos
2025-05-05 16:21:14 - INFO - Tempo de visualização encerrado, busca 1 de 4 encerrada
2025-05-05 16:21:14 - INFO - Jogo escolhido: roblox
2025-05-05 16:21:56 - INFO - Assistindo hanging by a thread ✦ !palestine ✦ !prime ✦ !ct
mouthfulofmilk
English
multistreamer
LIVE
39 viewers por 1069 segundos
2025-05-05 16:22:18 - INFO - Canais Recomendados atualmente:
2025-05-05 16:22:18 - INFO - Canal Recomendado 0: jacmafia (https://www.twitch.tv/jacmafia)
2025-05-05 16:22:23 - INFO - Canal Recomendado 1: joshseki (https://www.twitch.tv/joshseki)
2025-05-05 16:22:27 - INFO - Canal Recomendado 2: thefreddymc (https://www.twitch.tv/thefreddymc)
2025-05-05 16:22:32 - INFO - Canal Recomendado 3: nickeh30 (https://www.twitch.tv/nickeh30)
2025-05-05 16:22:36 - INFO - Canal Recomendado 4: mrlust (https://www.twitch.tv/mrlust)
2025-05-05 16:22:40 - INFO - Canal Recomendado 5: dantes (https://www.twitch.tv/dantes)
2025-05-05 16:22:44 - INFO - Canal Recomendado 6: rrhonaa (https://www.twitch.tv/rrhonaa)
2025-05-05 16:22:48 - INFO - Canal Recomendado 7: flexinja (https://www.twitch.tv/flexinja)
2025-05-05 16:22:53 - INFO - Canal Recomendado 8: lindzeyhi (https://www.twitch.tv/lindzeyhi)
2025-05-05 16:23:03 - INFO - Successfully logged onto Twitch WS: subze2004
2025-05-05 16:40:49 - INFO - Coletado chat do canal mouthfulofmilk por 1069 segundos
2025-05-05 16:40:49 - INFO - Tempo de visualização encerrado, busca 2 de 4 encerrada
2025-05-05 16:40:49 - INFO - Jogo escolhido: fortnite
2025-05-05 16:41:32 - INFO - Assistindo Sour power: activated! #Airheads #AirheadsSourbars #ad
SypherPK
Fortnite
Multiplayer
LIVE
9.9K viewers por 1084 segundos
2025-05-05 16:41:56 - INFO - Canais Recomendados atualmente:
2025-05-05 16:41:56 - INFO - Canal Recomendado 0: thefreddymc (https://www.twitch.tv/thefreddymc)
2025-05-05 16:42:02 - INFO - Canal Recomendado 1: devin_caherly (https://www.twitch.tv/devin_caherly)
2025-05-05 16:42:07 - INFO - Canal Recomendado 2: nickeh30 (https://www.twitch.tv/nickeh30)
2025-05-05 16:42:11 - INFO - Canal Recomendado 3: vinnie (https://www.twitch.tv/vinnie)
2025-05-05 16:42:16 - INFO - Canal Recomendado 4: kreekcraft (https://www.twitch.tv/kreekcraft)
2025-05-05 16:42:21 - INFO - Canal Recomendado 5: mrlust (https://www.twitch.tv/mrlust)
2025-05-05 16:42:26 - INFO - Canal Recomendado 6: sypherpkvods (https://www.twitch.tv/sypherpkvods)
2025-05-05 16:42:30 - INFO - Canal Recomendado 7: couragejd (https://www.twitch.tv/couragejd)
2025-05-05 16:42:35 - INFO - Canal Recomendado 8: bushcampdad (https://www.twitch.tv/bushcampdad)
2025-05-05 16:42:45 - INFO - Successfully logged onto Twitch WS: subze2004
2025-05-05 17:00:47 - INFO - Coletado chat do canal sypherpk por 1084 segundos
2025-05-05 17:00:47 - INFO - Tempo de visualização encerrado, busca 3 de 4 encerrada
2025-05-05 17:00:47 - INFO - Jogo escolhido: sea-of-thieves
2025-05-05 17:01:32 - INFO - Assistindo ✨MONDAY SOT w/ @briittybear ✨ !sologuide !plusprogram !socials
iDbz
Tucks
Goober
Db
English
LIVE
156 viewers por 644 segundos
2025-05-05 17:01:54 - INFO - Canais Recomendados atualmente:
2025-05-05 17:01:54 - INFO - Canal Recomendado 0: thefreddymc (https://www.twitch.tv/thefreddymc)
2025-05-05 17:01:58 - INFO - Canal Recomendado 1: devin_caherly (https://www.twitch.tv/devin_caherly)
2025-05-05 17:02:03 - INFO - Canal Recomendado 2: vinnie (https://www.twitch.tv/vinnie)
2025-05-05 17:02:07 - INFO - Canal Recomendado 3: nickeh30_vods (https://www.twitch.tv/nickeh30_vods)
2025-05-05 17:02:12 - INFO - Canal Recomendado 4: mrlust (https://www.twitch.tv/mrlust)
2025-05-05 17:02:16 - INFO - Canal Recomendado 5: kreekcraft (https://www.twitch.tv/kreekcraft)
2025-05-05 17:02:20 - INFO - Canal Recomendado 6: boxyfresh (https://www.twitch.tv/boxyfresh)
2025-05-05 17:02:24 - INFO - Canal Recomendado 7: hitbotc (https://www.twitch.tv/hitbotc)
2025-05-05 17:02:29 - INFO - Canal Recomendado 8: ebacon1_ (https://www.twitch.tv/ebacon1_)
2025-05-05 17:02:38 - INFO - Successfully logged onto Twitch WS: subze2004
2025-05-05 17:13:20 - INFO - Coletado chat do canal idbz por 644 segundos
2025-05-05 17:13:20 - INFO - Tempo de visualização encerrado, busca 4 de 4 encerrada
2025-05-05 17:13:20 - INFO - Treino concluído com sucesso.
2025-05-05 20:00:30 - INFO - ====== WebDriver manager ======
2025-05-05 20:00:30 - INFO - Get LATEST chromedriver version for google-chrome
2025-05-05 20:00:31 - INFO - Get LATEST chromedriver version for google-chrome
2025-05-05 20:00:31 - INFO - Driver [/home/locus/.wdm/drivers/chromedriver/linux64/135.0.7049.114/chromedriver-linux64/chromedriver] found in cache
2025-05-05 20:00:43 - INFO - Erro ao logar no Twitch ou Login já realizado
2025-05-05 20:00:45 - INFO - Iniciando treino...
2025-05-05 20:00:45 - INFO - Realizando 4 buscas nessa sessão
2025-05-05 20:00:45 - INFO - Jogo escolhido: marvel-rivals
2025-05-05 20:01:26 - INFO - Assistindo chillin 4 a sec then rivals
vinnie
English
LIVE
486 viewers por 1100 segundos
2025-05-05 20:01:47 - INFO - Canais Recomendados atualmente:
2025-05-05 20:01:47 - INFO - Canal Recomendado 0: vadriss (https://www.twitch.tv/vadriss)
2025-05-05 20:01:52 - INFO - Canal Recomendado 1: nickeh30 (https://www.twitch.tv/nickeh30)
2025-05-05 20:01:56 - INFO - Canal Recomendado 2: vinnie (https://www.twitch.tv/vinnie)
2025-05-05 20:02:00 - INFO - Canal Recomendado 3: grayhairandtattoos_ (https://www.twitch.tv/grayhairandtattoos_)
2025-05-05 20:02:05 - INFO - Canal Recomendado 4: lilsimsie (https://www.twitch.tv/lilsimsie)
2025-05-05 20:02:09 - INFO - Canal Recomendado 5: cowfee (https://www.twitch.tv/cowfee)
2025-05-05 20:02:13 - INFO - Canal Recomendado 6: qubblez_ (https://www.twitch.tv/qubblez_)
2025-05-05 20:02:18 - INFO - Canal Recomendado 7: aramori (https://www.twitch.tv/aramori)
2025-05-05 20:02:23 - INFO - Canal Recomendado 8: supergomezow (https://www.twitch.tv/supergomezow)
2025-05-05 20:02:32 - INFO - Successfully logged onto Twitch WS: subze2004
2025-05-05 20:20:50 - INFO - Coletado chat do canal vinnie por 1100 segundos
2025-05-05 20:20:50 - INFO - Tempo de visualização encerrado, busca 1 de 4 encerrada
2025-05-05 20:20:50 - INFO - Jogo escolhido: valorant
2025-05-05 20:21:35 - INFO - Assistindo 🕷️ EARLY BIRD 🕷️ CINCO DE MAYO 🕷️ WE HERE 🕷️ DISCORD PLEASE SAVE ME 🕷️
cutespiders_
cutespiders
valorant
eboy
LIVE
145 viewers por 1022 segundos
2025-05-05 20:22:00 - INFO - Canais Recomendados atualmente:
2025-05-05 20:22:00 - INFO - Canal Recomendado 0: vadriss (https://www.twitch.tv/vadriss)
2025-05-05 20:22:04 - INFO - Canal Recomendado 1: vinnie (https://www.twitch.tv/vinnie)
2025-05-05 20:22:08 - INFO - Canal Recomendado 2: grayhairandtattoos_ (https://www.twitch.tv/grayhairandtattoos_)
2025-05-05 20:22:13 - INFO - Canal Recomendado 3: nickeh30 (https://www.twitch.tv/nickeh30)
2025-05-05 20:22:17 - INFO - Canal Recomendado 4: lilsimsie (https://www.twitch.tv/lilsimsie)
2025-05-05 20:22:21 - INFO - Canal Recomendado 5: cowfee (https://www.twitch.tv/cowfee)
2025-05-05 20:22:26 - INFO - Canal Recomendado 6: eggsterr (https://www.twitch.tv/eggsterr)
2025-05-05 20:22:30 - INFO - Canal Recomendado 7: royalg (https://www.twitch.tv/royalg)
2025-05-05 20:22:35 - INFO - Canal Recomendado 8: rosettafps (https://www.twitch.tv/rosettafps)
2025-05-05 20:22:44 - INFO - Successfully logged onto Twitch WS: subze2004
2025-05-05 20:39:44 - INFO - Coletado chat do canal cutespiders_ por 1022 segundos
2025-05-05 20:39:44 - INFO - Tempo de visualização encerrado, busca 2 de 4 encerrada
2025-05-05 20:39:44 - INFO - Jogo escolhido: fortnite
2025-05-05 20:40:23 - INFO - Assistindo Official 24/7 NickEh30 Fortnite Stream
NickEh30_VODs
Canadian
Multiplayer
LIVE
92 viewers por 924 segundos
2025-05-05 20:40:47 - INFO - Canais Recomendados atualmente:
2025-05-05 20:40:47 - INFO - Canal Recomendado 0: vadriss (https://www.twitch.tv/vadriss)
2025-05-05 20:40:51 - INFO - Canal Recomendado 1: vinnie (https://www.twitch.tv/vinnie)
2025-05-05 20:40:56 - INFO - Canal Recomendado 2: grayhairandtattoos_ (https://www.twitch.tv/grayhairandtattoos_)
2025-05-05 20:41:00 - INFO - Canal Recomendado 3: nickeh30 (https://www.twitch.tv/nickeh30)
2025-05-05 20:41:04 - INFO - Canal Recomendado 4: lilsimsie (https://www.twitch.tv/lilsimsie)
2025-05-05 20:41:09 - INFO - Canal Recomendado 5: cowfee (https://www.twitch.tv/cowfee)
2025-05-05 20:41:13 - INFO - Canal Recomendado 6: couragejd (https://www.twitch.tv/couragejd)
2025-05-05 20:41:18 - INFO - Canal Recomendado 7: bushcampdad (https://www.twitch.tv/bushcampdad)
2025-05-05 20:41:22 - INFO - Canal Recomendado 8: sypherpkvods (https://www.twitch.tv/sypherpkvods)
2025-05-05 20:41:31 - INFO - Successfully logged onto Twitch WS: subze2004
2025-05-05 20:56:53 - INFO - Coletado chat do canal nickeh30_vods por 924 segundos
2025-05-05 20:56:53 - INFO - Tempo de visualização encerrado, busca 3 de 4 encerrada
2025-05-05 20:56:53 - INFO - Jogo escolhido: grand-theft-auto-v
2025-05-05 20:57:37 - INFO - Assistindo MR K MOSTWANTED CRIMINAL🚨PRODIGYRP🚨
Lord_Kebun
English
LIVE
11K viewers por 831 segundos
2025-05-05 20:58:01 - INFO - Canais Recomendados atualmente:
2025-05-05 20:58:01 - INFO - Canal Recomendado 0: vadriss (https://www.twitch.tv/vadriss)
2025-05-05 20:58:06 - INFO - Canal Recomendado 1: vinnie (https://www.twitch.tv/vinnie)
2025-05-05 20:58:11 - INFO - Canal Recomendado 2: nickeh30 (https://www.twitch.tv/nickeh30)
2025-05-05 20:58:15 - INFO - Canal Recomendado 3: grayhairandtattoos_ (https://www.twitch.tv/grayhairandtattoos_)
2025-05-05 20:58:19 - INFO - Canal Recomendado 4: cowfee (https://www.twitch.tv/cowfee)
2025-05-05 20:58:24 - INFO - Canal Recomendado 5: mrlust (https://www.twitch.tv/mrlust)
2025-05-05 20:58:28 - INFO - Canal Recomendado 6: whippy (https://www.twitch.tv/whippy)
2025-05-05 20:58:32 - INFO - Canal Recomendado 7: shotz (https://www.twitch.tv/shotz)
2025-05-05 20:58:37 - INFO - Canal Recomendado 8: client (https://www.twitch.tv/client)
2025-05-05 20:58:46 - INFO - Successfully logged onto Twitch WS: subze2004
2025-05-05 21:08:31 - INFO - Successfully logged onto Twitch WS: subze2004
2025-05-05 21:12:35 - ERROR - Exception in callback WSConnection._task_callback(':tmi.twitch....elcome, GLHF!')(<Task cancell...ocket.py:341>>)
handle: <Handle WSConnection._task_callback(':tmi.twitch....elcome, GLHF!')(<Task cancell...ocket.py:341>>)>
Traceback (most recent call last):
  File "/home/locus/.pyenv/versions/env3.10/lib/python3.10/site-packages/twitchio/websocket.py", line 348, in _process_data
    return await self._code(parsed, parsed["code"])
  File "/home/locus/.pyenv/versions/env3.10/lib/python3.10/site-packages/twitchio/websocket.py", line 377, in _code
    await self.is_ready.wait()
  File "/home/locus/.pyenv/versions/3.10.17/lib/python3.10/asyncio/locks.py", line 214, in wait
    await fut
asyncio.exceptions.CancelledError

During handling of the above exception, another exception occurred:

Traceback (most recent call last):
  File "/home/locus/.pyenv/versions/3.10.17/lib/python3.10/asyncio/events.py", line 80, in _run
    self._context.run(self._callback, *self._args)
  File "/home/locus/.pyenv/versions/env3.10/lib/python3.10/site-packages/twitchio/websocket.py", line 198, in _task_callback
    exc = task.exception()
asyncio.exceptions.CancelledError
2025-05-05 21:12:35 - INFO - Coletado chat do canal lord_kebun por 831 segundos
2025-05-05 21:12:35 - INFO - Tempo de visualização encerrado, busca 4 de 4 encerrada
2025-05-05 21:12:35 - INFO - Treino concluído com sucesso.
2025-05-06 00:00:44 - INFO - ====== WebDriver manager ======
2025-05-06 00:00:44 - INFO - Get LATEST chromedriver version for google-chrome
2025-05-06 00:00:45 - INFO - Get LATEST chromedriver version for google-chrome
2025-05-06 00:00:45 - INFO - Get LATEST chromedriver version for google-chrome
2025-05-06 00:00:46 - INFO - WebDriver version 135.0.7049.114 selected
2025-05-06 00:00:46 - INFO - Modern chrome version https://storage.googleapis.com/chrome-for-testing-public/135.0.7049.114/linux64/chromedriver-linux64.zip
2025-05-06 00:00:46 - INFO - About to download new driver from https://storage.googleapis.com/chrome-for-testing-public/135.0.7049.114/linux64/chromedriver-linux64.zip
2025-05-06 00:00:47 - INFO - Driver downloading response is 200
2025-05-06 00:00:48 - INFO - Get LATEST chromedriver version for google-chrome
2025-05-06 00:00:49 - INFO - Driver has been saved in cache [/home/locus/.wdm/drivers/chromedriver/linux64/135.0.7049.114]
2025-05-06 00:01:00 - INFO - Erro ao logar no Twitch ou Login já realizado
2025-05-06 00:01:02 - INFO - Iniciando treino...
2025-05-06 00:01:02 - INFO - Realizando 3 buscas nessa sessão
2025-05-06 00:01:02 - INFO - Jogo escolhido: grand-theft-auto-v
2025-05-06 00:01:44 - INFO - Assistindo Day 35 of UNCAPPED Birthday SUBATHON | !PNS !merch !subathon !goals #Ad #Sponsorship
vadriss
femboy
twitchprideguild
LIVE
962 viewers por 646 segundos
2025-05-06 00:02:09 - INFO - Canais Recomendados atualmente:
2025-05-06 00:02:09 - INFO - Canal Recomendado 0: vadriss (https://www.twitch.tv/vadriss)
2025-05-06 00:02:14 - INFO - Canal Recomendado 1: grayhairandtattoos_ (https://www.twitch.tv/grayhairandtattoos_)
2025-05-06 00:02:19 - INFO - Canal Recomendado 2: nickeh30_vods (https://www.twitch.tv/nickeh30_vods)
2025-05-06 00:02:24 - INFO - Canal Recomendado 3: dkradd (https://www.twitch.tv/dkradd)
2025-05-06 00:02:28 - INFO - Canal Recomendado 4: mrlust (https://www.twitch.tv/mrlust)
2025-05-06 00:02:32 - INFO - Canal Recomendado 5: omareloff (https://www.twitch.tv/omareloff)
2025-05-06 00:02:37 - INFO - Canal Recomendado 6: qaymichael (https://www.twitch.tv/qaymichael)
2025-05-06 00:02:41 - INFO - Canal Recomendado 7: paypay (https://www.twitch.tv/paypay)
2025-05-06 00:02:45 - INFO - Canal Recomendado 8: muvaellaivy (https://www.twitch.tv/muvaellaivy)
2025-05-06 00:02:55 - INFO - Successfully logged onto Twitch WS: subze2004
2025-05-06 00:13:39 - INFO - Coletado chat do canal vadriss por 646 segundos
2025-05-06 00:13:39 - INFO - Tempo de visualização encerrado, busca 1 de 3 encerrada
2025-05-06 00:13:39 - INFO - Jogo escolhido: roblox
2025-05-06 00:14:31 - INFO - Assistindo FREE ROBUX ON PLS DONATE! Commands on screen!
Arguz11
giveaway
roblox
bloxfruit
LIVE
4 viewers por 1085 segundos
2025-05-06 00:14:55 - INFO - Canais Recomendados atualmente:
2025-05-06 00:14:55 - INFO - Canal Recomendado 0: vadriss (https://www.twitch.tv/vadriss)
2025-05-06 00:14:59 - INFO - Canal Recomendado 1: grayhairandtattoos_ (https://www.twitch.tv/grayhairandtattoos_)
2025-05-06 00:15:04 - INFO - Canal Recomendado 2: nickeh30_vods (https://www.twitch.tv/nickeh30_vods)
2025-05-06 00:15:09 - INFO - Canal Recomendado 3: omareloff (https://www.twitch.tv/omareloff)
2025-05-06 00:15:13 - INFO - Canal Recomendado 4: mrlust (https://www.twitch.tv/mrlust)
2025-05-06 00:15:18 - INFO - Canal Recomendado 5: curry (https://www.twitch.tv/curry)
2025-05-06 00:15:22 - INFO - Canal Recomendado 6: osdeelive (https://www.twitch.tv/osdeelive)
2025-05-06 00:15:27 - INFO - Canal Recomendado 7: justmil3s (https://www.twitch.tv/justmil3s)
2025-05-06 00:15:31 - INFO - Canal Recomendado 8: grungiey (https://www.twitch.tv/grungiey)
2025-05-06 00:15:46 - INFO - Successfully logged onto Twitch WS: subze2004
2025-05-06 00:33:43 - INFO - Coletado chat do canal arguz11 por 1085 segundos
2025-05-06 00:33:43 - INFO - Tempo de visualização encerrado, busca 2 de 3 encerrada
2025-05-06 00:33:43 - INFO - Jogo escolhido: valorant
2025-05-06 00:34:25 - INFO - Assistindo me switching up on my day 1s and saying i made it alone 😈😈😈😈😈😈😈😈😈😈😈😈| !discord !socials
punccc
newagent
wholesome
LOUD
LIVE
121 viewers por 989 segundos
2025-05-06 00:34:49 - INFO - Canais Recomendados atualmente:
2025-05-06 00:34:49 - INFO - Canal Recomendado 0: vadriss (https://www.twitch.tv/vadriss)
2025-05-06 00:34:54 - INFO - Canal Recomendado 1: grayhairandtattoos_ (https://www.twitch.tv/grayhairandtattoos_)
2025-05-06 00:34:58 - INFO - Canal Recomendado 2: nickeh30_vods (https://www.twitch.tv/nickeh30_vods)
2025-05-06 00:35:03 - INFO - Canal Recomendado 3: omareloff (https://www.twitch.tv/omareloff)
2025-05-06 00:35:07 - INFO - Canal Recomendado 4: dkradd (https://www.twitch.tv/dkradd)
2025-05-06 00:35:11 - INFO - Canal Recomendado 5: arguz11 (https://www.twitch.tv/arguz11)
2025-05-06 00:35:16 - INFO - Canal Recomendado 6: tristanwuu (https://www.twitch.tv/tristanwuu)
2025-05-06 00:35:20 - INFO - Canal Recomendado 7: eggsterr (https://www.twitch.tv/eggsterr)
2025-05-06 00:35:25 - INFO - Canal Recomendado 8: seismicchef (https://www.twitch.tv/seismicchef)
2025-05-06 00:35:34 - INFO - Successfully logged onto Twitch WS: subze2004
2025-05-06 00:52:01 - INFO - Coletado chat do canal punccc por 989 segundos
2025-05-06 00:52:01 - INFO - Tempo de visualização encerrado, busca 3 de 3 encerrada
2025-05-06 00:52:01 - INFO - Treino concluído com sucesso.
2025-05-06 04:00:12 - INFO - ====== WebDriver manager ======
2025-05-06 04:00:12 - INFO - Get LATEST chromedriver version for google-chrome
2025-05-06 04:00:13 - INFO - Get LATEST chromedriver version for google-chrome
2025-05-06 04:00:13 - INFO - Driver [/home/locus/.wdm/drivers/chromedriver/linux64/135.0.7049.114/chromedriver-linux64/chromedriver] found in cache
2025-05-06 04:00:25 - INFO - Erro ao logar no Twitch ou Login já realizado
2025-05-06 04:00:27 - INFO - Iniciando treino...
2025-05-06 04:00:27 - INFO - Realizando 5 buscas nessa sessão
2025-05-06 04:00:27 - INFO - Jogo escolhido: marvel-rivals
2025-05-06 04:01:10 - INFO - Assistindo ☢️RANK #1 BRUCE BANNER☢️ || bros cooked - long stream ➔ !socials !discord !specs
Nautilifts
BruceBanner
chill
marvelrivals
LIVE
153 viewers por 978 segundos
2025-05-06 04:01:32 - INFO - Canais Recomendados atualmente:
2025-05-06 04:01:32 - INFO - Canal Recomendado 0: vadriss (https://www.twitch.tv/vadriss)
2025-05-06 04:01:37 - INFO - Canal Recomendado 1: oatley (https://www.twitch.tv/oatley)
2025-05-06 04:01:43 - INFO - Canal Recomendado 2: gkey (https://www.twitch.tv/gkey)
2025-05-06 04:01:47 - INFO - Canal Recomendado 3: august (https://www.twitch.tv/august)
2025-05-06 04:01:52 - INFO - Canal Recomendado 4: curry (https://www.twitch.tv/curry)
2025-05-06 04:01:56 - INFO - Canal Recomendado 5: mrlust (https://www.twitch.tv/mrlust)
2025-05-06 04:02:02 - INFO - Canal Recomendado 6: gale (https://www.twitch.tv/gale)
2025-05-06 04:02:07 - INFO - Canal Recomendado 7: basimzb (https://www.twitch.tv/basimzb)
2025-05-06 04:02:11 - INFO - Canal Recomendado 8: puhnoo (https://www.twitch.tv/puhnoo)
2025-05-06 04:02:21 - INFO - Successfully logged onto Twitch WS: subze2004
2025-05-06 04:18:37 - INFO - Coletado chat do canal nautilifts por 978 segundos
2025-05-06 04:18:37 - INFO - Tempo de visualização encerrado, busca 1 de 5 encerrada
2025-05-06 04:18:37 - INFO - Jogo escolhido: league-of-legends
2025-05-06 04:19:41 - INFO - Assistindo Rank 1 Kayn In Korea - Day 2 - !Challenger !discord !rank
KarasMai
English
kayn
LIVE
1.2K viewers por 913 segundos
2025-05-06 04:20:04 - INFO - Canais Recomendados atualmente:
2025-05-06 04:20:04 - INFO - Canal Recomendado 0: vadriss (https://www.twitch.tv/vadriss)
2025-05-06 04:20:17 - INFO - Canal Recomendado 1: kaemii (https://www.twitch.tv/kaemii)
2025-05-06 04:20:23 - INFO - Canal Recomendado 2: oatley (https://www.twitch.tv/oatley)
2025-05-06 04:20:28 - INFO - Canal Recomendado 3: gkey (https://www.twitch.tv/gkey)
2025-05-06 04:20:32 - INFO - Canal Recomendado 4: nautilifts (https://www.twitch.tv/nautilifts)
2025-05-06 04:20:37 - INFO - Canal Recomendado 5: august (https://www.twitch.tv/august)
2025-05-06 04:20:41 - INFO - Canal Recomendado 6: midbeast (https://www.twitch.tv/midbeast)
2025-05-06 04:20:46 - INFO - Canal Recomendado 7: viper (https://www.twitch.tv/viper)
2025-05-06 04:20:50 - INFO - Canal Recomendado 8: lltrigger (https://www.twitch.tv/lltrigger)
2025-05-06 04:21:07 - INFO - Successfully logged onto Twitch WS: subze2004
2025-05-06 04:36:18 - INFO - Coletado chat do canal karasmai por 913 segundos
2025-05-06 04:36:18 - INFO - Tempo de visualização encerrado, busca 2 de 5 encerrada
2025-05-06 04:36:18 - INFO - Jogo escolhido: minecraft
2025-05-06 04:37:06 - INFO - Assistindo ✔CERTIFIED AA SPEEDRUN INCOMING✔
Boosfer
survival
rage
Printer
LIVE
172 viewers por 643 segundos
2025-05-06 04:37:28 - INFO - Canais Recomendados atualmente:
2025-05-06 04:37:28 - INFO - Canal Recomendado 0: vadriss (https://www.twitch.tv/vadriss)
2025-05-06 04:37:33 - INFO - Canal Recomendado 1: nickeh30_vods (https://www.twitch.tv/nickeh30_vods)
2025-05-06 04:37:38 - INFO - Canal Recomendado 2: oatley (https://www.twitch.tv/oatley)
2025-05-06 04:37:43 - INFO - Canal Recomendado 3: mrlust (https://www.twitch.tv/mrlust)
2025-05-06 04:37:47 - INFO - Canal Recomendado 4: matthdgamer (https://www.twitch.tv/matthdgamer)
2025-05-06 04:37:52 - INFO - Canal Recomendado 5: gkey (https://www.twitch.tv/gkey)
2025-05-06 04:37:56 - INFO - Canal Recomendado 6: superc__ (https://www.twitch.tv/superc__)
2025-05-06 04:38:01 - INFO - Canal Recomendado 7: thehashaq (https://www.twitch.tv/thehashaq)
2025-05-06 04:38:05 - INFO - Canal Recomendado 8: podx12 (https://www.twitch.tv/podx12)
2025-05-06 04:38:15 - INFO - Successfully logged onto Twitch WS: subze2004
2025-05-06 04:48:56 - INFO - Coletado chat do canal boosfer por 643 segundos
2025-05-06 04:48:56 - INFO - Tempo de visualização encerrado, busca 3 de 5 encerrada
2025-05-06 04:48:56 - INFO - Jogo escolhido: valorant
2025-05-06 04:49:42 - INFO - Assistindo calm radiant ranked !newvid !rank !sens
cheatcode
English
Competitive
fps
LIVE
207 viewers por 1154 segundos
2025-05-06 04:50:05 - INFO - Canais Recomendados atualmente:
2025-05-06 04:50:05 - INFO - Canal Recomendado 0: vadriss (https://www.twitch.tv/vadriss)
2025-05-06 04:50:11 - INFO - Canal Recomendado 1: gkey (https://www.twitch.tv/gkey)
2025-05-06 04:50:15 - INFO - Canal Recomendado 2: oatley (https://www.twitch.tv/oatley)
2025-05-06 04:50:21 - INFO - Canal Recomendado 3: kaemii (https://www.twitch.tv/kaemii)
2025-05-06 04:50:26 - INFO - Canal Recomendado 4: nautilifts (https://www.twitch.tv/nautilifts)
2025-05-06 04:50:30 - INFO - Canal Recomendado 5: botjayttv (https://www.twitch.tv/botjayttv)
2025-05-06 04:50:35 - INFO - Canal Recomendado 6: ion2x (https://www.twitch.tv/ion2x)
2025-05-06 04:50:39 - INFO - Canal Recomendado 7: virtyy (https://www.twitch.tv/virtyy)
2025-05-06 04:50:43 - INFO - Canal Recomendado 8: demon1 (https://www.twitch.tv/demon1)
2025-05-06 04:50:53 - INFO - Successfully logged onto Twitch WS: subze2004
2025-05-06 05:10:04 - INFO - Coletado chat do canal cheatcode por 1154 segundos
2025-05-06 05:10:04 - INFO - Tempo de visualização encerrado, busca 4 de 5 encerrada
2025-05-06 05:10:04 - INFO - Jogo escolhido: counter-strike
2025-05-06 05:10:53 - INFO - Assistindo 🔴 T U E S D A Y 🔴 I N S A N E N E W S D A Y Y E S T E R D A Y N O ? 🔴 !INUI !YOUTUBE !TRADEIT
GeT_RiGhT
English
danish
Norwegian
LIVE
559 viewers por 650 segundos
2025-05-06 05:11:15 - INFO - Canais Recomendados atualmente:
2025-05-06 05:11:15 - INFO - Canal Recomendado 0: gkey (https://www.twitch.tv/gkey)
2025-05-06 05:11:20 - INFO - Canal Recomendado 1: oatley (https://www.twitch.tv/oatley)
2025-05-06 05:11:25 - INFO - Canal Recomendado 2: kaemii (https://www.twitch.tv/kaemii)
2025-05-06 05:11:29 - INFO - Canal Recomendado 3: august (https://www.twitch.tv/august)
2025-05-06 05:11:34 - INFO - Canal Recomendado 4: curry (https://www.twitch.tv/curry)
2025-05-06 05:11:38 - INFO - Canal Recomendado 5: nautilifts (https://www.twitch.tv/nautilifts)
2025-05-06 05:11:42 - INFO - Canal Recomendado 6: olofmeister (https://www.twitch.tv/olofmeister)
2025-05-06 05:11:47 - INFO - Canal Recomendado 7: f0rest (https://www.twitch.tv/f0rest)
2025-05-06 05:11:51 - INFO - Canal Recomendado 8: stewie2k (https://www.twitch.tv/stewie2k)
2025-05-06 05:12:00 - INFO - Successfully logged onto Twitch WS: subze2004
2025-05-06 05:22:48 - INFO - Coletado chat do canal get_right por 650 segundos
2025-05-06 05:22:48 - INFO - Tempo de visualização encerrado, busca 5 de 5 encerrada
2025-05-06 05:22:48 - INFO - Treino concluído com sucesso.
2025-05-06 08:00:58 - INFO - ====== WebDriver manager ======
2025-05-06 08:00:59 - INFO - Get LATEST chromedriver version for google-chrome
2025-05-06 08:01:00 - INFO - Get LATEST chromedriver version for google-chrome
2025-05-06 08:01:00 - INFO - Driver [/home/locus/.wdm/drivers/chromedriver/linux64/135.0.7049.114/chromedriver-linux64/chromedriver] found in cache
2025-05-06 08:01:12 - INFO - Erro ao logar no Twitch ou Login já realizado
2025-05-06 08:01:14 - INFO - Iniciando treino...
2025-05-06 08:01:14 - INFO - Realizando 5 buscas nessa sessão
2025-05-06 08:01:14 - INFO - Jogo escolhido: sea-of-thieves
2025-05-06 08:01:58 - INFO - Assistindo Coffee Grind hunters call
ekim941
English
Action
PvP
Coffee
LIVE
19 viewers por 1183 segundos
2025-05-06 08:02:21 - INFO - Canais Recomendados atualmente:
2025-05-06 08:02:21 - INFO - Canal Recomendado 0: gkey (https://www.twitch.tv/gkey)
2025-05-06 08:02:25 - INFO - Canal Recomendado 1: oatley (https://www.twitch.tv/oatley)
2025-05-06 08:02:30 - INFO - Canal Recomendado 2: august (https://www.twitch.tv/august)
2025-05-06 08:02:34 - INFO - Canal Recomendado 3: grimm (https://www.twitch.tv/grimm)
2025-05-06 08:02:38 - INFO - Canal Recomendado 4: botjayttv (https://www.twitch.tv/botjayttv)
2025-05-06 08:02:42 - INFO - Canal Recomendado 5: kaemii (https://www.twitch.tv/kaemii)
2025-05-06 08:02:47 - INFO - Canal Recomendado 6: mizterlucas (https://www.twitch.tv/mizterlucas)
2025-05-06 08:02:51 - INFO - Canal Recomendado 7: spar (https://www.twitch.tv/spar)
2025-05-06 08:02:56 - INFO - Canal Recomendado 8: beardageddon247 (https://www.twitch.tv/beardageddon247)
2025-05-06 08:03:05 - INFO - Successfully logged onto Twitch WS: subze2004
2025-05-06 08:22:46 - INFO - Coletado chat do canal ekim941 por 1183 segundos
2025-05-06 08:22:46 - INFO - Tempo de visualização encerrado, busca 1 de 5 encerrada
2025-05-06 08:22:46 - INFO - Jogo escolhido: marvel-rivals
2025-05-06 08:23:30 - INFO - Assistindo RANK 1 VENOM GLOBAL "whyAndr3w" ☆ BEEF WITH CRINGEALARM... !video ☆ VORTEX X ANDR3W COLLAB !vortex !pc
Andr3wOW
Educational
English
LIVE
1K viewers por 1172 segundos
2025-05-06 08:23:53 - INFO - Canais Recomendados atualmente:
2025-05-06 08:23:53 - INFO - Canal Recomendado 0: gkey (https://www.twitch.tv/gkey)
2025-05-06 08:23:58 - INFO - Canal Recomendado 1: oatley (https://www.twitch.tv/oatley)
2025-05-06 08:24:02 - INFO - Canal Recomendado 2: august (https://www.twitch.tv/august)
2025-05-06 08:24:06 - INFO - Canal Recomendado 3: grimm (https://www.twitch.tv/grimm)
2025-05-06 08:24:10 - INFO - Canal Recomendado 4: botjayttv (https://www.twitch.tv/botjayttv)
2025-05-06 08:24:15 - INFO - Canal Recomendado 5: kaemii (https://www.twitch.tv/kaemii)
2025-05-06 08:24:19 - INFO - Canal Recomendado 6: kragiee (https://www.twitch.tv/kragiee)
2025-05-06 08:24:24 - INFO - Canal Recomendado 7: gilbertnoodle (https://www.twitch.tv/gilbertnoodle)
2025-05-06 08:24:28 - INFO - Canal Recomendado 8: snakecase2 (https://www.twitch.tv/snakecase2)
2025-05-06 08:24:37 - INFO - Successfully logged onto Twitch WS: subze2004
2025-05-06 08:44:07 - INFO - Coletado chat do canal andr3wow por 1172 segundos
2025-05-06 08:44:07 - INFO - Tempo de visualização encerrado, busca 2 de 5 encerrada
2025-05-06 08:44:07 - INFO - Jogo escolhido: grand-theft-auto-v
2025-05-06 08:45:02 - INFO - Assistindo Hydrate RP l LETS PARTY BABY l BIRTHDAY MONTH! 🥳 l 1526/1550 l ROAD TO 2000 SUBS!
Mario
ANZSubFest
English
LIVE
307 viewers por 669 segundos
2025-05-06 08:45:26 - INFO - Canais Recomendados atualmente:
2025-05-06 08:45:26 - INFO - Canal Recomendado 0: oatley (https://www.twitch.tv/oatley)
2025-05-06 08:45:32 - INFO - Canal Recomendado 1: botjayttv (https://www.twitch.tv/botjayttv)
2025-05-06 08:45:37 - INFO - Canal Recomendado 2: grimm (https://www.twitch.tv/grimm)
2025-05-06 08:45:41 - INFO - Canal Recomendado 3: arguz11 (https://www.twitch.tv/arguz11)
2025-05-06 08:45:46 - INFO - Canal Recomendado 4: robraven (https://www.twitch.tv/robraven)
2025-05-06 08:45:51 - INFO - Canal Recomendado 5: kaemii (https://www.twitch.tv/kaemii)
2025-05-06 08:45:57 - INFO - Canal Recomendado 6: sampie (https://www.twitch.tv/sampie)
2025-05-06 08:46:02 - INFO - Canal Recomendado 7: pingn (https://www.twitch.tv/pingn)
2025-05-06 08:46:07 - INFO - Canal Recomendado 8: abdulhd (https://www.twitch.tv/abdulhd)
2025-05-06 08:46:18 - INFO - Successfully logged onto Twitch WS: subze2004
2025-05-06 08:57:24 - INFO - Coletado chat do canal mario por 669 segundos
2025-05-06 08:57:24 - INFO - Tempo de visualização encerrado, busca 3 de 5 encerrada
2025-05-06 08:57:24 - INFO - Jogo escolhido: league-of-legends
2025-05-06 08:58:10 - INFO - Assistindo OKC in 5. Not worried.
midbeast
Manipulator
trapezoid
LIVE
1.3K viewers por 928 segundos
2025-05-06 08:58:31 - INFO - Canais Recomendados atualmente:
2025-05-06 08:58:31 - INFO - Canal Recomendado 0: kaemii (https://www.twitch.tv/kaemii)
2025-05-06 08:58:36 - INFO - Canal Recomendado 1: grimm (https://www.twitch.tv/grimm)
2025-05-06 08:58:40 - INFO - Canal Recomendado 2: botjayttv (https://www.twitch.tv/botjayttv)
2025-05-06 08:58:45 - INFO - Canal Recomendado 3: oatley (https://www.twitch.tv/oatley)
2025-05-06 08:58:49 - INFO - Canal Recomendado 4: arguz11 (https://www.twitch.tv/arguz11)
2025-05-06 08:58:53 - INFO - Canal Recomendado 5: boosfer (https://www.twitch.tv/boosfer)
2025-05-06 08:58:57 - INFO - Canal Recomendado 6: rekkles (https://www.twitch.tv/rekkles)
2025-05-06 08:59:02 - INFO - Canal Recomendado 7: thebausffs (https://www.twitch.tv/thebausffs)
2025-05-06 08:59:07 - INFO - Canal Recomendado 8: karasmai (https://www.twitch.tv/karasmai)
2025-05-06 08:59:16 - INFO - Successfully logged onto Twitch WS: subze2004
2025-05-06 09:14:42 - INFO - Coletado chat do canal midbeast por 928 segundos
2025-05-06 09:14:42 - INFO - Tempo de visualização encerrado, busca 4 de 5 encerrada
2025-05-06 09:14:42 - INFO - Jogo escolhido: counter-strike
2025-05-06 09:15:27 - INFO - Assistindo 🎪 SIMPLE STREAM 🎪 ONLY Ws 🎪 SASHA IN SAME TEAM 🎪 WHY YALL ASK ABOUT S1MPLE? 🎪 TITLE ISNT BAIT 🎪 !SKINPLACE !DISCORD !SOCIALS 🎪
olofmeister
pro
English
Boomer
LIVE
2.9K viewers por 1181 segundos
2025-05-06 09:15:49 - INFO - Canais Recomendados atualmente:
2025-05-06 09:15:50 - INFO - Canal Recomendado 0: oatley (https://www.twitch.tv/oatley)
2025-05-06 09:15:56 - INFO - Canal Recomendado 1: grimm (https://www.twitch.tv/grimm)
2025-05-06 09:16:00 - INFO - Canal Recomendado 2: arguz11 (https://www.twitch.tv/arguz11)
2025-05-06 09:16:04 - INFO - Canal Recomendado 3: august (https://www.twitch.tv/august)
2025-05-06 09:16:10 - INFO - Canal Recomendado 4: robraven (https://www.twitch.tv/robraven)
2025-05-06 09:16:14 - INFO - Canal Recomendado 5: botjayttv (https://www.twitch.tv/botjayttv)
2025-05-06 09:16:19 - INFO - Canal Recomendado 6: get_right (https://www.twitch.tv/get_right)
2025-05-06 09:16:25 - INFO - Canal Recomendado 7: f0rest (https://www.twitch.tv/f0rest)
2025-05-06 09:16:29 - INFO - Canal Recomendado 8: eryctriceps (https://www.twitch.tv/eryctriceps)
2025-05-06 09:16:48 - INFO - Successfully logged onto Twitch WS: subze2004
2025-05-06 09:36:21 - INFO - Coletado chat do canal olofmeister por 1181 segundos
2025-05-06 09:36:21 - INFO - Tempo de visualização encerrado, busca 5 de 5 encerrada
2025-05-06 09:36:21 - INFO - Treino concluído com sucesso.
2025-05-06 12:00:30 - INFO - ====== WebDriver manager ======
2025-05-06 12:00:30 - INFO - Get LATEST chromedriver version for google-chrome
2025-05-06 12:00:30 - INFO - Get LATEST chromedriver version for google-chrome
2025-05-06 12:00:31 - INFO - Driver [/home/locus/.wdm/drivers/chromedriver/linux64/135.0.7049.114/chromedriver-linux64/chromedriver] found in cache
2025-05-06 12:00:43 - INFO - Erro ao logar no Twitch ou Login já realizado
2025-05-06 12:00:45 - INFO - Iniciando treino...
2025-05-06 12:00:45 - INFO - Realizando 4 buscas nessa sessão
2025-05-06 12:00:45 - INFO - Jogo escolhido: marvel-rivals
2025-05-06 12:01:30 - INFO - Assistindo join the !discord | new !merch
bogur
silly
English
bingus
LIVE
2K viewers por 814 segundos
2025-05-06 12:01:52 - INFO - Canais Recomendados atualmente:
2025-05-06 12:01:52 - INFO - Canal Recomendado 0: grimm (https://www.twitch.tv/grimm)
2025-05-06 12:01:57 - INFO - Canal Recomendado 1: thefreddymc (https://www.twitch.tv/thefreddymc)
2025-05-06 12:02:02 - INFO - Canal Recomendado 2: arguz11 (https://www.twitch.tv/arguz11)
2025-05-06 12:02:08 - INFO - Canal Recomendado 3: lilsimsie (https://www.twitch.tv/lilsimsie)
2025-05-06 12:02:12 - INFO - Canal Recomendado 4: boosfer (https://www.twitch.tv/boosfer)
2025-05-06 12:02:16 - INFO - Canal Recomendado 5: august (https://www.twitch.tv/august)
2025-05-06 12:02:20 - INFO - Canal Recomendado 6: andr3wow (https://www.twitch.tv/andr3wow)
2025-05-06 12:02:25 - INFO - Canal Recomendado 7: m0xyy (https://www.twitch.tv/m0xyy)
2025-05-06 12:02:29 - INFO - Canal Recomendado 8: cringealarm1 (https://www.twitch.tv/cringealarm1)
2025-05-06 12:02:40 - INFO - Successfully logged onto Twitch WS: subze2004
2025-05-06 12:16:11 - INFO - Coletado chat do canal bogur por 814 segundos
2025-05-06 12:16:11 - INFO - Tempo de visualização encerrado, busca 1 de 4 encerrada
2025-05-06 12:16:11 - INFO - Jogo escolhido: minecraft
2025-05-06 12:16:49 - INFO - Assistindo HARDCORE Vanilla 1.21.5 MEGA FARM TIME!
JonBams
English
LIVE
591 viewers por 806 segundos
2025-05-06 12:17:12 - INFO - Canais Recomendados atualmente:
2025-05-06 12:17:12 - INFO - Canal Recomendado 0: grimm (https://www.twitch.tv/grimm)
2025-05-06 12:17:17 - INFO - Canal Recomendado 1: thefreddymc (https://www.twitch.tv/thefreddymc)
2025-05-06 12:17:21 - INFO - Canal Recomendado 2: arguz11 (https://www.twitch.tv/arguz11)
2025-05-06 12:17:26 - INFO - Canal Recomendado 3: lilsimsie (https://www.twitch.tv/lilsimsie)
2025-05-06 12:17:30 - INFO - Canal Recomendado 4: boosfer (https://www.twitch.tv/boosfer)
2025-05-06 12:17:35 - INFO - Canal Recomendado 5: auziomf (https://www.twitch.tv/auziomf)
2025-05-06 12:17:39 - INFO - Canal Recomendado 6: 5hizzle (https://www.twitch.tv/5hizzle)
2025-05-06 12:17:44 - INFO - Canal Recomendado 7: cringer (https://www.twitch.tv/cringer)
2025-05-06 12:17:48 - INFO - Canal Recomendado 8: piratesoftware (https://www.twitch.tv/piratesoftware)
2025-05-06 12:17:58 - INFO - Successfully logged onto Twitch WS: subze2004
2025-05-06 12:31:22 - INFO - Coletado chat do canal jonbams por 806 segundos
2025-05-06 12:31:22 - INFO - Tempo de visualização encerrado, busca 2 de 4 encerrada
2025-05-06 12:31:22 - INFO - Jogo escolhido: league-of-legends
2025-05-06 12:32:20 - INFO - Assistindo 🔴 LOS RATONES SUPPORT 🔴
Rekkles
English
LIVE
3.7K viewers por 1082 segundos
2025-05-06 12:32:42 - INFO - Canais Recomendados atualmente:
2025-05-06 12:32:42 - INFO - Canal Recomendado 0: grimm (https://www.twitch.tv/grimm)
2025-05-06 12:32:47 - INFO - Canal Recomendado 1: thefreddymc (https://www.twitch.tv/thefreddymc)
2025-05-06 12:32:51 - INFO - Canal Recomendado 2: arguz11 (https://www.twitch.tv/arguz11)
2025-05-06 12:32:57 - INFO - Canal Recomendado 3: boosfer (https://www.twitch.tv/boosfer)
2025-05-06 12:33:01 - INFO - Canal Recomendado 4: lilsimsie (https://www.twitch.tv/lilsimsie)
2025-05-06 12:33:05 - INFO - Canal Recomendado 5: grayhairandtattoos_ (https://www.twitch.tv/grayhairandtattoos_)
2025-05-06 12:33:11 - INFO - Canal Recomendado 6: crownie_lol (https://www.twitch.tv/crownie_lol)
2025-05-06 12:33:15 - INFO - Canal Recomendado 7: jankos (https://www.twitch.tv/jankos)
2025-05-06 12:33:19 - INFO - Canal Recomendado 8: lol_nemesis (https://www.twitch.tv/lol_nemesis)
2025-05-06 12:33:29 - INFO - Successfully logged onto Twitch WS: subze2004
2025-05-06 12:51:29 - INFO - Coletado chat do canal rekkles por 1082 segundos
2025-05-06 12:51:29 - INFO - Tempo de visualização encerrado, busca 3 de 4 encerrada
2025-05-06 12:51:29 - INFO - Jogo escolhido: sea-of-thieves
2025-05-06 12:52:21 - INFO - Assistindo 🏴‍☠️HOWDY🏴‍☠️ TTS 500 !latest
BoxyFresh
ProLegoBuilder
PuzzleMaster
LIVE
1.6K viewers por 633 segundos
2025-05-06 12:52:45 - INFO - Canais Recomendados atualmente:
2025-05-06 12:52:45 - INFO - Canal Recomendado 0: grimm (https://www.twitch.tv/grimm)
2025-05-06 12:52:51 - INFO - Canal Recomendado 1: thefreddymc (https://www.twitch.tv/thefreddymc)
2025-05-06 12:52:56 - INFO - Canal Recomendado 2: arguz11 (https://www.twitch.tv/arguz11)
2025-05-06 12:53:02 - INFO - Canal Recomendado 3: boosfer (https://www.twitch.tv/boosfer)
2025-05-06 12:53:07 - INFO - Canal Recomendado 4: lilsimsie (https://www.twitch.tv/lilsimsie)
2025-05-06 12:53:11 - INFO - Canal Recomendado 5: grayhairandtattoos_ (https://www.twitch.tv/grayhairandtattoos_)
2025-05-06 12:53:16 - INFO - Canal Recomendado 6: behavingbeardly (https://www.twitch.tv/behavingbeardly)
2025-05-06 12:53:21 - INFO - Canal Recomendado 7: beardageddon247 (https://www.twitch.tv/beardageddon247)
2025-05-06 12:53:27 - INFO - Canal Recomendado 8: skelecurseirl (https://www.twitch.tv/skelecurseirl)
2025-05-06 12:53:42 - INFO - Successfully logged onto Twitch WS: subze2004
2025-05-06 13:04:07 - INFO - Coletado chat do canal boxyfresh por 633 segundos
2025-05-06 13:04:07 - INFO - Tempo de visualização encerrado, busca 4 de 4 encerrada
2025-05-06 13:04:07 - INFO - Treino concluído com sucesso.
2025-05-06 16:00:18 - INFO - ====== WebDriver manager ======
2025-05-06 16:00:19 - INFO - Get LATEST chromedriver version for google-chrome
2025-05-06 16:00:19 - INFO - Get LATEST chromedriver version for google-chrome
2025-05-06 16:00:20 - INFO - Driver [/home/locus/.wdm/drivers/chromedriver/linux64/135.0.7049.114/chromedriver-linux64/chromedriver] found in cache
2025-05-06 16:00:32 - INFO - Erro ao logar no Twitch ou Login já realizado
2025-05-06 16:00:33 - INFO - Iniciando treino...
2025-05-06 16:00:33 - INFO - Realizando 5 buscas nessa sessão
2025-05-06 16:00:33 - INFO - Jogo escolhido: counter-strike
2025-05-06 16:01:17 - INFO - Assistindo 🟠NEW CS2 OPERATION LEAK AND SO MUCH MORE🟠 !discord !youtube !csmoney
FlareyCS
English
CS2
skins
cs2skins
LIVE
446 viewers por 687 segundos
2025-05-06 16:01:42 - INFO - Canais Recomendados atualmente:
2025-05-06 16:01:42 - INFO - Canal Recomendado 0: thefreddymc (https://www.twitch.tv/thefreddymc)
2025-05-06 16:01:47 - INFO - Canal Recomendado 1: arguz11 (https://www.twitch.tv/arguz11)
2025-05-06 16:01:51 - INFO - Canal Recomendado 2: devin_caherly (https://www.twitch.tv/devin_caherly)
2025-05-06 16:01:56 - INFO - Canal Recomendado 3: boosfer (https://www.twitch.tv/boosfer)
2025-05-06 16:02:00 - INFO - Canal Recomendado 4: cowfee (https://www.twitch.tv/cowfee)
2025-05-06 16:02:04 - INFO - Canal Recomendado 5: grayhairandtattoos_ (https://www.twitch.tv/grayhairandtattoos_)
2025-05-06 16:02:09 - INFO - Canal Recomendado 6: urosin_ (https://www.twitch.tv/urosin_)
2025-05-06 16:02:13 - INFO - Canal Recomendado 7: jabgg (https://www.twitch.tv/jabgg)
2025-05-06 16:02:18 - INFO - Canal Recomendado 8: propernator (https://www.twitch.tv/propernator)
2025-05-06 16:02:27 - INFO - Successfully logged onto Twitch WS: subze2004
2025-05-06 16:13:52 - INFO - Coletado chat do canal flareycs por 687 segundos
2025-05-06 16:13:52 - INFO - Tempo de visualização encerrado, busca 1 de 5 encerrada
2025-05-06 16:13:52 - INFO - Jogo escolhido: league-of-legends
2025-05-06 16:14:34 - INFO - Assistindo 6 DAYS UNTIL ADC ARC - CHALLENGER JUNGLE CLIMB + ADC PRACTICE
Dantes
English
LIVE
1.3K viewers por 973 segundos
2025-05-06 16:14:56 - INFO - Canais Recomendados atualmente:
2025-05-06 16:14:56 - INFO - Canal Recomendado 0: thefreddymc (https://www.twitch.tv/thefreddymc)
2025-05-06 16:15:01 - INFO - Canal Recomendado 1: arguz11 (https://www.twitch.tv/arguz11)
2025-05-06 16:15:06 - INFO - Canal Recomendado 2: devin_caherly (https://www.twitch.tv/devin_caherly)
2025-05-06 16:15:10 - INFO - Canal Recomendado 3: cowfee (https://www.twitch.tv/cowfee)
2025-05-06 16:15:14 - INFO - Canal Recomendado 4: mrlust (https://www.twitch.tv/mrlust)
2025-05-06 16:15:19 - INFO - Canal Recomendado 5: fyr_vl (https://www.twitch.tv/fyr_vl)
2025-05-06 16:15:23 - INFO - Canal Recomendado 6: azzapp (https://www.twitch.tv/azzapp)
2025-05-06 16:15:27 - INFO - Canal Recomendado 7: spear_shot (https://www.twitch.tv/spear_shot)
2025-05-06 16:15:32 - INFO - Canal Recomendado 8: naayil (https://www.twitch.tv/naayil)
2025-05-06 16:15:41 - INFO - Successfully logged onto Twitch WS: subze2004
2025-05-06 16:31:52 - INFO - Coletado chat do canal dantes por 973 segundos
2025-05-06 16:31:52 - INFO - Tempo de visualização encerrado, busca 2 de 5 encerrada
2025-05-06 16:31:52 - INFO - Jogo escolhido: minecraft
2025-05-06 16:32:33 - INFO - Assistindo 🔴Hardcore 46,600+Days|4+Years|11,600+Hours !worldtour
Linkzzey
FamilyFrendly
RPG
English
LIVE
251 viewers por 979 segundos
2025-05-06 16:32:57 - INFO - Canais Recomendados atualmente:
2025-05-06 16:32:57 - INFO - Canal Recomendado 0: thefreddymc (https://www.twitch.tv/thefreddymc)
2025-05-06 16:33:02 - INFO - Canal Recomendado 1: arguz11 (https://www.twitch.tv/arguz11)
2025-05-06 16:33:06 - INFO - Canal Recomendado 2: devin_caherly (https://www.twitch.tv/devin_caherly)
2025-05-06 16:33:11 - INFO - Canal Recomendado 3: cowfee (https://www.twitch.tv/cowfee)
2025-05-06 16:33:15 - INFO - Canal Recomendado 4: mrlust (https://www.twitch.tv/mrlust)
2025-05-06 16:33:19 - INFO - Canal Recomendado 5: fyr_vl (https://www.twitch.tv/fyr_vl)
2025-05-06 16:33:24 - INFO - Canal Recomendado 6: thebakeddean (https://www.twitch.tv/thebakeddean)
2025-05-06 16:33:28 - INFO - Canal Recomendado 7: shadowstone (https://www.twitch.tv/shadowstone)
2025-05-06 16:33:33 - INFO - Canal Recomendado 8: taneesha (https://www.twitch.tv/taneesha)
2025-05-06 16:33:42 - INFO - Successfully logged onto Twitch WS: subze2004
2025-05-06 16:49:59 - INFO - Coletado chat do canal linkzzey por 979 segundos
2025-05-06 16:49:59 - INFO - Tempo de visualização encerrado, busca 3 de 5 encerrada
2025-05-06 16:49:59 - INFO - Jogo escolhido: overwatch-2
2025-05-06 16:50:41 - INFO - Assistindo [!DROPS ENABLED] OVERWATCH 2 GAMING !gamersupps
Emongg
English
DropsEnabled
LIVE
3.5K viewers por 1025 segundos
2025-05-06 16:51:05 - INFO - Canais Recomendados atualmente:
2025-05-06 16:51:05 - INFO - Canal Recomendado 0: thefreddymc (https://www.twitch.tv/thefreddymc)
2025-05-06 16:51:10 - INFO - Canal Recomendado 1: arguz11 (https://www.twitch.tv/arguz11)
2025-05-06 16:51:15 - INFO - Canal Recomendado 2: devin_caherly (https://www.twitch.tv/devin_caherly)
2025-05-06 16:51:19 - INFO - Canal Recomendado 3: lilsimsie (https://www.twitch.tv/lilsimsie)
2025-05-06 16:51:23 - INFO - Canal Recomendado 4: cowfee (https://www.twitch.tv/cowfee)
2025-05-06 16:51:28 - INFO - Canal Recomendado 5: mrlust (https://www.twitch.tv/mrlust)
2025-05-06 16:51:32 - INFO - Canal Recomendado 6: ml7support (https://www.twitch.tv/ml7support)
2025-05-06 16:51:37 - INFO - Canal Recomendado 7: ow_esports (https://www.twitch.tv/ow_esports)
2025-05-06 16:51:41 - INFO - Canal Recomendado 8: skiesti (https://www.twitch.tv/skiesti)
2025-05-06 16:51:50 - INFO - Successfully logged onto Twitch WS: subze2004
2025-05-06 17:08:53 - INFO - Coletado chat do canal emongg por 1025 segundos
2025-05-06 17:08:53 - INFO - Tempo de visualização encerrado, busca 4 de 5 encerrada
2025-05-06 17:08:53 - INFO - Jogo escolhido: the-sims-4
2025-05-06 17:09:35 - INFO - Assistindo {ad} KIT GIVEAWAYS 🌿Very Veggie Legacy Day 1 !shell !ea
Charmelian
Chatty
ADHD
Cozy
LIVE
100 viewers por 602 segundos
2025-05-06 17:09:59 - INFO - Canais Recomendados atualmente:
2025-05-06 17:09:59 - INFO - Canal Recomendado 0: thefreddymc (https://www.twitch.tv/thefreddymc)
2025-05-06 17:10:04 - INFO - Canal Recomendado 1: arguz11 (https://www.twitch.tv/arguz11)
2025-05-06 17:10:08 - INFO - Canal Recomendado 2: devin_caherly (https://www.twitch.tv/devin_caherly)
2025-05-06 17:10:12 - INFO - Canal Recomendado 3: lilsimsie (https://www.twitch.tv/lilsimsie)
2025-05-06 17:10:17 - INFO - Canal Recomendado 4: cowfee (https://www.twitch.tv/cowfee)
2025-05-06 17:10:21 - INFO - Canal Recomendado 5: mrlust (https://www.twitch.tv/mrlust)
2025-05-06 17:10:25 - INFO - Canal Recomendado 6: snaccdaddysims (https://www.twitch.tv/snaccdaddysims)
2025-05-06 17:10:30 - INFO - Canal Recomendado 7: malixa (https://www.twitch.tv/malixa)
2025-05-06 17:10:35 - INFO - Canal Recomendado 8: crumbgaminguk (https://www.twitch.tv/crumbgaminguk)
2025-05-06 17:10:44 - INFO - Successfully logged onto Twitch WS: subze2004
2025-05-06 17:20:44 - INFO - Coletado chat do canal charmelian por 602 segundos
2025-05-06 17:20:44 - INFO - Tempo de visualização encerrado, busca 5 de 5 encerrada
2025-05-06 17:20:44 - INFO - Treino concluído com sucesso.
2025-05-06 20:00:53 - INFO - ====== WebDriver manager ======
2025-05-06 20:00:53 - INFO - Get LATEST chromedriver version for google-chrome
2025-05-06 20:00:54 - INFO - Get LATEST chromedriver version for google-chrome
2025-05-06 20:00:54 - INFO - Driver [/home/locus/.wdm/drivers/chromedriver/linux64/135.0.7049.114/chromedriver-linux64/chromedriver] found in cache
2025-05-06 20:01:06 - INFO - Erro ao logar no Twitch ou Login já realizado
2025-05-06 20:01:07 - INFO - Iniciando treino...
2025-05-06 20:01:07 - INFO - Realizando 3 buscas nessa sessão
2025-05-06 20:01:07 - INFO - Jogo escolhido: valorant
2025-05-06 20:01:47 - INFO - Assistindo 🟦 RADIANT NEON OVERLORD GETS BACK TO PEAK PERFORMANCE 🟦 (DAY 4) 🟦
temet
movement
ADHD
neon
LIVE
395 viewers por 939 segundos
2025-05-06 20:02:12 - INFO - Canais Recomendados atualmente:
2025-05-06 20:02:12 - INFO - Canal Recomendado 0: vadriss (https://www.twitch.tv/vadriss)
2025-05-06 20:02:17 - INFO - Canal Recomendado 1: drdonutttttt (https://www.twitch.tv/drdonutttttt)
2025-05-06 20:02:21 - INFO - Canal Recomendado 2: arguz11 (https://www.twitch.tv/arguz11)
2025-05-06 20:02:25 - INFO - Canal Recomendado 3: cutespiders_ (https://www.twitch.tv/cutespiders_)
2025-05-06 20:02:30 - INFO - Canal Recomendado 4: mrlust (https://www.twitch.tv/mrlust)
2025-05-06 20:02:34 - INFO - Canal Recomendado 5: apexdabi (https://www.twitch.tv/apexdabi)
2025-05-06 20:02:38 - INFO - Canal Recomendado 6: demon1 (https://www.twitch.tv/demon1)
2025-05-06 20:02:43 - INFO - Canal Recomendado 7: wtfslump (https://www.twitch.tv/wtfslump)
2025-05-06 20:02:47 - INFO - Canal Recomendado 8: d1venas (https://www.twitch.tv/d1venas)
2025-05-06 20:02:56 - INFO - Successfully logged onto Twitch WS: subze2004
2025-05-06 20:18:33 - INFO - Coletado chat do canal temet por 939 segundos
2025-05-06 20:18:33 - INFO - Tempo de visualização encerrado, busca 1 de 3 encerrada
2025-05-06 20:18:33 - INFO - Jogo escolhido: ea-sports-fc-25
2025-05-06 20:19:13 - INFO - Assistindo (8-1) 🚨 SALAH CHAMPS! 🚨 LATE STREAM! 🚨 BARCA INSANE!!!
Mbytes37
English
LIVE
526 viewers por 1104 segundos
2025-05-06 20:19:35 - INFO - Canais Recomendados atualmente:
2025-05-06 20:19:35 - INFO - Canal Recomendado 0: drdonutttttt (https://www.twitch.tv/drdonutttttt)
2025-05-06 20:19:40 - INFO - Canal Recomendado 1: vadriss (https://www.twitch.tv/vadriss)
2025-05-06 20:19:44 - INFO - Canal Recomendado 2: arguz11 (https://www.twitch.tv/arguz11)
2025-05-06 20:19:49 - INFO - Canal Recomendado 3: cutespiders_ (https://www.twitch.tv/cutespiders_)
2025-05-06 20:19:53 - INFO - Canal Recomendado 4: mrlust (https://www.twitch.tv/mrlust)
2025-05-06 20:19:58 - INFO - Canal Recomendado 5: grayhairandtattoos_ (https://www.twitch.tv/grayhairandtattoos_)
2025-05-06 20:20:03 - INFO - Canal Recomendado 6: e0j2_ (https://www.twitch.tv/e0j2_)
2025-05-06 20:20:08 - INFO - Canal Recomendado 7: shawrey_ (https://www.twitch.tv/shawrey_)
2025-05-06 20:20:12 - INFO - Canal Recomendado 8: originalvicz (https://www.twitch.tv/originalvicz)
2025-05-06 20:20:22 - INFO - Successfully logged onto Twitch WS: subze2004
2025-05-06 20:38:44 - INFO - Coletado chat do canal mbytes37 por 1104 segundos
2025-05-06 20:38:44 - INFO - Tempo de visualização encerrado, busca 2 de 3 encerrada
2025-05-06 20:38:44 - INFO - Jogo escolhido: league-of-legends
2025-05-06 20:39:24 - INFO - Assistindo 1066 LP CHALLENGER GAMING FREAK
Nightblue3
English
LIVE
3K viewers por 610 segundos
2025-05-06 20:39:45 - INFO - Canais Recomendados atualmente:
2025-05-06 20:39:45 - INFO - Canal Recomendado 0: drdonutttttt (https://www.twitch.tv/drdonutttttt)
2025-05-06 20:39:50 - INFO - Canal Recomendado 1: vadriss (https://www.twitch.tv/vadriss)
2025-05-06 20:39:55 - INFO - Canal Recomendado 2: arguz11 (https://www.twitch.tv/arguz11)
2025-05-06 20:39:59 - INFO - Canal Recomendado 3: cutespiders_ (https://www.twitch.tv/cutespiders_)
2025-05-06 20:40:03 - INFO - Canal Recomendado 4: grayhairandtattoos_ (https://www.twitch.tv/grayhairandtattoos_)
2025-05-06 20:40:08 - INFO - Canal Recomendado 5: mrlust (https://www.twitch.tv/mrlust)
2025-05-06 20:40:12 - INFO - Canal Recomendado 6: doublelift (https://www.twitch.tv/doublelift)
2025-05-06 20:40:16 - INFO - Canal Recomendado 7: pinkwardlol (https://www.twitch.tv/pinkwardlol)
2025-05-06 20:40:21 - INFO - Canal Recomendado 8: loltyler1 (https://www.twitch.tv/loltyler1)
2025-05-06 20:40:30 - INFO - Successfully logged onto Twitch WS: subze2004
2025-05-06 20:50:38 - INFO - Coletado chat do canal nightblue3 por 610 segundos
2025-05-06 20:50:38 - INFO - Tempo de visualização encerrado, busca 3 de 3 encerrada
2025-05-06 20:50:38 - INFO - Treino concluído com sucesso.
2025-05-07 00:00:49 - INFO - ====== WebDriver manager ======
2025-05-07 00:00:49 - INFO - Get LATEST chromedriver version for google-chrome
2025-05-07 00:00:50 - INFO - Get LATEST chromedriver version for google-chrome
2025-05-07 00:00:51 - INFO - Get LATEST chromedriver version for google-chrome
2025-05-07 00:00:51 - INFO - WebDriver version 135.0.7049.114 selected
2025-05-07 00:00:51 - INFO - Modern chrome version https://storage.googleapis.com/chrome-for-testing-public/135.0.7049.114/linux64/chromedriver-linux64.zip
2025-05-07 00:00:51 - INFO - About to download new driver from https://storage.googleapis.com/chrome-for-testing-public/135.0.7049.114/linux64/chromedriver-linux64.zip
2025-05-07 00:00:52 - INFO - Driver downloading response is 200
2025-05-07 00:00:53 - INFO - Get LATEST chromedriver version for google-chrome
2025-05-07 00:00:54 - INFO - Driver has been saved in cache [/home/locus/.wdm/drivers/chromedriver/linux64/135.0.7049.114]
2025-05-07 00:01:06 - INFO - Erro ao logar no Twitch ou Login já realizado
2025-05-07 00:01:07 - INFO - Iniciando treino...
2025-05-07 00:01:07 - INFO - Realizando 3 buscas nessa sessão
2025-05-07 00:01:07 - INFO - Jogo escolhido: fortnite
2025-05-07 00:01:53 - INFO - Assistindo Official 24/7 NickEh30 Fortnite Stream
NickEh30_VODs
FamilyFriendly
NickEh30
LIVE
106 viewers por 1004 segundos
2025-05-07 00:02:18 - INFO - Canais Recomendados atualmente:
2025-05-07 00:02:18 - INFO - Canal Recomendado 0: vadriss (https://www.twitch.tv/vadriss)
2025-05-07 00:02:22 - INFO - Canal Recomendado 1: arguz11 (https://www.twitch.tv/arguz11)
2025-05-07 00:02:26 - INFO - Canal Recomendado 2: omareloff (https://www.twitch.tv/omareloff)
2025-05-07 00:02:30 - INFO - Canal Recomendado 3: grungiey (https://www.twitch.tv/grungiey)
2025-05-07 00:02:35 - INFO - Canal Recomendado 4: grayhairandtattoos_ (https://www.twitch.tv/grayhairandtattoos_)
2025-05-07 00:02:39 - INFO - Canal Recomendado 5: mrlust (https://www.twitch.tv/mrlust)
2025-05-07 00:02:43 - INFO - Canal Recomendado 6: bushszn (https://www.twitch.tv/bushszn)
2025-05-07 00:02:48 - INFO - Canal Recomendado 7: bushcampdadvods (https://www.twitch.tv/bushcampdadvods)
2025-05-07 00:02:52 - INFO - Canal Recomendado 8: peterbot247official (https://www.twitch.tv/peterbot247official)
2025-05-07 00:03:02 - INFO - Successfully logged onto Twitch WS: subze2004
2025-05-07 00:19:44 - INFO - Coletado chat do canal nickeh30_vods por 1004 segundos
2025-05-07 00:19:44 - INFO - Tempo de visualização encerrado, busca 1 de 3 encerrada
2025-05-07 00:19:44 - INFO - Jogo escolhido: ea-sports-fc-25
2025-05-07 00:20:25 - INFO - Assistindo 5TH IN THE WORLD CHAMPS | !442 !4213 | NEW !DISCORD
FUTWIZ_Mark11
English
LIVE
84 viewers por 1035 segundos
2025-05-07 00:20:48 - INFO - Canais Recomendados atualmente:
2025-05-07 00:20:48 - INFO - Canal Recomendado 0: vadriss (https://www.twitch.tv/vadriss)
2025-05-07 00:20:53 - INFO - Canal Recomendado 1: arguz11 (https://www.twitch.tv/arguz11)
2025-05-07 00:20:58 - INFO - Canal Recomendado 2: omareloff (https://www.twitch.tv/omareloff)
2025-05-07 00:21:02 - INFO - Canal Recomendado 3: grungiey (https://www.twitch.tv/grungiey)
2025-05-07 00:21:06 - INFO - Canal Recomendado 4: grayhairandtattoos_ (https://www.twitch.tv/grayhairandtattoos_)
2025-05-07 00:21:11 - INFO - Canal Recomendado 5: keeoh (https://www.twitch.tv/keeoh)
2025-05-07 00:21:15 - INFO - Canal Recomendado 6: boogy7_ (https://www.twitch.tv/boogy7_)
2025-05-07 00:21:20 - INFO - Canal Recomendado 7: harryhesketh (https://www.twitch.tv/harryhesketh)
2025-05-07 00:21:24 - INFO - Canal Recomendado 8: zwebackhd (https://www.twitch.tv/zwebackhd)
2025-05-07 00:21:33 - INFO - Successfully logged onto Twitch WS: subze2004
2025-05-07 00:38:46 - INFO - Coletado chat do canal futwiz_mark11 por 1035 segundos
2025-05-07 00:38:46 - INFO - Tempo de visualização encerrado, busca 2 de 3 encerrada
2025-05-07 00:38:46 - INFO - Jogo escolhido: roblox
2025-05-07 00:39:28 - INFO - Assistindo Gorilla vs 100 Players │ !join !user !commands
TrenchMobbs
roblox
gaming
English
chill
LIVE
21 viewers por 1098 segundos
2025-05-07 00:39:51 - INFO - Canais Recomendados atualmente:
2025-05-07 00:39:51 - INFO - Canal Recomendado 0: vadriss (https://www.twitch.tv/vadriss)
2025-05-07 00:39:56 - INFO - Canal Recomendado 1: arguz11 (https://www.twitch.tv/arguz11)
2025-05-07 00:40:00 - INFO - Canal Recomendado 2: omareloff (https://www.twitch.tv/omareloff)
2025-05-07 00:40:04 - INFO - Canal Recomendado 3: grungiey (https://www.twitch.tv/grungiey)
2025-05-07 00:40:09 - INFO - Canal Recomendado 4: grayhairandtattoos_ (https://www.twitch.tv/grayhairandtattoos_)
2025-05-07 00:40:13 - INFO - Canal Recomendado 5: keeoh (https://www.twitch.tv/keeoh)
2025-05-07 00:40:17 - INFO - Canal Recomendado 6: aboudhabibi (https://www.twitch.tv/aboudhabibi)
2025-05-07 00:40:22 - INFO - Canal Recomendado 7: mewmi_x (https://www.twitch.tv/mewmi_x)
2025-05-07 00:40:27 - INFO - Canal Recomendado 8: luvdro (https://www.twitch.tv/luvdro)
2025-05-07 00:40:36 - INFO - Successfully logged onto Twitch WS: subze2004
2025-05-07 00:58:52 - INFO - Coletado chat do canal trenchmobbs por 1098 segundos
2025-05-07 00:58:52 - INFO - Tempo de visualização encerrado, busca 3 de 3 encerrada
2025-05-07 00:58:52 - INFO - Treino concluído com sucesso.
2025-05-07 04:00:02 - INFO - ====== WebDriver manager ======
2025-05-07 04:00:02 - INFO - Get LATEST chromedriver version for google-chrome
2025-05-07 04:00:03 - INFO - Get LATEST chromedriver version for google-chrome
2025-05-07 04:00:03 - INFO - Driver [/home/locus/.wdm/drivers/chromedriver/linux64/135.0.7049.114/chromedriver-linux64/chromedriver] found in cache
2025-05-07 04:00:15 - INFO - Erro ao logar no Twitch ou Login já realizado
2025-05-07 04:00:16 - INFO - Iniciando treino...
2025-05-07 04:00:16 - INFO - Realizando 5 buscas nessa sessão
2025-05-07 04:00:16 - INFO - Jogo escolhido: ea-sports-fc-25
2025-05-07 04:00:56 - INFO - Assistindo 🟥new garage?🟥DEMON MODE ACTIVATED🟥INSANE AURA🟥| 1.2/1.3k | !discord !prime |
Certxfiedv
English
LIVE
23 viewers por 1009 segundos
2025-05-07 04:01:17 - INFO - Canais Recomendados atualmente:
2025-05-07 04:01:17 - INFO - Canal Recomendado 0: oatley (https://www.twitch.tv/oatley)
2025-05-07 04:01:22 - INFO - Canal Recomendado 1: vadriss (https://www.twitch.tv/vadriss)
2025-05-07 04:01:26 - INFO - Canal Recomendado 2: arguz11 (https://www.twitch.tv/arguz11)
2025-05-07 04:01:31 - INFO - Canal Recomendado 3: omareloff (https://www.twitch.tv/omareloff)
2025-05-07 04:01:35 - INFO - Canal Recomendado 4: august (https://www.twitch.tv/august)
2025-05-07 04:01:39 - INFO - Canal Recomendado 5: kaemii (https://www.twitch.tv/kaemii)
2025-05-07 04:01:44 - INFO - Canal Recomendado 6: faustography (https://www.twitch.tv/faustography)
2025-05-07 04:01:48 - INFO - Canal Recomendado 7: adidafc (https://www.twitch.tv/adidafc)
2025-05-07 04:01:53 - INFO - Canal Recomendado 8: boogy7_ (https://www.twitch.tv/boogy7_)
2025-05-07 04:02:02 - INFO - Successfully logged onto Twitch WS: subze2004
2025-05-07 04:18:49 - INFO - Coletado chat do canal certxfiedv por 1009 segundos
2025-05-07 04:18:49 - INFO - Tempo de visualização encerrado, busca 1 de 5 encerrada
2025-05-07 04:18:49 - INFO - Jogo escolhido: fortnite
2025-05-07 04:19:32 - INFO - Assistindo 💅SHE/HER💅#1 RANKED FEMALE WORLDWIDE🍑GIANT GYATT🍑USE CODE LUST👑ASMR👑!CROSSHAIR👑SPANISH/ENG/GERMAN👑!ORG👑
MRLUST
valorant
FaZe
minecraft
LIVE
355 viewers por 983 segundos
2025-05-07 04:19:53 - INFO - Canais Recomendados atualmente:
2025-05-07 04:19:53 - INFO - Canal Recomendado 0: oatley (https://www.twitch.tv/oatley)
2025-05-07 04:19:58 - INFO - Canal Recomendado 1: vadriss (https://www.twitch.tv/vadriss)
2025-05-07 04:20:02 - INFO - Canal Recomendado 2: omareloff (https://www.twitch.tv/omareloff)
2025-05-07 04:20:06 - INFO - Canal Recomendado 3: arguz11 (https://www.twitch.tv/arguz11)
2025-05-07 04:20:11 - INFO - Canal Recomendado 4: august (https://www.twitch.tv/august)
2025-05-07 04:20:15 - INFO - Canal Recomendado 5: kaemii (https://www.twitch.tv/kaemii)
2025-05-07 04:20:19 - INFO - Canal Recomendado 6: peterbot247official (https://www.twitch.tv/peterbot247official)
2025-05-07 04:20:23 - INFO - Canal Recomendado 7: mongraal247 (https://www.twitch.tv/mongraal247)
2025-05-07 04:20:28 - INFO - Canal Recomendado 8: danathfn (https://www.twitch.tv/danathfn)
2025-05-07 04:20:38 - INFO - Successfully logged onto Twitch WS: subze2004
2025-05-07 04:36:59 - INFO - Coletado chat do canal mrlust por 983 segundos
2025-05-07 04:36:59 - INFO - Tempo de visualização encerrado, busca 2 de 5 encerrada
2025-05-07 04:36:59 - INFO - Jogo escolhido: sea-of-thieves
2025-05-07 04:37:42 - INFO - Assistindo Solo Sloop PvP 💀
flotsam
Solo
PvP
English
LIVE
595 viewers por 987 segundos
2025-05-07 04:38:04 - INFO - Canais Recomendados atualmente:
2025-05-07 04:38:04 - INFO - Canal Recomendado 0: oatley (https://www.twitch.tv/oatley)
2025-05-07 04:38:08 - INFO - Canal Recomendado 1: vadriss (https://www.twitch.tv/vadriss)
2025-05-07 04:38:13 - INFO - Canal Recomendado 2: omareloff (https://www.twitch.tv/omareloff)
2025-05-07 04:38:17 - INFO - Canal Recomendado 3: arguz11 (https://www.twitch.tv/arguz11)
2025-05-07 04:38:21 - INFO - Canal Recomendado 4: kaemii (https://www.twitch.tv/kaemii)
2025-05-07 04:38:25 - INFO - Canal Recomendado 5: boosfer (https://www.twitch.tv/boosfer)
2025-05-07 04:38:30 - INFO - Canal Recomendado 6: procedural_ (https://www.twitch.tv/procedural_)
2025-05-07 04:38:34 - INFO - Canal Recomendado 7: beardageddon247 (https://www.twitch.tv/beardageddon247)
2025-05-07 04:38:39 - INFO - Canal Recomendado 8: fi1es (https://www.twitch.tv/fi1es)
2025-05-07 04:38:48 - INFO - Successfully logged onto Twitch WS: subze2004
2025-05-07 04:55:13 - INFO - Coletado chat do canal flotsam por 987 segundos
2025-05-07 04:55:13 - INFO - Tempo de visualização encerrado, busca 3 de 5 encerrada
2025-05-07 04:55:13 - INFO - Jogo escolhido: marvel-rivals
2025-05-07 04:55:53 - INFO - Assistindo DUELIST GOD (BECOMING FLEX GOD) - ETERNITY
Gale
English
marvelrivals
LIVE
1.6K viewers por 731 segundos
2025-05-07 04:56:18 - INFO - Canais Recomendados atualmente:
2025-05-07 04:56:18 - INFO - Canal Recomendado 0: oatley (https://www.twitch.tv/oatley)
2025-05-07 04:56:23 - INFO - Canal Recomendado 1: vadriss (https://www.twitch.tv/vadriss)
2025-05-07 04:56:27 - INFO - Canal Recomendado 2: arguz11 (https://www.twitch.tv/arguz11)
2025-05-07 04:56:31 - INFO - Canal Recomendado 3: kaemii (https://www.twitch.tv/kaemii)
2025-05-07 04:56:35 - INFO - Canal Recomendado 4: boosfer (https://www.twitch.tv/boosfer)
2025-05-07 04:56:40 - INFO - Canal Recomendado 5: august (https://www.twitch.tv/august)
2025-05-07 04:56:44 - INFO - Canal Recomendado 6: guru (https://www.twitch.tv/guru)
2025-05-07 04:56:48 - INFO - Canal Recomendado 7: kephrii (https://www.twitch.tv/kephrii)
2025-05-07 04:56:53 - INFO - Canal Recomendado 8: supertf (https://www.twitch.tv/supertf)
2025-05-07 04:57:02 - INFO - Successfully logged onto Twitch WS: subze2004
2025-05-07 05:09:11 - INFO - Coletado chat do canal gale por 731 segundos
2025-05-07 05:09:11 - INFO - Tempo de visualização encerrado, busca 4 de 5 encerrada
2025-05-07 05:09:11 - INFO - Jogo escolhido: the-sims-4
2025-05-07 05:09:49 - INFO - Assistindo Vibe City: 💰⚜️𝕆𝕃𝔻 𝕄𝕆ℕ𝔼𝕐⚜️💰 | Aesthetic Legacy Challenge Gen 5 !legacy !eacode
Tinycoffeecups
english
CasualPlayThrough
LIVE
156 viewers por 1158 segundos
2025-05-07 05:10:13 - INFO - Canais Recomendados atualmente:
2025-05-07 05:10:13 - INFO - Canal Recomendado 0: oatley (https://www.twitch.tv/oatley)
2025-05-07 05:10:17 - INFO - Canal Recomendado 1: arguz11 (https://www.twitch.tv/arguz11)
2025-05-07 05:10:22 - INFO - Canal Recomendado 2: august (https://www.twitch.tv/august)
2025-05-07 05:10:26 - INFO - Canal Recomendado 3: boosfer (https://www.twitch.tv/boosfer)
2025-05-07 05:10:31 - INFO - Canal Recomendado 4: kaemii (https://www.twitch.tv/kaemii)
2025-05-07 05:10:35 - INFO - Canal Recomendado 5: botjayttv (https://www.twitch.tv/botjayttv)
2025-05-07 05:10:39 - INFO - Canal Recomendado 6: cocoknowles (https://www.twitch.tv/cocoknowles)
2025-05-07 05:10:44 - INFO - Canal Recomendado 7: leilaniorange (https://www.twitch.tv/leilaniorange)
2025-05-07 05:10:48 - INFO - Canal Recomendado 8: londyslounge (https://www.twitch.tv/londyslounge)
2025-05-07 05:10:58 - INFO - Successfully logged onto Twitch WS: subze2004
2025-05-07 05:30:14 - INFO - Coletado chat do canal tinycoffeecups por 1158 segundos
2025-05-07 05:30:14 - INFO - Tempo de visualização encerrado, busca 5 de 5 encerrada
2025-05-07 05:30:14 - INFO - Treino concluído com sucesso.
2025-05-07 08:00:22 - INFO - ====== WebDriver manager ======
2025-05-07 08:00:22 - INFO - Get LATEST chromedriver version for google-chrome
2025-05-07 08:00:23 - INFO - Get LATEST chromedriver version for google-chrome
2025-05-07 08:00:23 - INFO - Driver [/home/locus/.wdm/drivers/chromedriver/linux64/135.0.7049.114/chromedriver-linux64/chromedriver] found in cache
2025-05-07 08:00:35 - INFO - Erro ao logar no Twitch ou Login já realizado
2025-05-07 08:00:36 - INFO - Iniciando treino...
2025-05-07 08:00:36 - INFO - Realizando 4 buscas nessa sessão
2025-05-07 08:00:36 - INFO - Jogo escolhido: roblox
2025-05-07 08:01:16 - INFO - Assistindo Roblox - RIVALS
FL1GHT_Trenny
english
RobloxRivals
gaming
LIVE
13 viewers por 601 segundos
2025-05-07 08:01:37 - INFO - Canais Recomendados atualmente:
2025-05-07 08:01:37 - INFO - Canal Recomendado 0: oatley (https://www.twitch.tv/oatley)
2025-05-07 08:01:42 - INFO - Canal Recomendado 1: gkey (https://www.twitch.tv/gkey)
2025-05-07 08:01:46 - INFO - Canal Recomendado 2: kaemii (https://www.twitch.tv/kaemii)
2025-05-07 08:01:50 - INFO - Canal Recomendado 3: flux (https://www.twitch.tv/flux)
2025-05-07 08:01:55 - INFO - Canal Recomendado 4: august (https://www.twitch.tv/august)
2025-05-07 08:01:59 - INFO - Canal Recomendado 5: olofmeister (https://www.twitch.tv/olofmeister)
2025-05-07 08:02:03 - INFO - Canal Recomendado 6: osdeelive (https://www.twitch.tv/osdeelive)
2025-05-07 08:02:07 - INFO - Canal Recomendado 7: sirtrello (https://www.twitch.tv/sirtrello)
2025-05-07 08:02:12 - INFO - Canal Recomendado 8: buildosaurus (https://www.twitch.tv/buildosaurus)
2025-05-07 08:02:21 - INFO - Successfully logged onto Twitch WS: subze2004
2025-05-07 08:12:20 - INFO - Coletado chat do canal fl1ght_trenny por 601 segundos
2025-05-07 08:12:20 - INFO - Tempo de visualização encerrado, busca 1 de 4 encerrada
2025-05-07 08:12:20 - INFO - Jogo escolhido: minecraft
2025-05-07 08:13:00 - INFO - Assistindo If it takes me 6 hours to get a midgame again I will honestly do something unspeakable. If it doesn't thunder today YOU won't get Christmas
Boosfer
rage
Kindness
minecraft
LIVE
140 viewers por 953 segundos
2025-05-07 08:13:25 - INFO - Canais Recomendados atualmente:
2025-05-07 08:13:25 - INFO - Canal Recomendado 0: oatley (https://www.twitch.tv/oatley)
2025-05-07 08:13:30 - INFO - Canal Recomendado 1: gkey (https://www.twitch.tv/gkey)
2025-05-07 08:13:34 - INFO - Canal Recomendado 2: kaemii (https://www.twitch.tv/kaemii)
2025-05-07 08:13:38 - INFO - Canal Recomendado 3: arguz11 (https://www.twitch.tv/arguz11)
2025-05-07 08:13:43 - INFO - Canal Recomendado 4: flux (https://www.twitch.tv/flux)
2025-05-07 08:13:47 - INFO - Canal Recomendado 5: august (https://www.twitch.tv/august)
2025-05-07 08:13:51 - INFO - Canal Recomendado 6: 7rowl (https://www.twitch.tv/7rowl)
2025-05-07 08:13:56 - INFO - Canal Recomendado 7: cropro (https://www.twitch.tv/cropro)
2025-05-07 08:14:00 - INFO - Canal Recomendado 8: podx12 (https://www.twitch.tv/podx12)
2025-05-07 08:14:09 - INFO - Successfully logged onto Twitch WS: subze2004
2025-05-07 08:30:00 - INFO - Coletado chat do canal boosfer por 953 segundos
2025-05-07 08:30:00 - INFO - Tempo de visualização encerrado, busca 2 de 4 encerrada
2025-05-07 08:30:00 - INFO - Jogo escolhido: grand-theft-auto-v
2025-05-07 08:30:46 - INFO - Assistindo Hydrate RP l ITS ALL GOING DOWN TONIGHT! l BIRTHDAY MONTH! 🥳 l 1526/1550 l ROAD TO 2000 SUBS!
Mario
English
ANZSubFest
LIVE
303 viewers por 659 segundos
2025-05-07 08:31:09 - INFO - Canais Recomendados atualmente:
2025-05-07 08:31:09 - INFO - Canal Recomendado 0: gkey (https://www.twitch.tv/gkey)
2025-05-07 08:31:14 - INFO - Canal Recomendado 1: oatley (https://www.twitch.tv/oatley)
2025-05-07 08:31:18 - INFO - Canal Recomendado 2: grimm (https://www.twitch.tv/grimm)
2025-05-07 08:31:22 - INFO - Canal Recomendado 3: arguz11 (https://www.twitch.tv/arguz11)
2025-05-07 08:31:27 - INFO - Canal Recomendado 4: kaemii (https://www.twitch.tv/kaemii)
2025-05-07 08:31:31 - INFO - Canal Recomendado 5: flux (https://www.twitch.tv/flux)
2025-05-07 08:31:35 - INFO - Canal Recomendado 6: squivtv (https://www.twitch.tv/squivtv)
2025-05-07 08:31:40 - INFO - Canal Recomendado 7: pingiin_major (https://www.twitch.tv/pingiin_major)
2025-05-07 08:31:44 - INFO - Canal Recomendado 8: sampie (https://www.twitch.tv/sampie)
2025-05-07 08:31:53 - INFO - Successfully logged onto Twitch WS: subze2004
2025-05-07 08:42:50 - INFO - Coletado chat do canal mario por 659 segundos
2025-05-07 08:42:50 - INFO - Tempo de visualização encerrado, busca 3 de 4 encerrada
2025-05-07 08:42:50 - INFO - Jogo escolhido: overwatch-2
2025-05-07 08:43:32 - INFO - Assistindo 🔴TOP 500 SUPPORTING🔴 First... we play Competitive, then later we suffer. (Getting right clicked by a Cassidy for 1000dmg in stadium later)
August
Anime
Kiriko
Top500
Juno
LIVE
857 viewers por 1106 segundos
2025-05-07 08:43:57 - INFO - Canais Recomendados atualmente:
2025-05-07 08:43:57 - INFO - Canal Recomendado 0: gkey (https://www.twitch.tv/gkey)
2025-05-07 08:44:02 - INFO - Canal Recomendado 1: oatley (https://www.twitch.tv/oatley)
2025-05-07 08:44:06 - INFO - Canal Recomendado 2: grimm (https://www.twitch.tv/grimm)
2025-05-07 08:44:10 - INFO - Canal Recomendado 3: arguz11 (https://www.twitch.tv/arguz11)
2025-05-07 08:44:14 - INFO - Canal Recomendado 4: flux (https://www.twitch.tv/flux)
2025-05-07 08:44:19 - INFO - Canal Recomendado 5: kaemii (https://www.twitch.tv/kaemii)
2025-05-07 08:44:23 - INFO - Canal Recomendado 6: emongg (https://www.twitch.tv/emongg)
2025-05-07 08:44:27 - INFO - Canal Recomendado 7: pcprincesss (https://www.twitch.tv/pcprincesss)
2025-05-07 08:44:32 - INFO - Canal Recomendado 8: dafran (https://www.twitch.tv/dafran)
2025-05-07 08:44:41 - INFO - Successfully logged onto Twitch WS: subze2004
2025-05-07 09:03:05 - INFO - Coletado chat do canal august por 1106 segundos
2025-05-07 09:03:05 - INFO - Tempo de visualização encerrado, busca 4 de 4 encerrada
2025-05-07 09:03:05 - INFO - Treino concluído com sucesso.
2025-05-07 12:00:16 - INFO - ====== WebDriver manager ======
2025-05-07 12:00:16 - INFO - Get LATEST chromedriver version for google-chrome
2025-05-07 12:00:17 - INFO - Get LATEST chromedriver version for google-chrome
2025-05-07 12:00:17 - INFO - Driver [/home/locus/.wdm/drivers/chromedriver/linux64/135.0.7049.114/chromedriver-linux64/chromedriver] found in cache
2025-05-07 12:00:29 - INFO - Erro ao logar no Twitch ou Login já realizado
2025-05-07 12:00:31 - INFO - Iniciando treino...
2025-05-07 12:00:31 - INFO - Realizando 4 buscas nessa sessão
2025-05-07 12:00:31 - INFO - Jogo escolhido: roblox
2025-05-07 12:01:12 - INFO - Assistindo FREE ROBUX ON PLS DONATE! Commands on screen!
Arguz11
plsdonate
Albion
bloxfruit
LIVE
34 viewers por 1113 segundos
2025-05-07 12:01:36 - INFO - Canais Recomendados atualmente:
2025-05-07 12:01:36 - INFO - Canal Recomendado 0: thefreddymc (https://www.twitch.tv/thefreddymc)
2025-05-07 12:01:41 - INFO - Canal Recomendado 1: grimm (https://www.twitch.tv/grimm)
2025-05-07 12:01:45 - INFO - Canal Recomendado 2: lilsimsie (https://www.twitch.tv/lilsimsie)
2025-05-07 12:01:49 - INFO - Canal Recomendado 3: beardageddon (https://www.twitch.tv/beardageddon)
2025-05-07 12:01:54 - INFO - Canal Recomendado 4: arguz11 (https://www.twitch.tv/arguz11)
2025-05-07 12:01:58 - INFO - Canal Recomendado 5: mrlust (https://www.twitch.tv/mrlust)
2025-05-07 12:02:02 - INFO - Canal Recomendado 6: osdeelive (https://www.twitch.tv/osdeelive)
2025-05-07 12:02:07 - INFO - Canal Recomendado 7: wockyslushyyy (https://www.twitch.tv/wockyslushyyy)
2025-05-07 12:02:11 - INFO - Canal Recomendado 8: sirtrello (https://www.twitch.tv/sirtrello)
2025-05-07 12:02:20 - INFO - Successfully logged onto Twitch WS: subze2004
2025-05-07 12:20:51 - INFO - Coletado chat do canal arguz11 por 1113 segundos
2025-05-07 12:20:51 - INFO - Tempo de visualização encerrado, busca 1 de 4 encerrada
2025-05-07 12:20:51 - INFO - Jogo escolhido: minecraft
2025-05-07 12:21:34 - INFO - Assistindo Day 127 Minecraft Adventures And Supply Runs/Base Seed: 7057588827752297580 1363.5/66/-2731.5
grayhairandtattoos_
minecraftbuilds
LIVE
37 viewers por 956 segundos
2025-05-07 12:21:57 - INFO - Canais Recomendados atualmente:
2025-05-07 12:21:57 - INFO - Canal Recomendado 0: thefreddymc (https://www.twitch.tv/thefreddymc)
2025-05-07 12:22:03 - INFO - Canal Recomendado 1: grimm (https://www.twitch.tv/grimm)
2025-05-07 12:22:07 - INFO - Canal Recomendado 2: lilsimsie (https://www.twitch.tv/lilsimsie)
2025-05-07 12:22:11 - INFO - Canal Recomendado 3: arguz11 (https://www.twitch.tv/arguz11)
2025-05-07 12:22:15 - INFO - Canal Recomendado 4: grayhairandtattoos_ (https://www.twitch.tv/grayhairandtattoos_)
2025-05-07 12:22:20 - INFO - Canal Recomendado 5: beardageddon (https://www.twitch.tv/beardageddon)
2025-05-07 12:22:24 - INFO - Canal Recomendado 6: sydney (https://www.twitch.tv/sydney)
2025-05-07 12:22:28 - INFO - Canal Recomendado 7: kendrisite (https://www.twitch.tv/kendrisite)
2025-05-07 12:22:33 - INFO - Canal Recomendado 8: oakdew_ (https://www.twitch.tv/oakdew_)
2025-05-07 12:22:42 - INFO - Successfully logged onto Twitch WS: subze2004
2025-05-07 12:38:36 - INFO - Coletado chat do canal grayhairandtattoos_ por 956 segundos
2025-05-07 12:38:36 - INFO - Tempo de visualização encerrado, busca 2 de 4 encerrada
2025-05-07 12:38:36 - INFO - Jogo escolhido: grand-theft-auto-v
2025-05-07 12:39:19 - INFO - Assistindo Kyle Pred - nopixel 4.0
kyle
English
LIVE
1.8K viewers por 945 segundos
2025-05-07 12:39:40 - INFO - Canais Recomendados atualmente:
2025-05-07 12:39:40 - INFO - Canal Recomendado 0: thefreddymc (https://www.twitch.tv/thefreddymc)
2025-05-07 12:39:45 - INFO - Canal Recomendado 1: grimm (https://www.twitch.tv/grimm)
2025-05-07 12:39:49 - INFO - Canal Recomendado 2: lilsimsie (https://www.twitch.tv/lilsimsie)
2025-05-07 12:39:54 - INFO - Canal Recomendado 3: arguz11 (https://www.twitch.tv/arguz11)
2025-05-07 12:39:58 - INFO - Canal Recomendado 4: grayhairandtattoos_ (https://www.twitch.tv/grayhairandtattoos_)
2025-05-07 12:40:02 - INFO - Canal Recomendado 5: beardageddon (https://www.twitch.tv/beardageddon)
2025-05-07 12:40:07 - INFO - Canal Recomendado 6: uhsnow (https://www.twitch.tv/uhsnow)
2025-05-07 12:40:11 - INFO - Canal Recomendado 7: 52chains (https://www.twitch.tv/52chains)
2025-05-07 12:40:15 - INFO - Canal Recomendado 8: jennybeartv (https://www.twitch.tv/jennybeartv)
2025-05-07 12:40:25 - INFO - Successfully logged onto Twitch WS: subze2004
2025-05-07 12:56:08 - INFO - Coletado chat do canal kyle por 945 segundos
2025-05-07 12:56:08 - INFO - Tempo de visualização encerrado, busca 3 de 4 encerrada
2025-05-07 12:56:08 - INFO - Jogo escolhido: sea-of-thieves
2025-05-07 12:56:53 - INFO - Assistindo THE STICKERTHON IS HERE !stickerthon !247 !gs !mobile !derby
Beardageddon
NoPolitics
Casual
PvE
LIVE
682 viewers por 867 segundos
2025-05-07 12:57:19 - INFO - Canais Recomendados atualmente:
2025-05-07 12:57:19 - INFO - Canal Recomendado 0: thefreddymc (https://www.twitch.tv/thefreddymc)
2025-05-07 12:57:24 - INFO - Canal Recomendado 1: grimm (https://www.twitch.tv/grimm)
2025-05-07 12:57:28 - INFO - Canal Recomendado 2: lilsimsie (https://www.twitch.tv/lilsimsie)
2025-05-07 12:57:33 - INFO - Canal Recomendado 3: arguz11 (https://www.twitch.tv/arguz11)
2025-05-07 12:57:37 - INFO - Canal Recomendado 4: grayhairandtattoos_ (https://www.twitch.tv/grayhairandtattoos_)
2025-05-07 12:57:41 - INFO - Canal Recomendado 5: beardageddon (https://www.twitch.tv/beardageddon)
2025-05-07 12:57:46 - INFO - Canal Recomendado 6: ldsylvr (https://www.twitch.tv/ldsylvr)
2025-05-07 12:57:50 - INFO - Canal Recomendado 7: beardageddon247 (https://www.twitch.tv/beardageddon247)
2025-05-07 12:57:55 - INFO - Canal Recomendado 8: pufferson (https://www.twitch.tv/pufferson)
2025-05-07 12:58:04 - INFO - Successfully logged onto Twitch WS: subze2004
2025-05-07 13:12:29 - INFO - Coletado chat do canal beardageddon por 867 segundos
2025-05-07 13:12:29 - INFO - Tempo de visualização encerrado, busca 4 de 4 encerrada
2025-05-07 13:12:29 - INFO - Treino concluído com sucesso.
2025-05-07 16:00:39 - INFO - ====== WebDriver manager ======
2025-05-07 16:00:39 - INFO - Get LATEST chromedriver version for google-chrome
2025-05-07 16:00:40 - INFO - Get LATEST chromedriver version for google-chrome
2025-05-07 16:00:40 - INFO - Driver [/home/locus/.wdm/drivers/chromedriver/linux64/135.0.7049.114/chromedriver-linux64/chromedriver] found in cache
2025-05-07 16:00:52 - INFO - Erro ao logar no Twitch ou Login já realizado
2025-05-07 16:00:54 - INFO - Iniciando treino...
2025-05-07 16:00:54 - INFO - Realizando 4 buscas nessa sessão
2025-05-07 16:00:54 - INFO - Jogo escolhido: the-sims-4
2025-05-07 16:01:35 - INFO - Assistindo Very Veggie Legacy 🌿 Broccoli Gen Day 2 !shell !
Charmelian
English
VerryVeggie
Chatty
LIVE
82 viewers por 1198 segundos
2025-05-07 16:01:58 - INFO - Canais Recomendados atualmente:
2025-05-07 16:01:58 - INFO - Canal Recomendado 0: thefreddymc (https://www.twitch.tv/thefreddymc)
2025-05-07 16:02:03 - INFO - Canal Recomendado 1: sypherpk (https://www.twitch.tv/sypherpk)
2025-05-07 16:02:07 - INFO - Canal Recomendado 2: beardageddon (https://www.twitch.tv/beardageddon)
2025-05-07 16:02:12 - INFO - Canal Recomendado 3: grayhairandtattoos_ (https://www.twitch.tv/grayhairandtattoos_)
2025-05-07 16:02:16 - INFO - Canal Recomendado 4: ripalfie (https://www.twitch.tv/ripalfie)
2025-05-07 16:02:20 - INFO - Canal Recomendado 5: arguz11 (https://www.twitch.tv/arguz11)
2025-05-07 16:02:24 - INFO - Canal Recomendado 6: zefrine (https://www.twitch.tv/zefrine)
2025-05-07 16:02:29 - INFO - Canal Recomendado 7: leeemazon (https://www.twitch.tv/leeemazon)
2025-05-07 16:02:34 - INFO - Canal Recomendado 8: lillythh (https://www.twitch.tv/lillythh)
2025-05-07 16:02:43 - INFO - Successfully logged onto Twitch WS: subze2004
2025-05-07 16:22:39 - INFO - Coletado chat do canal charmelian por 1198 segundos
2025-05-07 16:22:39 - INFO - Tempo de visualização encerrado, busca 1 de 4 encerrada
2025-05-07 16:22:39 - INFO - Jogo escolhido: valorant
2025-05-07 16:23:23 - INFO - Assistindo why am i here /// here: wdym here /// wdym: yo /// yo: gurt /// gurt: yo
ripalfie
VALORANＴ
valorant
ripalfie
LIVE
121 viewers por 756 segundos
2025-05-07 16:23:46 - INFO - Canais Recomendados atualmente:
2025-05-07 16:23:46 - INFO - Canal Recomendado 0: thefreddymc (https://www.twitch.tv/thefreddymc)
2025-05-07 16:23:51 - INFO - Canal Recomendado 1: sypherpk (https://www.twitch.tv/sypherpk)
2025-05-07 16:23:56 - INFO - Canal Recomendado 2: ripalfie (https://www.twitch.tv/ripalfie)
2025-05-07 16:24:00 - INFO - Canal Recomendado 3: arguz11 (https://www.twitch.tv/arguz11)
2025-05-07 16:24:05 - INFO - Canal Recomendado 4: mrlust (https://www.twitch.tv/mrlust)
2025-05-07 16:24:09 - INFO - Canal Recomendado 5: keshaeuw (https://www.twitch.tv/keshaeuw)
2025-05-07 16:24:13 - INFO - Canal Recomendado 6: sp1kesk (https://www.twitch.tv/sp1kesk)
2025-05-07 16:24:18 - INFO - Canal Recomendado 7: kadezofficial (https://www.twitch.tv/kadezofficial)
2025-05-07 16:24:22 - INFO - Canal Recomendado 8: globexfps (https://www.twitch.tv/globexfps)
2025-05-07 16:24:31 - INFO - Successfully logged onto Twitch WS: subze2004
2025-05-07 16:37:05 - INFO - Coletado chat do canal ripalfie por 756 segundos
2025-05-07 16:37:05 - INFO - Tempo de visualização encerrado, busca 2 de 4 encerrada
2025-05-07 16:37:05 - INFO - Jogo escolhido: ea-sports-fc-25
2025-05-07 16:37:50 - INFO - Assistindo 🔵ARSENAL VS PSG WATCH-ALONG🔵 PREM TOTS IS HERE!🔵!lootbar !youtube !tactics !moreawale
LA4AWALE
English
LIVE
1K viewers por 1111 segundos
2025-05-07 16:38:14 - INFO - Canais Recomendados atualmente:
2025-05-07 16:38:14 - INFO - Canal Recomendado 0: thefreddymc (https://www.twitch.tv/thefreddymc)
2025-05-07 16:38:19 - INFO - Canal Recomendado 1: sypherpk (https://www.twitch.tv/sypherpk)
2025-05-07 16:38:24 - INFO - Canal Recomendado 2: ripalfie (https://www.twitch.tv/ripalfie)
2025-05-07 16:38:28 - INFO - Canal Recomendado 3: mrlust (https://www.twitch.tv/mrlust)
2025-05-07 16:38:32 - INFO - Canal Recomendado 4: arguz11 (https://www.twitch.tv/arguz11)
2025-05-07 16:38:36 - INFO - Canal Recomendado 5: keshaeuw (https://www.twitch.tv/keshaeuw)
2025-05-07 16:38:41 - INFO - Canal Recomendado 6: devin_caherly (https://www.twitch.tv/devin_caherly)
2025-05-07 16:38:45 - INFO - Canal Recomendado 7: runthefutmarket (https://www.twitch.tv/runthefutmarket)
2025-05-07 16:38:50 - INFO - Canal Recomendado 8: thefutaccountant (https://www.twitch.tv/thefutaccountant)
2025-05-07 16:38:59 - INFO - Successfully logged onto Twitch WS: subze2004
2025-05-07 16:57:28 - INFO - Coletado chat do canal la4awale por 1111 segundos
2025-05-07 16:57:28 - INFO - Tempo de visualização encerrado, busca 3 de 4 encerrada
2025-05-07 16:57:28 - INFO - Jogo escolhido: fortnite
2025-05-07 16:58:10 - INFO - Assistindo FINAL STREAM BEFORE FORTNITE PRO-AM - use code "SypherPK" #EpicPartner | !oneofus !discord
SypherPK
English
battleroyale
PvP
LIVE
1.3K viewers por 1064 segundos
2025-05-07 16:58:32 - INFO - Canais Recomendados atualmente:
2025-05-07 16:58:32 - INFO - Canal Recomendado 0: thefreddymc (https://www.twitch.tv/thefreddymc)
2025-05-07 16:58:37 - INFO - Canal Recomendado 1: sypherpk (https://www.twitch.tv/sypherpk)
2025-05-07 16:58:41 - INFO - Canal Recomendado 2: happyhappygal (https://www.twitch.tv/happyhappygal)
2025-05-07 16:58:45 - INFO - Canal Recomendado 3: devin_caherly (https://www.twitch.tv/devin_caherly)
2025-05-07 16:58:50 - INFO - Canal Recomendado 4: necros (https://www.twitch.tv/necros)
2025-05-07 16:58:54 - INFO - Canal Recomendado 5: ripalfie (https://www.twitch.tv/ripalfie)
2025-05-07 16:58:59 - INFO - Canal Recomendado 6: couragejd (https://www.twitch.tv/couragejd)
2025-05-07 16:59:03 - INFO - Canal Recomendado 7: sypherpkvods (https://www.twitch.tv/sypherpkvods)
2025-05-07 16:59:08 - INFO - Canal Recomendado 8: nickeh30_vods (https://www.twitch.tv/nickeh30_vods)
2025-05-07 16:59:17 - INFO - Successfully logged onto Twitch WS: subze2004
2025-05-07 17:16:59 - INFO - Coletado chat do canal sypherpk por 1064 segundos
2025-05-07 17:16:59 - INFO - Tempo de visualização encerrado, busca 4 de 4 encerrada
2025-05-07 17:16:59 - INFO - Treino concluído com sucesso.
2025-05-07 20:00:09 - INFO - ====== WebDriver manager ======
2025-05-07 20:00:10 - INFO - Get LATEST chromedriver version for google-chrome
2025-05-07 20:00:10 - INFO - Get LATEST chromedriver version for google-chrome
2025-05-07 20:00:11 - INFO - Driver [/home/locus/.wdm/drivers/chromedriver/linux64/135.0.7049.114/chromedriver-linux64/chromedriver] found in cache
2025-05-07 20:00:22 - INFO - Erro ao logar no Twitch ou Login já realizado
2025-05-07 20:00:24 - INFO - Iniciando treino...
2025-05-07 20:00:24 - INFO - Realizando 5 buscas nessa sessão
2025-05-07 20:00:24 - INFO - Jogo escolhido: counter-strike
2025-05-07 20:01:05 - INFO - Assistindo LIVE: Fluxo vs 9F Sharks - ESL Challenger League - Season 49 SA
ESLCS
English
LIVE
666 viewers por 845 segundos
2025-05-07 20:01:27 - INFO - Canais Recomendados atualmente:
2025-05-07 20:01:27 - INFO - Canal Recomendado 0: vadriss (https://www.twitch.tv/vadriss)
2025-05-07 20:01:32 - INFO - Canal Recomendado 1: drdonutttttt (https://www.twitch.tv/drdonutttttt)
2025-05-07 20:01:36 - INFO - Canal Recomendado 2: mrlust (https://www.twitch.tv/mrlust)
2025-05-07 20:01:40 - INFO - Canal Recomendado 3: arguz11 (https://www.twitch.tv/arguz11)
2025-05-07 20:01:44 - INFO - Canal Recomendado 4: linkzzey (https://www.twitch.tv/linkzzey)
2025-05-07 20:01:49 - INFO - Canal Recomendado 5: dantes (https://www.twitch.tv/dantes)
2025-05-07 20:01:53 - INFO - Canal Recomendado 6: trottah (https://www.twitch.tv/trottah)
2025-05-07 20:01:57 - INFO - Canal Recomendado 7: flusha (https://www.twitch.tv/flusha)
2025-05-07 20:02:02 - INFO - Canal Recomendado 8: bymas (https://www.twitch.tv/bymas)
2025-05-07 20:02:11 - INFO - Successfully logged onto Twitch WS: subze2004
2025-05-07 20:16:14 - INFO - Coletado chat do canal eslcs por 845 segundos
2025-05-07 20:16:14 - INFO - Tempo de visualização encerrado, busca 1 de 5 encerrada
2025-05-07 20:16:14 - INFO - Jogo escolhido: league-of-legends
2025-05-07 20:16:56 - INFO - Assistindo SHACO AND LEAGUE FOR BIRTHDAY! !!dreamhack
PinkWardlol
English
shaco
leagueoflegends
LIVE
1.4K viewers por 1007 segundos
2025-05-07 20:17:17 - INFO - Canais Recomendados atualmente:
2025-05-07 20:17:17 - INFO - Canal Recomendado 0: vadriss (https://www.twitch.tv/vadriss)
2025-05-07 20:17:22 - INFO - Canal Recomendado 1: drdonutttttt (https://www.twitch.tv/drdonutttttt)
2025-05-07 20:17:27 - INFO - Canal Recomendado 2: mrlust (https://www.twitch.tv/mrlust)
2025-05-07 20:17:31 - INFO - Canal Recomendado 3: grayhairandtattoos_ (https://www.twitch.tv/grayhairandtattoos_)
2025-05-07 20:17:35 - INFO - Canal Recomendado 4: arguz11 (https://www.twitch.tv/arguz11)
2025-05-07 20:17:40 - INFO - Canal Recomendado 5: linkzzey (https://www.twitch.tv/linkzzey)
2025-05-07 20:17:44 - INFO - Canal Recomendado 6: tfblade (https://www.twitch.tv/tfblade)
2025-05-07 20:17:48 - INFO - Canal Recomendado 7: solarbacca (https://www.twitch.tv/solarbacca)
2025-05-07 20:17:53 - INFO - Canal Recomendado 8: anniebot (https://www.twitch.tv/anniebot)
2025-05-07 20:18:02 - INFO - Successfully logged onto Twitch WS: subze2004
2025-05-07 20:34:47 - INFO - Coletado chat do canal pinkwardlol por 1007 segundos
2025-05-07 20:34:47 - INFO - Tempo de visualização encerrado, busca 2 de 5 encerrada
2025-05-07 20:34:47 - INFO - Jogo escolhido: roblox
2025-05-07 20:35:27 - INFO - Assistindo 💎 PS99 💎Free Huges! Chillin Helping Chats Inventories Grow!
Akolon29
Giveaways
ADHD
PS99
LIVE
31 viewers por 706 segundos
2025-05-07 20:35:49 - INFO - Canais Recomendados atualmente:
2025-05-07 20:35:49 - INFO - Canal Recomendado 0: vadriss (https://www.twitch.tv/vadriss)
2025-05-07 20:35:54 - INFO - Canal Recomendado 1: drdonutttttt (https://www.twitch.tv/drdonutttttt)
2025-05-07 20:35:58 - INFO - Canal Recomendado 2: mrlust (https://www.twitch.tv/mrlust)
2025-05-07 20:36:03 - INFO - Canal Recomendado 3: arguz11 (https://www.twitch.tv/arguz11)
2025-05-07 20:36:07 - INFO - Canal Recomendado 4: dantes (https://www.twitch.tv/dantes)
2025-05-07 20:36:11 - INFO - Canal Recomendado 5: linkzzey (https://www.twitch.tv/linkzzey)
2025-05-07 20:36:16 - INFO - Canal Recomendado 6: mewmi_x (https://www.twitch.tv/mewmi_x)
2025-05-07 20:36:20 - INFO - Canal Recomendado 7: ksooslammin (https://www.twitch.tv/ksooslammin)
2025-05-07 20:36:24 - INFO - Canal Recomendado 8: sstaticle (https://www.twitch.tv/sstaticle)
2025-05-07 20:36:34 - INFO - Successfully logged onto Twitch WS: subze2004
2025-05-07 20:48:18 - INFO - Coletado chat do canal akolon29 por 706 segundos
2025-05-07 20:48:18 - INFO - Tempo de visualização encerrado, busca 3 de 5 encerrada
2025-05-07 20:48:18 - INFO - Jogo escolhido: sea-of-thieves
2025-05-07 20:48:59 - INFO - Assistindo 🟣PARTNER PUSH!-SUBATHON DAY 16!🟣 DOIN BOAT STUFF! !Controller !TTS !Merch !Discord
PushinWood
COMPETITIVE
holidayhoopla
LIVE
122 viewers por 840 segundos
2025-05-07 20:49:24 - INFO - Canais Recomendados atualmente:
2025-05-07 20:49:24 - INFO - Canal Recomendado 0: vadriss (https://www.twitch.tv/vadriss)
2025-05-07 20:49:29 - INFO - Canal Recomendado 1: drdonutttttt (https://www.twitch.tv/drdonutttttt)
2025-05-07 20:49:33 - INFO - Canal Recomendado 2: mrlust (https://www.twitch.tv/mrlust)
2025-05-07 20:49:38 - INFO - Canal Recomendado 3: arguz11 (https://www.twitch.tv/arguz11)
2025-05-07 20:49:42 - INFO - Canal Recomendado 4: grayhairandtattoos_ (https://www.twitch.tv/grayhairandtattoos_)
2025-05-07 20:49:47 - INFO - Canal Recomendado 5: linkzzey (https://www.twitch.tv/linkzzey)
2025-05-07 20:49:51 - INFO - Canal Recomendado 6: fi1es (https://www.twitch.tv/fi1es)
2025-05-07 20:49:56 - INFO - Canal Recomendado 7: makaiosr (https://www.twitch.tv/makaiosr)
2025-05-07 20:50:00 - INFO - Canal Recomendado 8: olbrowntownn (https://www.twitch.tv/olbrowntownn)
2025-05-07 20:50:10 - INFO - Successfully logged onto Twitch WS: subze2004
2025-05-07 21:04:08 - INFO - Coletado chat do canal pushinwood por 840 segundos
2025-05-07 21:04:08 - INFO - Tempo de visualização encerrado, busca 4 de 5 encerrada
2025-05-07 21:04:08 - INFO - Jogo escolhido: ea-sports-fc-25
2025-05-07 21:04:49 - INFO - Assistindo Opening Rank 1 Prem tots Champ rewards RN!!!!!!!!!!
GAdamou10_
English
LIVE
379 viewers por 690 segundos
2025-05-07 21:05:11 - INFO - Canais Recomendados atualmente:
2025-05-07 21:05:11 - INFO - Canal Recomendado 0: vadriss (https://www.twitch.tv/vadriss)
2025-05-07 21:05:16 - INFO - Canal Recomendado 1: drdonutttttt (https://www.twitch.tv/drdonutttttt)
2025-05-07 21:05:20 - INFO - Canal Recomendado 2: mrlust (https://www.twitch.tv/mrlust)
2025-05-07 21:05:24 - INFO - Canal Recomendado 3: arguz11 (https://www.twitch.tv/arguz11)
2025-05-07 21:05:29 - INFO - Canal Recomendado 4: grayhairandtattoos_ (https://www.twitch.tv/grayhairandtattoos_)
2025-05-07 21:05:33 - INFO - Canal Recomendado 5: robthemaster1 (https://www.twitch.tv/robthemaster1)
2025-05-07 21:05:38 - INFO - Canal Recomendado 6: shawrey_ (https://www.twitch.tv/shawrey_)
2025-05-07 21:05:43 - INFO - Canal Recomendado 7: pieface23 (https://www.twitch.tv/pieface23)
2025-05-07 21:05:47 - INFO - Canal Recomendado 8: krasififa_ (https://www.twitch.tv/krasififa_)
2025-05-07 21:05:57 - INFO - Successfully logged onto Twitch WS: subze2004
2025-05-07 21:17:25 - INFO - Coletado chat do canal gadamou10_ por 690 segundos
2025-05-07 21:17:25 - INFO - Tempo de visualização encerrado, busca 5 de 5 encerrada
2025-05-07 21:17:25 - INFO - Treino concluído com sucesso.
2025-05-08 00:00:34 - INFO - ====== WebDriver manager ======
2025-05-08 00:00:34 - INFO - Get LATEST chromedriver version for google-chrome
2025-05-08 00:00:35 - INFO - Get LATEST chromedriver version for google-chrome
2025-05-08 00:00:35 - INFO - Get LATEST chromedriver version for google-chrome
2025-05-08 00:00:36 - INFO - WebDriver version 135.0.7049.114 selected
2025-05-08 00:00:36 - INFO - Modern chrome version https://storage.googleapis.com/chrome-for-testing-public/135.0.7049.114/linux64/chromedriver-linux64.zip
2025-05-08 00:00:36 - INFO - About to download new driver from https://storage.googleapis.com/chrome-for-testing-public/135.0.7049.114/linux64/chromedriver-linux64.zip
2025-05-08 00:00:37 - INFO - Driver downloading response is 200
2025-05-08 00:00:38 - INFO - Get LATEST chromedriver version for google-chrome
2025-05-08 00:00:39 - INFO - Driver has been saved in cache [/home/locus/.wdm/drivers/chromedriver/linux64/135.0.7049.114]
2025-05-08 00:00:51 - INFO - Erro ao logar no Twitch ou Login já realizado
2025-05-08 00:00:53 - INFO - Iniciando treino...
2025-05-08 00:00:53 - INFO - Realizando 4 buscas nessa sessão
2025-05-08 00:00:53 - INFO - Jogo escolhido: ea-sports-fc-25
2025-05-08 00:01:37 - INFO - Assistindo #1 NA PRO FEASTS THROUGH DIVISION RIVALS LIKE AN ANIMAL (ENG/GRE) | !tactics
GAdamou10_
English
LIVE
773 viewers por 673 segundos
2025-05-08 00:02:00 - INFO - Canais Recomendados atualmente:
2025-05-08 00:02:00 - INFO - Canal Recomendado 0: vadriss (https://www.twitch.tv/vadriss)
2025-05-08 00:02:05 - INFO - Canal Recomendado 1: grayhairandtattoos_ (https://www.twitch.tv/grayhairandtattoos_)
2025-05-08 00:02:09 - INFO - Canal Recomendado 2: mrlust (https://www.twitch.tv/mrlust)
2025-05-08 00:02:13 - INFO - Canal Recomendado 3: karasmai (https://www.twitch.tv/karasmai)
2025-05-08 00:02:17 - INFO - Canal Recomendado 4: arguz11 (https://www.twitch.tv/arguz11)
2025-05-08 00:02:21 - INFO - Canal Recomendado 5: warn (https://www.twitch.tv/warn)
2025-05-08 00:02:26 - INFO - Canal Recomendado 6: therealpugzilla (https://www.twitch.tv/therealpugzilla)
2025-05-08 00:02:30 - INFO - Canal Recomendado 7: boogy7_ (https://www.twitch.tv/boogy7_)
2025-05-08 00:02:35 - INFO - Canal Recomendado 8: ratedhugo (https://www.twitch.tv/ratedhugo)
2025-05-08 00:02:44 - INFO - Successfully logged onto Twitch WS: subze2004
2025-05-08 00:13:55 - INFO - Coletado chat do canal gadamou10_ por 673 segundos
2025-05-08 00:13:55 - INFO - Tempo de visualização encerrado, busca 1 de 4 encerrada
2025-05-08 00:13:55 - INFO - Jogo escolhido: minecraft
2025-05-08 00:14:38 - INFO - Assistindo 💛playing HARDCORE MINECRAFTTTT // COME SAY HI I responded to EVERYONE!!
ARareLemon
English
caseoh
minecraft
LIVE
38 viewers por 981 segundos
2025-05-08 00:15:02 - INFO - Canais Recomendados atualmente:
2025-05-08 00:15:02 - INFO - Canal Recomendado 0: caseoh_ (https://www.twitch.tv/caseoh_)
2025-05-08 00:15:07 - INFO - Canal Recomendado 1: aussieantics (https://www.twitch.tv/aussieantics)
2025-05-08 00:15:11 - INFO - Canal Recomendado 2: warn (https://www.twitch.tv/warn)
2025-05-08 00:15:15 - INFO - Canal Recomendado 3: flotsam (https://www.twitch.tv/flotsam)
2025-05-08 00:15:20 - INFO - Canal Recomendado 4: karasmai (https://www.twitch.tv/karasmai)
2025-05-08 00:15:24 - INFO - Canal Recomendado 5: keeoh (https://www.twitch.tv/keeoh)
2025-05-08 00:15:29 - INFO - Canal Recomendado 6: justdashyt (https://www.twitch.tv/justdashyt)
2025-05-08 00:15:33 - INFO - Canal Recomendado 7: grungiey (https://www.twitch.tv/grungiey)
2025-05-08 00:15:38 - INFO - Canal Recomendado 8: hershysyrup (https://www.twitch.tv/hershysyrup)
2025-05-08 00:15:48 - INFO - Successfully logged onto Twitch WS: subze2004
2025-05-08 00:32:07 - INFO - Coletado chat do canal ararelemon por 981 segundos
2025-05-08 00:32:07 - INFO - Tempo de visualização encerrado, busca 2 de 4 encerrada
2025-05-08 00:32:07 - INFO - Jogo escolhido: grand-theft-auto-v
2025-05-08 00:32:48 - INFO - Assistindo Day 37 of UNCAPPED Birthday SUBATHON | !PNS !merch !subathon !goals #Ad #Sponsorship
vadriss
English
twitchprideguild
LIVE
894 viewers por 681 segundos
2025-05-08 00:33:10 - INFO - Canais Recomendados atualmente:
2025-05-08 00:33:10 - INFO - Canal Recomendado 0: vadriss (https://www.twitch.tv/vadriss)
2025-05-08 00:33:15 - INFO - Canal Recomendado 1: grayhairandtattoos_ (https://www.twitch.tv/grayhairandtattoos_)
2025-05-08 00:33:20 - INFO - Canal Recomendado 2: mrlust (https://www.twitch.tv/mrlust)
2025-05-08 00:33:24 - INFO - Canal Recomendado 3: karasmai (https://www.twitch.tv/karasmai)
2025-05-08 00:33:28 - INFO - Canal Recomendado 4: flotsam (https://www.twitch.tv/flotsam)
2025-05-08 00:33:32 - INFO - Canal Recomendado 5: arguz11 (https://www.twitch.tv/arguz11)
2025-05-08 00:33:37 - INFO - Canal Recomendado 6: nickdominates (https://www.twitch.tv/nickdominates)
2025-05-08 00:33:41 - INFO - Canal Recomendado 7: qaymichael (https://www.twitch.tv/qaymichael)
2025-05-08 00:33:46 - INFO - Canal Recomendado 8: thentiq (https://www.twitch.tv/thentiq)
2025-05-08 00:33:55 - INFO - Successfully logged onto Twitch WS: subze2004
2025-05-08 00:45:14 - INFO - Coletado chat do canal vadriss por 681 segundos
2025-05-08 00:45:14 - INFO - Tempo de visualização encerrado, busca 3 de 4 encerrada
2025-05-08 00:45:14 - INFO - Jogo escolhido: league-of-legends
2025-05-08 00:45:58 - INFO - Assistindo Rank 1 Kayn In Korea - Day 4 - !Challenger !discord !rank
KarasMai
kayn
English
LIVE
1.3K viewers por 1167 segundos
2025-05-08 00:46:24 - INFO - Canais Recomendados atualmente:
2025-05-08 00:46:24 - INFO - Canal Recomendado 0: vadriss (https://www.twitch.tv/vadriss)
2025-05-08 00:46:28 - INFO - Canal Recomendado 1: grayhairandtattoos_ (https://www.twitch.tv/grayhairandtattoos_)
2025-05-08 00:46:33 - INFO - Canal Recomendado 2: mrlust (https://www.twitch.tv/mrlust)
2025-05-08 00:46:37 - INFO - Canal Recomendado 3: karasmai (https://www.twitch.tv/karasmai)
2025-05-08 00:46:41 - INFO - Canal Recomendado 4: flotsam (https://www.twitch.tv/flotsam)
2025-05-08 00:46:45 - INFO - Canal Recomendado 5: arguz11 (https://www.twitch.tv/arguz11)
2025-05-08 00:46:50 - INFO - Canal Recomendado 6: lltrigger (https://www.twitch.tv/lltrigger)
2025-05-08 00:46:55 - INFO - Canal Recomendado 7: bwipolol (https://www.twitch.tv/bwipolol)
2025-05-08 00:46:59 - INFO - Canal Recomendado 8: pinkwardlol (https://www.twitch.tv/pinkwardlol)
2025-05-08 00:47:08 - INFO - Successfully logged onto Twitch WS: subze2004
2025-05-08 01:06:33 - INFO - Coletado chat do canal karasmai por 1167 segundos
2025-05-08 01:06:33 - INFO - Tempo de visualização encerrado, busca 4 de 4 encerrada
2025-05-08 01:06:33 - INFO - Treino concluído com sucesso.
2025-05-08 04:00:43 - INFO - ====== WebDriver manager ======
2025-05-08 04:00:43 - INFO - Get LATEST chromedriver version for google-chrome
2025-05-08 04:00:44 - INFO - Get LATEST chromedriver version for google-chrome
2025-05-08 04:00:44 - INFO - Driver [/home/locus/.wdm/drivers/chromedriver/linux64/135.0.7049.114/chromedriver-linux64/chromedriver] found in cache
2025-05-08 04:00:55 - INFO - Erro ao logar no Twitch ou Login já realizado
2025-05-08 04:00:57 - INFO - Iniciando treino...
2025-05-08 04:00:57 - INFO - Realizando 3 buscas nessa sessão
2025-05-08 04:00:57 - INFO - Jogo escolhido: league-of-legends
2025-05-08 04:01:39 - INFO - Assistindo QIYANA GOD GOES CRAZY | Partnered with !odoo become the MVP of your Business #ad
midbeast
leagueoflegends
Anime
Golf
LIVE
1.3K viewers por 755 segundos
2025-05-08 04:02:02 - INFO - Canais Recomendados atualmente:
2025-05-08 04:02:02 - INFO - Canal Recomendado 0: vadriss (https://www.twitch.tv/vadriss)
2025-05-08 04:02:07 - INFO - Canal Recomendado 1: beardageddon (https://www.twitch.tv/beardageddon)
2025-05-08 04:02:11 - INFO - Canal Recomendado 2: kaemii (https://www.twitch.tv/kaemii)
2025-05-08 04:02:15 - INFO - Canal Recomendado 3: oatley (https://www.twitch.tv/oatley)
2025-05-08 04:02:20 - INFO - Canal Recomendado 4: gkey (https://www.twitch.tv/gkey)
2025-05-08 04:02:24 - INFO - Canal Recomendado 5: arguz11 (https://www.twitch.tv/arguz11)
2025-05-08 04:02:28 - INFO - Canal Recomendado 6: karasmai (https://www.twitch.tv/karasmai)
2025-05-08 04:02:33 - INFO - Canal Recomendado 7: broxah (https://www.twitch.tv/broxah)
2025-05-08 04:02:37 - INFO - Canal Recomendado 8: bwipolol (https://www.twitch.tv/bwipolol)
2025-05-08 04:02:46 - INFO - Successfully logged onto Twitch WS: subze2004
2025-05-08 04:15:19 - INFO - Coletado chat do canal midbeast por 755 segundos
2025-05-08 04:15:19 - INFO - Tempo de visualização encerrado, busca 1 de 3 encerrada
2025-05-08 04:15:19 - INFO - Jogo escolhido: valorant
2025-05-08 04:15:58 - INFO - Assistindo NEW ACT NEW HAIR | SPEEDRUN TO RADIANT APAC | ENDED 401RR
Kaemii
English
LIVE
232 viewers por 1136 segundos
2025-05-08 04:16:23 - INFO - Canais Recomendados atualmente:
2025-05-08 04:16:23 - INFO - Canal Recomendado 0: vadriss (https://www.twitch.tv/vadriss)
2025-05-08 04:16:28 - INFO - Canal Recomendado 1: august (https://www.twitch.tv/august)
2025-05-08 04:16:32 - INFO - Canal Recomendado 2: beardageddon (https://www.twitch.tv/beardageddon)
2025-05-08 04:16:37 - INFO - Canal Recomendado 3: oatley (https://www.twitch.tv/oatley)
2025-05-08 04:16:41 - INFO - Canal Recomendado 4: gkey (https://www.twitch.tv/gkey)
2025-05-08 04:16:45 - INFO - Canal Recomendado 5: kaemii (https://www.twitch.tv/kaemii)
2025-05-08 04:16:49 - INFO - Canal Recomendado 6: hamy (https://www.twitch.tv/hamy)
2025-05-08 04:16:54 - INFO - Canal Recomendado 7: cheatcode (https://www.twitch.tv/cheatcode)
2025-05-08 04:16:58 - INFO - Canal Recomendado 8: eggsterr (https://www.twitch.tv/eggsterr)
2025-05-08 04:17:07 - INFO - Successfully logged onto Twitch WS: subze2004
2025-05-08 04:36:01 - INFO - Coletado chat do canal kaemii por 1136 segundos
2025-05-08 04:36:01 - INFO - Tempo de visualização encerrado, busca 2 de 3 encerrada
2025-05-08 04:36:01 - INFO - Jogo escolhido: grand-theft-auto-v
2025-05-08 04:36:45 - INFO - Assistindo Subathon | T-2 Seth Cooper on PATROL!!!!! | TheAcademyRP | !Socials | !Server | !Site
Hated_Squad
GTARP
LEORP
GTAV
RP
LIVE
292 viewers por 685 segundos
2025-05-08 04:37:08 - INFO - Canais Recomendados atualmente:
2025-05-08 04:37:08 - INFO - Canal Recomendado 0: vadriss (https://www.twitch.tv/vadriss)
2025-05-08 04:37:12 - INFO - Canal Recomendado 1: august (https://www.twitch.tv/august)
2025-05-08 04:37:17 - INFO - Canal Recomendado 2: beardageddon (https://www.twitch.tv/beardageddon)
2025-05-08 04:37:21 - INFO - Canal Recomendado 3: gkey (https://www.twitch.tv/gkey)
2025-05-08 04:37:25 - INFO - Canal Recomendado 4: oatley (https://www.twitch.tv/oatley)
2025-05-08 04:37:30 - INFO - Canal Recomendado 5: kaemii (https://www.twitch.tv/kaemii)
2025-05-08 04:37:34 - INFO - Canal Recomendado 6: thekrakenden (https://www.twitch.tv/thekrakenden)
2025-05-08 04:37:39 - INFO - Canal Recomendado 7: dgthe99 (https://www.twitch.tv/dgthe99)
2025-05-08 04:37:43 - INFO - Canal Recomendado 8: ix_twista_xi (https://www.twitch.tv/ix_twista_xi)
2025-05-08 04:37:52 - INFO - Successfully logged onto Twitch WS: subze2004
2025-05-08 04:49:15 - INFO - Coletado chat do canal hated_squad por 685 segundos
2025-05-08 04:49:15 - INFO - Tempo de visualização encerrado, busca 3 de 3 encerrada
2025-05-08 04:49:15 - INFO - Treino concluído com sucesso.
2025-05-08 08:00:26 - INFO - ====== WebDriver manager ======
2025-05-08 08:00:26 - INFO - Get LATEST chromedriver version for google-chrome
2025-05-08 08:00:27 - INFO - Get LATEST chromedriver version for google-chrome
2025-05-08 08:00:27 - INFO - Driver [/home/locus/.wdm/drivers/chromedriver/linux64/135.0.7049.114/chromedriver-linux64/chromedriver] found in cache
2025-05-08 08:00:38 - INFO - Erro ao logar no Twitch ou Login já realizado
2025-05-08 08:00:39 - INFO - Iniciando treino...
2025-05-08 08:00:39 - INFO - Realizando 4 buscas nessa sessão
2025-05-08 08:00:39 - INFO - Jogo escolhido: grand-theft-auto-v
2025-05-08 08:01:21 - INFO - Assistindo Abdul "WANTED" Taxi - Unscripted.gg !YouTube !Discord !instagram !NoPixel !Prodigy PRP !Time2RP
AbdulHD
Arabic
TIME2RP
variety
LIVE
1.5K viewers por 1169 segundos
2025-05-08 08:01:44 - INFO - Canais Recomendados atualmente:
2025-05-08 08:01:44 - INFO - Canal Recomendado 0: gkey (https://www.twitch.tv/gkey)
2025-05-08 08:01:49 - INFO - Canal Recomendado 1: oatley (https://www.twitch.tv/oatley)
2025-05-08 08:01:54 - INFO - Canal Recomendado 2: august (https://www.twitch.tv/august)
2025-05-08 08:01:58 - INFO - Canal Recomendado 3: arguz11 (https://www.twitch.tv/arguz11)
2025-05-08 08:02:02 - INFO - Canal Recomendado 4: boosfer (https://www.twitch.tv/boosfer)
2025-05-08 08:02:07 - INFO - Canal Recomendado 5: botjayttv (https://www.twitch.tv/botjayttv)
2025-05-08 08:02:11 - INFO - Canal Recomendado 6: pepe_the_rarest (https://www.twitch.tv/pepe_the_rarest)
2025-05-08 08:02:16 - INFO - Canal Recomendado 7: bluemist_yt (https://www.twitch.tv/bluemist_yt)
2025-05-08 08:02:20 - INFO - Canal Recomendado 8: uhsnow (https://www.twitch.tv/uhsnow)
2025-05-08 08:02:29 - INFO - Successfully logged onto Twitch WS: subze2004
2025-05-08 08:21:56 - INFO - Coletado chat do canal abdulhd por 1169 segundos
2025-05-08 08:21:56 - INFO - Tempo de visualização encerrado, busca 1 de 4 encerrada
2025-05-08 08:21:56 - INFO - Jogo escolhido: fortnite
2025-05-08 08:22:39 - INFO - Assistindo PRO TRIO SCRIMS | Code "Oatley" #ad | !socials !youtube !delay
Oatley
FamilyFriendly
Professional
LIVE
1.8K viewers por 895 segundos
2025-05-08 08:23:03 - INFO - Canais Recomendados atualmente:
2025-05-08 08:23:03 - INFO - Canal Recomendado 0: gkey (https://www.twitch.tv/gkey)
2025-05-08 08:23:07 - INFO - Canal Recomendado 1: oatley (https://www.twitch.tv/oatley)
2025-05-08 08:23:12 - INFO - Canal Recomendado 2: august (https://www.twitch.tv/august)
2025-05-08 08:23:16 - INFO - Canal Recomendado 3: emongg (https://www.twitch.tv/emongg)
2025-05-08 08:23:20 - INFO - Canal Recomendado 4: mario (https://www.twitch.tv/mario)
2025-05-08 08:23:25 - INFO - Canal Recomendado 5: arguz11 (https://www.twitch.tv/arguz11)
2025-05-08 08:23:29 - INFO - Canal Recomendado 6: peterbot247official (https://www.twitch.tv/peterbot247official)
2025-05-08 08:23:34 - INFO - Canal Recomendado 7: zdogfnt (https://www.twitch.tv/zdogfnt)
2025-05-08 08:23:38 - INFO - Canal Recomendado 8: oatleyoffline (https://www.twitch.tv/oatleyoffline)
2025-05-08 08:23:47 - INFO - Successfully logged onto Twitch WS: subze2004
2025-05-08 08:38:40 - INFO - Coletado chat do canal oatley por 895 segundos
2025-05-08 08:38:40 - INFO - Tempo de visualização encerrado, busca 2 de 4 encerrada
2025-05-08 08:38:40 - INFO - Jogo escolhido: marvel-rivals
2025-05-08 08:39:23 - INFO - Assistindo 🥝[DROPS ENABLED] #1 LOKI OCE | MARVEL RIVALS| !discord !mana !drops |
SWEETAZ_GAMING
Australia
NewZealand
LIVE
16 viewers por 697 segundos
2025-05-08 08:39:48 - INFO - Canais Recomendados atualmente:
2025-05-08 08:39:48 - INFO - Canal Recomendado 0: gkey (https://www.twitch.tv/gkey)
2025-05-08 08:39:52 - INFO - Canal Recomendado 1: grxnt (https://www.twitch.tv/grxnt)
2025-05-08 08:39:57 - INFO - Canal Recomendado 2: oatley (https://www.twitch.tv/oatley)
2025-05-08 08:40:01 - INFO - Canal Recomendado 3: emongg (https://www.twitch.tv/emongg)
2025-05-08 08:40:05 - INFO - Canal Recomendado 4: mario (https://www.twitch.tv/mario)
2025-05-08 08:40:09 - INFO - Canal Recomendado 5: boosfer (https://www.twitch.tv/boosfer)
2025-05-08 08:40:14 - INFO - Canal Recomendado 6: nautilifts (https://www.twitch.tv/nautilifts)
2025-05-08 08:40:18 - INFO - Canal Recomendado 7: samoanemerald (https://www.twitch.tv/samoanemerald)
2025-05-08 08:40:23 - INFO - Canal Recomendado 8: xxminelly (https://www.twitch.tv/xxminelly)
2025-05-08 08:40:32 - INFO - Successfully logged onto Twitch WS: subze2004
2025-05-08 08:52:07 - INFO - Coletado chat do canal sweetaz_gaming por 697 segundos
2025-05-08 08:52:07 - INFO - Tempo de visualização encerrado, busca 3 de 4 encerrada
2025-05-08 08:52:07 - INFO - Jogo escolhido: league-of-legends
2025-05-08 08:52:51 - INFO - Assistindo CHOVY 1v9 LCK #LckWatchParty | !odoo #ad
midbeast
Affectionate
Australia
LIVE
631 viewers por 1033 segundos
2025-05-08 08:53:12 - INFO - Canais Recomendados atualmente:
2025-05-08 08:53:12 - INFO - Canal Recomendado 0: oatley (https://www.twitch.tv/oatley)
2025-05-08 08:53:17 - INFO - Canal Recomendado 1: gkey (https://www.twitch.tv/gkey)
2025-05-08 08:53:21 - INFO - Canal Recomendado 2: august (https://www.twitch.tv/august)
2025-05-08 08:53:25 - INFO - Canal Recomendado 3: emongg (https://www.twitch.tv/emongg)
2025-05-08 08:53:30 - INFO - Canal Recomendado 4: arguz11 (https://www.twitch.tv/arguz11)
2025-05-08 08:53:34 - INFO - Canal Recomendado 5: mario (https://www.twitch.tv/mario)
2025-05-08 08:53:38 - INFO - Canal Recomendado 6: karasmai (https://www.twitch.tv/karasmai)
2025-05-08 08:53:42 - INFO - Canal Recomendado 7: broxah (https://www.twitch.tv/broxah)
2025-05-08 08:53:47 - INFO - Canal Recomendado 8: komari (https://www.twitch.tv/komari)
2025-05-08 08:53:56 - INFO - Successfully logged onto Twitch WS: subze2004
2025-05-08 09:11:07 - INFO - Coletado chat do canal midbeast por 1033 segundos
2025-05-08 09:11:07 - INFO - Tempo de visualização encerrado, busca 4 de 4 encerrada
2025-05-08 09:11:07 - INFO - Treino concluído com sucesso.
2025-05-08 12:00:17 - INFO - ====== WebDriver manager ======
2025-05-08 12:00:17 - INFO - Get LATEST chromedriver version for google-chrome
2025-05-08 12:00:18 - INFO - Get LATEST chromedriver version for google-chrome
2025-05-08 12:00:18 - INFO - Driver [/home/locus/.wdm/drivers/chromedriver/linux64/135.0.7049.114/chromedriver-linux64/chromedriver] found in cache
2025-05-08 12:00:29 - INFO - Erro ao logar no Twitch ou Login já realizado
2025-05-08 12:00:31 - INFO - Iniciando treino...
2025-05-08 12:00:31 - INFO - Realizando 4 buscas nessa sessão
2025-05-08 12:00:31 - INFO - Jogo escolhido: roblox
2025-05-08 12:01:12 - INFO - Assistindo ANIME LAST STAND GETTING GILGAMESH GODLYYYYYYY!
not_m1nh
asain
English
LIVE
25 viewers por 673 segundos
2025-05-08 12:01:33 - INFO - Canais Recomendados atualmente:
2025-05-08 12:01:33 - INFO - Canal Recomendado 0: thefreddymc (https://www.twitch.tv/thefreddymc)
2025-05-08 12:01:38 - INFO - Canal Recomendado 1: emongg (https://www.twitch.tv/emongg)
2025-05-08 12:01:42 - INFO - Canal Recomendado 2: necros (https://www.twitch.tv/necros)
2025-05-08 12:01:46 - INFO - Canal Recomendado 3: arguz11 (https://www.twitch.tv/arguz11)
2025-05-08 12:01:51 - INFO - Canal Recomendado 4: mario (https://www.twitch.tv/mario)
2025-05-08 12:01:55 - INFO - Canal Recomendado 5: auziomf (https://www.twitch.tv/auziomf)
2025-05-08 12:01:59 - INFO - Canal Recomendado 6: onlyfye (https://www.twitch.tv/onlyfye)
2025-05-08 12:02:03 - INFO - Canal Recomendado 7: ninjirae (https://www.twitch.tv/ninjirae)
2025-05-08 12:02:08 - INFO - Canal Recomendado 8: osdeelive (https://www.twitch.tv/osdeelive)
2025-05-08 12:02:17 - INFO - Successfully logged onto Twitch WS: subze2004
2025-05-08 12:13:28 - INFO - Coletado chat do canal not_m1nh por 673 segundos
2025-05-08 12:13:28 - INFO - Tempo de visualização encerrado, busca 1 de 4 encerrada
2025-05-08 12:13:28 - INFO - Jogo escolhido: the-sims-4
2025-05-08 12:14:05 - INFO - Assistindo save file building! | !what !eacode
lossayyy
mentalhealth
safespace
chatty
LIVE
245 viewers por 907 segundos
2025-05-08 12:14:31 - INFO - Canais Recomendados atualmente:
2025-05-08 12:14:31 - INFO - Canal Recomendado 0: thefreddymc (https://www.twitch.tv/thefreddymc)
2025-05-08 12:14:36 - INFO - Canal Recomendado 1: emongg (https://www.twitch.tv/emongg)
2025-05-08 12:14:40 - INFO - Canal Recomendado 2: arguz11 (https://www.twitch.tv/arguz11)
2025-05-08 12:14:44 - INFO - Canal Recomendado 3: necros (https://www.twitch.tv/necros)
2025-05-08 12:14:49 - INFO - Canal Recomendado 4: mario (https://www.twitch.tv/mario)
2025-05-08 12:14:53 - INFO - Canal Recomendado 5: auziomf (https://www.twitch.tv/auziomf)
2025-05-08 12:14:58 - INFO - Canal Recomendado 6: simmarysims (https://www.twitch.tv/simmarysims)
2025-05-08 12:15:03 - INFO - Canal Recomendado 7: heppisims (https://www.twitch.tv/heppisims)
2025-05-08 12:15:07 - INFO - Canal Recomendado 8: misslollypopsims (https://www.twitch.tv/misslollypopsims)
2025-05-08 12:15:16 - INFO - Successfully logged onto Twitch WS: subze2004
2025-05-08 12:30:21 - INFO - Coletado chat do canal lossayyy por 907 segundos
2025-05-08 12:30:21 - INFO - Tempo de visualização encerrado, busca 2 de 4 encerrada
2025-05-08 12:30:21 - INFO - Jogo escolhido: minecraft
2025-05-08 12:31:02 - INFO - Assistindo RSG YAPRUNS 👽 #1 MINECRAFT ALIEN TRIES SUB 19:00 👽 YAPLIENS WILL TAKE OVER THE WORLD 👽 !YOUTUBE !DISCORD !PB
thefreddymc
English
Chıll
LIVE
637 viewers por 805 segundos
2025-05-08 12:31:26 - INFO - Canais Recomendados atualmente:
2025-05-08 12:31:26 - INFO - Canal Recomendado 0: thefreddymc (https://www.twitch.tv/thefreddymc)
2025-05-08 12:31:31 - INFO - Canal Recomendado 1: emongg (https://www.twitch.tv/emongg)
2025-05-08 12:31:35 - INFO - Canal Recomendado 2: arguz11 (https://www.twitch.tv/arguz11)
2025-05-08 12:31:40 - INFO - Canal Recomendado 3: necros (https://www.twitch.tv/necros)
2025-05-08 12:31:44 - INFO - Canal Recomendado 4: ripalfie (https://www.twitch.tv/ripalfie)
2025-05-08 12:31:48 - INFO - Canal Recomendado 5: rekkles (https://www.twitch.tv/rekkles)
2025-05-08 12:31:52 - INFO - Canal Recomendado 6: jonbams (https://www.twitch.tv/jonbams)
2025-05-08 12:31:57 - INFO - Canal Recomendado 7: caseoh247 (https://www.twitch.tv/caseoh247)
2025-05-08 12:32:01 - INFO - Canal Recomendado 8: elleejayy (https://www.twitch.tv/elleejayy)
2025-05-08 12:32:11 - INFO - Successfully logged onto Twitch WS: subze2004
2025-05-08 12:45:34 - INFO - Coletado chat do canal thefreddymc por 805 segundos
2025-05-08 12:45:34 - INFO - Tempo de visualização encerrado, busca 3 de 4 encerrada
2025-05-08 12:45:34 - INFO - Jogo escolhido: league-of-legends
2025-05-08 12:46:15 - INFO - Assistindo 🔴 LOS RATONES ELIMINATION SERIES AT 6PM CEST 🔴- !dpmlol !discord !displate
Caedrel
LPL
English
LEC
LCK
LIVE
37.2K viewers por 915 segundos
2025-05-08 12:46:35 - INFO - Canais Recomendados atualmente:
2025-05-08 12:46:35 - INFO - Canal Recomendado 0: thefreddymc (https://www.twitch.tv/thefreddymc)
2025-05-08 12:46:40 - INFO - Canal Recomendado 1: grayhairandtattoos_ (https://www.twitch.tv/grayhairandtattoos_)
2025-05-08 12:46:45 - INFO - Canal Recomendado 2: arguz11 (https://www.twitch.tv/arguz11)
2025-05-08 12:46:50 - INFO - Canal Recomendado 3: emongg (https://www.twitch.tv/emongg)
2025-05-08 12:46:54 - INFO - Canal Recomendado 4: ripalfie (https://www.twitch.tv/ripalfie)
2025-05-08 12:46:59 - INFO - Canal Recomendado 5: necros (https://www.twitch.tv/necros)
2025-05-08 12:47:03 - INFO - Canal Recomendado 6: lol_nemesis (https://www.twitch.tv/lol_nemesis)
2025-05-08 12:47:07 - INFO - Canal Recomendado 7: agurin (https://www.twitch.tv/agurin)
2025-05-08 12:47:12 - INFO - Canal Recomendado 8: azzapp (https://www.twitch.tv/azzapp)
2025-05-08 12:47:21 - INFO - Successfully logged onto Twitch WS: subze2004
2025-05-08 13:02:34 - INFO - Coletado chat do canal caedrel por 915 segundos
2025-05-08 13:02:34 - INFO - Tempo de visualização encerrado, busca 4 de 4 encerrada
2025-05-08 13:02:34 - INFO - Treino concluído com sucesso.
2025-05-08 16:00:44 - INFO - ====== WebDriver manager ======
2025-05-08 16:00:45 - INFO - Get LATEST chromedriver version for google-chrome
2025-05-08 16:00:46 - INFO - Get LATEST chromedriver version for google-chrome
2025-05-08 16:00:46 - INFO - Driver [/home/locus/.wdm/drivers/chromedriver/linux64/135.0.7049.114/chromedriver-linux64/chromedriver] found in cache
2025-05-08 16:00:57 - INFO - Erro ao logar no Twitch ou Login já realizado
2025-05-08 16:00:58 - INFO - Iniciando treino...
2025-05-08 16:00:58 - INFO - Realizando 3 buscas nessa sessão
2025-05-08 16:00:58 - INFO - Jogo escolhido: the-sims-4
2025-05-08 16:01:42 - INFO - Assistindo 🌷⋅♡ letting random colors create my sim! ‧₊˚ 🌷⋅♡ !eacode
malixa
filipinaamerican
EAPartner
LIVE
86 viewers por 1168 segundos
2025-05-08 16:02:03 - INFO - Canais Recomendados atualmente:
2025-05-08 16:02:03 - INFO - Canal Recomendado 0: thefreddymc (https://www.twitch.tv/thefreddymc)
2025-05-08 16:02:14 - INFO - Canal Recomendado 1: grayhairandtattoos_ (https://www.twitch.tv/grayhairandtattoos_)
2025-05-08 16:02:18 - INFO - Canal Recomendado 2: emongg (https://www.twitch.tv/emongg)
2025-05-08 16:02:23 - INFO - Canal Recomendado 3: necros (https://www.twitch.tv/necros)
2025-05-08 16:02:27 - INFO - Canal Recomendado 4: mrlust (https://www.twitch.tv/mrlust)
2025-05-08 16:02:31 - INFO - Canal Recomendado 5: arguz11 (https://www.twitch.tv/arguz11)
2025-05-08 16:02:36 - INFO - Canal Recomendado 6: tinycoffeecups (https://www.twitch.tv/tinycoffeecups)
2025-05-08 16:02:40 - INFO - Canal Recomendado 7: zefrine (https://www.twitch.tv/zefrine)
2025-05-08 16:02:44 - INFO - Canal Recomendado 8: dizzymisslizzy_ (https://www.twitch.tv/dizzymisslizzy_)
2025-05-08 16:02:54 - INFO - Successfully logged onto Twitch WS: subze2004
2025-05-08 16:22:20 - INFO - Coletado chat do canal malixa por 1168 segundos
2025-05-08 16:22:20 - INFO - Tempo de visualização encerrado, busca 1 de 3 encerrada
2025-05-08 16:22:20 - INFO - Jogo escolhido: valorant
2025-05-08 16:23:01 - INFO - Assistindo yo
ripalfie
ripalfie
valorant
English
LIVE
97 viewers por 893 segundos
2025-05-08 16:23:25 - INFO - Canais Recomendados atualmente:
2025-05-08 16:23:25 - INFO - Canal Recomendado 0: thefreddymc (https://www.twitch.tv/thefreddymc)
2025-05-08 16:23:30 - INFO - Canal Recomendado 1: linkzzey (https://www.twitch.tv/linkzzey)
2025-05-08 16:23:35 - INFO - Canal Recomendado 2: emongg (https://www.twitch.tv/emongg)
2025-05-08 16:23:41 - INFO - Canal Recomendado 3: necros (https://www.twitch.tv/necros)
2025-05-08 16:23:45 - INFO - Canal Recomendado 4: arguz11 (https://www.twitch.tv/arguz11)
2025-05-08 16:23:50 - INFO - Canal Recomendado 5: mrlust (https://www.twitch.tv/mrlust)
2025-05-08 16:23:54 - INFO - Canal Recomendado 6: sp1kesk (https://www.twitch.tv/sp1kesk)
2025-05-08 16:23:59 - INFO - Canal Recomendado 7: tenz (https://www.twitch.tv/tenz)
2025-05-08 16:24:03 - INFO - Canal Recomendado 8: darkk_val (https://www.twitch.tv/darkk_val)
2025-05-08 16:24:13 - INFO - Successfully logged onto Twitch WS: subze2004
2025-05-08 16:39:04 - INFO - Coletado chat do canal ripalfie por 893 segundos
2025-05-08 16:39:04 - INFO - Tempo de visualização encerrado, busca 2 de 3 encerrada
2025-05-08 16:39:04 - INFO - Jogo escolhido: grand-theft-auto-v
2025-05-08 16:39:47 - INFO - Assistindo MR K MOSTWANTED CRIMINAL🚨PRODIGYRP🚨
Lord_Kebun
English
LIVE
7.4K viewers por 706 segundos
2025-05-08 16:40:13 - INFO - Canais Recomendados atualmente:
2025-05-08 16:40:13 - INFO - Canal Recomendado 0: thefreddymc (https://www.twitch.tv/thefreddymc)
2025-05-08 16:40:18 - INFO - Canal Recomendado 1: linkzzey (https://www.twitch.tv/linkzzey)
2025-05-08 16:40:22 - INFO - Canal Recomendado 2: emongg (https://www.twitch.tv/emongg)
2025-05-08 16:40:27 - INFO - Canal Recomendado 3: necros (https://www.twitch.tv/necros)
2025-05-08 16:40:31 - INFO - Canal Recomendado 4: arguz11 (https://www.twitch.tv/arguz11)
2025-05-08 16:40:35 - INFO - Canal Recomendado 5: mrlust (https://www.twitch.tv/mrlust)
2025-05-08 16:40:40 - INFO - Canal Recomendado 6: shotz (https://www.twitch.tv/shotz)
2025-05-08 16:40:44 - INFO - Canal Recomendado 7: lordkevun (https://www.twitch.tv/lordkevun)
2025-05-08 16:40:49 - INFO - Canal Recomendado 8: ramee_247 (https://www.twitch.tv/ramee_247)
2025-05-08 16:40:58 - INFO - Successfully logged onto Twitch WS: subze2004
2025-05-08 16:52:42 - INFO - Coletado chat do canal lord_kebun por 706 segundos
2025-05-08 16:52:42 - INFO - Tempo de visualização encerrado, busca 3 de 3 encerrada
2025-05-08 16:52:42 - INFO - Treino concluído com sucesso.
2025-05-08 20:00:53 - INFO - ====== WebDriver manager ======
2025-05-08 20:00:53 - INFO - Get LATEST chromedriver version for google-chrome
2025-05-08 20:00:54 - INFO - Get LATEST chromedriver version for google-chrome
2025-05-08 20:00:54 - INFO - Driver [/home/locus/.wdm/drivers/chromedriver/linux64/135.0.7049.114/chromedriver-linux64/chromedriver] found in cache
2025-05-08 20:01:05 - INFO - Erro ao logar no Twitch ou Login já realizado
2025-05-08 20:01:07 - INFO - Iniciando treino...
2025-05-08 20:01:07 - INFO - Realizando 5 buscas nessa sessão
2025-05-08 20:01:07 - INFO - Jogo escolhido: minecraft
2025-05-08 20:01:50 - INFO - Assistindo 🔴Hardcore 46,700+Days|4+Years|11,600+Hours !worldtour
Linkzzey
Permadeath
chill
SurvivaI
LIVE
595 viewers por 819 segundos
2025-05-08 20:02:12 - INFO - Canais Recomendados atualmente:
2025-05-08 20:02:12 - INFO - Canal Recomendado 0: vadriss (https://www.twitch.tv/vadriss)
2025-05-08 20:02:16 - INFO - Canal Recomendado 1: drdonutttttt (https://www.twitch.tv/drdonutttttt)
2025-05-08 20:02:21 - INFO - Canal Recomendado 2: necros (https://www.twitch.tv/necros)
2025-05-08 20:02:25 - INFO - Canal Recomendado 3: lilsimsie (https://www.twitch.tv/lilsimsie)
2025-05-08 20:02:29 - INFO - Canal Recomendado 4: la4awale (https://www.twitch.tv/la4awale)
2025-05-08 20:02:34 - INFO - Canal Recomendado 5: apexdabi (https://www.twitch.tv/apexdabi)
2025-05-08 20:02:38 - INFO - Canal Recomendado 6: gymleadertakeshi (https://www.twitch.tv/gymleadertakeshi)
2025-05-08 20:02:42 - INFO - Canal Recomendado 7: zestybeens (https://www.twitch.tv/zestybeens)
2025-05-08 20:02:47 - INFO - Canal Recomendado 8: hippierosiee (https://www.twitch.tv/hippierosiee)
2025-05-08 20:02:56 - INFO - Successfully logged onto Twitch WS: subze2004
2025-05-08 20:16:33 - INFO - Coletado chat do canal linkzzey por 819 segundos
2025-05-08 20:16:33 - INFO - Tempo de visualização encerrado, busca 1 de 5 encerrada
2025-05-08 20:16:33 - INFO - Jogo escolhido: ea-sports-fc-25
2025-05-08 20:17:16 - INFO - Assistindo Grinding!
Mbytes37
English
LIVE
401 viewers por 970 segundos
2025-05-08 20:17:41 - INFO - Canais Recomendados atualmente:
2025-05-08 20:17:41 - INFO - Canal Recomendado 0: drdonutttttt (https://www.twitch.tv/drdonutttttt)
2025-05-08 20:17:46 - INFO - Canal Recomendado 1: vadriss (https://www.twitch.tv/vadriss)
2025-05-08 20:17:50 - INFO - Canal Recomendado 2: necros (https://www.twitch.tv/necros)
2025-05-08 20:17:54 - INFO - Canal Recomendado 3: carlcrafts (https://www.twitch.tv/carlcrafts)
2025-05-08 20:17:59 - INFO - Canal Recomendado 4: clix (https://www.twitch.tv/clix)
2025-05-08 20:18:03 - INFO - Canal Recomendado 5: lilsimsie (https://www.twitch.tv/lilsimsie)
2025-05-08 20:18:08 - INFO - Canal Recomendado 6: e0j2_ (https://www.twitch.tv/e0j2_)
2025-05-08 20:18:12 - INFO - Canal Recomendado 7: pieface23 (https://www.twitch.tv/pieface23)
2025-05-08 20:18:17 - INFO - Canal Recomendado 8: therealpugzilla (https://www.twitch.tv/therealpugzilla)
2025-05-08 20:18:26 - INFO - Successfully logged onto Twitch WS: subze2004
2025-05-08 20:34:34 - INFO - Coletado chat do canal mbytes37 por 970 segundos
2025-05-08 20:34:34 - INFO - Tempo de visualização encerrado, busca 2 de 5 encerrada
2025-05-08 20:34:34 - INFO - Jogo escolhido: league-of-legends
2025-05-08 20:35:14 - INFO - Assistindo AT&T Annihilator Cup DAY US UPON ! not left do BUT ACTION !! NOT WORRY HERE FOR PRESSURE IS POWER ! at least me do way bud . #ad
loltyler1
loltyler1
tyler1
English
LIVE
21.1K viewers por 774 segundos
2025-05-08 20:35:37 - INFO - Canais Recomendados atualmente:
2025-05-08 20:35:37 - INFO - Canal Recomendado 0: drdonutttttt (https://www.twitch.tv/drdonutttttt)
2025-05-08 20:35:42 - INFO - Canal Recomendado 1: vadriss (https://www.twitch.tv/vadriss)
2025-05-08 20:35:46 - INFO - Canal Recomendado 2: necros (https://www.twitch.tv/necros)
2025-05-08 20:35:50 - INFO - Canal Recomendado 3: carlcrafts (https://www.twitch.tv/carlcrafts)
2025-05-08 20:35:54 - INFO - Canal Recomendado 4: lilsimsie (https://www.twitch.tv/lilsimsie)
2025-05-08 20:35:59 - INFO - Canal Recomendado 5: apexdabi (https://www.twitch.tv/apexdabi)
2025-05-08 20:36:03 - INFO - Canal Recomendado 6: thebausffs (https://www.twitch.tv/thebausffs)
2025-05-08 20:36:08 - INFO - Canal Recomendado 7: dantes (https://www.twitch.tv/dantes)
2025-05-08 20:36:12 - INFO - Canal Recomendado 8: doublelift (https://www.twitch.tv/doublelift)
2025-05-08 20:36:22 - INFO - Successfully logged onto Twitch WS: subze2004
2025-05-08 20:49:13 - INFO - Coletado chat do canal loltyler1 por 774 segundos
2025-05-08 20:49:13 - INFO - Tempo de visualização encerrado, busca 3 de 5 encerrada
2025-05-08 20:49:13 - INFO - Jogo escolhido: fortnite
2025-05-08 20:49:55 - INFO - Assistindo 💅SHE/HER💅#1 RANKED FEMALE WORLDWIDE🍑GIANT GYATT🍑USE CODE LUST👑ASMR👑!CROSSHAIR👑SPANISH/ENG/GERMAN👑!ORG👑
MRLUST
English
ASMR
kaicenat
LIVE
358 viewers por 748 segundos
2025-05-08 20:50:17 - INFO - Canais Recomendados atualmente:
2025-05-08 20:50:17 - INFO - Canal Recomendado 0: drdonutttttt (https://www.twitch.tv/drdonutttttt)
2025-05-08 20:50:21 - INFO - Canal Recomendado 1: vadriss (https://www.twitch.tv/vadriss)
2025-05-08 20:50:26 - INFO - Canal Recomendado 2: thehashaq (https://www.twitch.tv/thehashaq)
2025-05-08 20:50:30 - INFO - Canal Recomendado 3: necros (https://www.twitch.tv/necros)
2025-05-08 20:50:34 - INFO - Canal Recomendado 4: clix (https://www.twitch.tv/clix)
2025-05-08 20:50:39 - INFO - Canal Recomendado 5: carlcrafts (https://www.twitch.tv/carlcrafts)
2025-05-08 20:50:44 - INFO - Canal Recomendado 6: mongraal247 (https://www.twitch.tv/mongraal247)
2025-05-08 20:50:48 - INFO - Canal Recomendado 7: peterbot247official (https://www.twitch.tv/peterbot247official)
2025-05-08 20:50:53 - INFO - Canal Recomendado 8: faxuty (https://www.twitch.tv/faxuty)
2025-05-08 20:51:02 - INFO - Successfully logged onto Twitch WS: subze2004
2025-05-08 21:03:28 - INFO - Coletado chat do canal mrlust por 748 segundos
2025-05-08 21:03:28 - INFO - Tempo de visualização encerrado, busca 4 de 5 encerrada
2025-05-08 21:03:28 - INFO - Jogo escolhido: marvel-rivals
2025-05-08 21:04:16 - INFO - Assistindo EOMM CANT KEEP ME FROM HITTING CELESTIAL TODAY. FINISHING THE CHALLENGE. UNRANKED TO CELESTIAL DAY 4.
Necros
blackpanther
spiderman
LIVE
7.3K viewers por 617 segundos
2025-05-08 21:04:38 - INFO - Canais Recomendados atualmente:
2025-05-08 21:04:38 - INFO - Canal Recomendado 0: drdonutttttt (https://www.twitch.tv/drdonutttttt)
2025-05-08 21:04:42 - INFO - Canal Recomendado 1: vadriss (https://www.twitch.tv/vadriss)
2025-05-08 21:04:47 - INFO - Canal Recomendado 2: clix (https://www.twitch.tv/clix)
2025-05-08 21:04:51 - INFO - Canal Recomendado 3: necros (https://www.twitch.tv/necros)
2025-05-08 21:04:56 - INFO - Canal Recomendado 4: carlcrafts (https://www.twitch.tv/carlcrafts)
2025-05-08 21:05:00 - INFO - Canal Recomendado 5: apexdabi (https://www.twitch.tv/apexdabi)
2025-05-08 21:05:04 - INFO - Canal Recomendado 6: teamcaptain001 (https://www.twitch.tv/teamcaptain001)
2025-05-08 21:05:09 - INFO - Canal Recomendado 7: jay3 (https://www.twitch.tv/jay3)
2025-05-08 21:05:14 - INFO - Canal Recomendado 8: sinatraa (https://www.twitch.tv/sinatraa)
2025-05-08 21:05:23 - INFO - Successfully logged onto Twitch WS: subze2004
2025-05-08 21:15:38 - INFO - Coletado chat do canal necros por 617 segundos
2025-05-08 21:15:38 - INFO - Tempo de visualização encerrado, busca 5 de 5 encerrada
2025-05-08 21:15:38 - INFO - Treino concluído com sucesso.
2025-05-09 00:00:48 - INFO - ====== WebDriver manager ======
2025-05-09 00:00:48 - INFO - Get LATEST chromedriver version for google-chrome
2025-05-09 00:00:49 - INFO - Get LATEST chromedriver version for google-chrome
2025-05-09 00:00:49 - INFO - Get LATEST chromedriver version for google-chrome
2025-05-09 00:00:50 - INFO - WebDriver version 135.0.7049.114 selected
2025-05-09 00:00:50 - INFO - Modern chrome version https://storage.googleapis.com/chrome-for-testing-public/135.0.7049.114/linux64/chromedriver-linux64.zip
2025-05-09 00:00:50 - INFO - About to download new driver from https://storage.googleapis.com/chrome-for-testing-public/135.0.7049.114/linux64/chromedriver-linux64.zip
2025-05-09 00:00:51 - INFO - Driver downloading response is 200
2025-05-09 00:00:51 - INFO - Get LATEST chromedriver version for google-chrome
2025-05-09 00:00:52 - INFO - Driver has been saved in cache [/home/locus/.wdm/drivers/chromedriver/linux64/135.0.7049.114]
2025-05-09 00:01:03 - INFO - Erro ao logar no Twitch ou Login já realizado
2025-05-09 00:01:05 - INFO - Iniciando treino...
2025-05-09 00:01:05 - INFO - Realizando 5 buscas nessa sessão
2025-05-09 00:01:05 - INFO - Jogo escolhido: marvel-rivals
2025-05-09 00:01:47 - INFO - Assistindo NoDmgRocket Season 2 climb to Celestial with friends! [!banned, !elo, !discord, !requestsong, !graphics, !song]
NoDamageRocket
NoDamageRocket
RocketRaccoon
LIVE
160 viewers por 792 segundos
2025-05-09 00:02:09 - INFO - Canais Recomendados atualmente:
2025-05-09 00:02:09 - INFO - Canal Recomendado 0: drdonutttttt (https://www.twitch.tv/drdonutttttt)
2025-05-09 00:02:14 - INFO - Canal Recomendado 1: vadriss (https://www.twitch.tv/vadriss)
2025-05-09 00:02:18 - INFO - Canal Recomendado 2: karasmai (https://www.twitch.tv/karasmai)
2025-05-09 00:02:23 - INFO - Canal Recomendado 3: thehashaq (https://www.twitch.tv/thehashaq)
2025-05-09 00:02:27 - INFO - Canal Recomendado 4: hamy (https://www.twitch.tv/hamy)
2025-05-09 00:02:31 - INFO - Canal Recomendado 5: warn (https://www.twitch.tv/warn)
2025-05-09 00:02:35 - INFO - Canal Recomendado 6: teamcaptain001 (https://www.twitch.tv/teamcaptain001)
2025-05-09 00:02:40 - INFO - Canal Recomendado 7: supergomezow (https://www.twitch.tv/supergomezow)
2025-05-09 00:02:45 - INFO - Canal Recomendado 8: luckyzeal (https://www.twitch.tv/luckyzeal)
2025-05-09 00:02:54 - INFO - Successfully logged onto Twitch WS: subze2004
2025-05-09 00:16:04 - INFO - Coletado chat do canal nodamagerocket por 792 segundos
2025-05-09 00:16:04 - INFO - Tempo de visualização encerrado, busca 1 de 5 encerrada
2025-05-09 00:16:04 - INFO - Jogo escolhido: league-of-legends
2025-05-09 00:16:43 - INFO - Assistindo VEGAS-A-THON FUNDRAISER 🎉 Duo Stream w/ @body_those_fools! Help Send Us to Vegas for Cyborg’s Bday 🛁🔥
BeerManStan
English
LIVE
21 viewers por 755 segundos
2025-05-09 00:17:05 - INFO - Canais Recomendados atualmente:
2025-05-09 00:17:05 - INFO - Canal Recomendado 0: drdonutttttt (https://www.twitch.tv/drdonutttttt)
2025-05-09 00:17:10 - INFO - Canal Recomendado 1: vadriss (https://www.twitch.tv/vadriss)
2025-05-09 00:17:14 - INFO - Canal Recomendado 2: karasmai (https://www.twitch.tv/karasmai)
2025-05-09 00:17:18 - INFO - Canal Recomendado 3: thehashaq (https://www.twitch.tv/thehashaq)
2025-05-09 00:17:23 - INFO - Canal Recomendado 4: warn (https://www.twitch.tv/warn)
2025-05-09 00:17:27 - INFO - Canal Recomendado 5: carlcrafts (https://www.twitch.tv/carlcrafts)
2025-05-09 00:17:31 - INFO - Canal Recomendado 6: axolotlwithaxes (https://www.twitch.tv/axolotlwithaxes)
2025-05-09 00:17:36 - INFO - Canal Recomendado 7: shysept (https://www.twitch.tv/shysept)
2025-05-09 00:17:40 - INFO - Canal Recomendado 8: mando_wayne (https://www.twitch.tv/mando_wayne)
2025-05-09 00:17:50 - INFO - Successfully logged onto Twitch WS: subze2004
2025-05-09 00:30:23 - INFO - Coletado chat do canal beermanstan por 755 segundos
2025-05-09 00:30:23 - INFO - Tempo de visualização encerrado, busca 2 de 5 encerrada
2025-05-09 00:30:23 - INFO - Jogo escolhido: ea-sports-fc-25
2025-05-09 00:31:04 - INFO - Assistindo (🔴) 500x PREM PACKS
Hectic
Football
Golf
English
LIVE
23 viewers por 861 segundos
2025-05-09 00:31:28 - INFO - Canais Recomendados atualmente:
2025-05-09 00:31:28 - INFO - Canal Recomendado 0: drdonutttttt (https://www.twitch.tv/drdonutttttt)
2025-05-09 00:31:33 - INFO - Canal Recomendado 1: vadriss (https://www.twitch.tv/vadriss)
2025-05-09 00:31:37 - INFO - Canal Recomendado 2: karasmai (https://www.twitch.tv/karasmai)
2025-05-09 00:31:41 - INFO - Canal Recomendado 3: thehashaq (https://www.twitch.tv/thehashaq)
2025-05-09 00:31:46 - INFO - Canal Recomendado 4: warn (https://www.twitch.tv/warn)
2025-05-09 00:31:50 - INFO - Canal Recomendado 5: carlcrafts (https://www.twitch.tv/carlcrafts)
2025-05-09 00:31:55 - INFO - Canal Recomendado 6: zwebackhd (https://www.twitch.tv/zwebackhd)
2025-05-09 00:31:59 - INFO - Canal Recomendado 7: yyoshiiiiii (https://www.twitch.tv/yyoshiiiiii)
2025-05-09 00:32:03 - INFO - Canal Recomendado 8: therealpugzilla (https://www.twitch.tv/therealpugzilla)
2025-05-09 00:32:12 - INFO - Successfully logged onto Twitch WS: subze2004
2025-05-09 00:46:31 - INFO - Coletado chat do canal hectic por 861 segundos
2025-05-09 00:46:31 - INFO - Tempo de visualização encerrado, busca 3 de 5 encerrada
2025-05-09 00:46:31 - INFO - Jogo escolhido: minecraft
2025-05-09 00:47:15 - INFO - Assistindo SUB 25 GRIND | DAY 128/365 | TTS MONSTER ONLY 50 BITS | !pbmc !newvid !discord
thehashaq
English
LIVE
110 viewers por 1169 segundos
2025-05-09 00:47:38 - INFO - Canais Recomendados atualmente:
2025-05-09 00:47:38 - INFO - Canal Recomendado 0: drdonutttttt (https://www.twitch.tv/drdonutttttt)
2025-05-09 00:47:43 - INFO - Canal Recomendado 1: vadriss (https://www.twitch.tv/vadriss)
2025-05-09 00:47:48 - INFO - Canal Recomendado 2: karasmai (https://www.twitch.tv/karasmai)
2025-05-09 00:47:53 - INFO - Canal Recomendado 3: chosen_ow (https://www.twitch.tv/chosen_ow)
2025-05-09 00:47:57 - INFO - Canal Recomendado 4: thehashaq (https://www.twitch.tv/thehashaq)
2025-05-09 00:48:01 - INFO - Canal Recomendado 5: grayhairandtattoos_ (https://www.twitch.tv/grayhairandtattoos_)
2025-05-09 00:48:06 - INFO - Canal Recomendado 6: haze117 (https://www.twitch.tv/haze117)
2025-05-09 00:48:10 - INFO - Canal Recomendado 7: ararelemon (https://www.twitch.tv/ararelemon)
2025-05-09 00:48:15 - INFO - Canal Recomendado 8: fennniq (https://www.twitch.tv/fennniq)
2025-05-09 00:48:24 - INFO - Successfully logged onto Twitch WS: subze2004
2025-05-09 01:07:51 - INFO - Coletado chat do canal thehashaq por 1169 segundos
2025-05-09 01:07:51 - INFO - Tempo de visualização encerrado, busca 4 de 5 encerrada
2025-05-09 01:07:51 - INFO - Jogo escolhido: valorant
2025-05-09 01:08:34 - INFO - Assistindo 3 DAYS TO HIT RADIANT AGAIN OR I GO BALD (proving im not washed)
Hamy
English
LIVE
509 viewers por 690 segundos
2025-05-09 01:08:59 - INFO - Canais Recomendados atualmente:
2025-05-09 01:08:59 - INFO - Canal Recomendado 0: drdonutttttt (https://www.twitch.tv/drdonutttttt)
2025-05-09 01:09:04 - INFO - Canal Recomendado 1: vadriss (https://www.twitch.tv/vadriss)
2025-05-09 01:09:08 - INFO - Canal Recomendado 2: karasmai (https://www.twitch.tv/karasmai)
2025-05-09 01:09:12 - INFO - Canal Recomendado 3: thehashaq (https://www.twitch.tv/thehashaq)
2025-05-09 01:09:17 - INFO - Canal Recomendado 4: chosen_ow (https://www.twitch.tv/chosen_ow)
2025-05-09 01:09:21 - INFO - Canal Recomendado 5: grayhairandtattoos_ (https://www.twitch.tv/grayhairandtattoos_)
2025-05-09 01:09:25 - INFO - Canal Recomendado 6: eggsterr (https://www.twitch.tv/eggsterr)
2025-05-09 01:09:30 - INFO - Canal Recomendado 7: canezerraa (https://www.twitch.tv/canezerraa)
2025-05-09 01:09:34 - INFO - Canal Recomendado 8: ion2x (https://www.twitch.tv/ion2x)
2025-05-09 01:09:43 - INFO - Successfully logged onto Twitch WS: subze2004
2025-05-09 01:21:11 - INFO - Coletado chat do canal hamy por 690 segundos
2025-05-09 01:21:11 - INFO - Tempo de visualização encerrado, busca 5 de 5 encerrada
2025-05-09 01:21:11 - INFO - Treino concluído com sucesso.
2025-05-09 04:00:20 - INFO - ====== WebDriver manager ======
2025-05-09 04:00:20 - INFO - Get LATEST chromedriver version for google-chrome
2025-05-09 04:00:21 - INFO - Get LATEST chromedriver version for google-chrome
2025-05-09 04:00:21 - INFO - Driver [/home/locus/.wdm/drivers/chromedriver/linux64/135.0.7049.114/chromedriver-linux64/chromedriver] found in cache
2025-05-09 04:00:32 - INFO - Erro ao logar no Twitch ou Login já realizado
2025-05-09 04:00:33 - INFO - Iniciando treino...
2025-05-09 04:00:33 - INFO - Realizando 3 buscas nessa sessão
2025-05-09 04:00:33 - INFO - Jogo escolhido: marvel-rivals
2025-05-09 04:01:15 - INFO - Assistindo BY THE EYE OF MOMMACOCO - long stream ➔ !socials !discord !specs
Nautilifts
aura
marvelrivals
English
LIVE
187 viewers por 638 segundos
2025-05-09 04:01:39 - INFO - Canais Recomendados atualmente:
2025-05-09 04:01:39 - INFO - Canal Recomendado 0: oatley (https://www.twitch.tv/oatley)
2025-05-09 04:01:44 - INFO - Canal Recomendado 1: vadriss (https://www.twitch.tv/vadriss)
2025-05-09 04:01:48 - INFO - Canal Recomendado 2: boosfer (https://www.twitch.tv/boosfer)
2025-05-09 04:01:53 - INFO - Canal Recomendado 3: botjayttv (https://www.twitch.tv/botjayttv)
2025-05-09 04:01:57 - INFO - Canal Recomendado 4: karasmai (https://www.twitch.tv/karasmai)
2025-05-09 04:02:01 - INFO - Canal Recomendado 5: tinycoffeecups (https://www.twitch.tv/tinycoffeecups)
2025-05-09 04:02:05 - INFO - Canal Recomendado 6: nodamagerocket (https://www.twitch.tv/nodamagerocket)
2025-05-09 04:02:10 - INFO - Canal Recomendado 7: basimzb (https://www.twitch.tv/basimzb)
2025-05-09 04:02:15 - INFO - Canal Recomendado 8: kephrii (https://www.twitch.tv/kephrii)
2025-05-09 04:02:24 - INFO - Successfully logged onto Twitch WS: subze2004
2025-05-09 04:13:00 - INFO - Coletado chat do canal nautilifts por 638 segundos
2025-05-09 04:13:00 - INFO - Tempo de visualização encerrado, busca 1 de 3 encerrada
2025-05-09 04:13:00 - INFO - Jogo escolhido: roblox
2025-05-09 04:13:40 - INFO - Assistindo ✬ PS99 | BGSI ✬ Deleting pets will come! ✪ Offical Partner ✪
botjayttv
RudeStreamer
petsimulator99
LIVE
11 viewers por 672 segundos
2025-05-09 04:14:06 - INFO - Canais Recomendados atualmente:
2025-05-09 04:14:06 - INFO - Canal Recomendado 0: vadriss (https://www.twitch.tv/vadriss)
2025-05-09 04:14:11 - INFO - Canal Recomendado 1: oatley (https://www.twitch.tv/oatley)
2025-05-09 04:14:15 - INFO - Canal Recomendado 2: boosfer (https://www.twitch.tv/boosfer)
2025-05-09 04:14:19 - INFO - Canal Recomendado 3: karasmai (https://www.twitch.tv/karasmai)
2025-05-09 04:14:24 - INFO - Canal Recomendado 4: botjayttv (https://www.twitch.tv/botjayttv)
2025-05-09 04:14:28 - INFO - Canal Recomendado 5: august (https://www.twitch.tv/august)
2025-05-09 04:14:32 - INFO - Canal Recomendado 6: arguz11 (https://www.twitch.tv/arguz11)
2025-05-09 04:14:37 - INFO - Canal Recomendado 7: osdeelive (https://www.twitch.tv/osdeelive)
2025-05-09 04:14:41 - INFO - Canal Recomendado 8: keeoh (https://www.twitch.tv/keeoh)
2025-05-09 04:14:50 - INFO - Successfully logged onto Twitch WS: subze2004
2025-05-09 04:26:00 - INFO - Coletado chat do canal botjayttv por 672 segundos
2025-05-09 04:26:00 - INFO - Tempo de visualização encerrado, busca 2 de 3 encerrada
2025-05-09 04:26:00 - INFO - Jogo escolhido: minecraft
2025-05-09 04:26:43 - INFO - Assistindo 🟪18,000+ DAYS Hardcore Minecraft🟪!project !tour !socials🟪
gkey
English
LIVE
169 viewers por 1175 segundos
2025-05-09 04:27:07 - INFO - Canais Recomendados atualmente:
2025-05-09 04:27:07 - INFO - Canal Recomendado 0: vadriss (https://www.twitch.tv/vadriss)
2025-05-09 04:27:12 - INFO - Canal Recomendado 1: oatley (https://www.twitch.tv/oatley)
2025-05-09 04:27:16 - INFO - Canal Recomendado 2: boosfer (https://www.twitch.tv/boosfer)
2025-05-09 04:27:21 - INFO - Canal Recomendado 3: botjayttv (https://www.twitch.tv/botjayttv)
2025-05-09 04:27:25 - INFO - Canal Recomendado 4: karasmai (https://www.twitch.tv/karasmai)
2025-05-09 04:27:29 - INFO - Canal Recomendado 5: tinycoffeecups (https://www.twitch.tv/tinycoffeecups)
2025-05-09 04:27:33 - INFO - Canal Recomendado 6: gymleadertakeshi (https://www.twitch.tv/gymleadertakeshi)
2025-05-09 04:27:38 - INFO - Canal Recomendado 7: zoolon888 (https://www.twitch.tv/zoolon888)
2025-05-09 04:27:43 - INFO - Canal Recomendado 8: hoef (https://www.twitch.tv/hoef)
2025-05-09 04:27:51 - INFO - Successfully logged onto Twitch WS: subze2004
2025-05-09 04:47:24 - INFO - Coletado chat do canal gkey por 1175 segundos
2025-05-09 04:47:24 - INFO - Tempo de visualização encerrado, busca 3 de 3 encerrada
2025-05-09 04:47:24 - INFO - Treino concluído com sucesso.
2025-05-09 08:00:35 - INFO - ====== WebDriver manager ======
2025-05-09 08:00:36 - INFO - Get LATEST chromedriver version for google-chrome
2025-05-09 08:00:36 - INFO - Get LATEST chromedriver version for google-chrome
2025-05-09 08:00:37 - INFO - Driver [/home/locus/.wdm/drivers/chromedriver/linux64/135.0.7049.114/chromedriver-linux64/chromedriver] found in cache
2025-05-09 08:00:48 - INFO - Erro ao logar no Twitch ou Login já realizado
2025-05-09 08:00:49 - INFO - Iniciando treino...
2025-05-09 08:00:49 - INFO - Realizando 4 buscas nessa sessão
2025-05-09 08:00:49 - INFO - Jogo escolhido: fortnite
2025-05-09 08:01:30 - INFO - Assistindo PRO TRIO SCRIMS | Code "Oatley" #ad | !socials !youtube !delay
Oatley
Competitive
PC
Multiplayer
LIVE
1.7K viewers por 849 segundos
2025-05-09 08:01:51 - INFO - Canais Recomendados atualmente:
2025-05-09 08:01:52 - INFO - Canal Recomendado 0: oatley (https://www.twitch.tv/oatley)
2025-05-09 08:01:56 - INFO - Canal Recomendado 1: boosfer (https://www.twitch.tv/boosfer)
2025-05-09 08:02:01 - INFO - Canal Recomendado 2: olofmeister (https://www.twitch.tv/olofmeister)
2025-05-09 08:02:05 - INFO - Canal Recomendado 3: karasmai (https://www.twitch.tv/karasmai)
2025-05-09 08:02:09 - INFO - Canal Recomendado 4: botjayttv (https://www.twitch.tv/botjayttv)
2025-05-09 08:02:13 - INFO - Canal Recomendado 5: gkey (https://www.twitch.tv/gkey)
2025-05-09 08:02:17 - INFO - Canal Recomendado 6: volx (https://www.twitch.tv/volx)
2025-05-09 08:02:22 - INFO - Canal Recomendado 7: mrlust (https://www.twitch.tv/mrlust)
2025-05-09 08:02:26 - INFO - Canal Recomendado 8: bloodx (https://www.twitch.tv/bloodx)
2025-05-09 08:02:35 - INFO - Successfully logged onto Twitch WS: subze2004
2025-05-09 08:16:42 - INFO - Coletado chat do canal oatley por 849 segundos
2025-05-09 08:16:42 - INFO - Tempo de visualização encerrado, busca 1 de 4 encerrada
2025-05-09 08:16:42 - INFO - Jogo escolhido: marvel-rivals
2025-05-09 08:17:27 - INFO - Assistindo 🥝[DROPS ENABLED] #1 LOKI OCE | MARVEL RIVALS| !discord !mana !drops |
SWEETAZ_GAMING
Australia
twitchdrops
LIVE
23 viewers por 755 segundos
2025-05-09 08:17:48 - INFO - Canais Recomendados atualmente:
2025-05-09 08:17:48 - INFO - Canal Recomendado 0: oatley (https://www.twitch.tv/oatley)
2025-05-09 08:17:53 - INFO - Canal Recomendado 1: boosfer (https://www.twitch.tv/boosfer)
2025-05-09 08:17:57 - INFO - Canal Recomendado 2: lossayyy (https://www.twitch.tv/lossayyy)
2025-05-09 08:18:02 - INFO - Canal Recomendado 3: botjayttv (https://www.twitch.tv/botjayttv)
2025-05-09 08:18:06 - INFO - Canal Recomendado 4: karasmai (https://www.twitch.tv/karasmai)
2025-05-09 08:18:10 - INFO - Canal Recomendado 5: august (https://www.twitch.tv/august)
2025-05-09 08:18:15 - INFO - Canal Recomendado 6: emz_nz (https://www.twitch.tv/emz_nz)
2025-05-09 08:18:19 - INFO - Canal Recomendado 7: clarkyfromau (https://www.twitch.tv/clarkyfromau)
2025-05-09 08:18:24 - INFO - Canal Recomendado 8: uce_mediocre (https://www.twitch.tv/uce_mediocre)
2025-05-09 08:18:33 - INFO - Successfully logged onto Twitch WS: subze2004
2025-05-09 08:31:06 - INFO - Coletado chat do canal sweetaz_gaming por 755 segundos
2025-05-09 08:31:06 - INFO - Tempo de visualização encerrado, busca 2 de 4 encerrada
2025-05-09 08:31:06 - INFO - Jogo escolhido: league-of-legends
2025-05-09 08:31:50 - INFO - Assistindo Rank 1 Kayn In Korea - Day 5 - !Challenger !discord !rank
KarasMai
English
kayn
LIVE
1.3K viewers por 783 segundos
2025-05-09 08:32:12 - INFO - Canais Recomendados atualmente:
2025-05-09 08:32:12 - INFO - Canal Recomendado 0: oatley (https://www.twitch.tv/oatley)
2025-05-09 08:32:17 - INFO - Canal Recomendado 1: boosfer (https://www.twitch.tv/boosfer)
2025-05-09 08:32:21 - INFO - Canal Recomendado 2: lossayyy (https://www.twitch.tv/lossayyy)
2025-05-09 08:32:25 - INFO - Canal Recomendado 3: karasmai (https://www.twitch.tv/karasmai)
2025-05-09 08:32:30 - INFO - Canal Recomendado 4: botjayttv (https://www.twitch.tv/botjayttv)
2025-05-09 08:32:34 - INFO - Canal Recomendado 5: august (https://www.twitch.tv/august)
2025-05-09 08:32:38 - INFO - Canal Recomendado 6: naayil (https://www.twitch.tv/naayil)
2025-05-09 08:32:42 - INFO - Canal Recomendado 7: bardinette (https://www.twitch.tv/bardinette)
2025-05-09 08:32:48 - INFO - Canal Recomendado 8: desperatenasus (https://www.twitch.tv/desperatenasus)
2025-05-09 08:32:57 - INFO - Successfully logged onto Twitch WS: subze2004
2025-05-09 08:45:58 - INFO - Coletado chat do canal karasmai por 783 segundos
2025-05-09 08:45:58 - INFO - Tempo de visualização encerrado, busca 3 de 4 encerrada
2025-05-09 08:45:58 - INFO - Jogo escolhido: sea-of-thieves
2025-05-09 08:46:41 - INFO - Assistindo Dune Awakening Later! !gfuel !apex !awktoo
Captain_Falcore
English
PvP
memes
LIVE
134 viewers por 1094 segundos
2025-05-09 08:47:04 - INFO - Canais Recomendados atualmente:
2025-05-09 08:47:04 - INFO - Canal Recomendado 0: oatley (https://www.twitch.tv/oatley)
2025-05-09 08:47:09 - INFO - Canal Recomendado 1: boosfer (https://www.twitch.tv/boosfer)
2025-05-09 08:47:13 - INFO - Canal Recomendado 2: karasmai (https://www.twitch.tv/karasmai)
2025-05-09 08:47:17 - INFO - Canal Recomendado 3: lossayyy (https://www.twitch.tv/lossayyy)
2025-05-09 08:47:22 - INFO - Canal Recomendado 4: botjayttv (https://www.twitch.tv/botjayttv)
2025-05-09 08:47:26 - INFO - Canal Recomendado 5: august (https://www.twitch.tv/august)
2025-05-09 08:47:30 - INFO - Canal Recomendado 6: ekim941 (https://www.twitch.tv/ekim941)
2025-05-09 08:47:35 - INFO - Canal Recomendado 7: raccoonlamundo (https://www.twitch.tv/raccoonlamundo)
2025-05-09 08:47:39 - INFO - Canal Recomendado 8: beardageddon247 (https://www.twitch.tv/beardageddon247)
2025-05-09 08:47:48 - INFO - Successfully logged onto Twitch WS: subze2004
2025-05-09 09:06:00 - INFO - Coletado chat do canal captain_falcore por 1094 segundos
2025-05-09 09:06:00 - INFO - Tempo de visualização encerrado, busca 4 de 4 encerrada
2025-05-09 09:06:00 - INFO - Treino concluído com sucesso.
2025-05-09 12:00:11 - INFO - ====== WebDriver manager ======
2025-05-09 12:00:11 - INFO - Get LATEST chromedriver version for google-chrome
2025-05-09 12:00:12 - INFO - Get LATEST chromedriver version for google-chrome
2025-05-09 12:00:12 - INFO - Driver [/home/locus/.wdm/drivers/chromedriver/linux64/135.0.7049.114/chromedriver-linux64/chromedriver] found in cache
2025-05-09 12:00:23 - INFO - Erro ao logar no Twitch ou Login já realizado
2025-05-09 12:00:25 - INFO - Iniciando treino...
2025-05-09 12:00:25 - INFO - Realizando 3 buscas nessa sessão
2025-05-09 12:00:25 - INFO - Jogo escolhido: grand-theft-auto-v
2025-05-09 12:01:07 - INFO - Assistindo KYLE PRED : PRIVATE INVESTIGATOR - nopixel 4.0
kyle
English
LIVE
1.9K viewers por 870 segundos
2025-05-09 12:01:28 - INFO - Canais Recomendados atualmente:
2025-05-09 12:01:28 - INFO - Canal Recomendado 0: thefreddymc (https://www.twitch.tv/thefreddymc)
2025-05-09 12:01:33 - INFO - Canal Recomendado 1: boosfer (https://www.twitch.tv/boosfer)
2025-05-09 12:01:37 - INFO - Canal Recomendado 2: lossayyy (https://www.twitch.tv/lossayyy)
2025-05-09 12:01:42 - INFO - Canal Recomendado 3: necros (https://www.twitch.tv/necros)
2025-05-09 12:01:46 - INFO - Canal Recomendado 4: jonbams (https://www.twitch.tv/jonbams)
2025-05-09 12:01:50 - INFO - Canal Recomendado 5: shadowsnipess (https://www.twitch.tv/shadowsnipess)
2025-05-09 12:01:55 - INFO - Canal Recomendado 6: vader (https://www.twitch.tv/vader)
2025-05-09 12:01:59 - INFO - Canal Recomendado 7: matteu (https://www.twitch.tv/matteu)
2025-05-09 12:02:04 - INFO - Canal Recomendado 8: harmless (https://www.twitch.tv/harmless)
2025-05-09 12:02:13 - INFO - Successfully logged onto Twitch WS: subze2004
2025-05-09 12:16:41 - INFO - Coletado chat do canal kyle por 870 segundos
2025-05-09 12:16:41 - INFO - Tempo de visualização encerrado, busca 1 de 3 encerrada
2025-05-09 12:16:41 - INFO - Jogo escolhido: ea-sports-fc-25
2025-05-09 12:17:24 - INFO - Assistindo Pro Clubs with Followers !club - Come play... If your good😏 2nd
Bonfire5th
english
friendlies
clubs
LIVE
11 viewers por 919 segundos
2025-05-09 12:17:48 - INFO - Canais Recomendados atualmente:
2025-05-09 12:17:48 - INFO - Canal Recomendado 0: thefreddymc (https://www.twitch.tv/thefreddymc)
2025-05-09 12:17:54 - INFO - Canal Recomendado 1: boosfer (https://www.twitch.tv/boosfer)
2025-05-09 12:17:58 - INFO - Canal Recomendado 2: necros (https://www.twitch.tv/necros)
2025-05-09 12:18:03 - INFO - Canal Recomendado 3: lossayyy (https://www.twitch.tv/lossayyy)
2025-05-09 12:18:07 - INFO - Canal Recomendado 4: jonbams (https://www.twitch.tv/jonbams)
2025-05-09 12:18:12 - INFO - Canal Recomendado 5: grimm (https://www.twitch.tv/grimm)
2025-05-09 12:18:16 - INFO - Canal Recomendado 6: directoscoco_tv (https://www.twitch.tv/directoscoco_tv)
2025-05-09 12:18:21 - INFO - Canal Recomendado 7: nino_ohne_meinung (https://www.twitch.tv/nino_ohne_meinung)
2025-05-09 12:18:26 - INFO - Canal Recomendado 8: ohjordz (https://www.twitch.tv/ohjordz)
2025-05-09 12:18:36 - INFO - Successfully logged onto Twitch WS: subze2004
2025-05-09 12:33:53 - INFO - Coletado chat do canal bonfire5th por 919 segundos
2025-05-09 12:33:53 - INFO - Tempo de visualização encerrado, busca 2 de 3 encerrada
2025-05-09 12:33:53 - INFO - Jogo escolhido: sea-of-thieves
2025-05-09 12:34:38 - INFO - Assistindo Rerun - No Drops | 24/7 Beardageddon Watch Party | Sea of Thieves
Beardageddon247
NoDrops
English
NotLive
LIVE
91 viewers por 1048 segundos
2025-05-09 12:34:59 - INFO - Canais Recomendados atualmente:
2025-05-09 12:34:59 - INFO - Canal Recomendado 0: thefreddymc (https://www.twitch.tv/thefreddymc)
2025-05-09 12:35:04 - INFO - Canal Recomendado 1: boosfer (https://www.twitch.tv/boosfer)
2025-05-09 12:35:09 - INFO - Canal Recomendado 2: necros (https://www.twitch.tv/necros)
2025-05-09 12:35:13 - INFO - Canal Recomendado 3: lossayyy (https://www.twitch.tv/lossayyy)
2025-05-09 12:35:18 - INFO - Canal Recomendado 4: jonbams (https://www.twitch.tv/jonbams)
2025-05-09 12:35:22 - INFO - Canal Recomendado 5: grimm (https://www.twitch.tv/grimm)
2025-05-09 12:35:26 - INFO - Canal Recomendado 6: pushinwood (https://www.twitch.tv/pushinwood)
2025-05-09 12:35:31 - INFO - Canal Recomendado 7: boxyfresh (https://www.twitch.tv/boxyfresh)
2025-05-09 12:35:36 - INFO - Canal Recomendado 8: behavingbeardly (https://www.twitch.tv/behavingbeardly)
2025-05-09 12:35:45 - INFO - Successfully logged onto Twitch WS: subze2004
2025-05-09 12:53:11 - INFO - Coletado chat do canal beardageddon247 por 1048 segundos
2025-05-09 12:53:11 - INFO - Tempo de visualização encerrado, busca 3 de 3 encerrada
2025-05-09 12:53:11 - INFO - Treino concluído com sucesso.
2025-05-09 16:00:23 - INFO - ====== WebDriver manager ======
2025-05-09 16:00:23 - INFO - Get LATEST chromedriver version for google-chrome
2025-05-09 16:00:24 - INFO - Get LATEST chromedriver version for google-chrome
2025-05-09 16:00:24 - INFO - Driver [/home/locus/.wdm/drivers/chromedriver/linux64/135.0.7049.114/chromedriver-linux64/chromedriver] found in cache
2025-05-09 16:00:36 - INFO - Erro ao logar no Twitch ou Login já realizado
2025-05-09 16:00:37 - INFO - Iniciando treino...
2025-05-09 16:00:37 - INFO - Realizando 4 buscas nessa sessão
2025-05-09 16:00:37 - INFO - Jogo escolhido: sea-of-thieves
2025-05-09 16:01:19 - INFO - Assistindo 🟣PARTNER PUSH!-SUBATHON DAY 18!🟣 DOIN BOAT STUFF! !Controller !TTS !Merch !Discord
PushinWood
SoTPartner
AMA
English
LIVE
88 viewers por 858 segundos
2025-05-09 16:01:42 - INFO - Canais Recomendados atualmente:
2025-05-09 16:01:42 - INFO - Canal Recomendado 0: thefreddymc (https://www.twitch.tv/thefreddymc)
2025-05-09 16:01:47 - INFO - Canal Recomendado 1: necros (https://www.twitch.tv/necros)
2025-05-09 16:01:51 - INFO - Canal Recomendado 2: eatherley (https://www.twitch.tv/eatherley)
2025-05-09 16:01:55 - INFO - Canal Recomendado 3: philza (https://www.twitch.tv/philza)
2025-05-09 16:02:00 - INFO - Canal Recomendado 4: shadowsnipess (https://www.twitch.tv/shadowsnipess)
2025-05-09 16:02:04 - INFO - Canal Recomendado 5: apexdabi (https://www.twitch.tv/apexdabi)
2025-05-09 16:02:08 - INFO - Canal Recomendado 6: idbz (https://www.twitch.tv/idbz)
2025-05-09 16:02:13 - INFO - Canal Recomendado 7: makakar (https://www.twitch.tv/makakar)
2025-05-09 16:02:18 - INFO - Canal Recomendado 8: pufferson (https://www.twitch.tv/pufferson)
2025-05-09 16:02:27 - INFO - Successfully logged onto Twitch WS: subze2004
2025-05-09 16:16:43 - INFO - Coletado chat do canal pushinwood por 858 segundos
2025-05-09 16:16:43 - INFO - Tempo de visualização encerrado, busca 1 de 4 encerrada
2025-05-09 16:16:43 - INFO - Jogo escolhido: minecraft
2025-05-09 16:17:21 - INFO - Assistindo The Realm SMP vs 1000 Players EVENT • !realm !map !merch
Philza
English
distracted
chill
LIVE
2.5K viewers por 835 segundos
2025-05-09 16:17:43 - INFO - Canais Recomendados atualmente:
2025-05-09 16:17:43 - INFO - Canal Recomendado 0: thefreddymc (https://www.twitch.tv/thefreddymc)
2025-05-09 16:17:47 - INFO - Canal Recomendado 1: necros (https://www.twitch.tv/necros)
2025-05-09 16:17:52 - INFO - Canal Recomendado 2: eatherley (https://www.twitch.tv/eatherley)
2025-05-09 16:17:57 - INFO - Canal Recomendado 3: philza (https://www.twitch.tv/philza)
2025-05-09 16:18:01 - INFO - Canal Recomendado 4: linkzzey (https://www.twitch.tv/linkzzey)
2025-05-09 16:18:05 - INFO - Canal Recomendado 5: apexdabi (https://www.twitch.tv/apexdabi)
2025-05-09 16:18:10 - INFO - Canal Recomendado 6: clownpierce (https://www.twitch.tv/clownpierce)
2025-05-09 16:18:14 - INFO - Canal Recomendado 7: badboyhalo (https://www.twitch.tv/badboyhalo)
2025-05-09 16:18:18 - INFO - Canal Recomendado 8: pangi (https://www.twitch.tv/pangi)
2025-05-09 16:18:28 - INFO - Successfully logged onto Twitch WS: subze2004
2025-05-09 16:32:21 - INFO - Coletado chat do canal philza por 835 segundos
2025-05-09 16:32:21 - INFO - Tempo de visualização encerrado, busca 2 de 4 encerrada
2025-05-09 16:32:21 - INFO - Jogo escolhido: league-of-legends
2025-05-09 16:33:04 - INFO - Assistindo SHACO BIG EASY NOOB OWNAGE - "new" !pc build! - NEW SLEEP TOKEN ALBUM!? !dreamhack
PinkWardlol
shaco
English
leagueoflegends
LIVE
1.2K viewers por 727 segundos
2025-05-09 16:33:27 - INFO - Canais Recomendados atualmente:
2025-05-09 16:33:27 - INFO - Canal Recomendado 0: thefreddymc (https://www.twitch.tv/thefreddymc)
2025-05-09 16:33:32 - INFO - Canal Recomendado 1: auziomf (https://www.twitch.tv/auziomf)
2025-05-09 16:33:37 - INFO - Canal Recomendado 2: eatherley (https://www.twitch.tv/eatherley)
2025-05-09 16:33:41 - INFO - Canal Recomendado 3: alixxa (https://www.twitch.tv/alixxa)
2025-05-09 16:33:45 - INFO - Canal Recomendado 4: lord_kebun (https://www.twitch.tv/lord_kebun)
2025-05-09 16:33:49 - INFO - Canal Recomendado 5: stan616 (https://www.twitch.tv/stan616)
2025-05-09 16:33:54 - INFO - Canal Recomendado 6: loltyler1 (https://www.twitch.tv/loltyler1)
2025-05-09 16:33:58 - INFO - Canal Recomendado 7: tfblade (https://www.twitch.tv/tfblade)
2025-05-09 16:34:03 - INFO - Canal Recomendado 8: agurin (https://www.twitch.tv/agurin)
2025-05-09 16:34:12 - INFO - Successfully logged onto Twitch WS: subze2004
2025-05-09 16:46:17 - INFO - Coletado chat do canal pinkwardlol por 727 segundos
2025-05-09 16:46:17 - INFO - Tempo de visualização encerrado, busca 3 de 4 encerrada
2025-05-09 16:46:17 - INFO - Jogo escolhido: roblox
2025-05-09 16:46:57 - INFO - Assistindo 🔥STREAM NOT ENDING TIL WORLD RECORD. I WILL PLAY NONESTOP UNTIL ALL WORLD RECORDS ARE ACHIEVED🔥
windpress
English
LIVE
48 viewers por 1146 segundos
2025-05-09 16:47:20 - INFO - Canais Recomendados atualmente:
2025-05-09 16:47:20 - INFO - Canal Recomendado 0: thefreddymc (https://www.twitch.tv/thefreddymc)
2025-05-09 16:47:25 - INFO - Canal Recomendado 1: philza (https://www.twitch.tv/philza)
2025-05-09 16:47:30 - INFO - Canal Recomendado 2: eatherley (https://www.twitch.tv/eatherley)
2025-05-09 16:47:34 - INFO - Canal Recomendado 3: auziomf (https://www.twitch.tv/auziomf)
2025-05-09 16:47:38 - INFO - Canal Recomendado 4: linkzzey (https://www.twitch.tv/linkzzey)
2025-05-09 16:47:42 - INFO - Canal Recomendado 5: devin_caherly (https://www.twitch.tv/devin_caherly)
2025-05-09 16:47:47 - INFO - Canal Recomendado 6: caseoh247 (https://www.twitch.tv/caseoh247)
2025-05-09 16:47:52 - INFO - Canal Recomendado 7: pokelawls (https://www.twitch.tv/pokelawls)
2025-05-09 16:47:56 - INFO - Canal Recomendado 8: redniii (https://www.twitch.tv/redniii)
2025-05-09 16:48:06 - INFO - Successfully logged onto Twitch WS: subze2004
2025-05-09 17:07:09 - INFO - Coletado chat do canal windpress por 1146 segundos
2025-05-09 17:07:09 - INFO - Tempo de visualização encerrado, busca 4 de 4 encerrada
2025-05-09 17:07:09 - INFO - Treino concluído com sucesso.
2025-05-09 20:00:20 - INFO - ====== WebDriver manager ======
2025-05-09 20:00:20 - INFO - Get LATEST chromedriver version for google-chrome
2025-05-09 20:00:21 - INFO - Get LATEST chromedriver version for google-chrome
2025-05-09 20:00:21 - INFO - Driver [/home/locus/.wdm/drivers/chromedriver/linux64/135.0.7049.114/chromedriver-linux64/chromedriver] found in cache
2025-05-09 20:00:34 - INFO - Erro ao logar no Twitch ou Login já realizado
2025-05-09 20:00:35 - INFO - Iniciando treino...
2025-05-09 20:00:35 - INFO - Realizando 5 buscas nessa sessão
2025-05-09 20:00:35 - INFO - Jogo escolhido: ea-sports-fc-25
2025-05-09 20:01:18 - INFO - Assistindo 🚨 OPENING RANK 2 REWARDS!! 🚨
Mbytes37
English
LIVE
700 viewers por 755 segundos
2025-05-09 20:01:39 - INFO - Canais Recomendados atualmente:
2025-05-09 20:01:39 - INFO - Canal Recomendado 0: vadriss (https://www.twitch.tv/vadriss)
2025-05-09 20:01:44 - INFO - Canal Recomendado 1: arguz11 (https://www.twitch.tv/arguz11)
2025-05-09 20:01:49 - INFO - Canal Recomendado 2: umisoul (https://www.twitch.tv/umisoul)
2025-05-09 20:01:53 - INFO - Canal Recomendado 3: linkzzey (https://www.twitch.tv/linkzzey)
2025-05-09 20:01:57 - INFO - Canal Recomendado 4: robthemaster1 (https://www.twitch.tv/robthemaster1)
2025-05-09 20:02:02 - INFO - Canal Recomendado 5: mrlust (https://www.twitch.tv/mrlust)
2025-05-09 20:02:07 - INFO - Canal Recomendado 6: la4awale (https://www.twitch.tv/la4awale)
2025-05-09 20:02:11 - INFO - Canal Recomendado 7: stokes (https://www.twitch.tv/stokes)
2025-05-09 20:02:16 - INFO - Canal Recomendado 8: shawrey_ (https://www.twitch.tv/shawrey_)
2025-05-09 20:02:25 - INFO - Successfully logged onto Twitch WS: subze2004
2025-05-09 20:14:58 - INFO - Coletado chat do canal mbytes37 por 755 segundos
2025-05-09 20:14:58 - INFO - Tempo de visualização encerrado, busca 1 de 5 encerrada
2025-05-09 20:14:58 - INFO - Jogo escolhido: the-sims-4
2025-05-09 20:15:38 - INFO - Assistindo 420 sesh + feral friday™🍒 | !feralcheck !merch !hi
hausplantgirl
adhd
girlypop
420
stoner
LIVE
35 viewers por 637 segundos
2025-05-09 20:16:02 - INFO - Canais Recomendados atualmente:
2025-05-09 20:16:02 - INFO - Canal Recomendado 0: grayhairandtattoos_ (https://www.twitch.tv/grayhairandtattoos_)
2025-05-09 20:16:07 - INFO - Canal Recomendado 1: vadriss (https://www.twitch.tv/vadriss)
2025-05-09 20:16:12 - INFO - Canal Recomendado 2: umisoul (https://www.twitch.tv/umisoul)
2025-05-09 20:16:16 - INFO - Canal Recomendado 3: linkzzey (https://www.twitch.tv/linkzzey)
2025-05-09 20:16:20 - INFO - Canal Recomendado 4: arguz11 (https://www.twitch.tv/arguz11)
2025-05-09 20:16:25 - INFO - Canal Recomendado 5: thehashaq (https://www.twitch.tv/thehashaq)
2025-05-09 20:16:29 - INFO - Canal Recomendado 6: dabney_mallory (https://www.twitch.tv/dabney_mallory)
2025-05-09 20:16:34 - INFO - Canal Recomendado 7: lilsimsie (https://www.twitch.tv/lilsimsie)
2025-05-09 20:16:39 - INFO - Canal Recomendado 8: simsbyfinch (https://www.twitch.tv/simsbyfinch)
2025-05-09 20:16:48 - INFO - Successfully logged onto Twitch WS: subze2004
2025-05-09 20:27:23 - INFO - Coletado chat do canal hausplantgirl por 637 segundos
2025-05-09 20:27:23 - INFO - Tempo de visualização encerrado, busca 2 de 5 encerrada
2025-05-09 20:27:23 - INFO - Jogo escolhido: roblox
2025-05-09 20:28:09 - INFO - Assistindo BEAT ME IN BASKETBALL ZERO GET 50 LUCKY SPINS
OMEGAEX1
roblox
english
anime
LIVE
25 viewers por 1198 segundos
2025-05-09 20:28:32 - INFO - Canais Recomendados atualmente:
2025-05-09 20:28:32 - INFO - Canal Recomendado 0: vadriss (https://www.twitch.tv/vadriss)
2025-05-09 20:28:37 - INFO - Canal Recomendado 1: grayhairandtattoos_ (https://www.twitch.tv/grayhairandtattoos_)
2025-05-09 20:28:41 - INFO - Canal Recomendado 2: umisoul (https://www.twitch.tv/umisoul)
2025-05-09 20:28:46 - INFO - Canal Recomendado 3: linkzzey (https://www.twitch.tv/linkzzey)
2025-05-09 20:28:50 - INFO - Canal Recomendado 4: robthemaster1 (https://www.twitch.tv/robthemaster1)
2025-05-09 20:28:54 - INFO - Canal Recomendado 5: arguz11 (https://www.twitch.tv/arguz11)
2025-05-09 20:28:59 - INFO - Canal Recomendado 6: abcjaybay (https://www.twitch.tv/abcjaybay)
2025-05-09 20:29:04 - INFO - Canal Recomendado 7: fl1ght_trenny (https://www.twitch.tv/fl1ght_trenny)
2025-05-09 20:29:08 - INFO - Canal Recomendado 8: n1nen1nen1ne (https://www.twitch.tv/n1nen1nen1ne)
2025-05-09 20:29:17 - INFO - Successfully logged onto Twitch WS: subze2004
2025-05-09 20:49:13 - INFO - Coletado chat do canal omegaex1 por 1198 segundos
2025-05-09 20:49:13 - INFO - Tempo de visualização encerrado, busca 3 de 5 encerrada
2025-05-09 20:49:13 - INFO - Jogo escolhido: fortnite
2025-05-09 20:49:56 - INFO - Assistindo 💅SHE/HER💅#1 RANKED FEMALE WORLDWIDE🍑GIANT GYATT🍑USE CODE LUST👑ASMR👑!CROSSHAIR👑SPANISH/ENG/GERMAN👑!ORG👑
MRLUST
KingsLeague
kaicenat
valorant
LIVE
398 viewers por 1166 segundos
2025-05-09 20:50:21 - INFO - Canais Recomendados atualmente:
2025-05-09 20:50:21 - INFO - Canal Recomendado 0: grayhairandtattoos_ (https://www.twitch.tv/grayhairandtattoos_)
2025-05-09 20:50:26 - INFO - Canal Recomendado 1: vadriss (https://www.twitch.tv/vadriss)
2025-05-09 20:50:30 - INFO - Canal Recomendado 2: umisoul (https://www.twitch.tv/umisoul)
2025-05-09 20:50:35 - INFO - Canal Recomendado 3: arguz11 (https://www.twitch.tv/arguz11)
2025-05-09 20:50:44 - INFO - Canal Recomendado 4: linkzzey (https://www.twitch.tv/linkzzey)
2025-05-09 20:50:49 - INFO - Canal Recomendado 5: thehashaq (https://www.twitch.tv/thehashaq)
2025-05-09 20:50:53 - INFO - Canal Recomendado 6: peterbot247official (https://www.twitch.tv/peterbot247official)
2025-05-09 20:50:58 - INFO - Canal Recomendado 7: asianjeff (https://www.twitch.tv/asianjeff)
2025-05-09 20:51:02 - INFO - Canal Recomendado 8: mongraal247 (https://www.twitch.tv/mongraal247)
2025-05-09 20:51:11 - INFO - Successfully logged onto Twitch WS: subze2004
2025-05-09 21:10:35 - INFO - Coletado chat do canal mrlust por 1166 segundos
2025-05-09 21:10:35 - INFO - Tempo de visualização encerrado, busca 4 de 5 encerrada
2025-05-09 21:10:35 - INFO - Jogo escolhido: minecraft
2025-05-09 21:11:18 - INFO - Assistindo Minecraft - FL1GHT SMP
FL1GHT_Trenny
English
gaming
minecraft
LIVE
7 viewers por 726 segundos
2025-05-09 21:11:43 - INFO - Canais Recomendados atualmente:
2025-05-09 21:11:43 - INFO - Canal Recomendado 0: arguz11 (https://www.twitch.tv/arguz11)
2025-05-09 21:11:48 - INFO - Canal Recomendado 1: robthemaster1 (https://www.twitch.tv/robthemaster1)
2025-05-09 21:11:53 - INFO - Canal Recomendado 2: umisoul (https://www.twitch.tv/umisoul)
2025-05-09 21:11:57 - INFO - Canal Recomendado 3: aussieantics (https://www.twitch.tv/aussieantics)
2025-05-09 21:12:01 - INFO - Canal Recomendado 4: mrlust (https://www.twitch.tv/mrlust)
2025-05-09 21:12:05 - INFO - Canal Recomendado 5: grayhairandtattoos_ (https://www.twitch.tv/grayhairandtattoos_)
2025-05-09 21:12:11 - INFO - Canal Recomendado 6: omegaex1 (https://www.twitch.tv/omegaex1)
2025-05-09 21:12:16 - INFO - Canal Recomendado 7: realjimmysdad (https://www.twitch.tv/realjimmysdad)
2025-05-09 21:12:21 - INFO - Canal Recomendado 8: zerogravitygamez (https://www.twitch.tv/zerogravitygamez)
2025-05-09 21:12:29 - INFO - Successfully logged onto Twitch WS: subze2004
2025-05-09 21:24:34 - INFO - Coletado chat do canal fl1ght_trenny por 726 segundos
2025-05-09 21:24:34 - INFO - Tempo de visualização encerrado, busca 5 de 5 encerrada
2025-05-09 21:24:34 - INFO - Treino concluído com sucesso.
2025-05-10 00:00:43 - INFO - ====== WebDriver manager ======
2025-05-10 00:00:43 - INFO - Get LATEST chromedriver version for google-chrome
2025-05-10 00:00:44 - INFO - Get LATEST chromedriver version for google-chrome
2025-05-10 00:00:44 - INFO - Get LATEST chromedriver version for google-chrome
2025-05-10 00:00:45 - INFO - WebDriver version 135.0.7049.114 selected
2025-05-10 00:00:45 - INFO - Modern chrome version https://storage.googleapis.com/chrome-for-testing-public/135.0.7049.114/linux64/chromedriver-linux64.zip
2025-05-10 00:00:45 - INFO - About to download new driver from https://storage.googleapis.com/chrome-for-testing-public/135.0.7049.114/linux64/chromedriver-linux64.zip
2025-05-10 00:00:46 - INFO - Driver downloading response is 200
2025-05-10 00:00:47 - INFO - Get LATEST chromedriver version for google-chrome
2025-05-10 00:00:48 - INFO - Driver has been saved in cache [/home/locus/.wdm/drivers/chromedriver/linux64/135.0.7049.114]
2025-05-10 00:00:59 - INFO - Erro ao logar no Twitch ou Login já realizado
2025-05-10 00:01:01 - INFO - Iniciando treino...
2025-05-10 00:01:01 - INFO - Realizando 4 buscas nessa sessão
2025-05-10 00:01:01 - INFO - Jogo escolhido: league-of-legends
2025-05-10 00:01:48 - INFO - Assistindo Rank 1 Kayn In Korea - Day 6 - !Challenger !discord !rank
KarasMai
kayn
English
LIVE
1.4K viewers por 1179 segundos
2025-05-10 00:02:12 - INFO - Canais Recomendados atualmente:
2025-05-10 00:02:12 - INFO - Canal Recomendado 0: grayhairandtattoos_ (https://www.twitch.tv/grayhairandtattoos_)
2025-05-10 00:02:17 - INFO - Canal Recomendado 1: vadriss (https://www.twitch.tv/vadriss)
2025-05-10 00:02:21 - INFO - Canal Recomendado 2: umisoul (https://www.twitch.tv/umisoul)
2025-05-10 00:02:25 - INFO - Canal Recomendado 3: arguz11 (https://www.twitch.tv/arguz11)
2025-05-10 00:02:30 - INFO - Canal Recomendado 4: thehashaq (https://www.twitch.tv/thehashaq)
2025-05-10 00:02:35 - INFO - Canal Recomendado 5: caseoh247 (https://www.twitch.tv/caseoh247)
2025-05-10 00:02:40 - INFO - Canal Recomendado 6: viper (https://www.twitch.tv/viper)
2025-05-10 00:02:44 - INFO - Canal Recomendado 7: pobelter (https://www.twitch.tv/pobelter)
2025-05-10 00:02:49 - INFO - Canal Recomendado 8: doublelift (https://www.twitch.tv/doublelift)
2025-05-10 00:02:59 - INFO - Successfully logged onto Twitch WS: subze2004
2025-05-10 00:22:36 - INFO - Coletado chat do canal karasmai por 1179 segundos
2025-05-10 00:22:36 - INFO - Tempo de visualização encerrado, busca 1 de 4 encerrada
2025-05-10 00:22:36 - INFO - Jogo escolhido: minecraft
2025-05-10 00:23:14 - INFO - Assistindo Speedruns then Survival at 10PM | DAY 129/365 | !pbmc !newvid !discord
thehashaq
English
LIVE
110 viewers por 634 segundos
2025-05-10 00:23:36 - INFO - Canais Recomendados atualmente:
2025-05-10 00:23:36 - INFO - Canal Recomendado 0: grayhairandtattoos_ (https://www.twitch.tv/grayhairandtattoos_)
2025-05-10 00:23:41 - INFO - Canal Recomendado 1: vadriss (https://www.twitch.tv/vadriss)
2025-05-10 00:23:46 - INFO - Canal Recomendado 2: umisoul (https://www.twitch.tv/umisoul)
2025-05-10 00:23:50 - INFO - Canal Recomendado 3: thehashaq (https://www.twitch.tv/thehashaq)
2025-05-10 00:23:54 - INFO - Canal Recomendado 4: arguz11 (https://www.twitch.tv/arguz11)
2025-05-10 00:23:59 - INFO - Canal Recomendado 5: caseoh247 (https://www.twitch.tv/caseoh247)
2025-05-10 00:24:04 - INFO - Canal Recomendado 6: ararelemon (https://www.twitch.tv/ararelemon)
2025-05-10 00:24:09 - INFO - Canal Recomendado 7: hellomynameisjarvis (https://www.twitch.tv/hellomynameisjarvis)
2025-05-10 00:24:14 - INFO - Canal Recomendado 8: haze117 (https://www.twitch.tv/haze117)
2025-05-10 00:24:24 - INFO - Successfully logged onto Twitch WS: subze2004
2025-05-10 00:34:55 - INFO - Coletado chat do canal thehashaq por 634 segundos
2025-05-10 00:34:55 - INFO - Tempo de visualização encerrado, busca 2 de 4 encerrada
2025-05-10 00:34:55 - INFO - Jogo escolhido: overwatch-2
2025-05-10 00:35:37 - INFO - Assistindo [OWCS DROPS] OWCS WEEKEND WATCH PARTIES WOOO
Rakattack
NOMOTION
English
chill
LIVE
1.8K viewers por 1033 segundos
2025-05-10 00:35:59 - INFO - Canais Recomendados atualmente:
2025-05-10 00:35:59 - INFO - Canal Recomendado 0: grayhairandtattoos_ (https://www.twitch.tv/grayhairandtattoos_)
2025-05-10 00:36:04 - INFO - Canal Recomendado 1: vadriss (https://www.twitch.tv/vadriss)
2025-05-10 00:36:08 - INFO - Canal Recomendado 2: umisoul (https://www.twitch.tv/umisoul)
2025-05-10 00:36:13 - INFO - Canal Recomendado 3: thehashaq (https://www.twitch.tv/thehashaq)
2025-05-10 00:36:17 - INFO - Canal Recomendado 4: arguz11 (https://www.twitch.tv/arguz11)
2025-05-10 00:36:23 - INFO - Canal Recomendado 5: caseoh247 (https://www.twitch.tv/caseoh247)
2025-05-10 00:36:27 - INFO - Canal Recomendado 6: karq (https://www.twitch.tv/karq)
2025-05-10 00:36:32 - INFO - Canal Recomendado 7: colourhex (https://www.twitch.tv/colourhex)
2025-05-10 00:36:37 - INFO - Canal Recomendado 8: numbers2155 (https://www.twitch.tv/numbers2155)
2025-05-10 00:36:47 - INFO - Successfully logged onto Twitch WS: subze2004
2025-05-10 00:53:57 - INFO - Coletado chat do canal rakattack por 1033 segundos
2025-05-10 00:53:57 - INFO - Tempo de visualização encerrado, busca 3 de 4 encerrada
2025-05-10 00:53:57 - INFO - Jogo escolhido: valorant
2025-05-10 00:54:43 - INFO - Assistindo W STREAMER NRG s0m | well well well.... alot to talk about and alot to game about | !video !socials !youtube !instagram
s0mcs
VALORANT
English
LIVE
7.5K viewers por 919 segundos
2025-05-10 00:55:04 - INFO - Canais Recomendados atualmente:
2025-05-10 00:55:04 - INFO - Canal Recomendado 0: grayhairandtattoos_ (https://www.twitch.tv/grayhairandtattoos_)
2025-05-10 00:55:09 - INFO - Canal Recomendado 1: vadriss (https://www.twitch.tv/vadriss)
2025-05-10 00:55:13 - INFO - Canal Recomendado 2: umisoul (https://www.twitch.tv/umisoul)
2025-05-10 00:55:17 - INFO - Canal Recomendado 3: thehashaq (https://www.twitch.tv/thehashaq)
2025-05-10 00:55:22 - INFO - Canal Recomendado 4: arguz11 (https://www.twitch.tv/arguz11)
2025-05-10 00:55:26 - INFO - Canal Recomendado 5: caseoh247 (https://www.twitch.tv/caseoh247)
2025-05-10 00:55:35 - INFO - Successfully logged onto Twitch WS: subze2004
2025-05-10 01:10:52 - INFO - Coletado chat do canal s0mcs por 919 segundos
2025-05-10 01:10:52 - INFO - Tempo de visualização encerrado, busca 4 de 4 encerrada
2025-05-10 01:10:52 - INFO - Treino concluído com sucesso.
2025-05-10 04:00:02 - INFO - ====== WebDriver manager ======
2025-05-10 04:00:02 - INFO - Get LATEST chromedriver version for google-chrome
2025-05-10 04:00:03 - INFO - Get LATEST chromedriver version for google-chrome
2025-05-10 04:00:03 - INFO - Driver [/home/locus/.wdm/drivers/chromedriver/linux64/135.0.7049.114/chromedriver-linux64/chromedriver] found in cache
2025-05-10 04:00:14 - INFO - Erro ao logar no Twitch ou Login já realizado
2025-05-10 04:00:15 - INFO - Iniciando treino...
2025-05-10 04:00:15 - INFO - Realizando 5 buscas nessa sessão
2025-05-10 04:00:15 - INFO - Jogo escolhido: minecraft
2025-05-10 04:01:00 - INFO - Assistindo ⭐ 2,000+ day hardcore world • finishing old builds --> starting new ones ٩(ˊᗜˋ*)و ♡
mellondoodle
SafeSpace
Cozy
LurkerFriendly
LIVE
88 viewers por 773 segundos
2025-05-10 04:01:22 - INFO - Canais Recomendados atualmente:
2025-05-10 04:01:22 - INFO - Canal Recomendado 0: vadriss (https://www.twitch.tv/vadriss)
2025-05-10 04:01:27 - ERROR - Erro ao processar canal 1: Message: stale element reference: stale element not found in the current frame
  (Session info: chrome=135.0.7049.114); For documentation on this error, please visit: https://www.selenium.dev/documentation/webdriver/troubleshooting/errors#stale-element-reference-exception
Stacktrace:
#0 0x62c1b8aed75a <unknown>
#1 0x62c1b85a04b0 <unknown>
#2 0x62c1b85a70b6 <unknown>
#3 0x62c1b85a9c07 <unknown>
#4 0x62c1b863e61e <unknown>
#5 0x62c1b8617592 <unknown>
#6 0x62c1b863d5e0 <unknown>
#7 0x62c1b8617363 <unknown>
#8 0x62c1b85e3d63 <unknown>
#9 0x62c1b85e49c1 <unknown>
#10 0x62c1b8ab2a6b <unknown>
#11 0x62c1b8ab6951 <unknown>
#12 0x62c1b8a9ab62 <unknown>
#13 0x62c1b8ab74c4 <unknown>
#14 0x62c1b8a7f13f <unknown>
#15 0x62c1b8adb6f8 <unknown>
#16 0x62c1b8adb8d6 <unknown>
#17 0x62c1b8aec5a6 <unknown>
#18 0x7f959e6a1e2e <unknown>
#19 0x7f959e733a4c <unknown>

2025-05-10 04:01:27 - INFO - Canal Recomendado 2: nanithefreaks (https://www.twitch.tv/nanithefreaks)
2025-05-10 04:01:32 - INFO - Canal Recomendado 3: gkey (https://www.twitch.tv/gkey)
2025-05-10 04:01:36 - INFO - Canal Recomendado 4: thehashaq (https://www.twitch.tv/thehashaq)
2025-05-10 04:01:40 - ERROR - Erro ao processar canal 5: Message: stale element reference: stale element not found in the current frame
  (Session info: chrome=135.0.7049.114); For documentation on this error, please visit: https://www.selenium.dev/documentation/webdriver/troubleshooting/errors#stale-element-reference-exception
Stacktrace:
#0 0x62c1b8aed75a <unknown>
#1 0x62c1b85a04b0 <unknown>
#2 0x62c1b85a70b6 <unknown>
#3 0x62c1b85a9c07 <unknown>
#4 0x62c1b863e61e <unknown>
#5 0x62c1b8617592 <unknown>
#6 0x62c1b863d5e0 <unknown>
#7 0x62c1b8617363 <unknown>
#8 0x62c1b85e3d63 <unknown>
#9 0x62c1b85e49c1 <unknown>
#10 0x62c1b8ab2a6b <unknown>
#11 0x62c1b8ab6951 <unknown>
#12 0x62c1b8a9ab62 <unknown>
#13 0x62c1b8ab74c4 <unknown>
#14 0x62c1b8a7f13f <unknown>
#15 0x62c1b8adb6f8 <unknown>
#16 0x62c1b8adb8d6 <unknown>
#17 0x62c1b8aec5a6 <unknown>
#18 0x7f959e6a1e2e <unknown>
#19 0x7f959e733a4c <unknown>

2025-05-10 04:01:40 - INFO - Canal Recomendado 6: characoal (https://www.twitch.tv/characoal)
2025-05-10 04:01:45 - INFO - Canal Recomendado 7: fattymcdaddyog (https://www.twitch.tv/fattymcdaddyog)
2025-05-10 04:01:49 - INFO - Canal Recomendado 8: clusterclover (https://www.twitch.tv/clusterclover)
2025-05-10 04:01:59 - INFO - Successfully logged onto Twitch WS: subze2004
2025-05-10 04:14:50 - INFO - Coletado chat do canal mellondoodle por 773 segundos
2025-05-10 04:14:50 - INFO - Tempo de visualização encerrado, busca 1 de 5 encerrada
2025-05-10 04:14:50 - INFO - Jogo escolhido: roblox
2025-05-10 04:15:35 - INFO - Assistindo FREE ROBUX ON PLS DONATE! Commands on screen!
Arguz11
Silver
roblox
Rerun
English
LIVE
30 viewers por 1057 segundos
2025-05-10 04:15:59 - INFO - Canais Recomendados atualmente:
2025-05-10 04:15:59 - INFO - Canal Recomendado 0: vadriss (https://www.twitch.tv/vadriss)
2025-05-10 04:16:04 - INFO - Canal Recomendado 1: oatley (https://www.twitch.tv/oatley)
2025-05-10 04:16:08 - INFO - Canal Recomendado 2: nanithefreaks (https://www.twitch.tv/nanithefreaks)
2025-05-10 04:16:12 - INFO - Canal Recomendado 3: gkey (https://www.twitch.tv/gkey)
2025-05-10 04:16:16 - INFO - Canal Recomendado 4: thehashaq (https://www.twitch.tv/thehashaq)
2025-05-10 04:16:21 - INFO - Canal Recomendado 5: nautilifts (https://www.twitch.tv/nautilifts)
2025-05-10 04:16:25 - INFO - Canal Recomendado 6: lolls231 (https://www.twitch.tv/lolls231)
2025-05-10 04:16:30 - INFO - Canal Recomendado 7: osdeelive (https://www.twitch.tv/osdeelive)
2025-05-10 04:16:34 - INFO - Canal Recomendado 8: scuftrbx (https://www.twitch.tv/scuftrbx)
2025-05-10 04:16:43 - INFO - Successfully logged onto Twitch WS: subze2004
2025-05-10 04:34:18 - INFO - Coletado chat do canal arguz11 por 1057 segundos
2025-05-10 04:34:18 - INFO - Tempo de visualização encerrado, busca 2 de 5 encerrada
2025-05-10 04:34:18 - INFO - Jogo escolhido: valorant
2025-05-10 04:35:04 - INFO - Assistindo RRQ vs. PRX - VCT Pacific - Stage 1 - Playoffs - Lower Finals
VALORANT_Pacific
VALORANT
RisePacific
LIVE
2.9K viewers por 1152 segundos
2025-05-10 04:35:26 - INFO - Canais Recomendados atualmente:
2025-05-10 04:35:26 - INFO - Canal Recomendado 0: vadriss (https://www.twitch.tv/vadriss)
2025-05-10 04:35:31 - INFO - Canal Recomendado 1: oatley (https://www.twitch.tv/oatley)
2025-05-10 04:35:35 - INFO - Canal Recomendado 2: nanithefreaks (https://www.twitch.tv/nanithefreaks)
2025-05-10 04:35:39 - INFO - Canal Recomendado 3: gkey (https://www.twitch.tv/gkey)
2025-05-10 04:35:43 - INFO - Canal Recomendado 4: thehashaq (https://www.twitch.tv/thehashaq)
2025-05-10 04:35:48 - INFO - Canal Recomendado 5: arguz11 (https://www.twitch.tv/arguz11)
2025-05-10 04:35:52 - INFO - Canal Recomendado 6: curry (https://www.twitch.tv/curry)
2025-05-10 04:35:56 - INFO - Canal Recomendado 7: s0mcs (https://www.twitch.tv/s0mcs)
2025-05-10 04:36:01 - INFO - Canal Recomendado 8: hamy (https://www.twitch.tv/hamy)
2025-05-10 04:36:10 - INFO - Successfully logged onto Twitch WS: subze2004
2025-05-10 04:55:20 - INFO - Coletado chat do canal valorant_pacific por 1152 segundos
2025-05-10 04:55:20 - INFO - Tempo de visualização encerrado, busca 3 de 5 encerrada
2025-05-10 04:55:20 - INFO - Jogo escolhido: ea-sports-fc-25
2025-05-10 04:56:01 - INFO - Assistindo FRED OMGGG | Reviving Joga Bonito Series !tiktok
Faustography
R9
brazil
English
LIVE
48 viewers por 958 segundos
2025-05-10 04:56:25 - INFO - Canais Recomendados atualmente:
2025-05-10 04:56:25 - INFO - Canal Recomendado 0: boosfer (https://www.twitch.tv/boosfer)
2025-05-10 04:56:30 - INFO - Canal Recomendado 1: gkey (https://www.twitch.tv/gkey)
2025-05-10 04:56:34 - INFO - Canal Recomendado 2: nanithefreaks (https://www.twitch.tv/nanithefreaks)
2025-05-10 04:56:38 - INFO - Canal Recomendado 3: vadriss (https://www.twitch.tv/vadriss)
2025-05-10 04:56:42 - INFO - Canal Recomendado 4: oatley (https://www.twitch.tv/oatley)
2025-05-10 04:56:47 - INFO - Canal Recomendado 5: arguz11 (https://www.twitch.tv/arguz11)
2025-05-10 04:56:51 - INFO - Canal Recomendado 6: el_dunko (https://www.twitch.tv/el_dunko)
2025-05-10 04:56:55 - INFO - Canal Recomendado 7: snipeshot5000 (https://www.twitch.tv/snipeshot5000)
2025-05-10 04:57:00 - INFO - Canal Recomendado 8: ochris (https://www.twitch.tv/ochris)
2025-05-10 04:57:09 - INFO - Successfully logged onto Twitch WS: subze2004
2025-05-10 05:13:05 - INFO - Coletado chat do canal faustography por 958 segundos
2025-05-10 05:13:05 - INFO - Tempo de visualização encerrado, busca 4 de 5 encerrada
2025-05-10 05:13:05 - INFO - Jogo escolhido: sea-of-thieves
2025-05-10 05:13:47 - INFO - Assistindo Solo Sloop PVP
procedural_
Piano
English
PVP
LIVE
116 viewers por 670 segundos
2025-05-10 05:14:10 - INFO - Canais Recomendados atualmente:
2025-05-10 05:14:10 - INFO - Canal Recomendado 0: oatley (https://www.twitch.tv/oatley)
2025-05-10 05:14:15 - INFO - Canal Recomendado 1: vadriss (https://www.twitch.tv/vadriss)
2025-05-10 05:14:19 - INFO - Canal Recomendado 2: nanithefreaks (https://www.twitch.tv/nanithefreaks)
2025-05-10 05:14:24 - INFO - Canal Recomendado 3: gkey (https://www.twitch.tv/gkey)
2025-05-10 05:14:28 - INFO - Canal Recomendado 4: thehashaq (https://www.twitch.tv/thehashaq)
2025-05-10 05:14:32 - INFO - Canal Recomendado 5: arguz11 (https://www.twitch.tv/arguz11)
2025-05-10 05:14:36 - INFO - Canal Recomendado 6: flotsam (https://www.twitch.tv/flotsam)
2025-05-10 05:14:41 - INFO - Canal Recomendado 7: ekim941 (https://www.twitch.tv/ekim941)
2025-05-10 05:14:45 - INFO - Canal Recomendado 8: vexityplus (https://www.twitch.tv/vexityplus)
2025-05-10 05:14:55 - INFO - Successfully logged onto Twitch WS: subze2004
2025-05-10 05:26:02 - INFO - Coletado chat do canal procedural_ por 670 segundos
2025-05-10 05:26:02 - INFO - Tempo de visualização encerrado, busca 5 de 5 encerrada
2025-05-10 05:26:02 - INFO - Treino concluído com sucesso.
2025-05-10 08:00:11 - INFO - ====== WebDriver manager ======
2025-05-10 08:00:11 - INFO - Get LATEST chromedriver version for google-chrome
2025-05-10 08:00:12 - INFO - Get LATEST chromedriver version for google-chrome
2025-05-10 08:00:12 - INFO - Driver [/home/locus/.wdm/drivers/chromedriver/linux64/135.0.7049.114/chromedriver-linux64/chromedriver] found in cache
2025-05-10 08:00:23 - INFO - Erro ao logar no Twitch ou Login já realizado
2025-05-10 08:00:25 - INFO - Iniciando treino...
2025-05-10 08:00:25 - INFO - Realizando 4 buscas nessa sessão
2025-05-10 08:00:25 - INFO - Jogo escolhido: counter-strike
2025-05-10 08:01:05 - INFO - Assistindo ⚠️ 30K PREMIER WARLORD ZOOMIN' ⚠️ !csmoney !modpay
renyan
English
LIVE
821 viewers por 861 segundos
2025-05-10 08:01:27 - INFO - Canais Recomendados atualmente:
2025-05-10 08:01:27 - INFO - Canal Recomendado 0: boosfer (https://www.twitch.tv/boosfer)
2025-05-10 08:01:32 - INFO - Canal Recomendado 1: gkey (https://www.twitch.tv/gkey)
2025-05-10 08:01:37 - INFO - Canal Recomendado 2: deadlyunicorns (https://www.twitch.tv/deadlyunicorns)
2025-05-10 08:01:41 - INFO - Canal Recomendado 3: oatley (https://www.twitch.tv/oatley)
2025-05-10 08:01:45 - INFO - Canal Recomendado 4: philza (https://www.twitch.tv/philza)
2025-05-10 08:01:50 - INFO - Canal Recomendado 5: arguz11 (https://www.twitch.tv/arguz11)
2025-05-10 08:01:54 - INFO - Canal Recomendado 6: eryctriceps (https://www.twitch.tv/eryctriceps)
2025-05-10 08:01:59 - INFO - Canal Recomendado 7: fl0m (https://www.twitch.tv/fl0m)
2025-05-10 08:02:04 - INFO - Canal Recomendado 8: f0rest (https://www.twitch.tv/f0rest)
2025-05-10 08:02:13 - INFO - Successfully logged onto Twitch WS: subze2004
2025-05-10 08:16:32 - INFO - Coletado chat do canal renyan por 861 segundos
2025-05-10 08:16:32 - INFO - Tempo de visualização encerrado, busca 1 de 4 encerrada
2025-05-10 08:16:32 - INFO - Jogo escolhido: sea-of-thieves
2025-05-10 08:17:14 - INFO - Assistindo Saturday Spudz
ekim941
Coffee
PvP
Action
LIVE
10 viewers por 758 segundos
2025-05-10 08:17:39 - INFO - Canais Recomendados atualmente:
2025-05-10 08:17:39 - INFO - Canal Recomendado 0: boosfer (https://www.twitch.tv/boosfer)
2025-05-10 08:17:44 - INFO - Canal Recomendado 1: gkey (https://www.twitch.tv/gkey)
2025-05-10 08:17:48 - INFO - Canal Recomendado 2: deadlyunicorns (https://www.twitch.tv/deadlyunicorns)
2025-05-10 08:17:53 - INFO - Canal Recomendado 3: oatley (https://www.twitch.tv/oatley)
2025-05-10 08:17:58 - INFO - Canal Recomendado 4: philza (https://www.twitch.tv/philza)
2025-05-10 08:18:02 - INFO - Canal Recomendado 5: nautilifts (https://www.twitch.tv/nautilifts)
2025-05-10 08:18:06 - INFO - Canal Recomendado 6: flotsam (https://www.twitch.tv/flotsam)
2025-05-10 08:18:11 - INFO - Canal Recomendado 7: hager_420 (https://www.twitch.tv/hager_420)
2025-05-10 08:18:15 - INFO - Canal Recomendado 8: gigglingghosty (https://www.twitch.tv/gigglingghosty)
2025-05-10 08:18:24 - INFO - Successfully logged onto Twitch WS: subze2004
2025-05-10 08:31:00 - INFO - Coletado chat do canal ekim941 por 758 segundos
2025-05-10 08:31:00 - INFO - Tempo de visualização encerrado, busca 2 de 4 encerrada
2025-05-10 08:31:00 - INFO - Jogo escolhido: marvel-rivals
2025-05-10 08:31:41 - INFO - Assistindo [NEW !DROPS] ✅ Currently-Top500 / Ranked grind Continues
p_tatotv
thegoat
humble
English
LIVE
311 viewers por 1037 segundos
2025-05-10 08:32:06 - INFO - Canais Recomendados atualmente:
2025-05-10 08:32:06 - INFO - Canal Recomendado 0: boosfer (https://www.twitch.tv/boosfer)
2025-05-10 08:32:10 - INFO - Canal Recomendado 1: gkey (https://www.twitch.tv/gkey)
2025-05-10 08:32:15 - INFO - Canal Recomendado 2: deadlyunicorns (https://www.twitch.tv/deadlyunicorns)
2025-05-10 08:32:19 - INFO - Canal Recomendado 3: oatley (https://www.twitch.tv/oatley)
2025-05-10 08:32:23 - INFO - Canal Recomendado 4: philza (https://www.twitch.tv/philza)
2025-05-10 08:32:27 - INFO - Canal Recomendado 5: arguz11 (https://www.twitch.tv/arguz11)
2025-05-10 08:32:32 - INFO - Canal Recomendado 6: ssxntry (https://www.twitch.tv/ssxntry)
2025-05-10 08:32:36 - INFO - Canal Recomendado 7: badgdplayer (https://www.twitch.tv/badgdplayer)
2025-05-10 08:32:41 - INFO - Canal Recomendado 8: luketheninjamr (https://www.twitch.tv/luketheninjamr)
2025-05-10 08:32:50 - INFO - Successfully logged onto Twitch WS: subze2004
2025-05-10 08:50:05 - INFO - Coletado chat do canal p_tatotv por 1037 segundos
2025-05-10 08:50:05 - INFO - Tempo de visualização encerrado, busca 3 de 4 encerrada
2025-05-10 08:50:05 - INFO - Jogo escolhido: fortnite
2025-05-10 08:50:46 - INFO - Assistindo Sub Saturday w mediashare ON! - Code: LOEYA #EpicPartner
Loeya
English
Cats
BattleRoyale
LIVE
2.4K viewers por 1104 segundos
2025-05-10 08:51:09 - INFO - Canais Recomendados atualmente:
2025-05-10 08:51:09 - INFO - Canal Recomendado 0: boosfer (https://www.twitch.tv/boosfer)
2025-05-10 08:51:13 - INFO - Canal Recomendado 1: gkey (https://www.twitch.tv/gkey)
2025-05-10 08:51:18 - INFO - Canal Recomendado 2: deadlyunicorns (https://www.twitch.tv/deadlyunicorns)
2025-05-10 08:51:22 - INFO - Canal Recomendado 3: oatley (https://www.twitch.tv/oatley)
2025-05-10 08:51:26 - INFO - Canal Recomendado 4: nautilifts (https://www.twitch.tv/nautilifts)
2025-05-10 08:51:30 - INFO - Canal Recomendado 5: arguz11 (https://www.twitch.tv/arguz11)
2025-05-10 08:51:35 - INFO - Canal Recomendado 6: smacko (https://www.twitch.tv/smacko)
2025-05-10 08:51:39 - INFO - Canal Recomendado 7: nickeh30_vods (https://www.twitch.tv/nickeh30_vods)
2025-05-10 08:51:44 - INFO - Canal Recomendado 8: avxry (https://www.twitch.tv/avxry)
2025-05-10 08:51:53 - INFO - Successfully logged onto Twitch WS: subze2004
2025-05-10 09:10:15 - INFO - Coletado chat do canal loeya por 1104 segundos
2025-05-10 09:10:15 - INFO - Tempo de visualização encerrado, busca 4 de 4 encerrada
2025-05-10 09:10:15 - INFO - Treino concluído com sucesso.
2025-05-10 12:00:25 - INFO - ====== WebDriver manager ======
2025-05-10 12:00:25 - INFO - Get LATEST chromedriver version for google-chrome
2025-05-10 12:00:26 - INFO - Get LATEST chromedriver version for google-chrome
2025-05-10 12:00:26 - INFO - Driver [/home/locus/.wdm/drivers/chromedriver/linux64/135.0.7049.114/chromedriver-linux64/chromedriver] found in cache
2025-05-10 12:00:38 - INFO - Erro ao logar no Twitch ou Login já realizado
2025-05-10 12:00:39 - INFO - Iniciando treino...
2025-05-10 12:00:39 - INFO - Realizando 4 buscas nessa sessão
2025-05-10 12:00:39 - INFO - Jogo escolhido: counter-strike
2025-05-10 12:01:24 - INFO - Assistindo 🔴 PGL Astana Watchparty + Steps 🔴🙂 !trade !oace
Mrtweeday
English
LIVE
517 viewers por 688 segundos
2025-05-10 12:01:46 - INFO - Canais Recomendados atualmente:
2025-05-10 12:01:46 - INFO - Canal Recomendado 0: thefreddymc (https://www.twitch.tv/thefreddymc)
2025-05-10 12:01:51 - INFO - Canal Recomendado 1: boosfer (https://www.twitch.tv/boosfer)
2025-05-10 12:01:55 - INFO - Canal Recomendado 2: bugsyrp (https://www.twitch.tv/bugsyrp)
2025-05-10 12:01:59 - INFO - Canal Recomendado 3: mrlust (https://www.twitch.tv/mrlust)
2025-05-10 12:02:04 - INFO - Canal Recomendado 4: kreekcraft (https://www.twitch.tv/kreekcraft)
2025-05-10 12:02:08 - INFO - Canal Recomendado 5: nickeh30_vods (https://www.twitch.tv/nickeh30_vods)
2025-05-10 12:02:12 - INFO - Canal Recomendado 6: d0cc_tv (https://www.twitch.tv/d0cc_tv)
2025-05-10 12:02:16 - INFO - Canal Recomendado 7: skripecs (https://www.twitch.tv/skripecs)
2025-05-10 12:02:21 - INFO - Canal Recomendado 8: eryctriceps (https://www.twitch.tv/eryctriceps)
2025-05-10 12:02:30 - INFO - Successfully logged onto Twitch WS: subze2004
2025-05-10 12:13:56 - INFO - Coletado chat do canal mrtweeday por 688 segundos
2025-05-10 12:13:56 - INFO - Tempo de visualização encerrado, busca 1 de 4 encerrada
2025-05-10 12:13:56 - INFO - Jogo escolhido: sea-of-thieves
2025-05-10 12:14:38 - INFO - Assistindo 🚨PRO PVP STEALS🚨PVP TOURNAMENT LATER🚨!PARTNERPUSH🚨 @keepinittwisted
FatTallGuy
Musician
NewPlayersWelcome
LIVE
108 viewers por 1157 segundos
2025-05-10 12:15:00 - INFO - Canais Recomendados atualmente:
2025-05-10 12:15:00 - INFO - Canal Recomendado 0: thefreddymc (https://www.twitch.tv/thefreddymc)
2025-05-10 12:15:05 - INFO - Canal Recomendado 1: boosfer (https://www.twitch.tv/boosfer)
2025-05-10 12:15:09 - INFO - Canal Recomendado 2: bugsyrp (https://www.twitch.tv/bugsyrp)
2025-05-10 12:15:13 - INFO - Canal Recomendado 3: mrlust (https://www.twitch.tv/mrlust)
2025-05-10 12:15:18 - INFO - Canal Recomendado 4: kreekcraft (https://www.twitch.tv/kreekcraft)
2025-05-10 12:15:22 - INFO - Canal Recomendado 5: nickeh30_vods (https://www.twitch.tv/nickeh30_vods)
2025-05-10 12:15:26 - INFO - Canal Recomendado 6: konantheboss44 (https://www.twitch.tv/konantheboss44)
2025-05-10 12:15:31 - INFO - Canal Recomendado 7: ekim941 (https://www.twitch.tv/ekim941)
2025-05-10 12:15:36 - INFO - Canal Recomendado 8: beardageddon (https://www.twitch.tv/beardageddon)
2025-05-10 12:15:45 - INFO - Successfully logged onto Twitch WS: subze2004
2025-05-10 12:35:00 - INFO - Coletado chat do canal fattallguy por 1157 segundos
2025-05-10 12:35:00 - INFO - Tempo de visualização encerrado, busca 2 de 4 encerrada
2025-05-10 12:35:00 - INFO - Jogo escolhido: ea-sports-fc-25
2025-05-10 12:35:42 - INFO - Assistindo RANK 1 TOTS REWARDS! 🚨 !community !433 !prime !tts @AuzioMF
AuzioMF
English
LIVE
5K viewers por 1051 segundos
2025-05-10 12:36:07 - INFO - Canais Recomendados atualmente:
2025-05-10 12:36:07 - INFO - Canal Recomendado 0: thefreddymc (https://www.twitch.tv/thefreddymc)
2025-05-10 12:36:12 - INFO - Canal Recomendado 1: boosfer (https://www.twitch.tv/boosfer)
2025-05-10 12:36:16 - INFO - Canal Recomendado 2: bugsyrp (https://www.twitch.tv/bugsyrp)
2025-05-10 12:36:20 - INFO - Canal Recomendado 3: mrlust (https://www.twitch.tv/mrlust)
2025-05-10 12:36:24 - INFO - Canal Recomendado 4: grayhairandtattoos_ (https://www.twitch.tv/grayhairandtattoos_)
2025-05-10 12:36:29 - INFO - Canal Recomendado 5: kreekcraft (https://www.twitch.tv/kreekcraft)
2025-05-10 12:36:33 - INFO - Canal Recomendado 6: mbytes37 (https://www.twitch.tv/mbytes37)
2025-05-10 12:36:38 - INFO - Canal Recomendado 7: originalvicz (https://www.twitch.tv/originalvicz)
2025-05-10 12:36:42 - INFO - Canal Recomendado 8: boraslegend (https://www.twitch.tv/boraslegend)
2025-05-10 12:36:51 - INFO - Successfully logged onto Twitch WS: subze2004
2025-05-10 12:54:20 - INFO - Coletado chat do canal auziomf por 1051 segundos
2025-05-10 12:54:20 - INFO - Tempo de visualização encerrado, busca 3 de 4 encerrada
2025-05-10 12:54:20 - INFO - Jogo escolhido: valorant
2025-05-10 12:55:04 - INFO - Assistindo 4W 15L - new !yt vid
spicyuuu
tagalog
deez
中文
LIVE
2.5K viewers por 983 segundos
2025-05-10 12:55:26 - INFO - Canais Recomendados atualmente:
2025-05-10 12:55:26 - INFO - Canal Recomendado 0: thefreddymc (https://www.twitch.tv/thefreddymc)
2025-05-10 12:55:32 - INFO - Canal Recomendado 1: boosfer (https://www.twitch.tv/boosfer)
2025-05-10 12:55:36 - INFO - Canal Recomendado 2: bugsyrp (https://www.twitch.tv/bugsyrp)
2025-05-10 12:55:41 - INFO - Canal Recomendado 3: mrlust (https://www.twitch.tv/mrlust)
2025-05-10 12:55:45 - INFO - Canal Recomendado 4: grayhairandtattoos_ (https://www.twitch.tv/grayhairandtattoos_)
2025-05-10 12:55:50 - INFO - Canal Recomendado 5: nickeh30_vods (https://www.twitch.tv/nickeh30_vods)
2025-05-10 12:55:54 - INFO - Canal Recomendado 6: prod (https://www.twitch.tv/prod)
2025-05-10 12:55:59 - INFO - Canal Recomendado 7: curry (https://www.twitch.tv/curry)
2025-05-10 12:56:04 - INFO - Canal Recomendado 8: valorant_emea (https://www.twitch.tv/valorant_emea)
2025-05-10 12:56:14 - INFO - Successfully logged onto Twitch WS: subze2004
2025-05-10 13:12:34 - INFO - Coletado chat do canal spicyuuu por 983 segundos
2025-05-10 13:12:34 - INFO - Tempo de visualização encerrado, busca 4 de 4 encerrada
2025-05-10 13:12:34 - INFO - Treino concluído com sucesso.
2025-05-10 16:00:44 - INFO - ====== WebDriver manager ======
2025-05-10 16:00:44 - INFO - Get LATEST chromedriver version for google-chrome
2025-05-10 16:00:45 - INFO - Get LATEST chromedriver version for google-chrome
2025-05-10 16:00:46 - INFO - Driver [/home/locus/.wdm/drivers/chromedriver/linux64/135.0.7049.114/chromedriver-linux64/chromedriver] found in cache
2025-05-10 16:00:58 - INFO - Erro ao logar no Twitch ou Login já realizado
2025-05-10 16:01:00 - INFO - Iniciando treino...
2025-05-10 16:01:00 - INFO - Realizando 3 buscas nessa sessão
2025-05-10 16:01:00 - INFO - Jogo escolhido: sea-of-thieves
2025-05-10 16:01:53 - INFO - Assistindo ✨NEW YOUTUBE VIDEO !youtube ✨ !sologuide !plusprogram !socials
iDbz
Pvp
English
Goober
Tucks
LIVE
47 viewers por 739 segundos
2025-05-10 16:02:18 - INFO - Canais Recomendados atualmente:
2025-05-10 16:02:18 - INFO - Canal Recomendado 0: thefreddymc (https://www.twitch.tv/thefreddymc)
2025-05-10 16:02:23 - INFO - Canal Recomendado 1: kaemii (https://www.twitch.tv/kaemii)
2025-05-10 16:02:28 - INFO - Canal Recomendado 2: a1nik (https://www.twitch.tv/a1nik)
2025-05-10 16:02:34 - INFO - Canal Recomendado 3: nickeh30 (https://www.twitch.tv/nickeh30)
2025-05-10 16:02:39 - ERROR - Erro ao processar canal 4: Message: stale element reference: stale element not found in the current frame
  (Session info: chrome=135.0.7049.114); For documentation on this error, please visit: https://www.selenium.dev/documentation/webdriver/troubleshooting/errors#stale-element-reference-exception
Stacktrace:
#0 0x60d69e43d75a <unknown>
#1 0x60d69def04b0 <unknown>
#2 0x60d69def70b6 <unknown>
#3 0x60d69def9c07 <unknown>
#4 0x60d69df8e61e <unknown>
#5 0x60d69df67592 <unknown>
#6 0x60d69df8d5e0 <unknown>
#7 0x60d69df67363 <unknown>
#8 0x60d69df33d63 <unknown>
#9 0x60d69df349c1 <unknown>
#10 0x60d69e402a6b <unknown>
#11 0x60d69e406951 <unknown>
#12 0x60d69e3eab62 <unknown>
#13 0x60d69e4074c4 <unknown>
#14 0x60d69e3cf13f <unknown>
#15 0x60d69e42b6f8 <unknown>
#16 0x60d69e42b8d6 <unknown>
#17 0x60d69e43c5a6 <unknown>
#18 0x7acb8bca1e2e <unknown>
#19 0x7acb8bd33a4c <unknown>

2025-05-10 16:02:39 - ERROR - Erro ao processar canal 5: Message: stale element reference: stale element not found in the current frame
  (Session info: chrome=135.0.7049.114); For documentation on this error, please visit: https://www.selenium.dev/documentation/webdriver/troubleshooting/errors#stale-element-reference-exception
Stacktrace:
#0 0x60d69e43d75a <unknown>
#1 0x60d69def04b0 <unknown>
#2 0x60d69def70b6 <unknown>
#3 0x60d69def9c07 <unknown>
#4 0x60d69df8e61e <unknown>
#5 0x60d69df67592 <unknown>
#6 0x60d69df8d5e0 <unknown>
#7 0x60d69df67363 <unknown>
#8 0x60d69df33d63 <unknown>
#9 0x60d69df349c1 <unknown>
#10 0x60d69e402a6b <unknown>
#11 0x60d69e406951 <unknown>
#12 0x60d69e3eab62 <unknown>
#13 0x60d69e4074c4 <unknown>
#14 0x60d69e3cf13f <unknown>
#15 0x60d69e42b6f8 <unknown>
#16 0x60d69e42b8d6 <unknown>
#17 0x60d69e43c5a6 <unknown>
#18 0x7acb8bca1e2e <unknown>
#19 0x7acb8bd33a4c <unknown>

2025-05-10 16:02:39 - INFO - Canal Recomendado 6: pufferson (https://www.twitch.tv/pufferson)
2025-05-10 16:02:44 - INFO - Canal Recomendado 7: pushinwood (https://www.twitch.tv/pushinwood)
2025-05-10 16:02:49 - INFO - Canal Recomendado 8: flux (https://www.twitch.tv/flux)
2025-05-10 16:03:00 - INFO - Successfully logged onto Twitch WS: subze2004
2025-05-10 16:15:16 - INFO - Coletado chat do canal idbz por 739 segundos
2025-05-10 16:15:16 - INFO - Tempo de visualização encerrado, busca 1 de 3 encerrada
2025-05-10 16:15:16 - INFO - Jogo escolhido: counter-strike
2025-05-10 16:16:03 - INFO - Assistindo birthday boy 🤠
smieszneznaczki
KZ
English
Movement
LIVE
181 viewers por 755 segundos
2025-05-10 16:16:28 - INFO - Canais Recomendados atualmente:
2025-05-10 16:16:28 - INFO - Canal Recomendado 0: thefreddymc (https://www.twitch.tv/thefreddymc)
2025-05-10 16:16:34 - INFO - Canal Recomendado 1: kaemii (https://www.twitch.tv/kaemii)
2025-05-10 16:16:38 - INFO - Canal Recomendado 2: a1nik (https://www.twitch.tv/a1nik)
2025-05-10 16:16:43 - INFO - Canal Recomendado 3: nickeh30 (https://www.twitch.tv/nickeh30)
2025-05-10 16:16:48 - INFO - Canal Recomendado 4: linkzzey (https://www.twitch.tv/linkzzey)
2025-05-10 16:16:54 - INFO - Canal Recomendado 5: mrlust (https://www.twitch.tv/mrlust)
2025-05-10 16:17:05 - INFO - Canal Recomendado 6: yxngstxr (https://www.twitch.tv/yxngstxr)
2025-05-10 16:17:10 - INFO - Canal Recomendado 7: oui_surf (https://www.twitch.tv/oui_surf)
2025-05-10 16:17:14 - INFO - Canal Recomendado 8: iman00b10 (https://www.twitch.tv/iman00b10)
2025-05-10 16:17:24 - INFO - Successfully logged onto Twitch WS: subze2004
2025-05-10 16:29:57 - INFO - Coletado chat do canal smieszneznaczki por 755 segundos
2025-05-10 16:29:57 - INFO - Tempo de visualização encerrado, busca 2 de 3 encerrada
2025-05-10 16:29:57 - INFO - Jogo escolhido: marvel-rivals
2025-05-10 16:30:43 - INFO - Assistindo ITS MY BIRTHDAY!!!! // SUBATHON ACTIVATED // GOING BALD DURING THE STREAM // !subathon // CRAZIEST SUB GOALS EVER. !subathon
imperatorfps
English
LIVE
1.3K viewers por 1028 segundos
2025-05-10 16:31:07 - INFO - Canais Recomendados atualmente:
2025-05-10 16:31:07 - INFO - Canal Recomendado 0: thefreddymc (https://www.twitch.tv/thefreddymc)
2025-05-10 16:31:19 - INFO - Canal Recomendado 1: kaemii (https://www.twitch.tv/kaemii)
2025-05-10 16:31:25 - INFO - Canal Recomendado 2: a1nik (https://www.twitch.tv/a1nik)
2025-05-10 16:31:29 - INFO - Canal Recomendado 3: nickeh30 (https://www.twitch.tv/nickeh30)
2025-05-10 16:31:34 - INFO - Canal Recomendado 4: mrlust (https://www.twitch.tv/mrlust)
2025-05-10 16:31:39 - INFO - Canal Recomendado 5: linkzzey (https://www.twitch.tv/linkzzey)
2025-05-10 16:31:43 - INFO - Canal Recomendado 6: andr3wow (https://www.twitch.tv/andr3wow)
2025-05-10 16:31:48 - INFO - Canal Recomendado 7: matty_1v9 (https://www.twitch.tv/matty_1v9)
2025-05-10 16:31:53 - INFO - Canal Recomendado 8: rigsychu (https://www.twitch.tv/rigsychu)
2025-05-10 16:32:05 - INFO - Successfully logged onto Twitch WS: subze2004
2025-05-10 16:49:11 - INFO - Coletado chat do canal imperatorfps por 1028 segundos
2025-05-10 16:49:11 - INFO - Tempo de visualização encerrado, busca 3 de 3 encerrada
2025-05-10 16:49:11 - INFO - Treino concluído com sucesso.
2025-05-10 20:00:22 - INFO - ====== WebDriver manager ======
2025-05-10 20:00:22 - INFO - Get LATEST chromedriver version for google-chrome
2025-05-10 20:00:23 - INFO - Get LATEST chromedriver version for google-chrome
2025-05-10 20:00:24 - INFO - Driver [/home/locus/.wdm/drivers/chromedriver/linux64/135.0.7049.114/chromedriver-linux64/chromedriver] found in cache
2025-05-10 20:00:35 - INFO - Erro ao logar no Twitch ou Login já realizado
2025-05-10 20:00:37 - INFO - Iniciando treino...
2025-05-10 20:00:37 - INFO - Realizando 3 buscas nessa sessão
2025-05-10 20:00:37 - INFO - Jogo escolhido: the-sims-4
2025-05-10 20:01:21 - INFO - Assistindo U + ME = SIMS 4 NEW SAVE | #jermane4president !discord
benjermane_
chill
English
hotgirl
LIVE
14 viewers por 1057 segundos
2025-05-10 20:01:42 - INFO - Canais Recomendados atualmente:
2025-05-10 20:01:42 - INFO - Canal Recomendado 0: drdonutttttt (https://www.twitch.tv/drdonutttttt)
2025-05-10 20:01:49 - INFO - Canal Recomendado 1: nickeh30 (https://www.twitch.tv/nickeh30)
2025-05-10 20:01:54 - INFO - Canal Recomendado 2: a1nik (https://www.twitch.tv/a1nik)
2025-05-10 20:01:58 - INFO - Canal Recomendado 3: vadriss (https://www.twitch.tv/vadriss)
2025-05-10 20:02:03 - INFO - Canal Recomendado 4: mrlust (https://www.twitch.tv/mrlust)
2025-05-10 20:02:07 - INFO - Canal Recomendado 5: linkzzey (https://www.twitch.tv/linkzzey)
2025-05-10 20:02:12 - INFO - Canal Recomendado 6: deku (https://www.twitch.tv/deku)
2025-05-10 20:02:18 - INFO - Canal Recomendado 7: sooshi (https://www.twitch.tv/sooshi)
2025-05-10 20:02:23 - INFO - Canal Recomendado 8: vallejos_26 (https://www.twitch.tv/vallejos_26)
2025-05-10 20:02:34 - INFO - Successfully logged onto Twitch WS: subze2004
2025-05-10 20:20:08 - INFO - Coletado chat do canal benjermane_ por 1057 segundos
2025-05-10 20:20:08 - INFO - Tempo de visualização encerrado, busca 1 de 3 encerrada
2025-05-10 20:20:08 - INFO - Jogo escolhido: league-of-legends
2025-05-10 20:21:06 - INFO - Assistindo Early morning stream lol🗣🗣
SloppyWalrusX
BombaGuy
EUW
English
LIVE
517 viewers por 996 segundos
2025-05-10 20:21:30 - INFO - Canais Recomendados atualmente:
2025-05-10 20:21:30 - INFO - Canal Recomendado 0: drdonutttttt (https://www.twitch.tv/drdonutttttt)
2025-05-10 20:21:36 - INFO - Canal Recomendado 1: vadriss (https://www.twitch.tv/vadriss)
2025-05-10 20:21:42 - INFO - Canal Recomendado 2: a1nik (https://www.twitch.tv/a1nik)
2025-05-10 20:21:47 - INFO - Canal Recomendado 3: grayhairandtattoos_ (https://www.twitch.tv/grayhairandtattoos_)
2025-05-10 20:21:53 - INFO - Canal Recomendado 4: mrlust (https://www.twitch.tv/mrlust)
2025-05-10 20:21:57 - INFO - Canal Recomendado 5: lilsimsie (https://www.twitch.tv/lilsimsie)
2025-05-10 20:22:02 - INFO - Canal Recomendado 6: dantes (https://www.twitch.tv/dantes)
2025-05-10 20:22:07 - INFO - Canal Recomendado 7: humzh (https://www.twitch.tv/humzh)
2025-05-10 20:22:12 - INFO - Canal Recomendado 8: velja_lol (https://www.twitch.tv/velja_lol)
2025-05-10 20:22:23 - INFO - Successfully logged onto Twitch WS: subze2004
2025-05-10 20:38:57 - INFO - Coletado chat do canal sloppywalrusx por 996 segundos
2025-05-10 20:38:57 - INFO - Tempo de visualização encerrado, busca 2 de 3 encerrada
2025-05-10 20:38:57 - INFO - Jogo escolhido: grand-theft-auto-v
2025-05-10 20:39:44 - INFO - Assistindo Day 40 of UNCAPPED Birthday SUBATHON | !PNS !merch !subathon !goals #Ad #Sponsorship
vadriss
LGBTQPlus
twitchprideguild
LIVE
650 viewers por 848 segundos
2025-05-10 20:40:09 - INFO - Canais Recomendados atualmente:
2025-05-10 20:40:09 - INFO - Canal Recomendado 0: drdonutttttt (https://www.twitch.tv/drdonutttttt)
2025-05-10 20:40:14 - INFO - Canal Recomendado 1: vadriss (https://www.twitch.tv/vadriss)
2025-05-10 20:40:19 - INFO - Canal Recomendado 2: a1nik (https://www.twitch.tv/a1nik)
2025-05-10 20:40:23 - INFO - Canal Recomendado 3: grayhairandtattoos_ (https://www.twitch.tv/grayhairandtattoos_)
2025-05-10 20:40:28 - INFO - Canal Recomendado 4: mrlust (https://www.twitch.tv/mrlust)
2025-05-10 20:40:33 - INFO - Canal Recomendado 5: lilsimsie (https://www.twitch.tv/lilsimsie)
2025-05-10 20:40:50 - INFO - Canal Recomendado 6: minky (https://www.twitch.tv/minky)
2025-05-10 20:40:54 - INFO - Canal Recomendado 7: qaymichael (https://www.twitch.tv/qaymichael)
2025-05-10 20:40:59 - INFO - Canal Recomendado 8: nickdominates (https://www.twitch.tv/nickdominates)
2025-05-10 20:41:10 - INFO - Successfully logged onto Twitch WS: subze2004
2025-05-10 20:55:16 - INFO - Coletado chat do canal vadriss por 848 segundos
2025-05-10 20:55:16 - INFO - Tempo de visualização encerrado, busca 3 de 3 encerrada
2025-05-10 20:55:16 - INFO - Treino concluído com sucesso.
2025-05-11 00:00:26 - INFO - ====== WebDriver manager ======
2025-05-11 00:00:27 - INFO - Get LATEST chromedriver version for google-chrome
2025-05-11 00:00:27 - INFO - Get LATEST chromedriver version for google-chrome
2025-05-11 00:00:28 - INFO - Get LATEST chromedriver version for google-chrome
2025-05-11 00:00:28 - INFO - WebDriver version 135.0.7049.114 selected
2025-05-11 00:00:28 - INFO - Modern chrome version https://storage.googleapis.com/chrome-for-testing-public/135.0.7049.114/linux64/chromedriver-linux64.zip
2025-05-11 00:00:28 - INFO - About to download new driver from https://storage.googleapis.com/chrome-for-testing-public/135.0.7049.114/linux64/chromedriver-linux64.zip
2025-05-11 00:00:29 - INFO - Driver downloading response is 200
2025-05-11 00:00:30 - INFO - Get LATEST chromedriver version for google-chrome
2025-05-11 00:00:31 - INFO - Driver has been saved in cache [/home/locus/.wdm/drivers/chromedriver/linux64/135.0.7049.114]
2025-05-11 00:00:43 - INFO - Erro ao logar no Twitch ou Login já realizado
2025-05-11 00:00:44 - INFO - Iniciando treino...
2025-05-11 00:00:44 - INFO - Realizando 3 buscas nessa sessão
2025-05-11 00:00:44 - INFO - Jogo escolhido: the-sims-4
2025-05-11 00:01:33 - INFO - Assistindo [18+]🩷💚 Mother's Day sleepover|| House build tribute/memorial Build!| 420 cozy vibes| !commands
GoldenFemme
18plus
LoreNerd
LGBTQIAPlus
LIVE
7 viewers por 909 segundos
2025-05-11 00:01:57 - INFO - Canais Recomendados atualmente:
2025-05-11 00:01:57 - INFO - Canal Recomendado 0: vadriss (https://www.twitch.tv/vadriss)
2025-05-11 00:02:03 - INFO - Canal Recomendado 1: kaemii (https://www.twitch.tv/kaemii)
2025-05-11 00:02:07 - INFO - Canal Recomendado 2: a1nik (https://www.twitch.tv/a1nik)
2025-05-11 00:02:11 - INFO - Canal Recomendado 3: mrlust (https://www.twitch.tv/mrlust)
2025-05-11 00:02:15 - INFO - Canal Recomendado 4: temet (https://www.twitch.tv/temet)
2025-05-11 00:02:20 - INFO - Canal Recomendado 5: grayhairandtattoos_ (https://www.twitch.tv/grayhairandtattoos_)
2025-05-11 00:02:24 - INFO - Canal Recomendado 6: pink_umbrella (https://www.twitch.tv/pink_umbrella)
2025-05-11 00:02:30 - INFO - Canal Recomendado 7: brysgamingstory (https://www.twitch.tv/brysgamingstory)
2025-05-11 00:02:35 - INFO - Canal Recomendado 8: feistystreams (https://www.twitch.tv/feistystreams)
2025-05-11 00:02:50 - INFO - Successfully logged onto Twitch WS: subze2004
2025-05-11 00:17:52 - INFO - Coletado chat do canal goldenfemme por 909 segundos
2025-05-11 00:17:52 - INFO - Tempo de visualização encerrado, busca 1 de 3 encerrada
2025-05-11 00:17:52 - INFO - Jogo escolhido: valorant
2025-05-11 00:18:49 - INFO - Assistindo 🟦 NEON GOAT IS BACK IN RADIANT 🟦 GRINDING ALL NIGHT 🟦
temet
bhop
ADHD
6ft2
gigachad
LIVE
376 viewers por 1190 segundos
2025-05-11 00:19:14 - INFO - Canais Recomendados atualmente:
2025-05-11 00:19:14 - INFO - Canal Recomendado 0: vadriss (https://www.twitch.tv/vadriss)
2025-05-11 00:19:19 - INFO - Canal Recomendado 1: kaemii (https://www.twitch.tv/kaemii)
2025-05-11 00:19:24 - INFO - Canal Recomendado 2: a1nik (https://www.twitch.tv/a1nik)
2025-05-11 00:19:28 - INFO - Canal Recomendado 3: windpress (https://www.twitch.tv/windpress)
2025-05-11 00:19:33 - INFO - Canal Recomendado 4: mrlust (https://www.twitch.tv/mrlust)
2025-05-11 00:19:38 - INFO - Canal Recomendado 5: grayhairandtattoos_ (https://www.twitch.tv/grayhairandtattoos_)
2025-05-11 00:19:42 - INFO - Canal Recomendado 6: curry (https://www.twitch.tv/curry)
2025-05-11 00:19:46 - INFO - Canal Recomendado 7: eggsterr (https://www.twitch.tv/eggsterr)
2025-05-11 00:19:51 - INFO - Canal Recomendado 8: huphhfps (https://www.twitch.tv/huphhfps)
2025-05-11 00:20:02 - INFO - Successfully logged onto Twitch WS: subze2004
2025-05-11 00:39:49 - INFO - Coletado chat do canal temet por 1190 segundos
2025-05-11 00:39:49 - INFO - Tempo de visualização encerrado, busca 2 de 3 encerrada
2025-05-11 00:39:49 - INFO - Jogo escolhido: sea-of-thieves
2025-05-11 00:40:43 - INFO - Assistindo Use the Down Arrow Key for more guest info
brig kids now! with @ascariscar @sparkkyzx
MrGreenz951
 + 2 
420friendly
controllerplayer
LIVE
9 viewers por 1137 segundos
2025-05-11 00:41:04 - INFO - Canais Recomendados atualmente:
2025-05-11 00:41:04 - INFO - Canal Recomendado 0: kaemii (https://www.twitch.tv/kaemii)
2025-05-11 00:41:16 - INFO - Canal Recomendado 1: windpress (https://www.twitch.tv/windpress)
2025-05-11 00:41:22 - INFO - Canal Recomendado 2: a1nik (https://www.twitch.tv/a1nik)
2025-05-11 00:41:26 - INFO - Canal Recomendado 3: mrlust (https://www.twitch.tv/mrlust)
2025-05-11 00:41:31 - INFO - Canal Recomendado 4: grayhairandtattoos_ (https://www.twitch.tv/grayhairandtattoos_)
2025-05-11 00:41:36 - INFO - Canal Recomendado 5: temet (https://www.twitch.tv/temet)
2025-05-11 00:41:41 - INFO - Canal Recomendado 6: fluffybunnygab (https://www.twitch.tv/fluffybunnygab)
2025-05-11 00:41:46 - INFO - Canal Recomendado 7: cipher_l0gic (https://www.twitch.tv/cipher_l0gic)
2025-05-11 00:41:50 - INFO - Canal Recomendado 8: beardageddon247 (https://www.twitch.tv/beardageddon247)
2025-05-11 00:42:00 - INFO - Successfully logged onto Twitch WS: subze2004
2025-05-11 01:00:55 - INFO - Coletado chat do canal mrgreenz951 por 1137 segundos
2025-05-11 01:00:55 - INFO - Tempo de visualização encerrado, busca 3 de 3 encerrada
2025-05-11 01:00:55 - INFO - Treino concluído com sucesso.
2025-05-11 04:00:05 - INFO - ====== WebDriver manager ======
2025-05-11 04:00:06 - INFO - Get LATEST chromedriver version for google-chrome
2025-05-11 04:00:06 - INFO - Get LATEST chromedriver version for google-chrome
2025-05-11 04:00:07 - INFO - Driver [/home/locus/.wdm/drivers/chromedriver/linux64/135.0.7049.114/chromedriver-linux64/chromedriver] found in cache
2025-05-11 04:00:18 - INFO - Erro ao logar no Twitch ou Login já realizado
2025-05-11 04:00:20 - INFO - Iniciando treino...
2025-05-11 04:00:20 - INFO - Realizando 4 buscas nessa sessão
2025-05-11 04:00:20 - INFO - Jogo escolhido: counter-strike
2025-05-11 04:01:09 - INFO - Assistindo [A] Astralis vs paiN | PGL Astana 2025 - Group Stage - Day 2
PGL
Esports
English
LIVE
11.4K viewers por 881 segundos
2025-05-11 04:01:34 - INFO - Canais Recomendados atualmente:
2025-05-11 04:01:34 - INFO - Canal Recomendado 0: oatley (https://www.twitch.tv/oatley)
2025-05-11 04:01:39 - INFO - Canal Recomendado 1: nautilifts (https://www.twitch.tv/nautilifts)
2025-05-11 04:01:43 - INFO - Canal Recomendado 2: a1nik (https://www.twitch.tv/a1nik)
2025-05-11 04:01:48 - INFO - Canal Recomendado 3: gkey (https://www.twitch.tv/gkey)
2025-05-11 04:01:52 - INFO - Canal Recomendado 4: hamy (https://www.twitch.tv/hamy)
2025-05-11 04:01:56 - INFO - Canal Recomendado 5: boosfer (https://www.twitch.tv/boosfer)
2025-05-11 04:02:00 - INFO - Canal Recomendado 6: pgl_cs2 (https://www.twitch.tv/pgl_cs2)
2025-05-11 04:02:05 - INFO - Canal Recomendado 7: eslcs (https://www.twitch.tv/eslcs)
2025-05-11 04:02:10 - INFO - Canal Recomendado 8: acl (https://www.twitch.tv/acl)
2025-05-11 04:02:19 - INFO - Successfully logged onto Twitch WS: subze2004
2025-05-11 04:16:58 - INFO - Coletado chat do canal pgl por 881 segundos
2025-05-11 04:16:58 - INFO - Tempo de visualização encerrado, busca 1 de 4 encerrada
2025-05-11 04:16:58 - INFO - Jogo escolhido: marvel-rivals
2025-05-11 04:17:58 - INFO - Assistindo Use the Down Arrow Key for more guest info
I AM THE STORM THAT IS APPROACING🌪️ - long stream ➔ !socials !discord !specs
Nautilifts
 with BasimZB 
chill
aura
Marvel
LIVE
312 viewers por 747 segundos
2025-05-11 04:18:18 - INFO - Canais Recomendados atualmente:
2025-05-11 04:18:18 - INFO - Canal Recomendado 0: gkey (https://www.twitch.tv/gkey)
2025-05-11 04:18:23 - INFO - Canal Recomendado 1: cheatcode (https://www.twitch.tv/cheatcode)
2025-05-11 04:18:27 - INFO - Canal Recomendado 2: a1nik (https://www.twitch.tv/a1nik)
2025-05-11 04:18:32 - INFO - Canal Recomendado 3: oatley (https://www.twitch.tv/oatley)
2025-05-11 04:18:37 - INFO - Canal Recomendado 4: valorant_pacific (https://www.twitch.tv/valorant_pacific)
2025-05-11 04:18:41 - INFO - Canal Recomendado 5: boosfer (https://www.twitch.tv/boosfer)
2025-05-11 04:18:46 - INFO - Canal Recomendado 6: nodamagerocket (https://www.twitch.tv/nodamagerocket)
2025-05-11 04:18:51 - INFO - Canal Recomendado 7: gale (https://www.twitch.tv/gale)
2025-05-11 04:18:56 - INFO - Canal Recomendado 8: therag1ng (https://www.twitch.tv/therag1ng)
2025-05-11 04:19:06 - INFO - Successfully logged onto Twitch WS: subze2004
2025-05-11 04:31:30 - INFO - Coletado chat do canal nautilifts por 747 segundos
2025-05-11 04:31:30 - INFO - Tempo de visualização encerrado, busca 2 de 4 encerrada
2025-05-11 04:31:30 - INFO - Jogo escolhido: grand-theft-auto-v
2025-05-11 04:32:16 - INFO - Assistindo THE TOWNS RP. | Subs:1712/10000 | !ttrp !discord !socials !video
jaystayup
English
GrandTheftAutoV
LIVE
1.6K viewers por 924 segundos
2025-05-11 04:32:37 - INFO - Canais Recomendados atualmente:
2025-05-11 04:32:37 - INFO - Canal Recomendado 0: nautilifts (https://www.twitch.tv/nautilifts)
2025-05-11 04:32:43 - INFO - Canal Recomendado 1: oatley (https://www.twitch.tv/oatley)
2025-05-11 04:32:47 - INFO - Canal Recomendado 2: a1nik (https://www.twitch.tv/a1nik)
2025-05-11 04:32:52 - INFO - Canal Recomendado 3: gkey (https://www.twitch.tv/gkey)
2025-05-11 04:32:56 - INFO - Canal Recomendado 4: boosfer (https://www.twitch.tv/boosfer)
2025-05-11 04:33:01 - INFO - Canal Recomendado 5: hamy (https://www.twitch.tv/hamy)
2025-05-11 04:33:05 - INFO - Canal Recomendado 6: mdswervin (https://www.twitch.tv/mdswervin)
2025-05-11 04:33:10 - INFO - Canal Recomendado 7: welo (https://www.twitch.tv/welo)
2025-05-11 04:33:14 - INFO - Canal Recomendado 8: grinch (https://www.twitch.tv/grinch)
2025-05-11 04:33:23 - INFO - Successfully logged onto Twitch WS: subze2004
2025-05-11 04:48:45 - INFO - Coletado chat do canal jaystayup por 924 segundos
2025-05-11 04:48:45 - INFO - Tempo de visualização encerrado, busca 3 de 4 encerrada
2025-05-11 04:48:45 - INFO - Jogo escolhido: roblox
2025-05-11 04:49:46 - INFO - Assistindo 🔥SUPER FUN WEEKEND WORLD RECORD ATTEMPTS. MOST FUN GAMES EVER CREATED AND WORLDS HARDEST RECORDS EVER BEATEN🔥
windpress
English
LIVE
104 viewers por 945 segundos
2025-05-11 04:50:12 - INFO - Canais Recomendados atualmente:
2025-05-11 04:50:12 - INFO - Canal Recomendado 0: nautilifts (https://www.twitch.tv/nautilifts)
2025-05-11 04:50:17 - INFO - Canal Recomendado 1: oatley (https://www.twitch.tv/oatley)
2025-05-11 04:50:21 - INFO - Canal Recomendado 2: a1nik (https://www.twitch.tv/a1nik)
2025-05-11 04:50:26 - INFO - Canal Recomendado 3: gkey (https://www.twitch.tv/gkey)
2025-05-11 04:50:30 - INFO - Canal Recomendado 4: boosfer (https://www.twitch.tv/boosfer)
2025-05-11 04:50:34 - INFO - Canal Recomendado 5: hamy (https://www.twitch.tv/hamy)
2025-05-11 04:50:40 - INFO - Canal Recomendado 6: shift (https://www.twitch.tv/shift)
2025-05-11 04:50:44 - INFO - Canal Recomendado 7: shouttv (https://www.twitch.tv/shouttv)
2025-05-11 04:50:49 - INFO - Canal Recomendado 8: liam (https://www.twitch.tv/liam)
2025-05-11 04:50:58 - INFO - Successfully logged onto Twitch WS: subze2004
2025-05-11 05:06:41 - INFO - Coletado chat do canal windpress por 945 segundos
2025-05-11 05:06:41 - INFO - Tempo de visualização encerrado, busca 4 de 4 encerrada
2025-05-11 05:06:41 - INFO - Treino concluído com sucesso.
2025-05-11 08:00:51 - INFO - ====== WebDriver manager ======
2025-05-11 08:00:51 - INFO - Get LATEST chromedriver version for google-chrome
2025-05-11 08:00:52 - INFO - Get LATEST chromedriver version for google-chrome
2025-05-11 08:00:53 - INFO - Driver [/home/locus/.wdm/drivers/chromedriver/linux64/135.0.7049.114/chromedriver-linux64/chromedriver] found in cache
2025-05-11 08:01:14 - INFO - Erro ao logar no Twitch ou Login já realizado
2025-05-11 08:01:15 - INFO - Iniciando treino...
2025-05-11 08:01:15 - INFO - Realizando 3 buscas nessa sessão
2025-05-11 08:01:15 - INFO - Jogo escolhido: counter-strike
2025-05-11 08:02:07 - INFO - Assistindo [A] Spirit vs NiP | PGL Astana 2025 - Group Stage - Day 2
PGL
English
Esports
LIVE
26.8K viewers por 973 segundos
2025-05-11 08:02:32 - INFO - Canais Recomendados atualmente:
2025-05-11 08:02:32 - INFO - Canal Recomendado 0: nautilifts (https://www.twitch.tv/nautilifts)
2025-05-11 08:02:39 - INFO - Canal Recomendado 1: oatley (https://www.twitch.tv/oatley)
2025-05-11 08:02:43 - INFO - Canal Recomendado 2: a1nik (https://www.twitch.tv/a1nik)
2025-05-11 08:02:47 - INFO - Canal Recomendado 3: gkey (https://www.twitch.tv/gkey)
2025-05-11 08:02:54 - INFO - Canal Recomendado 4: hamy (https://www.twitch.tv/hamy)
2025-05-11 08:02:59 - INFO - Canal Recomendado 5: torihubbard (https://www.twitch.tv/torihubbard)
2025-05-11 08:03:04 - INFO - Canal Recomendado 6: pgl_cs2 (https://www.twitch.tv/pgl_cs2)
2025-05-11 08:03:08 - INFO - Canal Recomendado 7: fl0m (https://www.twitch.tv/fl0m)
2025-05-11 08:03:12 - INFO - Canal Recomendado 8: eslcs (https://www.twitch.tv/eslcs)
2025-05-11 08:03:27 - INFO - Successfully logged onto Twitch WS: subze2004
2025-05-11 08:19:38 - INFO - Coletado chat do canal pgl por 973 segundos
2025-05-11 08:19:38 - INFO - Tempo de visualização encerrado, busca 1 de 3 encerrada
2025-05-11 08:19:38 - INFO - Jogo escolhido: minecraft
2025-05-11 08:20:27 - INFO - Assistindo MCSR PLAYOFFS Watchparty (Oceania) w @blakwolf_ and @SuperC__
fennniq
Australian
Speedrun
mcsr
LIVE
159 viewers por 1037 segundos
2025-05-11 08:20:48 - INFO - Canais Recomendados atualmente:
2025-05-11 08:20:48 - INFO - Canal Recomendado 0: oatley (https://www.twitch.tv/oatley)
2025-05-11 08:21:05 - INFO - Canal Recomendado 1: nautilifts (https://www.twitch.tv/nautilifts)
2025-05-11 08:21:10 - INFO - Canal Recomendado 2: a1nik (https://www.twitch.tv/a1nik)
2025-05-11 08:21:15 - INFO - Canal Recomendado 3: gkey (https://www.twitch.tv/gkey)
2025-05-11 08:21:19 - INFO - Canal Recomendado 4: hamy (https://www.twitch.tv/hamy)
2025-05-11 08:21:23 - INFO - Canal Recomendado 5: fennniq (https://www.twitch.tv/fennniq)
2025-05-11 08:21:28 - INFO - Canal Recomendado 6: 7rowl (https://www.twitch.tv/7rowl)
2025-05-11 08:21:32 - INFO - Canal Recomendado 7: kxp0w (https://www.twitch.tv/kxp0w)
2025-05-11 08:21:36 - INFO - Canal Recomendado 8: carlcrafts (https://www.twitch.tv/carlcrafts)
2025-05-11 08:21:45 - INFO - Successfully logged onto Twitch WS: subze2004
2025-05-11 08:39:00 - INFO - Coletado chat do canal fennniq por 1037 segundos
2025-05-11 08:39:00 - INFO - Tempo de visualização encerrado, busca 2 de 3 encerrada
2025-05-11 08:39:00 - INFO - Jogo escolhido: marvel-rivals
2025-05-11 08:39:42 - INFO - Assistindo {USVI} Hoodbaby Birthday Rank Guruu
hoodninja340
vibez
Veteran
LIVE
16 viewers por 1143 segundos
2025-05-11 08:40:05 - INFO - Canais Recomendados atualmente:
2025-05-11 08:40:05 - INFO - Canal Recomendado 0: nautilifts (https://www.twitch.tv/nautilifts)
2025-05-11 08:40:10 - INFO - Canal Recomendado 1: oatley (https://www.twitch.tv/oatley)
2025-05-11 08:40:14 - INFO - Canal Recomendado 2: a1nik (https://www.twitch.tv/a1nik)
2025-05-11 08:40:18 - INFO - Canal Recomendado 3: mrtweeday (https://www.twitch.tv/mrtweeday)
2025-05-11 08:40:23 - INFO - Canal Recomendado 4: mrlust (https://www.twitch.tv/mrlust)
2025-05-11 08:40:27 - INFO - Canal Recomendado 5: fennniq (https://www.twitch.tv/fennniq)
2025-05-11 08:40:31 - INFO - Canal Recomendado 6: babyyllama (https://www.twitch.tv/babyyllama)
2025-05-11 08:40:36 - INFO - Canal Recomendado 7: realzgonglitch (https://www.twitch.tv/realzgonglitch)
2025-05-11 08:40:40 - INFO - Canal Recomendado 8: basimzb (https://www.twitch.tv/basimzb)
2025-05-11 08:40:50 - INFO - Successfully logged onto Twitch WS: subze2004
2025-05-11 08:59:51 - INFO - Coletado chat do canal hoodninja340 por 1143 segundos
2025-05-11 08:59:51 - INFO - Tempo de visualização encerrado, busca 3 de 3 encerrada
2025-05-11 08:59:51 - INFO - Treino concluído com sucesso.
2025-05-11 12:00:01 - INFO - ====== WebDriver manager ======
2025-05-11 12:00:01 - INFO - Get LATEST chromedriver version for google-chrome
2025-05-11 12:00:02 - INFO - Get LATEST chromedriver version for google-chrome
2025-05-11 12:00:02 - INFO - Driver [/home/locus/.wdm/drivers/chromedriver/linux64/135.0.7049.114/chromedriver-linux64/chromedriver] found in cache
2025-05-11 12:00:13 - INFO - Erro ao logar no Twitch ou Login já realizado
2025-05-11 12:00:15 - INFO - Iniciando treino...
2025-05-11 12:00:15 - INFO - Realizando 5 buscas nessa sessão
2025-05-11 12:00:15 - INFO - Jogo escolhido: minecraft
2025-05-11 12:00:58 - INFO - Assistindo First Time Playing MINECRAFT🍄 PLEASE no help / spoilers (java)
Zelenta
English
Girl
Swedish
LIVE
23 viewers por 669 segundos
2025-05-11 12:01:21 - INFO - Canais Recomendados atualmente:
2025-05-11 12:01:21 - INFO - Canal Recomendado 0: thefreddymc (https://www.twitch.tv/thefreddymc)
2025-05-11 12:01:27 - INFO - Canal Recomendado 1: hamy (https://www.twitch.tv/hamy)
2025-05-11 12:01:31 - INFO - Canal Recomendado 2: a1nik (https://www.twitch.tv/a1nik)
2025-05-11 12:01:36 - INFO - Canal Recomendado 3: grimm (https://www.twitch.tv/grimm)
2025-05-11 12:01:41 - INFO - Canal Recomendado 4: mrlust (https://www.twitch.tv/mrlust)
2025-05-11 12:01:45 - INFO - Canal Recomendado 5: bogur (https://www.twitch.tv/bogur)
2025-05-11 12:01:50 - INFO - Canal Recomendado 6: bogross9001 (https://www.twitch.tv/bogross9001)
2025-05-11 12:01:55 - INFO - Canal Recomendado 7: cutiev_ (https://www.twitch.tv/cutiev_)
2025-05-11 12:01:59 - INFO - Canal Recomendado 8: aloraluellalin (https://www.twitch.tv/aloraluellalin)
2025-05-11 12:02:08 - INFO - Successfully logged onto Twitch WS: subze2004
2025-05-11 12:13:15 - INFO - Coletado chat do canal zelenta por 669 segundos
2025-05-11 12:13:15 - INFO - Tempo de visualização encerrado, busca 1 de 5 encerrada
2025-05-11 12:13:15 - INFO - Jogo escolhido: valorant
2025-05-11 12:13:54 - INFO - Assistindo Up 300rr in two days (Challenge completed not going bald anymore)
Hamy
English
LIVE
911 viewers por 921 segundos
2025-05-11 12:14:15 - INFO - Canais Recomendados atualmente:
2025-05-11 12:14:15 - INFO - Canal Recomendado 0: thefreddymc (https://www.twitch.tv/thefreddymc)
2025-05-11 12:14:20 - INFO - Canal Recomendado 1: hamy (https://www.twitch.tv/hamy)
2025-05-11 12:14:25 - INFO - Canal Recomendado 2: a1nik (https://www.twitch.tv/a1nik)
2025-05-11 12:14:29 - INFO - Canal Recomendado 3: grimm (https://www.twitch.tv/grimm)
2025-05-11 12:14:33 - INFO - Canal Recomendado 4: mrlust (https://www.twitch.tv/mrlust)
2025-05-11 12:14:37 - INFO - Canal Recomendado 5: lilsimsie (https://www.twitch.tv/lilsimsie)
2025-05-11 12:14:42 - INFO - Canal Recomendado 6: painn (https://www.twitch.tv/painn)
2025-05-11 12:14:46 - INFO - Canal Recomendado 7: subrozavod (https://www.twitch.tv/subrozavod)
2025-05-11 12:14:50 - INFO - Canal Recomendado 8: ardiis (https://www.twitch.tv/ardiis)
2025-05-11 12:15:00 - INFO - Successfully logged onto Twitch WS: subze2004
2025-05-11 12:30:18 - INFO - Coletado chat do canal hamy por 921 segundos
2025-05-11 12:30:18 - INFO - Tempo de visualização encerrado, busca 2 de 5 encerrada
2025-05-11 12:30:18 - INFO - Jogo escolhido: ea-sports-fc-25
2025-05-11 12:30:57 - INFO - Assistindo 🚨TOTS BUNDESLIGA VIEWER CHAMPS 🚨 ‼️ !4213 !TikTok (7-0)
KHROMEPLAYS
futchampions
English
EAFC
LIVE
28 viewers por 601 segundos
2025-05-11 12:31:23 - INFO - Canais Recomendados atualmente:
2025-05-11 12:31:23 - INFO - Canal Recomendado 0: thefreddymc (https://www.twitch.tv/thefreddymc)
2025-05-11 12:31:28 - INFO - Canal Recomendado 1: hamy (https://www.twitch.tv/hamy)
2025-05-11 12:31:34 - INFO - Canal Recomendado 2: a1nik (https://www.twitch.tv/a1nik)
2025-05-11 12:31:38 - INFO - Canal Recomendado 3: grimm (https://www.twitch.tv/grimm)
2025-05-11 12:31:42 - INFO - Canal Recomendado 4: mrlust (https://www.twitch.tv/mrlust)
2025-05-11 12:31:47 - INFO - Canal Recomendado 5: lilsimsie (https://www.twitch.tv/lilsimsie)
2025-05-11 12:31:51 - INFO - Canal Recomendado 6: smelly1x (https://www.twitch.tv/smelly1x)
2025-05-11 12:31:55 - INFO - Canal Recomendado 7: myshh87 (https://www.twitch.tv/myshh87)
2025-05-11 12:32:06 - INFO - Canal Recomendado 8: broomeyjc (https://www.twitch.tv/broomeyjc)
2025-05-11 12:32:17 - INFO - Successfully logged onto Twitch WS: subze2004
2025-05-11 12:42:16 - INFO - Coletado chat do canal khromeplays por 601 segundos
2025-05-11 12:42:16 - INFO - Tempo de visualização encerrado, busca 3 de 5 encerrada
2025-05-11 12:42:16 - INFO - Jogo escolhido: sea-of-thieves
2025-05-11 12:43:11 - INFO - Assistindo Rerun - No Drops | 24/7 Beardageddon Watch Party | Sea of Thieves
Beardageddon247
hangout
NotLive
NoDrops
LIVE
71 viewers por 653 segundos
2025-05-11 12:43:34 - INFO - Canais Recomendados atualmente:
2025-05-11 12:43:34 - INFO - Canal Recomendado 0: thefreddymc (https://www.twitch.tv/thefreddymc)
2025-05-11 12:43:40 - INFO - Canal Recomendado 1: hamy (https://www.twitch.tv/hamy)
2025-05-11 12:43:44 - INFO - Canal Recomendado 2: a1nik (https://www.twitch.tv/a1nik)
2025-05-11 12:43:49 - INFO - Canal Recomendado 3: grimm (https://www.twitch.tv/grimm)
2025-05-11 12:43:54 - INFO - Canal Recomendado 4: mrlust (https://www.twitch.tv/mrlust)
2025-05-11 12:43:59 - INFO - Canal Recomendado 5: auziomf (https://www.twitch.tv/auziomf)
2025-05-11 12:44:04 - INFO - Canal Recomendado 6: ekim941 (https://www.twitch.tv/ekim941)
2025-05-11 12:44:08 - INFO - Canal Recomendado 7: phuzzybond (https://www.twitch.tv/phuzzybond)
2025-05-11 12:44:13 - INFO - Canal Recomendado 8: behavingbeardly (https://www.twitch.tv/behavingbeardly)
2025-05-11 12:44:24 - INFO - Successfully logged onto Twitch WS: subze2004
2025-05-11 12:55:14 - INFO - Coletado chat do canal beardageddon247 por 653 segundos
2025-05-11 12:55:14 - INFO - Tempo de visualização encerrado, busca 4 de 5 encerrada
2025-05-11 12:55:14 - INFO - Jogo escolhido: fortnite
2025-05-11 12:55:56 - INFO - Assistindo 🎃 LEARNING NEW BIND 🎃 | USE CODE “PUMPKINN” #AD | !NEWVID !DISCORD
Pumpkin
English
LIVE
82 viewers por 703 segundos
2025-05-11 12:56:18 - INFO - Canais Recomendados atualmente:
2025-05-11 12:56:18 - INFO - Canal Recomendado 0: thefreddymc (https://www.twitch.tv/thefreddymc)
2025-05-11 12:56:24 - INFO - Canal Recomendado 1: hamy (https://www.twitch.tv/hamy)
2025-05-11 12:56:30 - INFO - Canal Recomendado 2: a1nik (https://www.twitch.tv/a1nik)
2025-05-11 12:56:34 - INFO - Canal Recomendado 3: grimm (https://www.twitch.tv/grimm)
2025-05-11 12:56:39 - INFO - Canal Recomendado 4: mrlust (https://www.twitch.tv/mrlust)
2025-05-11 12:56:44 - INFO - Canal Recomendado 5: auziomf (https://www.twitch.tv/auziomf)
2025-05-11 12:56:49 - INFO - Canal Recomendado 6: kbmrapid (https://www.twitch.tv/kbmrapid)
2025-05-11 12:56:53 - INFO - Canal Recomendado 7: burgaoce (https://www.twitch.tv/burgaoce)
2025-05-11 12:57:06 - INFO - Canal Recomendado 8: aminished (https://www.twitch.tv/aminished)
2025-05-11 12:57:16 - INFO - Successfully logged onto Twitch WS: subze2004
2025-05-11 13:08:57 - INFO - Coletado chat do canal pumpkin por 703 segundos
2025-05-11 13:08:57 - INFO - Tempo de visualização encerrado, busca 5 de 5 encerrada
2025-05-11 13:08:57 - INFO - Treino concluído com sucesso.
2025-05-11 16:00:06 - INFO - ====== WebDriver manager ======
2025-05-11 16:00:06 - INFO - Get LATEST chromedriver version for google-chrome
2025-05-11 16:00:07 - INFO - Get LATEST chromedriver version for google-chrome
2025-05-11 16:00:08 - INFO - Driver [/home/locus/.wdm/drivers/chromedriver/linux64/135.0.7049.114/chromedriver-linux64/chromedriver] found in cache
2025-05-11 16:00:18 - INFO - Erro ao logar no Twitch ou Login já realizado
2025-05-11 16:00:20 - INFO - Iniciando treino...
2025-05-11 16:00:20 - INFO - Realizando 3 buscas nessa sessão
2025-05-11 16:00:20 - INFO - Jogo escolhido: ea-sports-fc-25
2025-05-11 16:01:03 - INFO - Assistindo (3-0) 🚨 HARRY KANE FUT CHAMPS! 🚨 7HR STREAM! 🚨 !tactics !newvid !yt
Mbytes37
English
LIVE
416 viewers por 901 segundos
2025-05-11 16:01:24 - INFO - Canais Recomendados atualmente:
2025-05-11 16:01:24 - INFO - Canal Recomendado 0: nickeh30_vods (https://www.twitch.tv/nickeh30_vods)
2025-05-11 16:01:28 - INFO - Canal Recomendado 1: thefreddymc (https://www.twitch.tv/thefreddymc)
2025-05-11 16:01:33 - INFO - Canal Recomendado 2: a1nik (https://www.twitch.tv/a1nik)
2025-05-11 16:01:37 - INFO - Canal Recomendado 3: fyr_vl (https://www.twitch.tv/fyr_vl)
2025-05-11 16:01:41 - INFO - Canal Recomendado 4: mrlust (https://www.twitch.tv/mrlust)
2025-05-11 16:01:45 - INFO - Canal Recomendado 5: estonia_man_ (https://www.twitch.tv/estonia_man_)
2025-05-11 16:01:49 - INFO - Canal Recomendado 6: la4awale (https://www.twitch.tv/la4awale)
2025-05-11 16:01:54 - INFO - Canal Recomendado 7: bugs (https://www.twitch.tv/bugs)
2025-05-11 16:01:59 - INFO - Canal Recomendado 8: baldmun7 (https://www.twitch.tv/baldmun7)
2025-05-11 16:02:08 - INFO - Successfully logged onto Twitch WS: subze2004
2025-05-11 16:17:07 - INFO - Coletado chat do canal mbytes37 por 901 segundos
2025-05-11 16:17:07 - INFO - Tempo de visualização encerrado, busca 1 de 3 encerrada
2025-05-11 16:17:07 - INFO - Jogo escolhido: valorant
2025-05-11 16:17:49 - INFO - Assistindo Liquid vs NaVi - VCT EMEA Playoffs - Twitter @tarik
tarik
English
LIVE
24.3K viewers por 869 segundos
2025-05-11 16:18:12 - INFO - Canais Recomendados atualmente:
2025-05-11 16:18:12 - INFO - Canal Recomendado 0: thefreddymc (https://www.twitch.tv/thefreddymc)
2025-05-11 16:18:17 - INFO - Canal Recomendado 1: linkzzey (https://www.twitch.tv/linkzzey)
2025-05-11 16:18:23 - INFO - Canal Recomendado 2: a1nik (https://www.twitch.tv/a1nik)
2025-05-11 16:18:27 - INFO - Canal Recomendado 3: fyr_vl (https://www.twitch.tv/fyr_vl)
2025-05-11 16:18:31 - INFO - Canal Recomendado 4: mrlust (https://www.twitch.tv/mrlust)
2025-05-11 16:18:35 - INFO - Canal Recomendado 5: auziomf (https://www.twitch.tv/auziomf)
2025-05-11 16:18:40 - INFO - Canal Recomendado 6: sliggytv (https://www.twitch.tv/sliggytv)
2025-05-11 16:18:44 - INFO - Canal Recomendado 7: ardiis (https://www.twitch.tv/ardiis)
2025-05-11 16:18:49 - INFO - Canal Recomendado 8: poppin (https://www.twitch.tv/poppin)
2025-05-11 16:18:58 - INFO - Successfully logged onto Twitch WS: subze2004
2025-05-11 16:33:25 - INFO - Coletado chat do canal tarik por 869 segundos
2025-05-11 16:33:25 - INFO - Tempo de visualização encerrado, busca 2 de 3 encerrada
2025-05-11 16:33:25 - INFO - Jogo escolhido: the-sims-4
2025-05-11 16:34:09 - INFO - Assistindo ❤️ PLAY LIVE ❤️ new shell! ❤️ !donate to St. Jude & control my build! | !socials !palestine | EAPartner | StJudeAmbassador
SarahKendall
ADHD
English
Chatty
LIVE
179 viewers por 770 segundos
2025-05-11 16:34:32 - INFO - Canais Recomendados atualmente:
2025-05-11 16:34:32 - INFO - Canal Recomendado 0: thefreddymc (https://www.twitch.tv/thefreddymc)
2025-05-11 16:34:37 - INFO - Canal Recomendado 1: linkzzey (https://www.twitch.tv/linkzzey)
2025-05-11 16:34:42 - INFO - Canal Recomendado 2: a1nik (https://www.twitch.tv/a1nik)
2025-05-11 16:34:46 - INFO - Canal Recomendado 3: fyr_vl (https://www.twitch.tv/fyr_vl)
2025-05-11 16:34:50 - INFO - Canal Recomendado 4: mrlust (https://www.twitch.tv/mrlust)
2025-05-11 16:34:54 - INFO - Canal Recomendado 5: auziomf (https://www.twitch.tv/auziomf)
2025-05-11 16:34:58 - INFO - Canal Recomendado 6: cocoellean (https://www.twitch.tv/cocoellean)
2025-05-11 16:35:03 - INFO - Canal Recomendado 7: emryskay (https://www.twitch.tv/emryskay)
2025-05-11 16:35:08 - INFO - Canal Recomendado 8: essemelle (https://www.twitch.tv/essemelle)
2025-05-11 16:35:17 - INFO - Successfully logged onto Twitch WS: subze2004
2025-05-11 16:48:05 - INFO - Coletado chat do canal sarahkendall por 770 segundos
2025-05-11 16:48:05 - INFO - Tempo de visualização encerrado, busca 3 de 3 encerrada
2025-05-11 16:48:05 - INFO - Treino concluído com sucesso.
2025-05-11 20:00:15 - INFO - ====== WebDriver manager ======
2025-05-11 20:00:16 - INFO - Get LATEST chromedriver version for google-chrome
2025-05-11 20:00:16 - INFO - Get LATEST chromedriver version for google-chrome
2025-05-11 20:00:17 - INFO - Driver [/home/locus/.wdm/drivers/chromedriver/linux64/135.0.7049.114/chromedriver-linux64/chromedriver] found in cache
2025-05-11 20:00:28 - INFO - Erro ao logar no Twitch ou Login já realizado
2025-05-11 20:00:30 - INFO - Iniciando treino...
2025-05-11 20:00:30 - INFO - Realizando 3 buscas nessa sessão
2025-05-11 20:00:30 - INFO - Jogo escolhido: sea-of-thieves
2025-05-11 20:01:14 - INFO - Assistindo Skull of Siren Song: The ULTIMATE PvP Voyage (real)
AUREL1EN
English
LIVE
55 viewers por 1189 segundos
2025-05-11 20:01:35 - INFO - Canais Recomendados atualmente:
2025-05-11 20:01:35 - INFO - Canal Recomendado 0: linkzzey (https://www.twitch.tv/linkzzey)
2025-05-11 20:01:40 - INFO - Canal Recomendado 1: p4perback (https://www.twitch.tv/p4perback)
2025-05-11 20:01:44 - INFO - Canal Recomendado 2: alicekasuky (https://www.twitch.tv/alicekasuky)
2025-05-11 20:01:49 - INFO - Canal Recomendado 3: mrlust (https://www.twitch.tv/mrlust)
2025-05-11 20:01:53 - INFO - Canal Recomendado 4: mooda (https://www.twitch.tv/mooda)
2025-05-11 20:01:57 - INFO - Canal Recomendado 5: nickeh30_vods (https://www.twitch.tv/nickeh30_vods)
2025-05-11 20:02:02 - INFO - Canal Recomendado 6: worldofchap (https://www.twitch.tv/worldofchap)
2025-05-11 20:02:06 - INFO - Canal Recomendado 7: ebacon1_ (https://www.twitch.tv/ebacon1_)
2025-05-11 20:02:11 - INFO - Canal Recomendado 8: beardageddon247 (https://www.twitch.tv/beardageddon247)
2025-05-11 20:02:21 - INFO - Successfully logged onto Twitch WS: subze2004
2025-05-11 20:22:07 - INFO - Coletado chat do canal aurel1en por 1189 segundos
2025-05-11 20:22:07 - INFO - Tempo de visualização encerrado, busca 1 de 3 encerrada
2025-05-11 20:22:07 - INFO - Jogo escolhido: valorant
2025-05-11 20:22:51 - INFO - Assistindo EVERYONE SAY HAPPY MOTHERS DAY TO UR MOM RN
mooda
TCO
ADHD
English
LIVE
6.5K viewers por 1083 segundos
2025-05-11 20:23:15 - INFO - Canais Recomendados atualmente:
2025-05-11 20:23:15 - INFO - Canal Recomendado 0: linkzzey (https://www.twitch.tv/linkzzey)
2025-05-11 20:23:20 - INFO - Canal Recomendado 1: p4perback (https://www.twitch.tv/p4perback)
2025-05-11 20:23:24 - INFO - Canal Recomendado 2: alicekasuky (https://www.twitch.tv/alicekasuky)
2025-05-11 20:23:28 - INFO - Canal Recomendado 3: mrlust (https://www.twitch.tv/mrlust)
2025-05-11 20:23:32 - INFO - Canal Recomendado 4: nickeh30_vods (https://www.twitch.tv/nickeh30_vods)
2025-05-11 20:23:37 - INFO - Canal Recomendado 5: thehashaq (https://www.twitch.tv/thehashaq)
2025-05-11 20:23:41 - INFO - Canal Recomendado 6: prod (https://www.twitch.tv/prod)
2025-05-11 20:23:46 - INFO - Canal Recomendado 7: poppin (https://www.twitch.tv/poppin)
2025-05-11 20:23:50 - INFO - Canal Recomendado 8: eggsterr (https://www.twitch.tv/eggsterr)
2025-05-11 20:23:59 - INFO - Successfully logged onto Twitch WS: subze2004
2025-05-11 20:42:00 - INFO - Coletado chat do canal mooda por 1083 segundos
2025-05-11 20:42:00 - INFO - Tempo de visualização encerrado, busca 2 de 3 encerrada
2025-05-11 20:42:00 - INFO - Jogo escolhido: ea-sports-fc-25
2025-05-11 20:42:43 - INFO - Assistindo XAVI SIMONS AND KANE CHAMPS!!! | !4231 !YT !TIKTOK
e0j2_
English
LIVE
515 viewers por 783 segundos
2025-05-11 20:43:08 - INFO - Canais Recomendados atualmente:
2025-05-11 20:43:08 - INFO - Canal Recomendado 0: linkzzey (https://www.twitch.tv/linkzzey)
2025-05-11 20:43:13 - INFO - Canal Recomendado 1: p4perback (https://www.twitch.tv/p4perback)
2025-05-11 20:43:18 - INFO - Canal Recomendado 2: alicekasuky (https://www.twitch.tv/alicekasuky)
2025-05-11 20:43:22 - INFO - Canal Recomendado 3: mrlust (https://www.twitch.tv/mrlust)
2025-05-11 20:43:26 - INFO - Canal Recomendado 4: nickeh30_vods (https://www.twitch.tv/nickeh30_vods)
2025-05-11 20:43:31 - INFO - Canal Recomendado 5: thehashaq (https://www.twitch.tv/thehashaq)
2025-05-11 20:43:36 - INFO - Canal Recomendado 6: mbytes37 (https://www.twitch.tv/mbytes37)
2025-05-11 20:43:41 - INFO - Canal Recomendado 7: la4awale (https://www.twitch.tv/la4awale)
2025-05-11 20:43:46 - INFO - Canal Recomendado 8: baldmun7 (https://www.twitch.tv/baldmun7)
2025-05-11 20:43:56 - INFO - Successfully logged onto Twitch WS: subze2004
2025-05-11 20:56:56 - INFO - Coletado chat do canal e0j2_ por 783 segundos
2025-05-11 20:56:56 - INFO - Tempo de visualização encerrado, busca 3 de 3 encerrada
2025-05-11 20:56:56 - INFO - Treino concluído com sucesso.
2025-05-12 00:00:06 - INFO - ====== WebDriver manager ======
2025-05-12 00:00:07 - INFO - Get LATEST chromedriver version for google-chrome
2025-05-12 00:00:07 - INFO - Get LATEST chromedriver version for google-chrome
2025-05-12 00:00:08 - INFO - Get LATEST chromedriver version for google-chrome
2025-05-12 00:00:09 - INFO - WebDriver version 135.0.7049.114 selected
2025-05-12 00:00:09 - INFO - Modern chrome version https://storage.googleapis.com/chrome-for-testing-public/135.0.7049.114/linux64/chromedriver-linux64.zip
2025-05-12 00:00:09 - INFO - About to download new driver from https://storage.googleapis.com/chrome-for-testing-public/135.0.7049.114/linux64/chromedriver-linux64.zip
2025-05-12 00:00:09 - INFO - Driver downloading response is 200
2025-05-12 00:00:10 - INFO - Get LATEST chromedriver version for google-chrome
2025-05-12 00:00:11 - INFO - Driver has been saved in cache [/home/locus/.wdm/drivers/chromedriver/linux64/135.0.7049.114]
2025-05-12 00:00:27 - INFO - Erro ao logar no Twitch ou Login já realizado
2025-05-12 00:00:29 - INFO - Iniciando treino...
2025-05-12 00:00:29 - INFO - Realizando 4 buscas nessa sessão
2025-05-12 00:00:29 - INFO - Jogo escolhido: fortnite
2025-05-12 00:01:24 - INFO - Assistindo 💅SHE/HER💅#1 RANKED FEMALE WORLDWIDE🍑GIANT GYATT🍑USE CODE LUST👑ASMR👑!CROSSHAIR👑SPANISH/ENG/GERMAN👑!ORG👑
MRLUST
KingsLeague
English
FaZe
LIVE
365 viewers por 887 segundos
2025-05-12 00:01:45 - INFO - Canais Recomendados atualmente:
2025-05-12 00:01:45 - INFO - Canal Recomendado 0: temet (https://www.twitch.tv/temet)
2025-05-12 00:01:50 - INFO - Canal Recomendado 1: karasmai (https://www.twitch.tv/karasmai)
2025-05-12 00:01:55 - INFO - Canal Recomendado 2: a1nik (https://www.twitch.tv/a1nik)
2025-05-12 00:02:00 - INFO - Canal Recomendado 3: fennniq (https://www.twitch.tv/fennniq)
2025-05-12 00:02:04 - INFO - Canal Recomendado 4: kaicenat (https://www.twitch.tv/kaicenat)
2025-05-12 00:02:09 - INFO - Canal Recomendado 5: mrlust (https://www.twitch.tv/mrlust)
2025-05-12 00:02:13 - INFO - Canal Recomendado 6: peterbot247official (https://www.twitch.tv/peterbot247official)
2025-05-12 00:02:18 - INFO - Canal Recomendado 7: mongraal247 (https://www.twitch.tv/mongraal247)
2025-05-12 00:02:22 - INFO - Canal Recomendado 8: drewwho_ (https://www.twitch.tv/drewwho_)
2025-05-12 00:02:41 - ERROR - Websocket connection failure: Cannot connect to host irc-ws.chat.twitch.tv:443 ssl:default [Name or service not known]:: Attempting reconnect in 1.739257759953013 seconds.
2025-05-12 00:02:44 - INFO - Successfully logged onto Twitch WS: subze2004
2025-05-12 00:17:16 - INFO - Coletado chat do canal mrlust por 887 segundos
2025-05-12 00:17:16 - INFO - Tempo de visualização encerrado, busca 1 de 4 encerrada
2025-05-12 00:17:16 - INFO - Jogo escolhido: minecraft
2025-05-12 00:18:16 - INFO - Assistindo MINECRAFT - FL1GHT SMP
FL1GHT_Trenny
English
multiplayer
minecraft
LIVE
9 viewers por 864 segundos
2025-05-12 00:18:39 - INFO - Canais Recomendados atualmente:
2025-05-12 00:18:39 - INFO - Canal Recomendado 0: temet (https://www.twitch.tv/temet)
2025-05-12 00:18:44 - INFO - Canal Recomendado 1: karasmai (https://www.twitch.tv/karasmai)
2025-05-12 00:18:49 - INFO - Canal Recomendado 2: a1nik (https://www.twitch.tv/a1nik)
2025-05-12 00:18:53 - INFO - Canal Recomendado 3: fennniq (https://www.twitch.tv/fennniq)
2025-05-12 00:19:09 - INFO - Canal Recomendado 4: kaicenat (https://www.twitch.tv/kaicenat)
2025-05-12 00:19:15 - INFO - Canal Recomendado 5: curry (https://www.twitch.tv/curry)
2025-05-12 00:19:19 - INFO - Canal Recomendado 6: trenchmobbs (https://www.twitch.tv/trenchmobbs)
2025-05-12 00:19:24 - INFO - Canal Recomendado 7: masterchoke (https://www.twitch.tv/masterchoke)
2025-05-12 00:19:29 - INFO - Canal Recomendado 8: arguz11 (https://www.twitch.tv/arguz11)
2025-05-12 00:19:40 - INFO - Successfully logged onto Twitch WS: subze2004
2025-05-12 00:34:02 - INFO - Coletado chat do canal fl1ght_trenny por 864 segundos
2025-05-12 00:34:02 - INFO - Tempo de visualização encerrado, busca 2 de 4 encerrada
2025-05-12 00:34:02 - INFO - Jogo escolhido: marvel-rivals
2025-05-12 00:34:56 - INFO - Assistindo [DROPS] Jinema
sinatraa
English
LIVE
2.7K viewers por 1187 segundos
2025-05-12 00:35:17 - INFO - Canais Recomendados atualmente:
2025-05-12 00:35:17 - INFO - Canal Recomendado 0: grayhairandtattoos_ (https://www.twitch.tv/grayhairandtattoos_)
2025-05-12 00:35:23 - INFO - Canal Recomendado 1: thehashaq (https://www.twitch.tv/thehashaq)
2025-05-12 00:35:27 - INFO - Canal Recomendado 2: a1nik (https://www.twitch.tv/a1nik)
2025-05-12 00:35:33 - INFO - Canal Recomendado 3: karasmai (https://www.twitch.tv/karasmai)
2025-05-12 00:35:37 - INFO - Canal Recomendado 4: kaicenat (https://www.twitch.tv/kaicenat)
2025-05-12 00:35:41 - INFO - Canal Recomendado 5: warn (https://www.twitch.tv/warn)
2025-05-12 00:35:45 - INFO - Canal Recomendado 6: gale (https://www.twitch.tv/gale)
2025-05-12 00:35:50 - INFO - Canal Recomendado 7: supergomezow (https://www.twitch.tv/supergomezow)
2025-05-12 00:35:54 - INFO - Canal Recomendado 8: m0xyy (https://www.twitch.tv/m0xyy)
2025-05-12 00:36:04 - INFO - Successfully logged onto Twitch WS: subze2004
2025-05-12 00:55:48 - INFO - Coletado chat do canal sinatraa por 1187 segundos
2025-05-12 00:55:48 - INFO - Tempo de visualização encerrado, busca 3 de 4 encerrada
2025-05-12 00:55:48 - INFO - Jogo escolhido: grand-theft-auto-v
2025-05-12 00:56:44 - INFO - Assistindo 🔵 SUNDAY FUNDAY 🔵 !Mohsin 🔵 !Displate 🔵 !insta 🔵 LiquidRP 🔵 Jose Exotic 🔵 GTA 5 RP 🔵 CS2 🔵
omareloff
English
LIVE
770 viewers por 911 segundos
2025-05-12 00:57:07 - INFO - Canais Recomendados atualmente:
2025-05-12 00:57:07 - INFO - Canal Recomendado 0: grayhairandtattoos_ (https://www.twitch.tv/grayhairandtattoos_)
2025-05-12 00:57:13 - INFO - Canal Recomendado 1: thehashaq (https://www.twitch.tv/thehashaq)
2025-05-12 00:57:24 - INFO - Canal Recomendado 2: nanithefreaks (https://www.twitch.tv/nanithefreaks)
2025-05-12 00:57:29 - INFO - Canal Recomendado 3: karasmai (https://www.twitch.tv/karasmai)
2025-05-12 00:57:34 - INFO - Canal Recomendado 4: kaicenat (https://www.twitch.tv/kaicenat)
2025-05-12 00:57:38 - INFO - Canal Recomendado 5: warn (https://www.twitch.tv/warn)
2025-05-12 00:57:44 - INFO - Canal Recomendado 6: dgthe99 (https://www.twitch.tv/dgthe99)
2025-05-12 00:57:49 - INFO - Canal Recomendado 7: lordkevun (https://www.twitch.tv/lordkevun)
2025-05-12 00:57:55 - INFO - Canal Recomendado 8: southh (https://www.twitch.tv/southh)
2025-05-12 00:58:11 - INFO - Successfully logged onto Twitch WS: subze2004
2025-05-12 01:13:14 - INFO - Coletado chat do canal omareloff por 911 segundos
2025-05-12 01:13:14 - INFO - Tempo de visualização encerrado, busca 4 de 4 encerrada
2025-05-12 01:13:14 - INFO - Treino concluído com sucesso.
2025-05-12 04:00:24 - INFO - ====== WebDriver manager ======
2025-05-12 04:00:24 - INFO - Get LATEST chromedriver version for google-chrome
2025-05-12 04:00:25 - INFO - Get LATEST chromedriver version for google-chrome
2025-05-12 04:00:25 - INFO - Driver [/home/locus/.wdm/drivers/chromedriver/linux64/135.0.7049.114/chromedriver-linux64/chromedriver] found in cache
2025-05-12 04:00:36 - INFO - Erro ao logar no Twitch ou Login já realizado
2025-05-12 04:00:38 - INFO - Iniciando treino...
2025-05-12 04:00:38 - INFO - Realizando 3 buscas nessa sessão
2025-05-12 04:00:38 - INFO - Jogo escolhido: fortnite
2025-05-12 04:01:20 - INFO - Assistindo SOLO WINNING
Ranger
English
LIVE
325 viewers por 820 segundos
2025-05-12 04:01:41 - INFO - Canais Recomendados atualmente:
2025-05-12 04:01:41 - INFO - Canal Recomendado 0: gkey (https://www.twitch.tv/gkey)
2025-05-12 04:01:48 - INFO - Canal Recomendado 1: karasmai (https://www.twitch.tv/karasmai)
2025-05-12 04:01:54 - INFO - Canal Recomendado 2: a1nik (https://www.twitch.tv/a1nik)
2025-05-12 04:02:00 - INFO - Canal Recomendado 3: boosfer (https://www.twitch.tv/boosfer)
2025-05-12 04:02:04 - INFO - Canal Recomendado 4: oatley (https://www.twitch.tv/oatley)
2025-05-12 04:02:08 - INFO - Canal Recomendado 5: torihubbard (https://www.twitch.tv/torihubbard)
2025-05-12 04:02:19 - INFO - Canal Recomendado 6: smacko (https://www.twitch.tv/smacko)
2025-05-12 04:02:23 - INFO - Canal Recomendado 7: nickeh30_vods (https://www.twitch.tv/nickeh30_vods)
2025-05-12 04:02:27 - INFO - Canal Recomendado 8: ilyynina (https://www.twitch.tv/ilyynina)
2025-05-12 04:02:43 - INFO - Successfully logged onto Twitch WS: subze2004
2025-05-12 04:16:15 - INFO - Coletado chat do canal ranger por 820 segundos
2025-05-12 04:16:15 - INFO - Tempo de visualização encerrado, busca 1 de 3 encerrada
2025-05-12 04:16:15 - INFO - Jogo escolhido: roblox
2025-05-12 04:16:59 - INFO - Assistindo FREE ROBUX ON PLS DONATE! Commands on screen!
Arguz11
Silver
plsdonate
LIVE
24 viewers por 649 segundos
2025-05-12 04:17:23 - INFO - Canais Recomendados atualmente:
2025-05-12 04:17:23 - INFO - Canal Recomendado 0: gkey (https://www.twitch.tv/gkey)
2025-05-12 04:17:28 - INFO - Canal Recomendado 1: karasmai (https://www.twitch.tv/karasmai)
2025-05-12 04:17:33 - INFO - Canal Recomendado 2: greatwhitesharpy (https://www.twitch.tv/greatwhitesharpy)
2025-05-12 04:17:37 - INFO - Canal Recomendado 3: oatley (https://www.twitch.tv/oatley)
2025-05-12 04:17:42 - INFO - Canal Recomendado 4: boosfer (https://www.twitch.tv/boosfer)
2025-05-12 04:17:47 - INFO - Canal Recomendado 5: torihubbard (https://www.twitch.tv/torihubbard)
2025-05-12 04:17:52 - INFO - Canal Recomendado 6: fl1ght_trenny (https://www.twitch.tv/fl1ght_trenny)
2025-05-12 04:17:57 - INFO - Canal Recomendado 7: lisalanderr (https://www.twitch.tv/lisalanderr)
2025-05-12 04:18:02 - INFO - Canal Recomendado 8: osdeelive (https://www.twitch.tv/osdeelive)
2025-05-12 04:18:12 - INFO - Successfully logged onto Twitch WS: subze2004
2025-05-12 04:28:59 - INFO - Coletado chat do canal arguz11 por 649 segundos
2025-05-12 04:28:59 - INFO - Tempo de visualização encerrado, busca 2 de 3 encerrada
2025-05-12 04:28:59 - INFO - Jogo escolhido: marvel-rivals
2025-05-12 04:29:41 - INFO - Assistindo ALLOW ME TO REINTRODUCE MYSELF🗣️ - long stream ➔ !socials !discord !specs
Nautilifts
Marvel
aura
BruceBanner
LIVE
155 viewers por 1140 segundos
2025-05-12 04:30:06 - INFO - Canais Recomendados atualmente:
2025-05-12 04:30:06 - INFO - Canal Recomendado 0: gkey (https://www.twitch.tv/gkey)
2025-05-12 04:30:11 - INFO - Canal Recomendado 1: karasmai (https://www.twitch.tv/karasmai)
2025-05-12 04:30:15 - INFO - Canal Recomendado 2: greatwhitesharpy (https://www.twitch.tv/greatwhitesharpy)
2025-05-12 04:30:19 - INFO - Canal Recomendado 3: oatley (https://www.twitch.tv/oatley)
2025-05-12 04:30:24 - INFO - Canal Recomendado 4: boosfer (https://www.twitch.tv/boosfer)
2025-05-12 04:30:28 - INFO - Canal Recomendado 5: torihubbard (https://www.twitch.tv/torihubbard)
2025-05-12 04:30:32 - INFO - Canal Recomendado 6: gale (https://www.twitch.tv/gale)
2025-05-12 04:30:37 - INFO - Canal Recomendado 7: therag1ng (https://www.twitch.tv/therag1ng)
2025-05-12 04:30:41 - INFO - Canal Recomendado 8: guru (https://www.twitch.tv/guru)
2025-05-12 04:30:51 - INFO - Successfully logged onto Twitch WS: subze2004
2025-05-12 04:49:49 - INFO - Coletado chat do canal nautilifts por 1140 segundos
2025-05-12 04:49:49 - INFO - Tempo de visualização encerrado, busca 3 de 3 encerrada
2025-05-12 04:49:49 - INFO - Treino concluído com sucesso.
2025-05-12 08:00:01 - INFO - ====== WebDriver manager ======
2025-05-12 08:00:02 - INFO - Get LATEST chromedriver version for google-chrome
2025-05-12 08:00:02 - INFO - Get LATEST chromedriver version for google-chrome
2025-05-12 08:00:02 - INFO - There is no [linux64] chromedriver "136.0.7103.92" for browser google-chrome "136.0.7103" in cache
2025-05-12 08:00:02 - INFO - Get LATEST chromedriver version for google-chrome
2025-05-12 08:00:02 - INFO - WebDriver version 136.0.7103.92 selected
2025-05-12 08:00:02 - INFO - Modern chrome version https://storage.googleapis.com/chrome-for-testing-public/136.0.7103.92/linux64/chromedriver-linux64.zip
2025-05-12 08:00:02 - INFO - About to download new driver from https://storage.googleapis.com/chrome-for-testing-public/136.0.7103.92/linux64/chromedriver-linux64.zip
2025-05-12 08:00:02 - INFO - Driver downloading response is 200
2025-05-12 08:00:02 - INFO - Get LATEST chromedriver version for google-chrome
2025-05-12 08:00:03 - INFO - Driver has been saved in cache [/home/locus/.wdm/drivers/chromedriver/linux64/136.0.7103.92]
2025-05-12 08:01:03 - ERROR - Erro ao iniciar o WebDriver: Message: session not created
from chrome not reachable
Stacktrace:
#0 0x5a70ccd9778a <unknown>
#1 0x5a70cc839ef3 <unknown>
#2 0x5a70cc8258d3 <unknown>
#3 0x5a70cc87972c <unknown>
#4 0x5a70cc87498c <unknown>
#5 0x5a70cc86fc0f <unknown>
#6 0x5a70cc8bfd75 <unknown>
#7 0x5a70cc8bf296 <unknown>
#8 0x5a70cc8b1173 <unknown>
#9 0x5a70cc87dd4b <unknown>
#10 0x5a70cc87e9b1 <unknown>
#11 0x5a70ccd5c93b <unknown>
#12 0x5a70ccd6083a <unknown>
#13 0x5a70ccd44692 <unknown>
#14 0x5a70ccd613c4 <unknown>
#15 0x5a70ccd294cf <unknown>
#16 0x5a70ccd85568 <unknown>
#17 0x5a70ccd85746 <unknown>
#18 0x5a70ccd965f6 <unknown>
#19 0x7233f9ca1e2e <unknown>
#20 0x7233f9d33a4c <unknown>

2025-05-12 08:01:03 - INFO - Tentando iniciar o Chrome novamente...
2025-05-12 08:01:13 - INFO - ====== WebDriver manager ======
2025-05-12 08:01:13 - INFO - Get LATEST chromedriver version for google-chrome
2025-05-12 08:01:13 - INFO - Get LATEST chromedriver version for google-chrome
2025-05-12 08:01:13 - INFO - Driver [/home/locus/.wdm/drivers/chromedriver/linux64/136.0.7103.92/chromedriver-linux64/chromedriver] found in cache
2025-05-12 08:02:13 - ERROR - Erro ao reiniciar o WebDriver: Message: session not created
from chrome not reachable
Stacktrace:
#0 0x5cd9bcd5e78a <unknown>
#1 0x5cd9bc800ef3 <unknown>
#2 0x5cd9bc7ec8d3 <unknown>
#3 0x5cd9bc84072c <unknown>
#4 0x5cd9bc83b98c <unknown>
#5 0x5cd9bc836c0f <unknown>
#6 0x5cd9bc886d75 <unknown>
#7 0x5cd9bc886296 <unknown>
#8 0x5cd9bc878173 <unknown>
#9 0x5cd9bc844d4b <unknown>
#10 0x5cd9bc8459b1 <unknown>
#11 0x5cd9bcd2393b <unknown>
#12 0x5cd9bcd2783a <unknown>
#13 0x5cd9bcd0b692 <unknown>
#14 0x5cd9bcd283c4 <unknown>
#15 0x5cd9bccf04cf <unknown>
#16 0x5cd9bcd4c568 <unknown>
#17 0x5cd9bcd4c746 <unknown>
#18 0x5cd9bcd5d5f6 <unknown>
#19 0x7d572eca1e2e <unknown>
#20 0x7d572ed33a4c <unknown>

2025-05-12 12:00:24 - INFO - ====== WebDriver manager ======
2025-05-12 12:00:24 - INFO - Get LATEST chromedriver version for google-chrome
2025-05-12 12:00:24 - INFO - Get LATEST chromedriver version for google-chrome
2025-05-12 12:00:24 - INFO - Driver [/home/locus/.wdm/drivers/chromedriver/linux64/136.0.7103.92/chromedriver-linux64/chromedriver] found in cache
2025-05-12 12:01:25 - ERROR - Erro ao iniciar o WebDriver: Message: session not created
from chrome not reachable
Stacktrace:
#0 0x562f649cf78a <unknown>
#1 0x562f64471ef3 <unknown>
#2 0x562f6445d8d3 <unknown>
#3 0x562f644b172c <unknown>
#4 0x562f644ac98c <unknown>
#5 0x562f644a7c0f <unknown>
#6 0x562f644f7d75 <unknown>
#7 0x562f644f7296 <unknown>
#8 0x562f644e9173 <unknown>
#9 0x562f644b5d4b <unknown>
#10 0x562f644b69b1 <unknown>
#11 0x562f6499493b <unknown>
#12 0x562f6499883a <unknown>
#13 0x562f6497c692 <unknown>
#14 0x562f649993c4 <unknown>
#15 0x562f649614cf <unknown>
#16 0x562f649bd568 <unknown>
#17 0x562f649bd746 <unknown>
#18 0x562f649ce5f6 <unknown>
#19 0x7f9ba5ea1e2e <unknown>
#20 0x7f9ba5f33a4c <unknown>

2025-05-12 12:01:25 - INFO - Tentando iniciar o Chrome novamente...
2025-05-12 12:01:35 - INFO - ====== WebDriver manager ======
2025-05-12 12:01:35 - INFO - Get LATEST chromedriver version for google-chrome
2025-05-12 12:01:35 - INFO - Get LATEST chromedriver version for google-chrome
2025-05-12 12:01:35 - INFO - Driver [/home/locus/.wdm/drivers/chromedriver/linux64/136.0.7103.92/chromedriver-linux64/chromedriver] found in cache
2025-05-12 12:02:36 - ERROR - Erro ao reiniciar o WebDriver: Message: session not created
from chrome not reachable
Stacktrace:
#0 0x5e810176d78a <unknown>
#1 0x5e810120fef3 <unknown>
#2 0x5e81011fb8d3 <unknown>
#3 0x5e810124f72c <unknown>
#4 0x5e810124a98c <unknown>
#5 0x5e8101245c0f <unknown>
#6 0x5e8101295d75 <unknown>
#7 0x5e8101295296 <unknown>
#8 0x5e8101287173 <unknown>
#9 0x5e8101253d4b <unknown>
#10 0x5e81012549b1 <unknown>
#11 0x5e810173293b <unknown>
#12 0x5e810173683a <unknown>
#13 0x5e810171a692 <unknown>
#14 0x5e81017373c4 <unknown>
#15 0x5e81016ff4cf <unknown>
#16 0x5e810175b568 <unknown>
#17 0x5e810175b746 <unknown>
#18 0x5e810176c5f6 <unknown>
#19 0x71004f6a1e2e <unknown>
#20 0x71004f733a4c <unknown>

2025-05-12 16:00:47 - INFO - ====== WebDriver manager ======
2025-05-12 16:00:48 - INFO - Get LATEST chromedriver version for google-chrome
2025-05-12 16:00:48 - INFO - Get LATEST chromedriver version for google-chrome
2025-05-12 16:00:48 - INFO - Driver [/home/locus/.wdm/drivers/chromedriver/linux64/136.0.7103.92/chromedriver-linux64/chromedriver] found in cache
2025-05-12 16:01:48 - ERROR - Erro ao iniciar o WebDriver: Message: session not created
from chrome not reachable
Stacktrace:
#0 0x5c1ea891b78a <unknown>
#1 0x5c1ea83bdef3 <unknown>
#2 0x5c1ea83a98d3 <unknown>
#3 0x5c1ea83fd72c <unknown>
#4 0x5c1ea83f898c <unknown>
#5 0x5c1ea83f3c0f <unknown>
#6 0x5c1ea8443d75 <unknown>
#7 0x5c1ea8443296 <unknown>
#8 0x5c1ea8435173 <unknown>
#9 0x5c1ea8401d4b <unknown>
#10 0x5c1ea84029b1 <unknown>
#11 0x5c1ea88e093b <unknown>
#12 0x5c1ea88e483a <unknown>
#13 0x5c1ea88c8692 <unknown>
#14 0x5c1ea88e53c4 <unknown>
#15 0x5c1ea88ad4cf <unknown>
#16 0x5c1ea8909568 <unknown>
#17 0x5c1ea8909746 <unknown>
#18 0x5c1ea891a5f6 <unknown>
#19 0x738dd5ca1e2e <unknown>
#20 0x738dd5d33a4c <unknown>

2025-05-12 16:01:48 - INFO - Tentando iniciar o Chrome novamente...
2025-05-12 16:01:58 - INFO - ====== WebDriver manager ======
2025-05-12 16:01:58 - INFO - Get LATEST chromedriver version for google-chrome
2025-05-12 16:01:58 - INFO - Get LATEST chromedriver version for google-chrome
2025-05-12 16:01:58 - INFO - Driver [/home/locus/.wdm/drivers/chromedriver/linux64/136.0.7103.92/chromedriver-linux64/chromedriver] found in cache
2025-05-12 16:02:59 - ERROR - Erro ao reiniciar o WebDriver: Message: session not created
from chrome not reachable
Stacktrace:
#0 0x583e654c778a <unknown>
#1 0x583e64f69ef3 <unknown>
#2 0x583e64f558d3 <unknown>
#3 0x583e64fa972c <unknown>
#4 0x583e64fa498c <unknown>
#5 0x583e64f9fc0f <unknown>
#6 0x583e64fefd75 <unknown>
#7 0x583e64fef296 <unknown>
#8 0x583e64fe1173 <unknown>
#9 0x583e64fadd4b <unknown>
#10 0x583e64fae9b1 <unknown>
#11 0x583e6548c93b <unknown>
#12 0x583e6549083a <unknown>
#13 0x583e65474692 <unknown>
#14 0x583e654913c4 <unknown>
#15 0x583e654594cf <unknown>
#16 0x583e654b5568 <unknown>
#17 0x583e654b5746 <unknown>
#18 0x583e654c65f6 <unknown>
#19 0x7814382a1e2e <unknown>
#20 0x781438333a4c <unknown>

2025-05-12 20:00:10 - INFO - ====== WebDriver manager ======
2025-05-12 20:00:10 - INFO - Get LATEST chromedriver version for google-chrome
2025-05-12 20:00:10 - INFO - Get LATEST chromedriver version for google-chrome
2025-05-12 20:00:10 - INFO - Driver [/home/locus/.wdm/drivers/chromedriver/linux64/136.0.7103.92/chromedriver-linux64/chromedriver] found in cache
2025-05-12 20:01:10 - ERROR - Erro ao iniciar o WebDriver: Message: session not created
from chrome not reachable
Stacktrace:
#0 0x572437bb278a <unknown>
#1 0x572437654ef3 <unknown>
#2 0x5724376408d3 <unknown>
#3 0x57243769472c <unknown>
#4 0x57243768f98c <unknown>
#5 0x57243768ac0f <unknown>
#6 0x5724376dad75 <unknown>
#7 0x5724376da296 <unknown>
#8 0x5724376cc173 <unknown>
#9 0x572437698d4b <unknown>
#10 0x5724376999b1 <unknown>
#11 0x572437b7793b <unknown>
#12 0x572437b7b83a <unknown>
#13 0x572437b5f692 <unknown>
#14 0x572437b7c3c4 <unknown>
#15 0x572437b444cf <unknown>
#16 0x572437ba0568 <unknown>
#17 0x572437ba0746 <unknown>
#18 0x572437bb15f6 <unknown>
#19 0x7f2419ca1e2e <unknown>
#20 0x7f2419d33a4c <unknown>

2025-05-12 20:01:10 - INFO - Tentando iniciar o Chrome novamente...
2025-05-12 20:01:20 - INFO - ====== WebDriver manager ======
2025-05-12 20:01:20 - INFO - Get LATEST chromedriver version for google-chrome
2025-05-12 20:01:20 - INFO - Get LATEST chromedriver version for google-chrome
2025-05-12 20:01:21 - INFO - Driver [/home/locus/.wdm/drivers/chromedriver/linux64/136.0.7103.92/chromedriver-linux64/chromedriver] found in cache
2025-05-12 20:02:21 - ERROR - Erro ao reiniciar o WebDriver: Message: session not created
from chrome not reachable
Stacktrace:
#0 0x584f741c378a <unknown>
#1 0x584f73c65ef3 <unknown>
#2 0x584f73c518d3 <unknown>
#3 0x584f73ca572c <unknown>
#4 0x584f73ca098c <unknown>
#5 0x584f73c9bc0f <unknown>
#6 0x584f73cebd75 <unknown>
#7 0x584f73ceb296 <unknown>
#8 0x584f73cdd173 <unknown>
#9 0x584f73ca9d4b <unknown>
#10 0x584f73caa9b1 <unknown>
#11 0x584f7418893b <unknown>
#12 0x584f7418c83a <unknown>
#13 0x584f74170692 <unknown>
#14 0x584f7418d3c4 <unknown>
#15 0x584f741554cf <unknown>
#16 0x584f741b1568 <unknown>
#17 0x584f741b1746 <unknown>
#18 0x584f741c25f6 <unknown>
#19 0x7627cfea1e2e <unknown>
#20 0x7627cff33a4c <unknown>

2025-05-13 00:00:31 - INFO - ====== WebDriver manager ======
2025-05-13 00:00:32 - INFO - Get LATEST chromedriver version for google-chrome
2025-05-13 00:00:32 - INFO - Get LATEST chromedriver version for google-chrome
2025-05-13 00:00:32 - INFO - Get LATEST chromedriver version for google-chrome
2025-05-13 00:00:32 - INFO - WebDriver version 136.0.7103.92 selected
2025-05-13 00:00:32 - INFO - Modern chrome version https://storage.googleapis.com/chrome-for-testing-public/136.0.7103.92/linux64/chromedriver-linux64.zip
2025-05-13 00:00:32 - INFO - About to download new driver from https://storage.googleapis.com/chrome-for-testing-public/136.0.7103.92/linux64/chromedriver-linux64.zip
2025-05-13 00:00:32 - INFO - Driver downloading response is 200
2025-05-13 00:00:32 - INFO - Get LATEST chromedriver version for google-chrome
2025-05-13 00:00:33 - INFO - Driver has been saved in cache [/home/locus/.wdm/drivers/chromedriver/linux64/136.0.7103.92]
2025-05-13 00:01:33 - ERROR - Erro ao iniciar o WebDriver: Message: session not created
from chrome not reachable
Stacktrace:
#0 0x588b356c578a <unknown>
#1 0x588b35167ef3 <unknown>
#2 0x588b351538d3 <unknown>
#3 0x588b351a772c <unknown>
#4 0x588b351a298c <unknown>
#5 0x588b3519dc0f <unknown>
#6 0x588b351edd75 <unknown>
#7 0x588b351ed296 <unknown>
#8 0x588b351df173 <unknown>
#9 0x588b351abd4b <unknown>
#10 0x588b351ac9b1 <unknown>
#11 0x588b3568a93b <unknown>
#12 0x588b3568e83a <unknown>
#13 0x588b35672692 <unknown>
#14 0x588b3568f3c4 <unknown>
#15 0x588b356574cf <unknown>
#16 0x588b356b3568 <unknown>
#17 0x588b356b3746 <unknown>
#18 0x588b356c45f6 <unknown>
#19 0x768ab4ea1e2e <unknown>
#20 0x768ab4f33a4c <unknown>

2025-05-13 00:01:33 - INFO - Tentando iniciar o Chrome novamente...
2025-05-13 00:01:43 - INFO - ====== WebDriver manager ======
2025-05-13 00:01:43 - INFO - Get LATEST chromedriver version for google-chrome
2025-05-13 00:01:43 - INFO - Get LATEST chromedriver version for google-chrome
2025-05-13 00:01:43 - INFO - Driver [/home/locus/.wdm/drivers/chromedriver/linux64/136.0.7103.92/chromedriver-linux64/chromedriver] found in cache
2025-05-13 00:02:44 - ERROR - Erro ao reiniciar o WebDriver: Message: session not created
from chrome not reachable
Stacktrace:
#0 0x55692d19178a <unknown>
#1 0x55692cc33ef3 <unknown>
#2 0x55692cc1f8d3 <unknown>
#3 0x55692cc7372c <unknown>
#4 0x55692cc6e98c <unknown>
#5 0x55692cc69c0f <unknown>
#6 0x55692ccb9d75 <unknown>
#7 0x55692ccb9296 <unknown>
#8 0x55692ccab173 <unknown>
#9 0x55692cc77d4b <unknown>
#10 0x55692cc789b1 <unknown>
#11 0x55692d15693b <unknown>
#12 0x55692d15a83a <unknown>
#13 0x55692d13e692 <unknown>
#14 0x55692d15b3c4 <unknown>
#15 0x55692d1234cf <unknown>
#16 0x55692d17f568 <unknown>
#17 0x55692d17f746 <unknown>
#18 0x55692d1905f6 <unknown>
#19 0x7a05b8aa1e2e <unknown>
#20 0x7a05b8b33a4c <unknown>

2025-05-13 04:00:54 - INFO - ====== WebDriver manager ======
2025-05-13 04:00:55 - INFO - Get LATEST chromedriver version for google-chrome
2025-05-13 04:00:55 - INFO - Get LATEST chromedriver version for google-chrome
2025-05-13 04:00:55 - INFO - Driver [/home/locus/.wdm/drivers/chromedriver/linux64/136.0.7103.92/chromedriver-linux64/chromedriver] found in cache
2025-05-13 04:01:55 - ERROR - Erro ao iniciar o WebDriver: Message: session not created
from chrome not reachable
Stacktrace:
#0 0x63c00a9e878a <unknown>
#1 0x63c00a48aef3 <unknown>
#2 0x63c00a4768d3 <unknown>
#3 0x63c00a4ca72c <unknown>
#4 0x63c00a4c598c <unknown>
#5 0x63c00a4c0c0f <unknown>
#6 0x63c00a510d75 <unknown>
#7 0x63c00a510296 <unknown>
#8 0x63c00a502173 <unknown>
#9 0x63c00a4ced4b <unknown>
#10 0x63c00a4cf9b1 <unknown>
#11 0x63c00a9ad93b <unknown>
#12 0x63c00a9b183a <unknown>
#13 0x63c00a995692 <unknown>
#14 0x63c00a9b23c4 <unknown>
#15 0x63c00a97a4cf <unknown>
#16 0x63c00a9d6568 <unknown>
#17 0x63c00a9d6746 <unknown>
#18 0x63c00a9e75f6 <unknown>
#19 0x781d74ea1e2e <unknown>
#20 0x781d74f33a4c <unknown>

2025-05-13 04:01:55 - INFO - Tentando iniciar o Chrome novamente...
2025-05-13 04:02:05 - INFO - ====== WebDriver manager ======
2025-05-13 04:02:05 - INFO - Get LATEST chromedriver version for google-chrome
2025-05-13 04:02:05 - INFO - Get LATEST chromedriver version for google-chrome
2025-05-13 04:02:05 - INFO - Driver [/home/locus/.wdm/drivers/chromedriver/linux64/136.0.7103.92/chromedriver-linux64/chromedriver] found in cache
2025-05-13 04:03:06 - ERROR - Erro ao reiniciar o WebDriver: Message: session not created
from chrome not reachable
Stacktrace:
#0 0x5d687462d78a <unknown>
#1 0x5d68740cfef3 <unknown>
#2 0x5d68740bb8d3 <unknown>
#3 0x5d687410f72c <unknown>
#4 0x5d687410a98c <unknown>
#5 0x5d6874105c0f <unknown>
#6 0x5d6874155d75 <unknown>
#7 0x5d6874155296 <unknown>
#8 0x5d6874147173 <unknown>
#9 0x5d6874113d4b <unknown>
#10 0x5d68741149b1 <unknown>
#11 0x5d68745f293b <unknown>
#12 0x5d68745f683a <unknown>
#13 0x5d68745da692 <unknown>
#14 0x5d68745f73c4 <unknown>
#15 0x5d68745bf4cf <unknown>
#16 0x5d687461b568 <unknown>
#17 0x5d687461b746 <unknown>
#18 0x5d687462c5f6 <unknown>
#19 0x7e8df4ca1e2e <unknown>
#20 0x7e8df4d33a4c <unknown>

2025-05-13 08:00:17 - INFO - ====== WebDriver manager ======
2025-05-13 08:00:17 - INFO - Get LATEST chromedriver version for google-chrome
2025-05-13 08:00:17 - INFO - Get LATEST chromedriver version for google-chrome
2025-05-13 08:00:17 - INFO - Driver [/home/locus/.wdm/drivers/chromedriver/linux64/136.0.7103.92/chromedriver-linux64/chromedriver] found in cache
2025-05-13 08:01:18 - ERROR - Erro ao iniciar o WebDriver: Message: session not created
from chrome not reachable
Stacktrace:
#0 0x579f35bf678a <unknown>
#1 0x579f35698ef3 <unknown>
#2 0x579f356848d3 <unknown>
#3 0x579f356d872c <unknown>
#4 0x579f356d398c <unknown>
#5 0x579f356cec0f <unknown>
#6 0x579f3571ed75 <unknown>
#7 0x579f3571e296 <unknown>
#8 0x579f35710173 <unknown>
#9 0x579f356dcd4b <unknown>
#10 0x579f356dd9b1 <unknown>
#11 0x579f35bbb93b <unknown>
#12 0x579f35bbf83a <unknown>
#13 0x579f35ba3692 <unknown>
#14 0x579f35bc03c4 <unknown>
#15 0x579f35b884cf <unknown>
#16 0x579f35be4568 <unknown>
#17 0x579f35be4746 <unknown>
#18 0x579f35bf55f6 <unknown>
#19 0x7275474a1e2e <unknown>
#20 0x727547533a4c <unknown>

2025-05-13 08:01:18 - INFO - Tentando iniciar o Chrome novamente...
2025-05-13 08:01:28 - INFO - ====== WebDriver manager ======
2025-05-13 08:01:28 - INFO - Get LATEST chromedriver version for google-chrome
2025-05-13 08:01:28 - INFO - Get LATEST chromedriver version for google-chrome
2025-05-13 08:01:28 - INFO - Driver [/home/locus/.wdm/drivers/chromedriver/linux64/136.0.7103.92/chromedriver-linux64/chromedriver] found in cache
2025-05-13 08:02:28 - ERROR - Erro ao reiniciar o WebDriver: Message: session not created
from chrome not reachable
Stacktrace:
#0 0x5a3cf32a778a <unknown>
#1 0x5a3cf2d49ef3 <unknown>
#2 0x5a3cf2d358d3 <unknown>
#3 0x5a3cf2d8972c <unknown>
#4 0x5a3cf2d8498c <unknown>
#5 0x5a3cf2d7fc0f <unknown>
#6 0x5a3cf2dcfd75 <unknown>
#7 0x5a3cf2dcf296 <unknown>
#8 0x5a3cf2dc1173 <unknown>
#9 0x5a3cf2d8dd4b <unknown>
#10 0x5a3cf2d8e9b1 <unknown>
#11 0x5a3cf326c93b <unknown>
#12 0x5a3cf327083a <unknown>
#13 0x5a3cf3254692 <unknown>
#14 0x5a3cf32713c4 <unknown>
#15 0x5a3cf32394cf <unknown>
#16 0x5a3cf3295568 <unknown>
#17 0x5a3cf3295746 <unknown>
#18 0x5a3cf32a65f6 <unknown>
#19 0x76ad844a1e2e <unknown>
#20 0x76ad84533a4c <unknown>

2025-05-13 12:00:39 - INFO - ====== WebDriver manager ======
2025-05-13 12:00:39 - INFO - Get LATEST chromedriver version for google-chrome
2025-05-13 12:00:39 - INFO - Get LATEST chromedriver version for google-chrome
2025-05-13 12:00:39 - INFO - Driver [/home/locus/.wdm/drivers/chromedriver/linux64/136.0.7103.92/chromedriver-linux64/chromedriver] found in cache
2025-05-13 12:01:40 - ERROR - Erro ao iniciar o WebDriver: Message: session not created
from chrome not reachable
Stacktrace:
#0 0x5a403f83c78a <unknown>
#1 0x5a403f2deef3 <unknown>
#2 0x5a403f2ca8d3 <unknown>
#3 0x5a403f31e72c <unknown>
#4 0x5a403f31998c <unknown>
#5 0x5a403f314c0f <unknown>
#6 0x5a403f364d75 <unknown>
#7 0x5a403f364296 <unknown>
#8 0x5a403f356173 <unknown>
#9 0x5a403f322d4b <unknown>
#10 0x5a403f3239b1 <unknown>
#11 0x5a403f80193b <unknown>
#12 0x5a403f80583a <unknown>
#13 0x5a403f7e9692 <unknown>
#14 0x5a403f8063c4 <unknown>
#15 0x5a403f7ce4cf <unknown>
#16 0x5a403f82a568 <unknown>
#17 0x5a403f82a746 <unknown>
#18 0x5a403f83b5f6 <unknown>
#19 0x7d2cf3ca1e2e <unknown>
#20 0x7d2cf3d33a4c <unknown>

2025-05-13 12:01:40 - INFO - Tentando iniciar o Chrome novamente...
2025-05-13 12:01:50 - INFO - ====== WebDriver manager ======
2025-05-13 12:01:50 - INFO - Get LATEST chromedriver version for google-chrome
2025-05-13 12:01:50 - INFO - Get LATEST chromedriver version for google-chrome
2025-05-13 12:01:50 - INFO - Driver [/home/locus/.wdm/drivers/chromedriver/linux64/136.0.7103.92/chromedriver-linux64/chromedriver] found in cache
2025-05-13 12:02:50 - ERROR - Erro ao reiniciar o WebDriver: Message: session not created
from chrome not reachable
Stacktrace:
#0 0x5e641319c78a <unknown>
#1 0x5e6412c3eef3 <unknown>
#2 0x5e6412c2a8d3 <unknown>
#3 0x5e6412c7e72c <unknown>
#4 0x5e6412c7998c <unknown>
#5 0x5e6412c74c0f <unknown>
#6 0x5e6412cc4d75 <unknown>
#7 0x5e6412cc4296 <unknown>
#8 0x5e6412cb6173 <unknown>
#9 0x5e6412c82d4b <unknown>
#10 0x5e6412c839b1 <unknown>
#11 0x5e641316193b <unknown>
#12 0x5e641316583a <unknown>
#13 0x5e6413149692 <unknown>
#14 0x5e64131663c4 <unknown>
#15 0x5e641312e4cf <unknown>
#16 0x5e641318a568 <unknown>
#17 0x5e641318a746 <unknown>
#18 0x5e641319b5f6 <unknown>
#19 0x72ba1b0a1e2e <unknown>
#20 0x72ba1b133a4c <unknown>

2025-05-13 12:52:48 - INFO - Agendamento iniciado. Aguardando próxima execução...
2025-05-13 12:52:48 - INFO - ====== WebDriver manager ======
2025-05-13 12:52:48 - INFO - Get LATEST chromedriver version for google-chrome
2025-05-13 12:52:48 - INFO - Get LATEST chromedriver version for google-chrome
2025-05-13 12:52:48 - INFO - Driver [/home/locus/.wdm/drivers/chromedriver/linux64/136.0.7103.92/chromedriver-linux64/chromedriver] found in cache
2025-05-13 12:53:48 - ERROR - Erro ao iniciar o WebDriver: Message: session not created
from chrome not reachable
Stacktrace:
#0 0x652afa6a078a <unknown>
#1 0x652afa142ef3 <unknown>
#2 0x652afa12e8d3 <unknown>
#3 0x652afa18272c <unknown>
#4 0x652afa17d98c <unknown>
#5 0x652afa178c0f <unknown>
#6 0x652afa1c8d75 <unknown>
#7 0x652afa1c8296 <unknown>
#8 0x652afa1ba173 <unknown>
#9 0x652afa186d4b <unknown>
#10 0x652afa1879b1 <unknown>
#11 0x652afa66593b <unknown>
#12 0x652afa66983a <unknown>
#13 0x652afa64d692 <unknown>
#14 0x652afa66a3c4 <unknown>
#15 0x652afa6324cf <unknown>
#16 0x652afa68e568 <unknown>
#17 0x652afa68e746 <unknown>
#18 0x652afa69f5f6 <unknown>
#19 0x7f5d032a1e2e <unknown>
#20 0x7f5d03333a4c <unknown>

2025-05-13 12:53:48 - INFO - Tentando iniciar o Chrome novamente...
2025-05-13 12:53:58 - INFO - ====== WebDriver manager ======
2025-05-13 12:53:58 - INFO - Get LATEST chromedriver version for google-chrome
2025-05-13 12:53:59 - INFO - Get LATEST chromedriver version for google-chrome
2025-05-13 12:54:00 - INFO - Driver [/home/locus/.wdm/drivers/chromedriver/linux64/136.0.7103.92/chromedriver-linux64/chromedriver] found in cache
2025-05-13 12:55:00 - ERROR - Erro ao reiniciar o WebDriver: Message: session not created
from chrome not reachable
Stacktrace:
#0 0x61193632b78a <unknown>
#1 0x611935dcdef3 <unknown>
#2 0x611935db98d3 <unknown>
#3 0x611935e0d72c <unknown>
#4 0x611935e0898c <unknown>
#5 0x611935e03c0f <unknown>
#6 0x611935e53d75 <unknown>
#7 0x611935e53296 <unknown>
#8 0x611935e45173 <unknown>
#9 0x611935e11d4b <unknown>
#10 0x611935e129b1 <unknown>
#11 0x6119362f093b <unknown>
#12 0x6119362f483a <unknown>
#13 0x6119362d8692 <unknown>
#14 0x6119362f53c4 <unknown>
#15 0x6119362bd4cf <unknown>
#16 0x611936319568 <unknown>
#17 0x611936319746 <unknown>
#18 0x61193632a5f6 <unknown>
#19 0x75ea6bca1e2e <unknown>
#20 0x75ea6bd33a4c <unknown>

2025-05-13 18:16:57 - INFO - Agendamento iniciado. Aguardando próxima execução...
2025-05-13 18:16:57 - INFO - ====== WebDriver manager ======
2025-05-13 18:16:58 - INFO - Get LATEST chromedriver version for google-chrome
2025-05-13 18:16:59 - INFO - Get LATEST chromedriver version for google-chrome
2025-05-13 18:16:59 - INFO - Driver [/home/locus/.wdm/drivers/chromedriver/linux64/136.0.7103.92/chromedriver-linux64/chromedriver] found in cache
2025-05-13 18:18:00 - ERROR - Erro ao iniciar o WebDriver: Message: session not created
from chrome not reachable
Stacktrace:
#0 0x62d17df5378a <unknown>
#1 0x62d17d9f5ef3 <unknown>
#2 0x62d17d9e18d3 <unknown>
#3 0x62d17da3572c <unknown>
#4 0x62d17da3098c <unknown>
#5 0x62d17da2bc0f <unknown>
#6 0x62d17da7bd75 <unknown>
#7 0x62d17da7b296 <unknown>
#8 0x62d17da6d173 <unknown>
#9 0x62d17da39d4b <unknown>
#10 0x62d17da3a9b1 <unknown>
#11 0x62d17df1893b <unknown>
#12 0x62d17df1c83a <unknown>
#13 0x62d17df00692 <unknown>
#14 0x62d17df1d3c4 <unknown>
#15 0x62d17dee54cf <unknown>
#16 0x62d17df41568 <unknown>
#17 0x62d17df41746 <unknown>
#18 0x62d17df525f6 <unknown>
#19 0x7d20a38a1e2e <unknown>
#20 0x7d20a3933a4c <unknown>

2025-05-13 18:18:00 - INFO - Tentando iniciar o Chrome novamente...
2025-05-13 18:18:10 - INFO - ====== WebDriver manager ======
2025-05-13 18:18:10 - INFO - Get LATEST chromedriver version for google-chrome
2025-05-13 18:18:10 - INFO - Get LATEST chromedriver version for google-chrome
2025-05-13 18:18:10 - INFO - Driver [/home/locus/.wdm/drivers/chromedriver/linux64/136.0.7103.92/chromedriver-linux64/chromedriver] found in cache
2025-05-13 18:19:10 - ERROR - Erro ao reiniciar o WebDriver: Message: session not created
from chrome not reachable
Stacktrace:
#0 0x586f534ef78a <unknown>
#1 0x586f52f91ef3 <unknown>
#2 0x586f52f7d8d3 <unknown>
#3 0x586f52fd172c <unknown>
#4 0x586f52fcc98c <unknown>
#5 0x586f52fc7c0f <unknown>
#6 0x586f53017d75 <unknown>
#7 0x586f53017296 <unknown>
#8 0x586f53009173 <unknown>
#9 0x586f52fd5d4b <unknown>
#10 0x586f52fd69b1 <unknown>
#11 0x586f534b493b <unknown>
#12 0x586f534b883a <unknown>
#13 0x586f5349c692 <unknown>
#14 0x586f534b93c4 <unknown>
#15 0x586f534814cf <unknown>
#16 0x586f534dd568 <unknown>
#17 0x586f534dd746 <unknown>
#18 0x586f534ee5f6 <unknown>
#19 0x76550b4a1e2e <unknown>
#20 0x76550b533a4c <unknown>

2025-05-13 18:23:29 - INFO - Agendamento iniciado. Aguardando próxima execução...
2025-05-13 18:23:29 - INFO - ====== WebDriver manager ======
2025-05-13 18:23:29 - INFO - Get LATEST chromedriver version for google-chrome
2025-05-13 18:23:30 - INFO - Get LATEST chromedriver version for google-chrome
2025-05-13 18:23:30 - INFO - Get LATEST chromedriver version for google-chrome
2025-05-13 18:23:31 - INFO - WebDriver version 136.0.7103.92 selected
2025-05-13 18:23:31 - INFO - Modern chrome version https://storage.googleapis.com/chrome-for-testing-public/136.0.7103.92/linux64/chromedriver-linux64.zip
2025-05-13 18:23:31 - INFO - About to download new driver from https://storage.googleapis.com/chrome-for-testing-public/136.0.7103.92/linux64/chromedriver-linux64.zip
2025-05-13 18:23:32 - INFO - Driver downloading response is 200
2025-05-13 18:23:33 - INFO - Get LATEST chromedriver version for google-chrome
2025-05-13 18:23:34 - INFO - Driver has been saved in cache [/home/locus/.wdm/drivers/chromedriver/linux64/136.0.7103.92]
2025-05-13 18:24:34 - ERROR - Erro ao iniciar o WebDriver: Message: session not created
from chrome not reachable
Stacktrace:
#0 0x58a87609a78a <unknown>
#1 0x58a875b3cef3 <unknown>
#2 0x58a875b288d3 <unknown>
#3 0x58a875b7c72c <unknown>
#4 0x58a875b7798c <unknown>
#5 0x58a875b72c0f <unknown>
#6 0x58a875bc2d75 <unknown>
#7 0x58a875bc2296 <unknown>
#8 0x58a875bb4173 <unknown>
#9 0x58a875b80d4b <unknown>
#10 0x58a875b819b1 <unknown>
#11 0x58a87605f93b <unknown>
#12 0x58a87606383a <unknown>
#13 0x58a876047692 <unknown>
#14 0x58a8760643c4 <unknown>
#15 0x58a87602c4cf <unknown>
#16 0x58a876088568 <unknown>
#17 0x58a876088746 <unknown>
#18 0x58a8760995f6 <unknown>
#19 0x71e5014a1e2e <unknown>
#20 0x71e501533a4c <unknown>

2025-05-13 18:24:34 - INFO - Tentando iniciar o Chrome novamente...
2025-05-13 18:24:44 - INFO - ====== WebDriver manager ======
2025-05-13 18:24:44 - INFO - Get LATEST chromedriver version for google-chrome
2025-05-13 18:24:45 - INFO - Get LATEST chromedriver version for google-chrome
2025-05-13 18:24:45 - INFO - Driver [/home/locus/.wdm/drivers/chromedriver/linux64/136.0.7103.92/chromedriver-linux64/chromedriver] found in cache
2025-05-13 18:25:45 - ERROR - Erro ao reiniciar o WebDriver: Message: session not created
from chrome not reachable
Stacktrace:
#0 0x5a0d7546c78a <unknown>
#1 0x5a0d74f0eef3 <unknown>
#2 0x5a0d74efa8d3 <unknown>
#3 0x5a0d74f4e72c <unknown>
#4 0x5a0d74f4998c <unknown>
#5 0x5a0d74f44c0f <unknown>
#6 0x5a0d74f94d75 <unknown>
#7 0x5a0d74f94296 <unknown>
#8 0x5a0d74f86173 <unknown>
#9 0x5a0d74f52d4b <unknown>
#10 0x5a0d74f539b1 <unknown>
#11 0x5a0d7543193b <unknown>
#12 0x5a0d7543583a <unknown>
#13 0x5a0d75419692 <unknown>
#14 0x5a0d754363c4 <unknown>
#15 0x5a0d753fe4cf <unknown>
#16 0x5a0d7545a568 <unknown>
#17 0x5a0d7545a746 <unknown>
#18 0x5a0d7546b5f6 <unknown>
#19 0x7bb0d42a1e2e <unknown>
#20 0x7bb0d4333a4c <unknown>

2025-05-13 18:35:07 - INFO - Agendamento iniciado. Aguardando próxima execução...
2025-05-13 18:35:07 - INFO - ====== WebDriver manager ======
2025-05-13 18:35:07 - INFO - Get LATEST chromedriver version for google-chrome
2025-05-13 18:35:07 - INFO - Get LATEST chromedriver version for google-chrome
2025-05-13 18:35:08 - INFO - There is no [linux64] chromedriver "136.0.7103.92" for browser google-chrome "136.0.7103" in cache
2025-05-13 18:35:08 - INFO - Get LATEST chromedriver version for google-chrome
2025-05-13 18:35:09 - INFO - WebDriver version 136.0.7103.92 selected
2025-05-13 18:35:09 - INFO - Modern chrome version https://storage.googleapis.com/chrome-for-testing-public/136.0.7103.92/linux64/chromedriver-linux64.zip
2025-05-13 18:35:09 - INFO - About to download new driver from https://storage.googleapis.com/chrome-for-testing-public/136.0.7103.92/linux64/chromedriver-linux64.zip
2025-05-13 18:35:09 - INFO - Driver downloading response is 200
2025-05-13 18:35:10 - INFO - Get LATEST chromedriver version for google-chrome
2025-05-13 18:35:11 - INFO - Driver has been saved in cache [/home/locus/.wdm/drivers/chromedriver/linux64/136.0.7103.92]
2025-05-13 18:36:12 - ERROR - Erro ao iniciar o WebDriver: Message: session not created
from chrome not reachable
Stacktrace:
#0 0x594c1257f78a <unknown>
#1 0x594c12021ef3 <unknown>
#2 0x594c1200d8d3 <unknown>
#3 0x594c1206172c <unknown>
#4 0x594c1205c98c <unknown>
#5 0x594c12057c0f <unknown>
#6 0x594c120a7d75 <unknown>
#7 0x594c120a7296 <unknown>
#8 0x594c12099173 <unknown>
#9 0x594c12065d4b <unknown>
#10 0x594c120669b1 <unknown>
#11 0x594c1254493b <unknown>
#12 0x594c1254883a <unknown>
#13 0x594c1252c692 <unknown>
#14 0x594c125493c4 <unknown>
#15 0x594c125114cf <unknown>
#16 0x594c1256d568 <unknown>
#17 0x594c1256d746 <unknown>
#18 0x594c1257e5f6 <unknown>
#19 0x7a90ad0a1e2e <unknown>
#20 0x7a90ad133a4c <unknown>

2025-05-13 18:36:12 - INFO - Tentando iniciar o Chrome novamente...
2025-05-13 18:36:22 - INFO - ====== WebDriver manager ======
2025-05-13 18:36:22 - INFO - Get LATEST chromedriver version for google-chrome
2025-05-13 18:36:22 - INFO - Get LATEST chromedriver version for google-chrome
2025-05-13 18:36:22 - INFO - Driver [/home/locus/.wdm/drivers/chromedriver/linux64/136.0.7103.92/chromedriver-linux64/chromedriver] found in cache
2025-05-13 18:42:23 - INFO - Agendamento iniciado. Aguardando próxima execução...
2025-05-13 18:42:46 - ERROR - Erro ao iniciar o WebDriver: Message: session not created: probably user data directory is already in use, please specify a unique value for --user-data-dir argument, or don't use --user-data-dir
Stacktrace:
#0 0x557da2fc678a <unknown>
#1 0x557da2a690a0 <unknown>
#2 0x557da2aa31ff <unknown>
#3 0x557da2a9ec0f <unknown>
#4 0x557da2aeed75 <unknown>
#5 0x557da2aee296 <unknown>
#6 0x557da2ae0173 <unknown>
#7 0x557da2aacd4b <unknown>
#8 0x557da2aad9b1 <unknown>
#9 0x557da2f8b93b <unknown>
#10 0x557da2f8f83a <unknown>
#11 0x557da2f73692 <unknown>
#12 0x557da2f903c4 <unknown>
#13 0x557da2f584cf <unknown>
#14 0x557da2fb4568 <unknown>
#15 0x557da2fb4746 <unknown>
#16 0x557da2fc55f6 <unknown>
#17 0x7b469c4a1e2e <unknown>
#18 0x7b469c533a4c <unknown>

2025-05-13 18:42:46 - INFO - Tentando iniciar o Chrome novamente...
2025-05-13 18:42:56 - INFO - ====== WebDriver manager ======
2025-05-13 18:42:56 - INFO - Get LATEST chromedriver version for google-chrome
2025-05-13 18:42:57 - INFO - Get LATEST chromedriver version for google-chrome
2025-05-13 18:42:57 - INFO - Driver [/home/locus/.wdm/drivers/chromedriver/linux64/136.0.7103.92/chromedriver-linux64/chromedriver] found in cache
2025-05-13 18:43:58 - ERROR - Erro ao reiniciar o WebDriver: Message: session not created
from chrome not reachable
Stacktrace:
#0 0x58f634a1c78a <unknown>
#1 0x58f6344beef3 <unknown>
#2 0x58f6344aa8d3 <unknown>
#3 0x58f6344fe72c <unknown>
#4 0x58f6344f998c <unknown>
#5 0x58f6344f4c0f <unknown>
#6 0x58f634544d75 <unknown>
#7 0x58f634544296 <unknown>
#8 0x58f634536173 <unknown>
#9 0x58f634502d4b <unknown>
#10 0x58f6345039b1 <unknown>
#11 0x58f6349e193b <unknown>
#12 0x58f6349e583a <unknown>
#13 0x58f6349c9692 <unknown>
#14 0x58f6349e63c4 <unknown>
#15 0x58f6349ae4cf <unknown>
#16 0x58f634a0a568 <unknown>
#17 0x58f634a0a746 <unknown>
#18 0x58f634a1b5f6 <unknown>
#19 0x7e42a1ea1e2e <unknown>
#20 0x7e42a1f33a4c <unknown>

2025-05-13 20:01:03 - ERROR - Erro ao iniciar o WebDriver: Message: session not created
from chrome not reachable
Stacktrace:
#0 0x5de8c805278a <unknown>
#1 0x5de8c7af4ef3 <unknown>
#2 0x5de8c7ae08d3 <unknown>
#3 0x5de8c7b3472c <unknown>
#4 0x5de8c7b2f98c <unknown>
#5 0x5de8c7b2ac0f <unknown>
#6 0x5de8c7b7ad75 <unknown>
#7 0x5de8c7b7a296 <unknown>
#8 0x5de8c7b6c173 <unknown>
#9 0x5de8c7b38d4b <unknown>
#10 0x5de8c7b399b1 <unknown>
#11 0x5de8c801793b <unknown>
#12 0x5de8c801b83a <unknown>
#13 0x5de8c7fff692 <unknown>
#14 0x5de8c801c3c4 <unknown>
#15 0x5de8c7fe44cf <unknown>
#16 0x5de8c8040568 <unknown>
#17 0x5de8c8040746 <unknown>
#18 0x5de8c80515f6 <unknown>
#19 0x7908c7ca1e2e <unknown>
#20 0x7908c7d33a4c <unknown>

2025-05-13 20:01:03 - INFO - Tentando iniciar o Chrome novamente...
2025-05-13 20:01:13 - INFO - ====== WebDriver manager ======
2025-05-13 20:01:13 - INFO - Get LATEST chromedriver version for google-chrome
2025-05-13 20:01:14 - INFO - Get LATEST chromedriver version for google-chrome
2025-05-13 20:01:14 - INFO - Driver [/home/locus/.wdm/drivers/chromedriver/linux64/136.0.7103.92/chromedriver-linux64/chromedriver] found in cache
2025-05-13 20:02:14 - ERROR - Erro ao reiniciar o WebDriver: Message: session not created
from chrome not reachable
Stacktrace:
#0 0x5fad90ad078a <unknown>
#1 0x5fad90572ef3 <unknown>
#2 0x5fad9055e8d3 <unknown>
#3 0x5fad905b272c <unknown>
#4 0x5fad905ad98c <unknown>
#5 0x5fad905a8c0f <unknown>
#6 0x5fad905f8d75 <unknown>
#7 0x5fad905f8296 <unknown>
#8 0x5fad905ea173 <unknown>
#9 0x5fad905b6d4b <unknown>
#10 0x5fad905b79b1 <unknown>
#11 0x5fad90a9593b <unknown>
#12 0x5fad90a9983a <unknown>
#13 0x5fad90a7d692 <unknown>
#14 0x5fad90a9a3c4 <unknown>
#15 0x5fad90a624cf <unknown>
#16 0x5fad90abe568 <unknown>
#17 0x5fad90abe746 <unknown>
#18 0x5fad90acf5f6 <unknown>
#19 0x773600aa1e2e <unknown>
#20 0x773600b33a4c <unknown>

2025-05-14 00:01:27 - ERROR - Erro ao iniciar o WebDriver: Message: session not created
from chrome not reachable
Stacktrace:
#0 0x5e58d52fc78a <unknown>
#1 0x5e58d4d9eef3 <unknown>
#2 0x5e58d4d8a8d3 <unknown>
#3 0x5e58d4dde72c <unknown>
#4 0x5e58d4dd998c <unknown>
#5 0x5e58d4dd4c0f <unknown>
#6 0x5e58d4e24d75 <unknown>
#7 0x5e58d4e24296 <unknown>
#8 0x5e58d4e16173 <unknown>
#9 0x5e58d4de2d4b <unknown>
#10 0x5e58d4de39b1 <unknown>
#11 0x5e58d52c193b <unknown>
#12 0x5e58d52c583a <unknown>
#13 0x5e58d52a9692 <unknown>
#14 0x5e58d52c63c4 <unknown>
#15 0x5e58d528e4cf <unknown>
#16 0x5e58d52ea568 <unknown>
#17 0x5e58d52ea746 <unknown>
#18 0x5e58d52fb5f6 <unknown>
#19 0x72c3e88a1e2e <unknown>
#20 0x72c3e8933a4c <unknown>

2025-05-14 00:01:27 - INFO - Tentando iniciar o Chrome novamente...
2025-05-14 00:01:37 - INFO - ====== WebDriver manager ======
2025-05-14 00:01:37 - INFO - Get LATEST chromedriver version for google-chrome
2025-05-14 00:01:37 - INFO - Get LATEST chromedriver version for google-chrome
2025-05-14 00:01:38 - INFO - Get LATEST chromedriver version for google-chrome
2025-05-14 00:01:39 - INFO - WebDriver version 136.0.7103.92 selected
2025-05-14 00:01:39 - INFO - Modern chrome version https://storage.googleapis.com/chrome-for-testing-public/136.0.7103.92/linux64/chromedriver-linux64.zip
2025-05-14 00:01:39 - INFO - About to download new driver from https://storage.googleapis.com/chrome-for-testing-public/136.0.7103.92/linux64/chromedriver-linux64.zip
2025-05-14 00:01:39 - INFO - Driver downloading response is 200
2025-05-14 00:01:41 - INFO - Get LATEST chromedriver version for google-chrome
2025-05-14 00:01:42 - INFO - Driver has been saved in cache [/home/locus/.wdm/drivers/chromedriver/linux64/136.0.7103.92]
2025-05-14 00:02:42 - ERROR - Erro ao reiniciar o WebDriver: Message: session not created
from chrome not reachable
Stacktrace:
#0 0x56adbf50878a <unknown>
#1 0x56adbefaaef3 <unknown>
#2 0x56adbef968d3 <unknown>
#3 0x56adbefea72c <unknown>
#4 0x56adbefe598c <unknown>
#5 0x56adbefe0c0f <unknown>
#6 0x56adbf030d75 <unknown>
#7 0x56adbf030296 <unknown>
#8 0x56adbf022173 <unknown>
#9 0x56adbefeed4b <unknown>
#10 0x56adbefef9b1 <unknown>
#11 0x56adbf4cd93b <unknown>
#12 0x56adbf4d183a <unknown>
#13 0x56adbf4b5692 <unknown>
#14 0x56adbf4d23c4 <unknown>
#15 0x56adbf49a4cf <unknown>
#16 0x56adbf4f6568 <unknown>
#17 0x56adbf4f6746 <unknown>
#18 0x56adbf5075f6 <unknown>
#19 0x794226aa1e2e <unknown>
#20 0x794226b33a4c <unknown>

2025-05-14 04:01:54 - ERROR - Erro ao iniciar o WebDriver: Message: session not created
from chrome not reachable
Stacktrace:
#0 0x60b5119f478a <unknown>
#1 0x60b511496ef3 <unknown>
#2 0x60b5114828d3 <unknown>
#3 0x60b5114d672c <unknown>
#4 0x60b5114d198c <unknown>
#5 0x60b5114ccc0f <unknown>
#6 0x60b51151cd75 <unknown>
#7 0x60b51151c296 <unknown>
#8 0x60b51150e173 <unknown>
#9 0x60b5114dad4b <unknown>
#10 0x60b5114db9b1 <unknown>
#11 0x60b5119b993b <unknown>
#12 0x60b5119bd83a <unknown>
#13 0x60b5119a1692 <unknown>
#14 0x60b5119be3c4 <unknown>
#15 0x60b5119864cf <unknown>
#16 0x60b5119e2568 <unknown>
#17 0x60b5119e2746 <unknown>
#18 0x60b5119f35f6 <unknown>
#19 0x72e7592a1e2e <unknown>
#20 0x72e759333a4c <unknown>

2025-05-14 04:01:54 - INFO - Tentando iniciar o Chrome novamente...
2025-05-14 04:02:04 - INFO - ====== WebDriver manager ======
2025-05-14 04:02:05 - INFO - Get LATEST chromedriver version for google-chrome
2025-05-14 04:02:05 - INFO - Get LATEST chromedriver version for google-chrome
2025-05-14 04:02:06 - INFO - Driver [/home/locus/.wdm/drivers/chromedriver/linux64/136.0.7103.92/chromedriver-linux64/chromedriver] found in cache
2025-05-14 04:03:06 - ERROR - Erro ao reiniciar o WebDriver: Message: session not created
from chrome not reachable
Stacktrace:
#0 0x5a40f84ce78a <unknown>
#1 0x5a40f7f70ef3 <unknown>
#2 0x5a40f7f5c8d3 <unknown>
#3 0x5a40f7fb072c <unknown>
#4 0x5a40f7fab98c <unknown>
#5 0x5a40f7fa6c0f <unknown>
#6 0x5a40f7ff6d75 <unknown>
#7 0x5a40f7ff6296 <unknown>
#8 0x5a40f7fe8173 <unknown>
#9 0x5a40f7fb4d4b <unknown>
#10 0x5a40f7fb59b1 <unknown>
#11 0x5a40f849393b <unknown>
#12 0x5a40f849783a <unknown>
#13 0x5a40f847b692 <unknown>
#14 0x5a40f84983c4 <unknown>
#15 0x5a40f84604cf <unknown>
#16 0x5a40f84bc568 <unknown>
#17 0x5a40f84bc746 <unknown>
#18 0x5a40f84cd5f6 <unknown>
#19 0x74d2792a1e2e <unknown>
#20 0x74d279333a4c <unknown>

2025-05-14 08:01:19 - ERROR - Erro ao iniciar o WebDriver: Message: session not created
from chrome not reachable
Stacktrace:
#0 0x5fd1cf3d178a <unknown>
#1 0x5fd1cee73ef3 <unknown>
#2 0x5fd1cee5f8d3 <unknown>
#3 0x5fd1ceeb372c <unknown>
#4 0x5fd1ceeae98c <unknown>
#5 0x5fd1ceea9c0f <unknown>
#6 0x5fd1ceef9d75 <unknown>
#7 0x5fd1ceef9296 <unknown>
#8 0x5fd1ceeeb173 <unknown>
#9 0x5fd1ceeb7d4b <unknown>
#10 0x5fd1ceeb89b1 <unknown>
#11 0x5fd1cf39693b <unknown>
#12 0x5fd1cf39a83a <unknown>
#13 0x5fd1cf37e692 <unknown>
#14 0x5fd1cf39b3c4 <unknown>
#15 0x5fd1cf3634cf <unknown>
#16 0x5fd1cf3bf568 <unknown>
#17 0x5fd1cf3bf746 <unknown>
#18 0x5fd1cf3d05f6 <unknown>
#19 0x7dbf6a0a1e2e <unknown>
#20 0x7dbf6a133a4c <unknown>

2025-05-14 08:01:19 - INFO - Tentando iniciar o Chrome novamente...
2025-05-14 08:01:29 - INFO - ====== WebDriver manager ======
2025-05-14 08:01:29 - INFO - Get LATEST chromedriver version for google-chrome
2025-05-14 08:01:30 - INFO - Get LATEST chromedriver version for google-chrome
2025-05-14 08:01:30 - INFO - Driver [/home/locus/.wdm/drivers/chromedriver/linux64/136.0.7103.92/chromedriver-linux64/chromedriver] found in cache
2025-05-14 08:02:31 - ERROR - Erro ao reiniciar o WebDriver: Message: session not created
from chrome not reachable
Stacktrace:
#0 0x6418ec0f178a <unknown>
#1 0x6418ebb93ef3 <unknown>
#2 0x6418ebb7f8d3 <unknown>
#3 0x6418ebbd372c <unknown>
#4 0x6418ebbce98c <unknown>
#5 0x6418ebbc9c0f <unknown>
#6 0x6418ebc19d75 <unknown>
#7 0x6418ebc19296 <unknown>
#8 0x6418ebc0b173 <unknown>
#9 0x6418ebbd7d4b <unknown>
#10 0x6418ebbd89b1 <unknown>
#11 0x6418ec0b693b <unknown>
#12 0x6418ec0ba83a <unknown>
#13 0x6418ec09e692 <unknown>
#14 0x6418ec0bb3c4 <unknown>
#15 0x6418ec0834cf <unknown>
#16 0x6418ec0df568 <unknown>
#17 0x6418ec0df746 <unknown>
#18 0x6418ec0f05f6 <unknown>
#19 0x7416aa0a1e2e <unknown>
#20 0x7416aa133a4c <unknown>

2025-05-14 12:01:43 - ERROR - Erro ao iniciar o WebDriver: Message: session not created
from chrome not reachable
Stacktrace:
#0 0x599b2441578a <unknown>
#1 0x599b23eb7ef3 <unknown>
#2 0x599b23ea38d3 <unknown>
#3 0x599b23ef772c <unknown>
#4 0x599b23ef298c <unknown>
#5 0x599b23eedc0f <unknown>
#6 0x599b23f3dd75 <unknown>
#7 0x599b23f3d296 <unknown>
#8 0x599b23f2f173 <unknown>
#9 0x599b23efbd4b <unknown>
#10 0x599b23efc9b1 <unknown>
#11 0x599b243da93b <unknown>
#12 0x599b243de83a <unknown>
#13 0x599b243c2692 <unknown>
#14 0x599b243df3c4 <unknown>
#15 0x599b243a74cf <unknown>
#16 0x599b24403568 <unknown>
#17 0x599b24403746 <unknown>
#18 0x599b244145f6 <unknown>
#19 0x7b63d3ca1e2e <unknown>
#20 0x7b63d3d33a4c <unknown>

2025-05-14 12:01:43 - INFO - Tentando iniciar o Chrome novamente...
2025-05-14 12:01:53 - INFO - ====== WebDriver manager ======
2025-05-14 12:01:53 - INFO - Get LATEST chromedriver version for google-chrome
2025-05-14 12:01:54 - INFO - Get LATEST chromedriver version for google-chrome
2025-05-14 12:01:54 - INFO - Driver [/home/locus/.wdm/drivers/chromedriver/linux64/136.0.7103.92/chromedriver-linux64/chromedriver] found in cache
2025-05-14 12:02:55 - ERROR - Erro ao reiniciar o WebDriver: Message: session not created
from chrome not reachable
Stacktrace:
#0 0x65247249278a <unknown>
#1 0x652471f34ef3 <unknown>
#2 0x652471f208d3 <unknown>
#3 0x652471f7472c <unknown>
#4 0x652471f6f98c <unknown>
#5 0x652471f6ac0f <unknown>
#6 0x652471fbad75 <unknown>
#7 0x652471fba296 <unknown>
#8 0x652471fac173 <unknown>
#9 0x652471f78d4b <unknown>
#10 0x652471f799b1 <unknown>
#11 0x65247245793b <unknown>
#12 0x65247245b83a <unknown>
#13 0x65247243f692 <unknown>
#14 0x65247245c3c4 <unknown>
#15 0x6524724244cf <unknown>
#16 0x652472480568 <unknown>
#17 0x652472480746 <unknown>
#18 0x6524724915f6 <unknown>
#19 0x73847aea1e2e <unknown>
#20 0x73847af33a4c <unknown>

2025-05-14 16:01:10 - ERROR - Erro ao iniciar o WebDriver: Message: session not created
from chrome not reachable
Stacktrace:
#0 0x55582bf1e75a <unknown>
#1 0x55582b9c0ef3 <unknown>
#2 0x55582b9ac8d3 <unknown>
#3 0x55582ba0072c <unknown>
#4 0x55582b9fb98c <unknown>
#5 0x55582b9f6c0f <unknown>
#6 0x55582ba46d75 <unknown>
#7 0x55582ba46296 <unknown>
#8 0x55582ba38173 <unknown>
#9 0x55582ba04d4b <unknown>
#10 0x55582ba059b1 <unknown>
#11 0x55582bee390b <unknown>
#12 0x55582bee780a <unknown>
#13 0x55582becb662 <unknown>
#14 0x55582bee8394 <unknown>
#15 0x55582beb049f <unknown>
#16 0x55582bf0c538 <unknown>
#17 0x55582bf0c716 <unknown>
#18 0x55582bf1d5c6 <unknown>
#19 0x741e198a1e2e <unknown>
#20 0x741e19933a4c <unknown>

2025-05-14 16:01:10 - INFO - Tentando iniciar o Chrome novamente...
2025-05-14 16:01:20 - INFO - ====== WebDriver manager ======
2025-05-14 16:01:20 - INFO - Get LATEST chromedriver version for google-chrome
2025-05-14 16:01:20 - INFO - Get LATEST chromedriver version for google-chrome
2025-05-14 16:01:21 - INFO - There is no [linux64] chromedriver "136.0.7103.94" for browser google-chrome "136.0.7103" in cache
2025-05-14 16:01:21 - INFO - Get LATEST chromedriver version for google-chrome
2025-05-14 16:01:22 - INFO - WebDriver version 136.0.7103.94 selected
2025-05-14 16:01:22 - INFO - Modern chrome version https://storage.googleapis.com/chrome-for-testing-public/136.0.7103.94/linux64/chromedriver-linux64.zip
2025-05-14 16:01:22 - INFO - About to download new driver from https://storage.googleapis.com/chrome-for-testing-public/136.0.7103.94/linux64/chromedriver-linux64.zip
2025-05-14 16:01:23 - INFO - Driver downloading response is 200
2025-05-14 16:01:24 - INFO - Get LATEST chromedriver version for google-chrome
2025-05-14 16:01:24 - INFO - Driver has been saved in cache [/home/locus/.wdm/drivers/chromedriver/linux64/136.0.7103.94]
2025-05-14 16:02:24 - ERROR - Erro ao reiniciar o WebDriver: Message: session not created
from chrome not reachable
Stacktrace:
#0 0x5b95f6af875a <unknown>
#1 0x5b95f659aef3 <unknown>
#2 0x5b95f65868d3 <unknown>
#3 0x5b95f65da72c <unknown>
#4 0x5b95f65d598c <unknown>
#5 0x5b95f65d0c0f <unknown>
#6 0x5b95f6620d75 <unknown>
#7 0x5b95f6620296 <unknown>
#8 0x5b95f6612173 <unknown>
#9 0x5b95f65ded4b <unknown>
#10 0x5b95f65df9b1 <unknown>
#11 0x5b95f6abd90b <unknown>
#12 0x5b95f6ac180a <unknown>
#13 0x5b95f6aa5662 <unknown>
#14 0x5b95f6ac2394 <unknown>
#15 0x5b95f6a8a49f <unknown>
#16 0x5b95f6ae6538 <unknown>
#17 0x5b95f6ae6716 <unknown>
#18 0x5b95f6af75c6 <unknown>
#19 0x79c49faa1e2e <unknown>
#20 0x79c49fb33a4c <unknown>

