ID,Data,channel_name,language,last_game_name,stream_title,stream_tags,classification_labels,is_branded_content
0,2025-03-21 00:01,zwebackhd,en,EA Sports FC 25,"(+)🥶 NEW DAY, NEW ZWE!! THE CRASHOUT RECOVERY BEGINS NOW!! GER 2 ITA 1?!? Thursday RTG Vibin' !merch !prime","['FIFA', 'SPORTS', 'SOCCER', 'English', 'FC']",[],False
0,2025-03-21 00:02,Hectic,en,Minecraft,🟢SUPER JUICE🟢CRASH OUT🟢#1 MINECRAFTER🟢DIAMONDSSS🟢,"['English', 'USA', 'soccer', 'Football', 'golf', 'golfing', 'ViewerRewards']",[],False
0,2025-03-21 00:02,DamienHaas,en,Monster Hunter Wilds,On Thursdays we wear pelts (of monsters).,"['English', 'NoBackseatingUnlessAsked', 'VoiceActor', 'ViewerRewards']",[],False
0,2025-03-21 00:02,Bullardiniho,en,Assassin's Creed Shadows,AC SHADOWS TIME!! 💥FUT BIRTHDAY 💥 !PSN  !Plus,"['English', 'Football', 'Multiplayer', 'Frontpage', 'FC25', 'FC25ultimateteam', 'Playingwithviewers', 'backseatgamingallowed', 'DropsEnabled']",[],False
0,2025-03-21 00:02,caseoh_,en,Agar.io,🟨LOSING MY MIND🟨,['English'],[],False
0,2025-03-21 00:02,tubbymatt,en,EA Sports FC 25,🔥CLUBS WITH VIEWERS 🔥 SUB PRIO🔥 !Club to join 🔥,['English'],[],False
0,2025-03-21 00:02,coopertv,en,Counter-Strike,🔴FACEIT (MOSTLY) TRYHARD! TOP ELO GAMERS!🔴!tradeit baby :) !registry,"['English', 'Pro', 'Competitive', 'JustChatting']",['MatureGame'],False
0,2025-03-21 00:02,Freakazoid,en,Counter-Strike,🍹THIRSTY THURSDAY FOR ELO🍹!g4skins !tradeit,"['ADHD', 'WORKOUT', '420', 'pro', 'fitness', 'cs', 'English', 'justchatting', 'Competitive']",['MatureGame'],True
0,2025-03-21 00:02,ESLCS,en,Counter-Strike,HIGHLIGHTS: GamerLegion vs paiN - ESL Pro League Season 21,['English'],['MatureGame'],False
1,2025-03-21 00:13,Hectic,en,Minecraft,🟢SUPER JUICE🟢CRASH OUT🟢#1 MINECRAFTER🟢DIAMONDSSS🟢,"['English', 'USA', 'soccer', 'Football', 'golf', 'golfing', 'ViewerRewards']",[],False
1,2025-03-21 00:13,capr1isun,en,Just Chatting,🔴 TRAMPOLINE PARK 🔴 SPECIAL GUESTS 🔴 NEW YT VID OUT 🔴 !Youtube !Discord !Mod 🔴,['English'],[],False
1,2025-03-21 00:13,zwebackhd,en,EA Sports FC 25,"(+)🥶 NEW DAY, NEW ZWE!! THE CRASHOUT RECOVERY BEGINS NOW!! GER 2 ITA 1?!? Thursday RTG Vibin' !merch !prime","['FIFA', 'SPORTS', 'SOCCER', 'English', 'FC']",[],False
1,2025-03-21 00:13,DamienHaas,en,Monster Hunter Wilds,On Thursdays we wear pelts (of monsters).,"['English', 'NoBackseatingUnlessAsked', 'VoiceActor', 'ViewerRewards']",[],False
1,2025-03-21 00:13,neuworldlive,en,inZOI,INZOI SERIES 🦁 DON LOTHARIO IS BACK 🦁 DROPS!,"['Neuworld', 'English', 'gaming', 'inzoi', 'DropsEnabled']",[],False
1,2025-03-21 00:13,caseoh_,en,Half Sword,🟨PREPARED FOR BATTLE🟨,['English'],[],False
1,2025-03-21 00:13,theecornerfive,en,Split Fiction,Stranger Than Fiction | Split Fiction PT.1 w/ @phyferrage,"['English', 'blackgirlgamer', 'gaming', 'PlayStation', 'gamergirl', 'TwitchBlackGuild', 'BlackStreamer', 'splitfiction', 'PC', 'ChaoticChillVibes']",[],False
1,2025-03-21 00:13,PolrrBearr,en,Lego & Brickbuilding,☁️ (18+) STAR WARS LEGOS! + games afterwards? ♡ | !discord !tip,"['English', 'discord', 'LGBTQASafeSpace', 'foxesarecute', 'vrchat', 'pngtuber']",['ProfanityVulgarity'],False
1,2025-03-21 00:13,TEHNEIL,en,Just Chatting,COULDA BEEN LOVE FINALE!🟣NEW GAME NEW ME🟣#CRPRTE !discord !yt🟣scuffed streamer,"['English', 'Black', 'Anime', 'Fashion']",[],False
2,2025-03-21 00:24,Hectic,en,Minecraft,🟢SUPER JUICE🟢CRASH OUT🟢#1 MINECRAFTER🟢DIAMONDSSS🟢,"['English', 'USA', 'soccer', 'Football', 'golf', 'golfing', 'ViewerRewards']",[],False
2,2025-03-21 00:24,DamienHaas,en,Monster Hunter Wilds,On Thursdays we wear pelts (of monsters).,"['English', 'NoBackseatingUnlessAsked', 'VoiceActor', 'ViewerRewards']",[],False
2,2025-03-21 00:24,Bullardiniho,en,Assassin's Creed Shadows,AC SHADOWS TIME!! 💥FUT BIRTHDAY 💥 !PSN  !Plus,"['English', 'Football', 'Multiplayer', 'Frontpage', 'FC25', 'FC25ultimateteam', 'Playingwithviewers', 'backseatgamingallowed', 'DropsEnabled']",[],False
2,2025-03-21 00:24,zwebackhd,en,EA Sports FC 25,"(+)🥶 NEW DAY, NEW ZWE!! THE CRASHOUT RECOVERY BEGINS NOW!! GER 2 ITA 1?!? Thursday RTG Vibin' !merch !prime","['FIFA', 'SPORTS', 'SOCCER', 'English', 'FC']",[],False
2,2025-03-21 00:24,capr1isun,en,Just Chatting,🔴 TRAMPOLINE PARK 🔴 SPECIAL GUESTS 🔴 NEW YT VID OUT 🔴 !Youtube !Discord !Mod !prime 🔴,['English'],[],False
2,2025-03-21 00:25,TheRealPugzilla,en,EA Sports FC 25,Weekend League Prep/Quals - w/Wratched Streaming Machine,"['GoodVibes', 'OldSchool', 'Amish', 'English', 'dog', 'pug', 'pug']",[],False
2,2025-03-21 00:25,TimTheTatmanVODs,en,Marvel Rivals,24/7 MARVEL RIVALS (TIMTHETATMAN FUNNIEST MOMENTS),['English'],[],False
2,2025-03-21 00:25,TenZ,en,Counter-Strike,EXCITING STUFF COMING SOON!!!,"['English', 'Anime', 'FPS']",['MatureGame'],False
2,2025-03-21 00:25,summit1g,en,PUBG: BATTLEGROUNDS,pubg chillin @summit1g !starforge @starforgesystems,['English'],[],True
3,2025-03-21 00:34,shroud,en,Marvel Rivals,[DROPS] BIG bo5's TMRW | !SHROUDX,"['English', 'DropsEnabled']",[],False
3,2025-03-21 00:34,Hectic,en,Minecraft,🟢SUPER JUICE🟢CRASH OUT🟢#1 MINECRAFTER🟢DIAMONDSSS🟢,"['English', 'USA', 'soccer', 'Football', 'golf', 'golfing', 'ViewerRewards']",[],False
3,2025-03-21 00:34,zwebackhd,en,EA Sports FC 25,"(+)🥶 NEW DAY, NEW ZWE!! THE CRASHOUT RECOVERY BEGINS NOW!! GER 2 ITA 1?!? Thursday RTG Vibin' !merch !prime","['FIFA', 'SPORTS', 'SOCCER', 'English', 'FC']",[],False
3,2025-03-21 00:34,DamienHaas,en,Monster Hunter Wilds,On Thursdays we wear pelts (of monsters).,"['English', 'NoBackseatingUnlessAsked', 'VoiceActor', 'ViewerRewards']",[],False
3,2025-03-21 00:34,Bullardiniho,en,Assassin's Creed Shadows,AC SHADOWS TIME!! 💥FUT BIRTHDAY 💥 !PSN  !Plus,"['English', 'Football', 'Multiplayer', 'Frontpage', 'FC25', 'FC25ultimateteam', 'Playingwithviewers', 'backseatgamingallowed', 'DropsEnabled']",[],False
3,2025-03-21 00:34,caseoh_,en,Games + Demos,🟨SPOOKY TIME🟨,['English'],['MatureGame'],False
3,2025-03-21 00:34,soydanielpiedra,es,Minecraft,Capa de la Pelicula de Minecraft,"['gamepass', 'español', 'xbox', 'xboxone', 'Español', 'capa', 'realm', 'pvp', 'minecraft', 'Recompensasdeespectador']",[],False
3,2025-03-21 00:34,Cibergun,es,Minecraft,🎁DROPS MINECRAFT🎁 🟥    Capa GRATIS || Free CAPE  - Java / Bedrock Edition - Con trucos y curiosidades de Minecraft !Cape !drop,"['Minecraft', 'drops', 'Drop', 'minecraft', 'DropsEnabled', 'DropsActivados', 'capa', 'drops', 'cape', 'Español']",[],False
3,2025-03-21 00:34,LeooKnightus,en,Minecraft,[CAPE] Just Mining on play.blossomcraft.org,"['Minecraft', 'BlossomCraft', 'English', 'drops', 'Variety', 'SMP', 'ViewerRewards']",[],True
4,2025-03-21 04:01,Faustography,en,EA Sports FC 25,900K LEFT FOR R9!!! | Any Spare Change?,"['English', 'R9', 'brazil']",[],False
4,2025-03-21 04:01,Ray,en,Tony Hawk's Pro Skater 1+2,!schedule | Grinding to Lvl 100 | Achievements & Chill [Series X],"['TinasHusband', 'FrameRateMerch', 'Number51', 'BetaHetero', 'AwardWinningStreamer', 'MarioPartyMan', 'English']",[],False
4,2025-03-21 04:01,Snipeshot5000,en,EA Sports FC 25,(PRO) TOP 10 ELITE DIV RIVALS | !tactics !discord !coaching !youtube !factor #Factor75Partner,"['Pro', 'ELITE', 'English', 'SpanishAndEnglish', 'HelpsViewers']",[],False
4,2025-03-21 04:01,THENIGELB,en,Just Chatting,TheNigelB 'Just Chatting In 2025',['English'],[],False
4,2025-03-21 04:01,H2ODelirious,en,R.E.P.O.,PRO REPO PLAYER #EpicPartner Creator Code: H2ODelirious,"['h2odelirious', 'funny', 'English']",[],False
4,2025-03-21 04:02,Bengal,en,MLB The Show 25,CO OP WITH DADDYDIMMUTV and GracefulSwan,['English'],[],True
4,2025-03-21 04:02,LetizaTV,pt,VALORANT,a maior do vava | !pix,['Português'],[],False
4,2025-03-21 04:02,JhonnyDrumond,pt,Counter-Strike,de folga hoje mas dandoletiro,['Português'],['MatureGame'],False
4,2025-03-21 04:02,BobSiqueira,pt,Counter-Strike,QUINTA-FEIRA DOS CRIA❗FORMULÁRIO ❗FARM 5X❗TopSkins ❗ Insane gg❗Loja ❗XTSKINS,"['Português', 'Bobzao', 'BobSiqueira', 'CS2', 'cs2stream', 'cs2skin', 'cs2brasil', 'cs2memes', 'cs2gameplay', 'reacts']",['MatureGame'],True
5,2025-03-21 04:13,Ray,en,Tony Hawk's Pro Skater 1+2,!schedule | Grinding to Lvl 100 | Achievements & Chill [Series X],"['TinasHusband', 'FrameRateMerch', 'Number51', 'BetaHetero', 'AwardWinningStreamer', 'MarioPartyMan', 'English']",[],False
5,2025-03-21 04:13,teebeech,en,Just Chatting,WAHS ROOSTERS / REACTION ONLY,"['WOMAN', 'happy', 'cod', 'fortnite', 'oce', 'australia', 'blackops', 'friendly', 'australian', 'dogmum']",[],False
5,2025-03-21 04:13,H2ODelirious,en,R.E.P.O.,PRO REPO PLAYER #EpicPartner Creator Code: H2ODelirious,"['h2odelirious', 'funny', 'English']",[],False
5,2025-03-21 04:13,Bengal,en,MLB The Show 25,CO OP WITH DADDYDIMMUTV and GracefulSwan,['English'],[],True
5,2025-03-21 04:13,Ochris,en,EA Sports FC 25,Vibes - Sub/Follow the !yt !tiktok for stream highlights!,"['English', 'UltimateTeam', 'Chill', 'Beard']",[],False
5,2025-03-21 04:13,TBoneCaponeOG,en,Among Us,1st EVER BONE A THON!! your MOVE Day Deux🟢 CF CAPONE 🟢  #LOC #disabledveterans #weareAYR #stackEDup,"['uswarvet', 'stackedup', 'English']",[],False
6,2025-03-21 04:23,Ponden,en,Sports,F1 CHINESE GRAND PRIX - Sprint Qualifying Build Up,"['English', 'F1', 'Formula1', 'F1Live', 'GrandPrix', 'ChineseGrandPrix', 'China', 'SprintQualifying', 'Watchalong', 'F124']",[],False
6,2025-03-21 04:23,Snipeshot5000,en,EA Sports FC 25,(PRO) TOP 10 ELITE DIV RIVALS | !tactics !discord !coaching !youtube !factor #Factor75Partner,"['Pro', 'ELITE', 'English', 'SpanishAndEnglish', 'HelpsViewers']",[],False
6,2025-03-21 04:23,Ray,en,Tony Hawk's Pro Skater 1+2,!schedule | Grinding to Lvl 100 | Achievements & Chill [Series X],"['TinasHusband', 'FrameRateMerch', 'Number51', 'BetaHetero', 'AwardWinningStreamer', 'MarioPartyMan', 'English']",[],False
6,2025-03-21 04:23,H2ODelirious,en,R.E.P.O.,PRO REPO PLAYER #EpicPartner Creator Code: H2ODelirious,"['h2odelirious', 'funny', 'English']",[],False
6,2025-03-21 04:23,Bengal,en,MLB The Show 25,CO OP WITH DADDYDIMMUTV and GracefulSwan,['English'],[],True
6,2025-03-21 04:23,jblive_tv,en,Sports,"🔴 F1 Live: Chinese GP SPRINT QUALI | Watchalong + Commentary + Data | March 21, 2025 | 2025 Formula 1 Season Live","['F1', 'Formula1', 'Motorsport', 'Motorsports', 'English', 'ChineseGP']",[],False
6,2025-03-21 04:23,umikowai,en,R.E.P.O.,♡ REPO W/ FRIENDS ♡ !lurk ♡ !rizz ♡ !gaslight ♡ !pp ♡ !spotify ♡ !socials ♡,"['VirtualStreamer', 'Awkward', 'NA', 'ASMR', 'VA', 'Latina', 'funnystream', 'marvelrivals', 'repogame', 'repo']",[],False
6,2025-03-21 04:23,strxwberrysky,en,VALORANT,NEW NAME <3 || 18+ || !lurk !pp !rizz,"['English', '18plusstream', 'ChillVibes', 'gamergirl', 'valorant', 'overwatch']",['ProfanityVulgarity'],False
6,2025-03-21 04:23,bpg_4,en,VALORANT,BPG'S DOWNFALL NEEDS TO BE STUDIED,"['English', 'Energetic', 'vibing', 'valorant']",[],False
7,2025-03-21 08:01,MrHugo,es,Minecraft,DROPS | CAPA ESPECIAL DE PELICULA DE MINECRAFT | VER DIRECTO 3 MINUTOS! | !drops,"['Español', 'minecraft', 'MINECRAFT', 'drops', 'Recompensasdeespectador']",[],False
7,2025-03-21 08:02,Stewie2K,en,Counter-Strike,gumption | !giveaway !store !socials !discord !tradeit,"['English', 'FPS', 'CSGO', 'CS2', 'PRO', 'CS', 'Multiplayer']",['MatureGame'],False
7,2025-03-21 08:02,BLASTPremier,en,Counter-Strike,"BLAST Premier Open Spring 2025, Group Stage, Day 3: The Huns vs Falcons,  Astralis vs FaZe Clan, Spirit vs MOUZ, Vitality vs Virtus.pro","['Esports', 'English', 'BLAST', 'blastpremier', 'counterstrike', 'counterstrike2']",['MatureGame'],False
7,2025-03-21 08:02,MarvelRivals,en,Marvel Rivals,[REPLAY] Marvel Rivals Invitational 2025 NA Day 3 (UTC-5）,"['TPS', 'English', 'superhero', 'Shooter', '6v6', 'marvelrivals', 'Action', 'DropsEnabled']",[],False
7,2025-03-21 08:02,dima_wallhacks,en,Counter-Strike,🔴 DIMA vs. EVERY PREMIER RANK (1000 RATING -> 30000 RATING) 🔴 !map !disability !skinsmonkey,"['140IQ', 'English', 'ASMR', 'forsen']",['MatureGame'],False
7,2025-03-21 08:02,nAts,en,VALORANT,Liquid nAts | Back to Berlin | !Alienware !match !where !tg !social [RU/ENG],"['English', 'Русский', 'VALORANT']",[],False
7,2025-03-21 08:02,Elquaria,de,VALORANT,🔴 20H STREAM🔴 !insta,"['Deutsch', 'girl', 'Schweiz', 'german', 'Österreich', 'gaming']",[],False
7,2025-03-21 08:02,FlensburgRP,de,Grand Theft Auto V,Crimler / Gangster gesucht | Streamen darf jede[r] | !mitspielen | !Spieler [in d. Prime] | Deine Einreise-Anleitung steht unten | Vod,"['Deutsch', 'j4fgde', 'rp', 'rpg', 'flensburg', 'flensburgrp', 'GTARP', 'Rollenspiel', 'fivem']",['MatureGame'],False
7,2025-03-21 08:02,fmeo__dixon,en,Just Catting,FMEO__DIXON****Music***** Playing Fortnite,"['Music', 'fortnitegaminglive', 'Fortnite', 'Commentator', 'RollingLoud', '24HourStream', '247Stream', '24h', '72hourstream', '72hourchallenge']",[],True
8,2025-03-21 08:13,MrHugo,es,Minecraft,DROPS | CAPA ESPECIAL DE PELICULA DE MINECRAFT | VER DIRECTO 3 MINUTOS! | !drops,"['Español', 'minecraft', 'MINECRAFT', 'drops', 'Recompensasdeespectador']",[],False
8,2025-03-21 08:13,BLASTPremier,en,Counter-Strike,"BLAST Premier Open Spring 2025, Group Stage, Day 3: The Huns vs Falcons,  Astralis vs FaZe Clan, Spirit vs MOUZ, Vitality vs Virtus.pro","['Esports', 'English', 'BLAST', 'blastpremier', 'counterstrike', 'counterstrike2']",['MatureGame'],False
8,2025-03-21 08:13,Stewie2K,en,Counter-Strike,gumption | !giveaway !store !socials !discord !tradeit,"['English', 'FPS', 'CSGO', 'CS2', 'PRO', 'CS', 'Multiplayer']",['MatureGame'],False
8,2025-03-21 08:13,Ubisoft,en,Assassin's Creed Shadows,🎁DROPS & GIVEAWAYS! 🎁ASSASSIN’S CREED SHADOWS WITH @MCFixer,"['English', 'Action', 'DropsEnabled']",[],False
8,2025-03-21 08:13,MarvelRivals,en,Marvel Rivals,[REPLAY] Marvel Rivals Invitational 2025 NA Day 3 (UTC-5）,"['TPS', 'English', 'superhero', 'Shooter', '6v6', 'marvelrivals', 'Action', 'DropsEnabled']",[],False
8,2025-03-21 08:13,dima_wallhacks,en,Counter-Strike,🔴 DIMA vs. EVERY PREMIER RANK (1000 RATING -> 30000 RATING) 🔴 !map !disability !skinsmonkey,"['140IQ', 'English', 'ASMR', 'forsen']",['MatureGame'],False
8,2025-03-21 08:13,Cibergun,es,Minecraft,🎁DROPS MINECRAFT🎁 🟥    Capa GRATIS || Free CAPE  - Java / Bedrock Edition - Con trucos y curiosidades de Minecraft !Cape !drop,"['Minecraft', 'drops', 'Drop', 'minecraft', 'DropsEnabled', 'DropsActivados', 'capa', 'drops', 'cape', 'Español']",[],False
8,2025-03-21 08:13,YetrTV,en,Minecraft,DROPS: Minecraft Home CAPE - Minecraft Menace Cape !drop !cape,"['English', 'Minecraft', 'trial', 'drops', 'mask', 'cape', 'minecraft', 'ViewerRewards', 'homecape', 'menacecape']",[],False
8,2025-03-21 08:14,Tamara1001,es,Minecraft,[DROPS] AYUDA NO PUEDO DEJAR DE JUGAR MINECRAFT ♡ !redes !ds,"['Latina', 'Mujer', 'Argentina', 'Cámara', 'PC', 'Minecraft', 'Servidor', 'Java', 'Español', 'Mods']",[],False
9,2025-03-21 08:24,MrHugo,es,Minecraft,DROPS | CAPA ESPECIAL DE PELICULA DE MINECRAFT | VER DIRECTO 3 MINUTOS! | !drops,"['Español', 'minecraft', 'MINECRAFT', 'drops', 'Recompensasdeespectador']",[],False
9,2025-03-21 08:24,Stewie2K,en,Counter-Strike,gumption | !giveaway !store !socials !discord !tradeit,"['English', 'FPS', 'CSGO', 'CS2', 'PRO', 'CS', 'Multiplayer']",['MatureGame'],False
9,2025-03-21 08:25,BLASTPremier,en,Counter-Strike,"BLAST Premier Open Spring 2025, Group Stage, Day 3: The Huns vs Falcons,  Astralis vs FaZe Clan, Spirit vs MOUZ, Vitality vs Virtus.pro","['Esports', 'English', 'BLAST', 'blastpremier', 'counterstrike', 'counterstrike2']",['MatureGame'],False
9,2025-03-21 08:25,Ubisoft,en,Assassin's Creed Shadows,🎁DROPS & GIVEAWAYS! 🎁ASSASSIN’S CREED SHADOWS WITH @MCFixer,"['English', 'Action', 'DropsEnabled']",[],False
9,2025-03-21 08:25,MarvelRivals,en,Marvel Rivals,[REPLAY] Marvel Rivals Invitational 2025 NA Day 3 (UTC-5）,"['TPS', 'English', 'superhero', 'Shooter', '6v6', 'marvelrivals', 'Action', 'DropsEnabled']",[],False
9,2025-03-21 08:25,dima_wallhacks,en,Counter-Strike,🔴 DIMA vs. EVERY PREMIER RANK (1000 RATING -> 30000 RATING) 🔴 !map !disability !skinsmonkey,"['140IQ', 'English', 'ASMR', 'forsen']",['MatureGame'],False
9,2025-03-21 08:25,mr_jface,en,ROBLOX,FISCHLIFE(UPDATE PREP) !!!(CODE JFACE) !roblox !discord,"['fortnite', 'engagement', 'roblox', 'funny', 'English', 'Fisch', 'spanish', 'FischRoblox', 'playingwithhviewers', 'Multiplayer']",[],False
9,2025-03-21 08:25,botjayttv,en,ROBLOX,✬ PS99 ✬ Getting Scammed by Preston 😭 ✪ Offical Partner ✪,"['English', 'Deutsch', 'botjaytv', 'RudeStreamer', 'petsimulator99', 'honestman']",[],False
9,2025-03-21 08:25,Arguz11,en,ROBLOX,FREE ROBUX ON PLS DONATE! Commands on screen!,"['giveaway', 'playingwithviewers', 'roblox', 'plsdonate', 'bloxfruit', 'English', 'Rerun', 'Albion', 'mammoth', 'Silver']",[],False
10,2025-03-21 08:36,MrHugo,es,Minecraft,DROPS | CAPA ESPECIAL DE PELICULA DE MINECRAFT | VER DIRECTO 3 MINUTOS! | !drops,"['Español', 'minecraft', 'MINECRAFT', 'drops', 'Recompensasdeespectador']",[],False
10,2025-03-21 08:36,Stewie2K,en,Counter-Strike,gumption | !giveaway !store !socials !discord !tradeit,"['English', 'FPS', 'CSGO', 'CS2', 'PRO', 'CS', 'Multiplayer']",['MatureGame'],False
10,2025-03-21 08:36,BLASTPremier,en,Counter-Strike,"BLAST Premier Open Spring 2025, Group Stage, Day 3: The Huns vs Falcons,  Astralis vs FaZe Clan, Spirit vs MOUZ, Vitality vs Virtus.pro","['Esports', 'English', 'BLAST', 'blastpremier', 'counterstrike', 'counterstrike2']",['MatureGame'],False
10,2025-03-21 08:37,Ubisoft,en,Assassin's Creed Shadows,🎁DROPS & GIVEAWAYS! 🎁ASSASSIN’S CREED SHADOWS WITH @MCFixer,"['English', 'Action', 'DropsEnabled']",[],False
10,2025-03-21 08:37,MarvelRivals,en,Marvel Rivals,[REPLAY] Marvel Rivals Invitational 2025 NA Day 3 (UTC-5）,"['TPS', 'English', 'superhero', 'Shooter', '6v6', 'marvelrivals', 'Action', 'DropsEnabled']",[],False
10,2025-03-21 08:37,dima_wallhacks,en,Counter-Strike,🔴 DIMA vs. EVERY PREMIER RANK (1000 RATING -> 30000 RATING) 🔴 !map !disability !skinsmonkey,"['140IQ', 'English', 'ASMR', 'forsen']",['MatureGame'],False
10,2025-03-21 08:37,meeeows,en,Fortnite,pew da pews || !YT || !epic - code MEEEOWS || !focus || !throne,"['English', 'wholesome', 'goodvibes', 'potatogamer']",[],False
10,2025-03-21 08:37,MAXX,en,Monster Hunter Wilds,18+【UNCAPPED DONOTHON】DAY 16 | FARMING FARMING FARMING FARMING | !rewards !dono !discord,"['vtuber', 'Variety', 'ADHD', 'Chaotic', 'English', 'Gremlin', 'Furry', 'skunk', 'Horror', 'Loud']",[],False
10,2025-03-21 08:37,DaijoubuInumaki,en,I'm Only Sleeping,"| ♡ |[24hr] Comfy Cozy! | ♡ |  !oilers, !throne","['English', 'TwitchBlackGuild', 'BlackVTuber', 'FilipinoVTuber', 'Chill', 'DemonVTuber', 'Comfy', 'SleepDeprived', 'AsianStreamer']",['ProfanityVulgarity'],False
11,2025-03-21 08:46,Glorious_E,en,Escape from Tarkov,Prestige 2 lets get our 3 Kappa o7  !Stjude - Charity stream for the !Kids  - join my !socials | @glorious_e,"['PVP', 'English']",['MatureGame'],False
11,2025-03-21 08:46,MrHugo,es,Minecraft,DROPS | CAPA ESPECIAL DE PELICULA DE MINECRAFT | VER DIRECTO 3 MINUTOS! | !drops,"['Español', 'minecraft', 'MINECRAFT', 'drops', 'Recompensasdeespectador']",[],False
11,2025-03-21 08:46,BLASTPremier,en,Counter-Strike,"BLAST Premier Open Spring 2025, Group Stage, Day 3: The Huns vs Falcons,  Astralis vs FaZe Clan, Spirit vs MOUZ, Vitality vs Virtus.pro","['Esports', 'English', 'BLAST', 'blastpremier', 'counterstrike', 'counterstrike2']",['MatureGame'],False
11,2025-03-21 08:46,olofmeister,en,Counter-Strike,🤓 YESTERDAY IS YESTERDAY 🤓 TODAY IS TODAY 🤓 TOMORROW IS TOMORROW 🤓 HUGE NEW !UPDATE BTW (BY THE WAY) 🤓,"['PLAYING', 'pro', 'English', 'beast', 'twotimemajorwinner', 'CS2', 'legend', 'chill']",['MatureGame'],False
11,2025-03-21 08:46,ibai,es,Just Chatting,7 Días Siendo Jugador Profesional - Día 5 - Luz al final del túnel.,"['Español', 'IRL', 'Chatting', 'KOI']",[],False
11,2025-03-21 08:46,MarvelRivals,en,Marvel Rivals,[REPLAY] Marvel Rivals Invitational 2025 NA Day 3 (UTC-5）,"['TPS', 'English', 'superhero', 'Shooter', '6v6', 'marvelrivals', 'Action', 'DropsEnabled']",[],False
11,2025-03-21 08:46,Ache,es,Fortnite,REGALO ESPECIAL de FORTNITE y TORNEO SKIN de CLIX 🏆,"['Español', 'Shooter', 'Fortnite', 'ache']",[],False
11,2025-03-21 08:47,Recuerd0p,es,Fortnite,✅HOY TENGO🎁REGALITO🎁 de FORTNITE 😱CÓDIGO: RECU #EPICPARTNER | ROAD TO 1000 SUBS  FORTNITE,"['Español', 'fortnite', 'fortnitees', 'epicpartner', 'nuevatemporada', 'fortinitebattleroyale', 'fortnitelawless', 'fortnitebandidos']",[],False
11,2025-03-21 08:47,DonAngelillo,es,Fortnite,☑️ENTRA Y JUGAMOS | ESTOY LOCO✅ | !comandos | Código @donangelillo,"['Español', 'fortinte', 'jugandoconseguidores', 'jugandoconespoectadores', 'canarias', 'España']",[],False
12,2025-03-21 12:01,MrHugo,es,Minecraft,DROPS | CAPA ESPECIAL DE PELICULA DE MINECRAFT | VER DIRECTO 3 MINUTOS! | !drops,"['Español', 'minecraft', 'MINECRAFT', 'drops', 'Recompensasdeespectador']",[],False
12,2025-03-21 12:01,BLASTPremier,en,Counter-Strike,"BLAST Premier Open Spring 2025, Group Stage, Day 3: The Huns vs Falcons,  Astralis vs FaZe Clan, Spirit vs MOUZ, Vitality vs Virtus.pro","['Esports', 'English', 'BLAST', 'blastpremier', 'counterstrike', 'counterstrike2']",['MatureGame'],False
12,2025-03-21 12:01,GothamChess,en,Chess,No more streams | !special,['English'],[],False
12,2025-03-21 12:01,viegetables,en,Minecraft,"[+18] stop, drop, and roll","['LGBT', 'SafeSpace', 'VarietyStreamer', 'CosyChaos', 'VtuberEN', 'English', 'Anime', 'Aussie', 'ViewerRewards']",[],False
12,2025-03-21 12:01,ohnePixel,en,Counter-Strike,🔴SPIRIT vs MOUZ | BLAST LISBON 2025🔴,"['English', 'Esports']",['MatureGame'],False
12,2025-03-21 12:01,TwitchRivals,en,Special Events,"Co-streaming @tubbo esports Bootcamp - For more, visit twitch.tv/tubbo",['English'],[],True
12,2025-03-21 12:02,Tazkabaz,en,The Sims 4,ending the week with 100 baby challenge! | !100baby !throne !nellie,"['English', 'FamilyFriendly', 'England', 'ClosedCaptions', 'thesims4']",[],False
12,2025-03-21 12:02,Lillulah,en,Co-working & Studying,co-working and reading club!🌼(games later),"['cosy', 'cozy', 'ocd', 'chatty', 'dannydevito', 'English', 'LGBTQIAPlus', 'hatdag', 'slitherlegs']",[],False
12,2025-03-21 12:02,dallastheghoul,en,Split Fiction,Splitting Fictionally With Lexy! | Split Fiction,"['MyWifeIsTheBest', 'English']",[],False
13,2025-03-21 12:11,MrHugo,es,Minecraft,DROPS | CAPA ESPECIAL DE PELICULA DE MINECRAFT | VER DIRECTO 3 MINUTOS! | !drops,"['Español', 'minecraft', 'MINECRAFT', 'drops', 'Recompensasdeespectador']",[],False
13,2025-03-21 12:12,BLASTPremier,en,Counter-Strike,"BLAST Premier Open Spring 2025, Group Stage, Day 3: The Huns vs Falcons,  Astralis vs FaZe Clan, Spirit vs MOUZ, Vitality vs Virtus.pro","['Esports', 'English', 'BLAST', 'blastpremier', 'counterstrike', 'counterstrike2']",['MatureGame'],False
13,2025-03-21 12:12,GothamChess,en,Chess,No more streams | !special,['English'],[],False
13,2025-03-21 12:12,ohnePixel,en,Counter-Strike,🔴SPIRIT vs MOUZ | BLAST LISBON 2025🔴,"['English', 'Esports']",['MatureGame'],False
13,2025-03-21 12:12,viegetables,en,Minecraft,"[+18] stop, drop, and roll","['LGBT', 'SafeSpace', 'VarietyStreamer', 'CosyChaos', 'VtuberEN', 'English', 'Anime', 'Aussie', 'ViewerRewards']",[],False
13,2025-03-21 12:12,TwitchRivals,en,Special Events,"Co-streaming @tubbo esports Bootcamp - For more, visit twitch.tv/tubbo",['English'],[],True
13,2025-03-21 12:12,Beardageddon,en,Sea of Thieves,THIS is the live stream !247 !GS !prime !mobile,"['English', 'Casual', 'Interactive', 'ChatInteraction', 'PvP', 'PvE', 'chill', 'moderated', 'NoPolitics']",[],True
13,2025-03-21 12:12,BriittyBear,en,Sea of Thieves,Hyped and HAPPY!! HAPPY FRIDAY! *BriittyBear.com* TTS200 (!keg) (!merch),"['Hype', 'Chatty', 'MentalHealth', 'LGBTQIA', 'SeaOfThievesPartner', 'NormalHands', 'NormalForehead', 'NotAnAlien', 'HighEnergy', 'English']",[],False
13,2025-03-21 12:12,Flux,en,Sea of Thieves,🟩 PLUNDERPASS GIVEAWAY 🟩 REAL PIRATE LEGEND,"['seaofthieves', 'Pirate', 'English', 'drops', 'Adventure', 'PvP']",[],False
14,2025-03-21 12:23,MrHugo,es,Minecraft,DROPS | CAPA ESPECIAL DE PELICULA DE MINECRAFT | VER DIRECTO 3 MINUTOS! | !drops,"['Español', 'minecraft', 'MINECRAFT', 'drops', 'Recompensasdeespectador']",[],False
14,2025-03-21 12:23,BLASTPremier,en,Counter-Strike,"BLAST Premier Open Spring 2025, Group Stage, Day 3: The Huns vs Falcons,  Astralis vs FaZe Clan, Spirit vs MOUZ, Vitality vs Virtus.pro","['Esports', 'English', 'BLAST', 'blastpremier', 'counterstrike', 'counterstrike2']",['MatureGame'],False
14,2025-03-21 12:23,GothamChess,en,Chess,No more streams | !special,['English'],[],False
14,2025-03-21 12:23,maskenissen,en,Chess,tellement loin de ce monde,['English'],[],True
14,2025-03-21 12:23,ohnePixel,en,Counter-Strike,🔴SPIRIT vs MOUZ | BLAST LISBON 2025🔴,"['English', 'Esports']",['MatureGame'],False
14,2025-03-21 12:23,VEGETTA777,es,inZOI,Primera vez en INZOI ¿Es mejor que los SIMS?,"['Español', 'vegetta777', 'DropsActivados']",[],True
14,2025-03-21 12:23,fl0m,en,Counter-Strike,SPIRIT VS MOUZ BLAST OPEN LISBON  🥗 road to 1 million followers,"['BEARD', 'Washed', 'Pro', 'CONTENT', 'FAT', 'NotFat', 'NOTlate', 'SwoleDaddy', 'English']",['MatureGame'],True
14,2025-03-21 12:23,ESLCS,en,Counter-Strike,HIGHLIGHTS: FURIA vs M80 - ESL Pro League Season 21,['English'],['MatureGame'],False
14,2025-03-21 12:23,Rekkles,en,League of Legends,🔴 Los Ratones Support 🔴,['English'],[],False
15,2025-03-21 16:01,MrHugo,es,Minecraft,DROPS | CAPA ESPECIAL DE PELICULA DE MINECRAFT | VER DIRECTO 3 MINUTOS! | !drops,"['Español', 'minecraft', 'MINECRAFT', 'drops', 'Recompensasdeespectador']",[],False
15,2025-03-21 16:01,TheFutAccountant,en,EA Sports FC 25,GULLIT SBC DAY !prime !code,"['FIFA', 'Soccer', 'Football', 'English']",[],False
15,2025-03-21 16:01,BLASTPremier,en,Counter-Strike,"BLAST Premier Open Spring 2025, Group Stage, Day 3: The Huns vs Falcons,  Astralis vs FaZe Clan, Spirit vs MOUZ, Vitality vs Virtus.pro","['Esports', 'English', 'BLAST', 'blastpremier', 'counterstrike', 'counterstrike2']",['MatureGame'],False
15,2025-03-21 16:02,KaiCenat,en,Just Chatting,🇧🇷 IRL BRAZIL STREAM 🇧🇷,"['English', 'ADHD', 'LOUD', 'gaming', 'AMP']",[],False
15,2025-03-21 16:02,ohnePixel,en,Counter-Strike,🔴SPIRIT vs MOUZ | BLAST LISBON 2025🔴,"['English', 'Esports']",['MatureGame'],False
15,2025-03-21 16:02,MeatyMarley,en,Tom Clancy's Rainbow Six Siege,🔴R6 CUP WITH PRO PLAYERS🔴CARRYING SPOIT?🔴BECOMING PRO?🔴USE CODE MARLEY AT !GAMERSUPPS🔴,['English'],['MatureGame'],False
15,2025-03-21 16:02,vanessuh,en,Fortnite,ROCKING THE NEW CLIX ICON !SKIN #EpicPartner | MILK CUP ANNOUNCED FINALLY,"['Ally', 'SafeSpace', 'shortgirlragesatkidsgame', 'NOTFamilyFriendly', 'English', 'Interactive']",[],False
15,2025-03-21 16:02,FoxMan,en,Fortnite,#1 Unreal Worldwide Solos 180+👑 | Code: FoxMan1x | !controller !pc !paradox,"['ninja', 'English', 'xqc', 'kaicenat', 'mongraal', 'bugha', 'tfue', 'joebartolozzi', 'Prospering', 'smacko']",[],False
15,2025-03-21 16:02,RuflessCat,en,Fortnite,CLIX SKIN EARLY | !madrinas | Use Code: RuflessCat | 198+ Crowns 👑,"['English', 'Cozy', 'Aliens', 'ｓｏｌｏ', 'Boomer', 'ZeroBuildFortnite']",[],False
16,2025-03-21 16:11,MrHugo,es,Minecraft,DROPS | CAPA ESPECIAL DE PELICULA DE MINECRAFT | VER DIRECTO 3 MINUTOS! | !drops,"['Español', 'minecraft', 'MINECRAFT', 'drops', 'Recompensasdeespectador']",[],False
16,2025-03-21 16:11,TheFutAccountant,en,EA Sports FC 25,GULLIT SBC DAY !prime !code,"['FIFA', 'Soccer', 'Football', 'English']",[],False
16,2025-03-21 16:11,KaiCenat,en,Just Chatting,🇧🇷 IRL BRAZIL STREAM 🇧🇷,"['English', 'ADHD', 'LOUD', 'gaming', 'AMP']",[],False
16,2025-03-21 16:11,BLASTPremier,en,Counter-Strike,"BLAST Premier Open Spring 2025, Group Stage, Day 3: The Huns vs Falcons,  Astralis vs FaZe Clan, Spirit vs MOUZ, Vitality vs Virtus.pro","['Esports', 'English', 'BLAST', 'blastpremier', 'counterstrike', 'counterstrike2']",['MatureGame'],False
16,2025-03-21 16:11,MeatyMarley,en,Tom Clancy's Rainbow Six Siege,🔴R6 CUP WITH PRO PLAYERS🔴CARRYING SPOIT?🔴BECOMING PRO?🔴USE CODE MARLEY AT !GAMERSUPPS🔴,['English'],['MatureGame'],False
16,2025-03-21 16:11,Mixwell,es,R.E.P.O.,5 STACK CON OTAKAR Y BORJA 23:00 VCT AMERICAS WATCHPARTY !OPGG,"['Español', 'valorant', 'watchparty', 'pro']",[],False
16,2025-03-21 16:11,HandsomeD11,pt,Devil May Cry,Devil May Cry 1 - HD collection (PC) - primeira vez no jogo (eu acho) - !pix !regras !discord,['Português'],['MatureGame'],False
16,2025-03-21 16:11,lucasziemlix0,pt,Virtual Casino,🟡 AO VIVO 🟡CASSINANDO e CONVERSANDO !superbet !pix !instagram !hot,['Português'],[],False
16,2025-03-21 16:12,Oozyzk,pt,Just Chatting,92/312 | ❌ @OOZYPLUS ❌ @OOZYPLUS2 ❌ @OOZYPLUS3 ❌ @OOZYPLUS4 ❌ @OOZYPLUS5 ❌ !REDES❌ !MALUF❌!LGBT,['Português'],[],False
17,2025-03-21 16:23,MrHugo,es,Minecraft,DROPS | CAPA ESPECIAL DE PELICULA DE MINECRAFT | VER DIRECTO 3 MINUTOS! | !drops,"['Español', 'minecraft', 'MINECRAFT', 'drops', 'Recompensasdeespectador']",[],False
17,2025-03-21 16:23,TheFutAccountant,en,EA Sports FC 25,GULLIT SBC DAY !prime !code,"['FIFA', 'Soccer', 'Football', 'English']",[],False
17,2025-03-21 16:23,KaiCenat,en,Just Chatting,🇧🇷 IRL BRAZIL STREAM 🇧🇷,"['English', 'ADHD', 'LOUD', 'gaming', 'AMP']",[],False
17,2025-03-21 16:23,BLASTPremier,en,Counter-Strike,"BLAST Premier Open Spring 2025, Group Stage, Day 3: The Huns vs Falcons,  Astralis vs FaZe Clan, Spirit vs MOUZ, Vitality vs Virtus.pro","['Esports', 'English', 'BLAST', 'blastpremier', 'counterstrike', 'counterstrike2']",['MatureGame'],False
17,2025-03-21 16:23,MeatyMarley,en,Tom Clancy's Rainbow Six Siege,🔴R6 CUP WITH PRO PLAYERS🔴CARRYING SPOIT?🔴BECOMING PRO?🔴USE CODE MARLEY AT !GAMERSUPPS🔴,['English'],['MatureGame'],False
17,2025-03-21 16:23,Mixwell,es,R.E.P.O.,5 STACK CON OTAKAR Y BORJA 23:00 VCT AMERICAS WATCHPARTY !OPGG,"['Español', 'valorant', 'watchparty', 'pro']",[],False
17,2025-03-21 16:23,XSaltyR3AL,en,ROBLOX,💸 Donating ROBUX to viewers 💸 |  Marbles Races for 100 Robux! | !discord !profile !reward,"['donating', 'donatingrobux', 'roblox', 'robux', 'giveaway', 'English', 'Marbles']",['ProfanityVulgarity'],False
17,2025-03-21 16:23,darealbiggg,en,Just Chatting,🔴LIVE🔴 *24 HOUR STREAM*,"['English', 'blackstremer', 'gamer', 'gaming', 'Fortnite', 'gamingandvibing', 'gamingstreaming', 'funny']",['ProfanityVulgarity'],False
17,2025-03-21 16:24,CzRansei,en,ROBLOX,Pls donate raising /roblox studio (trying to get a verrified day 15) | english |,"['English', 'roblox', 'PlsDonateLive', 'plsdonateroblox']",[],False
18,2025-03-21 16:31,MrHugo,es,Minecraft,DROPS | CAPA ESPECIAL DE PELICULA DE MINECRAFT | VER DIRECTO 3 MINUTOS! | !drops,"['Español', 'minecraft', 'MINECRAFT', 'drops', 'Recompensasdeespectador']",[],False
18,2025-03-21 16:31,TheFutAccountant,en,EA Sports FC 25,GULLIT SBC DAY !prime !code,"['FIFA', 'Soccer', 'Football', 'English']",[],False
18,2025-03-21 16:31,KaiCenat,en,Just Chatting,🇧🇷 IRL BRAZIL STREAM 🇧🇷,"['English', 'ADHD', 'LOUD', 'gaming', 'AMP']",[],False
18,2025-03-21 16:31,BLASTPremier,en,Counter-Strike,"BLAST Premier Open Spring 2025, Group Stage, Day 3: The Huns vs Falcons,  Astralis vs FaZe Clan, Spirit vs MOUZ, Vitality vs Virtus.pro","['Esports', 'English', 'BLAST', 'blastpremier', 'counterstrike', 'counterstrike2']",['MatureGame'],False
18,2025-03-21 16:31,MeatyMarley,en,Tom Clancy's Rainbow Six Siege,🔴R6 CUP WITH PRO PLAYERS🔴CARRYING SPOIT?🔴BECOMING PRO?🔴USE CODE MARLEY AT !GAMERSUPPS🔴,['English'],['MatureGame'],False
18,2025-03-21 16:31,Mixwell,es,R.E.P.O.,5 STACK CON OTAKAR Y BORJA 23:00 VCT AMERICAS WATCHPARTY !OPGG,"['Español', 'valorant', 'watchparty', 'pro']",[],False
18,2025-03-21 16:31,Skiazelle,en,Overwatch 2,[EN/SG] - [18+] - owowowowo w/ @moonreivt || !lurk !socials !fish,"['Singapore', 'Chilled', 'Vtuber', 'NoBackseating', 'beginner', 'English', 'DropsEnabled']",['ProfanityVulgarity'],False
18,2025-03-21 16:31,Elfilea_,en,R.E.P.O.,Yap and R.E.P.O with Chat! ⋮ !merch !socials !lurk  !discord ⋮ @elfileaa,"['vtuber', 'cozy', 'envtuber', 'anime', 'girl', 'asmr', 'English', 'justchatting']",[],False
18,2025-03-21 16:31,KentangBakor,en,R.E.P.O.,[EN/MY] repo ?,"['Cozy', 'Chilled', 'English', 'Malaysia', 'Live2D', 'NoBackseating', '18MatureContent', 'DigitalArt']",[],False
19,2025-03-21 16:39,MrHugo,es,Minecraft,DROPS | CAPA ESPECIAL DE PELICULA DE MINECRAFT | VER DIRECTO 3 MINUTOS! | !drops,"['Español', 'minecraft', 'MINECRAFT', 'drops', 'Recompensasdeespectador']",[],False
19,2025-03-21 16:39,TheFutAccountant,en,EA Sports FC 25,GULLIT SBC DAY !prime !code,"['FIFA', 'Soccer', 'Football', 'English']",[],False
19,2025-03-21 16:39,KaiCenat,en,Just Chatting,🇧🇷 IRL BRAZIL STREAM 🇧🇷,"['English', 'ADHD', 'LOUD', 'gaming', 'AMP']",[],False
19,2025-03-21 16:39,MeatyMarley,en,Tom Clancy's Rainbow Six Siege,🔴R6 CUP WITH PRO PLAYERS🔴CARRYING SPOIT?🔴BECOMING PRO?🔴USE CODE MARLEY AT !GAMERSUPPS🔴,['English'],['MatureGame'],False
19,2025-03-21 16:39,BLASTPremier,en,Counter-Strike,"BLAST Premier Open Spring 2025, Group Stage, Day 3: The Huns vs Falcons,  Astralis vs FaZe Clan, Spirit vs MOUZ, Vitality vs Virtus.pro","['Esports', 'English', 'BLAST', 'blastpremier', 'counterstrike', 'counterstrike2']",['MatureGame'],False
19,2025-03-21 16:39,Jynxzi,en,Tom Clancy's Rainbow Six Siege,[80/365] 🟥 SIEGE CUP @ 8PM ET 🟥,"['English', 'LOUD', 'ADHD']",['MatureGame'],False
20,2025-03-21 20:01,MrHugo,es,Minecraft,DROPS | CAPA ESPECIAL DE PELICULA DE MINECRAFT | VER DIRECTO 3 MINUTOS! | !drops,"['Español', 'minecraft', 'MINECRAFT', 'drops', 'Recompensasdeespectador']",[],False
20,2025-03-21 20:02,ohnePixel,en,Just Chatting,🔴RAREST CARS AT AUCTION LIVE🔴,"['English', 'Esports']",[],False
20,2025-03-21 20:02,eckoxsoldier,en,Minecraft,"🔴NEW CAPES !DROPS MINECRAFT ""HOME CAPE & MENANCE CAPE"" || Better On Bedrock Enhanced #PCGamePassPartner","['English', 'ViewerRewards']",[],False
20,2025-03-21 20:02,Stewie2K,en,Counter-Strike,gumption |  !store !socials !discord !tradeit,"['English', 'FPS', 'CSGO', 'CS2', 'PRO', 'CS', 'Multiplayer']",['MatureGame'],False
20,2025-03-21 20:02,Paddy,en,EA Sports FC 25,🎉15-0 In Champs for the FIRST Time?🎉,"['mrpaddymurphy', 'fc25', 'futchamps', 'champs', 'irish', 'English', 'lfc', 'liverpool', 'football']",[],False
20,2025-03-21 20:02,shroud,en,Marvel Rivals,[DROPS] RAD vs NTMR | !SHROUDX,"['English', 'DropsEnabled']",[],False
20,2025-03-21 20:02,Lobanjicaa,en,Counter-Strike,"🔴CS2 PREMIER 🔴 - type !shuffle for $30,000 !leaderboard - !rain !packdraw !dmarket !csgo - lobanjica.com ($50,000 REWARDS)",['English'],['MatureGame'],True
20,2025-03-21 20:02,NEXA25,en,Counter-Strike,Faceit 3.9k elo SoloQ   !bc,['English'],['MatureGame'],False
20,2025-03-21 20:02,ArrowCS,en,Counter-Strike,🔴CS2 SKINS ECONOMY🔴NEWS🔴CHECKING VIEWER SKINS LATER🔴,['English'],['MatureGame'],False
21,2025-03-21 20:11,MrHugo,es,Minecraft,DROPS | CAPA ESPECIAL DE PELICULA DE MINECRAFT | VER DIRECTO 3 MINUTOS! | !drops,"['Español', 'minecraft', 'MINECRAFT', 'drops', 'Recompensasdeespectador']",[],False
21,2025-03-21 20:11,ohnePixel,en,Just Chatting,🔴RAREST CARS AT AUCTION LIVE🔴,"['English', 'Esports']",[],False
21,2025-03-21 20:11,Stewie2K,en,Counter-Strike,gumption |  !store !socials !discord !tradeit,"['English', 'FPS', 'CSGO', 'CS2', 'PRO', 'CS', 'Multiplayer']",['MatureGame'],False
21,2025-03-21 20:11,Anomaly,en,Counter-Strike,🔴NEW UPDATE🔴CHARM WORKSHOP🔴 !pirateswap !skinsmonkey,"['English', 'Fat', 'CS2']",['MatureGame'],False
21,2025-03-21 20:11,Paddy,en,EA Sports FC 25,🎉15-0 In Champs for the FIRST Time?🎉,"['mrpaddymurphy', 'fc25', 'futchamps', 'champs', 'irish', 'English', 'lfc', 'liverpool', 'football']",[],False
21,2025-03-21 20:11,shroud,en,Marvel Rivals,[DROPS] RAD vs NTMR | !SHROUDX,"['English', 'DropsEnabled']",[],False
21,2025-03-21 20:11,Grubby,en,Warcraft III,2500 MMR Orc Achieved - Goal to get off-races to 2200 MMR - link me your w3c match to review replay,['English'],[],False
21,2025-03-21 20:11,Xaryu,en,World of Warcraft,!DROPS 💀 <ONLYFANGS> DO WE DIE IN BWL TMRW? 1pm CST💀  HC !SOLO DUNGEONS TODAY? 💀 !roster !ag1,"['English', 'DropsEnabled']",[],True
21,2025-03-21 20:11,sodapoppin,en,Orcs Must Die! Deathtrap,Gaming time. Big wow raid tmrw | !starforge !gamersupps,['English'],[],True
22,2025-03-21 20:19,MrHugo,es,Minecraft,DROPS | CAPA ESPECIAL DE PELICULA DE MINECRAFT | VER DIRECTO 3 MINUTOS! | !drops,"['Español', 'minecraft', 'MINECRAFT', 'drops', 'Recompensasdeespectador']",[],False
22,2025-03-21 20:19,ohnePixel,en,Just Chatting,🔴RAREST CARS AT AUCTION LIVE🔴,"['English', 'Esports']",[],False
22,2025-03-21 20:19,Unboxholics,en,R.E.P.O.,"R.E.P.O. 4 CO-OP LIVESTREAM! | Alex, Sakis, Stratoulis, Anastasis | 21/3 @23:45","['unboxholics', 'horrornight', 'uh', 'uhhorror', 'English']",[],False
22,2025-03-21 20:19,Jynxzi,en,Tom Clancy's Rainbow Six Siege,[80/365] 🟥 SIEGE CUP @ 8PM ET 🟥,"['English', 'LOUD', 'ADHD']",['MatureGame'],False
22,2025-03-21 20:19,Stewie2K,en,Counter-Strike,gumption |  !store !socials !discord !tradeit,"['English', 'FPS', 'CSGO', 'CS2', 'PRO', 'CS', 'Multiplayer']",['MatureGame'],False
22,2025-03-21 20:19,TenZ,en,VALORANT,C9 VS NRG VCT AMERICAS WATCH PARTY,"['English', 'Anime', 'FPS']",[],False
22,2025-03-21 20:20,Peereira7,es,Amenti,☢️EL MEJOR STREAMER☢️SHOR STREAM☢️MI PRIMER SPARRING☢️TERROR NIGHT V19☢️FORTNITE KING☢️INMORTAL ACCOUNT☢️VALORANT GAS☢️ESLAND FARMER☢️,['Español'],[],False
22,2025-03-21 20:20,nosoymaiki,en,Fortnite,🚨Copa Clix (CON SU SKIN)🚨 #EpicPartner,"['California', 'Nintendo', 'MarioKart8Deluxe', 'Español', 'Fortnite', 'humor', 'englis', 'spani', 'ZeroBuildFortnite', 'English']",[],False
22,2025-03-21 20:20,juansguarnizo,es,Marvel Rivals,Marvel Rivals + El botón en Minecraft + Chupi 🍺,['Español'],[],False
23,2025-03-21 20:29,MrHugo,es,Minecraft,DROPS | CAPA ESPECIAL DE PELICULA DE MINECRAFT | VER DIRECTO 3 MINUTOS! | !drops,"['Español', 'minecraft', 'MINECRAFT', 'drops', 'Recompensasdeespectador']",[],False
23,2025-03-21 20:29,Paddy,en,EA Sports FC 25,🎉15-0 In Champs for the FIRST Time?🎉,"['mrpaddymurphy', 'fc25', 'futchamps', 'champs', 'irish', 'English', 'lfc', 'liverpool', 'football']",[],False
23,2025-03-21 20:29,shroud,en,Marvel Rivals,[DROPS] RAD vs NTMR | !SHROUDX,"['English', 'DropsEnabled']",[],False
23,2025-03-21 20:29,Jynxzi,en,Tom Clancy's Rainbow Six Siege,[80/365] 🟥 SIEGE CUP @ 8PM ET 🟥,"['English', 'LOUD', 'ADHD']",['MatureGame'],False
23,2025-03-21 20:29,Clix,en,Fortnite,🏆 WINNING MY ICON CUP 🏆 NEW CLIX MAP !rvb | GIVING AWAY CLIX BUNDLES | !merch !code !tycoon,['English'],[],False
23,2025-03-21 20:29,Mixwell,es,VALORANT,[ES] C9 vs NRG | KRU vs LOUD #VCTWATCHPARTY - WATCHPARTY con @b0rja y @lucasrojo // !opgg !redes,"['Español', 'valorant', 'watchparty', 'pro']",[],False
23,2025-03-21 20:29,SimmerSwig,en,The Sims 4,Businesses & Hobbies \\\\ The Craft Family \\\\ Part 5,"['sims', 'sims4', 'petcam', 'smallstreamer', 'thesims4', 'English', 'cozyvibes', 'thesims']",[],False
23,2025-03-21 20:30,hayleykat,en,Minecraft,"[NEAT DUDE SMP] candyland decorating, amazing race @ 9ET, repo later??? | !ndsmp","['English', 'ViewerRewards']",[],False
23,2025-03-21 20:30,zefrine,en,The Sims 4,(Giveaway/Subathon) Building an Equine School #EAPartner ❗jbl ❗social,"['lgbtqia', 'English', 'plussize', 'Pansexual', 'BodyPositivity', 'wholesome', 'cozy', 'familyfriendly', 'bisexual', 'ADHD']",[],False
24,2025-03-21 20:40,MrHugo,es,Minecraft,DROPS | CAPA ESPECIAL DE PELICULA DE MINECRAFT | VER DIRECTO 3 MINUTOS! | !drops,"['Español', 'minecraft', 'MINECRAFT', 'drops', 'Recompensasdeespectador']",[],False
24,2025-03-21 20:40,Paddy,en,EA Sports FC 25,🎉15-0 In Champs for the FIRST Time?🎉,"['mrpaddymurphy', 'fc25', 'futchamps', 'champs', 'irish', 'English', 'lfc', 'liverpool', 'football']",[],False
24,2025-03-21 20:40,shroud,en,Marvel Rivals,[DROPS] RAD vs NTMR | !SHROUDX,"['English', 'DropsEnabled']",[],False
24,2025-03-21 20:40,Jynxzi,en,Tom Clancy's Rainbow Six Siege,[80/365] 🟥 SIEGE CUP @ 8PM ET 🟥,"['English', 'LOUD', 'ADHD']",['MatureGame'],False
24,2025-03-21 20:40,Mixwell,es,VALORANT,[ES] C9 vs NRG | KRU vs LOUD #VCTWATCHPARTY - WATCHPARTY con @b0rja y @lucasrojo // !opgg !redes,"['Español', 'valorant', 'watchparty', 'pro']",[],False
24,2025-03-21 20:40,Clix,en,Fortnite,🏆 WINNING MY ICON CUP 🏆 NEW CLIX MAP !rvb | GIVING AWAY CLIX BUNDLES | !merch !code !tycoon,['English'],[],False
24,2025-03-21 20:40,bateson87,en,EA Sports FC 25,DREAMCHASERS ✅ Free Sub ▶️ !prime !FC25Code,"['football', 'fifa', 'bald', 'soccer', 'beard', 'English', 'fc25', 'fc']",[],False
24,2025-03-21 20:40,El_Dunko,en,EA Sports FC 25,3 DAY STREAM! DAY 2/3! CHAMPS GALORE TONIGHT! GOOD VIBES WITH GOOD PEOPLE! 💥INSTAGRAM ELDUNKO96💥 🚨 X ELDUNKO96🚨 🔥TIKTOK EL_DUNKO🔥 !PELE,"['English', 'EAFC', 'goodvibes', 'TwitchPartner', 'fc25', 'EASPORTSFC']",['ProfanityVulgarity'],False
24,2025-03-21 20:40,RubanACR,en,EA Sports FC 25,(11-2) 🔥 94 GULLIT FUT CHAMPS! 🔥 UEFA DREAMCHASERS IS HERE! 🔥 PSN: RubanACR_TTV 🎉 Socials: -> @RubanACR <-,"['English', 'Packs', 'fc25', 'FUTChamps', 'PlayingwithViewers']",[],False
25,2025-03-22 00:02,Paddy,en,EA Sports FC 25,🎉15-0 In Champs for the FIRST Time?🎉,"['mrpaddymurphy', 'fc25', 'futchamps', 'champs', 'irish', 'English', 'lfc', 'liverpool', 'football']",[],False
25,2025-03-22 00:02,MrHugo,es,Minecraft,DROPS | CAPA ESPECIAL DE PELICULA DE MINECRAFT | VER DIRECTO 3 MINUTOS! | !drops,"['Español', 'minecraft', 'MINECRAFT', 'drops', 'Recompensasdeespectador']",[],False
25,2025-03-22 00:02,Fanum,en,Assassin's Creed Shadows,[DROPS ENABLED] ASSASSIN'S CREED: SHADOWS MARATHON ⛩️ WANUM ⛩️#SPONSORED ⛩️ #AD ⛩️GLAZE ME⛩️ !discord !socials !pobox !D10,"['AMP', 'oversized', 'D10', 'fanumtax', 'Español', 'English', 'ADHD', 'ADD', 'gamer', 'DropsEnabled']",['MatureGame'],False
25,2025-03-22 00:02,shroud,en,Marvel Rivals,[DROPS] 100T vs ENVY | !SHROUDX,"['English', 'DropsEnabled']",[],False
25,2025-03-22 00:03,TenZ,en,VALORANT,KRU VS LOUD VCT AMERICAS WATCH PARTY,"['English', 'Anime', 'FPS']",[],False
25,2025-03-22 00:03,Mixwell,es,VALORANT,[ES] C9 vs NRG | KRU vs LOUD #VCTWATCHPARTY - WATCHPARTY con @b0rja y @lucasrojo // !opgg !redes,"['Español', 'valorant', 'watchparty', 'pro']",[],False
25,2025-03-22 00:03,iDrakho,es,Minecraft,Server contigo uwu - !discord !s,"['Español', 'Recompensasdeespectador']",[],False
25,2025-03-22 00:03,AjaxBuilds,es,Minecraft,⛔CAPA GRATIS⛔YA COMPRAMOS LOS TERRENOS!!⛔PROYECTO MEGAPIRAMIDE!!⛔SURVIVAL DECORATIVO +3900 DIAS!⛔/ S.P. 295,"['Español', 'minecraft', 'builds', 'ajax', 'ajaxbuild', 'chill', 'Recompensasdeespectador']",[],False
25,2025-03-22 00:03,Jorllinio_11,es,Fortnite,TE REGALO UNA PS5 SI GANAS😍,"['Español', 'Fortnite', 'English', 'México', 'UnitedStates', 'videojuegos', 'PlayingwithViewers', 'Argentina', 'Fortnite', 'fortnitewithchat']",[],False
26,2025-03-22 00:14,MrHugo,es,Minecraft,DROPS | CAPA ESPECIAL DE PELICULA DE MINECRAFT | VER DIRECTO 3 MINUTOS! | !drops,"['Español', 'minecraft', 'MINECRAFT', 'drops', 'Recompensasdeespectador']",[],False
26,2025-03-22 00:14,shroud,en,Marvel Rivals,[DROPS] 100T vs ENVY | !SHROUDX,"['English', 'DropsEnabled']",[],False
26,2025-03-22 00:14,Stewie2K,en,Counter-Strike,FACEIT on a Friyay | !store !socials !discord !tradeit,"['English', 'FPS', 'CSGO', 'CS2', 'PRO', 'CS', 'Multiplayer']",['MatureGame'],False
26,2025-03-22 00:14,Paddy,en,EA Sports FC 25,🎉15-0 In Champs for the FIRST Time?🎉,"['mrpaddymurphy', 'fc25', 'futchamps', 'champs', 'irish', 'English', 'lfc', 'liverpool', 'football']",[],False
26,2025-03-22 00:14,Fanum,en,Assassin's Creed Shadows,[DROPS ENABLED] ASSASSIN'S CREED: SHADOWS MARATHON ⛩️ WANUM ⛩️#SPONSORED ⛩️ #AD ⛩️GLAZE ME⛩️ !discord !socials !pobox !D10,"['AMP', 'oversized', 'D10', 'fanumtax', 'Español', 'English', 'ADHD', 'ADD', 'gamer', 'DropsEnabled']",['MatureGame'],False
26,2025-03-22 00:14,huguneneca,pt,Just Chatting,JOGOS COM O CHAT !pix !discord !sub,['Português'],[],False
26,2025-03-22 00:15,FroggerOW,en,Overwatch 2,"[DROPS ON!] 6V6 COMPETITIVE, FREJA AND LOOT BOX DROPS!! OMG!!!","['Australian', 'English', 'DropsEnabled']",[],False
26,2025-03-22 00:15,KarQ,en,Overwatch 2,[DROPS ENABLED] FREJA (new dps) trial + 6v6 ranked,"['English', 'DropsEnabled']",[],False
26,2025-03-22 00:15,vulture_ow,en,Overwatch 2,[!DROPS] OVERWATCHING AND THEN ROBLOX WITH @pelunkey TONIGHT !discord !newvid,"['English', 'Competitive', 'fps', 'junkrat', 'SewerRat', 'overwatch', 'hashtagawesome', 'DropsEnabled']",[],False
27,2025-03-22 00:24,Stewie2K,en,Counter-Strike,FACEIT on a Friyay | !store !socials !discord !tradeit,"['English', 'FPS', 'CSGO', 'CS2', 'PRO', 'CS', 'Multiplayer']",['MatureGame'],False
27,2025-03-22 00:25,MrHugo,es,Minecraft,DROPS | CAPA ESPECIAL DE PELICULA DE MINECRAFT | VER DIRECTO 3 MINUTOS! | !drops,"['Español', 'minecraft', 'MINECRAFT', 'drops', 'Recompensasdeespectador']",[],False
27,2025-03-22 00:25,aceu,en,Marvel Rivals,straight to the m o o n,"['buh', 'English', 'DropsEnabled']",[],False
27,2025-03-22 00:25,jblive_tv,en,Sports,"🔴 F1 Live: Chinese GP SPRINT RACE | Watchalong + Commentary + Data | March 22, 2025 | 2025 Formula 1 Season Live","['F1', 'Formula1', 'Motorsport', 'Motorsports', 'English', 'ChineseGP']",[],False
27,2025-03-22 00:25,shroud,en,Marvel Rivals,[DROPS] 100T vs ENVY | !SHROUDX,"['English', 'DropsEnabled']",[],False
27,2025-03-22 00:25,caseoh_,en,Schedule I,🟨LOSING MY MIND🟨,['English'],[],False
27,2025-03-22 00:25,phylow,en,Minecraft,🔴 [1.21.4] HARDCORE VIEWER SMP | !join | !wheel | tell ur mom I say hi,"['Multiplayer', 'PlayingWithViewers', 'SMP', 'English']",[],False
27,2025-03-22 00:25,UnderscoreBill,en,R.E.P.O.,R.E.P.O. (Really enthusiastically PISSING OURSELVES),"['gaming', 'English', 'chill', 'relaxing']",['ProfanityVulgarity'],False
27,2025-03-22 00:25,DaniMilksops,en,Minecraft,PRACTICING FOR CROWN QUEST,"['LGBTQIAPlus', 'Genderfluid', 'Bisexual', 'CrownQuest', 'SMP', 'English', 'MCCI', 'ViewerRewards', 'BiomeBattle', 'BackseatGamingAllowed']",[],False
28,2025-03-22 00:32,Stewie2K,en,Counter-Strike,FACEIT on a Friyay | !store !socials !discord !tradeit,"['English', 'FPS', 'CSGO', 'CS2', 'PRO', 'CS', 'Multiplayer']",['MatureGame'],False
28,2025-03-22 00:33,MrHugo,es,Minecraft,DROPS | CAPA ESPECIAL DE PELICULA DE MINECRAFT | VER DIRECTO 3 MINUTOS! | !drops,"['Español', 'minecraft', 'MINECRAFT', 'drops', 'Recompensasdeespectador']",[],False
28,2025-03-22 00:33,huguneneca,pt,Just Chatting,JOGOS COM O CHAT !pix !discord !sub,['Português'],[],False
28,2025-03-22 00:33,shroud,en,Marvel Rivals,[DROPS] 100T vs ENVY | !SHROUDX,"['English', 'DropsEnabled']",[],False
28,2025-03-22 00:33,Fanum,en,Assassin's Creed Shadows,[DROPS ENABLED] ASSASSIN'S CREED: SHADOWS MARATHON ⛩️ WANUM ⛩️#SPONSORED ⛩️ #AD ⛩️GLAZE ME⛩️ !discord !socials !pobox !D10,"['AMP', 'oversized', 'D10', 'fanumtax', 'Español', 'English', 'ADHD', 'ADD', 'gamer', 'DropsEnabled']",['MatureGame'],False
28,2025-03-22 00:33,Clix,en,Fortnite,🏆 CUSTOMS WITH VIEWERS 🏆 NEW CLIX MAP !rvb | !merch !code !tycoon,['English'],[],False
28,2025-03-22 00:33,Floofys,en,Counter-Strike,Bluejays vs Party Astronauts | ESL Challenger League NA | Season 49 | @floofys @bonamant <NA> <ENG>,"['English', 'Boomer', 'Caster', 'LGBTQIA', 'Gay', 'Chicago', 'Vegan', 'ClosedCaptions', 'NorthAmerica', 'Nouns']",['MatureGame'],False
28,2025-03-22 00:33,yxngstxr,en,Counter-Strike,"We have detected verbal abuse in your recent matches. If this continues you will be given a cooldown. We know everyone can have bad days, bu","['English', 'asian', 'windowjumper', 'mirageplayer']",['MatureGame'],False
28,2025-03-22 00:33,CyberLiveArena_NBA1,en,NBA 2K25,eBasketball CLA UA Division,"['English', 'PS5', 'basketball', 'tournament', 'league', 'cybersport', 'CLA', 'esports', 'баскетбол']",[],False
29,2025-03-22 04:01,Stewie2K,en,Counter-Strike,FACEIT on a Friyay | !store !socials !discord !tradeit,"['English', 'FPS', 'CSGO', 'CS2', 'PRO', 'CS', 'Multiplayer']",['MatureGame'],False
29,2025-03-22 04:02,MrHugo,es,Minecraft,DROPS | CAPA ESPECIAL DE PELICULA DE MINECRAFT | VER DIRECTO 3 MINUTOS! | !drops,"['Español', 'minecraft', 'MINECRAFT', 'drops', 'Recompensasdeespectador']",[],False
29,2025-03-22 04:02,Fanum,en,Assassin's Creed Shadows,[DROPS ENABLED] ASSASSIN'S CREED: SHADOWS MARATHON ⛩️ WANUM ⛩️GLAZE ME⛩️ !discord !socials !pobox !D10,"['AMP', 'oversized', 'D10', 'fanumtax', 'Español', 'English', 'ADHD', 'ADD', 'gamer', 'DropsEnabled']",['MatureGame'],False
29,2025-03-22 04:02,scriptwa,en,VALORANT,kinda.. shy ^_^,"['English', 'roblox', 'robloxstudio', 'developer', 'scripting']",[],False
29,2025-03-22 04:02,TenZ,en,Counter-Strike,Playing premier,"['English', 'Anime', 'FPS']",['MatureGame'],False
29,2025-03-22 04:02,huguneneca,pt,Codenames,JOGOS COM O CHAT !pix !discord !sub,['Português'],[],False
29,2025-03-22 04:02,yvonnie,en,Teamfight Tactics,can't stay away (from TFT) | !vlog,['English'],[],False
29,2025-03-22 04:02,Valkyrae,en,R.E.P.O.,solo repo run o_o (multi-streaming on youtube),['English'],[],False
29,2025-03-22 04:02,jakenbakeLIVE,en,Just Chatting,IRL 🇨🇳 SHANGHAI SQUAD ADVENTURES w/ Wawa + Kiko (Day 2) F1 POPUP🐲 KIKOS FIRST TIME IN CHINA 🟥 !Plan !YouTube 🟥,"['English', 'Travel', 'Japan', 'Anime', 'China', 'Cars', 'IRL', 'SocialEating', 'Motorsports', 'chill']",[],False
30,2025-03-22 04:12,Stewie2K,en,Counter-Strike,FACEIT on a Friyay | !store !socials !discord !tradeit,"['English', 'FPS', 'CSGO', 'CS2', 'PRO', 'CS', 'Multiplayer']",['MatureGame'],False
30,2025-03-22 04:12,MrHugo,es,Minecraft,DROPS | CAPA ESPECIAL DE PELICULA DE MINECRAFT | VER DIRECTO 3 MINUTOS! | !drops,"['Español', 'minecraft', 'MINECRAFT', 'drops', 'Recompensasdeespectador']",[],False
30,2025-03-22 04:12,scriptwa,en,VALORANT,kinda.. shy ^_^,"['English', 'roblox', 'robloxstudio', 'developer', 'scripting']",[],False
30,2025-03-22 04:12,Fanum,en,Assassin's Creed Shadows,[DROPS ENABLED] ASSASSIN'S CREED: SHADOWS MARATHON ⛩️ WANUM ⛩️GLAZE ME⛩️ !discord !socials !pobox !D10,"['AMP', 'oversized', 'D10', 'fanumtax', 'Español', 'English', 'ADHD', 'ADD', 'gamer', 'DropsEnabled']",['MatureGame'],False
30,2025-03-22 04:12,huguneneca,pt,Codenames,JOGOS COM O CHAT !pix !discord !sub,['Português'],[],False
30,2025-03-22 04:12,TenZ,en,Counter-Strike,Playing premier,"['English', 'Anime', 'FPS']",['MatureGame'],False
30,2025-03-22 04:13,IShowSpeed0nline,en,Just Chatting,LIVE 🔴 SPEED WATCHALONG 🔴 REACTING,"['speed', 'sped', 'speeed', 'ishowspeed', 'English']",[],False
30,2025-03-22 04:13,Arguz11,en,ROBLOX,FREE ROBUX ON PLS DONATE! Commands on screen!,"['giveaway', 'playingwithviewers', 'roblox', 'plsdonate', 'bloxfruit', 'English', 'Rerun', 'Albion', 'mammoth', 'Silver']",[],False
30,2025-03-22 04:13,IShowSpeedAways_,en,Just Chatting,🔴OFFICIAL ISHOWSPEED WAITING ROOM🔴,"['English', 'kaicenat', 'fanum', 'jynxzi', 'caseoh', 'duke', 'speed']",[],False
31,2025-03-22 04:24,Stewie2K,en,Counter-Strike,FACEIT on a Friyay | !store !socials !discord !tradeit,"['English', 'FPS', 'CSGO', 'CS2', 'PRO', 'CS', 'Multiplayer']",['MatureGame'],False
31,2025-03-22 04:24,MrHugo,es,Minecraft,DROPS | CAPA ESPECIAL DE PELICULA DE MINECRAFT | VER DIRECTO 3 MINUTOS! | !drops,"['Español', 'minecraft', 'MINECRAFT', 'drops', 'Recompensasdeespectador']",[],False
31,2025-03-22 04:24,scriptwa,en,VALORANT,kinda.. shy ^_^,"['English', 'roblox', 'robloxstudio', 'developer', 'scripting']",[],False
31,2025-03-22 04:24,Fanum,en,Assassin's Creed Shadows,[DROPS ENABLED] ASSASSIN'S CREED: SHADOWS MARATHON ⛩️ WANUM ⛩️GLAZE ME⛩️ !discord !socials !pobox !D10,"['AMP', 'oversized', 'D10', 'fanumtax', 'Español', 'English', 'ADHD', 'ADD', 'gamer', 'DropsEnabled']",['MatureGame'],False
31,2025-03-22 04:24,huguneneca,pt,Codenames,JOGOS COM O CHAT !pix !discord !sub,['Português'],[],False
31,2025-03-22 04:25,TenZ,en,Counter-Strike,Playing premier,"['English', 'Anime', 'FPS']",['MatureGame'],False
31,2025-03-22 04:25,flotsam,en,Sea of Thieves,🟡 DROPS LATER 🟡 Bully PvP w/ @cjshiz | SAND WAITING ROOM,"['Solo', 'PvP', 'English']",[],False
31,2025-03-22 04:25,CJSHIZ,en,Sea of Thieves,🟢 DROPS LATER 🟢 SHOEBODY DO BOP 🟢 W/ @flotsam  !yt !merch !gfuel !giveaway 🟢,"['PvP', 'SeaOfThievesPartner', 'Giveaway', 'English', 'GFUEL']",[],False
31,2025-03-22 04:25,Fi1es,en,Sea of Thieves,Duo Dives w/ @Apperjacks | 5.6K+ HG 🏴‍☠️Controller Player !partnerplus,"['PvP', 'English', 'ControllerPlayer', 'TTS100', 'SoTPartner']",[],False
32,2025-03-22 04:33,MrHugo,es,Minecraft,DROPS | CAPA ESPECIAL DE PELICULA DE MINECRAFT | VER DIRECTO 3 MINUTOS! | !drops,"['Español', 'minecraft', 'MINECRAFT', 'drops', 'Recompensasdeespectador']",[],False
32,2025-03-22 04:33,Fanum,en,Assassin's Creed Shadows,[DROPS ENABLED] ASSASSIN'S CREED: SHADOWS MARATHON ⛩️ WANUM ⛩️GLAZE ME⛩️ !discord !socials !pobox !D10,"['AMP', 'oversized', 'D10', 'fanumtax', 'Español', 'English', 'ADHD', 'ADD', 'gamer', 'DropsEnabled']",['MatureGame'],False
32,2025-03-22 04:33,scriptwa,en,VALORANT,kinda.. shy ^_^,"['English', 'roblox', 'robloxstudio', 'developer', 'scripting']",[],False
32,2025-03-22 04:33,huguneneca,pt,Codenames,JOGOS COM O CHAT !pix !discord !sub,['Português'],[],False
32,2025-03-22 04:34,Sponge,en,Sea of Thieves,🟡DROPS SOON🟡PRO DUOS🟡w/ @nessiedoes,"['Pro', 'PvP', 'English']",[],False
32,2025-03-22 04:34,TenZ,en,VALORANT,HAPPY,"['English', 'Anime', 'FPS']",[],False
32,2025-03-22 04:34,Cibergun,es,Minecraft,🎁DROPS MINECRAFT🎁 🟥    Capa GRATIS || Free CAPE  - Java / Bedrock Edition - Con trucos y curiosidades de Minecraft !Cape !drop,"['Minecraft', 'drops', 'Drop', 'minecraft', 'DropsEnabled', 'DropsActivados', 'capa', 'drops', 'cape', 'Español']",[],False
32,2025-03-22 04:34,August,en,Overwatch 2,🔴!DROPS ON🔴FREYA PLAYTEST! LONG STREAM! LE SSERAFFIM! MID SEASON PATCH! Maybe today I'll finally get a Galaxy weapon... (cope),"['Kiriko', 'Support', 'ADHD', 'Anime', 'Top500', 'English', 'Ana', 'Juno', 'DropsEnabled']",[],False
32,2025-03-22 04:34,soydanielpiedra,es,Minecraft,Capa de la Pelicula de Minecraft,"['gamepass', 'español', 'xbox', 'xboxone', 'Español', 'capa', 'realm', 'pvp', 'minecraft', 'Recompensasdeespectador']",[],False
33,2025-03-22 04:41,MrHugo,es,Minecraft,DROPS | CAPA ESPECIAL DE PELICULA DE MINECRAFT | VER DIRECTO 3 MINUTOS! | !drops,"['Español', 'minecraft', 'MINECRAFT', 'drops', 'Recompensasdeespectador']",[],False
33,2025-03-22 04:41,Fanum,en,Assassin's Creed Shadows,[DROPS ENABLED] ASSASSIN'S CREED: SHADOWS MARATHON ⛩️ WANUM ⛩️GLAZE ME⛩️ !discord !socials !pobox !D10,"['AMP', 'oversized', 'D10', 'fanumtax', 'Español', 'English', 'ADHD', 'ADD', 'gamer', 'DropsEnabled']",['MatureGame'],False
33,2025-03-22 04:41,scriptwa,en,VALORANT,kinda.. shy ^_^,"['English', 'roblox', 'robloxstudio', 'developer', 'scripting']",[],False
33,2025-03-22 04:41,huguneneca,pt,Codenames,JOGOS COM O CHAT !pix !discord !sub,['Português'],[],False
33,2025-03-22 04:41,Sponge,en,Sea of Thieves,🟡DROPS SOON🟡PRO DUOS🟡w/ @nessiedoes,"['Pro', 'PvP', 'English']",[],False
33,2025-03-22 04:41,TenZ,en,VALORANT,HAPPY,"['English', 'Anime', 'FPS']",[],False
33,2025-03-22 04:41,romani_ow,en,Marvel Rivals,[!DROPS] RANK 1 OW TANK GRINDS MARVEL RANKED | ランク１のOWタンクがマーベルランクをグラインド中！,"['English', 'Competitive', 'Ranked', 'Educational', '日本語OK', 'chungus', '120fps', 'DropsEnabled']",[],False
33,2025-03-22 04:41,chosen_ow,en,Overwatch 2,[!DROPS ✅] #1 ILLARI / CHAMP SUPPORT 🦙🌞 MARRIED TO OW2 💍💗 FREJA PLAYTEST 🏹🎯 LOOTBOX DROPS 🤯🤯 6V6 RANKED 💥💥 !pylon,"['English', 'top500', 'Illari', 'overwatch', 'Competitive', 'Drops', 'DropsEnabled']",[],False
33,2025-03-22 04:42,KarQ,en,Overwatch 2,[DROPS ENABLED] FREJA (new dps) trial + 6v6 ranked,"['English', 'DropsEnabled']",[],False
34,2025-03-22 08:04,MrHugo,es,Minecraft,DROPS | CAPA ESPECIAL DE PELICULA DE MINECRAFT | VER DIRECTO 3 MINUTOS! | !drops,"['Español', 'minecraft', 'MINECRAFT', 'drops', 'Recompensasdeespectador']",[],False
34,2025-03-22 08:04,Fanum,en,Just Chatting,[DROPS ENABLED] ASSASSIN'S CREED: SHADOWS MARATHON ⛩️ WANUM ⛩️GLAZE ME⛩️ !discord !socials !pobox !D10,"['AMP', 'oversized', 'D10', 'fanumtax', 'Español', 'English', 'ADHD', 'ADD', 'gamer']",[],False
34,2025-03-22 08:04,huguneneca,pt,League of Legends,JOGOS COM O CHAT !pix !discord !sub,['Português'],[],False
34,2025-03-22 08:04,BLASTPremier,en,Counter-Strike,"BLAST Premier Open Spring 2025, Group Stage, Day 4: Imperial vs Team Liquid, M80 vs FURIA, G2 vs Eternal Fire, The MongolZ vs NAVI","['Esports', 'English', 'BLAST', 'blastpremier', 'counterstrike', 'counterstrike2']",['MatureGame'],False
34,2025-03-22 08:04,Sponge,en,Sea of Thieves,🟡!DROPS🟡PRO DUOS🟡w/ @nessiedoes,"['Pro', 'PvP', 'English', 'DropsEnabled']",[],False
34,2025-03-22 08:04,nAts,en,VALORANT,Liquid nAts | Back to Berlin | !Alienware !match !where !tg !social [RU/ENG],"['English', 'Русский', 'VALORANT']",[],False
34,2025-03-22 08:04,Oozyzk,pt,Just Chatting,92/312 | ❌ @OOZYPLUS ❌ @OOZYPLUS2 ❌ @OOZYPLUS3 ❌ @OOZYPLUS4 ❌ @OOZYPLUS5 ❌ !REDES❌ !MALUF❌!LGBT,['Português'],[],False
34,2025-03-22 08:05,Hugaoo,pt,Just Chatting,🟢🟢 FECHA A LIVE E VAI LER UM LIVRO | episódio #1485 #nsfw  🟢🟢,"['PCD', 'nada', 'react', 'laranjas', 'Português', 'Brasil', 'cruzeiro', 'gordo', 'alto']",[],False
34,2025-03-22 08:05,leleylol1,pt,League of Legends,S2025 MESTRE SOLOQ MAIN ADC -  TRYHARD FOCADO NA MELHORA (EX- TOP 1 CAITLYN WORLD),['Português'],[],False
35,2025-03-22 08:15,MrHugo,es,Minecraft,DROPS | CAPA ESPECIAL DE PELICULA DE MINECRAFT | VER DIRECTO 3 MINUTOS! | !drops,"['Español', 'minecraft', 'MINECRAFT', 'drops', 'Recompensasdeespectador']",[],False
35,2025-03-22 08:15,huguneneca,pt,League of Legends,JOGOS COM O CHAT !pix !discord !sub,['Português'],[],False
35,2025-03-22 08:15,Fanum,en,Just Chatting,[DROPS ENABLED] ASSASSIN'S CREED: SHADOWS MARATHON ⛩️ WANUM ⛩️GLAZE ME⛩️ !discord !socials !pobox !D10,"['AMP', 'oversized', 'D10', 'fanumtax', 'Español', 'English', 'ADHD', 'ADD', 'gamer']",[],False
35,2025-03-22 08:15,BLASTPremier,en,Counter-Strike,"BLAST Premier Open Spring 2025, Group Stage, Day 4: Imperial vs Team Liquid, M80 vs FURIA, G2 vs Eternal Fire, The MongolZ vs NAVI","['Esports', 'English', 'BLAST', 'blastpremier', 'counterstrike', 'counterstrike2']",['MatureGame'],False
35,2025-03-22 08:15,Sponge,en,Sea of Thieves,🟡!DROPS🟡PRO DUOS🟡w/ @nessiedoes,"['Pro', 'PvP', 'English', 'DropsEnabled']",[],False
35,2025-03-22 08:15,nAts,en,VALORANT,Liquid nAts | Back to Berlin | !Alienware !match !where !tg !social [RU/ENG],"['English', 'Русский', 'VALORANT']",[],False
35,2025-03-22 08:15,Ache,es,Fortnite,FORTNITE me ha REGALADO LA SKIN de CLIX ANTES DE QUE SALGA 😱,"['Español', 'Shooter', 'Fortnite', 'ache']",[],False
35,2025-03-22 08:16,Galletaa,es,Grand Theft Auto V,CAMBIOS EN LA NORMATIVA DE BANEOS 🔎 CAZANDO HACKERS 🔫 | !banda !yt !sorteo !napse,"['Español', 'juegoderol', 'gta', 'roleplay', 'server', 'fivem', 'pvp', 'humor', 'GTARP']",['MatureGame'],False
35,2025-03-22 08:16,elcalvo_lol,es,League of Legends,🔴 SUBATHON DÍA 9 ⌛ SUB = 8 MINUTOS ⌛ 100 BITS = 3 MINUTOS ❗ !EXTENSIBLE ❗ !OBJETIVOS,['Español'],[],False
36,2025-03-22 08:27,MrHugo,es,Minecraft,DROPS | CAPA ESPECIAL DE PELICULA DE MINECRAFT | VER DIRECTO 3 MINUTOS! | !drops,"['Español', 'minecraft', 'MINECRAFT', 'drops', 'Recompensasdeespectador']",[],False
36,2025-03-22 08:27,huguneneca,pt,League of Legends,JOGOS COM O CHAT !pix !discord !sub,['Português'],[],False
36,2025-03-22 08:27,Fanum,en,Just Chatting,[DROPS ENABLED] ASSASSIN'S CREED: SHADOWS MARATHON ⛩️ WANUM ⛩️GLAZE ME⛩️ !discord !socials !pobox !D10,"['AMP', 'oversized', 'D10', 'fanumtax', 'Español', 'English', 'ADHD', 'ADD', 'gamer']",[],False
36,2025-03-22 08:27,BLASTPremier,en,Counter-Strike,"BLAST Premier Open Spring 2025, Group Stage, Day 4: Imperial vs Team Liquid, M80 vs FURIA, G2 vs Eternal Fire, The MongolZ vs NAVI","['Esports', 'English', 'BLAST', 'blastpremier', 'counterstrike', 'counterstrike2']",['MatureGame'],False
36,2025-03-22 08:27,Sponge,en,Sea of Thieves,🟡!DROPS🟡PRO DUOS🟡w/ @nessiedoes,"['Pro', 'PvP', 'English', 'DropsEnabled']",[],False
36,2025-03-22 08:27,Sliggytv,en,VALORANT,T1 vs ZETA - VCT PACIFIC Group Stage Week 1 | !patreon !socials !yt,['English'],[],False
36,2025-03-22 08:27,Jeremy_GoneWild,en,inZOI,What if inZOI vtuber?,"['lgbtqia', 'gay', 'neurodivergent', 'autism', 'lgbt', 'English', 'DropsEnabled']",[],False
36,2025-03-22 08:27,Kapands,fr,inZOI,🎁DROPS inZOI ⋆˙⟡ Accès Anticipé du nouveau jeu de simulation || !keskonf  !HelloFresh °˖🍃.⋆,"['Français', 'cosy', 'safeplace', 'chill', 'sims4', 'stardewvalley', 'coralisland', 'DropsActivés']",[],True
36,2025-03-22 08:28,insanedra,de,The Sims 4,"Sims4🌷""Das perfekte Erbe"" !Challenge🌳 danach Baumodus in der Inzoi Demo testen || 🍓 !snuggs || !simscode !website !KoFi | ᵂᴱᴿᴮᵁᴺᴳ","['Deutsch', 'safeplace']",[],True
37,2025-03-22 08:39,MrHugo,es,Minecraft,DROPS | CAPA ESPECIAL DE PELICULA DE MINECRAFT | VER DIRECTO 3 MINUTOS! | !drops,"['Español', 'minecraft', 'MINECRAFT', 'drops', 'Recompensasdeespectador']",[],False
37,2025-03-22 08:39,huguneneca,pt,League of Legends,JOGOS COM O CHAT !pix !discord !sub,['Português'],[],False
37,2025-03-22 08:39,Fanum,en,Just Chatting,[DROPS ENABLED] ASSASSIN'S CREED: SHADOWS MARATHON ⛩️ WANUM ⛩️GLAZE ME⛩️ !discord !socials !pobox !D10,"['AMP', 'oversized', 'D10', 'fanumtax', 'Español', 'English', 'ADHD', 'ADD', 'gamer']",[],False
37,2025-03-22 08:39,BLASTPremier,en,Counter-Strike,"BLAST Premier Open Spring 2025, Group Stage, Day 4: Imperial vs Team Liquid, M80 vs FURIA, G2 vs Eternal Fire, The MongolZ vs NAVI","['Esports', 'English', 'BLAST', 'blastpremier', 'counterstrike', 'counterstrike2']",['MatureGame'],False
37,2025-03-22 08:39,Sponge,en,Sea of Thieves,🟡!DROPS🟡PRO DUOS🟡w/ @nessiedoes,"['Pro', 'PvP', 'English', 'DropsEnabled']",[],False
37,2025-03-22 08:39,nAts,en,VALORANT,Liquid nAts | Back to Berlin | !Alienware !match !where !tg !social [RU/ENG],"['English', 'Русский', 'VALORANT']",[],False
37,2025-03-22 08:39,m0nanacue,en,Teamfight Tactics,🍌 gonna join boxbox hihi,"['English', 'Tagalog', 'Bisaya', 'VTuber', 'Music', 'playingwithhviewers', 'chill']",[],False
37,2025-03-22 08:39,melomela01,tl,Counter-Strike,try lang po,"['Filipino', 'Philippines', 'Tagalog', 'Ilonggo']",['MatureGame'],False
37,2025-03-22 08:40,Jolidofc,en,VALORANT,T1 VS ZETA - VCT Pacific Stage 1 (WATCH PARTY) | !discord !socials !altf4,"['English', 'Filipino', 'Horror', 'VALORANＴ', 'Variety', 'leagueoflegeneds']",[],False
38,2025-03-22 08:47,MrHugo,es,Minecraft,DROPS | CAPA ESPECIAL DE PELICULA DE MINECRAFT | VER DIRECTO 3 MINUTOS! | !drops,"['Español', 'minecraft', 'MINECRAFT', 'drops', 'Recompensasdeespectador']",[],False
38,2025-03-22 08:47,huguneneca,pt,League of Legends,JOGOS COM O CHAT !pix !discord !sub,['Português'],[],False
38,2025-03-22 08:47,Fanum,en,Just Chatting,[DROPS ENABLED] ASSASSIN'S CREED: SHADOWS MARATHON ⛩️ WANUM ⛩️GLAZE ME⛩️ !discord !socials !pobox !D10,"['AMP', 'oversized', 'D10', 'fanumtax', 'Español', 'English', 'ADHD', 'ADD', 'gamer']",[],False
38,2025-03-22 08:48,BLASTPremier,en,Counter-Strike,"BLAST Premier Open Spring 2025, Group Stage, Day 4: Imperial vs Team Liquid, M80 vs FURIA, G2 vs Eternal Fire, The MongolZ vs NAVI","['Esports', 'English', 'BLAST', 'blastpremier', 'counterstrike', 'counterstrike2']",['MatureGame'],False
38,2025-03-22 08:48,Sliggytv,en,VALORANT,T1 vs ZETA - VCT PACIFIC Group Stage Week 1 | !patreon !socials !yt,['English'],[],False
38,2025-03-22 08:48,valorantesports_cn,zh,VALORANT,XLG vs AG - WOL vs TE - Week 2 Day 3 - VCT CN Stage 1,"['valorantesports', '中文', 'VCTCN']",[],False
38,2025-03-22 08:48,flotsam,en,Sea of Thieves,✅ DROPS ENABLED ✅ Solo Sloop PvP | SAND WAITING ROOM,"['Solo', 'PvP', 'English', 'DropsEnabled']",[],False
38,2025-03-22 08:48,iDbz,en,Sea of Thieves,✨GIVEAWAY AND DROPS✨(VERY LONG STREAM) COMMUNITY WEEKEND VIBES  ✨Solo guide !SoloGuide✨ !plusprogram !socials,"['English', 'Db', 'French', 'Pvp', 'Tucks', 'Goober', 'DropsEnabled']",[],False
38,2025-03-22 08:48,Flux,en,Sea of Thieves,🟩 DROPS [LONG STREAM] 🟩 REAL PIRATE LEGEND COOKING THE SEAS,"['seaofthieves', 'Pirate', 'English', 'drops', 'Adventure', 'PvP', 'DropsEnabled']",[],False
39,2025-03-22 12:01,BLASTPremier,en,Counter-Strike,"BLAST Premier Open Spring 2025, Group Stage, Day 4: Imperial vs Team Liquid, M80 vs FURIA, G2 vs Eternal Fire, The MongolZ vs NAVI","['Esports', 'English', 'BLAST', 'blastpremier', 'counterstrike', 'counterstrike2']",['MatureGame'],False
39,2025-03-22 12:02,MrHugo,es,Minecraft,DROPS | CAPA ESPECIAL DE PELICULA DE MINECRAFT | VER DIRECTO 3 MINUTOS! | !drops,"['Español', 'minecraft', 'MINECRAFT', 'drops', 'Recompensasdeespectador']",[],False
39,2025-03-22 12:02,BoxyFresh,en,Sea of Thieves,🏴‍☠️DROPS COMMUNITY WEEKEND🏴‍☠️  TTS 500  !latest !merch !art,"['English', 'LordofFrenziedFlame', 'OnlyUpChampion', 'SubnauticaFirefighter', 'ProLegoBuilder', 'PuzzleMaster', 'AmateurAstronomer', 'DropsEnabled']",[],False
39,2025-03-22 12:02,Fanum,en,Assassin's Creed Shadows,[DROPS ENABLED] DAY 2 ⛩️ASSASSIN'S CREED: SHADOWS MARATHON ⛩️ WANUM ⛩️GLAZE ME⛩️ !discord !socials !pobox !D10,"['AMP', 'oversized', 'D10', 'fanumtax', 'Español', 'English', 'ADHD', 'ADD', 'gamer', 'DropsEnabled']",['MatureGame'],False
39,2025-03-22 12:02,August,en,Overwatch 2,🔴!DROPS ON🔴FREYA PLAYTEST! LONG STREAM! LE SSERAFFIM! MID SEASON PATCH! Maybe today I'll finally get a Galaxy weapon... (cope),"['Kiriko', 'Support', 'ADHD', 'Anime', 'Top500', 'English', 'Ana', 'Juno', 'DropsEnabled']",[],False
39,2025-03-22 12:02,VEGETTA777,es,Vintage Story,AVENTURA de HISTORIA de VINTAGE STORY,"['Español', 'vegetta777']",[],True
39,2025-03-22 12:02,ORRsumn,en,Just Chatting,GOOD MORNING CHATTT|| SLEEPOVER STREAM?? || SUB GOAL 567/600 || !tip !lurk !unlurk,"['BLACKSIMMER', 'ORRSUMN', 'PHARAOH', 'RAOHVALLEY', 'English']",[],False
39,2025-03-22 12:02,Queenmizuchi,en,Fortnite,PARTNER PUSH !! QUEENIE IS ON FORTNITE!! PULL UP. TABS AND LURKS APPRECIATED 🥰 DAILY 0/10 SUBS 155/200,"['black', 'female', 'mature', 'gta', 'rp', 'funny', 'chillvibes', 'comfy', 'English']",[],False
39,2025-03-22 12:02,harriettcxo,en,Grand Theft Auto V,AYRA PHOENIX 🐦‍🔥 TIME TO SHAKE IT UP 🧿 PET SHOP 🐾 559 BLOODLINE  LEADER 🔷 URP OWNER 🧡 EPISODE 50 🧡🎥 !UNSTOPPABLE !WL !AMONBET 🔒,"['fivem', 'gtarp', 'girlgamer', 'gtav', 'gtaroleplayer', 'unstoppablerp', 'unstoppable', 'gtaroleplay', 'amonbet', 'inzoi']",['MatureGame'],False
40,2025-03-22 12:09,BLASTPremier,en,Counter-Strike,"BLAST Premier Open Spring 2025, Group Stage, Day 4: Imperial vs Team Liquid, M80 vs FURIA, G2 vs Eternal Fire, The MongolZ vs NAVI","['Esports', 'English', 'BLAST', 'blastpremier', 'counterstrike', 'counterstrike2']",['MatureGame'],False
40,2025-03-22 12:09,MrHugo,es,Minecraft,DROPS | CAPA ESPECIAL DE PELICULA DE MINECRAFT | VER DIRECTO 3 MINUTOS! | !drops,"['Español', 'minecraft', 'MINECRAFT', 'drops', 'Recompensasdeespectador']",[],False
40,2025-03-22 12:09,BoxyFresh,en,Sea of Thieves,🏴‍☠️DROPS COMMUNITY WEEKEND🏴‍☠️  TTS 500  !latest !merch !art,"['English', 'LordofFrenziedFlame', 'OnlyUpChampion', 'SubnauticaFirefighter', 'ProLegoBuilder', 'PuzzleMaster', 'AmateurAstronomer', 'DropsEnabled']",[],False
40,2025-03-22 12:10,Fanum,en,Assassin's Creed Shadows,[DROPS ENABLED] DAY 2 ⛩️ASSASSIN'S CREED: SHADOWS MARATHON ⛩️ WANUM ⛩️GLAZE ME⛩️ !discord !socials !pobox !D10,"['AMP', 'oversized', 'D10', 'fanumtax', 'Español', 'English', 'ADHD', 'ADD', 'gamer', 'DropsEnabled']",['MatureGame'],False
40,2025-03-22 12:10,August,en,Overwatch 2,🔴!DROPS ON🔴FREYA PLAYTEST! LONG STREAM! LE SSERAFFIM! MID SEASON PATCH! Maybe today I'll finally get a Galaxy weapon... (cope),"['Kiriko', 'Support', 'ADHD', 'Anime', 'Top500', 'English', 'Ana', 'Juno', 'DropsEnabled']",[],False
40,2025-03-22 12:10,Toniki,es,Overwatch 2,🟢DROPS CAJAS DE BOTÍN🟢JUGAMOS FREJA!! Y LUEGO !FACEIT PUGS🔴,"['Español', 'competitivo', 'ranked', 'DPS', 'Top500', 'overwatch2', 'DropsActivados']",[],False
40,2025-03-22 12:10,focusbtw,ru,Counter-Strike,💀 НЕ ОФФНУ ПОКА НЕ АПНУ 5000 ELO 💀 TOP 1 HARDWORK 💀 !betboom !tg,['Русский'],['MatureGame'],False
40,2025-03-22 12:10,flamie,ru,Counter-Strike,ESEA Main Lower Bracket Final FlameSharks vs BAKS @flamie,"['CS', 'flamie', 'buster', 'seized', 'Русский', 'emilshe1n', 'Guardian', 'navi', 'vodka']",['MatureGame'],False
40,2025-03-22 12:10,d0cc_tv,en,Counter-Strike,🔴DO I QUIT PREMIER?!🔴!csgoskins !pirateswap !dm - Day 22/31,"['FACEIT', 'FPL', 'PRO', 'English', 'CS2', '6KELO']",['MatureGame'],False
41,2025-03-22 12:17,BLASTPremier,en,Counter-Strike,"BLAST Premier Open Spring 2025, Group Stage, Day 4: Imperial vs Team Liquid, M80 vs FURIA, G2 vs Eternal Fire, The MongolZ vs NAVI","['Esports', 'English', 'BLAST', 'blastpremier', 'counterstrike', 'counterstrike2']",['MatureGame'],False
41,2025-03-22 12:18,MrHugo,es,Minecraft,DROPS | CAPA ESPECIAL DE PELICULA DE MINECRAFT | VER DIRECTO 3 MINUTOS! | !drops,"['Español', 'minecraft', 'MINECRAFT', 'drops', 'Recompensasdeespectador']",[],False
41,2025-03-22 12:18,BoxyFresh,en,Sea of Thieves,🏴‍☠️DROPS COMMUNITY WEEKEND🏴‍☠️  TTS 500  !latest !merch !art,"['English', 'LordofFrenziedFlame', 'OnlyUpChampion', 'SubnauticaFirefighter', 'ProLegoBuilder', 'PuzzleMaster', 'AmateurAstronomer', 'DropsEnabled']",[],False
41,2025-03-22 12:18,Fanum,en,Assassin's Creed Shadows,[DROPS ENABLED] DAY 2 ⛩️ASSASSIN'S CREED: SHADOWS MARATHON ⛩️ WANUM ⛩️GLAZE ME⛩️ !discord !socials !pobox !D10,"['AMP', 'oversized', 'D10', 'fanumtax', 'Español', 'English', 'ADHD', 'ADD', 'gamer', 'DropsEnabled']",['MatureGame'],False
41,2025-03-22 12:18,August,en,Overwatch 2,🔴!DROPS ON🔴FREYA PLAYTEST! LONG STREAM! LE SSERAFFIM! MID SEASON PATCH! Maybe today I'll finally get a Galaxy weapon... (cope),"['Kiriko', 'Support', 'ADHD', 'Anime', 'Top500', 'English', 'Ana', 'Juno', 'DropsEnabled']",[],False
41,2025-03-22 12:18,Toniki,es,Overwatch 2,🟢DROPS CAJAS DE BOTÍN🟢JUGAMOS FREJA!! Y LUEGO !FACEIT PUGS🔴,"['Español', 'competitivo', 'ranked', 'DPS', 'Top500', 'overwatch2', 'DropsActivados']",[],False
41,2025-03-22 12:18,mL7support,en,Overwatch 2,🔴!FREJA PLAYTEST LIVE NOW 🔴 OW2 LOOT BOXES DROPS 10HRS=5 LOOTBOXES 🔴,"['English', 'gaming', 'marvelrivals', 'strategist', 'Overｗatch2', 'SupportMain', 'DropsEnabled']",[],False
41,2025-03-22 12:18,Somnus,en,Overwatch 2,[!DROPS] LE SSERAFIM SKINS! LOOTBOX DROPS! 6v6! COME HANG OUT AND CHILL WITH US - CATMOM OF TWO INVITES YOU TO WATCH („• ᴗ •„) !steelseries,"['ADHD', 'SafeSpace', 'English', 'LGBTQIAPlus', 'ClosedCaptions', 'pngtuber', 'Cozy', 'chill', 'DropsEnabled']",[],True
41,2025-03-22 12:18,codebreaker,en,Overwatch 2,[❤️!DROPS❤️] | T500 LONG STREAM | FREJA?? | 6v6???,"['dps', 'chill', 'English', 'DropsEnabled']",[],True
42,2025-03-22 12:29,BLASTPremier,en,Counter-Strike,"BLAST Premier Open Spring 2025, Group Stage, Day 4: Imperial vs Team Liquid, M80 vs FURIA, G2 vs Eternal Fire, The MongolZ vs NAVI","['Esports', 'English', 'BLAST', 'blastpremier', 'counterstrike', 'counterstrike2']",['MatureGame'],False
42,2025-03-22 12:29,MrHugo,es,Minecraft,DROPS | CAPA ESPECIAL DE PELICULA DE MINECRAFT | VER DIRECTO 3 MINUTOS! | !drops,"['Español', 'minecraft', 'MINECRAFT', 'drops', 'Recompensasdeespectador']",[],False
42,2025-03-22 12:29,BoxyFresh,en,Sea of Thieves,🏴‍☠️DROPS COMMUNITY WEEKEND🏴‍☠️  TTS 500  !latest !merch !art,"['English', 'LordofFrenziedFlame', 'OnlyUpChampion', 'SubnauticaFirefighter', 'ProLegoBuilder', 'PuzzleMaster', 'AmateurAstronomer', 'DropsEnabled']",[],False
42,2025-03-22 12:29,August,en,Overwatch 2,🔴!DROPS ON🔴FREYA PLAYTEST! LONG STREAM! LE SSERAFFIM! MID SEASON PATCH! Maybe today I'll finally get a Galaxy weapon... (cope),"['Kiriko', 'Support', 'ADHD', 'Anime', 'Top500', 'English', 'Ana', 'Juno', 'DropsEnabled']",[],False
42,2025-03-22 12:29,Fanum,en,Assassin's Creed Shadows,[DROPS ENABLED] DAY 2 ⛩️ASSASSIN'S CREED: SHADOWS MARATHON ⛩️ WANUM ⛩️GLAZE ME⛩️ !discord !socials !pobox !D10,"['AMP', 'oversized', 'D10', 'fanumtax', 'Español', 'English', 'ADHD', 'ADD', 'gamer', 'DropsEnabled']",['MatureGame'],False
42,2025-03-22 12:29,mL7support,en,Overwatch 2,🔴!FREJA PLAYTEST LIVE NOW 🔴 OW2 LOOT BOXES DROPS 10HRS=5 LOOTBOXES 🔴,"['English', 'gaming', 'marvelrivals', 'strategist', 'Overｗatch2', 'SupportMain', 'DropsEnabled']",[],False
42,2025-03-22 12:29,LendothLIVE,en,VALORANT,Good Boys vs Havu | VCL LOWER SWISS DAY 2| CO STREAM #CLNE,"['comp', 'Jett', 'Fortnite', 'valorant', 'val', 'ＶＡＬＯＲＡＮＴ', 'valorantcompetetive', 'valorantforpc', 'Welsh', 'CHALLENGERS']",[],False
42,2025-03-22 12:30,FAKEwebTv,fr,VALORANT,CYBER DASH | Nos joueurs valorant sur le tournoi d'Helydia,"['fps', 'valorant', 'tactic', 'shooter', 'leviathanx', 'lev', 'MARVEL', 'Français']",[],False
42,2025-03-22 12:30,Shakudesu,ru,Left 4 Dead 2,Left 4 Dead 2 | Заболела и стала зомби,['Русский'],['MatureGame'],False
43,2025-03-22 12:38,BLASTPremier,en,Counter-Strike,"BLAST Premier Open Spring 2025, Group Stage, Day 4: Imperial vs Team Liquid, M80 vs FURIA, G2 vs Eternal Fire, The MongolZ vs NAVI","['Esports', 'English', 'BLAST', 'blastpremier', 'counterstrike', 'counterstrike2']",['MatureGame'],False
43,2025-03-22 12:38,MrHugo,es,Minecraft,DROPS | CAPA ESPECIAL DE PELICULA DE MINECRAFT | VER DIRECTO 3 MINUTOS! | !drops,"['Español', 'minecraft', 'MINECRAFT', 'drops', 'Recompensasdeespectador']",[],False
43,2025-03-22 12:38,BoxyFresh,en,Sea of Thieves,🏴‍☠️DROPS COMMUNITY WEEKEND🏴‍☠️  TTS 500  !latest !merch !art,"['English', 'LordofFrenziedFlame', 'OnlyUpChampion', 'SubnauticaFirefighter', 'ProLegoBuilder', 'PuzzleMaster', 'AmateurAstronomer', 'DropsEnabled']",[],False
43,2025-03-22 12:38,August,en,Overwatch 2,🔴!DROPS ON🔴FREYA PLAYTEST! LONG STREAM! LE SSERAFFIM! MID SEASON PATCH! Maybe today I'll finally get a Galaxy weapon... (cope),"['Kiriko', 'Support', 'ADHD', 'Anime', 'Top500', 'English', 'Ana', 'Juno', 'DropsEnabled']",[],False
43,2025-03-22 12:38,Fanum,en,Assassin's Creed Shadows,[DROPS ENABLED] DAY 2 ⛩️ASSASSIN'S CREED: SHADOWS MARATHON ⛩️ WANUM ⛩️GLAZE ME⛩️ !discord !socials !pobox !D10,"['AMP', 'oversized', 'D10', 'fanumtax', 'Español', 'English', 'ADHD', 'ADD', 'gamer', 'DropsEnabled']",['MatureGame'],False
43,2025-03-22 12:38,mL7support,en,Overwatch 2,🔴!FREJA PLAYTEST LIVE NOW 🔴 OW2 LOOT BOXES DROPS 10HRS=5 LOOTBOXES 🔴,"['English', 'gaming', 'marvelrivals', 'strategist', 'Overｗatch2', 'SupportMain', 'DropsEnabled']",[],False
43,2025-03-22 12:39,bbeebzs,en,ROBLOX,[18+] New Fisch Update! Poppin 🌌Arouras🌌+ Gatherin Mega tokens including fisch!,"['youtuber', 'gaming', 'adventure', 'roblox', 'fisch', 'rorvik', 'anime', 'variety', 'English']",['ProfanityVulgarity'],False
43,2025-03-22 12:39,VanillaTheBun,en,ROBLOX,👀UPDATE 👀|🐟FISCH🐟 | 🌙AURORAS OCCASIONALLY🌙| ROBLOX | CHILLING WITH VIEWERS | !discord !server !user,"['English', 'chillingstream', 'Fisch', 'roblox']",[],False
43,2025-03-22 12:39,freshyboi315,en,ROBLOX,Blue Lock Rivals 2v2 in Roblox Tournament | 1k Robux for the Winner 🏆💰 | Join Discord: https://discord.gg/sckcbunk | Family Friendly Strea,"['English', 'Shooter', 'robloxgames', 'chilling', 'havingfun', 'Asian', 'funny', 'PlayingWithViwers', 'Chıll', 'robuxgiveaway']",[],False
44,2025-03-22 16:01,ohnePixel,en,Counter-Strike,🔴G2 vs ETERNAL FIRE | BLAST LISBON 2025🔴,"['English', 'Esports']",['MatureGame'],False
44,2025-03-22 16:01,MrHugo,es,Minecraft,DROPS | CAPA ESPECIAL DE PELICULA DE MINECRAFT | VER DIRECTO 3 MINUTOS! | !drops,"['Español', 'minecraft', 'MINECRAFT', 'drops', 'Recompensasdeespectador']",[],False
44,2025-03-22 16:02,BoxyFresh,en,Sea of Thieves,🏴‍☠️DROPS COMMUNITY WEEKEND🏴‍☠️  TTS 500  !latest !merch !art,"['English', 'LordofFrenziedFlame', 'OnlyUpChampion', 'SubnauticaFirefighter', 'ProLegoBuilder', 'PuzzleMaster', 'AmateurAstronomer', 'DropsEnabled']",[],False
44,2025-03-22 16:02,BLASTPremier,en,Counter-Strike,"BLAST Premier Open Spring 2025, Group Stage, Day 4: Imperial vs Team Liquid, M80 vs FURIA, G2 vs Eternal Fire, The MongolZ vs NAVI","['Esports', 'English', 'BLAST', 'blastpremier', 'counterstrike', 'counterstrike2']",['MatureGame'],False
44,2025-03-22 16:02,Fanum,en,Assassin's Creed Shadows,[DROPS ENABLED] DAY 2 ⛩️ASSASSIN'S CREED: SHADOWS MARATHON ⛩️ WANUM ⛩️GLAZE ME⛩️ !discord !socials !pobox !D10,"['AMP', 'oversized', 'D10', 'fanumtax', 'Español', 'English', 'ADHD', 'ADD', 'gamer', 'DropsEnabled']",['MatureGame'],False
44,2025-03-22 16:02,IceTalks,en,inZOI,[ DROPS ENABLED ]🍓🍋 your zesty bestie causes chaos in inZoi 🍊🍌,"['LGBTQIA', 'Queer', 'Gay', 'cozygamer', 'slaying', 'English', 'ADHD', 'LGBTQPlus', 'MentalHealth', 'chaos']",[],False
44,2025-03-22 16:02,Andr3wOW,en,Marvel Rivals,"[DROPS ENABLED] ☆ #1 VENOM GLOBAL ""whyAndr3w"" ☆ VORTEX X ANDR3W COLLAB !vortex !pc","['English', 'Venom', 'Magneto', 'Competitive', 'Vanguard', 'Educational', 'Top500', 'DropsEnabled']",[],False
44,2025-03-22 16:02,MarvelRivals,en,Marvel Rivals,(REPLAY)Marvel Rivals Invitational 2025 NA Day 4 (UTC-5）,"['TPS', 'English', 'superhero', 'Shooter', '6v6', 'marvelrivals', 'Action', 'DropsEnabled']",[],False
44,2025-03-22 16:03,TimTheTatmanVODs,en,Marvel Rivals,24/7 MARVEL RIVALS (TIMTHETATMAN FUNNIEST MOMENTS),['English'],[],False
45,2025-03-22 16:11,ohnePixel,en,Counter-Strike,🔴G2 vs ETERNAL FIRE | BLAST LISBON 2025🔴,"['English', 'Esports']",['MatureGame'],False
45,2025-03-22 16:11,MrHugo,es,Minecraft,DROPS | CAPA ESPECIAL DE PELICULA DE MINECRAFT | VER DIRECTO 3 MINUTOS! | !drops,"['Español', 'minecraft', 'MINECRAFT', 'drops', 'Recompensasdeespectador']",[],False
45,2025-03-22 16:12,BoxyFresh,en,Sea of Thieves,🏴‍☠️DROPS COMMUNITY WEEKEND🏴‍☠️  TTS 500  !latest !merch !art,"['English', 'LordofFrenziedFlame', 'OnlyUpChampion', 'SubnauticaFirefighter', 'ProLegoBuilder', 'PuzzleMaster', 'AmateurAstronomer', 'DropsEnabled']",[],False
45,2025-03-22 16:12,BLASTPremier,en,Counter-Strike,"BLAST Premier Open Spring 2025, Group Stage, Day 4: Imperial vs Team Liquid, M80 vs FURIA, G2 vs Eternal Fire, The MongolZ vs NAVI","['Esports', 'English', 'BLAST', 'blastpremier', 'counterstrike', 'counterstrike2']",['MatureGame'],False
45,2025-03-22 16:12,Fanum,en,Assassin's Creed Shadows,[DROPS ENABLED] DAY 2 ⛩️ASSASSIN'S CREED: SHADOWS MARATHON ⛩️ WANUM ⛩️GLAZE ME⛩️ !discord !socials !pobox !D10,"['AMP', 'oversized', 'D10', 'fanumtax', 'Español', 'English', 'ADHD', 'ADD', 'gamer', 'DropsEnabled']",['MatureGame'],False
45,2025-03-22 16:12,IceTalks,en,inZOI,[ DROPS ENABLED ]🍓🍋 your zesty bestie causes chaos in inZoi 🍊🍌,"['LGBTQIA', 'Queer', 'Gay', 'cozygamer', 'slaying', 'English', 'ADHD', 'LGBTQPlus', 'MentalHealth', 'chaos']",[],False
45,2025-03-22 16:12,Valeriano,en,Overwatch 2,she Reap on my shotguns til I ult - !DROPS !discord !clip @valeriano,"['English', 'Spanish', 'LurkerFriendly', 'Chıll', 'Vtuber', 'SafeSpace', 'stinky', 'MaleVtuber', 'DropsEnabled']",[],False
45,2025-03-22 16:12,Flats,en,Marvel Rivals,[!DROPS ENABLED] TOURNAMENT MATCH 6PM EST !gamersupps !newYT !tiktok2,"['English', 'DropsEnabled']",[],False
45,2025-03-22 16:12,かすっ,ja,Overwatch 2,初見さん!◎参加◎光を求めて,"['日本語', '雑談', '初見', '初見さん大歓迎', 'VALORANＴ', 'Overｗatch2', 'apex', '参加型', 'Drops有効']",[],False
46,2025-03-22 16:23,ohnePixel,en,Counter-Strike,🔴G2 vs ETERNAL FIRE | BLAST LISBON 2025🔴,"['English', 'Esports']",['MatureGame'],False
46,2025-03-22 16:23,MrHugo,es,Minecraft,DROPS | CAPA ESPECIAL DE PELICULA DE MINECRAFT | VER DIRECTO 3 MINUTOS! | !drops,"['Español', 'minecraft', 'MINECRAFT', 'drops', 'Recompensasdeespectador']",[],False
46,2025-03-22 16:23,BoxyFresh,en,Sea of Thieves,🏴‍☠️DROPS COMMUNITY WEEKEND🏴‍☠️  TTS 500  !latest !merch !art,"['English', 'LordofFrenziedFlame', 'OnlyUpChampion', 'SubnauticaFirefighter', 'ProLegoBuilder', 'PuzzleMaster', 'AmateurAstronomer', 'DropsEnabled']",[],False
46,2025-03-22 16:23,BLASTPremier,en,Counter-Strike,"BLAST Premier Open Spring 2025, Group Stage, Day 4: Imperial vs Team Liquid, M80 vs FURIA, G2 vs Eternal Fire, The MongolZ vs NAVI","['Esports', 'English', 'BLAST', 'blastpremier', 'counterstrike', 'counterstrike2']",['MatureGame'],False
46,2025-03-22 16:23,Jynxzi,en,Tom Clancy's Rainbow Six Siege,"[81/365] 🏆 $50,000 Console Pro League Tourney 🏆","['English', 'LOUD', 'ADHD']",['MatureGame'],False
46,2025-03-22 16:24,Fanum,en,Assassin's Creed Shadows,[DROPS ENABLED] DAY 2 ⛩️ASSASSIN'S CREED: SHADOWS MARATHON ⛩️ WANUM ⛩️GLAZE ME⛩️ !discord !socials !pobox !D10,"['AMP', 'oversized', 'D10', 'fanumtax', 'Español', 'English', 'ADHD', 'ADD', 'gamer', 'DropsEnabled']",['MatureGame'],False
46,2025-03-22 16:24,xoskizzy,en,Marvel Rivals,no sleep caffeine qqqqqqqqqqqq,"['English', 'DropsEnabled']",[],False
46,2025-03-22 16:24,will__fps,en,VALORANT,You're short because your parents had a quickie btw,['English'],[],False
46,2025-03-22 16:24,oSymere,en,VALORANT,Can i get uhhh 2 McChickens please,"['English', 'feet', 'Feetcam', 'GothMommy', 'Latina', 'Furry', 'Asian']",['ProfanityVulgarity'],False
47,2025-03-22 16:35,ohnePixel,en,Counter-Strike,🔴G2 vs ETERNAL FIRE | BLAST LISBON 2025🔴,"['English', 'Esports']",['MatureGame'],False
47,2025-03-22 16:36,MrHugo,es,Minecraft,DROPS | CAPA ESPECIAL DE PELICULA DE MINECRAFT | VER DIRECTO 3 MINUTOS! | !drops,"['Español', 'minecraft', 'MINECRAFT', 'drops', 'Recompensasdeespectador']",[],False
47,2025-03-22 16:36,BoxyFresh,en,Sea of Thieves,🏴‍☠️DROPS COMMUNITY WEEKEND🏴‍☠️  TTS 500  !latest !merch !art,"['English', 'LordofFrenziedFlame', 'OnlyUpChampion', 'SubnauticaFirefighter', 'ProLegoBuilder', 'PuzzleMaster', 'AmateurAstronomer', 'DropsEnabled']",[],False
47,2025-03-22 16:36,BLASTPremier,en,Counter-Strike,"BLAST Premier Open Spring 2025, Group Stage, Day 4: Imperial vs Team Liquid, M80 vs FURIA, G2 vs Eternal Fire, The MongolZ vs NAVI","['Esports', 'English', 'BLAST', 'blastpremier', 'counterstrike', 'counterstrike2']",['MatureGame'],False
47,2025-03-22 16:36,Horcus,es,VALORANT,NEW MOUSE 🏆TOP 1 RADIANT CHALLENGE🏆 !aim @Horcus,"['Español', 'España', 'Valorant', 'Radiant', 'Spanish', 'English', 'Competitive', 'Drops', 'Competitivo', 'asmr']",[],False
47,2025-03-22 16:36,Jynxzi,en,Tom Clancy's Rainbow Six Siege,"[81/365] 🏆 $50,000 Console Pro League Tourney 🏆","['English', 'LOUD', 'ADHD']",['MatureGame'],False
47,2025-03-22 16:36,HitboTC,en,Sea of Thieves,"🟢 Drops, Giveaways & Steals ⚔️ TTS 500 ⚔️ (!nordvpn) (!drops)","['SeaofThievesPartner', 'English', 'Dad', 'PvP', 'Memes', 'NewPlayersWelcome', 'Gaslighting', 'FamilyFriendly', 'drops', 'twitchdrops']",[],True
47,2025-03-22 16:36,Sigy,en,Sea of Thieves,🔴!DROPS🔴Subscribe to the SECOND CHANNEL!🔴13/100 days in a row🔴,"['English', 'DropsEnabled']",[],True
47,2025-03-22 16:36,WorldofChap,en,Sea of Thieves,[12HR DROPS] COMMUNITY WEEKEND 💙 Serpent's Lie Sails (!giveaway) 💙 Sloop PVP | (!discord) (!youtube) (!tts),"['English', 'roastedsweetpotato', 'Canadian', 'NightmareModeChampion', 'DoubleGoldCurse', 'DropsEnabled']",[],False
48,2025-03-22 16:46,ohnePixel,en,Counter-Strike,🔴G2 vs ETERNAL FIRE | BLAST LISBON 2025🔴,"['English', 'Esports']",['MatureGame'],False
48,2025-03-22 16:46,MrHugo,es,Minecraft,DROPS | CAPA ESPECIAL DE PELICULA DE MINECRAFT | VER DIRECTO 3 MINUTOS! | !drops,"['Español', 'minecraft', 'MINECRAFT', 'drops', 'Recompensasdeespectador']",[],False
48,2025-03-22 16:46,BoxyFresh,en,Sea of Thieves,🏴‍☠️DROPS COMMUNITY WEEKEND🏴‍☠️  TTS 500  !latest !merch !art,"['English', 'LordofFrenziedFlame', 'OnlyUpChampion', 'SubnauticaFirefighter', 'ProLegoBuilder', 'PuzzleMaster', 'AmateurAstronomer', 'DropsEnabled']",[],False
48,2025-03-22 16:46,Horcus,es,VALORANT,NEW MOUSE 🏆TOP 1 RADIANT CHALLENGE🏆 !aim @Horcus,"['Español', 'España', 'Valorant', 'Radiant', 'Spanish', 'English', 'Competitive', 'Drops', 'Competitivo', 'asmr']",[],False
48,2025-03-22 16:46,BLASTPremier,en,Counter-Strike,"BLAST Premier Open Spring 2025, Group Stage, Day 4: Imperial vs Team Liquid, M80 vs FURIA, G2 vs Eternal Fire, The MongolZ vs NAVI","['Esports', 'English', 'BLAST', 'blastpremier', 'counterstrike', 'counterstrike2']",['MatureGame'],False
48,2025-03-22 16:46,Jynxzi,en,Tom Clancy's Rainbow Six Siege,"[81/365] 🏆 $50,000 Console Pro League Tourney 🏆","['English', 'LOUD', 'ADHD']",['MatureGame'],False
48,2025-03-22 16:46,Peterbot247Official,en,Fortnite,🔴 PETERBOT 24/7 VOD CHANNEL !settings !binds 🔴,['English'],[],False
48,2025-03-22 16:46,AussieAntics,en,Fortnite,WATCHING FNCS DIV FINALS - NEW SHOTGUNS?,['English'],[],False
48,2025-03-22 16:46,faxuty,en,Fortnite,WATCHING EU FNCS DIVISION 1 FINALS | WEST FINALS WITH THE BIG 3 | GAME DAY | !twitter !zw !ig,['English'],[],False
49,2025-03-22 20:02,ohnePixel,en,Counter-Strike,🔴NAVI vs MONGOLZ | BLAST LISBON 2025🔴,"['English', 'Esports']",['MatureGame'],False
49,2025-03-22 20:02,Stewie2K,en,Counter-Strike,GAMIN N SHIZ | !store !socials !discord !tradeit,"['English', 'FPS', 'CSGO', 'CS2', 'PRO', 'CS', 'Multiplayer']",['MatureGame'],False
49,2025-03-22 20:02,MrHugo,es,Minecraft,DROPS | CAPA ESPECIAL DE PELICULA DE MINECRAFT | VER DIRECTO 3 MINUTOS! | !drops,"['Español', 'minecraft', 'MINECRAFT', 'drops', 'Recompensasdeespectador']",[],False
49,2025-03-22 20:02,Aspen,en,Overwatch 2,[!DROPS] HAPPY BIRTHDAY JUNO!!! YOUTUBE -> !newvid,"['English', 'DropsEnabled']",[],False
49,2025-03-22 20:02,Clix,en,Fortnite,🚨 MY SKIN IS IN THE SHOP TONIGHT OMG CODE CLIX PLEASE #ad | WINNING FNCS DIV CUP FINALS | MASSIVE DAY 🚨,['English'],[],False
49,2025-03-22 20:02,BLASTPremier,en,Counter-Strike,"BLAST Premier Open Spring 2025, Group Stage, Day 4: Imperial vs Team Liquid, M80 vs FURIA, G2 vs Eternal Fire, The MongolZ vs NAVI","['Esports', 'English', 'BLAST', 'blastpremier', 'counterstrike', 'counterstrike2']",['MatureGame'],False
49,2025-03-22 20:02,Nexxuz,es,Chaos Express,REPARTIDORES DE AMOR...,"['Español', 'Arkeanos', 'ArkSurvivalAcended', 'Nexxuz', 'nexxuzworld']",[],False
49,2025-03-22 20:02,Peereira7,es,VALORANT,🟥EL MEJOR STREAMER🟥SI ME HACES REIR 2 = MAÑANA🟥FORTNITE KING🟥VALORANT NIGHT🟥ONLY WINS🟥RANK UP O NO CIERRO🟥SHOW NIGHT🟥ESLAND FARMER🟥,['Español'],[],False
49,2025-03-22 20:03,Mixwell,es,VALORANT,[ES] G2 vs FUR | LEV vs MIBR #VCTWATCHPARTY - WATCHPARTY con @b0rja y @lucasrojo // !opgg !redes,"['Español', 'valorant', 'watchparty', 'pro']",[],False
50,2025-03-22 20:11,ohnePixel,en,Counter-Strike,🔴NAVI vs MONGOLZ | BLAST LISBON 2025🔴,"['English', 'Esports']",['MatureGame'],False
50,2025-03-22 20:11,Stewie2K,en,Counter-Strike,GAMIN N SHIZ | !store !socials !discord !tradeit,"['English', 'FPS', 'CSGO', 'CS2', 'PRO', 'CS', 'Multiplayer']",['MatureGame'],False
50,2025-03-22 20:11,MrHugo,es,Minecraft,DROPS | CAPA ESPECIAL DE PELICULA DE MINECRAFT | VER DIRECTO 3 MINUTOS! | !drops,"['Español', 'minecraft', 'MINECRAFT', 'drops', 'Recompensasdeespectador']",[],False
50,2025-03-22 20:11,Aspen,en,Overwatch 2,[!DROPS] HAPPY BIRTHDAY JUNO!!! YOUTUBE -> !newvid,"['English', 'DropsEnabled']",[],False
50,2025-03-22 20:11,Clix,en,Fortnite,🚨 MY SKIN IS IN THE SHOP TONIGHT OMG CODE CLIX PLEASE #ad | WINNING FNCS DIV CUP FINALS | MASSIVE DAY 🚨,['English'],[],False
50,2025-03-22 20:11,BLASTPremier,en,Counter-Strike,"BLAST Premier Open Spring 2025, Group Stage, Day 4: Imperial vs Team Liquid, M80 vs FURIA, G2 vs Eternal Fire, The MongolZ vs NAVI","['Esports', 'English', 'BLAST', 'blastpremier', 'counterstrike', 'counterstrike2']",['MatureGame'],False
50,2025-03-22 20:12,koswaal,es,Minecraft,sábado chill | DROPS | !ip !dc !pagomovil,"['Español', 'venezuela', 'Latam', 'drops', 'Recompensasdeespectador']",[],False
50,2025-03-22 20:12,soydanielpiedra,es,Minecraft,Capa de la Pelicula de Minecraft,"['gamepass', 'español', 'xbox', 'xboxone', 'Español', 'capa', 'realm', 'pvp', 'minecraft', 'Recompensasdeespectador']",[],False
50,2025-03-22 20:12,TigreSoto1,es,Minecraft,-DROPS- Ando triste,"['Español', 'Recompensasdeespectador', 'minecraft']",[],False
51,2025-03-22 20:23,ohnePixel,en,Counter-Strike,🔴NAVI vs MONGOLZ | BLAST LISBON 2025🔴,"['English', 'Esports']",['MatureGame'],False
51,2025-03-22 20:23,MrHugo,es,Minecraft,DROPS | CAPA ESPECIAL DE PELICULA DE MINECRAFT | VER DIRECTO 3 MINUTOS! | !drops,"['Español', 'minecraft', 'MINECRAFT', 'drops', 'Recompensasdeespectador']",[],False
51,2025-03-22 20:23,Stewie2K,en,Counter-Strike,GAMIN N SHIZ | !store !socials !discord !tradeit,"['English', 'FPS', 'CSGO', 'CS2', 'PRO', 'CS', 'Multiplayer']",['MatureGame'],False
51,2025-03-22 20:23,Aspen,en,Overwatch 2,[!DROPS] HAPPY BIRTHDAY JUNO!!! YOUTUBE -> !newvid,"['English', 'DropsEnabled']",[],False
51,2025-03-22 20:23,huguneneca,pt,Garena Free Fire,CAMPEONATO DE FREE FIRE COM O CHAT !pix !discord !sub,['Português'],['MatureGame'],False
51,2025-03-22 20:23,Clix,en,Fortnite,🚨 MY SKIN IS IN THE SHOP TONIGHT OMG CODE CLIX PLEASE #ad | WINNING FNCS DIV CUP FINALS | MASSIVE DAY 🚨,['English'],[],False
51,2025-03-22 20:23,Cooruja,pt,Overwatch 2,[!DROP FASTER] 5 LOOTBOX e !LendariaFREE !Sorteio LE SSERAFIM pra GERAL !Eternus !Passefree,"['Autismo', 'TDAH', 'SafeSpace', 'Pai', 'Overwatch', 'Português', '4fun', 'OW2Season15', 'OW2Brasil', 'DropsAtivados']",[],False
51,2025-03-22 20:23,peachy_yumi,pt,Overwatch 2,!DROPS - mestre sup - sorteio pacotaço lesserafim e arma mítica widow no sábado! !campeachy,"['OW2LeSserafim', 'OW2Season15', 'OverwatchCreator', 'OW2Brasil', 'Português', 'English', 'DropsAtivados']",[],False
51,2025-03-22 20:23,Flokiis,pt,Minecraft,#10 ❄️ Nova série de MINECRAFT,"['Português', 'brasilgaming', 'minecraft', 'minecraftmods', 'RecompensasEspetadores']",[],False
52,2025-03-22 20:35,ohnePixel,en,Counter-Strike,🔴NAVI vs MONGOLZ | BLAST LISBON 2025🔴,"['English', 'Esports']",['MatureGame'],False
52,2025-03-22 20:35,Stewie2K,en,Counter-Strike,GAMIN N SHIZ | !store !socials !discord !tradeit,"['English', 'FPS', 'CSGO', 'CS2', 'PRO', 'CS', 'Multiplayer']",['MatureGame'],False
52,2025-03-22 20:35,MrHugo,es,Minecraft,DROPS | CAPA ESPECIAL DE PELICULA DE MINECRAFT | VER DIRECTO 3 MINUTOS! | !drops,"['Español', 'minecraft', 'MINECRAFT', 'drops', 'Recompensasdeespectador']",[],False
52,2025-03-22 20:35,Aspen,en,Overwatch 2,[!DROPS] HAPPY BIRTHDAY JUNO!!! YOUTUBE -> !newvid,"['English', 'DropsEnabled']",[],False
52,2025-03-22 20:35,FroggerOW,en,Overwatch 2,"[DROPS ON!] 6V6 COMPETITIVE, FREJA AND LOOT BOX DROPS!! OMG!!!","['Australian', 'English', 'DropsEnabled']",[],False
52,2025-03-22 20:35,huguneneca,pt,Garena Free Fire,CAMPEONATO DE FREE FIRE COM O CHAT !pix !discord !sub,['Português'],['MatureGame'],False
52,2025-03-22 20:35,Minky,en,Grand Theft Auto V,5 HRS GTA ➡ 2 HRS FORTNITE ♡ !dailysubgoal !links,"['VFT', 'English', 'LGBTQIA', 'Gay', 'femboy', 'gamer', 'ＧTA5', 'gta', 'Roleplay', 'holidayhoopla']",['MatureGame'],False
52,2025-03-22 20:35,Kaceytron,en,Just Chatting,[🌲I'm going OUTSIDE🌳🌿][🌈💟Woman & LGBTQ+ Space🏳‍🌈],"['English', 'IRL', 'Gay', 'LGBTQIAPIus', 'Woman', 'ADHD', 'feeder', 'feeding', 'PopCulture', 'ClosedCaptions']",[],False
52,2025-03-22 20:35,carmen,en,inZOI,DROPS 🎀INZOI GAMEPLAY🎀 I NEED TO HAVE A DAUGHTER!!! // EXPLORING NEW CITY,"['English', 'rp', 'cringe', 'woman', 'toxic', 'DropsEnabled']",[],False
53,2025-03-22 20:45,Stewie2K,en,Counter-Strike,GAMIN N SHIZ | !store !socials !discord !tradeit,"['English', 'FPS', 'CSGO', 'CS2', 'PRO', 'CS', 'Multiplayer']",['MatureGame'],False
53,2025-03-22 20:45,MrHugo,es,Minecraft,DROPS | CAPA ESPECIAL DE PELICULA DE MINECRAFT | VER DIRECTO 3 MINUTOS! | !drops,"['Español', 'minecraft', 'MINECRAFT', 'drops', 'Recompensasdeespectador']",[],False
53,2025-03-22 20:45,Aspen,en,Overwatch 2,[!DROPS] HAPPY BIRTHDAY JUNO!!! YOUTUBE -> !newvid,"['English', 'DropsEnabled']",[],False
53,2025-03-22 20:46,FroggerOW,en,Overwatch 2,"[DROPS ON!] 6V6 COMPETITIVE, FREJA AND LOOT BOX DROPS!! OMG!!!","['Australian', 'English', 'DropsEnabled']",[],False
53,2025-03-22 20:46,Clix,en,Fortnite,🚨 MY SKIN IS IN THE SHOP TONIGHT OMG CODE CLIX PLEASE #ad | WINNING FNCS DIV CUP FINALS | MASSIVE DAY 🚨,['English'],[],False
53,2025-03-22 20:46,huguneneca,pt,Garena Free Fire,CAMPEONATO DE FREE FIRE COM O CHAT !pix !discord !sub,['Português'],['MatureGame'],False
53,2025-03-22 20:46,DustyCellar,de,Grand Theft Auto V,🇩🇪 [GTA RP] 🔥 Lutz Breitscheid auf Aves V 🔥 CC DCTTV 🥵,"['Deutsch', 'GTARP', 'Roleplay', 'Fortnite', '420', 'WeedFriendly', 'Ranked', 'Techno', 'Rap', 'Emorap']",['MatureGame'],False
53,2025-03-22 20:46,DEKU_QCK,de,Counter-Strike,🇩🇪 ! | CS2 Tipps & Community Games! !dc !merch !nyfter,"['Deutsch', 'tipps', 'CS2', 'skins', 'craft', 'sticker', 'Guide', 'lineups', 'nades', 'Coaching']",['MatureGame'],False
53,2025-03-22 20:46,CanVibes,de,Counter-Strike,Cs2 Grind!! | !dc !insta,"['Deutsch', 'English', 'Türkisch', 'CS2', 'Faceit']",['MatureGame'],False
54,2025-03-23 00:02,Stewie2K,en,Counter-Strike,GAMIN N SHIZ | !store !socials !discord !tradeit,"['English', 'FPS', 'CSGO', 'CS2', 'PRO', 'CS', 'Multiplayer']",['MatureGame'],False
54,2025-03-23 00:03,MrHugo,es,Minecraft,DROPS | CAPA ESPECIAL DE PELICULA DE MINECRAFT | VER DIRECTO 3 MINUTOS! | !drops,"['Español', 'minecraft', 'MINECRAFT', 'drops', 'Recompensasdeespectador']",[],False
54,2025-03-23 00:03,KaiCenat,en,Just Chatting,🇧🇷IRL BRAZIL NIGHT LIFE STREAM🇧🇷,"['English', 'ADHD', 'LOUD', 'gaming', 'AMP']",[],False
54,2025-03-23 00:03,DFragTV,en,Counter-Strike,DFRAG Invitational 2025 - Day 4 | Housebets vs SemperFi,"['Competitive', 'English', 'online', 'esports', 'Oceania', 'OCE', 'Oceanic', 'APAC', 'cs2', 'counterstrike']",['MatureGame'],False
54,2025-03-23 00:03,Aspen,en,Overwatch 2,[!DROPS] HAPPY BIRTHDAY JUNO!!! YOUTUBE -> !newvid,"['English', 'DropsEnabled']",[],False
54,2025-03-23 00:03,huguneneca,pt,Garena Free Fire,CAMPEONATO DE FREE FIRE COM O CHAT !pix !discord !sub,['Português'],['MatureGame'],False
55,2025-03-23 00:14,FroggerOW,en,Overwatch 2,"[DROPS ON!] 6V6 COMPETITIVE, FREJA AND LOOT BOX DROPS!! OMG!!!","['Australian', 'English', 'DropsEnabled']",[],False
55,2025-03-23 00:14,Stewie2K,en,Counter-Strike,GAMIN N SHIZ | !store !socials !discord !tradeit,"['English', 'FPS', 'CSGO', 'CS2', 'PRO', 'CS', 'Multiplayer']",['MatureGame'],False
55,2025-03-23 00:14,huguneneca,pt,Garena Free Fire,CAMPEONATO DE FREE FIRE COM O CHAT !pix !discord !sub,['Português'],['MatureGame'],False
55,2025-03-23 00:14,QTCinderella,en,Just Chatting,BAKING: A Pretty Cake Roll w/ !amd #ad,['English'],[],True
55,2025-03-23 00:15,MrHugo,es,Minecraft,DROPS | CAPA ESPECIAL DE PELICULA DE MINECRAFT | VER DIRECTO 3 MINUTOS! | !drops,"['Español', 'minecraft', 'MINECRAFT', 'drops', 'Recompensasdeespectador']",[],False
55,2025-03-23 00:15,sinatraa,en,Marvel Rivals,[DROPS] 100T vs SEN | $100k MRI Invitational,"['English', 'DropsEnabled']",[],False
55,2025-03-23 00:15,LupacImproprio,pt,Just Chatting,⚠️ !PixThon ⚠️,"['Português', 'Reposição']",[],False
55,2025-03-23 00:15,diogolingua,pt,Fortnite,"MADRUGAR, BORA? 👅 !comandos",['Português'],[],False
55,2025-03-23 00:15,thimagroo,pt,Just Chatting,IRL - FESTA UNIVERSITARIA + SHOW DO @mcdavioficiall ft @maluf30,"['Português', 'IRL', 'festa', 'balada', 'thimagro', 'Viagem', 'jonvlogs', 'fontinnelerj', '1maluf', 'snopey']",[],False
56,2025-03-23 00:26,Stewie2K,en,Counter-Strike,GAMIN N SHIZ | !store !socials !discord !tradeit,"['English', 'FPS', 'CSGO', 'CS2', 'PRO', 'CS', 'Multiplayer']",['MatureGame'],False
56,2025-03-23 00:26,MrHugo,es,Minecraft,DROPS | CAPA ESPECIAL DE PELICULA DE MINECRAFT | VER DIRECTO 3 MINUTOS! | !drops,"['Español', 'minecraft', 'MINECRAFT', 'drops', 'Recompensasdeespectador']",[],False
56,2025-03-23 00:26,KaiCenat,en,Just Chatting,🇧🇷IRL BRAZIL NIGHT LIFE STREAM🇧🇷,"['English', 'ADHD', 'LOUD', 'gaming', 'AMP']",[],False
56,2025-03-23 00:26,DFragTV,en,Counter-Strike,DFRAG Invitational 2025 - Day 4 | Housebets vs SemperFi,"['Competitive', 'English', 'online', 'esports', 'Oceania', 'OCE', 'Oceanic', 'APAC', 'cs2', 'counterstrike']",['MatureGame'],False
56,2025-03-23 00:26,Aspen,en,Overwatch 2,[!DROPS] HAPPY BIRTHDAY JUNO!!! YOUTUBE -> !newvid,"['English', 'DropsEnabled']",[],False
56,2025-03-23 00:27,huguneneca,pt,Garena Free Fire,CAMPEONATO DE FREE FIRE COM O CHAT !pix !discord !sub,['Português'],['MatureGame'],False
56,2025-03-23 00:27,Sigy,en,Sea of Thieves,🔴!DROPS🔴Subscribe to the SECOND CHANNEL!🔴13/100 days in a row🔴,"['English', 'DropsEnabled']",[],True
56,2025-03-23 00:27,WorldofChap,en,Sea of Thieves,[12HR DROPS] COMMUNITY WEEKEND 💙 Serpent's Lie Sails (!giveaway) 💙 Sloop PVP | (!discord) (!youtube) (!tts),"['English', 'roastedsweetpotato', 'Canadian', 'NightmareModeChampion', 'DoubleGoldCurse', 'DropsEnabled']",[],False
56,2025-03-23 00:27,iDbz,en,Sea of Thieves,✨GIVEAWAY AND DROPS✨(VERY LONG STREAM) COMMUNITY WEEKEND VIBES  ✨Solo guide !SoloGuide✨ !plusprogram !socials,"['English', 'Db', 'French', 'Pvp', 'Tucks', 'Goober', 'DropsEnabled']",[],False
57,2025-03-23 00:34,Stewie2K,en,Counter-Strike,GAMIN N SHIZ | !store !socials !discord !tradeit,"['English', 'FPS', 'CSGO', 'CS2', 'PRO', 'CS', 'Multiplayer']",['MatureGame'],False
57,2025-03-23 00:34,MrHugo,es,Minecraft,DROPS | CAPA ESPECIAL DE PELICULA DE MINECRAFT | VER DIRECTO 3 MINUTOS! | !drops,"['Español', 'minecraft', 'MINECRAFT', 'drops', 'Recompensasdeespectador']",[],False
57,2025-03-23 00:34,KaiCenat,en,Just Chatting,🇧🇷IRL BRAZIL NIGHT LIFE STREAM🇧🇷,"['English', 'ADHD', 'LOUD', 'gaming', 'AMP']",[],False
57,2025-03-23 00:34,DFragTV,en,Counter-Strike,DFRAG Invitational 2025 - Day 4 | Housebets vs SemperFi,"['Competitive', 'English', 'online', 'esports', 'Oceania', 'OCE', 'Oceanic', 'APAC', 'cs2', 'counterstrike']",['MatureGame'],False
57,2025-03-23 00:34,Aspen,en,Overwatch 2,[!DROPS] HAPPY BIRTHDAY JUNO!!! YOUTUBE -> !newvid,"['English', 'DropsEnabled']",[],False
57,2025-03-23 00:34,BugSenseii,en,Sea of Thieves,DROPS John Anti-Cheat provides,"['English', 'seaofthieves', 'Roleplay', 'DropsEnabled']",[],False
57,2025-03-23 00:34,faxuty,en,Fortnite,🏆 WINNING NAW DIV 1 FINALS W/ @peterbot @pollofn6 🏆 | 🚨 GAMETIME GET IN HERE 🚨 | !zw !twitter !ig,['English'],[],False
57,2025-03-23 00:34,Peterbot247Official,en,Fortnite,🔴 PETERBOT 24/7 VOD CHANNEL !settings !binds 🔴,['English'],[],False
57,2025-03-23 00:34,OliverOG,en,Fortnite,🏆WATCHING NAW DIV 1 FINALS 🏆USE CODE OLIVEROG IN !COM🏆1V1 !HelloFresh,['English'],[],False
58,2025-03-23 00:43,Stewie2K,en,Counter-Strike,GAMIN N SHIZ | !store !socials !discord !tradeit,"['English', 'FPS', 'CSGO', 'CS2', 'PRO', 'CS', 'Multiplayer']",['MatureGame'],False
58,2025-03-23 00:43,MrHugo,es,Minecraft,DROPS | CAPA ESPECIAL DE PELICULA DE MINECRAFT | VER DIRECTO 3 MINUTOS! | !drops,"['Español', 'minecraft', 'MINECRAFT', 'drops', 'Recompensasdeespectador']",[],False
58,2025-03-23 00:43,KaiCenat,en,Just Chatting,🇧🇷IRL BRAZIL NIGHT LIFE STREAM🇧🇷,"['English', 'ADHD', 'LOUD', 'gaming', 'AMP']",[],False
58,2025-03-23 00:43,DFragTV,en,Counter-Strike,DFRAG Invitational 2025 - Day 4 | Housebets vs SemperFi,"['Competitive', 'English', 'online', 'esports', 'Oceania', 'OCE', 'Oceanic', 'APAC', 'cs2', 'counterstrike']",['MatureGame'],False
58,2025-03-23 00:43,Aspen,en,Overwatch 2,[!DROPS] HAPPY BIRTHDAY JUNO!!! YOUTUBE -> !newvid,"['English', 'DropsEnabled']",[],False
58,2025-03-23 00:43,BugSenseii,en,Sea of Thieves,DROPS John Anti-Cheat provides,"['English', 'seaofthieves', 'Roleplay', 'DropsEnabled']",[],False
58,2025-03-23 00:43,ShySept,en,League of Legends,[Masters]- Rengar/Camille/Jax/Kayle & more-[VTUBER],"['Ranked', 'English', 'Woman', 'OCD', 'ADHD', 'Vtuber', 'Bisexual', 'NA', 'ENVtuber', 'Camille']",[],False
58,2025-03-23 00:44,NYC_Thresh,en,League of Legends,MAMBA MENTALITY toplane easy MUST PROVE TODAY DIAMOND,"['BESTTHRESH', 'English']",[],False
58,2025-03-23 00:44,hifizzi,en,League of Legends,SEXY VOICE ACTIVATED from sickness (START P4 14 LP),"['woman', 'English', 'support', 'smallstreamer', 'egirl', 'league', 'badatgame']",[],False
59,2025-03-23 04:01,DFragTV,en,Counter-Strike,DFRAG Invitational 2025 - Playoffs | Rooster vs Semper Fi,"['Competitive', 'English', 'online', 'esports', 'Oceania', 'OCE', 'Oceanic', 'APAC', 'cs2', 'counterstrike']",['MatureGame'],False
59,2025-03-23 04:01,August,en,Overwatch 2,🔴!DROPS ON🔴FREJA! LONG STREAM! LE SSERAFFIM! MID SEASON PATCH! I GOT MY FIRST GALAXY WEAPON YIPPEE! Freja playtest w/viewers later!,"['Kiriko', 'Support', 'ADHD', 'Anime', 'Top500', 'English', 'Ana', 'Juno', 'DropsEnabled']",[],False
59,2025-03-23 04:01,MrHugo,es,Minecraft,DROPS | CAPA ESPECIAL DE PELICULA DE MINECRAFT | VER DIRECTO 3 MINUTOS! | !drops,"['Español', 'minecraft', 'MINECRAFT', 'drops', 'Recompensasdeespectador']",[],False
59,2025-03-23 04:02,Stewie2K,en,Counter-Strike,-_- internet back | !store !socials !discord !tradeit,"['English', 'FPS', 'CSGO', 'CS2', 'PRO', 'CS', 'Multiplayer']",['MatureGame'],False
59,2025-03-23 04:02,procedural_,en,Sea of Thieves,[!DROPS] Solo Sloop PVP + Whisky Saturday,"['PVP', 'Pirate', 'SeaOfThieves', 'Chill', 'English', 'Piano', 'SeaOfThievesPartner', 'DropsEnabled', 'Drops']",[],False
59,2025-03-23 04:02,Warn,en,Overwatch 2,[!DROPS] #1 ASHE 🔴 6V6 RANKED -> GRANDMASTERS 🔴 LOOTBOX DROPS 24/7 🔴 FREJA PLAYTEST 🔴 NEW USA !pobox 🔴 !youtube,"['Overwatch', 'Competitive', 'ADHD', 'Drops', 'English', 'DropsEnabled']",[],False
59,2025-03-23 04:02,xSparksBG,es,Overwatch 2,🔥!DROPS DE LOOT BOX🔥 SABADO DE GLORIA,"['Español', 'latinoamerica', 'DropsActivados']",[],False
59,2025-03-23 04:02,BloodyVorpal,es,Overwatch 2,🌸cuando fokin pagan? 🌸 ! /  !redes 📸,"['Español', 'RagerGamer', 'EspacioSeguro', 'kawaiistream', 'Latina', 'English', 'DropsActivados']",[],False
59,2025-03-23 04:02,Sakuraav,es,Overwatch 2,"《DROPS》 Ranks de Over ,6v6 ,LESSARAFIM | !redes | !discord || Hay alertas c:","['Divertido', 'Español', 'xbox', 'Mujer', 'Multijugador', 'Overawatch', 'Shooter', 'healermain', 'PC', 'DropsActivados']",[],False
60,2025-03-23 04:11,DFragTV,en,Counter-Strike,DFRAG Invitational 2025 - Playoffs | Rooster vs Semper Fi,"['Competitive', 'English', 'online', 'esports', 'Oceania', 'OCE', 'Oceanic', 'APAC', 'cs2', 'counterstrike']",['MatureGame'],False
60,2025-03-23 04:11,August,en,Overwatch 2,🔴!DROPS ON🔴FREJA! LONG STREAM! LE SSERAFFIM! MID SEASON PATCH! I GOT MY FIRST GALAXY WEAPON YIPPEE! Freja playtest w/viewers later!,"['Kiriko', 'Support', 'ADHD', 'Anime', 'Top500', 'English', 'Ana', 'Juno', 'DropsEnabled']",[],False
60,2025-03-23 04:11,Stewie2K,en,Counter-Strike,-_- internet back | !store !socials !discord !tradeit,"['English', 'FPS', 'CSGO', 'CS2', 'PRO', 'CS', 'Multiplayer']",['MatureGame'],False
60,2025-03-23 04:12,MrHugo,es,Minecraft,DROPS | CAPA ESPECIAL DE PELICULA DE MINECRAFT | VER DIRECTO 3 MINUTOS! | !drops,"['Español', 'minecraft', 'MINECRAFT', 'drops', 'Recompensasdeespectador']",[],False
60,2025-03-23 04:12,procedural_,en,Sea of Thieves,[!DROPS] Solo Sloop PVP + Whisky Saturday,"['PVP', 'Pirate', 'SeaOfThieves', 'Chill', 'English', 'Piano', 'SeaOfThievesPartner', 'DropsEnabled', 'Drops']",[],False
60,2025-03-23 04:12,theb,en,Sea of Thieves,🟨DROPS🟨 EVIL PVP PIRATE STREAM RAHHH 🏴‍☠️🏴‍☠️🏴‍☠️💥💥💥 @crud,"['pvp', 'pirategame', 'lootswindling', 'English', 'DropsEnabled']",[],False
60,2025-03-23 04:12,Sigy,en,Sea of Thieves,🔴!DROPS🔴Subscribe to the SECOND CHANNEL!🔴13/100 days in a row🔴,"['English', 'DropsEnabled']",[],True
60,2025-03-23 04:12,Fi1es,en,Sea of Thieves,[DROPS] Solo Divin | 5.6K+ HG 🏴‍☠️Controller Player !partnerplus,"['PvP', 'English', 'ControllerPlayer', 'TTS100', 'SoTPartner', 'DropsEnabled']",[],False
60,2025-03-23 04:12,iDbz,en,Sea of Thieves,✨GIVEAWAY AND DROPS✨(VERY LONG STREAM) COMMUNITY WEEKEND VIBES  ✨Solo guide !SoloGuide✨ !plusprogram !socials,"['English', 'Db', 'French', 'Pvp', 'Tucks', 'Goober', 'DropsEnabled']",[],False
61,2025-03-23 04:22,Stewie2K,en,Counter-Strike,-_- internet back | !store !socials !discord !tradeit,"['English', 'FPS', 'CSGO', 'CS2', 'PRO', 'CS', 'Multiplayer']",['MatureGame'],False
61,2025-03-23 04:23,August,en,Overwatch 2,🔴!DROPS ON🔴FREJA! LONG STREAM! LE SSERAFFIM! MID SEASON PATCH! I GOT MY FIRST GALAXY WEAPON YIPPEE! Freja playtest w/viewers later!,"['Kiriko', 'Support', 'ADHD', 'Anime', 'Top500', 'English', 'Ana', 'Juno', 'DropsEnabled']",[],False
61,2025-03-23 04:23,DFragTV,en,Counter-Strike,DFRAG Invitational 2025 - Playoffs | Rooster vs Semper Fi,"['Competitive', 'English', 'online', 'esports', 'Oceania', 'OCE', 'Oceanic', 'APAC', 'cs2', 'counterstrike']",['MatureGame'],False
61,2025-03-23 04:23,MrHugo,es,Minecraft,DROPS | CAPA ESPECIAL DE PELICULA DE MINECRAFT | VER DIRECTO 3 MINUTOS! | !drops,"['Español', 'minecraft', 'MINECRAFT', 'drops', 'Recompensasdeespectador']",[],False
61,2025-03-23 04:23,procedural_,en,Sea of Thieves,[!DROPS] Solo Sloop PVP + Whisky Saturday,"['PVP', 'Pirate', 'SeaOfThieves', 'Chill', 'English', 'Piano', 'SeaOfThievesPartner', 'DropsEnabled', 'Drops']",[],False
61,2025-03-23 04:23,theb,en,Sea of Thieves,🟨DROPS🟨 EVIL PVP PIRATE STREAM RAHHH 🏴‍☠️🏴‍☠️🏴‍☠️💥💥💥 @crud,"['pvp', 'pirategame', 'lootswindling', 'English', 'DropsEnabled']",[],False
61,2025-03-23 04:23,flexor_ay,de,Fortnite,Fortnite am Sonntag Morgen,"['English', 'GermanStreamer', 'Germany', 'PlayStation', 'Fortnite', 'FortniteTV', 'solofortnite', 'Deutsch']",[],False
61,2025-03-23 04:23,FlensburgRP,de,Grand Theft Auto V,Crimler / Gangster gesucht | Streamen darf jede[r] | !mitspielen | !Spieler [in d. Prime] | Deine Einreise-Anleitung steht unten | Vod,"['Deutsch', 'j4fgde', 'rp', 'rpg', 'flensburg', 'flensburgrp', 'GTARP', 'Rollenspiel', 'fivem']",['MatureGame'],False
61,2025-03-23 04:23,kingkechi,de,Fortnite,"wir werden bald Heiraten @jenevieve1992,  support wird für die Hochzeit genommen.","['Deutsch', 'Entspannt', 'german', 'gaming', 'Entspannt', 'Multiplayer', 'PC', 'mitspielen', 'win', 'Wiederholen']",[],False
62,2025-03-23 04:33,Stewie2K,en,Counter-Strike,-_- internet back | !store !socials !discord !tradeit,"['English', 'FPS', 'CSGO', 'CS2', 'PRO', 'CS', 'Multiplayer']",['MatureGame'],False
62,2025-03-23 04:33,DFragTV,en,Counter-Strike,DFRAG Invitational 2025 - Playoffs | Rooster vs Semper Fi,"['Competitive', 'English', 'online', 'esports', 'Oceania', 'OCE', 'Oceanic', 'APAC', 'cs2', 'counterstrike']",['MatureGame'],False
62,2025-03-23 04:33,August,en,Overwatch 2,🔴!DROPS ON🔴FREJA! LONG STREAM! LE SSERAFFIM! MID SEASON PATCH! I GOT MY FIRST GALAXY WEAPON YIPPEE! Freja playtest w/viewers later!,"['Kiriko', 'Support', 'ADHD', 'Anime', 'Top500', 'English', 'Ana', 'Juno', 'DropsEnabled']",[],False
62,2025-03-23 04:33,MrHugo,es,Minecraft,DROPS | CAPA ESPECIAL DE PELICULA DE MINECRAFT | VER DIRECTO 3 MINUTOS! | !drops,"['Español', 'minecraft', 'MINECRAFT', 'drops', 'Recompensasdeespectador']",[],False
62,2025-03-23 04:33,procedural_,en,Sea of Thieves,[!DROPS] Solo Sloop PVP + Whisky Saturday,"['PVP', 'Pirate', 'SeaOfThieves', 'Chill', 'English', 'Piano', 'SeaOfThievesPartner', 'DropsEnabled', 'Drops']",[],False
62,2025-03-23 04:33,theb,en,Sea of Thieves,🟨DROPS🟨 EVIL PVP PIRATE STREAM RAHHH 🏴‍☠️🏴‍☠️🏴‍☠️💥💥💥 @crud,"['pvp', 'pirategame', 'lootswindling', 'English', 'DropsEnabled']",[],False
62,2025-03-23 04:33,chosen_ow,en,Overwatch 2,[!DROPS ✅] #1 ILLARI / CHAMP SUPPORT 🦙🌞 MARRIED TO OW2 💍💗 FREJA PLAYTEST 🏹🎯 LOOTBOX DROPS 🤯🤯 6V6 RANKED 💥💥 !pylon,"['English', 'top500', 'Illari', 'overwatch', 'Competitive', 'Drops', 'DropsEnabled']",[],False
62,2025-03-23 04:34,PLAYTO_ow,en,Overwatch 2,[DROPS] TOP500 BASTION 6v6 COMP 🟪 LE SSERAFIM ASHE 🟪,"['furry', 'English', 'Pastafarian', 'Burger', 'eboy', 'Forehead', 'DropsEnabled']",[],False
62,2025-03-23 04:34,sunshinebread,en,Overwatch 2,[DROPS] [DAY 4/5] SR SLINGSHOT ACTIVATE!!!!!!!!!!!!!!!!!!!!!!!!!!!!!! !MASTERS,"['English', 'Doomfist', 'unemployed', 'LOUD', 'obnoxious', 'SISYPHUS', 'NEET', 'hitscan', 'tracer', 'altfashion']",[],True
63,2025-03-23 08:01,MrHugo,es,Minecraft,DROPS | CAPA ESPECIAL DE PELICULA DE MINECRAFT | VER DIRECTO 3 MINUTOS! | !drops,"['Español', 'minecraft', 'MINECRAFT', 'drops', 'Recompensasdeespectador']",[],False
63,2025-03-23 08:02,Cibergun,es,Minecraft,🎁DROPS MINECRAFT🎁 🟥    Capa GRATIS || Free CAPE  - Java / Bedrock Edition - Con trucos y curiosidades de Minecraft !Cape !drop,"['Minecraft', 'drops', 'Drop', 'minecraft', 'DropsEnabled', 'DropsActivados', 'capa', 'drops', 'cape', 'Español']",[],False
63,2025-03-23 08:02,August,en,Overwatch 2,🔴!DROPS ON🔴LONG STREAM !FREJA! LE SSERAFFIM! MID SEASON PATCH! I GOT MY FIRST GALAXY WEAPON YIPPEE! Freja playtest w/viewers later!,"['Kiriko', 'Support', 'ADHD', 'Anime', 'Top500', 'English', 'Ana', 'Juno', 'DropsEnabled']",[],False
63,2025-03-23 08:02,DFragTV,en,Counter-Strike,DFRAG Invitational 2025 - Grand Final | Semper Fi vs Ex-TALON,"['Competitive', 'English', 'online', 'esports', 'Oceania', 'OCE', 'Oceanic', 'APAC', 'cs2', 'counterstrike']",['MatureGame'],False
63,2025-03-23 08:02,callistrax,en,Stardew Valley,"☽AUS☾ | ✨Stardew Expanded Sundays!✨New year, new crops! | cozy vibes only :3 | !discord !juicd","['Australia', 'OCE', 'LGBTQ', 'Chill', 'Cozy', '7TVemotes', 'English', 'SafeSpace', 'StardewValleyExpanded', 'Modded']",['ProfanityVulgarity'],False
63,2025-03-23 08:02,itswight,en,Sea of Thieves,🔵 DROPS SUBTHONG 🔵 HOUR 28 | NO SHip to Pirate Legend challenge !subthong !goals,"['Australia', 'Anime', 'Comedy', 'JustChatting', 'Reaction', 'Anygifters', 'English', 'SeaOfThievesPartner', 'DropsEnabled']",[],False
63,2025-03-23 08:02,Stimjak,en,Grand Theft Auto V,GTA RP - HYDRATE!,"['roleplay', 'gaming', 'live', 'multiplayer', 'tiktok', 'English']",['MatureGame'],True
63,2025-03-23 08:02,RichoPOV,en,Call of Duty: Warzone,"CHAT, I NEED YOUR HELP | @tideapparel","['English', 'Australian', 'justchattıng', 'Community', 'AMA']",['MatureGame'],False
63,2025-03-23 08:02,Mario,en,Grand Theft Auto V,Hydrate RP l THE DON OF THE MAFIA l 1733/1750 l ROAD TO 2000 SUBS!,"['English', 'ANZSubFest']",['MatureGame'],False
64,2025-03-23 08:13,MrHugo,es,Minecraft,DROPS | CAPA ESPECIAL DE PELICULA DE MINECRAFT | VER DIRECTO 3 MINUTOS! | !drops,"['Español', 'minecraft', 'MINECRAFT', 'drops', 'Recompensasdeespectador']",[],False
64,2025-03-23 08:13,Cibergun,es,Minecraft,🎁DROPS MINECRAFT🎁 🟥    Capa GRATIS || Free CAPE  - Java / Bedrock Edition - Con trucos y curiosidades de Minecraft !Cape !drop,"['Minecraft', 'drops', 'Drop', 'minecraft', 'DropsEnabled', 'DropsActivados', 'capa', 'drops', 'cape', 'Español']",[],False
64,2025-03-23 08:13,August,en,Overwatch 2,🔴!DROPS ON🔴LONG STREAM !FREJA! LE SSERAFFIM! MID SEASON PATCH! I GOT MY FIRST GALAXY WEAPON YIPPEE! Freja playtest w/viewers later!,"['Kiriko', 'Support', 'ADHD', 'Anime', 'Top500', 'English', 'Ana', 'Juno', 'DropsEnabled']",[],False
64,2025-03-23 08:13,Bowshot,en,VALORANT,🔴 fighting for my life in competitive valorant | !newvid !discord👑,"['English', 'minecraft', 'win', 'skywars', 'bedwars', 'PlayingwithViewers']",[],False
64,2025-03-23 08:13,itswight,en,Sea of Thieves,🔵 DROPS SUBTHONG 🔵 HOUR 28 | NO SHip to Pirate Legend challenge !subthong !goals,"['Australia', 'Anime', 'Comedy', 'JustChatting', 'Reaction', 'Anygifters', 'English', 'SeaOfThievesPartner', 'DropsEnabled']",[],False
64,2025-03-23 08:13,gkey,en,Minecraft,"🟪[DROPS ON]🟪16,500+ DAYS Hardcore Minecraft🟪!project !tour !socials🟪","['English', 'ViewerRewards']",[],False
64,2025-03-23 08:13,ElinaJasmin,en,Counter-Strike,🎀BIRTHDAY BRAINROT 🎀 8 HOURS🎉  VIEWERGAMES🎉GIVEAWAYS✨ | !inui !skinvault  !socials,"['English', 'ENCE', 'Chatty', 'girlgamer', 'yappacertified', 'egirl', 'Finland', 'adhd']",['MatureGame'],True
64,2025-03-23 08:13,zipelCS,en,Counter-Strike,"SUNDAY CHILL,  ECSTATIC PLAYING, TRADING 300 KNIVES !trade",['English'],['MatureGame'],False
64,2025-03-23 08:13,EzP__,en,Counter-Strike,"DAY 7: DEAGLE ONLY 1,000 --> 20,000🔴BE HERE OR BE SQUARE HEHE 🔴 NOW ON 400HZ 🔴!challenge !rules !disability !drama !drama2","['English', 'CS2', 'cs', 'Dima', 'leech', 'ASMR', 'forsen', 'ｆｏｒｓｅｎｆｏｒｓｅｎｆｏｒｓｅｎｆｏｒｓｅｎ', 'fps', '100fps']",['MatureGame'],False
65,2025-03-23 08:22,MrHugo,es,Minecraft,DROPS | CAPA ESPECIAL DE PELICULA DE MINECRAFT | VER DIRECTO 3 MINUTOS! | !drops,"['Español', 'minecraft', 'MINECRAFT', 'drops', 'Recompensasdeespectador']",[],False
65,2025-03-23 08:22,Cibergun,es,Minecraft,🎁DROPS MINECRAFT🎁 🟥    Capa GRATIS || Free CAPE  - Java / Bedrock Edition - Con trucos y curiosidades de Minecraft !Cape !drop,"['Minecraft', 'drops', 'Drop', 'minecraft', 'DropsEnabled', 'DropsActivados', 'capa', 'drops', 'cape', 'Español']",[],False
65,2025-03-23 08:23,August,en,Overwatch 2,🔴!DROPS ON🔴LONG STREAM !FREJA! LE SSERAFFIM! MID SEASON PATCH! I GOT MY FIRST GALAXY WEAPON YIPPEE! Freja playtest w/viewers later!,"['Kiriko', 'Support', 'ADHD', 'Anime', 'Top500', 'English', 'Ana', 'Juno', 'DropsEnabled']",[],False
65,2025-03-23 08:23,BLASTPremier,en,Counter-Strike,"BLAST Premier Open Spring 2025, Group Stage, Day 5: Virtus.pro vs Falcons, FaZe vs Spirit, Team Liquid vs The MongolZ, G2 vs M80","['Esports', 'English', 'BLAST', 'blastpremier', 'counterstrike', 'counterstrike2']",['MatureGame'],False
65,2025-03-23 08:23,Bowshot,en,VALORANT,🔴 fighting for my life in competitive valorant | !newvid !discord👑,"['English', 'minecraft', 'win', 'skywars', 'bedwars', 'PlayingwithViewers']",[],False
65,2025-03-23 08:23,itswight,en,Sea of Thieves,🔵 DROPS SUBTHONG 🔵 HOUR 28 | NO SHip to Pirate Legend challenge !subthong !goals,"['Australia', 'Anime', 'Comedy', 'JustChatting', 'Reaction', 'Anygifters', 'English', 'SeaOfThievesPartner', 'DropsEnabled']",[],False
65,2025-03-23 08:23,ashhhqa,ru,Sea of Thieves,"🟢 DROPS | PVP Sloop | РОЗЫГРЫШ НА ЭМОЦИЮ ""АХ, КОФЕ!"" в !дс и !тг","['Русский', 'English', 'PvP', 'holidayhoopla', 'PvE', 'DropsВключены']",[],False
65,2025-03-23 08:23,WezzyCruze,en,Sea of Thieves,12 HOUR STREAM! HIRE A HERO THIS COMMUNITY DAY! (Drops!) !discord !yt !commands,"['English', 'OCE', 'ChillVibes', 'DropsEnabled']",[],False
65,2025-03-23 08:23,clublock,en,Sea of Thieves,DROPS! !drops | Galley Hourglass with @DingoTyson @MitchyBooPoo,"['OCE', 'AUS', 'chill', 'readschat', 'english', 'relaxed', 'casual', 'pvp', 'bemorepirate', 'English']",['ProfanityVulgarity'],False
66,2025-03-23 12:01,ohnePixel,en,Counter-Strike,🔴FAZE vs SPIRIT [ELIM] BLAST LISBON 2025🔴,"['English', 'Esports']",['MatureGame'],False
66,2025-03-23 12:01,MrHugo,es,Minecraft,DROPS | CAPA ESPECIAL DE PELICULA DE MINECRAFT | VER DIRECTO 3 MINUTOS! | !drops,"['Español', 'minecraft', 'MINECRAFT', 'drops', 'Recompensasdeespectador']",[],False
66,2025-03-23 12:01,Cibergun,es,Minecraft,🎁DROPS MINECRAFT🎁 🟥    Capa GRATIS || Free CAPE  - Java / Bedrock Edition - Con trucos y curiosidades de Minecraft !Cape !drop,"['Minecraft', 'drops', 'Drop', 'minecraft', 'DropsEnabled', 'DropsActivados', 'capa', 'drops', 'cape', 'Español']",[],False
66,2025-03-23 12:02,TheReynas,en,VALORANT,"UNI vs RYL | “Resurrection” | The Reyna's $1,000 Valorant Tournament","['English', 'valorant', 'Tournament', 'thereynas']",[],False
66,2025-03-23 12:02,August,en,Overwatch 2,🔴!DROPS ON🔴LONG STREAM !FREJA! LE SSERAFFIM! MID SEASON PATCH! I GOT MY FIRST GALAXY WEAPON YIPPEE! Freja playtest w/viewers later!,"['Kiriko', 'Support', 'ADHD', 'Anime', 'Top500', 'English', 'Ana', 'Juno', 'DropsEnabled']",[],False
66,2025-03-23 12:02,Necros,en,Marvel Rivals,[DROPS ENABLED] BSOD enjoyer. TOURNEY TODAY.,"['English', 'spiderman', 'blackpanther', 'DropsEnabled']",[],False
67,2025-03-23 12:11,ohnePixel,en,Counter-Strike,🔴FAZE vs SPIRIT [ELIM] BLAST LISBON 2025🔴,"['English', 'Esports']",['MatureGame'],False
67,2025-03-23 12:11,MrHugo,es,Minecraft,DROPS | CAPA ESPECIAL DE PELICULA DE MINECRAFT | VER DIRECTO 3 MINUTOS! | !drops,"['Español', 'minecraft', 'MINECRAFT', 'drops', 'Recompensasdeespectador']",[],False
67,2025-03-23 12:11,Cibergun,es,Minecraft,🎁DROPS MINECRAFT🎁 🟥    Capa GRATIS || Free CAPE  - Java / Bedrock Edition - Con trucos y curiosidades de Minecraft !Cape !drop,"['Minecraft', 'drops', 'Drop', 'minecraft', 'DropsEnabled', 'DropsActivados', 'capa', 'drops', 'cape', 'Español']",[],False
67,2025-03-23 12:11,TheReynas,en,VALORANT,"UNI vs RYL | “Resurrection” | The Reyna's $1,000 Valorant Tournament","['English', 'valorant', 'Tournament', 'thereynas']",[],False
67,2025-03-23 12:11,August,en,Overwatch 2,🔴!DROPS ON🔴LONG STREAM !FREJA! LE SSERAFFIM! MID SEASON PATCH! I GOT MY FIRST GALAXY WEAPON YIPPEE! Freja playtest w/viewers later!,"['Kiriko', 'Support', 'ADHD', 'Anime', 'Top500', 'English', 'Ana', 'Juno', 'DropsEnabled']",[],False
67,2025-03-23 12:11,lossayyy,en,The Sims 4,RAGS TO BUSINESSES?! | !what !eacode,"['northernireland', 'ireland', 'irish', 'chaotic', 'safespace', 'funny', 'English', 'chatty', 'mentalhealth', 'Disabled']",[],False
67,2025-03-23 12:11,LendothLIVE,en,VALORANT,FMG vs CLS | VCL LOWER SWISS DAY 3 | CO STREAM #CLNE,"['comp', 'Jett', 'Fortnite', 'valorant', 'val', 'ＶＡＬＯＲＡＮＴ', 'valorantcompetetive', 'valorantforpc', 'Welsh', 'CHALLENGERS']",[],False
67,2025-03-23 12:11,Nobanuu,en,VALORANT,hello baljeet. / !sens !discord,"['immortal', 'english', 'ranked', 'competitive', 'british', 'eu', 'help', 'me', 'please', 'English']",[],False
67,2025-03-23 12:11,mimimimichaela,en,VALORANT,back from the deadge,['English'],[],False
68,2025-03-23 12:19,ohnePixel,en,Counter-Strike,🔴FAZE vs SPIRIT [ELIM] BLAST LISBON 2025🔴,"['English', 'Esports']",['MatureGame'],False
68,2025-03-23 12:19,MrHugo,es,Minecraft,DROPS | CAPA ESPECIAL DE PELICULA DE MINECRAFT | VER DIRECTO 3 MINUTOS! | !drops,"['Español', 'minecraft', 'MINECRAFT', 'drops', 'Recompensasdeespectador']",[],False
68,2025-03-23 12:20,Cibergun,es,Minecraft,🎁DROPS MINECRAFT🎁 🟥    Capa GRATIS || Free CAPE  - Java / Bedrock Edition - Con trucos y curiosidades de Minecraft !Cape !drop,"['Minecraft', 'drops', 'Drop', 'minecraft', 'DropsEnabled', 'DropsActivados', 'capa', 'drops', 'cape', 'Español']",[],False
68,2025-03-23 12:20,TheReynas,en,VALORANT,"UNI vs RYL | “Resurrection” | The Reyna's $1,000 Valorant Tournament","['English', 'valorant', 'Tournament', 'thereynas']",[],False
68,2025-03-23 12:20,August,en,Overwatch 2,🔴!DROPS ON🔴LONG STREAM !FREJA! LE SSERAFFIM! MID SEASON PATCH! I GOT MY FIRST GALAXY WEAPON YIPPEE! Freja playtest w/viewers later!,"['Kiriko', 'Support', 'ADHD', 'Anime', 'Top500', 'English', 'Ana', 'Juno', 'DropsEnabled']",[],False
68,2025-03-23 12:20,lossayyy,en,The Sims 4,RAGS TO BUSINESSES?! | !what !eacode,"['northernireland', 'ireland', 'irish', 'chaotic', 'safespace', 'funny', 'English', 'chatty', 'mentalhealth', 'Disabled']",[],False
68,2025-03-23 12:20,lol_nemesis,en,League of Legends,EMEA MASTERS FINALS AT 5PM CET  VS IJC  !patreon !nordvpn !discord,['English'],[],False
68,2025-03-23 12:20,Thebausffs,en,League of Legends,EUMASTER FINALS. TEHY CALL HIM MESSY,['English'],[],False
68,2025-03-23 12:20,crownie_lol,en,League of Legends,LR CROWNIE 😈 EUM FINALS TODAY SEX MAS TA IS HERE,"['English', 'Educational', 'Challenger', 'botlane']",[],False
69,2025-03-23 12:29,ohnePixel,en,Counter-Strike,🔴FAZE vs SPIRIT [ELIM] BLAST LISBON 2025🔴,"['English', 'Esports']",['MatureGame'],False
69,2025-03-23 12:29,MrHugo,es,Minecraft,DROPS | CAPA ESPECIAL DE PELICULA DE MINECRAFT | VER DIRECTO 3 MINUTOS! | !drops,"['Español', 'minecraft', 'MINECRAFT', 'drops', 'Recompensasdeespectador']",[],False
69,2025-03-23 12:29,Cibergun,es,Minecraft,🎁DROPS MINECRAFT🎁 🟥    Capa GRATIS || Free CAPE  - Java / Bedrock Edition - Con trucos y curiosidades de Minecraft !Cape !drop,"['Minecraft', 'drops', 'Drop', 'minecraft', 'DropsEnabled', 'DropsActivados', 'capa', 'drops', 'cape', 'Español']",[],False
69,2025-03-23 12:29,TheReynas,en,VALORANT,"UNI vs RYL | “Resurrection” | The Reyna's $1,000 Valorant Tournament","['English', 'valorant', 'Tournament', 'thereynas']",[],False
69,2025-03-23 12:29,August,en,Overwatch 2,🔴!DROPS ON🔴LONG STREAM !FREJA! LE SSERAFFIM! MID SEASON PATCH! I GOT MY FIRST GALAXY WEAPON YIPPEE! Freja playtest w/viewers later!,"['Kiriko', 'Support', 'ADHD', 'Anime', 'Top500', 'English', 'Ana', 'Juno', 'DropsEnabled']",[],False
69,2025-03-23 12:29,lossayyy,en,The Sims 4,RAGS TO BUSINESSES?! | !what !eacode,"['northernireland', 'ireland', 'irish', 'chaotic', 'safespace', 'funny', 'English', 'chatty', 'mentalhealth', 'Disabled']",[],False
69,2025-03-23 12:29,Emongg,en,Overwatch 2,[!DROPS ENABLED] OVERWATCH 2 GAMING (BINGO TODAY!?) !gamersupps,"['English', 'DropsEnabled']",[],False
69,2025-03-23 12:29,Skiesti,en,Overwatch 2,🔴 [!DROPS] 🔴 At least I have LSF Mercy :) !NEWVID !rose !pugs | !mercyhelp !heroperks,"['ADHD', 'SafeSpace', 'Mercy', 'Interactive', 'Chill', 'Canadian', 'Educational', 'Support', 'ClosedCaptions', 'English']",[],False
69,2025-03-23 12:29,kraandop,en,Overwatch 2,[!DROPS] LIFE WILL BE GOOD. EVERYTHING WILL BE GOOD. SURELY. !GG,"['Nederlands', 'English', 'DropsEnabled']",[],False
70,2025-03-23 16:01,ohnePixel,en,Counter-Strike,🔴LIQUID vs MONGOLZ [ELIM] BLAST LISBON 2025🔴,"['English', 'Esports']",['MatureGame'],False
70,2025-03-23 16:01,MrHugo,es,Minecraft,DROPS | CAPA ESPECIAL DE PELICULA DE MINECRAFT | VER DIRECTO 3 MINUTOS! |  Free CAPE | !drops !capa !cape,"['Español', 'minecraft', 'MINECRAFT', 'drops', 'Recompensasdeespectador']",[],False
70,2025-03-23 16:02,MushyPCG,en,Minecraft,82/365: MC CAPES HERE! | LETS BUILD OUR TEAM! | cobblemon server | !discord !drops,"['English', 'ViewerRewards']",[],False
70,2025-03-23 16:02,Cibergun,es,Minecraft,🎁DROPS MINECRAFT🎁 🟥    Capa GRATIS || Free CAPE  - Java / Bedrock Edition - Con trucos y curiosidades de Minecraft !Cape !drop,"['Minecraft', 'drops', 'Drop', 'minecraft', 'DropsEnabled', 'DropsActivados', 'capa', 'drops', 'cape', 'Español']",[],False
70,2025-03-23 16:02,MORGANITA,pt,Overwatch 2,DROPS ON!!!!! AJUDA NA META?,"['Competitivo', 'Português', 'PlayingwithViewers', 'ConversandoComOChat', 'Casual', 'CasualPlaytrough', 'DropsAtivados']",[],False
70,2025-03-23 16:02,TheReynas,en,VALORANT,"NEAN vs BOARS | “Resurrection” | The Reyna's $1,000 Valorant Tournament","['English', 'valorant', 'Tournament', 'thereynas']",[],False
70,2025-03-23 16:02,ridzeex,other,VALORANT,редкие кадры на которых видно киевского мангуста //,"['Україна', 'English', 'stopwar', 'шоумен', 'филантроп', 'нуб', 'железныйчеловек', 'радиатор', 'потенциал', 'скилл']",['ProfanityVulgarity'],False
70,2025-03-23 16:02,iDex,fr,VALORANT,10 DM WIN A LA SUITE OU JE STOP PAS LE STREAM,['Français'],[],False
70,2025-03-23 16:02,Majski227,en,VALORANT,LINGAGULIGULIGULIWACHALINGAGULINGAGU,['English'],[],False
71,2025-03-23 16:13,Cibergun,es,Minecraft,🎁DROPS MINECRAFT🎁 🟥    Capa GRATIS || Free CAPE  - Java / Bedrock Edition - Con trucos y curiosidades de Minecraft !Cape !drop,"['Minecraft', 'drops', 'Drop', 'minecraft', 'DropsEnabled', 'DropsActivados', 'capa', 'drops', 'cape', 'Español']",[],False
71,2025-03-23 16:14,ohnePixel,en,Counter-Strike,🔴LIQUID vs MONGOLZ [ELIM] BLAST LISBON 2025🔴,"['English', 'Esports']",['MatureGame'],False
71,2025-03-23 16:14,TheReynas,en,VALORANT,"NEAN vs BOARS | “Resurrection” | The Reyna's $1,000 Valorant Tournament","['English', 'valorant', 'Tournament', 'thereynas']",[],False
71,2025-03-23 16:14,carmen,en,inZOI,🎀INZOI GAMEPLAY🎀 WE HAD A BABY GIRL AFTER 6 SONS! // EXPLORING NEW CITY,"['English', 'rp', 'cringe', 'woman', 'toxic']",[],False
71,2025-03-23 16:14,MORGANITA,pt,Overwatch 2,DROPS ON!!!!! AJUDA NA META?,"['Competitivo', 'Português', 'PlayingwithViewers', 'ConversandoComOChat', 'Casual', 'CasualPlaytrough', 'DropsAtivados']",[],False
71,2025-03-23 16:14,Stewie2K,en,Counter-Strike,Watchin & Gamin | !store !socials !discord !tradeit,"['English', 'FPS', 'CSGO', 'CS2', 'PRO', 'CS', 'Multiplayer']",['MatureGame'],False
71,2025-03-23 16:14,runthefutmarket,en,EA Sports FC 25,NEW 88+ ICON PICKS NOW!!!  | !prime for prime sub,"['English', 'sports', 'soccer', 'Football']",[],False
71,2025-03-23 16:14,Nick28T,en,EA Sports FC 25,Sundays are for RTG grinding and FUN CHAMPS?! | Socials: Nick28T,"['f1', 'escapefromtarkov', 'LUFC', 'english', 'ultimateteam', 'soccer', 'Football', 'tarkov', 'English']",[],False
71,2025-03-23 16:14,easportsfc,en,EA Sports FC 25,ePremier League: The Finals,"['Football', 'English', 'EASPORTSFC', 'EASPORTS', 'FC25', '25', 'DropsEnabled', 'ePremierLeague', 'ePLFinals']",[],False
72,2025-03-23 16:24,ohnePixel,en,Counter-Strike,🔴LIQUID vs MONGOLZ [ELIM] BLAST LISBON 2025🔴,"['English', 'Esports']",['MatureGame'],False
72,2025-03-23 16:24,MrHugo,es,Minecraft,DROPS | CAPA ESPECIAL DE PELICULA DE MINECRAFT | VER DIRECTO 3 MINUTOS! |  Free CAPE | !drops !capa !cape,"['Español', 'minecraft', 'MINECRAFT', 'drops', 'Recompensasdeespectador']",[],False
72,2025-03-23 16:24,Cibergun,es,Minecraft,🎁DROPS MINECRAFT🎁 🟥    Capa GRATIS || Free CAPE  - Java / Bedrock Edition - Con trucos y curiosidades de Minecraft !Cape !drop,"['Minecraft', 'drops', 'Drop', 'minecraft', 'DropsEnabled', 'DropsActivados', 'capa', 'drops', 'cape', 'Español']",[],False
72,2025-03-23 16:24,TheReynas,en,VALORANT,"NEAN vs BOARS | “Resurrection” | The Reyna's $1,000 Valorant Tournament","['English', 'valorant', 'Tournament', 'thereynas']",[],False
72,2025-03-23 16:25,MORGANITA,pt,Overwatch 2,DROPS ON!!!!! AJUDA NA META?,"['Competitivo', 'Português', 'PlayingwithViewers', 'ConversandoComOChat', 'Casual', 'CasualPlaytrough', 'DropsAtivados']",[],False
72,2025-03-23 16:25,Spyro,en,Minecraft,[DROPS ON - NEW CAPE] IRONMAN NUCLEUS RUNS |⛏️Hypixel Skyblock | !youtube !guild !discord !cape !drops,"['FamilyFriendly', 'English', 'Gaming', 'Epic', 'Awesome', 'Minecraft', 'ViewerRewards']",[],False
72,2025-03-23 16:25,Xmiramira,en,inZOI,[GAMEPLAY]🚓Jailbird Janet Criminal Gameplay !specs !canvas !zoi 😡,"['English', 'Black', 'AfricanAmerican', 'Variety', 'ASMR']",[],False
72,2025-03-23 16:25,Cissouryne,fr,inZOI,🩵INZOI | Challenge ABOMINATION : INZOI en avant première !inzoi !jeu,"['ModeCréatif', 'Jeuxsolo', 'créationdepersonnage', 'partieavecdéfi', 'letsplay', 'challenge', 'sims', 'allié', 'Français', 'sims4']",[],True
72,2025-03-23 16:25,SarahKendall,en,The Sims 4,shell challenge building!! !shell | !socials !palestine | #eapartner,"['Chatty', 'LGBTQ', 'English', 'ADHD', 'Captions', 'Living', 'Laughing', 'Loving']",[],False
73,2025-03-23 16:34,ohnePixel,en,Counter-Strike,🔴LIQUID vs MONGOLZ [ELIM] BLAST LISBON 2025🔴,"['English', 'Esports']",['MatureGame'],False
73,2025-03-23 16:34,MrHugo,es,Minecraft,DROPS | CAPA ESPECIAL DE PELICULA DE MINECRAFT | VER DIRECTO 3 MINUTOS! |  Free CAPE | !drops !capa !cape,"['Español', 'minecraft', 'MINECRAFT', 'drops', 'Recompensasdeespectador']",[],False
73,2025-03-23 16:34,Cibergun,es,Minecraft,🎁DROPS MINECRAFT🎁 🟥    Capa GRATIS || Free CAPE  - Java / Bedrock Edition - Con trucos y curiosidades de Minecraft !Cape !drop,"['Minecraft', 'drops', 'Drop', 'minecraft', 'DropsEnabled', 'DropsActivados', 'capa', 'drops', 'cape', 'Español']",[],False
73,2025-03-23 16:34,TheReynas,en,VALORANT,"NEAN vs BOARS | “Resurrection” | The Reyna's $1,000 Valorant Tournament","['English', 'valorant', 'Tournament', 'thereynas']",[],False
73,2025-03-23 16:34,MORGANITA,pt,Overwatch 2,DROPS ON!!!!! AJUDA NA META?,"['Competitivo', 'Português', 'PlayingwithViewers', 'ConversandoComOChat', 'Casual', 'CasualPlaytrough', 'DropsAtivados']",[],False
73,2025-03-23 16:34,Spyro,en,Minecraft,[DROPS ON - NEW CAPE] IRONMAN NUCLEUS RUNS |⛏️Hypixel Skyblock | !youtube !guild !discord !cape !drops,"['FamilyFriendly', 'English', 'Gaming', 'Epic', 'Awesome', 'Minecraft', 'ViewerRewards']",[],False
73,2025-03-23 16:34,abbigial,en,VALORANT,bronze 2 gameplay,"['EU', 'English']",[],False
73,2025-03-23 16:35,Healanii,en,VALORANT,meooooow  ˚ʚ♡ɞ˚ !discord,"['ADHD', 'Deutsch', 'egirl', 'uwu', 'English', 'Bosnian', 'Turkish']",[],False
73,2025-03-23 16:35,katannaxo,en,World of Warcraft,ONLY VIRGINS ALLOWED,"['female', 'anime', 'english', 'chill', 'egirl', 'English', 'Metal', 'DropsEnabled']",[],False
74,2025-03-23 20:01,MrHugo,es,Minecraft,DROPS | CAPA ESPECIAL DE PELICULA DE MINECRAFT | VER DIRECTO 3 MINUTOS! |  Free CAPE | !drops !capa !cape,"['Español', 'minecraft', 'MINECRAFT', 'drops', 'Recompensasdeespectador']",[],False
74,2025-03-23 20:01,Aspen,en,Overwatch 2,[!DROPS] 6v6 RANKED AND POKEMON CARDS FOR WINS!!! YOUTUBE -> !newvid,"['English', 'DropsEnabled']",[],False
74,2025-03-23 20:02,FroggerOW,en,Overwatch 2,"[DROPS ON!] 6V6 COMPETITIVE, FREJA AND LOOT BOX DROPS!! OMG!!!","['Australian', 'English', 'DropsEnabled']",[],False
74,2025-03-23 20:02,Cibergun,es,Minecraft,🎁DROPS MINECRAFT🎁 🟥    Capa GRATIS || Free CAPE  - Java / Bedrock Edition - Con trucos y curiosidades de Minecraft !Cape !drop,"['Minecraft', 'drops', 'Drop', 'minecraft', 'DropsEnabled', 'DropsActivados', 'capa', 'drops', 'cape', 'Español']",[],False
74,2025-03-23 20:02,MORGANITA,pt,Overwatch 2,DROPS ON!!!!! AJUDA NA META?,"['Competitivo', 'Português', 'PlayingwithViewers', 'ConversandoComOChat', 'Casual', 'CasualPlaytrough', 'DropsAtivados']",[],False
74,2025-03-23 20:02,Spyro,en,Minecraft,[DROPS ON - NEW CAPE] IRONMAN BAL PET GRIND |⛏️Hypixel Skyblock | !youtube !guild !discord !cape !drops,"['FamilyFriendly', 'English', 'Gaming', 'Epic', 'Awesome', 'Minecraft', 'ViewerRewards']",[],False
74,2025-03-23 20:02,Warn,en,Overwatch 2,[!DROPS] #1 ASHE 🔴 6V6 RANKED ASHE ONLY -> MASTERS 3... 🔴 LOOTBOX DROPS HERE 🔴 POKEMON CARDS PER WIN 🔴 NEW USA !pobox 🔴 !youtube,"['Overwatch', 'Competitive', 'ADHD', 'Drops', 'English', 'DropsEnabled']",[],False
74,2025-03-23 20:02,Flats,en,Marvel Rivals,[!DROPS ENABLED] MARVEL RIVALS INVITATIONAL WATCH PARTY #sponsored,"['English', 'DropsEnabled']",[],False
74,2025-03-23 20:02,Apply,en,Overwatch 2,(DROPS ENABLED) 😻 FREJA GAMING UNTIL MARVEL GAME 😻  type glorp if you read this😻,"['English', 'handsome', 'bagchaser', 'DropsEnabled']",[],False
75,2025-03-23 20:10,MrHugo,es,Minecraft,DROPS | CAPA ESPECIAL DE PELICULA DE MINECRAFT | VER DIRECTO 3 MINUTOS! |  Free CAPE | !drops !capa !cape,"['Español', 'minecraft', 'MINECRAFT', 'drops', 'Recompensasdeespectador']",[],False
75,2025-03-23 20:10,Aspen,en,Overwatch 2,[!DROPS] 6v6 RANKED AND POKEMON CARDS FOR WINS!!! YOUTUBE -> !newvid,"['English', 'DropsEnabled']",[],False
75,2025-03-23 20:10,FroggerOW,en,Overwatch 2,"[DROPS ON!] 6V6 COMPETITIVE, FREJA AND LOOT BOX DROPS!! OMG!!!","['Australian', 'English', 'DropsEnabled']",[],False
75,2025-03-23 20:10,MORGANITA,pt,Overwatch 2,DROPS ON!!!!! AJUDA NA META?,"['Competitivo', 'Português', 'PlayingwithViewers', 'ConversandoComOChat', 'Casual', 'CasualPlaytrough', 'DropsAtivados']",[],False
75,2025-03-23 20:10,Cibergun,es,Minecraft,🎁DROPS MINECRAFT🎁 🟥    Capa GRATIS || Free CAPE  - Java / Bedrock Edition - Con trucos y curiosidades de Minecraft !Cape !drop,"['Minecraft', 'drops', 'Drop', 'minecraft', 'DropsEnabled', 'DropsActivados', 'capa', 'drops', 'cape', 'Español']",[],False
75,2025-03-23 20:11,Spyro,en,Minecraft,[DROPS ON - NEW CAPE] IRONMAN BAL PET GRIND |⛏️Hypixel Skyblock | !youtube !guild !discord !cape !drops,"['FamilyFriendly', 'English', 'Gaming', 'Epic', 'Awesome', 'Minecraft', 'ViewerRewards']",[],False
75,2025-03-23 20:11,Spear_Shot,en,League of Legends,Playing To Become The Scariest Top Laner. | !insta,['English'],[],False
75,2025-03-23 20:11,ScrubNoob,en,League of Legends,NA superserver ft 1YANOU !delay,"['Rengar', 'Challenger', 'jungle', 'English', 'Assassin']",[],False
75,2025-03-23 20:11,loltyler1,en,League of Legends,reclaim !! ALL haves !! oo yummy cakes :D i go eat all and tasty good :D NO !! runs out !! now must haved eat ice cream and cookie . yay !!,"['English', 'loltyler1', 'tyler1']",[],False
76,2025-03-23 20:22,MrHugo,es,Minecraft,DROPS | CAPA ESPECIAL DE PELICULA DE MINECRAFT | VER DIRECTO 3 MINUTOS! |  Free CAPE | !drops !capa !cape,"['Español', 'minecraft', 'MINECRAFT', 'drops', 'Recompensasdeespectador']",[],False
76,2025-03-23 20:22,FroggerOW,en,Overwatch 2,"[DROPS ON!] 6V6 COMPETITIVE, FREJA AND LOOT BOX DROPS!! OMG!!!","['Australian', 'English', 'DropsEnabled']",[],False
76,2025-03-23 20:22,Aspen,en,Overwatch 2,[!DROPS] 6v6 RANKED AND POKEMON CARDS FOR WINS!!! YOUTUBE -> !newvid,"['English', 'DropsEnabled']",[],False
76,2025-03-23 20:22,MORGANITA,pt,Overwatch 2,DROPS ON!!!!! AJUDA NA META?,"['Competitivo', 'Português', 'PlayingwithViewers', 'ConversandoComOChat', 'Casual', 'CasualPlaytrough', 'DropsAtivados']",[],False
76,2025-03-23 20:22,Cibergun,es,Minecraft,🎁DROPS MINECRAFT🎁 🟥    Capa GRATIS || Free CAPE  - Java / Bedrock Edition - Con trucos y curiosidades de Minecraft !Cape !drop,"['Minecraft', 'drops', 'Drop', 'minecraft', 'DropsEnabled', 'DropsActivados', 'capa', 'drops', 'cape', 'Español']",[],False
76,2025-03-23 20:23,Clix,en,Fortnite,🏆 WINNING SOLO CASHY WITH MY ICON SKIN | IM IN THE ITEM SHOP OMG NOWAY | USE MY CODE PLZ 🏆,['English'],[],False
76,2025-03-23 20:23,TenZ,en,VALORANT,SEN VS 100T  - VCT Americas - #VCTWatchParty,"['English', 'Anime', 'FPS']",[],False
76,2025-03-23 20:23,VALORANT_Americas,en,VALORANT,SEN vs. 100T - VCT Americas Stage 1 - Week 1 Day 3,"['Esports', 'English']",[],False
76,2025-03-23 20:23,eggsterr,en,VALORANT,SEN vs 100T - VCT Americas Watchparty,['English'],[],False
77,2025-03-24 00:05,BugSenseii,en,Sea of Thieves,DROPS John Anti-Cheat provides again,"['English', 'seaofthieves', 'Roleplay', 'DropsEnabled']",[],False
77,2025-03-24 00:05,Aspen,en,Overwatch 2,[!DROPS] 6v6 RANKED AND POKEMON CARDS FOR WINS!!! YOUTUBE -> !newvid,"['English', 'DropsEnabled']",[],False
77,2025-03-24 00:05,Cibergun,es,Minecraft,🎁DROPS MINECRAFT🎁 🟥    Capa GRATIS || Free CAPE  - Java / Bedrock Edition - Con trucos y curiosidades de Minecraft !Cape !drop,"['Minecraft', 'drops', 'Drop', 'minecraft', 'DropsEnabled', 'DropsActivados', 'capa', 'drops', 'cape', 'Español']",[],False
77,2025-03-24 00:05,Clix,en,Fortnite,🏆 SOLO CASHY w/ MY ICON SKIN & MENTAL COACH | IM IN THE ITEM SHOP | USE MY CODE PLZ 🏆,['English'],[],False
77,2025-03-24 00:05,MrHugo,es,Minecraft,DROPS | CAPA ESPECIAL DE PELICULA DE MINECRAFT | VER DIRECTO 3 MINUTOS! |  Free CAPE | !drops !capa !cape,"['Español', 'minecraft', 'MINECRAFT', 'drops', 'Recompensasdeespectador']",[],False
77,2025-03-24 00:05,itswight,en,Sea of Thieves,🔵 DROPS SUBTHONG 🔵 HOUR 43 | Teaching girlfriend Sot'd !subthong !goals,"['Australia', 'Anime', 'Comedy', 'JustChatting', 'Reaction', 'Anygifters', 'English', 'SeaOfThievesPartner', 'DropsEnabled']",[],False
78,2025-03-24 00:13,BugSenseii,en,Sea of Thieves,DROPS John Anti-Cheat provides again,"['English', 'seaofthieves', 'Roleplay', 'DropsEnabled']",[],False
78,2025-03-24 00:13,Aspen,en,Overwatch 2,[!DROPS] 6v6 RANKED AND POKEMON CARDS FOR WINS!!! YOUTUBE -> !newvid,"['English', 'DropsEnabled']",[],False
78,2025-03-24 00:13,Cibergun,es,Minecraft,🎁DROPS MINECRAFT🎁 🟥    Capa GRATIS || Free CAPE  - Java / Bedrock Edition - Con trucos y curiosidades de Minecraft !Cape !drop,"['Minecraft', 'drops', 'Drop', 'minecraft', 'DropsEnabled', 'DropsActivados', 'capa', 'drops', 'cape', 'Español']",[],False
78,2025-03-24 00:13,Clix,en,Fortnite,🏆 SOLO CASHY w/ MY ICON SKIN & MENTAL COACH | IM IN THE ITEM SHOP | USE MY CODE PLZ 🏆,['English'],[],False
78,2025-03-24 00:13,MrHugo,es,Minecraft,DROPS | CAPA ESPECIAL DE PELICULA DE MINECRAFT | VER DIRECTO 3 MINUTOS! |  Free CAPE | !drops !capa !cape,"['Español', 'minecraft', 'MINECRAFT', 'drops', 'Recompensasdeespectador']",[],False
78,2025-03-24 00:13,itswight,en,Sea of Thieves,🔵 DROPS SUBTHONG 🔵 HOUR 44 | Teaching girlfriend Sot'd !subthong !goals,"['Australia', 'Anime', 'Comedy', 'JustChatting', 'Reaction', 'Anygifters', 'English', 'SeaOfThievesPartner', 'DropsEnabled']",[],False
78,2025-03-24 00:13,Athelyna_,es,VALORANT,HE VUELTOO  | !Akv !patas !comandos !ccm,"['MEXICO', 'latino', 'mujer', 'rankeds', 'competitivo', 'shooter', 'Español']",[],False
78,2025-03-24 00:13,badvibesgaby,es,Just Chatting,⋆ 🇸🇻 • Me acompañas? 🥰💛  ୨ৎ⋆.˚ | !cofres !redes ෆ ୨ৎ⋆.˚,"['Español', 'Honduras', 'Guatemala', 'ElSalvador', 'Mujer', 'seguidores', 'Mexico', 'Fortnite', 'VALORANＴ', 'marvelrivals']",[],False
78,2025-03-24 00:13,KishyMishi,es,VALORANT,ola si te prendi | @KishyMishi |【Vtuber】!redes !discord !donate meta de !cofres,"['Vtuber', 'Anime', 'Español', 'Mèxico', 'Vstreamer', 'ASMR']",['ProfanityVulgarity'],False
79,2025-03-24 00:21,BugSenseii,en,Sea of Thieves,DROPS John Anti-Cheat provides again,"['English', 'seaofthieves', 'Roleplay', 'DropsEnabled']",[],False
79,2025-03-24 00:21,Aspen,en,Overwatch 2,[!DROPS] 6v6 RANKED AND POKEMON CARDS FOR WINS!!! YOUTUBE -> !newvid,"['English', 'DropsEnabled']",[],False
79,2025-03-24 00:21,theb,en,Sea of Thieves,🟨DROPS🟨 EVIL PVP PIRATE STREAM RAHHH 🏴‍☠️🏴‍☠️🏴‍☠️💥💥💥 @crud,"['pvp', 'pirategame', 'lootswindling', 'English', 'DropsEnabled']",[],False
79,2025-03-24 00:21,Clix,en,Fortnite,🏆 SOLO CASHY w/ MY ICON SKIN & MENTAL COACH | IM IN THE ITEM SHOP | USE MY CODE PLZ 🏆,['English'],[],False
79,2025-03-24 00:21,Cibergun,es,Minecraft,🎁DROPS MINECRAFT🎁 🟥    Capa GRATIS || Free CAPE  - Java / Bedrock Edition - Con trucos y curiosidades de Minecraft !Cape !drop,"['Minecraft', 'drops', 'Drop', 'minecraft', 'DropsEnabled', 'DropsActivados', 'capa', 'drops', 'cape', 'Español']",[],False
79,2025-03-24 00:22,MrHugo,es,Minecraft,DROPS | CAPA ESPECIAL DE PELICULA DE MINECRAFT | VER DIRECTO 3 MINUTOS! |  Free CAPE | !drops !capa !cape,"['Español', 'minecraft', 'MINECRAFT', 'drops', 'Recompensasdeespectador']",[],False
79,2025-03-24 00:22,evafps,en,Marvel Rivals,drops >< pro grass toucher strimmer :3 top 100 peak strategist main luna invis rocket cnd mantis (bucky is hot) !discord !socials,"['egirl', 'korean', 'yap', 'tiktok', '420friendly', 'gamergirl', 'marvelrivals', 'kitten', 'chill', 'English']",[],False
79,2025-03-24 00:22,BasimZB,en,Marvel Rivals,🔴 UNRANKED TO TOP 500 🔴 Unemployment Final Boss 🔴 Day 3 🔴 !rank !tts !commands,"['Competitive', 'English', 'DropsEnabled', 'educacional']",[],False
79,2025-03-24 00:22,Luckyzeal,en,Marvel Rivals,TOP 7 GLOBAL SPIDEY ONLY (#1 NA SPIDEY) / !discord,"['spiderman', 'marvelrivals', 'top500', 'Spidey', 'LOUD', 'English', 'DropsEnabled']",[],False
80,2025-03-24 00:29,BugSenseii,en,Sea of Thieves,DROPS John Anti-Cheat provides again,"['English', 'seaofthieves', 'Roleplay', 'DropsEnabled']",[],False
80,2025-03-24 00:29,Aspen,en,Overwatch 2,[!DROPS] 6v6 RANKED AND POKEMON CARDS FOR WINS!!! YOUTUBE -> !newvid,"['English', 'DropsEnabled']",[],False
80,2025-03-24 00:29,theb,en,Sea of Thieves,🟨DROPS🟨 EVIL PVP PIRATE STREAM RAHHH 🏴‍☠️🏴‍☠️🏴‍☠️💥💥💥 @crud,"['pvp', 'pirategame', 'lootswindling', 'English', 'DropsEnabled']",[],False
80,2025-03-24 00:29,Clix,en,Fortnite,🏆 SOLO CASHY w/ MY ICON SKIN & MENTAL COACH | IM IN THE ITEM SHOP | USE MY CODE PLZ 🏆,['English'],[],False
80,2025-03-24 00:29,Cibergun,es,Minecraft,🎁DROPS MINECRAFT🎁 🟥    Capa GRATIS || Free CAPE  - Java / Bedrock Edition - Con trucos y curiosidades de Minecraft !Cape !drop,"['Minecraft', 'drops', 'Drop', 'minecraft', 'DropsEnabled', 'DropsActivados', 'capa', 'drops', 'cape', 'Español']",[],False
80,2025-03-24 00:29,MrHugo,es,Minecraft,DROPS | CAPA ESPECIAL DE PELICULA DE MINECRAFT | VER DIRECTO 3 MINUTOS! |  Free CAPE | !drops !capa !cape,"['Español', 'minecraft', 'MINECRAFT', 'drops', 'Recompensasdeespectador']",[],False
80,2025-03-24 00:30,VGxKate,es,Fortnite,"⭐8hs de maid⭐ Dia 2, Que sera de hoy? me acompañan en este momento de pena xd? !Op","['HonkaiStarRail', 'GenshinImpact', 'Español', 'CostaRica', 'drops', 'FortniteChil', 'Phasmophobia']",[],False
80,2025-03-24 00:30,Maravinoma,es,Zenless Zone Zero,✨🇪🇨✨ Revis Free ~ volvió la suerte? ~ noche de chill // Maravinoma en epic └|∵|┐♪ \\ !gamivo !lootbar !plan,"['Español', 'girlgamers', 'EcuadorGaming', 'Ecuatoriana', 'aranara', 'DropsActivados']",[],False
80,2025-03-24 00:30,AniGamesMVT,es,Fortnite,Volvi a Fortnite :D / Fortnite / Pequeña Gran Comunidad,"['CostaRica', 'chica', 'mujer', 'Español', 'PequeñaGranComunidad', 'Bilingue', 'IRL', 'Vtuber', 'VtuberES', 'jugandoconseguidores']",[],False
81,2025-03-24 00:37,BugSenseii,en,Sea of Thieves,DROPS John Anti-Cheat provides again,"['English', 'seaofthieves', 'Roleplay', 'DropsEnabled']",[],False
81,2025-03-24 00:37,Aspen,en,Overwatch 2,[!DROPS] 6v6 RANKED AND POKEMON CARDS FOR WINS!!! YOUTUBE -> !newvid,"['English', 'DropsEnabled']",[],False
81,2025-03-24 00:37,theb,en,Sea of Thieves,🟨DROPS🟨 EVIL PVP PIRATE STREAM RAHHH 🏴‍☠️🏴‍☠️🏴‍☠️💥💥💥 @crud,"['pvp', 'pirategame', 'lootswindling', 'English', 'DropsEnabled']",[],False
81,2025-03-24 00:37,Clix,en,Fortnite,🏆 SOLO CASHY w/ MY ICON SKIN & MENTAL COACH | IM IN THE ITEM SHOP | USE MY CODE PLZ 🏆,['English'],[],False
81,2025-03-24 00:37,Cibergun,es,Minecraft,🎁DROPS MINECRAFT🎁 🟥    Capa GRATIS || Free CAPE  - Java / Bedrock Edition - Con trucos y curiosidades de Minecraft !Cape !drop,"['Minecraft', 'drops', 'Drop', 'minecraft', 'DropsEnabled', 'DropsActivados', 'capa', 'drops', 'cape', 'Español']",[],False
81,2025-03-24 00:37,MrHugo,es,Minecraft,DROPS | CAPA ESPECIAL DE PELICULA DE MINECRAFT | VER DIRECTO 3 MINUTOS! |  Free CAPE | !drops !capa !cape,"['Español', 'minecraft', 'MINECRAFT', 'drops', 'Recompensasdeespectador']",[],False
81,2025-03-24 00:37,AlexisValMed,es,Cult of the Lamb,VOLVEMOS TRANQUI Y CON LA ALDEA ALFIN?! || PAPELITO DISLEXICO  || !comandos !tts,"['anime', 'vtuber', 'jugandoconelchat', 'vrchat', 'rolplay', 'raccionando', 'minecraft', 'serie', 'latam', 'espanol']",[],False
81,2025-03-24 00:37,elmicho22,es,ROBLOX,"Jugando con seguidores 👻🗣️, vengan a jugar","['Español', 'gaming', 'doors', 'roblox', 'PvP', 'parati', 'tsb', 'rielesmuertos', 'Vtuber']",[],False
81,2025-03-24 00:37,Javiert76,es,Fortnite,❤️‍🔥🌚NOCHE DE CHILL CON FORTINAITI Y ROBLOX ?🌚 !DISCORD💋,"['Español', 'México', 'jugandoconseguidores', 'overwatch2', 'roblox', 'Vtuber', 'justcchatting', 'Repetir', 'fortinte', 'HonkaiStarRail']",[],False
82,2025-03-24 04:02,theb,en,Sea of Thieves,🟨DROPS🟨 EVIL PVP PIRATE STREAM RAHHH 🏴‍☠️🏴‍☠️🏴‍☠️💥💥💥 @crud,"['pvp', 'pirategame', 'lootswindling', 'English', 'DropsEnabled']",[],False
82,2025-03-24 04:02,LankManDan,en,Grand Theft Auto V,Gathering ALL COLLECTIBLES in GTA Online | Broke to Ballin' LIVE,"['gaming', 'australia', 'chill', 'Aussie', 'English', 'gtaonline']","['MatureGame', 'ProfanityVulgarity']",False
82,2025-03-24 04:02,Cibergun,es,Minecraft,🎁DROPS MINECRAFT🎁 🟥    Capa GRATIS || Free CAPE  - Java / Bedrock Edition - Con trucos y curiosidades de Minecraft !Cape !drop,"['Minecraft', 'drops', 'Drop', 'minecraft', 'DropsEnabled', 'DropsActivados', 'capa', 'drops', 'cape', 'Español']",[],False
82,2025-03-24 04:02,procedural_,en,Sea of Thieves,"[!DROPS] Solo Sloop PVP, closing out community weekend","['PVP', 'Pirate', 'SeaOfThieves', 'Chill', 'English', 'Piano', 'SeaOfThievesPartner', 'DropsEnabled', 'Drops']",[],False
82,2025-03-24 04:02,itswight,en,Sea of Thieves,🔵 DROPS SUBTHONG 🔵 HOUR 46 | NOT HOURGLASS YES (I suck !subthong !goals,"['Australia', 'Anime', 'Comedy', 'JustChatting', 'Reaction', 'Anygifters', 'English', 'SeaOfThievesPartner', 'DropsEnabled']",[],False
82,2025-03-24 04:02,Warn,en,Overwatch 2,[!DROPS] #1 ASHE 🔴 6V6 RANKED ASHE ONLY -> MASTERS 3... 🔴 LOOTBOX DROPS HERE 🔴 POKEMON CARDS PER WIN 🔴 NEW USA !pobox 🔴 !youtube,"['Overwatch', 'Competitive', 'ADHD', 'Drops', 'English', 'DropsEnabled']",[],False
82,2025-03-24 04:03,chosen_ow,en,Overwatch 2,[!DROPS ✅] #1 ILLARI / CHAMP SUPPORT 🦙🌞 MARRIED TO OW2 💍💗 FREJA PLAYTEST 🏹🎯 LOOTBOX DROPS 🤯🤯 6V6 RANKED 💥💥 NEW !VIDEO,"['English', 'top500', 'Illari', 'overwatch', 'Competitive', 'Drops', 'DropsEnabled']",[],False
82,2025-03-24 04:03,dafranVODs,en,Overwatch 2,Dafran 24/7 VODs,['English'],[],False
82,2025-03-24 04:03,JOYSTICK,en,Overwatch 2,🔴 [!DROPS ON] 🔴 24/7 SUBATHON 🔴 TOP 500 DPS 6V6 RANKED 🔴 MOUSE & KEYBOARD ON PC (NOT CONTROLLER) 🔴 !GFUEL 🔴 !SUBATHON 🔴,"['PC', 'English', 'Drops', 'MouseAndKeyboard', 'Overwatch', 'DPS', 'Top500', 'Grandmaster', 'Champion', 'DropsEnabled']",[],False
83,2025-03-24 04:13,theb,en,Sea of Thieves,🟨DROPS🟨 EVIL PVP PIRATE STREAM RAHHH 🏴‍☠️🏴‍☠️🏴‍☠️💥💥💥 @crud,"['pvp', 'pirategame', 'lootswindling', 'English', 'DropsEnabled']",[],False
83,2025-03-24 04:13,LankManDan,en,Grand Theft Auto V,Gathering ALL COLLECTIBLES in GTA Online | Broke to Ballin' LIVE,"['gaming', 'australia', 'chill', 'Aussie', 'English', 'gtaonline']","['MatureGame', 'ProfanityVulgarity']",False
83,2025-03-24 04:13,procedural_,en,Sea of Thieves,"[!DROPS] Solo Sloop PVP, closing out community weekend","['PVP', 'Pirate', 'SeaOfThieves', 'Chill', 'English', 'Piano', 'SeaOfThievesPartner', 'DropsEnabled', 'Drops']",[],False
83,2025-03-24 04:13,Cibergun,es,Minecraft,🎁DROPS MINECRAFT🎁 🟥    Capa GRATIS || Free CAPE  - Java / Bedrock Edition - Con trucos y curiosidades de Minecraft !Cape !drop,"['Minecraft', 'drops', 'Drop', 'minecraft', 'DropsEnabled', 'DropsActivados', 'capa', 'drops', 'cape', 'Español']",[],False
83,2025-03-24 04:13,itswight,en,Sea of Thieves,🔵 DROPS SUBTHONG 🔵 HOUR 46 | NOT HOURGLASS YES (I suck !subthong !goals,"['Australia', 'Anime', 'Comedy', 'JustChatting', 'Reaction', 'Anygifters', 'English', 'SeaOfThievesPartner', 'DropsEnabled']",[],False
83,2025-03-24 04:13,Beardageddon,en,Sea of Thieves,DROPS NOW !247 !GS !prime !mobile,"['English', 'Casual', 'Interactive', 'ChatInteraction', 'PvP', 'PvE', 'chill', 'moderated', 'NoPolitics', 'DropsEnabled']",[],True
83,2025-03-24 04:13,NeoKipz,en,Just Chatting,🥇LATE NIGHT STREAM🥇CLICK ME🥇!DISCORD 🥇Follow @NeoKipz On All Socials🥇,['English'],[],False
83,2025-03-24 04:13,Misonomiso,en,ROBLOX,Welcome to soup! | maybe cussing stream | I am late :3,"['English', 'roblox', 'marvelrivals', 'SlowLearner', 'Fisch', 'Digit']",[],False
83,2025-03-24 04:13,So1oMoe,en,ROBLOX,ROBLOX WITH THE CHUZZ | Join Now! | !discord !youtube !newvid,"['English', 'funny', 'LOUD', 'GamerRage', 'gamer', 'volleyballlegends', 'haikyuulegends']",[],False
84,2025-03-24 04:23,theb,en,Sea of Thieves,🟨DROPS🟨 EVIL PVP PIRATE STREAM RAHHH 🏴‍☠️🏴‍☠️🏴‍☠️💥💥💥 @crud,"['pvp', 'pirategame', 'lootswindling', 'English', 'DropsEnabled']",[],False
84,2025-03-24 04:23,romani_ow,en,Marvel Rivals,RANK 1 OW TANK GRINDS MARVEL RANKED | ランク１のOWタンクがマーベルランクをグラインド中！,"['English', 'Competitive', 'Ranked', 'Educational', '日本語OK', 'chungus', '120fps', 'DropsEnabled']",[],False
84,2025-03-24 04:23,Cibergun,es,Minecraft,🎁DROPS MINECRAFT🎁 🟥    Capa GRATIS || Free CAPE  - Java / Bedrock Edition - Con trucos y curiosidades de Minecraft !Cape !drop,"['Minecraft', 'drops', 'Drop', 'minecraft', 'DropsEnabled', 'DropsActivados', 'capa', 'drops', 'cape', 'Español']",[],False
84,2025-03-24 04:23,procedural_,en,Sea of Thieves,"[!DROPS] Solo Sloop PVP, closing out community weekend","['PVP', 'Pirate', 'SeaOfThieves', 'Chill', 'English', 'Piano', 'SeaOfThievesPartner', 'DropsEnabled', 'Drops']",[],False
84,2025-03-24 04:23,itswight,en,Sea of Thieves,🔵 DROPS SUBTHONG 🔵 HOUR 46 | NOT HOURGLASS YES (I suck !subthong !goals,"['Australia', 'Anime', 'Comedy', 'JustChatting', 'Reaction', 'Anygifters', 'English', 'SeaOfThievesPartner', 'DropsEnabled']",[],False
84,2025-03-24 04:23,LankManDan,en,Grand Theft Auto V,Gathering ALL COLLECTIBLES in GTA Online | Broke to Ballin' LIVE,"['gaming', 'australia', 'chill', 'Aussie', 'English', 'gtaonline']","['MatureGame', 'ProfanityVulgarity']",False
84,2025-03-24 04:23,LanaeMack,en,Grand Theft Auto V,Laila in D10 ♡ #PrayersforLeon !tts|!socials|!reddit|!discord ♡,"['ADHD', 'Latina', 'AfricanAmerican', 'D10', 'English', 'Laila', 'd10lawyer']",['MatureGame'],False
84,2025-03-24 04:23,Capp,en,Michael Jackson: The Experience,302 | Twitter & IG: @CapThaGod !sub !prime !discord !YT,['English'],[],False
84,2025-03-24 04:23,Nexi,en,Tom Clancy's Rainbow Six Siege,BEETLE JUICE in D10 V7! / DISTRICT 10 RP! 🎆 - DAY: 1052 / 1098 LIVE DAILY! | !youtube !discord @nexi 🎇,"['D10', 'District10', 'English', 'TIME2', 'grizzleyworld', 'prodigy', 'IRL', 'tgla', 'fivem', 'GTARP']",['MatureGame'],False
85,2025-03-24 04:34,theb,en,Sea of Thieves,🟨DROPS🟨 EVIL PVP PIRATE STREAM RAHHH 🏴‍☠️🏴‍☠️🏴‍☠️💥💥💥 @crud,"['pvp', 'pirategame', 'lootswindling', 'English', 'DropsEnabled']",[],False
85,2025-03-24 04:34,LankManDan,en,Grand Theft Auto V,Gathering ALL COLLECTIBLES in GTA Online | Broke to Ballin' LIVE,"['gaming', 'australia', 'chill', 'Aussie', 'English', 'gtaonline']","['MatureGame', 'ProfanityVulgarity']",False
85,2025-03-24 04:34,itswight,en,Sea of Thieves,🔵 DROPS SUBTHONG 🔵 HOUR 46 | NOT HOURGLASS YES (I suck !subthong !goals,"['Australia', 'Anime', 'Comedy', 'JustChatting', 'Reaction', 'Anygifters', 'English', 'SeaOfThievesPartner', 'DropsEnabled']",[],False
85,2025-03-24 04:34,procedural_,en,Sea of Thieves,"[!DROPS] Solo Sloop PVP, closing out community weekend","['PVP', 'Pirate', 'SeaOfThieves', 'Chill', 'English', 'Piano', 'SeaOfThievesPartner', 'DropsEnabled', 'Drops']",[],False
85,2025-03-24 04:34,Cibergun,es,Minecraft,🎁DROPS MINECRAFT🎁 🟥    Capa GRATIS || Free CAPE  - Java / Bedrock Edition - Con trucos y curiosidades de Minecraft !Cape !drop,"['Minecraft', 'drops', 'Drop', 'minecraft', 'DropsEnabled', 'DropsActivados', 'capa', 'drops', 'cape', 'Español']",[],False
85,2025-03-24 04:34,MrHugo,es,Minecraft,DROPS | CAPA ESPECIAL DE PELICULA DE MINECRAFT | VER DIRECTO 3 MINUTOS! |  Free CAPE | !drops !capa !cape,"['Español', 'minecraft', 'MINECRAFT', 'drops', 'Recompensasdeespectador']",[],False
85,2025-03-24 04:34,sadirishka,ru,Jackbox Party Packs,Ситуация аховая!,"['девушка', 'общение', 'Русский', 'girl', 'девочка', 'girlslive', 'girlstreaming', 'Россия', 'justchating', 'Russian']",[],False
85,2025-03-24 04:34,neallia,ru,Just Chatting,День с бариста☕️,"['Русский', 'друзья', 'общениесчатом', 'общениесозрителями', 'работа', 'IRL']",[],False
85,2025-03-24 04:34,ArtOriane,ru,Art,рисуем,"['art', 'Русский', 'DigitalArt', 'illustration', 'руманга', '漫画']",[],False
86,2025-03-24 04:42,theb,en,Sea of Thieves,🟨DROPS🟨 EVIL PVP PIRATE STREAM RAHHH 🏴‍☠️🏴‍☠️🏴‍☠️💥💥💥 @crud,"['pvp', 'pirategame', 'lootswindling', 'English', 'DropsEnabled']",[],False
86,2025-03-24 04:42,LankManDan,en,Grand Theft Auto V,Gathering ALL COLLECTIBLES in GTA Online | Broke to Ballin' LIVE,"['gaming', 'australia', 'chill', 'Aussie', 'English', 'gtaonline']","['MatureGame', 'ProfanityVulgarity']",False
86,2025-03-24 04:42,itswight,en,Sea of Thieves,🔵 DROPS SUBTHONG 🔵 HOUR 46 | NOT HOURGLASS YES (I suck !subthong !goals,"['Australia', 'Anime', 'Comedy', 'JustChatting', 'Reaction', 'Anygifters', 'English', 'SeaOfThievesPartner', 'DropsEnabled']",[],False
86,2025-03-24 04:42,procedural_,en,Sea of Thieves,"[!DROPS] Solo Sloop PVP, closing out community weekend","['PVP', 'Pirate', 'SeaOfThieves', 'Chill', 'English', 'Piano', 'SeaOfThievesPartner', 'DropsEnabled', 'Drops']",[],False
86,2025-03-24 04:42,Cibergun,es,Minecraft,🎁DROPS MINECRAFT🎁 🟥    Capa GRATIS || Free CAPE  - Java / Bedrock Edition - Con trucos y curiosidades de Minecraft !Cape !drop,"['Minecraft', 'drops', 'Drop', 'minecraft', 'DropsEnabled', 'DropsActivados', 'capa', 'drops', 'cape', 'Español']",[],False
86,2025-03-24 04:42,MrHugo,es,Minecraft,DROPS | CAPA ESPECIAL DE PELICULA DE MINECRAFT | VER DIRECTO 3 MINUTOS! |  Free CAPE | !drops !capa !cape,"['Español', 'minecraft', 'MINECRAFT', 'drops', 'Recompensasdeespectador']",[],False
86,2025-03-24 04:42,oskyfnt,en,Fortnite,OCE SOLO CASH CUP FINALS 🏆 | USE CODE “OSKY” #ad | OCE,"['English', 'Fortnite', 'OCE']",[],False
86,2025-03-24 04:42,Jxsn,en,Fortnite,🔴 COACHING OCE SOLO CASH CUP 🔴 | USE CODE JXSN | !newvid !keyboard !discord !social,['English'],[],False
86,2025-03-24 04:43,chirpyy2,en,Fortnite,🟨#1 CLIX SKIN USER DOMINATES SOLO CASH CUP FINALS🟨Use Code Chirpy #ad🟨!lowtaper,"['English', 'AussieGamer', 'Fortnite', 'OCE']",[],False
87,2025-03-24 08:01,MrHugo,es,Minecraft,DROPS | CAPA ESPECIAL DE PELICULA DE MINECRAFT | VER DIRECTO 3 MINUTOS! |  Free CAPE | !drops !capa !cape,"['Español', 'minecraft', 'MINECRAFT', 'drops', 'Recompensasdeespectador']",[],False
87,2025-03-24 08:02,Cibergun,es,Minecraft,🎁DROPS MINECRAFT🎁 🟥    Capa GRATIS || Free CAPE  - Java / Bedrock Edition - Con trucos y curiosidades de Minecraft !Cape !drop,"['Minecraft', 'drops', 'Drop', 'minecraft', 'DropsEnabled', 'DropsActivados', 'capa', 'drops', 'cape', 'Español']",[],False
87,2025-03-24 08:02,itswight,en,Sea of Thieves,🔵 DROPS SUBTHONG 🔵 HOUR 51 | NOT HOURGLASS YES (I suck !subthong !goals,"['Australia', 'Anime', 'Comedy', 'JustChatting', 'Reaction', 'Anygifters', 'English', 'SeaOfThievesPartner', 'DropsEnabled']",[],False
87,2025-03-24 08:02,Beardageddon,en,Sea of Thieves,OBSIDIAN DROPS NOW !247 !GS !prime !mobile,"['English', 'Casual', 'Interactive', 'ChatInteraction', 'PvP', 'PvE', 'chill', 'moderated', 'NoPolitics', 'DropsEnabled']",[],True
87,2025-03-24 08:02,x2Twins,en,Minecraft,minecraft yooo,"['English', 'ViewerRewards']",[],False
87,2025-03-24 08:02,VALORANT_Pacific,en,VALORANT,NS vs. RRQ - VCT Pacific - Stage 1 - Group Stage - Day 3,"['VCTPacific', 'VCT', 'VALORANT', 'English', 'VCTP', 'RisePacific']",[],False
87,2025-03-24 08:02,olofmeister,en,Counter-Strike,🍔 MOUZ [0] vs [1] Vitality 🍔 BLAST Premier Open Spring 2025 🍔,"['PLAYING', 'pro', 'English', 'beast', 'twotimemajorwinner', 'CS2', 'legend', 'chill']",['MatureGame'],False
87,2025-03-24 08:02,fissure_dota_en,en,Dota 2,Team Tidebound [1:0] Aurora Gaming | FISSURE Universe Ep.4: Group Stage | Bo3 | by @Bkop & @LacosteDoto,"['English', 'Esports', 'dota2', 'yatoro', 'MOBA', 'moba', 'Competitive', 'Community', 'event', '5x5']",[],False
87,2025-03-24 08:02,KRL_STREAM,fr,Counter-Strike,VITALITY MOUZ - BLAST Open Lisbon !WINAMAX,"['Français', 'counterstrike2', 'fps', 'rigolade']",['MatureGame'],True
88,2025-03-24 08:13,MrHugo,es,Minecraft,DROPS | CAPA ESPECIAL DE PELICULA DE MINECRAFT | VER DIRECTO 3 MINUTOS! |  Free CAPE | !drops !capa !cape,"['Español', 'minecraft', 'MINECRAFT', 'drops', 'Recompensasdeespectador']",[],False
88,2025-03-24 08:13,Cibergun,es,Minecraft,🎁DROPS MINECRAFT🎁 🟥    Capa GRATIS || Free CAPE  - Java / Bedrock Edition - Con trucos y curiosidades de Minecraft !Cape !drop,"['Minecraft', 'drops', 'Drop', 'minecraft', 'DropsEnabled', 'DropsActivados', 'capa', 'drops', 'cape', 'Español']",[],False
88,2025-03-24 08:14,itswight,en,Sea of Thieves,🔵 DROPS SUBTHONG 🔵 HOUR 51 | NOT HOURGLASS YES (I suck !subthong !goals,"['Australia', 'Anime', 'Comedy', 'JustChatting', 'Reaction', 'Anygifters', 'English', 'SeaOfThievesPartner', 'DropsEnabled']",[],False
88,2025-03-24 08:14,Beardageddon,en,Sea of Thieves,OBSIDIAN DROPS NOW !247 !GS !prime !mobile,"['English', 'Casual', 'Interactive', 'ChatInteraction', 'PvP', 'PvE', 'chill', 'moderated', 'NoPolitics', 'DropsEnabled']",[],True
88,2025-03-24 08:14,x2Twins,en,Minecraft,minecraft yooo,"['English', 'ViewerRewards']",[],False
88,2025-03-24 08:14,renyan,en,Counter-Strike,⚠️ EXTREMELY FAST GAMER ⚠️ !csmoney !deskmat,['English'],['MatureGame'],False
88,2025-03-24 08:14,Capp,en,Rocket League,302 | Twitter & IG: @CapThaGod !sub !prime !discord !YT,['English'],[],False
88,2025-03-24 08:14,Benjamin_Bucks,en,Assassin's Creed Shadows,🟢WE BACK WTW🟢DAILY STREAMER🟢GAMING & REACTS🟢ENZO IN D10🟢ASSASSIN'S CREED SHADOWS🟢!socials !tiktok !discord !ig !yt🟢,"['English', 'DropsEnabled']",['MatureGame'],False
88,2025-03-24 08:14,wyajunior,en,Grand Theft Auto V,🧱CONO in D10🧱DAILY STREAMER🧱GRINDING FOR PARTNER🧱TAP IN🧱!DISCORD,"['English', 'reacts', 'justchatting', 'gta', 'gtavrproleplay', 'ＧTA5', 'gtarpstreamer', 'D10', 'D10RP', 'district10rp']",['MatureGame'],False
89,2025-03-24 08:24,MrHugo,es,Minecraft,DROPS | CAPA ESPECIAL DE PELICULA DE MINECRAFT | VER DIRECTO 3 MINUTOS! |  Free CAPE | !drops !capa !cape,"['Español', 'minecraft', 'MINECRAFT', 'drops', 'Recompensasdeespectador']",[],False
89,2025-03-24 08:24,Cibergun,es,Minecraft,🎁DROPS MINECRAFT🎁 🟥    Capa GRATIS || Free CAPE  - Java / Bedrock Edition - Con trucos y curiosidades de Minecraft !Cape !drop,"['Minecraft', 'drops', 'Drop', 'minecraft', 'DropsEnabled', 'DropsActivados', 'capa', 'drops', 'cape', 'Español']",[],False
89,2025-03-24 08:24,itswight,en,Sea of Thieves,🔵 DROPS SUBTHONG 🔵 HOUR 51 | NOT HOURGLASS YES (I suck !subthong !goals,"['Australia', 'Anime', 'Comedy', 'JustChatting', 'Reaction', 'Anygifters', 'English', 'SeaOfThievesPartner', 'DropsEnabled']",[],False
89,2025-03-24 08:24,Beardageddon,en,Sea of Thieves,OBSIDIAN DROPS NOW !247 !GS !prime !mobile,"['English', 'Casual', 'Interactive', 'ChatInteraction', 'PvP', 'PvE', 'chill', 'moderated', 'NoPolitics', 'DropsEnabled']",[],True
89,2025-03-24 08:24,x2Twins,en,Minecraft,minecraft yooo,"['English', 'ViewerRewards']",[],False
89,2025-03-24 08:24,renyan,en,Counter-Strike,⚠️ EXTREMELY FAST GAMER ⚠️ !csmoney !deskmat,['English'],['MatureGame'],False
89,2025-03-24 08:24,MarvelRivals,en,Marvel Rivals,(REPLAY)Marvel Rivals Invitational 2025 NA Day 6 (UTC-5）,"['TPS', 'English', 'superhero', 'Shooter', '6v6', 'marvelrivals', 'Action', 'DropsEnabled']",[],False
89,2025-03-24 08:24,Andr3wOW,en,Marvel Rivals,"[DROPS ENABLED] ☆ #1 VENOM GLOBAL ""whyAndr3w"" ☆ TEAM SCHMUNGUS TOURNEY ☆ VORTEX X ANDR3W COLLAB !vortex !pc","['English', 'Venom', 'Magneto', 'Competitive', 'Vanguard', 'Educational', 'Top500', 'DropsEnabled']",[],False
89,2025-03-24 08:24,TimTheTatmanVODs,en,Marvel Rivals,24/7 MARVEL RIVALS (TIMTHETATMAN FUNNIEST MOMENTS),['English'],[],False
90,2025-03-24 08:35,MrHugo,es,Minecraft,DROPS | CAPA ESPECIAL DE PELICULA DE MINECRAFT | VER DIRECTO 3 MINUTOS! |  Free CAPE | !drops !capa !cape,"['Español', 'minecraft', 'MINECRAFT', 'drops', 'Recompensasdeespectador']",[],False
90,2025-03-24 08:35,Cibergun,es,Minecraft,🎁DROPS MINECRAFT🎁 🟥    Capa GRATIS || Free CAPE  - Java / Bedrock Edition - Con trucos y curiosidades de Minecraft !Cape !drop,"['Minecraft', 'drops', 'Drop', 'minecraft', 'DropsEnabled', 'DropsActivados', 'capa', 'drops', 'cape', 'Español']",[],False
90,2025-03-24 08:35,itswight,en,Sea of Thieves,🔵 DROPS SUBTHONG 🔵 HOUR 51 | NOT HOURGLASS YES (I suck !subthong !goals,"['Australia', 'Anime', 'Comedy', 'JustChatting', 'Reaction', 'Anygifters', 'English', 'SeaOfThievesPartner', 'DropsEnabled']",[],False
90,2025-03-24 08:35,Beardageddon,en,Sea of Thieves,OBSIDIAN DROPS NOW !247 !GS !prime !mobile,"['English', 'Casual', 'Interactive', 'ChatInteraction', 'PvP', 'PvE', 'chill', 'moderated', 'NoPolitics', 'DropsEnabled']",[],True
90,2025-03-24 08:35,x2Twins,en,Minecraft,minecraft yooo,"['English', 'ViewerRewards']",[],False
90,2025-03-24 08:36,renyan,en,Counter-Strike,⚠️ EXTREMELY FAST GAMER ⚠️ !csmoney !deskmat,['English'],['MatureGame'],False
90,2025-03-24 08:36,Sliggytv,en,VALORANT,NS vs RRQ- VCT PACIFIC Group Stage Week 1 | !patreon !socials !yt,['English'],[],False
90,2025-03-24 08:36,shanks_ttv,en,VALORANT,NRG SHANKS 🔴 NS VS RRQ - VCT PACIFIC #VCTWatchParty 🔴,['English'],[],False
90,2025-03-24 08:36,ThinkingMansValo,en,VALORANT,RRQ vs NS | Pacific Watchparty,"['AngryManDoStream', 'Stop', 'Reading', 'Tags', 'English']",[],False
91,2025-03-24 12:02,BoxyFresh,en,Sea of Thieves,🏴‍☠️OBSIDIAN DROPS🏴‍☠️  TTS 500  !latest !merch !art,"['English', 'LordofFrenziedFlame', 'OnlyUpChampion', 'SubnauticaFirefighter', 'ProLegoBuilder', 'PuzzleMaster', 'AmateurAstronomer', 'DropsEnabled']",[],False
91,2025-03-24 12:02,ohnePixel,en,Counter-Strike,🔴NAVI vs ETERNAL FIRE | BLAST LISBON 2025🔴,"['English', 'Esports']",['MatureGame'],False
91,2025-03-24 12:02,Cibergun,es,Minecraft,🎁DROPS MINECRAFT🎁 🟥    Capa GRATIS || Free CAPE  - Java / Bedrock Edition - Con trucos y curiosidades de Minecraft !Cape !drop,"['Minecraft', 'drops', 'Drop', 'minecraft', 'DropsEnabled', 'DropsActivados', 'capa', 'drops', 'cape', 'Español']",[],False
91,2025-03-24 12:02,MrHugo,es,Minecraft,DROPS | CAPA ESPECIAL DE PELICULA DE MINECRAFT | VER DIRECTO 3 MINUTOS! |  Free CAPE | !drops !capa !cape,"['Español', 'minecraft', 'MINECRAFT', 'drops', 'Recompensasdeespectador']",[],False
91,2025-03-24 12:02,AuzioMF,en,EA Sports FC 25,DROPS ✅ (8-0) FUT CHAMPS! 🚨 !team !433 !prime !tts @AuzioMF,"['English', 'football', 'DropsEnabled']",[],False
91,2025-03-24 12:02,x2Twins,en,Minecraft,minecraft yooo,"['English', 'ViewerRewards']",[],False
91,2025-03-24 12:03,Skiesti,en,Overwatch 2,🔴 [!DROPS] 🔴 Game painful but at least I have LSF Mercy :) !NEWVID !rose !pugs | !mercyhelp !heroperks,"['ADHD', 'SafeSpace', 'Mercy', 'Interactive', 'Chill', 'Canadian', 'Educational', 'Support', 'ClosedCaptions', 'DropsEnabled']",[],False
91,2025-03-24 12:03,muzluukefir,tr,Wuthering Waves,yeni abla ve çiçekli abla için wish kasıyom,['Türkçe'],[],False
91,2025-03-24 12:03,xlephine,tr,VALORANT,🌸NABER CANİM🌸 !komutlar !atla !bp,"['Türkçe', 'chill', 'sohbet', 'Cozy', 'chat', 'noobgamer', 'çekiliş', 'Türkçe', 'valorant']",['ProfanityVulgarity'],False
92,2025-03-24 12:13,ohnePixel,en,Counter-Strike,🔴NAVI vs ETERNAL FIRE | BLAST LISBON 2025🔴,"['English', 'Esports']",['MatureGame'],False
92,2025-03-24 12:13,BoxyFresh,en,Sea of Thieves,🏴‍☠️OBSIDIAN DROPS🏴‍☠️  TTS 500  !latest !merch !art,"['English', 'LordofFrenziedFlame', 'OnlyUpChampion', 'SubnauticaFirefighter', 'ProLegoBuilder', 'PuzzleMaster', 'AmateurAstronomer', 'DropsEnabled']",[],False
92,2025-03-24 12:13,Cibergun,es,Minecraft,🎁DROPS MINECRAFT🎁 🟥    Capa GRATIS || Free CAPE  - Java / Bedrock Edition - Con trucos y curiosidades de Minecraft !Cape !drop,"['Minecraft', 'drops', 'Drop', 'minecraft', 'DropsEnabled', 'DropsActivados', 'capa', 'drops', 'cape', 'Español']",[],False
92,2025-03-24 12:13,MrHugo,es,Minecraft,DROPS | CAPA ESPECIAL DE PELICULA DE MINECRAFT | VER DIRECTO 3 MINUTOS! |  Free CAPE | !drops !capa !cape,"['Español', 'minecraft', 'MINECRAFT', 'drops', 'Recompensasdeespectador']",[],False
92,2025-03-24 12:13,AuzioMF,en,EA Sports FC 25,DROPS ✅ (8-0) FUT CHAMPS! 🚨 !team !433 !prime !tts @AuzioMF,"['English', 'football', 'DropsEnabled']",[],False
92,2025-03-24 12:13,itswight,en,Sea of Thieves,🔵 DROPS SUBTHONG 🔵 HOUR 51 | NOT HOURGLASS YES (I suck !subthong !goals,"['Australia', 'Anime', 'Comedy', 'JustChatting', 'Reaction', 'Anygifters', 'English', 'SeaOfThievesPartner', 'DropsEnabled']",[],False
92,2025-03-24 12:13,BersGamer,es,Marvel Rivals,🌠DROPS ON 🌠 | NO micro - MAIN LOKI ( HEALER ) - DERANKING TODAY :(,"['Español', 'deadbbydaylight', 'marvelrivals', 'DropsActivados']",[],False
92,2025-03-24 12:13,AndTGro,en,Marvel Rivals,🚀!DROPS 🚀 BRAND NEW DROPS 🚀 WHITE JAGUAR 🚀 POGGING HARD 🚀 Marvel Rivals 1.5 🚀,"['English', 'Rerun', 'DropsEnabled']",[],False
92,2025-03-24 12:13,MarvelRivals,en,Marvel Rivals,(REPLAY)Marvel Rivals Invitational 2025 NA Day 6 (UTC-5）,"['TPS', 'English', 'superhero', 'Shooter', '6v6', 'marvelrivals', 'Action', 'DropsEnabled']",[],False
93,2025-03-24 12:24,MrHugo,es,Minecraft,DROPS | CAPA ESPECIAL DE PELICULA DE MINECRAFT | VER DIRECTO 3 MINUTOS! |  Free CAPE | !drops !capa !cape,"['Español', 'minecraft', 'MINECRAFT', 'drops', 'Recompensasdeespectador']",[],False
93,2025-03-24 12:24,ohnePixel,en,Counter-Strike,🔴NAVI vs ETERNAL FIRE | BLAST LISBON 2025🔴,"['English', 'Esports']",['MatureGame'],False
93,2025-03-24 12:24,BoxyFresh,en,Sea of Thieves,🏴‍☠️OBSIDIAN DROPS🏴‍☠️  TTS 500  !latest !merch !art,"['English', 'LordofFrenziedFlame', 'OnlyUpChampion', 'SubnauticaFirefighter', 'ProLegoBuilder', 'PuzzleMaster', 'AmateurAstronomer', 'DropsEnabled']",[],False
93,2025-03-24 12:24,chaplinss,tr,Overwatch 2,(!DROPS) -mercy main.✧˚ | !kick,"['mercymain', 'overwatch', 'chill', 'türkçe', 'Türkçe', 'support', 'DroplarEtkin']",[],False
93,2025-03-24 12:24,Toniki,es,Overwatch 2,🟢DROPS CAJAS DE BOTÍN🟢HOY SE LLEGA A TOP500 6VS6? LUEGO !FACEIT RANKS🔴,"['Español', 'competitivo', 'ranked', 'DPS', 'Top500', 'overwatch2', 'DropsActivados']",[],False
93,2025-03-24 12:25,itswight,en,Sea of Thieves,🔵 DROPS SUBTHONG 🔵 HOUR 51 | NOT HOURGLASS YES (I suck !subthong !goals,"['Australia', 'Anime', 'Comedy', 'JustChatting', 'Reaction', 'Anygifters', 'English', 'SeaOfThievesPartner', 'DropsEnabled']",[],False
93,2025-03-24 12:25,PhuzzyBond,en,Sea of Thieves,!Drops | 12 Hours | 🫖Good Vibes | 💚💜 Get SoT at 65% off !games,"['ClosedCaptions', 'LongSilkyHair', 'FamilyFriendly', 'SeaOfThievesPartner', 'ASMR', 'English', 'Chill', 'GoodVibes', 'DropsEnabled']",[],False
93,2025-03-24 12:25,HitboTC,en,Sea of Thieves,"Drops, Memes & Giveaways ⚔️ TTS 500 ⚔️ (!nordvpn) (!drops) (!giveaway)","['SeaofThievesPartner', 'English', 'Dad', 'PvP', 'Memes', 'NewPlayersWelcome', 'Gaslighting', 'FamilyFriendly', 'drops', 'twitchdrops']",[],True
93,2025-03-24 12:25,BriittyBear,en,Sea of Thieves,[DROPS] Obsidian Drops and chaos with @iDbz ! *BriittyBear.com* TTS200 (!keg)(!merch),"['Hype', 'Chatty', 'MentalHealth', 'LGBTQIA', 'SeaOfThievesPartner', 'NormalHands', 'NormalForehead', 'HighEnergy', 'Drops', 'DropsEnabled']",[],False
94,2025-03-24 12:32,BoxyFresh,en,Sea of Thieves,🏴‍☠️OBSIDIAN DROPS🏴‍☠️  TTS 500  !latest !merch !art,"['English', 'LordofFrenziedFlame', 'OnlyUpChampion', 'SubnauticaFirefighter', 'ProLegoBuilder', 'PuzzleMaster', 'AmateurAstronomer', 'DropsEnabled']",[],False
94,2025-03-24 12:32,ohnePixel,en,Counter-Strike,🔴NAVI vs ETERNAL FIRE | BLAST LISBON 2025🔴,"['English', 'Esports']",['MatureGame'],False
94,2025-03-24 12:32,Cibergun,es,Minecraft,🎁DROPS MINECRAFT🎁 🟥    Capa GRATIS || Free CAPE  - Java / Bedrock Edition - Con trucos y curiosidades de Minecraft !Cape !drop,"['Minecraft', 'drops', 'Drop', 'minecraft', 'DropsEnabled', 'DropsActivados', 'capa', 'drops', 'cape', 'Español']",[],False
94,2025-03-24 12:32,MrHugo,es,Minecraft,DROPS | CAPA ESPECIAL DE PELICULA DE MINECRAFT | VER DIRECTO 3 MINUTOS! |  Free CAPE | !drops !capa !cape,"['Español', 'minecraft', 'MINECRAFT', 'drops', 'Recompensasdeespectador']",[],False
94,2025-03-24 12:32,itswight,en,Sea of Thieves,🔵 DROPS SUBTHONG 🔵 HOUR 51 | NOT HOURGLASS YES (I suck !subthong !goals,"['Australia', 'Anime', 'Comedy', 'JustChatting', 'Reaction', 'Anygifters', 'English', 'SeaOfThievesPartner', 'DropsEnabled']",[],False
94,2025-03-24 12:32,PhuzzyBond,en,Sea of Thieves,!Drops | 12 Hours | 🫖Good Vibes | 💚💜 Get SoT at 65% off !games,"['ClosedCaptions', 'LongSilkyHair', 'FamilyFriendly', 'SeaOfThievesPartner', 'ASMR', 'English', 'Chill', 'GoodVibes', 'DropsEnabled']",[],False
94,2025-03-24 12:33,capitalizers425,en,VALORANT,valorant,['English'],[],False
94,2025-03-24 12:33,茯漓錦兒,zh,Overwatch 2,【狐玩】0324 有新的酷酷女耶,"['中文', 'Vtuber', '快樂狐', '非技術', '启用掉宝']",[],False
94,2025-03-24 12:33,我是彧姊,zh,Just Chatting,"小玩一下,中風局","['中文', '掛機', '歡迎聊天', '不專業唱歌']",[],False
95,2025-03-24 12:42,BoxyFresh,en,Sea of Thieves,🏴‍☠️OBSIDIAN DROPS🏴‍☠️  TTS 500  !latest !merch !art,"['English', 'LordofFrenziedFlame', 'OnlyUpChampion', 'SubnauticaFirefighter', 'ProLegoBuilder', 'PuzzleMaster', 'AmateurAstronomer', 'DropsEnabled']",[],False
95,2025-03-24 12:42,ohnePixel,en,Counter-Strike,🔴NAVI vs ETERNAL FIRE | BLAST LISBON 2025🔴,"['English', 'Esports']",['MatureGame'],False
95,2025-03-24 12:42,Cibergun,es,Minecraft,🎁DROPS MINECRAFT🎁 🟥    Capa GRATIS || Free CAPE  - Java / Bedrock Edition - Con trucos y curiosidades de Minecraft !Cape !drop,"['Minecraft', 'drops', 'Drop', 'minecraft', 'DropsEnabled', 'DropsActivados', 'capa', 'drops', 'cape', 'Español']",[],False
95,2025-03-24 12:42,MrHugo,es,Minecraft,DROPS | CAPA ESPECIAL DE PELICULA DE MINECRAFT | VER DIRECTO 3 MINUTOS! |  Free CAPE | !drops !capa !cape,"['Español', 'minecraft', 'MINECRAFT', 'drops', 'Recompensasdeespectador']",[],False
95,2025-03-24 12:42,PhuzzyBond,en,Sea of Thieves,!Drops | 12 Hours | 🫖Good Vibes | 💚💜 Get SoT at 65% off !games,"['ClosedCaptions', 'LongSilkyHair', 'FamilyFriendly', 'SeaOfThievesPartner', 'ASMR', 'English', 'Chill', 'GoodVibes', 'DropsEnabled']",[],False
95,2025-03-24 12:42,itswight,en,Sea of Thieves,🔵 DROPS SUBTHONG 🔵 HOUR 51 | NOT HOURGLASS YES (I suck !subthong !goals,"['Australia', 'Anime', 'Comedy', 'JustChatting', 'Reaction', 'Anygifters', 'English', 'SeaOfThievesPartner', 'DropsEnabled']",[],False
95,2025-03-24 12:42,sakurah,en,League of Legends,🌸 PARTNER ANNIVERSARY 24 HR STREAM | !discord !song !cursor !gsupps !collab 🌸,"['vtuber', 'comfy', 'gremlin', 'australia', 'envtuber', 'English', 'ASMR', 'aus', 'chill']",[],False
95,2025-03-24 12:42,Kaemii,en,VALORANT,CLIMBING TO RADIANT IN JAPAN DAY 7/26,['English'],[],False
95,2025-03-24 12:42,joshseki,en,VALORANT,morning ranked | cooking stream @ 6k subs | !wishlist !newvid !discord !goal,"['English', 'ClosedCaptions', 'Korean', 'Radiant', 'Kpop', 'Anime']",[],False
96,2025-03-24 16:03,ohnePixel,en,Counter-Strike,🔴G2 vs MONGOLZ [ELIM] BLAST LISBON 2025!🔴,"['English', 'Esports']",['MatureGame'],False
96,2025-03-24 16:03,BoxyFresh,en,Sea of Thieves,🏴‍☠️OBSIDIAN DROPS🏴‍☠️  TTS 500  !latest !merch !art,"['English', 'LordofFrenziedFlame', 'OnlyUpChampion', 'SubnauticaFirefighter', 'ProLegoBuilder', 'PuzzleMaster', 'AmateurAstronomer', 'DropsEnabled']",[],False
96,2025-03-24 16:03,Cibergun,es,Minecraft,🎁DROPS MINECRAFT🎁 🟥    Capa GRATIS || Free CAPE  - Java / Bedrock Edition - Con trucos y curiosidades de Minecraft !Cape !drop,"['Minecraft', 'drops', 'Drop', 'minecraft', 'DropsEnabled', 'DropsActivados', 'capa', 'drops', 'cape', 'Español']",[],False
96,2025-03-24 16:03,BLASTPremier,en,Counter-Strike,"BLAST Premier Open Spring 2025, Group Stage, Day 6: MOUZ vs Vitality, Spirit vs Virtus.pro, Eternal Fire vs NAVI, The MongolZ vs G2","['Esports', 'English', 'BLAST', 'blastpremier', 'counterstrike', 'counterstrike2']",['MatureGame'],False
96,2025-03-24 16:03,MrHugo,es,Minecraft,DROPS | CAPA ESPECIAL DE PELICULA DE MINECRAFT | VER DIRECTO 3 MINUTOS! |  Free CAPE | !drops !capa !cape,"['Español', 'minecraft', 'MINECRAFT', 'drops', 'Recompensasdeespectador']",[],False
96,2025-03-24 16:03,AuzioMF,en,EA Sports FC 25,DROPS ✅ (11-1) FUT CHAMPS! 🚨 !team !433 !prime !tts @AuzioMF,"['English', 'football', 'DropsEnabled']",[],False
96,2025-03-24 16:03,YetrTV,en,Minecraft,DROPS: Minecraft Home CAPE - Minecraft Menace Cape !drop !cape,"['English', 'Minecraft', 'trial', 'drops', 'mask', 'cape', 'minecraft', 'homecape', 'menacecape', 'ViewerRewards']",[],False
96,2025-03-24 16:03,adrity355,es,Minecraft,🍞 ME PASO MINECRAFT🍞 Juegos de terror y demás marranadas🥵🥵,"['Español', 'España', 'humor', 'Hispano', 'juegos']",[],False
96,2025-03-24 16:04,ludense_14,es,R.E.P.O.,JUGANDO REPO con SUBS 🙊💚,"['gamergirl', 'Español', 'minecraftextremo', 'minecraftstream', 'minecraft', 'minecraftsurvivalmode', 'minecraftlive', 'minecraftlivestreaming', 'onechunk']",[],False
97,2025-03-24 16:14,ohnePixel,en,Counter-Strike,🔴G2 vs MONGOLZ [ELIM] BLAST LISBON 2025!🔴,"['English', 'Esports']",['MatureGame'],False
97,2025-03-24 16:14,BoxyFresh,en,Sea of Thieves,🏴‍☠️OBSIDIAN DROPS🏴‍☠️  TTS 500  !latest !merch !art,"['English', 'LordofFrenziedFlame', 'OnlyUpChampion', 'SubnauticaFirefighter', 'ProLegoBuilder', 'PuzzleMaster', 'AmateurAstronomer', 'DropsEnabled']",[],False
97,2025-03-24 16:14,Cibergun,es,Minecraft,🎁DROPS MINECRAFT🎁 🟥    Capa GRATIS || Free CAPE  - Java / Bedrock Edition - Con trucos y curiosidades de Minecraft !Cape !drop,"['Minecraft', 'drops', 'Drop', 'minecraft', 'DropsEnabled', 'DropsActivados', 'capa', 'drops', 'cape', 'Español']",[],False
97,2025-03-24 16:15,BLASTPremier,en,Counter-Strike,"BLAST Premier Open Spring 2025, Group Stage, Day 6: MOUZ vs Vitality, Spirit vs Virtus.pro, Eternal Fire vs NAVI, The MongolZ vs G2","['Esports', 'English', 'BLAST', 'blastpremier', 'counterstrike', 'counterstrike2']",['MatureGame'],False
97,2025-03-24 16:15,MrHugo,es,Minecraft,DROPS | CAPA ESPECIAL DE PELICULA DE MINECRAFT | VER DIRECTO 3 MINUTOS! |  Free CAPE | !drops !capa !cape,"['Español', 'minecraft', 'MINECRAFT', 'drops', 'Recompensasdeespectador']",[],False
97,2025-03-24 16:15,AuzioMF,en,EA Sports FC 25,DROPS ✅ (13-1) FUT CHAMPS! 🚨 !team !433 !prime !tts @AuzioMF,"['English', 'football', 'DropsEnabled']",[],False
97,2025-03-24 16:15,LittleBobbyMac,en,Minecraft,💗Girlypop SMP [Day 4]💗~ !girlypop !bitwar,"['ADHD', 'Chatty', 'ilovereptiles', 'ClosedCaptions', 'English', 'Woman', 'TummyProblems', 'minecraft', 'minecraftsmp', 'minecraftsurivial']",[],False
97,2025-03-24 16:15,tempytulip,en,Split Fiction,split fiction with @masethemoose ♡ |!evergreen,"['MentalHealth', 'Cozy', 'LGBTQIAPlus', 'SafeSpace', 'English', 'CozyGames', 'LurkerFriendly', 'Palia']",[],False
97,2025-03-24 16:15,snaccdaddysims,en,The Sims 4,Spilling the TEA and cozy building Modern Ranchhouse! 🏡||!daddy !merch !kofi !javy,['English'],[],False
98,2025-03-24 16:23,ohnePixel,en,Counter-Strike,🔴G2 vs MONGOLZ [ELIM] BLAST LISBON 2025!🔴,"['English', 'Esports']",['MatureGame'],False
98,2025-03-24 16:23,BoxyFresh,en,Sea of Thieves,🏴‍☠️OBSIDIAN DROPS🏴‍☠️  TTS 500  !latest !merch !art,"['English', 'LordofFrenziedFlame', 'OnlyUpChampion', 'SubnauticaFirefighter', 'ProLegoBuilder', 'PuzzleMaster', 'AmateurAstronomer', 'DropsEnabled']",[],False
98,2025-03-24 16:23,Cibergun,es,Minecraft,🎁DROPS MINECRAFT🎁 🟥    Capa GRATIS || Free CAPE  - Java / Bedrock Edition - Con trucos y curiosidades de Minecraft !Cape !drop,"['Minecraft', 'drops', 'Drop', 'minecraft', 'DropsEnabled', 'DropsActivados', 'capa', 'drops', 'cape', 'Español']",[],False
98,2025-03-24 16:23,BLASTPremier,en,Counter-Strike,"BLAST Premier Open Spring 2025, Group Stage, Day 6: MOUZ vs Vitality, Spirit vs Virtus.pro, Eternal Fire vs NAVI, The MongolZ vs G2","['Esports', 'English', 'BLAST', 'blastpremier', 'counterstrike', 'counterstrike2']",['MatureGame'],False
98,2025-03-24 16:23,MrHugo,es,Minecraft,DROPS | CAPA ESPECIAL DE PELICULA DE MINECRAFT | VER DIRECTO 3 MINUTOS! |  Free CAPE | !drops !capa !cape,"['Español', 'minecraft', 'MINECRAFT', 'drops', 'Recompensasdeespectador']",[],False
98,2025-03-24 16:23,AuzioMF,en,EA Sports FC 25,DROPS ✅ FUT CHAMPS REWARDS! 🚨 !433 !prime !tts @AuzioMF,"['English', 'football', 'DropsEnabled']",[],False
98,2025-03-24 16:23,LiquidatorCS,en,Counter-Strike,lock in,['English'],['MatureGame'],False
98,2025-03-24 16:23,Stewie2K,en,Counter-Strike,Watchin & Gamin | !store !socials !discord !tradeit,"['English', 'FPS', 'CSGO', 'CS2', 'PRO', 'CS', 'Multiplayer']",['MatureGame'],False
98,2025-03-24 16:23,d0cc_tv,en,Counter-Strike,🔴ACELEAGUE OFFICIAL GAME🔴!csgoskins !pirateswap !dm - Day 24/31,"['FACEIT', 'FPL', 'PRO', 'English', 'CS2', '6KELO']",['MatureGame'],False
99,2025-03-24 16:33,ohnePixel,en,Counter-Strike,🔴G2 vs MONGOLZ [ELIM] BLAST LISBON 2025!🔴,"['English', 'Esports']",['MatureGame'],False
99,2025-03-24 16:33,BigBadSnowdon,en,Fortnite,🔥VIEWER CHALLENGE🔥CUSTOM GAMES🔥 WHO IS THE BEST,"['English', 'adhd', 'british', 'bald', 'fortnite']",[],False
99,2025-03-24 16:33,BoxyFresh,en,Sea of Thieves,🏴‍☠️OBSIDIAN DROPS🏴‍☠️  TTS 500  !latest !merch !art,"['English', 'LordofFrenziedFlame', 'OnlyUpChampion', 'SubnauticaFirefighter', 'ProLegoBuilder', 'PuzzleMaster', 'AmateurAstronomer', 'DropsEnabled']",[],False
99,2025-03-24 16:34,Cibergun,es,Minecraft,🎁DROPS MINECRAFT🎁 🟥    Capa GRATIS || Free CAPE  - Java / Bedrock Edition - Con trucos y curiosidades de Minecraft !Cape !drop,"['Minecraft', 'drops', 'Drop', 'minecraft', 'DropsEnabled', 'DropsActivados', 'capa', 'drops', 'cape', 'Español']",[],False
99,2025-03-24 16:34,BLASTPremier,en,Counter-Strike,"BLAST Premier Open Spring 2025, Group Stage, Day 6: MOUZ vs Vitality, Spirit vs Virtus.pro, Eternal Fire vs NAVI, The MongolZ vs G2","['Esports', 'English', 'BLAST', 'blastpremier', 'counterstrike', 'counterstrike2']",['MatureGame'],False
99,2025-03-24 16:34,MrHugo,es,Minecraft,DROPS | CAPA ESPECIAL DE PELICULA DE MINECRAFT | VER DIRECTO 3 MINUTOS! |  Free CAPE | !drops !capa !cape,"['Español', 'minecraft', 'MINECRAFT', 'drops', 'Recompensasdeespectador']",[],False
99,2025-03-24 16:34,runthefutmarket,en,EA Sports FC 25,GRINDING!!!!! | !prime for prime sub,"['English', 'sports', 'soccer', 'Football']",[],False
99,2025-03-24 16:34,Nick28T,en,Escape from Tarkov,Tryng to unlock Shturman Quest :( | Socials: Nick28T,"['f1', 'escapefromtarkov', 'LUFC', 'english', 'ultimateteam', 'soccer', 'Football', 'tarkov', 'English']",['MatureGame'],False
99,2025-03-24 16:34,TEDDY127,en,EA Sports FC 25,INVESTING ALL MY FC25 COINS!!! FC25 TRADING DISCORD (ENG/PS5),"['gaming', 'soccer', 'futbol', 'English']",[],False
100,2025-03-24 20:01,MrHugo,es,Minecraft,DROPS | CAPA ESPECIAL DE PELICULA DE MINECRAFT | VER DIRECTO 3 MINUTOS! |  Free CAPE | !drops !capa !cape,"['Español', 'minecraft', 'MINECRAFT', 'drops', 'Recompensasdeespectador']",[],False
100,2025-03-24 20:01,Cibergun,es,Minecraft,🎁DROPS MINECRAFT🎁 🟥    Capa GRATIS || Free CAPE  - Java / Bedrock Edition - Con trucos y curiosidades de Minecraft !Cape !drop,"['Minecraft', 'drops', 'Drop', 'minecraft', 'DropsEnabled', 'DropsActivados', 'capa', 'drops', 'cape', 'Español']",[],False
100,2025-03-24 20:02,Aspen,en,Overwatch 2,[!DROPS] WE HIT CHAMPION IN 6V6 OH MY.... -> !newvid,"['English', 'DropsEnabled']",[],False
100,2025-03-24 20:02,Dantes,en,League of Legends,ASHTON HALL CHALLENGE - ASSASSIN HECARIM DOMINATION - GM 603LP START,['English'],[],False
100,2025-03-24 20:02,Sigy,en,Sea of Thieves,🔴OBSIDIAN !DROPS🔴Subscribe to the SECOND CHANNEL!🔴15/100 days in a row🔴,"['English', 'DropsEnabled']",[],True
100,2025-03-24 20:02,FroggerOW,en,Overwatch 2,[DROPS ON!] PLAYING 6V6... WOW... SEA SALT I NEED YOU!!!!,"['Australian', 'English', 'DropsEnabled']",[],False
100,2025-03-24 20:02,Peereira7,es,Fortnite,🟥EL MEJOR STREAMER🟥PINTOR POR 1 DIA🟥SOY HABILIDOSO🟥CHAT DAY🟥LONG STREAM🟥SHOW NIGHT🟥PEREIRIANOS REPORTED🟥SOY EL 1🟥ESLAND FARMER🟥,['Español'],[],False
100,2025-03-24 20:02,juansguarnizo,es,Just Chatting,DULCES COLOMBIANOS Y LEGOS CON NATALIA 🤢🤮,['Español'],[],False
100,2025-03-24 20:02,IlloJuan,es,DayZ,👑 EL REY DEL ENTRETENIMIENTO VACÍO E INSULSO 👑,['Español'],['MatureGame'],False
101,2025-03-24 20:10,MrHugo,es,Minecraft,DROPS | CAPA ESPECIAL DE PELICULA DE MINECRAFT | VER DIRECTO 3 MINUTOS! |  Free CAPE | !drops !capa !cape,"['Español', 'minecraft', 'MINECRAFT', 'drops', 'Recompensasdeespectador']",[],False
101,2025-03-24 20:10,Cibergun,es,Minecraft,🎁DROPS MINECRAFT🎁 🟥    Capa GRATIS || Free CAPE  - Java / Bedrock Edition - Con trucos y curiosidades de Minecraft !Cape !drop,"['Minecraft', 'drops', 'Drop', 'minecraft', 'DropsEnabled', 'DropsActivados', 'capa', 'drops', 'cape', 'Español']",[],False
101,2025-03-24 20:11,Aspen,en,Overwatch 2,[!DROPS] WE HIT CHAMPION IN 6V6 OH MY.... -> !newvid,"['English', 'DropsEnabled']",[],False
101,2025-03-24 20:11,Dantes,en,League of Legends,ASHTON HALL CHALLENGE - ASSASSIN HECARIM DOMINATION - GM 603LP START,['English'],[],False
101,2025-03-24 20:11,Sigy,en,Sea of Thieves,🔴OBSIDIAN !DROPS🔴Subscribe to the SECOND CHANNEL!🔴15/100 days in a row🔴,"['English', 'DropsEnabled']",[],True
101,2025-03-24 20:11,FroggerOW,en,Overwatch 2,[DROPS ON!] PLAYING 6V6... WOW... SEA SALT I NEED YOU!!!!,"['Australian', 'English', 'DropsEnabled']",[],False
101,2025-03-24 20:11,velja_lol,en,League of Legends,"EMEA MASTERS CHAMPIONS AND MVP , Nikola Jokic is what they call me   !operagx !youtube 83/365","['LeagueOfLegends', 'challenger', 'English']",[],False
101,2025-03-24 20:11,ScrubNoob,en,League of Legends,chall games !delay,"['Rengar', 'Challenger', 'jungle', 'English', 'Assassin']",[],False
101,2025-03-24 20:11,KatEvolved,en,League of Legends,RANK 1 NA MID GRIND,"['ADHD', 'Vtuber', 'MANIC', 'Psychosis', 'English', 'GODCOMPLEX', 'Femboy', 'Furry', 'Gaslighting', 'Manipulator']",[],False
102,2025-03-24 20:22,MrHugo,es,Minecraft,DROPS | CAPA ESPECIAL DE PELICULA DE MINECRAFT | VER DIRECTO 3 MINUTOS! |  Free CAPE | !drops !capa !cape,"['Español', 'minecraft', 'MINECRAFT', 'drops', 'Recompensasdeespectador']",[],False
102,2025-03-24 20:22,Cibergun,es,Minecraft,🎁DROPS MINECRAFT🎁 🟥    Capa GRATIS || Free CAPE  - Java / Bedrock Edition - Con trucos y curiosidades de Minecraft !Cape !drop,"['Minecraft', 'drops', 'Drop', 'minecraft', 'DropsEnabled', 'DropsActivados', 'capa', 'drops', 'cape', 'Español']",[],False
102,2025-03-24 20:22,Dantes,en,League of Legends,ASHTON HALL CHALLENGE - ASSASSIN HECARIM DOMINATION - GM 603LP START,['English'],[],False
102,2025-03-24 20:22,Aspen,en,Overwatch 2,[!DROPS] WE HIT CHAMPION IN 6V6 OH MY.... -> !newvid,"['English', 'DropsEnabled']",[],False
102,2025-03-24 20:22,Sigy,en,Sea of Thieves,🔴OBSIDIAN !DROPS🔴Subscribe to the SECOND CHANNEL!🔴15/100 days in a row🔴,"['English', 'DropsEnabled']",[],True
102,2025-03-24 20:22,FroggerOW,en,Overwatch 2,[DROPS ON!] PLAYING 6V6... WOW... SEA SALT I NEED YOU!!!!,"['Australian', 'English', 'DropsEnabled']",[],False
102,2025-03-24 20:22,zarbex_TV,de,Sons of the Forest,09.01.2025 - Sons of the Forest mit @maximalschradin | Part 3 | UNCUT | 24/7 Zarbex Content !next,['Deutsch'],[],False
102,2025-03-24 20:22,Mahluna,de,VALORANT,FREUNDSCHAFTLICHER FÜNFFACH STAPEL IN VALORANT !yt !merch,['Deutsch'],[],False
102,2025-03-24 20:22,nadjanaa,de,League of Legends,hiii<3 endlich neues Insta 😍 !insta !discord !playlist !derdicke !int,"['deutsch', 'girl', 'ADC', 'LOL', 'FUN', 'INT', 'RANKED', 'FLEX', 'GERMAN', 'Deutsch']",[],False
103,2025-03-24 20:31,Clix,en,Fortnite,🏆 SOLO CASHY FINALS + GIVING AWAY CLIX BUNDLES | !code !merch 🏆,['English'],[],False
104,2025-03-25 00:06,Cibergun,es,Minecraft,🎁DROPS MINECRAFT🎁 🟥    Capa GRATIS || Free CAPE  - Java / Bedrock Edition - Con trucos y curiosidades de Minecraft !Cape !drop,"['Minecraft', 'drops', 'Drop', 'minecraft', 'DropsEnabled', 'DropsActivados', 'capa', 'drops', 'cape', 'Español']",[],False
104,2025-03-25 00:06,MrHugo,es,Minecraft,DROPS | CAPA ESPECIAL DE PELICULA DE MINECRAFT | VER DIRECTO 3 MINUTOS! |  Free CAPE | !drops !capa !cape,"['Español', 'minecraft', 'MINECRAFT', 'drops', 'Recompensasdeespectador']",[],False
104,2025-03-25 00:06,theb,en,Sea of Thieves,🟨OBSIDIAN DROPS🟨 EVIL PVP PIRATE STREAM RAHHH 🏴‍☠️🏴‍☠️🏴‍☠️💥💥💥 @crud,"['pvp', 'pirategame', 'lootswindling', 'English', 'DropsEnabled']",[],False
104,2025-03-25 00:06,BugSenseii,en,Sea of Thieves,MORE DROPS John Anti-Cheat provides,"['English', 'seaofthieves', 'Roleplay', 'DropsEnabled']",[],False
104,2025-03-25 00:06,Sigy,en,Sea of Thieves,🔴OBSIDIAN !DROPS🔴Subscribe to the SECOND CHANNEL!🔴15/100 days in a row🔴,"['English', 'DropsEnabled']",[],True
104,2025-03-25 00:06,Aspen,en,Overwatch 2,[!DROPS] WE HIT CHAMPION IN 6V6 OH MY.... -> !newvid,"['English', 'DropsEnabled']",[],False
104,2025-03-25 00:06,EiMine77,pt,Minecraft,✅ RECOMPENSAS ON! | ⭐ SEJA RÁPIDO E GANHE UMA CAPA DE GRAÇA: !CAPA | 💘 INSTAGRAM: @EIMINE77 | !ajuda !rerun !sub !subgratis !loja,"['Minecraft', 'EiMine', 'Português', 'RecompensasEspetadores']",[],False
104,2025-03-25 00:06,TigreSoto1,es,Minecraft,-DROPS- zSaul esta en mi casa!!,"['Español', 'minecraft', 'Recompensasdeespectador']",[],False
104,2025-03-25 00:06,Evuto_,en,Minecraft,Yall still need CAPES?!?!Minecrafttt,"['English', 'gaming', 'gamingandvibing', 'Streaming4Fun', 'streamingcommunity', 'gamingstreaming', 'gamıng', 'Gaming4Fun', 'ViewerRewards']",[],False
105,2025-03-25 00:16,Cibergun,es,Minecraft,🎁DROPS MINECRAFT🎁 🟥    Capa GRATIS || Free CAPE  - Java / Bedrock Edition - Con trucos y curiosidades de Minecraft !Cape !drop,"['Minecraft', 'drops', 'Drop', 'minecraft', 'DropsEnabled', 'DropsActivados', 'capa', 'drops', 'cape', 'Español']",[],False
105,2025-03-25 00:16,MrHugo,es,Minecraft,DROPS | CAPA ESPECIAL DE PELICULA DE MINECRAFT | VER DIRECTO 3 MINUTOS! |  Free CAPE | !drops !capa !cape,"['Español', 'minecraft', 'MINECRAFT', 'drops', 'Recompensasdeespectador']",[],False
105,2025-03-25 00:16,theb,en,Sea of Thieves,🟨OBSIDIAN DROPS🟨 EVIL PVP PIRATE STREAM RAHHH 🏴‍☠️🏴‍☠️🏴‍☠️💥💥💥 @crud,"['pvp', 'pirategame', 'lootswindling', 'English', 'DropsEnabled']",[],False
105,2025-03-25 00:16,BugSenseii,en,Sea of Thieves,MORE DROPS John Anti-Cheat provides,"['English', 'seaofthieves', 'Roleplay', 'DropsEnabled']",[],False
105,2025-03-25 00:16,LeooKnightus,en,Minecraft,[CAPE] Just Mining on play.blossomcraft.org,"['Minecraft', 'BlossomCraft', 'English', 'drops', 'Variety', 'SMP', 'ViewerRewards']",[],True
105,2025-03-25 00:16,Sigy,en,Sea of Thieves,🔴OBSIDIAN !DROPS🔴Subscribe to the SECOND CHANNEL!🔴15/100 days in a row🔴,"['English', 'DropsEnabled']",[],True
105,2025-03-25 00:16,iDbz,en,Sea of Thieves,✨OBSIDIAN DROPS HERE✨Monday Madness w/ @cjshiz   @miffoo   ✨Solo guide !SoloGuide✨ !plusprogram !socials,"['English', 'Db', 'French', 'Pvp', 'Tucks', 'Goober', 'DropsEnabled']",[],False
105,2025-03-25 00:16,Miffoo,en,Sea of Thieves,*DROPS* 💀 [12Hr] Flu - No Comms - Only Gaming 💀 !drops,"['English', 'DropsEnabled']",[],False
105,2025-03-25 00:16,CJSHIZ,en,Sea of Thieves,🟢OBSIDIAN !DROPS + !GIVEAWAY 🟢 ANOTHER DAY AT SEA 🟢 W/ @idbz @miffoo !yt !merch !gfuel !giveaway 🟢,"['PvP', 'SeaOfThievesPartner', 'Giveaway', 'English', 'GFUEL', 'DropsEnabled']",[],False
106,2025-03-25 00:26,Cibergun,es,Minecraft,🎁DROPS MINECRAFT🎁 🟥    Capa GRATIS || Free CAPE  - Java / Bedrock Edition - Con trucos y curiosidades de Minecraft !Cape !drop,"['Minecraft', 'drops', 'Drop', 'minecraft', 'DropsEnabled', 'DropsActivados', 'capa', 'drops', 'cape', 'Español']",[],False
106,2025-03-25 00:27,MrHugo,es,Minecraft,DROPS | CAPA ESPECIAL DE PELICULA DE MINECRAFT | VER DIRECTO 3 MINUTOS! |  Free CAPE | !drops !capa !cape,"['Español', 'minecraft', 'MINECRAFT', 'drops', 'Recompensasdeespectador']",[],False
106,2025-03-25 00:27,theb,en,Sea of Thieves,🟨OBSIDIAN DROPS🟨 EVIL PVP PIRATE STREAM RAHHH 🏴‍☠️🏴‍☠️🏴‍☠️💥💥💥 @crud,"['pvp', 'pirategame', 'lootswindling', 'English', 'DropsEnabled']",[],False
106,2025-03-25 00:27,Sigy,en,Sea of Thieves,🔴OBSIDIAN !DROPS🔴Subscribe to the SECOND CHANNEL!🔴15/100 days in a row🔴,"['English', 'DropsEnabled']",[],True
106,2025-03-25 00:27,BugSenseii,en,Sea of Thieves,MORE DROPS John Anti-Cheat provides,"['English', 'seaofthieves', 'Roleplay', 'DropsEnabled']",[],False
106,2025-03-25 00:27,LeooKnightus,en,Minecraft,[CAPE] Just Mining on play.blossomcraft.org,"['Minecraft', 'BlossomCraft', 'English', 'drops', 'Variety', 'SMP', 'ViewerRewards']",[],True
106,2025-03-25 00:27,vulture_ow,en,Overwatch 2,"[DROPS] LOOONG STREAM - GETTING BACK GM SURELY, MAYBE FINISHING TWD?  !discord !newvid","['English', 'Competitive', 'fps', 'junkrat', 'SewerRat', 'overwatch', 'hashtagawesome', 'DropsEnabled']",[],False
106,2025-03-25 00:27,flatstwo,en,Marvel Rivals,24/7 RERUNS! @Flats MARVEL RIVALS VODS,"['English', 'Rerun']",[],False
106,2025-03-25 00:27,romani_ow,en,Overwatch 2,[!DROPS] RANK 1 JQ FREJA PUGS + 6V6 + JAPANESE SUBTITLES | ランク１のJQ、フレジャ PUGS + 6V6 + 日本語字幕！,"['English', 'Competitive', 'Ranked', 'Educational', '日本語OK', 'chungus', '120fps', 'DropsEnabled']",[],False
107,2025-03-25 00:37,Cibergun,es,Minecraft,🎁DROPS MINECRAFT🎁 🟥    Capa GRATIS || Free CAPE  - Java / Bedrock Edition - Con trucos y curiosidades de Minecraft !Cape !drop,"['Minecraft', 'drops', 'Drop', 'minecraft', 'DropsEnabled', 'DropsActivados', 'capa', 'drops', 'cape', 'Español']",[],False
107,2025-03-25 00:37,MrHugo,es,Minecraft,DROPS | CAPA ESPECIAL DE PELICULA DE MINECRAFT | VER DIRECTO 3 MINUTOS! |  Free CAPE | !drops !capa !cape,"['Español', 'minecraft', 'MINECRAFT', 'drops', 'Recompensasdeespectador']",[],False
107,2025-03-25 00:37,theb,en,Sea of Thieves,🟨OBSIDIAN DROPS🟨 EVIL PVP PIRATE STREAM RAHHH 🏴‍☠️🏴‍☠️🏴‍☠️💥💥💥 @crud,"['pvp', 'pirategame', 'lootswindling', 'English', 'DropsEnabled']",[],False
107,2025-03-25 00:37,Sigy,en,Sea of Thieves,🔴OBSIDIAN !DROPS🔴Subscribe to the SECOND CHANNEL!🔴15/100 days in a row🔴,"['English', 'DropsEnabled']",[],True
107,2025-03-25 00:37,BugSenseii,en,Sea of Thieves,MORE DROPS John Anti-Cheat provides,"['English', 'seaofthieves', 'Roleplay', 'DropsEnabled']",[],False
107,2025-03-25 00:38,LeooKnightus,en,Minecraft,[CAPE] Just Mining on play.blossomcraft.org,"['Minecraft', 'BlossomCraft', 'English', 'drops', 'Variety', 'SMP', 'ViewerRewards']",[],True
107,2025-03-25 00:38,ShiroRz,en,Apex Legends,WE WILL FINISH THE GAUNTLET.,['English'],[],False
107,2025-03-25 00:38,curry,en,VALORANT,RARE CURRY INTERACT WITH CHAT STREAM !OPGG,['English'],[],True
107,2025-03-25 00:38,royalgftw,en,VALORANT,"SHERIFF ONLY IN JAPAN BEGINS!! Current rank: Dia 1, LETS GO | !rank !guild !challenge","['strong', 'independent', 'Asian', 'man', 'English', 'Japan']",[],False
108,2025-03-25 00:47,Cibergun,es,Minecraft,🎁DROPS MINECRAFT🎁 🟥    Capa GRATIS || Free CAPE  - Java / Bedrock Edition - Con trucos y curiosidades de Minecraft !Cape !drop,"['Minecraft', 'drops', 'Drop', 'minecraft', 'DropsEnabled', 'DropsActivados', 'capa', 'drops', 'cape', 'Español']",[],False
108,2025-03-25 00:47,theb,en,Sea of Thieves,🟨OBSIDIAN DROPS🟨 EVIL PVP PIRATE STREAM RAHHH 🏴‍☠️🏴‍☠️🏴‍☠️💥💥💥 @crud,"['pvp', 'pirategame', 'lootswindling', 'English', 'DropsEnabled']",[],False
108,2025-03-25 00:48,TheRag1ng,en,Just Chatting,🟥🟦I LOVE VIDEO GAMES || !discord  🟦🟥,"['English', 'ADHD', 'MentalHealthAware', 'LGBTQFriendly', 'LoudStreamer', 'TheRaging', 'Raging', 'Rage', 'caseoh']",[],False
108,2025-03-25 00:48,Sigy,en,Sea of Thieves,🔴OBSIDIAN !DROPS🔴Subscribe to the SECOND CHANNEL!🔴15/100 days in a row🔴,"['English', 'DropsEnabled']",[],True
108,2025-03-25 00:48,vulture_ow,en,Overwatch 2,"[DROPS] LOOONG STREAM - GETTING BACK GM SURELY, MAYBE FINISHING TWD?  !discord !newvid","['English', 'Competitive', 'fps', 'junkrat', 'SewerRat', 'overwatch', 'hashtagawesome', 'DropsEnabled']",[],False
108,2025-03-25 00:48,MrHugo,es,Minecraft,DROPS | CAPA ESPECIAL DE PELICULA DE MINECRAFT | VER DIRECTO 3 MINUTOS! |  Free CAPE | !drops !capa !cape,"['Español', 'minecraft', 'MINECRAFT', 'drops', 'Recompensasdeespectador']",[],False
108,2025-03-25 00:48,Sanchovies,en,League of Legends,Streaming in my tightest pair of Levi's 502 Jeans and giving myself lower body deep vein thrombosis until I hit 600LP! #LevisPartner,['English'],[],False
108,2025-03-25 00:48,Viper,en,League of Legends,615lp start adc to challenger,['English'],[],False
108,2025-03-25 00:48,Pobelter,en,League of Legends,scrims vs AMI solo q after (first NACL match THIS WEDNESDAY) (W streamer eugene),"['English', 'Chill', 'Anime', 'RotisserieChickens', 'lebronjames', 'xddfreezone']",[],False
109,2025-03-25 04:03,August,en,Overwatch 2,🔴!DROPS ON🔴LONG STREAM! FREJAS LAST DAY TIL SHE GETS TAKEN OUT BACK (she dies) MID SEASON PATCH! I Freja playtest w/viewers later!,"['Kiriko', 'Support', 'ADHD', 'Anime', 'Top500', 'English', 'Ana', 'Juno', 'DropsEnabled']",[],False
109,2025-03-25 04:03,Cibergun,es,Minecraft,🎁DROPS MINECRAFT🎁 🟥    Capa GRATIS || Free CAPE  - Java / Bedrock Edition - Con trucos y curiosidades de Minecraft !Cape !drop,"['Minecraft', 'drops', 'Drop', 'minecraft', 'DropsEnabled', 'DropsActivados', 'capa', 'drops', 'cape', 'Español']",[],False
109,2025-03-25 04:03,MrHugo,es,Minecraft,DROPS | CAPA ESPECIAL DE PELICULA DE MINECRAFT | VER DIRECTO 3 MINUTOS! |  Free CAPE | !drops !capa !cape,"['Español', 'minecraft', 'MINECRAFT', 'drops', 'Recompensasdeespectador']",[],False
109,2025-03-25 04:03,procedural_,en,Sea of Thieves,ZOMG! OBSIDIAN DROPS! + Solo Sloop PVP,"['PVP', 'Pirate', 'SeaOfThieves', 'Chill', 'English', 'Piano', 'SeaOfThievesPartner', 'DropsEnabled', 'Drops']",[],False
109,2025-03-25 04:03,Anthony0w,en,Subnautica: Below Zero,Blind First Time Playthrough | !discord | LOSING MY MIND |,"['english', 'funny', 'game', 'English']",[],False
109,2025-03-25 04:03,Sigy,en,Sea of Thieves,🔴OBSIDIAN !DROPS🔴Subscribe to the SECOND CHANNEL!🔴15/100 days in a row🔴,"['English', 'DropsEnabled']",[],True
109,2025-03-25 04:03,Faustography,en,EA Sports FC 25,EVOLUTION MONDAY | Awaiting R9 Evo,"['English', 'R9', 'brazil']",[],False
109,2025-03-25 04:03,Boogy7_,en,EA Sports FC 25,RANK 1 REWARDS RN!!! (15-0) 94 EVO Dalglish WL SPEEDRUN!!!  !tiktok !tactics !camera,"['English', 'Football', 'Sports', 'fc25', 'EAFC']",[],False
109,2025-03-25 04:03,xpazzoo,de,EA Sports FC 25,MAIN WEEKEND LEAGUE🔥 Road to RANG 1 & XL PACKS | !code !gullit !upa !gittens,"['deutsch', 'Deutsch']",[],False
110,2025-03-25 04:13,August,en,Overwatch 2,🔴!DROPS ON🔴LONG STREAM! FREJAS LAST DAY TIL SHE GETS TAKEN OUT BACK (she dies) MID SEASON PATCH! I Freja playtest w/viewers later!,"['Kiriko', 'Support', 'ADHD', 'Anime', 'Top500', 'English', 'Ana', 'Juno', 'DropsEnabled']",[],False
110,2025-03-25 04:13,Cibergun,es,Minecraft,🎁DROPS MINECRAFT🎁 🟥    Capa GRATIS || Free CAPE  - Java / Bedrock Edition - Con trucos y curiosidades de Minecraft !Cape !drop,"['Minecraft', 'drops', 'Drop', 'minecraft', 'DropsEnabled', 'DropsActivados', 'capa', 'drops', 'cape', 'Español']",[],False
110,2025-03-25 04:13,MrHugo,es,Minecraft,DROPS | CAPA ESPECIAL DE PELICULA DE MINECRAFT | VER DIRECTO 3 MINUTOS! |  Free CAPE | !drops !capa !cape,"['Español', 'minecraft', 'MINECRAFT', 'drops', 'Recompensasdeespectador']",[],False
110,2025-03-25 04:13,procedural_,en,Sea of Thieves,ZOMG! OBSIDIAN DROPS! + Solo Sloop PVP,"['PVP', 'Pirate', 'SeaOfThieves', 'Chill', 'English', 'Piano', 'SeaOfThievesPartner', 'DropsEnabled', 'Drops']",[],False
110,2025-03-25 04:13,Beardageddon,en,Sea of Thieves,OBSIDIAN DROPS NOW !td !247 !GS !prime !mobile,"['English', 'Casual', 'Interactive', 'ChatInteraction', 'PvP', 'PvE', 'chill', 'moderated', 'NoPolitics', 'DropsEnabled']",[],True
110,2025-03-25 04:13,Sigy,en,Sea of Thieves,🔴OBSIDIAN !DROPS🔴Subscribe to the SECOND CHANNEL!🔴15/100 days in a row🔴,"['English', 'DropsEnabled']",[],True
110,2025-03-25 04:13,thekhaleezy,en,Call of Duty: Black Ops 6,2 DAYS TILL MY BIRTHDAY! !socials !discord 18+ please....,"['searchanddestroy', 'snd', 'sniper', 'chill', 'English']",['MatureGame'],False
110,2025-03-25 04:13,c50x,en,Fortnite,grr,"['English', 'Latina', 'lebronlover', 'gamer', 'Girlboss', 'drakefan']",[],False
110,2025-03-25 04:13,jadae,en,Schedule I,| COOKING STREAM!! 👨🏻‍🍳🐀 | 🔒,['English'],[],False
111,2025-03-25 04:24,August,en,Overwatch 2,🔴!DROPS ON🔴LONG STREAM! FREJAS LAST DAY TIL SHE GETS TAKEN OUT BACK (she dies) MID SEASON PATCH! I Freja playtest w/viewers later!,"['Kiriko', 'Support', 'ADHD', 'Anime', 'Top500', 'English', 'Ana', 'Juno', 'DropsEnabled']",[],False
111,2025-03-25 04:24,Cibergun,es,Minecraft,🎁DROPS MINECRAFT🎁 🟥    Capa GRATIS || Free CAPE  - Java / Bedrock Edition - Con trucos y curiosidades de Minecraft !Cape !drop,"['Minecraft', 'drops', 'Drop', 'minecraft', 'DropsEnabled', 'DropsActivados', 'capa', 'drops', 'cape', 'Español']",[],False
111,2025-03-25 04:24,MrHugo,es,Minecraft,DROPS | CAPA ESPECIAL DE PELICULA DE MINECRAFT | VER DIRECTO 3 MINUTOS! |  Free CAPE | !drops !capa !cape,"['Español', 'minecraft', 'MINECRAFT', 'drops', 'Recompensasdeespectador']",[],False
111,2025-03-25 04:24,procedural_,en,Sea of Thieves,ZOMG! OBSIDIAN DROPS! + Solo Sloop PVP,"['PVP', 'Pirate', 'SeaOfThieves', 'Chill', 'English', 'Piano', 'SeaOfThievesPartner', 'DropsEnabled', 'Drops']",[],False
111,2025-03-25 04:24,Sigy,en,Sea of Thieves,🔴OBSIDIAN !DROPS🔴Subscribe to the SECOND CHANNEL!🔴15/100 days in a row🔴,"['English', 'DropsEnabled']",[],True
111,2025-03-25 04:24,Beardageddon,en,Sea of Thieves,OBSIDIAN DROPS NOW !td !247 !GS !prime !mobile,"['English', 'Casual', 'Interactive', 'ChatInteraction', 'PvP', 'PvE', 'chill', 'moderated', 'NoPolitics', 'DropsEnabled']",[],True
111,2025-03-25 04:24,rainaiscrazyy,en,League of Legends,GRANDMASTER PEAK LEAGUE OF LEGENDS RANKED GAMES,"['leagueoflegends', 'zed', 'rank', 'English']",[],False
111,2025-03-25 04:25,NYC_Thresh,en,League of Legends,MAMBA MENTALITY toplane easy MUST PROVE TODAY DIAMOND,"['BESTTHRESH', 'English']",[],False
111,2025-03-25 04:25,AlmondMiruku,en,League of Legends,"MOGGING MONDAY GRIND, WE PLAY, LP GAIN, WE UP --> G2 LETS PLAY LEAGUE :D","['leagueoflegends', 'english', 'na', 'latina', 'lurk', 'English']",['ProfanityVulgarity'],False
112,2025-03-25 04:32,August,en,Overwatch 2,🔴!DROPS ON🔴LONG STREAM! FREJAS LAST DAY TIL SHE GETS TAKEN OUT BACK (she dies) MID SEASON PATCH! I Freja playtest w/viewers later!,"['Kiriko', 'Support', 'ADHD', 'Anime', 'Top500', 'English', 'Ana', 'Juno', 'DropsEnabled']",[],False
112,2025-03-25 04:32,MrHugo,es,Minecraft,DROPS | CAPA ESPECIAL DE PELICULA DE MINECRAFT | VER DIRECTO 3 MINUTOS! |  Free CAPE | !drops !capa !cape,"['Español', 'minecraft', 'MINECRAFT', 'drops', 'Recompensasdeespectador']",[],False
112,2025-03-25 04:32,procedural_,en,Sea of Thieves,ZOMG! OBSIDIAN DROPS! + Solo Sloop PVP,"['PVP', 'Pirate', 'SeaOfThieves', 'Chill', 'English', 'Piano', 'SeaOfThievesPartner', 'DropsEnabled', 'Drops']",[],False
112,2025-03-25 04:33,Cibergun,es,Minecraft,🎁DROPS MINECRAFT🎁 🟥    Capa GRATIS || Free CAPE  - Java / Bedrock Edition - Con trucos y curiosidades de Minecraft !Cape !drop,"['Minecraft', 'drops', 'Drop', 'minecraft', 'capa', 'drops', 'cape', 'Español']",[],False
112,2025-03-25 04:33,x2Twins,en,Minecraft,minecraft yoooo,"['English', 'ViewerRewards']",[],False
112,2025-03-25 04:33,Beardageddon,en,Sea of Thieves,OBSIDIAN DROPS NOW !td !247 !GS !prime !mobile,"['English', 'Casual', 'Interactive', 'ChatInteraction', 'PvP', 'PvE', 'chill', 'moderated', 'NoPolitics', 'DropsEnabled']",[],True
112,2025-03-25 04:33,NessieDoes,en,Sea of Thieves,🟩OBSIDIAN DROPS🟩SEA OF THIEVES🟢w/ @sponge,"['PVP', 'English', 'SeaOfThievesPartner', 'seaofthieves', 'SeaofThievesgameplay', 'DropsEnabled']",[],True
112,2025-03-25 04:33,Anthony0w,en,Subnautica: Below Zero,Blind First Time Playthrough | !discord | LOSING MY MIND |,"['english', 'funny', 'game', 'English']",[],False
112,2025-03-25 04:33,MsScarlettFury,en,Dead by Daylight,🗡️ Did you know your amazing mmhm mhmm I knew it!🗡️|✨PCG👾!pokestart✨,"['English', 'Armenian', 'LGBTQIAFriendly', 'ADHD', 'MentalHealth', 'ImmortalPhoenix', 'Stellar', 'Sylvrados']",['MatureGame'],False
113,2025-03-25 08:01,August,en,Overwatch 2,🔴!DROPS ON🔴LONG STREAM! FREJAS LAST DAY TIL SHE GETS TAKEN OUT BACK (she dies) MID SEASON PATCH! I Freja playtest w/viewers later!,"['Kiriko', 'Support', 'ADHD', 'Anime', 'Top500', 'English', 'Ana', 'Juno', 'DropsEnabled']",[],False
113,2025-03-25 08:02,Cibergun,es,Minecraft,🎁DROPS MINECRAFT🎁 🟥    Capa GRATIS || Free CAPE  - Java / Bedrock Edition - Con trucos y curiosidades de Minecraft !Cape !drop,"['Minecraft', 'drops', 'Drop', 'minecraft', 'capa', 'drops', 'cape', 'Español', 'Recompensasdeespectador']",[],False
113,2025-03-25 08:02,MrHugo,es,Minecraft,DROPS | CAPA ESPECIAL DE PELICULA DE MINECRAFT | VER DIRECTO 3 MINUTOS! |  Free CAPE | !drops !capa !cape,"['Español', 'minecraft', 'MINECRAFT', 'drops', 'Recompensasdeespectador']",[],False
113,2025-03-25 08:02,madi,en,Minecraft,🚨NEW MINECRAFT CAPE! 🚨 DROPS ENABLED!🔴MINECRAFT MANHUNT WITH VIEWERS!!! 🎁 🌷!cape for MC movie cape,"['viewerSMP', 'playingwithviewers', 'minecraft', 'English', 'hypixel', 'youtuberank', 'bedwars', 'Australia', 'bedrocksmp', 'minecraftserver']",[],False
113,2025-03-25 08:02,Beardageddon,en,Sea of Thieves,OBSIDIAN DROPS NOW !td !247 !GS !prime !mobile,"['English', 'Casual', 'Interactive', 'ChatInteraction', 'PvP', 'PvE', 'chill', 'moderated', 'NoPolitics', 'DropsEnabled']",[],True
113,2025-03-25 08:02,Necros,en,Marvel Rivals,[DROPS ENABLED] NO CRASHING ANYMORE SURELY.,"['English', 'spiderman', 'blackpanther', 'DropsEnabled']",[],False
113,2025-03-25 08:02,Recuerd0p,es,Fortnite,✅!update DIA DE ACTUALIZACION NUEVAS MITICAS Y EXOTICAS 😱 CÓDIGO: RECU #EPICPARTNER | ROAD TO 1000 SUBS FORTNITE,"['Español', 'fortnite', 'fortnitees', 'epicpartner', 'nuevatemporada', 'fortinitebattleroyale', 'fortnitelawless', 'fortnitebandidos']",[],False
113,2025-03-25 08:02,VeteALaVersh_dkco,es,Always On,"Vete a la Versh - Temporada 1, 2 y 3 (Estaremos agregando el resto en los siguientes días!)",['Español'],[],False
113,2025-03-25 08:02,Ache,es,Fortnite,NUEVA ACTUALIZACIÓN v34.20 😱,"['Español', 'Shooter', 'Fortnite', 'ache']",[],False
114,2025-03-25 08:10,August,en,Overwatch 2,🔴!DROPS ON🔴LONG STREAM! FREJAS LAST DAY TIL SHE GETS TAKEN OUT BACK (she dies) MID SEASON PATCH! I Freja playtest w/viewers later!,"['Kiriko', 'Support', 'ADHD', 'Anime', 'Top500', 'English', 'Ana', 'Juno', 'DropsEnabled']",[],False
114,2025-03-25 08:10,Cibergun,es,Minecraft,🎁DROPS MINECRAFT🎁 🟥    Capa GRATIS || Free CAPE  - Java / Bedrock Edition - Con trucos y curiosidades de Minecraft !Cape !drop,"['Minecraft', 'drops', 'Drop', 'minecraft', 'capa', 'drops', 'cape', 'Español', 'Recompensasdeespectador']",[],False
114,2025-03-25 08:10,MrHugo,es,Minecraft,DROPS | CAPA ESPECIAL DE PELICULA DE MINECRAFT | VER DIRECTO 3 MINUTOS! |  Free CAPE | !drops !capa !cape,"['Español', 'minecraft', 'MINECRAFT', 'drops', 'Recompensasdeespectador']",[],False
114,2025-03-25 08:10,madi,en,Minecraft,🚨NEW MINECRAFT CAPE! 🚨 DROPS ENABLED!🔴MINECRAFT MANHUNT WITH VIEWERS!!! 🎁 🌷!cape for MC movie cape,"['viewerSMP', 'playingwithviewers', 'minecraft', 'English', 'hypixel', 'youtuberank', 'bedwars', 'Australia', 'bedrocksmp', 'minecraftserver']",[],False
114,2025-03-25 08:10,Necros,en,Marvel Rivals,[DROPS ENABLED] NO CRASHING ANYMORE SURELY.,"['English', 'spiderman', 'blackpanther', 'DropsEnabled']",[],False
114,2025-03-25 08:10,Beardageddon,en,Sea of Thieves,OBSIDIAN DROPS NOW !td !247 !GS !prime !mobile,"['English', 'Casual', 'Interactive', 'ChatInteraction', 'PvP', 'PvE', 'chill', 'moderated', 'NoPolitics', 'DropsEnabled']",[],True
114,2025-03-25 08:10,PROD,en,VALORANT,ARISE - I Bring DELAY,"['English', 'PROD']",[],False
114,2025-03-25 08:10,FakeAnanas,en,VALORANT,♥HAPPY MOTHERS DAY🔴BIGGEST CAKE EU🔴  Lose=20 PUSHUPS SOON I'LL BE ARNOLD🔴 RADIANT INITIATOR 🔴 !Skates !Tattoo | [ENG/SLO],"['english', 'gaming', 'radiant', 'kappa', 'English']",[],False
114,2025-03-25 08:10,ragevl_,fr,VALORANT,✨TEAM MIXTE VS TEAM MIXTE ✨,['Français'],[],False
115,2025-03-25 08:20,August,en,Overwatch 2,🔴!DROPS ON🔴LONG STREAM! FREJAS LAST DAY TIL SHE GETS TAKEN OUT BACK (she dies) MID SEASON PATCH! I Freja playtest w/viewers later!,"['Kiriko', 'Support', 'ADHD', 'Anime', 'Top500', 'English', 'Ana', 'Juno', 'DropsEnabled']",[],False
115,2025-03-25 08:20,Cibergun,es,Minecraft,🎁DROPS MINECRAFT🎁 🟥    Capa GRATIS || Free CAPE  - Java / Bedrock Edition - Con trucos y curiosidades de Minecraft !Cape !drop,"['Minecraft', 'drops', 'Drop', 'minecraft', 'capa', 'drops', 'cape', 'Español', 'Recompensasdeespectador']",[],False
115,2025-03-25 08:20,MrHugo,es,Minecraft,DROPS | CAPA ESPECIAL DE PELICULA DE MINECRAFT | VER DIRECTO 3 MINUTOS! |  Free CAPE | !drops !capa !cape,"['Español', 'minecraft', 'MINECRAFT', 'drops', 'Recompensasdeespectador']",[],False
115,2025-03-25 08:20,madi,en,Minecraft,🚨NEW MINECRAFT CAPE! 🚨 DROPS ENABLED!🔴MINECRAFT MANHUNT WITH VIEWERS!!! 🎁 🌷!cape for MC movie cape,"['viewerSMP', 'playingwithviewers', 'minecraft', 'English', 'hypixel', 'youtuberank', 'bedwars', 'Australia', 'bedrocksmp', 'minecraftserver']",[],False
115,2025-03-25 08:21,Necros,en,Marvel Rivals,[DROPS ENABLED] NO CRASHING ANYMORE SURELY.,"['English', 'spiderman', 'blackpanther', 'DropsEnabled']",[],False
115,2025-03-25 08:21,Beardageddon,en,Sea of Thieves,OBSIDIAN DROPS NOW !td !247 !GS !prime !mobile,"['English', 'Casual', 'Interactive', 'ChatInteraction', 'PvP', 'PvE', 'chill', 'moderated', 'NoPolitics', 'DropsEnabled']",[],True
115,2025-03-25 08:21,Peterbot247Official,en,Fortnite,🔴 PETERBOT TOURNAMENT WATCH PARTY !settings !binds 🔴,['English'],[],False
115,2025-03-25 08:21,volx,en,Fortnite,NEW FORTNITE UPDATE ! !SOCIALS,"['FNCSWINNER', 'bestfortniteplayer', 'pro', 'funny', 'Cashcup', 'Tournament', 'facecam', 'fortnite', 'English', 'Oceania']",[],False
115,2025-03-25 08:21,ClixOffline,en,Fortnite,🔴OFFICIAL CLIX WAITING ROOM🔴,"['English', 'Fortnite', 'Clix', 'Lacy', 'StableRonaldo', 'XSET', 'FaZe', 'Vtuber']",[],False
116,2025-03-25 08:29,August,en,Overwatch 2,🔴!DROPS ON🔴LONG STREAM! FREJAS LAST DAY TIL SHE GETS TAKEN OUT BACK (she dies) MID SEASON PATCH! I Freja playtest w/viewers later!,"['Kiriko', 'Support', 'ADHD', 'Anime', 'Top500', 'English', 'Ana', 'Juno', 'DropsEnabled']",[],False
116,2025-03-25 08:29,Cibergun,es,Minecraft,🎁DROPS MINECRAFT🎁 🟥    Capa GRATIS || Free CAPE  - Java / Bedrock Edition - Con trucos y curiosidades de Minecraft !Cape !drop,"['Minecraft', 'drops', 'Drop', 'minecraft', 'capa', 'drops', 'cape', 'Español', 'Recompensasdeespectador']",[],False
116,2025-03-25 08:30,MrHugo,es,Minecraft,DROPS | CAPA ESPECIAL DE PELICULA DE MINECRAFT | VER DIRECTO 3 MINUTOS! |  Free CAPE | !drops !capa !cape,"['Español', 'minecraft', 'MINECRAFT', 'drops', 'Recompensasdeespectador']",[],False
116,2025-03-25 08:30,madi,en,Minecraft,🚨NEW MINECRAFT CAPE! 🚨 DROPS ENABLED!🔴MINECRAFT MANHUNT WITH VIEWERS!!! 🎁 🌷!cape for MC movie cape,"['viewerSMP', 'playingwithviewers', 'minecraft', 'English', 'hypixel', 'youtuberank', 'bedwars', 'Australia', 'bedrocksmp', 'minecraftserver']",[],False
116,2025-03-25 08:30,Necros,en,Marvel Rivals,[DROPS ENABLED] NO CRASHING ANYMORE SURELY.,"['English', 'spiderman', 'blackpanther', 'DropsEnabled']",[],False
116,2025-03-25 08:30,Beardageddon,en,Sea of Thieves,OBSIDIAN DROPS NOW !td !247 !GS !prime !mobile,"['English', 'Casual', 'Interactive', 'ChatInteraction', 'PvP', 'PvE', 'chill', 'moderated', 'NoPolitics', 'DropsEnabled']",[],True
116,2025-03-25 08:30,GeT_RiGhT,en,Counter-Strike,\\ Tuesday Feels \\ 3v3 tourney later! \\ !Youtube (NEW) !Discord !INUI,"['CS2', 'cs', 'swedish', 'English', 'OG', 'legend', 'onepointsix', 'VarietyGamer', 'watchparty', 'HoF']",['MatureGame'],False
116,2025-03-25 08:30,shoxieJESUSS,fr,Counter-Strike,[J25/31] OBJECTIF 70/30 - 13H 3V3 TOURNAMENT - !INUI !Extension,"['Français', 'English', 'chill', 'games', 'fun', 'Friendly', 'GoodvibesOnly', 'Rediffusion']",['MatureGame'],True
116,2025-03-25 08:30,wabiiisabii,en,Counter-Strike,🔴 2 HOURS OF SLEEP 🔴 -1 FINGER 🔴 OVERLY CAFFEINATED GAMEPLAY🔴!knify,"['English', 'Esports', 'washedplayer', 'INSANEGAMEPLAY', 'CS2', 'counterstrike', 'KNIFYGG']",['MatureGame'],False
117,2025-03-25 08:41,August,en,Overwatch 2,🔴!DROPS ON🔴LONG STREAM! FREJAS LAST DAY TIL SHE GETS TAKEN OUT BACK (she dies) MID SEASON PATCH! I Freja playtest w/viewers later!,"['Kiriko', 'Support', 'ADHD', 'Anime', 'Top500', 'English', 'Ana', 'Juno', 'DropsEnabled']",[],False
117,2025-03-25 08:41,Cibergun,es,Minecraft,🎁DROPS MINECRAFT🎁 🟥    Capa GRATIS || Free CAPE  - Java / Bedrock Edition - Con trucos y curiosidades de Minecraft !Cape !drop,"['Minecraft', 'drops', 'Drop', 'minecraft', 'capa', 'drops', 'cape', 'Español', 'Recompensasdeespectador']",[],False
117,2025-03-25 08:41,MrHugo,es,Minecraft,DROPS | CAPA ESPECIAL DE PELICULA DE MINECRAFT | VER DIRECTO 3 MINUTOS! |  Free CAPE | !drops !capa !cape,"['Español', 'minecraft', 'MINECRAFT', 'drops', 'Recompensasdeespectador']",[],False
117,2025-03-25 08:41,madi,en,Minecraft,🚨NEW MINECRAFT CAPE! 🚨 DROPS ENABLED!🔴MINECRAFT MANHUNT WITH VIEWERS!!! 🎁 🌷!cape for MC movie cape,"['viewerSMP', 'playingwithviewers', 'minecraft', 'English', 'hypixel', 'youtuberank', 'bedwars', 'Australia', 'bedrocksmp', 'minecraftserver']",[],False
117,2025-03-25 08:41,Necros,en,Marvel Rivals,[DROPS ENABLED] NO CRASHING ANYMORE SURELY.,"['English', 'spiderman', 'blackpanther', 'DropsEnabled']",[],False
117,2025-03-25 08:41,renyan,en,Counter-Strike,⚠️ EXTREMELY FAST GAMER ⚠️ !csmoney !deskmat,['English'],['MatureGame'],False
117,2025-03-25 08:41,absurtxxx,ru,ROBLOX,Хомяк головного МОЗГА?  29/50 ДНЕЙ НАБОРА 2К 💥 !команды,"['Русский', 'rivals', 'Хомяк', 'слабость', 'общение', 'игра']",[],False
117,2025-03-25 08:41,izir_2,ru,ROBLOX,Играем ник isir_2,"['Roblox', 'izir', 'Русский', 'doors', 'общение', 'общение', 'весело', 'rivals', 'соперники', 'minecrafit']",[],False
117,2025-03-25 08:41,mr_jface,en,ROBLOX,FISCHLIFE(SCYLLA HUNT)!!!(CODE JFACE) !roblox !discord,"['fortnite', 'engagement', 'roblox', 'funny', 'English', 'Fisch', 'spanish', 'FischRoblox', 'playingwithhviewers', 'Multiplayer']",[],False
118,2025-03-25 12:02,August,en,Overwatch 2,🔴!DROPS ON🔴LONG STREAM! FREJAS LAST DAY TIL SHE GETS TAKEN OUT BACK (she dies) MID SEASON PATCH! I Freja playtest w/viewers later!,"['Kiriko', 'Support', 'ADHD', 'Anime', 'Top500', 'English', 'Ana', 'Juno', 'DropsEnabled']",[],False
118,2025-03-25 12:02,Cibergun,es,Minecraft,🎁DROPS MINECRAFT  - [24/7]🎁 🟥    Capa GRATIS || Free CAPE  - Java / Bedrock Edition - Con trucos y curiosidades de Minecraft !Cape !drop,"['Minecraft', 'drops', 'Drop', 'minecraft', 'capa', 'drops', 'cape', 'Español', 'Recompensasdeespectador']",[],False
118,2025-03-25 12:02,MrHugo,es,Minecraft,DROPS | CAPA ESPECIAL DE PELICULA DE MINECRAFT | VER DIRECTO 3 MINUTOS! |  Free CAPE | !drops !capa !cape,"['Español', 'minecraft', 'MINECRAFT', 'drops', 'Recompensasdeespectador']",[],False
118,2025-03-25 12:02,Necros,en,Marvel Rivals,[DROPS ENABLED] NO CRASHING ANYMORE SURELY.,"['English', 'spiderman', 'blackpanther', 'DropsEnabled']",[],False
118,2025-03-25 12:02,BoxyFresh,en,Sea of Thieves,🏴‍☠️OBSIDIAN DROPS🏴‍☠️  TTS 500  !latest !merch !art,"['English', 'LordofFrenziedFlame', 'OnlyUpChampion', 'SubnauticaFirefighter', 'ProLegoBuilder', 'PuzzleMaster', 'AmateurAstronomer', 'DropsEnabled']",[],False
118,2025-03-25 12:02,x2Twins,en,Minecraft,minecraft yoooo,"['English', 'ViewerRewards']",[],False
118,2025-03-25 12:02,Matrixis,en,Minecraft,The AE system has begun | #ad !subgoal !cc - ATM 10,"['English', 'UK', 'British', 'NotPG', 'bald', 'Survival', 'FTBPartner', 'Modded', '1440p', 'ViewerRewards']",[],True
118,2025-03-25 12:02,Kendrisite,en,Minecraft,TODAY'S PATCH DAY! !joinmc,"['Veteran', 'Autism', 'FamilyFriendly', 'LurkersWelcome', 'SafeSpace', 'ChillVibes', 'LurkerFriendly', 'Cozy', 'DisabledVeteran', 'minecraft']",[],False
118,2025-03-25 12:02,Luna_Cupcake,en,Minecraft,SolarPunk Windmill Build! Wilderness SMP | !B4B | !bisect | !rogue | @luna_cupcake,"['English', 'minecraft', 'minecraftsurvival', 'SMP', 'fantasy', 'LGBTQIAPIus', 'survival', 'minecraftbuilds', 'ViewerRewards']",[],False
119,2025-03-25 12:10,August,en,Overwatch 2,🔴!DROPS ON🔴LONG STREAM! FREJAS LAST DAY TIL SHE GETS TAKEN OUT BACK (she dies) MID SEASON PATCH! I Freja playtest w/viewers later!,"['Kiriko', 'Support', 'ADHD', 'Anime', 'Top500', 'English', 'Ana', 'Juno', 'DropsEnabled']",[],False
119,2025-03-25 12:10,Cibergun,es,Minecraft,🎁DROPS MINECRAFT  - [24/7]🎁 🟥    Capa GRATIS || Free CAPE  - Java / Bedrock Edition - Con trucos y curiosidades de Minecraft !Cape !drop,"['Minecraft', 'drops', 'Drop', 'minecraft', 'capa', 'drops', 'cape', 'Español', 'Recompensasdeespectador']",[],False
119,2025-03-25 12:10,MrHugo,es,Minecraft,DROPS | CAPA ESPECIAL DE PELICULA DE MINECRAFT | VER DIRECTO 3 MINUTOS! |  Free CAPE | !drops !capa !cape,"['Español', 'minecraft', 'MINECRAFT', 'drops', 'Recompensasdeespectador']",[],False
119,2025-03-25 12:10,Necros,en,Marvel Rivals,[DROPS ENABLED] NO CRASHING ANYMORE SURELY.,"['English', 'spiderman', 'blackpanther', 'DropsEnabled']",[],False
119,2025-03-25 12:10,BoxyFresh,en,Sea of Thieves,🏴‍☠️OBSIDIAN DROPS🏴‍☠️  TTS 500  !latest !merch !art,"['English', 'LordofFrenziedFlame', 'OnlyUpChampion', 'SubnauticaFirefighter', 'ProLegoBuilder', 'PuzzleMaster', 'AmateurAstronomer', 'DropsEnabled']",[],False
119,2025-03-25 12:10,x2Twins,en,Minecraft,minecraft yoooo,"['English', 'ViewerRewards']",[],False
119,2025-03-25 12:10,xoWilough,en,Co-working & Studying,Cozy Co-working for the Soul | Lofi & Productivity | 03.25.25 | !sweet !kofi,"['CoWorking', 'Productivity', 'Black', 'Cozy', 'BodyDoubling', 'Canada', 'supersweetbot', 'StudyWithMe', 'SensoryFriendly', 'workfromhome']",[],False
119,2025-03-25 12:11,goldenmirmy,en,Co-working & Studying,hello! let's co-work/study! ♡♡ !task !done,"['cozyvibes', 'English', 'chill', 'coworkingstream', 'BodyDoubling', 'WFH', 'workfromhome', 'studywithme', 'PomodoroMethod', 'SuperSweetBot']",[],False
119,2025-03-25 12:11,Rosannatxt,en,Co-working & Studying,☕ FOCUS WITH ME ⏐ 50/10 Pomodoro ⏐ !about !OperaGX !news,"['English', 'LGBTQIAPlus', 'ADHD', 'Chatty', 'CoWorking', 'SuperSweetBot']",[],False
120,2025-03-25 12:19,August,en,Overwatch 2,🔴!DROPS ON🔴LONG STREAM! FREJAS LAST DAY TIL SHE GETS TAKEN OUT BACK (she dies) MID SEASON PATCH! I Freja playtest w/viewers later!,"['Kiriko', 'Support', 'ADHD', 'Anime', 'Top500', 'English', 'Ana', 'Juno', 'DropsEnabled']",[],False
120,2025-03-25 12:19,Cibergun,es,Minecraft,🎁DROPS MINECRAFT  - [24/7]🎁 🟥    Capa GRATIS || Free CAPE  - Java / Bedrock Edition - Con trucos y curiosidades de Minecraft !Cape !drop,"['Minecraft', 'drops', 'Drop', 'minecraft', 'capa', 'drops', 'cape', 'Español', 'Recompensasdeespectador']",[],False
120,2025-03-25 12:19,MrHugo,es,Minecraft,DROPS | CAPA ESPECIAL DE PELICULA DE MINECRAFT | VER DIRECTO 3 MINUTOS! |  Free CAPE | !drops !capa !cape,"['Español', 'minecraft', 'MINECRAFT', 'drops', 'Recompensasdeespectador']",[],False
120,2025-03-25 12:19,Necros,en,Marvel Rivals,[DROPS ENABLED] NO CRASHING ANYMORE SURELY.,"['English', 'spiderman', 'blackpanther', 'DropsEnabled']",[],False
120,2025-03-25 12:19,BoxyFresh,en,Sea of Thieves,🏴‍☠️OBSIDIAN DROPS🏴‍☠️  TTS 500  !latest !merch !art,"['English', 'LordofFrenziedFlame', 'OnlyUpChampion', 'SubnauticaFirefighter', 'ProLegoBuilder', 'PuzzleMaster', 'AmateurAstronomer', 'DropsEnabled']",[],False
120,2025-03-25 12:19,x2Twins,en,Minecraft,minecraft yoooo,"['English', 'ViewerRewards']",[],False
120,2025-03-25 12:19,BorasLegend,en,EA Sports FC 25,HUGE EVO DAY!!,['English'],[],False
120,2025-03-25 12:19,Paddy,en,EA Sports FC 25,🔥12 Hour Stream🔥 Main + RTG Grinding🔥Trent Gone 🔥,"['mrpaddymurphy', 'fc25', 'futchamps', 'champs', 'irish', 'English', 'lfc', 'liverpool', 'football']",[],False
120,2025-03-25 12:19,Ollelito_,en,EA Sports FC 25,GULLIT SBC AND SOME RIVALS GRIND!!  !instagram !Youtube !tiktok,['English'],[],False
121,2025-03-25 16:01,MrHugo,es,Minecraft,DROPS | CAPA ESPECIAL DE PELICULA DE MINECRAFT | VER DIRECTO 3 MINUTOS! |  Free CAPE | !drops !capa !cape,"['Español', 'minecraft', 'MINECRAFT', 'drops', 'Recompensasdeespectador']",[],False
121,2025-03-25 16:01,PhuzzyBond,en,Sea of Thieves,!Drops | 8Hours | 🫖Good Vibes | 💚💜 Get SoT at 65% off !games,"['ClosedCaptions', 'LongSilkyHair', 'FamilyFriendly', 'SeaOfThievesPartner', 'ASMR', 'English', 'Chill', 'GoodVibes', 'DropsEnabled']",[],False
121,2025-03-25 16:02,Cibergun,es,Minecraft,🎁DROPS MINECRAFT  - [24/7]🎁 🟥    Capa GRATIS || Free CAPE  - Java / Bedrock Edition - Con trucos y curiosidades de Minecraft !Cape !drop,"['Minecraft', 'drops', 'Drop', 'minecraft', 'capa', 'drops', 'cape', 'Español', 'Recompensasdeespectador']",[],False
121,2025-03-25 16:02,Dantes,en,League of Legends,BEST HEC WORLD - ASSASSIN HECARIM DOMINATION - GM 665LP START,['English'],[],False
121,2025-03-25 16:02,BoxyFresh,en,Sea of Thieves,🏴‍☠️OBSIDIAN DROPS🏴‍☠️  TTS 500  !latest !merch !art,"['English', 'LordofFrenziedFlame', 'OnlyUpChampion', 'SubnauticaFirefighter', 'ProLegoBuilder', 'PuzzleMaster', 'AmateurAstronomer', 'DropsEnabled']",[],False
121,2025-03-25 16:02,AuzioMF,en,EA Sports FC 25,ELITE RIVALS GRIND! 🚨 !433 !prime !tts @AuzioMF,"['English', 'football']",[],False
121,2025-03-25 16:02,JWantedL,en,Overwatch 2,[DROPS ENABLED] 🟢 RANK 1 CASSIDY + OPEN QUEUE SHENANIGANS + GOOD VIEBS !youtube !discord,"['English', 'Chinese中文', 'DropsEnabled']",[],False
121,2025-03-25 16:02,choiceisme,en,Overwatch 2,[DROPS ON] 6v6 then pugs later?,"['English', 'Top500', 'DropsEnabled']",[],False
121,2025-03-25 16:02,TeamCaptain001,en,Marvel Rivals,[DROPS]GRINDING RANKED TODAY😎CLIMBING THE LADDER OF NO LIFE😤 ONE ABOVE ALL GAMING | !video !guide !cosplay !TTS,"['Scottish', 'GInger', 'ｖtuber', 'Sexyboy', 'forsen', 'English', 'wolverine', 'ADHD', 'top500', 'DropsEnabled']",[],False
122,2025-03-25 16:09,MrHugo,es,Minecraft,DROPS | CAPA ESPECIAL DE PELICULA DE MINECRAFT | VER DIRECTO 3 MINUTOS! |  Free CAPE | !drops !capa !cape,"['Español', 'minecraft', 'MINECRAFT', 'drops', 'Recompensasdeespectador']",[],False
122,2025-03-25 16:09,Cibergun,es,Minecraft,🎁DROPS MINECRAFT  - [24/7]🎁 🟥    Capa GRATIS || Free CAPE  - Java / Bedrock Edition - Con trucos y curiosidades de Minecraft !Cape !drop,"['Minecraft', 'drops', 'Drop', 'minecraft', 'capa', 'drops', 'cape', 'Español', 'Recompensasdeespectador']",[],False
122,2025-03-25 16:09,BigBadSnowdon,en,Fortnite,🔥VIEWER GAMES🔥NEW UPDATE🔥 WHO IS THE BEST,"['English', 'adhd', 'british', 'bald', 'fortnite', 'customs']",[],False
122,2025-03-25 16:09,PhuzzyBond,en,Sea of Thieves,!Drops | 8Hours | 🫖Good Vibes | 💚💜 Get SoT at 65% off !games,"['ClosedCaptions', 'LongSilkyHair', 'FamilyFriendly', 'SeaOfThievesPartner', 'ASMR', 'English', 'Chill', 'GoodVibes', 'DropsEnabled']",[],False
122,2025-03-25 16:09,Emongg,en,Overwatch 2,[!DROPS ENABLED] OVERWATCH 2 CLASSIC GOATS GAMING + WIFE BINGO CARD,"['English', 'DropsEnabled']",[],False
122,2025-03-25 16:09,Dantes,en,League of Legends,BEST HEC WORLD - ASSASSIN HECARIM DOMINATION - GM 665LP START,['English'],[],False
122,2025-03-25 16:09,kayjii,en,Marvel Rivals,[DROPS ENABLED] TOP 500 STRATEGIST (EDUCATIONAL) | KAYJII.COM,"['Competitive', 'English', 'Educational', 'Top500', 'Strategist', 'CloakAndDagger', 'InvisibleWoman', 'Luna', 'Mantis', 'Drops']",[],False
122,2025-03-25 16:10,Andr3wOW,en,Marvel Rivals,"[DROPS ENABLED] ☆ #1 VENOM GLOBAL ""whyAndr3w"" ☆ VORTEX X ANDR3W COLLAB !vortex !pc","['English', 'Venom', 'Magneto', 'Competitive', 'Vanguard', 'Educational', 'Top500', 'DropsEnabled']",[],False
122,2025-03-25 16:10,Jay3,en,Marvel Rivals,[DROPS] the KING of the sea | Follow socials --> @jay3,"['FPS', 'Shooter', 'Multiplayer', 'English', 'DropsEnabled']",[],False
123,2025-03-25 16:19,MrHugo,es,Minecraft,DROPS | CAPA ESPECIAL DE PELICULA DE MINECRAFT | VER DIRECTO 3 MINUTOS! |  Free CAPE | !drops !capa !cape,"['Español', 'minecraft', 'MINECRAFT', 'drops', 'Recompensasdeespectador']",[],False
123,2025-03-25 16:19,Cibergun,es,Minecraft,🎁DROPS MINECRAFT  - [24/7]🎁 🟥    Capa GRATIS || Free CAPE  - Java / Bedrock Edition - Con trucos y curiosidades de Minecraft !Cape !drop,"['Minecraft', 'drops', 'Drop', 'minecraft', 'capa', 'drops', 'cape', 'Español', 'Recompensasdeespectador']",[],False
123,2025-03-25 16:19,PhuzzyBond,en,Sea of Thieves,!Drops | 8Hours | 🫖Good Vibes | 💚💜 Get SoT at 65% off !games,"['ClosedCaptions', 'LongSilkyHair', 'FamilyFriendly', 'SeaOfThievesPartner', 'ASMR', 'English', 'Chill', 'GoodVibes', 'DropsEnabled']",[],False
123,2025-03-25 16:19,BigBadSnowdon,en,Fortnite,🔥VIEWER GAMES🔥NEW UPDATE🔥 WHO IS THE BEST,"['English', 'adhd', 'british', 'bald', 'fortnite', 'customs']",[],False
123,2025-03-25 16:19,Emongg,en,Overwatch 2,[!DROPS ENABLED] OVERWATCH 2 CLASSIC GOATS GAMING + WIFE BINGO CARD,"['English', 'DropsEnabled']",[],False
123,2025-03-25 16:19,BoxyFresh,en,Sea of Thieves,🏴‍☠️OBSIDIAN DROPS🏴‍☠️  TTS 500  !latest !merch !art,"['English', 'LordofFrenziedFlame', 'OnlyUpChampion', 'SubnauticaFirefighter', 'ProLegoBuilder', 'PuzzleMaster', 'AmateurAstronomer', 'DropsEnabled']",[],False
123,2025-03-25 16:19,NPCeelie,en,Fallout: New Vegas,✨Your Deathclaw Waifu Explores the Mojave ✨,"['Vtuber', 'English', '18Plus', 'Hag', 'girlfailure', 'Shapeshifter', 'Modded', 'Failwife', 'Seisorta', 'Monstergirl']",['MatureGame'],False
123,2025-03-25 16:19,Pink_Umbrella,en,Palia,[drops] new update hype! {palia partner} 🌷 !pp 88/100 month 2 🌷 !mutualaid,"['Black', 'Québec', 'Captions', 'English', 'LegendaryWomen', 'woman', 'Palia']",[],False
123,2025-03-25 16:19,xlent,en,Just Chatting,Time to go Berserk❤️18+❤️Streamy McStreamathon❤️Scottish and you know it ❤️,"['English', 'British', 'Scottish', 'ENVtuber', 'Vtuber', 'playingwithhviewers', 'UK', 'CasualGamer', 'Anime', 'LGBTQ']",[],False
124,2025-03-25 20:01,FroggerOW,en,Overwatch 2,[DROPS ON!] YES... GIVE ME MY LOOTBOXES... YUMMY YUMMY....,"['Australian', 'English', 'DropsEnabled']",[],False
124,2025-03-25 20:01,MrHugo,es,Minecraft,DROPS | CAPA ESPECIAL DE PELICULA DE MINECRAFT | VER DIRECTO 3 MINUTOS! |  Free CAPE | !drops !capa !cape,"['Español', 'minecraft', 'MINECRAFT', 'drops', 'Recompensasdeespectador']",[],False
124,2025-03-25 20:01,Cibergun,es,Minecraft,🎁DROPS MINECRAFT  - [24/7]🎁 🟥    Capa GRATIS || Free CAPE  - Java / Bedrock Edition - Con trucos y curiosidades de Minecraft !Cape !drop,"['Minecraft', 'drops', 'Drop', 'minecraft', 'capa', 'drops', 'cape', 'Español', 'Recompensasdeespectador']",[],False
124,2025-03-25 20:02,Aspen,en,Overwatch 2,[!DROPS] HARDSTUCK CHAMPION 6V6..... !newvid,"['English', 'DropsEnabled']",[],False
124,2025-03-25 20:02,Dantes,en,League of Legends,BEST HEC WORLD - ASSASSIN HECARIM DOMINATION - GM 665LP START,['English'],[],False
124,2025-03-25 20:02,KreekCraft,en,ROBLOX,YOUTUBE VS TIKTOK WAR!!! 🚨 YOUTUBE SHORTS COLONIZATION 🚨 MARCH 25TH 🚨 ROBUX GIVEAWAY 🚨 ROBLOX LIVE,"['roblox', 'robux', 'ADHD', 'chill', 'LOUD', 'gaming', 'funny', 'Chatty', 'Cozy', 'gamer']",[],False
124,2025-03-25 20:02,Spaceboy,en,Grand Theft Auto V,james randal - PRP | !GG | !DISPLATE,"['ExtremelyCool', 'CarNerd', 'Old', 'JamesRandal', 'English', 'SpaceboyClips', 'HankCliff']",['MatureGame'],True
124,2025-03-25 20:02,Snowthisway,en,DayZ,DayZ with Sput,"['FiveM', 'Dev', 'Development', 'fivem', 'roleplay', 'rp', 'gtarp', 'fivemrp', 'purplerp', 'prp']",['MatureGame'],False
124,2025-03-25 20:02,Burn,en,inZOI,Making myself? - GIVE IT UP FOR DAY 2 DAY 2!!!,"['English', 'FurryStreamer', 'depression', 'Roleplay', 'VoiceActor', 'gaming', 'FirstPlaythough', 'BackseatGamingAllowed', 'Variety']",[],False
125,2025-03-25 20:13,FroggerOW,en,Overwatch 2,[DROPS ON!] YES... GIVE ME MY LOOTBOXES... YUMMY YUMMY....,"['Australian', 'English', 'DropsEnabled']",[],False
125,2025-03-25 20:13,MrHugo,es,Minecraft,DROPS | CAPA ESPECIAL DE PELICULA DE MINECRAFT | VER DIRECTO 3 MINUTOS! |  Free CAPE | !drops !capa !cape,"['Español', 'minecraft', 'MINECRAFT', 'drops', 'Recompensasdeespectador']",[],False
125,2025-03-25 20:13,Cibergun,es,Minecraft,🎁DROPS MINECRAFT  - [24/7]🎁 🟥    Capa GRATIS || Free CAPE  - Java / Bedrock Edition - Con trucos y curiosidades de Minecraft !Cape !drop,"['Minecraft', 'drops', 'Drop', 'minecraft', 'capa', 'drops', 'cape', 'Español', 'Recompensasdeespectador']",[],False
125,2025-03-25 20:13,Aspen,en,Overwatch 2,[!DROPS] HARDSTUCK CHAMPION 6V6..... !newvid,"['English', 'DropsEnabled']",[],False
125,2025-03-25 20:13,Dantes,en,League of Legends,BEST HEC WORLD - ASSASSIN HECARIM DOMINATION - GM 665LP START,['English'],[],False
125,2025-03-25 20:13,KreekCraft,en,ROBLOX,YOUTUBE VS TIKTOK WAR!!! 🚨 YOUTUBE SHORTS COLONIZATION 🚨 MARCH 25TH 🚨 ROBUX GIVEAWAY 🚨 ROBLOX LIVE,"['roblox', 'robux', 'ADHD', 'chill', 'LOUD', 'gaming', 'funny', 'Chatty', 'Cozy', 'gamer']",[],False
125,2025-03-25 20:13,Grubby,en,Warcraft III,HOTS w/ syndereN -> WC3 new ELF BEGINNER & INTERMEDIATE GUIDES -> RANKED WC3 PLAY | !PTR,['English'],[],False
125,2025-03-25 20:14,Xaryu,en,World of Warcraft,ARE WE ALIVE? 💀 <ONLYFANGS> DEAD OR ALIVE? 💀 HARDMODE 4 NAXXRAMMAS TODAY! 💀 COMPLETING ATIESH TODAY????,['English'],[],True
125,2025-03-25 20:14,Pikabooirl,en,World of Warcraft,EARLY STREAM HYPEE PLAYING EVERYTHING !youtube,['English'],[],False
126,2025-03-25 20:21,FroggerOW,en,Overwatch 2,[DROPS ON!] YES... GIVE ME MY LOOTBOXES... YUMMY YUMMY....,"['Australian', 'English', 'DropsEnabled']",[],False
126,2025-03-25 20:22,MrHugo,es,Minecraft,DROPS | CAPA ESPECIAL DE PELICULA DE MINECRAFT | VER DIRECTO 3 MINUTOS! |  Free CAPE | !drops !capa !cape,"['Español', 'minecraft', 'MINECRAFT', 'drops', 'Recompensasdeespectador']",[],False
126,2025-03-25 20:22,Cibergun,es,Minecraft,🎁DROPS MINECRAFT  - [24/7]🎁 🟥    Capa GRATIS || Free CAPE  - Java / Bedrock Edition - Con trucos y curiosidades de Minecraft !Cape !drop,"['Minecraft', 'drops', 'Drop', 'minecraft', 'capa', 'drops', 'cape', 'Español', 'Recompensasdeespectador']",[],False
126,2025-03-25 20:22,Aspen,en,Overwatch 2,[!DROPS] HARDSTUCK CHAMPION 6V6..... !newvid,"['English', 'DropsEnabled']",[],False
126,2025-03-25 20:22,Dantes,en,League of Legends,BEST HEC WORLD - ASSASSIN HECARIM DOMINATION - GM 665LP START,['English'],[],False
126,2025-03-25 20:22,KreekCraft,en,ROBLOX,YOUTUBE VS TIKTOK WAR!!! 🚨 YOUTUBE SHORTS COLONIZATION 🚨 MARCH 25TH 🚨 ROBUX GIVEAWAY 🚨 ROBLOX LIVE,"['roblox', 'robux', 'ADHD', 'chill', 'LOUD', 'gaming', 'funny', 'Chatty', 'Cozy', 'gamer']",[],False
126,2025-03-25 20:22,Akolon29,en,ROBLOX,Huge Drops!💎 PS99 💎 75 Viewer Titanic Giveaway Goal,"['Chill', 'Anime', 'Depression', 'Funny', 'ADHD', 'English']",[],False
126,2025-03-25 20:22,noobieshaun,en,ROBLOX,✨Dig The Backyard🍀 | 💵 First Sponsor? 💸 | !roblox !group! discord !yt !tiktok,"['English', 'SongRequests', 'Fisch', 'Giveaways', 'vibesandchill', 'LurkerFriendly', 'roblox']",[],False
126,2025-03-25 20:22,MexiPlay69,en,ROBLOX,XP GRINDING +18,"['english', 'america', 'fisch', 'English']",[],False
127,2025-03-26 00:05,KarQ,en,Overwatch 2,[!DROPS ENABLED] new MAUGA NERF patch & 6v6 ranked,"['English', 'DropsEnabled']",[],False
127,2025-03-26 00:05,Cibergun,es,Minecraft,🎁DROPS MINECRAFT  - [24/7]🎁 🟥    Capa GRATIS || Free CAPE  - Java / Bedrock Edition - Con trucos y curiosidades de Minecraft !Cape !drop,"['Minecraft', 'drops', 'Drop', 'minecraft', 'capa', 'drops', 'cape', 'Español', 'Recompensasdeespectador']",[],False
127,2025-03-26 00:06,Warn,en,Overwatch 2,[!DROPS] #1 ASHE 🔴 6V6 RANKED -> GRANDMASTERS 🔴 LOOTBOX DROPS HERE 🔴 POKEMON PACKS 🔴 GOATS CLASSIC MODE 🔴 NEW USA !pobox 🔴 !youtube,"['Overwatch', 'Competitive', 'ADHD', 'Drops', 'English', 'DropsEnabled']",[],False
127,2025-03-26 00:06,Sneegsnag,en,R.E.P.O.,GOING CRAZY w/ @vgumiho @foolish @badboyhalo @antfrost @velvetiscake,"['English', 'ADHD', 'farts']",[],False
127,2025-03-26 00:06,Sigy,en,Sea of Thieves,🔴OBSIDIAN !DROPS🔴Subscribe to the SECOND CHANNEL!🔴16/100 days in a row🔴,"['English', 'DropsEnabled']",[],True
127,2025-03-26 00:06,MrJashon,en,Minecraft,{CAPE DROPS ON!} 🌎MINECRAFT REALMS WITH VIEWERS!🌎  !discord !instagram !drops,"['English', 'ADHD', 'skinny', 'mukbang', 'gamer', '6feet2', 'drops', 'event', 'ViewerRewards']",['ProfanityVulgarity'],False
127,2025-03-26 00:06,chiquetemx,es,Minecraft,✅SERVER BEDROCK✅📌𝗗𝗜𝗔 𝟯📌 servidor para todos,"['Español', 'Tijuana', 'minecraftlivestremaing', 'Repetir', 'Mexico', 'Recompensasdeespectador']",[],True
127,2025-03-26 00:06,HellG__,es,Minecraft,Minecraft Hardcore +3100 Días | +2 Años,"['Argentina', 'minecraft', 'HellG', 'Español', 'futbol', 'Recompensasdeespectador']",[],False
127,2025-03-26 00:06,ElKiroLS,es,Minecraft,Estamos en un APOCALIPSIS ZOMBIE con kiro #1 (Cursed Walking),"['elkirols', 'ElKiroLS', 'Mèxico', 'Español', 'minecraft', 'Recompensasdeespectador']",[],False
128,2025-03-26 00:17,Sigy,en,Sea of Thieves,🔴OBSIDIAN !DROPS🔴Subscribe to the SECOND CHANNEL!🔴16/100 days in a row🔴,"['English', 'DropsEnabled']",[],True
128,2025-03-26 00:17,Cibergun,es,Minecraft,🎁DROPS MINECRAFT  - [24/7]🎁 🟥    Capa GRATIS || Free CAPE  - Java / Bedrock Edition - Con trucos y curiosidades de Minecraft !Cape !drop,"['Minecraft', 'drops', 'Drop', 'minecraft', 'capa', 'drops', 'cape', 'Español', 'Recompensasdeespectador']",[],False
128,2025-03-26 00:17,MrHugo,es,Minecraft,DROPS | CAPA ESPECIAL DE PELICULA DE MINECRAFT | VER DIRECTO 3 MINUTOS! |  Free CAPE | !drops !capa !cape,"['Español', 'minecraft', 'MINECRAFT', 'drops', 'Recompensasdeespectador']",[],False
128,2025-03-26 00:17,Aspen,en,Overwatch 2,[!DROPS] HARDSTUCK CHAMPION 6V6..... !newvid,"['English', 'DropsEnabled']",[],False
128,2025-03-26 00:17,LeooKnightus,en,Minecraft,[DROPS] Just Mining on Play.Blossomcraft.Org,"['Minecraft', 'BlossomCraft', 'English', 'drops', 'Variety', 'SMP', 'ViewerRewards']",[],True
128,2025-03-26 00:17,Clix,en,Fortnite,🚨 WINNING TRIO EVAL FINALS | GIVING AWAY CLIX BUNDLES | !merch !code 🚨,['English'],[],False
128,2025-03-26 00:17,iDbz,en,Sea of Thieves,✨OBSIDIAN DROPS HERE✨I GOT PURPLE HAIR w/ @cjshiz ✨Solo guide !SoloGuide✨ !plusprogram !socials,"['English', 'Db', 'French', 'Pvp', 'Tucks', 'Goober', 'DropsEnabled']",[],False
128,2025-03-26 00:17,flotsam,en,Sea of Thieves,✅OBSIDIAN DROPS✅ Solo Sloop PvP | !SAND WAITING ROOM,"['Solo', 'PvP', 'English', 'DropsEnabled']",[],False
128,2025-03-26 00:17,CJSHIZ,en,Sea of Thieves,🟢OBSIDIAN !DROPS 🟢 #1 RANKED ADVENTURE PRO SOTER 🟢 !yt !merch !gfuel !giveaway 🟢,"['PvP', 'SeaOfThievesPartner', 'Giveaway', 'English', 'GFUEL', 'DropsEnabled']",[],False
129,2025-03-26 04:02,theb,en,Sea of Thieves,🟨OBSIDIAN DROPS🟨 EVIL PVP PIRATE STREAM RAHHH 🏴‍☠️🏴‍☠️🏴‍☠️💥💥💥 @crud,"['pvp', 'pirategame', 'lootswindling', 'English', 'DropsEnabled']",[],False
129,2025-03-26 04:02,LeooKnightus,en,Minecraft,[DROPS] Just Mining on Play.Blossomcraft.Org,"['Minecraft', 'BlossomCraft', 'English', 'drops', 'Variety', 'SMP', 'ViewerRewards']",[],True
129,2025-03-26 04:02,Cibergun,es,Minecraft,🎁DROPS MINECRAFT  - [24/7]🎁 🟥    Capa GRATIS || Free CAPE  - Java / Bedrock Edition - Con trucos y curiosidades de Minecraft !Cape !drop,"['Minecraft', 'drops', 'Drop', 'minecraft', 'capa', 'drops', 'cape', 'Español', 'Recompensasdeespectador']",[],False
129,2025-03-26 04:02,MrHugo,es,Minecraft,DROPS | CAPA ESPECIAL DE PELICULA DE MINECRAFT | VER DIRECTO 3 MINUTOS! |  Free CAPE | !drops !capa !cape,"['Español', 'minecraft', 'MINECRAFT', 'drops', 'Recompensasdeespectador']",[],False
129,2025-03-26 04:02,procedural_,en,Sea of Thieves,OBSIDIAN DROPS! + Solo Sloop PVP,"['PVP', 'Pirate', 'SeaOfThieves', 'Chill', 'English', 'Piano', 'SeaOfThievesPartner', 'Drops', 'DropsEnabled']",[],False
129,2025-03-26 04:02,gkey,en,Minecraft,"🟪[DROPS ON]🟪16,500+ DAYS Hardcore Minecraft🟪!project !tour !socials🟪","['English', 'ViewerRewards']",[],False
129,2025-03-26 04:02,crud,en,Sea of Thieves,[CRUDSIDIAN !DROPS] crudstream ft @theb,"['English', 'crudgoblin', 'crudfest', 'chatreader', 'seaofthieves', 'Completionist', 'OCE', 'Australia', 'SeaofThievesgameplay', 'Tall']",[],False
129,2025-03-26 04:02,Spar,en,Sea of Thieves,✅DROPS✅🎮yuppers🎮| !zach !giveaway !madrinas,"['PVP', 'PVE', 'English', 'coolin', 'SeaOfThievesPartner', 'TacoBellEnthusiast', 'DropsEnabled']",[],False
129,2025-03-26 04:02,rainorshinegaming,en,Sea of Thieves,🐟Obsidian Drops🐟  Reaper Madness !discord !cult,"['chill', 'Casual', 'Vtuber', 'ENVtuber', 'Comfortstreamer', 'Comfy', 'cringe', 'cult', 'English', 'SafeSpace']",[],False
130,2025-03-26 04:10,Sponge,en,Sea of Thieves,🟡!DROPS🟡PRO SOLOS🟡,"['Pro', 'PvP', 'English', 'DropsEnabled']",[],False
130,2025-03-26 04:10,LeooKnightus,en,Minecraft,[DROPS] Just Mining on Play.Blossomcraft.Org,"['Minecraft', 'BlossomCraft', 'English', 'drops', 'Variety', 'SMP', 'ViewerRewards']",[],True
130,2025-03-26 04:10,theb,en,Sea of Thieves,🟨OBSIDIAN DROPS🟨 EVIL PVP PIRATE STREAM RAHHH 🏴‍☠️🏴‍☠️🏴‍☠️💥💥💥 @crud,"['pvp', 'pirategame', 'lootswindling', 'English', 'DropsEnabled']",[],False
130,2025-03-26 04:10,Cibergun,es,Minecraft,🎁DROPS MINECRAFT  - [24/7]🎁 🟥    Capa GRATIS || Free CAPE  - Java / Bedrock Edition - Con trucos y curiosidades de Minecraft !Cape !drop,"['Minecraft', 'drops', 'Drop', 'minecraft', 'capa', 'drops', 'cape', 'Español', 'Recompensasdeespectador']",[],False
130,2025-03-26 04:10,procedural_,en,Sea of Thieves,OBSIDIAN DROPS! + Solo Sloop PVP,"['PVP', 'Pirate', 'SeaOfThieves', 'Chill', 'English', 'Piano', 'SeaOfThievesPartner', 'Drops', 'DropsEnabled']",[],False
130,2025-03-26 04:10,MrHugo,es,Minecraft,DROPS | CAPA ESPECIAL DE PELICULA DE MINECRAFT | VER DIRECTO 3 MINUTOS! |  Free CAPE | !drops !capa !cape,"['Español', 'minecraft', 'MINECRAFT', 'drops', 'Recompensasdeespectador']",[],False
130,2025-03-26 04:11,PrimeTimePrimos,en,EA Sports FC 25,🛑LIVE 🎞️🎥 ANOTHER DAY IN THE OFFICE 🎮🕹️👾,"['Playstation', 'Multiplayer', 'playwithViewers', 'Chatty', 'casualplaythrough', 'PrimeTimePrimos', 'English']",[],False
130,2025-03-26 04:11,JamrockTTV,en,EA Sports FC 25,Lock in Fight for our lives  for Rank 3 Rivals+Champs stream@@!!!EAFC25  Ep33 Absolutely no Chill vibes just rage Rewards  Rivals,"['English', 'UKStreamers', 'UK', 'Jamaican', 'EASPORTSFIFA', '876stream']",[],False
130,2025-03-26 04:11,AdidaFC,en,EA Sports FC 25,PRO TOP 200 ELITE RIVALS | !4213 !451,"['English', 'EAFC', 'EAFC25', 'FIFA', 'PRO', 'EASPORTSFC', 'FC25', 'fc25']",[],False
131,2025-03-26 04:21,Sponge,en,Sea of Thieves,🟡!DROPS🟡PRO SOLOS🟡,"['Pro', 'PvP', 'English', 'DropsEnabled']",[],False
131,2025-03-26 04:21,LeooKnightus,en,Minecraft,[DROPS] Just Mining on Play.Blossomcraft.Org,"['Minecraft', 'BlossomCraft', 'English', 'drops', 'Variety', 'SMP', 'ViewerRewards']",[],True
131,2025-03-26 04:21,Cibergun,es,Minecraft,🎁DROPS MINECRAFT  - [24/7]🎁 🟥    Capa GRATIS || Free CAPE  - Java / Bedrock Edition - Con trucos y curiosidades de Minecraft !Cape !drop,"['Minecraft', 'drops', 'Drop', 'minecraft', 'capa', 'drops', 'cape', 'Español', 'Recompensasdeespectador']",[],False
131,2025-03-26 04:21,theb,en,Sea of Thieves,🟨OBSIDIAN DROPS🟨 EVIL PVP PIRATE STREAM RAHHH 🏴‍☠️🏴‍☠️🏴‍☠️💥💥💥 @crud,"['pvp', 'pirategame', 'lootswindling', 'English', 'DropsEnabled']",[],False
131,2025-03-26 04:21,procedural_,en,Sea of Thieves,OBSIDIAN DROPS! + Solo Sloop PVP,"['PVP', 'Pirate', 'SeaOfThieves', 'Chill', 'English', 'Piano', 'SeaOfThievesPartner', 'Drops', 'DropsEnabled']",[],False
131,2025-03-26 04:21,MrHugo,es,Minecraft,DROPS | CAPA ESPECIAL DE PELICULA DE MINECRAFT | VER DIRECTO 3 MINUTOS! |  Free CAPE | !drops !capa !cape,"['Español', 'minecraft', 'MINECRAFT', 'drops', 'Recompensasdeespectador']",[],False
131,2025-03-26 04:21,IShowSpeed0nline,en,Just Chatting,LIVE 🔴 SPEED WATCHALONG 🔴 REACTING TO CHINA MONGOLIA HONG KONG HONGKONG WORLD TOUR 🔴,"['speed', 'sped', 'speeed', 'ishowspeed', 'English']",[],False
131,2025-03-26 04:21,Misonomiso,en,ROBLOX,Welcome to soup! | it is WEDNESDAY | I am chill (ima crash out),"['English', 'roblox', 'marvelrivals', 'SlowLearner', 'Fisch', 'Digit']",[],False
131,2025-03-26 04:21,Zintid,en,ROBLOX,ROBUX GIVEAWAY | !giveaway | !discord | !play FREE ROBUX,"['English', 'Rerun']",[],False
132,2025-03-26 08:02,Cibergun,es,Minecraft,🎁DROPS MINECRAFT  - [24/7]🎁 🟥    Capa GRATIS || Free CAPE  - Java / Bedrock Edition - Con trucos y curiosidades de Minecraft !Cape !drop,"['Minecraft', 'drops', 'Drop', 'minecraft', 'capa', 'drops', 'cape', 'Español', 'Recompensasdeespectador']",[],False
132,2025-03-26 08:02,MrHugo,es,Minecraft,DROPS | CAPA ESPECIAL DE PELICULA DE MINECRAFT | VER DIRECTO 3 MINUTOS! |  Free CAPE | !drops !capa !cape,"['Español', 'minecraft', 'MINECRAFT', 'drops', 'Recompensasdeespectador']",[],False
132,2025-03-26 08:02,theb,en,Sea of Thieves,🟨OBSIDIAN DROPS🟨 EVIL PVP PIRATE STREAM RAHHH 🏴‍☠️🏴‍☠️🏴‍☠️💥💥💥 @crud,"['pvp', 'pirategame', 'lootswindling', 'English', 'DropsEnabled']",[],False
132,2025-03-26 08:02,x2Twins,en,Minecraft,minecraft yooooo,"['English', 'ViewerRewards']",[],False
132,2025-03-26 08:03,flotsam,en,Sea of Thieves,✅OBSIDIAN DROPS✅ Solo Sloop PvP | !SAND WAITING ROOM,"['Solo', 'PvP', 'English', 'DropsEnabled']",[],False
132,2025-03-26 08:03,RivkaOW,en,Overwatch 2,[DROPS] yay overwatch,"['English', 'Australia', 'DropsEnabled']",[],False
132,2025-03-26 08:03,Sumisha,de,inZOI,💕 inZOI-Demo - Vorbereitung auf den EA-Release  | !commands !demo 💕,"['Gemütlich', 'Gesprächig', 'Achtsamkeit', 'Entspannt', 'Liebe', 'Kunterbunt', 'Deutsch']",[],False
132,2025-03-26 08:03,ginaschee,de,The Sims 4,Touring! Community-Projekt: ANZ Save File !anz !youtube,"['safespace', 'cozy', 'sims4', 'cozygames', 'cozystream', 'sims4gameplay', 'simsletsplay', 'deutsch', 'Deutsch']",[],False
132,2025-03-26 08:03,xicanmeow,de,Palia,!DROPS - Palia Update #paliapartner | !gportal | !reishunger | !kofi | FSK 18 | #werbung,"['Deutsch', 'comhuhnity', 'CozyChaos', 'Entspannt', 'ASA', 'SafeSpace', 'PaliaPartner', 'DropsAktiviert']",[],True
133,2025-03-26 08:14,MrHugo,es,Minecraft,DROPS | CAPA ESPECIAL DE PELICULA DE MINECRAFT | VER DIRECTO 3 MINUTOS! |  Free CAPE | !drops !capa !cape,"['Español', 'minecraft', 'MINECRAFT', 'drops', 'Recompensasdeespectador']",[],False
133,2025-03-26 08:14,theb,en,Sea of Thieves,🟨OBSIDIAN DROPS🟨 EVIL PVP PIRATE STREAM RAHHH 🏴‍☠️🏴‍☠️🏴‍☠️💥💥💥 @crud,"['pvp', 'pirategame', 'lootswindling', 'English', 'DropsEnabled']",[],False
133,2025-03-26 08:14,Cibergun,es,Minecraft,🎁DROPS MINECRAFT  - [24/7]🎁 🟥    Capa GRATIS || Free CAPE  - Java / Bedrock Edition - Con trucos y curiosidades de Minecraft !Cape !drop,"['Minecraft', 'drops', 'Drop', 'minecraft', 'capa', 'drops', 'cape', 'Español', 'Recompensasdeespectador']",[],False
133,2025-03-26 08:14,gkey,en,Minecraft,"🟪[DROPS ON]🟪16,500+ DAYS Hardcore Minecraft🟪!project !tour !socials🟪","['English', 'ViewerRewards']",[],False
133,2025-03-26 08:14,x2Twins,en,Minecraft,minecraft yooooo,"['English', 'ViewerRewards']",[],False
133,2025-03-26 08:14,flotsam,en,Sea of Thieves,✅OBSIDIAN DROPS✅ Solo Sloop PvP | !SAND WAITING ROOM,"['Solo', 'PvP', 'English', 'DropsEnabled']",[],False
133,2025-03-26 08:14,Arguz11,en,ROBLOX,FREE ROBUX ON PLS DONATE! Commands on screen!,"['giveaway', 'playingwithviewers', 'roblox', 'plsdonate', 'bloxfruit', 'English', 'Rerun', 'Albion', 'mammoth', 'Silver']",[],False
133,2025-03-26 08:14,Ptmthecool,en,ROBLOX,Getting sjw this stream  | Anime Vanguards !Giveaway  !discord ( BIG news Soon ),"['goodvibes', 'Action', 'English', 'pvp', 'PlayingwWithViewers']",[],False
133,2025-03-26 08:14,botjayttv,en,ROBLOX,✬ PS99 ✬ Huge Craft Simulator ✪ Offical Partner ✪,"['English', 'Deutsch', 'botjaytv', 'RudeStreamer', 'petsimulator99', 'honestman']",[],False
134,2025-03-26 08:21,theb,en,Sea of Thieves,🟨OBSIDIAN DROPS🟨 EVIL PVP PIRATE STREAM RAHHH 🏴‍☠️🏴‍☠️🏴‍☠️💥💥💥 @crud,"['pvp', 'pirategame', 'lootswindling', 'English', 'DropsEnabled']",[],False
134,2025-03-26 08:21,MrHugo,es,Minecraft,DROPS | CAPA ESPECIAL DE PELICULA DE MINECRAFT | VER DIRECTO 3 MINUTOS! |  Free CAPE | !drops !capa !cape,"['Español', 'minecraft', 'MINECRAFT', 'drops', 'Recompensasdeespectador']",[],False
134,2025-03-26 08:21,RivkaOW,en,Overwatch 2,[DROPS] yay overwatch,"['English', 'Australia', 'DropsEnabled']",[],False
134,2025-03-26 08:21,nAts,en,VALORANT,Liquid nAts | On the way to Radiant | !Alienware !match !where !tg !social [RU/ENG],"['English', 'Русский', 'VALORANT']",[],False
134,2025-03-26 08:22,gkey,en,Minecraft,"🟪[DROPS ON]🟪16,500+ DAYS Hardcore Minecraft🟪!project !tour !socials🟪","['English', 'ViewerRewards']",[],False
134,2025-03-26 08:22,Cibergun,es,Minecraft,🎁DROPS MINECRAFT  - [24/7]🎁 🟥    Capa GRATIS || Free CAPE  - Java / Bedrock Edition - Con trucos y curiosidades de Minecraft !Cape !drop,"['Minecraft', 'drops', 'Drop', 'minecraft', 'capa', 'drops', 'cape', 'Español', 'Recompensasdeespectador']",[],False
134,2025-03-26 08:22,Spar,en,Sea of Thieves,✅DROPS✅🎮yuppers🎮| !zach !giveaway !madrinas,"['PVP', 'PVE', 'English', 'coolin', 'SeaOfThievesPartner', 'TacoBellEnthusiast', 'DropsEnabled']",[],False
134,2025-03-26 08:22,Flux,en,Sea of Thieves,🟩 OBSIDIAN DROPS 🟩 REAL PIRATE LEGEND COOKING THE SEAS,"['seaofthieves', 'Pirate', 'English', 'drops', 'Adventure', 'PvP', 'DropsEnabled']",[],False
134,2025-03-26 08:22,ShockwaveZ3R0,en,Sea of Thieves,🏴Viewer🟣Fishing🟣Galleon🏴,"['Solo', 'PvP', 'NoCam', 'English', 'DropsEnabled']",['ProfanityVulgarity'],False
135,2025-03-26 08:29,MrHugo,es,Minecraft,DROPS | CAPA ESPECIAL DE PELICULA DE MINECRAFT | VER DIRECTO 3 MINUTOS! |  Free CAPE | !drops !capa !cape,"['Español', 'minecraft', 'MINECRAFT', 'drops', 'Recompensasdeespectador']",[],False
135,2025-03-26 08:29,theb,en,Sea of Thieves,🟨OBSIDIAN DROPS🟨 EVIL PVP PIRATE STREAM RAHHH 🏴‍☠️🏴‍☠️🏴‍☠️💥💥💥 @crud,"['pvp', 'pirategame', 'lootswindling', 'English', 'DropsEnabled']",[],False
135,2025-03-26 08:29,Cibergun,es,Minecraft,🎁DROPS MINECRAFT  - [24/7]🎁 🟥    Capa GRATIS || Free CAPE  - Java / Bedrock Edition - Con trucos y curiosidades de Minecraft !Cape !drop,"['Minecraft', 'drops', 'Drop', 'minecraft', 'capa', 'drops', 'cape', 'Español', 'Recompensasdeespectador']",[],False
135,2025-03-26 08:29,gkey,en,Minecraft,"🟪[DROPS ON]🟪16,500+ DAYS Hardcore Minecraft🟪!project !tour !socials🟪","['English', 'ViewerRewards']",[],False
135,2025-03-26 08:29,x2Twins,en,Minecraft,minecraft yooooo,"['English', 'ViewerRewards']",[],False
135,2025-03-26 08:29,flotsam,en,Sea of Thieves,✅OBSIDIAN DROPS✅ Solo Sloop PvP | !SAND WAITING ROOM,"['Solo', 'PvP', 'English', 'DropsEnabled']",[],False
135,2025-03-26 08:29,GeT_RiGhT,en,Counter-Strike,⚓ Wednesday Feelings ⚓ NEED VIDEO AT 14CET ⚓  !Youtube (NEW) !Discord !INUI,"['CS2', 'cs', 'swedish', 'English', 'OG', 'legend', 'onepointsix', 'VarietyGamer', 'watchparty', 'HoF']",['MatureGame'],False
135,2025-03-26 08:29,f0rest,en,Counter-Strike,WE BACK HOME!!!,"['Ranked', 'Pro', 'Beard', 'Boomer', 'Genius', 'Friendly', 'Chill', 'Bald', 'English', 'swedish']",['MatureGame'],False
135,2025-03-26 08:29,wabiiisabii,en,Counter-Strike,🔴 -1 FINGER 🔴 OVERLY CAFFEINATED GAMEPLAY🔴!knify !linktree,"['English', 'Esports', 'washedplayer', 'INSANEGAMEPLAY', 'CS2', 'counterstrike', 'KNIFYGG']",['MatureGame'],False
136,2025-03-26 12:02,Cibergun,es,Minecraft,🎁DROPS MINECRAFT  - [24/7]🎁 🟥    Capa GRATIS || Free CAPE  - Java / Bedrock Edition - Con trucos y curiosidades de Minecraft !Cape !drop,"['Minecraft', 'drops', 'Drop', 'minecraft', 'capa', 'drops', 'cape', 'Español', 'Recompensasdeespectador']",[],False
136,2025-03-26 12:02,JonBams,en,Minecraft,DROPS! | MadPack 5: Salty Shores |,"['English', 'ViewerRewards']",['ProfanityVulgarity'],False
136,2025-03-26 12:02,ohnePixel,en,Minecraft,🔴BEATING HARDCORE MINECRAFT WITH @CAEDREL (SHARED HP)🔴,"['English', 'Esports', 'ViewerRewards']",[],False
136,2025-03-26 12:02,renyan,en,Counter-Strike,⚠️ EXTREMELY FAST GAMER ⚠️ !csmoney !deskmat,['English'],['MatureGame'],False
136,2025-03-26 12:02,MrHugo,es,Minecraft,DROPS | CAPA ESPECIAL DE PELICULA DE MINECRAFT | VER DIRECTO 3 MINUTOS! |  Free CAPE | !drops !capa !cape,"['Español', 'minecraft', 'MINECRAFT', 'drops', 'Recompensasdeespectador']",[],False
136,2025-03-26 12:02,Beardageddon,en,Sea of Thieves,OBSIDIAN DROPS NOW !td !247 !GS !prime !mobile w/ @ldsylvr,"['English', 'Casual', 'Interactive', 'ChatInteraction', 'PvP', 'PvE', 'chill', 'moderated', 'NoPolitics', 'DropsEnabled']",[],True
136,2025-03-26 12:02,kraandop,en,Overwatch 2,[!DROPS] 6v6 TODAY?? LET'S TRY AGAIN. !GG,"['Nederlands', 'English', 'DropsEnabled']",[],False
136,2025-03-26 12:02,dafranVODs,en,Overwatch 2,Dafran 24/7 VODs,['English'],[],False
136,2025-03-26 12:03,shadder2k,en,Marvel Rivals,[DROPS ON] RANK 1 JEFF - TOP 500 RANKED,"['English', 'DropsEnabled']",[],False
137,2025-03-26 12:10,Cibergun,es,Minecraft,🎁DROPS MINECRAFT  - [24/7]🎁 🟥    Capa GRATIS || Free CAPE  - Java / Bedrock Edition - Con trucos y curiosidades de Minecraft !Cape !drop,"['Minecraft', 'drops', 'Drop', 'minecraft', 'capa', 'drops', 'cape', 'Español', 'Recompensasdeespectador']",[],False
137,2025-03-26 12:10,JonBams,en,Minecraft,DROPS! | MadPack 5: Salty Shores |,"['English', 'ViewerRewards']",['ProfanityVulgarity'],False
137,2025-03-26 12:10,ohnePixel,en,Minecraft,🔴BEATING HARDCORE MINECRAFT WITH @CAEDREL (SHARED HP)🔴,"['English', 'Esports', 'ViewerRewards']",[],False
137,2025-03-26 12:10,eggwick,en,VALORANT,Can 1 Wallhacking Diamonds Beat 5 Silvers? -> Guess the Rank 🦉 !socials,"['english', 'vtuber', 'English']",[],False
137,2025-03-26 12:11,MrHugo,es,Minecraft,DROPS | CAPA ESPECIAL DE PELICULA DE MINECRAFT | VER DIRECTO 3 MINUTOS! |  Free CAPE | !drops !capa !cape,"['Español', 'minecraft', 'MINECRAFT', 'drops', 'Recompensasdeespectador']",[],False
137,2025-03-26 12:11,Beardageddon,en,Sea of Thieves,OBSIDIAN DROPS NOW !td !247 !GS !prime !mobile w/ @ldsylvr,"['English', 'Casual', 'Interactive', 'ChatInteraction', 'PvP', 'PvE', 'chill', 'moderated', 'NoPolitics', 'DropsEnabled']",[],True
137,2025-03-26 12:11,PhuzzyBond,en,Sea of Thieves,!Drops | 8 Hours | 🫖Good Vibes | 💚💜 Get SoT at 65% off !games,"['ClosedCaptions', 'LongSilkyHair', 'FamilyFriendly', 'SeaOfThievesPartner', 'ASMR', 'English', 'Chill', 'GoodVibes', 'DropsEnabled']",[],False
137,2025-03-26 12:11,Flux,en,Sea of Thieves,🟩 OBSIDIAN DROPS 🟩 REAL PIRATE LEGEND COOKING THE SEAS,"['seaofthieves', 'Pirate', 'English', 'drops', 'Adventure', 'PvP', 'DropsEnabled']",[],False
137,2025-03-26 12:11,Sk_Jade,en,Sea of Thieves,✨OBSIDIAN DROPS! SOME SAILS THEN PHASMO? ✨ !merch  TTS 100 @esp4him,"['English', 'J8de', 'DumpsterFire', 'controllerplayer', 'SoundAlertsOn', 'NewPlayerFriendly', 'DropsEnabled']",[],False
138,2025-03-26 12:19,Cibergun,es,Minecraft,🎁DROPS MINECRAFT  - [24/7]🎁 🟥    Capa GRATIS || Free CAPE  - Java / Bedrock Edition - Con trucos y curiosidades de Minecraft !Cape !drop,"['Minecraft', 'drops', 'Drop', 'minecraft', 'capa', 'drops', 'cape', 'Español', 'Recompensasdeespectador']",[],False
138,2025-03-26 12:19,JonBams,en,Minecraft,DROPS! | MadPack 5: Salty Shores |,"['English', 'ViewerRewards']",['ProfanityVulgarity'],False
138,2025-03-26 12:19,ohnePixel,en,Minecraft,🔴BEATING HARDCORE MINECRAFT WITH @CAEDREL (SHARED HP)🔴,"['English', 'Esports', 'ViewerRewards']",[],False
138,2025-03-26 12:19,MrHugo,es,Minecraft,DROPS | CAPA ESPECIAL DE PELICULA DE MINECRAFT | VER DIRECTO 3 MINUTOS! |  Free CAPE | !drops !capa !cape,"['Español', 'minecraft', 'MINECRAFT', 'drops', 'Recompensasdeespectador']",[],False
138,2025-03-26 12:19,Beardageddon,en,Sea of Thieves,OBSIDIAN DROPS NOW !td !247 !GS !prime !mobile w/ @ldsylvr,"['English', 'Casual', 'Interactive', 'ChatInteraction', 'PvP', 'PvE', 'chill', 'moderated', 'NoPolitics', 'DropsEnabled']",[],True
138,2025-03-26 12:19,Emongg,en,Overwatch 2,[!DROPS ENABLED] OVERWATCH 2 GAMING,"['English', 'DropsEnabled']",[],False
138,2025-03-26 12:19,BorasLegend,en,EA Sports FC 25,WEDNESDAY = GRINDDD!!,['English'],[],False
138,2025-03-26 12:19,TomLeese_,en,EA Sports FC 25,BACK FROM EPREM! ELITE RIVALS!!! !hashtaghouse,['English'],[],True
138,2025-03-26 12:19,Paddy,en,EA Sports FC 25,🔥Getting my RIvals Wins🔥Main+RTG Acc🔥Low-Driven Merchant🔥,"['mrpaddymurphy', 'fc25', 'futchamps', 'champs', 'irish', 'English', 'lfc', 'liverpool', 'football']",[],False
0,2025-03-26 19:37,Cibergun,es,Minecraft,🎁DROPS MINECRAFT  - [24/7]🎁 🟥    Capa GRATIS || Free CAPE  - Java / Bedrock Edition - Con trucos y curiosidades de Minecraft !Cape !drop,"['Minecraft', 'drops', 'Drop', 'minecraft', 'capa', 'drops', 'cape', 'Español', 'Recompensasdeespectador']",[],False
0,2025-03-26 19:37,FroggerOW,en,Overwatch 2,[DROPS ON!] YES... GIVE ME MY LOOTBOXES... YUMMY YUMMY....,"['Australian', 'English', 'DropsEnabled']",[],False
0,2025-03-26 19:37,MrHugo,es,Minecraft,DROPS | CAPA ESPECIAL DE PELICULA DE MINECRAFT | VER DIRECTO 3 MINUTOS! |  Free CAPE | !drops !capa !cape,"['Español', 'minecraft', 'MINECRAFT', 'drops', 'Recompensasdeespectador']",[],False
0,2025-03-26 19:37,Aspen,en,Overwatch 2,[!DROPS] HARDSTUCK CHAMPION 6V6..... !newvid,"['English', 'DropsEnabled']",[],False
0,2025-03-26 19:37,ZBRA,en,Overwatch 2,[DROPS] preparing for hero bans :D,"['Ranked', 'Doomfist', 'English', 'chill', 'DropsEnabled', 'Doomfist']",[],False
0,2025-03-26 19:37,LizaJane720,en,Sea of Thieves,Shakin off the rust,"['FamilyFriendly', 'Nobackseating', 'English', 'DropsEnabled']",[],False
0,2025-03-26 19:38,6Cyx,en,Overwatch 2,[DROPS] 6V6 IS SO AWESOME !hogbuff,"['English', 'DropsEnabled', 'NOBACKSEATGAMING', 'BackSeatGamersGETBANNED', 'BANNINGALLBACKSEATGAMERS', 'BackSeatGameGetsUBanned']",[],False
0,2025-03-26 19:38,alvicates,en,Overwatch 2,FPL // DROPS // CHAMP 2 GENJI // nahhhh it would be so dead if my cat stepped on my keyboard while im writing the titlwwewwwdfgbgj // !video,"['English', 'Lithuanian', 'Handicapped', 'kpop', 'losersQ', 'Mercy', 'whiteboymagic', 'DropsEnabled']",[],False
0,2025-03-26 19:38,pge4,en,Overwatch 2,[DROPS] Just got back from a Drive ... Yes I Drive,"['English', 'DropsEnabled']",[],False
1,2025-03-26 19:44,Cibergun,es,Minecraft,🎁DROPS MINECRAFT  - [24/7]🎁 🟥    Capa GRATIS || Free CAPE  - Java / Bedrock Edition - Con trucos y curiosidades de Minecraft !Cape !drop,"['Minecraft', 'drops', 'Drop', 'minecraft', 'capa', 'drops', 'cape', 'Español', 'Recompensasdeespectador']",[],False
1,2025-03-26 19:44,FroggerOW,en,Overwatch 2,[DROPS ON!] YES... GIVE ME MY LOOTBOXES... YUMMY YUMMY....,"['Australian', 'English', 'DropsEnabled']",[],False
1,2025-03-26 19:44,Aspen,en,Overwatch 2,[!DROPS] HARDSTUCK CHAMPION 6V6..... !newvid,"['English', 'DropsEnabled']",[],False
1,2025-03-26 19:44,MrHugo,es,Minecraft,DROPS | CAPA ESPECIAL DE PELICULA DE MINECRAFT | VER DIRECTO 3 MINUTOS! |  Free CAPE | !drops !capa !cape,"['Español', 'minecraft', 'MINECRAFT', 'drops', 'Recompensasdeespectador']",[],False
1,2025-03-26 19:45,ZBRA,en,Overwatch 2,[DROPS] preparing for hero bans :D,"['Ranked', 'Doomfist', 'English', 'chill', 'DropsEnabled', 'Doomfist']",[],False
1,2025-03-26 19:45,Clix,en,Fortnite,🏆 WINNING FNCS DIV 1 OMG | GET IN HERE | LONDON TOMORROW | LETS GET IT 🏆,['English'],[],False
1,2025-03-26 19:45,EiMine77,pt,Minecraft,✅ RECOMPENSAS ON! | ⭐ SEJA RÁPIDO E GANHE UMA CAPA DE GRAÇA: !CAPA | 💘 INSTAGRAM: @EIMINE77 | !ajuda !rerun !sub !subgratis !loja,"['Minecraft', 'EiMine', 'Português', 'RecompensasEspetadores']",[],False
1,2025-03-26 19:45,DorianFPS,es,Minecraft,Hola,"['Español', 'Chile', 'minecraft', 'minecraftpvp', 'minecraftboxpvp', 'minecraftchile', 'Recompensasdeespectador']",[],False
1,2025-03-26 19:45,angelitoss_,es,Minecraft,Strream Benéfico (para mi bolsillo)😗 | !whats !txt !capa !donoclips,"['Español', 'Repetir', 'Recompensasdeespectador']",['ProfanityVulgarity'],True
2,2025-03-26 19:56,Cibergun,es,Minecraft,🎁DROPS MINECRAFT  - [24/7]🎁 🟥    Capa GRATIS || Free CAPE  - Java / Bedrock Edition - Con trucos y curiosidades de Minecraft !Cape !drop,"['Minecraft', 'drops', 'Drop', 'minecraft', 'capa', 'drops', 'cape', 'Español', 'Recompensasdeespectador']",[],False
2,2025-03-26 19:56,FroggerOW,en,Overwatch 2,[DROPS ON!] YES... GIVE ME MY LOOTBOXES... YUMMY YUMMY....,"['Australian', 'English', 'DropsEnabled']",[],False
2,2025-03-26 19:56,MrHugo,es,Minecraft,DROPS | CAPA ESPECIAL DE PELICULA DE MINECRAFT | VER DIRECTO 3 MINUTOS! |  Free CAPE | !drops !capa !cape,"['Español', 'minecraft', 'MINECRAFT', 'drops', 'Recompensasdeespectador']",[],False
2,2025-03-26 19:56,Aspen,en,Overwatch 2,[!DROPS] HARDSTUCK CHAMPION 6V6..... !newvid,"['English', 'DropsEnabled']",[],False
2,2025-03-26 19:56,ZBRA,en,Overwatch 2,[DROPS] preparing for hero bans :D,"['Ranked', 'Doomfist', 'English', 'chill', 'DropsEnabled', 'Doomfist']",[],False
2,2025-03-26 19:56,Warn,en,Overwatch 2,[!DROPS] #1 ASHE 🔴 6V6 RANKED -> CHAMPION 🔴 LOOTBOX DROPS (4 DAYS) 🔴 POKEMON PACKS 🔴 NEW 6V6 ASHE !VIDEO 🔴 USA birthday !pobox 🎉🥳🎁,"['Overwatch', 'Competitive', 'ADHD', 'Drops', 'English', 'DropsEnabled']",[],False
2,2025-03-26 19:56,HalfwayHardcore,en,Grand Theft Auto V,"Charlotte ""C.O.P."" Fairfield | PurpleRP","['SocialEating', 'CatJokes', 'CatEars', 'RoleplayGames', 'NoPixelWhitelist', 'GTA', 'English', 'trivia', 'purplerp', 'PRP']",['MatureGame'],False
2,2025-03-26 19:56,Spaceboy,en,Grand Theft Auto V,james randal - prp | !GG | !Displate,"['ExtremelyCool', 'CarNerd', 'Old', 'JamesRandal', 'English', 'SpaceboyClips', 'HankCliff']",['MatureGame'],True
2,2025-03-26 19:56,Emstrogen,en,Grand Theft Auto V,PRP | Undersheriff Tessa Walker | BCSO | 1st Partner-versary <3,"['English', 'Roleplay', 'GTARP', 'LGBTQ', 'PurpleRP', 'PRP']",['MatureGame'],False
0,2025-03-28 17:22,BigBadSnowdon,en,Fortnite,🔥!DROPS ON🔥FORTNITE CUSTOMS WITH VIEWERS🔥 Drops enabled,"['English', 'adhd', 'bald', 'fortnite', 'drops', 'dropsenabled', 'DropsEnabled']",[],False
0,2025-03-28 17:23,MrJashon,en,Fortnite,{PICAXE DROPS HERE}🌎PLAYING SOME FORT THEN FINISHING SPLIT FICTION🌎 !discord !instagram !drops,"['English', 'ADHD', 'skinny', 'mukbang', 'gamer', '6feet2', 'drops', 'event', 'DropsEnabled']",['ProfanityVulgarity'],False
0,2025-03-28 17:23,ohnePixel,en,Counter-Strike,🔴NAVI vs SPIRIT | BLAST LISBON QUARTERFINALS🔴,"['English', 'Esports']",['MatureGame'],False
0,2025-03-28 17:23,Necros,en,R.E.P.O.,[DROPS ENABLED] BIRTHDAY STREAM LETS GO. 35% OFF GIFTED SUBS ON MY BIRTHDAY??? THANKS TWITCH. TRYING OUT REPO FOR THE FIRST TIME LATER TODAY,"['English', 'spiderman', 'blackpanther']",[],False
0,2025-03-28 17:23,Mongraal,en,Fortnite,🏆 BACK FROM CLIX EVENT! LATE STARTING SOLO CC🏆 | !crosshair !prime !comm,"['English', 'DropsEnabled']",[],False
0,2025-03-28 17:23,AuzioMF,en,EA Sports FC 25,DREAMCHASERS TEAM 2! 🚨 !433 !prime !tts @AuzioMF,"['English', 'football']",[],False
0,2025-03-28 17:23,elxokas,es,Just Chatting,💀MEGADRAMÓN💀NOCHE CON LA MUJER (ÑIPONA)💀ESTÁ MUY LLORONA ÚLTIMAMENTE💀Y MUY GORDITA💀,['Español'],[],True
0,2025-03-28 17:23,Noni,es,Schedule I,SIMULADOR RARO DE DROGUIS Y COSAS MALAS CON AXOZER,['Español'],[],False
0,2025-03-28 17:23,DessT3,es,Grand Theft Auto V,HARRY DAM | CUIDADO QUE PASA EL CAMION | SPAIN RP,"['conducción', 'música', 'Gta', 'Español', 'desst3', 'Dess', 'Rolplay', 'SpainRP']",['MatureGame'],False
1,2025-03-28 17:31,BigBadSnowdon,en,Fortnite,🔥!DROPS ON🔥FORTNITE CUSTOMS WITH VIEWERS🔥 Drops enabled,"['English', 'adhd', 'bald', 'fortnite', 'drops', 'dropsenabled', 'DropsEnabled']",[],False
1,2025-03-28 17:31,MrJashon,en,Fortnite,{PICAXE DROPS HERE}🌎PLAYING SOME FORT THEN FINISHING SPLIT FICTION🌎 !discord !instagram !drops,"['English', 'ADHD', 'skinny', 'mukbang', 'gamer', '6feet2', 'drops', 'event', 'DropsEnabled']",['ProfanityVulgarity'],False
1,2025-03-28 17:31,ohnePixel,en,Counter-Strike,🔴NAVI vs SPIRIT | BLAST LISBON QUARTERFINALS🔴,"['English', 'Esports']",['MatureGame'],False
1,2025-03-28 17:31,Mongraal,en,Fortnite,🏆 BACK FROM CLIX EVENT! LATE STARTING SOLO CC🏆 | !crosshair !prime !comm,"['English', 'DropsEnabled']",[],False
1,2025-03-28 17:31,Necros,en,R.E.P.O.,[DROPS ENABLED] BIRTHDAY STREAM LETS GO. 35% OFF GIFTED SUBS ON MY BIRTHDAY??? THANKS TWITCH. TRYING OUT REPO FOR THE FIRST TIME LATER TODAY,"['English', 'spiderman', 'blackpanther']",[],False
1,2025-03-28 17:32,JaayMC,en,Minecraft,✨ Get the NEW Cape! | 🌎 Minecraft Survival! | 🌠 Partner Grind Streamathon (Day 5) 🌈 how are you?! | !partner !cape,"['Survival', 'LGBTQ', 'SafeSpace', 'Cape', 'Drops', 'PlayingWithViewers', 'Chill', 'SMP', 'subathon', 'Minecraft']",[],False
1,2025-03-28 17:32,sophieiswatchingyou,de,Fortnite,Fortnite 💕🌸,"['Deutsch', 'FN', 'Fortnite', 'DropsAktiviert']",[],False
1,2025-03-28 17:32,joscha_05,de,Schedule I,Live,"['Deutsch', 'WohltätigeZwecke']",[],False
1,2025-03-28 17:32,Pacman42082TTV,en,Fortnite,LETS GET IT!!!!,"['Fortnite', 'English']",[],True
2,2025-03-28 17:39,BigBadSnowdon,en,Fortnite,🔥!DROPS ON🔥FORTNITE CUSTOMS WITH VIEWERS🔥 Drops enabled,"['English', 'adhd', 'bald', 'fortnite', 'drops', 'dropsenabled', 'DropsEnabled']",[],False
2,2025-03-28 17:39,MrJashon,en,Fortnite,{PICAXE DROPS HERE}🌎PLAYING SOME FORT THEN FINISHING SPLIT FICTION🌎 !discord !instagram !drops,"['English', 'ADHD', 'skinny', 'mukbang', 'gamer', '6feet2', 'drops', 'event', 'DropsEnabled']",['ProfanityVulgarity'],False
2,2025-03-28 17:39,ohnePixel,en,Counter-Strike,🔴NAVI vs SPIRIT | BLAST LISBON QUARTERFINALS🔴,"['English', 'Esports']",['MatureGame'],False
2,2025-03-28 17:39,JaayMC,en,Minecraft,✨ Get the NEW Cape! | 🌎 Minecraft Survival! | 🌠 Partner Grind Streamathon (Day 5) 🌈 how are you?! | !partner !cape,"['Survival', 'LGBTQ', 'SafeSpace', 'Cape', 'Drops', 'PlayingWithViewers', 'Chill', 'SMP', 'subathon', 'Minecraft']",[],False
2,2025-03-28 17:39,Mongraal,en,Fortnite,🏆 BACK FROM CLIX EVENT! LATE STARTING SOLO CC🏆 | !crosshair !prime !comm,"['English', 'DropsEnabled']",[],False
2,2025-03-28 17:39,Necros,en,R.E.P.O.,[DROPS ENABLED] BIRTHDAY STREAM LETS GO. 35% OFF GIFTED SUBS ON MY BIRTHDAY??? THANKS TWITCH. TRYING OUT REPO FOR THE FIRST TIME LATER TODAY,"['English', 'spiderman', 'blackpanther']",[],False
2,2025-03-28 17:39,zefrine,en,The Sims 4,(Giveaway/Subathon) Jellybean Legacy Challenge: Grape Generation Ep. 10 #EAPartner ❗jbl ❗social,"['lgbtqia', 'English', 'plussize', 'Pansexual', 'BodyPositivity', 'wholesome', 'cozy', 'familyfriendly', 'bisexual', 'ADHD']",[],False
2,2025-03-28 17:39,MomoMisfortune,en,Pokémon,organizing my pokemon cards |❗️masters❗️daily 🍉❗️tip |,"['LGBTQIA2PLUS', 'Transgender', 'NonBinary', 'AstarionEnjoyer', 'CrohnsDisease', 'soyboy', 'old', 'Goth', 'AuDHD', 'NotDivorcedToEmrysKay']",[],False
2,2025-03-28 17:39,SimmerSwig,en,The Sims 4,Not So Berry 🖤 (Gen 13: Black) // Episode #6,"['sims', 'sims4', 'petcam', 'smallstreamer', 'thesims4', 'English', 'cozyvibes', 'thesims']",[],False
3,2025-03-28 20:02,JaayMC,en,Minecraft,✨ NEW Capes! | 🌎 Minecraft Viewer SMPl! | 🌠 Partner Grind Streamathon (Day 5) 🌈 how are you?! | !join !partner,"['Survival', 'LGBTQ', 'SafeSpace', 'Cape', 'Drops', 'PlayingWithViewers', 'Chill', 'SMP', 'subathon', 'Minecraft']",[],False
3,2025-03-28 20:02,MrJashon,en,Fortnite,{PICKAXE DROPS HERE}🌎PLAYING SOME FORT THEN FINISHING SPLIT FICTION🌎 !discord !instagram !drops,"['English', 'ADHD', 'skinny', 'mukbang', 'gamer', '6feet2', 'drops', 'event', 'DropsEnabled']",['ProfanityVulgarity'],False
3,2025-03-28 20:02,BigBadSnowdon,en,Fortnite,🔥!DROPS ON🔥FORTNITE CUSTOMS WITH VIEWERS🔥 Drops enabled,"['English', 'adhd', 'bald', 'fortnite', 'drops', 'dropsenabled', 'DropsEnabled']",[],False
3,2025-03-28 20:02,FroggerOW,en,Overwatch 2,[DROPS ON!] CRAZY DAY TODAY OMG,"['Australian', 'English', 'DropsEnabled']",[],False
3,2025-03-28 20:02,EZ_CLAPS09,en,Minecraft,COME GET THE CAPE HERE!! NO COMMANDS NEEDED! Use these commands: !rewardsprogram !discord !yt !tiktok !venmo.,"['chill', 'LOUD', 'PlayingwithViewers', 'English', 'minecraft', 'FamilyFriendly', 'underratedstreamer', 'Interactive', 'justchatting']",[],False
3,2025-03-28 20:02,ZBRA,en,League of Legends,going for rank 1,"['Ranked', 'Doomfist', 'English', 'chill', 'Doomfist']",[],False
3,2025-03-28 20:02,ezraiscompost,en,Overwatch 2,[DROPS] maybe it's time for my doomfist training arc.. witness me and my special set of skills...,"['minor', 'enby', 'English', 'DropsEnabled']",[],False
3,2025-03-28 20:02,xenfetv,en,Overwatch 2,good afternoon!,"['english', 'closedcaptions', 'top500', 'dpsonly', 'ranked', 'competitive', 'widowmaker', 'champion', 'English', 'DropsEnabled']",[],False
3,2025-03-28 20:02,vitoop_,fr,Rocket League,"[FR] Péter moi dessus, je vous en supplie!!","['france', 'drops', 'justchatting', 'Français']",[],False
4,2025-03-28 20:09,JaayMC,en,Minecraft,✨ NEW Capes! | 🌎 Minecraft Viewer SMPl! | 🌠 Partner Grind Streamathon (Day 5) 🌈 how are you?! | !join !partner,"['Survival', 'LGBTQ', 'SafeSpace', 'Cape', 'Drops', 'PlayingWithViewers', 'Chill', 'SMP', 'subathon', 'Minecraft']",[],False
4,2025-03-28 20:09,MrJashon,en,Fortnite,{PICKAXE DROPS HERE}🌎PLAYING SOME FORT THEN FINISHING SPLIT FICTION🌎 !discord !instagram !drops,"['English', 'ADHD', 'skinny', 'mukbang', 'gamer', '6feet2', 'drops', 'event', 'DropsEnabled']",['ProfanityVulgarity'],False
4,2025-03-28 20:09,YetrTV,en,Minecraft,Playing Minecraft Live Movie Yearn Cape Event - Minecraft Home CAPE - Minecraft Menace Cape !cape (NO DROPS ALLOWED),"['English', 'Minecraft', 'trial', 'mask', 'cape', 'minecraft', 'YearnCape', 'menacecape', 'homecape']",[],False
4,2025-03-28 20:10,FroggerOW,en,Overwatch 2,[DROPS ON!] CRAZY DAY TODAY OMG,"['Australian', 'English', 'DropsEnabled']",[],False
4,2025-03-28 20:10,EZ_CLAPS09,en,Minecraft,COME GET THE CAPE HERE!! NO COMMANDS NEEDED! Use these commands: !rewardsprogram !discord !yt !tiktok !venmo.,"['chill', 'LOUD', 'PlayingwithViewers', 'English', 'minecraft', 'FamilyFriendly', 'underratedstreamer', 'Interactive', 'justchatting']",[],False
4,2025-03-28 20:10,BigBadSnowdon,en,Fortnite,🔥!DROPS ON🔥FORTNITE CUSTOMS WITH VIEWERS🔥 Drops enabled,"['English', 'adhd', 'bald', 'fortnite', 'drops', 'dropsenabled', 'DropsEnabled']",[],False
4,2025-03-28 20:10,Kestico,es,Call of Duty: Warzone,🚨VERDANSK EN 1 SEMANA POR FAVOR LLEGA YA🚨 !tiktok !audifonos !mando,['Español'],['MatureGame'],False
4,2025-03-28 20:10,elxokas,es,World of Warcraft,💀MEGADRAMÓN💀NOCHE CON LA MUJER (ÑIPONA)💀ESTÁ MUY LLORONA ÚLTIMAMENTE💀Y MUY GORDITA💀,['Español'],[],True
4,2025-03-28 20:10,juansguarnizo,es,inZOI,LOS SIMS COREA HIPER REALISTA WTF ES MUY REAL QUÉ MIEDO,['Español'],[],False
5,2025-03-28 20:19,MrJashon,en,Fortnite,{PICKAXE DROPS HERE}🌎PLAYING SOME FORT THEN FINISHING SPLIT FICTION🌎 !discord !instagram !drops,"['English', 'ADHD', 'skinny', 'mukbang', 'gamer', '6feet2', 'drops', 'event', 'DropsEnabled']",['ProfanityVulgarity'],False
5,2025-03-28 20:19,JaayMC,en,Minecraft,✨ NEW Capes! | 🌎 Minecraft Viewer SMPl! | 🌠 Partner Grind Streamathon (Day 5) 🌈 how are you?! | !join !partner,"['Survival', 'LGBTQ', 'SafeSpace', 'Cape', 'Drops', 'PlayingWithViewers', 'Chill', 'SMP', 'subathon', 'Minecraft']",[],False
5,2025-03-28 20:19,YetrTV,en,Minecraft,Playing Minecraft Live Movie Yearn Cape Event - Minecraft Home CAPE - Minecraft Menace Cape !cape (NO DROPS ALLOWED),"['English', 'Minecraft', 'trial', 'mask', 'cape', 'minecraft', 'YearnCape', 'menacecape', 'homecape']",[],False
5,2025-03-28 20:20,FroggerOW,en,Overwatch 2,[DROPS ON!] CRAZY DAY TODAY OMG,"['Australian', 'English', 'DropsEnabled']",[],False
5,2025-03-28 20:20,EZ_CLAPS09,en,Minecraft,COME GET THE CAPE HERE!! NO COMMANDS NEEDED! Use these commands: !rewardsprogram !discord !yt !tiktok !venmo.,"['chill', 'LOUD', 'PlayingwithViewers', 'English', 'minecraft', 'FamilyFriendly', 'underratedstreamer', 'Interactive', 'justchatting']",[],False
5,2025-03-28 20:20,BigBadSnowdon,en,Fortnite,🔥!DROPS ON🔥FORTNITE CUSTOMS WITH VIEWERS🔥 Drops enabled,"['English', 'adhd', 'bald', 'fortnite', 'drops', 'dropsenabled', 'DropsEnabled']",[],False
5,2025-03-28 20:20,MonkyJV,fr,Grand Theft Auto V,"GTARP : JOUR 3, Zack Ryder le justicier ? !vod !discord !youtube","['TwitchPartner', 'FR', 'Français', 'English', 'gta', 'GTAⅤ', 'ＧTA5', 'gta5fivemroleplay', 'gta5roleplayer', 'GTARP']",['MatureGame'],False
5,2025-03-28 20:20,Wudjer,ru,Sea of Thieves,✅ Drops ✅ | 9.000ч. Раздача Скинов в !тг,"['Русский', 'DropsEnable', 'Pvp', 'Красивыймужчина', 'гений', 'Киберспортсмем', 'Сильнейший', 'вайб', 'позитивныйвайб', 'DropsВключены']",[],False
5,2025-03-28 20:20,adex671,fr,Hunt: Showdown 1896,le bain de boue du soir,"['Français', 'discusion', 'DropActive', 'SubGoals', 'HuntShowdown']",['MatureGame'],False
6,2025-03-29 00:02,Sigy,en,Sea of Thieves,🔴OBSIDIAN !DROPS🔴Subscribe to the SECOND CHANNEL!🔴19/100 days in a row🔴,"['English', 'DropsEnabled']",[],True
6,2025-03-29 00:02,MrJashon,en,Fortnite,{PICKAXE DROPS HERE}🌎PLAYING SOME FORT THEN FINISHING SPLIT FICTION🌎 !discord !instagram !drops,"['English', 'ADHD', 'skinny', 'mukbang', 'gamer', '6feet2', 'drops', 'event', 'DropsEnabled']",['ProfanityVulgarity'],False
6,2025-03-29 00:02,scotteh,en,Minecraft,(DROPS) Get ya Free Minecraft Cape Here! - !cape !drop !delay,"['Minecraft', 'English', 'ViewerRewards']",[],False
6,2025-03-29 00:02,vulture_ow,en,Overwatch 2,[!DROPS] most chill junkrat stream of all time (possibly)(maybe) !discord !newvid,"['English', 'Competitive', 'fps', 'junkrat', 'SewerRat', 'overwatch', 'hashtagawesome', 'DropsEnabled']",[],False
6,2025-03-29 00:02,HitboTC,en,Star Citizen,4.1 LIVE NOW  ⚔️ TTS 500 ⚔️ (!nordvpn) (!drops) (!giveaway),"['SeaofThievesPartner', 'English', 'Dad', 'PvP', 'Memes', 'NewPlayersWelcome', 'Gaslighting', 'FamilyFriendly']",[],True
6,2025-03-29 00:02,Dantes,en,League of Legends,NOT ENDING UNTIL CHALL - BEST HEC WORLD - ASSASSIN HECARIM DOMINATION - GM 607LP START,['English'],[],False
6,2025-03-29 00:02,CrystalMolly,es,Dead by Daylight,Trans x Lesbrivers.,"['Lgbtqiaplus', 'Español', 'molly', 'podcastespañol', 'comedia']",['MatureGame'],False
6,2025-03-29 00:02,pastelero_yuuta,es,League of Legends,DIA DE VIEWERS A JUGAR CON EL PAN  (Pantheon 5millones maestria)👉 !opgg !redes !wishlist,"['México', 'pantheon', 'toplane', 'panadero', 'top', 'otp', 'DIDACTICO', 'Español', 'Toplaner', 'leagueoflegends']",[],False
6,2025-03-29 00:02,tvandeR,es,League of Legends,🥵 REPO CON CANDELITA Y MARITA - 日本の三人組,"['Español', 'KOI', 'ander', 'masonería', '33', 'melons']",[],False
7,2025-03-29 00:11,Sigy,en,Sea of Thieves,🔴OBSIDIAN !DROPS🔴Subscribe to the SECOND CHANNEL!🔴19/100 days in a row🔴,"['English', 'DropsEnabled']",[],True
7,2025-03-29 00:11,MrJashon,en,Fortnite,{PICKAXE DROPS HERE}🌎PLAYING SOME FORT THEN FINISHING SPLIT FICTION🌎 !discord !instagram !drops,"['English', 'ADHD', 'skinny', 'mukbang', 'gamer', '6feet2', 'drops', 'event', 'DropsEnabled']",['ProfanityVulgarity'],False
7,2025-03-29 00:11,flotsam,en,Sea of Thieves,✅OBSIDIAN DROPS✅ Bully PvP w/ @cjshiz,"['DropsEnabled', 'Solo', 'PvP', 'English']",[],False
7,2025-03-29 00:11,scotteh,en,Minecraft,(DROPS) Get ya Free Minecraft Cape Here! - !cape !drop !delay,"['Minecraft', 'English', 'ViewerRewards']",[],False
7,2025-03-29 00:11,HitboTC,en,Star Citizen,4.1 LIVE NOW  ⚔️ TTS 500 ⚔️ (!nordvpn) (!drops) (!giveaway),"['SeaofThievesPartner', 'English', 'Dad', 'PvP', 'Memes', 'NewPlayersWelcome', 'Gaslighting', 'FamilyFriendly']",[],True
7,2025-03-29 00:11,Dantes,en,League of Legends,NOT ENDING UNTIL CHALL - BEST HEC WORLD - ASSASSIN HECARIM DOMINATION - GM 607LP START,['English'],[],False
7,2025-03-29 00:12,Game7DS,en,Sea of Thieves,"🟢DROPS🟢⚔️SOLO PVP/STEALS⚔️ ... New Update?  - TTS 500, !drops !newvid","['Shenanigans', 'PvPvE', 'English', 'DropsEnabled']",[],False
7,2025-03-29 00:12,Sandromeda,en,Sea of Thieves,[DROPS] ITS HERE 😍 -> Sandromeda.ca <-👀 !merch 10% OFF for subs!🌠!madrinas +20% OFF w/ code 'SANDROMEDA'🌠,"['English', 'StJudePlayLive', 'Madrinas', 'SoTPartner', 'HotTubStreamWithoutTheTub', 'DropsEnabled']",[],True
7,2025-03-29 00:12,Pace22,en,Sea of Thieves,"💎OBSIDIAN DROPS💎 Sneak Plays, PVP! 5","['English', 'PvP', 'memes', 'DropsEnabled']",[],False
8,2025-03-29 00:21,scotteh,en,Minecraft,(DROPS) Get ya Free Minecraft Cape Here! - !cape !drop !delay,"['Minecraft', 'English', 'ViewerRewards']",[],False
8,2025-03-29 00:21,Dantes,en,League of Legends,NOT ENDING UNTIL CHALL - BEST HEC WORLD - ASSASSIN HECARIM DOMINATION - GM 607LP START,['English'],[],False
8,2025-03-29 00:21,flotsam,en,Sea of Thieves,✅OBSIDIAN DROPS✅ Bully PvP w/ @cjshiz,"['DropsEnabled', 'Solo', 'PvP', 'English']",[],False
8,2025-03-29 00:21,Noobface,en,Sea of Thieves,[DROPS] 🐷 NEW SPEARS 🐷 META SHAKING PVP CHANGES 🐷 LAST FUNNY LAUNCHES EVER 🐷 @makaiosr @pndaleader_,"['English', 'seaofthieves', 'seaofthievescommunity', 'DropsEnabled']",[],False
8,2025-03-29 00:21,Sigy,en,Sea of Thieves,🔴OBSIDIAN !DROPS🔴Subscribe to the SECOND CHANNEL!🔴19/100 days in a row🔴,"['English', 'DropsEnabled']",[],True
8,2025-03-29 00:21,MrJashon,en,Fortnite,{PICKAXE DROPS HERE}🌎PLAYING SOME FORT THEN FINISHING SPLIT FICTION🌎 !discord !instagram !drops,"['English', 'ADHD', 'skinny', 'mukbang', 'gamer', '6feet2', 'drops', 'event', 'DropsEnabled']",['ProfanityVulgarity'],False
8,2025-03-29 00:21,ElMariana,es,inZOI,TE FUI INFIEL AL CHILE NO LO NIEGO 🏃🏻🏃🏻,['Español'],[],False
8,2025-03-29 00:21,woodzzii,es,Call of Duty: Warzone,5 DIAS PARA VERDANSK AHHHHHH🗣️ | !yt !discord !canal,"['Mexico', 'Español', 'LATAM', 'English', 'callofduty', 'warzone', 'woodzzii']",['MatureGame'],False
8,2025-03-29 00:21,AgustinUnaplay8,es,Dead by Daylight,🚨73/90🚨3/6 VICTORIAS🍟 NO ME VOY HASTA GANAR 6 PARTIDAS 🍟 SOLO UN CHICO RANDOM 🍟,"['AgustinUnaplay8', 'deadbydaylight', 'español', 'ＤBD', 'Unaplay', 'Español']",['MatureGame'],False
9,2025-03-29 04:01,Sigy,en,R.E.P.O.,🔴Subscribe to the SECOND CHANNEL!🔴19/100 days in a row🔴,['English'],[],True
9,2025-03-29 04:01,Oatley,en,Fortnite,"(!DROPS ON) FREE PICKAXE | Code ""Oatley"" #ad | !socials !youtube !delay","['FamilyFriendly', 'Fortnite', 'BattleRoyale', 'Multiplayer', 'Action', 'Competitive', 'Professional', 'Positivity', 'PC', 'English']",[],False
9,2025-03-29 04:02,flotsam,en,Sea of Thieves,✅OBSIDIAN DROPS✅ Bully PvP w/ @cjshiz,"['DropsEnabled', 'Solo', 'PvP', 'English']",[],False
9,2025-03-29 04:02,MrJashon,en,Fortnite,{PICKAXE DROPS HERE}SLEEPING BUT DROPS ARE STILL ON (will be back later in the day)<3🌎 !discord !instagram !drops,"['English', 'ADHD', 'skinny', 'mukbang', 'gamer', '6feet2', 'drops', 'event', 'DropsEnabled']",['ProfanityVulgarity'],False
9,2025-03-29 04:02,HitboTC,en,Star Citizen,4.1 LIVE NOW  ⚔️ TTS 500 ⚔️ (!nordvpn) (!drops) (!giveaway),"['SeaofThievesPartner', 'English', 'Dad', 'PvP', 'Memes', 'NewPlayersWelcome', 'Gaslighting', 'FamilyFriendly']",[],True
9,2025-03-29 04:02,x2Twins,en,Minecraft,minecraft yooooooooo,"['English', 'ViewerRewards']",[],False
9,2025-03-29 04:02,Hamy,en,VALORANT,saving the ranked kiews,['English'],['ProfanityVulgarity'],False
9,2025-03-29 04:02,PROD,en,VALORANT,Ranked - VARIETY WITH @sinatraa @space @iremiix REPPO,"['English', 'PROD']",[],False
9,2025-03-29 04:02,jawgemo,en,Schedule I,G2 JAWGEMO | dm/schedule 1,['English'],[],False
10,2025-03-29 04:08,Oatley,en,Fortnite,"(!DROPS ON) FREE PICKAXE | Code ""Oatley"" #ad | !socials !youtube !delay","['FamilyFriendly', 'Fortnite', 'BattleRoyale', 'Multiplayer', 'Action', 'Competitive', 'Professional', 'Positivity', 'PC', 'English']",[],False
10,2025-03-29 04:09,flotsam,en,Sea of Thieves,✅OBSIDIAN DROPS✅ Bully PvP w/ @cjshiz,"['DropsEnabled', 'Solo', 'PvP', 'English']",[],False
10,2025-03-29 04:09,MrJashon,en,Fortnite,{PICKAXE DROPS HERE}SLEEPING BUT DROPS ARE STILL ON (will be back later in the day)<3🌎 !discord !instagram !drops,"['English', 'ADHD', 'skinny', 'mukbang', 'gamer', '6feet2', 'drops', 'event', 'DropsEnabled']",['ProfanityVulgarity'],False
10,2025-03-29 04:09,x2Twins,en,Minecraft,minecraft yooooooooo,"['English', 'ViewerRewards']",[],False
10,2025-03-29 04:09,HitboTC,en,Star Citizen,4.1 LIVE NOW  ⚔️ TTS 500 ⚔️ (!nordvpn) (!drops) (!giveaway),"['SeaofThievesPartner', 'English', 'Dad', 'PvP', 'Memes', 'NewPlayersWelcome', 'Gaslighting', 'FamilyFriendly']",[],True
10,2025-03-29 04:09,procedural_,en,Sea of Thieves,OBSIDIAN DROPS! + Solo Sloop PVP,"['PVP', 'Pirate', 'SeaOfThieves', 'Chill', 'English', 'Piano', 'SeaOfThievesPartner', 'Drops', 'DropsEnabled']",[],False
10,2025-03-29 04:09,GameTimeWithEric,en,Just Chatting,🔴SUBATHON🔴DAY EIGHT🔴,['English'],[],False
10,2025-03-29 04:09,queen_ov_drama,en,Minecraft,[NZ] !CAPE !Drops  Building Stuff and Goofing Around  | This is just the beginning | !drops !playlist !whatsup !chaos !qq !axo,"['Minecraft', 'Chatty', 'Safespace', 'backseatgamingallowed', 'NZ', 'LGBTQFriendly', 'NewZealand', 'OCE', 'ANZ', 'EAPAC']",[],False
10,2025-03-29 04:09,phantomlimb520,en,Minecraft,[Hardcore] Placing 1000 Copper Blocks | Bedrock Legends SMP | Let's Play Minecraft Bedrock Edition! | !s !legends,"['vanilla', 'bedrock', 'smp', 'letsplay', 'English', 'mcpe', 'survival', 'closedcaptions', 'hardcore', 'legends']",[],False
11,2025-03-29 04:21,VALORANT_Pacific,en,VALORANT,TS vs. ZETA - VCT Pacific - Stage 1 - Group Stage - Day 4,"['VCTPacific', 'VCT', 'VALORANT', 'English', 'VCTP', 'RisePacific']",[],False
11,2025-03-29 04:21,Oatley,en,Fortnite,"(!DROPS ON) FREE PICKAXE | Code ""Oatley"" #ad | !socials !youtube !delay","['FamilyFriendly', 'Fortnite', 'BattleRoyale', 'Multiplayer', 'Action', 'Competitive', 'Professional', 'Positivity', 'PC', 'English']",[],False
11,2025-03-29 04:21,x2Twins,en,Minecraft,minecraft yooooooooo,"['English', 'ViewerRewards']",[],False
11,2025-03-29 04:21,flotsam,en,Sea of Thieves,✅OBSIDIAN DROPS✅ Bully PvP w/ @cjshiz,"['DropsEnabled', 'Solo', 'PvP', 'English']",[],False
11,2025-03-29 04:21,MrJashon,en,Fortnite,{PICKAXE DROPS HERE}SLEEPING BUT DROPS ARE STILL ON (will be back later in the day)<3🌎 !discord !instagram !drops,"['English', 'ADHD', 'skinny', 'mukbang', 'gamer', '6feet2', 'drops', 'event', 'DropsEnabled']",['ProfanityVulgarity'],False
11,2025-03-29 04:21,HitboTC,en,Star Citizen,4.1 LIVE NOW  ⚔️ TTS 500 ⚔️ (!nordvpn) (!drops) (!giveaway),"['SeaofThievesPartner', 'English', 'Dad', 'PvP', 'Memes', 'NewPlayersWelcome', 'Gaslighting', 'FamilyFriendly']",[],True
11,2025-03-29 04:21,Mandyy,en,Grand Theft Auto V,SIN IN D10 RP +🍺DRINKS💖iNZOI NOW AVAILABLE ON STEAM💖35% off subs today!!💖💖 !discord !socials,"['GTARP', 'English', 'egirl', 'gamergirl', 'gamergirls', 'Latina', 'Fortnite', 'games']",['MatureGame'],False
11,2025-03-29 04:21,LanaeMack,en,Just Chatting,LailaTheCrim in D10 + ? + ? ♡ #PrayersforLeon !tts|!socials|!reddit|!discord ♡,"['ADHD', 'Latina', 'AfricanAmerican', 'D10', 'English', 'Laila', 'd10lawyer']",[],False
11,2025-03-29 04:21,viktoreeous,en,R.E.P.O.,NEW CHAR ? REYNA BADOOKIE IN DISTRICT 10 RP || !youtube !tiktok,"['English', 'D10', 'd10rp', 'District10']",[],False
12,2025-03-29 04:32,VALORANT_Pacific,en,VALORANT,TS vs. ZETA - VCT Pacific - Stage 1 - Group Stage - Day 4,"['VCTPacific', 'VCT', 'VALORANT', 'English', 'VCTP', 'RisePacific']",[],False
12,2025-03-29 04:33,Oatley,en,Fortnite,"(!DROPS ON) FREE PICKAXE | Code ""Oatley"" #ad | !socials !youtube !delay","['FamilyFriendly', 'Fortnite', 'BattleRoyale', 'Multiplayer', 'Competitive', 'Professional', 'Positivity', 'PC', 'English', 'DropsEnabled']",[],False
12,2025-03-29 04:33,x2Twins,en,Minecraft,minecraft yooooooooo,"['English', 'ViewerRewards']",[],False
12,2025-03-29 04:33,MrJashon,en,Fortnite,{PICKAXE DROPS HERE}SLEEPING BUT DROPS ARE STILL ON (will be back later in the day)<3🌎 !discord !instagram !drops,"['English', 'ADHD', 'skinny', 'mukbang', 'gamer', '6feet2', 'drops', 'event', 'DropsEnabled']",['ProfanityVulgarity'],False
12,2025-03-29 04:33,flotsam,en,Sea of Thieves,✅OBSIDIAN DROPS✅ Bully PvP w/ @cjshiz,"['DropsEnabled', 'Solo', 'PvP', 'English']",[],False
12,2025-03-29 04:33,HitboTC,en,Star Citizen,4.1 LIVE NOW  ⚔️ TTS 500 ⚔️ (!nordvpn) (!drops) (!giveaway),"['SeaofThievesPartner', 'English', 'Dad', 'PvP', 'Memes', 'NewPlayersWelcome', 'Gaslighting', 'FamilyFriendly']",[],True
12,2025-03-29 04:33,Sanchovies,en,League of Legends,do you guys even like me,['English'],[],False
12,2025-03-29 04:33,Viper,en,League of Legends,Got chall on ADC / playing riven for a bit,['English'],[],False
12,2025-03-29 04:33,RaiderGO,en,League of Legends,KOREA RANK 1 CLIMB DAY 11 |RANK 1 EUW S15 PEAK & KR 1397 LP PEAK Top 50| Darius/Jax/Cam Player | !guide !playlist !team !kracc |387,"['English', 'leagueoflegends', 'Challenger', 'Darius', 'Jax', 'Olaf', 'Camille', 'DrMundo', 'Yorick', 'RANK1EUW']",[],False
13,2025-03-29 08:02,VALORANT_Pacific,en,VALORANT,T1 vs. NS - VCT Pacific - Stage 1 - Group Stage - Day 4,"['VCTPacific', 'VCT', 'VALORANT', 'English', 'VCTP', 'RisePacific']",[],False
13,2025-03-29 08:02,Oatley,en,Fortnite,"(!DROPS ON) PRO RELOAD RANKED USING !EXITLAG | Code ""Oatley"" #ad | !socials !youtube","['FamilyFriendly', 'Fortnite', 'BattleRoyale', 'Multiplayer', 'Competitive', 'Professional', 'Positivity', 'PC', 'English', 'DropsEnabled']",[],True
13,2025-03-29 08:02,flotsam,en,Sea of Thieves,✅OBSIDIAN DROPS✅ Bully PvP w/ @cjshiz,"['DropsEnabled', 'Solo', 'PvP', 'English']",[],False
13,2025-03-29 08:02,MrJashon,en,Fortnite,{PICKAXE DROPS HERE}SLEEPING BUT DROPS ARE STILL ON (will be back later in the day)<3🌎 !discord !instagram !drops,"['English', 'ADHD', 'skinny', 'mukbang', 'gamer', '6feet2', 'drops', 'event', 'DropsEnabled']",['ProfanityVulgarity'],False
13,2025-03-29 08:02,jesslolliepop,en,Minecraft,🍭 [DROPS] pink wonderland! 🩷 | Lumamon Building :D | !discord !socials 🍭,"['ChillVibes', 'English', 'Australia', 'Chatty', 'Chilled', 'Cozy', 'Hardcore', 'ViewerRewards']",[],False
13,2025-03-29 08:02,YetrTV,en,Minecraft,Playing Minecraft Battle Royale Hoplite - Minecraft Home CAPE - Minecraft Menace Cape !cape,"['English', 'Minecraft', 'trial', 'mask', 'cape', 'minecraft', 'YearnCape', 'menacecape', 'homecape', 'ViewerRewards']",[],False
13,2025-03-29 08:02,Spar,en,Sea of Thieves,✅DROPS✅🔱SPEARS N TEARS (35% off gifted subs)🔱| !zach !giveaway !madrinas,"['PVP', 'PVE', 'English', 'coolin', 'SeaOfThievesPartner', 'TacoBellEnthusiast', 'DropsEnabled']",[],False
13,2025-03-29 08:02,CJSHIZ,en,Sea of Thieves,🟢OBSIDIAN !DROPS 🟢 35% OFF GIFTED SUBS 🟢 !yt !merch !gfuel !giveaway 🟢 W/ @flotsam,"['PvP', 'SeaOfThievesPartner', 'Giveaway', 'English', 'GFUEL', 'DropsEnabled']",[],False
13,2025-03-29 08:02,FatTallGuy,en,Sea of Thieves,🚨DROPS!🚨LATE NIGHT STREAM🚨PRO PVP 🚨!PARTNERPUSH🚨,"['English', 'PvP', 'NewPlayersWelcome', 'FurryFriendly', 'Shenanigans', 'Musician', 'NosleepGaming', 'Tomfoolery', 'seaofthieves', 'Furry']",[],False
14,2025-03-29 08:10,VALORANT_Pacific,en,VALORANT,T1 vs. NS - VCT Pacific - Stage 1 - Group Stage - Day 4,"['VCTPacific', 'VCT', 'VALORANT', 'English', 'VCTP', 'RisePacific']",[],False
14,2025-03-29 08:10,flotsam,en,Sea of Thieves,✅OBSIDIAN DROPS✅ Bully PvP w/ @cjshiz,"['DropsEnabled', 'Solo', 'PvP', 'English']",[],False
14,2025-03-29 08:10,Oatley,en,Fortnite,"(!DROPS ON) PRO RELOAD RANKED USING !EXITLAG | Code ""Oatley"" #ad | !socials !youtube","['FamilyFriendly', 'Fortnite', 'BattleRoyale', 'Multiplayer', 'Competitive', 'Professional', 'Positivity', 'PC', 'English', 'DropsEnabled']",[],True
14,2025-03-29 08:10,MrJashon,en,Fortnite,{PICKAXE DROPS HERE}SLEEPING BUT DROPS ARE STILL ON (will be back later in the day)<3🌎 !discord !instagram !drops,"['English', 'ADHD', 'skinny', 'mukbang', 'gamer', '6feet2', 'drops', 'event', 'DropsEnabled']",['ProfanityVulgarity'],False
14,2025-03-29 08:10,jesslolliepop,en,Minecraft,🍭 [DROPS] pink wonderland! 🩷 | Lumamon Building :D | !discord !socials 🍭,"['ChillVibes', 'English', 'Australia', 'Chatty', 'Chilled', 'Cozy', 'Hardcore', 'ViewerRewards']",[],False
14,2025-03-29 08:10,YetrTV,en,Minecraft,Playing Minecraft Battle Royale Hoplite - Minecraft Home CAPE - Minecraft Menace Cape !cape,"['English', 'Minecraft', 'trial', 'mask', 'cape', 'minecraft', 'YearnCape', 'menacecape', 'homecape', 'ViewerRewards']",[],False
14,2025-03-29 08:10,CHERRY5pl,pl,Counter-Strike,🇵🇱 Sangal vs 🇵🇱Monte w PGL Astana 2025 Closed Qualifiers!! /// 14:00 gram w 5SQUAD w Mistrzostwach Europy Map Społeczności !mapcore,"['Polski', 'Esports', 'esport', 'TrickOrTreat']",['MatureGame'],False
14,2025-03-29 08:10,karmaflexxx,ru,Counter-Strike,[RU] Iberian Soul vs Partizan | PGL Astana 2025 Europe Closed Qualifier,"['karmaflexxx', 'Русский', 'PGLAstana2025', 'IberianSoul', 'Partizan']",['MatureGame'],False
14,2025-03-29 08:10,eplcs_en2,en,Counter-Strike,[EN] Viperio vs WOPA | European Pro League Season 21 - Division 2 | Decider Match | by @mjpinkman,"['EPL', 'English', 'CS2', 'Insilio', 'Preasy', 'YoungNinjas', 'kONO', 'GenOne', 'WOPA', 'Leo']",['MatureGame'],False
15,2025-03-29 08:17,VALORANT_Pacific,en,VALORANT,T1 vs. NS - VCT Pacific - Stage 1 - Group Stage - Day 4,"['VCTPacific', 'VCT', 'VALORANT', 'English', 'VCTP', 'RisePacific']",[],False
15,2025-03-29 08:17,flotsam,en,Sea of Thieves,✅OBSIDIAN DROPS✅ Bully PvP w/ @cjshiz,"['DropsEnabled', 'Solo', 'PvP', 'English']",[],False
15,2025-03-29 08:17,Oatley,en,Fortnite,"(!DROPS ON) PRO RELOAD RANKED USING !EXITLAG | Code ""Oatley"" #ad | !socials !youtube","['FamilyFriendly', 'Fortnite', 'BattleRoyale', 'Multiplayer', 'Competitive', 'Professional', 'Positivity', 'PC', 'English', 'DropsEnabled']",[],True
15,2025-03-29 08:17,MrJashon,en,Fortnite,{PICKAXE DROPS HERE}SLEEPING BUT DROPS ARE STILL ON (will be back later in the day)<3🌎 !discord !instagram !drops,"['English', 'ADHD', 'skinny', 'mukbang', 'gamer', '6feet2', 'drops', 'event', 'DropsEnabled']",['ProfanityVulgarity'],False
15,2025-03-29 08:18,jesslolliepop,en,Minecraft,🍭 [DROPS] pink wonderland! 🩷 | Lumamon Building :D | !discord !socials 🍭,"['ChillVibes', 'English', 'Australia', 'Chatty', 'Chilled', 'Cozy', 'Hardcore', 'ViewerRewards']",[],False
15,2025-03-29 08:18,YetrTV,en,Minecraft,Playing Minecraft Battle Royale Hoplite - Minecraft Home CAPE - Minecraft Menace Cape !cape,"['English', 'Minecraft', 'trial', 'mask', 'cape', 'minecraft', 'YearnCape', 'menacecape', 'homecape']",[],False
15,2025-03-29 08:18,AnthonyDayTV,en,EA Sports FC 25,🚨FUT CHAMPS! 🚨 CAN I FINALLY GET 9 WINS?? 🟠🔵 | !YT !Sub !Prime !TikTok !Merch,"['uk', 'English', 'playingwithviewers', 'EASportsFC', 'FC25', 'FUTChampions', 'Dreamchasers', 'TOTW', 'UltimateTeam']",[],False
15,2025-03-29 08:18,bateson87,en,EA Sports FC 25,DREAMCHASERS 2 ✅ Free Sub ▶️ !prime !FC25Code,"['football', 'fifa', 'bald', 'soccer', 'beard', 'English', 'fc25', 'fc']",[],False
15,2025-03-29 08:18,MarcMarleyyy,en,EA Sports FC 25,PRO FUT Champs! / !4411 !442 !4231 !41212 !Discord,['English'],[],False
16,2025-03-29 08:29,VALORANT_Pacific,en,VALORANT,T1 vs. NS - VCT Pacific - Stage 1 - Group Stage - Day 4,"['VCTPacific', 'VCT', 'VALORANT', 'English', 'VCTP', 'RisePacific']",[],False
16,2025-03-29 08:29,flotsam,en,Sea of Thieves,✅OBSIDIAN DROPS✅ Bully PvP w/ @cjshiz,"['DropsEnabled', 'Solo', 'PvP', 'English']",[],False
16,2025-03-29 08:29,Oatley,en,Fortnite,"(!DROPS ON) PRO RELOAD RANKED USING !EXITLAG | Code ""Oatley"" #ad | !socials !youtube","['FamilyFriendly', 'Fortnite', 'BattleRoyale', 'Multiplayer', 'Competitive', 'Professional', 'Positivity', 'PC', 'English', 'DropsEnabled']",[],True
16,2025-03-29 08:29,MrJashon,en,Fortnite,{PICKAXE DROPS HERE}SLEEPING BUT DROPS ARE STILL ON (will be back later in the day)<3🌎 !discord !instagram !drops,"['English', 'ADHD', 'skinny', 'mukbang', 'gamer', '6feet2', 'drops', 'event', 'DropsEnabled']",['ProfanityVulgarity'],False
16,2025-03-29 08:29,jesslolliepop,en,Minecraft,🍭 [DROPS] pink wonderland! 🩷 | Lumamon Building :D | !discord !socials 🍭,"['ChillVibes', 'English', 'Australia', 'Chatty', 'Chilled', 'Cozy', 'Hardcore', 'ViewerRewards']",[],False
16,2025-03-29 08:29,YetrTV,en,Minecraft,Playing Minecraft Battle Royale Hoplite - Minecraft Home CAPE - Minecraft Menace Cape !cape,"['English', 'Minecraft', 'trial', 'mask', 'cape', 'minecraft', 'YearnCape', 'menacecape', 'homecape']",[],False
16,2025-03-29 08:29,HoneyImHomeYT_,en,Minecraft,💥 [DROPS] Learning POKEMON in MINECRAFT! !capes | Lumamon | !donate !discord !yt,"['Australia', 'English', 'AUS', 'FirstPlaythrough', 'Chatty', 'Hardcore', 'chill', 'playingwithviewers', 'fortnite', 'ViewerRewards']",[],False
16,2025-03-29 08:29,EiMine77,pt,Minecraft,✅ RECOMPENSAS ON! | ⭐ SEJA RÁPIDO E GANHE UMA CAPA DE GRAÇA: !CAPA | 💘 INSTAGRAM: @EIMINE77 | !ajuda !rerun !sub !subgratis !loja,"['Minecraft', 'EiMine', 'Português', 'RecompensasEspetadores']",[],False
16,2025-03-29 08:29,NilsAng,de,Minecraft,[Drops ON] Community Server mit euch! KEYS VERLOSUNG!🔶!dc !whitelist !drops,"['minecraft', 'gomme', 'deutsch', 'skywars', 'challenge', 'pvp', 'smp', 'hardcore', 'Deutsch', 'server']",[],False
17,2025-03-29 08:41,VALORANT_Pacific,en,VALORANT,T1 vs. NS - VCT Pacific - Stage 1 - Group Stage - Day 4,"['VCTPacific', 'VCT', 'VALORANT', 'English', 'VCTP', 'RisePacific']",[],False
17,2025-03-29 08:41,flotsam,en,Sea of Thieves,✅OBSIDIAN DROPS✅ Bully PvP w/ @cjshiz,"['DropsEnabled', 'Solo', 'PvP', 'English']",[],False
17,2025-03-29 08:41,Oatley,en,Fortnite,"(!DROPS ON) PRO RELOAD RANKED USING !EXITLAG | Code ""Oatley"" #ad | !socials !youtube","['FamilyFriendly', 'Fortnite', 'BattleRoyale', 'Multiplayer', 'Competitive', 'Professional', 'Positivity', 'PC', 'English', 'DropsEnabled']",[],True
17,2025-03-29 08:41,YetrTV,en,Minecraft,Playing Minecraft Battle Royale Hoplite - Minecraft Home CAPE - Minecraft Menace Cape !cape,"['English', 'Minecraft', 'trial', 'mask', 'cape', 'minecraft', 'YearnCape', 'menacecape', 'homecape']",[],False
17,2025-03-29 08:41,MrJashon,en,Fortnite,{PICKAXE DROPS HERE}SLEEPING BUT DROPS ARE STILL ON (will be back later in the day)<3🌎 !discord !instagram !drops,"['English', 'ADHD', 'skinny', 'mukbang', 'gamer', '6feet2', 'drops', 'event', 'DropsEnabled']",['ProfanityVulgarity'],False
17,2025-03-29 08:41,x2Twins,en,Minecraft,minecraft yooooooooo,"['English', 'ViewerRewards']",[],False
17,2025-03-29 08:41,SypherPKVODS,en,Fortnite,DROPS ON | OFFICIAL 24/7 SYPHERPK CHANNEL,"['English', 'Rerun', 'BattlelRoyale', 'sypherpk', 'Fortnite', 'DropsEnabled']",[],False
17,2025-03-29 08:41,NickEh30_Offline,en,Fortnite,🔴OFFICIAL NICKEH30 WAITING ROOM🔴,"['nickeh30', 'sypherpk', 'clix', 'English', 'DropsEnabled']",[],False
17,2025-03-29 08:41,EiMine77,pt,Minecraft,✅ RECOMPENSAS ON! | ⭐ SEJA RÁPIDO E GANHE UMA CAPA DE GRAÇA: !CAPA | 💘 INSTAGRAM: @EIMINE77 | !ajuda !rerun !sub !subgratis !loja,"['Minecraft', 'EiMine', 'Português', 'RecompensasEspetadores']",[],False
18,2025-03-29 12:02,Beardageddon,en,Sea of Thieves,OBSIDIAN DROPS - 35% off 5 gifted subs !GS !prime !mobile,"['English', 'Casual', 'Interactive', 'ChatInteraction', 'PvP', 'PvE', 'chill', 'moderated', 'NoPolitics', 'DropsEnabled']",[],True
18,2025-03-29 12:02,flotsam,en,Sea of Thieves,✅OBSIDIAN DROPS✅ Solo Sloop PvP,"['DropsEnabled', 'Solo', 'PvP', 'English']",[],False
18,2025-03-29 12:02,YetrTV,en,Minecraft,Playing Minecraft Duels MinemenClub - Minecraft Home CAPE - Minecraft Menace Cape !cape,"['English', 'Minecraft', 'trial', 'mask', 'cape', 'minecraft', 'YearnCape', 'menacecape', 'homecape']",[],False
18,2025-03-29 12:02,MrJashon,en,Fortnite,{PICKAXE DROPS HERE}SLEEPING BUT DROPS ARE STILL ON (will be back later in the day)<3🌎 !discord !instagram !drops,"['English', 'ADHD', 'skinny', 'mukbang', 'gamer', '6feet2', 'drops', 'event', 'DropsEnabled']",['ProfanityVulgarity'],False
18,2025-03-29 12:02,SypherPK,en,Fortnite,(!DROPS ON) FORTNITE DROPS ARE BACK.. Watch the stream for 1 hour to get them | !giveaway !rocketwars,"['PvP', 'Multiplayer', 'English', 'battleroyale', 'Fortnite', 'DropsEnabled']",[],False
18,2025-03-29 12:02,LeVraiDoffy,fr,Sea of Thieves,🔴DROPS & GIVEAWAY🔴DUO SLOOP VIEWERS🔴-35% SUBGIFT🔴❗youtube ❗tuto ❗sub,"['Français', 'DropsActivés']",[],False
18,2025-03-29 12:02,Misonomiso,en,ROBLOX,pluh,"['English', 'roblox', 'marvelrivals', 'SlowLearner', 'Fisch', 'Digit']",[],False
18,2025-03-29 12:02,VoidMagnet,en,ROBLOX,[FISCH]🦈 NEW UPDATE WAITING LOBBY🦈,"['English', 'Fisch']",[],True
18,2025-03-29 12:02,TBornBoss,en,ROBLOX,"FISCH UPDATE DAY🔴ROBUX AND ITEM GIVEAWAYS🔴2K FOLLOWER CELEBRATION 🔴!user, !ps, !discord","['English', 'playingwithfans', 'giveaway', 'TTS', 'roblox', 'Fisch', 'Aurora', 'NUKE', 'ServerLuck']",[],False
19,2025-03-29 12:14,Beardageddon,en,Sea of Thieves,OBSIDIAN DROPS - 35% off 5 gifted subs !GS !prime !mobile,"['English', 'Casual', 'Interactive', 'ChatInteraction', 'PvP', 'PvE', 'chill', 'moderated', 'NoPolitics', 'DropsEnabled']",[],True
19,2025-03-29 12:14,flotsam,en,Sea of Thieves,✅OBSIDIAN DROPS✅ Solo Sloop PvP,"['DropsEnabled', 'Solo', 'PvP', 'English']",[],False
19,2025-03-29 12:14,YetrTV,en,Minecraft,Playing Minecraft Duels MinemenClub - Minecraft Home CAPE - Minecraft Menace Cape !cape,"['English', 'Minecraft', 'trial', 'mask', 'cape', 'minecraft', 'YearnCape', 'menacecape', 'homecape']",[],False
19,2025-03-29 12:14,MrJashon,en,Fortnite,{PICKAXE DROPS HERE}SLEEPING BUT DROPS ARE STILL ON (will be back later in the day)<3🌎 !discord !instagram !drops,"['English', 'ADHD', 'skinny', 'mukbang', 'gamer', '6feet2', 'drops', 'event', 'DropsEnabled']",['ProfanityVulgarity'],False
19,2025-03-29 12:14,LeVraiDoffy,fr,Sea of Thieves,🔴DROPS & GIVEAWAY🔴DUO SLOOP VIEWERS🔴-35% SUBGIFT🔴❗youtube ❗tuto ❗sub,"['Français', 'DropsActivés']",[],False
19,2025-03-29 12:14,AuzioMF,en,EA Sports FC 25,OPENING 4x RANK 1 REWARDS! 🚨 !433 !prime !tts @AuzioMF,"['English', 'football']",[],False
19,2025-03-29 12:15,kat_on_ket,en,Overwatch 2,🔴 Day 73 (partner) ♡ SUBATHON DAY 2!,"['english', 'egirlkat', 'katonket', 'overwatch', 'mentalhealth', 'justchatting', 'girl', 'minecraft', 'cookieclicker', 'HollowKnight']",[],False
19,2025-03-29 12:15,potatori_,en,inZOI,causing trouble,"['English', 'Female', 'scuffed', 'ｖtuber', 'AMA']",[],False
19,2025-03-29 12:15,pizzaislove,en,Overwatch 2,[DROPS] owowatch + some rivals later(maybe),"['English', 'NoPineappleOnPizza', 'Woman', 'Romania', 'DPS', 'strategist', 'DropsEnabled']",[],False
20,2025-03-29 12:22,Beardageddon,en,Sea of Thieves,OBSIDIAN DROPS - 35% off 5 gifted subs !GS !prime !mobile,"['English', 'Casual', 'Interactive', 'ChatInteraction', 'PvP', 'PvE', 'chill', 'moderated', 'NoPolitics', 'DropsEnabled']",[],True
20,2025-03-29 12:22,flotsam,en,Sea of Thieves,✅OBSIDIAN DROPS✅ Solo Sloop PvP,"['DropsEnabled', 'Solo', 'PvP', 'English']",[],False
20,2025-03-29 12:23,YetrTV,en,Minecraft,Playing Minecraft Duels MinemenClub - Minecraft Home CAPE - Minecraft Menace Cape !cape,"['English', 'Minecraft', 'trial', 'mask', 'cape', 'minecraft', 'YearnCape', 'menacecape', 'homecape']",[],False
20,2025-03-29 12:23,MrJashon,en,Fortnite,{PICKAXE DROPS HERE}SLEEPING BUT DROPS ARE STILL ON (will be back later in the day)<3🌎 !discord !instagram !drops,"['English', 'ADHD', 'skinny', 'mukbang', 'gamer', '6feet2', 'drops', 'event', 'DropsEnabled']",['ProfanityVulgarity'],False
20,2025-03-29 12:23,LeVraiDoffy,fr,Sea of Thieves,🔴DROPS & GIVEAWAY🔴DUO SLOOP VIEWERS🔴-35% SUBGIFT🔴❗youtube ❗tuto ❗sub,"['Français', 'DropsActivés']",[],False
20,2025-03-29 12:23,AuzioMF,en,EA Sports FC 25,OPENING 4x RANK 1 REWARDS! 🚨 !433 !prime !tts @AuzioMF,"['English', 'football']",[],False
20,2025-03-29 12:23,PhuzzyBond,en,Sea of Thieves,!Drops | 🫖Good Vibes | 💚💜 Get SoT at 65% off !games,"['ClosedCaptions', 'LongSilkyHair', 'FamilyFriendly', 'SeaOfThievesPartner', 'ASMR', 'English', 'Chill', 'GoodVibes', 'DropsEnabled']",[],False
20,2025-03-29 12:23,Beardageddon247,en,Sea of Thieves,Rerun - No Drops | 24/7 Beardageddon Watch Party | I can't play this game,"['English', 'Rerun', 'NoDrops', 'hangout', 'NotLive', 'catchup', 'lotsofads']",[],False
20,2025-03-29 12:23,Fi1es,en,Rust,RUST EVENT TODAY | Kingdom vs Kingdom 🏴‍☠️!partnerplus,"['PvP', 'English', 'ControllerPlayer', 'TTS100', 'SoTPartner']",['MatureGame'],False
21,2025-03-29 12:31,Beardageddon,en,Sea of Thieves,OBSIDIAN DROPS - 35% off 5 gifted subs !GS !prime !mobile,"['English', 'Casual', 'Interactive', 'ChatInteraction', 'PvP', 'PvE', 'chill', 'moderated', 'NoPolitics', 'DropsEnabled']",[],True
21,2025-03-29 12:31,flotsam,en,Sea of Thieves,✅OBSIDIAN DROPS✅ Solo Sloop PvP,"['DropsEnabled', 'Solo', 'PvP', 'English']",[],False
21,2025-03-29 12:31,YetrTV,en,Minecraft,Playing Minecraft Hoplite - Minecraft Home CAPE - Minecraft Menace Cape !cape,"['English', 'Minecraft', 'trial', 'mask', 'cape', 'minecraft', 'YearnCape', 'menacecape', 'homecape']",[],False
21,2025-03-29 12:31,MrJashon,en,Fortnite,{PICKAXE DROPS HERE}SLEEPING BUT DROPS ARE STILL ON (will be back later in the day)<3🌎 !discord !instagram !drops,"['English', 'ADHD', 'skinny', 'mukbang', 'gamer', '6feet2', 'drops', 'event', 'DropsEnabled']",['ProfanityVulgarity'],False
21,2025-03-29 12:31,PhuzzyBond,en,Sea of Thieves,!Drops | 🫖Good Vibes | 💚💜 Get SoT at 65% off !games,"['ClosedCaptions', 'LongSilkyHair', 'FamilyFriendly', 'SeaOfThievesPartner', 'ASMR', 'English', 'Chill', 'GoodVibes', 'DropsEnabled']",[],False
21,2025-03-29 12:31,LeVraiDoffy,fr,Sea of Thieves,🔴DROPS & GIVEAWAY🔴DUO SLOOP VIEWERS🔴-35% SUBGIFT🔴❗youtube ❗tuto ❗sub,"['Français', 'DropsActivés']",[],False
21,2025-03-29 12:31,viizzzm,es,VALORANT,duo TO RADIANT VAMOOSOSSS to TRYHARD,"['Español', 'shooters', 'Competitivo', 'valorant', 'Esports']",[],False
21,2025-03-29 12:31,Grimm,en,VALORANT,#1 SAGE IN THE WORLD RADIANT RANKED DESTRUCTION,['English'],[],False
21,2025-03-29 12:32,Subroza,en,VALORANT,🥀 TOP 1 RADIANT RANKED GRIND🥀 DAY 325/366 🥀 @SubrozaVOD 24/7 Channel 🥀 yes im fasting,"['English', 'French', 'valorant', 'radiant', 'Subroza', 'pro', 'professional', 'ranked']",[],False
22,2025-03-29 16:02,BLASTPremier,en,Counter-Strike,"BLAST Premier Open Spring Lisbon 2025, Semi Finals - Eternal Fire vs MOUZ, Vitality vs Spirit","['Esports', 'English', 'BLAST', 'blastpremier', 'counterstrike', 'counterstrike2']",['MatureGame'],False
22,2025-03-29 16:02,Dantes,en,League of Legends,GOD DAMMIT - BEST HEC WORLD - ASSASSIN HECARIM DOMINATION - GM 607LP START,['English'],[],False
22,2025-03-29 16:02,BigBadSnowdon,en,Fortnite,🔥!DROPS ON🔥FORTNITE CUSTOMS WITH VIEWERS!🔥 Drops enabled,"['English', 'adhd', 'bald', 'fortnite', 'drops', 'dropsenabled', 'DropsEnabled']",[],False
22,2025-03-29 16:02,MrJashon,en,Split Fiction,FIRST PLAYTHROUGH🌎NOT ENDING STREAM UNTIL WE BEAT SPLIT FICTION🌎 !discord !instagram !drops,"['English', 'ADHD', 'skinny', 'mukbang', 'gamer', '6feet2', 'drops', 'event']",['ProfanityVulgarity'],False
22,2025-03-29 16:02,YetrTV,en,Minecraft,Playing Minecraft Duels MinemenClub - Minecraft Home CAPE - Minecraft Menace Cape !cape,"['English', 'Minecraft', 'trial', 'mask', 'cape', 'minecraft', 'YearnCape', 'menacecape', 'homecape']",[],False
22,2025-03-29 16:02,ohnePixel,en,Counter-Strike,🔴SPIRIT vs VITALITY | BLAST LISBON SEMIFINAL🔴,"['English', 'Esports']",['MatureGame'],False
22,2025-03-29 16:02,Flexteon,en,Minecraft,🔴HOW MUCH CAN I MAKE IN 1 HOUR ON DONUT SMP🔴,"['English', 'playingwithhviewers', 'minecraft', 'DonutSMP', 'donutsmplive', 'DonutSMPnet', 'SMP', 'miencraftserver', 'DonutSMPGiveaway', 'donutsmpstream']",[],False
22,2025-03-29 16:02,oCxmboo,en,Minecraft,🎁 FREE CAPE DROPS ON 🎁| HYPIXEL BEDWARS | Road to 2000⭐ | !code !discord,"['Bedwars', 'Minecraft', 'egirl', 'smp', 'eboy', 'HYPIXEL', 'SKYWARS', 'SKYBLOCK', 'SMP', 'English']",[],False
22,2025-03-29 16:02,iVoxy,en,Minecraft,[DROPS]🔴 3 Days Until Subathon 🔴 5+ Gifts 35% off 🔴 Ironman Hypixel Skyblock 🔴 !socials !discord,"['Canadian', 'Hypixel', 'English', 'Skyblock', 'Trials', 'DROPS', 'GFUEL', 'youtube', 'ViewerRewards']",[],False
23,2025-03-29 16:10,YetrTV,en,Minecraft,Playing Minecraft Duels MinemenClub - Minecraft Home CAPE - Minecraft Menace Cape !cape,"['English', 'Minecraft', 'trial', 'mask', 'cape', 'minecraft', 'YearnCape', 'menacecape', 'homecape']",[],False
23,2025-03-29 16:10,MrJashon,en,Split Fiction,FIRST PLAYTHROUGH🌎NOT ENDING STREAM UNTIL WE BEAT SPLIT FICTION🌎 !discord !instagram !drops,"['English', 'ADHD', 'skinny', 'mukbang', 'gamer', '6feet2', 'drops', 'event']",['ProfanityVulgarity'],False
23,2025-03-29 16:10,ohnePixel,en,Counter-Strike,🔴SPIRIT vs VITALITY | BLAST LISBON SEMIFINAL🔴,"['English', 'Esports']",['MatureGame'],False
23,2025-03-29 16:10,lilsimsie,en,The Sims 4,WHEEL DECIDES MY SIMS BUILD | !donate to Trans Lifeline 🩵🤍🩷,"['SheHer', 'English']",[],False
23,2025-03-29 16:10,Beardageddon,en,Sea of Thieves,OBSIDIAN DROPS - 35% off 5 gifted subs !GS !prime !mobile,"['English', 'Casual', 'Interactive', 'ChatInteraction', 'PvP', 'PvE', 'chill', 'moderated', 'NoPolitics', 'DropsEnabled']",[],True
23,2025-03-29 16:11,JaayMC,en,Minecraft,✨ Get the NEW Cape! | 🌎 Minecraft Survival! | 🌠 Partner Grind Streamathon (Day 6) 🌈 how are you?! | !cape !partner,"['Survival', 'LGBTQ', 'SafeSpace', 'Cape', 'Drops', 'PlayingWithViewers', 'Chill', 'SMP', 'subathon', 'Minecraft']",[],False
23,2025-03-29 16:11,Arguz11,en,ROBLOX,FREE ROBUX ON PLS DONATE! Commands on screen!,"['giveaway', 'playingwithviewers', 'roblox', 'plsdonate', 'bloxfruit', 'English', 'Rerun', 'Albion', 'mammoth', 'Silver']",[],False
23,2025-03-29 16:11,Je_remy_,en,ROBLOX,Donating Robux & Giveaways! 🤑,"['English', 'Robux']",[],False
23,2025-03-29 16:11,Zintid,en,ROBLOX,ROBUX GIVEAWAY | !giveaway | !discord | !play FREE ROBUX,"['English', 'Rerun']",[],False
24,2025-03-29 16:18,YetrTV,en,Minecraft,Playing Minecraft Duels MinemenClub - Minecraft Home CAPE - Minecraft Menace Cape !cape,"['English', 'Minecraft', 'trial', 'mask', 'cape', 'minecraft', 'YearnCape', 'menacecape', 'homecape']",[],False
24,2025-03-29 16:18,MrJashon,en,Split Fiction,FIRST PLAYTHROUGH🌎NOT ENDING STREAM UNTIL WE BEAT SPLIT FICTION🌎 !discord !instagram !drops,"['English', 'ADHD', 'skinny', 'mukbang', 'gamer', '6feet2', 'drops', 'event']",['ProfanityVulgarity'],False
24,2025-03-29 16:19,ohnePixel,en,Counter-Strike,🔴SPIRIT vs VITALITY | BLAST LISBON SEMIFINAL🔴,"['English', 'Esports']",['MatureGame'],False
24,2025-03-29 16:19,lilsimsie,en,The Sims 4,WHEEL DECIDES MY SIMS BUILD | !donate to Trans Lifeline 🩵🤍🩷,"['SheHer', 'English']",[],False
24,2025-03-29 16:19,iddqd,en,Overwatch 2,"[!drops] 35% off gifted subs right now, but why? / lmao short stream","['gigachad', 'aimbot', 'FPS', 'English', 'adhd', 'swedish', 'pro', 'Educational', 'Cassidy', 'DropsEnabled']",[],False
24,2025-03-29 16:19,Dantes,en,League of Legends,GOD DAMMIT - BEST HEC WORLD - ASSASSIN HECARIM DOMINATION - GM 607LP START,['English'],[],False
24,2025-03-29 16:19,Thebausffs,en,League of Legends,PLAYING @AUTOPHIL ARENA TOURNAMENT AT 17PM 2500 EUROS IF WE WIN. DUO IS KYQO,['English'],[],False
24,2025-03-29 16:19,Caedrel,en,League of Legends,🔴LEC COSTREAM SPRING SPLIT STARTS - BEST OF 3 FEARLESS ALL DAY BIG DAY PACED UPPPPPPP #WatchLEC !dpmlol !discord !displate,"['English', 'LPL', 'LCK', 'LEC']",[],False
24,2025-03-29 16:19,KeshaEuw,en,League of Legends,G2 WATCH PARTY 🍎 NO LOSSES THIS SEASON🍎FEARLESS DRAFT QUEENS #WatchLEC🍎!newvid,['English'],[],False
25,2025-03-29 20:01,ohnePixel,en,Counter-Strike,🔴SPIRIT vs VITALITY | BLAST LISBON SEMIFINAL🔴,"['English', 'Esports']",['MatureGame'],False
25,2025-03-29 20:02,Sigy,en,Rust,🔴RUST KINGDOM EVENT🔴,['English'],['MatureGame'],True
25,2025-03-29 20:02,lilsimsie,en,The Sims 4,WHEEL DECIDES MY SIMS BUILD | !donate to Trans Lifeline 🩵🤍🩷,"['SheHer', 'English']",[],False
25,2025-03-29 20:02,kaseyph,en,Fortnite,New Fortnite drops ??? Servers are back up lmao (playing with viewers),"['English', 'UK', 'spiderman', 'British', 'sidemen', 'Invincible', 'BritishStreamer', 'activewithchat', 'DropsEnabled', 'fortnitedrops']",[],False
25,2025-03-29 20:02,EZ_CLAPS09,en,Minecraft,GET THE CAPE HERE. TRYING NOT TO SCREAM AS YOU JOIN MY STREAM. Use these commands: !rewardsprogram !discord !yt !tiktok !venmo.,"['chill', 'LOUD', 'PlayingwithViewers', 'English', 'minecraft', 'FamilyFriendly', 'underratedstreamer', 'Interactive', 'justchatting', 'ViewerRewards']",[],False
25,2025-03-29 20:02,Wanderwisp,en,Minecraft,[CAPE DROP] Minecraft Movie Event! Quest #3!,"['English', 'SafeSpace', 'LGBTQIAPlus', 'ADHD', 'minecraft', 'bedrock', 'chill', 'Chatty', 'ViewerRewards']",[],False
25,2025-03-29 20:02,velja_lol,en,League of Legends,LR VELJA - JOKER ON HIS CHALL GRIND  !operagx !youtube 88/365,"['LeagueOfLegends', 'challenger', 'English']",[],False
25,2025-03-29 20:02,tarzaned,en,League of Legends,COACHING + VOD REVIEWING | COACHING -> tarzaned.gg | EDATERS.GG|,['English'],[],False
25,2025-03-29 20:02,Spear_Shot,en,League of Legends,Rank 172 Start. No Shaving Until Rank 1. | !insta,['English'],[],False
26,2025-03-29 20:10,Sigy,en,Rust,🔴RUST KINGDOM EVENT🔴,['English'],['MatureGame'],True
26,2025-03-29 20:10,ohnePixel,en,Counter-Strike,🔴SPIRIT vs VITALITY | BLAST LISBON SEMIFINAL🔴,"['English', 'Esports']",['MatureGame'],False
26,2025-03-29 20:10,Wanderwisp,en,Minecraft,[CAPE DROP] Minecraft Movie Event! Quest #3!,"['English', 'SafeSpace', 'LGBTQIAPlus', 'ADHD', 'minecraft', 'bedrock', 'chill', 'Chatty', 'ViewerRewards']",[],False
26,2025-03-29 20:10,lilsimsie,en,The Sims 4,WHEEL DECIDES MY SIMS BUILD | !donate to Trans Lifeline 🩵🤍🩷,"['SheHer', 'English']",[],False
26,2025-03-29 20:10,FroggerOW,en,Overwatch 2,[DROPS ON!] GREAT DAY!! 🔴 BETTER THAN THE LAST I HOPE 🔴,"['Australian', 'English', 'DropsEnabled']",[],False
26,2025-03-29 20:10,kaseyph,en,Fortnite,New Fortnite drops ??? Servers are back up lmao (playing with viewers),"['English', 'UK', 'spiderman', 'British', 'sidemen', 'Invincible', 'BritishStreamer', 'activewithchat', 'DropsEnabled', 'fortnitedrops']",[],False
26,2025-03-29 20:10,GumiSamaVT,en,Art,IM BACK!!! | Workin on Silly Art :3 | | Gummy Shark Vtuber,"['envtuber', 'English', 'Cozy', 'SafeSpace', 'Vtuber', 'ChaosGremlin', 'interactiveStreamer', 'ADHD', 'TwitchStreamers', 'fyp']",[],False
26,2025-03-29 20:10,silkiemirounga,en,Just Chatting,🍀 Silkie's emo anime phase is going to be revealed... ꒰ ⋆.˚ #TrReDiary Collab ⋆.˚ ꒱,"['English', 'VTuber', 'FemaleVTuber', 'Wholesome', 'GoodVibes', 'suffering', 'unhinged', 'brainworms', 'seiso', 'anime']",[],False
26,2025-03-29 20:11,Kureii__,en,VALORANT,[NA] ( ◥◣_◢◤ ) @k5nji ✨ !discord !kofi,"['English', 'Vtuber', 'Anime', 'sus', 'LoudStreamer', 'Asian', 'NA', 'ENVtuber']",[],False
27,2025-03-29 20:19,Sigy,en,Rust,🔴RUST KINGDOM EVENT🔴,['English'],['MatureGame'],True
27,2025-03-29 20:19,ohnePixel,en,Counter-Strike,🔴SPIRIT vs VITALITY | BLAST LISBON SEMIFINAL🔴,"['English', 'Esports']",['MatureGame'],False
27,2025-03-29 20:19,kaseyph,en,Fortnite,New Fortnite drops ??? Servers are back up lmao (playing with viewers),"['English', 'UK', 'spiderman', 'British', 'sidemen', 'Invincible', 'BritishStreamer', 'activewithchat', 'DropsEnabled', 'fortnitedrops']",[],False
27,2025-03-29 20:19,Wanderwisp,en,Minecraft,[CAPE DROP] Minecraft Movie Event! Quest #3!,"['English', 'SafeSpace', 'LGBTQIAPlus', 'ADHD', 'minecraft', 'bedrock', 'chill', 'Chatty', 'ViewerRewards']",[],False
27,2025-03-29 20:19,lilsimsie,en,The Sims 4,WHEEL DECIDES MY SIMS BUILD | !donate to Trans Lifeline 🩵🤍🩷,"['SheHer', 'English']",[],False
27,2025-03-29 20:19,FroggerOW,en,Overwatch 2,[DROPS ON!] GREAT DAY!! 🔴 BETTER THAN THE LAST I HOPE 🔴,"['Australian', 'English', 'DropsEnabled']",[],False
27,2025-03-29 20:19,EZ_CLAPS09,en,Minecraft,THE CAPE FINALLY WORKS! TRYING NOT TO SCREAM AS YOU JOIN MY STREAM. Use these commands: !rewardsprogram !discord !yt !tiktok !venmo.,"['chill', 'LOUD', 'PlayingwithViewers', 'English', 'minecraft', 'FamilyFriendly', 'underratedstreamer', 'Interactive', 'justchatting', 'ViewerRewards']",[],False
27,2025-03-29 20:19,EiMine77,pt,Minecraft,✅ RECOMPENSAS ON! | ⭐ SEJA RÁPIDO E GANHE UMA CAPA DE GRAÇA: !CAPA | 💘 INSTAGRAM: @EIMINE77 | !ajuda !rerun !sub !subgratis !loja,"['Minecraft', 'EiMine', 'Português', 'RecompensasEspetadores']",[],False
27,2025-03-29 20:19,Toxicmatt565,en,Minecraft,Playing Cobblemon,"['English', 'pokemoncontent', 'cobblemon', 'ViewerRewards']",[],False
28,2025-03-29 20:28,Sigy,en,Rust,🔴RUST KINGDOM EVENT🔴,['English'],['MatureGame'],True
28,2025-03-29 20:28,Wanderwisp,en,Minecraft,[CAPE DROP] Minecraft Movie Event! Quest #3!,"['English', 'SafeSpace', 'LGBTQIAPlus', 'ADHD', 'minecraft', 'bedrock', 'chill', 'Chatty', 'ViewerRewards']",[],False
28,2025-03-29 20:28,kaseyph,en,Fortnite,New Fortnite drops ??? Servers are back up lmao (playing with viewers),"['English', 'UK', 'spiderman', 'British', 'sidemen', 'Invincible', 'BritishStreamer', 'activewithchat', 'DropsEnabled', 'fortnitedrops']",[],False
28,2025-03-29 20:28,JaayMC,en,Minecraft,✨ Get the NEW Cape! | 🌎 Minecraft Survival! | 🌠 Partner Grind Streamathon (Day 6) 🌈 how are you?! | !cape !partner,"['Survival', 'LGBTQ', 'SafeSpace', 'Cape', 'Drops', 'PlayingWithViewers', 'Chill', 'SMP', 'subathon', 'Minecraft']",[],False
28,2025-03-29 20:28,lilsimsie,en,The Sims 4,WHEEL DECIDES MY SIMS BUILD | !donate to Trans Lifeline 🩵🤍🩷,"['SheHer', 'English']",[],False
28,2025-03-29 20:28,FroggerOW,en,Overwatch 2,[DROPS ON!] GREAT DAY!! 🔴 BETTER THAN THE LAST I HOPE 🔴,"['Australian', 'English', 'DropsEnabled']",[],False
28,2025-03-29 20:29,zonaal,en,Overwatch 2,SOME TYPE OF MALICIOUS GRIND IDK YET WOWOWOWOOWOWOWOWO,"['English', 'winston', 'Ranked', 'comp', 'DropsEnabled']",[],False
28,2025-03-29 20:29,OW_August,en,Overwatch 2,[!DROPS] SEASON 15!!! RANKED SUPPORT/DPS ROLE GAMES!! B500 GAMEPLAY!!!,"['Casual', 'FPS', 'English', 'Action', 'overwatch', 'overwatch2', 'DropsEnabled']",[],False
28,2025-03-29 20:29,emstersen,en,Overwatch 2,[NOR/ENG] !ssu R.E.P.O with SSU staff!!! !inhouse,"['English', 'Norwegian', 'SupportMain', 'overwatch', 'egirl', 'slay', 'Norsk', 'DropsEnabled']",[],False
29,2025-03-30 00:04,MrJashon,en,Fortnite,{PICKAXE DROPS HERE!}FORTNITE IS GREAT BUT IM BUNS🌎CLAIM YOUR PICKAXE HERE !drop !drops !discord !instagram !drops,"['English', 'ADHD', 'skinny', 'mukbang', 'gamer', '6feet2', 'drops', 'event', 'DropsEnabled']",['ProfanityVulgarity'],False
29,2025-03-30 00:04,Aspen,en,Overwatch 2,[!DROPS] 6V6 SUPPORTING LETS GOOO !newvid,"['English', 'DropsEnabled']",[],False
29,2025-03-30 00:04,Warn,en,Overwatch 2,[!DROPS] #1 ASHE 🔴 100K SUBS 🎉 🔴 TRIO WITH ASPEN AND FROGGER  🔴 POKEMON PACKS + OVERWATCH 🔴 NEW 6V6 ASHE !VIDEO 🔴 USA birthday !pobox,"['Overwatch', 'Competitive', 'ADHD', 'Drops', 'English', 'DropsEnabled']",[],False
29,2025-03-30 00:04,punccc,en,VALORANT,Sometimes i get rly angry and then i stop and think. Id rather get pissed on than pissed off. then i get so horny im not mad anymo| !discord,"['English', 'VALORONAT', 'newagent', 'LOUD', 'funny', 'sexygamer', 'VALORANＴ', 'valorant', 'toxic', 'wholesome']",[],False
29,2025-03-30 00:04,CarlCrafts,en,Minecraft,!CAPE !THRONE !DROPS - MINECRAFT BUT... ITS IMPOSSIBLE?! - With @queen_ov_drama @sir_nipplington and @jazzlikeonion,"['Australian', 'ADHD', 'Hardcore', 'English', 'Neurodivergent', 'Aussie', 'ClosedCaptions', 'drops', 'Cape', 'ViewerRewards']",[],False
29,2025-03-30 00:04,AlrightJoe,en,Rust,KINGDOM vs KINGDOM!! All Hail King COOP!!,"['Chill', 'ADD', 'English', 'RP']",['MatureGame'],False
29,2025-03-30 00:04,moose13377,en,Counter-Strike,Bluejays vs Getting Info | !maps | Best of 3 | PGL Astana CQ - NA |,"['gaming', 'justcchatting', 'counterstrike', 'counterstrike2', 'Esports', 'ChillingWithChat', 'English', 'NACS']",['MatureGame'],True
29,2025-03-30 00:04,Floofys,en,Counter-Strike,NRG vs Nouns | PGL Astana Closed Qualifier | @floofys <NA> <ENG>,"['English', 'Boomer', 'Caster', 'LGBTQIA', 'Gay', 'Chicago', 'Vegan', 'ClosedCaptions', 'NorthAmerica', 'Nouns']",['MatureGame'],False
29,2025-03-30 00:04,lyonder_cast,uk,Counter-Strike,🟣 чіловий нічний faceit та казочки | !tg,"['UkrainianCS', 'UkrainianCommunity', 'UkrainianGaming', 'Українська']",['MatureGame'],False
30,2025-03-30 00:12,MrJashon,en,Fortnite,{PICKAXE DROPS HERE!}FORTNITE IS GREAT BUT IM BUNS🌎CLAIM YOUR PICKAXE HERE !drop !drops !discord !instagram !drops,"['English', 'ADHD', 'skinny', 'mukbang', 'gamer', '6feet2', 'drops', 'event', 'DropsEnabled']",['ProfanityVulgarity'],False
30,2025-03-30 00:12,Aspen,en,Overwatch 2,[!DROPS] 6V6 SUPPORTING LETS GOOO !newvid,"['English', 'DropsEnabled']",[],False
30,2025-03-30 00:12,CarlCrafts,en,Minecraft,!CAPE !THRONE !DROPS - MINECRAFT BUT... ITS IMPOSSIBLE?! - With @queen_ov_drama @sir_nipplington and @jazzlikeonion,"['Australian', 'ADHD', 'Hardcore', 'English', 'Neurodivergent', 'Aussie', 'ClosedCaptions', 'drops', 'Cape', 'ViewerRewards']",[],False
30,2025-03-30 00:12,Warn,en,Overwatch 2,[!DROPS] #1 ASHE 🔴 100K SUBS 🎉 🔴 TRIO WITH ASPEN AND FROGGER  🔴 POKEMON PACKS + OVERWATCH 🔴 NEW 6V6 ASHE !VIDEO 🔴 USA birthday !pobox,"['Overwatch', 'Competitive', 'ADHD', 'Drops', 'English', 'DropsEnabled']",[],False
30,2025-03-30 00:12,CJSHIZ,en,Sea of Thieves,🟢 !DROPS 🟢 SEA OF TOAD 🟢 !yt !merch !gfuel !giveaway 🟢,"['PvP', 'SeaOfThievesPartner', 'Giveaway', 'English', 'GFUEL', 'DropsEnabled']",[],False
30,2025-03-30 00:12,Ennailegamer,es,Just Chatting,💥5to Día de ESE PASE NO SE PASA SOLO💥 FORTNITE DROP  ||CAP 13 SOLO LEVELING  ✨únete juguemos ✨|| !discord !clip Sígueme 🦄@ennailegamer,"['Español', 'Colombia', 'Venezuela', 'ponycornios', 'LATAM', 'Anime']",[],False
30,2025-03-30 00:13,ValeMSP,es,R.E.P.O.,[ESP/CL]+18💜Hoy en colaboración jugando R.e.p.o. con las chicas UwU💜|🌛Team Insomnia🌜| Tiktok/IG: @valemsp,['Español'],[],False
30,2025-03-30 00:13,Galleta233,es,Fortnite,KEEE ONDAAAAA KELOPARIOCHEEE,"['Argentina', 'Gamer', 'Irl', 'Charo', 'ProGamer', 'ARG', 'Español', 'girlgamers', 'milipili', 'DropsActivados']",[],False
31,2025-03-30 00:23,MrJashon,en,Fortnite,{PICKAXE DROPS HERE!}FORTNITE IS GREAT BUT IM BUNS🌎CLAIM YOUR PICKAXE HERE !drop !drops !discord !instagram !drops,"['English', 'ADHD', 'skinny', 'mukbang', 'gamer', '6feet2', 'drops', 'event', 'DropsEnabled']",['ProfanityVulgarity'],False
31,2025-03-30 00:23,Aspen,en,Overwatch 2,[!DROPS] 6V6 SUPPORTING LETS GOOO !newvid,"['English', 'DropsEnabled']",[],False
31,2025-03-30 00:23,punccc,en,VALORANT,Sometimes i get rly angry and then i stop and think. Id rather get pissed on than pissed off. then i get so horny im not mad anymo| !discord,"['English', 'VALORONAT', 'newagent', 'LOUD', 'funny', 'sexygamer', 'VALORANＴ', 'valorant', 'toxic', 'wholesome']",[],False
31,2025-03-30 00:23,CarlCrafts,en,Minecraft,!CAPE !THRONE !DROPS - MINECRAFT BUT... ITS IMPOSSIBLE?! - With @queen_ov_drama @sir_nipplington and @jazzlikeonion,"['Australian', 'ADHD', 'Hardcore', 'English', 'Neurodivergent', 'Aussie', 'ClosedCaptions', 'drops', 'Cape', 'ViewerRewards']",[],False
31,2025-03-30 00:23,CJSHIZ,en,Sea of Thieves,🟢 !DROPS 🟢 SEA OF TOAD 🟢 !yt !merch !gfuel !giveaway 🟢,"['PvP', 'SeaOfThievesPartner', 'Giveaway', 'English', 'GFUEL', 'DropsEnabled']",[],False
31,2025-03-30 00:23,Warn,en,Overwatch 2,[!DROPS] #1 ASHE 🔴 100K SUBS 🎉 🔴 TRIO WITH ASPEN AND FROGGER  🔴 POKEMON PACKS + OVERWATCH 🔴 NEW 6V6 ASHE !VIDEO 🔴 USA birthday !pobox,"['Overwatch', 'Competitive', 'ADHD', 'Drops', 'English', 'DropsEnabled']",[],False
31,2025-03-30 00:23,Fi1es,en,Rust,RUST EVENT TODAY | Kingdom vs Kingdom 🏴‍☠️!partnerplus,"['PvP', 'English', 'ControllerPlayer', 'TTS100', 'SoTPartner']",['MatureGame'],False
31,2025-03-30 00:23,Sandromeda,en,Sea of Thieves,[DROPS] BIG BOOTY BOAT -> Sandromeda.ca <-👀 !merch 10% OFF for subs!🌠40% FLASH SALE RN @ !madrinas +20% OFF w/ code 'SANDROMEDA'🌠,"['English', 'StJudePlayLive', 'Madrinas', 'SoTPartner', 'HotTubStreamWithoutTheTub', 'DropsEnabled']",[],True
31,2025-03-30 00:24,OlBrownTownn,en,Sea of Thieves,Drops And Missing Shots | !Discord | TTS 100 Bits,"['Controller', 'PvP', 'PvE', 'Shenanigans', 'English', 'DropsEnabled']",[],False
32,2025-03-30 00:31,MrJashon,en,Fortnite,{PICKAXE DROPS HERE!}FORTNITE IS GREAT BUT IM BUNS🌎CLAIM YOUR PICKAXE HERE !drop !drops !discord !instagram !drops,"['English', 'ADHD', 'skinny', 'mukbang', 'gamer', '6feet2', 'drops', 'event', 'DropsEnabled']",['ProfanityVulgarity'],False
32,2025-03-30 00:31,Aspen,en,Overwatch 2,[!DROPS] 6V6 SUPPORTING LETS GOOO !newvid,"['English', 'DropsEnabled']",[],False
32,2025-03-30 00:31,CJSHIZ,en,Sea of Thieves,🟢 !DROPS 🟢 SEA OF TOAD 🟢 !yt !merch !gfuel !giveaway 🟢,"['PvP', 'SeaOfThievesPartner', 'Giveaway', 'English', 'GFUEL', 'DropsEnabled']",[],False
32,2025-03-30 00:31,punccc,en,VALORANT,Sometimes i get rly angry and then i stop and think. Id rather get pissed on than pissed off. then i get so horny im not mad anymo| !discord,"['English', 'VALORONAT', 'newagent', 'LOUD', 'funny', 'sexygamer', 'VALORANＴ', 'valorant', 'toxic', 'wholesome']",[],False
32,2025-03-30 00:31,CarlCrafts,en,Minecraft,!CAPE !THRONE !DROPS - MINECRAFT BUT... ITS IMPOSSIBLE?! - With @queen_ov_drama @sir_nipplington and @jazzlikeonion,"['Australian', 'ADHD', 'Hardcore', 'English', 'Neurodivergent', 'Aussie', 'ClosedCaptions', 'drops', 'Cape', 'ViewerRewards']",[],False
32,2025-03-30 00:31,AlrightJoe,en,Rust,KINGDOM vs KINGDOM!! All Hail King COOP!!,"['Chill', 'ADD', 'English', 'RP']",['MatureGame'],False
32,2025-03-30 00:31,Andres_3197,en,Just Chatting,🎤 LATE NIGHT AUX BATTLES 🎤 !discord !socials,"['Toronto', 'Canada', 'ECAUDOR', 'VIBE', 'EAFC24', 'PROCLUBS', 'TOURNAMENT', 'English']",[],False
32,2025-03-30 00:31,Hectic,en,Slots,MAX WIN US NOW DUDE !RAINBET,"['English', 'USA', 'soccer', 'Football', 'golf', 'golfing']",['MatureGame'],False
32,2025-03-30 00:31,FutShark,en,EA Sports FC 25,Worst NA WL Player!,"['English', 'fifa', 'Football', 'soccer']",[],False
33,2025-03-30 00:42,MrJashon,en,Fortnite,{PICKAXE DROPS HERE!}FORTNITE IS GREAT BUT IM BUNS🌎CLAIM YOUR PICKAXE HERE !drop !drops !discord !instagram !drops,"['English', 'ADHD', 'skinny', 'mukbang', 'gamer', '6feet2', 'drops', 'event', 'DropsEnabled']",['ProfanityVulgarity'],False
33,2025-03-30 00:42,Aspen,en,Overwatch 2,[!DROPS] 6V6 SUPPORTING LETS GOOO !newvid,"['English', 'DropsEnabled']",[],False
33,2025-03-30 00:43,CJSHIZ,en,Sea of Thieves,🟢 !DROPS 🟢 SEA OF TOAD 🟢 !yt !merch !gfuel !giveaway 🟢,"['PvP', 'SeaOfThievesPartner', 'Giveaway', 'English', 'GFUEL', 'DropsEnabled']",[],False
33,2025-03-30 00:43,Warn,en,Overwatch 2,[!DROPS] #1 ASHE 🔴 100K SUBS 🎉 🔴 TRIO WITH ASPEN AND FROGGER  🔴 POKEMON PACKS + OVERWATCH 🔴 NEW 6V6 ASHE !VIDEO 🔴 USA birthday !pobox,"['Overwatch', 'Competitive', 'ADHD', 'Drops', 'English', 'DropsEnabled']",[],False
33,2025-03-30 00:43,CarlCrafts,en,Minecraft,!CAPE !THRONE !DROPS - MINECRAFT BUT... ITS IMPOSSIBLE?! - With @queen_ov_drama @sir_nipplington and @jazzlikeonion,"['Australian', 'ADHD', 'Hardcore', 'English', 'Neurodivergent', 'Aussie', 'ClosedCaptions', 'drops', 'Cape', 'ViewerRewards']",[],False
33,2025-03-30 00:43,punccc,en,VALORANT,Sometimes i get rly angry and then i stop and think. Id rather get pissed on than pissed off. then i get so horny im not mad anymo| !discord,"['English', 'VALORONAT', 'newagent', 'LOUD', 'funny', 'sexygamer', 'VALORANＴ', 'valorant', 'toxic', 'wholesome']",[],False
33,2025-03-30 00:43,SypherPKVODS,en,Fortnite,DROPS ON | OFFICIAL 24/7 SYPHERPK CHANNEL,"['English', 'Rerun', 'BattlelRoyale', 'sypherpk', 'Fortnite', 'DropsEnabled']",[],False
33,2025-03-30 00:43,ToastyBananaLive,en,Minecraft,[CAPE DROPS ENABLED] Minecraft Week Day 4! - Playing on the ViewerSMP!,"['English', 'funny', 'minecraftsmp', 'viewerscanjoin', 'viewersmp', 'viewerserver', 'playingwithviewers', 'drops', 'capedrops', 'cape']",[],False
33,2025-03-30 00:43,ElWaton3D,es,Overwatch 2,🔴  !DROPS 24/7  🔴 ROAD TO MASTER 🔴 TOP 500 DE MI CASA,"['Chile', 'Español', 'chileno', 'juego', 'ESP', 'lawatoneta', 'overwatch', 'overwatch2', 'OW2', 'OW']",['ProfanityVulgarity'],False
34,2025-03-30 04:02,x2Twins,en,Rocket League,rocket league yo,['English'],[],False
34,2025-03-30 04:02,TheRag1ng,en,Five Nights at Freddy's,🟥🟦 [!SUBATHON DAY 2] FNAF NO DEATH??? IM GOATED || !discord !subathon 🟦🟥,"['English', 'marvelrivals', 'ADHD', 'MentalHealthAware', 'LGBTQFriendly', 'LoudStreamer', 'TheRaging', 'Raging', 'Rage', 'caseoh']",[],False
34,2025-03-30 04:02,CarlCrafts,en,Minecraft,!CAPE !THRONE !DROPS - MINECRAFT BUT... ITS IMPOSSIBLE?! - With @queen_ov_drama @sir_nipplington and @jazzlikeonion,"['Australian', 'ADHD', 'Hardcore', 'English', 'Neurodivergent', 'Aussie', 'ClosedCaptions', 'drops', 'Cape', 'ViewerRewards']",[],False
34,2025-03-30 04:02,CJSHIZ,en,Sea of Thieves,🟢 !DROPS 🟢 SEA OF TOAD 🟢 !yt !merch !gfuel !giveaway 🟢,"['PvP', 'SeaOfThievesPartner', 'Giveaway', 'English', 'GFUEL', 'DropsEnabled']",[],False
34,2025-03-30 04:02,AlrightJoe,en,Rust,KINGDOM vs KINGDOM!! All Hail King COOP!!,"['Chill', 'ADD', 'English', 'RP']",['MatureGame'],False
34,2025-03-30 04:02,Warn,en,Overwatch 2,[!DROPS] #133 ASHE 🔴 100K SUBS 🎉 🔴 POKEMON PACKS + OVERWATCH 🔴 NEW 6V6 ASHE !VIDEO 🔴 USA birthday !pobox,"['Overwatch', 'Competitive', 'ADHD', 'Drops', 'English', 'DropsEnabled']",[],False
34,2025-03-30 04:02,TitaReese,en,VALORANT,[EN/FIL] tita gaming !discord,"['Filipino', 'Vtuber', 'English', 'pngtuber', 'PlayingwWithViewers', 'ARAM']",['ProfanityVulgarity'],False
34,2025-03-30 04:02,Keihanie,en,VALORANT,[eng/fil] battlepass griiind | 35% off gifted subsss | !discord,"['English', 'girl', 'Tagalog', 'Chatty', 'Filipino', 'IRL', 'Asian', 'Cosplay', 'smallstreamer', 'Horror']",[],False
34,2025-03-30 04:02,ohmikiursofine,en,Assassin's Creed Shadows,🌸 Sick stream! | Drops on! | #ubisoftpartner #ad,"['Philippines', 'Filipino', 'Depression', 'English', 'HolidayHoopla', 'holidayhoopla', 'DropsEnabled']",['MatureGame'],False
35,2025-03-30 04:13,x2Twins,en,Rocket League,rocket league yo,['English'],[],False
35,2025-03-30 04:13,TheRag1ng,en,Five Nights at Freddy's,🟥🟦 [!SUBATHON DAY 2] FNAF NO DEATH??? IM GOATED || !discord !subathon 🟦🟥,"['English', 'marvelrivals', 'ADHD', 'MentalHealthAware', 'LGBTQFriendly', 'LoudStreamer', 'TheRaging', 'Raging', 'Rage', 'caseoh']",[],False
35,2025-03-30 04:13,CarlCrafts,en,Minecraft,!CAPE !THRONE !DROPS - MINECRAFT BUT... ITS IMPOSSIBLE?! - With @queen_ov_drama @sir_nipplington and @jazzlikeonion,"['Australian', 'ADHD', 'Hardcore', 'English', 'Neurodivergent', 'Aussie', 'ClosedCaptions', 'drops', 'Cape', 'ViewerRewards']",[],False
35,2025-03-30 04:13,CJSHIZ,en,Sea of Thieves,🟢 !DROPS 🟢 SEA OF TOAD 🟢 !yt !merch !gfuel !giveaway 🟢,"['PvP', 'SeaOfThievesPartner', 'Giveaway', 'English', 'GFUEL', 'DropsEnabled']",[],False
35,2025-03-30 04:13,AlrightJoe,en,Rust,KINGDOM vs KINGDOM!! All Hail King COOP!!,"['Chill', 'ADD', 'English', 'RP']",['MatureGame'],False
35,2025-03-30 04:13,PROD,en,VALORANT,RANKED - THEN SCHEDULE 1 WITH @sinatraa @space @iremiix,"['English', 'PROD']",[],False
35,2025-03-30 04:13,Gale,en,Marvel Rivals,[DROPS✔️] DUELIST GOD - PATH TO 700,"['English', 'DropsEnabled']",[],False
35,2025-03-30 04:13,space,en,Marvel Rivals,[!DROPS ON] RIVALS RANKED THEN PRO GAMERS TURNED INTO DEALERS BREAKING BAD WALTER WHITE STYLE,"['English', 'brainrot', 'thanos', 'VarietyStreamer', 'onetrick', 'unemployed', 'yelling', 'chameless', 'DropsEnabled']",[],False
35,2025-03-30 04:13,Kephrii,en,Marvel Rivals,[!DROPS] DPS MONSTROSITY // 35% OFF GIFTED!,"['English', 'Widowmaker', 'ClosedCaptions', 'DPS', 'Top500', 'Overwatch', 'BlackWidow', 'Marvel', 'Eternity', 'DropsEnabled']",[],False
36,2025-03-30 04:24,x2Twins,en,Rocket League,rocket league yo,['English'],[],False
36,2025-03-30 04:24,CJSHIZ,en,Sea of Thieves,🟢 !DROPS 🟢 SEA OF TOAD 🟢 !yt !merch !gfuel !giveaway 🟢,"['PvP', 'SeaOfThievesPartner', 'Giveaway', 'English', 'GFUEL', 'DropsEnabled']",[],False
36,2025-03-30 04:25,AlrightJoe,en,Rust,KINGDOM vs KINGDOM!! All Hail King COOP!!,"['Chill', 'ADD', 'English', 'RP']",['MatureGame'],False
36,2025-03-30 04:25,Warn,en,Overwatch 2,[!DROPS] #133 ASHE 🔴 100K SUBS 🎉 🔴 POKEMON PACKS + OVERWATCH 🔴 NEW 6V6 ASHE !VIDEO 🔴 USA birthday !pobox,"['Overwatch', 'Competitive', 'ADHD', 'Drops', 'English', 'DropsEnabled']",[],False
36,2025-03-30 04:25,VALORANT_Pacific,en,VALORANT,GEN vs. PRX - VCT Pacific - Stage 1 - Group Stage - Day 5,"['VCTPacific', 'VCT', 'VALORANT', 'English', 'VCTP', 'RisePacific']",[],False
36,2025-03-30 04:25,TheRag1ng,en,Subnautica,🟥🟦 [!SUBATHON DAY 2] CAN I BEAT SUBNAUTICA FOR THE FIRST TIME??? || !discord !subathon 🟦🟥,"['English', 'marvelrivals', 'ADHD', 'MentalHealthAware', 'LGBTQFriendly', 'LoudStreamer', 'TheRaging', 'Raging', 'Rage', 'caseoh']",[],False
36,2025-03-30 04:25,therealosdee,en,Tom Clancy's Rainbow Six Siege,🔴WE LIVE DAILY STREAMER🔴GOOD VIBES🔴GAMING🔴R6 RANKED🔴 | !socials !discord !sub 🔴,"['English', 'rainbowixsiege', 'HDHD', 'dailystreamer', 'grind', 'fivem', 'roblox']","['MatureGame', 'ProfanityVulgarity']",False
36,2025-03-30 04:25,LisaLanderr,en,ROBLOX,💸Roblox Time💸free robux💸join up!💸,['English'],[],False
36,2025-03-30 04:25,MachoBeanss,en,ROBLOX,Roblox - Pls Donate come join up and try to win some robux!!,"['roblox', 'plsdonate', 'Chatting', 'English']",['ProfanityVulgarity'],False
37,2025-03-30 08:02,VALORANT_Pacific,en,VALORANT,DRX vs. DFM - VCT Pacific - Stage 1 - Group Stage - Day 5,"['VCTPacific', 'VCT', 'VALORANT', 'English', 'VCTP', 'RisePacific']",[],False
37,2025-03-30 08:02,HoneyImHomeYT_,en,Minecraft,💥 [DROPS] Finding POKEMON in MINECRAFT! !capes| LAST DAY OF SUB DISCOUNTS! 35% OFF! | Lumamon | !donate !discord !yt,"['Australia', 'English', 'AUS', 'FirstPlaythrough', 'Chatty', 'Hardcore', 'chill', 'playingwithviewers', 'fortnite', 'ViewerRewards']",[],False
37,2025-03-30 08:02,x2Twins,en,Minecraft,minecraft yooooooooo,"['English', 'ViewerRewards']",[],False
37,2025-03-30 08:02,MrZacCas,en,Minecraft,🚨NEW MINECRAFT CAPE! 🚨 HARDCORE SURVIVAL BASE SET UP,"['English', 'Speedrun', 'gaming', 'IRL', 'Speedrunner', 'Australia', 'American', 'truck', 'ViewerRewards']",[],False
37,2025-03-30 08:02,CJSHIZ,en,Sea of Thieves,🟢 !DROPS 🟢 SEA OF TOAD 🟢 !yt !merch !gfuel !giveaway 🟢,"['PvP', 'SeaOfThievesPartner', 'Giveaway', 'English', 'GFUEL', 'DropsEnabled']",[],False
37,2025-03-30 08:02,jesslolliepop,en,Minecraft,🍭 [DROPS] everything is pink! 🩷 | Lumamon Building :D | !discord !socials 🍭,"['ChillVibes', 'English', 'Australia', 'Chatty', 'Chilled', 'Cozy', 'Hardcore', 'ViewerRewards']",[],False
37,2025-03-30 08:02,Peterbot247Official,en,Fortnite,🔴 PETERBOT TOURNAMENT WATCH PARTY !settings !binds 🔴,"['English', 'DropsEnabled']",[],False
37,2025-03-30 08:02,ClixOffline,en,Fortnite,🔴OFFICIAL CLIX WAITING ROOM🔴,"['English', 'Fortnite', 'Clix', 'Lacy', 'StableRonaldo', 'XSET', 'FaZe', 'Vtuber', 'DropsEnabled']",[],False
37,2025-03-30 08:02,volx,en,Assassin's Creed Shadows,Assains Creed Shadows | Didnt qual solos | !socials,"['FNCSWINNER', 'bestfortniteplayer', 'pro', 'funny', 'Cashcup', 'Tournament', 'facecam', 'fortnite', 'English', 'Oceania']",['MatureGame'],False
38,2025-03-30 08:09,VALORANT_Pacific,en,VALORANT,DRX vs. DFM - VCT Pacific - Stage 1 - Group Stage - Day 5,"['VCTPacific', 'VCT', 'VALORANT', 'English', 'VCTP', 'RisePacific']",[],False
38,2025-03-30 08:09,HoneyImHomeYT_,en,Minecraft,💥 [DROPS] Finding POKEMON in MINECRAFT! !capes| LAST DAY OF SUB DISCOUNTS! 35% OFF! | Lumamon | !donate !discord !yt,"['Australia', 'English', 'AUS', 'FirstPlaythrough', 'Chatty', 'Hardcore', 'chill', 'playingwithviewers', 'fortnite', 'ViewerRewards']",[],False
38,2025-03-30 08:09,x2Twins,en,Minecraft,minecraft yooooooooo,"['English', 'ViewerRewards']",[],False
38,2025-03-30 08:10,MrZacCas,en,Minecraft,🚨NEW MINECRAFT CAPE! 🚨 HARDCORE SURVIVAL BASE SET UP,"['English', 'Speedrun', 'gaming', 'IRL', 'Speedrunner', 'Australia', 'American', 'truck', 'ViewerRewards']",[],False
38,2025-03-30 08:10,CJSHIZ,en,Sea of Thieves,🟢 !DROPS 🟢 SEA OF TOAD 🟢 !yt !merch !gfuel !giveaway 🟢,"['PvP', 'SeaOfThievesPartner', 'Giveaway', 'English', 'GFUEL', 'DropsEnabled']",[],False
38,2025-03-30 08:10,jesslolliepop,en,Minecraft,🍭 [DROPS] everything is pink! 🩷 | Lumamon Building :D | !discord !socials 🍭,"['ChillVibes', 'English', 'Australia', 'Chatty', 'Chilled', 'Cozy', 'Hardcore', 'ViewerRewards']",[],False
38,2025-03-30 08:10,loopylarnz_,en,Split Fiction,how far will we go? how long until i make @esotericsable crash out?!,"['English', 'OCE', 'looking4discordkittens', 'Australian', 'GothMommyEnthusiast', 'chattingwithviewers', '18plusstream', 'MentalHealthAwareness']",[],False
38,2025-03-30 08:10,KaidoDesu_,en,Supermarket Together,PoloLouTama Supermarket/Chill Sunday Stream |Follow our Insta @VastiGaming |18+,"['English', 'R18', 'Samoan', 'NZ', 'girlgaming', 'Polynesian', 'repo', 'instagram', 'jumpscares', 'Simulator']",['ProfanityVulgarity'],False
38,2025-03-30 08:10,vlegit__,en,Games + Demos,Late Games wiht the OGs!! Tekken then some Phas!!,"['Polynesian', 'funny', 'lowIQ', 'vibes', 'NewZealand', 'Australia', 'English']",['MatureGame'],False
39,2025-03-30 08:20,VALORANT_Pacific,en,VALORANT,DRX vs. DFM - VCT Pacific - Stage 1 - Group Stage - Day 5,"['VCTPacific', 'VCT', 'VALORANT', 'English', 'VCTP', 'RisePacific']",[],False
39,2025-03-30 08:20,HoneyImHomeYT_,en,Minecraft,💥 [DROPS] Finding POKEMON in MINECRAFT! !capes| LAST DAY OF SUB DISCOUNTS! 35% OFF! | Lumamon | !donate !discord !yt,"['Australia', 'English', 'AUS', 'FirstPlaythrough', 'Chatty', 'Hardcore', 'chill', 'playingwithviewers', 'fortnite', 'ViewerRewards']",[],False
39,2025-03-30 08:20,x2Twins,en,Minecraft,minecraft yooooooooo,"['English', 'ViewerRewards']",[],False
39,2025-03-30 08:20,MrZacCas,en,Minecraft,🚨NEW MINECRAFT CAPE! 🚨 HARDCORE SURVIVAL BASE SET UP,"['English', 'Speedrun', 'gaming', 'IRL', 'Speedrunner', 'Australia', 'American', 'truck', 'ViewerRewards']",[],False
39,2025-03-30 08:20,TheRag1ng,en,Marvel Rivals,🟥🟦 [!DROPS ON] IRON-FIST ONLY TO CELESTIAL CHALLENGE DAY 3 (SUBATHON DAY 2) || !discord !subathon 🟦🟥,"['English', 'marvelrivals', 'ADHD', 'MentalHealthAware', 'LGBTQFriendly', 'LoudStreamer', 'TheRaging', 'Raging', 'Rage', 'caseoh']",[],False
39,2025-03-30 08:20,CJSHIZ,en,Sea of Thieves,🟢 !DROPS 🟢 SEA OF TOAD 🟢 !yt !merch !gfuel !giveaway 🟢,"['PvP', 'SeaOfThievesPartner', 'Giveaway', 'English', 'GFUEL', 'DropsEnabled']",[],False
39,2025-03-30 08:20,VALORANT_jpn,ja,VALORANT,VCT Pacific 2025 : STAGE 1 - DAY 5,"['Esports', 'VALORANT', '日本語']",[],True
39,2025-03-30 08:20,valorantesports_cn,zh,VALORANT,NOVA vs FPX - AG vs BLG - Week 3 Day 4 - VCT CN Stage 1,"['valorantesports', '中文', 'VCTCN']",[],False
39,2025-03-30 08:20,shanks_ttv,en,VALORANT,NRG SHANKS 🔴 DFM VS DRX 🔴 TWIN JINBOONG PLAYING !! 🔴,['English'],[],False
40,2025-03-30 08:28,VALORANT_Pacific,en,VALORANT,DRX vs. DFM - VCT Pacific - Stage 1 - Group Stage - Day 5,"['VCTPacific', 'VCT', 'VALORANT', 'English', 'VCTP', 'RisePacific']",[],False
40,2025-03-30 08:28,HoneyImHomeYT_,en,Minecraft,💥 [DROPS] Finding POKEMON in MINECRAFT! !capes| LAST DAY OF SUB DISCOUNTS! 35% OFF! | Lumamon | !donate !discord !yt,"['Australia', 'English', 'AUS', 'FirstPlaythrough', 'Chatty', 'Hardcore', 'chill', 'playingwithviewers', 'fortnite', 'ViewerRewards']",[],False
40,2025-03-30 08:28,x2Twins,en,Minecraft,minecraft yooooooooo,"['English', 'ViewerRewards']",[],False
40,2025-03-30 08:28,TheRag1ng,en,Marvel Rivals,🟥🟦 [!DROPS ON] IRON-FIST ONLY TO CELESTIAL CHALLENGE DAY 3 (SUBATHON DAY 2) || !discord !subathon 🟦🟥,"['English', 'marvelrivals', 'ADHD', 'MentalHealthAware', 'LGBTQFriendly', 'LoudStreamer', 'TheRaging', 'Raging', 'Rage', 'caseoh']",[],False
40,2025-03-30 08:29,CJSHIZ,en,Sea of Thieves,🟢 !DROPS 🟢 SEA OF TOAD 🟢 !yt !merch !gfuel !giveaway 🟢,"['PvP', 'SeaOfThievesPartner', 'Giveaway', 'English', 'GFUEL', 'DropsEnabled']",[],False
40,2025-03-30 08:29,MrZacCas,en,Minecraft,🚨NEW MINECRAFT CAPE! 🚨 HARDCORE SURVIVAL BASE SET UP,"['English', 'Speedrun', 'gaming', 'IRL', 'Speedrunner', 'Australia', 'American', 'truck', 'ViewerRewards']",[],False
40,2025-03-30 08:29,exort_en,en,Counter-Strike,BAKS vs Rhyno 🏆 Exort Series 9 | !maps,"['cs', 'CS2', 'English']",['MatureGame'],False
40,2025-03-30 08:29,OnlyJoshinTV,en,World of Warcraft,Post-PGL Heroic Raid WoW Times - AOTC this week?,"['AMA', 'Analysis', 'English', 'Australia', 'Caster']",[],False
40,2025-03-30 08:29,karmaflexxx,ru,Counter-Strike,[RU] 9INE vs Iberian Soul | PGL Astana 2025 Europe Closed Qualifier,"['karmaflexxx', 'Русский', 'PGLAstana2025', '9INE', 'IberianSoul']",['MatureGame'],False
41,2025-03-30 12:02,YetrTV,en,Minecraft,Playing Minecraft Hoplite - Minecraft Home CAPE - Minecraft Menace Cape !cape,"['English', 'Minecraft', 'trial', 'mask', 'cape', 'minecraft', 'YearnCape', 'menacecape', 'homecape']",[],False
41,2025-03-30 12:02,thefreddymc,en,Minecraft,(DROPS ON) 🚨 GET YOUR CAPE HERE 🚨 MINECRAFT YAPRUNNING 🚨 TRYING TO BEAT 55:00 MINUTES (1.21.4) 🚨 YAPLIENS UNITE 👽🖖,"['English', 'ViewerRewards']",[],False
41,2025-03-30 12:02,x2Twins,en,Minecraft,minecraft yooooooooo,"['English', 'ViewerRewards']",[],False
41,2025-03-30 12:03,HoneyImHomeYT_,en,Minecraft,💥 [DROPS] Finding POKEMON in MINECRAFT! !capes| LAST DAY OF SUB DISCOUNTS! 35% OFF! | Lumamon | !donate !discord !yt,"['Australia', 'English', 'AUS', 'FirstPlaythrough', 'Chatty', 'Hardcore', 'chill', 'playingwithviewers', 'fortnite', 'ViewerRewards']",[],False
41,2025-03-30 12:03,TheRag1ng,en,Marvel Rivals,🟥🟦 [!DROPS ON] SPIDEY ONLY LEVELING SESH (SUBATHON DAY 2) || !discord !subathon 🟦🟥,"['English', 'marvelrivals', 'ADHD', 'MentalHealthAware', 'LGBTQFriendly', 'LoudStreamer', 'TheRaging', 'Raging', 'Rage', 'caseoh']",[],False
41,2025-03-30 12:03,ohnePixel,en,Counter-Strike,🔴VITALITY vs MOUZ | BLAST LISBON GRAND FINAL!🔴,"['English', 'Esports']",['MatureGame'],False
41,2025-03-30 12:03,Thebausffs,en,League of Legends,LR SCRIMS ARE BACK -- @AUTOPHIL ARENA TOURNAMENT AT 15,['English'],[],False
41,2025-03-30 12:03,humzh,en,League of Legends,Eid Mubarak ☪ 9Yrs Challenger EU/KR/NA😈 !coaching,['English'],[],False
41,2025-03-30 12:03,Alois_NL,en,League of Legends,🟢DAY 3 OF KOREAN SOLOQ🟢 - STARTING PLATINUM 2 dia MMR - 🟢20% OFF !TLA🟢 - !Subgoals FOR KOREA - !Instagram for Korea posts / food :D,"['English', 'Riven', 'Challenger', 'Educational', 'Toplane']",[],False
42,2025-03-30 12:12,YetrTV,en,Minecraft,Playing Minecraft Hoplite - Minecraft Home CAPE - Minecraft Menace Cape !cape,"['English', 'Minecraft', 'trial', 'mask', 'cape', 'minecraft', 'YearnCape', 'menacecape', 'homecape']",[],False
42,2025-03-30 12:12,thefreddymc,en,Minecraft,(DROPS ON) 🚨 GET YOUR CAPE HERE 🚨 MINECRAFT YAPRUNNING 🚨 TRYING TO BEAT 55:00 MINUTES (1.21.4) 🚨 YAPLIENS UNITE 👽🖖,"['English', 'ViewerRewards']",[],False
42,2025-03-30 12:12,TheRag1ng,en,Marvel Rivals,🟥🟦 [!DROPS ON] SPIDEY ONLY LEVELING SESH (SUBATHON DAY 2) || !discord !subathon 🟦🟥,"['English', 'marvelrivals', 'ADHD', 'MentalHealthAware', 'LGBTQFriendly', 'LoudStreamer', 'TheRaging', 'Raging', 'Rage', 'caseoh']",[],False
42,2025-03-30 12:13,x2Twins,en,Minecraft,minecraft yooooooooo,"['English', 'ViewerRewards']",[],False
42,2025-03-30 12:13,PhuzzyBond,en,Sea of Thieves,!Drops | 🫖Good Vibes | 💚💜 Get SoT at 65% off !games,"['ClosedCaptions', 'LongSilkyHair', 'FamilyFriendly', 'SeaOfThievesPartner', 'ASMR', 'English', 'Chill', 'GoodVibes', 'DropsEnabled']",[],False
42,2025-03-30 12:13,ohnePixel,en,Counter-Strike,🔴VITALITY vs MOUZ | BLAST LISBON GRAND FINAL!🔴,"['English', 'Esports']",['MatureGame'],False
42,2025-03-30 12:13,ClixOffline,en,Fortnite,🔴OFFICIAL CLIX WAITING ROOM🔴,"['English', 'Fortnite', 'Clix', 'Lacy', 'StableRonaldo', 'XSET', 'FaZe', 'Vtuber', 'DropsEnabled']",[],False
42,2025-03-30 12:13,Zemie,en,Fortnite,"🔴 DROPS FREE PICKAXE  🔴 | Watch for 1 hour to get pickaxe (SLEEPING) | Use Code ""Zemie"" #EpicPartner","['ZeroBuild', 'Fortnite', 'Predictions', 'Competitive', 'English', 'DropsEnabled']",[],False
42,2025-03-30 12:13,SypherPKVODS,en,Fortnite,DROPS ON | OFFICIAL 24/7 SYPHERPK CHANNEL,"['English', 'Rerun', 'BattlelRoyale', 'sypherpk', 'Fortnite', 'DropsEnabled']",[],False
43,2025-03-30 12:23,YetrTV,en,Minecraft,Playing Minecraft Hoplite - Minecraft Home CAPE - Minecraft Menace Cape !cape,"['English', 'Minecraft', 'trial', 'mask', 'cape', 'minecraft', 'YearnCape', 'menacecape', 'homecape']",[],False
43,2025-03-30 12:23,thefreddymc,en,Minecraft,(DROPS ON) 🚨 GET YOUR CAPE HERE 🚨 MINECRAFT YAPRUNNING 🚨 TRYING TO BEAT 55:00 MINUTES (1.21.4) 🚨 YAPLIENS UNITE 👽🖖,"['English', 'ViewerRewards']",[],False
43,2025-03-30 12:23,BushCampDad,en,Fortnite,[DROPS ON] RIFTING ALL DAY! | USE CODE BUSHCAMPDAD #AD,"['camping', 'Bushcamper', 'treecamper', 'nokills', 'BadPlayerAlert', 'cantbuild', 'FamilyFriendly', 'English', 'wordsonstream', 'DropsEnabled']",[],False
43,2025-03-30 12:24,x2Twins,en,A Game About Digging A Hole,minecraft yooooooooo,['English'],[],False
43,2025-03-30 12:24,TheRag1ng,en,Marvel Rivals,🟥🟦 [!DROPS ON] SPIDEY ONLY LEVELING SESH (SUBATHON DAY 2) || !discord !subathon 🟦🟥,"['English', 'marvelrivals', 'ADHD', 'MentalHealthAware', 'LGBTQFriendly', 'LoudStreamer', 'TheRaging', 'Raging', 'Rage', 'caseoh']",[],False
43,2025-03-30 12:24,PhuzzyBond,en,Sea of Thieves,!Drops | 🫖Good Vibes | 💚💜 Get SoT at 65% off !games,"['ClosedCaptions', 'LongSilkyHair', 'FamilyFriendly', 'SeaOfThievesPartner', 'ASMR', 'English', 'Chill', 'GoodVibes', 'DropsEnabled']",[],False
43,2025-03-30 12:24,codebreaker,en,Overwatch 2,[❤️!DROPS❤️] TOP 500 DPS | GAMING THROUGH THIS BEAUTIFUL MORNING (I haven't even looked outside) | I HAVE 2 CUTE CATS,"['dps', 'chill', 'English', 'DropsEnabled']",[],False
43,2025-03-30 12:24,Time__OW,en,Overwatch 2,[!DROPS] CLIMBING OUT OF THE TRENCHES JUST GREAT VIBES TODAY 🌇🌅🏖️🌴,"['competitive', 'top500', 'English', 'chill', 'tracer', 'Anime', 'chill', 'Sojourn', 'DropsEnabled']",[],False
43,2025-03-30 12:24,Annriel,en,Overwatch 2,[!DROPS] Top 500 Kiriko 🦊 !faceitdrops !pugs,"['Cozy', 'Chill', 'Kiriko', 'genshin', 'English', 'kpop', 'faceit', 'CatCam', 'DropsEnabled']",[],False
44,2025-03-30 16:01,YetrTV,en,Minecraft,Playing Minecraft Yearn Cape Movie Event - Minecraft Home CAPE - Minecraft Menace Cape !cape,"['English', 'Minecraft', 'trial', 'mask', 'cape', 'minecraft', 'YearnCape', 'menacecape', 'homecape']",[],False
44,2025-03-30 16:01,ohnePixel,en,Counter-Strike,🔴VITALITY vs MOUZ | BLAST LISBON GRAND FINAL!🔴,"['English', 'Esports']",['MatureGame'],False
44,2025-03-30 16:01,PhuzzyBond,en,Sea of Thieves,!Drops | 🫖Good Vibes | 💚💜 Get SoT at 65% off !games,"['ClosedCaptions', 'LongSilkyHair', 'FamilyFriendly', 'SeaOfThievesPartner', 'ASMR', 'English', 'Chill', 'GoodVibes', 'DropsEnabled']",[],False
44,2025-03-30 16:02,Dantes,en,League of Legends,BEST HEC WORLD - ASSASSIN HECARIM DOMINATION - GM 573 LP START,['English'],[],False
44,2025-03-30 16:02,BushCampDad,en,Fortnite,[DROPS ON] RIFTING ALL DAY! | USE CODE BUSHCAMPDAD #AD,"['camping', 'Bushcamper', 'treecamper', 'nokills', 'BadPlayerAlert', 'cantbuild', 'FamilyFriendly', 'English', 'wordsonstream', 'DropsEnabled']",[],False
44,2025-03-30 16:02,KreekCraft,en,ROBLOX,NEW PIGGY GAME!!! 🚨 ROBLOX LIVE 🚨 TRAILER REACTION 🚨 ROBUX GIVEAWAY,"['roblox', 'robux', 'ADHD', 'chill', 'LOUD', 'gaming', 'funny', 'Chatty', 'Cozy', 'gamer']",[],False
44,2025-03-30 16:02,150k_btw,en,Counter-Strike,🔥 #2 in the World with 242 Wins | 30.9K Premier | 3000+ Elo Faceit 🔥 !discord,"['Deutsch', 'English', 'fps', 'CS2', 'swiss', 'cs2premier', 'prem', 'counterstrike', 'german']",['MatureGame'],False
44,2025-03-30 16:02,StreetManTTV,en,Battlefield 1,ENJOYING SOME GAMING (NOT CS CAUS CS IS NOT GAMING AT THIS POINT)⚠️🤠!texas !socials⚠️!inui,"['sumelobb', 'NotCriminal', 'Malta', 'English', 'Norwegian', 'autism', 'Norsk', 'CS2', 'csgo']",['MatureGame'],False
44,2025-03-30 16:02,BLASTPremier,en,Counter-Strike,"BLAST Premier Open Spring Lisbon 2025, Grand Finals - TEAM VITALITY vs. MOUZ","['Esports', 'English', 'BLAST', 'blastpremier', 'counterstrike', 'counterstrike2']",['MatureGame'],False
45,2025-03-30 16:09,YetrTV,en,Minecraft,Playing Minecraft Yearn Cape Movie Event - Minecraft Home CAPE - Minecraft Menace Cape !cape,"['English', 'Minecraft', 'trial', 'mask', 'cape', 'minecraft', 'YearnCape', 'menacecape', 'homecape']",[],False
45,2025-03-30 16:09,ohnePixel,en,Counter-Strike,🔴VITALITY vs MOUZ | BLAST LISBON GRAND FINAL!🔴,"['English', 'Esports']",['MatureGame'],False
45,2025-03-30 16:09,JaayMC,en,Minecraft,✨ Get the NEW Cape! | 🌎 Minecraft Viewer SMP! | 🌠 Partner Grind Streamathon (Day 7) 🌈 how are you?! | !join !partner,"['Survival', 'LGBTQ', 'SafeSpace', 'Cape', 'Drops', 'PlayingWithViewers', 'Chill', 'SMP', 'subathon', 'Minecraft']",[],False
45,2025-03-30 16:09,Dantes,en,League of Legends,BEST HEC WORLD - ASSASSIN HECARIM DOMINATION - GM 573 LP START,['English'],[],False
45,2025-03-30 16:09,PhuzzyBond,en,Sea of Thieves,!Drops | 🫖Good Vibes | 💚💜 Get SoT at 65% off !games,"['ClosedCaptions', 'LongSilkyHair', 'FamilyFriendly', 'SeaOfThievesPartner', 'ASMR', 'English', 'Chill', 'GoodVibes', 'DropsEnabled']",[],False
45,2025-03-30 16:09,BushCampDad,en,Fortnite,[DROPS ON] RIFTING ALL DAY! | USE CODE BUSHCAMPDAD #AD,"['camping', 'Bushcamper', 'treecamper', 'nokills', 'BadPlayerAlert', 'cantbuild', 'FamilyFriendly', 'English', 'wordsonstream', 'DropsEnabled']",[],False
45,2025-03-30 16:09,caseoh247,en,Just Chatting,VOD ReRuns,"['caseoh', 'Caseohgames', 'VOD', 'reruns', 'Rerun', 'English']",[],True
45,2025-03-30 16:09,VoidMagnet,en,ROBLOX,[DEAD RAILS] [UPDATE]🦈 NEW UPDATE CATCHING ALL SECRETS🦈,"['English', 'Fisch']",[],True
45,2025-03-30 16:09,Je_remy_,en,ROBLOX,Donating Robux & Giveaways! 🤑,"['English', 'Robux']",[],False
46,2025-03-30 16:18,YetrTV,en,Minecraft,Playing Minecraft Yearn Cape Movie Event - Minecraft Home CAPE - Minecraft Menace Cape !cape,"['English', 'Minecraft', 'trial', 'mask', 'cape', 'minecraft', 'YearnCape', 'menacecape', 'homecape']",[],False
46,2025-03-30 16:18,ohnePixel,en,Counter-Strike,🔴VITALITY vs MOUZ | BLAST LISBON GRAND FINAL!🔴,"['English', 'Esports']",['MatureGame'],False
46,2025-03-30 16:18,KreekCraft,en,ROBLOX,NEW PIGGY GAME!!! 🚨 ROBLOX LIVE 🚨 TRAILER REACTION 🚨 ROBUX GIVEAWAY,"['roblox', 'robux', 'ADHD', 'chill', 'LOUD', 'gaming', 'funny', 'Chatty', 'Cozy', 'gamer']",[],False
46,2025-03-30 16:18,JaayMC,en,Minecraft,✨ Get the NEW Cape! | 🌎 Minecraft Viewer SMP! | 🌠 Partner Grind Streamathon (Day 7) 🌈 how are you?! | !join !partner,"['Survival', 'LGBTQ', 'SafeSpace', 'Cape', 'Drops', 'PlayingWithViewers', 'Chill', 'SMP', 'subathon', 'Minecraft']",[],False
46,2025-03-30 16:18,Dantes,en,League of Legends,BEST HEC WORLD - ASSASSIN HECARIM DOMINATION - GM 573 LP START,['English'],[],False
46,2025-03-30 16:18,PhuzzyBond,en,Sea of Thieves,!Drops | 🫖Good Vibes | 💚💜 Get SoT at 65% off !games,"['ClosedCaptions', 'LongSilkyHair', 'FamilyFriendly', 'SeaOfThievesPartner', 'ASMR', 'English', 'Chill', 'GoodVibes', 'DropsEnabled']",[],False
46,2025-03-30 16:18,zefrine,en,The Sims 4,(Giveaway/Subathon) Jellybean Legacy Challenge: Grape Generation Ep. 12 #EAPartner ❗jbl ❗social,"['lgbtqia', 'English', 'plussize', 'Pansexual', 'BodyPositivity', 'wholesome', 'cozy', 'familyfriendly', 'bisexual', 'ADHD']",[],False
46,2025-03-30 16:18,Risshella,en,Fortnite,Playing LEGO Fortnite Brick Life with my Community! #ad | !bricklife !youtube,"['ClosedCaptions', 'Bisexual', 'Neurodivergent', 'GoblinQueen', 'Purple', 'LGBTQIAPlus', 'English', 'FamilyFriendly', 'AuDHD', 'simulationgames']",[],True
46,2025-03-30 16:18,bonniethesimmer,en,Love and Deepspace,InZoi Building♥,['English'],[],False
47,2025-03-30 20:02,YetrTV,en,Minecraft,Playing Minecraft Yearn Cape Movie Event - Minecraft Home CAPE - Minecraft Menace Cape !cape,"['English', 'Minecraft', 'trial', 'mask', 'cape', 'minecraft', 'YearnCape', 'menacecape', 'homecape']",[],False
47,2025-03-30 20:02,DrDonutttttt,en,Minecraft,Starting from $0 with Carvs on Donut SMP,"['English', 'smp', 'DonutSMP', 'drdonut', 'crystalpvp', 'pvp', 'cpvp', 'survival', 'survival', 'minecraft']",[],False
47,2025-03-30 20:02,JaayMC,en,Minecraft,✨ Get the NEW Cape! | 🌎 Minecraft Survival! | 🌠 Partner Grind Streamathon (Day 7) 🌈 how are you?! | !join !partner,"['Survival', 'LGBTQ', 'SafeSpace', 'Cape', 'Drops', 'PlayingWithViewers', 'Chill', 'SMP', 'subathon', 'Minecraft']",[],False
47,2025-03-30 20:02,Dantes,en,League of Legends,BEST HEC WORLD - ASSASSIN HECARIM DOMINATION - GM 573 LP START,['English'],[],False
47,2025-03-30 20:02,KreekCraft,en,R.E.P.O.,R.E.P.O. FIRST TIME PLAYING 😂 CAYLUS / FOLTYN / STEAK / KREEKCRAFT 😂 BEST NEW GAME 😂 FUNNIEST GAME,"['roblox', 'robux', 'ADHD', 'chill', 'LOUD', 'gaming', 'funny', 'Chatty', 'Cozy', 'gamer']",[],False
47,2025-03-30 20:02,BushCampDad,en,Fortnite,[DROPS ON] RIFTING ALL DAY! | USE CODE BUSHCAMPDAD #AD,"['camping', 'Bushcamper', 'treecamper', 'nokills', 'BadPlayerAlert', 'cantbuild', 'FamilyFriendly', 'English', 'wordsonstream', 'DropsEnabled']",[],False
47,2025-03-30 20:02,la_kitty_lol,es,League of Legends,"🍓 (+18) Kitty psicologa, trae un problema y te llevas 2 -valido para gente enferma de aram- 🍓 Llego la mas mejor !! 🍓 F x la Kitty 🍓","['Español', 'Argentina', 'amigos', 'NoHate', 'leagueoflegendsespañol', 'ARAM', 'cine', 'lol', 'Vtuber', 'arcane']",[],False
47,2025-03-30 20:02,ElChinoLNB,es,Grand Theft Auto: San Andreas,🔥ME ABURRI DE LA PANTALLA VERDE🔥ROBLOX CON LOS PIBES🔥GTA SAN ANDREAS🔥!redes !ds !tikitiki🔥,"['Español', 'Argentina', 'Colombia', 'Perú', 'minecraft', 'drop', 'capa', 'cape', 'drops']",['MatureGame'],False
47,2025-03-30 20:02,seebun,es,Fortnite,Ultima dia del pico ! asi que vamos a consguirlo juntos!,"['argentina', 'gamer', 'directo', 'latam', 'Español', 'vtuber', '2DVtuber', 'Fortnite', 'fornite', 'DropsActivados']",[],False
48,2025-03-30 20:12,YetrTV,en,Minecraft,Playing Minecraft Yearn Cape Movie Event - Minecraft Home CAPE - Minecraft Menace Cape !cape,"['English', 'Minecraft', 'trial', 'mask', 'cape', 'minecraft', 'YearnCape', 'menacecape', 'homecape']",[],False
48,2025-03-30 20:12,DrDonutttttt,en,Minecraft,Starting from $0 with Carvs on Donut SMP,"['English', 'smp', 'DonutSMP', 'drdonut', 'crystalpvp', 'pvp', 'cpvp', 'survival', 'survival', 'minecraft']",[],False
48,2025-03-30 20:12,Dantes,en,League of Legends,BEST HEC WORLD - ASSASSIN HECARIM DOMINATION - GM 573 LP START,['English'],[],False
48,2025-03-30 20:12,JaayMC,en,Minecraft,✨ Get the NEW Cape! | 🌎 Minecraft Survival! | 🌠 Partner Grind Streamathon (Day 7) 🌈 how are you?! | !join !partner,"['Survival', 'LGBTQ', 'SafeSpace', 'Cape', 'Drops', 'PlayingWithViewers', 'Chill', 'SMP', 'subathon', 'Minecraft']",[],False
48,2025-03-30 20:12,BushCampDad,en,Fortnite,[DROPS ON] RIFTING ALL DAY! | USE CODE BUSHCAMPDAD #AD,"['camping', 'Bushcamper', 'treecamper', 'nokills', 'BadPlayerAlert', 'cantbuild', 'FamilyFriendly', 'English', 'wordsonstream', 'DropsEnabled']",[],False
48,2025-03-30 20:13,LeVraiDoffy,fr,Sea of Thieves,🔴DROPS & GIVEAWAY🔴DUO SLOOP VIEWERS🔴-35% SUBGIFT🔴❗youtube ❗tuto ❗sub,"['Français', 'DropsActivés']",[],False
48,2025-03-30 20:13,joshseki,en,VALORANT,LOUD vs 2G - VCT AMERICAS | cooking stream @ 6k subs | !wishlist !newvid !multi,"['English', 'ClosedCaptions', 'Korean', 'Radiant', 'Kpop', 'Anime']",[],False
48,2025-03-30 20:13,stableronaldo,en,Just Chatting,🚗 INTRODUCING MY NEW SUPER CAR 🚗 IRL w/ ADAPT ALL DAY 🚗 MAYBE ALBUM REACTION 🚗 GAMES 🚗 [twitter/insta stableronaldo] !snap !com !sub !newcar,"['FaZe', 'English']",[],False
48,2025-03-30 20:13,GURU,en,Marvel Rivals,🔥 top 8 match vs sen 🔥 (1 min delay),"['Educational', 'English', 'tank', 'top500', 'Coaching', 'DropsEnabled']",[],False
                                                                                                                                                                                                                                                                                                                                                    0,2025-03-31 19:44,SypherPK,en,Fortnite,(!DROPS ON) NEW FREE GUN WRAPS - Watch for 90 minutes to claim! | !giveaway !rocketwars,"['PvP', 'Multiplayer', 'English', 'battleroyale', 'Fortnite', 'DropsEnabled']",[],False
0,2025-03-31 19:44,lilsimsie,en,The Sims 4,mold monday | building a moldy apartment complex,"['SheHer', 'English']",[],False
0,2025-03-31 19:44,scotteh,en,Minecraft,(DROPS) Get ya Free Minecraft Cape Here! - !cape !drop glorp,"['Minecraft', 'English', 'ViewerRewards']",[],False
0,2025-03-31 19:44,TypicalGamer,en,Fortnite,[DROPS ON] New Free x3 Weapon Wraps! 👑 CLASSIC TG PLAYS! (I'm Sleeping) 👑,"['English', 'PC', 'Multiplayer', 'PvP', 'Fortnite', 'DropsEnabled']",[],False
0,2025-03-31 19:44,thefreddymc,en,Minecraft,(DROPS ON) 🚨 MINECRAFT YAPRUNNING 🚨 TRYING TO BEAT 35:00 MINUTES (1.16.1) 🚨 YAPLIENS UNITE 👽🖖,"['English', 'ViewerRewards']",[],False
0,2025-03-31 19:44,Wanderwisp,en,Minecraft,[CAPE DROP] Minecraft Movie Event! Quest #4!,"['English', 'SafeSpace', 'LGBTQIAPlus', 'ADHD', 'minecraft', 'bedrock', 'chill', 'Chatty', 'ViewerRewards', 'DropsEnabled']",[],False
0,2025-03-31 19:44,pinttaa,en,Minecraft,i don't know what i'm doing,"['English', 'Vtuber', 'cozy', 'british', 'girlgamer', 'envtuber', 'Autistic', 'LGBTQA', 'PlayingwithViewers', 'girl']",[],False
0,2025-03-31 19:44,xoStarlust,en,Fortnite,16+⭐ [Drops!] Fortnite Zero Build W/ ACIDBYTE ✨ | Vtuber 🩷 | !drops !lurk !discord !twitter,"['vtuber', 'girl', 'cute', 'English', 'Woman', 'Anime', 'Fortnite', 'ZeroBuild', 'drops', 'DropsEnabled']",[],False
0,2025-03-31 19:45,jamdesu,en,Minecraft,【VTUBER】MINECRAFT + BIG ISH NEWS :3🩸❤️  MINECRAFT ALL THE MODS DAY 20,"['Vtuber', 'ENVtuber', 'Femboy', 'Gaming', 'Anime', 'English', 'brat', 'lgbtq', 'ViewerRewards']",[],False
1,2025-03-31 19:51,SypherPK,en,Fortnite,(!DROPS ON) NEW FREE GUN WRAPS - Watch for 90 minutes to claim! | !giveaway !rocketwars,"['PvP', 'Multiplayer', 'English', 'battleroyale', 'Fortnite', 'DropsEnabled']",[],False
1,2025-03-31 19:51,scotteh,en,Minecraft,(DROPS) Get ya Free Minecraft Cape Here! - !cape !drop glorp,"['Minecraft', 'English', 'ViewerRewards']",[],False
1,2025-03-31 19:51,lilsimsie,en,The Sims 4,mold monday | building a moldy apartment complex,"['SheHer', 'English']",[],False
1,2025-03-31 19:51,Wanderwisp,en,Minecraft,[CAPE DROP] Minecraft Movie Event! Quest #4!,"['English', 'SafeSpace', 'LGBTQIAPlus', 'ADHD', 'minecraft', 'bedrock', 'chill', 'Chatty', 'ViewerRewards']",[],False
1,2025-03-31 19:51,thefreddymc,en,Minecraft,(DROPS ON) 🚨 MINECRAFT YAPRUNNING 🚨 TRYING TO BEAT 35:00 MINUTES (1.16.1) 🚨 YAPLIENS UNITE 👽🖖,"['English', 'ViewerRewards']",[],False
1,2025-03-31 19:51,TypicalGamer,en,Fortnite,[DROPS ON] New Free x3 Weapon Wraps! 👑 CLASSIC TG PLAYS! (I'm Sleeping) 👑,"['English', 'PC', 'Multiplayer', 'PvP', 'Fortnite', 'DropsEnabled']",[],False
1,2025-03-31 19:52,watchfulTV,ru,Counter-Strike,[RU] Wildcard vs M80 | PGL Astana 2025: CQ | Telegram: @watchfulTV,"['Русский', 'Киберспорт', 'watchfultv', 'Esports', 'PGL', 'Astana', 'PGLAstana', 'Wildcard', 'M80']",['MatureGame'],False
1,2025-03-31 19:52,zamerzayuucast,ru,Dota 2,5Strangers vs Low Profile BO3 | DreamLeague Season 26 SA OQ #2  | By @zamerzayuu !bet,"['Киберспорт', 'Русский', '5Strangers', 'lowprofile', 'DreamLeagueSeason26', 'OpenQualifier', 'Low', 'Dreamleague']",[],False
1,2025-03-31 19:52,karmaflexxx,ru,Counter-Strike,[RU] Wildcard vs M80 | PGL Astana 2025 North America Closed Qualifier,"['karmaflexxx', 'Русский', 'PGLAstana2025', 'Imperial', 'REDCanids', 'Fluxo', 'ODDIK', 'Wildcard', 'M80']",['MatureGame'],False
2,2025-03-31 20:03,SypherPK,en,Fortnite,(!DROPS ON) NEW FREE GUN WRAPS - Watch for 90 minutes to claim! | !giveaway !rocketwars,"['PvP', 'Multiplayer', 'English', 'battleroyale', 'Fortnite', 'DropsEnabled']",[],False
2,2025-03-31 20:03,thefreddymc,en,Minecraft,(DROPS ON) 🚨 MINECRAFT YAPRUNNING 🚨 TRYING TO BEAT 35:00 MINUTES (1.16.1) 🚨 YAPLIENS UNITE 👽🖖,"['English', 'ViewerRewards']",[],False
2,2025-03-31 20:03,lilsimsie,en,The Sims 4,mold monday | building a moldy apartment complex,"['SheHer', 'English']",[],False
2,2025-03-31 20:03,TypicalGamer,en,Fortnite,[DROPS ON] New Free x3 Weapon Wraps! 👑 CLASSIC TG PLAYS! (I'm Sleeping) 👑,"['English', 'PC', 'Multiplayer', 'PvP', 'Fortnite', 'DropsEnabled']",[],False
2,2025-03-31 20:03,Wanderwisp,en,Minecraft,[CAPE DROP] Minecraft Movie Event! Quest #4!,"['English', 'SafeSpace', 'LGBTQIAPlus', 'ADHD', 'minecraft', 'bedrock', 'chill', 'Chatty', 'ViewerRewards']",[],False
2,2025-03-31 20:03,ZBRA,en,Overwatch 2,DOOMFIST 6V6 RANKED OMG,"['Ranked', 'Doomfist', 'English', 'chill', 'Doomfist']",[],False
2,2025-03-31 20:04,SypherPKVODS,en,Fortnite,DROPS ON | OFFICIAL 24/7 SYPHERPK CHANNEL,"['English', 'Rerun', 'BattlelRoyale', 'sypherpk', 'Fortnite', 'DropsEnabled']",[],False
2,2025-03-31 20:04,Zemie,en,Fortnite,"🔴 DROPS ON FREE GUN WRAPS 🔴 | Solo VS Squads | Use Code ""Zemie"" #EpicPartner","['ZeroBuild', 'Fortnite', 'Predictions', 'Competitive', 'English', 'DropsEnabled']",[],False
2,2025-03-31 20:04,HappyHappyGal,en,Fortnite,Let's Unbox This Together! Strangers Today! !brick #ad,"['English', 'Christian', 'Women', 'Woman', 'Girl', 'Female', 'PlayingWithViewers', 'FamilyFriendly', 'Fortnite', 'ZeroBuild']",[],False
0,2025-04-01 19:21,thefreddymc,en,Fast Food Simulator,🚨 24 HOUR STREAM 🚨 PUTTING FRIES IN THE BAG 🚨 YAPLIENS UNITE 👽🖖,['English'],[],False
0,2025-04-01 19:21,SypherPK,en,Fortnite,(!DROPS ON) NEW UPDATE! FREE GUN WRAPS - Watch for 90 minutes to claim! | !giveaway !rocketwars,"['PvP', 'Multiplayer', 'English', 'battleroyale', 'Fortnite', 'DropsEnabled']",[],False
0,2025-04-01 19:21,TypicalGamer,en,Fortnite,[DROPS ON] FREE x3 GUN WRAPS!! Watch 90 minutes to get them! 👑 TG PLAYS RANDOM CHALLENGES! (I'm Running) 👑,"['English', 'PC', 'Multiplayer', 'PvP', 'Fortnite', 'DropsEnabled']",[],False
0,2025-04-01 19:21,JaayMC,en,Minecraft,✨ Get the NEW Cape! | 🌎 Minecraft Survival! | 🌠 Partner Grind Streamathon (Day 8) 🌈 how are you?! | !join !partner,"['Survival', 'LGBTQ', 'SafeSpace', 'Cape', 'Drops', 'PlayingWithViewers', 'Chill', 'SMP', 'subathon', 'Minecraft']",[],False
0,2025-04-01 19:21,Anomaly,en,Counter-Strike,🔴BIGGEST CS2 UPDATE EVER🔴150+ NEW SKINS🔴NEW KNIVES🔴 !pirateswap !skinsmonkey,"['English', 'Fat', 'CS2']",['MatureGame'],False
0,2025-04-01 19:21,KaiCenat,en,IRL,I MIGHT GET BANNED TODAY IDC  LETS DO IT,"['English', 'ADHD', 'LOUD', 'gaming', 'AMP']",[],False
0,2025-04-01 19:21,Essemelle,en,The Sims 4,Boba Tea: Brown Sugar ♡  | !boba !cc !discord ツ♡,"['Jamaican', 'Trinidadian', 'English', 'Storytelling', 'Black', 'blacksimmer', 'Cozy', 'Chatty']",['ProfanityVulgarity'],False
0,2025-04-01 19:21,lilsimsie,en,Among Us,APRIL FOOLS AMONG US,"['SheHer', 'English']",[],False
0,2025-04-01 19:21,SimmerSwig,en,The Sims 4,Not So Berry 🖤 (Gen 13: Black) // Episode #8,"['sims', 'sims4', 'petcam', 'smallstreamer', 'thesims4', 'English', 'cozyvibes', 'thesims']",[],False
1,2025-04-01 19:32,thefreddymc,en,Fast Food Simulator,🚨 24 HOUR STREAM 🚨 PUTTING FRIES IN THE BAG 🚨 YAPLIENS UNITE 👽🖖,['English'],[],False
1,2025-04-01 19:32,SypherPK,en,Fortnite,(!DROPS ON) NEW UPDATE! FREE GUN WRAPS - Watch for 90 minutes to claim! | !giveaway !rocketwars,"['PvP', 'Multiplayer', 'English', 'battleroyale', 'Fortnite', 'DropsEnabled']",[],False
1,2025-04-01 19:32,JaayMC,en,Minecraft,✨ Get the NEW Cape! | 🌎 Minecraft Survival! | 🌠 Partner Grind Streamathon (Day 8) 🌈 how are you?! | !join !partner,"['Survival', 'LGBTQ', 'SafeSpace', 'Cape', 'Drops', 'PlayingWithViewers', 'Chill', 'SMP', 'subathon', 'Minecraft']",[],False
1,2025-04-01 19:32,TypicalGamer,en,Fortnite,[DROPS ON] FREE x3 GUN WRAPS!! Watch 90 minutes to get them! 👑 TG PLAYS RANDOM CHALLENGES! (I'm Running) 👑,"['English', 'PC', 'Multiplayer', 'PvP', 'Fortnite', 'DropsEnabled']",[],False
1,2025-04-01 19:33,Anomaly,en,Counter-Strike,🔴BIGGEST CS2 UPDATE EVER🔴150+ NEW SKINS🔴NEW KNIVES🔴 !pirateswap !skinsmonkey,"['English', 'Fat', 'CS2']",['MatureGame'],False
1,2025-04-01 19:33,KaiCenat,en,IRL,I MIGHT GET BANNED TODAY IDC  LETS DO IT,"['English', 'ADHD', 'LOUD', 'gaming', 'AMP']",[],False
1,2025-04-01 19:33,H1gh_FiveYT,en,Just Chatting,Reacting & being cool ig teehee,"['discord', 'Survival', 'SMP', 'java', 'English', 'PlayingwithViewers', 'facecam', 'react', 'reaction', 'PvP']",[],False
1,2025-04-01 19:33,itsonlynickkkk,en,Minecraft,Not me In My Bob The Builder Era (Minecraft Hardcore Day 180+) !discord !socials,"['gay', 'lgbtq', 'canada', 'safespace', 'english', 'itsonlynickkkk', 'queer', 'SILLY', 'Interactive', 'playingwithviewers']",[],False
1,2025-04-01 19:33,frowsedd,en,ROBLOX,⛏️CRAFT MINE?⛏️TAP IN!⛏️91/365⛏️,['English'],[],False
2,2025-04-01 19:41,thefreddymc,en,Fast Food Simulator,🚨 24 HOUR STREAM 🚨 PUTTING FRIES IN THE BAG 🚨 YAPLIENS UNITE 👽🖖,['English'],[],False
2,2025-04-01 19:41,Cibergun,es,Minecraft,EPICRAFTIA DIA 1,"['minecraft', 'Permadeath', 'Epicraftia', 'Español', 'Recompensasdeespectador']",[],False
2,2025-04-01 19:41,JaayMC,en,Minecraft,✨ Get the NEW Cape! | 🌎 Minecraft Survival! | 🌠 Partner Grind Streamathon (Day 8) 🌈 how are you?! | !join !partner,"['Survival', 'LGBTQ', 'SafeSpace', 'Cape', 'Drops', 'PlayingWithViewers', 'Chill', 'SMP', 'subathon', 'Minecraft']",[],False
2,2025-04-01 19:41,SypherPK,en,Fortnite,(!DROPS ON) NEW UPDATE! FREE GUN WRAPS - Watch for 90 minutes to claim! | !giveaway !rocketwars,"['PvP', 'Multiplayer', 'English', 'battleroyale', 'Fortnite', 'DropsEnabled']",[],False
2,2025-04-01 19:41,TypicalGamer,en,Fortnite,[DROPS ON] FREE x3 GUN WRAPS!! Watch 90 minutes to get them! 👑 TG PLAYS RANDOM CHALLENGES! (I'm Running) 👑,"['English', 'PC', 'Multiplayer', 'PvP', 'Fortnite', 'DropsEnabled']",[],False
2,2025-04-01 19:41,Anomaly,en,Counter-Strike,🔴BIGGEST CS2 UPDATE EVER🔴150+ NEW SKINS🔴NEW KNIVES🔴 !pirateswap !skinsmonkey,"['English', 'Fat', 'CS2']",['MatureGame'],False
2,2025-04-01 19:41,NickEh30_Offline,en,Fortnite,🔴OFFICIAL NICKEH30 WAITING ROOM🔴,"['nickeh30', 'sypherpk', 'clix', 'English']",[],False
2,2025-04-01 19:41,Zemie,en,Fortnite,🔴 DROPS ON 🔴 Playing the NEW Sinners Map. Sinners starring Michael B Jordan in theaters April 18th !Sinners #ad,"['ZeroBuild', 'Fortnite', 'Predictions', 'Competitive', 'English', 'DropsEnabled']",[],False
2,2025-04-01 19:41,andrew11707onyt,en,Fortnite,MONEY SCRIMS (Subathon Day 45) !giveaway,"['English', 'DropsEnabled']",[],False
3,2025-04-01 19:50,thefreddymc,en,Fast Food Simulator,🚨 24 HOUR STREAM 🚨 PUTTING FRIES IN THE BAG 🚨 YAPLIENS UNITE 👽🖖,['English'],[],False
3,2025-04-01 19:50,Cibergun,es,Minecraft,EPICRAFTIA DIA 1,"['minecraft', 'Permadeath', 'Epicraftia', 'Español', 'Recompensasdeespectador']",[],False
3,2025-04-01 19:51,TypicalGamer,en,Fortnite,[DROPS ON] FREE x3 GUN WRAPS!! Watch 90 minutes to get them! 👑 TG PLAYS RANDOM CHALLENGES! (I'm Running) 👑,"['English', 'PC', 'Multiplayer', 'PvP', 'Fortnite', 'DropsEnabled']",[],False
3,2025-04-01 19:51,JaayMC,en,Minecraft,✨ Get the NEW Cape! | 🌎 Minecraft Survival! | 🌠 Partner Grind Streamathon (Day 8) 🌈 how are you?! | !join !partner,"['Survival', 'LGBTQ', 'SafeSpace', 'Cape', 'Drops', 'PlayingWithViewers', 'Chill', 'SMP', 'subathon', 'Minecraft']",[],False
3,2025-04-01 19:51,Anomaly,en,Counter-Strike,🔴BIGGEST CS2 UPDATE EVER🔴150+ NEW SKINS🔴NEW KNIVES🔴 !pirateswap !skinsmonkey,"['English', 'Fat', 'CS2']",['MatureGame'],False
3,2025-04-01 19:51,BushCampDad,en,Fortnite,[DROPS ON] PLACING TOP 100 IN PUBS! | USE CODE BUSHCAMPDAD #AD,"['camping', 'Bushcamper', 'treecamper', 'nokills', 'BadPlayerAlert', 'cantbuild', 'FamilyFriendly', 'English', 'wordsonstream', 'DropsEnabled']",[],False
3,2025-04-01 19:51,Qubblez_,en,Marvel Rivals,❗BIRTHDAY MONTH AHHHH❗MARVEL RIVALS GAMING !discord !tiktok,"['English', 'DropsEnabled']",[],False
3,2025-04-01 19:51,Luckyzeal,en,Marvel Rivals,"12 HOUR STREAM, TOP 7 GLOBAL SPIDEY ONLY #1 SPIDEY (NA) / !discord","['spiderman', 'marvelrivals', 'top500', 'Spidey', 'LOUD', 'English', 'DropsEnabled']",[],False
3,2025-04-01 19:51,NoDamageRocket,en,Hollow Knight,NoDmgRocket's Hollow Knight run (Part 7),"['English', 'marvelrivals', 'nomic', 'nodmgrocket', 'NoDamageRocket', 'RocketRaccoon']",[],False
4,2025-04-01 20:02,thefreddymc,en,Fast Food Simulator,🚨 24 HOUR STREAM 🚨 PUTTING FRIES IN THE BAG 🚨 YAPLIENS UNITE 👽🖖,['English'],[],False
4,2025-04-01 20:02,Cibergun,es,Minecraft,EPICRAFTIA DIA 1,"['minecraft', 'Permadeath', 'Epicraftia', 'Español', 'Recompensasdeespectador']",[],False
4,2025-04-01 20:02,TypicalGamer,en,Fortnite,[DROPS ON] FREE x3 GUN WRAPS!! Watch 90 minutes to get them! 👑 TG PLAYS RANDOM CHALLENGES! (I'm Running) 👑,"['English', 'PC', 'Multiplayer', 'PvP', 'Fortnite', 'DropsEnabled']",[],False
4,2025-04-01 20:02,JaayMC,en,Minecraft,✨ Get the NEW Cape! | 🌎 Minecraft Survival! | 🌠 Partner Grind Streamathon (Day 8) 🌈 how are you?! | !join !partner,"['Survival', 'LGBTQ', 'SafeSpace', 'Cape', 'Drops', 'PlayingWithViewers', 'Chill', 'SMP', 'subathon', 'Minecraft']",[],False
4,2025-04-01 20:03,BushCampDad,en,Fortnite,[DROPS ON] PLACING TOP 100 IN PUBS! | USE CODE BUSHCAMPDAD #AD,"['camping', 'Bushcamper', 'treecamper', 'nokills', 'BadPlayerAlert', 'cantbuild', 'FamilyFriendly', 'English', 'wordsonstream', 'DropsEnabled']",[],False
4,2025-04-01 20:03,Anomaly,en,Counter-Strike,🔴BIGGEST CS2 UPDATE EVER🔴150+ NEW SKINS🔴NEW KNIVES🔴 !pirateswap !skinsmonkey,"['English', 'Fat', 'CS2']",['MatureGame'],False
4,2025-04-01 20:03,Lassiz,en,Marvel Rivals,[Drops] Eternity -> Celestial -> GM -> Broken keyboard?,"['English', 'Tankmain', 'iamgroot', 'Grootisgod', 'marvelrivals', 'DropsEnabled']",[],False
4,2025-04-01 20:03,m0xyy,en,Marvel Rivals,[DROPS ENABLED] 🟥 RANKED DOMINATION 🟥 TOP 25 PEAK 🟥[NOT SCUFFED] !yt !vods,"['English', 'DropsEnabled']",[],False
4,2025-04-01 20:03,TimTheTatmanVODs,en,Call of Duty: Warzone,24/7 VERDANSK (TIMTHETATMAN FUNNIEST MOMENTS),['English'],['MatureGame'],False
5,2025-04-01 20:12,thefreddymc,en,Fast Food Simulator,🚨 24 HOUR STREAM 🚨 PUTTING FRIES IN THE BAG 🚨 YAPLIENS UNITE 👽🖖,['English'],[],False
5,2025-04-01 20:12,TypicalGamer,en,Fortnite,[DROPS ON] FREE x3 GUN WRAPS!! Watch 90 minutes to get them! 👑 TG PLAYS RANDOM CHALLENGES! (I'm Running) 👑,"['English', 'PC', 'Multiplayer', 'PvP', 'Fortnite', 'DropsEnabled']",[],False
5,2025-04-01 20:12,JaayMC,en,Minecraft,✨ Get the NEW Cape! | 🌎 Minecraft Survival! | 🌠 Partner Grind Streamathon (Day 8) 🌈 how are you?! | !join !partner,"['Survival', 'LGBTQ', 'SafeSpace', 'Cape', 'Drops', 'PlayingWithViewers', 'Chill', 'SMP', 'subathon', 'Minecraft']",[],False
5,2025-04-01 20:12,vinnie,en,Marvel Rivals,im quitting streaming,"['English', 'DropsEnabled']",[],True
5,2025-04-01 20:12,BushCampDad,en,Fortnite,[DROPS ON] PLACING TOP 100 IN PUBS! | USE CODE BUSHCAMPDAD #AD,"['camping', 'Bushcamper', 'treecamper', 'nokills', 'BadPlayerAlert', 'cantbuild', 'FamilyFriendly', 'English', 'wordsonstream', 'DropsEnabled']",[],False
5,2025-04-01 20:12,Anomaly,en,Counter-Strike,🔴BIGGEST CS2 UPDATE EVER🔴150+ NEW SKINS🔴NEW KNIVES🔴 !pirateswap !skinsmonkey,"['English', 'Fat', 'CS2']",['MatureGame'],False
5,2025-04-01 20:12,Mbytes37,en,EA Sports FC 25,TESTING 4231 NARROW on the RTG!!!,['English'],[],False
5,2025-04-01 20:12,LA4AWALE,en,EA Sports FC 25,🚨 VIEWER FUT CHAMPS WITH OUTRAGEOUS TEAM🚨9-0🚨 !DISCORD !YOUTUBE !LOOTBAR,['English'],[],False
5,2025-04-01 20:12,ryanpessoa_,en,EA Sports FC 25,RIVALS! !youtube !tactics !disc,"['English', 'fc25', 'gameplay', 'packs']",[],False
6,2025-04-01 20:21,thefreddymc,en,Fast Food Simulator,🚨 24 HOUR STREAM 🚨 PUTTING FRIES IN THE BAG 🚨 YAPLIENS UNITE 👽🖖,['English'],[],False
6,2025-04-01 20:21,TypicalGamer,en,Fortnite,[DROPS ON] FREE x3 GUN WRAPS!! Watch 90 minutes to get them! 👑 TG PLAYS RANDOM CHALLENGES! (I'm Running) 👑,"['English', 'PC', 'Multiplayer', 'PvP', 'Fortnite', 'DropsEnabled']",[],False
6,2025-04-01 20:22,JaayMC,en,Minecraft,✨ Get the NEW Cape! | 🌎 Minecraft Survival! | 🌠 Partner Grind Streamathon (Day 8) 🌈 how are you?! | !join !partner,"['Survival', 'LGBTQ', 'SafeSpace', 'Cape', 'Drops', 'PlayingWithViewers', 'Chill', 'SMP', 'subathon', 'Minecraft']",[],False
6,2025-04-01 20:22,BushCampDad,en,Fortnite,[DROPS ON] PLACING TOP 100 IN PUBS! | USE CODE BUSHCAMPDAD #AD,"['camping', 'Bushcamper', 'treecamper', 'nokills', 'BadPlayerAlert', 'cantbuild', 'FamilyFriendly', 'English', 'wordsonstream', 'DropsEnabled']",[],False
6,2025-04-01 20:22,Anomaly,en,Counter-Strike,🔴BIGGEST CS2 UPDATE EVER🔴150+ NEW SKINS🔴NEW KNIVES🔴 !pirateswap !skinsmonkey,"['English', 'Fat', 'CS2']",['MatureGame'],False
6,2025-04-01 20:22,KaiCenat,en,IRL,I MIGHT GET BANNED TODAY IDC  LETS DO IT,"['English', 'ADHD', 'LOUD', 'gaming', 'AMP']",[],False
6,2025-04-01 20:22,lordchelsebutt,en,Marvel Rivals,your favorite streamers favorite streamer !discord !peach,"['spanish', 'FPS', 'chattingwithviewers', 'talkingwithchat', 'smallstreamer', 'gamergirl', 'english', 'pngtuber', 'latina', 'clowngirl']",[],False
6,2025-04-01 20:22,valkrivers,en,Marvel Rivals,[psylocke main] do I learn Venom for the emote?! | Happy April Fools ♥ | !discord !links,"['pokemon', 'lofi', 'inclusive', 'AuDHD', 'ASMRvoice', 'English', 'pokemonpacksopening', 'fallout', 'pokemon', 'DropsEnabled']",[],False
6,2025-04-01 20:22,slothqveen,en,Overwatch 2,its my last stream :( | !pack | !discord (18+) !drops,['English'],[],False
7,2025-04-02 00:01,thefreddymc,en,R.E.P.O.,🚨 24 HOUR STREAM 🚨 NOT LOSING 🚨 YAPLIENS UNITE 👽🖖,['English'],[],False
7,2025-04-02 00:01,Sigy,en,Sea of Thieves,🔴22/100 days in a row🔴,['English'],[],True
7,2025-04-02 00:01,TypicalGamer,en,Fortnite,[DROPS ON] FREE x3 GUN WRAPS!! Watch 90 minutes to get them! 👑 TRIO CASH CUP FINALS! 👑,"['English', 'PC', 'Multiplayer', 'PvP', 'Fortnite', 'DropsEnabled']",[],False
7,2025-04-02 00:01,JaayMC,en,Minecraft,✨ Get the NEW Cape! | 🌎 Minecraft Survival! | 🌠 Partner Grind Streamathon (Day 8) 🌈 how are you?! | !join !partner,"['Survival', 'LGBTQ', 'SafeSpace', 'Cape', 'Drops', 'PlayingWithViewers', 'Chill', 'SMP', 'subathon', 'Minecraft']",[],False
7,2025-04-02 00:01,LeooKnightus,en,Minecraft,[DROPS] Anarchy is here... Play.Blossomcraft.Org,"['Minecraft', 'BlossomCraft', 'English', 'drops', 'Variety', 'SMP', 'ViewerRewards']",[],True
7,2025-04-02 00:02,vinnie,en,Marvel Rivals,im quitting streaming,['English'],[],True
7,2025-04-02 00:02,Sanchovies,en,League of Legends,April Fool's... the best day of the year for a troll such as myself *readjusts glasses and they shine like in anime*,['English'],[],False
7,2025-04-02 00:02,Spicalol,en,League of Legends,Lespica soloq  | !nacl,"['English', 'leagueoflegends', 'jungleisweak', 'ADHD', 'old', 'pro', 'Nonchalant', 'Fullclear', 'philosophy', 'Freak']",[],False
7,2025-04-02 00:02,KarasMai,en,League of Legends,2 Challenger Accounts - Rank 1 Kayn World -  !hellofresh !Challenger !discord,"['English', 'kayn']",[],False
8,2025-04-02 00:13,thefreddymc,en,R.E.P.O.,🚨 24 HOUR STREAM 🚨 NOT LOSING 🚨 YAPLIENS UNITE 👽🖖,['English'],[],False
8,2025-04-02 00:13,Sigy,en,Sea of Thieves,🔴22/100 days in a row🔴,['English'],[],True
8,2025-04-02 00:13,TypicalGamer,en,Fortnite,[DROPS ON] FREE x3 GUN WRAPS!! Watch 90 minutes to get them! 👑 TRIO CASH CUP FINALS! 👑,"['English', 'PC', 'Multiplayer', 'PvP', 'Fortnite', 'DropsEnabled']",[],False
8,2025-04-02 00:13,JaayMC,en,Minecraft,✨ Get the NEW Cape! | 🌎 Minecraft Survival! | 🌠 Partner Grind Streamathon (Day 8) 🌈 how are you?! | !join !partner,"['Survival', 'LGBTQ', 'SafeSpace', 'Cape', 'Drops', 'PlayingWithViewers', 'Chill', 'SMP', 'subathon', 'Minecraft']",[],False
8,2025-04-02 00:13,LeooKnightus,en,Minecraft,[DROPS] Anarchy is here... Play.Blossomcraft.Org,"['Minecraft', 'BlossomCraft', 'English', 'drops', 'Variety', 'SMP', 'ViewerRewards']",[],True
8,2025-04-02 00:13,MrZacCas,en,Minecraft,🚨NEW MINECRAFT CAPE! 🚨 HARDCORE  BUILDING MY HOUSE RERUN,"['English', 'Speedrun', 'gaming', 'IRL', 'Speedrunner', 'Australia', 'American', 'drops', 'cape', 'ViewerRewards']",[],False
8,2025-04-02 00:13,MsRis24,en,The Sims 4,yes we still play sims here too ♡ | !socials !merch !kcn !modlist,"['AfricanAmerican', 'Black', 'PlusSize', 'Woman', 'BigCreatxr', 'BlackBrilliance', 'English', 'BlackSimmer']",[],False
8,2025-04-02 00:13,YourGirlPlaysXO,en,Fortnite,"Im not ""sweaty"" I GLISTEN! 🔫🔫 || Use Code: YOURGIRLPLAYSXO #EpicPartner","['modded', 'black', 'sims4letsplay', 'legacychallenge', 'blacksims', 'chatty', 'fortnite', 'English']",[],False
8,2025-04-02 00:13,TheSarah_O,en,The Sims 4,Chill GRWM and Save Files Prep | CAS And Build Mode | The Sims 4 | The Sarah O.,"['GIRL', 'chill', 'English', 'funny', 'sims', 'sims4']",[],False
9,2025-04-02 00:24,thefreddymc,en,R.E.P.O.,🚨 24 HOUR STREAM 🚨 NOT LOSING 🚨 YAPLIENS UNITE 👽🖖,['English'],[],False
9,2025-04-02 00:24,Sigy,en,Sea of Thieves,🔴22/100 days in a row🔴,['English'],[],True
9,2025-04-02 00:24,JaayMC,en,Minecraft,✨ Get the NEW Cape! | 🌎 Minecraft Survival! | 🌠 Partner Grind Streamathon (Day 8) 🌈 how are you?! | !join !partner,"['Survival', 'LGBTQ', 'SafeSpace', 'Cape', 'Drops', 'PlayingWithViewers', 'Chill', 'SMP', 'subathon', 'Minecraft']",[],False
9,2025-04-02 00:24,TypicalGamer,en,Fortnite,[DROPS ON] FREE x3 GUN WRAPS!! Watch 90 minutes to get them! 👑 TRIO CASH CUP FINALS! 👑,"['English', 'PC', 'Multiplayer', 'PvP', 'Fortnite', 'DropsEnabled']",[],False
9,2025-04-02 00:24,flotsam,en,Sea of Thieves,Solo Sloop PvP,"['Solo', 'PvP', 'English']",[],False
9,2025-04-02 00:24,LeooKnightus,en,Minecraft,[DROPS] Anarchy is here... Play.Blossomcraft.Org,"['Minecraft', 'BlossomCraft', 'English', 'drops', 'Variety', 'SMP', 'ViewerRewards']",[],True
9,2025-04-02 00:24,tyraDT,en,Grand Theft Auto V,Savannah the Record Label CEO in White City | @tyradt,"['Woman', 'Black', 'Gamer', 'gamergirl', 'English', 'fps']",['MatureGame'],False
9,2025-04-02 00:24,amp_waiting1,en,NBA 2K25,agent war stream ⚡️ watch party,['English'],[],False
9,2025-04-02 00:24,inhayle,en,Tom Clancy's Rainbow Six Siege,BEST PC CONSOLE PLAYER !socials,"['English', 'rainbowsixsiege', 'king', 'fun', 'jynxzi', 'r6', 'ricci', 'champ', 'topchamp', 'siege']",['MatureGame'],False
10,2025-04-02 04:01,PewDiePie,en,Minecraft,[DROPS] Minecraft Reruns ∞ Binge @PewDiePie vids 24/7 with chat ∞ !video !drops,"['Minecraft', 'YouTube', 'AlwaysOn', 'English', 'Rerun', 'ViewerRewards']",[],True
10,2025-04-02 04:02,Oatley,en,Fortnite,"(!DROPS ON) OCE FNCS DIVISIONAL CUP | Code ""Oatley"" #ad | !socials !youtube !delay","['FamilyFriendly', 'Fortnite', 'BattleRoyale', 'Multiplayer', 'Competitive', 'Professional', 'Positivity', 'PC', 'English', 'DropsEnabled']",[],False
10,2025-04-02 04:02,TypicalGamer,en,Fortnite,[DROPS ON] FREE x3 GUN WRAPS!! Watch 90 minutes to get them! 👑 TG PLAYS RANDOM CHALLENGES! (sleeping) 👑,"['English', 'PC', 'Multiplayer', 'PvP', 'Fortnite', 'DropsEnabled']",[],False
10,2025-04-02 04:02,thefreddymc,en,Minecraft,🚨 24 HOUR STREAM 🚨 HORROR MODS 🚨 YAPLIENS UNITE 👽🖖,"['English', 'ViewerRewards']",[],False
10,2025-04-02 04:03,LeooKnightus,en,Minecraft,[DROPS] Anarchy is here... Play.Blossomcraft.Org,"['Minecraft', 'BlossomCraft', 'English', 'drops', 'Variety', 'SMP', 'ViewerRewards']",[],True
10,2025-04-02 04:03,yrChuki,en,EA Sports FC 25,MAIN CHAMPS! WE GOT PARTNER! DAY 6 OF NO CRASH OUT! 3501/3600 FOLLOWER GOAL!,"['FIFA', 'Football', 'English']",[],False
10,2025-04-02 04:03,Ochris,en,EA Sports FC 25,Vibes - Sub/Follow the !yt !tiktok for stream highlights!,"['English', 'UltimateTeam', 'Chill', 'Beard']",[],False
10,2025-04-02 04:03,Snipeshot5000,en,EA Sports FC 25,(PRO) WL SPEEDRUN (30-0) | TOP 50 ELITE DIV RIVALS ENG/ESP | !tactics !discord !coaching !youtube,"['Pro', 'ELITE', 'English', 'SpanishAndEnglish', 'HelpsViewers']",[],False
11,2025-04-02 04:13,thefreddymc,en,Minecraft,🚨 24 HOUR STREAM 🚨 HORROR MODS 🚨 YAPLIENS UNITE 👽🖖,"['English', 'ViewerRewards']",[],False
11,2025-04-02 04:13,TypicalGamer,en,Fortnite,[DROPS ON] FREE x3 GUN WRAPS!! Watch 90 minutes to get them! 👑 TG PLAYS RANDOM CHALLENGES! (sleeping) 👑,"['English', 'PC', 'Multiplayer', 'PvP', 'Fortnite', 'DropsEnabled']",[],False
11,2025-04-02 04:14,Oatley,en,Fortnite,"(!DROPS ON) OCE FNCS DIVISIONAL CUP | Code ""Oatley"" #ad | !socials !youtube !delay","['FamilyFriendly', 'Fortnite', 'BattleRoyale', 'Multiplayer', 'Competitive', 'Professional', 'Positivity', 'PC', 'English', 'DropsEnabled']",[],False
11,2025-04-02 04:14,flotsam,en,Sea of Thieves,Solo Sloop PvP,"['Solo', 'PvP', 'English']",[],False
11,2025-04-02 04:14,LeooKnightus,en,Minecraft,[DROPS] Anarchy is here... Play.Blossomcraft.Org,"['Minecraft', 'BlossomCraft', 'English', 'drops', 'Variety', 'SMP', 'ViewerRewards']",[],True
11,2025-04-02 04:14,MrZacCas,en,Minecraft,🚨NEW MINECRAFT CAPE! 🚨 HARDCORE  BUILDING MY HOUSE RERUN,"['English', 'Speedrun', 'gaming', 'IRL', 'Speedrunner', 'Australia', 'American', 'drops', 'cape', 'ViewerRewards']",[],False
11,2025-04-02 04:14,Mushiuski,es,Overwatch 2,Un rato de OW,"['español', 'latino', 'safespace', 'México', 'Español', 'Mujer', 'LGBTQFriendly']",['ProfanityVulgarity'],False
11,2025-04-02 04:14,Sakuraav,es,Overwatch 2,Un ratito de Ranks de Over | !redes | !discord || Hay alertas,"['Divertido', 'Español', 'xbox', 'Mujer', 'Multijugador', 'Overawatch', 'Shooter', 'healermain', 'PC']",[],False
11,2025-04-02 04:14,xSparksBG,es,Overwatch 2,🔥!SORTEO ACTIVO ESTE MIERCOLES🔥ESTOY DE REGRESO LETS GOOOOO🔥🐺🐺,"['Español', 'latinoamerica']",[],False
12,2025-04-02 04:23,thefreddymc,en,Minecraft,🚨 24 HOUR STREAM 🚨 HORROR MODS 🚨 YAPLIENS UNITE 👽🖖,"['English', 'ViewerRewards']",[],False
12,2025-04-02 04:23,TypicalGamer,en,Fortnite,[DROPS ON] FREE x3 GUN WRAPS!! Watch 90 minutes to get them! 👑 TG PLAYS RANDOM CHALLENGES! (sleeping) 👑,"['English', 'PC', 'Multiplayer', 'PvP', 'Fortnite', 'DropsEnabled']",[],False
12,2025-04-02 04:23,Oatley,en,Fortnite,"(!DROPS ON) OCE FNCS DIVISIONAL CUP | Code ""Oatley"" #ad | !socials !youtube !delay","['FamilyFriendly', 'Fortnite', 'BattleRoyale', 'Multiplayer', 'Competitive', 'Professional', 'Positivity', 'PC', 'English', 'DropsEnabled']",[],False
12,2025-04-02 04:23,flotsam,en,Sea of Thieves,Solo Sloop PvP,"['Solo', 'PvP', 'English']",[],False
12,2025-04-02 04:23,Caedrel,en,League of Legends,🔴HLE VS GENG MEGA BANGER LCK IS SO BACKKKKK #LCKWatchParty !dpmlol !discord !displate,"['English', 'LPL', 'LCK', 'LEC']",[],False
12,2025-04-02 04:23,LeooKnightus,en,Minecraft,[DROPS] Anarchy is here... Play.Blossomcraft.Org,"['Minecraft', 'BlossomCraft', 'English', 'drops', 'Variety', 'SMP', 'ViewerRewards']",[],True
12,2025-04-02 04:23,Bwipolol,en,League of Legends,"Back in NA,  grandmaster tier educational gameplay","['Speedrunning', 'English', 'Challenger', 'soloqueue']",[],False
12,2025-04-02 04:23,Broxah,en,League of Legends,🟢 TRYHARD VIBES TO CHALLENGER ON BOTH ACCOUNTS 🟢 !prime !youtube !social,"['ASMR', 'English']",[],True
12,2025-04-02 04:23,Rush,en,Teamfight Tactics,"NEW TFT SET, KR RANK",['English'],[],False
13,2025-04-02 04:31,thefreddymc,en,Software Inc.,🚨 24 HOUR STREAM 🚨 BUSINESS MAJORS DOING BUSINESS THINGS 🚨 YAPLIENS UNITE 👽🖖,['English'],[],False
13,2025-04-02 04:31,Caedrel,en,League of Legends,🔴HLE VS GENG MEGA BANGER LCK IS SO BACKKKKK #LCKWatchParty !dpmlol !discord !displate,"['English', 'LPL', 'LCK', 'LEC']",[],False
13,2025-04-02 04:31,TypicalGamer,en,Fortnite,[DROPS ON] FREE x3 GUN WRAPS!! Watch 90 minutes to get them! 👑 TG PLAYS RANDOM CHALLENGES! (sleeping) 👑,"['English', 'PC', 'Multiplayer', 'PvP', 'Fortnite', 'DropsEnabled']",[],False
13,2025-04-02 04:31,Oatley,en,Fortnite,"(!DROPS ON) OCE FNCS DIVISIONAL CUP | Code ""Oatley"" #ad | !socials !youtube !delay","['FamilyFriendly', 'Fortnite', 'BattleRoyale', 'Multiplayer', 'Competitive', 'Professional', 'Positivity', 'PC', 'English', 'DropsEnabled']",[],False
13,2025-04-02 04:32,flotsam,en,Sea of Thieves,Solo Sloop PvP,"['Solo', 'PvP', 'English']",[],False
13,2025-04-02 04:32,LeooKnightus,en,Minecraft,[DROPS] Anarchy is here... Play.Blossomcraft.Org,"['Minecraft', 'BlossomCraft', 'English', 'drops', 'Variety', 'SMP', 'ViewerRewards']",[],True
13,2025-04-02 04:32,Ache,es,Fortnite,[Drops Activos] NUEVO MEDALLÓN de SCORPION 🤩,"['Español', 'Shooter', 'Fortnite', 'ache', 'DropsActivados']",[],False
13,2025-04-02 04:32,rene8808,es,American Truck Simulator,🐸JUGANDO Y PLATICANDO CON USTEDES gg🐸,['Español'],[],False
13,2025-04-02 04:32,manutegaming,es,Teamfight Tactics,SUBATHON NUEVO SET RANKEDS EUW. Nuevo !discord,['Español'],[],False
14,2025-04-02 04:39,thefreddymc,en,Software Inc.,🚨 24 HOUR STREAM 🚨 BUSINESS MAJORS DOING BUSINESS THINGS 🚨 YAPLIENS UNITE 👽🖖,['English'],[],False
14,2025-04-02 04:40,Caedrel,en,League of Legends,🔴HLE VS GENG MEGA BANGER LCK IS SO BACKKKKK #LCKWatchParty !dpmlol !discord !displate,"['English', 'LPL', 'LCK', 'LEC']",[],False
14,2025-04-02 04:40,TypicalGamer,en,Fortnite,[DROPS ON] FREE x3 GUN WRAPS!! Watch 90 minutes to get them! 👑 TG PLAYS RANDOM CHALLENGES! (sleeping) 👑,"['English', 'PC', 'Multiplayer', 'PvP', 'Fortnite', 'DropsEnabled']",[],False
14,2025-04-02 04:40,Oatley,en,Fortnite,"(!DROPS ON) OCE FNCS DIVISIONAL CUP | Code ""Oatley"" #ad | !socials !youtube !delay","['FamilyFriendly', 'Fortnite', 'BattleRoyale', 'Multiplayer', 'Competitive', 'Professional', 'Positivity', 'PC', 'English', 'DropsEnabled']",[],False
14,2025-04-02 04:40,flotsam,en,Sea of Thieves,Solo Sloop PvP,"['Solo', 'PvP', 'English']",[],False
14,2025-04-02 04:40,LeooKnightus,en,Minecraft,[DROPS] Anarchy is here... Play.Blossomcraft.Org,"['Minecraft', 'BlossomCraft', 'English', 'drops', 'Variety', 'SMP', 'ViewerRewards']",[],True
14,2025-04-02 04:40,CzRansei,en,ROBLOX,"Pls Donate, Robuxthon, donate to increase time  english |","['English', 'roblox', 'PlsDonateLive', 'plsdonateroblox', 'chattingwithviewers']",[],False
14,2025-04-02 04:40,REDbaiR36,ru,ROBLOX,⚡️У тебя минута встать в паровозик⚡️ !тг !сервер,"['Аниме', 'minecraft', 'Русский', 'сервер']",[],False
14,2025-04-02 04:40,Zintid,en,ROBLOX,ROBUX GIVEAWAY | !giveaway | !discord | !play FREE ROBUX,"['English', 'Rerun']",[],False
15,2025-04-02 08:01,thefreddymc,en,Minecraft,🚨 24 HOUR STREAM 🚨 TRYING TO BEAT 35:00 MINUTES (1.16.1) 🚨 YAPLIENS UNITE 👽🖖,"['English', 'ViewerRewards']",[],False
15,2025-04-02 08:01,Oatley,en,Fortnite,"(!DROPS ON) OCE FNCS DIVISIONAL CUP | Code ""Oatley"" #ad | !socials !youtube !delay","['FamilyFriendly', 'Fortnite', 'BattleRoyale', 'Multiplayer', 'Competitive', 'Professional', 'Positivity', 'PC', 'English', 'DropsEnabled']",[],False
15,2025-04-02 08:01,TypicalGamer,en,Fortnite,[DROPS ON] FREE x3 GUN WRAPS!! Watch 90 minutes to get them! 👑 TG PLAYS RANDOM CHALLENGES! (sleeping) 👑,"['English', 'PC', 'Multiplayer', 'PvP', 'Fortnite', 'DropsEnabled']",[],False
15,2025-04-02 08:01,Caedrel,en,League of Legends,🔴LCK COSTREAMS ARE BACKKKK DNF VS DRX #LCKWatchParty !dpmlol !discord !displate,"['English', 'LPL', 'LCK', 'LEC']",[],False
15,2025-04-02 08:02,LeooKnightus,en,Minecraft,[DROPS] Just mining on Play.Blossomcraft.Org,"['Minecraft', 'BlossomCraft', 'English', 'drops', 'Variety', 'SMP', 'ViewerRewards']",[],True
15,2025-04-02 08:02,MrZacCas,en,Minecraft,🚨NEW MINECRAFT CAPE! 🚨 HARDCORE  BUILDING MY HOUSE RERUN,"['English', 'Speedrun', 'gaming', 'IRL', 'Speedrunner', 'Australia', 'American', 'drops', 'cape', 'ViewerRewards']",[],False
15,2025-04-02 08:02,imBobu,en,Just Chatting,edging till it hurts on valorant,"['ADHDeez', 'Australia', 'Vietnamese', 'English', 'AusStreamer', 'Australian', 'ThankYouBeyonce', 'OCE', 'valorant', 'val']",[],False
15,2025-04-02 08:02,bubblesNT,en,Just Chatting,first IRL STRIM,"['English', 'OCE', 'Aisan', 'AsianAustralian', 'FirstIRLstream', 'justchatting']",[],False
15,2025-04-02 08:02,itstuy,en,The Mortuary Assistant,[OCE/AUS] ANNOUNCEMENT TIME,"['OCE', 'English']",['MatureGame'],False
16,2025-04-02 08:10,thefreddymc,en,Minecraft,🚨 24 HOUR STREAM 🚨 TRYING TO BEAT 35:00 MINUTES (1.16.1) 🚨 YAPLIENS UNITE 👽🖖,"['English', 'ViewerRewards']",[],False
16,2025-04-02 08:10,Oatley,en,Fortnite,"(!DROPS ON) OCE FNCS DIVISIONAL CUP | Code ""Oatley"" #ad | !socials !youtube !delay","['FamilyFriendly', 'Fortnite', 'BattleRoyale', 'Multiplayer', 'Competitive', 'Professional', 'Positivity', 'PC', 'English', 'DropsEnabled']",[],False
16,2025-04-02 08:11,TypicalGamer,en,Fortnite,[DROPS ON] FREE x3 GUN WRAPS!! Watch 90 minutes to get them! 👑 TG PLAYS RANDOM CHALLENGES! (sleeping) 👑,"['English', 'PC', 'Multiplayer', 'PvP', 'Fortnite', 'DropsEnabled']",[],False
16,2025-04-02 08:11,Caedrel,en,League of Legends,🔴LCK COSTREAMS ARE BACKKKK DNF VS DRX #LCKWatchParty !dpmlol !discord !displate,"['English', 'LPL', 'LCK', 'LEC']",[],False
16,2025-04-02 08:11,Necros,en,Marvel Rivals,[DROPS ENABLED] BIG NEWS VERY SOON... sus,"['English', 'spiderman', 'blackpanther']",[],False
16,2025-04-02 08:11,LeooKnightus,en,Minecraft,[DROPS] Just mining on Play.Blossomcraft.Org,"['Minecraft', 'BlossomCraft', 'English', 'drops', 'Variety', 'SMP', 'ViewerRewards']",[],True
16,2025-04-02 08:11,MrDylanEvans,en,Fortnite,NEW Update🔥Playing with Viewers🔥UK🔥USE CODE: DylanEvans🔥,"['playingwithviewers', 'battleroyale', 'hype', 'english', 'fun', 'goodvibes', 'chill', 'british', 'chatting', 'English']",[],False
16,2025-04-02 08:11,saloodz,en,Fortnite,Sipping Coffee and Reading Chat | Drops are ON !drops !playlist !miniloodz !drums,"['English', 'AsianAmerican', 'Chatting', 'Solos', 'facecam', 'handcam', 'Ranked', 'ZeroBuildFortnite', 'ZeroBuild', 'builds']",[],False
16,2025-04-02 08:11,ChiVeeTV,en,Fortnite,[DROPS]👑Chat Games💖~ !JOIN to Join the Line | !Loots !Hype !Goal !Giveaway😍| Hi I'm a dorky lvl of weirdo that loves to spread hype!😂,"['Squads', 'PlayingwWithViewers', 'English', 'CommunityGames', 'Cosplay', 'Fortnite', 'Giveaways', 'ADHD', 'WheelSpins', 'Crowns']",[],False
17,2025-04-02 08:19,Oatley,en,Fortnite,"(!DROPS ON) OCE FNCS DIVISIONAL CUP | Code ""Oatley"" #ad | !socials !youtube !delay","['FamilyFriendly', 'Fortnite', 'BattleRoyale', 'Multiplayer', 'Competitive', 'Professional', 'Positivity', 'PC', 'English', 'DropsEnabled']",[],False
17,2025-04-02 08:19,Eijtrooper,en,Minecraft,FREE CAPE + I LIED ABOUT HATING EVERYONE JUST TOES<3,"['Gamer', 'Funny', 'Comedy', 'Chaos', 'TOS', 'English', 'ANZ', 'minecraft', 'valorant', 'egirl']",[],False
17,2025-04-02 08:19,thefreddymc,en,Minecraft,🚨 24 HOUR STREAM 🚨 TRYING TO BEAT 35:00 MINUTES (1.16.1) 🚨 YAPLIENS UNITE 👽🖖,"['English', 'ViewerRewards']",[],False
17,2025-04-02 08:19,Necros,en,Marvel Rivals,[DROPS ENABLED] BIG NEWS VERY SOON... sus,"['English', 'spiderman', 'blackpanther']",[],False
17,2025-04-02 08:19,Caedrel,en,League of Legends,🔴LCK COSTREAMS ARE BACKKKK DNF VS DRX #LCKWatchParty !dpmlol !discord !displate,"['English', 'LPL', 'LCK', 'LEC']",[],False
17,2025-04-02 08:19,gkey,en,Minecraft,"🟪17,000+ DAYS Hardcore Minecraft🟪!project !tour !socials🟪","['English', 'ViewerRewards']",[],False
17,2025-04-02 08:19,Loeya,en,Fortnite,[DROPS] wheehoooo - Code: LOEYA #EpicPartner,"['Cats', 'BattleRoyale', 'English', 'DropsEnabled']",[],False
17,2025-04-02 08:19,NickEh30_Offline,en,Fortnite,🔴OFFICIAL NICKEH30 WAITING ROOM🔴,"['nickeh30', 'sypherpk', 'clix', 'English', 'DropsEnabled']",[],False
17,2025-04-02 08:19,HappyHappyGal_Offline,en,Fortnite,OFFICIAL HAPPYHAPPYGAL WAITING ROOM,"['happyhappygal', 'fortnite', 'Loserfruit', 'chica', 'English', 'DropsEnabled']",[],False
18,2025-04-02 12:01,JonBams,en,Minecraft,DROPS! | MadPack 5: Salty Shores,"['English', 'ViewerRewards']",['ProfanityVulgarity'],False
18,2025-04-02 12:01,BushCampDad,en,Fortnite,[DROPS ON] SUB GAMES WEDNESDAY! | USE CODE BUSHCAMPDAD #AD,"['camping', 'Bushcamper', 'treecamper', 'nokills', 'BadPlayerAlert', 'cantbuild', 'FamilyFriendly', 'English', 'wordsonstream', 'DropsEnabled']",[],False
18,2025-04-02 12:01,TypicalGamer,en,Fortnite,[DROPS ON] FREE x3 GUN WRAPS!! Watch 90 minutes to get them! 👑 TG PLAYS RANDOM CHALLENGES! (sleeping) 👑,"['English', 'PC', 'Multiplayer', 'PvP', 'Fortnite', 'DropsEnabled']",[],False
18,2025-04-02 12:02,Ninja,en,Fortnite,[DROPS ON] Back from fortnite retirement,"['English', 'Ninja', 'BattleRoyale', 'Chapter6', 'YouKnowWhatsCrazy', 'LowTaperFade', 'ItsMassive', 'StillDraggingIt', 'SaveYourSkin', 'DropsEnabled']",[],False
18,2025-04-02 12:02,Horcus,es,VALORANT,CHEATERS + WINTRADERS RANKEDS - RADIANT,"['Español', 'España', 'Valorant', 'Radiant', 'Spanish', 'English', 'Competitive', 'Drops', 'Competitivo', 'asmr']",[],False
18,2025-04-02 12:02,Beardageddon,en,Sea of Thieves,Beardageddon247 is the other guy !GS !prime !mobile,"['English', 'Casual', 'Interactive', 'ChatInteraction', 'PvP', 'PvE', 'chill', 'moderated', 'NoPolitics']",[],True
19,2025-04-02 12:11,JonBams,en,Minecraft,DROPS! | MadPack 5: Salty Shores,"['English', 'ViewerRewards']",['ProfanityVulgarity'],False
19,2025-04-02 12:11,BushCampDad,en,Fortnite,[DROPS ON] SUB GAMES WEDNESDAY! | USE CODE BUSHCAMPDAD #AD,"['camping', 'Bushcamper', 'treecamper', 'nokills', 'BadPlayerAlert', 'cantbuild', 'FamilyFriendly', 'English', 'wordsonstream', 'DropsEnabled']",[],False
19,2025-04-02 12:11,TypicalGamer,en,Fortnite,[DROPS ON] FREE x3 GUN WRAPS!! Watch 90 minutes to get them! 👑 TG PLAYS RANDOM CHALLENGES! (sleeping) 👑,"['English', 'PC', 'Multiplayer', 'PvP', 'Fortnite', 'DropsEnabled']",[],False
19,2025-04-02 12:12,Horcus,es,VALORANT,CHEATERS + WINTRADERS RANKEDS - RADIANT,"['Español', 'España', 'Valorant', 'Radiant', 'Spanish', 'English', 'Competitive', 'Drops', 'Competitivo', 'asmr']",[],False
19,2025-04-02 12:12,Beardageddon,en,Sea of Thieves,Beardageddon247 is the other guy !GS !prime !mobile,"['English', 'Casual', 'Interactive', 'ChatInteraction', 'PvP', 'PvE', 'chill', 'moderated', 'NoPolitics']",[],True
19,2025-04-02 12:12,kraandop,en,Overwatch 2,[!DROPS] GETTING CHAMP. SURELY. NOTHING CAN GO WRONG. !GG,"['Nederlands', 'English']",[],False
19,2025-04-02 12:12,codebreaker,en,Overwatch 2,TOP 500 DPS | EARLY MORNING OW | CAT DAD OF 2 HERE FOR MY SHIFT!!,"['dps', 'chill', 'English']",[],False
19,2025-04-02 12:12,cowfee,en,Overwatch 2,!FACEIT CO-STREAM EVENT AT 8 PM CEST! ✿  EMEA & NA viewer games after! (FACEIT DROPS ON),"['art', 'vtuber', 'fps', 'chibi', 'anime', 'English', 'Grandmaster', 'SupportMain', 'Kiriko', 'top500']",[],False
19,2025-04-02 12:12,dafranVODs,en,Overwatch 2,Dafran 24/7 VODs,['English'],[],False
20,2025-04-02 12:20,PhuzzyBond,en,No Man's Sky,Expedition Time | 🫖Good Vibes | 💚💜 Real Life Content on !KOFI,"['ClosedCaptions', 'LongSilkyHair', 'FamilyFriendly', 'SeaOfThievesPartner', 'ASMR', 'English', 'Chill', 'GoodVibes']",[],False
20,2025-04-02 12:20,Pufferson,en,Sea of Thieves,🧡 New April partner; !OperaGX 🧡 Girl power bote w/ @toxiesinclaire 🧡 | !socials !TTS !fractal,"['English', 'Swedish', 'Pufferson', 'Puff', 'helloitspuff', 'SeaOfThievesPartner', 'SoTPartner', 'giveaway']",[],True
20,2025-04-02 12:20,Loeya,en,Fortnite,[DROPS] wheehoooo - Code: LOEYA #EpicPartner,"['Cats', 'BattleRoyale', 'English', 'DropsEnabled']",[],False
20,2025-04-02 12:20,miexoo,de,Minecraft,🔴 FREE MINECRAFT CAPE - !drops 🔴 SUB = NO ADS 🔴 [ @Verku @deledettv ],"['Deutsch', 'English', 'Español', 'Zuschauerbelohnungen', 'Русский', 'Polski', '日本語', '中国人', 'DropsEnabled']",[],False
20,2025-04-02 12:20,Necros,en,Marvel Rivals,BIG NEWS VERY SOON... sus,"['English', 'spiderman', 'blackpanther']",[],False
20,2025-04-02 12:20,SypherPKVODS,en,Fortnite,DROPS ON | OFFICIAL 24/7 SYPHERPK CHANNEL,"['English', 'Rerun', 'BattlelRoyale', 'sypherpk', 'Fortnite', 'DropsEnabled']",[],False
20,2025-04-02 12:20,maxsych_,ru,Overwatch 2,Последними словами батл   !тг,"['English', 'Русский', 'Витьюбер', 'Vtuber', 'Аниме', 'Уют', 'Витьюбер', 'Милота']",[],False
20,2025-04-02 12:20,Linvi_chan,ru,Black Mesa,Мяв ‹𝟹,"['Русский', 'ASMR', 'Vtuber', 'neko']",[],False
20,2025-04-02 12:20,akidawho,ru,Overwatch 2,Эта игра слишком хороша в апреле,"['Чтоэто', 'Витьюберы', 'Vtuber', 'Русский', 'манипулятор', 'кукловод', 'манипуляция', 'Интересы', 'Ниточки', 'Дазайкинни']",[],False
21,2025-04-02 12:29,BushCampDad,en,Fortnite,[DROPS ON] SUB GAMES WEDNESDAY! | USE CODE BUSHCAMPDAD #AD,"['camping', 'Bushcamper', 'treecamper', 'nokills', 'BadPlayerAlert', 'cantbuild', 'FamilyFriendly', 'English', 'wordsonstream', 'DropsEnabled']",[],False
21,2025-04-02 12:29,kraandop,en,Overwatch 2,[!DROPS] GETTING CHAMP. SURELY. NOTHING CAN GO WRONG. !GG,"['Nederlands', 'English']",[],False
21,2025-04-02 12:29,codebreaker,en,Overwatch 2,TOP 500 DPS | EARLY MORNING OW | CAT DAD OF 2 HERE FOR MY SHIFT!!,"['dps', 'chill', 'English']",[],False
21,2025-04-02 12:29,JonBams,en,Minecraft,DROPS! | MadPack 5: Salty Shores,"['English', 'ViewerRewards']",['ProfanityVulgarity'],False
21,2025-04-02 12:29,Ninja,en,Fortnite,[DROPS ON] Back from fortnite retirement,"['English', 'Ninja', 'BattleRoyale', 'Chapter6', 'YouKnowWhatsCrazy', 'LowTaperFade', 'ItsMassive', 'StillDraggingIt', 'SaveYourSkin', 'DropsEnabled']",[],False
21,2025-04-02 12:30,TypicalGamer,en,Fortnite,[DROPS ON] FREE x3 GUN WRAPS!! Watch 90 minutes to get them! 👑 TG PLAYS RANDOM CHALLENGES! (sleeping) 👑,"['English', 'PC', 'Multiplayer', 'PvP', 'Fortnite', 'DropsEnabled']",[],False
21,2025-04-02 12:30,AuzioMF,en,EA Sports FC 25,ELITE RIVALS GRIND! 🚨 !433 !prime !tts @AuzioMF,['English'],[],False
21,2025-04-02 12:30,AnthonyDayTV,en,EA Sports FC 25,"😎 THE FIFA GOD IS HERE!! 😎 COME ON LIVERPOOL!! 🔴⚪ DIV RIVALS, PACKS, SBCS AND 1V1 SUBS!! ⚪🔴 | !YT !Sub !Prime !TikTok !Merch","['uk', 'English', 'playingwithviewers', 'EASportsFC', 'FC25', 'FUTChampions', 'Dreamchasers', 'TOTW', 'UltimateTeam']",[],False
21,2025-04-02 12:30,runthefutmarket,en,EA Sports FC 25,ROAD TO TOP 100 ELITE RIVALS!!! | !prime for prime sub,"['English', 'sports', 'soccer', 'Football']",[],False
22,2025-04-02 12:41,BushCampDad,en,Fortnite,[DROPS ON] SUB GAMES WEDNESDAY! | USE CODE BUSHCAMPDAD #AD,"['camping', 'Bushcamper', 'treecamper', 'nokills', 'BadPlayerAlert', 'cantbuild', 'FamilyFriendly', 'English', 'wordsonstream', 'DropsEnabled']",[],False
22,2025-04-02 12:41,kraandop,en,Overwatch 2,[!DROPS] GETTING CHAMP. SURELY. NOTHING CAN GO WRONG. !GG,"['Nederlands', 'English']",[],False
22,2025-04-02 12:41,codebreaker,en,Overwatch 2,TOP 500 DPS | EARLY MORNING OW | CAT DAD OF 2 HERE FOR MY SHIFT!!,"['dps', 'chill', 'English']",[],False
22,2025-04-02 12:41,JonBams,en,Minecraft,DROPS! | MadPack 5: Salty Shores,"['English', 'ViewerRewards']",['ProfanityVulgarity'],False
22,2025-04-02 12:41,Ninja,en,Fortnite,[DROPS ON] Back from fortnite retirement,"['English', 'Ninja', 'BattleRoyale', 'Chapter6', 'YouKnowWhatsCrazy', 'LowTaperFade', 'ItsMassive', 'StillDraggingIt', 'SaveYourSkin', 'DropsEnabled']",[],False
22,2025-04-02 12:41,TypicalGamer,en,Fortnite,[DROPS ON] FREE x3 GUN WRAPS!! Watch 90 minutes to get them! 👑 TG PLAYS RANDOM CHALLENGES! (sleeping) 👑,"['English', 'PC', 'Multiplayer', 'PvP', 'Fortnite', 'DropsEnabled']",[],False
22,2025-04-02 12:41,Skiesti,en,Overwatch 2,Game painful but at least I have LSF Mercy :) !NEWVID !rose !pugs | !mercyhelp !heroperks,"['ADHD', 'SafeSpace', 'Mercy', 'Interactive', 'Chill', 'Canadian', 'Educational', 'Support', 'ClosedCaptions', 'English']",[],False
22,2025-04-02 12:41,Questron,en,Overwatch 2,🎯THE ADHD TOP TIER SOMBRA GUY🎯MANY GREAT THINGS HAPPENING TODAY🎯NINTENDO DIRECT?🎯FACE-IT PUGS?🎯SO MANY THINGS!!🎯-> !toomanyads 🎯,"['cowabunga', 'overwatch', 'swagsauce', 'sombra', 'English']",[],False
22,2025-04-02 12:41,aeriphie,en,Overwatch 2,⌚ happy (belated) april fools !! let's fool around in owa ♡ | !discord !socials !clip,"['English', 'Chinese中文', '한국어Korean', 'Asian', 'SouthEastAsia', 'LGBTQIAPIus', 'Comfy', 'Yapper']",['ProfanityVulgarity'],False
23,2025-04-02 16:01,BushCampDad,en,Fortnite,[DROPS ON] SUB GAMES WEDNESDAY! | USE CODE BUSHCAMPDAD #AD,"['camping', 'Bushcamper', 'treecamper', 'nokills', 'BadPlayerAlert', 'cantbuild', 'FamilyFriendly', 'English', 'wordsonstream', 'DropsEnabled']",[],False
23,2025-04-02 16:01,Ninja,en,Marvel Rivals,[DROPS ON] Rivals SZN | LAKERS IN 5 Retired from Fortnite,"['English', 'Ninja', 'BattleRoyale', 'Chapter6', 'YouKnowWhatsCrazy', 'LowTaperFade', 'ItsMassive', 'StillDraggingIt', 'SaveYourSkin', 'DropsEnabled']",[],False
23,2025-04-02 16:01,codebreaker,en,Overwatch 2,TOP 500 DPS | EARLY MORNING OW | CAT DAD OF 2 HERE FOR MY SHIFT!!,"['dps', 'chill', 'English']",[],False
23,2025-04-02 16:01,TypicalGamer,en,Fortnite,[DROPS ON] FREE x3 GUN WRAPS!! Watch 90 minutes to get them! 👑 TG PLAYS RANDOM CHALLENGES! (sleeping) 👑,"['English', 'PC', 'Multiplayer', 'PvP', 'Fortnite', 'DropsEnabled']",[],False
23,2025-04-02 16:01,Caedrel,en,League of Legends,🔴LOS RATONES COMPETITIVE SPRING SPLIT BEGINS - 2 BO1S -  6PM // 9PM !dpmlol !discord !displate,"['English', 'LPL', 'LCK', 'LEC']",[],False
23,2025-04-02 16:02,Beardageddon,en,Sea of Thieves,Beardageddon247 is the other guy !GS !prime !mobile,"['English', 'Casual', 'Interactive', 'ChatInteraction', 'PvP', 'PvE', 'chill', 'moderated', 'NoPolitics']",[],True
23,2025-04-02 16:02,JeniJenfred,de,The Sims 4,Wir BAUEN einen **Streichelzoo** mit dem NEUEN Business Pack für MEINE **Savefile**🐴🐥 [ Sims 4 ] !dc !yt !mods,"['LGBTQIAFriendlySpace', 'Deutsch', 'Cozy', 'LurkerFriendly', 'sims4', 'DieSims4', 'thesims4', 'gameplay', 'sims4build']",[],False
23,2025-04-02 16:02,malixa,en,The Sims 4,"🌷⋅♡ starting a NEW legacy - struck by love; gen 1, part 1 ‧₊˚ 🌷⋅♡ !eacode","['asian', 'modded', 'lgbtqiaplus', 'challenge', 'filipina', 'filipinaamerican', 'english', 'English', 'bisexual', 'EAPartner']",[],False
23,2025-04-02 16:02,ginaschee,de,The Sims 4,Family Business Legacy mit der Poppy! !anz !youtube,"['safespace', 'cozy', 'sims4', 'cozygames', 'cozystream', 'sims4gameplay', 'simsletsplay', 'deutsch', 'Deutsch']",[],False
24,2025-04-02 16:13,JaayMC,en,Minecraft,✨ Get the NEW Cape! | 🌎 Minecraft Survival! | 🌠 Partner Grind Streamathon (Day 9) 🌈 how are you?! | !cape !partner,"['Survival', 'LGBTQ', 'SafeSpace', 'Cape', 'Drops', 'PlayingWithViewers', 'Chill', 'SMP', 'subathon', 'Minecraft']",[],False
24,2025-04-02 16:13,BushCampDad,en,Fortnite,[DROPS ON] SUB GAMES WEDNESDAY! | USE CODE BUSHCAMPDAD #AD,"['camping', 'Bushcamper', 'treecamper', 'nokills', 'BadPlayerAlert', 'cantbuild', 'FamilyFriendly', 'English', 'wordsonstream', 'DropsEnabled']",[],False
24,2025-04-02 16:13,Caedrel,en,League of Legends,🔴LOS RATONES COMPETITIVE SPRING SPLIT BEGINS - 2 BO1S -  6PM // 9PM !dpmlol !discord !displate,"['English', 'LPL', 'LCK', 'LEC']",[],False
24,2025-04-02 16:13,Ninja,en,Marvel Rivals,[DROPS ON] Rivals SZN | LAKERS IN 5 Retired from Fortnite,"['English', 'Ninja', 'BattleRoyale', 'Chapter6', 'YouKnowWhatsCrazy', 'LowTaperFade', 'ItsMassive', 'StillDraggingIt', 'SaveYourSkin', 'DropsEnabled']",[],False
24,2025-04-02 16:13,TypicalGamer,en,Fortnite,[DROPS ON] FREE x3 GUN WRAPS!! Watch 90 minutes to get them! 👑 TG PLAYS RANDOM CHALLENGES! (sleeping) 👑,"['English', 'PC', 'Multiplayer', 'PvP', 'Fortnite', 'DropsEnabled']",[],False
24,2025-04-02 16:13,codebreaker,en,Overwatch 2,TOP 500 DPS | EARLY MORNING OW | CAT DAD OF 2 HERE FOR MY SHIFT!!,"['dps', 'chill', 'English']",[],False
24,2025-04-02 16:13,VoidMagnet,en,ROBLOX,[64x] FISCH WITH VIEWERS,"['English', 'Fisch']",[],True
24,2025-04-02 16:13,secret_0li,en,ROBLOX,💸 Type your username for FREE ROBUX 💸 | !ugc !user !group !socials !discord !lurk !watchtime,"['roblox', 'robux', 'freerobux', 'talking', 'plsdonate', 'freerbx', 'rbx', 'stream', 'robloxlive', 'vc']",[],False
24,2025-04-02 16:13,zinxlinkk,en,ROBLOX,PLS DONATE ROBUX GIVEAWAYS | ROBUX? POG? NOT FAT? | ✨NEW PC NEW ME✨ | ✨DAY #1000 OF BEING INCONSISTENT ✨ | !play !group !roblox,['English'],[],False
25,2025-04-02 16:22,Cibergun,es,Minecraft,EPICRAFTIA DIA 2  - Roger Smith [Cape Drops ON; Drop de la CAPA],"['minecraft', 'Permadeath', 'Epicraftia', 'Español', 'Recompensasdeespectador', 'drops']",[],False
25,2025-04-02 16:22,BushCampDad,en,Fortnite,[DROPS ON] SUB GAMES WEDNESDAY! | USE CODE BUSHCAMPDAD #AD,"['camping', 'Bushcamper', 'treecamper', 'nokills', 'BadPlayerAlert', 'cantbuild', 'FamilyFriendly', 'English', 'wordsonstream', 'DropsEnabled']",[],False
25,2025-04-02 16:22,JaayMC,en,Minecraft,✨ Get the NEW Cape! | 🌎 Minecraft Survival! | 🌠 Partner Grind Streamathon (Day 9) 🌈 how are you?! | !cape !partner,"['Survival', 'LGBTQ', 'SafeSpace', 'Cape', 'Drops', 'PlayingWithViewers', 'Chill', 'SMP', 'subathon', 'Minecraft']",[],False
25,2025-04-02 16:23,Philza,en,Minecraft,THE CRAFTMINE UPDATE!? • The Realm Later! • !merch !realm !map,"['English', 'distracted', 'British', 'Hardcore', 'chill', 'ViewerRewards']",[],False
25,2025-04-02 16:23,Caedrel,en,League of Legends,🔴LOS RATONES COMPETITIVE SPRING SPLIT BEGINS - 2 BO1S -  6PM // 9PM !dpmlol !discord !displate,"['English', 'LPL', 'LCK', 'LEC']",[],False
25,2025-04-02 16:23,codebreaker,en,Overwatch 2,TOP 500 DPS | EARLY MORNING OW | CAT DAD OF 2 HERE FOR MY SHIFT!!,"['dps', 'chill', 'English']",[],False
25,2025-04-02 16:23,Kyle,en,Schedule I,IM A DRUG DEALER @jennybeartv @blau,['English'],[],False
25,2025-04-02 16:23,neutreN,en,Grand Theft Auto V,💨 nightzoom 🔵,"['English', 'Racing', 'Roleplay', 'VarietyGamer', 'fps', 'ActionRPG', 'story', 'Platformers']",['MatureGame'],False
25,2025-04-02 16:23,Chatterbox,en,Grand Theft Auto V,Chatterbox | RP then REPO | NoPixel 4.0,['English'],['MatureGame'],False
26,2025-04-02 16:31,Cibergun,es,Minecraft,EPICRAFTIA DIA 2  - Roger Smith [Cape Drops ON; Drop de la CAPA],"['minecraft', 'Permadeath', 'Epicraftia', 'Español', 'Recompensasdeespectador', 'drops']",[],False
26,2025-04-02 16:31,JaayMC,en,Minecraft,✨ Get the NEW Cape! | 🌎 Minecraft Survival! | 🌠 Partner Grind Streamathon (Day 9) 🌈 how are you?! | !cape !partner,"['Survival', 'LGBTQ', 'SafeSpace', 'Cape', 'Drops', 'PlayingWithViewers', 'Chill', 'SMP', 'subathon', 'Minecraft']",[],False
26,2025-04-02 16:31,eckoxsoldier,en,Minecraft,🔴!DROPS || Minecraft Bedrock HARDCORE Luckyblock Survival with a twist! #PCGamePassPartner,"['English', 'ViewerRewards']",[],False
26,2025-04-02 16:31,BushCampDad,en,Fortnite,[DROPS ON] SUB GAMES WEDNESDAY! | USE CODE BUSHCAMPDAD #AD,"['camping', 'Bushcamper', 'treecamper', 'nokills', 'BadPlayerAlert', 'cantbuild', 'FamilyFriendly', 'English', 'wordsonstream', 'DropsEnabled']",[],False
26,2025-04-02 16:31,Caedrel,en,League of Legends,🔴LOS RATONES COMPETITIVE SPRING SPLIT BEGINS - 2 BO1S -  6PM // 9PM !dpmlol !discord !displate,"['English', 'LPL', 'LCK', 'LEC']",[],False
26,2025-04-02 16:31,TypicalGamer,en,Fortnite,[DROPS ON] FREE x3 GUN WRAPS!! Watch 90 minutes to get them! 👑 TG PLAYS RANDOM CHALLENGES! (sleeping) 👑,"['English', 'PC', 'Multiplayer', 'PvP', 'Fortnite', 'DropsEnabled']",[],False
26,2025-04-02 16:31,Skiesti,en,Overwatch 2,Game painful but at least I have LSF Mercy :) !NEWVID !rose !pugs | !mercyhelp !heroperks,"['ADHD', 'SafeSpace', 'Mercy', 'Interactive', 'Chill', 'Canadian', 'Educational', 'Support', 'ClosedCaptions', 'English']",[],False
26,2025-04-02 16:31,Flats,en,Just Chatting,"WATCHING NINTENDO DIRECT, REACT, RIVALS THEN MORE MC LATER! PACKED DAY !gamersupps !newYT !tiktok2",['English'],[],False
26,2025-04-02 16:31,Apply,en,Overwatch 2,🦆5V5 FACEIT RANKED PUGS🦆type glorp if you read this🦆 !PUGS,"['English', 'handsome']",[],False
27,2025-04-02 20:01,JaayMC,en,Minecraft,✨ Get the NEW Cape! | 🌎Hypixel Bedwars + more! | 🌠 Partner Grind Streamathon (Day 9) 🌈 how are you?! | !cape !partner,"['Survival', 'LGBTQ', 'SafeSpace', 'Cape', 'Drops', 'PlayingWithViewers', 'Chill', 'SMP', 'subathon', 'Minecraft']",[],False
27,2025-04-02 20:01,Dantes,en,League of Legends,STILL BANNED - NEW ACC TRYHARD,['English'],[],False
27,2025-04-02 20:01,TypicalGamer,en,Fortnite,[DROPS ON] FREE x3 GUN WRAPS!! Watch 90 minutes to get them! 👑 TG PLAYS RANDOM CHALLENGES! (sleeping) 👑,"['English', 'PC', 'Multiplayer', 'PvP', 'Fortnite', 'DropsEnabled']",[],False
27,2025-04-02 20:01,Clix,en,Fortnite,🏆 [DROPS ON] IM BALD | WINNING FNCS DIV 1 LETS GOO 🏆,"['English', 'DropsEnabled']",[],False
27,2025-04-02 20:01,BushCampDad,en,Fortnite,[DROPS ON] SUB GAMES WEDNESDAY! | USE CODE BUSHCAMPDAD #AD,"['camping', 'Bushcamper', 'treecamper', 'nokills', 'BadPlayerAlert', 'cantbuild', 'FamilyFriendly', 'English', 'wordsonstream', 'DropsEnabled']",[],False
27,2025-04-02 20:01,rayasianboy,en,Just Chatting,CAR REVEAL 🚗FIXING MY WALL🚙,"['English', 'Taiwan', 'AMP', 'Ray']",[],False
27,2025-04-02 20:02,Train_9,es,Grand Theft Auto V,FAMILY RP | JAVI GARCIA | THE GHOST | + 🔞 | !tier !redes !discord !FamilyRP @train_9,"['Español', 'Train', 'gta', 'GTAV', 'Roleplay']",['MatureGame'],True
27,2025-04-02 20:02,DessT3,es,Grand Theft Auto V,HARRY DAM |  HOY ES EL DIA... NO QUEDA OTRA QUE TENER QUE HACERLO |  SPAIN RP,"['conducción', 'música', 'Gta', 'Español', 'desst3', 'Dess', 'Rolplay', 'SpainRP']",['MatureGame'],False
27,2025-04-02 20:02,auronplay_offline777,es,Just Chatting,Auronplay Juega Among Us con AMIGOS RANCIOS! *reaccion*,"['auronplay', 'auron', 'offline', 'amongus', 'gtav', 'fortnite', 'reaccion', 'minecraft', 'Español']",[],False
28,2025-04-02 20:11,JaayMC,en,Minecraft,✨ Get the NEW Cape! | 🌎Hypixel Bedwars + more! | 🌠 Partner Grind Streamathon (Day 9) 🌈 how are you?! | !cape !partner,"['Survival', 'LGBTQ', 'SafeSpace', 'Cape', 'Drops', 'PlayingWithViewers', 'Chill', 'SMP', 'subathon', 'Minecraft']",[],False
28,2025-04-02 20:11,BushCampDad,en,Fortnite,[DROPS ON] SUB GAMES WEDNESDAY! | USE CODE BUSHCAMPDAD #AD,"['camping', 'Bushcamper', 'treecamper', 'nokills', 'BadPlayerAlert', 'cantbuild', 'FamilyFriendly', 'English', 'wordsonstream', 'DropsEnabled']",[],False
28,2025-04-02 20:11,TypicalGamer,en,Fortnite,[DROPS ON] FREE x3 GUN WRAPS!! Watch 90 minutes to get them! 👑 TG PLAYS RANDOM CHALLENGES! (sleeping) 👑,"['English', 'PC', 'Multiplayer', 'PvP', 'Fortnite', 'DropsEnabled']",[],False
28,2025-04-02 20:11,Clix,en,Fortnite,🏆 [DROPS ON] IM BALD | WINNING FNCS DIV 1 LETS GOO 🏆,"['English', 'DropsEnabled']",[],False
28,2025-04-02 20:11,KaiCenat,en,Just Chatting,☀️TODAY GONNA BE A GOOD DAY☀️EARLY STREAM,"['English', 'ADHD', 'LOUD', 'gaming', 'AMP']",[],False
28,2025-04-02 20:11,Sigy,en,Sea of Thieves,🔴23/100 days in a row🔴,['English'],[],True
28,2025-04-02 20:11,Eastahh,en,Counter-Strike,🤠 FACEIT LVL 6 NEXT 🤠 !YOUTUBE !SOCIALS,['English'],['MatureGame'],False
28,2025-04-02 20:11,amorecs2,en,Counter-Strike,I NEED STARS! !7tv !discord !twitter,"['fps', 'english', 'csgo', 'handsome', 'English']",['MatureGame'],False
28,2025-04-02 20:11,itssibaby,es,Counter-Strike,streamer tóxico - solo only,"['fps', 'Español', 'CS2', 'spanish']",['MatureGame'],False
29,2025-04-03 04:01,BushCampDad,en,Fortnite,"[DROPS ON] COME PLAY ""BUSHCAMPISLAND"" ON NAE! BCD IS AFK | USE CODE BUSHCAMPDAD #AD","['camping', 'Bushcamper', 'treecamper', 'nokills', 'BadPlayerAlert', 'cantbuild', 'FamilyFriendly', 'English', 'wordsonstream', 'DropsEnabled']",[],False
29,2025-04-03 04:01,August,en,Overwatch 2,🔴TOP 500 SUPPORTING🔴Back from my break! I did not pay attention to anything Overwatch for 8 days wowza.,"['Kiriko', 'Support', 'ADHD', 'Anime', 'Top500', 'English', 'Ana', 'Juno']",[],False
29,2025-04-03 04:01,LeooKnightus,en,Minecraft,[DROPS] Just Mining on Play.Blossomcraft.Org,"['Minecraft', 'BlossomCraft', 'English', 'drops', 'Variety', 'SMP', 'ViewerRewards']",[],True
29,2025-04-03 04:01,TypicalGamer,en,Fortnite,[DROPS ON] FREE x3 GUN WRAPS!! 👑 TG PLAYS CLASSICS! (sleeping) 👑,"['English', 'PC', 'Multiplayer', 'PvP', 'Fortnite', 'DropsEnabled']",[],False
29,2025-04-03 04:01,Nautilifts,en,Marvel Rivals,[!DROPS] BRUCE BANNER MAIN plays MARVEL RIVALS - CELEST GRIND || long stream! - !discord !TikTok,"['English', 'chill', 'aura', 'mauga', 'Marvel', 'marvelrivals', 'DropsEnabled']",[],True
29,2025-04-03 04:02,Beardageddon,en,Sea of Thieves,Beardageddon247 is the other guy !GS !prime !mobile,"['English', 'Casual', 'Interactive', 'ChatInteraction', 'PvP', 'PvE', 'chill', 'moderated', 'NoPolitics']",[],True
29,2025-04-03 04:02,Faustography,en,EA Sports FC 25,1 WIN FOR ELITE REWARDS | R9 SAVE US,"['English', 'R9', 'brazil']",[],False
29,2025-04-03 04:02,AdidaFC,en,EA Sports FC 25,#1 NA PRO TOP 10 ELITE RIVALS @yagifc__ | !4213 !451,"['English', 'EAFC', 'EAFC25', 'FIFA', 'PRO', 'EASPORTSFC', 'FC25', 'fc25']",[],False
29,2025-04-03 04:02,Bugs,en,EA Sports FC 25,(#1 WORLD) REWARDS NIGHT! HERE WE GO!,['English'],[],False
30,2025-04-03 12:01,SypherPK,en,Fortnite,(!DROPS ON) FINAL DAY FOR FREE GUN WRAPS - Watch for 90 minutes to claim! | !giveaway !rocketwars,"['PvP', 'Multiplayer', 'English', 'battleroyale', 'Fortnite', 'DropsEnabled']",[],False
30,2025-04-03 12:01,thefreddymc,en,Minecraft,🚨 GET YOUR CAPE HERE 🚨 YAPRUNNING 🚨 TRYING TO BEAT 35:00 MINUTES 🚨 YAPLIENS UNITE 👽🖖,"['English', 'ViewerRewards']",[],False
30,2025-04-03 12:01,TypicalGamer,en,Fortnite,[DROPS ON] FREE x3 GUN WRAPS!! 👑 TG PLAYS CLASSICS! (sleeping) 👑,"['English', 'PC', 'Multiplayer', 'PvP', 'Fortnite', 'DropsEnabled']",[],False
30,2025-04-03 12:01,BushCampDad,en,Fortnite,[DROPS ON] OG RANKED AND ZB PUBS DOMINATION! | USE CODE BUSHCAMPDAD #AD,"['camping', 'Bushcamper', 'treecamper', 'nokills', 'BadPlayerAlert', 'cantbuild', 'FamilyFriendly', 'English', 'wordsonstream', 'DropsEnabled']",[],False
30,2025-04-03 12:02,JonBams,en,Minecraft,DROPS! | MadPack 5: Salty Shores,"['English', 'ViewerRewards']",['ProfanityVulgarity'],False
30,2025-04-03 12:02,Caedrel,en,League of Legends,🔴LOS RATONES SCRIMS LEARNING THE NEW PATCH BIG PACEEEEEEEEE !dpmlol !discord !displate,"['English', 'LPL', 'LCK', 'LEC']",[],False
30,2025-04-03 12:02,Dexsa__,en,Minecraft,🎁DROPS CAPE🎁 SERVER APPLICATIONS !server ATM10 Modded Minecraft - Come chill and chat!!,"['English', 'solo', 'chill', 'minecraft', 'ModdedMinecraftSurvival', 'modded', 'atm10', 'Chattingstream', 'drops', 'ViewerRewards']",[],False
30,2025-04-03 12:02,HiProportion,en,Minecraft,DROPS ON! NEW CAPE AND MINECRAFT UPDATE!,"['English', 'minecraft', 'cape', 'homecape', 'homecape', 'minecraftmovie', 'hiproportion', 'ViewerRewards']",[],False
30,2025-04-03 12:02,HenriqueOph,pt,Minecraft,DROP DE CAPA ATIVO DIGITE: !CAPA =HARDCORE 250 DIAS EP 14,"['Português', 'minecraft', 'Hardcore', 'HardMode', 'sobrevivencia', '1VIDA', 'hardcoregamer', 'Singlerplayer', 'MINEDROP', 'TIKTOKCAPA']",[],False
31,2025-04-03 12:12,SypherPK,en,Fortnite,(!DROPS ON) FINAL DAY FOR FREE GUN WRAPS - Watch for 90 minutes to claim! | !giveaway !rocketwars,"['PvP', 'Multiplayer', 'English', 'battleroyale', 'Fortnite', 'DropsEnabled']",[],False
31,2025-04-03 12:12,JonBams,en,Minecraft,DROPS! | MadPack 5: Salty Shores,"['English', 'ViewerRewards']",['ProfanityVulgarity'],False
31,2025-04-03 12:12,thefreddymc,en,Minecraft,🚨 GET YOUR CAPE HERE 🚨 YAPRUNNING 🚨 TRYING TO BEAT 35:00 MINUTES 🚨 YAPLIENS UNITE 👽🖖,"['English', 'ViewerRewards']",[],False
31,2025-04-03 12:12,TypicalGamer,en,Fortnite,[DROPS ON] FREE x3 GUN WRAPS!! 👑 TG PLAYS CLASSICS! (sleeping) 👑,"['English', 'PC', 'Multiplayer', 'PvP', 'Fortnite', 'DropsEnabled']",[],False
31,2025-04-03 12:12,BushCampDad,en,Fortnite,[DROPS ON] OG RANKED AND ZB PUBS DOMINATION! | USE CODE BUSHCAMPDAD #AD,"['camping', 'Bushcamper', 'treecamper', 'nokills', 'BadPlayerAlert', 'cantbuild', 'FamilyFriendly', 'English', 'wordsonstream', 'DropsEnabled']",[],False
31,2025-04-03 12:12,Emongg,en,Overwatch 2,OVERWATCH 2 GAMING,['English'],[],False
31,2025-04-03 12:12,Trottah,en,Counter-Strike,Complexity vs Passion UA | Best of 1 | !maps | YaLLa Compass Qatar - Closed Qualifier | @Trottah,"['English', 'competitve', 'ECL', 'ESL', 'ESEA', 'hltv', 'CS2']",['MatureGame'],False
31,2025-04-03 12:12,compass_cs2b,en,Counter-Strike,YaLLa Compass Qatar 2025 | Closed Qualifier | ENCE vs Nexus,['English'],['MatureGame'],False
31,2025-04-03 12:13,dima_wallhacks,en,Schedule I,🔴 TRYING SCHEDULE I w/ @renyan & @FiRE2k__ 🔴 !map !disability !skinsmonkey,"['140IQ', 'English', 'ASMR', 'forsen']",['MatureGame'],False
32,2025-04-03 12:22,SypherPK,en,Fortnite,(!DROPS ON) FINAL DAY FOR FREE GUN WRAPS - Watch for 90 minutes to claim! | !giveaway !rocketwars,"['PvP', 'Multiplayer', 'English', 'battleroyale', 'Fortnite', 'DropsEnabled']",[],False
32,2025-04-03 12:22,JonBams,en,Minecraft,DROPS! | MadPack 5: Salty Shores,"['English', 'ViewerRewards']",['ProfanityVulgarity'],False
32,2025-04-03 12:22,thefreddymc,en,Minecraft,🚨 GET YOUR CAPE HERE 🚨 YAPRUNNING 🚨 TRYING TO BEAT 35:00 MINUTES 🚨 YAPLIENS UNITE 👽🖖,"['English', 'ViewerRewards']",[],False
32,2025-04-03 12:22,TypicalGamer,en,Fortnite,[DROPS ON] FREE x3 GUN WRAPS!! 👑 TG PLAYS CLASSICS! (sleeping) 👑,"['English', 'PC', 'Multiplayer', 'PvP', 'Fortnite', 'DropsEnabled']",[],False
32,2025-04-03 12:22,BushCampDad,en,Fortnite,[DROPS ON] OG RANKED AND ZB PUBS DOMINATION! | USE CODE BUSHCAMPDAD #AD,"['camping', 'Bushcamper', 'treecamper', 'nokills', 'BadPlayerAlert', 'cantbuild', 'FamilyFriendly', 'English', 'wordsonstream', 'DropsEnabled']",[],False
32,2025-04-03 12:22,Emongg,en,Overwatch 2,OVERWATCH 2 GAMING,['English'],[],False
32,2025-04-03 12:22,SypherPKVODS,en,Fortnite,DROPS ON | OFFICIAL 24/7 SYPHERPK CHANNEL,"['English', 'Rerun', 'BattlelRoyale', 'sypherpk', 'Fortnite', 'DropsEnabled']",[],False
32,2025-04-03 12:22,HappyHappyGal_Offline,en,Fortnite,HAPPYHAPPYGAL WAITING ROOM | DONT SUB HERE,"['happyhappygal', 'fortnite', 'Loserfruit', 'chica', 'English', 'DropsEnabled']",[],False
32,2025-04-03 12:23,ClixOffline,en,Fortnite,🔴OFFICIAL CLIX WAITING ROOM🔴,"['English', 'Fortnite', 'Clix', 'Lacy', 'StableRonaldo', 'XSET', 'FaZe', 'Vtuber', 'DropsEnabled']",[],False
33,2025-04-03 16:01,thefreddymc,en,Minecraft,🚨 GET YOUR CAPE HERE 🚨 YAPRUNNING 🚨 TRYING TO BEAT 35:00 MINUTES 🚨 YAPLIENS UNITE 👽🖖,"['English', 'ViewerRewards']",[],False
33,2025-04-03 16:02,BushCampDad,en,Fortnite,[DROPS ON] OG RANKED AND ZB PUBS DOMINATION! | USE CODE BUSHCAMPDAD #AD,"['camping', 'Bushcamper', 'treecamper', 'nokills', 'BadPlayerAlert', 'cantbuild', 'FamilyFriendly', 'English', 'wordsonstream', 'DropsEnabled']",[],False
33,2025-04-03 16:02,TypicalGamer,en,Fortnite,[DROPS ON] FREE x3 GUN WRAPS!! 👑 TG PLAYS CLASSICS! (sleeping) 👑,"['English', 'PC', 'Multiplayer', 'PvP', 'Fortnite', 'DropsEnabled']",[],False
33,2025-04-03 16:02,SypherPK,en,Marvel Rivals,(!DROPS ON) SOLO QUEUE DPS ONLY | !giveaway !rocketwars,"['PvP', 'Multiplayer', 'English', 'battleroyale', 'Fortnite', 'DropsEnabled']",[],False
33,2025-04-03 16:02,MrSavage,en,Fortnite,TRIO FNCS 2025 | DROPS ON !HALLUCINA !CROSSHAIR !PING,"['English', 'vogue', 'model', 'DropsEnabled']",[],False
33,2025-04-03 16:02,TimTheTatman,en,Call of Duty: Warzone,DROPS ON - TIMTHETATMAN RETURNS TO VERDANSK WITH CLOAKZY/NICKMERCS,"['English', 'DropsEnabled']",['MatureGame'],False
33,2025-04-03 16:02,humzh,en,League of Legends,☪ 9Yrs Challenger EU/KR/NA😈 !coaching,['English'],[],False
33,2025-04-03 16:02,Phantasm__,en,League of Legends,🟣RANK 4 1653LP AKSHANING ( Tristana later )🟣 !operagx !discord !links !runes,['English'],[],False
33,2025-04-03 16:02,Dealersz,en,League of Legends,"EUW CHALLENGER DRAVEN MAIN | Born to play Kalista, forced to play Draven.","['Draven', 'Challenger', 'Karthus', 'Adc', 'Grandmaster', 'English', 'EUW']",[],False
34,2025-04-03 20:02,BushCampDad,en,Fortnite,[DROPS ON] OG RANKED AND ZB PUBS DOMINATION! | USE CODE BUSHCAMPDAD #AD,"['camping', 'Bushcamper', 'treecamper', 'nokills', 'BadPlayerAlert', 'cantbuild', 'FamilyFriendly', 'English', 'wordsonstream', 'DropsEnabled']",[],False
34,2025-04-03 20:02,silvermist305,en,Overwatch 2,"I'm Just A Girl: Payload Moving, Thoughts Are Not 🧚🏻‍♀️😅","['gamergirl', 'CuteStreamer', 'LiveChatting', 'interactiveStreamer', 'girlstreamer', 'TalkingwithViewer', 'WomenGamers', 'womenoftwitch', 'asiangirl', 'marvelrivals']",[],False
34,2025-04-03 20:02,Wanderwisp,en,Minecraft,[CAPE DROP] I'M BACK | Hardcore [Day 274],"['English', 'SafeSpace', 'LGBTQIAPlus', 'ADHD', 'minecraft', 'Hardcore', 'chill', 'Chatty', 'ViewerRewards']",[],False
34,2025-04-03 20:03,TypicalGamer,en,Fortnite,[DROPS ON] FREE x3 GUN WRAPS!! 👑 TG PLAYS CLASSICS! (sleeping) 👑,"['English', 'PC', 'Multiplayer', 'PvP', 'Fortnite', 'DropsEnabled']",[],False
34,2025-04-03 20:03,bradenrds,en,Minecraft,🟦!CAPE !DROP | Every FOLLOW = RESET Minecraft Only Up🟦!discord !tts,"['English', 'funny', 'doors', 'doorsroblox', 'hilarious', 'PlayingwithViewers', 'Partnered', 'SMP', 'DrPepperLover', 'ViewerRewards']",[],False
34,2025-04-03 20:03,thefreddymc,en,R.E.P.O.,dont click on this stream,['English'],[],False
34,2025-04-03 20:03,soydanielpiedra,es,Minecraft,Capa Home Azul de Minecraft  La Película,"['gamepass', 'español', 'xbox', 'Español', 'minecraft', 'Minecraft', 'capa', 'home', 'drops', 'Recompensasdeespectador']",[],False
34,2025-04-03 20:03,miexoo,de,Minecraft,🔴 FREE MINECRAFT CAPE - !drops 🔴 SUB = NO ADS 🔴 [ @Verku @deledettv ],"['Deutsch', 'English', 'Español', 'Zuschauerbelohnungen', 'Русский', 'Polski', '日本語', '中国人', 'DropsEnabled']",[],False
34,2025-04-03 20:03,alossito,es,Minecraft,[DROPS ACTIVADOS]🟩PANCETALAND🟫 Servidor para suscriptores || Minecraft || EP 12 !modpack !ip,"['Español', 'humor', 'minecraft', 'minecraftespañol', 'minecraftcontent', 'MinecraftJavaEditon', 'minecraftmods', 'minecraftsurivial', 'Recompensasdeespectador']",[],False
35,2025-04-04 08:01,SypherPK,en,Fortnite,(!DROPS ON) NEW FREE EMOTE - WATCH FOR 2 HOURS TO CLAIM (RERUN) | !progress !connect,"['PvP', 'Multiplayer', 'English', 'battleroyale', 'Fortnite', 'DropsEnabled']",[],False
35,2025-04-04 08:01,TypicalGamer,en,Fortnite,[DROPS ON] FREE EMOTE!! *WATCH 2 HOURS TO CLAIM* (FNCS Replay),"['English', 'PC', 'Multiplayer', 'PvP', 'Fortnite', 'DropsEnabled']",[],False
35,2025-04-04 08:01,YetrTV,en,Minecraft,Playing Hypixel Bedwars - Minecraft Home CAPE - Minecraft Menace Cape !cape,"['English', 'Minecraft', 'trial', 'mask', 'cape', 'minecraft', 'YearnCape', 'menacecape', 'homecape', 'ViewerRewards']",[],False
35,2025-04-04 08:02,Oatley,en,Fortnite,"(!DROPS ON) OCE SOLO CASH CUP | Code ""Oatley"" #ad | !socials !youtube !delay","['FamilyFriendly', 'Fortnite', 'BattleRoyale', 'Multiplayer', 'Competitive', 'Professional', 'Positivity', 'PC', 'English', 'DropsEnabled']",[],False
35,2025-04-04 08:02,BushCampDad,en,Fortnite,[DROPS ON] BCD IS AFK | USE CODE BUSHCAMPDAD #AD,"['camping', 'Bushcamper', 'treecamper', 'nokills', 'BadPlayerAlert', 'cantbuild', 'FamilyFriendly', 'English', 'wordsonstream', 'DropsEnabled']",[],False
35,2025-04-04 08:03,GURU,en,Marvel Rivals,[🔥DROPS BACK🔥] RANK 1 PUSH,"['Educational', 'English', 'tank', 'top500', 'Coaching', 'DropsEnabled']",[],False
35,2025-04-04 08:03,saloodz,en,Fortnite,Drops are ON !drops | SUB GAMES |  !playlist !miniloodz !drums,"['English', 'AsianAmerican', 'Chatting', 'Solos', 'facecam', 'handcam', 'Ranked', 'ZeroBuildFortnite', 'ZeroBuild', 'builds']",[],False
35,2025-04-04 08:03,Nariko_Asano,en,Fortnite,💕DROPS ON💕ZB SQUAD WINS W/ FOLLOWERS🏆!join TO JOIN QUEUE🏆BE A PART OF THE NANO COMMUNITY✨!discord✨,"['Vtuber', 'Female', 'English', 'girl', 'GameswithViewers', 'gameswithfollowers', 'Fortnite', 'wholesome', 'FamilyFriendly', 'DropsEnabled']",[],False
35,2025-04-04 08:04,jarrszn,en,Fortnite,.,"['English', 'dancing', 'fun', 'funnystream', 'funnystream', 'WelcomeEveryone', 'DropsEnabled']",[],False
